solid CATIA STL
  facet normal  -0.000000e+000  -0.000000e+000 -1.000000e+000
    outer loop
      vertex -3.114701e+001 -5.605759e+000  4.001443e+001
      vertex -3.067771e+001 -5.642694e+000  4.001443e+001
      vertex -3.021996e+001 -5.752589e+000  4.001443e+001
    endloop
  endfacet
  facet normal  -0.000000e+000  -0.000000e+000 -1.000000e+000
    outer loop
      vertex -3.114701e+001 -5.605759e+000  4.001443e+001
      vertex -3.021996e+001 -5.752589e+000  4.001443e+001
      vertex -2.978504e+001 -5.932739e+000  4.001443e+001
    endloop
  endfacet
  facet normal  -0.000000e+000  -0.000000e+000 -1.000000e+000
    outer loop
      vertex -3.114701e+001 -5.605759e+000  4.001443e+001
      vertex -2.978504e+001 -5.932739e+000  4.001443e+001
      vertex -2.938366e+001 -6.178708e+000  4.001443e+001
    endloop
  endfacet
  facet normal  -0.000000e+000  -0.000000e+000 -1.000000e+000
    outer loop
      vertex -3.114701e+001 -5.605759e+000  4.001443e+001
      vertex -2.938366e+001 -6.178708e+000  4.001443e+001
      vertex -2.902569e+001 -6.484438e+000  4.001443e+001
    endloop
  endfacet
  facet normal  -0.000000e+000  -0.000000e+000 -9.999999e-001
    outer loop
      vertex -3.114701e+001 -5.605759e+000  4.001443e+001
      vertex -2.902569e+001 -6.484438e+000  4.001443e+001
      vertex -2.871996e+001 -6.842403e+000  4.001443e+001
    endloop
  endfacet
  facet normal  -0.000000e+000  -0.000000e+000 -1.000000e+000
    outer loop
      vertex -3.114701e+001 -5.605759e+000  4.001443e+001
      vertex -2.871996e+001 -6.842403e+000  4.001443e+001
      vertex -2.847400e+001 -7.243787e+000  4.001443e+001
    endloop
  endfacet
  facet normal  -0.000000e+000  -0.000000e+000 -1.000000e+000
    outer loop
      vertex -3.114701e+001 -5.605759e+000  4.001443e+001
      vertex -2.847400e+001 -7.243787e+000  4.001443e+001
      vertex -2.829385e+001 -7.678708e+000  4.001443e+001
    endloop
  endfacet
  facet normal  -0.000000e+000  -0.000000e+000 -1.000000e+000
    outer loop
      vertex -3.114701e+001 -5.605759e+000  4.001443e+001
      vertex -2.829385e+001 -7.678708e+000  4.001443e+001
      vertex -2.818395e+001 -8.136456e+000  4.001443e+001
    endloop
  endfacet
  facet normal  -0.000000e+000  -0.000000e+000 -1.000000e+000
    outer loop
      vertex -3.114701e+001 -5.605759e+000  4.001443e+001
      vertex -2.818395e+001 -8.136456e+000  4.001443e+001
      vertex -2.814701e+001 -8.605759e+000  4.001443e+001
    endloop
  endfacet
  facet normal  -0.000000e+000  -0.000000e+000 -1.000000e+000
    outer loop
      vertex -3.114701e+001 -5.605759e+000  4.001443e+001
      vertex -2.814701e+001 -8.605759e+000  4.001443e+001
      vertex -2.814701e+001 -1.860576e+001  4.001443e+001
    endloop
  endfacet
  facet normal  0.000000e+000  0.000000e+000 -1.000000e+000
    outer loop
      vertex -3.114701e+001 -5.605759e+000  4.001443e+001
      vertex -2.814701e+001 -1.860576e+001  4.001443e+001
      vertex -3.334702e+001 -1.356157e+001  4.001443e+001
    endloop
  endfacet
  facet normal  0.000000e+000  0.000000e+000 -1.000000e+000
    outer loop
      vertex -3.114701e+001 -5.605759e+000  4.001443e+001
      vertex -3.334702e+001 -1.356157e+001  4.001443e+001
      vertex -3.338635e+001 -1.318733e+001  4.001443e+001
    endloop
  endfacet
  facet normal  0.000000e+000  0.000000e+000 -1.000000e+000
    outer loop
      vertex -3.114701e+001 -5.605759e+000  4.001443e+001
      vertex -3.338635e+001 -1.318733e+001  4.001443e+001
      vertex -3.350263e+001 -1.282945e+001  4.001443e+001
    endloop
  endfacet
  facet normal  0.000000e+000  0.000000e+000 -1.000000e+000
    outer loop
      vertex -3.114701e+001 -5.605759e+000  4.001443e+001
      vertex -3.350263e+001 -1.282945e+001  4.001443e+001
      vertex -3.369078e+001 -1.250356e+001  4.001443e+001
    endloop
  endfacet
  facet normal  0.000000e+000  0.000000e+000 -1.000000e+000
    outer loop
      vertex -3.114701e+001 -5.605759e+000  4.001443e+001
      vertex -3.369078e+001 -1.250356e+001  4.001443e+001
      vertex -3.394258e+001 -1.222391e+001  4.001443e+001
    endloop
  endfacet
  facet normal  0.000000e+000  0.000000e+000 -1.000000e+000
    outer loop
      vertex -3.114701e+001 -5.605759e+000  4.001443e+001
      vertex -3.394258e+001 -1.222391e+001  4.001443e+001
      vertex -3.424701e+001 -1.200273e+001  4.001443e+001
    endloop
  endfacet
  facet normal  0.000000e+000  0.000000e+000 -9.999999e-001
    outer loop
      vertex -3.114701e+001 -5.605759e+000  4.001443e+001
      vertex -3.424701e+001 -1.200273e+001  4.001443e+001
      vertex -3.459079e+001 -1.184967e+001  4.001443e+001
    endloop
  endfacet
  facet normal  0.000000e+000  0.000000e+000 -1.000000e+000
    outer loop
      vertex -3.114701e+001 -5.605759e+000  4.001443e+001
      vertex -3.459079e+001 -1.184967e+001  4.001443e+001
      vertex -3.495886e+001 -1.177143e+001  4.001443e+001
    endloop
  endfacet
  facet normal  0.000000e+000  0.000000e+000 -1.000000e+000
    outer loop
      vertex -3.114701e+001 -5.605759e+000  4.001443e+001
      vertex -3.495886e+001 -1.177143e+001  4.001443e+001
      vertex -3.533517e+001 -1.177143e+001  4.001443e+001
    endloop
  endfacet
  facet normal  -0.000000e+000  0.000000e+000 -1.000000e+000
    outer loop
      vertex -3.114701e+001 -5.605759e+000  4.001443e+001
      vertex -3.533517e+001 -1.177143e+001  4.001443e+001
      vertex -3.570325e+001 -1.184967e+001  4.001443e+001
    endloop
  endfacet
  facet normal  -0.000000e+000  0.000000e+000 -1.000000e+000
    outer loop
      vertex -3.114701e+001 -5.605759e+000  4.001443e+001
      vertex -3.570325e+001 -1.184967e+001  4.001443e+001
      vertex -3.604702e+001 -1.200273e+001  4.001443e+001
    endloop
  endfacet
  facet normal  -0.000000e+000  0.000000e+000 -1.000000e+000
    outer loop
      vertex -3.114701e+001 -5.605759e+000  4.001443e+001
      vertex -3.604702e+001 -1.200273e+001  4.001443e+001
      vertex -3.635145e+001 -1.222391e+001  4.001443e+001
    endloop
  endfacet
  facet normal  -0.000000e+000  0.000000e+000 -1.000000e+000
    outer loop
      vertex -3.114701e+001 -5.605759e+000  4.001443e+001
      vertex -3.635145e+001 -1.222391e+001  4.001443e+001
      vertex -3.660324e+001 -1.250356e+001  4.001443e+001
    endloop
  endfacet
  facet normal  -0.000000e+000  0.000000e+000 -1.000000e+000
    outer loop
      vertex -3.334702e+001 -1.356157e+001  4.001443e+001
      vertex -2.814701e+001 -1.860576e+001  4.001443e+001
      vertex -2.818395e+001 -1.907506e+001  4.001443e+001
    endloop
  endfacet
  facet normal  -0.000000e+000  0.000000e+000 -1.000000e+000
    outer loop
      vertex -3.334702e+001 -1.356157e+001  4.001443e+001
      vertex -2.818395e+001 -1.907506e+001  4.001443e+001
      vertex -2.829385e+001 -1.953281e+001  4.001443e+001
    endloop
  endfacet
  facet normal  -0.000000e+000  0.000000e+000 -1.000000e+000
    outer loop
      vertex -3.334702e+001 -1.356157e+001  4.001443e+001
      vertex -2.829385e+001 -1.953281e+001  4.001443e+001
      vertex -2.847400e+001 -1.996773e+001  4.001443e+001
    endloop
  endfacet
  facet normal  -0.000000e+000  0.000000e+000 -1.000000e+000
    outer loop
      vertex -3.334702e+001 -1.356157e+001  4.001443e+001
      vertex -2.847400e+001 -1.996773e+001  4.001443e+001
      vertex -2.871996e+001 -2.036911e+001  4.001443e+001
    endloop
  endfacet
  facet normal  -0.000000e+000  0.000000e+000 -1.000000e+000
    outer loop
      vertex -3.334702e+001 -1.356157e+001  4.001443e+001
      vertex -2.871996e+001 -2.036911e+001  4.001443e+001
      vertex -2.902569e+001 -2.072708e+001  4.001443e+001
    endloop
  endfacet
  facet normal  -0.000000e+000  0.000000e+000 -1.000000e+000
    outer loop
      vertex -3.334702e+001 -1.356157e+001  4.001443e+001
      vertex -2.902569e+001 -2.072708e+001  4.001443e+001
      vertex -2.938366e+001 -2.103281e+001  4.001443e+001
    endloop
  endfacet
  facet normal  -0.000000e+000  0.000000e+000 -1.000000e+000
    outer loop
      vertex -3.334702e+001 -1.356157e+001  4.001443e+001
      vertex -2.938366e+001 -2.103281e+001  4.001443e+001
      vertex -2.978504e+001 -2.127878e+001  4.001443e+001
    endloop
  endfacet
  facet normal  -0.000000e+000  0.000000e+000 -1.000000e+000
    outer loop
      vertex -3.334702e+001 -1.356157e+001  4.001443e+001
      vertex -2.978504e+001 -2.127878e+001  4.001443e+001
      vertex -3.021996e+001 -2.145893e+001  4.001443e+001
    endloop
  endfacet
  facet normal  -0.000000e+000  0.000000e+000 -1.000000e+000
    outer loop
      vertex -3.334702e+001 -1.356157e+001  4.001443e+001
      vertex -3.021996e+001 -2.145893e+001  4.001443e+001
      vertex -3.067771e+001 -2.156882e+001  4.001443e+001
    endloop
  endfacet
  facet normal  -0.000000e+000  0.000000e+000 -1.000000e+000
    outer loop
      vertex -3.334702e+001 -1.356157e+001  4.001443e+001
      vertex -3.067771e+001 -2.156882e+001  4.001443e+001
      vertex -3.114701e+001 -2.160576e+001  4.001443e+001
    endloop
  endfacet
  facet normal  -0.000000e+000  0.000000e+000 -1.000000e+000
    outer loop
      vertex -5.186987e+001 -5.605759e+000  4.001443e+001
      vertex -3.114701e+001 -5.605759e+000  4.001443e+001
      vertex -3.660324e+001 -1.250356e+001  4.001443e+001
    endloop
  endfacet
  facet normal  -0.000000e+000  0.000000e+000 -1.000000e+000
    outer loop
      vertex -5.186987e+001 -5.605759e+000  4.001443e+001
      vertex -3.660324e+001 -1.250356e+001  4.001443e+001
      vertex -3.679140e+001 -1.282945e+001  4.001443e+001
    endloop
  endfacet
  facet normal  -0.000000e+000  0.000000e+000 -1.000000e+000
    outer loop
      vertex -5.186987e+001 -5.605759e+000  4.001443e+001
      vertex -3.679140e+001 -1.282945e+001  4.001443e+001
      vertex -3.690768e+001 -1.318733e+001  4.001443e+001
    endloop
  endfacet
  facet normal  -0.000000e+000  0.000000e+000 -1.000000e+000
    outer loop
      vertex -5.186987e+001 -5.605759e+000  4.001443e+001
      vertex -3.690768e+001 -1.318733e+001  4.001443e+001
      vertex -3.694701e+001 -1.356157e+001  4.001443e+001
    endloop
  endfacet
  facet normal  0.000000e+000  0.000000e+000 -1.000000e+000
    outer loop
      vertex -5.186987e+001 -5.605759e+000  4.001443e+001
      vertex -3.694701e+001 -1.356157e+001  4.001443e+001
      vertex -5.186987e+001 -7.805759e+000  4.001443e+001
    endloop
  endfacet
  facet normal  0.000000e+000  0.000000e+000 -1.000000e+000
    outer loop
      vertex -3.114701e+001 -2.160576e+001  4.001443e+001
      vertex -3.660324e+001 -1.461959e+001  4.001443e+001
      vertex -3.635145e+001 -1.489923e+001  4.001443e+001
    endloop
  endfacet
  facet normal  0.000000e+000  0.000000e+000 -1.000000e+000
    outer loop
      vertex -3.114701e+001 -2.160576e+001  4.001443e+001
      vertex -3.635145e+001 -1.489923e+001  4.001443e+001
      vertex -3.604702e+001 -1.512042e+001  4.001443e+001
    endloop
  endfacet
  facet normal  0.000000e+000  0.000000e+000 -1.000000e+000
    outer loop
      vertex -3.114701e+001 -2.160576e+001  4.001443e+001
      vertex -3.604702e+001 -1.512042e+001  4.001443e+001
      vertex -3.570325e+001 -1.527347e+001  4.001443e+001
    endloop
  endfacet
  facet normal  0.000000e+000  0.000000e+000 -1.000000e+000
    outer loop
      vertex -3.114701e+001 -2.160576e+001  4.001443e+001
      vertex -3.570325e+001 -1.527347e+001  4.001443e+001
      vertex -3.533517e+001 -1.535171e+001  4.001443e+001
    endloop
  endfacet
  facet normal  0.000000e+000  0.000000e+000 -1.000000e+000
    outer loop
      vertex -3.114701e+001 -2.160576e+001  4.001443e+001
      vertex -3.533517e+001 -1.535171e+001  4.001443e+001
      vertex -3.495886e+001 -1.535171e+001  4.001443e+001
    endloop
  endfacet
  facet normal  0.000000e+000  0.000000e+000 -1.000000e+000
    outer loop
      vertex -3.114701e+001 -2.160576e+001  4.001443e+001
      vertex -3.495886e+001 -1.535171e+001  4.001443e+001
      vertex -3.459079e+001 -1.527347e+001  4.001443e+001
    endloop
  endfacet
  facet normal  0.000000e+000  0.000000e+000 -1.000000e+000
    outer loop
      vertex -3.114701e+001 -2.160576e+001  4.001443e+001
      vertex -3.459079e+001 -1.527347e+001  4.001443e+001
      vertex -3.424701e+001 -1.512042e+001  4.001443e+001
    endloop
  endfacet
  facet normal  0.000000e+000  0.000000e+000 -1.000000e+000
    outer loop
      vertex -3.114701e+001 -2.160576e+001  4.001443e+001
      vertex -3.424701e+001 -1.512042e+001  4.001443e+001
      vertex -3.394258e+001 -1.489923e+001  4.001443e+001
    endloop
  endfacet
  facet normal  0.000000e+000  0.000000e+000 -1.000000e+000
    outer loop
      vertex -3.114701e+001 -2.160576e+001  4.001443e+001
      vertex -3.394258e+001 -1.489923e+001  4.001443e+001
      vertex -3.369078e+001 -1.461959e+001  4.001443e+001
    endloop
  endfacet
  facet normal  0.000000e+000  0.000000e+000 -1.000000e+000
    outer loop
      vertex -3.114701e+001 -2.160576e+001  4.001443e+001
      vertex -3.369078e+001 -1.461959e+001  4.001443e+001
      vertex -3.350263e+001 -1.429370e+001  4.001443e+001
    endloop
  endfacet
  facet normal  0.000000e+000  0.000000e+000 -1.000000e+000
    outer loop
      vertex -3.114701e+001 -2.160576e+001  4.001443e+001
      vertex -3.350263e+001 -1.429370e+001  4.001443e+001
      vertex -3.338635e+001 -1.393581e+001  4.001443e+001
    endloop
  endfacet
  facet normal  0.000000e+000  0.000000e+000 -1.000000e+000
    outer loop
      vertex -3.114701e+001 -2.160576e+001  4.001443e+001
      vertex -3.338635e+001 -1.393581e+001  4.001443e+001
      vertex -3.334702e+001 -1.356157e+001  4.001443e+001
    endloop
  endfacet
  facet normal  0.000000e+000  0.000000e+000 -1.000000e+000
    outer loop
      vertex -5.186987e+001 -2.160576e+001  4.001443e+001
      vertex -5.186987e+001 -1.940576e+001  4.001443e+001
      vertex -3.694701e+001 -1.356157e+001  4.001443e+001
    endloop
  endfacet
  facet normal  0.000000e+000  -0.000000e+000 -9.999999e-001
    outer loop
      vertex -5.186987e+001 -2.160576e+001  4.001443e+001
      vertex -3.694701e+001 -1.356157e+001  4.001443e+001
      vertex -3.690768e+001 -1.393581e+001  4.001443e+001
    endloop
  endfacet
  facet normal  0.000000e+000  -0.000000e+000 -1.000000e+000
    outer loop
      vertex -5.186987e+001 -2.160576e+001  4.001443e+001
      vertex -3.690768e+001 -1.393581e+001  4.001443e+001
      vertex -3.679140e+001 -1.429370e+001  4.001443e+001
    endloop
  endfacet
  facet normal  0.000000e+000  -0.000000e+000 -1.000000e+000
    outer loop
      vertex -5.186987e+001 -2.160576e+001  4.001443e+001
      vertex -3.679140e+001 -1.429370e+001  4.001443e+001
      vertex -3.660324e+001 -1.461959e+001  4.001443e+001
    endloop
  endfacet
  facet normal  0.000000e+000  -0.000000e+000 -1.000000e+000
    outer loop
      vertex -5.186987e+001 -2.160576e+001  4.001443e+001
      vertex -3.660324e+001 -1.461959e+001  4.001443e+001
      vertex -3.114701e+001 -2.160576e+001  4.001443e+001
    endloop
  endfacet
  facet normal  0.000000e+000  0.000000e+000 -1.000000e+000
    outer loop
      vertex -5.186987e+001 -7.805759e+000  4.001443e+001
      vertex -3.694701e+001 -1.356157e+001  4.001443e+001
      vertex -6.027784e+001 -7.805759e+000  4.001443e+001
    endloop
  endfacet
  facet normal  0.000000e+000  0.000000e+000 -9.999999e-001
    outer loop
      vertex -6.027784e+001 -7.805759e+000  4.001443e+001
      vertex -3.694701e+001 -1.356157e+001  4.001443e+001
      vertex -5.186987e+001 -1.940576e+001  4.001443e+001
    endloop
  endfacet
  facet normal  0.000000e+000  0.000000e+000 -1.000000e+000
    outer loop
      vertex -6.027784e+001 -7.805759e+000  4.001443e+001
      vertex -5.186987e+001 -1.940576e+001  4.001443e+001
      vertex -6.027784e+001 -1.940576e+001  4.001443e+001
    endloop
  endfacet
  facet normal  0.000000e+000  0.000000e+000  1.000000e+000
    outer loop
      vertex -4.479371e+001 -2.160576e+001  4.201443e+001
      vertex -3.533517e+001 -1.535171e+001  4.201443e+001
      vertex -4.479371e+001 -1.770576e+001  4.201443e+001
    endloop
  endfacet
  facet normal  0.000000e+000  0.000000e+000  1.000000e+000
    outer loop
      vertex -3.533517e+001 -1.177143e+001  4.201443e+001
      vertex -4.479371e+001 -5.605759e+000  4.201443e+001
      vertex -4.479371e+001 -9.505759e+000  4.201443e+001
    endloop
  endfacet
  facet normal  0.000000e+000  0.000000e+000  1.000000e+000
    outer loop
      vertex -3.495886e+001 -1.177143e+001  4.201443e+001
      vertex -2.814701e+001 -8.605759e+000  4.201443e+001
      vertex -2.818395e+001 -8.136456e+000  4.201443e+001
    endloop
  endfacet
  facet normal  0.000000e+000  0.000000e+000  1.000000e+000
    outer loop
      vertex -3.495886e+001 -1.177143e+001  4.201443e+001
      vertex -2.818395e+001 -8.136456e+000  4.201443e+001
      vertex -2.829385e+001 -7.678708e+000  4.201443e+001
    endloop
  endfacet
  facet normal  0.000000e+000  0.000000e+000  1.000000e+000
    outer loop
      vertex -3.495886e+001 -1.177143e+001  4.201443e+001
      vertex -2.829385e+001 -7.678708e+000  4.201443e+001
      vertex -2.847400e+001 -7.243787e+000  4.201443e+001
    endloop
  endfacet
  facet normal  0.000000e+000  0.000000e+000  1.000000e+000
    outer loop
      vertex -3.495886e+001 -1.177143e+001  4.201443e+001
      vertex -2.847400e+001 -7.243787e+000  4.201443e+001
      vertex -2.871996e+001 -6.842403e+000  4.201443e+001
    endloop
  endfacet
  facet normal  0.000000e+000  0.000000e+000  1.000000e+000
    outer loop
      vertex -3.495886e+001 -1.177143e+001  4.201443e+001
      vertex -2.871996e+001 -6.842403e+000  4.201443e+001
      vertex -2.902569e+001 -6.484438e+000  4.201443e+001
    endloop
  endfacet
  facet normal  0.000000e+000  0.000000e+000  1.000000e+000
    outer loop
      vertex -3.495886e+001 -1.177143e+001  4.201443e+001
      vertex -2.902569e+001 -6.484438e+000  4.201443e+001
      vertex -2.938366e+001 -6.178708e+000  4.201443e+001
    endloop
  endfacet
  facet normal  0.000000e+000  0.000000e+000  1.000000e+000
    outer loop
      vertex -3.495886e+001 -1.177143e+001  4.201443e+001
      vertex -2.938366e+001 -6.178708e+000  4.201443e+001
      vertex -2.978504e+001 -5.932739e+000  4.201443e+001
    endloop
  endfacet
  facet normal  0.000000e+000  0.000000e+000  1.000000e+000
    outer loop
      vertex -3.495886e+001 -1.177143e+001  4.201443e+001
      vertex -2.978504e+001 -5.932739e+000  4.201443e+001
      vertex -3.021996e+001 -5.752589e+000  4.201443e+001
    endloop
  endfacet
  facet normal  0.000000e+000  0.000000e+000  1.000000e+000
    outer loop
      vertex -3.495886e+001 -1.177143e+001  4.201443e+001
      vertex -3.021996e+001 -5.752589e+000  4.201443e+001
      vertex -3.067771e+001 -5.642694e+000  4.201443e+001
    endloop
  endfacet
  facet normal  0.000000e+000  0.000000e+000  9.999999e-001
    outer loop
      vertex -3.495886e+001 -1.177143e+001  4.201443e+001
      vertex -3.067771e+001 -5.642694e+000  4.201443e+001
      vertex -3.114701e+001 -5.605759e+000  4.201443e+001
    endloop
  endfacet
  facet normal  0.000000e+000  0.000000e+000  1.000000e+000
    outer loop
      vertex -3.495886e+001 -1.177143e+001  4.201443e+001
      vertex -3.114701e+001 -5.605759e+000  4.201443e+001
      vertex -4.479371e+001 -5.605759e+000  4.201443e+001
    endloop
  endfacet
  facet normal  0.000000e+000  0.000000e+000  1.000000e+000
    outer loop
      vertex -3.495886e+001 -1.177143e+001  4.201443e+001
      vertex -4.479371e+001 -5.605759e+000  4.201443e+001
      vertex -3.533517e+001 -1.177143e+001  4.201443e+001
    endloop
  endfacet
  facet normal  -0.000000e+000  0.000000e+000  1.000000e+000
    outer loop
      vertex -3.495886e+001 -1.535171e+001  4.201443e+001
      vertex -3.533517e+001 -1.535171e+001  4.201443e+001
      vertex -4.479371e+001 -2.160576e+001  4.201443e+001
    endloop
  endfacet
  facet normal  0.000000e+000  0.000000e+000  1.000000e+000
    outer loop
      vertex -3.495886e+001 -1.535171e+001  4.201443e+001
      vertex -4.479371e+001 -2.160576e+001  4.201443e+001
      vertex -3.114701e+001 -2.160576e+001  4.201443e+001
    endloop
  endfacet
  facet normal  0.000000e+000  -0.000000e+000  1.000000e+000
    outer loop
      vertex -3.495886e+001 -1.535171e+001  4.201443e+001
      vertex -3.114701e+001 -2.160576e+001  4.201443e+001
      vertex -3.067771e+001 -2.156882e+001  4.201443e+001
    endloop
  endfacet
  facet normal  0.000000e+000  -0.000000e+000  1.000000e+000
    outer loop
      vertex -3.495886e+001 -1.535171e+001  4.201443e+001
      vertex -3.067771e+001 -2.156882e+001  4.201443e+001
      vertex -3.021996e+001 -2.145893e+001  4.201443e+001
    endloop
  endfacet
  facet normal  0.000000e+000  -0.000000e+000  9.999999e-001
    outer loop
      vertex -3.495886e+001 -1.535171e+001  4.201443e+001
      vertex -3.021996e+001 -2.145893e+001  4.201443e+001
      vertex -2.978504e+001 -2.127878e+001  4.201443e+001
    endloop
  endfacet
  facet normal  0.000000e+000  -0.000000e+000  1.000000e+000
    outer loop
      vertex -3.495886e+001 -1.535171e+001  4.201443e+001
      vertex -2.978504e+001 -2.127878e+001  4.201443e+001
      vertex -2.938366e+001 -2.103281e+001  4.201443e+001
    endloop
  endfacet
  facet normal  0.000000e+000  -0.000000e+000  1.000000e+000
    outer loop
      vertex -3.495886e+001 -1.535171e+001  4.201443e+001
      vertex -2.938366e+001 -2.103281e+001  4.201443e+001
      vertex -2.902569e+001 -2.072708e+001  4.201443e+001
    endloop
  endfacet
  facet normal  0.000000e+000  -0.000000e+000  9.999999e-001
    outer loop
      vertex -3.495886e+001 -1.535171e+001  4.201443e+001
      vertex -2.902569e+001 -2.072708e+001  4.201443e+001
      vertex -2.871996e+001 -2.036911e+001  4.201443e+001
    endloop
  endfacet
  facet normal  0.000000e+000  -0.000000e+000  1.000000e+000
    outer loop
      vertex -3.495886e+001 -1.535171e+001  4.201443e+001
      vertex -2.871996e+001 -2.036911e+001  4.201443e+001
      vertex -2.847400e+001 -1.996773e+001  4.201443e+001
    endloop
  endfacet
  facet normal  0.000000e+000  -0.000000e+000  1.000000e+000
    outer loop
      vertex -3.495886e+001 -1.535171e+001  4.201443e+001
      vertex -2.847400e+001 -1.996773e+001  4.201443e+001
      vertex -2.829385e+001 -1.953281e+001  4.201443e+001
    endloop
  endfacet
  facet normal  0.000000e+000  -0.000000e+000  1.000000e+000
    outer loop
      vertex -3.495886e+001 -1.535171e+001  4.201443e+001
      vertex -2.829385e+001 -1.953281e+001  4.201443e+001
      vertex -2.818395e+001 -1.907506e+001  4.201443e+001
    endloop
  endfacet
  facet normal  0.000000e+000  -0.000000e+000  1.000000e+000
    outer loop
      vertex -3.495886e+001 -1.535171e+001  4.201443e+001
      vertex -2.818395e+001 -1.907506e+001  4.201443e+001
      vertex -2.814701e+001 -1.860576e+001  4.201443e+001
    endloop
  endfacet
  facet normal  0.000000e+000  0.000000e+000  1.000000e+000
    outer loop
      vertex -4.511700e+001 -9.505759e+000  4.201443e+001
      vertex -3.604702e+001 -1.512042e+001  4.201443e+001
      vertex -3.635145e+001 -1.489923e+001  4.201443e+001
    endloop
  endfacet
  facet normal  0.000000e+000  0.000000e+000  1.000000e+000
    outer loop
      vertex -4.511700e+001 -9.505759e+000  4.201443e+001
      vertex -3.635145e+001 -1.489923e+001  4.201443e+001
      vertex -3.660324e+001 -1.461959e+001  4.201443e+001
    endloop
  endfacet
  facet normal  0.000000e+000  0.000000e+000  9.999999e-001
    outer loop
      vertex -4.511700e+001 -9.505759e+000  4.201443e+001
      vertex -3.660324e+001 -1.461959e+001  4.201443e+001
      vertex -3.679140e+001 -1.429370e+001  4.201443e+001
    endloop
  endfacet
  facet normal  0.000000e+000  0.000000e+000  1.000000e+000
    outer loop
      vertex -4.511700e+001 -9.505759e+000  4.201443e+001
      vertex -3.679140e+001 -1.429370e+001  4.201443e+001
      vertex -3.690768e+001 -1.393581e+001  4.201443e+001
    endloop
  endfacet
  facet normal  0.000000e+000  0.000000e+000  1.000000e+000
    outer loop
      vertex -4.511700e+001 -9.505759e+000  4.201443e+001
      vertex -3.690768e+001 -1.393581e+001  4.201443e+001
      vertex -3.694701e+001 -1.356157e+001  4.201443e+001
    endloop
  endfacet
  facet normal  0.000000e+000  -0.000000e+000  1.000000e+000
    outer loop
      vertex -4.511700e+001 -9.505759e+000  4.201443e+001
      vertex -3.694701e+001 -1.356157e+001  4.201443e+001
      vertex -3.690768e+001 -1.318733e+001  4.201443e+001
    endloop
  endfacet
  facet normal  0.000000e+000  -0.000000e+000  1.000000e+000
    outer loop
      vertex -4.511700e+001 -9.505759e+000  4.201443e+001
      vertex -3.690768e+001 -1.318733e+001  4.201443e+001
      vertex -3.679140e+001 -1.282945e+001  4.201443e+001
    endloop
  endfacet
  facet normal  0.000000e+000  -0.000000e+000  1.000000e+000
    outer loop
      vertex -4.511700e+001 -9.505759e+000  4.201443e+001
      vertex -3.679140e+001 -1.282945e+001  4.201443e+001
      vertex -3.660324e+001 -1.250356e+001  4.201443e+001
    endloop
  endfacet
  facet normal  0.000000e+000  -0.000000e+000  1.000000e+000
    outer loop
      vertex -4.511700e+001 -9.505759e+000  4.201443e+001
      vertex -3.660324e+001 -1.250356e+001  4.201443e+001
      vertex -3.635145e+001 -1.222391e+001  4.201443e+001
    endloop
  endfacet
  facet normal  0.000000e+000  -0.000000e+000  1.000000e+000
    outer loop
      vertex -4.511700e+001 -9.505759e+000  4.201443e+001
      vertex -3.635145e+001 -1.222391e+001  4.201443e+001
      vertex -3.604702e+001 -1.200273e+001  4.201443e+001
    endloop
  endfacet
  facet normal  0.000000e+000  -0.000000e+000  1.000000e+000
    outer loop
      vertex -4.511700e+001 -9.505759e+000  4.201443e+001
      vertex -3.604702e+001 -1.200273e+001  4.201443e+001
      vertex -3.570325e+001 -1.184967e+001  4.201443e+001
    endloop
  endfacet
  facet normal  0.000000e+000  -0.000000e+000  9.999999e-001
    outer loop
      vertex -4.511700e+001 -9.505759e+000  4.201443e+001
      vertex -3.570325e+001 -1.184967e+001  4.201443e+001
      vertex -3.533517e+001 -1.177143e+001  4.201443e+001
    endloop
  endfacet
  facet normal  0.000000e+000  0.000000e+000  1.000000e+000
    outer loop
      vertex -4.511700e+001 -9.505759e+000  4.201443e+001
      vertex -3.533517e+001 -1.177143e+001  4.201443e+001
      vertex -4.479371e+001 -9.505759e+000  4.201443e+001
    endloop
  endfacet
  facet normal  0.000000e+000  -0.000000e+000  1.000000e+000
    outer loop
      vertex -4.511700e+001 -1.770576e+001  4.201443e+001
      vertex -4.479371e+001 -1.770576e+001  4.201443e+001
      vertex -3.533517e+001 -1.535171e+001  4.201443e+001
    endloop
  endfacet
  facet normal  0.000000e+000  0.000000e+000  1.000000e+000
    outer loop
      vertex -4.511700e+001 -1.770576e+001  4.201443e+001
      vertex -3.533517e+001 -1.535171e+001  4.201443e+001
      vertex -3.570325e+001 -1.527347e+001  4.201443e+001
    endloop
  endfacet
  facet normal  0.000000e+000  0.000000e+000  1.000000e+000
    outer loop
      vertex -4.511700e+001 -1.770576e+001  4.201443e+001
      vertex -3.570325e+001 -1.527347e+001  4.201443e+001
      vertex -3.604702e+001 -1.512042e+001  4.201443e+001
    endloop
  endfacet
  facet normal  0.000000e+000  0.000000e+000  1.000000e+000
    outer loop
      vertex -4.511700e+001 -1.770576e+001  4.201443e+001
      vertex -3.604702e+001 -1.512042e+001  4.201443e+001
      vertex -4.511700e+001 -9.505759e+000  4.201443e+001
    endloop
  endfacet
  facet normal  -0.000000e+000  0.000000e+000  1.000000e+000
    outer loop
      vertex -2.814701e+001 -8.605759e+000  4.201443e+001
      vertex -3.495886e+001 -1.177143e+001  4.201443e+001
      vertex -3.459079e+001 -1.184967e+001  4.201443e+001
    endloop
  endfacet
  facet normal  -0.000000e+000  0.000000e+000  1.000000e+000
    outer loop
      vertex -2.814701e+001 -8.605759e+000  4.201443e+001
      vertex -3.459079e+001 -1.184967e+001  4.201443e+001
      vertex -3.424701e+001 -1.200273e+001  4.201443e+001
    endloop
  endfacet
  facet normal  -0.000000e+000  0.000000e+000  9.999999e-001
    outer loop
      vertex -2.814701e+001 -8.605759e+000  4.201443e+001
      vertex -3.424701e+001 -1.200273e+001  4.201443e+001
      vertex -3.394258e+001 -1.222391e+001  4.201443e+001
    endloop
  endfacet
  facet normal  -0.000000e+000  0.000000e+000  1.000000e+000
    outer loop
      vertex -2.814701e+001 -8.605759e+000  4.201443e+001
      vertex -3.394258e+001 -1.222391e+001  4.201443e+001
      vertex -3.369078e+001 -1.250356e+001  4.201443e+001
    endloop
  endfacet
  facet normal  -0.000000e+000  0.000000e+000  1.000000e+000
    outer loop
      vertex -2.814701e+001 -8.605759e+000  4.201443e+001
      vertex -3.369078e+001 -1.250356e+001  4.201443e+001
      vertex -3.350263e+001 -1.282945e+001  4.201443e+001
    endloop
  endfacet
  facet normal  -0.000000e+000  0.000000e+000  1.000000e+000
    outer loop
      vertex -2.814701e+001 -8.605759e+000  4.201443e+001
      vertex -3.350263e+001 -1.282945e+001  4.201443e+001
      vertex -3.338635e+001 -1.318733e+001  4.201443e+001
    endloop
  endfacet
  facet normal  -0.000000e+000  0.000000e+000  1.000000e+000
    outer loop
      vertex -2.814701e+001 -8.605759e+000  4.201443e+001
      vertex -3.338635e+001 -1.318733e+001  4.201443e+001
      vertex -3.334702e+001 -1.356157e+001  4.201443e+001
    endloop
  endfacet
  facet normal  -0.000000e+000  0.000000e+000  1.000000e+000
    outer loop
      vertex -2.814701e+001 -8.605759e+000  4.201443e+001
      vertex -3.334702e+001 -1.356157e+001  4.201443e+001
      vertex -3.338635e+001 -1.393581e+001  4.201443e+001
    endloop
  endfacet
  facet normal  -0.000000e+000  0.000000e+000  1.000000e+000
    outer loop
      vertex -2.814701e+001 -8.605759e+000  4.201443e+001
      vertex -3.338635e+001 -1.393581e+001  4.201443e+001
      vertex -3.350263e+001 -1.429370e+001  4.201443e+001
    endloop
  endfacet
  facet normal  -0.000000e+000  0.000000e+000  1.000000e+000
    outer loop
      vertex -2.814701e+001 -8.605759e+000  4.201443e+001
      vertex -3.350263e+001 -1.429370e+001  4.201443e+001
      vertex -3.369078e+001 -1.461959e+001  4.201443e+001
    endloop
  endfacet
  facet normal  0.000000e+000  0.000000e+000  1.000000e+000
    outer loop
      vertex -2.814701e+001 -1.860576e+001  4.201443e+001
      vertex -2.814701e+001 -8.605759e+000  4.201443e+001
      vertex -3.369078e+001 -1.461959e+001  4.201443e+001
    endloop
  endfacet
  facet normal  0.000000e+000  0.000000e+000  1.000000e+000
    outer loop
      vertex -2.814701e+001 -1.860576e+001  4.201443e+001
      vertex -3.369078e+001 -1.461959e+001  4.201443e+001
      vertex -3.394258e+001 -1.489923e+001  4.201443e+001
    endloop
  endfacet
  facet normal  0.000000e+000  0.000000e+000  1.000000e+000
    outer loop
      vertex -2.814701e+001 -1.860576e+001  4.201443e+001
      vertex -3.394258e+001 -1.489923e+001  4.201443e+001
      vertex -3.424701e+001 -1.512042e+001  4.201443e+001
    endloop
  endfacet
  facet normal  0.000000e+000  0.000000e+000  9.999999e-001
    outer loop
      vertex -2.814701e+001 -1.860576e+001  4.201443e+001
      vertex -3.424701e+001 -1.512042e+001  4.201443e+001
      vertex -3.459079e+001 -1.527347e+001  4.201443e+001
    endloop
  endfacet
  facet normal  0.000000e+000  0.000000e+000  9.999999e-001
    outer loop
      vertex -2.814701e+001 -1.860576e+001  4.201443e+001
      vertex -3.459079e+001 -1.527347e+001  4.201443e+001
      vertex -3.495886e+001 -1.535171e+001  4.201443e+001
    endloop
  endfacet
  facet normal  2.079109e-001 -9.781478e-001  0.000000e+000
    outer loop
      vertex -3.533517e+001 -1.177143e+001  4.001443e+001
      vertex -3.570325e+001 -1.184967e+001  4.201443e+001
      vertex -3.570325e+001 -1.184967e+001  4.001443e+001
    endloop
  endfacet
  facet normal  4.067373e-001 -9.135452e-001  0.000000e+000
    outer loop
      vertex -3.570325e+001 -1.184967e+001  4.001443e+001
      vertex -3.570325e+001 -1.184967e+001  4.201443e+001
      vertex -3.604702e+001 -1.200273e+001  4.201443e+001
    endloop
  endfacet
  facet normal  4.067373e-001 -9.135452e-001  0.000000e+000
    outer loop
      vertex -3.570325e+001 -1.184967e+001  4.001443e+001
      vertex -3.604702e+001 -1.200273e+001  4.201443e+001
      vertex -3.604702e+001 -1.200273e+001  4.001443e+001
    endloop
  endfacet
  facet normal  5.877839e-001 -8.090180e-001  0.000000e+000
    outer loop
      vertex -3.604702e+001 -1.200273e+001  4.001443e+001
      vertex -3.604702e+001 -1.200273e+001  4.201443e+001
      vertex -3.635145e+001 -1.222391e+001  4.201443e+001
    endloop
  endfacet
  facet normal  5.877839e-001 -8.090180e-001  0.000000e+000
    outer loop
      vertex -3.604702e+001 -1.200273e+001  4.001443e+001
      vertex -3.635145e+001 -1.222391e+001  4.201443e+001
      vertex -3.635145e+001 -1.222391e+001  4.001443e+001
    endloop
  endfacet
  facet normal  7.431479e-001 -6.691273e-001  0.000000e+000
    outer loop
      vertex -3.635145e+001 -1.222391e+001  4.001443e+001
      vertex -3.635145e+001 -1.222391e+001  4.201443e+001
      vertex -3.660324e+001 -1.250356e+001  4.201443e+001
    endloop
  endfacet
  facet normal  7.431479e-001 -6.691273e-001  0.000000e+000
    outer loop
      vertex -3.635145e+001 -1.222391e+001  4.001443e+001
      vertex -3.660324e+001 -1.250356e+001  4.201443e+001
      vertex -3.660324e+001 -1.250356e+001  4.001443e+001
    endloop
  endfacet
  facet normal  8.660243e-001 -5.000020e-001  0.000000e+000
    outer loop
      vertex -3.660324e+001 -1.250356e+001  4.001443e+001
      vertex -3.660324e+001 -1.250356e+001  4.201443e+001
      vertex -3.679140e+001 -1.282945e+001  4.201443e+001
    endloop
  endfacet
  facet normal  8.660243e-001 -5.000020e-001  0.000000e+000
    outer loop
      vertex -3.660324e+001 -1.250356e+001  4.001443e+001
      vertex -3.679140e+001 -1.282945e+001  4.201443e+001
      vertex -3.679140e+001 -1.282945e+001  4.001443e+001
    endloop
  endfacet
  facet normal  9.510570e-001 -3.090156e-001  0.000000e+000
    outer loop
      vertex -3.679140e+001 -1.282945e+001  4.001443e+001
      vertex -3.679140e+001 -1.282945e+001  4.201443e+001
      vertex -3.690768e+001 -1.318733e+001  4.201443e+001
    endloop
  endfacet
  facet normal  9.510570e-001 -3.090156e-001  0.000000e+000
    outer loop
      vertex -3.679140e+001 -1.282945e+001  4.001443e+001
      vertex -3.690768e+001 -1.318733e+001  4.201443e+001
      vertex -3.690768e+001 -1.318733e+001  4.001443e+001
    endloop
  endfacet
  facet normal  9.945221e-001 -1.045259e-001  0.000000e+000
    outer loop
      vertex -3.690768e+001 -1.318733e+001  4.001443e+001
      vertex -3.690768e+001 -1.318733e+001  4.201443e+001
      vertex -3.694701e+001 -1.356157e+001  4.201443e+001
    endloop
  endfacet
  facet normal  9.945221e-001 -1.045259e-001  0.000000e+000
    outer loop
      vertex -3.690768e+001 -1.318733e+001  4.001443e+001
      vertex -3.694701e+001 -1.356157e+001  4.201443e+001
      vertex -3.694701e+001 -1.356157e+001  4.001443e+001
    endloop
  endfacet
  facet normal  2.079109e-001 -9.781478e-001  0.000000e+000
    outer loop
      vertex -3.570325e+001 -1.184967e+001  4.201443e+001
      vertex -3.533517e+001 -1.177143e+001  4.001443e+001
      vertex -3.533517e+001 -1.177143e+001  4.201443e+001
    endloop
  endfacet
  facet normal  0.000000e+000 -1.000000e+000  0.000000e+000
    outer loop
      vertex -3.533517e+001 -1.177143e+001  4.201443e+001
      vertex -3.533517e+001 -1.177143e+001  4.001443e+001
      vertex -3.495886e+001 -1.177143e+001  4.001443e+001
    endloop
  endfacet
  facet normal  0.000000e+000 -1.000000e+000  0.000000e+000
    outer loop
      vertex -3.533517e+001 -1.177143e+001  4.201443e+001
      vertex -3.495886e+001 -1.177143e+001  4.001443e+001
      vertex -3.495886e+001 -1.177143e+001  4.201443e+001
    endloop
  endfacet
  facet normal -2.079130e-001 -9.781473e-001  -0.000000e+000
    outer loop
      vertex -3.495886e+001 -1.177143e+001  4.201443e+001
      vertex -3.495886e+001 -1.177143e+001  4.001443e+001
      vertex -3.459079e+001 -1.184967e+001  4.001443e+001
    endloop
  endfacet
  facet normal -2.079130e-001 -9.781473e-001  0.000000e+000
    outer loop
      vertex -3.495886e+001 -1.177143e+001  4.201443e+001
      vertex -3.459079e+001 -1.184967e+001  4.001443e+001
      vertex -3.459079e+001 -1.184967e+001  4.201443e+001
    endloop
  endfacet
  facet normal -4.067335e-001 -9.135469e-001  -0.000000e+000
    outer loop
      vertex -3.459079e+001 -1.184967e+001  4.201443e+001
      vertex -3.459079e+001 -1.184967e+001  4.001443e+001
      vertex -3.424701e+001 -1.200273e+001  4.001443e+001
    endloop
  endfacet
  facet normal -4.067335e-001 -9.135469e-001  0.000000e+000
    outer loop
      vertex -3.459079e+001 -1.184967e+001  4.201443e+001
      vertex -3.424701e+001 -1.200273e+001  4.001443e+001
      vertex -3.424701e+001 -1.200273e+001  4.201443e+001
    endloop
  endfacet
  facet normal -5.877887e-001 -8.090144e-001  -0.000000e+000
    outer loop
      vertex -3.424701e+001 -1.200273e+001  4.201443e+001
      vertex -3.424701e+001 -1.200273e+001  4.001443e+001
      vertex -3.394258e+001 -1.222391e+001  4.001443e+001
    endloop
  endfacet
  facet normal -5.877887e-001 -8.090144e-001  0.000000e+000
    outer loop
      vertex -3.424701e+001 -1.200273e+001  4.201443e+001
      vertex -3.394258e+001 -1.222391e+001  4.001443e+001
      vertex -3.394258e+001 -1.222391e+001  4.201443e+001
    endloop
  endfacet
  facet normal -7.431428e-001 -6.691329e-001  -0.000000e+000
    outer loop
      vertex -3.394258e+001 -1.222391e+001  4.201443e+001
      vertex -3.394258e+001 -1.222391e+001  4.001443e+001
      vertex -3.369078e+001 -1.250356e+001  4.001443e+001
    endloop
  endfacet
  facet normal -7.431428e-001 -6.691329e-001  0.000000e+000
    outer loop
      vertex -3.394258e+001 -1.222391e+001  4.201443e+001
      vertex -3.369078e+001 -1.250356e+001  4.001443e+001
      vertex -3.369078e+001 -1.250356e+001  4.201443e+001
    endloop
  endfacet
  facet normal -8.660243e-001 -5.000020e-001  -0.000000e+000
    outer loop
      vertex -3.369078e+001 -1.250356e+001  4.201443e+001
      vertex -3.369078e+001 -1.250356e+001  4.001443e+001
      vertex -3.350263e+001 -1.282945e+001  4.001443e+001
    endloop
  endfacet
  facet normal -8.660243e-001 -5.000020e-001  0.000000e+000
    outer loop
      vertex -3.369078e+001 -1.250356e+001  4.201443e+001
      vertex -3.350263e+001 -1.282945e+001  4.001443e+001
      vertex -3.350263e+001 -1.282945e+001  4.201443e+001
    endloop
  endfacet
  facet normal -9.510570e-001 -3.090156e-001  -0.000000e+000
    outer loop
      vertex -3.350263e+001 -1.282945e+001  4.201443e+001
      vertex -3.350263e+001 -1.282945e+001  4.001443e+001
      vertex -3.338635e+001 -1.318733e+001  4.001443e+001
    endloop
  endfacet
  facet normal -9.510570e-001 -3.090156e-001  0.000000e+000
    outer loop
      vertex -3.350263e+001 -1.282945e+001  4.201443e+001
      vertex -3.338635e+001 -1.318733e+001  4.001443e+001
      vertex -3.338635e+001 -1.318733e+001  4.201443e+001
    endloop
  endfacet
  facet normal -9.945221e-001 -1.045259e-001  -0.000000e+000
    outer loop
      vertex -3.338635e+001 -1.318733e+001  4.201443e+001
      vertex -3.338635e+001 -1.318733e+001  4.001443e+001
      vertex -3.334702e+001 -1.356157e+001  4.001443e+001
    endloop
  endfacet
  facet normal -9.945221e-001 -1.045259e-001  0.000000e+000
    outer loop
      vertex -3.338635e+001 -1.318733e+001  4.201443e+001
      vertex -3.334702e+001 -1.356157e+001  4.001443e+001
      vertex -3.334702e+001 -1.356157e+001  4.201443e+001
    endloop
  endfacet
  facet normal -2.079130e-001  9.781473e-001  0.000000e+000
    outer loop
      vertex -3.495886e+001 -1.535171e+001  4.001443e+001
      vertex -3.459079e+001 -1.527347e+001  4.201443e+001
      vertex -3.459079e+001 -1.527347e+001  4.001443e+001
    endloop
  endfacet
  facet normal -4.067335e-001  9.135469e-001  0.000000e+000
    outer loop
      vertex -3.459079e+001 -1.527347e+001  4.001443e+001
      vertex -3.459079e+001 -1.527347e+001  4.201443e+001
      vertex -3.424701e+001 -1.512042e+001  4.201443e+001
    endloop
  endfacet
  facet normal -4.067335e-001  9.135469e-001  0.000000e+000
    outer loop
      vertex -3.459079e+001 -1.527347e+001  4.001443e+001
      vertex -3.424701e+001 -1.512042e+001  4.201443e+001
      vertex -3.424701e+001 -1.512042e+001  4.001443e+001
    endloop
  endfacet
  facet normal -5.877887e-001  8.090144e-001  0.000000e+000
    outer loop
      vertex -3.424701e+001 -1.512042e+001  4.001443e+001
      vertex -3.424701e+001 -1.512042e+001  4.201443e+001
      vertex -3.394258e+001 -1.489923e+001  4.201443e+001
    endloop
  endfacet
  facet normal -5.877887e-001  8.090144e-001  0.000000e+000
    outer loop
      vertex -3.424701e+001 -1.512042e+001  4.001443e+001
      vertex -3.394258e+001 -1.489923e+001  4.201443e+001
      vertex -3.394258e+001 -1.489923e+001  4.001443e+001
    endloop
  endfacet
  facet normal -7.431428e-001  6.691329e-001  0.000000e+000
    outer loop
      vertex -3.394258e+001 -1.489923e+001  4.001443e+001
      vertex -3.394258e+001 -1.489923e+001  4.201443e+001
      vertex -3.369078e+001 -1.461959e+001  4.201443e+001
    endloop
  endfacet
  facet normal -7.431428e-001  6.691329e-001  0.000000e+000
    outer loop
      vertex -3.394258e+001 -1.489923e+001  4.001443e+001
      vertex -3.369078e+001 -1.461959e+001  4.201443e+001
      vertex -3.369078e+001 -1.461959e+001  4.001443e+001
    endloop
  endfacet
  facet normal -8.660243e-001  5.000020e-001  0.000000e+000
    outer loop
      vertex -3.369078e+001 -1.461959e+001  4.001443e+001
      vertex -3.369078e+001 -1.461959e+001  4.201443e+001
      vertex -3.350263e+001 -1.429370e+001  4.201443e+001
    endloop
  endfacet
  facet normal -8.660243e-001  5.000020e-001  0.000000e+000
    outer loop
      vertex -3.369078e+001 -1.461959e+001  4.001443e+001
      vertex -3.350263e+001 -1.429370e+001  4.201443e+001
      vertex -3.350263e+001 -1.429370e+001  4.001443e+001
    endloop
  endfacet
  facet normal -9.510570e-001  3.090156e-001  0.000000e+000
    outer loop
      vertex -3.350263e+001 -1.429370e+001  4.001443e+001
      vertex -3.350263e+001 -1.429370e+001  4.201443e+001
      vertex -3.338635e+001 -1.393581e+001  4.201443e+001
    endloop
  endfacet
  facet normal -9.510570e-001  3.090156e-001  0.000000e+000
    outer loop
      vertex -3.350263e+001 -1.429370e+001  4.001443e+001
      vertex -3.338635e+001 -1.393581e+001  4.201443e+001
      vertex -3.338635e+001 -1.393581e+001  4.001443e+001
    endloop
  endfacet
  facet normal -9.945221e-001  1.045259e-001  0.000000e+000
    outer loop
      vertex -3.338635e+001 -1.393581e+001  4.001443e+001
      vertex -3.338635e+001 -1.393581e+001  4.201443e+001
      vertex -3.334702e+001 -1.356157e+001  4.201443e+001
    endloop
  endfacet
  facet normal -9.945221e-001  1.045259e-001  0.000000e+000
    outer loop
      vertex -3.338635e+001 -1.393581e+001  4.001443e+001
      vertex -3.334702e+001 -1.356157e+001  4.201443e+001
      vertex -3.334702e+001 -1.356157e+001  4.001443e+001
    endloop
  endfacet
  facet normal -2.079130e-001  9.781473e-001  0.000000e+000
    outer loop
      vertex -3.459079e+001 -1.527347e+001  4.201443e+001
      vertex -3.495886e+001 -1.535171e+001  4.001443e+001
      vertex -3.495886e+001 -1.535171e+001  4.201443e+001
    endloop
  endfacet
  facet normal  0.000000e+000  1.000000e+000  0.000000e+000
    outer loop
      vertex -3.495886e+001 -1.535171e+001  4.201443e+001
      vertex -3.495886e+001 -1.535171e+001  4.001443e+001
      vertex -3.533517e+001 -1.535171e+001  4.001443e+001
    endloop
  endfacet
  facet normal  0.000000e+000  1.000000e+000  0.000000e+000
    outer loop
      vertex -3.495886e+001 -1.535171e+001  4.201443e+001
      vertex -3.533517e+001 -1.535171e+001  4.001443e+001
      vertex -3.533517e+001 -1.535171e+001  4.201443e+001
    endloop
  endfacet
  facet normal  2.079109e-001  9.781478e-001  0.000000e+000
    outer loop
      vertex -3.533517e+001 -1.535171e+001  4.201443e+001
      vertex -3.533517e+001 -1.535171e+001  4.001443e+001
      vertex -3.570325e+001 -1.527347e+001  4.001443e+001
    endloop
  endfacet
  facet normal  2.079109e-001  9.781478e-001  -0.000000e+000
    outer loop
      vertex -3.533517e+001 -1.535171e+001  4.201443e+001
      vertex -3.570325e+001 -1.527347e+001  4.001443e+001
      vertex -3.570325e+001 -1.527347e+001  4.201443e+001
    endloop
  endfacet
  facet normal  4.067373e-001  9.135452e-001  0.000000e+000
    outer loop
      vertex -3.570325e+001 -1.527347e+001  4.201443e+001
      vertex -3.570325e+001 -1.527347e+001  4.001443e+001
      vertex -3.604702e+001 -1.512042e+001  4.001443e+001
    endloop
  endfacet
  facet normal  4.067373e-001  9.135452e-001  -0.000000e+000
    outer loop
      vertex -3.570325e+001 -1.527347e+001  4.201443e+001
      vertex -3.604702e+001 -1.512042e+001  4.001443e+001
      vertex -3.604702e+001 -1.512042e+001  4.201443e+001
    endloop
  endfacet
  facet normal  5.877839e-001  8.090180e-001  0.000000e+000
    outer loop
      vertex -3.604702e+001 -1.512042e+001  4.201443e+001
      vertex -3.604702e+001 -1.512042e+001  4.001443e+001
      vertex -3.635145e+001 -1.489923e+001  4.001443e+001
    endloop
  endfacet
  facet normal  5.877839e-001  8.090180e-001  -0.000000e+000
    outer loop
      vertex -3.604702e+001 -1.512042e+001  4.201443e+001
      vertex -3.635145e+001 -1.489923e+001  4.001443e+001
      vertex -3.635145e+001 -1.489923e+001  4.201443e+001
    endloop
  endfacet
  facet normal  7.431479e-001  6.691273e-001  0.000000e+000
    outer loop
      vertex -3.635145e+001 -1.489923e+001  4.201443e+001
      vertex -3.635145e+001 -1.489923e+001  4.001443e+001
      vertex -3.660324e+001 -1.461959e+001  4.001443e+001
    endloop
  endfacet
  facet normal  7.431479e-001  6.691273e-001  -0.000000e+000
    outer loop
      vertex -3.635145e+001 -1.489923e+001  4.201443e+001
      vertex -3.660324e+001 -1.461959e+001  4.001443e+001
      vertex -3.660324e+001 -1.461959e+001  4.201443e+001
    endloop
  endfacet
  facet normal  8.660243e-001  5.000020e-001  0.000000e+000
    outer loop
      vertex -3.660324e+001 -1.461959e+001  4.201443e+001
      vertex -3.660324e+001 -1.461959e+001  4.001443e+001
      vertex -3.679140e+001 -1.429370e+001  4.001443e+001
    endloop
  endfacet
  facet normal  8.660243e-001  5.000020e-001  -0.000000e+000
    outer loop
      vertex -3.660324e+001 -1.461959e+001  4.201443e+001
      vertex -3.679140e+001 -1.429370e+001  4.001443e+001
      vertex -3.679140e+001 -1.429370e+001  4.201443e+001
    endloop
  endfacet
  facet normal  9.510570e-001  3.090156e-001  0.000000e+000
    outer loop
      vertex -3.679140e+001 -1.429370e+001  4.201443e+001
      vertex -3.679140e+001 -1.429370e+001  4.001443e+001
      vertex -3.690768e+001 -1.393581e+001  4.001443e+001
    endloop
  endfacet
  facet normal  9.510570e-001  3.090156e-001  -0.000000e+000
    outer loop
      vertex -3.679140e+001 -1.429370e+001  4.201443e+001
      vertex -3.690768e+001 -1.393581e+001  4.001443e+001
      vertex -3.690768e+001 -1.393581e+001  4.201443e+001
    endloop
  endfacet
  facet normal  9.945221e-001  1.045259e-001  0.000000e+000
    outer loop
      vertex -3.690768e+001 -1.393581e+001  4.201443e+001
      vertex -3.690768e+001 -1.393581e+001  4.001443e+001
      vertex -3.694701e+001 -1.356157e+001  4.001443e+001
    endloop
  endfacet
  facet normal  9.945221e-001  1.045259e-001  -0.000000e+000
    outer loop
      vertex -3.690768e+001 -1.393581e+001  4.201443e+001
      vertex -3.694701e+001 -1.356157e+001  4.001443e+001
      vertex -3.694701e+001 -1.356157e+001  4.201443e+001
    endloop
  endfacet
  facet normal  1.000000e+000  -0.000000e+000  0.000000e+000
    outer loop
      vertex -2.814701e+001 -8.605759e+000  4.201443e+001
      vertex -2.814701e+001 -1.860576e+001  4.201443e+001
      vertex -2.814701e+001 -8.605759e+000  4.001443e+001
    endloop
  endfacet
  facet normal  1.000000e+000  0.000000e+000  0.000000e+000
    outer loop
      vertex -2.814701e+001 -8.605759e+000  4.001443e+001
      vertex -2.814701e+001 -1.860576e+001  4.201443e+001
      vertex -2.814701e+001 -1.860576e+001  4.001443e+001
    endloop
  endfacet
  facet normal  0.000000e+000  1.000000e+000  0.000000e+000
    outer loop
      vertex -4.479371e+001 -5.605759e+000  4.201443e+001
      vertex -3.114701e+001 -5.605759e+000  4.201443e+001
      vertex -5.186987e+001 -5.605759e+000  4.149747e+001
    endloop
  endfacet
  facet normal  0.000000e+000  9.999999e-001  0.000000e+000
    outer loop
      vertex -4.479371e+001 -5.605759e+000  4.201443e+001
      vertex -5.186987e+001 -5.605759e+000  4.149747e+001
      vertex -5.140322e+001 -5.605759e+000  4.203663e+001
    endloop
  endfacet
  facet normal  -0.000000e+000  1.000000e+000  0.000000e+000
    outer loop
      vertex -4.479371e+001 -5.605759e+000  4.201443e+001
      vertex -5.140322e+001 -5.605759e+000  4.203663e+001
      vertex -5.099843e+001 -5.605759e+000  4.262367e+001
    endloop
  endfacet
  facet normal  0.000000e+000  1.000000e+000  0.000000e+000
    outer loop
      vertex -4.479371e+001 -5.605759e+000  4.201443e+001
      vertex -5.099843e+001 -5.605759e+000  4.262367e+001
      vertex -4.519604e+001 -5.605759e+000  4.260653e+001
    endloop
  endfacet
  facet normal  -0.000000e+000  1.000000e+000  0.000000e+000
    outer loop
      vertex -5.186987e+001 -5.605759e+000  5.053140e+001
      vertex -5.186987e+001 -5.605759e+000  5.201443e+001
      vertex -4.487029e+001 -5.605759e+000  5.201443e+001
    endloop
  endfacet
  facet normal  0.000000e+000  1.000000e+000  0.000000e+000
    outer loop
      vertex -5.186987e+001 -5.605759e+000  5.053140e+001
      vertex -4.487029e+001 -5.605759e+000  5.201443e+001
      vertex -4.462318e+001 -5.605759e+000  5.172302e+001
    endloop
  endfacet
  facet normal  0.000000e+000  9.999999e-001  0.000000e+000
    outer loop
      vertex -5.186987e+001 -5.605759e+000  5.053140e+001
      vertex -4.462318e+001 -5.605759e+000  5.172302e+001
      vertex -4.443121e+001 -5.605759e+000  5.139265e+001
    endloop
  endfacet
  facet normal  0.000000e+000  1.000000e+000  0.000000e+000
    outer loop
      vertex -5.186987e+001 -5.605759e+000  5.053140e+001
      vertex -4.443121e+001 -5.605759e+000  5.139265e+001
      vertex -4.430041e+001 -5.605759e+000  5.103365e+001
    endloop
  endfacet
  facet normal  0.000000e+000  1.000000e+000  0.000000e+000
    outer loop
      vertex -5.186987e+001 -5.605759e+000  5.053140e+001
      vertex -4.430041e+001 -5.605759e+000  5.103365e+001
      vertex -4.423484e+001 -5.605759e+000  5.065723e+001
    endloop
  endfacet
  facet normal  0.000000e+000  1.000000e+000  0.000000e+000
    outer loop
      vertex -5.186987e+001 -5.605759e+000  5.053140e+001
      vertex -4.423484e+001 -5.605759e+000  5.065723e+001
      vertex -4.466464e+001 -5.605759e+000  5.017839e+001
    endloop
  endfacet
  facet normal  0.000000e+000  9.999999e-001  0.000000e+000
    outer loop
      vertex -5.186987e+001 -5.605759e+000  5.053140e+001
      vertex -4.466464e+001 -5.605759e+000  5.017839e+001
      vertex -5.140322e+001 -5.605759e+000  4.999224e+001
    endloop
  endfacet
  facet normal  -0.000000e+000  9.999999e-001  0.000000e+000
    outer loop
      vertex -4.564804e+001 -5.605759e+000  4.852443e+001
      vertex -5.066039e+001 -5.605759e+000  4.877735e+001
      vertex -4.537462e+001 -5.605759e+000  4.910690e+001
    endloop
  endfacet
  facet normal  0.000000e+000  1.000000e+000  0.000000e+000
    outer loop
      vertex -4.537462e+001 -5.605759e+000  4.910690e+001
      vertex -5.066039e+001 -5.605759e+000  4.877735e+001
      vertex -5.099843e+001 -5.605759e+000  4.940520e+001
    endloop
  endfacet
  facet normal  -0.000000e+000  9.999999e-001  0.000000e+000
    outer loop
      vertex -4.537462e+001 -5.605759e+000  4.910690e+001
      vertex -5.099843e+001 -5.605759e+000  4.940520e+001
      vertex -4.504578e+001 -5.605759e+000  4.965997e+001
    endloop
  endfacet
  facet normal  0.000000e+000  9.999999e-001  0.000000e+000
    outer loop
      vertex -4.504578e+001 -5.605759e+000  4.965997e+001
      vertex -5.099843e+001 -5.605759e+000  4.940520e+001
      vertex -5.140322e+001 -5.605759e+000  4.999224e+001
    endloop
  endfacet
  facet normal  -0.000000e+000  1.000000e+000  0.000000e+000
    outer loop
      vertex -4.504578e+001 -5.605759e+000  4.965997e+001
      vertex -5.140322e+001 -5.605759e+000  4.999224e+001
      vertex -4.466464e+001 -5.605759e+000  5.017839e+001
    endloop
  endfacet
  facet normal  0.000000e+000  1.000000e+000  0.000000e+000
    outer loop
      vertex -4.614395e+001 -5.605759e+000  4.601443e+001
      vertex -5.008306e+001 -5.605759e+000  4.672643e+001
      vertex -4.611258e+001 -5.605759e+000  4.665712e+001
    endloop
  endfacet
  facet normal  0.000000e+000  1.000000e+000  0.000000e+000
    outer loop
      vertex -4.611258e+001 -5.605759e+000  4.665712e+001
      vertex -5.008306e+001 -5.605759e+000  4.672643e+001
      vertex -5.019993e+001 -5.605759e+000  4.742986e+001
    endloop
  endfacet
  facet normal  0.000000e+000  1.000000e+000  0.000000e+000
    outer loop
      vertex -4.611258e+001 -5.605759e+000  4.665712e+001
      vertex -5.019993e+001 -5.605759e+000  4.742986e+001
      vertex -4.601878e+001 -5.605759e+000  4.729369e+001
    endloop
  endfacet
  facet normal  0.000000e+000  1.000000e+000  0.000000e+000
    outer loop
      vertex -4.601878e+001 -5.605759e+000  4.729369e+001
      vertex -5.019993e+001 -5.605759e+000  4.742986e+001
      vertex -5.039315e+001 -5.605759e+000  4.811625e+001
    endloop
  endfacet
  facet normal  0.000000e+000  9.999999e-001  0.000000e+000
    outer loop
      vertex -4.601878e+001 -5.605759e+000  4.729369e+001
      vertex -5.039315e+001 -5.605759e+000  4.811625e+001
      vertex -4.586345e+001 -5.605759e+000  4.791811e+001
    endloop
  endfacet
  facet normal  0.000000e+000  1.000000e+000  0.000000e+000
    outer loop
      vertex -4.586345e+001 -5.605759e+000  4.791811e+001
      vertex -5.039315e+001 -5.605759e+000  4.811625e+001
      vertex -5.066039e+001 -5.605759e+000  4.877735e+001
    endloop
  endfacet
  facet normal  0.000000e+000  9.999999e-001  0.000000e+000
    outer loop
      vertex -4.586345e+001 -5.605759e+000  4.791811e+001
      vertex -5.066039e+001 -5.605759e+000  4.877735e+001
      vertex -4.564804e+001 -5.605759e+000  4.852443e+001
    endloop
  endfacet
  facet normal  0.000000e+000  1.000000e+000  0.000000e+000
    outer loop
      vertex -5.008306e+001 -5.605759e+000  4.672643e+001
      vertex -4.614395e+001 -5.605759e+000  4.601443e+001
      vertex -5.004395e+001 -5.605759e+000  4.601443e+001
    endloop
  endfacet
  facet normal  -0.000000e+000  1.000000e+000  0.000000e+000
    outer loop
      vertex -5.004395e+001 -5.605759e+000  4.601443e+001
      vertex -4.614395e+001 -5.605759e+000  4.601443e+001
      vertex -4.610513e+001 -5.605759e+000  4.529963e+001
    endloop
  endfacet
  facet normal  0.000000e+000  1.000000e+000  0.000000e+000
    outer loop
      vertex -5.004395e+001 -5.605759e+000  4.601443e+001
      vertex -4.610513e+001 -5.605759e+000  4.529963e+001
      vertex -5.008306e+001 -5.605759e+000  4.530244e+001
    endloop
  endfacet
  facet normal  0.000000e+000  1.000000e+000  0.000000e+000
    outer loop
      vertex -5.008306e+001 -5.605759e+000  4.530244e+001
      vertex -4.610513e+001 -5.605759e+000  4.529963e+001
      vertex -4.598912e+001 -5.605759e+000  4.459324e+001
    endloop
  endfacet
  facet normal  0.000000e+000  9.999999e-001  0.000000e+000
    outer loop
      vertex -5.008306e+001 -5.605759e+000  4.530244e+001
      vertex -4.598912e+001 -5.605759e+000  4.459324e+001
      vertex -5.019993e+001 -5.605759e+000  4.459901e+001
    endloop
  endfacet
  facet normal  0.000000e+000  1.000000e+000  0.000000e+000
    outer loop
      vertex -5.019993e+001 -5.605759e+000  4.459901e+001
      vertex -4.598912e+001 -5.605759e+000  4.459324e+001
      vertex -4.579729e+001 -5.605759e+000  4.390356e+001
    endloop
  endfacet
  facet normal  0.000000e+000  1.000000e+000  0.000000e+000
    outer loop
      vertex -5.019993e+001 -5.605759e+000  4.459901e+001
      vertex -4.579729e+001 -5.605759e+000  4.390356e+001
      vertex -5.039315e+001 -5.605759e+000  4.391262e+001
    endloop
  endfacet
  facet normal  0.000000e+000  1.000000e+000  0.000000e+000
    outer loop
      vertex -5.039315e+001 -5.605759e+000  4.391262e+001
      vertex -4.579729e+001 -5.605759e+000  4.390356e+001
      vertex -4.553189e+001 -5.605759e+000  4.323872e+001
    endloop
  endfacet
  facet normal  0.000000e+000  1.000000e+000  0.000000e+000
    outer loop
      vertex -5.039315e+001 -5.605759e+000  4.391262e+001
      vertex -4.553189e+001 -5.605759e+000  4.323872e+001
      vertex -5.066039e+001 -5.605759e+000  4.325152e+001
    endloop
  endfacet
  facet normal  0.000000e+000  1.000000e+000  0.000000e+000
    outer loop
      vertex -5.066039e+001 -5.605759e+000  4.325152e+001
      vertex -4.553189e+001 -5.605759e+000  4.323872e+001
      vertex -4.519604e+001 -5.605759e+000  4.260653e+001
    endloop
  endfacet
  facet normal  0.000000e+000  1.000000e+000  0.000000e+000
    outer loop
      vertex -5.066039e+001 -5.605759e+000  4.325152e+001
      vertex -4.519604e+001 -5.605759e+000  4.260653e+001
      vertex -5.099843e+001 -5.605759e+000  4.262367e+001
    endloop
  endfacet
  facet normal  0.000000e+000  1.000000e+000  0.000000e+000
    outer loop
      vertex -5.186987e+001 -5.605759e+000  4.149747e+001
      vertex -3.114701e+001 -5.605759e+000  4.201443e+001
      vertex -5.186987e+001 -5.605759e+000  4.001443e+001
    endloop
  endfacet
  facet normal  0.000000e+000  1.000000e+000  0.000000e+000
    outer loop
      vertex -5.186987e+001 -5.605759e+000  4.001443e+001
      vertex -3.114701e+001 -5.605759e+000  4.201443e+001
      vertex -3.114701e+001 -5.605759e+000  4.001443e+001
    endloop
  endfacet
  facet normal  7.845887e-002  9.969172e-001  0.000000e+000
    outer loop
      vertex -3.114701e+001 -5.605759e+000  4.001443e+001
      vertex -3.114701e+001 -5.605759e+000  4.201443e+001
      vertex -3.067771e+001 -5.642694e+000  4.001443e+001
    endloop
  endfacet
  facet normal  7.845887e-002  9.969172e-001  -0.000000e+000
    outer loop
      vertex -3.067771e+001 -5.642694e+000  4.001443e+001
      vertex -3.114701e+001 -5.605759e+000  4.201443e+001
      vertex -3.067771e+001 -5.642694e+000  4.201443e+001
    endloop
  endfacet
  facet normal  2.334445e-001  9.723701e-001  0.000000e+000
    outer loop
      vertex -3.067771e+001 -5.642694e+000  4.001443e+001
      vertex -3.067771e+001 -5.642694e+000  4.201443e+001
      vertex -3.021996e+001 -5.752589e+000  4.001443e+001
    endloop
  endfacet
  facet normal  2.334445e-001  9.723701e-001  -0.000000e+000
    outer loop
      vertex -3.021996e+001 -5.752589e+000  4.001443e+001
      vertex -3.067771e+001 -5.642694e+000  4.201443e+001
      vertex -3.021996e+001 -5.752589e+000  4.201443e+001
    endloop
  endfacet
  facet normal  3.826844e-001  9.238792e-001  0.000000e+000
    outer loop
      vertex -3.021996e+001 -5.752589e+000  4.001443e+001
      vertex -3.021996e+001 -5.752589e+000  4.201443e+001
      vertex -2.978504e+001 -5.932739e+000  4.001443e+001
    endloop
  endfacet
  facet normal  3.826844e-001  9.238792e-001  -0.000000e+000
    outer loop
      vertex -2.978504e+001 -5.932739e+000  4.001443e+001
      vertex -3.021996e+001 -5.752589e+000  4.201443e+001
      vertex -2.978504e+001 -5.932739e+000  4.201443e+001
    endloop
  endfacet
  facet normal  5.224988e-001  8.526400e-001  0.000000e+000
    outer loop
      vertex -2.978504e+001 -5.932739e+000  4.001443e+001
      vertex -2.978504e+001 -5.932739e+000  4.201443e+001
      vertex -2.938366e+001 -6.178708e+000  4.001443e+001
    endloop
  endfacet
  facet normal  5.224988e-001  8.526400e-001  -0.000000e+000
    outer loop
      vertex -2.938366e+001 -6.178708e+000  4.001443e+001
      vertex -2.978504e+001 -5.932739e+000  4.201443e+001
      vertex -2.938366e+001 -6.178708e+000  4.201443e+001
    endloop
  endfacet
  facet normal  6.494468e-001  7.604071e-001  0.000000e+000
    outer loop
      vertex -2.938366e+001 -6.178708e+000  4.001443e+001
      vertex -2.938366e+001 -6.178708e+000  4.201443e+001
      vertex -2.902569e+001 -6.484438e+000  4.001443e+001
    endloop
  endfacet
  facet normal  6.494468e-001  7.604071e-001  -0.000000e+000
    outer loop
      vertex -2.902569e+001 -6.484438e+000  4.001443e+001
      vertex -2.938366e+001 -6.178708e+000  4.201443e+001
      vertex -2.902569e+001 -6.484438e+000  4.201443e+001
    endloop
  endfacet
  facet normal  7.604057e-001  6.494483e-001  0.000000e+000
    outer loop
      vertex -2.902569e+001 -6.484438e+000  4.001443e+001
      vertex -2.902569e+001 -6.484438e+000  4.201443e+001
      vertex -2.871996e+001 -6.842403e+000  4.001443e+001
    endloop
  endfacet
  facet normal  7.604057e-001  6.494483e-001  -0.000000e+000
    outer loop
      vertex -2.871996e+001 -6.842403e+000  4.001443e+001
      vertex -2.902569e+001 -6.484438e+000  4.201443e+001
      vertex -2.871996e+001 -6.842403e+000  4.201443e+001
    endloop
  endfacet
  facet normal  8.526410e-001  5.224974e-001  0.000000e+000
    outer loop
      vertex -2.871996e+001 -6.842403e+000  4.001443e+001
      vertex -2.871996e+001 -6.842403e+000  4.201443e+001
      vertex -2.847400e+001 -7.243787e+000  4.001443e+001
    endloop
  endfacet
  facet normal  8.526410e-001  5.224974e-001  -0.000000e+000
    outer loop
      vertex -2.847400e+001 -7.243787e+000  4.001443e+001
      vertex -2.871996e+001 -6.842403e+000  4.201443e+001
      vertex -2.847400e+001 -7.243787e+000  4.201443e+001
    endloop
  endfacet
  facet normal  9.238803e-001  3.826816e-001  0.000000e+000
    outer loop
      vertex -2.847400e+001 -7.243787e+000  4.001443e+001
      vertex -2.847400e+001 -7.243787e+000  4.201443e+001
      vertex -2.829385e+001 -7.678708e+000  4.001443e+001
    endloop
  endfacet
  facet normal  9.238803e-001  3.826816e-001  -0.000000e+000
    outer loop
      vertex -2.829385e+001 -7.678708e+000  4.001443e+001
      vertex -2.847400e+001 -7.243787e+000  4.201443e+001
      vertex -2.829385e+001 -7.678708e+000  4.201443e+001
    endloop
  endfacet
  facet normal  9.723698e-001  2.334459e-001  0.000000e+000
    outer loop
      vertex -2.829385e+001 -7.678708e+000  4.001443e+001
      vertex -2.829385e+001 -7.678708e+000  4.201443e+001
      vertex -2.818395e+001 -8.136456e+000  4.001443e+001
    endloop
  endfacet
  facet normal  9.723698e-001  2.334459e-001  -0.000000e+000
    outer loop
      vertex -2.818395e+001 -8.136456e+000  4.001443e+001
      vertex -2.829385e+001 -7.678708e+000  4.201443e+001
      vertex -2.818395e+001 -8.136456e+000  4.201443e+001
    endloop
  endfacet
  facet normal  9.969171e-001  7.846089e-002  0.000000e+000
    outer loop
      vertex -2.818395e+001 -8.136456e+000  4.001443e+001
      vertex -2.818395e+001 -8.136456e+000  4.201443e+001
      vertex -2.814701e+001 -8.605759e+000  4.001443e+001
    endloop
  endfacet
  facet normal  9.969171e-001  7.846089e-002  -0.000000e+000
    outer loop
      vertex -2.814701e+001 -8.605759e+000  4.001443e+001
      vertex -2.818395e+001 -8.136456e+000  4.201443e+001
      vertex -2.814701e+001 -8.605759e+000  4.201443e+001
    endloop
  endfacet
  facet normal  -0.000000e+000 -1.000000e+000  -0.000000e+000
    outer loop
      vertex -4.479371e+001 -2.160576e+001  4.201443e+001
      vertex -4.519604e+001 -2.160576e+001  4.260653e+001
      vertex -5.099843e+001 -2.160576e+001  4.262367e+001
    endloop
  endfacet
  facet normal  0.000000e+000 -9.999999e-001  -0.000000e+000
    outer loop
      vertex -4.479371e+001 -2.160576e+001  4.201443e+001
      vertex -5.099843e+001 -2.160576e+001  4.262367e+001
      vertex -5.140322e+001 -2.160576e+001  4.203663e+001
    endloop
  endfacet
  facet normal  0.000000e+000 -9.999999e-001  -0.000000e+000
    outer loop
      vertex -4.479371e+001 -2.160576e+001  4.201443e+001
      vertex -5.140322e+001 -2.160576e+001  4.203663e+001
      vertex -5.186987e+001 -2.160576e+001  4.149747e+001
    endloop
  endfacet
  facet normal  0.000000e+000 -1.000000e+000  0.000000e+000
    outer loop
      vertex -4.479371e+001 -2.160576e+001  4.201443e+001
      vertex -5.186987e+001 -2.160576e+001  4.149747e+001
      vertex -3.114701e+001 -2.160576e+001  4.201443e+001
    endloop
  endfacet
  facet normal  0.000000e+000 -9.999999e-001  0.000000e+000
    outer loop
      vertex -5.186987e+001 -2.160576e+001  5.053140e+001
      vertex -5.140322e+001 -2.160576e+001  4.999224e+001
      vertex -4.466464e+001 -2.160576e+001  5.017839e+001
    endloop
  endfacet
  facet normal  0.000000e+000 -1.000000e+000  0.000000e+000
    outer loop
      vertex -5.186987e+001 -2.160576e+001  5.053140e+001
      vertex -4.466464e+001 -2.160576e+001  5.017839e+001
      vertex -4.423484e+001 -2.160576e+001  5.065723e+001
    endloop
  endfacet
  facet normal  -0.000000e+000 -1.000000e+000  0.000000e+000
    outer loop
      vertex -5.186987e+001 -2.160576e+001  5.053140e+001
      vertex -4.423484e+001 -2.160576e+001  5.065723e+001
      vertex -4.430041e+001 -2.160576e+001  5.103365e+001
    endloop
  endfacet
  facet normal  -0.000000e+000 -1.000000e+000  0.000000e+000
    outer loop
      vertex -5.186987e+001 -2.160576e+001  5.053140e+001
      vertex -4.430041e+001 -2.160576e+001  5.103365e+001
      vertex -4.443121e+001 -2.160576e+001  5.139265e+001
    endloop
  endfacet
  facet normal  -0.000000e+000 -1.000000e+000  0.000000e+000
    outer loop
      vertex -5.186987e+001 -2.160576e+001  5.053140e+001
      vertex -4.443121e+001 -2.160576e+001  5.139265e+001
      vertex -4.462318e+001 -2.160576e+001  5.172302e+001
    endloop
  endfacet
  facet normal  -0.000000e+000 -1.000000e+000  0.000000e+000
    outer loop
      vertex -5.186987e+001 -2.160576e+001  5.053140e+001
      vertex -4.462318e+001 -2.160576e+001  5.172302e+001
      vertex -4.487029e+001 -2.160576e+001  5.201443e+001
    endloop
  endfacet
  facet normal  -0.000000e+000 -1.000000e+000  0.000000e+000
    outer loop
      vertex -5.186987e+001 -2.160576e+001  5.053140e+001
      vertex -4.487029e+001 -2.160576e+001  5.201443e+001
      vertex -5.186987e+001 -2.160576e+001  5.201443e+001
    endloop
  endfacet
  facet normal  0.000000e+000 -1.000000e+000  0.000000e+000
    outer loop
      vertex -4.466464e+001 -2.160576e+001  5.017839e+001
      vertex -5.140322e+001 -2.160576e+001  4.999224e+001
      vertex -4.504578e+001 -2.160576e+001  4.965997e+001
    endloop
  endfacet
  facet normal  -0.000000e+000 -9.999999e-001  0.000000e+000
    outer loop
      vertex -4.504578e+001 -2.160576e+001  4.965997e+001
      vertex -5.140322e+001 -2.160576e+001  4.999224e+001
      vertex -5.099843e+001 -2.160576e+001  4.940520e+001
    endloop
  endfacet
  facet normal  0.000000e+000 -9.999999e-001  0.000000e+000
    outer loop
      vertex -4.504578e+001 -2.160576e+001  4.965997e+001
      vertex -5.099843e+001 -2.160576e+001  4.940520e+001
      vertex -4.537462e+001 -2.160576e+001  4.910690e+001
    endloop
  endfacet
  facet normal  -0.000000e+000 -1.000000e+000  0.000000e+000
    outer loop
      vertex -4.537462e+001 -2.160576e+001  4.910690e+001
      vertex -5.099843e+001 -2.160576e+001  4.940520e+001
      vertex -5.066039e+001 -2.160576e+001  4.877735e+001
    endloop
  endfacet
  facet normal  0.000000e+000 -9.999999e-001  0.000000e+000
    outer loop
      vertex -4.537462e+001 -2.160576e+001  4.910690e+001
      vertex -5.066039e+001 -2.160576e+001  4.877735e+001
      vertex -4.564804e+001 -2.160576e+001  4.852443e+001
    endloop
  endfacet
  facet normal  0.000000e+000 -9.999999e-001  0.000000e+000
    outer loop
      vertex -4.564804e+001 -2.160576e+001  4.852443e+001
      vertex -5.066039e+001 -2.160576e+001  4.877735e+001
      vertex -4.586345e+001 -2.160576e+001  4.791811e+001
    endloop
  endfacet
  facet normal  0.000000e+000 -1.000000e+000  0.000000e+000
    outer loop
      vertex -4.586345e+001 -2.160576e+001  4.791811e+001
      vertex -5.066039e+001 -2.160576e+001  4.877735e+001
      vertex -5.039315e+001 -2.160576e+001  4.811625e+001
    endloop
  endfacet
  facet normal  0.000000e+000 -9.999999e-001  0.000000e+000
    outer loop
      vertex -4.586345e+001 -2.160576e+001  4.791811e+001
      vertex -5.039315e+001 -2.160576e+001  4.811625e+001
      vertex -4.601878e+001 -2.160576e+001  4.729369e+001
    endloop
  endfacet
  facet normal  0.000000e+000 -1.000000e+000  0.000000e+000
    outer loop
      vertex -4.601878e+001 -2.160576e+001  4.729369e+001
      vertex -5.039315e+001 -2.160576e+001  4.811625e+001
      vertex -5.019993e+001 -2.160576e+001  4.742986e+001
    endloop
  endfacet
  facet normal  0.000000e+000 -1.000000e+000  0.000000e+000
    outer loop
      vertex -4.601878e+001 -2.160576e+001  4.729369e+001
      vertex -5.019993e+001 -2.160576e+001  4.742986e+001
      vertex -4.611258e+001 -2.160576e+001  4.665712e+001
    endloop
  endfacet
  facet normal  0.000000e+000 -1.000000e+000  0.000000e+000
    outer loop
      vertex -4.611258e+001 -2.160576e+001  4.665712e+001
      vertex -5.019993e+001 -2.160576e+001  4.742986e+001
      vertex -5.008306e+001 -2.160576e+001  4.672643e+001
    endloop
  endfacet
  facet normal  0.000000e+000 -1.000000e+000  0.000000e+000
    outer loop
      vertex -4.611258e+001 -2.160576e+001  4.665712e+001
      vertex -5.008306e+001 -2.160576e+001  4.672643e+001
      vertex -4.614395e+001 -2.160576e+001  4.601443e+001
    endloop
  endfacet
  facet normal  0.000000e+000 -1.000000e+000  0.000000e+000
    outer loop
      vertex -4.614395e+001 -2.160576e+001  4.601443e+001
      vertex -5.008306e+001 -2.160576e+001  4.672643e+001
      vertex -5.004395e+001 -2.160576e+001  4.601443e+001
    endloop
  endfacet
  facet normal  0.000000e+000 -1.000000e+000  0.000000e+000
    outer loop
      vertex -4.614395e+001 -2.160576e+001  4.601443e+001
      vertex -5.004395e+001 -2.160576e+001  4.601443e+001
      vertex -4.610513e+001 -2.160576e+001  4.529963e+001
    endloop
  endfacet
  facet normal  0.000000e+000 -1.000000e+000  0.000000e+000
    outer loop
      vertex -4.610513e+001 -2.160576e+001  4.529963e+001
      vertex -5.004395e+001 -2.160576e+001  4.601443e+001
      vertex -5.008306e+001 -2.160576e+001  4.530244e+001
    endloop
  endfacet
  facet normal  0.000000e+000 -1.000000e+000  0.000000e+000
    outer loop
      vertex -4.610513e+001 -2.160576e+001  4.529963e+001
      vertex -5.008306e+001 -2.160576e+001  4.530244e+001
      vertex -4.598912e+001 -2.160576e+001  4.459324e+001
    endloop
  endfacet
  facet normal  0.000000e+000 -9.999999e-001  0.000000e+000
    outer loop
      vertex -4.598912e+001 -2.160576e+001  4.459324e+001
      vertex -5.008306e+001 -2.160576e+001  4.530244e+001
      vertex -5.019993e+001 -2.160576e+001  4.459901e+001
    endloop
  endfacet
  facet normal  0.000000e+000 -1.000000e+000  0.000000e+000
    outer loop
      vertex -4.598912e+001 -2.160576e+001  4.459324e+001
      vertex -5.019993e+001 -2.160576e+001  4.459901e+001
      vertex -4.579729e+001 -2.160576e+001  4.390356e+001
    endloop
  endfacet
  facet normal  0.000000e+000 -1.000000e+000  0.000000e+000
    outer loop
      vertex -4.579729e+001 -2.160576e+001  4.390356e+001
      vertex -5.019993e+001 -2.160576e+001  4.459901e+001
      vertex -5.039315e+001 -2.160576e+001  4.391262e+001
    endloop
  endfacet
  facet normal  0.000000e+000 -1.000000e+000  0.000000e+000
    outer loop
      vertex -4.579729e+001 -2.160576e+001  4.390356e+001
      vertex -5.039315e+001 -2.160576e+001  4.391262e+001
      vertex -4.553189e+001 -2.160576e+001  4.323872e+001
    endloop
  endfacet
  facet normal  0.000000e+000 -1.000000e+000  0.000000e+000
    outer loop
      vertex -4.553189e+001 -2.160576e+001  4.323872e+001
      vertex -5.039315e+001 -2.160576e+001  4.391262e+001
      vertex -5.066039e+001 -2.160576e+001  4.325152e+001
    endloop
  endfacet
  facet normal  0.000000e+000 -1.000000e+000  0.000000e+000
    outer loop
      vertex -4.553189e+001 -2.160576e+001  4.323872e+001
      vertex -5.066039e+001 -2.160576e+001  4.325152e+001
      vertex -4.519604e+001 -2.160576e+001  4.260653e+001
    endloop
  endfacet
  facet normal  0.000000e+000 -1.000000e+000  0.000000e+000
    outer loop
      vertex -4.519604e+001 -2.160576e+001  4.260653e+001
      vertex -5.066039e+001 -2.160576e+001  4.325152e+001
      vertex -5.099843e+001 -2.160576e+001  4.262367e+001
    endloop
  endfacet
  facet normal  0.000000e+000 -1.000000e+000  0.000000e+000
    outer loop
      vertex -5.186987e+001 -2.160576e+001  4.149747e+001
      vertex -5.186987e+001 -2.160576e+001  4.001443e+001
      vertex -3.114701e+001 -2.160576e+001  4.201443e+001
    endloop
  endfacet
  facet normal  0.000000e+000 -1.000000e+000  -0.000000e+000
    outer loop
      vertex -3.114701e+001 -2.160576e+001  4.201443e+001
      vertex -5.186987e+001 -2.160576e+001  4.001443e+001
      vertex -3.114701e+001 -2.160576e+001  4.001443e+001
    endloop
  endfacet
  facet normal  9.969171e-001 -7.846089e-002  0.000000e+000
    outer loop
      vertex -2.814701e+001 -1.860576e+001  4.001443e+001
      vertex -2.814701e+001 -1.860576e+001  4.201443e+001
      vertex -2.818395e+001 -1.907506e+001  4.001443e+001
    endloop
  endfacet
  facet normal  9.969171e-001 -7.846089e-002  0.000000e+000
    outer loop
      vertex -2.818395e+001 -1.907506e+001  4.001443e+001
      vertex -2.814701e+001 -1.860576e+001  4.201443e+001
      vertex -2.818395e+001 -1.907506e+001  4.201443e+001
    endloop
  endfacet
  facet normal  9.723700e-001 -2.334455e-001  0.000000e+000
    outer loop
      vertex -2.818395e+001 -1.907506e+001  4.001443e+001
      vertex -2.818395e+001 -1.907506e+001  4.201443e+001
      vertex -2.829385e+001 -1.953281e+001  4.001443e+001
    endloop
  endfacet
  facet normal  9.723700e-001 -2.334455e-001  0.000000e+000
    outer loop
      vertex -2.829385e+001 -1.953281e+001  4.001443e+001
      vertex -2.818395e+001 -1.907506e+001  4.201443e+001
      vertex -2.829385e+001 -1.953281e+001  4.201443e+001
    endloop
  endfacet
  facet normal  9.238798e-001 -3.826827e-001  0.000000e+000
    outer loop
      vertex -2.829385e+001 -1.953281e+001  4.001443e+001
      vertex -2.829385e+001 -1.953281e+001  4.201443e+001
      vertex -2.847400e+001 -1.996773e+001  4.001443e+001
    endloop
  endfacet
  facet normal  9.238798e-001 -3.826827e-001  0.000000e+000
    outer loop
      vertex -2.847400e+001 -1.996773e+001  4.001443e+001
      vertex -2.829385e+001 -1.953281e+001  4.201443e+001
      vertex -2.847400e+001 -1.996773e+001  4.201443e+001
    endloop
  endfacet
  facet normal  8.526410e-001 -5.224974e-001  0.000000e+000
    outer loop
      vertex -2.847400e+001 -1.996773e+001  4.001443e+001
      vertex -2.847400e+001 -1.996773e+001  4.201443e+001
      vertex -2.871996e+001 -2.036911e+001  4.001443e+001
    endloop
  endfacet
  facet normal  8.526410e-001 -5.224974e-001  0.000000e+000
    outer loop
      vertex -2.871996e+001 -2.036911e+001  4.001443e+001
      vertex -2.847400e+001 -1.996773e+001  4.201443e+001
      vertex -2.871996e+001 -2.036911e+001  4.201443e+001
    endloop
  endfacet
  facet normal  7.604066e-001 -6.494474e-001  0.000000e+000
    outer loop
      vertex -2.871996e+001 -2.036911e+001  4.001443e+001
      vertex -2.871996e+001 -2.036911e+001  4.201443e+001
      vertex -2.902569e+001 -2.072708e+001  4.001443e+001
    endloop
  endfacet
  facet normal  7.604066e-001 -6.494474e-001  0.000000e+000
    outer loop
      vertex -2.902569e+001 -2.072708e+001  4.001443e+001
      vertex -2.871996e+001 -2.036911e+001  4.201443e+001
      vertex -2.902569e+001 -2.072708e+001  4.201443e+001
    endloop
  endfacet
  facet normal  6.494474e-001 -7.604066e-001  0.000000e+000
    outer loop
      vertex -2.902569e+001 -2.072708e+001  4.001443e+001
      vertex -2.902569e+001 -2.072708e+001  4.201443e+001
      vertex -2.938366e+001 -2.103281e+001  4.001443e+001
    endloop
  endfacet
  facet normal  6.494474e-001 -7.604066e-001  0.000000e+000
    outer loop
      vertex -2.938366e+001 -2.103281e+001  4.001443e+001
      vertex -2.902569e+001 -2.072708e+001  4.201443e+001
      vertex -2.938366e+001 -2.103281e+001  4.201443e+001
    endloop
  endfacet
  facet normal  5.224974e-001 -8.526410e-001  0.000000e+000
    outer loop
      vertex -2.938366e+001 -2.103281e+001  4.001443e+001
      vertex -2.938366e+001 -2.103281e+001  4.201443e+001
      vertex -2.978504e+001 -2.127878e+001  4.001443e+001
    endloop
  endfacet
  facet normal  5.224974e-001 -8.526410e-001  0.000000e+000
    outer loop
      vertex -2.978504e+001 -2.127878e+001  4.001443e+001
      vertex -2.938366e+001 -2.103281e+001  4.201443e+001
      vertex -2.978504e+001 -2.127878e+001  4.201443e+001
    endloop
  endfacet
  facet normal  3.826861e-001 -9.238784e-001  0.000000e+000
    outer loop
      vertex -2.978504e+001 -2.127878e+001  4.001443e+001
      vertex -2.978504e+001 -2.127878e+001  4.201443e+001
      vertex -3.021996e+001 -2.145893e+001  4.001443e+001
    endloop
  endfacet
  facet normal  3.826861e-001 -9.238784e-001  0.000000e+000
    outer loop
      vertex -3.021996e+001 -2.145893e+001  4.001443e+001
      vertex -2.978504e+001 -2.127878e+001  4.201443e+001
      vertex -3.021996e+001 -2.145893e+001  4.201443e+001
    endloop
  endfacet
  facet normal  2.334455e-001 -9.723700e-001  0.000000e+000
    outer loop
      vertex -3.021996e+001 -2.145893e+001  4.001443e+001
      vertex -3.021996e+001 -2.145893e+001  4.201443e+001
      vertex -3.067771e+001 -2.156882e+001  4.001443e+001
    endloop
  endfacet
  facet normal  2.334455e-001 -9.723700e-001  0.000000e+000
    outer loop
      vertex -3.067771e+001 -2.156882e+001  4.001443e+001
      vertex -3.021996e+001 -2.145893e+001  4.201443e+001
      vertex -3.067771e+001 -2.156882e+001  4.201443e+001
    endloop
  endfacet
  facet normal  7.845686e-002 -9.969175e-001  0.000000e+000
    outer loop
      vertex -3.067771e+001 -2.156882e+001  4.001443e+001
      vertex -3.067771e+001 -2.156882e+001  4.201443e+001
      vertex -3.114701e+001 -2.160576e+001  4.001443e+001
    endloop
  endfacet
  facet normal  7.845686e-002 -9.969175e-001  0.000000e+000
    outer loop
      vertex -3.114701e+001 -2.160576e+001  4.001443e+001
      vertex -3.067771e+001 -2.156882e+001  4.201443e+001
      vertex -3.114701e+001 -2.160576e+001  4.201443e+001
    endloop
  endfacet
  facet normal  -0.000000e+000  0.000000e+000  1.000000e+000
    outer loop
      vertex -4.611700e+001 -9.505759e+000  4.101443e+001
      vertex -4.786426e+001 -9.505759e+000  4.101443e+001
      vertex -4.786426e+001 -1.358731e+001  4.101443e+001
    endloop
  endfacet
  facet normal  -0.000000e+000  0.000000e+000  1.000000e+000
    outer loop
      vertex -4.611700e+001 -9.505759e+000  4.101443e+001
      vertex -4.786426e+001 -1.358731e+001  4.101443e+001
      vertex -4.786426e+001 -1.375149e+001  4.101443e+001
    endloop
  endfacet
  facet normal  -0.000000e+000  0.000000e+000  1.000000e+000
    outer loop
      vertex -4.611700e+001 -9.505759e+000  4.101443e+001
      vertex -4.786426e+001 -1.375149e+001  4.101443e+001
      vertex -4.786426e+001 -1.770576e+001  4.101443e+001
    endloop
  endfacet
  facet normal  0.000000e+000  0.000000e+000  1.000000e+000
    outer loop
      vertex -4.611700e+001 -9.505759e+000  4.101443e+001
      vertex -4.786426e+001 -1.770576e+001  4.101443e+001
      vertex -4.611700e+001 -1.770576e+001  4.101443e+001
    endloop
  endfacet
  facet normal  0.000000e+000  1.000000e+000  0.000000e+000
    outer loop
      vertex -4.511700e+001 -1.770576e+001  4.201443e+001
      vertex -4.579729e+001 -1.770576e+001  4.390356e+001
      vertex -4.553189e+001 -1.770576e+001  4.323872e+001
    endloop
  endfacet
  facet normal  0.000000e+000  1.000000e+000  0.000000e+000
    outer loop
      vertex -4.511700e+001 -1.770576e+001  4.201443e+001
      vertex -4.553189e+001 -1.770576e+001  4.323872e+001
      vertex -4.519604e+001 -1.770576e+001  4.260653e+001
    endloop
  endfacet
  facet normal  0.000000e+000  9.999999e-001  0.000000e+000
    outer loop
      vertex -4.511700e+001 -1.770576e+001  4.201443e+001
      vertex -4.519604e+001 -1.770576e+001  4.260653e+001
      vertex -4.479371e+001 -1.770576e+001  4.201443e+001
    endloop
  endfacet
  facet normal  0.000000e+000  1.000000e+000  0.000000e+000
    outer loop
      vertex -4.429537e+001 -1.770576e+001  5.101443e+001
      vertex -4.423484e+001 -1.770576e+001  5.065723e+001
      vertex -4.466464e+001 -1.770576e+001  5.017839e+001
    endloop
  endfacet
  facet normal  0.000000e+000  1.000000e+000  -0.000000e+000
    outer loop
      vertex -4.429537e+001 -1.770576e+001  5.101443e+001
      vertex -4.466464e+001 -1.770576e+001  5.017839e+001
      vertex -4.504578e+001 -1.770576e+001  4.965997e+001
    endloop
  endfacet
  facet normal  0.000000e+000  9.999999e-001  -0.000000e+000
    outer loop
      vertex -4.429537e+001 -1.770576e+001  5.101443e+001
      vertex -4.504578e+001 -1.770576e+001  4.965997e+001
      vertex -4.537462e+001 -1.770576e+001  4.910690e+001
    endloop
  endfacet
  facet normal  0.000000e+000  1.000000e+000  0.000000e+000
    outer loop
      vertex -4.611700e+001 -1.770576e+001  4.101443e+001
      vertex -4.786426e+001 -1.770576e+001  4.101443e+001
      vertex -4.786426e+001 -1.770576e+001  5.101443e+001
    endloop
  endfacet
  facet normal  0.000000e+000  1.000000e+000  0.000000e+000
    outer loop
      vertex -4.611700e+001 -1.770576e+001  4.101443e+001
      vertex -4.786426e+001 -1.770576e+001  5.101443e+001
      vertex -4.614395e+001 -1.770576e+001  4.601443e+001
    endloop
  endfacet
  facet normal  0.000000e+000  1.000000e+000  0.000000e+000
    outer loop
      vertex -4.611700e+001 -1.770576e+001  4.101443e+001
      vertex -4.614395e+001 -1.770576e+001  4.601443e+001
      vertex -4.610513e+001 -1.770576e+001  4.529963e+001
    endloop
  endfacet
  facet normal  0.000000e+000  1.000000e+000  0.000000e+000
    outer loop
      vertex -4.611700e+001 -1.770576e+001  4.101443e+001
      vertex -4.610513e+001 -1.770576e+001  4.529963e+001
      vertex -4.598912e+001 -1.770576e+001  4.459324e+001
    endloop
  endfacet
  facet normal  0.000000e+000  9.999999e-001  0.000000e+000
    outer loop
      vertex -4.611700e+001 -1.770576e+001  4.101443e+001
      vertex -4.598912e+001 -1.770576e+001  4.459324e+001
      vertex -4.579729e+001 -1.770576e+001  4.390356e+001
    endloop
  endfacet
  facet normal  0.000000e+000  1.000000e+000  0.000000e+000
    outer loop
      vertex -4.611700e+001 -1.770576e+001  4.101443e+001
      vertex -4.579729e+001 -1.770576e+001  4.390356e+001
      vertex -4.511700e+001 -1.770576e+001  4.201443e+001
    endloop
  endfacet
  facet normal  0.000000e+000  1.000000e+000  0.000000e+000
    outer loop
      vertex -4.786426e+001 -1.770576e+001  5.101443e+001
      vertex -4.429537e+001 -1.770576e+001  5.101443e+001
      vertex -4.537462e+001 -1.770576e+001  4.910690e+001
    endloop
  endfacet
  facet normal  0.000000e+000  1.000000e+000  0.000000e+000
    outer loop
      vertex -4.786426e+001 -1.770576e+001  5.101443e+001
      vertex -4.537462e+001 -1.770576e+001  4.910690e+001
      vertex -4.564804e+001 -1.770576e+001  4.852443e+001
    endloop
  endfacet
  facet normal  0.000000e+000  9.999999e-001  0.000000e+000
    outer loop
      vertex -4.786426e+001 -1.770576e+001  5.101443e+001
      vertex -4.564804e+001 -1.770576e+001  4.852443e+001
      vertex -4.586345e+001 -1.770576e+001  4.791811e+001
    endloop
  endfacet
  facet normal  0.000000e+000  1.000000e+000  0.000000e+000
    outer loop
      vertex -4.786426e+001 -1.770576e+001  5.101443e+001
      vertex -4.586345e+001 -1.770576e+001  4.791811e+001
      vertex -4.601878e+001 -1.770576e+001  4.729369e+001
    endloop
  endfacet
  facet normal  0.000000e+000  1.000000e+000  0.000000e+000
    outer loop
      vertex -4.786426e+001 -1.770576e+001  5.101443e+001
      vertex -4.601878e+001 -1.770576e+001  4.729369e+001
      vertex -4.611258e+001 -1.770576e+001  4.665712e+001
    endloop
  endfacet
  facet normal  0.000000e+000  1.000000e+000  0.000000e+000
    outer loop
      vertex -4.786426e+001 -1.770576e+001  5.101443e+001
      vertex -4.611258e+001 -1.770576e+001  4.665712e+001
      vertex -4.614395e+001 -1.770576e+001  4.601443e+001
    endloop
  endfacet
  facet normal  0.000000e+000 -9.999999e-001  0.000000e+000
    outer loop
      vertex -4.479371e+001 -9.505759e+000  4.201443e+001
      vertex -4.519604e+001 -9.505759e+000  4.260653e+001
      vertex -4.511700e+001 -9.505759e+000  4.201443e+001
    endloop
  endfacet
  facet normal  0.000000e+000 -1.000000e+000  0.000000e+000
    outer loop
      vertex -4.786426e+001 -9.505759e+000  5.101443e+001
      vertex -4.786426e+001 -9.505759e+000  4.101443e+001
      vertex -4.614395e+001 -9.505759e+000  4.601443e+001
    endloop
  endfacet
  facet normal  0.000000e+000 -1.000000e+000  0.000000e+000
    outer loop
      vertex -4.786426e+001 -9.505759e+000  5.101443e+001
      vertex -4.614395e+001 -9.505759e+000  4.601443e+001
      vertex -4.611258e+001 -9.505759e+000  4.665712e+001
    endloop
  endfacet
  facet normal  0.000000e+000 -1.000000e+000  0.000000e+000
    outer loop
      vertex -4.786426e+001 -9.505759e+000  5.101443e+001
      vertex -4.611258e+001 -9.505759e+000  4.665712e+001
      vertex -4.601878e+001 -9.505759e+000  4.729369e+001
    endloop
  endfacet
  facet normal  0.000000e+000 -9.999999e-001  0.000000e+000
    outer loop
      vertex -4.786426e+001 -9.505759e+000  5.101443e+001
      vertex -4.601878e+001 -9.505759e+000  4.729369e+001
      vertex -4.586345e+001 -9.505759e+000  4.791811e+001
    endloop
  endfacet
  facet normal  0.000000e+000 -9.999999e-001  0.000000e+000
    outer loop
      vertex -4.786426e+001 -9.505759e+000  5.101443e+001
      vertex -4.586345e+001 -9.505759e+000  4.791811e+001
      vertex -4.564804e+001 -9.505759e+000  4.852443e+001
    endloop
  endfacet
  facet normal  0.000000e+000 -1.000000e+000  0.000000e+000
    outer loop
      vertex -4.786426e+001 -9.505759e+000  5.101443e+001
      vertex -4.564804e+001 -9.505759e+000  4.852443e+001
      vertex -4.537462e+001 -9.505759e+000  4.910690e+001
    endloop
  endfacet
  facet normal  0.000000e+000 -1.000000e+000  0.000000e+000
    outer loop
      vertex -4.786426e+001 -9.505759e+000  5.101443e+001
      vertex -4.537462e+001 -9.505759e+000  4.910690e+001
      vertex -4.504578e+001 -9.505759e+000  4.965997e+001
    endloop
  endfacet
  facet normal  0.000000e+000 -1.000000e+000  0.000000e+000
    outer loop
      vertex -4.786426e+001 -9.505759e+000  5.101443e+001
      vertex -4.504578e+001 -9.505759e+000  4.965997e+001
      vertex -4.466464e+001 -9.505759e+000  5.017839e+001
    endloop
  endfacet
  facet normal  0.000000e+000 -1.000000e+000  0.000000e+000
    outer loop
      vertex -4.786426e+001 -9.505759e+000  5.101443e+001
      vertex -4.466464e+001 -9.505759e+000  5.017839e+001
      vertex -4.423484e+001 -9.505759e+000  5.065723e+001
    endloop
  endfacet
  facet normal  0.000000e+000 -1.000000e+000  0.000000e+000
    outer loop
      vertex -4.786426e+001 -9.505759e+000  5.101443e+001
      vertex -4.423484e+001 -9.505759e+000  5.065723e+001
      vertex -4.429537e+001 -9.505759e+000  5.101443e+001
    endloop
  endfacet
  facet normal  -0.000000e+000 -9.999999e-001  0.000000e+000
    outer loop
      vertex -4.611700e+001 -9.505759e+000  4.101443e+001
      vertex -4.511700e+001 -9.505759e+000  4.201443e+001
      vertex -4.519604e+001 -9.505759e+000  4.260653e+001
    endloop
  endfacet
  facet normal  -0.000000e+000 -1.000000e+000  0.000000e+000
    outer loop
      vertex -4.611700e+001 -9.505759e+000  4.101443e+001
      vertex -4.519604e+001 -9.505759e+000  4.260653e+001
      vertex -4.553189e+001 -9.505759e+000  4.323872e+001
    endloop
  endfacet
  facet normal  -0.000000e+000 -9.999999e-001  0.000000e+000
    outer loop
      vertex -4.611700e+001 -9.505759e+000  4.101443e+001
      vertex -4.553189e+001 -9.505759e+000  4.323872e+001
      vertex -4.579729e+001 -9.505759e+000  4.390356e+001
    endloop
  endfacet
  facet normal  -0.000000e+000 -9.999999e-001  0.000000e+000
    outer loop
      vertex -4.611700e+001 -9.505759e+000  4.101443e+001
      vertex -4.579729e+001 -9.505759e+000  4.390356e+001
      vertex -4.598912e+001 -9.505759e+000  4.459324e+001
    endloop
  endfacet
  facet normal  -0.000000e+000 -1.000000e+000  0.000000e+000
    outer loop
      vertex -4.611700e+001 -9.505759e+000  4.101443e+001
      vertex -4.598912e+001 -9.505759e+000  4.459324e+001
      vertex -4.610513e+001 -9.505759e+000  4.529963e+001
    endloop
  endfacet
  facet normal  -0.000000e+000 -1.000000e+000  0.000000e+000
    outer loop
      vertex -4.611700e+001 -9.505759e+000  4.101443e+001
      vertex -4.610513e+001 -9.505759e+000  4.529963e+001
      vertex -4.614395e+001 -9.505759e+000  4.601443e+001
    endloop
  endfacet
  facet normal  0.000000e+000 -1.000000e+000  -0.000000e+000
    outer loop
      vertex -4.611700e+001 -9.505759e+000  4.101443e+001
      vertex -4.614395e+001 -9.505759e+000  4.601443e+001
      vertex -4.786426e+001 -9.505759e+000  4.101443e+001
    endloop
  endfacet
  facet normal -7.071068e-001  0.000000e+000  7.071068e-001
    outer loop
      vertex -4.611700e+001 -1.770576e+001  4.101443e+001
      vertex -4.511700e+001 -1.770576e+001  4.201443e+001
      vertex -4.611700e+001 -9.505759e+000  4.101443e+001
    endloop
  endfacet
  facet normal -7.071068e-001  0.000000e+000  7.071068e-001
    outer loop
      vertex -4.611700e+001 -9.505759e+000  4.101443e+001
      vertex -4.511700e+001 -1.770576e+001  4.201443e+001
      vertex -4.511700e+001 -9.505759e+000  4.201443e+001
    endloop
  endfacet
  facet normal  -0.000000e+000  0.000000e+000  1.000000e+000
    outer loop
      vertex -4.487029e+001 -5.605759e+000  5.201443e+001
      vertex -5.186987e+001 -5.605759e+000  5.201443e+001
      vertex -5.186987e+001 -7.805759e+000  5.201443e+001
    endloop
  endfacet
  facet normal  -0.000000e+000  0.000000e+000  9.999999e-001
    outer loop
      vertex -4.487029e+001 -5.605759e+000  5.201443e+001
      vertex -5.186987e+001 -7.805759e+000  5.201443e+001
      vertex -5.186987e+001 -1.940576e+001  5.201443e+001
    endloop
  endfacet
  facet normal  -0.000000e+000  0.000000e+000  1.000000e+000
    outer loop
      vertex -4.487029e+001 -5.605759e+000  5.201443e+001
      vertex -5.186987e+001 -1.940576e+001  5.201443e+001
      vertex -5.186987e+001 -2.160576e+001  5.201443e+001
    endloop
  endfacet
  facet normal  0.000000e+000  0.000000e+000  9.999999e-001
    outer loop
      vertex -4.487029e+001 -5.605759e+000  5.201443e+001
      vertex -5.186987e+001 -2.160576e+001  5.201443e+001
      vertex -4.487029e+001 -2.160576e+001  5.201443e+001
    endloop
  endfacet
  facet normal  -0.000000e+000  0.000000e+000  1.000000e+000
    outer loop
      vertex -5.186987e+001 -7.805759e+000  5.201443e+001
      vertex -5.336084e+001 -7.805759e+000  5.201443e+001
      vertex -5.336084e+001 -9.505759e+000  5.201443e+001
    endloop
  endfacet
  facet normal  -0.000000e+000  0.000000e+000  1.000000e+000
    outer loop
      vertex -5.186987e+001 -7.805759e+000  5.201443e+001
      vertex -5.336084e+001 -9.505759e+000  5.201443e+001
      vertex -5.336084e+001 -1.770576e+001  5.201443e+001
    endloop
  endfacet
  facet normal  -0.000000e+000  0.000000e+000  1.000000e+000
    outer loop
      vertex -5.186987e+001 -7.805759e+000  5.201443e+001
      vertex -5.336084e+001 -1.770576e+001  5.201443e+001
      vertex -5.336084e+001 -1.940576e+001  5.201443e+001
    endloop
  endfacet
  facet normal  0.000000e+000  0.000000e+000  1.000000e+000
    outer loop
      vertex -5.186987e+001 -7.805759e+000  5.201443e+001
      vertex -5.336084e+001 -1.940576e+001  5.201443e+001
      vertex -5.186987e+001 -1.940576e+001  5.201443e+001
    endloop
  endfacet
  facet normal  0.000000e+000  0.000000e+000  1.000000e+000
    outer loop
      vertex -5.437730e+001 -1.770576e+001  5.201443e+001
      vertex -5.336084e+001 -1.770576e+001  5.201443e+001
      vertex -5.437730e+001 -9.505759e+000  5.201443e+001
    endloop
  endfacet
  facet normal  -0.000000e+000  0.000000e+000  1.000000e+000
    outer loop
      vertex -5.437730e+001 -9.505759e+000  5.201443e+001
      vertex -5.336084e+001 -1.770576e+001  5.201443e+001
      vertex -5.336084e+001 -9.505759e+000  5.201443e+001
    endloop
  endfacet
  facet normal  9.423009e-001  0.000000e+000 -3.347672e-001
    outer loop
      vertex -4.564804e+001 -5.605759e+000  4.852443e+001
      vertex -4.586345e+001 -9.505759e+000  4.791811e+001
      vertex -4.586345e+001 -5.605759e+000  4.791811e+001
    endloop
  endfacet
  facet normal  9.704219e-001  0.000000e+000 -2.414153e-001
    outer loop
      vertex -4.586345e+001 -5.605759e+000  4.791811e+001
      vertex -4.586345e+001 -9.505759e+000  4.791811e+001
      vertex -4.601878e+001 -9.505759e+000  4.729369e+001
    endloop
  endfacet
  facet normal  9.704219e-001  0.000000e+000 -2.414153e-001
    outer loop
      vertex -4.586345e+001 -5.605759e+000  4.791811e+001
      vertex -4.601878e+001 -9.505759e+000  4.729369e+001
      vertex -4.601878e+001 -5.605759e+000  4.729369e+001
    endloop
  endfacet
  facet normal  9.893175e-001  0.000000e+000 -1.457766e-001
    outer loop
      vertex -4.601878e+001 -5.605759e+000  4.729369e+001
      vertex -4.601878e+001 -9.505759e+000  4.729369e+001
      vertex -4.611258e+001 -9.505759e+000  4.665712e+001
    endloop
  endfacet
  facet normal  9.893175e-001  0.000000e+000 -1.457766e-001
    outer loop
      vertex -4.601878e+001 -5.605759e+000  4.729369e+001
      vertex -4.611258e+001 -9.505759e+000  4.665712e+001
      vertex -4.611258e+001 -5.605759e+000  4.665712e+001
    endloop
  endfacet
  facet normal  9.988113e-001  0.000000e+000 -4.874419e-002
    outer loop
      vertex -4.611258e+001 -5.605759e+000  4.665712e+001
      vertex -4.611258e+001 -9.505759e+000  4.665712e+001
      vertex -4.614395e+001 -9.505759e+000  4.601443e+001
    endloop
  endfacet
  facet normal  9.988113e-001  0.000000e+000 -4.874419e-002
    outer loop
      vertex -4.611258e+001 -5.605759e+000  4.665712e+001
      vertex -4.614395e+001 -9.505759e+000  4.601443e+001
      vertex -4.614395e+001 -5.605759e+000  4.601443e+001
    endloop
  endfacet
  facet normal  9.423009e-001  0.000000e+000 -3.347672e-001
    outer loop
      vertex -4.586345e+001 -9.505759e+000  4.791811e+001
      vertex -4.564804e+001 -5.605759e+000  4.852443e+001
      vertex -4.564804e+001 -9.505759e+000  4.852443e+001
    endloop
  endfacet
  facet normal  9.052252e-001  0.000000e+000 -4.249324e-001
    outer loop
      vertex -4.564804e+001 -9.505759e+000  4.852443e+001
      vertex -4.564804e+001 -5.605759e+000  4.852443e+001
      vertex -4.537462e+001 -5.605759e+000  4.910690e+001
    endloop
  endfacet
  facet normal  9.052252e-001  0.000000e+000 -4.249324e-001
    outer loop
      vertex -4.564804e+001 -9.505759e+000  4.852443e+001
      vertex -4.537462e+001 -5.605759e+000  4.910690e+001
      vertex -4.537462e+001 -9.505759e+000  4.910690e+001
    endloop
  endfacet
  facet normal  8.595429e-001  0.000000e+000 -5.110635e-001
    outer loop
      vertex -4.537462e+001 -9.505759e+000  4.910690e+001
      vertex -4.537462e+001 -5.605759e+000  4.910690e+001
      vertex -4.504578e+001 -5.605759e+000  4.965997e+001
    endloop
  endfacet
  facet normal  8.595429e-001  0.000000e+000 -5.110635e-001
    outer loop
      vertex -4.537462e+001 -9.505759e+000  4.910690e+001
      vertex -4.504578e+001 -5.605759e+000  4.965997e+001
      vertex -4.504578e+001 -9.505759e+000  4.965997e+001
    endloop
  endfacet
  facet normal  8.056961e-001  0.000000e+000 -5.923291e-001
    outer loop
      vertex -4.504578e+001 -9.505759e+000  4.965997e+001
      vertex -4.504578e+001 -5.605759e+000  4.965997e+001
      vertex -4.466464e+001 -5.605759e+000  5.017839e+001
    endloop
  endfacet
  facet normal  8.056961e-001  0.000000e+000 -5.923291e-001
    outer loop
      vertex -4.504578e+001 -9.505759e+000  4.965997e+001
      vertex -4.466464e+001 -5.605759e+000  5.017839e+001
      vertex -4.466464e+001 -9.505759e+000  5.017839e+001
    endloop
  endfacet
  facet normal  7.441850e-001  0.000000e+000 -6.679737e-001
    outer loop
      vertex -4.466464e+001 -9.505759e+000  5.017839e+001
      vertex -4.466464e+001 -5.605759e+000  5.017839e+001
      vertex -4.423484e+001 -5.605759e+000  5.065723e+001
    endloop
  endfacet
  facet normal  7.441850e-001  0.000000e+000 -6.679737e-001
    outer loop
      vertex -4.466464e+001 -9.505759e+000  5.017839e+001
      vertex -4.423484e+001 -5.605759e+000  5.065723e+001
      vertex -4.423484e+001 -9.505759e+000  5.065723e+001
    endloop
  endfacet
  facet normal  9.423008e-001  0.000000e+000 -3.347672e-001
    outer loop
      vertex -4.564804e+001 -1.770576e+001  4.852443e+001
      vertex -4.586345e+001 -2.160576e+001  4.791811e+001
      vertex -4.586345e+001 -1.770576e+001  4.791811e+001
    endloop
  endfacet
  facet normal  9.704219e-001  0.000000e+000 -2.414153e-001
    outer loop
      vertex -4.586345e+001 -1.770576e+001  4.791811e+001
      vertex -4.586345e+001 -2.160576e+001  4.791811e+001
      vertex -4.601878e+001 -2.160576e+001  4.729369e+001
    endloop
  endfacet
  facet normal  9.704219e-001  0.000000e+000 -2.414153e-001
    outer loop
      vertex -4.586345e+001 -1.770576e+001  4.791811e+001
      vertex -4.601878e+001 -2.160576e+001  4.729369e+001
      vertex -4.601878e+001 -1.770576e+001  4.729369e+001
    endloop
  endfacet
  facet normal  9.893175e-001  0.000000e+000 -1.457766e-001
    outer loop
      vertex -4.601878e+001 -1.770576e+001  4.729369e+001
      vertex -4.601878e+001 -2.160576e+001  4.729369e+001
      vertex -4.611258e+001 -2.160576e+001  4.665712e+001
    endloop
  endfacet
  facet normal  9.893175e-001  0.000000e+000 -1.457766e-001
    outer loop
      vertex -4.601878e+001 -1.770576e+001  4.729369e+001
      vertex -4.611258e+001 -2.160576e+001  4.665712e+001
      vertex -4.611258e+001 -1.770576e+001  4.665712e+001
    endloop
  endfacet
  facet normal  9.988112e-001  0.000000e+000 -4.874419e-002
    outer loop
      vertex -4.611258e+001 -1.770576e+001  4.665712e+001
      vertex -4.611258e+001 -2.160576e+001  4.665712e+001
      vertex -4.614395e+001 -2.160576e+001  4.601443e+001
    endloop
  endfacet
  facet normal  9.988112e-001  0.000000e+000 -4.874419e-002
    outer loop
      vertex -4.611258e+001 -1.770576e+001  4.665712e+001
      vertex -4.614395e+001 -2.160576e+001  4.601443e+001
      vertex -4.614395e+001 -1.770576e+001  4.601443e+001
    endloop
  endfacet
  facet normal  9.423008e-001  0.000000e+000 -3.347672e-001
    outer loop
      vertex -4.586345e+001 -2.160576e+001  4.791811e+001
      vertex -4.564804e+001 -1.770576e+001  4.852443e+001
      vertex -4.564804e+001 -2.160576e+001  4.852443e+001
    endloop
  endfacet
  facet normal  9.052250e-001  0.000000e+000 -4.249323e-001
    outer loop
      vertex -4.564804e+001 -2.160576e+001  4.852443e+001
      vertex -4.564804e+001 -1.770576e+001  4.852443e+001
      vertex -4.537462e+001 -1.770576e+001  4.910690e+001
    endloop
  endfacet
  facet normal  9.052250e-001  0.000000e+000 -4.249323e-001
    outer loop
      vertex -4.564804e+001 -2.160576e+001  4.852443e+001
      vertex -4.537462e+001 -1.770576e+001  4.910690e+001
      vertex -4.537462e+001 -2.160576e+001  4.910690e+001
    endloop
  endfacet
  facet normal  8.595430e-001  0.000000e+000 -5.110636e-001
    outer loop
      vertex -4.537462e+001 -2.160576e+001  4.910690e+001
      vertex -4.537462e+001 -1.770576e+001  4.910690e+001
      vertex -4.504578e+001 -1.770576e+001  4.965997e+001
    endloop
  endfacet
  facet normal  8.595430e-001  0.000000e+000 -5.110636e-001
    outer loop
      vertex -4.537462e+001 -2.160576e+001  4.910690e+001
      vertex -4.504578e+001 -1.770576e+001  4.965997e+001
      vertex -4.504578e+001 -2.160576e+001  4.965997e+001
    endloop
  endfacet
  facet normal  8.056961e-001  0.000000e+000 -5.923291e-001
    outer loop
      vertex -4.504578e+001 -2.160576e+001  4.965997e+001
      vertex -4.504578e+001 -1.770576e+001  4.965997e+001
      vertex -4.466464e+001 -1.770576e+001  5.017839e+001
    endloop
  endfacet
  facet normal  8.056961e-001  0.000000e+000 -5.923291e-001
    outer loop
      vertex -4.504578e+001 -2.160576e+001  4.965997e+001
      vertex -4.466464e+001 -1.770576e+001  5.017839e+001
      vertex -4.466464e+001 -2.160576e+001  5.017839e+001
    endloop
  endfacet
  facet normal  7.441849e-001  0.000000e+000 -6.679736e-001
    outer loop
      vertex -4.466464e+001 -2.160576e+001  5.017839e+001
      vertex -4.466464e+001 -1.770576e+001  5.017839e+001
      vertex -4.423484e+001 -1.770576e+001  5.065723e+001
    endloop
  endfacet
  facet normal  7.441849e-001  0.000000e+000 -6.679736e-001
    outer loop
      vertex -4.466464e+001 -2.160576e+001  5.017839e+001
      vertex -4.423484e+001 -1.770576e+001  5.065723e+001
      vertex -4.423484e+001 -2.160576e+001  5.065723e+001
    endloop
  endfacet
  facet normal  -0.000000e+000  0.000000e+000 -1.000000e+000
    outer loop
      vertex -4.786426e+001 -9.505759e+000  5.101443e+001
      vertex -4.429537e+001 -9.505759e+000  5.101443e+001
      vertex -4.786426e+001 -1.770576e+001  5.101443e+001
    endloop
  endfacet
  facet normal  0.000000e+000  0.000000e+000 -1.000000e+000
    outer loop
      vertex -4.786426e+001 -1.770576e+001  5.101443e+001
      vertex -4.429537e+001 -9.505759e+000  5.101443e+001
      vertex -4.429537e+001 -1.770576e+001  5.101443e+001
    endloop
  endfacet
  facet normal  9.673005e-001  0.000000e+000  2.536332e-001
    outer loop
      vertex -4.429537e+001 -1.770576e+001  5.101443e+001
      vertex -4.429537e+001 -9.505759e+000  5.101443e+001
      vertex -4.430041e+001 -5.605759e+000  5.103365e+001
    endloop
  endfacet
  facet normal  9.673005e-001  0.000000e+000  2.536332e-001
    outer loop
      vertex -4.429537e+001 -1.770576e+001  5.101443e+001
      vertex -4.430041e+001 -5.605759e+000  5.103365e+001
      vertex -4.430041e+001 -2.160576e+001  5.103365e+001
    endloop
  endfacet
  facet normal  9.851645e-001 -4.272663e-004  1.716121e-001
    outer loop
      vertex -4.429537e+001 -1.770576e+001  5.101443e+001
      vertex -4.430041e+001 -2.160576e+001  5.103365e+001
      vertex -4.423484e+001 -2.160576e+001  5.065723e+001
    endloop
  endfacet
  facet normal  9.859434e-001  -0.000000e+000  1.670791e-001
    outer loop
      vertex -4.429537e+001 -1.770576e+001  5.101443e+001
      vertex -4.423484e+001 -2.160576e+001  5.065723e+001
      vertex -4.423484e+001 -1.770576e+001  5.065723e+001
    endloop
  endfacet
  facet normal  7.626978e-001  -0.000000e+000  6.467551e-001
    outer loop
      vertex -4.487029e+001 -5.605759e+000  5.201443e+001
      vertex -4.487029e+001 -2.160576e+001  5.201443e+001
      vertex -4.462318e+001 -5.605759e+000  5.172302e+001
    endloop
  endfacet
  facet normal  7.626978e-001  0.000000e+000  6.467551e-001
    outer loop
      vertex -4.462318e+001 -5.605759e+000  5.172302e+001
      vertex -4.487029e+001 -2.160576e+001  5.201443e+001
      vertex -4.462318e+001 -2.160576e+001  5.172302e+001
    endloop
  endfacet
  facet normal  8.646337e-001  -0.000000e+000  5.024028e-001
    outer loop
      vertex -4.462318e+001 -5.605759e+000  5.172302e+001
      vertex -4.462318e+001 -2.160576e+001  5.172302e+001
      vertex -4.443121e+001 -5.605759e+000  5.139265e+001
    endloop
  endfacet
  facet normal  8.646337e-001  0.000000e+000  5.024028e-001
    outer loop
      vertex -4.443121e+001 -5.605759e+000  5.139265e+001
      vertex -4.462318e+001 -2.160576e+001  5.172302e+001
      vertex -4.443121e+001 -2.160576e+001  5.139265e+001
    endloop
  endfacet
  facet normal  9.395734e-001  -0.000000e+000  3.423474e-001
    outer loop
      vertex -4.443121e+001 -5.605759e+000  5.139265e+001
      vertex -4.443121e+001 -2.160576e+001  5.139265e+001
      vertex -4.430041e+001 -5.605759e+000  5.103365e+001
    endloop
  endfacet
  facet normal  9.395734e-001  0.000000e+000  3.423474e-001
    outer loop
      vertex -4.430041e+001 -5.605759e+000  5.103365e+001
      vertex -4.443121e+001 -2.160576e+001  5.139265e+001
      vertex -4.430041e+001 -2.160576e+001  5.103365e+001
    endloop
  endfacet
  facet normal  9.859434e-001  4.506107e-004  1.670791e-001
    outer loop
      vertex -4.429537e+001 -9.505759e+000  5.101443e+001
      vertex -4.423484e+001 -9.505759e+000  5.065723e+001
      vertex -4.430041e+001 -5.605759e+000  5.103365e+001
    endloop
  endfacet
  facet normal  9.851646e-001  0.000000e+000  1.716121e-001
    outer loop
      vertex -4.430041e+001 -5.605759e+000  5.103365e+001
      vertex -4.423484e+001 -9.505759e+000  5.065723e+001
      vertex -4.423484e+001 -5.605759e+000  5.065723e+001
    endloop
  endfacet
  facet normal -1.000000e+000  0.000000e+000  0.000000e+000
    outer loop
      vertex -5.186987e+001 -5.605759e+000  4.001443e+001
      vertex -5.186987e+001 -7.805759e+000  4.001443e+001
      vertex -5.186987e+001 -5.605759e+000  4.149747e+001
    endloop
  endfacet
  facet normal -1.000000e+000  -0.000000e+000  0.000000e+000
    outer loop
      vertex -5.186987e+001 -5.605759e+000  4.149747e+001
      vertex -5.186987e+001 -7.805759e+000  4.001443e+001
      vertex -5.186987e+001 -7.805759e+000  4.149747e+001
    endloop
  endfacet
  facet normal -9.999999e-001  0.000000e+000  0.000000e+000
    outer loop
      vertex -5.186987e+001 -1.940576e+001  4.001443e+001
      vertex -5.186987e+001 -2.160576e+001  4.001443e+001
      vertex -5.186987e+001 -1.940576e+001  4.149747e+001
    endloop
  endfacet
  facet normal -9.999999e-001  -0.000000e+000  0.000000e+000
    outer loop
      vertex -5.186987e+001 -1.940576e+001  4.149747e+001
      vertex -5.186987e+001 -2.160576e+001  4.001443e+001
      vertex -5.186987e+001 -2.160576e+001  4.149747e+001
    endloop
  endfacet
  facet normal  9.287348e-001  -0.000000e+000  3.707447e-001
    outer loop
      vertex -4.579729e+001 -1.770576e+001  4.390356e+001
      vertex -4.553189e+001 -2.160576e+001  4.323872e+001
      vertex -4.553189e+001 -1.770576e+001  4.323872e+001
    endloop
  endfacet
  facet normal  8.831199e-001  0.000000e+000  4.691474e-001
    outer loop
      vertex -4.553189e+001 -1.770576e+001  4.323872e+001
      vertex -4.553189e+001 -2.160576e+001  4.323872e+001
      vertex -4.519604e+001 -2.160576e+001  4.260653e+001
    endloop
  endfacet
  facet normal  8.831199e-001  -0.000000e+000  4.691474e-001
    outer loop
      vertex -4.553189e+001 -1.770576e+001  4.323872e+001
      vertex -4.519604e+001 -2.160576e+001  4.260653e+001
      vertex -4.519604e+001 -1.770576e+001  4.260653e+001
    endloop
  endfacet
  facet normal  8.271177e-001  0.000000e+000  5.620287e-001
    outer loop
      vertex -4.519604e+001 -1.770576e+001  4.260653e+001
      vertex -4.519604e+001 -2.160576e+001  4.260653e+001
      vertex -4.479371e+001 -2.160576e+001  4.201443e+001
    endloop
  endfacet
  facet normal  8.271177e-001  -0.000000e+000  5.620287e-001
    outer loop
      vertex -4.519604e+001 -1.770576e+001  4.260653e+001
      vertex -4.479371e+001 -2.160576e+001  4.201443e+001
      vertex -4.479371e+001 -1.770576e+001  4.201443e+001
    endloop
  endfacet
  facet normal  9.287348e-001  0.000000e+000  3.707447e-001
    outer loop
      vertex -4.553189e+001 -2.160576e+001  4.323872e+001
      vertex -4.579729e+001 -1.770576e+001  4.390356e+001
      vertex -4.579729e+001 -2.160576e+001  4.390356e+001
    endloop
  endfacet
  facet normal  9.634266e-001  -0.000000e+000  2.679726e-001
    outer loop
      vertex -4.579729e+001 -2.160576e+001  4.390356e+001
      vertex -4.579729e+001 -1.770576e+001  4.390356e+001
      vertex -4.598912e+001 -1.770576e+001  4.459324e+001
    endloop
  endfacet
  facet normal  9.634266e-001  0.000000e+000  2.679726e-001
    outer loop
      vertex -4.579729e+001 -2.160576e+001  4.390356e+001
      vertex -4.598912e+001 -1.770576e+001  4.459324e+001
      vertex -4.598912e+001 -2.160576e+001  4.459324e+001
    endloop
  endfacet
  facet normal  9.867817e-001  -0.000000e+000  1.620550e-001
    outer loop
      vertex -4.598912e+001 -2.160576e+001  4.459324e+001
      vertex -4.598912e+001 -1.770576e+001  4.459324e+001
      vertex -4.610513e+001 -1.770576e+001  4.529963e+001
    endloop
  endfacet
  facet normal  9.867817e-001  0.000000e+000  1.620550e-001
    outer loop
      vertex -4.598912e+001 -2.160576e+001  4.459324e+001
      vertex -4.610513e+001 -1.770576e+001  4.529963e+001
      vertex -4.610513e+001 -2.160576e+001  4.529963e+001
    endloop
  endfacet
  facet normal  9.985283e-001  -0.000000e+000  5.423187e-002
    outer loop
      vertex -4.610513e+001 -2.160576e+001  4.529963e+001
      vertex -4.610513e+001 -1.770576e+001  4.529963e+001
      vertex -4.614395e+001 -1.770576e+001  4.601443e+001
    endloop
  endfacet
  facet normal  9.985283e-001  0.000000e+000  5.423187e-002
    outer loop
      vertex -4.610513e+001 -2.160576e+001  4.529963e+001
      vertex -4.614395e+001 -1.770576e+001  4.601443e+001
      vertex -4.614395e+001 -2.160576e+001  4.601443e+001
    endloop
  endfacet
  facet normal  9.287348e-001  -0.000000e+000  3.707447e-001
    outer loop
      vertex -4.579729e+001 -5.605759e+000  4.390356e+001
      vertex -4.553189e+001 -9.505759e+000  4.323872e+001
      vertex -4.553189e+001 -5.605759e+000  4.323872e+001
    endloop
  endfacet
  facet normal  8.831199e-001  0.000000e+000  4.691474e-001
    outer loop
      vertex -4.553189e+001 -5.605759e+000  4.323872e+001
      vertex -4.553189e+001 -9.505759e+000  4.323872e+001
      vertex -4.519604e+001 -9.505759e+000  4.260653e+001
    endloop
  endfacet
  facet normal  8.831199e-001  -0.000000e+000  4.691474e-001
    outer loop
      vertex -4.553189e+001 -5.605759e+000  4.323872e+001
      vertex -4.519604e+001 -9.505759e+000  4.260653e+001
      vertex -4.519604e+001 -5.605759e+000  4.260653e+001
    endloop
  endfacet
  facet normal  8.271177e-001  0.000000e+000  5.620287e-001
    outer loop
      vertex -4.519604e+001 -5.605759e+000  4.260653e+001
      vertex -4.519604e+001 -9.505759e+000  4.260653e+001
      vertex -4.479371e+001 -9.505759e+000  4.201443e+001
    endloop
  endfacet
  facet normal  8.271177e-001  -0.000000e+000  5.620287e-001
    outer loop
      vertex -4.519604e+001 -5.605759e+000  4.260653e+001
      vertex -4.479371e+001 -9.505759e+000  4.201443e+001
      vertex -4.479371e+001 -5.605759e+000  4.201443e+001
    endloop
  endfacet
  facet normal  9.287348e-001  0.000000e+000  3.707447e-001
    outer loop
      vertex -4.553189e+001 -9.505759e+000  4.323872e+001
      vertex -4.579729e+001 -5.605759e+000  4.390356e+001
      vertex -4.579729e+001 -9.505759e+000  4.390356e+001
    endloop
  endfacet
  facet normal  9.634266e-001  -0.000000e+000  2.679726e-001
    outer loop
      vertex -4.579729e+001 -9.505759e+000  4.390356e+001
      vertex -4.579729e+001 -5.605759e+000  4.390356e+001
      vertex -4.598912e+001 -5.605759e+000  4.459324e+001
    endloop
  endfacet
  facet normal  9.634266e-001  0.000000e+000  2.679726e-001
    outer loop
      vertex -4.579729e+001 -9.505759e+000  4.390356e+001
      vertex -4.598912e+001 -5.605759e+000  4.459324e+001
      vertex -4.598912e+001 -9.505759e+000  4.459324e+001
    endloop
  endfacet
  facet normal  9.867817e-001  -0.000000e+000  1.620550e-001
    outer loop
      vertex -4.598912e+001 -9.505759e+000  4.459324e+001
      vertex -4.598912e+001 -5.605759e+000  4.459324e+001
      vertex -4.610513e+001 -5.605759e+000  4.529963e+001
    endloop
  endfacet
  facet normal  9.867817e-001  0.000000e+000  1.620550e-001
    outer loop
      vertex -4.598912e+001 -9.505759e+000  4.459324e+001
      vertex -4.610513e+001 -5.605759e+000  4.529963e+001
      vertex -4.610513e+001 -9.505759e+000  4.529963e+001
    endloop
  endfacet
  facet normal  9.985284e-001  -0.000000e+000  5.423188e-002
    outer loop
      vertex -4.610513e+001 -9.505759e+000  4.529963e+001
      vertex -4.610513e+001 -5.605759e+000  4.529963e+001
      vertex -4.614395e+001 -5.605759e+000  4.601443e+001
    endloop
  endfacet
  facet normal  9.985284e-001  0.000000e+000  5.423188e-002
    outer loop
      vertex -4.610513e+001 -9.505759e+000  4.529963e+001
      vertex -4.614395e+001 -5.605759e+000  4.601443e+001
      vertex -4.614395e+001 -9.505759e+000  4.601443e+001
    endloop
  endfacet
  facet normal -1.000000e+000  -0.000000e+000  0.000000e+000
    outer loop
      vertex -6.027784e+001 -1.940576e+001  4.131784e+001
      vertex -6.027784e+001 -1.770576e+001  4.131784e+001
      vertex -6.027784e+001 -1.940576e+001  4.101443e+001
    endloop
  endfacet
  facet normal -1.000000e+000  0.000000e+000  0.000000e+000
    outer loop
      vertex -6.027784e+001 -1.940576e+001  4.001443e+001
      vertex -6.027784e+001 -1.940576e+001  4.101443e+001
      vertex -6.027784e+001 -1.770576e+001  4.131784e+001
    endloop
  endfacet
  facet normal -1.000000e+000  0.000000e+000  -0.000000e+000
    outer loop
      vertex -6.027784e+001 -1.940576e+001  4.001443e+001
      vertex -6.027784e+001 -1.770576e+001  4.131784e+001
      vertex -6.027784e+001 -1.770576e+001  4.101443e+001
    endloop
  endfacet
  facet normal -1.000000e+000  0.000000e+000  -0.000000e+000
    outer loop
      vertex -6.027784e+001 -1.940576e+001  4.001443e+001
      vertex -6.027784e+001 -1.770576e+001  4.101443e+001
      vertex -6.027784e+001 -9.505759e+000  4.101443e+001
    endloop
  endfacet
  facet normal -9.999999e-001  0.000000e+000  -0.000000e+000
    outer loop
      vertex -6.027784e+001 -1.940576e+001  4.001443e+001
      vertex -6.027784e+001 -9.505759e+000  4.101443e+001
      vertex -6.027784e+001 -7.805759e+000  4.001443e+001
    endloop
  endfacet
  facet normal -1.000000e+000  -0.000000e+000  0.000000e+000
    outer loop
      vertex -6.027784e+001 -9.505759e+000  4.131784e+001
      vertex -6.027784e+001 -7.805759e+000  4.131784e+001
      vertex -6.027784e+001 -9.505759e+000  4.101443e+001
    endloop
  endfacet
  facet normal -1.000000e+000  0.000000e+000  0.000000e+000
    outer loop
      vertex -6.027784e+001 -9.505759e+000  4.101443e+001
      vertex -6.027784e+001 -7.805759e+000  4.131784e+001
      vertex -6.027784e+001 -7.805759e+000  4.001443e+001
    endloop
  endfacet
  facet normal  0.000000e+000  1.000000e+000  0.000000e+000
    outer loop
      vertex -5.778811e+001 -1.770576e+001  5.190219e+001
      vertex -5.663269e+001 -1.770576e+001  5.390344e+001
      vertex -5.776503e+001 -1.770576e+001  5.188887e+001
    endloop
  endfacet
  facet normal  0.000000e+000  1.000000e+000  0.000000e+000
    outer loop
      vertex -6.254374e+001 -1.770576e+001  4.605574e+001
      vertex -6.250070e+001 -1.770576e+001  4.673348e+001
      vertex -6.250989e+001 -1.770576e+001  4.537749e+001
    endloop
  endfacet
  facet normal  0.000000e+000  1.000000e+000  0.000000e+000
    outer loop
      vertex -5.663269e+001 -1.770576e+001  5.390344e+001
      vertex -5.336084e+001 -1.770576e+001  5.201443e+001
      vertex -5.437730e+001 -1.770576e+001  5.201443e+001
    endloop
  endfacet
  facet normal  0.000000e+000  1.000000e+000  0.000000e+000
    outer loop
      vertex -5.663269e+001 -1.770576e+001  5.390344e+001
      vertex -5.437730e+001 -1.770576e+001  5.201443e+001
      vertex -5.437730e+001 -1.770576e+001  5.101443e+001
    endloop
  endfacet
  facet normal  0.000000e+000  1.000000e+000  0.000000e+000
    outer loop
      vertex -5.663269e+001 -1.770576e+001  5.390344e+001
      vertex -5.437730e+001 -1.770576e+001  5.101443e+001
      vertex -5.437730e+001 -1.770576e+001  4.101443e+001
    endloop
  endfacet
  facet normal  0.000000e+000  1.000000e+000  0.000000e+000
    outer loop
      vertex -5.437730e+001 -1.770576e+001  4.101443e+001
      vertex -6.027784e+001 -1.770576e+001  4.101443e+001
      vertex -6.021269e+001 -1.770576e+001  5.076180e+001
    endloop
  endfacet
  facet normal  -0.000000e+000  1.000000e+000  0.000000e+000
    outer loop
      vertex -5.437730e+001 -1.770576e+001  4.101443e+001
      vertex -6.021269e+001 -1.770576e+001  5.076180e+001
      vertex -5.965274e+001 -1.770576e+001  5.114605e+001
    endloop
  endfacet
  facet normal  -0.000000e+000  1.000000e+000  0.000000e+000
    outer loop
      vertex -5.437730e+001 -1.770576e+001  4.101443e+001
      vertex -5.965274e+001 -1.770576e+001  5.114605e+001
      vertex -5.905298e+001 -1.770576e+001  5.146457e+001
    endloop
  endfacet
  facet normal  -0.000000e+000  1.000000e+000  0.000000e+000
    outer loop
      vertex -5.437730e+001 -1.770576e+001  4.101443e+001
      vertex -5.905298e+001 -1.770576e+001  5.146457e+001
      vertex -5.842104e+001 -1.770576e+001  5.171324e+001
    endloop
  endfacet
  facet normal  -0.000000e+000  1.000000e+000  0.000000e+000
    outer loop
      vertex -5.437730e+001 -1.770576e+001  4.101443e+001
      vertex -5.842104e+001 -1.770576e+001  5.171324e+001
      vertex -5.776503e+001 -1.770576e+001  5.188887e+001
    endloop
  endfacet
  facet normal  -0.000000e+000  1.000000e+000  0.000000e+000
    outer loop
      vertex -5.437730e+001 -1.770576e+001  4.101443e+001
      vertex -5.776503e+001 -1.770576e+001  5.188887e+001
      vertex -5.663269e+001 -1.770576e+001  5.390344e+001
    endloop
  endfacet
  facet normal  -0.000000e+000  1.000000e+000  0.000000e+000
    outer loop
      vertex -6.027784e+001 -1.770576e+001  4.101443e+001
      vertex -6.027784e+001 -1.770576e+001  4.131784e+001
      vertex -6.021269e+001 -1.770576e+001  5.076180e+001
    endloop
  endfacet
  facet normal  0.000000e+000  1.000000e+000  0.000000e+000
    outer loop
      vertex -6.021269e+001 -1.770576e+001  5.076180e+001
      vertex -6.027784e+001 -1.770576e+001  4.131784e+001
      vertex -6.078465e+001 -1.770576e+001  4.176987e+001
    endloop
  endfacet
  facet normal  0.000000e+000  1.000000e+000  0.000000e+000
    outer loop
      vertex -6.021269e+001 -1.770576e+001  5.076180e+001
      vertex -6.078465e+001 -1.770576e+001  4.176987e+001
      vertex -6.072566e+001 -1.770576e+001  5.031676e+001
    endloop
  endfacet
  facet normal  0.000000e+000  1.000000e+000  0.000000e+000
    outer loop
      vertex -6.072566e+001 -1.770576e+001  5.031676e+001
      vertex -6.078465e+001 -1.770576e+001  4.176987e+001
      vertex -6.123709e+001 -1.770576e+001  4.227631e+001
    endloop
  endfacet
  facet normal  0.000000e+000  1.000000e+000  0.000000e+000
    outer loop
      vertex -6.072566e+001 -1.770576e+001  5.031676e+001
      vertex -6.123709e+001 -1.770576e+001  4.227631e+001
      vertex -6.118510e+001 -1.770576e+001  4.981665e+001
    endloop
  endfacet
  facet normal  0.000000e+000  1.000000e+000  0.000000e+000
    outer loop
      vertex -6.118510e+001 -1.770576e+001  4.981665e+001
      vertex -6.123709e+001 -1.770576e+001  4.227631e+001
      vertex -6.162938e+001 -1.770576e+001  4.283065e+001
    endloop
  endfacet
  facet normal  0.000000e+000  1.000000e+000  0.000000e+000
    outer loop
      vertex -6.118510e+001 -1.770576e+001  4.981665e+001
      vertex -6.162938e+001 -1.770576e+001  4.283065e+001
      vertex -6.158512e+001 -1.770576e+001  4.926786e+001
    endloop
  endfacet
  facet normal  0.000000e+000  1.000000e+000  0.000000e+000
    outer loop
      vertex -6.158512e+001 -1.770576e+001  4.926786e+001
      vertex -6.162938e+001 -1.770576e+001  4.283065e+001
      vertex -6.195652e+001 -1.770576e+001  4.342577e+001
    endloop
  endfacet
  facet normal  0.000000e+000  1.000000e+000  0.000000e+000
    outer loop
      vertex -6.158512e+001 -1.770576e+001  4.926786e+001
      vertex -6.195652e+001 -1.770576e+001  4.342577e+001
      vertex -6.192056e+001 -1.770576e+001  4.867738e+001
    endloop
  endfacet
  facet normal  0.000000e+000  1.000000e+000  0.000000e+000
    outer loop
      vertex -6.192056e+001 -1.770576e+001  4.867738e+001
      vertex -6.195652e+001 -1.770576e+001  4.342577e+001
      vertex -6.221436e+001 -1.770576e+001  4.405403e+001
    endloop
  endfacet
  facet normal  0.000000e+000  1.000000e+000  0.000000e+000
    outer loop
      vertex -6.192056e+001 -1.770576e+001  4.867738e+001
      vertex -6.221436e+001 -1.770576e+001  4.405403e+001
      vertex -6.218709e+001 -1.770576e+001  4.805277e+001
    endloop
  endfacet
  facet normal  0.000000e+000  1.000000e+000  0.000000e+000
    outer loop
      vertex -6.218709e+001 -1.770576e+001  4.805277e+001
      vertex -6.221436e+001 -1.770576e+001  4.405403e+001
      vertex -6.239961e+001 -1.770576e+001  4.470739e+001
    endloop
  endfacet
  facet normal  0.000000e+000  1.000000e+000  0.000000e+000
    outer loop
      vertex -6.218709e+001 -1.770576e+001  4.805277e+001
      vertex -6.239961e+001 -1.770576e+001  4.470739e+001
      vertex -6.238129e+001 -1.770576e+001  4.740202e+001
    endloop
  endfacet
  facet normal  0.000000e+000  1.000000e+000  0.000000e+000
    outer loop
      vertex -6.238129e+001 -1.770576e+001  4.740202e+001
      vertex -6.239961e+001 -1.770576e+001  4.470739e+001
      vertex -6.250989e+001 -1.770576e+001  4.537749e+001
    endloop
  endfacet
  facet normal  0.000000e+000  1.000000e+000  0.000000e+000
    outer loop
      vertex -6.238129e+001 -1.770576e+001  4.740202e+001
      vertex -6.250989e+001 -1.770576e+001  4.537749e+001
      vertex -6.250070e+001 -1.770576e+001  4.673348e+001
    endloop
  endfacet
  facet normal  0.000000e+000  9.999999e-001  0.000000e+000
    outer loop
      vertex -4.986426e+001 -1.770576e+001  4.101443e+001
      vertex -5.437730e+001 -1.770576e+001  4.101443e+001
      vertex -4.986426e+001 -1.770576e+001  5.101443e+001
    endloop
  endfacet
  facet normal  0.000000e+000  9.999999e-001  0.000000e+000
    outer loop
      vertex -4.986426e+001 -1.770576e+001  5.101443e+001
      vertex -5.437730e+001 -1.770576e+001  4.101443e+001
      vertex -5.437730e+001 -1.770576e+001  5.101443e+001
    endloop
  endfacet
  facet normal  0.000000e+000 -1.000000e+000  0.000000e+000
    outer loop
      vertex -5.776501e+001 -1.940576e+001  5.188880e+001
      vertex -5.663269e+001 -1.940576e+001  5.390344e+001
      vertex -5.778811e+001 -1.940576e+001  5.190219e+001
    endloop
  endfacet
  facet normal  0.000000e+000 -1.000000e+000  0.000000e+000
    outer loop
      vertex -5.905298e+001 -1.940576e+001  5.146457e+001
      vertex -5.925644e+001 -1.940576e+001  4.646707e+001
      vertex -5.914495e+001 -1.940576e+001  4.690736e+001
    endloop
  endfacet
  facet normal  0.000000e+000 -9.999999e-001  0.000000e+000
    outer loop
      vertex -5.776501e+001 -1.940576e+001  5.188880e+001
      vertex -5.804806e+001 -1.940576e+001  4.831664e+001
      vertex -5.764861e+001 -1.940576e+001  4.853281e+001
    endloop
  endfacet
  facet normal  -0.000000e+000 -1.000000e+000  0.000000e+000
    outer loop
      vertex -5.929395e+001 -1.940576e+001  4.601443e+001
      vertex -5.925644e+001 -1.940576e+001  4.646707e+001
      vertex -5.905298e+001 -1.940576e+001  5.146457e+001
    endloop
  endfacet
  facet normal  0.000000e+000 -1.000000e+000  0.000000e+000
    outer loop
      vertex -5.929395e+001 -1.940576e+001  4.601443e+001
      vertex -5.905298e+001 -1.940576e+001  5.146457e+001
      vertex -5.965274e+001 -1.940576e+001  5.114605e+001
    endloop
  endfacet
  facet normal  0.000000e+000 -1.000000e+000  -0.000000e+000
    outer loop
      vertex -5.929395e+001 -1.940576e+001  4.601443e+001
      vertex -5.965274e+001 -1.940576e+001  5.114605e+001
      vertex -6.021269e+001 -1.940576e+001  5.076180e+001
    endloop
  endfacet
  facet normal  0.000000e+000 -1.000000e+000  -0.000000e+000
    outer loop
      vertex -5.929395e+001 -1.940576e+001  4.601443e+001
      vertex -6.021269e+001 -1.940576e+001  5.076180e+001
      vertex -6.072566e+001 -1.940576e+001  5.031676e+001
    endloop
  endfacet
  facet normal  0.000000e+000 -1.000000e+000  -0.000000e+000
    outer loop
      vertex -5.929395e+001 -1.940576e+001  4.601443e+001
      vertex -6.072566e+001 -1.940576e+001  5.031676e+001
      vertex -6.118510e+001 -1.940576e+001  4.981665e+001
    endloop
  endfacet
  facet normal  0.000000e+000 -1.000000e+000  -0.000000e+000
    outer loop
      vertex -5.929395e+001 -1.940576e+001  4.601443e+001
      vertex -6.118510e+001 -1.940576e+001  4.981665e+001
      vertex -6.158512e+001 -1.940576e+001  4.926786e+001
    endloop
  endfacet
  facet normal  0.000000e+000 -1.000000e+000  -0.000000e+000
    outer loop
      vertex -5.929395e+001 -1.940576e+001  4.601443e+001
      vertex -6.158512e+001 -1.940576e+001  4.926786e+001
      vertex -6.192056e+001 -1.940576e+001  4.867738e+001
    endloop
  endfacet
  facet normal  0.000000e+000 -1.000000e+000  -0.000000e+000
    outer loop
      vertex -5.929395e+001 -1.940576e+001  4.601443e+001
      vertex -6.192056e+001 -1.940576e+001  4.867738e+001
      vertex -6.218709e+001 -1.940576e+001  4.805277e+001
    endloop
  endfacet
  facet normal  0.000000e+000 -1.000000e+000  -0.000000e+000
    outer loop
      vertex -5.929395e+001 -1.940576e+001  4.601443e+001
      vertex -6.218709e+001 -1.940576e+001  4.805277e+001
      vertex -6.238129e+001 -1.940576e+001  4.740202e+001
    endloop
  endfacet
  facet normal  0.000000e+000 -1.000000e+000  -0.000000e+000
    outer loop
      vertex -5.929395e+001 -1.940576e+001  4.601443e+001
      vertex -6.238129e+001 -1.940576e+001  4.740202e+001
      vertex -6.250070e+001 -1.940576e+001  4.673348e+001
    endloop
  endfacet
  facet normal  0.000000e+000 -1.000000e+000  -0.000000e+000
    outer loop
      vertex -5.929395e+001 -1.940576e+001  4.601443e+001
      vertex -6.250070e+001 -1.940576e+001  4.673348e+001
      vertex -6.254374e+001 -1.940576e+001  4.605574e+001
    endloop
  endfacet
  facet normal  0.000000e+000 -1.000000e+000  0.000000e+000
    outer loop
      vertex -5.929395e+001 -1.940576e+001  4.601443e+001
      vertex -6.254374e+001 -1.940576e+001  4.605574e+001
      vertex -6.250989e+001 -1.940576e+001  4.537749e+001
    endloop
  endfacet
  facet normal  0.000000e+000 -1.000000e+000  0.000000e+000
    outer loop
      vertex -5.929395e+001 -1.940576e+001  4.601443e+001
      vertex -6.250989e+001 -1.940576e+001  4.537749e+001
      vertex -6.239961e+001 -1.940576e+001  4.470739e+001
    endloop
  endfacet
  facet normal  0.000000e+000 -1.000000e+000  0.000000e+000
    outer loop
      vertex -5.929395e+001 -1.940576e+001  4.601443e+001
      vertex -6.239961e+001 -1.940576e+001  4.470739e+001
      vertex -6.221436e+001 -1.940576e+001  4.405403e+001
    endloop
  endfacet
  facet normal  0.000000e+000 -9.999999e-001  0.000000e+000
    outer loop
      vertex -5.929395e+001 -1.940576e+001  4.601443e+001
      vertex -6.221436e+001 -1.940576e+001  4.405403e+001
      vertex -6.195652e+001 -1.940576e+001  4.342577e+001
    endloop
  endfacet
  facet normal  0.000000e+000 -1.000000e+000  0.000000e+000
    outer loop
      vertex -5.929395e+001 -1.940576e+001  4.601443e+001
      vertex -6.195652e+001 -1.940576e+001  4.342577e+001
      vertex -6.162938e+001 -1.940576e+001  4.283065e+001
    endloop
  endfacet
  facet normal  0.000000e+000 -1.000000e+000  0.000000e+000
    outer loop
      vertex -5.929395e+001 -1.940576e+001  4.601443e+001
      vertex -6.162938e+001 -1.940576e+001  4.283065e+001
      vertex -6.123709e+001 -1.940576e+001  4.227631e+001
    endloop
  endfacet
  facet normal  0.000000e+000 -1.000000e+000  0.000000e+000
    outer loop
      vertex -5.929395e+001 -1.940576e+001  4.601443e+001
      vertex -6.123709e+001 -1.940576e+001  4.227631e+001
      vertex -6.078465e+001 -1.940576e+001  4.176987e+001
    endloop
  endfacet
  facet normal  0.000000e+000 -9.999999e-001  0.000000e+000
    outer loop
      vertex -5.929395e+001 -1.940576e+001  4.601443e+001
      vertex -6.078465e+001 -1.940576e+001  4.176987e+001
      vertex -6.027784e+001 -1.940576e+001  4.131784e+001
    endloop
  endfacet
  facet normal  0.000000e+000 -1.000000e+000  0.000000e+000
    outer loop
      vertex -5.929395e+001 -1.940576e+001  4.601443e+001
      vertex -6.027784e+001 -1.940576e+001  4.131784e+001
      vertex -6.027784e+001 -1.940576e+001  4.101443e+001
    endloop
  endfacet
  facet normal  0.000000e+000 -1.000000e+000  0.000000e+000
    outer loop
      vertex -5.929395e+001 -1.940576e+001  4.601443e+001
      vertex -6.027784e+001 -1.940576e+001  4.101443e+001
      vertex -6.027784e+001 -1.940576e+001  4.001443e+001
    endloop
  endfacet
  facet normal  0.000000e+000 -1.000000e+000  -0.000000e+000
    outer loop
      vertex -5.336084e+001 -1.940576e+001  5.201443e+001
      vertex -5.663269e+001 -1.940576e+001  5.390344e+001
      vertex -5.677104e+001 -1.940576e+001  4.875504e+001
    endloop
  endfacet
  facet normal  0.000000e+000 -1.000000e+000  0.000000e+000
    outer loop
      vertex -5.336084e+001 -1.940576e+001  5.201443e+001
      vertex -5.677104e+001 -1.940576e+001  4.875504e+001
      vertex -5.631686e+001 -1.940576e+001  4.875504e+001
    endloop
  endfacet
  facet normal  0.000000e+000 -1.000000e+000  0.000000e+000
    outer loop
      vertex -5.336084e+001 -1.940576e+001  5.201443e+001
      vertex -5.631686e+001 -1.940576e+001  4.875504e+001
      vertex -5.586886e+001 -1.940576e+001  4.868029e+001
    endloop
  endfacet
  facet normal  0.000000e+000 -1.000000e+000  0.000000e+000
    outer loop
      vertex -5.336084e+001 -1.940576e+001  5.201443e+001
      vertex -5.586886e+001 -1.940576e+001  4.868029e+001
      vertex -5.543929e+001 -1.940576e+001  4.853281e+001
    endloop
  endfacet
  facet normal  0.000000e+000 -1.000000e+000  0.000000e+000
    outer loop
      vertex -5.336084e+001 -1.940576e+001  5.201443e+001
      vertex -5.543929e+001 -1.940576e+001  4.853281e+001
      vertex -5.503984e+001 -1.940576e+001  4.831664e+001
    endloop
  endfacet
  facet normal  0.000000e+000 -9.999999e-001  0.000000e+000
    outer loop
      vertex -5.336084e+001 -1.940576e+001  5.201443e+001
      vertex -5.503984e+001 -1.940576e+001  4.831664e+001
      vertex -5.468142e+001 -1.940576e+001  4.803767e+001
    endloop
  endfacet
  facet normal  0.000000e+000 -9.999999e-001  0.000000e+000
    outer loop
      vertex -5.336084e+001 -1.940576e+001  5.201443e+001
      vertex -5.468142e+001 -1.940576e+001  4.803767e+001
      vertex -5.437381e+001 -1.940576e+001  4.770352e+001
    endloop
  endfacet
  facet normal  0.000000e+000 -9.999999e-001  0.000000e+000
    outer loop
      vertex -5.336084e+001 -1.940576e+001  5.201443e+001
      vertex -5.437381e+001 -1.940576e+001  4.770352e+001
      vertex -5.412540e+001 -1.940576e+001  4.732329e+001
    endloop
  endfacet
  facet normal  0.000000e+000 -1.000000e+000  0.000000e+000
    outer loop
      vertex -5.336084e+001 -1.940576e+001  5.201443e+001
      vertex -5.412540e+001 -1.940576e+001  4.732329e+001
      vertex -5.394295e+001 -1.940576e+001  4.690736e+001
    endloop
  endfacet
  facet normal  0.000000e+000 -1.000000e+000  0.000000e+000
    outer loop
      vertex -5.336084e+001 -1.940576e+001  5.201443e+001
      vertex -5.394295e+001 -1.940576e+001  4.690736e+001
      vertex -5.383146e+001 -1.940576e+001  4.646707e+001
    endloop
  endfacet
  facet normal  0.000000e+000 -1.000000e+000  0.000000e+000
    outer loop
      vertex -5.336084e+001 -1.940576e+001  5.201443e+001
      vertex -5.383146e+001 -1.940576e+001  4.646707e+001
      vertex -5.379395e+001 -1.940576e+001  4.601443e+001
    endloop
  endfacet
  facet normal  0.000000e+000 -1.000000e+000  0.000000e+000
    outer loop
      vertex -5.336084e+001 -1.940576e+001  5.201443e+001
      vertex -5.379395e+001 -1.940576e+001  4.601443e+001
      vertex -5.004395e+001 -1.940576e+001  4.601443e+001
    endloop
  endfacet
  facet normal  0.000000e+000 -1.000000e+000  0.000000e+000
    outer loop
      vertex -5.336084e+001 -1.940576e+001  5.201443e+001
      vertex -5.004395e+001 -1.940576e+001  4.601443e+001
      vertex -5.186987e+001 -1.940576e+001  5.053140e+001
    endloop
  endfacet
  facet normal  0.000000e+000 -1.000000e+000  0.000000e+000
    outer loop
      vertex -5.336084e+001 -1.940576e+001  5.201443e+001
      vertex -5.186987e+001 -1.940576e+001  5.053140e+001
      vertex -5.186987e+001 -1.940576e+001  5.201443e+001
    endloop
  endfacet
  facet normal  -0.000000e+000 -1.000000e+000  -0.000000e+000
    outer loop
      vertex -5.004395e+001 -1.940576e+001  4.601443e+001
      vertex -5.008306e+001 -1.940576e+001  4.672643e+001
      vertex -5.019993e+001 -1.940576e+001  4.742986e+001
    endloop
  endfacet
  facet normal  -0.000000e+000 -9.999999e-001  -0.000000e+000
    outer loop
      vertex -5.004395e+001 -1.940576e+001  4.601443e+001
      vertex -5.019993e+001 -1.940576e+001  4.742986e+001
      vertex -5.039315e+001 -1.940576e+001  4.811625e+001
    endloop
  endfacet
  facet normal  -0.000000e+000 -1.000000e+000  -0.000000e+000
    outer loop
      vertex -5.004395e+001 -1.940576e+001  4.601443e+001
      vertex -5.039315e+001 -1.940576e+001  4.811625e+001
      vertex -5.066039e+001 -1.940576e+001  4.877735e+001
    endloop
  endfacet
  facet normal  -0.000000e+000 -1.000000e+000  -0.000000e+000
    outer loop
      vertex -5.004395e+001 -1.940576e+001  4.601443e+001
      vertex -5.066039e+001 -1.940576e+001  4.877735e+001
      vertex -5.099843e+001 -1.940576e+001  4.940520e+001
    endloop
  endfacet
  facet normal  -0.000000e+000 -1.000000e+000  -0.000000e+000
    outer loop
      vertex -5.004395e+001 -1.940576e+001  4.601443e+001
      vertex -5.099843e+001 -1.940576e+001  4.940520e+001
      vertex -5.140322e+001 -1.940576e+001  4.999224e+001
    endloop
  endfacet
  facet normal  -0.000000e+000 -1.000000e+000  -0.000000e+000
    outer loop
      vertex -5.004395e+001 -1.940576e+001  4.601443e+001
      vertex -5.140322e+001 -1.940576e+001  4.999224e+001
      vertex -5.186987e+001 -1.940576e+001  5.053140e+001
    endloop
  endfacet
  facet normal  -0.000000e+000 -1.000000e+000  -0.000000e+000
    outer loop
      vertex -5.186987e+001 -1.940576e+001  4.001443e+001
      vertex -5.186987e+001 -1.940576e+001  4.149747e+001
      vertex -5.379395e+001 -1.940576e+001  4.601443e+001
    endloop
  endfacet
  facet normal  0.000000e+000 -1.000000e+000  -0.000000e+000
    outer loop
      vertex -5.186987e+001 -1.940576e+001  4.001443e+001
      vertex -5.379395e+001 -1.940576e+001  4.601443e+001
      vertex -5.383146e+001 -1.940576e+001  4.556180e+001
    endloop
  endfacet
  facet normal  0.000000e+000 -1.000000e+000  -0.000000e+000
    outer loop
      vertex -5.186987e+001 -1.940576e+001  4.001443e+001
      vertex -5.383146e+001 -1.940576e+001  4.556180e+001
      vertex -5.394295e+001 -1.940576e+001  4.512151e+001
    endloop
  endfacet
  facet normal  0.000000e+000 -1.000000e+000  -0.000000e+000
    outer loop
      vertex -5.186987e+001 -1.940576e+001  4.001443e+001
      vertex -5.394295e+001 -1.940576e+001  4.512151e+001
      vertex -5.412540e+001 -1.940576e+001  4.470558e+001
    endloop
  endfacet
  facet normal  0.000000e+000 -1.000000e+000  -0.000000e+000
    outer loop
      vertex -5.186987e+001 -1.940576e+001  4.001443e+001
      vertex -5.412540e+001 -1.940576e+001  4.470558e+001
      vertex -5.437381e+001 -1.940576e+001  4.432535e+001
    endloop
  endfacet
  facet normal  0.000000e+000 -1.000000e+000  -0.000000e+000
    outer loop
      vertex -5.186987e+001 -1.940576e+001  4.001443e+001
      vertex -5.437381e+001 -1.940576e+001  4.432535e+001
      vertex -5.468142e+001 -1.940576e+001  4.399120e+001
    endloop
  endfacet
  facet normal  0.000000e+000 -1.000000e+000  -0.000000e+000
    outer loop
      vertex -5.186987e+001 -1.940576e+001  4.001443e+001
      vertex -5.468142e+001 -1.940576e+001  4.399120e+001
      vertex -5.503984e+001 -1.940576e+001  4.371223e+001
    endloop
  endfacet
  facet normal  0.000000e+000 -1.000000e+000  -0.000000e+000
    outer loop
      vertex -5.186987e+001 -1.940576e+001  4.001443e+001
      vertex -5.503984e+001 -1.940576e+001  4.371223e+001
      vertex -5.543929e+001 -1.940576e+001  4.349606e+001
    endloop
  endfacet
  facet normal  0.000000e+000 -1.000000e+000  -0.000000e+000
    outer loop
      vertex -5.186987e+001 -1.940576e+001  4.001443e+001
      vertex -5.543929e+001 -1.940576e+001  4.349606e+001
      vertex -5.586886e+001 -1.940576e+001  4.334858e+001
    endloop
  endfacet
  facet normal  0.000000e+000 -9.999999e-001  -0.000000e+000
    outer loop
      vertex -5.186987e+001 -1.940576e+001  4.001443e+001
      vertex -5.586886e+001 -1.940576e+001  4.334858e+001
      vertex -5.631686e+001 -1.940576e+001  4.327383e+001
    endloop
  endfacet
  facet normal  -0.000000e+000 -1.000000e+000  -0.000000e+000
    outer loop
      vertex -5.186987e+001 -1.940576e+001  4.001443e+001
      vertex -5.631686e+001 -1.940576e+001  4.327383e+001
      vertex -5.677104e+001 -1.940576e+001  4.327383e+001
    endloop
  endfacet
  facet normal  -0.000000e+000 -1.000000e+000  -0.000000e+000
    outer loop
      vertex -5.186987e+001 -1.940576e+001  4.001443e+001
      vertex -5.677104e+001 -1.940576e+001  4.327383e+001
      vertex -5.721904e+001 -1.940576e+001  4.334858e+001
    endloop
  endfacet
  facet normal  -0.000000e+000 -1.000000e+000  -0.000000e+000
    outer loop
      vertex -5.186987e+001 -1.940576e+001  4.001443e+001
      vertex -5.721904e+001 -1.940576e+001  4.334858e+001
      vertex -5.764861e+001 -1.940576e+001  4.349606e+001
    endloop
  endfacet
  facet normal  -0.000000e+000 -1.000000e+000  -0.000000e+000
    outer loop
      vertex -5.186987e+001 -1.940576e+001  4.001443e+001
      vertex -5.764861e+001 -1.940576e+001  4.349606e+001
      vertex -5.804806e+001 -1.940576e+001  4.371223e+001
    endloop
  endfacet
  facet normal  0.000000e+000 -1.000000e+000  0.000000e+000
    outer loop
      vertex -6.027784e+001 -1.940576e+001  4.001443e+001
      vertex -5.186987e+001 -1.940576e+001  4.001443e+001
      vertex -5.804806e+001 -1.940576e+001  4.371223e+001
    endloop
  endfacet
  facet normal  -0.000000e+000 -9.999999e-001  0.000000e+000
    outer loop
      vertex -6.027784e+001 -1.940576e+001  4.001443e+001
      vertex -5.804806e+001 -1.940576e+001  4.371223e+001
      vertex -5.840648e+001 -1.940576e+001  4.399120e+001
    endloop
  endfacet
  facet normal  -0.000000e+000 -9.999999e-001  0.000000e+000
    outer loop
      vertex -6.027784e+001 -1.940576e+001  4.001443e+001
      vertex -5.840648e+001 -1.940576e+001  4.399120e+001
      vertex -5.871408e+001 -1.940576e+001  4.432535e+001
    endloop
  endfacet
  facet normal  -0.000000e+000 -1.000000e+000  0.000000e+000
    outer loop
      vertex -6.027784e+001 -1.940576e+001  4.001443e+001
      vertex -5.871408e+001 -1.940576e+001  4.432535e+001
      vertex -5.896250e+001 -1.940576e+001  4.470558e+001
    endloop
  endfacet
  facet normal  -0.000000e+000 -1.000000e+000  0.000000e+000
    outer loop
      vertex -6.027784e+001 -1.940576e+001  4.001443e+001
      vertex -5.896250e+001 -1.940576e+001  4.470558e+001
      vertex -5.914495e+001 -1.940576e+001  4.512151e+001
    endloop
  endfacet
  facet normal  -0.000000e+000 -1.000000e+000  0.000000e+000
    outer loop
      vertex -6.027784e+001 -1.940576e+001  4.001443e+001
      vertex -5.914495e+001 -1.940576e+001  4.512151e+001
      vertex -5.925644e+001 -1.940576e+001  4.556180e+001
    endloop
  endfacet
  facet normal  -0.000000e+000 -1.000000e+000  0.000000e+000
    outer loop
      vertex -6.027784e+001 -1.940576e+001  4.001443e+001
      vertex -5.925644e+001 -1.940576e+001  4.556180e+001
      vertex -5.929395e+001 -1.940576e+001  4.601443e+001
    endloop
  endfacet
  facet normal  0.000000e+000 -1.000000e+000  0.000000e+000
    outer loop
      vertex -5.004395e+001 -1.940576e+001  4.601443e+001
      vertex -5.379395e+001 -1.940576e+001  4.601443e+001
      vertex -5.186987e+001 -1.940576e+001  4.149747e+001
    endloop
  endfacet
  facet normal  0.000000e+000 -1.000000e+000  0.000000e+000
    outer loop
      vertex -5.004395e+001 -1.940576e+001  4.601443e+001
      vertex -5.186987e+001 -1.940576e+001  4.149747e+001
      vertex -5.140322e+001 -1.940576e+001  4.203663e+001
    endloop
  endfacet
  facet normal  0.000000e+000 -9.999999e-001  0.000000e+000
    outer loop
      vertex -5.004395e+001 -1.940576e+001  4.601443e+001
      vertex -5.140322e+001 -1.940576e+001  4.203663e+001
      vertex -5.099843e+001 -1.940576e+001  4.262367e+001
    endloop
  endfacet
  facet normal  0.000000e+000 -1.000000e+000  0.000000e+000
    outer loop
      vertex -5.004395e+001 -1.940576e+001  4.601443e+001
      vertex -5.099843e+001 -1.940576e+001  4.262367e+001
      vertex -5.066039e+001 -1.940576e+001  4.325152e+001
    endloop
  endfacet
  facet normal  0.000000e+000 -9.999999e-001  0.000000e+000
    outer loop
      vertex -5.004395e+001 -1.940576e+001  4.601443e+001
      vertex -5.066039e+001 -1.940576e+001  4.325152e+001
      vertex -5.039315e+001 -1.940576e+001  4.391262e+001
    endloop
  endfacet
  facet normal  0.000000e+000 -9.999999e-001  0.000000e+000
    outer loop
      vertex -5.004395e+001 -1.940576e+001  4.601443e+001
      vertex -5.039315e+001 -1.940576e+001  4.391262e+001
      vertex -5.019993e+001 -1.940576e+001  4.459901e+001
    endloop
  endfacet
  facet normal  0.000000e+000 -1.000000e+000  0.000000e+000
    outer loop
      vertex -5.004395e+001 -1.940576e+001  4.601443e+001
      vertex -5.019993e+001 -1.940576e+001  4.459901e+001
      vertex -5.008306e+001 -1.940576e+001  4.530244e+001
    endloop
  endfacet
  facet normal  0.000000e+000 -1.000000e+000  0.000000e+000
    outer loop
      vertex -5.871408e+001 -1.940576e+001  4.770352e+001
      vertex -5.842104e+001 -1.940576e+001  5.171324e+001
      vertex -5.896250e+001 -1.940576e+001  4.732329e+001
    endloop
  endfacet
  facet normal  0.000000e+000 -1.000000e+000  0.000000e+000
    outer loop
      vertex -5.896250e+001 -1.940576e+001  4.732329e+001
      vertex -5.842104e+001 -1.940576e+001  5.171324e+001
      vertex -5.905298e+001 -1.940576e+001  5.146457e+001
    endloop
  endfacet
  facet normal  0.000000e+000 -1.000000e+000  -0.000000e+000
    outer loop
      vertex -5.896250e+001 -1.940576e+001  4.732329e+001
      vertex -5.905298e+001 -1.940576e+001  5.146457e+001
      vertex -5.914495e+001 -1.940576e+001  4.690736e+001
    endloop
  endfacet
  facet normal  0.000000e+000 -9.999999e-001  0.000000e+000
    outer loop
      vertex -5.804806e+001 -1.940576e+001  4.831664e+001
      vertex -5.776501e+001 -1.940576e+001  5.188880e+001
      vertex -5.840648e+001 -1.940576e+001  4.803767e+001
    endloop
  endfacet
  facet normal  0.000000e+000 -1.000000e+000  0.000000e+000
    outer loop
      vertex -5.840648e+001 -1.940576e+001  4.803767e+001
      vertex -5.776501e+001 -1.940576e+001  5.188880e+001
      vertex -5.842104e+001 -1.940576e+001  5.171324e+001
    endloop
  endfacet
  facet normal  0.000000e+000 -9.999999e-001  -0.000000e+000
    outer loop
      vertex -5.840648e+001 -1.940576e+001  4.803767e+001
      vertex -5.842104e+001 -1.940576e+001  5.171324e+001
      vertex -5.871408e+001 -1.940576e+001  4.770352e+001
    endloop
  endfacet
  facet normal  0.000000e+000 -1.000000e+000  0.000000e+000
    outer loop
      vertex -5.776501e+001 -1.940576e+001  5.188880e+001
      vertex -5.764861e+001 -1.940576e+001  4.853281e+001
      vertex -5.663269e+001 -1.940576e+001  5.390344e+001
    endloop
  endfacet
  facet normal  0.000000e+000 -1.000000e+000  0.000000e+000
    outer loop
      vertex -5.663269e+001 -1.940576e+001  5.390344e+001
      vertex -5.764861e+001 -1.940576e+001  4.853281e+001
      vertex -5.721904e+001 -1.940576e+001  4.868029e+001
    endloop
  endfacet
  facet normal  0.000000e+000 -1.000000e+000  0.000000e+000
    outer loop
      vertex -5.663269e+001 -1.940576e+001  5.390344e+001
      vertex -5.721904e+001 -1.940576e+001  4.868029e+001
      vertex -5.677104e+001 -1.940576e+001  4.875504e+001
    endloop
  endfacet
  facet normal  4.999999e-001  0.000000e+000  8.660254e-001
    outer loop
      vertex -5.336084e+001 -1.940576e+001  5.201443e+001
      vertex -5.336084e+001 -1.770576e+001  5.201443e+001
      vertex -5.663269e+001 -1.940576e+001  5.390344e+001
    endloop
  endfacet
  facet normal  4.999999e-001  -0.000000e+000  8.660254e-001
    outer loop
      vertex -5.663269e+001 -1.940576e+001  5.390344e+001
      vertex -5.336084e+001 -1.770576e+001  5.201443e+001
      vertex -5.663269e+001 -1.770576e+001  5.390344e+001
    endloop
  endfacet
  facet normal -5.016668e-001  -0.000000e+000 -8.650610e-001
    outer loop
      vertex -5.778811e+001 -1.940576e+001  5.190219e+001
      vertex -5.778811e+001 -1.770576e+001  5.190219e+001
      vertex -5.776501e+001 -1.940576e+001  5.188880e+001
    endloop
  endfacet
  facet normal -4.999867e-001  3.049209e-005 -8.660331e-001
    outer loop
      vertex -5.776501e+001 -1.940576e+001  5.188880e+001
      vertex -5.778811e+001 -1.770576e+001  5.190219e+001
      vertex -5.776503e+001 -1.770576e+001  5.188887e+001
    endloop
  endfacet
  facet normal -9.582406e-001  0.000000e+000  2.859634e-001
    outer loop
      vertex -6.238129e+001 -1.770576e+001  4.740202e+001
      vertex -6.218709e+001 -1.940576e+001  4.805277e+001
      vertex -6.218709e+001 -1.770576e+001  4.805277e+001
    endloop
  endfacet
  facet normal -9.197590e-001  0.000000e+000  3.924836e-001
    outer loop
      vertex -6.218709e+001 -1.770576e+001  4.805277e+001
      vertex -6.218709e+001 -1.940576e+001  4.805277e+001
      vertex -6.192056e+001 -1.940576e+001  4.867738e+001
    endloop
  endfacet
  facet normal -9.197590e-001  0.000000e+000  3.924836e-001
    outer loop
      vertex -6.218709e+001 -1.770576e+001  4.805277e+001
      vertex -6.192056e+001 -1.940576e+001  4.867738e+001
      vertex -6.192056e+001 -1.770576e+001  4.867738e+001
    endloop
  endfacet
  facet normal -8.694935e-001  0.000000e+000  4.939445e-001
    outer loop
      vertex -6.192056e+001 -1.770576e+001  4.867738e+001
      vertex -6.192056e+001 -1.940576e+001  4.867738e+001
      vertex -6.158512e+001 -1.940576e+001  4.926786e+001
    endloop
  endfacet
  facet normal -8.694935e-001  0.000000e+000  4.939445e-001
    outer loop
      vertex -6.192056e+001 -1.770576e+001  4.867738e+001
      vertex -6.158512e+001 -1.940576e+001  4.926786e+001
      vertex -6.158512e+001 -1.770576e+001  4.926786e+001
    endloop
  endfacet
  facet normal -8.081121e-001  0.000000e+000  5.890287e-001
    outer loop
      vertex -6.158512e+001 -1.770576e+001  4.926786e+001
      vertex -6.158512e+001 -1.940576e+001  4.926786e+001
      vertex -6.118510e+001 -1.940576e+001  4.981665e+001
    endloop
  endfacet
  facet normal -8.081121e-001  0.000000e+000  5.890287e-001
    outer loop
      vertex -6.158512e+001 -1.770576e+001  4.926786e+001
      vertex -6.118510e+001 -1.940576e+001  4.981665e+001
      vertex -6.118510e+001 -1.770576e+001  4.981665e+001
    endloop
  endfacet
  facet normal -7.364174e-001  0.000000e+000  6.765275e-001
    outer loop
      vertex -6.118510e+001 -1.770576e+001  4.981665e+001
      vertex -6.118510e+001 -1.940576e+001  4.981665e+001
      vertex -6.072566e+001 -1.940576e+001  5.031676e+001
    endloop
  endfacet
  facet normal -7.364174e-001  0.000000e+000  6.765275e-001
    outer loop
      vertex -6.118510e+001 -1.770576e+001  4.981665e+001
      vertex -6.072566e+001 -1.940576e+001  5.031676e+001
      vertex -6.072566e+001 -1.770576e+001  5.031676e+001
    endloop
  endfacet
  facet normal -6.553178e-001  0.000000e+000  7.553534e-001
    outer loop
      vertex -6.072566e+001 -1.770576e+001  5.031676e+001
      vertex -6.072566e+001 -1.940576e+001  5.031676e+001
      vertex -6.021269e+001 -1.940576e+001  5.076180e+001
    endloop
  endfacet
  facet normal -6.553178e-001  0.000000e+000  7.553534e-001
    outer loop
      vertex -6.072566e+001 -1.770576e+001  5.031676e+001
      vertex -6.021269e+001 -1.940576e+001  5.076180e+001
      vertex -6.021269e+001 -1.770576e+001  5.076180e+001
    endloop
  endfacet
  facet normal -5.658177e-001  0.000000e+000  8.245304e-001
    outer loop
      vertex -6.021269e+001 -1.770576e+001  5.076180e+001
      vertex -6.021269e+001 -1.940576e+001  5.076180e+001
      vertex -5.965274e+001 -1.940576e+001  5.114605e+001
    endloop
  endfacet
  facet normal -5.658177e-001  0.000000e+000  8.245304e-001
    outer loop
      vertex -6.021269e+001 -1.770576e+001  5.076180e+001
      vertex -5.965274e+001 -1.940576e+001  5.114605e+001
      vertex -5.965274e+001 -1.770576e+001  5.114605e+001
    endloop
  endfacet
  facet normal -4.690292e-001  0.000000e+000  8.831827e-001
    outer loop
      vertex -5.965274e+001 -1.770576e+001  5.114605e+001
      vertex -5.965274e+001 -1.940576e+001  5.114605e+001
      vertex -5.905298e+001 -1.940576e+001  5.146457e+001
    endloop
  endfacet
  facet normal -4.690292e-001  0.000000e+000  8.831827e-001
    outer loop
      vertex -5.965274e+001 -1.770576e+001  5.114605e+001
      vertex -5.905298e+001 -1.940576e+001  5.146457e+001
      vertex -5.905298e+001 -1.770576e+001  5.146457e+001
    endloop
  endfacet
  facet normal -3.661763e-001  0.000000e+000  9.305455e-001
    outer loop
      vertex -5.905298e+001 -1.770576e+001  5.146457e+001
      vertex -5.905298e+001 -1.940576e+001  5.146457e+001
      vertex -5.842104e+001 -1.940576e+001  5.171324e+001
    endloop
  endfacet
  facet normal -3.661763e-001  0.000000e+000  9.305455e-001
    outer loop
      vertex -5.905298e+001 -1.770576e+001  5.146457e+001
      vertex -5.842104e+001 -1.940576e+001  5.171324e+001
      vertex -5.842104e+001 -1.770576e+001  5.171324e+001
    endloop
  endfacet
  facet normal -2.585083e-001  0.000000e+000  9.660091e-001
    outer loop
      vertex -5.842104e+001 -1.770576e+001  5.171324e+001
      vertex -5.842104e+001 -1.940576e+001  5.171324e+001
      vertex -5.776501e+001 -1.940576e+001  5.188880e+001
    endloop
  endfacet
  facet normal -2.586082e-001 -4.133809e-005  9.659822e-001
    outer loop
      vertex -5.842104e+001 -1.770576e+001  5.171324e+001
      vertex -5.776501e+001 -1.940576e+001  5.188880e+001
      vertex -5.776503e+001 -1.770576e+001  5.188887e+001
    endloop
  endfacet
  facet normal -9.582406e-001  0.000000e+000  2.859634e-001
    outer loop
      vertex -6.218709e+001 -1.940576e+001  4.805277e+001
      vertex -6.238129e+001 -1.770576e+001  4.740202e+001
      vertex -6.238129e+001 -1.940576e+001  4.740202e+001
    endloop
  endfacet
  facet normal -9.844219e-001  0.000000e+000  1.758223e-001
    outer loop
      vertex -6.238129e+001 -1.940576e+001  4.740202e+001
      vertex -6.238129e+001 -1.770576e+001  4.740202e+001
      vertex -6.250070e+001 -1.770576e+001  4.673348e+001
    endloop
  endfacet
  facet normal -9.844219e-001  0.000000e+000  1.758223e-001
    outer loop
      vertex -6.238129e+001 -1.940576e+001  4.740202e+001
      vertex -6.250070e+001 -1.770576e+001  4.673348e+001
      vertex -6.250070e+001 -1.940576e+001  4.673348e+001
    endloop
  endfacet
  facet normal -9.979895e-001  0.000000e+000  6.337949e-002
    outer loop
      vertex -6.250070e+001 -1.940576e+001  4.673348e+001
      vertex -6.250070e+001 -1.770576e+001  4.673348e+001
      vertex -6.254374e+001 -1.770576e+001  4.605574e+001
    endloop
  endfacet
  facet normal -9.979895e-001  0.000000e+000  6.337949e-002
    outer loop
      vertex -6.250070e+001 -1.940576e+001  4.673348e+001
      vertex -6.254374e+001 -1.770576e+001  4.605574e+001
      vertex -6.254374e+001 -1.940576e+001  4.605574e+001
    endloop
  endfacet
  facet normal -9.987569e-001  0.000000e+000 -4.984797e-002
    outer loop
      vertex -6.254374e+001 -1.940576e+001  4.605574e+001
      vertex -6.254374e+001 -1.770576e+001  4.605574e+001
      vertex -6.250989e+001 -1.770576e+001  4.537749e+001
    endloop
  endfacet
  facet normal -9.987569e-001  -0.000000e+000 -4.984797e-002
    outer loop
      vertex -6.254374e+001 -1.940576e+001  4.605574e+001
      vertex -6.250989e+001 -1.770576e+001  4.537749e+001
      vertex -6.250989e+001 -1.940576e+001  4.537749e+001
    endloop
  endfacet
  facet normal -9.867279e-001  0.000000e+000 -1.623828e-001
    outer loop
      vertex -6.250989e+001 -1.940576e+001  4.537749e+001
      vertex -6.250989e+001 -1.770576e+001  4.537749e+001
      vertex -6.239961e+001 -1.770576e+001  4.470739e+001
    endloop
  endfacet
  facet normal -9.867279e-001  -0.000000e+000 -1.623828e-001
    outer loop
      vertex -6.250989e+001 -1.940576e+001  4.537749e+001
      vertex -6.239961e+001 -1.770576e+001  4.470739e+001
      vertex -6.239961e+001 -1.940576e+001  4.470739e+001
    endloop
  endfacet
  facet normal -9.620765e-001  0.000000e+000 -2.727798e-001
    outer loop
      vertex -6.239961e+001 -1.940576e+001  4.470739e+001
      vertex -6.239961e+001 -1.770576e+001  4.470739e+001
      vertex -6.221436e+001 -1.770576e+001  4.405403e+001
    endloop
  endfacet
  facet normal -9.620765e-001  -0.000000e+000 -2.727798e-001
    outer loop
      vertex -6.239961e+001 -1.940576e+001  4.470739e+001
      vertex -6.221436e+001 -1.770576e+001  4.405403e+001
      vertex -6.221436e+001 -1.940576e+001  4.405403e+001
    endloop
  endfacet
  facet normal -9.251205e-001  0.000000e+000 -3.796737e-001
    outer loop
      vertex -6.221436e+001 -1.940576e+001  4.405403e+001
      vertex -6.221436e+001 -1.770576e+001  4.405403e+001
      vertex -6.195652e+001 -1.770576e+001  4.342577e+001
    endloop
  endfacet
  facet normal -9.251205e-001  -0.000000e+000 -3.796737e-001
    outer loop
      vertex -6.221436e+001 -1.940576e+001  4.405403e+001
      vertex -6.195652e+001 -1.770576e+001  4.342577e+001
      vertex -6.195652e+001 -1.940576e+001  4.342577e+001
    endloop
  endfacet
  facet normal -8.763247e-001  0.000000e+000 -4.817210e-001
    outer loop
      vertex -6.195652e+001 -1.940576e+001  4.342577e+001
      vertex -6.195652e+001 -1.770576e+001  4.342577e+001
      vertex -6.162938e+001 -1.770576e+001  4.283065e+001
    endloop
  endfacet
  facet normal -8.763247e-001  -0.000000e+000 -4.817210e-001
    outer loop
      vertex -6.195652e+001 -1.940576e+001  4.342577e+001
      vertex -6.162938e+001 -1.770576e+001  4.283065e+001
      vertex -6.162938e+001 -1.940576e+001  4.283065e+001
    endloop
  endfacet
  facet normal -8.162819e-001  0.000000e+000 -5.776538e-001
    outer loop
      vertex -6.162938e+001 -1.940576e+001  4.283065e+001
      vertex -6.162938e+001 -1.770576e+001  4.283065e+001
      vertex -6.123709e+001 -1.770576e+001  4.227631e+001
    endloop
  endfacet
  facet normal -8.162819e-001  -0.000000e+000 -5.776538e-001
    outer loop
      vertex -6.162938e+001 -1.940576e+001  4.283065e+001
      vertex -6.123709e+001 -1.770576e+001  4.227631e+001
      vertex -6.123709e+001 -1.940576e+001  4.227631e+001
    endloop
  endfacet
  facet normal -7.457418e-001  0.000000e+000 -6.662351e-001
    outer loop
      vertex -6.123709e+001 -1.940576e+001  4.227631e+001
      vertex -6.123709e+001 -1.770576e+001  4.227631e+001
      vertex -6.078465e+001 -1.770576e+001  4.176987e+001
    endloop
  endfacet
  facet normal -7.457418e-001  -0.000000e+000 -6.662351e-001
    outer loop
      vertex -6.123709e+001 -1.940576e+001  4.227631e+001
      vertex -6.078465e+001 -1.770576e+001  4.176987e+001
      vertex -6.078465e+001 -1.940576e+001  4.176987e+001
    endloop
  endfacet
  facet normal -6.656302e-001  0.000000e+000 -7.462817e-001
    outer loop
      vertex -6.078465e+001 -1.940576e+001  4.176987e+001
      vertex -6.078465e+001 -1.770576e+001  4.176987e+001
      vertex -6.027784e+001 -1.770576e+001  4.131784e+001
    endloop
  endfacet
  facet normal -6.656302e-001  -0.000000e+000 -7.462817e-001
    outer loop
      vertex -6.078465e+001 -1.940576e+001  4.176987e+001
      vertex -6.027784e+001 -1.770576e+001  4.131784e+001
      vertex -6.027784e+001 -1.940576e+001  4.131784e+001
    endloop
  endfacet
  facet normal  8.919808e-001 -4.459904e-001  7.391077e-002
    outer loop
      vertex -5.379395e+001 -1.940576e+001  4.601443e+001
      vertex -5.383146e+001 -1.940576e+001  4.646707e+001
      vertex -5.479395e+001 -2.140576e+001  4.601443e+001
    endloop
  endfacet
  facet normal  8.887197e-001 -4.488340e-001  9.340968e-002
    outer loop
      vertex -5.383146e+001 -1.940576e+001  4.646707e+001
      vertex -5.483219e+001 -2.140576e+001  4.637828e+001
      vertex -5.479395e+001 -2.140576e+001  4.601443e+001
    endloop
  endfacet
  facet normal -8.887197e-001 -4.488340e-001  9.340968e-002
    outer loop
      vertex -5.825571e+001 -2.140576e+001  4.637828e+001
      vertex -5.925644e+001 -1.940576e+001  4.646707e+001
      vertex -5.829395e+001 -2.140576e+001  4.601443e+001
    endloop
  endfacet
  facet normal -8.919808e-001 -4.459904e-001  7.391077e-002
    outer loop
      vertex -5.925644e+001 -1.940576e+001  4.646707e+001
      vertex -5.929395e+001 -1.940576e+001  4.601443e+001
      vertex -5.829395e+001 -2.140576e+001  4.601443e+001
    endloop
  endfacet
  facet normal  8.684585e-001 -4.443125e-001  2.199231e-001
    outer loop
      vertex -5.383146e+001 -1.940576e+001  4.646707e+001
      vertex -5.394295e+001 -1.940576e+001  4.690736e+001
      vertex -5.483219e+001 -2.140576e+001  4.637828e+001
    endloop
  endfacet
  facet normal  8.206232e-001 -4.438534e-001  3.599606e-001
    outer loop
      vertex -5.394295e+001 -1.940576e+001  4.690736e+001
      vertex -5.412540e+001 -1.940576e+001  4.732329e+001
      vertex -5.494524e+001 -2.140576e+001  4.672622e+001
    endloop
  endfacet
  facet normal  8.490814e-001 -4.505002e-001  2.758809e-001
    outer loop
      vertex -5.483219e+001 -2.140576e+001  4.637828e+001
      vertex -5.394295e+001 -1.940576e+001  4.690736e+001
      vertex -5.494524e+001 -2.140576e+001  4.672622e+001
    endloop
  endfacet
  facet normal  7.498648e-001 -4.446172e-001  4.899166e-001
    outer loop
      vertex -5.412540e+001 -1.940576e+001  4.732329e+001
      vertex -5.437381e+001 -1.940576e+001  4.770352e+001
      vertex -5.512817e+001 -2.140576e+001  4.704306e+001
    endloop
  endfacet
  facet normal  7.732709e-001 -4.502621e-001  4.464484e-001
    outer loop
      vertex -5.494524e+001 -2.140576e+001  4.672622e+001
      vertex -5.412540e+001 -1.940576e+001  4.732329e+001
      vertex -5.512817e+001 -2.140576e+001  4.704306e+001
    endloop
  endfacet
  facet normal  5.499082e-001 -4.454572e-001  7.065188e-001
    outer loop
      vertex -5.468142e+001 -1.940576e+001  4.803767e+001
      vertex -5.503984e+001 -1.940576e+001  4.831664e+001
      vertex -5.537297e+001 -2.140576e+001  4.731494e+001
    endloop
  endfacet
  facet normal  6.650164e-001 -4.463274e-001  5.987862e-001
    outer loop
      vertex -5.512817e+001 -2.140576e+001  4.704306e+001
      vertex -5.468142e+001 -1.940576e+001  4.803767e+001
      vertex -5.537297e+001 -2.140576e+001  4.731494e+001
    endloop
  endfacet
  facet normal  6.577495e-001 -4.480409e-001  6.054956e-001
    outer loop
      vertex -5.437381e+001 -1.940576e+001  4.770352e+001
      vertex -5.468142e+001 -1.940576e+001  4.803767e+001
      vertex -5.512817e+001 -2.140576e+001  4.704306e+001
    endloop
  endfacet
  facet normal  4.264404e-001 -4.440826e-001  7.879969e-001
    outer loop
      vertex -5.503984e+001 -1.940576e+001  4.831664e+001
      vertex -5.543929e+001 -1.940576e+001  4.853281e+001
      vertex -5.566895e+001 -2.140576e+001  4.752998e+001
    endloop
  endfacet
  facet normal  5.250797e-001 -4.494293e-001  7.227065e-001
    outer loop
      vertex -5.537297e+001 -2.140576e+001  4.731494e+001
      vertex -5.503984e+001 -1.940576e+001  4.831664e+001
      vertex -5.566895e+001 -2.140576e+001  4.752998e+001
    endloop
  endfacet
  facet normal  2.909546e-001 -4.439301e-001  8.475089e-001
    outer loop
      vertex -5.543929e+001 -1.940576e+001  4.853281e+001
      vertex -5.586886e+001 -1.940576e+001  4.868029e+001
      vertex -5.600317e+001 -2.140576e+001  4.767878e+001
    endloop
  endfacet
  facet normal  3.630985e-001 -4.506185e-001  8.155381e-001
    outer loop
      vertex -5.566895e+001 -2.140576e+001  4.752998e+001
      vertex -5.543929e+001 -1.940576e+001  4.853281e+001
      vertex -5.600317e+001 -2.140576e+001  4.767878e+001
    endloop
  endfacet
  facet normal  1.473988e-001 -4.449995e-001  8.833171e-001
    outer loop
      vertex -5.586886e+001 -1.940576e+001  4.868029e+001
      vertex -5.631686e+001 -1.940576e+001  4.875504e+001
      vertex -5.636102e+001 -2.140576e+001  4.775485e+001
    endloop
  endfacet
  facet normal  1.856835e-001 -4.499057e-001  8.735597e-001
    outer loop
      vertex -5.600317e+001 -2.140576e+001  4.767878e+001
      vertex -5.586886e+001 -1.940576e+001  4.868029e+001
      vertex -5.636102e+001 -2.140576e+001  4.775485e+001
    endloop
  endfacet
  facet normal -1.473988e-001 -4.449995e-001  8.833171e-001
    outer loop
      vertex -5.677104e+001 -1.940576e+001  4.875504e+001
      vertex -5.721904e+001 -1.940576e+001  4.868029e+001
      vertex -5.672688e+001 -2.140576e+001  4.775485e+001
    endloop
  endfacet
  facet normal  0.000000e+000 -4.472832e-001  8.943924e-001
    outer loop
      vertex -5.636102e+001 -2.140576e+001  4.775485e+001
      vertex -5.677104e+001 -1.940576e+001  4.875504e+001
      vertex -5.672688e+001 -2.140576e+001  4.775485e+001
    endloop
  endfacet
  facet normal  0.000000e+000 -4.472832e-001  8.943925e-001
    outer loop
      vertex -5.631686e+001 -1.940576e+001  4.875504e+001
      vertex -5.677104e+001 -1.940576e+001  4.875504e+001
      vertex -5.636102e+001 -2.140576e+001  4.775485e+001
    endloop
  endfacet
  facet normal -2.909546e-001 -4.439301e-001  8.475089e-001
    outer loop
      vertex -5.721904e+001 -1.940576e+001  4.868029e+001
      vertex -5.764861e+001 -1.940576e+001  4.853281e+001
      vertex -5.708473e+001 -2.140576e+001  4.767878e+001
    endloop
  endfacet
  facet normal -1.856835e-001 -4.499057e-001  8.735597e-001
    outer loop
      vertex -5.672688e+001 -2.140576e+001  4.775485e+001
      vertex -5.721904e+001 -1.940576e+001  4.868029e+001
      vertex -5.708473e+001 -2.140576e+001  4.767878e+001
    endloop
  endfacet
  facet normal -4.264404e-001 -4.440826e-001  7.879969e-001
    outer loop
      vertex -5.764861e+001 -1.940576e+001  4.853281e+001
      vertex -5.804806e+001 -1.940576e+001  4.831664e+001
      vertex -5.741895e+001 -2.140576e+001  4.752998e+001
    endloop
  endfacet
  facet normal -3.630985e-001 -4.506185e-001  8.155381e-001
    outer loop
      vertex -5.708473e+001 -2.140576e+001  4.767878e+001
      vertex -5.764861e+001 -1.940576e+001  4.853281e+001
      vertex -5.741895e+001 -2.140576e+001  4.752998e+001
    endloop
  endfacet
  facet normal -5.499082e-001 -4.454572e-001  7.065188e-001
    outer loop
      vertex -5.804806e+001 -1.940576e+001  4.831664e+001
      vertex -5.840648e+001 -1.940576e+001  4.803767e+001
      vertex -5.771493e+001 -2.140576e+001  4.731494e+001
    endloop
  endfacet
  facet normal -5.250797e-001 -4.494293e-001  7.227065e-001
    outer loop
      vertex -5.741895e+001 -2.140576e+001  4.752998e+001
      vertex -5.804806e+001 -1.940576e+001  4.831664e+001
      vertex -5.771493e+001 -2.140576e+001  4.731494e+001
    endloop
  endfacet
  facet normal -7.498648e-001 -4.446172e-001  4.899166e-001
    outer loop
      vertex -5.871408e+001 -1.940576e+001  4.770352e+001
      vertex -5.896250e+001 -1.940576e+001  4.732329e+001
      vertex -5.795973e+001 -2.140576e+001  4.704306e+001
    endloop
  endfacet
  facet normal -6.643512e-001 -4.481175e-001  5.981873e-001
    outer loop
      vertex -5.771493e+001 -2.140576e+001  4.731494e+001
      vertex -5.871408e+001 -1.940576e+001  4.770352e+001
      vertex -5.795973e+001 -2.140576e+001  4.704306e+001
    endloop
  endfacet
  facet normal -6.582800e-001 -4.465992e-001  6.059840e-001
    outer loop
      vertex -5.840648e+001 -1.940576e+001  4.803767e+001
      vertex -5.871408e+001 -1.940576e+001  4.770352e+001
      vertex -5.771493e+001 -2.140576e+001  4.731494e+001
    endloop
  endfacet
  facet normal -8.206232e-001 -4.438534e-001  3.599606e-001
    outer loop
      vertex -5.896250e+001 -1.940576e+001  4.732329e+001
      vertex -5.914495e+001 -1.940576e+001  4.690736e+001
      vertex -5.814265e+001 -2.140576e+001  4.672622e+001
    endloop
  endfacet
  facet normal -7.732709e-001 -4.502621e-001  4.464484e-001
    outer loop
      vertex -5.795973e+001 -2.140576e+001  4.704306e+001
      vertex -5.896250e+001 -1.940576e+001  4.732329e+001
      vertex -5.814265e+001 -2.140576e+001  4.672622e+001
    endloop
  endfacet
  facet normal -8.684585e-001 -4.443125e-001  2.199231e-001
    outer loop
      vertex -5.914495e+001 -1.940576e+001  4.690736e+001
      vertex -5.925644e+001 -1.940576e+001  4.646707e+001
      vertex -5.825571e+001 -2.140576e+001  4.637828e+001
    endloop
  endfacet
  facet normal -8.490814e-001 -4.505002e-001  2.758809e-001
    outer loop
      vertex -5.814265e+001 -2.140576e+001  4.672622e+001
      vertex -5.914495e+001 -1.940576e+001  4.690736e+001
      vertex -5.825571e+001 -2.140576e+001  4.637828e+001
    endloop
  endfacet
  facet normal -8.919808e-001 -4.459904e-001 -7.391077e-002
    outer loop
      vertex -5.929395e+001 -1.940576e+001  4.601443e+001
      vertex -5.925644e+001 -1.940576e+001  4.556180e+001
      vertex -5.829395e+001 -2.140576e+001  4.601443e+001
    endloop
  endfacet
  facet normal -8.887197e-001 -4.488340e-001 -9.340968e-002
    outer loop
      vertex -5.925644e+001 -1.940576e+001  4.556180e+001
      vertex -5.825571e+001 -2.140576e+001  4.565059e+001
      vertex -5.829395e+001 -2.140576e+001  4.601443e+001
    endloop
  endfacet
  facet normal  8.887197e-001 -4.488340e-001 -9.340968e-002
    outer loop
      vertex -5.483219e+001 -2.140576e+001  4.565059e+001
      vertex -5.383146e+001 -1.940576e+001  4.556180e+001
      vertex -5.479395e+001 -2.140576e+001  4.601443e+001
    endloop
  endfacet
  facet normal  8.919808e-001 -4.459904e-001 -7.391077e-002
    outer loop
      vertex -5.383146e+001 -1.940576e+001  4.556180e+001
      vertex -5.379395e+001 -1.940576e+001  4.601443e+001
      vertex -5.479395e+001 -2.140576e+001  4.601443e+001
    endloop
  endfacet
  facet normal -8.684585e-001 -4.443125e-001 -2.199231e-001
    outer loop
      vertex -5.925644e+001 -1.940576e+001  4.556180e+001
      vertex -5.914495e+001 -1.940576e+001  4.512151e+001
      vertex -5.825571e+001 -2.140576e+001  4.565059e+001
    endloop
  endfacet
  facet normal -8.206232e-001 -4.438534e-001 -3.599606e-001
    outer loop
      vertex -5.914495e+001 -1.940576e+001  4.512151e+001
      vertex -5.896250e+001 -1.940576e+001  4.470558e+001
      vertex -5.814265e+001 -2.140576e+001  4.530265e+001
    endloop
  endfacet
  facet normal -8.490814e-001 -4.505002e-001 -2.758809e-001
    outer loop
      vertex -5.825571e+001 -2.140576e+001  4.565059e+001
      vertex -5.914495e+001 -1.940576e+001  4.512151e+001
      vertex -5.814265e+001 -2.140576e+001  4.530265e+001
    endloop
  endfacet
  facet normal -7.498648e-001 -4.446172e-001 -4.899166e-001
    outer loop
      vertex -5.896250e+001 -1.940576e+001  4.470558e+001
      vertex -5.871408e+001 -1.940576e+001  4.432535e+001
      vertex -5.795973e+001 -2.140576e+001  4.498581e+001
    endloop
  endfacet
  facet normal -7.732709e-001 -4.502621e-001 -4.464484e-001
    outer loop
      vertex -5.814265e+001 -2.140576e+001  4.530265e+001
      vertex -5.896250e+001 -1.940576e+001  4.470558e+001
      vertex -5.795973e+001 -2.140576e+001  4.498581e+001
    endloop
  endfacet
  facet normal -5.499082e-001 -4.454572e-001 -7.065188e-001
    outer loop
      vertex -5.840648e+001 -1.940576e+001  4.399120e+001
      vertex -5.804806e+001 -1.940576e+001  4.371223e+001
      vertex -5.771493e+001 -2.140576e+001  4.471393e+001
    endloop
  endfacet
  facet normal -6.650164e-001 -4.463274e-001 -5.987862e-001
    outer loop
      vertex -5.795973e+001 -2.140576e+001  4.498581e+001
      vertex -5.840648e+001 -1.940576e+001  4.399120e+001
      vertex -5.771493e+001 -2.140576e+001  4.471393e+001
    endloop
  endfacet
  facet normal -6.577495e-001 -4.480409e-001 -6.054956e-001
    outer loop
      vertex -5.871408e+001 -1.940576e+001  4.432535e+001
      vertex -5.840648e+001 -1.940576e+001  4.399120e+001
      vertex -5.795973e+001 -2.140576e+001  4.498581e+001
    endloop
  endfacet
  facet normal -4.264404e-001 -4.440826e-001 -7.879969e-001
    outer loop
      vertex -5.804806e+001 -1.940576e+001  4.371223e+001
      vertex -5.764861e+001 -1.940576e+001  4.349606e+001
      vertex -5.741895e+001 -2.140576e+001  4.449889e+001
    endloop
  endfacet
  facet normal -5.250797e-001 -4.494293e-001 -7.227065e-001
    outer loop
      vertex -5.771493e+001 -2.140576e+001  4.471393e+001
      vertex -5.804806e+001 -1.940576e+001  4.371223e+001
      vertex -5.741895e+001 -2.140576e+001  4.449889e+001
    endloop
  endfacet
  facet normal -2.909546e-001 -4.439301e-001 -8.475089e-001
    outer loop
      vertex -5.764861e+001 -1.940576e+001  4.349606e+001
      vertex -5.721904e+001 -1.940576e+001  4.334858e+001
      vertex -5.708473e+001 -2.140576e+001  4.435009e+001
    endloop
  endfacet
  facet normal -3.630985e-001 -4.506185e-001 -8.155381e-001
    outer loop
      vertex -5.741895e+001 -2.140576e+001  4.449889e+001
      vertex -5.764861e+001 -1.940576e+001  4.349606e+001
      vertex -5.708473e+001 -2.140576e+001  4.435009e+001
    endloop
  endfacet
  facet normal -1.473988e-001 -4.449995e-001 -8.833171e-001
    outer loop
      vertex -5.721904e+001 -1.940576e+001  4.334858e+001
      vertex -5.677104e+001 -1.940576e+001  4.327383e+001
      vertex -5.672688e+001 -2.140576e+001  4.427402e+001
    endloop
  endfacet
  facet normal -1.856835e-001 -4.499057e-001 -8.735597e-001
    outer loop
      vertex -5.708473e+001 -2.140576e+001  4.435009e+001
      vertex -5.721904e+001 -1.940576e+001  4.334858e+001
      vertex -5.672688e+001 -2.140576e+001  4.427402e+001
    endloop
  endfacet
  facet normal  1.473988e-001 -4.449995e-001 -8.833171e-001
    outer loop
      vertex -5.631686e+001 -1.940576e+001  4.327383e+001
      vertex -5.586886e+001 -1.940576e+001  4.334858e+001
      vertex -5.636102e+001 -2.140576e+001  4.427402e+001
    endloop
  endfacet
  facet normal  0.000000e+000 -4.472832e-001 -8.943924e-001
    outer loop
      vertex -5.672688e+001 -2.140576e+001  4.427402e+001
      vertex -5.631686e+001 -1.940576e+001  4.327383e+001
      vertex -5.636102e+001 -2.140576e+001  4.427402e+001
    endloop
  endfacet
  facet normal  -0.000000e+000 -4.472832e-001 -8.943925e-001
    outer loop
      vertex -5.677104e+001 -1.940576e+001  4.327383e+001
      vertex -5.631686e+001 -1.940576e+001  4.327383e+001
      vertex -5.672688e+001 -2.140576e+001  4.427402e+001
    endloop
  endfacet
  facet normal  2.909546e-001 -4.439301e-001 -8.475089e-001
    outer loop
      vertex -5.586886e+001 -1.940576e+001  4.334858e+001
      vertex -5.543929e+001 -1.940576e+001  4.349606e+001
      vertex -5.600317e+001 -2.140576e+001  4.435009e+001
    endloop
  endfacet
  facet normal  1.856835e-001 -4.499057e-001 -8.735597e-001
    outer loop
      vertex -5.636102e+001 -2.140576e+001  4.427402e+001
      vertex -5.586886e+001 -1.940576e+001  4.334858e+001
      vertex -5.600317e+001 -2.140576e+001  4.435009e+001
    endloop
  endfacet
  facet normal  4.264404e-001 -4.440826e-001 -7.879969e-001
    outer loop
      vertex -5.543929e+001 -1.940576e+001  4.349606e+001
      vertex -5.503984e+001 -1.940576e+001  4.371223e+001
      vertex -5.566895e+001 -2.140576e+001  4.449889e+001
    endloop
  endfacet
  facet normal  3.630985e-001 -4.506185e-001 -8.155381e-001
    outer loop
      vertex -5.600317e+001 -2.140576e+001  4.435009e+001
      vertex -5.543929e+001 -1.940576e+001  4.349606e+001
      vertex -5.566895e+001 -2.140576e+001  4.449889e+001
    endloop
  endfacet
  facet normal  5.499082e-001 -4.454572e-001 -7.065188e-001
    outer loop
      vertex -5.503984e+001 -1.940576e+001  4.371223e+001
      vertex -5.468142e+001 -1.940576e+001  4.399120e+001
      vertex -5.537297e+001 -2.140576e+001  4.471393e+001
    endloop
  endfacet
  facet normal  5.250797e-001 -4.494293e-001 -7.227065e-001
    outer loop
      vertex -5.566895e+001 -2.140576e+001  4.449889e+001
      vertex -5.503984e+001 -1.940576e+001  4.371223e+001
      vertex -5.537297e+001 -2.140576e+001  4.471393e+001
    endloop
  endfacet
  facet normal  7.498648e-001 -4.446172e-001 -4.899166e-001
    outer loop
      vertex -5.437381e+001 -1.940576e+001  4.432535e+001
      vertex -5.412540e+001 -1.940576e+001  4.470558e+001
      vertex -5.512817e+001 -2.140576e+001  4.498581e+001
    endloop
  endfacet
  facet normal  6.643512e-001 -4.481175e-001 -5.981873e-001
    outer loop
      vertex -5.537297e+001 -2.140576e+001  4.471393e+001
      vertex -5.437381e+001 -1.940576e+001  4.432535e+001
      vertex -5.512817e+001 -2.140576e+001  4.498581e+001
    endloop
  endfacet
  facet normal  6.582800e-001 -4.465992e-001 -6.059840e-001
    outer loop
      vertex -5.468142e+001 -1.940576e+001  4.399120e+001
      vertex -5.437381e+001 -1.940576e+001  4.432535e+001
      vertex -5.537297e+001 -2.140576e+001  4.471393e+001
    endloop
  endfacet
  facet normal  8.206232e-001 -4.438534e-001 -3.599606e-001
    outer loop
      vertex -5.412540e+001 -1.940576e+001  4.470558e+001
      vertex -5.394295e+001 -1.940576e+001  4.512151e+001
      vertex -5.494524e+001 -2.140576e+001  4.530265e+001
    endloop
  endfacet
  facet normal  7.732709e-001 -4.502621e-001 -4.464484e-001
    outer loop
      vertex -5.512817e+001 -2.140576e+001  4.498581e+001
      vertex -5.412540e+001 -1.940576e+001  4.470558e+001
      vertex -5.494524e+001 -2.140576e+001  4.530265e+001
    endloop
  endfacet
  facet normal  8.684585e-001 -4.443125e-001 -2.199231e-001
    outer loop
      vertex -5.394295e+001 -1.940576e+001  4.512151e+001
      vertex -5.383146e+001 -1.940576e+001  4.556180e+001
      vertex -5.483219e+001 -2.140576e+001  4.565059e+001
    endloop
  endfacet
  facet normal  8.490814e-001 -4.505002e-001 -2.758809e-001
    outer loop
      vertex -5.494524e+001 -2.140576e+001  4.530265e+001
      vertex -5.394295e+001 -1.940576e+001  4.512151e+001
      vertex -5.483219e+001 -2.140576e+001  4.565059e+001
    endloop
  endfacet
  facet normal -9.984945e-001  0.000000e+000 -5.485046e-002
    outer loop
      vertex -5.004395e+001 -1.940576e+001  4.601443e+001
      vertex -5.008306e+001 -2.160576e+001  4.672643e+001
      vertex -5.008306e+001 -1.940576e+001  4.672643e+001
    endloop
  endfacet
  facet normal -9.864783e-001  -0.000000e+000 -1.638923e-001
    outer loop
      vertex -5.008306e+001 -1.940576e+001  4.672643e+001
      vertex -5.008306e+001 -2.160576e+001  4.672643e+001
      vertex -5.019993e+001 -2.160576e+001  4.742986e+001
    endloop
  endfacet
  facet normal -9.864783e-001  0.000000e+000 -1.638923e-001
    outer loop
      vertex -5.008306e+001 -1.940576e+001  4.672643e+001
      vertex -5.019993e+001 -2.160576e+001  4.742986e+001
      vertex -5.019993e+001 -1.940576e+001  4.742986e+001
    endloop
  endfacet
  facet normal -9.625884e-001  -0.000000e+000 -2.709679e-001
    outer loop
      vertex -5.019993e+001 -1.940576e+001  4.742986e+001
      vertex -5.019993e+001 -2.160576e+001  4.742986e+001
      vertex -5.039315e+001 -2.160576e+001  4.811625e+001
    endloop
  endfacet
  facet normal -9.625884e-001  0.000000e+000 -2.709679e-001
    outer loop
      vertex -5.019993e+001 -1.940576e+001  4.742986e+001
      vertex -5.039315e+001 -2.160576e+001  4.811625e+001
      vertex -5.039315e+001 -1.940576e+001  4.811625e+001
    endloop
  endfacet
  facet normal -9.271169e-001  -0.000000e+000 -3.747723e-001
    outer loop
      vertex -5.039315e+001 -1.940576e+001  4.811625e+001
      vertex -5.039315e+001 -2.160576e+001  4.811625e+001
      vertex -5.066039e+001 -2.160576e+001  4.877735e+001
    endloop
  endfacet
  facet normal -9.271169e-001  0.000000e+000 -3.747723e-001
    outer loop
      vertex -5.039315e+001 -1.940576e+001  4.811625e+001
      vertex -5.066039e+001 -2.160576e+001  4.877735e+001
      vertex -5.066039e+001 -1.940576e+001  4.877735e+001
    endloop
  endfacet
  facet normal -8.804862e-001  -0.000000e+000 -4.740717e-001
    outer loop
      vertex -5.066039e+001 -1.940576e+001  4.877735e+001
      vertex -5.066039e+001 -2.160576e+001  4.877735e+001
      vertex -5.099843e+001 -2.160576e+001  4.940520e+001
    endloop
  endfacet
  facet normal -8.804862e-001  0.000000e+000 -4.740717e-001
    outer loop
      vertex -5.066039e+001 -1.940576e+001  4.877735e+001
      vertex -5.099843e+001 -2.160576e+001  4.940520e+001
      vertex -5.099843e+001 -1.940576e+001  4.940520e+001
    endloop
  endfacet
  facet normal -8.232561e-001  -0.000000e+000 -5.676700e-001
    outer loop
      vertex -5.099843e+001 -1.940576e+001  4.940520e+001
      vertex -5.099843e+001 -2.160576e+001  4.940520e+001
      vertex -5.140322e+001 -2.160576e+001  4.999224e+001
    endloop
  endfacet
  facet normal -8.232561e-001  0.000000e+000 -5.676700e-001
    outer loop
      vertex -5.099843e+001 -1.940576e+001  4.940520e+001
      vertex -5.140322e+001 -2.160576e+001  4.999224e+001
      vertex -5.140322e+001 -1.940576e+001  4.999224e+001
    endloop
  endfacet
  facet normal -7.561225e-001  -0.000000e+000 -6.544300e-001
    outer loop
      vertex -5.140322e+001 -1.940576e+001  4.999224e+001
      vertex -5.140322e+001 -2.160576e+001  4.999224e+001
      vertex -5.186987e+001 -2.160576e+001  5.053140e+001
    endloop
  endfacet
  facet normal -7.561225e-001  0.000000e+000 -6.544300e-001
    outer loop
      vertex -5.140322e+001 -1.940576e+001  4.999224e+001
      vertex -5.186987e+001 -2.160576e+001  5.053140e+001
      vertex -5.186987e+001 -1.940576e+001  5.053140e+001
    endloop
  endfacet
  facet normal -9.984945e-001  -0.000000e+000 -5.485046e-002
    outer loop
      vertex -5.008306e+001 -2.160576e+001  4.672643e+001
      vertex -5.004395e+001 -1.940576e+001  4.601443e+001
      vertex -5.004395e+001 -2.160576e+001  4.601443e+001
    endloop
  endfacet
  facet normal -9.984945e-001  0.000000e+000  5.485046e-002
    outer loop
      vertex -5.004395e+001 -2.160576e+001  4.601443e+001
      vertex -5.004395e+001 -1.940576e+001  4.601443e+001
      vertex -5.008306e+001 -1.940576e+001  4.530244e+001
    endloop
  endfacet
  facet normal -9.984945e-001  0.000000e+000  5.485046e-002
    outer loop
      vertex -5.004395e+001 -2.160576e+001  4.601443e+001
      vertex -5.008306e+001 -1.940576e+001  4.530244e+001
      vertex -5.008306e+001 -2.160576e+001  4.530244e+001
    endloop
  endfacet
  facet normal -9.864783e-001  0.000000e+000  1.638923e-001
    outer loop
      vertex -5.008306e+001 -2.160576e+001  4.530244e+001
      vertex -5.008306e+001 -1.940576e+001  4.530244e+001
      vertex -5.019993e+001 -1.940576e+001  4.459901e+001
    endloop
  endfacet
  facet normal -9.864783e-001  0.000000e+000  1.638923e-001
    outer loop
      vertex -5.008306e+001 -2.160576e+001  4.530244e+001
      vertex -5.019993e+001 -1.940576e+001  4.459901e+001
      vertex -5.019993e+001 -2.160576e+001  4.459901e+001
    endloop
  endfacet
  facet normal -9.625884e-001  0.000000e+000  2.709679e-001
    outer loop
      vertex -5.019993e+001 -2.160576e+001  4.459901e+001
      vertex -5.019993e+001 -1.940576e+001  4.459901e+001
      vertex -5.039315e+001 -1.940576e+001  4.391262e+001
    endloop
  endfacet
  facet normal -9.625884e-001  0.000000e+000  2.709679e-001
    outer loop
      vertex -5.019993e+001 -2.160576e+001  4.459901e+001
      vertex -5.039315e+001 -1.940576e+001  4.391262e+001
      vertex -5.039315e+001 -2.160576e+001  4.391262e+001
    endloop
  endfacet
  facet normal -9.271169e-001  0.000000e+000  3.747723e-001
    outer loop
      vertex -5.039315e+001 -2.160576e+001  4.391262e+001
      vertex -5.039315e+001 -1.940576e+001  4.391262e+001
      vertex -5.066039e+001 -1.940576e+001  4.325152e+001
    endloop
  endfacet
  facet normal -9.271169e-001  0.000000e+000  3.747723e-001
    outer loop
      vertex -5.039315e+001 -2.160576e+001  4.391262e+001
      vertex -5.066039e+001 -1.940576e+001  4.325152e+001
      vertex -5.066039e+001 -2.160576e+001  4.325152e+001
    endloop
  endfacet
  facet normal -8.804862e-001  0.000000e+000  4.740717e-001
    outer loop
      vertex -5.066039e+001 -2.160576e+001  4.325152e+001
      vertex -5.066039e+001 -1.940576e+001  4.325152e+001
      vertex -5.099843e+001 -1.940576e+001  4.262367e+001
    endloop
  endfacet
  facet normal -8.804862e-001  0.000000e+000  4.740717e-001
    outer loop
      vertex -5.066039e+001 -2.160576e+001  4.325152e+001
      vertex -5.099843e+001 -1.940576e+001  4.262367e+001
      vertex -5.099843e+001 -2.160576e+001  4.262367e+001
    endloop
  endfacet
  facet normal -8.232561e-001  0.000000e+000  5.676700e-001
    outer loop
      vertex -5.099843e+001 -2.160576e+001  4.262367e+001
      vertex -5.099843e+001 -1.940576e+001  4.262367e+001
      vertex -5.140322e+001 -1.940576e+001  4.203663e+001
    endloop
  endfacet
  facet normal -8.232561e-001  0.000000e+000  5.676700e-001
    outer loop
      vertex -5.099843e+001 -2.160576e+001  4.262367e+001
      vertex -5.140322e+001 -1.940576e+001  4.203663e+001
      vertex -5.140322e+001 -2.160576e+001  4.203663e+001
    endloop
  endfacet
  facet normal -7.561225e-001  0.000000e+000  6.544300e-001
    outer loop
      vertex -5.140322e+001 -2.160576e+001  4.203663e+001
      vertex -5.140322e+001 -1.940576e+001  4.203663e+001
      vertex -5.186987e+001 -1.940576e+001  4.149747e+001
    endloop
  endfacet
  facet normal -7.561225e-001  0.000000e+000  6.544300e-001
    outer loop
      vertex -5.140322e+001 -2.160576e+001  4.203663e+001
      vertex -5.186987e+001 -1.940576e+001  4.149747e+001
      vertex -5.186987e+001 -2.160576e+001  4.149747e+001
    endloop
  endfacet
  facet normal -9.999999e-001  0.000000e+000  0.000000e+000
    outer loop
      vertex -5.186987e+001 -1.940576e+001  5.053140e+001
      vertex -5.186987e+001 -2.160576e+001  5.053140e+001
      vertex -5.186987e+001 -1.940576e+001  5.201443e+001
    endloop
  endfacet
  facet normal -9.999999e-001  -0.000000e+000  0.000000e+000
    outer loop
      vertex -5.186987e+001 -1.940576e+001  5.201443e+001
      vertex -5.186987e+001 -2.160576e+001  5.053140e+001
      vertex -5.186987e+001 -2.160576e+001  5.201443e+001
    endloop
  endfacet
  facet normal -1.000000e+000  0.000000e+000  0.000000e+000
    outer loop
      vertex -5.437730e+001 -9.505759e+000  5.201443e+001
      vertex -5.437730e+001 -9.505759e+000  5.101443e+001
      vertex -5.437730e+001 -1.770576e+001  5.201443e+001
    endloop
  endfacet
  facet normal -1.000000e+000  0.000000e+000  0.000000e+000
    outer loop
      vertex -5.437730e+001 -1.770576e+001  5.201443e+001
      vertex -5.437730e+001 -9.505759e+000  5.101443e+001
      vertex -5.437730e+001 -1.770576e+001  5.101443e+001
    endloop
  endfacet
  facet normal  -0.000000e+000  0.000000e+000 -1.000000e+000
    outer loop
      vertex -5.437730e+001 -9.505759e+000  5.101443e+001
      vertex -4.986426e+001 -9.505759e+000  5.101443e+001
      vertex -5.437730e+001 -1.770576e+001  5.101443e+001
    endloop
  endfacet
  facet normal  0.000000e+000  0.000000e+000 -1.000000e+000
    outer loop
      vertex -5.437730e+001 -1.770576e+001  5.101443e+001
      vertex -4.986426e+001 -9.505759e+000  5.101443e+001
      vertex -4.986426e+001 -1.770576e+001  5.101443e+001
    endloop
  endfacet
  facet normal  0.000000e+000  -0.000000e+000  1.000000e+000
    outer loop
      vertex -5.437730e+001 -1.770576e+001  4.101443e+001
      vertex -4.986426e+001 -1.770576e+001  4.101443e+001
      vertex -4.986426e+001 -1.375149e+001  4.101443e+001
    endloop
  endfacet
  facet normal  0.000000e+000  -0.000000e+000  9.999999e-001
    outer loop
      vertex -5.437730e+001 -1.770576e+001  4.101443e+001
      vertex -4.986426e+001 -1.375149e+001  4.101443e+001
      vertex -4.986426e+001 -1.358731e+001  4.101443e+001
    endloop
  endfacet
  facet normal  0.000000e+000  -0.000000e+000  1.000000e+000
    outer loop
      vertex -5.437730e+001 -1.770576e+001  4.101443e+001
      vertex -4.986426e+001 -1.358731e+001  4.101443e+001
      vertex -4.986426e+001 -9.505759e+000  4.101443e+001
    endloop
  endfacet
  facet normal  0.000000e+000  0.000000e+000  1.000000e+000
    outer loop
      vertex -5.437730e+001 -1.770576e+001  4.101443e+001
      vertex -4.986426e+001 -9.505759e+000  4.101443e+001
      vertex -6.027784e+001 -9.505759e+000  4.101443e+001
    endloop
  endfacet
  facet normal  0.000000e+000  0.000000e+000  9.999999e-001
    outer loop
      vertex -5.437730e+001 -1.770576e+001  4.101443e+001
      vertex -6.027784e+001 -9.505759e+000  4.101443e+001
      vertex -6.027784e+001 -1.770576e+001  4.101443e+001
    endloop
  endfacet
  facet normal -1.000000e+000  0.000000e+000  0.000000e+000
    outer loop
      vertex -4.986426e+001 -9.505759e+000  5.101443e+001
      vertex -4.986426e+001 -9.505759e+000  4.101443e+001
      vertex -4.986426e+001 -9.906679e+000  4.477626e+001
    endloop
  endfacet
  facet normal -1.000000e+000  0.000000e+000  0.000000e+000
    outer loop
      vertex -4.986426e+001 -9.505759e+000  5.101443e+001
      vertex -4.986426e+001 -9.906679e+000  4.477626e+001
      vertex -4.986426e+001 -9.906679e+000  4.717786e+001
    endloop
  endfacet
  facet normal -1.000000e+000  0.000000e+000  0.000000e+000
    outer loop
      vertex -4.986426e+001 -9.505759e+000  5.101443e+001
      vertex -4.986426e+001 -9.906679e+000  4.717786e+001
      vertex -4.986426e+001 -9.944979e+000  4.771336e+001
    endloop
  endfacet
  facet normal -1.000000e+000  0.000000e+000  0.000000e+000
    outer loop
      vertex -4.986426e+001 -9.505759e+000  5.101443e+001
      vertex -4.986426e+001 -9.944979e+000  4.771336e+001
      vertex -4.986426e+001 -1.005910e+001  4.823795e+001
    endloop
  endfacet
  facet normal -9.999999e-001  0.000000e+000  0.000000e+000
    outer loop
      vertex -4.986426e+001 -9.505759e+000  5.101443e+001
      vertex -4.986426e+001 -1.005910e+001  4.823795e+001
      vertex -4.986426e+001 -1.024671e+001  4.874096e+001
    endloop
  endfacet
  facet normal -1.000000e+000  0.000000e+000  0.000000e+000
    outer loop
      vertex -4.986426e+001 -9.505759e+000  5.101443e+001
      vertex -4.986426e+001 -1.024671e+001  4.874096e+001
      vertex -4.986426e+001 -1.050400e+001  4.921214e+001
    endloop
  endfacet
  facet normal -1.000000e+000  0.000000e+000  0.000000e+000
    outer loop
      vertex -4.986426e+001 -9.505759e+000  5.101443e+001
      vertex -4.986426e+001 -1.050400e+001  4.921214e+001
      vertex -4.986426e+001 -1.082573e+001  4.964192e+001
    endloop
  endfacet
  facet normal -1.000000e+000  0.000000e+000  0.000000e+000
    outer loop
      vertex -4.986426e+001 -9.505759e+000  5.101443e+001
      vertex -4.986426e+001 -1.082573e+001  4.964192e+001
      vertex -4.986426e+001 -1.120534e+001  5.002154e+001
    endloop
  endfacet
  facet normal -1.000000e+000  0.000000e+000  0.000000e+000
    outer loop
      vertex -4.986426e+001 -9.505759e+000  5.101443e+001
      vertex -4.986426e+001 -1.120534e+001  5.002154e+001
      vertex -4.986426e+001 -1.163512e+001  5.034327e+001
    endloop
  endfacet
  facet normal -1.000000e+000  0.000000e+000  0.000000e+000
    outer loop
      vertex -4.986426e+001 -9.505759e+000  5.101443e+001
      vertex -4.986426e+001 -1.163512e+001  5.034327e+001
      vertex -4.986426e+001 -1.210631e+001  5.060056e+001
    endloop
  endfacet
  facet normal -1.000000e+000  0.000000e+000  0.000000e+000
    outer loop
      vertex -4.986426e+001 -9.505759e+000  5.101443e+001
      vertex -4.986426e+001 -1.210631e+001  5.060056e+001
      vertex -4.986426e+001 -1.260932e+001  5.078817e+001
    endloop
  endfacet
  facet normal -9.999999e-001  0.000000e+000  0.000000e+000
    outer loop
      vertex -4.986426e+001 -9.505759e+000  5.101443e+001
      vertex -4.986426e+001 -1.260932e+001  5.078817e+001
      vertex -4.986426e+001 -1.313391e+001  5.090229e+001
    endloop
  endfacet
  facet normal -1.000000e+000  0.000000e+000  0.000000e+000
    outer loop
      vertex -4.986426e+001 -9.505759e+000  5.101443e+001
      vertex -4.986426e+001 -1.313391e+001  5.090229e+001
      vertex -4.986426e+001 -1.366940e+001  5.094059e+001
    endloop
  endfacet
  facet normal -1.000000e+000  0.000000e+000  0.000000e+000
    outer loop
      vertex -4.986426e+001 -9.505759e+000  5.101443e+001
      vertex -4.986426e+001 -1.366940e+001  5.094059e+001
      vertex -4.986426e+001 -1.770576e+001  5.101443e+001
    endloop
  endfacet
  facet normal -1.000000e+000  0.000000e+000  0.000000e+000
    outer loop
      vertex -4.986426e+001 -9.505759e+000  4.101443e+001
      vertex -4.986426e+001 -1.358731e+001  4.101443e+001
      vertex -4.986426e+001 -1.306015e+001  4.106319e+001
    endloop
  endfacet
  facet normal -9.999999e-001  0.000000e+000  0.000000e+000
    outer loop
      vertex -4.986426e+001 -9.505759e+000  4.101443e+001
      vertex -4.986426e+001 -1.306015e+001  4.106319e+001
      vertex -4.986426e+001 -1.254505e+001  4.118545e+001
    endloop
  endfacet
  facet normal -1.000000e+000  0.000000e+000  0.000000e+000
    outer loop
      vertex -4.986426e+001 -9.505759e+000  4.101443e+001
      vertex -4.986426e+001 -1.254505e+001  4.118545e+001
      vertex -4.986426e+001 -1.205220e+001  4.137880e+001
    endloop
  endfacet
  facet normal -1.000000e+000  0.000000e+000  0.000000e+000
    outer loop
      vertex -4.986426e+001 -9.505759e+000  4.101443e+001
      vertex -4.986426e+001 -1.205220e+001  4.137880e+001
      vertex -4.986426e+001 -1.159137e+001  4.163940e+001
    endloop
  endfacet
  facet normal -1.000000e+000  0.000000e+000  0.000000e+000
    outer loop
      vertex -4.986426e+001 -9.505759e+000  4.101443e+001
      vertex -4.986426e+001 -1.159137e+001  4.163940e+001
      vertex -4.986426e+001 -1.117168e+001  4.196211e+001
    endloop
  endfacet
  facet normal -1.000000e+000  0.000000e+000  0.000000e+000
    outer loop
      vertex -4.986426e+001 -9.505759e+000  4.101443e+001
      vertex -4.986426e+001 -1.117168e+001  4.196211e+001
      vertex -4.986426e+001 -1.080143e+001  4.234052e+001
    endloop
  endfacet
  facet normal -1.000000e+000  0.000000e+000  0.000000e+000
    outer loop
      vertex -4.986426e+001 -9.505759e+000  4.101443e+001
      vertex -4.986426e+001 -1.080143e+001  4.234052e+001
      vertex -4.986426e+001 -1.048796e+001  4.276715e+001
    endloop
  endfacet
  facet normal -9.999999e-001  0.000000e+000  0.000000e+000
    outer loop
      vertex -4.986426e+001 -9.505759e+000  4.101443e+001
      vertex -4.986426e+001 -1.048796e+001  4.276715e+001
      vertex -4.986426e+001 -1.023747e+001  4.323356e+001
    endloop
  endfacet
  facet normal -1.000000e+000  0.000000e+000  0.000000e+000
    outer loop
      vertex -4.986426e+001 -9.505759e+000  4.101443e+001
      vertex -4.986426e+001 -1.023747e+001  4.323356e+001
      vertex -4.986426e+001 -1.005492e+001  4.373051e+001
    endloop
  endfacet
  facet normal -1.000000e+000  0.000000e+000  0.000000e+000
    outer loop
      vertex -4.986426e+001 -9.505759e+000  4.101443e+001
      vertex -4.986426e+001 -1.005492e+001  4.373051e+001
      vertex -4.986426e+001 -9.943924e+000  4.424816e+001
    endloop
  endfacet
  facet normal -1.000000e+000  0.000000e+000  0.000000e+000
    outer loop
      vertex -4.986426e+001 -9.505759e+000  4.101443e+001
      vertex -4.986426e+001 -9.943924e+000  4.424816e+001
      vertex -4.986426e+001 -9.906679e+000  4.477626e+001
    endloop
  endfacet
  facet normal -1.000000e+000  -0.000000e+000  0.000000e+000
    outer loop
      vertex -4.986426e+001 -1.770576e+001  5.101443e+001
      vertex -4.986426e+001 -1.366940e+001  5.094059e+001
      vertex -4.986426e+001 -1.420489e+001  5.090229e+001
    endloop
  endfacet
  facet normal -1.000000e+000  -0.000000e+000  0.000000e+000
    outer loop
      vertex -4.986426e+001 -1.770576e+001  5.101443e+001
      vertex -4.986426e+001 -1.420489e+001  5.090229e+001
      vertex -4.986426e+001 -1.472948e+001  5.078817e+001
    endloop
  endfacet
  facet normal -1.000000e+000  -0.000000e+000  0.000000e+000
    outer loop
      vertex -4.986426e+001 -1.770576e+001  5.101443e+001
      vertex -4.986426e+001 -1.472948e+001  5.078817e+001
      vertex -4.986426e+001 -1.523249e+001  5.060056e+001
    endloop
  endfacet
  facet normal -1.000000e+000  -0.000000e+000  0.000000e+000
    outer loop
      vertex -4.986426e+001 -1.770576e+001  5.101443e+001
      vertex -4.986426e+001 -1.523249e+001  5.060056e+001
      vertex -4.986426e+001 -1.570368e+001  5.034327e+001
    endloop
  endfacet
  facet normal -1.000000e+000  -0.000000e+000  0.000000e+000
    outer loop
      vertex -4.986426e+001 -1.770576e+001  5.101443e+001
      vertex -4.986426e+001 -1.570368e+001  5.034327e+001
      vertex -4.986426e+001 -1.613346e+001  5.002154e+001
    endloop
  endfacet
  facet normal -1.000000e+000  -0.000000e+000  0.000000e+000
    outer loop
      vertex -4.986426e+001 -1.770576e+001  5.101443e+001
      vertex -4.986426e+001 -1.613346e+001  5.002154e+001
      vertex -4.986426e+001 -1.651307e+001  4.964192e+001
    endloop
  endfacet
  facet normal -9.999999e-001  -0.000000e+000  0.000000e+000
    outer loop
      vertex -4.986426e+001 -1.770576e+001  5.101443e+001
      vertex -4.986426e+001 -1.651307e+001  4.964192e+001
      vertex -4.986426e+001 -1.683480e+001  4.921214e+001
    endloop
  endfacet
  facet normal -1.000000e+000  -0.000000e+000  0.000000e+000
    outer loop
      vertex -4.986426e+001 -1.770576e+001  5.101443e+001
      vertex -4.986426e+001 -1.683480e+001  4.921214e+001
      vertex -4.986426e+001 -1.709209e+001  4.874096e+001
    endloop
  endfacet
  facet normal -1.000000e+000  -0.000000e+000  0.000000e+000
    outer loop
      vertex -4.986426e+001 -1.770576e+001  5.101443e+001
      vertex -4.986426e+001 -1.709209e+001  4.874096e+001
      vertex -4.986426e+001 -1.727971e+001  4.823795e+001
    endloop
  endfacet
  facet normal -1.000000e+000  -0.000000e+000  0.000000e+000
    outer loop
      vertex -4.986426e+001 -1.770576e+001  5.101443e+001
      vertex -4.986426e+001 -1.727971e+001  4.823795e+001
      vertex -4.986426e+001 -1.739382e+001  4.771336e+001
    endloop
  endfacet
  facet normal -1.000000e+000  -0.000000e+000  0.000000e+000
    outer loop
      vertex -4.986426e+001 -1.770576e+001  5.101443e+001
      vertex -4.986426e+001 -1.739382e+001  4.771336e+001
      vertex -4.986426e+001 -1.743212e+001  4.717786e+001
    endloop
  endfacet
  facet normal -1.000000e+000  -0.000000e+000  -0.000000e+000
    outer loop
      vertex -4.986426e+001 -1.770576e+001  5.101443e+001
      vertex -4.986426e+001 -1.743212e+001  4.717786e+001
      vertex -4.986426e+001 -1.743212e+001  4.477626e+001
    endloop
  endfacet
  facet normal -1.000000e+000  -0.000000e+000  0.000000e+000
    outer loop
      vertex -4.986426e+001 -1.770576e+001  5.101443e+001
      vertex -4.986426e+001 -1.743212e+001  4.477626e+001
      vertex -4.986426e+001 -1.770576e+001  4.101443e+001
    endloop
  endfacet
  facet normal -1.000000e+000  0.000000e+000  -0.000000e+000
    outer loop
      vertex -4.986426e+001 -1.770576e+001  4.101443e+001
      vertex -4.986426e+001 -1.743212e+001  4.477626e+001
      vertex -4.986426e+001 -1.739488e+001  4.424816e+001
    endloop
  endfacet
  facet normal -1.000000e+000  0.000000e+000  -0.000000e+000
    outer loop
      vertex -4.986426e+001 -1.770576e+001  4.101443e+001
      vertex -4.986426e+001 -1.739488e+001  4.424816e+001
      vertex -4.986426e+001 -1.728388e+001  4.373051e+001
    endloop
  endfacet
  facet normal -1.000000e+000  0.000000e+000  -0.000000e+000
    outer loop
      vertex -4.986426e+001 -1.770576e+001  4.101443e+001
      vertex -4.986426e+001 -1.728388e+001  4.373051e+001
      vertex -4.986426e+001 -1.710133e+001  4.323356e+001
    endloop
  endfacet
  facet normal -9.999999e-001  0.000000e+000  -0.000000e+000
    outer loop
      vertex -4.986426e+001 -1.770576e+001  4.101443e+001
      vertex -4.986426e+001 -1.710133e+001  4.323356e+001
      vertex -4.986426e+001 -1.685084e+001  4.276715e+001
    endloop
  endfacet
  facet normal -1.000000e+000  0.000000e+000  -0.000000e+000
    outer loop
      vertex -4.986426e+001 -1.770576e+001  4.101443e+001
      vertex -4.986426e+001 -1.685084e+001  4.276715e+001
      vertex -4.986426e+001 -1.653737e+001  4.234052e+001
    endloop
  endfacet
  facet normal -1.000000e+000  0.000000e+000  -0.000000e+000
    outer loop
      vertex -4.986426e+001 -1.770576e+001  4.101443e+001
      vertex -4.986426e+001 -1.653737e+001  4.234052e+001
      vertex -4.986426e+001 -1.616712e+001  4.196211e+001
    endloop
  endfacet
  facet normal -1.000000e+000  0.000000e+000  -0.000000e+000
    outer loop
      vertex -4.986426e+001 -1.770576e+001  4.101443e+001
      vertex -4.986426e+001 -1.616712e+001  4.196211e+001
      vertex -4.986426e+001 -1.574743e+001  4.163940e+001
    endloop
  endfacet
  facet normal -1.000000e+000  0.000000e+000  -0.000000e+000
    outer loop
      vertex -4.986426e+001 -1.770576e+001  4.101443e+001
      vertex -4.986426e+001 -1.574743e+001  4.163940e+001
      vertex -4.986426e+001 -1.528660e+001  4.137880e+001
    endloop
  endfacet
  facet normal -1.000000e+000  0.000000e+000  -0.000000e+000
    outer loop
      vertex -4.986426e+001 -1.770576e+001  4.101443e+001
      vertex -4.986426e+001 -1.528660e+001  4.137880e+001
      vertex -4.986426e+001 -1.479375e+001  4.118545e+001
    endloop
  endfacet
  facet normal -9.999999e-001  0.000000e+000  -0.000000e+000
    outer loop
      vertex -4.986426e+001 -1.770576e+001  4.101443e+001
      vertex -4.986426e+001 -1.479375e+001  4.118545e+001
      vertex -4.986426e+001 -1.427865e+001  4.106319e+001
    endloop
  endfacet
  facet normal -1.000000e+000  0.000000e+000  -0.000000e+000
    outer loop
      vertex -4.986426e+001 -1.770576e+001  4.101443e+001
      vertex -4.986426e+001 -1.427865e+001  4.106319e+001
      vertex -4.986426e+001 -1.375149e+001  4.101443e+001
    endloop
  endfacet
  facet normal -8.660258e-001  0.000000e+000  4.999993e-001
    outer loop
      vertex -5.663269e+001 -1.940576e+001  5.390344e+001
      vertex -5.663269e+001 -1.770576e+001  5.390344e+001
      vertex -5.778811e+001 -1.940576e+001  5.190219e+001
    endloop
  endfacet
  facet normal -8.660258e-001  0.000000e+000  4.999993e-001
    outer loop
      vertex -5.778811e+001 -1.940576e+001  5.190219e+001
      vertex -5.663269e+001 -1.770576e+001  5.390344e+001
      vertex -5.778811e+001 -1.770576e+001  5.190219e+001
    endloop
  endfacet
  facet normal  -0.000000e+000 -1.000000e+000  -0.000000e+000
    outer loop
      vertex -5.437730e+001 -9.505759e+000  5.101443e+001
      vertex -5.437730e+001 -9.505759e+000  5.201443e+001
      vertex -5.663269e+001 -9.505759e+000  5.390344e+001
    endloop
  endfacet
  facet normal  0.000000e+000 -1.000000e+000  0.000000e+000
    outer loop
      vertex -5.437730e+001 -9.505759e+000  5.201443e+001
      vertex -5.336084e+001 -9.505759e+000  5.201443e+001
      vertex -5.663269e+001 -9.505759e+000  5.390344e+001
    endloop
  endfacet
  facet normal  0.000000e+000 -1.000000e+000  0.000000e+000
    outer loop
      vertex -5.778811e+001 -9.505759e+000  5.190219e+001
      vertex -5.776503e+001 -9.505759e+000  5.188887e+001
      vertex -5.663269e+001 -9.505759e+000  5.390344e+001
    endloop
  endfacet
  facet normal  0.000000e+000 -1.000000e+000  0.000000e+000
    outer loop
      vertex -6.027784e+001 -9.505759e+000  4.101443e+001
      vertex -4.986426e+001 -9.505759e+000  4.101443e+001
      vertex -4.986426e+001 -9.505759e+000  5.101443e+001
    endloop
  endfacet
  facet normal  -0.000000e+000 -9.999999e-001  0.000000e+000
    outer loop
      vertex -6.027784e+001 -9.505759e+000  4.101443e+001
      vertex -4.986426e+001 -9.505759e+000  5.101443e+001
      vertex -5.437730e+001 -9.505759e+000  5.101443e+001
    endloop
  endfacet
  facet normal  -0.000000e+000 -1.000000e+000  0.000000e+000
    outer loop
      vertex -6.027784e+001 -9.505759e+000  4.101443e+001
      vertex -5.437730e+001 -9.505759e+000  5.101443e+001
      vertex -5.663269e+001 -9.505759e+000  5.390344e+001
    endloop
  endfacet
  facet normal  0.000000e+000 -1.000000e+000  0.000000e+000
    outer loop
      vertex -6.027784e+001 -9.505759e+000  4.101443e+001
      vertex -5.663269e+001 -9.505759e+000  5.390344e+001
      vertex -5.776503e+001 -9.505759e+000  5.188887e+001
    endloop
  endfacet
  facet normal  0.000000e+000 -1.000000e+000  0.000000e+000
    outer loop
      vertex -6.027784e+001 -9.505759e+000  4.101443e+001
      vertex -5.776503e+001 -9.505759e+000  5.188887e+001
      vertex -5.842105e+001 -9.505759e+000  5.171325e+001
    endloop
  endfacet
  facet normal  0.000000e+000 -1.000000e+000  0.000000e+000
    outer loop
      vertex -6.027784e+001 -9.505759e+000  4.101443e+001
      vertex -5.842105e+001 -9.505759e+000  5.171325e+001
      vertex -5.905302e+001 -9.505759e+000  5.146462e+001
    endloop
  endfacet
  facet normal  0.000000e+000 -1.000000e+000  0.000000e+000
    outer loop
      vertex -6.027784e+001 -9.505759e+000  4.101443e+001
      vertex -5.905302e+001 -9.505759e+000  5.146462e+001
      vertex -5.965285e+001 -9.505759e+000  5.114617e+001
    endloop
  endfacet
  facet normal  0.000000e+000 -9.999999e-001  0.000000e+000
    outer loop
      vertex -6.027784e+001 -9.505759e+000  4.101443e+001
      vertex -5.965285e+001 -9.505759e+000  5.114617e+001
      vertex -6.021285e+001 -9.505759e+000  5.076197e+001
    endloop
  endfacet
  facet normal  0.000000e+000 -1.000000e+000  0.000000e+000
    outer loop
      vertex -6.027784e+001 -9.505759e+000  4.101443e+001
      vertex -6.021285e+001 -9.505759e+000  5.076197e+001
      vertex -6.027784e+001 -9.505759e+000  4.131784e+001
    endloop
  endfacet
  facet normal  0.000000e+000 -9.999999e-001  0.000000e+000
    outer loop
      vertex -6.254381e+001 -9.505759e+000  4.605572e+001
      vertex -6.251004e+001 -9.505759e+000  4.537744e+001
      vertex -6.250071e+001 -9.505759e+000  4.673347e+001
    endloop
  endfacet
  facet normal  0.000000e+000 -1.000000e+000  -0.000000e+000
    outer loop
      vertex -6.250071e+001 -9.505759e+000  4.673347e+001
      vertex -6.251004e+001 -9.505759e+000  4.537744e+001
      vertex -6.239984e+001 -9.505759e+000  4.470732e+001
    endloop
  endfacet
  facet normal  0.000000e+000 -1.000000e+000  0.000000e+000
    outer loop
      vertex -6.250071e+001 -9.505759e+000  4.673347e+001
      vertex -6.239984e+001 -9.505759e+000  4.470732e+001
      vertex -6.238129e+001 -9.505759e+000  4.740202e+001
    endloop
  endfacet
  facet normal  0.000000e+000 -1.000000e+000  -0.000000e+000
    outer loop
      vertex -6.238129e+001 -9.505759e+000  4.740202e+001
      vertex -6.239984e+001 -9.505759e+000  4.470732e+001
      vertex -6.221462e+001 -9.505759e+000  4.405394e+001
    endloop
  endfacet
  facet normal  0.000000e+000 -1.000000e+000  0.000000e+000
    outer loop
      vertex -6.238129e+001 -9.505759e+000  4.740202e+001
      vertex -6.221462e+001 -9.505759e+000  4.405394e+001
      vertex -6.218710e+001 -9.505759e+000  4.805278e+001
    endloop
  endfacet
  facet normal  0.000000e+000 -1.000000e+000  -0.000000e+000
    outer loop
      vertex -6.218710e+001 -9.505759e+000  4.805278e+001
      vertex -6.221462e+001 -9.505759e+000  4.405394e+001
      vertex -6.195675e+001 -9.505759e+000  4.342568e+001
    endloop
  endfacet
  facet normal  0.000000e+000 -1.000000e+000  0.000000e+000
    outer loop
      vertex -6.218710e+001 -9.505759e+000  4.805278e+001
      vertex -6.195675e+001 -9.505759e+000  4.342568e+001
      vertex -6.192061e+001 -9.505759e+000  4.867743e+001
    endloop
  endfacet
  facet normal  0.000000e+000 -1.000000e+000  -0.000000e+000
    outer loop
      vertex -6.192061e+001 -9.505759e+000  4.867743e+001
      vertex -6.195675e+001 -9.505759e+000  4.342568e+001
      vertex -6.162953e+001 -9.505759e+000  4.283059e+001
    endloop
  endfacet
  facet normal  0.000000e+000 -1.000000e+000  0.000000e+000
    outer loop
      vertex -6.192061e+001 -9.505759e+000  4.867743e+001
      vertex -6.162953e+001 -9.505759e+000  4.283059e+001
      vertex -6.158523e+001 -9.505759e+000  4.926797e+001
    endloop
  endfacet
  facet normal  0.000000e+000 -1.000000e+000  -0.000000e+000
    outer loop
      vertex -6.158523e+001 -9.505759e+000  4.926797e+001
      vertex -6.162953e+001 -9.505759e+000  4.283059e+001
      vertex -6.123716e+001 -9.505759e+000  4.227629e+001
    endloop
  endfacet
  facet normal  0.000000e+000 -1.000000e+000  0.000000e+000
    outer loop
      vertex -6.158523e+001 -9.505759e+000  4.926797e+001
      vertex -6.123716e+001 -9.505759e+000  4.227629e+001
      vertex -6.118527e+001 -9.505759e+000  4.981682e+001
    endloop
  endfacet
  facet normal  0.000000e+000 -1.000000e+000  -0.000000e+000
    outer loop
      vertex -6.118527e+001 -9.505759e+000  4.981682e+001
      vertex -6.123716e+001 -9.505759e+000  4.227629e+001
      vertex -6.078467e+001 -9.505759e+000  4.176987e+001
    endloop
  endfacet
  facet normal  0.000000e+000 -1.000000e+000  0.000000e+000
    outer loop
      vertex -6.118527e+001 -9.505759e+000  4.981682e+001
      vertex -6.078467e+001 -9.505759e+000  4.176987e+001
      vertex -6.072585e+001 -9.505759e+000  5.031696e+001
    endloop
  endfacet
  facet normal  0.000000e+000 -1.000000e+000  -0.000000e+000
    outer loop
      vertex -6.072585e+001 -9.505759e+000  5.031696e+001
      vertex -6.078467e+001 -9.505759e+000  4.176987e+001
      vertex -6.027784e+001 -9.505759e+000  4.131784e+001
    endloop
  endfacet
  facet normal  0.000000e+000 -1.000000e+000  0.000000e+000
    outer loop
      vertex -6.072585e+001 -9.505759e+000  5.031696e+001
      vertex -6.027784e+001 -9.505759e+000  4.131784e+001
      vertex -6.021285e+001 -9.505759e+000  5.076197e+001
    endloop
  endfacet
  facet normal  0.000000e+000  1.000000e+000  0.000000e+000
    outer loop
      vertex -5.778811e+001 -7.805759e+000  5.190219e+001
      vertex -5.663269e+001 -7.805759e+000  5.390344e+001
      vertex -5.776503e+001 -7.805759e+000  5.188887e+001
    endloop
  endfacet
  facet normal  0.000000e+000  9.999999e-001  0.000000e+000
    outer loop
      vertex -5.914495e+001 -7.805759e+000  4.690736e+001
      vertex -5.925644e+001 -7.805759e+000  4.646707e+001
      vertex -5.905302e+001 -7.805759e+000  5.146462e+001
    endloop
  endfacet
  facet normal  0.000000e+000  1.000000e+000  0.000000e+000
    outer loop
      vertex -5.764861e+001 -7.805759e+000  4.853281e+001
      vertex -5.804806e+001 -7.805759e+000  4.831664e+001
      vertex -5.776503e+001 -7.805759e+000  5.188887e+001
    endloop
  endfacet
  facet normal  0.000000e+000  1.000000e+000  0.000000e+000
    outer loop
      vertex -5.929395e+001 -7.805759e+000  4.601443e+001
      vertex -6.027784e+001 -7.805759e+000  4.001443e+001
      vertex -6.027784e+001 -7.805759e+000  4.131784e+001
    endloop
  endfacet
  facet normal  0.000000e+000  1.000000e+000  -0.000000e+000
    outer loop
      vertex -5.929395e+001 -7.805759e+000  4.601443e+001
      vertex -6.027784e+001 -7.805759e+000  4.131784e+001
      vertex -6.078467e+001 -7.805759e+000  4.176987e+001
    endloop
  endfacet
  facet normal  0.000000e+000  1.000000e+000  -0.000000e+000
    outer loop
      vertex -5.929395e+001 -7.805759e+000  4.601443e+001
      vertex -6.078467e+001 -7.805759e+000  4.176987e+001
      vertex -6.123716e+001 -7.805759e+000  4.227629e+001
    endloop
  endfacet
  facet normal  0.000000e+000  9.999999e-001  -0.000000e+000
    outer loop
      vertex -5.929395e+001 -7.805759e+000  4.601443e+001
      vertex -6.123716e+001 -7.805759e+000  4.227629e+001
      vertex -6.162953e+001 -7.805759e+000  4.283059e+001
    endloop
  endfacet
  facet normal  0.000000e+000  1.000000e+000  -0.000000e+000
    outer loop
      vertex -5.929395e+001 -7.805759e+000  4.601443e+001
      vertex -6.162953e+001 -7.805759e+000  4.283059e+001
      vertex -6.195675e+001 -7.805759e+000  4.342568e+001
    endloop
  endfacet
  facet normal  0.000000e+000  1.000000e+000  -0.000000e+000
    outer loop
      vertex -5.929395e+001 -7.805759e+000  4.601443e+001
      vertex -6.195675e+001 -7.805759e+000  4.342568e+001
      vertex -6.221462e+001 -7.805759e+000  4.405394e+001
    endloop
  endfacet
  facet normal  0.000000e+000  1.000000e+000  -0.000000e+000
    outer loop
      vertex -5.929395e+001 -7.805759e+000  4.601443e+001
      vertex -6.221462e+001 -7.805759e+000  4.405394e+001
      vertex -6.239984e+001 -7.805759e+000  4.470732e+001
    endloop
  endfacet
  facet normal  0.000000e+000  1.000000e+000  -0.000000e+000
    outer loop
      vertex -5.929395e+001 -7.805759e+000  4.601443e+001
      vertex -6.239984e+001 -7.805759e+000  4.470732e+001
      vertex -6.251004e+001 -7.805759e+000  4.537744e+001
    endloop
  endfacet
  facet normal  0.000000e+000  1.000000e+000  -0.000000e+000
    outer loop
      vertex -5.929395e+001 -7.805759e+000  4.601443e+001
      vertex -6.251004e+001 -7.805759e+000  4.537744e+001
      vertex -6.254381e+001 -7.805759e+000  4.605572e+001
    endloop
  endfacet
  facet normal  -0.000000e+000  1.000000e+000  0.000000e+000
    outer loop
      vertex -5.929395e+001 -7.805759e+000  4.601443e+001
      vertex -6.254381e+001 -7.805759e+000  4.605572e+001
      vertex -6.250071e+001 -7.805759e+000  4.673347e+001
    endloop
  endfacet
  facet normal  -0.000000e+000  1.000000e+000  0.000000e+000
    outer loop
      vertex -5.929395e+001 -7.805759e+000  4.601443e+001
      vertex -6.250071e+001 -7.805759e+000  4.673347e+001
      vertex -6.238129e+001 -7.805759e+000  4.740202e+001
    endloop
  endfacet
  facet normal  -0.000000e+000  1.000000e+000  0.000000e+000
    outer loop
      vertex -5.929395e+001 -7.805759e+000  4.601443e+001
      vertex -6.238129e+001 -7.805759e+000  4.740202e+001
      vertex -6.218710e+001 -7.805759e+000  4.805278e+001
    endloop
  endfacet
  facet normal  -0.000000e+000  1.000000e+000  0.000000e+000
    outer loop
      vertex -5.929395e+001 -7.805759e+000  4.601443e+001
      vertex -6.218710e+001 -7.805759e+000  4.805278e+001
      vertex -6.192061e+001 -7.805759e+000  4.867743e+001
    endloop
  endfacet
  facet normal  -0.000000e+000  1.000000e+000  0.000000e+000
    outer loop
      vertex -5.929395e+001 -7.805759e+000  4.601443e+001
      vertex -6.192061e+001 -7.805759e+000  4.867743e+001
      vertex -6.158523e+001 -7.805759e+000  4.926797e+001
    endloop
  endfacet
  facet normal  -0.000000e+000  1.000000e+000  0.000000e+000
    outer loop
      vertex -5.929395e+001 -7.805759e+000  4.601443e+001
      vertex -6.158523e+001 -7.805759e+000  4.926797e+001
      vertex -6.118527e+001 -7.805759e+000  4.981682e+001
    endloop
  endfacet
  facet normal  -0.000000e+000  1.000000e+000  0.000000e+000
    outer loop
      vertex -5.929395e+001 -7.805759e+000  4.601443e+001
      vertex -6.118527e+001 -7.805759e+000  4.981682e+001
      vertex -6.072585e+001 -7.805759e+000  5.031696e+001
    endloop
  endfacet
  facet normal  -0.000000e+000  1.000000e+000  0.000000e+000
    outer loop
      vertex -5.929395e+001 -7.805759e+000  4.601443e+001
      vertex -6.072585e+001 -7.805759e+000  5.031696e+001
      vertex -6.021285e+001 -7.805759e+000  5.076197e+001
    endloop
  endfacet
  facet normal  -0.000000e+000  9.999999e-001  0.000000e+000
    outer loop
      vertex -5.929395e+001 -7.805759e+000  4.601443e+001
      vertex -6.021285e+001 -7.805759e+000  5.076197e+001
      vertex -5.965285e+001 -7.805759e+000  5.114617e+001
    endloop
  endfacet
  facet normal  -0.000000e+000  1.000000e+000  0.000000e+000
    outer loop
      vertex -5.929395e+001 -7.805759e+000  4.601443e+001
      vertex -5.965285e+001 -7.805759e+000  5.114617e+001
      vertex -5.905302e+001 -7.805759e+000  5.146462e+001
    endloop
  endfacet
  facet normal  0.000000e+000  1.000000e+000  0.000000e+000
    outer loop
      vertex -5.929395e+001 -7.805759e+000  4.601443e+001
      vertex -5.905302e+001 -7.805759e+000  5.146462e+001
      vertex -5.925644e+001 -7.805759e+000  4.646707e+001
    endloop
  endfacet
  facet normal  0.000000e+000  1.000000e+000  0.000000e+000
    outer loop
      vertex -5.336084e+001 -7.805759e+000  5.201443e+001
      vertex -5.186987e+001 -7.805759e+000  5.201443e+001
      vertex -5.186987e+001 -7.805759e+000  5.053140e+001
    endloop
  endfacet
  facet normal  0.000000e+000  1.000000e+000  0.000000e+000
    outer loop
      vertex -5.336084e+001 -7.805759e+000  5.201443e+001
      vertex -5.186987e+001 -7.805759e+000  5.053140e+001
      vertex -5.004395e+001 -7.805759e+000  4.601443e+001
    endloop
  endfacet
  facet normal  0.000000e+000  1.000000e+000  0.000000e+000
    outer loop
      vertex -5.336084e+001 -7.805759e+000  5.201443e+001
      vertex -5.004395e+001 -7.805759e+000  4.601443e+001
      vertex -5.379395e+001 -7.805759e+000  4.601443e+001
    endloop
  endfacet
  facet normal  0.000000e+000  1.000000e+000  -0.000000e+000
    outer loop
      vertex -5.336084e+001 -7.805759e+000  5.201443e+001
      vertex -5.379395e+001 -7.805759e+000  4.601443e+001
      vertex -5.383146e+001 -7.805759e+000  4.646707e+001
    endloop
  endfacet
  facet normal  0.000000e+000  1.000000e+000  -0.000000e+000
    outer loop
      vertex -5.336084e+001 -7.805759e+000  5.201443e+001
      vertex -5.383146e+001 -7.805759e+000  4.646707e+001
      vertex -5.394295e+001 -7.805759e+000  4.690736e+001
    endloop
  endfacet
  facet normal  0.000000e+000  1.000000e+000  -0.000000e+000
    outer loop
      vertex -5.336084e+001 -7.805759e+000  5.201443e+001
      vertex -5.394295e+001 -7.805759e+000  4.690736e+001
      vertex -5.412540e+001 -7.805759e+000  4.732329e+001
    endloop
  endfacet
  facet normal  0.000000e+000  9.999999e-001  -0.000000e+000
    outer loop
      vertex -5.336084e+001 -7.805759e+000  5.201443e+001
      vertex -5.412540e+001 -7.805759e+000  4.732329e+001
      vertex -5.437381e+001 -7.805759e+000  4.770352e+001
    endloop
  endfacet
  facet normal  0.000000e+000  9.999999e-001  -0.000000e+000
    outer loop
      vertex -5.336084e+001 -7.805759e+000  5.201443e+001
      vertex -5.437381e+001 -7.805759e+000  4.770352e+001
      vertex -5.468142e+001 -7.805759e+000  4.803767e+001
    endloop
  endfacet
  facet normal  0.000000e+000  9.999999e-001  -0.000000e+000
    outer loop
      vertex -5.336084e+001 -7.805759e+000  5.201443e+001
      vertex -5.468142e+001 -7.805759e+000  4.803767e+001
      vertex -5.503984e+001 -7.805759e+000  4.831664e+001
    endloop
  endfacet
  facet normal  0.000000e+000  1.000000e+000  -0.000000e+000
    outer loop
      vertex -5.336084e+001 -7.805759e+000  5.201443e+001
      vertex -5.503984e+001 -7.805759e+000  4.831664e+001
      vertex -5.543929e+001 -7.805759e+000  4.853281e+001
    endloop
  endfacet
  facet normal  0.000000e+000  1.000000e+000  -0.000000e+000
    outer loop
      vertex -5.336084e+001 -7.805759e+000  5.201443e+001
      vertex -5.543929e+001 -7.805759e+000  4.853281e+001
      vertex -5.586886e+001 -7.805759e+000  4.868029e+001
    endloop
  endfacet
  facet normal  0.000000e+000  1.000000e+000  -0.000000e+000
    outer loop
      vertex -5.336084e+001 -7.805759e+000  5.201443e+001
      vertex -5.586886e+001 -7.805759e+000  4.868029e+001
      vertex -5.631686e+001 -7.805759e+000  4.875504e+001
    endloop
  endfacet
  facet normal  0.000000e+000  1.000000e+000  -0.000000e+000
    outer loop
      vertex -5.336084e+001 -7.805759e+000  5.201443e+001
      vertex -5.631686e+001 -7.805759e+000  4.875504e+001
      vertex -5.677104e+001 -7.805759e+000  4.875504e+001
    endloop
  endfacet
  facet normal  0.000000e+000  1.000000e+000  0.000000e+000
    outer loop
      vertex -5.336084e+001 -7.805759e+000  5.201443e+001
      vertex -5.677104e+001 -7.805759e+000  4.875504e+001
      vertex -5.663269e+001 -7.805759e+000  5.390344e+001
    endloop
  endfacet
  facet normal  0.000000e+000  1.000000e+000  0.000000e+000
    outer loop
      vertex -5.004395e+001 -7.805759e+000  4.601443e+001
      vertex -5.186987e+001 -7.805759e+000  5.053140e+001
      vertex -5.140322e+001 -7.805759e+000  4.999224e+001
    endloop
  endfacet
  facet normal  0.000000e+000  9.999999e-001  0.000000e+000
    outer loop
      vertex -5.004395e+001 -7.805759e+000  4.601443e+001
      vertex -5.140322e+001 -7.805759e+000  4.999224e+001
      vertex -5.099843e+001 -7.805759e+000  4.940520e+001
    endloop
  endfacet
  facet normal  0.000000e+000  1.000000e+000  0.000000e+000
    outer loop
      vertex -5.004395e+001 -7.805759e+000  4.601443e+001
      vertex -5.099843e+001 -7.805759e+000  4.940520e+001
      vertex -5.066039e+001 -7.805759e+000  4.877735e+001
    endloop
  endfacet
  facet normal  0.000000e+000  9.999999e-001  0.000000e+000
    outer loop
      vertex -5.004395e+001 -7.805759e+000  4.601443e+001
      vertex -5.066039e+001 -7.805759e+000  4.877735e+001
      vertex -5.039315e+001 -7.805759e+000  4.811625e+001
    endloop
  endfacet
  facet normal  0.000000e+000  9.999999e-001  0.000000e+000
    outer loop
      vertex -5.004395e+001 -7.805759e+000  4.601443e+001
      vertex -5.039315e+001 -7.805759e+000  4.811625e+001
      vertex -5.019993e+001 -7.805759e+000  4.742986e+001
    endloop
  endfacet
  facet normal  0.000000e+000  1.000000e+000  0.000000e+000
    outer loop
      vertex -5.004395e+001 -7.805759e+000  4.601443e+001
      vertex -5.019993e+001 -7.805759e+000  4.742986e+001
      vertex -5.008306e+001 -7.805759e+000  4.672643e+001
    endloop
  endfacet
  facet normal  0.000000e+000  1.000000e+000  0.000000e+000
    outer loop
      vertex -5.186987e+001 -7.805759e+000  4.001443e+001
      vertex -5.804806e+001 -7.805759e+000  4.371223e+001
      vertex -5.764861e+001 -7.805759e+000  4.349606e+001
    endloop
  endfacet
  facet normal  0.000000e+000  1.000000e+000  0.000000e+000
    outer loop
      vertex -5.186987e+001 -7.805759e+000  4.001443e+001
      vertex -5.764861e+001 -7.805759e+000  4.349606e+001
      vertex -5.721904e+001 -7.805759e+000  4.334858e+001
    endloop
  endfacet
  facet normal  0.000000e+000  1.000000e+000  0.000000e+000
    outer loop
      vertex -5.186987e+001 -7.805759e+000  4.001443e+001
      vertex -5.721904e+001 -7.805759e+000  4.334858e+001
      vertex -5.677104e+001 -7.805759e+000  4.327383e+001
    endloop
  endfacet
  facet normal  -0.000000e+000  1.000000e+000  0.000000e+000
    outer loop
      vertex -5.186987e+001 -7.805759e+000  4.001443e+001
      vertex -5.677104e+001 -7.805759e+000  4.327383e+001
      vertex -5.631686e+001 -7.805759e+000  4.327383e+001
    endloop
  endfacet
  facet normal  -0.000000e+000  9.999999e-001  0.000000e+000
    outer loop
      vertex -5.186987e+001 -7.805759e+000  4.001443e+001
      vertex -5.631686e+001 -7.805759e+000  4.327383e+001
      vertex -5.586886e+001 -7.805759e+000  4.334858e+001
    endloop
  endfacet
  facet normal  -0.000000e+000  1.000000e+000  0.000000e+000
    outer loop
      vertex -5.186987e+001 -7.805759e+000  4.001443e+001
      vertex -5.586886e+001 -7.805759e+000  4.334858e+001
      vertex -5.543929e+001 -7.805759e+000  4.349606e+001
    endloop
  endfacet
  facet normal  -0.000000e+000  1.000000e+000  0.000000e+000
    outer loop
      vertex -5.186987e+001 -7.805759e+000  4.001443e+001
      vertex -5.543929e+001 -7.805759e+000  4.349606e+001
      vertex -5.503984e+001 -7.805759e+000  4.371223e+001
    endloop
  endfacet
  facet normal  -0.000000e+000  1.000000e+000  0.000000e+000
    outer loop
      vertex -5.186987e+001 -7.805759e+000  4.001443e+001
      vertex -5.503984e+001 -7.805759e+000  4.371223e+001
      vertex -5.468142e+001 -7.805759e+000  4.399120e+001
    endloop
  endfacet
  facet normal  -0.000000e+000  1.000000e+000  0.000000e+000
    outer loop
      vertex -5.186987e+001 -7.805759e+000  4.001443e+001
      vertex -5.468142e+001 -7.805759e+000  4.399120e+001
      vertex -5.437381e+001 -7.805759e+000  4.432535e+001
    endloop
  endfacet
  facet normal  -0.000000e+000  1.000000e+000  0.000000e+000
    outer loop
      vertex -5.186987e+001 -7.805759e+000  4.001443e+001
      vertex -5.437381e+001 -7.805759e+000  4.432535e+001
      vertex -5.412540e+001 -7.805759e+000  4.470558e+001
    endloop
  endfacet
  facet normal  -0.000000e+000  1.000000e+000  0.000000e+000
    outer loop
      vertex -5.186987e+001 -7.805759e+000  4.001443e+001
      vertex -5.412540e+001 -7.805759e+000  4.470558e+001
      vertex -5.394295e+001 -7.805759e+000  4.512151e+001
    endloop
  endfacet
  facet normal  -0.000000e+000  1.000000e+000  0.000000e+000
    outer loop
      vertex -5.186987e+001 -7.805759e+000  4.001443e+001
      vertex -5.394295e+001 -7.805759e+000  4.512151e+001
      vertex -5.383146e+001 -7.805759e+000  4.556180e+001
    endloop
  endfacet
  facet normal  -0.000000e+000  1.000000e+000  0.000000e+000
    outer loop
      vertex -5.186987e+001 -7.805759e+000  4.001443e+001
      vertex -5.383146e+001 -7.805759e+000  4.556180e+001
      vertex -5.379395e+001 -7.805759e+000  4.601443e+001
    endloop
  endfacet
  facet normal  0.000000e+000  1.000000e+000  0.000000e+000
    outer loop
      vertex -5.186987e+001 -7.805759e+000  4.001443e+001
      vertex -5.379395e+001 -7.805759e+000  4.601443e+001
      vertex -5.186987e+001 -7.805759e+000  4.149747e+001
    endloop
  endfacet
  facet normal  0.000000e+000  1.000000e+000  0.000000e+000
    outer loop
      vertex -6.027784e+001 -7.805759e+000  4.001443e+001
      vertex -5.929395e+001 -7.805759e+000  4.601443e+001
      vertex -5.925644e+001 -7.805759e+000  4.556180e+001
    endloop
  endfacet
  facet normal  0.000000e+000  1.000000e+000  0.000000e+000
    outer loop
      vertex -6.027784e+001 -7.805759e+000  4.001443e+001
      vertex -5.925644e+001 -7.805759e+000  4.556180e+001
      vertex -5.914495e+001 -7.805759e+000  4.512151e+001
    endloop
  endfacet
  facet normal  0.000000e+000  1.000000e+000  0.000000e+000
    outer loop
      vertex -6.027784e+001 -7.805759e+000  4.001443e+001
      vertex -5.914495e+001 -7.805759e+000  4.512151e+001
      vertex -5.896250e+001 -7.805759e+000  4.470558e+001
    endloop
  endfacet
  facet normal  0.000000e+000  1.000000e+000  0.000000e+000
    outer loop
      vertex -6.027784e+001 -7.805759e+000  4.001443e+001
      vertex -5.896250e+001 -7.805759e+000  4.470558e+001
      vertex -5.871408e+001 -7.805759e+000  4.432535e+001
    endloop
  endfacet
  facet normal  0.000000e+000  9.999999e-001  0.000000e+000
    outer loop
      vertex -6.027784e+001 -7.805759e+000  4.001443e+001
      vertex -5.871408e+001 -7.805759e+000  4.432535e+001
      vertex -5.840648e+001 -7.805759e+000  4.399120e+001
    endloop
  endfacet
  facet normal  0.000000e+000  9.999999e-001  0.000000e+000
    outer loop
      vertex -6.027784e+001 -7.805759e+000  4.001443e+001
      vertex -5.840648e+001 -7.805759e+000  4.399120e+001
      vertex -5.804806e+001 -7.805759e+000  4.371223e+001
    endloop
  endfacet
  facet normal  0.000000e+000  1.000000e+000  0.000000e+000
    outer loop
      vertex -6.027784e+001 -7.805759e+000  4.001443e+001
      vertex -5.804806e+001 -7.805759e+000  4.371223e+001
      vertex -5.186987e+001 -7.805759e+000  4.001443e+001
    endloop
  endfacet
  facet normal  0.000000e+000  1.000000e+000  -0.000000e+000
    outer loop
      vertex -5.004395e+001 -7.805759e+000  4.601443e+001
      vertex -5.008306e+001 -7.805759e+000  4.530244e+001
      vertex -5.019993e+001 -7.805759e+000  4.459901e+001
    endloop
  endfacet
  facet normal  0.000000e+000  9.999999e-001  -0.000000e+000
    outer loop
      vertex -5.004395e+001 -7.805759e+000  4.601443e+001
      vertex -5.019993e+001 -7.805759e+000  4.459901e+001
      vertex -5.039315e+001 -7.805759e+000  4.391262e+001
    endloop
  endfacet
  facet normal  0.000000e+000  1.000000e+000  -0.000000e+000
    outer loop
      vertex -5.004395e+001 -7.805759e+000  4.601443e+001
      vertex -5.039315e+001 -7.805759e+000  4.391262e+001
      vertex -5.066039e+001 -7.805759e+000  4.325152e+001
    endloop
  endfacet
  facet normal  0.000000e+000  1.000000e+000  -0.000000e+000
    outer loop
      vertex -5.004395e+001 -7.805759e+000  4.601443e+001
      vertex -5.066039e+001 -7.805759e+000  4.325152e+001
      vertex -5.099843e+001 -7.805759e+000  4.262367e+001
    endloop
  endfacet
  facet normal  0.000000e+000  1.000000e+000  -0.000000e+000
    outer loop
      vertex -5.004395e+001 -7.805759e+000  4.601443e+001
      vertex -5.099843e+001 -7.805759e+000  4.262367e+001
      vertex -5.140322e+001 -7.805759e+000  4.203663e+001
    endloop
  endfacet
  facet normal  0.000000e+000  1.000000e+000  -0.000000e+000
    outer loop
      vertex -5.004395e+001 -7.805759e+000  4.601443e+001
      vertex -5.140322e+001 -7.805759e+000  4.203663e+001
      vertex -5.186987e+001 -7.805759e+000  4.149747e+001
    endloop
  endfacet
  facet normal  0.000000e+000  1.000000e+000  -0.000000e+000
    outer loop
      vertex -5.004395e+001 -7.805759e+000  4.601443e+001
      vertex -5.186987e+001 -7.805759e+000  4.149747e+001
      vertex -5.379395e+001 -7.805759e+000  4.601443e+001
    endloop
  endfacet
  facet normal  0.000000e+000  1.000000e+000  0.000000e+000
    outer loop
      vertex -5.914495e+001 -7.805759e+000  4.690736e+001
      vertex -5.905302e+001 -7.805759e+000  5.146462e+001
      vertex -5.896250e+001 -7.805759e+000  4.732329e+001
    endloop
  endfacet
  facet normal  0.000000e+000  1.000000e+000  -0.000000e+000
    outer loop
      vertex -5.896250e+001 -7.805759e+000  4.732329e+001
      vertex -5.905302e+001 -7.805759e+000  5.146462e+001
      vertex -5.842105e+001 -7.805759e+000  5.171325e+001
    endloop
  endfacet
  facet normal  0.000000e+000  1.000000e+000  0.000000e+000
    outer loop
      vertex -5.896250e+001 -7.805759e+000  4.732329e+001
      vertex -5.842105e+001 -7.805759e+000  5.171325e+001
      vertex -5.871408e+001 -7.805759e+000  4.770352e+001
    endloop
  endfacet
  facet normal  0.000000e+000  1.000000e+000  0.000000e+000
    outer loop
      vertex -5.871408e+001 -7.805759e+000  4.770352e+001
      vertex -5.842105e+001 -7.805759e+000  5.171325e+001
      vertex -5.840648e+001 -7.805759e+000  4.803767e+001
    endloop
  endfacet
  facet normal  0.000000e+000  1.000000e+000  -0.000000e+000
    outer loop
      vertex -5.840648e+001 -7.805759e+000  4.803767e+001
      vertex -5.842105e+001 -7.805759e+000  5.171325e+001
      vertex -5.776503e+001 -7.805759e+000  5.188887e+001
    endloop
  endfacet
  facet normal  0.000000e+000  1.000000e+000  0.000000e+000
    outer loop
      vertex -5.840648e+001 -7.805759e+000  4.803767e+001
      vertex -5.776503e+001 -7.805759e+000  5.188887e+001
      vertex -5.804806e+001 -7.805759e+000  4.831664e+001
    endloop
  endfacet
  facet normal  0.000000e+000  1.000000e+000  0.000000e+000
    outer loop
      vertex -5.677104e+001 -7.805759e+000  4.875504e+001
      vertex -5.721904e+001 -7.805759e+000  4.868029e+001
      vertex -5.663269e+001 -7.805759e+000  5.390344e+001
    endloop
  endfacet
  facet normal  0.000000e+000  1.000000e+000  0.000000e+000
    outer loop
      vertex -5.663269e+001 -7.805759e+000  5.390344e+001
      vertex -5.721904e+001 -7.805759e+000  4.868029e+001
      vertex -5.764861e+001 -7.805759e+000  4.853281e+001
    endloop
  endfacet
  facet normal  0.000000e+000  1.000000e+000  -0.000000e+000
    outer loop
      vertex -5.663269e+001 -7.805759e+000  5.390344e+001
      vertex -5.764861e+001 -7.805759e+000  4.853281e+001
      vertex -5.776503e+001 -7.805759e+000  5.188887e+001
    endloop
  endfacet
  facet normal -4.999867e-001  -0.000000e+000 -8.660331e-001
    outer loop
      vertex -5.778811e+001 -9.505759e+000  5.190219e+001
      vertex -5.778811e+001 -7.805759e+000  5.190219e+001
      vertex -5.776503e+001 -9.505759e+000  5.188887e+001
    endloop
  endfacet
  facet normal -4.999867e-001  0.000000e+000 -8.660331e-001
    outer loop
      vertex -5.776503e+001 -9.505759e+000  5.188887e+001
      vertex -5.778811e+001 -7.805759e+000  5.190219e+001
      vertex -5.776503e+001 -7.805759e+000  5.188887e+001
    endloop
  endfacet
  facet normal  4.999998e-001  0.000000e+000  8.660254e-001
    outer loop
      vertex -5.336084e+001 -9.505759e+000  5.201443e+001
      vertex -5.336084e+001 -7.805759e+000  5.201443e+001
      vertex -5.663269e+001 -9.505759e+000  5.390344e+001
    endloop
  endfacet
  facet normal  4.999998e-001  -0.000000e+000  8.660254e-001
    outer loop
      vertex -5.663269e+001 -9.505759e+000  5.390344e+001
      vertex -5.336084e+001 -7.805759e+000  5.201443e+001
      vertex -5.663269e+001 -7.805759e+000  5.390344e+001
    endloop
  endfacet
  facet normal -6.656160e-001  0.000000e+000 -7.462945e-001
    outer loop
      vertex -6.027784e+001 -7.805759e+000  4.131784e+001
      vertex -6.027784e+001 -9.505759e+000  4.131784e+001
      vertex -6.078467e+001 -7.805759e+000  4.176987e+001
    endloop
  endfacet
  facet normal -6.656160e-001  -0.000000e+000 -7.462945e-001
    outer loop
      vertex -6.078467e+001 -7.805759e+000  4.176987e+001
      vertex -6.027784e+001 -9.505759e+000  4.131784e+001
      vertex -6.078467e+001 -9.505759e+000  4.176987e+001
    endloop
  endfacet
  facet normal -7.456930e-001  0.000000e+000 -6.662896e-001
    outer loop
      vertex -6.078467e+001 -7.805759e+000  4.176987e+001
      vertex -6.078467e+001 -9.505759e+000  4.176987e+001
      vertex -6.123716e+001 -7.805759e+000  4.227629e+001
    endloop
  endfacet
  facet normal -7.456930e-001  -0.000000e+000 -6.662896e-001
    outer loop
      vertex -6.123716e+001 -7.805759e+000  4.227629e+001
      vertex -6.078467e+001 -9.505759e+000  4.176987e+001
      vertex -6.123716e+001 -9.505759e+000  4.227629e+001
    endloop
  endfacet
  facet normal -8.162040e-001  0.000000e+000 -5.777637e-001
    outer loop
      vertex -6.123716e+001 -7.805759e+000  4.227629e+001
      vertex -6.123716e+001 -9.505759e+000  4.227629e+001
      vertex -6.162953e+001 -7.805759e+000  4.283059e+001
    endloop
  endfacet
  facet normal -8.162040e-001  -0.000000e+000 -5.777637e-001
    outer loop
      vertex -6.162953e+001 -7.805759e+000  4.283059e+001
      vertex -6.123716e+001 -9.505759e+000  4.227629e+001
      vertex -6.162953e+001 -9.505759e+000  4.283059e+001
    endloop
  endfacet
  facet normal -8.762704e-001  0.000000e+000 -4.818195e-001
    outer loop
      vertex -6.162953e+001 -7.805759e+000  4.283059e+001
      vertex -6.162953e+001 -9.505759e+000  4.283059e+001
      vertex -6.195675e+001 -7.805759e+000  4.342568e+001
    endloop
  endfacet
  facet normal -8.762704e-001  -0.000000e+000 -4.818195e-001
    outer loop
      vertex -6.195675e+001 -7.805759e+000  4.342568e+001
      vertex -6.162953e+001 -9.505759e+000  4.283059e+001
      vertex -6.195675e+001 -9.505759e+000  4.342568e+001
    endloop
  endfacet
  facet normal -9.251038e-001  0.000000e+000 -3.797141e-001
    outer loop
      vertex -6.195675e+001 -7.805759e+000  4.342568e+001
      vertex -6.195675e+001 -9.505759e+000  4.342568e+001
      vertex -6.221462e+001 -7.805759e+000  4.405394e+001
    endloop
  endfacet
  facet normal -9.251038e-001  -0.000000e+000 -3.797141e-001
    outer loop
      vertex -6.221462e+001 -7.805759e+000  4.405394e+001
      vertex -6.195675e+001 -9.505759e+000  4.342568e+001
      vertex -6.221462e+001 -9.505759e+000  4.405394e+001
    endloop
  endfacet
  facet normal -9.620895e-001  0.000000e+000 -2.727338e-001
    outer loop
      vertex -6.221462e+001 -7.805759e+000  4.405394e+001
      vertex -6.221462e+001 -9.505759e+000  4.405394e+001
      vertex -6.239984e+001 -7.805759e+000  4.470732e+001
    endloop
  endfacet
  facet normal -9.620895e-001  -0.000000e+000 -2.727338e-001
    outer loop
      vertex -6.239984e+001 -7.805759e+000  4.470732e+001
      vertex -6.221462e+001 -9.505759e+000  4.405394e+001
      vertex -6.239984e+001 -9.505759e+000  4.470732e+001
    endloop
  endfacet
  facet normal -9.867461e-001  0.000000e+000 -1.622717e-001
    outer loop
      vertex -6.239984e+001 -7.805759e+000  4.470732e+001
      vertex -6.239984e+001 -9.505759e+000  4.470732e+001
      vertex -6.251004e+001 -7.805759e+000  4.537744e+001
    endloop
  endfacet
  facet normal -9.867461e-001  -0.000000e+000 -1.622717e-001
    outer loop
      vertex -6.251004e+001 -7.805759e+000  4.537744e+001
      vertex -6.239984e+001 -9.505759e+000  4.470732e+001
      vertex -6.251004e+001 -9.505759e+000  4.537744e+001
    endloop
  endfacet
  facet normal -9.987631e-001  0.000000e+000 -4.972274e-002
    outer loop
      vertex -6.251004e+001 -7.805759e+000  4.537744e+001
      vertex -6.251004e+001 -9.505759e+000  4.537744e+001
      vertex -6.254381e+001 -7.805759e+000  4.605572e+001
    endloop
  endfacet
  facet normal -9.987631e-001  -0.000000e+000 -4.972274e-002
    outer loop
      vertex -6.254381e+001 -7.805759e+000  4.605572e+001
      vertex -6.251004e+001 -9.505759e+000  4.537744e+001
      vertex -6.254381e+001 -9.505759e+000  4.605572e+001
    endloop
  endfacet
  facet normal -9.979842e-001  0.000000e+000  6.346197e-002
    outer loop
      vertex -6.254381e+001 -7.805759e+000  4.605572e+001
      vertex -6.254381e+001 -9.505759e+000  4.605572e+001
      vertex -6.250071e+001 -7.805759e+000  4.673347e+001
    endloop
  endfacet
  facet normal -9.979842e-001  0.000000e+000  6.346197e-002
    outer loop
      vertex -6.250071e+001 -7.805759e+000  4.673347e+001
      vertex -6.254381e+001 -9.505759e+000  4.605572e+001
      vertex -6.250071e+001 -9.505759e+000  4.673347e+001
    endloop
  endfacet
  facet normal -9.844191e-001  0.000000e+000  1.758377e-001
    outer loop
      vertex -6.250071e+001 -7.805759e+000  4.673347e+001
      vertex -6.250071e+001 -9.505759e+000  4.673347e+001
      vertex -6.238129e+001 -7.805759e+000  4.740202e+001
    endloop
  endfacet
  facet normal -9.844191e-001  0.000000e+000  1.758377e-001
    outer loop
      vertex -6.238129e+001 -7.805759e+000  4.740202e+001
      vertex -6.250071e+001 -9.505759e+000  4.673347e+001
      vertex -6.238129e+001 -9.505759e+000  4.740202e+001
    endloop
  endfacet
  facet normal -9.582446e-001  0.000000e+000  2.859500e-001
    outer loop
      vertex -6.238129e+001 -7.805759e+000  4.740202e+001
      vertex -6.238129e+001 -9.505759e+000  4.740202e+001
      vertex -6.218710e+001 -7.805759e+000  4.805278e+001
    endloop
  endfacet
  facet normal -9.582446e-001  0.000000e+000  2.859500e-001
    outer loop
      vertex -6.218710e+001 -7.805759e+000  4.805278e+001
      vertex -6.238129e+001 -9.505759e+000  4.740202e+001
      vertex -6.218710e+001 -9.505759e+000  4.805278e+001
    endloop
  endfacet
  facet normal -9.197928e-001  0.000000e+000  3.924043e-001
    outer loop
      vertex -6.218710e+001 -7.805759e+000  4.805278e+001
      vertex -6.218710e+001 -9.505759e+000  4.805278e+001
      vertex -6.192061e+001 -7.805759e+000  4.867743e+001
    endloop
  endfacet
  facet normal -9.197928e-001  0.000000e+000  3.924043e-001
    outer loop
      vertex -6.192061e+001 -7.805759e+000  4.867743e+001
      vertex -6.218710e+001 -9.505759e+000  4.805278e+001
      vertex -6.192061e+001 -9.505759e+000  4.867743e+001
    endloop
  endfacet
  facet normal -8.695540e-001  0.000000e+000  4.938379e-001
    outer loop
      vertex -6.192061e+001 -7.805759e+000  4.867743e+001
      vertex -6.192061e+001 -9.505759e+000  4.867743e+001
      vertex -6.158523e+001 -7.805759e+000  4.926797e+001
    endloop
  endfacet
  facet normal -8.695540e-001  0.000000e+000  4.938379e-001
    outer loop
      vertex -6.158523e+001 -7.805759e+000  4.926797e+001
      vertex -6.192061e+001 -9.505759e+000  4.867743e+001
      vertex -6.158523e+001 -9.505759e+000  4.926797e+001
    endloop
  endfacet
  facet normal -8.081787e-001  0.000000e+000  5.889373e-001
    outer loop
      vertex -6.158523e+001 -7.805759e+000  4.926797e+001
      vertex -6.158523e+001 -9.505759e+000  4.926797e+001
      vertex -6.118527e+001 -7.805759e+000  4.981682e+001
    endloop
  endfacet
  facet normal -8.081787e-001  0.000000e+000  5.889373e-001
    outer loop
      vertex -6.118527e+001 -7.805759e+000  4.981682e+001
      vertex -6.158523e+001 -9.505759e+000  4.926797e+001
      vertex -6.118527e+001 -9.505759e+000  4.981682e+001
    endloop
  endfacet
  facet normal -7.364468e-001  0.000000e+000  6.764954e-001
    outer loop
      vertex -6.118527e+001 -7.805759e+000  4.981682e+001
      vertex -6.118527e+001 -9.505759e+000  4.981682e+001
      vertex -6.072585e+001 -7.805759e+000  5.031696e+001
    endloop
  endfacet
  facet normal -7.364468e-001  0.000000e+000  6.764954e-001
    outer loop
      vertex -6.072585e+001 -7.805759e+000  5.031696e+001
      vertex -6.118527e+001 -9.505759e+000  4.981682e+001
      vertex -6.072585e+001 -9.505759e+000  5.031696e+001
    endloop
  endfacet
  facet normal -6.552850e-001  0.000000e+000  7.553817e-001
    outer loop
      vertex -6.072585e+001 -7.805759e+000  5.031696e+001
      vertex -6.072585e+001 -9.505759e+000  5.031696e+001
      vertex -6.021285e+001 -7.805759e+000  5.076197e+001
    endloop
  endfacet
  facet normal -6.552850e-001  0.000000e+000  7.553817e-001
    outer loop
      vertex -6.021285e+001 -7.805759e+000  5.076197e+001
      vertex -6.072585e+001 -9.505759e+000  5.031696e+001
      vertex -6.021285e+001 -9.505759e+000  5.076197e+001
    endloop
  endfacet
  facet normal -5.657275e-001  0.000000e+000  8.245922e-001
    outer loop
      vertex -6.021285e+001 -7.805759e+000  5.076197e+001
      vertex -6.021285e+001 -9.505759e+000  5.076197e+001
      vertex -5.965285e+001 -7.805759e+000  5.114617e+001
    endloop
  endfacet
  facet normal -5.657275e-001  0.000000e+000  8.245922e-001
    outer loop
      vertex -5.965285e+001 -7.805759e+000  5.114617e+001
      vertex -6.021285e+001 -9.505759e+000  5.076197e+001
      vertex -5.965285e+001 -9.505759e+000  5.114617e+001
    endloop
  endfacet
  facet normal -4.689151e-001  0.000000e+000  8.832432e-001
    outer loop
      vertex -5.965285e+001 -7.805759e+000  5.114617e+001
      vertex -5.965285e+001 -9.505759e+000  5.114617e+001
      vertex -5.905302e+001 -7.805759e+000  5.146462e+001
    endloop
  endfacet
  facet normal -4.689151e-001  0.000000e+000  8.832432e-001
    outer loop
      vertex -5.905302e+001 -7.805759e+000  5.146462e+001
      vertex -5.965285e+001 -9.505759e+000  5.114617e+001
      vertex -5.905302e+001 -9.505759e+000  5.146462e+001
    endloop
  endfacet
  facet normal -3.661007e-001  0.000000e+000  9.305752e-001
    outer loop
      vertex -5.905302e+001 -7.805759e+000  5.146462e+001
      vertex -5.905302e+001 -9.505759e+000  5.146462e+001
      vertex -5.842105e+001 -7.805759e+000  5.171325e+001
    endloop
  endfacet
  facet normal -3.661007e-001  0.000000e+000  9.305752e-001
    outer loop
      vertex -5.842105e+001 -7.805759e+000  5.171325e+001
      vertex -5.905302e+001 -9.505759e+000  5.146462e+001
      vertex -5.842105e+001 -9.505759e+000  5.171325e+001
    endloop
  endfacet
  facet normal -2.585935e-001  0.000000e+000  9.659862e-001
    outer loop
      vertex -5.842105e+001 -7.805759e+000  5.171325e+001
      vertex -5.842105e+001 -9.505759e+000  5.171325e+001
      vertex -5.776503e+001 -7.805759e+000  5.188887e+001
    endloop
  endfacet
  facet normal -2.585935e-001  0.000000e+000  9.659862e-001
    outer loop
      vertex -5.776503e+001 -7.805759e+000  5.188887e+001
      vertex -5.842105e+001 -9.505759e+000  5.171325e+001
      vertex -5.776503e+001 -9.505759e+000  5.188887e+001
    endloop
  endfacet
  facet normal -8.660259e-001  0.000000e+000  4.999993e-001
    outer loop
      vertex -5.663269e+001 -9.505759e+000  5.390344e+001
      vertex -5.663269e+001 -7.805759e+000  5.390344e+001
      vertex -5.778811e+001 -9.505759e+000  5.190219e+001
    endloop
  endfacet
  facet normal -8.660259e-001  0.000000e+000  4.999993e-001
    outer loop
      vertex -5.778811e+001 -9.505759e+000  5.190219e+001
      vertex -5.663269e+001 -7.805759e+000  5.390344e+001
      vertex -5.778811e+001 -7.805759e+000  5.190219e+001
    endloop
  endfacet
  facet normal  0.000000e+000 -9.209339e-002  9.957503e-001
    outer loop
      vertex -4.986426e+001 -1.358731e+001  4.101443e+001
      vertex -4.786426e+001 -1.306015e+001  4.106319e+001
      vertex -4.986426e+001 -1.306015e+001  4.106319e+001
    endloop
  endfacet
  facet normal  0.000000e+000 -2.309365e-001  9.729688e-001
    outer loop
      vertex -4.986426e+001 -1.306015e+001  4.106319e+001
      vertex -4.786426e+001 -1.306015e+001  4.106319e+001
      vertex -4.786426e+001 -1.254505e+001  4.118545e+001
    endloop
  endfacet
  facet normal  0.000000e+000 -2.309365e-001  9.729688e-001
    outer loop
      vertex -4.986426e+001 -1.306015e+001  4.106319e+001
      vertex -4.786426e+001 -1.254505e+001  4.118545e+001
      vertex -4.986426e+001 -1.254505e+001  4.118545e+001
    endloop
  endfacet
  facet normal  0.000000e+000 -3.652106e-001  9.309250e-001
    outer loop
      vertex -4.986426e+001 -1.254505e+001  4.118545e+001
      vertex -4.786426e+001 -1.254505e+001  4.118545e+001
      vertex -4.786426e+001 -1.205220e+001  4.137880e+001
    endloop
  endfacet
  facet normal  0.000000e+000 -3.652106e-001  9.309250e-001
    outer loop
      vertex -4.986426e+001 -1.254505e+001  4.118545e+001
      vertex -4.786426e+001 -1.205220e+001  4.137880e+001
      vertex -4.986426e+001 -1.205220e+001  4.137880e+001
    endloop
  endfacet
  facet normal  0.000000e+000 -4.922510e-001  8.704534e-001
    outer loop
      vertex -4.986426e+001 -1.205220e+001  4.137880e+001
      vertex -4.786426e+001 -1.205220e+001  4.137880e+001
      vertex -4.786426e+001 -1.159137e+001  4.163940e+001
    endloop
  endfacet
  facet normal  0.000000e+000 -4.922510e-001  8.704534e-001
    outer loop
      vertex -4.986426e+001 -1.205220e+001  4.137880e+001
      vertex -4.786426e+001 -1.159137e+001  4.163940e+001
      vertex -4.986426e+001 -1.159137e+001  4.163940e+001
    endloop
  endfacet
  facet normal  0.000000e+000 -6.095487e-001  7.927485e-001
    outer loop
      vertex -4.986426e+001 -1.159137e+001  4.163940e+001
      vertex -4.786426e+001 -1.159137e+001  4.163940e+001
      vertex -4.786426e+001 -1.117168e+001  4.196211e+001
    endloop
  endfacet
  facet normal  0.000000e+000 -6.095487e-001  7.927485e-001
    outer loop
      vertex -4.986426e+001 -1.159137e+001  4.163940e+001
      vertex -4.786426e+001 -1.117168e+001  4.196211e+001
      vertex -4.986426e+001 -1.117168e+001  4.196211e+001
    endloop
  endfacet
  facet normal  0.000000e+000 -7.147782e-001  6.993513e-001
    outer loop
      vertex -4.986426e+001 -1.117168e+001  4.196211e+001
      vertex -4.786426e+001 -1.117168e+001  4.196211e+001
      vertex -4.786426e+001 -1.080143e+001  4.234052e+001
    endloop
  endfacet
  facet normal  0.000000e+000 -7.147782e-001  6.993513e-001
    outer loop
      vertex -4.986426e+001 -1.117168e+001  4.196211e+001
      vertex -4.786426e+001 -1.080143e+001  4.234052e+001
      vertex -4.986426e+001 -1.080143e+001  4.234052e+001
    endloop
  endfacet
  facet normal  0.000000e+000 -8.058574e-001  5.921095e-001
    outer loop
      vertex -4.986426e+001 -1.080143e+001  4.234052e+001
      vertex -4.786426e+001 -1.080143e+001  4.234052e+001
      vertex -4.786426e+001 -1.048796e+001  4.276715e+001
    endloop
  endfacet
  facet normal  0.000000e+000 -8.058574e-001  5.921095e-001
    outer loop
      vertex -4.986426e+001 -1.080143e+001  4.234052e+001
      vertex -4.786426e+001 -1.048796e+001  4.276715e+001
      vertex -4.986426e+001 -1.048796e+001  4.276715e+001
    endloop
  endfacet
  facet normal  0.000000e+000 -8.809851e-001  4.731442e-001
    outer loop
      vertex -4.986426e+001 -1.048796e+001  4.276715e+001
      vertex -4.786426e+001 -1.048796e+001  4.276715e+001
      vertex -4.786426e+001 -1.023747e+001  4.323356e+001
    endloop
  endfacet
  facet normal  0.000000e+000 -8.809851e-001  4.731442e-001
    outer loop
      vertex -4.986426e+001 -1.048796e+001  4.276715e+001
      vertex -4.786426e+001 -1.023747e+001  4.323356e+001
      vertex -4.986426e+001 -1.023747e+001  4.323356e+001
    endloop
  endfacet
  facet normal  0.000000e+000 -9.386715e-001  3.448125e-001
    outer loop
      vertex -4.986426e+001 -1.023747e+001  4.323356e+001
      vertex -4.786426e+001 -1.023747e+001  4.323356e+001
      vertex -4.786426e+001 -1.005492e+001  4.373051e+001
    endloop
  endfacet
  facet normal  0.000000e+000 -9.386715e-001  3.448125e-001
    outer loop
      vertex -4.986426e+001 -1.023747e+001  4.323356e+001
      vertex -4.786426e+001 -1.005492e+001  4.373051e+001
      vertex -4.986426e+001 -1.005492e+001  4.373051e+001
    endloop
  endfacet
  facet normal  0.000000e+000 -9.777749e-001  2.096573e-001
    outer loop
      vertex -4.986426e+001 -1.005492e+001  4.373051e+001
      vertex -4.786426e+001 -1.005492e+001  4.373051e+001
      vertex -4.786426e+001 -9.943924e+000  4.424816e+001
    endloop
  endfacet
  facet normal  0.000000e+000 -9.777749e-001  2.096573e-001
    outer loop
      vertex -4.986426e+001 -1.005492e+001  4.373051e+001
      vertex -4.786426e+001 -9.943924e+000  4.424816e+001
      vertex -4.986426e+001 -9.943924e+000  4.424816e+001
    endloop
  endfacet
  facet normal  0.000000e+000 -9.975224e-001  7.035091e-002
    outer loop
      vertex -4.986426e+001 -9.943924e+000  4.424816e+001
      vertex -4.786426e+001 -9.943924e+000  4.424816e+001
      vertex -4.786426e+001 -9.906679e+000  4.477626e+001
    endloop
  endfacet
  facet normal  0.000000e+000 -9.975224e-001  7.035091e-002
    outer loop
      vertex -4.986426e+001 -9.943924e+000  4.424816e+001
      vertex -4.786426e+001 -9.906679e+000  4.477626e+001
      vertex -4.986426e+001 -9.906679e+000  4.477626e+001
    endloop
  endfacet
  facet normal  0.000000e+000 -9.209339e-002  9.957503e-001
    outer loop
      vertex -4.786426e+001 -1.306015e+001  4.106319e+001
      vertex -4.986426e+001 -1.358731e+001  4.101443e+001
      vertex -4.786426e+001 -1.358731e+001  4.101443e+001
    endloop
  endfacet
  facet normal  0.000000e+000  0.000000e+000  1.000000e+000
    outer loop
      vertex -4.786426e+001 -1.358731e+001  4.101443e+001
      vertex -4.986426e+001 -1.358731e+001  4.101443e+001
      vertex -4.986426e+001 -1.375149e+001  4.101443e+001
    endloop
  endfacet
  facet normal  0.000000e+000  0.000000e+000  1.000000e+000
    outer loop
      vertex -4.786426e+001 -1.358731e+001  4.101443e+001
      vertex -4.986426e+001 -1.375149e+001  4.101443e+001
      vertex -4.786426e+001 -1.375149e+001  4.101443e+001
    endloop
  endfacet
  facet normal  0.000000e+000  9.209339e-002  9.957503e-001
    outer loop
      vertex -4.786426e+001 -1.375149e+001  4.101443e+001
      vertex -4.986426e+001 -1.375149e+001  4.101443e+001
      vertex -4.986426e+001 -1.427865e+001  4.106319e+001
    endloop
  endfacet
  facet normal  -0.000000e+000  9.209339e-002  9.957503e-001
    outer loop
      vertex -4.786426e+001 -1.375149e+001  4.101443e+001
      vertex -4.986426e+001 -1.427865e+001  4.106319e+001
      vertex -4.786426e+001 -1.427865e+001  4.106319e+001
    endloop
  endfacet
  facet normal  0.000000e+000  2.309365e-001  9.729688e-001
    outer loop
      vertex -4.786426e+001 -1.427865e+001  4.106319e+001
      vertex -4.986426e+001 -1.427865e+001  4.106319e+001
      vertex -4.986426e+001 -1.479375e+001  4.118545e+001
    endloop
  endfacet
  facet normal  -0.000000e+000  2.309365e-001  9.729688e-001
    outer loop
      vertex -4.786426e+001 -1.427865e+001  4.106319e+001
      vertex -4.986426e+001 -1.479375e+001  4.118545e+001
      vertex -4.786426e+001 -1.479375e+001  4.118545e+001
    endloop
  endfacet
  facet normal  0.000000e+000  3.652106e-001  9.309250e-001
    outer loop
      vertex -4.786426e+001 -1.479375e+001  4.118545e+001
      vertex -4.986426e+001 -1.479375e+001  4.118545e+001
      vertex -4.986426e+001 -1.528660e+001  4.137880e+001
    endloop
  endfacet
  facet normal  -0.000000e+000  3.652106e-001  9.309250e-001
    outer loop
      vertex -4.786426e+001 -1.479375e+001  4.118545e+001
      vertex -4.986426e+001 -1.528660e+001  4.137880e+001
      vertex -4.786426e+001 -1.528660e+001  4.137880e+001
    endloop
  endfacet
  facet normal  0.000000e+000  4.922510e-001  8.704534e-001
    outer loop
      vertex -4.786426e+001 -1.528660e+001  4.137880e+001
      vertex -4.986426e+001 -1.528660e+001  4.137880e+001
      vertex -4.986426e+001 -1.574743e+001  4.163940e+001
    endloop
  endfacet
  facet normal  -0.000000e+000  4.922510e-001  8.704534e-001
    outer loop
      vertex -4.786426e+001 -1.528660e+001  4.137880e+001
      vertex -4.986426e+001 -1.574743e+001  4.163940e+001
      vertex -4.786426e+001 -1.574743e+001  4.163940e+001
    endloop
  endfacet
  facet normal  0.000000e+000  6.095487e-001  7.927485e-001
    outer loop
      vertex -4.786426e+001 -1.574743e+001  4.163940e+001
      vertex -4.986426e+001 -1.574743e+001  4.163940e+001
      vertex -4.986426e+001 -1.616712e+001  4.196211e+001
    endloop
  endfacet
  facet normal  -0.000000e+000  6.095487e-001  7.927485e-001
    outer loop
      vertex -4.786426e+001 -1.574743e+001  4.163940e+001
      vertex -4.986426e+001 -1.616712e+001  4.196211e+001
      vertex -4.786426e+001 -1.616712e+001  4.196211e+001
    endloop
  endfacet
  facet normal  0.000000e+000  7.147782e-001  6.993513e-001
    outer loop
      vertex -4.786426e+001 -1.616712e+001  4.196211e+001
      vertex -4.986426e+001 -1.616712e+001  4.196211e+001
      vertex -4.986426e+001 -1.653737e+001  4.234052e+001
    endloop
  endfacet
  facet normal  -0.000000e+000  7.147782e-001  6.993513e-001
    outer loop
      vertex -4.786426e+001 -1.616712e+001  4.196211e+001
      vertex -4.986426e+001 -1.653737e+001  4.234052e+001
      vertex -4.786426e+001 -1.653737e+001  4.234052e+001
    endloop
  endfacet
  facet normal  0.000000e+000  8.058574e-001  5.921095e-001
    outer loop
      vertex -4.786426e+001 -1.653737e+001  4.234052e+001
      vertex -4.986426e+001 -1.653737e+001  4.234052e+001
      vertex -4.986426e+001 -1.685084e+001  4.276715e+001
    endloop
  endfacet
  facet normal  -0.000000e+000  8.058574e-001  5.921095e-001
    outer loop
      vertex -4.786426e+001 -1.653737e+001  4.234052e+001
      vertex -4.986426e+001 -1.685084e+001  4.276715e+001
      vertex -4.786426e+001 -1.685084e+001  4.276715e+001
    endloop
  endfacet
  facet normal  0.000000e+000  8.809851e-001  4.731442e-001
    outer loop
      vertex -4.786426e+001 -1.685084e+001  4.276715e+001
      vertex -4.986426e+001 -1.685084e+001  4.276715e+001
      vertex -4.986426e+001 -1.710133e+001  4.323356e+001
    endloop
  endfacet
  facet normal  -0.000000e+000  8.809851e-001  4.731442e-001
    outer loop
      vertex -4.786426e+001 -1.685084e+001  4.276715e+001
      vertex -4.986426e+001 -1.710133e+001  4.323356e+001
      vertex -4.786426e+001 -1.710133e+001  4.323356e+001
    endloop
  endfacet
  facet normal  0.000000e+000  9.386710e-001  3.448142e-001
    outer loop
      vertex -4.786426e+001 -1.710133e+001  4.323356e+001
      vertex -4.986426e+001 -1.710133e+001  4.323356e+001
      vertex -4.986426e+001 -1.728388e+001  4.373051e+001
    endloop
  endfacet
  facet normal  -0.000000e+000  9.386710e-001  3.448142e-001
    outer loop
      vertex -4.786426e+001 -1.710133e+001  4.323356e+001
      vertex -4.986426e+001 -1.728388e+001  4.373051e+001
      vertex -4.786426e+001 -1.728388e+001  4.373051e+001
    endloop
  endfacet
  facet normal  0.000000e+000  9.777753e-001  2.096556e-001
    outer loop
      vertex -4.786426e+001 -1.728388e+001  4.373051e+001
      vertex -4.986426e+001 -1.728388e+001  4.373051e+001
      vertex -4.986426e+001 -1.739488e+001  4.424816e+001
    endloop
  endfacet
  facet normal  -0.000000e+000  9.777753e-001  2.096556e-001
    outer loop
      vertex -4.786426e+001 -1.728388e+001  4.373051e+001
      vertex -4.986426e+001 -1.739488e+001  4.424816e+001
      vertex -4.786426e+001 -1.739488e+001  4.424816e+001
    endloop
  endfacet
  facet normal  0.000000e+000  9.975224e-001  7.035091e-002
    outer loop
      vertex -4.786426e+001 -1.739488e+001  4.424816e+001
      vertex -4.986426e+001 -1.739488e+001  4.424816e+001
      vertex -4.986426e+001 -1.743212e+001  4.477626e+001
    endloop
  endfacet
  facet normal  -0.000000e+000  9.975224e-001  7.035091e-002
    outer loop
      vertex -4.786426e+001 -1.739488e+001  4.424816e+001
      vertex -4.986426e+001 -1.743212e+001  4.477626e+001
      vertex -4.786426e+001 -1.743212e+001  4.477626e+001
    endloop
  endfacet
  facet normal  1.000000e+000  0.000000e+000  0.000000e+000
    outer loop
      vertex -4.786426e+001 -1.770576e+001  5.101443e+001
      vertex -4.786426e+001 -1.770576e+001  4.101443e+001
      vertex -4.786426e+001 -1.743212e+001  4.477626e+001
    endloop
  endfacet
  facet normal  1.000000e+000  0.000000e+000  -0.000000e+000
    outer loop
      vertex -4.786426e+001 -1.770576e+001  5.101443e+001
      vertex -4.786426e+001 -1.743212e+001  4.477626e+001
      vertex -4.786426e+001 -1.743212e+001  4.717786e+001
    endloop
  endfacet
  facet normal  1.000000e+000  0.000000e+000  -0.000000e+000
    outer loop
      vertex -4.786426e+001 -1.770576e+001  5.101443e+001
      vertex -4.786426e+001 -1.743212e+001  4.717786e+001
      vertex -4.786426e+001 -1.739382e+001  4.771336e+001
    endloop
  endfacet
  facet normal  1.000000e+000  0.000000e+000  -0.000000e+000
    outer loop
      vertex -4.786426e+001 -1.770576e+001  5.101443e+001
      vertex -4.786426e+001 -1.739382e+001  4.771336e+001
      vertex -4.786426e+001 -1.727971e+001  4.823795e+001
    endloop
  endfacet
  facet normal  1.000000e+000  0.000000e+000  -0.000000e+000
    outer loop
      vertex -4.786426e+001 -1.770576e+001  5.101443e+001
      vertex -4.786426e+001 -1.727971e+001  4.823795e+001
      vertex -4.786426e+001 -1.709209e+001  4.874096e+001
    endloop
  endfacet
  facet normal  1.000000e+000  0.000000e+000  -0.000000e+000
    outer loop
      vertex -4.786426e+001 -1.770576e+001  5.101443e+001
      vertex -4.786426e+001 -1.709209e+001  4.874096e+001
      vertex -4.786426e+001 -1.683480e+001  4.921214e+001
    endloop
  endfacet
  facet normal  1.000000e+000  0.000000e+000  -0.000000e+000
    outer loop
      vertex -4.786426e+001 -1.770576e+001  5.101443e+001
      vertex -4.786426e+001 -1.683480e+001  4.921214e+001
      vertex -4.786426e+001 -1.651307e+001  4.964192e+001
    endloop
  endfacet
  facet normal  1.000000e+000  0.000000e+000  -0.000000e+000
    outer loop
      vertex -4.786426e+001 -1.770576e+001  5.101443e+001
      vertex -4.786426e+001 -1.651307e+001  4.964192e+001
      vertex -4.786426e+001 -1.613346e+001  5.002154e+001
    endloop
  endfacet
  facet normal  1.000000e+000  0.000000e+000  -0.000000e+000
    outer loop
      vertex -4.786426e+001 -1.770576e+001  5.101443e+001
      vertex -4.786426e+001 -1.613346e+001  5.002154e+001
      vertex -4.786426e+001 -1.570368e+001  5.034327e+001
    endloop
  endfacet
  facet normal  1.000000e+000  0.000000e+000  -0.000000e+000
    outer loop
      vertex -4.786426e+001 -1.770576e+001  5.101443e+001
      vertex -4.786426e+001 -1.570368e+001  5.034327e+001
      vertex -4.786426e+001 -1.523249e+001  5.060056e+001
    endloop
  endfacet
  facet normal  1.000000e+000  0.000000e+000  -0.000000e+000
    outer loop
      vertex -4.786426e+001 -1.770576e+001  5.101443e+001
      vertex -4.786426e+001 -1.523249e+001  5.060056e+001
      vertex -4.786426e+001 -1.472948e+001  5.078817e+001
    endloop
  endfacet
  facet normal  1.000000e+000  0.000000e+000  -0.000000e+000
    outer loop
      vertex -4.786426e+001 -1.770576e+001  5.101443e+001
      vertex -4.786426e+001 -1.472948e+001  5.078817e+001
      vertex -4.786426e+001 -1.420489e+001  5.090229e+001
    endloop
  endfacet
  facet normal  1.000000e+000  0.000000e+000  -0.000000e+000
    outer loop
      vertex -4.786426e+001 -1.770576e+001  5.101443e+001
      vertex -4.786426e+001 -1.420489e+001  5.090229e+001
      vertex -4.786426e+001 -1.366940e+001  5.094059e+001
    endloop
  endfacet
  facet normal  1.000000e+000  0.000000e+000  -0.000000e+000
    outer loop
      vertex -4.786426e+001 -1.770576e+001  5.101443e+001
      vertex -4.786426e+001 -1.366940e+001  5.094059e+001
      vertex -4.786426e+001 -9.505759e+000  5.101443e+001
    endloop
  endfacet
  facet normal  1.000000e+000  0.000000e+000  0.000000e+000
    outer loop
      vertex -4.786426e+001 -1.770576e+001  4.101443e+001
      vertex -4.786426e+001 -1.375149e+001  4.101443e+001
      vertex -4.786426e+001 -1.427865e+001  4.106319e+001
    endloop
  endfacet
  facet normal  9.999999e-001  0.000000e+000  0.000000e+000
    outer loop
      vertex -4.786426e+001 -1.770576e+001  4.101443e+001
      vertex -4.786426e+001 -1.427865e+001  4.106319e+001
      vertex -4.786426e+001 -1.479375e+001  4.118545e+001
    endloop
  endfacet
  facet normal  1.000000e+000  0.000000e+000  0.000000e+000
    outer loop
      vertex -4.786426e+001 -1.770576e+001  4.101443e+001
      vertex -4.786426e+001 -1.479375e+001  4.118545e+001
      vertex -4.786426e+001 -1.528660e+001  4.137880e+001
    endloop
  endfacet
  facet normal  1.000000e+000  0.000000e+000  0.000000e+000
    outer loop
      vertex -4.786426e+001 -1.770576e+001  4.101443e+001
      vertex -4.786426e+001 -1.528660e+001  4.137880e+001
      vertex -4.786426e+001 -1.574743e+001  4.163940e+001
    endloop
  endfacet
  facet normal  1.000000e+000  0.000000e+000  0.000000e+000
    outer loop
      vertex -4.786426e+001 -1.770576e+001  4.101443e+001
      vertex -4.786426e+001 -1.574743e+001  4.163940e+001
      vertex -4.786426e+001 -1.616712e+001  4.196211e+001
    endloop
  endfacet
  facet normal  1.000000e+000  0.000000e+000  0.000000e+000
    outer loop
      vertex -4.786426e+001 -1.770576e+001  4.101443e+001
      vertex -4.786426e+001 -1.616712e+001  4.196211e+001
      vertex -4.786426e+001 -1.653737e+001  4.234052e+001
    endloop
  endfacet
  facet normal  1.000000e+000  0.000000e+000  0.000000e+000
    outer loop
      vertex -4.786426e+001 -1.770576e+001  4.101443e+001
      vertex -4.786426e+001 -1.653737e+001  4.234052e+001
      vertex -4.786426e+001 -1.685084e+001  4.276715e+001
    endloop
  endfacet
  facet normal  9.999999e-001  0.000000e+000  0.000000e+000
    outer loop
      vertex -4.786426e+001 -1.770576e+001  4.101443e+001
      vertex -4.786426e+001 -1.685084e+001  4.276715e+001
      vertex -4.786426e+001 -1.710133e+001  4.323356e+001
    endloop
  endfacet
  facet normal  1.000000e+000  0.000000e+000  0.000000e+000
    outer loop
      vertex -4.786426e+001 -1.770576e+001  4.101443e+001
      vertex -4.786426e+001 -1.710133e+001  4.323356e+001
      vertex -4.786426e+001 -1.728388e+001  4.373051e+001
    endloop
  endfacet
  facet normal  1.000000e+000  0.000000e+000  0.000000e+000
    outer loop
      vertex -4.786426e+001 -1.770576e+001  4.101443e+001
      vertex -4.786426e+001 -1.728388e+001  4.373051e+001
      vertex -4.786426e+001 -1.739488e+001  4.424816e+001
    endloop
  endfacet
  facet normal  1.000000e+000  0.000000e+000  0.000000e+000
    outer loop
      vertex -4.786426e+001 -1.770576e+001  4.101443e+001
      vertex -4.786426e+001 -1.739488e+001  4.424816e+001
      vertex -4.786426e+001 -1.743212e+001  4.477626e+001
    endloop
  endfacet
  facet normal  1.000000e+000  -0.000000e+000  0.000000e+000
    outer loop
      vertex -4.786426e+001 -9.505759e+000  5.101443e+001
      vertex -4.786426e+001 -1.366940e+001  5.094059e+001
      vertex -4.786426e+001 -1.313391e+001  5.090229e+001
    endloop
  endfacet
  facet normal  9.999999e-001  -0.000000e+000  0.000000e+000
    outer loop
      vertex -4.786426e+001 -9.505759e+000  5.101443e+001
      vertex -4.786426e+001 -1.313391e+001  5.090229e+001
      vertex -4.786426e+001 -1.260932e+001  5.078817e+001
    endloop
  endfacet
  facet normal  1.000000e+000  -0.000000e+000  0.000000e+000
    outer loop
      vertex -4.786426e+001 -9.505759e+000  5.101443e+001
      vertex -4.786426e+001 -1.260932e+001  5.078817e+001
      vertex -4.786426e+001 -1.210631e+001  5.060056e+001
    endloop
  endfacet
  facet normal  9.999999e-001  -0.000000e+000  0.000000e+000
    outer loop
      vertex -4.786426e+001 -9.505759e+000  5.101443e+001
      vertex -4.786426e+001 -1.210631e+001  5.060056e+001
      vertex -4.786426e+001 -1.163512e+001  5.034327e+001
    endloop
  endfacet
  facet normal  1.000000e+000  -0.000000e+000  0.000000e+000
    outer loop
      vertex -4.786426e+001 -9.505759e+000  5.101443e+001
      vertex -4.786426e+001 -1.163512e+001  5.034327e+001
      vertex -4.786426e+001 -1.120534e+001  5.002154e+001
    endloop
  endfacet
  facet normal  1.000000e+000  -0.000000e+000  0.000000e+000
    outer loop
      vertex -4.786426e+001 -9.505759e+000  5.101443e+001
      vertex -4.786426e+001 -1.120534e+001  5.002154e+001
      vertex -4.786426e+001 -1.082573e+001  4.964192e+001
    endloop
  endfacet
  facet normal  1.000000e+000  -0.000000e+000  0.000000e+000
    outer loop
      vertex -4.786426e+001 -9.505759e+000  5.101443e+001
      vertex -4.786426e+001 -1.082573e+001  4.964192e+001
      vertex -4.786426e+001 -1.050400e+001  4.921214e+001
    endloop
  endfacet
  facet normal  1.000000e+000  -0.000000e+000  0.000000e+000
    outer loop
      vertex -4.786426e+001 -9.505759e+000  5.101443e+001
      vertex -4.786426e+001 -1.050400e+001  4.921214e+001
      vertex -4.786426e+001 -1.024671e+001  4.874096e+001
    endloop
  endfacet
  facet normal  9.999999e-001  -0.000000e+000  0.000000e+000
    outer loop
      vertex -4.786426e+001 -9.505759e+000  5.101443e+001
      vertex -4.786426e+001 -1.024671e+001  4.874096e+001
      vertex -4.786426e+001 -1.005910e+001  4.823795e+001
    endloop
  endfacet
  facet normal  1.000000e+000  -0.000000e+000  0.000000e+000
    outer loop
      vertex -4.786426e+001 -9.505759e+000  5.101443e+001
      vertex -4.786426e+001 -1.005910e+001  4.823795e+001
      vertex -4.786426e+001 -9.944979e+000  4.771336e+001
    endloop
  endfacet
  facet normal  1.000000e+000  -0.000000e+000  0.000000e+000
    outer loop
      vertex -4.786426e+001 -9.505759e+000  5.101443e+001
      vertex -4.786426e+001 -9.944979e+000  4.771336e+001
      vertex -4.786426e+001 -9.906679e+000  4.717786e+001
    endloop
  endfacet
  facet normal  1.000000e+000  -0.000000e+000  0.000000e+000
    outer loop
      vertex -4.786426e+001 -9.505759e+000  5.101443e+001
      vertex -4.786426e+001 -9.906679e+000  4.717786e+001
      vertex -4.786426e+001 -9.906679e+000  4.477626e+001
    endloop
  endfacet
  facet normal  1.000000e+000  -0.000000e+000  0.000000e+000
    outer loop
      vertex -4.786426e+001 -9.505759e+000  5.101443e+001
      vertex -4.786426e+001 -9.906679e+000  4.477626e+001
      vertex -4.786426e+001 -9.505759e+000  4.101443e+001
    endloop
  endfacet
  facet normal  1.000000e+000  0.000000e+000  0.000000e+000
    outer loop
      vertex -4.786426e+001 -9.505759e+000  4.101443e+001
      vertex -4.786426e+001 -9.906679e+000  4.477626e+001
      vertex -4.786426e+001 -9.943924e+000  4.424816e+001
    endloop
  endfacet
  facet normal  1.000000e+000  0.000000e+000  0.000000e+000
    outer loop
      vertex -4.786426e+001 -9.505759e+000  4.101443e+001
      vertex -4.786426e+001 -9.943924e+000  4.424816e+001
      vertex -4.786426e+001 -1.005492e+001  4.373051e+001
    endloop
  endfacet
  facet normal  1.000000e+000  0.000000e+000  0.000000e+000
    outer loop
      vertex -4.786426e+001 -9.505759e+000  4.101443e+001
      vertex -4.786426e+001 -1.005492e+001  4.373051e+001
      vertex -4.786426e+001 -1.023747e+001  4.323356e+001
    endloop
  endfacet
  facet normal  9.999999e-001  0.000000e+000  0.000000e+000
    outer loop
      vertex -4.786426e+001 -9.505759e+000  4.101443e+001
      vertex -4.786426e+001 -1.023747e+001  4.323356e+001
      vertex -4.786426e+001 -1.048796e+001  4.276715e+001
    endloop
  endfacet
  facet normal  1.000000e+000  0.000000e+000  0.000000e+000
    outer loop
      vertex -4.786426e+001 -9.505759e+000  4.101443e+001
      vertex -4.786426e+001 -1.048796e+001  4.276715e+001
      vertex -4.786426e+001 -1.080143e+001  4.234052e+001
    endloop
  endfacet
  facet normal  1.000000e+000  0.000000e+000  0.000000e+000
    outer loop
      vertex -4.786426e+001 -9.505759e+000  4.101443e+001
      vertex -4.786426e+001 -1.080143e+001  4.234052e+001
      vertex -4.786426e+001 -1.117168e+001  4.196211e+001
    endloop
  endfacet
  facet normal  1.000000e+000  0.000000e+000  0.000000e+000
    outer loop
      vertex -4.786426e+001 -9.505759e+000  4.101443e+001
      vertex -4.786426e+001 -1.117168e+001  4.196211e+001
      vertex -4.786426e+001 -1.159137e+001  4.163940e+001
    endloop
  endfacet
  facet normal  1.000000e+000  0.000000e+000  0.000000e+000
    outer loop
      vertex -4.786426e+001 -9.505759e+000  4.101443e+001
      vertex -4.786426e+001 -1.159137e+001  4.163940e+001
      vertex -4.786426e+001 -1.205220e+001  4.137880e+001
    endloop
  endfacet
  facet normal  1.000000e+000  0.000000e+000  0.000000e+000
    outer loop
      vertex -4.786426e+001 -9.505759e+000  4.101443e+001
      vertex -4.786426e+001 -1.205220e+001  4.137880e+001
      vertex -4.786426e+001 -1.254505e+001  4.118545e+001
    endloop
  endfacet
  facet normal  9.999999e-001  0.000000e+000  0.000000e+000
    outer loop
      vertex -4.786426e+001 -9.505759e+000  4.101443e+001
      vertex -4.786426e+001 -1.254505e+001  4.118545e+001
      vertex -4.786426e+001 -1.306015e+001  4.106319e+001
    endloop
  endfacet
  facet normal  1.000000e+000  0.000000e+000  0.000000e+000
    outer loop
      vertex -4.786426e+001 -9.505759e+000  4.101443e+001
      vertex -4.786426e+001 -1.306015e+001  4.106319e+001
      vertex -4.786426e+001 -1.358731e+001  4.101443e+001
    endloop
  endfacet
  facet normal  0.000000e+000  7.134008e-002 -9.974520e-001
    outer loop
      vertex -4.986426e+001 -1.366940e+001  5.094059e+001
      vertex -4.786426e+001 -1.420489e+001  5.090229e+001
      vertex -4.986426e+001 -1.420489e+001  5.090229e+001
    endloop
  endfacet
  facet normal  0.000000e+000  2.125635e-001 -9.771473e-001
    outer loop
      vertex -4.986426e+001 -1.420489e+001  5.090229e+001
      vertex -4.786426e+001 -1.420489e+001  5.090229e+001
      vertex -4.786426e+001 -1.472948e+001  5.078817e+001
    endloop
  endfacet
  facet normal  0.000000e+000  2.125635e-001 -9.771473e-001
    outer loop
      vertex -4.986426e+001 -1.420489e+001  5.090229e+001
      vertex -4.786426e+001 -1.472948e+001  5.078817e+001
      vertex -4.986426e+001 -1.472948e+001  5.078817e+001
    endloop
  endfacet
  facet normal  0.000000e+000  3.494666e-001 -9.369488e-001
    outer loop
      vertex -4.986426e+001 -1.472948e+001  5.078817e+001
      vertex -4.786426e+001 -1.472948e+001  5.078817e+001
      vertex -4.786426e+001 -1.523249e+001  5.060056e+001
    endloop
  endfacet
  facet normal  0.000000e+000  3.494666e-001 -9.369488e-001
    outer loop
      vertex -4.986426e+001 -1.472948e+001  5.078817e+001
      vertex -4.786426e+001 -1.523249e+001  5.060056e+001
      vertex -4.986426e+001 -1.523249e+001  5.060056e+001
    endloop
  endfacet
  facet normal  0.000000e+000  4.792504e-001 -8.776783e-001
    outer loop
      vertex -4.986426e+001 -1.523249e+001  5.060056e+001
      vertex -4.786426e+001 -1.523249e+001  5.060056e+001
      vertex -4.786426e+001 -1.570368e+001  5.034327e+001
    endloop
  endfacet
  facet normal  0.000000e+000  4.792504e-001 -8.776783e-001
    outer loop
      vertex -4.986426e+001 -1.523249e+001  5.060056e+001
      vertex -4.786426e+001 -1.570368e+001  5.034327e+001
      vertex -4.986426e+001 -1.570368e+001  5.034327e+001
    endloop
  endfacet
  facet normal  0.000000e+000  5.992776e-001 -8.005413e-001
    outer loop
      vertex -4.986426e+001 -1.570368e+001  5.034327e+001
      vertex -4.786426e+001 -1.570368e+001  5.034327e+001
      vertex -4.786426e+001 -1.613346e+001  5.002154e+001
    endloop
  endfacet
  facet normal  0.000000e+000  5.992776e-001 -8.005413e-001
    outer loop
      vertex -4.986426e+001 -1.570368e+001  5.034327e+001
      vertex -4.786426e+001 -1.613346e+001  5.002154e+001
      vertex -4.986426e+001 -1.613346e+001  5.002154e+001
    endloop
  endfacet
  facet normal  0.000000e+000  7.071068e-001 -7.071068e-001
    outer loop
      vertex -4.986426e+001 -1.613346e+001  5.002154e+001
      vertex -4.786426e+001 -1.613346e+001  5.002154e+001
      vertex -4.786426e+001 -1.651307e+001  4.964192e+001
    endloop
  endfacet
  facet normal  0.000000e+000  7.071068e-001 -7.071068e-001
    outer loop
      vertex -4.986426e+001 -1.613346e+001  5.002154e+001
      vertex -4.786426e+001 -1.651307e+001  4.964192e+001
      vertex -4.986426e+001 -1.651307e+001  4.964192e+001
    endloop
  endfacet
  facet normal  0.000000e+000  8.005419e-001 -5.992767e-001
    outer loop
      vertex -4.986426e+001 -1.651307e+001  4.964192e+001
      vertex -4.786426e+001 -1.651307e+001  4.964192e+001
      vertex -4.786426e+001 -1.683480e+001  4.921214e+001
    endloop
  endfacet
  facet normal  0.000000e+000  8.005419e-001 -5.992767e-001
    outer loop
      vertex -4.986426e+001 -1.651307e+001  4.964192e+001
      vertex -4.786426e+001 -1.683480e+001  4.921214e+001
      vertex -4.986426e+001 -1.683480e+001  4.921214e+001
    endloop
  endfacet
  facet normal  0.000000e+000  8.776774e-001 -4.792518e-001
    outer loop
      vertex -4.986426e+001 -1.683480e+001  4.921214e+001
      vertex -4.786426e+001 -1.683480e+001  4.921214e+001
      vertex -4.786426e+001 -1.709209e+001  4.874096e+001
    endloop
  endfacet
  facet normal  0.000000e+000  8.776774e-001 -4.792518e-001
    outer loop
      vertex -4.986426e+001 -1.683480e+001  4.921214e+001
      vertex -4.786426e+001 -1.709209e+001  4.874096e+001
      vertex -4.986426e+001 -1.709209e+001  4.874096e+001
    endloop
  endfacet
  facet normal  0.000000e+000  9.369500e-001 -3.494635e-001
    outer loop
      vertex -4.986426e+001 -1.709209e+001  4.874096e+001
      vertex -4.786426e+001 -1.709209e+001  4.874096e+001
      vertex -4.786426e+001 -1.727971e+001  4.823795e+001
    endloop
  endfacet
  facet normal  0.000000e+000  9.369500e-001 -3.494635e-001
    outer loop
      vertex -4.986426e+001 -1.709209e+001  4.874096e+001
      vertex -4.786426e+001 -1.727971e+001  4.823795e+001
      vertex -4.986426e+001 -1.727971e+001  4.823795e+001
    endloop
  endfacet
  facet normal  0.000000e+000  9.771472e-001 -2.125639e-001
    outer loop
      vertex -4.986426e+001 -1.727971e+001  4.823795e+001
      vertex -4.786426e+001 -1.727971e+001  4.823795e+001
      vertex -4.786426e+001 -1.739382e+001  4.771336e+001
    endloop
  endfacet
  facet normal  0.000000e+000  9.771472e-001 -2.125639e-001
    outer loop
      vertex -4.986426e+001 -1.727971e+001  4.823795e+001
      vertex -4.786426e+001 -1.739382e+001  4.771336e+001
      vertex -4.986426e+001 -1.739382e+001  4.771336e+001
    endloop
  endfacet
  facet normal  0.000000e+000  9.974520e-001 -7.133996e-002
    outer loop
      vertex -4.986426e+001 -1.739382e+001  4.771336e+001
      vertex -4.786426e+001 -1.739382e+001  4.771336e+001
      vertex -4.786426e+001 -1.743212e+001  4.717786e+001
    endloop
  endfacet
  facet normal  0.000000e+000  9.974520e-001 -7.133996e-002
    outer loop
      vertex -4.986426e+001 -1.739382e+001  4.771336e+001
      vertex -4.786426e+001 -1.743212e+001  4.717786e+001
      vertex -4.986426e+001 -1.743212e+001  4.717786e+001
    endloop
  endfacet
  facet normal  0.000000e+000  7.134008e-002 -9.974520e-001
    outer loop
      vertex -4.786426e+001 -1.420489e+001  5.090229e+001
      vertex -4.986426e+001 -1.366940e+001  5.094059e+001
      vertex -4.786426e+001 -1.366940e+001  5.094059e+001
    endloop
  endfacet
  facet normal  -0.000000e+000 -7.134008e-002 -9.974520e-001
    outer loop
      vertex -4.786426e+001 -1.366940e+001  5.094059e+001
      vertex -4.986426e+001 -1.366940e+001  5.094059e+001
      vertex -4.986426e+001 -1.313391e+001  5.090229e+001
    endloop
  endfacet
  facet normal  0.000000e+000 -7.134008e-002 -9.974520e-001
    outer loop
      vertex -4.786426e+001 -1.366940e+001  5.094059e+001
      vertex -4.986426e+001 -1.313391e+001  5.090229e+001
      vertex -4.786426e+001 -1.313391e+001  5.090229e+001
    endloop
  endfacet
  facet normal  -0.000000e+000 -2.125635e-001 -9.771473e-001
    outer loop
      vertex -4.786426e+001 -1.313391e+001  5.090229e+001
      vertex -4.986426e+001 -1.313391e+001  5.090229e+001
      vertex -4.986426e+001 -1.260932e+001  5.078817e+001
    endloop
  endfacet
  facet normal  0.000000e+000 -2.125635e-001 -9.771473e-001
    outer loop
      vertex -4.786426e+001 -1.313391e+001  5.090229e+001
      vertex -4.986426e+001 -1.260932e+001  5.078817e+001
      vertex -4.786426e+001 -1.260932e+001  5.078817e+001
    endloop
  endfacet
  facet normal  -0.000000e+000 -3.494666e-001 -9.369488e-001
    outer loop
      vertex -4.786426e+001 -1.260932e+001  5.078817e+001
      vertex -4.986426e+001 -1.260932e+001  5.078817e+001
      vertex -4.986426e+001 -1.210631e+001  5.060056e+001
    endloop
  endfacet
  facet normal  0.000000e+000 -3.494666e-001 -9.369488e-001
    outer loop
      vertex -4.786426e+001 -1.260932e+001  5.078817e+001
      vertex -4.986426e+001 -1.210631e+001  5.060056e+001
      vertex -4.786426e+001 -1.210631e+001  5.060056e+001
    endloop
  endfacet
  facet normal  -0.000000e+000 -4.792504e-001 -8.776783e-001
    outer loop
      vertex -4.786426e+001 -1.210631e+001  5.060056e+001
      vertex -4.986426e+001 -1.210631e+001  5.060056e+001
      vertex -4.986426e+001 -1.163512e+001  5.034327e+001
    endloop
  endfacet
  facet normal  0.000000e+000 -4.792504e-001 -8.776783e-001
    outer loop
      vertex -4.786426e+001 -1.210631e+001  5.060056e+001
      vertex -4.986426e+001 -1.163512e+001  5.034327e+001
      vertex -4.786426e+001 -1.163512e+001  5.034327e+001
    endloop
  endfacet
  facet normal  -0.000000e+000 -5.992784e-001 -8.005407e-001
    outer loop
      vertex -4.786426e+001 -1.163512e+001  5.034327e+001
      vertex -4.986426e+001 -1.163512e+001  5.034327e+001
      vertex -4.986426e+001 -1.120534e+001  5.002154e+001
    endloop
  endfacet
  facet normal  0.000000e+000 -5.992784e-001 -8.005407e-001
    outer loop
      vertex -4.786426e+001 -1.163512e+001  5.034327e+001
      vertex -4.986426e+001 -1.120534e+001  5.002154e+001
      vertex -4.786426e+001 -1.120534e+001  5.002154e+001
    endloop
  endfacet
  facet normal  -0.000000e+000 -7.071059e-001 -7.071077e-001
    outer loop
      vertex -4.786426e+001 -1.120534e+001  5.002154e+001
      vertex -4.986426e+001 -1.120534e+001  5.002154e+001
      vertex -4.986426e+001 -1.082573e+001  4.964192e+001
    endloop
  endfacet
  facet normal  0.000000e+000 -7.071059e-001 -7.071077e-001
    outer loop
      vertex -4.786426e+001 -1.120534e+001  5.002154e+001
      vertex -4.986426e+001 -1.082573e+001  4.964192e+001
      vertex -4.786426e+001 -1.082573e+001  4.964192e+001
    endloop
  endfacet
  facet normal  -0.000000e+000 -8.005419e-001 -5.992767e-001
    outer loop
      vertex -4.786426e+001 -1.082573e+001  4.964192e+001
      vertex -4.986426e+001 -1.082573e+001  4.964192e+001
      vertex -4.986426e+001 -1.050400e+001  4.921214e+001
    endloop
  endfacet
  facet normal  0.000000e+000 -8.005419e-001 -5.992767e-001
    outer loop
      vertex -4.786426e+001 -1.082573e+001  4.964192e+001
      vertex -4.986426e+001 -1.050400e+001  4.921214e+001
      vertex -4.786426e+001 -1.050400e+001  4.921214e+001
    endloop
  endfacet
  facet normal  -0.000000e+000 -8.776782e-001 -4.792505e-001
    outer loop
      vertex -4.786426e+001 -1.050400e+001  4.921214e+001
      vertex -4.986426e+001 -1.050400e+001  4.921214e+001
      vertex -4.986426e+001 -1.024671e+001  4.874096e+001
    endloop
  endfacet
  facet normal  0.000000e+000 -8.776782e-001 -4.792505e-001
    outer loop
      vertex -4.786426e+001 -1.050400e+001  4.921214e+001
      vertex -4.986426e+001 -1.024671e+001  4.874096e+001
      vertex -4.786426e+001 -1.024671e+001  4.874096e+001
    endloop
  endfacet
  facet normal  -0.000000e+000 -9.369494e-001 -3.494650e-001
    outer loop
      vertex -4.786426e+001 -1.024671e+001  4.874096e+001
      vertex -4.986426e+001 -1.024671e+001  4.874096e+001
      vertex -4.986426e+001 -1.005910e+001  4.823795e+001
    endloop
  endfacet
  facet normal  0.000000e+000 -9.369494e-001 -3.494650e-001
    outer loop
      vertex -4.786426e+001 -1.024671e+001  4.874096e+001
      vertex -4.986426e+001 -1.005910e+001  4.823795e+001
      vertex -4.786426e+001 -1.005910e+001  4.823795e+001
    endloop
  endfacet
  facet normal  -0.000000e+000 -9.771472e-001 -2.125639e-001
    outer loop
      vertex -4.786426e+001 -1.005910e+001  4.823795e+001
      vertex -4.986426e+001 -1.005910e+001  4.823795e+001
      vertex -4.986426e+001 -9.944979e+000  4.771336e+001
    endloop
  endfacet
  facet normal  0.000000e+000 -9.771472e-001 -2.125639e-001
    outer loop
      vertex -4.786426e+001 -1.005910e+001  4.823795e+001
      vertex -4.986426e+001 -9.944979e+000  4.771336e+001
      vertex -4.786426e+001 -9.944979e+000  4.771336e+001
    endloop
  endfacet
  facet normal  -0.000000e+000 -9.974520e-001 -7.133996e-002
    outer loop
      vertex -4.786426e+001 -9.944979e+000  4.771336e+001
      vertex -4.986426e+001 -9.944979e+000  4.771336e+001
      vertex -4.986426e+001 -9.906679e+000  4.717786e+001
    endloop
  endfacet
  facet normal  0.000000e+000 -9.974520e-001 -7.133996e-002
    outer loop
      vertex -4.786426e+001 -9.944979e+000  4.771336e+001
      vertex -4.986426e+001 -9.906679e+000  4.717786e+001
      vertex -4.786426e+001 -9.906679e+000  4.717786e+001
    endloop
  endfacet
  facet normal  0.000000e+000  1.000000e+000  0.000000e+000
    outer loop
      vertex -4.786426e+001 -1.743212e+001  4.477626e+001
      vertex -4.986426e+001 -1.743212e+001  4.477626e+001
      vertex -4.786426e+001 -1.743212e+001  4.717786e+001
    endloop
  endfacet
  facet normal  0.000000e+000  1.000000e+000  0.000000e+000
    outer loop
      vertex -4.786426e+001 -1.743212e+001  4.717786e+001
      vertex -4.986426e+001 -1.743212e+001  4.477626e+001
      vertex -4.986426e+001 -1.743212e+001  4.717786e+001
    endloop
  endfacet
  facet normal  0.000000e+000 -1.000000e+000  0.000000e+000
    outer loop
      vertex -4.786426e+001 -9.906679e+000  4.717786e+001
      vertex -4.986426e+001 -9.906679e+000  4.717786e+001
      vertex -4.786426e+001 -9.906679e+000  4.477626e+001
    endloop
  endfacet
  facet normal  0.000000e+000 -1.000000e+000  0.000000e+000
    outer loop
      vertex -4.786426e+001 -9.906679e+000  4.477626e+001
      vertex -4.986426e+001 -9.906679e+000  4.717786e+001
      vertex -4.986426e+001 -9.906679e+000  4.477626e+001
    endloop
  endfacet
  facet normal -1.000000e+000  0.000000e+000  0.000000e+000
    outer loop
      vertex -5.186987e+001 -5.605759e+000  5.053140e+001
      vertex -5.186987e+001 -7.805759e+000  5.053140e+001
      vertex -5.186987e+001 -5.605759e+000  5.201443e+001
    endloop
  endfacet
  facet normal -1.000000e+000  -0.000000e+000  0.000000e+000
    outer loop
      vertex -5.186987e+001 -5.605759e+000  5.201443e+001
      vertex -5.186987e+001 -7.805759e+000  5.053140e+001
      vertex -5.186987e+001 -7.805759e+000  5.201443e+001
    endloop
  endfacet
  facet normal -9.984945e-001  0.000000e+000  5.485046e-002
    outer loop
      vertex -5.004395e+001 -7.805759e+000  4.601443e+001
      vertex -5.008306e+001 -5.605759e+000  4.530244e+001
      vertex -5.008306e+001 -7.805759e+000  4.530244e+001
    endloop
  endfacet
  facet normal -9.864783e-001  0.000000e+000  1.638923e-001
    outer loop
      vertex -5.008306e+001 -7.805759e+000  4.530244e+001
      vertex -5.008306e+001 -5.605759e+000  4.530244e+001
      vertex -5.019993e+001 -5.605759e+000  4.459901e+001
    endloop
  endfacet
  facet normal -9.864783e-001  0.000000e+000  1.638923e-001
    outer loop
      vertex -5.008306e+001 -7.805759e+000  4.530244e+001
      vertex -5.019993e+001 -5.605759e+000  4.459901e+001
      vertex -5.019993e+001 -7.805759e+000  4.459901e+001
    endloop
  endfacet
  facet normal -9.625884e-001  0.000000e+000  2.709679e-001
    outer loop
      vertex -5.019993e+001 -7.805759e+000  4.459901e+001
      vertex -5.019993e+001 -5.605759e+000  4.459901e+001
      vertex -5.039315e+001 -5.605759e+000  4.391262e+001
    endloop
  endfacet
  facet normal -9.625884e-001  0.000000e+000  2.709679e-001
    outer loop
      vertex -5.019993e+001 -7.805759e+000  4.459901e+001
      vertex -5.039315e+001 -5.605759e+000  4.391262e+001
      vertex -5.039315e+001 -7.805759e+000  4.391262e+001
    endloop
  endfacet
  facet normal -9.271169e-001  0.000000e+000  3.747724e-001
    outer loop
      vertex -5.039315e+001 -7.805759e+000  4.391262e+001
      vertex -5.039315e+001 -5.605759e+000  4.391262e+001
      vertex -5.066039e+001 -5.605759e+000  4.325152e+001
    endloop
  endfacet
  facet normal -9.271169e-001  0.000000e+000  3.747724e-001
    outer loop
      vertex -5.039315e+001 -7.805759e+000  4.391262e+001
      vertex -5.066039e+001 -5.605759e+000  4.325152e+001
      vertex -5.066039e+001 -7.805759e+000  4.325152e+001
    endloop
  endfacet
  facet normal -8.804862e-001  0.000000e+000  4.740718e-001
    outer loop
      vertex -5.066039e+001 -7.805759e+000  4.325152e+001
      vertex -5.066039e+001 -5.605759e+000  4.325152e+001
      vertex -5.099843e+001 -5.605759e+000  4.262367e+001
    endloop
  endfacet
  facet normal -8.804862e-001  0.000000e+000  4.740718e-001
    outer loop
      vertex -5.066039e+001 -7.805759e+000  4.325152e+001
      vertex -5.099843e+001 -5.605759e+000  4.262367e+001
      vertex -5.099843e+001 -7.805759e+000  4.262367e+001
    endloop
  endfacet
  facet normal -8.232562e-001  0.000000e+000  5.676700e-001
    outer loop
      vertex -5.099843e+001 -7.805759e+000  4.262367e+001
      vertex -5.099843e+001 -5.605759e+000  4.262367e+001
      vertex -5.140322e+001 -5.605759e+000  4.203663e+001
    endloop
  endfacet
  facet normal -8.232562e-001  0.000000e+000  5.676700e-001
    outer loop
      vertex -5.099843e+001 -7.805759e+000  4.262367e+001
      vertex -5.140322e+001 -5.605759e+000  4.203663e+001
      vertex -5.140322e+001 -7.805759e+000  4.203663e+001
    endloop
  endfacet
  facet normal -7.561226e-001  0.000000e+000  6.544300e-001
    outer loop
      vertex -5.140322e+001 -7.805759e+000  4.203663e+001
      vertex -5.140322e+001 -5.605759e+000  4.203663e+001
      vertex -5.186987e+001 -5.605759e+000  4.149747e+001
    endloop
  endfacet
  facet normal -7.561226e-001  0.000000e+000  6.544300e-001
    outer loop
      vertex -5.140322e+001 -7.805759e+000  4.203663e+001
      vertex -5.186987e+001 -5.605759e+000  4.149747e+001
      vertex -5.186987e+001 -7.805759e+000  4.149747e+001
    endloop
  endfacet
  facet normal -9.984945e-001  0.000000e+000  5.485046e-002
    outer loop
      vertex -5.008306e+001 -5.605759e+000  4.530244e+001
      vertex -5.004395e+001 -7.805759e+000  4.601443e+001
      vertex -5.004395e+001 -5.605759e+000  4.601443e+001
    endloop
  endfacet
  facet normal -9.984945e-001  -0.000000e+000 -5.485046e-002
    outer loop
      vertex -5.004395e+001 -5.605759e+000  4.601443e+001
      vertex -5.004395e+001 -7.805759e+000  4.601443e+001
      vertex -5.008306e+001 -7.805759e+000  4.672643e+001
    endloop
  endfacet
  facet normal -9.984945e-001  0.000000e+000 -5.485046e-002
    outer loop
      vertex -5.004395e+001 -5.605759e+000  4.601443e+001
      vertex -5.008306e+001 -7.805759e+000  4.672643e+001
      vertex -5.008306e+001 -5.605759e+000  4.672643e+001
    endloop
  endfacet
  facet normal -9.864783e-001  -0.000000e+000 -1.638923e-001
    outer loop
      vertex -5.008306e+001 -5.605759e+000  4.672643e+001
      vertex -5.008306e+001 -7.805759e+000  4.672643e+001
      vertex -5.019993e+001 -7.805759e+000  4.742986e+001
    endloop
  endfacet
  facet normal -9.864783e-001  0.000000e+000 -1.638923e-001
    outer loop
      vertex -5.008306e+001 -5.605759e+000  4.672643e+001
      vertex -5.019993e+001 -7.805759e+000  4.742986e+001
      vertex -5.019993e+001 -5.605759e+000  4.742986e+001
    endloop
  endfacet
  facet normal -9.625884e-001  -0.000000e+000 -2.709679e-001
    outer loop
      vertex -5.019993e+001 -5.605759e+000  4.742986e+001
      vertex -5.019993e+001 -7.805759e+000  4.742986e+001
      vertex -5.039315e+001 -7.805759e+000  4.811625e+001
    endloop
  endfacet
  facet normal -9.625884e-001  0.000000e+000 -2.709679e-001
    outer loop
      vertex -5.019993e+001 -5.605759e+000  4.742986e+001
      vertex -5.039315e+001 -7.805759e+000  4.811625e+001
      vertex -5.039315e+001 -5.605759e+000  4.811625e+001
    endloop
  endfacet
  facet normal -9.271169e-001  -0.000000e+000 -3.747724e-001
    outer loop
      vertex -5.039315e+001 -5.605759e+000  4.811625e+001
      vertex -5.039315e+001 -7.805759e+000  4.811625e+001
      vertex -5.066039e+001 -7.805759e+000  4.877735e+001
    endloop
  endfacet
  facet normal -9.271169e-001  0.000000e+000 -3.747724e-001
    outer loop
      vertex -5.039315e+001 -5.605759e+000  4.811625e+001
      vertex -5.066039e+001 -7.805759e+000  4.877735e+001
      vertex -5.066039e+001 -5.605759e+000  4.877735e+001
    endloop
  endfacet
  facet normal -8.804862e-001  -0.000000e+000 -4.740718e-001
    outer loop
      vertex -5.066039e+001 -5.605759e+000  4.877735e+001
      vertex -5.066039e+001 -7.805759e+000  4.877735e+001
      vertex -5.099843e+001 -7.805759e+000  4.940520e+001
    endloop
  endfacet
  facet normal -8.804862e-001  0.000000e+000 -4.740718e-001
    outer loop
      vertex -5.066039e+001 -5.605759e+000  4.877735e+001
      vertex -5.099843e+001 -7.805759e+000  4.940520e+001
      vertex -5.099843e+001 -5.605759e+000  4.940520e+001
    endloop
  endfacet
  facet normal -8.232562e-001  -0.000000e+000 -5.676700e-001
    outer loop
      vertex -5.099843e+001 -5.605759e+000  4.940520e+001
      vertex -5.099843e+001 -7.805759e+000  4.940520e+001
      vertex -5.140322e+001 -7.805759e+000  4.999224e+001
    endloop
  endfacet
  facet normal -8.232562e-001  0.000000e+000 -5.676700e-001
    outer loop
      vertex -5.099843e+001 -5.605759e+000  4.940520e+001
      vertex -5.140322e+001 -7.805759e+000  4.999224e+001
      vertex -5.140322e+001 -5.605759e+000  4.999224e+001
    endloop
  endfacet
  facet normal -7.561226e-001  -0.000000e+000 -6.544300e-001
    outer loop
      vertex -5.140322e+001 -5.605759e+000  4.999224e+001
      vertex -5.140322e+001 -7.805759e+000  4.999224e+001
      vertex -5.186987e+001 -7.805759e+000  5.053140e+001
    endloop
  endfacet
  facet normal -7.561226e-001  0.000000e+000 -6.544300e-001
    outer loop
      vertex -5.140322e+001 -5.605759e+000  4.999224e+001
      vertex -5.186987e+001 -7.805759e+000  5.053140e+001
      vertex -5.186987e+001 -5.605759e+000  5.053140e+001
    endloop
  endfacet
  facet normal  8.887197e-001  4.488340e-001 -9.340968e-002
    outer loop
      vertex -5.479395e+001 -5.805759e+000  4.601443e+001
      vertex -5.383146e+001 -7.805759e+000  4.556180e+001
      vertex -5.483219e+001 -5.805759e+000  4.565059e+001
    endloop
  endfacet
  facet normal  8.919808e-001  4.459904e-001 -7.391077e-002
    outer loop
      vertex -5.479395e+001 -5.805759e+000  4.601443e+001
      vertex -5.379395e+001 -7.805759e+000  4.601443e+001
      vertex -5.383146e+001 -7.805759e+000  4.556180e+001
    endloop
  endfacet
  facet normal -8.919808e-001  4.459904e-001 -7.391077e-002
    outer loop
      vertex -5.829395e+001 -5.805759e+000  4.601443e+001
      vertex -5.925644e+001 -7.805759e+000  4.556180e+001
      vertex -5.929395e+001 -7.805759e+000  4.601443e+001
    endloop
  endfacet
  facet normal -8.887197e-001  4.488340e-001 -9.340968e-002
    outer loop
      vertex -5.829395e+001 -5.805759e+000  4.601443e+001
      vertex -5.825571e+001 -5.805759e+000  4.565059e+001
      vertex -5.925644e+001 -7.805759e+000  4.556180e+001
    endloop
  endfacet
  facet normal -8.684585e-001  4.443125e-001 -2.199231e-001
    outer loop
      vertex -5.825571e+001 -5.805759e+000  4.565059e+001
      vertex -5.914495e+001 -7.805759e+000  4.512151e+001
      vertex -5.925644e+001 -7.805759e+000  4.556180e+001
    endloop
  endfacet
  facet normal -8.206232e-001  4.438534e-001 -3.599606e-001
    outer loop
      vertex -5.814265e+001 -5.805759e+000  4.530265e+001
      vertex -5.896250e+001 -7.805759e+000  4.470558e+001
      vertex -5.914495e+001 -7.805759e+000  4.512151e+001
    endloop
  endfacet
  facet normal -8.490814e-001  4.505002e-001 -2.758809e-001
    outer loop
      vertex -5.814265e+001 -5.805759e+000  4.530265e+001
      vertex -5.914495e+001 -7.805759e+000  4.512151e+001
      vertex -5.825571e+001 -5.805759e+000  4.565059e+001
    endloop
  endfacet
  facet normal -7.498648e-001  4.446172e-001 -4.899166e-001
    outer loop
      vertex -5.795973e+001 -5.805759e+000  4.498581e+001
      vertex -5.871408e+001 -7.805759e+000  4.432535e+001
      vertex -5.896250e+001 -7.805759e+000  4.470558e+001
    endloop
  endfacet
  facet normal -7.732709e-001  4.502621e-001 -4.464484e-001
    outer loop
      vertex -5.795973e+001 -5.805759e+000  4.498581e+001
      vertex -5.896250e+001 -7.805759e+000  4.470558e+001
      vertex -5.814265e+001 -5.805759e+000  4.530265e+001
    endloop
  endfacet
  facet normal -5.499082e-001  4.454572e-001 -7.065188e-001
    outer loop
      vertex -5.771493e+001 -5.805759e+000  4.471393e+001
      vertex -5.804806e+001 -7.805759e+000  4.371223e+001
      vertex -5.840648e+001 -7.805759e+000  4.399120e+001
    endloop
  endfacet
  facet normal -6.650164e-001  4.463274e-001 -5.987862e-001
    outer loop
      vertex -5.771493e+001 -5.805759e+000  4.471393e+001
      vertex -5.840648e+001 -7.805759e+000  4.399120e+001
      vertex -5.795973e+001 -5.805759e+000  4.498581e+001
    endloop
  endfacet
  facet normal -6.577495e-001  4.480409e-001 -6.054956e-001
    outer loop
      vertex -5.795973e+001 -5.805759e+000  4.498581e+001
      vertex -5.840648e+001 -7.805759e+000  4.399120e+001
      vertex -5.871408e+001 -7.805759e+000  4.432535e+001
    endloop
  endfacet
  facet normal -4.264404e-001  4.440826e-001 -7.879969e-001
    outer loop
      vertex -5.741895e+001 -5.805759e+000  4.449889e+001
      vertex -5.764861e+001 -7.805759e+000  4.349606e+001
      vertex -5.804806e+001 -7.805759e+000  4.371223e+001
    endloop
  endfacet
  facet normal -5.250797e-001  4.494293e-001 -7.227065e-001
    outer loop
      vertex -5.741895e+001 -5.805759e+000  4.449889e+001
      vertex -5.804806e+001 -7.805759e+000  4.371223e+001
      vertex -5.771493e+001 -5.805759e+000  4.471393e+001
    endloop
  endfacet
  facet normal -2.909546e-001  4.439301e-001 -8.475089e-001
    outer loop
      vertex -5.708473e+001 -5.805759e+000  4.435009e+001
      vertex -5.721904e+001 -7.805759e+000  4.334858e+001
      vertex -5.764861e+001 -7.805759e+000  4.349606e+001
    endloop
  endfacet
  facet normal -3.630985e-001  4.506185e-001 -8.155381e-001
    outer loop
      vertex -5.708473e+001 -5.805759e+000  4.435009e+001
      vertex -5.764861e+001 -7.805759e+000  4.349606e+001
      vertex -5.741895e+001 -5.805759e+000  4.449889e+001
    endloop
  endfacet
  facet normal -1.473988e-001  4.449995e-001 -8.833171e-001
    outer loop
      vertex -5.672688e+001 -5.805759e+000  4.427402e+001
      vertex -5.677104e+001 -7.805759e+000  4.327383e+001
      vertex -5.721904e+001 -7.805759e+000  4.334858e+001
    endloop
  endfacet
  facet normal -1.856835e-001  4.499057e-001 -8.735597e-001
    outer loop
      vertex -5.672688e+001 -5.805759e+000  4.427402e+001
      vertex -5.721904e+001 -7.805759e+000  4.334858e+001
      vertex -5.708473e+001 -5.805759e+000  4.435009e+001
    endloop
  endfacet
  facet normal  1.473988e-001  4.449995e-001 -8.833171e-001
    outer loop
      vertex -5.636102e+001 -5.805759e+000  4.427402e+001
      vertex -5.586886e+001 -7.805759e+000  4.334858e+001
      vertex -5.631686e+001 -7.805759e+000  4.327383e+001
    endloop
  endfacet
  facet normal  0.000000e+000  4.472832e-001 -8.943924e-001
    outer loop
      vertex -5.636102e+001 -5.805759e+000  4.427402e+001
      vertex -5.631686e+001 -7.805759e+000  4.327383e+001
      vertex -5.672688e+001 -5.805759e+000  4.427402e+001
    endloop
  endfacet
  facet normal  0.000000e+000  4.472832e-001 -8.943925e-001
    outer loop
      vertex -5.672688e+001 -5.805759e+000  4.427402e+001
      vertex -5.631686e+001 -7.805759e+000  4.327383e+001
      vertex -5.677104e+001 -7.805759e+000  4.327383e+001
    endloop
  endfacet
  facet normal  2.909546e-001  4.439301e-001 -8.475089e-001
    outer loop
      vertex -5.600317e+001 -5.805759e+000  4.435009e+001
      vertex -5.543929e+001 -7.805759e+000  4.349606e+001
      vertex -5.586886e+001 -7.805759e+000  4.334858e+001
    endloop
  endfacet
  facet normal  1.856835e-001  4.499057e-001 -8.735597e-001
    outer loop
      vertex -5.600317e+001 -5.805759e+000  4.435009e+001
      vertex -5.586886e+001 -7.805759e+000  4.334858e+001
      vertex -5.636102e+001 -5.805759e+000  4.427402e+001
    endloop
  endfacet
  facet normal  4.264404e-001  4.440826e-001 -7.879969e-001
    outer loop
      vertex -5.566895e+001 -5.805759e+000  4.449889e+001
      vertex -5.503984e+001 -7.805759e+000  4.371223e+001
      vertex -5.543929e+001 -7.805759e+000  4.349606e+001
    endloop
  endfacet
  facet normal  3.630985e-001  4.506185e-001 -8.155381e-001
    outer loop
      vertex -5.566895e+001 -5.805759e+000  4.449889e+001
      vertex -5.543929e+001 -7.805759e+000  4.349606e+001
      vertex -5.600317e+001 -5.805759e+000  4.435009e+001
    endloop
  endfacet
  facet normal  5.499082e-001  4.454572e-001 -7.065188e-001
    outer loop
      vertex -5.537297e+001 -5.805759e+000  4.471393e+001
      vertex -5.468142e+001 -7.805759e+000  4.399120e+001
      vertex -5.503984e+001 -7.805759e+000  4.371223e+001
    endloop
  endfacet
  facet normal  5.250797e-001  4.494293e-001 -7.227065e-001
    outer loop
      vertex -5.537297e+001 -5.805759e+000  4.471393e+001
      vertex -5.503984e+001 -7.805759e+000  4.371223e+001
      vertex -5.566895e+001 -5.805759e+000  4.449889e+001
    endloop
  endfacet
  facet normal  7.498648e-001  4.446172e-001 -4.899166e-001
    outer loop
      vertex -5.512817e+001 -5.805759e+000  4.498581e+001
      vertex -5.412540e+001 -7.805759e+000  4.470558e+001
      vertex -5.437381e+001 -7.805759e+000  4.432535e+001
    endloop
  endfacet
  facet normal  6.643512e-001  4.481175e-001 -5.981873e-001
    outer loop
      vertex -5.512817e+001 -5.805759e+000  4.498581e+001
      vertex -5.437381e+001 -7.805759e+000  4.432535e+001
      vertex -5.537297e+001 -5.805759e+000  4.471393e+001
    endloop
  endfacet
  facet normal  6.582800e-001  4.465992e-001 -6.059840e-001
    outer loop
      vertex -5.537297e+001 -5.805759e+000  4.471393e+001
      vertex -5.437381e+001 -7.805759e+000  4.432535e+001
      vertex -5.468142e+001 -7.805759e+000  4.399120e+001
    endloop
  endfacet
  facet normal  8.206232e-001  4.438534e-001 -3.599606e-001
    outer loop
      vertex -5.494524e+001 -5.805759e+000  4.530265e+001
      vertex -5.394295e+001 -7.805759e+000  4.512151e+001
      vertex -5.412540e+001 -7.805759e+000  4.470558e+001
    endloop
  endfacet
  facet normal  7.732709e-001  4.502621e-001 -4.464484e-001
    outer loop
      vertex -5.494524e+001 -5.805759e+000  4.530265e+001
      vertex -5.412540e+001 -7.805759e+000  4.470558e+001
      vertex -5.512817e+001 -5.805759e+000  4.498581e+001
    endloop
  endfacet
  facet normal  8.684585e-001  4.443125e-001 -2.199231e-001
    outer loop
      vertex -5.483219e+001 -5.805759e+000  4.565059e+001
      vertex -5.383146e+001 -7.805759e+000  4.556180e+001
      vertex -5.394295e+001 -7.805759e+000  4.512151e+001
    endloop
  endfacet
  facet normal  8.490814e-001  4.505002e-001 -2.758809e-001
    outer loop
      vertex -5.483219e+001 -5.805759e+000  4.565059e+001
      vertex -5.394295e+001 -7.805759e+000  4.512151e+001
      vertex -5.494524e+001 -5.805759e+000  4.530265e+001
    endloop
  endfacet
  facet normal -8.887197e-001  4.488340e-001  9.340968e-002
    outer loop
      vertex -5.829395e+001 -5.805759e+000  4.601443e+001
      vertex -5.925644e+001 -7.805759e+000  4.646707e+001
      vertex -5.825571e+001 -5.805759e+000  4.637828e+001
    endloop
  endfacet
  facet normal -8.919808e-001  4.459904e-001  7.391077e-002
    outer loop
      vertex -5.829395e+001 -5.805759e+000  4.601443e+001
      vertex -5.929395e+001 -7.805759e+000  4.601443e+001
      vertex -5.925644e+001 -7.805759e+000  4.646707e+001
    endloop
  endfacet
  facet normal  8.919808e-001  4.459904e-001  7.391077e-002
    outer loop
      vertex -5.479395e+001 -5.805759e+000  4.601443e+001
      vertex -5.383146e+001 -7.805759e+000  4.646707e+001
      vertex -5.379395e+001 -7.805759e+000  4.601443e+001
    endloop
  endfacet
  facet normal  8.887197e-001  4.488340e-001  9.340968e-002
    outer loop
      vertex -5.479395e+001 -5.805759e+000  4.601443e+001
      vertex -5.483219e+001 -5.805759e+000  4.637828e+001
      vertex -5.383146e+001 -7.805759e+000  4.646707e+001
    endloop
  endfacet
  facet normal  8.684585e-001  4.443125e-001  2.199231e-001
    outer loop
      vertex -5.483219e+001 -5.805759e+000  4.637828e+001
      vertex -5.394295e+001 -7.805759e+000  4.690736e+001
      vertex -5.383146e+001 -7.805759e+000  4.646707e+001
    endloop
  endfacet
  facet normal  8.206232e-001  4.438534e-001  3.599606e-001
    outer loop
      vertex -5.494524e+001 -5.805759e+000  4.672622e+001
      vertex -5.412540e+001 -7.805759e+000  4.732329e+001
      vertex -5.394295e+001 -7.805759e+000  4.690736e+001
    endloop
  endfacet
  facet normal  8.490814e-001  4.505002e-001  2.758809e-001
    outer loop
      vertex -5.494524e+001 -5.805759e+000  4.672622e+001
      vertex -5.394295e+001 -7.805759e+000  4.690736e+001
      vertex -5.483219e+001 -5.805759e+000  4.637828e+001
    endloop
  endfacet
  facet normal  7.498648e-001  4.446172e-001  4.899166e-001
    outer loop
      vertex -5.512817e+001 -5.805759e+000  4.704306e+001
      vertex -5.437381e+001 -7.805759e+000  4.770352e+001
      vertex -5.412540e+001 -7.805759e+000  4.732329e+001
    endloop
  endfacet
  facet normal  7.732709e-001  4.502621e-001  4.464484e-001
    outer loop
      vertex -5.512817e+001 -5.805759e+000  4.704306e+001
      vertex -5.412540e+001 -7.805759e+000  4.732329e+001
      vertex -5.494524e+001 -5.805759e+000  4.672622e+001
    endloop
  endfacet
  facet normal  5.499082e-001  4.454572e-001  7.065188e-001
    outer loop
      vertex -5.537297e+001 -5.805759e+000  4.731494e+001
      vertex -5.503984e+001 -7.805759e+000  4.831664e+001
      vertex -5.468142e+001 -7.805759e+000  4.803767e+001
    endloop
  endfacet
  facet normal  6.650164e-001  4.463274e-001  5.987862e-001
    outer loop
      vertex -5.537297e+001 -5.805759e+000  4.731494e+001
      vertex -5.468142e+001 -7.805759e+000  4.803767e+001
      vertex -5.512817e+001 -5.805759e+000  4.704306e+001
    endloop
  endfacet
  facet normal  6.577495e-001  4.480409e-001  6.054956e-001
    outer loop
      vertex -5.512817e+001 -5.805759e+000  4.704306e+001
      vertex -5.468142e+001 -7.805759e+000  4.803767e+001
      vertex -5.437381e+001 -7.805759e+000  4.770352e+001
    endloop
  endfacet
  facet normal  4.264404e-001  4.440826e-001  7.879969e-001
    outer loop
      vertex -5.566895e+001 -5.805759e+000  4.752998e+001
      vertex -5.543929e+001 -7.805759e+000  4.853281e+001
      vertex -5.503984e+001 -7.805759e+000  4.831664e+001
    endloop
  endfacet
  facet normal  5.250797e-001  4.494293e-001  7.227065e-001
    outer loop
      vertex -5.566895e+001 -5.805759e+000  4.752998e+001
      vertex -5.503984e+001 -7.805759e+000  4.831664e+001
      vertex -5.537297e+001 -5.805759e+000  4.731494e+001
    endloop
  endfacet
  facet normal  2.909546e-001  4.439301e-001  8.475089e-001
    outer loop
      vertex -5.600317e+001 -5.805759e+000  4.767878e+001
      vertex -5.586886e+001 -7.805759e+000  4.868029e+001
      vertex -5.543929e+001 -7.805759e+000  4.853281e+001
    endloop
  endfacet
  facet normal  3.630985e-001  4.506185e-001  8.155381e-001
    outer loop
      vertex -5.600317e+001 -5.805759e+000  4.767878e+001
      vertex -5.543929e+001 -7.805759e+000  4.853281e+001
      vertex -5.566895e+001 -5.805759e+000  4.752998e+001
    endloop
  endfacet
  facet normal  1.473988e-001  4.449995e-001  8.833171e-001
    outer loop
      vertex -5.636102e+001 -5.805759e+000  4.775485e+001
      vertex -5.631686e+001 -7.805759e+000  4.875504e+001
      vertex -5.586886e+001 -7.805759e+000  4.868029e+001
    endloop
  endfacet
  facet normal  1.856835e-001  4.499057e-001  8.735597e-001
    outer loop
      vertex -5.636102e+001 -5.805759e+000  4.775485e+001
      vertex -5.586886e+001 -7.805759e+000  4.868029e+001
      vertex -5.600317e+001 -5.805759e+000  4.767878e+001
    endloop
  endfacet
  facet normal -1.473988e-001  4.449995e-001  8.833171e-001
    outer loop
      vertex -5.672688e+001 -5.805759e+000  4.775485e+001
      vertex -5.721904e+001 -7.805759e+000  4.868029e+001
      vertex -5.677104e+001 -7.805759e+000  4.875504e+001
    endloop
  endfacet
  facet normal  0.000000e+000  4.472832e-001  8.943924e-001
    outer loop
      vertex -5.672688e+001 -5.805759e+000  4.775485e+001
      vertex -5.677104e+001 -7.805759e+000  4.875504e+001
      vertex -5.636102e+001 -5.805759e+000  4.775485e+001
    endloop
  endfacet
  facet normal  -0.000000e+000  4.472832e-001  8.943925e-001
    outer loop
      vertex -5.636102e+001 -5.805759e+000  4.775485e+001
      vertex -5.677104e+001 -7.805759e+000  4.875504e+001
      vertex -5.631686e+001 -7.805759e+000  4.875504e+001
    endloop
  endfacet
  facet normal -2.909546e-001  4.439301e-001  8.475089e-001
    outer loop
      vertex -5.708473e+001 -5.805759e+000  4.767878e+001
      vertex -5.764861e+001 -7.805759e+000  4.853281e+001
      vertex -5.721904e+001 -7.805759e+000  4.868029e+001
    endloop
  endfacet
  facet normal -1.856835e-001  4.499057e-001  8.735597e-001
    outer loop
      vertex -5.708473e+001 -5.805759e+000  4.767878e+001
      vertex -5.721904e+001 -7.805759e+000  4.868029e+001
      vertex -5.672688e+001 -5.805759e+000  4.775485e+001
    endloop
  endfacet
  facet normal -4.264404e-001  4.440826e-001  7.879969e-001
    outer loop
      vertex -5.741895e+001 -5.805759e+000  4.752998e+001
      vertex -5.804806e+001 -7.805759e+000  4.831664e+001
      vertex -5.764861e+001 -7.805759e+000  4.853281e+001
    endloop
  endfacet
  facet normal -3.630985e-001  4.506185e-001  8.155381e-001
    outer loop
      vertex -5.741895e+001 -5.805759e+000  4.752998e+001
      vertex -5.764861e+001 -7.805759e+000  4.853281e+001
      vertex -5.708473e+001 -5.805759e+000  4.767878e+001
    endloop
  endfacet
  facet normal -5.499082e-001  4.454572e-001  7.065188e-001
    outer loop
      vertex -5.771493e+001 -5.805759e+000  4.731494e+001
      vertex -5.840648e+001 -7.805759e+000  4.803767e+001
      vertex -5.804806e+001 -7.805759e+000  4.831664e+001
    endloop
  endfacet
  facet normal -5.250797e-001  4.494293e-001  7.227065e-001
    outer loop
      vertex -5.771493e+001 -5.805759e+000  4.731494e+001
      vertex -5.804806e+001 -7.805759e+000  4.831664e+001
      vertex -5.741895e+001 -5.805759e+000  4.752998e+001
    endloop
  endfacet
  facet normal -7.498648e-001  4.446172e-001  4.899166e-001
    outer loop
      vertex -5.795973e+001 -5.805759e+000  4.704306e+001
      vertex -5.896250e+001 -7.805759e+000  4.732329e+001
      vertex -5.871408e+001 -7.805759e+000  4.770352e+001
    endloop
  endfacet
  facet normal -6.643512e-001  4.481175e-001  5.981873e-001
    outer loop
      vertex -5.795973e+001 -5.805759e+000  4.704306e+001
      vertex -5.871408e+001 -7.805759e+000  4.770352e+001
      vertex -5.771493e+001 -5.805759e+000  4.731494e+001
    endloop
  endfacet
  facet normal -6.582800e-001  4.465992e-001  6.059840e-001
    outer loop
      vertex -5.771493e+001 -5.805759e+000  4.731494e+001
      vertex -5.871408e+001 -7.805759e+000  4.770352e+001
      vertex -5.840648e+001 -7.805759e+000  4.803767e+001
    endloop
  endfacet
  facet normal -8.206232e-001  4.438534e-001  3.599606e-001
    outer loop
      vertex -5.814265e+001 -5.805759e+000  4.672622e+001
      vertex -5.914495e+001 -7.805759e+000  4.690736e+001
      vertex -5.896250e+001 -7.805759e+000  4.732329e+001
    endloop
  endfacet
  facet normal -7.732709e-001  4.502621e-001  4.464484e-001
    outer loop
      vertex -5.814265e+001 -5.805759e+000  4.672622e+001
      vertex -5.896250e+001 -7.805759e+000  4.732329e+001
      vertex -5.795973e+001 -5.805759e+000  4.704306e+001
    endloop
  endfacet
  facet normal -8.684585e-001  4.443125e-001  2.199231e-001
    outer loop
      vertex -5.825571e+001 -5.805759e+000  4.637828e+001
      vertex -5.925644e+001 -7.805759e+000  4.646707e+001
      vertex -5.914495e+001 -7.805759e+000  4.690736e+001
    endloop
  endfacet
  facet normal -8.490814e-001  4.505002e-001  2.758809e-001
    outer loop
      vertex -5.825571e+001 -5.805759e+000  4.637828e+001
      vertex -5.914495e+001 -7.805759e+000  4.690736e+001
      vertex -5.814265e+001 -5.805759e+000  4.672622e+001
    endloop
  endfacet
  facet normal  0.000000e+000  1.000000e+000  0.000000e+000
    outer loop
      vertex -5.672688e+001 -5.805759e+000  4.775485e+001
      vertex -5.636102e+001 -5.805759e+000  4.775485e+001
      vertex -5.708473e+001 -5.805759e+000  4.767878e+001
    endloop
  endfacet
  facet normal  0.000000e+000  1.000000e+000  0.000000e+000
    outer loop
      vertex -5.708473e+001 -5.805759e+000  4.767878e+001
      vertex -5.636102e+001 -5.805759e+000  4.775485e+001
      vertex -5.600317e+001 -5.805759e+000  4.767878e+001
    endloop
  endfacet
  facet normal  0.000000e+000  1.000000e+000  0.000000e+000
    outer loop
      vertex -5.708473e+001 -5.805759e+000  4.767878e+001
      vertex -5.600317e+001 -5.805759e+000  4.767878e+001
      vertex -5.741895e+001 -5.805759e+000  4.752998e+001
    endloop
  endfacet
  facet normal  0.000000e+000  1.000000e+000  0.000000e+000
    outer loop
      vertex -5.741895e+001 -5.805759e+000  4.752998e+001
      vertex -5.600317e+001 -5.805759e+000  4.767878e+001
      vertex -5.566895e+001 -5.805759e+000  4.752998e+001
    endloop
  endfacet
  facet normal  0.000000e+000  1.000000e+000  0.000000e+000
    outer loop
      vertex -5.741895e+001 -5.805759e+000  4.752998e+001
      vertex -5.566895e+001 -5.805759e+000  4.752998e+001
      vertex -5.771493e+001 -5.805759e+000  4.731494e+001
    endloop
  endfacet
  facet normal  0.000000e+000  1.000000e+000  0.000000e+000
    outer loop
      vertex -5.771493e+001 -5.805759e+000  4.731494e+001
      vertex -5.566895e+001 -5.805759e+000  4.752998e+001
      vertex -5.537297e+001 -5.805759e+000  4.731494e+001
    endloop
  endfacet
  facet normal  0.000000e+000  1.000000e+000  0.000000e+000
    outer loop
      vertex -5.771493e+001 -5.805759e+000  4.731494e+001
      vertex -5.537297e+001 -5.805759e+000  4.731494e+001
      vertex -5.795973e+001 -5.805759e+000  4.704306e+001
    endloop
  endfacet
  facet normal  0.000000e+000  1.000000e+000  0.000000e+000
    outer loop
      vertex -5.795973e+001 -5.805759e+000  4.704306e+001
      vertex -5.537297e+001 -5.805759e+000  4.731494e+001
      vertex -5.512817e+001 -5.805759e+000  4.704306e+001
    endloop
  endfacet
  facet normal  0.000000e+000  1.000000e+000  0.000000e+000
    outer loop
      vertex -5.795973e+001 -5.805759e+000  4.704306e+001
      vertex -5.512817e+001 -5.805759e+000  4.704306e+001
      vertex -5.814265e+001 -5.805759e+000  4.672622e+001
    endloop
  endfacet
  facet normal  0.000000e+000  1.000000e+000  0.000000e+000
    outer loop
      vertex -5.814265e+001 -5.805759e+000  4.672622e+001
      vertex -5.512817e+001 -5.805759e+000  4.704306e+001
      vertex -5.494524e+001 -5.805759e+000  4.672622e+001
    endloop
  endfacet
  facet normal  0.000000e+000  9.999999e-001  0.000000e+000
    outer loop
      vertex -5.814265e+001 -5.805759e+000  4.672622e+001
      vertex -5.494524e+001 -5.805759e+000  4.672622e+001
      vertex -5.825571e+001 -5.805759e+000  4.637828e+001
    endloop
  endfacet
  facet normal  0.000000e+000  1.000000e+000  0.000000e+000
    outer loop
      vertex -5.825571e+001 -5.805759e+000  4.637828e+001
      vertex -5.494524e+001 -5.805759e+000  4.672622e+001
      vertex -5.483219e+001 -5.805759e+000  4.637828e+001
    endloop
  endfacet
  facet normal  0.000000e+000  1.000000e+000  0.000000e+000
    outer loop
      vertex -5.825571e+001 -5.805759e+000  4.637828e+001
      vertex -5.483219e+001 -5.805759e+000  4.637828e+001
      vertex -5.829395e+001 -5.805759e+000  4.601443e+001
    endloop
  endfacet
  facet normal  0.000000e+000  1.000000e+000  0.000000e+000
    outer loop
      vertex -5.829395e+001 -5.805759e+000  4.601443e+001
      vertex -5.483219e+001 -5.805759e+000  4.637828e+001
      vertex -5.479395e+001 -5.805759e+000  4.601443e+001
    endloop
  endfacet
  facet normal  0.000000e+000  1.000000e+000  0.000000e+000
    outer loop
      vertex -5.829395e+001 -5.805759e+000  4.601443e+001
      vertex -5.479395e+001 -5.805759e+000  4.601443e+001
      vertex -5.825571e+001 -5.805759e+000  4.565059e+001
    endloop
  endfacet
  facet normal  0.000000e+000  1.000000e+000  0.000000e+000
    outer loop
      vertex -5.825571e+001 -5.805759e+000  4.565059e+001
      vertex -5.479395e+001 -5.805759e+000  4.601443e+001
      vertex -5.483219e+001 -5.805759e+000  4.565059e+001
    endloop
  endfacet
  facet normal  0.000000e+000  1.000000e+000  0.000000e+000
    outer loop
      vertex -5.825571e+001 -5.805759e+000  4.565059e+001
      vertex -5.483219e+001 -5.805759e+000  4.565059e+001
      vertex -5.814265e+001 -5.805759e+000  4.530265e+001
    endloop
  endfacet
  facet normal  0.000000e+000  9.999999e-001  0.000000e+000
    outer loop
      vertex -5.814265e+001 -5.805759e+000  4.530265e+001
      vertex -5.483219e+001 -5.805759e+000  4.565059e+001
      vertex -5.494524e+001 -5.805759e+000  4.530265e+001
    endloop
  endfacet
  facet normal  0.000000e+000  1.000000e+000  0.000000e+000
    outer loop
      vertex -5.814265e+001 -5.805759e+000  4.530265e+001
      vertex -5.494524e+001 -5.805759e+000  4.530265e+001
      vertex -5.795973e+001 -5.805759e+000  4.498581e+001
    endloop
  endfacet
  facet normal  0.000000e+000  1.000000e+000  0.000000e+000
    outer loop
      vertex -5.795973e+001 -5.805759e+000  4.498581e+001
      vertex -5.494524e+001 -5.805759e+000  4.530265e+001
      vertex -5.512817e+001 -5.805759e+000  4.498581e+001
    endloop
  endfacet
  facet normal  0.000000e+000  1.000000e+000  0.000000e+000
    outer loop
      vertex -5.795973e+001 -5.805759e+000  4.498581e+001
      vertex -5.512817e+001 -5.805759e+000  4.498581e+001
      vertex -5.771493e+001 -5.805759e+000  4.471393e+001
    endloop
  endfacet
  facet normal  0.000000e+000  1.000000e+000  0.000000e+000
    outer loop
      vertex -5.771493e+001 -5.805759e+000  4.471393e+001
      vertex -5.512817e+001 -5.805759e+000  4.498581e+001
      vertex -5.537297e+001 -5.805759e+000  4.471393e+001
    endloop
  endfacet
  facet normal  0.000000e+000  1.000000e+000  0.000000e+000
    outer loop
      vertex -5.771493e+001 -5.805759e+000  4.471393e+001
      vertex -5.537297e+001 -5.805759e+000  4.471393e+001
      vertex -5.741895e+001 -5.805759e+000  4.449889e+001
    endloop
  endfacet
  facet normal  0.000000e+000  1.000000e+000  0.000000e+000
    outer loop
      vertex -5.741895e+001 -5.805759e+000  4.449889e+001
      vertex -5.537297e+001 -5.805759e+000  4.471393e+001
      vertex -5.566895e+001 -5.805759e+000  4.449889e+001
    endloop
  endfacet
  facet normal  0.000000e+000  1.000000e+000  0.000000e+000
    outer loop
      vertex -5.741895e+001 -5.805759e+000  4.449889e+001
      vertex -5.566895e+001 -5.805759e+000  4.449889e+001
      vertex -5.708473e+001 -5.805759e+000  4.435009e+001
    endloop
  endfacet
  facet normal  0.000000e+000  1.000000e+000  0.000000e+000
    outer loop
      vertex -5.708473e+001 -5.805759e+000  4.435009e+001
      vertex -5.566895e+001 -5.805759e+000  4.449889e+001
      vertex -5.600317e+001 -5.805759e+000  4.435009e+001
    endloop
  endfacet
  facet normal  0.000000e+000  1.000000e+000  0.000000e+000
    outer loop
      vertex -5.708473e+001 -5.805759e+000  4.435009e+001
      vertex -5.600317e+001 -5.805759e+000  4.435009e+001
      vertex -5.672688e+001 -5.805759e+000  4.427402e+001
    endloop
  endfacet
  facet normal  0.000000e+000  1.000000e+000  0.000000e+000
    outer loop
      vertex -5.672688e+001 -5.805759e+000  4.427402e+001
      vertex -5.600317e+001 -5.805759e+000  4.435009e+001
      vertex -5.636102e+001 -5.805759e+000  4.427402e+001
    endloop
  endfacet
  facet normal  0.000000e+000 -1.000000e+000  0.000000e+000
    outer loop
      vertex -5.636102e+001 -2.140576e+001  4.775485e+001
      vertex -5.672688e+001 -2.140576e+001  4.775485e+001
      vertex -5.600317e+001 -2.140576e+001  4.767878e+001
    endloop
  endfacet
  facet normal  0.000000e+000 -1.000000e+000  0.000000e+000
    outer loop
      vertex -5.600317e+001 -2.140576e+001  4.767878e+001
      vertex -5.672688e+001 -2.140576e+001  4.775485e+001
      vertex -5.708473e+001 -2.140576e+001  4.767878e+001
    endloop
  endfacet
  facet normal  0.000000e+000 -1.000000e+000  0.000000e+000
    outer loop
      vertex -5.600317e+001 -2.140576e+001  4.767878e+001
      vertex -5.708473e+001 -2.140576e+001  4.767878e+001
      vertex -5.566895e+001 -2.140576e+001  4.752998e+001
    endloop
  endfacet
  facet normal  0.000000e+000 -1.000000e+000  0.000000e+000
    outer loop
      vertex -5.566895e+001 -2.140576e+001  4.752998e+001
      vertex -5.708473e+001 -2.140576e+001  4.767878e+001
      vertex -5.741895e+001 -2.140576e+001  4.752998e+001
    endloop
  endfacet
  facet normal  0.000000e+000 -1.000000e+000  0.000000e+000
    outer loop
      vertex -5.566895e+001 -2.140576e+001  4.752998e+001
      vertex -5.741895e+001 -2.140576e+001  4.752998e+001
      vertex -5.537297e+001 -2.140576e+001  4.731494e+001
    endloop
  endfacet
  facet normal  0.000000e+000 -1.000000e+000  0.000000e+000
    outer loop
      vertex -5.537297e+001 -2.140576e+001  4.731494e+001
      vertex -5.741895e+001 -2.140576e+001  4.752998e+001
      vertex -5.771493e+001 -2.140576e+001  4.731494e+001
    endloop
  endfacet
  facet normal  0.000000e+000 -1.000000e+000  0.000000e+000
    outer loop
      vertex -5.537297e+001 -2.140576e+001  4.731494e+001
      vertex -5.771493e+001 -2.140576e+001  4.731494e+001
      vertex -5.512817e+001 -2.140576e+001  4.704306e+001
    endloop
  endfacet
  facet normal  0.000000e+000 -1.000000e+000  0.000000e+000
    outer loop
      vertex -5.512817e+001 -2.140576e+001  4.704306e+001
      vertex -5.771493e+001 -2.140576e+001  4.731494e+001
      vertex -5.795973e+001 -2.140576e+001  4.704306e+001
    endloop
  endfacet
  facet normal  0.000000e+000 -1.000000e+000  0.000000e+000
    outer loop
      vertex -5.512817e+001 -2.140576e+001  4.704306e+001
      vertex -5.795973e+001 -2.140576e+001  4.704306e+001
      vertex -5.494524e+001 -2.140576e+001  4.672622e+001
    endloop
  endfacet
  facet normal  0.000000e+000 -1.000000e+000  0.000000e+000
    outer loop
      vertex -5.494524e+001 -2.140576e+001  4.672622e+001
      vertex -5.795973e+001 -2.140576e+001  4.704306e+001
      vertex -5.814265e+001 -2.140576e+001  4.672622e+001
    endloop
  endfacet
  facet normal  0.000000e+000 -9.999999e-001  0.000000e+000
    outer loop
      vertex -5.494524e+001 -2.140576e+001  4.672622e+001
      vertex -5.814265e+001 -2.140576e+001  4.672622e+001
      vertex -5.483219e+001 -2.140576e+001  4.637828e+001
    endloop
  endfacet
  facet normal  0.000000e+000 -1.000000e+000  0.000000e+000
    outer loop
      vertex -5.483219e+001 -2.140576e+001  4.637828e+001
      vertex -5.814265e+001 -2.140576e+001  4.672622e+001
      vertex -5.825571e+001 -2.140576e+001  4.637828e+001
    endloop
  endfacet
  facet normal  0.000000e+000 -1.000000e+000  0.000000e+000
    outer loop
      vertex -5.483219e+001 -2.140576e+001  4.637828e+001
      vertex -5.825571e+001 -2.140576e+001  4.637828e+001
      vertex -5.479395e+001 -2.140576e+001  4.601443e+001
    endloop
  endfacet
  facet normal  0.000000e+000 -1.000000e+000  0.000000e+000
    outer loop
      vertex -5.479395e+001 -2.140576e+001  4.601443e+001
      vertex -5.825571e+001 -2.140576e+001  4.637828e+001
      vertex -5.829395e+001 -2.140576e+001  4.601443e+001
    endloop
  endfacet
  facet normal  0.000000e+000 -1.000000e+000  0.000000e+000
    outer loop
      vertex -5.479395e+001 -2.140576e+001  4.601443e+001
      vertex -5.829395e+001 -2.140576e+001  4.601443e+001
      vertex -5.483219e+001 -2.140576e+001  4.565059e+001
    endloop
  endfacet
  facet normal  0.000000e+000 -1.000000e+000  0.000000e+000
    outer loop
      vertex -5.483219e+001 -2.140576e+001  4.565059e+001
      vertex -5.829395e+001 -2.140576e+001  4.601443e+001
      vertex -5.825571e+001 -2.140576e+001  4.565059e+001
    endloop
  endfacet
  facet normal  0.000000e+000 -1.000000e+000  0.000000e+000
    outer loop
      vertex -5.483219e+001 -2.140576e+001  4.565059e+001
      vertex -5.825571e+001 -2.140576e+001  4.565059e+001
      vertex -5.494524e+001 -2.140576e+001  4.530265e+001
    endloop
  endfacet
  facet normal  0.000000e+000 -9.999999e-001  0.000000e+000
    outer loop
      vertex -5.494524e+001 -2.140576e+001  4.530265e+001
      vertex -5.825571e+001 -2.140576e+001  4.565059e+001
      vertex -5.814265e+001 -2.140576e+001  4.530265e+001
    endloop
  endfacet
  facet normal  0.000000e+000 -1.000000e+000  0.000000e+000
    outer loop
      vertex -5.494524e+001 -2.140576e+001  4.530265e+001
      vertex -5.814265e+001 -2.140576e+001  4.530265e+001
      vertex -5.512817e+001 -2.140576e+001  4.498581e+001
    endloop
  endfacet
  facet normal  0.000000e+000 -1.000000e+000  0.000000e+000
    outer loop
      vertex -5.512817e+001 -2.140576e+001  4.498581e+001
      vertex -5.814265e+001 -2.140576e+001  4.530265e+001
      vertex -5.795973e+001 -2.140576e+001  4.498581e+001
    endloop
  endfacet
  facet normal  0.000000e+000 -1.000000e+000  0.000000e+000
    outer loop
      vertex -5.512817e+001 -2.140576e+001  4.498581e+001
      vertex -5.795973e+001 -2.140576e+001  4.498581e+001
      vertex -5.537297e+001 -2.140576e+001  4.471393e+001
    endloop
  endfacet
  facet normal  0.000000e+000 -1.000000e+000  0.000000e+000
    outer loop
      vertex -5.537297e+001 -2.140576e+001  4.471393e+001
      vertex -5.795973e+001 -2.140576e+001  4.498581e+001
      vertex -5.771493e+001 -2.140576e+001  4.471393e+001
    endloop
  endfacet
  facet normal  0.000000e+000 -1.000000e+000  0.000000e+000
    outer loop
      vertex -5.537297e+001 -2.140576e+001  4.471393e+001
      vertex -5.771493e+001 -2.140576e+001  4.471393e+001
      vertex -5.566895e+001 -2.140576e+001  4.449889e+001
    endloop
  endfacet
  facet normal  0.000000e+000 -1.000000e+000  0.000000e+000
    outer loop
      vertex -5.566895e+001 -2.140576e+001  4.449889e+001
      vertex -5.771493e+001 -2.140576e+001  4.471393e+001
      vertex -5.741895e+001 -2.140576e+001  4.449889e+001
    endloop
  endfacet
  facet normal  0.000000e+000 -1.000000e+000  0.000000e+000
    outer loop
      vertex -5.566895e+001 -2.140576e+001  4.449889e+001
      vertex -5.741895e+001 -2.140576e+001  4.449889e+001
      vertex -5.600317e+001 -2.140576e+001  4.435009e+001
    endloop
  endfacet
  facet normal  0.000000e+000 -1.000000e+000  0.000000e+000
    outer loop
      vertex -5.600317e+001 -2.140576e+001  4.435009e+001
      vertex -5.741895e+001 -2.140576e+001  4.449889e+001
      vertex -5.708473e+001 -2.140576e+001  4.435009e+001
    endloop
  endfacet
  facet normal  0.000000e+000 -1.000000e+000  0.000000e+000
    outer loop
      vertex -5.600317e+001 -2.140576e+001  4.435009e+001
      vertex -5.708473e+001 -2.140576e+001  4.435009e+001
      vertex -5.636102e+001 -2.140576e+001  4.427402e+001
    endloop
  endfacet
  facet normal  0.000000e+000 -1.000000e+000  0.000000e+000
    outer loop
      vertex -5.636102e+001 -2.140576e+001  4.427402e+001
      vertex -5.708473e+001 -2.140576e+001  4.435009e+001
      vertex -5.672688e+001 -2.140576e+001  4.427402e+001
    endloop
  endfacet
endsolid CATIA STL
