solid CATIA STL
  facet normal  0.000000e+000  0.000000e+000  1.000000e+000
    outer loop
      vertex -4.876557e+001 -1.622486e+001  4.201443e+001
      vertex -4.876557e+001 -1.111394e+001  4.201443e+001
      vertex -5.916191e+001 -1.527760e+001  4.201443e+001
    endloop
  endfacet
  facet normal  0.000000e+000  0.000000e+000  1.000000e+000
    outer loop
      vertex -4.876557e+001 -1.622486e+001  4.201443e+001
      vertex -5.916191e+001 -1.527760e+001  4.201443e+001
      vertex -5.950896e+001 -1.538288e+001  4.201443e+001
    endloop
  endfacet
  facet normal  0.000000e+000  0.000000e+000  1.000000e+000
    outer loop
      vertex -4.876557e+001 -1.622486e+001  4.201443e+001
      vertex -5.950896e+001 -1.538288e+001  4.201443e+001
      vertex -5.986987e+001 -1.541842e+001  4.201443e+001
    endloop
  endfacet
  facet normal  0.000000e+000  0.000000e+000  1.000000e+000
    outer loop
      vertex -6.686987e+001 -8.605759e+000  4.201443e+001
      vertex -6.117802e+001 -1.487657e+001  4.201443e+001
      vertex -6.140809e+001 -1.459623e+001  4.201443e+001
    endloop
  endfacet
  facet normal  0.000000e+000  0.000000e+000  9.999999e-001
    outer loop
      vertex -6.686987e+001 -8.605759e+000  4.201443e+001
      vertex -6.140809e+001 -1.459623e+001  4.201443e+001
      vertex -6.157905e+001 -1.427639e+001  4.201443e+001
    endloop
  endfacet
  facet normal  0.000000e+000  0.000000e+000  9.999999e-001
    outer loop
      vertex -6.686987e+001 -8.605759e+000  4.201443e+001
      vertex -6.157905e+001 -1.427639e+001  4.201443e+001
      vertex -6.168433e+001 -1.392934e+001  4.201443e+001
    endloop
  endfacet
  facet normal  0.000000e+000  0.000000e+000  1.000000e+000
    outer loop
      vertex -6.686987e+001 -8.605759e+000  4.201443e+001
      vertex -6.168433e+001 -1.392934e+001  4.201443e+001
      vertex -6.171987e+001 -1.356842e+001  4.201443e+001
    endloop
  endfacet
  facet normal  0.000000e+000  -0.000000e+000  1.000000e+000
    outer loop
      vertex -6.686987e+001 -8.605759e+000  4.201443e+001
      vertex -6.171987e+001 -1.356842e+001  4.201443e+001
      vertex -6.168433e+001 -1.320751e+001  4.201443e+001
    endloop
  endfacet
  facet normal  0.000000e+000  -0.000000e+000  1.000000e+000
    outer loop
      vertex -6.686987e+001 -8.605759e+000  4.201443e+001
      vertex -6.168433e+001 -1.320751e+001  4.201443e+001
      vertex -6.157905e+001 -1.286046e+001  4.201443e+001
    endloop
  endfacet
  facet normal  0.000000e+000  -0.000000e+000  1.000000e+000
    outer loop
      vertex -6.686987e+001 -8.605759e+000  4.201443e+001
      vertex -6.157905e+001 -1.286046e+001  4.201443e+001
      vertex -6.140809e+001 -1.254062e+001  4.201443e+001
    endloop
  endfacet
  facet normal  0.000000e+000  -0.000000e+000  1.000000e+000
    outer loop
      vertex -6.686987e+001 -8.605759e+000  4.201443e+001
      vertex -6.140809e+001 -1.254062e+001  4.201443e+001
      vertex -6.117802e+001 -1.226028e+001  4.201443e+001
    endloop
  endfacet
  facet normal  0.000000e+000  -0.000000e+000  1.000000e+000
    outer loop
      vertex -6.686987e+001 -8.605759e+000  4.201443e+001
      vertex -6.117802e+001 -1.226028e+001  4.201443e+001
      vertex -6.089768e+001 -1.203021e+001  4.201443e+001
    endloop
  endfacet
  facet normal  0.000000e+000  -0.000000e+000  1.000000e+000
    outer loop
      vertex -6.686987e+001 -8.605759e+000  4.201443e+001
      vertex -6.089768e+001 -1.203021e+001  4.201443e+001
      vertex -6.057784e+001 -1.185925e+001  4.201443e+001
    endloop
  endfacet
  facet normal  0.000000e+000  -0.000000e+000  1.000000e+000
    outer loop
      vertex -6.686987e+001 -8.605759e+000  4.201443e+001
      vertex -6.057784e+001 -1.185925e+001  4.201443e+001
      vertex -6.023079e+001 -1.175397e+001  4.201443e+001
    endloop
  endfacet
  facet normal  0.000000e+000  -0.000000e+000  1.000000e+000
    outer loop
      vertex -6.686987e+001 -8.605759e+000  4.201443e+001
      vertex -6.023079e+001 -1.175397e+001  4.201443e+001
      vertex -5.986987e+001 -1.171842e+001  4.201443e+001
    endloop
  endfacet
  facet normal  0.000000e+000  0.000000e+000  1.000000e+000
    outer loop
      vertex -6.686987e+001 -8.605759e+000  4.201443e+001
      vertex -5.986987e+001 -1.171842e+001  4.201443e+001
      vertex -6.386987e+001 -5.605759e+000  4.201443e+001
    endloop
  endfacet
  facet normal  0.000000e+000  0.000000e+000  9.999999e-001
    outer loop
      vertex -6.686987e+001 -8.605759e+000  4.201443e+001
      vertex -6.386987e+001 -5.605759e+000  4.201443e+001
      vertex -6.433918e+001 -5.642694e+000  4.201443e+001
    endloop
  endfacet
  facet normal  0.000000e+000  0.000000e+000  1.000000e+000
    outer loop
      vertex -6.686987e+001 -8.605759e+000  4.201443e+001
      vertex -6.433918e+001 -5.642694e+000  4.201443e+001
      vertex -6.479692e+001 -5.752589e+000  4.201443e+001
    endloop
  endfacet
  facet normal  0.000000e+000  0.000000e+000  1.000000e+000
    outer loop
      vertex -6.686987e+001 -8.605759e+000  4.201443e+001
      vertex -6.479692e+001 -5.752589e+000  4.201443e+001
      vertex -6.523184e+001 -5.932739e+000  4.201443e+001
    endloop
  endfacet
  facet normal  0.000000e+000  0.000000e+000  1.000000e+000
    outer loop
      vertex -6.686987e+001 -8.605759e+000  4.201443e+001
      vertex -6.523184e+001 -5.932739e+000  4.201443e+001
      vertex -6.563323e+001 -6.178708e+000  4.201443e+001
    endloop
  endfacet
  facet normal  0.000000e+000  0.000000e+000  1.000000e+000
    outer loop
      vertex -6.686987e+001 -8.605759e+000  4.201443e+001
      vertex -6.563323e+001 -6.178708e+000  4.201443e+001
      vertex -6.599120e+001 -6.484438e+000  4.201443e+001
    endloop
  endfacet
  facet normal  0.000000e+000  0.000000e+000  1.000000e+000
    outer loop
      vertex -6.686987e+001 -8.605759e+000  4.201443e+001
      vertex -6.599120e+001 -6.484438e+000  4.201443e+001
      vertex -6.629692e+001 -6.842403e+000  4.201443e+001
    endloop
  endfacet
  facet normal  0.000000e+000  0.000000e+000  9.999999e-001
    outer loop
      vertex -6.686987e+001 -8.605759e+000  4.201443e+001
      vertex -6.629692e+001 -6.842403e+000  4.201443e+001
      vertex -6.654289e+001 -7.243787e+000  4.201443e+001
    endloop
  endfacet
  facet normal  0.000000e+000  0.000000e+000  9.999999e-001
    outer loop
      vertex -6.686987e+001 -8.605759e+000  4.201443e+001
      vertex -6.654289e+001 -7.243787e+000  4.201443e+001
      vertex -6.672305e+001 -7.678708e+000  4.201443e+001
    endloop
  endfacet
  facet normal  0.000000e+000  0.000000e+000  1.000000e+000
    outer loop
      vertex -6.686987e+001 -8.605759e+000  4.201443e+001
      vertex -6.672305e+001 -7.678708e+000  4.201443e+001
      vertex -6.683294e+001 -8.136456e+000  4.201443e+001
    endloop
  endfacet
  facet normal  0.000000e+000  0.000000e+000  9.999999e-001
    outer loop
      vertex -6.686987e+001 -1.860576e+001  4.201443e+001
      vertex -5.986987e+001 -1.541842e+001  4.201443e+001
      vertex -6.023079e+001 -1.538288e+001  4.201443e+001
    endloop
  endfacet
  facet normal  0.000000e+000  0.000000e+000  1.000000e+000
    outer loop
      vertex -6.686987e+001 -1.860576e+001  4.201443e+001
      vertex -6.023079e+001 -1.538288e+001  4.201443e+001
      vertex -6.057784e+001 -1.527760e+001  4.201443e+001
    endloop
  endfacet
  facet normal  0.000000e+000  0.000000e+000  1.000000e+000
    outer loop
      vertex -6.686987e+001 -1.860576e+001  4.201443e+001
      vertex -6.057784e+001 -1.527760e+001  4.201443e+001
      vertex -6.089768e+001 -1.510664e+001  4.201443e+001
    endloop
  endfacet
  facet normal  0.000000e+000  0.000000e+000  1.000000e+000
    outer loop
      vertex -6.686987e+001 -1.860576e+001  4.201443e+001
      vertex -6.089768e+001 -1.510664e+001  4.201443e+001
      vertex -6.117802e+001 -1.487657e+001  4.201443e+001
    endloop
  endfacet
  facet normal  0.000000e+000  0.000000e+000  1.000000e+000
    outer loop
      vertex -6.686987e+001 -1.860576e+001  4.201443e+001
      vertex -6.117802e+001 -1.487657e+001  4.201443e+001
      vertex -6.686987e+001 -8.605759e+000  4.201443e+001
    endloop
  endfacet
  facet normal  -0.000000e+000  0.000000e+000  1.000000e+000
    outer loop
      vertex -5.986987e+001 -1.541842e+001  4.201443e+001
      vertex -6.686987e+001 -1.860576e+001  4.201443e+001
      vertex -6.683294e+001 -1.907506e+001  4.201443e+001
    endloop
  endfacet
  facet normal  -0.000000e+000  0.000000e+000  1.000000e+000
    outer loop
      vertex -5.986987e+001 -1.541842e+001  4.201443e+001
      vertex -6.683294e+001 -1.907506e+001  4.201443e+001
      vertex -6.672305e+001 -1.953281e+001  4.201443e+001
    endloop
  endfacet
  facet normal  -0.000000e+000  0.000000e+000  1.000000e+000
    outer loop
      vertex -5.986987e+001 -1.541842e+001  4.201443e+001
      vertex -6.672305e+001 -1.953281e+001  4.201443e+001
      vertex -6.654289e+001 -1.996773e+001  4.201443e+001
    endloop
  endfacet
  facet normal  -0.000000e+000  0.000000e+000  1.000000e+000
    outer loop
      vertex -5.986987e+001 -1.541842e+001  4.201443e+001
      vertex -6.654289e+001 -1.996773e+001  4.201443e+001
      vertex -6.629692e+001 -2.036911e+001  4.201443e+001
    endloop
  endfacet
  facet normal  -0.000000e+000  0.000000e+000  1.000000e+000
    outer loop
      vertex -5.986987e+001 -1.541842e+001  4.201443e+001
      vertex -6.629692e+001 -2.036911e+001  4.201443e+001
      vertex -6.599120e+001 -2.072708e+001  4.201443e+001
    endloop
  endfacet
  facet normal  -0.000000e+000  0.000000e+000  1.000000e+000
    outer loop
      vertex -5.986987e+001 -1.541842e+001  4.201443e+001
      vertex -6.599120e+001 -2.072708e+001  4.201443e+001
      vertex -6.563323e+001 -2.103281e+001  4.201443e+001
    endloop
  endfacet
  facet normal  -0.000000e+000  0.000000e+000  1.000000e+000
    outer loop
      vertex -5.986987e+001 -1.541842e+001  4.201443e+001
      vertex -6.563323e+001 -2.103281e+001  4.201443e+001
      vertex -6.523184e+001 -2.127878e+001  4.201443e+001
    endloop
  endfacet
  facet normal  -0.000000e+000  0.000000e+000  9.999999e-001
    outer loop
      vertex -5.986987e+001 -1.541842e+001  4.201443e+001
      vertex -6.523184e+001 -2.127878e+001  4.201443e+001
      vertex -6.479692e+001 -2.145893e+001  4.201443e+001
    endloop
  endfacet
  facet normal  -0.000000e+000  0.000000e+000  9.999999e-001
    outer loop
      vertex -5.986987e+001 -1.541842e+001  4.201443e+001
      vertex -6.479692e+001 -2.145893e+001  4.201443e+001
      vertex -6.433918e+001 -2.156882e+001  4.201443e+001
    endloop
  endfacet
  facet normal  -0.000000e+000  0.000000e+000  1.000000e+000
    outer loop
      vertex -5.986987e+001 -1.541842e+001  4.201443e+001
      vertex -6.433918e+001 -2.156882e+001  4.201443e+001
      vertex -6.386987e+001 -2.160576e+001  4.201443e+001
    endloop
  endfacet
  facet normal  0.000000e+000  0.000000e+000  1.000000e+000
    outer loop
      vertex -5.986987e+001 -1.541842e+001  4.201443e+001
      vertex -6.386987e+001 -2.160576e+001  4.201443e+001
      vertex -5.142048e+001 -2.160576e+001  4.201443e+001
    endloop
  endfacet
  facet normal  0.000000e+000  -0.000000e+000  1.000000e+000
    outer loop
      vertex -5.986987e+001 -1.541842e+001  4.201443e+001
      vertex -5.142048e+001 -2.160576e+001  4.201443e+001
      vertex -5.142048e+001 -1.770576e+001  4.201443e+001
    endloop
  endfacet
  facet normal  0.000000e+000  -0.000000e+000  1.000000e+000
    outer loop
      vertex -5.986987e+001 -1.541842e+001  4.201443e+001
      vertex -5.142048e+001 -1.770576e+001  4.201443e+001
      vertex -4.986426e+001 -1.770576e+001  4.201443e+001
    endloop
  endfacet
  facet normal  0.000000e+000  -0.000000e+000  9.999999e-001
    outer loop
      vertex -5.986987e+001 -1.541842e+001  4.201443e+001
      vertex -4.986426e+001 -1.770576e+001  4.201443e+001
      vertex -4.986426e+001 -1.622486e+001  4.201443e+001
    endloop
  endfacet
  facet normal  0.000000e+000  -0.000000e+000  1.000000e+000
    outer loop
      vertex -5.986987e+001 -1.541842e+001  4.201443e+001
      vertex -4.986426e+001 -1.622486e+001  4.201443e+001
      vertex -4.876557e+001 -1.622486e+001  4.201443e+001
    endloop
  endfacet
  facet normal  -0.000000e+000  0.000000e+000  1.000000e+000
    outer loop
      vertex -4.876557e+001 -1.111394e+001  4.201443e+001
      vertex -4.986426e+001 -1.111394e+001  4.201443e+001
      vertex -5.986987e+001 -1.171842e+001  4.201443e+001
    endloop
  endfacet
  facet normal  -0.000000e+000  0.000000e+000  1.000000e+000
    outer loop
      vertex -4.876557e+001 -1.111394e+001  4.201443e+001
      vertex -5.986987e+001 -1.171842e+001  4.201443e+001
      vertex -5.950896e+001 -1.175397e+001  4.201443e+001
    endloop
  endfacet
  facet normal  -0.000000e+000  0.000000e+000  1.000000e+000
    outer loop
      vertex -4.876557e+001 -1.111394e+001  4.201443e+001
      vertex -5.950896e+001 -1.175397e+001  4.201443e+001
      vertex -5.916191e+001 -1.185925e+001  4.201443e+001
    endloop
  endfacet
  facet normal  -0.000000e+000  0.000000e+000  1.000000e+000
    outer loop
      vertex -4.876557e+001 -1.111394e+001  4.201443e+001
      vertex -5.916191e+001 -1.185925e+001  4.201443e+001
      vertex -5.884207e+001 -1.203021e+001  4.201443e+001
    endloop
  endfacet
  facet normal  -0.000000e+000  0.000000e+000  1.000000e+000
    outer loop
      vertex -4.876557e+001 -1.111394e+001  4.201443e+001
      vertex -5.884207e+001 -1.203021e+001  4.201443e+001
      vertex -5.856173e+001 -1.226028e+001  4.201443e+001
    endloop
  endfacet
  facet normal  -0.000000e+000  0.000000e+000  1.000000e+000
    outer loop
      vertex -4.876557e+001 -1.111394e+001  4.201443e+001
      vertex -5.856173e+001 -1.226028e+001  4.201443e+001
      vertex -5.833165e+001 -1.254062e+001  4.201443e+001
    endloop
  endfacet
  facet normal  -0.000000e+000  0.000000e+000  1.000000e+000
    outer loop
      vertex -4.876557e+001 -1.111394e+001  4.201443e+001
      vertex -5.833165e+001 -1.254062e+001  4.201443e+001
      vertex -5.816069e+001 -1.286046e+001  4.201443e+001
    endloop
  endfacet
  facet normal  -0.000000e+000  0.000000e+000  9.999999e-001
    outer loop
      vertex -4.876557e+001 -1.111394e+001  4.201443e+001
      vertex -5.816069e+001 -1.286046e+001  4.201443e+001
      vertex -5.805542e+001 -1.320751e+001  4.201443e+001
    endloop
  endfacet
  facet normal  -0.000000e+000  0.000000e+000  9.999999e-001
    outer loop
      vertex -4.876557e+001 -1.111394e+001  4.201443e+001
      vertex -5.805542e+001 -1.320751e+001  4.201443e+001
      vertex -5.801987e+001 -1.356842e+001  4.201443e+001
    endloop
  endfacet
  facet normal  -0.000000e+000  0.000000e+000  1.000000e+000
    outer loop
      vertex -4.876557e+001 -1.111394e+001  4.201443e+001
      vertex -5.801987e+001 -1.356842e+001  4.201443e+001
      vertex -5.805542e+001 -1.392934e+001  4.201443e+001
    endloop
  endfacet
  facet normal  -0.000000e+000  0.000000e+000  1.000000e+000
    outer loop
      vertex -4.876557e+001 -1.111394e+001  4.201443e+001
      vertex -5.805542e+001 -1.392934e+001  4.201443e+001
      vertex -5.816069e+001 -1.427639e+001  4.201443e+001
    endloop
  endfacet
  facet normal  -0.000000e+000  0.000000e+000  1.000000e+000
    outer loop
      vertex -4.876557e+001 -1.111394e+001  4.201443e+001
      vertex -5.816069e+001 -1.427639e+001  4.201443e+001
      vertex -5.833165e+001 -1.459623e+001  4.201443e+001
    endloop
  endfacet
  facet normal  -0.000000e+000  0.000000e+000  9.999999e-001
    outer loop
      vertex -4.876557e+001 -1.111394e+001  4.201443e+001
      vertex -5.833165e+001 -1.459623e+001  4.201443e+001
      vertex -5.856173e+001 -1.487657e+001  4.201443e+001
    endloop
  endfacet
  facet normal  -0.000000e+000  0.000000e+000  1.000000e+000
    outer loop
      vertex -4.876557e+001 -1.111394e+001  4.201443e+001
      vertex -5.856173e+001 -1.487657e+001  4.201443e+001
      vertex -5.884207e+001 -1.510664e+001  4.201443e+001
    endloop
  endfacet
  facet normal  -0.000000e+000  0.000000e+000  1.000000e+000
    outer loop
      vertex -4.876557e+001 -1.111394e+001  4.201443e+001
      vertex -5.884207e+001 -1.510664e+001  4.201443e+001
      vertex -5.916191e+001 -1.527760e+001  4.201443e+001
    endloop
  endfacet
  facet normal  -0.000000e+000  0.000000e+000  1.000000e+000
    outer loop
      vertex -4.986426e+001 -9.505759e+000  4.201443e+001
      vertex -5.142048e+001 -9.505759e+000  4.201443e+001
      vertex -4.986426e+001 -1.111394e+001  4.201443e+001
    endloop
  endfacet
  facet normal  0.000000e+000  0.000000e+000  1.000000e+000
    outer loop
      vertex -4.986426e+001 -1.111394e+001  4.201443e+001
      vertex -5.142048e+001 -9.505759e+000  4.201443e+001
      vertex -5.986987e+001 -1.171842e+001  4.201443e+001
    endloop
  endfacet
  facet normal  0.000000e+000  0.000000e+000  1.000000e+000
    outer loop
      vertex -5.142048e+001 -9.505759e+000  4.201443e+001
      vertex -5.142048e+001 -5.605759e+000  4.201443e+001
      vertex -5.986987e+001 -1.171842e+001  4.201443e+001
    endloop
  endfacet
  facet normal  0.000000e+000  -0.000000e+000  1.000000e+000
    outer loop
      vertex -5.986987e+001 -1.171842e+001  4.201443e+001
      vertex -5.142048e+001 -5.605759e+000  4.201443e+001
      vertex -6.386987e+001 -5.605759e+000  4.201443e+001
    endloop
  endfacet
  facet normal  0.000000e+000  0.000000e+000 -9.999999e-001
    outer loop
      vertex -3.954395e+001 -7.305759e+000  4.001443e+001
      vertex -4.351665e+001 -7.305759e+000  4.001443e+001
      vertex -3.954395e+001 -5.605759e+000  4.001443e+001
    endloop
  endfacet
  facet normal  0.000000e+000  0.000000e+000 -1.000000e+000
    outer loop
      vertex -5.986987e+001 -1.171842e+001  4.001443e+001
      vertex -6.686987e+001 -8.605759e+000  4.001443e+001
      vertex -6.683294e+001 -8.136456e+000  4.001443e+001
    endloop
  endfacet
  facet normal  0.000000e+000  0.000000e+000 -1.000000e+000
    outer loop
      vertex -5.986987e+001 -1.171842e+001  4.001443e+001
      vertex -6.683294e+001 -8.136456e+000  4.001443e+001
      vertex -6.672305e+001 -7.678708e+000  4.001443e+001
    endloop
  endfacet
  facet normal  0.000000e+000  0.000000e+000 -1.000000e+000
    outer loop
      vertex -5.986987e+001 -1.171842e+001  4.001443e+001
      vertex -6.672305e+001 -7.678708e+000  4.001443e+001
      vertex -6.654289e+001 -7.243787e+000  4.001443e+001
    endloop
  endfacet
  facet normal  0.000000e+000  0.000000e+000 -1.000000e+000
    outer loop
      vertex -5.986987e+001 -1.171842e+001  4.001443e+001
      vertex -6.654289e+001 -7.243787e+000  4.001443e+001
      vertex -6.629692e+001 -6.842403e+000  4.001443e+001
    endloop
  endfacet
  facet normal  0.000000e+000  0.000000e+000 -9.999999e-001
    outer loop
      vertex -5.986987e+001 -1.171842e+001  4.001443e+001
      vertex -6.629692e+001 -6.842403e+000  4.001443e+001
      vertex -6.599120e+001 -6.484438e+000  4.001443e+001
    endloop
  endfacet
  facet normal  0.000000e+000  0.000000e+000 -9.999999e-001
    outer loop
      vertex -5.986987e+001 -1.171842e+001  4.001443e+001
      vertex -6.599120e+001 -6.484438e+000  4.001443e+001
      vertex -6.563323e+001 -6.178708e+000  4.001443e+001
    endloop
  endfacet
  facet normal  0.000000e+000  0.000000e+000 -1.000000e+000
    outer loop
      vertex -5.986987e+001 -1.171842e+001  4.001443e+001
      vertex -6.563323e+001 -6.178708e+000  4.001443e+001
      vertex -6.523184e+001 -5.932739e+000  4.001443e+001
    endloop
  endfacet
  facet normal  0.000000e+000  0.000000e+000 -1.000000e+000
    outer loop
      vertex -5.986987e+001 -1.171842e+001  4.001443e+001
      vertex -6.523184e+001 -5.932739e+000  4.001443e+001
      vertex -6.479692e+001 -5.752589e+000  4.001443e+001
    endloop
  endfacet
  facet normal  0.000000e+000  0.000000e+000 -1.000000e+000
    outer loop
      vertex -5.986987e+001 -1.171842e+001  4.001443e+001
      vertex -6.479692e+001 -5.752589e+000  4.001443e+001
      vertex -6.433918e+001 -5.642694e+000  4.001443e+001
    endloop
  endfacet
  facet normal  0.000000e+000  0.000000e+000 -1.000000e+000
    outer loop
      vertex -5.986987e+001 -1.171842e+001  4.001443e+001
      vertex -6.433918e+001 -5.642694e+000  4.001443e+001
      vertex -6.386987e+001 -5.605759e+000  4.001443e+001
    endloop
  endfacet
  facet normal  0.000000e+000  0.000000e+000 -1.000000e+000
    outer loop
      vertex -5.986987e+001 -1.171842e+001  4.001443e+001
      vertex -6.386987e+001 -5.605759e+000  4.001443e+001
      vertex -3.954395e+001 -5.605759e+000  4.001443e+001
    endloop
  endfacet
  facet normal  0.000000e+000  0.000000e+000 -1.000000e+000
    outer loop
      vertex -5.986987e+001 -1.171842e+001  4.001443e+001
      vertex -3.954395e+001 -5.605759e+000  4.001443e+001
      vertex -4.351665e+001 -7.305759e+000  4.001443e+001
    endloop
  endfacet
  facet normal  0.000000e+000  0.000000e+000 -1.000000e+000
    outer loop
      vertex -4.351665e+001 -7.305759e+000  4.001443e+001
      vertex -5.884207e+001 -1.510664e+001  4.001443e+001
      vertex -5.856173e+001 -1.487657e+001  4.001443e+001
    endloop
  endfacet
  facet normal  0.000000e+000  0.000000e+000 -1.000000e+000
    outer loop
      vertex -4.351665e+001 -7.305759e+000  4.001443e+001
      vertex -5.856173e+001 -1.487657e+001  4.001443e+001
      vertex -5.833165e+001 -1.459623e+001  4.001443e+001
    endloop
  endfacet
  facet normal  0.000000e+000  0.000000e+000 -1.000000e+000
    outer loop
      vertex -4.351665e+001 -7.305759e+000  4.001443e+001
      vertex -5.833165e+001 -1.459623e+001  4.001443e+001
      vertex -5.816069e+001 -1.427639e+001  4.001443e+001
    endloop
  endfacet
  facet normal  0.000000e+000  0.000000e+000 -1.000000e+000
    outer loop
      vertex -4.351665e+001 -7.305759e+000  4.001443e+001
      vertex -5.816069e+001 -1.427639e+001  4.001443e+001
      vertex -5.805542e+001 -1.392934e+001  4.001443e+001
    endloop
  endfacet
  facet normal  0.000000e+000  0.000000e+000 -1.000000e+000
    outer loop
      vertex -4.351665e+001 -7.305759e+000  4.001443e+001
      vertex -5.805542e+001 -1.392934e+001  4.001443e+001
      vertex -5.801987e+001 -1.356842e+001  4.001443e+001
    endloop
  endfacet
  facet normal  0.000000e+000  0.000000e+000 -1.000000e+000
    outer loop
      vertex -4.351665e+001 -7.305759e+000  4.001443e+001
      vertex -5.801987e+001 -1.356842e+001  4.001443e+001
      vertex -5.805542e+001 -1.320751e+001  4.001443e+001
    endloop
  endfacet
  facet normal  0.000000e+000  0.000000e+000 -1.000000e+000
    outer loop
      vertex -4.351665e+001 -7.305759e+000  4.001443e+001
      vertex -5.805542e+001 -1.320751e+001  4.001443e+001
      vertex -5.816069e+001 -1.286046e+001  4.001443e+001
    endloop
  endfacet
  facet normal  0.000000e+000  0.000000e+000 -1.000000e+000
    outer loop
      vertex -4.351665e+001 -7.305759e+000  4.001443e+001
      vertex -5.816069e+001 -1.286046e+001  4.001443e+001
      vertex -5.833165e+001 -1.254062e+001  4.001443e+001
    endloop
  endfacet
  facet normal  0.000000e+000  0.000000e+000 -1.000000e+000
    outer loop
      vertex -4.351665e+001 -7.305759e+000  4.001443e+001
      vertex -5.833165e+001 -1.254062e+001  4.001443e+001
      vertex -5.856173e+001 -1.226028e+001  4.001443e+001
    endloop
  endfacet
  facet normal  0.000000e+000  0.000000e+000 -1.000000e+000
    outer loop
      vertex -4.351665e+001 -7.305759e+000  4.001443e+001
      vertex -5.856173e+001 -1.226028e+001  4.001443e+001
      vertex -5.884207e+001 -1.203021e+001  4.001443e+001
    endloop
  endfacet
  facet normal  0.000000e+000  0.000000e+000 -1.000000e+000
    outer loop
      vertex -4.351665e+001 -7.305759e+000  4.001443e+001
      vertex -5.884207e+001 -1.203021e+001  4.001443e+001
      vertex -5.916191e+001 -1.185925e+001  4.001443e+001
    endloop
  endfacet
  facet normal  0.000000e+000  0.000000e+000 -1.000000e+000
    outer loop
      vertex -4.351665e+001 -7.305759e+000  4.001443e+001
      vertex -5.916191e+001 -1.185925e+001  4.001443e+001
      vertex -5.950896e+001 -1.175397e+001  4.001443e+001
    endloop
  endfacet
  facet normal  0.000000e+000  0.000000e+000 -1.000000e+000
    outer loop
      vertex -4.351665e+001 -7.305759e+000  4.001443e+001
      vertex -5.950896e+001 -1.175397e+001  4.001443e+001
      vertex -5.986987e+001 -1.171842e+001  4.001443e+001
    endloop
  endfacet
  facet normal  -0.000000e+000  -0.000000e+000 -1.000000e+000
    outer loop
      vertex -4.351665e+001 -1.990576e+001  4.001443e+001
      vertex -3.954395e+001 -1.990576e+001  4.001443e+001
      vertex -3.954395e+001 -2.160576e+001  4.001443e+001
    endloop
  endfacet
  facet normal  0.000000e+000  0.000000e+000 -1.000000e+000
    outer loop
      vertex -4.351665e+001 -1.990576e+001  4.001443e+001
      vertex -3.954395e+001 -2.160576e+001  4.001443e+001
      vertex -6.386987e+001 -2.160576e+001  4.001443e+001
    endloop
  endfacet
  facet normal  0.000000e+000  0.000000e+000 -1.000000e+000
    outer loop
      vertex -4.351665e+001 -1.990576e+001  4.001443e+001
      vertex -6.386987e+001 -2.160576e+001  4.001443e+001
      vertex -5.986987e+001 -1.541842e+001  4.001443e+001
    endloop
  endfacet
  facet normal  0.000000e+000  0.000000e+000 -1.000000e+000
    outer loop
      vertex -4.351665e+001 -1.990576e+001  4.001443e+001
      vertex -5.986987e+001 -1.541842e+001  4.001443e+001
      vertex -5.950896e+001 -1.538288e+001  4.001443e+001
    endloop
  endfacet
  facet normal  0.000000e+000  0.000000e+000 -1.000000e+000
    outer loop
      vertex -4.351665e+001 -1.990576e+001  4.001443e+001
      vertex -5.950896e+001 -1.538288e+001  4.001443e+001
      vertex -5.916191e+001 -1.527760e+001  4.001443e+001
    endloop
  endfacet
  facet normal  0.000000e+000  0.000000e+000 -1.000000e+000
    outer loop
      vertex -4.351665e+001 -1.990576e+001  4.001443e+001
      vertex -5.916191e+001 -1.527760e+001  4.001443e+001
      vertex -5.884207e+001 -1.510664e+001  4.001443e+001
    endloop
  endfacet
  facet normal  0.000000e+000  0.000000e+000 -1.000000e+000
    outer loop
      vertex -4.351665e+001 -1.990576e+001  4.001443e+001
      vertex -5.884207e+001 -1.510664e+001  4.001443e+001
      vertex -4.351665e+001 -7.305759e+000  4.001443e+001
    endloop
  endfacet
  facet normal  -0.000000e+000  0.000000e+000 -1.000000e+000
    outer loop
      vertex -6.686987e+001 -8.605759e+000  4.001443e+001
      vertex -5.986987e+001 -1.171842e+001  4.001443e+001
      vertex -6.023079e+001 -1.175397e+001  4.001443e+001
    endloop
  endfacet
  facet normal  -0.000000e+000  0.000000e+000 -9.999999e-001
    outer loop
      vertex -6.686987e+001 -8.605759e+000  4.001443e+001
      vertex -6.023079e+001 -1.175397e+001  4.001443e+001
      vertex -6.057784e+001 -1.185925e+001  4.001443e+001
    endloop
  endfacet
  facet normal  -0.000000e+000  0.000000e+000 -1.000000e+000
    outer loop
      vertex -6.686987e+001 -8.605759e+000  4.001443e+001
      vertex -6.057784e+001 -1.185925e+001  4.001443e+001
      vertex -6.089768e+001 -1.203021e+001  4.001443e+001
    endloop
  endfacet
  facet normal  -0.000000e+000  0.000000e+000 -1.000000e+000
    outer loop
      vertex -6.686987e+001 -8.605759e+000  4.001443e+001
      vertex -6.089768e+001 -1.203021e+001  4.001443e+001
      vertex -6.117802e+001 -1.226028e+001  4.001443e+001
    endloop
  endfacet
  facet normal  -0.000000e+000  0.000000e+000 -1.000000e+000
    outer loop
      vertex -6.686987e+001 -8.605759e+000  4.001443e+001
      vertex -6.117802e+001 -1.226028e+001  4.001443e+001
      vertex -6.140809e+001 -1.254062e+001  4.001443e+001
    endloop
  endfacet
  facet normal  -0.000000e+000  0.000000e+000 -1.000000e+000
    outer loop
      vertex -6.686987e+001 -8.605759e+000  4.001443e+001
      vertex -6.140809e+001 -1.254062e+001  4.001443e+001
      vertex -6.157905e+001 -1.286046e+001  4.001443e+001
    endloop
  endfacet
  facet normal  -0.000000e+000  0.000000e+000 -1.000000e+000
    outer loop
      vertex -6.686987e+001 -8.605759e+000  4.001443e+001
      vertex -6.157905e+001 -1.286046e+001  4.001443e+001
      vertex -6.168433e+001 -1.320751e+001  4.001443e+001
    endloop
  endfacet
  facet normal  -0.000000e+000  0.000000e+000 -1.000000e+000
    outer loop
      vertex -6.686987e+001 -8.605759e+000  4.001443e+001
      vertex -6.168433e+001 -1.320751e+001  4.001443e+001
      vertex -6.171987e+001 -1.356842e+001  4.001443e+001
    endloop
  endfacet
  facet normal  -0.000000e+000  -0.000000e+000 -1.000000e+000
    outer loop
      vertex -6.686987e+001 -8.605759e+000  4.001443e+001
      vertex -6.171987e+001 -1.356842e+001  4.001443e+001
      vertex -6.168433e+001 -1.392934e+001  4.001443e+001
    endloop
  endfacet
  facet normal  -0.000000e+000  -0.000000e+000 -9.999999e-001
    outer loop
      vertex -6.686987e+001 -8.605759e+000  4.001443e+001
      vertex -6.168433e+001 -1.392934e+001  4.001443e+001
      vertex -6.157905e+001 -1.427639e+001  4.001443e+001
    endloop
  endfacet
  facet normal  -0.000000e+000  -0.000000e+000 -9.999999e-001
    outer loop
      vertex -6.686987e+001 -8.605759e+000  4.001443e+001
      vertex -6.157905e+001 -1.427639e+001  4.001443e+001
      vertex -6.140809e+001 -1.459623e+001  4.001443e+001
    endloop
  endfacet
  facet normal  -0.000000e+000  -0.000000e+000 -1.000000e+000
    outer loop
      vertex -6.686987e+001 -8.605759e+000  4.001443e+001
      vertex -6.140809e+001 -1.459623e+001  4.001443e+001
      vertex -6.117802e+001 -1.487657e+001  4.001443e+001
    endloop
  endfacet
  facet normal  0.000000e+000  0.000000e+000 -1.000000e+000
    outer loop
      vertex -6.686987e+001 -1.860576e+001  4.001443e+001
      vertex -6.686987e+001 -8.605759e+000  4.001443e+001
      vertex -6.117802e+001 -1.487657e+001  4.001443e+001
    endloop
  endfacet
  facet normal  0.000000e+000  -0.000000e+000 -1.000000e+000
    outer loop
      vertex -6.686987e+001 -1.860576e+001  4.001443e+001
      vertex -6.117802e+001 -1.487657e+001  4.001443e+001
      vertex -6.089768e+001 -1.510664e+001  4.001443e+001
    endloop
  endfacet
  facet normal  0.000000e+000  -0.000000e+000 -1.000000e+000
    outer loop
      vertex -6.686987e+001 -1.860576e+001  4.001443e+001
      vertex -6.089768e+001 -1.510664e+001  4.001443e+001
      vertex -6.057784e+001 -1.527760e+001  4.001443e+001
    endloop
  endfacet
  facet normal  0.000000e+000  -0.000000e+000 -1.000000e+000
    outer loop
      vertex -6.686987e+001 -1.860576e+001  4.001443e+001
      vertex -6.057784e+001 -1.527760e+001  4.001443e+001
      vertex -6.023079e+001 -1.538288e+001  4.001443e+001
    endloop
  endfacet
  facet normal  0.000000e+000  -0.000000e+000 -9.999999e-001
    outer loop
      vertex -6.686987e+001 -1.860576e+001  4.001443e+001
      vertex -6.023079e+001 -1.538288e+001  4.001443e+001
      vertex -5.986987e+001 -1.541842e+001  4.001443e+001
    endloop
  endfacet
  facet normal  0.000000e+000  0.000000e+000 -1.000000e+000
    outer loop
      vertex -5.986987e+001 -1.541842e+001  4.001443e+001
      vertex -6.386987e+001 -2.160576e+001  4.001443e+001
      vertex -6.433918e+001 -2.156882e+001  4.001443e+001
    endloop
  endfacet
  facet normal  0.000000e+000  0.000000e+000 -1.000000e+000
    outer loop
      vertex -5.986987e+001 -1.541842e+001  4.001443e+001
      vertex -6.433918e+001 -2.156882e+001  4.001443e+001
      vertex -6.479692e+001 -2.145893e+001  4.001443e+001
    endloop
  endfacet
  facet normal  0.000000e+000  0.000000e+000 -9.999999e-001
    outer loop
      vertex -5.986987e+001 -1.541842e+001  4.001443e+001
      vertex -6.479692e+001 -2.145893e+001  4.001443e+001
      vertex -6.523184e+001 -2.127878e+001  4.001443e+001
    endloop
  endfacet
  facet normal  0.000000e+000  0.000000e+000 -1.000000e+000
    outer loop
      vertex -5.986987e+001 -1.541842e+001  4.001443e+001
      vertex -6.523184e+001 -2.127878e+001  4.001443e+001
      vertex -6.563323e+001 -2.103281e+001  4.001443e+001
    endloop
  endfacet
  facet normal  0.000000e+000  0.000000e+000 -1.000000e+000
    outer loop
      vertex -5.986987e+001 -1.541842e+001  4.001443e+001
      vertex -6.563323e+001 -2.103281e+001  4.001443e+001
      vertex -6.599120e+001 -2.072708e+001  4.001443e+001
    endloop
  endfacet
  facet normal  0.000000e+000  0.000000e+000 -1.000000e+000
    outer loop
      vertex -5.986987e+001 -1.541842e+001  4.001443e+001
      vertex -6.599120e+001 -2.072708e+001  4.001443e+001
      vertex -6.629692e+001 -2.036911e+001  4.001443e+001
    endloop
  endfacet
  facet normal  0.000000e+000  0.000000e+000 -1.000000e+000
    outer loop
      vertex -5.986987e+001 -1.541842e+001  4.001443e+001
      vertex -6.629692e+001 -2.036911e+001  4.001443e+001
      vertex -6.654289e+001 -1.996773e+001  4.001443e+001
    endloop
  endfacet
  facet normal  0.000000e+000  0.000000e+000 -1.000000e+000
    outer loop
      vertex -5.986987e+001 -1.541842e+001  4.001443e+001
      vertex -6.654289e+001 -1.996773e+001  4.001443e+001
      vertex -6.672305e+001 -1.953281e+001  4.001443e+001
    endloop
  endfacet
  facet normal  0.000000e+000  0.000000e+000 -1.000000e+000
    outer loop
      vertex -5.986987e+001 -1.541842e+001  4.001443e+001
      vertex -6.672305e+001 -1.953281e+001  4.001443e+001
      vertex -6.683294e+001 -1.907506e+001  4.001443e+001
    endloop
  endfacet
  facet normal  0.000000e+000  0.000000e+000 -1.000000e+000
    outer loop
      vertex -5.986987e+001 -1.541842e+001  4.001443e+001
      vertex -6.683294e+001 -1.907506e+001  4.001443e+001
      vertex -6.686987e+001 -1.860576e+001  4.001443e+001
    endloop
  endfacet
  facet normal -1.000000e+000  0.000000e+000  0.000000e+000
    outer loop
      vertex -6.686987e+001 -8.605759e+000  4.201443e+001
      vertex -6.686987e+001 -8.605759e+000  4.001443e+001
      vertex -6.686987e+001 -1.860576e+001  4.201443e+001
    endloop
  endfacet
  facet normal -1.000000e+000  0.000000e+000  0.000000e+000
    outer loop
      vertex -6.686987e+001 -1.860576e+001  4.201443e+001
      vertex -6.686987e+001 -8.605759e+000  4.001443e+001
      vertex -6.686987e+001 -1.860576e+001  4.001443e+001
    endloop
  endfacet
  facet normal  0.000000e+000  1.000000e+000  0.000000e+000
    outer loop
      vertex -3.811708e+001 -5.605759e+000  5.002925e+001
      vertex -3.867706e+001 -5.605759e+000  5.018614e+001
      vertex -3.485296e+001 -5.605759e+000  4.975537e+001
    endloop
  endfacet
  facet normal  0.000000e+000  1.000000e+000  -0.000000e+000
    outer loop
      vertex -3.446360e+001 -5.605759e+000  4.920663e+001
      vertex -3.663571e+001 -5.605759e+000  4.912840e+001
      vertex -3.708681e+001 -5.605759e+000  4.949540e+001
    endloop
  endfacet
  facet normal  0.000000e+000  1.000000e+000  0.000000e+000
    outer loop
      vertex -3.530131e+001 -5.605759e+000  4.177179e+001
      vertex -3.925318e+001 -5.605759e+000  4.176354e+001
      vertex -3.867706e+001 -5.605759e+000  4.184273e+001
    endloop
  endfacet
  facet normal  0.000000e+000  1.000000e+000  0.000000e+000
    outer loop
      vertex -3.925318e+001 -5.605759e+000  4.176354e+001
      vertex -3.530131e+001 -5.605759e+000  4.177179e+001
      vertex -3.580301e+001 -5.605759e+000  4.132344e+001
    endloop
  endfacet
  facet normal  0.000000e+000  1.000000e+000  0.000000e+000
    outer loop
      vertex -5.142048e+001 -5.605759e+000  4.201443e+001
      vertex -5.101202e+001 -5.605759e+000  4.260156e+001
      vertex -4.200108e+001 -5.605759e+000  4.253347e+001
    endloop
  endfacet
  facet normal  0.000000e+000  9.999999e-001  0.000000e+000
    outer loop
      vertex -5.142048e+001 -5.605759e+000  4.201443e+001
      vertex -4.200108e+001 -5.605759e+000  4.253347e+001
      vertex -4.150421e+001 -5.605759e+000  4.223131e+001
    endloop
  endfacet
  facet normal  0.000000e+000  1.000000e+000  0.000000e+000
    outer loop
      vertex -5.142048e+001 -5.605759e+000  4.201443e+001
      vertex -4.150421e+001 -5.605759e+000  4.223131e+001
      vertex -4.097081e+001 -5.605759e+000  4.199962e+001
    endloop
  endfacet
  facet normal  0.000000e+000  1.000000e+000  0.000000e+000
    outer loop
      vertex -5.142048e+001 -5.605759e+000  4.201443e+001
      vertex -4.097081e+001 -5.605759e+000  4.199962e+001
      vertex -6.386987e+001 -5.605759e+000  4.201443e+001
    endloop
  endfacet
  facet normal  0.000000e+000  1.000000e+000  0.000000e+000
    outer loop
      vertex -3.925318e+001 -5.605759e+000  5.026533e+001
      vertex -3.887216e+001 -5.605759e+000  5.197671e+001
      vertex -3.820882e+001 -5.605759e+000  5.186400e+001
    endloop
  endfacet
  facet normal  0.000000e+000  1.000000e+000  0.000000e+000
    outer loop
      vertex -3.925318e+001 -5.605759e+000  5.026533e+001
      vertex -3.820882e+001 -5.605759e+000  5.186400e+001
      vertex -3.756227e+001 -5.605759e+000  5.167773e+001
    endloop
  endfacet
  facet normal  0.000000e+000  1.000000e+000  0.000000e+000
    outer loop
      vertex -3.925318e+001 -5.605759e+000  5.026533e+001
      vertex -3.756227e+001 -5.605759e+000  5.167773e+001
      vertex -3.694065e+001 -5.605759e+000  5.142025e+001
    endloop
  endfacet
  facet normal  0.000000e+000  1.000000e+000  0.000000e+000
    outer loop
      vertex -3.925318e+001 -5.605759e+000  5.026533e+001
      vertex -3.694065e+001 -5.605759e+000  5.142025e+001
      vertex -3.635176e+001 -5.605759e+000  5.109478e+001
    endloop
  endfacet
  facet normal  0.000000e+000  1.000000e+000  0.000000e+000
    outer loop
      vertex -3.925318e+001 -5.605759e+000  5.026533e+001
      vertex -3.635176e+001 -5.605759e+000  5.109478e+001
      vertex -3.580301e+001 -5.605759e+000  5.070543e+001
    endloop
  endfacet
  facet normal  0.000000e+000  1.000000e+000  0.000000e+000
    outer loop
      vertex -3.925318e+001 -5.605759e+000  5.026533e+001
      vertex -3.580301e+001 -5.605759e+000  5.070543e+001
      vertex -3.530131e+001 -5.605759e+000  5.025708e+001
    endloop
  endfacet
  facet normal  0.000000e+000  1.000000e+000  0.000000e+000
    outer loop
      vertex -3.925318e+001 -5.605759e+000  5.026533e+001
      vertex -3.530131e+001 -5.605759e+000  5.025708e+001
      vertex -3.485296e+001 -5.605759e+000  4.975537e+001
    endloop
  endfacet
  facet normal  0.000000e+000  1.000000e+000  0.000000e+000
    outer loop
      vertex -3.925318e+001 -5.605759e+000  5.026533e+001
      vertex -3.485296e+001 -5.605759e+000  4.975537e+001
      vertex -3.867706e+001 -5.605759e+000  5.018614e+001
    endloop
  endfacet
  facet normal  0.000000e+000  1.000000e+000  0.000000e+000
    outer loop
      vertex -6.386987e+001 -5.605759e+000  4.001443e+001
      vertex -6.386987e+001 -5.605759e+000  4.201443e+001
      vertex -4.097081e+001 -5.605759e+000  4.199962e+001
    endloop
  endfacet
  facet normal  0.000000e+000  1.000000e+000  0.000000e+000
    outer loop
      vertex -6.386987e+001 -5.605759e+000  4.001443e+001
      vertex -4.097081e+001 -5.605759e+000  4.199962e+001
      vertex -4.041084e+001 -5.605759e+000  4.184273e+001
    endloop
  endfacet
  facet normal  0.000000e+000  9.999999e-001  0.000000e+000
    outer loop
      vertex -6.386987e+001 -5.605759e+000  4.001443e+001
      vertex -4.041084e+001 -5.605759e+000  4.184273e+001
      vertex -3.983472e+001 -5.605759e+000  4.176354e+001
    endloop
  endfacet
  facet normal  0.000000e+000  1.000000e+000  0.000000e+000
    outer loop
      vertex -6.386987e+001 -5.605759e+000  4.001443e+001
      vertex -3.983472e+001 -5.605759e+000  4.176354e+001
      vertex -3.954395e+001 -5.605759e+000  4.001443e+001
    endloop
  endfacet
  facet normal  -0.000000e+000  1.000000e+000  0.000000e+000
    outer loop
      vertex -3.954395e+001 -5.605759e+000  4.001443e+001
      vertex -3.983472e+001 -5.605759e+000  4.176354e+001
      vertex -3.925318e+001 -5.605759e+000  4.176354e+001
    endloop
  endfacet
  facet normal  0.000000e+000  1.000000e+000  0.000000e+000
    outer loop
      vertex -3.954395e+001 -5.605759e+000  4.001443e+001
      vertex -3.925318e+001 -5.605759e+000  4.176354e+001
      vertex -3.580301e+001 -5.605759e+000  4.132344e+001
    endloop
  endfacet
  facet normal  0.000000e+000  1.000000e+000  0.000000e+000
    outer loop
      vertex -3.954395e+001 -5.605759e+000  4.001443e+001
      vertex -3.580301e+001 -5.605759e+000  4.132344e+001
      vertex -3.635176e+001 -5.605759e+000  4.093409e+001
    endloop
  endfacet
  facet normal  0.000000e+000  9.999999e-001  0.000000e+000
    outer loop
      vertex -3.954395e+001 -5.605759e+000  4.001443e+001
      vertex -3.635176e+001 -5.605759e+000  4.093409e+001
      vertex -3.694065e+001 -5.605759e+000  4.060862e+001
    endloop
  endfacet
  facet normal  0.000000e+000  1.000000e+000  0.000000e+000
    outer loop
      vertex -3.954395e+001 -5.605759e+000  4.001443e+001
      vertex -3.694065e+001 -5.605759e+000  4.060862e+001
      vertex -3.756227e+001 -5.605759e+000  4.035114e+001
    endloop
  endfacet
  facet normal  0.000000e+000  1.000000e+000  0.000000e+000
    outer loop
      vertex -3.954395e+001 -5.605759e+000  4.001443e+001
      vertex -3.756227e+001 -5.605759e+000  4.035114e+001
      vertex -3.820882e+001 -5.605759e+000  4.016487e+001
    endloop
  endfacet
  facet normal  0.000000e+000  1.000000e+000  0.000000e+000
    outer loop
      vertex -3.954395e+001 -5.605759e+000  4.001443e+001
      vertex -3.820882e+001 -5.605759e+000  4.016487e+001
      vertex -3.887216e+001 -5.605759e+000  4.005216e+001
    endloop
  endfacet
  facet normal  0.000000e+000  1.000000e+000  0.000000e+000
    outer loop
      vertex -3.925318e+001 -5.605759e+000  5.026533e+001
      vertex -3.983472e+001 -5.605759e+000  5.026533e+001
      vertex -3.887216e+001 -5.605759e+000  5.197671e+001
    endloop
  endfacet
  facet normal  0.000000e+000  1.000000e+000  0.000000e+000
    outer loop
      vertex -3.887216e+001 -5.605759e+000  5.197671e+001
      vertex -3.983472e+001 -5.605759e+000  5.026533e+001
      vertex -3.954395e+001 -5.605759e+000  5.201443e+001
    endloop
  endfacet
  facet normal  -0.000000e+000  1.000000e+000  0.000000e+000
    outer loop
      vertex -3.983472e+001 -5.605759e+000  5.026533e+001
      vertex -5.186987e+001 -5.605759e+000  5.053140e+001
      vertex -3.954395e+001 -5.605759e+000  5.201443e+001
    endloop
  endfacet
  facet normal  0.000000e+000  1.000000e+000  0.000000e+000
    outer loop
      vertex -3.954395e+001 -5.605759e+000  5.201443e+001
      vertex -5.186987e+001 -5.605759e+000  5.053140e+001
      vertex -5.186987e+001 -5.605759e+000  5.201443e+001
    endloop
  endfacet
  facet normal  0.000000e+000  1.000000e+000  0.000000e+000
    outer loop
      vertex -4.097081e+001 -5.605759e+000  5.002925e+001
      vertex -5.140190e+001 -5.605759e+000  4.999052e+001
      vertex -4.041084e+001 -5.605759e+000  5.018614e+001
    endloop
  endfacet
  facet normal  0.000000e+000  1.000000e+000  0.000000e+000
    outer loop
      vertex -4.041084e+001 -5.605759e+000  5.018614e+001
      vertex -5.140190e+001 -5.605759e+000  4.999052e+001
      vertex -5.186987e+001 -5.605759e+000  5.053140e+001
    endloop
  endfacet
  facet normal  0.000000e+000  1.000000e+000  0.000000e+000
    outer loop
      vertex -4.041084e+001 -5.605759e+000  5.018614e+001
      vertex -5.186987e+001 -5.605759e+000  5.053140e+001
      vertex -3.983472e+001 -5.605759e+000  5.026533e+001
    endloop
  endfacet
  facet normal  0.000000e+000  1.000000e+000  0.000000e+000
    outer loop
      vertex -4.200108e+001 -5.605759e+000  4.949540e+001
      vertex -5.099618e+001 -5.605759e+000  4.940150e+001
      vertex -4.150421e+001 -5.605759e+000  4.979756e+001
    endloop
  endfacet
  facet normal  0.000000e+000  1.000000e+000  0.000000e+000
    outer loop
      vertex -4.150421e+001 -5.605759e+000  4.979756e+001
      vertex -5.099618e+001 -5.605759e+000  4.940150e+001
      vertex -5.140190e+001 -5.605759e+000  4.999052e+001
    endloop
  endfacet
  facet normal  -0.000000e+000  1.000000e+000  0.000000e+000
    outer loop
      vertex -4.150421e+001 -5.605759e+000  4.979756e+001
      vertex -5.140190e+001 -5.605759e+000  4.999052e+001
      vertex -4.097081e+001 -5.605759e+000  5.002925e+001
    endloop
  endfacet
  facet normal  -0.000000e+000  1.000000e+000  0.000000e+000
    outer loop
      vertex -4.284912e+001 -5.605759e+000  4.870339e+001
      vertex -5.065763e+001 -5.605759e+000  4.877147e+001
      vertex -4.245219e+001 -5.605759e+000  4.912840e+001
    endloop
  endfacet
  facet normal  0.000000e+000  1.000000e+000  0.000000e+000
    outer loop
      vertex -4.245219e+001 -5.605759e+000  4.912840e+001
      vertex -5.065763e+001 -5.605759e+000  4.877147e+001
      vertex -5.099618e+001 -5.605759e+000  4.940150e+001
    endloop
  endfacet
  facet normal  -0.000000e+000  1.000000e+000  0.000000e+000
    outer loop
      vertex -4.245219e+001 -5.605759e+000  4.912840e+001
      vertex -5.099618e+001 -5.605759e+000  4.940150e+001
      vertex -4.200108e+001 -5.605759e+000  4.949540e+001
    endloop
  endfacet
  facet normal  -0.000000e+000  1.000000e+000  0.000000e+000
    outer loop
      vertex -4.364677e+001 -5.605759e+000  4.716399e+001
      vertex -5.019758e+001 -5.605759e+000  4.741930e+001
      vertex -4.345203e+001 -5.605759e+000  4.771195e+001
    endloop
  endfacet
  facet normal  0.000000e+000  1.000000e+000  0.000000e+000
    outer loop
      vertex -4.345203e+001 -5.605759e+000  4.771195e+001
      vertex -5.019758e+001 -5.605759e+000  4.741930e+001
      vertex -5.039035e+001 -5.605759e+000  4.810806e+001
    endloop
  endfacet
  facet normal  -0.000000e+000  9.999999e-001  0.000000e+000
    outer loop
      vertex -4.345203e+001 -5.605759e+000  4.771195e+001
      vertex -5.039035e+001 -5.605759e+000  4.810806e+001
      vertex -4.318448e+001 -5.605759e+000  4.822829e+001
    endloop
  endfacet
  facet normal  0.000000e+000  1.000000e+000  0.000000e+000
    outer loop
      vertex -4.318448e+001 -5.605759e+000  4.822829e+001
      vertex -5.039035e+001 -5.605759e+000  4.810806e+001
      vertex -5.065763e+001 -5.605759e+000  4.877147e+001
    endloop
  endfacet
  facet normal  0.000000e+000  1.000000e+000  0.000000e+000
    outer loop
      vertex -4.318448e+001 -5.605759e+000  4.822829e+001
      vertex -5.065763e+001 -5.605759e+000  4.877147e+001
      vertex -4.284912e+001 -5.605759e+000  4.870339e+001
    endloop
  endfacet
  facet normal  -0.000000e+000  1.000000e+000  0.000000e+000
    outer loop
      vertex -4.345203e+001 -5.605759e+000  4.431692e+001
      vertex -5.020420e+001 -5.605759e+000  4.458002e+001
      vertex -4.364677e+001 -5.605759e+000  4.486488e+001
    endloop
  endfacet
  facet normal  0.000000e+000  1.000000e+000  0.000000e+000
    outer loop
      vertex -4.364677e+001 -5.605759e+000  4.486488e+001
      vertex -5.020420e+001 -5.605759e+000  4.458002e+001
      vertex -5.008498e+001 -5.605759e+000  4.528524e+001
    endloop
  endfacet
  facet normal  -0.000000e+000  1.000000e+000  0.000000e+000
    outer loop
      vertex -4.364677e+001 -5.605759e+000  4.486488e+001
      vertex -5.008498e+001 -5.605759e+000  4.528524e+001
      vertex -4.376509e+001 -5.605759e+000  4.543425e+001
    endloop
  endfacet
  facet normal  0.000000e+000  1.000000e+000  0.000000e+000
    outer loop
      vertex -4.376509e+001 -5.605759e+000  4.543425e+001
      vertex -5.008498e+001 -5.605759e+000  4.528524e+001
      vertex -5.004397e+001 -5.605759e+000  4.599929e+001
    endloop
  endfacet
  facet normal  -0.000000e+000  1.000000e+000  0.000000e+000
    outer loop
      vertex -4.376509e+001 -5.605759e+000  4.543425e+001
      vertex -5.004397e+001 -5.605759e+000  4.599929e+001
      vertex -4.380478e+001 -5.605759e+000  4.601443e+001
    endloop
  endfacet
  facet normal  0.000000e+000  1.000000e+000  0.000000e+000
    outer loop
      vertex -4.380478e+001 -5.605759e+000  4.601443e+001
      vertex -5.004397e+001 -5.605759e+000  4.599929e+001
      vertex -5.008165e+001 -5.605759e+000  4.671353e+001
    endloop
  endfacet
  facet normal  0.000000e+000  1.000000e+000  0.000000e+000
    outer loop
      vertex -4.380478e+001 -5.605759e+000  4.601443e+001
      vertex -5.008165e+001 -5.605759e+000  4.671353e+001
      vertex -4.376509e+001 -5.605759e+000  4.659462e+001
    endloop
  endfacet
  facet normal  0.000000e+000  1.000000e+000  0.000000e+000
    outer loop
      vertex -4.376509e+001 -5.605759e+000  4.659462e+001
      vertex -5.008165e+001 -5.605759e+000  4.671353e+001
      vertex -5.019758e+001 -5.605759e+000  4.741930e+001
    endloop
  endfacet
  facet normal  0.000000e+000  1.000000e+000  0.000000e+000
    outer loop
      vertex -4.376509e+001 -5.605759e+000  4.659462e+001
      vertex -5.019758e+001 -5.605759e+000  4.741930e+001
      vertex -4.364677e+001 -5.605759e+000  4.716399e+001
    endloop
  endfacet
  facet normal  -0.000000e+000  9.999999e-001  0.000000e+000
    outer loop
      vertex -4.200108e+001 -5.605759e+000  4.253347e+001
      vertex -5.101202e+001 -5.605759e+000  4.260156e+001
      vertex -4.245219e+001 -5.605759e+000  4.290047e+001
    endloop
  endfacet
  facet normal  0.000000e+000  1.000000e+000  0.000000e+000
    outer loop
      vertex -4.245219e+001 -5.605759e+000  4.290047e+001
      vertex -5.101202e+001 -5.605759e+000  4.260156e+001
      vertex -5.067054e+001 -5.605759e+000  4.323001e+001
    endloop
  endfacet
  facet normal  -0.000000e+000  1.000000e+000  0.000000e+000
    outer loop
      vertex -4.245219e+001 -5.605759e+000  4.290047e+001
      vertex -5.067054e+001 -5.605759e+000  4.323001e+001
      vertex -4.284912e+001 -5.605759e+000  4.332548e+001
    endloop
  endfacet
  facet normal  0.000000e+000  1.000000e+000  0.000000e+000
    outer loop
      vertex -4.284912e+001 -5.605759e+000  4.332548e+001
      vertex -5.067054e+001 -5.605759e+000  4.323001e+001
      vertex -5.040017e+001 -5.605759e+000  4.389217e+001
    endloop
  endfacet
  facet normal  0.000000e+000  1.000000e+000  0.000000e+000
    outer loop
      vertex -4.284912e+001 -5.605759e+000  4.332548e+001
      vertex -5.040017e+001 -5.605759e+000  4.389217e+001
      vertex -4.318448e+001 -5.605759e+000  4.380058e+001
    endloop
  endfacet
  facet normal  0.000000e+000  1.000000e+000  0.000000e+000
    outer loop
      vertex -4.318448e+001 -5.605759e+000  4.380058e+001
      vertex -5.040017e+001 -5.605759e+000  4.389217e+001
      vertex -5.020420e+001 -5.605759e+000  4.458002e+001
    endloop
  endfacet
  facet normal  0.000000e+000  1.000000e+000  0.000000e+000
    outer loop
      vertex -4.318448e+001 -5.605759e+000  4.380058e+001
      vertex -5.020420e+001 -5.605759e+000  4.458002e+001
      vertex -4.345203e+001 -5.605759e+000  4.431692e+001
    endloop
  endfacet
  facet normal  0.000000e+000  1.000000e+000  0.000000e+000
    outer loop
      vertex -3.811708e+001 -5.605759e+000  5.002925e+001
      vertex -3.485296e+001 -5.605759e+000  4.975537e+001
      vertex -3.758369e+001 -5.605759e+000  4.979756e+001
    endloop
  endfacet
  facet normal  0.000000e+000  1.000000e+000  0.000000e+000
    outer loop
      vertex -3.758369e+001 -5.605759e+000  4.979756e+001
      vertex -3.485296e+001 -5.605759e+000  4.975537e+001
      vertex -3.446360e+001 -5.605759e+000  4.920663e+001
    endloop
  endfacet
  facet normal  0.000000e+000  9.999999e-001  0.000000e+000
    outer loop
      vertex -3.758369e+001 -5.605759e+000  4.979756e+001
      vertex -3.446360e+001 -5.605759e+000  4.920663e+001
      vertex -3.708681e+001 -5.605759e+000  4.949540e+001
    endloop
  endfacet
  facet normal  0.000000e+000  1.000000e+000  0.000000e+000
    outer loop
      vertex -3.544112e+001 -5.605759e+000  4.716399e+001
      vertex -3.563587e+001 -5.605759e+000  4.771195e+001
      vertex -3.369438e+001 -5.605759e+000  4.734956e+001
    endloop
  endfacet
  facet normal  0.000000e+000  9.999999e-001  0.000000e+000
    outer loop
      vertex -3.369438e+001 -5.605759e+000  4.734956e+001
      vertex -3.563587e+001 -5.605759e+000  4.771195e+001
      vertex -3.590342e+001 -5.605759e+000  4.822829e+001
    endloop
  endfacet
  facet normal  0.000000e+000  1.000000e+000  0.000000e+000
    outer loop
      vertex -3.369438e+001 -5.605759e+000  4.734956e+001
      vertex -3.590342e+001 -5.605759e+000  4.822829e+001
      vertex -3.388065e+001 -5.605759e+000  4.799611e+001
    endloop
  endfacet
  facet normal  0.000000e+000  1.000000e+000  0.000000e+000
    outer loop
      vertex -3.388065e+001 -5.605759e+000  4.799611e+001
      vertex -3.590342e+001 -5.605759e+000  4.822829e+001
      vertex -3.623878e+001 -5.605759e+000  4.870339e+001
    endloop
  endfacet
  facet normal  0.000000e+000  1.000000e+000  0.000000e+000
    outer loop
      vertex -3.388065e+001 -5.605759e+000  4.799611e+001
      vertex -3.623878e+001 -5.605759e+000  4.870339e+001
      vertex -3.413814e+001 -5.605759e+000  4.861774e+001
    endloop
  endfacet
  facet normal  0.000000e+000  9.999999e-001  0.000000e+000
    outer loop
      vertex -3.413814e+001 -5.605759e+000  4.861774e+001
      vertex -3.623878e+001 -5.605759e+000  4.870339e+001
      vertex -3.663571e+001 -5.605759e+000  4.912840e+001
    endloop
  endfacet
  facet normal  -0.000000e+000  1.000000e+000  0.000000e+000
    outer loop
      vertex -3.413814e+001 -5.605759e+000  4.861774e+001
      vertex -3.663571e+001 -5.605759e+000  4.912840e+001
      vertex -3.446360e+001 -5.605759e+000  4.920663e+001
    endloop
  endfacet
  facet normal  0.000000e+000  9.999999e-001  0.000000e+000
    outer loop
      vertex -3.590342e+001 -5.605759e+000  4.380058e+001
      vertex -3.563587e+001 -5.605759e+000  4.431692e+001
      vertex -3.388065e+001 -5.605759e+000  4.403276e+001
    endloop
  endfacet
  facet normal  0.000000e+000  1.000000e+000  0.000000e+000
    outer loop
      vertex -3.388065e+001 -5.605759e+000  4.403276e+001
      vertex -3.563587e+001 -5.605759e+000  4.431692e+001
      vertex -3.544112e+001 -5.605759e+000  4.486488e+001
    endloop
  endfacet
  facet normal  0.000000e+000  1.000000e+000  0.000000e+000
    outer loop
      vertex -3.388065e+001 -5.605759e+000  4.403276e+001
      vertex -3.544112e+001 -5.605759e+000  4.486488e+001
      vertex -3.369438e+001 -5.605759e+000  4.467931e+001
    endloop
  endfacet
  facet normal  0.000000e+000  1.000000e+000  0.000000e+000
    outer loop
      vertex -3.369438e+001 -5.605759e+000  4.467931e+001
      vertex -3.544112e+001 -5.605759e+000  4.486488e+001
      vertex -3.532281e+001 -5.605759e+000  4.543425e+001
    endloop
  endfacet
  facet normal  0.000000e+000  1.000000e+000  0.000000e+000
    outer loop
      vertex -3.369438e+001 -5.605759e+000  4.467931e+001
      vertex -3.532281e+001 -5.605759e+000  4.543425e+001
      vertex -3.358168e+001 -5.605759e+000  4.534265e+001
    endloop
  endfacet
  facet normal  0.000000e+000  1.000000e+000  0.000000e+000
    outer loop
      vertex -3.358168e+001 -5.605759e+000  4.534265e+001
      vertex -3.532281e+001 -5.605759e+000  4.543425e+001
      vertex -3.528312e+001 -5.605759e+000  4.601443e+001
    endloop
  endfacet
  facet normal  -0.000000e+000  1.000000e+000  0.000000e+000
    outer loop
      vertex -3.358168e+001 -5.605759e+000  4.534265e+001
      vertex -3.528312e+001 -5.605759e+000  4.601443e+001
      vertex -3.354395e+001 -5.605759e+000  4.601443e+001
    endloop
  endfacet
  facet normal  0.000000e+000  1.000000e+000  0.000000e+000
    outer loop
      vertex -3.354395e+001 -5.605759e+000  4.601443e+001
      vertex -3.528312e+001 -5.605759e+000  4.601443e+001
      vertex -3.532281e+001 -5.605759e+000  4.659462e+001
    endloop
  endfacet
  facet normal  -0.000000e+000  1.000000e+000  0.000000e+000
    outer loop
      vertex -3.354395e+001 -5.605759e+000  4.601443e+001
      vertex -3.532281e+001 -5.605759e+000  4.659462e+001
      vertex -3.358168e+001 -5.605759e+000  4.668622e+001
    endloop
  endfacet
  facet normal  0.000000e+000  1.000000e+000  0.000000e+000
    outer loop
      vertex -3.358168e+001 -5.605759e+000  4.668622e+001
      vertex -3.532281e+001 -5.605759e+000  4.659462e+001
      vertex -3.544112e+001 -5.605759e+000  4.716399e+001
    endloop
  endfacet
  facet normal  -0.000000e+000  1.000000e+000  0.000000e+000
    outer loop
      vertex -3.358168e+001 -5.605759e+000  4.668622e+001
      vertex -3.544112e+001 -5.605759e+000  4.716399e+001
      vertex -3.369438e+001 -5.605759e+000  4.734956e+001
    endloop
  endfacet
  facet normal  0.000000e+000  1.000000e+000  0.000000e+000
    outer loop
      vertex -3.758369e+001 -5.605759e+000  4.223131e+001
      vertex -3.708681e+001 -5.605759e+000  4.253347e+001
      vertex -3.485296e+001 -5.605759e+000  4.227349e+001
    endloop
  endfacet
  facet normal  0.000000e+000  9.999999e-001  0.000000e+000
    outer loop
      vertex -3.485296e+001 -5.605759e+000  4.227349e+001
      vertex -3.708681e+001 -5.605759e+000  4.253347e+001
      vertex -3.663571e+001 -5.605759e+000  4.290047e+001
    endloop
  endfacet
  facet normal  0.000000e+000  1.000000e+000  0.000000e+000
    outer loop
      vertex -3.485296e+001 -5.605759e+000  4.227349e+001
      vertex -3.663571e+001 -5.605759e+000  4.290047e+001
      vertex -3.446360e+001 -5.605759e+000  4.282224e+001
    endloop
  endfacet
  facet normal  0.000000e+000  9.999999e-001  0.000000e+000
    outer loop
      vertex -3.446360e+001 -5.605759e+000  4.282224e+001
      vertex -3.663571e+001 -5.605759e+000  4.290047e+001
      vertex -3.623878e+001 -5.605759e+000  4.332548e+001
    endloop
  endfacet
  facet normal  -0.000000e+000  1.000000e+000  0.000000e+000
    outer loop
      vertex -3.446360e+001 -5.605759e+000  4.282224e+001
      vertex -3.623878e+001 -5.605759e+000  4.332548e+001
      vertex -3.413814e+001 -5.605759e+000  4.341113e+001
    endloop
  endfacet
  facet normal  0.000000e+000  1.000000e+000  0.000000e+000
    outer loop
      vertex -3.413814e+001 -5.605759e+000  4.341113e+001
      vertex -3.623878e+001 -5.605759e+000  4.332548e+001
      vertex -3.590342e+001 -5.605759e+000  4.380058e+001
    endloop
  endfacet
  facet normal  -0.000000e+000  1.000000e+000  0.000000e+000
    outer loop
      vertex -3.413814e+001 -5.605759e+000  4.341113e+001
      vertex -3.590342e+001 -5.605759e+000  4.380058e+001
      vertex -3.388065e+001 -5.605759e+000  4.403276e+001
    endloop
  endfacet
  facet normal  0.000000e+000  1.000000e+000  0.000000e+000
    outer loop
      vertex -3.867706e+001 -5.605759e+000  4.184273e+001
      vertex -3.811708e+001 -5.605759e+000  4.199962e+001
      vertex -3.530131e+001 -5.605759e+000  4.177179e+001
    endloop
  endfacet
  facet normal  0.000000e+000  1.000000e+000  0.000000e+000
    outer loop
      vertex -3.530131e+001 -5.605759e+000  4.177179e+001
      vertex -3.811708e+001 -5.605759e+000  4.199962e+001
      vertex -3.758369e+001 -5.605759e+000  4.223131e+001
    endloop
  endfacet
  facet normal  -0.000000e+000  1.000000e+000  0.000000e+000
    outer loop
      vertex -3.530131e+001 -5.605759e+000  4.177179e+001
      vertex -3.758369e+001 -5.605759e+000  4.223131e+001
      vertex -3.485296e+001 -5.605759e+000  4.227349e+001
    endloop
  endfacet
  facet normal -9.969175e-001  7.845686e-002  0.000000e+000
    outer loop
      vertex -6.686987e+001 -8.605759e+000  4.001443e+001
      vertex -6.686987e+001 -8.605759e+000  4.201443e+001
      vertex -6.683294e+001 -8.136456e+000  4.001443e+001
    endloop
  endfacet
  facet normal -9.969175e-001  7.845686e-002  0.000000e+000
    outer loop
      vertex -6.683294e+001 -8.136456e+000  4.001443e+001
      vertex -6.686987e+001 -8.605759e+000  4.201443e+001
      vertex -6.683294e+001 -8.136456e+000  4.201443e+001
    endloop
  endfacet
  facet normal -9.723707e-001  2.334421e-001  0.000000e+000
    outer loop
      vertex -6.683294e+001 -8.136456e+000  4.001443e+001
      vertex -6.683294e+001 -8.136456e+000  4.201443e+001
      vertex -6.672305e+001 -7.678708e+000  4.001443e+001
    endloop
  endfacet
  facet normal -9.723707e-001  2.334421e-001  0.000000e+000
    outer loop
      vertex -6.672305e+001 -7.678708e+000  4.001443e+001
      vertex -6.683294e+001 -8.136456e+000  4.201443e+001
      vertex -6.672305e+001 -7.678708e+000  4.201443e+001
    endloop
  endfacet
  facet normal -9.238775e-001  3.826885e-001  0.000000e+000
    outer loop
      vertex -6.672305e+001 -7.678708e+000  4.001443e+001
      vertex -6.672305e+001 -7.678708e+000  4.201443e+001
      vertex -6.654289e+001 -7.243787e+000  4.001443e+001
    endloop
  endfacet
  facet normal -9.238775e-001  3.826885e-001  0.000000e+000
    outer loop
      vertex -6.654289e+001 -7.243787e+000  4.001443e+001
      vertex -6.672305e+001 -7.678708e+000  4.201443e+001
      vertex -6.654289e+001 -7.243787e+000  4.201443e+001
    endloop
  endfacet
  facet normal -8.526374e-001  5.225033e-001  0.000000e+000
    outer loop
      vertex -6.654289e+001 -7.243787e+000  4.001443e+001
      vertex -6.654289e+001 -7.243787e+000  4.201443e+001
      vertex -6.629692e+001 -6.842403e+000  4.001443e+001
    endloop
  endfacet
  facet normal -8.526374e-001  5.225033e-001  0.000000e+000
    outer loop
      vertex -6.629692e+001 -6.842403e+000  4.001443e+001
      vertex -6.654289e+001 -7.243787e+000  4.201443e+001
      vertex -6.629692e+001 -6.842403e+000  4.201443e+001
    endloop
  endfacet
  facet normal -7.604117e-001  6.494413e-001  0.000000e+000
    outer loop
      vertex -6.629692e+001 -6.842403e+000  4.001443e+001
      vertex -6.629692e+001 -6.842403e+000  4.201443e+001
      vertex -6.599120e+001 -6.484438e+000  4.001443e+001
    endloop
  endfacet
  facet normal -7.604117e-001  6.494413e-001  0.000000e+000
    outer loop
      vertex -6.599120e+001 -6.484438e+000  4.001443e+001
      vertex -6.629692e+001 -6.842403e+000  4.201443e+001
      vertex -6.599120e+001 -6.484438e+000  4.201443e+001
    endloop
  endfacet
  facet normal -6.494488e-001  7.604054e-001  0.000000e+000
    outer loop
      vertex -6.599120e+001 -6.484438e+000  4.001443e+001
      vertex -6.599120e+001 -6.484438e+000  4.201443e+001
      vertex -6.563323e+001 -6.178708e+000  4.001443e+001
    endloop
  endfacet
  facet normal -6.494488e-001  7.604054e-001  0.000000e+000
    outer loop
      vertex -6.563323e+001 -6.178708e+000  4.001443e+001
      vertex -6.599120e+001 -6.484438e+000  4.201443e+001
      vertex -6.563323e+001 -6.178708e+000  4.201443e+001
    endloop
  endfacet
  facet normal -5.224934e-001  8.526433e-001  0.000000e+000
    outer loop
      vertex -6.563323e+001 -6.178708e+000  4.001443e+001
      vertex -6.563323e+001 -6.178708e+000  4.201443e+001
      vertex -6.523184e+001 -5.932739e+000  4.001443e+001
    endloop
  endfacet
  facet normal -5.224934e-001  8.526433e-001  0.000000e+000
    outer loop
      vertex -6.523184e+001 -5.932739e+000  4.001443e+001
      vertex -6.563323e+001 -6.178708e+000  4.201443e+001
      vertex -6.523184e+001 -5.932739e+000  4.201443e+001
    endloop
  endfacet
  facet normal -3.826829e-001  9.238797e-001  0.000000e+000
    outer loop
      vertex -6.523184e+001 -5.932739e+000  4.001443e+001
      vertex -6.523184e+001 -5.932739e+000  4.201443e+001
      vertex -6.479692e+001 -5.752589e+000  4.001443e+001
    endloop
  endfacet
  facet normal -3.826829e-001  9.238797e-001  0.000000e+000
    outer loop
      vertex -6.479692e+001 -5.752589e+000  4.001443e+001
      vertex -6.523184e+001 -5.932739e+000  4.201443e+001
      vertex -6.479692e+001 -5.752589e+000  4.201443e+001
    endloop
  endfacet
  facet normal -2.334482e-001  9.723693e-001  0.000000e+000
    outer loop
      vertex -6.479692e+001 -5.752589e+000  4.001443e+001
      vertex -6.479692e+001 -5.752589e+000  4.201443e+001
      vertex -6.433918e+001 -5.642694e+000  4.001443e+001
    endloop
  endfacet
  facet normal -2.334482e-001  9.723693e-001  0.000000e+000
    outer loop
      vertex -6.433918e+001 -5.642694e+000  4.001443e+001
      vertex -6.479692e+001 -5.752589e+000  4.201443e+001
      vertex -6.433918e+001 -5.642694e+000  4.201443e+001
    endloop
  endfacet
  facet normal -7.845824e-002  9.969174e-001  0.000000e+000
    outer loop
      vertex -6.433918e+001 -5.642694e+000  4.001443e+001
      vertex -6.433918e+001 -5.642694e+000  4.201443e+001
      vertex -6.386987e+001 -5.605759e+000  4.001443e+001
    endloop
  endfacet
  facet normal -7.845824e-002  9.969174e-001  0.000000e+000
    outer loop
      vertex -6.386987e+001 -5.605759e+000  4.001443e+001
      vertex -6.433918e+001 -5.642694e+000  4.201443e+001
      vertex -6.386987e+001 -5.605759e+000  4.201443e+001
    endloop
  endfacet
  facet normal  0.000000e+000 -1.000000e+000  0.000000e+000
    outer loop
      vertex -3.485296e+001 -2.160576e+001  4.975537e+001
      vertex -3.867706e+001 -2.160576e+001  5.018614e+001
      vertex -3.811708e+001 -2.160576e+001  5.002925e+001
    endloop
  endfacet
  facet normal  0.000000e+000 -1.000000e+000  0.000000e+000
    outer loop
      vertex -3.708681e+001 -2.160576e+001  4.949540e+001
      vertex -3.663571e+001 -2.160576e+001  4.912840e+001
      vertex -3.446360e+001 -2.160576e+001  4.920663e+001
    endloop
  endfacet
  facet normal  0.000000e+000 -1.000000e+000  0.000000e+000
    outer loop
      vertex -3.867706e+001 -2.160576e+001  4.184273e+001
      vertex -3.925318e+001 -2.160576e+001  4.176354e+001
      vertex -3.530131e+001 -2.160576e+001  4.177179e+001
    endloop
  endfacet
  facet normal  0.000000e+000 -1.000000e+000  0.000000e+000
    outer loop
      vertex -3.580301e+001 -2.160576e+001  4.132344e+001
      vertex -3.530131e+001 -2.160576e+001  4.177179e+001
      vertex -3.925318e+001 -2.160576e+001  4.176354e+001
    endloop
  endfacet
  facet normal  0.000000e+000 -1.000000e+000  0.000000e+000
    outer loop
      vertex -5.142048e+001 -2.160576e+001  4.201443e+001
      vertex -6.386987e+001 -2.160576e+001  4.201443e+001
      vertex -4.097081e+001 -2.160576e+001  4.199962e+001
    endloop
  endfacet
  facet normal  0.000000e+000 -1.000000e+000  0.000000e+000
    outer loop
      vertex -5.142048e+001 -2.160576e+001  4.201443e+001
      vertex -4.097081e+001 -2.160576e+001  4.199962e+001
      vertex -4.150421e+001 -2.160576e+001  4.223131e+001
    endloop
  endfacet
  facet normal  -0.000000e+000 -9.999999e-001  0.000000e+000
    outer loop
      vertex -5.142048e+001 -2.160576e+001  4.201443e+001
      vertex -4.150421e+001 -2.160576e+001  4.223131e+001
      vertex -4.200108e+001 -2.160576e+001  4.253347e+001
    endloop
  endfacet
  facet normal  -0.000000e+000 -1.000000e+000  0.000000e+000
    outer loop
      vertex -5.142048e+001 -2.160576e+001  4.201443e+001
      vertex -4.200108e+001 -2.160576e+001  4.253347e+001
      vertex -5.101202e+001 -2.160576e+001  4.260156e+001
    endloop
  endfacet
  facet normal  0.000000e+000 -1.000000e+000  0.000000e+000
    outer loop
      vertex -3.925318e+001 -2.160576e+001  5.026533e+001
      vertex -3.867706e+001 -2.160576e+001  5.018614e+001
      vertex -3.485296e+001 -2.160576e+001  4.975537e+001
    endloop
  endfacet
  facet normal  0.000000e+000 -1.000000e+000  0.000000e+000
    outer loop
      vertex -3.925318e+001 -2.160576e+001  5.026533e+001
      vertex -3.485296e+001 -2.160576e+001  4.975537e+001
      vertex -3.530131e+001 -2.160576e+001  5.025708e+001
    endloop
  endfacet
  facet normal  0.000000e+000 -1.000000e+000  0.000000e+000
    outer loop
      vertex -3.925318e+001 -2.160576e+001  5.026533e+001
      vertex -3.530131e+001 -2.160576e+001  5.025708e+001
      vertex -3.580301e+001 -2.160576e+001  5.070543e+001
    endloop
  endfacet
  facet normal  -0.000000e+000 -1.000000e+000  0.000000e+000
    outer loop
      vertex -3.925318e+001 -2.160576e+001  5.026533e+001
      vertex -3.580301e+001 -2.160576e+001  5.070543e+001
      vertex -3.635176e+001 -2.160576e+001  5.109478e+001
    endloop
  endfacet
  facet normal  -0.000000e+000 -1.000000e+000  0.000000e+000
    outer loop
      vertex -3.925318e+001 -2.160576e+001  5.026533e+001
      vertex -3.635176e+001 -2.160576e+001  5.109478e+001
      vertex -3.694065e+001 -2.160576e+001  5.142025e+001
    endloop
  endfacet
  facet normal  -0.000000e+000 -1.000000e+000  0.000000e+000
    outer loop
      vertex -3.925318e+001 -2.160576e+001  5.026533e+001
      vertex -3.694065e+001 -2.160576e+001  5.142025e+001
      vertex -3.756227e+001 -2.160576e+001  5.167773e+001
    endloop
  endfacet
  facet normal  -0.000000e+000 -1.000000e+000  0.000000e+000
    outer loop
      vertex -3.925318e+001 -2.160576e+001  5.026533e+001
      vertex -3.756227e+001 -2.160576e+001  5.167773e+001
      vertex -3.820882e+001 -2.160576e+001  5.186400e+001
    endloop
  endfacet
  facet normal  -0.000000e+000 -1.000000e+000  0.000000e+000
    outer loop
      vertex -3.925318e+001 -2.160576e+001  5.026533e+001
      vertex -3.820882e+001 -2.160576e+001  5.186400e+001
      vertex -3.887216e+001 -2.160576e+001  5.197671e+001
    endloop
  endfacet
  facet normal  0.000000e+000 -1.000000e+000  0.000000e+000
    outer loop
      vertex -6.386987e+001 -2.160576e+001  4.001443e+001
      vertex -3.954395e+001 -2.160576e+001  4.001443e+001
      vertex -3.983472e+001 -2.160576e+001  4.176354e+001
    endloop
  endfacet
  facet normal  -0.000000e+000 -9.999999e-001  0.000000e+000
    outer loop
      vertex -6.386987e+001 -2.160576e+001  4.001443e+001
      vertex -3.983472e+001 -2.160576e+001  4.176354e+001
      vertex -4.041084e+001 -2.160576e+001  4.184273e+001
    endloop
  endfacet
  facet normal  -0.000000e+000 -1.000000e+000  0.000000e+000
    outer loop
      vertex -6.386987e+001 -2.160576e+001  4.001443e+001
      vertex -4.041084e+001 -2.160576e+001  4.184273e+001
      vertex -4.097081e+001 -2.160576e+001  4.199962e+001
    endloop
  endfacet
  facet normal  -0.000000e+000 -1.000000e+000  0.000000e+000
    outer loop
      vertex -6.386987e+001 -2.160576e+001  4.001443e+001
      vertex -4.097081e+001 -2.160576e+001  4.199962e+001
      vertex -6.386987e+001 -2.160576e+001  4.201443e+001
    endloop
  endfacet
  facet normal  -0.000000e+000 -1.000000e+000  0.000000e+000
    outer loop
      vertex -3.954395e+001 -2.160576e+001  4.001443e+001
      vertex -3.887216e+001 -2.160576e+001  4.005216e+001
      vertex -3.820882e+001 -2.160576e+001  4.016487e+001
    endloop
  endfacet
  facet normal  -0.000000e+000 -1.000000e+000  0.000000e+000
    outer loop
      vertex -3.954395e+001 -2.160576e+001  4.001443e+001
      vertex -3.820882e+001 -2.160576e+001  4.016487e+001
      vertex -3.756227e+001 -2.160576e+001  4.035114e+001
    endloop
  endfacet
  facet normal  -0.000000e+000 -1.000000e+000  0.000000e+000
    outer loop
      vertex -3.954395e+001 -2.160576e+001  4.001443e+001
      vertex -3.756227e+001 -2.160576e+001  4.035114e+001
      vertex -3.694065e+001 -2.160576e+001  4.060862e+001
    endloop
  endfacet
  facet normal  -0.000000e+000 -9.999999e-001  0.000000e+000
    outer loop
      vertex -3.954395e+001 -2.160576e+001  4.001443e+001
      vertex -3.694065e+001 -2.160576e+001  4.060862e+001
      vertex -3.635176e+001 -2.160576e+001  4.093409e+001
    endloop
  endfacet
  facet normal  -0.000000e+000 -1.000000e+000  0.000000e+000
    outer loop
      vertex -3.954395e+001 -2.160576e+001  4.001443e+001
      vertex -3.635176e+001 -2.160576e+001  4.093409e+001
      vertex -3.580301e+001 -2.160576e+001  4.132344e+001
    endloop
  endfacet
  facet normal  -0.000000e+000 -1.000000e+000  0.000000e+000
    outer loop
      vertex -3.954395e+001 -2.160576e+001  4.001443e+001
      vertex -3.580301e+001 -2.160576e+001  4.132344e+001
      vertex -3.925318e+001 -2.160576e+001  4.176354e+001
    endloop
  endfacet
  facet normal  -0.000000e+000 -1.000000e+000  0.000000e+000
    outer loop
      vertex -3.954395e+001 -2.160576e+001  4.001443e+001
      vertex -3.925318e+001 -2.160576e+001  4.176354e+001
      vertex -3.983472e+001 -2.160576e+001  4.176354e+001
    endloop
  endfacet
  facet normal  0.000000e+000 -1.000000e+000  0.000000e+000
    outer loop
      vertex -3.925318e+001 -2.160576e+001  5.026533e+001
      vertex -3.887216e+001 -2.160576e+001  5.197671e+001
      vertex -3.983472e+001 -2.160576e+001  5.026533e+001
    endloop
  endfacet
  facet normal  0.000000e+000 -1.000000e+000  0.000000e+000
    outer loop
      vertex -3.983472e+001 -2.160576e+001  5.026533e+001
      vertex -3.887216e+001 -2.160576e+001  5.197671e+001
      vertex -3.954395e+001 -2.160576e+001  5.201443e+001
    endloop
  endfacet
  facet normal  0.000000e+000 -1.000000e+000  0.000000e+000
    outer loop
      vertex -3.983472e+001 -2.160576e+001  5.026533e+001
      vertex -3.954395e+001 -2.160576e+001  5.201443e+001
      vertex -5.186987e+001 -2.160576e+001  5.053140e+001
    endloop
  endfacet
  facet normal  0.000000e+000 -1.000000e+000  0.000000e+000
    outer loop
      vertex -5.186987e+001 -2.160576e+001  5.053140e+001
      vertex -3.954395e+001 -2.160576e+001  5.201443e+001
      vertex -5.186987e+001 -2.160576e+001  5.201443e+001
    endloop
  endfacet
  facet normal  0.000000e+000 -1.000000e+000  0.000000e+000
    outer loop
      vertex -3.983472e+001 -2.160576e+001  5.026533e+001
      vertex -5.186987e+001 -2.160576e+001  5.053140e+001
      vertex -4.041084e+001 -2.160576e+001  5.018614e+001
    endloop
  endfacet
  facet normal  -0.000000e+000 -1.000000e+000  0.000000e+000
    outer loop
      vertex -4.041084e+001 -2.160576e+001  5.018614e+001
      vertex -5.186987e+001 -2.160576e+001  5.053140e+001
      vertex -5.140190e+001 -2.160576e+001  4.999052e+001
    endloop
  endfacet
  facet normal  0.000000e+000 -1.000000e+000  0.000000e+000
    outer loop
      vertex -4.041084e+001 -2.160576e+001  5.018614e+001
      vertex -5.140190e+001 -2.160576e+001  4.999052e+001
      vertex -4.097081e+001 -2.160576e+001  5.002925e+001
    endloop
  endfacet
  facet normal  0.000000e+000 -1.000000e+000  0.000000e+000
    outer loop
      vertex -4.097081e+001 -2.160576e+001  5.002925e+001
      vertex -5.140190e+001 -2.160576e+001  4.999052e+001
      vertex -4.150421e+001 -2.160576e+001  4.979756e+001
    endloop
  endfacet
  facet normal  -0.000000e+000 -1.000000e+000  0.000000e+000
    outer loop
      vertex -4.150421e+001 -2.160576e+001  4.979756e+001
      vertex -5.140190e+001 -2.160576e+001  4.999052e+001
      vertex -5.099618e+001 -2.160576e+001  4.940150e+001
    endloop
  endfacet
  facet normal  0.000000e+000 -1.000000e+000  0.000000e+000
    outer loop
      vertex -4.150421e+001 -2.160576e+001  4.979756e+001
      vertex -5.099618e+001 -2.160576e+001  4.940150e+001
      vertex -4.200108e+001 -2.160576e+001  4.949540e+001
    endloop
  endfacet
  facet normal  0.000000e+000 -1.000000e+000  0.000000e+000
    outer loop
      vertex -4.200108e+001 -2.160576e+001  4.949540e+001
      vertex -5.099618e+001 -2.160576e+001  4.940150e+001
      vertex -4.245219e+001 -2.160576e+001  4.912840e+001
    endloop
  endfacet
  facet normal  -0.000000e+000 -1.000000e+000  0.000000e+000
    outer loop
      vertex -4.245219e+001 -2.160576e+001  4.912840e+001
      vertex -5.099618e+001 -2.160576e+001  4.940150e+001
      vertex -5.065763e+001 -2.160576e+001  4.877147e+001
    endloop
  endfacet
  facet normal  0.000000e+000 -1.000000e+000  0.000000e+000
    outer loop
      vertex -4.245219e+001 -2.160576e+001  4.912840e+001
      vertex -5.065763e+001 -2.160576e+001  4.877147e+001
      vertex -4.284912e+001 -2.160576e+001  4.870339e+001
    endloop
  endfacet
  facet normal  0.000000e+000 -1.000000e+000  0.000000e+000
    outer loop
      vertex -4.284912e+001 -2.160576e+001  4.870339e+001
      vertex -5.065763e+001 -2.160576e+001  4.877147e+001
      vertex -4.318448e+001 -2.160576e+001  4.822829e+001
    endloop
  endfacet
  facet normal  -0.000000e+000 -1.000000e+000  0.000000e+000
    outer loop
      vertex -4.318448e+001 -2.160576e+001  4.822829e+001
      vertex -5.065763e+001 -2.160576e+001  4.877147e+001
      vertex -5.039035e+001 -2.160576e+001  4.810806e+001
    endloop
  endfacet
  facet normal  0.000000e+000 -9.999999e-001  0.000000e+000
    outer loop
      vertex -4.318448e+001 -2.160576e+001  4.822829e+001
      vertex -5.039035e+001 -2.160576e+001  4.810806e+001
      vertex -4.345203e+001 -2.160576e+001  4.771195e+001
    endloop
  endfacet
  facet normal  -0.000000e+000 -1.000000e+000  0.000000e+000
    outer loop
      vertex -4.345203e+001 -2.160576e+001  4.771195e+001
      vertex -5.039035e+001 -2.160576e+001  4.810806e+001
      vertex -5.019758e+001 -2.160576e+001  4.741930e+001
    endloop
  endfacet
  facet normal  0.000000e+000 -1.000000e+000  0.000000e+000
    outer loop
      vertex -4.345203e+001 -2.160576e+001  4.771195e+001
      vertex -5.019758e+001 -2.160576e+001  4.741930e+001
      vertex -4.364677e+001 -2.160576e+001  4.716399e+001
    endloop
  endfacet
  facet normal  0.000000e+000 -1.000000e+000  0.000000e+000
    outer loop
      vertex -4.364677e+001 -2.160576e+001  4.716399e+001
      vertex -5.019758e+001 -2.160576e+001  4.741930e+001
      vertex -4.376509e+001 -2.160576e+001  4.659462e+001
    endloop
  endfacet
  facet normal  0.000000e+000 -1.000000e+000  0.000000e+000
    outer loop
      vertex -4.376509e+001 -2.160576e+001  4.659462e+001
      vertex -5.019758e+001 -2.160576e+001  4.741930e+001
      vertex -5.008165e+001 -2.160576e+001  4.671353e+001
    endloop
  endfacet
  facet normal  0.000000e+000 -1.000000e+000  0.000000e+000
    outer loop
      vertex -4.376509e+001 -2.160576e+001  4.659462e+001
      vertex -5.008165e+001 -2.160576e+001  4.671353e+001
      vertex -4.380478e+001 -2.160576e+001  4.601443e+001
    endloop
  endfacet
  facet normal  -0.000000e+000 -1.000000e+000  0.000000e+000
    outer loop
      vertex -4.380478e+001 -2.160576e+001  4.601443e+001
      vertex -5.008165e+001 -2.160576e+001  4.671353e+001
      vertex -5.004397e+001 -2.160576e+001  4.599929e+001
    endloop
  endfacet
  facet normal  0.000000e+000 -1.000000e+000  0.000000e+000
    outer loop
      vertex -4.380478e+001 -2.160576e+001  4.601443e+001
      vertex -5.004397e+001 -2.160576e+001  4.599929e+001
      vertex -4.376509e+001 -2.160576e+001  4.543425e+001
    endloop
  endfacet
  facet normal  -0.000000e+000 -1.000000e+000  0.000000e+000
    outer loop
      vertex -4.376509e+001 -2.160576e+001  4.543425e+001
      vertex -5.004397e+001 -2.160576e+001  4.599929e+001
      vertex -5.008498e+001 -2.160576e+001  4.528524e+001
    endloop
  endfacet
  facet normal  0.000000e+000 -1.000000e+000  0.000000e+000
    outer loop
      vertex -4.376509e+001 -2.160576e+001  4.543425e+001
      vertex -5.008498e+001 -2.160576e+001  4.528524e+001
      vertex -4.364677e+001 -2.160576e+001  4.486488e+001
    endloop
  endfacet
  facet normal  -0.000000e+000 -1.000000e+000  0.000000e+000
    outer loop
      vertex -4.364677e+001 -2.160576e+001  4.486488e+001
      vertex -5.008498e+001 -2.160576e+001  4.528524e+001
      vertex -5.020420e+001 -2.160576e+001  4.458002e+001
    endloop
  endfacet
  facet normal  0.000000e+000 -1.000000e+000  0.000000e+000
    outer loop
      vertex -4.364677e+001 -2.160576e+001  4.486488e+001
      vertex -5.020420e+001 -2.160576e+001  4.458002e+001
      vertex -4.345203e+001 -2.160576e+001  4.431692e+001
    endloop
  endfacet
  facet normal  0.000000e+000 -1.000000e+000  0.000000e+000
    outer loop
      vertex -4.345203e+001 -2.160576e+001  4.431692e+001
      vertex -5.020420e+001 -2.160576e+001  4.458002e+001
      vertex -4.318448e+001 -2.160576e+001  4.380058e+001
    endloop
  endfacet
  facet normal  0.000000e+000 -1.000000e+000  0.000000e+000
    outer loop
      vertex -4.318448e+001 -2.160576e+001  4.380058e+001
      vertex -5.020420e+001 -2.160576e+001  4.458002e+001
      vertex -5.040017e+001 -2.160576e+001  4.389217e+001
    endloop
  endfacet
  facet normal  0.000000e+000 -1.000000e+000  0.000000e+000
    outer loop
      vertex -4.318448e+001 -2.160576e+001  4.380058e+001
      vertex -5.040017e+001 -2.160576e+001  4.389217e+001
      vertex -4.284912e+001 -2.160576e+001  4.332548e+001
    endloop
  endfacet
  facet normal  -0.000000e+000 -1.000000e+000  0.000000e+000
    outer loop
      vertex -4.284912e+001 -2.160576e+001  4.332548e+001
      vertex -5.040017e+001 -2.160576e+001  4.389217e+001
      vertex -5.067054e+001 -2.160576e+001  4.323001e+001
    endloop
  endfacet
  facet normal  0.000000e+000 -1.000000e+000  0.000000e+000
    outer loop
      vertex -4.284912e+001 -2.160576e+001  4.332548e+001
      vertex -5.067054e+001 -2.160576e+001  4.323001e+001
      vertex -4.245219e+001 -2.160576e+001  4.290047e+001
    endloop
  endfacet
  facet normal  -0.000000e+000 -1.000000e+000  0.000000e+000
    outer loop
      vertex -4.245219e+001 -2.160576e+001  4.290047e+001
      vertex -5.067054e+001 -2.160576e+001  4.323001e+001
      vertex -5.101202e+001 -2.160576e+001  4.260156e+001
    endloop
  endfacet
  facet normal  0.000000e+000 -9.999999e-001  0.000000e+000
    outer loop
      vertex -4.245219e+001 -2.160576e+001  4.290047e+001
      vertex -5.101202e+001 -2.160576e+001  4.260156e+001
      vertex -4.200108e+001 -2.160576e+001  4.253347e+001
    endloop
  endfacet
  facet normal  0.000000e+000 -9.999999e-001  0.000000e+000
    outer loop
      vertex -3.708681e+001 -2.160576e+001  4.949540e+001
      vertex -3.446360e+001 -2.160576e+001  4.920663e+001
      vertex -3.758369e+001 -2.160576e+001  4.979756e+001
    endloop
  endfacet
  facet normal  0.000000e+000 -1.000000e+000  0.000000e+000
    outer loop
      vertex -3.758369e+001 -2.160576e+001  4.979756e+001
      vertex -3.446360e+001 -2.160576e+001  4.920663e+001
      vertex -3.485296e+001 -2.160576e+001  4.975537e+001
    endloop
  endfacet
  facet normal  0.000000e+000 -1.000000e+000  0.000000e+000
    outer loop
      vertex -3.758369e+001 -2.160576e+001  4.979756e+001
      vertex -3.485296e+001 -2.160576e+001  4.975537e+001
      vertex -3.811708e+001 -2.160576e+001  5.002925e+001
    endloop
  endfacet
  facet normal  0.000000e+000 -1.000000e+000  0.000000e+000
    outer loop
      vertex -3.446360e+001 -2.160576e+001  4.920663e+001
      vertex -3.663571e+001 -2.160576e+001  4.912840e+001
      vertex -3.413814e+001 -2.160576e+001  4.861774e+001
    endloop
  endfacet
  facet normal  0.000000e+000 -9.999999e-001  0.000000e+000
    outer loop
      vertex -3.413814e+001 -2.160576e+001  4.861774e+001
      vertex -3.663571e+001 -2.160576e+001  4.912840e+001
      vertex -3.623878e+001 -2.160576e+001  4.870339e+001
    endloop
  endfacet
  facet normal  0.000000e+000 -1.000000e+000  0.000000e+000
    outer loop
      vertex -3.413814e+001 -2.160576e+001  4.861774e+001
      vertex -3.623878e+001 -2.160576e+001  4.870339e+001
      vertex -3.388065e+001 -2.160576e+001  4.799611e+001
    endloop
  endfacet
  facet normal  0.000000e+000 -1.000000e+000  0.000000e+000
    outer loop
      vertex -3.388065e+001 -2.160576e+001  4.799611e+001
      vertex -3.623878e+001 -2.160576e+001  4.870339e+001
      vertex -3.590342e+001 -2.160576e+001  4.822829e+001
    endloop
  endfacet
  facet normal  0.000000e+000 -1.000000e+000  0.000000e+000
    outer loop
      vertex -3.388065e+001 -2.160576e+001  4.799611e+001
      vertex -3.590342e+001 -2.160576e+001  4.822829e+001
      vertex -3.369438e+001 -2.160576e+001  4.734956e+001
    endloop
  endfacet
  facet normal  0.000000e+000 -9.999999e-001  0.000000e+000
    outer loop
      vertex -3.369438e+001 -2.160576e+001  4.734956e+001
      vertex -3.590342e+001 -2.160576e+001  4.822829e+001
      vertex -3.563587e+001 -2.160576e+001  4.771195e+001
    endloop
  endfacet
  facet normal  0.000000e+000 -1.000000e+000  0.000000e+000
    outer loop
      vertex -3.369438e+001 -2.160576e+001  4.734956e+001
      vertex -3.563587e+001 -2.160576e+001  4.771195e+001
      vertex -3.544112e+001 -2.160576e+001  4.716399e+001
    endloop
  endfacet
  facet normal  0.000000e+000 -1.000000e+000  0.000000e+000
    outer loop
      vertex -3.369438e+001 -2.160576e+001  4.734956e+001
      vertex -3.544112e+001 -2.160576e+001  4.716399e+001
      vertex -3.358168e+001 -2.160576e+001  4.668622e+001
    endloop
  endfacet
  facet normal  -0.000000e+000 -1.000000e+000  0.000000e+000
    outer loop
      vertex -3.358168e+001 -2.160576e+001  4.668622e+001
      vertex -3.544112e+001 -2.160576e+001  4.716399e+001
      vertex -3.532281e+001 -2.160576e+001  4.659462e+001
    endloop
  endfacet
  facet normal  0.000000e+000 -1.000000e+000  0.000000e+000
    outer loop
      vertex -3.358168e+001 -2.160576e+001  4.668622e+001
      vertex -3.532281e+001 -2.160576e+001  4.659462e+001
      vertex -3.354395e+001 -2.160576e+001  4.601443e+001
    endloop
  endfacet
  facet normal  0.000000e+000 -1.000000e+000  0.000000e+000
    outer loop
      vertex -3.354395e+001 -2.160576e+001  4.601443e+001
      vertex -3.532281e+001 -2.160576e+001  4.659462e+001
      vertex -3.528312e+001 -2.160576e+001  4.601443e+001
    endloop
  endfacet
  facet normal  0.000000e+000 -1.000000e+000  0.000000e+000
    outer loop
      vertex -3.354395e+001 -2.160576e+001  4.601443e+001
      vertex -3.528312e+001 -2.160576e+001  4.601443e+001
      vertex -3.358168e+001 -2.160576e+001  4.534265e+001
    endloop
  endfacet
  facet normal  0.000000e+000 -1.000000e+000  0.000000e+000
    outer loop
      vertex -3.358168e+001 -2.160576e+001  4.534265e+001
      vertex -3.528312e+001 -2.160576e+001  4.601443e+001
      vertex -3.532281e+001 -2.160576e+001  4.543425e+001
    endloop
  endfacet
  facet normal  0.000000e+000 -1.000000e+000  0.000000e+000
    outer loop
      vertex -3.358168e+001 -2.160576e+001  4.534265e+001
      vertex -3.532281e+001 -2.160576e+001  4.543425e+001
      vertex -3.369438e+001 -2.160576e+001  4.467931e+001
    endloop
  endfacet
  facet normal  0.000000e+000 -1.000000e+000  0.000000e+000
    outer loop
      vertex -3.369438e+001 -2.160576e+001  4.467931e+001
      vertex -3.532281e+001 -2.160576e+001  4.543425e+001
      vertex -3.544112e+001 -2.160576e+001  4.486488e+001
    endloop
  endfacet
  facet normal  0.000000e+000 -1.000000e+000  0.000000e+000
    outer loop
      vertex -3.369438e+001 -2.160576e+001  4.467931e+001
      vertex -3.544112e+001 -2.160576e+001  4.486488e+001
      vertex -3.388065e+001 -2.160576e+001  4.403276e+001
    endloop
  endfacet
  facet normal  0.000000e+000 -1.000000e+000  0.000000e+000
    outer loop
      vertex -3.388065e+001 -2.160576e+001  4.403276e+001
      vertex -3.544112e+001 -2.160576e+001  4.486488e+001
      vertex -3.563587e+001 -2.160576e+001  4.431692e+001
    endloop
  endfacet
  facet normal  0.000000e+000 -9.999999e-001  -0.000000e+000
    outer loop
      vertex -3.388065e+001 -2.160576e+001  4.403276e+001
      vertex -3.563587e+001 -2.160576e+001  4.431692e+001
      vertex -3.590342e+001 -2.160576e+001  4.380058e+001
    endloop
  endfacet
  facet normal  0.000000e+000 -1.000000e+000  0.000000e+000
    outer loop
      vertex -3.388065e+001 -2.160576e+001  4.403276e+001
      vertex -3.590342e+001 -2.160576e+001  4.380058e+001
      vertex -3.413814e+001 -2.160576e+001  4.341113e+001
    endloop
  endfacet
  facet normal  -0.000000e+000 -1.000000e+000  0.000000e+000
    outer loop
      vertex -3.413814e+001 -2.160576e+001  4.341113e+001
      vertex -3.590342e+001 -2.160576e+001  4.380058e+001
      vertex -3.623878e+001 -2.160576e+001  4.332548e+001
    endloop
  endfacet
  facet normal  0.000000e+000 -1.000000e+000  0.000000e+000
    outer loop
      vertex -3.413814e+001 -2.160576e+001  4.341113e+001
      vertex -3.623878e+001 -2.160576e+001  4.332548e+001
      vertex -3.446360e+001 -2.160576e+001  4.282224e+001
    endloop
  endfacet
  facet normal  0.000000e+000 -9.999999e-001  0.000000e+000
    outer loop
      vertex -3.446360e+001 -2.160576e+001  4.282224e+001
      vertex -3.623878e+001 -2.160576e+001  4.332548e+001
      vertex -3.663571e+001 -2.160576e+001  4.290047e+001
    endloop
  endfacet
  facet normal  0.000000e+000 -1.000000e+000  0.000000e+000
    outer loop
      vertex -3.446360e+001 -2.160576e+001  4.282224e+001
      vertex -3.663571e+001 -2.160576e+001  4.290047e+001
      vertex -3.485296e+001 -2.160576e+001  4.227349e+001
    endloop
  endfacet
  facet normal  0.000000e+000 -9.999999e-001  0.000000e+000
    outer loop
      vertex -3.485296e+001 -2.160576e+001  4.227349e+001
      vertex -3.663571e+001 -2.160576e+001  4.290047e+001
      vertex -3.708681e+001 -2.160576e+001  4.253347e+001
    endloop
  endfacet
  facet normal  0.000000e+000 -1.000000e+000  -0.000000e+000
    outer loop
      vertex -3.485296e+001 -2.160576e+001  4.227349e+001
      vertex -3.708681e+001 -2.160576e+001  4.253347e+001
      vertex -3.758369e+001 -2.160576e+001  4.223131e+001
    endloop
  endfacet
  facet normal  0.000000e+000 -1.000000e+000  0.000000e+000
    outer loop
      vertex -3.485296e+001 -2.160576e+001  4.227349e+001
      vertex -3.758369e+001 -2.160576e+001  4.223131e+001
      vertex -3.530131e+001 -2.160576e+001  4.177179e+001
    endloop
  endfacet
  facet normal  0.000000e+000 -1.000000e+000  0.000000e+000
    outer loop
      vertex -3.530131e+001 -2.160576e+001  4.177179e+001
      vertex -3.758369e+001 -2.160576e+001  4.223131e+001
      vertex -3.811708e+001 -2.160576e+001  4.199962e+001
    endloop
  endfacet
  facet normal  0.000000e+000 -1.000000e+000  -0.000000e+000
    outer loop
      vertex -3.530131e+001 -2.160576e+001  4.177179e+001
      vertex -3.811708e+001 -2.160576e+001  4.199962e+001
      vertex -3.867706e+001 -2.160576e+001  4.184273e+001
    endloop
  endfacet
  facet normal -7.845622e-002 -9.969175e-001  -0.000000e+000
    outer loop
      vertex -6.386987e+001 -2.160576e+001  4.001443e+001
      vertex -6.386987e+001 -2.160576e+001  4.201443e+001
      vertex -6.433918e+001 -2.156882e+001  4.001443e+001
    endloop
  endfacet
  facet normal -7.845622e-002 -9.969175e-001  0.000000e+000
    outer loop
      vertex -6.433918e+001 -2.156882e+001  4.001443e+001
      vertex -6.386987e+001 -2.160576e+001  4.201443e+001
      vertex -6.433918e+001 -2.156882e+001  4.201443e+001
    endloop
  endfacet
  facet normal -2.334491e-001 -9.723690e-001  -0.000000e+000
    outer loop
      vertex -6.433918e+001 -2.156882e+001  4.001443e+001
      vertex -6.433918e+001 -2.156882e+001  4.201443e+001
      vertex -6.479692e+001 -2.145893e+001  4.001443e+001
    endloop
  endfacet
  facet normal -2.334491e-001 -9.723690e-001  0.000000e+000
    outer loop
      vertex -6.479692e+001 -2.145893e+001  4.001443e+001
      vertex -6.433918e+001 -2.156882e+001  4.201443e+001
      vertex -6.479692e+001 -2.145893e+001  4.201443e+001
    endloop
  endfacet
  facet normal -3.826847e-001 -9.238791e-001  -0.000000e+000
    outer loop
      vertex -6.479692e+001 -2.145893e+001  4.001443e+001
      vertex -6.479692e+001 -2.145893e+001  4.201443e+001
      vertex -6.523184e+001 -2.127878e+001  4.001443e+001
    endloop
  endfacet
  facet normal -3.826847e-001 -9.238791e-001  0.000000e+000
    outer loop
      vertex -6.523184e+001 -2.127878e+001  4.001443e+001
      vertex -6.479692e+001 -2.145893e+001  4.201443e+001
      vertex -6.523184e+001 -2.127878e+001  4.201443e+001
    endloop
  endfacet
  facet normal -5.224919e-001 -8.526442e-001  -0.000000e+000
    outer loop
      vertex -6.523184e+001 -2.127878e+001  4.001443e+001
      vertex -6.523184e+001 -2.127878e+001  4.201443e+001
      vertex -6.563323e+001 -2.103281e+001  4.001443e+001
    endloop
  endfacet
  facet normal -5.224919e-001 -8.526442e-001  0.000000e+000
    outer loop
      vertex -6.563323e+001 -2.103281e+001  4.001443e+001
      vertex -6.523184e+001 -2.127878e+001  4.201443e+001
      vertex -6.563323e+001 -2.103281e+001  4.201443e+001
    endloop
  endfacet
  facet normal -6.494493e-001 -7.604048e-001  -0.000000e+000
    outer loop
      vertex -6.563323e+001 -2.103281e+001  4.001443e+001
      vertex -6.563323e+001 -2.103281e+001  4.201443e+001
      vertex -6.599120e+001 -2.072708e+001  4.001443e+001
    endloop
  endfacet
  facet normal -6.494493e-001 -7.604048e-001  0.000000e+000
    outer loop
      vertex -6.599120e+001 -2.072708e+001  4.001443e+001
      vertex -6.563323e+001 -2.103281e+001  4.201443e+001
      vertex -6.599120e+001 -2.072708e+001  4.201443e+001
    endloop
  endfacet
  facet normal -7.604126e-001 -6.494403e-001  -0.000000e+000
    outer loop
      vertex -6.599120e+001 -2.072708e+001  4.001443e+001
      vertex -6.599120e+001 -2.072708e+001  4.201443e+001
      vertex -6.629692e+001 -2.036911e+001  4.001443e+001
    endloop
  endfacet
  facet normal -7.604126e-001 -6.494403e-001  0.000000e+000
    outer loop
      vertex -6.629692e+001 -2.036911e+001  4.001443e+001
      vertex -6.599120e+001 -2.072708e+001  4.201443e+001
      vertex -6.629692e+001 -2.036911e+001  4.201443e+001
    endloop
  endfacet
  facet normal -8.526374e-001 -5.225033e-001  -0.000000e+000
    outer loop
      vertex -6.629692e+001 -2.036911e+001  4.001443e+001
      vertex -6.629692e+001 -2.036911e+001  4.201443e+001
      vertex -6.654289e+001 -1.996773e+001  4.001443e+001
    endloop
  endfacet
  facet normal -8.526374e-001 -5.225033e-001  0.000000e+000
    outer loop
      vertex -6.654289e+001 -1.996773e+001  4.001443e+001
      vertex -6.629692e+001 -2.036911e+001  4.201443e+001
      vertex -6.654289e+001 -1.996773e+001  4.201443e+001
    endloop
  endfacet
  facet normal -9.238770e-001 -3.826896e-001  -0.000000e+000
    outer loop
      vertex -6.654289e+001 -1.996773e+001  4.001443e+001
      vertex -6.654289e+001 -1.996773e+001  4.201443e+001
      vertex -6.672305e+001 -1.953281e+001  4.001443e+001
    endloop
  endfacet
  facet normal -9.238770e-001 -3.826896e-001  0.000000e+000
    outer loop
      vertex -6.672305e+001 -1.953281e+001  4.001443e+001
      vertex -6.654289e+001 -1.996773e+001  4.201443e+001
      vertex -6.672305e+001 -1.953281e+001  4.201443e+001
    endloop
  endfacet
  facet normal -9.723709e-001 -2.334416e-001  -0.000000e+000
    outer loop
      vertex -6.672305e+001 -1.953281e+001  4.001443e+001
      vertex -6.672305e+001 -1.953281e+001  4.201443e+001
      vertex -6.683294e+001 -1.907506e+001  4.001443e+001
    endloop
  endfacet
  facet normal -9.723709e-001 -2.334416e-001  0.000000e+000
    outer loop
      vertex -6.683294e+001 -1.907506e+001  4.001443e+001
      vertex -6.672305e+001 -1.953281e+001  4.201443e+001
      vertex -6.683294e+001 -1.907506e+001  4.201443e+001
    endloop
  endfacet
  facet normal -9.969175e-001 -7.845686e-002  -0.000000e+000
    outer loop
      vertex -6.683294e+001 -1.907506e+001  4.001443e+001
      vertex -6.683294e+001 -1.907506e+001  4.201443e+001
      vertex -6.686987e+001 -1.860576e+001  4.001443e+001
    endloop
  endfacet
  facet normal -9.969175e-001 -7.845686e-002  0.000000e+000
    outer loop
      vertex -6.686987e+001 -1.860576e+001  4.001443e+001
      vertex -6.683294e+001 -1.907506e+001  4.201443e+001
      vertex -6.686987e+001 -1.860576e+001  4.201443e+001
    endloop
  endfacet
  facet normal -9.801746e-002  9.951847e-001  0.000000e+000
    outer loop
      vertex -5.986987e+001 -1.541842e+001  4.001443e+001
      vertex -5.950896e+001 -1.538288e+001  4.201443e+001
      vertex -5.950896e+001 -1.538288e+001  4.001443e+001
    endloop
  endfacet
  facet normal -2.902840e-001  9.569406e-001  0.000000e+000
    outer loop
      vertex -5.950896e+001 -1.538288e+001  4.001443e+001
      vertex -5.950896e+001 -1.538288e+001  4.201443e+001
      vertex -5.916191e+001 -1.527760e+001  4.201443e+001
    endloop
  endfacet
  facet normal -2.902840e-001  9.569406e-001  0.000000e+000
    outer loop
      vertex -5.950896e+001 -1.538288e+001  4.001443e+001
      vertex -5.916191e+001 -1.527760e+001  4.201443e+001
      vertex -5.916191e+001 -1.527760e+001  4.001443e+001
    endloop
  endfacet
  facet normal -4.713984e-001  8.819205e-001  0.000000e+000
    outer loop
      vertex -5.916191e+001 -1.527760e+001  4.001443e+001
      vertex -5.916191e+001 -1.527760e+001  4.201443e+001
      vertex -5.884207e+001 -1.510664e+001  4.201443e+001
    endloop
  endfacet
  facet normal -4.713984e-001  8.819205e-001  0.000000e+000
    outer loop
      vertex -5.916191e+001 -1.527760e+001  4.001443e+001
      vertex -5.884207e+001 -1.510664e+001  4.201443e+001
      vertex -5.884207e+001 -1.510664e+001  4.001443e+001
    endloop
  endfacet
  facet normal -6.343937e-001  7.730101e-001  0.000000e+000
    outer loop
      vertex -5.884207e+001 -1.510664e+001  4.001443e+001
      vertex -5.884207e+001 -1.510664e+001  4.201443e+001
      vertex -5.856173e+001 -1.487657e+001  4.201443e+001
    endloop
  endfacet
  facet normal -6.343937e-001  7.730101e-001  0.000000e+000
    outer loop
      vertex -5.884207e+001 -1.510664e+001  4.001443e+001
      vertex -5.856173e+001 -1.487657e+001  4.201443e+001
      vertex -5.856173e+001 -1.487657e+001  4.001443e+001
    endloop
  endfacet
  facet normal -7.730088e-001  6.343952e-001  0.000000e+000
    outer loop
      vertex -5.856173e+001 -1.487657e+001  4.001443e+001
      vertex -5.856173e+001 -1.487657e+001  4.201443e+001
      vertex -5.833165e+001 -1.459623e+001  4.201443e+001
    endloop
  endfacet
  facet normal -7.730088e-001  6.343952e-001  0.000000e+000
    outer loop
      vertex -5.856173e+001 -1.487657e+001  4.001443e+001
      vertex -5.833165e+001 -1.459623e+001  4.201443e+001
      vertex -5.833165e+001 -1.459623e+001  4.001443e+001
    endloop
  endfacet
  facet normal -8.819205e-001  4.713982e-001  0.000000e+000
    outer loop
      vertex -5.833165e+001 -1.459623e+001  4.001443e+001
      vertex -5.833165e+001 -1.459623e+001  4.201443e+001
      vertex -5.816069e+001 -1.427639e+001  4.201443e+001
    endloop
  endfacet
  facet normal -8.819205e-001  4.713982e-001  0.000000e+000
    outer loop
      vertex -5.833165e+001 -1.459623e+001  4.001443e+001
      vertex -5.816069e+001 -1.427639e+001  4.201443e+001
      vertex -5.816069e+001 -1.427639e+001  4.001443e+001
    endloop
  endfacet
  facet normal -9.569414e-001  2.902814e-001  0.000000e+000
    outer loop
      vertex -5.816069e+001 -1.427639e+001  4.001443e+001
      vertex -5.816069e+001 -1.427639e+001  4.201443e+001
      vertex -5.805542e+001 -1.392934e+001  4.201443e+001
    endloop
  endfacet
  facet normal -9.569414e-001  2.902814e-001  0.000000e+000
    outer loop
      vertex -5.816069e+001 -1.427639e+001  4.001443e+001
      vertex -5.805542e+001 -1.392934e+001  4.201443e+001
      vertex -5.805542e+001 -1.392934e+001  4.001443e+001
    endloop
  endfacet
  facet normal -9.951853e-001  9.801200e-002  0.000000e+000
    outer loop
      vertex -5.805542e+001 -1.392934e+001  4.001443e+001
      vertex -5.805542e+001 -1.392934e+001  4.201443e+001
      vertex -5.801987e+001 -1.356842e+001  4.201443e+001
    endloop
  endfacet
  facet normal -9.951853e-001  9.801200e-002  0.000000e+000
    outer loop
      vertex -5.805542e+001 -1.392934e+001  4.001443e+001
      vertex -5.801987e+001 -1.356842e+001  4.201443e+001
      vertex -5.801987e+001 -1.356842e+001  4.001443e+001
    endloop
  endfacet
  facet normal -9.801746e-002  9.951847e-001  0.000000e+000
    outer loop
      vertex -5.950896e+001 -1.538288e+001  4.201443e+001
      vertex -5.986987e+001 -1.541842e+001  4.001443e+001
      vertex -5.986987e+001 -1.541842e+001  4.201443e+001
    endloop
  endfacet
  facet normal  9.801746e-002  9.951847e-001  0.000000e+000
    outer loop
      vertex -5.986987e+001 -1.541842e+001  4.201443e+001
      vertex -5.986987e+001 -1.541842e+001  4.001443e+001
      vertex -6.023079e+001 -1.538288e+001  4.001443e+001
    endloop
  endfacet
  facet normal  9.801746e-002  9.951847e-001  -0.000000e+000
    outer loop
      vertex -5.986987e+001 -1.541842e+001  4.201443e+001
      vertex -6.023079e+001 -1.538288e+001  4.001443e+001
      vertex -6.023079e+001 -1.538288e+001  4.201443e+001
    endloop
  endfacet
  facet normal  2.902840e-001  9.569406e-001  0.000000e+000
    outer loop
      vertex -6.023079e+001 -1.538288e+001  4.201443e+001
      vertex -6.023079e+001 -1.538288e+001  4.001443e+001
      vertex -6.057784e+001 -1.527760e+001  4.001443e+001
    endloop
  endfacet
  facet normal  2.902840e-001  9.569406e-001  -0.000000e+000
    outer loop
      vertex -6.023079e+001 -1.538288e+001  4.201443e+001
      vertex -6.057784e+001 -1.527760e+001  4.001443e+001
      vertex -6.057784e+001 -1.527760e+001  4.201443e+001
    endloop
  endfacet
  facet normal  4.713984e-001  8.819205e-001  0.000000e+000
    outer loop
      vertex -6.057784e+001 -1.527760e+001  4.201443e+001
      vertex -6.057784e+001 -1.527760e+001  4.001443e+001
      vertex -6.089768e+001 -1.510664e+001  4.001443e+001
    endloop
  endfacet
  facet normal  4.713984e-001  8.819205e-001  -0.000000e+000
    outer loop
      vertex -6.057784e+001 -1.527760e+001  4.201443e+001
      vertex -6.089768e+001 -1.510664e+001  4.001443e+001
      vertex -6.089768e+001 -1.510664e+001  4.201443e+001
    endloop
  endfacet
  facet normal  6.343937e-001  7.730101e-001  0.000000e+000
    outer loop
      vertex -6.089768e+001 -1.510664e+001  4.201443e+001
      vertex -6.089768e+001 -1.510664e+001  4.001443e+001
      vertex -6.117802e+001 -1.487657e+001  4.001443e+001
    endloop
  endfacet
  facet normal  6.343937e-001  7.730101e-001  -0.000000e+000
    outer loop
      vertex -6.089768e+001 -1.510664e+001  4.201443e+001
      vertex -6.117802e+001 -1.487657e+001  4.001443e+001
      vertex -6.117802e+001 -1.487657e+001  4.201443e+001
    endloop
  endfacet
  facet normal  7.730088e-001  6.343952e-001  0.000000e+000
    outer loop
      vertex -6.117802e+001 -1.487657e+001  4.201443e+001
      vertex -6.117802e+001 -1.487657e+001  4.001443e+001
      vertex -6.140809e+001 -1.459623e+001  4.001443e+001
    endloop
  endfacet
  facet normal  7.730088e-001  6.343952e-001  -0.000000e+000
    outer loop
      vertex -6.117802e+001 -1.487657e+001  4.201443e+001
      vertex -6.140809e+001 -1.459623e+001  4.001443e+001
      vertex -6.140809e+001 -1.459623e+001  4.201443e+001
    endloop
  endfacet
  facet normal  8.819205e-001  4.713982e-001  0.000000e+000
    outer loop
      vertex -6.140809e+001 -1.459623e+001  4.201443e+001
      vertex -6.140809e+001 -1.459623e+001  4.001443e+001
      vertex -6.157905e+001 -1.427639e+001  4.001443e+001
    endloop
  endfacet
  facet normal  8.819205e-001  4.713982e-001  -0.000000e+000
    outer loop
      vertex -6.140809e+001 -1.459623e+001  4.201443e+001
      vertex -6.157905e+001 -1.427639e+001  4.001443e+001
      vertex -6.157905e+001 -1.427639e+001  4.201443e+001
    endloop
  endfacet
  facet normal  9.569414e-001  2.902814e-001  0.000000e+000
    outer loop
      vertex -6.157905e+001 -1.427639e+001  4.201443e+001
      vertex -6.157905e+001 -1.427639e+001  4.001443e+001
      vertex -6.168433e+001 -1.392934e+001  4.001443e+001
    endloop
  endfacet
  facet normal  9.569414e-001  2.902814e-001  -0.000000e+000
    outer loop
      vertex -6.157905e+001 -1.427639e+001  4.201443e+001
      vertex -6.168433e+001 -1.392934e+001  4.001443e+001
      vertex -6.168433e+001 -1.392934e+001  4.201443e+001
    endloop
  endfacet
  facet normal  9.951853e-001  9.801200e-002  0.000000e+000
    outer loop
      vertex -6.168433e+001 -1.392934e+001  4.201443e+001
      vertex -6.168433e+001 -1.392934e+001  4.001443e+001
      vertex -6.171987e+001 -1.356842e+001  4.001443e+001
    endloop
  endfacet
  facet normal  9.951853e-001  9.801200e-002  -0.000000e+000
    outer loop
      vertex -6.168433e+001 -1.392934e+001  4.201443e+001
      vertex -6.171987e+001 -1.356842e+001  4.001443e+001
      vertex -6.171987e+001 -1.356842e+001  4.201443e+001
    endloop
  endfacet
  facet normal  9.801746e-002 -9.951847e-001  0.000000e+000
    outer loop
      vertex -5.986987e+001 -1.171842e+001  4.001443e+001
      vertex -6.023079e+001 -1.175397e+001  4.201443e+001
      vertex -6.023079e+001 -1.175397e+001  4.001443e+001
    endloop
  endfacet
  facet normal  2.902840e-001 -9.569406e-001  0.000000e+000
    outer loop
      vertex -6.023079e+001 -1.175397e+001  4.001443e+001
      vertex -6.023079e+001 -1.175397e+001  4.201443e+001
      vertex -6.057784e+001 -1.185925e+001  4.201443e+001
    endloop
  endfacet
  facet normal  2.902840e-001 -9.569406e-001  0.000000e+000
    outer loop
      vertex -6.023079e+001 -1.175397e+001  4.001443e+001
      vertex -6.057784e+001 -1.185925e+001  4.201443e+001
      vertex -6.057784e+001 -1.185925e+001  4.001443e+001
    endloop
  endfacet
  facet normal  4.713984e-001 -8.819205e-001  0.000000e+000
    outer loop
      vertex -6.057784e+001 -1.185925e+001  4.001443e+001
      vertex -6.057784e+001 -1.185925e+001  4.201443e+001
      vertex -6.089768e+001 -1.203021e+001  4.201443e+001
    endloop
  endfacet
  facet normal  4.713984e-001 -8.819205e-001  0.000000e+000
    outer loop
      vertex -6.057784e+001 -1.185925e+001  4.001443e+001
      vertex -6.089768e+001 -1.203021e+001  4.201443e+001
      vertex -6.089768e+001 -1.203021e+001  4.001443e+001
    endloop
  endfacet
  facet normal  6.343937e-001 -7.730101e-001  0.000000e+000
    outer loop
      vertex -6.089768e+001 -1.203021e+001  4.001443e+001
      vertex -6.089768e+001 -1.203021e+001  4.201443e+001
      vertex -6.117802e+001 -1.226028e+001  4.201443e+001
    endloop
  endfacet
  facet normal  6.343937e-001 -7.730101e-001  0.000000e+000
    outer loop
      vertex -6.089768e+001 -1.203021e+001  4.001443e+001
      vertex -6.117802e+001 -1.226028e+001  4.201443e+001
      vertex -6.117802e+001 -1.226028e+001  4.001443e+001
    endloop
  endfacet
  facet normal  7.730088e-001 -6.343952e-001  0.000000e+000
    outer loop
      vertex -6.117802e+001 -1.226028e+001  4.001443e+001
      vertex -6.117802e+001 -1.226028e+001  4.201443e+001
      vertex -6.140809e+001 -1.254062e+001  4.201443e+001
    endloop
  endfacet
  facet normal  7.730088e-001 -6.343952e-001  0.000000e+000
    outer loop
      vertex -6.117802e+001 -1.226028e+001  4.001443e+001
      vertex -6.140809e+001 -1.254062e+001  4.201443e+001
      vertex -6.140809e+001 -1.254062e+001  4.001443e+001
    endloop
  endfacet
  facet normal  8.819205e-001 -4.713982e-001  0.000000e+000
    outer loop
      vertex -6.140809e+001 -1.254062e+001  4.001443e+001
      vertex -6.140809e+001 -1.254062e+001  4.201443e+001
      vertex -6.157905e+001 -1.286046e+001  4.201443e+001
    endloop
  endfacet
  facet normal  8.819205e-001 -4.713982e-001  0.000000e+000
    outer loop
      vertex -6.140809e+001 -1.254062e+001  4.001443e+001
      vertex -6.157905e+001 -1.286046e+001  4.201443e+001
      vertex -6.157905e+001 -1.286046e+001  4.001443e+001
    endloop
  endfacet
  facet normal  9.569414e-001 -2.902814e-001  0.000000e+000
    outer loop
      vertex -6.157905e+001 -1.286046e+001  4.001443e+001
      vertex -6.157905e+001 -1.286046e+001  4.201443e+001
      vertex -6.168433e+001 -1.320751e+001  4.201443e+001
    endloop
  endfacet
  facet normal  9.569414e-001 -2.902814e-001  0.000000e+000
    outer loop
      vertex -6.157905e+001 -1.286046e+001  4.001443e+001
      vertex -6.168433e+001 -1.320751e+001  4.201443e+001
      vertex -6.168433e+001 -1.320751e+001  4.001443e+001
    endloop
  endfacet
  facet normal  9.951853e-001 -9.801200e-002  0.000000e+000
    outer loop
      vertex -6.168433e+001 -1.320751e+001  4.001443e+001
      vertex -6.168433e+001 -1.320751e+001  4.201443e+001
      vertex -6.171987e+001 -1.356842e+001  4.201443e+001
    endloop
  endfacet
  facet normal  9.951853e-001 -9.801200e-002  0.000000e+000
    outer loop
      vertex -6.168433e+001 -1.320751e+001  4.001443e+001
      vertex -6.171987e+001 -1.356842e+001  4.201443e+001
      vertex -6.171987e+001 -1.356842e+001  4.001443e+001
    endloop
  endfacet
  facet normal  9.801746e-002 -9.951847e-001  0.000000e+000
    outer loop
      vertex -6.023079e+001 -1.175397e+001  4.201443e+001
      vertex -5.986987e+001 -1.171842e+001  4.001443e+001
      vertex -5.986987e+001 -1.171842e+001  4.201443e+001
    endloop
  endfacet
  facet normal -9.801746e-002 -9.951847e-001  -0.000000e+000
    outer loop
      vertex -5.986987e+001 -1.171842e+001  4.201443e+001
      vertex -5.986987e+001 -1.171842e+001  4.001443e+001
      vertex -5.950896e+001 -1.175397e+001  4.001443e+001
    endloop
  endfacet
  facet normal -9.801746e-002 -9.951847e-001  0.000000e+000
    outer loop
      vertex -5.986987e+001 -1.171842e+001  4.201443e+001
      vertex -5.950896e+001 -1.175397e+001  4.001443e+001
      vertex -5.950896e+001 -1.175397e+001  4.201443e+001
    endloop
  endfacet
  facet normal -2.902840e-001 -9.569406e-001  -0.000000e+000
    outer loop
      vertex -5.950896e+001 -1.175397e+001  4.201443e+001
      vertex -5.950896e+001 -1.175397e+001  4.001443e+001
      vertex -5.916191e+001 -1.185925e+001  4.001443e+001
    endloop
  endfacet
  facet normal -2.902840e-001 -9.569406e-001  0.000000e+000
    outer loop
      vertex -5.950896e+001 -1.175397e+001  4.201443e+001
      vertex -5.916191e+001 -1.185925e+001  4.001443e+001
      vertex -5.916191e+001 -1.185925e+001  4.201443e+001
    endloop
  endfacet
  facet normal -4.713984e-001 -8.819205e-001  -0.000000e+000
    outer loop
      vertex -5.916191e+001 -1.185925e+001  4.201443e+001
      vertex -5.916191e+001 -1.185925e+001  4.001443e+001
      vertex -5.884207e+001 -1.203021e+001  4.001443e+001
    endloop
  endfacet
  facet normal -4.713984e-001 -8.819205e-001  0.000000e+000
    outer loop
      vertex -5.916191e+001 -1.185925e+001  4.201443e+001
      vertex -5.884207e+001 -1.203021e+001  4.001443e+001
      vertex -5.884207e+001 -1.203021e+001  4.201443e+001
    endloop
  endfacet
  facet normal -6.343937e-001 -7.730101e-001  -0.000000e+000
    outer loop
      vertex -5.884207e+001 -1.203021e+001  4.201443e+001
      vertex -5.884207e+001 -1.203021e+001  4.001443e+001
      vertex -5.856173e+001 -1.226028e+001  4.001443e+001
    endloop
  endfacet
  facet normal -6.343937e-001 -7.730101e-001  0.000000e+000
    outer loop
      vertex -5.884207e+001 -1.203021e+001  4.201443e+001
      vertex -5.856173e+001 -1.226028e+001  4.001443e+001
      vertex -5.856173e+001 -1.226028e+001  4.201443e+001
    endloop
  endfacet
  facet normal -7.730088e-001 -6.343952e-001  -0.000000e+000
    outer loop
      vertex -5.856173e+001 -1.226028e+001  4.201443e+001
      vertex -5.856173e+001 -1.226028e+001  4.001443e+001
      vertex -5.833165e+001 -1.254062e+001  4.001443e+001
    endloop
  endfacet
  facet normal -7.730088e-001 -6.343952e-001  0.000000e+000
    outer loop
      vertex -5.856173e+001 -1.226028e+001  4.201443e+001
      vertex -5.833165e+001 -1.254062e+001  4.001443e+001
      vertex -5.833165e+001 -1.254062e+001  4.201443e+001
    endloop
  endfacet
  facet normal -8.819205e-001 -4.713982e-001  -0.000000e+000
    outer loop
      vertex -5.833165e+001 -1.254062e+001  4.201443e+001
      vertex -5.833165e+001 -1.254062e+001  4.001443e+001
      vertex -5.816069e+001 -1.286046e+001  4.001443e+001
    endloop
  endfacet
  facet normal -8.819205e-001 -4.713982e-001  0.000000e+000
    outer loop
      vertex -5.833165e+001 -1.254062e+001  4.201443e+001
      vertex -5.816069e+001 -1.286046e+001  4.001443e+001
      vertex -5.816069e+001 -1.286046e+001  4.201443e+001
    endloop
  endfacet
  facet normal -9.569414e-001 -2.902814e-001  -0.000000e+000
    outer loop
      vertex -5.816069e+001 -1.286046e+001  4.201443e+001
      vertex -5.816069e+001 -1.286046e+001  4.001443e+001
      vertex -5.805542e+001 -1.320751e+001  4.001443e+001
    endloop
  endfacet
  facet normal -9.569414e-001 -2.902814e-001  0.000000e+000
    outer loop
      vertex -5.816069e+001 -1.286046e+001  4.201443e+001
      vertex -5.805542e+001 -1.320751e+001  4.001443e+001
      vertex -5.805542e+001 -1.320751e+001  4.201443e+001
    endloop
  endfacet
  facet normal -9.951853e-001 -9.801200e-002  -0.000000e+000
    outer loop
      vertex -5.805542e+001 -1.320751e+001  4.201443e+001
      vertex -5.805542e+001 -1.320751e+001  4.001443e+001
      vertex -5.801987e+001 -1.356842e+001  4.001443e+001
    endloop
  endfacet
  facet normal -9.951853e-001 -9.801200e-002  0.000000e+000
    outer loop
      vertex -5.805542e+001 -1.320751e+001  4.201443e+001
      vertex -5.801987e+001 -1.356842e+001  4.001443e+001
      vertex -5.801987e+001 -1.356842e+001  4.201443e+001
    endloop
  endfacet
  facet normal  9.609120e-001 -3.308632e-003 -2.768343e-001
    outer loop
      vertex -3.385210e+001 -2.030576e+001  4.411633e+001
      vertex -3.369438e+001 -2.160576e+001  4.467931e+001
      vertex -3.388065e+001 -2.160576e+001  4.403276e+001
    endloop
  endfacet
  facet normal  1.719281e-001  1.152211e-003  9.851088e-001
    outer loop
      vertex -3.885432e+001 -1.990576e+001  5.197467e+001
      vertex -3.820882e+001 -2.160576e+001  5.186400e+001
      vertex -3.817384e+001 -1.990576e+001  5.185591e+001
    endloop
  endfacet
  facet normal  2.768356e-001 -1.122131e-003  9.609165e-001
    outer loop
      vertex -3.817384e+001 -1.990576e+001  5.185591e+001
      vertex -3.820882e+001 -2.160576e+001  5.186400e+001
      vertex -3.756227e+001 -2.160576e+001  5.167773e+001
    endloop
  endfacet
  facet normal  2.840196e-001  1.682322e-003  9.588170e-001
    outer loop
      vertex -3.817384e+001 -1.990576e+001  5.185591e+001
      vertex -3.756227e+001 -2.160576e+001  5.167773e+001
      vertex -3.751151e+001 -1.990576e+001  5.165971e+001
    endloop
  endfacet
  facet normal  3.826849e-001 -1.634428e-003  9.238774e-001
    outer loop
      vertex -3.751151e+001 -1.990576e+001  5.165971e+001
      vertex -3.756227e+001 -2.160576e+001  5.167773e+001
      vertex -3.694065e+001 -2.160576e+001  5.142025e+001
    endloop
  endfacet
  facet normal  3.923355e-001  2.177863e-003  9.198195e-001
    outer loop
      vertex -3.751151e+001 -1.990576e+001  5.165971e+001
      vertex -3.694065e+001 -2.160576e+001  5.142025e+001
      vertex -3.687612e+001 -1.990576e+001  5.138870e+001
    endloop
  endfacet
  facet normal  4.837157e-001 -2.118189e-003  8.752227e-001
    outer loop
      vertex -3.687612e+001 -1.990576e+001  5.138870e+001
      vertex -3.694065e+001 -2.160576e+001  5.142025e+001
      vertex -3.635176e+001 -2.160576e+001  5.109478e+001
    endloop
  endfacet
  facet normal  4.954597e-001  2.644610e-003  8.686269e-001
    outer loop
      vertex -3.687612e+001 -1.990576e+001  5.138870e+001
      vertex -3.635176e+001 -2.160576e+001  5.109478e+001
      vertex -3.627610e+001 -1.990576e+001  5.104645e+001
    endloop
  endfacet
  facet normal  5.786667e-001 -2.567356e-003  8.155602e-001
    outer loop
      vertex -3.627610e+001 -1.990576e+001  5.104645e+001
      vertex -3.635176e+001 -2.160576e+001  5.109478e+001
      vertex -3.580301e+001 -2.160576e+001  5.070543e+001
    endloop
  endfacet
  facet normal  5.920171e-001  3.081831e-003  8.059195e-001
    outer loop
      vertex -3.627610e+001 -1.990576e+001  5.104645e+001
      vertex -3.580301e+001 -2.160576e+001  5.070543e+001
      vertex -3.571939e+001 -1.990576e+001  5.063750e+001
    endloop
  endfacet
  facet normal  6.663446e-001 -2.983022e-003  7.456379e-001
    outer loop
      vertex -3.571939e+001 -1.990576e+001  5.063750e+001
      vertex -3.580301e+001 -2.160576e+001  5.070543e+001
      vertex -3.530131e+001 -2.160576e+001  5.025708e+001
    endloop
  endfacet
  facet normal  6.807197e-001  3.484218e-003  7.325357e-001
    outer loop
      vertex -3.571939e+001 -1.990576e+001  5.063750e+001
      vertex -3.530131e+001 -2.160576e+001  5.025708e+001
      vertex -3.521337e+001 -1.990576e+001  5.016727e+001
    endloop
  endfacet
  facet normal  7.456371e-001 -3.370632e-003  6.663439e-001
    outer loop
      vertex -3.521337e+001 -1.990576e+001  5.016727e+001
      vertex -3.530131e+001 -2.160576e+001  5.025708e+001
      vertex -3.485296e+001 -2.160576e+001  4.975537e+001
    endloop
  endfacet
  facet normal  7.604017e-001  3.854814e-003  6.494417e-001
    outer loop
      vertex -3.521337e+001 -1.990576e+001  5.016727e+001
      vertex -3.485296e+001 -2.160576e+001  4.975537e+001
      vertex -3.476475e+001 -1.990576e+001  4.964200e+001
    endloop
  endfacet
  facet normal  8.155571e-001 -3.727261e-003  5.786645e-001
    outer loop
      vertex -3.476475e+001 -1.990576e+001  4.964200e+001
      vertex -3.485296e+001 -2.160576e+001  4.975537e+001
      vertex -3.446360e+001 -2.160576e+001  4.920663e+001
    endloop
  endfacet
  facet normal  8.300104e-001  4.193836e-003  5.577323e-001
    outer loop
      vertex -3.476475e+001 -1.990576e+001  4.964200e+001
      vertex -3.446360e+001 -2.160576e+001  4.920663e+001
      vertex -3.437948e+001 -1.990576e+001  4.906865e+001
    endloop
  endfacet
  facet normal  8.752175e-001 -4.050939e-003  4.837128e-001
    outer loop
      vertex -3.437948e+001 -1.990576e+001  4.906865e+001
      vertex -3.446360e+001 -2.160576e+001  4.920663e+001
      vertex -3.413814e+001 -2.160576e+001  4.861774e+001
    endloop
  endfacet
  facet normal  8.886114e-001  4.501215e-003  4.586388e-001
    outer loop
      vertex -3.437948e+001 -1.990576e+001  4.906865e+001
      vertex -3.413814e+001 -2.160576e+001  4.861774e+001
      vertex -3.406266e+001 -1.990576e+001  4.845481e+001
    endloop
  endfacet
  facet normal  9.238699e-001 -4.343671e-003  3.826818e-001
    outer loop
      vertex -3.406266e+001 -1.990576e+001  4.845481e+001
      vertex -3.413814e+001 -2.160576e+001  4.861774e+001
      vertex -3.388065e+001 -2.160576e+001  4.799611e+001
    endloop
  endfacet
  facet normal  9.354350e-001  4.777644e-003  3.534665e-001
    outer loop
      vertex -3.381849e+001 -1.990576e+001  4.780864e+001
      vertex -3.406266e+001 -1.990576e+001  4.845481e+001
      vertex -3.388065e+001 -2.160576e+001  4.799611e+001
    endloop
  endfacet
  facet normal  9.858587e-001 -5.027552e-003  1.675036e-001
    outer loop
      vertex -3.366286e+001 -2.030576e+001  4.720304e+001
      vertex -3.369438e+001 -2.160576e+001  4.734956e+001
      vertex -3.358168e+001 -2.160576e+001  4.668622e+001
    endloop
  endfacet
  facet normal  9.891670e-001  3.428010e-003  1.467541e-001
    outer loop
      vertex -3.366286e+001 -2.030576e+001  4.720304e+001
      vertex -3.358168e+001 -2.160576e+001  4.668622e+001
      vertex -3.357109e+001 -2.030576e+001  4.658453e+001
    endloop
  endfacet
  facet normal  9.984198e-001 -3.740981e-003  5.607093e-002
    outer loop
      vertex -3.357109e+001 -2.030576e+001  4.658453e+001
      vertex -3.358168e+001 -2.160576e+001  4.668622e+001
      vertex -3.354395e+001 -2.160576e+001  4.601443e+001
    endloop
  endfacet
  facet normal  9.990723e-001  1.997264e-003  4.301697e-002
    outer loop
      vertex -3.357109e+001 -2.030576e+001  4.658453e+001
      vertex -3.354395e+001 -2.160576e+001  4.601443e+001
      vertex -3.354420e+001 -2.030576e+001  4.595984e+001
    endloop
  endfacet
  facet normal  8.812997e-001  2.363431e-003 -4.725519e-001
    outer loop
      vertex -3.442553e+001 -1.990576e+001  4.288366e+001
      vertex -3.410379e+001 -1.990576e+001  4.348370e+001
      vertex -3.413814e+001 -2.160576e+001  4.341113e+001
    endloop
  endfacet
  facet normal  8.752227e-001 -2.127837e-003 -4.837157e-001
    outer loop
      vertex -3.413814e+001 -2.160576e+001  4.341113e+001
      vertex -3.446360e+001 -2.160576e+001  4.282224e+001
      vertex -3.442553e+001 -1.990576e+001  4.288366e+001
    endloop
  endfacet
  facet normal  8.220888e-001  2.155935e-003 -5.693551e-001
    outer loop
      vertex -3.481318e+001 -1.990576e+001  4.232393e+001
      vertex -3.442553e+001 -1.990576e+001  4.288366e+001
      vertex -3.446360e+001 -2.160576e+001  4.282224e+001
    endloop
  endfacet
  facet normal  8.155613e-001 -1.916042e-003 -5.786675e-001
    outer loop
      vertex -3.446360e+001 -2.160576e+001  4.282224e+001
      vertex -3.485296e+001 -2.160576e+001  4.227349e+001
      vertex -3.481318e+001 -1.990576e+001  4.232393e+001
    endloop
  endfacet
  facet normal  7.522892e-001  1.942388e-003 -6.588301e-001
    outer loop
      vertex -3.526176e+001 -1.990576e+001  4.181172e+001
      vertex -3.481318e+001 -1.990576e+001  4.232393e+001
      vertex -3.485296e+001 -2.160576e+001  4.227349e+001
    endloop
  endfacet
  facet normal  7.456402e-001 -1.698245e-003 -6.663466e-001
    outer loop
      vertex -3.485296e+001 -2.160576e+001  4.227349e+001
      vertex -3.530131e+001 -2.160576e+001  4.177179e+001
      vertex -3.526176e+001 -1.990576e+001  4.181172e+001
    endloop
  endfacet
  facet normal  6.728070e-001  1.721666e-003 -7.398160e-001
    outer loop
      vertex -3.576547e+001 -1.990576e+001  4.135363e+001
      vertex -3.526176e+001 -1.990576e+001  4.181172e+001
      vertex -3.530131e+001 -2.160576e+001  4.177179e+001
    endloop
  endfacet
  facet normal  6.663468e-001 -1.474869e-003 -7.456404e-001
    outer loop
      vertex -3.530131e+001 -2.160576e+001  4.177179e+001
      vertex -3.580301e+001 -2.160576e+001  4.132344e+001
      vertex -3.576547e+001 -1.990576e+001  4.135363e+001
    endloop
  endfacet
  facet normal  5.846545e-001  1.494645e-003 -8.112809e-001
    outer loop
      vertex -3.631784e+001 -1.990576e+001  4.095556e+001
      vertex -3.576547e+001 -1.990576e+001  4.135363e+001
      vertex -3.580301e+001 -2.160576e+001  4.132344e+001
    endloop
  endfacet
  facet normal  5.786681e-001 -1.244753e-003 -8.155622e-001
    outer loop
      vertex -3.580301e+001 -2.160576e+001  4.132344e+001
      vertex -3.635176e+001 -2.160576e+001  4.093409e+001
      vertex -3.631784e+001 -1.990576e+001  4.095556e+001
    endloop
  endfacet
  facet normal  4.889784e-001  1.261436e-003 -8.722949e-001
    outer loop
      vertex -3.691175e+001 -1.990576e+001  4.062263e+001
      vertex -3.631784e+001 -1.990576e+001  4.095556e+001
      vertex -3.635176e+001 -2.160576e+001  4.093409e+001
    endloop
  endfacet
  facet normal  4.837165e-001 -1.008549e-003 -8.752241e-001
    outer loop
      vertex -3.635176e+001 -2.160576e+001  4.093409e+001
      vertex -3.694065e+001 -2.160576e+001  4.060862e+001
      vertex -3.691175e+001 -1.990576e+001  4.062263e+001
    endloop
  endfacet
  facet normal  3.870108e-001  1.021381e-003 -9.220746e-001
    outer loop
      vertex -3.753955e+001 -1.990576e+001  4.035913e+001
      vertex -3.691175e+001 -1.990576e+001  4.062263e+001
      vertex -3.694065e+001 -2.160576e+001  4.060862e+001
    endloop
  endfacet
  facet normal  3.826854e-001 -7.672051e-004 -9.238784e-001
    outer loop
      vertex -3.694065e+001 -2.160576e+001  4.060862e+001
      vertex -3.756227e+001 -2.160576e+001  4.035114e+001
      vertex -3.753955e+001 -1.990576e+001  4.035913e+001
    endloop
  endfacet
  facet normal  2.800477e-001  7.744427e-004 -9.599858e-001
    outer loop
      vertex -3.819317e+001 -1.990576e+001  4.016846e+001
      vertex -3.753955e+001 -1.990576e+001  4.035913e+001
      vertex -3.756227e+001 -2.160576e+001  4.035114e+001
    endloop
  endfacet
  facet normal  9.491900e-001  0.000000e+000  3.147035e-001
    outer loop
      vertex -3.381849e+001 -2.030576e+001  4.780864e+001
      vertex -3.381849e+001 -1.990576e+001  4.780864e+001
      vertex -3.388065e+001 -2.160576e+001  4.799611e+001
    endloop
  endfacet
  facet normal  9.608998e-001 -6.021507e-003  2.768308e-001
    outer loop
      vertex -3.381849e+001 -2.030576e+001  4.780864e+001
      vertex -3.388065e+001 -2.160576e+001  4.799611e+001
      vertex -3.369438e+001 -2.160576e+001  4.734956e+001
    endloop
  endfacet
  facet normal  9.685174e-001  4.567614e-003  2.489042e-001
    outer loop
      vertex -3.381849e+001 -2.030576e+001  4.780864e+001
      vertex -3.369438e+001 -2.160576e+001  4.734956e+001
      vertex -3.366286e+001 -2.030576e+001  4.720304e+001
    endloop
  endfacet
  facet normal  9.291656e-001  0.000000e+000 -3.696638e-001
    outer loop
      vertex -3.385210e+001 -1.990576e+001  4.411633e+001
      vertex -3.385210e+001 -2.030576e+001  4.411633e+001
      vertex -3.410379e+001 -1.990576e+001  4.348370e+001
    endloop
  endfacet
  facet normal  9.298601e-001  3.227630e-003 -3.678994e-001
    outer loop
      vertex -3.410379e+001 -1.990576e+001  4.348370e+001
      vertex -3.385210e+001 -2.030576e+001  4.411633e+001
      vertex -3.388065e+001 -2.160576e+001  4.403276e+001
    endloop
  endfacet
  facet normal  9.238761e-001 -2.333022e-003 -3.826844e-001
    outer loop
      vertex -3.410379e+001 -1.990576e+001  4.348370e+001
      vertex -3.388065e+001 -2.160576e+001  4.403276e+001
      vertex -3.413814e+001 -2.160576e+001  4.341113e+001
    endloop
  endfacet
  facet normal  5.756499e-002  -0.000000e+000  9.983417e-001
    outer loop
      vertex -3.954395e+001 -1.990576e+001  5.201443e+001
      vertex -3.954395e+001 -2.160576e+001  5.201443e+001
      vertex -3.885432e+001 -1.990576e+001  5.197467e+001
    endloop
  endfacet
  facet normal  5.607132e-002  6.079156e-004  9.984266e-001
    outer loop
      vertex -3.885432e+001 -1.990576e+001  5.197467e+001
      vertex -3.954395e+001 -2.160576e+001  5.201443e+001
      vertex -3.887216e+001 -2.160576e+001  5.197671e+001
    endloop
  endfacet
  facet normal  1.675056e-001 -5.766229e-004  9.858710e-001
    outer loop
      vertex -3.885432e+001 -1.990576e+001  5.197467e+001
      vertex -3.887216e+001 -2.160576e+001  5.197671e+001
      vertex -3.820882e+001 -2.160576e+001  5.186400e+001
    endloop
  endfacet
  facet normal  9.981232e-001 -2.379641e-003 -6.119113e-002
    outer loop
      vertex -3.354420e+001 -2.030576e+001  4.595984e+001
      vertex -3.354395e+001 -2.160576e+001  4.601443e+001
      vertex -3.358246e+001 -2.030576e+001  4.533573e+001
    endloop
  endfacet
  facet normal  9.984267e-001  3.023008e-004 -5.607132e-002
    outer loop
      vertex -3.358246e+001 -2.030576e+001  4.533573e+001
      vertex -3.354395e+001 -2.160576e+001  4.601443e+001
      vertex -3.358168e+001 -2.160576e+001  4.534265e+001
    endloop
  endfacet
  facet normal  9.863379e-001 -2.830628e-004 -1.647343e-001
    outer loop
      vertex -3.358246e+001 -2.030576e+001  4.533573e+001
      vertex -3.358168e+001 -2.160576e+001  4.534265e+001
      vertex -3.368546e+001 -2.030576e+001  4.471900e+001
    endloop
  endfacet
  facet normal  9.858698e-001 -1.649819e-003 -1.675055e-001
    outer loop
      vertex -3.368546e+001 -2.030576e+001  4.471900e+001
      vertex -3.358168e+001 -2.160576e+001  4.534265e+001
      vertex -3.369438e+001 -2.160576e+001  4.467931e+001
    endloop
  endfacet
  facet normal  9.638349e-001  1.523443e-003 -2.664952e-001
    outer loop
      vertex -3.368546e+001 -2.030576e+001  4.471900e+001
      vertex -3.369438e+001 -2.160576e+001  4.467931e+001
      vertex -3.385210e+001 -2.030576e+001  4.411633e+001
    endloop
  endfacet
  facet normal  5.607132e-002  0.000000e+000 -9.984267e-001
    outer loop
      vertex -3.954395e+001 -2.160576e+001  4.001443e+001
      vertex -3.954395e+001 -1.990576e+001  4.001443e+001
      vertex -3.887216e+001 -2.160576e+001  4.005216e+001
    endloop
  endfacet
  facet normal  5.673913e-002  2.647327e-004 -9.983889e-001
    outer loop
      vertex -3.887216e+001 -2.160576e+001  4.005216e+001
      vertex -3.954395e+001 -1.990576e+001  4.001443e+001
      vertex -3.886419e+001 -1.990576e+001  4.005307e+001
    endloop
  endfacet
  facet normal  1.675057e-001 -2.616501e-004 -9.858711e-001
    outer loop
      vertex -3.887216e+001 -2.160576e+001  4.005216e+001
      vertex -3.886419e+001 -1.990576e+001  4.005307e+001
      vertex -3.820882e+001 -2.160576e+001  4.016487e+001
    endloop
  endfacet
  facet normal  1.694829e-001  5.228022e-004 -9.855330e-001
    outer loop
      vertex -3.820882e+001 -2.160576e+001  4.016487e+001
      vertex -3.886419e+001 -1.990576e+001  4.005307e+001
      vertex -3.819317e+001 -1.990576e+001  4.016846e+001
    endloop
  endfacet
  facet normal  2.768358e-001 -5.176174e-004 -9.609171e-001
    outer loop
      vertex -3.820882e+001 -2.160576e+001  4.016487e+001
      vertex -3.819317e+001 -1.990576e+001  4.016846e+001
      vertex -3.756227e+001 -2.160576e+001  4.035114e+001
    endloop
  endfacet
  facet normal  9.608999e-001  6.021509e-003  2.768308e-001
    outer loop
      vertex -3.381849e+001 -6.905759e+000  4.780864e+001
      vertex -3.369438e+001 -5.605759e+000  4.734956e+001
      vertex -3.388065e+001 -5.605759e+000  4.799611e+001
    endloop
  endfacet
  facet normal  9.685174e-001 -4.567611e-003  2.489042e-001
    outer loop
      vertex -3.381849e+001 -6.905759e+000  4.780864e+001
      vertex -3.366286e+001 -6.905759e+000  4.720304e+001
      vertex -3.369438e+001 -5.605759e+000  4.734956e+001
    endloop
  endfacet
  facet normal  1.719281e-001 -1.152210e-003  9.851089e-001
    outer loop
      vertex -3.885432e+001 -7.305759e+000  5.197467e+001
      vertex -3.817384e+001 -7.305759e+000  5.185591e+001
      vertex -3.820882e+001 -5.605759e+000  5.186400e+001
    endloop
  endfacet
  facet normal  2.768357e-001  1.122130e-003  9.609166e-001
    outer loop
      vertex -3.756227e+001 -5.605759e+000  5.167773e+001
      vertex -3.820882e+001 -5.605759e+000  5.186400e+001
      vertex -3.817384e+001 -7.305759e+000  5.185591e+001
    endloop
  endfacet
  facet normal  2.840197e-001 -1.682321e-003  9.588170e-001
    outer loop
      vertex -3.817384e+001 -7.305759e+000  5.185591e+001
      vertex -3.751151e+001 -7.305759e+000  5.165971e+001
      vertex -3.756227e+001 -5.605759e+000  5.167773e+001
    endloop
  endfacet
  facet normal  3.826850e-001  1.634427e-003  9.238775e-001
    outer loop
      vertex -3.694065e+001 -5.605759e+000  5.142025e+001
      vertex -3.756227e+001 -5.605759e+000  5.167773e+001
      vertex -3.751151e+001 -7.305759e+000  5.165971e+001
    endloop
  endfacet
  facet normal  3.923355e-001 -2.177861e-003  9.198196e-001
    outer loop
      vertex -3.751151e+001 -7.305759e+000  5.165971e+001
      vertex -3.687612e+001 -7.305759e+000  5.138870e+001
      vertex -3.694065e+001 -5.605759e+000  5.142025e+001
    endloop
  endfacet
  facet normal  4.837157e-001  2.118188e-003  8.752227e-001
    outer loop
      vertex -3.635176e+001 -5.605759e+000  5.109478e+001
      vertex -3.694065e+001 -5.605759e+000  5.142025e+001
      vertex -3.687612e+001 -7.305759e+000  5.138870e+001
    endloop
  endfacet
  facet normal  4.954597e-001 -2.644609e-003  8.686269e-001
    outer loop
      vertex -3.687612e+001 -7.305759e+000  5.138870e+001
      vertex -3.627610e+001 -7.305759e+000  5.104645e+001
      vertex -3.635176e+001 -5.605759e+000  5.109478e+001
    endloop
  endfacet
  facet normal  5.786666e-001  2.567354e-003  8.155602e-001
    outer loop
      vertex -3.580301e+001 -5.605759e+000  5.070543e+001
      vertex -3.635176e+001 -5.605759e+000  5.109478e+001
      vertex -3.627610e+001 -7.305759e+000  5.104645e+001
    endloop
  endfacet
  facet normal  5.920171e-001 -3.081830e-003  8.059195e-001
    outer loop
      vertex -3.627610e+001 -7.305759e+000  5.104645e+001
      vertex -3.571939e+001 -7.305759e+000  5.063750e+001
      vertex -3.580301e+001 -5.605759e+000  5.070543e+001
    endloop
  endfacet
  facet normal  6.663446e-001  2.983020e-003  7.456379e-001
    outer loop
      vertex -3.530131e+001 -5.605759e+000  5.025708e+001
      vertex -3.580301e+001 -5.605759e+000  5.070543e+001
      vertex -3.571939e+001 -7.305759e+000  5.063750e+001
    endloop
  endfacet
  facet normal  6.807197e-001 -3.484213e-003  7.325357e-001
    outer loop
      vertex -3.571939e+001 -7.305759e+000  5.063750e+001
      vertex -3.521337e+001 -7.305759e+000  5.016727e+001
      vertex -3.530131e+001 -5.605759e+000  5.025708e+001
    endloop
  endfacet
  facet normal  7.456370e-001  3.370630e-003  6.663438e-001
    outer loop
      vertex -3.485296e+001 -5.605759e+000  4.975537e+001
      vertex -3.530131e+001 -5.605759e+000  5.025708e+001
      vertex -3.521337e+001 -7.305759e+000  5.016727e+001
    endloop
  endfacet
  facet normal  7.604016e-001 -3.854811e-003  6.494416e-001
    outer loop
      vertex -3.521337e+001 -7.305759e+000  5.016727e+001
      vertex -3.476475e+001 -7.305759e+000  4.964200e+001
      vertex -3.485296e+001 -5.605759e+000  4.975537e+001
    endloop
  endfacet
  facet normal  8.155571e-001  3.727258e-003  5.786645e-001
    outer loop
      vertex -3.446360e+001 -5.605759e+000  4.920663e+001
      vertex -3.485296e+001 -5.605759e+000  4.975537e+001
      vertex -3.476475e+001 -7.305759e+000  4.964200e+001
    endloop
  endfacet
  facet normal  8.300103e-001 -4.193833e-003  5.577323e-001
    outer loop
      vertex -3.476475e+001 -7.305759e+000  4.964200e+001
      vertex -3.437948e+001 -7.305759e+000  4.906865e+001
      vertex -3.446360e+001 -5.605759e+000  4.920663e+001
    endloop
  endfacet
  facet normal  8.752174e-001  4.050936e-003  4.837127e-001
    outer loop
      vertex -3.413814e+001 -5.605759e+000  4.861774e+001
      vertex -3.446360e+001 -5.605759e+000  4.920663e+001
      vertex -3.437948e+001 -7.305759e+000  4.906865e+001
    endloop
  endfacet
  facet normal  8.886114e-001 -4.501212e-003  4.586389e-001
    outer loop
      vertex -3.437948e+001 -7.305759e+000  4.906865e+001
      vertex -3.406266e+001 -7.305759e+000  4.845481e+001
      vertex -3.413814e+001 -5.605759e+000  4.861774e+001
    endloop
  endfacet
  facet normal  9.858587e-001  5.027550e-003  1.675036e-001
    outer loop
      vertex -3.358168e+001 -5.605759e+000  4.668622e+001
      vertex -3.369438e+001 -5.605759e+000  4.734956e+001
      vertex -3.366286e+001 -6.905759e+000  4.720304e+001
    endloop
  endfacet
  facet normal  9.891670e-001 -3.428007e-003  1.467541e-001
    outer loop
      vertex -3.366286e+001 -6.905759e+000  4.720304e+001
      vertex -3.357109e+001 -6.905759e+000  4.658453e+001
      vertex -3.358168e+001 -5.605759e+000  4.668622e+001
    endloop
  endfacet
  facet normal  9.984197e-001  3.740979e-003  5.607093e-002
    outer loop
      vertex -3.354395e+001 -5.605759e+000  4.601443e+001
      vertex -3.358168e+001 -5.605759e+000  4.668622e+001
      vertex -3.357109e+001 -6.905759e+000  4.658453e+001
    endloop
  endfacet
  facet normal  9.291625e-001 -2.566584e-003 -3.696626e-001
    outer loop
      vertex -3.385210e+001 -7.305759e+000  4.411633e+001
      vertex -3.410379e+001 -7.305759e+000  4.348370e+001
      vertex -3.388065e+001 -5.605759e+000  4.403276e+001
    endloop
  endfacet
  facet normal  9.238762e-001  2.333022e-003 -3.826844e-001
    outer loop
      vertex -3.388065e+001 -5.605759e+000  4.403276e+001
      vertex -3.410379e+001 -7.305759e+000  4.348370e+001
      vertex -3.413814e+001 -5.605759e+000  4.341113e+001
    endloop
  endfacet
  facet normal  8.812997e-001 -2.363429e-003 -4.725518e-001
    outer loop
      vertex -3.413814e+001 -5.605759e+000  4.341113e+001
      vertex -3.410379e+001 -7.305759e+000  4.348370e+001
      vertex -3.442553e+001 -7.305759e+000  4.288366e+001
    endloop
  endfacet
  facet normal  8.752226e-001  2.127836e-003 -4.837157e-001
    outer loop
      vertex -3.413814e+001 -5.605759e+000  4.341113e+001
      vertex -3.442553e+001 -7.305759e+000  4.288366e+001
      vertex -3.446360e+001 -5.605759e+000  4.282224e+001
    endloop
  endfacet
  facet normal  8.220888e-001 -2.155934e-003 -5.693552e-001
    outer loop
      vertex -3.446360e+001 -5.605759e+000  4.282224e+001
      vertex -3.442553e+001 -7.305759e+000  4.288366e+001
      vertex -3.481318e+001 -7.305759e+000  4.232393e+001
    endloop
  endfacet
  facet normal  8.155613e-001  1.916041e-003 -5.786675e-001
    outer loop
      vertex -3.446360e+001 -5.605759e+000  4.282224e+001
      vertex -3.481318e+001 -7.305759e+000  4.232393e+001
      vertex -3.485296e+001 -5.605759e+000  4.227349e+001
    endloop
  endfacet
  facet normal  7.522892e-001 -1.942387e-003 -6.588302e-001
    outer loop
      vertex -3.485296e+001 -5.605759e+000  4.227349e+001
      vertex -3.481318e+001 -7.305759e+000  4.232393e+001
      vertex -3.526176e+001 -7.305759e+000  4.181172e+001
    endloop
  endfacet
  facet normal  7.456402e-001  1.698244e-003 -6.663466e-001
    outer loop
      vertex -3.485296e+001 -5.605759e+000  4.227349e+001
      vertex -3.526176e+001 -7.305759e+000  4.181172e+001
      vertex -3.530131e+001 -5.605759e+000  4.177179e+001
    endloop
  endfacet
  facet normal  6.728070e-001 -1.721665e-003 -7.398160e-001
    outer loop
      vertex -3.530131e+001 -5.605759e+000  4.177179e+001
      vertex -3.526176e+001 -7.305759e+000  4.181172e+001
      vertex -3.576547e+001 -7.305759e+000  4.135363e+001
    endloop
  endfacet
  facet normal  6.663468e-001  1.474868e-003 -7.456404e-001
    outer loop
      vertex -3.530131e+001 -5.605759e+000  4.177179e+001
      vertex -3.576547e+001 -7.305759e+000  4.135363e+001
      vertex -3.580301e+001 -5.605759e+000  4.132344e+001
    endloop
  endfacet
  facet normal  5.846546e-001 -1.494645e-003 -8.112810e-001
    outer loop
      vertex -3.580301e+001 -5.605759e+000  4.132344e+001
      vertex -3.576547e+001 -7.305759e+000  4.135363e+001
      vertex -3.631784e+001 -7.305759e+000  4.095556e+001
    endloop
  endfacet
  facet normal  5.786681e-001  1.244752e-003 -8.155622e-001
    outer loop
      vertex -3.580301e+001 -5.605759e+000  4.132344e+001
      vertex -3.631784e+001 -7.305759e+000  4.095556e+001
      vertex -3.635176e+001 -5.605759e+000  4.093409e+001
    endloop
  endfacet
  facet normal  4.889785e-001 -1.261436e-003 -8.722950e-001
    outer loop
      vertex -3.635176e+001 -5.605759e+000  4.093409e+001
      vertex -3.631784e+001 -7.305759e+000  4.095556e+001
      vertex -3.691175e+001 -7.305759e+000  4.062263e+001
    endloop
  endfacet
  facet normal  4.837165e-001  1.008549e-003 -8.752242e-001
    outer loop
      vertex -3.635176e+001 -5.605759e+000  4.093409e+001
      vertex -3.691175e+001 -7.305759e+000  4.062263e+001
      vertex -3.694065e+001 -5.605759e+000  4.060862e+001
    endloop
  endfacet
  facet normal  3.870108e-001 -1.021381e-003 -9.220746e-001
    outer loop
      vertex -3.694065e+001 -5.605759e+000  4.060862e+001
      vertex -3.691175e+001 -7.305759e+000  4.062263e+001
      vertex -3.753955e+001 -7.305759e+000  4.035913e+001
    endloop
  endfacet
  facet normal  3.826854e-001  7.672047e-004 -9.238784e-001
    outer loop
      vertex -3.694065e+001 -5.605759e+000  4.060862e+001
      vertex -3.753955e+001 -7.305759e+000  4.035913e+001
      vertex -3.756227e+001 -5.605759e+000  4.035114e+001
    endloop
  endfacet
  facet normal  2.800477e-001 -7.744422e-004 -9.599858e-001
    outer loop
      vertex -3.756227e+001 -5.605759e+000  4.035114e+001
      vertex -3.753955e+001 -7.305759e+000  4.035913e+001
      vertex -3.819317e+001 -7.305759e+000  4.016846e+001
    endloop
  endfacet
  facet normal  9.462942e-001  0.000000e+000 -3.233071e-001
    outer loop
      vertex -3.385210e+001 -6.905759e+000  4.411633e+001
      vertex -3.385210e+001 -7.305759e+000  4.411633e+001
      vertex -3.388065e+001 -5.605759e+000  4.403276e+001
    endloop
  endfacet
  facet normal  9.609120e-001  3.308634e-003 -2.768343e-001
    outer loop
      vertex -3.385210e+001 -6.905759e+000  4.411633e+001
      vertex -3.388065e+001 -5.605759e+000  4.403276e+001
      vertex -3.369438e+001 -5.605759e+000  4.467931e+001
    endloop
  endfacet
  facet normal  9.638351e-001 -1.523442e-003 -2.664952e-001
    outer loop
      vertex -3.385210e+001 -6.905759e+000  4.411633e+001
      vertex -3.369438e+001 -5.605759e+000  4.467931e+001
      vertex -3.368546e+001 -6.905759e+000  4.471900e+001
    endloop
  endfacet
  facet normal  9.354457e-001  0.000000e+000  3.534705e-001
    outer loop
      vertex -3.381849e+001 -7.305759e+000  4.780864e+001
      vertex -3.381849e+001 -6.905759e+000  4.780864e+001
      vertex -3.406266e+001 -7.305759e+000  4.845481e+001
    endloop
  endfacet
  facet normal  9.366006e-001 -5.742813e-003  3.503520e-001
    outer loop
      vertex -3.406266e+001 -7.305759e+000  4.845481e+001
      vertex -3.381849e+001 -6.905759e+000  4.780864e+001
      vertex -3.388065e+001 -5.605759e+000  4.799611e+001
    endloop
  endfacet
  facet normal  9.238700e-001  4.343665e-003  3.826819e-001
    outer loop
      vertex -3.406266e+001 -7.305759e+000  4.845481e+001
      vertex -3.388065e+001 -5.605759e+000  4.799611e+001
      vertex -3.413814e+001 -5.605759e+000  4.861774e+001
    endloop
  endfacet
  facet normal  5.607133e-002  -0.000000e+000  9.984269e-001
    outer loop
      vertex -3.954395e+001 -5.605759e+000  5.201443e+001
      vertex -3.954395e+001 -7.305759e+000  5.201443e+001
      vertex -3.887216e+001 -5.605759e+000  5.197671e+001
    endloop
  endfacet
  facet normal  5.756498e-002 -5.921376e-004  9.983416e-001
    outer loop
      vertex -3.887216e+001 -5.605759e+000  5.197671e+001
      vertex -3.954395e+001 -7.305759e+000  5.201443e+001
      vertex -3.885432e+001 -7.305759e+000  5.197467e+001
    endloop
  endfacet
  facet normal  1.675057e-001  5.766226e-004  9.858709e-001
    outer loop
      vertex -3.887216e+001 -5.605759e+000  5.197671e+001
      vertex -3.885432e+001 -7.305759e+000  5.197467e+001
      vertex -3.820882e+001 -5.605759e+000  5.186400e+001
    endloop
  endfacet
  facet normal  9.863365e-001  1.737627e-003 -1.647341e-001
    outer loop
      vertex -3.368546e+001 -6.905759e+000  4.471900e+001
      vertex -3.369438e+001 -5.605759e+000  4.467931e+001
      vertex -3.358246e+001 -6.905759e+000  4.533573e+001
    endloop
  endfacet
  facet normal  9.858710e-001  2.980870e-004 -1.675057e-001
    outer loop
      vertex -3.358246e+001 -6.905759e+000  4.533573e+001
      vertex -3.369438e+001 -5.605759e+000  4.467931e+001
      vertex -3.358168e+001 -5.605759e+000  4.534265e+001
    endloop
  endfacet
  facet normal  9.981260e-001 -2.748813e-004 -6.119131e-002
    outer loop
      vertex -3.358246e+001 -6.905759e+000  4.533573e+001
      vertex -3.358168e+001 -5.605759e+000  4.534265e+001
      vertex -3.354420e+001 -6.905759e+000  4.595984e+001
    endloop
  endfacet
  facet normal  9.984245e-001  2.164546e-003 -5.607120e-002
    outer loop
      vertex -3.354420e+001 -6.905759e+000  4.595984e+001
      vertex -3.358168e+001 -5.605759e+000  4.534265e+001
      vertex -3.354395e+001 -5.605759e+000  4.601443e+001
    endloop
  endfacet
  facet normal  9.990723e-001 -1.997263e-003  4.301697e-002
    outer loop
      vertex -3.354420e+001 -6.905759e+000  4.595984e+001
      vertex -3.354395e+001 -5.605759e+000  4.601443e+001
      vertex -3.357109e+001 -6.905759e+000  4.658453e+001
    endloop
  endfacet
  facet normal  5.673913e-002  0.000000e+000 -9.983890e-001
    outer loop
      vertex -3.954395e+001 -7.305759e+000  4.001443e+001
      vertex -3.954395e+001 -5.605759e+000  4.001443e+001
      vertex -3.886419e+001 -7.305759e+000  4.005307e+001
    endloop
  endfacet
  facet normal  5.607132e-002 -2.678860e-004 -9.984267e-001
    outer loop
      vertex -3.886419e+001 -7.305759e+000  4.005307e+001
      vertex -3.954395e+001 -5.605759e+000  4.001443e+001
      vertex -3.887216e+001 -5.605759e+000  4.005216e+001
    endloop
  endfacet
  facet normal  1.694829e-001  2.711068e-004 -9.855331e-001
    outer loop
      vertex -3.886419e+001 -7.305759e+000  4.005307e+001
      vertex -3.887216e+001 -5.605759e+000  4.005216e+001
      vertex -3.819317e+001 -7.305759e+000  4.016846e+001
    endloop
  endfacet
  facet normal  1.675057e-001 -5.417202e-004 -9.858709e-001
    outer loop
      vertex -3.819317e+001 -7.305759e+000  4.016846e+001
      vertex -3.887216e+001 -5.605759e+000  4.005216e+001
      vertex -3.820882e+001 -5.605759e+000  4.016487e+001
    endloop
  endfacet
  facet normal  2.768357e-001  5.176170e-004 -9.609171e-001
    outer loop
      vertex -3.819317e+001 -7.305759e+000  4.016846e+001
      vertex -3.820882e+001 -5.605759e+000  4.016487e+001
      vertex -3.756227e+001 -5.605759e+000  4.035114e+001
    endloop
  endfacet
  facet normal  0.000000e+000 -1.000000e+000  0.000000e+000
    outer loop
      vertex -5.186987e+001 -9.505759e+000  5.053140e+001
      vertex -5.140190e+001 -9.505759e+000  4.999052e+001
      vertex -5.186987e+001 -9.505759e+000  5.101443e+001
    endloop
  endfacet
  facet normal  0.000000e+000 -1.000000e+000  0.000000e+000
    outer loop
      vertex -5.140190e+001 -9.505759e+000  4.999052e+001
      vertex -5.099618e+001 -9.505759e+000  4.940150e+001
      vertex -5.186987e+001 -9.505759e+000  5.101443e+001
    endloop
  endfacet
  facet normal  0.000000e+000 -1.000000e+000  -0.000000e+000
    outer loop
      vertex -4.986426e+001 -9.505759e+000  4.201443e+001
      vertex -4.986426e+001 -9.505759e+000  5.101443e+001
      vertex -5.004397e+001 -9.505759e+000  4.599929e+001
    endloop
  endfacet
  facet normal  0.000000e+000 -1.000000e+000  -0.000000e+000
    outer loop
      vertex -4.986426e+001 -9.505759e+000  4.201443e+001
      vertex -5.004397e+001 -9.505759e+000  4.599929e+001
      vertex -5.008498e+001 -9.505759e+000  4.528524e+001
    endloop
  endfacet
  facet normal  0.000000e+000 -1.000000e+000  -0.000000e+000
    outer loop
      vertex -4.986426e+001 -9.505759e+000  4.201443e+001
      vertex -5.008498e+001 -9.505759e+000  4.528524e+001
      vertex -5.020420e+001 -9.505759e+000  4.458002e+001
    endloop
  endfacet
  facet normal  0.000000e+000 -1.000000e+000  -0.000000e+000
    outer loop
      vertex -4.986426e+001 -9.505759e+000  4.201443e+001
      vertex -5.020420e+001 -9.505759e+000  4.458002e+001
      vertex -5.040017e+001 -9.505759e+000  4.389217e+001
    endloop
  endfacet
  facet normal  0.000000e+000 -9.999999e-001  -0.000000e+000
    outer loop
      vertex -4.986426e+001 -9.505759e+000  4.201443e+001
      vertex -5.040017e+001 -9.505759e+000  4.389217e+001
      vertex -5.067054e+001 -9.505759e+000  4.323001e+001
    endloop
  endfacet
  facet normal  0.000000e+000 -1.000000e+000  -0.000000e+000
    outer loop
      vertex -4.986426e+001 -9.505759e+000  4.201443e+001
      vertex -5.067054e+001 -9.505759e+000  4.323001e+001
      vertex -5.101202e+001 -9.505759e+000  4.260156e+001
    endloop
  endfacet
  facet normal  0.000000e+000 -9.999999e-001  -0.000000e+000
    outer loop
      vertex -4.986426e+001 -9.505759e+000  4.201443e+001
      vertex -5.101202e+001 -9.505759e+000  4.260156e+001
      vertex -5.142048e+001 -9.505759e+000  4.201443e+001
    endloop
  endfacet
  facet normal  0.000000e+000 -1.000000e+000  0.000000e+000
    outer loop
      vertex -4.986426e+001 -9.505759e+000  5.101443e+001
      vertex -5.186987e+001 -9.505759e+000  5.101443e+001
      vertex -5.099618e+001 -9.505759e+000  4.940150e+001
    endloop
  endfacet
  facet normal  0.000000e+000 -1.000000e+000  0.000000e+000
    outer loop
      vertex -4.986426e+001 -9.505759e+000  5.101443e+001
      vertex -5.099618e+001 -9.505759e+000  4.940150e+001
      vertex -5.065763e+001 -9.505759e+000  4.877147e+001
    endloop
  endfacet
  facet normal  0.000000e+000 -1.000000e+000  0.000000e+000
    outer loop
      vertex -4.986426e+001 -9.505759e+000  5.101443e+001
      vertex -5.065763e+001 -9.505759e+000  4.877147e+001
      vertex -5.039035e+001 -9.505759e+000  4.810806e+001
    endloop
  endfacet
  facet normal  0.000000e+000 -1.000000e+000  0.000000e+000
    outer loop
      vertex -4.986426e+001 -9.505759e+000  5.101443e+001
      vertex -5.039035e+001 -9.505759e+000  4.810806e+001
      vertex -5.019758e+001 -9.505759e+000  4.741930e+001
    endloop
  endfacet
  facet normal  0.000000e+000 -1.000000e+000  0.000000e+000
    outer loop
      vertex -4.986426e+001 -9.505759e+000  5.101443e+001
      vertex -5.019758e+001 -9.505759e+000  4.741930e+001
      vertex -5.008165e+001 -9.505759e+000  4.671353e+001
    endloop
  endfacet
  facet normal  0.000000e+000 -1.000000e+000  0.000000e+000
    outer loop
      vertex -4.986426e+001 -9.505759e+000  5.101443e+001
      vertex -5.008165e+001 -9.505759e+000  4.671353e+001
      vertex -5.004397e+001 -9.505759e+000  4.599929e+001
    endloop
  endfacet
  facet normal -1.000000e+000  0.000000e+000  0.000000e+000
    outer loop
      vertex -4.986426e+001 -9.505759e+000  5.101443e+001
      vertex -4.986426e+001 -9.505759e+000  4.201443e+001
      vertex -4.986426e+001 -9.906679e+000  4.477626e+001
    endloop
  endfacet
  facet normal -1.000000e+000  0.000000e+000  0.000000e+000
    outer loop
      vertex -4.986426e+001 -9.505759e+000  5.101443e+001
      vertex -4.986426e+001 -9.906679e+000  4.477626e+001
      vertex -4.986426e+001 -9.906679e+000  4.717786e+001
    endloop
  endfacet
  facet normal -1.000000e+000  0.000000e+000  0.000000e+000
    outer loop
      vertex -4.986426e+001 -9.505759e+000  5.101443e+001
      vertex -4.986426e+001 -9.906679e+000  4.717786e+001
      vertex -4.986426e+001 -9.944979e+000  4.771336e+001
    endloop
  endfacet
  facet normal -1.000000e+000  0.000000e+000  0.000000e+000
    outer loop
      vertex -4.986426e+001 -9.505759e+000  5.101443e+001
      vertex -4.986426e+001 -9.944979e+000  4.771336e+001
      vertex -4.986426e+001 -1.005910e+001  4.823795e+001
    endloop
  endfacet
  facet normal -9.999999e-001  0.000000e+000  0.000000e+000
    outer loop
      vertex -4.986426e+001 -9.505759e+000  5.101443e+001
      vertex -4.986426e+001 -1.005910e+001  4.823795e+001
      vertex -4.986426e+001 -1.024671e+001  4.874096e+001
    endloop
  endfacet
  facet normal -1.000000e+000  0.000000e+000  0.000000e+000
    outer loop
      vertex -4.986426e+001 -9.505759e+000  5.101443e+001
      vertex -4.986426e+001 -1.024671e+001  4.874096e+001
      vertex -4.986426e+001 -1.050400e+001  4.921214e+001
    endloop
  endfacet
  facet normal -1.000000e+000  0.000000e+000  0.000000e+000
    outer loop
      vertex -4.986426e+001 -9.505759e+000  5.101443e+001
      vertex -4.986426e+001 -1.050400e+001  4.921214e+001
      vertex -4.986426e+001 -1.082573e+001  4.964192e+001
    endloop
  endfacet
  facet normal -1.000000e+000  0.000000e+000  0.000000e+000
    outer loop
      vertex -4.986426e+001 -9.505759e+000  5.101443e+001
      vertex -4.986426e+001 -1.082573e+001  4.964192e+001
      vertex -4.986426e+001 -1.120534e+001  5.002154e+001
    endloop
  endfacet
  facet normal -1.000000e+000  0.000000e+000  0.000000e+000
    outer loop
      vertex -4.986426e+001 -9.505759e+000  5.101443e+001
      vertex -4.986426e+001 -1.120534e+001  5.002154e+001
      vertex -4.986426e+001 -1.163512e+001  5.034327e+001
    endloop
  endfacet
  facet normal -1.000000e+000  0.000000e+000  0.000000e+000
    outer loop
      vertex -4.986426e+001 -9.505759e+000  5.101443e+001
      vertex -4.986426e+001 -1.163512e+001  5.034327e+001
      vertex -4.986426e+001 -1.210631e+001  5.060056e+001
    endloop
  endfacet
  facet normal -1.000000e+000  0.000000e+000  0.000000e+000
    outer loop
      vertex -4.986426e+001 -9.505759e+000  5.101443e+001
      vertex -4.986426e+001 -1.210631e+001  5.060056e+001
      vertex -4.986426e+001 -1.260932e+001  5.078817e+001
    endloop
  endfacet
  facet normal -9.999999e-001  0.000000e+000  0.000000e+000
    outer loop
      vertex -4.986426e+001 -9.505759e+000  5.101443e+001
      vertex -4.986426e+001 -1.260932e+001  5.078817e+001
      vertex -4.986426e+001 -1.313391e+001  5.090229e+001
    endloop
  endfacet
  facet normal -1.000000e+000  0.000000e+000  0.000000e+000
    outer loop
      vertex -4.986426e+001 -9.505759e+000  5.101443e+001
      vertex -4.986426e+001 -1.313391e+001  5.090229e+001
      vertex -4.986426e+001 -1.366940e+001  5.094059e+001
    endloop
  endfacet
  facet normal -1.000000e+000  0.000000e+000  0.000000e+000
    outer loop
      vertex -4.986426e+001 -9.505759e+000  5.101443e+001
      vertex -4.986426e+001 -1.366940e+001  5.094059e+001
      vertex -4.986426e+001 -1.770576e+001  5.101443e+001
    endloop
  endfacet
  facet normal -1.000000e+000  0.000000e+000  0.000000e+000
    outer loop
      vertex -4.986426e+001 -9.505759e+000  4.201443e+001
      vertex -4.986426e+001 -1.111394e+001  4.201443e+001
      vertex -4.986426e+001 -1.075982e+001  4.239038e+001
    endloop
  endfacet
  facet normal -1.000000e+000  0.000000e+000  0.000000e+000
    outer loop
      vertex -4.986426e+001 -9.505759e+000  4.201443e+001
      vertex -4.986426e+001 -1.075982e+001  4.239038e+001
      vertex -4.986426e+001 -1.046052e+001  4.281127e+001
    endloop
  endfacet
  facet normal -1.000000e+000  0.000000e+000  0.000000e+000
    outer loop
      vertex -4.986426e+001 -9.505759e+000  4.201443e+001
      vertex -4.986426e+001 -1.046052e+001  4.281127e+001
      vertex -4.986426e+001 -1.022168e+001  4.326918e+001
    endloop
  endfacet
  facet normal -1.000000e+000  0.000000e+000  0.000000e+000
    outer loop
      vertex -4.986426e+001 -9.505759e+000  4.201443e+001
      vertex -4.986426e+001 -1.022168e+001  4.326918e+001
      vertex -4.986426e+001 -1.004779e+001  4.375549e+001
    endloop
  endfacet
  facet normal -1.000000e+000  0.000000e+000  0.000000e+000
    outer loop
      vertex -4.986426e+001 -9.505759e+000  4.201443e+001
      vertex -4.986426e+001 -1.004779e+001  4.375549e+001
      vertex -4.986426e+001 -9.942122e+000  4.426102e+001
    endloop
  endfacet
  facet normal -1.000000e+000  0.000000e+000  0.000000e+000
    outer loop
      vertex -4.986426e+001 -9.505759e+000  4.201443e+001
      vertex -4.986426e+001 -9.942122e+000  4.426102e+001
      vertex -4.986426e+001 -9.906679e+000  4.477626e+001
    endloop
  endfacet
  facet normal -1.000000e+000  -0.000000e+000  0.000000e+000
    outer loop
      vertex -4.986426e+001 -1.770576e+001  5.101443e+001
      vertex -4.986426e+001 -1.366940e+001  5.094059e+001
      vertex -4.986426e+001 -1.420489e+001  5.090229e+001
    endloop
  endfacet
  facet normal -1.000000e+000  -0.000000e+000  0.000000e+000
    outer loop
      vertex -4.986426e+001 -1.770576e+001  5.101443e+001
      vertex -4.986426e+001 -1.420489e+001  5.090229e+001
      vertex -4.986426e+001 -1.472948e+001  5.078817e+001
    endloop
  endfacet
  facet normal -1.000000e+000  -0.000000e+000  0.000000e+000
    outer loop
      vertex -4.986426e+001 -1.770576e+001  5.101443e+001
      vertex -4.986426e+001 -1.472948e+001  5.078817e+001
      vertex -4.986426e+001 -1.523249e+001  5.060056e+001
    endloop
  endfacet
  facet normal -1.000000e+000  -0.000000e+000  0.000000e+000
    outer loop
      vertex -4.986426e+001 -1.770576e+001  5.101443e+001
      vertex -4.986426e+001 -1.523249e+001  5.060056e+001
      vertex -4.986426e+001 -1.570368e+001  5.034327e+001
    endloop
  endfacet
  facet normal -1.000000e+000  -0.000000e+000  0.000000e+000
    outer loop
      vertex -4.986426e+001 -1.770576e+001  5.101443e+001
      vertex -4.986426e+001 -1.570368e+001  5.034327e+001
      vertex -4.986426e+001 -1.613346e+001  5.002154e+001
    endloop
  endfacet
  facet normal -1.000000e+000  -0.000000e+000  0.000000e+000
    outer loop
      vertex -4.986426e+001 -1.770576e+001  5.101443e+001
      vertex -4.986426e+001 -1.613346e+001  5.002154e+001
      vertex -4.986426e+001 -1.651307e+001  4.964192e+001
    endloop
  endfacet
  facet normal -9.999999e-001  -0.000000e+000  0.000000e+000
    outer loop
      vertex -4.986426e+001 -1.770576e+001  5.101443e+001
      vertex -4.986426e+001 -1.651307e+001  4.964192e+001
      vertex -4.986426e+001 -1.683480e+001  4.921214e+001
    endloop
  endfacet
  facet normal -1.000000e+000  -0.000000e+000  0.000000e+000
    outer loop
      vertex -4.986426e+001 -1.770576e+001  5.101443e+001
      vertex -4.986426e+001 -1.683480e+001  4.921214e+001
      vertex -4.986426e+001 -1.709209e+001  4.874096e+001
    endloop
  endfacet
  facet normal -1.000000e+000  -0.000000e+000  0.000000e+000
    outer loop
      vertex -4.986426e+001 -1.770576e+001  5.101443e+001
      vertex -4.986426e+001 -1.709209e+001  4.874096e+001
      vertex -4.986426e+001 -1.727971e+001  4.823795e+001
    endloop
  endfacet
  facet normal -1.000000e+000  -0.000000e+000  0.000000e+000
    outer loop
      vertex -4.986426e+001 -1.770576e+001  5.101443e+001
      vertex -4.986426e+001 -1.727971e+001  4.823795e+001
      vertex -4.986426e+001 -1.739382e+001  4.771336e+001
    endloop
  endfacet
  facet normal -1.000000e+000  -0.000000e+000  0.000000e+000
    outer loop
      vertex -4.986426e+001 -1.770576e+001  5.101443e+001
      vertex -4.986426e+001 -1.739382e+001  4.771336e+001
      vertex -4.986426e+001 -1.743212e+001  4.717786e+001
    endloop
  endfacet
  facet normal -1.000000e+000  -0.000000e+000  -0.000000e+000
    outer loop
      vertex -4.986426e+001 -1.770576e+001  5.101443e+001
      vertex -4.986426e+001 -1.743212e+001  4.717786e+001
      vertex -4.986426e+001 -1.743212e+001  4.477626e+001
    endloop
  endfacet
  facet normal -1.000000e+000  -0.000000e+000  0.000000e+000
    outer loop
      vertex -4.986426e+001 -1.770576e+001  5.101443e+001
      vertex -4.986426e+001 -1.743212e+001  4.477626e+001
      vertex -4.986426e+001 -1.770576e+001  4.201443e+001
    endloop
  endfacet
  facet normal -9.999999e-001  0.000000e+000  -0.000000e+000
    outer loop
      vertex -4.986426e+001 -1.770576e+001  4.201443e+001
      vertex -4.986426e+001 -1.743212e+001  4.477626e+001
      vertex -4.986426e+001 -1.739668e+001  4.426102e+001
    endloop
  endfacet
  facet normal -1.000000e+000  0.000000e+000  -0.000000e+000
    outer loop
      vertex -4.986426e+001 -1.770576e+001  4.201443e+001
      vertex -4.986426e+001 -1.739668e+001  4.426102e+001
      vertex -4.986426e+001 -1.729101e+001  4.375549e+001
    endloop
  endfacet
  facet normal -1.000000e+000  0.000000e+000  -0.000000e+000
    outer loop
      vertex -4.986426e+001 -1.770576e+001  4.201443e+001
      vertex -4.986426e+001 -1.729101e+001  4.375549e+001
      vertex -4.986426e+001 -1.711712e+001  4.326918e+001
    endloop
  endfacet
  facet normal -1.000000e+000  0.000000e+000  -0.000000e+000
    outer loop
      vertex -4.986426e+001 -1.770576e+001  4.201443e+001
      vertex -4.986426e+001 -1.711712e+001  4.326918e+001
      vertex -4.986426e+001 -1.687827e+001  4.281127e+001
    endloop
  endfacet
  facet normal -1.000000e+000  0.000000e+000  -0.000000e+000
    outer loop
      vertex -4.986426e+001 -1.770576e+001  4.201443e+001
      vertex -4.986426e+001 -1.687827e+001  4.281127e+001
      vertex -4.986426e+001 -1.657898e+001  4.239038e+001
    endloop
  endfacet
  facet normal -1.000000e+000  0.000000e+000  -0.000000e+000
    outer loop
      vertex -4.986426e+001 -1.770576e+001  4.201443e+001
      vertex -4.986426e+001 -1.657898e+001  4.239038e+001
      vertex -4.986426e+001 -1.622486e+001  4.201443e+001
    endloop
  endfacet
  facet normal -1.270066e-003 -9.386708e-001  3.448123e-001
    outer loop
      vertex -4.986426e+001 -1.022168e+001  4.326918e+001
      vertex -4.786426e+001 -1.023747e+001  4.323356e+001
      vertex -4.786426e+001 -1.005492e+001  4.373051e+001
    endloop
  endfacet
  facet normal  1.236113e-003 -8.866342e-001  4.624698e-001
    outer loop
      vertex -4.786426e+001 -1.023747e+001  4.323356e+001
      vertex -4.986426e+001 -1.022168e+001  4.326918e+001
      vertex -4.986426e+001 -1.046052e+001  4.281127e+001
    endloop
  endfacet
  facet normal -1.647779e-003 -8.809838e-001  4.731435e-001
    outer loop
      vertex -4.986426e+001 -1.046052e+001  4.281127e+001
      vertex -4.786426e+001 -1.048796e+001  4.276715e+001
      vertex -4.786426e+001 -1.023747e+001  4.323356e+001
    endloop
  endfacet
  facet normal  1.604384e-003 -8.149576e-001  5.795184e-001
    outer loop
      vertex -4.786426e+001 -1.048796e+001  4.276715e+001
      vertex -4.986426e+001 -1.046052e+001  4.281127e+001
      vertex -4.986426e+001 -1.075982e+001  4.239038e+001
    endloop
  endfacet
  facet normal  4.970529e-003 -6.277987e-001  7.783599e-001
    outer loop
      vertex -4.876557e+001 -1.151121e+001  4.169401e+001
      vertex -4.786426e+001 -1.117168e+001  4.196211e+001
      vertex -4.876557e+001 -1.111394e+001  4.201443e+001
    endloop
  endfacet
  facet normal -6.184118e-003 -6.095371e-001  7.927333e-001
    outer loop
      vertex -4.876557e+001 -1.151121e+001  4.169401e+001
      vertex -4.786426e+001 -1.159137e+001  4.163940e+001
      vertex -4.786426e+001 -1.117168e+001  4.196211e+001
    endloop
  endfacet
  facet normal  5.916547e-003 -5.166871e-001  8.561538e-001
    outer loop
      vertex -4.786426e+001 -1.159137e+001  4.163940e+001
      vertex -4.876557e+001 -1.151121e+001  4.169401e+001
      vertex -4.876557e+001 -1.194818e+001  4.143030e+001
    endloop
  endfacet
  facet normal -7.074606e-003 -4.922386e-001  8.704315e-001
    outer loop
      vertex -4.876557e+001 -1.194818e+001  4.143030e+001
      vertex -4.786426e+001 -1.205220e+001  4.137880e+001
      vertex -4.786426e+001 -1.159137e+001  4.163940e+001
    endloop
  endfacet
  facet normal  6.753462e-003 -3.960682e-001  9.181962e-001
    outer loop
      vertex -4.786426e+001 -1.205220e+001  4.137880e+001
      vertex -4.876557e+001 -1.194818e+001  4.143030e+001
      vertex -4.876557e+001 -1.241683e+001  4.122815e+001
    endloop
  endfacet
  facet normal -7.857390e-003 -3.651993e-001  9.308962e-001
    outer loop
      vertex -4.876557e+001 -1.241683e+001  4.122815e+001
      vertex -4.786426e+001 -1.254505e+001  4.118545e+001
      vertex -4.786426e+001 -1.205220e+001  4.137880e+001
    endloop
  endfacet
  facet normal  7.483657e-003 -2.681649e-001  9.633440e-001
    outer loop
      vertex -4.786426e+001 -1.254505e+001  4.118545e+001
      vertex -4.876557e+001 -1.241683e+001  4.122815e+001
      vertex -4.876557e+001 -1.290852e+001  4.109127e+001
    endloop
  endfacet
  facet normal -8.534799e-003 -2.309282e-001  9.729334e-001
    outer loop
      vertex -4.876557e+001 -1.290852e+001  4.109127e+001
      vertex -4.786426e+001 -1.306015e+001  4.106319e+001
      vertex -4.786426e+001 -1.254505e+001  4.118545e+001
    endloop
  endfacet
  facet normal  8.103923e-003 -1.353298e-001  9.907675e-001
    outer loop
      vertex -4.786426e+001 -1.306015e+001  4.106319e+001
      vertex -4.876557e+001 -1.290852e+001  4.109127e+001
      vertex -4.876557e+001 -1.341421e+001  4.102220e+001
    endloop
  endfacet
  facet normal -9.106707e-003 -9.208957e-002  9.957091e-001
    outer loop
      vertex -4.786426e+001 -1.306015e+001  4.106319e+001
      vertex -4.876557e+001 -1.341421e+001  4.102220e+001
      vertex -4.786426e+001 -1.358731e+001  4.101443e+001
    endloop
  endfacet
  facet normal  8.103922e-003  1.353298e-001  9.907675e-001
    outer loop
      vertex -4.876557e+001 -1.443028e+001  4.109127e+001
      vertex -4.786426e+001 -1.427865e+001  4.106319e+001
      vertex -4.876557e+001 -1.392459e+001  4.102220e+001
    endloop
  endfacet
  facet normal -8.534799e-003  2.309282e-001  9.729334e-001
    outer loop
      vertex -4.786426e+001 -1.479375e+001  4.118545e+001
      vertex -4.786426e+001 -1.427865e+001  4.106319e+001
      vertex -4.876557e+001 -1.443028e+001  4.109127e+001
    endloop
  endfacet
  facet normal  7.483659e-003  2.681649e-001  9.633440e-001
    outer loop
      vertex -4.876557e+001 -1.492197e+001  4.122815e+001
      vertex -4.786426e+001 -1.479375e+001  4.118545e+001
      vertex -4.876557e+001 -1.443028e+001  4.109127e+001
    endloop
  endfacet
  facet normal -7.857390e-003  3.651993e-001  9.308962e-001
    outer loop
      vertex -4.786426e+001 -1.528660e+001  4.137880e+001
      vertex -4.786426e+001 -1.479375e+001  4.118545e+001
      vertex -4.876557e+001 -1.492197e+001  4.122815e+001
    endloop
  endfacet
  facet normal  6.753462e-003  3.960682e-001  9.181963e-001
    outer loop
      vertex -4.876557e+001 -1.539062e+001  4.143030e+001
      vertex -4.786426e+001 -1.528660e+001  4.137880e+001
      vertex -4.876557e+001 -1.492197e+001  4.122815e+001
    endloop
  endfacet
  facet normal -7.074606e-003  4.922386e-001  8.704315e-001
    outer loop
      vertex -4.786426e+001 -1.574743e+001  4.163940e+001
      vertex -4.786426e+001 -1.528660e+001  4.137880e+001
      vertex -4.876557e+001 -1.539062e+001  4.143030e+001
    endloop
  endfacet
  facet normal  5.916543e-003  5.166871e-001  8.561538e-001
    outer loop
      vertex -4.876557e+001 -1.582759e+001  4.169401e+001
      vertex -4.786426e+001 -1.574743e+001  4.163940e+001
      vertex -4.876557e+001 -1.539062e+001  4.143030e+001
    endloop
  endfacet
  facet normal -6.184118e-003  6.095371e-001  7.927333e-001
    outer loop
      vertex -4.786426e+001 -1.616712e+001  4.196211e+001
      vertex -4.786426e+001 -1.574743e+001  4.163940e+001
      vertex -4.876557e+001 -1.582759e+001  4.169401e+001
    endloop
  endfacet
  facet normal -2.005017e-003  8.058559e-001  5.921084e-001
    outer loop
      vertex -4.786426e+001 -1.685084e+001  4.276715e+001
      vertex -4.786426e+001 -1.653737e+001  4.234052e+001
      vertex -4.986426e+001 -1.657898e+001  4.239038e+001
    endloop
  endfacet
  facet normal  1.604695e-003  8.149593e-001  5.795159e-001
    outer loop
      vertex -4.986426e+001 -1.687827e+001  4.281127e+001
      vertex -4.786426e+001 -1.685084e+001  4.276715e+001
      vertex -4.986426e+001 -1.657898e+001  4.239038e+001
    endloop
  endfacet
  facet normal -1.647360e-003  8.809838e-001  4.731435e-001
    outer loop
      vertex -4.786426e+001 -1.710133e+001  4.323356e+001
      vertex -4.786426e+001 -1.685084e+001  4.276715e+001
      vertex -4.986426e+001 -1.687827e+001  4.281127e+001
    endloop
  endfacet
  facet normal  1.236536e-003  8.866342e-001  4.624698e-001
    outer loop
      vertex -4.986426e+001 -1.711712e+001  4.326918e+001
      vertex -4.786426e+001 -1.710133e+001  4.323356e+001
      vertex -4.986426e+001 -1.687827e+001  4.281127e+001
    endloop
  endfacet
  facet normal -1.269586e-003  9.386702e-001  3.448139e-001
    outer loop
      vertex -4.786426e+001 -1.728388e+001  4.373051e+001
      vertex -4.786426e+001 -1.710133e+001  4.323356e+001
      vertex -4.986426e+001 -1.711712e+001  4.326918e+001
    endloop
  endfacet
  facet normal  -0.000000e+000  7.279230e-001  6.856589e-001
    outer loop
      vertex -4.876557e+001 -1.622486e+001  4.201443e+001
      vertex -4.986426e+001 -1.622486e+001  4.201443e+001
      vertex -4.986426e+001 -1.657898e+001  4.239038e+001
    endloop
  endfacet
  facet normal  2.092444e-003  7.248622e-001  6.888909e-001
    outer loop
      vertex -4.876557e+001 -1.622486e+001  4.201443e+001
      vertex -4.986426e+001 -1.657898e+001  4.239038e+001
      vertex -4.786426e+001 -1.653737e+001  4.234052e+001
    endloop
  endfacet
  facet normal -5.188358e-003  7.147685e-001  6.993418e-001
    outer loop
      vertex -4.876557e+001 -1.622486e+001  4.201443e+001
      vertex -4.786426e+001 -1.653737e+001  4.234052e+001
      vertex -4.786426e+001 -1.616712e+001  4.196211e+001
    endloop
  endfacet
  facet normal  4.970529e-003  6.277987e-001  7.783599e-001
    outer loop
      vertex -4.876557e+001 -1.622486e+001  4.201443e+001
      vertex -4.786426e+001 -1.616712e+001  4.196211e+001
      vertex -4.876557e+001 -1.582759e+001  4.169401e+001
    endloop
  endfacet
  facet normal -2.004635e-003 -8.058559e-001  5.921084e-001
    outer loop
      vertex -4.786426e+001 -1.080143e+001  4.234052e+001
      vertex -4.786426e+001 -1.048796e+001  4.276715e+001
      vertex -4.986426e+001 -1.075982e+001  4.239038e+001
    endloop
  endfacet
  facet normal  1.948501e-003 -7.279226e-001  6.856566e-001
    outer loop
      vertex -4.786426e+001 -1.080143e+001  4.234052e+001
      vertex -4.986426e+001 -1.075982e+001  4.239038e+001
      vertex -4.986426e+001 -1.111394e+001  4.201443e+001
    endloop
  endfacet
  facet normal  0.000000e+000 -7.219809e-001  6.919131e-001
    outer loop
      vertex -4.786426e+001 -1.080143e+001  4.234052e+001
      vertex -4.986426e+001 -1.111394e+001  4.201443e+001
      vertex -4.876557e+001 -1.111394e+001  4.201443e+001
    endloop
  endfacet
  facet normal -5.188343e-003 -7.147685e-001  6.993418e-001
    outer loop
      vertex -4.786426e+001 -1.080143e+001  4.234052e+001
      vertex -4.876557e+001 -1.111394e+001  4.201443e+001
      vertex -4.786426e+001 -1.117168e+001  4.196211e+001
    endloop
  endfacet
  facet normal  8.464691e-004 -9.416117e-001  3.366996e-001
    outer loop
      vertex -4.986426e+001 -1.022168e+001  4.326918e+001
      vertex -4.786426e+001 -1.005492e+001  4.373051e+001
      vertex -4.986426e+001 -1.004779e+001  4.375549e+001
    endloop
  endfacet
  facet normal -8.689276e-004 -9.777746e-001  2.096572e-001
    outer loop
      vertex -4.986426e+001 -1.004779e+001  4.375549e+001
      vertex -4.786426e+001 -1.005492e+001  4.373051e+001
      vertex -4.786426e+001 -9.943924e+000  4.424816e+001
    endloop
  endfacet
  facet normal  4.341666e-004 -9.788470e-001  2.045934e-001
    outer loop
      vertex -4.986426e+001 -1.004779e+001  4.375549e+001
      vertex -4.786426e+001 -9.943924e+000  4.424816e+001
      vertex -4.986426e+001 -9.942122e+000  4.426102e+001
    endloop
  endfacet
  facet normal -4.460461e-004 -9.975222e-001  7.035090e-002
    outer loop
      vertex -4.986426e+001 -9.942122e+000  4.426102e+001
      vertex -4.786426e+001 -9.943924e+000  4.424816e+001
      vertex -4.786426e+001 -9.906679e+000  4.477626e+001
    endloop
  endfacet
  facet normal  0.000000e+000 -9.976424e-001  6.862775e-002
    outer loop
      vertex -4.986426e+001 -9.942122e+000  4.426102e+001
      vertex -4.786426e+001 -9.906679e+000  4.477626e+001
      vertex -4.986426e+001 -9.906679e+000  4.477626e+001
    endloop
  endfacet
  facet normal -9.106707e-003  9.208957e-002  9.957091e-001
    outer loop
      vertex -4.786426e+001 -1.427865e+001  4.106319e+001
      vertex -4.786426e+001 -1.375149e+001  4.101443e+001
      vertex -4.876557e+001 -1.392459e+001  4.102220e+001
    endloop
  endfacet
  facet normal  8.616829e-003  0.000000e+000  9.999629e-001
    outer loop
      vertex -4.876557e+001 -1.392459e+001  4.102220e+001
      vertex -4.786426e+001 -1.375149e+001  4.101443e+001
      vertex -4.786426e+001 -1.358731e+001  4.101443e+001
    endloop
  endfacet
  facet normal  8.616830e-003  0.000000e+000  9.999629e-001
    outer loop
      vertex -4.876557e+001 -1.392459e+001  4.102220e+001
      vertex -4.786426e+001 -1.358731e+001  4.101443e+001
      vertex -4.876557e+001 -1.341421e+001  4.102220e+001
    endloop
  endfacet
  facet normal  8.469406e-004  9.416112e-001  3.367012e-001
    outer loop
      vertex -4.986426e+001 -1.711712e+001  4.326918e+001
      vertex -4.986426e+001 -1.729101e+001  4.375549e+001
      vertex -4.786426e+001 -1.728388e+001  4.373051e+001
    endloop
  endfacet
  facet normal -9.355423e-004  9.788470e-001  2.045915e-001
    outer loop
      vertex -4.786426e+001 -1.728388e+001  4.373051e+001
      vertex -4.986426e+001 -1.729101e+001  4.375549e+001
      vertex -4.986426e+001 -1.739668e+001  4.426102e+001
    endloop
  endfacet
  facet normal  4.681560e-004  9.777752e-001  2.096555e-001
    outer loop
      vertex -4.786426e+001 -1.728388e+001  4.373051e+001
      vertex -4.986426e+001 -1.739668e+001  4.426102e+001
      vertex -4.786426e+001 -1.739488e+001  4.424816e+001
    endloop
  endfacet
  facet normal -4.567492e-004  9.976422e-001  6.862959e-002
    outer loop
      vertex -4.786426e+001 -1.739488e+001  4.424816e+001
      vertex -4.986426e+001 -1.739668e+001  4.426102e+001
      vertex -4.986426e+001 -1.743212e+001  4.477626e+001
    endloop
  endfacet
  facet normal  -0.000000e+000  9.975224e-001  7.035091e-002
    outer loop
      vertex -4.786426e+001 -1.739488e+001  4.424816e+001
      vertex -4.986426e+001 -1.743212e+001  4.477626e+001
      vertex -4.786426e+001 -1.743212e+001  4.477626e+001
    endloop
  endfacet
  facet normal  0.000000e+000  1.000000e+000  -0.000000e+000
    outer loop
      vertex -4.986426e+001 -1.770576e+001  5.101443e+001
      vertex -4.986426e+001 -1.770576e+001  4.201443e+001
      vertex -5.004397e+001 -1.770576e+001  4.599929e+001
    endloop
  endfacet
  facet normal  0.000000e+000  1.000000e+000  -0.000000e+000
    outer loop
      vertex -4.986426e+001 -1.770576e+001  5.101443e+001
      vertex -5.004397e+001 -1.770576e+001  4.599929e+001
      vertex -5.008165e+001 -1.770576e+001  4.671353e+001
    endloop
  endfacet
  facet normal  0.000000e+000  1.000000e+000  -0.000000e+000
    outer loop
      vertex -4.986426e+001 -1.770576e+001  5.101443e+001
      vertex -5.008165e+001 -1.770576e+001  4.671353e+001
      vertex -5.019758e+001 -1.770576e+001  4.741930e+001
    endloop
  endfacet
  facet normal  0.000000e+000  1.000000e+000  -0.000000e+000
    outer loop
      vertex -4.986426e+001 -1.770576e+001  5.101443e+001
      vertex -5.019758e+001 -1.770576e+001  4.741930e+001
      vertex -5.039035e+001 -1.770576e+001  4.810806e+001
    endloop
  endfacet
  facet normal  0.000000e+000  1.000000e+000  -0.000000e+000
    outer loop
      vertex -4.986426e+001 -1.770576e+001  5.101443e+001
      vertex -5.039035e+001 -1.770576e+001  4.810806e+001
      vertex -5.065763e+001 -1.770576e+001  4.877147e+001
    endloop
  endfacet
  facet normal  0.000000e+000  1.000000e+000  -0.000000e+000
    outer loop
      vertex -4.986426e+001 -1.770576e+001  5.101443e+001
      vertex -5.065763e+001 -1.770576e+001  4.877147e+001
      vertex -5.099618e+001 -1.770576e+001  4.940150e+001
    endloop
  endfacet
  facet normal  0.000000e+000  1.000000e+000  -0.000000e+000
    outer loop
      vertex -4.986426e+001 -1.770576e+001  5.101443e+001
      vertex -5.099618e+001 -1.770576e+001  4.940150e+001
      vertex -5.140190e+001 -1.770576e+001  4.999052e+001
    endloop
  endfacet
  facet normal  0.000000e+000  9.999999e-001  -0.000000e+000
    outer loop
      vertex -4.986426e+001 -1.770576e+001  5.101443e+001
      vertex -5.140190e+001 -1.770576e+001  4.999052e+001
      vertex -5.186987e+001 -1.770576e+001  5.053140e+001
    endloop
  endfacet
  facet normal  0.000000e+000  1.000000e+000  0.000000e+000
    outer loop
      vertex -4.986426e+001 -1.770576e+001  5.101443e+001
      vertex -5.186987e+001 -1.770576e+001  5.053140e+001
      vertex -5.186987e+001 -1.770576e+001  5.101443e+001
    endloop
  endfacet
  facet normal  0.000000e+000  1.000000e+000  0.000000e+000
    outer loop
      vertex -4.986426e+001 -1.770576e+001  4.201443e+001
      vertex -5.142048e+001 -1.770576e+001  4.201443e+001
      vertex -5.101202e+001 -1.770576e+001  4.260156e+001
    endloop
  endfacet
  facet normal  -0.000000e+000  1.000000e+000  0.000000e+000
    outer loop
      vertex -4.986426e+001 -1.770576e+001  4.201443e+001
      vertex -5.101202e+001 -1.770576e+001  4.260156e+001
      vertex -5.067054e+001 -1.770576e+001  4.323001e+001
    endloop
  endfacet
  facet normal  -0.000000e+000  9.999999e-001  0.000000e+000
    outer loop
      vertex -4.986426e+001 -1.770576e+001  4.201443e+001
      vertex -5.067054e+001 -1.770576e+001  4.323001e+001
      vertex -5.040017e+001 -1.770576e+001  4.389217e+001
    endloop
  endfacet
  facet normal  -0.000000e+000  1.000000e+000  0.000000e+000
    outer loop
      vertex -4.986426e+001 -1.770576e+001  4.201443e+001
      vertex -5.040017e+001 -1.770576e+001  4.389217e+001
      vertex -5.020420e+001 -1.770576e+001  4.458002e+001
    endloop
  endfacet
  facet normal  -0.000000e+000  1.000000e+000  0.000000e+000
    outer loop
      vertex -4.986426e+001 -1.770576e+001  4.201443e+001
      vertex -5.020420e+001 -1.770576e+001  4.458002e+001
      vertex -5.008498e+001 -1.770576e+001  4.528524e+001
    endloop
  endfacet
  facet normal  -0.000000e+000  1.000000e+000  0.000000e+000
    outer loop
      vertex -4.986426e+001 -1.770576e+001  4.201443e+001
      vertex -5.008498e+001 -1.770576e+001  4.528524e+001
      vertex -5.004397e+001 -1.770576e+001  4.599929e+001
    endloop
  endfacet
  facet normal -7.562324e-001  0.000000e+000 -6.543031e-001
    outer loop
      vertex -5.186987e+001 -7.805759e+000  5.053140e+001
      vertex -5.140190e+001 -9.505759e+000  4.999052e+001
      vertex -5.186987e+001 -9.505759e+000  5.053140e+001
    endloop
  endfacet
  facet normal -9.867766e-001  0.000000e+000 -1.620867e-001
    outer loop
      vertex -5.008165e+001 -5.605759e+000  4.671353e+001
      vertex -5.019758e+001 -9.505759e+000  4.741930e+001
      vertex -5.019758e+001 -5.605759e+000  4.741930e+001
    endloop
  endfacet
  facet normal -9.629937e-001  -0.000000e+000 -2.695241e-001
    outer loop
      vertex -5.019758e+001 -5.605759e+000  4.741930e+001
      vertex -5.019758e+001 -9.505759e+000  4.741930e+001
      vertex -5.039035e+001 -9.505759e+000  4.810806e+001
    endloop
  endfacet
  facet normal -9.629937e-001  0.000000e+000 -2.695241e-001
    outer loop
      vertex -5.019758e+001 -5.605759e+000  4.741930e+001
      vertex -5.039035e+001 -9.505759e+000  4.810806e+001
      vertex -5.039035e+001 -5.605759e+000  4.810806e+001
    endloop
  endfacet
  facet normal -9.275517e-001  -0.000000e+000 -3.736949e-001
    outer loop
      vertex -5.039035e+001 -5.605759e+000  4.810806e+001
      vertex -5.039035e+001 -9.505759e+000  4.810806e+001
      vertex -5.065763e+001 -9.505759e+000  4.877147e+001
    endloop
  endfacet
  facet normal -9.275517e-001  0.000000e+000 -3.736949e-001
    outer loop
      vertex -5.039035e+001 -5.605759e+000  4.810806e+001
      vertex -5.065763e+001 -9.505759e+000  4.877147e+001
      vertex -5.065763e+001 -5.605759e+000  4.877147e+001
    endloop
  endfacet
  facet normal -8.808799e-001  -0.000000e+000 -4.733399e-001
    outer loop
      vertex -5.065763e+001 -5.605759e+000  4.877147e+001
      vertex -5.065763e+001 -9.505759e+000  4.877147e+001
      vertex -5.099618e+001 -9.505759e+000  4.940150e+001
    endloop
  endfacet
  facet normal -8.808799e-001  0.000000e+000 -4.733399e-001
    outer loop
      vertex -5.065763e+001 -5.605759e+000  4.877147e+001
      vertex -5.099618e+001 -9.505759e+000  4.940150e+001
      vertex -5.099618e+001 -5.605759e+000  4.940150e+001
    endloop
  endfacet
  facet normal -8.235399e-001  -0.000000e+000 -5.672584e-001
    outer loop
      vertex -5.099618e+001 -5.605759e+000  4.940150e+001
      vertex -5.099618e+001 -9.505759e+000  4.940150e+001
      vertex -5.140190e+001 -9.505759e+000  4.999052e+001
    endloop
  endfacet
  facet normal -8.235399e-001  0.000000e+000 -5.672584e-001
    outer loop
      vertex -5.099618e+001 -5.605759e+000  4.940150e+001
      vertex -5.140190e+001 -9.505759e+000  4.999052e+001
      vertex -5.140190e+001 -5.605759e+000  4.999052e+001
    endloop
  endfacet
  facet normal -7.562324e-001  -0.000000e+000 -6.543031e-001
    outer loop
      vertex -5.140190e+001 -5.605759e+000  4.999052e+001
      vertex -5.140190e+001 -9.505759e+000  4.999052e+001
      vertex -5.186987e+001 -7.805759e+000  5.053140e+001
    endloop
  endfacet
  facet normal -7.562324e-001  0.000000e+000 -6.543031e-001
    outer loop
      vertex -5.140190e+001 -5.605759e+000  4.999052e+001
      vertex -5.186987e+001 -7.805759e+000  5.053140e+001
      vertex -5.186987e+001 -5.605759e+000  5.053140e+001
    endloop
  endfacet
  facet normal -9.867766e-001  -0.000000e+000 -1.620867e-001
    outer loop
      vertex -5.019758e+001 -9.505759e+000  4.741930e+001
      vertex -5.008165e+001 -5.605759e+000  4.671353e+001
      vertex -5.008165e+001 -9.505759e+000  4.671353e+001
    endloop
  endfacet
  facet normal -9.986109e-001  0.000000e+000 -5.268985e-002
    outer loop
      vertex -5.008165e+001 -9.505759e+000  4.671353e+001
      vertex -5.008165e+001 -5.605759e+000  4.671353e+001
      vertex -5.004397e+001 -5.605759e+000  4.599929e+001
    endloop
  endfacet
  facet normal -9.986109e-001  -0.000000e+000 -5.268985e-002
    outer loop
      vertex -5.008165e+001 -9.505759e+000  4.671353e+001
      vertex -5.004397e+001 -5.605759e+000  4.599929e+001
      vertex -5.004397e+001 -9.505759e+000  4.599929e+001
    endloop
  endfacet
  facet normal -9.983546e-001  0.000000e+000  5.734096e-002
    outer loop
      vertex -5.004397e+001 -9.505759e+000  4.599929e+001
      vertex -5.004397e+001 -5.605759e+000  4.599929e+001
      vertex -5.008498e+001 -5.605759e+000  4.528524e+001
    endloop
  endfacet
  facet normal -9.983546e-001  0.000000e+000  5.734096e-002
    outer loop
      vertex -5.004397e+001 -9.505759e+000  4.599929e+001
      vertex -5.008498e+001 -5.605759e+000  4.528524e+001
      vertex -5.008498e+001 -9.505759e+000  4.528524e+001
    endloop
  endfacet
  facet normal -9.860104e-001  0.000000e+000  1.666836e-001
    outer loop
      vertex -5.008498e+001 -9.505759e+000  4.528524e+001
      vertex -5.008498e+001 -5.605759e+000  4.528524e+001
      vertex -5.020420e+001 -5.605759e+000  4.458002e+001
    endloop
  endfacet
  facet normal -9.860104e-001  0.000000e+000  1.666836e-001
    outer loop
      vertex -5.008498e+001 -9.505759e+000  4.528524e+001
      vertex -5.020420e+001 -5.605759e+000  4.458002e+001
      vertex -5.020420e+001 -9.505759e+000  4.458002e+001
    endloop
  endfacet
  facet normal -9.617282e-001  0.000000e+000  2.740054e-001
    outer loop
      vertex -5.020420e+001 -9.505759e+000  4.458002e+001
      vertex -5.020420e+001 -5.605759e+000  4.458002e+001
      vertex -5.040017e+001 -5.605759e+000  4.389217e+001
    endloop
  endfacet
  facet normal -9.617282e-001  0.000000e+000  2.740054e-001
    outer loop
      vertex -5.020420e+001 -9.505759e+000  4.458002e+001
      vertex -5.040017e+001 -5.605759e+000  4.389217e+001
      vertex -5.040017e+001 -9.505759e+000  4.389217e+001
    endloop
  endfacet
  facet normal -9.257998e-001  0.000000e+000  3.780140e-001
    outer loop
      vertex -5.040017e+001 -9.505759e+000  4.389217e+001
      vertex -5.040017e+001 -5.605759e+000  4.389217e+001
      vertex -5.067054e+001 -5.605759e+000  4.323001e+001
    endloop
  endfacet
  facet normal -9.257998e-001  0.000000e+000  3.780140e-001
    outer loop
      vertex -5.040017e+001 -9.505759e+000  4.389217e+001
      vertex -5.067054e+001 -5.605759e+000  4.323001e+001
      vertex -5.067054e+001 -9.505759e+000  4.323001e+001
    endloop
  endfacet
  facet normal -8.786665e-001  0.000000e+000  4.774360e-001
    outer loop
      vertex -5.067054e+001 -9.505759e+000  4.323001e+001
      vertex -5.067054e+001 -5.605759e+000  4.323001e+001
      vertex -5.101202e+001 -5.605759e+000  4.260156e+001
    endloop
  endfacet
  facet normal -8.786665e-001  0.000000e+000  4.774360e-001
    outer loop
      vertex -5.067054e+001 -9.505759e+000  4.323001e+001
      vertex -5.101202e+001 -5.605759e+000  4.260156e+001
      vertex -5.101202e+001 -9.505759e+000  4.260156e+001
    endloop
  endfacet
  facet normal -8.208890e-001  0.000000e+000  5.710877e-001
    outer loop
      vertex -5.101202e+001 -9.505759e+000  4.260156e+001
      vertex -5.101202e+001 -5.605759e+000  4.260156e+001
      vertex -5.142048e+001 -5.605759e+000  4.201443e+001
    endloop
  endfacet
  facet normal -8.208890e-001  0.000000e+000  5.710877e-001
    outer loop
      vertex -5.101202e+001 -9.505759e+000  4.260156e+001
      vertex -5.142048e+001 -5.605759e+000  4.201443e+001
      vertex -5.142048e+001 -9.505759e+000  4.201443e+001
    endloop
  endfacet
  facet normal -7.562324e-001  0.000000e+000 -6.543031e-001
    outer loop
      vertex -5.186987e+001 -1.940576e+001  5.053140e+001
      vertex -5.140190e+001 -2.160576e+001  4.999052e+001
      vertex -5.186987e+001 -2.160576e+001  5.053140e+001
    endloop
  endfacet
  facet normal -9.867766e-001  0.000000e+000 -1.620867e-001
    outer loop
      vertex -5.008165e+001 -1.770576e+001  4.671353e+001
      vertex -5.019758e+001 -2.160576e+001  4.741930e+001
      vertex -5.019758e+001 -1.770576e+001  4.741930e+001
    endloop
  endfacet
  facet normal -9.629937e-001  -0.000000e+000 -2.695241e-001
    outer loop
      vertex -5.019758e+001 -1.770576e+001  4.741930e+001
      vertex -5.019758e+001 -2.160576e+001  4.741930e+001
      vertex -5.039035e+001 -2.160576e+001  4.810806e+001
    endloop
  endfacet
  facet normal -9.629937e-001  0.000000e+000 -2.695241e-001
    outer loop
      vertex -5.019758e+001 -1.770576e+001  4.741930e+001
      vertex -5.039035e+001 -2.160576e+001  4.810806e+001
      vertex -5.039035e+001 -1.770576e+001  4.810806e+001
    endloop
  endfacet
  facet normal -9.275517e-001  -0.000000e+000 -3.736949e-001
    outer loop
      vertex -5.039035e+001 -1.770576e+001  4.810806e+001
      vertex -5.039035e+001 -2.160576e+001  4.810806e+001
      vertex -5.065763e+001 -2.160576e+001  4.877147e+001
    endloop
  endfacet
  facet normal -9.275517e-001  0.000000e+000 -3.736949e-001
    outer loop
      vertex -5.039035e+001 -1.770576e+001  4.810806e+001
      vertex -5.065763e+001 -2.160576e+001  4.877147e+001
      vertex -5.065763e+001 -1.770576e+001  4.877147e+001
    endloop
  endfacet
  facet normal -8.808799e-001  -0.000000e+000 -4.733398e-001
    outer loop
      vertex -5.065763e+001 -1.770576e+001  4.877147e+001
      vertex -5.065763e+001 -2.160576e+001  4.877147e+001
      vertex -5.099618e+001 -2.160576e+001  4.940150e+001
    endloop
  endfacet
  facet normal -8.808799e-001  0.000000e+000 -4.733398e-001
    outer loop
      vertex -5.065763e+001 -1.770576e+001  4.877147e+001
      vertex -5.099618e+001 -2.160576e+001  4.940150e+001
      vertex -5.099618e+001 -1.770576e+001  4.940150e+001
    endloop
  endfacet
  facet normal -8.235398e-001  -0.000000e+000 -5.672584e-001
    outer loop
      vertex -5.099618e+001 -1.770576e+001  4.940150e+001
      vertex -5.099618e+001 -2.160576e+001  4.940150e+001
      vertex -5.140190e+001 -2.160576e+001  4.999052e+001
    endloop
  endfacet
  facet normal -8.235398e-001  0.000000e+000 -5.672584e-001
    outer loop
      vertex -5.099618e+001 -1.770576e+001  4.940150e+001
      vertex -5.140190e+001 -2.160576e+001  4.999052e+001
      vertex -5.140190e+001 -1.770576e+001  4.999052e+001
    endloop
  endfacet
  facet normal -7.562324e-001  -0.000000e+000 -6.543031e-001
    outer loop
      vertex -5.140190e+001 -1.770576e+001  4.999052e+001
      vertex -5.140190e+001 -2.160576e+001  4.999052e+001
      vertex -5.186987e+001 -1.940576e+001  5.053140e+001
    endloop
  endfacet
  facet normal -7.562324e-001  0.000000e+000 -6.543031e-001
    outer loop
      vertex -5.140190e+001 -1.770576e+001  4.999052e+001
      vertex -5.186987e+001 -1.940576e+001  5.053140e+001
      vertex -5.186987e+001 -1.770576e+001  5.053140e+001
    endloop
  endfacet
  facet normal -9.867766e-001  -0.000000e+000 -1.620867e-001
    outer loop
      vertex -5.019758e+001 -2.160576e+001  4.741930e+001
      vertex -5.008165e+001 -1.770576e+001  4.671353e+001
      vertex -5.008165e+001 -2.160576e+001  4.671353e+001
    endloop
  endfacet
  facet normal -9.986109e-001  0.000000e+000 -5.268984e-002
    outer loop
      vertex -5.008165e+001 -2.160576e+001  4.671353e+001
      vertex -5.008165e+001 -1.770576e+001  4.671353e+001
      vertex -5.004397e+001 -1.770576e+001  4.599929e+001
    endloop
  endfacet
  facet normal -9.986109e-001  -0.000000e+000 -5.268984e-002
    outer loop
      vertex -5.008165e+001 -2.160576e+001  4.671353e+001
      vertex -5.004397e+001 -1.770576e+001  4.599929e+001
      vertex -5.004397e+001 -2.160576e+001  4.599929e+001
    endloop
  endfacet
  facet normal -9.983546e-001  0.000000e+000  5.734096e-002
    outer loop
      vertex -5.004397e+001 -2.160576e+001  4.599929e+001
      vertex -5.004397e+001 -1.770576e+001  4.599929e+001
      vertex -5.008498e+001 -1.770576e+001  4.528524e+001
    endloop
  endfacet
  facet normal -9.983546e-001  0.000000e+000  5.734096e-002
    outer loop
      vertex -5.004397e+001 -2.160576e+001  4.599929e+001
      vertex -5.008498e+001 -1.770576e+001  4.528524e+001
      vertex -5.008498e+001 -2.160576e+001  4.528524e+001
    endloop
  endfacet
  facet normal -9.860104e-001  0.000000e+000  1.666836e-001
    outer loop
      vertex -5.008498e+001 -2.160576e+001  4.528524e+001
      vertex -5.008498e+001 -1.770576e+001  4.528524e+001
      vertex -5.020420e+001 -1.770576e+001  4.458002e+001
    endloop
  endfacet
  facet normal -9.860104e-001  0.000000e+000  1.666836e-001
    outer loop
      vertex -5.008498e+001 -2.160576e+001  4.528524e+001
      vertex -5.020420e+001 -1.770576e+001  4.458002e+001
      vertex -5.020420e+001 -2.160576e+001  4.458002e+001
    endloop
  endfacet
  facet normal -9.617282e-001  0.000000e+000  2.740054e-001
    outer loop
      vertex -5.020420e+001 -2.160576e+001  4.458002e+001
      vertex -5.020420e+001 -1.770576e+001  4.458002e+001
      vertex -5.040017e+001 -1.770576e+001  4.389217e+001
    endloop
  endfacet
  facet normal -9.617282e-001  0.000000e+000  2.740054e-001
    outer loop
      vertex -5.020420e+001 -2.160576e+001  4.458002e+001
      vertex -5.040017e+001 -1.770576e+001  4.389217e+001
      vertex -5.040017e+001 -2.160576e+001  4.389217e+001
    endloop
  endfacet
  facet normal -9.257998e-001  0.000000e+000  3.780141e-001
    outer loop
      vertex -5.040017e+001 -2.160576e+001  4.389217e+001
      vertex -5.040017e+001 -1.770576e+001  4.389217e+001
      vertex -5.067054e+001 -1.770576e+001  4.323001e+001
    endloop
  endfacet
  facet normal -9.257998e-001  0.000000e+000  3.780141e-001
    outer loop
      vertex -5.040017e+001 -2.160576e+001  4.389217e+001
      vertex -5.067054e+001 -1.770576e+001  4.323001e+001
      vertex -5.067054e+001 -2.160576e+001  4.323001e+001
    endloop
  endfacet
  facet normal -8.786665e-001  0.000000e+000  4.774360e-001
    outer loop
      vertex -5.067054e+001 -2.160576e+001  4.323001e+001
      vertex -5.067054e+001 -1.770576e+001  4.323001e+001
      vertex -5.101202e+001 -1.770576e+001  4.260156e+001
    endloop
  endfacet
  facet normal -8.786665e-001  0.000000e+000  4.774360e-001
    outer loop
      vertex -5.067054e+001 -2.160576e+001  4.323001e+001
      vertex -5.101202e+001 -1.770576e+001  4.260156e+001
      vertex -5.101202e+001 -2.160576e+001  4.260156e+001
    endloop
  endfacet
  facet normal -8.208890e-001  0.000000e+000  5.710878e-001
    outer loop
      vertex -5.101202e+001 -2.160576e+001  4.260156e+001
      vertex -5.101202e+001 -1.770576e+001  4.260156e+001
      vertex -5.142048e+001 -1.770576e+001  4.201443e+001
    endloop
  endfacet
  facet normal -8.208890e-001  0.000000e+000  5.710878e-001
    outer loop
      vertex -5.101202e+001 -2.160576e+001  4.260156e+001
      vertex -5.142048e+001 -1.770576e+001  4.201443e+001
      vertex -5.142048e+001 -2.160576e+001  4.201443e+001
    endloop
  endfacet
  facet normal  1.000000e+000  0.000000e+000  -0.000000e+000
    outer loop
      vertex -4.876557e+001 -1.341421e+001  4.102220e+001
      vertex -4.876557e+001 -1.290852e+001  4.109127e+001
      vertex -4.876557e+001 -1.241683e+001  4.122815e+001
    endloop
  endfacet
  facet normal  1.000000e+000  0.000000e+000  -0.000000e+000
    outer loop
      vertex -4.876557e+001 -1.341421e+001  4.102220e+001
      vertex -4.876557e+001 -1.241683e+001  4.122815e+001
      vertex -4.876557e+001 -1.194818e+001  4.143030e+001
    endloop
  endfacet
  facet normal  1.000000e+000  0.000000e+000  -0.000000e+000
    outer loop
      vertex -4.876557e+001 -1.341421e+001  4.102220e+001
      vertex -4.876557e+001 -1.194818e+001  4.143030e+001
      vertex -4.876557e+001 -1.151121e+001  4.169401e+001
    endloop
  endfacet
  facet normal  9.999999e-001  0.000000e+000  -0.000000e+000
    outer loop
      vertex -4.876557e+001 -1.341421e+001  4.102220e+001
      vertex -4.876557e+001 -1.151121e+001  4.169401e+001
      vertex -4.876557e+001 -1.111394e+001  4.201443e+001
    endloop
  endfacet
  facet normal  1.000000e+000  0.000000e+000  0.000000e+000
    outer loop
      vertex -4.876557e+001 -1.341421e+001  4.102220e+001
      vertex -4.876557e+001 -1.111394e+001  4.201443e+001
      vertex -4.876557e+001 -1.366940e+001  4.201443e+001
    endloop
  endfacet
  facet normal  1.000000e+000  0.000000e+000  0.000000e+000
    outer loop
      vertex -4.876557e+001 -1.341421e+001  4.102220e+001
      vertex -4.876557e+001 -1.366940e+001  4.201443e+001
      vertex -4.876557e+001 -1.392459e+001  4.102220e+001
    endloop
  endfacet
  facet normal  1.000000e+000  -0.000000e+000  -0.000000e+000
    outer loop
      vertex -4.876557e+001 -1.622486e+001  4.201443e+001
      vertex -4.876557e+001 -1.582759e+001  4.169401e+001
      vertex -4.876557e+001 -1.539062e+001  4.143030e+001
    endloop
  endfacet
  facet normal  1.000000e+000  -0.000000e+000  -0.000000e+000
    outer loop
      vertex -4.876557e+001 -1.622486e+001  4.201443e+001
      vertex -4.876557e+001 -1.539062e+001  4.143030e+001
      vertex -4.876557e+001 -1.492197e+001  4.122815e+001
    endloop
  endfacet
  facet normal  1.000000e+000  -0.000000e+000  -0.000000e+000
    outer loop
      vertex -4.876557e+001 -1.622486e+001  4.201443e+001
      vertex -4.876557e+001 -1.492197e+001  4.122815e+001
      vertex -4.876557e+001 -1.443028e+001  4.109127e+001
    endloop
  endfacet
  facet normal  1.000000e+000  -0.000000e+000  -0.000000e+000
    outer loop
      vertex -4.876557e+001 -1.622486e+001  4.201443e+001
      vertex -4.876557e+001 -1.443028e+001  4.109127e+001
      vertex -4.876557e+001 -1.392459e+001  4.102220e+001
    endloop
  endfacet
  facet normal  1.000000e+000  0.000000e+000  -0.000000e+000
    outer loop
      vertex -4.876557e+001 -1.622486e+001  4.201443e+001
      vertex -4.876557e+001 -1.392459e+001  4.102220e+001
      vertex -4.876557e+001 -1.366940e+001  4.201443e+001
    endloop
  endfacet
  facet normal -1.000000e+000  0.000000e+000  0.000000e+000
    outer loop
      vertex -5.186987e+001 -1.770576e+001  5.101443e+001
      vertex -5.186987e+001 -1.770576e+001  5.053140e+001
      vertex -5.186987e+001 -1.940576e+001  5.053140e+001
    endloop
  endfacet
  facet normal -1.000000e+000  0.000000e+000  0.000000e+000
    outer loop
      vertex -5.186987e+001 -5.605759e+000  5.053140e+001
      vertex -5.186987e+001 -7.805759e+000  5.053140e+001
      vertex -5.186987e+001 -5.605759e+000  5.201443e+001
    endloop
  endfacet
  facet normal -9.999999e-001  0.000000e+000  0.000000e+000
    outer loop
      vertex -5.186987e+001 -2.160576e+001  5.201443e+001
      vertex -5.186987e+001 -1.940576e+001  5.053140e+001
      vertex -5.186987e+001 -2.160576e+001  5.053140e+001
    endloop
  endfacet
  facet normal -1.000000e+000  0.000000e+000  0.000000e+000
    outer loop
      vertex -5.186987e+001 -1.940576e+001  5.053140e+001
      vertex -5.186987e+001 -2.160576e+001  5.201443e+001
      vertex -5.186987e+001 -1.770576e+001  5.101443e+001
    endloop
  endfacet
  facet normal -1.000000e+000  0.000000e+000  0.000000e+000
    outer loop
      vertex -5.186987e+001 -1.770576e+001  5.101443e+001
      vertex -5.186987e+001 -2.160576e+001  5.201443e+001
      vertex -5.186987e+001 -5.605759e+000  5.201443e+001
    endloop
  endfacet
  facet normal -1.000000e+000  0.000000e+000  0.000000e+000
    outer loop
      vertex -5.186987e+001 -1.770576e+001  5.101443e+001
      vertex -5.186987e+001 -5.605759e+000  5.201443e+001
      vertex -5.186987e+001 -9.505759e+000  5.101443e+001
    endloop
  endfacet
  facet normal -1.000000e+000  0.000000e+000  0.000000e+000
    outer loop
      vertex -5.186987e+001 -9.505759e+000  5.101443e+001
      vertex -5.186987e+001 -5.605759e+000  5.201443e+001
      vertex -5.186987e+001 -7.805759e+000  5.053140e+001
    endloop
  endfacet
  facet normal -1.000000e+000  0.000000e+000  0.000000e+000
    outer loop
      vertex -5.186987e+001 -9.505759e+000  5.101443e+001
      vertex -5.186987e+001 -7.805759e+000  5.053140e+001
      vertex -5.186987e+001 -9.505759e+000  5.053140e+001
    endloop
  endfacet
  facet normal  0.000000e+000  -0.000000e+000  1.000000e+000
    outer loop
      vertex -5.186987e+001 -5.605759e+000  5.201443e+001
      vertex -3.954395e+001 -7.305759e+000  5.201443e+001
      vertex -3.954395e+001 -5.605759e+000  5.201443e+001
    endloop
  endfacet
  facet normal  0.000000e+000  0.000000e+000  1.000000e+000
    outer loop
      vertex -3.954395e+001 -7.305759e+000  5.201443e+001
      vertex -5.186987e+001 -5.605759e+000  5.201443e+001
      vertex -4.351665e+001 -7.305759e+000  5.201443e+001
    endloop
  endfacet
  facet normal  0.000000e+000  0.000000e+000  1.000000e+000
    outer loop
      vertex -4.351665e+001 -7.305759e+000  5.201443e+001
      vertex -5.186987e+001 -5.605759e+000  5.201443e+001
      vertex -5.186987e+001 -2.160576e+001  5.201443e+001
    endloop
  endfacet
  facet normal  0.000000e+000  0.000000e+000  1.000000e+000
    outer loop
      vertex -4.351665e+001 -7.305759e+000  5.201443e+001
      vertex -5.186987e+001 -2.160576e+001  5.201443e+001
      vertex -4.351665e+001 -1.990576e+001  5.201443e+001
    endloop
  endfacet
  facet normal  0.000000e+000  0.000000e+000  1.000000e+000
    outer loop
      vertex -4.351665e+001 -1.990576e+001  5.201443e+001
      vertex -5.186987e+001 -2.160576e+001  5.201443e+001
      vertex -3.954395e+001 -2.160576e+001  5.201443e+001
    endloop
  endfacet
  facet normal  0.000000e+000  -0.000000e+000  1.000000e+000
    outer loop
      vertex -4.351665e+001 -1.990576e+001  5.201443e+001
      vertex -3.954395e+001 -2.160576e+001  5.201443e+001
      vertex -3.954395e+001 -1.990576e+001  5.201443e+001
    endloop
  endfacet
  facet normal  -0.000000e+000  0.000000e+000 -1.000000e+000
    outer loop
      vertex -5.186987e+001 -9.505759e+000  5.101443e+001
      vertex -4.986426e+001 -9.505759e+000  5.101443e+001
      vertex -5.186987e+001 -1.770576e+001  5.101443e+001
    endloop
  endfacet
  facet normal  0.000000e+000  0.000000e+000 -1.000000e+000
    outer loop
      vertex -5.186987e+001 -1.770576e+001  5.101443e+001
      vertex -4.986426e+001 -9.505759e+000  5.101443e+001
      vertex -4.986426e+001 -1.770576e+001  5.101443e+001
    endloop
  endfacet
  facet normal -9.801622e-002  0.000000e+000  9.951848e-001
    outer loop
      vertex -3.954395e+001 -4.905759e+000  4.401443e+001
      vertex -3.915377e+001 -5.605759e+000  4.405286e+001
      vertex -3.915377e+001 -4.905759e+000  4.405286e+001
    endloop
  endfacet
  facet normal -2.902869e-001  0.000000e+000  9.569397e-001
    outer loop
      vertex -3.915377e+001 -4.905759e+000  4.405286e+001
      vertex -3.915377e+001 -5.605759e+000  4.405286e+001
      vertex -3.877858e+001 -5.605759e+000  4.416668e+001
    endloop
  endfacet
  facet normal -2.902869e-001  0.000000e+000  9.569397e-001
    outer loop
      vertex -3.915377e+001 -4.905759e+000  4.405286e+001
      vertex -3.877858e+001 -5.605759e+000  4.416668e+001
      vertex -3.877858e+001 -4.905759e+000  4.416668e+001
    endloop
  endfacet
  facet normal -4.713915e-001  0.000000e+000  8.819241e-001
    outer loop
      vertex -3.877858e+001 -4.905759e+000  4.416668e+001
      vertex -3.877858e+001 -5.605759e+000  4.416668e+001
      vertex -3.843281e+001 -5.605759e+000  4.435149e+001
    endloop
  endfacet
  facet normal -4.713915e-001  0.000000e+000  8.819241e-001
    outer loop
      vertex -3.877858e+001 -4.905759e+000  4.416668e+001
      vertex -3.843281e+001 -5.605759e+000  4.435149e+001
      vertex -3.843281e+001 -4.905759e+000  4.435149e+001
    endloop
  endfacet
  facet normal -6.343926e-001  0.000000e+000  7.730110e-001
    outer loop
      vertex -3.843281e+001 -4.905759e+000  4.435149e+001
      vertex -3.843281e+001 -5.605759e+000  4.435149e+001
      vertex -3.812973e+001 -5.605759e+000  4.460022e+001
    endloop
  endfacet
  facet normal -6.343926e-001  0.000000e+000  7.730110e-001
    outer loop
      vertex -3.843281e+001 -4.905759e+000  4.435149e+001
      vertex -3.812973e+001 -5.605759e+000  4.460022e+001
      vertex -3.812973e+001 -4.905759e+000  4.460022e+001
    endloop
  endfacet
  facet normal -7.730110e-001  0.000000e+000  6.343926e-001
    outer loop
      vertex -3.812973e+001 -4.905759e+000  4.460022e+001
      vertex -3.812973e+001 -5.605759e+000  4.460022e+001
      vertex -3.788101e+001 -5.605759e+000  4.490329e+001
    endloop
  endfacet
  facet normal -7.730110e-001  0.000000e+000  6.343926e-001
    outer loop
      vertex -3.812973e+001 -4.905759e+000  4.460022e+001
      vertex -3.788101e+001 -5.605759e+000  4.490329e+001
      vertex -3.788101e+001 -4.905759e+000  4.490329e+001
    endloop
  endfacet
  facet normal -8.819241e-001  0.000000e+000  4.713915e-001
    outer loop
      vertex -3.788101e+001 -4.905759e+000  4.490329e+001
      vertex -3.788101e+001 -5.605759e+000  4.490329e+001
      vertex -3.769619e+001 -5.605759e+000  4.524907e+001
    endloop
  endfacet
  facet normal -8.819241e-001  0.000000e+000  4.713915e-001
    outer loop
      vertex -3.788101e+001 -4.905759e+000  4.490329e+001
      vertex -3.769619e+001 -5.605759e+000  4.524907e+001
      vertex -3.769619e+001 -4.905759e+000  4.524907e+001
    endloop
  endfacet
  facet normal -9.569397e-001  0.000000e+000  2.902869e-001
    outer loop
      vertex -3.769619e+001 -4.905759e+000  4.524907e+001
      vertex -3.769619e+001 -5.605759e+000  4.524907e+001
      vertex -3.758238e+001 -5.605759e+000  4.562425e+001
    endloop
  endfacet
  facet normal -9.569397e-001  0.000000e+000  2.902869e-001
    outer loop
      vertex -3.769619e+001 -4.905759e+000  4.524907e+001
      vertex -3.758238e+001 -5.605759e+000  4.562425e+001
      vertex -3.758238e+001 -4.905759e+000  4.562425e+001
    endloop
  endfacet
  facet normal -9.951848e-001  0.000000e+000  9.801622e-002
    outer loop
      vertex -3.758238e+001 -4.905759e+000  4.562425e+001
      vertex -3.758238e+001 -5.605759e+000  4.562425e+001
      vertex -3.754395e+001 -5.605759e+000  4.601443e+001
    endloop
  endfacet
  facet normal -9.951848e-001  0.000000e+000  9.801622e-002
    outer loop
      vertex -3.758238e+001 -4.905759e+000  4.562425e+001
      vertex -3.754395e+001 -5.605759e+000  4.601443e+001
      vertex -3.754395e+001 -4.905759e+000  4.601443e+001
    endloop
  endfacet
  facet normal -9.801622e-002  0.000000e+000  9.951848e-001
    outer loop
      vertex -3.915377e+001 -5.605759e+000  4.405286e+001
      vertex -3.954395e+001 -4.905759e+000  4.401443e+001
      vertex -3.954395e+001 -5.605759e+000  4.401443e+001
    endloop
  endfacet
  facet normal  9.801622e-002  -0.000000e+000  9.951848e-001
    outer loop
      vertex -3.954395e+001 -5.605759e+000  4.401443e+001
      vertex -3.954395e+001 -4.905759e+000  4.401443e+001
      vertex -3.993413e+001 -4.905759e+000  4.405286e+001
    endloop
  endfacet
  facet normal  9.801622e-002  0.000000e+000  9.951848e-001
    outer loop
      vertex -3.954395e+001 -5.605759e+000  4.401443e+001
      vertex -3.993413e+001 -4.905759e+000  4.405286e+001
      vertex -3.993413e+001 -5.605759e+000  4.405286e+001
    endloop
  endfacet
  facet normal  2.902869e-001  -0.000000e+000  9.569397e-001
    outer loop
      vertex -3.993413e+001 -5.605759e+000  4.405286e+001
      vertex -3.993413e+001 -4.905759e+000  4.405286e+001
      vertex -4.030931e+001 -4.905759e+000  4.416668e+001
    endloop
  endfacet
  facet normal  2.902869e-001  0.000000e+000  9.569397e-001
    outer loop
      vertex -3.993413e+001 -5.605759e+000  4.405286e+001
      vertex -4.030931e+001 -4.905759e+000  4.416668e+001
      vertex -4.030931e+001 -5.605759e+000  4.416668e+001
    endloop
  endfacet
  facet normal  4.713915e-001  -0.000000e+000  8.819241e-001
    outer loop
      vertex -4.030931e+001 -5.605759e+000  4.416668e+001
      vertex -4.030931e+001 -4.905759e+000  4.416668e+001
      vertex -4.065509e+001 -4.905759e+000  4.435149e+001
    endloop
  endfacet
  facet normal  4.713915e-001  0.000000e+000  8.819241e-001
    outer loop
      vertex -4.030931e+001 -5.605759e+000  4.416668e+001
      vertex -4.065509e+001 -4.905759e+000  4.435149e+001
      vertex -4.065509e+001 -5.605759e+000  4.435149e+001
    endloop
  endfacet
  facet normal  6.343926e-001  -0.000000e+000  7.730110e-001
    outer loop
      vertex -4.065509e+001 -5.605759e+000  4.435149e+001
      vertex -4.065509e+001 -4.905759e+000  4.435149e+001
      vertex -4.095816e+001 -4.905759e+000  4.460022e+001
    endloop
  endfacet
  facet normal  6.343926e-001  0.000000e+000  7.730110e-001
    outer loop
      vertex -4.065509e+001 -5.605759e+000  4.435149e+001
      vertex -4.095816e+001 -4.905759e+000  4.460022e+001
      vertex -4.095816e+001 -5.605759e+000  4.460022e+001
    endloop
  endfacet
  facet normal  7.730110e-001  -0.000000e+000  6.343926e-001
    outer loop
      vertex -4.095816e+001 -5.605759e+000  4.460022e+001
      vertex -4.095816e+001 -4.905759e+000  4.460022e+001
      vertex -4.120689e+001 -4.905759e+000  4.490329e+001
    endloop
  endfacet
  facet normal  7.730110e-001  0.000000e+000  6.343926e-001
    outer loop
      vertex -4.095816e+001 -5.605759e+000  4.460022e+001
      vertex -4.120689e+001 -4.905759e+000  4.490329e+001
      vertex -4.120689e+001 -5.605759e+000  4.490329e+001
    endloop
  endfacet
  facet normal  8.819241e-001  -0.000000e+000  4.713915e-001
    outer loop
      vertex -4.120689e+001 -5.605759e+000  4.490329e+001
      vertex -4.120689e+001 -4.905759e+000  4.490329e+001
      vertex -4.139171e+001 -4.905759e+000  4.524907e+001
    endloop
  endfacet
  facet normal  8.819241e-001  0.000000e+000  4.713915e-001
    outer loop
      vertex -4.120689e+001 -5.605759e+000  4.490329e+001
      vertex -4.139171e+001 -4.905759e+000  4.524907e+001
      vertex -4.139171e+001 -5.605759e+000  4.524907e+001
    endloop
  endfacet
  facet normal  9.569397e-001  -0.000000e+000  2.902869e-001
    outer loop
      vertex -4.139171e+001 -5.605759e+000  4.524907e+001
      vertex -4.139171e+001 -4.905759e+000  4.524907e+001
      vertex -4.150552e+001 -4.905759e+000  4.562425e+001
    endloop
  endfacet
  facet normal  9.569397e-001  0.000000e+000  2.902869e-001
    outer loop
      vertex -4.139171e+001 -5.605759e+000  4.524907e+001
      vertex -4.150552e+001 -4.905759e+000  4.562425e+001
      vertex -4.150552e+001 -5.605759e+000  4.562425e+001
    endloop
  endfacet
  facet normal  9.951848e-001  -0.000000e+000  9.801622e-002
    outer loop
      vertex -4.150552e+001 -5.605759e+000  4.562425e+001
      vertex -4.150552e+001 -4.905759e+000  4.562425e+001
      vertex -4.154395e+001 -4.905759e+000  4.601443e+001
    endloop
  endfacet
  facet normal  9.951848e-001  0.000000e+000  9.801622e-002
    outer loop
      vertex -4.150552e+001 -5.605759e+000  4.562425e+001
      vertex -4.154395e+001 -4.905759e+000  4.601443e+001
      vertex -4.154395e+001 -5.605759e+000  4.601443e+001
    endloop
  endfacet
  facet normal  9.801622e-002  0.000000e+000 -9.951848e-001
    outer loop
      vertex -3.954395e+001 -4.905759e+000  4.801443e+001
      vertex -3.993413e+001 -5.605759e+000  4.797601e+001
      vertex -3.993413e+001 -4.905759e+000  4.797601e+001
    endloop
  endfacet
  facet normal  2.902869e-001  0.000000e+000 -9.569397e-001
    outer loop
      vertex -3.993413e+001 -4.905759e+000  4.797601e+001
      vertex -3.993413e+001 -5.605759e+000  4.797601e+001
      vertex -4.030931e+001 -5.605759e+000  4.786219e+001
    endloop
  endfacet
  facet normal  2.902869e-001  0.000000e+000 -9.569397e-001
    outer loop
      vertex -3.993413e+001 -4.905759e+000  4.797601e+001
      vertex -4.030931e+001 -5.605759e+000  4.786219e+001
      vertex -4.030931e+001 -4.905759e+000  4.786219e+001
    endloop
  endfacet
  facet normal  4.713915e-001  0.000000e+000 -8.819241e-001
    outer loop
      vertex -4.030931e+001 -4.905759e+000  4.786219e+001
      vertex -4.030931e+001 -5.605759e+000  4.786219e+001
      vertex -4.065509e+001 -5.605759e+000  4.767738e+001
    endloop
  endfacet
  facet normal  4.713915e-001  0.000000e+000 -8.819241e-001
    outer loop
      vertex -4.030931e+001 -4.905759e+000  4.786219e+001
      vertex -4.065509e+001 -5.605759e+000  4.767738e+001
      vertex -4.065509e+001 -4.905759e+000  4.767738e+001
    endloop
  endfacet
  facet normal  6.343926e-001  0.000000e+000 -7.730110e-001
    outer loop
      vertex -4.065509e+001 -4.905759e+000  4.767738e+001
      vertex -4.065509e+001 -5.605759e+000  4.767738e+001
      vertex -4.095816e+001 -5.605759e+000  4.742865e+001
    endloop
  endfacet
  facet normal  6.343926e-001  0.000000e+000 -7.730110e-001
    outer loop
      vertex -4.065509e+001 -4.905759e+000  4.767738e+001
      vertex -4.095816e+001 -5.605759e+000  4.742865e+001
      vertex -4.095816e+001 -4.905759e+000  4.742865e+001
    endloop
  endfacet
  facet normal  7.730110e-001  0.000000e+000 -6.343926e-001
    outer loop
      vertex -4.095816e+001 -4.905759e+000  4.742865e+001
      vertex -4.095816e+001 -5.605759e+000  4.742865e+001
      vertex -4.120689e+001 -5.605759e+000  4.712558e+001
    endloop
  endfacet
  facet normal  7.730110e-001  0.000000e+000 -6.343926e-001
    outer loop
      vertex -4.095816e+001 -4.905759e+000  4.742865e+001
      vertex -4.120689e+001 -5.605759e+000  4.712558e+001
      vertex -4.120689e+001 -4.905759e+000  4.712558e+001
    endloop
  endfacet
  facet normal  8.819241e-001  0.000000e+000 -4.713915e-001
    outer loop
      vertex -4.120689e+001 -4.905759e+000  4.712558e+001
      vertex -4.120689e+001 -5.605759e+000  4.712558e+001
      vertex -4.139171e+001 -5.605759e+000  4.677980e+001
    endloop
  endfacet
  facet normal  8.819241e-001  0.000000e+000 -4.713915e-001
    outer loop
      vertex -4.120689e+001 -4.905759e+000  4.712558e+001
      vertex -4.139171e+001 -5.605759e+000  4.677980e+001
      vertex -4.139171e+001 -4.905759e+000  4.677980e+001
    endloop
  endfacet
  facet normal  9.569397e-001  0.000000e+000 -2.902869e-001
    outer loop
      vertex -4.139171e+001 -4.905759e+000  4.677980e+001
      vertex -4.139171e+001 -5.605759e+000  4.677980e+001
      vertex -4.150552e+001 -5.605759e+000  4.640462e+001
    endloop
  endfacet
  facet normal  9.569397e-001  0.000000e+000 -2.902869e-001
    outer loop
      vertex -4.139171e+001 -4.905759e+000  4.677980e+001
      vertex -4.150552e+001 -5.605759e+000  4.640462e+001
      vertex -4.150552e+001 -4.905759e+000  4.640462e+001
    endloop
  endfacet
  facet normal  9.951848e-001  0.000000e+000 -9.801622e-002
    outer loop
      vertex -4.150552e+001 -4.905759e+000  4.640462e+001
      vertex -4.150552e+001 -5.605759e+000  4.640462e+001
      vertex -4.154395e+001 -5.605759e+000  4.601443e+001
    endloop
  endfacet
  facet normal  9.951848e-001  0.000000e+000 -9.801622e-002
    outer loop
      vertex -4.150552e+001 -4.905759e+000  4.640462e+001
      vertex -4.154395e+001 -5.605759e+000  4.601443e+001
      vertex -4.154395e+001 -4.905759e+000  4.601443e+001
    endloop
  endfacet
  facet normal  9.801622e-002  0.000000e+000 -9.951848e-001
    outer loop
      vertex -3.993413e+001 -5.605759e+000  4.797601e+001
      vertex -3.954395e+001 -4.905759e+000  4.801443e+001
      vertex -3.954395e+001 -5.605759e+000  4.801443e+001
    endloop
  endfacet
  facet normal -9.801622e-002  0.000000e+000 -9.951848e-001
    outer loop
      vertex -3.954395e+001 -5.605759e+000  4.801443e+001
      vertex -3.954395e+001 -4.905759e+000  4.801443e+001
      vertex -3.915377e+001 -4.905759e+000  4.797601e+001
    endloop
  endfacet
  facet normal -9.801622e-002  -0.000000e+000 -9.951848e-001
    outer loop
      vertex -3.954395e+001 -5.605759e+000  4.801443e+001
      vertex -3.915377e+001 -4.905759e+000  4.797601e+001
      vertex -3.915377e+001 -5.605759e+000  4.797601e+001
    endloop
  endfacet
  facet normal -2.902869e-001  0.000000e+000 -9.569397e-001
    outer loop
      vertex -3.915377e+001 -5.605759e+000  4.797601e+001
      vertex -3.915377e+001 -4.905759e+000  4.797601e+001
      vertex -3.877858e+001 -4.905759e+000  4.786219e+001
    endloop
  endfacet
  facet normal -2.902869e-001  -0.000000e+000 -9.569397e-001
    outer loop
      vertex -3.915377e+001 -5.605759e+000  4.797601e+001
      vertex -3.877858e+001 -4.905759e+000  4.786219e+001
      vertex -3.877858e+001 -5.605759e+000  4.786219e+001
    endloop
  endfacet
  facet normal -4.713915e-001  0.000000e+000 -8.819241e-001
    outer loop
      vertex -3.877858e+001 -5.605759e+000  4.786219e+001
      vertex -3.877858e+001 -4.905759e+000  4.786219e+001
      vertex -3.843281e+001 -4.905759e+000  4.767738e+001
    endloop
  endfacet
  facet normal -4.713915e-001  -0.000000e+000 -8.819241e-001
    outer loop
      vertex -3.877858e+001 -5.605759e+000  4.786219e+001
      vertex -3.843281e+001 -4.905759e+000  4.767738e+001
      vertex -3.843281e+001 -5.605759e+000  4.767738e+001
    endloop
  endfacet
  facet normal -6.343926e-001  0.000000e+000 -7.730110e-001
    outer loop
      vertex -3.843281e+001 -5.605759e+000  4.767738e+001
      vertex -3.843281e+001 -4.905759e+000  4.767738e+001
      vertex -3.812973e+001 -4.905759e+000  4.742865e+001
    endloop
  endfacet
  facet normal -6.343926e-001  -0.000000e+000 -7.730110e-001
    outer loop
      vertex -3.843281e+001 -5.605759e+000  4.767738e+001
      vertex -3.812973e+001 -4.905759e+000  4.742865e+001
      vertex -3.812973e+001 -5.605759e+000  4.742865e+001
    endloop
  endfacet
  facet normal -7.730110e-001  0.000000e+000 -6.343926e-001
    outer loop
      vertex -3.812973e+001 -5.605759e+000  4.742865e+001
      vertex -3.812973e+001 -4.905759e+000  4.742865e+001
      vertex -3.788101e+001 -4.905759e+000  4.712558e+001
    endloop
  endfacet
  facet normal -7.730110e-001  -0.000000e+000 -6.343926e-001
    outer loop
      vertex -3.812973e+001 -5.605759e+000  4.742865e+001
      vertex -3.788101e+001 -4.905759e+000  4.712558e+001
      vertex -3.788101e+001 -5.605759e+000  4.712558e+001
    endloop
  endfacet
  facet normal -8.819241e-001  0.000000e+000 -4.713915e-001
    outer loop
      vertex -3.788101e+001 -5.605759e+000  4.712558e+001
      vertex -3.788101e+001 -4.905759e+000  4.712558e+001
      vertex -3.769619e+001 -4.905759e+000  4.677980e+001
    endloop
  endfacet
  facet normal -8.819241e-001  -0.000000e+000 -4.713915e-001
    outer loop
      vertex -3.788101e+001 -5.605759e+000  4.712558e+001
      vertex -3.769619e+001 -4.905759e+000  4.677980e+001
      vertex -3.769619e+001 -5.605759e+000  4.677980e+001
    endloop
  endfacet
  facet normal -9.569397e-001  0.000000e+000 -2.902869e-001
    outer loop
      vertex -3.769619e+001 -5.605759e+000  4.677980e+001
      vertex -3.769619e+001 -4.905759e+000  4.677980e+001
      vertex -3.758238e+001 -4.905759e+000  4.640462e+001
    endloop
  endfacet
  facet normal -9.569397e-001  -0.000000e+000 -2.902869e-001
    outer loop
      vertex -3.769619e+001 -5.605759e+000  4.677980e+001
      vertex -3.758238e+001 -4.905759e+000  4.640462e+001
      vertex -3.758238e+001 -5.605759e+000  4.640462e+001
    endloop
  endfacet
  facet normal -9.951848e-001  0.000000e+000 -9.801622e-002
    outer loop
      vertex -3.758238e+001 -5.605759e+000  4.640462e+001
      vertex -3.758238e+001 -4.905759e+000  4.640462e+001
      vertex -3.754395e+001 -4.905759e+000  4.601443e+001
    endloop
  endfacet
  facet normal -9.951848e-001  -0.000000e+000 -9.801622e-002
    outer loop
      vertex -3.758238e+001 -5.605759e+000  4.640462e+001
      vertex -3.754395e+001 -4.905759e+000  4.601443e+001
      vertex -3.754395e+001 -5.605759e+000  4.601443e+001
    endloop
  endfacet
  facet normal -9.801623e-002  0.000000e+000  9.951848e-001
    outer loop
      vertex -3.954395e+001 -5.605759e+000  4.401443e+001
      vertex -3.915377e+001 -5.920118e+000  4.405286e+001
      vertex -3.915377e+001 -5.605759e+000  4.405286e+001
    endloop
  endfacet
  facet normal -2.902869e-001  0.000000e+000  9.569396e-001
    outer loop
      vertex -3.915377e+001 -5.605759e+000  4.405286e+001
      vertex -3.915377e+001 -5.920118e+000  4.405286e+001
      vertex -3.877858e+001 -5.920118e+000  4.416668e+001
    endloop
  endfacet
  facet normal -2.902869e-001  0.000000e+000  9.569396e-001
    outer loop
      vertex -3.915377e+001 -5.605759e+000  4.405286e+001
      vertex -3.877858e+001 -5.920118e+000  4.416668e+001
      vertex -3.877858e+001 -5.605759e+000  4.416668e+001
    endloop
  endfacet
  facet normal -4.713915e-001  0.000000e+000  8.819240e-001
    outer loop
      vertex -3.877858e+001 -5.605759e+000  4.416668e+001
      vertex -3.877858e+001 -5.920118e+000  4.416668e+001
      vertex -3.843281e+001 -5.920118e+000  4.435149e+001
    endloop
  endfacet
  facet normal -4.713915e-001  0.000000e+000  8.819240e-001
    outer loop
      vertex -3.877858e+001 -5.605759e+000  4.416668e+001
      vertex -3.843281e+001 -5.920118e+000  4.435149e+001
      vertex -3.843281e+001 -5.605759e+000  4.435149e+001
    endloop
  endfacet
  facet normal -6.343926e-001  0.000000e+000  7.730110e-001
    outer loop
      vertex -3.843281e+001 -5.605759e+000  4.435149e+001
      vertex -3.843281e+001 -5.920118e+000  4.435149e+001
      vertex -3.812973e+001 -5.920118e+000  4.460022e+001
    endloop
  endfacet
  facet normal -6.343926e-001  0.000000e+000  7.730110e-001
    outer loop
      vertex -3.843281e+001 -5.605759e+000  4.435149e+001
      vertex -3.812973e+001 -5.920118e+000  4.460022e+001
      vertex -3.812973e+001 -5.605759e+000  4.460022e+001
    endloop
  endfacet
  facet normal -7.730110e-001  0.000000e+000  6.343926e-001
    outer loop
      vertex -3.812973e+001 -5.605759e+000  4.460022e+001
      vertex -3.812973e+001 -5.920118e+000  4.460022e+001
      vertex -3.788101e+001 -5.920118e+000  4.490329e+001
    endloop
  endfacet
  facet normal -7.730110e-001  0.000000e+000  6.343926e-001
    outer loop
      vertex -3.812973e+001 -5.605759e+000  4.460022e+001
      vertex -3.788101e+001 -5.920118e+000  4.490329e+001
      vertex -3.788101e+001 -5.605759e+000  4.490329e+001
    endloop
  endfacet
  facet normal -8.819240e-001  0.000000e+000  4.713915e-001
    outer loop
      vertex -3.788101e+001 -5.605759e+000  4.490329e+001
      vertex -3.788101e+001 -5.920118e+000  4.490329e+001
      vertex -3.769619e+001 -5.920118e+000  4.524907e+001
    endloop
  endfacet
  facet normal -8.819240e-001  0.000000e+000  4.713915e-001
    outer loop
      vertex -3.788101e+001 -5.605759e+000  4.490329e+001
      vertex -3.769619e+001 -5.920118e+000  4.524907e+001
      vertex -3.769619e+001 -5.605759e+000  4.524907e+001
    endloop
  endfacet
  facet normal -9.569396e-001  0.000000e+000  2.902869e-001
    outer loop
      vertex -3.769619e+001 -5.605759e+000  4.524907e+001
      vertex -3.769619e+001 -5.920118e+000  4.524907e+001
      vertex -3.758238e+001 -5.920118e+000  4.562425e+001
    endloop
  endfacet
  facet normal -9.569396e-001  0.000000e+000  2.902869e-001
    outer loop
      vertex -3.769619e+001 -5.605759e+000  4.524907e+001
      vertex -3.758238e+001 -5.920118e+000  4.562425e+001
      vertex -3.758238e+001 -5.605759e+000  4.562425e+001
    endloop
  endfacet
  facet normal -9.951848e-001  0.000000e+000  9.801623e-002
    outer loop
      vertex -3.758238e+001 -5.605759e+000  4.562425e+001
      vertex -3.758238e+001 -5.920118e+000  4.562425e+001
      vertex -3.754395e+001 -5.920118e+000  4.601443e+001
    endloop
  endfacet
  facet normal -9.951848e-001  0.000000e+000  9.801623e-002
    outer loop
      vertex -3.758238e+001 -5.605759e+000  4.562425e+001
      vertex -3.754395e+001 -5.920118e+000  4.601443e+001
      vertex -3.754395e+001 -5.605759e+000  4.601443e+001
    endloop
  endfacet
  facet normal -9.801623e-002  0.000000e+000  9.951848e-001
    outer loop
      vertex -3.915377e+001 -5.920118e+000  4.405286e+001
      vertex -3.954395e+001 -5.605759e+000  4.401443e+001
      vertex -3.954395e+001 -5.920118e+000  4.401443e+001
    endloop
  endfacet
  facet normal  9.801623e-002  -0.000000e+000  9.951848e-001
    outer loop
      vertex -3.954395e+001 -5.920118e+000  4.401443e+001
      vertex -3.954395e+001 -5.605759e+000  4.401443e+001
      vertex -3.993413e+001 -5.605759e+000  4.405286e+001
    endloop
  endfacet
  facet normal  9.801623e-002  0.000000e+000  9.951848e-001
    outer loop
      vertex -3.954395e+001 -5.920118e+000  4.401443e+001
      vertex -3.993413e+001 -5.605759e+000  4.405286e+001
      vertex -3.993413e+001 -5.920118e+000  4.405286e+001
    endloop
  endfacet
  facet normal  2.902869e-001  -0.000000e+000  9.569396e-001
    outer loop
      vertex -3.993413e+001 -5.920118e+000  4.405286e+001
      vertex -3.993413e+001 -5.605759e+000  4.405286e+001
      vertex -4.030931e+001 -5.605759e+000  4.416668e+001
    endloop
  endfacet
  facet normal  2.902869e-001  0.000000e+000  9.569396e-001
    outer loop
      vertex -3.993413e+001 -5.920118e+000  4.405286e+001
      vertex -4.030931e+001 -5.605759e+000  4.416668e+001
      vertex -4.030931e+001 -5.920118e+000  4.416668e+001
    endloop
  endfacet
  facet normal  4.713915e-001  -0.000000e+000  8.819240e-001
    outer loop
      vertex -4.030931e+001 -5.920118e+000  4.416668e+001
      vertex -4.030931e+001 -5.605759e+000  4.416668e+001
      vertex -4.065509e+001 -5.605759e+000  4.435149e+001
    endloop
  endfacet
  facet normal  4.713915e-001  0.000000e+000  8.819240e-001
    outer loop
      vertex -4.030931e+001 -5.920118e+000  4.416668e+001
      vertex -4.065509e+001 -5.605759e+000  4.435149e+001
      vertex -4.065509e+001 -5.920118e+000  4.435149e+001
    endloop
  endfacet
  facet normal  6.343926e-001  -0.000000e+000  7.730110e-001
    outer loop
      vertex -4.065509e+001 -5.920118e+000  4.435149e+001
      vertex -4.065509e+001 -5.605759e+000  4.435149e+001
      vertex -4.095816e+001 -5.605759e+000  4.460022e+001
    endloop
  endfacet
  facet normal  6.343926e-001  0.000000e+000  7.730110e-001
    outer loop
      vertex -4.065509e+001 -5.920118e+000  4.435149e+001
      vertex -4.095816e+001 -5.605759e+000  4.460022e+001
      vertex -4.095816e+001 -5.920118e+000  4.460022e+001
    endloop
  endfacet
  facet normal  7.730110e-001  -0.000000e+000  6.343926e-001
    outer loop
      vertex -4.095816e+001 -5.920118e+000  4.460022e+001
      vertex -4.095816e+001 -5.605759e+000  4.460022e+001
      vertex -4.120689e+001 -5.605759e+000  4.490329e+001
    endloop
  endfacet
  facet normal  7.730110e-001  0.000000e+000  6.343926e-001
    outer loop
      vertex -4.095816e+001 -5.920118e+000  4.460022e+001
      vertex -4.120689e+001 -5.605759e+000  4.490329e+001
      vertex -4.120689e+001 -5.920118e+000  4.490329e+001
    endloop
  endfacet
  facet normal  8.819240e-001  -0.000000e+000  4.713915e-001
    outer loop
      vertex -4.120689e+001 -5.920118e+000  4.490329e+001
      vertex -4.120689e+001 -5.605759e+000  4.490329e+001
      vertex -4.139171e+001 -5.605759e+000  4.524907e+001
    endloop
  endfacet
  facet normal  8.819240e-001  0.000000e+000  4.713915e-001
    outer loop
      vertex -4.120689e+001 -5.920118e+000  4.490329e+001
      vertex -4.139171e+001 -5.605759e+000  4.524907e+001
      vertex -4.139171e+001 -5.920118e+000  4.524907e+001
    endloop
  endfacet
  facet normal  9.569396e-001  -0.000000e+000  2.902869e-001
    outer loop
      vertex -4.139171e+001 -5.920118e+000  4.524907e+001
      vertex -4.139171e+001 -5.605759e+000  4.524907e+001
      vertex -4.150552e+001 -5.605759e+000  4.562425e+001
    endloop
  endfacet
  facet normal  9.569396e-001  0.000000e+000  2.902869e-001
    outer loop
      vertex -4.139171e+001 -5.920118e+000  4.524907e+001
      vertex -4.150552e+001 -5.605759e+000  4.562425e+001
      vertex -4.150552e+001 -5.920118e+000  4.562425e+001
    endloop
  endfacet
  facet normal  9.951848e-001  -0.000000e+000  9.801623e-002
    outer loop
      vertex -4.150552e+001 -5.920118e+000  4.562425e+001
      vertex -4.150552e+001 -5.605759e+000  4.562425e+001
      vertex -4.154395e+001 -5.605759e+000  4.601443e+001
    endloop
  endfacet
  facet normal  9.951848e-001  0.000000e+000  9.801623e-002
    outer loop
      vertex -4.150552e+001 -5.920118e+000  4.562425e+001
      vertex -4.154395e+001 -5.605759e+000  4.601443e+001
      vertex -4.154395e+001 -5.920118e+000  4.601443e+001
    endloop
  endfacet
  facet normal  9.801623e-002  0.000000e+000 -9.951848e-001
    outer loop
      vertex -3.954395e+001 -5.605759e+000  4.801443e+001
      vertex -3.993413e+001 -5.920118e+000  4.797601e+001
      vertex -3.993413e+001 -5.605759e+000  4.797601e+001
    endloop
  endfacet
  facet normal  2.902869e-001  0.000000e+000 -9.569396e-001
    outer loop
      vertex -3.993413e+001 -5.605759e+000  4.797601e+001
      vertex -3.993413e+001 -5.920118e+000  4.797601e+001
      vertex -4.030931e+001 -5.920118e+000  4.786219e+001
    endloop
  endfacet
  facet normal  2.902869e-001  0.000000e+000 -9.569396e-001
    outer loop
      vertex -3.993413e+001 -5.605759e+000  4.797601e+001
      vertex -4.030931e+001 -5.920118e+000  4.786219e+001
      vertex -4.030931e+001 -5.605759e+000  4.786219e+001
    endloop
  endfacet
  facet normal  4.713915e-001  0.000000e+000 -8.819240e-001
    outer loop
      vertex -4.030931e+001 -5.605759e+000  4.786219e+001
      vertex -4.030931e+001 -5.920118e+000  4.786219e+001
      vertex -4.065509e+001 -5.920118e+000  4.767738e+001
    endloop
  endfacet
  facet normal  4.713915e-001  0.000000e+000 -8.819240e-001
    outer loop
      vertex -4.030931e+001 -5.605759e+000  4.786219e+001
      vertex -4.065509e+001 -5.920118e+000  4.767738e+001
      vertex -4.065509e+001 -5.605759e+000  4.767738e+001
    endloop
  endfacet
  facet normal  6.343926e-001  0.000000e+000 -7.730110e-001
    outer loop
      vertex -4.065509e+001 -5.605759e+000  4.767738e+001
      vertex -4.065509e+001 -5.920118e+000  4.767738e+001
      vertex -4.095816e+001 -5.920118e+000  4.742865e+001
    endloop
  endfacet
  facet normal  6.343926e-001  0.000000e+000 -7.730110e-001
    outer loop
      vertex -4.065509e+001 -5.605759e+000  4.767738e+001
      vertex -4.095816e+001 -5.920118e+000  4.742865e+001
      vertex -4.095816e+001 -5.605759e+000  4.742865e+001
    endloop
  endfacet
  facet normal  7.730110e-001  0.000000e+000 -6.343926e-001
    outer loop
      vertex -4.095816e+001 -5.605759e+000  4.742865e+001
      vertex -4.095816e+001 -5.920118e+000  4.742865e+001
      vertex -4.120689e+001 -5.920118e+000  4.712558e+001
    endloop
  endfacet
  facet normal  7.730110e-001  0.000000e+000 -6.343926e-001
    outer loop
      vertex -4.095816e+001 -5.605759e+000  4.742865e+001
      vertex -4.120689e+001 -5.920118e+000  4.712558e+001
      vertex -4.120689e+001 -5.605759e+000  4.712558e+001
    endloop
  endfacet
  facet normal  8.819240e-001  0.000000e+000 -4.713915e-001
    outer loop
      vertex -4.120689e+001 -5.605759e+000  4.712558e+001
      vertex -4.120689e+001 -5.920118e+000  4.712558e+001
      vertex -4.139171e+001 -5.920118e+000  4.677980e+001
    endloop
  endfacet
  facet normal  8.819240e-001  0.000000e+000 -4.713915e-001
    outer loop
      vertex -4.120689e+001 -5.605759e+000  4.712558e+001
      vertex -4.139171e+001 -5.920118e+000  4.677980e+001
      vertex -4.139171e+001 -5.605759e+000  4.677980e+001
    endloop
  endfacet
  facet normal  9.569396e-001  0.000000e+000 -2.902869e-001
    outer loop
      vertex -4.139171e+001 -5.605759e+000  4.677980e+001
      vertex -4.139171e+001 -5.920118e+000  4.677980e+001
      vertex -4.150552e+001 -5.920118e+000  4.640462e+001
    endloop
  endfacet
  facet normal  9.569396e-001  0.000000e+000 -2.902869e-001
    outer loop
      vertex -4.139171e+001 -5.605759e+000  4.677980e+001
      vertex -4.150552e+001 -5.920118e+000  4.640462e+001
      vertex -4.150552e+001 -5.605759e+000  4.640462e+001
    endloop
  endfacet
  facet normal  9.951848e-001  0.000000e+000 -9.801623e-002
    outer loop
      vertex -4.150552e+001 -5.605759e+000  4.640462e+001
      vertex -4.150552e+001 -5.920118e+000  4.640462e+001
      vertex -4.154395e+001 -5.920118e+000  4.601443e+001
    endloop
  endfacet
  facet normal  9.951848e-001  0.000000e+000 -9.801623e-002
    outer loop
      vertex -4.150552e+001 -5.605759e+000  4.640462e+001
      vertex -4.154395e+001 -5.920118e+000  4.601443e+001
      vertex -4.154395e+001 -5.605759e+000  4.601443e+001
    endloop
  endfacet
  facet normal  9.801623e-002  0.000000e+000 -9.951848e-001
    outer loop
      vertex -3.993413e+001 -5.920118e+000  4.797601e+001
      vertex -3.954395e+001 -5.605759e+000  4.801443e+001
      vertex -3.954395e+001 -5.920118e+000  4.801443e+001
    endloop
  endfacet
  facet normal -9.801623e-002  0.000000e+000 -9.951848e-001
    outer loop
      vertex -3.954395e+001 -5.920118e+000  4.801443e+001
      vertex -3.954395e+001 -5.605759e+000  4.801443e+001
      vertex -3.915377e+001 -5.605759e+000  4.797601e+001
    endloop
  endfacet
  facet normal -9.801623e-002  -0.000000e+000 -9.951848e-001
    outer loop
      vertex -3.954395e+001 -5.920118e+000  4.801443e+001
      vertex -3.915377e+001 -5.605759e+000  4.797601e+001
      vertex -3.915377e+001 -5.920118e+000  4.797601e+001
    endloop
  endfacet
  facet normal -2.902869e-001  0.000000e+000 -9.569396e-001
    outer loop
      vertex -3.915377e+001 -5.920118e+000  4.797601e+001
      vertex -3.915377e+001 -5.605759e+000  4.797601e+001
      vertex -3.877858e+001 -5.605759e+000  4.786219e+001
    endloop
  endfacet
  facet normal -2.902869e-001  -0.000000e+000 -9.569396e-001
    outer loop
      vertex -3.915377e+001 -5.920118e+000  4.797601e+001
      vertex -3.877858e+001 -5.605759e+000  4.786219e+001
      vertex -3.877858e+001 -5.920118e+000  4.786219e+001
    endloop
  endfacet
  facet normal -4.713915e-001  0.000000e+000 -8.819240e-001
    outer loop
      vertex -3.877858e+001 -5.920118e+000  4.786219e+001
      vertex -3.877858e+001 -5.605759e+000  4.786219e+001
      vertex -3.843281e+001 -5.605759e+000  4.767738e+001
    endloop
  endfacet
  facet normal -4.713915e-001  -0.000000e+000 -8.819240e-001
    outer loop
      vertex -3.877858e+001 -5.920118e+000  4.786219e+001
      vertex -3.843281e+001 -5.605759e+000  4.767738e+001
      vertex -3.843281e+001 -5.920118e+000  4.767738e+001
    endloop
  endfacet
  facet normal -6.343926e-001  0.000000e+000 -7.730110e-001
    outer loop
      vertex -3.843281e+001 -5.920118e+000  4.767738e+001
      vertex -3.843281e+001 -5.605759e+000  4.767738e+001
      vertex -3.812973e+001 -5.605759e+000  4.742865e+001
    endloop
  endfacet
  facet normal -6.343926e-001  -0.000000e+000 -7.730110e-001
    outer loop
      vertex -3.843281e+001 -5.920118e+000  4.767738e+001
      vertex -3.812973e+001 -5.605759e+000  4.742865e+001
      vertex -3.812973e+001 -5.920118e+000  4.742865e+001
    endloop
  endfacet
  facet normal -7.730110e-001  0.000000e+000 -6.343926e-001
    outer loop
      vertex -3.812973e+001 -5.920118e+000  4.742865e+001
      vertex -3.812973e+001 -5.605759e+000  4.742865e+001
      vertex -3.788101e+001 -5.605759e+000  4.712558e+001
    endloop
  endfacet
  facet normal -7.730110e-001  -0.000000e+000 -6.343926e-001
    outer loop
      vertex -3.812973e+001 -5.920118e+000  4.742865e+001
      vertex -3.788101e+001 -5.605759e+000  4.712558e+001
      vertex -3.788101e+001 -5.920118e+000  4.712558e+001
    endloop
  endfacet
  facet normal -8.819240e-001  0.000000e+000 -4.713915e-001
    outer loop
      vertex -3.788101e+001 -5.920118e+000  4.712558e+001
      vertex -3.788101e+001 -5.605759e+000  4.712558e+001
      vertex -3.769619e+001 -5.605759e+000  4.677980e+001
    endloop
  endfacet
  facet normal -8.819240e-001  -0.000000e+000 -4.713915e-001
    outer loop
      vertex -3.788101e+001 -5.920118e+000  4.712558e+001
      vertex -3.769619e+001 -5.605759e+000  4.677980e+001
      vertex -3.769619e+001 -5.920118e+000  4.677980e+001
    endloop
  endfacet
  facet normal -9.569396e-001  0.000000e+000 -2.902869e-001
    outer loop
      vertex -3.769619e+001 -5.920118e+000  4.677980e+001
      vertex -3.769619e+001 -5.605759e+000  4.677980e+001
      vertex -3.758238e+001 -5.605759e+000  4.640462e+001
    endloop
  endfacet
  facet normal -9.569396e-001  -0.000000e+000 -2.902869e-001
    outer loop
      vertex -3.769619e+001 -5.920118e+000  4.677980e+001
      vertex -3.758238e+001 -5.605759e+000  4.640462e+001
      vertex -3.758238e+001 -5.920118e+000  4.640462e+001
    endloop
  endfacet
  facet normal -9.951848e-001  0.000000e+000 -9.801623e-002
    outer loop
      vertex -3.758238e+001 -5.920118e+000  4.640462e+001
      vertex -3.758238e+001 -5.605759e+000  4.640462e+001
      vertex -3.754395e+001 -5.605759e+000  4.601443e+001
    endloop
  endfacet
  facet normal -9.951848e-001  -0.000000e+000 -9.801623e-002
    outer loop
      vertex -3.758238e+001 -5.920118e+000  4.640462e+001
      vertex -3.754395e+001 -5.605759e+000  4.601443e+001
      vertex -3.754395e+001 -5.920118e+000  4.601443e+001
    endloop
  endfacet
  facet normal  0.000000e+000 -9.999999e-001  0.000000e+000
    outer loop
      vertex -3.993413e+001 -4.905759e+000  4.797601e+001
      vertex -3.915377e+001 -4.905759e+000  4.797601e+001
      vertex -3.954395e+001 -4.905759e+000  4.801443e+001
    endloop
  endfacet
  facet normal  0.000000e+000 -1.000000e+000  0.000000e+000
    outer loop
      vertex -3.915377e+001 -4.905759e+000  4.797601e+001
      vertex -3.993413e+001 -4.905759e+000  4.797601e+001
      vertex -3.877858e+001 -4.905759e+000  4.786219e+001
    endloop
  endfacet
  facet normal  0.000000e+000 -1.000000e+000  0.000000e+000
    outer loop
      vertex -3.877858e+001 -4.905759e+000  4.786219e+001
      vertex -3.993413e+001 -4.905759e+000  4.797601e+001
      vertex -4.030931e+001 -4.905759e+000  4.786219e+001
    endloop
  endfacet
  facet normal  0.000000e+000 -1.000000e+000  0.000000e+000
    outer loop
      vertex -3.877858e+001 -4.905759e+000  4.786219e+001
      vertex -4.030931e+001 -4.905759e+000  4.786219e+001
      vertex -3.843281e+001 -4.905759e+000  4.767738e+001
    endloop
  endfacet
  facet normal  0.000000e+000 -1.000000e+000  0.000000e+000
    outer loop
      vertex -3.843281e+001 -4.905759e+000  4.767738e+001
      vertex -4.030931e+001 -4.905759e+000  4.786219e+001
      vertex -4.065509e+001 -4.905759e+000  4.767738e+001
    endloop
  endfacet
  facet normal  0.000000e+000 -1.000000e+000  0.000000e+000
    outer loop
      vertex -3.843281e+001 -4.905759e+000  4.767738e+001
      vertex -4.065509e+001 -4.905759e+000  4.767738e+001
      vertex -3.812973e+001 -4.905759e+000  4.742865e+001
    endloop
  endfacet
  facet normal  0.000000e+000 -1.000000e+000  0.000000e+000
    outer loop
      vertex -3.812973e+001 -4.905759e+000  4.742865e+001
      vertex -4.065509e+001 -4.905759e+000  4.767738e+001
      vertex -4.095816e+001 -4.905759e+000  4.742865e+001
    endloop
  endfacet
  facet normal  0.000000e+000 -1.000000e+000  0.000000e+000
    outer loop
      vertex -3.812973e+001 -4.905759e+000  4.742865e+001
      vertex -4.095816e+001 -4.905759e+000  4.742865e+001
      vertex -3.788101e+001 -4.905759e+000  4.712558e+001
    endloop
  endfacet
  facet normal  0.000000e+000 -1.000000e+000  0.000000e+000
    outer loop
      vertex -3.788101e+001 -4.905759e+000  4.712558e+001
      vertex -4.095816e+001 -4.905759e+000  4.742865e+001
      vertex -4.120689e+001 -4.905759e+000  4.712558e+001
    endloop
  endfacet
  facet normal  0.000000e+000 -1.000000e+000  0.000000e+000
    outer loop
      vertex -3.788101e+001 -4.905759e+000  4.712558e+001
      vertex -4.120689e+001 -4.905759e+000  4.712558e+001
      vertex -3.769619e+001 -4.905759e+000  4.677980e+001
    endloop
  endfacet
  facet normal  0.000000e+000 -1.000000e+000  0.000000e+000
    outer loop
      vertex -3.769619e+001 -4.905759e+000  4.677980e+001
      vertex -4.120689e+001 -4.905759e+000  4.712558e+001
      vertex -4.139171e+001 -4.905759e+000  4.677980e+001
    endloop
  endfacet
  facet normal  0.000000e+000 -1.000000e+000  0.000000e+000
    outer loop
      vertex -3.769619e+001 -4.905759e+000  4.677980e+001
      vertex -4.139171e+001 -4.905759e+000  4.677980e+001
      vertex -3.758238e+001 -4.905759e+000  4.640462e+001
    endloop
  endfacet
  facet normal  0.000000e+000 -9.999999e-001  0.000000e+000
    outer loop
      vertex -3.758238e+001 -4.905759e+000  4.640462e+001
      vertex -4.139171e+001 -4.905759e+000  4.677980e+001
      vertex -4.150552e+001 -4.905759e+000  4.640462e+001
    endloop
  endfacet
  facet normal  0.000000e+000 -1.000000e+000  0.000000e+000
    outer loop
      vertex -3.758238e+001 -4.905759e+000  4.640462e+001
      vertex -4.150552e+001 -4.905759e+000  4.640462e+001
      vertex -3.754395e+001 -4.905759e+000  4.601443e+001
    endloop
  endfacet
  facet normal  0.000000e+000 -1.000000e+000  0.000000e+000
    outer loop
      vertex -3.754395e+001 -4.905759e+000  4.601443e+001
      vertex -4.150552e+001 -4.905759e+000  4.640462e+001
      vertex -4.154395e+001 -4.905759e+000  4.601443e+001
    endloop
  endfacet
  facet normal  0.000000e+000 -1.000000e+000  0.000000e+000
    outer loop
      vertex -3.754395e+001 -4.905759e+000  4.601443e+001
      vertex -4.154395e+001 -4.905759e+000  4.601443e+001
      vertex -3.758238e+001 -4.905759e+000  4.562425e+001
    endloop
  endfacet
  facet normal  0.000000e+000 -1.000000e+000  0.000000e+000
    outer loop
      vertex -3.758238e+001 -4.905759e+000  4.562425e+001
      vertex -4.154395e+001 -4.905759e+000  4.601443e+001
      vertex -4.150552e+001 -4.905759e+000  4.562425e+001
    endloop
  endfacet
  facet normal  0.000000e+000 -9.999999e-001  0.000000e+000
    outer loop
      vertex -3.758238e+001 -4.905759e+000  4.562425e+001
      vertex -4.150552e+001 -4.905759e+000  4.562425e+001
      vertex -3.769619e+001 -4.905759e+000  4.524907e+001
    endloop
  endfacet
  facet normal  0.000000e+000 -1.000000e+000  0.000000e+000
    outer loop
      vertex -3.769619e+001 -4.905759e+000  4.524907e+001
      vertex -4.150552e+001 -4.905759e+000  4.562425e+001
      vertex -4.139171e+001 -4.905759e+000  4.524907e+001
    endloop
  endfacet
  facet normal  0.000000e+000 -1.000000e+000  0.000000e+000
    outer loop
      vertex -3.769619e+001 -4.905759e+000  4.524907e+001
      vertex -4.139171e+001 -4.905759e+000  4.524907e+001
      vertex -3.788101e+001 -4.905759e+000  4.490329e+001
    endloop
  endfacet
  facet normal  0.000000e+000 -1.000000e+000  0.000000e+000
    outer loop
      vertex -3.788101e+001 -4.905759e+000  4.490329e+001
      vertex -4.139171e+001 -4.905759e+000  4.524907e+001
      vertex -4.120689e+001 -4.905759e+000  4.490329e+001
    endloop
  endfacet
  facet normal  0.000000e+000 -1.000000e+000  0.000000e+000
    outer loop
      vertex -3.788101e+001 -4.905759e+000  4.490329e+001
      vertex -4.120689e+001 -4.905759e+000  4.490329e+001
      vertex -3.812973e+001 -4.905759e+000  4.460022e+001
    endloop
  endfacet
  facet normal  0.000000e+000 -1.000000e+000  0.000000e+000
    outer loop
      vertex -3.812973e+001 -4.905759e+000  4.460022e+001
      vertex -4.120689e+001 -4.905759e+000  4.490329e+001
      vertex -4.095816e+001 -4.905759e+000  4.460022e+001
    endloop
  endfacet
  facet normal  0.000000e+000 -1.000000e+000  0.000000e+000
    outer loop
      vertex -3.812973e+001 -4.905759e+000  4.460022e+001
      vertex -4.095816e+001 -4.905759e+000  4.460022e+001
      vertex -3.843281e+001 -4.905759e+000  4.435149e+001
    endloop
  endfacet
  facet normal  0.000000e+000 -1.000000e+000  0.000000e+000
    outer loop
      vertex -3.843281e+001 -4.905759e+000  4.435149e+001
      vertex -4.095816e+001 -4.905759e+000  4.460022e+001
      vertex -4.065509e+001 -4.905759e+000  4.435149e+001
    endloop
  endfacet
  facet normal  0.000000e+000 -1.000000e+000  0.000000e+000
    outer loop
      vertex -3.843281e+001 -4.905759e+000  4.435149e+001
      vertex -4.065509e+001 -4.905759e+000  4.435149e+001
      vertex -3.877858e+001 -4.905759e+000  4.416668e+001
    endloop
  endfacet
  facet normal  0.000000e+000 -1.000000e+000  0.000000e+000
    outer loop
      vertex -3.877858e+001 -4.905759e+000  4.416668e+001
      vertex -4.065509e+001 -4.905759e+000  4.435149e+001
      vertex -4.030931e+001 -4.905759e+000  4.416668e+001
    endloop
  endfacet
  facet normal  0.000000e+000 -1.000000e+000  0.000000e+000
    outer loop
      vertex -3.877858e+001 -4.905759e+000  4.416668e+001
      vertex -4.030931e+001 -4.905759e+000  4.416668e+001
      vertex -3.915377e+001 -4.905759e+000  4.405286e+001
    endloop
  endfacet
  facet normal  0.000000e+000 -1.000000e+000  0.000000e+000
    outer loop
      vertex -3.915377e+001 -4.905759e+000  4.405286e+001
      vertex -4.030931e+001 -4.905759e+000  4.416668e+001
      vertex -3.993413e+001 -4.905759e+000  4.405286e+001
    endloop
  endfacet
  facet normal  0.000000e+000 -9.999999e-001  0.000000e+000
    outer loop
      vertex -3.915377e+001 -4.905759e+000  4.405286e+001
      vertex -3.993413e+001 -4.905759e+000  4.405286e+001
      vertex -3.954395e+001 -4.905759e+000  4.401443e+001
    endloop
  endfacet
  facet normal  0.000000e+000  1.000000e+000  0.000000e+000
    outer loop
      vertex -3.977194e+001 -4.105759e+000  4.876583e+001
      vertex -3.931596e+001 -4.105759e+000  4.876583e+001
      vertex -4.022169e+001 -4.105759e+000  4.869078e+001
    endloop
  endfacet
  facet normal  0.000000e+000  1.000000e+000  0.000000e+000
    outer loop
      vertex -4.022169e+001 -4.105759e+000  4.869078e+001
      vertex -3.931596e+001 -4.105759e+000  4.876583e+001
      vertex -3.886621e+001 -4.105759e+000  4.869078e+001
    endloop
  endfacet
  facet normal  0.000000e+000  9.999999e-001  0.000000e+000
    outer loop
      vertex -4.022169e+001 -4.105759e+000  4.869078e+001
      vertex -3.886621e+001 -4.105759e+000  4.869078e+001
      vertex -4.065296e+001 -4.105759e+000  4.854273e+001
    endloop
  endfacet
  facet normal  0.000000e+000  1.000000e+000  0.000000e+000
    outer loop
      vertex -4.065296e+001 -4.105759e+000  4.854273e+001
      vertex -3.886621e+001 -4.105759e+000  4.869078e+001
      vertex -3.843494e+001 -4.105759e+000  4.854273e+001
    endloop
  endfacet
  facet normal  0.000000e+000  1.000000e+000  0.000000e+000
    outer loop
      vertex -4.065296e+001 -4.105759e+000  4.854273e+001
      vertex -3.843494e+001 -4.105759e+000  4.854273e+001
      vertex -4.105398e+001 -4.105759e+000  4.832571e+001
    endloop
  endfacet
  facet normal  0.000000e+000  1.000000e+000  0.000000e+000
    outer loop
      vertex -4.105398e+001 -4.105759e+000  4.832571e+001
      vertex -3.843494e+001 -4.105759e+000  4.854273e+001
      vertex -3.803392e+001 -4.105759e+000  4.832571e+001
    endloop
  endfacet
  facet normal  0.000000e+000  9.999999e-001  0.000000e+000
    outer loop
      vertex -4.105398e+001 -4.105759e+000  4.832571e+001
      vertex -3.803392e+001 -4.105759e+000  4.832571e+001
      vertex -4.141381e+001 -4.105759e+000  4.804564e+001
    endloop
  endfacet
  facet normal  0.000000e+000  1.000000e+000  0.000000e+000
    outer loop
      vertex -4.141381e+001 -4.105759e+000  4.804564e+001
      vertex -3.803392e+001 -4.105759e+000  4.832571e+001
      vertex -3.767409e+001 -4.105759e+000  4.804564e+001
    endloop
  endfacet
  facet normal  0.000000e+000  1.000000e+000  0.000000e+000
    outer loop
      vertex -4.141381e+001 -4.105759e+000  4.804564e+001
      vertex -3.767409e+001 -4.105759e+000  4.804564e+001
      vertex -4.172263e+001 -4.105759e+000  4.771017e+001
    endloop
  endfacet
  facet normal  0.000000e+000  1.000000e+000  0.000000e+000
    outer loop
      vertex -4.172263e+001 -4.105759e+000  4.771017e+001
      vertex -3.767409e+001 -4.105759e+000  4.804564e+001
      vertex -3.736527e+001 -4.105759e+000  4.771017e+001
    endloop
  endfacet
  facet normal  0.000000e+000  1.000000e+000  0.000000e+000
    outer loop
      vertex -4.172263e+001 -4.105759e+000  4.771017e+001
      vertex -3.736527e+001 -4.105759e+000  4.771017e+001
      vertex -4.197202e+001 -4.105759e+000  4.732844e+001
    endloop
  endfacet
  facet normal  0.000000e+000  1.000000e+000  0.000000e+000
    outer loop
      vertex -4.197202e+001 -4.105759e+000  4.732844e+001
      vertex -3.736527e+001 -4.105759e+000  4.771017e+001
      vertex -3.711588e+001 -4.105759e+000  4.732844e+001
    endloop
  endfacet
  facet normal  0.000000e+000  1.000000e+000  0.000000e+000
    outer loop
      vertex -4.197202e+001 -4.105759e+000  4.732844e+001
      vertex -3.711588e+001 -4.105759e+000  4.732844e+001
      vertex -4.215519e+001 -4.105759e+000  4.691087e+001
    endloop
  endfacet
  facet normal  0.000000e+000  1.000000e+000  0.000000e+000
    outer loop
      vertex -4.215519e+001 -4.105759e+000  4.691087e+001
      vertex -3.711588e+001 -4.105759e+000  4.732844e+001
      vertex -3.693271e+001 -4.105759e+000  4.691087e+001
    endloop
  endfacet
  facet normal  0.000000e+000  1.000000e+000  0.000000e+000
    outer loop
      vertex -4.215519e+001 -4.105759e+000  4.691087e+001
      vertex -3.693271e+001 -4.105759e+000  4.691087e+001
      vertex -4.226712e+001 -4.105759e+000  4.646885e+001
    endloop
  endfacet
  facet normal  0.000000e+000  1.000000e+000  0.000000e+000
    outer loop
      vertex -4.226712e+001 -4.105759e+000  4.646885e+001
      vertex -3.693271e+001 -4.105759e+000  4.691087e+001
      vertex -3.682078e+001 -4.105759e+000  4.646885e+001
    endloop
  endfacet
  facet normal  0.000000e+000  1.000000e+000  0.000000e+000
    outer loop
      vertex -4.226712e+001 -4.105759e+000  4.646885e+001
      vertex -3.682078e+001 -4.105759e+000  4.646885e+001
      vertex -4.230478e+001 -4.105759e+000  4.601443e+001
    endloop
  endfacet
  facet normal  0.000000e+000  1.000000e+000  0.000000e+000
    outer loop
      vertex -4.230478e+001 -4.105759e+000  4.601443e+001
      vertex -3.682078e+001 -4.105759e+000  4.646885e+001
      vertex -3.678312e+001 -4.105759e+000  4.601443e+001
    endloop
  endfacet
  facet normal  0.000000e+000  1.000000e+000  0.000000e+000
    outer loop
      vertex -4.230478e+001 -4.105759e+000  4.601443e+001
      vertex -3.678312e+001 -4.105759e+000  4.601443e+001
      vertex -4.226712e+001 -4.105759e+000  4.556002e+001
    endloop
  endfacet
  facet normal  0.000000e+000  1.000000e+000  0.000000e+000
    outer loop
      vertex -4.226712e+001 -4.105759e+000  4.556002e+001
      vertex -3.678312e+001 -4.105759e+000  4.601443e+001
      vertex -3.682078e+001 -4.105759e+000  4.556002e+001
    endloop
  endfacet
  facet normal  0.000000e+000  1.000000e+000  0.000000e+000
    outer loop
      vertex -4.226712e+001 -4.105759e+000  4.556002e+001
      vertex -3.682078e+001 -4.105759e+000  4.556002e+001
      vertex -4.215519e+001 -4.105759e+000  4.511800e+001
    endloop
  endfacet
  facet normal  0.000000e+000  1.000000e+000  0.000000e+000
    outer loop
      vertex -4.215519e+001 -4.105759e+000  4.511800e+001
      vertex -3.682078e+001 -4.105759e+000  4.556002e+001
      vertex -3.693271e+001 -4.105759e+000  4.511800e+001
    endloop
  endfacet
  facet normal  0.000000e+000  1.000000e+000  0.000000e+000
    outer loop
      vertex -4.215519e+001 -4.105759e+000  4.511800e+001
      vertex -3.693271e+001 -4.105759e+000  4.511800e+001
      vertex -4.197202e+001 -4.105759e+000  4.470043e+001
    endloop
  endfacet
  facet normal  0.000000e+000  1.000000e+000  0.000000e+000
    outer loop
      vertex -4.197202e+001 -4.105759e+000  4.470043e+001
      vertex -3.693271e+001 -4.105759e+000  4.511800e+001
      vertex -3.711588e+001 -4.105759e+000  4.470043e+001
    endloop
  endfacet
  facet normal  0.000000e+000  1.000000e+000  0.000000e+000
    outer loop
      vertex -4.197202e+001 -4.105759e+000  4.470043e+001
      vertex -3.711588e+001 -4.105759e+000  4.470043e+001
      vertex -4.172263e+001 -4.105759e+000  4.431870e+001
    endloop
  endfacet
  facet normal  0.000000e+000  1.000000e+000  0.000000e+000
    outer loop
      vertex -4.172263e+001 -4.105759e+000  4.431870e+001
      vertex -3.711588e+001 -4.105759e+000  4.470043e+001
      vertex -3.736527e+001 -4.105759e+000  4.431870e+001
    endloop
  endfacet
  facet normal  0.000000e+000  1.000000e+000  0.000000e+000
    outer loop
      vertex -4.172263e+001 -4.105759e+000  4.431870e+001
      vertex -3.736527e+001 -4.105759e+000  4.431870e+001
      vertex -4.141381e+001 -4.105759e+000  4.398323e+001
    endloop
  endfacet
  facet normal  0.000000e+000  1.000000e+000  0.000000e+000
    outer loop
      vertex -4.141381e+001 -4.105759e+000  4.398323e+001
      vertex -3.736527e+001 -4.105759e+000  4.431870e+001
      vertex -3.767409e+001 -4.105759e+000  4.398323e+001
    endloop
  endfacet
  facet normal  0.000000e+000  1.000000e+000  0.000000e+000
    outer loop
      vertex -4.141381e+001 -4.105759e+000  4.398323e+001
      vertex -3.767409e+001 -4.105759e+000  4.398323e+001
      vertex -4.105398e+001 -4.105759e+000  4.370316e+001
    endloop
  endfacet
  facet normal  0.000000e+000  9.999999e-001  0.000000e+000
    outer loop
      vertex -4.105398e+001 -4.105759e+000  4.370316e+001
      vertex -3.767409e+001 -4.105759e+000  4.398323e+001
      vertex -3.803392e+001 -4.105759e+000  4.370316e+001
    endloop
  endfacet
  facet normal  0.000000e+000  1.000000e+000  0.000000e+000
    outer loop
      vertex -4.105398e+001 -4.105759e+000  4.370316e+001
      vertex -3.803392e+001 -4.105759e+000  4.370316e+001
      vertex -4.065296e+001 -4.105759e+000  4.348614e+001
    endloop
  endfacet
  facet normal  0.000000e+000  1.000000e+000  0.000000e+000
    outer loop
      vertex -4.065296e+001 -4.105759e+000  4.348614e+001
      vertex -3.803392e+001 -4.105759e+000  4.370316e+001
      vertex -3.843494e+001 -4.105759e+000  4.348614e+001
    endloop
  endfacet
  facet normal  0.000000e+000  1.000000e+000  0.000000e+000
    outer loop
      vertex -4.065296e+001 -4.105759e+000  4.348614e+001
      vertex -3.843494e+001 -4.105759e+000  4.348614e+001
      vertex -4.022169e+001 -4.105759e+000  4.333809e+001
    endloop
  endfacet
  facet normal  0.000000e+000  9.999999e-001  0.000000e+000
    outer loop
      vertex -4.022169e+001 -4.105759e+000  4.333809e+001
      vertex -3.843494e+001 -4.105759e+000  4.348614e+001
      vertex -3.886621e+001 -4.105759e+000  4.333809e+001
    endloop
  endfacet
  facet normal  0.000000e+000  1.000000e+000  0.000000e+000
    outer loop
      vertex -4.022169e+001 -4.105759e+000  4.333809e+001
      vertex -3.886621e+001 -4.105759e+000  4.333809e+001
      vertex -3.977194e+001 -4.105759e+000  4.326304e+001
    endloop
  endfacet
  facet normal  0.000000e+000  1.000000e+000  0.000000e+000
    outer loop
      vertex -3.977194e+001 -4.105759e+000  4.326304e+001
      vertex -3.886621e+001 -4.105759e+000  4.333809e+001
      vertex -3.931596e+001 -4.105759e+000  4.326304e+001
    endloop
  endfacet
  facet normal -7.039309e-001  7.078691e-001  5.833048e-002
    outer loop
      vertex -4.230478e+001 -4.105759e+000  4.601443e+001
      vertex -4.376509e+001 -5.605759e+000  4.659462e+001
      vertex -4.226712e+001 -4.105759e+000  4.646885e+001
    endloop
  endfacet
  facet normal -7.062812e-001  7.062812e-001  4.830952e-002
    outer loop
      vertex -4.230478e+001 -4.105759e+000  4.601443e+001
      vertex -4.380478e+001 -5.605759e+000  4.601443e+001
      vertex -4.376509e+001 -5.605759e+000  4.659462e+001
    endloop
  endfacet
  facet normal  7.062812e-001  7.062812e-001  4.830952e-002
    outer loop
      vertex -3.678312e+001 -4.105759e+000  4.601443e+001
      vertex -3.532281e+001 -5.605759e+000  4.659462e+001
      vertex -3.528312e+001 -5.605759e+000  4.601443e+001
    endloop
  endfacet
  facet normal  7.039309e-001  7.078691e-001  5.833048e-002
    outer loop
      vertex -3.678312e+001 -4.105759e+000  4.601443e+001
      vertex -3.682078e+001 -4.105759e+000  4.646885e+001
      vertex -3.532281e+001 -5.605759e+000  4.659462e+001
    endloop
  endfacet
  facet normal  6.941135e-001  7.052675e-001  1.442367e-001
    outer loop
      vertex -3.682078e+001 -4.105759e+000  4.646885e+001
      vertex -3.544112e+001 -5.605759e+000  4.716399e+001
      vertex -3.532281e+001 -5.605759e+000  4.659462e+001
    endloop
  endfacet
  facet normal  6.684514e-001  7.047924e-001  2.375719e-001
    outer loop
      vertex -3.693271e+001 -4.105759e+000  4.691087e+001
      vertex -3.563587e+001 -5.605759e+000  4.771195e+001
      vertex -3.544112e+001 -5.605759e+000  4.716399e+001
    endloop
  endfacet
  facet normal  6.836250e-001  7.090045e-001  1.731172e-001
    outer loop
      vertex -3.693271e+001 -4.105759e+000  4.691087e+001
      vertex -3.544112e+001 -5.605759e+000  4.716399e+001
      vertex -3.682078e+001 -4.105759e+000  4.646885e+001
    endloop
  endfacet
  facet normal  6.298187e-001  7.048602e-001  3.263443e-001
    outer loop
      vertex -3.711588e+001 -4.105759e+000  4.732844e+001
      vertex -3.590342e+001 -5.605759e+000  4.822829e+001
      vertex -3.563587e+001 -5.605759e+000  4.771195e+001
    endloop
  endfacet
  facet normal  6.455231e-001  7.093124e-001  2.831531e-001
    outer loop
      vertex -3.711588e+001 -4.105759e+000  4.732844e+001
      vertex -3.563587e+001 -5.605759e+000  4.771195e+001
      vertex -3.693271e+001 -4.105759e+000  4.691087e+001
    endloop
  endfacet
  facet normal  5.790199e-001  7.054701e-001  4.087147e-001
    outer loop
      vertex -3.736527e+001 -4.105759e+000  4.771017e+001
      vertex -3.623878e+001 -5.605759e+000  4.870339e+001
      vertex -3.590342e+001 -5.605759e+000  4.822829e+001
    endloop
  endfacet
  facet normal  5.905488e-001  7.087979e-001  3.858207e-001
    outer loop
      vertex -3.736527e+001 -4.105759e+000  4.771017e+001
      vertex -3.590342e+001 -5.605759e+000  4.822829e+001
      vertex -3.711588e+001 -4.105759e+000  4.732844e+001
    endloop
  endfacet
  facet normal  4.469597e-001  7.059769e-001  5.493848e-001
    outer loop
      vertex -3.767409e+001 -4.105759e+000  4.804564e+001
      vertex -3.708681e+001 -5.605759e+000  4.949540e+001
      vertex -3.663571e+001 -5.605759e+000  4.912840e+001
    endloop
  endfacet
  facet normal  5.207058e-001  7.064682e-001  4.793415e-001
    outer loop
      vertex -3.767409e+001 -4.105759e+000  4.804564e+001
      vertex -3.663571e+001 -5.605759e+000  4.912840e+001
      vertex -3.736527e+001 -4.105759e+000  4.771017e+001
    endloop
  endfacet
  facet normal  5.165700e-001  7.073910e-001  4.824451e-001
    outer loop
      vertex -3.736527e+001 -4.105759e+000  4.771017e+001
      vertex -3.663571e+001 -5.605759e+000  4.912840e+001
      vertex -3.623878e+001 -5.605759e+000  4.870339e+001
    endloop
  endfacet
  facet normal  3.684435e-001  7.050978e-001  6.058766e-001
    outer loop
      vertex -3.803392e+001 -4.105759e+000  4.832571e+001
      vertex -3.758369e+001 -5.605759e+000  4.979756e+001
      vertex -3.708681e+001 -5.605759e+000  4.949540e+001
    endloop
  endfacet
  facet normal  4.336202e-001  7.082306e-001  5.571203e-001
    outer loop
      vertex -3.803392e+001 -4.105759e+000  4.832571e+001
      vertex -3.708681e+001 -5.605759e+000  4.949540e+001
      vertex -3.767409e+001 -4.105759e+000  4.804564e+001
    endloop
  endfacet
  facet normal  2.826447e-001  7.047580e-001  6.507135e-001
    outer loop
      vertex -3.843494e+001 -4.105759e+000  4.854273e+001
      vertex -3.811708e+001 -5.605759e+000  5.002925e+001
      vertex -3.758369e+001 -5.605759e+000  4.979756e+001
    endloop
  endfacet
  facet normal  3.355697e-001  7.091582e-001  6.200705e-001
    outer loop
      vertex -3.843494e+001 -4.105759e+000  4.854273e+001
      vertex -3.758369e+001 -5.605759e+000  4.979756e+001
      vertex -3.803392e+001 -4.105759e+000  4.832571e+001
    endloop
  endfacet
  facet normal  1.913488e-001  7.049620e-001  6.829451e-001
    outer loop
      vertex -3.886621e+001 -4.105759e+000  4.869078e+001
      vertex -3.867706e+001 -5.605759e+000  5.018614e+001
      vertex -3.811708e+001 -5.605759e+000  5.002925e+001
    endloop
  endfacet
  facet normal  2.288911e-001  7.092612e-001  6.667513e-001
    outer loop
      vertex -3.886621e+001 -4.105759e+000  4.869078e+001
      vertex -3.811708e+001 -5.605759e+000  5.002925e+001
      vertex -3.843494e+001 -4.105759e+000  4.854273e+001
    endloop
  endfacet
  facet normal  9.647376e-002  7.057070e-001  7.019050e-001
    outer loop
      vertex -3.931596e+001 -4.105759e+000  4.876583e+001
      vertex -3.925318e+001 -5.605759e+000  5.026533e+001
      vertex -3.867706e+001 -5.605759e+000  5.018614e+001
    endloop
  endfacet
  facet normal  1.161494e-001  7.085400e-001  6.960462e-001
    outer loop
      vertex -3.931596e+001 -4.105759e+000  4.876583e+001
      vertex -3.867706e+001 -5.605759e+000  5.018614e+001
      vertex -3.886621e+001 -4.105759e+000  4.869078e+001
    endloop
  endfacet
  facet normal -9.647376e-002  7.057070e-001  7.019050e-001
    outer loop
      vertex -3.977194e+001 -4.105759e+000  4.876583e+001
      vertex -4.041084e+001 -5.605759e+000  5.018614e+001
      vertex -3.983472e+001 -5.605759e+000  5.026533e+001
    endloop
  endfacet
  facet normal  0.000000e+000  7.069880e-001  7.072254e-001
    outer loop
      vertex -3.977194e+001 -4.105759e+000  4.876583e+001
      vertex -3.983472e+001 -5.605759e+000  5.026533e+001
      vertex -3.931596e+001 -4.105759e+000  4.876583e+001
    endloop
  endfacet
  facet normal  -0.000000e+000  7.069880e-001  7.072254e-001
    outer loop
      vertex -3.931596e+001 -4.105759e+000  4.876583e+001
      vertex -3.983472e+001 -5.605759e+000  5.026533e+001
      vertex -3.925318e+001 -5.605759e+000  5.026533e+001
    endloop
  endfacet
  facet normal -1.913488e-001  7.049621e-001  6.829453e-001
    outer loop
      vertex -4.022169e+001 -4.105759e+000  4.869078e+001
      vertex -4.097081e+001 -5.605759e+000  5.002925e+001
      vertex -4.041084e+001 -5.605759e+000  5.018614e+001
    endloop
  endfacet
  facet normal -1.161494e-001  7.085400e-001  6.960462e-001
    outer loop
      vertex -4.022169e+001 -4.105759e+000  4.869078e+001
      vertex -4.041084e+001 -5.605759e+000  5.018614e+001
      vertex -3.977194e+001 -4.105759e+000  4.876583e+001
    endloop
  endfacet
  facet normal -2.826447e-001  7.047580e-001  6.507134e-001
    outer loop
      vertex -4.065296e+001 -4.105759e+000  4.854273e+001
      vertex -4.150421e+001 -5.605759e+000  4.979756e+001
      vertex -4.097081e+001 -5.605759e+000  5.002925e+001
    endloop
  endfacet
  facet normal -2.288911e-001  7.092612e-001  6.667513e-001
    outer loop
      vertex -4.065296e+001 -4.105759e+000  4.854273e+001
      vertex -4.097081e+001 -5.605759e+000  5.002925e+001
      vertex -4.022169e+001 -4.105759e+000  4.869078e+001
    endloop
  endfacet
  facet normal -3.684435e-001  7.050978e-001  6.058766e-001
    outer loop
      vertex -4.105398e+001 -4.105759e+000  4.832571e+001
      vertex -4.200108e+001 -5.605759e+000  4.949540e+001
      vertex -4.150421e+001 -5.605759e+000  4.979756e+001
    endloop
  endfacet
  facet normal -3.355697e-001  7.091582e-001  6.200705e-001
    outer loop
      vertex -4.105398e+001 -4.105759e+000  4.832571e+001
      vertex -4.150421e+001 -5.605759e+000  4.979756e+001
      vertex -4.065296e+001 -4.105759e+000  4.854273e+001
    endloop
  endfacet
  facet normal -4.469597e-001  7.059768e-001  5.493848e-001
    outer loop
      vertex -4.141381e+001 -4.105759e+000  4.804564e+001
      vertex -4.245219e+001 -5.605759e+000  4.912840e+001
      vertex -4.200108e+001 -5.605759e+000  4.949540e+001
    endloop
  endfacet
  facet normal -4.336202e-001  7.082306e-001  5.571203e-001
    outer loop
      vertex -4.141381e+001 -4.105759e+000  4.804564e+001
      vertex -4.200108e+001 -5.605759e+000  4.949540e+001
      vertex -4.105398e+001 -4.105759e+000  4.832571e+001
    endloop
  endfacet
  facet normal -5.790199e-001  7.054701e-001  4.087147e-001
    outer loop
      vertex -4.172263e+001 -4.105759e+000  4.771017e+001
      vertex -4.318448e+001 -5.605759e+000  4.822829e+001
      vertex -4.284912e+001 -5.605759e+000  4.870339e+001
    endloop
  endfacet
  facet normal -5.199802e-001  7.074547e-001  4.786736e-001
    outer loop
      vertex -4.172263e+001 -4.105759e+000  4.771017e+001
      vertex -4.284912e+001 -5.605759e+000  4.870339e+001
      vertex -4.141381e+001 -4.105759e+000  4.804564e+001
    endloop
  endfacet
  facet normal -5.171351e-001  7.066176e-001  4.829729e-001
    outer loop
      vertex -4.141381e+001 -4.105759e+000  4.804564e+001
      vertex -4.284912e+001 -5.605759e+000  4.870339e+001
      vertex -4.245219e+001 -5.605759e+000  4.912840e+001
    endloop
  endfacet
  facet normal -6.298187e-001  7.048602e-001  3.263443e-001
    outer loop
      vertex -4.197202e+001 -4.105759e+000  4.732844e+001
      vertex -4.345203e+001 -5.605759e+000  4.771195e+001
      vertex -4.318448e+001 -5.605759e+000  4.822829e+001
    endloop
  endfacet
  facet normal -5.905488e-001  7.087979e-001  3.858207e-001
    outer loop
      vertex -4.197202e+001 -4.105759e+000  4.732844e+001
      vertex -4.318448e+001 -5.605759e+000  4.822829e+001
      vertex -4.172263e+001 -4.105759e+000  4.771017e+001
    endloop
  endfacet
  facet normal -6.684514e-001  7.047924e-001  2.375719e-001
    outer loop
      vertex -4.215519e+001 -4.105759e+000  4.691087e+001
      vertex -4.364677e+001 -5.605759e+000  4.716399e+001
      vertex -4.345203e+001 -5.605759e+000  4.771195e+001
    endloop
  endfacet
  facet normal -6.455231e-001  7.093124e-001  2.831531e-001
    outer loop
      vertex -4.215519e+001 -4.105759e+000  4.691087e+001
      vertex -4.345203e+001 -5.605759e+000  4.771195e+001
      vertex -4.197202e+001 -4.105759e+000  4.732844e+001
    endloop
  endfacet
  facet normal -6.941135e-001  7.052675e-001  1.442367e-001
    outer loop
      vertex -4.226712e+001 -4.105759e+000  4.646885e+001
      vertex -4.376509e+001 -5.605759e+000  4.659462e+001
      vertex -4.364677e+001 -5.605759e+000  4.716399e+001
    endloop
  endfacet
  facet normal -6.836250e-001  7.090045e-001  1.731172e-001
    outer loop
      vertex -4.226712e+001 -4.105759e+000  4.646885e+001
      vertex -4.364677e+001 -5.605759e+000  4.716399e+001
      vertex -4.215519e+001 -4.105759e+000  4.691087e+001
    endloop
  endfacet
  facet normal  7.039309e-001  7.078691e-001 -5.833048e-002
    outer loop
      vertex -3.678312e+001 -4.105759e+000  4.601443e+001
      vertex -3.532281e+001 -5.605759e+000  4.543425e+001
      vertex -3.682078e+001 -4.105759e+000  4.556002e+001
    endloop
  endfacet
  facet normal  7.062812e-001  7.062812e-001 -4.830952e-002
    outer loop
      vertex -3.678312e+001 -4.105759e+000  4.601443e+001
      vertex -3.528312e+001 -5.605759e+000  4.601443e+001
      vertex -3.532281e+001 -5.605759e+000  4.543425e+001
    endloop
  endfacet
  facet normal -7.062812e-001  7.062812e-001 -4.830952e-002
    outer loop
      vertex -4.230478e+001 -4.105759e+000  4.601443e+001
      vertex -4.376509e+001 -5.605759e+000  4.543425e+001
      vertex -4.380478e+001 -5.605759e+000  4.601443e+001
    endloop
  endfacet
  facet normal -7.039309e-001  7.078691e-001 -5.833048e-002
    outer loop
      vertex -4.230478e+001 -4.105759e+000  4.601443e+001
      vertex -4.226712e+001 -4.105759e+000  4.556002e+001
      vertex -4.376509e+001 -5.605759e+000  4.543425e+001
    endloop
  endfacet
  facet normal -6.941135e-001  7.052675e-001 -1.442367e-001
    outer loop
      vertex -4.226712e+001 -4.105759e+000  4.556002e+001
      vertex -4.364677e+001 -5.605759e+000  4.486488e+001
      vertex -4.376509e+001 -5.605759e+000  4.543425e+001
    endloop
  endfacet
  facet normal -6.684514e-001  7.047924e-001 -2.375719e-001
    outer loop
      vertex -4.215519e+001 -4.105759e+000  4.511800e+001
      vertex -4.345203e+001 -5.605759e+000  4.431692e+001
      vertex -4.364677e+001 -5.605759e+000  4.486488e+001
    endloop
  endfacet
  facet normal -6.836250e-001  7.090045e-001 -1.731172e-001
    outer loop
      vertex -4.215519e+001 -4.105759e+000  4.511800e+001
      vertex -4.364677e+001 -5.605759e+000  4.486488e+001
      vertex -4.226712e+001 -4.105759e+000  4.556002e+001
    endloop
  endfacet
  facet normal -6.298187e-001  7.048602e-001 -3.263443e-001
    outer loop
      vertex -4.197202e+001 -4.105759e+000  4.470043e+001
      vertex -4.318448e+001 -5.605759e+000  4.380058e+001
      vertex -4.345203e+001 -5.605759e+000  4.431692e+001
    endloop
  endfacet
  facet normal -6.455231e-001  7.093124e-001 -2.831531e-001
    outer loop
      vertex -4.197202e+001 -4.105759e+000  4.470043e+001
      vertex -4.345203e+001 -5.605759e+000  4.431692e+001
      vertex -4.215519e+001 -4.105759e+000  4.511800e+001
    endloop
  endfacet
  facet normal -5.790199e-001  7.054701e-001 -4.087147e-001
    outer loop
      vertex -4.172263e+001 -4.105759e+000  4.431870e+001
      vertex -4.284912e+001 -5.605759e+000  4.332548e+001
      vertex -4.318448e+001 -5.605759e+000  4.380058e+001
    endloop
  endfacet
  facet normal -5.905488e-001  7.087979e-001 -3.858207e-001
    outer loop
      vertex -4.172263e+001 -4.105759e+000  4.431870e+001
      vertex -4.318448e+001 -5.605759e+000  4.380058e+001
      vertex -4.197202e+001 -4.105759e+000  4.470043e+001
    endloop
  endfacet
  facet normal -4.469597e-001  7.059769e-001 -5.493848e-001
    outer loop
      vertex -4.141381e+001 -4.105759e+000  4.398323e+001
      vertex -4.200108e+001 -5.605759e+000  4.253347e+001
      vertex -4.245219e+001 -5.605759e+000  4.290047e+001
    endloop
  endfacet
  facet normal -5.207058e-001  7.064682e-001 -4.793415e-001
    outer loop
      vertex -4.141381e+001 -4.105759e+000  4.398323e+001
      vertex -4.245219e+001 -5.605759e+000  4.290047e+001
      vertex -4.172263e+001 -4.105759e+000  4.431870e+001
    endloop
  endfacet
  facet normal -5.165700e-001  7.073910e-001 -4.824451e-001
    outer loop
      vertex -4.172263e+001 -4.105759e+000  4.431870e+001
      vertex -4.245219e+001 -5.605759e+000  4.290047e+001
      vertex -4.284912e+001 -5.605759e+000  4.332548e+001
    endloop
  endfacet
  facet normal -3.684435e-001  7.050978e-001 -6.058766e-001
    outer loop
      vertex -4.105398e+001 -4.105759e+000  4.370316e+001
      vertex -4.150421e+001 -5.605759e+000  4.223131e+001
      vertex -4.200108e+001 -5.605759e+000  4.253347e+001
    endloop
  endfacet
  facet normal -4.336202e-001  7.082306e-001 -5.571203e-001
    outer loop
      vertex -4.105398e+001 -4.105759e+000  4.370316e+001
      vertex -4.200108e+001 -5.605759e+000  4.253347e+001
      vertex -4.141381e+001 -4.105759e+000  4.398323e+001
    endloop
  endfacet
  facet normal -2.826447e-001  7.047580e-001 -6.507135e-001
    outer loop
      vertex -4.065296e+001 -4.105759e+000  4.348614e+001
      vertex -4.097081e+001 -5.605759e+000  4.199962e+001
      vertex -4.150421e+001 -5.605759e+000  4.223131e+001
    endloop
  endfacet
  facet normal -3.355697e-001  7.091582e-001 -6.200705e-001
    outer loop
      vertex -4.065296e+001 -4.105759e+000  4.348614e+001
      vertex -4.150421e+001 -5.605759e+000  4.223131e+001
      vertex -4.105398e+001 -4.105759e+000  4.370316e+001
    endloop
  endfacet
  facet normal -1.913488e-001  7.049620e-001 -6.829451e-001
    outer loop
      vertex -4.022169e+001 -4.105759e+000  4.333809e+001
      vertex -4.041084e+001 -5.605759e+000  4.184273e+001
      vertex -4.097081e+001 -5.605759e+000  4.199962e+001
    endloop
  endfacet
  facet normal -2.288911e-001  7.092612e-001 -6.667513e-001
    outer loop
      vertex -4.022169e+001 -4.105759e+000  4.333809e+001
      vertex -4.097081e+001 -5.605759e+000  4.199962e+001
      vertex -4.065296e+001 -4.105759e+000  4.348614e+001
    endloop
  endfacet
  facet normal -9.647376e-002  7.057070e-001 -7.019050e-001
    outer loop
      vertex -3.977194e+001 -4.105759e+000  4.326304e+001
      vertex -3.983472e+001 -5.605759e+000  4.176354e+001
      vertex -4.041084e+001 -5.605759e+000  4.184273e+001
    endloop
  endfacet
  facet normal -1.161494e-001  7.085400e-001 -6.960462e-001
    outer loop
      vertex -3.977194e+001 -4.105759e+000  4.326304e+001
      vertex -4.041084e+001 -5.605759e+000  4.184273e+001
      vertex -4.022169e+001 -4.105759e+000  4.333809e+001
    endloop
  endfacet
  facet normal  9.647376e-002  7.057070e-001 -7.019050e-001
    outer loop
      vertex -3.931596e+001 -4.105759e+000  4.326304e+001
      vertex -3.867706e+001 -5.605759e+000  4.184273e+001
      vertex -3.925318e+001 -5.605759e+000  4.176354e+001
    endloop
  endfacet
  facet normal  0.000000e+000  7.069880e-001 -7.072254e-001
    outer loop
      vertex -3.931596e+001 -4.105759e+000  4.326304e+001
      vertex -3.925318e+001 -5.605759e+000  4.176354e+001
      vertex -3.977194e+001 -4.105759e+000  4.326304e+001
    endloop
  endfacet
  facet normal  0.000000e+000  7.069880e-001 -7.072254e-001
    outer loop
      vertex -3.977194e+001 -4.105759e+000  4.326304e+001
      vertex -3.925318e+001 -5.605759e+000  4.176354e+001
      vertex -3.983472e+001 -5.605759e+000  4.176354e+001
    endloop
  endfacet
  facet normal  1.913488e-001  7.049621e-001 -6.829453e-001
    outer loop
      vertex -3.886621e+001 -4.105759e+000  4.333809e+001
      vertex -3.811708e+001 -5.605759e+000  4.199962e+001
      vertex -3.867706e+001 -5.605759e+000  4.184273e+001
    endloop
  endfacet
  facet normal  1.161494e-001  7.085400e-001 -6.960462e-001
    outer loop
      vertex -3.886621e+001 -4.105759e+000  4.333809e+001
      vertex -3.867706e+001 -5.605759e+000  4.184273e+001
      vertex -3.931596e+001 -4.105759e+000  4.326304e+001
    endloop
  endfacet
  facet normal  2.826447e-001  7.047580e-001 -6.507134e-001
    outer loop
      vertex -3.843494e+001 -4.105759e+000  4.348614e+001
      vertex -3.758369e+001 -5.605759e+000  4.223131e+001
      vertex -3.811708e+001 -5.605759e+000  4.199962e+001
    endloop
  endfacet
  facet normal  2.288911e-001  7.092612e-001 -6.667513e-001
    outer loop
      vertex -3.843494e+001 -4.105759e+000  4.348614e+001
      vertex -3.811708e+001 -5.605759e+000  4.199962e+001
      vertex -3.886621e+001 -4.105759e+000  4.333809e+001
    endloop
  endfacet
  facet normal  3.684435e-001  7.050978e-001 -6.058766e-001
    outer loop
      vertex -3.803392e+001 -4.105759e+000  4.370316e+001
      vertex -3.708681e+001 -5.605759e+000  4.253347e+001
      vertex -3.758369e+001 -5.605759e+000  4.223131e+001
    endloop
  endfacet
  facet normal  3.355697e-001  7.091582e-001 -6.200705e-001
    outer loop
      vertex -3.803392e+001 -4.105759e+000  4.370316e+001
      vertex -3.758369e+001 -5.605759e+000  4.223131e+001
      vertex -3.843494e+001 -4.105759e+000  4.348614e+001
    endloop
  endfacet
  facet normal  4.469597e-001  7.059768e-001 -5.493848e-001
    outer loop
      vertex -3.767409e+001 -4.105759e+000  4.398323e+001
      vertex -3.663571e+001 -5.605759e+000  4.290047e+001
      vertex -3.708681e+001 -5.605759e+000  4.253347e+001
    endloop
  endfacet
  facet normal  4.336202e-001  7.082306e-001 -5.571203e-001
    outer loop
      vertex -3.767409e+001 -4.105759e+000  4.398323e+001
      vertex -3.708681e+001 -5.605759e+000  4.253347e+001
      vertex -3.803392e+001 -4.105759e+000  4.370316e+001
    endloop
  endfacet
  facet normal  5.790199e-001  7.054701e-001 -4.087147e-001
    outer loop
      vertex -3.736527e+001 -4.105759e+000  4.431870e+001
      vertex -3.590342e+001 -5.605759e+000  4.380058e+001
      vertex -3.623878e+001 -5.605759e+000  4.332548e+001
    endloop
  endfacet
  facet normal  5.199802e-001  7.074547e-001 -4.786736e-001
    outer loop
      vertex -3.736527e+001 -4.105759e+000  4.431870e+001
      vertex -3.623878e+001 -5.605759e+000  4.332548e+001
      vertex -3.767409e+001 -4.105759e+000  4.398323e+001
    endloop
  endfacet
  facet normal  5.171351e-001  7.066176e-001 -4.829729e-001
    outer loop
      vertex -3.767409e+001 -4.105759e+000  4.398323e+001
      vertex -3.623878e+001 -5.605759e+000  4.332548e+001
      vertex -3.663571e+001 -5.605759e+000  4.290047e+001
    endloop
  endfacet
  facet normal  6.298187e-001  7.048602e-001 -3.263443e-001
    outer loop
      vertex -3.711588e+001 -4.105759e+000  4.470043e+001
      vertex -3.563587e+001 -5.605759e+000  4.431692e+001
      vertex -3.590342e+001 -5.605759e+000  4.380058e+001
    endloop
  endfacet
  facet normal  5.905488e-001  7.087979e-001 -3.858207e-001
    outer loop
      vertex -3.711588e+001 -4.105759e+000  4.470043e+001
      vertex -3.590342e+001 -5.605759e+000  4.380058e+001
      vertex -3.736527e+001 -4.105759e+000  4.431870e+001
    endloop
  endfacet
  facet normal  6.684514e-001  7.047924e-001 -2.375719e-001
    outer loop
      vertex -3.693271e+001 -4.105759e+000  4.511800e+001
      vertex -3.544112e+001 -5.605759e+000  4.486488e+001
      vertex -3.563587e+001 -5.605759e+000  4.431692e+001
    endloop
  endfacet
  facet normal  6.455231e-001  7.093124e-001 -2.831531e-001
    outer loop
      vertex -3.693271e+001 -4.105759e+000  4.511800e+001
      vertex -3.563587e+001 -5.605759e+000  4.431692e+001
      vertex -3.711588e+001 -4.105759e+000  4.470043e+001
    endloop
  endfacet
  facet normal  6.941135e-001  7.052675e-001 -1.442367e-001
    outer loop
      vertex -3.682078e+001 -4.105759e+000  4.556002e+001
      vertex -3.532281e+001 -5.605759e+000  4.543425e+001
      vertex -3.544112e+001 -5.605759e+000  4.486488e+001
    endloop
  endfacet
  facet normal  6.836250e-001  7.090045e-001 -1.731172e-001
    outer loop
      vertex -3.682078e+001 -4.105759e+000  4.556002e+001
      vertex -3.544112e+001 -5.605759e+000  4.486488e+001
      vertex -3.693271e+001 -4.105759e+000  4.511800e+001
    endloop
  endfacet
  facet normal  9.801623e-002  0.000000e+000  9.951848e-001
    outer loop
      vertex -3.954395e+001 -2.230576e+001  4.401443e+001
      vertex -3.993413e+001 -2.160576e+001  4.405286e+001
      vertex -3.993413e+001 -2.230576e+001  4.405286e+001
    endloop
  endfacet
  facet normal  2.902869e-001  -0.000000e+000  9.569396e-001
    outer loop
      vertex -3.993413e+001 -2.230576e+001  4.405286e+001
      vertex -3.993413e+001 -2.160576e+001  4.405286e+001
      vertex -4.030931e+001 -2.160576e+001  4.416668e+001
    endloop
  endfacet
  facet normal  2.902869e-001  0.000000e+000  9.569396e-001
    outer loop
      vertex -3.993413e+001 -2.230576e+001  4.405286e+001
      vertex -4.030931e+001 -2.160576e+001  4.416668e+001
      vertex -4.030931e+001 -2.230576e+001  4.416668e+001
    endloop
  endfacet
  facet normal  4.713915e-001  -0.000000e+000  8.819241e-001
    outer loop
      vertex -4.030931e+001 -2.230576e+001  4.416668e+001
      vertex -4.030931e+001 -2.160576e+001  4.416668e+001
      vertex -4.065509e+001 -2.160576e+001  4.435149e+001
    endloop
  endfacet
  facet normal  4.713915e-001  0.000000e+000  8.819241e-001
    outer loop
      vertex -4.030931e+001 -2.230576e+001  4.416668e+001
      vertex -4.065509e+001 -2.160576e+001  4.435149e+001
      vertex -4.065509e+001 -2.230576e+001  4.435149e+001
    endloop
  endfacet
  facet normal  6.343927e-001  -0.000000e+000  7.730110e-001
    outer loop
      vertex -4.065509e+001 -2.230576e+001  4.435149e+001
      vertex -4.065509e+001 -2.160576e+001  4.435149e+001
      vertex -4.095816e+001 -2.160576e+001  4.460022e+001
    endloop
  endfacet
  facet normal  6.343927e-001  0.000000e+000  7.730110e-001
    outer loop
      vertex -4.065509e+001 -2.230576e+001  4.435149e+001
      vertex -4.095816e+001 -2.160576e+001  4.460022e+001
      vertex -4.095816e+001 -2.230576e+001  4.460022e+001
    endloop
  endfacet
  facet normal  7.730110e-001  -0.000000e+000  6.343927e-001
    outer loop
      vertex -4.095816e+001 -2.230576e+001  4.460022e+001
      vertex -4.095816e+001 -2.160576e+001  4.460022e+001
      vertex -4.120689e+001 -2.160576e+001  4.490329e+001
    endloop
  endfacet
  facet normal  7.730110e-001  0.000000e+000  6.343927e-001
    outer loop
      vertex -4.095816e+001 -2.230576e+001  4.460022e+001
      vertex -4.120689e+001 -2.160576e+001  4.490329e+001
      vertex -4.120689e+001 -2.230576e+001  4.490329e+001
    endloop
  endfacet
  facet normal  8.819241e-001  -0.000000e+000  4.713915e-001
    outer loop
      vertex -4.120689e+001 -2.230576e+001  4.490329e+001
      vertex -4.120689e+001 -2.160576e+001  4.490329e+001
      vertex -4.139171e+001 -2.160576e+001  4.524907e+001
    endloop
  endfacet
  facet normal  8.819241e-001  0.000000e+000  4.713915e-001
    outer loop
      vertex -4.120689e+001 -2.230576e+001  4.490329e+001
      vertex -4.139171e+001 -2.160576e+001  4.524907e+001
      vertex -4.139171e+001 -2.230576e+001  4.524907e+001
    endloop
  endfacet
  facet normal  9.569396e-001  -0.000000e+000  2.902869e-001
    outer loop
      vertex -4.139171e+001 -2.230576e+001  4.524907e+001
      vertex -4.139171e+001 -2.160576e+001  4.524907e+001
      vertex -4.150552e+001 -2.160576e+001  4.562425e+001
    endloop
  endfacet
  facet normal  9.569396e-001  0.000000e+000  2.902869e-001
    outer loop
      vertex -4.139171e+001 -2.230576e+001  4.524907e+001
      vertex -4.150552e+001 -2.160576e+001  4.562425e+001
      vertex -4.150552e+001 -2.230576e+001  4.562425e+001
    endloop
  endfacet
  facet normal  9.951848e-001  -0.000000e+000  9.801623e-002
    outer loop
      vertex -4.150552e+001 -2.230576e+001  4.562425e+001
      vertex -4.150552e+001 -2.160576e+001  4.562425e+001
      vertex -4.154395e+001 -2.160576e+001  4.601443e+001
    endloop
  endfacet
  facet normal  9.951848e-001  0.000000e+000  9.801623e-002
    outer loop
      vertex -4.150552e+001 -2.230576e+001  4.562425e+001
      vertex -4.154395e+001 -2.160576e+001  4.601443e+001
      vertex -4.154395e+001 -2.230576e+001  4.601443e+001
    endloop
  endfacet
  facet normal  9.801623e-002  -0.000000e+000  9.951848e-001
    outer loop
      vertex -3.993413e+001 -2.160576e+001  4.405286e+001
      vertex -3.954395e+001 -2.230576e+001  4.401443e+001
      vertex -3.954395e+001 -2.160576e+001  4.401443e+001
    endloop
  endfacet
  facet normal -9.801623e-002  0.000000e+000  9.951848e-001
    outer loop
      vertex -3.954395e+001 -2.160576e+001  4.401443e+001
      vertex -3.954395e+001 -2.230576e+001  4.401443e+001
      vertex -3.915377e+001 -2.230576e+001  4.405286e+001
    endloop
  endfacet
  facet normal -9.801623e-002  0.000000e+000  9.951848e-001
    outer loop
      vertex -3.954395e+001 -2.160576e+001  4.401443e+001
      vertex -3.915377e+001 -2.230576e+001  4.405286e+001
      vertex -3.915377e+001 -2.160576e+001  4.405286e+001
    endloop
  endfacet
  facet normal -2.902869e-001  0.000000e+000  9.569396e-001
    outer loop
      vertex -3.915377e+001 -2.160576e+001  4.405286e+001
      vertex -3.915377e+001 -2.230576e+001  4.405286e+001
      vertex -3.877858e+001 -2.230576e+001  4.416668e+001
    endloop
  endfacet
  facet normal -2.902869e-001  0.000000e+000  9.569396e-001
    outer loop
      vertex -3.915377e+001 -2.160576e+001  4.405286e+001
      vertex -3.877858e+001 -2.230576e+001  4.416668e+001
      vertex -3.877858e+001 -2.160576e+001  4.416668e+001
    endloop
  endfacet
  facet normal -4.713915e-001  0.000000e+000  8.819241e-001
    outer loop
      vertex -3.877858e+001 -2.160576e+001  4.416668e+001
      vertex -3.877858e+001 -2.230576e+001  4.416668e+001
      vertex -3.843281e+001 -2.230576e+001  4.435149e+001
    endloop
  endfacet
  facet normal -4.713915e-001  0.000000e+000  8.819241e-001
    outer loop
      vertex -3.877858e+001 -2.160576e+001  4.416668e+001
      vertex -3.843281e+001 -2.230576e+001  4.435149e+001
      vertex -3.843281e+001 -2.160576e+001  4.435149e+001
    endloop
  endfacet
  facet normal -6.343927e-001  0.000000e+000  7.730110e-001
    outer loop
      vertex -3.843281e+001 -2.160576e+001  4.435149e+001
      vertex -3.843281e+001 -2.230576e+001  4.435149e+001
      vertex -3.812973e+001 -2.230576e+001  4.460022e+001
    endloop
  endfacet
  facet normal -6.343927e-001  0.000000e+000  7.730110e-001
    outer loop
      vertex -3.843281e+001 -2.160576e+001  4.435149e+001
      vertex -3.812973e+001 -2.230576e+001  4.460022e+001
      vertex -3.812973e+001 -2.160576e+001  4.460022e+001
    endloop
  endfacet
  facet normal -7.730110e-001  0.000000e+000  6.343927e-001
    outer loop
      vertex -3.812973e+001 -2.160576e+001  4.460022e+001
      vertex -3.812973e+001 -2.230576e+001  4.460022e+001
      vertex -3.788101e+001 -2.230576e+001  4.490329e+001
    endloop
  endfacet
  facet normal -7.730110e-001  0.000000e+000  6.343927e-001
    outer loop
      vertex -3.812973e+001 -2.160576e+001  4.460022e+001
      vertex -3.788101e+001 -2.230576e+001  4.490329e+001
      vertex -3.788101e+001 -2.160576e+001  4.490329e+001
    endloop
  endfacet
  facet normal -8.819241e-001  0.000000e+000  4.713915e-001
    outer loop
      vertex -3.788101e+001 -2.160576e+001  4.490329e+001
      vertex -3.788101e+001 -2.230576e+001  4.490329e+001
      vertex -3.769619e+001 -2.230576e+001  4.524907e+001
    endloop
  endfacet
  facet normal -8.819241e-001  0.000000e+000  4.713915e-001
    outer loop
      vertex -3.788101e+001 -2.160576e+001  4.490329e+001
      vertex -3.769619e+001 -2.230576e+001  4.524907e+001
      vertex -3.769619e+001 -2.160576e+001  4.524907e+001
    endloop
  endfacet
  facet normal -9.569396e-001  0.000000e+000  2.902869e-001
    outer loop
      vertex -3.769619e+001 -2.160576e+001  4.524907e+001
      vertex -3.769619e+001 -2.230576e+001  4.524907e+001
      vertex -3.758238e+001 -2.230576e+001  4.562425e+001
    endloop
  endfacet
  facet normal -9.569396e-001  0.000000e+000  2.902869e-001
    outer loop
      vertex -3.769619e+001 -2.160576e+001  4.524907e+001
      vertex -3.758238e+001 -2.230576e+001  4.562425e+001
      vertex -3.758238e+001 -2.160576e+001  4.562425e+001
    endloop
  endfacet
  facet normal -9.951848e-001  0.000000e+000  9.801623e-002
    outer loop
      vertex -3.758238e+001 -2.160576e+001  4.562425e+001
      vertex -3.758238e+001 -2.230576e+001  4.562425e+001
      vertex -3.754395e+001 -2.230576e+001  4.601443e+001
    endloop
  endfacet
  facet normal -9.951848e-001  0.000000e+000  9.801623e-002
    outer loop
      vertex -3.758238e+001 -2.160576e+001  4.562425e+001
      vertex -3.754395e+001 -2.230576e+001  4.601443e+001
      vertex -3.754395e+001 -2.160576e+001  4.601443e+001
    endloop
  endfacet
  facet normal -9.801623e-002  -0.000000e+000 -9.951848e-001
    outer loop
      vertex -3.954395e+001 -2.230576e+001  4.801443e+001
      vertex -3.915377e+001 -2.160576e+001  4.797601e+001
      vertex -3.915377e+001 -2.230576e+001  4.797601e+001
    endloop
  endfacet
  facet normal -2.902869e-001  0.000000e+000 -9.569396e-001
    outer loop
      vertex -3.915377e+001 -2.230576e+001  4.797601e+001
      vertex -3.915377e+001 -2.160576e+001  4.797601e+001
      vertex -3.877858e+001 -2.160576e+001  4.786219e+001
    endloop
  endfacet
  facet normal -2.902869e-001  -0.000000e+000 -9.569396e-001
    outer loop
      vertex -3.915377e+001 -2.230576e+001  4.797601e+001
      vertex -3.877858e+001 -2.160576e+001  4.786219e+001
      vertex -3.877858e+001 -2.230576e+001  4.786219e+001
    endloop
  endfacet
  facet normal -4.713915e-001  0.000000e+000 -8.819241e-001
    outer loop
      vertex -3.877858e+001 -2.230576e+001  4.786219e+001
      vertex -3.877858e+001 -2.160576e+001  4.786219e+001
      vertex -3.843281e+001 -2.160576e+001  4.767738e+001
    endloop
  endfacet
  facet normal -4.713915e-001  -0.000000e+000 -8.819241e-001
    outer loop
      vertex -3.877858e+001 -2.230576e+001  4.786219e+001
      vertex -3.843281e+001 -2.160576e+001  4.767738e+001
      vertex -3.843281e+001 -2.230576e+001  4.767738e+001
    endloop
  endfacet
  facet normal -6.343927e-001  0.000000e+000 -7.730110e-001
    outer loop
      vertex -3.843281e+001 -2.230576e+001  4.767738e+001
      vertex -3.843281e+001 -2.160576e+001  4.767738e+001
      vertex -3.812973e+001 -2.160576e+001  4.742865e+001
    endloop
  endfacet
  facet normal -6.343927e-001  -0.000000e+000 -7.730110e-001
    outer loop
      vertex -3.843281e+001 -2.230576e+001  4.767738e+001
      vertex -3.812973e+001 -2.160576e+001  4.742865e+001
      vertex -3.812973e+001 -2.230576e+001  4.742865e+001
    endloop
  endfacet
  facet normal -7.730110e-001  0.000000e+000 -6.343927e-001
    outer loop
      vertex -3.812973e+001 -2.230576e+001  4.742865e+001
      vertex -3.812973e+001 -2.160576e+001  4.742865e+001
      vertex -3.788101e+001 -2.160576e+001  4.712558e+001
    endloop
  endfacet
  facet normal -7.730110e-001  -0.000000e+000 -6.343927e-001
    outer loop
      vertex -3.812973e+001 -2.230576e+001  4.742865e+001
      vertex -3.788101e+001 -2.160576e+001  4.712558e+001
      vertex -3.788101e+001 -2.230576e+001  4.712558e+001
    endloop
  endfacet
  facet normal -8.819241e-001  0.000000e+000 -4.713915e-001
    outer loop
      vertex -3.788101e+001 -2.230576e+001  4.712558e+001
      vertex -3.788101e+001 -2.160576e+001  4.712558e+001
      vertex -3.769619e+001 -2.160576e+001  4.677980e+001
    endloop
  endfacet
  facet normal -8.819241e-001  -0.000000e+000 -4.713915e-001
    outer loop
      vertex -3.788101e+001 -2.230576e+001  4.712558e+001
      vertex -3.769619e+001 -2.160576e+001  4.677980e+001
      vertex -3.769619e+001 -2.230576e+001  4.677980e+001
    endloop
  endfacet
  facet normal -9.569396e-001  0.000000e+000 -2.902869e-001
    outer loop
      vertex -3.769619e+001 -2.230576e+001  4.677980e+001
      vertex -3.769619e+001 -2.160576e+001  4.677980e+001
      vertex -3.758238e+001 -2.160576e+001  4.640462e+001
    endloop
  endfacet
  facet normal -9.569396e-001  -0.000000e+000 -2.902869e-001
    outer loop
      vertex -3.769619e+001 -2.230576e+001  4.677980e+001
      vertex -3.758238e+001 -2.160576e+001  4.640462e+001
      vertex -3.758238e+001 -2.230576e+001  4.640462e+001
    endloop
  endfacet
  facet normal -9.951848e-001  0.000000e+000 -9.801623e-002
    outer loop
      vertex -3.758238e+001 -2.230576e+001  4.640462e+001
      vertex -3.758238e+001 -2.160576e+001  4.640462e+001
      vertex -3.754395e+001 -2.160576e+001  4.601443e+001
    endloop
  endfacet
  facet normal -9.951848e-001  -0.000000e+000 -9.801623e-002
    outer loop
      vertex -3.758238e+001 -2.230576e+001  4.640462e+001
      vertex -3.754395e+001 -2.160576e+001  4.601443e+001
      vertex -3.754395e+001 -2.230576e+001  4.601443e+001
    endloop
  endfacet
  facet normal -9.801623e-002  0.000000e+000 -9.951848e-001
    outer loop
      vertex -3.915377e+001 -2.160576e+001  4.797601e+001
      vertex -3.954395e+001 -2.230576e+001  4.801443e+001
      vertex -3.954395e+001 -2.160576e+001  4.801443e+001
    endloop
  endfacet
  facet normal  9.801623e-002  0.000000e+000 -9.951848e-001
    outer loop
      vertex -3.954395e+001 -2.160576e+001  4.801443e+001
      vertex -3.954395e+001 -2.230576e+001  4.801443e+001
      vertex -3.993413e+001 -2.230576e+001  4.797601e+001
    endloop
  endfacet
  facet normal  9.801623e-002  0.000000e+000 -9.951848e-001
    outer loop
      vertex -3.954395e+001 -2.160576e+001  4.801443e+001
      vertex -3.993413e+001 -2.230576e+001  4.797601e+001
      vertex -3.993413e+001 -2.160576e+001  4.797601e+001
    endloop
  endfacet
  facet normal  2.902869e-001  0.000000e+000 -9.569396e-001
    outer loop
      vertex -3.993413e+001 -2.160576e+001  4.797601e+001
      vertex -3.993413e+001 -2.230576e+001  4.797601e+001
      vertex -4.030931e+001 -2.230576e+001  4.786219e+001
    endloop
  endfacet
  facet normal  2.902869e-001  0.000000e+000 -9.569396e-001
    outer loop
      vertex -3.993413e+001 -2.160576e+001  4.797601e+001
      vertex -4.030931e+001 -2.230576e+001  4.786219e+001
      vertex -4.030931e+001 -2.160576e+001  4.786219e+001
    endloop
  endfacet
  facet normal  4.713915e-001  0.000000e+000 -8.819241e-001
    outer loop
      vertex -4.030931e+001 -2.160576e+001  4.786219e+001
      vertex -4.030931e+001 -2.230576e+001  4.786219e+001
      vertex -4.065509e+001 -2.230576e+001  4.767738e+001
    endloop
  endfacet
  facet normal  4.713915e-001  0.000000e+000 -8.819241e-001
    outer loop
      vertex -4.030931e+001 -2.160576e+001  4.786219e+001
      vertex -4.065509e+001 -2.230576e+001  4.767738e+001
      vertex -4.065509e+001 -2.160576e+001  4.767738e+001
    endloop
  endfacet
  facet normal  6.343927e-001  0.000000e+000 -7.730110e-001
    outer loop
      vertex -4.065509e+001 -2.160576e+001  4.767738e+001
      vertex -4.065509e+001 -2.230576e+001  4.767738e+001
      vertex -4.095816e+001 -2.230576e+001  4.742865e+001
    endloop
  endfacet
  facet normal  6.343927e-001  0.000000e+000 -7.730110e-001
    outer loop
      vertex -4.065509e+001 -2.160576e+001  4.767738e+001
      vertex -4.095816e+001 -2.230576e+001  4.742865e+001
      vertex -4.095816e+001 -2.160576e+001  4.742865e+001
    endloop
  endfacet
  facet normal  7.730110e-001  0.000000e+000 -6.343927e-001
    outer loop
      vertex -4.095816e+001 -2.160576e+001  4.742865e+001
      vertex -4.095816e+001 -2.230576e+001  4.742865e+001
      vertex -4.120689e+001 -2.230576e+001  4.712558e+001
    endloop
  endfacet
  facet normal  7.730110e-001  0.000000e+000 -6.343927e-001
    outer loop
      vertex -4.095816e+001 -2.160576e+001  4.742865e+001
      vertex -4.120689e+001 -2.230576e+001  4.712558e+001
      vertex -4.120689e+001 -2.160576e+001  4.712558e+001
    endloop
  endfacet
  facet normal  8.819241e-001  0.000000e+000 -4.713915e-001
    outer loop
      vertex -4.120689e+001 -2.160576e+001  4.712558e+001
      vertex -4.120689e+001 -2.230576e+001  4.712558e+001
      vertex -4.139171e+001 -2.230576e+001  4.677980e+001
    endloop
  endfacet
  facet normal  8.819241e-001  0.000000e+000 -4.713915e-001
    outer loop
      vertex -4.120689e+001 -2.160576e+001  4.712558e+001
      vertex -4.139171e+001 -2.230576e+001  4.677980e+001
      vertex -4.139171e+001 -2.160576e+001  4.677980e+001
    endloop
  endfacet
  facet normal  9.569396e-001  0.000000e+000 -2.902869e-001
    outer loop
      vertex -4.139171e+001 -2.160576e+001  4.677980e+001
      vertex -4.139171e+001 -2.230576e+001  4.677980e+001
      vertex -4.150552e+001 -2.230576e+001  4.640462e+001
    endloop
  endfacet
  facet normal  9.569396e-001  0.000000e+000 -2.902869e-001
    outer loop
      vertex -4.139171e+001 -2.160576e+001  4.677980e+001
      vertex -4.150552e+001 -2.230576e+001  4.640462e+001
      vertex -4.150552e+001 -2.160576e+001  4.640462e+001
    endloop
  endfacet
  facet normal  9.951848e-001  0.000000e+000 -9.801623e-002
    outer loop
      vertex -4.150552e+001 -2.160576e+001  4.640462e+001
      vertex -4.150552e+001 -2.230576e+001  4.640462e+001
      vertex -4.154395e+001 -2.230576e+001  4.601443e+001
    endloop
  endfacet
  facet normal  9.951848e-001  0.000000e+000 -9.801623e-002
    outer loop
      vertex -4.150552e+001 -2.160576e+001  4.640462e+001
      vertex -4.154395e+001 -2.230576e+001  4.601443e+001
      vertex -4.154395e+001 -2.160576e+001  4.601443e+001
    endloop
  endfacet
  facet normal  9.801623e-002  0.000000e+000 -9.951848e-001
    outer loop
      vertex -3.954395e+001 -2.129140e+001  4.801443e+001
      vertex -3.993413e+001 -2.160576e+001  4.797601e+001
      vertex -3.993413e+001 -2.129140e+001  4.797601e+001
    endloop
  endfacet
  facet normal  2.902869e-001  0.000000e+000 -9.569396e-001
    outer loop
      vertex -3.993413e+001 -2.129140e+001  4.797601e+001
      vertex -3.993413e+001 -2.160576e+001  4.797601e+001
      vertex -4.030931e+001 -2.160576e+001  4.786219e+001
    endloop
  endfacet
  facet normal  2.902869e-001  0.000000e+000 -9.569396e-001
    outer loop
      vertex -3.993413e+001 -2.129140e+001  4.797601e+001
      vertex -4.030931e+001 -2.160576e+001  4.786219e+001
      vertex -4.030931e+001 -2.129140e+001  4.786219e+001
    endloop
  endfacet
  facet normal  4.713915e-001  0.000000e+000 -8.819240e-001
    outer loop
      vertex -4.030931e+001 -2.129140e+001  4.786219e+001
      vertex -4.030931e+001 -2.160576e+001  4.786219e+001
      vertex -4.065509e+001 -2.160576e+001  4.767738e+001
    endloop
  endfacet
  facet normal  4.713915e-001  0.000000e+000 -8.819240e-001
    outer loop
      vertex -4.030931e+001 -2.129140e+001  4.786219e+001
      vertex -4.065509e+001 -2.160576e+001  4.767738e+001
      vertex -4.065509e+001 -2.129140e+001  4.767738e+001
    endloop
  endfacet
  facet normal  6.343927e-001  0.000000e+000 -7.730110e-001
    outer loop
      vertex -4.065509e+001 -2.129140e+001  4.767738e+001
      vertex -4.065509e+001 -2.160576e+001  4.767738e+001
      vertex -4.095816e+001 -2.160576e+001  4.742865e+001
    endloop
  endfacet
  facet normal  6.343927e-001  0.000000e+000 -7.730110e-001
    outer loop
      vertex -4.065509e+001 -2.129140e+001  4.767738e+001
      vertex -4.095816e+001 -2.160576e+001  4.742865e+001
      vertex -4.095816e+001 -2.129140e+001  4.742865e+001
    endloop
  endfacet
  facet normal  7.730110e-001  0.000000e+000 -6.343927e-001
    outer loop
      vertex -4.095816e+001 -2.129140e+001  4.742865e+001
      vertex -4.095816e+001 -2.160576e+001  4.742865e+001
      vertex -4.120689e+001 -2.160576e+001  4.712558e+001
    endloop
  endfacet
  facet normal  7.730110e-001  0.000000e+000 -6.343927e-001
    outer loop
      vertex -4.095816e+001 -2.129140e+001  4.742865e+001
      vertex -4.120689e+001 -2.160576e+001  4.712558e+001
      vertex -4.120689e+001 -2.129140e+001  4.712558e+001
    endloop
  endfacet
  facet normal  8.819240e-001  0.000000e+000 -4.713915e-001
    outer loop
      vertex -4.120689e+001 -2.129140e+001  4.712558e+001
      vertex -4.120689e+001 -2.160576e+001  4.712558e+001
      vertex -4.139171e+001 -2.160576e+001  4.677980e+001
    endloop
  endfacet
  facet normal  8.819240e-001  0.000000e+000 -4.713915e-001
    outer loop
      vertex -4.120689e+001 -2.129140e+001  4.712558e+001
      vertex -4.139171e+001 -2.160576e+001  4.677980e+001
      vertex -4.139171e+001 -2.129140e+001  4.677980e+001
    endloop
  endfacet
  facet normal  9.569396e-001  0.000000e+000 -2.902869e-001
    outer loop
      vertex -4.139171e+001 -2.129140e+001  4.677980e+001
      vertex -4.139171e+001 -2.160576e+001  4.677980e+001
      vertex -4.150552e+001 -2.160576e+001  4.640462e+001
    endloop
  endfacet
  facet normal  9.569396e-001  0.000000e+000 -2.902869e-001
    outer loop
      vertex -4.139171e+001 -2.129140e+001  4.677980e+001
      vertex -4.150552e+001 -2.160576e+001  4.640462e+001
      vertex -4.150552e+001 -2.129140e+001  4.640462e+001
    endloop
  endfacet
  facet normal  9.951848e-001  0.000000e+000 -9.801623e-002
    outer loop
      vertex -4.150552e+001 -2.129140e+001  4.640462e+001
      vertex -4.150552e+001 -2.160576e+001  4.640462e+001
      vertex -4.154395e+001 -2.160576e+001  4.601443e+001
    endloop
  endfacet
  facet normal  9.951848e-001  0.000000e+000 -9.801623e-002
    outer loop
      vertex -4.150552e+001 -2.129140e+001  4.640462e+001
      vertex -4.154395e+001 -2.160576e+001  4.601443e+001
      vertex -4.154395e+001 -2.129140e+001  4.601443e+001
    endloop
  endfacet
  facet normal  9.801623e-002  0.000000e+000 -9.951848e-001
    outer loop
      vertex -3.993413e+001 -2.160576e+001  4.797601e+001
      vertex -3.954395e+001 -2.129140e+001  4.801443e+001
      vertex -3.954395e+001 -2.160576e+001  4.801443e+001
    endloop
  endfacet
  facet normal -9.801623e-002  0.000000e+000 -9.951848e-001
    outer loop
      vertex -3.954395e+001 -2.160576e+001  4.801443e+001
      vertex -3.954395e+001 -2.129140e+001  4.801443e+001
      vertex -3.915377e+001 -2.129140e+001  4.797601e+001
    endloop
  endfacet
  facet normal -9.801623e-002  -0.000000e+000 -9.951848e-001
    outer loop
      vertex -3.954395e+001 -2.160576e+001  4.801443e+001
      vertex -3.915377e+001 -2.129140e+001  4.797601e+001
      vertex -3.915377e+001 -2.160576e+001  4.797601e+001
    endloop
  endfacet
  facet normal -2.902869e-001  0.000000e+000 -9.569396e-001
    outer loop
      vertex -3.915377e+001 -2.160576e+001  4.797601e+001
      vertex -3.915377e+001 -2.129140e+001  4.797601e+001
      vertex -3.877858e+001 -2.129140e+001  4.786219e+001
    endloop
  endfacet
  facet normal -2.902869e-001  -0.000000e+000 -9.569396e-001
    outer loop
      vertex -3.915377e+001 -2.160576e+001  4.797601e+001
      vertex -3.877858e+001 -2.129140e+001  4.786219e+001
      vertex -3.877858e+001 -2.160576e+001  4.786219e+001
    endloop
  endfacet
  facet normal -4.713915e-001  0.000000e+000 -8.819240e-001
    outer loop
      vertex -3.877858e+001 -2.160576e+001  4.786219e+001
      vertex -3.877858e+001 -2.129140e+001  4.786219e+001
      vertex -3.843281e+001 -2.129140e+001  4.767738e+001
    endloop
  endfacet
  facet normal -4.713915e-001  -0.000000e+000 -8.819240e-001
    outer loop
      vertex -3.877858e+001 -2.160576e+001  4.786219e+001
      vertex -3.843281e+001 -2.129140e+001  4.767738e+001
      vertex -3.843281e+001 -2.160576e+001  4.767738e+001
    endloop
  endfacet
  facet normal -6.343927e-001  0.000000e+000 -7.730110e-001
    outer loop
      vertex -3.843281e+001 -2.160576e+001  4.767738e+001
      vertex -3.843281e+001 -2.129140e+001  4.767738e+001
      vertex -3.812973e+001 -2.129140e+001  4.742865e+001
    endloop
  endfacet
  facet normal -6.343927e-001  -0.000000e+000 -7.730110e-001
    outer loop
      vertex -3.843281e+001 -2.160576e+001  4.767738e+001
      vertex -3.812973e+001 -2.129140e+001  4.742865e+001
      vertex -3.812973e+001 -2.160576e+001  4.742865e+001
    endloop
  endfacet
  facet normal -7.730110e-001  0.000000e+000 -6.343927e-001
    outer loop
      vertex -3.812973e+001 -2.160576e+001  4.742865e+001
      vertex -3.812973e+001 -2.129140e+001  4.742865e+001
      vertex -3.788101e+001 -2.129140e+001  4.712558e+001
    endloop
  endfacet
  facet normal -7.730110e-001  -0.000000e+000 -6.343927e-001
    outer loop
      vertex -3.812973e+001 -2.160576e+001  4.742865e+001
      vertex -3.788101e+001 -2.129140e+001  4.712558e+001
      vertex -3.788101e+001 -2.160576e+001  4.712558e+001
    endloop
  endfacet
  facet normal -8.819240e-001  0.000000e+000 -4.713915e-001
    outer loop
      vertex -3.788101e+001 -2.160576e+001  4.712558e+001
      vertex -3.788101e+001 -2.129140e+001  4.712558e+001
      vertex -3.769619e+001 -2.129140e+001  4.677980e+001
    endloop
  endfacet
  facet normal -8.819240e-001  -0.000000e+000 -4.713915e-001
    outer loop
      vertex -3.788101e+001 -2.160576e+001  4.712558e+001
      vertex -3.769619e+001 -2.129140e+001  4.677980e+001
      vertex -3.769619e+001 -2.160576e+001  4.677980e+001
    endloop
  endfacet
  facet normal -9.569396e-001  0.000000e+000 -2.902869e-001
    outer loop
      vertex -3.769619e+001 -2.160576e+001  4.677980e+001
      vertex -3.769619e+001 -2.129140e+001  4.677980e+001
      vertex -3.758238e+001 -2.129140e+001  4.640462e+001
    endloop
  endfacet
  facet normal -9.569396e-001  -0.000000e+000 -2.902869e-001
    outer loop
      vertex -3.769619e+001 -2.160576e+001  4.677980e+001
      vertex -3.758238e+001 -2.129140e+001  4.640462e+001
      vertex -3.758238e+001 -2.160576e+001  4.640462e+001
    endloop
  endfacet
  facet normal -9.951848e-001  0.000000e+000 -9.801623e-002
    outer loop
      vertex -3.758238e+001 -2.160576e+001  4.640462e+001
      vertex -3.758238e+001 -2.129140e+001  4.640462e+001
      vertex -3.754395e+001 -2.129140e+001  4.601443e+001
    endloop
  endfacet
  facet normal -9.951848e-001  -0.000000e+000 -9.801623e-002
    outer loop
      vertex -3.758238e+001 -2.160576e+001  4.640462e+001
      vertex -3.754395e+001 -2.129140e+001  4.601443e+001
      vertex -3.754395e+001 -2.160576e+001  4.601443e+001
    endloop
  endfacet
  facet normal -9.801623e-002  0.000000e+000  9.951848e-001
    outer loop
      vertex -3.954395e+001 -2.129140e+001  4.401443e+001
      vertex -3.915377e+001 -2.160576e+001  4.405286e+001
      vertex -3.915377e+001 -2.129140e+001  4.405286e+001
    endloop
  endfacet
  facet normal -2.902869e-001  0.000000e+000  9.569396e-001
    outer loop
      vertex -3.915377e+001 -2.129140e+001  4.405286e+001
      vertex -3.915377e+001 -2.160576e+001  4.405286e+001
      vertex -3.877858e+001 -2.160576e+001  4.416668e+001
    endloop
  endfacet
  facet normal -2.902869e-001  0.000000e+000  9.569396e-001
    outer loop
      vertex -3.915377e+001 -2.129140e+001  4.405286e+001
      vertex -3.877858e+001 -2.160576e+001  4.416668e+001
      vertex -3.877858e+001 -2.129140e+001  4.416668e+001
    endloop
  endfacet
  facet normal -4.713915e-001  0.000000e+000  8.819240e-001
    outer loop
      vertex -3.877858e+001 -2.129140e+001  4.416668e+001
      vertex -3.877858e+001 -2.160576e+001  4.416668e+001
      vertex -3.843281e+001 -2.160576e+001  4.435149e+001
    endloop
  endfacet
  facet normal -4.713915e-001  0.000000e+000  8.819240e-001
    outer loop
      vertex -3.877858e+001 -2.129140e+001  4.416668e+001
      vertex -3.843281e+001 -2.160576e+001  4.435149e+001
      vertex -3.843281e+001 -2.129140e+001  4.435149e+001
    endloop
  endfacet
  facet normal -6.343927e-001  0.000000e+000  7.730110e-001
    outer loop
      vertex -3.843281e+001 -2.129140e+001  4.435149e+001
      vertex -3.843281e+001 -2.160576e+001  4.435149e+001
      vertex -3.812973e+001 -2.160576e+001  4.460022e+001
    endloop
  endfacet
  facet normal -6.343927e-001  0.000000e+000  7.730110e-001
    outer loop
      vertex -3.843281e+001 -2.129140e+001  4.435149e+001
      vertex -3.812973e+001 -2.160576e+001  4.460022e+001
      vertex -3.812973e+001 -2.129140e+001  4.460022e+001
    endloop
  endfacet
  facet normal -7.730110e-001  0.000000e+000  6.343927e-001
    outer loop
      vertex -3.812973e+001 -2.129140e+001  4.460022e+001
      vertex -3.812973e+001 -2.160576e+001  4.460022e+001
      vertex -3.788101e+001 -2.160576e+001  4.490329e+001
    endloop
  endfacet
  facet normal -7.730110e-001  0.000000e+000  6.343927e-001
    outer loop
      vertex -3.812973e+001 -2.129140e+001  4.460022e+001
      vertex -3.788101e+001 -2.160576e+001  4.490329e+001
      vertex -3.788101e+001 -2.129140e+001  4.490329e+001
    endloop
  endfacet
  facet normal -8.819240e-001  0.000000e+000  4.713915e-001
    outer loop
      vertex -3.788101e+001 -2.129140e+001  4.490329e+001
      vertex -3.788101e+001 -2.160576e+001  4.490329e+001
      vertex -3.769619e+001 -2.160576e+001  4.524907e+001
    endloop
  endfacet
  facet normal -8.819240e-001  0.000000e+000  4.713915e-001
    outer loop
      vertex -3.788101e+001 -2.129140e+001  4.490329e+001
      vertex -3.769619e+001 -2.160576e+001  4.524907e+001
      vertex -3.769619e+001 -2.129140e+001  4.524907e+001
    endloop
  endfacet
  facet normal -9.569396e-001  0.000000e+000  2.902869e-001
    outer loop
      vertex -3.769619e+001 -2.129140e+001  4.524907e+001
      vertex -3.769619e+001 -2.160576e+001  4.524907e+001
      vertex -3.758238e+001 -2.160576e+001  4.562425e+001
    endloop
  endfacet
  facet normal -9.569396e-001  0.000000e+000  2.902869e-001
    outer loop
      vertex -3.769619e+001 -2.129140e+001  4.524907e+001
      vertex -3.758238e+001 -2.160576e+001  4.562425e+001
      vertex -3.758238e+001 -2.129140e+001  4.562425e+001
    endloop
  endfacet
  facet normal -9.951848e-001  0.000000e+000  9.801623e-002
    outer loop
      vertex -3.758238e+001 -2.129140e+001  4.562425e+001
      vertex -3.758238e+001 -2.160576e+001  4.562425e+001
      vertex -3.754395e+001 -2.160576e+001  4.601443e+001
    endloop
  endfacet
  facet normal -9.951848e-001  0.000000e+000  9.801623e-002
    outer loop
      vertex -3.758238e+001 -2.129140e+001  4.562425e+001
      vertex -3.754395e+001 -2.160576e+001  4.601443e+001
      vertex -3.754395e+001 -2.129140e+001  4.601443e+001
    endloop
  endfacet
  facet normal -9.801623e-002  0.000000e+000  9.951848e-001
    outer loop
      vertex -3.915377e+001 -2.160576e+001  4.405286e+001
      vertex -3.954395e+001 -2.129140e+001  4.401443e+001
      vertex -3.954395e+001 -2.160576e+001  4.401443e+001
    endloop
  endfacet
  facet normal  9.801623e-002  -0.000000e+000  9.951848e-001
    outer loop
      vertex -3.954395e+001 -2.160576e+001  4.401443e+001
      vertex -3.954395e+001 -2.129140e+001  4.401443e+001
      vertex -3.993413e+001 -2.129140e+001  4.405286e+001
    endloop
  endfacet
  facet normal  9.801623e-002  0.000000e+000  9.951848e-001
    outer loop
      vertex -3.954395e+001 -2.160576e+001  4.401443e+001
      vertex -3.993413e+001 -2.129140e+001  4.405286e+001
      vertex -3.993413e+001 -2.160576e+001  4.405286e+001
    endloop
  endfacet
  facet normal  2.902869e-001  -0.000000e+000  9.569396e-001
    outer loop
      vertex -3.993413e+001 -2.160576e+001  4.405286e+001
      vertex -3.993413e+001 -2.129140e+001  4.405286e+001
      vertex -4.030931e+001 -2.129140e+001  4.416668e+001
    endloop
  endfacet
  facet normal  2.902869e-001  0.000000e+000  9.569396e-001
    outer loop
      vertex -3.993413e+001 -2.160576e+001  4.405286e+001
      vertex -4.030931e+001 -2.129140e+001  4.416668e+001
      vertex -4.030931e+001 -2.160576e+001  4.416668e+001
    endloop
  endfacet
  facet normal  4.713915e-001  -0.000000e+000  8.819240e-001
    outer loop
      vertex -4.030931e+001 -2.160576e+001  4.416668e+001
      vertex -4.030931e+001 -2.129140e+001  4.416668e+001
      vertex -4.065509e+001 -2.129140e+001  4.435149e+001
    endloop
  endfacet
  facet normal  4.713915e-001  0.000000e+000  8.819240e-001
    outer loop
      vertex -4.030931e+001 -2.160576e+001  4.416668e+001
      vertex -4.065509e+001 -2.129140e+001  4.435149e+001
      vertex -4.065509e+001 -2.160576e+001  4.435149e+001
    endloop
  endfacet
  facet normal  6.343927e-001  -0.000000e+000  7.730110e-001
    outer loop
      vertex -4.065509e+001 -2.160576e+001  4.435149e+001
      vertex -4.065509e+001 -2.129140e+001  4.435149e+001
      vertex -4.095816e+001 -2.129140e+001  4.460022e+001
    endloop
  endfacet
  facet normal  6.343927e-001  0.000000e+000  7.730110e-001
    outer loop
      vertex -4.065509e+001 -2.160576e+001  4.435149e+001
      vertex -4.095816e+001 -2.129140e+001  4.460022e+001
      vertex -4.095816e+001 -2.160576e+001  4.460022e+001
    endloop
  endfacet
  facet normal  7.730110e-001  -0.000000e+000  6.343927e-001
    outer loop
      vertex -4.095816e+001 -2.160576e+001  4.460022e+001
      vertex -4.095816e+001 -2.129140e+001  4.460022e+001
      vertex -4.120689e+001 -2.129140e+001  4.490329e+001
    endloop
  endfacet
  facet normal  7.730110e-001  0.000000e+000  6.343927e-001
    outer loop
      vertex -4.095816e+001 -2.160576e+001  4.460022e+001
      vertex -4.120689e+001 -2.129140e+001  4.490329e+001
      vertex -4.120689e+001 -2.160576e+001  4.490329e+001
    endloop
  endfacet
  facet normal  8.819240e-001  -0.000000e+000  4.713915e-001
    outer loop
      vertex -4.120689e+001 -2.160576e+001  4.490329e+001
      vertex -4.120689e+001 -2.129140e+001  4.490329e+001
      vertex -4.139171e+001 -2.129140e+001  4.524907e+001
    endloop
  endfacet
  facet normal  8.819240e-001  0.000000e+000  4.713915e-001
    outer loop
      vertex -4.120689e+001 -2.160576e+001  4.490329e+001
      vertex -4.139171e+001 -2.129140e+001  4.524907e+001
      vertex -4.139171e+001 -2.160576e+001  4.524907e+001
    endloop
  endfacet
  facet normal  9.569396e-001  -0.000000e+000  2.902869e-001
    outer loop
      vertex -4.139171e+001 -2.160576e+001  4.524907e+001
      vertex -4.139171e+001 -2.129140e+001  4.524907e+001
      vertex -4.150552e+001 -2.129140e+001  4.562425e+001
    endloop
  endfacet
  facet normal  9.569396e-001  0.000000e+000  2.902869e-001
    outer loop
      vertex -4.139171e+001 -2.160576e+001  4.524907e+001
      vertex -4.150552e+001 -2.129140e+001  4.562425e+001
      vertex -4.150552e+001 -2.160576e+001  4.562425e+001
    endloop
  endfacet
  facet normal  9.951848e-001  -0.000000e+000  9.801623e-002
    outer loop
      vertex -4.150552e+001 -2.160576e+001  4.562425e+001
      vertex -4.150552e+001 -2.129140e+001  4.562425e+001
      vertex -4.154395e+001 -2.129140e+001  4.601443e+001
    endloop
  endfacet
  facet normal  9.951848e-001  0.000000e+000  9.801623e-002
    outer loop
      vertex -4.150552e+001 -2.160576e+001  4.562425e+001
      vertex -4.154395e+001 -2.129140e+001  4.601443e+001
      vertex -4.154395e+001 -2.160576e+001  4.601443e+001
    endloop
  endfacet
  facet normal  0.000000e+000  9.999999e-001  0.000000e+000
    outer loop
      vertex -3.915377e+001 -2.230576e+001  4.797601e+001
      vertex -3.993413e+001 -2.230576e+001  4.797601e+001
      vertex -3.954395e+001 -2.230576e+001  4.801443e+001
    endloop
  endfacet
  facet normal  0.000000e+000  1.000000e+000  0.000000e+000
    outer loop
      vertex -3.993413e+001 -2.230576e+001  4.797601e+001
      vertex -3.915377e+001 -2.230576e+001  4.797601e+001
      vertex -4.030931e+001 -2.230576e+001  4.786219e+001
    endloop
  endfacet
  facet normal  0.000000e+000  1.000000e+000  0.000000e+000
    outer loop
      vertex -4.030931e+001 -2.230576e+001  4.786219e+001
      vertex -3.915377e+001 -2.230576e+001  4.797601e+001
      vertex -3.877858e+001 -2.230576e+001  4.786219e+001
    endloop
  endfacet
  facet normal  0.000000e+000  1.000000e+000  0.000000e+000
    outer loop
      vertex -4.030931e+001 -2.230576e+001  4.786219e+001
      vertex -3.877858e+001 -2.230576e+001  4.786219e+001
      vertex -4.065509e+001 -2.230576e+001  4.767738e+001
    endloop
  endfacet
  facet normal  0.000000e+000  1.000000e+000  0.000000e+000
    outer loop
      vertex -4.065509e+001 -2.230576e+001  4.767738e+001
      vertex -3.877858e+001 -2.230576e+001  4.786219e+001
      vertex -3.843281e+001 -2.230576e+001  4.767738e+001
    endloop
  endfacet
  facet normal  0.000000e+000  1.000000e+000  0.000000e+000
    outer loop
      vertex -4.065509e+001 -2.230576e+001  4.767738e+001
      vertex -3.843281e+001 -2.230576e+001  4.767738e+001
      vertex -4.095816e+001 -2.230576e+001  4.742865e+001
    endloop
  endfacet
  facet normal  0.000000e+000  1.000000e+000  0.000000e+000
    outer loop
      vertex -4.095816e+001 -2.230576e+001  4.742865e+001
      vertex -3.843281e+001 -2.230576e+001  4.767738e+001
      vertex -3.812973e+001 -2.230576e+001  4.742865e+001
    endloop
  endfacet
  facet normal  0.000000e+000  1.000000e+000  0.000000e+000
    outer loop
      vertex -4.095816e+001 -2.230576e+001  4.742865e+001
      vertex -3.812973e+001 -2.230576e+001  4.742865e+001
      vertex -4.120689e+001 -2.230576e+001  4.712558e+001
    endloop
  endfacet
  facet normal  0.000000e+000  1.000000e+000  0.000000e+000
    outer loop
      vertex -4.120689e+001 -2.230576e+001  4.712558e+001
      vertex -3.812973e+001 -2.230576e+001  4.742865e+001
      vertex -3.788101e+001 -2.230576e+001  4.712558e+001
    endloop
  endfacet
  facet normal  0.000000e+000  1.000000e+000  0.000000e+000
    outer loop
      vertex -4.120689e+001 -2.230576e+001  4.712558e+001
      vertex -3.788101e+001 -2.230576e+001  4.712558e+001
      vertex -4.139171e+001 -2.230576e+001  4.677980e+001
    endloop
  endfacet
  facet normal  0.000000e+000  1.000000e+000  0.000000e+000
    outer loop
      vertex -4.139171e+001 -2.230576e+001  4.677980e+001
      vertex -3.788101e+001 -2.230576e+001  4.712558e+001
      vertex -3.769619e+001 -2.230576e+001  4.677980e+001
    endloop
  endfacet
  facet normal  0.000000e+000  1.000000e+000  0.000000e+000
    outer loop
      vertex -4.139171e+001 -2.230576e+001  4.677980e+001
      vertex -3.769619e+001 -2.230576e+001  4.677980e+001
      vertex -4.150552e+001 -2.230576e+001  4.640462e+001
    endloop
  endfacet
  facet normal  0.000000e+000  9.999999e-001  0.000000e+000
    outer loop
      vertex -4.150552e+001 -2.230576e+001  4.640462e+001
      vertex -3.769619e+001 -2.230576e+001  4.677980e+001
      vertex -3.758238e+001 -2.230576e+001  4.640462e+001
    endloop
  endfacet
  facet normal  0.000000e+000  1.000000e+000  0.000000e+000
    outer loop
      vertex -4.150552e+001 -2.230576e+001  4.640462e+001
      vertex -3.758238e+001 -2.230576e+001  4.640462e+001
      vertex -4.154395e+001 -2.230576e+001  4.601443e+001
    endloop
  endfacet
  facet normal  0.000000e+000  1.000000e+000  0.000000e+000
    outer loop
      vertex -4.154395e+001 -2.230576e+001  4.601443e+001
      vertex -3.758238e+001 -2.230576e+001  4.640462e+001
      vertex -3.754395e+001 -2.230576e+001  4.601443e+001
    endloop
  endfacet
  facet normal  0.000000e+000  1.000000e+000  0.000000e+000
    outer loop
      vertex -4.154395e+001 -2.230576e+001  4.601443e+001
      vertex -3.754395e+001 -2.230576e+001  4.601443e+001
      vertex -4.150552e+001 -2.230576e+001  4.562425e+001
    endloop
  endfacet
  facet normal  0.000000e+000  1.000000e+000  0.000000e+000
    outer loop
      vertex -4.150552e+001 -2.230576e+001  4.562425e+001
      vertex -3.754395e+001 -2.230576e+001  4.601443e+001
      vertex -3.758238e+001 -2.230576e+001  4.562425e+001
    endloop
  endfacet
  facet normal  0.000000e+000  9.999999e-001  0.000000e+000
    outer loop
      vertex -4.150552e+001 -2.230576e+001  4.562425e+001
      vertex -3.758238e+001 -2.230576e+001  4.562425e+001
      vertex -4.139171e+001 -2.230576e+001  4.524907e+001
    endloop
  endfacet
  facet normal  0.000000e+000  1.000000e+000  0.000000e+000
    outer loop
      vertex -4.139171e+001 -2.230576e+001  4.524907e+001
      vertex -3.758238e+001 -2.230576e+001  4.562425e+001
      vertex -3.769619e+001 -2.230576e+001  4.524907e+001
    endloop
  endfacet
  facet normal  0.000000e+000  1.000000e+000  0.000000e+000
    outer loop
      vertex -4.139171e+001 -2.230576e+001  4.524907e+001
      vertex -3.769619e+001 -2.230576e+001  4.524907e+001
      vertex -4.120689e+001 -2.230576e+001  4.490329e+001
    endloop
  endfacet
  facet normal  0.000000e+000  1.000000e+000  0.000000e+000
    outer loop
      vertex -4.120689e+001 -2.230576e+001  4.490329e+001
      vertex -3.769619e+001 -2.230576e+001  4.524907e+001
      vertex -3.788101e+001 -2.230576e+001  4.490329e+001
    endloop
  endfacet
  facet normal  0.000000e+000  1.000000e+000  0.000000e+000
    outer loop
      vertex -4.120689e+001 -2.230576e+001  4.490329e+001
      vertex -3.788101e+001 -2.230576e+001  4.490329e+001
      vertex -4.095816e+001 -2.230576e+001  4.460022e+001
    endloop
  endfacet
  facet normal  0.000000e+000  1.000000e+000  0.000000e+000
    outer loop
      vertex -4.095816e+001 -2.230576e+001  4.460022e+001
      vertex -3.788101e+001 -2.230576e+001  4.490329e+001
      vertex -3.812973e+001 -2.230576e+001  4.460022e+001
    endloop
  endfacet
  facet normal  0.000000e+000  1.000000e+000  0.000000e+000
    outer loop
      vertex -4.095816e+001 -2.230576e+001  4.460022e+001
      vertex -3.812973e+001 -2.230576e+001  4.460022e+001
      vertex -4.065509e+001 -2.230576e+001  4.435149e+001
    endloop
  endfacet
  facet normal  0.000000e+000  1.000000e+000  0.000000e+000
    outer loop
      vertex -4.065509e+001 -2.230576e+001  4.435149e+001
      vertex -3.812973e+001 -2.230576e+001  4.460022e+001
      vertex -3.843281e+001 -2.230576e+001  4.435149e+001
    endloop
  endfacet
  facet normal  0.000000e+000  1.000000e+000  0.000000e+000
    outer loop
      vertex -4.065509e+001 -2.230576e+001  4.435149e+001
      vertex -3.843281e+001 -2.230576e+001  4.435149e+001
      vertex -4.030931e+001 -2.230576e+001  4.416668e+001
    endloop
  endfacet
  facet normal  0.000000e+000  1.000000e+000  0.000000e+000
    outer loop
      vertex -4.030931e+001 -2.230576e+001  4.416668e+001
      vertex -3.843281e+001 -2.230576e+001  4.435149e+001
      vertex -3.877858e+001 -2.230576e+001  4.416668e+001
    endloop
  endfacet
  facet normal  0.000000e+000  1.000000e+000  0.000000e+000
    outer loop
      vertex -4.030931e+001 -2.230576e+001  4.416668e+001
      vertex -3.877858e+001 -2.230576e+001  4.416668e+001
      vertex -3.993413e+001 -2.230576e+001  4.405286e+001
    endloop
  endfacet
  facet normal  0.000000e+000  1.000000e+000  0.000000e+000
    outer loop
      vertex -3.993413e+001 -2.230576e+001  4.405286e+001
      vertex -3.877858e+001 -2.230576e+001  4.416668e+001
      vertex -3.915377e+001 -2.230576e+001  4.405286e+001
    endloop
  endfacet
  facet normal  0.000000e+000  9.999999e-001  0.000000e+000
    outer loop
      vertex -3.993413e+001 -2.230576e+001  4.405286e+001
      vertex -3.915377e+001 -2.230576e+001  4.405286e+001
      vertex -3.954395e+001 -2.230576e+001  4.401443e+001
    endloop
  endfacet
  facet normal  0.000000e+000 -1.000000e+000  0.000000e+000
    outer loop
      vertex -3.931596e+001 -2.310576e+001  4.876583e+001
      vertex -3.977194e+001 -2.310576e+001  4.876583e+001
      vertex -3.886621e+001 -2.310576e+001  4.869078e+001
    endloop
  endfacet
  facet normal  0.000000e+000 -1.000000e+000  0.000000e+000
    outer loop
      vertex -3.886621e+001 -2.310576e+001  4.869078e+001
      vertex -3.977194e+001 -2.310576e+001  4.876583e+001
      vertex -4.022169e+001 -2.310576e+001  4.869078e+001
    endloop
  endfacet
  facet normal  0.000000e+000 -9.999999e-001  0.000000e+000
    outer loop
      vertex -3.886621e+001 -2.310576e+001  4.869078e+001
      vertex -4.022169e+001 -2.310576e+001  4.869078e+001
      vertex -3.843494e+001 -2.310576e+001  4.854273e+001
    endloop
  endfacet
  facet normal  0.000000e+000 -1.000000e+000  0.000000e+000
    outer loop
      vertex -3.843494e+001 -2.310576e+001  4.854273e+001
      vertex -4.022169e+001 -2.310576e+001  4.869078e+001
      vertex -4.065296e+001 -2.310576e+001  4.854273e+001
    endloop
  endfacet
  facet normal  0.000000e+000 -1.000000e+000  0.000000e+000
    outer loop
      vertex -3.843494e+001 -2.310576e+001  4.854273e+001
      vertex -4.065296e+001 -2.310576e+001  4.854273e+001
      vertex -3.803392e+001 -2.310576e+001  4.832571e+001
    endloop
  endfacet
  facet normal  0.000000e+000 -1.000000e+000  0.000000e+000
    outer loop
      vertex -3.803392e+001 -2.310576e+001  4.832571e+001
      vertex -4.065296e+001 -2.310576e+001  4.854273e+001
      vertex -4.105398e+001 -2.310576e+001  4.832571e+001
    endloop
  endfacet
  facet normal  0.000000e+000 -9.999999e-001  0.000000e+000
    outer loop
      vertex -3.803392e+001 -2.310576e+001  4.832571e+001
      vertex -4.105398e+001 -2.310576e+001  4.832571e+001
      vertex -3.767409e+001 -2.310576e+001  4.804564e+001
    endloop
  endfacet
  facet normal  0.000000e+000 -1.000000e+000  0.000000e+000
    outer loop
      vertex -3.767409e+001 -2.310576e+001  4.804564e+001
      vertex -4.105398e+001 -2.310576e+001  4.832571e+001
      vertex -4.141381e+001 -2.310576e+001  4.804564e+001
    endloop
  endfacet
  facet normal  0.000000e+000 -1.000000e+000  0.000000e+000
    outer loop
      vertex -3.767409e+001 -2.310576e+001  4.804564e+001
      vertex -4.141381e+001 -2.310576e+001  4.804564e+001
      vertex -3.736527e+001 -2.310576e+001  4.771017e+001
    endloop
  endfacet
  facet normal  0.000000e+000 -1.000000e+000  0.000000e+000
    outer loop
      vertex -3.736527e+001 -2.310576e+001  4.771017e+001
      vertex -4.141381e+001 -2.310576e+001  4.804564e+001
      vertex -4.172263e+001 -2.310576e+001  4.771017e+001
    endloop
  endfacet
  facet normal  0.000000e+000 -1.000000e+000  0.000000e+000
    outer loop
      vertex -3.736527e+001 -2.310576e+001  4.771017e+001
      vertex -4.172263e+001 -2.310576e+001  4.771017e+001
      vertex -3.711588e+001 -2.310576e+001  4.732844e+001
    endloop
  endfacet
  facet normal  0.000000e+000 -1.000000e+000  0.000000e+000
    outer loop
      vertex -3.711588e+001 -2.310576e+001  4.732844e+001
      vertex -4.172263e+001 -2.310576e+001  4.771017e+001
      vertex -4.197202e+001 -2.310576e+001  4.732844e+001
    endloop
  endfacet
  facet normal  0.000000e+000 -1.000000e+000  0.000000e+000
    outer loop
      vertex -3.711588e+001 -2.310576e+001  4.732844e+001
      vertex -4.197202e+001 -2.310576e+001  4.732844e+001
      vertex -3.693271e+001 -2.310576e+001  4.691087e+001
    endloop
  endfacet
  facet normal  0.000000e+000 -1.000000e+000  0.000000e+000
    outer loop
      vertex -3.693271e+001 -2.310576e+001  4.691087e+001
      vertex -4.197202e+001 -2.310576e+001  4.732844e+001
      vertex -4.215519e+001 -2.310576e+001  4.691087e+001
    endloop
  endfacet
  facet normal  0.000000e+000 -1.000000e+000  0.000000e+000
    outer loop
      vertex -3.693271e+001 -2.310576e+001  4.691087e+001
      vertex -4.215519e+001 -2.310576e+001  4.691087e+001
      vertex -3.682078e+001 -2.310576e+001  4.646885e+001
    endloop
  endfacet
  facet normal  0.000000e+000 -1.000000e+000  0.000000e+000
    outer loop
      vertex -3.682078e+001 -2.310576e+001  4.646885e+001
      vertex -4.215519e+001 -2.310576e+001  4.691087e+001
      vertex -4.226712e+001 -2.310576e+001  4.646885e+001
    endloop
  endfacet
  facet normal  0.000000e+000 -1.000000e+000  0.000000e+000
    outer loop
      vertex -3.682078e+001 -2.310576e+001  4.646885e+001
      vertex -4.226712e+001 -2.310576e+001  4.646885e+001
      vertex -3.678312e+001 -2.310576e+001  4.601443e+001
    endloop
  endfacet
  facet normal  0.000000e+000 -1.000000e+000  0.000000e+000
    outer loop
      vertex -3.678312e+001 -2.310576e+001  4.601443e+001
      vertex -4.226712e+001 -2.310576e+001  4.646885e+001
      vertex -4.230478e+001 -2.310576e+001  4.601443e+001
    endloop
  endfacet
  facet normal  0.000000e+000 -1.000000e+000  0.000000e+000
    outer loop
      vertex -3.678312e+001 -2.310576e+001  4.601443e+001
      vertex -4.230478e+001 -2.310576e+001  4.601443e+001
      vertex -3.682078e+001 -2.310576e+001  4.556002e+001
    endloop
  endfacet
  facet normal  0.000000e+000 -1.000000e+000  0.000000e+000
    outer loop
      vertex -3.682078e+001 -2.310576e+001  4.556002e+001
      vertex -4.230478e+001 -2.310576e+001  4.601443e+001
      vertex -4.226712e+001 -2.310576e+001  4.556002e+001
    endloop
  endfacet
  facet normal  0.000000e+000 -1.000000e+000  0.000000e+000
    outer loop
      vertex -3.682078e+001 -2.310576e+001  4.556002e+001
      vertex -4.226712e+001 -2.310576e+001  4.556002e+001
      vertex -3.693271e+001 -2.310576e+001  4.511800e+001
    endloop
  endfacet
  facet normal  0.000000e+000 -1.000000e+000  0.000000e+000
    outer loop
      vertex -3.693271e+001 -2.310576e+001  4.511800e+001
      vertex -4.226712e+001 -2.310576e+001  4.556002e+001
      vertex -4.215519e+001 -2.310576e+001  4.511800e+001
    endloop
  endfacet
  facet normal  0.000000e+000 -1.000000e+000  0.000000e+000
    outer loop
      vertex -3.693271e+001 -2.310576e+001  4.511800e+001
      vertex -4.215519e+001 -2.310576e+001  4.511800e+001
      vertex -3.711588e+001 -2.310576e+001  4.470043e+001
    endloop
  endfacet
  facet normal  0.000000e+000 -1.000000e+000  0.000000e+000
    outer loop
      vertex -3.711588e+001 -2.310576e+001  4.470043e+001
      vertex -4.215519e+001 -2.310576e+001  4.511800e+001
      vertex -4.197202e+001 -2.310576e+001  4.470043e+001
    endloop
  endfacet
  facet normal  0.000000e+000 -1.000000e+000  0.000000e+000
    outer loop
      vertex -3.711588e+001 -2.310576e+001  4.470043e+001
      vertex -4.197202e+001 -2.310576e+001  4.470043e+001
      vertex -3.736527e+001 -2.310576e+001  4.431870e+001
    endloop
  endfacet
  facet normal  0.000000e+000 -1.000000e+000  0.000000e+000
    outer loop
      vertex -3.736527e+001 -2.310576e+001  4.431870e+001
      vertex -4.197202e+001 -2.310576e+001  4.470043e+001
      vertex -4.172263e+001 -2.310576e+001  4.431870e+001
    endloop
  endfacet
  facet normal  0.000000e+000 -1.000000e+000  0.000000e+000
    outer loop
      vertex -3.736527e+001 -2.310576e+001  4.431870e+001
      vertex -4.172263e+001 -2.310576e+001  4.431870e+001
      vertex -3.767409e+001 -2.310576e+001  4.398323e+001
    endloop
  endfacet
  facet normal  0.000000e+000 -1.000000e+000  0.000000e+000
    outer loop
      vertex -3.767409e+001 -2.310576e+001  4.398323e+001
      vertex -4.172263e+001 -2.310576e+001  4.431870e+001
      vertex -4.141381e+001 -2.310576e+001  4.398323e+001
    endloop
  endfacet
  facet normal  0.000000e+000 -1.000000e+000  0.000000e+000
    outer loop
      vertex -3.767409e+001 -2.310576e+001  4.398323e+001
      vertex -4.141381e+001 -2.310576e+001  4.398323e+001
      vertex -3.803392e+001 -2.310576e+001  4.370316e+001
    endloop
  endfacet
  facet normal  0.000000e+000 -9.999999e-001  0.000000e+000
    outer loop
      vertex -3.803392e+001 -2.310576e+001  4.370316e+001
      vertex -4.141381e+001 -2.310576e+001  4.398323e+001
      vertex -4.105398e+001 -2.310576e+001  4.370316e+001
    endloop
  endfacet
  facet normal  0.000000e+000 -1.000000e+000  0.000000e+000
    outer loop
      vertex -3.803392e+001 -2.310576e+001  4.370316e+001
      vertex -4.105398e+001 -2.310576e+001  4.370316e+001
      vertex -3.843494e+001 -2.310576e+001  4.348614e+001
    endloop
  endfacet
  facet normal  0.000000e+000 -1.000000e+000  0.000000e+000
    outer loop
      vertex -3.843494e+001 -2.310576e+001  4.348614e+001
      vertex -4.105398e+001 -2.310576e+001  4.370316e+001
      vertex -4.065296e+001 -2.310576e+001  4.348614e+001
    endloop
  endfacet
  facet normal  0.000000e+000 -1.000000e+000  0.000000e+000
    outer loop
      vertex -3.843494e+001 -2.310576e+001  4.348614e+001
      vertex -4.065296e+001 -2.310576e+001  4.348614e+001
      vertex -3.886621e+001 -2.310576e+001  4.333809e+001
    endloop
  endfacet
  facet normal  0.000000e+000 -9.999999e-001  0.000000e+000
    outer loop
      vertex -3.886621e+001 -2.310576e+001  4.333809e+001
      vertex -4.065296e+001 -2.310576e+001  4.348614e+001
      vertex -4.022169e+001 -2.310576e+001  4.333809e+001
    endloop
  endfacet
  facet normal  0.000000e+000 -1.000000e+000  0.000000e+000
    outer loop
      vertex -3.886621e+001 -2.310576e+001  4.333809e+001
      vertex -4.022169e+001 -2.310576e+001  4.333809e+001
      vertex -3.931596e+001 -2.310576e+001  4.326304e+001
    endloop
  endfacet
  facet normal  0.000000e+000 -1.000000e+000  0.000000e+000
    outer loop
      vertex -3.931596e+001 -2.310576e+001  4.326304e+001
      vertex -4.022169e+001 -2.310576e+001  4.333809e+001
      vertex -3.977194e+001 -2.310576e+001  4.326304e+001
    endloop
  endfacet
  facet normal  7.062812e-001 -7.062812e-001  4.830952e-002
    outer loop
      vertex -3.528312e+001 -2.160576e+001  4.601443e+001
      vertex -3.532281e+001 -2.160576e+001  4.659462e+001
      vertex -3.678312e+001 -2.310576e+001  4.601443e+001
    endloop
  endfacet
  facet normal  7.039309e-001 -7.078691e-001  5.833048e-002
    outer loop
      vertex -3.532281e+001 -2.160576e+001  4.659462e+001
      vertex -3.682078e+001 -2.310576e+001  4.646885e+001
      vertex -3.678312e+001 -2.310576e+001  4.601443e+001
    endloop
  endfacet
  facet normal -7.039309e-001 -7.078691e-001  5.833048e-002
    outer loop
      vertex -4.226712e+001 -2.310576e+001  4.646885e+001
      vertex -4.376509e+001 -2.160576e+001  4.659462e+001
      vertex -4.230478e+001 -2.310576e+001  4.601443e+001
    endloop
  endfacet
  facet normal -7.062812e-001 -7.062812e-001  4.830952e-002
    outer loop
      vertex -4.376509e+001 -2.160576e+001  4.659462e+001
      vertex -4.380478e+001 -2.160576e+001  4.601443e+001
      vertex -4.230478e+001 -2.310576e+001  4.601443e+001
    endloop
  endfacet
  facet normal  6.941135e-001 -7.052675e-001  1.442367e-001
    outer loop
      vertex -3.532281e+001 -2.160576e+001  4.659462e+001
      vertex -3.544112e+001 -2.160576e+001  4.716399e+001
      vertex -3.682078e+001 -2.310576e+001  4.646885e+001
    endloop
  endfacet
  facet normal  6.684514e-001 -7.047924e-001  2.375719e-001
    outer loop
      vertex -3.544112e+001 -2.160576e+001  4.716399e+001
      vertex -3.563587e+001 -2.160576e+001  4.771195e+001
      vertex -3.693271e+001 -2.310576e+001  4.691087e+001
    endloop
  endfacet
  facet normal  6.836250e-001 -7.090045e-001  1.731172e-001
    outer loop
      vertex -3.682078e+001 -2.310576e+001  4.646885e+001
      vertex -3.544112e+001 -2.160576e+001  4.716399e+001
      vertex -3.693271e+001 -2.310576e+001  4.691087e+001
    endloop
  endfacet
  facet normal  6.298187e-001 -7.048602e-001  3.263443e-001
    outer loop
      vertex -3.563587e+001 -2.160576e+001  4.771195e+001
      vertex -3.590342e+001 -2.160576e+001  4.822829e+001
      vertex -3.711588e+001 -2.310576e+001  4.732844e+001
    endloop
  endfacet
  facet normal  6.455231e-001 -7.093124e-001  2.831531e-001
    outer loop
      vertex -3.693271e+001 -2.310576e+001  4.691087e+001
      vertex -3.563587e+001 -2.160576e+001  4.771195e+001
      vertex -3.711588e+001 -2.310576e+001  4.732844e+001
    endloop
  endfacet
  facet normal  5.790199e-001 -7.054701e-001  4.087147e-001
    outer loop
      vertex -3.590342e+001 -2.160576e+001  4.822829e+001
      vertex -3.623878e+001 -2.160576e+001  4.870339e+001
      vertex -3.736527e+001 -2.310576e+001  4.771017e+001
    endloop
  endfacet
  facet normal  5.905488e-001 -7.087979e-001  3.858207e-001
    outer loop
      vertex -3.711588e+001 -2.310576e+001  4.732844e+001
      vertex -3.590342e+001 -2.160576e+001  4.822829e+001
      vertex -3.736527e+001 -2.310576e+001  4.771017e+001
    endloop
  endfacet
  facet normal  4.469597e-001 -7.059769e-001  5.493848e-001
    outer loop
      vertex -3.663571e+001 -2.160576e+001  4.912840e+001
      vertex -3.708681e+001 -2.160576e+001  4.949540e+001
      vertex -3.767409e+001 -2.310576e+001  4.804564e+001
    endloop
  endfacet
  facet normal  5.207058e-001 -7.064682e-001  4.793415e-001
    outer loop
      vertex -3.736527e+001 -2.310576e+001  4.771017e+001
      vertex -3.663571e+001 -2.160576e+001  4.912840e+001
      vertex -3.767409e+001 -2.310576e+001  4.804564e+001
    endloop
  endfacet
  facet normal  5.165700e-001 -7.073910e-001  4.824451e-001
    outer loop
      vertex -3.623878e+001 -2.160576e+001  4.870339e+001
      vertex -3.663571e+001 -2.160576e+001  4.912840e+001
      vertex -3.736527e+001 -2.310576e+001  4.771017e+001
    endloop
  endfacet
  facet normal  3.684435e-001 -7.050978e-001  6.058766e-001
    outer loop
      vertex -3.708681e+001 -2.160576e+001  4.949540e+001
      vertex -3.758369e+001 -2.160576e+001  4.979756e+001
      vertex -3.803392e+001 -2.310576e+001  4.832571e+001
    endloop
  endfacet
  facet normal  4.336202e-001 -7.082306e-001  5.571203e-001
    outer loop
      vertex -3.767409e+001 -2.310576e+001  4.804564e+001
      vertex -3.708681e+001 -2.160576e+001  4.949540e+001
      vertex -3.803392e+001 -2.310576e+001  4.832571e+001
    endloop
  endfacet
  facet normal  2.826447e-001 -7.047580e-001  6.507135e-001
    outer loop
      vertex -3.758369e+001 -2.160576e+001  4.979756e+001
      vertex -3.811708e+001 -2.160576e+001  5.002925e+001
      vertex -3.843494e+001 -2.310576e+001  4.854273e+001
    endloop
  endfacet
  facet normal  3.355697e-001 -7.091582e-001  6.200705e-001
    outer loop
      vertex -3.803392e+001 -2.310576e+001  4.832571e+001
      vertex -3.758369e+001 -2.160576e+001  4.979756e+001
      vertex -3.843494e+001 -2.310576e+001  4.854273e+001
    endloop
  endfacet
  facet normal  1.913488e-001 -7.049620e-001  6.829451e-001
    outer loop
      vertex -3.811708e+001 -2.160576e+001  5.002925e+001
      vertex -3.867706e+001 -2.160576e+001  5.018614e+001
      vertex -3.886621e+001 -2.310576e+001  4.869078e+001
    endloop
  endfacet
  facet normal  2.288911e-001 -7.092612e-001  6.667513e-001
    outer loop
      vertex -3.843494e+001 -2.310576e+001  4.854273e+001
      vertex -3.811708e+001 -2.160576e+001  5.002925e+001
      vertex -3.886621e+001 -2.310576e+001  4.869078e+001
    endloop
  endfacet
  facet normal  9.647376e-002 -7.057070e-001  7.019050e-001
    outer loop
      vertex -3.867706e+001 -2.160576e+001  5.018614e+001
      vertex -3.925318e+001 -2.160576e+001  5.026533e+001
      vertex -3.931596e+001 -2.310576e+001  4.876583e+001
    endloop
  endfacet
  facet normal  1.161494e-001 -7.085400e-001  6.960462e-001
    outer loop
      vertex -3.886621e+001 -2.310576e+001  4.869078e+001
      vertex -3.867706e+001 -2.160576e+001  5.018614e+001
      vertex -3.931596e+001 -2.310576e+001  4.876583e+001
    endloop
  endfacet
  facet normal -9.647376e-002 -7.057070e-001  7.019050e-001
    outer loop
      vertex -3.983472e+001 -2.160576e+001  5.026533e+001
      vertex -4.041084e+001 -2.160576e+001  5.018614e+001
      vertex -3.977194e+001 -2.310576e+001  4.876583e+001
    endloop
  endfacet
  facet normal  0.000000e+000 -7.069880e-001  7.072254e-001
    outer loop
      vertex -3.931596e+001 -2.310576e+001  4.876583e+001
      vertex -3.983472e+001 -2.160576e+001  5.026533e+001
      vertex -3.977194e+001 -2.310576e+001  4.876583e+001
    endloop
  endfacet
  facet normal  0.000000e+000 -7.069880e-001  7.072254e-001
    outer loop
      vertex -3.925318e+001 -2.160576e+001  5.026533e+001
      vertex -3.983472e+001 -2.160576e+001  5.026533e+001
      vertex -3.931596e+001 -2.310576e+001  4.876583e+001
    endloop
  endfacet
  facet normal -1.913488e-001 -7.049621e-001  6.829453e-001
    outer loop
      vertex -4.041084e+001 -2.160576e+001  5.018614e+001
      vertex -4.097081e+001 -2.160576e+001  5.002925e+001
      vertex -4.022169e+001 -2.310576e+001  4.869078e+001
    endloop
  endfacet
  facet normal -1.161494e-001 -7.085400e-001  6.960462e-001
    outer loop
      vertex -3.977194e+001 -2.310576e+001  4.876583e+001
      vertex -4.041084e+001 -2.160576e+001  5.018614e+001
      vertex -4.022169e+001 -2.310576e+001  4.869078e+001
    endloop
  endfacet
  facet normal -2.826447e-001 -7.047580e-001  6.507134e-001
    outer loop
      vertex -4.097081e+001 -2.160576e+001  5.002925e+001
      vertex -4.150421e+001 -2.160576e+001  4.979756e+001
      vertex -4.065296e+001 -2.310576e+001  4.854273e+001
    endloop
  endfacet
  facet normal -2.288911e-001 -7.092612e-001  6.667513e-001
    outer loop
      vertex -4.022169e+001 -2.310576e+001  4.869078e+001
      vertex -4.097081e+001 -2.160576e+001  5.002925e+001
      vertex -4.065296e+001 -2.310576e+001  4.854273e+001
    endloop
  endfacet
  facet normal -3.684435e-001 -7.050978e-001  6.058766e-001
    outer loop
      vertex -4.150421e+001 -2.160576e+001  4.979756e+001
      vertex -4.200108e+001 -2.160576e+001  4.949540e+001
      vertex -4.105398e+001 -2.310576e+001  4.832571e+001
    endloop
  endfacet
  facet normal -3.355697e-001 -7.091582e-001  6.200705e-001
    outer loop
      vertex -4.065296e+001 -2.310576e+001  4.854273e+001
      vertex -4.150421e+001 -2.160576e+001  4.979756e+001
      vertex -4.105398e+001 -2.310576e+001  4.832571e+001
    endloop
  endfacet
  facet normal -4.469597e-001 -7.059768e-001  5.493848e-001
    outer loop
      vertex -4.200108e+001 -2.160576e+001  4.949540e+001
      vertex -4.245219e+001 -2.160576e+001  4.912840e+001
      vertex -4.141381e+001 -2.310576e+001  4.804564e+001
    endloop
  endfacet
  facet normal -4.336202e-001 -7.082306e-001  5.571203e-001
    outer loop
      vertex -4.105398e+001 -2.310576e+001  4.832571e+001
      vertex -4.200108e+001 -2.160576e+001  4.949540e+001
      vertex -4.141381e+001 -2.310576e+001  4.804564e+001
    endloop
  endfacet
  facet normal -5.790199e-001 -7.054701e-001  4.087147e-001
    outer loop
      vertex -4.284912e+001 -2.160576e+001  4.870339e+001
      vertex -4.318448e+001 -2.160576e+001  4.822829e+001
      vertex -4.172263e+001 -2.310576e+001  4.771017e+001
    endloop
  endfacet
  facet normal -5.199802e-001 -7.074547e-001  4.786736e-001
    outer loop
      vertex -4.141381e+001 -2.310576e+001  4.804564e+001
      vertex -4.284912e+001 -2.160576e+001  4.870339e+001
      vertex -4.172263e+001 -2.310576e+001  4.771017e+001
    endloop
  endfacet
  facet normal -5.171351e-001 -7.066176e-001  4.829729e-001
    outer loop
      vertex -4.245219e+001 -2.160576e+001  4.912840e+001
      vertex -4.284912e+001 -2.160576e+001  4.870339e+001
      vertex -4.141381e+001 -2.310576e+001  4.804564e+001
    endloop
  endfacet
  facet normal -6.298187e-001 -7.048602e-001  3.263443e-001
    outer loop
      vertex -4.318448e+001 -2.160576e+001  4.822829e+001
      vertex -4.345203e+001 -2.160576e+001  4.771195e+001
      vertex -4.197202e+001 -2.310576e+001  4.732844e+001
    endloop
  endfacet
  facet normal -5.905488e-001 -7.087979e-001  3.858207e-001
    outer loop
      vertex -4.172263e+001 -2.310576e+001  4.771017e+001
      vertex -4.318448e+001 -2.160576e+001  4.822829e+001
      vertex -4.197202e+001 -2.310576e+001  4.732844e+001
    endloop
  endfacet
  facet normal -6.684514e-001 -7.047924e-001  2.375719e-001
    outer loop
      vertex -4.345203e+001 -2.160576e+001  4.771195e+001
      vertex -4.364677e+001 -2.160576e+001  4.716399e+001
      vertex -4.215519e+001 -2.310576e+001  4.691087e+001
    endloop
  endfacet
  facet normal -6.455231e-001 -7.093124e-001  2.831531e-001
    outer loop
      vertex -4.197202e+001 -2.310576e+001  4.732844e+001
      vertex -4.345203e+001 -2.160576e+001  4.771195e+001
      vertex -4.215519e+001 -2.310576e+001  4.691087e+001
    endloop
  endfacet
  facet normal -6.941135e-001 -7.052675e-001  1.442367e-001
    outer loop
      vertex -4.364677e+001 -2.160576e+001  4.716399e+001
      vertex -4.376509e+001 -2.160576e+001  4.659462e+001
      vertex -4.226712e+001 -2.310576e+001  4.646885e+001
    endloop
  endfacet
  facet normal -6.836250e-001 -7.090045e-001  1.731172e-001
    outer loop
      vertex -4.215519e+001 -2.310576e+001  4.691087e+001
      vertex -4.364677e+001 -2.160576e+001  4.716399e+001
      vertex -4.226712e+001 -2.310576e+001  4.646885e+001
    endloop
  endfacet
  facet normal -7.062812e-001 -7.062812e-001 -4.830952e-002
    outer loop
      vertex -4.380478e+001 -2.160576e+001  4.601443e+001
      vertex -4.376509e+001 -2.160576e+001  4.543425e+001
      vertex -4.230478e+001 -2.310576e+001  4.601443e+001
    endloop
  endfacet
  facet normal -7.039309e-001 -7.078691e-001 -5.833048e-002
    outer loop
      vertex -4.376509e+001 -2.160576e+001  4.543425e+001
      vertex -4.226712e+001 -2.310576e+001  4.556002e+001
      vertex -4.230478e+001 -2.310576e+001  4.601443e+001
    endloop
  endfacet
  facet normal  7.039309e-001 -7.078691e-001 -5.833048e-002
    outer loop
      vertex -3.682078e+001 -2.310576e+001  4.556002e+001
      vertex -3.532281e+001 -2.160576e+001  4.543425e+001
      vertex -3.678312e+001 -2.310576e+001  4.601443e+001
    endloop
  endfacet
  facet normal  7.062812e-001 -7.062812e-001 -4.830952e-002
    outer loop
      vertex -3.532281e+001 -2.160576e+001  4.543425e+001
      vertex -3.528312e+001 -2.160576e+001  4.601443e+001
      vertex -3.678312e+001 -2.310576e+001  4.601443e+001
    endloop
  endfacet
  facet normal -6.941135e-001 -7.052675e-001 -1.442367e-001
    outer loop
      vertex -4.376509e+001 -2.160576e+001  4.543425e+001
      vertex -4.364677e+001 -2.160576e+001  4.486488e+001
      vertex -4.226712e+001 -2.310576e+001  4.556002e+001
    endloop
  endfacet
  facet normal -6.684514e-001 -7.047924e-001 -2.375719e-001
    outer loop
      vertex -4.364677e+001 -2.160576e+001  4.486488e+001
      vertex -4.345203e+001 -2.160576e+001  4.431692e+001
      vertex -4.215519e+001 -2.310576e+001  4.511800e+001
    endloop
  endfacet
  facet normal -6.836250e-001 -7.090045e-001 -1.731172e-001
    outer loop
      vertex -4.226712e+001 -2.310576e+001  4.556002e+001
      vertex -4.364677e+001 -2.160576e+001  4.486488e+001
      vertex -4.215519e+001 -2.310576e+001  4.511800e+001
    endloop
  endfacet
  facet normal -6.298187e-001 -7.048602e-001 -3.263443e-001
    outer loop
      vertex -4.345203e+001 -2.160576e+001  4.431692e+001
      vertex -4.318448e+001 -2.160576e+001  4.380058e+001
      vertex -4.197202e+001 -2.310576e+001  4.470043e+001
    endloop
  endfacet
  facet normal -6.455231e-001 -7.093124e-001 -2.831531e-001
    outer loop
      vertex -4.215519e+001 -2.310576e+001  4.511800e+001
      vertex -4.345203e+001 -2.160576e+001  4.431692e+001
      vertex -4.197202e+001 -2.310576e+001  4.470043e+001
    endloop
  endfacet
  facet normal -5.790199e-001 -7.054701e-001 -4.087147e-001
    outer loop
      vertex -4.318448e+001 -2.160576e+001  4.380058e+001
      vertex -4.284912e+001 -2.160576e+001  4.332548e+001
      vertex -4.172263e+001 -2.310576e+001  4.431870e+001
    endloop
  endfacet
  facet normal -5.905488e-001 -7.087979e-001 -3.858207e-001
    outer loop
      vertex -4.197202e+001 -2.310576e+001  4.470043e+001
      vertex -4.318448e+001 -2.160576e+001  4.380058e+001
      vertex -4.172263e+001 -2.310576e+001  4.431870e+001
    endloop
  endfacet
  facet normal -4.469597e-001 -7.059769e-001 -5.493848e-001
    outer loop
      vertex -4.245219e+001 -2.160576e+001  4.290047e+001
      vertex -4.200108e+001 -2.160576e+001  4.253347e+001
      vertex -4.141381e+001 -2.310576e+001  4.398323e+001
    endloop
  endfacet
  facet normal -5.207058e-001 -7.064682e-001 -4.793415e-001
    outer loop
      vertex -4.172263e+001 -2.310576e+001  4.431870e+001
      vertex -4.245219e+001 -2.160576e+001  4.290047e+001
      vertex -4.141381e+001 -2.310576e+001  4.398323e+001
    endloop
  endfacet
  facet normal -5.165700e-001 -7.073910e-001 -4.824451e-001
    outer loop
      vertex -4.284912e+001 -2.160576e+001  4.332548e+001
      vertex -4.245219e+001 -2.160576e+001  4.290047e+001
      vertex -4.172263e+001 -2.310576e+001  4.431870e+001
    endloop
  endfacet
  facet normal -3.684435e-001 -7.050978e-001 -6.058766e-001
    outer loop
      vertex -4.200108e+001 -2.160576e+001  4.253347e+001
      vertex -4.150421e+001 -2.160576e+001  4.223131e+001
      vertex -4.105398e+001 -2.310576e+001  4.370316e+001
    endloop
  endfacet
  facet normal -4.336202e-001 -7.082306e-001 -5.571203e-001
    outer loop
      vertex -4.141381e+001 -2.310576e+001  4.398323e+001
      vertex -4.200108e+001 -2.160576e+001  4.253347e+001
      vertex -4.105398e+001 -2.310576e+001  4.370316e+001
    endloop
  endfacet
  facet normal -2.826447e-001 -7.047580e-001 -6.507135e-001
    outer loop
      vertex -4.150421e+001 -2.160576e+001  4.223131e+001
      vertex -4.097081e+001 -2.160576e+001  4.199962e+001
      vertex -4.065296e+001 -2.310576e+001  4.348614e+001
    endloop
  endfacet
  facet normal -3.355697e-001 -7.091582e-001 -6.200705e-001
    outer loop
      vertex -4.105398e+001 -2.310576e+001  4.370316e+001
      vertex -4.150421e+001 -2.160576e+001  4.223131e+001
      vertex -4.065296e+001 -2.310576e+001  4.348614e+001
    endloop
  endfacet
  facet normal -1.913488e-001 -7.049620e-001 -6.829451e-001
    outer loop
      vertex -4.097081e+001 -2.160576e+001  4.199962e+001
      vertex -4.041084e+001 -2.160576e+001  4.184273e+001
      vertex -4.022169e+001 -2.310576e+001  4.333809e+001
    endloop
  endfacet
  facet normal -2.288911e-001 -7.092612e-001 -6.667513e-001
    outer loop
      vertex -4.065296e+001 -2.310576e+001  4.348614e+001
      vertex -4.097081e+001 -2.160576e+001  4.199962e+001
      vertex -4.022169e+001 -2.310576e+001  4.333809e+001
    endloop
  endfacet
  facet normal -9.647376e-002 -7.057070e-001 -7.019050e-001
    outer loop
      vertex -4.041084e+001 -2.160576e+001  4.184273e+001
      vertex -3.983472e+001 -2.160576e+001  4.176354e+001
      vertex -3.977194e+001 -2.310576e+001  4.326304e+001
    endloop
  endfacet
  facet normal -1.161494e-001 -7.085400e-001 -6.960462e-001
    outer loop
      vertex -4.022169e+001 -2.310576e+001  4.333809e+001
      vertex -4.041084e+001 -2.160576e+001  4.184273e+001
      vertex -3.977194e+001 -2.310576e+001  4.326304e+001
    endloop
  endfacet
  facet normal  9.647376e-002 -7.057070e-001 -7.019050e-001
    outer loop
      vertex -3.925318e+001 -2.160576e+001  4.176354e+001
      vertex -3.867706e+001 -2.160576e+001  4.184273e+001
      vertex -3.931596e+001 -2.310576e+001  4.326304e+001
    endloop
  endfacet
  facet normal  0.000000e+000 -7.069880e-001 -7.072254e-001
    outer loop
      vertex -3.977194e+001 -2.310576e+001  4.326304e+001
      vertex -3.925318e+001 -2.160576e+001  4.176354e+001
      vertex -3.931596e+001 -2.310576e+001  4.326304e+001
    endloop
  endfacet
  facet normal  -0.000000e+000 -7.069880e-001 -7.072254e-001
    outer loop
      vertex -3.983472e+001 -2.160576e+001  4.176354e+001
      vertex -3.925318e+001 -2.160576e+001  4.176354e+001
      vertex -3.977194e+001 -2.310576e+001  4.326304e+001
    endloop
  endfacet
  facet normal  1.913488e-001 -7.049621e-001 -6.829453e-001
    outer loop
      vertex -3.867706e+001 -2.160576e+001  4.184273e+001
      vertex -3.811708e+001 -2.160576e+001  4.199962e+001
      vertex -3.886621e+001 -2.310576e+001  4.333809e+001
    endloop
  endfacet
  facet normal  1.161494e-001 -7.085400e-001 -6.960462e-001
    outer loop
      vertex -3.931596e+001 -2.310576e+001  4.326304e+001
      vertex -3.867706e+001 -2.160576e+001  4.184273e+001
      vertex -3.886621e+001 -2.310576e+001  4.333809e+001
    endloop
  endfacet
  facet normal  2.826447e-001 -7.047580e-001 -6.507134e-001
    outer loop
      vertex -3.811708e+001 -2.160576e+001  4.199962e+001
      vertex -3.758369e+001 -2.160576e+001  4.223131e+001
      vertex -3.843494e+001 -2.310576e+001  4.348614e+001
    endloop
  endfacet
  facet normal  2.288911e-001 -7.092612e-001 -6.667513e-001
    outer loop
      vertex -3.886621e+001 -2.310576e+001  4.333809e+001
      vertex -3.811708e+001 -2.160576e+001  4.199962e+001
      vertex -3.843494e+001 -2.310576e+001  4.348614e+001
    endloop
  endfacet
  facet normal  3.684435e-001 -7.050978e-001 -6.058766e-001
    outer loop
      vertex -3.758369e+001 -2.160576e+001  4.223131e+001
      vertex -3.708681e+001 -2.160576e+001  4.253347e+001
      vertex -3.803392e+001 -2.310576e+001  4.370316e+001
    endloop
  endfacet
  facet normal  3.355697e-001 -7.091582e-001 -6.200705e-001
    outer loop
      vertex -3.843494e+001 -2.310576e+001  4.348614e+001
      vertex -3.758369e+001 -2.160576e+001  4.223131e+001
      vertex -3.803392e+001 -2.310576e+001  4.370316e+001
    endloop
  endfacet
  facet normal  4.469597e-001 -7.059768e-001 -5.493848e-001
    outer loop
      vertex -3.708681e+001 -2.160576e+001  4.253347e+001
      vertex -3.663571e+001 -2.160576e+001  4.290047e+001
      vertex -3.767409e+001 -2.310576e+001  4.398323e+001
    endloop
  endfacet
  facet normal  4.336202e-001 -7.082306e-001 -5.571203e-001
    outer loop
      vertex -3.803392e+001 -2.310576e+001  4.370316e+001
      vertex -3.708681e+001 -2.160576e+001  4.253347e+001
      vertex -3.767409e+001 -2.310576e+001  4.398323e+001
    endloop
  endfacet
  facet normal  5.790199e-001 -7.054701e-001 -4.087147e-001
    outer loop
      vertex -3.623878e+001 -2.160576e+001  4.332548e+001
      vertex -3.590342e+001 -2.160576e+001  4.380058e+001
      vertex -3.736527e+001 -2.310576e+001  4.431870e+001
    endloop
  endfacet
  facet normal  5.199802e-001 -7.074547e-001 -4.786736e-001
    outer loop
      vertex -3.767409e+001 -2.310576e+001  4.398323e+001
      vertex -3.623878e+001 -2.160576e+001  4.332548e+001
      vertex -3.736527e+001 -2.310576e+001  4.431870e+001
    endloop
  endfacet
  facet normal  5.171351e-001 -7.066176e-001 -4.829729e-001
    outer loop
      vertex -3.663571e+001 -2.160576e+001  4.290047e+001
      vertex -3.623878e+001 -2.160576e+001  4.332548e+001
      vertex -3.767409e+001 -2.310576e+001  4.398323e+001
    endloop
  endfacet
  facet normal  6.298187e-001 -7.048602e-001 -3.263443e-001
    outer loop
      vertex -3.590342e+001 -2.160576e+001  4.380058e+001
      vertex -3.563587e+001 -2.160576e+001  4.431692e+001
      vertex -3.711588e+001 -2.310576e+001  4.470043e+001
    endloop
  endfacet
  facet normal  5.905488e-001 -7.087979e-001 -3.858207e-001
    outer loop
      vertex -3.736527e+001 -2.310576e+001  4.431870e+001
      vertex -3.590342e+001 -2.160576e+001  4.380058e+001
      vertex -3.711588e+001 -2.310576e+001  4.470043e+001
    endloop
  endfacet
  facet normal  6.684514e-001 -7.047924e-001 -2.375719e-001
    outer loop
      vertex -3.563587e+001 -2.160576e+001  4.431692e+001
      vertex -3.544112e+001 -2.160576e+001  4.486488e+001
      vertex -3.693271e+001 -2.310576e+001  4.511800e+001
    endloop
  endfacet
  facet normal  6.455231e-001 -7.093124e-001 -2.831531e-001
    outer loop
      vertex -3.711588e+001 -2.310576e+001  4.470043e+001
      vertex -3.563587e+001 -2.160576e+001  4.431692e+001
      vertex -3.693271e+001 -2.310576e+001  4.511800e+001
    endloop
  endfacet
  facet normal  6.941135e-001 -7.052675e-001 -1.442367e-001
    outer loop
      vertex -3.544112e+001 -2.160576e+001  4.486488e+001
      vertex -3.532281e+001 -2.160576e+001  4.543425e+001
      vertex -3.682078e+001 -2.310576e+001  4.556002e+001
    endloop
  endfacet
  facet normal  6.836250e-001 -7.090045e-001 -1.731172e-001
    outer loop
      vertex -3.693271e+001 -2.310576e+001  4.511800e+001
      vertex -3.544112e+001 -2.160576e+001  4.486488e+001
      vertex -3.682078e+001 -2.310576e+001  4.556002e+001
    endloop
  endfacet
  facet normal  8.639516e-001  4.988027e-001  6.916436e-002
    outer loop
      vertex -4.154395e+001 -2.129140e+001  4.601443e+001
      vertex -4.230828e+001 -1.990576e+001  4.556895e+001
      vertex -4.234395e+001 -1.990576e+001  4.601443e+001
    endloop
  endfacet
  facet normal  8.606908e-001  5.020213e-001  8.476985e-002
    outer loop
      vertex -4.154395e+001 -2.129140e+001  4.601443e+001
      vertex -4.150552e+001 -2.129140e+001  4.562425e+001
      vertex -4.230828e+001 -1.990576e+001  4.556895e+001
    endloop
  endfacet
  facet normal -8.604621e-001  5.024170e-001  8.474728e-002
    outer loop
      vertex -3.754395e+001 -2.129140e+001  4.601443e+001
      vertex -3.701032e+001 -2.030576e+001  4.558925e+001
      vertex -3.758238e+001 -2.129140e+001  4.562425e+001
    endloop
  endfacet
  facet normal -8.637783e-001  4.987044e-001  7.197894e-002
    outer loop
      vertex -3.754395e+001 -2.129140e+001  4.601443e+001
      vertex -3.697489e+001 -2.030576e+001  4.601443e+001
      vertex -3.701032e+001 -2.030576e+001  4.558925e+001
    endloop
  endfacet
  facet normal  8.431222e-001  4.966828e-001  2.060373e-001
    outer loop
      vertex -4.150552e+001 -2.129140e+001  4.562425e+001
      vertex -4.220219e+001 -1.990576e+001  4.513482e+001
      vertex -4.230828e+001 -1.990576e+001  4.556895e+001
    endloop
  endfacet
  facet normal  8.000610e-001  4.958179e-001  3.377378e-001
    outer loop
      vertex -4.139171e+001 -2.129140e+001  4.524907e+001
      vertex -4.202839e+001 -1.990576e+001  4.472309e+001
      vertex -4.220219e+001 -1.990576e+001  4.513482e+001
    endloop
  endfacet
  facet normal  8.264644e-001  5.040858e-001  2.507072e-001
    outer loop
      vertex -4.139171e+001 -2.129140e+001  4.524907e+001
      vertex -4.220219e+001 -1.990576e+001  4.513482e+001
      vertex -4.150552e+001 -2.129140e+001  4.562425e+001
    endloop
  endfacet
  facet normal  7.359430e-001  4.962163e-001  4.606054e-001
    outer loop
      vertex -4.120689e+001 -2.129140e+001  4.490329e+001
      vertex -4.179129e+001 -1.990576e+001  4.434426e+001
      vertex -4.202839e+001 -1.990576e+001  4.472309e+001
    endloop
  endfacet
  facet normal  7.615111e-001  5.044076e-001  4.070304e-001
    outer loop
      vertex -4.120689e+001 -2.129140e+001  4.490329e+001
      vertex -4.202839e+001 -1.990576e+001  4.472309e+001
      vertex -4.139171e+001 -2.129140e+001  4.524907e+001
    endloop
  endfacet
  facet normal  6.525679e-001  4.978743e-001  5.712060e-001
    outer loop
      vertex -4.095816e+001 -2.129140e+001  4.460022e+001
      vertex -4.149694e+001 -1.990576e+001  4.400798e+001
      vertex -4.179129e+001 -1.990576e+001  4.434426e+001
    endloop
  endfacet
  facet normal  6.681085e-001  5.029874e-001  5.483016e-001
    outer loop
      vertex -4.095816e+001 -2.129140e+001  4.460022e+001
      vertex -4.179129e+001 -1.990576e+001  4.434426e+001
      vertex -4.120689e+001 -2.129140e+001  4.490329e+001
    endloop
  endfacet
  facet normal  5.491020e-001  5.008131e-001  6.690839e-001
    outer loop
      vertex -4.095816e+001 -2.129140e+001  4.460022e+001
      vertex -4.065509e+001 -2.129140e+001  4.435149e+001
      vertex -4.115283e+001 -1.990576e+001  4.372282e+001
    endloop
  endfacet
  facet normal  5.526326e-001  4.998990e-001  6.668569e-001
    outer loop
      vertex -4.095816e+001 -2.129140e+001  4.460022e+001
      vertex -4.115283e+001 -1.990576e+001  4.372282e+001
      vertex -4.149694e+001 -1.990576e+001  4.400798e+001
    endloop
  endfacet
  facet normal  4.402495e-001  4.973192e-001  7.475652e-001
    outer loop
      vertex -4.115283e+001 -1.990576e+001  4.372282e+001
      vertex -4.065509e+001 -2.129140e+001  4.435149e+001
      vertex -4.076774e+001 -1.990576e+001  4.349604e+001
    endloop
  endfacet
  facet normal  3.159816e-001  4.959905e-001  8.087948e-001
    outer loop
      vertex -4.030931e+001 -2.129140e+001  4.416668e+001
      vertex -4.035147e+001 -1.990576e+001  4.333341e+001
      vertex -4.076774e+001 -1.990576e+001  4.349604e+001
    endloop
  endfacet
  facet normal  4.072725e-001  5.035277e-001  7.619640e-001
    outer loop
      vertex -4.030931e+001 -2.129140e+001  4.416668e+001
      vertex -4.076774e+001 -1.990576e+001  4.349604e+001
      vertex -4.065509e+001 -2.129140e+001  4.435149e+001
    endloop
  endfacet
  facet normal  1.832878e-001  4.959228e-001  8.488029e-001
    outer loop
      vertex -3.993413e+001 -2.129140e+001  4.405286e+001
      vertex -3.991463e+001 -1.990576e+001  4.323908e+001
      vertex -4.035147e+001 -1.990576e+001  4.333341e+001
    endloop
  endfacet
  facet normal  2.506384e-001  5.044917e-001  8.262375e-001
    outer loop
      vertex -3.993413e+001 -2.129140e+001  4.405286e+001
      vertex -4.035147e+001 -1.990576e+001  4.333341e+001
      vertex -4.030931e+001 -2.129140e+001  4.416668e+001
    endloop
  endfacet
  facet normal  4.586720e-002  4.971174e-001  8.664701e-001
    outer loop
      vertex -3.954395e+001 -2.129140e+001  4.401443e+001
      vertex -3.946835e+001 -1.990576e+001  4.321545e+001
      vertex -3.991463e+001 -1.990576e+001  4.323908e+001
    endloop
  endfacet
  facet normal  8.467327e-002  5.037159e-001  8.597097e-001
    outer loop
      vertex -3.954395e+001 -2.129140e+001  4.401443e+001
      vertex -3.991463e+001 -1.990576e+001  4.323908e+001
      vertex -3.993413e+001 -2.129140e+001  4.405286e+001
    endloop
  endfacet
  facet normal -8.492040e-002  4.993658e-001  8.622193e-001
    outer loop
      vertex -3.954395e+001 -2.129140e+001  4.401443e+001
      vertex -3.915377e+001 -2.129140e+001  4.405286e+001
      vertex -3.902399e+001 -1.990576e+001  4.326313e+001
    endloop
  endfacet
  facet normal -9.232350e-002  5.011644e-001  8.604131e-001
    outer loop
      vertex -3.954395e+001 -2.129140e+001  4.401443e+001
      vertex -3.902399e+001 -1.990576e+001  4.326313e+001
      vertex -3.946835e+001 -1.990576e+001  4.321545e+001
    endloop
  endfacet
  facet normal -2.509364e-001  5.027314e-001  8.272195e-001
    outer loop
      vertex -3.915377e+001 -2.129140e+001  4.405286e+001
      vertex -3.877858e+001 -2.129140e+001  4.416668e+001
      vertex -3.859288e+001 -1.990576e+001  4.338091e+001
    endloop
  endfacet
  facet normal -2.285013e-001  4.981282e-001  8.364540e-001
    outer loop
      vertex -3.859288e+001 -1.990576e+001  4.338091e+001
      vertex -3.902399e+001 -1.990576e+001  4.326313e+001
      vertex -3.915377e+001 -2.129140e+001  4.405286e+001
    endloop
  endfacet
  facet normal -3.590981e-001  4.963358e-001  7.903792e-001
    outer loop
      vertex -3.859288e+001 -1.990576e+001  4.338091e+001
      vertex -3.877858e+001 -2.129140e+001  4.416668e+001
      vertex -3.818600e+001 -1.990576e+001  4.356577e+001
    endloop
  endfacet
  facet normal -4.804435e-001  4.957997e-001  7.234340e-001
    outer loop
      vertex -3.781371e+001 -1.990576e+001  4.381301e+001
      vertex -3.818600e+001 -1.990576e+001  4.356577e+001
      vertex -3.843281e+001 -2.129140e+001  4.435149e+001
    endloop
  endfacet
  facet normal -4.070494e-001  5.043387e-001  7.615467e-001
    outer loop
      vertex -3.843281e+001 -2.129140e+001  4.435149e+001
      vertex -3.818600e+001 -1.990576e+001  4.356577e+001
      vertex -3.877858e+001 -2.129140e+001  4.416668e+001
    endloop
  endfacet
  facet normal -7.262766e-001  4.941529e-001  4.778443e-001
    outer loop
      vertex -3.788101e+001 -2.129140e+001  4.490329e+001
      vertex -3.728791e+001 -2.030576e+001  4.478547e+001
      vertex -3.752242e+001 -2.030576e+001  4.442904e+001
    endloop
  endfacet
  facet normal -6.667951e-001  5.058958e-001  5.472237e-001
    outer loop
      vertex -3.788101e+001 -2.129140e+001  4.490329e+001
      vertex -3.752242e+001 -2.030576e+001  4.442904e+001
      vertex -3.812973e+001 -2.129140e+001  4.460022e+001
    endloop
  endfacet
  facet normal -7.951808e-001  4.944715e-001  3.509778e-001
    outer loop
      vertex -3.769619e+001 -2.129140e+001  4.524907e+001
      vertex -3.711563e+001 -2.030576e+001  4.517579e+001
      vertex -3.728791e+001 -2.030576e+001  4.478547e+001
    endloop
  endfacet
  facet normal -7.605574e-001  5.062545e-001  4.065205e-001
    outer loop
      vertex -3.769619e+001 -2.129140e+001  4.524907e+001
      vertex -3.728791e+001 -2.030576e+001  4.478547e+001
      vertex -3.788101e+001 -2.129140e+001  4.490329e+001
    endloop
  endfacet
  facet normal -8.414620e-001  4.959912e-001  2.143230e-001
    outer loop
      vertex -3.758238e+001 -2.129140e+001  4.562425e+001
      vertex -3.701032e+001 -2.030576e+001  4.558925e+001
      vertex -3.711563e+001 -2.030576e+001  4.517579e+001
    endloop
  endfacet
  facet normal -8.258985e-001  5.050976e-001  2.505356e-001
    outer loop
      vertex -3.758238e+001 -2.129140e+001  4.562425e+001
      vertex -3.711563e+001 -2.030576e+001  4.517579e+001
      vertex -3.769619e+001 -2.129140e+001  4.524907e+001
    endloop
  endfacet
  facet normal -5.934016e-001  4.853831e-001  6.420887e-001
    outer loop
      vertex -3.781269e+001 -2.030576e+001  4.411633e+001
      vertex -3.748550e+001 -1.990576e+001  4.411633e+001
      vertex -3.781371e+001 -1.990576e+001  4.381301e+001
    endloop
  endfacet
  facet normal -5.486355e-001  5.042810e-001  6.668582e-001
    outer loop
      vertex -3.781269e+001 -2.030576e+001  4.411633e+001
      vertex -3.781371e+001 -1.990576e+001  4.381301e+001
      vertex -3.843281e+001 -2.129140e+001  4.435149e+001
    endloop
  endfacet
  facet normal -5.479204e-001  5.040186e-001  6.676440e-001
    outer loop
      vertex -3.781269e+001 -2.030576e+001  4.411633e+001
      vertex -3.843281e+001 -2.129140e+001  4.435149e+001
      vertex -3.812973e+001 -2.129140e+001  4.460022e+001
    endloop
  endfacet
  facet normal -6.368027e-001  4.950389e-001  5.911165e-001
    outer loop
      vertex -3.781269e+001 -2.030576e+001  4.411633e+001
      vertex -3.812973e+001 -2.129140e+001  4.460022e+001
      vertex -3.752242e+001 -2.030576e+001  4.442904e+001
    endloop
  endfacet
  facet normal -8.640818e-001  4.988796e-001 -6.694589e-002
    outer loop
      vertex -3.754395e+001 -2.129140e+001  4.601443e+001
      vertex -3.700554e+001 -2.030576e+001  4.641010e+001
      vertex -3.697489e+001 -2.030576e+001  4.601443e+001
    endloop
  endfacet
  facet normal -8.597565e-001  5.036351e-001 -8.467783e-002
    outer loop
      vertex -3.754395e+001 -2.129140e+001  4.601443e+001
      vertex -3.758238e+001 -2.129140e+001  4.640462e+001
      vertex -3.700554e+001 -2.030576e+001  4.641010e+001
    endloop
  endfacet
  facet normal  8.608487e-001  5.017478e-001 -8.478545e-002
    outer loop
      vertex -4.154395e+001 -2.129140e+001  4.601443e+001
      vertex -4.230680e+001 -1.990576e+001  4.646901e+001
      vertex -4.150552e+001 -2.129140e+001  4.640462e+001
    endloop
  endfacet
  facet normal  8.638648e-001  4.987526e-001 -7.059385e-002
    outer loop
      vertex -4.154395e+001 -2.129140e+001  4.601443e+001
      vertex -4.234395e+001 -1.990576e+001  4.601443e+001
      vertex -4.230680e+001 -1.990576e+001  4.646901e+001
    endloop
  endfacet
  facet normal -8.452058e-001  4.957592e-001 -1.996247e-001
    outer loop
      vertex -3.758238e+001 -2.129140e+001  4.640462e+001
      vertex -3.709676e+001 -2.030576e+001  4.679633e+001
      vertex -3.700554e+001 -2.030576e+001  4.641010e+001
    endloop
  endfacet
  facet normal -8.048046e-001  4.949435e-001 -3.275981e-001
    outer loop
      vertex -3.769619e+001 -2.129140e+001  4.677980e+001
      vertex -3.724638e+001 -2.030576e+001  4.716390e+001
      vertex -3.709676e+001 -2.030576e+001  4.679633e+001
    endloop
  endfacet
  facet normal -8.253217e-001  5.061259e-001 -2.503606e-001
    outer loop
      vertex -3.769619e+001 -2.129140e+001  4.677980e+001
      vertex -3.709676e+001 -2.030576e+001  4.679633e+001
      vertex -3.758238e+001 -2.129140e+001  4.640462e+001
    endloop
  endfacet
  facet normal -7.440177e-001  4.964387e-001 -4.471983e-001
    outer loop
      vertex -3.788101e+001 -2.129140e+001  4.712558e+001
      vertex -3.745083e+001 -2.030576e+001  4.750404e+001
      vertex -3.724638e+001 -2.030576e+001  4.716390e+001
    endloop
  endfacet
  facet normal -7.608453e-001  5.056978e-001 -4.066744e-001
    outer loop
      vertex -3.788101e+001 -2.129140e+001  4.712558e+001
      vertex -3.724638e+001 -2.030576e+001  4.716390e+001
      vertex -3.769619e+001 -2.129140e+001  4.677980e+001
    endloop
  endfacet
  facet normal -5.478949e-001  5.040875e-001 -6.676130e-001
    outer loop
      vertex -3.812973e+001 -2.129140e+001  4.742865e+001
      vertex -3.843281e+001 -2.129140e+001  4.767738e+001
      vertex -3.771414e+001 -1.990576e+001  4.813382e+001
    endloop
  endfacet
  facet normal -5.118870e-001  4.964380e-001 -7.010856e-001
    outer loop
      vertex -3.771414e+001 -1.990576e+001  4.813382e+001
      vertex -3.843281e+001 -2.129140e+001  4.767738e+001
      vertex -3.808250e+001 -1.990576e+001  4.840277e+001
    endloop
  endfacet
  facet normal -3.908053e-001  4.982650e-001 -7.739529e-001
    outer loop
      vertex -3.877858e+001 -2.129140e+001  4.786219e+001
      vertex -3.848963e+001 -1.990576e+001  4.860835e+001
      vertex -3.808250e+001 -1.990576e+001  4.840277e+001
    endloop
  endfacet
  facet normal -4.076142e-001  5.022813e-001 -7.626035e-001
    outer loop
      vertex -3.877858e+001 -2.129140e+001  4.786219e+001
      vertex -3.808250e+001 -1.990576e+001  4.840277e+001
      vertex -3.843281e+001 -2.129140e+001  4.767738e+001
    endloop
  endfacet
  facet normal -2.512017e-001  5.011567e-001 -8.280941e-001
    outer loop
      vertex -3.877858e+001 -2.129140e+001  4.786219e+001
      vertex -3.915377e+001 -2.129140e+001  4.797601e+001
      vertex -3.892474e+001 -1.990576e+001  4.874511e+001
    endloop
  endfacet
  facet normal -2.597966e-001  4.992813e-001 -8.265737e-001
    outer loop
      vertex -3.877858e+001 -2.129140e+001  4.786219e+001
      vertex -3.892474e+001 -1.990576e+001  4.874511e+001
      vertex -3.848963e+001 -1.990576e+001  4.860835e+001
    endloop
  endfacet
  facet normal -8.468318e-002  5.035418e-001 -8.598108e-001
    outer loop
      vertex -3.915377e+001 -2.129140e+001  4.797601e+001
      vertex -3.954395e+001 -2.129140e+001  4.801443e+001
      vertex -3.937628e+001 -1.990576e+001  4.880941e+001
    endloop
  endfacet
  facet normal -1.223329e-001  4.970436e-001 -8.590589e-001
    outer loop
      vertex -3.937628e+001 -1.990576e+001  4.880941e+001
      vertex -3.892474e+001 -1.990576e+001  4.874511e+001
      vertex -3.915377e+001 -2.129140e+001  4.797601e+001
    endloop
  endfacet
  facet normal  8.462957e-002  5.044790e-001 -8.592664e-001
    outer loop
      vertex -3.954395e+001 -2.129140e+001  4.801443e+001
      vertex -3.993413e+001 -2.129140e+001  4.797601e+001
      vertex -3.983227e+001 -1.990576e+001  4.879955e+001
    endloop
  endfacet
  facet normal  1.876818e-002  4.958422e-001 -8.682098e-001
    outer loop
      vertex -3.983227e+001 -1.990576e+001  4.879955e+001
      vertex -3.937628e+001 -1.990576e+001  4.880941e+001
      vertex -3.954395e+001 -2.129140e+001  4.801443e+001
    endloop
  endfacet
  facet normal  2.507264e-001  5.039732e-001 -8.265272e-001
    outer loop
      vertex -3.993413e+001 -2.129140e+001  4.797601e+001
      vertex -4.030931e+001 -2.129140e+001  4.786219e+001
      vertex -4.028061e+001 -1.990576e+001  4.871579e+001
    endloop
  endfacet
  facet normal  1.594958e-001  4.956855e-001 -8.537312e-001
    outer loop
      vertex -4.028061e+001 -1.990576e+001  4.871579e+001
      vertex -3.983227e+001 -1.990576e+001  4.879955e+001
      vertex -3.993413e+001 -2.129140e+001  4.797601e+001
    endloop
  endfacet
  facet normal  2.958064e-001  4.965751e-001 -8.160341e-001
    outer loop
      vertex -4.028061e+001 -1.990576e+001  4.871579e+001
      vertex -4.030931e+001 -2.129140e+001  4.786219e+001
      vertex -4.070940e+001 -1.990576e+001  4.856036e+001
    endloop
  endfacet
  facet normal  4.238211e-001  4.985040e-001 -7.562205e-001
    outer loop
      vertex -4.065509e+001 -2.129140e+001  4.767738e+001
      vertex -4.110727e+001 -1.990576e+001  4.833738e+001
      vertex -4.070940e+001 -1.990576e+001  4.856036e+001
    endloop
  endfacet
  facet normal  4.076849e-001  5.020233e-001 -7.627356e-001
    outer loop
      vertex -4.065509e+001 -2.129140e+001  4.767738e+001
      vertex -4.070940e+001 -1.990576e+001  4.856036e+001
      vertex -4.030931e+001 -2.129140e+001  4.786219e+001
    endloop
  endfacet
  facet normal  5.488645e-001  5.014597e-001 -6.687944e-001
    outer loop
      vertex -4.065509e+001 -2.129140e+001  4.767738e+001
      vertex -4.095816e+001 -2.129140e+001  4.742865e+001
      vertex -4.146365e+001 -1.990576e+001  4.805275e+001
    endloop
  endfacet
  facet normal  5.407917e-001  4.990122e-001 -6.771493e-001
    outer loop
      vertex -4.065509e+001 -2.129140e+001  4.767738e+001
      vertex -4.146365e+001 -1.990576e+001  4.805275e+001
      vertex -4.110727e+001 -1.990576e+001  4.833738e+001
    endloop
  endfacet
  facet normal  6.677883e-001  5.036986e-001 -5.480388e-001
    outer loop
      vertex -4.095816e+001 -2.129140e+001  4.742865e+001
      vertex -4.120689e+001 -2.129140e+001  4.712558e+001
      vertex -4.176910e+001 -1.990576e+001  4.771405e+001
    endloop
  endfacet
  facet normal  6.444651e-001  4.968763e-001 -5.811872e-001
    outer loop
      vertex -4.176910e+001 -1.990576e+001  4.771405e+001
      vertex -4.146365e+001 -1.990576e+001  4.805275e+001
      vertex -4.095816e+001 -2.129140e+001  4.742865e+001
    endloop
  endfacet
  facet normal  7.614679e-001  5.044917e-001 -4.070072e-001
    outer loop
      vertex -4.120689e+001 -2.129140e+001  4.712558e+001
      vertex -4.139171e+001 -2.129140e+001  4.677980e+001
      vertex -4.201551e+001 -1.990576e+001  4.733025e+001
    endloop
  endfacet
  facet normal  7.307966e-001  4.957779e-001 -4.691913e-001
    outer loop
      vertex -4.201551e+001 -1.990576e+001  4.733025e+001
      vertex -4.176910e+001 -1.990576e+001  4.771405e+001
      vertex -4.120689e+001 -2.129140e+001  4.712558e+001
    endloop
  endfacet
  facet normal  8.265997e-001  5.038434e-001 -2.507483e-001
    outer loop
      vertex -4.139171e+001 -2.129140e+001  4.677980e+001
      vertex -4.150552e+001 -2.129140e+001  4.640462e+001
      vertex -4.219635e+001 -1.990576e+001  4.691153e+001
    endloop
  endfacet
  facet normal  7.973006e-001  4.957269e-001 -3.443350e-001
    outer loop
      vertex -4.219635e+001 -1.990576e+001  4.691153e+001
      vertex -4.201551e+001 -1.990576e+001  4.733025e+001
      vertex -4.139171e+001 -2.129140e+001  4.677980e+001
    endloop
  endfacet
  facet normal  8.420758e-001  4.967197e-001 -2.101851e-001
    outer loop
      vertex -4.230680e+001 -1.990576e+001  4.646901e+001
      vertex -4.219635e+001 -1.990576e+001  4.691153e+001
      vertex -4.150552e+001 -2.129140e+001  4.640462e+001
    endloop
  endfacet
  facet normal -6.636066e-001  5.024433e-001 -5.542355e-001
    outer loop
      vertex -3.770522e+001 -2.030576e+001  4.780864e+001
      vertex -3.745083e+001 -2.030576e+001  4.750404e+001
      vertex -3.788101e+001 -2.129140e+001  4.712558e+001
    endloop
  endfacet
  facet normal -6.694023e-001  5.001005e-001 -5.493633e-001
    outer loop
      vertex -3.770522e+001 -2.030576e+001  4.780864e+001
      vertex -3.788101e+001 -2.129140e+001  4.712558e+001
      vertex -3.812973e+001 -2.129140e+001  4.742865e+001
    endloop
  endfacet
  facet normal -5.947062e-001  4.991119e-001 -6.302476e-001
    outer loop
      vertex -3.770522e+001 -2.030576e+001  4.780864e+001
      vertex -3.812973e+001 -2.129140e+001  4.742865e+001
      vertex -3.771414e+001 -1.990576e+001  4.813382e+001
    endloop
  endfacet
  facet normal -6.236284e-001  4.847003e-001 -6.133133e-001
    outer loop
      vertex -3.770522e+001 -2.030576e+001  4.780864e+001
      vertex -3.771414e+001 -1.990576e+001  4.813382e+001
      vertex -3.739433e+001 -1.990576e+001  4.780864e+001
    endloop
  endfacet
  facet normal  8.638650e-001 -4.987523e-001 -7.059386e-002
    outer loop
      vertex -4.154395e+001 -5.920118e+000  4.601443e+001
      vertex -4.230680e+001 -7.305759e+000  4.646901e+001
      vertex -4.234395e+001 -7.305759e+000  4.601443e+001
    endloop
  endfacet
  facet normal  8.608489e-001 -5.017475e-001 -8.478542e-002
    outer loop
      vertex -4.154395e+001 -5.920118e+000  4.601443e+001
      vertex -4.150552e+001 -5.920118e+000  4.640462e+001
      vertex -4.230680e+001 -7.305759e+000  4.646901e+001
    endloop
  endfacet
  facet normal -8.597567e-001 -5.036348e-001 -8.467786e-002
    outer loop
      vertex -3.754395e+001 -5.920118e+000  4.601443e+001
      vertex -3.700554e+001 -6.905759e+000  4.641010e+001
      vertex -3.758238e+001 -5.920118e+000  4.640462e+001
    endloop
  endfacet
  facet normal -8.640820e-001 -4.988793e-001 -6.694590e-002
    outer loop
      vertex -3.754395e+001 -5.920118e+000  4.601443e+001
      vertex -3.697489e+001 -6.905759e+000  4.601443e+001
      vertex -3.700554e+001 -6.905759e+000  4.641010e+001
    endloop
  endfacet
  facet normal  8.420756e-001 -4.967192e-001 -2.101868e-001
    outer loop
      vertex -4.150552e+001 -5.920118e+000  4.640462e+001
      vertex -4.219635e+001 -7.305759e+000  4.691153e+001
      vertex -4.230680e+001 -7.305759e+000  4.646901e+001
    endloop
  endfacet
  facet normal  7.973022e-001 -4.957261e-001 -3.443325e-001
    outer loop
      vertex -4.139171e+001 -5.920118e+000  4.677980e+001
      vertex -4.201551e+001 -7.305759e+000  4.733025e+001
      vertex -4.219635e+001 -7.305759e+000  4.691153e+001
    endloop
  endfacet
  facet normal  8.266003e-001 -5.038425e-001 -2.507485e-001
    outer loop
      vertex -4.139171e+001 -5.920118e+000  4.677980e+001
      vertex -4.219635e+001 -7.305759e+000  4.691153e+001
      vertex -4.150552e+001 -5.920118e+000  4.640462e+001
    endloop
  endfacet
  facet normal  7.307969e-001 -4.957775e-001 -4.691915e-001
    outer loop
      vertex -4.120689e+001 -5.920118e+000  4.712558e+001
      vertex -4.176910e+001 -7.305759e+000  4.771405e+001
      vertex -4.201551e+001 -7.305759e+000  4.733025e+001
    endloop
  endfacet
  facet normal  7.614680e-001 -5.044913e-001 -4.070073e-001
    outer loop
      vertex -4.120689e+001 -5.920118e+000  4.712558e+001
      vertex -4.201551e+001 -7.305759e+000  4.733025e+001
      vertex -4.139171e+001 -5.920118e+000  4.677980e+001
    endloop
  endfacet
  facet normal  6.677885e-001 -5.036982e-001 -5.480389e-001
    outer loop
      vertex -4.095816e+001 -5.920118e+000  4.742865e+001
      vertex -4.176910e+001 -7.305759e+000  4.771405e+001
      vertex -4.120689e+001 -5.920118e+000  4.712558e+001
    endloop
  endfacet
  facet normal  4.238212e-001 -4.985037e-001 -7.562206e-001
    outer loop
      vertex -4.110727e+001 -7.305759e+000  4.833738e+001
      vertex -4.065509e+001 -5.920118e+000  4.767738e+001
      vertex -4.070940e+001 -7.305759e+000  4.856036e+001
    endloop
  endfacet
  facet normal  2.958066e-001 -4.965748e-001 -8.160344e-001
    outer loop
      vertex -4.030931e+001 -5.920118e+000  4.786219e+001
      vertex -4.028061e+001 -7.305759e+000  4.871579e+001
      vertex -4.070940e+001 -7.305759e+000  4.856036e+001
    endloop
  endfacet
  facet normal  4.076849e-001 -5.020229e-001 -7.627358e-001
    outer loop
      vertex -4.030931e+001 -5.920118e+000  4.786219e+001
      vertex -4.070940e+001 -7.305759e+000  4.856036e+001
      vertex -4.065509e+001 -5.920118e+000  4.767738e+001
    endloop
  endfacet
  facet normal  1.594958e-001 -4.956851e-001 -8.537315e-001
    outer loop
      vertex -3.993413e+001 -5.920118e+000  4.797601e+001
      vertex -3.983227e+001 -7.305759e+000  4.879955e+001
      vertex -4.028061e+001 -7.305759e+000  4.871579e+001
    endloop
  endfacet
  facet normal  2.507265e-001 -5.039729e-001 -8.265275e-001
    outer loop
      vertex -3.993413e+001 -5.920118e+000  4.797601e+001
      vertex -4.028061e+001 -7.305759e+000  4.871579e+001
      vertex -4.030931e+001 -5.920118e+000  4.786219e+001
    endloop
  endfacet
  facet normal  1.876818e-002 -4.958419e-001 -8.682100e-001
    outer loop
      vertex -3.954395e+001 -5.920118e+000  4.801443e+001
      vertex -3.937628e+001 -7.305759e+000  4.880941e+001
      vertex -3.983227e+001 -7.305759e+000  4.879955e+001
    endloop
  endfacet
  facet normal  8.462954e-002 -5.044787e-001 -8.592666e-001
    outer loop
      vertex -3.954395e+001 -5.920118e+000  4.801443e+001
      vertex -3.983227e+001 -7.305759e+000  4.879955e+001
      vertex -3.993413e+001 -5.920118e+000  4.797601e+001
    endloop
  endfacet
  facet normal -1.223329e-001 -4.970433e-001 -8.590592e-001
    outer loop
      vertex -3.915377e+001 -5.920118e+000  4.797601e+001
      vertex -3.892474e+001 -7.305759e+000  4.874511e+001
      vertex -3.937628e+001 -7.305759e+000  4.880941e+001
    endloop
  endfacet
  facet normal -8.468335e-002 -5.035414e-001 -8.598110e-001
    outer loop
      vertex -3.915377e+001 -5.920118e+000  4.797601e+001
      vertex -3.937628e+001 -7.305759e+000  4.880941e+001
      vertex -3.954395e+001 -5.920118e+000  4.801443e+001
    endloop
  endfacet
  facet normal -2.515602e-001 -4.990183e-001 -8.292758e-001
    outer loop
      vertex -3.915377e+001 -5.920118e+000  4.797601e+001
      vertex -3.877858e+001 -5.920118e+000  4.786219e+001
      vertex -3.848963e+001 -7.305759e+000  4.860835e+001
    endloop
  endfacet
  facet normal -2.594784e-001 -5.011183e-001 -8.255612e-001
    outer loop
      vertex -3.915377e+001 -5.920118e+000  4.797601e+001
      vertex -3.848963e+001 -7.305759e+000  4.860835e+001
      vertex -3.892474e+001 -7.305759e+000  4.874511e+001
    endloop
  endfacet
  facet normal -3.908054e-001 -4.982647e-001 -7.739531e-001
    outer loop
      vertex -3.848963e+001 -7.305759e+000  4.860835e+001
      vertex -3.877858e+001 -5.920118e+000  4.786219e+001
      vertex -3.808250e+001 -7.305759e+000  4.840277e+001
    endloop
  endfacet
  facet normal -5.118871e-001 -4.964376e-001 -7.010857e-001
    outer loop
      vertex -3.843281e+001 -5.920118e+000  4.767738e+001
      vertex -3.771414e+001 -7.305759e+000  4.813382e+001
      vertex -3.808250e+001 -7.305759e+000  4.840277e+001
    endloop
  endfacet
  facet normal -4.076144e-001 -5.022810e-001 -7.626036e-001
    outer loop
      vertex -3.843281e+001 -5.920118e+000  4.767738e+001
      vertex -3.808250e+001 -7.305759e+000  4.840277e+001
      vertex -3.877858e+001 -5.920118e+000  4.786219e+001
    endloop
  endfacet
  facet normal -5.478950e-001 -5.040870e-001 -6.676131e-001
    outer loop
      vertex -3.812973e+001 -5.920118e+000  4.742865e+001
      vertex -3.771414e+001 -7.305759e+000  4.813382e+001
      vertex -3.843281e+001 -5.920118e+000  4.767738e+001
    endloop
  endfacet
  facet normal -6.683969e-001 -5.023460e-001 -5.485382e-001
    outer loop
      vertex -3.812973e+001 -5.920118e+000  4.742865e+001
      vertex -3.788101e+001 -5.920118e+000  4.712558e+001
      vertex -3.745083e+001 -6.905759e+000  4.750404e+001
    endloop
  endfacet
  facet normal -7.608455e-001 -5.056975e-001 -4.066745e-001
    outer loop
      vertex -3.788101e+001 -5.920118e+000  4.712558e+001
      vertex -3.769619e+001 -5.920118e+000  4.677980e+001
      vertex -3.724638e+001 -6.905759e+000  4.716390e+001
    endloop
  endfacet
  facet normal -7.440179e-001 -4.964383e-001 -4.471984e-001
    outer loop
      vertex -3.724638e+001 -6.905759e+000  4.716390e+001
      vertex -3.745083e+001 -6.905759e+000  4.750404e+001
      vertex -3.788101e+001 -5.920118e+000  4.712558e+001
    endloop
  endfacet
  facet normal -8.253219e-001 -5.061256e-001 -2.503608e-001
    outer loop
      vertex -3.769619e+001 -5.920118e+000  4.677980e+001
      vertex -3.758238e+001 -5.920118e+000  4.640462e+001
      vertex -3.709676e+001 -6.905759e+000  4.679633e+001
    endloop
  endfacet
  facet normal -8.048047e-001 -4.949431e-001 -3.275982e-001
    outer loop
      vertex -3.709676e+001 -6.905759e+000  4.679633e+001
      vertex -3.724638e+001 -6.905759e+000  4.716390e+001
      vertex -3.769619e+001 -5.920118e+000  4.677980e+001
    endloop
  endfacet
  facet normal -8.452060e-001 -4.957588e-001 -1.996248e-001
    outer loop
      vertex -3.700554e+001 -6.905759e+000  4.641010e+001
      vertex -3.709676e+001 -6.905759e+000  4.679633e+001
      vertex -3.758238e+001 -5.920118e+000  4.640462e+001
    endloop
  endfacet
  facet normal -6.236286e-001 -4.846999e-001 -6.133134e-001
    outer loop
      vertex -3.770522e+001 -6.905759e+000  4.780864e+001
      vertex -3.739433e+001 -7.305759e+000  4.780864e+001
      vertex -3.771414e+001 -7.305759e+000  4.813382e+001
    endloop
  endfacet
  facet normal -5.947062e-001 -4.991114e-001 -6.302478e-001
    outer loop
      vertex -3.770522e+001 -6.905759e+000  4.780864e+001
      vertex -3.771414e+001 -7.305759e+000  4.813382e+001
      vertex -3.812973e+001 -5.920118e+000  4.742865e+001
    endloop
  endfacet
  facet normal -6.645932e-001 -5.002248e-001 -5.550596e-001
    outer loop
      vertex -3.770522e+001 -6.905759e+000  4.780864e+001
      vertex -3.812973e+001 -5.920118e+000  4.742865e+001
      vertex -3.745083e+001 -6.905759e+000  4.750404e+001
    endloop
  endfacet
  facet normal  5.499075e-001 -4.986123e-001 -6.700653e-001
    outer loop
      vertex -4.065509e+001 -5.920118e+000  4.767738e+001
      vertex -4.110727e+001 -7.305759e+000  4.833738e+001
      vertex -4.095816e+001 -5.920118e+000  4.742865e+001
    endloop
  endfacet
  facet normal  5.399099e-001 -5.014582e-001 -6.760451e-001
    outer loop
      vertex -4.095816e+001 -5.920118e+000  4.742865e+001
      vertex -4.110727e+001 -7.305759e+000  4.833738e+001
      vertex -4.146365e+001 -7.305759e+000  4.805275e+001
    endloop
  endfacet
  facet normal  6.444654e-001 -4.968759e-001 -5.811874e-001
    outer loop
      vertex -4.095816e+001 -5.920118e+000  4.742865e+001
      vertex -4.146365e+001 -7.305759e+000  4.805275e+001
      vertex -4.176910e+001 -7.305759e+000  4.771405e+001
    endloop
  endfacet
  facet normal -8.637785e-001 -4.987040e-001  7.197896e-002
    outer loop
      vertex -3.754395e+001 -5.920118e+000  4.601443e+001
      vertex -3.701032e+001 -6.905759e+000  4.558925e+001
      vertex -3.697489e+001 -6.905759e+000  4.601443e+001
    endloop
  endfacet
  facet normal -8.604624e-001 -5.024167e-001  8.474735e-002
    outer loop
      vertex -3.754395e+001 -5.920118e+000  4.601443e+001
      vertex -3.758238e+001 -5.920118e+000  4.562425e+001
      vertex -3.701032e+001 -6.905759e+000  4.558925e+001
    endloop
  endfacet
  facet normal  8.606910e-001 -5.020208e-001  8.476983e-002
    outer loop
      vertex -4.154395e+001 -5.920118e+000  4.601443e+001
      vertex -4.230828e+001 -7.305759e+000  4.556895e+001
      vertex -4.150552e+001 -5.920118e+000  4.562425e+001
    endloop
  endfacet
  facet normal  8.639517e-001 -4.988023e-001  6.916437e-002
    outer loop
      vertex -4.154395e+001 -5.920118e+000  4.601443e+001
      vertex -4.234395e+001 -7.305759e+000  4.601443e+001
      vertex -4.230828e+001 -7.305759e+000  4.556895e+001
    endloop
  endfacet
  facet normal -8.258987e-001 -5.050972e-001  2.505357e-001
    outer loop
      vertex -3.758238e+001 -5.920118e+000  4.562425e+001
      vertex -3.769619e+001 -5.920118e+000  4.524907e+001
      vertex -3.711563e+001 -6.905759e+000  4.517579e+001
    endloop
  endfacet
  facet normal -8.414623e-001 -4.959908e-001  2.143231e-001
    outer loop
      vertex -3.711563e+001 -6.905759e+000  4.517579e+001
      vertex -3.701032e+001 -6.905759e+000  4.558925e+001
      vertex -3.758238e+001 -5.920118e+000  4.562425e+001
    endloop
  endfacet
  facet normal -7.605575e-001 -5.062541e-001  4.065206e-001
    outer loop
      vertex -3.769619e+001 -5.920118e+000  4.524907e+001
      vertex -3.788101e+001 -5.920118e+000  4.490329e+001
      vertex -3.728791e+001 -6.905759e+000  4.478547e+001
    endloop
  endfacet
  facet normal -7.951810e-001 -4.944711e-001  3.509779e-001
    outer loop
      vertex -3.728791e+001 -6.905759e+000  4.478547e+001
      vertex -3.711563e+001 -6.905759e+000  4.517579e+001
      vertex -3.769619e+001 -5.920118e+000  4.524907e+001
    endloop
  endfacet
  facet normal -6.667953e-001 -5.058954e-001  5.472238e-001
    outer loop
      vertex -3.788101e+001 -5.920118e+000  4.490329e+001
      vertex -3.812973e+001 -5.920118e+000  4.460022e+001
      vertex -3.752242e+001 -6.905759e+000  4.442904e+001
    endloop
  endfacet
  facet normal -7.262768e-001 -4.941525e-001  4.778444e-001
    outer loop
      vertex -3.752242e+001 -6.905759e+000  4.442904e+001
      vertex -3.728791e+001 -6.905759e+000  4.478547e+001
      vertex -3.788101e+001 -5.920118e+000  4.490329e+001
    endloop
  endfacet
  facet normal -4.804437e-001 -4.957993e-001  7.234342e-001
    outer loop
      vertex -3.843281e+001 -5.920118e+000  4.435149e+001
      vertex -3.818600e+001 -7.305759e+000  4.356577e+001
      vertex -3.781371e+001 -7.305759e+000  4.381301e+001
    endloop
  endfacet
  facet normal -3.590956e-001 -4.963349e-001  7.903809e-001
    outer loop
      vertex -3.877858e+001 -5.920118e+000  4.416668e+001
      vertex -3.859288e+001 -7.305759e+000  4.338091e+001
      vertex -3.818600e+001 -7.305759e+000  4.356577e+001
    endloop
  endfacet
  facet normal -4.070495e-001 -5.043384e-001  7.615469e-001
    outer loop
      vertex -3.877858e+001 -5.920118e+000  4.416668e+001
      vertex -3.818600e+001 -7.305759e+000  4.356577e+001
      vertex -3.843281e+001 -5.920118e+000  4.435149e+001
    endloop
  endfacet
  facet normal -2.285033e-001 -4.981278e-001  8.364539e-001
    outer loop
      vertex -3.915377e+001 -5.920118e+000  4.405286e+001
      vertex -3.902399e+001 -7.305759e+000  4.326313e+001
      vertex -3.859288e+001 -7.305759e+000  4.338091e+001
    endloop
  endfacet
  facet normal -2.509366e-001 -5.027305e-001  8.272200e-001
    outer loop
      vertex -3.915377e+001 -5.920118e+000  4.405286e+001
      vertex -3.859288e+001 -7.305759e+000  4.338091e+001
      vertex -3.877858e+001 -5.920118e+000  4.416668e+001
    endloop
  endfacet
  facet normal -8.481705e-002 -5.011909e-001  8.611701e-001
    outer loop
      vertex -3.915377e+001 -5.920118e+000  4.405286e+001
      vertex -3.954395e+001 -5.920118e+000  4.401443e+001
      vertex -3.946835e+001 -7.305759e+000  4.321545e+001
    endloop
  endfacet
  facet normal -9.242224e-002 -4.995629e-001  8.613333e-001
    outer loop
      vertex -3.915377e+001 -5.920118e+000  4.405286e+001
      vertex -3.946835e+001 -7.305759e+000  4.321545e+001
      vertex -3.902399e+001 -7.305759e+000  4.326313e+001
    endloop
  endfacet
  facet normal  8.467324e-002 -5.037155e-001  8.597099e-001
    outer loop
      vertex -3.954395e+001 -5.920118e+000  4.401443e+001
      vertex -3.993413e+001 -5.920118e+000  4.405286e+001
      vertex -3.991463e+001 -7.305759e+000  4.323908e+001
    endloop
  endfacet
  facet normal  4.586721e-002 -4.971170e-001  8.664703e-001
    outer loop
      vertex -3.991463e+001 -7.305759e+000  4.323908e+001
      vertex -3.946835e+001 -7.305759e+000  4.321545e+001
      vertex -3.954395e+001 -5.920118e+000  4.401443e+001
    endloop
  endfacet
  facet normal  2.506385e-001 -5.044914e-001  8.262377e-001
    outer loop
      vertex -3.993413e+001 -5.920118e+000  4.405286e+001
      vertex -4.030931e+001 -5.920118e+000  4.416668e+001
      vertex -4.035147e+001 -7.305759e+000  4.333341e+001
    endloop
  endfacet
  facet normal  1.832878e-001 -4.959224e-001  8.488031e-001
    outer loop
      vertex -4.035147e+001 -7.305759e+000  4.333341e+001
      vertex -3.991463e+001 -7.305759e+000  4.323908e+001
      vertex -3.993413e+001 -5.920118e+000  4.405286e+001
    endloop
  endfacet
  facet normal  3.159816e-001 -4.959902e-001  8.087950e-001
    outer loop
      vertex -4.035147e+001 -7.305759e+000  4.333341e+001
      vertex -4.030931e+001 -5.920118e+000  4.416668e+001
      vertex -4.076774e+001 -7.305759e+000  4.349604e+001
    endloop
  endfacet
  facet normal  4.402497e-001 -4.973189e-001  7.475655e-001
    outer loop
      vertex -4.065509e+001 -5.920118e+000  4.435149e+001
      vertex -4.115283e+001 -7.305759e+000  4.372282e+001
      vertex -4.076774e+001 -7.305759e+000  4.349604e+001
    endloop
  endfacet
  facet normal  4.072725e-001 -5.035273e-001  7.619641e-001
    outer loop
      vertex -4.065509e+001 -5.920118e+000  4.435149e+001
      vertex -4.076774e+001 -7.305759e+000  4.349604e+001
      vertex -4.030931e+001 -5.920118e+000  4.416668e+001
    endloop
  endfacet
  facet normal  5.494692e-001 -4.998116e-001  6.695312e-001
    outer loop
      vertex -4.065509e+001 -5.920118e+000  4.435149e+001
      vertex -4.095816e+001 -5.920118e+000  4.460022e+001
      vertex -4.149694e+001 -7.305759e+000  4.400798e+001
    endloop
  endfacet
  facet normal  5.523089e-001 -5.007769e-001  6.664663e-001
    outer loop
      vertex -4.065509e+001 -5.920118e+000  4.435149e+001
      vertex -4.149694e+001 -7.305759e+000  4.400798e+001
      vertex -4.115283e+001 -7.305759e+000  4.372282e+001
    endloop
  endfacet
  facet normal  6.681087e-001 -5.029870e-001  5.483018e-001
    outer loop
      vertex -4.095816e+001 -5.920118e+000  4.460022e+001
      vertex -4.120689e+001 -5.920118e+000  4.490329e+001
      vertex -4.179129e+001 -7.305759e+000  4.434426e+001
    endloop
  endfacet
  facet normal  6.525680e-001 -4.978739e-001  5.712062e-001
    outer loop
      vertex -4.179129e+001 -7.305759e+000  4.434426e+001
      vertex -4.149694e+001 -7.305759e+000  4.400798e+001
      vertex -4.095816e+001 -5.920118e+000  4.460022e+001
    endloop
  endfacet
  facet normal  7.615114e-001 -5.044072e-001  4.070305e-001
    outer loop
      vertex -4.120689e+001 -5.920118e+000  4.490329e+001
      vertex -4.139171e+001 -5.920118e+000  4.524907e+001
      vertex -4.202839e+001 -7.305759e+000  4.472309e+001
    endloop
  endfacet
  facet normal  7.359431e-001 -4.962159e-001  4.606055e-001
    outer loop
      vertex -4.202839e+001 -7.305759e+000  4.472309e+001
      vertex -4.179129e+001 -7.305759e+000  4.434426e+001
      vertex -4.120689e+001 -5.920118e+000  4.490329e+001
    endloop
  endfacet
  facet normal  8.264647e-001 -5.040854e-001  2.507074e-001
    outer loop
      vertex -4.139171e+001 -5.920118e+000  4.524907e+001
      vertex -4.150552e+001 -5.920118e+000  4.562425e+001
      vertex -4.220219e+001 -7.305759e+000  4.513482e+001
    endloop
  endfacet
  facet normal  8.000613e-001 -4.958175e-001  3.377379e-001
    outer loop
      vertex -4.220219e+001 -7.305759e+000  4.513482e+001
      vertex -4.202839e+001 -7.305759e+000  4.472309e+001
      vertex -4.139171e+001 -5.920118e+000  4.524907e+001
    endloop
  endfacet
  facet normal  8.431223e-001 -4.966823e-001  2.060373e-001
    outer loop
      vertex -4.230828e+001 -7.305759e+000  4.556895e+001
      vertex -4.220219e+001 -7.305759e+000  4.513482e+001
      vertex -4.150552e+001 -5.920118e+000  4.562425e+001
    endloop
  endfacet
  facet normal -6.368029e-001 -4.950385e-001  5.911167e-001
    outer loop
      vertex -3.781269e+001 -6.905759e+000  4.411633e+001
      vertex -3.752242e+001 -6.905759e+000  4.442904e+001
      vertex -3.812973e+001 -5.920118e+000  4.460022e+001
    endloop
  endfacet
  facet normal -5.479205e-001 -5.040182e-001  6.676441e-001
    outer loop
      vertex -3.781269e+001 -6.905759e+000  4.411633e+001
      vertex -3.812973e+001 -5.920118e+000  4.460022e+001
      vertex -3.843281e+001 -5.920118e+000  4.435149e+001
    endloop
  endfacet
  facet normal -5.486355e-001 -5.042806e-001  6.668584e-001
    outer loop
      vertex -3.781269e+001 -6.905759e+000  4.411633e+001
      vertex -3.843281e+001 -5.920118e+000  4.435149e+001
      vertex -3.781371e+001 -7.305759e+000  4.381301e+001
    endloop
  endfacet
  facet normal -5.934018e-001 -4.853826e-001  6.420889e-001
    outer loop
      vertex -3.781269e+001 -6.905759e+000  4.411633e+001
      vertex -3.781371e+001 -7.305759e+000  4.381301e+001
      vertex -3.748550e+001 -7.305759e+000  4.411633e+001
    endloop
  endfacet
  facet normal  0.000000e+000  1.000000e+000  0.000000e+000
    outer loop
      vertex -4.351665e+001 -1.990576e+001  5.128489e+001
      vertex -4.351665e+001 -1.990576e+001  5.201443e+001
      vertex -4.230680e+001 -1.990576e+001  4.646901e+001
    endloop
  endfacet
  facet normal  0.000000e+000  9.999999e-001  0.000000e+000
    outer loop
      vertex -4.351665e+001 -1.990576e+001  5.128489e+001
      vertex -4.230680e+001 -1.990576e+001  4.646901e+001
      vertex -4.351665e+001 -1.990576e+001  4.074398e+001
    endloop
  endfacet
  facet normal  0.000000e+000  9.999999e-001  -0.000000e+000
    outer loop
      vertex -4.351665e+001 -1.990576e+001  5.128489e+001
      vertex -4.351665e+001 -1.990576e+001  4.074398e+001
      vertex -4.406551e+001 -1.990576e+001  4.120657e+001
    endloop
  endfacet
  facet normal  0.000000e+000  1.000000e+000  0.000000e+000
    outer loop
      vertex -4.351665e+001 -1.990576e+001  5.128489e+001
      vertex -4.406551e+001 -1.990576e+001  4.120657e+001
      vertex -4.406551e+001 -1.990576e+001  5.082230e+001
    endloop
  endfacet
  facet normal  0.000000e+000  1.000000e+000  0.000000e+000
    outer loop
      vertex -3.954395e+001 -1.990576e+001  4.001443e+001
      vertex -4.202839e+001 -1.990576e+001  4.472309e+001
      vertex -4.179129e+001 -1.990576e+001  4.434426e+001
    endloop
  endfacet
  facet normal  0.000000e+000  1.000000e+000  0.000000e+000
    outer loop
      vertex -3.954395e+001 -1.990576e+001  4.001443e+001
      vertex -4.179129e+001 -1.990576e+001  4.434426e+001
      vertex -4.149694e+001 -1.990576e+001  4.400798e+001
    endloop
  endfacet
  facet normal  0.000000e+000  9.999999e-001  0.000000e+000
    outer loop
      vertex -3.954395e+001 -1.990576e+001  4.001443e+001
      vertex -4.149694e+001 -1.990576e+001  4.400798e+001
      vertex -4.115283e+001 -1.990576e+001  4.372282e+001
    endloop
  endfacet
  facet normal  0.000000e+000  1.000000e+000  0.000000e+000
    outer loop
      vertex -3.954395e+001 -1.990576e+001  4.001443e+001
      vertex -4.115283e+001 -1.990576e+001  4.372282e+001
      vertex -4.076774e+001 -1.990576e+001  4.349604e+001
    endloop
  endfacet
  facet normal  0.000000e+000  1.000000e+000  0.000000e+000
    outer loop
      vertex -3.954395e+001 -1.990576e+001  4.001443e+001
      vertex -4.076774e+001 -1.990576e+001  4.349604e+001
      vertex -4.035147e+001 -1.990576e+001  4.333341e+001
    endloop
  endfacet
  facet normal  0.000000e+000  1.000000e+000  0.000000e+000
    outer loop
      vertex -3.954395e+001 -1.990576e+001  4.001443e+001
      vertex -4.035147e+001 -1.990576e+001  4.333341e+001
      vertex -3.991463e+001 -1.990576e+001  4.323908e+001
    endloop
  endfacet
  facet normal  0.000000e+000  1.000000e+000  0.000000e+000
    outer loop
      vertex -3.954395e+001 -1.990576e+001  4.001443e+001
      vertex -3.991463e+001 -1.990576e+001  4.323908e+001
      vertex -3.946835e+001 -1.990576e+001  4.321545e+001
    endloop
  endfacet
  facet normal  -0.000000e+000  1.000000e+000  0.000000e+000
    outer loop
      vertex -3.954395e+001 -1.990576e+001  4.001443e+001
      vertex -3.946835e+001 -1.990576e+001  4.321545e+001
      vertex -3.902399e+001 -1.990576e+001  4.326313e+001
    endloop
  endfacet
  facet normal  0.000000e+000  1.000000e+000  0.000000e+000
    outer loop
      vertex -3.954395e+001 -1.990576e+001  4.001443e+001
      vertex -3.902399e+001 -1.990576e+001  4.326313e+001
      vertex -3.886419e+001 -1.990576e+001  4.005307e+001
    endloop
  endfacet
  facet normal  -0.000000e+000  1.000000e+000  0.000000e+000
    outer loop
      vertex -4.351665e+001 -1.990576e+001  4.001443e+001
      vertex -4.351665e+001 -1.990576e+001  4.074398e+001
      vertex -4.230680e+001 -1.990576e+001  4.646901e+001
    endloop
  endfacet
  facet normal  0.000000e+000  1.000000e+000  0.000000e+000
    outer loop
      vertex -4.351665e+001 -1.990576e+001  4.001443e+001
      vertex -4.230680e+001 -1.990576e+001  4.646901e+001
      vertex -4.234395e+001 -1.990576e+001  4.601443e+001
    endloop
  endfacet
  facet normal  0.000000e+000  1.000000e+000  0.000000e+000
    outer loop
      vertex -4.351665e+001 -1.990576e+001  4.001443e+001
      vertex -4.234395e+001 -1.990576e+001  4.601443e+001
      vertex -4.230828e+001 -1.990576e+001  4.556895e+001
    endloop
  endfacet
  facet normal  0.000000e+000  1.000000e+000  0.000000e+000
    outer loop
      vertex -4.351665e+001 -1.990576e+001  4.001443e+001
      vertex -4.230828e+001 -1.990576e+001  4.556895e+001
      vertex -4.220219e+001 -1.990576e+001  4.513482e+001
    endloop
  endfacet
  facet normal  0.000000e+000  9.999999e-001  0.000000e+000
    outer loop
      vertex -4.351665e+001 -1.990576e+001  4.001443e+001
      vertex -4.220219e+001 -1.990576e+001  4.513482e+001
      vertex -4.202839e+001 -1.990576e+001  4.472309e+001
    endloop
  endfacet
  facet normal  0.000000e+000  1.000000e+000  0.000000e+000
    outer loop
      vertex -4.351665e+001 -1.990576e+001  4.001443e+001
      vertex -4.202839e+001 -1.990576e+001  4.472309e+001
      vertex -3.954395e+001 -1.990576e+001  4.001443e+001
    endloop
  endfacet
  facet normal  0.000000e+000  9.999999e-001  -0.000000e+000
    outer loop
      vertex -3.385210e+001 -1.990576e+001  4.411633e+001
      vertex -3.410379e+001 -1.990576e+001  4.348370e+001
      vertex -3.442553e+001 -1.990576e+001  4.288366e+001
    endloop
  endfacet
  facet normal  0.000000e+000  9.999999e-001  -0.000000e+000
    outer loop
      vertex -3.385210e+001 -1.990576e+001  4.411633e+001
      vertex -3.442553e+001 -1.990576e+001  4.288366e+001
      vertex -3.481318e+001 -1.990576e+001  4.232393e+001
    endloop
  endfacet
  facet normal  0.000000e+000  1.000000e+000  -0.000000e+000
    outer loop
      vertex -3.385210e+001 -1.990576e+001  4.411633e+001
      vertex -3.481318e+001 -1.990576e+001  4.232393e+001
      vertex -3.526176e+001 -1.990576e+001  4.181172e+001
    endloop
  endfacet
  facet normal  0.000000e+000  1.000000e+000  -0.000000e+000
    outer loop
      vertex -3.385210e+001 -1.990576e+001  4.411633e+001
      vertex -3.526176e+001 -1.990576e+001  4.181172e+001
      vertex -3.576547e+001 -1.990576e+001  4.135363e+001
    endloop
  endfacet
  facet normal  0.000000e+000  9.999999e-001  -0.000000e+000
    outer loop
      vertex -3.385210e+001 -1.990576e+001  4.411633e+001
      vertex -3.576547e+001 -1.990576e+001  4.135363e+001
      vertex -3.631784e+001 -1.990576e+001  4.095556e+001
    endloop
  endfacet
  facet normal  0.000000e+000  1.000000e+000  -0.000000e+000
    outer loop
      vertex -3.385210e+001 -1.990576e+001  4.411633e+001
      vertex -3.631784e+001 -1.990576e+001  4.095556e+001
      vertex -3.691175e+001 -1.990576e+001  4.062263e+001
    endloop
  endfacet
  facet normal  0.000000e+000  1.000000e+000  -0.000000e+000
    outer loop
      vertex -3.385210e+001 -1.990576e+001  4.411633e+001
      vertex -3.691175e+001 -1.990576e+001  4.062263e+001
      vertex -3.753955e+001 -1.990576e+001  4.035913e+001
    endloop
  endfacet
  facet normal  0.000000e+000  1.000000e+000  0.000000e+000
    outer loop
      vertex -3.385210e+001 -1.990576e+001  4.411633e+001
      vertex -3.753955e+001 -1.990576e+001  4.035913e+001
      vertex -3.748550e+001 -1.990576e+001  4.411633e+001
    endloop
  endfacet
  facet normal  0.000000e+000  1.000000e+000  0.000000e+000
    outer loop
      vertex -3.954395e+001 -1.990576e+001  5.201443e+001
      vertex -3.885432e+001 -1.990576e+001  5.197467e+001
      vertex -3.892474e+001 -1.990576e+001  4.874511e+001
    endloop
  endfacet
  facet normal  0.000000e+000  9.999999e-001  0.000000e+000
    outer loop
      vertex -3.954395e+001 -1.990576e+001  5.201443e+001
      vertex -3.892474e+001 -1.990576e+001  4.874511e+001
      vertex -3.937628e+001 -1.990576e+001  4.880941e+001
    endloop
  endfacet
  facet normal  0.000000e+000  1.000000e+000  0.000000e+000
    outer loop
      vertex -3.954395e+001 -1.990576e+001  5.201443e+001
      vertex -3.937628e+001 -1.990576e+001  4.880941e+001
      vertex -3.983227e+001 -1.990576e+001  4.879955e+001
    endloop
  endfacet
  facet normal  0.000000e+000  1.000000e+000  -0.000000e+000
    outer loop
      vertex -3.954395e+001 -1.990576e+001  5.201443e+001
      vertex -3.983227e+001 -1.990576e+001  4.879955e+001
      vertex -4.028061e+001 -1.990576e+001  4.871579e+001
    endloop
  endfacet
  facet normal  0.000000e+000  1.000000e+000  -0.000000e+000
    outer loop
      vertex -3.954395e+001 -1.990576e+001  5.201443e+001
      vertex -4.028061e+001 -1.990576e+001  4.871579e+001
      vertex -4.070940e+001 -1.990576e+001  4.856036e+001
    endloop
  endfacet
  facet normal  0.000000e+000  1.000000e+000  -0.000000e+000
    outer loop
      vertex -3.954395e+001 -1.990576e+001  5.201443e+001
      vertex -4.070940e+001 -1.990576e+001  4.856036e+001
      vertex -4.110727e+001 -1.990576e+001  4.833738e+001
    endloop
  endfacet
  facet normal  0.000000e+000  1.000000e+000  -0.000000e+000
    outer loop
      vertex -3.954395e+001 -1.990576e+001  5.201443e+001
      vertex -4.110727e+001 -1.990576e+001  4.833738e+001
      vertex -4.146365e+001 -1.990576e+001  4.805275e+001
    endloop
  endfacet
  facet normal  0.000000e+000  1.000000e+000  -0.000000e+000
    outer loop
      vertex -3.954395e+001 -1.990576e+001  5.201443e+001
      vertex -4.146365e+001 -1.990576e+001  4.805275e+001
      vertex -4.176910e+001 -1.990576e+001  4.771405e+001
    endloop
  endfacet
  facet normal  0.000000e+000  1.000000e+000  -0.000000e+000
    outer loop
      vertex -3.954395e+001 -1.990576e+001  5.201443e+001
      vertex -4.176910e+001 -1.990576e+001  4.771405e+001
      vertex -4.201551e+001 -1.990576e+001  4.733025e+001
    endloop
  endfacet
  facet normal  0.000000e+000  1.000000e+000  0.000000e+000
    outer loop
      vertex -4.351665e+001 -1.990576e+001  5.201443e+001
      vertex -3.954395e+001 -1.990576e+001  5.201443e+001
      vertex -4.201551e+001 -1.990576e+001  4.733025e+001
    endloop
  endfacet
  facet normal  0.000000e+000  1.000000e+000  0.000000e+000
    outer loop
      vertex -4.351665e+001 -1.990576e+001  5.201443e+001
      vertex -4.201551e+001 -1.990576e+001  4.733025e+001
      vertex -4.219635e+001 -1.990576e+001  4.691153e+001
    endloop
  endfacet
  facet normal  0.000000e+000  1.000000e+000  0.000000e+000
    outer loop
      vertex -4.351665e+001 -1.990576e+001  5.201443e+001
      vertex -4.219635e+001 -1.990576e+001  4.691153e+001
      vertex -4.230680e+001 -1.990576e+001  4.646901e+001
    endloop
  endfacet
  facet normal  0.000000e+000  1.000000e+000  -0.000000e+000
    outer loop
      vertex -3.381849e+001 -1.990576e+001  4.780864e+001
      vertex -3.739433e+001 -1.990576e+001  4.780864e+001
      vertex -3.751151e+001 -1.990576e+001  5.165971e+001
    endloop
  endfacet
  facet normal  0.000000e+000  1.000000e+000  0.000000e+000
    outer loop
      vertex -3.381849e+001 -1.990576e+001  4.780864e+001
      vertex -3.751151e+001 -1.990576e+001  5.165971e+001
      vertex -3.687612e+001 -1.990576e+001  5.138870e+001
    endloop
  endfacet
  facet normal  0.000000e+000  1.000000e+000  0.000000e+000
    outer loop
      vertex -3.381849e+001 -1.990576e+001  4.780864e+001
      vertex -3.687612e+001 -1.990576e+001  5.138870e+001
      vertex -3.627610e+001 -1.990576e+001  5.104645e+001
    endloop
  endfacet
  facet normal  0.000000e+000  1.000000e+000  0.000000e+000
    outer loop
      vertex -3.381849e+001 -1.990576e+001  4.780864e+001
      vertex -3.627610e+001 -1.990576e+001  5.104645e+001
      vertex -3.571939e+001 -1.990576e+001  5.063750e+001
    endloop
  endfacet
  facet normal  0.000000e+000  1.000000e+000  0.000000e+000
    outer loop
      vertex -3.381849e+001 -1.990576e+001  4.780864e+001
      vertex -3.571939e+001 -1.990576e+001  5.063750e+001
      vertex -3.521337e+001 -1.990576e+001  5.016727e+001
    endloop
  endfacet
  facet normal  0.000000e+000  1.000000e+000  0.000000e+000
    outer loop
      vertex -3.381849e+001 -1.990576e+001  4.780864e+001
      vertex -3.521337e+001 -1.990576e+001  5.016727e+001
      vertex -3.476475e+001 -1.990576e+001  4.964200e+001
    endloop
  endfacet
  facet normal  0.000000e+000  1.000000e+000  0.000000e+000
    outer loop
      vertex -3.381849e+001 -1.990576e+001  4.780864e+001
      vertex -3.476475e+001 -1.990576e+001  4.964200e+001
      vertex -3.437948e+001 -1.990576e+001  4.906865e+001
    endloop
  endfacet
  facet normal  0.000000e+000  1.000000e+000  0.000000e+000
    outer loop
      vertex -3.381849e+001 -1.990576e+001  4.780864e+001
      vertex -3.437948e+001 -1.990576e+001  4.906865e+001
      vertex -3.406266e+001 -1.990576e+001  4.845481e+001
    endloop
  endfacet
  facet normal  0.000000e+000  9.999999e-001  -0.000000e+000
    outer loop
      vertex -3.818600e+001 -1.990576e+001  4.356577e+001
      vertex -3.819317e+001 -1.990576e+001  4.016846e+001
      vertex -3.859288e+001 -1.990576e+001  4.338091e+001
    endloop
  endfacet
  facet normal  0.000000e+000  1.000000e+000  0.000000e+000
    outer loop
      vertex -3.859288e+001 -1.990576e+001  4.338091e+001
      vertex -3.819317e+001 -1.990576e+001  4.016846e+001
      vertex -3.886419e+001 -1.990576e+001  4.005307e+001
    endloop
  endfacet
  facet normal  0.000000e+000  9.999999e-001  -0.000000e+000
    outer loop
      vertex -3.859288e+001 -1.990576e+001  4.338091e+001
      vertex -3.886419e+001 -1.990576e+001  4.005307e+001
      vertex -3.902399e+001 -1.990576e+001  4.326313e+001
    endloop
  endfacet
  facet normal  0.000000e+000  1.000000e+000  -0.000000e+000
    outer loop
      vertex -3.748550e+001 -1.990576e+001  4.411633e+001
      vertex -3.753955e+001 -1.990576e+001  4.035913e+001
      vertex -3.781371e+001 -1.990576e+001  4.381301e+001
    endloop
  endfacet
  facet normal  0.000000e+000  1.000000e+000  0.000000e+000
    outer loop
      vertex -3.781371e+001 -1.990576e+001  4.381301e+001
      vertex -3.753955e+001 -1.990576e+001  4.035913e+001
      vertex -3.819317e+001 -1.990576e+001  4.016846e+001
    endloop
  endfacet
  facet normal  0.000000e+000  9.999999e-001  0.000000e+000
    outer loop
      vertex -3.781371e+001 -1.990576e+001  4.381301e+001
      vertex -3.819317e+001 -1.990576e+001  4.016846e+001
      vertex -3.818600e+001 -1.990576e+001  4.356577e+001
    endloop
  endfacet
  facet normal  0.000000e+000  1.000000e+000  0.000000e+000
    outer loop
      vertex -4.567109e+001 -1.990576e+001  4.846763e+001
      vertex -4.590126e+001 -1.990576e+001  4.424113e+001
      vertex -4.590126e+001 -1.990576e+001  4.778774e+001
    endloop
  endfacet
  facet normal  0.000000e+000  1.000000e+000  0.000000e+000
    outer loop
      vertex -4.590126e+001 -1.990576e+001  4.778774e+001
      vertex -4.590126e+001 -1.990576e+001  4.424113e+001
      vertex -4.605624e+001 -1.990576e+001  4.494199e+001
    endloop
  endfacet
  facet normal  0.000000e+000  1.000000e+000  0.000000e+000
    outer loop
      vertex -4.590126e+001 -1.990576e+001  4.778774e+001
      vertex -4.605624e+001 -1.990576e+001  4.494199e+001
      vertex -4.605624e+001 -1.990576e+001  4.708688e+001
    endloop
  endfacet
  facet normal  0.000000e+000  1.000000e+000  0.000000e+000
    outer loop
      vertex -4.605624e+001 -1.990576e+001  4.708688e+001
      vertex -4.605624e+001 -1.990576e+001  4.494199e+001
      vertex -4.613418e+001 -1.990576e+001  4.565554e+001
    endloop
  endfacet
  facet normal  0.000000e+000  1.000000e+000  0.000000e+000
    outer loop
      vertex -4.605624e+001 -1.990576e+001  4.708688e+001
      vertex -4.613418e+001 -1.990576e+001  4.565554e+001
      vertex -4.613418e+001 -1.990576e+001  4.637333e+001
    endloop
  endfacet
  facet normal  0.000000e+000  1.000000e+000  0.000000e+000
    outer loop
      vertex -4.590126e+001 -1.990576e+001  4.424113e+001
      vertex -4.567109e+001 -1.990576e+001  4.846763e+001
      vertex -4.567109e+001 -1.990576e+001  4.356124e+001
    endloop
  endfacet
  facet normal  0.000000e+000  1.000000e+000  0.000000e+000
    outer loop
      vertex -4.567109e+001 -1.990576e+001  4.356124e+001
      vertex -4.567109e+001 -1.990576e+001  4.846763e+001
      vertex -4.536844e+001 -1.990576e+001  4.911850e+001
    endloop
  endfacet
  facet normal  0.000000e+000  9.999999e-001  0.000000e+000
    outer loop
      vertex -4.567109e+001 -1.990576e+001  4.356124e+001
      vertex -4.536844e+001 -1.990576e+001  4.911850e+001
      vertex -4.536844e+001 -1.990576e+001  4.291037e+001
    endloop
  endfacet
  facet normal  0.000000e+000  1.000000e+000  0.000000e+000
    outer loop
      vertex -4.536844e+001 -1.990576e+001  4.291037e+001
      vertex -4.536844e+001 -1.990576e+001  4.911850e+001
      vertex -4.499691e+001 -1.990576e+001  4.973266e+001
    endloop
  endfacet
  facet normal  0.000000e+000  1.000000e+000  0.000000e+000
    outer loop
      vertex -4.536844e+001 -1.990576e+001  4.291037e+001
      vertex -4.499691e+001 -1.990576e+001  4.973266e+001
      vertex -4.499691e+001 -1.990576e+001  4.229621e+001
    endloop
  endfacet
  facet normal  0.000000e+000  9.999999e-001  0.000000e+000
    outer loop
      vertex -4.499691e+001 -1.990576e+001  4.229621e+001
      vertex -4.499691e+001 -1.990576e+001  4.973266e+001
      vertex -4.456088e+001 -1.990576e+001  5.030284e+001
    endloop
  endfacet
  facet normal  0.000000e+000  1.000000e+000  0.000000e+000
    outer loop
      vertex -4.499691e+001 -1.990576e+001  4.229621e+001
      vertex -4.456088e+001 -1.990576e+001  5.030284e+001
      vertex -4.456088e+001 -1.990576e+001  4.172603e+001
    endloop
  endfacet
  facet normal  0.000000e+000  1.000000e+000  0.000000e+000
    outer loop
      vertex -4.456088e+001 -1.990576e+001  4.172603e+001
      vertex -4.456088e+001 -1.990576e+001  5.030284e+001
      vertex -4.406551e+001 -1.990576e+001  5.082230e+001
    endloop
  endfacet
  facet normal  0.000000e+000  1.000000e+000  0.000000e+000
    outer loop
      vertex -4.456088e+001 -1.990576e+001  4.172603e+001
      vertex -4.406551e+001 -1.990576e+001  5.082230e+001
      vertex -4.406551e+001 -1.990576e+001  4.120657e+001
    endloop
  endfacet
  facet normal  -0.000000e+000  1.000000e+000  0.000000e+000
    outer loop
      vertex -3.808250e+001 -1.990576e+001  4.840277e+001
      vertex -3.848963e+001 -1.990576e+001  4.860835e+001
      vertex -3.817384e+001 -1.990576e+001  5.185591e+001
    endloop
  endfacet
  facet normal  0.000000e+000  9.999999e-001  0.000000e+000
    outer loop
      vertex -3.817384e+001 -1.990576e+001  5.185591e+001
      vertex -3.848963e+001 -1.990576e+001  4.860835e+001
      vertex -3.892474e+001 -1.990576e+001  4.874511e+001
    endloop
  endfacet
  facet normal  0.000000e+000  1.000000e+000  0.000000e+000
    outer loop
      vertex -3.817384e+001 -1.990576e+001  5.185591e+001
      vertex -3.892474e+001 -1.990576e+001  4.874511e+001
      vertex -3.885432e+001 -1.990576e+001  5.197467e+001
    endloop
  endfacet
  facet normal  -0.000000e+000  1.000000e+000  0.000000e+000
    outer loop
      vertex -3.739433e+001 -1.990576e+001  4.780864e+001
      vertex -3.771414e+001 -1.990576e+001  4.813382e+001
      vertex -3.751151e+001 -1.990576e+001  5.165971e+001
    endloop
  endfacet
  facet normal  0.000000e+000  1.000000e+000  0.000000e+000
    outer loop
      vertex -3.751151e+001 -1.990576e+001  5.165971e+001
      vertex -3.771414e+001 -1.990576e+001  4.813382e+001
      vertex -3.808250e+001 -1.990576e+001  4.840277e+001
    endloop
  endfacet
  facet normal  0.000000e+000  1.000000e+000  -0.000000e+000
    outer loop
      vertex -3.751151e+001 -1.990576e+001  5.165971e+001
      vertex -3.808250e+001 -1.990576e+001  4.840277e+001
      vertex -3.817384e+001 -1.990576e+001  5.185591e+001
    endloop
  endfacet
  facet normal  0.000000e+000 -1.000000e+000  -0.000000e+000
    outer loop
      vertex -3.781371e+001 -7.305759e+000  4.381301e+001
      vertex -3.818600e+001 -7.305759e+000  4.356577e+001
      vertex -3.819317e+001 -7.305759e+000  4.016846e+001
    endloop
  endfacet
  facet normal  0.000000e+000 -1.000000e+000  0.000000e+000
    outer loop
      vertex -4.351665e+001 -7.305759e+000  4.074398e+001
      vertex -4.351665e+001 -7.305759e+000  4.001443e+001
      vertex -4.234395e+001 -7.305759e+000  4.601443e+001
    endloop
  endfacet
  facet normal  -0.000000e+000 -1.000000e+000  0.000000e+000
    outer loop
      vertex -4.351665e+001 -7.305759e+000  4.074398e+001
      vertex -4.234395e+001 -7.305759e+000  4.601443e+001
      vertex -4.351665e+001 -7.305759e+000  5.128489e+001
    endloop
  endfacet
  facet normal  0.000000e+000 -9.999999e-001  -0.000000e+000
    outer loop
      vertex -4.351665e+001 -7.305759e+000  4.074398e+001
      vertex -4.351665e+001 -7.305759e+000  5.128489e+001
      vertex -4.406551e+001 -7.305759e+000  5.082230e+001
    endloop
  endfacet
  facet normal  0.000000e+000 -1.000000e+000  0.000000e+000
    outer loop
      vertex -4.351665e+001 -7.305759e+000  4.074398e+001
      vertex -4.406551e+001 -7.305759e+000  5.082230e+001
      vertex -4.406551e+001 -7.305759e+000  4.120657e+001
    endloop
  endfacet
  facet normal  0.000000e+000 -1.000000e+000  0.000000e+000
    outer loop
      vertex -3.739433e+001 -7.305759e+000  4.780864e+001
      vertex -3.381849e+001 -7.305759e+000  4.780864e+001
      vertex -3.406266e+001 -7.305759e+000  4.845481e+001
    endloop
  endfacet
  facet normal  -0.000000e+000 -1.000000e+000  0.000000e+000
    outer loop
      vertex -3.739433e+001 -7.305759e+000  4.780864e+001
      vertex -3.406266e+001 -7.305759e+000  4.845481e+001
      vertex -3.437948e+001 -7.305759e+000  4.906865e+001
    endloop
  endfacet
  facet normal  -0.000000e+000 -1.000000e+000  0.000000e+000
    outer loop
      vertex -3.739433e+001 -7.305759e+000  4.780864e+001
      vertex -3.437948e+001 -7.305759e+000  4.906865e+001
      vertex -3.476475e+001 -7.305759e+000  4.964200e+001
    endloop
  endfacet
  facet normal  -0.000000e+000 -1.000000e+000  0.000000e+000
    outer loop
      vertex -3.739433e+001 -7.305759e+000  4.780864e+001
      vertex -3.476475e+001 -7.305759e+000  4.964200e+001
      vertex -3.521337e+001 -7.305759e+000  5.016727e+001
    endloop
  endfacet
  facet normal  -0.000000e+000 -9.999999e-001  0.000000e+000
    outer loop
      vertex -3.739433e+001 -7.305759e+000  4.780864e+001
      vertex -3.521337e+001 -7.305759e+000  5.016727e+001
      vertex -3.571939e+001 -7.305759e+000  5.063750e+001
    endloop
  endfacet
  facet normal  -0.000000e+000 -9.999999e-001  0.000000e+000
    outer loop
      vertex -3.739433e+001 -7.305759e+000  4.780864e+001
      vertex -3.571939e+001 -7.305759e+000  5.063750e+001
      vertex -3.627610e+001 -7.305759e+000  5.104645e+001
    endloop
  endfacet
  facet normal  -0.000000e+000 -1.000000e+000  0.000000e+000
    outer loop
      vertex -3.739433e+001 -7.305759e+000  4.780864e+001
      vertex -3.627610e+001 -7.305759e+000  5.104645e+001
      vertex -3.687612e+001 -7.305759e+000  5.138870e+001
    endloop
  endfacet
  facet normal  -0.000000e+000 -1.000000e+000  0.000000e+000
    outer loop
      vertex -3.739433e+001 -7.305759e+000  4.780864e+001
      vertex -3.687612e+001 -7.305759e+000  5.138870e+001
      vertex -3.751151e+001 -7.305759e+000  5.165971e+001
    endloop
  endfacet
  facet normal  -0.000000e+000 -9.999999e-001  -0.000000e+000
    outer loop
      vertex -3.739433e+001 -7.305759e+000  4.780864e+001
      vertex -3.751151e+001 -7.305759e+000  5.165971e+001
      vertex -3.817384e+001 -7.305759e+000  5.185591e+001
    endloop
  endfacet
  facet normal  0.000000e+000 -1.000000e+000  0.000000e+000
    outer loop
      vertex -3.739433e+001 -7.305759e+000  4.780864e+001
      vertex -3.817384e+001 -7.305759e+000  5.185591e+001
      vertex -3.771414e+001 -7.305759e+000  4.813382e+001
    endloop
  endfacet
  facet normal  0.000000e+000 -1.000000e+000  0.000000e+000
    outer loop
      vertex -4.351665e+001 -7.305759e+000  5.201443e+001
      vertex -4.351665e+001 -7.305759e+000  5.128489e+001
      vertex -4.234395e+001 -7.305759e+000  4.601443e+001
    endloop
  endfacet
  facet normal  0.000000e+000 -1.000000e+000  0.000000e+000
    outer loop
      vertex -4.351665e+001 -7.305759e+000  5.201443e+001
      vertex -4.234395e+001 -7.305759e+000  4.601443e+001
      vertex -4.230680e+001 -7.305759e+000  4.646901e+001
    endloop
  endfacet
  facet normal  0.000000e+000 -1.000000e+000  0.000000e+000
    outer loop
      vertex -4.351665e+001 -7.305759e+000  5.201443e+001
      vertex -4.230680e+001 -7.305759e+000  4.646901e+001
      vertex -4.219635e+001 -7.305759e+000  4.691153e+001
    endloop
  endfacet
  facet normal  0.000000e+000 -1.000000e+000  0.000000e+000
    outer loop
      vertex -4.351665e+001 -7.305759e+000  5.201443e+001
      vertex -4.219635e+001 -7.305759e+000  4.691153e+001
      vertex -4.201551e+001 -7.305759e+000  4.733025e+001
    endloop
  endfacet
  facet normal  0.000000e+000 -1.000000e+000  0.000000e+000
    outer loop
      vertex -4.351665e+001 -7.305759e+000  5.201443e+001
      vertex -4.201551e+001 -7.305759e+000  4.733025e+001
      vertex -4.176910e+001 -7.305759e+000  4.771405e+001
    endloop
  endfacet
  facet normal  0.000000e+000 -1.000000e+000  0.000000e+000
    outer loop
      vertex -4.351665e+001 -7.305759e+000  5.201443e+001
      vertex -4.176910e+001 -7.305759e+000  4.771405e+001
      vertex -4.146365e+001 -7.305759e+000  4.805275e+001
    endloop
  endfacet
  facet normal  0.000000e+000 -9.999999e-001  0.000000e+000
    outer loop
      vertex -4.351665e+001 -7.305759e+000  5.201443e+001
      vertex -4.146365e+001 -7.305759e+000  4.805275e+001
      vertex -4.110727e+001 -7.305759e+000  4.833738e+001
    endloop
  endfacet
  facet normal  0.000000e+000 -1.000000e+000  0.000000e+000
    outer loop
      vertex -4.351665e+001 -7.305759e+000  5.201443e+001
      vertex -4.110727e+001 -7.305759e+000  4.833738e+001
      vertex -4.070940e+001 -7.305759e+000  4.856036e+001
    endloop
  endfacet
  facet normal  0.000000e+000 -1.000000e+000  0.000000e+000
    outer loop
      vertex -4.351665e+001 -7.305759e+000  5.201443e+001
      vertex -4.070940e+001 -7.305759e+000  4.856036e+001
      vertex -4.028061e+001 -7.305759e+000  4.871579e+001
    endloop
  endfacet
  facet normal  0.000000e+000 -1.000000e+000  0.000000e+000
    outer loop
      vertex -4.351665e+001 -7.305759e+000  5.201443e+001
      vertex -4.028061e+001 -7.305759e+000  4.871579e+001
      vertex -3.983227e+001 -7.305759e+000  4.879955e+001
    endloop
  endfacet
  facet normal  0.000000e+000 -1.000000e+000  0.000000e+000
    outer loop
      vertex -4.351665e+001 -7.305759e+000  5.201443e+001
      vertex -3.983227e+001 -7.305759e+000  4.879955e+001
      vertex -3.937628e+001 -7.305759e+000  4.880941e+001
    endloop
  endfacet
  facet normal  0.000000e+000 -1.000000e+000  0.000000e+000
    outer loop
      vertex -4.351665e+001 -7.305759e+000  5.201443e+001
      vertex -3.937628e+001 -7.305759e+000  4.880941e+001
      vertex -3.954395e+001 -7.305759e+000  5.201443e+001
    endloop
  endfacet
  facet normal  0.000000e+000 -1.000000e+000  -0.000000e+000
    outer loop
      vertex -3.748550e+001 -7.305759e+000  4.411633e+001
      vertex -3.781371e+001 -7.305759e+000  4.381301e+001
      vertex -3.819317e+001 -7.305759e+000  4.016846e+001
    endloop
  endfacet
  facet normal  0.000000e+000 -1.000000e+000  0.000000e+000
    outer loop
      vertex -3.748550e+001 -7.305759e+000  4.411633e+001
      vertex -3.819317e+001 -7.305759e+000  4.016846e+001
      vertex -3.753955e+001 -7.305759e+000  4.035913e+001
    endloop
  endfacet
  facet normal  0.000000e+000 -1.000000e+000  0.000000e+000
    outer loop
      vertex -3.748550e+001 -7.305759e+000  4.411633e+001
      vertex -3.753955e+001 -7.305759e+000  4.035913e+001
      vertex -3.691175e+001 -7.305759e+000  4.062263e+001
    endloop
  endfacet
  facet normal  0.000000e+000 -1.000000e+000  0.000000e+000
    outer loop
      vertex -3.748550e+001 -7.305759e+000  4.411633e+001
      vertex -3.691175e+001 -7.305759e+000  4.062263e+001
      vertex -3.631784e+001 -7.305759e+000  4.095556e+001
    endloop
  endfacet
  facet normal  0.000000e+000 -1.000000e+000  0.000000e+000
    outer loop
      vertex -3.748550e+001 -7.305759e+000  4.411633e+001
      vertex -3.631784e+001 -7.305759e+000  4.095556e+001
      vertex -3.576547e+001 -7.305759e+000  4.135363e+001
    endloop
  endfacet
  facet normal  0.000000e+000 -1.000000e+000  0.000000e+000
    outer loop
      vertex -3.748550e+001 -7.305759e+000  4.411633e+001
      vertex -3.576547e+001 -7.305759e+000  4.135363e+001
      vertex -3.526176e+001 -7.305759e+000  4.181172e+001
    endloop
  endfacet
  facet normal  0.000000e+000 -1.000000e+000  0.000000e+000
    outer loop
      vertex -3.748550e+001 -7.305759e+000  4.411633e+001
      vertex -3.526176e+001 -7.305759e+000  4.181172e+001
      vertex -3.481318e+001 -7.305759e+000  4.232393e+001
    endloop
  endfacet
  facet normal  0.000000e+000 -1.000000e+000  0.000000e+000
    outer loop
      vertex -3.748550e+001 -7.305759e+000  4.411633e+001
      vertex -3.481318e+001 -7.305759e+000  4.232393e+001
      vertex -3.442553e+001 -7.305759e+000  4.288366e+001
    endloop
  endfacet
  facet normal  0.000000e+000 -1.000000e+000  0.000000e+000
    outer loop
      vertex -3.748550e+001 -7.305759e+000  4.411633e+001
      vertex -3.442553e+001 -7.305759e+000  4.288366e+001
      vertex -3.410379e+001 -7.305759e+000  4.348370e+001
    endloop
  endfacet
  facet normal  0.000000e+000 -1.000000e+000  0.000000e+000
    outer loop
      vertex -3.748550e+001 -7.305759e+000  4.411633e+001
      vertex -3.410379e+001 -7.305759e+000  4.348370e+001
      vertex -3.385210e+001 -7.305759e+000  4.411633e+001
    endloop
  endfacet
  facet normal  0.000000e+000 -1.000000e+000  0.000000e+000
    outer loop
      vertex -4.351665e+001 -7.305759e+000  4.001443e+001
      vertex -3.954395e+001 -7.305759e+000  4.001443e+001
      vertex -3.946835e+001 -7.305759e+000  4.321545e+001
    endloop
  endfacet
  facet normal  -0.000000e+000 -1.000000e+000  0.000000e+000
    outer loop
      vertex -4.351665e+001 -7.305759e+000  4.001443e+001
      vertex -3.946835e+001 -7.305759e+000  4.321545e+001
      vertex -3.991463e+001 -7.305759e+000  4.323908e+001
    endloop
  endfacet
  facet normal  -0.000000e+000 -1.000000e+000  0.000000e+000
    outer loop
      vertex -4.351665e+001 -7.305759e+000  4.001443e+001
      vertex -3.991463e+001 -7.305759e+000  4.323908e+001
      vertex -4.035147e+001 -7.305759e+000  4.333341e+001
    endloop
  endfacet
  facet normal  -0.000000e+000 -1.000000e+000  0.000000e+000
    outer loop
      vertex -4.351665e+001 -7.305759e+000  4.001443e+001
      vertex -4.035147e+001 -7.305759e+000  4.333341e+001
      vertex -4.076774e+001 -7.305759e+000  4.349604e+001
    endloop
  endfacet
  facet normal  -0.000000e+000 -9.999999e-001  0.000000e+000
    outer loop
      vertex -4.351665e+001 -7.305759e+000  4.001443e+001
      vertex -4.076774e+001 -7.305759e+000  4.349604e+001
      vertex -4.115283e+001 -7.305759e+000  4.372282e+001
    endloop
  endfacet
  facet normal  -0.000000e+000 -9.999999e-001  0.000000e+000
    outer loop
      vertex -4.351665e+001 -7.305759e+000  4.001443e+001
      vertex -4.115283e+001 -7.305759e+000  4.372282e+001
      vertex -4.149694e+001 -7.305759e+000  4.400798e+001
    endloop
  endfacet
  facet normal  -0.000000e+000 -1.000000e+000  0.000000e+000
    outer loop
      vertex -4.351665e+001 -7.305759e+000  4.001443e+001
      vertex -4.149694e+001 -7.305759e+000  4.400798e+001
      vertex -4.179129e+001 -7.305759e+000  4.434426e+001
    endloop
  endfacet
  facet normal  -0.000000e+000 -1.000000e+000  0.000000e+000
    outer loop
      vertex -4.351665e+001 -7.305759e+000  4.001443e+001
      vertex -4.179129e+001 -7.305759e+000  4.434426e+001
      vertex -4.202839e+001 -7.305759e+000  4.472309e+001
    endloop
  endfacet
  facet normal  -0.000000e+000 -9.999999e-001  0.000000e+000
    outer loop
      vertex -4.351665e+001 -7.305759e+000  4.001443e+001
      vertex -4.202839e+001 -7.305759e+000  4.472309e+001
      vertex -4.220219e+001 -7.305759e+000  4.513482e+001
    endloop
  endfacet
  facet normal  -0.000000e+000 -1.000000e+000  0.000000e+000
    outer loop
      vertex -4.351665e+001 -7.305759e+000  4.001443e+001
      vertex -4.220219e+001 -7.305759e+000  4.513482e+001
      vertex -4.230828e+001 -7.305759e+000  4.556895e+001
    endloop
  endfacet
  facet normal  -0.000000e+000 -1.000000e+000  0.000000e+000
    outer loop
      vertex -4.351665e+001 -7.305759e+000  4.001443e+001
      vertex -4.230828e+001 -7.305759e+000  4.556895e+001
      vertex -4.234395e+001 -7.305759e+000  4.601443e+001
    endloop
  endfacet
  facet normal  0.000000e+000 -1.000000e+000  0.000000e+000
    outer loop
      vertex -3.771414e+001 -7.305759e+000  4.813382e+001
      vertex -3.817384e+001 -7.305759e+000  5.185591e+001
      vertex -3.808250e+001 -7.305759e+000  4.840277e+001
    endloop
  endfacet
  facet normal  0.000000e+000 -1.000000e+000  0.000000e+000
    outer loop
      vertex -3.808250e+001 -7.305759e+000  4.840277e+001
      vertex -3.817384e+001 -7.305759e+000  5.185591e+001
      vertex -3.885432e+001 -7.305759e+000  5.197467e+001
    endloop
  endfacet
  facet normal  0.000000e+000 -1.000000e+000  0.000000e+000
    outer loop
      vertex -3.808250e+001 -7.305759e+000  4.840277e+001
      vertex -3.885432e+001 -7.305759e+000  5.197467e+001
      vertex -3.848963e+001 -7.305759e+000  4.860835e+001
    endloop
  endfacet
  facet normal  0.000000e+000 -1.000000e+000  -0.000000e+000
    outer loop
      vertex -3.848963e+001 -7.305759e+000  4.860835e+001
      vertex -3.885432e+001 -7.305759e+000  5.197467e+001
      vertex -3.892474e+001 -7.305759e+000  4.874511e+001
    endloop
  endfacet
  facet normal  0.000000e+000 -9.999999e-001  0.000000e+000
    outer loop
      vertex -3.892474e+001 -7.305759e+000  4.874511e+001
      vertex -3.885432e+001 -7.305759e+000  5.197467e+001
      vertex -3.954395e+001 -7.305759e+000  5.201443e+001
    endloop
  endfacet
  facet normal  0.000000e+000 -1.000000e+000  0.000000e+000
    outer loop
      vertex -3.892474e+001 -7.305759e+000  4.874511e+001
      vertex -3.954395e+001 -7.305759e+000  5.201443e+001
      vertex -3.937628e+001 -7.305759e+000  4.880941e+001
    endloop
  endfacet
  facet normal  0.000000e+000 -1.000000e+000  0.000000e+000
    outer loop
      vertex -4.536844e+001 -7.305759e+000  4.911850e+001
      vertex -4.499691e+001 -7.305759e+000  4.229621e+001
      vertex -4.499691e+001 -7.305759e+000  4.973266e+001
    endloop
  endfacet
  facet normal  0.000000e+000 -9.999999e-001  0.000000e+000
    outer loop
      vertex -4.499691e+001 -7.305759e+000  4.973266e+001
      vertex -4.499691e+001 -7.305759e+000  4.229621e+001
      vertex -4.456088e+001 -7.305759e+000  4.172603e+001
    endloop
  endfacet
  facet normal  0.000000e+000 -1.000000e+000  0.000000e+000
    outer loop
      vertex -4.499691e+001 -7.305759e+000  4.973266e+001
      vertex -4.456088e+001 -7.305759e+000  4.172603e+001
      vertex -4.456088e+001 -7.305759e+000  5.030284e+001
    endloop
  endfacet
  facet normal  0.000000e+000 -1.000000e+000  0.000000e+000
    outer loop
      vertex -4.456088e+001 -7.305759e+000  5.030284e+001
      vertex -4.456088e+001 -7.305759e+000  4.172603e+001
      vertex -4.406551e+001 -7.305759e+000  4.120657e+001
    endloop
  endfacet
  facet normal  0.000000e+000 -1.000000e+000  0.000000e+000
    outer loop
      vertex -4.456088e+001 -7.305759e+000  5.030284e+001
      vertex -4.406551e+001 -7.305759e+000  4.120657e+001
      vertex -4.406551e+001 -7.305759e+000  5.082230e+001
    endloop
  endfacet
  facet normal  0.000000e+000 -1.000000e+000  0.000000e+000
    outer loop
      vertex -4.499691e+001 -7.305759e+000  4.229621e+001
      vertex -4.536844e+001 -7.305759e+000  4.911850e+001
      vertex -4.536844e+001 -7.305759e+000  4.291037e+001
    endloop
  endfacet
  facet normal  0.000000e+000 -9.999999e-001  0.000000e+000
    outer loop
      vertex -4.536844e+001 -7.305759e+000  4.291037e+001
      vertex -4.536844e+001 -7.305759e+000  4.911850e+001
      vertex -4.567109e+001 -7.305759e+000  4.846763e+001
    endloop
  endfacet
  facet normal  0.000000e+000 -1.000000e+000  0.000000e+000
    outer loop
      vertex -4.536844e+001 -7.305759e+000  4.291037e+001
      vertex -4.567109e+001 -7.305759e+000  4.846763e+001
      vertex -4.567109e+001 -7.305759e+000  4.356124e+001
    endloop
  endfacet
  facet normal  0.000000e+000 -1.000000e+000  0.000000e+000
    outer loop
      vertex -4.567109e+001 -7.305759e+000  4.356124e+001
      vertex -4.567109e+001 -7.305759e+000  4.846763e+001
      vertex -4.590126e+001 -7.305759e+000  4.778774e+001
    endloop
  endfacet
  facet normal  0.000000e+000 -1.000000e+000  0.000000e+000
    outer loop
      vertex -4.567109e+001 -7.305759e+000  4.356124e+001
      vertex -4.590126e+001 -7.305759e+000  4.778774e+001
      vertex -4.590126e+001 -7.305759e+000  4.424113e+001
    endloop
  endfacet
  facet normal  0.000000e+000 -1.000000e+000  0.000000e+000
    outer loop
      vertex -4.590126e+001 -7.305759e+000  4.424113e+001
      vertex -4.590126e+001 -7.305759e+000  4.778774e+001
      vertex -4.605624e+001 -7.305759e+000  4.708688e+001
    endloop
  endfacet
  facet normal  0.000000e+000 -1.000000e+000  0.000000e+000
    outer loop
      vertex -4.590126e+001 -7.305759e+000  4.424113e+001
      vertex -4.605624e+001 -7.305759e+000  4.708688e+001
      vertex -4.605624e+001 -7.305759e+000  4.494199e+001
    endloop
  endfacet
  facet normal  0.000000e+000 -1.000000e+000  0.000000e+000
    outer loop
      vertex -4.605624e+001 -7.305759e+000  4.494199e+001
      vertex -4.605624e+001 -7.305759e+000  4.708688e+001
      vertex -4.613418e+001 -7.305759e+000  4.637333e+001
    endloop
  endfacet
  facet normal  0.000000e+000 -1.000000e+000  0.000000e+000
    outer loop
      vertex -4.605624e+001 -7.305759e+000  4.494199e+001
      vertex -4.613418e+001 -7.305759e+000  4.637333e+001
      vertex -4.613418e+001 -7.305759e+000  4.565554e+001
    endloop
  endfacet
  facet normal  0.000000e+000 -1.000000e+000  0.000000e+000
    outer loop
      vertex -3.902399e+001 -7.305759e+000  4.326313e+001
      vertex -3.886419e+001 -7.305759e+000  4.005307e+001
      vertex -3.859288e+001 -7.305759e+000  4.338091e+001
    endloop
  endfacet
  facet normal  0.000000e+000 -1.000000e+000  -0.000000e+000
    outer loop
      vertex -3.859288e+001 -7.305759e+000  4.338091e+001
      vertex -3.886419e+001 -7.305759e+000  4.005307e+001
      vertex -3.819317e+001 -7.305759e+000  4.016846e+001
    endloop
  endfacet
  facet normal  0.000000e+000 -1.000000e+000  0.000000e+000
    outer loop
      vertex -3.859288e+001 -7.305759e+000  4.338091e+001
      vertex -3.819317e+001 -7.305759e+000  4.016846e+001
      vertex -3.818600e+001 -7.305759e+000  4.356577e+001
    endloop
  endfacet
  facet normal  -0.000000e+000 -1.000000e+000  0.000000e+000
    outer loop
      vertex -3.954395e+001 -7.305759e+000  4.001443e+001
      vertex -3.886419e+001 -7.305759e+000  4.005307e+001
      vertex -3.946835e+001 -7.305759e+000  4.321545e+001
    endloop
  endfacet
  facet normal  0.000000e+000 -9.999999e-001  0.000000e+000
    outer loop
      vertex -3.946835e+001 -7.305759e+000  4.321545e+001
      vertex -3.886419e+001 -7.305759e+000  4.005307e+001
      vertex -3.902399e+001 -7.305759e+000  4.326313e+001
    endloop
  endfacet
  facet normal  -0.000000e+000  0.000000e+000 -9.999999e-001
    outer loop
      vertex -3.770522e+001 -6.905759e+000  4.780864e+001
      vertex -3.381849e+001 -6.905759e+000  4.780864e+001
      vertex -3.739433e+001 -7.305759e+000  4.780864e+001
    endloop
  endfacet
  facet normal  0.000000e+000  0.000000e+000 -1.000000e+000
    outer loop
      vertex -3.739433e+001 -7.305759e+000  4.780864e+001
      vertex -3.381849e+001 -6.905759e+000  4.780864e+001
      vertex -3.381849e+001 -7.305759e+000  4.780864e+001
    endloop
  endfacet
  facet normal  -0.000000e+000  0.000000e+000 -1.000000e+000
    outer loop
      vertex -3.739433e+001 -1.990576e+001  4.780864e+001
      vertex -3.381849e+001 -1.990576e+001  4.780864e+001
      vertex -3.770522e+001 -2.030576e+001  4.780864e+001
    endloop
  endfacet
  facet normal  0.000000e+000  0.000000e+000 -1.000000e+000
    outer loop
      vertex -3.770522e+001 -2.030576e+001  4.780864e+001
      vertex -3.381849e+001 -1.990576e+001  4.780864e+001
      vertex -3.381849e+001 -2.030576e+001  4.780864e+001
    endloop
  endfacet
  facet normal  -0.000000e+000  0.000000e+000  1.000000e+000
    outer loop
      vertex -3.385210e+001 -6.905759e+000  4.411633e+001
      vertex -3.781269e+001 -6.905759e+000  4.411633e+001
      vertex -3.385210e+001 -7.305759e+000  4.411633e+001
    endloop
  endfacet
  facet normal  0.000000e+000  0.000000e+000  1.000000e+000
    outer loop
      vertex -3.385210e+001 -7.305759e+000  4.411633e+001
      vertex -3.781269e+001 -6.905759e+000  4.411633e+001
      vertex -3.748550e+001 -7.305759e+000  4.411633e+001
    endloop
  endfacet
  facet normal  -0.000000e+000  0.000000e+000  1.000000e+000
    outer loop
      vertex -3.385210e+001 -1.990576e+001  4.411633e+001
      vertex -3.748550e+001 -1.990576e+001  4.411633e+001
      vertex -3.385210e+001 -2.030576e+001  4.411633e+001
    endloop
  endfacet
  facet normal  0.000000e+000  0.000000e+000  9.999999e-001
    outer loop
      vertex -3.385210e+001 -2.030576e+001  4.411633e+001
      vertex -3.748550e+001 -1.990576e+001  4.411633e+001
      vertex -3.781269e+001 -2.030576e+001  4.411633e+001
    endloop
  endfacet
  facet normal  0.000000e+000 -9.999999e-001  0.000000e+000
    outer loop
      vertex -3.381849e+001 -6.905759e+000  4.780864e+001
      vertex -3.770522e+001 -6.905759e+000  4.780864e+001
      vertex -3.366286e+001 -6.905759e+000  4.720304e+001
    endloop
  endfacet
  facet normal  0.000000e+000 -1.000000e+000  0.000000e+000
    outer loop
      vertex -3.366286e+001 -6.905759e+000  4.720304e+001
      vertex -3.770522e+001 -6.905759e+000  4.780864e+001
      vertex -3.745083e+001 -6.905759e+000  4.750404e+001
    endloop
  endfacet
  facet normal  0.000000e+000 -1.000000e+000  0.000000e+000
    outer loop
      vertex -3.366286e+001 -6.905759e+000  4.720304e+001
      vertex -3.745083e+001 -6.905759e+000  4.750404e+001
      vertex -3.724638e+001 -6.905759e+000  4.716390e+001
    endloop
  endfacet
  facet normal  0.000000e+000 -1.000000e+000  0.000000e+000
    outer loop
      vertex -3.366286e+001 -6.905759e+000  4.720304e+001
      vertex -3.724638e+001 -6.905759e+000  4.716390e+001
      vertex -3.357109e+001 -6.905759e+000  4.658453e+001
    endloop
  endfacet
  facet normal  0.000000e+000 -1.000000e+000  0.000000e+000
    outer loop
      vertex -3.357109e+001 -6.905759e+000  4.658453e+001
      vertex -3.724638e+001 -6.905759e+000  4.716390e+001
      vertex -3.709676e+001 -6.905759e+000  4.679633e+001
    endloop
  endfacet
  facet normal  0.000000e+000 -1.000000e+000  0.000000e+000
    outer loop
      vertex -3.357109e+001 -6.905759e+000  4.658453e+001
      vertex -3.709676e+001 -6.905759e+000  4.679633e+001
      vertex -3.700554e+001 -6.905759e+000  4.641010e+001
    endloop
  endfacet
  facet normal  0.000000e+000 -1.000000e+000  0.000000e+000
    outer loop
      vertex -3.357109e+001 -6.905759e+000  4.658453e+001
      vertex -3.700554e+001 -6.905759e+000  4.641010e+001
      vertex -3.354420e+001 -6.905759e+000  4.595984e+001
    endloop
  endfacet
  facet normal  0.000000e+000 -1.000000e+000  0.000000e+000
    outer loop
      vertex -3.354420e+001 -6.905759e+000  4.595984e+001
      vertex -3.700554e+001 -6.905759e+000  4.641010e+001
      vertex -3.697489e+001 -6.905759e+000  4.601443e+001
    endloop
  endfacet
  facet normal  0.000000e+000 -1.000000e+000  0.000000e+000
    outer loop
      vertex -3.354420e+001 -6.905759e+000  4.595984e+001
      vertex -3.697489e+001 -6.905759e+000  4.601443e+001
      vertex -3.358246e+001 -6.905759e+000  4.533573e+001
    endloop
  endfacet
  facet normal  0.000000e+000 -1.000000e+000  0.000000e+000
    outer loop
      vertex -3.358246e+001 -6.905759e+000  4.533573e+001
      vertex -3.697489e+001 -6.905759e+000  4.601443e+001
      vertex -3.701032e+001 -6.905759e+000  4.558925e+001
    endloop
  endfacet
  facet normal  0.000000e+000 -1.000000e+000  -0.000000e+000
    outer loop
      vertex -3.358246e+001 -6.905759e+000  4.533573e+001
      vertex -3.701032e+001 -6.905759e+000  4.558925e+001
      vertex -3.711563e+001 -6.905759e+000  4.517579e+001
    endloop
  endfacet
  facet normal  0.000000e+000 -1.000000e+000  0.000000e+000
    outer loop
      vertex -3.358246e+001 -6.905759e+000  4.533573e+001
      vertex -3.711563e+001 -6.905759e+000  4.517579e+001
      vertex -3.368546e+001 -6.905759e+000  4.471900e+001
    endloop
  endfacet
  facet normal  0.000000e+000 -1.000000e+000  0.000000e+000
    outer loop
      vertex -3.368546e+001 -6.905759e+000  4.471900e+001
      vertex -3.711563e+001 -6.905759e+000  4.517579e+001
      vertex -3.728791e+001 -6.905759e+000  4.478547e+001
    endloop
  endfacet
  facet normal  0.000000e+000 -1.000000e+000  0.000000e+000
    outer loop
      vertex -3.368546e+001 -6.905759e+000  4.471900e+001
      vertex -3.728791e+001 -6.905759e+000  4.478547e+001
      vertex -3.385210e+001 -6.905759e+000  4.411633e+001
    endloop
  endfacet
  facet normal  0.000000e+000 -1.000000e+000  0.000000e+000
    outer loop
      vertex -3.385210e+001 -6.905759e+000  4.411633e+001
      vertex -3.728791e+001 -6.905759e+000  4.478547e+001
      vertex -3.752242e+001 -6.905759e+000  4.442904e+001
    endloop
  endfacet
  facet normal  0.000000e+000 -1.000000e+000  -0.000000e+000
    outer loop
      vertex -3.385210e+001 -6.905759e+000  4.411633e+001
      vertex -3.752242e+001 -6.905759e+000  4.442904e+001
      vertex -3.781269e+001 -6.905759e+000  4.411633e+001
    endloop
  endfacet
  facet normal  0.000000e+000  1.000000e+000  0.000000e+000
    outer loop
      vertex -3.724638e+001 -2.030576e+001  4.716390e+001
      vertex -3.745083e+001 -2.030576e+001  4.750404e+001
      vertex -3.366286e+001 -2.030576e+001  4.720304e+001
    endloop
  endfacet
  facet normal  0.000000e+000  1.000000e+000  0.000000e+000
    outer loop
      vertex -3.366286e+001 -2.030576e+001  4.720304e+001
      vertex -3.745083e+001 -2.030576e+001  4.750404e+001
      vertex -3.770522e+001 -2.030576e+001  4.780864e+001
    endloop
  endfacet
  facet normal  -0.000000e+000  9.999999e-001  0.000000e+000
    outer loop
      vertex -3.366286e+001 -2.030576e+001  4.720304e+001
      vertex -3.770522e+001 -2.030576e+001  4.780864e+001
      vertex -3.381849e+001 -2.030576e+001  4.780864e+001
    endloop
  endfacet
  facet normal  0.000000e+000  1.000000e+000  0.000000e+000
    outer loop
      vertex -3.700554e+001 -2.030576e+001  4.641010e+001
      vertex -3.709676e+001 -2.030576e+001  4.679633e+001
      vertex -3.357109e+001 -2.030576e+001  4.658453e+001
    endloop
  endfacet
  facet normal  0.000000e+000  1.000000e+000  0.000000e+000
    outer loop
      vertex -3.357109e+001 -2.030576e+001  4.658453e+001
      vertex -3.709676e+001 -2.030576e+001  4.679633e+001
      vertex -3.724638e+001 -2.030576e+001  4.716390e+001
    endloop
  endfacet
  facet normal  -0.000000e+000  1.000000e+000  0.000000e+000
    outer loop
      vertex -3.357109e+001 -2.030576e+001  4.658453e+001
      vertex -3.724638e+001 -2.030576e+001  4.716390e+001
      vertex -3.366286e+001 -2.030576e+001  4.720304e+001
    endloop
  endfacet
  facet normal  0.000000e+000  1.000000e+000  0.000000e+000
    outer loop
      vertex -3.711563e+001 -2.030576e+001  4.517579e+001
      vertex -3.701032e+001 -2.030576e+001  4.558925e+001
      vertex -3.358246e+001 -2.030576e+001  4.533573e+001
    endloop
  endfacet
  facet normal  0.000000e+000  1.000000e+000  0.000000e+000
    outer loop
      vertex -3.358246e+001 -2.030576e+001  4.533573e+001
      vertex -3.701032e+001 -2.030576e+001  4.558925e+001
      vertex -3.697489e+001 -2.030576e+001  4.601443e+001
    endloop
  endfacet
  facet normal  0.000000e+000  1.000000e+000  0.000000e+000
    outer loop
      vertex -3.358246e+001 -2.030576e+001  4.533573e+001
      vertex -3.697489e+001 -2.030576e+001  4.601443e+001
      vertex -3.354420e+001 -2.030576e+001  4.595984e+001
    endloop
  endfacet
  facet normal  0.000000e+000  1.000000e+000  0.000000e+000
    outer loop
      vertex -3.354420e+001 -2.030576e+001  4.595984e+001
      vertex -3.697489e+001 -2.030576e+001  4.601443e+001
      vertex -3.700554e+001 -2.030576e+001  4.641010e+001
    endloop
  endfacet
  facet normal  -0.000000e+000  1.000000e+000  0.000000e+000
    outer loop
      vertex -3.354420e+001 -2.030576e+001  4.595984e+001
      vertex -3.700554e+001 -2.030576e+001  4.641010e+001
      vertex -3.357109e+001 -2.030576e+001  4.658453e+001
    endloop
  endfacet
  facet normal  0.000000e+000  1.000000e+000  0.000000e+000
    outer loop
      vertex -3.781269e+001 -2.030576e+001  4.411633e+001
      vertex -3.752242e+001 -2.030576e+001  4.442904e+001
      vertex -3.385210e+001 -2.030576e+001  4.411633e+001
    endloop
  endfacet
  facet normal  0.000000e+000  1.000000e+000  0.000000e+000
    outer loop
      vertex -3.385210e+001 -2.030576e+001  4.411633e+001
      vertex -3.752242e+001 -2.030576e+001  4.442904e+001
      vertex -3.728791e+001 -2.030576e+001  4.478547e+001
    endloop
  endfacet
  facet normal  0.000000e+000  1.000000e+000  0.000000e+000
    outer loop
      vertex -3.385210e+001 -2.030576e+001  4.411633e+001
      vertex -3.728791e+001 -2.030576e+001  4.478547e+001
      vertex -3.368546e+001 -2.030576e+001  4.471900e+001
    endloop
  endfacet
  facet normal  0.000000e+000  1.000000e+000  0.000000e+000
    outer loop
      vertex -3.368546e+001 -2.030576e+001  4.471900e+001
      vertex -3.728791e+001 -2.030576e+001  4.478547e+001
      vertex -3.711563e+001 -2.030576e+001  4.517579e+001
    endloop
  endfacet
  facet normal  -0.000000e+000  1.000000e+000  0.000000e+000
    outer loop
      vertex -3.368546e+001 -2.030576e+001  4.471900e+001
      vertex -3.711563e+001 -2.030576e+001  4.517579e+001
      vertex -3.358246e+001 -2.030576e+001  4.533573e+001
    endloop
  endfacet
  facet normal  6.924810e-001 -4.172328e-003  7.214239e-001
    outer loop
      vertex -4.436345e+001 -1.770576e+001  4.150528e+001
      vertex -4.406551e+001 -1.990576e+001  4.120657e+001
      vertex -4.385208e+001 -1.770576e+001  4.101443e+001
    endloop
  endfacet
  facet normal  6.444524e-001  4.260654e-003  7.646325e-001
    outer loop
      vertex -4.406551e+001 -1.990576e+001  4.120657e+001
      vertex -4.351665e+001 -1.990576e+001  4.074398e+001
      vertex -4.385208e+001 -1.770576e+001  4.101443e+001
    endloop
  endfacet
  facet normal  6.924810e-001  4.172329e-003 -7.214240e-001
    outer loop
      vertex -4.436345e+001 -9.505759e+000  5.052359e+001
      vertex -4.406551e+001 -7.305759e+000  5.082230e+001
      vertex -4.385208e+001 -9.505759e+000  5.101443e+001
    endloop
  endfacet
  facet normal  6.444525e-001 -4.260655e-003 -7.646326e-001
    outer loop
      vertex -4.406551e+001 -7.305759e+000  5.082230e+001
      vertex -4.351665e+001 -7.305759e+000  5.128489e+001
      vertex -4.385208e+001 -9.505759e+000  5.101443e+001
    endloop
  endfacet
  facet normal  7.236763e-001 -4.301848e-003  6.901263e-001
    outer loop
      vertex -4.456088e+001 -7.305759e+000  4.172603e+001
      vertex -4.436345e+001 -9.505759e+000  4.150528e+001
      vertex -4.406551e+001 -7.305759e+000  4.120657e+001
    endloop
  endfacet
  facet normal  7.658514e-001  4.211273e-003  6.430037e-001
    outer loop
      vertex -4.481923e+001 -9.505759e+000  4.204814e+001
      vertex -4.436345e+001 -9.505759e+000  4.150528e+001
      vertex -4.456088e+001 -7.305759e+000  4.172603e+001
    endloop
  endfacet
  facet normal  7.943423e-001 -4.339265e-003  6.074551e-001
    outer loop
      vertex -4.499691e+001 -7.305759e+000  4.229621e+001
      vertex -4.481923e+001 -9.505759e+000  4.204814e+001
      vertex -4.456088e+001 -7.305759e+000  4.172603e+001
    endloop
  endfacet
  facet normal  8.303940e-001  4.243561e-003  5.571604e-001
    outer loop
      vertex -4.521416e+001 -9.505759e+000  4.263675e+001
      vertex -4.481923e+001 -9.505759e+000  4.204814e+001
      vertex -4.499691e+001 -7.305759e+000  4.229621e+001
    endloop
  endfacet
  facet normal  8.556123e-001 -4.370541e-003  5.175987e-001
    outer loop
      vertex -4.536844e+001 -7.305759e+000  4.291037e+001
      vertex -4.521416e+001 -9.505759e+000  4.263675e+001
      vertex -4.499691e+001 -7.305759e+000  4.229621e+001
    endloop
  endfacet
  facet normal  8.853561e-001  4.270366e-003  4.648938e-001
    outer loop
      vertex -4.554369e+001 -9.505759e+000  4.326431e+001
      vertex -4.521416e+001 -9.505759e+000  4.263675e+001
      vertex -4.536844e+001 -7.305759e+000  4.291037e+001
    endloop
  endfacet
  facet normal  9.067593e-001 -4.395667e-003  4.216259e-001
    outer loop
      vertex -4.567109e+001 -7.305759e+000  4.356124e+001
      vertex -4.554369e+001 -9.505759e+000  4.326431e+001
      vertex -4.536844e+001 -7.305759e+000  4.291037e+001
    endloop
  endfacet
  facet normal  9.301074e-001  4.293529e-003  3.672629e-001
    outer loop
      vertex -4.580401e+001 -9.505759e+000  4.392360e+001
      vertex -4.554369e+001 -9.505759e+000  4.326431e+001
      vertex -4.567109e+001 -7.305759e+000  4.356124e+001
    endloop
  endfacet
  facet normal  9.471836e-001 -4.413967e-003  3.206614e-001
    outer loop
      vertex -4.590126e+001 -7.305759e+000  4.424113e+001
      vertex -4.580401e+001 -9.505759e+000  4.392360e+001
      vertex -4.567109e+001 -7.305759e+000  4.356124e+001
    endloop
  endfacet
  facet normal  9.641279e-001  4.310508e-003  2.654029e-001
    outer loop
      vertex -4.599214e+001 -9.505759e+000  4.460700e+001
      vertex -4.580401e+001 -9.505759e+000  4.392360e+001
      vertex -4.590126e+001 -7.305759e+000  4.424113e+001
    endloop
  endfacet
  facet normal  9.764035e-001 -4.427746e-003  2.159092e-001
    outer loop
      vertex -4.605624e+001 -7.305759e+000  4.494199e+001
      vertex -4.599214e+001 -9.505759e+000  4.460700e+001
      vertex -4.590126e+001 -7.305759e+000  4.424113e+001
    endloop
  endfacet
  facet normal  9.870309e-001  4.323212e-003  1.604716e-001
    outer loop
      vertex -4.610588e+001 -9.505759e+000  4.530664e+001
      vertex -4.599214e+001 -9.505759e+000  4.460700e+001
      vertex -4.605624e+001 -7.305759e+000  4.494199e+001
    endloop
  endfacet
  facet normal  9.940766e-001 -4.435095e-003  1.085900e-001
    outer loop
      vertex -4.613418e+001 -7.305759e+000  4.565554e+001
      vertex -4.610588e+001 -9.505759e+000  4.530664e+001
      vertex -4.605624e+001 -7.305759e+000  4.494199e+001
    endloop
  endfacet
  facet normal  9.985477e-001  4.327678e-003  5.369861e-002
    outer loop
      vertex -4.614395e+001 -9.505759e+000  4.601443e+001
      vertex -4.610588e+001 -9.505759e+000  4.530664e+001
      vertex -4.613418e+001 -7.305759e+000  4.565554e+001
    endloop
  endfacet
  facet normal  9.999900e-001 -4.438876e-003  0.000000e+000
    outer loop
      vertex -4.613418e+001 -7.305759e+000  4.637333e+001
      vertex -4.614395e+001 -9.505759e+000  4.601443e+001
      vertex -4.613418e+001 -7.305759e+000  4.565554e+001
    endloop
  endfacet
  facet normal  9.985477e-001  4.327678e-003 -5.369861e-002
    outer loop
      vertex -4.613418e+001 -7.305759e+000  4.637333e+001
      vertex -4.610588e+001 -9.505759e+000  4.672223e+001
      vertex -4.614395e+001 -9.505759e+000  4.601443e+001
    endloop
  endfacet
  facet normal  9.940767e-001 -4.435094e-003 -1.085900e-001
    outer loop
      vertex -4.610588e+001 -9.505759e+000  4.672223e+001
      vertex -4.613418e+001 -7.305759e+000  4.637333e+001
      vertex -4.605624e+001 -7.305759e+000  4.708688e+001
    endloop
  endfacet
  facet normal  9.870309e-001  4.323212e-003 -1.604716e-001
    outer loop
      vertex -4.605624e+001 -7.305759e+000  4.708688e+001
      vertex -4.599214e+001 -9.505759e+000  4.742187e+001
      vertex -4.610588e+001 -9.505759e+000  4.672223e+001
    endloop
  endfacet
  facet normal  9.764035e-001 -4.427748e-003 -2.159092e-001
    outer loop
      vertex -4.599214e+001 -9.505759e+000  4.742187e+001
      vertex -4.605624e+001 -7.305759e+000  4.708688e+001
      vertex -4.590126e+001 -7.305759e+000  4.778774e+001
    endloop
  endfacet
  facet normal  9.641279e-001  4.310508e-003 -2.654029e-001
    outer loop
      vertex -4.590126e+001 -7.305759e+000  4.778774e+001
      vertex -4.580401e+001 -9.505759e+000  4.810527e+001
      vertex -4.599214e+001 -9.505759e+000  4.742187e+001
    endloop
  endfacet
  facet normal  9.471836e-001 -4.413968e-003 -3.206615e-001
    outer loop
      vertex -4.580401e+001 -9.505759e+000  4.810527e+001
      vertex -4.590126e+001 -7.305759e+000  4.778774e+001
      vertex -4.567109e+001 -7.305759e+000  4.846763e+001
    endloop
  endfacet
  facet normal  9.301074e-001  4.293529e-003 -3.672629e-001
    outer loop
      vertex -4.567109e+001 -7.305759e+000  4.846763e+001
      vertex -4.554369e+001 -9.505759e+000  4.876456e+001
      vertex -4.580401e+001 -9.505759e+000  4.810527e+001
    endloop
  endfacet
  facet normal  9.067593e-001 -4.395665e-003 -4.216259e-001
    outer loop
      vertex -4.554369e+001 -9.505759e+000  4.876456e+001
      vertex -4.567109e+001 -7.305759e+000  4.846763e+001
      vertex -4.536844e+001 -7.305759e+000  4.911850e+001
    endloop
  endfacet
  facet normal  8.853561e-001  4.270366e-003 -4.648938e-001
    outer loop
      vertex -4.536844e+001 -7.305759e+000  4.911850e+001
      vertex -4.521416e+001 -9.505759e+000  4.939212e+001
      vertex -4.554369e+001 -9.505759e+000  4.876456e+001
    endloop
  endfacet
  facet normal  8.556123e-001 -4.370541e-003 -5.175987e-001
    outer loop
      vertex -4.521416e+001 -9.505759e+000  4.939212e+001
      vertex -4.536844e+001 -7.305759e+000  4.911850e+001
      vertex -4.499691e+001 -7.305759e+000  4.973266e+001
    endloop
  endfacet
  facet normal  8.303940e-001  4.243561e-003 -5.571604e-001
    outer loop
      vertex -4.499691e+001 -7.305759e+000  4.973266e+001
      vertex -4.481923e+001 -9.505759e+000  4.998073e+001
      vertex -4.521416e+001 -9.505759e+000  4.939212e+001
    endloop
  endfacet
  facet normal  7.943423e-001 -4.339265e-003 -6.074551e-001
    outer loop
      vertex -4.481923e+001 -9.505759e+000  4.998073e+001
      vertex -4.499691e+001 -7.305759e+000  4.973266e+001
      vertex -4.456088e+001 -7.305759e+000  5.030284e+001
    endloop
  endfacet
  facet normal  7.658514e-001  4.211273e-003 -6.430037e-001
    outer loop
      vertex -4.456088e+001 -7.305759e+000  5.030284e+001
      vertex -4.436345e+001 -9.505759e+000  5.052359e+001
      vertex -4.481923e+001 -9.505759e+000  4.998073e+001
    endloop
  endfacet
  facet normal  7.236763e-001 -4.301850e-003 -6.901263e-001
    outer loop
      vertex -4.436345e+001 -9.505759e+000  5.052359e+001
      vertex -4.456088e+001 -7.305759e+000  5.030284e+001
      vertex -4.406551e+001 -7.305759e+000  5.082230e+001
    endloop
  endfacet
  facet normal  7.236762e-001  4.301849e-003  6.901262e-001
    outer loop
      vertex -4.436345e+001 -1.770576e+001  4.150528e+001
      vertex -4.456088e+001 -1.990576e+001  4.172603e+001
      vertex -4.406551e+001 -1.990576e+001  4.120657e+001
    endloop
  endfacet
  facet normal  7.658514e-001 -4.211272e-003  6.430037e-001
    outer loop
      vertex -4.456088e+001 -1.990576e+001  4.172603e+001
      vertex -4.436345e+001 -1.770576e+001  4.150528e+001
      vertex -4.481923e+001 -1.770576e+001  4.204814e+001
    endloop
  endfacet
  facet normal  7.943422e-001  4.339264e-003  6.074550e-001
    outer loop
      vertex -4.481923e+001 -1.770576e+001  4.204814e+001
      vertex -4.499691e+001 -1.990576e+001  4.229621e+001
      vertex -4.456088e+001 -1.990576e+001  4.172603e+001
    endloop
  endfacet
  facet normal  8.303940e-001 -4.243560e-003  5.571604e-001
    outer loop
      vertex -4.499691e+001 -1.990576e+001  4.229621e+001
      vertex -4.481923e+001 -1.770576e+001  4.204814e+001
      vertex -4.521416e+001 -1.770576e+001  4.263675e+001
    endloop
  endfacet
  facet normal  8.556123e-001  4.370540e-003  5.175987e-001
    outer loop
      vertex -4.521416e+001 -1.770576e+001  4.263675e+001
      vertex -4.536844e+001 -1.990576e+001  4.291037e+001
      vertex -4.499691e+001 -1.990576e+001  4.229621e+001
    endloop
  endfacet
  facet normal  8.853562e-001 -4.270366e-003  4.648938e-001
    outer loop
      vertex -4.536844e+001 -1.990576e+001  4.291037e+001
      vertex -4.521416e+001 -1.770576e+001  4.263675e+001
      vertex -4.554369e+001 -1.770576e+001  4.326431e+001
    endloop
  endfacet
  facet normal  9.067593e-001  4.395663e-003  4.216259e-001
    outer loop
      vertex -4.554369e+001 -1.770576e+001  4.326431e+001
      vertex -4.567109e+001 -1.990576e+001  4.356124e+001
      vertex -4.536844e+001 -1.990576e+001  4.291037e+001
    endloop
  endfacet
  facet normal  9.301072e-001 -4.293528e-003  3.672629e-001
    outer loop
      vertex -4.567109e+001 -1.990576e+001  4.356124e+001
      vertex -4.554369e+001 -1.770576e+001  4.326431e+001
      vertex -4.580401e+001 -1.770576e+001  4.392360e+001
    endloop
  endfacet
  facet normal  9.471837e-001  4.413967e-003  3.206614e-001
    outer loop
      vertex -4.580401e+001 -1.770576e+001  4.392360e+001
      vertex -4.590126e+001 -1.990576e+001  4.424113e+001
      vertex -4.567109e+001 -1.990576e+001  4.356124e+001
    endloop
  endfacet
  facet normal  9.641279e-001 -4.310507e-003  2.654029e-001
    outer loop
      vertex -4.590126e+001 -1.990576e+001  4.424113e+001
      vertex -4.580401e+001 -1.770576e+001  4.392360e+001
      vertex -4.599214e+001 -1.770576e+001  4.460700e+001
    endloop
  endfacet
  facet normal  9.764034e-001  4.427746e-003  2.159092e-001
    outer loop
      vertex -4.599214e+001 -1.770576e+001  4.460700e+001
      vertex -4.605624e+001 -1.990576e+001  4.494199e+001
      vertex -4.590126e+001 -1.990576e+001  4.424113e+001
    endloop
  endfacet
  facet normal  9.870310e-001 -4.323212e-003  1.604716e-001
    outer loop
      vertex -4.605624e+001 -1.990576e+001  4.494199e+001
      vertex -4.599214e+001 -1.770576e+001  4.460700e+001
      vertex -4.610588e+001 -1.770576e+001  4.530664e+001
    endloop
  endfacet
  facet normal  9.940767e-001  4.435094e-003  1.085900e-001
    outer loop
      vertex -4.610588e+001 -1.770576e+001  4.530664e+001
      vertex -4.613418e+001 -1.990576e+001  4.565554e+001
      vertex -4.605624e+001 -1.990576e+001  4.494199e+001
    endloop
  endfacet
  facet normal  9.985478e-001 -4.327677e-003  5.369861e-002
    outer loop
      vertex -4.613418e+001 -1.990576e+001  4.565554e+001
      vertex -4.610588e+001 -1.770576e+001  4.530664e+001
      vertex -4.614395e+001 -1.770576e+001  4.601443e+001
    endloop
  endfacet
  facet normal  9.999902e-001  4.438875e-003  0.000000e+000
    outer loop
      vertex -4.614395e+001 -1.770576e+001  4.601443e+001
      vertex -4.613418e+001 -1.990576e+001  4.637333e+001
      vertex -4.613418e+001 -1.990576e+001  4.565554e+001
    endloop
  endfacet
  facet normal  9.985479e-001 -4.327677e-003 -5.369863e-002
    outer loop
      vertex -4.610588e+001 -1.770576e+001  4.672223e+001
      vertex -4.613418e+001 -1.990576e+001  4.637333e+001
      vertex -4.614395e+001 -1.770576e+001  4.601443e+001
    endloop
  endfacet
  facet normal  9.940767e-001  4.435094e-003 -1.085900e-001
    outer loop
      vertex -4.605624e+001 -1.990576e+001  4.708688e+001
      vertex -4.613418e+001 -1.990576e+001  4.637333e+001
      vertex -4.610588e+001 -1.770576e+001  4.672223e+001
    endloop
  endfacet
  facet normal  9.870310e-001 -4.323212e-003 -1.604716e-001
    outer loop
      vertex -4.599214e+001 -1.770576e+001  4.742187e+001
      vertex -4.605624e+001 -1.990576e+001  4.708688e+001
      vertex -4.610588e+001 -1.770576e+001  4.672223e+001
    endloop
  endfacet
  facet normal  9.764034e-001  4.427746e-003 -2.159092e-001
    outer loop
      vertex -4.590126e+001 -1.990576e+001  4.778774e+001
      vertex -4.605624e+001 -1.990576e+001  4.708688e+001
      vertex -4.599214e+001 -1.770576e+001  4.742187e+001
    endloop
  endfacet
  facet normal  9.641279e-001 -4.310504e-003 -2.654029e-001
    outer loop
      vertex -4.580401e+001 -1.770576e+001  4.810527e+001
      vertex -4.590126e+001 -1.990576e+001  4.778774e+001
      vertex -4.599214e+001 -1.770576e+001  4.742187e+001
    endloop
  endfacet
  facet normal  9.471837e-001  4.413967e-003 -3.206614e-001
    outer loop
      vertex -4.567109e+001 -1.990576e+001  4.846763e+001
      vertex -4.590126e+001 -1.990576e+001  4.778774e+001
      vertex -4.580401e+001 -1.770576e+001  4.810527e+001
    endloop
  endfacet
  facet normal  9.301072e-001 -4.293528e-003 -3.672629e-001
    outer loop
      vertex -4.554369e+001 -1.770576e+001  4.876456e+001
      vertex -4.567109e+001 -1.990576e+001  4.846763e+001
      vertex -4.580401e+001 -1.770576e+001  4.810527e+001
    endloop
  endfacet
  facet normal  9.067593e-001  4.395663e-003 -4.216259e-001
    outer loop
      vertex -4.536844e+001 -1.990576e+001  4.911850e+001
      vertex -4.567109e+001 -1.990576e+001  4.846763e+001
      vertex -4.554369e+001 -1.770576e+001  4.876456e+001
    endloop
  endfacet
  facet normal  8.853562e-001 -4.270368e-003 -4.648938e-001
    outer loop
      vertex -4.521416e+001 -1.770576e+001  4.939212e+001
      vertex -4.536844e+001 -1.990576e+001  4.911850e+001
      vertex -4.554369e+001 -1.770576e+001  4.876456e+001
    endloop
  endfacet
  facet normal  8.556123e-001  4.370540e-003 -5.175987e-001
    outer loop
      vertex -4.499691e+001 -1.990576e+001  4.973266e+001
      vertex -4.536844e+001 -1.990576e+001  4.911850e+001
      vertex -4.521416e+001 -1.770576e+001  4.939212e+001
    endloop
  endfacet
  facet normal  8.303940e-001 -4.243562e-003 -5.571604e-001
    outer loop
      vertex -4.481923e+001 -1.770576e+001  4.998073e+001
      vertex -4.499691e+001 -1.990576e+001  4.973266e+001
      vertex -4.521416e+001 -1.770576e+001  4.939212e+001
    endloop
  endfacet
  facet normal  7.943422e-001  4.339264e-003 -6.074550e-001
    outer loop
      vertex -4.456088e+001 -1.990576e+001  5.030284e+001
      vertex -4.499691e+001 -1.990576e+001  4.973266e+001
      vertex -4.481923e+001 -1.770576e+001  4.998073e+001
    endloop
  endfacet
  facet normal  7.658514e-001 -4.211272e-003 -6.430037e-001
    outer loop
      vertex -4.436345e+001 -1.770576e+001  5.052359e+001
      vertex -4.456088e+001 -1.990576e+001  5.030284e+001
      vertex -4.481923e+001 -1.770576e+001  4.998073e+001
    endloop
  endfacet
  facet normal  7.236762e-001  4.301849e-003 -6.901262e-001
    outer loop
      vertex -4.406551e+001 -1.990576e+001  5.082230e+001
      vertex -4.456088e+001 -1.990576e+001  5.030284e+001
      vertex -4.436345e+001 -1.770576e+001  5.052359e+001
    endloop
  endfacet
  facet normal  6.276714e-001  0.000000e+000 -7.784783e-001
    outer loop
      vertex -4.385208e+001 -1.770576e+001  5.101443e+001
      vertex -4.385208e+001 -9.505759e+000  5.101443e+001
      vertex -4.351665e+001 -7.305759e+000  5.128489e+001
    endloop
  endfacet
  facet normal  6.276714e-001  0.000000e+000 -7.784783e-001
    outer loop
      vertex -4.385208e+001 -1.770576e+001  5.101443e+001
      vertex -4.351665e+001 -7.305759e+000  5.128489e+001
      vertex -4.351665e+001 -1.990576e+001  5.128489e+001
    endloop
  endfacet
  facet normal  6.444524e-001  4.260654e-003 -7.646325e-001
    outer loop
      vertex -4.385208e+001 -1.770576e+001  5.101443e+001
      vertex -4.351665e+001 -1.990576e+001  5.128489e+001
      vertex -4.406551e+001 -1.990576e+001  5.082230e+001
    endloop
  endfacet
  facet normal  6.924810e-001 -4.172328e-003 -7.214239e-001
    outer loop
      vertex -4.385208e+001 -1.770576e+001  5.101443e+001
      vertex -4.406551e+001 -1.990576e+001  5.082230e+001
      vertex -4.436345e+001 -1.770576e+001  5.052359e+001
    endloop
  endfacet
  facet normal  6.276714e-001  -0.000000e+000  7.784783e-001
    outer loop
      vertex -4.385208e+001 -9.505759e+000  4.101443e+001
      vertex -4.385208e+001 -1.770576e+001  4.101443e+001
      vertex -4.351665e+001 -1.990576e+001  4.074398e+001
    endloop
  endfacet
  facet normal  6.276714e-001  -0.000000e+000  7.784783e-001
    outer loop
      vertex -4.385208e+001 -9.505759e+000  4.101443e+001
      vertex -4.351665e+001 -1.990576e+001  4.074398e+001
      vertex -4.351665e+001 -7.305759e+000  4.074398e+001
    endloop
  endfacet
  facet normal  6.444525e-001 -4.260655e-003  7.646326e-001
    outer loop
      vertex -4.385208e+001 -9.505759e+000  4.101443e+001
      vertex -4.351665e+001 -7.305759e+000  4.074398e+001
      vertex -4.406551e+001 -7.305759e+000  4.120657e+001
    endloop
  endfacet
  facet normal  6.924810e-001  4.172329e-003  7.214240e-001
    outer loop
      vertex -4.385208e+001 -9.505759e+000  4.101443e+001
      vertex -4.406551e+001 -7.305759e+000  4.120657e+001
      vertex -4.436345e+001 -9.505759e+000  4.150528e+001
    endloop
  endfacet
  facet normal  -0.000000e+000  0.000000e+000  1.000000e+000
    outer loop
      vertex -4.385208e+001 -9.505759e+000  4.101443e+001
      vertex -4.786426e+001 -9.505759e+000  4.101443e+001
      vertex -4.786426e+001 -1.358731e+001  4.101443e+001
    endloop
  endfacet
  facet normal  -0.000000e+000  0.000000e+000  1.000000e+000
    outer loop
      vertex -4.385208e+001 -9.505759e+000  4.101443e+001
      vertex -4.786426e+001 -1.358731e+001  4.101443e+001
      vertex -4.786426e+001 -1.375149e+001  4.101443e+001
    endloop
  endfacet
  facet normal  -0.000000e+000  0.000000e+000  1.000000e+000
    outer loop
      vertex -4.385208e+001 -9.505759e+000  4.101443e+001
      vertex -4.786426e+001 -1.375149e+001  4.101443e+001
      vertex -4.786426e+001 -1.770576e+001  4.101443e+001
    endloop
  endfacet
  facet normal  0.000000e+000  0.000000e+000  1.000000e+000
    outer loop
      vertex -4.385208e+001 -9.505759e+000  4.101443e+001
      vertex -4.786426e+001 -1.770576e+001  4.101443e+001
      vertex -4.385208e+001 -1.770576e+001  4.101443e+001
    endloop
  endfacet
  facet normal  0.000000e+000 -1.000000e+000  0.000000e+000
    outer loop
      vertex -4.786426e+001 -9.505759e+000  5.101443e+001
      vertex -4.786426e+001 -9.505759e+000  4.101443e+001
      vertex -4.614395e+001 -9.505759e+000  4.601443e+001
    endloop
  endfacet
  facet normal  0.000000e+000 -1.000000e+000  0.000000e+000
    outer loop
      vertex -4.786426e+001 -9.505759e+000  5.101443e+001
      vertex -4.614395e+001 -9.505759e+000  4.601443e+001
      vertex -4.610588e+001 -9.505759e+000  4.672223e+001
    endloop
  endfacet
  facet normal  0.000000e+000 -1.000000e+000  0.000000e+000
    outer loop
      vertex -4.786426e+001 -9.505759e+000  5.101443e+001
      vertex -4.610588e+001 -9.505759e+000  4.672223e+001
      vertex -4.599214e+001 -9.505759e+000  4.742187e+001
    endloop
  endfacet
  facet normal  0.000000e+000 -1.000000e+000  0.000000e+000
    outer loop
      vertex -4.786426e+001 -9.505759e+000  5.101443e+001
      vertex -4.599214e+001 -9.505759e+000  4.742187e+001
      vertex -4.580401e+001 -9.505759e+000  4.810527e+001
    endloop
  endfacet
  facet normal  0.000000e+000 -1.000000e+000  0.000000e+000
    outer loop
      vertex -4.786426e+001 -9.505759e+000  5.101443e+001
      vertex -4.580401e+001 -9.505759e+000  4.810527e+001
      vertex -4.554369e+001 -9.505759e+000  4.876456e+001
    endloop
  endfacet
  facet normal  0.000000e+000 -1.000000e+000  0.000000e+000
    outer loop
      vertex -4.786426e+001 -9.505759e+000  5.101443e+001
      vertex -4.554369e+001 -9.505759e+000  4.876456e+001
      vertex -4.521416e+001 -9.505759e+000  4.939212e+001
    endloop
  endfacet
  facet normal  0.000000e+000 -1.000000e+000  0.000000e+000
    outer loop
      vertex -4.786426e+001 -9.505759e+000  5.101443e+001
      vertex -4.521416e+001 -9.505759e+000  4.939212e+001
      vertex -4.481923e+001 -9.505759e+000  4.998073e+001
    endloop
  endfacet
  facet normal  0.000000e+000 -1.000000e+000  0.000000e+000
    outer loop
      vertex -4.786426e+001 -9.505759e+000  5.101443e+001
      vertex -4.481923e+001 -9.505759e+000  4.998073e+001
      vertex -4.436345e+001 -9.505759e+000  5.052359e+001
    endloop
  endfacet
  facet normal  0.000000e+000 -1.000000e+000  0.000000e+000
    outer loop
      vertex -4.786426e+001 -9.505759e+000  5.101443e+001
      vertex -4.436345e+001 -9.505759e+000  5.052359e+001
      vertex -4.385208e+001 -9.505759e+000  5.101443e+001
    endloop
  endfacet
  facet normal  0.000000e+000 -9.999999e-001  0.000000e+000
    outer loop
      vertex -4.786426e+001 -9.505759e+000  4.101443e+001
      vertex -4.385208e+001 -9.505759e+000  4.101443e+001
      vertex -4.436345e+001 -9.505759e+000  4.150528e+001
    endloop
  endfacet
  facet normal  -0.000000e+000 -1.000000e+000  0.000000e+000
    outer loop
      vertex -4.786426e+001 -9.505759e+000  4.101443e+001
      vertex -4.436345e+001 -9.505759e+000  4.150528e+001
      vertex -4.481923e+001 -9.505759e+000  4.204814e+001
    endloop
  endfacet
  facet normal  -0.000000e+000 -1.000000e+000  0.000000e+000
    outer loop
      vertex -4.786426e+001 -9.505759e+000  4.101443e+001
      vertex -4.481923e+001 -9.505759e+000  4.204814e+001
      vertex -4.521416e+001 -9.505759e+000  4.263675e+001
    endloop
  endfacet
  facet normal  -0.000000e+000 -1.000000e+000  0.000000e+000
    outer loop
      vertex -4.786426e+001 -9.505759e+000  4.101443e+001
      vertex -4.521416e+001 -9.505759e+000  4.263675e+001
      vertex -4.554369e+001 -9.505759e+000  4.326431e+001
    endloop
  endfacet
  facet normal  -0.000000e+000 -1.000000e+000  0.000000e+000
    outer loop
      vertex -4.786426e+001 -9.505759e+000  4.101443e+001
      vertex -4.554369e+001 -9.505759e+000  4.326431e+001
      vertex -4.580401e+001 -9.505759e+000  4.392360e+001
    endloop
  endfacet
  facet normal  -0.000000e+000 -1.000000e+000  0.000000e+000
    outer loop
      vertex -4.786426e+001 -9.505759e+000  4.101443e+001
      vertex -4.580401e+001 -9.505759e+000  4.392360e+001
      vertex -4.599214e+001 -9.505759e+000  4.460700e+001
    endloop
  endfacet
  facet normal  -0.000000e+000 -1.000000e+000  0.000000e+000
    outer loop
      vertex -4.786426e+001 -9.505759e+000  4.101443e+001
      vertex -4.599214e+001 -9.505759e+000  4.460700e+001
      vertex -4.610588e+001 -9.505759e+000  4.530664e+001
    endloop
  endfacet
  facet normal  -0.000000e+000 -1.000000e+000  0.000000e+000
    outer loop
      vertex -4.786426e+001 -9.505759e+000  4.101443e+001
      vertex -4.610588e+001 -9.505759e+000  4.530664e+001
      vertex -4.614395e+001 -9.505759e+000  4.601443e+001
    endloop
  endfacet
  facet normal  -0.000000e+000  0.000000e+000 -1.000000e+000
    outer loop
      vertex -4.786426e+001 -9.505759e+000  5.101443e+001
      vertex -4.385208e+001 -9.505759e+000  5.101443e+001
      vertex -4.786426e+001 -1.770576e+001  5.101443e+001
    endloop
  endfacet
  facet normal  0.000000e+000  0.000000e+000 -1.000000e+000
    outer loop
      vertex -4.786426e+001 -1.770576e+001  5.101443e+001
      vertex -4.385208e+001 -9.505759e+000  5.101443e+001
      vertex -4.385208e+001 -1.770576e+001  5.101443e+001
    endloop
  endfacet
  facet normal  1.000000e+000  0.000000e+000  0.000000e+000
    outer loop
      vertex -4.351665e+001 -1.990576e+001  4.074398e+001
      vertex -4.351665e+001 -1.990576e+001  4.001443e+001
      vertex -4.351665e+001 -7.305759e+000  4.074398e+001
    endloop
  endfacet
  facet normal  1.000000e+000  0.000000e+000  0.000000e+000
    outer loop
      vertex -4.351665e+001 -7.305759e+000  4.074398e+001
      vertex -4.351665e+001 -1.990576e+001  4.001443e+001
      vertex -4.351665e+001 -7.305759e+000  4.001443e+001
    endloop
  endfacet
  facet normal  1.000000e+000  0.000000e+000  0.000000e+000
    outer loop
      vertex -4.351665e+001 -1.990576e+001  5.201443e+001
      vertex -4.351665e+001 -1.990576e+001  5.128489e+001
      vertex -4.351665e+001 -7.305759e+000  5.201443e+001
    endloop
  endfacet
  facet normal  1.000000e+000  0.000000e+000  0.000000e+000
    outer loop
      vertex -4.351665e+001 -7.305759e+000  5.201443e+001
      vertex -4.351665e+001 -1.990576e+001  5.128489e+001
      vertex -4.351665e+001 -7.305759e+000  5.128489e+001
    endloop
  endfacet
  facet normal  0.000000e+000  1.000000e+000  0.000000e+000
    outer loop
      vertex -4.786426e+001 -1.770576e+001  4.101443e+001
      vertex -4.786426e+001 -1.770576e+001  5.101443e+001
      vertex -4.614395e+001 -1.770576e+001  4.601443e+001
    endloop
  endfacet
  facet normal  0.000000e+000  1.000000e+000  0.000000e+000
    outer loop
      vertex -4.786426e+001 -1.770576e+001  4.101443e+001
      vertex -4.614395e+001 -1.770576e+001  4.601443e+001
      vertex -4.610588e+001 -1.770576e+001  4.530664e+001
    endloop
  endfacet
  facet normal  0.000000e+000  1.000000e+000  0.000000e+000
    outer loop
      vertex -4.786426e+001 -1.770576e+001  4.101443e+001
      vertex -4.610588e+001 -1.770576e+001  4.530664e+001
      vertex -4.599214e+001 -1.770576e+001  4.460700e+001
    endloop
  endfacet
  facet normal  0.000000e+000  1.000000e+000  0.000000e+000
    outer loop
      vertex -4.786426e+001 -1.770576e+001  4.101443e+001
      vertex -4.599214e+001 -1.770576e+001  4.460700e+001
      vertex -4.580401e+001 -1.770576e+001  4.392360e+001
    endloop
  endfacet
  facet normal  0.000000e+000  1.000000e+000  0.000000e+000
    outer loop
      vertex -4.786426e+001 -1.770576e+001  4.101443e+001
      vertex -4.580401e+001 -1.770576e+001  4.392360e+001
      vertex -4.554369e+001 -1.770576e+001  4.326431e+001
    endloop
  endfacet
  facet normal  0.000000e+000  1.000000e+000  0.000000e+000
    outer loop
      vertex -4.786426e+001 -1.770576e+001  4.101443e+001
      vertex -4.554369e+001 -1.770576e+001  4.326431e+001
      vertex -4.521416e+001 -1.770576e+001  4.263675e+001
    endloop
  endfacet
  facet normal  0.000000e+000  1.000000e+000  0.000000e+000
    outer loop
      vertex -4.786426e+001 -1.770576e+001  4.101443e+001
      vertex -4.521416e+001 -1.770576e+001  4.263675e+001
      vertex -4.481923e+001 -1.770576e+001  4.204814e+001
    endloop
  endfacet
  facet normal  0.000000e+000  1.000000e+000  0.000000e+000
    outer loop
      vertex -4.786426e+001 -1.770576e+001  4.101443e+001
      vertex -4.481923e+001 -1.770576e+001  4.204814e+001
      vertex -4.436345e+001 -1.770576e+001  4.150528e+001
    endloop
  endfacet
  facet normal  0.000000e+000  1.000000e+000  0.000000e+000
    outer loop
      vertex -4.786426e+001 -1.770576e+001  4.101443e+001
      vertex -4.436345e+001 -1.770576e+001  4.150528e+001
      vertex -4.385208e+001 -1.770576e+001  4.101443e+001
    endloop
  endfacet
  facet normal  0.000000e+000  9.999999e-001  0.000000e+000
    outer loop
      vertex -4.786426e+001 -1.770576e+001  5.101443e+001
      vertex -4.385208e+001 -1.770576e+001  5.101443e+001
      vertex -4.436345e+001 -1.770576e+001  5.052359e+001
    endloop
  endfacet
  facet normal  0.000000e+000  1.000000e+000  0.000000e+000
    outer loop
      vertex -4.786426e+001 -1.770576e+001  5.101443e+001
      vertex -4.436345e+001 -1.770576e+001  5.052359e+001
      vertex -4.481923e+001 -1.770576e+001  4.998073e+001
    endloop
  endfacet
  facet normal  0.000000e+000  1.000000e+000  0.000000e+000
    outer loop
      vertex -4.786426e+001 -1.770576e+001  5.101443e+001
      vertex -4.481923e+001 -1.770576e+001  4.998073e+001
      vertex -4.521416e+001 -1.770576e+001  4.939212e+001
    endloop
  endfacet
  facet normal  0.000000e+000  1.000000e+000  0.000000e+000
    outer loop
      vertex -4.786426e+001 -1.770576e+001  5.101443e+001
      vertex -4.521416e+001 -1.770576e+001  4.939212e+001
      vertex -4.554369e+001 -1.770576e+001  4.876456e+001
    endloop
  endfacet
  facet normal  0.000000e+000  1.000000e+000  0.000000e+000
    outer loop
      vertex -4.786426e+001 -1.770576e+001  5.101443e+001
      vertex -4.554369e+001 -1.770576e+001  4.876456e+001
      vertex -4.580401e+001 -1.770576e+001  4.810527e+001
    endloop
  endfacet
  facet normal  0.000000e+000  1.000000e+000  0.000000e+000
    outer loop
      vertex -4.786426e+001 -1.770576e+001  5.101443e+001
      vertex -4.580401e+001 -1.770576e+001  4.810527e+001
      vertex -4.599214e+001 -1.770576e+001  4.742187e+001
    endloop
  endfacet
  facet normal  0.000000e+000  1.000000e+000  0.000000e+000
    outer loop
      vertex -4.786426e+001 -1.770576e+001  5.101443e+001
      vertex -4.599214e+001 -1.770576e+001  4.742187e+001
      vertex -4.610588e+001 -1.770576e+001  4.672223e+001
    endloop
  endfacet
  facet normal  0.000000e+000  1.000000e+000  0.000000e+000
    outer loop
      vertex -4.786426e+001 -1.770576e+001  5.101443e+001
      vertex -4.610588e+001 -1.770576e+001  4.672223e+001
      vertex -4.614395e+001 -1.770576e+001  4.601443e+001
    endloop
  endfacet
  facet normal  1.000000e+000  0.000000e+000  0.000000e+000
    outer loop
      vertex -4.786426e+001 -1.770576e+001  5.101443e+001
      vertex -4.786426e+001 -1.770576e+001  4.101443e+001
      vertex -4.786426e+001 -1.743212e+001  4.477626e+001
    endloop
  endfacet
  facet normal  1.000000e+000  0.000000e+000  -0.000000e+000
    outer loop
      vertex -4.786426e+001 -1.770576e+001  5.101443e+001
      vertex -4.786426e+001 -1.743212e+001  4.477626e+001
      vertex -4.786426e+001 -1.743212e+001  4.717786e+001
    endloop
  endfacet
  facet normal  1.000000e+000  0.000000e+000  -0.000000e+000
    outer loop
      vertex -4.786426e+001 -1.770576e+001  5.101443e+001
      vertex -4.786426e+001 -1.743212e+001  4.717786e+001
      vertex -4.786426e+001 -1.739382e+001  4.771336e+001
    endloop
  endfacet
  facet normal  1.000000e+000  0.000000e+000  -0.000000e+000
    outer loop
      vertex -4.786426e+001 -1.770576e+001  5.101443e+001
      vertex -4.786426e+001 -1.739382e+001  4.771336e+001
      vertex -4.786426e+001 -1.727971e+001  4.823795e+001
    endloop
  endfacet
  facet normal  1.000000e+000  0.000000e+000  -0.000000e+000
    outer loop
      vertex -4.786426e+001 -1.770576e+001  5.101443e+001
      vertex -4.786426e+001 -1.727971e+001  4.823795e+001
      vertex -4.786426e+001 -1.709209e+001  4.874096e+001
    endloop
  endfacet
  facet normal  1.000000e+000  0.000000e+000  -0.000000e+000
    outer loop
      vertex -4.786426e+001 -1.770576e+001  5.101443e+001
      vertex -4.786426e+001 -1.709209e+001  4.874096e+001
      vertex -4.786426e+001 -1.683480e+001  4.921214e+001
    endloop
  endfacet
  facet normal  1.000000e+000  0.000000e+000  -0.000000e+000
    outer loop
      vertex -4.786426e+001 -1.770576e+001  5.101443e+001
      vertex -4.786426e+001 -1.683480e+001  4.921214e+001
      vertex -4.786426e+001 -1.651307e+001  4.964192e+001
    endloop
  endfacet
  facet normal  1.000000e+000  0.000000e+000  -0.000000e+000
    outer loop
      vertex -4.786426e+001 -1.770576e+001  5.101443e+001
      vertex -4.786426e+001 -1.651307e+001  4.964192e+001
      vertex -4.786426e+001 -1.613346e+001  5.002154e+001
    endloop
  endfacet
  facet normal  1.000000e+000  0.000000e+000  -0.000000e+000
    outer loop
      vertex -4.786426e+001 -1.770576e+001  5.101443e+001
      vertex -4.786426e+001 -1.613346e+001  5.002154e+001
      vertex -4.786426e+001 -1.570368e+001  5.034327e+001
    endloop
  endfacet
  facet normal  1.000000e+000  0.000000e+000  -0.000000e+000
    outer loop
      vertex -4.786426e+001 -1.770576e+001  5.101443e+001
      vertex -4.786426e+001 -1.570368e+001  5.034327e+001
      vertex -4.786426e+001 -1.523249e+001  5.060056e+001
    endloop
  endfacet
  facet normal  1.000000e+000  0.000000e+000  -0.000000e+000
    outer loop
      vertex -4.786426e+001 -1.770576e+001  5.101443e+001
      vertex -4.786426e+001 -1.523249e+001  5.060056e+001
      vertex -4.786426e+001 -1.472948e+001  5.078817e+001
    endloop
  endfacet
  facet normal  1.000000e+000  0.000000e+000  -0.000000e+000
    outer loop
      vertex -4.786426e+001 -1.770576e+001  5.101443e+001
      vertex -4.786426e+001 -1.472948e+001  5.078817e+001
      vertex -4.786426e+001 -1.420489e+001  5.090229e+001
    endloop
  endfacet
  facet normal  1.000000e+000  0.000000e+000  -0.000000e+000
    outer loop
      vertex -4.786426e+001 -1.770576e+001  5.101443e+001
      vertex -4.786426e+001 -1.420489e+001  5.090229e+001
      vertex -4.786426e+001 -1.366940e+001  5.094059e+001
    endloop
  endfacet
  facet normal  1.000000e+000  0.000000e+000  -0.000000e+000
    outer loop
      vertex -4.786426e+001 -1.770576e+001  5.101443e+001
      vertex -4.786426e+001 -1.366940e+001  5.094059e+001
      vertex -4.786426e+001 -9.505759e+000  5.101443e+001
    endloop
  endfacet
  facet normal  1.000000e+000  0.000000e+000  0.000000e+000
    outer loop
      vertex -4.786426e+001 -1.770576e+001  4.101443e+001
      vertex -4.786426e+001 -1.375149e+001  4.101443e+001
      vertex -4.786426e+001 -1.427865e+001  4.106319e+001
    endloop
  endfacet
  facet normal  9.999999e-001  0.000000e+000  0.000000e+000
    outer loop
      vertex -4.786426e+001 -1.770576e+001  4.101443e+001
      vertex -4.786426e+001 -1.427865e+001  4.106319e+001
      vertex -4.786426e+001 -1.479375e+001  4.118545e+001
    endloop
  endfacet
  facet normal  1.000000e+000  0.000000e+000  0.000000e+000
    outer loop
      vertex -4.786426e+001 -1.770576e+001  4.101443e+001
      vertex -4.786426e+001 -1.479375e+001  4.118545e+001
      vertex -4.786426e+001 -1.528660e+001  4.137880e+001
    endloop
  endfacet
  facet normal  1.000000e+000  0.000000e+000  0.000000e+000
    outer loop
      vertex -4.786426e+001 -1.770576e+001  4.101443e+001
      vertex -4.786426e+001 -1.528660e+001  4.137880e+001
      vertex -4.786426e+001 -1.574743e+001  4.163940e+001
    endloop
  endfacet
  facet normal  1.000000e+000  0.000000e+000  0.000000e+000
    outer loop
      vertex -4.786426e+001 -1.770576e+001  4.101443e+001
      vertex -4.786426e+001 -1.574743e+001  4.163940e+001
      vertex -4.786426e+001 -1.616712e+001  4.196211e+001
    endloop
  endfacet
  facet normal  1.000000e+000  0.000000e+000  0.000000e+000
    outer loop
      vertex -4.786426e+001 -1.770576e+001  4.101443e+001
      vertex -4.786426e+001 -1.616712e+001  4.196211e+001
      vertex -4.786426e+001 -1.653737e+001  4.234052e+001
    endloop
  endfacet
  facet normal  1.000000e+000  0.000000e+000  0.000000e+000
    outer loop
      vertex -4.786426e+001 -1.770576e+001  4.101443e+001
      vertex -4.786426e+001 -1.653737e+001  4.234052e+001
      vertex -4.786426e+001 -1.685084e+001  4.276715e+001
    endloop
  endfacet
  facet normal  9.999999e-001  0.000000e+000  0.000000e+000
    outer loop
      vertex -4.786426e+001 -1.770576e+001  4.101443e+001
      vertex -4.786426e+001 -1.685084e+001  4.276715e+001
      vertex -4.786426e+001 -1.710133e+001  4.323356e+001
    endloop
  endfacet
  facet normal  1.000000e+000  0.000000e+000  0.000000e+000
    outer loop
      vertex -4.786426e+001 -1.770576e+001  4.101443e+001
      vertex -4.786426e+001 -1.710133e+001  4.323356e+001
      vertex -4.786426e+001 -1.728388e+001  4.373051e+001
    endloop
  endfacet
  facet normal  1.000000e+000  0.000000e+000  0.000000e+000
    outer loop
      vertex -4.786426e+001 -1.770576e+001  4.101443e+001
      vertex -4.786426e+001 -1.728388e+001  4.373051e+001
      vertex -4.786426e+001 -1.739488e+001  4.424816e+001
    endloop
  endfacet
  facet normal  1.000000e+000  0.000000e+000  0.000000e+000
    outer loop
      vertex -4.786426e+001 -1.770576e+001  4.101443e+001
      vertex -4.786426e+001 -1.739488e+001  4.424816e+001
      vertex -4.786426e+001 -1.743212e+001  4.477626e+001
    endloop
  endfacet
  facet normal  1.000000e+000  -0.000000e+000  0.000000e+000
    outer loop
      vertex -4.786426e+001 -9.505759e+000  5.101443e+001
      vertex -4.786426e+001 -1.366940e+001  5.094059e+001
      vertex -4.786426e+001 -1.313391e+001  5.090229e+001
    endloop
  endfacet
  facet normal  9.999999e-001  -0.000000e+000  0.000000e+000
    outer loop
      vertex -4.786426e+001 -9.505759e+000  5.101443e+001
      vertex -4.786426e+001 -1.313391e+001  5.090229e+001
      vertex -4.786426e+001 -1.260932e+001  5.078817e+001
    endloop
  endfacet
  facet normal  1.000000e+000  -0.000000e+000  0.000000e+000
    outer loop
      vertex -4.786426e+001 -9.505759e+000  5.101443e+001
      vertex -4.786426e+001 -1.260932e+001  5.078817e+001
      vertex -4.786426e+001 -1.210631e+001  5.060056e+001
    endloop
  endfacet
  facet normal  9.999999e-001  -0.000000e+000  0.000000e+000
    outer loop
      vertex -4.786426e+001 -9.505759e+000  5.101443e+001
      vertex -4.786426e+001 -1.210631e+001  5.060056e+001
      vertex -4.786426e+001 -1.163512e+001  5.034327e+001
    endloop
  endfacet
  facet normal  1.000000e+000  -0.000000e+000  0.000000e+000
    outer loop
      vertex -4.786426e+001 -9.505759e+000  5.101443e+001
      vertex -4.786426e+001 -1.163512e+001  5.034327e+001
      vertex -4.786426e+001 -1.120534e+001  5.002154e+001
    endloop
  endfacet
  facet normal  1.000000e+000  -0.000000e+000  0.000000e+000
    outer loop
      vertex -4.786426e+001 -9.505759e+000  5.101443e+001
      vertex -4.786426e+001 -1.120534e+001  5.002154e+001
      vertex -4.786426e+001 -1.082573e+001  4.964192e+001
    endloop
  endfacet
  facet normal  1.000000e+000  -0.000000e+000  0.000000e+000
    outer loop
      vertex -4.786426e+001 -9.505759e+000  5.101443e+001
      vertex -4.786426e+001 -1.082573e+001  4.964192e+001
      vertex -4.786426e+001 -1.050400e+001  4.921214e+001
    endloop
  endfacet
  facet normal  1.000000e+000  -0.000000e+000  0.000000e+000
    outer loop
      vertex -4.786426e+001 -9.505759e+000  5.101443e+001
      vertex -4.786426e+001 -1.050400e+001  4.921214e+001
      vertex -4.786426e+001 -1.024671e+001  4.874096e+001
    endloop
  endfacet
  facet normal  9.999999e-001  -0.000000e+000  0.000000e+000
    outer loop
      vertex -4.786426e+001 -9.505759e+000  5.101443e+001
      vertex -4.786426e+001 -1.024671e+001  4.874096e+001
      vertex -4.786426e+001 -1.005910e+001  4.823795e+001
    endloop
  endfacet
  facet normal  1.000000e+000  -0.000000e+000  0.000000e+000
    outer loop
      vertex -4.786426e+001 -9.505759e+000  5.101443e+001
      vertex -4.786426e+001 -1.005910e+001  4.823795e+001
      vertex -4.786426e+001 -9.944979e+000  4.771336e+001
    endloop
  endfacet
  facet normal  1.000000e+000  -0.000000e+000  0.000000e+000
    outer loop
      vertex -4.786426e+001 -9.505759e+000  5.101443e+001
      vertex -4.786426e+001 -9.944979e+000  4.771336e+001
      vertex -4.786426e+001 -9.906679e+000  4.717786e+001
    endloop
  endfacet
  facet normal  1.000000e+000  -0.000000e+000  0.000000e+000
    outer loop
      vertex -4.786426e+001 -9.505759e+000  5.101443e+001
      vertex -4.786426e+001 -9.906679e+000  4.717786e+001
      vertex -4.786426e+001 -9.906679e+000  4.477626e+001
    endloop
  endfacet
  facet normal  1.000000e+000  -0.000000e+000  0.000000e+000
    outer loop
      vertex -4.786426e+001 -9.505759e+000  5.101443e+001
      vertex -4.786426e+001 -9.906679e+000  4.477626e+001
      vertex -4.786426e+001 -9.505759e+000  4.101443e+001
    endloop
  endfacet
  facet normal  1.000000e+000  0.000000e+000  0.000000e+000
    outer loop
      vertex -4.786426e+001 -9.505759e+000  4.101443e+001
      vertex -4.786426e+001 -9.906679e+000  4.477626e+001
      vertex -4.786426e+001 -9.943924e+000  4.424816e+001
    endloop
  endfacet
  facet normal  1.000000e+000  0.000000e+000  0.000000e+000
    outer loop
      vertex -4.786426e+001 -9.505759e+000  4.101443e+001
      vertex -4.786426e+001 -9.943924e+000  4.424816e+001
      vertex -4.786426e+001 -1.005492e+001  4.373051e+001
    endloop
  endfacet
  facet normal  1.000000e+000  0.000000e+000  0.000000e+000
    outer loop
      vertex -4.786426e+001 -9.505759e+000  4.101443e+001
      vertex -4.786426e+001 -1.005492e+001  4.373051e+001
      vertex -4.786426e+001 -1.023747e+001  4.323356e+001
    endloop
  endfacet
  facet normal  9.999999e-001  0.000000e+000  0.000000e+000
    outer loop
      vertex -4.786426e+001 -9.505759e+000  4.101443e+001
      vertex -4.786426e+001 -1.023747e+001  4.323356e+001
      vertex -4.786426e+001 -1.048796e+001  4.276715e+001
    endloop
  endfacet
  facet normal  1.000000e+000  0.000000e+000  0.000000e+000
    outer loop
      vertex -4.786426e+001 -9.505759e+000  4.101443e+001
      vertex -4.786426e+001 -1.048796e+001  4.276715e+001
      vertex -4.786426e+001 -1.080143e+001  4.234052e+001
    endloop
  endfacet
  facet normal  1.000000e+000  0.000000e+000  0.000000e+000
    outer loop
      vertex -4.786426e+001 -9.505759e+000  4.101443e+001
      vertex -4.786426e+001 -1.080143e+001  4.234052e+001
      vertex -4.786426e+001 -1.117168e+001  4.196211e+001
    endloop
  endfacet
  facet normal  1.000000e+000  0.000000e+000  0.000000e+000
    outer loop
      vertex -4.786426e+001 -9.505759e+000  4.101443e+001
      vertex -4.786426e+001 -1.117168e+001  4.196211e+001
      vertex -4.786426e+001 -1.159137e+001  4.163940e+001
    endloop
  endfacet
  facet normal  1.000000e+000  0.000000e+000  0.000000e+000
    outer loop
      vertex -4.786426e+001 -9.505759e+000  4.101443e+001
      vertex -4.786426e+001 -1.159137e+001  4.163940e+001
      vertex -4.786426e+001 -1.205220e+001  4.137880e+001
    endloop
  endfacet
  facet normal  1.000000e+000  0.000000e+000  0.000000e+000
    outer loop
      vertex -4.786426e+001 -9.505759e+000  4.101443e+001
      vertex -4.786426e+001 -1.205220e+001  4.137880e+001
      vertex -4.786426e+001 -1.254505e+001  4.118545e+001
    endloop
  endfacet
  facet normal  9.999999e-001  0.000000e+000  0.000000e+000
    outer loop
      vertex -4.786426e+001 -9.505759e+000  4.101443e+001
      vertex -4.786426e+001 -1.254505e+001  4.118545e+001
      vertex -4.786426e+001 -1.306015e+001  4.106319e+001
    endloop
  endfacet
  facet normal  1.000000e+000  0.000000e+000  0.000000e+000
    outer loop
      vertex -4.786426e+001 -9.505759e+000  4.101443e+001
      vertex -4.786426e+001 -1.306015e+001  4.106319e+001
      vertex -4.786426e+001 -1.358731e+001  4.101443e+001
    endloop
  endfacet
  facet normal  0.000000e+000  7.134008e-002 -9.974520e-001
    outer loop
      vertex -4.986426e+001 -1.366940e+001  5.094059e+001
      vertex -4.786426e+001 -1.420489e+001  5.090229e+001
      vertex -4.986426e+001 -1.420489e+001  5.090229e+001
    endloop
  endfacet
  facet normal  0.000000e+000  2.125635e-001 -9.771473e-001
    outer loop
      vertex -4.986426e+001 -1.420489e+001  5.090229e+001
      vertex -4.786426e+001 -1.420489e+001  5.090229e+001
      vertex -4.786426e+001 -1.472948e+001  5.078817e+001
    endloop
  endfacet
  facet normal  0.000000e+000  2.125635e-001 -9.771473e-001
    outer loop
      vertex -4.986426e+001 -1.420489e+001  5.090229e+001
      vertex -4.786426e+001 -1.472948e+001  5.078817e+001
      vertex -4.986426e+001 -1.472948e+001  5.078817e+001
    endloop
  endfacet
  facet normal  0.000000e+000  3.494666e-001 -9.369488e-001
    outer loop
      vertex -4.986426e+001 -1.472948e+001  5.078817e+001
      vertex -4.786426e+001 -1.472948e+001  5.078817e+001
      vertex -4.786426e+001 -1.523249e+001  5.060056e+001
    endloop
  endfacet
  facet normal  0.000000e+000  3.494666e-001 -9.369488e-001
    outer loop
      vertex -4.986426e+001 -1.472948e+001  5.078817e+001
      vertex -4.786426e+001 -1.523249e+001  5.060056e+001
      vertex -4.986426e+001 -1.523249e+001  5.060056e+001
    endloop
  endfacet
  facet normal  0.000000e+000  4.792504e-001 -8.776783e-001
    outer loop
      vertex -4.986426e+001 -1.523249e+001  5.060056e+001
      vertex -4.786426e+001 -1.523249e+001  5.060056e+001
      vertex -4.786426e+001 -1.570368e+001  5.034327e+001
    endloop
  endfacet
  facet normal  0.000000e+000  4.792504e-001 -8.776783e-001
    outer loop
      vertex -4.986426e+001 -1.523249e+001  5.060056e+001
      vertex -4.786426e+001 -1.570368e+001  5.034327e+001
      vertex -4.986426e+001 -1.570368e+001  5.034327e+001
    endloop
  endfacet
  facet normal  0.000000e+000  5.992776e-001 -8.005413e-001
    outer loop
      vertex -4.986426e+001 -1.570368e+001  5.034327e+001
      vertex -4.786426e+001 -1.570368e+001  5.034327e+001
      vertex -4.786426e+001 -1.613346e+001  5.002154e+001
    endloop
  endfacet
  facet normal  0.000000e+000  5.992776e-001 -8.005413e-001
    outer loop
      vertex -4.986426e+001 -1.570368e+001  5.034327e+001
      vertex -4.786426e+001 -1.613346e+001  5.002154e+001
      vertex -4.986426e+001 -1.613346e+001  5.002154e+001
    endloop
  endfacet
  facet normal  0.000000e+000  7.071068e-001 -7.071068e-001
    outer loop
      vertex -4.986426e+001 -1.613346e+001  5.002154e+001
      vertex -4.786426e+001 -1.613346e+001  5.002154e+001
      vertex -4.786426e+001 -1.651307e+001  4.964192e+001
    endloop
  endfacet
  facet normal  0.000000e+000  7.071068e-001 -7.071068e-001
    outer loop
      vertex -4.986426e+001 -1.613346e+001  5.002154e+001
      vertex -4.786426e+001 -1.651307e+001  4.964192e+001
      vertex -4.986426e+001 -1.651307e+001  4.964192e+001
    endloop
  endfacet
  facet normal  0.000000e+000  8.005419e-001 -5.992767e-001
    outer loop
      vertex -4.986426e+001 -1.651307e+001  4.964192e+001
      vertex -4.786426e+001 -1.651307e+001  4.964192e+001
      vertex -4.786426e+001 -1.683480e+001  4.921214e+001
    endloop
  endfacet
  facet normal  0.000000e+000  8.005419e-001 -5.992767e-001
    outer loop
      vertex -4.986426e+001 -1.651307e+001  4.964192e+001
      vertex -4.786426e+001 -1.683480e+001  4.921214e+001
      vertex -4.986426e+001 -1.683480e+001  4.921214e+001
    endloop
  endfacet
  facet normal  0.000000e+000  8.776774e-001 -4.792518e-001
    outer loop
      vertex -4.986426e+001 -1.683480e+001  4.921214e+001
      vertex -4.786426e+001 -1.683480e+001  4.921214e+001
      vertex -4.786426e+001 -1.709209e+001  4.874096e+001
    endloop
  endfacet
  facet normal  0.000000e+000  8.776774e-001 -4.792518e-001
    outer loop
      vertex -4.986426e+001 -1.683480e+001  4.921214e+001
      vertex -4.786426e+001 -1.709209e+001  4.874096e+001
      vertex -4.986426e+001 -1.709209e+001  4.874096e+001
    endloop
  endfacet
  facet normal  0.000000e+000  9.369500e-001 -3.494635e-001
    outer loop
      vertex -4.986426e+001 -1.709209e+001  4.874096e+001
      vertex -4.786426e+001 -1.709209e+001  4.874096e+001
      vertex -4.786426e+001 -1.727971e+001  4.823795e+001
    endloop
  endfacet
  facet normal  0.000000e+000  9.369500e-001 -3.494635e-001
    outer loop
      vertex -4.986426e+001 -1.709209e+001  4.874096e+001
      vertex -4.786426e+001 -1.727971e+001  4.823795e+001
      vertex -4.986426e+001 -1.727971e+001  4.823795e+001
    endloop
  endfacet
  facet normal  0.000000e+000  9.771472e-001 -2.125639e-001
    outer loop
      vertex -4.986426e+001 -1.727971e+001  4.823795e+001
      vertex -4.786426e+001 -1.727971e+001  4.823795e+001
      vertex -4.786426e+001 -1.739382e+001  4.771336e+001
    endloop
  endfacet
  facet normal  0.000000e+000  9.771472e-001 -2.125639e-001
    outer loop
      vertex -4.986426e+001 -1.727971e+001  4.823795e+001
      vertex -4.786426e+001 -1.739382e+001  4.771336e+001
      vertex -4.986426e+001 -1.739382e+001  4.771336e+001
    endloop
  endfacet
  facet normal  0.000000e+000  9.974520e-001 -7.133996e-002
    outer loop
      vertex -4.986426e+001 -1.739382e+001  4.771336e+001
      vertex -4.786426e+001 -1.739382e+001  4.771336e+001
      vertex -4.786426e+001 -1.743212e+001  4.717786e+001
    endloop
  endfacet
  facet normal  0.000000e+000  9.974520e-001 -7.133996e-002
    outer loop
      vertex -4.986426e+001 -1.739382e+001  4.771336e+001
      vertex -4.786426e+001 -1.743212e+001  4.717786e+001
      vertex -4.986426e+001 -1.743212e+001  4.717786e+001
    endloop
  endfacet
  facet normal  0.000000e+000  7.134008e-002 -9.974520e-001
    outer loop
      vertex -4.786426e+001 -1.420489e+001  5.090229e+001
      vertex -4.986426e+001 -1.366940e+001  5.094059e+001
      vertex -4.786426e+001 -1.366940e+001  5.094059e+001
    endloop
  endfacet
  facet normal  -0.000000e+000 -7.134008e-002 -9.974520e-001
    outer loop
      vertex -4.786426e+001 -1.366940e+001  5.094059e+001
      vertex -4.986426e+001 -1.366940e+001  5.094059e+001
      vertex -4.986426e+001 -1.313391e+001  5.090229e+001
    endloop
  endfacet
  facet normal  0.000000e+000 -7.134008e-002 -9.974520e-001
    outer loop
      vertex -4.786426e+001 -1.366940e+001  5.094059e+001
      vertex -4.986426e+001 -1.313391e+001  5.090229e+001
      vertex -4.786426e+001 -1.313391e+001  5.090229e+001
    endloop
  endfacet
  facet normal  -0.000000e+000 -2.125635e-001 -9.771473e-001
    outer loop
      vertex -4.786426e+001 -1.313391e+001  5.090229e+001
      vertex -4.986426e+001 -1.313391e+001  5.090229e+001
      vertex -4.986426e+001 -1.260932e+001  5.078817e+001
    endloop
  endfacet
  facet normal  0.000000e+000 -2.125635e-001 -9.771473e-001
    outer loop
      vertex -4.786426e+001 -1.313391e+001  5.090229e+001
      vertex -4.986426e+001 -1.260932e+001  5.078817e+001
      vertex -4.786426e+001 -1.260932e+001  5.078817e+001
    endloop
  endfacet
  facet normal  -0.000000e+000 -3.494666e-001 -9.369488e-001
    outer loop
      vertex -4.786426e+001 -1.260932e+001  5.078817e+001
      vertex -4.986426e+001 -1.260932e+001  5.078817e+001
      vertex -4.986426e+001 -1.210631e+001  5.060056e+001
    endloop
  endfacet
  facet normal  0.000000e+000 -3.494666e-001 -9.369488e-001
    outer loop
      vertex -4.786426e+001 -1.260932e+001  5.078817e+001
      vertex -4.986426e+001 -1.210631e+001  5.060056e+001
      vertex -4.786426e+001 -1.210631e+001  5.060056e+001
    endloop
  endfacet
  facet normal  -0.000000e+000 -4.792504e-001 -8.776783e-001
    outer loop
      vertex -4.786426e+001 -1.210631e+001  5.060056e+001
      vertex -4.986426e+001 -1.210631e+001  5.060056e+001
      vertex -4.986426e+001 -1.163512e+001  5.034327e+001
    endloop
  endfacet
  facet normal  0.000000e+000 -4.792504e-001 -8.776783e-001
    outer loop
      vertex -4.786426e+001 -1.210631e+001  5.060056e+001
      vertex -4.986426e+001 -1.163512e+001  5.034327e+001
      vertex -4.786426e+001 -1.163512e+001  5.034327e+001
    endloop
  endfacet
  facet normal  -0.000000e+000 -5.992784e-001 -8.005407e-001
    outer loop
      vertex -4.786426e+001 -1.163512e+001  5.034327e+001
      vertex -4.986426e+001 -1.163512e+001  5.034327e+001
      vertex -4.986426e+001 -1.120534e+001  5.002154e+001
    endloop
  endfacet
  facet normal  0.000000e+000 -5.992784e-001 -8.005407e-001
    outer loop
      vertex -4.786426e+001 -1.163512e+001  5.034327e+001
      vertex -4.986426e+001 -1.120534e+001  5.002154e+001
      vertex -4.786426e+001 -1.120534e+001  5.002154e+001
    endloop
  endfacet
  facet normal  -0.000000e+000 -7.071059e-001 -7.071077e-001
    outer loop
      vertex -4.786426e+001 -1.120534e+001  5.002154e+001
      vertex -4.986426e+001 -1.120534e+001  5.002154e+001
      vertex -4.986426e+001 -1.082573e+001  4.964192e+001
    endloop
  endfacet
  facet normal  0.000000e+000 -7.071059e-001 -7.071077e-001
    outer loop
      vertex -4.786426e+001 -1.120534e+001  5.002154e+001
      vertex -4.986426e+001 -1.082573e+001  4.964192e+001
      vertex -4.786426e+001 -1.082573e+001  4.964192e+001
    endloop
  endfacet
  facet normal  -0.000000e+000 -8.005419e-001 -5.992767e-001
    outer loop
      vertex -4.786426e+001 -1.082573e+001  4.964192e+001
      vertex -4.986426e+001 -1.082573e+001  4.964192e+001
      vertex -4.986426e+001 -1.050400e+001  4.921214e+001
    endloop
  endfacet
  facet normal  0.000000e+000 -8.005419e-001 -5.992767e-001
    outer loop
      vertex -4.786426e+001 -1.082573e+001  4.964192e+001
      vertex -4.986426e+001 -1.050400e+001  4.921214e+001
      vertex -4.786426e+001 -1.050400e+001  4.921214e+001
    endloop
  endfacet
  facet normal  -0.000000e+000 -8.776782e-001 -4.792505e-001
    outer loop
      vertex -4.786426e+001 -1.050400e+001  4.921214e+001
      vertex -4.986426e+001 -1.050400e+001  4.921214e+001
      vertex -4.986426e+001 -1.024671e+001  4.874096e+001
    endloop
  endfacet
  facet normal  0.000000e+000 -8.776782e-001 -4.792505e-001
    outer loop
      vertex -4.786426e+001 -1.050400e+001  4.921214e+001
      vertex -4.986426e+001 -1.024671e+001  4.874096e+001
      vertex -4.786426e+001 -1.024671e+001  4.874096e+001
    endloop
  endfacet
  facet normal  -0.000000e+000 -9.369494e-001 -3.494650e-001
    outer loop
      vertex -4.786426e+001 -1.024671e+001  4.874096e+001
      vertex -4.986426e+001 -1.024671e+001  4.874096e+001
      vertex -4.986426e+001 -1.005910e+001  4.823795e+001
    endloop
  endfacet
  facet normal  0.000000e+000 -9.369494e-001 -3.494650e-001
    outer loop
      vertex -4.786426e+001 -1.024671e+001  4.874096e+001
      vertex -4.986426e+001 -1.005910e+001  4.823795e+001
      vertex -4.786426e+001 -1.005910e+001  4.823795e+001
    endloop
  endfacet
  facet normal  -0.000000e+000 -9.771472e-001 -2.125639e-001
    outer loop
      vertex -4.786426e+001 -1.005910e+001  4.823795e+001
      vertex -4.986426e+001 -1.005910e+001  4.823795e+001
      vertex -4.986426e+001 -9.944979e+000  4.771336e+001
    endloop
  endfacet
  facet normal  0.000000e+000 -9.771472e-001 -2.125639e-001
    outer loop
      vertex -4.786426e+001 -1.005910e+001  4.823795e+001
      vertex -4.986426e+001 -9.944979e+000  4.771336e+001
      vertex -4.786426e+001 -9.944979e+000  4.771336e+001
    endloop
  endfacet
  facet normal  -0.000000e+000 -9.974520e-001 -7.133996e-002
    outer loop
      vertex -4.786426e+001 -9.944979e+000  4.771336e+001
      vertex -4.986426e+001 -9.944979e+000  4.771336e+001
      vertex -4.986426e+001 -9.906679e+000  4.717786e+001
    endloop
  endfacet
  facet normal  0.000000e+000 -9.974520e-001 -7.133996e-002
    outer loop
      vertex -4.786426e+001 -9.944979e+000  4.771336e+001
      vertex -4.986426e+001 -9.906679e+000  4.717786e+001
      vertex -4.786426e+001 -9.906679e+000  4.717786e+001
    endloop
  endfacet
  facet normal  0.000000e+000  1.000000e+000  0.000000e+000
    outer loop
      vertex -4.786426e+001 -1.743212e+001  4.477626e+001
      vertex -4.986426e+001 -1.743212e+001  4.477626e+001
      vertex -4.786426e+001 -1.743212e+001  4.717786e+001
    endloop
  endfacet
  facet normal  0.000000e+000  1.000000e+000  0.000000e+000
    outer loop
      vertex -4.786426e+001 -1.743212e+001  4.717786e+001
      vertex -4.986426e+001 -1.743212e+001  4.477626e+001
      vertex -4.986426e+001 -1.743212e+001  4.717786e+001
    endloop
  endfacet
  facet normal  0.000000e+000 -1.000000e+000  0.000000e+000
    outer loop
      vertex -4.786426e+001 -9.906679e+000  4.717786e+001
      vertex -4.986426e+001 -9.906679e+000  4.717786e+001
      vertex -4.786426e+001 -9.906679e+000  4.477626e+001
    endloop
  endfacet
  facet normal  0.000000e+000 -1.000000e+000  0.000000e+000
    outer loop
      vertex -4.786426e+001 -9.906679e+000  4.477626e+001
      vertex -4.986426e+001 -9.906679e+000  4.717786e+001
      vertex -4.986426e+001 -9.906679e+000  4.477626e+001
    endloop
  endfacet
endsolid CATIA STL
