solid CATIA STL
  facet normal  0.000000e+000 -1.000000e+000  0.000000e+000
    outer loop
      vertex -4.351665e+001 -7.305759e+000  5.128489e+001
      vertex -4.351665e+001 -7.305759e+000  4.074398e+001
      vertex -4.234395e+001 -7.305759e+000  4.601443e+001
    endloop
  endfacet
  facet normal  0.000000e+000 -1.000000e+000  -0.000000e+000
    outer loop
      vertex -3.781371e+001 -7.305759e+000  4.381301e+001
      vertex -3.818600e+001 -7.305759e+000  4.356577e+001
      vertex -3.819317e+001 -7.305759e+000  4.016846e+001
    endloop
  endfacet
  facet normal  0.000000e+000 -1.000000e+000  0.000000e+000
    outer loop
      vertex -3.739433e+001 -7.305759e+000  4.780864e+001
      vertex -3.381849e+001 -7.305759e+000  4.780864e+001
      vertex -3.406266e+001 -7.305759e+000  4.845481e+001
    endloop
  endfacet
  facet normal  -0.000000e+000 -1.000000e+000  0.000000e+000
    outer loop
      vertex -3.739433e+001 -7.305759e+000  4.780864e+001
      vertex -3.406266e+001 -7.305759e+000  4.845481e+001
      vertex -3.437948e+001 -7.305759e+000  4.906865e+001
    endloop
  endfacet
  facet normal  -0.000000e+000 -1.000000e+000  0.000000e+000
    outer loop
      vertex -3.739433e+001 -7.305759e+000  4.780864e+001
      vertex -3.437948e+001 -7.305759e+000  4.906865e+001
      vertex -3.476475e+001 -7.305759e+000  4.964200e+001
    endloop
  endfacet
  facet normal  -0.000000e+000 -1.000000e+000  0.000000e+000
    outer loop
      vertex -3.739433e+001 -7.305759e+000  4.780864e+001
      vertex -3.476475e+001 -7.305759e+000  4.964200e+001
      vertex -3.521337e+001 -7.305759e+000  5.016727e+001
    endloop
  endfacet
  facet normal  -0.000000e+000 -9.999999e-001  0.000000e+000
    outer loop
      vertex -3.739433e+001 -7.305759e+000  4.780864e+001
      vertex -3.521337e+001 -7.305759e+000  5.016727e+001
      vertex -3.571939e+001 -7.305759e+000  5.063750e+001
    endloop
  endfacet
  facet normal  -0.000000e+000 -9.999999e-001  0.000000e+000
    outer loop
      vertex -3.739433e+001 -7.305759e+000  4.780864e+001
      vertex -3.571939e+001 -7.305759e+000  5.063750e+001
      vertex -3.627610e+001 -7.305759e+000  5.104645e+001
    endloop
  endfacet
  facet normal  -0.000000e+000 -1.000000e+000  0.000000e+000
    outer loop
      vertex -3.739433e+001 -7.305759e+000  4.780864e+001
      vertex -3.627610e+001 -7.305759e+000  5.104645e+001
      vertex -3.687612e+001 -7.305759e+000  5.138870e+001
    endloop
  endfacet
  facet normal  -0.000000e+000 -1.000000e+000  0.000000e+000
    outer loop
      vertex -3.739433e+001 -7.305759e+000  4.780864e+001
      vertex -3.687612e+001 -7.305759e+000  5.138870e+001
      vertex -3.751151e+001 -7.305759e+000  5.165971e+001
    endloop
  endfacet
  facet normal  -0.000000e+000 -9.999999e-001  -0.000000e+000
    outer loop
      vertex -3.739433e+001 -7.305759e+000  4.780864e+001
      vertex -3.751151e+001 -7.305759e+000  5.165971e+001
      vertex -3.817384e+001 -7.305759e+000  5.185591e+001
    endloop
  endfacet
  facet normal  0.000000e+000 -1.000000e+000  0.000000e+000
    outer loop
      vertex -3.739433e+001 -7.305759e+000  4.780864e+001
      vertex -3.817384e+001 -7.305759e+000  5.185591e+001
      vertex -3.771414e+001 -7.305759e+000  4.813382e+001
    endloop
  endfacet
  facet normal  0.000000e+000 -1.000000e+000  0.000000e+000
    outer loop
      vertex -4.351665e+001 -7.305759e+000  5.201443e+001
      vertex -4.351665e+001 -7.305759e+000  5.128489e+001
      vertex -4.234395e+001 -7.305759e+000  4.601443e+001
    endloop
  endfacet
  facet normal  0.000000e+000 -1.000000e+000  0.000000e+000
    outer loop
      vertex -4.351665e+001 -7.305759e+000  5.201443e+001
      vertex -4.234395e+001 -7.305759e+000  4.601443e+001
      vertex -4.230680e+001 -7.305759e+000  4.646901e+001
    endloop
  endfacet
  facet normal  0.000000e+000 -1.000000e+000  0.000000e+000
    outer loop
      vertex -4.351665e+001 -7.305759e+000  5.201443e+001
      vertex -4.230680e+001 -7.305759e+000  4.646901e+001
      vertex -4.219635e+001 -7.305759e+000  4.691153e+001
    endloop
  endfacet
  facet normal  0.000000e+000 -1.000000e+000  0.000000e+000
    outer loop
      vertex -4.351665e+001 -7.305759e+000  5.201443e+001
      vertex -4.219635e+001 -7.305759e+000  4.691153e+001
      vertex -4.201551e+001 -7.305759e+000  4.733025e+001
    endloop
  endfacet
  facet normal  0.000000e+000 -1.000000e+000  0.000000e+000
    outer loop
      vertex -4.351665e+001 -7.305759e+000  5.201443e+001
      vertex -4.201551e+001 -7.305759e+000  4.733025e+001
      vertex -4.176910e+001 -7.305759e+000  4.771405e+001
    endloop
  endfacet
  facet normal  0.000000e+000 -1.000000e+000  0.000000e+000
    outer loop
      vertex -4.351665e+001 -7.305759e+000  5.201443e+001
      vertex -4.176910e+001 -7.305759e+000  4.771405e+001
      vertex -4.146365e+001 -7.305759e+000  4.805275e+001
    endloop
  endfacet
  facet normal  0.000000e+000 -9.999999e-001  0.000000e+000
    outer loop
      vertex -4.351665e+001 -7.305759e+000  5.201443e+001
      vertex -4.146365e+001 -7.305759e+000  4.805275e+001
      vertex -4.110727e+001 -7.305759e+000  4.833738e+001
    endloop
  endfacet
  facet normal  0.000000e+000 -1.000000e+000  0.000000e+000
    outer loop
      vertex -4.351665e+001 -7.305759e+000  5.201443e+001
      vertex -4.110727e+001 -7.305759e+000  4.833738e+001
      vertex -4.070940e+001 -7.305759e+000  4.856036e+001
    endloop
  endfacet
  facet normal  0.000000e+000 -1.000000e+000  0.000000e+000
    outer loop
      vertex -4.351665e+001 -7.305759e+000  5.201443e+001
      vertex -4.070940e+001 -7.305759e+000  4.856036e+001
      vertex -4.028061e+001 -7.305759e+000  4.871579e+001
    endloop
  endfacet
  facet normal  0.000000e+000 -1.000000e+000  0.000000e+000
    outer loop
      vertex -4.351665e+001 -7.305759e+000  5.201443e+001
      vertex -4.028061e+001 -7.305759e+000  4.871579e+001
      vertex -3.983227e+001 -7.305759e+000  4.879955e+001
    endloop
  endfacet
  facet normal  0.000000e+000 -1.000000e+000  0.000000e+000
    outer loop
      vertex -4.351665e+001 -7.305759e+000  5.201443e+001
      vertex -3.983227e+001 -7.305759e+000  4.879955e+001
      vertex -3.937628e+001 -7.305759e+000  4.880941e+001
    endloop
  endfacet
  facet normal  0.000000e+000 -1.000000e+000  0.000000e+000
    outer loop
      vertex -4.351665e+001 -7.305759e+000  5.201443e+001
      vertex -3.937628e+001 -7.305759e+000  4.880941e+001
      vertex -3.954395e+001 -7.305759e+000  5.201443e+001
    endloop
  endfacet
  facet normal  0.000000e+000 -1.000000e+000  -0.000000e+000
    outer loop
      vertex -3.748550e+001 -7.305759e+000  4.411633e+001
      vertex -3.781371e+001 -7.305759e+000  4.381301e+001
      vertex -3.819317e+001 -7.305759e+000  4.016846e+001
    endloop
  endfacet
  facet normal  0.000000e+000 -1.000000e+000  0.000000e+000
    outer loop
      vertex -3.748550e+001 -7.305759e+000  4.411633e+001
      vertex -3.819317e+001 -7.305759e+000  4.016846e+001
      vertex -3.753955e+001 -7.305759e+000  4.035913e+001
    endloop
  endfacet
  facet normal  0.000000e+000 -1.000000e+000  0.000000e+000
    outer loop
      vertex -3.748550e+001 -7.305759e+000  4.411633e+001
      vertex -3.753955e+001 -7.305759e+000  4.035913e+001
      vertex -3.691175e+001 -7.305759e+000  4.062263e+001
    endloop
  endfacet
  facet normal  0.000000e+000 -1.000000e+000  0.000000e+000
    outer loop
      vertex -3.748550e+001 -7.305759e+000  4.411633e+001
      vertex -3.691175e+001 -7.305759e+000  4.062263e+001
      vertex -3.631784e+001 -7.305759e+000  4.095556e+001
    endloop
  endfacet
  facet normal  0.000000e+000 -1.000000e+000  0.000000e+000
    outer loop
      vertex -3.748550e+001 -7.305759e+000  4.411633e+001
      vertex -3.631784e+001 -7.305759e+000  4.095556e+001
      vertex -3.576547e+001 -7.305759e+000  4.135363e+001
    endloop
  endfacet
  facet normal  0.000000e+000 -1.000000e+000  0.000000e+000
    outer loop
      vertex -3.748550e+001 -7.305759e+000  4.411633e+001
      vertex -3.576547e+001 -7.305759e+000  4.135363e+001
      vertex -3.526176e+001 -7.305759e+000  4.181172e+001
    endloop
  endfacet
  facet normal  0.000000e+000 -1.000000e+000  0.000000e+000
    outer loop
      vertex -3.748550e+001 -7.305759e+000  4.411633e+001
      vertex -3.526176e+001 -7.305759e+000  4.181172e+001
      vertex -3.481318e+001 -7.305759e+000  4.232393e+001
    endloop
  endfacet
  facet normal  0.000000e+000 -1.000000e+000  0.000000e+000
    outer loop
      vertex -3.748550e+001 -7.305759e+000  4.411633e+001
      vertex -3.481318e+001 -7.305759e+000  4.232393e+001
      vertex -3.442553e+001 -7.305759e+000  4.288366e+001
    endloop
  endfacet
  facet normal  0.000000e+000 -1.000000e+000  0.000000e+000
    outer loop
      vertex -3.748550e+001 -7.305759e+000  4.411633e+001
      vertex -3.442553e+001 -7.305759e+000  4.288366e+001
      vertex -3.410379e+001 -7.305759e+000  4.348370e+001
    endloop
  endfacet
  facet normal  0.000000e+000 -1.000000e+000  0.000000e+000
    outer loop
      vertex -3.748550e+001 -7.305759e+000  4.411633e+001
      vertex -3.410379e+001 -7.305759e+000  4.348370e+001
      vertex -3.385210e+001 -7.305759e+000  4.411633e+001
    endloop
  endfacet
  facet normal  0.000000e+000 -1.000000e+000  0.000000e+000
    outer loop
      vertex -4.351665e+001 -7.305759e+000  4.001443e+001
      vertex -3.954395e+001 -7.305759e+000  4.001443e+001
      vertex -3.946835e+001 -7.305759e+000  4.321545e+001
    endloop
  endfacet
  facet normal  -0.000000e+000 -1.000000e+000  0.000000e+000
    outer loop
      vertex -4.351665e+001 -7.305759e+000  4.001443e+001
      vertex -3.946835e+001 -7.305759e+000  4.321545e+001
      vertex -3.991463e+001 -7.305759e+000  4.323908e+001
    endloop
  endfacet
  facet normal  -0.000000e+000 -1.000000e+000  0.000000e+000
    outer loop
      vertex -4.351665e+001 -7.305759e+000  4.001443e+001
      vertex -3.991463e+001 -7.305759e+000  4.323908e+001
      vertex -4.035147e+001 -7.305759e+000  4.333341e+001
    endloop
  endfacet
  facet normal  -0.000000e+000 -1.000000e+000  0.000000e+000
    outer loop
      vertex -4.351665e+001 -7.305759e+000  4.001443e+001
      vertex -4.035147e+001 -7.305759e+000  4.333341e+001
      vertex -4.076774e+001 -7.305759e+000  4.349604e+001
    endloop
  endfacet
  facet normal  -0.000000e+000 -9.999999e-001  0.000000e+000
    outer loop
      vertex -4.351665e+001 -7.305759e+000  4.001443e+001
      vertex -4.076774e+001 -7.305759e+000  4.349604e+001
      vertex -4.115283e+001 -7.305759e+000  4.372282e+001
    endloop
  endfacet
  facet normal  -0.000000e+000 -9.999999e-001  0.000000e+000
    outer loop
      vertex -4.351665e+001 -7.305759e+000  4.001443e+001
      vertex -4.115283e+001 -7.305759e+000  4.372282e+001
      vertex -4.149694e+001 -7.305759e+000  4.400798e+001
    endloop
  endfacet
  facet normal  -0.000000e+000 -1.000000e+000  0.000000e+000
    outer loop
      vertex -4.351665e+001 -7.305759e+000  4.001443e+001
      vertex -4.149694e+001 -7.305759e+000  4.400798e+001
      vertex -4.179129e+001 -7.305759e+000  4.434426e+001
    endloop
  endfacet
  facet normal  -0.000000e+000 -1.000000e+000  0.000000e+000
    outer loop
      vertex -4.351665e+001 -7.305759e+000  4.001443e+001
      vertex -4.179129e+001 -7.305759e+000  4.434426e+001
      vertex -4.202839e+001 -7.305759e+000  4.472309e+001
    endloop
  endfacet
  facet normal  -0.000000e+000 -9.999999e-001  0.000000e+000
    outer loop
      vertex -4.351665e+001 -7.305759e+000  4.001443e+001
      vertex -4.202839e+001 -7.305759e+000  4.472309e+001
      vertex -4.220219e+001 -7.305759e+000  4.513482e+001
    endloop
  endfacet
  facet normal  -0.000000e+000 -1.000000e+000  0.000000e+000
    outer loop
      vertex -4.351665e+001 -7.305759e+000  4.001443e+001
      vertex -4.220219e+001 -7.305759e+000  4.513482e+001
      vertex -4.230828e+001 -7.305759e+000  4.556895e+001
    endloop
  endfacet
  facet normal  -0.000000e+000 -1.000000e+000  0.000000e+000
    outer loop
      vertex -4.351665e+001 -7.305759e+000  4.001443e+001
      vertex -4.230828e+001 -7.305759e+000  4.556895e+001
      vertex -4.234395e+001 -7.305759e+000  4.601443e+001
    endloop
  endfacet
  facet normal  0.000000e+000 -9.999999e-001  0.000000e+000
    outer loop
      vertex -4.351665e+001 -7.305759e+000  4.001443e+001
      vertex -4.234395e+001 -7.305759e+000  4.601443e+001
      vertex -4.351665e+001 -7.305759e+000  4.074398e+001
    endloop
  endfacet
  facet normal  0.000000e+000 -1.000000e+000  0.000000e+000
    outer loop
      vertex -3.771414e+001 -7.305759e+000  4.813382e+001
      vertex -3.817384e+001 -7.305759e+000  5.185591e+001
      vertex -3.808250e+001 -7.305759e+000  4.840277e+001
    endloop
  endfacet
  facet normal  0.000000e+000 -1.000000e+000  0.000000e+000
    outer loop
      vertex -3.808250e+001 -7.305759e+000  4.840277e+001
      vertex -3.817384e+001 -7.305759e+000  5.185591e+001
      vertex -3.885432e+001 -7.305759e+000  5.197467e+001
    endloop
  endfacet
  facet normal  0.000000e+000 -1.000000e+000  0.000000e+000
    outer loop
      vertex -3.808250e+001 -7.305759e+000  4.840277e+001
      vertex -3.885432e+001 -7.305759e+000  5.197467e+001
      vertex -3.848963e+001 -7.305759e+000  4.860835e+001
    endloop
  endfacet
  facet normal  0.000000e+000 -1.000000e+000  -0.000000e+000
    outer loop
      vertex -3.848963e+001 -7.305759e+000  4.860835e+001
      vertex -3.885432e+001 -7.305759e+000  5.197467e+001
      vertex -3.892474e+001 -7.305759e+000  4.874511e+001
    endloop
  endfacet
  facet normal  0.000000e+000 -9.999999e-001  0.000000e+000
    outer loop
      vertex -3.892474e+001 -7.305759e+000  4.874511e+001
      vertex -3.885432e+001 -7.305759e+000  5.197467e+001
      vertex -3.954395e+001 -7.305759e+000  5.201443e+001
    endloop
  endfacet
  facet normal  0.000000e+000 -1.000000e+000  0.000000e+000
    outer loop
      vertex -3.892474e+001 -7.305759e+000  4.874511e+001
      vertex -3.954395e+001 -7.305759e+000  5.201443e+001
      vertex -3.937628e+001 -7.305759e+000  4.880941e+001
    endloop
  endfacet
  facet normal  0.000000e+000 -1.000000e+000  0.000000e+000
    outer loop
      vertex -4.614395e+001 -7.305759e+000  4.601443e+001
      vertex -4.610913e+001 -7.305759e+000  4.533738e+001
      vertex -4.610913e+001 -7.305759e+000  4.669149e+001
    endloop
  endfacet
  facet normal  0.000000e+000 -1.000000e+000  0.000000e+000
    outer loop
      vertex -4.610913e+001 -7.305759e+000  4.669149e+001
      vertex -4.610913e+001 -7.305759e+000  4.533738e+001
      vertex -4.600504e+001 -7.305759e+000  4.466747e+001
    endloop
  endfacet
  facet normal  0.000000e+000 -1.000000e+000  0.000000e+000
    outer loop
      vertex -4.610913e+001 -7.305759e+000  4.669149e+001
      vertex -4.600504e+001 -7.305759e+000  4.466747e+001
      vertex -4.600504e+001 -7.305759e+000  4.736140e+001
    endloop
  endfacet
  facet normal  0.000000e+000 -1.000000e+000  0.000000e+000
    outer loop
      vertex -4.600504e+001 -7.305759e+000  4.736140e+001
      vertex -4.600504e+001 -7.305759e+000  4.466747e+001
      vertex -4.583277e+001 -7.305759e+000  4.401176e+001
    endloop
  endfacet
  facet normal  0.000000e+000 -1.000000e+000  0.000000e+000
    outer loop
      vertex -4.600504e+001 -7.305759e+000  4.736140e+001
      vertex -4.583277e+001 -7.305759e+000  4.401176e+001
      vertex -4.583277e+001 -7.305759e+000  4.801711e+001
    endloop
  endfacet
  facet normal  0.000000e+000 -1.000000e+000  0.000000e+000
    outer loop
      vertex -4.583277e+001 -7.305759e+000  4.801711e+001
      vertex -4.583277e+001 -7.305759e+000  4.401176e+001
      vertex -4.559415e+001 -7.305759e+000  4.337719e+001
    endloop
  endfacet
  facet normal  0.000000e+000 -1.000000e+000  0.000000e+000
    outer loop
      vertex -4.583277e+001 -7.305759e+000  4.801711e+001
      vertex -4.559415e+001 -7.305759e+000  4.337719e+001
      vertex -4.559415e+001 -7.305759e+000  4.865168e+001
    endloop
  endfacet
  facet normal  0.000000e+000 -9.999999e-001  0.000000e+000
    outer loop
      vertex -4.559415e+001 -7.305759e+000  4.865168e+001
      vertex -4.559415e+001 -7.305759e+000  4.337719e+001
      vertex -4.529169e+001 -7.305759e+000  4.277045e+001
    endloop
  endfacet
  facet normal  0.000000e+000 -1.000000e+000  0.000000e+000
    outer loop
      vertex -4.559415e+001 -7.305759e+000  4.865168e+001
      vertex -4.529169e+001 -7.305759e+000  4.277045e+001
      vertex -4.529169e+001 -7.305759e+000  4.925842e+001
    endloop
  endfacet
  facet normal  0.000000e+000 -1.000000e+000  0.000000e+000
    outer loop
      vertex -4.529169e+001 -7.305759e+000  4.925842e+001
      vertex -4.529169e+001 -7.305759e+000  4.277045e+001
      vertex -4.492859e+001 -7.305759e+000  4.219793e+001
    endloop
  endfacet
  facet normal  0.000000e+000 -1.000000e+000  0.000000e+000
    outer loop
      vertex -4.529169e+001 -7.305759e+000  4.925842e+001
      vertex -4.492859e+001 -7.305759e+000  4.219793e+001
      vertex -4.492859e+001 -7.305759e+000  4.983094e+001
    endloop
  endfacet
  facet normal  0.000000e+000 -1.000000e+000  0.000000e+000
    outer loop
      vertex -4.492859e+001 -7.305759e+000  4.983094e+001
      vertex -4.492859e+001 -7.305759e+000  4.219793e+001
      vertex -4.450866e+001 -7.305759e+000  4.166569e+001
    endloop
  endfacet
  facet normal  0.000000e+000 -1.000000e+000  0.000000e+000
    outer loop
      vertex -4.492859e+001 -7.305759e+000  4.983094e+001
      vertex -4.450866e+001 -7.305759e+000  4.166569e+001
      vertex -4.450866e+001 -7.305759e+000  5.036318e+001
    endloop
  endfacet
  facet normal  0.000000e+000 -1.000000e+000  0.000000e+000
    outer loop
      vertex -4.450866e+001 -7.305759e+000  5.036318e+001
      vertex -4.450866e+001 -7.305759e+000  4.166569e+001
      vertex -4.403636e+001 -7.305759e+000  4.117933e+001
    endloop
  endfacet
  facet normal  0.000000e+000 -1.000000e+000  0.000000e+000
    outer loop
      vertex -4.450866e+001 -7.305759e+000  5.036318e+001
      vertex -4.403636e+001 -7.305759e+000  4.117933e+001
      vertex -4.403636e+001 -7.305759e+000  5.084954e+001
    endloop
  endfacet
  facet normal  0.000000e+000 -1.000000e+000  0.000000e+000
    outer loop
      vertex -4.403636e+001 -7.305759e+000  5.084954e+001
      vertex -4.403636e+001 -7.305759e+000  4.117933e+001
      vertex -4.351665e+001 -7.305759e+000  4.074398e+001
    endloop
  endfacet
  facet normal  0.000000e+000 -1.000000e+000  0.000000e+000
    outer loop
      vertex -4.403636e+001 -7.305759e+000  5.084954e+001
      vertex -4.351665e+001 -7.305759e+000  4.074398e+001
      vertex -4.351665e+001 -7.305759e+000  5.128489e+001
    endloop
  endfacet
  facet normal  0.000000e+000 -1.000000e+000  0.000000e+000
    outer loop
      vertex -3.902399e+001 -7.305759e+000  4.326313e+001
      vertex -3.886419e+001 -7.305759e+000  4.005307e+001
      vertex -3.859288e+001 -7.305759e+000  4.338091e+001
    endloop
  endfacet
  facet normal  0.000000e+000 -1.000000e+000  -0.000000e+000
    outer loop
      vertex -3.859288e+001 -7.305759e+000  4.338091e+001
      vertex -3.886419e+001 -7.305759e+000  4.005307e+001
      vertex -3.819317e+001 -7.305759e+000  4.016846e+001
    endloop
  endfacet
  facet normal  0.000000e+000 -1.000000e+000  0.000000e+000
    outer loop
      vertex -3.859288e+001 -7.305759e+000  4.338091e+001
      vertex -3.819317e+001 -7.305759e+000  4.016846e+001
      vertex -3.818600e+001 -7.305759e+000  4.356577e+001
    endloop
  endfacet
  facet normal  -0.000000e+000 -1.000000e+000  0.000000e+000
    outer loop
      vertex -3.954395e+001 -7.305759e+000  4.001443e+001
      vertex -3.886419e+001 -7.305759e+000  4.005307e+001
      vertex -3.946835e+001 -7.305759e+000  4.321545e+001
    endloop
  endfacet
  facet normal  0.000000e+000 -9.999999e-001  0.000000e+000
    outer loop
      vertex -3.946835e+001 -7.305759e+000  4.321545e+001
      vertex -3.886419e+001 -7.305759e+000  4.005307e+001
      vertex -3.902399e+001 -7.305759e+000  4.326313e+001
    endloop
  endfacet
  facet normal  1.000000e+000  0.000000e+000  0.000000e+000
    outer loop
      vertex -4.351665e+001 -9.505759e+000  4.074398e+001
      vertex -4.351665e+001 -9.505759e+000  4.151443e+001
      vertex -4.351665e+001 -1.770576e+001  4.151443e+001
    endloop
  endfacet
  facet normal  1.000000e+000  0.000000e+000  0.000000e+000
    outer loop
      vertex -4.351665e+001 -9.505759e+000  4.074398e+001
      vertex -4.351665e+001 -1.770576e+001  4.151443e+001
      vertex -4.351665e+001 -1.770576e+001  4.074398e+001
    endloop
  endfacet
  facet normal  1.000000e+000  -0.000000e+000  0.000000e+000
    outer loop
      vertex -4.351665e+001 -9.505759e+000  4.074398e+001
      vertex -4.351665e+001 -1.770576e+001  4.074398e+001
      vertex -4.351665e+001 -7.305759e+000  4.001443e+001
    endloop
  endfacet
  facet normal  1.000000e+000  0.000000e+000  -0.000000e+000
    outer loop
      vertex -4.351665e+001 -9.505759e+000  4.074398e+001
      vertex -4.351665e+001 -7.305759e+000  4.001443e+001
      vertex -4.351665e+001 -7.305759e+000  4.074398e+001
    endloop
  endfacet
  facet normal  1.000000e+000  0.000000e+000  0.000000e+000
    outer loop
      vertex -4.351665e+001 -1.990576e+001  4.001443e+001
      vertex -4.351665e+001 -7.305759e+000  4.001443e+001
      vertex -4.351665e+001 -1.990576e+001  4.074398e+001
    endloop
  endfacet
  facet normal  1.000000e+000  -0.000000e+000  0.000000e+000
    outer loop
      vertex -4.351665e+001 -1.990576e+001  4.074398e+001
      vertex -4.351665e+001 -7.305759e+000  4.001443e+001
      vertex -4.351665e+001 -1.770576e+001  4.074398e+001
    endloop
  endfacet
  facet normal  1.000000e+000  0.000000e+000  0.000000e+000
    outer loop
      vertex -4.351665e+001 -1.990576e+001  5.128489e+001
      vertex -4.351665e+001 -1.770576e+001  5.128489e+001
      vertex -4.351665e+001 -1.990576e+001  5.201443e+001
    endloop
  endfacet
  facet normal  1.000000e+000  0.000000e+000  0.000000e+000
    outer loop
      vertex -4.351665e+001 -1.990576e+001  5.201443e+001
      vertex -4.351665e+001 -1.770576e+001  5.128489e+001
      vertex -4.351665e+001 -7.305759e+000  5.128489e+001
    endloop
  endfacet
  facet normal  1.000000e+000  0.000000e+000  -0.000000e+000
    outer loop
      vertex -4.351665e+001 -1.990576e+001  5.201443e+001
      vertex -4.351665e+001 -7.305759e+000  5.128489e+001
      vertex -4.351665e+001 -7.305759e+000  5.201443e+001
    endloop
  endfacet
  facet normal  6.924817e-001  3.931592e-003 -7.214246e-001
    outer loop
      vertex -4.436345e+001 -9.505759e+000  5.052359e+001
      vertex -4.403636e+001 -7.305759e+000  5.084954e+001
      vertex -4.385208e+001 -9.505759e+000  5.101443e+001
    endloop
  endfacet
  facet normal  6.421416e-001 -3.669267e-003 -7.665772e-001
    outer loop
      vertex -4.403636e+001 -7.305759e+000  5.084954e+001
      vertex -4.351665e+001 -7.305759e+000  5.128489e+001
      vertex -4.385208e+001 -9.505759e+000  5.101443e+001
    endloop
  endfacet
  facet normal  9.870393e-001  1.377922e-003 -1.604729e-001
    outer loop
      vertex -4.600504e+001 -7.305759e+000  4.736140e+001
      vertex -4.599214e+001 -9.505759e+000  4.742187e+001
      vertex -4.610588e+001 -9.505759e+000  4.672223e+001
    endloop
  endfacet
  facet normal  9.671775e-001 -1.311684e-003 -2.540987e-001
    outer loop
      vertex -4.599214e+001 -9.505759e+000  4.742187e+001
      vertex -4.600504e+001 -7.305759e+000  4.736140e+001
      vertex -4.583277e+001 -7.305759e+000  4.801711e+001
    endloop
  endfacet
  facet normal  9.641351e-001  1.967763e-003 -2.654049e-001
    outer loop
      vertex -4.583277e+001 -7.305759e+000  4.801711e+001
      vertex -4.580401e+001 -9.505759e+000  4.810527e+001
      vertex -4.599214e+001 -9.505759e+000  4.742187e+001
    endloop
  endfacet
  facet normal  9.360080e-001 -1.869025e-003 -3.519737e-001
    outer loop
      vertex -4.580401e+001 -9.505759e+000  4.810527e+001
      vertex -4.583277e+001 -7.305759e+000  4.801711e+001
      vertex -4.559415e+001 -7.305759e+000  4.865168e+001
    endloop
  endfacet
  facet normal  9.301131e-001  2.491209e-003 -3.672652e-001
    outer loop
      vertex -4.559415e+001 -7.305759e+000  4.865168e+001
      vertex -4.554369e+001 -9.505759e+000  4.876456e+001
      vertex -4.580401e+001 -9.505759e+000  4.810527e+001
    endloop
  endfacet
  facet normal  8.949631e-001 -2.361788e-003 -4.461339e-001
    outer loop
      vertex -4.554369e+001 -9.505759e+000  4.876456e+001
      vertex -4.559415e+001 -7.305759e+000  4.865168e+001
      vertex -4.529169e+001 -7.305759e+000  4.925842e+001
    endloop
  endfacet
  facet normal  8.853604e-001  2.949929e-003 -4.648960e-001
    outer loop
      vertex -4.529169e+001 -7.305759e+000  4.925842e+001
      vertex -4.521416e+001 -9.505759e+000  4.939212e+001
      vertex -4.554369e+001 -9.505759e+000  4.876456e+001
    endloop
  endfacet
  facet normal  8.444730e-001 -2.787282e-003 -5.355908e-001
    outer loop
      vertex -4.521416e+001 -9.505759e+000  4.939212e+001
      vertex -4.529169e+001 -7.305759e+000  4.925842e+001
      vertex -4.492859e+001 -7.305759e+000  4.983094e+001
    endloop
  endfacet
  facet normal  8.303968e-001  3.342580e-003 -5.571624e-001
    outer loop
      vertex -4.492859e+001 -7.305759e+000  4.983094e+001
      vertex -4.481923e+001 -9.505759e+000  4.998073e+001
      vertex -4.521416e+001 -9.505759e+000  4.939212e+001
    endloop
  endfacet
  facet normal  7.850740e-001 -3.147545e-003 -6.193940e-001
    outer loop
      vertex -4.481923e+001 -9.505759e+000  4.998073e+001
      vertex -4.492859e+001 -7.305759e+000  4.983094e+001
      vertex -4.450866e+001 -7.305759e+000  5.036318e+001
    endloop
  endfacet
  facet normal  7.658531e-001  3.670389e-003 -6.430051e-001
    outer loop
      vertex -4.450866e+001 -7.305759e+000  5.036318e+001
      vertex -4.436345e+001 -9.505759e+000  5.052359e+001
      vertex -4.481923e+001 -9.505759e+000  4.998073e+001
    endloop
  endfacet
  facet normal  7.173911e-001 -3.440679e-003 -6.966621e-001
    outer loop
      vertex -4.436345e+001 -9.505759e+000  5.052359e+001
      vertex -4.450866e+001 -7.305759e+000  5.036318e+001
      vertex -4.403636e+001 -7.305759e+000  5.084954e+001
    endloop
  endfacet
  facet normal  9.870343e-001 -3.444707e-003 -1.604721e-001
    outer loop
      vertex -4.599214e+001 -1.770576e+001  4.742187e+001
      vertex -4.603124e+001 -1.990576e+001  4.722859e+001
      vertex -4.610588e+001 -1.770576e+001  4.672223e+001
    endloop
  endfacet
  facet normal  9.733781e-001  2.834821e-003 -2.291875e-001
    outer loop
      vertex -4.589138e+001 -1.990576e+001  4.782260e+001
      vertex -4.603124e+001 -1.990576e+001  4.722859e+001
      vertex -4.599214e+001 -1.770576e+001  4.742187e+001
    endloop
  endfacet
  facet normal  9.641284e-001 -4.185480e-003 -2.654031e-001
    outer loop
      vertex -4.580401e+001 -1.770576e+001  4.810527e+001
      vertex -4.589138e+001 -1.990576e+001  4.782260e+001
      vertex -4.599214e+001 -1.770576e+001  4.742187e+001
    endloop
  endfacet
  facet normal  9.480601e-001  3.220308e-003 -3.180750e-001
    outer loop
      vertex -4.569732e+001 -1.990576e+001  4.840101e+001
      vertex -4.589138e+001 -1.990576e+001  4.782260e+001
      vertex -4.580401e+001 -1.770576e+001  4.810527e+001
    endloop
  endfacet
  facet normal  9.301074e-001 -4.262494e-003 -3.672629e-001
    outer loop
      vertex -4.554369e+001 -1.770576e+001  4.876456e+001
      vertex -4.569732e+001 -1.990576e+001  4.840101e+001
      vertex -4.580401e+001 -1.770576e+001  4.810527e+001
    endloop
  endfacet
  facet normal  9.146312e-001  2.935059e-003 -4.042786e-001
    outer loop
      vertex -4.554369e+001 -1.770576e+001  4.876456e+001
      vertex -4.545071e+001 -1.990576e+001  4.895893e+001
      vertex -4.569732e+001 -1.990576e+001  4.840101e+001
    endloop
  endfacet
  facet normal  8.853583e-001 -3.657629e-003 -4.648949e-001
    outer loop
      vertex -4.545071e+001 -1.990576e+001  4.895893e+001
      vertex -4.554369e+001 -1.770576e+001  4.876456e+001
      vertex -4.521416e+001 -1.770576e+001  4.939212e+001
    endloop
  endfacet
  facet normal  8.733789e-001  1.990364e-003 -4.870373e-001
    outer loop
      vertex -4.521416e+001 -1.770576e+001  4.939212e+001
      vertex -4.515362e+001 -1.990576e+001  4.949169e+001
      vertex -4.545071e+001 -1.990576e+001  4.895893e+001
    endloop
  endfacet
  facet normal  6.276714e-001  0.000000e+000 -7.784783e-001
    outer loop
      vertex -4.385208e+001 -1.770576e+001  5.101443e+001
      vertex -4.385208e+001 -9.505759e+000  5.101443e+001
      vertex -4.351665e+001 -7.305759e+000  5.128489e+001
    endloop
  endfacet
  facet normal  6.276714e-001  0.000000e+000 -7.784783e-001
    outer loop
      vertex -4.385208e+001 -1.770576e+001  5.101443e+001
      vertex -4.351665e+001 -7.305759e+000  5.128489e+001
      vertex -4.351665e+001 -1.770576e+001  5.128489e+001
    endloop
  endfacet
  facet normal  6.276715e-001  0.000000e+000 -7.784783e-001
    outer loop
      vertex -4.385208e+001 -1.770576e+001  5.101443e+001
      vertex -4.351665e+001 -1.770576e+001  5.128489e+001
      vertex -4.351665e+001 -1.990576e+001  5.128489e+001
    endloop
  endfacet
  facet normal  6.382497e-001  2.676642e-003 -7.698248e-001
    outer loop
      vertex -4.385208e+001 -1.770576e+001  5.101443e+001
      vertex -4.351665e+001 -1.990576e+001  5.128489e+001
      vertex -4.398649e+001 -1.990576e+001  5.089535e+001
    endloop
  endfacet
  facet normal  6.924834e-001 -3.256648e-003 -7.214264e-001
    outer loop
      vertex -4.385208e+001 -1.770576e+001  5.101443e+001
      vertex -4.398649e+001 -1.990576e+001  5.089535e+001
      vertex -4.436345e+001 -1.770576e+001  5.052359e+001
    endloop
  endfacet
  facet normal  9.881424e-001 -6.871792e-004 -1.535390e-001
    outer loop
      vertex -4.600504e+001 -7.305759e+000  4.736140e+001
      vertex -4.610588e+001 -9.505759e+000  4.672223e+001
      vertex -4.610913e+001 -7.305759e+000  4.669149e+001
    endloop
  endfacet
  facet normal  9.985570e-001  7.231704e-004 -5.369911e-002
    outer loop
      vertex -4.610913e+001 -7.305759e+000  4.669149e+001
      vertex -4.610588e+001 -9.505759e+000  4.672223e+001
      vertex -4.614395e+001 -9.505759e+000  4.601443e+001
    endloop
  endfacet
  facet normal  9.986804e-001  0.000000e+000 -5.135563e-002
    outer loop
      vertex -4.610913e+001 -7.305759e+000  4.669149e+001
      vertex -4.614395e+001 -9.505759e+000  4.601443e+001
      vertex -4.614395e+001 -7.305759e+000  4.601443e+001
    endloop
  endfacet
  facet normal  9.903797e-001  1.756835e-003 -1.383659e-001
    outer loop
      vertex -4.603124e+001 -1.990576e+001  4.722859e+001
      vertex -4.611569e+001 -1.990576e+001  4.662410e+001
      vertex -4.610588e+001 -1.770576e+001  4.672223e+001
    endloop
  endfacet
  facet normal  9.989249e-001 -2.388120e-003 -4.629606e-002
    outer loop
      vertex -4.610588e+001 -1.770576e+001  4.672223e+001
      vertex -4.611569e+001 -1.990576e+001  4.662410e+001
      vertex -4.614395e+001 -1.990576e+001  4.601443e+001
    endloop
  endfacet
  facet normal  9.985572e-001  0.000000e+000 -5.369912e-002
    outer loop
      vertex -4.610588e+001 -1.770576e+001  4.672223e+001
      vertex -4.614395e+001 -1.990576e+001  4.601443e+001
      vertex -4.614395e+001 -1.770576e+001  4.601443e+001
    endloop
  endfacet
  facet normal  7.066277e-001  1.505991e-003 -7.075839e-001
    outer loop
      vertex -4.398649e+001 -1.990576e+001  5.089535e+001
      vertex -4.441838e+001 -1.990576e+001  5.046405e+001
      vertex -4.436345e+001 -1.770576e+001  5.052359e+001
    endloop
  endfacet
  facet normal  7.689230e-001 -1.896411e-003 -6.393387e-001
    outer loop
      vertex -4.436345e+001 -1.770576e+001  5.052359e+001
      vertex -4.441838e+001 -1.990576e+001  5.046405e+001
      vertex -4.480853e+001 -1.990576e+001  4.999481e+001
    endloop
  endfacet
  facet normal  7.658582e-001 -3.941103e-004 -6.430094e-001
    outer loop
      vertex -4.436345e+001 -1.770576e+001  5.052359e+001
      vertex -4.480853e+001 -1.990576e+001  4.999481e+001
      vertex -4.481923e+001 -1.770576e+001  4.998073e+001
    endloop
  endfacet
  facet normal  8.246614e-001  3.870734e-004 -5.656268e-001
    outer loop
      vertex -4.481923e+001 -1.770576e+001  4.998073e+001
      vertex -4.480853e+001 -1.990576e+001  4.999481e+001
      vertex -4.515362e+001 -1.990576e+001  4.949169e+001
    endloop
  endfacet
  facet normal  8.303992e-001 -2.366253e-003 -5.571640e-001
    outer loop
      vertex -4.481923e+001 -1.770576e+001  4.998073e+001
      vertex -4.515362e+001 -1.990576e+001  4.949169e+001
      vertex -4.521416e+001 -1.770576e+001  4.939212e+001
    endloop
  endfacet
  facet normal  0.000000e+000  1.000000e+000  0.000000e+000
    outer loop
      vertex -3.954395e+001 -1.990576e+001  4.001443e+001
      vertex -4.202839e+001 -1.990576e+001  4.472309e+001
      vertex -4.179129e+001 -1.990576e+001  4.434426e+001
    endloop
  endfacet
  facet normal  0.000000e+000  1.000000e+000  0.000000e+000
    outer loop
      vertex -3.954395e+001 -1.990576e+001  4.001443e+001
      vertex -4.179129e+001 -1.990576e+001  4.434426e+001
      vertex -4.149694e+001 -1.990576e+001  4.400798e+001
    endloop
  endfacet
  facet normal  0.000000e+000  9.999999e-001  0.000000e+000
    outer loop
      vertex -3.954395e+001 -1.990576e+001  4.001443e+001
      vertex -4.149694e+001 -1.990576e+001  4.400798e+001
      vertex -4.115283e+001 -1.990576e+001  4.372282e+001
    endloop
  endfacet
  facet normal  0.000000e+000  1.000000e+000  0.000000e+000
    outer loop
      vertex -3.954395e+001 -1.990576e+001  4.001443e+001
      vertex -4.115283e+001 -1.990576e+001  4.372282e+001
      vertex -4.076774e+001 -1.990576e+001  4.349604e+001
    endloop
  endfacet
  facet normal  0.000000e+000  1.000000e+000  0.000000e+000
    outer loop
      vertex -3.954395e+001 -1.990576e+001  4.001443e+001
      vertex -4.076774e+001 -1.990576e+001  4.349604e+001
      vertex -4.035147e+001 -1.990576e+001  4.333341e+001
    endloop
  endfacet
  facet normal  0.000000e+000  1.000000e+000  0.000000e+000
    outer loop
      vertex -3.954395e+001 -1.990576e+001  4.001443e+001
      vertex -4.035147e+001 -1.990576e+001  4.333341e+001
      vertex -3.991463e+001 -1.990576e+001  4.323908e+001
    endloop
  endfacet
  facet normal  0.000000e+000  1.000000e+000  0.000000e+000
    outer loop
      vertex -3.954395e+001 -1.990576e+001  4.001443e+001
      vertex -3.991463e+001 -1.990576e+001  4.323908e+001
      vertex -3.946835e+001 -1.990576e+001  4.321545e+001
    endloop
  endfacet
  facet normal  -0.000000e+000  1.000000e+000  0.000000e+000
    outer loop
      vertex -3.954395e+001 -1.990576e+001  4.001443e+001
      vertex -3.946835e+001 -1.990576e+001  4.321545e+001
      vertex -3.902399e+001 -1.990576e+001  4.326313e+001
    endloop
  endfacet
  facet normal  0.000000e+000  1.000000e+000  0.000000e+000
    outer loop
      vertex -3.954395e+001 -1.990576e+001  4.001443e+001
      vertex -3.902399e+001 -1.990576e+001  4.326313e+001
      vertex -3.886419e+001 -1.990576e+001  4.005307e+001
    endloop
  endfacet
  facet normal  0.000000e+000  1.000000e+000  0.000000e+000
    outer loop
      vertex -4.351665e+001 -1.990576e+001  4.001443e+001
      vertex -4.230828e+001 -1.990576e+001  4.556895e+001
      vertex -4.220219e+001 -1.990576e+001  4.513482e+001
    endloop
  endfacet
  facet normal  0.000000e+000  9.999999e-001  0.000000e+000
    outer loop
      vertex -4.351665e+001 -1.990576e+001  4.001443e+001
      vertex -4.220219e+001 -1.990576e+001  4.513482e+001
      vertex -4.202839e+001 -1.990576e+001  4.472309e+001
    endloop
  endfacet
  facet normal  0.000000e+000  1.000000e+000  0.000000e+000
    outer loop
      vertex -4.351665e+001 -1.990576e+001  4.001443e+001
      vertex -4.202839e+001 -1.990576e+001  4.472309e+001
      vertex -3.954395e+001 -1.990576e+001  4.001443e+001
    endloop
  endfacet
  facet normal  0.000000e+000  1.000000e+000  0.000000e+000
    outer loop
      vertex -4.230828e+001 -1.990576e+001  4.556895e+001
      vertex -4.351665e+001 -1.990576e+001  4.001443e+001
      vertex -4.351665e+001 -1.990576e+001  4.074398e+001
    endloop
  endfacet
  facet normal  0.000000e+000  1.000000e+000  0.000000e+000
    outer loop
      vertex -4.230828e+001 -1.990576e+001  4.556895e+001
      vertex -4.351665e+001 -1.990576e+001  4.074398e+001
      vertex -4.351665e+001 -1.990576e+001  5.128489e+001
    endloop
  endfacet
  facet normal  -0.000000e+000  1.000000e+000  0.000000e+000
    outer loop
      vertex -4.230828e+001 -1.990576e+001  4.556895e+001
      vertex -4.351665e+001 -1.990576e+001  5.128489e+001
      vertex -4.351665e+001 -1.990576e+001  5.201443e+001
    endloop
  endfacet
  facet normal  0.000000e+000  1.000000e+000  0.000000e+000
    outer loop
      vertex -4.230828e+001 -1.990576e+001  4.556895e+001
      vertex -4.351665e+001 -1.990576e+001  5.201443e+001
      vertex -4.234395e+001 -1.990576e+001  4.601443e+001
    endloop
  endfacet
  facet normal  0.000000e+000  9.999999e-001  -0.000000e+000
    outer loop
      vertex -3.385210e+001 -1.990576e+001  4.411633e+001
      vertex -3.410379e+001 -1.990576e+001  4.348370e+001
      vertex -3.442553e+001 -1.990576e+001  4.288366e+001
    endloop
  endfacet
  facet normal  0.000000e+000  9.999999e-001  -0.000000e+000
    outer loop
      vertex -3.385210e+001 -1.990576e+001  4.411633e+001
      vertex -3.442553e+001 -1.990576e+001  4.288366e+001
      vertex -3.481318e+001 -1.990576e+001  4.232393e+001
    endloop
  endfacet
  facet normal  0.000000e+000  1.000000e+000  -0.000000e+000
    outer loop
      vertex -3.385210e+001 -1.990576e+001  4.411633e+001
      vertex -3.481318e+001 -1.990576e+001  4.232393e+001
      vertex -3.526176e+001 -1.990576e+001  4.181172e+001
    endloop
  endfacet
  facet normal  0.000000e+000  1.000000e+000  -0.000000e+000
    outer loop
      vertex -3.385210e+001 -1.990576e+001  4.411633e+001
      vertex -3.526176e+001 -1.990576e+001  4.181172e+001
      vertex -3.576547e+001 -1.990576e+001  4.135363e+001
    endloop
  endfacet
  facet normal  0.000000e+000  9.999999e-001  -0.000000e+000
    outer loop
      vertex -3.385210e+001 -1.990576e+001  4.411633e+001
      vertex -3.576547e+001 -1.990576e+001  4.135363e+001
      vertex -3.631784e+001 -1.990576e+001  4.095556e+001
    endloop
  endfacet
  facet normal  0.000000e+000  1.000000e+000  -0.000000e+000
    outer loop
      vertex -3.385210e+001 -1.990576e+001  4.411633e+001
      vertex -3.631784e+001 -1.990576e+001  4.095556e+001
      vertex -3.691175e+001 -1.990576e+001  4.062263e+001
    endloop
  endfacet
  facet normal  0.000000e+000  1.000000e+000  -0.000000e+000
    outer loop
      vertex -3.385210e+001 -1.990576e+001  4.411633e+001
      vertex -3.691175e+001 -1.990576e+001  4.062263e+001
      vertex -3.753955e+001 -1.990576e+001  4.035913e+001
    endloop
  endfacet
  facet normal  0.000000e+000  1.000000e+000  0.000000e+000
    outer loop
      vertex -3.385210e+001 -1.990576e+001  4.411633e+001
      vertex -3.753955e+001 -1.990576e+001  4.035913e+001
      vertex -3.748550e+001 -1.990576e+001  4.411633e+001
    endloop
  endfacet
  facet normal  0.000000e+000  1.000000e+000  0.000000e+000
    outer loop
      vertex -3.954395e+001 -1.990576e+001  5.201443e+001
      vertex -3.885432e+001 -1.990576e+001  5.197467e+001
      vertex -3.892474e+001 -1.990576e+001  4.874511e+001
    endloop
  endfacet
  facet normal  0.000000e+000  9.999999e-001  0.000000e+000
    outer loop
      vertex -3.954395e+001 -1.990576e+001  5.201443e+001
      vertex -3.892474e+001 -1.990576e+001  4.874511e+001
      vertex -3.937628e+001 -1.990576e+001  4.880941e+001
    endloop
  endfacet
  facet normal  0.000000e+000  1.000000e+000  0.000000e+000
    outer loop
      vertex -3.954395e+001 -1.990576e+001  5.201443e+001
      vertex -3.937628e+001 -1.990576e+001  4.880941e+001
      vertex -3.983227e+001 -1.990576e+001  4.879955e+001
    endloop
  endfacet
  facet normal  0.000000e+000  1.000000e+000  -0.000000e+000
    outer loop
      vertex -3.954395e+001 -1.990576e+001  5.201443e+001
      vertex -3.983227e+001 -1.990576e+001  4.879955e+001
      vertex -4.028061e+001 -1.990576e+001  4.871579e+001
    endloop
  endfacet
  facet normal  0.000000e+000  1.000000e+000  -0.000000e+000
    outer loop
      vertex -3.954395e+001 -1.990576e+001  5.201443e+001
      vertex -4.028061e+001 -1.990576e+001  4.871579e+001
      vertex -4.070940e+001 -1.990576e+001  4.856036e+001
    endloop
  endfacet
  facet normal  0.000000e+000  1.000000e+000  -0.000000e+000
    outer loop
      vertex -3.954395e+001 -1.990576e+001  5.201443e+001
      vertex -4.070940e+001 -1.990576e+001  4.856036e+001
      vertex -4.110727e+001 -1.990576e+001  4.833738e+001
    endloop
  endfacet
  facet normal  0.000000e+000  1.000000e+000  -0.000000e+000
    outer loop
      vertex -3.954395e+001 -1.990576e+001  5.201443e+001
      vertex -4.110727e+001 -1.990576e+001  4.833738e+001
      vertex -4.146365e+001 -1.990576e+001  4.805275e+001
    endloop
  endfacet
  facet normal  0.000000e+000  1.000000e+000  -0.000000e+000
    outer loop
      vertex -3.954395e+001 -1.990576e+001  5.201443e+001
      vertex -4.146365e+001 -1.990576e+001  4.805275e+001
      vertex -4.176910e+001 -1.990576e+001  4.771405e+001
    endloop
  endfacet
  facet normal  0.000000e+000  1.000000e+000  -0.000000e+000
    outer loop
      vertex -3.954395e+001 -1.990576e+001  5.201443e+001
      vertex -4.176910e+001 -1.990576e+001  4.771405e+001
      vertex -4.201551e+001 -1.990576e+001  4.733025e+001
    endloop
  endfacet
  facet normal  0.000000e+000  1.000000e+000  0.000000e+000
    outer loop
      vertex -4.351665e+001 -1.990576e+001  5.201443e+001
      vertex -3.954395e+001 -1.990576e+001  5.201443e+001
      vertex -4.201551e+001 -1.990576e+001  4.733025e+001
    endloop
  endfacet
  facet normal  0.000000e+000  1.000000e+000  0.000000e+000
    outer loop
      vertex -4.351665e+001 -1.990576e+001  5.201443e+001
      vertex -4.201551e+001 -1.990576e+001  4.733025e+001
      vertex -4.219635e+001 -1.990576e+001  4.691153e+001
    endloop
  endfacet
  facet normal  0.000000e+000  1.000000e+000  0.000000e+000
    outer loop
      vertex -4.351665e+001 -1.990576e+001  5.201443e+001
      vertex -4.219635e+001 -1.990576e+001  4.691153e+001
      vertex -4.230680e+001 -1.990576e+001  4.646901e+001
    endloop
  endfacet
  facet normal  0.000000e+000  1.000000e+000  0.000000e+000
    outer loop
      vertex -4.351665e+001 -1.990576e+001  5.201443e+001
      vertex -4.230680e+001 -1.990576e+001  4.646901e+001
      vertex -4.234395e+001 -1.990576e+001  4.601443e+001
    endloop
  endfacet
  facet normal  0.000000e+000  1.000000e+000  -0.000000e+000
    outer loop
      vertex -3.381849e+001 -1.990576e+001  4.780864e+001
      vertex -3.739433e+001 -1.990576e+001  4.780864e+001
      vertex -3.751151e+001 -1.990576e+001  5.165971e+001
    endloop
  endfacet
  facet normal  0.000000e+000  1.000000e+000  0.000000e+000
    outer loop
      vertex -3.381849e+001 -1.990576e+001  4.780864e+001
      vertex -3.751151e+001 -1.990576e+001  5.165971e+001
      vertex -3.687612e+001 -1.990576e+001  5.138870e+001
    endloop
  endfacet
  facet normal  0.000000e+000  1.000000e+000  0.000000e+000
    outer loop
      vertex -3.381849e+001 -1.990576e+001  4.780864e+001
      vertex -3.687612e+001 -1.990576e+001  5.138870e+001
      vertex -3.627610e+001 -1.990576e+001  5.104645e+001
    endloop
  endfacet
  facet normal  0.000000e+000  1.000000e+000  0.000000e+000
    outer loop
      vertex -3.381849e+001 -1.990576e+001  4.780864e+001
      vertex -3.627610e+001 -1.990576e+001  5.104645e+001
      vertex -3.571939e+001 -1.990576e+001  5.063750e+001
    endloop
  endfacet
  facet normal  0.000000e+000  1.000000e+000  0.000000e+000
    outer loop
      vertex -3.381849e+001 -1.990576e+001  4.780864e+001
      vertex -3.571939e+001 -1.990576e+001  5.063750e+001
      vertex -3.521337e+001 -1.990576e+001  5.016727e+001
    endloop
  endfacet
  facet normal  0.000000e+000  1.000000e+000  0.000000e+000
    outer loop
      vertex -3.381849e+001 -1.990576e+001  4.780864e+001
      vertex -3.521337e+001 -1.990576e+001  5.016727e+001
      vertex -3.476475e+001 -1.990576e+001  4.964200e+001
    endloop
  endfacet
  facet normal  0.000000e+000  1.000000e+000  0.000000e+000
    outer loop
      vertex -3.381849e+001 -1.990576e+001  4.780864e+001
      vertex -3.476475e+001 -1.990576e+001  4.964200e+001
      vertex -3.437948e+001 -1.990576e+001  4.906865e+001
    endloop
  endfacet
  facet normal  0.000000e+000  1.000000e+000  0.000000e+000
    outer loop
      vertex -3.381849e+001 -1.990576e+001  4.780864e+001
      vertex -3.437948e+001 -1.990576e+001  4.906865e+001
      vertex -3.406266e+001 -1.990576e+001  4.845481e+001
    endloop
  endfacet
  facet normal  0.000000e+000  1.000000e+000  0.000000e+000
    outer loop
      vertex -4.614395e+001 -1.990576e+001  4.601443e+001
      vertex -4.611569e+001 -1.990576e+001  4.662410e+001
      vertex -4.611569e+001 -1.990576e+001  4.540477e+001
    endloop
  endfacet
  facet normal  0.000000e+000  9.999999e-001  0.000000e+000
    outer loop
      vertex -4.611569e+001 -1.990576e+001  4.540477e+001
      vertex -4.611569e+001 -1.990576e+001  4.662410e+001
      vertex -4.603124e+001 -1.990576e+001  4.722859e+001
    endloop
  endfacet
  facet normal  0.000000e+000  1.000000e+000  0.000000e+000
    outer loop
      vertex -4.611569e+001 -1.990576e+001  4.540477e+001
      vertex -4.603124e+001 -1.990576e+001  4.722859e+001
      vertex -4.603124e+001 -1.990576e+001  4.480028e+001
    endloop
  endfacet
  facet normal  0.000000e+000  1.000000e+000  0.000000e+000
    outer loop
      vertex -4.603124e+001 -1.990576e+001  4.480028e+001
      vertex -4.603124e+001 -1.990576e+001  4.722859e+001
      vertex -4.589138e+001 -1.990576e+001  4.782260e+001
    endloop
  endfacet
  facet normal  0.000000e+000  1.000000e+000  0.000000e+000
    outer loop
      vertex -4.603124e+001 -1.990576e+001  4.480028e+001
      vertex -4.589138e+001 -1.990576e+001  4.782260e+001
      vertex -4.589138e+001 -1.990576e+001  4.420627e+001
    endloop
  endfacet
  facet normal  0.000000e+000  1.000000e+000  0.000000e+000
    outer loop
      vertex -4.589138e+001 -1.990576e+001  4.420627e+001
      vertex -4.589138e+001 -1.990576e+001  4.782260e+001
      vertex -4.569732e+001 -1.990576e+001  4.840101e+001
    endloop
  endfacet
  facet normal  0.000000e+000  1.000000e+000  0.000000e+000
    outer loop
      vertex -4.589138e+001 -1.990576e+001  4.420627e+001
      vertex -4.569732e+001 -1.990576e+001  4.840101e+001
      vertex -4.569732e+001 -1.990576e+001  4.362786e+001
    endloop
  endfacet
  facet normal  0.000000e+000  1.000000e+000  0.000000e+000
    outer loop
      vertex -4.569732e+001 -1.990576e+001  4.362786e+001
      vertex -4.569732e+001 -1.990576e+001  4.840101e+001
      vertex -4.545071e+001 -1.990576e+001  4.895893e+001
    endloop
  endfacet
  facet normal  0.000000e+000  1.000000e+000  0.000000e+000
    outer loop
      vertex -4.569732e+001 -1.990576e+001  4.362786e+001
      vertex -4.545071e+001 -1.990576e+001  4.895893e+001
      vertex -4.545071e+001 -1.990576e+001  4.306994e+001
    endloop
  endfacet
  facet normal  0.000000e+000  1.000000e+000  0.000000e+000
    outer loop
      vertex -4.545071e+001 -1.990576e+001  4.306994e+001
      vertex -4.545071e+001 -1.990576e+001  4.895893e+001
      vertex -4.515362e+001 -1.990576e+001  4.949169e+001
    endloop
  endfacet
  facet normal  0.000000e+000  1.000000e+000  0.000000e+000
    outer loop
      vertex -4.545071e+001 -1.990576e+001  4.306994e+001
      vertex -4.515362e+001 -1.990576e+001  4.949169e+001
      vertex -4.515362e+001 -1.990576e+001  4.253718e+001
    endloop
  endfacet
  facet normal  0.000000e+000  1.000000e+000  0.000000e+000
    outer loop
      vertex -4.515362e+001 -1.990576e+001  4.253718e+001
      vertex -4.515362e+001 -1.990576e+001  4.949169e+001
      vertex -4.480853e+001 -1.990576e+001  4.999481e+001
    endloop
  endfacet
  facet normal  0.000000e+000  1.000000e+000  0.000000e+000
    outer loop
      vertex -4.515362e+001 -1.990576e+001  4.253718e+001
      vertex -4.480853e+001 -1.990576e+001  4.999481e+001
      vertex -4.480853e+001 -1.990576e+001  4.203406e+001
    endloop
  endfacet
  facet normal  0.000000e+000  9.999999e-001  0.000000e+000
    outer loop
      vertex -4.480853e+001 -1.990576e+001  4.203406e+001
      vertex -4.480853e+001 -1.990576e+001  4.999481e+001
      vertex -4.441838e+001 -1.990576e+001  5.046405e+001
    endloop
  endfacet
  facet normal  0.000000e+000  9.999999e-001  0.000000e+000
    outer loop
      vertex -4.480853e+001 -1.990576e+001  4.203406e+001
      vertex -4.441838e+001 -1.990576e+001  5.046405e+001
      vertex -4.441838e+001 -1.990576e+001  4.156482e+001
    endloop
  endfacet
  facet normal  0.000000e+000  1.000000e+000  0.000000e+000
    outer loop
      vertex -4.441838e+001 -1.990576e+001  4.156482e+001
      vertex -4.441838e+001 -1.990576e+001  5.046405e+001
      vertex -4.398649e+001 -1.990576e+001  5.089535e+001
    endloop
  endfacet
  facet normal  0.000000e+000  1.000000e+000  0.000000e+000
    outer loop
      vertex -4.441838e+001 -1.990576e+001  4.156482e+001
      vertex -4.398649e+001 -1.990576e+001  5.089535e+001
      vertex -4.398649e+001 -1.990576e+001  4.113352e+001
    endloop
  endfacet
  facet normal  0.000000e+000  1.000000e+000  0.000000e+000
    outer loop
      vertex -4.398649e+001 -1.990576e+001  4.113352e+001
      vertex -4.398649e+001 -1.990576e+001  5.089535e+001
      vertex -4.351665e+001 -1.990576e+001  5.128489e+001
    endloop
  endfacet
  facet normal  0.000000e+000  9.999999e-001  0.000000e+000
    outer loop
      vertex -4.398649e+001 -1.990576e+001  4.113352e+001
      vertex -4.351665e+001 -1.990576e+001  5.128489e+001
      vertex -4.351665e+001 -1.990576e+001  4.074398e+001
    endloop
  endfacet
  facet normal  0.000000e+000  9.999999e-001  -0.000000e+000
    outer loop
      vertex -3.818600e+001 -1.990576e+001  4.356577e+001
      vertex -3.819317e+001 -1.990576e+001  4.016846e+001
      vertex -3.859288e+001 -1.990576e+001  4.338091e+001
    endloop
  endfacet
  facet normal  0.000000e+000  1.000000e+000  0.000000e+000
    outer loop
      vertex -3.859288e+001 -1.990576e+001  4.338091e+001
      vertex -3.819317e+001 -1.990576e+001  4.016846e+001
      vertex -3.886419e+001 -1.990576e+001  4.005307e+001
    endloop
  endfacet
  facet normal  0.000000e+000  9.999999e-001  -0.000000e+000
    outer loop
      vertex -3.859288e+001 -1.990576e+001  4.338091e+001
      vertex -3.886419e+001 -1.990576e+001  4.005307e+001
      vertex -3.902399e+001 -1.990576e+001  4.326313e+001
    endloop
  endfacet
  facet normal  0.000000e+000  1.000000e+000  -0.000000e+000
    outer loop
      vertex -3.748550e+001 -1.990576e+001  4.411633e+001
      vertex -3.753955e+001 -1.990576e+001  4.035913e+001
      vertex -3.781371e+001 -1.990576e+001  4.381301e+001
    endloop
  endfacet
  facet normal  0.000000e+000  1.000000e+000  0.000000e+000
    outer loop
      vertex -3.781371e+001 -1.990576e+001  4.381301e+001
      vertex -3.753955e+001 -1.990576e+001  4.035913e+001
      vertex -3.819317e+001 -1.990576e+001  4.016846e+001
    endloop
  endfacet
  facet normal  0.000000e+000  9.999999e-001  0.000000e+000
    outer loop
      vertex -3.781371e+001 -1.990576e+001  4.381301e+001
      vertex -3.819317e+001 -1.990576e+001  4.016846e+001
      vertex -3.818600e+001 -1.990576e+001  4.356577e+001
    endloop
  endfacet
  facet normal  -0.000000e+000  1.000000e+000  0.000000e+000
    outer loop
      vertex -3.808250e+001 -1.990576e+001  4.840277e+001
      vertex -3.848963e+001 -1.990576e+001  4.860835e+001
      vertex -3.817384e+001 -1.990576e+001  5.185591e+001
    endloop
  endfacet
  facet normal  0.000000e+000  9.999999e-001  0.000000e+000
    outer loop
      vertex -3.817384e+001 -1.990576e+001  5.185591e+001
      vertex -3.848963e+001 -1.990576e+001  4.860835e+001
      vertex -3.892474e+001 -1.990576e+001  4.874511e+001
    endloop
  endfacet
  facet normal  0.000000e+000  1.000000e+000  0.000000e+000
    outer loop
      vertex -3.817384e+001 -1.990576e+001  5.185591e+001
      vertex -3.892474e+001 -1.990576e+001  4.874511e+001
      vertex -3.885432e+001 -1.990576e+001  5.197467e+001
    endloop
  endfacet
  facet normal  -0.000000e+000  1.000000e+000  0.000000e+000
    outer loop
      vertex -3.739433e+001 -1.990576e+001  4.780864e+001
      vertex -3.771414e+001 -1.990576e+001  4.813382e+001
      vertex -3.751151e+001 -1.990576e+001  5.165971e+001
    endloop
  endfacet
  facet normal  0.000000e+000  1.000000e+000  0.000000e+000
    outer loop
      vertex -3.751151e+001 -1.990576e+001  5.165971e+001
      vertex -3.771414e+001 -1.990576e+001  4.813382e+001
      vertex -3.808250e+001 -1.990576e+001  4.840277e+001
    endloop
  endfacet
  facet normal  0.000000e+000  1.000000e+000  -0.000000e+000
    outer loop
      vertex -3.751151e+001 -1.990576e+001  5.165971e+001
      vertex -3.808250e+001 -1.990576e+001  4.840277e+001
      vertex -3.817384e+001 -1.990576e+001  5.185591e+001
    endloop
  endfacet
  facet normal  9.870992e-001 -3.392809e-003  1.600735e-001
    outer loop
      vertex -4.610608e+001 -1.770576e+001  4.530841e+001
      vertex -4.603124e+001 -1.990576e+001  4.480028e+001
      vertex -4.599290e+001 -1.770576e+001  4.461050e+001
    endloop
  endfacet
  facet normal  9.733782e-001  2.808361e-003  2.291875e-001
    outer loop
      vertex -4.599290e+001 -1.770576e+001  4.461050e+001
      vertex -4.603124e+001 -1.990576e+001  4.480028e+001
      vertex -4.589138e+001 -1.990576e+001  4.420627e+001
    endloop
  endfacet
  facet normal  9.643078e-001 -4.144657e-003  2.647514e-001
    outer loop
      vertex -4.599290e+001 -1.770576e+001  4.461050e+001
      vertex -4.589138e+001 -1.990576e+001  4.420627e+001
      vertex -4.580571e+001 -1.770576e+001  4.392869e+001
    endloop
  endfacet
  facet normal  9.480601e-001  3.216103e-003  3.180750e-001
    outer loop
      vertex -4.580571e+001 -1.770576e+001  4.392869e+001
      vertex -4.589138e+001 -1.990576e+001  4.420627e+001
      vertex -4.569732e+001 -1.990576e+001  4.362786e+001
    endloop
  endfacet
  facet normal  9.304537e-001 -4.257183e-003  3.663848e-001
    outer loop
      vertex -4.580571e+001 -1.770576e+001  4.392869e+001
      vertex -4.569732e+001 -1.990576e+001  4.362786e+001
      vertex -4.554666e+001 -1.770576e+001  4.327082e+001
    endloop
  endfacet
  facet normal  9.146311e-001  2.976173e-003  4.042785e-001
    outer loop
      vertex -4.569732e+001 -1.990576e+001  4.362786e+001
      vertex -4.545071e+001 -1.990576e+001  4.306994e+001
      vertex -4.554666e+001 -1.770576e+001  4.327082e+001
    endloop
  endfacet
  facet normal  8.859254e-001 -3.711877e-003  4.638129e-001
    outer loop
      vertex -4.521873e+001 -1.770576e+001  4.264444e+001
      vertex -4.554666e+001 -1.770576e+001  4.327082e+001
      vertex -4.545071e+001 -1.990576e+001  4.306994e+001
    endloop
  endfacet
  facet normal  8.733788e-001  2.102947e-003  4.870372e-001
    outer loop
      vertex -4.545071e+001 -1.990576e+001  4.306994e+001
      vertex -4.515362e+001 -1.990576e+001  4.253718e+001
      vertex -4.521873e+001 -1.770576e+001  4.264444e+001
    endloop
  endfacet
  facet normal  8.312275e-001 -2.503137e-003  5.559267e-001
    outer loop
      vertex -4.482566e+001 -1.770576e+001  4.205672e+001
      vertex -4.521873e+001 -1.770576e+001  4.264444e+001
      vertex -4.515362e+001 -1.990576e+001  4.253718e+001
    endloop
  endfacet
  facet normal  9.985647e-001  -0.000000e+000  5.355957e-002
    outer loop
      vertex -4.614395e+001 -1.770576e+001  4.601443e+001
      vertex -4.614395e+001 -1.990576e+001  4.601443e+001
      vertex -4.610608e+001 -1.770576e+001  4.530841e+001
    endloop
  endfacet
  facet normal  9.989250e-001 -2.337192e-003  4.629607e-002
    outer loop
      vertex -4.610608e+001 -1.770576e+001  4.530841e+001
      vertex -4.614395e+001 -1.990576e+001  4.601443e+001
      vertex -4.611569e+001 -1.990576e+001  4.540477e+001
    endloop
  endfacet
  facet normal  9.903797e-001  1.732614e-003  1.383659e-001
    outer loop
      vertex -4.610608e+001 -1.770576e+001  4.530841e+001
      vertex -4.611569e+001 -1.990576e+001  4.540477e+001
      vertex -4.603124e+001 -1.990576e+001  4.480028e+001
    endloop
  endfacet
  facet normal  6.382520e-001  0.000000e+000  7.698275e-001
    outer loop
      vertex -4.351665e+001 -1.990576e+001  4.074398e+001
      vertex -4.351665e+001 -1.770576e+001  4.074398e+001
      vertex -4.398649e+001 -1.990576e+001  4.113352e+001
    endloop
  endfacet
  facet normal  6.362512e-001  7.201678e-004  7.714816e-001
    outer loop
      vertex -4.398649e+001 -1.990576e+001  4.113352e+001
      vertex -4.351665e+001 -1.770576e+001  4.074398e+001
      vertex -4.396111e+001 -1.770576e+001  4.111053e+001
    endloop
  endfacet
  facet normal  7.066283e-001 -7.594713e-004  7.075845e-001
    outer loop
      vertex -4.398649e+001 -1.990576e+001  4.113352e+001
      vertex -4.396111e+001 -1.770576e+001  4.111053e+001
      vertex -4.441838e+001 -1.990576e+001  4.156482e+001
    endloop
  endfacet
  facet normal  7.011020e-001  1.519689e-003  7.130594e-001
    outer loop
      vertex -4.441838e+001 -1.990576e+001  4.156482e+001
      vertex -4.396111e+001 -1.770576e+001  4.111053e+001
      vertex -4.437194e+001 -1.770576e+001  4.151448e+001
    endloop
  endfacet
  facet normal  7.689233e-001 -1.598666e-003  6.393390e-001
    outer loop
      vertex -4.441838e+001 -1.990576e+001  4.156482e+001
      vertex -4.437194e+001 -1.770576e+001  4.151448e+001
      vertex -4.480853e+001 -1.990576e+001  4.203406e+001
    endloop
  endfacet
  facet normal  7.669327e-001 -6.395667e-004  6.417273e-001
    outer loop
      vertex -4.480853e+001 -1.990576e+001  4.203406e+001
      vertex -4.437194e+001 -1.770576e+001  4.151448e+001
      vertex -4.482566e+001 -1.770576e+001  4.205672e+001
    endloop
  endfacet
  facet normal  8.246613e-001  5.940517e-004  5.656267e-001
    outer loop
      vertex -4.480853e+001 -1.990576e+001  4.203406e+001
      vertex -4.482566e+001 -1.770576e+001  4.205672e+001
      vertex -4.515362e+001 -1.990576e+001  4.253718e+001
    endloop
  endfacet
  facet normal  0.000000e+000 -9.999999e-001  0.000000e+000
    outer loop
      vertex -4.396111e+001 -1.770576e+001  4.111053e+001
      vertex -4.351665e+001 -1.770576e+001  4.074398e+001
      vertex -4.437194e+001 -1.770576e+001  4.151448e+001
    endloop
  endfacet
  facet normal  0.000000e+000 -1.000000e+000  0.000000e+000
    outer loop
      vertex -4.437194e+001 -1.770576e+001  4.151448e+001
      vertex -4.351665e+001 -1.770576e+001  4.074398e+001
      vertex -4.351665e+001 -1.770576e+001  4.151443e+001
    endloop
  endfacet
  facet normal  0.000000e+000  0.000000e+000  9.999999e-001
    outer loop
      vertex -6.028565e+001 -9.505759e+000  4.151443e+001
      vertex -6.028565e+001 -1.770576e+001  4.151443e+001
      vertex -4.986426e+001 -1.770576e+001  4.151443e+001
    endloop
  endfacet
  facet normal  0.000000e+000  -0.000000e+000  9.999999e-001
    outer loop
      vertex -6.028565e+001 -9.505759e+000  4.151443e+001
      vertex -4.986426e+001 -1.770576e+001  4.151443e+001
      vertex -4.986426e+001 -1.554518e+001  4.151443e+001
    endloop
  endfacet
  facet normal  0.000000e+000  -0.000000e+000  1.000000e+000
    outer loop
      vertex -6.028565e+001 -9.505759e+000  4.151443e+001
      vertex -4.986426e+001 -1.554518e+001  4.151443e+001
      vertex -4.986426e+001 -1.179362e+001  4.151443e+001
    endloop
  endfacet
  facet normal  0.000000e+000  -0.000000e+000  9.999999e-001
    outer loop
      vertex -6.028565e+001 -9.505759e+000  4.151443e+001
      vertex -4.986426e+001 -1.179362e+001  4.151443e+001
      vertex -4.986426e+001 -9.505759e+000  4.151443e+001
    endloop
  endfacet
  facet normal  5.352125e-005  -0.000000e+000  1.000000e+000
    outer loop
      vertex -4.437194e+001 -1.770576e+001  4.151448e+001
      vertex -4.351665e+001 -1.770576e+001  4.151443e+001
      vertex -4.351665e+001 -9.505759e+000  4.151443e+001
    endloop
  endfacet
  facet normal  0.000000e+000  5.582484e-006  1.000000e+000
    outer loop
      vertex -4.437194e+001 -1.770576e+001  4.151448e+001
      vertex -4.351665e+001 -9.505759e+000  4.151443e+001
      vertex -4.437199e+001 -9.505759e+000  4.151443e+001
    endloop
  endfacet
  facet normal  0.000000e+000  5.582484e-006  1.000000e+000
    outer loop
      vertex -4.437194e+001 -1.770576e+001  4.151448e+001
      vertex -4.437199e+001 -9.505759e+000  4.151443e+001
      vertex -4.786426e+001 -9.505759e+000  4.151443e+001
    endloop
  endfacet
  facet normal -1.310773e-005  0.000000e+000  9.999999e-001
    outer loop
      vertex -4.437194e+001 -1.770576e+001  4.151448e+001
      vertex -4.786426e+001 -9.505759e+000  4.151443e+001
      vertex -4.786426e+001 -1.179362e+001  4.151443e+001
    endloop
  endfacet
  facet normal -1.310773e-005  0.000000e+000  9.999999e-001
    outer loop
      vertex -4.437194e+001 -1.770576e+001  4.151448e+001
      vertex -4.786426e+001 -1.179362e+001  4.151443e+001
      vertex -4.786426e+001 -1.554518e+001  4.151443e+001
    endloop
  endfacet
  facet normal -1.310773e-005  0.000000e+000  1.000000e+000
    outer loop
      vertex -4.437194e+001 -1.770576e+001  4.151448e+001
      vertex -4.786426e+001 -1.554518e+001  4.151443e+001
      vertex -4.786426e+001 -1.770576e+001  4.151443e+001
    endloop
  endfacet
  facet normal  0.000000e+000  0.000000e+000  1.000000e+000
    outer loop
      vertex -4.786426e+001 -1.554518e+001  4.151443e+001
      vertex -4.786426e+001 -1.179362e+001  4.151443e+001
      vertex -4.986426e+001 -1.554518e+001  4.151443e+001
    endloop
  endfacet
  facet normal  0.000000e+000  0.000000e+000  1.000000e+000
    outer loop
      vertex -4.986426e+001 -1.554518e+001  4.151443e+001
      vertex -4.786426e+001 -1.179362e+001  4.151443e+001
      vertex -4.986426e+001 -1.179362e+001  4.151443e+001
    endloop
  endfacet
  facet normal  0.000000e+000  0.000000e+000 -1.000000e+000
    outer loop
      vertex -5.186987e+001 -7.805759e+000  4.001443e+001
      vertex -6.028565e+001 -1.940576e+001  4.001443e+001
      vertex -6.028565e+001 -7.805759e+000  4.001443e+001
    endloop
  endfacet
  facet normal  0.000000e+000  0.000000e+000 -1.000000e+000
    outer loop
      vertex -4.351665e+001 -7.305759e+000  4.001443e+001
      vertex -4.351665e+001 -1.990576e+001  4.001443e+001
      vertex -5.186987e+001 -1.940576e+001  4.001443e+001
    endloop
  endfacet
  facet normal  0.000000e+000  0.000000e+000 -1.000000e+000
    outer loop
      vertex -4.351665e+001 -7.305759e+000  4.001443e+001
      vertex -5.186987e+001 -1.940576e+001  4.001443e+001
      vertex -6.028565e+001 -1.940576e+001  4.001443e+001
    endloop
  endfacet
  facet normal  0.000000e+000  0.000000e+000 -1.000000e+000
    outer loop
      vertex -4.351665e+001 -7.305759e+000  4.001443e+001
      vertex -6.028565e+001 -1.940576e+001  4.001443e+001
      vertex -5.186987e+001 -7.805759e+000  4.001443e+001
    endloop
  endfacet
  facet normal  0.000000e+000  0.000000e+000 -1.000000e+000
    outer loop
      vertex -4.351665e+001 -7.305759e+000  4.001443e+001
      vertex -5.186987e+001 -7.805759e+000  4.001443e+001
      vertex -5.186987e+001 -5.605759e+000  4.001443e+001
    endloop
  endfacet
  facet normal  0.000000e+000  0.000000e+000 -1.000000e+000
    outer loop
      vertex -4.351665e+001 -7.305759e+000  4.001443e+001
      vertex -5.186987e+001 -5.605759e+000  4.001443e+001
      vertex -3.954395e+001 -5.605759e+000  4.001443e+001
    endloop
  endfacet
  facet normal  0.000000e+000  -0.000000e+000 -9.999999e-001
    outer loop
      vertex -4.351665e+001 -7.305759e+000  4.001443e+001
      vertex -3.954395e+001 -5.605759e+000  4.001443e+001
      vertex -3.954395e+001 -7.305759e+000  4.001443e+001
    endloop
  endfacet
  facet normal  -0.000000e+000  0.000000e+000 -1.000000e+000
    outer loop
      vertex -5.186987e+001 -1.940576e+001  4.001443e+001
      vertex -4.351665e+001 -1.990576e+001  4.001443e+001
      vertex -5.186987e+001 -2.160576e+001  4.001443e+001
    endloop
  endfacet
  facet normal  0.000000e+000  0.000000e+000 -9.999999e-001
    outer loop
      vertex -5.186987e+001 -2.160576e+001  4.001443e+001
      vertex -4.351665e+001 -1.990576e+001  4.001443e+001
      vertex -3.954395e+001 -1.990576e+001  4.001443e+001
    endloop
  endfacet
  facet normal  0.000000e+000  -0.000000e+000 -1.000000e+000
    outer loop
      vertex -5.186987e+001 -2.160576e+001  4.001443e+001
      vertex -3.954395e+001 -1.990576e+001  4.001443e+001
      vertex -3.954395e+001 -2.160576e+001  4.001443e+001
    endloop
  endfacet
  facet normal  0.000000e+000  1.000000e+000  0.000000e+000
    outer loop
      vertex -4.786426e+001 -1.770576e+001  4.151443e+001
      vertex -4.786426e+001 -1.770576e+001  5.101443e+001
      vertex -4.614395e+001 -1.770576e+001  4.601443e+001
    endloop
  endfacet
  facet normal  0.000000e+000  1.000000e+000  0.000000e+000
    outer loop
      vertex -4.786426e+001 -1.770576e+001  4.151443e+001
      vertex -4.614395e+001 -1.770576e+001  4.601443e+001
      vertex -4.610608e+001 -1.770576e+001  4.530841e+001
    endloop
  endfacet
  facet normal  0.000000e+000  9.999999e-001  0.000000e+000
    outer loop
      vertex -4.786426e+001 -1.770576e+001  4.151443e+001
      vertex -4.610608e+001 -1.770576e+001  4.530841e+001
      vertex -4.599290e+001 -1.770576e+001  4.461050e+001
    endloop
  endfacet
  facet normal  0.000000e+000  1.000000e+000  0.000000e+000
    outer loop
      vertex -4.786426e+001 -1.770576e+001  4.151443e+001
      vertex -4.599290e+001 -1.770576e+001  4.461050e+001
      vertex -4.580571e+001 -1.770576e+001  4.392869e+001
    endloop
  endfacet
  facet normal  0.000000e+000  9.999999e-001  0.000000e+000
    outer loop
      vertex -4.786426e+001 -1.770576e+001  4.151443e+001
      vertex -4.580571e+001 -1.770576e+001  4.392869e+001
      vertex -4.554666e+001 -1.770576e+001  4.327082e+001
    endloop
  endfacet
  facet normal  0.000000e+000  1.000000e+000  0.000000e+000
    outer loop
      vertex -4.786426e+001 -1.770576e+001  4.151443e+001
      vertex -4.554666e+001 -1.770576e+001  4.327082e+001
      vertex -4.521873e+001 -1.770576e+001  4.264444e+001
    endloop
  endfacet
  facet normal  0.000000e+000  1.000000e+000  0.000000e+000
    outer loop
      vertex -4.786426e+001 -1.770576e+001  4.151443e+001
      vertex -4.521873e+001 -1.770576e+001  4.264444e+001
      vertex -4.482566e+001 -1.770576e+001  4.205672e+001
    endloop
  endfacet
  facet normal  0.000000e+000  1.000000e+000  0.000000e+000
    outer loop
      vertex -4.786426e+001 -1.770576e+001  4.151443e+001
      vertex -4.482566e+001 -1.770576e+001  4.205672e+001
      vertex -4.437194e+001 -1.770576e+001  4.151448e+001
    endloop
  endfacet
  facet normal  0.000000e+000  9.999999e-001  0.000000e+000
    outer loop
      vertex -4.786426e+001 -1.770576e+001  5.101443e+001
      vertex -4.385208e+001 -1.770576e+001  5.101443e+001
      vertex -4.436345e+001 -1.770576e+001  5.052359e+001
    endloop
  endfacet
  facet normal  0.000000e+000  1.000000e+000  0.000000e+000
    outer loop
      vertex -4.786426e+001 -1.770576e+001  5.101443e+001
      vertex -4.436345e+001 -1.770576e+001  5.052359e+001
      vertex -4.481923e+001 -1.770576e+001  4.998073e+001
    endloop
  endfacet
  facet normal  0.000000e+000  1.000000e+000  0.000000e+000
    outer loop
      vertex -4.786426e+001 -1.770576e+001  5.101443e+001
      vertex -4.481923e+001 -1.770576e+001  4.998073e+001
      vertex -4.521416e+001 -1.770576e+001  4.939212e+001
    endloop
  endfacet
  facet normal  0.000000e+000  1.000000e+000  0.000000e+000
    outer loop
      vertex -4.786426e+001 -1.770576e+001  5.101443e+001
      vertex -4.521416e+001 -1.770576e+001  4.939212e+001
      vertex -4.554369e+001 -1.770576e+001  4.876456e+001
    endloop
  endfacet
  facet normal  0.000000e+000  1.000000e+000  0.000000e+000
    outer loop
      vertex -4.786426e+001 -1.770576e+001  5.101443e+001
      vertex -4.554369e+001 -1.770576e+001  4.876456e+001
      vertex -4.580401e+001 -1.770576e+001  4.810527e+001
    endloop
  endfacet
  facet normal  0.000000e+000  1.000000e+000  0.000000e+000
    outer loop
      vertex -4.786426e+001 -1.770576e+001  5.101443e+001
      vertex -4.580401e+001 -1.770576e+001  4.810527e+001
      vertex -4.599214e+001 -1.770576e+001  4.742187e+001
    endloop
  endfacet
  facet normal  0.000000e+000  1.000000e+000  0.000000e+000
    outer loop
      vertex -4.786426e+001 -1.770576e+001  5.101443e+001
      vertex -4.599214e+001 -1.770576e+001  4.742187e+001
      vertex -4.610588e+001 -1.770576e+001  4.672223e+001
    endloop
  endfacet
  facet normal  0.000000e+000  1.000000e+000  0.000000e+000
    outer loop
      vertex -4.786426e+001 -1.770576e+001  5.101443e+001
      vertex -4.610588e+001 -1.770576e+001  4.672223e+001
      vertex -4.614395e+001 -1.770576e+001  4.601443e+001
    endloop
  endfacet
  facet normal  -0.000000e+000  0.000000e+000 -1.000000e+000
    outer loop
      vertex -4.786426e+001 -9.505759e+000  5.101443e+001
      vertex -4.385208e+001 -9.505759e+000  5.101443e+001
      vertex -4.786426e+001 -1.770576e+001  5.101443e+001
    endloop
  endfacet
  facet normal  0.000000e+000  0.000000e+000 -1.000000e+000
    outer loop
      vertex -4.786426e+001 -1.770576e+001  5.101443e+001
      vertex -4.385208e+001 -9.505759e+000  5.101443e+001
      vertex -4.385208e+001 -1.770576e+001  5.101443e+001
    endloop
  endfacet
  facet normal  -0.000000e+000  0.000000e+000 -1.000000e+000
    outer loop
      vertex -3.739433e+001 -1.990576e+001  4.780864e+001
      vertex -3.381849e+001 -1.990576e+001  4.780864e+001
      vertex -3.770522e+001 -2.030576e+001  4.780864e+001
    endloop
  endfacet
  facet normal  0.000000e+000  0.000000e+000 -1.000000e+000
    outer loop
      vertex -3.770522e+001 -2.030576e+001  4.780864e+001
      vertex -3.381849e+001 -1.990576e+001  4.780864e+001
      vertex -3.381849e+001 -2.030576e+001  4.780864e+001
    endloop
  endfacet
  facet normal -8.640818e-001  4.988796e-001 -6.694589e-002
    outer loop
      vertex -3.754395e+001 -2.129140e+001  4.601443e+001
      vertex -3.700554e+001 -2.030576e+001  4.641010e+001
      vertex -3.697489e+001 -2.030576e+001  4.601443e+001
    endloop
  endfacet
  facet normal -8.597565e-001  5.036351e-001 -8.467783e-002
    outer loop
      vertex -3.754395e+001 -2.129140e+001  4.601443e+001
      vertex -3.758238e+001 -2.129140e+001  4.640462e+001
      vertex -3.700554e+001 -2.030576e+001  4.641010e+001
    endloop
  endfacet
  facet normal  8.608487e-001  5.017478e-001 -8.478545e-002
    outer loop
      vertex -4.154395e+001 -2.129140e+001  4.601443e+001
      vertex -4.230680e+001 -1.990576e+001  4.646901e+001
      vertex -4.150552e+001 -2.129140e+001  4.640462e+001
    endloop
  endfacet
  facet normal  8.638648e-001  4.987526e-001 -7.059385e-002
    outer loop
      vertex -4.154395e+001 -2.129140e+001  4.601443e+001
      vertex -4.234395e+001 -1.990576e+001  4.601443e+001
      vertex -4.230680e+001 -1.990576e+001  4.646901e+001
    endloop
  endfacet
  facet normal -8.452058e-001  4.957592e-001 -1.996247e-001
    outer loop
      vertex -3.758238e+001 -2.129140e+001  4.640462e+001
      vertex -3.709676e+001 -2.030576e+001  4.679633e+001
      vertex -3.700554e+001 -2.030576e+001  4.641010e+001
    endloop
  endfacet
  facet normal -8.048046e-001  4.949435e-001 -3.275981e-001
    outer loop
      vertex -3.769619e+001 -2.129140e+001  4.677980e+001
      vertex -3.724638e+001 -2.030576e+001  4.716390e+001
      vertex -3.709676e+001 -2.030576e+001  4.679633e+001
    endloop
  endfacet
  facet normal -8.253217e-001  5.061259e-001 -2.503606e-001
    outer loop
      vertex -3.769619e+001 -2.129140e+001  4.677980e+001
      vertex -3.709676e+001 -2.030576e+001  4.679633e+001
      vertex -3.758238e+001 -2.129140e+001  4.640462e+001
    endloop
  endfacet
  facet normal -7.440177e-001  4.964387e-001 -4.471983e-001
    outer loop
      vertex -3.788101e+001 -2.129140e+001  4.712558e+001
      vertex -3.745083e+001 -2.030576e+001  4.750404e+001
      vertex -3.724638e+001 -2.030576e+001  4.716390e+001
    endloop
  endfacet
  facet normal -7.608453e-001  5.056978e-001 -4.066744e-001
    outer loop
      vertex -3.788101e+001 -2.129140e+001  4.712558e+001
      vertex -3.724638e+001 -2.030576e+001  4.716390e+001
      vertex -3.769619e+001 -2.129140e+001  4.677980e+001
    endloop
  endfacet
  facet normal -5.478949e-001  5.040875e-001 -6.676130e-001
    outer loop
      vertex -3.812973e+001 -2.129140e+001  4.742865e+001
      vertex -3.843281e+001 -2.129140e+001  4.767738e+001
      vertex -3.771414e+001 -1.990576e+001  4.813382e+001
    endloop
  endfacet
  facet normal -5.118870e-001  4.964380e-001 -7.010856e-001
    outer loop
      vertex -3.771414e+001 -1.990576e+001  4.813382e+001
      vertex -3.843281e+001 -2.129140e+001  4.767738e+001
      vertex -3.808250e+001 -1.990576e+001  4.840277e+001
    endloop
  endfacet
  facet normal -3.908053e-001  4.982650e-001 -7.739529e-001
    outer loop
      vertex -3.877858e+001 -2.129140e+001  4.786219e+001
      vertex -3.848963e+001 -1.990576e+001  4.860835e+001
      vertex -3.808250e+001 -1.990576e+001  4.840277e+001
    endloop
  endfacet
  facet normal -4.076142e-001  5.022813e-001 -7.626035e-001
    outer loop
      vertex -3.877858e+001 -2.129140e+001  4.786219e+001
      vertex -3.808250e+001 -1.990576e+001  4.840277e+001
      vertex -3.843281e+001 -2.129140e+001  4.767738e+001
    endloop
  endfacet
  facet normal -2.512017e-001  5.011567e-001 -8.280941e-001
    outer loop
      vertex -3.877858e+001 -2.129140e+001  4.786219e+001
      vertex -3.915377e+001 -2.129140e+001  4.797601e+001
      vertex -3.892474e+001 -1.990576e+001  4.874511e+001
    endloop
  endfacet
  facet normal -2.597966e-001  4.992813e-001 -8.265737e-001
    outer loop
      vertex -3.877858e+001 -2.129140e+001  4.786219e+001
      vertex -3.892474e+001 -1.990576e+001  4.874511e+001
      vertex -3.848963e+001 -1.990576e+001  4.860835e+001
    endloop
  endfacet
  facet normal -8.468318e-002  5.035418e-001 -8.598108e-001
    outer loop
      vertex -3.915377e+001 -2.129140e+001  4.797601e+001
      vertex -3.954395e+001 -2.129140e+001  4.801443e+001
      vertex -3.937628e+001 -1.990576e+001  4.880941e+001
    endloop
  endfacet
  facet normal -1.223329e-001  4.970436e-001 -8.590589e-001
    outer loop
      vertex -3.937628e+001 -1.990576e+001  4.880941e+001
      vertex -3.892474e+001 -1.990576e+001  4.874511e+001
      vertex -3.915377e+001 -2.129140e+001  4.797601e+001
    endloop
  endfacet
  facet normal  8.462957e-002  5.044790e-001 -8.592664e-001
    outer loop
      vertex -3.954395e+001 -2.129140e+001  4.801443e+001
      vertex -3.993413e+001 -2.129140e+001  4.797601e+001
      vertex -3.983227e+001 -1.990576e+001  4.879955e+001
    endloop
  endfacet
  facet normal  1.876818e-002  4.958422e-001 -8.682098e-001
    outer loop
      vertex -3.983227e+001 -1.990576e+001  4.879955e+001
      vertex -3.937628e+001 -1.990576e+001  4.880941e+001
      vertex -3.954395e+001 -2.129140e+001  4.801443e+001
    endloop
  endfacet
  facet normal  2.507264e-001  5.039732e-001 -8.265272e-001
    outer loop
      vertex -3.993413e+001 -2.129140e+001  4.797601e+001
      vertex -4.030931e+001 -2.129140e+001  4.786219e+001
      vertex -4.028061e+001 -1.990576e+001  4.871579e+001
    endloop
  endfacet
  facet normal  1.594958e-001  4.956855e-001 -8.537312e-001
    outer loop
      vertex -4.028061e+001 -1.990576e+001  4.871579e+001
      vertex -3.983227e+001 -1.990576e+001  4.879955e+001
      vertex -3.993413e+001 -2.129140e+001  4.797601e+001
    endloop
  endfacet
  facet normal  2.958064e-001  4.965751e-001 -8.160341e-001
    outer loop
      vertex -4.028061e+001 -1.990576e+001  4.871579e+001
      vertex -4.030931e+001 -2.129140e+001  4.786219e+001
      vertex -4.070940e+001 -1.990576e+001  4.856036e+001
    endloop
  endfacet
  facet normal  4.238211e-001  4.985040e-001 -7.562205e-001
    outer loop
      vertex -4.065509e+001 -2.129140e+001  4.767738e+001
      vertex -4.110727e+001 -1.990576e+001  4.833738e+001
      vertex -4.070940e+001 -1.990576e+001  4.856036e+001
    endloop
  endfacet
  facet normal  4.076849e-001  5.020233e-001 -7.627356e-001
    outer loop
      vertex -4.065509e+001 -2.129140e+001  4.767738e+001
      vertex -4.070940e+001 -1.990576e+001  4.856036e+001
      vertex -4.030931e+001 -2.129140e+001  4.786219e+001
    endloop
  endfacet
  facet normal  5.488645e-001  5.014597e-001 -6.687944e-001
    outer loop
      vertex -4.065509e+001 -2.129140e+001  4.767738e+001
      vertex -4.095816e+001 -2.129140e+001  4.742865e+001
      vertex -4.146365e+001 -1.990576e+001  4.805275e+001
    endloop
  endfacet
  facet normal  5.407917e-001  4.990122e-001 -6.771493e-001
    outer loop
      vertex -4.065509e+001 -2.129140e+001  4.767738e+001
      vertex -4.146365e+001 -1.990576e+001  4.805275e+001
      vertex -4.110727e+001 -1.990576e+001  4.833738e+001
    endloop
  endfacet
  facet normal  6.677883e-001  5.036986e-001 -5.480388e-001
    outer loop
      vertex -4.095816e+001 -2.129140e+001  4.742865e+001
      vertex -4.120689e+001 -2.129140e+001  4.712558e+001
      vertex -4.176910e+001 -1.990576e+001  4.771405e+001
    endloop
  endfacet
  facet normal  6.444651e-001  4.968763e-001 -5.811872e-001
    outer loop
      vertex -4.176910e+001 -1.990576e+001  4.771405e+001
      vertex -4.146365e+001 -1.990576e+001  4.805275e+001
      vertex -4.095816e+001 -2.129140e+001  4.742865e+001
    endloop
  endfacet
  facet normal  7.614679e-001  5.044917e-001 -4.070072e-001
    outer loop
      vertex -4.120689e+001 -2.129140e+001  4.712558e+001
      vertex -4.139171e+001 -2.129140e+001  4.677980e+001
      vertex -4.201551e+001 -1.990576e+001  4.733025e+001
    endloop
  endfacet
  facet normal  7.307966e-001  4.957779e-001 -4.691913e-001
    outer loop
      vertex -4.201551e+001 -1.990576e+001  4.733025e+001
      vertex -4.176910e+001 -1.990576e+001  4.771405e+001
      vertex -4.120689e+001 -2.129140e+001  4.712558e+001
    endloop
  endfacet
  facet normal  8.266000e-001  5.038429e-001 -2.507485e-001
    outer loop
      vertex -4.139171e+001 -2.129140e+001  4.677980e+001
      vertex -4.150552e+001 -2.129140e+001  4.640462e+001
      vertex -4.219635e+001 -1.990576e+001  4.691153e+001
    endloop
  endfacet
  facet normal  7.973020e-001  4.957265e-001 -3.443324e-001
    outer loop
      vertex -4.219635e+001 -1.990576e+001  4.691153e+001
      vertex -4.201551e+001 -1.990576e+001  4.733025e+001
      vertex -4.139171e+001 -2.129140e+001  4.677980e+001
    endloop
  endfacet
  facet normal  8.420755e-001  4.967197e-001 -2.101868e-001
    outer loop
      vertex -4.230680e+001 -1.990576e+001  4.646901e+001
      vertex -4.219635e+001 -1.990576e+001  4.691153e+001
      vertex -4.150552e+001 -2.129140e+001  4.640462e+001
    endloop
  endfacet
  facet normal -6.636066e-001  5.024433e-001 -5.542355e-001
    outer loop
      vertex -3.770522e+001 -2.030576e+001  4.780864e+001
      vertex -3.745083e+001 -2.030576e+001  4.750404e+001
      vertex -3.788101e+001 -2.129140e+001  4.712558e+001
    endloop
  endfacet
  facet normal -6.694023e-001  5.001005e-001 -5.493633e-001
    outer loop
      vertex -3.770522e+001 -2.030576e+001  4.780864e+001
      vertex -3.788101e+001 -2.129140e+001  4.712558e+001
      vertex -3.812973e+001 -2.129140e+001  4.742865e+001
    endloop
  endfacet
  facet normal -5.947062e-001  4.991119e-001 -6.302476e-001
    outer loop
      vertex -3.770522e+001 -2.030576e+001  4.780864e+001
      vertex -3.812973e+001 -2.129140e+001  4.742865e+001
      vertex -3.771414e+001 -1.990576e+001  4.813382e+001
    endloop
  endfacet
  facet normal -6.236284e-001  4.847003e-001 -6.133133e-001
    outer loop
      vertex -3.770522e+001 -2.030576e+001  4.780864e+001
      vertex -3.771414e+001 -1.990576e+001  4.813382e+001
      vertex -3.739433e+001 -1.990576e+001  4.780864e+001
    endloop
  endfacet
  facet normal  8.639516e-001  4.988027e-001  6.916436e-002
    outer loop
      vertex -4.154395e+001 -2.129140e+001  4.601443e+001
      vertex -4.230828e+001 -1.990576e+001  4.556895e+001
      vertex -4.234395e+001 -1.990576e+001  4.601443e+001
    endloop
  endfacet
  facet normal  8.606908e-001  5.020213e-001  8.476985e-002
    outer loop
      vertex -4.154395e+001 -2.129140e+001  4.601443e+001
      vertex -4.150552e+001 -2.129140e+001  4.562425e+001
      vertex -4.230828e+001 -1.990576e+001  4.556895e+001
    endloop
  endfacet
  facet normal -8.604621e-001  5.024170e-001  8.474728e-002
    outer loop
      vertex -3.754395e+001 -2.129140e+001  4.601443e+001
      vertex -3.701032e+001 -2.030576e+001  4.558925e+001
      vertex -3.758238e+001 -2.129140e+001  4.562425e+001
    endloop
  endfacet
  facet normal -8.637783e-001  4.987044e-001  7.197894e-002
    outer loop
      vertex -3.754395e+001 -2.129140e+001  4.601443e+001
      vertex -3.697489e+001 -2.030576e+001  4.601443e+001
      vertex -3.701032e+001 -2.030576e+001  4.558925e+001
    endloop
  endfacet
  facet normal  8.431222e-001  4.966828e-001  2.060373e-001
    outer loop
      vertex -4.150552e+001 -2.129140e+001  4.562425e+001
      vertex -4.220219e+001 -1.990576e+001  4.513482e+001
      vertex -4.230828e+001 -1.990576e+001  4.556895e+001
    endloop
  endfacet
  facet normal  8.000610e-001  4.958179e-001  3.377378e-001
    outer loop
      vertex -4.139171e+001 -2.129140e+001  4.524907e+001
      vertex -4.202839e+001 -1.990576e+001  4.472309e+001
      vertex -4.220219e+001 -1.990576e+001  4.513482e+001
    endloop
  endfacet
  facet normal  8.264644e-001  5.040858e-001  2.507072e-001
    outer loop
      vertex -4.139171e+001 -2.129140e+001  4.524907e+001
      vertex -4.220219e+001 -1.990576e+001  4.513482e+001
      vertex -4.150552e+001 -2.129140e+001  4.562425e+001
    endloop
  endfacet
  facet normal  7.359430e-001  4.962163e-001  4.606054e-001
    outer loop
      vertex -4.120689e+001 -2.129140e+001  4.490329e+001
      vertex -4.179129e+001 -1.990576e+001  4.434426e+001
      vertex -4.202839e+001 -1.990576e+001  4.472309e+001
    endloop
  endfacet
  facet normal  7.615111e-001  5.044076e-001  4.070304e-001
    outer loop
      vertex -4.120689e+001 -2.129140e+001  4.490329e+001
      vertex -4.202839e+001 -1.990576e+001  4.472309e+001
      vertex -4.139171e+001 -2.129140e+001  4.524907e+001
    endloop
  endfacet
  facet normal  6.525679e-001  4.978743e-001  5.712060e-001
    outer loop
      vertex -4.095816e+001 -2.129140e+001  4.460022e+001
      vertex -4.149694e+001 -1.990576e+001  4.400798e+001
      vertex -4.179129e+001 -1.990576e+001  4.434426e+001
    endloop
  endfacet
  facet normal  6.681085e-001  5.029874e-001  5.483016e-001
    outer loop
      vertex -4.095816e+001 -2.129140e+001  4.460022e+001
      vertex -4.179129e+001 -1.990576e+001  4.434426e+001
      vertex -4.120689e+001 -2.129140e+001  4.490329e+001
    endloop
  endfacet
  facet normal  5.491020e-001  5.008131e-001  6.690839e-001
    outer loop
      vertex -4.095816e+001 -2.129140e+001  4.460022e+001
      vertex -4.065509e+001 -2.129140e+001  4.435149e+001
      vertex -4.115283e+001 -1.990576e+001  4.372282e+001
    endloop
  endfacet
  facet normal  5.526326e-001  4.998990e-001  6.668569e-001
    outer loop
      vertex -4.095816e+001 -2.129140e+001  4.460022e+001
      vertex -4.115283e+001 -1.990576e+001  4.372282e+001
      vertex -4.149694e+001 -1.990576e+001  4.400798e+001
    endloop
  endfacet
  facet normal  4.402495e-001  4.973192e-001  7.475652e-001
    outer loop
      vertex -4.115283e+001 -1.990576e+001  4.372282e+001
      vertex -4.065509e+001 -2.129140e+001  4.435149e+001
      vertex -4.076774e+001 -1.990576e+001  4.349604e+001
    endloop
  endfacet
  facet normal  3.159816e-001  4.959905e-001  8.087948e-001
    outer loop
      vertex -4.030931e+001 -2.129140e+001  4.416668e+001
      vertex -4.035147e+001 -1.990576e+001  4.333341e+001
      vertex -4.076774e+001 -1.990576e+001  4.349604e+001
    endloop
  endfacet
  facet normal  4.072725e-001  5.035277e-001  7.619640e-001
    outer loop
      vertex -4.030931e+001 -2.129140e+001  4.416668e+001
      vertex -4.076774e+001 -1.990576e+001  4.349604e+001
      vertex -4.065509e+001 -2.129140e+001  4.435149e+001
    endloop
  endfacet
  facet normal  1.832878e-001  4.959228e-001  8.488029e-001
    outer loop
      vertex -3.993413e+001 -2.129140e+001  4.405286e+001
      vertex -3.991463e+001 -1.990576e+001  4.323908e+001
      vertex -4.035147e+001 -1.990576e+001  4.333341e+001
    endloop
  endfacet
  facet normal  2.506384e-001  5.044917e-001  8.262375e-001
    outer loop
      vertex -3.993413e+001 -2.129140e+001  4.405286e+001
      vertex -4.035147e+001 -1.990576e+001  4.333341e+001
      vertex -4.030931e+001 -2.129140e+001  4.416668e+001
    endloop
  endfacet
  facet normal  4.586720e-002  4.971174e-001  8.664701e-001
    outer loop
      vertex -3.954395e+001 -2.129140e+001  4.401443e+001
      vertex -3.946835e+001 -1.990576e+001  4.321545e+001
      vertex -3.991463e+001 -1.990576e+001  4.323908e+001
    endloop
  endfacet
  facet normal  8.467327e-002  5.037159e-001  8.597097e-001
    outer loop
      vertex -3.954395e+001 -2.129140e+001  4.401443e+001
      vertex -3.991463e+001 -1.990576e+001  4.323908e+001
      vertex -3.993413e+001 -2.129140e+001  4.405286e+001
    endloop
  endfacet
  facet normal -8.492040e-002  4.993658e-001  8.622193e-001
    outer loop
      vertex -3.954395e+001 -2.129140e+001  4.401443e+001
      vertex -3.915377e+001 -2.129140e+001  4.405286e+001
      vertex -3.902399e+001 -1.990576e+001  4.326313e+001
    endloop
  endfacet
  facet normal -9.232350e-002  5.011644e-001  8.604131e-001
    outer loop
      vertex -3.954395e+001 -2.129140e+001  4.401443e+001
      vertex -3.902399e+001 -1.990576e+001  4.326313e+001
      vertex -3.946835e+001 -1.990576e+001  4.321545e+001
    endloop
  endfacet
  facet normal -2.509364e-001  5.027314e-001  8.272195e-001
    outer loop
      vertex -3.915377e+001 -2.129140e+001  4.405286e+001
      vertex -3.877858e+001 -2.129140e+001  4.416668e+001
      vertex -3.859288e+001 -1.990576e+001  4.338091e+001
    endloop
  endfacet
  facet normal -2.285013e-001  4.981282e-001  8.364540e-001
    outer loop
      vertex -3.859288e+001 -1.990576e+001  4.338091e+001
      vertex -3.902399e+001 -1.990576e+001  4.326313e+001
      vertex -3.915377e+001 -2.129140e+001  4.405286e+001
    endloop
  endfacet
  facet normal -3.590981e-001  4.963358e-001  7.903792e-001
    outer loop
      vertex -3.859288e+001 -1.990576e+001  4.338091e+001
      vertex -3.877858e+001 -2.129140e+001  4.416668e+001
      vertex -3.818600e+001 -1.990576e+001  4.356577e+001
    endloop
  endfacet
  facet normal -4.804435e-001  4.957997e-001  7.234340e-001
    outer loop
      vertex -3.781371e+001 -1.990576e+001  4.381301e+001
      vertex -3.818600e+001 -1.990576e+001  4.356577e+001
      vertex -3.843281e+001 -2.129140e+001  4.435149e+001
    endloop
  endfacet
  facet normal -4.070494e-001  5.043387e-001  7.615467e-001
    outer loop
      vertex -3.843281e+001 -2.129140e+001  4.435149e+001
      vertex -3.818600e+001 -1.990576e+001  4.356577e+001
      vertex -3.877858e+001 -2.129140e+001  4.416668e+001
    endloop
  endfacet
  facet normal -7.262766e-001  4.941529e-001  4.778443e-001
    outer loop
      vertex -3.788101e+001 -2.129140e+001  4.490329e+001
      vertex -3.728791e+001 -2.030576e+001  4.478547e+001
      vertex -3.752242e+001 -2.030576e+001  4.442904e+001
    endloop
  endfacet
  facet normal -6.667951e-001  5.058958e-001  5.472237e-001
    outer loop
      vertex -3.788101e+001 -2.129140e+001  4.490329e+001
      vertex -3.752242e+001 -2.030576e+001  4.442904e+001
      vertex -3.812973e+001 -2.129140e+001  4.460022e+001
    endloop
  endfacet
  facet normal -7.951808e-001  4.944715e-001  3.509778e-001
    outer loop
      vertex -3.769619e+001 -2.129140e+001  4.524907e+001
      vertex -3.711563e+001 -2.030576e+001  4.517579e+001
      vertex -3.728791e+001 -2.030576e+001  4.478547e+001
    endloop
  endfacet
  facet normal -7.605574e-001  5.062545e-001  4.065205e-001
    outer loop
      vertex -3.769619e+001 -2.129140e+001  4.524907e+001
      vertex -3.728791e+001 -2.030576e+001  4.478547e+001
      vertex -3.788101e+001 -2.129140e+001  4.490329e+001
    endloop
  endfacet
  facet normal -8.414620e-001  4.959912e-001  2.143230e-001
    outer loop
      vertex -3.758238e+001 -2.129140e+001  4.562425e+001
      vertex -3.701032e+001 -2.030576e+001  4.558925e+001
      vertex -3.711563e+001 -2.030576e+001  4.517579e+001
    endloop
  endfacet
  facet normal -8.258985e-001  5.050976e-001  2.505356e-001
    outer loop
      vertex -3.758238e+001 -2.129140e+001  4.562425e+001
      vertex -3.711563e+001 -2.030576e+001  4.517579e+001
      vertex -3.769619e+001 -2.129140e+001  4.524907e+001
    endloop
  endfacet
  facet normal -5.934016e-001  4.853831e-001  6.420887e-001
    outer loop
      vertex -3.781269e+001 -2.030576e+001  4.411633e+001
      vertex -3.748550e+001 -1.990576e+001  4.411633e+001
      vertex -3.781371e+001 -1.990576e+001  4.381301e+001
    endloop
  endfacet
  facet normal -5.486355e-001  5.042810e-001  6.668582e-001
    outer loop
      vertex -3.781269e+001 -2.030576e+001  4.411633e+001
      vertex -3.781371e+001 -1.990576e+001  4.381301e+001
      vertex -3.843281e+001 -2.129140e+001  4.435149e+001
    endloop
  endfacet
  facet normal -5.479204e-001  5.040186e-001  6.676440e-001
    outer loop
      vertex -3.781269e+001 -2.030576e+001  4.411633e+001
      vertex -3.843281e+001 -2.129140e+001  4.435149e+001
      vertex -3.812973e+001 -2.129140e+001  4.460022e+001
    endloop
  endfacet
  facet normal -6.368027e-001  4.950389e-001  5.911165e-001
    outer loop
      vertex -3.781269e+001 -2.030576e+001  4.411633e+001
      vertex -3.812973e+001 -2.129140e+001  4.460022e+001
      vertex -3.752242e+001 -2.030576e+001  4.442904e+001
    endloop
  endfacet
  facet normal  -0.000000e+000  0.000000e+000  1.000000e+000
    outer loop
      vertex -3.385210e+001 -1.990576e+001  4.411633e+001
      vertex -3.748550e+001 -1.990576e+001  4.411633e+001
      vertex -3.385210e+001 -2.030576e+001  4.411633e+001
    endloop
  endfacet
  facet normal  0.000000e+000  0.000000e+000  9.999999e-001
    outer loop
      vertex -3.385210e+001 -2.030576e+001  4.411633e+001
      vertex -3.748550e+001 -1.990576e+001  4.411633e+001
      vertex -3.781269e+001 -2.030576e+001  4.411633e+001
    endloop
  endfacet
  facet normal  9.609120e-001 -3.308632e-003 -2.768343e-001
    outer loop
      vertex -3.385210e+001 -2.030576e+001  4.411633e+001
      vertex -3.369438e+001 -2.160576e+001  4.467931e+001
      vertex -3.388065e+001 -2.160576e+001  4.403276e+001
    endloop
  endfacet
  facet normal  1.719281e-001  1.152211e-003  9.851088e-001
    outer loop
      vertex -3.885432e+001 -1.990576e+001  5.197467e+001
      vertex -3.820882e+001 -2.160576e+001  5.186400e+001
      vertex -3.817384e+001 -1.990576e+001  5.185591e+001
    endloop
  endfacet
  facet normal  2.768356e-001 -1.122131e-003  9.609165e-001
    outer loop
      vertex -3.817384e+001 -1.990576e+001  5.185591e+001
      vertex -3.820882e+001 -2.160576e+001  5.186400e+001
      vertex -3.756227e+001 -2.160576e+001  5.167773e+001
    endloop
  endfacet
  facet normal  2.840196e-001  1.682322e-003  9.588170e-001
    outer loop
      vertex -3.817384e+001 -1.990576e+001  5.185591e+001
      vertex -3.756227e+001 -2.160576e+001  5.167773e+001
      vertex -3.751151e+001 -1.990576e+001  5.165971e+001
    endloop
  endfacet
  facet normal  3.826849e-001 -1.634428e-003  9.238774e-001
    outer loop
      vertex -3.751151e+001 -1.990576e+001  5.165971e+001
      vertex -3.756227e+001 -2.160576e+001  5.167773e+001
      vertex -3.694065e+001 -2.160576e+001  5.142025e+001
    endloop
  endfacet
  facet normal  3.923355e-001  2.177863e-003  9.198195e-001
    outer loop
      vertex -3.751151e+001 -1.990576e+001  5.165971e+001
      vertex -3.694065e+001 -2.160576e+001  5.142025e+001
      vertex -3.687612e+001 -1.990576e+001  5.138870e+001
    endloop
  endfacet
  facet normal  4.837157e-001 -2.118189e-003  8.752227e-001
    outer loop
      vertex -3.687612e+001 -1.990576e+001  5.138870e+001
      vertex -3.694065e+001 -2.160576e+001  5.142025e+001
      vertex -3.635176e+001 -2.160576e+001  5.109478e+001
    endloop
  endfacet
  facet normal  4.954597e-001  2.644610e-003  8.686269e-001
    outer loop
      vertex -3.687612e+001 -1.990576e+001  5.138870e+001
      vertex -3.635176e+001 -2.160576e+001  5.109478e+001
      vertex -3.627610e+001 -1.990576e+001  5.104645e+001
    endloop
  endfacet
  facet normal  5.786667e-001 -2.567356e-003  8.155602e-001
    outer loop
      vertex -3.627610e+001 -1.990576e+001  5.104645e+001
      vertex -3.635176e+001 -2.160576e+001  5.109478e+001
      vertex -3.580301e+001 -2.160576e+001  5.070543e+001
    endloop
  endfacet
  facet normal  5.920171e-001  3.081831e-003  8.059195e-001
    outer loop
      vertex -3.627610e+001 -1.990576e+001  5.104645e+001
      vertex -3.580301e+001 -2.160576e+001  5.070543e+001
      vertex -3.571939e+001 -1.990576e+001  5.063750e+001
    endloop
  endfacet
  facet normal  6.663446e-001 -2.983022e-003  7.456379e-001
    outer loop
      vertex -3.571939e+001 -1.990576e+001  5.063750e+001
      vertex -3.580301e+001 -2.160576e+001  5.070543e+001
      vertex -3.530131e+001 -2.160576e+001  5.025708e+001
    endloop
  endfacet
  facet normal  6.807197e-001  3.484218e-003  7.325357e-001
    outer loop
      vertex -3.571939e+001 -1.990576e+001  5.063750e+001
      vertex -3.530131e+001 -2.160576e+001  5.025708e+001
      vertex -3.521337e+001 -1.990576e+001  5.016727e+001
    endloop
  endfacet
  facet normal  7.456371e-001 -3.370632e-003  6.663439e-001
    outer loop
      vertex -3.521337e+001 -1.990576e+001  5.016727e+001
      vertex -3.530131e+001 -2.160576e+001  5.025708e+001
      vertex -3.485296e+001 -2.160576e+001  4.975537e+001
    endloop
  endfacet
  facet normal  7.604017e-001  3.854814e-003  6.494417e-001
    outer loop
      vertex -3.521337e+001 -1.990576e+001  5.016727e+001
      vertex -3.485296e+001 -2.160576e+001  4.975537e+001
      vertex -3.476475e+001 -1.990576e+001  4.964200e+001
    endloop
  endfacet
  facet normal  8.155571e-001 -3.727261e-003  5.786645e-001
    outer loop
      vertex -3.476475e+001 -1.990576e+001  4.964200e+001
      vertex -3.485296e+001 -2.160576e+001  4.975537e+001
      vertex -3.446360e+001 -2.160576e+001  4.920663e+001
    endloop
  endfacet
  facet normal  8.300104e-001  4.193836e-003  5.577323e-001
    outer loop
      vertex -3.476475e+001 -1.990576e+001  4.964200e+001
      vertex -3.446360e+001 -2.160576e+001  4.920663e+001
      vertex -3.437948e+001 -1.990576e+001  4.906865e+001
    endloop
  endfacet
  facet normal  8.752175e-001 -4.050939e-003  4.837128e-001
    outer loop
      vertex -3.437948e+001 -1.990576e+001  4.906865e+001
      vertex -3.446360e+001 -2.160576e+001  4.920663e+001
      vertex -3.413814e+001 -2.160576e+001  4.861774e+001
    endloop
  endfacet
  facet normal  8.886114e-001  4.501215e-003  4.586388e-001
    outer loop
      vertex -3.437948e+001 -1.990576e+001  4.906865e+001
      vertex -3.413814e+001 -2.160576e+001  4.861774e+001
      vertex -3.406266e+001 -1.990576e+001  4.845481e+001
    endloop
  endfacet
  facet normal  9.238699e-001 -4.343671e-003  3.826818e-001
    outer loop
      vertex -3.406266e+001 -1.990576e+001  4.845481e+001
      vertex -3.413814e+001 -2.160576e+001  4.861774e+001
      vertex -3.388065e+001 -2.160576e+001  4.799611e+001
    endloop
  endfacet
  facet normal  9.354350e-001  4.777644e-003  3.534665e-001
    outer loop
      vertex -3.381849e+001 -1.990576e+001  4.780864e+001
      vertex -3.406266e+001 -1.990576e+001  4.845481e+001
      vertex -3.388065e+001 -2.160576e+001  4.799611e+001
    endloop
  endfacet
  facet normal  9.858587e-001 -5.027552e-003  1.675036e-001
    outer loop
      vertex -3.366286e+001 -2.030576e+001  4.720304e+001
      vertex -3.369438e+001 -2.160576e+001  4.734956e+001
      vertex -3.358168e+001 -2.160576e+001  4.668622e+001
    endloop
  endfacet
  facet normal  9.891670e-001  3.428010e-003  1.467541e-001
    outer loop
      vertex -3.366286e+001 -2.030576e+001  4.720304e+001
      vertex -3.358168e+001 -2.160576e+001  4.668622e+001
      vertex -3.357109e+001 -2.030576e+001  4.658453e+001
    endloop
  endfacet
  facet normal  9.984198e-001 -3.740981e-003  5.607093e-002
    outer loop
      vertex -3.357109e+001 -2.030576e+001  4.658453e+001
      vertex -3.358168e+001 -2.160576e+001  4.668622e+001
      vertex -3.354395e+001 -2.160576e+001  4.601443e+001
    endloop
  endfacet
  facet normal  9.990723e-001  1.997264e-003  4.301697e-002
    outer loop
      vertex -3.357109e+001 -2.030576e+001  4.658453e+001
      vertex -3.354395e+001 -2.160576e+001  4.601443e+001
      vertex -3.354420e+001 -2.030576e+001  4.595984e+001
    endloop
  endfacet
  facet normal  8.812997e-001  2.363431e-003 -4.725519e-001
    outer loop
      vertex -3.442553e+001 -1.990576e+001  4.288366e+001
      vertex -3.410379e+001 -1.990576e+001  4.348370e+001
      vertex -3.413814e+001 -2.160576e+001  4.341113e+001
    endloop
  endfacet
  facet normal  8.752227e-001 -2.127837e-003 -4.837157e-001
    outer loop
      vertex -3.413814e+001 -2.160576e+001  4.341113e+001
      vertex -3.446360e+001 -2.160576e+001  4.282224e+001
      vertex -3.442553e+001 -1.990576e+001  4.288366e+001
    endloop
  endfacet
  facet normal  8.220888e-001  2.155935e-003 -5.693551e-001
    outer loop
      vertex -3.481318e+001 -1.990576e+001  4.232393e+001
      vertex -3.442553e+001 -1.990576e+001  4.288366e+001
      vertex -3.446360e+001 -2.160576e+001  4.282224e+001
    endloop
  endfacet
  facet normal  8.155613e-001 -1.916042e-003 -5.786675e-001
    outer loop
      vertex -3.446360e+001 -2.160576e+001  4.282224e+001
      vertex -3.485296e+001 -2.160576e+001  4.227349e+001
      vertex -3.481318e+001 -1.990576e+001  4.232393e+001
    endloop
  endfacet
  facet normal  7.522892e-001  1.942388e-003 -6.588301e-001
    outer loop
      vertex -3.526176e+001 -1.990576e+001  4.181172e+001
      vertex -3.481318e+001 -1.990576e+001  4.232393e+001
      vertex -3.485296e+001 -2.160576e+001  4.227349e+001
    endloop
  endfacet
  facet normal  7.456402e-001 -1.698245e-003 -6.663466e-001
    outer loop
      vertex -3.485296e+001 -2.160576e+001  4.227349e+001
      vertex -3.530131e+001 -2.160576e+001  4.177179e+001
      vertex -3.526176e+001 -1.990576e+001  4.181172e+001
    endloop
  endfacet
  facet normal  6.728070e-001  1.721666e-003 -7.398160e-001
    outer loop
      vertex -3.576547e+001 -1.990576e+001  4.135363e+001
      vertex -3.526176e+001 -1.990576e+001  4.181172e+001
      vertex -3.530131e+001 -2.160576e+001  4.177179e+001
    endloop
  endfacet
  facet normal  6.663468e-001 -1.474869e-003 -7.456404e-001
    outer loop
      vertex -3.530131e+001 -2.160576e+001  4.177179e+001
      vertex -3.580301e+001 -2.160576e+001  4.132344e+001
      vertex -3.576547e+001 -1.990576e+001  4.135363e+001
    endloop
  endfacet
  facet normal  5.846545e-001  1.494645e-003 -8.112809e-001
    outer loop
      vertex -3.631784e+001 -1.990576e+001  4.095556e+001
      vertex -3.576547e+001 -1.990576e+001  4.135363e+001
      vertex -3.580301e+001 -2.160576e+001  4.132344e+001
    endloop
  endfacet
  facet normal  5.786681e-001 -1.244753e-003 -8.155622e-001
    outer loop
      vertex -3.580301e+001 -2.160576e+001  4.132344e+001
      vertex -3.635176e+001 -2.160576e+001  4.093409e+001
      vertex -3.631784e+001 -1.990576e+001  4.095556e+001
    endloop
  endfacet
  facet normal  4.889784e-001  1.261436e-003 -8.722949e-001
    outer loop
      vertex -3.691175e+001 -1.990576e+001  4.062263e+001
      vertex -3.631784e+001 -1.990576e+001  4.095556e+001
      vertex -3.635176e+001 -2.160576e+001  4.093409e+001
    endloop
  endfacet
  facet normal  4.837165e-001 -1.008549e-003 -8.752241e-001
    outer loop
      vertex -3.635176e+001 -2.160576e+001  4.093409e+001
      vertex -3.694065e+001 -2.160576e+001  4.060862e+001
      vertex -3.691175e+001 -1.990576e+001  4.062263e+001
    endloop
  endfacet
  facet normal  3.870108e-001  1.021381e-003 -9.220746e-001
    outer loop
      vertex -3.753955e+001 -1.990576e+001  4.035913e+001
      vertex -3.691175e+001 -1.990576e+001  4.062263e+001
      vertex -3.694065e+001 -2.160576e+001  4.060862e+001
    endloop
  endfacet
  facet normal  3.826854e-001 -7.672051e-004 -9.238784e-001
    outer loop
      vertex -3.694065e+001 -2.160576e+001  4.060862e+001
      vertex -3.756227e+001 -2.160576e+001  4.035114e+001
      vertex -3.753955e+001 -1.990576e+001  4.035913e+001
    endloop
  endfacet
  facet normal  2.800477e-001  7.744427e-004 -9.599858e-001
    outer loop
      vertex -3.819317e+001 -1.990576e+001  4.016846e+001
      vertex -3.753955e+001 -1.990576e+001  4.035913e+001
      vertex -3.756227e+001 -2.160576e+001  4.035114e+001
    endloop
  endfacet
  facet normal  9.491900e-001  0.000000e+000  3.147035e-001
    outer loop
      vertex -3.381849e+001 -2.030576e+001  4.780864e+001
      vertex -3.381849e+001 -1.990576e+001  4.780864e+001
      vertex -3.388065e+001 -2.160576e+001  4.799611e+001
    endloop
  endfacet
  facet normal  9.608998e-001 -6.021507e-003  2.768308e-001
    outer loop
      vertex -3.381849e+001 -2.030576e+001  4.780864e+001
      vertex -3.388065e+001 -2.160576e+001  4.799611e+001
      vertex -3.369438e+001 -2.160576e+001  4.734956e+001
    endloop
  endfacet
  facet normal  9.685174e-001  4.567614e-003  2.489042e-001
    outer loop
      vertex -3.381849e+001 -2.030576e+001  4.780864e+001
      vertex -3.369438e+001 -2.160576e+001  4.734956e+001
      vertex -3.366286e+001 -2.030576e+001  4.720304e+001
    endloop
  endfacet
  facet normal  9.291656e-001  0.000000e+000 -3.696638e-001
    outer loop
      vertex -3.385210e+001 -1.990576e+001  4.411633e+001
      vertex -3.385210e+001 -2.030576e+001  4.411633e+001
      vertex -3.410379e+001 -1.990576e+001  4.348370e+001
    endloop
  endfacet
  facet normal  9.298601e-001  3.227630e-003 -3.678994e-001
    outer loop
      vertex -3.410379e+001 -1.990576e+001  4.348370e+001
      vertex -3.385210e+001 -2.030576e+001  4.411633e+001
      vertex -3.388065e+001 -2.160576e+001  4.403276e+001
    endloop
  endfacet
  facet normal  9.238761e-001 -2.333022e-003 -3.826844e-001
    outer loop
      vertex -3.410379e+001 -1.990576e+001  4.348370e+001
      vertex -3.388065e+001 -2.160576e+001  4.403276e+001
      vertex -3.413814e+001 -2.160576e+001  4.341113e+001
    endloop
  endfacet
  facet normal  5.756499e-002  -0.000000e+000  9.983417e-001
    outer loop
      vertex -3.954395e+001 -1.990576e+001  5.201443e+001
      vertex -3.954395e+001 -2.160576e+001  5.201443e+001
      vertex -3.885432e+001 -1.990576e+001  5.197467e+001
    endloop
  endfacet
  facet normal  5.607132e-002  6.079156e-004  9.984266e-001
    outer loop
      vertex -3.885432e+001 -1.990576e+001  5.197467e+001
      vertex -3.954395e+001 -2.160576e+001  5.201443e+001
      vertex -3.887216e+001 -2.160576e+001  5.197671e+001
    endloop
  endfacet
  facet normal  1.675056e-001 -5.766229e-004  9.858710e-001
    outer loop
      vertex -3.885432e+001 -1.990576e+001  5.197467e+001
      vertex -3.887216e+001 -2.160576e+001  5.197671e+001
      vertex -3.820882e+001 -2.160576e+001  5.186400e+001
    endloop
  endfacet
  facet normal  9.981232e-001 -2.379641e-003 -6.119113e-002
    outer loop
      vertex -3.354420e+001 -2.030576e+001  4.595984e+001
      vertex -3.354395e+001 -2.160576e+001  4.601443e+001
      vertex -3.358246e+001 -2.030576e+001  4.533573e+001
    endloop
  endfacet
  facet normal  9.984267e-001  3.023008e-004 -5.607132e-002
    outer loop
      vertex -3.358246e+001 -2.030576e+001  4.533573e+001
      vertex -3.354395e+001 -2.160576e+001  4.601443e+001
      vertex -3.358168e+001 -2.160576e+001  4.534265e+001
    endloop
  endfacet
  facet normal  9.863379e-001 -2.830628e-004 -1.647343e-001
    outer loop
      vertex -3.358246e+001 -2.030576e+001  4.533573e+001
      vertex -3.358168e+001 -2.160576e+001  4.534265e+001
      vertex -3.368546e+001 -2.030576e+001  4.471900e+001
    endloop
  endfacet
  facet normal  9.858698e-001 -1.649819e-003 -1.675055e-001
    outer loop
      vertex -3.368546e+001 -2.030576e+001  4.471900e+001
      vertex -3.358168e+001 -2.160576e+001  4.534265e+001
      vertex -3.369438e+001 -2.160576e+001  4.467931e+001
    endloop
  endfacet
  facet normal  9.638349e-001  1.523443e-003 -2.664952e-001
    outer loop
      vertex -3.368546e+001 -2.030576e+001  4.471900e+001
      vertex -3.369438e+001 -2.160576e+001  4.467931e+001
      vertex -3.385210e+001 -2.030576e+001  4.411633e+001
    endloop
  endfacet
  facet normal  5.607132e-002  0.000000e+000 -9.984267e-001
    outer loop
      vertex -3.954395e+001 -2.160576e+001  4.001443e+001
      vertex -3.954395e+001 -1.990576e+001  4.001443e+001
      vertex -3.887216e+001 -2.160576e+001  4.005216e+001
    endloop
  endfacet
  facet normal  5.673913e-002  2.647327e-004 -9.983889e-001
    outer loop
      vertex -3.887216e+001 -2.160576e+001  4.005216e+001
      vertex -3.954395e+001 -1.990576e+001  4.001443e+001
      vertex -3.886419e+001 -1.990576e+001  4.005307e+001
    endloop
  endfacet
  facet normal  1.675057e-001 -2.616501e-004 -9.858711e-001
    outer loop
      vertex -3.887216e+001 -2.160576e+001  4.005216e+001
      vertex -3.886419e+001 -1.990576e+001  4.005307e+001
      vertex -3.820882e+001 -2.160576e+001  4.016487e+001
    endloop
  endfacet
  facet normal  1.694829e-001  5.228022e-004 -9.855330e-001
    outer loop
      vertex -3.820882e+001 -2.160576e+001  4.016487e+001
      vertex -3.886419e+001 -1.990576e+001  4.005307e+001
      vertex -3.819317e+001 -1.990576e+001  4.016846e+001
    endloop
  endfacet
  facet normal  2.768358e-001 -5.176174e-004 -9.609171e-001
    outer loop
      vertex -3.820882e+001 -2.160576e+001  4.016487e+001
      vertex -3.819317e+001 -1.990576e+001  4.016846e+001
      vertex -3.756227e+001 -2.160576e+001  4.035114e+001
    endloop
  endfacet
  facet normal  -0.000000e+000  0.000000e+000  1.000000e+000
    outer loop
      vertex -5.186987e+001 -7.805759e+000  5.201443e+001
      vertex -5.336084e+001 -7.805759e+000  5.201443e+001
      vertex -5.336084e+001 -9.505759e+000  5.201443e+001
    endloop
  endfacet
  facet normal  -0.000000e+000  0.000000e+000  1.000000e+000
    outer loop
      vertex -5.336084e+001 -9.505759e+000  5.201443e+001
      vertex -5.437730e+001 -9.505759e+000  5.201443e+001
      vertex -5.437730e+001 -1.770576e+001  5.201443e+001
    endloop
  endfacet
  facet normal  0.000000e+000  -0.000000e+000  9.999999e-001
    outer loop
      vertex -4.351665e+001 -7.305759e+000  5.201443e+001
      vertex -3.954395e+001 -7.305759e+000  5.201443e+001
      vertex -3.954395e+001 -5.605759e+000  5.201443e+001
    endloop
  endfacet
  facet normal  0.000000e+000  0.000000e+000  1.000000e+000
    outer loop
      vertex -4.351665e+001 -7.305759e+000  5.201443e+001
      vertex -3.954395e+001 -5.605759e+000  5.201443e+001
      vertex -5.186987e+001 -5.605759e+000  5.201443e+001
    endloop
  endfacet
  facet normal  0.000000e+000  0.000000e+000  1.000000e+000
    outer loop
      vertex -4.351665e+001 -7.305759e+000  5.201443e+001
      vertex -5.186987e+001 -5.605759e+000  5.201443e+001
      vertex -5.186987e+001 -7.805759e+000  5.201443e+001
    endloop
  endfacet
  facet normal  -0.000000e+000  0.000000e+000  9.999999e-001
    outer loop
      vertex -4.351665e+001 -7.305759e+000  5.201443e+001
      vertex -5.186987e+001 -7.805759e+000  5.201443e+001
      vertex -5.336084e+001 -9.505759e+000  5.201443e+001
    endloop
  endfacet
  facet normal  -0.000000e+000  0.000000e+000  1.000000e+000
    outer loop
      vertex -4.351665e+001 -7.305759e+000  5.201443e+001
      vertex -5.336084e+001 -9.505759e+000  5.201443e+001
      vertex -5.437730e+001 -1.770576e+001  5.201443e+001
    endloop
  endfacet
  facet normal  0.000000e+000  0.000000e+000  9.999999e-001
    outer loop
      vertex -4.351665e+001 -7.305759e+000  5.201443e+001
      vertex -5.437730e+001 -1.770576e+001  5.201443e+001
      vertex -5.336084e+001 -1.770576e+001  5.201443e+001
    endloop
  endfacet
  facet normal  -0.000000e+000  0.000000e+000  1.000000e+000
    outer loop
      vertex -4.351665e+001 -7.305759e+000  5.201443e+001
      vertex -5.336084e+001 -1.770576e+001  5.201443e+001
      vertex -5.336084e+001 -1.940576e+001  5.201443e+001
    endloop
  endfacet
  facet normal  0.000000e+000  0.000000e+000  1.000000e+000
    outer loop
      vertex -4.351665e+001 -7.305759e+000  5.201443e+001
      vertex -5.336084e+001 -1.940576e+001  5.201443e+001
      vertex -5.186987e+001 -1.940576e+001  5.201443e+001
    endloop
  endfacet
  facet normal  -0.000000e+000  0.000000e+000  1.000000e+000
    outer loop
      vertex -4.351665e+001 -7.305759e+000  5.201443e+001
      vertex -5.186987e+001 -1.940576e+001  5.201443e+001
      vertex -4.351665e+001 -1.990576e+001  5.201443e+001
    endloop
  endfacet
  facet normal  -0.000000e+000  0.000000e+000  1.000000e+000
    outer loop
      vertex -3.954395e+001 -1.990576e+001  5.201443e+001
      vertex -4.351665e+001 -1.990576e+001  5.201443e+001
      vertex -3.954395e+001 -2.160576e+001  5.201443e+001
    endloop
  endfacet
  facet normal  0.000000e+000  0.000000e+000  1.000000e+000
    outer loop
      vertex -3.954395e+001 -2.160576e+001  5.201443e+001
      vertex -4.351665e+001 -1.990576e+001  5.201443e+001
      vertex -5.186987e+001 -1.940576e+001  5.201443e+001
    endloop
  endfacet
  facet normal  0.000000e+000  0.000000e+000  1.000000e+000
    outer loop
      vertex -3.954395e+001 -2.160576e+001  5.201443e+001
      vertex -5.186987e+001 -1.940576e+001  5.201443e+001
      vertex -5.186987e+001 -2.160576e+001  5.201443e+001
    endloop
  endfacet
  facet normal  7.850743e-001 -3.028889e-003  6.193942e-001
    outer loop
      vertex -4.492859e+001 -7.305759e+000  4.219793e+001
      vertex -4.482566e+001 -9.505759e+000  4.205672e+001
      vertex -4.450866e+001 -7.305759e+000  4.166569e+001
    endloop
  endfacet
  facet normal  8.312258e-001  3.203955e-003  5.559256e-001
    outer loop
      vertex -4.521873e+001 -9.505759e+000  4.264444e+001
      vertex -4.482566e+001 -9.505759e+000  4.205672e+001
      vertex -4.492859e+001 -7.305759e+000  4.219793e+001
    endloop
  endfacet
  facet normal  8.444732e-001 -2.670179e-003  5.355909e-001
    outer loop
      vertex -4.529169e+001 -7.305759e+000  4.277045e+001
      vertex -4.521873e+001 -9.505759e+000  4.264444e+001
      vertex -4.492859e+001 -7.305759e+000  4.219793e+001
    endloop
  endfacet
  facet normal  8.859280e-001  2.815887e-003  4.638142e-001
    outer loop
      vertex -4.554666e+001 -9.505759e+000  4.327082e+001
      vertex -4.521873e+001 -9.505759e+000  4.264444e+001
      vertex -4.529169e+001 -7.305759e+000  4.277045e+001
    endloop
  endfacet
  facet normal  8.949633e-001 -2.252492e-003  4.461340e-001
    outer loop
      vertex -4.559415e+001 -7.305759e+000  4.337719e+001
      vertex -4.554666e+001 -9.505759e+000  4.327082e+001
      vertex -4.529169e+001 -7.305759e+000  4.277045e+001
    endloop
  endfacet
  facet normal  9.304596e-001  2.369598e-003  3.663871e-001
    outer loop
      vertex -4.580571e+001 -9.505759e+000  4.392869e+001
      vertex -4.554666e+001 -9.505759e+000  4.327082e+001
      vertex -4.559415e+001 -7.305759e+000  4.337719e+001
    endloop
  endfacet
  facet normal  9.360083e-001 -1.777110e-003  3.519737e-001
    outer loop
      vertex -4.583277e+001 -7.305759e+000  4.401176e+001
      vertex -4.580571e+001 -9.505759e+000  4.392869e+001
      vertex -4.559415e+001 -7.305759e+000  4.337719e+001
    endloop
  endfacet
  facet normal  9.643145e-001  1.864548e-003  2.647532e-001
    outer loop
      vertex -4.599290e+001 -9.505759e+000  4.461050e+001
      vertex -4.580571e+001 -9.505759e+000  4.392869e+001
      vertex -4.583277e+001 -7.305759e+000  4.401176e+001
    endloop
  endfacet
  facet normal  9.671775e-001 -1.243506e-003  2.540987e-001
    outer loop
      vertex -4.600504e+001 -7.305759e+000  4.466747e+001
      vertex -4.599290e+001 -9.505759e+000  4.461050e+001
      vertex -4.583277e+001 -7.305759e+000  4.401176e+001
    endloop
  endfacet
  facet normal  9.871041e-001  1.301186e-003  1.600743e-001
    outer loop
      vertex -4.610608e+001 -9.505759e+000  4.530841e+001
      vertex -4.599290e+001 -9.505759e+000  4.461050e+001
      vertex -4.600504e+001 -7.305759e+000  4.466747e+001
    endloop
  endfacet
  facet normal  7.010616e-001  1.664558e-003  7.130988e-001
    outer loop
      vertex -4.437199e+001 -9.505759e+000  4.151443e+001
      vertex -4.396115e+001 -9.505759e+000  4.111053e+001
      vertex -4.403636e+001 -7.305759e+000  4.117933e+001
    endloop
  endfacet
  facet normal  7.173914e-001 -3.330368e-003  6.966624e-001
    outer loop
      vertex -4.437199e+001 -9.505759e+000  4.151443e+001
      vertex -4.403636e+001 -7.305759e+000  4.117933e+001
      vertex -4.450866e+001 -7.305759e+000  4.166569e+001
    endloop
  endfacet
  facet normal  7.669892e-001  3.532908e-003  6.416503e-001
    outer loop
      vertex -4.437199e+001 -9.505759e+000  4.151443e+001
      vertex -4.450866e+001 -7.305759e+000  4.166569e+001
      vertex -4.482566e+001 -9.505759e+000  4.205672e+001
    endloop
  endfacet
  facet normal  6.362059e-001 -2.379438e-003  7.715157e-001
    outer loop
      vertex -4.396115e+001 -9.505759e+000  4.111053e+001
      vertex -4.351665e+001 -9.505759e+000  4.074398e+001
      vertex -4.403636e+001 -7.305759e+000  4.117933e+001
    endloop
  endfacet
  facet normal  6.421459e-001  0.000000e+000  7.665824e-001
    outer loop
      vertex -4.403636e+001 -7.305759e+000  4.117933e+001
      vertex -4.351665e+001 -9.505759e+000  4.074398e+001
      vertex -4.351665e+001 -7.305759e+000  4.074398e+001
    endloop
  endfacet
  facet normal  9.881424e-001 -6.504996e-004  1.535390e-001
    outer loop
      vertex -4.600504e+001 -7.305759e+000  4.466747e+001
      vertex -4.610913e+001 -7.305759e+000  4.533738e+001
      vertex -4.610608e+001 -9.505759e+000  4.530841e+001
    endloop
  endfacet
  facet normal  9.986802e-001  7.092775e-004  5.135562e-002
    outer loop
      vertex -4.610608e+001 -9.505759e+000  4.530841e+001
      vertex -4.610913e+001 -7.305759e+000  4.533738e+001
      vertex -4.614395e+001 -7.305759e+000  4.601443e+001
    endloop
  endfacet
  facet normal  9.985647e-001  0.000000e+000  5.355957e-002
    outer loop
      vertex -4.610608e+001 -9.505759e+000  4.530841e+001
      vertex -4.614395e+001 -7.305759e+000  4.601443e+001
      vertex -4.614395e+001 -9.505759e+000  4.601443e+001
    endloop
  endfacet
  facet normal  0.000000e+000  1.000000e+000  0.000000e+000
    outer loop
      vertex -4.396115e+001 -9.505759e+000  4.111053e+001
      vertex -4.437199e+001 -9.505759e+000  4.151443e+001
      vertex -4.351665e+001 -9.505759e+000  4.074398e+001
    endloop
  endfacet
  facet normal  0.000000e+000  1.000000e+000  -0.000000e+000
    outer loop
      vertex -4.351665e+001 -9.505759e+000  4.074398e+001
      vertex -4.437199e+001 -9.505759e+000  4.151443e+001
      vertex -4.351665e+001 -9.505759e+000  4.151443e+001
    endloop
  endfacet
  facet normal  0.000000e+000 -1.000000e+000  0.000000e+000
    outer loop
      vertex -4.786426e+001 -9.505759e+000  5.101443e+001
      vertex -4.786426e+001 -9.505759e+000  4.151443e+001
      vertex -4.614395e+001 -9.505759e+000  4.601443e+001
    endloop
  endfacet
  facet normal  0.000000e+000 -1.000000e+000  0.000000e+000
    outer loop
      vertex -4.786426e+001 -9.505759e+000  5.101443e+001
      vertex -4.614395e+001 -9.505759e+000  4.601443e+001
      vertex -4.610588e+001 -9.505759e+000  4.672223e+001
    endloop
  endfacet
  facet normal  0.000000e+000 -1.000000e+000  0.000000e+000
    outer loop
      vertex -4.786426e+001 -9.505759e+000  5.101443e+001
      vertex -4.610588e+001 -9.505759e+000  4.672223e+001
      vertex -4.599214e+001 -9.505759e+000  4.742187e+001
    endloop
  endfacet
  facet normal  0.000000e+000 -1.000000e+000  0.000000e+000
    outer loop
      vertex -4.786426e+001 -9.505759e+000  5.101443e+001
      vertex -4.599214e+001 -9.505759e+000  4.742187e+001
      vertex -4.580401e+001 -9.505759e+000  4.810527e+001
    endloop
  endfacet
  facet normal  0.000000e+000 -1.000000e+000  0.000000e+000
    outer loop
      vertex -4.786426e+001 -9.505759e+000  5.101443e+001
      vertex -4.580401e+001 -9.505759e+000  4.810527e+001
      vertex -4.554369e+001 -9.505759e+000  4.876456e+001
    endloop
  endfacet
  facet normal  0.000000e+000 -1.000000e+000  0.000000e+000
    outer loop
      vertex -4.786426e+001 -9.505759e+000  5.101443e+001
      vertex -4.554369e+001 -9.505759e+000  4.876456e+001
      vertex -4.521416e+001 -9.505759e+000  4.939212e+001
    endloop
  endfacet
  facet normal  0.000000e+000 -1.000000e+000  0.000000e+000
    outer loop
      vertex -4.786426e+001 -9.505759e+000  5.101443e+001
      vertex -4.521416e+001 -9.505759e+000  4.939212e+001
      vertex -4.481923e+001 -9.505759e+000  4.998073e+001
    endloop
  endfacet
  facet normal  0.000000e+000 -1.000000e+000  0.000000e+000
    outer loop
      vertex -4.786426e+001 -9.505759e+000  5.101443e+001
      vertex -4.481923e+001 -9.505759e+000  4.998073e+001
      vertex -4.436345e+001 -9.505759e+000  5.052359e+001
    endloop
  endfacet
  facet normal  0.000000e+000 -1.000000e+000  0.000000e+000
    outer loop
      vertex -4.786426e+001 -9.505759e+000  5.101443e+001
      vertex -4.436345e+001 -9.505759e+000  5.052359e+001
      vertex -4.385208e+001 -9.505759e+000  5.101443e+001
    endloop
  endfacet
  facet normal  0.000000e+000 -9.999999e-001  0.000000e+000
    outer loop
      vertex -4.786426e+001 -9.505759e+000  4.151443e+001
      vertex -4.437199e+001 -9.505759e+000  4.151443e+001
      vertex -4.482566e+001 -9.505759e+000  4.205672e+001
    endloop
  endfacet
  facet normal  -0.000000e+000 -1.000000e+000  0.000000e+000
    outer loop
      vertex -4.786426e+001 -9.505759e+000  4.151443e+001
      vertex -4.482566e+001 -9.505759e+000  4.205672e+001
      vertex -4.521873e+001 -9.505759e+000  4.264444e+001
    endloop
  endfacet
  facet normal  -0.000000e+000 -1.000000e+000  0.000000e+000
    outer loop
      vertex -4.786426e+001 -9.505759e+000  4.151443e+001
      vertex -4.521873e+001 -9.505759e+000  4.264444e+001
      vertex -4.554666e+001 -9.505759e+000  4.327082e+001
    endloop
  endfacet
  facet normal  -0.000000e+000 -1.000000e+000  0.000000e+000
    outer loop
      vertex -4.786426e+001 -9.505759e+000  4.151443e+001
      vertex -4.554666e+001 -9.505759e+000  4.327082e+001
      vertex -4.580571e+001 -9.505759e+000  4.392869e+001
    endloop
  endfacet
  facet normal  -0.000000e+000 -1.000000e+000  0.000000e+000
    outer loop
      vertex -4.786426e+001 -9.505759e+000  4.151443e+001
      vertex -4.580571e+001 -9.505759e+000  4.392869e+001
      vertex -4.599290e+001 -9.505759e+000  4.461050e+001
    endloop
  endfacet
  facet normal  -0.000000e+000 -9.999999e-001  0.000000e+000
    outer loop
      vertex -4.786426e+001 -9.505759e+000  4.151443e+001
      vertex -4.599290e+001 -9.505759e+000  4.461050e+001
      vertex -4.610608e+001 -9.505759e+000  4.530841e+001
    endloop
  endfacet
  facet normal  -0.000000e+000 -1.000000e+000  0.000000e+000
    outer loop
      vertex -4.786426e+001 -9.505759e+000  4.151443e+001
      vertex -4.610608e+001 -9.505759e+000  4.530841e+001
      vertex -4.614395e+001 -9.505759e+000  4.601443e+001
    endloop
  endfacet
  facet normal -8.637785e-001 -4.987040e-001  7.197896e-002
    outer loop
      vertex -3.754395e+001 -5.920118e+000  4.601443e+001
      vertex -3.701032e+001 -6.905759e+000  4.558925e+001
      vertex -3.697489e+001 -6.905759e+000  4.601443e+001
    endloop
  endfacet
  facet normal -8.604624e-001 -5.024167e-001  8.474735e-002
    outer loop
      vertex -3.754395e+001 -5.920118e+000  4.601443e+001
      vertex -3.758238e+001 -5.920118e+000  4.562425e+001
      vertex -3.701032e+001 -6.905759e+000  4.558925e+001
    endloop
  endfacet
  facet normal  8.606910e-001 -5.020208e-001  8.476983e-002
    outer loop
      vertex -4.154395e+001 -5.920118e+000  4.601443e+001
      vertex -4.230828e+001 -7.305759e+000  4.556895e+001
      vertex -4.150552e+001 -5.920118e+000  4.562425e+001
    endloop
  endfacet
  facet normal  8.639517e-001 -4.988023e-001  6.916437e-002
    outer loop
      vertex -4.154395e+001 -5.920118e+000  4.601443e+001
      vertex -4.234395e+001 -7.305759e+000  4.601443e+001
      vertex -4.230828e+001 -7.305759e+000  4.556895e+001
    endloop
  endfacet
  facet normal -8.258987e-001 -5.050972e-001  2.505357e-001
    outer loop
      vertex -3.758238e+001 -5.920118e+000  4.562425e+001
      vertex -3.769619e+001 -5.920118e+000  4.524907e+001
      vertex -3.711563e+001 -6.905759e+000  4.517579e+001
    endloop
  endfacet
  facet normal -8.414623e-001 -4.959908e-001  2.143231e-001
    outer loop
      vertex -3.711563e+001 -6.905759e+000  4.517579e+001
      vertex -3.701032e+001 -6.905759e+000  4.558925e+001
      vertex -3.758238e+001 -5.920118e+000  4.562425e+001
    endloop
  endfacet
  facet normal -7.605575e-001 -5.062541e-001  4.065206e-001
    outer loop
      vertex -3.769619e+001 -5.920118e+000  4.524907e+001
      vertex -3.788101e+001 -5.920118e+000  4.490329e+001
      vertex -3.728791e+001 -6.905759e+000  4.478547e+001
    endloop
  endfacet
  facet normal -7.951810e-001 -4.944711e-001  3.509779e-001
    outer loop
      vertex -3.728791e+001 -6.905759e+000  4.478547e+001
      vertex -3.711563e+001 -6.905759e+000  4.517579e+001
      vertex -3.769619e+001 -5.920118e+000  4.524907e+001
    endloop
  endfacet
  facet normal -6.667953e-001 -5.058954e-001  5.472238e-001
    outer loop
      vertex -3.788101e+001 -5.920118e+000  4.490329e+001
      vertex -3.812973e+001 -5.920118e+000  4.460022e+001
      vertex -3.752242e+001 -6.905759e+000  4.442904e+001
    endloop
  endfacet
  facet normal -7.262768e-001 -4.941525e-001  4.778444e-001
    outer loop
      vertex -3.752242e+001 -6.905759e+000  4.442904e+001
      vertex -3.728791e+001 -6.905759e+000  4.478547e+001
      vertex -3.788101e+001 -5.920118e+000  4.490329e+001
    endloop
  endfacet
  facet normal -4.804437e-001 -4.957993e-001  7.234342e-001
    outer loop
      vertex -3.843281e+001 -5.920118e+000  4.435149e+001
      vertex -3.818600e+001 -7.305759e+000  4.356577e+001
      vertex -3.781371e+001 -7.305759e+000  4.381301e+001
    endloop
  endfacet
  facet normal -3.590956e-001 -4.963349e-001  7.903809e-001
    outer loop
      vertex -3.877858e+001 -5.920118e+000  4.416668e+001
      vertex -3.859288e+001 -7.305759e+000  4.338091e+001
      vertex -3.818600e+001 -7.305759e+000  4.356577e+001
    endloop
  endfacet
  facet normal -4.070495e-001 -5.043384e-001  7.615469e-001
    outer loop
      vertex -3.877858e+001 -5.920118e+000  4.416668e+001
      vertex -3.818600e+001 -7.305759e+000  4.356577e+001
      vertex -3.843281e+001 -5.920118e+000  4.435149e+001
    endloop
  endfacet
  facet normal -2.285033e-001 -4.981278e-001  8.364539e-001
    outer loop
      vertex -3.915377e+001 -5.920118e+000  4.405286e+001
      vertex -3.902399e+001 -7.305759e+000  4.326313e+001
      vertex -3.859288e+001 -7.305759e+000  4.338091e+001
    endloop
  endfacet
  facet normal -2.509366e-001 -5.027305e-001  8.272200e-001
    outer loop
      vertex -3.915377e+001 -5.920118e+000  4.405286e+001
      vertex -3.859288e+001 -7.305759e+000  4.338091e+001
      vertex -3.877858e+001 -5.920118e+000  4.416668e+001
    endloop
  endfacet
  facet normal -8.481705e-002 -5.011909e-001  8.611701e-001
    outer loop
      vertex -3.915377e+001 -5.920118e+000  4.405286e+001
      vertex -3.954395e+001 -5.920118e+000  4.401443e+001
      vertex -3.946835e+001 -7.305759e+000  4.321545e+001
    endloop
  endfacet
  facet normal -9.242224e-002 -4.995629e-001  8.613333e-001
    outer loop
      vertex -3.915377e+001 -5.920118e+000  4.405286e+001
      vertex -3.946835e+001 -7.305759e+000  4.321545e+001
      vertex -3.902399e+001 -7.305759e+000  4.326313e+001
    endloop
  endfacet
  facet normal  8.467324e-002 -5.037155e-001  8.597099e-001
    outer loop
      vertex -3.954395e+001 -5.920118e+000  4.401443e+001
      vertex -3.993413e+001 -5.920118e+000  4.405286e+001
      vertex -3.991463e+001 -7.305759e+000  4.323908e+001
    endloop
  endfacet
  facet normal  4.586721e-002 -4.971170e-001  8.664703e-001
    outer loop
      vertex -3.991463e+001 -7.305759e+000  4.323908e+001
      vertex -3.946835e+001 -7.305759e+000  4.321545e+001
      vertex -3.954395e+001 -5.920118e+000  4.401443e+001
    endloop
  endfacet
  facet normal  2.506385e-001 -5.044914e-001  8.262377e-001
    outer loop
      vertex -3.993413e+001 -5.920118e+000  4.405286e+001
      vertex -4.030931e+001 -5.920118e+000  4.416668e+001
      vertex -4.035147e+001 -7.305759e+000  4.333341e+001
    endloop
  endfacet
  facet normal  1.832878e-001 -4.959224e-001  8.488031e-001
    outer loop
      vertex -4.035147e+001 -7.305759e+000  4.333341e+001
      vertex -3.991463e+001 -7.305759e+000  4.323908e+001
      vertex -3.993413e+001 -5.920118e+000  4.405286e+001
    endloop
  endfacet
  facet normal  3.159816e-001 -4.959902e-001  8.087950e-001
    outer loop
      vertex -4.035147e+001 -7.305759e+000  4.333341e+001
      vertex -4.030931e+001 -5.920118e+000  4.416668e+001
      vertex -4.076774e+001 -7.305759e+000  4.349604e+001
    endloop
  endfacet
  facet normal  4.402497e-001 -4.973189e-001  7.475655e-001
    outer loop
      vertex -4.065509e+001 -5.920118e+000  4.435149e+001
      vertex -4.115283e+001 -7.305759e+000  4.372282e+001
      vertex -4.076774e+001 -7.305759e+000  4.349604e+001
    endloop
  endfacet
  facet normal  4.072725e-001 -5.035273e-001  7.619641e-001
    outer loop
      vertex -4.065509e+001 -5.920118e+000  4.435149e+001
      vertex -4.076774e+001 -7.305759e+000  4.349604e+001
      vertex -4.030931e+001 -5.920118e+000  4.416668e+001
    endloop
  endfacet
  facet normal  5.494692e-001 -4.998116e-001  6.695312e-001
    outer loop
      vertex -4.065509e+001 -5.920118e+000  4.435149e+001
      vertex -4.095816e+001 -5.920118e+000  4.460022e+001
      vertex -4.149694e+001 -7.305759e+000  4.400798e+001
    endloop
  endfacet
  facet normal  5.523089e-001 -5.007769e-001  6.664663e-001
    outer loop
      vertex -4.065509e+001 -5.920118e+000  4.435149e+001
      vertex -4.149694e+001 -7.305759e+000  4.400798e+001
      vertex -4.115283e+001 -7.305759e+000  4.372282e+001
    endloop
  endfacet
  facet normal  6.681087e-001 -5.029870e-001  5.483018e-001
    outer loop
      vertex -4.095816e+001 -5.920118e+000  4.460022e+001
      vertex -4.120689e+001 -5.920118e+000  4.490329e+001
      vertex -4.179129e+001 -7.305759e+000  4.434426e+001
    endloop
  endfacet
  facet normal  6.525680e-001 -4.978739e-001  5.712062e-001
    outer loop
      vertex -4.179129e+001 -7.305759e+000  4.434426e+001
      vertex -4.149694e+001 -7.305759e+000  4.400798e+001
      vertex -4.095816e+001 -5.920118e+000  4.460022e+001
    endloop
  endfacet
  facet normal  7.615114e-001 -5.044072e-001  4.070305e-001
    outer loop
      vertex -4.120689e+001 -5.920118e+000  4.490329e+001
      vertex -4.139171e+001 -5.920118e+000  4.524907e+001
      vertex -4.202839e+001 -7.305759e+000  4.472309e+001
    endloop
  endfacet
  facet normal  7.359431e-001 -4.962159e-001  4.606055e-001
    outer loop
      vertex -4.202839e+001 -7.305759e+000  4.472309e+001
      vertex -4.179129e+001 -7.305759e+000  4.434426e+001
      vertex -4.120689e+001 -5.920118e+000  4.490329e+001
    endloop
  endfacet
  facet normal  8.264647e-001 -5.040854e-001  2.507074e-001
    outer loop
      vertex -4.139171e+001 -5.920118e+000  4.524907e+001
      vertex -4.150552e+001 -5.920118e+000  4.562425e+001
      vertex -4.220219e+001 -7.305759e+000  4.513482e+001
    endloop
  endfacet
  facet normal  8.000613e-001 -4.958175e-001  3.377379e-001
    outer loop
      vertex -4.220219e+001 -7.305759e+000  4.513482e+001
      vertex -4.202839e+001 -7.305759e+000  4.472309e+001
      vertex -4.139171e+001 -5.920118e+000  4.524907e+001
    endloop
  endfacet
  facet normal  8.431223e-001 -4.966823e-001  2.060373e-001
    outer loop
      vertex -4.230828e+001 -7.305759e+000  4.556895e+001
      vertex -4.220219e+001 -7.305759e+000  4.513482e+001
      vertex -4.150552e+001 -5.920118e+000  4.562425e+001
    endloop
  endfacet
  facet normal -6.368029e-001 -4.950385e-001  5.911167e-001
    outer loop
      vertex -3.781269e+001 -6.905759e+000  4.411633e+001
      vertex -3.752242e+001 -6.905759e+000  4.442904e+001
      vertex -3.812973e+001 -5.920118e+000  4.460022e+001
    endloop
  endfacet
  facet normal -5.479205e-001 -5.040182e-001  6.676441e-001
    outer loop
      vertex -3.781269e+001 -6.905759e+000  4.411633e+001
      vertex -3.812973e+001 -5.920118e+000  4.460022e+001
      vertex -3.843281e+001 -5.920118e+000  4.435149e+001
    endloop
  endfacet
  facet normal -5.486355e-001 -5.042806e-001  6.668584e-001
    outer loop
      vertex -3.781269e+001 -6.905759e+000  4.411633e+001
      vertex -3.843281e+001 -5.920118e+000  4.435149e+001
      vertex -3.781371e+001 -7.305759e+000  4.381301e+001
    endloop
  endfacet
  facet normal -5.934018e-001 -4.853826e-001  6.420889e-001
    outer loop
      vertex -3.781269e+001 -6.905759e+000  4.411633e+001
      vertex -3.781371e+001 -7.305759e+000  4.381301e+001
      vertex -3.748550e+001 -7.305759e+000  4.411633e+001
    endloop
  endfacet
  facet normal  8.638650e-001 -4.987523e-001 -7.059386e-002
    outer loop
      vertex -4.154395e+001 -5.920118e+000  4.601443e+001
      vertex -4.230680e+001 -7.305759e+000  4.646901e+001
      vertex -4.234395e+001 -7.305759e+000  4.601443e+001
    endloop
  endfacet
  facet normal  8.608489e-001 -5.017475e-001 -8.478542e-002
    outer loop
      vertex -4.154395e+001 -5.920118e+000  4.601443e+001
      vertex -4.150552e+001 -5.920118e+000  4.640462e+001
      vertex -4.230680e+001 -7.305759e+000  4.646901e+001
    endloop
  endfacet
  facet normal -8.597567e-001 -5.036348e-001 -8.467786e-002
    outer loop
      vertex -3.754395e+001 -5.920118e+000  4.601443e+001
      vertex -3.700554e+001 -6.905759e+000  4.641010e+001
      vertex -3.758238e+001 -5.920118e+000  4.640462e+001
    endloop
  endfacet
  facet normal -8.640820e-001 -4.988793e-001 -6.694590e-002
    outer loop
      vertex -3.754395e+001 -5.920118e+000  4.601443e+001
      vertex -3.697489e+001 -6.905759e+000  4.601443e+001
      vertex -3.700554e+001 -6.905759e+000  4.641010e+001
    endloop
  endfacet
  facet normal  8.420756e-001 -4.967192e-001 -2.101868e-001
    outer loop
      vertex -4.150552e+001 -5.920118e+000  4.640462e+001
      vertex -4.219635e+001 -7.305759e+000  4.691153e+001
      vertex -4.230680e+001 -7.305759e+000  4.646901e+001
    endloop
  endfacet
  facet normal  7.973022e-001 -4.957261e-001 -3.443325e-001
    outer loop
      vertex -4.139171e+001 -5.920118e+000  4.677980e+001
      vertex -4.201551e+001 -7.305759e+000  4.733025e+001
      vertex -4.219635e+001 -7.305759e+000  4.691153e+001
    endloop
  endfacet
  facet normal  8.266003e-001 -5.038425e-001 -2.507485e-001
    outer loop
      vertex -4.139171e+001 -5.920118e+000  4.677980e+001
      vertex -4.219635e+001 -7.305759e+000  4.691153e+001
      vertex -4.150552e+001 -5.920118e+000  4.640462e+001
    endloop
  endfacet
  facet normal  7.307969e-001 -4.957775e-001 -4.691915e-001
    outer loop
      vertex -4.120689e+001 -5.920118e+000  4.712558e+001
      vertex -4.176910e+001 -7.305759e+000  4.771405e+001
      vertex -4.201551e+001 -7.305759e+000  4.733025e+001
    endloop
  endfacet
  facet normal  7.614680e-001 -5.044913e-001 -4.070073e-001
    outer loop
      vertex -4.120689e+001 -5.920118e+000  4.712558e+001
      vertex -4.201551e+001 -7.305759e+000  4.733025e+001
      vertex -4.139171e+001 -5.920118e+000  4.677980e+001
    endloop
  endfacet
  facet normal  6.677885e-001 -5.036982e-001 -5.480389e-001
    outer loop
      vertex -4.095816e+001 -5.920118e+000  4.742865e+001
      vertex -4.176910e+001 -7.305759e+000  4.771405e+001
      vertex -4.120689e+001 -5.920118e+000  4.712558e+001
    endloop
  endfacet
  facet normal  4.238212e-001 -4.985037e-001 -7.562206e-001
    outer loop
      vertex -4.110727e+001 -7.305759e+000  4.833738e+001
      vertex -4.065509e+001 -5.920118e+000  4.767738e+001
      vertex -4.070940e+001 -7.305759e+000  4.856036e+001
    endloop
  endfacet
  facet normal  2.958066e-001 -4.965748e-001 -8.160344e-001
    outer loop
      vertex -4.030931e+001 -5.920118e+000  4.786219e+001
      vertex -4.028061e+001 -7.305759e+000  4.871579e+001
      vertex -4.070940e+001 -7.305759e+000  4.856036e+001
    endloop
  endfacet
  facet normal  4.076849e-001 -5.020229e-001 -7.627358e-001
    outer loop
      vertex -4.030931e+001 -5.920118e+000  4.786219e+001
      vertex -4.070940e+001 -7.305759e+000  4.856036e+001
      vertex -4.065509e+001 -5.920118e+000  4.767738e+001
    endloop
  endfacet
  facet normal  1.594958e-001 -4.956851e-001 -8.537315e-001
    outer loop
      vertex -3.993413e+001 -5.920118e+000  4.797601e+001
      vertex -3.983227e+001 -7.305759e+000  4.879955e+001
      vertex -4.028061e+001 -7.305759e+000  4.871579e+001
    endloop
  endfacet
  facet normal  2.507265e-001 -5.039729e-001 -8.265275e-001
    outer loop
      vertex -3.993413e+001 -5.920118e+000  4.797601e+001
      vertex -4.028061e+001 -7.305759e+000  4.871579e+001
      vertex -4.030931e+001 -5.920118e+000  4.786219e+001
    endloop
  endfacet
  facet normal  1.876818e-002 -4.958419e-001 -8.682100e-001
    outer loop
      vertex -3.954395e+001 -5.920118e+000  4.801443e+001
      vertex -3.937628e+001 -7.305759e+000  4.880941e+001
      vertex -3.983227e+001 -7.305759e+000  4.879955e+001
    endloop
  endfacet
  facet normal  8.462954e-002 -5.044787e-001 -8.592666e-001
    outer loop
      vertex -3.954395e+001 -5.920118e+000  4.801443e+001
      vertex -3.983227e+001 -7.305759e+000  4.879955e+001
      vertex -3.993413e+001 -5.920118e+000  4.797601e+001
    endloop
  endfacet
  facet normal -1.223329e-001 -4.970433e-001 -8.590592e-001
    outer loop
      vertex -3.915377e+001 -5.920118e+000  4.797601e+001
      vertex -3.892474e+001 -7.305759e+000  4.874511e+001
      vertex -3.937628e+001 -7.305759e+000  4.880941e+001
    endloop
  endfacet
  facet normal -8.468335e-002 -5.035414e-001 -8.598110e-001
    outer loop
      vertex -3.915377e+001 -5.920118e+000  4.797601e+001
      vertex -3.937628e+001 -7.305759e+000  4.880941e+001
      vertex -3.954395e+001 -5.920118e+000  4.801443e+001
    endloop
  endfacet
  facet normal -2.515602e-001 -4.990183e-001 -8.292758e-001
    outer loop
      vertex -3.915377e+001 -5.920118e+000  4.797601e+001
      vertex -3.877858e+001 -5.920118e+000  4.786219e+001
      vertex -3.848963e+001 -7.305759e+000  4.860835e+001
    endloop
  endfacet
  facet normal -2.594784e-001 -5.011183e-001 -8.255612e-001
    outer loop
      vertex -3.915377e+001 -5.920118e+000  4.797601e+001
      vertex -3.848963e+001 -7.305759e+000  4.860835e+001
      vertex -3.892474e+001 -7.305759e+000  4.874511e+001
    endloop
  endfacet
  facet normal -3.908054e-001 -4.982647e-001 -7.739531e-001
    outer loop
      vertex -3.848963e+001 -7.305759e+000  4.860835e+001
      vertex -3.877858e+001 -5.920118e+000  4.786219e+001
      vertex -3.808250e+001 -7.305759e+000  4.840277e+001
    endloop
  endfacet
  facet normal -5.118871e-001 -4.964376e-001 -7.010857e-001
    outer loop
      vertex -3.843281e+001 -5.920118e+000  4.767738e+001
      vertex -3.771414e+001 -7.305759e+000  4.813382e+001
      vertex -3.808250e+001 -7.305759e+000  4.840277e+001
    endloop
  endfacet
  facet normal -4.076144e-001 -5.022810e-001 -7.626036e-001
    outer loop
      vertex -3.843281e+001 -5.920118e+000  4.767738e+001
      vertex -3.808250e+001 -7.305759e+000  4.840277e+001
      vertex -3.877858e+001 -5.920118e+000  4.786219e+001
    endloop
  endfacet
  facet normal -5.478950e-001 -5.040870e-001 -6.676131e-001
    outer loop
      vertex -3.812973e+001 -5.920118e+000  4.742865e+001
      vertex -3.771414e+001 -7.305759e+000  4.813382e+001
      vertex -3.843281e+001 -5.920118e+000  4.767738e+001
    endloop
  endfacet
  facet normal -6.683969e-001 -5.023460e-001 -5.485382e-001
    outer loop
      vertex -3.812973e+001 -5.920118e+000  4.742865e+001
      vertex -3.788101e+001 -5.920118e+000  4.712558e+001
      vertex -3.745083e+001 -6.905759e+000  4.750404e+001
    endloop
  endfacet
  facet normal -7.608455e-001 -5.056975e-001 -4.066745e-001
    outer loop
      vertex -3.788101e+001 -5.920118e+000  4.712558e+001
      vertex -3.769619e+001 -5.920118e+000  4.677980e+001
      vertex -3.724638e+001 -6.905759e+000  4.716390e+001
    endloop
  endfacet
  facet normal -7.440179e-001 -4.964383e-001 -4.471984e-001
    outer loop
      vertex -3.724638e+001 -6.905759e+000  4.716390e+001
      vertex -3.745083e+001 -6.905759e+000  4.750404e+001
      vertex -3.788101e+001 -5.920118e+000  4.712558e+001
    endloop
  endfacet
  facet normal -8.253219e-001 -5.061256e-001 -2.503608e-001
    outer loop
      vertex -3.769619e+001 -5.920118e+000  4.677980e+001
      vertex -3.758238e+001 -5.920118e+000  4.640462e+001
      vertex -3.709676e+001 -6.905759e+000  4.679633e+001
    endloop
  endfacet
  facet normal -8.048047e-001 -4.949431e-001 -3.275982e-001
    outer loop
      vertex -3.709676e+001 -6.905759e+000  4.679633e+001
      vertex -3.724638e+001 -6.905759e+000  4.716390e+001
      vertex -3.769619e+001 -5.920118e+000  4.677980e+001
    endloop
  endfacet
  facet normal -8.452060e-001 -4.957588e-001 -1.996248e-001
    outer loop
      vertex -3.700554e+001 -6.905759e+000  4.641010e+001
      vertex -3.709676e+001 -6.905759e+000  4.679633e+001
      vertex -3.758238e+001 -5.920118e+000  4.640462e+001
    endloop
  endfacet
  facet normal -6.236286e-001 -4.846999e-001 -6.133134e-001
    outer loop
      vertex -3.770522e+001 -6.905759e+000  4.780864e+001
      vertex -3.739433e+001 -7.305759e+000  4.780864e+001
      vertex -3.771414e+001 -7.305759e+000  4.813382e+001
    endloop
  endfacet
  facet normal -5.947062e-001 -4.991114e-001 -6.302478e-001
    outer loop
      vertex -3.770522e+001 -6.905759e+000  4.780864e+001
      vertex -3.771414e+001 -7.305759e+000  4.813382e+001
      vertex -3.812973e+001 -5.920118e+000  4.742865e+001
    endloop
  endfacet
  facet normal -6.645932e-001 -5.002248e-001 -5.550596e-001
    outer loop
      vertex -3.770522e+001 -6.905759e+000  4.780864e+001
      vertex -3.812973e+001 -5.920118e+000  4.742865e+001
      vertex -3.745083e+001 -6.905759e+000  4.750404e+001
    endloop
  endfacet
  facet normal  5.499075e-001 -4.986123e-001 -6.700653e-001
    outer loop
      vertex -4.065509e+001 -5.920118e+000  4.767738e+001
      vertex -4.110727e+001 -7.305759e+000  4.833738e+001
      vertex -4.095816e+001 -5.920118e+000  4.742865e+001
    endloop
  endfacet
  facet normal  5.399099e-001 -5.014582e-001 -6.760451e-001
    outer loop
      vertex -4.095816e+001 -5.920118e+000  4.742865e+001
      vertex -4.110727e+001 -7.305759e+000  4.833738e+001
      vertex -4.146365e+001 -7.305759e+000  4.805275e+001
    endloop
  endfacet
  facet normal  6.444654e-001 -4.968759e-001 -5.811874e-001
    outer loop
      vertex -4.095816e+001 -5.920118e+000  4.742865e+001
      vertex -4.146365e+001 -7.305759e+000  4.805275e+001
      vertex -4.176910e+001 -7.305759e+000  4.771405e+001
    endloop
  endfacet
  facet normal  -0.000000e+000  0.000000e+000  1.000000e+000
    outer loop
      vertex -3.385210e+001 -6.905759e+000  4.411633e+001
      vertex -3.781269e+001 -6.905759e+000  4.411633e+001
      vertex -3.385210e+001 -7.305759e+000  4.411633e+001
    endloop
  endfacet
  facet normal  0.000000e+000  0.000000e+000  1.000000e+000
    outer loop
      vertex -3.385210e+001 -7.305759e+000  4.411633e+001
      vertex -3.781269e+001 -6.905759e+000  4.411633e+001
      vertex -3.748550e+001 -7.305759e+000  4.411633e+001
    endloop
  endfacet
  facet normal  -0.000000e+000  0.000000e+000 -9.999999e-001
    outer loop
      vertex -3.770522e+001 -6.905759e+000  4.780864e+001
      vertex -3.381849e+001 -6.905759e+000  4.780864e+001
      vertex -3.739433e+001 -7.305759e+000  4.780864e+001
    endloop
  endfacet
  facet normal  0.000000e+000  0.000000e+000 -1.000000e+000
    outer loop
      vertex -3.739433e+001 -7.305759e+000  4.780864e+001
      vertex -3.381849e+001 -6.905759e+000  4.780864e+001
      vertex -3.381849e+001 -7.305759e+000  4.780864e+001
    endloop
  endfacet
  facet normal  9.608999e-001  6.021509e-003  2.768308e-001
    outer loop
      vertex -3.381849e+001 -6.905759e+000  4.780864e+001
      vertex -3.369438e+001 -5.605759e+000  4.734956e+001
      vertex -3.388065e+001 -5.605759e+000  4.799611e+001
    endloop
  endfacet
  facet normal  9.685174e-001 -4.567611e-003  2.489042e-001
    outer loop
      vertex -3.381849e+001 -6.905759e+000  4.780864e+001
      vertex -3.366286e+001 -6.905759e+000  4.720304e+001
      vertex -3.369438e+001 -5.605759e+000  4.734956e+001
    endloop
  endfacet
  facet normal  1.719281e-001 -1.152210e-003  9.851089e-001
    outer loop
      vertex -3.885432e+001 -7.305759e+000  5.197467e+001
      vertex -3.817384e+001 -7.305759e+000  5.185591e+001
      vertex -3.820882e+001 -5.605759e+000  5.186400e+001
    endloop
  endfacet
  facet normal  2.768357e-001  1.122130e-003  9.609166e-001
    outer loop
      vertex -3.756227e+001 -5.605759e+000  5.167773e+001
      vertex -3.820882e+001 -5.605759e+000  5.186400e+001
      vertex -3.817384e+001 -7.305759e+000  5.185591e+001
    endloop
  endfacet
  facet normal  2.840197e-001 -1.682321e-003  9.588170e-001
    outer loop
      vertex -3.817384e+001 -7.305759e+000  5.185591e+001
      vertex -3.751151e+001 -7.305759e+000  5.165971e+001
      vertex -3.756227e+001 -5.605759e+000  5.167773e+001
    endloop
  endfacet
  facet normal  3.826850e-001  1.634427e-003  9.238775e-001
    outer loop
      vertex -3.694065e+001 -5.605759e+000  5.142025e+001
      vertex -3.756227e+001 -5.605759e+000  5.167773e+001
      vertex -3.751151e+001 -7.305759e+000  5.165971e+001
    endloop
  endfacet
  facet normal  3.923355e-001 -2.177861e-003  9.198196e-001
    outer loop
      vertex -3.751151e+001 -7.305759e+000  5.165971e+001
      vertex -3.687612e+001 -7.305759e+000  5.138870e+001
      vertex -3.694065e+001 -5.605759e+000  5.142025e+001
    endloop
  endfacet
  facet normal  4.837157e-001  2.118188e-003  8.752227e-001
    outer loop
      vertex -3.635176e+001 -5.605759e+000  5.109478e+001
      vertex -3.694065e+001 -5.605759e+000  5.142025e+001
      vertex -3.687612e+001 -7.305759e+000  5.138870e+001
    endloop
  endfacet
  facet normal  4.954597e-001 -2.644609e-003  8.686269e-001
    outer loop
      vertex -3.687612e+001 -7.305759e+000  5.138870e+001
      vertex -3.627610e+001 -7.305759e+000  5.104645e+001
      vertex -3.635176e+001 -5.605759e+000  5.109478e+001
    endloop
  endfacet
  facet normal  5.786666e-001  2.567354e-003  8.155602e-001
    outer loop
      vertex -3.580301e+001 -5.605759e+000  5.070543e+001
      vertex -3.635176e+001 -5.605759e+000  5.109478e+001
      vertex -3.627610e+001 -7.305759e+000  5.104645e+001
    endloop
  endfacet
  facet normal  5.920171e-001 -3.081830e-003  8.059195e-001
    outer loop
      vertex -3.627610e+001 -7.305759e+000  5.104645e+001
      vertex -3.571939e+001 -7.305759e+000  5.063750e+001
      vertex -3.580301e+001 -5.605759e+000  5.070543e+001
    endloop
  endfacet
  facet normal  6.663446e-001  2.983020e-003  7.456379e-001
    outer loop
      vertex -3.530131e+001 -5.605759e+000  5.025708e+001
      vertex -3.580301e+001 -5.605759e+000  5.070543e+001
      vertex -3.571939e+001 -7.305759e+000  5.063750e+001
    endloop
  endfacet
  facet normal  6.807197e-001 -3.484213e-003  7.325357e-001
    outer loop
      vertex -3.571939e+001 -7.305759e+000  5.063750e+001
      vertex -3.521337e+001 -7.305759e+000  5.016727e+001
      vertex -3.530131e+001 -5.605759e+000  5.025708e+001
    endloop
  endfacet
  facet normal  7.456370e-001  3.370630e-003  6.663438e-001
    outer loop
      vertex -3.485296e+001 -5.605759e+000  4.975537e+001
      vertex -3.530131e+001 -5.605759e+000  5.025708e+001
      vertex -3.521337e+001 -7.305759e+000  5.016727e+001
    endloop
  endfacet
  facet normal  7.604016e-001 -3.854811e-003  6.494416e-001
    outer loop
      vertex -3.521337e+001 -7.305759e+000  5.016727e+001
      vertex -3.476475e+001 -7.305759e+000  4.964200e+001
      vertex -3.485296e+001 -5.605759e+000  4.975537e+001
    endloop
  endfacet
  facet normal  8.155571e-001  3.727258e-003  5.786645e-001
    outer loop
      vertex -3.446360e+001 -5.605759e+000  4.920663e+001
      vertex -3.485296e+001 -5.605759e+000  4.975537e+001
      vertex -3.476475e+001 -7.305759e+000  4.964200e+001
    endloop
  endfacet
  facet normal  8.300103e-001 -4.193833e-003  5.577323e-001
    outer loop
      vertex -3.476475e+001 -7.305759e+000  4.964200e+001
      vertex -3.437948e+001 -7.305759e+000  4.906865e+001
      vertex -3.446360e+001 -5.605759e+000  4.920663e+001
    endloop
  endfacet
  facet normal  8.752174e-001  4.050936e-003  4.837127e-001
    outer loop
      vertex -3.413814e+001 -5.605759e+000  4.861774e+001
      vertex -3.446360e+001 -5.605759e+000  4.920663e+001
      vertex -3.437948e+001 -7.305759e+000  4.906865e+001
    endloop
  endfacet
  facet normal  8.886114e-001 -4.501212e-003  4.586389e-001
    outer loop
      vertex -3.437948e+001 -7.305759e+000  4.906865e+001
      vertex -3.406266e+001 -7.305759e+000  4.845481e+001
      vertex -3.413814e+001 -5.605759e+000  4.861774e+001
    endloop
  endfacet
  facet normal  9.858587e-001  5.027550e-003  1.675036e-001
    outer loop
      vertex -3.358168e+001 -5.605759e+000  4.668622e+001
      vertex -3.369438e+001 -5.605759e+000  4.734956e+001
      vertex -3.366286e+001 -6.905759e+000  4.720304e+001
    endloop
  endfacet
  facet normal  9.891670e-001 -3.428007e-003  1.467541e-001
    outer loop
      vertex -3.366286e+001 -6.905759e+000  4.720304e+001
      vertex -3.357109e+001 -6.905759e+000  4.658453e+001
      vertex -3.358168e+001 -5.605759e+000  4.668622e+001
    endloop
  endfacet
  facet normal  9.984197e-001  3.740979e-003  5.607093e-002
    outer loop
      vertex -3.354395e+001 -5.605759e+000  4.601443e+001
      vertex -3.358168e+001 -5.605759e+000  4.668622e+001
      vertex -3.357109e+001 -6.905759e+000  4.658453e+001
    endloop
  endfacet
  facet normal  9.291625e-001 -2.566584e-003 -3.696626e-001
    outer loop
      vertex -3.385210e+001 -7.305759e+000  4.411633e+001
      vertex -3.410379e+001 -7.305759e+000  4.348370e+001
      vertex -3.388065e+001 -5.605759e+000  4.403276e+001
    endloop
  endfacet
  facet normal  9.238762e-001  2.333022e-003 -3.826844e-001
    outer loop
      vertex -3.388065e+001 -5.605759e+000  4.403276e+001
      vertex -3.410379e+001 -7.305759e+000  4.348370e+001
      vertex -3.413814e+001 -5.605759e+000  4.341113e+001
    endloop
  endfacet
  facet normal  8.812997e-001 -2.363429e-003 -4.725518e-001
    outer loop
      vertex -3.413814e+001 -5.605759e+000  4.341113e+001
      vertex -3.410379e+001 -7.305759e+000  4.348370e+001
      vertex -3.442553e+001 -7.305759e+000  4.288366e+001
    endloop
  endfacet
  facet normal  8.752226e-001  2.127836e-003 -4.837157e-001
    outer loop
      vertex -3.413814e+001 -5.605759e+000  4.341113e+001
      vertex -3.442553e+001 -7.305759e+000  4.288366e+001
      vertex -3.446360e+001 -5.605759e+000  4.282224e+001
    endloop
  endfacet
  facet normal  8.220888e-001 -2.155934e-003 -5.693552e-001
    outer loop
      vertex -3.446360e+001 -5.605759e+000  4.282224e+001
      vertex -3.442553e+001 -7.305759e+000  4.288366e+001
      vertex -3.481318e+001 -7.305759e+000  4.232393e+001
    endloop
  endfacet
  facet normal  8.155613e-001  1.916041e-003 -5.786675e-001
    outer loop
      vertex -3.446360e+001 -5.605759e+000  4.282224e+001
      vertex -3.481318e+001 -7.305759e+000  4.232393e+001
      vertex -3.485296e+001 -5.605759e+000  4.227349e+001
    endloop
  endfacet
  facet normal  7.522892e-001 -1.942387e-003 -6.588302e-001
    outer loop
      vertex -3.485296e+001 -5.605759e+000  4.227349e+001
      vertex -3.481318e+001 -7.305759e+000  4.232393e+001
      vertex -3.526176e+001 -7.305759e+000  4.181172e+001
    endloop
  endfacet
  facet normal  7.456402e-001  1.698244e-003 -6.663466e-001
    outer loop
      vertex -3.485296e+001 -5.605759e+000  4.227349e+001
      vertex -3.526176e+001 -7.305759e+000  4.181172e+001
      vertex -3.530131e+001 -5.605759e+000  4.177179e+001
    endloop
  endfacet
  facet normal  6.728070e-001 -1.721665e-003 -7.398160e-001
    outer loop
      vertex -3.530131e+001 -5.605759e+000  4.177179e+001
      vertex -3.526176e+001 -7.305759e+000  4.181172e+001
      vertex -3.576547e+001 -7.305759e+000  4.135363e+001
    endloop
  endfacet
  facet normal  6.663468e-001  1.474868e-003 -7.456404e-001
    outer loop
      vertex -3.530131e+001 -5.605759e+000  4.177179e+001
      vertex -3.576547e+001 -7.305759e+000  4.135363e+001
      vertex -3.580301e+001 -5.605759e+000  4.132344e+001
    endloop
  endfacet
  facet normal  5.846546e-001 -1.494645e-003 -8.112810e-001
    outer loop
      vertex -3.580301e+001 -5.605759e+000  4.132344e+001
      vertex -3.576547e+001 -7.305759e+000  4.135363e+001
      vertex -3.631784e+001 -7.305759e+000  4.095556e+001
    endloop
  endfacet
  facet normal  5.786681e-001  1.244752e-003 -8.155622e-001
    outer loop
      vertex -3.580301e+001 -5.605759e+000  4.132344e+001
      vertex -3.631784e+001 -7.305759e+000  4.095556e+001
      vertex -3.635176e+001 -5.605759e+000  4.093409e+001
    endloop
  endfacet
  facet normal  4.889785e-001 -1.261436e-003 -8.722950e-001
    outer loop
      vertex -3.635176e+001 -5.605759e+000  4.093409e+001
      vertex -3.631784e+001 -7.305759e+000  4.095556e+001
      vertex -3.691175e+001 -7.305759e+000  4.062263e+001
    endloop
  endfacet
  facet normal  4.837165e-001  1.008549e-003 -8.752242e-001
    outer loop
      vertex -3.635176e+001 -5.605759e+000  4.093409e+001
      vertex -3.691175e+001 -7.305759e+000  4.062263e+001
      vertex -3.694065e+001 -5.605759e+000  4.060862e+001
    endloop
  endfacet
  facet normal  3.870108e-001 -1.021381e-003 -9.220746e-001
    outer loop
      vertex -3.694065e+001 -5.605759e+000  4.060862e+001
      vertex -3.691175e+001 -7.305759e+000  4.062263e+001
      vertex -3.753955e+001 -7.305759e+000  4.035913e+001
    endloop
  endfacet
  facet normal  3.826854e-001  7.672047e-004 -9.238784e-001
    outer loop
      vertex -3.694065e+001 -5.605759e+000  4.060862e+001
      vertex -3.753955e+001 -7.305759e+000  4.035913e+001
      vertex -3.756227e+001 -5.605759e+000  4.035114e+001
    endloop
  endfacet
  facet normal  2.800477e-001 -7.744422e-004 -9.599858e-001
    outer loop
      vertex -3.756227e+001 -5.605759e+000  4.035114e+001
      vertex -3.753955e+001 -7.305759e+000  4.035913e+001
      vertex -3.819317e+001 -7.305759e+000  4.016846e+001
    endloop
  endfacet
  facet normal  9.462942e-001  0.000000e+000 -3.233071e-001
    outer loop
      vertex -3.385210e+001 -6.905759e+000  4.411633e+001
      vertex -3.385210e+001 -7.305759e+000  4.411633e+001
      vertex -3.388065e+001 -5.605759e+000  4.403276e+001
    endloop
  endfacet
  facet normal  9.609120e-001  3.308634e-003 -2.768343e-001
    outer loop
      vertex -3.385210e+001 -6.905759e+000  4.411633e+001
      vertex -3.388065e+001 -5.605759e+000  4.403276e+001
      vertex -3.369438e+001 -5.605759e+000  4.467931e+001
    endloop
  endfacet
  facet normal  9.638351e-001 -1.523442e-003 -2.664952e-001
    outer loop
      vertex -3.385210e+001 -6.905759e+000  4.411633e+001
      vertex -3.369438e+001 -5.605759e+000  4.467931e+001
      vertex -3.368546e+001 -6.905759e+000  4.471900e+001
    endloop
  endfacet
  facet normal  9.354457e-001  0.000000e+000  3.534705e-001
    outer loop
      vertex -3.381849e+001 -7.305759e+000  4.780864e+001
      vertex -3.381849e+001 -6.905759e+000  4.780864e+001
      vertex -3.406266e+001 -7.305759e+000  4.845481e+001
    endloop
  endfacet
  facet normal  9.366006e-001 -5.742813e-003  3.503520e-001
    outer loop
      vertex -3.406266e+001 -7.305759e+000  4.845481e+001
      vertex -3.381849e+001 -6.905759e+000  4.780864e+001
      vertex -3.388065e+001 -5.605759e+000  4.799611e+001
    endloop
  endfacet
  facet normal  9.238700e-001  4.343665e-003  3.826819e-001
    outer loop
      vertex -3.406266e+001 -7.305759e+000  4.845481e+001
      vertex -3.388065e+001 -5.605759e+000  4.799611e+001
      vertex -3.413814e+001 -5.605759e+000  4.861774e+001
    endloop
  endfacet
  facet normal  5.607133e-002  -0.000000e+000  9.984269e-001
    outer loop
      vertex -3.954395e+001 -5.605759e+000  5.201443e+001
      vertex -3.954395e+001 -7.305759e+000  5.201443e+001
      vertex -3.887216e+001 -5.605759e+000  5.197671e+001
    endloop
  endfacet
  facet normal  5.756498e-002 -5.921376e-004  9.983416e-001
    outer loop
      vertex -3.887216e+001 -5.605759e+000  5.197671e+001
      vertex -3.954395e+001 -7.305759e+000  5.201443e+001
      vertex -3.885432e+001 -7.305759e+000  5.197467e+001
    endloop
  endfacet
  facet normal  1.675057e-001  5.766226e-004  9.858709e-001
    outer loop
      vertex -3.887216e+001 -5.605759e+000  5.197671e+001
      vertex -3.885432e+001 -7.305759e+000  5.197467e+001
      vertex -3.820882e+001 -5.605759e+000  5.186400e+001
    endloop
  endfacet
  facet normal  9.863365e-001  1.737627e-003 -1.647341e-001
    outer loop
      vertex -3.368546e+001 -6.905759e+000  4.471900e+001
      vertex -3.369438e+001 -5.605759e+000  4.467931e+001
      vertex -3.358246e+001 -6.905759e+000  4.533573e+001
    endloop
  endfacet
  facet normal  9.858710e-001  2.980870e-004 -1.675057e-001
    outer loop
      vertex -3.358246e+001 -6.905759e+000  4.533573e+001
      vertex -3.369438e+001 -5.605759e+000  4.467931e+001
      vertex -3.358168e+001 -5.605759e+000  4.534265e+001
    endloop
  endfacet
  facet normal  9.981260e-001 -2.748813e-004 -6.119131e-002
    outer loop
      vertex -3.358246e+001 -6.905759e+000  4.533573e+001
      vertex -3.358168e+001 -5.605759e+000  4.534265e+001
      vertex -3.354420e+001 -6.905759e+000  4.595984e+001
    endloop
  endfacet
  facet normal  9.984245e-001  2.164546e-003 -5.607120e-002
    outer loop
      vertex -3.354420e+001 -6.905759e+000  4.595984e+001
      vertex -3.358168e+001 -5.605759e+000  4.534265e+001
      vertex -3.354395e+001 -5.605759e+000  4.601443e+001
    endloop
  endfacet
  facet normal  9.990723e-001 -1.997263e-003  4.301697e-002
    outer loop
      vertex -3.354420e+001 -6.905759e+000  4.595984e+001
      vertex -3.354395e+001 -5.605759e+000  4.601443e+001
      vertex -3.357109e+001 -6.905759e+000  4.658453e+001
    endloop
  endfacet
  facet normal  5.673913e-002  0.000000e+000 -9.983890e-001
    outer loop
      vertex -3.954395e+001 -7.305759e+000  4.001443e+001
      vertex -3.954395e+001 -5.605759e+000  4.001443e+001
      vertex -3.886419e+001 -7.305759e+000  4.005307e+001
    endloop
  endfacet
  facet normal  5.607132e-002 -2.678860e-004 -9.984267e-001
    outer loop
      vertex -3.886419e+001 -7.305759e+000  4.005307e+001
      vertex -3.954395e+001 -5.605759e+000  4.001443e+001
      vertex -3.887216e+001 -5.605759e+000  4.005216e+001
    endloop
  endfacet
  facet normal  1.694829e-001  2.711068e-004 -9.855331e-001
    outer loop
      vertex -3.886419e+001 -7.305759e+000  4.005307e+001
      vertex -3.887216e+001 -5.605759e+000  4.005216e+001
      vertex -3.819317e+001 -7.305759e+000  4.016846e+001
    endloop
  endfacet
  facet normal  1.675057e-001 -5.417202e-004 -9.858709e-001
    outer loop
      vertex -3.819317e+001 -7.305759e+000  4.016846e+001
      vertex -3.887216e+001 -5.605759e+000  4.005216e+001
      vertex -3.820882e+001 -5.605759e+000  4.016487e+001
    endloop
  endfacet
  facet normal  2.768357e-001  5.176170e-004 -9.609171e-001
    outer loop
      vertex -3.819317e+001 -7.305759e+000  4.016846e+001
      vertex -3.820882e+001 -5.605759e+000  4.016487e+001
      vertex -3.756227e+001 -5.605759e+000  4.035114e+001
    endloop
  endfacet
  facet normal -1.000000e+000  -0.000000e+000  -0.000000e+000
    outer loop
      vertex -5.186987e+001 -7.305759e+000  4.149747e+001
      vertex -5.186987e+001 -5.605759e+000  4.149747e+001
      vertex -5.186987e+001 -5.605759e+000  4.001443e+001
    endloop
  endfacet
  facet normal -1.000000e+000  0.000000e+000  0.000000e+000
    outer loop
      vertex -5.186987e+001 -7.305759e+000  4.149747e+001
      vertex -5.186987e+001 -5.605759e+000  4.001443e+001
      vertex -5.186987e+001 -7.805759e+000  4.001443e+001
    endloop
  endfacet
  facet normal -1.000000e+000  0.000000e+000  0.000000e+000
    outer loop
      vertex -5.186987e+001 -7.305759e+000  4.149747e+001
      vertex -5.186987e+001 -7.805759e+000  4.001443e+001
      vertex -5.186987e+001 -7.805759e+000  4.151443e+001
    endloop
  endfacet
  facet normal -1.000000e+000  0.000000e+000  0.000000e+000
    outer loop
      vertex -5.186987e+001 -7.305759e+000  4.149747e+001
      vertex -5.186987e+001 -7.805759e+000  4.151443e+001
      vertex -5.186987e+001 -7.305759e+000  4.151443e+001
    endloop
  endfacet
  facet normal -9.999999e-001  -0.000000e+000  0.000000e+000
    outer loop
      vertex -5.186987e+001 -2.160576e+001  4.149747e+001
      vertex -5.186987e+001 -1.990576e+001  4.149747e+001
      vertex -5.186987e+001 -2.160576e+001  4.001443e+001
    endloop
  endfacet
  facet normal -9.999999e-001  0.000000e+000  0.000000e+000
    outer loop
      vertex -5.186987e+001 -2.160576e+001  4.001443e+001
      vertex -5.186987e+001 -1.990576e+001  4.149747e+001
      vertex -5.186987e+001 -1.940576e+001  4.001443e+001
    endloop
  endfacet
  facet normal -1.000000e+000  0.000000e+000  0.000000e+000
    outer loop
      vertex -5.186987e+001 -1.990576e+001  4.149747e+001
      vertex -5.186987e+001 -1.990576e+001  4.151443e+001
      vertex -5.186987e+001 -1.940576e+001  4.001443e+001
    endloop
  endfacet
  facet normal -1.000000e+000  0.000000e+000  0.000000e+000
    outer loop
      vertex -5.186987e+001 -1.940576e+001  4.001443e+001
      vertex -5.186987e+001 -1.990576e+001  4.151443e+001
      vertex -5.186987e+001 -1.940576e+001  4.151443e+001
    endloop
  endfacet
  facet normal  0.000000e+000 -1.000000e+000  0.000000e+000
    outer loop
      vertex -5.776501e+001 -1.940576e+001  5.188880e+001
      vertex -5.663269e+001 -1.940576e+001  5.390344e+001
      vertex -5.778811e+001 -1.940576e+001  5.190219e+001
    endloop
  endfacet
  facet normal  0.000000e+000 -1.000000e+000  0.000000e+000
    outer loop
      vertex -5.905298e+001 -1.940576e+001  5.146457e+001
      vertex -5.925644e+001 -1.940576e+001  4.646707e+001
      vertex -5.914495e+001 -1.940576e+001  4.690736e+001
    endloop
  endfacet
  facet normal  0.000000e+000 -9.999999e-001  0.000000e+000
    outer loop
      vertex -5.776501e+001 -1.940576e+001  5.188880e+001
      vertex -5.804806e+001 -1.940576e+001  4.831664e+001
      vertex -5.764861e+001 -1.940576e+001  4.853281e+001
    endloop
  endfacet
  facet normal  0.000000e+000 -1.000000e+000  -0.000000e+000
    outer loop
      vertex -5.336084e+001 -1.940576e+001  5.201443e+001
      vertex -5.663269e+001 -1.940576e+001  5.390344e+001
      vertex -5.677104e+001 -1.940576e+001  4.875504e+001
    endloop
  endfacet
  facet normal  0.000000e+000 -1.000000e+000  0.000000e+000
    outer loop
      vertex -5.336084e+001 -1.940576e+001  5.201443e+001
      vertex -5.677104e+001 -1.940576e+001  4.875504e+001
      vertex -5.631686e+001 -1.940576e+001  4.875504e+001
    endloop
  endfacet
  facet normal  0.000000e+000 -1.000000e+000  0.000000e+000
    outer loop
      vertex -5.336084e+001 -1.940576e+001  5.201443e+001
      vertex -5.631686e+001 -1.940576e+001  4.875504e+001
      vertex -5.586886e+001 -1.940576e+001  4.868029e+001
    endloop
  endfacet
  facet normal  0.000000e+000 -1.000000e+000  0.000000e+000
    outer loop
      vertex -5.336084e+001 -1.940576e+001  5.201443e+001
      vertex -5.586886e+001 -1.940576e+001  4.868029e+001
      vertex -5.543929e+001 -1.940576e+001  4.853281e+001
    endloop
  endfacet
  facet normal  0.000000e+000 -1.000000e+000  0.000000e+000
    outer loop
      vertex -5.336084e+001 -1.940576e+001  5.201443e+001
      vertex -5.543929e+001 -1.940576e+001  4.853281e+001
      vertex -5.503984e+001 -1.940576e+001  4.831664e+001
    endloop
  endfacet
  facet normal  0.000000e+000 -9.999999e-001  0.000000e+000
    outer loop
      vertex -5.336084e+001 -1.940576e+001  5.201443e+001
      vertex -5.503984e+001 -1.940576e+001  4.831664e+001
      vertex -5.468142e+001 -1.940576e+001  4.803767e+001
    endloop
  endfacet
  facet normal  0.000000e+000 -9.999999e-001  0.000000e+000
    outer loop
      vertex -5.336084e+001 -1.940576e+001  5.201443e+001
      vertex -5.468142e+001 -1.940576e+001  4.803767e+001
      vertex -5.437381e+001 -1.940576e+001  4.770352e+001
    endloop
  endfacet
  facet normal  0.000000e+000 -9.999999e-001  0.000000e+000
    outer loop
      vertex -5.336084e+001 -1.940576e+001  5.201443e+001
      vertex -5.437381e+001 -1.940576e+001  4.770352e+001
      vertex -5.412540e+001 -1.940576e+001  4.732329e+001
    endloop
  endfacet
  facet normal  0.000000e+000 -1.000000e+000  0.000000e+000
    outer loop
      vertex -5.336084e+001 -1.940576e+001  5.201443e+001
      vertex -5.412540e+001 -1.940576e+001  4.732329e+001
      vertex -5.394295e+001 -1.940576e+001  4.690736e+001
    endloop
  endfacet
  facet normal  0.000000e+000 -1.000000e+000  0.000000e+000
    outer loop
      vertex -5.336084e+001 -1.940576e+001  5.201443e+001
      vertex -5.394295e+001 -1.940576e+001  4.690736e+001
      vertex -5.383146e+001 -1.940576e+001  4.646707e+001
    endloop
  endfacet
  facet normal  0.000000e+000 -1.000000e+000  0.000000e+000
    outer loop
      vertex -5.336084e+001 -1.940576e+001  5.201443e+001
      vertex -5.383146e+001 -1.940576e+001  4.646707e+001
      vertex -5.379395e+001 -1.940576e+001  4.601443e+001
    endloop
  endfacet
  facet normal  0.000000e+000 -1.000000e+000  0.000000e+000
    outer loop
      vertex -5.336084e+001 -1.940576e+001  5.201443e+001
      vertex -5.379395e+001 -1.940576e+001  4.601443e+001
      vertex -5.008160e+001 -1.940576e+001  4.531582e+001
    endloop
  endfacet
  facet normal  0.000000e+000 -1.000000e+000  0.000000e+000
    outer loop
      vertex -5.336084e+001 -1.940576e+001  5.201443e+001
      vertex -5.008160e+001 -1.940576e+001  4.531582e+001
      vertex -5.004396e+001 -1.940576e+001  4.602621e+001
    endloop
  endfacet
  facet normal  0.000000e+000 -1.000000e+000  0.000000e+000
    outer loop
      vertex -5.336084e+001 -1.940576e+001  5.201443e+001
      vertex -5.004396e+001 -1.940576e+001  4.602621e+001
      vertex -5.008418e+001 -1.940576e+001  4.673647e+001
    endloop
  endfacet
  facet normal  0.000000e+000 -1.000000e+000  0.000000e+000
    outer loop
      vertex -5.336084e+001 -1.940576e+001  5.201443e+001
      vertex -5.008418e+001 -1.940576e+001  4.673647e+001
      vertex -5.020177e+001 -1.940576e+001  4.743807e+001
    endloop
  endfacet
  facet normal  0.000000e+000 -1.000000e+000  0.000000e+000
    outer loop
      vertex -5.336084e+001 -1.940576e+001  5.201443e+001
      vertex -5.020177e+001 -1.940576e+001  4.743807e+001
      vertex -5.039532e+001 -1.940576e+001  4.812262e+001
    endloop
  endfacet
  facet normal  0.000000e+000 -1.000000e+000  0.000000e+000
    outer loop
      vertex -5.336084e+001 -1.940576e+001  5.201443e+001
      vertex -5.039532e+001 -1.940576e+001  4.812262e+001
      vertex -5.066253e+001 -1.940576e+001  4.878192e+001
    endloop
  endfacet
  facet normal  0.000000e+000 -1.000000e+000  0.000000e+000
    outer loop
      vertex -5.336084e+001 -1.940576e+001  5.201443e+001
      vertex -5.066253e+001 -1.940576e+001  4.878192e+001
      vertex -5.100019e+001 -1.940576e+001  4.940807e+001
    endloop
  endfacet
  facet normal  0.000000e+000 -1.000000e+000  0.000000e+000
    outer loop
      vertex -5.336084e+001 -1.940576e+001  5.201443e+001
      vertex -5.100019e+001 -1.940576e+001  4.940807e+001
      vertex -5.140425e+001 -1.940576e+001  4.999357e+001
    endloop
  endfacet
  facet normal  0.000000e+000 -1.000000e+000  0.000000e+000
    outer loop
      vertex -5.336084e+001 -1.940576e+001  5.201443e+001
      vertex -5.140425e+001 -1.940576e+001  4.999357e+001
      vertex -5.186987e+001 -1.940576e+001  5.053140e+001
    endloop
  endfacet
  facet normal  0.000000e+000 -1.000000e+000  0.000000e+000
    outer loop
      vertex -5.336084e+001 -1.940576e+001  5.201443e+001
      vertex -5.186987e+001 -1.940576e+001  5.053140e+001
      vertex -5.186987e+001 -1.940576e+001  5.201443e+001
    endloop
  endfacet
  facet normal  0.000000e+000 -1.000000e+000  0.000000e+000
    outer loop
      vertex -5.379395e+001 -1.940576e+001  4.601443e+001
      vertex -5.186987e+001 -1.940576e+001  4.001443e+001
      vertex -5.186987e+001 -1.940576e+001  4.151443e+001
    endloop
  endfacet
  facet normal  0.000000e+000 -1.000000e+000  0.000000e+000
    outer loop
      vertex -5.379395e+001 -1.940576e+001  4.601443e+001
      vertex -5.186987e+001 -1.940576e+001  4.151443e+001
      vertex -5.185353e+001 -1.940576e+001  4.151443e+001
    endloop
  endfacet
  facet normal  0.000000e+000 -1.000000e+000  0.000000e+000
    outer loop
      vertex -5.379395e+001 -1.940576e+001  4.601443e+001
      vertex -5.185353e+001 -1.940576e+001  4.151443e+001
      vertex -5.138986e+001 -1.940576e+001  4.205396e+001
    endloop
  endfacet
  facet normal  0.000000e+000 -9.999999e-001  0.000000e+000
    outer loop
      vertex -5.379395e+001 -1.940576e+001  4.601443e+001
      vertex -5.138986e+001 -1.940576e+001  4.205396e+001
      vertex -5.098793e+001 -1.940576e+001  4.264092e+001
    endloop
  endfacet
  facet normal  0.000000e+000 -1.000000e+000  0.000000e+000
    outer loop
      vertex -5.379395e+001 -1.940576e+001  4.601443e+001
      vertex -5.098793e+001 -1.940576e+001  4.264092e+001
      vertex -5.065254e+001 -1.940576e+001  4.326829e+001
    endloop
  endfacet
  facet normal  0.000000e+000 -1.000000e+000  0.000000e+000
    outer loop
      vertex -5.379395e+001 -1.940576e+001  4.601443e+001
      vertex -5.065254e+001 -1.940576e+001  4.326829e+001
      vertex -5.038773e+001 -1.940576e+001  4.392855e+001
    endloop
  endfacet
  facet normal  0.000000e+000 -1.000000e+000  0.000000e+000
    outer loop
      vertex -5.379395e+001 -1.940576e+001  4.601443e+001
      vertex -5.038773e+001 -1.940576e+001  4.392855e+001
      vertex -5.019665e+001 -1.940576e+001  4.461380e+001
    endloop
  endfacet
  facet normal  0.000000e+000 -1.000000e+000  0.000000e+000
    outer loop
      vertex -5.379395e+001 -1.940576e+001  4.601443e+001
      vertex -5.019665e+001 -1.940576e+001  4.461380e+001
      vertex -5.008160e+001 -1.940576e+001  4.531582e+001
    endloop
  endfacet
  facet normal  -0.000000e+000 -1.000000e+000  0.000000e+000
    outer loop
      vertex -5.929395e+001 -1.940576e+001  4.601443e+001
      vertex -5.925644e+001 -1.940576e+001  4.646707e+001
      vertex -5.905298e+001 -1.940576e+001  5.146457e+001
    endloop
  endfacet
  facet normal  0.000000e+000 -1.000000e+000  0.000000e+000
    outer loop
      vertex -5.929395e+001 -1.940576e+001  4.601443e+001
      vertex -5.905298e+001 -1.940576e+001  5.146457e+001
      vertex -5.965274e+001 -1.940576e+001  5.114605e+001
    endloop
  endfacet
  facet normal  0.000000e+000 -1.000000e+000  -0.000000e+000
    outer loop
      vertex -5.929395e+001 -1.940576e+001  4.601443e+001
      vertex -5.965274e+001 -1.940576e+001  5.114605e+001
      vertex -6.021269e+001 -1.940576e+001  5.076180e+001
    endloop
  endfacet
  facet normal  0.000000e+000 -1.000000e+000  -0.000000e+000
    outer loop
      vertex -5.929395e+001 -1.940576e+001  4.601443e+001
      vertex -6.021269e+001 -1.940576e+001  5.076180e+001
      vertex -6.072566e+001 -1.940576e+001  5.031676e+001
    endloop
  endfacet
  facet normal  0.000000e+000 -1.000000e+000  -0.000000e+000
    outer loop
      vertex -5.929395e+001 -1.940576e+001  4.601443e+001
      vertex -6.072566e+001 -1.940576e+001  5.031676e+001
      vertex -6.118510e+001 -1.940576e+001  4.981665e+001
    endloop
  endfacet
  facet normal  0.000000e+000 -1.000000e+000  -0.000000e+000
    outer loop
      vertex -5.929395e+001 -1.940576e+001  4.601443e+001
      vertex -6.118510e+001 -1.940576e+001  4.981665e+001
      vertex -6.158512e+001 -1.940576e+001  4.926786e+001
    endloop
  endfacet
  facet normal  0.000000e+000 -1.000000e+000  -0.000000e+000
    outer loop
      vertex -5.929395e+001 -1.940576e+001  4.601443e+001
      vertex -6.158512e+001 -1.940576e+001  4.926786e+001
      vertex -6.192056e+001 -1.940576e+001  4.867738e+001
    endloop
  endfacet
  facet normal  0.000000e+000 -1.000000e+000  -0.000000e+000
    outer loop
      vertex -5.929395e+001 -1.940576e+001  4.601443e+001
      vertex -6.192056e+001 -1.940576e+001  4.867738e+001
      vertex -6.218709e+001 -1.940576e+001  4.805277e+001
    endloop
  endfacet
  facet normal  0.000000e+000 -1.000000e+000  -0.000000e+000
    outer loop
      vertex -5.929395e+001 -1.940576e+001  4.601443e+001
      vertex -6.218709e+001 -1.940576e+001  4.805277e+001
      vertex -6.238129e+001 -1.940576e+001  4.740202e+001
    endloop
  endfacet
  facet normal  0.000000e+000 -1.000000e+000  -0.000000e+000
    outer loop
      vertex -5.929395e+001 -1.940576e+001  4.601443e+001
      vertex -6.238129e+001 -1.940576e+001  4.740202e+001
      vertex -6.250058e+001 -1.940576e+001  4.673447e+001
    endloop
  endfacet
  facet normal  0.000000e+000 -1.000000e+000  -0.000000e+000
    outer loop
      vertex -5.929395e+001 -1.940576e+001  4.601443e+001
      vertex -6.250058e+001 -1.940576e+001  4.673447e+001
      vertex -6.254372e+001 -1.940576e+001  4.605774e+001
    endloop
  endfacet
  facet normal  0.000000e+000 -1.000000e+000  0.000000e+000
    outer loop
      vertex -5.929395e+001 -1.940576e+001  4.601443e+001
      vertex -6.254372e+001 -1.940576e+001  4.605774e+001
      vertex -6.251020e+001 -1.940576e+001  4.538047e+001
    endloop
  endfacet
  facet normal  0.000000e+000 -1.000000e+000  0.000000e+000
    outer loop
      vertex -5.929395e+001 -1.940576e+001  4.601443e+001
      vertex -6.251020e+001 -1.940576e+001  4.538047e+001
      vertex -6.240048e+001 -1.940576e+001  4.471129e+001
    endloop
  endfacet
  facet normal  0.000000e+000 -1.000000e+000  0.000000e+000
    outer loop
      vertex -5.929395e+001 -1.940576e+001  4.601443e+001
      vertex -6.240048e+001 -1.940576e+001  4.471129e+001
      vertex -6.221599e+001 -1.940576e+001  4.405875e+001
    endloop
  endfacet
  facet normal  0.000000e+000 -1.000000e+000  0.000000e+000
    outer loop
      vertex -5.929395e+001 -1.940576e+001  4.601443e+001
      vertex -6.221599e+001 -1.940576e+001  4.405875e+001
      vertex -6.195910e+001 -1.940576e+001  4.343117e+001
    endloop
  endfacet
  facet normal  0.000000e+000 -1.000000e+000  0.000000e+000
    outer loop
      vertex -5.929395e+001 -1.940576e+001  4.601443e+001
      vertex -6.195910e+001 -1.940576e+001  4.343117e+001
      vertex -6.163308e+001 -1.940576e+001  4.283657e+001
    endloop
  endfacet
  facet normal  0.000000e+000 -1.000000e+000  0.000000e+000
    outer loop
      vertex -5.929395e+001 -1.940576e+001  4.601443e+001
      vertex -6.163308e+001 -1.940576e+001  4.283657e+001
      vertex -6.124207e+001 -1.940576e+001  4.228256e+001
    endloop
  endfacet
  facet normal  0.000000e+000 -1.000000e+000  0.000000e+000
    outer loop
      vertex -5.929395e+001 -1.940576e+001  4.601443e+001
      vertex -6.124207e+001 -1.940576e+001  4.228256e+001
      vertex -6.079100e+001 -1.940576e+001  4.177623e+001
    endloop
  endfacet
  facet normal  0.000000e+000 -1.000000e+000  0.000000e+000
    outer loop
      vertex -5.929395e+001 -1.940576e+001  4.601443e+001
      vertex -6.079100e+001 -1.940576e+001  4.177623e+001
      vertex -6.028565e+001 -1.940576e+001  4.132405e+001
    endloop
  endfacet
  facet normal  0.000000e+000 -1.000000e+000  0.000000e+000
    outer loop
      vertex -5.929395e+001 -1.940576e+001  4.601443e+001
      vertex -6.028565e+001 -1.940576e+001  4.132405e+001
      vertex -6.028565e+001 -1.940576e+001  4.001443e+001
    endloop
  endfacet
  facet normal  0.000000e+000 -1.000000e+000  -0.000000e+000
    outer loop
      vertex -5.186987e+001 -1.940576e+001  4.001443e+001
      vertex -5.379395e+001 -1.940576e+001  4.601443e+001
      vertex -5.383146e+001 -1.940576e+001  4.556180e+001
    endloop
  endfacet
  facet normal  0.000000e+000 -1.000000e+000  -0.000000e+000
    outer loop
      vertex -5.186987e+001 -1.940576e+001  4.001443e+001
      vertex -5.383146e+001 -1.940576e+001  4.556180e+001
      vertex -5.394295e+001 -1.940576e+001  4.512151e+001
    endloop
  endfacet
  facet normal  0.000000e+000 -1.000000e+000  -0.000000e+000
    outer loop
      vertex -5.186987e+001 -1.940576e+001  4.001443e+001
      vertex -5.394295e+001 -1.940576e+001  4.512151e+001
      vertex -5.412540e+001 -1.940576e+001  4.470558e+001
    endloop
  endfacet
  facet normal  0.000000e+000 -1.000000e+000  -0.000000e+000
    outer loop
      vertex -5.186987e+001 -1.940576e+001  4.001443e+001
      vertex -5.412540e+001 -1.940576e+001  4.470558e+001
      vertex -5.437381e+001 -1.940576e+001  4.432535e+001
    endloop
  endfacet
  facet normal  0.000000e+000 -1.000000e+000  -0.000000e+000
    outer loop
      vertex -5.186987e+001 -1.940576e+001  4.001443e+001
      vertex -5.437381e+001 -1.940576e+001  4.432535e+001
      vertex -5.468142e+001 -1.940576e+001  4.399120e+001
    endloop
  endfacet
  facet normal  0.000000e+000 -1.000000e+000  -0.000000e+000
    outer loop
      vertex -5.186987e+001 -1.940576e+001  4.001443e+001
      vertex -5.468142e+001 -1.940576e+001  4.399120e+001
      vertex -5.503984e+001 -1.940576e+001  4.371223e+001
    endloop
  endfacet
  facet normal  0.000000e+000 -1.000000e+000  -0.000000e+000
    outer loop
      vertex -5.186987e+001 -1.940576e+001  4.001443e+001
      vertex -5.503984e+001 -1.940576e+001  4.371223e+001
      vertex -5.543929e+001 -1.940576e+001  4.349606e+001
    endloop
  endfacet
  facet normal  0.000000e+000 -1.000000e+000  -0.000000e+000
    outer loop
      vertex -5.186987e+001 -1.940576e+001  4.001443e+001
      vertex -5.543929e+001 -1.940576e+001  4.349606e+001
      vertex -5.586886e+001 -1.940576e+001  4.334858e+001
    endloop
  endfacet
  facet normal  0.000000e+000 -9.999999e-001  -0.000000e+000
    outer loop
      vertex -5.186987e+001 -1.940576e+001  4.001443e+001
      vertex -5.586886e+001 -1.940576e+001  4.334858e+001
      vertex -5.631686e+001 -1.940576e+001  4.327383e+001
    endloop
  endfacet
  facet normal  -0.000000e+000 -1.000000e+000  -0.000000e+000
    outer loop
      vertex -5.186987e+001 -1.940576e+001  4.001443e+001
      vertex -5.631686e+001 -1.940576e+001  4.327383e+001
      vertex -5.677104e+001 -1.940576e+001  4.327383e+001
    endloop
  endfacet
  facet normal  -0.000000e+000 -1.000000e+000  -0.000000e+000
    outer loop
      vertex -5.186987e+001 -1.940576e+001  4.001443e+001
      vertex -5.677104e+001 -1.940576e+001  4.327383e+001
      vertex -5.721904e+001 -1.940576e+001  4.334858e+001
    endloop
  endfacet
  facet normal  -0.000000e+000 -1.000000e+000  -0.000000e+000
    outer loop
      vertex -5.186987e+001 -1.940576e+001  4.001443e+001
      vertex -5.721904e+001 -1.940576e+001  4.334858e+001
      vertex -5.764861e+001 -1.940576e+001  4.349606e+001
    endloop
  endfacet
  facet normal  -0.000000e+000 -1.000000e+000  -0.000000e+000
    outer loop
      vertex -5.186987e+001 -1.940576e+001  4.001443e+001
      vertex -5.764861e+001 -1.940576e+001  4.349606e+001
      vertex -5.804806e+001 -1.940576e+001  4.371223e+001
    endloop
  endfacet
  facet normal  0.000000e+000 -9.999999e-001  0.000000e+000
    outer loop
      vertex -6.028565e+001 -1.940576e+001  4.001443e+001
      vertex -5.186987e+001 -1.940576e+001  4.001443e+001
      vertex -5.804806e+001 -1.940576e+001  4.371223e+001
    endloop
  endfacet
  facet normal  -0.000000e+000 -1.000000e+000  0.000000e+000
    outer loop
      vertex -6.028565e+001 -1.940576e+001  4.001443e+001
      vertex -5.804806e+001 -1.940576e+001  4.371223e+001
      vertex -5.840648e+001 -1.940576e+001  4.399120e+001
    endloop
  endfacet
  facet normal  -0.000000e+000 -1.000000e+000  0.000000e+000
    outer loop
      vertex -6.028565e+001 -1.940576e+001  4.001443e+001
      vertex -5.840648e+001 -1.940576e+001  4.399120e+001
      vertex -5.871408e+001 -1.940576e+001  4.432535e+001
    endloop
  endfacet
  facet normal  -0.000000e+000 -9.999999e-001  0.000000e+000
    outer loop
      vertex -6.028565e+001 -1.940576e+001  4.001443e+001
      vertex -5.871408e+001 -1.940576e+001  4.432535e+001
      vertex -5.896250e+001 -1.940576e+001  4.470558e+001
    endloop
  endfacet
  facet normal  -0.000000e+000 -1.000000e+000  0.000000e+000
    outer loop
      vertex -6.028565e+001 -1.940576e+001  4.001443e+001
      vertex -5.896250e+001 -1.940576e+001  4.470558e+001
      vertex -5.914495e+001 -1.940576e+001  4.512151e+001
    endloop
  endfacet
  facet normal  -0.000000e+000 -1.000000e+000  0.000000e+000
    outer loop
      vertex -6.028565e+001 -1.940576e+001  4.001443e+001
      vertex -5.914495e+001 -1.940576e+001  4.512151e+001
      vertex -5.925644e+001 -1.940576e+001  4.556180e+001
    endloop
  endfacet
  facet normal  -0.000000e+000 -9.999999e-001  0.000000e+000
    outer loop
      vertex -6.028565e+001 -1.940576e+001  4.001443e+001
      vertex -5.925644e+001 -1.940576e+001  4.556180e+001
      vertex -5.929395e+001 -1.940576e+001  4.601443e+001
    endloop
  endfacet
  facet normal  0.000000e+000 -1.000000e+000  0.000000e+000
    outer loop
      vertex -5.871408e+001 -1.940576e+001  4.770352e+001
      vertex -5.842104e+001 -1.940576e+001  5.171324e+001
      vertex -5.896250e+001 -1.940576e+001  4.732329e+001
    endloop
  endfacet
  facet normal  0.000000e+000 -1.000000e+000  0.000000e+000
    outer loop
      vertex -5.896250e+001 -1.940576e+001  4.732329e+001
      vertex -5.842104e+001 -1.940576e+001  5.171324e+001
      vertex -5.905298e+001 -1.940576e+001  5.146457e+001
    endloop
  endfacet
  facet normal  0.000000e+000 -1.000000e+000  -0.000000e+000
    outer loop
      vertex -5.896250e+001 -1.940576e+001  4.732329e+001
      vertex -5.905298e+001 -1.940576e+001  5.146457e+001
      vertex -5.914495e+001 -1.940576e+001  4.690736e+001
    endloop
  endfacet
  facet normal  0.000000e+000 -9.999999e-001  0.000000e+000
    outer loop
      vertex -5.804806e+001 -1.940576e+001  4.831664e+001
      vertex -5.776501e+001 -1.940576e+001  5.188880e+001
      vertex -5.840648e+001 -1.940576e+001  4.803767e+001
    endloop
  endfacet
  facet normal  0.000000e+000 -1.000000e+000  0.000000e+000
    outer loop
      vertex -5.840648e+001 -1.940576e+001  4.803767e+001
      vertex -5.776501e+001 -1.940576e+001  5.188880e+001
      vertex -5.842104e+001 -1.940576e+001  5.171324e+001
    endloop
  endfacet
  facet normal  0.000000e+000 -9.999999e-001  -0.000000e+000
    outer loop
      vertex -5.840648e+001 -1.940576e+001  4.803767e+001
      vertex -5.842104e+001 -1.940576e+001  5.171324e+001
      vertex -5.871408e+001 -1.940576e+001  4.770352e+001
    endloop
  endfacet
  facet normal  0.000000e+000 -1.000000e+000  0.000000e+000
    outer loop
      vertex -5.776501e+001 -1.940576e+001  5.188880e+001
      vertex -5.764861e+001 -1.940576e+001  4.853281e+001
      vertex -5.663269e+001 -1.940576e+001  5.390344e+001
    endloop
  endfacet
  facet normal  0.000000e+000 -1.000000e+000  0.000000e+000
    outer loop
      vertex -5.663269e+001 -1.940576e+001  5.390344e+001
      vertex -5.764861e+001 -1.940576e+001  4.853281e+001
      vertex -5.721904e+001 -1.940576e+001  4.868029e+001
    endloop
  endfacet
  facet normal  0.000000e+000 -1.000000e+000  0.000000e+000
    outer loop
      vertex -5.663269e+001 -1.940576e+001  5.390344e+001
      vertex -5.721904e+001 -1.940576e+001  4.868029e+001
      vertex -5.677104e+001 -1.940576e+001  4.875504e+001
    endloop
  endfacet
  facet normal  0.000000e+000  1.000000e+000  0.000000e+000
    outer loop
      vertex -5.778811e+001 -7.805759e+000  5.190219e+001
      vertex -5.663269e+001 -7.805759e+000  5.390344e+001
      vertex -5.776503e+001 -7.805759e+000  5.188887e+001
    endloop
  endfacet
  facet normal  0.000000e+000  1.000000e+000  0.000000e+000
    outer loop
      vertex -5.914495e+001 -7.805759e+000  4.690736e+001
      vertex -5.925644e+001 -7.805759e+000  4.646707e+001
      vertex -5.905212e+001 -7.805759e+000  5.146504e+001
    endloop
  endfacet
  facet normal  0.000000e+000  1.000000e+000  0.000000e+000
    outer loop
      vertex -5.764861e+001 -7.805759e+000  4.853281e+001
      vertex -5.804806e+001 -7.805759e+000  4.831664e+001
      vertex -5.776503e+001 -7.805759e+000  5.188887e+001
    endloop
  endfacet
  facet normal  0.000000e+000  1.000000e+000  0.000000e+000
    outer loop
      vertex -5.336084e+001 -7.805759e+000  5.201443e+001
      vertex -5.186987e+001 -7.805759e+000  5.201443e+001
      vertex -5.186987e+001 -7.805759e+000  5.053140e+001
    endloop
  endfacet
  facet normal  0.000000e+000  1.000000e+000  0.000000e+000
    outer loop
      vertex -5.336084e+001 -7.805759e+000  5.201443e+001
      vertex -5.186987e+001 -7.805759e+000  5.053140e+001
      vertex -5.140425e+001 -7.805759e+000  4.999357e+001
    endloop
  endfacet
  facet normal  0.000000e+000  1.000000e+000  0.000000e+000
    outer loop
      vertex -5.336084e+001 -7.805759e+000  5.201443e+001
      vertex -5.140425e+001 -7.805759e+000  4.999357e+001
      vertex -5.100019e+001 -7.805759e+000  4.940807e+001
    endloop
  endfacet
  facet normal  0.000000e+000  1.000000e+000  0.000000e+000
    outer loop
      vertex -5.336084e+001 -7.805759e+000  5.201443e+001
      vertex -5.100019e+001 -7.805759e+000  4.940807e+001
      vertex -5.066253e+001 -7.805759e+000  4.878192e+001
    endloop
  endfacet
  facet normal  0.000000e+000  9.999999e-001  0.000000e+000
    outer loop
      vertex -5.336084e+001 -7.805759e+000  5.201443e+001
      vertex -5.066253e+001 -7.805759e+000  4.878192e+001
      vertex -5.039532e+001 -7.805759e+000  4.812262e+001
    endloop
  endfacet
  facet normal  0.000000e+000  1.000000e+000  0.000000e+000
    outer loop
      vertex -5.336084e+001 -7.805759e+000  5.201443e+001
      vertex -5.039532e+001 -7.805759e+000  4.812262e+001
      vertex -5.020177e+001 -7.805759e+000  4.743807e+001
    endloop
  endfacet
  facet normal  0.000000e+000  1.000000e+000  0.000000e+000
    outer loop
      vertex -5.336084e+001 -7.805759e+000  5.201443e+001
      vertex -5.020177e+001 -7.805759e+000  4.743807e+001
      vertex -5.008418e+001 -7.805759e+000  4.673647e+001
    endloop
  endfacet
  facet normal  0.000000e+000  1.000000e+000  0.000000e+000
    outer loop
      vertex -5.336084e+001 -7.805759e+000  5.201443e+001
      vertex -5.008418e+001 -7.805759e+000  4.673647e+001
      vertex -5.004396e+001 -7.805759e+000  4.602621e+001
    endloop
  endfacet
  facet normal  0.000000e+000  1.000000e+000  0.000000e+000
    outer loop
      vertex -5.336084e+001 -7.805759e+000  5.201443e+001
      vertex -5.004396e+001 -7.805759e+000  4.602621e+001
      vertex -5.008160e+001 -7.805759e+000  4.531582e+001
    endloop
  endfacet
  facet normal  0.000000e+000  1.000000e+000  0.000000e+000
    outer loop
      vertex -5.336084e+001 -7.805759e+000  5.201443e+001
      vertex -5.008160e+001 -7.805759e+000  4.531582e+001
      vertex -5.379395e+001 -7.805759e+000  4.601443e+001
    endloop
  endfacet
  facet normal  0.000000e+000  1.000000e+000  -0.000000e+000
    outer loop
      vertex -5.336084e+001 -7.805759e+000  5.201443e+001
      vertex -5.379395e+001 -7.805759e+000  4.601443e+001
      vertex -5.383146e+001 -7.805759e+000  4.646707e+001
    endloop
  endfacet
  facet normal  0.000000e+000  1.000000e+000  -0.000000e+000
    outer loop
      vertex -5.336084e+001 -7.805759e+000  5.201443e+001
      vertex -5.383146e+001 -7.805759e+000  4.646707e+001
      vertex -5.394295e+001 -7.805759e+000  4.690736e+001
    endloop
  endfacet
  facet normal  0.000000e+000  1.000000e+000  -0.000000e+000
    outer loop
      vertex -5.336084e+001 -7.805759e+000  5.201443e+001
      vertex -5.394295e+001 -7.805759e+000  4.690736e+001
      vertex -5.412540e+001 -7.805759e+000  4.732329e+001
    endloop
  endfacet
  facet normal  0.000000e+000  9.999999e-001  -0.000000e+000
    outer loop
      vertex -5.336084e+001 -7.805759e+000  5.201443e+001
      vertex -5.412540e+001 -7.805759e+000  4.732329e+001
      vertex -5.437381e+001 -7.805759e+000  4.770352e+001
    endloop
  endfacet
  facet normal  0.000000e+000  9.999999e-001  -0.000000e+000
    outer loop
      vertex -5.336084e+001 -7.805759e+000  5.201443e+001
      vertex -5.437381e+001 -7.805759e+000  4.770352e+001
      vertex -5.468142e+001 -7.805759e+000  4.803767e+001
    endloop
  endfacet
  facet normal  0.000000e+000  9.999999e-001  -0.000000e+000
    outer loop
      vertex -5.336084e+001 -7.805759e+000  5.201443e+001
      vertex -5.468142e+001 -7.805759e+000  4.803767e+001
      vertex -5.503984e+001 -7.805759e+000  4.831664e+001
    endloop
  endfacet
  facet normal  0.000000e+000  1.000000e+000  -0.000000e+000
    outer loop
      vertex -5.336084e+001 -7.805759e+000  5.201443e+001
      vertex -5.503984e+001 -7.805759e+000  4.831664e+001
      vertex -5.543929e+001 -7.805759e+000  4.853281e+001
    endloop
  endfacet
  facet normal  0.000000e+000  1.000000e+000  -0.000000e+000
    outer loop
      vertex -5.336084e+001 -7.805759e+000  5.201443e+001
      vertex -5.543929e+001 -7.805759e+000  4.853281e+001
      vertex -5.586886e+001 -7.805759e+000  4.868029e+001
    endloop
  endfacet
  facet normal  0.000000e+000  1.000000e+000  -0.000000e+000
    outer loop
      vertex -5.336084e+001 -7.805759e+000  5.201443e+001
      vertex -5.586886e+001 -7.805759e+000  4.868029e+001
      vertex -5.631686e+001 -7.805759e+000  4.875504e+001
    endloop
  endfacet
  facet normal  0.000000e+000  1.000000e+000  -0.000000e+000
    outer loop
      vertex -5.336084e+001 -7.805759e+000  5.201443e+001
      vertex -5.631686e+001 -7.805759e+000  4.875504e+001
      vertex -5.677104e+001 -7.805759e+000  4.875504e+001
    endloop
  endfacet
  facet normal  0.000000e+000  1.000000e+000  0.000000e+000
    outer loop
      vertex -5.336084e+001 -7.805759e+000  5.201443e+001
      vertex -5.677104e+001 -7.805759e+000  4.875504e+001
      vertex -5.663269e+001 -7.805759e+000  5.390344e+001
    endloop
  endfacet
  facet normal  0.000000e+000  1.000000e+000  0.000000e+000
    outer loop
      vertex -5.379395e+001 -7.805759e+000  4.601443e+001
      vertex -5.008160e+001 -7.805759e+000  4.531582e+001
      vertex -5.019665e+001 -7.805759e+000  4.461380e+001
    endloop
  endfacet
  facet normal  0.000000e+000  1.000000e+000  0.000000e+000
    outer loop
      vertex -5.379395e+001 -7.805759e+000  4.601443e+001
      vertex -5.019665e+001 -7.805759e+000  4.461380e+001
      vertex -5.038773e+001 -7.805759e+000  4.392855e+001
    endloop
  endfacet
  facet normal  0.000000e+000  1.000000e+000  0.000000e+000
    outer loop
      vertex -5.379395e+001 -7.805759e+000  4.601443e+001
      vertex -5.038773e+001 -7.805759e+000  4.392855e+001
      vertex -5.065254e+001 -7.805759e+000  4.326829e+001
    endloop
  endfacet
  facet normal  0.000000e+000  1.000000e+000  0.000000e+000
    outer loop
      vertex -5.379395e+001 -7.805759e+000  4.601443e+001
      vertex -5.065254e+001 -7.805759e+000  4.326829e+001
      vertex -5.098793e+001 -7.805759e+000  4.264092e+001
    endloop
  endfacet
  facet normal  0.000000e+000  1.000000e+000  0.000000e+000
    outer loop
      vertex -5.379395e+001 -7.805759e+000  4.601443e+001
      vertex -5.098793e+001 -7.805759e+000  4.264092e+001
      vertex -5.138986e+001 -7.805759e+000  4.205396e+001
    endloop
  endfacet
  facet normal  0.000000e+000  1.000000e+000  0.000000e+000
    outer loop
      vertex -5.379395e+001 -7.805759e+000  4.601443e+001
      vertex -5.138986e+001 -7.805759e+000  4.205396e+001
      vertex -5.185353e+001 -7.805759e+000  4.151443e+001
    endloop
  endfacet
  facet normal  0.000000e+000  1.000000e+000  0.000000e+000
    outer loop
      vertex -5.379395e+001 -7.805759e+000  4.601443e+001
      vertex -5.185353e+001 -7.805759e+000  4.151443e+001
      vertex -5.186987e+001 -7.805759e+000  4.151443e+001
    endloop
  endfacet
  facet normal  0.000000e+000  1.000000e+000  0.000000e+000
    outer loop
      vertex -5.379395e+001 -7.805759e+000  4.601443e+001
      vertex -5.186987e+001 -7.805759e+000  4.151443e+001
      vertex -5.186987e+001 -7.805759e+000  4.001443e+001
    endloop
  endfacet
  facet normal  0.000000e+000  1.000000e+000  0.000000e+000
    outer loop
      vertex -5.929395e+001 -7.805759e+000  4.601443e+001
      vertex -6.028565e+001 -7.805759e+000  4.001443e+001
      vertex -6.028565e+001 -7.805759e+000  4.132405e+001
    endloop
  endfacet
  facet normal  0.000000e+000  1.000000e+000  -0.000000e+000
    outer loop
      vertex -5.929395e+001 -7.805759e+000  4.601443e+001
      vertex -6.028565e+001 -7.805759e+000  4.132405e+001
      vertex -6.079137e+001 -7.805759e+000  4.177658e+001
    endloop
  endfacet
  facet normal  0.000000e+000  1.000000e+000  -0.000000e+000
    outer loop
      vertex -5.929395e+001 -7.805759e+000  4.601443e+001
      vertex -6.079137e+001 -7.805759e+000  4.177658e+001
      vertex -6.124275e+001 -7.805759e+000  4.228332e+001
    endloop
  endfacet
  facet normal  0.000000e+000  1.000000e+000  -0.000000e+000
    outer loop
      vertex -5.929395e+001 -7.805759e+000  4.601443e+001
      vertex -6.124275e+001 -7.805759e+000  4.228332e+001
      vertex -6.163403e+001 -7.805759e+000  4.283778e+001
    endloop
  endfacet
  facet normal  0.000000e+000  1.000000e+000  -0.000000e+000
    outer loop
      vertex -5.929395e+001 -7.805759e+000  4.601443e+001
      vertex -6.163403e+001 -7.805759e+000  4.283778e+001
      vertex -6.196019e+001 -7.805759e+000  4.343289e+001
    endloop
  endfacet
  facet normal  0.000000e+000  1.000000e+000  -0.000000e+000
    outer loop
      vertex -5.929395e+001 -7.805759e+000  4.601443e+001
      vertex -6.196019e+001 -7.805759e+000  4.343289e+001
      vertex -6.221706e+001 -7.805759e+000  4.406102e+001
    endloop
  endfacet
  facet normal  0.000000e+000  1.000000e+000  -0.000000e+000
    outer loop
      vertex -5.929395e+001 -7.805759e+000  4.601443e+001
      vertex -6.221706e+001 -7.805759e+000  4.406102e+001
      vertex -6.240136e+001 -7.805759e+000  4.471414e+001
    endloop
  endfacet
  facet normal  0.000000e+000  1.000000e+000  -0.000000e+000
    outer loop
      vertex -5.929395e+001 -7.805759e+000  4.601443e+001
      vertex -6.240136e+001 -7.805759e+000  4.471414e+001
      vertex -6.251073e+001 -7.805759e+000  4.538389e+001
    endloop
  endfacet
  facet normal  0.000000e+000  1.000000e+000  -0.000000e+000
    outer loop
      vertex -5.929395e+001 -7.805759e+000  4.601443e+001
      vertex -6.251073e+001 -7.805759e+000  4.538389e+001
      vertex -6.254376e+001 -7.805759e+000  4.606171e+001
    endloop
  endfacet
  facet normal  -0.000000e+000  1.000000e+000  0.000000e+000
    outer loop
      vertex -5.929395e+001 -7.805759e+000  4.601443e+001
      vertex -6.254376e+001 -7.805759e+000  4.606171e+001
      vertex -6.250005e+001 -7.805759e+000  4.673893e+001
    endloop
  endfacet
  facet normal  -0.000000e+000  1.000000e+000  0.000000e+000
    outer loop
      vertex -5.929395e+001 -7.805759e+000  4.601443e+001
      vertex -6.250005e+001 -7.805759e+000  4.673893e+001
      vertex -6.238014e+001 -7.805759e+000  4.740687e+001
    endloop
  endfacet
  facet normal  -0.000000e+000  1.000000e+000  0.000000e+000
    outer loop
      vertex -5.929395e+001 -7.805759e+000  4.601443e+001
      vertex -6.238014e+001 -7.805759e+000  4.740687e+001
      vertex -6.218557e+001 -7.805759e+000  4.805701e+001
    endloop
  endfacet
  facet normal  -0.000000e+000  1.000000e+000  0.000000e+000
    outer loop
      vertex -5.929395e+001 -7.805759e+000  4.601443e+001
      vertex -6.218557e+001 -7.805759e+000  4.805701e+001
      vertex -6.191883e+001 -7.805759e+000  4.868101e+001
    endloop
  endfacet
  facet normal  -0.000000e+000  1.000000e+000  0.000000e+000
    outer loop
      vertex -5.929395e+001 -7.805759e+000  4.601443e+001
      vertex -6.191883e+001 -7.805759e+000  4.868101e+001
      vertex -6.158334e+001 -7.805759e+000  4.927090e+001
    endloop
  endfacet
  facet normal  -0.000000e+000  1.000000e+000  0.000000e+000
    outer loop
      vertex -5.929395e+001 -7.805759e+000  4.601443e+001
      vertex -6.158334e+001 -7.805759e+000  4.927090e+001
      vertex -6.118337e+001 -7.805759e+000  4.981913e+001
    endloop
  endfacet
  facet normal  -0.000000e+000  1.000000e+000  0.000000e+000
    outer loop
      vertex -5.929395e+001 -7.805759e+000  4.601443e+001
      vertex -6.118337e+001 -7.805759e+000  4.981913e+001
      vertex -6.072406e+001 -7.805759e+000  5.031870e+001
    endloop
  endfacet
  facet normal  -0.000000e+000  9.999999e-001  0.000000e+000
    outer loop
      vertex -5.929395e+001 -7.805759e+000  4.601443e+001
      vertex -6.072406e+001 -7.805759e+000  5.031870e+001
      vertex -6.021127e+001 -7.805759e+000  5.076320e+001
    endloop
  endfacet
  facet normal  -0.000000e+000  9.999999e-001  0.000000e+000
    outer loop
      vertex -5.929395e+001 -7.805759e+000  4.601443e+001
      vertex -6.021127e+001 -7.805759e+000  5.076320e+001
      vertex -5.965157e+001 -7.805759e+000  5.114695e+001
    endloop
  endfacet
  facet normal  -0.000000e+000  1.000000e+000  0.000000e+000
    outer loop
      vertex -5.929395e+001 -7.805759e+000  4.601443e+001
      vertex -5.965157e+001 -7.805759e+000  5.114695e+001
      vertex -5.905212e+001 -7.805759e+000  5.146504e+001
    endloop
  endfacet
  facet normal  0.000000e+000  9.999999e-001  0.000000e+000
    outer loop
      vertex -5.929395e+001 -7.805759e+000  4.601443e+001
      vertex -5.905212e+001 -7.805759e+000  5.146504e+001
      vertex -5.925644e+001 -7.805759e+000  4.646707e+001
    endloop
  endfacet
  facet normal  0.000000e+000  1.000000e+000  0.000000e+000
    outer loop
      vertex -5.186987e+001 -7.805759e+000  4.001443e+001
      vertex -5.804806e+001 -7.805759e+000  4.371223e+001
      vertex -5.764861e+001 -7.805759e+000  4.349606e+001
    endloop
  endfacet
  facet normal  0.000000e+000  1.000000e+000  0.000000e+000
    outer loop
      vertex -5.186987e+001 -7.805759e+000  4.001443e+001
      vertex -5.764861e+001 -7.805759e+000  4.349606e+001
      vertex -5.721904e+001 -7.805759e+000  4.334858e+001
    endloop
  endfacet
  facet normal  0.000000e+000  1.000000e+000  0.000000e+000
    outer loop
      vertex -5.186987e+001 -7.805759e+000  4.001443e+001
      vertex -5.721904e+001 -7.805759e+000  4.334858e+001
      vertex -5.677104e+001 -7.805759e+000  4.327383e+001
    endloop
  endfacet
  facet normal  -0.000000e+000  1.000000e+000  0.000000e+000
    outer loop
      vertex -5.186987e+001 -7.805759e+000  4.001443e+001
      vertex -5.677104e+001 -7.805759e+000  4.327383e+001
      vertex -5.631686e+001 -7.805759e+000  4.327383e+001
    endloop
  endfacet
  facet normal  -0.000000e+000  9.999999e-001  0.000000e+000
    outer loop
      vertex -5.186987e+001 -7.805759e+000  4.001443e+001
      vertex -5.631686e+001 -7.805759e+000  4.327383e+001
      vertex -5.586886e+001 -7.805759e+000  4.334858e+001
    endloop
  endfacet
  facet normal  -0.000000e+000  1.000000e+000  0.000000e+000
    outer loop
      vertex -5.186987e+001 -7.805759e+000  4.001443e+001
      vertex -5.586886e+001 -7.805759e+000  4.334858e+001
      vertex -5.543929e+001 -7.805759e+000  4.349606e+001
    endloop
  endfacet
  facet normal  -0.000000e+000  1.000000e+000  0.000000e+000
    outer loop
      vertex -5.186987e+001 -7.805759e+000  4.001443e+001
      vertex -5.543929e+001 -7.805759e+000  4.349606e+001
      vertex -5.503984e+001 -7.805759e+000  4.371223e+001
    endloop
  endfacet
  facet normal  -0.000000e+000  1.000000e+000  0.000000e+000
    outer loop
      vertex -5.186987e+001 -7.805759e+000  4.001443e+001
      vertex -5.503984e+001 -7.805759e+000  4.371223e+001
      vertex -5.468142e+001 -7.805759e+000  4.399120e+001
    endloop
  endfacet
  facet normal  -0.000000e+000  1.000000e+000  0.000000e+000
    outer loop
      vertex -5.186987e+001 -7.805759e+000  4.001443e+001
      vertex -5.468142e+001 -7.805759e+000  4.399120e+001
      vertex -5.437381e+001 -7.805759e+000  4.432535e+001
    endloop
  endfacet
  facet normal  -0.000000e+000  1.000000e+000  0.000000e+000
    outer loop
      vertex -5.186987e+001 -7.805759e+000  4.001443e+001
      vertex -5.437381e+001 -7.805759e+000  4.432535e+001
      vertex -5.412540e+001 -7.805759e+000  4.470558e+001
    endloop
  endfacet
  facet normal  -0.000000e+000  1.000000e+000  0.000000e+000
    outer loop
      vertex -5.186987e+001 -7.805759e+000  4.001443e+001
      vertex -5.412540e+001 -7.805759e+000  4.470558e+001
      vertex -5.394295e+001 -7.805759e+000  4.512151e+001
    endloop
  endfacet
  facet normal  -0.000000e+000  1.000000e+000  0.000000e+000
    outer loop
      vertex -5.186987e+001 -7.805759e+000  4.001443e+001
      vertex -5.394295e+001 -7.805759e+000  4.512151e+001
      vertex -5.383146e+001 -7.805759e+000  4.556180e+001
    endloop
  endfacet
  facet normal  -0.000000e+000  1.000000e+000  0.000000e+000
    outer loop
      vertex -5.186987e+001 -7.805759e+000  4.001443e+001
      vertex -5.383146e+001 -7.805759e+000  4.556180e+001
      vertex -5.379395e+001 -7.805759e+000  4.601443e+001
    endloop
  endfacet
  facet normal  0.000000e+000  9.999999e-001  0.000000e+000
    outer loop
      vertex -6.028565e+001 -7.805759e+000  4.001443e+001
      vertex -5.929395e+001 -7.805759e+000  4.601443e+001
      vertex -5.925644e+001 -7.805759e+000  4.556180e+001
    endloop
  endfacet
  facet normal  0.000000e+000  1.000000e+000  0.000000e+000
    outer loop
      vertex -6.028565e+001 -7.805759e+000  4.001443e+001
      vertex -5.925644e+001 -7.805759e+000  4.556180e+001
      vertex -5.914495e+001 -7.805759e+000  4.512151e+001
    endloop
  endfacet
  facet normal  0.000000e+000  1.000000e+000  0.000000e+000
    outer loop
      vertex -6.028565e+001 -7.805759e+000  4.001443e+001
      vertex -5.914495e+001 -7.805759e+000  4.512151e+001
      vertex -5.896250e+001 -7.805759e+000  4.470558e+001
    endloop
  endfacet
  facet normal  0.000000e+000  1.000000e+000  0.000000e+000
    outer loop
      vertex -6.028565e+001 -7.805759e+000  4.001443e+001
      vertex -5.896250e+001 -7.805759e+000  4.470558e+001
      vertex -5.871408e+001 -7.805759e+000  4.432535e+001
    endloop
  endfacet
  facet normal  0.000000e+000  1.000000e+000  0.000000e+000
    outer loop
      vertex -6.028565e+001 -7.805759e+000  4.001443e+001
      vertex -5.871408e+001 -7.805759e+000  4.432535e+001
      vertex -5.840648e+001 -7.805759e+000  4.399120e+001
    endloop
  endfacet
  facet normal  0.000000e+000  1.000000e+000  0.000000e+000
    outer loop
      vertex -6.028565e+001 -7.805759e+000  4.001443e+001
      vertex -5.840648e+001 -7.805759e+000  4.399120e+001
      vertex -5.804806e+001 -7.805759e+000  4.371223e+001
    endloop
  endfacet
  facet normal  0.000000e+000  9.999999e-001  0.000000e+000
    outer loop
      vertex -6.028565e+001 -7.805759e+000  4.001443e+001
      vertex -5.804806e+001 -7.805759e+000  4.371223e+001
      vertex -5.186987e+001 -7.805759e+000  4.001443e+001
    endloop
  endfacet
  facet normal  0.000000e+000  1.000000e+000  0.000000e+000
    outer loop
      vertex -5.914495e+001 -7.805759e+000  4.690736e+001
      vertex -5.905212e+001 -7.805759e+000  5.146504e+001
      vertex -5.896250e+001 -7.805759e+000  4.732329e+001
    endloop
  endfacet
  facet normal  0.000000e+000  1.000000e+000  -0.000000e+000
    outer loop
      vertex -5.896250e+001 -7.805759e+000  4.732329e+001
      vertex -5.905212e+001 -7.805759e+000  5.146504e+001
      vertex -5.842057e+001 -7.805759e+000  5.171341e+001
    endloop
  endfacet
  facet normal  0.000000e+000  1.000000e+000  0.000000e+000
    outer loop
      vertex -5.896250e+001 -7.805759e+000  4.732329e+001
      vertex -5.842057e+001 -7.805759e+000  5.171341e+001
      vertex -5.871408e+001 -7.805759e+000  4.770352e+001
    endloop
  endfacet
  facet normal  0.000000e+000  1.000000e+000  0.000000e+000
    outer loop
      vertex -5.871408e+001 -7.805759e+000  4.770352e+001
      vertex -5.842057e+001 -7.805759e+000  5.171341e+001
      vertex -5.840648e+001 -7.805759e+000  4.803767e+001
    endloop
  endfacet
  facet normal  0.000000e+000  9.999999e-001  -0.000000e+000
    outer loop
      vertex -5.840648e+001 -7.805759e+000  4.803767e+001
      vertex -5.842057e+001 -7.805759e+000  5.171341e+001
      vertex -5.776503e+001 -7.805759e+000  5.188887e+001
    endloop
  endfacet
  facet normal  0.000000e+000  1.000000e+000  0.000000e+000
    outer loop
      vertex -5.840648e+001 -7.805759e+000  4.803767e+001
      vertex -5.776503e+001 -7.805759e+000  5.188887e+001
      vertex -5.804806e+001 -7.805759e+000  4.831664e+001
    endloop
  endfacet
  facet normal  0.000000e+000  1.000000e+000  0.000000e+000
    outer loop
      vertex -5.677104e+001 -7.805759e+000  4.875504e+001
      vertex -5.721904e+001 -7.805759e+000  4.868029e+001
      vertex -5.663269e+001 -7.805759e+000  5.390344e+001
    endloop
  endfacet
  facet normal  0.000000e+000  1.000000e+000  0.000000e+000
    outer loop
      vertex -5.663269e+001 -7.805759e+000  5.390344e+001
      vertex -5.721904e+001 -7.805759e+000  4.868029e+001
      vertex -5.764861e+001 -7.805759e+000  4.853281e+001
    endloop
  endfacet
  facet normal  0.000000e+000  1.000000e+000  -0.000000e+000
    outer loop
      vertex -5.663269e+001 -7.805759e+000  5.390344e+001
      vertex -5.764861e+001 -7.805759e+000  4.853281e+001
      vertex -5.776503e+001 -7.805759e+000  5.188887e+001
    endloop
  endfacet
  facet normal -1.000000e+000  0.000000e+000  0.000000e+000
    outer loop
      vertex -6.028565e+001 -1.940576e+001  4.001443e+001
      vertex -6.028565e+001 -1.940576e+001  4.132405e+001
      vertex -6.028565e+001 -1.770576e+001  4.132405e+001
    endloop
  endfacet
  facet normal -1.000000e+000  0.000000e+000  -0.000000e+000
    outer loop
      vertex -6.028565e+001 -1.940576e+001  4.001443e+001
      vertex -6.028565e+001 -1.770576e+001  4.132405e+001
      vertex -6.028565e+001 -9.505759e+000  4.132405e+001
    endloop
  endfacet
  facet normal -1.000000e+000  0.000000e+000  -0.000000e+000
    outer loop
      vertex -6.028565e+001 -1.940576e+001  4.001443e+001
      vertex -6.028565e+001 -9.505759e+000  4.132405e+001
      vertex -6.028565e+001 -7.805759e+000  4.132405e+001
    endloop
  endfacet
  facet normal -9.999999e-001  0.000000e+000  -0.000000e+000
    outer loop
      vertex -6.028565e+001 -1.940576e+001  4.001443e+001
      vertex -6.028565e+001 -7.805759e+000  4.132405e+001
      vertex -6.028565e+001 -7.805759e+000  4.001443e+001
    endloop
  endfacet
  facet normal -1.000000e+000  0.000000e+000  0.000000e+000
    outer loop
      vertex -6.028565e+001 -1.770576e+001  4.132405e+001
      vertex -6.028565e+001 -1.770576e+001  4.151443e+001
      vertex -6.028565e+001 -9.505759e+000  4.132405e+001
    endloop
  endfacet
  facet normal -1.000000e+000  0.000000e+000  0.000000e+000
    outer loop
      vertex -6.028565e+001 -9.505759e+000  4.132405e+001
      vertex -6.028565e+001 -1.770576e+001  4.151443e+001
      vertex -6.028565e+001 -9.505759e+000  4.151443e+001
    endloop
  endfacet
  facet normal  0.000000e+000  0.000000e+000  1.000000e+000
    outer loop
      vertex -5.185353e+001 -1.990576e+001  4.151443e+001
      vertex -5.185353e+001 -1.940576e+001  4.151443e+001
      vertex -5.186987e+001 -1.990576e+001  4.151443e+001
    endloop
  endfacet
  facet normal  0.000000e+000  0.000000e+000  1.000000e+000
    outer loop
      vertex -5.186987e+001 -1.990576e+001  4.151443e+001
      vertex -5.185353e+001 -1.940576e+001  4.151443e+001
      vertex -5.186987e+001 -1.940576e+001  4.151443e+001
    endloop
  endfacet
  facet normal  -0.000000e+000 -1.000000e+000  0.000000e+000
    outer loop
      vertex -5.186987e+001 -1.990576e+001  4.149747e+001
      vertex -5.185353e+001 -1.990576e+001  4.151443e+001
      vertex -5.186987e+001 -1.990576e+001  4.151443e+001
    endloop
  endfacet
  facet normal  0.000000e+000  1.000000e+000  0.000000e+000
    outer loop
      vertex -5.186987e+001 -7.305759e+000  4.151443e+001
      vertex -5.185353e+001 -7.305759e+000  4.151443e+001
      vertex -5.186987e+001 -7.305759e+000  4.149747e+001
    endloop
  endfacet
  facet normal  0.000000e+000  0.000000e+000  1.000000e+000
    outer loop
      vertex -5.185353e+001 -7.805759e+000  4.151443e+001
      vertex -5.185353e+001 -7.305759e+000  4.151443e+001
      vertex -5.186987e+001 -7.805759e+000  4.151443e+001
    endloop
  endfacet
  facet normal  0.000000e+000  0.000000e+000  1.000000e+000
    outer loop
      vertex -5.186987e+001 -7.805759e+000  4.151443e+001
      vertex -5.185353e+001 -7.305759e+000  4.151443e+001
      vertex -5.186987e+001 -7.305759e+000  4.151443e+001
    endloop
  endfacet
  facet normal -9.582406e-001  0.000000e+000  2.859634e-001
    outer loop
      vertex -6.238129e+001 -1.770576e+001  4.740202e+001
      vertex -6.218709e+001 -1.940576e+001  4.805277e+001
      vertex -6.218709e+001 -1.770576e+001  4.805277e+001
    endloop
  endfacet
  facet normal -9.197590e-001  0.000000e+000  3.924836e-001
    outer loop
      vertex -6.218709e+001 -1.770576e+001  4.805277e+001
      vertex -6.218709e+001 -1.940576e+001  4.805277e+001
      vertex -6.192056e+001 -1.940576e+001  4.867738e+001
    endloop
  endfacet
  facet normal -9.197590e-001  0.000000e+000  3.924836e-001
    outer loop
      vertex -6.218709e+001 -1.770576e+001  4.805277e+001
      vertex -6.192056e+001 -1.940576e+001  4.867738e+001
      vertex -6.192056e+001 -1.770576e+001  4.867738e+001
    endloop
  endfacet
  facet normal -8.694935e-001  0.000000e+000  4.939445e-001
    outer loop
      vertex -6.192056e+001 -1.770576e+001  4.867738e+001
      vertex -6.192056e+001 -1.940576e+001  4.867738e+001
      vertex -6.158512e+001 -1.940576e+001  4.926786e+001
    endloop
  endfacet
  facet normal -8.694935e-001  0.000000e+000  4.939445e-001
    outer loop
      vertex -6.192056e+001 -1.770576e+001  4.867738e+001
      vertex -6.158512e+001 -1.940576e+001  4.926786e+001
      vertex -6.158512e+001 -1.770576e+001  4.926786e+001
    endloop
  endfacet
  facet normal -8.081121e-001  0.000000e+000  5.890287e-001
    outer loop
      vertex -6.158512e+001 -1.770576e+001  4.926786e+001
      vertex -6.158512e+001 -1.940576e+001  4.926786e+001
      vertex -6.118510e+001 -1.940576e+001  4.981665e+001
    endloop
  endfacet
  facet normal -8.081121e-001  0.000000e+000  5.890287e-001
    outer loop
      vertex -6.158512e+001 -1.770576e+001  4.926786e+001
      vertex -6.118510e+001 -1.940576e+001  4.981665e+001
      vertex -6.118510e+001 -1.770576e+001  4.981665e+001
    endloop
  endfacet
  facet normal -7.364174e-001  0.000000e+000  6.765275e-001
    outer loop
      vertex -6.118510e+001 -1.770576e+001  4.981665e+001
      vertex -6.118510e+001 -1.940576e+001  4.981665e+001
      vertex -6.072566e+001 -1.940576e+001  5.031676e+001
    endloop
  endfacet
  facet normal -7.364174e-001  0.000000e+000  6.765275e-001
    outer loop
      vertex -6.118510e+001 -1.770576e+001  4.981665e+001
      vertex -6.072566e+001 -1.940576e+001  5.031676e+001
      vertex -6.072566e+001 -1.770576e+001  5.031676e+001
    endloop
  endfacet
  facet normal -6.553178e-001  0.000000e+000  7.553534e-001
    outer loop
      vertex -6.072566e+001 -1.770576e+001  5.031676e+001
      vertex -6.072566e+001 -1.940576e+001  5.031676e+001
      vertex -6.021269e+001 -1.940576e+001  5.076180e+001
    endloop
  endfacet
  facet normal -6.553178e-001  0.000000e+000  7.553534e-001
    outer loop
      vertex -6.072566e+001 -1.770576e+001  5.031676e+001
      vertex -6.021269e+001 -1.940576e+001  5.076180e+001
      vertex -6.021269e+001 -1.770576e+001  5.076180e+001
    endloop
  endfacet
  facet normal -5.658177e-001  0.000000e+000  8.245304e-001
    outer loop
      vertex -6.021269e+001 -1.770576e+001  5.076180e+001
      vertex -6.021269e+001 -1.940576e+001  5.076180e+001
      vertex -5.965274e+001 -1.940576e+001  5.114605e+001
    endloop
  endfacet
  facet normal -5.658177e-001  0.000000e+000  8.245304e-001
    outer loop
      vertex -6.021269e+001 -1.770576e+001  5.076180e+001
      vertex -5.965274e+001 -1.940576e+001  5.114605e+001
      vertex -5.965274e+001 -1.770576e+001  5.114605e+001
    endloop
  endfacet
  facet normal -4.690292e-001  0.000000e+000  8.831827e-001
    outer loop
      vertex -5.965274e+001 -1.770576e+001  5.114605e+001
      vertex -5.965274e+001 -1.940576e+001  5.114605e+001
      vertex -5.905298e+001 -1.940576e+001  5.146457e+001
    endloop
  endfacet
  facet normal -4.690292e-001  0.000000e+000  8.831827e-001
    outer loop
      vertex -5.965274e+001 -1.770576e+001  5.114605e+001
      vertex -5.905298e+001 -1.940576e+001  5.146457e+001
      vertex -5.905298e+001 -1.770576e+001  5.146457e+001
    endloop
  endfacet
  facet normal -3.661763e-001  0.000000e+000  9.305455e-001
    outer loop
      vertex -5.905298e+001 -1.770576e+001  5.146457e+001
      vertex -5.905298e+001 -1.940576e+001  5.146457e+001
      vertex -5.842104e+001 -1.940576e+001  5.171324e+001
    endloop
  endfacet
  facet normal -3.661763e-001  0.000000e+000  9.305455e-001
    outer loop
      vertex -5.905298e+001 -1.770576e+001  5.146457e+001
      vertex -5.842104e+001 -1.940576e+001  5.171324e+001
      vertex -5.842104e+001 -1.770576e+001  5.171324e+001
    endloop
  endfacet
  facet normal -2.585083e-001  0.000000e+000  9.660091e-001
    outer loop
      vertex -5.842104e+001 -1.770576e+001  5.171324e+001
      vertex -5.842104e+001 -1.940576e+001  5.171324e+001
      vertex -5.776501e+001 -1.940576e+001  5.188880e+001
    endloop
  endfacet
  facet normal -2.586082e-001 -4.133809e-005  9.659822e-001
    outer loop
      vertex -5.842104e+001 -1.770576e+001  5.171324e+001
      vertex -5.776501e+001 -1.940576e+001  5.188880e+001
      vertex -5.776503e+001 -1.770576e+001  5.188887e+001
    endloop
  endfacet
  facet normal -9.582406e-001  0.000000e+000  2.859634e-001
    outer loop
      vertex -6.218709e+001 -1.940576e+001  4.805277e+001
      vertex -6.238129e+001 -1.770576e+001  4.740202e+001
      vertex -6.238129e+001 -1.940576e+001  4.740202e+001
    endloop
  endfacet
  facet normal -9.844078e-001  0.000000e+000  1.759010e-001
    outer loop
      vertex -6.238129e+001 -1.940576e+001  4.740202e+001
      vertex -6.238129e+001 -1.770576e+001  4.740202e+001
      vertex -6.250058e+001 -1.770576e+001  4.673447e+001
    endloop
  endfacet
  facet normal -9.844078e-001  0.000000e+000  1.759010e-001
    outer loop
      vertex -6.238129e+001 -1.940576e+001  4.740202e+001
      vertex -6.250058e+001 -1.770576e+001  4.673447e+001
      vertex -6.250058e+001 -1.940576e+001  4.673447e+001
    endloop
  endfacet
  facet normal -9.979736e-001  0.000000e+000  6.363030e-002
    outer loop
      vertex -6.250058e+001 -1.940576e+001  4.673447e+001
      vertex -6.250058e+001 -1.770576e+001  4.673447e+001
      vertex -6.254372e+001 -1.770576e+001  4.605774e+001
    endloop
  endfacet
  facet normal -9.979736e-001  0.000000e+000  6.363030e-002
    outer loop
      vertex -6.250058e+001 -1.940576e+001  4.673447e+001
      vertex -6.254372e+001 -1.770576e+001  4.605774e+001
      vertex -6.254372e+001 -1.940576e+001  4.605774e+001
    endloop
  endfacet
  facet normal -9.987774e-001  0.000000e+000 -4.943173e-002
    outer loop
      vertex -6.254372e+001 -1.940576e+001  4.605774e+001
      vertex -6.254372e+001 -1.770576e+001  4.605774e+001
      vertex -6.251020e+001 -1.770576e+001  4.538047e+001
    endloop
  endfacet
  facet normal -9.987774e-001  -0.000000e+000 -4.943173e-002
    outer loop
      vertex -6.254372e+001 -1.940576e+001  4.605774e+001
      vertex -6.251020e+001 -1.770576e+001  4.538047e+001
      vertex -6.251020e+001 -1.940576e+001  4.538047e+001
    endloop
  endfacet
  facet normal -9.868228e-001  0.000000e+000 -1.618049e-001
    outer loop
      vertex -6.251020e+001 -1.940576e+001  4.538047e+001
      vertex -6.251020e+001 -1.770576e+001  4.538047e+001
      vertex -6.240048e+001 -1.770576e+001  4.471129e+001
    endloop
  endfacet
  facet normal -9.868228e-001  -0.000000e+000 -1.618049e-001
    outer loop
      vertex -6.251020e+001 -1.940576e+001  4.538047e+001
      vertex -6.240048e+001 -1.770576e+001  4.471129e+001
      vertex -6.240048e+001 -1.940576e+001  4.471129e+001
    endloop
  endfacet
  facet normal -9.622796e-001  0.000000e+000 -2.720624e-001
    outer loop
      vertex -6.240048e+001 -1.940576e+001  4.471129e+001
      vertex -6.240048e+001 -1.770576e+001  4.471129e+001
      vertex -6.221599e+001 -1.770576e+001  4.405875e+001
    endloop
  endfacet
  facet normal -9.622796e-001  -0.000000e+000 -2.720624e-001
    outer loop
      vertex -6.240048e+001 -1.940576e+001  4.471129e+001
      vertex -6.221599e+001 -1.770576e+001  4.405875e+001
      vertex -6.221599e+001 -1.940576e+001  4.405875e+001
    endloop
  endfacet
  facet normal -9.254681e-001  0.000000e+000 -3.788256e-001
    outer loop
      vertex -6.221599e+001 -1.940576e+001  4.405875e+001
      vertex -6.221599e+001 -1.770576e+001  4.405875e+001
      vertex -6.195910e+001 -1.770576e+001  4.343117e+001
    endloop
  endfacet
  facet normal -9.254681e-001  -0.000000e+000 -3.788256e-001
    outer loop
      vertex -6.221599e+001 -1.940576e+001  4.405875e+001
      vertex -6.195910e+001 -1.770576e+001  4.343117e+001
      vertex -6.195910e+001 -1.940576e+001  4.343117e+001
    endloop
  endfacet
  facet normal -8.768448e-001  0.000000e+000 -4.807736e-001
    outer loop
      vertex -6.195910e+001 -1.940576e+001  4.343117e+001
      vertex -6.195910e+001 -1.770576e+001  4.343117e+001
      vertex -6.163308e+001 -1.770576e+001  4.283657e+001
    endloop
  endfacet
  facet normal -8.768448e-001  -0.000000e+000 -4.807736e-001
    outer loop
      vertex -6.195910e+001 -1.940576e+001  4.343117e+001
      vertex -6.163308e+001 -1.770576e+001  4.283657e+001
      vertex -6.163308e+001 -1.940576e+001  4.283657e+001
    endloop
  endfacet
  facet normal -8.170004e-001  0.000000e+000 -5.766370e-001
    outer loop
      vertex -6.163308e+001 -1.940576e+001  4.283657e+001
      vertex -6.163308e+001 -1.770576e+001  4.283657e+001
      vertex -6.124207e+001 -1.770576e+001  4.228256e+001
    endloop
  endfacet
  facet normal -8.170004e-001  -0.000000e+000 -5.766370e-001
    outer loop
      vertex -6.163308e+001 -1.940576e+001  4.283657e+001
      vertex -6.124207e+001 -1.770576e+001  4.228256e+001
      vertex -6.124207e+001 -1.940576e+001  4.228256e+001
    endloop
  endfacet
  facet normal -7.466854e-001  0.000000e+000 -6.651773e-001
    outer loop
      vertex -6.124207e+001 -1.940576e+001  4.228256e+001
      vertex -6.124207e+001 -1.770576e+001  4.228256e+001
      vertex -6.079100e+001 -1.770576e+001  4.177623e+001
    endloop
  endfacet
  facet normal -7.466854e-001  -0.000000e+000 -6.651773e-001
    outer loop
      vertex -6.124207e+001 -1.940576e+001  4.228256e+001
      vertex -6.079100e+001 -1.770576e+001  4.177623e+001
      vertex -6.079100e+001 -1.940576e+001  4.177623e+001
    endloop
  endfacet
  facet normal -6.668097e-001  0.000000e+000 -7.452281e-001
    outer loop
      vertex -6.079100e+001 -1.940576e+001  4.177623e+001
      vertex -6.079100e+001 -1.770576e+001  4.177623e+001
      vertex -6.028565e+001 -1.770576e+001  4.132405e+001
    endloop
  endfacet
  facet normal -6.668097e-001  -0.000000e+000 -7.452281e-001
    outer loop
      vertex -6.079100e+001 -1.940576e+001  4.177623e+001
      vertex -6.028565e+001 -1.770576e+001  4.132405e+001
      vertex -6.028565e+001 -1.940576e+001  4.132405e+001
    endloop
  endfacet
  facet normal -9.984945e-001  2.885000e-004 -5.485046e-002
    outer loop
      vertex -5.004396e+001 -1.940576e+001  4.602621e+001
      vertex -5.004395e+001 -2.160576e+001  4.601443e+001
      vertex -5.008306e+001 -2.160576e+001  4.672643e+001
    endloop
  endfacet
  facet normal -9.985992e-001 -2.884990e-004  5.291007e-002
    outer loop
      vertex -5.004395e+001 -2.160576e+001  4.601443e+001
      vertex -5.004396e+001 -1.940576e+001  4.602621e+001
      vertex -5.008160e+001 -1.940576e+001  4.531582e+001
    endloop
  endfacet
  facet normal -9.984945e-001  3.294651e-004  5.485046e-002
    outer loop
      vertex -5.008160e+001 -1.940576e+001  4.531582e+001
      vertex -5.008306e+001 -2.160576e+001  4.530244e+001
      vertex -5.004395e+001 -2.160576e+001  4.601443e+001
    endloop
  endfacet
  facet normal -9.868354e-001 -3.283773e-004  1.617271e-001
    outer loop
      vertex -5.008306e+001 -2.160576e+001  4.530244e+001
      vertex -5.008160e+001 -1.940576e+001  4.531582e+001
      vertex -5.019665e+001 -1.940576e+001  4.461380e+001
    endloop
  endfacet
  facet normal -9.864781e-001  3.678377e-004  1.638923e-001
    outer loop
      vertex -5.019665e+001 -1.940576e+001  4.461380e+001
      vertex -5.019993e+001 -2.160576e+001  4.459901e+001
      vertex -5.008306e+001 -2.160576e+001  4.530244e+001
    endloop
  endfacet
  facet normal -9.632537e-001 -3.704266e-004  2.685929e-001
    outer loop
      vertex -5.019993e+001 -2.160576e+001  4.459901e+001
      vertex -5.019665e+001 -1.940576e+001  4.461380e+001
      vertex -5.038773e+001 -1.940576e+001  4.392855e+001
    endloop
  endfacet
  facet normal -9.625883e-001  4.101620e-004  2.709678e-001
    outer loop
      vertex -5.038773e+001 -1.940576e+001  4.392855e+001
      vertex -5.039315e+001 -2.160576e+001  4.391262e+001
      vertex -5.019993e+001 -2.160576e+001  4.459901e+001
    endloop
  endfacet
  facet normal -9.281309e-001 -4.079763e-004  3.722540e-001
    outer loop
      vertex -5.039315e+001 -2.160576e+001  4.391262e+001
      vertex -5.038773e+001 -1.940576e+001  4.392855e+001
      vertex -5.065254e+001 -1.940576e+001  4.326829e+001
    endloop
  endfacet
  facet normal -9.271168e-001  4.491425e-004  3.747723e-001
    outer loop
      vertex -5.065254e+001 -1.940576e+001  4.326829e+001
      vertex -5.066039e+001 -2.160576e+001  4.325152e+001
      vertex -5.039315e+001 -2.160576e+001  4.391262e+001
    endloop
  endfacet
  facet normal -8.818927e-001 -4.488358e-004  4.714499e-001
    outer loop
      vertex -5.066039e+001 -2.160576e+001  4.325152e+001
      vertex -5.065254e+001 -1.940576e+001  4.326829e+001
      vertex -5.098793e+001 -1.940576e+001  4.264092e+001
    endloop
  endfacet
  facet normal -8.804861e-001  4.882479e-004  4.740717e-001
    outer loop
      vertex -5.098793e+001 -1.940576e+001  4.264092e+001
      vertex -5.099843e+001 -2.160576e+001  4.262367e+001
      vertex -5.066039e+001 -2.160576e+001  4.325152e+001
    endloop
  endfacet
  facet normal -8.250917e-001 -4.890732e-004  5.649987e-001
    outer loop
      vertex -5.099843e+001 -2.160576e+001  4.262367e+001
      vertex -5.098793e+001 -1.940576e+001  4.264092e+001
      vertex -5.138986e+001 -1.940576e+001  4.205396e+001
    endloop
  endfacet
  facet normal -8.232560e-001  5.292952e-004  5.676700e-001
    outer loop
      vertex -5.138986e+001 -1.940576e+001  4.205396e+001
      vertex -5.140322e+001 -2.160576e+001  4.203663e+001
      vertex -5.099843e+001 -2.160576e+001  4.262367e+001
    endloop
  endfacet
  facet normal -9.984009e-001 -2.476148e-004 -5.652965e-002
    outer loop
      vertex -5.004396e+001 -1.940576e+001  4.602621e+001
      vertex -5.008306e+001 -2.160576e+001  4.672643e+001
      vertex -5.008418e+001 -1.940576e+001  4.673647e+001
    endloop
  endfacet
  facet normal -9.864781e-001  2.482140e-004 -1.638923e-001
    outer loop
      vertex -5.008418e+001 -1.940576e+001  4.673647e+001
      vertex -5.008306e+001 -2.160576e+001  4.672643e+001
      vertex -5.019993e+001 -2.160576e+001  4.742986e+001
    endloop
  endfacet
  facet normal -9.862435e-001 -2.074608e-004 -1.652989e-001
    outer loop
      vertex -5.008418e+001 -1.940576e+001  4.673647e+001
      vertex -5.019993e+001 -2.160576e+001  4.742986e+001
      vertex -5.020177e+001 -1.940576e+001  4.743807e+001
    endloop
  endfacet
  facet normal -9.625884e-001  2.066098e-004 -2.709679e-001
    outer loop
      vertex -5.020177e+001 -1.940576e+001  4.743807e+001
      vertex -5.019993e+001 -2.160576e+001  4.742986e+001
      vertex -5.039315e+001 -2.160576e+001  4.811625e+001
    endloop
  endfacet
  facet normal -9.622735e-001 -1.648605e-004 -2.720841e-001
    outer loop
      vertex -5.020177e+001 -1.940576e+001  4.743807e+001
      vertex -5.039315e+001 -2.160576e+001  4.811625e+001
      vertex -5.039532e+001 -1.940576e+001  4.812262e+001
    endloop
  endfacet
  facet normal -9.271169e-001  1.673025e-004 -3.747723e-001
    outer loop
      vertex -5.039532e+001 -1.940576e+001  4.812262e+001
      vertex -5.039315e+001 -2.160576e+001  4.811625e+001
      vertex -5.066039e+001 -2.160576e+001  4.877735e+001
    endloop
  endfacet
  facet normal -9.267759e-001 -1.244777e-004 -3.756147e-001
    outer loop
      vertex -5.039532e+001 -1.940576e+001  4.812262e+001
      vertex -5.066039e+001 -2.160576e+001  4.877735e+001
      vertex -5.066253e+001 -1.940576e+001  4.878192e+001
    endloop
  endfacet
  facet normal -8.804862e-001  1.252334e-004 -4.740717e-001
    outer loop
      vertex -5.066253e+001 -1.940576e+001  4.878192e+001
      vertex -5.066039e+001 -2.160576e+001  4.877735e+001
      vertex -5.099843e+001 -2.160576e+001  4.940520e+001
    endloop
  endfacet
  facet normal -8.801768e-001 -8.466517e-005 -4.746459e-001
    outer loop
      vertex -5.066253e+001 -1.940576e+001  4.878192e+001
      vertex -5.099843e+001 -2.160576e+001  4.940520e+001
      vertex -5.100019e+001 -1.940576e+001  4.940807e+001
    endloop
  endfacet
  facet normal -8.232561e-001  8.213185e-005 -5.676700e-001
    outer loop
      vertex -5.100019e+001 -1.940576e+001  4.940807e+001
      vertex -5.099843e+001 -2.160576e+001  4.940520e+001
      vertex -5.140322e+001 -2.160576e+001  4.999224e+001
    endloop
  endfacet
  facet normal -8.230383e-001 -4.160332e-005 -5.679858e-001
    outer loop
      vertex -5.100019e+001 -1.940576e+001  4.940807e+001
      vertex -5.140322e+001 -2.160576e+001  4.999224e+001
      vertex -5.140425e+001 -1.940576e+001  4.999357e+001
    endloop
  endfacet
  facet normal -7.561226e-001  4.203618e-005 -6.544300e-001
    outer loop
      vertex -5.140425e+001 -1.940576e+001  4.999357e+001
      vertex -5.140322e+001 -2.160576e+001  4.999224e+001
      vertex -5.186987e+001 -2.160576e+001  5.053140e+001
    endloop
  endfacet
  facet normal -7.560375e-001  0.000000e+000 -6.545283e-001
    outer loop
      vertex -5.140425e+001 -1.940576e+001  4.999357e+001
      vertex -5.186987e+001 -2.160576e+001  5.053140e+001
      vertex -5.186987e+001 -1.940576e+001  5.053140e+001
    endloop
  endfacet
  facet normal -7.584040e-001  0.000000e+000  6.517849e-001
    outer loop
      vertex -5.185353e+001 -1.940576e+001  4.151443e+001
      vertex -5.185353e+001 -1.990576e+001  4.151443e+001
      vertex -5.138986e+001 -1.940576e+001  4.205396e+001
    endloop
  endfacet
  facet normal -7.581607e-001 -5.305201e-004  6.520675e-001
    outer loop
      vertex -5.138986e+001 -1.940576e+001  4.205396e+001
      vertex -5.185353e+001 -1.990576e+001  4.151443e+001
      vertex -5.140322e+001 -2.160576e+001  4.203663e+001
    endloop
  endfacet
  facet normal -7.201629e-001  2.224588e-002  6.934483e-001
    outer loop
      vertex -5.185353e+001 -1.990576e+001  4.151443e+001
      vertex -5.186987e+001 -1.990576e+001  4.149747e+001
      vertex -5.140322e+001 -2.160576e+001  4.203663e+001
    endloop
  endfacet
  facet normal -7.561226e-001  0.000000e+000  6.544300e-001
    outer loop
      vertex -5.140322e+001 -2.160576e+001  4.203663e+001
      vertex -5.186987e+001 -1.990576e+001  4.149747e+001
      vertex -5.186987e+001 -2.160576e+001  4.149747e+001
    endloop
  endfacet
  facet normal -6.668287e-001  0.000000e+000 -7.452110e-001
    outer loop
      vertex -6.028565e+001 -7.805759e+000  4.132405e+001
      vertex -6.028565e+001 -9.505759e+000  4.132405e+001
      vertex -6.079137e+001 -7.805759e+000  4.177658e+001
    endloop
  endfacet
  facet normal -6.668287e-001  -0.000000e+000 -7.452110e-001
    outer loop
      vertex -6.079137e+001 -7.805759e+000  4.177658e+001
      vertex -6.028565e+001 -9.505759e+000  4.132405e+001
      vertex -6.079137e+001 -9.505759e+000  4.177658e+001
    endloop
  endfacet
  facet normal -7.467145e-001  0.000000e+000 -6.651447e-001
    outer loop
      vertex -6.079137e+001 -7.805759e+000  4.177658e+001
      vertex -6.079137e+001 -9.505759e+000  4.177658e+001
      vertex -6.124275e+001 -7.805759e+000  4.228332e+001
    endloop
  endfacet
  facet normal -7.467145e-001  -0.000000e+000 -6.651447e-001
    outer loop
      vertex -6.124275e+001 -7.805759e+000  4.228332e+001
      vertex -6.079137e+001 -9.505759e+000  4.177658e+001
      vertex -6.124275e+001 -9.505759e+000  4.228332e+001
    endloop
  endfacet
  facet normal -8.170447e-001  0.000000e+000 -5.765744e-001
    outer loop
      vertex -6.124275e+001 -7.805759e+000  4.228332e+001
      vertex -6.124275e+001 -9.505759e+000  4.228332e+001
      vertex -6.163403e+001 -7.805759e+000  4.283778e+001
    endloop
  endfacet
  facet normal -8.170447e-001  -0.000000e+000 -5.765744e-001
    outer loop
      vertex -6.163403e+001 -7.805759e+000  4.283778e+001
      vertex -6.124275e+001 -9.505759e+000  4.228332e+001
      vertex -6.163403e+001 -9.505759e+000  4.283778e+001
    endloop
  endfacet
  facet normal -8.769323e-001  0.000000e+000 -4.806140e-001
    outer loop
      vertex -6.163403e+001 -7.805759e+000  4.283778e+001
      vertex -6.163403e+001 -9.505759e+000  4.283778e+001
      vertex -6.196019e+001 -7.805759e+000  4.343289e+001
    endloop
  endfacet
  facet normal -8.769323e-001  -0.000000e+000 -4.806140e-001
    outer loop
      vertex -6.196019e+001 -7.805759e+000  4.343289e+001
      vertex -6.163403e+001 -9.505759e+000  4.283778e+001
      vertex -6.196019e+001 -9.505759e+000  4.343289e+001
    endloop
  endfacet
  facet normal -9.255921e-001  0.000000e+000 -3.785225e-001
    outer loop
      vertex -6.196019e+001 -7.805759e+000  4.343289e+001
      vertex -6.196019e+001 -9.505759e+000  4.343289e+001
      vertex -6.221706e+001 -7.805759e+000  4.406102e+001
    endloop
  endfacet
  facet normal -9.255921e-001  -0.000000e+000 -3.785225e-001
    outer loop
      vertex -6.221706e+001 -7.805759e+000  4.406102e+001
      vertex -6.196019e+001 -9.505759e+000  4.343289e+001
      vertex -6.221706e+001 -9.505759e+000  4.406102e+001
    endloop
  endfacet
  facet normal -9.624178e-001  0.000000e+000 -2.715732e-001
    outer loop
      vertex -6.221706e+001 -7.805759e+000  4.406102e+001
      vertex -6.221706e+001 -9.505759e+000  4.406102e+001
      vertex -6.240136e+001 -7.805759e+000  4.471414e+001
    endloop
  endfacet
  facet normal -9.624178e-001  -0.000000e+000 -2.715732e-001
    outer loop
      vertex -6.240136e+001 -7.805759e+000  4.471414e+001
      vertex -6.221706e+001 -9.505759e+000  4.406102e+001
      vertex -6.240136e+001 -9.505759e+000  4.471414e+001
    endloop
  endfacet
  facet normal -9.869274e-001  0.000000e+000 -1.611658e-001
    outer loop
      vertex -6.240136e+001 -7.805759e+000  4.471414e+001
      vertex -6.240136e+001 -9.505759e+000  4.471414e+001
      vertex -6.251073e+001 -7.805759e+000  4.538389e+001
    endloop
  endfacet
  facet normal -9.869274e-001  -0.000000e+000 -1.611658e-001
    outer loop
      vertex -6.251073e+001 -7.805759e+000  4.538389e+001
      vertex -6.240136e+001 -9.505759e+000  4.471414e+001
      vertex -6.251073e+001 -9.505759e+000  4.538389e+001
    endloop
  endfacet
  facet normal -9.988145e-001  0.000000e+000 -4.867988e-002
    outer loop
      vertex -6.251073e+001 -7.805759e+000  4.538389e+001
      vertex -6.251073e+001 -9.505759e+000  4.538389e+001
      vertex -6.254376e+001 -7.805759e+000  4.606171e+001
    endloop
  endfacet
  facet normal -9.988145e-001  -0.000000e+000 -4.867988e-002
    outer loop
      vertex -6.254376e+001 -7.805759e+000  4.606171e+001
      vertex -6.251073e+001 -9.505759e+000  4.538389e+001
      vertex -6.254376e+001 -9.505759e+000  4.606171e+001
    endloop
  endfacet
  facet normal -9.979233e-001  0.000000e+000  6.441351e-002
    outer loop
      vertex -6.254376e+001 -7.805759e+000  4.606171e+001
      vertex -6.254376e+001 -9.505759e+000  4.606171e+001
      vertex -6.250005e+001 -7.805759e+000  4.673893e+001
    endloop
  endfacet
  facet normal -9.979233e-001  0.000000e+000  6.441351e-002
    outer loop
      vertex -6.250005e+001 -7.805759e+000  4.673893e+001
      vertex -6.254376e+001 -9.505759e+000  4.606171e+001
      vertex -6.250005e+001 -9.505759e+000  4.673893e+001
    endloop
  endfacet
  facet normal -9.842651e-001  0.000000e+000  1.766976e-001
    outer loop
      vertex -6.250005e+001 -7.805759e+000  4.673893e+001
      vertex -6.250005e+001 -9.505759e+000  4.673893e+001
      vertex -6.238014e+001 -7.805759e+000  4.740687e+001
    endloop
  endfacet
  facet normal -9.842651e-001  0.000000e+000  1.766976e-001
    outer loop
      vertex -6.238014e+001 -7.805759e+000  4.740687e+001
      vertex -6.250005e+001 -9.505759e+000  4.673893e+001
      vertex -6.238014e+001 -9.505759e+000  4.740687e+001
    endloop
  endfacet
  facet normal -9.580174e-001  0.000000e+000  2.867099e-001
    outer loop
      vertex -6.238014e+001 -7.805759e+000  4.740687e+001
      vertex -6.238014e+001 -9.505759e+000  4.740687e+001
      vertex -6.218557e+001 -7.805759e+000  4.805701e+001
    endloop
  endfacet
  facet normal -9.580174e-001  0.000000e+000  2.867099e-001
    outer loop
      vertex -6.218557e+001 -7.805759e+000  4.805701e+001
      vertex -6.238014e+001 -9.505759e+000  4.740687e+001
      vertex -6.218557e+001 -9.505759e+000  4.805701e+001
    endloop
  endfacet
  facet normal -9.195156e-001  0.000000e+000  3.930534e-001
    outer loop
      vertex -6.218557e+001 -7.805759e+000  4.805701e+001
      vertex -6.218557e+001 -9.505759e+000  4.805701e+001
      vertex -6.191883e+001 -7.805759e+000  4.868101e+001
    endloop
  endfacet
  facet normal -9.195156e-001  0.000000e+000  3.930534e-001
    outer loop
      vertex -6.191883e+001 -7.805759e+000  4.868101e+001
      vertex -6.218557e+001 -9.505759e+000  4.805701e+001
      vertex -6.191883e+001 -9.505759e+000  4.868101e+001
    endloop
  endfacet
  facet normal -8.692449e-001  0.000000e+000  4.943818e-001
    outer loop
      vertex -6.191883e+001 -7.805759e+000  4.868101e+001
      vertex -6.191883e+001 -9.505759e+000  4.868101e+001
      vertex -6.158334e+001 -7.805759e+000  4.927090e+001
    endloop
  endfacet
  facet normal -8.692449e-001  0.000000e+000  4.943818e-001
    outer loop
      vertex -6.158334e+001 -7.805759e+000  4.927090e+001
      vertex -6.191883e+001 -9.505759e+000  4.868101e+001
      vertex -6.158334e+001 -9.505759e+000  4.927090e+001
    endloop
  endfacet
  facet normal -8.078601e-001  0.000000e+000  5.893742e-001
    outer loop
      vertex -6.158334e+001 -7.805759e+000  4.927090e+001
      vertex -6.158334e+001 -9.505759e+000  4.927090e+001
      vertex -6.118337e+001 -7.805759e+000  4.981913e+001
    endloop
  endfacet
  facet normal -8.078601e-001  0.000000e+000  5.893742e-001
    outer loop
      vertex -6.118337e+001 -7.805759e+000  4.981913e+001
      vertex -6.158334e+001 -9.505759e+000  4.927090e+001
      vertex -6.118337e+001 -9.505759e+000  4.981913e+001
    endloop
  endfacet
  facet normal -7.361395e-001  0.000000e+000  6.768299e-001
    outer loop
      vertex -6.118337e+001 -7.805759e+000  4.981913e+001
      vertex -6.118337e+001 -9.505759e+000  4.981913e+001
      vertex -6.072406e+001 -7.805759e+000  5.031870e+001
    endloop
  endfacet
  facet normal -7.361395e-001  0.000000e+000  6.768299e-001
    outer loop
      vertex -6.072406e+001 -7.805759e+000  5.031870e+001
      vertex -6.118337e+001 -9.505759e+000  4.981913e+001
      vertex -6.072406e+001 -9.505759e+000  5.031870e+001
    endloop
  endfacet
  facet normal -6.550018e-001  0.000000e+000  7.556273e-001
    outer loop
      vertex -6.072406e+001 -7.805759e+000  5.031870e+001
      vertex -6.072406e+001 -9.505759e+000  5.031870e+001
      vertex -6.021127e+001 -7.805759e+000  5.076320e+001
    endloop
  endfacet
  facet normal -6.550018e-001  0.000000e+000  7.556273e-001
    outer loop
      vertex -6.021127e+001 -7.805759e+000  5.076320e+001
      vertex -6.072406e+001 -9.505759e+000  5.031870e+001
      vertex -6.021127e+001 -9.505759e+000  5.076320e+001
    endloop
  endfacet
  facet normal -5.654849e-001  0.000000e+000  8.247586e-001
    outer loop
      vertex -6.021127e+001 -7.805759e+000  5.076320e+001
      vertex -6.021127e+001 -9.505759e+000  5.076320e+001
      vertex -5.965157e+001 -7.805759e+000  5.114695e+001
    endloop
  endfacet
  facet normal -5.654849e-001  0.000000e+000  8.247586e-001
    outer loop
      vertex -5.965157e+001 -7.805759e+000  5.114695e+001
      vertex -6.021127e+001 -9.505759e+000  5.076320e+001
      vertex -5.965157e+001 -9.505759e+000  5.114695e+001
    endloop
  endfacet
  facet normal -4.687310e-001  0.000000e+000  8.833409e-001
    outer loop
      vertex -5.965157e+001 -7.805759e+000  5.114695e+001
      vertex -5.965157e+001 -9.505759e+000  5.114695e+001
      vertex -5.905212e+001 -7.805759e+000  5.146504e+001
    endloop
  endfacet
  facet normal -4.687310e-001  0.000000e+000  8.833409e-001
    outer loop
      vertex -5.905212e+001 -7.805759e+000  5.146504e+001
      vertex -5.965157e+001 -9.505759e+000  5.114695e+001
      vertex -5.905212e+001 -9.505759e+000  5.146504e+001
    endloop
  endfacet
  facet normal -3.659860e-001  0.000000e+000  9.306203e-001
    outer loop
      vertex -5.905212e+001 -7.805759e+000  5.146504e+001
      vertex -5.905212e+001 -9.505759e+000  5.146504e+001
      vertex -5.842057e+001 -7.805759e+000  5.171341e+001
    endloop
  endfacet
  facet normal -3.659860e-001  0.000000e+000  9.306203e-001
    outer loop
      vertex -5.842057e+001 -7.805759e+000  5.171341e+001
      vertex -5.905212e+001 -9.505759e+000  5.146504e+001
      vertex -5.842057e+001 -9.505759e+000  5.171341e+001
    endloop
  endfacet
  facet normal -2.585540e-001  0.000000e+000  9.659968e-001
    outer loop
      vertex -5.842057e+001 -7.805759e+000  5.171341e+001
      vertex -5.842057e+001 -9.505759e+000  5.171341e+001
      vertex -5.776503e+001 -7.805759e+000  5.188887e+001
    endloop
  endfacet
  facet normal -2.585540e-001  0.000000e+000  9.659968e-001
    outer loop
      vertex -5.776503e+001 -7.805759e+000  5.188887e+001
      vertex -5.842057e+001 -9.505759e+000  5.171341e+001
      vertex -5.776503e+001 -9.505759e+000  5.188887e+001
    endloop
  endfacet
  facet normal  0.000000e+000 -1.000000e+000  0.000000e+000
    outer loop
      vertex -3.485296e+001 -2.160576e+001  4.975537e+001
      vertex -3.867706e+001 -2.160576e+001  5.018614e+001
      vertex -3.811708e+001 -2.160576e+001  5.002925e+001
    endloop
  endfacet
  facet normal  0.000000e+000 -1.000000e+000  0.000000e+000
    outer loop
      vertex -3.708681e+001 -2.160576e+001  4.949540e+001
      vertex -3.663571e+001 -2.160576e+001  4.912840e+001
      vertex -3.446360e+001 -2.160576e+001  4.920663e+001
    endloop
  endfacet
  facet normal  0.000000e+000 -1.000000e+000  0.000000e+000
    outer loop
      vertex -3.867706e+001 -2.160576e+001  4.184273e+001
      vertex -3.925318e+001 -2.160576e+001  4.176354e+001
      vertex -3.530131e+001 -2.160576e+001  4.177179e+001
    endloop
  endfacet
  facet normal  0.000000e+000 -1.000000e+000  0.000000e+000
    outer loop
      vertex -3.580301e+001 -2.160576e+001  4.132344e+001
      vertex -3.530131e+001 -2.160576e+001  4.177179e+001
      vertex -3.925318e+001 -2.160576e+001  4.176354e+001
    endloop
  endfacet
  facet normal  0.000000e+000 -1.000000e+000  0.000000e+000
    outer loop
      vertex -3.925318e+001 -2.160576e+001  5.026533e+001
      vertex -3.867706e+001 -2.160576e+001  5.018614e+001
      vertex -3.485296e+001 -2.160576e+001  4.975537e+001
    endloop
  endfacet
  facet normal  0.000000e+000 -1.000000e+000  0.000000e+000
    outer loop
      vertex -3.925318e+001 -2.160576e+001  5.026533e+001
      vertex -3.485296e+001 -2.160576e+001  4.975537e+001
      vertex -3.530131e+001 -2.160576e+001  5.025708e+001
    endloop
  endfacet
  facet normal  0.000000e+000 -1.000000e+000  0.000000e+000
    outer loop
      vertex -3.925318e+001 -2.160576e+001  5.026533e+001
      vertex -3.530131e+001 -2.160576e+001  5.025708e+001
      vertex -3.580301e+001 -2.160576e+001  5.070543e+001
    endloop
  endfacet
  facet normal  -0.000000e+000 -1.000000e+000  0.000000e+000
    outer loop
      vertex -3.925318e+001 -2.160576e+001  5.026533e+001
      vertex -3.580301e+001 -2.160576e+001  5.070543e+001
      vertex -3.635176e+001 -2.160576e+001  5.109478e+001
    endloop
  endfacet
  facet normal  -0.000000e+000 -1.000000e+000  0.000000e+000
    outer loop
      vertex -3.925318e+001 -2.160576e+001  5.026533e+001
      vertex -3.635176e+001 -2.160576e+001  5.109478e+001
      vertex -3.694065e+001 -2.160576e+001  5.142025e+001
    endloop
  endfacet
  facet normal  -0.000000e+000 -1.000000e+000  0.000000e+000
    outer loop
      vertex -3.925318e+001 -2.160576e+001  5.026533e+001
      vertex -3.694065e+001 -2.160576e+001  5.142025e+001
      vertex -3.756227e+001 -2.160576e+001  5.167773e+001
    endloop
  endfacet
  facet normal  -0.000000e+000 -1.000000e+000  0.000000e+000
    outer loop
      vertex -3.925318e+001 -2.160576e+001  5.026533e+001
      vertex -3.756227e+001 -2.160576e+001  5.167773e+001
      vertex -3.820882e+001 -2.160576e+001  5.186400e+001
    endloop
  endfacet
  facet normal  -0.000000e+000 -1.000000e+000  0.000000e+000
    outer loop
      vertex -3.925318e+001 -2.160576e+001  5.026533e+001
      vertex -3.820882e+001 -2.160576e+001  5.186400e+001
      vertex -3.887216e+001 -2.160576e+001  5.197671e+001
    endloop
  endfacet
  facet normal  0.000000e+000 -1.000000e+000  0.000000e+000
    outer loop
      vertex -5.186987e+001 -2.160576e+001  4.149747e+001
      vertex -5.186987e+001 -2.160576e+001  4.001443e+001
      vertex -3.954395e+001 -2.160576e+001  4.001443e+001
    endloop
  endfacet
  facet normal  0.000000e+000 -1.000000e+000  0.000000e+000
    outer loop
      vertex -5.186987e+001 -2.160576e+001  4.149747e+001
      vertex -3.954395e+001 -2.160576e+001  4.001443e+001
      vertex -3.983472e+001 -2.160576e+001  4.176354e+001
    endloop
  endfacet
  facet normal  -0.000000e+000 -1.000000e+000  0.000000e+000
    outer loop
      vertex -5.186987e+001 -2.160576e+001  4.149747e+001
      vertex -3.983472e+001 -2.160576e+001  4.176354e+001
      vertex -4.041084e+001 -2.160576e+001  4.184273e+001
    endloop
  endfacet
  facet normal  -0.000000e+000 -1.000000e+000  0.000000e+000
    outer loop
      vertex -5.186987e+001 -2.160576e+001  4.149747e+001
      vertex -4.041084e+001 -2.160576e+001  4.184273e+001
      vertex -4.097081e+001 -2.160576e+001  4.199962e+001
    endloop
  endfacet
  facet normal  -0.000000e+000 -1.000000e+000  0.000000e+000
    outer loop
      vertex -5.186987e+001 -2.160576e+001  4.149747e+001
      vertex -4.097081e+001 -2.160576e+001  4.199962e+001
      vertex -5.140322e+001 -2.160576e+001  4.203663e+001
    endloop
  endfacet
  facet normal  -0.000000e+000 -1.000000e+000  0.000000e+000
    outer loop
      vertex -3.954395e+001 -2.160576e+001  4.001443e+001
      vertex -3.887216e+001 -2.160576e+001  4.005216e+001
      vertex -3.820882e+001 -2.160576e+001  4.016487e+001
    endloop
  endfacet
  facet normal  -0.000000e+000 -1.000000e+000  0.000000e+000
    outer loop
      vertex -3.954395e+001 -2.160576e+001  4.001443e+001
      vertex -3.820882e+001 -2.160576e+001  4.016487e+001
      vertex -3.756227e+001 -2.160576e+001  4.035114e+001
    endloop
  endfacet
  facet normal  -0.000000e+000 -1.000000e+000  0.000000e+000
    outer loop
      vertex -3.954395e+001 -2.160576e+001  4.001443e+001
      vertex -3.756227e+001 -2.160576e+001  4.035114e+001
      vertex -3.694065e+001 -2.160576e+001  4.060862e+001
    endloop
  endfacet
  facet normal  -0.000000e+000 -9.999999e-001  0.000000e+000
    outer loop
      vertex -3.954395e+001 -2.160576e+001  4.001443e+001
      vertex -3.694065e+001 -2.160576e+001  4.060862e+001
      vertex -3.635176e+001 -2.160576e+001  4.093409e+001
    endloop
  endfacet
  facet normal  -0.000000e+000 -1.000000e+000  0.000000e+000
    outer loop
      vertex -3.954395e+001 -2.160576e+001  4.001443e+001
      vertex -3.635176e+001 -2.160576e+001  4.093409e+001
      vertex -3.580301e+001 -2.160576e+001  4.132344e+001
    endloop
  endfacet
  facet normal  -0.000000e+000 -1.000000e+000  0.000000e+000
    outer loop
      vertex -3.954395e+001 -2.160576e+001  4.001443e+001
      vertex -3.580301e+001 -2.160576e+001  4.132344e+001
      vertex -3.925318e+001 -2.160576e+001  4.176354e+001
    endloop
  endfacet
  facet normal  -0.000000e+000 -1.000000e+000  0.000000e+000
    outer loop
      vertex -3.954395e+001 -2.160576e+001  4.001443e+001
      vertex -3.925318e+001 -2.160576e+001  4.176354e+001
      vertex -3.983472e+001 -2.160576e+001  4.176354e+001
    endloop
  endfacet
  facet normal  0.000000e+000 -1.000000e+000  0.000000e+000
    outer loop
      vertex -3.925318e+001 -2.160576e+001  5.026533e+001
      vertex -3.887216e+001 -2.160576e+001  5.197671e+001
      vertex -3.983472e+001 -2.160576e+001  5.026533e+001
    endloop
  endfacet
  facet normal  0.000000e+000 -1.000000e+000  0.000000e+000
    outer loop
      vertex -3.983472e+001 -2.160576e+001  5.026533e+001
      vertex -3.887216e+001 -2.160576e+001  5.197671e+001
      vertex -3.954395e+001 -2.160576e+001  5.201443e+001
    endloop
  endfacet
  facet normal  0.000000e+000 -1.000000e+000  0.000000e+000
    outer loop
      vertex -3.983472e+001 -2.160576e+001  5.026533e+001
      vertex -3.954395e+001 -2.160576e+001  5.201443e+001
      vertex -5.186987e+001 -2.160576e+001  5.053140e+001
    endloop
  endfacet
  facet normal  0.000000e+000 -1.000000e+000  0.000000e+000
    outer loop
      vertex -5.186987e+001 -2.160576e+001  5.053140e+001
      vertex -3.954395e+001 -2.160576e+001  5.201443e+001
      vertex -5.186987e+001 -2.160576e+001  5.201443e+001
    endloop
  endfacet
  facet normal  0.000000e+000 -1.000000e+000  0.000000e+000
    outer loop
      vertex -3.983472e+001 -2.160576e+001  5.026533e+001
      vertex -5.186987e+001 -2.160576e+001  5.053140e+001
      vertex -4.041084e+001 -2.160576e+001  5.018614e+001
    endloop
  endfacet
  facet normal  -0.000000e+000 -1.000000e+000  0.000000e+000
    outer loop
      vertex -4.041084e+001 -2.160576e+001  5.018614e+001
      vertex -5.186987e+001 -2.160576e+001  5.053140e+001
      vertex -5.140322e+001 -2.160576e+001  4.999224e+001
    endloop
  endfacet
  facet normal  0.000000e+000 -1.000000e+000  0.000000e+000
    outer loop
      vertex -4.041084e+001 -2.160576e+001  5.018614e+001
      vertex -5.140322e+001 -2.160576e+001  4.999224e+001
      vertex -4.097081e+001 -2.160576e+001  5.002925e+001
    endloop
  endfacet
  facet normal  0.000000e+000 -1.000000e+000  0.000000e+000
    outer loop
      vertex -4.097081e+001 -2.160576e+001  5.002925e+001
      vertex -5.140322e+001 -2.160576e+001  4.999224e+001
      vertex -4.150421e+001 -2.160576e+001  4.979756e+001
    endloop
  endfacet
  facet normal  -0.000000e+000 -1.000000e+000  0.000000e+000
    outer loop
      vertex -4.150421e+001 -2.160576e+001  4.979756e+001
      vertex -5.140322e+001 -2.160576e+001  4.999224e+001
      vertex -5.099843e+001 -2.160576e+001  4.940520e+001
    endloop
  endfacet
  facet normal  0.000000e+000 -1.000000e+000  0.000000e+000
    outer loop
      vertex -4.150421e+001 -2.160576e+001  4.979756e+001
      vertex -5.099843e+001 -2.160576e+001  4.940520e+001
      vertex -4.200108e+001 -2.160576e+001  4.949540e+001
    endloop
  endfacet
  facet normal  0.000000e+000 -1.000000e+000  0.000000e+000
    outer loop
      vertex -4.200108e+001 -2.160576e+001  4.949540e+001
      vertex -5.099843e+001 -2.160576e+001  4.940520e+001
      vertex -4.245219e+001 -2.160576e+001  4.912840e+001
    endloop
  endfacet
  facet normal  -0.000000e+000 -1.000000e+000  0.000000e+000
    outer loop
      vertex -4.245219e+001 -2.160576e+001  4.912840e+001
      vertex -5.099843e+001 -2.160576e+001  4.940520e+001
      vertex -5.066039e+001 -2.160576e+001  4.877735e+001
    endloop
  endfacet
  facet normal  0.000000e+000 -1.000000e+000  0.000000e+000
    outer loop
      vertex -4.245219e+001 -2.160576e+001  4.912840e+001
      vertex -5.066039e+001 -2.160576e+001  4.877735e+001
      vertex -4.284912e+001 -2.160576e+001  4.870339e+001
    endloop
  endfacet
  facet normal  0.000000e+000 -9.999999e-001  0.000000e+000
    outer loop
      vertex -4.284912e+001 -2.160576e+001  4.870339e+001
      vertex -5.066039e+001 -2.160576e+001  4.877735e+001
      vertex -4.318448e+001 -2.160576e+001  4.822829e+001
    endloop
  endfacet
  facet normal  -0.000000e+000 -1.000000e+000  0.000000e+000
    outer loop
      vertex -4.318448e+001 -2.160576e+001  4.822829e+001
      vertex -5.066039e+001 -2.160576e+001  4.877735e+001
      vertex -5.039315e+001 -2.160576e+001  4.811625e+001
    endloop
  endfacet
  facet normal  0.000000e+000 -1.000000e+000  0.000000e+000
    outer loop
      vertex -4.318448e+001 -2.160576e+001  4.822829e+001
      vertex -5.039315e+001 -2.160576e+001  4.811625e+001
      vertex -4.345203e+001 -2.160576e+001  4.771195e+001
    endloop
  endfacet
  facet normal  -0.000000e+000 -1.000000e+000  0.000000e+000
    outer loop
      vertex -4.345203e+001 -2.160576e+001  4.771195e+001
      vertex -5.039315e+001 -2.160576e+001  4.811625e+001
      vertex -5.019993e+001 -2.160576e+001  4.742986e+001
    endloop
  endfacet
  facet normal  0.000000e+000 -1.000000e+000  0.000000e+000
    outer loop
      vertex -4.345203e+001 -2.160576e+001  4.771195e+001
      vertex -5.019993e+001 -2.160576e+001  4.742986e+001
      vertex -4.364677e+001 -2.160576e+001  4.716399e+001
    endloop
  endfacet
  facet normal  0.000000e+000 -9.999999e-001  0.000000e+000
    outer loop
      vertex -4.364677e+001 -2.160576e+001  4.716399e+001
      vertex -5.019993e+001 -2.160576e+001  4.742986e+001
      vertex -4.376509e+001 -2.160576e+001  4.659462e+001
    endloop
  endfacet
  facet normal  0.000000e+000 -1.000000e+000  0.000000e+000
    outer loop
      vertex -4.376509e+001 -2.160576e+001  4.659462e+001
      vertex -5.019993e+001 -2.160576e+001  4.742986e+001
      vertex -5.008306e+001 -2.160576e+001  4.672643e+001
    endloop
  endfacet
  facet normal  0.000000e+000 -1.000000e+000  0.000000e+000
    outer loop
      vertex -4.376509e+001 -2.160576e+001  4.659462e+001
      vertex -5.008306e+001 -2.160576e+001  4.672643e+001
      vertex -4.380478e+001 -2.160576e+001  4.601443e+001
    endloop
  endfacet
  facet normal  0.000000e+000 -1.000000e+000  0.000000e+000
    outer loop
      vertex -4.380478e+001 -2.160576e+001  4.601443e+001
      vertex -5.008306e+001 -2.160576e+001  4.672643e+001
      vertex -5.004395e+001 -2.160576e+001  4.601443e+001
    endloop
  endfacet
  facet normal  0.000000e+000 -1.000000e+000  0.000000e+000
    outer loop
      vertex -4.380478e+001 -2.160576e+001  4.601443e+001
      vertex -5.004395e+001 -2.160576e+001  4.601443e+001
      vertex -4.376509e+001 -2.160576e+001  4.543425e+001
    endloop
  endfacet
  facet normal  -0.000000e+000 -1.000000e+000  0.000000e+000
    outer loop
      vertex -4.376509e+001 -2.160576e+001  4.543425e+001
      vertex -5.004395e+001 -2.160576e+001  4.601443e+001
      vertex -5.008306e+001 -2.160576e+001  4.530244e+001
    endloop
  endfacet
  facet normal  0.000000e+000 -1.000000e+000  0.000000e+000
    outer loop
      vertex -4.376509e+001 -2.160576e+001  4.543425e+001
      vertex -5.008306e+001 -2.160576e+001  4.530244e+001
      vertex -4.364677e+001 -2.160576e+001  4.486488e+001
    endloop
  endfacet
  facet normal  -0.000000e+000 -1.000000e+000  0.000000e+000
    outer loop
      vertex -4.364677e+001 -2.160576e+001  4.486488e+001
      vertex -5.008306e+001 -2.160576e+001  4.530244e+001
      vertex -5.019993e+001 -2.160576e+001  4.459901e+001
    endloop
  endfacet
  facet normal  0.000000e+000 -1.000000e+000  0.000000e+000
    outer loop
      vertex -4.364677e+001 -2.160576e+001  4.486488e+001
      vertex -5.019993e+001 -2.160576e+001  4.459901e+001
      vertex -4.345203e+001 -2.160576e+001  4.431692e+001
    endloop
  endfacet
  facet normal  -0.000000e+000 -1.000000e+000  0.000000e+000
    outer loop
      vertex -4.345203e+001 -2.160576e+001  4.431692e+001
      vertex -5.019993e+001 -2.160576e+001  4.459901e+001
      vertex -5.039315e+001 -2.160576e+001  4.391262e+001
    endloop
  endfacet
  facet normal  0.000000e+000 -1.000000e+000  0.000000e+000
    outer loop
      vertex -4.345203e+001 -2.160576e+001  4.431692e+001
      vertex -5.039315e+001 -2.160576e+001  4.391262e+001
      vertex -4.318448e+001 -2.160576e+001  4.380058e+001
    endloop
  endfacet
  facet normal  0.000000e+000 -9.999999e-001  0.000000e+000
    outer loop
      vertex -4.318448e+001 -2.160576e+001  4.380058e+001
      vertex -5.039315e+001 -2.160576e+001  4.391262e+001
      vertex -4.284912e+001 -2.160576e+001  4.332548e+001
    endloop
  endfacet
  facet normal  -0.000000e+000 -9.999999e-001  0.000000e+000
    outer loop
      vertex -4.284912e+001 -2.160576e+001  4.332548e+001
      vertex -5.039315e+001 -2.160576e+001  4.391262e+001
      vertex -5.066039e+001 -2.160576e+001  4.325152e+001
    endloop
  endfacet
  facet normal  0.000000e+000 -1.000000e+000  0.000000e+000
    outer loop
      vertex -4.284912e+001 -2.160576e+001  4.332548e+001
      vertex -5.066039e+001 -2.160576e+001  4.325152e+001
      vertex -4.245219e+001 -2.160576e+001  4.290047e+001
    endloop
  endfacet
  facet normal  -0.000000e+000 -1.000000e+000  0.000000e+000
    outer loop
      vertex -4.245219e+001 -2.160576e+001  4.290047e+001
      vertex -5.066039e+001 -2.160576e+001  4.325152e+001
      vertex -5.099843e+001 -2.160576e+001  4.262367e+001
    endloop
  endfacet
  facet normal  0.000000e+000 -1.000000e+000  0.000000e+000
    outer loop
      vertex -4.245219e+001 -2.160576e+001  4.290047e+001
      vertex -5.099843e+001 -2.160576e+001  4.262367e+001
      vertex -4.200108e+001 -2.160576e+001  4.253347e+001
    endloop
  endfacet
  facet normal  0.000000e+000 -1.000000e+000  0.000000e+000
    outer loop
      vertex -4.200108e+001 -2.160576e+001  4.253347e+001
      vertex -5.099843e+001 -2.160576e+001  4.262367e+001
      vertex -4.150421e+001 -2.160576e+001  4.223131e+001
    endloop
  endfacet
  facet normal  -0.000000e+000 -1.000000e+000  0.000000e+000
    outer loop
      vertex -4.150421e+001 -2.160576e+001  4.223131e+001
      vertex -5.099843e+001 -2.160576e+001  4.262367e+001
      vertex -5.140322e+001 -2.160576e+001  4.203663e+001
    endloop
  endfacet
  facet normal  0.000000e+000 -1.000000e+000  0.000000e+000
    outer loop
      vertex -4.150421e+001 -2.160576e+001  4.223131e+001
      vertex -5.140322e+001 -2.160576e+001  4.203663e+001
      vertex -4.097081e+001 -2.160576e+001  4.199962e+001
    endloop
  endfacet
  facet normal  0.000000e+000 -9.999999e-001  0.000000e+000
    outer loop
      vertex -3.708681e+001 -2.160576e+001  4.949540e+001
      vertex -3.446360e+001 -2.160576e+001  4.920663e+001
      vertex -3.758369e+001 -2.160576e+001  4.979756e+001
    endloop
  endfacet
  facet normal  0.000000e+000 -1.000000e+000  0.000000e+000
    outer loop
      vertex -3.758369e+001 -2.160576e+001  4.979756e+001
      vertex -3.446360e+001 -2.160576e+001  4.920663e+001
      vertex -3.485296e+001 -2.160576e+001  4.975537e+001
    endloop
  endfacet
  facet normal  0.000000e+000 -1.000000e+000  0.000000e+000
    outer loop
      vertex -3.758369e+001 -2.160576e+001  4.979756e+001
      vertex -3.485296e+001 -2.160576e+001  4.975537e+001
      vertex -3.811708e+001 -2.160576e+001  5.002925e+001
    endloop
  endfacet
  facet normal  0.000000e+000 -1.000000e+000  0.000000e+000
    outer loop
      vertex -3.446360e+001 -2.160576e+001  4.920663e+001
      vertex -3.663571e+001 -2.160576e+001  4.912840e+001
      vertex -3.413814e+001 -2.160576e+001  4.861774e+001
    endloop
  endfacet
  facet normal  0.000000e+000 -9.999999e-001  0.000000e+000
    outer loop
      vertex -3.413814e+001 -2.160576e+001  4.861774e+001
      vertex -3.663571e+001 -2.160576e+001  4.912840e+001
      vertex -3.623878e+001 -2.160576e+001  4.870339e+001
    endloop
  endfacet
  facet normal  0.000000e+000 -1.000000e+000  0.000000e+000
    outer loop
      vertex -3.413814e+001 -2.160576e+001  4.861774e+001
      vertex -3.623878e+001 -2.160576e+001  4.870339e+001
      vertex -3.388065e+001 -2.160576e+001  4.799611e+001
    endloop
  endfacet
  facet normal  0.000000e+000 -1.000000e+000  0.000000e+000
    outer loop
      vertex -3.388065e+001 -2.160576e+001  4.799611e+001
      vertex -3.623878e+001 -2.160576e+001  4.870339e+001
      vertex -3.590342e+001 -2.160576e+001  4.822829e+001
    endloop
  endfacet
  facet normal  0.000000e+000 -1.000000e+000  0.000000e+000
    outer loop
      vertex -3.388065e+001 -2.160576e+001  4.799611e+001
      vertex -3.590342e+001 -2.160576e+001  4.822829e+001
      vertex -3.369438e+001 -2.160576e+001  4.734956e+001
    endloop
  endfacet
  facet normal  0.000000e+000 -9.999999e-001  0.000000e+000
    outer loop
      vertex -3.369438e+001 -2.160576e+001  4.734956e+001
      vertex -3.590342e+001 -2.160576e+001  4.822829e+001
      vertex -3.563587e+001 -2.160576e+001  4.771195e+001
    endloop
  endfacet
  facet normal  0.000000e+000 -1.000000e+000  0.000000e+000
    outer loop
      vertex -3.369438e+001 -2.160576e+001  4.734956e+001
      vertex -3.563587e+001 -2.160576e+001  4.771195e+001
      vertex -3.544112e+001 -2.160576e+001  4.716399e+001
    endloop
  endfacet
  facet normal  0.000000e+000 -1.000000e+000  0.000000e+000
    outer loop
      vertex -3.369438e+001 -2.160576e+001  4.734956e+001
      vertex -3.544112e+001 -2.160576e+001  4.716399e+001
      vertex -3.358168e+001 -2.160576e+001  4.668622e+001
    endloop
  endfacet
  facet normal  -0.000000e+000 -1.000000e+000  0.000000e+000
    outer loop
      vertex -3.358168e+001 -2.160576e+001  4.668622e+001
      vertex -3.544112e+001 -2.160576e+001  4.716399e+001
      vertex -3.532281e+001 -2.160576e+001  4.659462e+001
    endloop
  endfacet
  facet normal  0.000000e+000 -1.000000e+000  0.000000e+000
    outer loop
      vertex -3.358168e+001 -2.160576e+001  4.668622e+001
      vertex -3.532281e+001 -2.160576e+001  4.659462e+001
      vertex -3.354395e+001 -2.160576e+001  4.601443e+001
    endloop
  endfacet
  facet normal  0.000000e+000 -1.000000e+000  0.000000e+000
    outer loop
      vertex -3.354395e+001 -2.160576e+001  4.601443e+001
      vertex -3.532281e+001 -2.160576e+001  4.659462e+001
      vertex -3.528312e+001 -2.160576e+001  4.601443e+001
    endloop
  endfacet
  facet normal  0.000000e+000 -1.000000e+000  0.000000e+000
    outer loop
      vertex -3.354395e+001 -2.160576e+001  4.601443e+001
      vertex -3.528312e+001 -2.160576e+001  4.601443e+001
      vertex -3.358168e+001 -2.160576e+001  4.534265e+001
    endloop
  endfacet
  facet normal  0.000000e+000 -1.000000e+000  0.000000e+000
    outer loop
      vertex -3.358168e+001 -2.160576e+001  4.534265e+001
      vertex -3.528312e+001 -2.160576e+001  4.601443e+001
      vertex -3.532281e+001 -2.160576e+001  4.543425e+001
    endloop
  endfacet
  facet normal  0.000000e+000 -1.000000e+000  0.000000e+000
    outer loop
      vertex -3.358168e+001 -2.160576e+001  4.534265e+001
      vertex -3.532281e+001 -2.160576e+001  4.543425e+001
      vertex -3.369438e+001 -2.160576e+001  4.467931e+001
    endloop
  endfacet
  facet normal  0.000000e+000 -1.000000e+000  0.000000e+000
    outer loop
      vertex -3.369438e+001 -2.160576e+001  4.467931e+001
      vertex -3.532281e+001 -2.160576e+001  4.543425e+001
      vertex -3.544112e+001 -2.160576e+001  4.486488e+001
    endloop
  endfacet
  facet normal  0.000000e+000 -1.000000e+000  0.000000e+000
    outer loop
      vertex -3.369438e+001 -2.160576e+001  4.467931e+001
      vertex -3.544112e+001 -2.160576e+001  4.486488e+001
      vertex -3.388065e+001 -2.160576e+001  4.403276e+001
    endloop
  endfacet
  facet normal  0.000000e+000 -1.000000e+000  0.000000e+000
    outer loop
      vertex -3.388065e+001 -2.160576e+001  4.403276e+001
      vertex -3.544112e+001 -2.160576e+001  4.486488e+001
      vertex -3.563587e+001 -2.160576e+001  4.431692e+001
    endloop
  endfacet
  facet normal  0.000000e+000 -9.999999e-001  -0.000000e+000
    outer loop
      vertex -3.388065e+001 -2.160576e+001  4.403276e+001
      vertex -3.563587e+001 -2.160576e+001  4.431692e+001
      vertex -3.590342e+001 -2.160576e+001  4.380058e+001
    endloop
  endfacet
  facet normal  0.000000e+000 -1.000000e+000  0.000000e+000
    outer loop
      vertex -3.388065e+001 -2.160576e+001  4.403276e+001
      vertex -3.590342e+001 -2.160576e+001  4.380058e+001
      vertex -3.413814e+001 -2.160576e+001  4.341113e+001
    endloop
  endfacet
  facet normal  -0.000000e+000 -1.000000e+000  0.000000e+000
    outer loop
      vertex -3.413814e+001 -2.160576e+001  4.341113e+001
      vertex -3.590342e+001 -2.160576e+001  4.380058e+001
      vertex -3.623878e+001 -2.160576e+001  4.332548e+001
    endloop
  endfacet
  facet normal  0.000000e+000 -1.000000e+000  0.000000e+000
    outer loop
      vertex -3.413814e+001 -2.160576e+001  4.341113e+001
      vertex -3.623878e+001 -2.160576e+001  4.332548e+001
      vertex -3.446360e+001 -2.160576e+001  4.282224e+001
    endloop
  endfacet
  facet normal  0.000000e+000 -9.999999e-001  0.000000e+000
    outer loop
      vertex -3.446360e+001 -2.160576e+001  4.282224e+001
      vertex -3.623878e+001 -2.160576e+001  4.332548e+001
      vertex -3.663571e+001 -2.160576e+001  4.290047e+001
    endloop
  endfacet
  facet normal  0.000000e+000 -1.000000e+000  0.000000e+000
    outer loop
      vertex -3.446360e+001 -2.160576e+001  4.282224e+001
      vertex -3.663571e+001 -2.160576e+001  4.290047e+001
      vertex -3.485296e+001 -2.160576e+001  4.227349e+001
    endloop
  endfacet
  facet normal  0.000000e+000 -9.999999e-001  0.000000e+000
    outer loop
      vertex -3.485296e+001 -2.160576e+001  4.227349e+001
      vertex -3.663571e+001 -2.160576e+001  4.290047e+001
      vertex -3.708681e+001 -2.160576e+001  4.253347e+001
    endloop
  endfacet
  facet normal  0.000000e+000 -1.000000e+000  -0.000000e+000
    outer loop
      vertex -3.485296e+001 -2.160576e+001  4.227349e+001
      vertex -3.708681e+001 -2.160576e+001  4.253347e+001
      vertex -3.758369e+001 -2.160576e+001  4.223131e+001
    endloop
  endfacet
  facet normal  0.000000e+000 -1.000000e+000  0.000000e+000
    outer loop
      vertex -3.485296e+001 -2.160576e+001  4.227349e+001
      vertex -3.758369e+001 -2.160576e+001  4.223131e+001
      vertex -3.530131e+001 -2.160576e+001  4.177179e+001
    endloop
  endfacet
  facet normal  0.000000e+000 -1.000000e+000  0.000000e+000
    outer loop
      vertex -3.530131e+001 -2.160576e+001  4.177179e+001
      vertex -3.758369e+001 -2.160576e+001  4.223131e+001
      vertex -3.811708e+001 -2.160576e+001  4.199962e+001
    endloop
  endfacet
  facet normal  0.000000e+000 -1.000000e+000  -0.000000e+000
    outer loop
      vertex -3.530131e+001 -2.160576e+001  4.177179e+001
      vertex -3.811708e+001 -2.160576e+001  4.199962e+001
      vertex -3.867706e+001 -2.160576e+001  4.184273e+001
    endloop
  endfacet
  facet normal -8.250917e-001  4.890730e-004  5.649987e-001
    outer loop
      vertex -5.098793e+001 -7.805759e+000  4.264092e+001
      vertex -5.099843e+001 -5.605759e+000  4.262367e+001
      vertex -5.138986e+001 -7.805759e+000  4.205396e+001
    endloop
  endfacet
  facet normal -8.804861e-001 -4.882476e-004  4.740717e-001
    outer loop
      vertex -5.066039e+001 -5.605759e+000  4.325152e+001
      vertex -5.099843e+001 -5.605759e+000  4.262367e+001
      vertex -5.098793e+001 -7.805759e+000  4.264092e+001
    endloop
  endfacet
  facet normal -8.818927e-001  4.488356e-004  4.714499e-001
    outer loop
      vertex -5.065254e+001 -7.805759e+000  4.326829e+001
      vertex -5.066039e+001 -5.605759e+000  4.325152e+001
      vertex -5.098793e+001 -7.805759e+000  4.264092e+001
    endloop
  endfacet
  facet normal -9.271168e-001 -4.491424e-004  3.747723e-001
    outer loop
      vertex -5.039315e+001 -5.605759e+000  4.391262e+001
      vertex -5.066039e+001 -5.605759e+000  4.325152e+001
      vertex -5.065254e+001 -7.805759e+000  4.326829e+001
    endloop
  endfacet
  facet normal -9.281308e-001  4.079761e-004  3.722540e-001
    outer loop
      vertex -5.038773e+001 -7.805759e+000  4.392855e+001
      vertex -5.039315e+001 -5.605759e+000  4.391262e+001
      vertex -5.065254e+001 -7.805759e+000  4.326829e+001
    endloop
  endfacet
  facet normal -9.625883e-001 -4.101619e-004  2.709679e-001
    outer loop
      vertex -5.019993e+001 -5.605759e+000  4.459901e+001
      vertex -5.039315e+001 -5.605759e+000  4.391262e+001
      vertex -5.038773e+001 -7.805759e+000  4.392855e+001
    endloop
  endfacet
  facet normal -9.632537e-001  3.704264e-004  2.685929e-001
    outer loop
      vertex -5.019665e+001 -7.805759e+000  4.461380e+001
      vertex -5.019993e+001 -5.605759e+000  4.459901e+001
      vertex -5.038773e+001 -7.805759e+000  4.392855e+001
    endloop
  endfacet
  facet normal -9.864781e-001 -3.678376e-004  1.638923e-001
    outer loop
      vertex -5.008306e+001 -5.605759e+000  4.530244e+001
      vertex -5.019993e+001 -5.605759e+000  4.459901e+001
      vertex -5.019665e+001 -7.805759e+000  4.461380e+001
    endloop
  endfacet
  facet normal -9.868354e-001  3.283772e-004  1.617271e-001
    outer loop
      vertex -5.008160e+001 -7.805759e+000  4.531582e+001
      vertex -5.008306e+001 -5.605759e+000  4.530244e+001
      vertex -5.019665e+001 -7.805759e+000  4.461380e+001
    endloop
  endfacet
  facet normal -9.984945e-001 -3.294650e-004  5.485046e-002
    outer loop
      vertex -5.004395e+001 -5.605759e+000  4.601443e+001
      vertex -5.008306e+001 -5.605759e+000  4.530244e+001
      vertex -5.008160e+001 -7.805759e+000  4.531582e+001
    endloop
  endfacet
  facet normal -9.985992e-001  2.884988e-004  5.291007e-002
    outer loop
      vertex -5.004396e+001 -7.805759e+000  4.602621e+001
      vertex -5.004395e+001 -5.605759e+000  4.601443e+001
      vertex -5.008160e+001 -7.805759e+000  4.531582e+001
    endloop
  endfacet
  facet normal -9.984945e-001 -2.884999e-004 -5.485046e-002
    outer loop
      vertex -5.008306e+001 -5.605759e+000  4.672643e+001
      vertex -5.004395e+001 -5.605759e+000  4.601443e+001
      vertex -5.004396e+001 -7.805759e+000  4.602621e+001
    endloop
  endfacet
  facet normal -7.561226e-001  0.000000e+000  6.544300e-001
    outer loop
      vertex -5.140322e+001 -5.605759e+000  4.203663e+001
      vertex -5.186987e+001 -5.605759e+000  4.149747e+001
      vertex -5.186987e+001 -7.305759e+000  4.149747e+001
    endloop
  endfacet
  facet normal -7.201630e-001 -2.224587e-002  6.934483e-001
    outer loop
      vertex -5.140322e+001 -5.605759e+000  4.203663e+001
      vertex -5.186987e+001 -7.305759e+000  4.149747e+001
      vertex -5.185353e+001 -7.305759e+000  4.151443e+001
    endloop
  endfacet
  facet normal -7.573073e-001  0.000000e+000  6.530586e-001
    outer loop
      vertex -5.140322e+001 -5.605759e+000  4.203663e+001
      vertex -5.185353e+001 -7.305759e+000  4.151443e+001
      vertex -5.185353e+001 -7.805759e+000  4.151443e+001
    endloop
  endfacet
  facet normal -7.584038e-001  5.268253e-004  6.517848e-001
    outer loop
      vertex -5.140322e+001 -5.605759e+000  4.203663e+001
      vertex -5.185353e+001 -7.805759e+000  4.151443e+001
      vertex -5.138986e+001 -7.805759e+000  4.205396e+001
    endloop
  endfacet
  facet normal -8.232560e-001 -5.292949e-004  5.676700e-001
    outer loop
      vertex -5.140322e+001 -5.605759e+000  4.203663e+001
      vertex -5.138986e+001 -7.805759e+000  4.205396e+001
      vertex -5.099843e+001 -5.605759e+000  4.262367e+001
    endloop
  endfacet
  facet normal -9.984009e-001  2.476147e-004 -5.652965e-002
    outer loop
      vertex -5.004396e+001 -7.805759e+000  4.602621e+001
      vertex -5.008418e+001 -7.805759e+000  4.673647e+001
      vertex -5.008306e+001 -5.605759e+000  4.672643e+001
    endloop
  endfacet
  facet normal -9.862435e-001 -2.547496e-004 -1.652989e-001
    outer loop
      vertex -5.008306e+001 -5.605759e+000  4.672643e+001
      vertex -5.008418e+001 -7.805759e+000  4.673647e+001
      vertex -5.020177e+001 -7.805759e+000  4.743807e+001
    endloop
  endfacet
  facet normal -9.864783e-001  2.129056e-004 -1.638923e-001
    outer loop
      vertex -5.008306e+001 -5.605759e+000  4.672643e+001
      vertex -5.020177e+001 -7.805759e+000  4.743807e+001
      vertex -5.019993e+001 -5.605759e+000  4.742986e+001
    endloop
  endfacet
  facet normal -9.622735e-001 -2.110379e-004 -2.720841e-001
    outer loop
      vertex -5.019993e+001 -5.605759e+000  4.742986e+001
      vertex -5.020177e+001 -7.805759e+000  4.743807e+001
      vertex -5.039532e+001 -7.805759e+000  4.812262e+001
    endloop
  endfacet
  facet normal -9.625884e-001  1.684044e-004 -2.709679e-001
    outer loop
      vertex -5.019993e+001 -5.605759e+000  4.742986e+001
      vertex -5.039532e+001 -7.805759e+000  4.812262e+001
      vertex -5.039315e+001 -5.605759e+000  4.811625e+001
    endloop
  endfacet
  facet normal -9.267759e-001 -1.700793e-004 -3.756148e-001
    outer loop
      vertex -5.039315e+001 -5.605759e+000  4.811625e+001
      vertex -5.039532e+001 -7.805759e+000  4.812262e+001
      vertex -5.066253e+001 -7.805759e+000  4.878192e+001
    endloop
  endfacet
  facet normal -9.271169e-001  1.265604e-004 -3.747724e-001
    outer loop
      vertex -5.039315e+001 -5.605759e+000  4.811625e+001
      vertex -5.066253e+001 -7.805759e+000  4.878192e+001
      vertex -5.066039e+001 -5.605759e+000  4.877735e+001
    endloop
  endfacet
  facet normal -8.801768e-001 -1.267281e-004 -4.746459e-001
    outer loop
      vertex -5.066039e+001 -5.605759e+000  4.877735e+001
      vertex -5.066253e+001 -7.805759e+000  4.878192e+001
      vertex -5.100019e+001 -7.805759e+000  4.940807e+001
    endloop
  endfacet
  facet normal -8.804862e-001  8.566111e-005 -4.740717e-001
    outer loop
      vertex -5.066039e+001 -5.605759e+000  4.877735e+001
      vertex -5.100019e+001 -7.805759e+000  4.940807e+001
      vertex -5.099843e+001 -5.605759e+000  4.940520e+001
    endloop
  endfacet
  facet normal -8.230383e-001 -8.271761e-005 -5.679858e-001
    outer loop
      vertex -5.099843e+001 -5.605759e+000  4.940520e+001
      vertex -5.100019e+001 -7.805759e+000  4.940807e+001
      vertex -5.140425e+001 -7.805759e+000  4.999357e+001
    endloop
  endfacet
  facet normal -8.232561e-001  4.189630e-005 -5.676700e-001
    outer loop
      vertex -5.099843e+001 -5.605759e+000  4.940520e+001
      vertex -5.140425e+001 -7.805759e+000  4.999357e+001
      vertex -5.140322e+001 -5.605759e+000  4.999224e+001
    endloop
  endfacet
  facet normal -7.560375e-001 -4.213547e-005 -6.545283e-001
    outer loop
      vertex -5.140322e+001 -5.605759e+000  4.999224e+001
      vertex -5.140425e+001 -7.805759e+000  4.999357e+001
      vertex -5.186987e+001 -7.805759e+000  5.053140e+001
    endloop
  endfacet
  facet normal -7.561226e-001  0.000000e+000 -6.544300e-001
    outer loop
      vertex -5.140322e+001 -5.605759e+000  4.999224e+001
      vertex -5.186987e+001 -7.805759e+000  5.053140e+001
      vertex -5.186987e+001 -5.605759e+000  5.053140e+001
    endloop
  endfacet
  facet normal  0.000000e+000  1.000000e+000  0.000000e+000
    outer loop
      vertex -3.811708e+001 -5.605759e+000  5.002925e+001
      vertex -3.867706e+001 -5.605759e+000  5.018614e+001
      vertex -3.485296e+001 -5.605759e+000  4.975537e+001
    endloop
  endfacet
  facet normal  0.000000e+000  1.000000e+000  -0.000000e+000
    outer loop
      vertex -3.446360e+001 -5.605759e+000  4.920663e+001
      vertex -3.663571e+001 -5.605759e+000  4.912840e+001
      vertex -3.708681e+001 -5.605759e+000  4.949540e+001
    endloop
  endfacet
  facet normal  0.000000e+000  1.000000e+000  0.000000e+000
    outer loop
      vertex -3.530131e+001 -5.605759e+000  4.177179e+001
      vertex -3.925318e+001 -5.605759e+000  4.176354e+001
      vertex -3.867706e+001 -5.605759e+000  4.184273e+001
    endloop
  endfacet
  facet normal  0.000000e+000  1.000000e+000  0.000000e+000
    outer loop
      vertex -3.925318e+001 -5.605759e+000  4.176354e+001
      vertex -3.530131e+001 -5.605759e+000  4.177179e+001
      vertex -3.580301e+001 -5.605759e+000  4.132344e+001
    endloop
  endfacet
  facet normal  0.000000e+000  1.000000e+000  0.000000e+000
    outer loop
      vertex -3.925318e+001 -5.605759e+000  5.026533e+001
      vertex -3.887216e+001 -5.605759e+000  5.197671e+001
      vertex -3.820882e+001 -5.605759e+000  5.186400e+001
    endloop
  endfacet
  facet normal  0.000000e+000  1.000000e+000  0.000000e+000
    outer loop
      vertex -3.925318e+001 -5.605759e+000  5.026533e+001
      vertex -3.820882e+001 -5.605759e+000  5.186400e+001
      vertex -3.756227e+001 -5.605759e+000  5.167773e+001
    endloop
  endfacet
  facet normal  0.000000e+000  1.000000e+000  0.000000e+000
    outer loop
      vertex -3.925318e+001 -5.605759e+000  5.026533e+001
      vertex -3.756227e+001 -5.605759e+000  5.167773e+001
      vertex -3.694065e+001 -5.605759e+000  5.142025e+001
    endloop
  endfacet
  facet normal  0.000000e+000  1.000000e+000  0.000000e+000
    outer loop
      vertex -3.925318e+001 -5.605759e+000  5.026533e+001
      vertex -3.694065e+001 -5.605759e+000  5.142025e+001
      vertex -3.635176e+001 -5.605759e+000  5.109478e+001
    endloop
  endfacet
  facet normal  0.000000e+000  1.000000e+000  0.000000e+000
    outer loop
      vertex -3.925318e+001 -5.605759e+000  5.026533e+001
      vertex -3.635176e+001 -5.605759e+000  5.109478e+001
      vertex -3.580301e+001 -5.605759e+000  5.070543e+001
    endloop
  endfacet
  facet normal  0.000000e+000  1.000000e+000  0.000000e+000
    outer loop
      vertex -3.925318e+001 -5.605759e+000  5.026533e+001
      vertex -3.580301e+001 -5.605759e+000  5.070543e+001
      vertex -3.530131e+001 -5.605759e+000  5.025708e+001
    endloop
  endfacet
  facet normal  0.000000e+000  1.000000e+000  0.000000e+000
    outer loop
      vertex -3.925318e+001 -5.605759e+000  5.026533e+001
      vertex -3.530131e+001 -5.605759e+000  5.025708e+001
      vertex -3.485296e+001 -5.605759e+000  4.975537e+001
    endloop
  endfacet
  facet normal  0.000000e+000  1.000000e+000  0.000000e+000
    outer loop
      vertex -3.925318e+001 -5.605759e+000  5.026533e+001
      vertex -3.485296e+001 -5.605759e+000  4.975537e+001
      vertex -3.867706e+001 -5.605759e+000  5.018614e+001
    endloop
  endfacet
  facet normal  0.000000e+000  1.000000e+000  0.000000e+000
    outer loop
      vertex -5.186987e+001 -5.605759e+000  4.149747e+001
      vertex -5.140322e+001 -5.605759e+000  4.203663e+001
      vertex -4.097081e+001 -5.605759e+000  4.199962e+001
    endloop
  endfacet
  facet normal  0.000000e+000  1.000000e+000  0.000000e+000
    outer loop
      vertex -5.186987e+001 -5.605759e+000  4.149747e+001
      vertex -4.097081e+001 -5.605759e+000  4.199962e+001
      vertex -4.041084e+001 -5.605759e+000  4.184273e+001
    endloop
  endfacet
  facet normal  0.000000e+000  1.000000e+000  0.000000e+000
    outer loop
      vertex -5.186987e+001 -5.605759e+000  4.149747e+001
      vertex -4.041084e+001 -5.605759e+000  4.184273e+001
      vertex -3.983472e+001 -5.605759e+000  4.176354e+001
    endloop
  endfacet
  facet normal  0.000000e+000  1.000000e+000  0.000000e+000
    outer loop
      vertex -5.186987e+001 -5.605759e+000  4.149747e+001
      vertex -3.983472e+001 -5.605759e+000  4.176354e+001
      vertex -3.954395e+001 -5.605759e+000  4.001443e+001
    endloop
  endfacet
  facet normal  0.000000e+000  1.000000e+000  0.000000e+000
    outer loop
      vertex -5.186987e+001 -5.605759e+000  4.149747e+001
      vertex -3.954395e+001 -5.605759e+000  4.001443e+001
      vertex -5.186987e+001 -5.605759e+000  4.001443e+001
    endloop
  endfacet
  facet normal  -0.000000e+000  1.000000e+000  0.000000e+000
    outer loop
      vertex -3.954395e+001 -5.605759e+000  4.001443e+001
      vertex -3.983472e+001 -5.605759e+000  4.176354e+001
      vertex -3.925318e+001 -5.605759e+000  4.176354e+001
    endloop
  endfacet
  facet normal  0.000000e+000  1.000000e+000  0.000000e+000
    outer loop
      vertex -3.954395e+001 -5.605759e+000  4.001443e+001
      vertex -3.925318e+001 -5.605759e+000  4.176354e+001
      vertex -3.580301e+001 -5.605759e+000  4.132344e+001
    endloop
  endfacet
  facet normal  0.000000e+000  1.000000e+000  0.000000e+000
    outer loop
      vertex -3.954395e+001 -5.605759e+000  4.001443e+001
      vertex -3.580301e+001 -5.605759e+000  4.132344e+001
      vertex -3.635176e+001 -5.605759e+000  4.093409e+001
    endloop
  endfacet
  facet normal  0.000000e+000  9.999999e-001  0.000000e+000
    outer loop
      vertex -3.954395e+001 -5.605759e+000  4.001443e+001
      vertex -3.635176e+001 -5.605759e+000  4.093409e+001
      vertex -3.694065e+001 -5.605759e+000  4.060862e+001
    endloop
  endfacet
  facet normal  0.000000e+000  1.000000e+000  0.000000e+000
    outer loop
      vertex -3.954395e+001 -5.605759e+000  4.001443e+001
      vertex -3.694065e+001 -5.605759e+000  4.060862e+001
      vertex -3.756227e+001 -5.605759e+000  4.035114e+001
    endloop
  endfacet
  facet normal  0.000000e+000  1.000000e+000  0.000000e+000
    outer loop
      vertex -3.954395e+001 -5.605759e+000  4.001443e+001
      vertex -3.756227e+001 -5.605759e+000  4.035114e+001
      vertex -3.820882e+001 -5.605759e+000  4.016487e+001
    endloop
  endfacet
  facet normal  0.000000e+000  1.000000e+000  0.000000e+000
    outer loop
      vertex -3.954395e+001 -5.605759e+000  4.001443e+001
      vertex -3.820882e+001 -5.605759e+000  4.016487e+001
      vertex -3.887216e+001 -5.605759e+000  4.005216e+001
    endloop
  endfacet
  facet normal  0.000000e+000  1.000000e+000  0.000000e+000
    outer loop
      vertex -3.925318e+001 -5.605759e+000  5.026533e+001
      vertex -3.983472e+001 -5.605759e+000  5.026533e+001
      vertex -3.887216e+001 -5.605759e+000  5.197671e+001
    endloop
  endfacet
  facet normal  0.000000e+000  1.000000e+000  0.000000e+000
    outer loop
      vertex -3.887216e+001 -5.605759e+000  5.197671e+001
      vertex -3.983472e+001 -5.605759e+000  5.026533e+001
      vertex -3.954395e+001 -5.605759e+000  5.201443e+001
    endloop
  endfacet
  facet normal  -0.000000e+000  1.000000e+000  0.000000e+000
    outer loop
      vertex -3.983472e+001 -5.605759e+000  5.026533e+001
      vertex -5.186987e+001 -5.605759e+000  5.053140e+001
      vertex -3.954395e+001 -5.605759e+000  5.201443e+001
    endloop
  endfacet
  facet normal  0.000000e+000  1.000000e+000  0.000000e+000
    outer loop
      vertex -3.954395e+001 -5.605759e+000  5.201443e+001
      vertex -5.186987e+001 -5.605759e+000  5.053140e+001
      vertex -5.186987e+001 -5.605759e+000  5.201443e+001
    endloop
  endfacet
  facet normal  0.000000e+000  1.000000e+000  0.000000e+000
    outer loop
      vertex -4.097081e+001 -5.605759e+000  5.002925e+001
      vertex -5.140322e+001 -5.605759e+000  4.999224e+001
      vertex -4.041084e+001 -5.605759e+000  5.018614e+001
    endloop
  endfacet
  facet normal  0.000000e+000  1.000000e+000  0.000000e+000
    outer loop
      vertex -4.041084e+001 -5.605759e+000  5.018614e+001
      vertex -5.140322e+001 -5.605759e+000  4.999224e+001
      vertex -5.186987e+001 -5.605759e+000  5.053140e+001
    endloop
  endfacet
  facet normal  0.000000e+000  1.000000e+000  0.000000e+000
    outer loop
      vertex -4.041084e+001 -5.605759e+000  5.018614e+001
      vertex -5.186987e+001 -5.605759e+000  5.053140e+001
      vertex -3.983472e+001 -5.605759e+000  5.026533e+001
    endloop
  endfacet
  facet normal  0.000000e+000  1.000000e+000  0.000000e+000
    outer loop
      vertex -4.200108e+001 -5.605759e+000  4.949540e+001
      vertex -5.099843e+001 -5.605759e+000  4.940520e+001
      vertex -4.150421e+001 -5.605759e+000  4.979756e+001
    endloop
  endfacet
  facet normal  0.000000e+000  1.000000e+000  0.000000e+000
    outer loop
      vertex -4.150421e+001 -5.605759e+000  4.979756e+001
      vertex -5.099843e+001 -5.605759e+000  4.940520e+001
      vertex -5.140322e+001 -5.605759e+000  4.999224e+001
    endloop
  endfacet
  facet normal  -0.000000e+000  1.000000e+000  0.000000e+000
    outer loop
      vertex -4.150421e+001 -5.605759e+000  4.979756e+001
      vertex -5.140322e+001 -5.605759e+000  4.999224e+001
      vertex -4.097081e+001 -5.605759e+000  5.002925e+001
    endloop
  endfacet
  facet normal  -0.000000e+000  1.000000e+000  0.000000e+000
    outer loop
      vertex -4.284912e+001 -5.605759e+000  4.870339e+001
      vertex -5.066039e+001 -5.605759e+000  4.877735e+001
      vertex -4.245219e+001 -5.605759e+000  4.912840e+001
    endloop
  endfacet
  facet normal  0.000000e+000  1.000000e+000  0.000000e+000
    outer loop
      vertex -4.245219e+001 -5.605759e+000  4.912840e+001
      vertex -5.066039e+001 -5.605759e+000  4.877735e+001
      vertex -5.099843e+001 -5.605759e+000  4.940520e+001
    endloop
  endfacet
  facet normal  -0.000000e+000  1.000000e+000  0.000000e+000
    outer loop
      vertex -4.245219e+001 -5.605759e+000  4.912840e+001
      vertex -5.099843e+001 -5.605759e+000  4.940520e+001
      vertex -4.200108e+001 -5.605759e+000  4.949540e+001
    endloop
  endfacet
  facet normal  -0.000000e+000  1.000000e+000  0.000000e+000
    outer loop
      vertex -4.364677e+001 -5.605759e+000  4.716399e+001
      vertex -5.019993e+001 -5.605759e+000  4.742986e+001
      vertex -4.345203e+001 -5.605759e+000  4.771195e+001
    endloop
  endfacet
  facet normal  0.000000e+000  1.000000e+000  0.000000e+000
    outer loop
      vertex -4.345203e+001 -5.605759e+000  4.771195e+001
      vertex -5.019993e+001 -5.605759e+000  4.742986e+001
      vertex -5.039315e+001 -5.605759e+000  4.811625e+001
    endloop
  endfacet
  facet normal  -0.000000e+000  1.000000e+000  0.000000e+000
    outer loop
      vertex -4.345203e+001 -5.605759e+000  4.771195e+001
      vertex -5.039315e+001 -5.605759e+000  4.811625e+001
      vertex -4.318448e+001 -5.605759e+000  4.822829e+001
    endloop
  endfacet
  facet normal  0.000000e+000  1.000000e+000  0.000000e+000
    outer loop
      vertex -4.318448e+001 -5.605759e+000  4.822829e+001
      vertex -5.039315e+001 -5.605759e+000  4.811625e+001
      vertex -5.066039e+001 -5.605759e+000  4.877735e+001
    endloop
  endfacet
  facet normal  0.000000e+000  9.999999e-001  0.000000e+000
    outer loop
      vertex -4.318448e+001 -5.605759e+000  4.822829e+001
      vertex -5.066039e+001 -5.605759e+000  4.877735e+001
      vertex -4.284912e+001 -5.605759e+000  4.870339e+001
    endloop
  endfacet
  facet normal  -0.000000e+000  1.000000e+000  0.000000e+000
    outer loop
      vertex -4.318448e+001 -5.605759e+000  4.380058e+001
      vertex -5.039315e+001 -5.605759e+000  4.391262e+001
      vertex -4.345203e+001 -5.605759e+000  4.431692e+001
    endloop
  endfacet
  facet normal  0.000000e+000  1.000000e+000  0.000000e+000
    outer loop
      vertex -4.345203e+001 -5.605759e+000  4.431692e+001
      vertex -5.039315e+001 -5.605759e+000  4.391262e+001
      vertex -5.019993e+001 -5.605759e+000  4.459901e+001
    endloop
  endfacet
  facet normal  -0.000000e+000  1.000000e+000  0.000000e+000
    outer loop
      vertex -4.345203e+001 -5.605759e+000  4.431692e+001
      vertex -5.019993e+001 -5.605759e+000  4.459901e+001
      vertex -4.364677e+001 -5.605759e+000  4.486488e+001
    endloop
  endfacet
  facet normal  0.000000e+000  1.000000e+000  0.000000e+000
    outer loop
      vertex -4.364677e+001 -5.605759e+000  4.486488e+001
      vertex -5.019993e+001 -5.605759e+000  4.459901e+001
      vertex -5.008306e+001 -5.605759e+000  4.530244e+001
    endloop
  endfacet
  facet normal  -0.000000e+000  1.000000e+000  0.000000e+000
    outer loop
      vertex -4.364677e+001 -5.605759e+000  4.486488e+001
      vertex -5.008306e+001 -5.605759e+000  4.530244e+001
      vertex -4.376509e+001 -5.605759e+000  4.543425e+001
    endloop
  endfacet
  facet normal  0.000000e+000  1.000000e+000  0.000000e+000
    outer loop
      vertex -4.376509e+001 -5.605759e+000  4.543425e+001
      vertex -5.008306e+001 -5.605759e+000  4.530244e+001
      vertex -5.004395e+001 -5.605759e+000  4.601443e+001
    endloop
  endfacet
  facet normal  -0.000000e+000  1.000000e+000  0.000000e+000
    outer loop
      vertex -4.376509e+001 -5.605759e+000  4.543425e+001
      vertex -5.004395e+001 -5.605759e+000  4.601443e+001
      vertex -4.380478e+001 -5.605759e+000  4.601443e+001
    endloop
  endfacet
  facet normal  0.000000e+000  1.000000e+000  0.000000e+000
    outer loop
      vertex -4.380478e+001 -5.605759e+000  4.601443e+001
      vertex -5.004395e+001 -5.605759e+000  4.601443e+001
      vertex -5.008306e+001 -5.605759e+000  4.672643e+001
    endloop
  endfacet
  facet normal  0.000000e+000  1.000000e+000  0.000000e+000
    outer loop
      vertex -4.380478e+001 -5.605759e+000  4.601443e+001
      vertex -5.008306e+001 -5.605759e+000  4.672643e+001
      vertex -4.376509e+001 -5.605759e+000  4.659462e+001
    endloop
  endfacet
  facet normal  0.000000e+000  1.000000e+000  0.000000e+000
    outer loop
      vertex -4.376509e+001 -5.605759e+000  4.659462e+001
      vertex -5.008306e+001 -5.605759e+000  4.672643e+001
      vertex -5.019993e+001 -5.605759e+000  4.742986e+001
    endloop
  endfacet
  facet normal  0.000000e+000  9.999999e-001  0.000000e+000
    outer loop
      vertex -4.376509e+001 -5.605759e+000  4.659462e+001
      vertex -5.019993e+001 -5.605759e+000  4.742986e+001
      vertex -4.364677e+001 -5.605759e+000  4.716399e+001
    endloop
  endfacet
  facet normal  -0.000000e+000  1.000000e+000  0.000000e+000
    outer loop
      vertex -4.200108e+001 -5.605759e+000  4.253347e+001
      vertex -5.099843e+001 -5.605759e+000  4.262367e+001
      vertex -4.245219e+001 -5.605759e+000  4.290047e+001
    endloop
  endfacet
  facet normal  0.000000e+000  1.000000e+000  0.000000e+000
    outer loop
      vertex -4.245219e+001 -5.605759e+000  4.290047e+001
      vertex -5.099843e+001 -5.605759e+000  4.262367e+001
      vertex -5.066039e+001 -5.605759e+000  4.325152e+001
    endloop
  endfacet
  facet normal  -0.000000e+000  1.000000e+000  0.000000e+000
    outer loop
      vertex -4.245219e+001 -5.605759e+000  4.290047e+001
      vertex -5.066039e+001 -5.605759e+000  4.325152e+001
      vertex -4.284912e+001 -5.605759e+000  4.332548e+001
    endloop
  endfacet
  facet normal  0.000000e+000  9.999999e-001  0.000000e+000
    outer loop
      vertex -4.284912e+001 -5.605759e+000  4.332548e+001
      vertex -5.066039e+001 -5.605759e+000  4.325152e+001
      vertex -5.039315e+001 -5.605759e+000  4.391262e+001
    endloop
  endfacet
  facet normal  0.000000e+000  9.999999e-001  0.000000e+000
    outer loop
      vertex -4.284912e+001 -5.605759e+000  4.332548e+001
      vertex -5.039315e+001 -5.605759e+000  4.391262e+001
      vertex -4.318448e+001 -5.605759e+000  4.380058e+001
    endloop
  endfacet
  facet normal  -0.000000e+000  1.000000e+000  0.000000e+000
    outer loop
      vertex -4.097081e+001 -5.605759e+000  4.199962e+001
      vertex -5.140322e+001 -5.605759e+000  4.203663e+001
      vertex -4.150421e+001 -5.605759e+000  4.223131e+001
    endloop
  endfacet
  facet normal  0.000000e+000  1.000000e+000  0.000000e+000
    outer loop
      vertex -4.150421e+001 -5.605759e+000  4.223131e+001
      vertex -5.140322e+001 -5.605759e+000  4.203663e+001
      vertex -5.099843e+001 -5.605759e+000  4.262367e+001
    endloop
  endfacet
  facet normal  0.000000e+000  1.000000e+000  0.000000e+000
    outer loop
      vertex -4.150421e+001 -5.605759e+000  4.223131e+001
      vertex -5.099843e+001 -5.605759e+000  4.262367e+001
      vertex -4.200108e+001 -5.605759e+000  4.253347e+001
    endloop
  endfacet
  facet normal  0.000000e+000  1.000000e+000  0.000000e+000
    outer loop
      vertex -3.811708e+001 -5.605759e+000  5.002925e+001
      vertex -3.485296e+001 -5.605759e+000  4.975537e+001
      vertex -3.758369e+001 -5.605759e+000  4.979756e+001
    endloop
  endfacet
  facet normal  0.000000e+000  1.000000e+000  0.000000e+000
    outer loop
      vertex -3.758369e+001 -5.605759e+000  4.979756e+001
      vertex -3.485296e+001 -5.605759e+000  4.975537e+001
      vertex -3.446360e+001 -5.605759e+000  4.920663e+001
    endloop
  endfacet
  facet normal  0.000000e+000  9.999999e-001  0.000000e+000
    outer loop
      vertex -3.758369e+001 -5.605759e+000  4.979756e+001
      vertex -3.446360e+001 -5.605759e+000  4.920663e+001
      vertex -3.708681e+001 -5.605759e+000  4.949540e+001
    endloop
  endfacet
  facet normal  0.000000e+000  1.000000e+000  0.000000e+000
    outer loop
      vertex -3.544112e+001 -5.605759e+000  4.716399e+001
      vertex -3.563587e+001 -5.605759e+000  4.771195e+001
      vertex -3.369438e+001 -5.605759e+000  4.734956e+001
    endloop
  endfacet
  facet normal  0.000000e+000  9.999999e-001  0.000000e+000
    outer loop
      vertex -3.369438e+001 -5.605759e+000  4.734956e+001
      vertex -3.563587e+001 -5.605759e+000  4.771195e+001
      vertex -3.590342e+001 -5.605759e+000  4.822829e+001
    endloop
  endfacet
  facet normal  0.000000e+000  1.000000e+000  0.000000e+000
    outer loop
      vertex -3.369438e+001 -5.605759e+000  4.734956e+001
      vertex -3.590342e+001 -5.605759e+000  4.822829e+001
      vertex -3.388065e+001 -5.605759e+000  4.799611e+001
    endloop
  endfacet
  facet normal  0.000000e+000  1.000000e+000  0.000000e+000
    outer loop
      vertex -3.388065e+001 -5.605759e+000  4.799611e+001
      vertex -3.590342e+001 -5.605759e+000  4.822829e+001
      vertex -3.623878e+001 -5.605759e+000  4.870339e+001
    endloop
  endfacet
  facet normal  0.000000e+000  1.000000e+000  0.000000e+000
    outer loop
      vertex -3.388065e+001 -5.605759e+000  4.799611e+001
      vertex -3.623878e+001 -5.605759e+000  4.870339e+001
      vertex -3.413814e+001 -5.605759e+000  4.861774e+001
    endloop
  endfacet
  facet normal  0.000000e+000  9.999999e-001  0.000000e+000
    outer loop
      vertex -3.413814e+001 -5.605759e+000  4.861774e+001
      vertex -3.623878e+001 -5.605759e+000  4.870339e+001
      vertex -3.663571e+001 -5.605759e+000  4.912840e+001
    endloop
  endfacet
  facet normal  -0.000000e+000  1.000000e+000  0.000000e+000
    outer loop
      vertex -3.413814e+001 -5.605759e+000  4.861774e+001
      vertex -3.663571e+001 -5.605759e+000  4.912840e+001
      vertex -3.446360e+001 -5.605759e+000  4.920663e+001
    endloop
  endfacet
  facet normal  0.000000e+000  9.999999e-001  0.000000e+000
    outer loop
      vertex -3.590342e+001 -5.605759e+000  4.380058e+001
      vertex -3.563587e+001 -5.605759e+000  4.431692e+001
      vertex -3.388065e+001 -5.605759e+000  4.403276e+001
    endloop
  endfacet
  facet normal  0.000000e+000  1.000000e+000  0.000000e+000
    outer loop
      vertex -3.388065e+001 -5.605759e+000  4.403276e+001
      vertex -3.563587e+001 -5.605759e+000  4.431692e+001
      vertex -3.544112e+001 -5.605759e+000  4.486488e+001
    endloop
  endfacet
  facet normal  0.000000e+000  1.000000e+000  0.000000e+000
    outer loop
      vertex -3.388065e+001 -5.605759e+000  4.403276e+001
      vertex -3.544112e+001 -5.605759e+000  4.486488e+001
      vertex -3.369438e+001 -5.605759e+000  4.467931e+001
    endloop
  endfacet
  facet normal  0.000000e+000  1.000000e+000  0.000000e+000
    outer loop
      vertex -3.369438e+001 -5.605759e+000  4.467931e+001
      vertex -3.544112e+001 -5.605759e+000  4.486488e+001
      vertex -3.532281e+001 -5.605759e+000  4.543425e+001
    endloop
  endfacet
  facet normal  0.000000e+000  1.000000e+000  0.000000e+000
    outer loop
      vertex -3.369438e+001 -5.605759e+000  4.467931e+001
      vertex -3.532281e+001 -5.605759e+000  4.543425e+001
      vertex -3.358168e+001 -5.605759e+000  4.534265e+001
    endloop
  endfacet
  facet normal  0.000000e+000  1.000000e+000  0.000000e+000
    outer loop
      vertex -3.358168e+001 -5.605759e+000  4.534265e+001
      vertex -3.532281e+001 -5.605759e+000  4.543425e+001
      vertex -3.528312e+001 -5.605759e+000  4.601443e+001
    endloop
  endfacet
  facet normal  -0.000000e+000  1.000000e+000  0.000000e+000
    outer loop
      vertex -3.358168e+001 -5.605759e+000  4.534265e+001
      vertex -3.528312e+001 -5.605759e+000  4.601443e+001
      vertex -3.354395e+001 -5.605759e+000  4.601443e+001
    endloop
  endfacet
  facet normal  0.000000e+000  1.000000e+000  0.000000e+000
    outer loop
      vertex -3.354395e+001 -5.605759e+000  4.601443e+001
      vertex -3.528312e+001 -5.605759e+000  4.601443e+001
      vertex -3.532281e+001 -5.605759e+000  4.659462e+001
    endloop
  endfacet
  facet normal  -0.000000e+000  1.000000e+000  0.000000e+000
    outer loop
      vertex -3.354395e+001 -5.605759e+000  4.601443e+001
      vertex -3.532281e+001 -5.605759e+000  4.659462e+001
      vertex -3.358168e+001 -5.605759e+000  4.668622e+001
    endloop
  endfacet
  facet normal  0.000000e+000  1.000000e+000  0.000000e+000
    outer loop
      vertex -3.358168e+001 -5.605759e+000  4.668622e+001
      vertex -3.532281e+001 -5.605759e+000  4.659462e+001
      vertex -3.544112e+001 -5.605759e+000  4.716399e+001
    endloop
  endfacet
  facet normal  -0.000000e+000  1.000000e+000  0.000000e+000
    outer loop
      vertex -3.358168e+001 -5.605759e+000  4.668622e+001
      vertex -3.544112e+001 -5.605759e+000  4.716399e+001
      vertex -3.369438e+001 -5.605759e+000  4.734956e+001
    endloop
  endfacet
  facet normal  0.000000e+000  1.000000e+000  0.000000e+000
    outer loop
      vertex -3.758369e+001 -5.605759e+000  4.223131e+001
      vertex -3.708681e+001 -5.605759e+000  4.253347e+001
      vertex -3.485296e+001 -5.605759e+000  4.227349e+001
    endloop
  endfacet
  facet normal  0.000000e+000  9.999999e-001  0.000000e+000
    outer loop
      vertex -3.485296e+001 -5.605759e+000  4.227349e+001
      vertex -3.708681e+001 -5.605759e+000  4.253347e+001
      vertex -3.663571e+001 -5.605759e+000  4.290047e+001
    endloop
  endfacet
  facet normal  0.000000e+000  1.000000e+000  0.000000e+000
    outer loop
      vertex -3.485296e+001 -5.605759e+000  4.227349e+001
      vertex -3.663571e+001 -5.605759e+000  4.290047e+001
      vertex -3.446360e+001 -5.605759e+000  4.282224e+001
    endloop
  endfacet
  facet normal  0.000000e+000  9.999999e-001  0.000000e+000
    outer loop
      vertex -3.446360e+001 -5.605759e+000  4.282224e+001
      vertex -3.663571e+001 -5.605759e+000  4.290047e+001
      vertex -3.623878e+001 -5.605759e+000  4.332548e+001
    endloop
  endfacet
  facet normal  -0.000000e+000  1.000000e+000  0.000000e+000
    outer loop
      vertex -3.446360e+001 -5.605759e+000  4.282224e+001
      vertex -3.623878e+001 -5.605759e+000  4.332548e+001
      vertex -3.413814e+001 -5.605759e+000  4.341113e+001
    endloop
  endfacet
  facet normal  0.000000e+000  1.000000e+000  0.000000e+000
    outer loop
      vertex -3.413814e+001 -5.605759e+000  4.341113e+001
      vertex -3.623878e+001 -5.605759e+000  4.332548e+001
      vertex -3.590342e+001 -5.605759e+000  4.380058e+001
    endloop
  endfacet
  facet normal  -0.000000e+000  1.000000e+000  0.000000e+000
    outer loop
      vertex -3.413814e+001 -5.605759e+000  4.341113e+001
      vertex -3.590342e+001 -5.605759e+000  4.380058e+001
      vertex -3.388065e+001 -5.605759e+000  4.403276e+001
    endloop
  endfacet
  facet normal  0.000000e+000  1.000000e+000  0.000000e+000
    outer loop
      vertex -3.867706e+001 -5.605759e+000  4.184273e+001
      vertex -3.811708e+001 -5.605759e+000  4.199962e+001
      vertex -3.530131e+001 -5.605759e+000  4.177179e+001
    endloop
  endfacet
  facet normal  0.000000e+000  1.000000e+000  0.000000e+000
    outer loop
      vertex -3.530131e+001 -5.605759e+000  4.177179e+001
      vertex -3.811708e+001 -5.605759e+000  4.199962e+001
      vertex -3.758369e+001 -5.605759e+000  4.223131e+001
    endloop
  endfacet
  facet normal  -0.000000e+000  1.000000e+000  0.000000e+000
    outer loop
      vertex -3.530131e+001 -5.605759e+000  4.177179e+001
      vertex -3.758369e+001 -5.605759e+000  4.223131e+001
      vertex -3.485296e+001 -5.605759e+000  4.227349e+001
    endloop
  endfacet
  facet normal  -0.000000e+000 -1.000000e+000  -0.000000e+000
    outer loop
      vertex -5.437730e+001 -9.505759e+000  5.101443e+001
      vertex -5.437730e+001 -9.505759e+000  5.201443e+001
      vertex -5.663269e+001 -9.505759e+000  5.390344e+001
    endloop
  endfacet
  facet normal  0.000000e+000 -1.000000e+000  0.000000e+000
    outer loop
      vertex -5.437730e+001 -9.505759e+000  5.201443e+001
      vertex -5.336084e+001 -9.505759e+000  5.201443e+001
      vertex -5.663269e+001 -9.505759e+000  5.390344e+001
    endloop
  endfacet
  facet normal  0.000000e+000 -1.000000e+000  0.000000e+000
    outer loop
      vertex -6.072406e+001 -9.505759e+000  5.031870e+001
      vertex -6.079137e+001 -9.505759e+000  4.177658e+001
      vertex -6.028565e+001 -9.505759e+000  4.132405e+001
    endloop
  endfacet
  facet normal  0.000000e+000 -1.000000e+000  0.000000e+000
    outer loop
      vertex -5.778811e+001 -9.505759e+000  5.190219e+001
      vertex -5.776503e+001 -9.505759e+000  5.188887e+001
      vertex -5.663269e+001 -9.505759e+000  5.390344e+001
    endloop
  endfacet
  facet normal  0.000000e+000 -1.000000e+000  0.000000e+000
    outer loop
      vertex -6.028565e+001 -9.505759e+000  4.151443e+001
      vertex -4.986426e+001 -9.505759e+000  4.151443e+001
      vertex -4.986426e+001 -9.505759e+000  5.101443e+001
    endloop
  endfacet
  facet normal  -0.000000e+000 -9.999999e-001  0.000000e+000
    outer loop
      vertex -6.028565e+001 -9.505759e+000  4.151443e+001
      vertex -4.986426e+001 -9.505759e+000  5.101443e+001
      vertex -5.437730e+001 -9.505759e+000  5.101443e+001
    endloop
  endfacet
  facet normal  -0.000000e+000 -1.000000e+000  0.000000e+000
    outer loop
      vertex -6.028565e+001 -9.505759e+000  4.151443e+001
      vertex -5.437730e+001 -9.505759e+000  5.101443e+001
      vertex -5.663269e+001 -9.505759e+000  5.390344e+001
    endloop
  endfacet
  facet normal  0.000000e+000 -1.000000e+000  0.000000e+000
    outer loop
      vertex -6.028565e+001 -9.505759e+000  4.151443e+001
      vertex -5.663269e+001 -9.505759e+000  5.390344e+001
      vertex -5.776503e+001 -9.505759e+000  5.188887e+001
    endloop
  endfacet
  facet normal  0.000000e+000 -1.000000e+000  0.000000e+000
    outer loop
      vertex -6.028565e+001 -9.505759e+000  4.151443e+001
      vertex -5.776503e+001 -9.505759e+000  5.188887e+001
      vertex -5.842057e+001 -9.505759e+000  5.171341e+001
    endloop
  endfacet
  facet normal  0.000000e+000 -1.000000e+000  0.000000e+000
    outer loop
      vertex -6.028565e+001 -9.505759e+000  4.151443e+001
      vertex -5.842057e+001 -9.505759e+000  5.171341e+001
      vertex -5.905212e+001 -9.505759e+000  5.146504e+001
    endloop
  endfacet
  facet normal  0.000000e+000 -1.000000e+000  0.000000e+000
    outer loop
      vertex -6.028565e+001 -9.505759e+000  4.151443e+001
      vertex -5.905212e+001 -9.505759e+000  5.146504e+001
      vertex -5.965157e+001 -9.505759e+000  5.114695e+001
    endloop
  endfacet
  facet normal  0.000000e+000 -1.000000e+000  0.000000e+000
    outer loop
      vertex -6.028565e+001 -9.505759e+000  4.151443e+001
      vertex -5.965157e+001 -9.505759e+000  5.114695e+001
      vertex -6.021127e+001 -9.505759e+000  5.076320e+001
    endloop
  endfacet
  facet normal  0.000000e+000 -1.000000e+000  0.000000e+000
    outer loop
      vertex -6.028565e+001 -9.505759e+000  4.151443e+001
      vertex -6.021127e+001 -9.505759e+000  5.076320e+001
      vertex -6.072406e+001 -9.505759e+000  5.031870e+001
    endloop
  endfacet
  facet normal  0.000000e+000 -1.000000e+000  0.000000e+000
    outer loop
      vertex -6.028565e+001 -9.505759e+000  4.151443e+001
      vertex -6.072406e+001 -9.505759e+000  5.031870e+001
      vertex -6.028565e+001 -9.505759e+000  4.132405e+001
    endloop
  endfacet
  facet normal  0.000000e+000 -1.000000e+000  0.000000e+000
    outer loop
      vertex -6.254376e+001 -9.505759e+000  4.606171e+001
      vertex -6.251073e+001 -9.505759e+000  4.538389e+001
      vertex -6.250005e+001 -9.505759e+000  4.673893e+001
    endloop
  endfacet
  facet normal  0.000000e+000 -1.000000e+000  -0.000000e+000
    outer loop
      vertex -6.250005e+001 -9.505759e+000  4.673893e+001
      vertex -6.251073e+001 -9.505759e+000  4.538389e+001
      vertex -6.240136e+001 -9.505759e+000  4.471414e+001
    endloop
  endfacet
  facet normal  0.000000e+000 -9.999999e-001  0.000000e+000
    outer loop
      vertex -6.250005e+001 -9.505759e+000  4.673893e+001
      vertex -6.240136e+001 -9.505759e+000  4.471414e+001
      vertex -6.238014e+001 -9.505759e+000  4.740687e+001
    endloop
  endfacet
  facet normal  0.000000e+000 -1.000000e+000  -0.000000e+000
    outer loop
      vertex -6.238014e+001 -9.505759e+000  4.740687e+001
      vertex -6.240136e+001 -9.505759e+000  4.471414e+001
      vertex -6.221706e+001 -9.505759e+000  4.406102e+001
    endloop
  endfacet
  facet normal  0.000000e+000 -1.000000e+000  0.000000e+000
    outer loop
      vertex -6.238014e+001 -9.505759e+000  4.740687e+001
      vertex -6.221706e+001 -9.505759e+000  4.406102e+001
      vertex -6.218557e+001 -9.505759e+000  4.805701e+001
    endloop
  endfacet
  facet normal  0.000000e+000 -9.999999e-001  -0.000000e+000
    outer loop
      vertex -6.218557e+001 -9.505759e+000  4.805701e+001
      vertex -6.221706e+001 -9.505759e+000  4.406102e+001
      vertex -6.196019e+001 -9.505759e+000  4.343289e+001
    endloop
  endfacet
  facet normal  0.000000e+000 -9.999999e-001  0.000000e+000
    outer loop
      vertex -6.218557e+001 -9.505759e+000  4.805701e+001
      vertex -6.196019e+001 -9.505759e+000  4.343289e+001
      vertex -6.191883e+001 -9.505759e+000  4.868101e+001
    endloop
  endfacet
  facet normal  0.000000e+000 -9.999999e-001  -0.000000e+000
    outer loop
      vertex -6.191883e+001 -9.505759e+000  4.868101e+001
      vertex -6.196019e+001 -9.505759e+000  4.343289e+001
      vertex -6.163403e+001 -9.505759e+000  4.283778e+001
    endloop
  endfacet
  facet normal  0.000000e+000 -1.000000e+000  0.000000e+000
    outer loop
      vertex -6.191883e+001 -9.505759e+000  4.868101e+001
      vertex -6.163403e+001 -9.505759e+000  4.283778e+001
      vertex -6.158334e+001 -9.505759e+000  4.927090e+001
    endloop
  endfacet
  facet normal  0.000000e+000 -1.000000e+000  -0.000000e+000
    outer loop
      vertex -6.158334e+001 -9.505759e+000  4.927090e+001
      vertex -6.163403e+001 -9.505759e+000  4.283778e+001
      vertex -6.124275e+001 -9.505759e+000  4.228332e+001
    endloop
  endfacet
  facet normal  0.000000e+000 -1.000000e+000  0.000000e+000
    outer loop
      vertex -6.158334e+001 -9.505759e+000  4.927090e+001
      vertex -6.124275e+001 -9.505759e+000  4.228332e+001
      vertex -6.118337e+001 -9.505759e+000  4.981913e+001
    endloop
  endfacet
  facet normal  0.000000e+000 -9.999999e-001  -0.000000e+000
    outer loop
      vertex -6.118337e+001 -9.505759e+000  4.981913e+001
      vertex -6.124275e+001 -9.505759e+000  4.228332e+001
      vertex -6.079137e+001 -9.505759e+000  4.177658e+001
    endloop
  endfacet
  facet normal  0.000000e+000 -9.999999e-001  0.000000e+000
    outer loop
      vertex -6.118337e+001 -9.505759e+000  4.981913e+001
      vertex -6.079137e+001 -9.505759e+000  4.177658e+001
      vertex -6.072406e+001 -9.505759e+000  5.031870e+001
    endloop
  endfacet
  facet normal  0.000000e+000  1.000000e+000  0.000000e+000
    outer loop
      vertex -5.663269e+001 -1.770576e+001  5.390344e+001
      vertex -5.336084e+001 -1.770576e+001  5.201443e+001
      vertex -5.437730e+001 -1.770576e+001  5.201443e+001
    endloop
  endfacet
  facet normal  0.000000e+000  1.000000e+000  0.000000e+000
    outer loop
      vertex -5.778811e+001 -1.770576e+001  5.190219e+001
      vertex -5.663269e+001 -1.770576e+001  5.390344e+001
      vertex -5.776503e+001 -1.770576e+001  5.188887e+001
    endloop
  endfacet
  facet normal  0.000000e+000  1.000000e+000  0.000000e+000
    outer loop
      vertex -6.072566e+001 -1.770576e+001  5.031676e+001
      vertex -6.021269e+001 -1.770576e+001  5.076180e+001
      vertex -6.028565e+001 -1.770576e+001  4.151443e+001
    endloop
  endfacet
  facet normal  0.000000e+000  9.999999e-001  0.000000e+000
    outer loop
      vertex -5.437730e+001 -1.770576e+001  5.101443e+001
      vertex -4.986426e+001 -1.770576e+001  5.101443e+001
      vertex -4.986426e+001 -1.770576e+001  4.151443e+001
    endloop
  endfacet
  facet normal  0.000000e+000  1.000000e+000  0.000000e+000
    outer loop
      vertex -5.437730e+001 -1.770576e+001  5.101443e+001
      vertex -4.986426e+001 -1.770576e+001  4.151443e+001
      vertex -6.028565e+001 -1.770576e+001  4.151443e+001
    endloop
  endfacet
  facet normal  0.000000e+000  1.000000e+000  0.000000e+000
    outer loop
      vertex -5.437730e+001 -1.770576e+001  5.101443e+001
      vertex -6.028565e+001 -1.770576e+001  4.151443e+001
      vertex -6.021269e+001 -1.770576e+001  5.076180e+001
    endloop
  endfacet
  facet normal  0.000000e+000  1.000000e+000  0.000000e+000
    outer loop
      vertex -5.437730e+001 -1.770576e+001  5.101443e+001
      vertex -6.021269e+001 -1.770576e+001  5.076180e+001
      vertex -5.965274e+001 -1.770576e+001  5.114605e+001
    endloop
  endfacet
  facet normal  -0.000000e+000  1.000000e+000  0.000000e+000
    outer loop
      vertex -5.437730e+001 -1.770576e+001  5.101443e+001
      vertex -5.965274e+001 -1.770576e+001  5.114605e+001
      vertex -5.905298e+001 -1.770576e+001  5.146457e+001
    endloop
  endfacet
  facet normal  -0.000000e+000  1.000000e+000  0.000000e+000
    outer loop
      vertex -5.437730e+001 -1.770576e+001  5.101443e+001
      vertex -5.905298e+001 -1.770576e+001  5.146457e+001
      vertex -5.842104e+001 -1.770576e+001  5.171324e+001
    endloop
  endfacet
  facet normal  -0.000000e+000  1.000000e+000  0.000000e+000
    outer loop
      vertex -5.437730e+001 -1.770576e+001  5.101443e+001
      vertex -5.842104e+001 -1.770576e+001  5.171324e+001
      vertex -5.776503e+001 -1.770576e+001  5.188887e+001
    endloop
  endfacet
  facet normal  -0.000000e+000  1.000000e+000  0.000000e+000
    outer loop
      vertex -5.437730e+001 -1.770576e+001  5.101443e+001
      vertex -5.776503e+001 -1.770576e+001  5.188887e+001
      vertex -5.663269e+001 -1.770576e+001  5.390344e+001
    endloop
  endfacet
  facet normal  0.000000e+000  1.000000e+000  0.000000e+000
    outer loop
      vertex -5.437730e+001 -1.770576e+001  5.101443e+001
      vertex -5.663269e+001 -1.770576e+001  5.390344e+001
      vertex -5.437730e+001 -1.770576e+001  5.201443e+001
    endloop
  endfacet
  facet normal  0.000000e+000  1.000000e+000  0.000000e+000
    outer loop
      vertex -6.254372e+001 -1.770576e+001  4.605774e+001
      vertex -6.250058e+001 -1.770576e+001  4.673447e+001
      vertex -6.251020e+001 -1.770576e+001  4.538047e+001
    endloop
  endfacet
  facet normal  0.000000e+000  1.000000e+000  0.000000e+000
    outer loop
      vertex -6.251020e+001 -1.770576e+001  4.538047e+001
      vertex -6.250058e+001 -1.770576e+001  4.673447e+001
      vertex -6.238129e+001 -1.770576e+001  4.740202e+001
    endloop
  endfacet
  facet normal  0.000000e+000  1.000000e+000  0.000000e+000
    outer loop
      vertex -6.251020e+001 -1.770576e+001  4.538047e+001
      vertex -6.238129e+001 -1.770576e+001  4.740202e+001
      vertex -6.240048e+001 -1.770576e+001  4.471129e+001
    endloop
  endfacet
  facet normal  0.000000e+000  1.000000e+000  0.000000e+000
    outer loop
      vertex -6.240048e+001 -1.770576e+001  4.471129e+001
      vertex -6.238129e+001 -1.770576e+001  4.740202e+001
      vertex -6.218709e+001 -1.770576e+001  4.805277e+001
    endloop
  endfacet
  facet normal  0.000000e+000  1.000000e+000  0.000000e+000
    outer loop
      vertex -6.240048e+001 -1.770576e+001  4.471129e+001
      vertex -6.218709e+001 -1.770576e+001  4.805277e+001
      vertex -6.221599e+001 -1.770576e+001  4.405875e+001
    endloop
  endfacet
  facet normal  0.000000e+000  1.000000e+000  0.000000e+000
    outer loop
      vertex -6.221599e+001 -1.770576e+001  4.405875e+001
      vertex -6.218709e+001 -1.770576e+001  4.805277e+001
      vertex -6.192056e+001 -1.770576e+001  4.867738e+001
    endloop
  endfacet
  facet normal  0.000000e+000  1.000000e+000  0.000000e+000
    outer loop
      vertex -6.221599e+001 -1.770576e+001  4.405875e+001
      vertex -6.192056e+001 -1.770576e+001  4.867738e+001
      vertex -6.195910e+001 -1.770576e+001  4.343117e+001
    endloop
  endfacet
  facet normal  0.000000e+000  1.000000e+000  0.000000e+000
    outer loop
      vertex -6.195910e+001 -1.770576e+001  4.343117e+001
      vertex -6.192056e+001 -1.770576e+001  4.867738e+001
      vertex -6.158512e+001 -1.770576e+001  4.926786e+001
    endloop
  endfacet
  facet normal  0.000000e+000  1.000000e+000  0.000000e+000
    outer loop
      vertex -6.195910e+001 -1.770576e+001  4.343117e+001
      vertex -6.158512e+001 -1.770576e+001  4.926786e+001
      vertex -6.163308e+001 -1.770576e+001  4.283657e+001
    endloop
  endfacet
  facet normal  0.000000e+000  1.000000e+000  0.000000e+000
    outer loop
      vertex -6.163308e+001 -1.770576e+001  4.283657e+001
      vertex -6.158512e+001 -1.770576e+001  4.926786e+001
      vertex -6.118510e+001 -1.770576e+001  4.981665e+001
    endloop
  endfacet
  facet normal  0.000000e+000  1.000000e+000  0.000000e+000
    outer loop
      vertex -6.163308e+001 -1.770576e+001  4.283657e+001
      vertex -6.118510e+001 -1.770576e+001  4.981665e+001
      vertex -6.124207e+001 -1.770576e+001  4.228256e+001
    endloop
  endfacet
  facet normal  0.000000e+000  9.999999e-001  0.000000e+000
    outer loop
      vertex -6.124207e+001 -1.770576e+001  4.228256e+001
      vertex -6.118510e+001 -1.770576e+001  4.981665e+001
      vertex -6.072566e+001 -1.770576e+001  5.031676e+001
    endloop
  endfacet
  facet normal  0.000000e+000  1.000000e+000  0.000000e+000
    outer loop
      vertex -6.124207e+001 -1.770576e+001  4.228256e+001
      vertex -6.072566e+001 -1.770576e+001  5.031676e+001
      vertex -6.079100e+001 -1.770576e+001  4.177623e+001
    endloop
  endfacet
  facet normal  -0.000000e+000  1.000000e+000  0.000000e+000
    outer loop
      vertex -6.079100e+001 -1.770576e+001  4.177623e+001
      vertex -6.072566e+001 -1.770576e+001  5.031676e+001
      vertex -6.028565e+001 -1.770576e+001  4.151443e+001
    endloop
  endfacet
  facet normal  0.000000e+000  9.999999e-001  0.000000e+000
    outer loop
      vertex -6.079100e+001 -1.770576e+001  4.177623e+001
      vertex -6.028565e+001 -1.770576e+001  4.151443e+001
      vertex -6.028565e+001 -1.770576e+001  4.132405e+001
    endloop
  endfacet
  facet normal -1.000000e+000  0.000000e+000  0.000000e+000
    outer loop
      vertex -4.986426e+001 -9.505759e+000  5.101443e+001
      vertex -4.986426e+001 -9.505759e+000  4.151443e+001
      vertex -4.986426e+001 -9.906679e+000  4.477626e+001
    endloop
  endfacet
  facet normal -1.000000e+000  0.000000e+000  0.000000e+000
    outer loop
      vertex -4.986426e+001 -9.505759e+000  5.101443e+001
      vertex -4.986426e+001 -9.906679e+000  4.477626e+001
      vertex -4.986426e+001 -9.906679e+000  4.717786e+001
    endloop
  endfacet
  facet normal -1.000000e+000  0.000000e+000  0.000000e+000
    outer loop
      vertex -4.986426e+001 -9.505759e+000  5.101443e+001
      vertex -4.986426e+001 -9.906679e+000  4.717786e+001
      vertex -4.986426e+001 -9.944979e+000  4.771336e+001
    endloop
  endfacet
  facet normal -1.000000e+000  0.000000e+000  0.000000e+000
    outer loop
      vertex -4.986426e+001 -9.505759e+000  5.101443e+001
      vertex -4.986426e+001 -9.944979e+000  4.771336e+001
      vertex -4.986426e+001 -1.005910e+001  4.823795e+001
    endloop
  endfacet
  facet normal -9.999999e-001  0.000000e+000  0.000000e+000
    outer loop
      vertex -4.986426e+001 -9.505759e+000  5.101443e+001
      vertex -4.986426e+001 -1.005910e+001  4.823795e+001
      vertex -4.986426e+001 -1.024671e+001  4.874096e+001
    endloop
  endfacet
  facet normal -1.000000e+000  0.000000e+000  0.000000e+000
    outer loop
      vertex -4.986426e+001 -9.505759e+000  5.101443e+001
      vertex -4.986426e+001 -1.024671e+001  4.874096e+001
      vertex -4.986426e+001 -1.050400e+001  4.921214e+001
    endloop
  endfacet
  facet normal -1.000000e+000  0.000000e+000  0.000000e+000
    outer loop
      vertex -4.986426e+001 -9.505759e+000  5.101443e+001
      vertex -4.986426e+001 -1.050400e+001  4.921214e+001
      vertex -4.986426e+001 -1.082573e+001  4.964192e+001
    endloop
  endfacet
  facet normal -1.000000e+000  0.000000e+000  0.000000e+000
    outer loop
      vertex -4.986426e+001 -9.505759e+000  5.101443e+001
      vertex -4.986426e+001 -1.082573e+001  4.964192e+001
      vertex -4.986426e+001 -1.120534e+001  5.002154e+001
    endloop
  endfacet
  facet normal -1.000000e+000  0.000000e+000  0.000000e+000
    outer loop
      vertex -4.986426e+001 -9.505759e+000  5.101443e+001
      vertex -4.986426e+001 -1.120534e+001  5.002154e+001
      vertex -4.986426e+001 -1.163512e+001  5.034327e+001
    endloop
  endfacet
  facet normal -1.000000e+000  0.000000e+000  0.000000e+000
    outer loop
      vertex -4.986426e+001 -9.505759e+000  5.101443e+001
      vertex -4.986426e+001 -1.163512e+001  5.034327e+001
      vertex -4.986426e+001 -1.210631e+001  5.060056e+001
    endloop
  endfacet
  facet normal -1.000000e+000  0.000000e+000  0.000000e+000
    outer loop
      vertex -4.986426e+001 -9.505759e+000  5.101443e+001
      vertex -4.986426e+001 -1.210631e+001  5.060056e+001
      vertex -4.986426e+001 -1.260932e+001  5.078817e+001
    endloop
  endfacet
  facet normal -9.999999e-001  0.000000e+000  0.000000e+000
    outer loop
      vertex -4.986426e+001 -9.505759e+000  5.101443e+001
      vertex -4.986426e+001 -1.260932e+001  5.078817e+001
      vertex -4.986426e+001 -1.313391e+001  5.090229e+001
    endloop
  endfacet
  facet normal -1.000000e+000  0.000000e+000  0.000000e+000
    outer loop
      vertex -4.986426e+001 -9.505759e+000  5.101443e+001
      vertex -4.986426e+001 -1.313391e+001  5.090229e+001
      vertex -4.986426e+001 -1.366940e+001  5.094059e+001
    endloop
  endfacet
  facet normal -1.000000e+000  0.000000e+000  0.000000e+000
    outer loop
      vertex -4.986426e+001 -9.505759e+000  5.101443e+001
      vertex -4.986426e+001 -1.366940e+001  5.094059e+001
      vertex -4.986426e+001 -1.770576e+001  5.101443e+001
    endloop
  endfacet
  facet normal -1.000000e+000  0.000000e+000  0.000000e+000
    outer loop
      vertex -4.986426e+001 -9.505759e+000  4.151443e+001
      vertex -4.986426e+001 -1.179362e+001  4.151443e+001
      vertex -4.986426e+001 -1.138327e+001  4.178767e+001
    endloop
  endfacet
  facet normal -1.000000e+000  0.000000e+000  0.000000e+000
    outer loop
      vertex -4.986426e+001 -9.505759e+000  4.151443e+001
      vertex -4.986426e+001 -1.138327e+001  4.178767e+001
      vertex -4.986426e+001 -1.101217e+001  4.211220e+001
    endloop
  endfacet
  facet normal -1.000000e+000  0.000000e+000  0.000000e+000
    outer loop
      vertex -4.986426e+001 -9.505759e+000  4.151443e+001
      vertex -4.986426e+001 -1.101217e+001  4.211220e+001
      vertex -4.986426e+001 -1.068668e+001  4.248247e+001
    endloop
  endfacet
  facet normal -1.000000e+000  0.000000e+000  0.000000e+000
    outer loop
      vertex -4.986426e+001 -9.505759e+000  4.151443e+001
      vertex -4.986426e+001 -1.068668e+001  4.248247e+001
      vertex -4.986426e+001 -1.041240e+001  4.289211e+001
    endloop
  endfacet
  facet normal -1.000000e+000  0.000000e+000  0.000000e+000
    outer loop
      vertex -4.986426e+001 -9.505759e+000  4.151443e+001
      vertex -4.986426e+001 -1.041240e+001  4.289211e+001
      vertex -4.986426e+001 -1.019402e+001  4.333410e+001
    endloop
  endfacet
  facet normal -1.000000e+000  0.000000e+000  0.000000e+000
    outer loop
      vertex -4.986426e+001 -9.505759e+000  4.151443e+001
      vertex -4.986426e+001 -1.019402e+001  4.333410e+001
      vertex -4.986426e+001 -1.003531e+001  4.380084e+001
    endloop
  endfacet
  facet normal -1.000000e+000  0.000000e+000  0.000000e+000
    outer loop
      vertex -4.986426e+001 -9.505759e+000  4.151443e+001
      vertex -4.986426e+001 -1.003531e+001  4.380084e+001
      vertex -4.986426e+001 -9.938975e+000  4.428433e+001
    endloop
  endfacet
  facet normal -1.000000e+000  0.000000e+000  0.000000e+000
    outer loop
      vertex -4.986426e+001 -9.505759e+000  4.151443e+001
      vertex -4.986426e+001 -9.938975e+000  4.428433e+001
      vertex -4.986426e+001 -9.906679e+000  4.477626e+001
    endloop
  endfacet
  facet normal -1.000000e+000  -0.000000e+000  0.000000e+000
    outer loop
      vertex -4.986426e+001 -1.770576e+001  5.101443e+001
      vertex -4.986426e+001 -1.366940e+001  5.094059e+001
      vertex -4.986426e+001 -1.420489e+001  5.090229e+001
    endloop
  endfacet
  facet normal -1.000000e+000  -0.000000e+000  0.000000e+000
    outer loop
      vertex -4.986426e+001 -1.770576e+001  5.101443e+001
      vertex -4.986426e+001 -1.420489e+001  5.090229e+001
      vertex -4.986426e+001 -1.472948e+001  5.078817e+001
    endloop
  endfacet
  facet normal -1.000000e+000  -0.000000e+000  0.000000e+000
    outer loop
      vertex -4.986426e+001 -1.770576e+001  5.101443e+001
      vertex -4.986426e+001 -1.472948e+001  5.078817e+001
      vertex -4.986426e+001 -1.523249e+001  5.060056e+001
    endloop
  endfacet
  facet normal -1.000000e+000  -0.000000e+000  0.000000e+000
    outer loop
      vertex -4.986426e+001 -1.770576e+001  5.101443e+001
      vertex -4.986426e+001 -1.523249e+001  5.060056e+001
      vertex -4.986426e+001 -1.570368e+001  5.034327e+001
    endloop
  endfacet
  facet normal -1.000000e+000  -0.000000e+000  0.000000e+000
    outer loop
      vertex -4.986426e+001 -1.770576e+001  5.101443e+001
      vertex -4.986426e+001 -1.570368e+001  5.034327e+001
      vertex -4.986426e+001 -1.613346e+001  5.002154e+001
    endloop
  endfacet
  facet normal -1.000000e+000  -0.000000e+000  0.000000e+000
    outer loop
      vertex -4.986426e+001 -1.770576e+001  5.101443e+001
      vertex -4.986426e+001 -1.613346e+001  5.002154e+001
      vertex -4.986426e+001 -1.651307e+001  4.964192e+001
    endloop
  endfacet
  facet normal -9.999999e-001  -0.000000e+000  0.000000e+000
    outer loop
      vertex -4.986426e+001 -1.770576e+001  5.101443e+001
      vertex -4.986426e+001 -1.651307e+001  4.964192e+001
      vertex -4.986426e+001 -1.683480e+001  4.921214e+001
    endloop
  endfacet
  facet normal -1.000000e+000  -0.000000e+000  0.000000e+000
    outer loop
      vertex -4.986426e+001 -1.770576e+001  5.101443e+001
      vertex -4.986426e+001 -1.683480e+001  4.921214e+001
      vertex -4.986426e+001 -1.709209e+001  4.874096e+001
    endloop
  endfacet
  facet normal -1.000000e+000  -0.000000e+000  0.000000e+000
    outer loop
      vertex -4.986426e+001 -1.770576e+001  5.101443e+001
      vertex -4.986426e+001 -1.709209e+001  4.874096e+001
      vertex -4.986426e+001 -1.727971e+001  4.823795e+001
    endloop
  endfacet
  facet normal -1.000000e+000  -0.000000e+000  0.000000e+000
    outer loop
      vertex -4.986426e+001 -1.770576e+001  5.101443e+001
      vertex -4.986426e+001 -1.727971e+001  4.823795e+001
      vertex -4.986426e+001 -1.739382e+001  4.771336e+001
    endloop
  endfacet
  facet normal -1.000000e+000  -0.000000e+000  0.000000e+000
    outer loop
      vertex -4.986426e+001 -1.770576e+001  5.101443e+001
      vertex -4.986426e+001 -1.739382e+001  4.771336e+001
      vertex -4.986426e+001 -1.743212e+001  4.717786e+001
    endloop
  endfacet
  facet normal -1.000000e+000  -0.000000e+000  -0.000000e+000
    outer loop
      vertex -4.986426e+001 -1.770576e+001  5.101443e+001
      vertex -4.986426e+001 -1.743212e+001  4.717786e+001
      vertex -4.986426e+001 -1.743212e+001  4.477626e+001
    endloop
  endfacet
  facet normal -1.000000e+000  -0.000000e+000  0.000000e+000
    outer loop
      vertex -4.986426e+001 -1.770576e+001  5.101443e+001
      vertex -4.986426e+001 -1.743212e+001  4.477626e+001
      vertex -4.986426e+001 -1.770576e+001  4.151443e+001
    endloop
  endfacet
  facet normal -1.000000e+000  0.000000e+000  -0.000000e+000
    outer loop
      vertex -4.986426e+001 -1.770576e+001  4.151443e+001
      vertex -4.986426e+001 -1.743212e+001  4.477626e+001
      vertex -4.986426e+001 -1.739983e+001  4.428433e+001
    endloop
  endfacet
  facet normal -1.000000e+000  0.000000e+000  -0.000000e+000
    outer loop
      vertex -4.986426e+001 -1.770576e+001  4.151443e+001
      vertex -4.986426e+001 -1.739983e+001  4.428433e+001
      vertex -4.986426e+001 -1.730349e+001  4.380084e+001
    endloop
  endfacet
  facet normal -1.000000e+000  0.000000e+000  -0.000000e+000
    outer loop
      vertex -4.986426e+001 -1.770576e+001  4.151443e+001
      vertex -4.986426e+001 -1.730349e+001  4.380084e+001
      vertex -4.986426e+001 -1.714478e+001  4.333410e+001
    endloop
  endfacet
  facet normal -9.999999e-001  0.000000e+000  -0.000000e+000
    outer loop
      vertex -4.986426e+001 -1.770576e+001  4.151443e+001
      vertex -4.986426e+001 -1.714478e+001  4.333410e+001
      vertex -4.986426e+001 -1.692640e+001  4.289211e+001
    endloop
  endfacet
  facet normal -1.000000e+000  0.000000e+000  -0.000000e+000
    outer loop
      vertex -4.986426e+001 -1.770576e+001  4.151443e+001
      vertex -4.986426e+001 -1.692640e+001  4.289211e+001
      vertex -4.986426e+001 -1.665212e+001  4.248247e+001
    endloop
  endfacet
  facet normal -1.000000e+000  0.000000e+000  -0.000000e+000
    outer loop
      vertex -4.986426e+001 -1.770576e+001  4.151443e+001
      vertex -4.986426e+001 -1.665212e+001  4.248247e+001
      vertex -4.986426e+001 -1.632663e+001  4.211220e+001
    endloop
  endfacet
  facet normal -1.000000e+000  0.000000e+000  -0.000000e+000
    outer loop
      vertex -4.986426e+001 -1.770576e+001  4.151443e+001
      vertex -4.986426e+001 -1.632663e+001  4.211220e+001
      vertex -4.986426e+001 -1.595553e+001  4.178767e+001
    endloop
  endfacet
  facet normal -1.000000e+000  0.000000e+000  -0.000000e+000
    outer loop
      vertex -4.986426e+001 -1.770576e+001  4.151443e+001
      vertex -4.986426e+001 -1.595553e+001  4.178767e+001
      vertex -4.986426e+001 -1.554518e+001  4.151443e+001
    endloop
  endfacet
  facet normal  0.000000e+000 -8.965420e-001  4.429589e-001
    outer loop
      vertex -4.986426e+001 -1.041240e+001  4.289211e+001
      vertex -4.786426e+001 -1.019402e+001  4.333410e+001
      vertex -4.986426e+001 -1.019402e+001  4.333410e+001
    endloop
  endfacet
  facet normal  0.000000e+000 -9.467582e-001  3.219453e-001
    outer loop
      vertex -4.986426e+001 -1.019402e+001  4.333410e+001
      vertex -4.786426e+001 -1.019402e+001  4.333410e+001
      vertex -4.786426e+001 -1.003531e+001  4.380084e+001
    endloop
  endfacet
  facet normal  0.000000e+000 -9.467582e-001  3.219453e-001
    outer loop
      vertex -4.986426e+001 -1.019402e+001  4.333410e+001
      vertex -4.786426e+001 -1.003531e+001  4.380084e+001
      vertex -4.986426e+001 -1.003531e+001  4.380084e+001
    endloop
  endfacet
  facet normal  0.000000e+000 -9.807227e-001  1.954048e-001
    outer loop
      vertex -4.986426e+001 -1.003531e+001  4.380084e+001
      vertex -4.786426e+001 -1.003531e+001  4.380084e+001
      vertex -4.786426e+001 -9.938975e+000  4.428433e+001
    endloop
  endfacet
  facet normal  0.000000e+000 -9.807227e-001  1.954048e-001
    outer loop
      vertex -4.986426e+001 -1.003531e+001  4.380084e+001
      vertex -4.786426e+001 -9.938975e+000  4.428433e+001
      vertex -4.986426e+001 -9.938975e+000  4.428433e+001
    endloop
  endfacet
  facet normal  0.000000e+000 -9.978519e-001  6.551071e-002
    outer loop
      vertex -4.986426e+001 -9.938975e+000  4.428433e+001
      vertex -4.786426e+001 -9.938975e+000  4.428433e+001
      vertex -4.786426e+001 -9.906679e+000  4.477626e+001
    endloop
  endfacet
  facet normal  0.000000e+000 -9.978519e-001  6.551071e-002
    outer loop
      vertex -4.986426e+001 -9.938975e+000  4.428433e+001
      vertex -4.786426e+001 -9.906679e+000  4.477626e+001
      vertex -4.986426e+001 -9.906679e+000  4.477626e+001
    endloop
  endfacet
  facet normal  0.000000e+000 -8.965420e-001  4.429589e-001
    outer loop
      vertex -4.786426e+001 -1.019402e+001  4.333410e+001
      vertex -4.986426e+001 -1.041240e+001  4.289211e+001
      vertex -4.786426e+001 -1.041240e+001  4.289211e+001
    endloop
  endfacet
  facet normal  0.000000e+000 -8.309335e-001  5.563718e-001
    outer loop
      vertex -4.786426e+001 -1.041240e+001  4.289211e+001
      vertex -4.986426e+001 -1.041240e+001  4.289211e+001
      vertex -4.986426e+001 -1.068668e+001  4.248247e+001
    endloop
  endfacet
  facet normal  0.000000e+000 -8.309335e-001  5.563718e-001
    outer loop
      vertex -4.786426e+001 -1.041240e+001  4.289211e+001
      vertex -4.986426e+001 -1.068668e+001  4.248247e+001
      vertex -4.786426e+001 -1.068668e+001  4.248247e+001
    endloop
  endfacet
  facet normal  0.000000e+000 -7.510658e-001  6.602274e-001
    outer loop
      vertex -4.786426e+001 -1.068668e+001  4.248247e+001
      vertex -4.986426e+001 -1.068668e+001  4.248247e+001
      vertex -4.986426e+001 -1.101217e+001  4.211220e+001
    endloop
  endfacet
  facet normal  0.000000e+000 -7.510658e-001  6.602274e-001
    outer loop
      vertex -4.786426e+001 -1.068668e+001  4.248247e+001
      vertex -4.986426e+001 -1.101217e+001  4.211220e+001
      vertex -4.786426e+001 -1.101217e+001  4.211220e+001
    endloop
  endfacet
  facet normal  0.000000e+000 -6.583007e-001  7.527551e-001
    outer loop
      vertex -4.786426e+001 -1.101217e+001  4.211220e+001
      vertex -4.986426e+001 -1.101217e+001  4.211220e+001
      vertex -4.986426e+001 -1.138327e+001  4.178767e+001
    endloop
  endfacet
  facet normal  0.000000e+000 -6.583007e-001  7.527551e-001
    outer loop
      vertex -4.786426e+001 -1.101217e+001  4.211220e+001
      vertex -4.986426e+001 -1.138327e+001  4.178767e+001
      vertex -4.786426e+001 -1.138327e+001  4.178767e+001
    endloop
  endfacet
  facet normal  0.000000e+000 -5.542340e-001  8.323609e-001
    outer loop
      vertex -4.786426e+001 -1.138327e+001  4.178767e+001
      vertex -4.986426e+001 -1.138327e+001  4.178767e+001
      vertex -4.986426e+001 -1.179362e+001  4.151443e+001
    endloop
  endfacet
  facet normal  0.000000e+000 -5.542340e-001  8.323609e-001
    outer loop
      vertex -4.786426e+001 -1.138327e+001  4.178767e+001
      vertex -4.986426e+001 -1.179362e+001  4.151443e+001
      vertex -4.786426e+001 -1.179362e+001  4.151443e+001
    endloop
  endfacet
  facet normal  0.000000e+000  8.309343e-001  5.563704e-001
    outer loop
      vertex -4.986426e+001 -1.692640e+001  4.289211e+001
      vertex -4.786426e+001 -1.665212e+001  4.248247e+001
      vertex -4.986426e+001 -1.665212e+001  4.248247e+001
    endloop
  endfacet
  facet normal  -0.000000e+000  7.510658e-001  6.602274e-001
    outer loop
      vertex -4.986426e+001 -1.665212e+001  4.248247e+001
      vertex -4.786426e+001 -1.665212e+001  4.248247e+001
      vertex -4.786426e+001 -1.632663e+001  4.211220e+001
    endloop
  endfacet
  facet normal  0.000000e+000  7.510658e-001  6.602274e-001
    outer loop
      vertex -4.986426e+001 -1.665212e+001  4.248247e+001
      vertex -4.786426e+001 -1.632663e+001  4.211220e+001
      vertex -4.986426e+001 -1.632663e+001  4.211220e+001
    endloop
  endfacet
  facet normal  -0.000000e+000  6.583007e-001  7.527551e-001
    outer loop
      vertex -4.986426e+001 -1.632663e+001  4.211220e+001
      vertex -4.786426e+001 -1.632663e+001  4.211220e+001
      vertex -4.786426e+001 -1.595553e+001  4.178767e+001
    endloop
  endfacet
  facet normal  0.000000e+000  6.583007e-001  7.527551e-001
    outer loop
      vertex -4.986426e+001 -1.632663e+001  4.211220e+001
      vertex -4.786426e+001 -1.595553e+001  4.178767e+001
      vertex -4.986426e+001 -1.595553e+001  4.178767e+001
    endloop
  endfacet
  facet normal  -0.000000e+000  5.542340e-001  8.323609e-001
    outer loop
      vertex -4.986426e+001 -1.595553e+001  4.178767e+001
      vertex -4.786426e+001 -1.595553e+001  4.178767e+001
      vertex -4.786426e+001 -1.554518e+001  4.151443e+001
    endloop
  endfacet
  facet normal  0.000000e+000  5.542340e-001  8.323609e-001
    outer loop
      vertex -4.986426e+001 -1.595553e+001  4.178767e+001
      vertex -4.786426e+001 -1.554518e+001  4.151443e+001
      vertex -4.986426e+001 -1.554518e+001  4.151443e+001
    endloop
  endfacet
  facet normal  -0.000000e+000  8.309343e-001  5.563704e-001
    outer loop
      vertex -4.786426e+001 -1.665212e+001  4.248247e+001
      vertex -4.986426e+001 -1.692640e+001  4.289211e+001
      vertex -4.786426e+001 -1.692640e+001  4.289211e+001
    endloop
  endfacet
  facet normal  0.000000e+000  8.965403e-001  4.429620e-001
    outer loop
      vertex -4.786426e+001 -1.692640e+001  4.289211e+001
      vertex -4.986426e+001 -1.692640e+001  4.289211e+001
      vertex -4.986426e+001 -1.714478e+001  4.333410e+001
    endloop
  endfacet
  facet normal  -0.000000e+000  8.965403e-001  4.429620e-001
    outer loop
      vertex -4.786426e+001 -1.692640e+001  4.289211e+001
      vertex -4.986426e+001 -1.714478e+001  4.333410e+001
      vertex -4.786426e+001 -1.714478e+001  4.333410e+001
    endloop
  endfacet
  facet normal  0.000000e+000  9.467582e-001  3.219453e-001
    outer loop
      vertex -4.786426e+001 -1.714478e+001  4.333410e+001
      vertex -4.986426e+001 -1.714478e+001  4.333410e+001
      vertex -4.986426e+001 -1.730349e+001  4.380084e+001
    endloop
  endfacet
  facet normal  -0.000000e+000  9.467582e-001  3.219453e-001
    outer loop
      vertex -4.786426e+001 -1.714478e+001  4.333410e+001
      vertex -4.986426e+001 -1.730349e+001  4.380084e+001
      vertex -4.786426e+001 -1.730349e+001  4.380084e+001
    endloop
  endfacet
  facet normal  0.000000e+000  9.807227e-001  1.954048e-001
    outer loop
      vertex -4.786426e+001 -1.730349e+001  4.380084e+001
      vertex -4.986426e+001 -1.730349e+001  4.380084e+001
      vertex -4.986426e+001 -1.739983e+001  4.428433e+001
    endloop
  endfacet
  facet normal  -0.000000e+000  9.807227e-001  1.954048e-001
    outer loop
      vertex -4.786426e+001 -1.730349e+001  4.380084e+001
      vertex -4.986426e+001 -1.739983e+001  4.428433e+001
      vertex -4.786426e+001 -1.739983e+001  4.428433e+001
    endloop
  endfacet
  facet normal  0.000000e+000  9.978520e-001  6.550878e-002
    outer loop
      vertex -4.786426e+001 -1.739983e+001  4.428433e+001
      vertex -4.986426e+001 -1.739983e+001  4.428433e+001
      vertex -4.986426e+001 -1.743212e+001  4.477626e+001
    endloop
  endfacet
  facet normal  -0.000000e+000  9.978520e-001  6.550878e-002
    outer loop
      vertex -4.786426e+001 -1.739983e+001  4.428433e+001
      vertex -4.986426e+001 -1.743212e+001  4.477626e+001
      vertex -4.786426e+001 -1.743212e+001  4.477626e+001
    endloop
  endfacet
  facet normal  1.000000e+000  0.000000e+000  0.000000e+000
    outer loop
      vertex -4.786426e+001 -1.770576e+001  5.101443e+001
      vertex -4.786426e+001 -1.770576e+001  4.151443e+001
      vertex -4.786426e+001 -1.743212e+001  4.477626e+001
    endloop
  endfacet
  facet normal  1.000000e+000  0.000000e+000  -0.000000e+000
    outer loop
      vertex -4.786426e+001 -1.770576e+001  5.101443e+001
      vertex -4.786426e+001 -1.743212e+001  4.477626e+001
      vertex -4.786426e+001 -1.743212e+001  4.717786e+001
    endloop
  endfacet
  facet normal  1.000000e+000  0.000000e+000  -0.000000e+000
    outer loop
      vertex -4.786426e+001 -1.770576e+001  5.101443e+001
      vertex -4.786426e+001 -1.743212e+001  4.717786e+001
      vertex -4.786426e+001 -1.739382e+001  4.771336e+001
    endloop
  endfacet
  facet normal  1.000000e+000  0.000000e+000  -0.000000e+000
    outer loop
      vertex -4.786426e+001 -1.770576e+001  5.101443e+001
      vertex -4.786426e+001 -1.739382e+001  4.771336e+001
      vertex -4.786426e+001 -1.727971e+001  4.823795e+001
    endloop
  endfacet
  facet normal  1.000000e+000  0.000000e+000  -0.000000e+000
    outer loop
      vertex -4.786426e+001 -1.770576e+001  5.101443e+001
      vertex -4.786426e+001 -1.727971e+001  4.823795e+001
      vertex -4.786426e+001 -1.709209e+001  4.874096e+001
    endloop
  endfacet
  facet normal  1.000000e+000  0.000000e+000  -0.000000e+000
    outer loop
      vertex -4.786426e+001 -1.770576e+001  5.101443e+001
      vertex -4.786426e+001 -1.709209e+001  4.874096e+001
      vertex -4.786426e+001 -1.683480e+001  4.921214e+001
    endloop
  endfacet
  facet normal  1.000000e+000  0.000000e+000  -0.000000e+000
    outer loop
      vertex -4.786426e+001 -1.770576e+001  5.101443e+001
      vertex -4.786426e+001 -1.683480e+001  4.921214e+001
      vertex -4.786426e+001 -1.651307e+001  4.964192e+001
    endloop
  endfacet
  facet normal  1.000000e+000  0.000000e+000  -0.000000e+000
    outer loop
      vertex -4.786426e+001 -1.770576e+001  5.101443e+001
      vertex -4.786426e+001 -1.651307e+001  4.964192e+001
      vertex -4.786426e+001 -1.613346e+001  5.002154e+001
    endloop
  endfacet
  facet normal  1.000000e+000  0.000000e+000  -0.000000e+000
    outer loop
      vertex -4.786426e+001 -1.770576e+001  5.101443e+001
      vertex -4.786426e+001 -1.613346e+001  5.002154e+001
      vertex -4.786426e+001 -1.570368e+001  5.034327e+001
    endloop
  endfacet
  facet normal  1.000000e+000  0.000000e+000  -0.000000e+000
    outer loop
      vertex -4.786426e+001 -1.770576e+001  5.101443e+001
      vertex -4.786426e+001 -1.570368e+001  5.034327e+001
      vertex -4.786426e+001 -1.523249e+001  5.060056e+001
    endloop
  endfacet
  facet normal  1.000000e+000  0.000000e+000  -0.000000e+000
    outer loop
      vertex -4.786426e+001 -1.770576e+001  5.101443e+001
      vertex -4.786426e+001 -1.523249e+001  5.060056e+001
      vertex -4.786426e+001 -1.472948e+001  5.078817e+001
    endloop
  endfacet
  facet normal  1.000000e+000  0.000000e+000  -0.000000e+000
    outer loop
      vertex -4.786426e+001 -1.770576e+001  5.101443e+001
      vertex -4.786426e+001 -1.472948e+001  5.078817e+001
      vertex -4.786426e+001 -1.420489e+001  5.090229e+001
    endloop
  endfacet
  facet normal  1.000000e+000  0.000000e+000  -0.000000e+000
    outer loop
      vertex -4.786426e+001 -1.770576e+001  5.101443e+001
      vertex -4.786426e+001 -1.420489e+001  5.090229e+001
      vertex -4.786426e+001 -1.366940e+001  5.094059e+001
    endloop
  endfacet
  facet normal  1.000000e+000  0.000000e+000  -0.000000e+000
    outer loop
      vertex -4.786426e+001 -1.770576e+001  5.101443e+001
      vertex -4.786426e+001 -1.366940e+001  5.094059e+001
      vertex -4.786426e+001 -9.505759e+000  5.101443e+001
    endloop
  endfacet
  facet normal  1.000000e+000  0.000000e+000  0.000000e+000
    outer loop
      vertex -4.786426e+001 -1.770576e+001  4.151443e+001
      vertex -4.786426e+001 -1.554518e+001  4.151443e+001
      vertex -4.786426e+001 -1.595553e+001  4.178767e+001
    endloop
  endfacet
  facet normal  1.000000e+000  0.000000e+000  0.000000e+000
    outer loop
      vertex -4.786426e+001 -1.770576e+001  4.151443e+001
      vertex -4.786426e+001 -1.595553e+001  4.178767e+001
      vertex -4.786426e+001 -1.632663e+001  4.211220e+001
    endloop
  endfacet
  facet normal  1.000000e+000  0.000000e+000  0.000000e+000
    outer loop
      vertex -4.786426e+001 -1.770576e+001  4.151443e+001
      vertex -4.786426e+001 -1.632663e+001  4.211220e+001
      vertex -4.786426e+001 -1.665212e+001  4.248247e+001
    endloop
  endfacet
  facet normal  1.000000e+000  0.000000e+000  0.000000e+000
    outer loop
      vertex -4.786426e+001 -1.770576e+001  4.151443e+001
      vertex -4.786426e+001 -1.665212e+001  4.248247e+001
      vertex -4.786426e+001 -1.692640e+001  4.289211e+001
    endloop
  endfacet
  facet normal  1.000000e+000  0.000000e+000  0.000000e+000
    outer loop
      vertex -4.786426e+001 -1.770576e+001  4.151443e+001
      vertex -4.786426e+001 -1.692640e+001  4.289211e+001
      vertex -4.786426e+001 -1.714478e+001  4.333410e+001
    endloop
  endfacet
  facet normal  1.000000e+000  0.000000e+000  0.000000e+000
    outer loop
      vertex -4.786426e+001 -1.770576e+001  4.151443e+001
      vertex -4.786426e+001 -1.714478e+001  4.333410e+001
      vertex -4.786426e+001 -1.730349e+001  4.380084e+001
    endloop
  endfacet
  facet normal  1.000000e+000  0.000000e+000  0.000000e+000
    outer loop
      vertex -4.786426e+001 -1.770576e+001  4.151443e+001
      vertex -4.786426e+001 -1.730349e+001  4.380084e+001
      vertex -4.786426e+001 -1.739983e+001  4.428433e+001
    endloop
  endfacet
  facet normal  1.000000e+000  0.000000e+000  0.000000e+000
    outer loop
      vertex -4.786426e+001 -1.770576e+001  4.151443e+001
      vertex -4.786426e+001 -1.739983e+001  4.428433e+001
      vertex -4.786426e+001 -1.743212e+001  4.477626e+001
    endloop
  endfacet
  facet normal  1.000000e+000  -0.000000e+000  0.000000e+000
    outer loop
      vertex -4.786426e+001 -9.505759e+000  5.101443e+001
      vertex -4.786426e+001 -1.366940e+001  5.094059e+001
      vertex -4.786426e+001 -1.313391e+001  5.090229e+001
    endloop
  endfacet
  facet normal  9.999999e-001  -0.000000e+000  0.000000e+000
    outer loop
      vertex -4.786426e+001 -9.505759e+000  5.101443e+001
      vertex -4.786426e+001 -1.313391e+001  5.090229e+001
      vertex -4.786426e+001 -1.260932e+001  5.078817e+001
    endloop
  endfacet
  facet normal  1.000000e+000  -0.000000e+000  0.000000e+000
    outer loop
      vertex -4.786426e+001 -9.505759e+000  5.101443e+001
      vertex -4.786426e+001 -1.260932e+001  5.078817e+001
      vertex -4.786426e+001 -1.210631e+001  5.060056e+001
    endloop
  endfacet
  facet normal  9.999999e-001  -0.000000e+000  0.000000e+000
    outer loop
      vertex -4.786426e+001 -9.505759e+000  5.101443e+001
      vertex -4.786426e+001 -1.210631e+001  5.060056e+001
      vertex -4.786426e+001 -1.163512e+001  5.034327e+001
    endloop
  endfacet
  facet normal  1.000000e+000  -0.000000e+000  0.000000e+000
    outer loop
      vertex -4.786426e+001 -9.505759e+000  5.101443e+001
      vertex -4.786426e+001 -1.163512e+001  5.034327e+001
      vertex -4.786426e+001 -1.120534e+001  5.002154e+001
    endloop
  endfacet
  facet normal  1.000000e+000  -0.000000e+000  0.000000e+000
    outer loop
      vertex -4.786426e+001 -9.505759e+000  5.101443e+001
      vertex -4.786426e+001 -1.120534e+001  5.002154e+001
      vertex -4.786426e+001 -1.082573e+001  4.964192e+001
    endloop
  endfacet
  facet normal  1.000000e+000  -0.000000e+000  0.000000e+000
    outer loop
      vertex -4.786426e+001 -9.505759e+000  5.101443e+001
      vertex -4.786426e+001 -1.082573e+001  4.964192e+001
      vertex -4.786426e+001 -1.050400e+001  4.921214e+001
    endloop
  endfacet
  facet normal  1.000000e+000  -0.000000e+000  0.000000e+000
    outer loop
      vertex -4.786426e+001 -9.505759e+000  5.101443e+001
      vertex -4.786426e+001 -1.050400e+001  4.921214e+001
      vertex -4.786426e+001 -1.024671e+001  4.874096e+001
    endloop
  endfacet
  facet normal  9.999999e-001  -0.000000e+000  0.000000e+000
    outer loop
      vertex -4.786426e+001 -9.505759e+000  5.101443e+001
      vertex -4.786426e+001 -1.024671e+001  4.874096e+001
      vertex -4.786426e+001 -1.005910e+001  4.823795e+001
    endloop
  endfacet
  facet normal  1.000000e+000  -0.000000e+000  0.000000e+000
    outer loop
      vertex -4.786426e+001 -9.505759e+000  5.101443e+001
      vertex -4.786426e+001 -1.005910e+001  4.823795e+001
      vertex -4.786426e+001 -9.944979e+000  4.771336e+001
    endloop
  endfacet
  facet normal  1.000000e+000  -0.000000e+000  0.000000e+000
    outer loop
      vertex -4.786426e+001 -9.505759e+000  5.101443e+001
      vertex -4.786426e+001 -9.944979e+000  4.771336e+001
      vertex -4.786426e+001 -9.906679e+000  4.717786e+001
    endloop
  endfacet
  facet normal  1.000000e+000  -0.000000e+000  0.000000e+000
    outer loop
      vertex -4.786426e+001 -9.505759e+000  5.101443e+001
      vertex -4.786426e+001 -9.906679e+000  4.717786e+001
      vertex -4.786426e+001 -9.906679e+000  4.477626e+001
    endloop
  endfacet
  facet normal  1.000000e+000  -0.000000e+000  0.000000e+000
    outer loop
      vertex -4.786426e+001 -9.505759e+000  5.101443e+001
      vertex -4.786426e+001 -9.906679e+000  4.477626e+001
      vertex -4.786426e+001 -9.505759e+000  4.151443e+001
    endloop
  endfacet
  facet normal  1.000000e+000  0.000000e+000  0.000000e+000
    outer loop
      vertex -4.786426e+001 -9.505759e+000  4.151443e+001
      vertex -4.786426e+001 -9.906679e+000  4.477626e+001
      vertex -4.786426e+001 -9.938975e+000  4.428433e+001
    endloop
  endfacet
  facet normal  1.000000e+000  0.000000e+000  0.000000e+000
    outer loop
      vertex -4.786426e+001 -9.505759e+000  4.151443e+001
      vertex -4.786426e+001 -9.938975e+000  4.428433e+001
      vertex -4.786426e+001 -1.003531e+001  4.380084e+001
    endloop
  endfacet
  facet normal  1.000000e+000  0.000000e+000  0.000000e+000
    outer loop
      vertex -4.786426e+001 -9.505759e+000  4.151443e+001
      vertex -4.786426e+001 -1.003531e+001  4.380084e+001
      vertex -4.786426e+001 -1.019402e+001  4.333410e+001
    endloop
  endfacet
  facet normal  1.000000e+000  0.000000e+000  0.000000e+000
    outer loop
      vertex -4.786426e+001 -9.505759e+000  4.151443e+001
      vertex -4.786426e+001 -1.019402e+001  4.333410e+001
      vertex -4.786426e+001 -1.041240e+001  4.289211e+001
    endloop
  endfacet
  facet normal  1.000000e+000  0.000000e+000  0.000000e+000
    outer loop
      vertex -4.786426e+001 -9.505759e+000  4.151443e+001
      vertex -4.786426e+001 -1.041240e+001  4.289211e+001
      vertex -4.786426e+001 -1.068668e+001  4.248247e+001
    endloop
  endfacet
  facet normal  9.999999e-001  0.000000e+000  0.000000e+000
    outer loop
      vertex -4.786426e+001 -9.505759e+000  4.151443e+001
      vertex -4.786426e+001 -1.068668e+001  4.248247e+001
      vertex -4.786426e+001 -1.101217e+001  4.211220e+001
    endloop
  endfacet
  facet normal  1.000000e+000  0.000000e+000  0.000000e+000
    outer loop
      vertex -4.786426e+001 -9.505759e+000  4.151443e+001
      vertex -4.786426e+001 -1.101217e+001  4.211220e+001
      vertex -4.786426e+001 -1.138327e+001  4.178767e+001
    endloop
  endfacet
  facet normal  1.000000e+000  0.000000e+000  0.000000e+000
    outer loop
      vertex -4.786426e+001 -9.505759e+000  4.151443e+001
      vertex -4.786426e+001 -1.138327e+001  4.178767e+001
      vertex -4.786426e+001 -1.179362e+001  4.151443e+001
    endloop
  endfacet
  facet normal -9.801622e-002  0.000000e+000  9.951848e-001
    outer loop
      vertex -3.954395e+001 -4.905759e+000  4.401443e+001
      vertex -3.915377e+001 -5.605759e+000  4.405286e+001
      vertex -3.915377e+001 -4.905759e+000  4.405286e+001
    endloop
  endfacet
  facet normal -2.902869e-001  0.000000e+000  9.569397e-001
    outer loop
      vertex -3.915377e+001 -4.905759e+000  4.405286e+001
      vertex -3.915377e+001 -5.605759e+000  4.405286e+001
      vertex -3.877858e+001 -5.605759e+000  4.416668e+001
    endloop
  endfacet
  facet normal -2.902869e-001  0.000000e+000  9.569397e-001
    outer loop
      vertex -3.915377e+001 -4.905759e+000  4.405286e+001
      vertex -3.877858e+001 -5.605759e+000  4.416668e+001
      vertex -3.877858e+001 -4.905759e+000  4.416668e+001
    endloop
  endfacet
  facet normal -4.713915e-001  0.000000e+000  8.819241e-001
    outer loop
      vertex -3.877858e+001 -4.905759e+000  4.416668e+001
      vertex -3.877858e+001 -5.605759e+000  4.416668e+001
      vertex -3.843281e+001 -5.605759e+000  4.435149e+001
    endloop
  endfacet
  facet normal -4.713915e-001  0.000000e+000  8.819241e-001
    outer loop
      vertex -3.877858e+001 -4.905759e+000  4.416668e+001
      vertex -3.843281e+001 -5.605759e+000  4.435149e+001
      vertex -3.843281e+001 -4.905759e+000  4.435149e+001
    endloop
  endfacet
  facet normal -6.343926e-001  0.000000e+000  7.730110e-001
    outer loop
      vertex -3.843281e+001 -4.905759e+000  4.435149e+001
      vertex -3.843281e+001 -5.605759e+000  4.435149e+001
      vertex -3.812973e+001 -5.605759e+000  4.460022e+001
    endloop
  endfacet
  facet normal -6.343926e-001  0.000000e+000  7.730110e-001
    outer loop
      vertex -3.843281e+001 -4.905759e+000  4.435149e+001
      vertex -3.812973e+001 -5.605759e+000  4.460022e+001
      vertex -3.812973e+001 -4.905759e+000  4.460022e+001
    endloop
  endfacet
  facet normal -7.730110e-001  0.000000e+000  6.343926e-001
    outer loop
      vertex -3.812973e+001 -4.905759e+000  4.460022e+001
      vertex -3.812973e+001 -5.605759e+000  4.460022e+001
      vertex -3.788101e+001 -5.605759e+000  4.490329e+001
    endloop
  endfacet
  facet normal -7.730110e-001  0.000000e+000  6.343926e-001
    outer loop
      vertex -3.812973e+001 -4.905759e+000  4.460022e+001
      vertex -3.788101e+001 -5.605759e+000  4.490329e+001
      vertex -3.788101e+001 -4.905759e+000  4.490329e+001
    endloop
  endfacet
  facet normal -8.819241e-001  0.000000e+000  4.713915e-001
    outer loop
      vertex -3.788101e+001 -4.905759e+000  4.490329e+001
      vertex -3.788101e+001 -5.605759e+000  4.490329e+001
      vertex -3.769619e+001 -5.605759e+000  4.524907e+001
    endloop
  endfacet
  facet normal -8.819241e-001  0.000000e+000  4.713915e-001
    outer loop
      vertex -3.788101e+001 -4.905759e+000  4.490329e+001
      vertex -3.769619e+001 -5.605759e+000  4.524907e+001
      vertex -3.769619e+001 -4.905759e+000  4.524907e+001
    endloop
  endfacet
  facet normal -9.569397e-001  0.000000e+000  2.902869e-001
    outer loop
      vertex -3.769619e+001 -4.905759e+000  4.524907e+001
      vertex -3.769619e+001 -5.605759e+000  4.524907e+001
      vertex -3.758238e+001 -5.605759e+000  4.562425e+001
    endloop
  endfacet
  facet normal -9.569397e-001  0.000000e+000  2.902869e-001
    outer loop
      vertex -3.769619e+001 -4.905759e+000  4.524907e+001
      vertex -3.758238e+001 -5.605759e+000  4.562425e+001
      vertex -3.758238e+001 -4.905759e+000  4.562425e+001
    endloop
  endfacet
  facet normal -9.951848e-001  0.000000e+000  9.801622e-002
    outer loop
      vertex -3.758238e+001 -4.905759e+000  4.562425e+001
      vertex -3.758238e+001 -5.605759e+000  4.562425e+001
      vertex -3.754395e+001 -5.605759e+000  4.601443e+001
    endloop
  endfacet
  facet normal -9.951848e-001  0.000000e+000  9.801622e-002
    outer loop
      vertex -3.758238e+001 -4.905759e+000  4.562425e+001
      vertex -3.754395e+001 -5.605759e+000  4.601443e+001
      vertex -3.754395e+001 -4.905759e+000  4.601443e+001
    endloop
  endfacet
  facet normal -9.801622e-002  0.000000e+000  9.951848e-001
    outer loop
      vertex -3.915377e+001 -5.605759e+000  4.405286e+001
      vertex -3.954395e+001 -4.905759e+000  4.401443e+001
      vertex -3.954395e+001 -5.605759e+000  4.401443e+001
    endloop
  endfacet
  facet normal  9.801622e-002  -0.000000e+000  9.951848e-001
    outer loop
      vertex -3.954395e+001 -5.605759e+000  4.401443e+001
      vertex -3.954395e+001 -4.905759e+000  4.401443e+001
      vertex -3.993413e+001 -4.905759e+000  4.405286e+001
    endloop
  endfacet
  facet normal  9.801622e-002  0.000000e+000  9.951848e-001
    outer loop
      vertex -3.954395e+001 -5.605759e+000  4.401443e+001
      vertex -3.993413e+001 -4.905759e+000  4.405286e+001
      vertex -3.993413e+001 -5.605759e+000  4.405286e+001
    endloop
  endfacet
  facet normal  2.902869e-001  -0.000000e+000  9.569397e-001
    outer loop
      vertex -3.993413e+001 -5.605759e+000  4.405286e+001
      vertex -3.993413e+001 -4.905759e+000  4.405286e+001
      vertex -4.030931e+001 -4.905759e+000  4.416668e+001
    endloop
  endfacet
  facet normal  2.902869e-001  0.000000e+000  9.569397e-001
    outer loop
      vertex -3.993413e+001 -5.605759e+000  4.405286e+001
      vertex -4.030931e+001 -4.905759e+000  4.416668e+001
      vertex -4.030931e+001 -5.605759e+000  4.416668e+001
    endloop
  endfacet
  facet normal  4.713915e-001  -0.000000e+000  8.819241e-001
    outer loop
      vertex -4.030931e+001 -5.605759e+000  4.416668e+001
      vertex -4.030931e+001 -4.905759e+000  4.416668e+001
      vertex -4.065509e+001 -4.905759e+000  4.435149e+001
    endloop
  endfacet
  facet normal  4.713915e-001  0.000000e+000  8.819241e-001
    outer loop
      vertex -4.030931e+001 -5.605759e+000  4.416668e+001
      vertex -4.065509e+001 -4.905759e+000  4.435149e+001
      vertex -4.065509e+001 -5.605759e+000  4.435149e+001
    endloop
  endfacet
  facet normal  6.343926e-001  -0.000000e+000  7.730110e-001
    outer loop
      vertex -4.065509e+001 -5.605759e+000  4.435149e+001
      vertex -4.065509e+001 -4.905759e+000  4.435149e+001
      vertex -4.095816e+001 -4.905759e+000  4.460022e+001
    endloop
  endfacet
  facet normal  6.343926e-001  0.000000e+000  7.730110e-001
    outer loop
      vertex -4.065509e+001 -5.605759e+000  4.435149e+001
      vertex -4.095816e+001 -4.905759e+000  4.460022e+001
      vertex -4.095816e+001 -5.605759e+000  4.460022e+001
    endloop
  endfacet
  facet normal  7.730110e-001  -0.000000e+000  6.343926e-001
    outer loop
      vertex -4.095816e+001 -5.605759e+000  4.460022e+001
      vertex -4.095816e+001 -4.905759e+000  4.460022e+001
      vertex -4.120689e+001 -4.905759e+000  4.490329e+001
    endloop
  endfacet
  facet normal  7.730110e-001  0.000000e+000  6.343926e-001
    outer loop
      vertex -4.095816e+001 -5.605759e+000  4.460022e+001
      vertex -4.120689e+001 -4.905759e+000  4.490329e+001
      vertex -4.120689e+001 -5.605759e+000  4.490329e+001
    endloop
  endfacet
  facet normal  8.819241e-001  -0.000000e+000  4.713915e-001
    outer loop
      vertex -4.120689e+001 -5.605759e+000  4.490329e+001
      vertex -4.120689e+001 -4.905759e+000  4.490329e+001
      vertex -4.139171e+001 -4.905759e+000  4.524907e+001
    endloop
  endfacet
  facet normal  8.819241e-001  0.000000e+000  4.713915e-001
    outer loop
      vertex -4.120689e+001 -5.605759e+000  4.490329e+001
      vertex -4.139171e+001 -4.905759e+000  4.524907e+001
      vertex -4.139171e+001 -5.605759e+000  4.524907e+001
    endloop
  endfacet
  facet normal  9.569397e-001  -0.000000e+000  2.902869e-001
    outer loop
      vertex -4.139171e+001 -5.605759e+000  4.524907e+001
      vertex -4.139171e+001 -4.905759e+000  4.524907e+001
      vertex -4.150552e+001 -4.905759e+000  4.562425e+001
    endloop
  endfacet
  facet normal  9.569397e-001  0.000000e+000  2.902869e-001
    outer loop
      vertex -4.139171e+001 -5.605759e+000  4.524907e+001
      vertex -4.150552e+001 -4.905759e+000  4.562425e+001
      vertex -4.150552e+001 -5.605759e+000  4.562425e+001
    endloop
  endfacet
  facet normal  9.951848e-001  -0.000000e+000  9.801622e-002
    outer loop
      vertex -4.150552e+001 -5.605759e+000  4.562425e+001
      vertex -4.150552e+001 -4.905759e+000  4.562425e+001
      vertex -4.154395e+001 -4.905759e+000  4.601443e+001
    endloop
  endfacet
  facet normal  9.951848e-001  0.000000e+000  9.801622e-002
    outer loop
      vertex -4.150552e+001 -5.605759e+000  4.562425e+001
      vertex -4.154395e+001 -4.905759e+000  4.601443e+001
      vertex -4.154395e+001 -5.605759e+000  4.601443e+001
    endloop
  endfacet
  facet normal  9.801622e-002  0.000000e+000 -9.951848e-001
    outer loop
      vertex -3.954395e+001 -4.905759e+000  4.801443e+001
      vertex -3.993413e+001 -5.605759e+000  4.797601e+001
      vertex -3.993413e+001 -4.905759e+000  4.797601e+001
    endloop
  endfacet
  facet normal  2.902869e-001  0.000000e+000 -9.569397e-001
    outer loop
      vertex -3.993413e+001 -4.905759e+000  4.797601e+001
      vertex -3.993413e+001 -5.605759e+000  4.797601e+001
      vertex -4.030931e+001 -5.605759e+000  4.786219e+001
    endloop
  endfacet
  facet normal  2.902869e-001  0.000000e+000 -9.569397e-001
    outer loop
      vertex -3.993413e+001 -4.905759e+000  4.797601e+001
      vertex -4.030931e+001 -5.605759e+000  4.786219e+001
      vertex -4.030931e+001 -4.905759e+000  4.786219e+001
    endloop
  endfacet
  facet normal  4.713915e-001  0.000000e+000 -8.819241e-001
    outer loop
      vertex -4.030931e+001 -4.905759e+000  4.786219e+001
      vertex -4.030931e+001 -5.605759e+000  4.786219e+001
      vertex -4.065509e+001 -5.605759e+000  4.767738e+001
    endloop
  endfacet
  facet normal  4.713915e-001  0.000000e+000 -8.819241e-001
    outer loop
      vertex -4.030931e+001 -4.905759e+000  4.786219e+001
      vertex -4.065509e+001 -5.605759e+000  4.767738e+001
      vertex -4.065509e+001 -4.905759e+000  4.767738e+001
    endloop
  endfacet
  facet normal  6.343926e-001  0.000000e+000 -7.730110e-001
    outer loop
      vertex -4.065509e+001 -4.905759e+000  4.767738e+001
      vertex -4.065509e+001 -5.605759e+000  4.767738e+001
      vertex -4.095816e+001 -5.605759e+000  4.742865e+001
    endloop
  endfacet
  facet normal  6.343926e-001  0.000000e+000 -7.730110e-001
    outer loop
      vertex -4.065509e+001 -4.905759e+000  4.767738e+001
      vertex -4.095816e+001 -5.605759e+000  4.742865e+001
      vertex -4.095816e+001 -4.905759e+000  4.742865e+001
    endloop
  endfacet
  facet normal  7.730110e-001  0.000000e+000 -6.343926e-001
    outer loop
      vertex -4.095816e+001 -4.905759e+000  4.742865e+001
      vertex -4.095816e+001 -5.605759e+000  4.742865e+001
      vertex -4.120689e+001 -5.605759e+000  4.712558e+001
    endloop
  endfacet
  facet normal  7.730110e-001  0.000000e+000 -6.343926e-001
    outer loop
      vertex -4.095816e+001 -4.905759e+000  4.742865e+001
      vertex -4.120689e+001 -5.605759e+000  4.712558e+001
      vertex -4.120689e+001 -4.905759e+000  4.712558e+001
    endloop
  endfacet
  facet normal  8.819241e-001  0.000000e+000 -4.713915e-001
    outer loop
      vertex -4.120689e+001 -4.905759e+000  4.712558e+001
      vertex -4.120689e+001 -5.605759e+000  4.712558e+001
      vertex -4.139171e+001 -5.605759e+000  4.677980e+001
    endloop
  endfacet
  facet normal  8.819241e-001  0.000000e+000 -4.713915e-001
    outer loop
      vertex -4.120689e+001 -4.905759e+000  4.712558e+001
      vertex -4.139171e+001 -5.605759e+000  4.677980e+001
      vertex -4.139171e+001 -4.905759e+000  4.677980e+001
    endloop
  endfacet
  facet normal  9.569397e-001  0.000000e+000 -2.902869e-001
    outer loop
      vertex -4.139171e+001 -4.905759e+000  4.677980e+001
      vertex -4.139171e+001 -5.605759e+000  4.677980e+001
      vertex -4.150552e+001 -5.605759e+000  4.640462e+001
    endloop
  endfacet
  facet normal  9.569397e-001  0.000000e+000 -2.902869e-001
    outer loop
      vertex -4.139171e+001 -4.905759e+000  4.677980e+001
      vertex -4.150552e+001 -5.605759e+000  4.640462e+001
      vertex -4.150552e+001 -4.905759e+000  4.640462e+001
    endloop
  endfacet
  facet normal  9.951848e-001  0.000000e+000 -9.801622e-002
    outer loop
      vertex -4.150552e+001 -4.905759e+000  4.640462e+001
      vertex -4.150552e+001 -5.605759e+000  4.640462e+001
      vertex -4.154395e+001 -5.605759e+000  4.601443e+001
    endloop
  endfacet
  facet normal  9.951848e-001  0.000000e+000 -9.801622e-002
    outer loop
      vertex -4.150552e+001 -4.905759e+000  4.640462e+001
      vertex -4.154395e+001 -5.605759e+000  4.601443e+001
      vertex -4.154395e+001 -4.905759e+000  4.601443e+001
    endloop
  endfacet
  facet normal  9.801622e-002  0.000000e+000 -9.951848e-001
    outer loop
      vertex -3.993413e+001 -5.605759e+000  4.797601e+001
      vertex -3.954395e+001 -4.905759e+000  4.801443e+001
      vertex -3.954395e+001 -5.605759e+000  4.801443e+001
    endloop
  endfacet
  facet normal -9.801622e-002  0.000000e+000 -9.951848e-001
    outer loop
      vertex -3.954395e+001 -5.605759e+000  4.801443e+001
      vertex -3.954395e+001 -4.905759e+000  4.801443e+001
      vertex -3.915377e+001 -4.905759e+000  4.797601e+001
    endloop
  endfacet
  facet normal -9.801622e-002  -0.000000e+000 -9.951848e-001
    outer loop
      vertex -3.954395e+001 -5.605759e+000  4.801443e+001
      vertex -3.915377e+001 -4.905759e+000  4.797601e+001
      vertex -3.915377e+001 -5.605759e+000  4.797601e+001
    endloop
  endfacet
  facet normal -2.902869e-001  0.000000e+000 -9.569397e-001
    outer loop
      vertex -3.915377e+001 -5.605759e+000  4.797601e+001
      vertex -3.915377e+001 -4.905759e+000  4.797601e+001
      vertex -3.877858e+001 -4.905759e+000  4.786219e+001
    endloop
  endfacet
  facet normal -2.902869e-001  -0.000000e+000 -9.569397e-001
    outer loop
      vertex -3.915377e+001 -5.605759e+000  4.797601e+001
      vertex -3.877858e+001 -4.905759e+000  4.786219e+001
      vertex -3.877858e+001 -5.605759e+000  4.786219e+001
    endloop
  endfacet
  facet normal -4.713915e-001  0.000000e+000 -8.819241e-001
    outer loop
      vertex -3.877858e+001 -5.605759e+000  4.786219e+001
      vertex -3.877858e+001 -4.905759e+000  4.786219e+001
      vertex -3.843281e+001 -4.905759e+000  4.767738e+001
    endloop
  endfacet
  facet normal -4.713915e-001  -0.000000e+000 -8.819241e-001
    outer loop
      vertex -3.877858e+001 -5.605759e+000  4.786219e+001
      vertex -3.843281e+001 -4.905759e+000  4.767738e+001
      vertex -3.843281e+001 -5.605759e+000  4.767738e+001
    endloop
  endfacet
  facet normal -6.343926e-001  0.000000e+000 -7.730110e-001
    outer loop
      vertex -3.843281e+001 -5.605759e+000  4.767738e+001
      vertex -3.843281e+001 -4.905759e+000  4.767738e+001
      vertex -3.812973e+001 -4.905759e+000  4.742865e+001
    endloop
  endfacet
  facet normal -6.343926e-001  -0.000000e+000 -7.730110e-001
    outer loop
      vertex -3.843281e+001 -5.605759e+000  4.767738e+001
      vertex -3.812973e+001 -4.905759e+000  4.742865e+001
      vertex -3.812973e+001 -5.605759e+000  4.742865e+001
    endloop
  endfacet
  facet normal -7.730110e-001  0.000000e+000 -6.343926e-001
    outer loop
      vertex -3.812973e+001 -5.605759e+000  4.742865e+001
      vertex -3.812973e+001 -4.905759e+000  4.742865e+001
      vertex -3.788101e+001 -4.905759e+000  4.712558e+001
    endloop
  endfacet
  facet normal -7.730110e-001  -0.000000e+000 -6.343926e-001
    outer loop
      vertex -3.812973e+001 -5.605759e+000  4.742865e+001
      vertex -3.788101e+001 -4.905759e+000  4.712558e+001
      vertex -3.788101e+001 -5.605759e+000  4.712558e+001
    endloop
  endfacet
  facet normal -8.819241e-001  0.000000e+000 -4.713915e-001
    outer loop
      vertex -3.788101e+001 -5.605759e+000  4.712558e+001
      vertex -3.788101e+001 -4.905759e+000  4.712558e+001
      vertex -3.769619e+001 -4.905759e+000  4.677980e+001
    endloop
  endfacet
  facet normal -8.819241e-001  -0.000000e+000 -4.713915e-001
    outer loop
      vertex -3.788101e+001 -5.605759e+000  4.712558e+001
      vertex -3.769619e+001 -4.905759e+000  4.677980e+001
      vertex -3.769619e+001 -5.605759e+000  4.677980e+001
    endloop
  endfacet
  facet normal -9.569397e-001  0.000000e+000 -2.902869e-001
    outer loop
      vertex -3.769619e+001 -5.605759e+000  4.677980e+001
      vertex -3.769619e+001 -4.905759e+000  4.677980e+001
      vertex -3.758238e+001 -4.905759e+000  4.640462e+001
    endloop
  endfacet
  facet normal -9.569397e-001  -0.000000e+000 -2.902869e-001
    outer loop
      vertex -3.769619e+001 -5.605759e+000  4.677980e+001
      vertex -3.758238e+001 -4.905759e+000  4.640462e+001
      vertex -3.758238e+001 -5.605759e+000  4.640462e+001
    endloop
  endfacet
  facet normal -9.951848e-001  0.000000e+000 -9.801622e-002
    outer loop
      vertex -3.758238e+001 -5.605759e+000  4.640462e+001
      vertex -3.758238e+001 -4.905759e+000  4.640462e+001
      vertex -3.754395e+001 -4.905759e+000  4.601443e+001
    endloop
  endfacet
  facet normal -9.951848e-001  -0.000000e+000 -9.801622e-002
    outer loop
      vertex -3.758238e+001 -5.605759e+000  4.640462e+001
      vertex -3.754395e+001 -4.905759e+000  4.601443e+001
      vertex -3.754395e+001 -5.605759e+000  4.601443e+001
    endloop
  endfacet
  facet normal -9.801623e-002  0.000000e+000  9.951848e-001
    outer loop
      vertex -3.954395e+001 -5.605759e+000  4.401443e+001
      vertex -3.915377e+001 -5.920118e+000  4.405286e+001
      vertex -3.915377e+001 -5.605759e+000  4.405286e+001
    endloop
  endfacet
  facet normal -2.902869e-001  0.000000e+000  9.569396e-001
    outer loop
      vertex -3.915377e+001 -5.605759e+000  4.405286e+001
      vertex -3.915377e+001 -5.920118e+000  4.405286e+001
      vertex -3.877858e+001 -5.920118e+000  4.416668e+001
    endloop
  endfacet
  facet normal -2.902869e-001  0.000000e+000  9.569396e-001
    outer loop
      vertex -3.915377e+001 -5.605759e+000  4.405286e+001
      vertex -3.877858e+001 -5.920118e+000  4.416668e+001
      vertex -3.877858e+001 -5.605759e+000  4.416668e+001
    endloop
  endfacet
  facet normal -4.713915e-001  0.000000e+000  8.819240e-001
    outer loop
      vertex -3.877858e+001 -5.605759e+000  4.416668e+001
      vertex -3.877858e+001 -5.920118e+000  4.416668e+001
      vertex -3.843281e+001 -5.920118e+000  4.435149e+001
    endloop
  endfacet
  facet normal -4.713915e-001  0.000000e+000  8.819240e-001
    outer loop
      vertex -3.877858e+001 -5.605759e+000  4.416668e+001
      vertex -3.843281e+001 -5.920118e+000  4.435149e+001
      vertex -3.843281e+001 -5.605759e+000  4.435149e+001
    endloop
  endfacet
  facet normal -6.343926e-001  0.000000e+000  7.730110e-001
    outer loop
      vertex -3.843281e+001 -5.605759e+000  4.435149e+001
      vertex -3.843281e+001 -5.920118e+000  4.435149e+001
      vertex -3.812973e+001 -5.920118e+000  4.460022e+001
    endloop
  endfacet
  facet normal -6.343926e-001  0.000000e+000  7.730110e-001
    outer loop
      vertex -3.843281e+001 -5.605759e+000  4.435149e+001
      vertex -3.812973e+001 -5.920118e+000  4.460022e+001
      vertex -3.812973e+001 -5.605759e+000  4.460022e+001
    endloop
  endfacet
  facet normal -7.730110e-001  0.000000e+000  6.343926e-001
    outer loop
      vertex -3.812973e+001 -5.605759e+000  4.460022e+001
      vertex -3.812973e+001 -5.920118e+000  4.460022e+001
      vertex -3.788101e+001 -5.920118e+000  4.490329e+001
    endloop
  endfacet
  facet normal -7.730110e-001  0.000000e+000  6.343926e-001
    outer loop
      vertex -3.812973e+001 -5.605759e+000  4.460022e+001
      vertex -3.788101e+001 -5.920118e+000  4.490329e+001
      vertex -3.788101e+001 -5.605759e+000  4.490329e+001
    endloop
  endfacet
  facet normal -8.819240e-001  0.000000e+000  4.713915e-001
    outer loop
      vertex -3.788101e+001 -5.605759e+000  4.490329e+001
      vertex -3.788101e+001 -5.920118e+000  4.490329e+001
      vertex -3.769619e+001 -5.920118e+000  4.524907e+001
    endloop
  endfacet
  facet normal -8.819240e-001  0.000000e+000  4.713915e-001
    outer loop
      vertex -3.788101e+001 -5.605759e+000  4.490329e+001
      vertex -3.769619e+001 -5.920118e+000  4.524907e+001
      vertex -3.769619e+001 -5.605759e+000  4.524907e+001
    endloop
  endfacet
  facet normal -9.569396e-001  0.000000e+000  2.902869e-001
    outer loop
      vertex -3.769619e+001 -5.605759e+000  4.524907e+001
      vertex -3.769619e+001 -5.920118e+000  4.524907e+001
      vertex -3.758238e+001 -5.920118e+000  4.562425e+001
    endloop
  endfacet
  facet normal -9.569396e-001  0.000000e+000  2.902869e-001
    outer loop
      vertex -3.769619e+001 -5.605759e+000  4.524907e+001
      vertex -3.758238e+001 -5.920118e+000  4.562425e+001
      vertex -3.758238e+001 -5.605759e+000  4.562425e+001
    endloop
  endfacet
  facet normal -9.951848e-001  0.000000e+000  9.801623e-002
    outer loop
      vertex -3.758238e+001 -5.605759e+000  4.562425e+001
      vertex -3.758238e+001 -5.920118e+000  4.562425e+001
      vertex -3.754395e+001 -5.920118e+000  4.601443e+001
    endloop
  endfacet
  facet normal -9.951848e-001  0.000000e+000  9.801623e-002
    outer loop
      vertex -3.758238e+001 -5.605759e+000  4.562425e+001
      vertex -3.754395e+001 -5.920118e+000  4.601443e+001
      vertex -3.754395e+001 -5.605759e+000  4.601443e+001
    endloop
  endfacet
  facet normal -9.801623e-002  0.000000e+000  9.951848e-001
    outer loop
      vertex -3.915377e+001 -5.920118e+000  4.405286e+001
      vertex -3.954395e+001 -5.605759e+000  4.401443e+001
      vertex -3.954395e+001 -5.920118e+000  4.401443e+001
    endloop
  endfacet
  facet normal  9.801623e-002  -0.000000e+000  9.951848e-001
    outer loop
      vertex -3.954395e+001 -5.920118e+000  4.401443e+001
      vertex -3.954395e+001 -5.605759e+000  4.401443e+001
      vertex -3.993413e+001 -5.605759e+000  4.405286e+001
    endloop
  endfacet
  facet normal  9.801623e-002  0.000000e+000  9.951848e-001
    outer loop
      vertex -3.954395e+001 -5.920118e+000  4.401443e+001
      vertex -3.993413e+001 -5.605759e+000  4.405286e+001
      vertex -3.993413e+001 -5.920118e+000  4.405286e+001
    endloop
  endfacet
  facet normal  2.902869e-001  -0.000000e+000  9.569396e-001
    outer loop
      vertex -3.993413e+001 -5.920118e+000  4.405286e+001
      vertex -3.993413e+001 -5.605759e+000  4.405286e+001
      vertex -4.030931e+001 -5.605759e+000  4.416668e+001
    endloop
  endfacet
  facet normal  2.902869e-001  0.000000e+000  9.569396e-001
    outer loop
      vertex -3.993413e+001 -5.920118e+000  4.405286e+001
      vertex -4.030931e+001 -5.605759e+000  4.416668e+001
      vertex -4.030931e+001 -5.920118e+000  4.416668e+001
    endloop
  endfacet
  facet normal  4.713915e-001  -0.000000e+000  8.819240e-001
    outer loop
      vertex -4.030931e+001 -5.920118e+000  4.416668e+001
      vertex -4.030931e+001 -5.605759e+000  4.416668e+001
      vertex -4.065509e+001 -5.605759e+000  4.435149e+001
    endloop
  endfacet
  facet normal  4.713915e-001  0.000000e+000  8.819240e-001
    outer loop
      vertex -4.030931e+001 -5.920118e+000  4.416668e+001
      vertex -4.065509e+001 -5.605759e+000  4.435149e+001
      vertex -4.065509e+001 -5.920118e+000  4.435149e+001
    endloop
  endfacet
  facet normal  6.343926e-001  -0.000000e+000  7.730110e-001
    outer loop
      vertex -4.065509e+001 -5.920118e+000  4.435149e+001
      vertex -4.065509e+001 -5.605759e+000  4.435149e+001
      vertex -4.095816e+001 -5.605759e+000  4.460022e+001
    endloop
  endfacet
  facet normal  6.343926e-001  0.000000e+000  7.730110e-001
    outer loop
      vertex -4.065509e+001 -5.920118e+000  4.435149e+001
      vertex -4.095816e+001 -5.605759e+000  4.460022e+001
      vertex -4.095816e+001 -5.920118e+000  4.460022e+001
    endloop
  endfacet
  facet normal  7.730110e-001  -0.000000e+000  6.343926e-001
    outer loop
      vertex -4.095816e+001 -5.920118e+000  4.460022e+001
      vertex -4.095816e+001 -5.605759e+000  4.460022e+001
      vertex -4.120689e+001 -5.605759e+000  4.490329e+001
    endloop
  endfacet
  facet normal  7.730110e-001  0.000000e+000  6.343926e-001
    outer loop
      vertex -4.095816e+001 -5.920118e+000  4.460022e+001
      vertex -4.120689e+001 -5.605759e+000  4.490329e+001
      vertex -4.120689e+001 -5.920118e+000  4.490329e+001
    endloop
  endfacet
  facet normal  8.819240e-001  -0.000000e+000  4.713915e-001
    outer loop
      vertex -4.120689e+001 -5.920118e+000  4.490329e+001
      vertex -4.120689e+001 -5.605759e+000  4.490329e+001
      vertex -4.139171e+001 -5.605759e+000  4.524907e+001
    endloop
  endfacet
  facet normal  8.819240e-001  0.000000e+000  4.713915e-001
    outer loop
      vertex -4.120689e+001 -5.920118e+000  4.490329e+001
      vertex -4.139171e+001 -5.605759e+000  4.524907e+001
      vertex -4.139171e+001 -5.920118e+000  4.524907e+001
    endloop
  endfacet
  facet normal  9.569396e-001  -0.000000e+000  2.902869e-001
    outer loop
      vertex -4.139171e+001 -5.920118e+000  4.524907e+001
      vertex -4.139171e+001 -5.605759e+000  4.524907e+001
      vertex -4.150552e+001 -5.605759e+000  4.562425e+001
    endloop
  endfacet
  facet normal  9.569396e-001  0.000000e+000  2.902869e-001
    outer loop
      vertex -4.139171e+001 -5.920118e+000  4.524907e+001
      vertex -4.150552e+001 -5.605759e+000  4.562425e+001
      vertex -4.150552e+001 -5.920118e+000  4.562425e+001
    endloop
  endfacet
  facet normal  9.951848e-001  -0.000000e+000  9.801623e-002
    outer loop
      vertex -4.150552e+001 -5.920118e+000  4.562425e+001
      vertex -4.150552e+001 -5.605759e+000  4.562425e+001
      vertex -4.154395e+001 -5.605759e+000  4.601443e+001
    endloop
  endfacet
  facet normal  9.951848e-001  0.000000e+000  9.801623e-002
    outer loop
      vertex -4.150552e+001 -5.920118e+000  4.562425e+001
      vertex -4.154395e+001 -5.605759e+000  4.601443e+001
      vertex -4.154395e+001 -5.920118e+000  4.601443e+001
    endloop
  endfacet
  facet normal  9.801623e-002  0.000000e+000 -9.951848e-001
    outer loop
      vertex -3.954395e+001 -5.605759e+000  4.801443e+001
      vertex -3.993413e+001 -5.920118e+000  4.797601e+001
      vertex -3.993413e+001 -5.605759e+000  4.797601e+001
    endloop
  endfacet
  facet normal  2.902869e-001  0.000000e+000 -9.569396e-001
    outer loop
      vertex -3.993413e+001 -5.605759e+000  4.797601e+001
      vertex -3.993413e+001 -5.920118e+000  4.797601e+001
      vertex -4.030931e+001 -5.920118e+000  4.786219e+001
    endloop
  endfacet
  facet normal  2.902869e-001  0.000000e+000 -9.569396e-001
    outer loop
      vertex -3.993413e+001 -5.605759e+000  4.797601e+001
      vertex -4.030931e+001 -5.920118e+000  4.786219e+001
      vertex -4.030931e+001 -5.605759e+000  4.786219e+001
    endloop
  endfacet
  facet normal  4.713915e-001  0.000000e+000 -8.819240e-001
    outer loop
      vertex -4.030931e+001 -5.605759e+000  4.786219e+001
      vertex -4.030931e+001 -5.920118e+000  4.786219e+001
      vertex -4.065509e+001 -5.920118e+000  4.767738e+001
    endloop
  endfacet
  facet normal  4.713915e-001  0.000000e+000 -8.819240e-001
    outer loop
      vertex -4.030931e+001 -5.605759e+000  4.786219e+001
      vertex -4.065509e+001 -5.920118e+000  4.767738e+001
      vertex -4.065509e+001 -5.605759e+000  4.767738e+001
    endloop
  endfacet
  facet normal  6.343926e-001  0.000000e+000 -7.730110e-001
    outer loop
      vertex -4.065509e+001 -5.605759e+000  4.767738e+001
      vertex -4.065509e+001 -5.920118e+000  4.767738e+001
      vertex -4.095816e+001 -5.920118e+000  4.742865e+001
    endloop
  endfacet
  facet normal  6.343926e-001  0.000000e+000 -7.730110e-001
    outer loop
      vertex -4.065509e+001 -5.605759e+000  4.767738e+001
      vertex -4.095816e+001 -5.920118e+000  4.742865e+001
      vertex -4.095816e+001 -5.605759e+000  4.742865e+001
    endloop
  endfacet
  facet normal  7.730110e-001  0.000000e+000 -6.343926e-001
    outer loop
      vertex -4.095816e+001 -5.605759e+000  4.742865e+001
      vertex -4.095816e+001 -5.920118e+000  4.742865e+001
      vertex -4.120689e+001 -5.920118e+000  4.712558e+001
    endloop
  endfacet
  facet normal  7.730110e-001  0.000000e+000 -6.343926e-001
    outer loop
      vertex -4.095816e+001 -5.605759e+000  4.742865e+001
      vertex -4.120689e+001 -5.920118e+000  4.712558e+001
      vertex -4.120689e+001 -5.605759e+000  4.712558e+001
    endloop
  endfacet
  facet normal  8.819240e-001  0.000000e+000 -4.713915e-001
    outer loop
      vertex -4.120689e+001 -5.605759e+000  4.712558e+001
      vertex -4.120689e+001 -5.920118e+000  4.712558e+001
      vertex -4.139171e+001 -5.920118e+000  4.677980e+001
    endloop
  endfacet
  facet normal  8.819240e-001  0.000000e+000 -4.713915e-001
    outer loop
      vertex -4.120689e+001 -5.605759e+000  4.712558e+001
      vertex -4.139171e+001 -5.920118e+000  4.677980e+001
      vertex -4.139171e+001 -5.605759e+000  4.677980e+001
    endloop
  endfacet
  facet normal  9.569396e-001  0.000000e+000 -2.902869e-001
    outer loop
      vertex -4.139171e+001 -5.605759e+000  4.677980e+001
      vertex -4.139171e+001 -5.920118e+000  4.677980e+001
      vertex -4.150552e+001 -5.920118e+000  4.640462e+001
    endloop
  endfacet
  facet normal  9.569396e-001  0.000000e+000 -2.902869e-001
    outer loop
      vertex -4.139171e+001 -5.605759e+000  4.677980e+001
      vertex -4.150552e+001 -5.920118e+000  4.640462e+001
      vertex -4.150552e+001 -5.605759e+000  4.640462e+001
    endloop
  endfacet
  facet normal  9.951848e-001  0.000000e+000 -9.801623e-002
    outer loop
      vertex -4.150552e+001 -5.605759e+000  4.640462e+001
      vertex -4.150552e+001 -5.920118e+000  4.640462e+001
      vertex -4.154395e+001 -5.920118e+000  4.601443e+001
    endloop
  endfacet
  facet normal  9.951848e-001  0.000000e+000 -9.801623e-002
    outer loop
      vertex -4.150552e+001 -5.605759e+000  4.640462e+001
      vertex -4.154395e+001 -5.920118e+000  4.601443e+001
      vertex -4.154395e+001 -5.605759e+000  4.601443e+001
    endloop
  endfacet
  facet normal  9.801623e-002  0.000000e+000 -9.951848e-001
    outer loop
      vertex -3.993413e+001 -5.920118e+000  4.797601e+001
      vertex -3.954395e+001 -5.605759e+000  4.801443e+001
      vertex -3.954395e+001 -5.920118e+000  4.801443e+001
    endloop
  endfacet
  facet normal -9.801623e-002  0.000000e+000 -9.951848e-001
    outer loop
      vertex -3.954395e+001 -5.920118e+000  4.801443e+001
      vertex -3.954395e+001 -5.605759e+000  4.801443e+001
      vertex -3.915377e+001 -5.605759e+000  4.797601e+001
    endloop
  endfacet
  facet normal -9.801623e-002  -0.000000e+000 -9.951848e-001
    outer loop
      vertex -3.954395e+001 -5.920118e+000  4.801443e+001
      vertex -3.915377e+001 -5.605759e+000  4.797601e+001
      vertex -3.915377e+001 -5.920118e+000  4.797601e+001
    endloop
  endfacet
  facet normal -2.902869e-001  0.000000e+000 -9.569396e-001
    outer loop
      vertex -3.915377e+001 -5.920118e+000  4.797601e+001
      vertex -3.915377e+001 -5.605759e+000  4.797601e+001
      vertex -3.877858e+001 -5.605759e+000  4.786219e+001
    endloop
  endfacet
  facet normal -2.902869e-001  -0.000000e+000 -9.569396e-001
    outer loop
      vertex -3.915377e+001 -5.920118e+000  4.797601e+001
      vertex -3.877858e+001 -5.605759e+000  4.786219e+001
      vertex -3.877858e+001 -5.920118e+000  4.786219e+001
    endloop
  endfacet
  facet normal -4.713915e-001  0.000000e+000 -8.819240e-001
    outer loop
      vertex -3.877858e+001 -5.920118e+000  4.786219e+001
      vertex -3.877858e+001 -5.605759e+000  4.786219e+001
      vertex -3.843281e+001 -5.605759e+000  4.767738e+001
    endloop
  endfacet
  facet normal -4.713915e-001  -0.000000e+000 -8.819240e-001
    outer loop
      vertex -3.877858e+001 -5.920118e+000  4.786219e+001
      vertex -3.843281e+001 -5.605759e+000  4.767738e+001
      vertex -3.843281e+001 -5.920118e+000  4.767738e+001
    endloop
  endfacet
  facet normal -6.343926e-001  0.000000e+000 -7.730110e-001
    outer loop
      vertex -3.843281e+001 -5.920118e+000  4.767738e+001
      vertex -3.843281e+001 -5.605759e+000  4.767738e+001
      vertex -3.812973e+001 -5.605759e+000  4.742865e+001
    endloop
  endfacet
  facet normal -6.343926e-001  -0.000000e+000 -7.730110e-001
    outer loop
      vertex -3.843281e+001 -5.920118e+000  4.767738e+001
      vertex -3.812973e+001 -5.605759e+000  4.742865e+001
      vertex -3.812973e+001 -5.920118e+000  4.742865e+001
    endloop
  endfacet
  facet normal -7.730110e-001  0.000000e+000 -6.343926e-001
    outer loop
      vertex -3.812973e+001 -5.920118e+000  4.742865e+001
      vertex -3.812973e+001 -5.605759e+000  4.742865e+001
      vertex -3.788101e+001 -5.605759e+000  4.712558e+001
    endloop
  endfacet
  facet normal -7.730110e-001  -0.000000e+000 -6.343926e-001
    outer loop
      vertex -3.812973e+001 -5.920118e+000  4.742865e+001
      vertex -3.788101e+001 -5.605759e+000  4.712558e+001
      vertex -3.788101e+001 -5.920118e+000  4.712558e+001
    endloop
  endfacet
  facet normal -8.819240e-001  0.000000e+000 -4.713915e-001
    outer loop
      vertex -3.788101e+001 -5.920118e+000  4.712558e+001
      vertex -3.788101e+001 -5.605759e+000  4.712558e+001
      vertex -3.769619e+001 -5.605759e+000  4.677980e+001
    endloop
  endfacet
  facet normal -8.819240e-001  -0.000000e+000 -4.713915e-001
    outer loop
      vertex -3.788101e+001 -5.920118e+000  4.712558e+001
      vertex -3.769619e+001 -5.605759e+000  4.677980e+001
      vertex -3.769619e+001 -5.920118e+000  4.677980e+001
    endloop
  endfacet
  facet normal -9.569396e-001  0.000000e+000 -2.902869e-001
    outer loop
      vertex -3.769619e+001 -5.920118e+000  4.677980e+001
      vertex -3.769619e+001 -5.605759e+000  4.677980e+001
      vertex -3.758238e+001 -5.605759e+000  4.640462e+001
    endloop
  endfacet
  facet normal -9.569396e-001  -0.000000e+000 -2.902869e-001
    outer loop
      vertex -3.769619e+001 -5.920118e+000  4.677980e+001
      vertex -3.758238e+001 -5.605759e+000  4.640462e+001
      vertex -3.758238e+001 -5.920118e+000  4.640462e+001
    endloop
  endfacet
  facet normal -9.951848e-001  0.000000e+000 -9.801623e-002
    outer loop
      vertex -3.758238e+001 -5.920118e+000  4.640462e+001
      vertex -3.758238e+001 -5.605759e+000  4.640462e+001
      vertex -3.754395e+001 -5.605759e+000  4.601443e+001
    endloop
  endfacet
  facet normal -9.951848e-001  -0.000000e+000 -9.801623e-002
    outer loop
      vertex -3.758238e+001 -5.920118e+000  4.640462e+001
      vertex -3.754395e+001 -5.605759e+000  4.601443e+001
      vertex -3.754395e+001 -5.920118e+000  4.601443e+001
    endloop
  endfacet
  facet normal  0.000000e+000 -9.999999e-001  0.000000e+000
    outer loop
      vertex -3.993413e+001 -4.905759e+000  4.797601e+001
      vertex -3.915377e+001 -4.905759e+000  4.797601e+001
      vertex -3.954395e+001 -4.905759e+000  4.801443e+001
    endloop
  endfacet
  facet normal  0.000000e+000 -1.000000e+000  0.000000e+000
    outer loop
      vertex -3.915377e+001 -4.905759e+000  4.797601e+001
      vertex -3.993413e+001 -4.905759e+000  4.797601e+001
      vertex -3.877858e+001 -4.905759e+000  4.786219e+001
    endloop
  endfacet
  facet normal  0.000000e+000 -1.000000e+000  0.000000e+000
    outer loop
      vertex -3.877858e+001 -4.905759e+000  4.786219e+001
      vertex -3.993413e+001 -4.905759e+000  4.797601e+001
      vertex -4.030931e+001 -4.905759e+000  4.786219e+001
    endloop
  endfacet
  facet normal  0.000000e+000 -1.000000e+000  0.000000e+000
    outer loop
      vertex -3.877858e+001 -4.905759e+000  4.786219e+001
      vertex -4.030931e+001 -4.905759e+000  4.786219e+001
      vertex -3.843281e+001 -4.905759e+000  4.767738e+001
    endloop
  endfacet
  facet normal  0.000000e+000 -1.000000e+000  0.000000e+000
    outer loop
      vertex -3.843281e+001 -4.905759e+000  4.767738e+001
      vertex -4.030931e+001 -4.905759e+000  4.786219e+001
      vertex -4.065509e+001 -4.905759e+000  4.767738e+001
    endloop
  endfacet
  facet normal  0.000000e+000 -1.000000e+000  0.000000e+000
    outer loop
      vertex -3.843281e+001 -4.905759e+000  4.767738e+001
      vertex -4.065509e+001 -4.905759e+000  4.767738e+001
      vertex -3.812973e+001 -4.905759e+000  4.742865e+001
    endloop
  endfacet
  facet normal  0.000000e+000 -1.000000e+000  0.000000e+000
    outer loop
      vertex -3.812973e+001 -4.905759e+000  4.742865e+001
      vertex -4.065509e+001 -4.905759e+000  4.767738e+001
      vertex -4.095816e+001 -4.905759e+000  4.742865e+001
    endloop
  endfacet
  facet normal  0.000000e+000 -1.000000e+000  0.000000e+000
    outer loop
      vertex -3.812973e+001 -4.905759e+000  4.742865e+001
      vertex -4.095816e+001 -4.905759e+000  4.742865e+001
      vertex -3.788101e+001 -4.905759e+000  4.712558e+001
    endloop
  endfacet
  facet normal  0.000000e+000 -1.000000e+000  0.000000e+000
    outer loop
      vertex -3.788101e+001 -4.905759e+000  4.712558e+001
      vertex -4.095816e+001 -4.905759e+000  4.742865e+001
      vertex -4.120689e+001 -4.905759e+000  4.712558e+001
    endloop
  endfacet
  facet normal  0.000000e+000 -1.000000e+000  0.000000e+000
    outer loop
      vertex -3.788101e+001 -4.905759e+000  4.712558e+001
      vertex -4.120689e+001 -4.905759e+000  4.712558e+001
      vertex -3.769619e+001 -4.905759e+000  4.677980e+001
    endloop
  endfacet
  facet normal  0.000000e+000 -1.000000e+000  0.000000e+000
    outer loop
      vertex -3.769619e+001 -4.905759e+000  4.677980e+001
      vertex -4.120689e+001 -4.905759e+000  4.712558e+001
      vertex -4.139171e+001 -4.905759e+000  4.677980e+001
    endloop
  endfacet
  facet normal  0.000000e+000 -1.000000e+000  0.000000e+000
    outer loop
      vertex -3.769619e+001 -4.905759e+000  4.677980e+001
      vertex -4.139171e+001 -4.905759e+000  4.677980e+001
      vertex -3.758238e+001 -4.905759e+000  4.640462e+001
    endloop
  endfacet
  facet normal  0.000000e+000 -9.999999e-001  0.000000e+000
    outer loop
      vertex -3.758238e+001 -4.905759e+000  4.640462e+001
      vertex -4.139171e+001 -4.905759e+000  4.677980e+001
      vertex -4.150552e+001 -4.905759e+000  4.640462e+001
    endloop
  endfacet
  facet normal  0.000000e+000 -1.000000e+000  0.000000e+000
    outer loop
      vertex -3.758238e+001 -4.905759e+000  4.640462e+001
      vertex -4.150552e+001 -4.905759e+000  4.640462e+001
      vertex -3.754395e+001 -4.905759e+000  4.601443e+001
    endloop
  endfacet
  facet normal  0.000000e+000 -1.000000e+000  0.000000e+000
    outer loop
      vertex -3.754395e+001 -4.905759e+000  4.601443e+001
      vertex -4.150552e+001 -4.905759e+000  4.640462e+001
      vertex -4.154395e+001 -4.905759e+000  4.601443e+001
    endloop
  endfacet
  facet normal  0.000000e+000 -1.000000e+000  0.000000e+000
    outer loop
      vertex -3.754395e+001 -4.905759e+000  4.601443e+001
      vertex -4.154395e+001 -4.905759e+000  4.601443e+001
      vertex -3.758238e+001 -4.905759e+000  4.562425e+001
    endloop
  endfacet
  facet normal  0.000000e+000 -1.000000e+000  0.000000e+000
    outer loop
      vertex -3.758238e+001 -4.905759e+000  4.562425e+001
      vertex -4.154395e+001 -4.905759e+000  4.601443e+001
      vertex -4.150552e+001 -4.905759e+000  4.562425e+001
    endloop
  endfacet
  facet normal  0.000000e+000 -9.999999e-001  0.000000e+000
    outer loop
      vertex -3.758238e+001 -4.905759e+000  4.562425e+001
      vertex -4.150552e+001 -4.905759e+000  4.562425e+001
      vertex -3.769619e+001 -4.905759e+000  4.524907e+001
    endloop
  endfacet
  facet normal  0.000000e+000 -1.000000e+000  0.000000e+000
    outer loop
      vertex -3.769619e+001 -4.905759e+000  4.524907e+001
      vertex -4.150552e+001 -4.905759e+000  4.562425e+001
      vertex -4.139171e+001 -4.905759e+000  4.524907e+001
    endloop
  endfacet
  facet normal  0.000000e+000 -1.000000e+000  0.000000e+000
    outer loop
      vertex -3.769619e+001 -4.905759e+000  4.524907e+001
      vertex -4.139171e+001 -4.905759e+000  4.524907e+001
      vertex -3.788101e+001 -4.905759e+000  4.490329e+001
    endloop
  endfacet
  facet normal  0.000000e+000 -1.000000e+000  0.000000e+000
    outer loop
      vertex -3.788101e+001 -4.905759e+000  4.490329e+001
      vertex -4.139171e+001 -4.905759e+000  4.524907e+001
      vertex -4.120689e+001 -4.905759e+000  4.490329e+001
    endloop
  endfacet
  facet normal  0.000000e+000 -1.000000e+000  0.000000e+000
    outer loop
      vertex -3.788101e+001 -4.905759e+000  4.490329e+001
      vertex -4.120689e+001 -4.905759e+000  4.490329e+001
      vertex -3.812973e+001 -4.905759e+000  4.460022e+001
    endloop
  endfacet
  facet normal  0.000000e+000 -1.000000e+000  0.000000e+000
    outer loop
      vertex -3.812973e+001 -4.905759e+000  4.460022e+001
      vertex -4.120689e+001 -4.905759e+000  4.490329e+001
      vertex -4.095816e+001 -4.905759e+000  4.460022e+001
    endloop
  endfacet
  facet normal  0.000000e+000 -1.000000e+000  0.000000e+000
    outer loop
      vertex -3.812973e+001 -4.905759e+000  4.460022e+001
      vertex -4.095816e+001 -4.905759e+000  4.460022e+001
      vertex -3.843281e+001 -4.905759e+000  4.435149e+001
    endloop
  endfacet
  facet normal  0.000000e+000 -1.000000e+000  0.000000e+000
    outer loop
      vertex -3.843281e+001 -4.905759e+000  4.435149e+001
      vertex -4.095816e+001 -4.905759e+000  4.460022e+001
      vertex -4.065509e+001 -4.905759e+000  4.435149e+001
    endloop
  endfacet
  facet normal  0.000000e+000 -1.000000e+000  0.000000e+000
    outer loop
      vertex -3.843281e+001 -4.905759e+000  4.435149e+001
      vertex -4.065509e+001 -4.905759e+000  4.435149e+001
      vertex -3.877858e+001 -4.905759e+000  4.416668e+001
    endloop
  endfacet
  facet normal  0.000000e+000 -1.000000e+000  0.000000e+000
    outer loop
      vertex -3.877858e+001 -4.905759e+000  4.416668e+001
      vertex -4.065509e+001 -4.905759e+000  4.435149e+001
      vertex -4.030931e+001 -4.905759e+000  4.416668e+001
    endloop
  endfacet
  facet normal  0.000000e+000 -1.000000e+000  0.000000e+000
    outer loop
      vertex -3.877858e+001 -4.905759e+000  4.416668e+001
      vertex -4.030931e+001 -4.905759e+000  4.416668e+001
      vertex -3.915377e+001 -4.905759e+000  4.405286e+001
    endloop
  endfacet
  facet normal  0.000000e+000 -1.000000e+000  0.000000e+000
    outer loop
      vertex -3.915377e+001 -4.905759e+000  4.405286e+001
      vertex -4.030931e+001 -4.905759e+000  4.416668e+001
      vertex -3.993413e+001 -4.905759e+000  4.405286e+001
    endloop
  endfacet
  facet normal  0.000000e+000 -9.999999e-001  0.000000e+000
    outer loop
      vertex -3.915377e+001 -4.905759e+000  4.405286e+001
      vertex -3.993413e+001 -4.905759e+000  4.405286e+001
      vertex -3.954395e+001 -4.905759e+000  4.401443e+001
    endloop
  endfacet
  facet normal  0.000000e+000  1.000000e+000  0.000000e+000
    outer loop
      vertex -3.977194e+001 -4.105759e+000  4.876583e+001
      vertex -3.931596e+001 -4.105759e+000  4.876583e+001
      vertex -4.022169e+001 -4.105759e+000  4.869078e+001
    endloop
  endfacet
  facet normal  0.000000e+000  1.000000e+000  0.000000e+000
    outer loop
      vertex -4.022169e+001 -4.105759e+000  4.869078e+001
      vertex -3.931596e+001 -4.105759e+000  4.876583e+001
      vertex -3.886621e+001 -4.105759e+000  4.869078e+001
    endloop
  endfacet
  facet normal  0.000000e+000  9.999999e-001  0.000000e+000
    outer loop
      vertex -4.022169e+001 -4.105759e+000  4.869078e+001
      vertex -3.886621e+001 -4.105759e+000  4.869078e+001
      vertex -4.065296e+001 -4.105759e+000  4.854273e+001
    endloop
  endfacet
  facet normal  0.000000e+000  1.000000e+000  0.000000e+000
    outer loop
      vertex -4.065296e+001 -4.105759e+000  4.854273e+001
      vertex -3.886621e+001 -4.105759e+000  4.869078e+001
      vertex -3.843494e+001 -4.105759e+000  4.854273e+001
    endloop
  endfacet
  facet normal  0.000000e+000  1.000000e+000  0.000000e+000
    outer loop
      vertex -4.065296e+001 -4.105759e+000  4.854273e+001
      vertex -3.843494e+001 -4.105759e+000  4.854273e+001
      vertex -4.105398e+001 -4.105759e+000  4.832571e+001
    endloop
  endfacet
  facet normal  0.000000e+000  1.000000e+000  0.000000e+000
    outer loop
      vertex -4.105398e+001 -4.105759e+000  4.832571e+001
      vertex -3.843494e+001 -4.105759e+000  4.854273e+001
      vertex -3.803392e+001 -4.105759e+000  4.832571e+001
    endloop
  endfacet
  facet normal  0.000000e+000  9.999999e-001  0.000000e+000
    outer loop
      vertex -4.105398e+001 -4.105759e+000  4.832571e+001
      vertex -3.803392e+001 -4.105759e+000  4.832571e+001
      vertex -4.141381e+001 -4.105759e+000  4.804564e+001
    endloop
  endfacet
  facet normal  0.000000e+000  1.000000e+000  0.000000e+000
    outer loop
      vertex -4.141381e+001 -4.105759e+000  4.804564e+001
      vertex -3.803392e+001 -4.105759e+000  4.832571e+001
      vertex -3.767409e+001 -4.105759e+000  4.804564e+001
    endloop
  endfacet
  facet normal  0.000000e+000  1.000000e+000  0.000000e+000
    outer loop
      vertex -4.141381e+001 -4.105759e+000  4.804564e+001
      vertex -3.767409e+001 -4.105759e+000  4.804564e+001
      vertex -4.172263e+001 -4.105759e+000  4.771017e+001
    endloop
  endfacet
  facet normal  0.000000e+000  1.000000e+000  0.000000e+000
    outer loop
      vertex -4.172263e+001 -4.105759e+000  4.771017e+001
      vertex -3.767409e+001 -4.105759e+000  4.804564e+001
      vertex -3.736527e+001 -4.105759e+000  4.771017e+001
    endloop
  endfacet
  facet normal  0.000000e+000  1.000000e+000  0.000000e+000
    outer loop
      vertex -4.172263e+001 -4.105759e+000  4.771017e+001
      vertex -3.736527e+001 -4.105759e+000  4.771017e+001
      vertex -4.197202e+001 -4.105759e+000  4.732844e+001
    endloop
  endfacet
  facet normal  0.000000e+000  1.000000e+000  0.000000e+000
    outer loop
      vertex -4.197202e+001 -4.105759e+000  4.732844e+001
      vertex -3.736527e+001 -4.105759e+000  4.771017e+001
      vertex -3.711588e+001 -4.105759e+000  4.732844e+001
    endloop
  endfacet
  facet normal  0.000000e+000  1.000000e+000  0.000000e+000
    outer loop
      vertex -4.197202e+001 -4.105759e+000  4.732844e+001
      vertex -3.711588e+001 -4.105759e+000  4.732844e+001
      vertex -4.215519e+001 -4.105759e+000  4.691087e+001
    endloop
  endfacet
  facet normal  0.000000e+000  1.000000e+000  0.000000e+000
    outer loop
      vertex -4.215519e+001 -4.105759e+000  4.691087e+001
      vertex -3.711588e+001 -4.105759e+000  4.732844e+001
      vertex -3.693271e+001 -4.105759e+000  4.691087e+001
    endloop
  endfacet
  facet normal  0.000000e+000  1.000000e+000  0.000000e+000
    outer loop
      vertex -4.215519e+001 -4.105759e+000  4.691087e+001
      vertex -3.693271e+001 -4.105759e+000  4.691087e+001
      vertex -4.226712e+001 -4.105759e+000  4.646885e+001
    endloop
  endfacet
  facet normal  0.000000e+000  1.000000e+000  0.000000e+000
    outer loop
      vertex -4.226712e+001 -4.105759e+000  4.646885e+001
      vertex -3.693271e+001 -4.105759e+000  4.691087e+001
      vertex -3.682078e+001 -4.105759e+000  4.646885e+001
    endloop
  endfacet
  facet normal  0.000000e+000  1.000000e+000  0.000000e+000
    outer loop
      vertex -4.226712e+001 -4.105759e+000  4.646885e+001
      vertex -3.682078e+001 -4.105759e+000  4.646885e+001
      vertex -4.230478e+001 -4.105759e+000  4.601443e+001
    endloop
  endfacet
  facet normal  0.000000e+000  1.000000e+000  0.000000e+000
    outer loop
      vertex -4.230478e+001 -4.105759e+000  4.601443e+001
      vertex -3.682078e+001 -4.105759e+000  4.646885e+001
      vertex -3.678312e+001 -4.105759e+000  4.601443e+001
    endloop
  endfacet
  facet normal  0.000000e+000  1.000000e+000  0.000000e+000
    outer loop
      vertex -4.230478e+001 -4.105759e+000  4.601443e+001
      vertex -3.678312e+001 -4.105759e+000  4.601443e+001
      vertex -4.226712e+001 -4.105759e+000  4.556002e+001
    endloop
  endfacet
  facet normal  0.000000e+000  1.000000e+000  0.000000e+000
    outer loop
      vertex -4.226712e+001 -4.105759e+000  4.556002e+001
      vertex -3.678312e+001 -4.105759e+000  4.601443e+001
      vertex -3.682078e+001 -4.105759e+000  4.556002e+001
    endloop
  endfacet
  facet normal  0.000000e+000  1.000000e+000  0.000000e+000
    outer loop
      vertex -4.226712e+001 -4.105759e+000  4.556002e+001
      vertex -3.682078e+001 -4.105759e+000  4.556002e+001
      vertex -4.215519e+001 -4.105759e+000  4.511800e+001
    endloop
  endfacet
  facet normal  0.000000e+000  1.000000e+000  0.000000e+000
    outer loop
      vertex -4.215519e+001 -4.105759e+000  4.511800e+001
      vertex -3.682078e+001 -4.105759e+000  4.556002e+001
      vertex -3.693271e+001 -4.105759e+000  4.511800e+001
    endloop
  endfacet
  facet normal  0.000000e+000  1.000000e+000  0.000000e+000
    outer loop
      vertex -4.215519e+001 -4.105759e+000  4.511800e+001
      vertex -3.693271e+001 -4.105759e+000  4.511800e+001
      vertex -4.197202e+001 -4.105759e+000  4.470043e+001
    endloop
  endfacet
  facet normal  0.000000e+000  1.000000e+000  0.000000e+000
    outer loop
      vertex -4.197202e+001 -4.105759e+000  4.470043e+001
      vertex -3.693271e+001 -4.105759e+000  4.511800e+001
      vertex -3.711588e+001 -4.105759e+000  4.470043e+001
    endloop
  endfacet
  facet normal  0.000000e+000  1.000000e+000  0.000000e+000
    outer loop
      vertex -4.197202e+001 -4.105759e+000  4.470043e+001
      vertex -3.711588e+001 -4.105759e+000  4.470043e+001
      vertex -4.172263e+001 -4.105759e+000  4.431870e+001
    endloop
  endfacet
  facet normal  0.000000e+000  1.000000e+000  0.000000e+000
    outer loop
      vertex -4.172263e+001 -4.105759e+000  4.431870e+001
      vertex -3.711588e+001 -4.105759e+000  4.470043e+001
      vertex -3.736527e+001 -4.105759e+000  4.431870e+001
    endloop
  endfacet
  facet normal  0.000000e+000  1.000000e+000  0.000000e+000
    outer loop
      vertex -4.172263e+001 -4.105759e+000  4.431870e+001
      vertex -3.736527e+001 -4.105759e+000  4.431870e+001
      vertex -4.141381e+001 -4.105759e+000  4.398323e+001
    endloop
  endfacet
  facet normal  0.000000e+000  1.000000e+000  0.000000e+000
    outer loop
      vertex -4.141381e+001 -4.105759e+000  4.398323e+001
      vertex -3.736527e+001 -4.105759e+000  4.431870e+001
      vertex -3.767409e+001 -4.105759e+000  4.398323e+001
    endloop
  endfacet
  facet normal  0.000000e+000  1.000000e+000  0.000000e+000
    outer loop
      vertex -4.141381e+001 -4.105759e+000  4.398323e+001
      vertex -3.767409e+001 -4.105759e+000  4.398323e+001
      vertex -4.105398e+001 -4.105759e+000  4.370316e+001
    endloop
  endfacet
  facet normal  0.000000e+000  9.999999e-001  0.000000e+000
    outer loop
      vertex -4.105398e+001 -4.105759e+000  4.370316e+001
      vertex -3.767409e+001 -4.105759e+000  4.398323e+001
      vertex -3.803392e+001 -4.105759e+000  4.370316e+001
    endloop
  endfacet
  facet normal  0.000000e+000  1.000000e+000  0.000000e+000
    outer loop
      vertex -4.105398e+001 -4.105759e+000  4.370316e+001
      vertex -3.803392e+001 -4.105759e+000  4.370316e+001
      vertex -4.065296e+001 -4.105759e+000  4.348614e+001
    endloop
  endfacet
  facet normal  0.000000e+000  1.000000e+000  0.000000e+000
    outer loop
      vertex -4.065296e+001 -4.105759e+000  4.348614e+001
      vertex -3.803392e+001 -4.105759e+000  4.370316e+001
      vertex -3.843494e+001 -4.105759e+000  4.348614e+001
    endloop
  endfacet
  facet normal  0.000000e+000  1.000000e+000  0.000000e+000
    outer loop
      vertex -4.065296e+001 -4.105759e+000  4.348614e+001
      vertex -3.843494e+001 -4.105759e+000  4.348614e+001
      vertex -4.022169e+001 -4.105759e+000  4.333809e+001
    endloop
  endfacet
  facet normal  0.000000e+000  9.999999e-001  0.000000e+000
    outer loop
      vertex -4.022169e+001 -4.105759e+000  4.333809e+001
      vertex -3.843494e+001 -4.105759e+000  4.348614e+001
      vertex -3.886621e+001 -4.105759e+000  4.333809e+001
    endloop
  endfacet
  facet normal  0.000000e+000  1.000000e+000  0.000000e+000
    outer loop
      vertex -4.022169e+001 -4.105759e+000  4.333809e+001
      vertex -3.886621e+001 -4.105759e+000  4.333809e+001
      vertex -3.977194e+001 -4.105759e+000  4.326304e+001
    endloop
  endfacet
  facet normal  0.000000e+000  1.000000e+000  0.000000e+000
    outer loop
      vertex -3.977194e+001 -4.105759e+000  4.326304e+001
      vertex -3.886621e+001 -4.105759e+000  4.333809e+001
      vertex -3.931596e+001 -4.105759e+000  4.326304e+001
    endloop
  endfacet
  facet normal -7.039309e-001  7.078691e-001  5.833048e-002
    outer loop
      vertex -4.230478e+001 -4.105759e+000  4.601443e+001
      vertex -4.376509e+001 -5.605759e+000  4.659462e+001
      vertex -4.226712e+001 -4.105759e+000  4.646885e+001
    endloop
  endfacet
  facet normal -7.062812e-001  7.062812e-001  4.830952e-002
    outer loop
      vertex -4.230478e+001 -4.105759e+000  4.601443e+001
      vertex -4.380478e+001 -5.605759e+000  4.601443e+001
      vertex -4.376509e+001 -5.605759e+000  4.659462e+001
    endloop
  endfacet
  facet normal  7.062812e-001  7.062812e-001  4.830952e-002
    outer loop
      vertex -3.678312e+001 -4.105759e+000  4.601443e+001
      vertex -3.532281e+001 -5.605759e+000  4.659462e+001
      vertex -3.528312e+001 -5.605759e+000  4.601443e+001
    endloop
  endfacet
  facet normal  7.039309e-001  7.078691e-001  5.833048e-002
    outer loop
      vertex -3.678312e+001 -4.105759e+000  4.601443e+001
      vertex -3.682078e+001 -4.105759e+000  4.646885e+001
      vertex -3.532281e+001 -5.605759e+000  4.659462e+001
    endloop
  endfacet
  facet normal  6.941135e-001  7.052675e-001  1.442367e-001
    outer loop
      vertex -3.682078e+001 -4.105759e+000  4.646885e+001
      vertex -3.544112e+001 -5.605759e+000  4.716399e+001
      vertex -3.532281e+001 -5.605759e+000  4.659462e+001
    endloop
  endfacet
  facet normal  6.684514e-001  7.047924e-001  2.375719e-001
    outer loop
      vertex -3.693271e+001 -4.105759e+000  4.691087e+001
      vertex -3.563587e+001 -5.605759e+000  4.771195e+001
      vertex -3.544112e+001 -5.605759e+000  4.716399e+001
    endloop
  endfacet
  facet normal  6.836250e-001  7.090045e-001  1.731172e-001
    outer loop
      vertex -3.693271e+001 -4.105759e+000  4.691087e+001
      vertex -3.544112e+001 -5.605759e+000  4.716399e+001
      vertex -3.682078e+001 -4.105759e+000  4.646885e+001
    endloop
  endfacet
  facet normal  6.298187e-001  7.048602e-001  3.263443e-001
    outer loop
      vertex -3.711588e+001 -4.105759e+000  4.732844e+001
      vertex -3.590342e+001 -5.605759e+000  4.822829e+001
      vertex -3.563587e+001 -5.605759e+000  4.771195e+001
    endloop
  endfacet
  facet normal  6.455231e-001  7.093124e-001  2.831531e-001
    outer loop
      vertex -3.711588e+001 -4.105759e+000  4.732844e+001
      vertex -3.563587e+001 -5.605759e+000  4.771195e+001
      vertex -3.693271e+001 -4.105759e+000  4.691087e+001
    endloop
  endfacet
  facet normal  5.790199e-001  7.054701e-001  4.087147e-001
    outer loop
      vertex -3.736527e+001 -4.105759e+000  4.771017e+001
      vertex -3.623878e+001 -5.605759e+000  4.870339e+001
      vertex -3.590342e+001 -5.605759e+000  4.822829e+001
    endloop
  endfacet
  facet normal  5.905488e-001  7.087979e-001  3.858207e-001
    outer loop
      vertex -3.736527e+001 -4.105759e+000  4.771017e+001
      vertex -3.590342e+001 -5.605759e+000  4.822829e+001
      vertex -3.711588e+001 -4.105759e+000  4.732844e+001
    endloop
  endfacet
  facet normal  4.469597e-001  7.059769e-001  5.493848e-001
    outer loop
      vertex -3.767409e+001 -4.105759e+000  4.804564e+001
      vertex -3.708681e+001 -5.605759e+000  4.949540e+001
      vertex -3.663571e+001 -5.605759e+000  4.912840e+001
    endloop
  endfacet
  facet normal  5.207058e-001  7.064682e-001  4.793415e-001
    outer loop
      vertex -3.767409e+001 -4.105759e+000  4.804564e+001
      vertex -3.663571e+001 -5.605759e+000  4.912840e+001
      vertex -3.736527e+001 -4.105759e+000  4.771017e+001
    endloop
  endfacet
  facet normal  5.165700e-001  7.073910e-001  4.824451e-001
    outer loop
      vertex -3.736527e+001 -4.105759e+000  4.771017e+001
      vertex -3.663571e+001 -5.605759e+000  4.912840e+001
      vertex -3.623878e+001 -5.605759e+000  4.870339e+001
    endloop
  endfacet
  facet normal  3.684435e-001  7.050978e-001  6.058766e-001
    outer loop
      vertex -3.803392e+001 -4.105759e+000  4.832571e+001
      vertex -3.758369e+001 -5.605759e+000  4.979756e+001
      vertex -3.708681e+001 -5.605759e+000  4.949540e+001
    endloop
  endfacet
  facet normal  4.336202e-001  7.082306e-001  5.571203e-001
    outer loop
      vertex -3.803392e+001 -4.105759e+000  4.832571e+001
      vertex -3.708681e+001 -5.605759e+000  4.949540e+001
      vertex -3.767409e+001 -4.105759e+000  4.804564e+001
    endloop
  endfacet
  facet normal  2.826447e-001  7.047580e-001  6.507135e-001
    outer loop
      vertex -3.843494e+001 -4.105759e+000  4.854273e+001
      vertex -3.811708e+001 -5.605759e+000  5.002925e+001
      vertex -3.758369e+001 -5.605759e+000  4.979756e+001
    endloop
  endfacet
  facet normal  3.355697e-001  7.091582e-001  6.200705e-001
    outer loop
      vertex -3.843494e+001 -4.105759e+000  4.854273e+001
      vertex -3.758369e+001 -5.605759e+000  4.979756e+001
      vertex -3.803392e+001 -4.105759e+000  4.832571e+001
    endloop
  endfacet
  facet normal  1.913488e-001  7.049620e-001  6.829451e-001
    outer loop
      vertex -3.886621e+001 -4.105759e+000  4.869078e+001
      vertex -3.867706e+001 -5.605759e+000  5.018614e+001
      vertex -3.811708e+001 -5.605759e+000  5.002925e+001
    endloop
  endfacet
  facet normal  2.288911e-001  7.092612e-001  6.667513e-001
    outer loop
      vertex -3.886621e+001 -4.105759e+000  4.869078e+001
      vertex -3.811708e+001 -5.605759e+000  5.002925e+001
      vertex -3.843494e+001 -4.105759e+000  4.854273e+001
    endloop
  endfacet
  facet normal  9.647376e-002  7.057070e-001  7.019050e-001
    outer loop
      vertex -3.931596e+001 -4.105759e+000  4.876583e+001
      vertex -3.925318e+001 -5.605759e+000  5.026533e+001
      vertex -3.867706e+001 -5.605759e+000  5.018614e+001
    endloop
  endfacet
  facet normal  1.161494e-001  7.085400e-001  6.960462e-001
    outer loop
      vertex -3.931596e+001 -4.105759e+000  4.876583e+001
      vertex -3.867706e+001 -5.605759e+000  5.018614e+001
      vertex -3.886621e+001 -4.105759e+000  4.869078e+001
    endloop
  endfacet
  facet normal -9.647376e-002  7.057070e-001  7.019050e-001
    outer loop
      vertex -3.977194e+001 -4.105759e+000  4.876583e+001
      vertex -4.041084e+001 -5.605759e+000  5.018614e+001
      vertex -3.983472e+001 -5.605759e+000  5.026533e+001
    endloop
  endfacet
  facet normal  0.000000e+000  7.069880e-001  7.072254e-001
    outer loop
      vertex -3.977194e+001 -4.105759e+000  4.876583e+001
      vertex -3.983472e+001 -5.605759e+000  5.026533e+001
      vertex -3.931596e+001 -4.105759e+000  4.876583e+001
    endloop
  endfacet
  facet normal  -0.000000e+000  7.069880e-001  7.072254e-001
    outer loop
      vertex -3.931596e+001 -4.105759e+000  4.876583e+001
      vertex -3.983472e+001 -5.605759e+000  5.026533e+001
      vertex -3.925318e+001 -5.605759e+000  5.026533e+001
    endloop
  endfacet
  facet normal -1.913488e-001  7.049621e-001  6.829453e-001
    outer loop
      vertex -4.022169e+001 -4.105759e+000  4.869078e+001
      vertex -4.097081e+001 -5.605759e+000  5.002925e+001
      vertex -4.041084e+001 -5.605759e+000  5.018614e+001
    endloop
  endfacet
  facet normal -1.161494e-001  7.085400e-001  6.960462e-001
    outer loop
      vertex -4.022169e+001 -4.105759e+000  4.869078e+001
      vertex -4.041084e+001 -5.605759e+000  5.018614e+001
      vertex -3.977194e+001 -4.105759e+000  4.876583e+001
    endloop
  endfacet
  facet normal -2.826447e-001  7.047580e-001  6.507134e-001
    outer loop
      vertex -4.065296e+001 -4.105759e+000  4.854273e+001
      vertex -4.150421e+001 -5.605759e+000  4.979756e+001
      vertex -4.097081e+001 -5.605759e+000  5.002925e+001
    endloop
  endfacet
  facet normal -2.288911e-001  7.092612e-001  6.667513e-001
    outer loop
      vertex -4.065296e+001 -4.105759e+000  4.854273e+001
      vertex -4.097081e+001 -5.605759e+000  5.002925e+001
      vertex -4.022169e+001 -4.105759e+000  4.869078e+001
    endloop
  endfacet
  facet normal -3.684435e-001  7.050978e-001  6.058766e-001
    outer loop
      vertex -4.105398e+001 -4.105759e+000  4.832571e+001
      vertex -4.200108e+001 -5.605759e+000  4.949540e+001
      vertex -4.150421e+001 -5.605759e+000  4.979756e+001
    endloop
  endfacet
  facet normal -3.355697e-001  7.091582e-001  6.200705e-001
    outer loop
      vertex -4.105398e+001 -4.105759e+000  4.832571e+001
      vertex -4.150421e+001 -5.605759e+000  4.979756e+001
      vertex -4.065296e+001 -4.105759e+000  4.854273e+001
    endloop
  endfacet
  facet normal -4.469597e-001  7.059768e-001  5.493848e-001
    outer loop
      vertex -4.141381e+001 -4.105759e+000  4.804564e+001
      vertex -4.245219e+001 -5.605759e+000  4.912840e+001
      vertex -4.200108e+001 -5.605759e+000  4.949540e+001
    endloop
  endfacet
  facet normal -4.336202e-001  7.082306e-001  5.571203e-001
    outer loop
      vertex -4.141381e+001 -4.105759e+000  4.804564e+001
      vertex -4.200108e+001 -5.605759e+000  4.949540e+001
      vertex -4.105398e+001 -4.105759e+000  4.832571e+001
    endloop
  endfacet
  facet normal -5.790199e-001  7.054701e-001  4.087147e-001
    outer loop
      vertex -4.172263e+001 -4.105759e+000  4.771017e+001
      vertex -4.318448e+001 -5.605759e+000  4.822829e+001
      vertex -4.284912e+001 -5.605759e+000  4.870339e+001
    endloop
  endfacet
  facet normal -5.199802e-001  7.074547e-001  4.786736e-001
    outer loop
      vertex -4.172263e+001 -4.105759e+000  4.771017e+001
      vertex -4.284912e+001 -5.605759e+000  4.870339e+001
      vertex -4.141381e+001 -4.105759e+000  4.804564e+001
    endloop
  endfacet
  facet normal -5.171351e-001  7.066176e-001  4.829729e-001
    outer loop
      vertex -4.141381e+001 -4.105759e+000  4.804564e+001
      vertex -4.284912e+001 -5.605759e+000  4.870339e+001
      vertex -4.245219e+001 -5.605759e+000  4.912840e+001
    endloop
  endfacet
  facet normal -6.298187e-001  7.048602e-001  3.263443e-001
    outer loop
      vertex -4.197202e+001 -4.105759e+000  4.732844e+001
      vertex -4.345203e+001 -5.605759e+000  4.771195e+001
      vertex -4.318448e+001 -5.605759e+000  4.822829e+001
    endloop
  endfacet
  facet normal -5.905488e-001  7.087979e-001  3.858207e-001
    outer loop
      vertex -4.197202e+001 -4.105759e+000  4.732844e+001
      vertex -4.318448e+001 -5.605759e+000  4.822829e+001
      vertex -4.172263e+001 -4.105759e+000  4.771017e+001
    endloop
  endfacet
  facet normal -6.684514e-001  7.047924e-001  2.375719e-001
    outer loop
      vertex -4.215519e+001 -4.105759e+000  4.691087e+001
      vertex -4.364677e+001 -5.605759e+000  4.716399e+001
      vertex -4.345203e+001 -5.605759e+000  4.771195e+001
    endloop
  endfacet
  facet normal -6.455231e-001  7.093124e-001  2.831531e-001
    outer loop
      vertex -4.215519e+001 -4.105759e+000  4.691087e+001
      vertex -4.345203e+001 -5.605759e+000  4.771195e+001
      vertex -4.197202e+001 -4.105759e+000  4.732844e+001
    endloop
  endfacet
  facet normal -6.941135e-001  7.052675e-001  1.442367e-001
    outer loop
      vertex -4.226712e+001 -4.105759e+000  4.646885e+001
      vertex -4.376509e+001 -5.605759e+000  4.659462e+001
      vertex -4.364677e+001 -5.605759e+000  4.716399e+001
    endloop
  endfacet
  facet normal -6.836250e-001  7.090045e-001  1.731172e-001
    outer loop
      vertex -4.226712e+001 -4.105759e+000  4.646885e+001
      vertex -4.364677e+001 -5.605759e+000  4.716399e+001
      vertex -4.215519e+001 -4.105759e+000  4.691087e+001
    endloop
  endfacet
  facet normal  7.039309e-001  7.078691e-001 -5.833048e-002
    outer loop
      vertex -3.678312e+001 -4.105759e+000  4.601443e+001
      vertex -3.532281e+001 -5.605759e+000  4.543425e+001
      vertex -3.682078e+001 -4.105759e+000  4.556002e+001
    endloop
  endfacet
  facet normal  7.062812e-001  7.062812e-001 -4.830952e-002
    outer loop
      vertex -3.678312e+001 -4.105759e+000  4.601443e+001
      vertex -3.528312e+001 -5.605759e+000  4.601443e+001
      vertex -3.532281e+001 -5.605759e+000  4.543425e+001
    endloop
  endfacet
  facet normal -7.062812e-001  7.062812e-001 -4.830952e-002
    outer loop
      vertex -4.230478e+001 -4.105759e+000  4.601443e+001
      vertex -4.376509e+001 -5.605759e+000  4.543425e+001
      vertex -4.380478e+001 -5.605759e+000  4.601443e+001
    endloop
  endfacet
  facet normal -7.039309e-001  7.078691e-001 -5.833048e-002
    outer loop
      vertex -4.230478e+001 -4.105759e+000  4.601443e+001
      vertex -4.226712e+001 -4.105759e+000  4.556002e+001
      vertex -4.376509e+001 -5.605759e+000  4.543425e+001
    endloop
  endfacet
  facet normal -6.941135e-001  7.052675e-001 -1.442367e-001
    outer loop
      vertex -4.226712e+001 -4.105759e+000  4.556002e+001
      vertex -4.364677e+001 -5.605759e+000  4.486488e+001
      vertex -4.376509e+001 -5.605759e+000  4.543425e+001
    endloop
  endfacet
  facet normal -6.684514e-001  7.047924e-001 -2.375719e-001
    outer loop
      vertex -4.215519e+001 -4.105759e+000  4.511800e+001
      vertex -4.345203e+001 -5.605759e+000  4.431692e+001
      vertex -4.364677e+001 -5.605759e+000  4.486488e+001
    endloop
  endfacet
  facet normal -6.836250e-001  7.090045e-001 -1.731172e-001
    outer loop
      vertex -4.215519e+001 -4.105759e+000  4.511800e+001
      vertex -4.364677e+001 -5.605759e+000  4.486488e+001
      vertex -4.226712e+001 -4.105759e+000  4.556002e+001
    endloop
  endfacet
  facet normal -6.298187e-001  7.048602e-001 -3.263443e-001
    outer loop
      vertex -4.197202e+001 -4.105759e+000  4.470043e+001
      vertex -4.318448e+001 -5.605759e+000  4.380058e+001
      vertex -4.345203e+001 -5.605759e+000  4.431692e+001
    endloop
  endfacet
  facet normal -6.455231e-001  7.093124e-001 -2.831531e-001
    outer loop
      vertex -4.197202e+001 -4.105759e+000  4.470043e+001
      vertex -4.345203e+001 -5.605759e+000  4.431692e+001
      vertex -4.215519e+001 -4.105759e+000  4.511800e+001
    endloop
  endfacet
  facet normal -5.790199e-001  7.054701e-001 -4.087147e-001
    outer loop
      vertex -4.172263e+001 -4.105759e+000  4.431870e+001
      vertex -4.284912e+001 -5.605759e+000  4.332548e+001
      vertex -4.318448e+001 -5.605759e+000  4.380058e+001
    endloop
  endfacet
  facet normal -5.905488e-001  7.087979e-001 -3.858207e-001
    outer loop
      vertex -4.172263e+001 -4.105759e+000  4.431870e+001
      vertex -4.318448e+001 -5.605759e+000  4.380058e+001
      vertex -4.197202e+001 -4.105759e+000  4.470043e+001
    endloop
  endfacet
  facet normal -4.469597e-001  7.059769e-001 -5.493848e-001
    outer loop
      vertex -4.141381e+001 -4.105759e+000  4.398323e+001
      vertex -4.200108e+001 -5.605759e+000  4.253347e+001
      vertex -4.245219e+001 -5.605759e+000  4.290047e+001
    endloop
  endfacet
  facet normal -5.207058e-001  7.064682e-001 -4.793415e-001
    outer loop
      vertex -4.141381e+001 -4.105759e+000  4.398323e+001
      vertex -4.245219e+001 -5.605759e+000  4.290047e+001
      vertex -4.172263e+001 -4.105759e+000  4.431870e+001
    endloop
  endfacet
  facet normal -5.165700e-001  7.073910e-001 -4.824451e-001
    outer loop
      vertex -4.172263e+001 -4.105759e+000  4.431870e+001
      vertex -4.245219e+001 -5.605759e+000  4.290047e+001
      vertex -4.284912e+001 -5.605759e+000  4.332548e+001
    endloop
  endfacet
  facet normal -3.684435e-001  7.050978e-001 -6.058766e-001
    outer loop
      vertex -4.105398e+001 -4.105759e+000  4.370316e+001
      vertex -4.150421e+001 -5.605759e+000  4.223131e+001
      vertex -4.200108e+001 -5.605759e+000  4.253347e+001
    endloop
  endfacet
  facet normal -4.336202e-001  7.082306e-001 -5.571203e-001
    outer loop
      vertex -4.105398e+001 -4.105759e+000  4.370316e+001
      vertex -4.200108e+001 -5.605759e+000  4.253347e+001
      vertex -4.141381e+001 -4.105759e+000  4.398323e+001
    endloop
  endfacet
  facet normal -2.826447e-001  7.047580e-001 -6.507135e-001
    outer loop
      vertex -4.065296e+001 -4.105759e+000  4.348614e+001
      vertex -4.097081e+001 -5.605759e+000  4.199962e+001
      vertex -4.150421e+001 -5.605759e+000  4.223131e+001
    endloop
  endfacet
  facet normal -3.355697e-001  7.091582e-001 -6.200705e-001
    outer loop
      vertex -4.065296e+001 -4.105759e+000  4.348614e+001
      vertex -4.150421e+001 -5.605759e+000  4.223131e+001
      vertex -4.105398e+001 -4.105759e+000  4.370316e+001
    endloop
  endfacet
  facet normal -1.913488e-001  7.049620e-001 -6.829451e-001
    outer loop
      vertex -4.022169e+001 -4.105759e+000  4.333809e+001
      vertex -4.041084e+001 -5.605759e+000  4.184273e+001
      vertex -4.097081e+001 -5.605759e+000  4.199962e+001
    endloop
  endfacet
  facet normal -2.288911e-001  7.092612e-001 -6.667513e-001
    outer loop
      vertex -4.022169e+001 -4.105759e+000  4.333809e+001
      vertex -4.097081e+001 -5.605759e+000  4.199962e+001
      vertex -4.065296e+001 -4.105759e+000  4.348614e+001
    endloop
  endfacet
  facet normal -9.647376e-002  7.057070e-001 -7.019050e-001
    outer loop
      vertex -3.977194e+001 -4.105759e+000  4.326304e+001
      vertex -3.983472e+001 -5.605759e+000  4.176354e+001
      vertex -4.041084e+001 -5.605759e+000  4.184273e+001
    endloop
  endfacet
  facet normal -1.161494e-001  7.085400e-001 -6.960462e-001
    outer loop
      vertex -3.977194e+001 -4.105759e+000  4.326304e+001
      vertex -4.041084e+001 -5.605759e+000  4.184273e+001
      vertex -4.022169e+001 -4.105759e+000  4.333809e+001
    endloop
  endfacet
  facet normal  9.647376e-002  7.057070e-001 -7.019050e-001
    outer loop
      vertex -3.931596e+001 -4.105759e+000  4.326304e+001
      vertex -3.867706e+001 -5.605759e+000  4.184273e+001
      vertex -3.925318e+001 -5.605759e+000  4.176354e+001
    endloop
  endfacet
  facet normal  0.000000e+000  7.069880e-001 -7.072254e-001
    outer loop
      vertex -3.931596e+001 -4.105759e+000  4.326304e+001
      vertex -3.925318e+001 -5.605759e+000  4.176354e+001
      vertex -3.977194e+001 -4.105759e+000  4.326304e+001
    endloop
  endfacet
  facet normal  0.000000e+000  7.069880e-001 -7.072254e-001
    outer loop
      vertex -3.977194e+001 -4.105759e+000  4.326304e+001
      vertex -3.925318e+001 -5.605759e+000  4.176354e+001
      vertex -3.983472e+001 -5.605759e+000  4.176354e+001
    endloop
  endfacet
  facet normal  1.913488e-001  7.049621e-001 -6.829453e-001
    outer loop
      vertex -3.886621e+001 -4.105759e+000  4.333809e+001
      vertex -3.811708e+001 -5.605759e+000  4.199962e+001
      vertex -3.867706e+001 -5.605759e+000  4.184273e+001
    endloop
  endfacet
  facet normal  1.161494e-001  7.085400e-001 -6.960462e-001
    outer loop
      vertex -3.886621e+001 -4.105759e+000  4.333809e+001
      vertex -3.867706e+001 -5.605759e+000  4.184273e+001
      vertex -3.931596e+001 -4.105759e+000  4.326304e+001
    endloop
  endfacet
  facet normal  2.826447e-001  7.047580e-001 -6.507134e-001
    outer loop
      vertex -3.843494e+001 -4.105759e+000  4.348614e+001
      vertex -3.758369e+001 -5.605759e+000  4.223131e+001
      vertex -3.811708e+001 -5.605759e+000  4.199962e+001
    endloop
  endfacet
  facet normal  2.288911e-001  7.092612e-001 -6.667513e-001
    outer loop
      vertex -3.843494e+001 -4.105759e+000  4.348614e+001
      vertex -3.811708e+001 -5.605759e+000  4.199962e+001
      vertex -3.886621e+001 -4.105759e+000  4.333809e+001
    endloop
  endfacet
  facet normal  3.684435e-001  7.050978e-001 -6.058766e-001
    outer loop
      vertex -3.803392e+001 -4.105759e+000  4.370316e+001
      vertex -3.708681e+001 -5.605759e+000  4.253347e+001
      vertex -3.758369e+001 -5.605759e+000  4.223131e+001
    endloop
  endfacet
  facet normal  3.355697e-001  7.091582e-001 -6.200705e-001
    outer loop
      vertex -3.803392e+001 -4.105759e+000  4.370316e+001
      vertex -3.758369e+001 -5.605759e+000  4.223131e+001
      vertex -3.843494e+001 -4.105759e+000  4.348614e+001
    endloop
  endfacet
  facet normal  4.469597e-001  7.059768e-001 -5.493848e-001
    outer loop
      vertex -3.767409e+001 -4.105759e+000  4.398323e+001
      vertex -3.663571e+001 -5.605759e+000  4.290047e+001
      vertex -3.708681e+001 -5.605759e+000  4.253347e+001
    endloop
  endfacet
  facet normal  4.336202e-001  7.082306e-001 -5.571203e-001
    outer loop
      vertex -3.767409e+001 -4.105759e+000  4.398323e+001
      vertex -3.708681e+001 -5.605759e+000  4.253347e+001
      vertex -3.803392e+001 -4.105759e+000  4.370316e+001
    endloop
  endfacet
  facet normal  5.790199e-001  7.054701e-001 -4.087147e-001
    outer loop
      vertex -3.736527e+001 -4.105759e+000  4.431870e+001
      vertex -3.590342e+001 -5.605759e+000  4.380058e+001
      vertex -3.623878e+001 -5.605759e+000  4.332548e+001
    endloop
  endfacet
  facet normal  5.199802e-001  7.074547e-001 -4.786736e-001
    outer loop
      vertex -3.736527e+001 -4.105759e+000  4.431870e+001
      vertex -3.623878e+001 -5.605759e+000  4.332548e+001
      vertex -3.767409e+001 -4.105759e+000  4.398323e+001
    endloop
  endfacet
  facet normal  5.171351e-001  7.066176e-001 -4.829729e-001
    outer loop
      vertex -3.767409e+001 -4.105759e+000  4.398323e+001
      vertex -3.623878e+001 -5.605759e+000  4.332548e+001
      vertex -3.663571e+001 -5.605759e+000  4.290047e+001
    endloop
  endfacet
  facet normal  6.298187e-001  7.048602e-001 -3.263443e-001
    outer loop
      vertex -3.711588e+001 -4.105759e+000  4.470043e+001
      vertex -3.563587e+001 -5.605759e+000  4.431692e+001
      vertex -3.590342e+001 -5.605759e+000  4.380058e+001
    endloop
  endfacet
  facet normal  5.905488e-001  7.087979e-001 -3.858207e-001
    outer loop
      vertex -3.711588e+001 -4.105759e+000  4.470043e+001
      vertex -3.590342e+001 -5.605759e+000  4.380058e+001
      vertex -3.736527e+001 -4.105759e+000  4.431870e+001
    endloop
  endfacet
  facet normal  6.684514e-001  7.047924e-001 -2.375719e-001
    outer loop
      vertex -3.693271e+001 -4.105759e+000  4.511800e+001
      vertex -3.544112e+001 -5.605759e+000  4.486488e+001
      vertex -3.563587e+001 -5.605759e+000  4.431692e+001
    endloop
  endfacet
  facet normal  6.455231e-001  7.093124e-001 -2.831531e-001
    outer loop
      vertex -3.693271e+001 -4.105759e+000  4.511800e+001
      vertex -3.563587e+001 -5.605759e+000  4.431692e+001
      vertex -3.711588e+001 -4.105759e+000  4.470043e+001
    endloop
  endfacet
  facet normal  6.941135e-001  7.052675e-001 -1.442367e-001
    outer loop
      vertex -3.682078e+001 -4.105759e+000  4.556002e+001
      vertex -3.532281e+001 -5.605759e+000  4.543425e+001
      vertex -3.544112e+001 -5.605759e+000  4.486488e+001
    endloop
  endfacet
  facet normal  6.836250e-001  7.090045e-001 -1.731172e-001
    outer loop
      vertex -3.682078e+001 -4.105759e+000  4.556002e+001
      vertex -3.544112e+001 -5.605759e+000  4.486488e+001
      vertex -3.693271e+001 -4.105759e+000  4.511800e+001
    endloop
  endfacet
  facet normal  9.801623e-002  0.000000e+000  9.951848e-001
    outer loop
      vertex -3.954395e+001 -2.230576e+001  4.401443e+001
      vertex -3.993413e+001 -2.160576e+001  4.405286e+001
      vertex -3.993413e+001 -2.230576e+001  4.405286e+001
    endloop
  endfacet
  facet normal  2.902869e-001  -0.000000e+000  9.569396e-001
    outer loop
      vertex -3.993413e+001 -2.230576e+001  4.405286e+001
      vertex -3.993413e+001 -2.160576e+001  4.405286e+001
      vertex -4.030931e+001 -2.160576e+001  4.416668e+001
    endloop
  endfacet
  facet normal  2.902869e-001  0.000000e+000  9.569396e-001
    outer loop
      vertex -3.993413e+001 -2.230576e+001  4.405286e+001
      vertex -4.030931e+001 -2.160576e+001  4.416668e+001
      vertex -4.030931e+001 -2.230576e+001  4.416668e+001
    endloop
  endfacet
  facet normal  4.713915e-001  -0.000000e+000  8.819241e-001
    outer loop
      vertex -4.030931e+001 -2.230576e+001  4.416668e+001
      vertex -4.030931e+001 -2.160576e+001  4.416668e+001
      vertex -4.065509e+001 -2.160576e+001  4.435149e+001
    endloop
  endfacet
  facet normal  4.713915e-001  0.000000e+000  8.819241e-001
    outer loop
      vertex -4.030931e+001 -2.230576e+001  4.416668e+001
      vertex -4.065509e+001 -2.160576e+001  4.435149e+001
      vertex -4.065509e+001 -2.230576e+001  4.435149e+001
    endloop
  endfacet
  facet normal  6.343927e-001  -0.000000e+000  7.730110e-001
    outer loop
      vertex -4.065509e+001 -2.230576e+001  4.435149e+001
      vertex -4.065509e+001 -2.160576e+001  4.435149e+001
      vertex -4.095816e+001 -2.160576e+001  4.460022e+001
    endloop
  endfacet
  facet normal  6.343927e-001  0.000000e+000  7.730110e-001
    outer loop
      vertex -4.065509e+001 -2.230576e+001  4.435149e+001
      vertex -4.095816e+001 -2.160576e+001  4.460022e+001
      vertex -4.095816e+001 -2.230576e+001  4.460022e+001
    endloop
  endfacet
  facet normal  7.730110e-001  -0.000000e+000  6.343927e-001
    outer loop
      vertex -4.095816e+001 -2.230576e+001  4.460022e+001
      vertex -4.095816e+001 -2.160576e+001  4.460022e+001
      vertex -4.120689e+001 -2.160576e+001  4.490329e+001
    endloop
  endfacet
  facet normal  7.730110e-001  0.000000e+000  6.343927e-001
    outer loop
      vertex -4.095816e+001 -2.230576e+001  4.460022e+001
      vertex -4.120689e+001 -2.160576e+001  4.490329e+001
      vertex -4.120689e+001 -2.230576e+001  4.490329e+001
    endloop
  endfacet
  facet normal  8.819241e-001  -0.000000e+000  4.713915e-001
    outer loop
      vertex -4.120689e+001 -2.230576e+001  4.490329e+001
      vertex -4.120689e+001 -2.160576e+001  4.490329e+001
      vertex -4.139171e+001 -2.160576e+001  4.524907e+001
    endloop
  endfacet
  facet normal  8.819241e-001  0.000000e+000  4.713915e-001
    outer loop
      vertex -4.120689e+001 -2.230576e+001  4.490329e+001
      vertex -4.139171e+001 -2.160576e+001  4.524907e+001
      vertex -4.139171e+001 -2.230576e+001  4.524907e+001
    endloop
  endfacet
  facet normal  9.569396e-001  -0.000000e+000  2.902869e-001
    outer loop
      vertex -4.139171e+001 -2.230576e+001  4.524907e+001
      vertex -4.139171e+001 -2.160576e+001  4.524907e+001
      vertex -4.150552e+001 -2.160576e+001  4.562425e+001
    endloop
  endfacet
  facet normal  9.569396e-001  0.000000e+000  2.902869e-001
    outer loop
      vertex -4.139171e+001 -2.230576e+001  4.524907e+001
      vertex -4.150552e+001 -2.160576e+001  4.562425e+001
      vertex -4.150552e+001 -2.230576e+001  4.562425e+001
    endloop
  endfacet
  facet normal  9.951848e-001  -0.000000e+000  9.801623e-002
    outer loop
      vertex -4.150552e+001 -2.230576e+001  4.562425e+001
      vertex -4.150552e+001 -2.160576e+001  4.562425e+001
      vertex -4.154395e+001 -2.160576e+001  4.601443e+001
    endloop
  endfacet
  facet normal  9.951848e-001  0.000000e+000  9.801623e-002
    outer loop
      vertex -4.150552e+001 -2.230576e+001  4.562425e+001
      vertex -4.154395e+001 -2.160576e+001  4.601443e+001
      vertex -4.154395e+001 -2.230576e+001  4.601443e+001
    endloop
  endfacet
  facet normal  9.801623e-002  -0.000000e+000  9.951848e-001
    outer loop
      vertex -3.993413e+001 -2.160576e+001  4.405286e+001
      vertex -3.954395e+001 -2.230576e+001  4.401443e+001
      vertex -3.954395e+001 -2.160576e+001  4.401443e+001
    endloop
  endfacet
  facet normal -9.801623e-002  0.000000e+000  9.951848e-001
    outer loop
      vertex -3.954395e+001 -2.160576e+001  4.401443e+001
      vertex -3.954395e+001 -2.230576e+001  4.401443e+001
      vertex -3.915377e+001 -2.230576e+001  4.405286e+001
    endloop
  endfacet
  facet normal -9.801623e-002  0.000000e+000  9.951848e-001
    outer loop
      vertex -3.954395e+001 -2.160576e+001  4.401443e+001
      vertex -3.915377e+001 -2.230576e+001  4.405286e+001
      vertex -3.915377e+001 -2.160576e+001  4.405286e+001
    endloop
  endfacet
  facet normal -2.902869e-001  0.000000e+000  9.569396e-001
    outer loop
      vertex -3.915377e+001 -2.160576e+001  4.405286e+001
      vertex -3.915377e+001 -2.230576e+001  4.405286e+001
      vertex -3.877858e+001 -2.230576e+001  4.416668e+001
    endloop
  endfacet
  facet normal -2.902869e-001  0.000000e+000  9.569396e-001
    outer loop
      vertex -3.915377e+001 -2.160576e+001  4.405286e+001
      vertex -3.877858e+001 -2.230576e+001  4.416668e+001
      vertex -3.877858e+001 -2.160576e+001  4.416668e+001
    endloop
  endfacet
  facet normal -4.713915e-001  0.000000e+000  8.819241e-001
    outer loop
      vertex -3.877858e+001 -2.160576e+001  4.416668e+001
      vertex -3.877858e+001 -2.230576e+001  4.416668e+001
      vertex -3.843281e+001 -2.230576e+001  4.435149e+001
    endloop
  endfacet
  facet normal -4.713915e-001  0.000000e+000  8.819241e-001
    outer loop
      vertex -3.877858e+001 -2.160576e+001  4.416668e+001
      vertex -3.843281e+001 -2.230576e+001  4.435149e+001
      vertex -3.843281e+001 -2.160576e+001  4.435149e+001
    endloop
  endfacet
  facet normal -6.343927e-001  0.000000e+000  7.730110e-001
    outer loop
      vertex -3.843281e+001 -2.160576e+001  4.435149e+001
      vertex -3.843281e+001 -2.230576e+001  4.435149e+001
      vertex -3.812973e+001 -2.230576e+001  4.460022e+001
    endloop
  endfacet
  facet normal -6.343927e-001  0.000000e+000  7.730110e-001
    outer loop
      vertex -3.843281e+001 -2.160576e+001  4.435149e+001
      vertex -3.812973e+001 -2.230576e+001  4.460022e+001
      vertex -3.812973e+001 -2.160576e+001  4.460022e+001
    endloop
  endfacet
  facet normal -7.730110e-001  0.000000e+000  6.343927e-001
    outer loop
      vertex -3.812973e+001 -2.160576e+001  4.460022e+001
      vertex -3.812973e+001 -2.230576e+001  4.460022e+001
      vertex -3.788101e+001 -2.230576e+001  4.490329e+001
    endloop
  endfacet
  facet normal -7.730110e-001  0.000000e+000  6.343927e-001
    outer loop
      vertex -3.812973e+001 -2.160576e+001  4.460022e+001
      vertex -3.788101e+001 -2.230576e+001  4.490329e+001
      vertex -3.788101e+001 -2.160576e+001  4.490329e+001
    endloop
  endfacet
  facet normal -8.819241e-001  0.000000e+000  4.713915e-001
    outer loop
      vertex -3.788101e+001 -2.160576e+001  4.490329e+001
      vertex -3.788101e+001 -2.230576e+001  4.490329e+001
      vertex -3.769619e+001 -2.230576e+001  4.524907e+001
    endloop
  endfacet
  facet normal -8.819241e-001  0.000000e+000  4.713915e-001
    outer loop
      vertex -3.788101e+001 -2.160576e+001  4.490329e+001
      vertex -3.769619e+001 -2.230576e+001  4.524907e+001
      vertex -3.769619e+001 -2.160576e+001  4.524907e+001
    endloop
  endfacet
  facet normal -9.569396e-001  0.000000e+000  2.902869e-001
    outer loop
      vertex -3.769619e+001 -2.160576e+001  4.524907e+001
      vertex -3.769619e+001 -2.230576e+001  4.524907e+001
      vertex -3.758238e+001 -2.230576e+001  4.562425e+001
    endloop
  endfacet
  facet normal -9.569396e-001  0.000000e+000  2.902869e-001
    outer loop
      vertex -3.769619e+001 -2.160576e+001  4.524907e+001
      vertex -3.758238e+001 -2.230576e+001  4.562425e+001
      vertex -3.758238e+001 -2.160576e+001  4.562425e+001
    endloop
  endfacet
  facet normal -9.951848e-001  0.000000e+000  9.801623e-002
    outer loop
      vertex -3.758238e+001 -2.160576e+001  4.562425e+001
      vertex -3.758238e+001 -2.230576e+001  4.562425e+001
      vertex -3.754395e+001 -2.230576e+001  4.601443e+001
    endloop
  endfacet
  facet normal -9.951848e-001  0.000000e+000  9.801623e-002
    outer loop
      vertex -3.758238e+001 -2.160576e+001  4.562425e+001
      vertex -3.754395e+001 -2.230576e+001  4.601443e+001
      vertex -3.754395e+001 -2.160576e+001  4.601443e+001
    endloop
  endfacet
  facet normal -9.801623e-002  -0.000000e+000 -9.951848e-001
    outer loop
      vertex -3.954395e+001 -2.230576e+001  4.801443e+001
      vertex -3.915377e+001 -2.160576e+001  4.797601e+001
      vertex -3.915377e+001 -2.230576e+001  4.797601e+001
    endloop
  endfacet
  facet normal -2.902869e-001  0.000000e+000 -9.569396e-001
    outer loop
      vertex -3.915377e+001 -2.230576e+001  4.797601e+001
      vertex -3.915377e+001 -2.160576e+001  4.797601e+001
      vertex -3.877858e+001 -2.160576e+001  4.786219e+001
    endloop
  endfacet
  facet normal -2.902869e-001  -0.000000e+000 -9.569396e-001
    outer loop
      vertex -3.915377e+001 -2.230576e+001  4.797601e+001
      vertex -3.877858e+001 -2.160576e+001  4.786219e+001
      vertex -3.877858e+001 -2.230576e+001  4.786219e+001
    endloop
  endfacet
  facet normal -4.713915e-001  0.000000e+000 -8.819241e-001
    outer loop
      vertex -3.877858e+001 -2.230576e+001  4.786219e+001
      vertex -3.877858e+001 -2.160576e+001  4.786219e+001
      vertex -3.843281e+001 -2.160576e+001  4.767738e+001
    endloop
  endfacet
  facet normal -4.713915e-001  -0.000000e+000 -8.819241e-001
    outer loop
      vertex -3.877858e+001 -2.230576e+001  4.786219e+001
      vertex -3.843281e+001 -2.160576e+001  4.767738e+001
      vertex -3.843281e+001 -2.230576e+001  4.767738e+001
    endloop
  endfacet
  facet normal -6.343927e-001  0.000000e+000 -7.730110e-001
    outer loop
      vertex -3.843281e+001 -2.230576e+001  4.767738e+001
      vertex -3.843281e+001 -2.160576e+001  4.767738e+001
      vertex -3.812973e+001 -2.160576e+001  4.742865e+001
    endloop
  endfacet
  facet normal -6.343927e-001  -0.000000e+000 -7.730110e-001
    outer loop
      vertex -3.843281e+001 -2.230576e+001  4.767738e+001
      vertex -3.812973e+001 -2.160576e+001  4.742865e+001
      vertex -3.812973e+001 -2.230576e+001  4.742865e+001
    endloop
  endfacet
  facet normal -7.730110e-001  0.000000e+000 -6.343927e-001
    outer loop
      vertex -3.812973e+001 -2.230576e+001  4.742865e+001
      vertex -3.812973e+001 -2.160576e+001  4.742865e+001
      vertex -3.788101e+001 -2.160576e+001  4.712558e+001
    endloop
  endfacet
  facet normal -7.730110e-001  -0.000000e+000 -6.343927e-001
    outer loop
      vertex -3.812973e+001 -2.230576e+001  4.742865e+001
      vertex -3.788101e+001 -2.160576e+001  4.712558e+001
      vertex -3.788101e+001 -2.230576e+001  4.712558e+001
    endloop
  endfacet
  facet normal -8.819241e-001  0.000000e+000 -4.713915e-001
    outer loop
      vertex -3.788101e+001 -2.230576e+001  4.712558e+001
      vertex -3.788101e+001 -2.160576e+001  4.712558e+001
      vertex -3.769619e+001 -2.160576e+001  4.677980e+001
    endloop
  endfacet
  facet normal -8.819241e-001  -0.000000e+000 -4.713915e-001
    outer loop
      vertex -3.788101e+001 -2.230576e+001  4.712558e+001
      vertex -3.769619e+001 -2.160576e+001  4.677980e+001
      vertex -3.769619e+001 -2.230576e+001  4.677980e+001
    endloop
  endfacet
  facet normal -9.569396e-001  0.000000e+000 -2.902869e-001
    outer loop
      vertex -3.769619e+001 -2.230576e+001  4.677980e+001
      vertex -3.769619e+001 -2.160576e+001  4.677980e+001
      vertex -3.758238e+001 -2.160576e+001  4.640462e+001
    endloop
  endfacet
  facet normal -9.569396e-001  -0.000000e+000 -2.902869e-001
    outer loop
      vertex -3.769619e+001 -2.230576e+001  4.677980e+001
      vertex -3.758238e+001 -2.160576e+001  4.640462e+001
      vertex -3.758238e+001 -2.230576e+001  4.640462e+001
    endloop
  endfacet
  facet normal -9.951848e-001  0.000000e+000 -9.801623e-002
    outer loop
      vertex -3.758238e+001 -2.230576e+001  4.640462e+001
      vertex -3.758238e+001 -2.160576e+001  4.640462e+001
      vertex -3.754395e+001 -2.160576e+001  4.601443e+001
    endloop
  endfacet
  facet normal -9.951848e-001  -0.000000e+000 -9.801623e-002
    outer loop
      vertex -3.758238e+001 -2.230576e+001  4.640462e+001
      vertex -3.754395e+001 -2.160576e+001  4.601443e+001
      vertex -3.754395e+001 -2.230576e+001  4.601443e+001
    endloop
  endfacet
  facet normal -9.801623e-002  0.000000e+000 -9.951848e-001
    outer loop
      vertex -3.915377e+001 -2.160576e+001  4.797601e+001
      vertex -3.954395e+001 -2.230576e+001  4.801443e+001
      vertex -3.954395e+001 -2.160576e+001  4.801443e+001
    endloop
  endfacet
  facet normal  9.801623e-002  0.000000e+000 -9.951848e-001
    outer loop
      vertex -3.954395e+001 -2.160576e+001  4.801443e+001
      vertex -3.954395e+001 -2.230576e+001  4.801443e+001
      vertex -3.993413e+001 -2.230576e+001  4.797601e+001
    endloop
  endfacet
  facet normal  9.801623e-002  0.000000e+000 -9.951848e-001
    outer loop
      vertex -3.954395e+001 -2.160576e+001  4.801443e+001
      vertex -3.993413e+001 -2.230576e+001  4.797601e+001
      vertex -3.993413e+001 -2.160576e+001  4.797601e+001
    endloop
  endfacet
  facet normal  2.902869e-001  0.000000e+000 -9.569396e-001
    outer loop
      vertex -3.993413e+001 -2.160576e+001  4.797601e+001
      vertex -3.993413e+001 -2.230576e+001  4.797601e+001
      vertex -4.030931e+001 -2.230576e+001  4.786219e+001
    endloop
  endfacet
  facet normal  2.902869e-001  0.000000e+000 -9.569396e-001
    outer loop
      vertex -3.993413e+001 -2.160576e+001  4.797601e+001
      vertex -4.030931e+001 -2.230576e+001  4.786219e+001
      vertex -4.030931e+001 -2.160576e+001  4.786219e+001
    endloop
  endfacet
  facet normal  4.713915e-001  0.000000e+000 -8.819241e-001
    outer loop
      vertex -4.030931e+001 -2.160576e+001  4.786219e+001
      vertex -4.030931e+001 -2.230576e+001  4.786219e+001
      vertex -4.065509e+001 -2.230576e+001  4.767738e+001
    endloop
  endfacet
  facet normal  4.713915e-001  0.000000e+000 -8.819241e-001
    outer loop
      vertex -4.030931e+001 -2.160576e+001  4.786219e+001
      vertex -4.065509e+001 -2.230576e+001  4.767738e+001
      vertex -4.065509e+001 -2.160576e+001  4.767738e+001
    endloop
  endfacet
  facet normal  6.343927e-001  0.000000e+000 -7.730110e-001
    outer loop
      vertex -4.065509e+001 -2.160576e+001  4.767738e+001
      vertex -4.065509e+001 -2.230576e+001  4.767738e+001
      vertex -4.095816e+001 -2.230576e+001  4.742865e+001
    endloop
  endfacet
  facet normal  6.343927e-001  0.000000e+000 -7.730110e-001
    outer loop
      vertex -4.065509e+001 -2.160576e+001  4.767738e+001
      vertex -4.095816e+001 -2.230576e+001  4.742865e+001
      vertex -4.095816e+001 -2.160576e+001  4.742865e+001
    endloop
  endfacet
  facet normal  7.730110e-001  0.000000e+000 -6.343927e-001
    outer loop
      vertex -4.095816e+001 -2.160576e+001  4.742865e+001
      vertex -4.095816e+001 -2.230576e+001  4.742865e+001
      vertex -4.120689e+001 -2.230576e+001  4.712558e+001
    endloop
  endfacet
  facet normal  7.730110e-001  0.000000e+000 -6.343927e-001
    outer loop
      vertex -4.095816e+001 -2.160576e+001  4.742865e+001
      vertex -4.120689e+001 -2.230576e+001  4.712558e+001
      vertex -4.120689e+001 -2.160576e+001  4.712558e+001
    endloop
  endfacet
  facet normal  8.819241e-001  0.000000e+000 -4.713915e-001
    outer loop
      vertex -4.120689e+001 -2.160576e+001  4.712558e+001
      vertex -4.120689e+001 -2.230576e+001  4.712558e+001
      vertex -4.139171e+001 -2.230576e+001  4.677980e+001
    endloop
  endfacet
  facet normal  8.819241e-001  0.000000e+000 -4.713915e-001
    outer loop
      vertex -4.120689e+001 -2.160576e+001  4.712558e+001
      vertex -4.139171e+001 -2.230576e+001  4.677980e+001
      vertex -4.139171e+001 -2.160576e+001  4.677980e+001
    endloop
  endfacet
  facet normal  9.569396e-001  0.000000e+000 -2.902869e-001
    outer loop
      vertex -4.139171e+001 -2.160576e+001  4.677980e+001
      vertex -4.139171e+001 -2.230576e+001  4.677980e+001
      vertex -4.150552e+001 -2.230576e+001  4.640462e+001
    endloop
  endfacet
  facet normal  9.569396e-001  0.000000e+000 -2.902869e-001
    outer loop
      vertex -4.139171e+001 -2.160576e+001  4.677980e+001
      vertex -4.150552e+001 -2.230576e+001  4.640462e+001
      vertex -4.150552e+001 -2.160576e+001  4.640462e+001
    endloop
  endfacet
  facet normal  9.951848e-001  0.000000e+000 -9.801623e-002
    outer loop
      vertex -4.150552e+001 -2.160576e+001  4.640462e+001
      vertex -4.150552e+001 -2.230576e+001  4.640462e+001
      vertex -4.154395e+001 -2.230576e+001  4.601443e+001
    endloop
  endfacet
  facet normal  9.951848e-001  0.000000e+000 -9.801623e-002
    outer loop
      vertex -4.150552e+001 -2.160576e+001  4.640462e+001
      vertex -4.154395e+001 -2.230576e+001  4.601443e+001
      vertex -4.154395e+001 -2.160576e+001  4.601443e+001
    endloop
  endfacet
  facet normal  9.801623e-002  0.000000e+000 -9.951848e-001
    outer loop
      vertex -3.954395e+001 -2.129140e+001  4.801443e+001
      vertex -3.993413e+001 -2.160576e+001  4.797601e+001
      vertex -3.993413e+001 -2.129140e+001  4.797601e+001
    endloop
  endfacet
  facet normal  2.902869e-001  0.000000e+000 -9.569396e-001
    outer loop
      vertex -3.993413e+001 -2.129140e+001  4.797601e+001
      vertex -3.993413e+001 -2.160576e+001  4.797601e+001
      vertex -4.030931e+001 -2.160576e+001  4.786219e+001
    endloop
  endfacet
  facet normal  2.902869e-001  0.000000e+000 -9.569396e-001
    outer loop
      vertex -3.993413e+001 -2.129140e+001  4.797601e+001
      vertex -4.030931e+001 -2.160576e+001  4.786219e+001
      vertex -4.030931e+001 -2.129140e+001  4.786219e+001
    endloop
  endfacet
  facet normal  4.713915e-001  0.000000e+000 -8.819240e-001
    outer loop
      vertex -4.030931e+001 -2.129140e+001  4.786219e+001
      vertex -4.030931e+001 -2.160576e+001  4.786219e+001
      vertex -4.065509e+001 -2.160576e+001  4.767738e+001
    endloop
  endfacet
  facet normal  4.713915e-001  0.000000e+000 -8.819240e-001
    outer loop
      vertex -4.030931e+001 -2.129140e+001  4.786219e+001
      vertex -4.065509e+001 -2.160576e+001  4.767738e+001
      vertex -4.065509e+001 -2.129140e+001  4.767738e+001
    endloop
  endfacet
  facet normal  6.343927e-001  0.000000e+000 -7.730110e-001
    outer loop
      vertex -4.065509e+001 -2.129140e+001  4.767738e+001
      vertex -4.065509e+001 -2.160576e+001  4.767738e+001
      vertex -4.095816e+001 -2.160576e+001  4.742865e+001
    endloop
  endfacet
  facet normal  6.343927e-001  0.000000e+000 -7.730110e-001
    outer loop
      vertex -4.065509e+001 -2.129140e+001  4.767738e+001
      vertex -4.095816e+001 -2.160576e+001  4.742865e+001
      vertex -4.095816e+001 -2.129140e+001  4.742865e+001
    endloop
  endfacet
  facet normal  7.730110e-001  0.000000e+000 -6.343927e-001
    outer loop
      vertex -4.095816e+001 -2.129140e+001  4.742865e+001
      vertex -4.095816e+001 -2.160576e+001  4.742865e+001
      vertex -4.120689e+001 -2.160576e+001  4.712558e+001
    endloop
  endfacet
  facet normal  7.730110e-001  0.000000e+000 -6.343927e-001
    outer loop
      vertex -4.095816e+001 -2.129140e+001  4.742865e+001
      vertex -4.120689e+001 -2.160576e+001  4.712558e+001
      vertex -4.120689e+001 -2.129140e+001  4.712558e+001
    endloop
  endfacet
  facet normal  8.819240e-001  0.000000e+000 -4.713915e-001
    outer loop
      vertex -4.120689e+001 -2.129140e+001  4.712558e+001
      vertex -4.120689e+001 -2.160576e+001  4.712558e+001
      vertex -4.139171e+001 -2.160576e+001  4.677980e+001
    endloop
  endfacet
  facet normal  8.819240e-001  0.000000e+000 -4.713915e-001
    outer loop
      vertex -4.120689e+001 -2.129140e+001  4.712558e+001
      vertex -4.139171e+001 -2.160576e+001  4.677980e+001
      vertex -4.139171e+001 -2.129140e+001  4.677980e+001
    endloop
  endfacet
  facet normal  9.569396e-001  0.000000e+000 -2.902869e-001
    outer loop
      vertex -4.139171e+001 -2.129140e+001  4.677980e+001
      vertex -4.139171e+001 -2.160576e+001  4.677980e+001
      vertex -4.150552e+001 -2.160576e+001  4.640462e+001
    endloop
  endfacet
  facet normal  9.569396e-001  0.000000e+000 -2.902869e-001
    outer loop
      vertex -4.139171e+001 -2.129140e+001  4.677980e+001
      vertex -4.150552e+001 -2.160576e+001  4.640462e+001
      vertex -4.150552e+001 -2.129140e+001  4.640462e+001
    endloop
  endfacet
  facet normal  9.951848e-001  0.000000e+000 -9.801623e-002
    outer loop
      vertex -4.150552e+001 -2.129140e+001  4.640462e+001
      vertex -4.150552e+001 -2.160576e+001  4.640462e+001
      vertex -4.154395e+001 -2.160576e+001  4.601443e+001
    endloop
  endfacet
  facet normal  9.951848e-001  0.000000e+000 -9.801623e-002
    outer loop
      vertex -4.150552e+001 -2.129140e+001  4.640462e+001
      vertex -4.154395e+001 -2.160576e+001  4.601443e+001
      vertex -4.154395e+001 -2.129140e+001  4.601443e+001
    endloop
  endfacet
  facet normal  9.801623e-002  0.000000e+000 -9.951848e-001
    outer loop
      vertex -3.993413e+001 -2.160576e+001  4.797601e+001
      vertex -3.954395e+001 -2.129140e+001  4.801443e+001
      vertex -3.954395e+001 -2.160576e+001  4.801443e+001
    endloop
  endfacet
  facet normal -9.801623e-002  0.000000e+000 -9.951848e-001
    outer loop
      vertex -3.954395e+001 -2.160576e+001  4.801443e+001
      vertex -3.954395e+001 -2.129140e+001  4.801443e+001
      vertex -3.915377e+001 -2.129140e+001  4.797601e+001
    endloop
  endfacet
  facet normal -9.801623e-002  -0.000000e+000 -9.951848e-001
    outer loop
      vertex -3.954395e+001 -2.160576e+001  4.801443e+001
      vertex -3.915377e+001 -2.129140e+001  4.797601e+001
      vertex -3.915377e+001 -2.160576e+001  4.797601e+001
    endloop
  endfacet
  facet normal -2.902869e-001  0.000000e+000 -9.569396e-001
    outer loop
      vertex -3.915377e+001 -2.160576e+001  4.797601e+001
      vertex -3.915377e+001 -2.129140e+001  4.797601e+001
      vertex -3.877858e+001 -2.129140e+001  4.786219e+001
    endloop
  endfacet
  facet normal -2.902869e-001  -0.000000e+000 -9.569396e-001
    outer loop
      vertex -3.915377e+001 -2.160576e+001  4.797601e+001
      vertex -3.877858e+001 -2.129140e+001  4.786219e+001
      vertex -3.877858e+001 -2.160576e+001  4.786219e+001
    endloop
  endfacet
  facet normal -4.713915e-001  0.000000e+000 -8.819240e-001
    outer loop
      vertex -3.877858e+001 -2.160576e+001  4.786219e+001
      vertex -3.877858e+001 -2.129140e+001  4.786219e+001
      vertex -3.843281e+001 -2.129140e+001  4.767738e+001
    endloop
  endfacet
  facet normal -4.713915e-001  -0.000000e+000 -8.819240e-001
    outer loop
      vertex -3.877858e+001 -2.160576e+001  4.786219e+001
      vertex -3.843281e+001 -2.129140e+001  4.767738e+001
      vertex -3.843281e+001 -2.160576e+001  4.767738e+001
    endloop
  endfacet
  facet normal -6.343927e-001  0.000000e+000 -7.730110e-001
    outer loop
      vertex -3.843281e+001 -2.160576e+001  4.767738e+001
      vertex -3.843281e+001 -2.129140e+001  4.767738e+001
      vertex -3.812973e+001 -2.129140e+001  4.742865e+001
    endloop
  endfacet
  facet normal -6.343927e-001  -0.000000e+000 -7.730110e-001
    outer loop
      vertex -3.843281e+001 -2.160576e+001  4.767738e+001
      vertex -3.812973e+001 -2.129140e+001  4.742865e+001
      vertex -3.812973e+001 -2.160576e+001  4.742865e+001
    endloop
  endfacet
  facet normal -7.730110e-001  0.000000e+000 -6.343927e-001
    outer loop
      vertex -3.812973e+001 -2.160576e+001  4.742865e+001
      vertex -3.812973e+001 -2.129140e+001  4.742865e+001
      vertex -3.788101e+001 -2.129140e+001  4.712558e+001
    endloop
  endfacet
  facet normal -7.730110e-001  -0.000000e+000 -6.343927e-001
    outer loop
      vertex -3.812973e+001 -2.160576e+001  4.742865e+001
      vertex -3.788101e+001 -2.129140e+001  4.712558e+001
      vertex -3.788101e+001 -2.160576e+001  4.712558e+001
    endloop
  endfacet
  facet normal -8.819240e-001  0.000000e+000 -4.713915e-001
    outer loop
      vertex -3.788101e+001 -2.160576e+001  4.712558e+001
      vertex -3.788101e+001 -2.129140e+001  4.712558e+001
      vertex -3.769619e+001 -2.129140e+001  4.677980e+001
    endloop
  endfacet
  facet normal -8.819240e-001  -0.000000e+000 -4.713915e-001
    outer loop
      vertex -3.788101e+001 -2.160576e+001  4.712558e+001
      vertex -3.769619e+001 -2.129140e+001  4.677980e+001
      vertex -3.769619e+001 -2.160576e+001  4.677980e+001
    endloop
  endfacet
  facet normal -9.569396e-001  0.000000e+000 -2.902869e-001
    outer loop
      vertex -3.769619e+001 -2.160576e+001  4.677980e+001
      vertex -3.769619e+001 -2.129140e+001  4.677980e+001
      vertex -3.758238e+001 -2.129140e+001  4.640462e+001
    endloop
  endfacet
  facet normal -9.569396e-001  -0.000000e+000 -2.902869e-001
    outer loop
      vertex -3.769619e+001 -2.160576e+001  4.677980e+001
      vertex -3.758238e+001 -2.129140e+001  4.640462e+001
      vertex -3.758238e+001 -2.160576e+001  4.640462e+001
    endloop
  endfacet
  facet normal -9.951848e-001  0.000000e+000 -9.801623e-002
    outer loop
      vertex -3.758238e+001 -2.160576e+001  4.640462e+001
      vertex -3.758238e+001 -2.129140e+001  4.640462e+001
      vertex -3.754395e+001 -2.129140e+001  4.601443e+001
    endloop
  endfacet
  facet normal -9.951848e-001  -0.000000e+000 -9.801623e-002
    outer loop
      vertex -3.758238e+001 -2.160576e+001  4.640462e+001
      vertex -3.754395e+001 -2.129140e+001  4.601443e+001
      vertex -3.754395e+001 -2.160576e+001  4.601443e+001
    endloop
  endfacet
  facet normal -9.801623e-002  0.000000e+000  9.951848e-001
    outer loop
      vertex -3.954395e+001 -2.129140e+001  4.401443e+001
      vertex -3.915377e+001 -2.160576e+001  4.405286e+001
      vertex -3.915377e+001 -2.129140e+001  4.405286e+001
    endloop
  endfacet
  facet normal -2.902869e-001  0.000000e+000  9.569396e-001
    outer loop
      vertex -3.915377e+001 -2.129140e+001  4.405286e+001
      vertex -3.915377e+001 -2.160576e+001  4.405286e+001
      vertex -3.877858e+001 -2.160576e+001  4.416668e+001
    endloop
  endfacet
  facet normal -2.902869e-001  0.000000e+000  9.569396e-001
    outer loop
      vertex -3.915377e+001 -2.129140e+001  4.405286e+001
      vertex -3.877858e+001 -2.160576e+001  4.416668e+001
      vertex -3.877858e+001 -2.129140e+001  4.416668e+001
    endloop
  endfacet
  facet normal -4.713915e-001  0.000000e+000  8.819240e-001
    outer loop
      vertex -3.877858e+001 -2.129140e+001  4.416668e+001
      vertex -3.877858e+001 -2.160576e+001  4.416668e+001
      vertex -3.843281e+001 -2.160576e+001  4.435149e+001
    endloop
  endfacet
  facet normal -4.713915e-001  0.000000e+000  8.819240e-001
    outer loop
      vertex -3.877858e+001 -2.129140e+001  4.416668e+001
      vertex -3.843281e+001 -2.160576e+001  4.435149e+001
      vertex -3.843281e+001 -2.129140e+001  4.435149e+001
    endloop
  endfacet
  facet normal -6.343927e-001  0.000000e+000  7.730110e-001
    outer loop
      vertex -3.843281e+001 -2.129140e+001  4.435149e+001
      vertex -3.843281e+001 -2.160576e+001  4.435149e+001
      vertex -3.812973e+001 -2.160576e+001  4.460022e+001
    endloop
  endfacet
  facet normal -6.343927e-001  0.000000e+000  7.730110e-001
    outer loop
      vertex -3.843281e+001 -2.129140e+001  4.435149e+001
      vertex -3.812973e+001 -2.160576e+001  4.460022e+001
      vertex -3.812973e+001 -2.129140e+001  4.460022e+001
    endloop
  endfacet
  facet normal -7.730110e-001  0.000000e+000  6.343927e-001
    outer loop
      vertex -3.812973e+001 -2.129140e+001  4.460022e+001
      vertex -3.812973e+001 -2.160576e+001  4.460022e+001
      vertex -3.788101e+001 -2.160576e+001  4.490329e+001
    endloop
  endfacet
  facet normal -7.730110e-001  0.000000e+000  6.343927e-001
    outer loop
      vertex -3.812973e+001 -2.129140e+001  4.460022e+001
      vertex -3.788101e+001 -2.160576e+001  4.490329e+001
      vertex -3.788101e+001 -2.129140e+001  4.490329e+001
    endloop
  endfacet
  facet normal -8.819240e-001  0.000000e+000  4.713915e-001
    outer loop
      vertex -3.788101e+001 -2.129140e+001  4.490329e+001
      vertex -3.788101e+001 -2.160576e+001  4.490329e+001
      vertex -3.769619e+001 -2.160576e+001  4.524907e+001
    endloop
  endfacet
  facet normal -8.819240e-001  0.000000e+000  4.713915e-001
    outer loop
      vertex -3.788101e+001 -2.129140e+001  4.490329e+001
      vertex -3.769619e+001 -2.160576e+001  4.524907e+001
      vertex -3.769619e+001 -2.129140e+001  4.524907e+001
    endloop
  endfacet
  facet normal -9.569396e-001  0.000000e+000  2.902869e-001
    outer loop
      vertex -3.769619e+001 -2.129140e+001  4.524907e+001
      vertex -3.769619e+001 -2.160576e+001  4.524907e+001
      vertex -3.758238e+001 -2.160576e+001  4.562425e+001
    endloop
  endfacet
  facet normal -9.569396e-001  0.000000e+000  2.902869e-001
    outer loop
      vertex -3.769619e+001 -2.129140e+001  4.524907e+001
      vertex -3.758238e+001 -2.160576e+001  4.562425e+001
      vertex -3.758238e+001 -2.129140e+001  4.562425e+001
    endloop
  endfacet
  facet normal -9.951848e-001  0.000000e+000  9.801623e-002
    outer loop
      vertex -3.758238e+001 -2.129140e+001  4.562425e+001
      vertex -3.758238e+001 -2.160576e+001  4.562425e+001
      vertex -3.754395e+001 -2.160576e+001  4.601443e+001
    endloop
  endfacet
  facet normal -9.951848e-001  0.000000e+000  9.801623e-002
    outer loop
      vertex -3.758238e+001 -2.129140e+001  4.562425e+001
      vertex -3.754395e+001 -2.160576e+001  4.601443e+001
      vertex -3.754395e+001 -2.129140e+001  4.601443e+001
    endloop
  endfacet
  facet normal -9.801623e-002  0.000000e+000  9.951848e-001
    outer loop
      vertex -3.915377e+001 -2.160576e+001  4.405286e+001
      vertex -3.954395e+001 -2.129140e+001  4.401443e+001
      vertex -3.954395e+001 -2.160576e+001  4.401443e+001
    endloop
  endfacet
  facet normal  9.801623e-002  -0.000000e+000  9.951848e-001
    outer loop
      vertex -3.954395e+001 -2.160576e+001  4.401443e+001
      vertex -3.954395e+001 -2.129140e+001  4.401443e+001
      vertex -3.993413e+001 -2.129140e+001  4.405286e+001
    endloop
  endfacet
  facet normal  9.801623e-002  0.000000e+000  9.951848e-001
    outer loop
      vertex -3.954395e+001 -2.160576e+001  4.401443e+001
      vertex -3.993413e+001 -2.129140e+001  4.405286e+001
      vertex -3.993413e+001 -2.160576e+001  4.405286e+001
    endloop
  endfacet
  facet normal  2.902869e-001  -0.000000e+000  9.569396e-001
    outer loop
      vertex -3.993413e+001 -2.160576e+001  4.405286e+001
      vertex -3.993413e+001 -2.129140e+001  4.405286e+001
      vertex -4.030931e+001 -2.129140e+001  4.416668e+001
    endloop
  endfacet
  facet normal  2.902869e-001  0.000000e+000  9.569396e-001
    outer loop
      vertex -3.993413e+001 -2.160576e+001  4.405286e+001
      vertex -4.030931e+001 -2.129140e+001  4.416668e+001
      vertex -4.030931e+001 -2.160576e+001  4.416668e+001
    endloop
  endfacet
  facet normal  4.713915e-001  -0.000000e+000  8.819240e-001
    outer loop
      vertex -4.030931e+001 -2.160576e+001  4.416668e+001
      vertex -4.030931e+001 -2.129140e+001  4.416668e+001
      vertex -4.065509e+001 -2.129140e+001  4.435149e+001
    endloop
  endfacet
  facet normal  4.713915e-001  0.000000e+000  8.819240e-001
    outer loop
      vertex -4.030931e+001 -2.160576e+001  4.416668e+001
      vertex -4.065509e+001 -2.129140e+001  4.435149e+001
      vertex -4.065509e+001 -2.160576e+001  4.435149e+001
    endloop
  endfacet
  facet normal  6.343927e-001  -0.000000e+000  7.730110e-001
    outer loop
      vertex -4.065509e+001 -2.160576e+001  4.435149e+001
      vertex -4.065509e+001 -2.129140e+001  4.435149e+001
      vertex -4.095816e+001 -2.129140e+001  4.460022e+001
    endloop
  endfacet
  facet normal  6.343927e-001  0.000000e+000  7.730110e-001
    outer loop
      vertex -4.065509e+001 -2.160576e+001  4.435149e+001
      vertex -4.095816e+001 -2.129140e+001  4.460022e+001
      vertex -4.095816e+001 -2.160576e+001  4.460022e+001
    endloop
  endfacet
  facet normal  7.730110e-001  -0.000000e+000  6.343927e-001
    outer loop
      vertex -4.095816e+001 -2.160576e+001  4.460022e+001
      vertex -4.095816e+001 -2.129140e+001  4.460022e+001
      vertex -4.120689e+001 -2.129140e+001  4.490329e+001
    endloop
  endfacet
  facet normal  7.730110e-001  0.000000e+000  6.343927e-001
    outer loop
      vertex -4.095816e+001 -2.160576e+001  4.460022e+001
      vertex -4.120689e+001 -2.129140e+001  4.490329e+001
      vertex -4.120689e+001 -2.160576e+001  4.490329e+001
    endloop
  endfacet
  facet normal  8.819240e-001  -0.000000e+000  4.713915e-001
    outer loop
      vertex -4.120689e+001 -2.160576e+001  4.490329e+001
      vertex -4.120689e+001 -2.129140e+001  4.490329e+001
      vertex -4.139171e+001 -2.129140e+001  4.524907e+001
    endloop
  endfacet
  facet normal  8.819240e-001  0.000000e+000  4.713915e-001
    outer loop
      vertex -4.120689e+001 -2.160576e+001  4.490329e+001
      vertex -4.139171e+001 -2.129140e+001  4.524907e+001
      vertex -4.139171e+001 -2.160576e+001  4.524907e+001
    endloop
  endfacet
  facet normal  9.569396e-001  -0.000000e+000  2.902869e-001
    outer loop
      vertex -4.139171e+001 -2.160576e+001  4.524907e+001
      vertex -4.139171e+001 -2.129140e+001  4.524907e+001
      vertex -4.150552e+001 -2.129140e+001  4.562425e+001
    endloop
  endfacet
  facet normal  9.569396e-001  0.000000e+000  2.902869e-001
    outer loop
      vertex -4.139171e+001 -2.160576e+001  4.524907e+001
      vertex -4.150552e+001 -2.129140e+001  4.562425e+001
      vertex -4.150552e+001 -2.160576e+001  4.562425e+001
    endloop
  endfacet
  facet normal  9.951848e-001  -0.000000e+000  9.801623e-002
    outer loop
      vertex -4.150552e+001 -2.160576e+001  4.562425e+001
      vertex -4.150552e+001 -2.129140e+001  4.562425e+001
      vertex -4.154395e+001 -2.129140e+001  4.601443e+001
    endloop
  endfacet
  facet normal  9.951848e-001  0.000000e+000  9.801623e-002
    outer loop
      vertex -4.150552e+001 -2.160576e+001  4.562425e+001
      vertex -4.154395e+001 -2.129140e+001  4.601443e+001
      vertex -4.154395e+001 -2.160576e+001  4.601443e+001
    endloop
  endfacet
  facet normal  0.000000e+000  9.999999e-001  0.000000e+000
    outer loop
      vertex -3.915377e+001 -2.230576e+001  4.797601e+001
      vertex -3.993413e+001 -2.230576e+001  4.797601e+001
      vertex -3.954395e+001 -2.230576e+001  4.801443e+001
    endloop
  endfacet
  facet normal  0.000000e+000  1.000000e+000  0.000000e+000
    outer loop
      vertex -3.993413e+001 -2.230576e+001  4.797601e+001
      vertex -3.915377e+001 -2.230576e+001  4.797601e+001
      vertex -4.030931e+001 -2.230576e+001  4.786219e+001
    endloop
  endfacet
  facet normal  0.000000e+000  1.000000e+000  0.000000e+000
    outer loop
      vertex -4.030931e+001 -2.230576e+001  4.786219e+001
      vertex -3.915377e+001 -2.230576e+001  4.797601e+001
      vertex -3.877858e+001 -2.230576e+001  4.786219e+001
    endloop
  endfacet
  facet normal  0.000000e+000  1.000000e+000  0.000000e+000
    outer loop
      vertex -4.030931e+001 -2.230576e+001  4.786219e+001
      vertex -3.877858e+001 -2.230576e+001  4.786219e+001
      vertex -4.065509e+001 -2.230576e+001  4.767738e+001
    endloop
  endfacet
  facet normal  0.000000e+000  1.000000e+000  0.000000e+000
    outer loop
      vertex -4.065509e+001 -2.230576e+001  4.767738e+001
      vertex -3.877858e+001 -2.230576e+001  4.786219e+001
      vertex -3.843281e+001 -2.230576e+001  4.767738e+001
    endloop
  endfacet
  facet normal  0.000000e+000  1.000000e+000  0.000000e+000
    outer loop
      vertex -4.065509e+001 -2.230576e+001  4.767738e+001
      vertex -3.843281e+001 -2.230576e+001  4.767738e+001
      vertex -4.095816e+001 -2.230576e+001  4.742865e+001
    endloop
  endfacet
  facet normal  0.000000e+000  1.000000e+000  0.000000e+000
    outer loop
      vertex -4.095816e+001 -2.230576e+001  4.742865e+001
      vertex -3.843281e+001 -2.230576e+001  4.767738e+001
      vertex -3.812973e+001 -2.230576e+001  4.742865e+001
    endloop
  endfacet
  facet normal  0.000000e+000  1.000000e+000  0.000000e+000
    outer loop
      vertex -4.095816e+001 -2.230576e+001  4.742865e+001
      vertex -3.812973e+001 -2.230576e+001  4.742865e+001
      vertex -4.120689e+001 -2.230576e+001  4.712558e+001
    endloop
  endfacet
  facet normal  0.000000e+000  1.000000e+000  0.000000e+000
    outer loop
      vertex -4.120689e+001 -2.230576e+001  4.712558e+001
      vertex -3.812973e+001 -2.230576e+001  4.742865e+001
      vertex -3.788101e+001 -2.230576e+001  4.712558e+001
    endloop
  endfacet
  facet normal  0.000000e+000  1.000000e+000  0.000000e+000
    outer loop
      vertex -4.120689e+001 -2.230576e+001  4.712558e+001
      vertex -3.788101e+001 -2.230576e+001  4.712558e+001
      vertex -4.139171e+001 -2.230576e+001  4.677980e+001
    endloop
  endfacet
  facet normal  0.000000e+000  1.000000e+000  0.000000e+000
    outer loop
      vertex -4.139171e+001 -2.230576e+001  4.677980e+001
      vertex -3.788101e+001 -2.230576e+001  4.712558e+001
      vertex -3.769619e+001 -2.230576e+001  4.677980e+001
    endloop
  endfacet
  facet normal  0.000000e+000  1.000000e+000  0.000000e+000
    outer loop
      vertex -4.139171e+001 -2.230576e+001  4.677980e+001
      vertex -3.769619e+001 -2.230576e+001  4.677980e+001
      vertex -4.150552e+001 -2.230576e+001  4.640462e+001
    endloop
  endfacet
  facet normal  0.000000e+000  9.999999e-001  0.000000e+000
    outer loop
      vertex -4.150552e+001 -2.230576e+001  4.640462e+001
      vertex -3.769619e+001 -2.230576e+001  4.677980e+001
      vertex -3.758238e+001 -2.230576e+001  4.640462e+001
    endloop
  endfacet
  facet normal  0.000000e+000  1.000000e+000  0.000000e+000
    outer loop
      vertex -4.150552e+001 -2.230576e+001  4.640462e+001
      vertex -3.758238e+001 -2.230576e+001  4.640462e+001
      vertex -4.154395e+001 -2.230576e+001  4.601443e+001
    endloop
  endfacet
  facet normal  0.000000e+000  1.000000e+000  0.000000e+000
    outer loop
      vertex -4.154395e+001 -2.230576e+001  4.601443e+001
      vertex -3.758238e+001 -2.230576e+001  4.640462e+001
      vertex -3.754395e+001 -2.230576e+001  4.601443e+001
    endloop
  endfacet
  facet normal  0.000000e+000  1.000000e+000  0.000000e+000
    outer loop
      vertex -4.154395e+001 -2.230576e+001  4.601443e+001
      vertex -3.754395e+001 -2.230576e+001  4.601443e+001
      vertex -4.150552e+001 -2.230576e+001  4.562425e+001
    endloop
  endfacet
  facet normal  0.000000e+000  1.000000e+000  0.000000e+000
    outer loop
      vertex -4.150552e+001 -2.230576e+001  4.562425e+001
      vertex -3.754395e+001 -2.230576e+001  4.601443e+001
      vertex -3.758238e+001 -2.230576e+001  4.562425e+001
    endloop
  endfacet
  facet normal  0.000000e+000  9.999999e-001  0.000000e+000
    outer loop
      vertex -4.150552e+001 -2.230576e+001  4.562425e+001
      vertex -3.758238e+001 -2.230576e+001  4.562425e+001
      vertex -4.139171e+001 -2.230576e+001  4.524907e+001
    endloop
  endfacet
  facet normal  0.000000e+000  1.000000e+000  0.000000e+000
    outer loop
      vertex -4.139171e+001 -2.230576e+001  4.524907e+001
      vertex -3.758238e+001 -2.230576e+001  4.562425e+001
      vertex -3.769619e+001 -2.230576e+001  4.524907e+001
    endloop
  endfacet
  facet normal  0.000000e+000  1.000000e+000  0.000000e+000
    outer loop
      vertex -4.139171e+001 -2.230576e+001  4.524907e+001
      vertex -3.769619e+001 -2.230576e+001  4.524907e+001
      vertex -4.120689e+001 -2.230576e+001  4.490329e+001
    endloop
  endfacet
  facet normal  0.000000e+000  1.000000e+000  0.000000e+000
    outer loop
      vertex -4.120689e+001 -2.230576e+001  4.490329e+001
      vertex -3.769619e+001 -2.230576e+001  4.524907e+001
      vertex -3.788101e+001 -2.230576e+001  4.490329e+001
    endloop
  endfacet
  facet normal  0.000000e+000  1.000000e+000  0.000000e+000
    outer loop
      vertex -4.120689e+001 -2.230576e+001  4.490329e+001
      vertex -3.788101e+001 -2.230576e+001  4.490329e+001
      vertex -4.095816e+001 -2.230576e+001  4.460022e+001
    endloop
  endfacet
  facet normal  0.000000e+000  1.000000e+000  0.000000e+000
    outer loop
      vertex -4.095816e+001 -2.230576e+001  4.460022e+001
      vertex -3.788101e+001 -2.230576e+001  4.490329e+001
      vertex -3.812973e+001 -2.230576e+001  4.460022e+001
    endloop
  endfacet
  facet normal  0.000000e+000  1.000000e+000  0.000000e+000
    outer loop
      vertex -4.095816e+001 -2.230576e+001  4.460022e+001
      vertex -3.812973e+001 -2.230576e+001  4.460022e+001
      vertex -4.065509e+001 -2.230576e+001  4.435149e+001
    endloop
  endfacet
  facet normal  0.000000e+000  1.000000e+000  0.000000e+000
    outer loop
      vertex -4.065509e+001 -2.230576e+001  4.435149e+001
      vertex -3.812973e+001 -2.230576e+001  4.460022e+001
      vertex -3.843281e+001 -2.230576e+001  4.435149e+001
    endloop
  endfacet
  facet normal  0.000000e+000  1.000000e+000  0.000000e+000
    outer loop
      vertex -4.065509e+001 -2.230576e+001  4.435149e+001
      vertex -3.843281e+001 -2.230576e+001  4.435149e+001
      vertex -4.030931e+001 -2.230576e+001  4.416668e+001
    endloop
  endfacet
  facet normal  0.000000e+000  1.000000e+000  0.000000e+000
    outer loop
      vertex -4.030931e+001 -2.230576e+001  4.416668e+001
      vertex -3.843281e+001 -2.230576e+001  4.435149e+001
      vertex -3.877858e+001 -2.230576e+001  4.416668e+001
    endloop
  endfacet
  facet normal  0.000000e+000  1.000000e+000  0.000000e+000
    outer loop
      vertex -4.030931e+001 -2.230576e+001  4.416668e+001
      vertex -3.877858e+001 -2.230576e+001  4.416668e+001
      vertex -3.993413e+001 -2.230576e+001  4.405286e+001
    endloop
  endfacet
  facet normal  0.000000e+000  1.000000e+000  0.000000e+000
    outer loop
      vertex -3.993413e+001 -2.230576e+001  4.405286e+001
      vertex -3.877858e+001 -2.230576e+001  4.416668e+001
      vertex -3.915377e+001 -2.230576e+001  4.405286e+001
    endloop
  endfacet
  facet normal  0.000000e+000  9.999999e-001  0.000000e+000
    outer loop
      vertex -3.993413e+001 -2.230576e+001  4.405286e+001
      vertex -3.915377e+001 -2.230576e+001  4.405286e+001
      vertex -3.954395e+001 -2.230576e+001  4.401443e+001
    endloop
  endfacet
  facet normal  0.000000e+000 -1.000000e+000  0.000000e+000
    outer loop
      vertex -3.931596e+001 -2.310576e+001  4.876583e+001
      vertex -3.977194e+001 -2.310576e+001  4.876583e+001
      vertex -3.886621e+001 -2.310576e+001  4.869078e+001
    endloop
  endfacet
  facet normal  0.000000e+000 -1.000000e+000  0.000000e+000
    outer loop
      vertex -3.886621e+001 -2.310576e+001  4.869078e+001
      vertex -3.977194e+001 -2.310576e+001  4.876583e+001
      vertex -4.022169e+001 -2.310576e+001  4.869078e+001
    endloop
  endfacet
  facet normal  0.000000e+000 -9.999999e-001  0.000000e+000
    outer loop
      vertex -3.886621e+001 -2.310576e+001  4.869078e+001
      vertex -4.022169e+001 -2.310576e+001  4.869078e+001
      vertex -3.843494e+001 -2.310576e+001  4.854273e+001
    endloop
  endfacet
  facet normal  0.000000e+000 -1.000000e+000  0.000000e+000
    outer loop
      vertex -3.843494e+001 -2.310576e+001  4.854273e+001
      vertex -4.022169e+001 -2.310576e+001  4.869078e+001
      vertex -4.065296e+001 -2.310576e+001  4.854273e+001
    endloop
  endfacet
  facet normal  0.000000e+000 -1.000000e+000  0.000000e+000
    outer loop
      vertex -3.843494e+001 -2.310576e+001  4.854273e+001
      vertex -4.065296e+001 -2.310576e+001  4.854273e+001
      vertex -3.803392e+001 -2.310576e+001  4.832571e+001
    endloop
  endfacet
  facet normal  0.000000e+000 -1.000000e+000  0.000000e+000
    outer loop
      vertex -3.803392e+001 -2.310576e+001  4.832571e+001
      vertex -4.065296e+001 -2.310576e+001  4.854273e+001
      vertex -4.105398e+001 -2.310576e+001  4.832571e+001
    endloop
  endfacet
  facet normal  0.000000e+000 -9.999999e-001  0.000000e+000
    outer loop
      vertex -3.803392e+001 -2.310576e+001  4.832571e+001
      vertex -4.105398e+001 -2.310576e+001  4.832571e+001
      vertex -3.767409e+001 -2.310576e+001  4.804564e+001
    endloop
  endfacet
  facet normal  0.000000e+000 -1.000000e+000  0.000000e+000
    outer loop
      vertex -3.767409e+001 -2.310576e+001  4.804564e+001
      vertex -4.105398e+001 -2.310576e+001  4.832571e+001
      vertex -4.141381e+001 -2.310576e+001  4.804564e+001
    endloop
  endfacet
  facet normal  0.000000e+000 -1.000000e+000  0.000000e+000
    outer loop
      vertex -3.767409e+001 -2.310576e+001  4.804564e+001
      vertex -4.141381e+001 -2.310576e+001  4.804564e+001
      vertex -3.736527e+001 -2.310576e+001  4.771017e+001
    endloop
  endfacet
  facet normal  0.000000e+000 -1.000000e+000  0.000000e+000
    outer loop
      vertex -3.736527e+001 -2.310576e+001  4.771017e+001
      vertex -4.141381e+001 -2.310576e+001  4.804564e+001
      vertex -4.172263e+001 -2.310576e+001  4.771017e+001
    endloop
  endfacet
  facet normal  0.000000e+000 -1.000000e+000  0.000000e+000
    outer loop
      vertex -3.736527e+001 -2.310576e+001  4.771017e+001
      vertex -4.172263e+001 -2.310576e+001  4.771017e+001
      vertex -3.711588e+001 -2.310576e+001  4.732844e+001
    endloop
  endfacet
  facet normal  0.000000e+000 -1.000000e+000  0.000000e+000
    outer loop
      vertex -3.711588e+001 -2.310576e+001  4.732844e+001
      vertex -4.172263e+001 -2.310576e+001  4.771017e+001
      vertex -4.197202e+001 -2.310576e+001  4.732844e+001
    endloop
  endfacet
  facet normal  0.000000e+000 -1.000000e+000  0.000000e+000
    outer loop
      vertex -3.711588e+001 -2.310576e+001  4.732844e+001
      vertex -4.197202e+001 -2.310576e+001  4.732844e+001
      vertex -3.693271e+001 -2.310576e+001  4.691087e+001
    endloop
  endfacet
  facet normal  0.000000e+000 -1.000000e+000  0.000000e+000
    outer loop
      vertex -3.693271e+001 -2.310576e+001  4.691087e+001
      vertex -4.197202e+001 -2.310576e+001  4.732844e+001
      vertex -4.215519e+001 -2.310576e+001  4.691087e+001
    endloop
  endfacet
  facet normal  0.000000e+000 -1.000000e+000  0.000000e+000
    outer loop
      vertex -3.693271e+001 -2.310576e+001  4.691087e+001
      vertex -4.215519e+001 -2.310576e+001  4.691087e+001
      vertex -3.682078e+001 -2.310576e+001  4.646885e+001
    endloop
  endfacet
  facet normal  0.000000e+000 -1.000000e+000  0.000000e+000
    outer loop
      vertex -3.682078e+001 -2.310576e+001  4.646885e+001
      vertex -4.215519e+001 -2.310576e+001  4.691087e+001
      vertex -4.226712e+001 -2.310576e+001  4.646885e+001
    endloop
  endfacet
  facet normal  0.000000e+000 -1.000000e+000  0.000000e+000
    outer loop
      vertex -3.682078e+001 -2.310576e+001  4.646885e+001
      vertex -4.226712e+001 -2.310576e+001  4.646885e+001
      vertex -3.678312e+001 -2.310576e+001  4.601443e+001
    endloop
  endfacet
  facet normal  0.000000e+000 -1.000000e+000  0.000000e+000
    outer loop
      vertex -3.678312e+001 -2.310576e+001  4.601443e+001
      vertex -4.226712e+001 -2.310576e+001  4.646885e+001
      vertex -4.230478e+001 -2.310576e+001  4.601443e+001
    endloop
  endfacet
  facet normal  0.000000e+000 -1.000000e+000  0.000000e+000
    outer loop
      vertex -3.678312e+001 -2.310576e+001  4.601443e+001
      vertex -4.230478e+001 -2.310576e+001  4.601443e+001
      vertex -3.682078e+001 -2.310576e+001  4.556002e+001
    endloop
  endfacet
  facet normal  0.000000e+000 -1.000000e+000  0.000000e+000
    outer loop
      vertex -3.682078e+001 -2.310576e+001  4.556002e+001
      vertex -4.230478e+001 -2.310576e+001  4.601443e+001
      vertex -4.226712e+001 -2.310576e+001  4.556002e+001
    endloop
  endfacet
  facet normal  0.000000e+000 -1.000000e+000  0.000000e+000
    outer loop
      vertex -3.682078e+001 -2.310576e+001  4.556002e+001
      vertex -4.226712e+001 -2.310576e+001  4.556002e+001
      vertex -3.693271e+001 -2.310576e+001  4.511800e+001
    endloop
  endfacet
  facet normal  0.000000e+000 -1.000000e+000  0.000000e+000
    outer loop
      vertex -3.693271e+001 -2.310576e+001  4.511800e+001
      vertex -4.226712e+001 -2.310576e+001  4.556002e+001
      vertex -4.215519e+001 -2.310576e+001  4.511800e+001
    endloop
  endfacet
  facet normal  0.000000e+000 -1.000000e+000  0.000000e+000
    outer loop
      vertex -3.693271e+001 -2.310576e+001  4.511800e+001
      vertex -4.215519e+001 -2.310576e+001  4.511800e+001
      vertex -3.711588e+001 -2.310576e+001  4.470043e+001
    endloop
  endfacet
  facet normal  0.000000e+000 -1.000000e+000  0.000000e+000
    outer loop
      vertex -3.711588e+001 -2.310576e+001  4.470043e+001
      vertex -4.215519e+001 -2.310576e+001  4.511800e+001
      vertex -4.197202e+001 -2.310576e+001  4.470043e+001
    endloop
  endfacet
  facet normal  0.000000e+000 -1.000000e+000  0.000000e+000
    outer loop
      vertex -3.711588e+001 -2.310576e+001  4.470043e+001
      vertex -4.197202e+001 -2.310576e+001  4.470043e+001
      vertex -3.736527e+001 -2.310576e+001  4.431870e+001
    endloop
  endfacet
  facet normal  0.000000e+000 -1.000000e+000  0.000000e+000
    outer loop
      vertex -3.736527e+001 -2.310576e+001  4.431870e+001
      vertex -4.197202e+001 -2.310576e+001  4.470043e+001
      vertex -4.172263e+001 -2.310576e+001  4.431870e+001
    endloop
  endfacet
  facet normal  0.000000e+000 -1.000000e+000  0.000000e+000
    outer loop
      vertex -3.736527e+001 -2.310576e+001  4.431870e+001
      vertex -4.172263e+001 -2.310576e+001  4.431870e+001
      vertex -3.767409e+001 -2.310576e+001  4.398323e+001
    endloop
  endfacet
  facet normal  0.000000e+000 -1.000000e+000  0.000000e+000
    outer loop
      vertex -3.767409e+001 -2.310576e+001  4.398323e+001
      vertex -4.172263e+001 -2.310576e+001  4.431870e+001
      vertex -4.141381e+001 -2.310576e+001  4.398323e+001
    endloop
  endfacet
  facet normal  0.000000e+000 -1.000000e+000  0.000000e+000
    outer loop
      vertex -3.767409e+001 -2.310576e+001  4.398323e+001
      vertex -4.141381e+001 -2.310576e+001  4.398323e+001
      vertex -3.803392e+001 -2.310576e+001  4.370316e+001
    endloop
  endfacet
  facet normal  0.000000e+000 -9.999999e-001  0.000000e+000
    outer loop
      vertex -3.803392e+001 -2.310576e+001  4.370316e+001
      vertex -4.141381e+001 -2.310576e+001  4.398323e+001
      vertex -4.105398e+001 -2.310576e+001  4.370316e+001
    endloop
  endfacet
  facet normal  0.000000e+000 -1.000000e+000  0.000000e+000
    outer loop
      vertex -3.803392e+001 -2.310576e+001  4.370316e+001
      vertex -4.105398e+001 -2.310576e+001  4.370316e+001
      vertex -3.843494e+001 -2.310576e+001  4.348614e+001
    endloop
  endfacet
  facet normal  0.000000e+000 -1.000000e+000  0.000000e+000
    outer loop
      vertex -3.843494e+001 -2.310576e+001  4.348614e+001
      vertex -4.105398e+001 -2.310576e+001  4.370316e+001
      vertex -4.065296e+001 -2.310576e+001  4.348614e+001
    endloop
  endfacet
  facet normal  0.000000e+000 -1.000000e+000  0.000000e+000
    outer loop
      vertex -3.843494e+001 -2.310576e+001  4.348614e+001
      vertex -4.065296e+001 -2.310576e+001  4.348614e+001
      vertex -3.886621e+001 -2.310576e+001  4.333809e+001
    endloop
  endfacet
  facet normal  0.000000e+000 -9.999999e-001  0.000000e+000
    outer loop
      vertex -3.886621e+001 -2.310576e+001  4.333809e+001
      vertex -4.065296e+001 -2.310576e+001  4.348614e+001
      vertex -4.022169e+001 -2.310576e+001  4.333809e+001
    endloop
  endfacet
  facet normal  0.000000e+000 -1.000000e+000  0.000000e+000
    outer loop
      vertex -3.886621e+001 -2.310576e+001  4.333809e+001
      vertex -4.022169e+001 -2.310576e+001  4.333809e+001
      vertex -3.931596e+001 -2.310576e+001  4.326304e+001
    endloop
  endfacet
  facet normal  0.000000e+000 -1.000000e+000  0.000000e+000
    outer loop
      vertex -3.931596e+001 -2.310576e+001  4.326304e+001
      vertex -4.022169e+001 -2.310576e+001  4.333809e+001
      vertex -3.977194e+001 -2.310576e+001  4.326304e+001
    endloop
  endfacet
  facet normal  7.062812e-001 -7.062812e-001  4.830952e-002
    outer loop
      vertex -3.528312e+001 -2.160576e+001  4.601443e+001
      vertex -3.532281e+001 -2.160576e+001  4.659462e+001
      vertex -3.678312e+001 -2.310576e+001  4.601443e+001
    endloop
  endfacet
  facet normal  7.039309e-001 -7.078691e-001  5.833048e-002
    outer loop
      vertex -3.532281e+001 -2.160576e+001  4.659462e+001
      vertex -3.682078e+001 -2.310576e+001  4.646885e+001
      vertex -3.678312e+001 -2.310576e+001  4.601443e+001
    endloop
  endfacet
  facet normal -7.039309e-001 -7.078691e-001  5.833048e-002
    outer loop
      vertex -4.226712e+001 -2.310576e+001  4.646885e+001
      vertex -4.376509e+001 -2.160576e+001  4.659462e+001
      vertex -4.230478e+001 -2.310576e+001  4.601443e+001
    endloop
  endfacet
  facet normal -7.062812e-001 -7.062812e-001  4.830952e-002
    outer loop
      vertex -4.376509e+001 -2.160576e+001  4.659462e+001
      vertex -4.380478e+001 -2.160576e+001  4.601443e+001
      vertex -4.230478e+001 -2.310576e+001  4.601443e+001
    endloop
  endfacet
  facet normal  6.941135e-001 -7.052675e-001  1.442367e-001
    outer loop
      vertex -3.532281e+001 -2.160576e+001  4.659462e+001
      vertex -3.544112e+001 -2.160576e+001  4.716399e+001
      vertex -3.682078e+001 -2.310576e+001  4.646885e+001
    endloop
  endfacet
  facet normal  6.684514e-001 -7.047924e-001  2.375719e-001
    outer loop
      vertex -3.544112e+001 -2.160576e+001  4.716399e+001
      vertex -3.563587e+001 -2.160576e+001  4.771195e+001
      vertex -3.693271e+001 -2.310576e+001  4.691087e+001
    endloop
  endfacet
  facet normal  6.836250e-001 -7.090045e-001  1.731172e-001
    outer loop
      vertex -3.682078e+001 -2.310576e+001  4.646885e+001
      vertex -3.544112e+001 -2.160576e+001  4.716399e+001
      vertex -3.693271e+001 -2.310576e+001  4.691087e+001
    endloop
  endfacet
  facet normal  6.298187e-001 -7.048602e-001  3.263443e-001
    outer loop
      vertex -3.563587e+001 -2.160576e+001  4.771195e+001
      vertex -3.590342e+001 -2.160576e+001  4.822829e+001
      vertex -3.711588e+001 -2.310576e+001  4.732844e+001
    endloop
  endfacet
  facet normal  6.455231e-001 -7.093124e-001  2.831531e-001
    outer loop
      vertex -3.693271e+001 -2.310576e+001  4.691087e+001
      vertex -3.563587e+001 -2.160576e+001  4.771195e+001
      vertex -3.711588e+001 -2.310576e+001  4.732844e+001
    endloop
  endfacet
  facet normal  5.790199e-001 -7.054701e-001  4.087147e-001
    outer loop
      vertex -3.590342e+001 -2.160576e+001  4.822829e+001
      vertex -3.623878e+001 -2.160576e+001  4.870339e+001
      vertex -3.736527e+001 -2.310576e+001  4.771017e+001
    endloop
  endfacet
  facet normal  5.905488e-001 -7.087979e-001  3.858207e-001
    outer loop
      vertex -3.711588e+001 -2.310576e+001  4.732844e+001
      vertex -3.590342e+001 -2.160576e+001  4.822829e+001
      vertex -3.736527e+001 -2.310576e+001  4.771017e+001
    endloop
  endfacet
  facet normal  4.469597e-001 -7.059769e-001  5.493848e-001
    outer loop
      vertex -3.663571e+001 -2.160576e+001  4.912840e+001
      vertex -3.708681e+001 -2.160576e+001  4.949540e+001
      vertex -3.767409e+001 -2.310576e+001  4.804564e+001
    endloop
  endfacet
  facet normal  5.207058e-001 -7.064682e-001  4.793415e-001
    outer loop
      vertex -3.736527e+001 -2.310576e+001  4.771017e+001
      vertex -3.663571e+001 -2.160576e+001  4.912840e+001
      vertex -3.767409e+001 -2.310576e+001  4.804564e+001
    endloop
  endfacet
  facet normal  5.165700e-001 -7.073910e-001  4.824451e-001
    outer loop
      vertex -3.623878e+001 -2.160576e+001  4.870339e+001
      vertex -3.663571e+001 -2.160576e+001  4.912840e+001
      vertex -3.736527e+001 -2.310576e+001  4.771017e+001
    endloop
  endfacet
  facet normal  3.684435e-001 -7.050978e-001  6.058766e-001
    outer loop
      vertex -3.708681e+001 -2.160576e+001  4.949540e+001
      vertex -3.758369e+001 -2.160576e+001  4.979756e+001
      vertex -3.803392e+001 -2.310576e+001  4.832571e+001
    endloop
  endfacet
  facet normal  4.336202e-001 -7.082306e-001  5.571203e-001
    outer loop
      vertex -3.767409e+001 -2.310576e+001  4.804564e+001
      vertex -3.708681e+001 -2.160576e+001  4.949540e+001
      vertex -3.803392e+001 -2.310576e+001  4.832571e+001
    endloop
  endfacet
  facet normal  2.826447e-001 -7.047580e-001  6.507135e-001
    outer loop
      vertex -3.758369e+001 -2.160576e+001  4.979756e+001
      vertex -3.811708e+001 -2.160576e+001  5.002925e+001
      vertex -3.843494e+001 -2.310576e+001  4.854273e+001
    endloop
  endfacet
  facet normal  3.355697e-001 -7.091582e-001  6.200705e-001
    outer loop
      vertex -3.803392e+001 -2.310576e+001  4.832571e+001
      vertex -3.758369e+001 -2.160576e+001  4.979756e+001
      vertex -3.843494e+001 -2.310576e+001  4.854273e+001
    endloop
  endfacet
  facet normal  1.913488e-001 -7.049620e-001  6.829451e-001
    outer loop
      vertex -3.811708e+001 -2.160576e+001  5.002925e+001
      vertex -3.867706e+001 -2.160576e+001  5.018614e+001
      vertex -3.886621e+001 -2.310576e+001  4.869078e+001
    endloop
  endfacet
  facet normal  2.288911e-001 -7.092612e-001  6.667513e-001
    outer loop
      vertex -3.843494e+001 -2.310576e+001  4.854273e+001
      vertex -3.811708e+001 -2.160576e+001  5.002925e+001
      vertex -3.886621e+001 -2.310576e+001  4.869078e+001
    endloop
  endfacet
  facet normal  9.647376e-002 -7.057070e-001  7.019050e-001
    outer loop
      vertex -3.867706e+001 -2.160576e+001  5.018614e+001
      vertex -3.925318e+001 -2.160576e+001  5.026533e+001
      vertex -3.931596e+001 -2.310576e+001  4.876583e+001
    endloop
  endfacet
  facet normal  1.161494e-001 -7.085400e-001  6.960462e-001
    outer loop
      vertex -3.886621e+001 -2.310576e+001  4.869078e+001
      vertex -3.867706e+001 -2.160576e+001  5.018614e+001
      vertex -3.931596e+001 -2.310576e+001  4.876583e+001
    endloop
  endfacet
  facet normal -9.647376e-002 -7.057070e-001  7.019050e-001
    outer loop
      vertex -3.983472e+001 -2.160576e+001  5.026533e+001
      vertex -4.041084e+001 -2.160576e+001  5.018614e+001
      vertex -3.977194e+001 -2.310576e+001  4.876583e+001
    endloop
  endfacet
  facet normal  0.000000e+000 -7.069880e-001  7.072254e-001
    outer loop
      vertex -3.931596e+001 -2.310576e+001  4.876583e+001
      vertex -3.983472e+001 -2.160576e+001  5.026533e+001
      vertex -3.977194e+001 -2.310576e+001  4.876583e+001
    endloop
  endfacet
  facet normal  0.000000e+000 -7.069880e-001  7.072254e-001
    outer loop
      vertex -3.925318e+001 -2.160576e+001  5.026533e+001
      vertex -3.983472e+001 -2.160576e+001  5.026533e+001
      vertex -3.931596e+001 -2.310576e+001  4.876583e+001
    endloop
  endfacet
  facet normal -1.913488e-001 -7.049621e-001  6.829453e-001
    outer loop
      vertex -4.041084e+001 -2.160576e+001  5.018614e+001
      vertex -4.097081e+001 -2.160576e+001  5.002925e+001
      vertex -4.022169e+001 -2.310576e+001  4.869078e+001
    endloop
  endfacet
  facet normal -1.161494e-001 -7.085400e-001  6.960462e-001
    outer loop
      vertex -3.977194e+001 -2.310576e+001  4.876583e+001
      vertex -4.041084e+001 -2.160576e+001  5.018614e+001
      vertex -4.022169e+001 -2.310576e+001  4.869078e+001
    endloop
  endfacet
  facet normal -2.826447e-001 -7.047580e-001  6.507134e-001
    outer loop
      vertex -4.097081e+001 -2.160576e+001  5.002925e+001
      vertex -4.150421e+001 -2.160576e+001  4.979756e+001
      vertex -4.065296e+001 -2.310576e+001  4.854273e+001
    endloop
  endfacet
  facet normal -2.288911e-001 -7.092612e-001  6.667513e-001
    outer loop
      vertex -4.022169e+001 -2.310576e+001  4.869078e+001
      vertex -4.097081e+001 -2.160576e+001  5.002925e+001
      vertex -4.065296e+001 -2.310576e+001  4.854273e+001
    endloop
  endfacet
  facet normal -3.684435e-001 -7.050978e-001  6.058766e-001
    outer loop
      vertex -4.150421e+001 -2.160576e+001  4.979756e+001
      vertex -4.200108e+001 -2.160576e+001  4.949540e+001
      vertex -4.105398e+001 -2.310576e+001  4.832571e+001
    endloop
  endfacet
  facet normal -3.355697e-001 -7.091582e-001  6.200705e-001
    outer loop
      vertex -4.065296e+001 -2.310576e+001  4.854273e+001
      vertex -4.150421e+001 -2.160576e+001  4.979756e+001
      vertex -4.105398e+001 -2.310576e+001  4.832571e+001
    endloop
  endfacet
  facet normal -4.469597e-001 -7.059768e-001  5.493848e-001
    outer loop
      vertex -4.200108e+001 -2.160576e+001  4.949540e+001
      vertex -4.245219e+001 -2.160576e+001  4.912840e+001
      vertex -4.141381e+001 -2.310576e+001  4.804564e+001
    endloop
  endfacet
  facet normal -4.336202e-001 -7.082306e-001  5.571203e-001
    outer loop
      vertex -4.105398e+001 -2.310576e+001  4.832571e+001
      vertex -4.200108e+001 -2.160576e+001  4.949540e+001
      vertex -4.141381e+001 -2.310576e+001  4.804564e+001
    endloop
  endfacet
  facet normal -5.790199e-001 -7.054701e-001  4.087147e-001
    outer loop
      vertex -4.284912e+001 -2.160576e+001  4.870339e+001
      vertex -4.318448e+001 -2.160576e+001  4.822829e+001
      vertex -4.172263e+001 -2.310576e+001  4.771017e+001
    endloop
  endfacet
  facet normal -5.199802e-001 -7.074547e-001  4.786736e-001
    outer loop
      vertex -4.141381e+001 -2.310576e+001  4.804564e+001
      vertex -4.284912e+001 -2.160576e+001  4.870339e+001
      vertex -4.172263e+001 -2.310576e+001  4.771017e+001
    endloop
  endfacet
  facet normal -5.171351e-001 -7.066176e-001  4.829729e-001
    outer loop
      vertex -4.245219e+001 -2.160576e+001  4.912840e+001
      vertex -4.284912e+001 -2.160576e+001  4.870339e+001
      vertex -4.141381e+001 -2.310576e+001  4.804564e+001
    endloop
  endfacet
  facet normal -6.298187e-001 -7.048602e-001  3.263443e-001
    outer loop
      vertex -4.318448e+001 -2.160576e+001  4.822829e+001
      vertex -4.345203e+001 -2.160576e+001  4.771195e+001
      vertex -4.197202e+001 -2.310576e+001  4.732844e+001
    endloop
  endfacet
  facet normal -5.905488e-001 -7.087979e-001  3.858207e-001
    outer loop
      vertex -4.172263e+001 -2.310576e+001  4.771017e+001
      vertex -4.318448e+001 -2.160576e+001  4.822829e+001
      vertex -4.197202e+001 -2.310576e+001  4.732844e+001
    endloop
  endfacet
  facet normal -6.684514e-001 -7.047924e-001  2.375719e-001
    outer loop
      vertex -4.345203e+001 -2.160576e+001  4.771195e+001
      vertex -4.364677e+001 -2.160576e+001  4.716399e+001
      vertex -4.215519e+001 -2.310576e+001  4.691087e+001
    endloop
  endfacet
  facet normal -6.455231e-001 -7.093124e-001  2.831531e-001
    outer loop
      vertex -4.197202e+001 -2.310576e+001  4.732844e+001
      vertex -4.345203e+001 -2.160576e+001  4.771195e+001
      vertex -4.215519e+001 -2.310576e+001  4.691087e+001
    endloop
  endfacet
  facet normal -6.941135e-001 -7.052675e-001  1.442367e-001
    outer loop
      vertex -4.364677e+001 -2.160576e+001  4.716399e+001
      vertex -4.376509e+001 -2.160576e+001  4.659462e+001
      vertex -4.226712e+001 -2.310576e+001  4.646885e+001
    endloop
  endfacet
  facet normal -6.836250e-001 -7.090045e-001  1.731172e-001
    outer loop
      vertex -4.215519e+001 -2.310576e+001  4.691087e+001
      vertex -4.364677e+001 -2.160576e+001  4.716399e+001
      vertex -4.226712e+001 -2.310576e+001  4.646885e+001
    endloop
  endfacet
  facet normal -7.062812e-001 -7.062812e-001 -4.830952e-002
    outer loop
      vertex -4.380478e+001 -2.160576e+001  4.601443e+001
      vertex -4.376509e+001 -2.160576e+001  4.543425e+001
      vertex -4.230478e+001 -2.310576e+001  4.601443e+001
    endloop
  endfacet
  facet normal -7.039309e-001 -7.078691e-001 -5.833048e-002
    outer loop
      vertex -4.376509e+001 -2.160576e+001  4.543425e+001
      vertex -4.226712e+001 -2.310576e+001  4.556002e+001
      vertex -4.230478e+001 -2.310576e+001  4.601443e+001
    endloop
  endfacet
  facet normal  7.039309e-001 -7.078691e-001 -5.833048e-002
    outer loop
      vertex -3.682078e+001 -2.310576e+001  4.556002e+001
      vertex -3.532281e+001 -2.160576e+001  4.543425e+001
      vertex -3.678312e+001 -2.310576e+001  4.601443e+001
    endloop
  endfacet
  facet normal  7.062812e-001 -7.062812e-001 -4.830952e-002
    outer loop
      vertex -3.532281e+001 -2.160576e+001  4.543425e+001
      vertex -3.528312e+001 -2.160576e+001  4.601443e+001
      vertex -3.678312e+001 -2.310576e+001  4.601443e+001
    endloop
  endfacet
  facet normal -6.941135e-001 -7.052675e-001 -1.442367e-001
    outer loop
      vertex -4.376509e+001 -2.160576e+001  4.543425e+001
      vertex -4.364677e+001 -2.160576e+001  4.486488e+001
      vertex -4.226712e+001 -2.310576e+001  4.556002e+001
    endloop
  endfacet
  facet normal -6.684514e-001 -7.047924e-001 -2.375719e-001
    outer loop
      vertex -4.364677e+001 -2.160576e+001  4.486488e+001
      vertex -4.345203e+001 -2.160576e+001  4.431692e+001
      vertex -4.215519e+001 -2.310576e+001  4.511800e+001
    endloop
  endfacet
  facet normal -6.836250e-001 -7.090045e-001 -1.731172e-001
    outer loop
      vertex -4.226712e+001 -2.310576e+001  4.556002e+001
      vertex -4.364677e+001 -2.160576e+001  4.486488e+001
      vertex -4.215519e+001 -2.310576e+001  4.511800e+001
    endloop
  endfacet
  facet normal -6.298187e-001 -7.048602e-001 -3.263443e-001
    outer loop
      vertex -4.345203e+001 -2.160576e+001  4.431692e+001
      vertex -4.318448e+001 -2.160576e+001  4.380058e+001
      vertex -4.197202e+001 -2.310576e+001  4.470043e+001
    endloop
  endfacet
  facet normal -6.455231e-001 -7.093124e-001 -2.831531e-001
    outer loop
      vertex -4.215519e+001 -2.310576e+001  4.511800e+001
      vertex -4.345203e+001 -2.160576e+001  4.431692e+001
      vertex -4.197202e+001 -2.310576e+001  4.470043e+001
    endloop
  endfacet
  facet normal -5.790199e-001 -7.054701e-001 -4.087147e-001
    outer loop
      vertex -4.318448e+001 -2.160576e+001  4.380058e+001
      vertex -4.284912e+001 -2.160576e+001  4.332548e+001
      vertex -4.172263e+001 -2.310576e+001  4.431870e+001
    endloop
  endfacet
  facet normal -5.905488e-001 -7.087979e-001 -3.858207e-001
    outer loop
      vertex -4.197202e+001 -2.310576e+001  4.470043e+001
      vertex -4.318448e+001 -2.160576e+001  4.380058e+001
      vertex -4.172263e+001 -2.310576e+001  4.431870e+001
    endloop
  endfacet
  facet normal -4.469597e-001 -7.059769e-001 -5.493848e-001
    outer loop
      vertex -4.245219e+001 -2.160576e+001  4.290047e+001
      vertex -4.200108e+001 -2.160576e+001  4.253347e+001
      vertex -4.141381e+001 -2.310576e+001  4.398323e+001
    endloop
  endfacet
  facet normal -5.207058e-001 -7.064682e-001 -4.793415e-001
    outer loop
      vertex -4.172263e+001 -2.310576e+001  4.431870e+001
      vertex -4.245219e+001 -2.160576e+001  4.290047e+001
      vertex -4.141381e+001 -2.310576e+001  4.398323e+001
    endloop
  endfacet
  facet normal -5.165700e-001 -7.073910e-001 -4.824451e-001
    outer loop
      vertex -4.284912e+001 -2.160576e+001  4.332548e+001
      vertex -4.245219e+001 -2.160576e+001  4.290047e+001
      vertex -4.172263e+001 -2.310576e+001  4.431870e+001
    endloop
  endfacet
  facet normal -3.684435e-001 -7.050978e-001 -6.058766e-001
    outer loop
      vertex -4.200108e+001 -2.160576e+001  4.253347e+001
      vertex -4.150421e+001 -2.160576e+001  4.223131e+001
      vertex -4.105398e+001 -2.310576e+001  4.370316e+001
    endloop
  endfacet
  facet normal -4.336202e-001 -7.082306e-001 -5.571203e-001
    outer loop
      vertex -4.141381e+001 -2.310576e+001  4.398323e+001
      vertex -4.200108e+001 -2.160576e+001  4.253347e+001
      vertex -4.105398e+001 -2.310576e+001  4.370316e+001
    endloop
  endfacet
  facet normal -2.826447e-001 -7.047580e-001 -6.507135e-001
    outer loop
      vertex -4.150421e+001 -2.160576e+001  4.223131e+001
      vertex -4.097081e+001 -2.160576e+001  4.199962e+001
      vertex -4.065296e+001 -2.310576e+001  4.348614e+001
    endloop
  endfacet
  facet normal -3.355697e-001 -7.091582e-001 -6.200705e-001
    outer loop
      vertex -4.105398e+001 -2.310576e+001  4.370316e+001
      vertex -4.150421e+001 -2.160576e+001  4.223131e+001
      vertex -4.065296e+001 -2.310576e+001  4.348614e+001
    endloop
  endfacet
  facet normal -1.913488e-001 -7.049620e-001 -6.829451e-001
    outer loop
      vertex -4.097081e+001 -2.160576e+001  4.199962e+001
      vertex -4.041084e+001 -2.160576e+001  4.184273e+001
      vertex -4.022169e+001 -2.310576e+001  4.333809e+001
    endloop
  endfacet
  facet normal -2.288911e-001 -7.092612e-001 -6.667513e-001
    outer loop
      vertex -4.065296e+001 -2.310576e+001  4.348614e+001
      vertex -4.097081e+001 -2.160576e+001  4.199962e+001
      vertex -4.022169e+001 -2.310576e+001  4.333809e+001
    endloop
  endfacet
  facet normal -9.647376e-002 -7.057070e-001 -7.019050e-001
    outer loop
      vertex -4.041084e+001 -2.160576e+001  4.184273e+001
      vertex -3.983472e+001 -2.160576e+001  4.176354e+001
      vertex -3.977194e+001 -2.310576e+001  4.326304e+001
    endloop
  endfacet
  facet normal -1.161494e-001 -7.085400e-001 -6.960462e-001
    outer loop
      vertex -4.022169e+001 -2.310576e+001  4.333809e+001
      vertex -4.041084e+001 -2.160576e+001  4.184273e+001
      vertex -3.977194e+001 -2.310576e+001  4.326304e+001
    endloop
  endfacet
  facet normal  9.647376e-002 -7.057070e-001 -7.019050e-001
    outer loop
      vertex -3.925318e+001 -2.160576e+001  4.176354e+001
      vertex -3.867706e+001 -2.160576e+001  4.184273e+001
      vertex -3.931596e+001 -2.310576e+001  4.326304e+001
    endloop
  endfacet
  facet normal  0.000000e+000 -7.069880e-001 -7.072254e-001
    outer loop
      vertex -3.977194e+001 -2.310576e+001  4.326304e+001
      vertex -3.925318e+001 -2.160576e+001  4.176354e+001
      vertex -3.931596e+001 -2.310576e+001  4.326304e+001
    endloop
  endfacet
  facet normal  -0.000000e+000 -7.069880e-001 -7.072254e-001
    outer loop
      vertex -3.983472e+001 -2.160576e+001  4.176354e+001
      vertex -3.925318e+001 -2.160576e+001  4.176354e+001
      vertex -3.977194e+001 -2.310576e+001  4.326304e+001
    endloop
  endfacet
  facet normal  1.913488e-001 -7.049621e-001 -6.829453e-001
    outer loop
      vertex -3.867706e+001 -2.160576e+001  4.184273e+001
      vertex -3.811708e+001 -2.160576e+001  4.199962e+001
      vertex -3.886621e+001 -2.310576e+001  4.333809e+001
    endloop
  endfacet
  facet normal  1.161494e-001 -7.085400e-001 -6.960462e-001
    outer loop
      vertex -3.931596e+001 -2.310576e+001  4.326304e+001
      vertex -3.867706e+001 -2.160576e+001  4.184273e+001
      vertex -3.886621e+001 -2.310576e+001  4.333809e+001
    endloop
  endfacet
  facet normal  2.826447e-001 -7.047580e-001 -6.507134e-001
    outer loop
      vertex -3.811708e+001 -2.160576e+001  4.199962e+001
      vertex -3.758369e+001 -2.160576e+001  4.223131e+001
      vertex -3.843494e+001 -2.310576e+001  4.348614e+001
    endloop
  endfacet
  facet normal  2.288911e-001 -7.092612e-001 -6.667513e-001
    outer loop
      vertex -3.886621e+001 -2.310576e+001  4.333809e+001
      vertex -3.811708e+001 -2.160576e+001  4.199962e+001
      vertex -3.843494e+001 -2.310576e+001  4.348614e+001
    endloop
  endfacet
  facet normal  3.684435e-001 -7.050978e-001 -6.058766e-001
    outer loop
      vertex -3.758369e+001 -2.160576e+001  4.223131e+001
      vertex -3.708681e+001 -2.160576e+001  4.253347e+001
      vertex -3.803392e+001 -2.310576e+001  4.370316e+001
    endloop
  endfacet
  facet normal  3.355697e-001 -7.091582e-001 -6.200705e-001
    outer loop
      vertex -3.843494e+001 -2.310576e+001  4.348614e+001
      vertex -3.758369e+001 -2.160576e+001  4.223131e+001
      vertex -3.803392e+001 -2.310576e+001  4.370316e+001
    endloop
  endfacet
  facet normal  4.469597e-001 -7.059768e-001 -5.493848e-001
    outer loop
      vertex -3.708681e+001 -2.160576e+001  4.253347e+001
      vertex -3.663571e+001 -2.160576e+001  4.290047e+001
      vertex -3.767409e+001 -2.310576e+001  4.398323e+001
    endloop
  endfacet
  facet normal  4.336202e-001 -7.082306e-001 -5.571203e-001
    outer loop
      vertex -3.803392e+001 -2.310576e+001  4.370316e+001
      vertex -3.708681e+001 -2.160576e+001  4.253347e+001
      vertex -3.767409e+001 -2.310576e+001  4.398323e+001
    endloop
  endfacet
  facet normal  5.790199e-001 -7.054701e-001 -4.087147e-001
    outer loop
      vertex -3.623878e+001 -2.160576e+001  4.332548e+001
      vertex -3.590342e+001 -2.160576e+001  4.380058e+001
      vertex -3.736527e+001 -2.310576e+001  4.431870e+001
    endloop
  endfacet
  facet normal  5.199802e-001 -7.074547e-001 -4.786736e-001
    outer loop
      vertex -3.767409e+001 -2.310576e+001  4.398323e+001
      vertex -3.623878e+001 -2.160576e+001  4.332548e+001
      vertex -3.736527e+001 -2.310576e+001  4.431870e+001
    endloop
  endfacet
  facet normal  5.171351e-001 -7.066176e-001 -4.829729e-001
    outer loop
      vertex -3.663571e+001 -2.160576e+001  4.290047e+001
      vertex -3.623878e+001 -2.160576e+001  4.332548e+001
      vertex -3.767409e+001 -2.310576e+001  4.398323e+001
    endloop
  endfacet
  facet normal  6.298187e-001 -7.048602e-001 -3.263443e-001
    outer loop
      vertex -3.590342e+001 -2.160576e+001  4.380058e+001
      vertex -3.563587e+001 -2.160576e+001  4.431692e+001
      vertex -3.711588e+001 -2.310576e+001  4.470043e+001
    endloop
  endfacet
  facet normal  5.905488e-001 -7.087979e-001 -3.858207e-001
    outer loop
      vertex -3.736527e+001 -2.310576e+001  4.431870e+001
      vertex -3.590342e+001 -2.160576e+001  4.380058e+001
      vertex -3.711588e+001 -2.310576e+001  4.470043e+001
    endloop
  endfacet
  facet normal  6.684514e-001 -7.047924e-001 -2.375719e-001
    outer loop
      vertex -3.563587e+001 -2.160576e+001  4.431692e+001
      vertex -3.544112e+001 -2.160576e+001  4.486488e+001
      vertex -3.693271e+001 -2.310576e+001  4.511800e+001
    endloop
  endfacet
  facet normal  6.455231e-001 -7.093124e-001 -2.831531e-001
    outer loop
      vertex -3.711588e+001 -2.310576e+001  4.470043e+001
      vertex -3.563587e+001 -2.160576e+001  4.431692e+001
      vertex -3.693271e+001 -2.310576e+001  4.511800e+001
    endloop
  endfacet
  facet normal  6.941135e-001 -7.052675e-001 -1.442367e-001
    outer loop
      vertex -3.544112e+001 -2.160576e+001  4.486488e+001
      vertex -3.532281e+001 -2.160576e+001  4.543425e+001
      vertex -3.682078e+001 -2.310576e+001  4.556002e+001
    endloop
  endfacet
  facet normal  6.836250e-001 -7.090045e-001 -1.731172e-001
    outer loop
      vertex -3.693271e+001 -2.310576e+001  4.511800e+001
      vertex -3.544112e+001 -2.160576e+001  4.486488e+001
      vertex -3.682078e+001 -2.310576e+001  4.556002e+001
    endloop
  endfacet
  facet normal  4.999999e-001  0.000000e+000  8.660254e-001
    outer loop
      vertex -5.336084e+001 -1.940576e+001  5.201443e+001
      vertex -5.336084e+001 -1.770576e+001  5.201443e+001
      vertex -5.663269e+001 -1.940576e+001  5.390344e+001
    endloop
  endfacet
  facet normal  4.999999e-001  -0.000000e+000  8.660254e-001
    outer loop
      vertex -5.663269e+001 -1.940576e+001  5.390344e+001
      vertex -5.336084e+001 -1.770576e+001  5.201443e+001
      vertex -5.663269e+001 -1.770576e+001  5.390344e+001
    endloop
  endfacet
  facet normal -5.016668e-001  -0.000000e+000 -8.650610e-001
    outer loop
      vertex -5.778811e+001 -1.940576e+001  5.190219e+001
      vertex -5.778811e+001 -1.770576e+001  5.190219e+001
      vertex -5.776501e+001 -1.940576e+001  5.188880e+001
    endloop
  endfacet
  facet normal -4.999867e-001  3.049209e-005 -8.660331e-001
    outer loop
      vertex -5.776501e+001 -1.940576e+001  5.188880e+001
      vertex -5.778811e+001 -1.770576e+001  5.190219e+001
      vertex -5.776503e+001 -1.770576e+001  5.188887e+001
    endloop
  endfacet
  facet normal  8.919808e-001 -4.459904e-001  7.391077e-002
    outer loop
      vertex -5.379395e+001 -1.940576e+001  4.601443e+001
      vertex -5.383146e+001 -1.940576e+001  4.646707e+001
      vertex -5.479395e+001 -2.140576e+001  4.601443e+001
    endloop
  endfacet
  facet normal  8.887197e-001 -4.488340e-001  9.340968e-002
    outer loop
      vertex -5.383146e+001 -1.940576e+001  4.646707e+001
      vertex -5.483219e+001 -2.140576e+001  4.637828e+001
      vertex -5.479395e+001 -2.140576e+001  4.601443e+001
    endloop
  endfacet
  facet normal -8.887197e-001 -4.488340e-001  9.340968e-002
    outer loop
      vertex -5.825571e+001 -2.140576e+001  4.637828e+001
      vertex -5.925644e+001 -1.940576e+001  4.646707e+001
      vertex -5.829395e+001 -2.140576e+001  4.601443e+001
    endloop
  endfacet
  facet normal -8.919808e-001 -4.459904e-001  7.391077e-002
    outer loop
      vertex -5.925644e+001 -1.940576e+001  4.646707e+001
      vertex -5.929395e+001 -1.940576e+001  4.601443e+001
      vertex -5.829395e+001 -2.140576e+001  4.601443e+001
    endloop
  endfacet
  facet normal  8.684585e-001 -4.443125e-001  2.199231e-001
    outer loop
      vertex -5.383146e+001 -1.940576e+001  4.646707e+001
      vertex -5.394295e+001 -1.940576e+001  4.690736e+001
      vertex -5.483219e+001 -2.140576e+001  4.637828e+001
    endloop
  endfacet
  facet normal  8.206232e-001 -4.438534e-001  3.599606e-001
    outer loop
      vertex -5.394295e+001 -1.940576e+001  4.690736e+001
      vertex -5.412540e+001 -1.940576e+001  4.732329e+001
      vertex -5.494524e+001 -2.140576e+001  4.672622e+001
    endloop
  endfacet
  facet normal  8.490814e-001 -4.505002e-001  2.758809e-001
    outer loop
      vertex -5.483219e+001 -2.140576e+001  4.637828e+001
      vertex -5.394295e+001 -1.940576e+001  4.690736e+001
      vertex -5.494524e+001 -2.140576e+001  4.672622e+001
    endloop
  endfacet
  facet normal  7.498648e-001 -4.446172e-001  4.899166e-001
    outer loop
      vertex -5.412540e+001 -1.940576e+001  4.732329e+001
      vertex -5.437381e+001 -1.940576e+001  4.770352e+001
      vertex -5.512817e+001 -2.140576e+001  4.704306e+001
    endloop
  endfacet
  facet normal  7.732709e-001 -4.502621e-001  4.464484e-001
    outer loop
      vertex -5.494524e+001 -2.140576e+001  4.672622e+001
      vertex -5.412540e+001 -1.940576e+001  4.732329e+001
      vertex -5.512817e+001 -2.140576e+001  4.704306e+001
    endloop
  endfacet
  facet normal  5.499082e-001 -4.454572e-001  7.065188e-001
    outer loop
      vertex -5.468142e+001 -1.940576e+001  4.803767e+001
      vertex -5.503984e+001 -1.940576e+001  4.831664e+001
      vertex -5.537297e+001 -2.140576e+001  4.731494e+001
    endloop
  endfacet
  facet normal  6.650164e-001 -4.463274e-001  5.987862e-001
    outer loop
      vertex -5.512817e+001 -2.140576e+001  4.704306e+001
      vertex -5.468142e+001 -1.940576e+001  4.803767e+001
      vertex -5.537297e+001 -2.140576e+001  4.731494e+001
    endloop
  endfacet
  facet normal  6.577495e-001 -4.480409e-001  6.054956e-001
    outer loop
      vertex -5.437381e+001 -1.940576e+001  4.770352e+001
      vertex -5.468142e+001 -1.940576e+001  4.803767e+001
      vertex -5.512817e+001 -2.140576e+001  4.704306e+001
    endloop
  endfacet
  facet normal  4.264404e-001 -4.440826e-001  7.879969e-001
    outer loop
      vertex -5.503984e+001 -1.940576e+001  4.831664e+001
      vertex -5.543929e+001 -1.940576e+001  4.853281e+001
      vertex -5.566895e+001 -2.140576e+001  4.752998e+001
    endloop
  endfacet
  facet normal  5.250797e-001 -4.494293e-001  7.227065e-001
    outer loop
      vertex -5.537297e+001 -2.140576e+001  4.731494e+001
      vertex -5.503984e+001 -1.940576e+001  4.831664e+001
      vertex -5.566895e+001 -2.140576e+001  4.752998e+001
    endloop
  endfacet
  facet normal  2.909546e-001 -4.439301e-001  8.475089e-001
    outer loop
      vertex -5.543929e+001 -1.940576e+001  4.853281e+001
      vertex -5.586886e+001 -1.940576e+001  4.868029e+001
      vertex -5.600317e+001 -2.140576e+001  4.767878e+001
    endloop
  endfacet
  facet normal  3.630985e-001 -4.506185e-001  8.155381e-001
    outer loop
      vertex -5.566895e+001 -2.140576e+001  4.752998e+001
      vertex -5.543929e+001 -1.940576e+001  4.853281e+001
      vertex -5.600317e+001 -2.140576e+001  4.767878e+001
    endloop
  endfacet
  facet normal  1.473988e-001 -4.449995e-001  8.833171e-001
    outer loop
      vertex -5.586886e+001 -1.940576e+001  4.868029e+001
      vertex -5.631686e+001 -1.940576e+001  4.875504e+001
      vertex -5.636102e+001 -2.140576e+001  4.775485e+001
    endloop
  endfacet
  facet normal  1.856835e-001 -4.499057e-001  8.735597e-001
    outer loop
      vertex -5.600317e+001 -2.140576e+001  4.767878e+001
      vertex -5.586886e+001 -1.940576e+001  4.868029e+001
      vertex -5.636102e+001 -2.140576e+001  4.775485e+001
    endloop
  endfacet
  facet normal -1.473988e-001 -4.449995e-001  8.833171e-001
    outer loop
      vertex -5.677104e+001 -1.940576e+001  4.875504e+001
      vertex -5.721904e+001 -1.940576e+001  4.868029e+001
      vertex -5.672688e+001 -2.140576e+001  4.775485e+001
    endloop
  endfacet
  facet normal  0.000000e+000 -4.472832e-001  8.943924e-001
    outer loop
      vertex -5.636102e+001 -2.140576e+001  4.775485e+001
      vertex -5.677104e+001 -1.940576e+001  4.875504e+001
      vertex -5.672688e+001 -2.140576e+001  4.775485e+001
    endloop
  endfacet
  facet normal  0.000000e+000 -4.472832e-001  8.943925e-001
    outer loop
      vertex -5.631686e+001 -1.940576e+001  4.875504e+001
      vertex -5.677104e+001 -1.940576e+001  4.875504e+001
      vertex -5.636102e+001 -2.140576e+001  4.775485e+001
    endloop
  endfacet
  facet normal -2.909546e-001 -4.439301e-001  8.475089e-001
    outer loop
      vertex -5.721904e+001 -1.940576e+001  4.868029e+001
      vertex -5.764861e+001 -1.940576e+001  4.853281e+001
      vertex -5.708473e+001 -2.140576e+001  4.767878e+001
    endloop
  endfacet
  facet normal -1.856835e-001 -4.499057e-001  8.735597e-001
    outer loop
      vertex -5.672688e+001 -2.140576e+001  4.775485e+001
      vertex -5.721904e+001 -1.940576e+001  4.868029e+001
      vertex -5.708473e+001 -2.140576e+001  4.767878e+001
    endloop
  endfacet
  facet normal -4.264404e-001 -4.440826e-001  7.879969e-001
    outer loop
      vertex -5.764861e+001 -1.940576e+001  4.853281e+001
      vertex -5.804806e+001 -1.940576e+001  4.831664e+001
      vertex -5.741895e+001 -2.140576e+001  4.752998e+001
    endloop
  endfacet
  facet normal -3.630985e-001 -4.506185e-001  8.155381e-001
    outer loop
      vertex -5.708473e+001 -2.140576e+001  4.767878e+001
      vertex -5.764861e+001 -1.940576e+001  4.853281e+001
      vertex -5.741895e+001 -2.140576e+001  4.752998e+001
    endloop
  endfacet
  facet normal -5.499082e-001 -4.454572e-001  7.065188e-001
    outer loop
      vertex -5.804806e+001 -1.940576e+001  4.831664e+001
      vertex -5.840648e+001 -1.940576e+001  4.803767e+001
      vertex -5.771493e+001 -2.140576e+001  4.731494e+001
    endloop
  endfacet
  facet normal -5.250797e-001 -4.494293e-001  7.227065e-001
    outer loop
      vertex -5.741895e+001 -2.140576e+001  4.752998e+001
      vertex -5.804806e+001 -1.940576e+001  4.831664e+001
      vertex -5.771493e+001 -2.140576e+001  4.731494e+001
    endloop
  endfacet
  facet normal -7.498648e-001 -4.446172e-001  4.899166e-001
    outer loop
      vertex -5.871408e+001 -1.940576e+001  4.770352e+001
      vertex -5.896250e+001 -1.940576e+001  4.732329e+001
      vertex -5.795973e+001 -2.140576e+001  4.704306e+001
    endloop
  endfacet
  facet normal -6.643512e-001 -4.481175e-001  5.981873e-001
    outer loop
      vertex -5.771493e+001 -2.140576e+001  4.731494e+001
      vertex -5.871408e+001 -1.940576e+001  4.770352e+001
      vertex -5.795973e+001 -2.140576e+001  4.704306e+001
    endloop
  endfacet
  facet normal -6.582800e-001 -4.465992e-001  6.059840e-001
    outer loop
      vertex -5.840648e+001 -1.940576e+001  4.803767e+001
      vertex -5.871408e+001 -1.940576e+001  4.770352e+001
      vertex -5.771493e+001 -2.140576e+001  4.731494e+001
    endloop
  endfacet
  facet normal -8.206232e-001 -4.438534e-001  3.599606e-001
    outer loop
      vertex -5.896250e+001 -1.940576e+001  4.732329e+001
      vertex -5.914495e+001 -1.940576e+001  4.690736e+001
      vertex -5.814265e+001 -2.140576e+001  4.672622e+001
    endloop
  endfacet
  facet normal -7.732709e-001 -4.502621e-001  4.464484e-001
    outer loop
      vertex -5.795973e+001 -2.140576e+001  4.704306e+001
      vertex -5.896250e+001 -1.940576e+001  4.732329e+001
      vertex -5.814265e+001 -2.140576e+001  4.672622e+001
    endloop
  endfacet
  facet normal -8.684585e-001 -4.443125e-001  2.199231e-001
    outer loop
      vertex -5.914495e+001 -1.940576e+001  4.690736e+001
      vertex -5.925644e+001 -1.940576e+001  4.646707e+001
      vertex -5.825571e+001 -2.140576e+001  4.637828e+001
    endloop
  endfacet
  facet normal -8.490814e-001 -4.505002e-001  2.758809e-001
    outer loop
      vertex -5.814265e+001 -2.140576e+001  4.672622e+001
      vertex -5.914495e+001 -1.940576e+001  4.690736e+001
      vertex -5.825571e+001 -2.140576e+001  4.637828e+001
    endloop
  endfacet
  facet normal -8.919808e-001 -4.459904e-001 -7.391077e-002
    outer loop
      vertex -5.929395e+001 -1.940576e+001  4.601443e+001
      vertex -5.925644e+001 -1.940576e+001  4.556180e+001
      vertex -5.829395e+001 -2.140576e+001  4.601443e+001
    endloop
  endfacet
  facet normal -8.887197e-001 -4.488340e-001 -9.340968e-002
    outer loop
      vertex -5.925644e+001 -1.940576e+001  4.556180e+001
      vertex -5.825571e+001 -2.140576e+001  4.565059e+001
      vertex -5.829395e+001 -2.140576e+001  4.601443e+001
    endloop
  endfacet
  facet normal  8.887197e-001 -4.488340e-001 -9.340968e-002
    outer loop
      vertex -5.483219e+001 -2.140576e+001  4.565059e+001
      vertex -5.383146e+001 -1.940576e+001  4.556180e+001
      vertex -5.479395e+001 -2.140576e+001  4.601443e+001
    endloop
  endfacet
  facet normal  8.919808e-001 -4.459904e-001 -7.391077e-002
    outer loop
      vertex -5.383146e+001 -1.940576e+001  4.556180e+001
      vertex -5.379395e+001 -1.940576e+001  4.601443e+001
      vertex -5.479395e+001 -2.140576e+001  4.601443e+001
    endloop
  endfacet
  facet normal -8.684585e-001 -4.443125e-001 -2.199231e-001
    outer loop
      vertex -5.925644e+001 -1.940576e+001  4.556180e+001
      vertex -5.914495e+001 -1.940576e+001  4.512151e+001
      vertex -5.825571e+001 -2.140576e+001  4.565059e+001
    endloop
  endfacet
  facet normal -8.206232e-001 -4.438534e-001 -3.599606e-001
    outer loop
      vertex -5.914495e+001 -1.940576e+001  4.512151e+001
      vertex -5.896250e+001 -1.940576e+001  4.470558e+001
      vertex -5.814265e+001 -2.140576e+001  4.530265e+001
    endloop
  endfacet
  facet normal -8.490814e-001 -4.505002e-001 -2.758809e-001
    outer loop
      vertex -5.825571e+001 -2.140576e+001  4.565059e+001
      vertex -5.914495e+001 -1.940576e+001  4.512151e+001
      vertex -5.814265e+001 -2.140576e+001  4.530265e+001
    endloop
  endfacet
  facet normal -7.498648e-001 -4.446172e-001 -4.899166e-001
    outer loop
      vertex -5.896250e+001 -1.940576e+001  4.470558e+001
      vertex -5.871408e+001 -1.940576e+001  4.432535e+001
      vertex -5.795973e+001 -2.140576e+001  4.498581e+001
    endloop
  endfacet
  facet normal -7.732709e-001 -4.502621e-001 -4.464484e-001
    outer loop
      vertex -5.814265e+001 -2.140576e+001  4.530265e+001
      vertex -5.896250e+001 -1.940576e+001  4.470558e+001
      vertex -5.795973e+001 -2.140576e+001  4.498581e+001
    endloop
  endfacet
  facet normal -5.499082e-001 -4.454572e-001 -7.065188e-001
    outer loop
      vertex -5.840648e+001 -1.940576e+001  4.399120e+001
      vertex -5.804806e+001 -1.940576e+001  4.371223e+001
      vertex -5.771493e+001 -2.140576e+001  4.471393e+001
    endloop
  endfacet
  facet normal -6.650164e-001 -4.463274e-001 -5.987862e-001
    outer loop
      vertex -5.795973e+001 -2.140576e+001  4.498581e+001
      vertex -5.840648e+001 -1.940576e+001  4.399120e+001
      vertex -5.771493e+001 -2.140576e+001  4.471393e+001
    endloop
  endfacet
  facet normal -6.577495e-001 -4.480409e-001 -6.054956e-001
    outer loop
      vertex -5.871408e+001 -1.940576e+001  4.432535e+001
      vertex -5.840648e+001 -1.940576e+001  4.399120e+001
      vertex -5.795973e+001 -2.140576e+001  4.498581e+001
    endloop
  endfacet
  facet normal -4.264404e-001 -4.440826e-001 -7.879969e-001
    outer loop
      vertex -5.804806e+001 -1.940576e+001  4.371223e+001
      vertex -5.764861e+001 -1.940576e+001  4.349606e+001
      vertex -5.741895e+001 -2.140576e+001  4.449889e+001
    endloop
  endfacet
  facet normal -5.250797e-001 -4.494293e-001 -7.227065e-001
    outer loop
      vertex -5.771493e+001 -2.140576e+001  4.471393e+001
      vertex -5.804806e+001 -1.940576e+001  4.371223e+001
      vertex -5.741895e+001 -2.140576e+001  4.449889e+001
    endloop
  endfacet
  facet normal -2.909546e-001 -4.439301e-001 -8.475089e-001
    outer loop
      vertex -5.764861e+001 -1.940576e+001  4.349606e+001
      vertex -5.721904e+001 -1.940576e+001  4.334858e+001
      vertex -5.708473e+001 -2.140576e+001  4.435009e+001
    endloop
  endfacet
  facet normal -3.630985e-001 -4.506185e-001 -8.155381e-001
    outer loop
      vertex -5.741895e+001 -2.140576e+001  4.449889e+001
      vertex -5.764861e+001 -1.940576e+001  4.349606e+001
      vertex -5.708473e+001 -2.140576e+001  4.435009e+001
    endloop
  endfacet
  facet normal -1.473988e-001 -4.449995e-001 -8.833171e-001
    outer loop
      vertex -5.721904e+001 -1.940576e+001  4.334858e+001
      vertex -5.677104e+001 -1.940576e+001  4.327383e+001
      vertex -5.672688e+001 -2.140576e+001  4.427402e+001
    endloop
  endfacet
  facet normal -1.856835e-001 -4.499057e-001 -8.735597e-001
    outer loop
      vertex -5.708473e+001 -2.140576e+001  4.435009e+001
      vertex -5.721904e+001 -1.940576e+001  4.334858e+001
      vertex -5.672688e+001 -2.140576e+001  4.427402e+001
    endloop
  endfacet
  facet normal  1.473988e-001 -4.449995e-001 -8.833171e-001
    outer loop
      vertex -5.631686e+001 -1.940576e+001  4.327383e+001
      vertex -5.586886e+001 -1.940576e+001  4.334858e+001
      vertex -5.636102e+001 -2.140576e+001  4.427402e+001
    endloop
  endfacet
  facet normal  0.000000e+000 -4.472832e-001 -8.943924e-001
    outer loop
      vertex -5.672688e+001 -2.140576e+001  4.427402e+001
      vertex -5.631686e+001 -1.940576e+001  4.327383e+001
      vertex -5.636102e+001 -2.140576e+001  4.427402e+001
    endloop
  endfacet
  facet normal  -0.000000e+000 -4.472832e-001 -8.943925e-001
    outer loop
      vertex -5.677104e+001 -1.940576e+001  4.327383e+001
      vertex -5.631686e+001 -1.940576e+001  4.327383e+001
      vertex -5.672688e+001 -2.140576e+001  4.427402e+001
    endloop
  endfacet
  facet normal  2.909546e-001 -4.439301e-001 -8.475089e-001
    outer loop
      vertex -5.586886e+001 -1.940576e+001  4.334858e+001
      vertex -5.543929e+001 -1.940576e+001  4.349606e+001
      vertex -5.600317e+001 -2.140576e+001  4.435009e+001
    endloop
  endfacet
  facet normal  1.856835e-001 -4.499057e-001 -8.735597e-001
    outer loop
      vertex -5.636102e+001 -2.140576e+001  4.427402e+001
      vertex -5.586886e+001 -1.940576e+001  4.334858e+001
      vertex -5.600317e+001 -2.140576e+001  4.435009e+001
    endloop
  endfacet
  facet normal  4.264404e-001 -4.440826e-001 -7.879969e-001
    outer loop
      vertex -5.543929e+001 -1.940576e+001  4.349606e+001
      vertex -5.503984e+001 -1.940576e+001  4.371223e+001
      vertex -5.566895e+001 -2.140576e+001  4.449889e+001
    endloop
  endfacet
  facet normal  3.630985e-001 -4.506185e-001 -8.155381e-001
    outer loop
      vertex -5.600317e+001 -2.140576e+001  4.435009e+001
      vertex -5.543929e+001 -1.940576e+001  4.349606e+001
      vertex -5.566895e+001 -2.140576e+001  4.449889e+001
    endloop
  endfacet
  facet normal  5.499082e-001 -4.454572e-001 -7.065188e-001
    outer loop
      vertex -5.503984e+001 -1.940576e+001  4.371223e+001
      vertex -5.468142e+001 -1.940576e+001  4.399120e+001
      vertex -5.537297e+001 -2.140576e+001  4.471393e+001
    endloop
  endfacet
  facet normal  5.250797e-001 -4.494293e-001 -7.227065e-001
    outer loop
      vertex -5.566895e+001 -2.140576e+001  4.449889e+001
      vertex -5.503984e+001 -1.940576e+001  4.371223e+001
      vertex -5.537297e+001 -2.140576e+001  4.471393e+001
    endloop
  endfacet
  facet normal  7.498648e-001 -4.446172e-001 -4.899166e-001
    outer loop
      vertex -5.437381e+001 -1.940576e+001  4.432535e+001
      vertex -5.412540e+001 -1.940576e+001  4.470558e+001
      vertex -5.512817e+001 -2.140576e+001  4.498581e+001
    endloop
  endfacet
  facet normal  6.643512e-001 -4.481175e-001 -5.981873e-001
    outer loop
      vertex -5.537297e+001 -2.140576e+001  4.471393e+001
      vertex -5.437381e+001 -1.940576e+001  4.432535e+001
      vertex -5.512817e+001 -2.140576e+001  4.498581e+001
    endloop
  endfacet
  facet normal  6.582800e-001 -4.465992e-001 -6.059840e-001
    outer loop
      vertex -5.468142e+001 -1.940576e+001  4.399120e+001
      vertex -5.437381e+001 -1.940576e+001  4.432535e+001
      vertex -5.537297e+001 -2.140576e+001  4.471393e+001
    endloop
  endfacet
  facet normal  8.206232e-001 -4.438534e-001 -3.599606e-001
    outer loop
      vertex -5.412540e+001 -1.940576e+001  4.470558e+001
      vertex -5.394295e+001 -1.940576e+001  4.512151e+001
      vertex -5.494524e+001 -2.140576e+001  4.530265e+001
    endloop
  endfacet
  facet normal  7.732709e-001 -4.502621e-001 -4.464484e-001
    outer loop
      vertex -5.512817e+001 -2.140576e+001  4.498581e+001
      vertex -5.412540e+001 -1.940576e+001  4.470558e+001
      vertex -5.494524e+001 -2.140576e+001  4.530265e+001
    endloop
  endfacet
  facet normal  8.684585e-001 -4.443125e-001 -2.199231e-001
    outer loop
      vertex -5.394295e+001 -1.940576e+001  4.512151e+001
      vertex -5.383146e+001 -1.940576e+001  4.556180e+001
      vertex -5.483219e+001 -2.140576e+001  4.565059e+001
    endloop
  endfacet
  facet normal  8.490814e-001 -4.505002e-001 -2.758809e-001
    outer loop
      vertex -5.494524e+001 -2.140576e+001  4.530265e+001
      vertex -5.394295e+001 -1.940576e+001  4.512151e+001
      vertex -5.483219e+001 -2.140576e+001  4.565059e+001
    endloop
  endfacet
  facet normal -9.999999e-001  0.000000e+000  0.000000e+000
    outer loop
      vertex -5.186987e+001 -1.940576e+001  5.053140e+001
      vertex -5.186987e+001 -2.160576e+001  5.053140e+001
      vertex -5.186987e+001 -1.940576e+001  5.201443e+001
    endloop
  endfacet
  facet normal -9.999999e-001  -0.000000e+000  0.000000e+000
    outer loop
      vertex -5.186987e+001 -1.940576e+001  5.201443e+001
      vertex -5.186987e+001 -2.160576e+001  5.053140e+001
      vertex -5.186987e+001 -2.160576e+001  5.201443e+001
    endloop
  endfacet
  facet normal -1.000000e+000  0.000000e+000  0.000000e+000
    outer loop
      vertex -5.437730e+001 -9.505759e+000  5.201443e+001
      vertex -5.437730e+001 -9.505759e+000  5.101443e+001
      vertex -5.437730e+001 -1.770576e+001  5.201443e+001
    endloop
  endfacet
  facet normal -1.000000e+000  0.000000e+000  0.000000e+000
    outer loop
      vertex -5.437730e+001 -1.770576e+001  5.201443e+001
      vertex -5.437730e+001 -9.505759e+000  5.101443e+001
      vertex -5.437730e+001 -1.770576e+001  5.101443e+001
    endloop
  endfacet
  facet normal  -0.000000e+000  0.000000e+000 -1.000000e+000
    outer loop
      vertex -5.437730e+001 -9.505759e+000  5.101443e+001
      vertex -4.986426e+001 -9.505759e+000  5.101443e+001
      vertex -5.437730e+001 -1.770576e+001  5.101443e+001
    endloop
  endfacet
  facet normal  0.000000e+000  0.000000e+000 -1.000000e+000
    outer loop
      vertex -5.437730e+001 -1.770576e+001  5.101443e+001
      vertex -4.986426e+001 -9.505759e+000  5.101443e+001
      vertex -4.986426e+001 -1.770576e+001  5.101443e+001
    endloop
  endfacet
  facet normal -8.660258e-001  0.000000e+000  4.999993e-001
    outer loop
      vertex -5.663269e+001 -1.940576e+001  5.390344e+001
      vertex -5.663269e+001 -1.770576e+001  5.390344e+001
      vertex -5.778811e+001 -1.940576e+001  5.190219e+001
    endloop
  endfacet
  facet normal -8.660258e-001  0.000000e+000  4.999993e-001
    outer loop
      vertex -5.778811e+001 -1.940576e+001  5.190219e+001
      vertex -5.663269e+001 -1.770576e+001  5.390344e+001
      vertex -5.778811e+001 -1.770576e+001  5.190219e+001
    endloop
  endfacet
  facet normal -4.999867e-001  -0.000000e+000 -8.660331e-001
    outer loop
      vertex -5.778811e+001 -9.505759e+000  5.190219e+001
      vertex -5.778811e+001 -7.805759e+000  5.190219e+001
      vertex -5.776503e+001 -9.505759e+000  5.188887e+001
    endloop
  endfacet
  facet normal -4.999867e-001  0.000000e+000 -8.660331e-001
    outer loop
      vertex -5.776503e+001 -9.505759e+000  5.188887e+001
      vertex -5.778811e+001 -7.805759e+000  5.190219e+001
      vertex -5.776503e+001 -7.805759e+000  5.188887e+001
    endloop
  endfacet
  facet normal  4.999998e-001  0.000000e+000  8.660254e-001
    outer loop
      vertex -5.336084e+001 -9.505759e+000  5.201443e+001
      vertex -5.336084e+001 -7.805759e+000  5.201443e+001
      vertex -5.663269e+001 -9.505759e+000  5.390344e+001
    endloop
  endfacet
  facet normal  4.999998e-001  -0.000000e+000  8.660254e-001
    outer loop
      vertex -5.663269e+001 -9.505759e+000  5.390344e+001
      vertex -5.336084e+001 -7.805759e+000  5.201443e+001
      vertex -5.663269e+001 -7.805759e+000  5.390344e+001
    endloop
  endfacet
  facet normal -8.660259e-001  0.000000e+000  4.999993e-001
    outer loop
      vertex -5.663269e+001 -9.505759e+000  5.390344e+001
      vertex -5.663269e+001 -7.805759e+000  5.390344e+001
      vertex -5.778811e+001 -9.505759e+000  5.190219e+001
    endloop
  endfacet
  facet normal -8.660259e-001  0.000000e+000  4.999993e-001
    outer loop
      vertex -5.778811e+001 -9.505759e+000  5.190219e+001
      vertex -5.663269e+001 -7.805759e+000  5.390344e+001
      vertex -5.778811e+001 -7.805759e+000  5.190219e+001
    endloop
  endfacet
  facet normal  0.000000e+000 -9.999999e-001  0.000000e+000
    outer loop
      vertex -3.381849e+001 -6.905759e+000  4.780864e+001
      vertex -3.770522e+001 -6.905759e+000  4.780864e+001
      vertex -3.366286e+001 -6.905759e+000  4.720304e+001
    endloop
  endfacet
  facet normal  0.000000e+000 -1.000000e+000  0.000000e+000
    outer loop
      vertex -3.366286e+001 -6.905759e+000  4.720304e+001
      vertex -3.770522e+001 -6.905759e+000  4.780864e+001
      vertex -3.745083e+001 -6.905759e+000  4.750404e+001
    endloop
  endfacet
  facet normal  0.000000e+000 -1.000000e+000  0.000000e+000
    outer loop
      vertex -3.366286e+001 -6.905759e+000  4.720304e+001
      vertex -3.745083e+001 -6.905759e+000  4.750404e+001
      vertex -3.724638e+001 -6.905759e+000  4.716390e+001
    endloop
  endfacet
  facet normal  0.000000e+000 -1.000000e+000  0.000000e+000
    outer loop
      vertex -3.366286e+001 -6.905759e+000  4.720304e+001
      vertex -3.724638e+001 -6.905759e+000  4.716390e+001
      vertex -3.357109e+001 -6.905759e+000  4.658453e+001
    endloop
  endfacet
  facet normal  0.000000e+000 -1.000000e+000  0.000000e+000
    outer loop
      vertex -3.357109e+001 -6.905759e+000  4.658453e+001
      vertex -3.724638e+001 -6.905759e+000  4.716390e+001
      vertex -3.709676e+001 -6.905759e+000  4.679633e+001
    endloop
  endfacet
  facet normal  0.000000e+000 -1.000000e+000  0.000000e+000
    outer loop
      vertex -3.357109e+001 -6.905759e+000  4.658453e+001
      vertex -3.709676e+001 -6.905759e+000  4.679633e+001
      vertex -3.700554e+001 -6.905759e+000  4.641010e+001
    endloop
  endfacet
  facet normal  0.000000e+000 -1.000000e+000  0.000000e+000
    outer loop
      vertex -3.357109e+001 -6.905759e+000  4.658453e+001
      vertex -3.700554e+001 -6.905759e+000  4.641010e+001
      vertex -3.354420e+001 -6.905759e+000  4.595984e+001
    endloop
  endfacet
  facet normal  0.000000e+000 -1.000000e+000  0.000000e+000
    outer loop
      vertex -3.354420e+001 -6.905759e+000  4.595984e+001
      vertex -3.700554e+001 -6.905759e+000  4.641010e+001
      vertex -3.697489e+001 -6.905759e+000  4.601443e+001
    endloop
  endfacet
  facet normal  0.000000e+000 -1.000000e+000  0.000000e+000
    outer loop
      vertex -3.354420e+001 -6.905759e+000  4.595984e+001
      vertex -3.697489e+001 -6.905759e+000  4.601443e+001
      vertex -3.358246e+001 -6.905759e+000  4.533573e+001
    endloop
  endfacet
  facet normal  0.000000e+000 -1.000000e+000  0.000000e+000
    outer loop
      vertex -3.358246e+001 -6.905759e+000  4.533573e+001
      vertex -3.697489e+001 -6.905759e+000  4.601443e+001
      vertex -3.701032e+001 -6.905759e+000  4.558925e+001
    endloop
  endfacet
  facet normal  0.000000e+000 -1.000000e+000  -0.000000e+000
    outer loop
      vertex -3.358246e+001 -6.905759e+000  4.533573e+001
      vertex -3.701032e+001 -6.905759e+000  4.558925e+001
      vertex -3.711563e+001 -6.905759e+000  4.517579e+001
    endloop
  endfacet
  facet normal  0.000000e+000 -1.000000e+000  0.000000e+000
    outer loop
      vertex -3.358246e+001 -6.905759e+000  4.533573e+001
      vertex -3.711563e+001 -6.905759e+000  4.517579e+001
      vertex -3.368546e+001 -6.905759e+000  4.471900e+001
    endloop
  endfacet
  facet normal  0.000000e+000 -1.000000e+000  0.000000e+000
    outer loop
      vertex -3.368546e+001 -6.905759e+000  4.471900e+001
      vertex -3.711563e+001 -6.905759e+000  4.517579e+001
      vertex -3.728791e+001 -6.905759e+000  4.478547e+001
    endloop
  endfacet
  facet normal  0.000000e+000 -1.000000e+000  0.000000e+000
    outer loop
      vertex -3.368546e+001 -6.905759e+000  4.471900e+001
      vertex -3.728791e+001 -6.905759e+000  4.478547e+001
      vertex -3.385210e+001 -6.905759e+000  4.411633e+001
    endloop
  endfacet
  facet normal  0.000000e+000 -1.000000e+000  0.000000e+000
    outer loop
      vertex -3.385210e+001 -6.905759e+000  4.411633e+001
      vertex -3.728791e+001 -6.905759e+000  4.478547e+001
      vertex -3.752242e+001 -6.905759e+000  4.442904e+001
    endloop
  endfacet
  facet normal  0.000000e+000 -1.000000e+000  -0.000000e+000
    outer loop
      vertex -3.385210e+001 -6.905759e+000  4.411633e+001
      vertex -3.752242e+001 -6.905759e+000  4.442904e+001
      vertex -3.781269e+001 -6.905759e+000  4.411633e+001
    endloop
  endfacet
  facet normal  0.000000e+000  1.000000e+000  0.000000e+000
    outer loop
      vertex -3.724638e+001 -2.030576e+001  4.716390e+001
      vertex -3.745083e+001 -2.030576e+001  4.750404e+001
      vertex -3.366286e+001 -2.030576e+001  4.720304e+001
    endloop
  endfacet
  facet normal  0.000000e+000  1.000000e+000  0.000000e+000
    outer loop
      vertex -3.366286e+001 -2.030576e+001  4.720304e+001
      vertex -3.745083e+001 -2.030576e+001  4.750404e+001
      vertex -3.770522e+001 -2.030576e+001  4.780864e+001
    endloop
  endfacet
  facet normal  -0.000000e+000  9.999999e-001  0.000000e+000
    outer loop
      vertex -3.366286e+001 -2.030576e+001  4.720304e+001
      vertex -3.770522e+001 -2.030576e+001  4.780864e+001
      vertex -3.381849e+001 -2.030576e+001  4.780864e+001
    endloop
  endfacet
  facet normal  0.000000e+000  1.000000e+000  0.000000e+000
    outer loop
      vertex -3.700554e+001 -2.030576e+001  4.641010e+001
      vertex -3.709676e+001 -2.030576e+001  4.679633e+001
      vertex -3.357109e+001 -2.030576e+001  4.658453e+001
    endloop
  endfacet
  facet normal  0.000000e+000  1.000000e+000  0.000000e+000
    outer loop
      vertex -3.357109e+001 -2.030576e+001  4.658453e+001
      vertex -3.709676e+001 -2.030576e+001  4.679633e+001
      vertex -3.724638e+001 -2.030576e+001  4.716390e+001
    endloop
  endfacet
  facet normal  -0.000000e+000  1.000000e+000  0.000000e+000
    outer loop
      vertex -3.357109e+001 -2.030576e+001  4.658453e+001
      vertex -3.724638e+001 -2.030576e+001  4.716390e+001
      vertex -3.366286e+001 -2.030576e+001  4.720304e+001
    endloop
  endfacet
  facet normal  0.000000e+000  1.000000e+000  0.000000e+000
    outer loop
      vertex -3.711563e+001 -2.030576e+001  4.517579e+001
      vertex -3.701032e+001 -2.030576e+001  4.558925e+001
      vertex -3.358246e+001 -2.030576e+001  4.533573e+001
    endloop
  endfacet
  facet normal  0.000000e+000  1.000000e+000  0.000000e+000
    outer loop
      vertex -3.358246e+001 -2.030576e+001  4.533573e+001
      vertex -3.701032e+001 -2.030576e+001  4.558925e+001
      vertex -3.697489e+001 -2.030576e+001  4.601443e+001
    endloop
  endfacet
  facet normal  0.000000e+000  1.000000e+000  0.000000e+000
    outer loop
      vertex -3.358246e+001 -2.030576e+001  4.533573e+001
      vertex -3.697489e+001 -2.030576e+001  4.601443e+001
      vertex -3.354420e+001 -2.030576e+001  4.595984e+001
    endloop
  endfacet
  facet normal  0.000000e+000  1.000000e+000  0.000000e+000
    outer loop
      vertex -3.354420e+001 -2.030576e+001  4.595984e+001
      vertex -3.697489e+001 -2.030576e+001  4.601443e+001
      vertex -3.700554e+001 -2.030576e+001  4.641010e+001
    endloop
  endfacet
  facet normal  -0.000000e+000  1.000000e+000  0.000000e+000
    outer loop
      vertex -3.354420e+001 -2.030576e+001  4.595984e+001
      vertex -3.700554e+001 -2.030576e+001  4.641010e+001
      vertex -3.357109e+001 -2.030576e+001  4.658453e+001
    endloop
  endfacet
  facet normal  0.000000e+000  1.000000e+000  0.000000e+000
    outer loop
      vertex -3.781269e+001 -2.030576e+001  4.411633e+001
      vertex -3.752242e+001 -2.030576e+001  4.442904e+001
      vertex -3.385210e+001 -2.030576e+001  4.411633e+001
    endloop
  endfacet
  facet normal  0.000000e+000  1.000000e+000  0.000000e+000
    outer loop
      vertex -3.385210e+001 -2.030576e+001  4.411633e+001
      vertex -3.752242e+001 -2.030576e+001  4.442904e+001
      vertex -3.728791e+001 -2.030576e+001  4.478547e+001
    endloop
  endfacet
  facet normal  0.000000e+000  1.000000e+000  0.000000e+000
    outer loop
      vertex -3.385210e+001 -2.030576e+001  4.411633e+001
      vertex -3.728791e+001 -2.030576e+001  4.478547e+001
      vertex -3.368546e+001 -2.030576e+001  4.471900e+001
    endloop
  endfacet
  facet normal  0.000000e+000  1.000000e+000  0.000000e+000
    outer loop
      vertex -3.368546e+001 -2.030576e+001  4.471900e+001
      vertex -3.728791e+001 -2.030576e+001  4.478547e+001
      vertex -3.711563e+001 -2.030576e+001  4.517579e+001
    endloop
  endfacet
  facet normal  -0.000000e+000  1.000000e+000  0.000000e+000
    outer loop
      vertex -3.368546e+001 -2.030576e+001  4.471900e+001
      vertex -3.711563e+001 -2.030576e+001  4.517579e+001
      vertex -3.358246e+001 -2.030576e+001  4.533573e+001
    endloop
  endfacet
  facet normal  0.000000e+000  7.134008e-002 -9.974520e-001
    outer loop
      vertex -4.986426e+001 -1.366940e+001  5.094059e+001
      vertex -4.786426e+001 -1.420489e+001  5.090229e+001
      vertex -4.986426e+001 -1.420489e+001  5.090229e+001
    endloop
  endfacet
  facet normal  0.000000e+000  2.125635e-001 -9.771473e-001
    outer loop
      vertex -4.986426e+001 -1.420489e+001  5.090229e+001
      vertex -4.786426e+001 -1.420489e+001  5.090229e+001
      vertex -4.786426e+001 -1.472948e+001  5.078817e+001
    endloop
  endfacet
  facet normal  0.000000e+000  2.125635e-001 -9.771473e-001
    outer loop
      vertex -4.986426e+001 -1.420489e+001  5.090229e+001
      vertex -4.786426e+001 -1.472948e+001  5.078817e+001
      vertex -4.986426e+001 -1.472948e+001  5.078817e+001
    endloop
  endfacet
  facet normal  0.000000e+000  3.494666e-001 -9.369488e-001
    outer loop
      vertex -4.986426e+001 -1.472948e+001  5.078817e+001
      vertex -4.786426e+001 -1.472948e+001  5.078817e+001
      vertex -4.786426e+001 -1.523249e+001  5.060056e+001
    endloop
  endfacet
  facet normal  0.000000e+000  3.494666e-001 -9.369488e-001
    outer loop
      vertex -4.986426e+001 -1.472948e+001  5.078817e+001
      vertex -4.786426e+001 -1.523249e+001  5.060056e+001
      vertex -4.986426e+001 -1.523249e+001  5.060056e+001
    endloop
  endfacet
  facet normal  0.000000e+000  4.792504e-001 -8.776783e-001
    outer loop
      vertex -4.986426e+001 -1.523249e+001  5.060056e+001
      vertex -4.786426e+001 -1.523249e+001  5.060056e+001
      vertex -4.786426e+001 -1.570368e+001  5.034327e+001
    endloop
  endfacet
  facet normal  0.000000e+000  4.792504e-001 -8.776783e-001
    outer loop
      vertex -4.986426e+001 -1.523249e+001  5.060056e+001
      vertex -4.786426e+001 -1.570368e+001  5.034327e+001
      vertex -4.986426e+001 -1.570368e+001  5.034327e+001
    endloop
  endfacet
  facet normal  0.000000e+000  5.992776e-001 -8.005413e-001
    outer loop
      vertex -4.986426e+001 -1.570368e+001  5.034327e+001
      vertex -4.786426e+001 -1.570368e+001  5.034327e+001
      vertex -4.786426e+001 -1.613346e+001  5.002154e+001
    endloop
  endfacet
  facet normal  0.000000e+000  5.992776e-001 -8.005413e-001
    outer loop
      vertex -4.986426e+001 -1.570368e+001  5.034327e+001
      vertex -4.786426e+001 -1.613346e+001  5.002154e+001
      vertex -4.986426e+001 -1.613346e+001  5.002154e+001
    endloop
  endfacet
  facet normal  0.000000e+000  7.071068e-001 -7.071068e-001
    outer loop
      vertex -4.986426e+001 -1.613346e+001  5.002154e+001
      vertex -4.786426e+001 -1.613346e+001  5.002154e+001
      vertex -4.786426e+001 -1.651307e+001  4.964192e+001
    endloop
  endfacet
  facet normal  0.000000e+000  7.071068e-001 -7.071068e-001
    outer loop
      vertex -4.986426e+001 -1.613346e+001  5.002154e+001
      vertex -4.786426e+001 -1.651307e+001  4.964192e+001
      vertex -4.986426e+001 -1.651307e+001  4.964192e+001
    endloop
  endfacet
  facet normal  0.000000e+000  8.005419e-001 -5.992767e-001
    outer loop
      vertex -4.986426e+001 -1.651307e+001  4.964192e+001
      vertex -4.786426e+001 -1.651307e+001  4.964192e+001
      vertex -4.786426e+001 -1.683480e+001  4.921214e+001
    endloop
  endfacet
  facet normal  0.000000e+000  8.005419e-001 -5.992767e-001
    outer loop
      vertex -4.986426e+001 -1.651307e+001  4.964192e+001
      vertex -4.786426e+001 -1.683480e+001  4.921214e+001
      vertex -4.986426e+001 -1.683480e+001  4.921214e+001
    endloop
  endfacet
  facet normal  0.000000e+000  8.776774e-001 -4.792518e-001
    outer loop
      vertex -4.986426e+001 -1.683480e+001  4.921214e+001
      vertex -4.786426e+001 -1.683480e+001  4.921214e+001
      vertex -4.786426e+001 -1.709209e+001  4.874096e+001
    endloop
  endfacet
  facet normal  0.000000e+000  8.776774e-001 -4.792518e-001
    outer loop
      vertex -4.986426e+001 -1.683480e+001  4.921214e+001
      vertex -4.786426e+001 -1.709209e+001  4.874096e+001
      vertex -4.986426e+001 -1.709209e+001  4.874096e+001
    endloop
  endfacet
  facet normal  0.000000e+000  9.369500e-001 -3.494635e-001
    outer loop
      vertex -4.986426e+001 -1.709209e+001  4.874096e+001
      vertex -4.786426e+001 -1.709209e+001  4.874096e+001
      vertex -4.786426e+001 -1.727971e+001  4.823795e+001
    endloop
  endfacet
  facet normal  0.000000e+000  9.369500e-001 -3.494635e-001
    outer loop
      vertex -4.986426e+001 -1.709209e+001  4.874096e+001
      vertex -4.786426e+001 -1.727971e+001  4.823795e+001
      vertex -4.986426e+001 -1.727971e+001  4.823795e+001
    endloop
  endfacet
  facet normal  0.000000e+000  9.771472e-001 -2.125639e-001
    outer loop
      vertex -4.986426e+001 -1.727971e+001  4.823795e+001
      vertex -4.786426e+001 -1.727971e+001  4.823795e+001
      vertex -4.786426e+001 -1.739382e+001  4.771336e+001
    endloop
  endfacet
  facet normal  0.000000e+000  9.771472e-001 -2.125639e-001
    outer loop
      vertex -4.986426e+001 -1.727971e+001  4.823795e+001
      vertex -4.786426e+001 -1.739382e+001  4.771336e+001
      vertex -4.986426e+001 -1.739382e+001  4.771336e+001
    endloop
  endfacet
  facet normal  0.000000e+000  9.974520e-001 -7.133996e-002
    outer loop
      vertex -4.986426e+001 -1.739382e+001  4.771336e+001
      vertex -4.786426e+001 -1.739382e+001  4.771336e+001
      vertex -4.786426e+001 -1.743212e+001  4.717786e+001
    endloop
  endfacet
  facet normal  0.000000e+000  9.974520e-001 -7.133996e-002
    outer loop
      vertex -4.986426e+001 -1.739382e+001  4.771336e+001
      vertex -4.786426e+001 -1.743212e+001  4.717786e+001
      vertex -4.986426e+001 -1.743212e+001  4.717786e+001
    endloop
  endfacet
  facet normal  0.000000e+000  7.134008e-002 -9.974520e-001
    outer loop
      vertex -4.786426e+001 -1.420489e+001  5.090229e+001
      vertex -4.986426e+001 -1.366940e+001  5.094059e+001
      vertex -4.786426e+001 -1.366940e+001  5.094059e+001
    endloop
  endfacet
  facet normal  -0.000000e+000 -7.134008e-002 -9.974520e-001
    outer loop
      vertex -4.786426e+001 -1.366940e+001  5.094059e+001
      vertex -4.986426e+001 -1.366940e+001  5.094059e+001
      vertex -4.986426e+001 -1.313391e+001  5.090229e+001
    endloop
  endfacet
  facet normal  0.000000e+000 -7.134008e-002 -9.974520e-001
    outer loop
      vertex -4.786426e+001 -1.366940e+001  5.094059e+001
      vertex -4.986426e+001 -1.313391e+001  5.090229e+001
      vertex -4.786426e+001 -1.313391e+001  5.090229e+001
    endloop
  endfacet
  facet normal  -0.000000e+000 -2.125635e-001 -9.771473e-001
    outer loop
      vertex -4.786426e+001 -1.313391e+001  5.090229e+001
      vertex -4.986426e+001 -1.313391e+001  5.090229e+001
      vertex -4.986426e+001 -1.260932e+001  5.078817e+001
    endloop
  endfacet
  facet normal  0.000000e+000 -2.125635e-001 -9.771473e-001
    outer loop
      vertex -4.786426e+001 -1.313391e+001  5.090229e+001
      vertex -4.986426e+001 -1.260932e+001  5.078817e+001
      vertex -4.786426e+001 -1.260932e+001  5.078817e+001
    endloop
  endfacet
  facet normal  -0.000000e+000 -3.494666e-001 -9.369488e-001
    outer loop
      vertex -4.786426e+001 -1.260932e+001  5.078817e+001
      vertex -4.986426e+001 -1.260932e+001  5.078817e+001
      vertex -4.986426e+001 -1.210631e+001  5.060056e+001
    endloop
  endfacet
  facet normal  0.000000e+000 -3.494666e-001 -9.369488e-001
    outer loop
      vertex -4.786426e+001 -1.260932e+001  5.078817e+001
      vertex -4.986426e+001 -1.210631e+001  5.060056e+001
      vertex -4.786426e+001 -1.210631e+001  5.060056e+001
    endloop
  endfacet
  facet normal  -0.000000e+000 -4.792504e-001 -8.776783e-001
    outer loop
      vertex -4.786426e+001 -1.210631e+001  5.060056e+001
      vertex -4.986426e+001 -1.210631e+001  5.060056e+001
      vertex -4.986426e+001 -1.163512e+001  5.034327e+001
    endloop
  endfacet
  facet normal  0.000000e+000 -4.792504e-001 -8.776783e-001
    outer loop
      vertex -4.786426e+001 -1.210631e+001  5.060056e+001
      vertex -4.986426e+001 -1.163512e+001  5.034327e+001
      vertex -4.786426e+001 -1.163512e+001  5.034327e+001
    endloop
  endfacet
  facet normal  -0.000000e+000 -5.992784e-001 -8.005407e-001
    outer loop
      vertex -4.786426e+001 -1.163512e+001  5.034327e+001
      vertex -4.986426e+001 -1.163512e+001  5.034327e+001
      vertex -4.986426e+001 -1.120534e+001  5.002154e+001
    endloop
  endfacet
  facet normal  0.000000e+000 -5.992784e-001 -8.005407e-001
    outer loop
      vertex -4.786426e+001 -1.163512e+001  5.034327e+001
      vertex -4.986426e+001 -1.120534e+001  5.002154e+001
      vertex -4.786426e+001 -1.120534e+001  5.002154e+001
    endloop
  endfacet
  facet normal  -0.000000e+000 -7.071059e-001 -7.071077e-001
    outer loop
      vertex -4.786426e+001 -1.120534e+001  5.002154e+001
      vertex -4.986426e+001 -1.120534e+001  5.002154e+001
      vertex -4.986426e+001 -1.082573e+001  4.964192e+001
    endloop
  endfacet
  facet normal  0.000000e+000 -7.071059e-001 -7.071077e-001
    outer loop
      vertex -4.786426e+001 -1.120534e+001  5.002154e+001
      vertex -4.986426e+001 -1.082573e+001  4.964192e+001
      vertex -4.786426e+001 -1.082573e+001  4.964192e+001
    endloop
  endfacet
  facet normal  -0.000000e+000 -8.005419e-001 -5.992767e-001
    outer loop
      vertex -4.786426e+001 -1.082573e+001  4.964192e+001
      vertex -4.986426e+001 -1.082573e+001  4.964192e+001
      vertex -4.986426e+001 -1.050400e+001  4.921214e+001
    endloop
  endfacet
  facet normal  0.000000e+000 -8.005419e-001 -5.992767e-001
    outer loop
      vertex -4.786426e+001 -1.082573e+001  4.964192e+001
      vertex -4.986426e+001 -1.050400e+001  4.921214e+001
      vertex -4.786426e+001 -1.050400e+001  4.921214e+001
    endloop
  endfacet
  facet normal  -0.000000e+000 -8.776782e-001 -4.792505e-001
    outer loop
      vertex -4.786426e+001 -1.050400e+001  4.921214e+001
      vertex -4.986426e+001 -1.050400e+001  4.921214e+001
      vertex -4.986426e+001 -1.024671e+001  4.874096e+001
    endloop
  endfacet
  facet normal  0.000000e+000 -8.776782e-001 -4.792505e-001
    outer loop
      vertex -4.786426e+001 -1.050400e+001  4.921214e+001
      vertex -4.986426e+001 -1.024671e+001  4.874096e+001
      vertex -4.786426e+001 -1.024671e+001  4.874096e+001
    endloop
  endfacet
  facet normal  -0.000000e+000 -9.369494e-001 -3.494650e-001
    outer loop
      vertex -4.786426e+001 -1.024671e+001  4.874096e+001
      vertex -4.986426e+001 -1.024671e+001  4.874096e+001
      vertex -4.986426e+001 -1.005910e+001  4.823795e+001
    endloop
  endfacet
  facet normal  0.000000e+000 -9.369494e-001 -3.494650e-001
    outer loop
      vertex -4.786426e+001 -1.024671e+001  4.874096e+001
      vertex -4.986426e+001 -1.005910e+001  4.823795e+001
      vertex -4.786426e+001 -1.005910e+001  4.823795e+001
    endloop
  endfacet
  facet normal  -0.000000e+000 -9.771472e-001 -2.125639e-001
    outer loop
      vertex -4.786426e+001 -1.005910e+001  4.823795e+001
      vertex -4.986426e+001 -1.005910e+001  4.823795e+001
      vertex -4.986426e+001 -9.944979e+000  4.771336e+001
    endloop
  endfacet
  facet normal  0.000000e+000 -9.771472e-001 -2.125639e-001
    outer loop
      vertex -4.786426e+001 -1.005910e+001  4.823795e+001
      vertex -4.986426e+001 -9.944979e+000  4.771336e+001
      vertex -4.786426e+001 -9.944979e+000  4.771336e+001
    endloop
  endfacet
  facet normal  -0.000000e+000 -9.974520e-001 -7.133996e-002
    outer loop
      vertex -4.786426e+001 -9.944979e+000  4.771336e+001
      vertex -4.986426e+001 -9.944979e+000  4.771336e+001
      vertex -4.986426e+001 -9.906679e+000  4.717786e+001
    endloop
  endfacet
  facet normal  0.000000e+000 -9.974520e-001 -7.133996e-002
    outer loop
      vertex -4.786426e+001 -9.944979e+000  4.771336e+001
      vertex -4.986426e+001 -9.906679e+000  4.717786e+001
      vertex -4.786426e+001 -9.906679e+000  4.717786e+001
    endloop
  endfacet
  facet normal  0.000000e+000  1.000000e+000  0.000000e+000
    outer loop
      vertex -4.786426e+001 -1.743212e+001  4.477626e+001
      vertex -4.986426e+001 -1.743212e+001  4.477626e+001
      vertex -4.786426e+001 -1.743212e+001  4.717786e+001
    endloop
  endfacet
  facet normal  0.000000e+000  1.000000e+000  0.000000e+000
    outer loop
      vertex -4.786426e+001 -1.743212e+001  4.717786e+001
      vertex -4.986426e+001 -1.743212e+001  4.477626e+001
      vertex -4.986426e+001 -1.743212e+001  4.717786e+001
    endloop
  endfacet
  facet normal  0.000000e+000 -1.000000e+000  0.000000e+000
    outer loop
      vertex -4.786426e+001 -9.906679e+000  4.717786e+001
      vertex -4.986426e+001 -9.906679e+000  4.717786e+001
      vertex -4.786426e+001 -9.906679e+000  4.477626e+001
    endloop
  endfacet
  facet normal  0.000000e+000 -1.000000e+000  0.000000e+000
    outer loop
      vertex -4.786426e+001 -9.906679e+000  4.477626e+001
      vertex -4.986426e+001 -9.906679e+000  4.717786e+001
      vertex -4.986426e+001 -9.906679e+000  4.477626e+001
    endloop
  endfacet
  facet normal -1.000000e+000  0.000000e+000  0.000000e+000
    outer loop
      vertex -5.186987e+001 -5.605759e+000  5.053140e+001
      vertex -5.186987e+001 -7.805759e+000  5.053140e+001
      vertex -5.186987e+001 -5.605759e+000  5.201443e+001
    endloop
  endfacet
  facet normal -1.000000e+000  -0.000000e+000  0.000000e+000
    outer loop
      vertex -5.186987e+001 -5.605759e+000  5.201443e+001
      vertex -5.186987e+001 -7.805759e+000  5.053140e+001
      vertex -5.186987e+001 -7.805759e+000  5.201443e+001
    endloop
  endfacet
  facet normal  8.887197e-001  4.488340e-001 -9.340968e-002
    outer loop
      vertex -5.479395e+001 -5.805759e+000  4.601443e+001
      vertex -5.383146e+001 -7.805759e+000  4.556180e+001
      vertex -5.483219e+001 -5.805759e+000  4.565059e+001
    endloop
  endfacet
  facet normal  8.919808e-001  4.459904e-001 -7.391077e-002
    outer loop
      vertex -5.479395e+001 -5.805759e+000  4.601443e+001
      vertex -5.379395e+001 -7.805759e+000  4.601443e+001
      vertex -5.383146e+001 -7.805759e+000  4.556180e+001
    endloop
  endfacet
  facet normal -8.919808e-001  4.459904e-001 -7.391077e-002
    outer loop
      vertex -5.829395e+001 -5.805759e+000  4.601443e+001
      vertex -5.925644e+001 -7.805759e+000  4.556180e+001
      vertex -5.929395e+001 -7.805759e+000  4.601443e+001
    endloop
  endfacet
  facet normal -8.887197e-001  4.488340e-001 -9.340968e-002
    outer loop
      vertex -5.829395e+001 -5.805759e+000  4.601443e+001
      vertex -5.825571e+001 -5.805759e+000  4.565059e+001
      vertex -5.925644e+001 -7.805759e+000  4.556180e+001
    endloop
  endfacet
  facet normal -8.684585e-001  4.443125e-001 -2.199231e-001
    outer loop
      vertex -5.825571e+001 -5.805759e+000  4.565059e+001
      vertex -5.914495e+001 -7.805759e+000  4.512151e+001
      vertex -5.925644e+001 -7.805759e+000  4.556180e+001
    endloop
  endfacet
  facet normal -8.206232e-001  4.438534e-001 -3.599606e-001
    outer loop
      vertex -5.814265e+001 -5.805759e+000  4.530265e+001
      vertex -5.896250e+001 -7.805759e+000  4.470558e+001
      vertex -5.914495e+001 -7.805759e+000  4.512151e+001
    endloop
  endfacet
  facet normal -8.490814e-001  4.505002e-001 -2.758809e-001
    outer loop
      vertex -5.814265e+001 -5.805759e+000  4.530265e+001
      vertex -5.914495e+001 -7.805759e+000  4.512151e+001
      vertex -5.825571e+001 -5.805759e+000  4.565059e+001
    endloop
  endfacet
  facet normal -7.498648e-001  4.446172e-001 -4.899166e-001
    outer loop
      vertex -5.795973e+001 -5.805759e+000  4.498581e+001
      vertex -5.871408e+001 -7.805759e+000  4.432535e+001
      vertex -5.896250e+001 -7.805759e+000  4.470558e+001
    endloop
  endfacet
  facet normal -7.732709e-001  4.502621e-001 -4.464484e-001
    outer loop
      vertex -5.795973e+001 -5.805759e+000  4.498581e+001
      vertex -5.896250e+001 -7.805759e+000  4.470558e+001
      vertex -5.814265e+001 -5.805759e+000  4.530265e+001
    endloop
  endfacet
  facet normal -5.499082e-001  4.454572e-001 -7.065188e-001
    outer loop
      vertex -5.771493e+001 -5.805759e+000  4.471393e+001
      vertex -5.804806e+001 -7.805759e+000  4.371223e+001
      vertex -5.840648e+001 -7.805759e+000  4.399120e+001
    endloop
  endfacet
  facet normal -6.650164e-001  4.463274e-001 -5.987862e-001
    outer loop
      vertex -5.771493e+001 -5.805759e+000  4.471393e+001
      vertex -5.840648e+001 -7.805759e+000  4.399120e+001
      vertex -5.795973e+001 -5.805759e+000  4.498581e+001
    endloop
  endfacet
  facet normal -6.577495e-001  4.480409e-001 -6.054956e-001
    outer loop
      vertex -5.795973e+001 -5.805759e+000  4.498581e+001
      vertex -5.840648e+001 -7.805759e+000  4.399120e+001
      vertex -5.871408e+001 -7.805759e+000  4.432535e+001
    endloop
  endfacet
  facet normal -4.264404e-001  4.440826e-001 -7.879969e-001
    outer loop
      vertex -5.741895e+001 -5.805759e+000  4.449889e+001
      vertex -5.764861e+001 -7.805759e+000  4.349606e+001
      vertex -5.804806e+001 -7.805759e+000  4.371223e+001
    endloop
  endfacet
  facet normal -5.250797e-001  4.494293e-001 -7.227065e-001
    outer loop
      vertex -5.741895e+001 -5.805759e+000  4.449889e+001
      vertex -5.804806e+001 -7.805759e+000  4.371223e+001
      vertex -5.771493e+001 -5.805759e+000  4.471393e+001
    endloop
  endfacet
  facet normal -2.909546e-001  4.439301e-001 -8.475089e-001
    outer loop
      vertex -5.708473e+001 -5.805759e+000  4.435009e+001
      vertex -5.721904e+001 -7.805759e+000  4.334858e+001
      vertex -5.764861e+001 -7.805759e+000  4.349606e+001
    endloop
  endfacet
  facet normal -3.630985e-001  4.506185e-001 -8.155381e-001
    outer loop
      vertex -5.708473e+001 -5.805759e+000  4.435009e+001
      vertex -5.764861e+001 -7.805759e+000  4.349606e+001
      vertex -5.741895e+001 -5.805759e+000  4.449889e+001
    endloop
  endfacet
  facet normal -1.473988e-001  4.449995e-001 -8.833171e-001
    outer loop
      vertex -5.672688e+001 -5.805759e+000  4.427402e+001
      vertex -5.677104e+001 -7.805759e+000  4.327383e+001
      vertex -5.721904e+001 -7.805759e+000  4.334858e+001
    endloop
  endfacet
  facet normal -1.856835e-001  4.499057e-001 -8.735597e-001
    outer loop
      vertex -5.672688e+001 -5.805759e+000  4.427402e+001
      vertex -5.721904e+001 -7.805759e+000  4.334858e+001
      vertex -5.708473e+001 -5.805759e+000  4.435009e+001
    endloop
  endfacet
  facet normal  1.473988e-001  4.449995e-001 -8.833171e-001
    outer loop
      vertex -5.636102e+001 -5.805759e+000  4.427402e+001
      vertex -5.586886e+001 -7.805759e+000  4.334858e+001
      vertex -5.631686e+001 -7.805759e+000  4.327383e+001
    endloop
  endfacet
  facet normal  0.000000e+000  4.472832e-001 -8.943924e-001
    outer loop
      vertex -5.636102e+001 -5.805759e+000  4.427402e+001
      vertex -5.631686e+001 -7.805759e+000  4.327383e+001
      vertex -5.672688e+001 -5.805759e+000  4.427402e+001
    endloop
  endfacet
  facet normal  0.000000e+000  4.472832e-001 -8.943925e-001
    outer loop
      vertex -5.672688e+001 -5.805759e+000  4.427402e+001
      vertex -5.631686e+001 -7.805759e+000  4.327383e+001
      vertex -5.677104e+001 -7.805759e+000  4.327383e+001
    endloop
  endfacet
  facet normal  2.909546e-001  4.439301e-001 -8.475089e-001
    outer loop
      vertex -5.600317e+001 -5.805759e+000  4.435009e+001
      vertex -5.543929e+001 -7.805759e+000  4.349606e+001
      vertex -5.586886e+001 -7.805759e+000  4.334858e+001
    endloop
  endfacet
  facet normal  1.856835e-001  4.499057e-001 -8.735597e-001
    outer loop
      vertex -5.600317e+001 -5.805759e+000  4.435009e+001
      vertex -5.586886e+001 -7.805759e+000  4.334858e+001
      vertex -5.636102e+001 -5.805759e+000  4.427402e+001
    endloop
  endfacet
  facet normal  4.264404e-001  4.440826e-001 -7.879969e-001
    outer loop
      vertex -5.566895e+001 -5.805759e+000  4.449889e+001
      vertex -5.503984e+001 -7.805759e+000  4.371223e+001
      vertex -5.543929e+001 -7.805759e+000  4.349606e+001
    endloop
  endfacet
  facet normal  3.630985e-001  4.506185e-001 -8.155381e-001
    outer loop
      vertex -5.566895e+001 -5.805759e+000  4.449889e+001
      vertex -5.543929e+001 -7.805759e+000  4.349606e+001
      vertex -5.600317e+001 -5.805759e+000  4.435009e+001
    endloop
  endfacet
  facet normal  5.499082e-001  4.454572e-001 -7.065188e-001
    outer loop
      vertex -5.537297e+001 -5.805759e+000  4.471393e+001
      vertex -5.468142e+001 -7.805759e+000  4.399120e+001
      vertex -5.503984e+001 -7.805759e+000  4.371223e+001
    endloop
  endfacet
  facet normal  5.250797e-001  4.494293e-001 -7.227065e-001
    outer loop
      vertex -5.537297e+001 -5.805759e+000  4.471393e+001
      vertex -5.503984e+001 -7.805759e+000  4.371223e+001
      vertex -5.566895e+001 -5.805759e+000  4.449889e+001
    endloop
  endfacet
  facet normal  7.498648e-001  4.446172e-001 -4.899166e-001
    outer loop
      vertex -5.512817e+001 -5.805759e+000  4.498581e+001
      vertex -5.412540e+001 -7.805759e+000  4.470558e+001
      vertex -5.437381e+001 -7.805759e+000  4.432535e+001
    endloop
  endfacet
  facet normal  6.643512e-001  4.481175e-001 -5.981873e-001
    outer loop
      vertex -5.512817e+001 -5.805759e+000  4.498581e+001
      vertex -5.437381e+001 -7.805759e+000  4.432535e+001
      vertex -5.537297e+001 -5.805759e+000  4.471393e+001
    endloop
  endfacet
  facet normal  6.582800e-001  4.465992e-001 -6.059840e-001
    outer loop
      vertex -5.537297e+001 -5.805759e+000  4.471393e+001
      vertex -5.437381e+001 -7.805759e+000  4.432535e+001
      vertex -5.468142e+001 -7.805759e+000  4.399120e+001
    endloop
  endfacet
  facet normal  8.206232e-001  4.438534e-001 -3.599606e-001
    outer loop
      vertex -5.494524e+001 -5.805759e+000  4.530265e+001
      vertex -5.394295e+001 -7.805759e+000  4.512151e+001
      vertex -5.412540e+001 -7.805759e+000  4.470558e+001
    endloop
  endfacet
  facet normal  7.732709e-001  4.502621e-001 -4.464484e-001
    outer loop
      vertex -5.494524e+001 -5.805759e+000  4.530265e+001
      vertex -5.412540e+001 -7.805759e+000  4.470558e+001
      vertex -5.512817e+001 -5.805759e+000  4.498581e+001
    endloop
  endfacet
  facet normal  8.684585e-001  4.443125e-001 -2.199231e-001
    outer loop
      vertex -5.483219e+001 -5.805759e+000  4.565059e+001
      vertex -5.383146e+001 -7.805759e+000  4.556180e+001
      vertex -5.394295e+001 -7.805759e+000  4.512151e+001
    endloop
  endfacet
  facet normal  8.490814e-001  4.505002e-001 -2.758809e-001
    outer loop
      vertex -5.483219e+001 -5.805759e+000  4.565059e+001
      vertex -5.394295e+001 -7.805759e+000  4.512151e+001
      vertex -5.494524e+001 -5.805759e+000  4.530265e+001
    endloop
  endfacet
  facet normal -8.887197e-001  4.488340e-001  9.340968e-002
    outer loop
      vertex -5.829395e+001 -5.805759e+000  4.601443e+001
      vertex -5.925644e+001 -7.805759e+000  4.646707e+001
      vertex -5.825571e+001 -5.805759e+000  4.637828e+001
    endloop
  endfacet
  facet normal -8.919808e-001  4.459904e-001  7.391077e-002
    outer loop
      vertex -5.829395e+001 -5.805759e+000  4.601443e+001
      vertex -5.929395e+001 -7.805759e+000  4.601443e+001
      vertex -5.925644e+001 -7.805759e+000  4.646707e+001
    endloop
  endfacet
  facet normal  8.919808e-001  4.459904e-001  7.391077e-002
    outer loop
      vertex -5.479395e+001 -5.805759e+000  4.601443e+001
      vertex -5.383146e+001 -7.805759e+000  4.646707e+001
      vertex -5.379395e+001 -7.805759e+000  4.601443e+001
    endloop
  endfacet
  facet normal  8.887197e-001  4.488340e-001  9.340968e-002
    outer loop
      vertex -5.479395e+001 -5.805759e+000  4.601443e+001
      vertex -5.483219e+001 -5.805759e+000  4.637828e+001
      vertex -5.383146e+001 -7.805759e+000  4.646707e+001
    endloop
  endfacet
  facet normal  8.684585e-001  4.443125e-001  2.199231e-001
    outer loop
      vertex -5.483219e+001 -5.805759e+000  4.637828e+001
      vertex -5.394295e+001 -7.805759e+000  4.690736e+001
      vertex -5.383146e+001 -7.805759e+000  4.646707e+001
    endloop
  endfacet
  facet normal  8.206232e-001  4.438534e-001  3.599606e-001
    outer loop
      vertex -5.494524e+001 -5.805759e+000  4.672622e+001
      vertex -5.412540e+001 -7.805759e+000  4.732329e+001
      vertex -5.394295e+001 -7.805759e+000  4.690736e+001
    endloop
  endfacet
  facet normal  8.490814e-001  4.505002e-001  2.758809e-001
    outer loop
      vertex -5.494524e+001 -5.805759e+000  4.672622e+001
      vertex -5.394295e+001 -7.805759e+000  4.690736e+001
      vertex -5.483219e+001 -5.805759e+000  4.637828e+001
    endloop
  endfacet
  facet normal  7.498648e-001  4.446172e-001  4.899166e-001
    outer loop
      vertex -5.512817e+001 -5.805759e+000  4.704306e+001
      vertex -5.437381e+001 -7.805759e+000  4.770352e+001
      vertex -5.412540e+001 -7.805759e+000  4.732329e+001
    endloop
  endfacet
  facet normal  7.732709e-001  4.502621e-001  4.464484e-001
    outer loop
      vertex -5.512817e+001 -5.805759e+000  4.704306e+001
      vertex -5.412540e+001 -7.805759e+000  4.732329e+001
      vertex -5.494524e+001 -5.805759e+000  4.672622e+001
    endloop
  endfacet
  facet normal  5.499082e-001  4.454572e-001  7.065188e-001
    outer loop
      vertex -5.537297e+001 -5.805759e+000  4.731494e+001
      vertex -5.503984e+001 -7.805759e+000  4.831664e+001
      vertex -5.468142e+001 -7.805759e+000  4.803767e+001
    endloop
  endfacet
  facet normal  6.650164e-001  4.463274e-001  5.987862e-001
    outer loop
      vertex -5.537297e+001 -5.805759e+000  4.731494e+001
      vertex -5.468142e+001 -7.805759e+000  4.803767e+001
      vertex -5.512817e+001 -5.805759e+000  4.704306e+001
    endloop
  endfacet
  facet normal  6.577495e-001  4.480409e-001  6.054956e-001
    outer loop
      vertex -5.512817e+001 -5.805759e+000  4.704306e+001
      vertex -5.468142e+001 -7.805759e+000  4.803767e+001
      vertex -5.437381e+001 -7.805759e+000  4.770352e+001
    endloop
  endfacet
  facet normal  4.264404e-001  4.440826e-001  7.879969e-001
    outer loop
      vertex -5.566895e+001 -5.805759e+000  4.752998e+001
      vertex -5.543929e+001 -7.805759e+000  4.853281e+001
      vertex -5.503984e+001 -7.805759e+000  4.831664e+001
    endloop
  endfacet
  facet normal  5.250797e-001  4.494293e-001  7.227065e-001
    outer loop
      vertex -5.566895e+001 -5.805759e+000  4.752998e+001
      vertex -5.503984e+001 -7.805759e+000  4.831664e+001
      vertex -5.537297e+001 -5.805759e+000  4.731494e+001
    endloop
  endfacet
  facet normal  2.909546e-001  4.439301e-001  8.475089e-001
    outer loop
      vertex -5.600317e+001 -5.805759e+000  4.767878e+001
      vertex -5.586886e+001 -7.805759e+000  4.868029e+001
      vertex -5.543929e+001 -7.805759e+000  4.853281e+001
    endloop
  endfacet
  facet normal  3.630985e-001  4.506185e-001  8.155381e-001
    outer loop
      vertex -5.600317e+001 -5.805759e+000  4.767878e+001
      vertex -5.543929e+001 -7.805759e+000  4.853281e+001
      vertex -5.566895e+001 -5.805759e+000  4.752998e+001
    endloop
  endfacet
  facet normal  1.473988e-001  4.449995e-001  8.833171e-001
    outer loop
      vertex -5.636102e+001 -5.805759e+000  4.775485e+001
      vertex -5.631686e+001 -7.805759e+000  4.875504e+001
      vertex -5.586886e+001 -7.805759e+000  4.868029e+001
    endloop
  endfacet
  facet normal  1.856835e-001  4.499057e-001  8.735597e-001
    outer loop
      vertex -5.636102e+001 -5.805759e+000  4.775485e+001
      vertex -5.586886e+001 -7.805759e+000  4.868029e+001
      vertex -5.600317e+001 -5.805759e+000  4.767878e+001
    endloop
  endfacet
  facet normal -1.473988e-001  4.449995e-001  8.833171e-001
    outer loop
      vertex -5.672688e+001 -5.805759e+000  4.775485e+001
      vertex -5.721904e+001 -7.805759e+000  4.868029e+001
      vertex -5.677104e+001 -7.805759e+000  4.875504e+001
    endloop
  endfacet
  facet normal  0.000000e+000  4.472832e-001  8.943924e-001
    outer loop
      vertex -5.672688e+001 -5.805759e+000  4.775485e+001
      vertex -5.677104e+001 -7.805759e+000  4.875504e+001
      vertex -5.636102e+001 -5.805759e+000  4.775485e+001
    endloop
  endfacet
  facet normal  -0.000000e+000  4.472832e-001  8.943925e-001
    outer loop
      vertex -5.636102e+001 -5.805759e+000  4.775485e+001
      vertex -5.677104e+001 -7.805759e+000  4.875504e+001
      vertex -5.631686e+001 -7.805759e+000  4.875504e+001
    endloop
  endfacet
  facet normal -2.909546e-001  4.439301e-001  8.475089e-001
    outer loop
      vertex -5.708473e+001 -5.805759e+000  4.767878e+001
      vertex -5.764861e+001 -7.805759e+000  4.853281e+001
      vertex -5.721904e+001 -7.805759e+000  4.868029e+001
    endloop
  endfacet
  facet normal -1.856835e-001  4.499057e-001  8.735597e-001
    outer loop
      vertex -5.708473e+001 -5.805759e+000  4.767878e+001
      vertex -5.721904e+001 -7.805759e+000  4.868029e+001
      vertex -5.672688e+001 -5.805759e+000  4.775485e+001
    endloop
  endfacet
  facet normal -4.264404e-001  4.440826e-001  7.879969e-001
    outer loop
      vertex -5.741895e+001 -5.805759e+000  4.752998e+001
      vertex -5.804806e+001 -7.805759e+000  4.831664e+001
      vertex -5.764861e+001 -7.805759e+000  4.853281e+001
    endloop
  endfacet
  facet normal -3.630985e-001  4.506185e-001  8.155381e-001
    outer loop
      vertex -5.741895e+001 -5.805759e+000  4.752998e+001
      vertex -5.764861e+001 -7.805759e+000  4.853281e+001
      vertex -5.708473e+001 -5.805759e+000  4.767878e+001
    endloop
  endfacet
  facet normal -5.499082e-001  4.454572e-001  7.065188e-001
    outer loop
      vertex -5.771493e+001 -5.805759e+000  4.731494e+001
      vertex -5.840648e+001 -7.805759e+000  4.803767e+001
      vertex -5.804806e+001 -7.805759e+000  4.831664e+001
    endloop
  endfacet
  facet normal -5.250797e-001  4.494293e-001  7.227065e-001
    outer loop
      vertex -5.771493e+001 -5.805759e+000  4.731494e+001
      vertex -5.804806e+001 -7.805759e+000  4.831664e+001
      vertex -5.741895e+001 -5.805759e+000  4.752998e+001
    endloop
  endfacet
  facet normal -7.498648e-001  4.446172e-001  4.899166e-001
    outer loop
      vertex -5.795973e+001 -5.805759e+000  4.704306e+001
      vertex -5.896250e+001 -7.805759e+000  4.732329e+001
      vertex -5.871408e+001 -7.805759e+000  4.770352e+001
    endloop
  endfacet
  facet normal -6.643512e-001  4.481175e-001  5.981873e-001
    outer loop
      vertex -5.795973e+001 -5.805759e+000  4.704306e+001
      vertex -5.871408e+001 -7.805759e+000  4.770352e+001
      vertex -5.771493e+001 -5.805759e+000  4.731494e+001
    endloop
  endfacet
  facet normal -6.582800e-001  4.465992e-001  6.059840e-001
    outer loop
      vertex -5.771493e+001 -5.805759e+000  4.731494e+001
      vertex -5.871408e+001 -7.805759e+000  4.770352e+001
      vertex -5.840648e+001 -7.805759e+000  4.803767e+001
    endloop
  endfacet
  facet normal -8.206232e-001  4.438534e-001  3.599606e-001
    outer loop
      vertex -5.814265e+001 -5.805759e+000  4.672622e+001
      vertex -5.914495e+001 -7.805759e+000  4.690736e+001
      vertex -5.896250e+001 -7.805759e+000  4.732329e+001
    endloop
  endfacet
  facet normal -7.732709e-001  4.502621e-001  4.464484e-001
    outer loop
      vertex -5.814265e+001 -5.805759e+000  4.672622e+001
      vertex -5.896250e+001 -7.805759e+000  4.732329e+001
      vertex -5.795973e+001 -5.805759e+000  4.704306e+001
    endloop
  endfacet
  facet normal -8.684585e-001  4.443125e-001  2.199231e-001
    outer loop
      vertex -5.825571e+001 -5.805759e+000  4.637828e+001
      vertex -5.925644e+001 -7.805759e+000  4.646707e+001
      vertex -5.914495e+001 -7.805759e+000  4.690736e+001
    endloop
  endfacet
  facet normal -8.490814e-001  4.505002e-001  2.758809e-001
    outer loop
      vertex -5.825571e+001 -5.805759e+000  4.637828e+001
      vertex -5.914495e+001 -7.805759e+000  4.690736e+001
      vertex -5.814265e+001 -5.805759e+000  4.672622e+001
    endloop
  endfacet
  facet normal  0.000000e+000  1.000000e+000  0.000000e+000
    outer loop
      vertex -5.672688e+001 -5.805759e+000  4.775485e+001
      vertex -5.636102e+001 -5.805759e+000  4.775485e+001
      vertex -5.708473e+001 -5.805759e+000  4.767878e+001
    endloop
  endfacet
  facet normal  0.000000e+000  1.000000e+000  0.000000e+000
    outer loop
      vertex -5.708473e+001 -5.805759e+000  4.767878e+001
      vertex -5.636102e+001 -5.805759e+000  4.775485e+001
      vertex -5.600317e+001 -5.805759e+000  4.767878e+001
    endloop
  endfacet
  facet normal  0.000000e+000  1.000000e+000  0.000000e+000
    outer loop
      vertex -5.708473e+001 -5.805759e+000  4.767878e+001
      vertex -5.600317e+001 -5.805759e+000  4.767878e+001
      vertex -5.741895e+001 -5.805759e+000  4.752998e+001
    endloop
  endfacet
  facet normal  0.000000e+000  1.000000e+000  0.000000e+000
    outer loop
      vertex -5.741895e+001 -5.805759e+000  4.752998e+001
      vertex -5.600317e+001 -5.805759e+000  4.767878e+001
      vertex -5.566895e+001 -5.805759e+000  4.752998e+001
    endloop
  endfacet
  facet normal  0.000000e+000  1.000000e+000  0.000000e+000
    outer loop
      vertex -5.741895e+001 -5.805759e+000  4.752998e+001
      vertex -5.566895e+001 -5.805759e+000  4.752998e+001
      vertex -5.771493e+001 -5.805759e+000  4.731494e+001
    endloop
  endfacet
  facet normal  0.000000e+000  1.000000e+000  0.000000e+000
    outer loop
      vertex -5.771493e+001 -5.805759e+000  4.731494e+001
      vertex -5.566895e+001 -5.805759e+000  4.752998e+001
      vertex -5.537297e+001 -5.805759e+000  4.731494e+001
    endloop
  endfacet
  facet normal  0.000000e+000  1.000000e+000  0.000000e+000
    outer loop
      vertex -5.771493e+001 -5.805759e+000  4.731494e+001
      vertex -5.537297e+001 -5.805759e+000  4.731494e+001
      vertex -5.795973e+001 -5.805759e+000  4.704306e+001
    endloop
  endfacet
  facet normal  0.000000e+000  1.000000e+000  0.000000e+000
    outer loop
      vertex -5.795973e+001 -5.805759e+000  4.704306e+001
      vertex -5.537297e+001 -5.805759e+000  4.731494e+001
      vertex -5.512817e+001 -5.805759e+000  4.704306e+001
    endloop
  endfacet
  facet normal  0.000000e+000  1.000000e+000  0.000000e+000
    outer loop
      vertex -5.795973e+001 -5.805759e+000  4.704306e+001
      vertex -5.512817e+001 -5.805759e+000  4.704306e+001
      vertex -5.814265e+001 -5.805759e+000  4.672622e+001
    endloop
  endfacet
  facet normal  0.000000e+000  1.000000e+000  0.000000e+000
    outer loop
      vertex -5.814265e+001 -5.805759e+000  4.672622e+001
      vertex -5.512817e+001 -5.805759e+000  4.704306e+001
      vertex -5.494524e+001 -5.805759e+000  4.672622e+001
    endloop
  endfacet
  facet normal  0.000000e+000  9.999999e-001  0.000000e+000
    outer loop
      vertex -5.814265e+001 -5.805759e+000  4.672622e+001
      vertex -5.494524e+001 -5.805759e+000  4.672622e+001
      vertex -5.825571e+001 -5.805759e+000  4.637828e+001
    endloop
  endfacet
  facet normal  0.000000e+000  1.000000e+000  0.000000e+000
    outer loop
      vertex -5.825571e+001 -5.805759e+000  4.637828e+001
      vertex -5.494524e+001 -5.805759e+000  4.672622e+001
      vertex -5.483219e+001 -5.805759e+000  4.637828e+001
    endloop
  endfacet
  facet normal  0.000000e+000  1.000000e+000  0.000000e+000
    outer loop
      vertex -5.825571e+001 -5.805759e+000  4.637828e+001
      vertex -5.483219e+001 -5.805759e+000  4.637828e+001
      vertex -5.829395e+001 -5.805759e+000  4.601443e+001
    endloop
  endfacet
  facet normal  0.000000e+000  1.000000e+000  0.000000e+000
    outer loop
      vertex -5.829395e+001 -5.805759e+000  4.601443e+001
      vertex -5.483219e+001 -5.805759e+000  4.637828e+001
      vertex -5.479395e+001 -5.805759e+000  4.601443e+001
    endloop
  endfacet
  facet normal  0.000000e+000  1.000000e+000  0.000000e+000
    outer loop
      vertex -5.829395e+001 -5.805759e+000  4.601443e+001
      vertex -5.479395e+001 -5.805759e+000  4.601443e+001
      vertex -5.825571e+001 -5.805759e+000  4.565059e+001
    endloop
  endfacet
  facet normal  0.000000e+000  1.000000e+000  0.000000e+000
    outer loop
      vertex -5.825571e+001 -5.805759e+000  4.565059e+001
      vertex -5.479395e+001 -5.805759e+000  4.601443e+001
      vertex -5.483219e+001 -5.805759e+000  4.565059e+001
    endloop
  endfacet
  facet normal  0.000000e+000  1.000000e+000  0.000000e+000
    outer loop
      vertex -5.825571e+001 -5.805759e+000  4.565059e+001
      vertex -5.483219e+001 -5.805759e+000  4.565059e+001
      vertex -5.814265e+001 -5.805759e+000  4.530265e+001
    endloop
  endfacet
  facet normal  0.000000e+000  9.999999e-001  0.000000e+000
    outer loop
      vertex -5.814265e+001 -5.805759e+000  4.530265e+001
      vertex -5.483219e+001 -5.805759e+000  4.565059e+001
      vertex -5.494524e+001 -5.805759e+000  4.530265e+001
    endloop
  endfacet
  facet normal  0.000000e+000  1.000000e+000  0.000000e+000
    outer loop
      vertex -5.814265e+001 -5.805759e+000  4.530265e+001
      vertex -5.494524e+001 -5.805759e+000  4.530265e+001
      vertex -5.795973e+001 -5.805759e+000  4.498581e+001
    endloop
  endfacet
  facet normal  0.000000e+000  1.000000e+000  0.000000e+000
    outer loop
      vertex -5.795973e+001 -5.805759e+000  4.498581e+001
      vertex -5.494524e+001 -5.805759e+000  4.530265e+001
      vertex -5.512817e+001 -5.805759e+000  4.498581e+001
    endloop
  endfacet
  facet normal  0.000000e+000  1.000000e+000  0.000000e+000
    outer loop
      vertex -5.795973e+001 -5.805759e+000  4.498581e+001
      vertex -5.512817e+001 -5.805759e+000  4.498581e+001
      vertex -5.771493e+001 -5.805759e+000  4.471393e+001
    endloop
  endfacet
  facet normal  0.000000e+000  1.000000e+000  0.000000e+000
    outer loop
      vertex -5.771493e+001 -5.805759e+000  4.471393e+001
      vertex -5.512817e+001 -5.805759e+000  4.498581e+001
      vertex -5.537297e+001 -5.805759e+000  4.471393e+001
    endloop
  endfacet
  facet normal  0.000000e+000  1.000000e+000  0.000000e+000
    outer loop
      vertex -5.771493e+001 -5.805759e+000  4.471393e+001
      vertex -5.537297e+001 -5.805759e+000  4.471393e+001
      vertex -5.741895e+001 -5.805759e+000  4.449889e+001
    endloop
  endfacet
  facet normal  0.000000e+000  1.000000e+000  0.000000e+000
    outer loop
      vertex -5.741895e+001 -5.805759e+000  4.449889e+001
      vertex -5.537297e+001 -5.805759e+000  4.471393e+001
      vertex -5.566895e+001 -5.805759e+000  4.449889e+001
    endloop
  endfacet
  facet normal  0.000000e+000  1.000000e+000  0.000000e+000
    outer loop
      vertex -5.741895e+001 -5.805759e+000  4.449889e+001
      vertex -5.566895e+001 -5.805759e+000  4.449889e+001
      vertex -5.708473e+001 -5.805759e+000  4.435009e+001
    endloop
  endfacet
  facet normal  0.000000e+000  1.000000e+000  0.000000e+000
    outer loop
      vertex -5.708473e+001 -5.805759e+000  4.435009e+001
      vertex -5.566895e+001 -5.805759e+000  4.449889e+001
      vertex -5.600317e+001 -5.805759e+000  4.435009e+001
    endloop
  endfacet
  facet normal  0.000000e+000  1.000000e+000  0.000000e+000
    outer loop
      vertex -5.708473e+001 -5.805759e+000  4.435009e+001
      vertex -5.600317e+001 -5.805759e+000  4.435009e+001
      vertex -5.672688e+001 -5.805759e+000  4.427402e+001
    endloop
  endfacet
  facet normal  0.000000e+000  1.000000e+000  0.000000e+000
    outer loop
      vertex -5.672688e+001 -5.805759e+000  4.427402e+001
      vertex -5.600317e+001 -5.805759e+000  4.435009e+001
      vertex -5.636102e+001 -5.805759e+000  4.427402e+001
    endloop
  endfacet
  facet normal  0.000000e+000 -1.000000e+000  0.000000e+000
    outer loop
      vertex -5.636102e+001 -2.140576e+001  4.775485e+001
      vertex -5.672688e+001 -2.140576e+001  4.775485e+001
      vertex -5.600317e+001 -2.140576e+001  4.767878e+001
    endloop
  endfacet
  facet normal  0.000000e+000 -1.000000e+000  0.000000e+000
    outer loop
      vertex -5.600317e+001 -2.140576e+001  4.767878e+001
      vertex -5.672688e+001 -2.140576e+001  4.775485e+001
      vertex -5.708473e+001 -2.140576e+001  4.767878e+001
    endloop
  endfacet
  facet normal  0.000000e+000 -1.000000e+000  0.000000e+000
    outer loop
      vertex -5.600317e+001 -2.140576e+001  4.767878e+001
      vertex -5.708473e+001 -2.140576e+001  4.767878e+001
      vertex -5.566895e+001 -2.140576e+001  4.752998e+001
    endloop
  endfacet
  facet normal  0.000000e+000 -1.000000e+000  0.000000e+000
    outer loop
      vertex -5.566895e+001 -2.140576e+001  4.752998e+001
      vertex -5.708473e+001 -2.140576e+001  4.767878e+001
      vertex -5.741895e+001 -2.140576e+001  4.752998e+001
    endloop
  endfacet
  facet normal  0.000000e+000 -1.000000e+000  0.000000e+000
    outer loop
      vertex -5.566895e+001 -2.140576e+001  4.752998e+001
      vertex -5.741895e+001 -2.140576e+001  4.752998e+001
      vertex -5.537297e+001 -2.140576e+001  4.731494e+001
    endloop
  endfacet
  facet normal  0.000000e+000 -1.000000e+000  0.000000e+000
    outer loop
      vertex -5.537297e+001 -2.140576e+001  4.731494e+001
      vertex -5.741895e+001 -2.140576e+001  4.752998e+001
      vertex -5.771493e+001 -2.140576e+001  4.731494e+001
    endloop
  endfacet
  facet normal  0.000000e+000 -1.000000e+000  0.000000e+000
    outer loop
      vertex -5.537297e+001 -2.140576e+001  4.731494e+001
      vertex -5.771493e+001 -2.140576e+001  4.731494e+001
      vertex -5.512817e+001 -2.140576e+001  4.704306e+001
    endloop
  endfacet
  facet normal  0.000000e+000 -1.000000e+000  0.000000e+000
    outer loop
      vertex -5.512817e+001 -2.140576e+001  4.704306e+001
      vertex -5.771493e+001 -2.140576e+001  4.731494e+001
      vertex -5.795973e+001 -2.140576e+001  4.704306e+001
    endloop
  endfacet
  facet normal  0.000000e+000 -1.000000e+000  0.000000e+000
    outer loop
      vertex -5.512817e+001 -2.140576e+001  4.704306e+001
      vertex -5.795973e+001 -2.140576e+001  4.704306e+001
      vertex -5.494524e+001 -2.140576e+001  4.672622e+001
    endloop
  endfacet
  facet normal  0.000000e+000 -1.000000e+000  0.000000e+000
    outer loop
      vertex -5.494524e+001 -2.140576e+001  4.672622e+001
      vertex -5.795973e+001 -2.140576e+001  4.704306e+001
      vertex -5.814265e+001 -2.140576e+001  4.672622e+001
    endloop
  endfacet
  facet normal  0.000000e+000 -9.999999e-001  0.000000e+000
    outer loop
      vertex -5.494524e+001 -2.140576e+001  4.672622e+001
      vertex -5.814265e+001 -2.140576e+001  4.672622e+001
      vertex -5.483219e+001 -2.140576e+001  4.637828e+001
    endloop
  endfacet
  facet normal  0.000000e+000 -1.000000e+000  0.000000e+000
    outer loop
      vertex -5.483219e+001 -2.140576e+001  4.637828e+001
      vertex -5.814265e+001 -2.140576e+001  4.672622e+001
      vertex -5.825571e+001 -2.140576e+001  4.637828e+001
    endloop
  endfacet
  facet normal  0.000000e+000 -1.000000e+000  0.000000e+000
    outer loop
      vertex -5.483219e+001 -2.140576e+001  4.637828e+001
      vertex -5.825571e+001 -2.140576e+001  4.637828e+001
      vertex -5.479395e+001 -2.140576e+001  4.601443e+001
    endloop
  endfacet
  facet normal  0.000000e+000 -1.000000e+000  0.000000e+000
    outer loop
      vertex -5.479395e+001 -2.140576e+001  4.601443e+001
      vertex -5.825571e+001 -2.140576e+001  4.637828e+001
      vertex -5.829395e+001 -2.140576e+001  4.601443e+001
    endloop
  endfacet
  facet normal  0.000000e+000 -1.000000e+000  0.000000e+000
    outer loop
      vertex -5.479395e+001 -2.140576e+001  4.601443e+001
      vertex -5.829395e+001 -2.140576e+001  4.601443e+001
      vertex -5.483219e+001 -2.140576e+001  4.565059e+001
    endloop
  endfacet
  facet normal  0.000000e+000 -1.000000e+000  0.000000e+000
    outer loop
      vertex -5.483219e+001 -2.140576e+001  4.565059e+001
      vertex -5.829395e+001 -2.140576e+001  4.601443e+001
      vertex -5.825571e+001 -2.140576e+001  4.565059e+001
    endloop
  endfacet
  facet normal  0.000000e+000 -1.000000e+000  0.000000e+000
    outer loop
      vertex -5.483219e+001 -2.140576e+001  4.565059e+001
      vertex -5.825571e+001 -2.140576e+001  4.565059e+001
      vertex -5.494524e+001 -2.140576e+001  4.530265e+001
    endloop
  endfacet
  facet normal  0.000000e+000 -9.999999e-001  0.000000e+000
    outer loop
      vertex -5.494524e+001 -2.140576e+001  4.530265e+001
      vertex -5.825571e+001 -2.140576e+001  4.565059e+001
      vertex -5.814265e+001 -2.140576e+001  4.530265e+001
    endloop
  endfacet
  facet normal  0.000000e+000 -1.000000e+000  0.000000e+000
    outer loop
      vertex -5.494524e+001 -2.140576e+001  4.530265e+001
      vertex -5.814265e+001 -2.140576e+001  4.530265e+001
      vertex -5.512817e+001 -2.140576e+001  4.498581e+001
    endloop
  endfacet
  facet normal  0.000000e+000 -1.000000e+000  0.000000e+000
    outer loop
      vertex -5.512817e+001 -2.140576e+001  4.498581e+001
      vertex -5.814265e+001 -2.140576e+001  4.530265e+001
      vertex -5.795973e+001 -2.140576e+001  4.498581e+001
    endloop
  endfacet
  facet normal  0.000000e+000 -1.000000e+000  0.000000e+000
    outer loop
      vertex -5.512817e+001 -2.140576e+001  4.498581e+001
      vertex -5.795973e+001 -2.140576e+001  4.498581e+001
      vertex -5.537297e+001 -2.140576e+001  4.471393e+001
    endloop
  endfacet
  facet normal  0.000000e+000 -1.000000e+000  0.000000e+000
    outer loop
      vertex -5.537297e+001 -2.140576e+001  4.471393e+001
      vertex -5.795973e+001 -2.140576e+001  4.498581e+001
      vertex -5.771493e+001 -2.140576e+001  4.471393e+001
    endloop
  endfacet
  facet normal  0.000000e+000 -1.000000e+000  0.000000e+000
    outer loop
      vertex -5.537297e+001 -2.140576e+001  4.471393e+001
      vertex -5.771493e+001 -2.140576e+001  4.471393e+001
      vertex -5.566895e+001 -2.140576e+001  4.449889e+001
    endloop
  endfacet
  facet normal  0.000000e+000 -1.000000e+000  0.000000e+000
    outer loop
      vertex -5.566895e+001 -2.140576e+001  4.449889e+001
      vertex -5.771493e+001 -2.140576e+001  4.471393e+001
      vertex -5.741895e+001 -2.140576e+001  4.449889e+001
    endloop
  endfacet
  facet normal  0.000000e+000 -1.000000e+000  0.000000e+000
    outer loop
      vertex -5.566895e+001 -2.140576e+001  4.449889e+001
      vertex -5.741895e+001 -2.140576e+001  4.449889e+001
      vertex -5.600317e+001 -2.140576e+001  4.435009e+001
    endloop
  endfacet
  facet normal  0.000000e+000 -1.000000e+000  0.000000e+000
    outer loop
      vertex -5.600317e+001 -2.140576e+001  4.435009e+001
      vertex -5.741895e+001 -2.140576e+001  4.449889e+001
      vertex -5.708473e+001 -2.140576e+001  4.435009e+001
    endloop
  endfacet
  facet normal  0.000000e+000 -1.000000e+000  0.000000e+000
    outer loop
      vertex -5.600317e+001 -2.140576e+001  4.435009e+001
      vertex -5.708473e+001 -2.140576e+001  4.435009e+001
      vertex -5.636102e+001 -2.140576e+001  4.427402e+001
    endloop
  endfacet
  facet normal  0.000000e+000 -1.000000e+000  0.000000e+000
    outer loop
      vertex -5.636102e+001 -2.140576e+001  4.427402e+001
      vertex -5.708473e+001 -2.140576e+001  4.435009e+001
      vertex -5.672688e+001 -2.140576e+001  4.427402e+001
    endloop
  endfacet
endsolid CATIA STL
