; generated by PrusaSlicer 2.9.3 on 2026-02-13 at 20:46:06 UTC

; 

; external perimeters extrusion width = 0.45mm
; perimeters extrusion width = 0.45mm
; infill extrusion width = 0.45mm
; solid infill extrusion width = 0.45mm
; top infill extrusion width = 0.40mm
; first layer extrusion width = 0.42mm

; external perimeters extrusion width = 0.45mm
; perimeters extrusion width = 0.45mm
; infill extrusion width = 0.45mm
; solid infill extrusion width = 0.45mm
; top infill extrusion width = 0.40mm
; first layer extrusion width = 0.42mm

M190 S67 ; set bed temperature and wait for it to be reached
M104 S220 ; set temperature
;TYPE:Custom
G28 ; home all axes
G1 Z5 F5000 ; lift nozzle
M109 S220 ; set temperature and wait for it to be reached
G21 ; set units to millimeters
G90 ; use absolute coordinates
M82 ; use absolute distances for extrusion
G92 E0
; Filament gcode
M107
;LAYER_CHANGE
;Z:0.35
;HEIGHT:0.35
G1 E-2 F2400
G92 E0
G1 Z.35 F7800
G92 E0
G1 X74.944 Y105.702
G1 E2 F2400
;TYPE:Perimeter
;WIDTH:0.42
G1 F1800
G1 X75.421 Y105.615 E2.02433
G1 X76.023 Y105.665 E2.05465
G1 X76.595 Y105.873 E2.0852
G1 X77.1 Y106.214 E2.11578
G1 X77.52 Y106.659 E2.14649
G1 X77.849 Y107.18 E2.17741
G1 X78.085 Y107.755 E2.2086
G1 X78.23 Y108.364 E2.24002
G1 X78.284 Y108.99 E2.27155
G1 X78.248 Y109.615 E2.30297
G1 X78.123 Y110.221 E2.33402
G1 X77.912 Y110.794 E2.36466
G1 X77.615 Y111.314 E2.39471
G1 X77.235 Y111.766 E2.42435
G1 X76.773 Y112.129 E2.45384
G1 X76.239 Y112.379 E2.48343
G1 X75.652 Y112.487 E2.51338
G1 X75.05 Y112.437 E2.5437
G1 X74.478 Y112.23 E2.57423
G1 X73.972 Y111.889 E2.60485
G1 X73.552 Y111.444 E2.63556
G1 X73.224 Y110.923 E2.66646
G1 X72.987 Y110.348 E2.69767
G1 X72.843 Y109.739 E2.72908
G1 X72.789 Y109.113 E2.76061
G1 X72.824 Y108.488 E2.79203
G1 X72.949 Y107.881 E2.82313
G1 X73.16 Y107.309 E2.85373
G1 X73.457 Y106.788 E2.88383
G1 X73.838 Y106.337 E2.91346
G1 X74.299 Y105.973 E2.94294
G1 X74.882 Y105.713 E2.97498
G1 X74.885 Y105.713 E2.97513
G1 X75.033 Y106.03 F7800
G1 F1800
G1 X75.536 Y105.952 E3.00068
G1 X76.106 Y106.042 E3.02964
G1 X76.569 Y106.251 E3.05513
G1 X76.977 Y106.565 E3.08097
G1 X77.319 Y106.965 E3.10738
G1 X77.59 Y107.434 E3.13456
G1 X77.787 Y107.956 E3.16256
G1 X77.904 Y108.513 E3.19112
G1 X77.94 Y109.014 E3.21633
G1 X77.904 Y109.59 E3.24529
G1 X77.787 Y110.147 E3.27385
G1 X77.59 Y110.669 E3.30185
G1 X77.319 Y111.137 E3.32899
G1 X76.977 Y111.537 E3.3554
G1 X76.569 Y111.851 E3.38124
G1 X76.106 Y112.06 E3.40673
G1 X75.606 Y112.146 E3.43219
G1 X75.096 Y112.095 E3.45791
G1 X74.61 Y111.912 E3.48397
G1 X74.177 Y111.611 E3.51044
G1 X73.81 Y111.215 E3.53754
G1 X73.52 Y110.746 E3.56521
G1 X73.309 Y110.223 E3.59351
G1 X73.179 Y109.664 E3.62231
G1 X73.133 Y109.088 E3.65131
G1 X73.168 Y108.513 E3.68022
G1 X73.286 Y107.956 E3.70879
G1 X73.482 Y107.434 E3.73677
G1 X73.753 Y106.965 E3.76395
G1 X74.096 Y106.565 E3.79039
G1 X74.504 Y106.251 E3.81623
G1 X74.976 Y106.048 E3.84202
G1 X75.123 Y106.364 F7800
;TYPE:External perimeter
G1 F1800
G1 X75.174 Y106.345 E3.84475
G1 X75.559 Y106.299 E3.86421
G1 X75.973 Y106.361 E3.88522
G1 X76.365 Y106.529 E3.90662
G1 X76.719 Y106.794 E3.92881
G1 X77.023 Y107.142 E3.952
G1 X77.269 Y107.559 E3.9763
G1 X77.45 Y108.03 E4.00162
G1 X77.56 Y108.537 E4.02766
G1 X77.596 Y109.039 E4.05292
G1 X77.56 Y109.565 E4.07938
G1 X77.45 Y110.073 E4.10547
G1 X77.269 Y110.544 E4.13079
G1 X77.004 Y110.987 E4.1567
G1 X76.692 Y111.333 E4.18008
G1 X76.329 Y111.594 E4.20252
G1 X75.93 Y111.754 E4.22409
G1 X75.513 Y111.804 E4.24517
G1 X75.099 Y111.742 E4.26618
G1 X74.707 Y111.573 E4.2876
G1 X74.354 Y111.309 E4.30972
G1 X74.05 Y110.961 E4.33291
G1 X73.803 Y110.544 E4.35723
G1 X73.623 Y110.073 E4.38253
G1 X73.515 Y109.583 E4.40771
G1 X73.477 Y109.064 E4.43383
G1 X73.512 Y108.537 E4.46034
G1 X73.623 Y108.03 E4.48639
G1 X73.803 Y107.559 E4.51169
G1 X74.069 Y107.116 E4.53762
G1 X74.381 Y106.769 E4.56104
G1 X74.747 Y106.508 E4.5836
G1 X75.067 Y106.386 E4.60079
G1 X75.461 Y106.314 F7800
G1 E2.60079 F2400
G92 E0
G1 X91.259 Y99.708 F7800
G1 E2 F2400
;TYPE:Perimeter
G1 F1800
G1 X91.056 Y99.968 E2.01655
G1 X90.99 Y100.3 E2.03354
G1 X90.99 Y117.7 E2.90677
G1 X91.056 Y118.032 E2.92376
G1 X91.335 Y118.39 E2.94654
;WIDTH:0.468264
G1 X91.593 Y118.5 E2.96259
;WIDTH:0.516528
G1 X91.852 Y118.611 E2.98069
G1 X96.336 Y118.611 E3.26871
G1 X96.335 Y119.052 E3.29704
G1 X91.852 Y119.052 E3.58499
G1 X91.475 Y119.076 E3.60925
;WIDTH:0.468264
G1 X91.098 Y119.1 E3.63086
;WIDTH:0.42
G1 X71.585 Y119.1 E4.61014
G1 X71.113 Y119.017 E4.63419
G1 X70.691 Y118.809 E4.6578
G1 X70.311 Y118.457 E4.6838
G1 X69.989 Y118.011 E4.71141
G1 X69.708 Y117.434 E4.74362
G1 X69.56 Y116.942 E4.7694
G1 X69.468 Y116.417 E4.79615
G1 X69.436 Y115.849 E4.8247
G1 X69.436 Y102.151 E5.51215
G1 X69.468 Y101.583 E5.5407
G1 X69.56 Y101.058 E5.56745
G1 X69.708 Y100.566 E5.59323
G1 X69.989 Y99.989 E5.62544
G1 X70.311 Y99.543 E5.65305
G1 X70.691 Y99.191 E5.67905
G1 X71.113 Y98.983 E5.70266
G1 X71.585 Y98.9 E5.72671
G1 X91.098 Y98.9 E6.70599
;WIDTH:0.468264
G1 X91.475 Y98.924 E6.7276
;WIDTH:0.516528
G1 X91.852 Y98.948 E6.75186
G1 X96.335 Y98.948 E7.03981
G1 X96.336 Y99.169 E7.05401
;WIDTH:0.516529
G1 X96.336 Y99.389 E7.06814
G1 X91.852 Y99.389 E7.35616
;WIDTH:0.5251
G1 X91.694 Y99.399 E7.36653
G1 X91.574 Y99.469 E7.37563
;WIDTH:0.490066
G1 X91.454 Y99.54 E7.38405
;WIDTH:0.455033
G1 X91.335 Y99.61 E7.39168
;WIDTH:0.42
G1 X91.295 Y99.66 E7.39489
G1 X91.495 Y99.946 F7800
G1 F1800
G1 X91.374 Y100.101 E7.40476
G1 X91.335 Y100.3 E7.41494
G1 X91.335 Y117.7 E8.28817
G1 X91.374 Y117.899 E8.29835
G1 X91.541 Y118.114 E8.31201
G1 X91.852 Y118.217 E8.32845
G1 X96.729 Y118.217 E8.57321
G1 X96.728 Y119.445 E8.63484
G1 X71.704 Y119.445 E9.89069
G1 X71.185 Y119.404 E9.91682
G1 X70.836 Y119.289 E9.93526
G1 X70.356 Y118.978 E9.96396
G1 X69.981 Y118.601 E9.99065
G1 X69.601 Y118.039 E10.0247
G1 X69.384 Y117.554 E10.05137
G1 X69.224 Y117.021 E10.0793
G1 X69.125 Y116.457 E10.10804
G1 X69.091 Y115.859 E10.1381
G1 X69.091 Y102.246 E10.82128
G1 X69.114 Y101.739 E10.84675
G1 X69.191 Y101.165 E10.87581
G1 X69.331 Y100.622 E10.90395
G1 X69.527 Y100.126 E10.93072
G1 X69.864 Y99.536 E10.96482
G1 X70.303 Y99.067 E10.99706
G1 X70.681 Y98.8 E11.02029
G1 X71.185 Y98.596 E11.04758
G1 X71.566 Y98.555 E11.06681
G1 X96.728 Y98.555 E12.32959
G1 X96.729 Y99.168 E12.36035
G1 X96.729 Y99.783 E12.39121
G1 X91.852 Y99.783 E12.63597
G1 X91.541 Y99.886 E12.65241
G1 X91.532 Y99.899 E12.6532
G1 X91.735 Y100.188 F7800
;TYPE:External perimeter
G1 F1800
G1 X91.679 Y100.3 E12.65948
G1 X91.679 Y117.7 E13.53271
G1 X91.748 Y117.838 E13.54045
G1 X91.852 Y117.872 E13.54594
G1 X97.075 Y117.872 E13.80806
G1 X97.073 Y119.79 E13.90432
G1 X71.68 Y119.79 E15.17869
G1 X71.112 Y119.743 E15.20729
G1 X70.695 Y119.605 E15.22933
G1 X70.295 Y119.377 E15.25244
G1 X69.921 Y119.063 E15.27695
G1 X69.585 Y118.668 E15.30298
G1 X69.295 Y118.201 E15.33057
G1 X69.06 Y117.674 E15.35953
G1 X68.888 Y117.101 E15.38955
G1 X68.782 Y116.496 E15.42037
G1 X68.746 Y115.869 E15.45189
G1 X68.746 Y102.246 E16.13557
G1 X68.77 Y101.719 E16.16205
G1 X68.852 Y101.105 E16.19314
G1 X69.001 Y100.523 E16.22329
G1 X69.212 Y99.986 E16.25225
G1 X69.476 Y99.507 E16.2797
G1 X69.786 Y99.096 E16.30554
G1 X70.295 Y98.623 E16.34041
G1 X70.695 Y98.395 E16.36352
G1 X71.112 Y98.257 E16.38556
G1 X71.548 Y98.21 E16.40757
G1 X97.073 Y98.21 E17.68856
G1 X97.074 Y99.168 E17.73664
G1 X97.075 Y100.127 E17.78477
G1 X91.852 Y100.127 E18.04689
G1 X91.778 Y100.152 E18.05081
G1 X91.687 Y100.542 F7800
G1 X91.008 Y99.003
;TYPE:Solid infill
;WIDTH:0.42255
G1 F1800
G1 X91.314 Y99.309 E18.07269
G1 X91.171 Y99.409 E18.08151
G1 X91.062 Y99.549 E18.09048
G1 X90.672 Y99.158 E18.1184
G1 X90.181 Y99.158 E18.14322
G1 X90.847 Y99.825 E18.19087
G1 X90.816 Y99.865 E18.19343
G1 X90.746 Y100.215 E18.21148
G1 X89.69 Y99.158 E18.28702
G1 X89.198 Y99.158 E18.31189
G1 X90.731 Y100.691 E18.4215
G1 X90.731 Y101.183 E18.44637
G1 X88.707 Y99.158 E18.59112
G1 X88.215 Y99.158 E18.61599
G1 X90.731 Y101.674 E18.79588
G1 X90.731 Y102.165 E18.8207
G1 X87.724 Y99.158 E19.0357
G1 X87.233 Y99.158 E19.06052
G1 X90.731 Y102.657 E19.31066
G1 X90.731 Y103.148 E19.33548
G1 X86.741 Y99.158 E19.62076
G1 X86.25 Y99.158 E19.64558
G1 X90.731 Y103.639 E19.96596
G1 X90.731 Y104.131 E19.99083
G1 X85.759 Y99.158 E20.34636
G1 X85.267 Y99.158 E20.37123
G1 X90.731 Y104.622 E20.7619
G1 X90.731 Y105.113 E20.78672
G1 X84.776 Y99.158 E21.21249
G1 X84.285 Y99.158 E21.23731
G1 X90.731 Y105.605 E21.69822
G1 X90.731 Y106.096 E21.72304
G1 X83.793 Y99.158 E22.2191
G1 X83.302 Y99.158 E22.24392
G1 X90.731 Y106.587 E22.77508
G1 X90.731 Y107.079 E22.79995
G1 X82.811 Y99.158 E23.36625
G1 X82.319 Y99.158 E23.39112
G1 X90.731 Y107.57 E23.99256
G1 X90.731 Y108.062 E24.01743
G1 X81.828 Y99.158 E24.65401
G1 X81.337 Y99.158 E24.67883
G1 X90.731 Y108.553 E25.35052
G1 X90.731 Y109.044 E25.37534
G1 X80.845 Y99.158 E26.08217
G1 X80.354 Y99.158 E26.10699
G1 X90.731 Y109.536 E26.84896
G1 X90.731 Y110.027 E26.87378
G1 X79.862 Y99.158 E27.65089
G1 X79.371 Y99.158 E27.67571
G1 X90.731 Y110.518 E28.48793
G1 X90.731 Y111.01 E28.5128
G1 X78.88 Y99.158 E29.36016
G1 X78.388 Y99.158 E29.38503
G1 X90.731 Y111.501 E30.26753
G1 X90.731 Y111.992 E30.29235
G1 X77.897 Y99.158 E31.20996
G1 X77.406 Y99.158 E31.23478
G1 X90.731 Y112.484 E32.18753
G1 X90.731 Y112.975 E32.21235
G1 X76.914 Y99.158 E33.20024
G1 X76.423 Y99.158 E33.22506
G1 X90.731 Y113.466 E34.24806
G1 X90.731 Y113.958 E34.27293
G1 X75.932 Y99.158 E35.33107
G1 X75.44 Y99.158 E35.35594
G1 X90.731 Y114.449 E36.44922
G1 X90.731 Y114.94 E36.47404
G1 X74.949 Y99.158 E37.60243
G1 X74.458 Y99.158 E37.62725
G1 X90.731 Y115.432 E38.79078
G1 X90.731 Y115.923 E38.8156
G1 X73.966 Y99.158 E40.01427
G1 X73.475 Y99.158 E40.03909
G1 X90.731 Y116.415 E41.2729
G1 X90.731 Y116.906 E41.29772
G1 X72.984 Y99.158 E42.56664
G1 X72.492 Y99.158 E42.59151
G1 X90.731 Y117.397 E43.89557
G1 X90.731 Y117.709 E43.91134
G1 X90.776 Y117.934 E43.92294
G1 X72.001 Y99.158 E45.26536
G1 X71.518 Y99.167 E45.28978
G1 X91.181 Y118.83 E46.69565
G1 X90.701 Y118.842 E46.71992
G1 X71.115 Y99.255 E48.12032
G1 X70.803 Y99.435 E48.13853
G1 X90.21 Y118.842 E49.5261
G1 X89.719 Y118.842 E49.55092
G1 X78.176 Y107.299 E50.37622
G1 X78.074 Y107.053 E50.38968
G1 X77.835 Y106.652 E50.41328
G1 X77.716 Y106.49 E50.42344
G1 X77.425 Y106.162 E50.44561
G1 X77.257 Y106.008 E50.45713
G1 X76.922 Y105.762 E50.47814
G1 X76.699 Y105.636 E50.49109
G1 X76.379 Y105.502 E50.50863
G1 X70.545 Y99.668 E50.92575
G1 X70.325 Y99.939 E50.9434
G1 X75.754 Y105.368 E51.33156
G1 X75.391 Y105.358 E51.34992
G1 X75.269 Y105.375 E51.35615
G1 X70.136 Y100.242 E51.72315
G1 X69.985 Y100.582 E51.74196
G1 X74.856 Y105.453 E52.09023
G1 X74.498 Y105.586 E52.10954
G1 X69.863 Y100.951 E52.44093
G1 X69.772 Y101.351 E52.46167
G1 X74.171 Y105.75 E52.77619
G1 X73.885 Y105.957 E52.79404
G1 X69.716 Y101.787 E53.09215
G1 X69.695 Y102.257 E53.11594
G1 X73.625 Y106.187 E53.39693
G1 X73.394 Y106.448 E53.41455
G1 X69.695 Y102.749 E53.67902
G1 X69.695 Y103.24 E53.70384
G1 X73.189 Y106.734 E53.95366
G1 X73.005 Y107.042 E53.9718
G1 X69.695 Y103.731 E54.2085
G1 X69.695 Y104.223 E54.23337
G1 X72.86 Y107.387 E54.45963
G1 X72.725 Y107.745 E54.47897
G1 X69.695 Y104.714 E54.69565
G1 X69.695 Y105.205 E54.72047
G1 X72.63 Y108.141 E54.93035
G1 X72.589 Y108.313 E54.93929
G1 X72.567 Y108.569 E54.95228
G1 X69.695 Y105.697 E55.15762
G1 X69.695 Y106.188 E55.18244
G1 X72.53 Y109.023 E55.38514
G1 X72.565 Y109.55 E55.41184
G1 X69.695 Y106.679 E55.61708
G1 X69.695 Y107.171 E55.64195
G1 X72.886 Y110.362 E55.8701
G1 E53.8701 F2400
G92 E0
G1 X78.21 Y107.824 F7800
G1 E2 F2400
G1 F1800
G1 X89.227 Y118.842 E2.78773
G1 X88.736 Y118.842 E2.81255
G1 X78.509 Y108.614 E3.5438
G1 X78.539 Y109.136 E3.57023
G1 X88.244 Y118.842 E4.26416
G1 X87.753 Y118.842 E4.28898
G1 X78.504 Y109.592 E4.9503
G1 X78.492 Y109.745 E4.95806
G1 X78.431 Y110.011 E4.97186
G1 X87.262 Y118.842 E5.60326
G1 X86.77 Y118.842 E5.62813
G1 X78.338 Y110.409 E6.23104
G1 X78.195 Y110.757 E6.25006
G1 X86.279 Y118.842 E6.82809
G1 X85.788 Y118.842 E6.85291
G1 X78.045 Y111.099 E7.40652
G1 X77.861 Y111.407 E7.42466
G1 X85.296 Y118.842 E7.95625
G1 X84.805 Y118.842 E7.98107
G1 X77.65 Y111.687 E8.49264
G1 X77.419 Y111.947 E8.51022
G1 X84.314 Y118.842 E9.0032
G1 X83.822 Y118.842 E9.02807
G1 X77.152 Y112.172 E9.50496
G1 X76.863 Y112.374 E9.52279
G1 X83.331 Y118.842 E9.98524
G1 X82.84 Y118.842 E10.01006
G1 X76.534 Y112.536 E10.46093
G1 X76.173 Y112.666 E10.48033
G1 X82.348 Y118.842 E10.92187
G1 X81.857 Y118.842 E10.94669
G1 X75.745 Y112.73 E11.38369
G1 X75.536 Y112.754 E11.39433
G1 X75.244 Y112.72 E11.40919
G1 X81.366 Y118.842 E11.8469
G1 X80.874 Y118.842 E11.87177
G1 X74.59 Y112.557 E12.3211
G1 X74.356 Y112.46 E12.33391
G1 X74.15 Y112.34 E12.34596
G1 X73.815 Y112.095 E12.36694
G1 X73.647 Y111.941 E12.37846
G1 X73.356 Y111.613 E12.40063
G1 X73.237 Y111.45 E12.41083
G1 X72.998 Y111.05 E12.43439
G1 X72.939 Y110.906 E12.44226
G1 X69.695 Y107.662 E12.6742
G1 X69.695 Y108.153 E12.69902
G1 X80.383 Y118.842 E13.46323
G1 X79.891 Y118.842 E13.4881
G1 X69.695 Y108.645 E14.21713
G1 X69.695 Y109.136 E14.24195
G1 X79.4 Y118.842 E14.93588
G1 X78.909 Y118.842 E14.9607
G1 X69.695 Y109.627 E15.61952
G1 X69.695 Y110.119 E15.64439
G1 X78.417 Y118.842 E16.26803
G1 X77.926 Y118.842 E16.29285
G1 X69.695 Y110.61 E16.88139
G1 X69.695 Y111.102 E16.90626
G1 X77.435 Y118.842 E17.45966
G1 X76.943 Y118.842 E17.48453
G1 X69.695 Y111.593 E18.00279
G1 X69.695 Y112.084 E18.02761
G1 X76.452 Y118.842 E18.51076
G1 X75.961 Y118.842 E18.53558
G1 X69.695 Y112.576 E18.98359
G1 X69.695 Y113.067 E19.00841
G1 X75.469 Y118.842 E19.42128
G1 X74.978 Y118.842 E19.4461
G1 X69.695 Y113.558 E19.82386
G1 X69.695 Y114.05 E19.84873
G1 X74.487 Y118.842 E20.19135
G1 X73.995 Y118.842 E20.21622
G1 X69.695 Y114.541 E20.5237
G1 X69.695 Y115.032 E20.54852
G1 X73.504 Y118.842 E20.82089
G1 X73.013 Y118.842 E20.84571
G1 X69.695 Y115.524 E21.08294
G1 X69.705 Y116.026 E21.10832
G1 X72.521 Y118.842 E21.30966
G1 X72.03 Y118.842 E21.33448
G1 X69.758 Y116.569 E21.49696
G1 X69.812 Y116.882 E21.51302
G1 X69.913 Y117.216 E21.53066
G1 X71.531 Y118.834 E21.64634
G1 X71.314 Y118.811 E21.65737
G1 X71.082 Y118.734 E21.66973
G1 X70.84 Y118.596 E21.68381
G1 X70.599 Y118.394 E21.69971
G1 X69.968 Y117.763 E21.74483
G1 E19.74483 F2400
G92 E0
G92 E0
G1 X94.886 Y75.665 F7800
G1 E2 F2400
;TYPE:Perimeter
;WIDTH:0.42
G1 F1800
G1 X95.392 Y75.637 E2.02543
G1 X95.634 Y75.672 E2.0377
G1 X96.127 Y75.825 E2.06361
G1 X96.572 Y76.09 E2.0896
G1 X97.042 Y76.525 E2.12174
G1 X97.409 Y77.053 E2.15401
G1 X97.674 Y77.646 E2.18661
G1 X97.841 Y78.336 E2.22224
G1 X97.896 Y78.933 E2.25233
G1 X97.856 Y79.584 E2.28506
G1 X97.718 Y80.215 E2.31748
G1 X97.483 Y80.805 E2.34935
G1 X97.153 Y81.334 E2.38064
G1 X96.731 Y81.781 E2.41149
G1 X96.22 Y82.122 E2.44232
G1 X95.634 Y82.325 E2.47344
G1 X95.005 Y82.359 E2.50505
G1 X94.763 Y82.325 E2.51731
G1 X94.177 Y82.122 E2.54843
G1 X93.666 Y81.781 E2.57926
G1 X93.243 Y81.334 E2.61015
G1 X92.914 Y80.805 E2.64141
G1 X92.696 Y80.276 E2.67012
G1 X92.556 Y79.665 E2.70158
G1 X92.501 Y78.933 E2.73842
G1 X92.541 Y78.412 E2.76464
G1 X92.679 Y77.782 E2.79701
G1 X92.914 Y77.192 E2.82888
G1 X93.243 Y76.663 E2.86014
G1 X93.666 Y76.215 E2.89106
G1 X94.177 Y75.874 E2.92189
G1 X94.763 Y75.672 E2.953
G1 X94.826 Y75.668 E2.95617
G1 X94.934 Y76 F7800
G1 F1800
G1 X95.392 Y75.982 E2.97917
G1 X95.915 Y76.113 E3.00623
G1 X96.392 Y76.384 E3.03376
G1 X96.798 Y76.769 E3.06184
G1 X97.121 Y77.242 E3.09058
G1 X97.356 Y77.78 E3.12004
G1 X97.505 Y78.411 E3.15258
G1 X97.552 Y78.959 E3.18018
G1 X97.512 Y79.558 E3.21031
G1 X97.382 Y80.136 E3.24004
G1 X97.165 Y80.671 E3.26901
G1 X96.865 Y81.145 E3.29716
G1 X96.487 Y81.537 E3.32449
G1 X96.04 Y81.828 E3.35126
G1 X95.537 Y81.994 E3.37784
G1 X95.005 Y82.015 E3.40456
G1 X94.482 Y81.883 E3.43163
G1 X94.005 Y81.613 E3.45914
G1 X93.599 Y81.227 E3.48725
G1 X93.276 Y80.754 E3.51599
G1 X93.041 Y80.217 E3.54541
G1 X92.893 Y79.59 E3.57774
G1 X92.845 Y78.959 E3.6095
G1 X92.885 Y78.438 E3.63572
G1 X93.015 Y77.861 E3.6654
G1 X93.232 Y77.325 E3.69442
G1 X93.532 Y76.852 E3.72253
G1 X93.909 Y76.459 E3.74986
G1 X94.357 Y76.169 E3.77664
G1 X94.86 Y76.003 E3.80322
G1 X94.874 Y76.002 E3.80392
G1 X94.981 Y76.333 F7800
;TYPE:External perimeter
G1 F1800
G1 X95.005 Y76.327 E3.80516
G1 X95.44 Y76.334 E3.82699
G1 X95.86 Y76.463 E3.84904
G1 X96.244 Y76.703 E3.87177
G1 X96.576 Y77.041 E3.89555
G1 X96.847 Y77.459 E3.92055
G1 X97.047 Y77.943 E3.94683
G1 X97.168 Y78.486 E3.97475
G1 X97.208 Y78.985 E3.99987
G1 X97.168 Y79.532 E4.02739
G1 X97.046 Y80.056 E4.05439
G1 X96.847 Y80.537 E4.08051
G1 X96.554 Y80.983 E4.10729
G1 X96.212 Y81.318 E4.13132
G1 X95.818 Y81.552 E4.15432
G1 X95.392 Y81.67 E4.1765
G1 X94.956 Y81.663 E4.19838
G1 X94.537 Y81.534 E4.22038
G1 X94.153 Y81.293 E4.24313
G1 X93.82 Y80.956 E4.26691
G1 X93.55 Y80.537 E4.29193
G1 X93.354 Y80.068 E4.31744
G1 X93.23 Y79.515 E4.34588
G1 X93.189 Y78.985 E4.37256
G1 X93.229 Y78.465 E4.39873
G1 X93.35 Y77.94 E4.42577
G1 X93.55 Y77.459 E4.45191
G1 X93.843 Y77.013 E4.47869
G1 X94.185 Y76.678 E4.50272
G1 X94.578 Y76.444 E4.52567
G1 X94.923 Y76.349 E4.54363
G1 X95.323 Y76.335 F7800
G1 E2.54363 F2400
G92 E0
G1 X79.117 Y71.6 F7800
G1 E2 F2400
;TYPE:Perimeter
G1 F1800
G1 X79.292 Y71.369 E2.01454
G1 X79.375 Y71 E2.03352
G1 X79.375 Y68.837 E2.14207
G1 X99.191 Y68.842 E3.13655
G1 X99.621 Y68.921 E3.15849
G1 X100.044 Y69.128 E3.18212
G1 X100.422 Y69.48 E3.20804
G1 X100.746 Y69.927 E3.23575
G1 X101.026 Y70.504 E3.26794
G1 X101.174 Y70.996 E3.29372
G1 X101.266 Y71.521 E3.32047
G1 X101.299 Y72.184 E3.35378
G1 X101.299 Y85.787 E4.03646
G1 X101.266 Y86.354 E4.06496
G1 X101.174 Y86.879 E4.09171
G1 X101.026 Y87.371 E4.11749
G1 X100.745 Y87.949 E4.14974
G1 X100.423 Y88.394 E4.17731
G1 X100.044 Y88.747 E4.2033
G1 X99.621 Y88.954 E4.22693
G1 X99.15 Y89.038 E4.25094
G1 X79.375 Y89.038 E5.24337
G1 X79.375 Y86.875 E5.35192
G1 X79.293 Y86.506 E5.37089
G1 X79.128 Y86.271 E5.3853
G1 X78.845 Y86.079 E5.40246
G1 X78.513 Y86.013 E5.41945
G1 X70.967 Y86.013 E5.79815
G1 X70.967 Y71.862 E6.50833
G1 X78.513 Y71.862 E6.88703
G1 X78.786 Y71.818 E6.90091
G1 X79.079 Y71.65 E6.91786
G1 X79.081 Y71.648 E6.918
G1 X78.867 Y71.353 F7800
G1 F1800
G1 X78.981 Y71.222 E6.92672
G1 X79.03 Y71 E6.93813
G1 X79.03 Y68.493 E7.06395
G1 X98.795 Y68.497 E8.05587
G1 X99.316 Y68.508 E8.08202
G1 X99.729 Y68.593 E8.10318
G1 X100.086 Y68.755 E8.12285
G1 X100.569 Y69.12 E8.15323
G1 X100.965 Y69.626 E8.18548
G1 X101.208 Y70.064 E8.21062
G1 X101.403 Y70.56 E8.23737
G1 X101.543 Y71.102 E8.26546
G1 X101.62 Y71.676 E8.29452
G1 X101.644 Y72.184 E8.32004
G1 X101.644 Y85.691 E8.9979
G1 X101.62 Y86.199 E9.02342
G1 X101.543 Y86.773 E9.05248
G1 X101.403 Y87.315 E9.08057
G1 X101.208 Y87.811 E9.10732
G1 X100.87 Y88.401 E9.14144
G1 X100.431 Y88.871 E9.17372
G1 X100.054 Y89.138 E9.1969
G1 X99.55 Y89.341 E9.22417
G1 X99.168 Y89.383 E9.24346
G1 X79.03 Y89.383 E10.2541
G1 X79.03 Y86.875 E10.37997
G1 X79.014 Y86.746 E10.38649
G1 X78.943 Y86.588 E10.39518
G1 X78.774 Y86.428 E10.40686
G1 X78.513 Y86.358 E10.42042
G1 X70.622 Y86.358 E10.81644
G1 X70.622 Y71.517 E11.56125
G1 X78.556 Y71.516 E11.95942
G1 X78.8 Y71.43 E11.9724
G1 X78.828 Y71.399 E11.9745
G1 X78.629 Y71.111 F7800
;TYPE:External perimeter
G1 F1800
G1 X78.686 Y71 E11.98076
G1 X78.686 Y68.148 E12.12389
G1 X99.102 Y68.152 E13.14848
G1 X99.623 Y68.195 E13.17472
G1 X100.04 Y68.332 E13.19675
G1 X100.44 Y68.56 E13.21986
G1 X100.948 Y69.033 E13.25469
G1 X101.258 Y69.444 E13.28053
G1 X101.523 Y69.923 E13.308
G1 X101.733 Y70.46 E13.33694
G1 X101.883 Y71.042 E13.3671
G1 X101.965 Y71.656 E13.39819
G1 X101.988 Y72.184 E13.42471
G1 X101.988 Y85.691 E14.10257
G1 X101.965 Y86.219 E14.12909
G1 X101.883 Y86.832 E14.16013
G1 X101.734 Y87.415 E14.19033
G1 X101.523 Y87.951 E14.21924
G1 X101.258 Y88.43 E14.24671
G1 X100.948 Y88.841 E14.27255
G1 X100.44 Y89.315 E14.30742
G1 X100.04 Y89.543 E14.33053
G1 X99.623 Y89.68 E14.35256
G1 X99.187 Y89.727 E14.37457
G1 X78.686 Y89.727 E15.40343
G1 X78.686 Y86.875 E15.54656
G1 X78.645 Y86.763 E15.55255
G1 X78.513 Y86.702 E15.55985
G1 X70.278 Y86.702 E15.97313
G1 X70.278 Y71.172 E16.75252
G1 X78.513 Y71.172 E17.1658
G1 X78.587 Y71.149 E17.16969
G1 X78.678 Y70.759 F7800
G1 E15.16969 F2400
G92 E0
G1 X100.766 Y70.175 F7800
G1 E2 F2400
;TYPE:Solid infill
;WIDTH:0.422659
G1 F1800
G1 X100.135 Y69.543 E2.04517
G1 X99.895 Y69.341 E2.06103
G1 X99.653 Y69.203 E2.07512
G1 X99.421 Y69.127 E2.08747
G1 X99.203 Y69.103 E2.09856
G1 X100.822 Y70.722 E2.21435
G1 X100.922 Y71.055 E2.23193
G1 X100.977 Y71.369 E2.24805
G1 X98.709 Y69.1 E2.41029
G1 X98.217 Y69.1 E2.43517
G1 X101.029 Y71.913 E2.63632
G1 X101.04 Y72.415 E2.66171
G1 X97.725 Y69.1 E2.8988
G1 X97.234 Y69.1 E2.92363
G1 X101.04 Y72.906 E3.19584
G1 X101.04 Y73.398 E3.22072
G1 X96.742 Y69.1 E3.52812
G1 X96.251 Y69.1 E3.55295
G1 X101.04 Y73.889 E3.89546
G1 X101.04 Y74.381 E3.92034
G1 X95.759 Y69.1 E4.29804
G1 X95.267 Y69.1 E4.32292
G1 X101.04 Y74.872 E4.73577
G1 X101.04 Y75.364 E4.76065
G1 X94.776 Y69.099 E5.20869
G1 X94.284 Y69.099 E5.23357
G1 X101.04 Y75.855 E5.71676
G1 X101.04 Y76.347 E5.74164
G1 X93.793 Y69.099 E6.25999
G1 X93.301 Y69.099 E6.28487
G1 X101.04 Y76.838 E6.83837
G1 X101.04 Y77.33 E6.86325
G1 X92.809 Y69.099 E7.45194
G1 X92.318 Y69.099 E7.47677
G1 X101.04 Y77.821 E8.10057
G1 X101.04 Y78.313 E8.12545
G1 X91.826 Y69.099 E8.78444
G1 X91.335 Y69.099 E8.80927
G1 X101.04 Y78.804 E9.50338
G1 X101.04 Y79.296 E9.52826
G1 X90.843 Y69.099 E10.25756
G1 X90.351 Y69.098 E10.28244
G1 X101.04 Y79.787 E11.04692
G1 X101.04 Y80.279 E11.0718
G1 X89.86 Y69.098 E11.87144
G1 X89.368 Y69.098 E11.89632
G1 X95.698 Y75.428 E12.34905
G1 X95.585 Y75.394 E12.35502
G1 X95.161 Y75.383 E12.37647
G1 X88.876 Y69.098 E12.82598
G1 X88.385 Y69.098 E12.85081
G1 X94.707 Y75.42 E13.30296
G1 X94.325 Y75.53 E13.32306
G1 X87.893 Y69.098 E13.78308
G1 X87.402 Y69.098 E13.80791
G1 X93.989 Y75.686 E14.27905
G1 X93.685 Y75.872 E14.29707
G1 X86.91 Y69.098 E14.78159
G1 X86.418 Y69.098 E14.80647
G1 X93.418 Y76.097 E15.30708
G1 X93.172 Y76.343 E15.32467
G1 X85.927 Y69.098 E15.84284
G1 X85.435 Y69.097 E15.86772
G1 X92.963 Y76.625 E16.40613
G1 X92.775 Y76.929 E16.42421
G1 X84.944 Y69.097 E16.98432
G1 X84.452 Y69.097 E17.0092
G1 X92.609 Y77.254 E17.59259
G1 X92.465 Y77.602 E17.61164
G1 X83.96 Y69.097 E18.21992
G1 X83.469 Y69.097 E18.24475
G1 X92.366 Y77.995 E18.88111
G1 X92.285 Y78.405 E18.90225
G1 X82.977 Y69.097 E19.56796
G1 X82.485 Y69.097 E19.59284
G1 X92.252 Y78.864 E20.29138
G1 X92.24 Y79.034 E20.3
G1 X92.267 Y79.37 E20.31705
G1 X81.994 Y69.097 E21.05178
G1 X81.502 Y69.097 E21.07666
G1 X92.564 Y80.158 E21.86779
G1 E19.86779 F2400
G92 E0
G1 X97.682 Y77.412 F7800
G1 E2 F2400
G1 F1800
G1 X101.04 Y80.77 E2.24017
G1 X101.04 Y81.262 E2.26505
G1 X98.098 Y78.32 E2.47546
G1 X98.149 Y78.862 E2.50299
G1 X101.04 Y81.753 E2.70976
G1 X101.04 Y82.245 E2.73464
G1 X98.126 Y79.331 E2.94305
G1 X98.085 Y79.781 E2.9659
G1 X101.04 Y82.736 E3.17724
G1 X101.04 Y83.228 E3.20212
G1 X97.992 Y80.179 E3.42015
G1 X97.864 Y80.543 E3.43966
G1 X101.04 Y83.719 E3.66681
G1 X101.04 Y84.211 E3.69169
G1 X97.725 Y80.896 E3.92878
G1 X97.539 Y81.201 E3.94685
G1 X101.04 Y84.702 E4.19724
G1 X101.04 Y85.194 E4.22212
G1 X97.349 Y81.502 E4.48614
G1 X97.117 Y81.762 E4.50376
G1 X101.04 Y85.685 E4.78434
G1 X101.018 Y86.155 E4.80814
G1 X96.866 Y82.003 E5.10509
G1 X96.578 Y82.206 E5.12291
G1 X100.962 Y86.591 E5.43649
G1 X100.871 Y86.991 E5.45724
G1 X96.264 Y82.384 E5.78674
G1 X96.09 Y82.461 E5.79636
G1 X95.904 Y82.515 E5.80615
G1 X100.748 Y87.36 E6.15263
G1 X100.596 Y87.699 E6.17142
G1 X95.501 Y82.603 E6.53585
G1 X95.397 Y82.618 E6.54116
G1 X95.016 Y82.611 E6.56043
G1 X100.408 Y88.002 E6.94603
G1 X100.187 Y88.273 E6.96371
G1 X94.401 Y82.487 E7.37753
G1 X94.046 Y82.346 E7.39685
G1 X93.685 Y82.125 E7.41826
G1 X93.486 Y81.968 E7.43108
G1 X93.169 Y81.651 E7.45375
G1 X93.029 Y81.479 E7.46497
G1 X92.769 Y81.081 E7.48901
G1 X92.575 Y80.661 E7.51241
G1 X81.011 Y69.096 E8.33951
G1 X80.519 Y69.096 E8.36439
G1 X99.928 Y88.506 E9.75257
G1 X99.615 Y88.684 E9.77078
G1 X80.027 Y69.096 E11.17173
G1 X79.634 Y69.096 E11.19161
G1 X79.634 Y69.194 E11.19657
G1 X99.211 Y88.771 E12.59673
G1 X98.727 Y88.779 E12.62121
G1 X79.634 Y69.686 E13.98676
G1 X79.634 Y70.177 E14.01159
G1 X98.236 Y88.779 E15.34202
G1 X97.744 Y88.779 E15.3669
G1 X79.634 Y70.669 E16.66214
G1 X79.617 Y71.143 E16.68613
G1 X97.253 Y88.779 E17.94747
G1 X96.761 Y88.779 E17.97235
G1 X79.503 Y71.521 E19.20665
G1 X79.445 Y71.624 E19.21263
G1 X79.293 Y71.803 E19.22451
G1 X96.27 Y88.779 E20.43868
G1 X95.778 Y88.779 E20.46356
G1 X79 Y72.001 E21.66353
G1 X78.786 Y72.088 E21.67521
G1 X78.616 Y72.109 E21.68387
G1 X95.287 Y88.779 E22.87616
G1 X94.795 Y88.779 E22.90104
G1 X78.137 Y72.121 E24.09243
G1 X77.646 Y72.121 E24.11726
G1 X94.304 Y88.779 E25.30865
G1 X93.812 Y88.779 E25.33353
G1 X77.154 Y72.121 E26.52492
G1 X76.663 Y72.121 E26.54975
G1 X93.321 Y88.779 E27.74114
G1 X92.829 Y88.779 E27.76602
G1 X76.171 Y72.121 E28.95741
G1 X75.679 Y72.121 E28.98229
G1 X92.338 Y88.779 E30.17372
G1 X91.846 Y88.779 E30.1986
G1 X75.188 Y72.121 E31.38999
G1 X74.696 Y72.121 E31.41487
G1 X91.355 Y88.779 E32.6063
G1 X90.863 Y88.779 E32.63118
G1 X74.205 Y72.121 E33.82257
G1 X73.713 Y72.121 E33.84745
G1 X90.372 Y88.779 E35.03888
G1 X89.88 Y88.779 E35.06376
G1 X73.222 Y72.121 E36.25515
G1 X72.73 Y72.121 E36.28003
G1 X89.389 Y88.779 E37.47146
G1 X88.897 Y88.779 E37.49634
G1 X72.239 Y72.121 E38.68773
G1 X71.747 Y72.121 E38.71261
G1 X88.406 Y88.779 E39.90404
G1 X87.914 Y88.779 E39.92892
G1 X71.256 Y72.121 E41.12031
G1 X71.226 Y72.121 E41.12183
G1 X71.226 Y72.583 E41.14519
G1 X87.423 Y88.779 E42.30358
G1 X86.931 Y88.779 E42.32846
G1 X71.226 Y73.074 E43.45169
G1 X71.226 Y73.566 E43.47657
G1 X86.44 Y88.779 E44.56465
G1 X85.948 Y88.779 E44.58953
G1 X71.226 Y74.057 E45.64246
G1 X71.226 Y74.549 E45.66734
G1 X85.457 Y88.779 E46.68512
G1 X84.965 Y88.779 E46.71
G1 X71.226 Y75.04 E47.69262
G1 X71.226 Y75.532 E47.7175
G1 X84.473 Y88.779 E48.66493
G1 X83.982 Y88.779 E48.68976
G1 X71.226 Y76.023 E49.60208
G1 X71.226 Y76.515 E49.62696
G1 X83.49 Y88.779 E50.50409
G1 X82.999 Y88.779 E50.52892
G1 X71.226 Y77.006 E51.37093
G1 X71.226 Y77.498 E51.39581
G1 X82.507 Y88.779 E52.20264
G1 X82.016 Y88.779 E52.22747
G1 X71.226 Y77.989 E52.99918
G1 X71.226 Y78.481 E53.02406
G1 X78.499 Y85.754 E53.54423
G1 X78.698 Y85.769 E53.55432
G1 X78.869 Y85.812 E53.56324
G1 X79.08 Y85.907 E53.57494
G1 X79.312 Y86.088 E53.58982
G1 X79.445 Y86.252 E53.6005
G1 X79.527 Y86.396 E53.60888
G1 X79.6 Y86.597 E53.61969
G1 X79.634 Y86.889 E53.63456
G1 X81.524 Y88.779 E53.76973
G1 X81.033 Y88.779 E53.79456
G1 X79.634 Y87.38 E53.89462
G1 X79.634 Y87.872 E53.9195
G1 X80.541 Y88.779 E53.98437
G1 X80.05 Y88.779 E54.0092
G1 X79.479 Y88.208 E54.05004
G1 E52.05004 F2400
G92 E0
G1 X78.163 Y85.909 F7800
G1 E2 F2400
G1 F1800
G1 X71.226 Y78.972 E2.49614
G1 X71.226 Y79.464 E2.52102
G1 X77.516 Y85.754 E2.97089
G1 X77.025 Y85.754 E2.99572
G1 X71.226 Y79.955 E3.41047
G1 X71.226 Y80.447 E3.43535
G1 X76.533 Y85.754 E3.81491
G1 X76.042 Y85.754 E3.83974
G1 X71.226 Y80.938 E4.18418
G1 X71.226 Y81.43 E4.20906
G1 X75.55 Y85.754 E4.51832
G1 X75.059 Y85.754 E4.54315
G1 X71.226 Y81.921 E4.81729
G1 X71.226 Y82.413 E4.84217
G1 X74.567 Y85.754 E5.08112
G1 X74.076 Y85.754 E5.10595
G1 X71.226 Y82.904 E5.30978
G1 X71.226 Y83.396 E5.33466
G1 X73.584 Y85.754 E5.50331
G1 X73.093 Y85.754 E5.52814
G1 X71.226 Y83.887 E5.66167
G1 X71.226 Y84.379 E5.68655
G1 X72.601 Y85.754 E5.78489
G1 X72.11 Y85.754 E5.80972
G1 X71.226 Y84.87 E5.87294
G1 X71.226 Y85.362 E5.89782
G1 X71.774 Y85.909 E5.93698
M106 S140.25
;LAYER_CHANGE
;Z:0.65
;HEIGHT:0.3
G1 E3.93698 F2400
G92 E0
G1 Z.65 F7800
G92 E0
G1 X74.919 Y105.612
G1 E2 F2400
;TYPE:Perimeter
;WIDTH:0.45
G1 F1800
G1 X75.407 Y105.52 E2.02388
G1 X76.035 Y105.57 E2.05418
G1 X76.631 Y105.783 E2.08462
G1 X77.157 Y106.136 E2.11509
G1 X77.592 Y106.594 E2.14547
G1 X77.931 Y107.13 E2.17597
G1 X78.175 Y107.719 E2.20663
G1 X78.324 Y108.343 E2.23749
G1 X78.38 Y108.982 E2.26834
G1 X78.344 Y109.621 E2.29912
G1 X78.218 Y110.242 E2.3296
G1 X78.002 Y110.828 E2.35964
G1 X77.698 Y111.363 E2.38924
G1 X77.307 Y111.83 E2.41853
G1 X76.831 Y112.206 E2.4477
G1 X76.277 Y112.467 E2.47715
G1 X75.666 Y112.583 E2.50706
G1 X75.037 Y112.533 E2.53741
G1 X74.441 Y112.319 E2.56787
G1 X73.916 Y111.967 E2.59827
G1 X73.48 Y111.509 E2.62868
G1 X73.141 Y110.973 E2.65918
G1 X72.898 Y110.383 E2.68987
G1 X72.748 Y109.76 E2.72069
G1 X72.692 Y109.12 E2.75159
G1 X72.728 Y108.482 E2.78232
G1 X72.855 Y107.861 E2.81281
G1 X73.07 Y107.275 E2.84283
G1 X73.374 Y106.739 E2.87247
G1 X73.765 Y106.273 E2.90173
G1 X74.241 Y105.896 E2.93093
G1 X74.796 Y105.635 E2.96043
G1 X74.86 Y105.623 E2.96356
G1 X75.019 Y105.978 F7800
G1 F1800
G1 X75.459 Y105.902 E2.98504
G1 X75.983 Y105.952 E3.01036
G1 X76.483 Y106.139 E3.03604
G1 X76.928 Y106.446 E3.06204
G1 X77.303 Y106.85 E3.08855
G1 X77.6 Y107.327 E3.11558
G1 X77.815 Y107.859 E3.14318
G1 X77.947 Y108.426 E3.17118
G1 X77.995 Y109.01 E3.19936
G1 X77.96 Y109.594 E3.2275
G1 X77.841 Y110.159 E3.25527
G1 X77.643 Y110.688 E3.28244
G1 X77.367 Y111.166 E3.30899
G1 X77.019 Y111.574 E3.33478
G1 X76.603 Y111.896 E3.36008
G1 X76.128 Y112.111 E3.38516
G1 X75.614 Y112.201 E3.41026
G1 X75.089 Y112.151 E3.43562
G1 X74.59 Y111.964 E3.46125
G1 X74.144 Y111.656 E3.48732
G1 X73.769 Y111.253 E3.5138
G1 X73.472 Y110.775 E3.54087
G1 X73.257 Y110.244 E3.56842
G1 X73.125 Y109.677 E3.59642
G1 X73.077 Y109.093 E3.6246
G1 X73.113 Y108.509 E3.65274
G1 X73.231 Y107.944 E3.6805
G1 X73.43 Y107.414 E3.70773
G1 X73.705 Y106.937 E3.73421
G1 X74.054 Y106.529 E3.76003
G1 X74.47 Y106.207 E3.78533
G1 X74.944 Y105.991 E3.81038
G1 X74.96 Y105.989 E3.81116
G1 X75.117 Y106.343 F7800
;TYPE:External perimeter
G1 F1800
G1 X75.141 Y106.334 E3.81239
G1 X75.562 Y106.284 E3.83278
G1 X75.98 Y106.347 E3.85311
G1 X76.374 Y106.518 E3.87377
G1 X76.73 Y106.784 E3.89514
G1 X77.036 Y107.135 E3.91754
G1 X77.283 Y107.554 E3.94093
G1 X77.465 Y108.027 E3.96531
G1 X77.575 Y108.537 E3.9904
G1 X77.611 Y109.038 E4.01456
G1 X77.575 Y109.566 E4.04001
G1 X77.465 Y110.076 E4.0651
G1 X77.283 Y110.549 E4.08948
G1 X77.015 Y110.997 E4.11459
G1 X76.7 Y111.346 E4.1372
G1 X76.334 Y111.608 E4.15885
G1 X75.931 Y111.769 E4.17972
G1 X75.51 Y111.819 E4.20011
G1 X75.093 Y111.755 E4.2204
G1 X74.698 Y111.585 E4.24108
G1 X74.342 Y111.318 E4.26248
G1 X74.036 Y110.968 E4.28484
G1 X73.789 Y110.549 E4.30823
G1 X73.608 Y110.076 E4.33259
G1 X73.5 Y109.586 E4.35672
G1 X73.462 Y109.065 E4.38184
G1 X73.497 Y108.537 E4.40729
G1 X73.608 Y108.027 E4.43239
G1 X73.789 Y107.554 E4.45675
G1 X74.058 Y107.106 E4.48188
G1 X74.372 Y106.757 E4.50446
G1 X74.738 Y106.495 E4.52611
G1 X75.062 Y106.366 E4.54288
G1 X75.456 Y106.299 F7800
G1 E2.54288 F2400
G92 E0
G1 X91.194 Y99.643 F7800
G1 E2 F2400
;TYPE:Perimeter
G1 F3600
G1 X90.967 Y99.935 E2.01779
G1 X90.893 Y100.305 E2.03594
G1 X90.893 Y117.695 E2.87234
G1 X90.967 Y118.065 E2.89049
G1 X91.279 Y118.466 E2.91493
G1 X91.857 Y118.649 E2.94409
;WIDTH:0.429703
G1 X97.251 Y118.649 E3.18987
G1 X97.251 Y119.014 E3.2065
G1 X91.857 Y119.014 E3.45228
;WIDTH:0.45
G1 X71.59 Y119.004 E4.42705
G1 X71.143 Y118.925 E4.44888
G1 X70.746 Y118.73 E4.47015
G1 X70.385 Y118.394 E4.49387
G1 X70.071 Y117.96 E4.51963
G1 X69.799 Y117.4 E4.54957
G1 X69.654 Y116.92 E4.57369
G1 X69.564 Y116.406 E4.59879
G1 X69.532 Y115.846 E4.62577
G1 X69.532 Y102.529 E5.26627
G1 X69.555 Y101.764 E5.30308
G1 X69.626 Y101.241 E5.32847
G1 X69.754 Y100.75 E5.35287
G1 X69.991 Y100.168 E5.38309
G1 X70.317 Y99.685 E5.41112
G1 X70.732 Y99.282 E5.43894
G1 X71.11 Y99.086 E5.45942
G1 X71.59 Y98.996 E5.48291
G1 X91.857 Y98.986 E6.45768
;WIDTH:0.429704
G1 X97.251 Y98.986 E6.70346
G1 X97.251 Y99.169 E6.7118
;WIDTH:0.429703
G1 X97.251 Y99.351 E6.72009
G1 X91.857 Y99.351 E6.96587
;WIDTH:0.438316
G1 X91.692 Y99.362 E6.97358
;WIDTH:0.45
G1 X91.279 Y99.534 E6.9951
G1 X91.231 Y99.596 E6.99887
G1 X91.458 Y99.909 F7800
G1 F3600
G1 X91.323 Y100.083 E7.00946
G1 X91.279 Y100.305 E7.02035
G1 X91.279 Y117.695 E7.85675
G1 X91.323 Y117.917 E7.86764
G1 X91.51 Y118.157 E7.88227
G1 X91.857 Y118.273 E7.89987
G1 X97.485 Y118.273 E8.17056
;TYPE:Overhang perimeter
;WIDTH:0.4
;HEIGHT:0.4
M106 S255
G1 X97.626 Y118.273 E8.17793
G1 X97.627 Y119.389 E8.23624
G1 X97.483 Y119.389 E8.24376
M106 S140.25
;TYPE:Perimeter
;WIDTH:0.45
;HEIGHT:0.3
G1 X71.704 Y119.389 E9.48364
G1 X71.197 Y119.349 E9.5081
G1 X70.858 Y119.237 E9.52527
G1 X70.392 Y118.935 E9.55198
G1 X70.023 Y118.565 E9.57711
G1 X69.65 Y118.013 E9.60915
G1 X69.437 Y117.535 E9.63432
G1 X69.278 Y117.009 E9.66075
G1 X69.181 Y116.45 E9.68804
G1 X69.147 Y115.858 E9.71656
G1 X69.147 Y103.513 E10.31031
G1 X69.153 Y102.039 E10.3812
G1 X69.214 Y101.36 E10.41399
G1 X69.332 Y100.814 E10.44086
G1 X69.51 Y100.3 E10.46702
G1 X69.743 Y99.836 E10.49199
G1 X70.092 Y99.355 E10.52057
G1 X70.516 Y98.96 E10.54844
G1 X71.062 Y98.695 E10.57763
G1 X71.569 Y98.611 E10.60235
G1 X97.483 Y98.611 E11.84872
;TYPE:Overhang perimeter
;WIDTH:0.4
;HEIGHT:0.4
M106 S255
G1 X97.627 Y98.611 E11.85624
G1 X97.627 Y99.169 E11.88539
G1 X97.626 Y99.727 E11.91454
G1 X97.485 Y99.727 E11.92191
M106 S140.25
;TYPE:Perimeter
;WIDTH:0.45
;HEIGHT:0.3
G1 X91.857 Y99.727 E12.1926
G1 X91.51 Y99.843 E12.2102
G1 X91.495 Y99.862 E12.21136
G1 X91.727 Y100.18 F7800
;TYPE:External perimeter
G1 F1800
G1 X91.664 Y100.305 E12.21809
G1 X91.664 Y117.695 E13.05449
G1 X91.742 Y117.849 E13.06279
G1 X91.857 Y117.887 E13.06862
G1 X97.485 Y117.887 E13.33931
;TYPE:Overhang perimeter
;WIDTH:0.4
;HEIGHT:0.4
M106 S255
G1 F3600
G1 X98.012 Y117.887 E13.36684
G1 X98.013 Y119.775 E13.46548
G1 X97.483 Y119.775 E13.49317
M106 S140.25
;TYPE:External perimeter
;WIDTH:0.45
;HEIGHT:0.3
G1 F1800
G1 X71.68 Y119.775 E14.7342
G1 X71.115 Y119.728 E14.76147
G1 X70.701 Y119.591 E14.78244
G1 X70.303 Y119.365 E14.80445
G1 X69.932 Y119.052 E14.8278
G1 X69.597 Y118.659 E14.85264
G1 X69.308 Y118.194 E14.87897
G1 X69.074 Y117.669 E14.90662
G1 X68.902 Y117.098 E14.9353
G1 X68.797 Y116.494 E14.96479
G1 X68.761 Y115.869 E14.9949
G1 X68.761 Y102.246 E15.65012
G1 X68.785 Y101.72 E15.67545
G1 X68.866 Y101.108 E15.70514
G1 X69.015 Y100.527 E15.73399
G1 X69.225 Y99.992 E15.76163
G1 X69.489 Y99.515 E15.78785
G1 X69.798 Y99.105 E15.81254
G1 X70.301 Y98.637 E15.84558
G1 X70.575 Y98.495 E15.86042
G1 X71.115 Y98.272 E15.88852
G1 X71.548 Y98.225 E15.90947
G1 X97.483 Y98.225 E17.15685
;TYPE:Overhang perimeter
;WIDTH:0.4
;HEIGHT:0.4
M106 S255
G1 F3600
G1 X98.013 Y98.225 E17.18454
G1 X98.012 Y99.169 E17.23386
G1 X98.012 Y100.112 E17.28313
G1 X97.485 Y100.112 E17.31066
M106 S140.25
;TYPE:External perimeter
;WIDTH:0.45
;HEIGHT:0.3
G1 F1800
G1 X91.857 Y100.112 E17.58135
G1 X91.768 Y100.142 E17.58587
G1 X91.673 Y100.531 F7800
G1 E15.58587 F2400
G92 E0
G1 X70.832 Y99.433 F7800
G1 E2 F2400
;TYPE:Solid infill
;WIDTH:0.404381
G1 F3000
G1 X70.366 Y99.902 E2.02804
G1 X70.027 Y100.755 F7800
G1 F3000
G1 X69.955 Y100.736 E2.0312
G1 X69.975 Y100.807 E2.03433
G1 X70.016 Y100.796 E2.03613
;WIDTH:0.45
G1 X70.163 Y100.493 E2.05233
G1 X71.343 Y99.314 E2.13256
G1 X71.917 Y99.285 E2.1602
G1 X69.911 Y101.291 E2.29665
G1 X69.836 Y101.911 E2.32669
G1 X72.462 Y99.285 E2.50531
G1 X73.008 Y99.285 E2.53157
G1 X69.822 Y102.471 E2.74828
G1 X69.822 Y103.016 E2.77449
G1 X73.554 Y99.284 E3.02834
G1 X74.099 Y99.284 E3.05455
G1 X69.822 Y103.562 E3.3455
G1 X69.822 Y104.107 E3.37171
G1 X74.645 Y99.284 E3.69976
G1 X75.191 Y99.283 E3.72602
G1 X69.822 Y104.652 E4.09121
G1 X69.822 Y105.198 E4.11747
G1 X75.736 Y99.283 E4.51977
G1 X76.282 Y99.283 E4.54603
G1 X69.822 Y105.743 E4.98543
G1 X69.822 Y106.288 E5.01164
G1 X76.828 Y99.282 E5.48818
G1 X77.373 Y99.282 E5.51439
G1 X69.822 Y106.834 E6.02803
G1 X69.822 Y107.379 E6.05424
G1 X77.919 Y99.282 E6.60499
G1 X78.465 Y99.281 E6.63125
G1 X69.822 Y107.924 E7.21914
G1 X69.822 Y108.47 E7.2454
G1 X79.01 Y99.281 E7.87039
G1 X79.556 Y99.281 E7.89665
G1 X69.822 Y109.015 E8.55874
G1 X69.739 Y109.863 F7800
;WIDTH:0.404381
G1 F3000
G1 X69.698 Y109.874 E8.56054
G1 X69.679 Y109.803 E8.56366
G1 X69.75 Y109.822 E8.56678
;WIDTH:0.45
G1 X69.822 Y109.56 E8.57985
G1 X80.102 Y99.28 E9.27908
G1 X80.647 Y99.28 E9.30529
G1 X74.469 Y105.458 E9.72551
G1 X74.197 Y105.663 E9.74189
;WIDTH:0.404381
G1 X73.797 Y105.989 E9.76377
G1 X73.339 Y106.458 E9.79157
G1 X73.061 Y106.802 E9.81033
;WIDTH:0.45
G1 X72.853 Y107.074 E9.8268
G1 X69.822 Y110.106 E10.033
G1 X69.822 Y110.651 E10.05921
G1 X72.553 Y107.919 E10.245
G1 X72.737 Y107.677 E10.25962
;WIDTH:0.404381
G1 X72.696 Y107.688 E10.26142
G1 X72.676 Y107.617 E10.26455
G1 X72.748 Y107.636 E10.26771
G1 X72.44 Y108.578 F7800
;WIDTH:0.45
G1 F3000
G1 X69.822 Y111.196 E10.44578
G1 X69.822 Y111.742 E10.47204
G1 X72.408 Y109.155 E10.64797
G1 X72.447 Y109.662 E10.67243
G1 X69.822 Y112.287 E10.85098
G1 X69.822 Y112.832 E10.87719
G1 X72.538 Y110.116 E11.06193
G1 X72.652 Y110.547 E11.08337
G1 X69.822 Y113.378 E11.2759
G1 X69.822 Y113.923 E11.30211
G1 X72.813 Y110.932 E11.50555
G1 X72.996 Y111.294 E11.52506
G1 X69.822 Y114.469 E11.74099
G1 X69.822 Y115.014 E11.7672
G1 X73.209 Y111.626 E11.99761
G1 X73.46 Y111.921 E12.01624
G1 X69.822 Y115.559 E12.26369
G1 X69.836 Y116.09 E12.28924
G1 X73.734 Y112.192 E12.55438
G1 X74.048 Y112.423 E12.57313
G1 X69.889 Y116.583 E12.85605
G1 X69.989 Y117.028 E12.87799
G1 X74.401 Y112.616 E13.17809
G1 X74.797 Y112.766 E13.19846
G1 X70.13 Y117.432 E13.51587
G1 X70.31 Y117.797 E13.53544
G1 X75.258 Y112.849 E13.872
G1 X75.803 Y112.85 E13.89821
G1 X70.532 Y118.121 E14.25674
G1 E12.25674 F2400
G92 E0
G1 X74.976 Y105.433 F7800
G1 E2 F2400
;WIDTH:0.404381
G1 F3000
G1 X74.935 Y105.444 E2.0018
G1 X74.916 Y105.373 E2.00492
G1 X74.987 Y105.392 E2.00804
;WIDTH:0.45
G1 X75.219 Y105.254 E2.02102
G1 X81.193 Y99.28 E2.42736
G1 X81.739 Y99.28 E2.45362
G1 X75.775 Y105.243 E2.85925
G1 X76.237 Y105.327 E2.88183
G1 X82.284 Y99.279 E3.29317
G1 X82.83 Y99.279 E3.31943
G1 X76.637 Y105.472 E3.74067
G1 X76.996 Y105.659 E3.76014
G1 X83.376 Y99.279 E4.1941
G1 X83.921 Y99.278 E4.22031
G1 X77.31 Y105.889 E4.66998
G1 X77.59 Y106.155 E4.68856
G1 X84.467 Y99.278 E5.15633
G1 X85.013 Y99.278 E5.18259
G1 X77.842 Y106.448 E5.67032
G1 X78.058 Y106.778 E5.68929
G1 X85.558 Y99.277 E6.19946
G1 X86.104 Y99.277 E6.22572
G1 X78.245 Y107.136 E6.76028
G1 X78.405 Y107.522 E6.78038
G1 X86.65 Y99.277 E7.34119
G1 X87.195 Y99.276 E7.3674
G1 X78.527 Y107.944 E7.95699
G1 X78.617 Y108.4 E7.97935
G1 X87.741 Y99.276 E8.59995
G1 X88.287 Y99.276 E8.62621
G1 X78.66 Y108.903 E9.28103
G1 X78.64 Y109.467 E9.30817
G1 X88.832 Y99.275 E10.00142
G1 X89.378 Y99.275 E10.02768
G1 X78.537 Y110.116 E10.76507
G1 X78.37 Y110.122 E10.77311
;WIDTH:0.404381
G1 X78.346 Y110.307 E10.78102
G1 X78.367 Y110.389 E10.78461
G1 E8.78461 F2400
G92 E0
G1 X76.467 Y112.536 F7800
G1 E2 F2400
G1 F3000
G1 X76.717 Y112.481 E2.01086
G1 X76.791 Y112.488 E2.01401
G1 X77.253 Y112.11 E2.03932
G1 X77.721 Y111.633 E2.06766
G1 X78.056 Y111.217 E2.09031
;WIDTH:0.45
G1 X78.254 Y110.945 E2.10649
G1 X89.924 Y99.275 E2.90027
G1 E.90027 F2400
G92 E0
G1 X76.519 Y112.68 F7800
G1 E2 F2400
G1 F3000
G1 X70.801 Y118.397 E2.3889
G1 X71.129 Y118.615 E2.40784
G1 X90.469 Y99.274 E3.72336
G1 X91.015 Y99.274 E3.74962
G1 X71.577 Y118.712 E5.07177
G1 X72.12 Y118.715 E5.09789
G1 X90.62 Y100.214 E6.35627
G1 X90.766 Y99.941 E6.37116
;WIDTH:0.404381
G1 X90.818 Y99.854 E6.37546
G1 X90.604 Y100.776 F7800
;WIDTH:0.45
G1 F3000
G1 X72.665 Y118.715 E7.59565
G1 X73.211 Y118.715 E7.62191
G1 X90.604 Y101.321 E8.80499
G1 X90.604 Y101.866 E8.8312
G1 X73.756 Y118.715 E9.97721
G1 X74.301 Y118.715 E10.00342
G1 X90.604 Y102.412 E11.11233
G1 X90.604 Y102.957 E11.13854
G1 X74.847 Y118.715 E12.21035
G1 X75.392 Y118.715 E12.23656
G1 X90.604 Y103.502 E13.2713
G1 X90.604 Y104.048 E13.29756
G1 X75.937 Y118.715 E14.29519
G1 X76.483 Y118.715 E14.32145
G1 X90.604 Y104.593 E15.28198
G1 X90.604 Y105.139 E15.30824
G1 X77.028 Y118.715 E16.23166
G1 X77.573 Y118.715 E16.25787
G1 X90.604 Y105.684 E17.14422
G1 X90.604 Y106.229 E17.17043
G1 X78.119 Y118.715 E18.01968
G1 X78.664 Y118.715 E18.04589
G1 X90.604 Y106.775 E18.85803
G1 X90.604 Y107.32 E18.88424
G1 X79.209 Y118.715 E19.65931
G1 X79.755 Y118.715 E19.68557
G1 X90.604 Y107.865 E20.42354
G1 X90.604 Y108.411 E20.4498
G1 X80.3 Y118.715 E21.15067
G1 X80.845 Y118.715 E21.17688
G1 X90.604 Y108.956 E21.84068
G1 X90.604 Y109.501 E21.86689
G1 X81.391 Y118.715 E22.49358
G1 X81.936 Y118.715 E22.51979
G1 X90.604 Y110.047 E23.10938
G1 X90.604 Y110.592 E23.13559
G1 X82.481 Y118.715 E23.68811
G1 X83.027 Y118.715 E23.71437
G1 X90.604 Y111.137 E24.22978
G1 X90.604 Y111.683 E24.25604
G1 X83.572 Y118.715 E24.73435
G1 X84.117 Y118.715 E24.76056
G1 X90.604 Y112.228 E25.2018
G1 X90.604 Y112.773 E25.22801
G1 X84.663 Y118.715 E25.63214
G1 X85.208 Y118.715 E25.65835
G1 X90.604 Y113.319 E26.02538
G1 X90.604 Y113.864 E26.05159
G1 X85.754 Y118.715 E26.38151
G1 X86.299 Y118.715 E26.40772
G1 X90.604 Y114.409 E26.70057
G1 X90.604 Y114.955 E26.72683
G1 X86.844 Y118.715 E26.98258
G1 X87.39 Y118.715 E27.00884
G1 X90.604 Y115.5 E27.22749
G1 X90.604 Y116.045 E27.2537
G1 X87.935 Y118.715 E27.43528
G1 X88.48 Y118.715 E27.46149
G1 X90.604 Y116.591 E27.60596
G1 X90.608 Y117.723 E27.66041
G1 X90.727 Y118.217 E27.68485
G1 X91.114 Y118.715 E27.71518
G1 X89.026 Y118.715 E27.81561
G1 X90.468 Y117.273 E27.91369
G1 X90.3 Y117.923 E27.94598
;WIDTH:0.361504
G1 X90.354 Y118.195 E27.95626
G1 X90.433 Y118.373 E27.96348
G1 X89.85 Y118.373 E27.98509
G1 X90.163 Y118.06 E28.00149
G1 E26.00149 F2400
G92 E0
G92 E0
G1 X94.87 Y75.56 F7800
G1 E2 F2400
;TYPE:Perimeter
;WIDTH:0.45
G1 F1800
G1 X95.006 Y75.541 E2.0066
G1 X95.528 Y75.55 E2.03171
G1 X96.038 Y75.689 E2.05713
G1 X96.622 Y76.007 E2.08911
G1 X97.109 Y76.457 E2.121
G1 X97.49 Y77 E2.1529
G1 X97.762 Y77.608 E2.18494
G1 X97.929 Y78.257 E2.21717
G1 X97.992 Y78.925 E2.24944
G1 X97.952 Y79.591 E2.28153
G1 X97.812 Y80.237 E2.31332
G1 X97.572 Y80.841 E2.34458
G1 X97.234 Y81.386 E2.37542
G1 X96.8 Y81.849 E2.40594
G1 X96.271 Y82.204 E2.43658
G1 X95.662 Y82.417 E2.46761
G1 X95.391 Y82.456 E2.48078
G1 X94.868 Y82.446 E2.50594
G1 X94.359 Y82.307 E2.53132
G1 X93.775 Y81.989 E2.5633
G1 X93.288 Y81.54 E2.59516
G1 X92.907 Y80.996 E2.6271
G1 X92.634 Y80.388 E2.65916
G1 X92.468 Y79.739 E2.69138
G1 X92.405 Y78.925 E2.73065
G1 X92.445 Y78.405 E2.75573
G1 X92.585 Y77.76 E2.78747
G1 X92.825 Y77.155 E2.81877
G1 X93.162 Y76.61 E2.84959
G1 X93.597 Y76.147 E2.88015
G1 X94.126 Y75.792 E2.91079
G1 X94.735 Y75.579 E2.94182
G1 X94.811 Y75.568 E2.94551
G1 X94.926 Y75.946 F7800
G1 F1800
G1 X95.391 Y75.926 E2.9679
G1 X95.93 Y76.06 E2.99461
G1 X96.42 Y76.336 E3.02166
G1 X96.837 Y76.729 E3.04922
G1 X97.167 Y77.211 E3.07732
G1 X97.407 Y77.758 E3.10605
G1 X97.554 Y78.346 E3.1352
G1 X97.607 Y78.954 E3.16455
G1 X97.568 Y79.562 E3.19385
G1 X97.436 Y80.148 E3.22274
G1 X97.216 Y80.692 E3.25096
G1 X96.912 Y81.175 E3.27841
G1 X96.527 Y81.576 E3.30515
G1 X96.07 Y81.875 E3.33142
G1 X95.553 Y82.047 E3.35763
G1 X95.006 Y82.07 E3.38396
G1 X94.467 Y81.937 E3.41066
G1 X93.976 Y81.66 E3.43777
G1 X93.56 Y81.267 E3.46529
G1 X93.23 Y80.785 E3.49339
G1 X92.99 Y80.239 E3.52208
G1 X92.843 Y79.651 E3.55123
G1 X92.789 Y78.954 E3.58485
G1 X92.829 Y78.435 E3.60989
G1 X92.96 Y77.849 E3.63877
G1 X93.18 Y77.304 E3.66704
G1 X93.485 Y76.822 E3.69447
G1 X93.87 Y76.42 E3.72124
G1 X94.327 Y76.121 E3.74751
G1 X94.843 Y75.949 E3.77367
G1 X94.866 Y75.948 E3.77478
G1 X94.979 Y76.319 F7800
;TYPE:External perimeter
G1 F1800
G1 X95.006 Y76.312 E3.77612
G1 X95.445 Y76.32 E3.79724
G1 X95.868 Y76.45 E3.81852
G1 X96.255 Y76.693 E3.8405
G1 X96.589 Y77.033 E3.86342
G1 X96.861 Y77.454 E3.88753
G1 X97.061 Y77.937 E3.91267
G1 X97.179 Y78.434 E3.93724
G1 X97.223 Y78.984 E3.96378
G1 X97.183 Y79.532 E3.99021
G1 X97.061 Y80.059 E4.01623
G1 X96.861 Y80.543 E4.04142
G1 X96.589 Y80.964 E4.06553
G1 X96.219 Y81.332 E4.09063
G1 X95.822 Y81.567 E4.11282
G1 X95.391 Y81.685 E4.13431
G1 X94.952 Y81.677 E4.15543
G1 X94.528 Y81.546 E4.17677
G1 X94.142 Y81.304 E4.19868
G1 X93.808 Y80.964 E4.2216
G1 X93.536 Y80.543 E4.24571
G1 X93.34 Y80.074 E4.27016
G1 X93.218 Y79.562 E4.29547
G1 X93.174 Y78.984 E4.32335
G1 X93.214 Y78.464 E4.34843
G1 X93.336 Y77.937 E4.37445
G1 X93.536 Y77.454 E4.39959
G1 X93.808 Y77.033 E4.4237
G1 X94.178 Y76.665 E4.4488
G1 X94.575 Y76.43 E4.47099
G1 X94.921 Y76.335 E4.48825
G1 X95.321 Y76.32 F7800
G1 E2.48825 F2400
G92 E0
G1 X79.184 Y71.679 F7800
G1 E2 F2400
;TYPE:Perimeter
G1 F3600
G1 X79.192 Y71.674 E2.00045
G1 X79.379 Y71.408 E2.01609
G1 X79.472 Y70.995 E2.03645
G1 X79.472 Y68.934 E2.13558
G1 X99.145 Y68.934 E3.08178
G1 X99.591 Y69.012 E3.10356
G1 X99.988 Y69.208 E3.12485
G1 X100.35 Y69.543 E3.14857
G1 X100.663 Y69.977 E3.17431
G1 X100.936 Y70.538 E3.20432
G1 X101.08 Y71.018 E3.22842
G1 X101.17 Y71.532 E3.25352
G1 X101.202 Y72.184 E3.28492
G1 X101.202 Y85.427 E3.92186
G1 X101.18 Y86.174 E3.9578
G1 X101.108 Y86.697 E3.98319
G1 X100.981 Y87.188 E4.00758
G1 X100.743 Y87.769 E4.03778
G1 X100.418 Y88.252 E4.06578
G1 X99.988 Y88.667 E4.09452
G1 X99.591 Y88.863 E4.11581
G1 X99.145 Y88.941 E4.13759
G1 X79.472 Y88.941 E5.08379
G1 X79.472 Y86.88 E5.18292
G1 X79.379 Y86.468 E5.20323
G1 X79.15 Y86.161 E5.22165
G1 X78.879 Y85.991 E5.23704
G1 X78.508 Y85.916 E5.25524
G1 X71.064 Y85.916 E5.61327
G1 X71.064 Y71.959 E6.28455
G1 X78.508 Y71.959 E6.64258
G1 X78.879 Y71.884 E6.66078
G1 X79.134 Y71.713 E6.67555
G1 X78.906 Y71.392 F7800
G1 F3600
G1 X79.03 Y71.242 E6.68491
G1 X79.086 Y70.995 E6.69709
G1 X79.086 Y68.548 E6.81478
G1 X99.03 Y68.548 E7.77402
G1 X99.538 Y68.588 E7.79853
G1 X100.026 Y68.786 E7.82386
G1 X100.395 Y69.047 E7.8456
G1 X100.825 Y69.507 E7.87589
G1 X101.157 Y70.087 E7.90803
G1 X101.35 Y70.576 E7.93331
G1 X101.488 Y71.112 E7.95993
G1 X101.565 Y71.679 E7.98745
G1 X101.588 Y72.184 E8.01176
G1 X101.588 Y85.691 E8.6614
G1 X101.565 Y86.196 E8.68571
G1 X101.488 Y86.763 E8.71323
G1 X101.35 Y87.299 E8.73985
G1 X101.157 Y87.788 E8.76513
G1 X100.825 Y88.368 E8.79727
G1 X100.395 Y88.828 E8.82756
G1 X100.026 Y89.089 E8.8493
G1 X99.538 Y89.287 E8.87463
G1 X99.165 Y89.327 E8.89267
G1 X79.086 Y89.327 E9.8584
G1 X79.086 Y86.88 E9.97609
G1 X79.068 Y86.736 E9.98307
G1 X78.949 Y86.506 E9.99553
G1 X78.767 Y86.363 E10.00666
G1 X78.508 Y86.302 E10.01946
G1 X70.678 Y86.302 E10.39606
G1 X70.678 Y71.573 E11.10447
G1 X78.603 Y71.565 E11.48564
G1 X78.845 Y71.464 E11.49825
G1 X78.867 Y71.438 E11.49989
G1 X78.642 Y71.122 F7800
;TYPE:External perimeter
G1 F1800
G1 X78.701 Y70.995 E11.50663
G1 X78.701 Y68.162 E11.64289
G1 X99.055 Y68.162 E12.62185
G1 X99.62 Y68.209 E12.64912
G1 X100.034 Y68.346 E12.67009
G1 X100.431 Y68.572 E12.69206
G1 X100.937 Y69.043 E12.72531
G1 X101.245 Y69.453 E12.74997
G1 X101.509 Y69.93 E12.77619
G1 X101.719 Y70.465 E12.80383
G1 X101.868 Y71.045 E12.83263
G1 X101.95 Y71.657 E12.86233
G1 X101.973 Y72.184 E12.8877
G1 X101.973 Y85.691 E13.53734
G1 X101.95 Y86.218 E13.56271
G1 X101.868 Y86.83 E13.59241
G1 X101.719 Y87.41 E13.62121
G1 X101.509 Y87.945 E13.64885
G1 X101.245 Y88.422 E13.67507
G1 X100.937 Y88.832 E13.69973
G1 X100.431 Y89.303 E13.73298
G1 X100.034 Y89.529 E13.75495
G1 X99.62 Y89.666 E13.77592
G1 X99.186 Y89.712 E13.79691
G1 X78.701 Y89.712 E14.78217
G1 X78.701 Y86.88 E14.91838
G1 X78.655 Y86.756 E14.92474
G1 X78.508 Y86.687 E14.93255
G1 X70.293 Y86.687 E15.32766
G1 X70.293 Y71.187 E16.07316
G1 X78.508 Y71.187 E16.46827
G1 X78.596 Y71.154 E16.47279
G1 X78.693 Y70.766 F7800
G1 X79.891 Y69.274
;TYPE:Solid infill
;WIDTH:0.584864
G1 F3000
G1 X79.845 Y69.228 E16.47701
G1 X79.782 Y69.244 E16.48123
G1 X79.766 Y69.307 E16.48545
G1 X79.812 Y69.353 E16.48967
G1 X79.874 Y69.336 E16.49384
;WIDTH:0.45
G1 X80.537 Y69.223 E16.52619
G1 X79.761 Y69.999 E16.57897
G1 X79.761 Y70.544 E16.60518
G1 X81.082 Y69.223 E16.69503
G1 X81.941 Y69.099 F7800
;WIDTH:0.404381
G1 F3000
G1 X81.87 Y69.08 E16.69815
G1 X81.889 Y69.151 E16.70127
G1 X81.93 Y69.14 E16.70307
;WIDTH:0.45
G1 X81.627 Y69.223 E16.71818
G1 X79.748 Y71.102 E16.84599
G1 X79.602 Y71.375 E16.86088
;WIDTH:0.404381
G1 X79.526 Y71.492 E16.8668
G1 E14.8668 F2400
G92 E0
G1 X71.458 Y72.279 F7800
G1 E2 F2400
;WIDTH:0.543559
G1 F3000
G1 X71.415 Y72.237 E2.00359
G1 X71.357 Y72.252 E2.00717
G1 X71.342 Y72.31 E2.01075
G1 X71.384 Y72.353 E2.01434
G1 X71.442 Y72.337 E2.01794
;WIDTH:0.45
G1 X71.353 Y72.953 E2.04788
G1 X72.058 Y72.248 E2.09583
G1 X72.603 Y72.248 E2.12204
G1 X71.353 Y73.498 E2.20706
G1 X71.353 Y74.044 E2.23332
G1 X73.149 Y72.248 E2.35548
G1 X73.694 Y72.248 E2.38169
G1 X71.353 Y74.589 E2.54092
G1 X71.353 Y75.134 E2.56713
G1 X74.239 Y72.248 E2.76343
G1 X74.785 Y72.248 E2.78969
G1 X71.353 Y75.68 E3.02313
G1 X71.353 Y76.225 E3.04934
G1 X75.33 Y72.248 E3.31985
G1 X75.876 Y72.248 E3.34611
G1 X71.353 Y76.77 E3.65372
G1 X71.353 Y77.316 E3.67998
G1 X76.421 Y72.248 E4.0247
G1 X76.966 Y72.248 E4.05091
G1 X71.353 Y77.861 E4.4327
G1 X71.353 Y78.407 E4.45896
G1 X77.512 Y72.248 E4.87789
G1 X78.057 Y72.248 E4.9041
G1 X71.353 Y78.952 E5.3601
G1 X71.353 Y79.497 E5.38631
G1 X78.615 Y72.235 E5.88026
G1 X78.887 Y72.086 E5.89518
;WIDTH:0.404381
G1 X79.08 Y71.957 E5.90502
G1 E3.90502 F2400
G92 E0
G1 X82.173 Y69.223 F7800
G1 E2 F2400
;WIDTH:0.45
G1 F3000
G1 X71.353 Y80.043 E2.73596
G1 X71.353 Y80.588 E2.76217
G1 X82.718 Y69.223 E3.5352
G1 X83.263 Y69.223 E3.56141
G1 X71.353 Y81.133 E4.37151
G1 X71.353 Y81.679 E4.39777
G1 X83.809 Y69.223 E5.24501
G1 X84.354 Y69.223 E5.27122
G1 X71.353 Y82.224 E6.15553
G1 X71.353 Y82.769 E6.18174
G1 X84.899 Y69.223 E7.10312
G1 X85.445 Y69.223 E7.12938
G1 X71.353 Y83.315 E8.0879
G1 X71.353 Y83.86 E8.11411
G1 X85.99 Y69.223 E9.1097
G1 X86.535 Y69.223 E9.13591
G1 X71.353 Y84.405 E10.16857
G1 X71.353 Y84.951 E10.19483
G1 X87.081 Y69.223 E11.26463
G1 X87.626 Y69.223 E11.29084
G1 X71.353 Y85.496 E12.39771
G1 X71.288 Y85.722 E12.40902
;WIDTH:0.404381
G1 X71.217 Y85.703 E12.41214
G1 X71.236 Y85.774 E12.41526
G1 X71.277 Y85.763 E12.41706
;WIDTH:0.45
G1 X71.767 Y85.627 E12.44152
G1 X88.171 Y69.223 E13.5573
G1 X88.717 Y69.223 E13.58356
G1 X72.313 Y85.627 E14.69934
G1 X72.858 Y85.627 E14.72555
G1 X89.262 Y69.223 E15.84133
G1 X89.807 Y69.223 E15.86754
G1 X73.403 Y85.627 E16.98332
G1 X73.949 Y85.627 E17.00958
G1 X90.353 Y69.223 E18.12536
G1 X90.898 Y69.223 E18.15157
G1 X74.494 Y85.627 E19.26735
G1 X75.039 Y85.627 E19.29356
G1 X91.444 Y69.223 E20.40937
G1 X91.989 Y69.223 E20.43558
G1 X75.585 Y85.627 E21.55136
G1 X76.13 Y85.627 E21.57757
G1 X92.534 Y69.223 E22.69335
G1 X93.08 Y69.223 E22.71961
G1 X76.675 Y85.627 E23.83542
G1 X77.221 Y85.627 E23.86168
G1 X93.625 Y69.223 E24.97746
G1 X94.17 Y69.223 E25.00367
G1 X77.766 Y85.627 E26.11945
G1 X78.312 Y85.627 E26.14571
G1 X94.716 Y69.223 E27.26149
G1 X95.261 Y69.223 E27.2877
G1 X78.815 Y85.669 E28.40634
G1 X79.196 Y85.833 E28.42629
G1 X95.806 Y69.223 E29.55608
G1 X96.352 Y69.223 E29.58234
G1 X79.479 Y86.096 E30.73002
G1 X79.677 Y86.443 E30.74924
G1 X96.897 Y69.223 E31.92052
G1 X97.442 Y69.223 E31.94673
G1 X79.761 Y86.904 E33.14937
G1 X79.761 Y87.45 E33.17563
G1 X97.988 Y69.223 E34.41541
G1 X98.533 Y69.223 E34.44162
G1 X79.761 Y87.995 E35.71847
G1 X79.678 Y88.795 F7800
;WIDTH:0.404381
G1 F3000
G1 X79.637 Y88.806 E35.72027
G1 X79.618 Y88.735 E35.72339
G1 X79.689 Y88.754 E35.72651
;WIDTH:0.45
G1 X79.761 Y88.54 E35.73737
G1 X99.078 Y69.223 E37.05129
G1 X99.545 Y69.302 E37.07407
G1 X80.195 Y88.652 E38.39023
G1 X80.508 Y88.754 E38.40606
;WIDTH:0.404381
G1 X80.437 Y88.735 E38.40918
G1 X80.456 Y88.806 E38.4123
G1 X80.497 Y88.795 E38.4141
G1 E36.4141 F2400
G92 E0
G1 X93.643 Y75.749 F7800
G1 E2 F2400
;WIDTH:0.45
G1 F3000
G1 X99.889 Y69.503 E2.42485
G1 X100.165 Y69.772 E2.44339
G1 X94.628 Y75.309 E2.82001
G1 X94.358 Y75.473 E2.8352
;WIDTH:0.404381
G1 X94.583 Y75.488 E2.84476
;WIDTH:0.45
G1 X95.225 Y75.258 E2.87756
G1 X100.393 Y70.09 E3.22908
G1 X100.579 Y70.449 E3.24853
G1 X95.724 Y75.304 E3.57876
G1 X96.143 Y75.43 E3.5998
G1 X100.727 Y70.847 E3.91156
G1 X100.834 Y71.285 E3.93325
G1 X96.512 Y75.607 E4.22723
G1 X96.846 Y75.818 E4.24623
G1 X100.894 Y71.77 E4.52157
G1 X100.913 Y72.297 E4.54693
G1 X97.136 Y76.074 E4.80384
G1 X97.399 Y76.356 E4.82239
G1 X100.913 Y72.842 E5.06141
G1 X100.913 Y73.387 E5.08762
G1 X97.624 Y76.677 E5.31137
G1 X97.826 Y77.019 E5.33047
G1 X100.913 Y73.933 E5.54041
G1 X100.913 Y74.478 E5.56662
G1 X97.989 Y77.402 E5.76551
G1 X98.115 Y77.822 E5.7866
G1 X100.913 Y75.023 E5.97695
G1 X100.913 Y75.569 E6.00321
G1 X98.219 Y78.263 E6.18645
G1 X98.267 Y78.76 E6.21047
G1 X100.913 Y76.114 E6.39045
G1 X100.913 Y76.659 E6.41666
G1 X98.254 Y79.319 E6.59756
G1 X98.016 Y80.213 F7800
;WIDTH:0.404381
G1 F3000
G1 X97.994 Y80.048 E6.60462
;WIDTH:0.45
G1 X98.178 Y79.94 E6.61488
G1 X100.913 Y77.205 E6.80091
G1 E4.80091 F2400
G92 E0
G1 X93.371 Y76 F7800
G1 E2 F2400
;WIDTH:0.420051
G1 F3000
G1 X93.128 Y76.236 E2.01503
;WIDTH:0.45
G1 X92.883 Y76.509 E2.03267
G1 X80.74 Y88.652 E2.85862
G1 X81.285 Y88.652 E2.88483
G1 X92.327 Y77.61 E3.63589
G1 X92.491 Y77.579 E3.64392
;WIDTH:0.404381
G1 X92.521 Y77.487 E3.64802
G1 X92.507 Y77.338 E3.65437
G1 X92.164 Y78.318 F7800
;WIDTH:0.45
G1 F3000
G1 X81.831 Y88.652 E4.35724
G1 X82.376 Y88.652 E4.38345
G1 X92.123 Y78.905 E5.04643
G1 X92.144 Y79.429 E5.07165
G1 X82.921 Y88.652 E5.69899
G1 X83.467 Y88.652 E5.72525
G1 X92.214 Y79.905 E6.32021
G1 X92.318 Y80.346 E6.342
G1 X84.012 Y88.652 E6.90696
G1 X84.557 Y88.652 E6.93317
G1 X92.47 Y80.739 E7.4714
G1 X92.642 Y81.113 E7.4912
G1 X85.103 Y88.652 E8.00399
G1 X85.648 Y88.652 E8.0302
G1 X92.855 Y81.445 E8.52041
G1 X93.092 Y81.754 E8.53914
G1 X86.193 Y88.652 E9.00837
G1 X86.739 Y88.652 E9.03463
G1 X93.365 Y82.026 E9.48532
G1 X93.671 Y82.265 E9.50399
G1 X87.284 Y88.652 E9.93843
G1 X87.83 Y88.652 E9.96469
G1 X94.013 Y82.469 E10.38525
G1 X94.407 Y82.62 E10.40554
G1 X88.375 Y88.652 E10.81583
G1 X88.92 Y88.652 E10.84204
G1 X94.839 Y82.733 E11.24464
G1 X95.373 Y82.745 E11.27033
G1 X89.466 Y88.652 E11.67212
G1 X89.893 Y88.847 E11.6947
;WIDTH:0.404381
G1 X89.852 Y88.858 E11.6965
G1 X89.833 Y88.787 E11.69962
G1 X89.904 Y88.806 E11.70274
;WIDTH:0.45
G1 X90.011 Y88.652 E11.71176
G1 X96.061 Y82.602 E12.12327
G1 X96.334 Y82.409 E12.13935
;WIDTH:0.404381
G1 X96.714 Y82.125 E12.15947
G1 X97.211 Y81.649 E12.18865
G1 X97.735 Y81.013 E12.2236
;WIDTH:0.45
G1 X97.922 Y80.741 E12.23948
G1 X100.913 Y77.75 E12.44292
G1 X100.913 Y78.295 E12.46913
G1 X90.556 Y88.652 E13.1736
G1 X90.325 Y88.754 E13.18575
;WIDTH:0.404381
G1 X90.254 Y88.735 E13.18887
G1 X90.273 Y88.806 E13.19199
G1 X90.314 Y88.795 E13.19379
G1 X91.102 Y88.652 F7800
;WIDTH:0.45
G1 F3000
G1 X100.913 Y78.841 E13.86112
G1 X100.913 Y79.386 E13.88733
G1 X91.647 Y88.652 E14.51759
G1 X92.192 Y88.652 E14.5438
G1 X100.913 Y79.931 E15.13699
G1 X100.913 Y80.477 E15.16325
G1 X92.738 Y88.652 E15.7193
G1 X93.283 Y88.652 E15.74551
G1 X100.913 Y81.022 E16.26449
G1 X100.913 Y81.567 E16.2907
G1 X93.828 Y88.652 E16.77261
G1 X94.374 Y88.652 E16.79887
G1 X100.913 Y82.113 E17.24364
G1 X100.913 Y82.658 E17.26985
G1 X94.919 Y88.652 E17.67755
G1 X95.464 Y88.652 E17.70376
G1 X100.913 Y83.203 E18.07439
G1 X100.913 Y83.749 E18.10065
G1 X96.01 Y88.652 E18.43415
G1 X96.555 Y88.652 E18.46036
G1 X100.913 Y84.294 E18.75679
G1 X100.913 Y84.84 E18.78305
G1 X97.1 Y88.652 E19.04237
G1 X97.646 Y88.652 E19.06863
G1 X100.913 Y85.385 E19.29085
G1 X100.904 Y85.94 E19.31755
G1 X98.191 Y88.652 E19.50205
G1 X98.736 Y88.652 E19.52826
G1 X100.841 Y86.548 E19.67141
G1 X100.725 Y87.151 E19.70094
;WIDTH:0.368702
G1 X100.526 Y87.646 E19.72119
G1 X100.318 Y87.984 E19.73625
;WIDTH:0.38194
G1 X100.066 Y88.268 E19.75129
G1 X99.845 Y88.462 E19.76294
;WIDTH:0.369994
G1 X99.416 Y88.658 E19.78092
G1 X99.206 Y88.672 E19.78894
G1 X100.081 Y87.796 E19.83614
;WIDTH:0.368702
G1 X100.589 Y87.287 E19.86344
M106 S124.95
;LAYER_CHANGE
;Z:0.95
;HEIGHT:0.3
G1 E17.86344 F2400
G92 E0
G1 Z.95 F7800
G92 E0
G1 X74.919 Y105.612
G1 E2 F2400
;TYPE:Perimeter
;WIDTH:0.45
G1 F1800
G1 X75.407 Y105.52 E2.02388
G1 X76.035 Y105.57 E2.05418
G1 X76.631 Y105.783 E2.08462
G1 X77.157 Y106.136 E2.11509
G1 X77.592 Y106.594 E2.14547
G1 X77.931 Y107.13 E2.17597
G1 X78.175 Y107.719 E2.20663
G1 X78.324 Y108.343 E2.23749
G1 X78.38 Y108.982 E2.26834
G1 X78.344 Y109.621 E2.29912
G1 X78.218 Y110.242 E2.3296
G1 X78.002 Y110.828 E2.35964
G1 X77.698 Y111.363 E2.38924
G1 X77.307 Y111.83 E2.41853
G1 X76.831 Y112.206 E2.4477
G1 X76.277 Y112.467 E2.47715
G1 X75.666 Y112.583 E2.50706
G1 X75.037 Y112.533 E2.53741
G1 X74.441 Y112.319 E2.56787
G1 X73.916 Y111.967 E2.59827
G1 X73.48 Y111.509 E2.62868
G1 X73.141 Y110.973 E2.65918
G1 X72.898 Y110.383 E2.68987
G1 X72.748 Y109.76 E2.72069
G1 X72.692 Y109.12 E2.75159
G1 X72.728 Y108.482 E2.78232
G1 X72.855 Y107.861 E2.81281
G1 X73.07 Y107.275 E2.84283
G1 X73.374 Y106.739 E2.87247
G1 X73.765 Y106.273 E2.90173
G1 X74.241 Y105.896 E2.93093
G1 X74.796 Y105.635 E2.96043
G1 X74.86 Y105.623 E2.96356
G1 X75.019 Y105.978 F7800
G1 F1800
G1 X75.459 Y105.902 E2.98504
G1 X75.983 Y105.952 E3.01036
G1 X76.483 Y106.139 E3.03604
G1 X76.928 Y106.446 E3.06204
G1 X77.303 Y106.85 E3.08855
G1 X77.6 Y107.327 E3.11558
G1 X77.815 Y107.859 E3.14318
G1 X77.947 Y108.426 E3.17118
G1 X77.995 Y109.01 E3.19936
G1 X77.96 Y109.594 E3.2275
G1 X77.841 Y110.159 E3.25527
G1 X77.643 Y110.688 E3.28244
G1 X77.367 Y111.166 E3.30899
G1 X77.019 Y111.574 E3.33478
G1 X76.603 Y111.896 E3.36008
G1 X76.128 Y112.111 E3.38516
G1 X75.614 Y112.201 E3.41026
G1 X75.089 Y112.151 E3.43562
G1 X74.59 Y111.964 E3.46125
G1 X74.144 Y111.656 E3.48732
G1 X73.769 Y111.253 E3.5138
G1 X73.472 Y110.775 E3.54087
G1 X73.257 Y110.244 E3.56842
G1 X73.125 Y109.677 E3.59642
G1 X73.077 Y109.093 E3.6246
G1 X73.113 Y108.509 E3.65274
G1 X73.231 Y107.944 E3.6805
G1 X73.43 Y107.414 E3.70773
G1 X73.705 Y106.937 E3.73421
G1 X74.054 Y106.529 E3.76003
G1 X74.47 Y106.207 E3.78533
G1 X74.944 Y105.991 E3.81038
G1 X74.96 Y105.989 E3.81116
G1 X75.117 Y106.343 F7800
;TYPE:External perimeter
G1 F1800
G1 X75.141 Y106.334 E3.81239
G1 X75.562 Y106.284 E3.83278
G1 X75.98 Y106.347 E3.85311
G1 X76.374 Y106.518 E3.87377
G1 X76.73 Y106.784 E3.89514
G1 X77.036 Y107.135 E3.91754
G1 X77.283 Y107.554 E3.94093
G1 X77.465 Y108.027 E3.96531
G1 X77.575 Y108.537 E3.9904
G1 X77.611 Y109.038 E4.01456
G1 X77.575 Y109.566 E4.04001
G1 X77.465 Y110.076 E4.0651
G1 X77.283 Y110.549 E4.08948
G1 X77.015 Y110.997 E4.11459
G1 X76.7 Y111.346 E4.1372
G1 X76.334 Y111.608 E4.15885
G1 X75.931 Y111.769 E4.17972
G1 X75.51 Y111.819 E4.20011
G1 X75.093 Y111.755 E4.2204
G1 X74.698 Y111.585 E4.24108
G1 X74.342 Y111.318 E4.26248
G1 X74.036 Y110.968 E4.28484
G1 X73.789 Y110.549 E4.30823
G1 X73.608 Y110.076 E4.33259
G1 X73.5 Y109.586 E4.35672
G1 X73.462 Y109.065 E4.38184
G1 X73.497 Y108.537 E4.40729
G1 X73.608 Y108.027 E4.43239
G1 X73.789 Y107.554 E4.45675
G1 X74.058 Y107.106 E4.48188
G1 X74.372 Y106.757 E4.50446
G1 X74.738 Y106.495 E4.52611
G1 X75.062 Y106.366 E4.54288
G1 X75.456 Y106.299 F7800
G1 E2.54288 F2400
G92 E0
G1 X91.112 Y99.642 F7800
G1 E2 F2400
;TYPE:Perimeter
G1 F3600
G1 X90.884 Y99.935 E2.01786
G1 X90.81 Y100.305 E2.03601
G1 X90.81 Y117.695 E2.87241
G1 X90.884 Y118.065 E2.89056
G1 X91.195 Y118.466 E2.91497
G1 X91.774 Y118.649 E2.94418
;WIDTH:0.429703
G1 X97.851 Y118.649 E3.22108
G1 X97.851 Y119.014 E3.23771
G1 X91.774 Y119.014 E3.51461
;WIDTH:0.45
G1 X71.59 Y119.004 E4.48539
G1 X71.143 Y118.925 E4.50722
G1 X70.746 Y118.73 E4.52849
G1 X70.385 Y118.394 E4.55221
G1 X70.071 Y117.96 E4.57797
G1 X69.799 Y117.4 E4.60791
G1 X69.654 Y116.92 E4.63203
G1 X69.564 Y116.406 E4.65713
G1 X69.532 Y115.846 E4.68411
G1 X69.532 Y102.529 E5.32461
G1 X69.555 Y101.764 E5.36142
G1 X69.626 Y101.241 E5.38681
G1 X69.754 Y100.75 E5.41121
G1 X69.991 Y100.168 E5.44143
G1 X70.317 Y99.685 E5.46946
G1 X70.746 Y99.27 E5.49817
G1 X71.143 Y99.075 E5.51944
G1 X71.59 Y98.996 E5.54127
G1 X91.774 Y98.986 E6.51205
;WIDTH:0.429704
G1 X97.851 Y98.986 E6.78895
G1 X97.851 Y99.169 E6.79729
;WIDTH:0.429703
G1 X97.851 Y99.351 E6.80558
G1 X91.774 Y99.351 E7.08248
;WIDTH:0.438316
G1 X91.608 Y99.362 E7.09024
;WIDTH:0.45
G1 X91.195 Y99.534 E7.11176
G1 X91.149 Y99.594 E7.1154
G1 X91.376 Y99.908 F7800
G1 F3600
G1 X91.24 Y100.083 E7.12606
G1 X91.195 Y100.305 E7.13695
G1 X91.195 Y117.695 E7.97335
G1 X91.24 Y117.917 E7.98424
G1 X91.427 Y118.157 E7.99887
G1 X91.774 Y118.273 E8.01647
G1 X98.226 Y118.273 E8.32679
G1 X98.227 Y119.389 E8.38047
G1 X71.704 Y119.389 E9.65613
G1 X71.197 Y119.349 E9.68059
G1 X70.858 Y119.237 E9.69776
G1 X70.392 Y118.935 E9.72447
G1 X70.023 Y118.565 E9.7496
G1 X69.65 Y118.013 E9.78164
G1 X69.437 Y117.535 E9.80681
G1 X69.278 Y117.009 E9.83324
G1 X69.181 Y116.45 E9.86053
G1 X69.147 Y115.858 E9.88905
G1 X69.147 Y102.246 E10.54374
G1 X69.17 Y101.742 E10.56801
G1 X69.246 Y101.174 E10.59557
G1 X69.385 Y100.638 E10.6222
G1 X69.578 Y100.149 E10.64748
G1 X69.909 Y99.569 E10.6796
G1 X70.339 Y99.109 E10.70989
G1 X70.708 Y98.848 E10.73163
G1 X71.197 Y98.651 E10.75699
G1 X71.569 Y98.611 E10.77499
G1 X98.227 Y98.611 E12.05715
G1 X98.227 Y99.169 E12.08399
G1 X98.226 Y99.727 E12.11083
G1 X91.774 Y99.727 E12.42115
G1 X91.427 Y99.843 E12.43875
G1 X91.412 Y99.861 E12.43988
G1 X91.644 Y100.18 F7800
;TYPE:External perimeter
G1 F1800
G1 X91.581 Y100.305 E12.44661
G1 X91.581 Y117.695 E13.28301
G1 X91.658 Y117.849 E13.29129
G1 X91.774 Y117.887 E13.29716
G1 X98.437 Y117.887 E13.61763
;TYPE:Overhang perimeter
;WIDTH:0.4
;HEIGHT:0.4
M106 S255
G1 F3600
G1 X98.612 Y117.887 E13.62677
G1 X98.613 Y119.775 E13.72541
G1 X98.438 Y119.775 E13.73455
M106 S124.95
;TYPE:External perimeter
;WIDTH:0.45
;HEIGHT:0.3
G1 F1800
G1 X71.68 Y119.775 E15.02152
G1 X71.115 Y119.728 E15.04879
G1 X70.701 Y119.591 E15.06976
G1 X70.303 Y119.365 E15.09177
G1 X69.932 Y119.052 E15.11512
G1 X69.597 Y118.659 E15.13996
G1 X69.308 Y118.194 E15.16629
G1 X69.075 Y117.669 E15.19392
G1 X68.902 Y117.098 E15.22262
G1 X68.797 Y116.494 E15.25211
G1 X68.761 Y115.869 E15.28222
G1 X68.761 Y102.246 E15.93744
G1 X68.785 Y101.72 E15.96277
G1 X68.866 Y101.108 E15.99246
G1 X69.015 Y100.527 E16.02131
G1 X69.225 Y99.992 E16.04895
G1 X69.489 Y99.515 E16.07517
G1 X69.798 Y99.106 E16.09982
G1 X70.303 Y98.635 E16.13303
G1 X70.701 Y98.409 E16.15504
G1 X71.115 Y98.272 E16.17601
G1 X71.548 Y98.225 E16.19696
G1 X98.438 Y98.225 E17.49028
;TYPE:Overhang perimeter
;WIDTH:0.4
;HEIGHT:0.4
M106 S255
G1 F3600
G1 X98.613 Y98.225 E17.49942
G1 X98.612 Y99.169 E17.54874
G1 X98.612 Y100.112 E17.59801
G1 X98.437 Y100.112 E17.60715
M106 S124.95
;TYPE:External perimeter
;WIDTH:0.45
;HEIGHT:0.3
G1 F1800
G1 X91.774 Y100.112 E17.92762
G1 X91.685 Y100.142 E17.93214
G1 X91.589 Y100.531 F7800
G1 X90.011 Y101.425
;TYPE:Top solid infill
;WIDTH:0.403163
G1 F2400
G1 X90.546 Y101.959 E17.96408
G1 X90.546 Y102.438 E17.98432
G1 X89.683 Y101.576 E18.03586
G1 X89.204 Y101.576 E18.0561
G1 X90.546 Y102.917 E18.13626
G1 X90.546 Y103.397 E18.15654
G1 X88.725 Y101.576 E18.26536
G1 X88.246 Y101.576 E18.2856
G1 X90.546 Y103.876 E18.42304
G1 X90.546 Y104.355 E18.44328
G1 X87.767 Y101.576 E18.60935
G1 X87.475 Y101.578 E18.62169
G1 X87.311 Y101.599 E18.62868
G1 X90.545 Y104.834 E18.82196
G1 X90.545 Y105.313 E18.8422
G1 X86.938 Y101.706 E19.05774
G1 X86.608 Y101.855 E19.07304
G1 X90.545 Y105.792 E19.3083
G1 X90.545 Y106.271 E19.32854
G1 X86.328 Y102.053 E19.58057
G1 X86.108 Y102.313 E19.59496
G1 X90.545 Y106.75 E19.8601
G1 X90.545 Y107.229 E19.88034
G1 X85.941 Y102.625 E20.15546
G1 X85.811 Y102.974 E20.1712
G1 X90.545 Y107.708 E20.45409
G1 X90.545 Y108.188 E20.47437
G1 X85.755 Y103.397 E20.76064
G1 X85.755 Y103.877 E20.78092
G1 X90.545 Y108.667 E21.06716
G1 X90.545 Y109.146 E21.0874
G1 X85.755 Y104.356 E21.37364
G1 X85.755 Y104.835 E21.39388
G1 X90.545 Y109.625 E21.68012
G1 X90.545 Y110.104 E21.70036
G1 X85.755 Y105.314 E21.9866
G1 X85.755 Y105.793 E22.00684
G1 X90.545 Y110.583 E22.29308
G1 X90.545 Y111.062 E22.31332
G1 X85.715 Y106.232 E22.60195
G1 X85.438 Y106.434 E22.61644
G1 X90.545 Y111.541 E22.92162
G1 X90.545 Y112.02 E22.94186
G1 X85.214 Y106.689 E23.26043
G1 X85.044 Y106.998 E23.27533
G1 X90.545 Y112.5 E23.60408
G1 X90.545 Y112.979 E23.62432
G1 X84.914 Y107.347 E23.96084
G1 X84.865 Y107.59 E23.97131
G1 X84.854 Y107.766 E23.97876
G1 X90.545 Y113.458 E24.31887
G1 X90.545 Y113.937 E24.33911
G1 X84.854 Y108.245 E24.67922
G1 X84.854 Y108.725 E24.6995
G1 X90.545 Y114.416 E25.03958
G1 X90.545 Y114.895 E25.05982
G1 X84.854 Y109.204 E25.3999
G1 X84.854 Y109.683 E25.42014
G1 X90.545 Y115.374 E25.76022
G1 X90.545 Y115.853 E25.78046
G1 X84.858 Y110.166 E26.1203
G1 X84.914 Y110.478 E26.13369
G1 X85.046 Y110.833 E26.14969
G1 X90.545 Y116.332 E26.4783
G1 X90.545 Y116.424 E26.48219
G1 X90.158 Y116.424 E26.49854
G1 X85.755 Y112.021 E26.76165
G1 X85.755 Y112.501 E26.78193
G1 X89.679 Y116.424 E27.01639
G1 X89.2 Y116.424 E27.03663
G1 X85.755 Y112.98 E27.24246
G1 X85.755 Y113.459 E27.2627
G1 X88.721 Y116.424 E27.43991
G1 X88.241 Y116.424 E27.46019
G1 X85.755 Y113.938 E27.60875
G1 X85.755 Y114.417 E27.62899
G1 X87.762 Y116.424 E27.74892
G1 X87.475 Y116.422 E27.76105
G1 X87.248 Y116.389 E27.77074
G1 X85.791 Y114.931 E27.85784
G1 X85.843 Y115.134 E27.86669
G1 X85.969 Y115.444 E27.88083
G1 X86.142 Y115.737 E27.89521
G1 X86.239 Y115.859 E27.9018
G1 X86.767 Y116.387 E27.93335
G1 E25.93335
G92 E0
G1 X70.367 Y118.098 F7800
G1 E2 F2400
;TYPE:Solid infill
;WIDTH:0.404381
G1 F3000
G1 X70.849 Y118.582 E2.02897
;WIDTH:0.45
G1 X71.343 Y118.686 E2.05325
G1 X70.163 Y117.507 E2.13348
G1 X70.017 Y117.206 E2.14957
;WIDTH:0.404381
G1 X70.028 Y117.247 E2.15137
G1 X69.957 Y117.267 E2.1545
G1 X69.976 Y117.195 E2.15766
;WIDTH:0.45
G1 X69.911 Y116.709 E2.18124
G1 X71.916 Y118.715 E2.31765
G1 X72.462 Y118.715 E2.34391
G1 X69.836 Y116.089 E2.52253
G1 X69.822 Y115.529 E2.54947
G1 X73.007 Y118.715 E2.76614
G1 X73.552 Y118.715 E2.79235
G1 X69.822 Y114.984 E3.04609
G1 X69.822 Y114.438 E3.07235
G1 X74.098 Y118.715 E3.36323
G1 X74.643 Y118.715 E3.38944
G1 X69.822 Y113.893 E3.71739
G1 X69.822 Y113.348 E3.7436
G1 X75.188 Y118.715 E4.10862
G1 X75.734 Y118.715 E4.13488
G1 X69.822 Y112.802 E4.53704
G1 X69.822 Y112.257 E4.56325
G1 X76.279 Y118.715 E5.00248
G1 X76.825 Y118.715 E5.02874
G1 X69.822 Y111.712 E5.50508
G1 X69.822 Y111.166 E5.53134
G1 X77.37 Y118.715 E6.04478
G1 X77.915 Y118.715 E6.07099
G1 X69.822 Y110.621 E6.6215
G1 X69.822 Y110.076 E6.64771
G1 X78.461 Y118.715 E7.23532
G1 X79.006 Y118.715 E7.26153
G1 X69.822 Y109.53 E7.88625
G1 X69.822 Y108.985 E7.91246
G1 X79.551 Y118.715 E8.57425
G1 X80.399 Y118.797 F7800
;WIDTH:0.404381
G1 F3000
G1 X80.41 Y118.838 E8.57605
G1 X80.339 Y118.858 E8.57918
G1 X80.358 Y118.786 E8.58234
;WIDTH:0.45
G1 X80.097 Y118.715 E8.59535
G1 X69.822 Y108.44 E9.29424
G1 X69.822 Y107.894 E9.3205
G1 X72.78 Y110.852 E9.5217
G1 X72.975 Y111.125 E9.53784
;WIDTH:0.404381
G1 X73.65 Y111.923 E9.58216
G1 X74.126 Y112.349 E9.60925
G1 X74.373 Y112.524 E9.62209
;WIDTH:0.45
G1 X74.645 Y112.718 E9.63816
G1 X80.642 Y118.715 E10.04607
G1 X81.187 Y118.715 E10.07228
G1 X75.331 Y112.858 E10.47063
G1 X75.861 Y112.843 E10.49613
G1 X81.733 Y118.715 E10.89554
G1 X82.278 Y118.715 E10.92175
G1 X76.319 Y112.755 E11.32711
G1 X76.709 Y112.6 E11.34729
G1 X82.823 Y118.715 E11.76319
G1 X83.369 Y118.715 E11.78945
G1 X77.055 Y112.401 E12.21892
G1 X77.366 Y112.166 E12.23767
G1 X83.914 Y118.715 E12.68309
G1 X84.459 Y118.715 E12.7093
G1 X77.638 Y111.893 E13.17329
G1 X77.886 Y111.595 E13.19194
G1 X85.005 Y118.715 E13.6762
G1 X85.55 Y118.715 E13.70241
G1 X78.096 Y111.261 E14.20942
G1 X78.275 Y110.894 E14.22906
G1 X86.095 Y118.715 E14.761
G1 X86.641 Y118.715 E14.78726
G1 X78.435 Y110.508 E15.34546
G1 X78.546 Y110.075 E15.36696
G1 X87.186 Y118.715 E15.95464
G1 X87.731 Y118.715 E15.98085
G1 X78.629 Y109.612 E16.59999
G1 X78.668 Y109.106 E16.6244
G1 X88.277 Y118.715 E17.27799
G1 X88.538 Y118.786 E17.291
;WIDTH:0.404381
G1 X88.519 Y118.858 E17.29416
G1 X88.591 Y118.838 E17.29733
G1 X88.58 Y118.797 E17.29913
G1 E15.29913 F2400
G92 E0
G1 X85.82 Y115.793 F7800
G1 E2 F2400
G1 F3000
G1 X86.145 Y116.154 E2.0206
G1 X86.416 Y116.377 E2.03548
G1 X86.166 Y116.175 E2.04911
G1 X85.817 Y115.793 E2.07105
G1 X85.8 Y115.609 E2.07889
;WIDTH:0.45
G1 X85.598 Y115.49 E2.09017
G1 X78.627 Y108.52 E2.56429
G1 X78.332 Y107.541 F7800
;WIDTH:0.404381
G1 F3000
G1 X78.313 Y107.612 E2.56741
G1 X78.384 Y107.593 E2.57053
G1 X78.373 Y107.552 E2.57233
;WIDTH:0.45
G1 X78.505 Y107.852 E2.58809
G1 X85.399 Y114.746 E3.05701
G1 E1.05701 F2400
G92 E0
G1 X86.689 Y116.581 F7800
G1 E2 F2400
G1 F3000
G1 X88.822 Y118.715 E2.14512
G1 X89.368 Y118.715 E2.17138
G1 X87.433 Y116.78 E2.303
G1 X90.52 Y116.785 E2.45147
G1 X90.524 Y117.723 E2.49658
G1 X90.644 Y118.217 E2.52103
G1 X91.031 Y118.715 E2.55136
G1 X89.777 Y118.715 E2.61167
G1 X89.777 Y118.578 E2.61826
G1 X88.119 Y116.921 E2.731
G1 X88.914 Y117.17 F7800
G1 F3000
G1 X90.135 Y117.17 E2.78973
G1 X90.146 Y117.799 E2.81999
G1 X90.282 Y118.329 E2.84631
G1 X90.049 Y118.306 E2.85757
G1 X89.05 Y117.307 E2.92552
G1 E.92552 F2400
G92 E0
G1 X72.705 Y110.292 F7800
G1 E2 F2400
;WIDTH:0.404381
G1 F3000
G1 X72.716 Y110.333 E2.0018
G1 X72.645 Y110.352 E2.00492
G1 X72.664 Y110.281 E2.00804
;WIDTH:0.45
G1 X72.522 Y110.05 E2.02108
G1 X69.822 Y107.349 E2.20476
G1 X69.822 Y106.804 E2.23097
G1 X72.428 Y109.41 E2.40823
G1 X72.417 Y108.853 E2.43502
G1 X69.822 Y106.258 E2.61153
G1 X69.822 Y105.713 E2.63774
G1 X72.459 Y108.35 E2.81711
G1 X72.557 Y107.903 E2.83912
G1 X69.822 Y105.167 E3.02519
G1 X69.822 Y104.622 E3.0514
G1 X72.683 Y107.483 E3.246
G1 X72.843 Y107.098 E3.26605
G1 X69.822 Y104.077 E3.47153
G1 X69.822 Y103.531 E3.49779
G1 X73.034 Y106.744 E3.7163
G1 X73.253 Y106.417 E3.73523
G1 X69.822 Y102.986 E3.9686
G1 X69.822 Y102.441 E3.99481
G1 X73.508 Y106.127 E4.24553
G1 X73.793 Y105.867 E4.26408
G1 X69.836 Y101.91 E4.53323
G1 X69.889 Y101.417 E4.55708
G1 X74.111 Y105.639 E4.84426
G1 X74.473 Y105.456 E4.86377
G1 X69.989 Y100.972 E5.16877
G1 X70.13 Y100.568 E5.18935
G1 X74.875 Y105.312 E5.51207
G1 X75.344 Y105.236 E5.53492
G1 X70.31 Y100.203 E5.87729
G1 X70.532 Y99.879 E5.89618
G1 X75.915 Y105.262 E6.26232
G1 X76.176 Y105.367 E6.27585
;WIDTH:0.404381
G1 X76.157 Y105.438 E6.27897
G1 X76.228 Y105.419 E6.28209
G1 X76.217 Y105.378 E6.28389
G1 E4.28389 F2400
G92 E0
G1 X77.962 Y106.708 F7800
G1 E2 F2400
G1 F3000
G1 X77.291 Y105.978 E2.04205
G1 X76.967 Y105.709 E2.05991
;WIDTH:0.45
G1 X76.695 Y105.496 E2.07653
G1 X70.801 Y99.603 E2.4774
G1 E.4774 F2400
G92 E0
G1 X78.179 Y106.981 F7800
G1 E2 F2400
G1 F3000
G1 X85.395 Y114.196 E2.49079
G1 X85.497 Y113.883 E2.50662
;WIDTH:0.404381
G1 X85.478 Y113.954 E2.50974
G1 X85.549 Y113.935 E2.51286
G1 X85.538 Y113.894 E2.51466
;WIDTH:0.45
G1 X85.395 Y113.651 E2.52822
G1 X71.129 Y99.385 E3.49858
G1 X71.577 Y99.288 E3.52063
G1 X85.395 Y113.106 E4.46051
G1 X85.395 Y112.56 E4.48677
G1 X72.12 Y99.285 E5.38972
G1 X72.665 Y99.285 E5.41593
G1 X85.395 Y112.015 E6.28181
G1 X85.51 Y111.747 E6.29584
;WIDTH:0.404381
G1 X85.257 Y111.527 E6.31006
G1 X84.779 Y110.942 E6.3421
;WIDTH:0.45
G1 X84.594 Y110.669 E6.35796
G1 X73.21 Y99.285 E7.13229
G1 X73.755 Y99.284 E7.1585
G1 X84.493 Y110.023 E7.88892
G1 X84.493 Y109.478 E7.91513
G1 X74.3 Y99.284 E8.60848
G1 X74.845 Y99.284 E8.63469
G1 X84.493 Y108.932 E9.29093
G1 X84.493 Y108.387 E9.31714
G1 X75.39 Y99.283 E9.93635
G1 X75.935 Y99.283 E9.96256
G1 X84.493 Y107.842 E10.5447
G1 X84.543 Y107.346 E10.56868
G1 X76.48 Y99.283 E11.11712
G1 X77.025 Y99.282 E11.14333
G1 X84.68 Y106.937 E11.66401
G1 X84.86 Y106.572 E11.68358
G1 X77.57 Y99.282 E12.17944
G1 X78.115 Y99.282 E12.20565
G1 X85.095 Y106.262 E12.68042
G1 X85.395 Y106.016 E12.69908
G1 X78.66 Y99.281 E13.15719
G1 X79.205 Y99.281 E13.1834
G1 X85.395 Y105.471 E13.60444
G1 X85.395 Y104.926 E13.63065
G1 X79.75 Y99.281 E14.01462
G1 X80.295 Y99.28 E14.04083
G1 X85.395 Y104.38 E14.38773
G1 X85.395 Y103.835 E14.41394
G1 X80.84 Y99.28 E14.72377
G1 X81.385 Y99.28 E14.74998
G1 X85.397 Y103.291 E15.02284
G1 X85.478 Y102.827 E15.04549
G1 X81.93 Y99.279 E15.28682
G1 X82.475 Y99.279 E15.31303
G1 X85.63 Y102.434 E15.52763
G1 X85.827 Y102.085 E15.54691
G1 X83.02 Y99.279 E15.7378
G1 X83.565 Y99.278 E15.76401
G1 X86.079 Y101.792 E15.93501
G1 E13.93501 F2400
G92 E0
G1 X84.247 Y99.414 F7800
G1 E2 F2400
G1 F3000
G1 X86.396 Y101.561 E2.1461
G1 X86.875 Y101.342 E2.17143
G1 X87.446 Y101.219 E2.19952
G1 X90.521 Y101.216 E2.34742
G1 X90.521 Y100.315 E2.39075
G1 X90.644 Y99.783 E2.41701
G1 X91.04 Y99.274 E2.44803
G1 X84.111 Y99.278 E2.78129
G1 X85.042 Y99.663 F7800
G1 F3000
G1 X90.287 Y99.66 E3.03356
G1 X90.229 Y99.788 E3.04032
G1 X90.135 Y100.315 E3.06607
G1 X90.135 Y100.83 E3.09084
G1 X87.446 Y100.833 E3.22017
G1 X86.834 Y100.952 E3.25016
G1 X86.479 Y101.099 E3.26864
G1 X85.178 Y99.799 E3.3571
G1 X86.071 Y100.089 F7800
;WIDTH:0.531159
G1 F3000
G1 X86.697 Y100.085 E3.39355
;WIDTH:0.523733
G1 X87.071 Y100.068 E3.415
;WIDTH:0.490574
G1 X87.445 Y100.051 E3.4349
;WIDTH:0.457415
G1 X89.78 Y100.049 E3.54936
;WIDTH:0.45685
G1 X89.746 Y100.442 E3.56867
;WIDTH:0.457415
G1 X87.445 Y100.444 E3.68147
;WIDTH:0.470499
G1 X87.242 Y100.459 E3.69178
;WIDTH:0.500829
G1 X86.908 Y100.525 E3.71031
;WIDTH:0.531159
G1 X86.573 Y100.591 E3.73019
G1 X86.207 Y100.225 E3.76032
G1 E1.76032 F2400
G92 E0
G92 E0
G1 X94.87 Y75.56 F7800
G1 E2 F2400
;TYPE:Perimeter
;WIDTH:0.45
G1 F1800
G1 X95.006 Y75.541 E2.0066
G1 X95.528 Y75.55 E2.03171
G1 X96.038 Y75.689 E2.05713
G1 X96.622 Y76.007 E2.08911
G1 X97.109 Y76.457 E2.121
G1 X97.49 Y77 E2.1529
G1 X97.762 Y77.608 E2.18494
G1 X97.929 Y78.257 E2.21717
G1 X97.992 Y78.925 E2.24944
G1 X97.952 Y79.591 E2.28153
G1 X97.812 Y80.237 E2.31332
G1 X97.572 Y80.841 E2.34458
G1 X97.234 Y81.386 E2.37542
G1 X96.8 Y81.849 E2.40594
G1 X96.271 Y82.204 E2.43658
G1 X95.662 Y82.417 E2.46761
G1 X95.391 Y82.456 E2.48078
G1 X94.868 Y82.446 E2.50594
G1 X94.359 Y82.307 E2.53132
G1 X93.775 Y81.989 E2.5633
G1 X93.288 Y81.54 E2.59516
G1 X92.907 Y80.996 E2.6271
G1 X92.634 Y80.388 E2.65916
G1 X92.468 Y79.739 E2.69138
G1 X92.405 Y78.925 E2.73065
G1 X92.445 Y78.405 E2.75573
G1 X92.585 Y77.76 E2.78747
G1 X92.825 Y77.155 E2.81877
G1 X93.162 Y76.61 E2.84959
G1 X93.597 Y76.147 E2.88015
G1 X94.126 Y75.792 E2.91079
G1 X94.735 Y75.579 E2.94182
G1 X94.811 Y75.568 E2.94551
G1 X94.926 Y75.946 F7800
G1 F1800
G1 X95.391 Y75.926 E2.9679
G1 X95.93 Y76.06 E2.99461
G1 X96.42 Y76.336 E3.02166
G1 X96.837 Y76.729 E3.04922
G1 X97.167 Y77.211 E3.07732
G1 X97.407 Y77.758 E3.10605
G1 X97.554 Y78.346 E3.1352
G1 X97.607 Y78.954 E3.16455
G1 X97.568 Y79.562 E3.19385
G1 X97.436 Y80.148 E3.22274
G1 X97.216 Y80.692 E3.25096
G1 X96.912 Y81.175 E3.27841
G1 X96.527 Y81.576 E3.30515
G1 X96.07 Y81.875 E3.33142
G1 X95.553 Y82.047 E3.35763
G1 X95.006 Y82.07 E3.38396
G1 X94.467 Y81.937 E3.41066
G1 X93.976 Y81.66 E3.43777
G1 X93.56 Y81.267 E3.46529
G1 X93.23 Y80.785 E3.49339
G1 X92.99 Y80.239 E3.52208
G1 X92.843 Y79.651 E3.55123
G1 X92.789 Y78.954 E3.58485
G1 X92.829 Y78.435 E3.60989
G1 X92.96 Y77.849 E3.63877
G1 X93.18 Y77.304 E3.66704
G1 X93.485 Y76.822 E3.69447
G1 X93.87 Y76.42 E3.72124
G1 X94.327 Y76.121 E3.74751
G1 X94.843 Y75.949 E3.77367
G1 X94.866 Y75.948 E3.77478
G1 X94.979 Y76.319 F7800
;TYPE:External perimeter
G1 F1800
G1 X95.006 Y76.312 E3.77612
G1 X95.445 Y76.32 E3.79724
G1 X95.868 Y76.45 E3.81852
G1 X96.255 Y76.693 E3.8405
G1 X96.589 Y77.033 E3.86342
G1 X96.861 Y77.454 E3.88753
G1 X97.061 Y77.937 E3.91267
G1 X97.179 Y78.434 E3.93724
G1 X97.223 Y78.984 E3.96378
G1 X97.183 Y79.532 E3.99021
G1 X97.061 Y80.059 E4.01623
G1 X96.861 Y80.543 E4.04142
G1 X96.589 Y80.964 E4.06553
G1 X96.219 Y81.332 E4.09063
G1 X95.822 Y81.567 E4.11282
G1 X95.391 Y81.685 E4.13431
G1 X94.952 Y81.677 E4.15543
G1 X94.528 Y81.546 E4.17677
G1 X94.142 Y81.304 E4.19868
G1 X93.808 Y80.964 E4.2216
G1 X93.536 Y80.543 E4.24571
G1 X93.34 Y80.074 E4.27016
G1 X93.218 Y79.562 E4.29547
G1 X93.174 Y78.984 E4.32335
G1 X93.214 Y78.464 E4.34843
G1 X93.336 Y77.937 E4.37445
G1 X93.536 Y77.454 E4.39959
G1 X93.808 Y77.033 E4.4237
G1 X94.178 Y76.665 E4.4488
G1 X94.575 Y76.43 E4.47099
G1 X94.921 Y76.335 E4.48825
G1 X95.321 Y76.32 F7800
G1 E2.48825 F2400
G92 E0
G1 X79.184 Y71.679 F7800
G1 E2 F2400
;TYPE:Perimeter
G1 F3600
G1 X79.192 Y71.674 E2.00045
G1 X79.379 Y71.408 E2.01609
G1 X79.472 Y70.995 E2.03645
G1 X79.472 Y68.934 E2.13558
G1 X99.145 Y68.934 E3.08178
G1 X99.591 Y69.012 E3.10356
G1 X99.988 Y69.208 E3.12485
G1 X100.35 Y69.543 E3.14857
G1 X100.663 Y69.977 E3.17431
G1 X100.936 Y70.538 E3.20432
G1 X101.08 Y71.018 E3.22842
G1 X101.17 Y71.532 E3.25352
G1 X101.202 Y72.184 E3.28492
G1 X101.202 Y85.427 E3.92186
G1 X101.18 Y86.174 E3.9578
G1 X101.108 Y86.697 E3.98319
G1 X100.981 Y87.188 E4.00758
G1 X100.743 Y87.769 E4.03778
G1 X100.418 Y88.252 E4.06578
G1 X99.988 Y88.667 E4.09452
G1 X99.591 Y88.863 E4.11581
G1 X99.145 Y88.941 E4.13759
G1 X79.472 Y88.941 E5.08379
G1 X79.472 Y86.88 E5.18292
G1 X79.379 Y86.468 E5.20323
G1 X79.15 Y86.161 E5.22165
G1 X78.879 Y85.991 E5.23704
G1 X78.508 Y85.916 E5.25524
G1 X71.064 Y85.916 E5.61327
G1 X71.064 Y71.959 E6.28455
G1 X78.508 Y71.959 E6.64258
G1 X78.879 Y71.884 E6.66078
G1 X79.134 Y71.713 E6.67555
G1 X78.906 Y71.392 F7800
G1 F3600
G1 X79.03 Y71.242 E6.68491
G1 X79.086 Y70.995 E6.69709
G1 X79.086 Y68.548 E6.81478
G1 X99.03 Y68.548 E7.77402
G1 X99.538 Y68.588 E7.79853
G1 X100.026 Y68.786 E7.82386
G1 X100.395 Y69.047 E7.8456
G1 X100.825 Y69.507 E7.87589
G1 X101.157 Y70.087 E7.90803
G1 X101.35 Y70.576 E7.93331
G1 X101.488 Y71.112 E7.95993
G1 X101.565 Y71.679 E7.98745
G1 X101.588 Y72.184 E8.01176
G1 X101.588 Y85.691 E8.6614
G1 X101.565 Y86.196 E8.68571
G1 X101.488 Y86.763 E8.71323
G1 X101.35 Y87.299 E8.73985
G1 X101.157 Y87.788 E8.76513
G1 X100.825 Y88.368 E8.79727
G1 X100.395 Y88.828 E8.82756
G1 X100.026 Y89.089 E8.8493
G1 X99.538 Y89.287 E8.87463
G1 X99.165 Y89.327 E8.89267
G1 X79.086 Y89.327 E9.8584
G1 X79.086 Y86.88 E9.97609
G1 X79.068 Y86.736 E9.98307
G1 X78.949 Y86.506 E9.99553
G1 X78.767 Y86.363 E10.00666
G1 X78.508 Y86.302 E10.01946
G1 X70.678 Y86.302 E10.39606
G1 X70.678 Y71.573 E11.10447
G1 X78.603 Y71.565 E11.48564
G1 X78.845 Y71.464 E11.49825
G1 X78.867 Y71.438 E11.49989
G1 X78.642 Y71.122 F7800
;TYPE:External perimeter
G1 F1800
G1 X78.701 Y70.995 E11.50663
G1 X78.701 Y68.162 E11.64289
G1 X99.055 Y68.162 E12.62185
G1 X99.62 Y68.209 E12.64912
G1 X100.034 Y68.346 E12.67009
G1 X100.431 Y68.572 E12.69206
G1 X100.937 Y69.043 E12.72531
G1 X101.245 Y69.453 E12.74997
G1 X101.509 Y69.93 E12.77619
G1 X101.719 Y70.465 E12.80383
G1 X101.868 Y71.045 E12.83263
G1 X101.95 Y71.657 E12.86233
G1 X101.973 Y72.184 E12.8877
G1 X101.973 Y85.691 E13.53734
G1 X101.95 Y86.218 E13.56271
G1 X101.868 Y86.83 E13.59241
G1 X101.719 Y87.41 E13.62121
G1 X101.509 Y87.945 E13.64885
G1 X101.245 Y88.422 E13.67507
G1 X100.937 Y88.832 E13.69973
G1 X100.431 Y89.303 E13.73298
G1 X100.034 Y89.529 E13.75495
G1 X99.62 Y89.666 E13.77592
G1 X99.186 Y89.712 E13.79691
G1 X78.701 Y89.712 E14.78217
G1 X78.701 Y86.88 E14.91838
G1 X78.655 Y86.756 E14.92474
G1 X78.508 Y86.687 E14.93255
G1 X70.293 Y86.687 E15.32766
G1 X70.293 Y71.187 E16.07316
G1 X78.508 Y71.187 E16.46827
G1 X78.596 Y71.154 E16.47279
G1 X78.693 Y70.766 F7800
G1 E14.47279 F2400
G92 E0
G1 X86.079 Y72.528 F7800
G1 E2 F2400
;TYPE:Top solid infill
;WIDTH:0.405371
G1 X85.536 Y71.985 E2.03266
G1 X85.428 Y71.9 E2.03851
G1 X85.135 Y71.728 E2.05296
G1 X84.825 Y71.601 E2.06721
G1 X84.616 Y71.548 E2.07638
G1 X86.081 Y73.012 E2.16446
G1 X86.113 Y73.234 E2.174
G1 X86.115 Y73.528 E2.1865
G1 X84.1 Y71.514 E2.30767
G1 X83.618 Y71.514 E2.32817
G1 X86.115 Y74.011 E2.47836
G1 X86.115 Y74.493 E2.49886
G1 X83.136 Y71.514 E2.67804
G1 X82.653 Y71.514 E2.69858
G1 X86.115 Y74.975 E2.90678
G1 X86.115 Y75.457 E2.92728
G1 X82.203 Y71.546 E3.16254
G1 X81.999 Y71.597 E3.17148
G1 X81.836 Y71.661 E3.17893
G1 X86.115 Y75.94 E3.4363
G1 X86.115 Y76.422 E3.4568
G1 X81.504 Y71.811 E3.73414
G1 X81.481 Y71.823 E3.73524
G1 X80.978 Y71.601 E3.75862
G1 X80.756 Y71.545 E3.76836
G1 X86.115 Y76.904 E4.09069
G1 X86.115 Y77.386 E4.11119
G1 X80.242 Y71.514 E4.4644
G1 X79.76 Y71.514 E4.4849
G1 X86.115 Y77.868 E4.8671
G1 X86.115 Y78.351 E4.88764
G1 X79.49 Y71.726 E5.28611
G1 X79.379 Y71.861 E5.29354
G1 X79.246 Y71.964 E5.30069
G1 X86.115 Y78.833 E5.71384
G1 X86.115 Y79.315 E5.73434
G1 X78.934 Y72.135 E6.16622
G1 X78.807 Y72.187 E6.17206
G1 X78.537 Y72.22 E6.18363
G1 X86.115 Y79.797 E6.63939
G1 X86.115 Y80.28 E6.65993
G1 X78.058 Y72.223 E7.14453
G1 X77.576 Y72.223 E7.16503
G1 X86.115 Y80.762 E7.67862
G1 X86.115 Y81.244 E7.69912
G1 X77.094 Y72.223 E8.2417
G1 X76.611 Y72.223 E8.26224
G1 X86.115 Y81.726 E8.83384
G1 X86.115 Y82.209 E8.85438
G1 X76.129 Y72.223 E9.45501
G1 X75.647 Y72.223 E9.47551
G1 X86.115 Y82.691 E10.10513
G1 X86.115 Y83.173 E10.12563
G1 X75.165 Y72.223 E10.78424
G1 X74.683 Y72.223 E10.80474
G1 X86.115 Y83.655 E11.49234
G1 X86.115 Y84.137 E11.51284
G1 X74.2 Y72.223 E12.22946
G1 X73.718 Y72.223 E12.24996
G1 X86.114 Y84.619 E12.99554
G1 X86.041 Y85.028 E13.01321
G1 X73.236 Y72.223 E13.78339
G1 X72.754 Y72.223 E13.80389
G1 X85.904 Y85.374 E14.59485
G1 X85.726 Y85.678 E14.60983
G1 X72.271 Y72.223 E15.4191
G1 X71.789 Y72.223 E15.4396
G1 X85.492 Y85.926 E16.26379
G1 X85.2 Y86.116 E16.27861
G1 X71.328 Y72.244 E17.11297
G1 X71.328 Y72.726 E17.13347
G1 X84.862 Y86.26 E17.9475
G1 X84.472 Y86.352 E17.96454
G1 X71.328 Y73.209 E18.75508
G1 X71.328 Y73.691 E18.77558
G1 X83.999 Y86.361 E19.53767
G1 X83.516 Y86.361 E19.55821
G1 X71.328 Y74.173 E20.29128
G1 X71.328 Y74.655 E20.31178
G1 X83.034 Y86.361 E21.01586
G1 X82.552 Y86.361 E21.03636
G1 X71.328 Y75.137 E21.71145
G1 X71.328 Y75.62 E21.73199
G1 X81.981 Y86.273 E22.37273
G1 X81.481 Y86.052 E22.39598
G1 X81.346 Y86.12 E22.40241
G1 X71.328 Y76.102 E23.00496
G1 X71.328 Y76.584 E23.02546
G1 X81.007 Y86.263 E23.60762
G1 X80.615 Y86.353 E23.62473
G1 X71.328 Y77.066 E24.18331
G1 X71.328 Y77.549 E24.20385
G1 X80.141 Y86.361 E24.73389
G1 X79.659 Y86.361 E24.75439
G1 X71.328 Y78.031 E25.25544
G1 X71.328 Y78.513 E25.27594
G1 X78.467 Y85.652 E25.70533
G1 X77.985 Y85.652 E25.72583
G1 X71.328 Y78.995 E26.12623
G1 X71.328 Y79.478 E26.14677
G1 X77.503 Y85.652 E26.51815
G1 X77.02 Y85.652 E26.53869
G1 X71.328 Y79.96 E26.88105
G1 X71.328 Y80.442 E26.90155
G1 X76.538 Y85.652 E27.21491
G1 X76.056 Y85.652 E27.23541
G1 X71.328 Y80.924 E27.51978
G1 X71.328 Y81.406 E27.54028
G1 X75.574 Y85.652 E27.79566
G1 X75.091 Y85.652 E27.8162
G1 X71.328 Y81.889 E28.04253
G1 X71.328 Y82.371 E28.06303
G1 X74.609 Y85.652 E28.26037
G1 X74.127 Y85.652 E28.28087
G1 X71.328 Y82.853 E28.44922
G1 X71.328 Y83.335 E28.46972
G1 X73.645 Y85.652 E28.60908
G1 X73.162 Y85.652 E28.62962
G1 X71.328 Y83.818 E28.73993
G1 X71.328 Y84.3 E28.76043
G1 X72.68 Y85.652 E28.84175
G1 X72.198 Y85.652 E28.86225
G1 X71.328 Y84.782 E28.91458
G1 X71.328 Y85.264 E28.93508
G1 X71.867 Y85.803 E28.9675
G1 E26.9675
G92 E0
G1 X79.761 Y87.537 F7800
G1 E2 F2400
;TYPE:Solid infill
;WIDTH:0.45
G1 F3000
G1 X79.734 Y86.721 E2.03927
G1 X80.617 Y86.714 E2.08174
G1 X81.108 Y86.609 E2.10589
G1 X81.482 Y86.45 E2.12544
G1 X81.913 Y86.628 E2.14787
G1 X82.442 Y86.722 E2.17371
G1 X84.464 Y86.714 E2.27096
G1 X84.995 Y86.595 E2.29713
G1 X85.504 Y86.356 E2.32418
G1 X85.957 Y85.963 E2.35302
G1 X88.646 Y88.652 E2.53592
G1 X79.761 Y88.652 E2.96326
G1 X79.761 Y87.73 E3.0076
G1 X80.147 Y87.298 E3.03546
G1 X80.147 Y88.266 E3.08202
G1 X87.715 Y88.266 E3.44601
G1 X85.945 Y86.496 E3.5664
G1 X85.623 Y86.732 E3.5856
G1 X85.155 Y86.946 E3.61035
G1 X84.545 Y87.091 E3.64051
G1 X84.425 Y87.104 E3.64632
G1 X82.442 Y87.107 E3.7417
G1 X81.844 Y87.007 E3.77086
G1 X81.484 Y86.87 E3.78939
G1 X81.189 Y86.986 E3.80464
G1 X80.698 Y87.091 E3.82879
G1 X80.147 Y87.105 E3.8553
G1 X80.536 Y87.494 E3.88176
;WIDTH:0.465886
G1 X80.781 Y87.476 E3.89406
;WIDTH:0.503546
G1 X81.102 Y87.42 E3.91191
;WIDTH:0.541206
G1 X81.423 Y87.365 E3.93128
G1 X81.769 Y87.414 E3.95206
;WIDTH:0.506229
G1 X82.106 Y87.454 E3.97076
;WIDTH:0.478703
G1 X82.442 Y87.493 E3.98824
;WIDTH:0.452781
G1 X84.425 Y87.491 E4.0843
;WIDTH:0.460271
G1 X84.628 Y87.473 E4.09436
G1 X85.315 Y87.297 E4.12938
;WIDTH:0.45
G1 X85.909 Y87.006 E4.16119
G1 X86.784 Y87.881 E4.22071
G1 X85.172 Y87.881 E4.29824
;WIDTH:0.452781
G1 X82.444 Y87.88 E4.43039
;WIDTH:0.4607
G1 X82.232 Y87.875 E4.44087
;WIDTH:0.489984
G1 X81.778 Y87.861 E4.46498
;WIDTH:0.519269
G1 X81.325 Y87.846 E4.4907
G1 X80.931 Y87.861 E4.51307
;WIDTH:0.488669
G1 X80.536 Y87.877 E4.53399
;WIDTH:0.45807
G1 X80.536 Y87.687 E4.54332
G1 E2.54332 F2400
G92 E0
G1 X85.825 Y87.441 F7800
G1 E2 F2400
;WIDTH:0.462529
G1 F3000
G1 X85.803 Y87.524 E2.00426
G1 X85.886 Y87.502 E2.00852
G1 X85.873 Y87.454 E2.01099
G1 X86.177 Y85.637 F7800
;WIDTH:0.45
G1 F3000
G1 X89.192 Y88.652 E2.21607
G1 X89.737 Y88.652 E2.24228
G1 X86.343 Y85.258 E2.47314
G1 X86.455 Y84.825 E2.49465
G1 X90.282 Y88.652 E2.75496
G1 X90.828 Y88.652 E2.78122
G1 X86.475 Y84.3 E3.07727
G1 X86.475 Y83.754 E3.10353
G1 X91.373 Y88.652 E3.43669
G1 X91.918 Y88.652 E3.4629
G1 X86.475 Y83.209 E3.83313
G1 X86.475 Y82.664 E3.85934
G1 X92.464 Y88.652 E4.26667
G1 X93.009 Y88.652 E4.29288
G1 X86.475 Y82.118 E4.73731
G1 X86.475 Y81.573 E4.76352
G1 X93.554 Y88.652 E5.24502
G1 X94.1 Y88.652 E5.27128
G1 X86.475 Y81.028 E5.78989
G1 X86.475 Y80.482 E5.81615
G1 X94.645 Y88.652 E6.37186
G1 X95.19 Y88.652 E6.39807
G1 X86.475 Y79.937 E6.99085
G1 X86.475 Y79.392 E7.01706
G1 X95.736 Y88.652 E7.64695
G1 X96.281 Y88.652 E7.67316
G1 X86.475 Y78.846 E8.34015
G1 X86.475 Y78.301 E8.36636
G1 X96.826 Y88.652 E9.07042
G1 X97.372 Y88.652 E9.09668
G1 X86.475 Y77.756 E9.83785
G1 X86.475 Y77.21 E9.86411
G1 X97.917 Y88.652 E10.64238
G1 X98.463 Y88.652 E10.66864
G1 X86.475 Y76.665 E11.48401
G1 X86.475 Y76.12 E11.51022
G1 X99.008 Y88.652 E12.36267
G1 X99.492 Y88.591 E12.38613
G1 X86.475 Y75.574 E13.27153
G1 X86.475 Y75.029 E13.29774
G1 X92.786 Y81.34 E13.72701
G1 X93.017 Y81.612 E13.74417
;WIDTH:0.404381
G1 X93.496 Y82.086 E13.77275
;WIDTH:0.45
G1 X93.775 Y82.328 E13.79051
G1 X99.851 Y88.405 E14.20383
G1 X100.133 Y88.141 E14.22241
G1 X94.687 Y82.695 E14.59284
G1 X94.445 Y82.508 E14.60755
;WIDTH:0.404381
G1 X94.456 Y82.549 E14.60935
G1 X94.385 Y82.568 E14.61247
G1 X94.404 Y82.497 E14.61559
G1 X95.28 Y82.743 F7800
;WIDTH:0.45
G1 F3000
G1 X100.366 Y87.829 E14.96153
G1 X100.558 Y87.475 E14.9809
G1 X95.77 Y82.687 E15.30657
G1 X96.185 Y82.557 E15.32749
G1 X100.71 Y87.083 E15.63531
G1 X100.823 Y86.65 E15.65683
G1 X96.547 Y82.374 E15.94768
G1 X96.875 Y82.156 E15.96662
G1 X100.89 Y86.172 E16.23975
G1 X100.913 Y85.649 E16.26493
G1 X97.161 Y81.897 E16.52014
G1 X97.422 Y81.612 E16.53873
G1 X100.913 Y85.104 E16.77622
G1 X100.913 Y84.558 E16.80248
G1 X97.644 Y81.289 E17.02483
G1 X97.843 Y80.943 E17.04403
G1 X100.913 Y84.013 E17.25285
G1 X100.913 Y83.468 E17.27906
G1 X97.997 Y80.551 E17.47744
G1 X98.131 Y80.14 E17.49823
G1 X100.913 Y82.922 E17.68746
G1 X100.913 Y82.377 E17.71367
G1 X98.229 Y79.693 E17.89623
G1 X98.263 Y79.181 E17.92091
G1 X100.913 Y81.832 E18.10119
G1 X100.913 Y81.286 E18.12745
G1 X98.254 Y78.627 E18.30831
G1 X98.157 Y77.985 E18.33954
G1 X100.913 Y80.741 E18.527
G1 E16.527 F2400
G92 E0
G1 X92.515 Y80.562 F7800
G1 E2 F2400
;WIDTH:0.404381
G1 F3000
G1 X92.526 Y80.603 E2.0018
G1 X92.455 Y80.622 E2.00492
G1 X92.474 Y80.551 E2.00804
;WIDTH:0.45
G1 X92.311 Y80.32 E2.02164
G1 X86.475 Y74.484 E2.4186
G1 X86.475 Y73.938 E2.44486
G1 X92.159 Y79.622 E2.83148
G1 X92.114 Y79.031 E2.85999
G1 X86.475 Y73.393 E3.24351
G1 X85.818 Y71.989 F7800
;WIDTH:0.404381
G1 F3000
G1 X86.212 Y72.492 E3.27061
;WIDTH:0.45
G1 X86.393 Y72.765 E3.28636
G1 X92.15 Y78.522 E3.67794
G1 E1.67794 F2400
G92 E0
G1 X79.927 Y71.153 F7800
G1 E2 F2400
G1 F3000
G1 X80.521 Y71.153 E2.02857
G1 X81.049 Y71.247 E2.05436
G1 X81.48 Y71.425 E2.07679
G1 X81.854 Y71.266 E2.09634
G1 X82.345 Y71.161 E2.12049
G1 X84.349 Y71.153 E2.21688
G1 X84.875 Y71.247 E2.24258
G1 X82.987 Y69.359 E2.371
G1 X82.987 Y69.223 E2.37754
G1 X79.761 Y69.223 E2.5327
G1 X79.761 Y70.989 E2.61764
G1 X79.734 Y71.153 E2.62563
G1 X80.147 Y70.768 E2.65279
G1 X80.147 Y69.609 E2.70853
G1 X82.715 Y69.609 E2.83204
G1 X82.715 Y69.632 E2.83315
G1 X83.851 Y70.768 E2.91042
G1 X82.264 Y70.784 E2.98675
G1 X81.773 Y70.889 E3.0109
G1 X81.479 Y71.005 E3.0261
G1 X81.23 Y70.9 E3.0391
G1 X80.63 Y70.778 E3.06855
G1 X80.339 Y70.772 E3.08255
G1 X80.578 Y70.342 E3.10621
;WIDTH:0.541206
G1 X80.578 Y70.04 E3.12417
G1 X81.637 Y70.029 E3.18715
;WIDTH:0.519273
G1 X82.084 Y70.012 E3.21253
;WIDTH:0.485995
G1 X82.531 Y69.996 E3.23605
;WIDTH:0.452718
G1 X82.918 Y70.383 E3.26256
;WIDTH:0.465887
G1 X82.181 Y70.399 E3.29948
;WIDTH:0.503546
G1 X81.837 Y70.464 E3.31866
;WIDTH:0.541206
G1 X81.492 Y70.529 E3.33954
G1 X81.196 Y70.443 E3.35787
G1 X80.768 Y70.373 E3.38366
G1 E1.38366 F2400
G92 E0
G1 X83.396 Y69.223 F7800
G1 E2 F2400
;WIDTH:0.45
G1 F3000
G1 X92.223 Y78.05 E2.6004
G1 X92.327 Y77.609 E2.62219
G1 X83.942 Y69.223 E3.19256
G1 X84.487 Y69.223 E3.21877
G1 X92.485 Y77.221 E3.76278
G1 X92.66 Y76.851 E3.78247
G1 X85.032 Y69.223 E4.30132
G1 X85.578 Y69.223 E4.32758
G1 X92.875 Y76.521 E4.82395
G1 X93.118 Y76.218 E4.84263
G1 X86.123 Y69.223 E5.31842
G1 X86.668 Y69.223 E5.34463
G1 X93.39 Y75.945 E5.80185
G1 X93.703 Y75.712 E5.82062
G1 X87.214 Y69.223 E6.26199
G1 X87.759 Y69.223 E6.2882
G1 X94.048 Y75.512 E6.71597
G1 X94.444 Y75.363 E6.73632
G1 X88.304 Y69.223 E7.15396
G1 X88.85 Y69.223 E7.18022
G1 X94.893 Y75.266 E7.59126
G1 X95.436 Y75.264 E7.61738
G1 X89.395 Y69.223 E8.02828
G1 X89.94 Y69.223 E8.05449
G1 X96.149 Y75.432 E8.47682
G1 X96.422 Y75.626 E8.49293
;WIDTH:0.404381
G1 X96.922 Y76.033 E8.52027
G1 X97.378 Y76.505 E8.5481
G1 X97.695 Y76.905 E8.56974
;WIDTH:0.45
G1 X97.895 Y77.178 E8.58602
G1 X100.913 Y80.196 E8.7913
G1 X101.015 Y79.882 E8.80718
;WIDTH:0.404381
G1 X100.996 Y79.953 E8.8103
G1 X101.067 Y79.934 E8.81342
G1 X101.056 Y79.893 E8.81522
;WIDTH:0.45
G1 X100.913 Y79.65 E8.82878
G1 X90.486 Y69.223 E9.53801
G1 X91.031 Y69.223 E9.56422
G1 X100.913 Y79.105 E10.23638
G1 X100.913 Y78.559 E10.26264
G1 X91.576 Y69.223 E10.8977
G1 X92.122 Y69.223 E10.92396
G1 X100.913 Y78.014 E11.52191
G1 X100.913 Y77.469 E11.54812
G1 X92.667 Y69.223 E12.109
G1 X93.212 Y69.223 E12.13521
G1 X100.913 Y76.923 E12.65899
G1 X100.913 Y76.378 E12.6852
G1 X93.758 Y69.223 E13.17187
G1 X94.303 Y69.223 E13.19808
G1 X100.913 Y75.833 E13.64768
G1 X100.913 Y75.287 E13.67394
G1 X94.849 Y69.223 E14.08641
G1 X95.394 Y69.223 E14.11262
G1 X100.913 Y74.742 E14.48802
G1 X100.913 Y74.197 E14.51423
G1 X95.939 Y69.223 E14.85256
G1 X96.485 Y69.223 E14.87882
G1 X100.913 Y73.651 E15.18001
G1 X100.913 Y73.106 E15.20622
G1 X97.03 Y69.223 E15.47034
G1 X97.575 Y69.223 E15.49655
G1 X100.913 Y72.561 E15.7236
G1 X100.908 Y72.01 E15.7501
G1 X98.121 Y69.223 E15.93967
G1 X98.666 Y69.223 E15.96588
G1 X100.856 Y71.413 E16.11484
G1 E14.11484 F2400
G92 E0
G1 X99.301 Y69.351 F7800
G1 E2 F2400
;WIDTH:0.395067
G1 F3000
G1 X100.052 Y70.103 E2.04383
;WIDTH:0.393746
G1 X100.729 Y70.78 E2.08316
G1 X100.515 Y70.236 E2.10717
G1 X100.293 Y69.88 E2.12441
;WIDTH:0.395067
G1 X99.849 Y69.433 E2.1504
G1 X99.599 Y69.29 E2.16228
G1 X99.393 Y69.226 E2.17118
G1 X99.165 Y69.215 E2.18059
M106 S201.45
;LAYER_CHANGE
;Z:1.25
;HEIGHT:0.3
G1 E.18059 F2400
G92 E0
G1 Z1.25 F7800
G92 E0
G1 X74.919 Y105.612
G1 E2 F2400
;TYPE:Perimeter
;WIDTH:0.45
G1 F1800
G1 X75.407 Y105.52 E2.02388
G1 X76.035 Y105.57 E2.05418
G1 X76.631 Y105.783 E2.08462
G1 X77.157 Y106.136 E2.11509
G1 X77.592 Y106.594 E2.14547
G1 X77.887 Y107.055 E2.17179
G1 X78.175 Y107.719 E2.2066
G1 X78.324 Y108.343 E2.23746
G1 X78.38 Y108.982 E2.26831
G1 X78.344 Y109.621 E2.29909
G1 X78.218 Y110.242 E2.32957
G1 X78.002 Y110.828 E2.35961
G1 X77.698 Y111.363 E2.38921
G1 X77.307 Y111.83 E2.4185
G1 X76.831 Y112.206 E2.44767
G1 X76.277 Y112.467 E2.47712
G1 X75.666 Y112.583 E2.50703
G1 X75.037 Y112.533 E2.53738
G1 X74.441 Y112.319 E2.56784
G1 X73.916 Y111.967 E2.59824
G1 X73.48 Y111.509 E2.62865
G1 X73.141 Y110.973 E2.65915
G1 X72.898 Y110.383 E2.68984
G1 X72.748 Y109.76 E2.72066
G1 X72.692 Y109.12 E2.75156
G1 X72.728 Y108.482 E2.78229
G1 X72.855 Y107.861 E2.81278
G1 X73.07 Y107.275 E2.8428
G1 X73.374 Y106.739 E2.87244
G1 X73.765 Y106.273 E2.9017
G1 X74.241 Y105.896 E2.9309
G1 X74.796 Y105.635 E2.9604
G1 X74.86 Y105.623 E2.96353
G1 X75.019 Y105.978 F7800
G1 F1800
G1 X75.459 Y105.902 E2.98501
G1 X75.983 Y105.952 E3.01033
G1 X76.483 Y106.139 E3.03601
G1 X76.928 Y106.446 E3.06201
G1 X77.303 Y106.85 E3.08852
G1 X77.6 Y107.327 E3.11555
G1 X77.815 Y107.859 E3.14315
G1 X77.947 Y108.426 E3.17115
G1 X77.995 Y109.01 E3.19933
G1 X77.96 Y109.594 E3.22747
G1 X77.841 Y110.159 E3.25524
G1 X77.643 Y110.688 E3.28241
G1 X77.367 Y111.166 E3.30896
G1 X77.019 Y111.574 E3.33475
G1 X76.603 Y111.896 E3.36005
G1 X76.128 Y112.111 E3.38513
G1 X75.614 Y112.201 E3.41023
G1 X75.089 Y112.151 E3.43559
G1 X74.59 Y111.964 E3.46122
G1 X74.144 Y111.656 E3.48729
G1 X73.769 Y111.253 E3.51377
G1 X73.472 Y110.775 E3.54084
G1 X73.257 Y110.244 E3.56839
G1 X73.125 Y109.677 E3.59639
G1 X73.077 Y109.093 E3.62457
G1 X73.113 Y108.509 E3.65271
G1 X73.231 Y107.944 E3.68047
G1 X73.43 Y107.414 E3.7077
G1 X73.705 Y106.937 E3.73418
G1 X74.054 Y106.529 E3.76
G1 X74.47 Y106.207 E3.7853
G1 X74.944 Y105.991 E3.81035
G1 X74.96 Y105.989 E3.81113
G1 X75.117 Y106.343 F7800
;TYPE:External perimeter
G1 F1800
G1 X75.141 Y106.334 E3.81236
G1 X75.562 Y106.284 E3.83275
G1 X75.98 Y106.347 E3.85308
G1 X76.374 Y106.518 E3.87374
G1 X76.73 Y106.784 E3.89511
G1 X77.036 Y107.135 E3.91751
G1 X77.283 Y107.554 E3.9409
G1 X77.465 Y108.027 E3.96528
G1 X77.572 Y108.516 E3.98936
G1 X77.611 Y109.038 E4.01454
G1 X77.575 Y109.566 E4.03999
G1 X77.465 Y110.076 E4.06508
G1 X77.283 Y110.549 E4.08946
G1 X77.015 Y110.997 E4.11457
G1 X76.7 Y111.346 E4.13718
G1 X76.334 Y111.608 E4.15883
G1 X75.931 Y111.769 E4.1797
G1 X75.51 Y111.819 E4.20009
G1 X75.093 Y111.755 E4.22038
G1 X74.698 Y111.585 E4.24106
G1 X74.342 Y111.318 E4.26246
G1 X74.036 Y110.968 E4.28482
G1 X73.789 Y110.549 E4.30821
G1 X73.608 Y110.076 E4.33257
G1 X73.5 Y109.586 E4.3567
G1 X73.462 Y109.065 E4.38182
G1 X73.497 Y108.537 E4.40727
G1 X73.608 Y108.027 E4.43237
G1 X73.789 Y107.554 E4.45673
G1 X74.058 Y107.106 E4.48186
G1 X74.372 Y106.757 E4.50444
G1 X74.738 Y106.495 E4.52609
G1 X75.062 Y106.366 E4.54286
G1 X75.456 Y106.299 F7800
G1 E2.54286 F2400
G92 E0
G1 X90.756 Y99.641 F7800
G1 E2 F2400
;TYPE:Perimeter
G1 F3600
G1 X90.528 Y99.934 E2.01786
G1 X90.454 Y100.305 E2.03606
G1 X90.454 Y102.366 E2.13519
G1 X87.51 Y102.366 E2.27679
G1 X87.343 Y102.381 E2.28485
G1 X87 Y102.512 E2.30251
G1 X86.812 Y102.665 E2.31417
G1 X86.598 Y103.018 E2.33402
G1 X86.546 Y103.33 E2.34923
G1 X86.546 Y106.766 E2.51449
G1 X86.091 Y106.908 E2.53741
G1 X85.892 Y107.076 E2.54994
G1 X85.717 Y107.353 E2.5657
G1 X85.644 Y107.721 E2.58374
G1 X85.644 Y109.38 E2.66353
G1 X85.664 Y110.298 E2.70769
G1 X85.801 Y110.631 E2.72501
G1 X86.111 Y110.93 E2.74573
G1 X86.546 Y111.045 E2.76737
G1 X86.546 Y114.67 E2.94172
G1 X86.598 Y114.982 E2.95693
G1 X86.812 Y115.335 E2.97678
G1 X87 Y115.488 E2.98844
G1 X87.24 Y115.595 E3.00108
G1 X87.51 Y115.634 E3.0142
G1 X90.454 Y115.634 E3.1558
G1 X90.454 Y117.695 E3.25493
G1 X90.528 Y118.065 E3.27308
G1 X90.839 Y118.466 E3.29749
G1 X91.418 Y118.649 E3.3267
;WIDTH:0.429703
G1 X98.323 Y118.649 E3.64133
G1 X98.322 Y119.014 E3.65796
G1 X91.418 Y119.014 E3.97254
;WIDTH:0.45
G1 X71.59 Y119.004 E4.9262
G1 X71.143 Y118.925 E4.94803
G1 X70.746 Y118.73 E4.9693
G1 X70.385 Y118.394 E4.99302
G1 X70.071 Y117.96 E5.01878
G1 X69.799 Y117.4 E5.04872
G1 X69.654 Y116.92 E5.07284
G1 X69.564 Y116.406 E5.09794
G1 X69.532 Y115.846 E5.12492
G1 X69.532 Y102.529 E5.76542
G1 X69.555 Y101.764 E5.80223
G1 X69.626 Y101.241 E5.82762
G1 X69.754 Y100.75 E5.85202
G1 X69.991 Y100.168 E5.88224
G1 X70.317 Y99.685 E5.91027
G1 X70.746 Y99.27 E5.93898
G1 X71.143 Y99.075 E5.96025
G1 X71.59 Y98.996 E5.98208
G1 X91.418 Y98.986 E6.93574
;WIDTH:0.429704
G1 X98.323 Y98.986 E7.25037
G1 X98.323 Y99.169 E7.25871
;WIDTH:0.429703
G1 X98.323 Y99.351 E7.267
G1 X91.418 Y99.351 E7.58163
;WIDTH:0.438316
G1 X91.252 Y99.362 E7.58939
;WIDTH:0.45
G1 X90.839 Y99.534 E7.61091
G1 X90.793 Y99.594 E7.61455
G1 X91.019 Y99.908 F7800
G1 F3600
G1 X90.884 Y100.083 E7.62518
G1 X90.839 Y100.305 E7.63607
G1 X90.839 Y102.752 E7.75376
G1 X87.51 Y102.752 E7.91387
G1 X87.41 Y102.761 E7.9187
G1 X87.204 Y102.839 E7.92929
G1 X87.011 Y103.037 E7.94259
G1 X86.931 Y103.33 E7.9572
G1 X86.931 Y107.135 E8.14021
G1 X86.586 Y107.143 E8.15681
G1 X86.298 Y107.233 E8.17132
G1 X86.095 Y107.455 E8.18579
G1 X86.03 Y107.721 E8.19896
G1 X86.03 Y110.104 E8.31357
G1 X86.105 Y110.39 E8.32779
G1 X86.31 Y110.6 E8.3419
G1 X86.623 Y110.682 E8.35746
G1 X86.931 Y110.674 E8.37228
G1 X86.931 Y114.67 E8.56447
G1 X87.011 Y114.963 E8.57908
G1 X87.204 Y115.161 E8.59238
G1 X87.51 Y115.248 E8.60768
G1 X90.839 Y115.248 E8.76779
G1 X90.839 Y117.695 E8.88548
G1 X90.884 Y117.917 E8.89637
G1 X91.071 Y118.157 E8.911
G1 X91.418 Y118.273 E8.9286
G1 X98.698 Y118.273 E9.27874
G1 X98.698 Y119.389 E9.33242
G1 X71.704 Y119.389 E10.63074
G1 X71.197 Y119.349 E10.6552
G1 X70.858 Y119.237 E10.67237
G1 X70.391 Y118.935 E10.69912
G1 X70.023 Y118.565 E10.72422
G1 X69.65 Y118.013 E10.75626
G1 X69.437 Y117.535 E10.78143
G1 X69.278 Y117.009 E10.80786
G1 X69.181 Y116.45 E10.83515
G1 X69.147 Y115.858 E10.86367
G1 X69.147 Y102.246 E11.51836
G1 X69.17 Y101.742 E11.54263
G1 X69.246 Y101.174 E11.57019
G1 X69.385 Y100.639 E11.59678
G1 X69.578 Y100.149 E11.62211
G1 X69.909 Y99.569 E11.65423
G1 X70.339 Y99.109 E11.68452
G1 X70.708 Y98.848 E11.70626
G1 X71.197 Y98.651 E11.73162
G1 X71.569 Y98.611 E11.74962
G1 X98.698 Y98.611 E13.05443
G1 X98.698 Y99.169 E13.08127
G1 X98.698 Y99.727 E13.10811
G1 X91.418 Y99.727 E13.45825
G1 X91.071 Y99.843 E13.47585
G1 X91.056 Y99.861 E13.47698
G1 X91.288 Y100.18 F7800
;TYPE:External perimeter
G1 F1800
G1 X91.225 Y100.305 E13.48371
G1 X91.225 Y103.137 E13.61992
G1 X87.51 Y103.137 E13.7986
G1 X87.37 Y103.197 E13.80593
G1 X87.317 Y103.33 E13.81282
G1 X87.317 Y107.541 E14.01535
G1 X86.601 Y107.528 E14.04979
G1 X86.465 Y107.592 E14.05702
G1 X86.415 Y107.721 E14.06367
G1 X86.415 Y110.104 E14.17828
G1 X86.466 Y110.235 E14.18504
G1 X86.613 Y110.297 E14.19271
G1 X87.317 Y110.279 E14.22658
G1 X87.317 Y114.67 E14.43777
G1 X87.37 Y114.803 E14.44466
G1 X87.51 Y114.862 E14.45197
G1 X91.225 Y114.862 E14.63065
G1 X91.225 Y117.695 E14.76691
G1 X91.302 Y117.849 E14.77519
G1 X91.418 Y117.887 E14.78106
G1 X99.037 Y117.887 E15.14751
;TYPE:Overhang perimeter
;WIDTH:0.4
;HEIGHT:0.4
M106 S255
G1 F3600
G1 X99.084 Y117.887 E15.14997
G1 X99.083 Y119.775 E15.24861
G1 X99.038 Y119.775 E15.25096
M106 S201.45
;TYPE:External perimeter
;WIDTH:0.45
;HEIGHT:0.3
G1 F1800
G1 X71.68 Y119.775 E16.56678
G1 X71.115 Y119.728 E16.59405
G1 X70.701 Y119.591 E16.61502
G1 X70.303 Y119.365 E16.63703
G1 X69.932 Y119.052 E16.66038
G1 X69.597 Y118.659 E16.68522
G1 X69.308 Y118.194 E16.71155
G1 X69.074 Y117.669 E16.7392
G1 X68.902 Y117.098 E16.76788
G1 X68.797 Y116.494 E16.79737
G1 X68.761 Y115.869 E16.82748
G1 X68.761 Y102.246 E17.4827
G1 X68.785 Y101.72 E17.50803
G1 X68.866 Y101.108 E17.53772
G1 X69.015 Y100.527 E17.56657
G1 X69.225 Y99.992 E17.59421
G1 X69.489 Y99.515 E17.62043
G1 X69.798 Y99.106 E17.64508
G1 X70.303 Y98.635 E17.67829
G1 X70.701 Y98.409 E17.7003
G1 X71.115 Y98.272 E17.72127
G1 X71.548 Y98.225 E17.74222
G1 X99.038 Y98.225 E19.06439
;TYPE:Overhang perimeter
;WIDTH:0.4
;HEIGHT:0.4
M106 S255
G1 F3600
G1 X99.084 Y98.225 E19.06679
G1 X99.084 Y99.169 E19.11611
G1 X99.084 Y100.112 E19.16538
G1 X99.037 Y100.112 E19.16784
M106 S201.45
;TYPE:External perimeter
;WIDTH:0.45
;HEIGHT:0.3
G1 F1800
G1 X91.418 Y100.112 E19.53429
G1 X91.329 Y100.142 E19.53881
G1 X91.233 Y100.531 F7800
G1 E17.53881 F2400
G92 E0
G1 X86.907 Y102.252 F7800
G1 E2 F2400
;TYPE:Solid infill
;WIDTH:0.473719
G1 F3000
G1 X86.577 Y102.5 E2.02108
;WIDTH:0.451017
G1 X86.298 Y102.977 E2.04773
;WIDTH:0.450027
G1 X86.256 Y103.335 E2.06507
G1 X86.256 Y105.407 E2.16473
G1 E.16473 F2400
G92 E0
G1 X85.375 Y107.443 F7800
G1 E2 F2400
;WIDTH:0.440263
G1 F3000
G1 X85.36 Y107.726 E2.01329
;WIDTH:0.447433
G1 X85.368 Y110.348 E2.13856
G1 X85.205 Y110.946 F7800
;TYPE:Internal infill
;WIDTH:0.45
G1 F4200
G1 X85.409 Y111.226 E2.15522
G1 X85.742 Y111.498 E2.1759
G1 X85.743 Y111 E2.19985
G1 X85.966 Y111.183 E2.21372
G1 X86.256 Y111.259 E2.22814
G1 X86.256 Y111.711 E2.24988
G1 X70.218 Y116.008 E3.04846
G1 X70.312 Y116.764 E3.0851
G1 X70.433 Y117.164 E3.1052
G1 X70.841 Y117.889 E3.14521
G1 X72.589 Y111.364 E3.47011
G1 X72.258 Y110.603 E3.51002
G1 X72.05 Y109.529 E3.56264
G1 X70.207 Y110.023 E3.65441
G1 X70.207 Y110.369 E3.67105
G1 X78.168 Y118.329 E4.21251
G1 X76.711 Y118.329 E4.28259
G1 X78.756 Y110.737 E4.66075
G1 X86.733 Y118.715 E5.20337
G1 X88.584 Y118.715 E5.2924
G1 X89.332 Y115.923 E5.43142
G1 X90.164 Y115.923 E5.47144
G1 X90.164 Y116.652 E5.5065
G1 X83.906 Y118.329 E5.81811
G1 X82.699 Y118.329 E5.87616
G1 X84.974 Y109.838 E6.29895
G1 X84.977 Y108.778 E6.34993
G1 X75.868 Y99.669 E6.96951
G1 X75.723 Y99.669 E6.97648
G1 X74.26 Y105.128 E7.2483
G1 X73.571 Y105.552 E7.28721
G1 X70.207 Y102.188 E7.51603
G1 X70.207 Y104.035 E7.60486
G1 X87.968 Y99.276 E8.48924
G1 X87.805 Y99.276 E8.49708
G1 X87.105 Y101.887 E8.62709
G1 X86.995 Y101.777 E8.63457
G1 X86.644 Y101.934 E8.65306
G1 X86.462 Y102.082 E8.66434
G1 X84.043 Y99.664 E8.82884
G1 X81.712 Y99.665 E8.94095
G1 X78.827 Y110.558 E9.48293
G1 E7.48293 F2400
G92 E0
G1 X77.714 Y105.732 F7800
G1 E2 F2400
G1 F4200
G1 X78.112 Y106.163 E2.02822
G1 X78.576 Y106.902 E2.07019
G1 X78.869 Y107.702 E2.11117
G1 X85.871 Y105.826 E2.45982
G1 X85.871 Y105.914 E2.46405
G1 X86.039 Y105.867 E2.47244
G1 X85.793 Y106.783 E2.51806
G1 X85.752 Y106.817 E2.52062
G1 X85.754 Y106.311 E2.54496
G1 X85.389 Y106.62 E2.56796
G1 X85.15 Y106.965 E2.58815
G1 X85.007 Y107.357 E2.60822
G1 X84.979 Y107.795 E2.62933
G1 E.62933 F2400
G92 E0
G1 X86.256 Y112.417 F7800
G1 E2 F2400
;TYPE:Solid infill
;WIDTH:0.450031
G1 F3000
G1 X86.256 Y114.666 E2.10818
;WIDTH:0.459891
G1 X86.275 Y114.853 E2.11745
G1 E.11745 F2400
G92 E0
G1 X75.722 Y105.237 F7800
G1 E2 F2400
;WIDTH:0.448259
G1 F3000
G1 X76.402 Y105.376 E2.03323
;WIDTH:0.448759
G1 X77.013 Y105.672 E2.06578
;WIDTH:0.449165
G1 X77.531 Y106.09 E2.09772
;WIDTH:0.450031
G1 X77.949 Y106.596 E2.12929
G1 X78.233 Y107.084 E2.15645
G1 X78.47 Y107.69 E2.18775
G1 X78.609 Y108.3 E2.21784
G1 X78.67 Y109.076 E2.25528
G1 X78.619 Y109.753 E2.28794
G1 X78.461 Y110.437 E2.32171
;WIDTH:0.448215
G1 X78.197 Y111.087 E2.3553
;WIDTH:0.463081
G1 X77.936 Y111.514 E2.38019
G1 X77.796 Y111.704 E2.39193
;WIDTH:0.436361
G1 X77.312 Y112.202 E2.42415
;WIDTH:0.433391
G1 X76.726 Y112.582 E2.45629
;WIDTH:0.450031
G1 X76.109 Y112.814 E2.488
G1 X75.514 Y112.879 E2.51679
;WIDTH:0.450581
G1 X74.965 Y112.811 E2.54344
G1 X74.289 Y112.555 E2.57826
;WIDTH:0.434313
G1 X73.729 Y112.176 E2.60946
;WIDTH:0.437015
G1 X73.254 Y111.676 E2.64151
;WIDTH:0.450029
G1 X72.884 Y111.102 E2.67436
G1 X72.622 Y110.468 E2.70736
G1 X72.454 Y109.752 E2.74274
G1 X72.402 Y109.036 E2.77727
G1 X72.468 Y108.271 E2.8142
G1 X72.632 Y107.605 E2.84719
G1 X72.9 Y106.971 E2.8803
;WIDTH:0.449009
G1 X73.272 Y106.394 E2.91323
G1 X73.756 Y105.895 E2.94658
;WIDTH:0.448589
G1 X74.339 Y105.513 E2.97998
;WIDTH:0.450357
G1 X74.972 Y105.288 E3.01232
G1 X75.529 Y105.25 E3.0392
G1 E1.0392 F2400
G92 E0
G1 X85.462 Y99.277 F7800
G1 E2 F2400
;WIDTH:0.450041
G1 F3000
G1 X71.616 Y99.285 E2.66602
G1 X71.117 Y99.392 E2.69057
;WIDTH:0.450677
G1 X70.707 Y99.682 E2.71477
G1 X70.448 Y99.98 E2.73379
;WIDTH:0.450033
G1 X70.242 Y100.316 E2.75275
G1 X70.067 Y100.713 E2.77362
G1 X69.934 Y101.159 E2.79601
G1 X69.852 Y101.639 E2.81943
G1 X69.822 Y102.167 E2.84487
G1 X69.822 Y115.833 E3.50221
G1 X69.852 Y116.361 E3.52765
G1 X69.939 Y116.864 E3.5522
G1 X70.075 Y117.31 E3.57463
G1 X70.254 Y117.707 E3.59558
;WIDTH:0.450579
G1 X70.475 Y118.054 E3.6154
;WIDTH:0.450809
G1 X70.886 Y118.469 E3.64355
;WIDTH:0.451107
G1 X71.341 Y118.685 E3.66784
G1 X71.616 Y118.715 E3.68118
;WIDTH:0.450031
G1 X84.214 Y118.715 E4.28715
G1 E2.28715 F2400
G92 E0
G92 E0
G1 X94.87 Y75.56 F7800
G1 E2 F2400
;TYPE:Perimeter
;WIDTH:0.45
G1 F1800
G1 X95.006 Y75.541 E2.0066
G1 X95.528 Y75.55 E2.03171
G1 X96.038 Y75.689 E2.05713
G1 X96.622 Y76.007 E2.08911
G1 X97.109 Y76.457 E2.121
G1 X97.49 Y77 E2.1529
G1 X97.762 Y77.608 E2.18494
G1 X97.929 Y78.257 E2.21717
G1 X97.992 Y78.925 E2.24944
G1 X97.952 Y79.591 E2.28153
G1 X97.812 Y80.237 E2.31332
G1 X97.572 Y80.841 E2.34458
G1 X97.234 Y81.386 E2.37542
G1 X96.8 Y81.849 E2.40594
G1 X96.271 Y82.204 E2.43658
G1 X95.662 Y82.417 E2.46761
G1 X95.391 Y82.456 E2.48078
G1 X94.868 Y82.446 E2.50594
G1 X94.359 Y82.307 E2.53132
G1 X93.775 Y81.989 E2.5633
G1 X93.288 Y81.54 E2.59516
G1 X92.907 Y80.996 E2.6271
G1 X92.634 Y80.388 E2.65916
G1 X92.468 Y79.739 E2.69138
G1 X92.405 Y79.072 E2.7236
G1 X92.445 Y78.405 E2.75574
G1 X92.585 Y77.76 E2.78748
G1 X92.825 Y77.155 E2.81878
G1 X93.162 Y76.61 E2.8496
G1 X93.597 Y76.147 E2.88016
G1 X94.126 Y75.792 E2.9108
G1 X94.735 Y75.579 E2.94183
G1 X94.811 Y75.568 E2.94552
G1 X94.926 Y75.946 F7800
G1 F1800
G1 X95.391 Y75.926 E2.96791
G1 X95.93 Y76.06 E2.99462
G1 X96.42 Y76.336 E3.02167
G1 X96.837 Y76.729 E3.04923
G1 X97.167 Y77.211 E3.07733
G1 X97.407 Y77.758 E3.10606
G1 X97.554 Y78.346 E3.13521
G1 X97.607 Y78.954 E3.16456
G1 X97.568 Y79.562 E3.19386
G1 X97.436 Y80.148 E3.22275
G1 X97.216 Y80.692 E3.25097
G1 X96.912 Y81.175 E3.27842
G1 X96.527 Y81.576 E3.30516
G1 X96.07 Y81.875 E3.33143
G1 X95.553 Y82.047 E3.35764
G1 X95.006 Y82.07 E3.38397
G1 X94.467 Y81.937 E3.41067
G1 X93.976 Y81.66 E3.43778
G1 X93.56 Y81.267 E3.4653
G1 X93.23 Y80.785 E3.4934
G1 X92.99 Y80.239 E3.52209
G1 X92.843 Y79.651 E3.55124
G1 X92.789 Y79.042 E3.58065
G1 X92.829 Y78.435 E3.60991
G1 X92.96 Y77.849 E3.63879
G1 X93.18 Y77.304 E3.66706
G1 X93.485 Y76.822 E3.69449
G1 X93.87 Y76.42 E3.72126
G1 X94.327 Y76.121 E3.74753
G1 X94.843 Y75.949 E3.77369
G1 X94.866 Y75.948 E3.7748
G1 X94.979 Y76.319 F7800
;TYPE:External perimeter
G1 F1800
G1 X95.006 Y76.312 E3.77614
G1 X95.445 Y76.32 E3.79726
G1 X95.868 Y76.45 E3.81854
G1 X96.255 Y76.693 E3.84052
G1 X96.589 Y77.033 E3.86344
G1 X96.861 Y77.454 E3.88755
G1 X97.061 Y77.937 E3.91269
G1 X97.179 Y78.434 E3.93726
G1 X97.223 Y78.984 E3.9638
G1 X97.183 Y79.532 E3.99023
G1 X97.061 Y80.059 E4.01625
G1 X96.861 Y80.543 E4.04144
G1 X96.589 Y80.964 E4.06555
G1 X96.219 Y81.332 E4.09065
G1 X95.822 Y81.567 E4.11284
G1 X95.391 Y81.685 E4.13433
G1 X94.952 Y81.677 E4.15545
G1 X94.528 Y81.546 E4.17679
G1 X94.142 Y81.304 E4.1987
G1 X93.808 Y80.964 E4.22162
G1 X93.536 Y80.543 E4.24573
G1 X93.336 Y80.059 E4.27092
G1 X93.218 Y79.562 E4.29549
G1 X93.174 Y79.013 E4.32198
G1 X93.214 Y78.464 E4.34845
G1 X93.336 Y77.937 E4.37447
G1 X93.536 Y77.454 E4.39961
G1 X93.808 Y77.033 E4.42372
G1 X94.178 Y76.665 E4.44882
G1 X94.575 Y76.43 E4.47101
G1 X94.921 Y76.335 E4.48827
G1 X95.321 Y76.32 F7800
G1 E2.48827 F2400
G92 E0
G1 X79.169 Y71.656 F7800
G1 E2 F2400
;TYPE:Perimeter
G1 F3600
G1 X79.35 Y71.463 E2.01273
G1 X79.472 Y70.995 E2.03599
G1 X79.472 Y68.934 E2.13512
G1 X99.145 Y68.934 E3.08132
G1 X99.591 Y69.012 E3.1031
G1 X99.988 Y69.208 E3.12439
G1 X100.35 Y69.543 E3.14811
G1 X100.663 Y69.977 E3.17385
G1 X100.936 Y70.538 E3.20386
G1 X101.08 Y71.018 E3.22796
G1 X101.17 Y71.532 E3.25306
G1 X101.202 Y72.184 E3.28446
G1 X101.202 Y85.427 E3.9214
G1 X101.18 Y86.174 E3.95734
G1 X101.108 Y86.697 E3.98273
G1 X100.981 Y87.188 E4.00712
G1 X100.743 Y87.769 E4.03732
G1 X100.418 Y88.252 E4.06532
G1 X99.988 Y88.667 E4.09406
G1 X99.591 Y88.863 E4.11535
G1 X99.145 Y88.941 E4.13713
G1 X79.472 Y88.941 E5.08333
G1 X79.472 Y86.88 E5.18246
G1 X79.35 Y86.412 E5.20572
G1 X79.03 Y86.07 E5.22825
G1 X78.508 Y85.926 E5.25429
;WIDTH:0.429703
G1 X71.054 Y85.926 E5.59393
G1 X71.054 Y85.561 E5.61056
G1 X78.508 Y85.561 E5.9502
;WIDTH:0.45
G1 X80.513 Y85.571 E6.04663
G1 X80.76 Y85.539 E6.05861
G1 X81.095 Y85.376 E6.07653
G1 X81.317 Y85.139 E6.09215
;WIDTH:0.464917
G1 X81.481 Y84.692 E6.11594
G1 X81.645 Y85.139 E6.13973
;WIDTH:0.45
G1 X81.868 Y85.376 E6.15538
G1 X82.015 Y85.468 E6.16372
G1 X82.449 Y85.571 E6.18517
G1 X84.361 Y85.571 E6.27713
G1 X84.527 Y85.557 E6.28514
G1 X84.87 Y85.426 E6.3028
G1 X85.059 Y85.272 E6.31453
G1 X85.273 Y84.92 E6.33434
G1 X85.325 Y84.607 E6.3496
G1 X85.325 Y73.268 E6.89497
G1 X85.273 Y72.955 E6.91023
G1 X85.059 Y72.603 E6.93004
G1 X84.87 Y72.449 E6.94177
G1 X84.631 Y72.342 E6.95436
G1 X84.361 Y72.304 E6.96747
G1 X82.449 Y72.304 E7.05943
G1 X82.108 Y72.366 E7.0761
G1 X81.868 Y72.499 E7.0893
G1 X81.645 Y72.736 E7.10495
;WIDTH:0.457525
G1 X81.481 Y73.268 E7.13225
G1 X81.317 Y72.736 E7.15955
;WIDTH:0.45
G1 X81.095 Y72.499 E7.17517
G1 X80.854 Y72.366 E7.18841
G1 X80.513 Y72.304 E7.20508
G1 X78.508 Y72.314 E7.30151
;WIDTH:0.429704
G1 X71.054 Y72.314 E7.64115
G1 X71.054 Y71.949 E7.65778
G1 X78.508 Y71.949 E7.99742
;WIDTH:0.438316
G1 X78.673 Y71.938 E8.00513
;WIDTH:0.45
G1 X79.03 Y71.805 E8.02345
G1 X79.128 Y71.7 E8.03036
G1 E6.03036 F2400
G92 E0
G1 X81.481 Y76.715 F7800
G1 E2 F2400
;WIDTH:0.457525
G1 F1800
G1 X81.481 Y73.268 E2.16902
G1 E.16902 F2400
G92 E0
G1 X81.481 Y80.985 F7800
G1 E2 F2400
;WIDTH:0.464917
G1 F1800
G1 X81.481 Y84.692 E2.18519
G1 E.18519 F2400
G92 E0
G1 X78.905 Y71.391 F7800
G1 E2 F2400
;WIDTH:0.45
G1 F3600
G1 X79.013 Y71.276 E2.00759
G1 X79.086 Y70.995 E2.02155
G1 X79.086 Y68.548 E2.13924
G1 X99.03 Y68.548 E3.09848
G1 X99.538 Y68.588 E3.12299
G1 X100.026 Y68.786 E3.14832
G1 X100.395 Y69.047 E3.17006
G1 X100.825 Y69.507 E3.20035
G1 X101.157 Y70.087 E3.23249
G1 X101.35 Y70.576 E3.25777
G1 X101.488 Y71.112 E3.28439
G1 X101.565 Y71.679 E3.31191
G1 X101.588 Y72.184 E3.33622
G1 X101.588 Y85.691 E3.98586
G1 X101.565 Y86.196 E4.01017
G1 X101.488 Y86.763 E4.03769
G1 X101.35 Y87.299 E4.06431
G1 X101.157 Y87.788 E4.08959
G1 X100.825 Y88.368 E4.12173
G1 X100.395 Y88.828 E4.15202
G1 X100.026 Y89.089 E4.17376
G1 X99.538 Y89.287 E4.19909
G1 X99.165 Y89.327 E4.21713
G1 X79.086 Y89.327 E5.18286
G1 X79.086 Y86.88 E5.30055
G1 X79.013 Y86.599 E5.31451
G1 X78.821 Y86.394 E5.32802
G1 X78.508 Y86.302 E5.34371
G1 X70.678 Y86.302 E5.72031
G1 X70.678 Y85.186 E5.77399
G1 X80.513 Y85.186 E6.24702
G1 X80.774 Y85.124 E6.25992
G1 X80.996 Y84.926 E6.27423
G1 X81.092 Y84.607 E6.29025
G1 X81.092 Y80.595 E6.48321
G1 X81.871 Y80.595 E6.52068
G1 X81.871 Y84.607 E6.71364
G1 X81.967 Y84.926 E6.72966
G1 X82.189 Y85.124 E6.74397
G1 X82.449 Y85.186 E6.75683
G1 X84.461 Y85.177 E6.8536
G1 X84.666 Y85.098 E6.86417
G1 X84.859 Y84.901 E6.87743
G1 X84.939 Y84.607 E6.89208
G1 X84.939 Y73.268 E7.43745
G1 X84.859 Y72.974 E7.4521
G1 X84.666 Y72.777 E7.46536
G1 X84.361 Y72.689 E7.48063
G1 X82.449 Y72.689 E7.57259
G1 X82.189 Y72.751 E7.58545
G1 X81.967 Y72.949 E7.59976
G1 X81.871 Y73.268 E7.61578
G1 X81.871 Y77.105 E7.80033
G1 X81.092 Y77.105 E7.8378
G1 X81.092 Y73.268 E8.02235
G1 X80.996 Y72.949 E8.03837
G1 X80.774 Y72.751 E8.05268
G1 X80.513 Y72.689 E8.06558
G1 X70.678 Y72.689 E8.53861
G1 X70.678 Y71.573 E8.59229
G1 X78.508 Y71.573 E8.96889
G1 X78.821 Y71.481 E8.98458
G1 X78.864 Y71.435 E8.98761
G1 X78.632 Y71.12 F7800
;TYPE:External perimeter
G1 F1800
G1 X78.676 Y71.088 E8.99023
G1 X78.701 Y70.995 E8.99486
G1 X78.701 Y68.162 E9.13112
G1 X99.055 Y68.162 E10.11008
G1 X99.62 Y68.209 E10.13735
G1 X100.034 Y68.346 E10.15832
G1 X100.431 Y68.572 E10.18029
G1 X100.937 Y69.043 E10.21354
G1 X101.245 Y69.453 E10.2382
G1 X101.509 Y69.93 E10.26442
G1 X101.719 Y70.465 E10.29206
G1 X101.868 Y71.045 E10.32086
G1 X101.95 Y71.657 E10.35056
G1 X101.973 Y72.184 E10.37593
G1 X101.973 Y85.691 E11.02557
G1 X101.95 Y86.218 E11.05094
G1 X101.868 Y86.83 E11.08064
G1 X101.719 Y87.41 E11.10944
G1 X101.509 Y87.945 E11.13708
G1 X101.245 Y88.422 E11.1633
G1 X100.937 Y88.832 E11.18796
G1 X100.431 Y89.303 E11.22121
G1 X100.034 Y89.529 E11.24318
G1 X99.62 Y89.666 E11.26415
G1 X99.186 Y89.712 E11.28514
G1 X78.701 Y89.712 E12.2704
G1 X78.699 Y86.856 E12.40776
G1 X78.612 Y86.718 E12.41561
G1 X78.508 Y86.687 E12.42083
G1 X70.293 Y86.687 E12.81594
G1 X70.293 Y84.8 E12.9067
G1 X80.513 Y84.8 E13.39825
G1 X80.63 Y84.761 E13.40418
G1 X80.706 Y84.607 E13.41244
G1 X80.706 Y80.21 E13.62392
G1 X82.256 Y80.21 E13.69847
G1 X82.256 Y84.607 E13.90995
G1 X82.333 Y84.761 E13.91823
G1 X82.449 Y84.8 E13.92412
G1 X84.361 Y84.8 E14.01608
G1 X84.5 Y84.74 E14.02336
G1 X84.553 Y84.607 E14.03025
G1 X84.553 Y73.268 E14.57562
G1 X84.5 Y73.135 E14.58251
G1 X84.361 Y73.075 E14.58979
G1 X82.449 Y73.075 E14.68175
G1 X82.333 Y73.114 E14.68764
G1 X82.256 Y73.268 E14.69592
G1 X82.256 Y77.49 E14.89898
G1 X80.706 Y77.49 E14.97353
G1 X80.706 Y73.268 E15.17659
G1 X80.63 Y73.114 E15.18485
G1 X80.513 Y73.075 E15.19078
G1 X70.293 Y73.075 E15.68233
G1 X70.293 Y71.187 E15.77314
G1 X78.541 Y71.185 E16.16984
G1 X78.583 Y71.155 E16.17232
G1 X78.694 Y70.77 F7800
G1 E14.17232 F2400
G92 E0
G1 X83.646 Y72.015 F7800
G1 E2 F2400
;TYPE:Solid infill
;WIDTH:0.450031
G1 F3000
G1 X84.367 Y72.015 E2.03468
G1 X84.717 Y72.043 E2.05157
;WIDTH:0.407607
G1 X85.05 Y72.158 E2.06665
;WIDTH:0.429682
G1 X85.131 Y72.256 E2.07244
;WIDTH:0.454983
G1 X85.245 Y72.387 E2.0809
;WIDTH:0.444269
G1 X85.361 Y72.414 E2.08654
;WIDTH:0.416179
G1 X85.477 Y72.441 E2.09177
;WIDTH:0.38809
G1 X85.656 Y72.565 E2.10056
;WIDTH:0.378539
G1 X85.809 Y72.774 E2.11071
;WIDTH:0.40489
G1 X85.932 Y73.279 E2.13278
G1 X85.932 Y84.583 E2.61286
;WIDTH:0.404725
G1 X85.881 Y84.897 E2.62636
;WIDTH:0.399257
G1 X85.661 Y85.302 E2.64561
;WIDTH:0.39891
G1 X85.471 Y85.431 E2.65519
;WIDTH:0.428474
G1 X85.347 Y85.472 E2.66112
;WIDTH:0.458039
G1 X85.223 Y85.513 E2.66753
G1 X85.245 Y85.492 E2.66902
;WIDTH:0.450775
G1 X85.368 Y85.26 E2.68168
;WIDTH:0.405993
G1 X85.49 Y85.027 E2.69289
;WIDTH:0.404725
G1 X85.591 Y84.583 E2.71222
;WIDTH:0.40489
G1 X85.591 Y73.285 E3.19205
G1 X85.493 Y72.846 E3.21115
;WIDTH:0.415541
G1 X85.336 Y72.557 E3.22556
G1 E1.22556 F2400
G92 E0
G1 X85.223 Y85.513 F7800
G1 E2 F2400
;WIDTH:0.458039
G1 F3000
G1 X85.193 Y85.533 E2.00177
;WIDTH:0.453117
G1 X85.001 Y85.741 E2.01549
;WIDTH:0.441499
G1 X84.545 Y85.848 E2.03752
G1 E.03752 F2400
G92 E0
G1 X95.017 Y75.252 F7800
G1 E2 F2400
;WIDTH:0.450029
G1 F3000
G1 X95.631 Y75.276 E2.02956
G1 X96.306 Y75.485 E2.06355
G1 X96.797 Y75.781 E2.09113
;WIDTH:0.447841
G1 X97.331 Y76.274 E2.12589
;WIDTH:0.448159
G1 X97.743 Y76.865 E2.16037
;WIDTH:0.450029
G1 X98.035 Y77.516 E2.19469
G1 X98.214 Y78.211 E2.22921
G1 X98.28 Y78.924 E2.26365
G1 X98.223 Y79.747 E2.30333
G1 X98.085 Y80.327 E2.33201
;WIDTH:0.467705
G1 X97.832 Y80.947 E2.3657
G1 X97.469 Y81.541 E2.40072
;WIDTH:0.465285
G1 X97.298 Y81.748 E2.41415
;WIDTH:0.433559
G1 X96.754 Y82.236 E2.4478
;WIDTH:0.450427
G1 X96.101 Y82.59 E2.48356
G1 X95.375 Y82.745 E2.5193
;WIDTH:0.450063
G1 X94.808 Y82.728 E2.54659
G1 X94.287 Y82.587 E2.57255
;WIDTH:0.449835
G1 X93.962 Y82.442 E2.58966
;WIDTH:0.450023
G1 X93.388 Y82.049 E2.62312
G1 X93.018 Y81.655 E2.64912
;WIDTH:0.439135
G1 X92.658 Y81.129 E2.67891
;WIDTH:0.450033
G1 X92.361 Y80.48 E2.71324
G1 X92.17 Y79.718 E2.75103
G1 X92.117 Y79.074 E2.78211
G1 X92.16 Y78.363 E2.81637
G1 X92.312 Y77.668 E2.85059
G1 X92.676 Y76.837 E2.89423
;WIDTH:0.436029
G1 X93.084 Y76.264 E2.92684
;WIDTH:0.432713
G1 X93.643 Y75.762 E2.96136
;WIDTH:0.450425
G1 X94.296 Y75.407 E2.99715
G1 X94.828 Y75.292 E3.02336
G1 E1.02336 F2400
G92 E0
G1 X100.527 Y81.446 F7800
G1 E2 F2400
;TYPE:Internal infill
;WIDTH:0.45
G1 F4200
G1 X100.527 Y83.759 E2.11125
G1 X83.707 Y88.266 E2.94877
G1 X83.553 Y88.266 E2.95618
G1 X83.527 Y88.315 E2.95885
G1 X82.268 Y88.652 E3.02154
G1 X82.397 Y88.652 E3.02774
G1 X83.145 Y85.86 E3.16676
G1 X83.743 Y85.86 E3.19552
G1 X84.036 Y86.154 E3.21548
G1 X84.015 Y86.246 E3.22002
G1 X84.128 Y86.246 E3.22545
G1 X86.149 Y88.266 E3.36288
G1 X88.489 Y88.266 E3.47543
G1 X93.488 Y69.609 E4.40442
G1 X92.032 Y69.609 E4.47445
G1 X100.527 Y78.104 E5.05227
G1 X100.527 Y77.771 E5.06829
G1 X98.608 Y78.285 E5.16384
G1 X98.398 Y77.379 E5.20857
G1 X98.066 Y76.649 E5.24714
G1 X97.725 Y76.145 E5.27641
G1 X99.457 Y69.682 E5.59823
G1 X99.779 Y69.914 E5.61732
G1 X99.966 Y70.134 E5.63121
G1 X100.302 Y70.773 E5.66593
G1 X100.423 Y71.174 E5.68608
G1 X100.509 Y71.788 E5.7159
G1 X86.295 Y75.596 E6.42365
G1 X86.295 Y74.105 E6.49536
G1 X87.5 Y69.609 E6.71923
G1 X86.293 Y69.609 E6.77728
G1 X79.678 Y71.381 E7.10666
G1 X79.604 Y71.607 E7.1181
G1 X79.212 Y72.026 E7.1457
G1 X80.854 Y72.063 E7.22469
G1 X81.615 Y69.223 E7.3661
G1 X83.466 Y69.223 E7.45513
G1 X91.914 Y77.671 E8.02975
G1 X91.773 Y78.326 E8.06197
G1 X91.729 Y79.093 E8.09892
G1 X91.865 Y80.092 E8.14741
G1 X86.295 Y81.585 E8.42476
G1 X86.295 Y80.232 E8.48983
G1 X94.329 Y88.266 E9.03629
G1 X94.477 Y88.266 E9.04341
G1 X95.872 Y83.059 E9.30268
G1 X96.258 Y82.946 E9.32202
G1 X96.871 Y82.628 E9.35523
G1 X100.499 Y86.256 E9.602
G1 X100.423 Y86.701 E9.62371
G1 X100.146 Y87.452 E9.66221
G1 X99.779 Y87.961 E9.69239
G1 X99.427 Y88.206 E9.71302
G1 E7.71302 F2400
G92 E0
G1 X85.053 Y69.223 F7800
G1 E2 F2400
;TYPE:Solid infill
;WIDTH:0.450031
G1 F3000
G1 X99.119 Y69.223 E2.67658
;WIDTH:0.451185
G1 X99.433 Y69.265 E2.69186
G1 X99.849 Y69.469 E2.71421
;WIDTH:0.450811
G1 X100.26 Y69.884 E2.74236
;WIDTH:0.450577
G1 X100.492 Y70.253 E2.76336
;WIDTH:0.450029
G1 X100.668 Y70.65 E2.78425
G1 X100.801 Y71.096 E2.80664
G1 X100.883 Y71.576 E2.83006
G1 X100.913 Y72.105 E2.85555
G1 X100.913 Y85.77 E3.51284
G1 X100.883 Y86.299 E3.53833
G1 X100.795 Y86.801 E3.56284
G1 X100.659 Y87.248 E3.58531
G1 X100.48 Y87.645 E3.60626
G1 X100.269 Y87.98 E3.6253
;WIDTH:0.450673
G1 X100.028 Y88.255 E3.64292
G1 X99.617 Y88.546 E3.66718
;WIDTH:0.450031
G1 X99.119 Y88.652 E3.69167
G1 X83.852 Y88.652 E4.42602
M106 S178.5
;LAYER_CHANGE
;Z:1.55
;HEIGHT:0.3
G1 E2.42602 F2400
G92 E0
G1 Z1.55 F7800
G92 E0
G1 X74.919 Y105.612
G1 E2 F2400
;TYPE:Perimeter
;WIDTH:0.45
G1 F1800
G1 X75.407 Y105.52 E2.02388
G1 X76.035 Y105.57 E2.05418
G1 X76.631 Y105.783 E2.08462
G1 X77.157 Y106.136 E2.11509
G1 X77.592 Y106.594 E2.14547
G1 X77.931 Y107.13 E2.17597
G1 X78.175 Y107.719 E2.20663
G1 X78.324 Y108.343 E2.23749
G1 X78.38 Y108.982 E2.26834
G1 X78.344 Y109.621 E2.29912
G1 X78.218 Y110.242 E2.3296
G1 X78.002 Y110.828 E2.35964
G1 X77.698 Y111.363 E2.38924
G1 X77.307 Y111.83 E2.41853
G1 X76.831 Y112.206 E2.4477
G1 X76.277 Y112.467 E2.47715
G1 X75.666 Y112.583 E2.50706
G1 X75.037 Y112.533 E2.53741
G1 X74.441 Y112.319 E2.56787
G1 X73.916 Y111.967 E2.59827
G1 X73.48 Y111.509 E2.62868
G1 X73.141 Y110.973 E2.65918
G1 X72.898 Y110.383 E2.68987
G1 X72.748 Y109.76 E2.72069
G1 X72.692 Y109.12 E2.75159
G1 X72.728 Y108.482 E2.78232
G1 X72.855 Y107.861 E2.81281
G1 X73.07 Y107.275 E2.84283
G1 X73.374 Y106.739 E2.87247
G1 X73.765 Y106.273 E2.90173
G1 X74.241 Y105.896 E2.93093
G1 X74.796 Y105.635 E2.96043
G1 X74.86 Y105.623 E2.96356
G1 X75.019 Y105.978 F7800
G1 F1800
G1 X75.459 Y105.902 E2.98504
G1 X75.983 Y105.952 E3.01036
G1 X76.483 Y106.139 E3.03604
G1 X76.928 Y106.446 E3.06204
G1 X77.303 Y106.85 E3.08855
G1 X77.6 Y107.327 E3.11558
G1 X77.815 Y107.859 E3.14318
G1 X77.947 Y108.426 E3.17118
G1 X77.995 Y109.01 E3.19936
G1 X77.96 Y109.594 E3.2275
G1 X77.841 Y110.159 E3.25527
G1 X77.643 Y110.688 E3.28244
G1 X77.367 Y111.166 E3.30899
G1 X77.019 Y111.574 E3.33478
G1 X76.603 Y111.896 E3.36008
G1 X76.128 Y112.111 E3.38516
G1 X75.614 Y112.201 E3.41026
G1 X75.089 Y112.151 E3.43562
G1 X74.59 Y111.964 E3.46125
G1 X74.144 Y111.656 E3.48732
G1 X73.769 Y111.253 E3.5138
G1 X73.472 Y110.775 E3.54087
G1 X73.257 Y110.244 E3.56842
G1 X73.125 Y109.677 E3.59642
G1 X73.077 Y109.093 E3.6246
G1 X73.113 Y108.509 E3.65274
G1 X73.231 Y107.944 E3.6805
G1 X73.43 Y107.414 E3.70773
G1 X73.705 Y106.937 E3.73421
G1 X74.054 Y106.529 E3.76003
G1 X74.47 Y106.207 E3.78533
G1 X74.944 Y105.991 E3.81038
G1 X74.96 Y105.989 E3.81116
G1 X75.117 Y106.343 F7800
;TYPE:External perimeter
G1 F1800
G1 X75.141 Y106.334 E3.81239
G1 X75.562 Y106.284 E3.83278
G1 X75.98 Y106.347 E3.85311
G1 X76.374 Y106.518 E3.87377
G1 X76.73 Y106.784 E3.89514
G1 X77.036 Y107.135 E3.91754
G1 X77.283 Y107.554 E3.94093
G1 X77.465 Y108.027 E3.96531
G1 X77.575 Y108.537 E3.9904
G1 X77.611 Y109.038 E4.01456
G1 X77.575 Y109.566 E4.04001
G1 X77.465 Y110.076 E4.0651
G1 X77.283 Y110.549 E4.08948
G1 X77.029 Y110.98 E4.11354
G1 X76.7 Y111.346 E4.13721
G1 X76.334 Y111.608 E4.15886
G1 X75.931 Y111.769 E4.17973
G1 X75.51 Y111.819 E4.20012
G1 X75.093 Y111.755 E4.22041
G1 X74.698 Y111.585 E4.24109
G1 X74.342 Y111.318 E4.26249
G1 X74.036 Y110.968 E4.28485
G1 X73.789 Y110.549 E4.30824
G1 X73.608 Y110.076 E4.3326
G1 X73.5 Y109.586 E4.35673
G1 X73.462 Y109.065 E4.38185
G1 X73.497 Y108.537 E4.4073
G1 X73.608 Y108.027 E4.4324
G1 X73.789 Y107.554 E4.45676
G1 X74.058 Y107.106 E4.48189
G1 X74.372 Y106.757 E4.50447
G1 X74.738 Y106.495 E4.52612
G1 X75.062 Y106.366 E4.54289
G1 X75.456 Y106.299 F7800
G1 E2.54289 F2400
G92 E0
G1 X90.448 Y99.642 F7800
G1 E2 F2400
;TYPE:Perimeter
G1 F3600
G1 X90.221 Y99.933 E2.01775
G1 X90.146 Y100.304 E2.03595
G1 X90.143 Y102.366 E2.13513
G1 X87.343 Y102.381 E2.2698
G1 X87 Y102.512 E2.28746
G1 X86.812 Y102.665 E2.29912
G1 X86.598 Y103.018 E2.31897
G1 X86.546 Y103.33 E2.33418
G1 X86.546 Y105.619 E2.44427
G1 X86.107 Y105.741 E2.46618
G1 X85.899 Y105.912 E2.47913
G1 X85.721 Y106.188 E2.49493
G1 X85.644 Y106.564 E2.51339
G1 X85.644 Y110.558 E2.70549
G1 X85.665 Y111.459 E2.74884
G1 X85.798 Y111.783 E2.76569
G1 X86.101 Y112.081 E2.78613
G1 X86.546 Y112.206 E2.80836
G1 X86.546 Y114.67 E2.92687
G1 X86.598 Y114.982 E2.94208
G1 X86.812 Y115.335 E2.96193
G1 X87 Y115.488 E2.97359
G1 X87.24 Y115.595 E2.98623
G1 X87.51 Y115.634 E2.99935
G1 X90.143 Y115.634 E3.12599
G1 X90.146 Y117.696 E3.22517
G1 X90.221 Y118.067 E3.24337
G1 X90.533 Y118.467 E3.26777
G1 X91.11 Y118.649 E3.29687
;WIDTH:0.429703
G1 X98.72 Y118.649 E3.64362
G1 X98.72 Y119.014 E3.66025
G1 X91.11 Y119.014 E4.007
;WIDTH:0.45
G1 X71.59 Y119.004 E4.94584
G1 X71.143 Y118.925 E4.96767
G1 X70.746 Y118.73 E4.98894
G1 X70.385 Y118.394 E5.01266
G1 X70.071 Y117.96 E5.03842
G1 X69.799 Y117.4 E5.06836
G1 X69.654 Y116.92 E5.09248
G1 X69.564 Y116.406 E5.11758
G1 X69.532 Y115.846 E5.14456
G1 X69.532 Y102.529 E5.78506
G1 X69.555 Y101.764 E5.82187
G1 X69.626 Y101.241 E5.84726
G1 X69.754 Y100.75 E5.87166
G1 X69.991 Y100.168 E5.90188
G1 X70.317 Y99.685 E5.92991
G1 X70.746 Y99.27 E5.95862
G1 X71.143 Y99.075 E5.97989
G1 X71.59 Y98.996 E6.00172
G1 X91.11 Y98.986 E6.94056
;WIDTH:0.429704
G1 X98.72 Y98.986 E7.28731
G1 X98.72 Y99.169 E7.29565
;WIDTH:0.429702
G1 X98.72 Y99.351 E7.30394
G1 X91.11 Y99.351 E7.65069
;WIDTH:0.438316
G1 X90.945 Y99.362 E7.6584
;WIDTH:0.45
G1 X90.533 Y99.533 E7.67985
G1 X90.485 Y99.594 E7.68358
G1 X90.712 Y99.908 F7800
G1 F3600
G1 X90.577 Y100.082 E7.69417
G1 X90.532 Y100.304 E7.70506
G1 X90.528 Y102.752 E7.8228
G1 X87.41 Y102.761 E7.97277
G1 X87.204 Y102.839 E7.98336
G1 X87.011 Y103.037 E7.99666
G1 X86.931 Y103.33 E8.01127
G1 X86.931 Y105.988 E8.13911
G1 X86.612 Y105.986 E8.15445
G1 X86.308 Y106.07 E8.16962
G1 X86.1 Y106.288 E8.18411
G1 X86.03 Y106.564 E8.1978
G1 X86.03 Y111.261 E8.42371
G1 X86.099 Y111.535 E8.4373
G1 X86.304 Y111.753 E8.45169
G1 X86.612 Y111.839 E8.46707
G1 X86.931 Y111.837 E8.48241
G1 X86.931 Y114.67 E8.61867
G1 X87.011 Y114.963 E8.63328
G1 X87.204 Y115.161 E8.64658
G1 X87.51 Y115.248 E8.66188
G1 X90.528 Y115.248 E8.80704
G1 X90.532 Y117.696 E8.92478
G1 X90.577 Y117.918 E8.93567
G1 X90.764 Y118.158 E8.9503
G1 X91.11 Y118.273 E8.96784
G1 X99.096 Y118.273 E9.35194
G1 X99.095 Y119.389 E9.40562
G1 X71.704 Y119.389 E10.72303
G1 X71.197 Y119.349 E10.74749
G1 X70.858 Y119.237 E10.76466
G1 X70.392 Y118.935 E10.79137
G1 X70.023 Y118.565 E10.8165
G1 X69.65 Y118.013 E10.84854
G1 X69.437 Y117.535 E10.87371
G1 X69.278 Y117.009 E10.90014
G1 X69.181 Y116.45 E10.92743
G1 X69.147 Y115.858 E10.95595
G1 X69.147 Y102.246 E11.61064
G1 X69.17 Y101.742 E11.63491
G1 X69.246 Y101.174 E11.66247
G1 X69.385 Y100.639 E11.68906
G1 X69.578 Y100.149 E11.71439
G1 X69.909 Y99.569 E11.74651
G1 X70.339 Y99.109 E11.7768
G1 X70.708 Y98.848 E11.79854
G1 X71.197 Y98.651 E11.8239
G1 X71.569 Y98.611 E11.8419
G1 X99.095 Y98.611 E13.1658
G1 X99.096 Y99.168 E13.19259
G1 X99.096 Y99.727 E13.21948
G1 X91.11 Y99.727 E13.60358
G1 X90.764 Y99.842 E13.62112
G1 X90.749 Y99.861 E13.62228
G1 X90.98 Y100.18 F7800
;TYPE:External perimeter
G1 F1800
G1 X90.917 Y100.305 E13.62901
G1 X90.913 Y103.137 E13.76522
G1 X87.51 Y103.137 E13.92889
G1 X87.37 Y103.197 E13.93622
G1 X87.317 Y103.33 E13.94311
G1 X87.317 Y106.376 E14.08961
G1 X86.61 Y106.371 E14.12362
G1 X86.466 Y106.434 E14.13118
G1 X86.415 Y106.564 E14.1379
G1 X86.415 Y111.261 E14.36381
G1 X86.465 Y111.39 E14.37046
G1 X86.61 Y111.454 E14.37808
G1 X87.317 Y111.449 E14.41209
G1 X87.317 Y114.67 E14.56701
G1 X87.37 Y114.803 E14.5739
G1 X87.51 Y114.862 E14.58121
G1 X90.913 Y114.862 E14.74488
G1 X90.917 Y117.695 E14.88114
G1 X90.995 Y117.849 E14.88944
G1 X91.11 Y117.887 E14.89527
G1 X99.482 Y117.887 E15.29793
G1 X99.48 Y119.775 E15.38874
G1 X71.68 Y119.775 E16.72582
G1 X71.115 Y119.728 E16.75309
G1 X70.701 Y119.591 E16.77406
G1 X70.303 Y119.365 E16.79607
G1 X69.932 Y119.052 E16.81942
G1 X69.597 Y118.659 E16.84426
G1 X69.308 Y118.194 E16.87059
G1 X69.074 Y117.669 E16.89824
G1 X68.902 Y117.098 E16.92692
G1 X68.797 Y116.494 E16.95641
G1 X68.761 Y115.869 E16.98652
G1 X68.761 Y102.246 E17.64174
G1 X68.785 Y101.72 E17.66707
G1 X68.866 Y101.108 E17.69676
G1 X69.015 Y100.527 E17.72561
G1 X69.225 Y99.992 E17.75325
G1 X69.489 Y99.515 E17.77947
G1 X69.798 Y99.106 E17.80412
G1 X70.303 Y98.635 E17.83733
G1 X70.701 Y98.409 E17.85934
G1 X71.115 Y98.272 E17.88031
G1 X71.548 Y98.225 E17.90126
G1 X99.48 Y98.225 E19.24469
G1 X99.481 Y99.168 E19.29005
G1 X99.482 Y100.112 E19.33545
G1 X91.11 Y100.112 E19.73811
G1 X91.021 Y100.142 E19.74263
G1 X90.925 Y100.531 F7800
G1 E17.74263 F2400
G92 E0
G1 X89.332 Y102.077 F7800
G1 E2 F2400
;TYPE:Internal infill
;WIDTH:0.45
G1 F4200
G1 X87.312 Y102.094 E2.09716
G1 X87.105 Y101.887 E2.11124
G1 X87.805 Y99.276 E2.24125
G1 X87.968 Y99.276 E2.24909
G1 X85.546 Y99.925 E2.36969
G1 X85.403 Y100.185 E2.38396
G1 X86.829 Y101.611 E2.48095
G1 E.48095 F2400
G92 E0
G1 X85 Y118.474 F7800
G1 E2 F2400
G1 F4200
G1 X84.76 Y118.715 E2.01636
G1 X86.733 Y118.715 E2.11125
G1 X85.704 Y117.685 E2.18128
G1 X85.695 Y117.78 E2.18587
G1 X85.599 Y117.875 E2.19237
G1 X89.855 Y116.735 E2.40429
G1 X89.854 Y115.923 E2.44334
G1 X89.332 Y115.923 E2.46845
G1 X88.584 Y118.715 E2.60747
G1 X90.368 Y118.715 E2.69327
G1 X90.042 Y118.296 E2.7188
G1 E.7188 F2400
G92 E0
G1 X83.992 Y118.885 F7800
G1 E2 F2400
;TYPE:Bridge infill
;WIDTH:0.408793
;HEIGHT:0.4
M106 S255
G1 F3600
G1 X85.293 Y117.584 E2.1004
G1 X85.341 Y117.075 E2.1283
G1 X85.247 Y116.981 E2.13555
G1 X83.546 Y118.682 E2.26682
G1 X82.897 Y118.682 E2.30223
G1 X85.157 Y116.423 E2.47659
G1 X86.241 Y114.875 E2.57971
G1 X86.226 Y114.704 E2.58908
G1 X82.248 Y118.682 E2.89606
G1 X81.599 Y118.682 E2.93147
G1 X86.224 Y114.058 E3.28834
G1 X86.224 Y113.409 E3.32375
G1 X80.951 Y118.682 E3.73066
G1 X80.302 Y118.682 E3.76607
G1 X86.224 Y112.76 E4.22307
G1 X86.224 Y112.441 E4.24048
G1 X85.966 Y112.369 E4.2551
G1 X79.653 Y118.682 E4.74227
G1 X79.004 Y118.682 E4.77768
G1 X85.615 Y112.072 E5.28781
G1 X85.527 Y111.957 E5.29571
G1 X85.387 Y111.65 E5.31412
G1 X78.355 Y118.682 E5.85678
G1 X77.706 Y118.682 E5.89219
G1 X85.325 Y111.064 E6.48011
G1 X85.327 Y110.413 E6.51563
G1 X77.058 Y118.682 E7.15374
G1 X76.409 Y118.682 E7.18915
G1 X85.328 Y109.763 E7.87743
G1 X85.33 Y109.113 E7.9129
G1 X75.76 Y118.682 E8.65137
G1 X75.111 Y118.682 E8.68678
G1 X85.331 Y108.462 E9.47545
G1 X85.332 Y107.812 E9.51092
G1 X74.462 Y118.682 E10.34975
G1 X73.813 Y118.682 E10.38516
G1 X85.334 Y107.162 E11.27419
G1 X85.335 Y106.512 E11.30966
G1 X73.165 Y118.682 E12.24881
G1 X72.516 Y118.682 E12.28422
G1 X86.224 Y104.974 E13.34206
G1 X86.224 Y104.325 E13.37747
G1 X71.867 Y118.682 E14.48539
G1 X71.607 Y118.682 E14.49958
G1 X71.347 Y118.654 E14.51385
G1 X71.271 Y118.629 E14.51822
G1 X86.224 Y103.676 E15.67214
G1 X86.227 Y103.287 E15.69337
G1 X85.986 Y103.266 E15.70657
G1 X78.291 Y110.961 E16.30039
G1 X78.257 Y111.046 E16.30539
G1 X77.948 Y111.57 E16.33858
G1 X77.543 Y112.048 E16.37277
G1 X77.353 Y112.222 E16.38683
G1 X77.015 Y112.47 E16.40971
G1 X76.762 Y112.613 E16.42557
G1 X76.55 Y112.701 E16.4381
G1 X70.853 Y118.399 E16.87777
G1 X70.705 Y118.275 E16.88831
G1 X70.532 Y118.071 E16.90291
G1 X75.709 Y112.893 E17.30246
G1 X75.536 Y112.914 E17.31197
G1 X75.091 Y112.863 E17.33641
G1 X70.275 Y117.679 E17.70806
G1 X70.081 Y117.224 E17.73505
G1 X74.58 Y112.725 E18.08224
G1 X74.291 Y112.605 E18.09932
G1 X74.139 Y112.517 E18.1089
G1 X69.944 Y116.712 E18.43263
G1 X69.884 Y116.369 E18.45163
G1 X69.871 Y116.137 E18.46431
G1 X73.758 Y112.25 E18.76427
G1 X73.529 Y112.048 E18.78093
G1 X73.426 Y111.932 E18.78939
G1 X69.854 Y115.505 E19.06508
G1 X69.854 Y114.856 E19.10049
G1 X73.133 Y111.577 E19.35353
G1 X72.887 Y111.174 E19.37929
G1 X69.854 Y114.207 E19.61335
G1 X69.854 Y113.558 E19.64876
G1 X72.69 Y110.722 E19.86761
G1 X72.595 Y110.493 E19.88114
G1 X72.532 Y110.231 E19.89584
G1 X69.854 Y112.909 E20.1025
G1 X69.854 Y112.261 E20.13786
G1 X72.417 Y109.697 E20.33568
G1 X72.371 Y109.094 E20.36868
G1 X69.854 Y111.612 E20.56295
G1 X69.854 Y110.963 E20.59836
G1 X72.675 Y108.142 E20.81606
M106 S178.5
G1 E18.81606 F2400
G92 E0
G1 X78.327 Y110.276 F7800
G1 E2 F2400
M106 S255
G1 F3600
G1 X86.615 Y101.988 E2.63958
G1 X86.29 Y101.664 E2.66462
G1 X78.688 Y109.266 E3.25126
G1 X78.704 Y109.051 E3.26302
G1 X78.669 Y108.636 E3.28575
G1 X85.966 Y101.339 E3.84886
G1 X85.642 Y101.015 E3.87386
G1 X78.59 Y108.066 E4.41802
G1 X78.498 Y107.667 E4.44036
G1 X78.453 Y107.554 E4.447
G1 X85.317 Y100.69 E4.97669
G1 X84.993 Y100.366 E5.00169
G1 X78.27 Y107.089 E5.5205
G1 X78.034 Y106.676 E5.54646
G1 X85.401 Y99.309 E6.11497
G1 X84.751 Y99.31 E6.15044
G1 X77.761 Y106.3 E6.68986
G1 X77.446 Y105.966 E6.71491
G1 X84.102 Y99.31 E7.22855
G1 X83.453 Y99.31 E7.26396
G1 X77.082 Y105.682 E7.75565
G1 X76.665 Y105.449 E7.78172
G1 X82.804 Y99.311 E8.25543
G1 X82.154 Y99.311 E8.2909
G1 X76.186 Y105.279 E8.75145
G1 X76.086 Y105.252 E8.7571
G1 X75.617 Y105.2 E8.78285
G1 X81.505 Y99.312 E9.23722
G1 X80.856 Y99.312 E9.27263
G1 X74.895 Y105.273 E9.73264
G1 X74.678 Y105.336 E9.74497
G1 X74.306 Y105.491 E9.76696
G1 X74.057 Y105.633 E9.7826
G1 X73.72 Y105.881 E9.80543
G1 X73.529 Y106.055 E9.81953
G1 X73.236 Y106.385 E9.84361
G1 X73.101 Y106.57 E9.85611
G1 X72.86 Y106.973 E9.88173
G1 X72.621 Y107.547 E9.91566
G1 X69.854 Y110.314 E10.12919
G1 X69.854 Y109.665 E10.1646
G1 X80.207 Y99.312 E10.96354
G1 X79.558 Y99.313 E10.99895
G1 X69.854 Y109.017 E11.7478
G1 X69.854 Y108.368 E11.78321
G1 X78.908 Y99.313 E12.48194
G1 X78.259 Y99.314 E12.51735
G1 X69.854 Y107.719 E13.16596
G1 X69.854 Y107.07 E13.20137
G1 X77.61 Y99.314 E13.7999
G1 X76.961 Y99.314 E13.83531
G1 X69.854 Y106.421 E14.38375
G1 X69.854 Y105.772 E14.41916
G1 X76.311 Y99.315 E14.91744
G1 X75.662 Y99.315 E14.95285
G1 X69.854 Y105.124 E15.40109
G1 X69.854 Y104.475 E15.4365
G1 X75.013 Y99.316 E15.83462
G1 X74.364 Y99.316 E15.87003
G1 X69.854 Y103.826 E16.21806
G1 X69.854 Y103.177 E16.25347
G1 X73.715 Y99.316 E16.55142
G1 X73.065 Y99.317 E16.58689
G1 X69.854 Y102.528 E16.83468
G1 X69.871 Y101.862 E16.87103
G1 X72.416 Y99.317 E17.06743
G1 X71.767 Y99.318 E17.10284
G1 X69.984 Y101.101 E17.24043
G1 X70.101 Y100.712 E17.2626
G1 X70.276 Y100.319 E17.28607
G1 X70.482 Y99.987 E17.30739
G1 X70.676 Y99.759 E17.32373
G1 X71.281 Y99.154 E17.37042
M106 S178.5
G1 E15.37042 F2400
G92 E0
G92 E0
G1 X94.87 Y75.56 F7800
G1 E2 F2400
;TYPE:Perimeter
;WIDTH:0.45
;HEIGHT:0.3
G1 F1800
G1 X95.006 Y75.541 E2.0066
G1 X95.528 Y75.55 E2.03171
G1 X96.038 Y75.689 E2.05713
G1 X96.622 Y76.007 E2.08911
G1 X97.109 Y76.457 E2.121
G1 X97.49 Y77 E2.1529
G1 X97.762 Y77.608 E2.18494
G1 X97.929 Y78.257 E2.21717
G1 X97.992 Y78.925 E2.24944
G1 X97.952 Y79.591 E2.28153
G1 X97.812 Y80.237 E2.31332
G1 X97.572 Y80.841 E2.34458
G1 X97.234 Y81.386 E2.37542
G1 X96.8 Y81.849 E2.40594
G1 X96.271 Y82.204 E2.43658
G1 X95.662 Y82.417 E2.46761
G1 X95.391 Y82.456 E2.48078
G1 X94.868 Y82.446 E2.50594
G1 X94.359 Y82.307 E2.53132
G1 X93.775 Y81.989 E2.5633
G1 X93.381 Y81.634 E2.58881
G1 X93.281 Y81.516 E2.59625
G1 X92.932 Y81.032 E2.62495
G1 X92.634 Y80.388 E2.65908
G1 X92.468 Y79.739 E2.6913
G1 X92.405 Y79.072 E2.72352
G1 X92.445 Y78.405 E2.75566
G1 X92.585 Y77.76 E2.7874
G1 X92.825 Y77.155 E2.8187
G1 X93.162 Y76.61 E2.84952
G1 X93.597 Y76.147 E2.88008
G1 X94.126 Y75.792 E2.91072
G1 X94.735 Y75.579 E2.94175
G1 X94.811 Y75.568 E2.94544
G1 X94.926 Y75.946 F7800
G1 F1800
G1 X95.391 Y75.926 E2.96783
G1 X95.93 Y76.06 E2.99454
G1 X96.42 Y76.336 E3.02159
G1 X96.837 Y76.729 E3.04915
G1 X97.167 Y77.211 E3.07725
G1 X97.407 Y77.758 E3.10598
G1 X97.554 Y78.346 E3.13513
G1 X97.607 Y78.954 E3.16448
G1 X97.568 Y79.562 E3.19378
G1 X97.436 Y80.148 E3.22267
G1 X97.216 Y80.692 E3.25089
G1 X96.912 Y81.175 E3.27834
G1 X96.527 Y81.576 E3.30508
G1 X96.07 Y81.875 E3.33135
G1 X95.553 Y82.047 E3.35756
G1 X95.006 Y82.07 E3.38389
G1 X94.467 Y81.937 E3.41059
G1 X93.976 Y81.66 E3.4377
G1 X93.594 Y81.29 E3.46328
G1 X93.245 Y80.807 E3.49194
G1 X92.99 Y80.239 E3.52189
G1 X92.843 Y79.651 E3.55104
G1 X92.789 Y79.042 E3.58045
G1 X92.829 Y78.435 E3.60971
G1 X92.96 Y77.849 E3.63859
G1 X93.18 Y77.304 E3.66686
G1 X93.485 Y76.822 E3.69429
G1 X93.87 Y76.42 E3.72106
G1 X94.327 Y76.121 E3.74733
G1 X94.843 Y75.949 E3.77349
G1 X94.866 Y75.948 E3.7746
G1 X94.979 Y76.319 F7800
;TYPE:External perimeter
G1 F1800
G1 X95.006 Y76.312 E3.77594
G1 X95.445 Y76.32 E3.79706
G1 X95.868 Y76.45 E3.81834
G1 X96.255 Y76.693 E3.84032
G1 X96.589 Y77.033 E3.86324
G1 X96.861 Y77.454 E3.88735
G1 X97.061 Y77.937 E3.91249
G1 X97.179 Y78.434 E3.93706
G1 X97.223 Y78.984 E3.9636
G1 X97.183 Y79.532 E3.99003
G1 X97.061 Y80.059 E4.01605
G1 X96.861 Y80.543 E4.04124
G1 X96.589 Y80.964 E4.06535
G1 X96.219 Y81.332 E4.09045
G1 X95.822 Y81.567 E4.11264
G1 X95.391 Y81.685 E4.13413
G1 X94.952 Y81.677 E4.15525
G1 X94.528 Y81.546 E4.17659
G1 X94.142 Y81.304 E4.1985
G1 X93.906 Y81.064 E4.21469
G1 X93.557 Y80.581 E4.24335
G1 X93.346 Y80.09 E4.26905
G1 X93.218 Y79.562 E4.29518
G1 X93.174 Y79.013 E4.32167
G1 X93.214 Y78.464 E4.34814
G1 X93.336 Y77.937 E4.37416
G1 X93.536 Y77.454 E4.3993
G1 X93.808 Y77.033 E4.42341
G1 X94.178 Y76.665 E4.44851
G1 X94.575 Y76.43 E4.4707
G1 X94.921 Y76.335 E4.48796
G1 X95.321 Y76.32 F7800
G1 E2.48796 F2400
G92 E0
G1 X79.169 Y71.656 F7800
G1 E2 F2400
;TYPE:Perimeter
G1 F3600
G1 X79.35 Y71.463 E2.01273
G1 X79.472 Y70.995 E2.03599
G1 X79.472 Y68.934 E2.13512
G1 X99.145 Y68.934 E3.08132
G1 X99.591 Y69.012 E3.1031
G1 X99.988 Y69.208 E3.12439
G1 X100.35 Y69.543 E3.14811
G1 X100.663 Y69.977 E3.17385
G1 X100.936 Y70.538 E3.20386
G1 X101.08 Y71.018 E3.22796
G1 X101.17 Y71.532 E3.25306
G1 X101.202 Y72.184 E3.28446
G1 X101.202 Y85.427 E3.9214
G1 X101.18 Y86.174 E3.95734
G1 X101.108 Y86.697 E3.98273
G1 X100.981 Y87.188 E4.00712
G1 X100.743 Y87.769 E4.03732
G1 X100.418 Y88.252 E4.06532
G1 X99.988 Y88.667 E4.09406
G1 X99.591 Y88.863 E4.11535
G1 X99.145 Y88.941 E4.13713
G1 X79.472 Y88.941 E5.08333
G1 X79.472 Y86.88 E5.18246
G1 X79.35 Y86.412 E5.20572
G1 X79.03 Y86.07 E5.22825
G1 X78.508 Y85.926 E5.25429
;WIDTH:0.429703
G1 X70.945 Y85.926 E5.5989
G1 X70.945 Y85.561 E5.61553
G1 X78.508 Y85.561 E5.96014
;WIDTH:0.45
G1 X80.513 Y85.571 E6.05657
G1 X80.76 Y85.539 E6.06855
G1 X81.095 Y85.376 E6.08647
G1 X81.317 Y85.139 E6.10209
;WIDTH:0.464917
G1 X81.481 Y84.692 E6.12588
G1 X81.645 Y85.139 E6.14967
;WIDTH:0.45
G1 X81.868 Y85.376 E6.16532
G1 X82.015 Y85.468 E6.17366
G1 X82.449 Y85.571 E6.19511
G1 X84.661 Y85.571 E6.3015
G1 X84.827 Y85.557 E6.30951
G1 X85.17 Y85.426 E6.32717
G1 X85.359 Y85.272 E6.3389
G1 X85.573 Y84.92 E6.35871
G1 X85.625 Y84.607 E6.37397
G1 X85.625 Y73.382 E6.91385
G1 X85.573 Y72.955 E6.93454
G1 X85.359 Y72.603 E6.95435
G1 X85.17 Y72.449 E6.96608
G1 X84.931 Y72.342 E6.97867
G1 X84.661 Y72.304 E6.99178
G1 X82.449 Y72.304 E7.09817
G1 X82.108 Y72.366 E7.11484
G1 X81.868 Y72.499 E7.12804
G1 X81.645 Y72.736 E7.14369
;WIDTH:0.457525
G1 X81.481 Y73.268 E7.17099
G1 X81.317 Y72.736 E7.19829
;WIDTH:0.45
G1 X81.095 Y72.499 E7.21391
G1 X80.854 Y72.366 E7.22715
G1 X80.513 Y72.304 E7.24382
G1 X78.508 Y72.314 E7.34025
;WIDTH:0.429704
G1 X70.945 Y72.314 E7.68486
G1 X70.945 Y71.949 E7.70149
G1 X78.508 Y71.949 E8.0461
;WIDTH:0.438316
G1 X78.673 Y71.938 E8.05381
;WIDTH:0.45
G1 X79.03 Y71.805 E8.07213
G1 X79.128 Y71.7 E8.07904
G1 E6.07904 F2400
G92 E0
G1 X81.481 Y75.54 F7800
G1 E2 F2400
;WIDTH:0.457525
G1 F1800
G1 X81.481 Y73.268 E2.11141
G1 E.11141 F2400
G92 E0
G1 X81.481 Y82.16 F7800
G1 E2 F2400
;WIDTH:0.464917
G1 F1800
G1 X81.481 Y84.692 E2.12649
G1 E.12649 F2400
G92 E0
G1 X78.905 Y71.391 F7800
G1 E2 F2400
;WIDTH:0.45
G1 F3600
G1 X79.013 Y71.276 E2.00759
G1 X79.086 Y70.995 E2.02155
G1 X79.086 Y68.548 E2.13924
G1 X99.03 Y68.548 E3.09848
G1 X99.538 Y68.588 E3.12299
G1 X100.026 Y68.786 E3.14832
G1 X100.395 Y69.047 E3.17006
G1 X100.825 Y69.507 E3.20035
G1 X101.157 Y70.087 E3.23249
G1 X101.35 Y70.576 E3.25777
G1 X101.488 Y71.112 E3.28439
G1 X101.565 Y71.679 E3.31191
G1 X101.588 Y72.184 E3.33622
G1 X101.588 Y85.691 E3.98586
G1 X101.565 Y86.196 E4.01017
G1 X101.488 Y86.763 E4.03769
G1 X101.35 Y87.299 E4.06431
G1 X101.157 Y87.788 E4.08959
G1 X100.825 Y88.368 E4.12173
G1 X100.395 Y88.828 E4.15202
G1 X100.026 Y89.089 E4.17376
G1 X99.538 Y89.287 E4.19909
G1 X99.165 Y89.327 E4.21713
G1 X79.086 Y89.327 E5.18286
G1 X79.086 Y86.88 E5.30055
G1 X79.013 Y86.599 E5.31451
G1 X78.821 Y86.394 E5.32802
G1 X78.508 Y86.302 E5.34371
G1 X70.57 Y86.302 E5.7255
G1 X70.57 Y85.186 E5.77918
G1 X80.513 Y85.186 E6.2574
G1 X80.774 Y85.124 E6.2703
G1 X80.996 Y84.926 E6.28461
G1 X81.092 Y84.607 E6.30063
G1 X81.092 Y81.771 E6.43703
G1 X81.871 Y81.771 E6.4745
G1 X81.871 Y84.607 E6.6109
G1 X81.967 Y84.926 E6.62692
G1 X82.189 Y85.124 E6.64123
G1 X82.449 Y85.186 E6.65409
G1 X84.761 Y85.177 E6.76529
G1 X84.966 Y85.098 E6.77586
G1 X85.159 Y84.901 E6.78912
G1 X85.239 Y84.607 E6.80377
G1 X85.239 Y73.268 E7.34914
G1 X85.159 Y72.974 E7.36379
G1 X84.966 Y72.777 E7.37705
G1 X84.661 Y72.689 E7.39232
G1 X82.449 Y72.689 E7.49871
G1 X82.189 Y72.751 E7.51157
G1 X81.967 Y72.949 E7.52588
G1 X81.871 Y73.268 E7.5419
G1 X81.871 Y75.929 E7.66988
G1 X81.092 Y75.929 E7.70735
G1 X81.092 Y73.268 E7.83533
G1 X80.996 Y72.949 E7.85135
G1 X80.774 Y72.751 E7.86566
G1 X80.513 Y72.689 E7.87856
G1 X70.57 Y72.689 E8.35678
G1 X70.57 Y71.573 E8.41046
G1 X78.508 Y71.573 E8.79225
G1 X78.821 Y71.481 E8.80794
G1 X78.864 Y71.435 E8.81097
G1 X78.632 Y71.12 F7800
;TYPE:External perimeter
G1 F1800
G1 X78.676 Y71.088 E8.81359
G1 X78.701 Y70.995 E8.81822
G1 X78.701 Y68.162 E8.95448
G1 X99.055 Y68.162 E9.93344
G1 X99.62 Y68.209 E9.96071
G1 X100.034 Y68.346 E9.98168
G1 X100.431 Y68.572 E10.00365
G1 X100.937 Y69.043 E10.0369
G1 X101.245 Y69.453 E10.06156
G1 X101.509 Y69.93 E10.08778
G1 X101.719 Y70.465 E10.11542
G1 X101.868 Y71.045 E10.14422
G1 X101.95 Y71.657 E10.17392
G1 X101.973 Y72.184 E10.19929
G1 X101.973 Y85.691 E10.84893
G1 X101.95 Y86.218 E10.8743
G1 X101.868 Y86.83 E10.904
G1 X101.719 Y87.41 E10.9328
G1 X101.509 Y87.945 E10.96044
G1 X101.245 Y88.422 E10.98666
G1 X100.937 Y88.832 E11.01132
G1 X100.431 Y89.303 E11.04457
G1 X100.034 Y89.529 E11.06654
G1 X99.62 Y89.666 E11.08751
G1 X99.186 Y89.712 E11.1085
G1 X78.701 Y89.712 E12.09376
G1 X78.699 Y86.856 E12.23112
G1 X78.612 Y86.718 E12.23897
G1 X78.508 Y86.687 E12.24419
G1 X70.184 Y86.687 E12.64455
G1 X70.184 Y84.8 E12.73531
G1 X80.513 Y84.8 E13.2321
G1 X80.63 Y84.761 E13.23803
G1 X80.706 Y84.607 E13.24629
G1 X80.706 Y81.385 E13.40126
G1 X82.256 Y81.385 E13.47581
G1 X82.256 Y84.607 E13.63078
G1 X82.333 Y84.761 E13.63906
G1 X82.449 Y84.8 E13.64495
G1 X84.661 Y84.8 E13.75134
G1 X84.8 Y84.74 E13.75862
G1 X84.853 Y84.607 E13.76551
G1 X84.853 Y73.268 E14.31088
G1 X84.8 Y73.135 E14.31777
G1 X84.661 Y73.075 E14.32505
G1 X82.449 Y73.075 E14.43144
G1 X82.333 Y73.114 E14.43733
G1 X82.256 Y73.268 E14.44561
G1 X82.256 Y76.315 E14.59216
G1 X80.706 Y76.315 E14.66671
G1 X80.706 Y73.268 E14.81326
G1 X80.63 Y73.114 E14.82152
G1 X80.513 Y73.075 E14.82745
G1 X70.184 Y73.075 E15.32424
G1 X70.184 Y71.187 E15.41505
G1 X78.541 Y71.185 E15.81699
G1 X78.583 Y71.155 E15.81947
G1 X78.694 Y70.77 F7800
G1 X79.904 Y69.223
;TYPE:Internal infill
;WIDTH:0.45
G1 F4200
G1 X79.761 Y69.223 E15.82635
G1 X79.752 Y71.154 E15.91923
G1 X79.678 Y71.381 E15.93071
G1 X83.706 Y70.302 E16.13127
G1 X83.567 Y70.163 E16.14072
G1 X83.987 Y69.744 E16.16925
G1 X83.466 Y69.223 E16.20469
G1 X81.615 Y69.223 E16.29372
G1 X80.854 Y72.063 E16.43513
G1 X81.272 Y72.27 E16.45756
G1 X81.481 Y72.488 E16.47209
G1 X81.692 Y72.268 E16.48675
G1 X82.003 Y72.096 E16.50384
G1 X82.232 Y72.033 E16.51526
G1 X82.876 Y72.015 E16.54625
G1 E14.54625 F2400
G92 E0
G1 X83.619 Y88.145 F7800
G1 E2 F2400
G1 F4200
G1 X84.172 Y87.128 E2.05568
G1 X83.88 Y86.836 E2.07554
G1 X84.036 Y86.154 E2.10919
G1 X83.743 Y85.86 E2.12915
G1 X83.145 Y85.86 E2.15791
G1 X82.397 Y88.652 E2.29693
G1 X82.268 Y88.652 E2.30313
G1 X83.527 Y88.315 E2.36582
G1 X83.46 Y88.439 E2.3726
G1 X83.459 Y88.652 E2.38284
G1 X82.59 Y88.652 E2.42464
G1 E.42464 F2400
G92 E0
G1 X100.727 Y87.514 F7800
G1 E2 F2400
;TYPE:Bridge infill
;WIDTH:0.40252
;HEIGHT:0.4
M106 S255
G1 F3600
G1 X100.024 Y88.216 E2.05256
G1 X99.804 Y88.403 E2.06784
G1 X99.588 Y88.526 E2.08099
G1 X99.387 Y88.592 E2.09218
G1 X98.981 Y88.62 E2.11371
G1 X100.745 Y86.856 E2.24569
G1 X100.85 Y86.306 E2.27531
G1 X100.862 Y86.099 E2.28628
G1 X98.341 Y88.62 E2.4749
G1 X97.701 Y88.62 E2.50876
G1 X100.881 Y85.44 E2.74669
G1 X100.881 Y84.8 E2.78055
G1 X97.061 Y88.62 E3.06636
G1 X96.421 Y88.62 E3.10022
G1 X100.881 Y84.16 E3.43391
G1 X100.881 Y83.52 E3.46777
G1 X95.781 Y88.62 E3.84935
G1 X95.141 Y88.62 E3.88321
G1 X100.881 Y82.88 E4.31267
G1 X100.881 Y82.24 E4.34653
G1 X94.501 Y88.62 E4.82388
G1 X93.861 Y88.62 E4.85774
G1 X100.881 Y81.6 E5.38297
G1 X100.881 Y80.961 E5.41678
G1 X93.221 Y88.62 E5.98986
G1 X92.581 Y88.62 E6.02372
G1 X100.881 Y80.321 E6.64468
G1 X100.881 Y79.681 E6.67854
G1 X91.942 Y88.62 E7.34735
G1 X91.302 Y88.62 E7.38121
G1 X100.881 Y79.041 E8.0979
G1 X100.881 Y78.401 E8.13176
G1 X90.662 Y88.62 E8.89634
G1 X90.022 Y88.62 E8.9302
G1 X95.983 Y82.658 E9.37624
G1 X96.137 Y82.613 E9.38473
G1 X96.432 Y82.483 E9.40179
G1 X96.796 Y82.26 E9.42437
G1 X97.022 Y82.082 E9.43959
G1 X97.341 Y81.763 E9.46346
G1 X97.5 Y81.568 E9.47677
G1 X97.762 Y81.168 E9.50207
G1 X97.867 Y80.97 E9.51393
G1 X97.993 Y80.648 E9.53222
G1 X100.881 Y77.761 E9.74826
G1 X100.881 Y77.121 E9.78212
G1 X98.256 Y79.746 E9.97852
G1 X98.303 Y79.058 E10.015
G1 X100.881 Y76.481 E10.20785
G1 X100.881 Y75.841 E10.24171
G1 X98.269 Y78.452 E10.4371
G1 X98.244 Y78.19 E10.45102
G1 X98.171 Y77.911 E10.46628
G1 X100.881 Y75.201 E10.66904
G1 X100.881 Y74.561 E10.7029
G1 X98.029 Y77.413 E10.91628
G1 X97.835 Y76.967 E10.94201
G1 X100.881 Y73.921 E11.16991
G1 X100.881 Y73.281 E11.20377
G1 X97.592 Y76.57 E11.44985
G1 X97.315 Y76.207 E11.47401
G1 X100.881 Y72.641 E11.74082
G1 X100.875 Y72.006 E11.77442
G1 X96.991 Y75.891 E12.06506
G1 X96.795 Y75.736 E12.07828
G1 X96.613 Y75.629 E12.08945
G1 X100.824 Y71.418 E12.40451
G1 X100.767 Y71.092 E12.42202
G1 X100.708 Y70.894 E12.43295
G1 X96.191 Y75.411 E12.77091
G1 X95.699 Y75.263 E12.79809
G1 X100.535 Y70.427 E13.15992
G1 X100.459 Y70.257 E13.16977
G1 X100.308 Y70.014 E13.18491
G1 X94.882 Y75.44 E13.59088
M106 S178.5
G1 E11.59088 F2400
G92 E0
G1 X95.433 Y82.568 F7800
G1 E2 F2400
M106 S255
G1 F3600
G1 X89.382 Y88.62 E2.45277
G1 X88.742 Y88.62 E2.48663
G1 X94.644 Y82.717 E2.92825
G1 X94.261 Y82.614 E2.94923
G1 X94.155 Y82.567 E2.95536
G1 X88.102 Y88.62 E3.40824
G1 X87.462 Y88.62 E3.4421
G1 X93.738 Y82.344 E3.91167
G1 X93.601 Y82.259 E3.9202
G1 X93.368 Y82.074 E3.93594
G1 X86.822 Y88.62 E4.42571
G1 X86.182 Y88.62 E4.45957
G1 X93.057 Y81.745 E4.97395
G1 X92.786 Y81.376 E4.99817
G1 X85.542 Y88.62 E5.54016
G1 X84.902 Y88.62 E5.57402
G1 X92.538 Y80.984 E6.14534
G1 X92.347 Y80.535 E6.17115
G1 X84.262 Y88.62 E6.77606
G1 X83.877 Y88.62 E6.79643
G1 X83.877 Y88.546 E6.80034
G1 X84.092 Y88.15 E6.82418
G1 X92.213 Y80.029 E7.43179
G1 X92.139 Y79.739 E7.44762
G1 X92.117 Y79.484 E7.46116
G1 X84.618 Y86.984 E8.02227
G1 X84.339 Y86.704 E8.04318
G1 X84.363 Y86.599 E8.04888
G1 X92.096 Y78.866 E8.62746
G1 X92.125 Y78.373 E8.65359
G1 X92.173 Y78.149 E8.66571
G1 X85.946 Y84.376 E9.13161
G1 X85.946 Y83.736 E9.16547
G1 X92.449 Y77.233 E9.65202
G1 X92.53 Y77.027 E9.66373
G1 X92.635 Y76.829 E9.67559
G1 X92.897 Y76.429 E9.70089
G1 X93.04 Y76.25 E9.71301
G1 X93.375 Y75.915 E9.73807
G1 X93.601 Y75.737 E9.75329
G1 X93.965 Y75.514 E9.77587
G1 X94.315 Y75.367 E9.79595
G1 X100.024 Y69.658 E10.22309
G1 X99.804 Y69.472 E10.23833
G1 X99.655 Y69.388 E10.24738
G1 X85.946 Y83.096 E11.27304
G1 X85.946 Y82.456 E11.3069
G1 X99.145 Y69.257 E12.29444
G1 X98.507 Y69.255 E12.32819
G1 X85.946 Y81.816 E13.268
G1 X85.946 Y81.176 E13.30186
G1 X97.867 Y69.255 E14.19378
G1 X97.227 Y69.255 E14.22764
G1 X85.946 Y80.536 E15.07168
G1 X85.946 Y79.896 E15.10554
G1 X96.587 Y69.255 E15.90169
G1 X95.947 Y69.255 E15.93555
G1 X85.946 Y79.256 E16.68382
G1 X85.946 Y78.616 E16.71768
G1 X95.307 Y69.255 E17.41806
G1 X94.667 Y69.255 E17.45192
G1 X85.946 Y77.976 E18.10442
G1 X85.946 Y77.336 E18.13828
G1 X94.027 Y69.255 E18.7429
G1 X93.387 Y69.255 E18.77676
G1 X85.946 Y76.696 E19.33349
G1 X85.946 Y76.056 E19.36735
G1 X92.747 Y69.255 E19.8762
G1 X92.107 Y69.255 E19.91006
G1 X85.946 Y75.417 E20.37106
G1 X85.946 Y74.777 E20.40492
G1 X91.467 Y69.255 E20.81803
G1 X90.828 Y69.255 E20.85184
G1 X85.946 Y74.137 E21.21711
G1 X85.946 Y73.497 E21.25097
G1 X90.188 Y69.255 E21.56835
G1 X89.548 Y69.255 E21.60221
G1 X85.892 Y72.911 E21.87575
G1 X85.768 Y72.614 E21.89278
G1 X85.674 Y72.489 E21.90105
G1 X88.908 Y69.255 E22.14302
G1 X88.268 Y69.255 E22.17688
G1 X85.344 Y72.179 E22.39565
G1 X85.021 Y72.032 E22.41442
G1 X84.872 Y72.011 E22.42238
G1 X87.628 Y69.255 E22.62858
G1 X86.988 Y69.255 E22.66244
G1 X84.261 Y71.982 E22.86647
G1 X83.706 Y71.982 E22.89583
G1 X83.869 Y71.734 E22.91153
G1 X86.348 Y69.255 E23.09701
G1 X85.708 Y69.255 E23.13087
G1 X84.479 Y70.484 E23.22282
G1 X84.159 Y70.164 E23.24676
G1 X85.27 Y69.053 E23.32988
M106 S178.5
M106 S158.1
;LAYER_CHANGE
;Z:1.85
;HEIGHT:0.3
G1 E21.32988 F2400
G92 E0
G1 Z1.85 F7800
G92 E0
G1 X74.919 Y105.612
G1 E2 F2400
;TYPE:Perimeter
;WIDTH:0.45
G1 F1800
G1 X75.407 Y105.52 E2.02388
G1 X76.035 Y105.57 E2.05418
G1 X76.631 Y105.783 E2.08462
G1 X77.157 Y106.136 E2.11509
G1 X77.592 Y106.594 E2.14547
G1 X77.931 Y107.13 E2.17597
G1 X78.175 Y107.719 E2.20663
G1 X78.324 Y108.343 E2.23749
G1 X78.38 Y108.982 E2.26834
G1 X78.344 Y109.621 E2.29912
G1 X78.218 Y110.242 E2.3296
G1 X78.002 Y110.828 E2.35964
G1 X77.698 Y111.363 E2.38924
G1 X77.307 Y111.83 E2.41853
G1 X76.831 Y112.206 E2.4477
G1 X76.277 Y112.467 E2.47715
G1 X75.666 Y112.583 E2.50706
G1 X75.037 Y112.533 E2.53741
G1 X74.441 Y112.319 E2.56787
G1 X73.916 Y111.967 E2.59827
G1 X73.48 Y111.509 E2.62868
G1 X73.141 Y110.973 E2.65918
G1 X72.898 Y110.383 E2.68987
G1 X72.748 Y109.76 E2.72069
G1 X72.692 Y109.12 E2.75159
G1 X72.728 Y108.482 E2.78232
G1 X72.855 Y107.861 E2.81281
G1 X73.07 Y107.275 E2.84283
G1 X73.374 Y106.739 E2.87247
G1 X73.765 Y106.273 E2.90173
G1 X74.241 Y105.896 E2.93093
G1 X74.796 Y105.635 E2.96043
G1 X74.86 Y105.623 E2.96356
G1 X75.019 Y105.978 F7800
G1 F1800
G1 X75.459 Y105.902 E2.98504
G1 X75.983 Y105.952 E3.01036
G1 X76.483 Y106.139 E3.03604
G1 X76.928 Y106.446 E3.06204
G1 X77.303 Y106.85 E3.08855
G1 X77.6 Y107.327 E3.11558
G1 X77.815 Y107.859 E3.14318
G1 X77.947 Y108.426 E3.17118
G1 X77.995 Y109.01 E3.19936
G1 X77.96 Y109.594 E3.2275
G1 X77.841 Y110.159 E3.25527
G1 X77.643 Y110.688 E3.28244
G1 X77.367 Y111.166 E3.30899
G1 X77.019 Y111.574 E3.33478
G1 X76.603 Y111.896 E3.36008
G1 X76.128 Y112.111 E3.38516
G1 X75.614 Y112.201 E3.41026
G1 X75.089 Y112.151 E3.43562
G1 X74.59 Y111.964 E3.46125
G1 X74.144 Y111.656 E3.48732
G1 X73.769 Y111.253 E3.5138
G1 X73.472 Y110.775 E3.54087
G1 X73.257 Y110.244 E3.56842
G1 X73.125 Y109.677 E3.59642
G1 X73.077 Y109.093 E3.6246
G1 X73.113 Y108.509 E3.65274
G1 X73.231 Y107.944 E3.6805
G1 X73.43 Y107.414 E3.70773
G1 X73.705 Y106.937 E3.73421
G1 X74.054 Y106.529 E3.76003
G1 X74.47 Y106.207 E3.78533
G1 X74.944 Y105.991 E3.81038
G1 X74.96 Y105.989 E3.81116
G1 X75.117 Y106.343 F7800
;TYPE:External perimeter
G1 F1800
G1 X75.141 Y106.334 E3.81239
G1 X75.562 Y106.284 E3.83278
G1 X75.98 Y106.347 E3.85311
G1 X76.374 Y106.518 E3.87377
G1 X76.73 Y106.784 E3.89514
G1 X77.036 Y107.135 E3.91754
G1 X77.296 Y107.588 E3.94266
G1 X77.465 Y108.027 E3.96528
G1 X77.575 Y108.537 E3.99037
G1 X77.611 Y109.038 E4.01453
G1 X77.575 Y109.566 E4.03998
G1 X77.465 Y110.076 E4.06507
G1 X77.283 Y110.549 E4.08945
G1 X77.025 Y110.985 E4.11382
G1 X76.7 Y111.346 E4.13718
G1 X76.334 Y111.608 E4.15883
G1 X75.931 Y111.769 E4.1797
G1 X75.51 Y111.819 E4.20009
G1 X75.093 Y111.755 E4.22038
G1 X74.698 Y111.585 E4.24106
G1 X74.342 Y111.318 E4.26246
G1 X74.036 Y110.968 E4.28482
G1 X73.789 Y110.549 E4.30821
G1 X73.608 Y110.076 E4.33257
G1 X73.5 Y109.586 E4.3567
G1 X73.462 Y109.065 E4.38182
G1 X73.497 Y108.537 E4.40727
G1 X73.608 Y108.027 E4.43237
G1 X73.789 Y107.554 E4.45673
G1 X74.058 Y107.106 E4.48186
G1 X74.372 Y106.757 E4.50444
G1 X74.738 Y106.495 E4.52609
G1 X75.062 Y106.366 E4.54286
G1 X75.456 Y106.299 F7800
G1 E2.54286 F2400
G92 E0
G1 X90.162 Y99.641 F7800
G1 E2 F2400
;TYPE:Perimeter
G1 F3600
G1 X89.933 Y99.937 E2.018
G1 X89.86 Y100.309 E2.03623
G1 X89.867 Y102.366 E2.13517
G1 X87.343 Y102.381 E2.25657
G1 X86.961 Y102.538 E2.27643
G1 X86.769 Y102.713 E2.28892
G1 X86.574 Y103.097 E2.30963
G1 X86.546 Y103.33 E2.32092
G1 X86.546 Y104.936 E2.39816
G1 X86.06 Y105.085 E2.42261
G1 X85.859 Y105.271 E2.43578
G1 X85.716 Y105.512 E2.44926
G1 X85.644 Y105.87 E2.46682
G1 X85.644 Y111.051 E2.71601
G1 X85.67 Y112.169 E2.7698
G1 X85.815 Y112.495 E2.78696
G1 X86.029 Y112.718 E2.80183
G1 X86.546 Y112.887 E2.82799
G1 X86.568 Y114.877 E2.92371
G1 X86.755 Y115.27 E2.94464
G1 X86.948 Y115.453 E2.95743
G1 X87.207 Y115.585 E2.97141
G1 X87.51 Y115.634 E2.98617
G1 X89.867 Y115.634 E3.09953
G1 X89.86 Y117.691 E3.19847
G1 X89.933 Y118.063 E3.2167
G1 X90.244 Y118.465 E3.24115
G1 X90.824 Y118.649 E3.27042
;WIDTH:0.429703
G1 X99.053 Y118.649 E3.64537
G1 X99.053 Y119.014 E3.662
G1 X90.824 Y119.014 E4.03695
;WIDTH:0.45
G1 X71.59 Y119.004 E4.96204
G1 X71.143 Y118.925 E4.98387
G1 X70.746 Y118.73 E5.00514
G1 X70.331 Y118.323 E5.0331
G1 X70.071 Y117.96 E5.05458
G1 X69.832 Y117.475 E5.08059
G1 X69.653 Y116.912 E5.109
G1 X69.564 Y116.406 E5.13371
G1 X69.532 Y115.846 E5.16069
G1 X69.532 Y102.529 E5.80119
G1 X69.555 Y101.764 E5.838
G1 X69.626 Y101.241 E5.86339
G1 X69.754 Y100.75 E5.88779
G1 X69.991 Y100.168 E5.91801
G1 X70.317 Y99.685 E5.94604
G1 X70.746 Y99.27 E5.97475
G1 X71.143 Y99.075 E5.99602
G1 X71.59 Y98.996 E6.01785
G1 X90.824 Y98.986 E6.94294
;WIDTH:0.429704
G1 X99.053 Y98.986 E7.3179
G1 X99.053 Y99.169 E7.32624
;WIDTH:0.429703
G1 X99.053 Y99.351 E7.33453
G1 X90.824 Y99.351 E7.70948
;WIDTH:0.438316
G1 X90.658 Y99.362 E7.71724
;WIDTH:0.45
G1 X90.244 Y99.535 E7.73882
G1 X90.198 Y99.594 E7.74242
G1 X90.426 Y99.908 F7800
G1 F3600
G1 X90.289 Y100.085 E7.75319
G1 X90.246 Y100.307 E7.76407
G1 X90.254 Y102.752 E7.88167
G1 X87.41 Y102.761 E8.01846
G1 X87.18 Y102.855 E8.03041
G1 X86.99 Y103.077 E8.04446
G1 X86.931 Y103.33 E8.05695
G1 X86.931 Y105.303 E8.15184
G1 X86.615 Y105.299 E8.16704
G1 X86.279 Y105.402 E8.18394
G1 X86.1 Y105.601 E8.19681
G1 X86.03 Y105.873 E8.21032
G1 X86.03 Y111.784 E8.49462
G1 X86.069 Y112.157 E8.51266
G1 X86.26 Y112.41 E8.52791
G1 X86.615 Y112.526 E8.54587
G1 X86.931 Y112.522 E8.56107
G1 X86.945 Y114.794 E8.67035
G1 X87.057 Y115.03 E8.68291
G1 X87.328 Y115.219 E8.6988
G1 X87.51 Y115.248 E8.70766
G1 X90.254 Y115.248 E8.83964
G1 X90.246 Y117.693 E8.95724
G1 X90.289 Y117.915 E8.96812
G1 X90.476 Y118.157 E8.98283
G1 X90.824 Y118.273 E9.00047
G1 X99.428 Y118.273 E9.41429
G1 X99.429 Y119.389 E9.46797
G1 X71.46 Y119.378 E10.81318
G1 X71.023 Y119.292 E10.8346
G1 X70.525 Y119.047 E10.86129
G1 X70.043 Y118.579 E10.8936
G1 X69.743 Y118.164 E10.91823
G1 X69.472 Y117.613 E10.94776
G1 X69.277 Y117.004 E10.97852
G1 X69.181 Y116.45 E11.00556
G1 X69.147 Y115.858 E11.03408
G1 X69.147 Y102.246 E11.68877
G1 X69.17 Y101.742 E11.71304
G1 X69.246 Y101.174 E11.7406
G1 X69.385 Y100.639 E11.76719
G1 X69.578 Y100.149 E11.79252
G1 X69.909 Y99.569 E11.82464
G1 X70.339 Y99.109 E11.85493
G1 X70.708 Y98.848 E11.87667
G1 X71.197 Y98.651 E11.90203
G1 X71.569 Y98.611 E11.92003
G1 X99.429 Y98.611 E13.26
G1 X99.428 Y99.17 E13.28689
G1 X99.428 Y99.727 E13.31368
G1 X90.824 Y99.727 E13.7275
G1 X90.476 Y99.843 E13.74514
G1 X90.462 Y99.861 E13.74624
G1 X90.694 Y100.18 F7800
;TYPE:External perimeter
G1 F1800
G1 X90.631 Y100.306 E13.75302
G1 X90.641 Y103.137 E13.88918
G1 X87.51 Y103.137 E14.03977
G1 X87.361 Y103.207 E14.04769
G1 X87.317 Y103.33 E14.05397
G1 X87.317 Y105.693 E14.16762
G1 X86.611 Y105.685 E14.20158
G1 X86.458 Y105.756 E14.20969
G1 X86.416 Y105.876 E14.2158
G1 X86.415 Y111.784 E14.49995
G1 X86.45 Y112.057 E14.51319
G1 X86.611 Y112.14 E14.5219
G1 X87.317 Y112.132 E14.55586
G1 X87.317 Y114.67 E14.67793
G1 X87.359 Y114.79 E14.68404
G1 X87.51 Y114.862 E14.69209
G1 X90.641 Y114.862 E14.84268
G1 X90.631 Y117.694 E14.97889
G1 X90.708 Y117.849 E14.98721
G1 X90.824 Y117.887 E14.99308
G1 X99.813 Y117.887 E15.42542
G1 X99.815 Y119.775 E15.51623
G1 X71.845 Y119.775 E16.86149
G1 X71.338 Y119.752 E16.8859
G1 X70.902 Y119.658 E16.90735
G1 X70.517 Y119.487 E16.92761
G1 X70.122 Y119.213 E16.95073
G1 X69.754 Y118.835 E16.9761
G1 X69.416 Y118.367 E17.00387
G1 X69.111 Y117.75 E17.03697
G1 X68.902 Y117.096 E17.06999
G1 X68.797 Y116.494 E17.09938
G1 X68.761 Y115.869 E17.12949
G1 X68.761 Y102.246 E17.78471
G1 X68.785 Y101.72 E17.81004
G1 X68.866 Y101.108 E17.83973
G1 X69.015 Y100.527 E17.86858
G1 X69.225 Y99.992 E17.89622
G1 X69.489 Y99.515 E17.92244
G1 X69.798 Y99.106 E17.94709
G1 X70.303 Y98.635 E17.9803
G1 X70.701 Y98.409 E18.00231
G1 X71.115 Y98.272 E18.02328
G1 X71.548 Y98.225 E18.04423
G1 X99.815 Y98.225 E19.40377
G1 X99.814 Y99.17 E19.44922
G1 X99.813 Y100.112 E19.49453
G1 X90.824 Y100.112 E19.92687
G1 X90.735 Y100.142 E19.93139
G1 X90.64 Y100.531 F7800
G1 E17.93139 F2400
G92 E0
G1 X87.301 Y102.092 F7800
G1 E2 F2400
;TYPE:Solid infill
;WIDTH:0.450039
G1 F3000
G1 X87.514 Y102.077 E2.01027
G1 X89.334 Y102.077 E2.09781
G1 X89.455 Y101.884 E2.10877
;WIDTH:0.404381
G1 X89.455 Y100.311 E2.17548
G1 X89.578 Y99.784 E2.19843
G1 X89.776 Y99.529 E2.21212
;WIDTH:0.446897
G1 X89.797 Y99.412 E2.21779
;WIDTH:0.489413
G1 X89.819 Y99.294 E2.22415
G1 X89.696 Y99.274 E2.23076
;WIDTH:0.450039
G1 X86.341 Y99.276 E2.39214
G1 X86.333 Y99.662 F7800
;TYPE:Internal infill
;WIDTH:0.45
G1 F4200
G1 X85.956 Y99.662 E2.41027
G1 X85.956 Y99.277 E2.42879
G1 X85.561 Y99.277 E2.44779
G1 X85.561 Y99.921 E2.47876
G1 X86.526 Y99.662 E2.52682
G1 X87.701 Y99.661 E2.58333
G1 X87.146 Y101.735 E2.68659
G1 X86.63 Y101.951 E2.71349
G1 X86.9 Y102.248 E2.7328
G1 X86.735 Y102.355 E2.74226
G1 X85.561 Y101.181 E2.82211
G1 X85.561 Y101.996 E2.86131
G1 X86.036 Y102.093 E2.88463
G1 E.88463 F2400
G92 E0
G1 X87.03 Y116.238 F7800
G1 E2 F2400
G1 F4200
G1 X87.474 Y116.309 E2.02163
G1 X89.19 Y116.309 E2.10416
G1 X88.688 Y118.329 E2.20427
G1 X86.348 Y118.329 E2.31682
G1 X85.561 Y117.542 E2.37035
G1 X85.561 Y117.886 E2.3869
G1 X89.188 Y116.914 E2.5675
G1 E.5675 F2400
G92 E0
G1 X86.341 Y118.715 F7800
G1 E2 F2400
;TYPE:Solid infill
;WIDTH:0.450031
G1 F3000
G1 X89.687 Y118.715 E2.16094
;WIDTH:0.489309
G1 X89.81 Y118.695 E2.16754
G1 X89.789 Y118.577 E2.17389
;WIDTH:0.446845
G1 X89.767 Y118.46 E2.17957
;WIDTH:0.404381
G1 X89.538 Y118.117 E2.19706
G1 X89.455 Y117.689 E2.21555
G1 X89.455 Y116.116 E2.28226
;WIDTH:0.449947
G1 X89.334 Y115.923 E2.29321
G1 X87.516 Y115.921 E2.38064
;WIDTH:0.447007
G1 X87.284 Y115.889 E2.39182
G1 E.39182 F2400
G92 E0
G1 X70.847 Y99.42 F7800
G1 E2 F2400
;WIDTH:0.404381
G1 F3000
G1 X70.366 Y99.902 E2.02888
G1 X70.027 Y100.755 F7800
G1 F3000
G1 X69.955 Y100.736 E2.03204
G1 X69.975 Y100.807 E2.03517
G1 X70.016 Y100.796 E2.03697
;WIDTH:0.45
G1 X70.163 Y100.493 E2.05317
G1 X71.343 Y99.314 E2.1334
G1 X71.917 Y99.285 E2.16104
G1 X69.911 Y101.291 E2.29749
G1 X69.836 Y101.911 E2.32753
G1 X72.462 Y99.285 E2.50615
G1 X73.008 Y99.285 E2.53241
G1 X69.822 Y102.471 E2.74912
G1 X69.822 Y103.016 E2.77533
G1 X73.554 Y99.284 E3.02918
G1 X74.099 Y99.284 E3.05539
G1 X69.822 Y103.562 E3.34634
G1 X69.822 Y104.107 E3.37255
G1 X74.645 Y99.284 E3.7006
G1 X75.191 Y99.283 E3.72686
G1 X69.822 Y104.652 E4.09205
G1 X69.822 Y105.198 E4.11831
G1 X75.736 Y99.283 E4.52061
G1 X76.282 Y99.283 E4.54687
G1 X69.822 Y105.743 E4.98627
G1 X69.822 Y106.288 E5.01248
G1 X76.828 Y99.282 E5.48902
G1 X77.373 Y99.282 E5.51523
G1 X69.822 Y106.834 E6.02887
G1 X69.822 Y107.379 E6.05508
G1 X77.919 Y99.282 E6.60583
G1 X78.465 Y99.281 E6.63209
G1 X69.822 Y107.924 E7.21998
G1 X69.822 Y108.47 E7.24624
G1 X79.01 Y99.281 E7.87123
G1 X79.556 Y99.281 E7.89749
G1 X69.822 Y109.015 E8.55958
G1 X69.739 Y109.863 F7800
;WIDTH:0.404381
G1 F3000
G1 X69.698 Y109.874 E8.56138
G1 X69.679 Y109.803 E8.5645
G1 X69.75 Y109.822 E8.56762
;WIDTH:0.45
G1 X69.822 Y109.56 E8.58069
G1 X80.102 Y99.28 E9.27992
G1 X80.648 Y99.28 E9.30618
G1 X74.469 Y105.458 E9.72643
G1 X74.196 Y105.663 E9.74285
;WIDTH:0.404381
G1 X73.797 Y105.989 E9.7647
G1 X73.339 Y106.458 E9.7925
G1 X73.061 Y106.802 E9.81126
;WIDTH:0.45
G1 X72.853 Y107.074 E9.82773
G1 X69.822 Y110.106 E10.03393
G1 X69.822 Y110.651 E10.06014
G1 X72.553 Y107.919 E10.24593
G1 X72.737 Y107.677 E10.26055
;WIDTH:0.404381
G1 X72.696 Y107.688 E10.26235
G1 X72.676 Y107.617 E10.26548
G1 X72.748 Y107.636 E10.26864
G1 X72.44 Y108.578 F7800
;WIDTH:0.45
G1 F3000
G1 X69.822 Y111.196 E10.44671
G1 X69.822 Y111.742 E10.47297
G1 X72.408 Y109.155 E10.6489
G1 X72.447 Y109.662 E10.67336
G1 X69.822 Y112.287 E10.85191
G1 X69.822 Y112.832 E10.87812
G1 X72.538 Y110.116 E11.06286
G1 X72.652 Y110.547 E11.0843
G1 X69.822 Y113.378 E11.27683
G1 X69.822 Y113.923 E11.30304
G1 X72.813 Y110.932 E11.50648
G1 X72.996 Y111.294 E11.52599
G1 X69.822 Y114.469 E11.74192
G1 X69.822 Y115.014 E11.76813
G1 X73.209 Y111.626 E11.99854
G1 X73.46 Y111.921 E12.01717
G1 X69.822 Y115.559 E12.26462
G1 X69.836 Y116.09 E12.29017
G1 X73.734 Y112.192 E12.55531
G1 X74.048 Y112.423 E12.57406
G1 X69.889 Y116.583 E12.85698
G1 X69.992 Y117.025 E12.87881
G1 X74.401 Y112.616 E13.1787
G1 X74.797 Y112.766 E13.19907
G1 X70.13 Y117.432 E13.51648
G1 X70.31 Y117.797 E13.53605
G1 X75.258 Y112.849 E13.87261
G1 X75.803 Y112.85 E13.89882
G1 X70.535 Y118.118 E14.25714
G1 E12.25714 F2400
G92 E0
G1 X74.976 Y105.433 F7800
G1 E2 F2400
;WIDTH:0.404381
G1 F3000
G1 X74.935 Y105.444 E2.0018
G1 X74.916 Y105.373 E2.00492
G1 X74.987 Y105.392 E2.00804
;WIDTH:0.45
G1 X75.219 Y105.254 E2.02102
G1 X81.193 Y99.28 E2.42736
G1 X81.739 Y99.279 E2.45362
G1 X75.775 Y105.243 E2.85928
G1 X76.237 Y105.327 E2.88186
G1 X82.285 Y99.279 E3.29324
G1 X82.83 Y99.279 E3.31945
G1 X76.637 Y105.472 E3.74069
G1 X76.996 Y105.659 E3.76016
G1 X83.376 Y99.278 E4.19415
G1 X83.922 Y99.278 E4.22041
G1 X77.31 Y105.889 E4.67012
G1 X77.589 Y106.155 E4.68866
G1 X84.467 Y99.278 E5.15646
G1 X85.013 Y99.277 E5.18272
G1 X77.842 Y106.448 E5.67048
G1 X78.057 Y106.779 E5.68946
G1 X85.175 Y99.66 E6.17365
G1 X85.175 Y100.206 E6.19991
G1 X78.252 Y107.129 E6.6708
G1 X78.407 Y107.52 E6.69103
G1 X85.175 Y100.751 E7.15141
G1 X85.175 Y101.296 E7.17762
G1 X78.525 Y107.946 E7.62994
G1 X78.617 Y108.4 E7.65222
G1 X85.175 Y101.842 E8.09829
G1 X85.282 Y102.28 E8.11998
G1 X78.66 Y108.903 E8.57043
G1 X78.64 Y109.467 E8.59757
G1 X85.695 Y102.413 E9.07741
G1 X86.104 Y102.549 E9.09814
G1 X78.533 Y110.12 E9.61311
G1 X78.359 Y110.175 E9.62189
;WIDTH:0.404381
G1 X78.368 Y110.392 E9.6311
G1 E7.6311 F2400
G92 E0
G1 X76.467 Y112.536 F7800
G1 E2 F2400
G1 F3000
G1 X76.717 Y112.481 E2.01086
G1 X76.791 Y112.488 E2.01401
G1 X77.253 Y112.11 E2.03932
G1 X77.782 Y111.566 E2.0715
G1 X78.068 Y111.202 E2.09113
;WIDTH:0.45
G1 X78.269 Y110.929 E2.10744
G1 X86.363 Y102.835 E2.65798
G1 E.65798 F2400
G92 E0
G1 X76.518 Y112.68 F7800
G1 E2 F2400
G1 F3000
G1 X70.801 Y118.397 E2.38886
G1 X71.129 Y118.615 E2.4078
G1 X86.258 Y103.485 E3.43689
G1 X86.258 Y104.031 E3.46315
G1 X71.577 Y118.712 E4.46173
G1 X72.12 Y118.715 E4.48785
G1 X85.47 Y105.364 E5.39593
G1 X85.687 Y105.092 E5.41267
;WIDTH:0.404381
G1 X85.892 Y104.895 E5.42473
;WIDTH:0.45212
G1 X85.997 Y104.829 E5.43073
;WIDTH:0.499859
G1 X86.102 Y104.762 E5.4375
;WIDTH:0.547599
G1 X86.208 Y104.696 E5.44503
G1 X85.36 Y106.02 F7800
;WIDTH:0.45
G1 F3000
G1 X72.665 Y118.715 E6.30853
G1 X73.21 Y118.715 E6.33474
G1 X85.36 Y106.565 E7.16117
G1 X85.359 Y107.111 E7.18743
G1 X73.756 Y118.715 E7.97669
G1 X74.301 Y118.715 E8.0029
G1 X85.359 Y107.656 E8.75509
G1 X85.359 Y108.202 E8.78135
G1 X74.846 Y118.715 E9.49643
G1 X75.392 Y118.715 E9.52269
G1 X85.359 Y108.748 E10.20063
G1 X85.359 Y109.293 E10.22684
G1 X75.937 Y118.715 E10.86771
G1 X76.483 Y118.715 E10.89397
G1 X85.358 Y109.839 E11.49767
G1 X85.358 Y110.384 E11.52388
G1 X77.028 Y118.715 E12.09051
G1 X77.573 Y118.715 E12.11672
G1 X85.358 Y110.93 E12.64625
G1 X85.358 Y111.475 E12.67246
G1 X78.119 Y118.715 E13.16488
G1 X78.664 Y118.715 E13.19109
G1 X85.357 Y112.021 E13.64637
G1 X85.469 Y112.455 E13.66793
G1 X79.209 Y118.715 E14.09373
G1 X79.755 Y118.715 E14.11999
G1 X85.687 Y112.782 E14.52351
G1 X86.01 Y113.005 E14.54239
G1 X80.3 Y118.715 E14.93078
G1 X80.845 Y118.715 E14.95699
G1 X86.256 Y113.303 E15.32507
G1 X86.4 Y113.034 E15.33975
;WIDTH:0.404381
G1 X86.359 Y113.045 E15.34155
G1 X86.339 Y112.974 E15.34468
G1 X86.411 Y112.993 E15.34784
G1 X86.257 Y113.849 F7800
;WIDTH:0.45
G1 F3000
G1 X81.391 Y118.715 E15.67882
G1 X81.936 Y118.715 E15.70503
G1 X86.257 Y114.394 E15.99894
G1 X86.312 Y114.835 E16.02031
;WIDTH:0.381072
G1 X86.414 Y115.165 E16.03395
G1 X86.356 Y115.238 E16.03763
;WIDTH:0.39127
G1 X86.241 Y115.374 E16.04489
G1 X85.95 Y115.559 E16.05895
;WIDTH:0.401791
G1 X85.439 Y115.677 E16.08102
G1 X85.829 Y115.326 E16.1031
;WIDTH:0.39127
G1 X86.177 Y114.973 E16.12331
G1 X85.175 Y116.021 F7800
;WIDTH:0.45
G1 F3000
G1 X82.481 Y118.715 E16.30655
G1 X83.027 Y118.715 E16.33281
G1 X85.175 Y116.566 E16.47895
G1 X85.175 Y118.715 E16.58231
G1 X83.572 Y118.715 E16.65941
G1 X85.039 Y117.248 E16.75919
G1 X84.772 Y118.227 F7800
;WIDTH:0.617807
G1 F3000
G1 X84.724 Y118.178 E16.76392
G1 X84.657 Y118.196 E16.76871
G1 X84.639 Y118.263 E16.7735
G1 X84.688 Y118.312 E16.77828
G1 X84.755 Y118.294 E16.78307
G1 E14.78307 F2400
G92 E0
G92 E0
G1 X94.87 Y75.56 F7800
G1 E2 F2400
;TYPE:Perimeter
;WIDTH:0.45
G1 F1800
G1 X95.006 Y75.541 E2.0066
G1 X95.528 Y75.55 E2.03171
G1 X96.038 Y75.689 E2.05713
G1 X96.622 Y76.007 E2.08911
G1 X97.109 Y76.457 E2.121
G1 X97.49 Y77 E2.1529
G1 X97.762 Y77.608 E2.18494
G1 X97.929 Y78.257 E2.21717
G1 X97.992 Y78.925 E2.24944
G1 X97.952 Y79.591 E2.28153
G1 X97.812 Y80.237 E2.31332
G1 X97.572 Y80.841 E2.34458
G1 X97.234 Y81.386 E2.37542
G1 X96.8 Y81.849 E2.40594
G1 X96.271 Y82.204 E2.43658
G1 X95.662 Y82.417 E2.46761
G1 X95.391 Y82.456 E2.48078
G1 X94.868 Y82.446 E2.50594
G1 X94.359 Y82.307 E2.53132
G1 X93.775 Y81.989 E2.5633
G1 X93.305 Y81.558 E2.59397
G1 X93.162 Y81.386 E2.60473
G1 X92.825 Y80.841 E2.63555
G1 X92.585 Y80.237 E2.66681
G1 X92.468 Y79.739 E2.69141
G1 X92.405 Y79.072 E2.72363
G1 X92.445 Y78.405 E2.75577
G1 X92.585 Y77.76 E2.78751
G1 X92.825 Y77.155 E2.81881
G1 X93.162 Y76.61 E2.84963
G1 X93.597 Y76.147 E2.88019
G1 X94.126 Y75.792 E2.91083
G1 X94.735 Y75.579 E2.94186
G1 X94.811 Y75.568 E2.94555
G1 X94.926 Y75.946 F7800
G1 F1800
G1 X95.391 Y75.926 E2.96794
G1 X95.93 Y76.06 E2.99465
G1 X96.42 Y76.336 E3.0217
G1 X96.837 Y76.729 E3.04926
G1 X97.167 Y77.211 E3.07736
G1 X97.407 Y77.758 E3.10609
G1 X97.554 Y78.346 E3.13524
G1 X97.607 Y78.954 E3.16459
G1 X97.568 Y79.562 E3.19389
G1 X97.436 Y80.148 E3.22278
G1 X97.216 Y80.692 E3.251
G1 X96.912 Y81.175 E3.27845
G1 X96.527 Y81.576 E3.30519
G1 X96.07 Y81.875 E3.33146
G1 X95.553 Y82.047 E3.35767
G1 X95.006 Y82.07 E3.384
G1 X94.467 Y81.937 E3.4107
G1 X93.976 Y81.66 E3.43781
G1 X93.578 Y81.285 E3.46411
G1 X93.485 Y81.175 E3.47104
G1 X93.18 Y80.692 E3.49851
G1 X92.96 Y80.148 E3.52673
G1 X92.843 Y79.651 E3.55129
G1 X92.789 Y79.042 E3.5807
G1 X92.829 Y78.435 E3.60996
G1 X92.96 Y77.849 E3.63884
G1 X93.18 Y77.304 E3.66711
G1 X93.485 Y76.822 E3.69454
G1 X93.87 Y76.42 E3.72131
G1 X94.327 Y76.121 E3.74758
G1 X94.843 Y75.949 E3.77374
G1 X94.866 Y75.948 E3.77485
G1 X94.979 Y76.319 F7800
;TYPE:External perimeter
G1 F1800
G1 X95.006 Y76.312 E3.77619
G1 X95.445 Y76.32 E3.79731
G1 X95.868 Y76.45 E3.81859
G1 X96.255 Y76.693 E3.84057
G1 X96.589 Y77.033 E3.86349
G1 X96.861 Y77.454 E3.8876
G1 X97.061 Y77.937 E3.91274
G1 X97.179 Y78.434 E3.93731
G1 X97.223 Y78.984 E3.96385
G1 X97.183 Y79.532 E3.99028
G1 X97.061 Y80.059 E4.0163
G1 X96.861 Y80.543 E4.04149
G1 X96.589 Y80.964 E4.0656
G1 X96.219 Y81.332 E4.0907
G1 X95.822 Y81.567 E4.11289
G1 X95.391 Y81.685 E4.13438
G1 X94.952 Y81.677 E4.1555
G1 X94.528 Y81.546 E4.17684
G1 X94.142 Y81.304 E4.19875
G1 X93.808 Y80.964 E4.22167
G1 X93.536 Y80.543 E4.24578
G1 X93.336 Y80.059 E4.27097
G1 X93.218 Y79.562 E4.29554
G1 X93.174 Y79.013 E4.32203
G1 X93.214 Y78.464 E4.3485
G1 X93.336 Y77.937 E4.37452
G1 X93.536 Y77.454 E4.39966
G1 X93.808 Y77.033 E4.42377
G1 X94.178 Y76.665 E4.44887
G1 X94.575 Y76.43 E4.47106
G1 X94.921 Y76.335 E4.48832
G1 X95.321 Y76.32 F7800
G1 E2.48832 F2400
G92 E0
G1 X79.378 Y71.662 F7800
G1 E2 F2400
;TYPE:Perimeter
G1 F3600
G1 X79.636 Y71.207 E2.02516
G1 X79.66 Y70.995 E2.03542
G1 X79.66 Y68.934 E2.13455
G1 X99.145 Y68.934 E3.07171
G1 X99.591 Y69.012 E3.09349
G1 X99.988 Y69.208 E3.11478
G1 X100.35 Y69.543 E3.1385
G1 X100.663 Y69.977 E3.16424
G1 X100.936 Y70.538 E3.19425
G1 X101.08 Y71.018 E3.21835
G1 X101.17 Y71.532 E3.24345
G1 X101.202 Y72.184 E3.27485
G1 X101.202 Y85.427 E3.91179
G1 X101.18 Y86.174 E3.94773
G1 X101.108 Y86.697 E3.97312
G1 X100.981 Y87.188 E3.99751
G1 X100.743 Y87.769 E4.02771
G1 X100.418 Y88.252 E4.05571
G1 X99.988 Y88.667 E4.08445
G1 X99.591 Y88.863 E4.10574
G1 X99.145 Y88.941 E4.12752
G1 X79.66 Y88.941 E5.06468
G1 X79.66 Y87.178 E5.14947
G1 X79.636 Y86.668 E5.17403
G1 X79.36 Y86.182 E5.20091
G1 X78.696 Y85.926 E5.23514
;WIDTH:0.429703
G1 X70.609 Y85.926 E5.60362
G1 X70.609 Y85.561 E5.62025
G1 X78.696 Y85.561 E5.98873
;WIDTH:0.45
G1 X80.513 Y85.571 E6.07612
G1 X80.835 Y85.516 E6.09183
G1 X81.095 Y85.376 E6.10603
G1 X81.317 Y85.139 E6.12165
;WIDTH:0.464917
G1 X81.481 Y84.692 E6.14544
G1 X81.645 Y85.139 E6.16923
;WIDTH:0.45
G1 X81.868 Y85.376 E6.18488
G1 X82.015 Y85.468 E6.19322
G1 X82.449 Y85.571 E6.21467
G1 X84.961 Y85.571 E6.33549
G1 X85.127 Y85.557 E6.3435
G1 X85.469 Y85.426 E6.36111
G1 X85.658 Y85.273 E6.37281
G1 X85.872 Y84.921 E6.39262
G1 X85.925 Y84.609 E6.40784
G1 X85.925 Y73.405 E6.94671
G1 X85.873 Y72.955 E6.9685
G1 X85.659 Y72.603 E6.98831
G1 X85.47 Y72.449 E7.00004
G1 X85.231 Y72.342 E7.01263
G1 X84.961 Y72.304 E7.02574
G1 X82.449 Y72.304 E7.14656
G1 X82.108 Y72.366 E7.16323
G1 X81.868 Y72.499 E7.17643
G1 X81.645 Y72.736 E7.19208
;WIDTH:0.457525
G1 X81.481 Y73.268 E7.21938
G1 X81.317 Y72.736 E7.24668
;WIDTH:0.45
G1 X81.095 Y72.499 E7.2623
G1 X80.854 Y72.366 E7.27554
G1 X80.513 Y72.304 E7.29221
G1 X78.696 Y72.314 E7.3796
;WIDTH:0.429704
G1 X70.609 Y72.314 E7.74808
G1 X70.609 Y71.949 E7.76471
G1 X78.696 Y71.949 E8.13319
;WIDTH:0.438316
G1 X78.861 Y71.938 E8.1409
;WIDTH:0.45
G1 X79.338 Y71.704 E8.16645
G1 E6.16645 F2400
G92 E0
G1 X81.481 Y74.859 F7800
G1 E2 F2400
;WIDTH:0.457525
G1 F1800
G1 X81.481 Y73.268 E2.07801
G1 E.07801 F2400
G92 E0
G1 X81.481 Y82.841 F7800
G1 E2 F2400
;WIDTH:0.464917
G1 F1800
G1 X81.481 Y84.692 E2.09247
G1 E.09247 F2400
G92 E0
G1 X79.105 Y71.395 F7800
G1 E2 F2400
;WIDTH:0.45
G1 F3600
G1 X79.26 Y71.122 E2.0151
G1 X79.274 Y70.995 E2.02125
G1 X79.274 Y68.548 E2.13894
G1 X99.03 Y68.548 E3.08913
G1 X99.538 Y68.588 E3.11364
G1 X100.026 Y68.786 E3.13897
G1 X100.395 Y69.047 E3.16071
G1 X100.825 Y69.507 E3.191
G1 X101.157 Y70.087 E3.22314
G1 X101.35 Y70.576 E3.24842
G1 X101.488 Y71.112 E3.27504
G1 X101.565 Y71.679 E3.30256
G1 X101.588 Y72.184 E3.32687
G1 X101.588 Y85.691 E3.97651
G1 X101.565 Y86.196 E4.00082
G1 X101.488 Y86.763 E4.02834
G1 X101.35 Y87.299 E4.05496
G1 X101.157 Y87.788 E4.08024
G1 X100.825 Y88.368 E4.11238
G1 X100.395 Y88.828 E4.14267
G1 X100.026 Y89.089 E4.16441
G1 X99.538 Y89.287 E4.18974
G1 X99.165 Y89.327 E4.20778
G1 X79.274 Y89.327 E5.16447
G1 X79.271 Y86.823 E5.2849
G1 X79.094 Y86.461 E5.30428
G1 X78.696 Y86.302 E5.32489
G1 X70.234 Y86.302 E5.73188
G1 X70.234 Y85.186 E5.78556
G1 X80.513 Y85.186 E6.27994
G1 X80.774 Y85.124 E6.29284
G1 X80.996 Y84.926 E6.30715
G1 X81.092 Y84.607 E6.32317
G1 X81.092 Y82.452 E6.42682
G1 X81.871 Y82.452 E6.46429
G1 X81.871 Y84.607 E6.56794
G1 X81.967 Y84.926 E6.58396
G1 X82.189 Y85.124 E6.59827
G1 X82.449 Y85.186 E6.61113
G1 X84.961 Y85.186 E6.73195
G1 X85.266 Y85.099 E6.7472
G1 X85.458 Y84.902 E6.76043
G1 X85.539 Y84.608 E6.7751
G1 X85.539 Y73.268 E7.32051
G1 X85.459 Y72.974 E7.33516
G1 X85.266 Y72.777 E7.34842
G1 X84.961 Y72.689 E7.36369
G1 X82.449 Y72.689 E7.48451
G1 X82.189 Y72.751 E7.49737
G1 X81.967 Y72.949 E7.51168
G1 X81.871 Y73.268 E7.5277
G1 X81.871 Y75.248 E7.62293
G1 X81.092 Y75.248 E7.6604
G1 X81.092 Y73.268 E7.75563
G1 X80.996 Y72.949 E7.77165
G1 X80.774 Y72.751 E7.78596
G1 X80.513 Y72.689 E7.79886
G1 X70.234 Y72.689 E8.29324
G1 X70.234 Y71.573 E8.34692
G1 X78.795 Y71.564 E8.75867
G1 X79.059 Y71.431 E8.77289
G1 X78.833 Y71.124 F7800
;TYPE:External perimeter
G1 F1800
G1 X78.888 Y70.995 E8.77963
G1 X78.888 Y68.162 E8.91589
G1 X99.055 Y68.162 E9.88585
G1 X99.62 Y68.209 E9.91312
G1 X100.034 Y68.346 E9.93409
G1 X100.431 Y68.572 E9.95606
G1 X100.937 Y69.043 E9.98931
G1 X101.245 Y69.453 E10.01397
G1 X101.509 Y69.93 E10.04019
G1 X101.719 Y70.465 E10.06783
G1 X101.868 Y71.045 E10.09663
G1 X101.95 Y71.657 E10.12633
G1 X101.973 Y72.184 E10.1517
G1 X101.973 Y85.691 E10.80134
G1 X101.95 Y86.218 E10.82671
G1 X101.868 Y86.83 E10.85641
G1 X101.719 Y87.41 E10.88521
G1 X101.509 Y87.945 E10.91285
G1 X101.245 Y88.422 E10.93907
G1 X100.937 Y88.832 E10.96373
G1 X100.431 Y89.303 E10.99698
G1 X100.034 Y89.529 E11.01895
G1 X99.62 Y89.666 E11.03992
G1 X99.186 Y89.712 E11.06091
G1 X78.888 Y89.712 E12.03717
G1 X78.888 Y86.88 E12.17338
G1 X78.828 Y86.741 E12.18066
G1 X78.696 Y86.687 E12.18752
G1 X69.848 Y86.687 E12.61308
G1 X69.848 Y84.8 E12.70384
G1 X80.513 Y84.8 E13.21679
G1 X80.63 Y84.761 E13.22272
G1 X80.706 Y84.607 E13.23098
G1 X80.706 Y82.066 E13.35319
G1 X82.256 Y82.066 E13.42774
G1 X82.256 Y84.607 E13.54995
G1 X82.333 Y84.761 E13.55823
G1 X82.449 Y84.8 E13.56412
G1 X84.961 Y84.8 E13.68494
G1 X85.1 Y84.74 E13.69222
G1 X85.153 Y84.608 E13.69906
G1 X85.153 Y73.294 E14.24322
G1 X85.1 Y73.135 E14.25128
G1 X84.961 Y73.075 E14.25856
G1 X82.449 Y73.075 E14.37938
G1 X82.333 Y73.114 E14.38527
G1 X82.256 Y73.268 E14.39355
G1 X82.256 Y75.634 E14.50735
G1 X80.706 Y75.634 E14.5819
G1 X80.706 Y73.268 E14.6957
G1 X80.63 Y73.114 E14.70396
G1 X80.513 Y73.075 E14.70989
G1 X69.848 Y73.075 E15.22284
G1 X69.848 Y71.187 E15.31365
G1 X78.696 Y71.187 E15.73921
G1 X78.783 Y71.152 E15.74372
G1 X78.881 Y70.764 F7800
G1 X80.334 Y70.745
;TYPE:Internal infill
;WIDTH:0.45
G1 F4200
G1 X80.334 Y69.609 E15.79836
G1 X81.511 Y69.609 E15.85497
G1 X80.952 Y71.694 E15.95879
G1 X80.161 Y71.632 E15.99695
G1 X80.292 Y71.401 E16.00972
G1 X80.313 Y71.211 E16.01891
G1 X83.981 Y70.228 E16.20155
G1 X83.981 Y69.739 E16.22507
G1 X83.586 Y69.344 E16.25194
G1 X83.586 Y69.609 E16.26469
G1 X81.704 Y69.609 E16.35521
G1 X83.201 Y69.223 F7800
;TYPE:Solid infill
;WIDTH:0.450031
G1 F3000
G1 X80.208 Y69.223 E16.49917
G1 X80.079 Y69.416 E16.51034
;WIDTH:0.404381
G1 X80.079 Y70.991 E16.57713
G1 X79.996 Y71.406 E16.59508
G1 X79.748 Y71.786 E16.61432
;WIDTH:0.440652
G1 X79.738 Y71.896 E16.6195
;WIDTH:0.476923
G1 X79.728 Y72.007 E16.62523
G1 X80.507 Y72.015 E16.66532
;WIDTH:0.449051
G1 X80.818 Y72.057 E16.68038
;WIDTH:0.448631
G1 X81.217 Y72.241 E16.70144
;WIDTH:0.486052
G1 X81.345 Y72.34 E16.70995
;WIDTH:0.523473
G1 X81.473 Y72.438 E16.71918
G1 X81.728 Y72.276 E16.73648
;WIDTH:0.481809
G1 X81.982 Y72.113 E16.75219
;WIDTH:0.450027
G1 X82.453 Y72.015 E16.77533
G1 X83.201 Y72.015 E16.81131
G1 E14.81131 F2400
G92 E0
G1 X87.842 Y69.223 F7800
G1 E2 F2400
;WIDTH:0.45
G1 F3000
G1 X85.192 Y71.873 E2.18025
G1 X85.063 Y72.032 E2.1901
G1 X84.954 Y72.015 E2.19541
G1 X84.367 Y72.015 E2.22364
G1 X84.367 Y69.223 E2.35793
G1 X88.388 Y69.223 E2.55133
G1 X85.474 Y72.136 E2.7495
G1 X85.805 Y72.351 E2.76848
G1 X88.933 Y69.223 E2.98124
G1 X89.478 Y69.223 E3.00745
G1 X86.05 Y72.651 E3.24062
G1 X86.194 Y73.053 E3.26116
G1 X90.024 Y69.223 E3.52167
G1 X90.569 Y69.223 E3.54788
G1 X86.09 Y73.705 E3.85264
;WIDTH:0.404381
G1 X86.019 Y73.686 E3.85576
G1 X86.038 Y73.757 E3.85888
G1 X86.079 Y73.746 E3.86068
;WIDTH:0.45
G1 X86.214 Y74.124 E3.87999
G1 X91.114 Y69.223 E4.21332
G1 X91.66 Y69.223 E4.23958
G1 X86.214 Y74.669 E4.61001
G1 X86.214 Y75.214 E4.63622
G1 X92.205 Y69.223 E5.04372
G1 X92.751 Y69.223 E5.06998
G1 X86.214 Y75.76 E5.51462
G1 X86.214 Y76.305 E5.54083
G1 X93.296 Y69.223 E6.02254
G1 X93.841 Y69.223 E6.04875
G1 X86.214 Y76.85 E6.56753
G1 X86.214 Y77.396 E6.59379
G1 X94.387 Y69.223 E7.14971
G1 X94.932 Y69.223 E7.17592
G1 X86.214 Y77.941 E7.76891
G1 X86.214 Y78.486 E7.79512
G1 X95.477 Y69.223 E8.42518
G1 X96.023 Y69.223 E8.45144
G1 X86.214 Y79.032 E9.11864
G1 X86.214 Y79.577 E9.14485
G1 X96.568 Y69.223 E9.84912
G1 X97.113 Y69.223 E9.87533
G1 X86.214 Y80.122 E10.61667
G1 X86.214 Y80.668 E10.64293
G1 X97.659 Y69.223 E11.4214
G1 X98.204 Y69.223 E11.44761
G1 X86.214 Y81.213 E12.26315
G1 X86.214 Y81.758 E12.28936
G1 X98.749 Y69.223 E13.14198
G1 X99.279 Y69.239 E13.16748
G1 X86.214 Y82.304 E14.05615
G1 X86.142 Y83.111 F7800
;WIDTH:0.404381
G1 F3000
G1 X86.071 Y83.092 E14.05927
G1 X86.09 Y83.163 E14.06239
G1 X86.131 Y83.152 E14.06419
;WIDTH:0.45
G1 X86.214 Y82.849 E14.0793
G1 X99.691 Y69.372 E14.99599
G1 X100.007 Y69.602 E15.01479
G1 X94.134 Y75.474 E15.41423
G1 X93.861 Y75.682 E15.43074
;WIDTH:0.404381
G1 X93.471 Y76.002 E15.45213
G1 X93 Y76.488 E15.48083
G1 X92.763 Y76.782 E15.49684
;WIDTH:0.45
G1 X92.553 Y77.055 E15.51341
G1 X86.214 Y83.394 E15.94458
G1 X86.214 Y83.94 E15.97084
G1 X92.261 Y77.893 E16.38215
G1 X92.447 Y77.65 E16.39687
;WIDTH:0.404381
G1 X92.406 Y77.661 E16.39867
G1 X92.387 Y77.59 E16.40179
G1 X92.458 Y77.609 E16.40491
G1 X92.147 Y78.552 F7800
;WIDTH:0.45
G1 F3000
G1 X86.214 Y84.485 E16.80847
G1 X86.075 Y85.17 E16.84209
G1 X92.119 Y79.125 E17.25323
G1 E15.25323 F2400
G92 E0
G1 X94.644 Y75.439 F7800
G1 E2 F2400
;WIDTH:0.404381
G1 F3000
G1 X94.602 Y75.45 E2.00184
G1 X94.583 Y75.378 E2.005
G1 X94.655 Y75.397 E2.00816
;WIDTH:0.45
G1 X94.886 Y75.268 E2.02089
G1 X100.264 Y69.889 E2.38673
G1 X100.476 Y70.223 E2.40576
G1 X95.435 Y75.264 E2.74864
G1 X95.89 Y75.354 E2.77095
G1 X100.646 Y70.598 E3.09445
G1 X100.777 Y71.013 E3.11538
G1 X96.305 Y75.484 E3.41953
G1 X96.648 Y75.687 E3.4387
G1 X100.866 Y71.469 E3.7256
G1 X100.906 Y71.975 E3.75001
G1 X96.967 Y75.913 E4.0179
G1 X97.244 Y76.182 E4.03647
G1 X100.913 Y72.513 E4.28603
G1 X100.913 Y73.058 E4.31224
G1 X97.493 Y76.478 E4.54486
G1 X97.709 Y76.807 E4.56379
G1 X100.913 Y73.603 E4.78172
G1 X100.913 Y74.149 E4.80798
G1 X97.892 Y77.17 E5.01346
G1 X98.047 Y77.56 E5.03364
G1 X100.913 Y74.694 E5.22858
G1 X100.913 Y75.24 E5.25484
G1 X98.159 Y77.993 E5.44213
G1 X98.238 Y78.46 E5.46491
G1 X100.913 Y75.785 E5.64686
G1 X100.913 Y76.33 E5.67307
G1 X98.277 Y78.966 E5.85237
G1 X98.238 Y79.55 E5.88052
G1 X100.913 Y76.876 E6.06244
G1 X100.913 Y77.421 E6.08865
G1 X98.112 Y80.222 E6.27917
G1 X97.984 Y80.483 E6.29315
;WIDTH:0.404381
G1 X97.913 Y80.464 E6.29627
G1 X97.932 Y80.536 E6.29943
G1 X97.973 Y80.525 E6.30123
G1 E4.30123 F2400
G92 E0
G1 X84.839 Y85.86 F7800
G1 E2 F2400
;WIDTH:0.45
G1 F3000
G1 X84.367 Y86.332 E2.0321
G1 X84.284 Y87.18 F7800
;WIDTH:0.404381
G1 F3000
G1 X84.243 Y87.191 E2.0339
G1 X84.224 Y87.12 E2.03702
G1 X84.295 Y87.139 E2.04014
;WIDTH:0.45
G1 X84.367 Y86.877 E2.05321
G1 X85.531 Y85.713 E2.13238
G1 E.13238 F2400
G92 E0
G1 X84.367 Y87.423 F7800
G1 E2 F2400
G1 F3000
G1 X92.162 Y79.628 E2.53021
G1 X92.259 Y80.077 E2.5523
G1 X84.367 Y87.968 E3.08907
G1 X84.294 Y88.786 F7800
;WIDTH:0.404381
G1 F3000
G1 X84.253 Y88.797 E3.09087
G1 X84.234 Y88.725 E3.09403
G1 X84.305 Y88.744 E3.09715
;WIDTH:0.45
G1 X84.367 Y88.513 E3.10865
G1 X92.371 Y80.509 E3.65307
G1 X92.533 Y80.893 E3.67312
G1 X84.774 Y88.652 E4.20088
G1 X85.319 Y88.652 E4.22709
G1 X92.725 Y81.246 E4.73084
G1 X92.943 Y81.573 E4.74974
G1 X85.864 Y88.652 E5.23124
G1 X86.41 Y88.652 E5.2575
G1 X93.2 Y81.862 E5.71935
G1 X93.482 Y82.125 E5.7379
G1 X86.955 Y88.652 E6.18186
G1 X87.5 Y88.652 E6.20807
G1 X93.805 Y82.347 E6.63693
G1 X94.163 Y82.535 E6.65638
G1 X88.046 Y88.652 E7.07245
G1 X88.591 Y88.652 E7.09866
G1 X94.577 Y82.666 E7.50582
G1 X95.051 Y82.738 E7.52888
G1 X89.136 Y88.652 E7.93118
G1 X89.682 Y88.652 E7.95744
G1 X95.621 Y82.713 E8.3614
G1 X95.92 Y82.583 E8.37708
;WIDTH:0.404381
G1 X95.879 Y82.594 E8.37888
G1 X95.86 Y82.523 E8.382
G1 X95.931 Y82.542 E8.38512
;WIDTH:0.45
G1 X96.439 Y82.441 E8.41003
G1 X90.227 Y88.652 E8.83253
G1 X90.12 Y88.806 E8.84155
;WIDTH:0.404381
G1 X90.049 Y88.787 E8.84467
G1 X90.068 Y88.858 E8.84779
G1 X90.109 Y88.847 E8.84959
G1 E6.84959 F2400
G92 E0
G1 X96.711 Y82.218 F7800
G1 E2 F2400
G1 F3000
G1 X97.421 Y81.531 E2.0419
G1 X97.52 Y81.411 E2.0485
;WIDTH:0.45
G1 X97.741 Y81.139 E2.06536
G1 X100.913 Y77.966 E2.28115
G1 X100.913 Y78.512 E2.30741
G1 X90.773 Y88.652 E2.99712
G1 X90.541 Y88.754 E3.00931
;WIDTH:0.404381
G1 X90.47 Y88.735 E3.01243
G1 X90.489 Y88.806 E3.01555
G1 X90.53 Y88.795 E3.01735
G1 X91.318 Y88.652 F7800
;WIDTH:0.45
G1 F3000
G1 X100.913 Y79.057 E3.66999
G1 X100.913 Y79.602 E3.6962
G1 X91.863 Y88.652 E4.31177
G1 X92.409 Y88.652 E4.33803
G1 X100.913 Y80.148 E4.91646
G1 X100.913 Y80.693 E4.94267
G1 X92.954 Y88.652 E5.48403
G1 X93.499 Y88.652 E5.51024
G1 X100.913 Y81.238 E6.01453
G1 X100.913 Y81.784 E6.04079
G1 X94.045 Y88.652 E6.50794
G1 X94.59 Y88.652 E6.53415
G1 X100.913 Y82.329 E6.96423
G1 X100.913 Y82.874 E6.99044
G1 X95.135 Y88.652 E7.38345
G1 X95.681 Y88.652 E7.40971
G1 X100.913 Y83.42 E7.76558
G1 X100.913 Y83.965 E7.79179
G1 X96.226 Y88.652 E8.11059
G1 X96.771 Y88.652 E8.1368
G1 X100.913 Y84.51 E8.41853
G1 X100.913 Y85.056 E8.44479
G1 X97.317 Y88.652 E8.68939
G1 X97.862 Y88.652 E8.7156
G1 X100.913 Y85.601 E8.92313
G1 X100.89 Y86.169 E8.95047
G1 X98.407 Y88.652 E9.11936
G1 X98.953 Y88.652 E9.14562
G1 X100.792 Y86.813 E9.27071
G1 X100.25 Y87.949 F7800
;WIDTH:0.521827
G1 F3000
G1 X99.801 Y88.4 E9.30702
G1 E7.30702 F2400
G92 E0
G1 X86.911 Y69.609 F7800
G1 E2 F2400
;WIDTH:0.45
G1 F3000
G1 X84.891 Y71.629 E2.1374
G1 X84.753 Y71.629 E2.14404
G1 X84.753 Y69.609 E2.24119
G1 X86.719 Y69.609 E2.33575
G1 X85.915 Y70.021 F7800
;WIDTH:0.503861
G1 F3000
G1 X85.165 Y70.771 E2.39389
G1 X85.165 Y70.021 E2.435
G1 X85.723 Y70.021 E2.46559
G1 E.46559 F2400
G92 E0
G1 X83.201 Y85.86 F7800
G1 E2 F2400
;WIDTH:0.449293
G1 F3000
G1 X82.455 Y85.859 E2.03581
;WIDTH:0.448687
G1 X82.046 Y85.789 E2.0557
;WIDTH:0.466503
G1 X81.675 Y85.577 E2.07713
;WIDTH:0.495997
G1 X81.581 Y85.506 E2.08347
;WIDTH:0.525491
G1 X81.487 Y85.435 E2.09024
G1 X81.288 Y85.571 E2.1041
;WIDTH:0.49769
G1 X81.088 Y85.706 E2.11714
;WIDTH:0.469889
G1 X80.767 Y85.831 E2.13456
;WIDTH:0.449273
G1 X80.083 Y85.855 E2.16742
;WIDTH:0.477445
G1 X79.727 Y85.865 E2.18577
G1 X79.738 Y85.978 E2.19162
;WIDTH:0.440913
G1 X79.749 Y86.09 E2.19691
;WIDTH:0.404381
G1 X80.032 Y86.559 E2.22014
G1 X80.079 Y86.884 E2.23407
G1 X80.079 Y88.459 E2.30086
;WIDTH:0.450027
G1 X80.208 Y88.652 E2.31203
G1 X83.201 Y88.652 E2.45599
G1 X83.586 Y88.492 F7800
;TYPE:Internal infill
;WIDTH:0.45
G1 F4200
G1 X83.586 Y88.652 E2.46369
G1 X83.981 Y88.652 E2.48269
G1 X83.981 Y88.193 E2.50477
G1 X83.586 Y88.299 E2.52444
G1 X82.5 Y88.266 E2.5767
G1 X83.042 Y86.246 E2.67729
G1 X83.586 Y86.246 E2.70345
G1 X83.586 Y85.86 E2.72202
G1 X83.743 Y85.86 E2.72957
G1 X83.981 Y86.099 E2.74579
G1 X83.981 Y88 E2.83722
M106 S137.7
;LAYER_CHANGE
;Z:2.15
;HEIGHT:0.3
G1 E.83722 F2400
G92 E0
G1 Z2.15 F7800
G92 E0
G1 X74.919 Y105.612
G1 E2 F2400
;TYPE:Perimeter
;WIDTH:0.45
G1 F1800
G1 X75.407 Y105.52 E2.02388
G1 X76.035 Y105.57 E2.05418
G1 X76.631 Y105.783 E2.08462
G1 X77.157 Y106.136 E2.11509
G1 X77.592 Y106.594 E2.14547
G1 X77.931 Y107.13 E2.17597
G1 X78.175 Y107.719 E2.20663
G1 X78.324 Y108.343 E2.23749
G1 X78.38 Y108.982 E2.26834
G1 X78.344 Y109.621 E2.29912
G1 X78.218 Y110.242 E2.3296
G1 X78.002 Y110.828 E2.35964
G1 X77.698 Y111.363 E2.38924
G1 X77.307 Y111.83 E2.41853
G1 X76.831 Y112.206 E2.4477
G1 X76.277 Y112.467 E2.47715
G1 X75.666 Y112.583 E2.50706
G1 X75.037 Y112.533 E2.53741
G1 X74.441 Y112.319 E2.56787
G1 X73.916 Y111.967 E2.59827
G1 X73.48 Y111.509 E2.62868
G1 X73.141 Y110.973 E2.65918
G1 X72.898 Y110.383 E2.68987
G1 X72.748 Y109.76 E2.72069
G1 X72.692 Y109.12 E2.75159
G1 X72.728 Y108.482 E2.78232
G1 X72.855 Y107.861 E2.81281
G1 X73.07 Y107.275 E2.84283
G1 X73.374 Y106.739 E2.87247
G1 X73.765 Y106.273 E2.90173
G1 X74.241 Y105.896 E2.93093
G1 X74.796 Y105.635 E2.96043
G1 X74.86 Y105.623 E2.96356
G1 X75.019 Y105.978 F7800
G1 F1800
G1 X75.459 Y105.902 E2.98504
G1 X75.983 Y105.952 E3.01036
G1 X76.483 Y106.139 E3.03604
G1 X76.928 Y106.446 E3.06204
G1 X77.303 Y106.85 E3.08855
G1 X77.6 Y107.327 E3.11558
G1 X77.815 Y107.859 E3.14318
G1 X77.947 Y108.426 E3.17118
G1 X77.995 Y109.01 E3.19936
G1 X77.96 Y109.594 E3.2275
G1 X77.841 Y110.159 E3.25527
G1 X77.643 Y110.688 E3.28244
G1 X77.367 Y111.166 E3.30899
G1 X77.019 Y111.574 E3.33478
G1 X76.603 Y111.896 E3.36008
G1 X76.128 Y112.111 E3.38516
G1 X75.614 Y112.201 E3.41026
G1 X75.089 Y112.151 E3.43562
G1 X74.59 Y111.964 E3.46125
G1 X74.144 Y111.656 E3.48732
G1 X73.769 Y111.253 E3.5138
G1 X73.472 Y110.775 E3.54087
G1 X73.257 Y110.244 E3.56842
G1 X73.125 Y109.677 E3.59642
G1 X73.077 Y109.093 E3.6246
G1 X73.113 Y108.509 E3.65274
G1 X73.231 Y107.944 E3.6805
G1 X73.43 Y107.414 E3.70773
G1 X73.705 Y106.937 E3.73421
G1 X74.054 Y106.529 E3.76003
G1 X74.47 Y106.207 E3.78533
G1 X74.944 Y105.991 E3.81038
G1 X74.96 Y105.989 E3.81116
G1 X75.117 Y106.343 F7800
;TYPE:External perimeter
G1 F1800
G1 X75.141 Y106.334 E3.81239
G1 X75.562 Y106.284 E3.83278
G1 X75.98 Y106.347 E3.85311
G1 X76.374 Y106.518 E3.87377
G1 X76.73 Y106.784 E3.89514
G1 X77.036 Y107.135 E3.91754
G1 X77.283 Y107.554 E3.94093
G1 X77.465 Y108.027 E3.96531
G1 X77.575 Y108.537 E3.9904
G1 X77.611 Y109.038 E4.01456
G1 X77.575 Y109.566 E4.04001
G1 X77.465 Y110.076 E4.0651
G1 X77.283 Y110.549 E4.08948
G1 X77.022 Y110.988 E4.11404
G1 X76.7 Y111.346 E4.1372
G1 X76.334 Y111.608 E4.15885
G1 X75.931 Y111.769 E4.17972
G1 X75.51 Y111.819 E4.20011
G1 X75.093 Y111.755 E4.2204
G1 X74.698 Y111.585 E4.24108
G1 X74.342 Y111.318 E4.26248
G1 X74.036 Y110.968 E4.28484
G1 X73.789 Y110.549 E4.30823
G1 X73.608 Y110.076 E4.33259
G1 X73.5 Y109.586 E4.35672
G1 X73.462 Y109.065 E4.38184
G1 X73.497 Y108.537 E4.40729
G1 X73.608 Y108.027 E4.43239
G1 X73.789 Y107.554 E4.45675
G1 X74.036 Y107.135 E4.48014
G1 X74.372 Y106.757 E4.50446
G1 X74.738 Y106.495 E4.52611
G1 X75.062 Y106.366 E4.54288
G1 X75.456 Y106.299 F7800
G1 E2.54288 F2400
G92 E0
G1 X89.93 Y99.642 F7800
G1 E2 F2400
;TYPE:Perimeter
G1 F3600
G1 X89.704 Y99.932 E2.01768
G1 X89.629 Y100.302 E2.03584
G1 X89.622 Y102.366 E2.13511
G1 X87.343 Y102.381 E2.24472
G1 X87.007 Y102.508 E2.262
G1 X86.819 Y102.658 E2.27357
G1 X86.602 Y103.004 E2.29321
G1 X86.546 Y103.33 E2.30912
G1 X86.546 Y104.43 E2.36203
G1 X85.96 Y104.653 E2.39219
G1 X85.889 Y104.724 E2.39702
G1 X85.689 Y105.076 E2.41649
G1 X85.644 Y105.366 E2.4306
G1 X85.644 Y112.261 E2.76223
G1 X85.682 Y112.725 E2.78462
G1 X85.838 Y113.038 E2.80144
G1 X86.131 Y113.296 E2.82022
G1 X86.546 Y113.404 E2.84084
G1 X86.546 Y114.67 E2.90173
G1 X86.591 Y114.961 E2.91589
G1 X86.8 Y115.322 E2.93595
G1 X86.99 Y115.482 E2.9479
G1 X87.233 Y115.593 E2.96075
G1 X87.51 Y115.634 E2.97422
G1 X89.622 Y115.634 E3.0758
G1 X89.629 Y117.698 E3.17507
G1 X89.704 Y118.068 E3.19323
G1 X90.016 Y118.467 E3.21759
G1 X90.593 Y118.649 E3.24669
;WIDTH:0.429703
G1 X94.407 Y118.649 E3.42047
;WIDTH:0.466406
G1 X94.815 Y118.667 E3.44095
;WIDTH:0.511686
G1 X95.113 Y118.69 E3.45762
;WIDTH:0.556967
G1 X95.41 Y118.712 E3.47592
;WIDTH:0.602248
G1 X95.707 Y118.735 E3.4959
G1 X96.346 Y118.719 E3.53878
;WIDTH:0.570804
G1 X96.67 Y118.696 E3.5593
;WIDTH:0.52377
G1 X96.993 Y118.672 E3.57786
;WIDTH:0.476736
G1 X97.317 Y118.649 E3.59457
;WIDTH:0.429702
G1 X99.336 Y118.649 E3.68657
G1 X99.336 Y118.831 E3.69486
G1 X99.336 Y119.014 E3.7032
G1 X97.317 Y119.014 E3.7952
;WIDTH:0.468879
G1 X96.968 Y119.059 E3.81295
;WIDTH:0.502854
G1 X96.776 Y119.113 E3.82386
;WIDTH:0.536829
G1 X96.585 Y119.167 E3.83556
;WIDTH:0.570804
G1 X96.394 Y119.221 E3.8481
;WIDTH:0.602248
G1 X95.707 Y119.273 E3.89432
G1 X95.336 Y119.217 E3.91949
;WIDTH:0.576026
G1 X95.139 Y119.164 E3.93251
;WIDTH:0.539486
G1 X94.942 Y119.11 E3.94461
;WIDTH:0.502946
G1 X94.745 Y119.056 E3.95578
;WIDTH:0.466406
G1 X94.407 Y119.014 E3.97286
;WIDTH:0.429703
G1 X90.593 Y119.014 E4.14664
;WIDTH:0.45
G1 X71.59 Y119.004 E5.06062
G1 X71.143 Y118.925 E5.08245
G1 X70.746 Y118.73 E5.10372
G1 X70.385 Y118.394 E5.12744
G1 X70.071 Y117.96 E5.1532
G1 X69.799 Y117.4 E5.18314
G1 X69.654 Y116.92 E5.20726
G1 X69.564 Y116.406 E5.23236
G1 X69.532 Y115.846 E5.25934
G1 X69.532 Y102.529 E5.89984
G1 X69.555 Y101.764 E5.93665
G1 X69.626 Y101.241 E5.96204
G1 X69.754 Y100.75 E5.98644
G1 X69.991 Y100.168 E6.01666
G1 X70.317 Y99.685 E6.04469
G1 X70.746 Y99.27 E6.0734
G1 X71.143 Y99.075 E6.09467
G1 X71.59 Y98.996 E6.1165
G1 X90.593 Y98.986 E7.03048
;WIDTH:0.429704
G1 X94.407 Y98.986 E7.20427
;WIDTH:0.46888
G1 X94.757 Y98.941 E7.22207
;WIDTH:0.502855
G1 X94.948 Y98.887 E7.23293
;WIDTH:0.536831
G1 X95.139 Y98.833 E7.24463
;WIDTH:0.570807
G1 X95.33 Y98.779 E7.25717
;WIDTH:0.602249
G1 X96.017 Y98.727 E7.30339
G1 X96.388 Y98.783 E7.32856
;WIDTH:0.576029
G1 X96.585 Y98.836 E7.34158
;WIDTH:0.539488
G1 X96.782 Y98.89 E7.35368
;WIDTH:0.502948
G1 X96.979 Y98.944 E7.36485
;WIDTH:0.466408
G1 X97.317 Y98.986 E7.38193
;WIDTH:0.429703
G1 X99.336 Y98.986 E7.47393
G1 X99.336 Y99.351 E7.49056
G1 X97.317 Y99.351 E7.58256
;WIDTH:0.466408
G1 X96.909 Y99.333 E7.60304
;WIDTH:0.511688
G1 X96.612 Y99.31 E7.61966
;WIDTH:0.556968
G1 X96.315 Y99.288 E7.63796
;WIDTH:0.602249
G1 X96.017 Y99.265 E7.65801
G1 X95.378 Y99.281 E7.70089
;WIDTH:0.570807
G1 X95.054 Y99.304 E7.72141
;WIDTH:0.523772
G1 X94.731 Y99.328 E7.73997
;WIDTH:0.476737
G1 X94.407 Y99.351 E7.75668
;WIDTH:0.429704
G1 X90.593 Y99.351 E7.93047
;WIDTH:0.438316
G1 X90.427 Y99.362 E7.93823
;WIDTH:0.45
G1 X90.016 Y99.533 E7.95964
G1 X89.967 Y99.595 E7.96344
G1 X90.194 Y99.909 F7800
G1 F3600
G1 X90.059 Y100.081 E7.97396
G1 X90.014 Y100.303 E7.98485
G1 X90.006 Y102.752 E8.10264
G1 X87.942 Y102.752 E8.20191
G1 X87.35 Y102.774 E8.2304
G1 X87.095 Y102.927 E8.2447
G1 X86.965 Y103.135 E8.2565
G1 X86.931 Y103.33 E8.26602
G1 X86.931 Y104.791 E8.33629
G1 X86.614 Y104.788 E8.35154
G1 X86.219 Y104.938 E8.37186
G1 X86.094 Y105.101 E8.38174
G1 X86.03 Y105.366 E8.39485
G1 X86.03 Y111.784 E8.70353
G1 X86.035 Y112.532 E8.73951
G1 X86.146 Y112.806 E8.75373
G1 X86.322 Y112.961 E8.76501
G1 X86.614 Y113.037 E8.77952
G1 X86.931 Y113.034 E8.79477
G1 X86.931 Y114.67 E8.87346
G1 X87.005 Y114.953 E8.88753
G1 X87.198 Y115.157 E8.90104
G1 X87.51 Y115.248 E8.91667
G1 X90.006 Y115.248 E9.03672
G1 X90.014 Y117.697 E9.15451
G1 X90.059 Y117.919 E9.1654
G1 X90.246 Y118.158 E9.18
G1 X90.593 Y118.273 E9.19758
G1 X99.711 Y118.273 E9.63612
G1 X99.711 Y118.831 E9.66296
G1 X99.711 Y119.389 E9.6898
G1 X97.317 Y119.389 E9.80494
G1 X97.109 Y119.428 E9.81512
G1 X96.597 Y119.625 E9.84151
G1 X96.153 Y119.721 E9.86336
G1 X95.707 Y119.734 E9.88482
G1 X95.236 Y119.659 E9.90776
G1 X94.608 Y119.426 E9.93998
G1 X94.407 Y119.389 E9.94981
G1 X71.704 Y119.389 E11.04175
G1 X71.197 Y119.349 E11.06621
G1 X70.858 Y119.237 E11.08338
G1 X70.391 Y118.935 E11.11013
G1 X70.023 Y118.565 E11.13523
G1 X69.65 Y118.013 E11.16727
G1 X69.437 Y117.534 E11.19248
G1 X69.278 Y117.009 E11.21886
G1 X69.181 Y116.45 E11.24615
G1 X69.147 Y115.858 E11.27467
G1 X69.147 Y102.246 E11.92936
G1 X69.17 Y101.742 E11.95363
G1 X69.246 Y101.174 E11.98119
G1 X69.385 Y100.638 E12.00782
G1 X69.578 Y100.149 E12.0331
G1 X69.909 Y99.569 E12.06522
G1 X70.339 Y99.109 E12.09551
G1 X70.708 Y98.848 E12.11725
G1 X71.197 Y98.651 E12.14261
G1 X71.569 Y98.611 E12.16061
G1 X94.407 Y98.611 E13.25904
G1 X94.615 Y98.572 E13.26922
G1 X95.127 Y98.375 E13.29561
G1 X95.572 Y98.279 E13.31751
G1 X96.017 Y98.266 E13.33892
G1 X96.488 Y98.341 E13.36186
G1 X97.116 Y98.574 E13.39408
G1 X97.317 Y98.611 E13.40391
G1 X99.711 Y98.611 E13.51905
G1 X99.711 Y99.727 E13.57273
G1 X90.593 Y99.727 E14.01127
G1 X90.246 Y99.842 E14.02885
G1 X90.231 Y99.861 E14.03001
G1 X90.463 Y100.18 F7800
;TYPE:External perimeter
G1 F1800
G1 X90.4 Y100.305 E14.03674
G1 X90.391 Y103.137 E14.17295
G1 X87.51 Y103.137 E14.31152
G1 X87.371 Y103.196 E14.31878
G1 X87.317 Y103.33 E14.32573
G1 X87.317 Y105.18 E14.41471
G1 X86.61 Y105.173 E14.44872
G1 X86.479 Y105.223 E14.45546
G1 X86.415 Y105.366 E14.463
G1 X86.415 Y112.459 E14.80415
G1 X86.454 Y112.575 E14.81004
G1 X86.61 Y112.652 E14.81841
G1 X87.317 Y112.645 E14.85242
G1 X87.317 Y114.67 E14.94982
G1 X87.368 Y114.8 E14.95654
G1 X87.51 Y114.862 E14.96399
G1 X90.391 Y114.862 E15.10256
G1 X90.4 Y117.695 E15.23882
G1 X90.477 Y117.849 E15.2471
G1 X90.593 Y117.887 E15.25297
G1 X100.097 Y117.887 E15.71008
G1 X100.097 Y118.831 E15.75548
G1 X100.097 Y119.775 E15.80088
G1 X97.317 Y119.775 E15.93459
G1 X96.645 Y120.02 E15.96899
G1 X96.121 Y120.12 E15.99465
G1 X95.603 Y120.12 E16.01956
G1 X95.046 Y119.999 E16.04697
G1 X94.407 Y119.775 E16.07954
G1 X71.68 Y119.775 E17.17263
G1 X71.115 Y119.728 E17.1999
G1 X70.701 Y119.591 E17.22087
G1 X70.303 Y119.365 E17.24288
G1 X69.932 Y119.052 E17.26623
G1 X69.597 Y118.659 E17.29107
G1 X69.308 Y118.194 E17.3174
G1 X69.074 Y117.669 E17.34505
G1 X68.902 Y117.098 E17.37373
G1 X68.797 Y116.494 E17.40322
G1 X68.761 Y115.869 E17.43333
G1 X68.761 Y102.246 E18.08855
G1 X68.785 Y101.72 E18.11388
G1 X68.866 Y101.108 E18.14357
G1 X69.015 Y100.527 E18.17242
G1 X69.225 Y99.992 E18.20006
G1 X69.489 Y99.515 E18.22628
G1 X69.798 Y99.106 E18.25093
G1 X70.303 Y98.635 E18.28414
G1 X70.701 Y98.409 E18.30615
G1 X71.115 Y98.272 E18.32712
G1 X71.548 Y98.225 E18.34807
G1 X94.407 Y98.225 E19.44751
G1 X95.079 Y97.98 E19.48191
G1 X95.603 Y97.88 E19.50757
G1 X96.121 Y97.88 E19.53248
G1 X96.678 Y98.001 E19.55989
G1 X97.317 Y98.225 E19.59246
G1 X100.097 Y98.225 E19.72617
G1 X100.097 Y100.112 E19.81693
G1 X90.593 Y100.112 E20.27404
G1 X90.503 Y100.142 E20.2786
G1 X90.407 Y100.53 F7800
G1 E18.2786 F2400
G92 E0
G1 X86.132 Y99.786 F7800
G1 E2 F2400
;TYPE:Top solid infill
;WIDTH:0.402945
G1 X85.597 Y99.252 E2.03192
G1 X85.119 Y99.252 E2.0521
G1 X85.981 Y100.114 E2.10358
G1 X85.981 Y100.593 E2.12381
G1 X84.64 Y99.252 E2.20389
G1 X84.162 Y99.253 E2.22407
G1 X86.132 Y101.223 E2.34172
G1 X86.889 Y102.459 F7800
G1 F2400
G1 X83.683 Y99.253 E2.53318
G1 X83.205 Y99.253 E2.55336
G1 X86.54 Y102.588 E2.75252
G1 X86.46 Y102.692 E2.75806
G1 X86.364 Y102.892 E2.76743
G1 X82.726 Y99.254 E2.98469
G1 X82.248 Y99.254 E3.00487
G1 X86.284 Y103.291 E3.24592
G1 X86.281 Y103.766 E3.26598
G1 X81.769 Y99.254 E3.53543
G1 X81.291 Y99.254 E3.55561
G1 X86.281 Y104.245 E3.85364
G1 X86.281 Y104.262 E3.85436
G1 X85.947 Y104.389 E3.86945
G1 X80.812 Y99.255 E4.17608
G1 X80.334 Y99.255 E4.19626
G1 X85.663 Y104.585 E4.51453
G1 X85.516 Y104.803 E4.52563
G1 X85.483 Y104.883 E4.52928
G1 X79.855 Y99.255 E4.86538
G1 X79.377 Y99.256 E4.88556
G1 X85.388 Y105.267 E5.24453
G1 X85.38 Y105.738 E5.26442
G1 X78.898 Y99.256 E5.65152
G1 X78.42 Y99.256 E5.6717
G1 X85.38 Y106.217 E6.08737
G1 X85.381 Y106.696 E6.1076
G1 X77.941 Y99.256 E6.55191
G1 X77.463 Y99.257 E6.57209
G1 X85.381 Y107.175 E7.04494
G1 X85.381 Y107.654 E7.06517
G1 X76.984 Y99.257 E7.56663
G1 X76.506 Y99.257 E7.58681
G1 X85.381 Y108.133 E8.11684
G1 X85.381 Y108.612 E8.13707
G1 X76.027 Y99.258 E8.69568
G1 X75.549 Y99.258 E8.71586
G1 X85.381 Y109.091 E9.30305
G1 X85.381 Y109.57 E9.32328
G1 X75.07 Y99.258 E9.93907
G1 X74.592 Y99.259 E9.95925
G1 X85.382 Y110.049 E10.60362
G1 X85.382 Y110.528 E10.62385
G1 X74.113 Y99.259 E11.29682
G1 X73.635 Y99.259 E11.317
G1 X85.382 Y111.007 E12.01855
G1 X85.382 Y111.485 E12.03873
G1 X73.156 Y99.259 E12.76885
G1 X72.678 Y99.26 E12.78903
G1 X85.382 Y111.964 E13.5477
G1 X85.382 Y112.443 E13.56793
G1 X72.199 Y99.26 E14.3552
G1 X71.721 Y99.26 E14.37538
G1 X86.281 Y113.821 E15.24492
G1 X86.281 Y114.3 E15.26515
G1 X71.287 Y99.305 E16.1606
G1 X71.124 Y99.359 E16.16785
G1 X70.957 Y99.454 E16.17596
G1 X86.289 Y114.786 E17.09157
G1 X86.339 Y115.042 E17.10258
G1 X86.439 Y115.272 E17.11317
G1 X86.605 Y115.502 E17.12515
G1 X86.847 Y115.705 E17.13849
G1 X86.936 Y115.745 E17.14261
G1 X86.862 Y115.839 E17.14766
G1 X78.271 Y107.247 E17.66073
G1 X78.201 Y107.072 E17.66869
G1 X77.923 Y106.601 E17.69179
G1 X77.792 Y106.421 E17.70119
G1 X77.503 Y106.095 E17.71959
G1 X77.316 Y105.925 E17.73026
G1 X76.984 Y105.681 E17.74766
G1 X76.737 Y105.541 E17.75965
G1 X76.442 Y105.418 E17.77315
G1 X70.688 Y99.665 E18.11674
G1 X70.465 Y99.92 E18.13104
G1 X75.819 Y105.274 E18.45077
G1 X75.696 Y105.257 E18.45601
G1 X75.33 Y105.264 E18.47147
G1 X70.276 Y100.21 E18.77329
G1 X70.119 Y100.531 E18.78838
G1 X74.914 Y105.327 E19.07476
G1 X74.557 Y105.449 E19.09069
G1 X69.99 Y100.881 E19.36346
G1 X69.891 Y101.261 E19.38004
G1 X74.23 Y105.6 E19.63916
G1 X73.94 Y105.789 E19.65378
G1 X69.825 Y101.674 E19.89952
G1 X69.799 Y102.126 E19.91864
G1 X73.673 Y106.001 E20.15002
G1 X73.438 Y106.244 E20.16429
G1 X69.797 Y102.603 E20.38173
G1 X69.797 Y103.082 E20.40196
G1 X73.219 Y106.505 E20.60635
G1 X73.032 Y106.797 E20.62099
G1 X69.797 Y103.561 E20.81421
G1 X69.797 Y104.04 E20.83444
G1 X72.866 Y107.109 E21.01772
G1 X72.725 Y107.447 E21.03319
G1 X69.797 Y104.518 E21.20808
G1 X69.797 Y104.997 E21.22831
G1 X72.606 Y107.807 E21.39609
G1 X72.513 Y108.192 E21.41282
G1 X69.797 Y105.476 E21.57502
G1 X69.797 Y105.955 E21.59525
G1 X72.462 Y108.62 E21.7544
G1 X72.426 Y109.063 E21.77317
G1 X69.797 Y106.434 E21.93017
G1 X69.797 Y106.912 E21.95035
G1 X72.466 Y109.582 E22.10977
G1 X72.48 Y109.763 E22.11744
G1 X72.577 Y110.172 E22.13519
G1 X69.646 Y107.24 E22.31026
G1 E20.31026
G92 E0
G1 X78.298 Y107.753 F7800
G1 E2 F2400
G1 X86.606 Y116.061 E2.49614
G1 X86.297 Y116.231 E2.51103
G1 X78.604 Y108.538 E2.97045
G1 X78.646 Y109.059 E2.99252
G1 X85.981 Y116.393 E3.43053
G1 X85.981 Y116.872 E3.45076
G1 X78.613 Y109.504 E3.89077
G1 X78.593 Y109.763 E3.90174
G1 X78.554 Y109.924 E3.90874
G1 X85.981 Y117.351 E4.35227
G1 X85.981 Y117.83 E4.3725
G1 X78.462 Y110.311 E4.82153
G1 X78.423 Y110.475 E4.82865
G1 X78.344 Y110.672 E4.83761
G1 X85.981 Y118.309 E5.29368
G1 X85.981 Y118.74 E5.31188
G1 X85.933 Y118.74 E5.31391
G1 X78.207 Y111.013 E5.77533
G1 X78.029 Y111.314 E5.7901
G1 X85.454 Y118.74 E6.23354
G1 X84.975 Y118.74 E6.25377
G1 X77.847 Y111.611 E6.67948
G1 X77.625 Y111.868 E6.69382
G1 X84.497 Y118.74 E7.10421
G1 X84.018 Y118.74 E7.12444
G1 X77.389 Y112.111 E7.52032
G1 X77.121 Y112.321 E7.5347
G1 X83.539 Y118.74 E7.91801
G1 X83.06 Y118.74 E7.93824
G1 X76.83 Y112.509 E8.31032
G1 X76.502 Y112.66 E8.32557
G1 X82.581 Y118.74 E8.68863
G1 X82.103 Y118.74 E8.70881
G1 X76.143 Y112.78 E9.06473
G1 X75.719 Y112.835 E9.08278
G1 X81.624 Y118.74 E9.43542
G1 X81.145 Y118.74 E9.45565
G1 X75.054 Y112.649 E9.8194
G1 E7.8194
G92 E0
G1 X69.646 Y107.719 F7800
G1 E2 F2400
G1 X72.827 Y110.9 E2.18997
G1 X72.912 Y111.104 E2.1993
G1 X73.149 Y111.501 E2.21882
G1 X73.28 Y111.681 E2.22822
G1 X73.57 Y112.008 E2.24668
G1 X73.756 Y112.178 E2.25732
G1 X74.088 Y112.422 E2.27472
G1 X74.316 Y112.553 E2.28582
G1 X74.597 Y112.671 E2.29869
G1 X80.666 Y118.74 E2.66112
G1 X80.187 Y118.74 E2.68135
G1 X69.797 Y108.349 E3.30186
G1 X69.797 Y108.828 E3.32209
G1 X79.709 Y118.74 E3.91402
G1 X79.23 Y118.74 E3.93425
G1 X69.797 Y109.306 E4.49761
G1 X69.797 Y109.785 E4.51784
G1 X78.751 Y118.74 E5.05259
G1 X78.272 Y118.74 E5.07282
G1 X69.797 Y110.264 E5.57897
G1 X69.797 Y110.743 E5.5992
G1 X77.793 Y118.74 E6.07674
G1 X77.315 Y118.74 E6.09692
G1 X69.797 Y111.222 E6.54589
G1 X69.797 Y111.7 E6.56607
G1 X76.836 Y118.74 E6.98646
G1 X76.357 Y118.74 E7.00669
G1 X69.797 Y112.179 E7.39848
G1 X69.797 Y112.658 E7.41871
G1 X75.878 Y118.74 E7.78189
G1 X75.399 Y118.74 E7.80212
G1 X69.797 Y113.137 E8.13669
G1 X69.797 Y113.616 E8.15692
G1 X74.921 Y118.74 E8.46292
G1 X74.442 Y118.74 E8.48315
G1 X69.797 Y114.094 E8.76057
G1 X69.797 Y114.573 E8.7808
G1 X73.963 Y118.74 E9.02962
G1 X73.484 Y118.74 E9.04985
G1 X69.797 Y115.052 E9.27006
G1 X69.797 Y115.531 E9.29029
G1 X73.005 Y118.74 E9.4819
G1 X72.527 Y118.74 E9.50208
G1 X69.807 Y116.02 E9.66452
G1 X69.827 Y116.375 E9.67953
G1 X69.858 Y116.55 E9.68703
G1 X72.048 Y118.74 E9.81781
G1 X71.565 Y118.735 E9.83821
G1 X70.008 Y117.179 E9.93116
G1 X70.047 Y117.308 E9.93685
G1 X70.225 Y117.708 E9.95534
G1 X70.436 Y118.047 E9.9722
G1 X70.657 Y118.307 E9.98661
G1 X71.163 Y118.813 E10.01683
G1 E8.01683
G92 E0
G1 X88.921 Y118.885 F7800
G1 E2 F2400
;TYPE:Bridge infill
;WIDTH:0.442886
;HEIGHT:0.4
M106 S255
G1 F3600
G1 X86.374 Y118.202 E2.16889
G1 X86.374 Y117.692 E2.20155
G1 X89.709 Y118.586 E2.42269
G1 X89.406 Y118.198 E2.45422
G1 X89.362 Y117.982 E2.46834
G1 X86.374 Y117.182 E2.66646
G1 X86.374 Y116.671 E2.69919
G1 X89.306 Y117.457 E2.89361
G1 X89.305 Y116.947 E2.92627
G1 X86.932 Y116.311 E3.08362
G1 X87.116 Y116.144 E3.09954
G1 X87.289 Y115.924 E3.11747
G1 X87.509 Y115.955 E3.1317
G1 X89.506 Y116.49 E3.26411
M106 S137.7
G1 E1.26411 F2400
G92 E0
G1 X86.171 Y101.298 F7800
G1 E2 F2400
;WIDTH:0.442017
M106 S255
G1 F3600
G1 X88.96 Y102.045 E2.1842
G1 X89.302 Y102.045 E2.20602
G1 X89.303 Y101.627 E2.23269
G1 X86.374 Y100.842 E2.42615
G1 X86.374 Y100.333 E2.45862
G1 X89.305 Y101.118 E2.6522
G1 X89.306 Y100.61 E2.68461
G1 X86.374 Y99.824 E2.87827
G1 X86.374 Y99.314 E2.91081
G1 X89.343 Y100.11 E3.10691
G1 X89.406 Y99.802 E3.12697
G1 X89.525 Y99.649 E3.13934
G1 X87.494 Y99.105 E3.27348
M106 S137.7
G1 E1.27348 F2400
G92 E0
G92 E0
G1 X94.87 Y75.55 F7800
G1 E2 F2400
;TYPE:Perimeter
;WIDTH:0.45
;HEIGHT:0.3
G1 F1800
G1 X95.391 Y75.541 E2.02506
G1 X95.662 Y75.579 E2.03822
G1 X96.167 Y75.737 E2.06367
G1 X96.622 Y76.007 E2.08912
G1 X97.109 Y76.457 E2.12101
G1 X97.49 Y77 E2.15291
G1 X97.762 Y77.608 E2.18495
G1 X97.929 Y78.257 E2.21718
G1 X97.992 Y78.925 E2.24945
G1 X97.952 Y79.591 E2.28154
G1 X97.812 Y80.237 E2.31333
G1 X97.572 Y80.841 E2.34459
G1 X97.234 Y81.386 E2.37543
G1 X96.8 Y81.849 E2.40595
G1 X96.271 Y82.204 E2.43659
G1 X95.662 Y82.417 E2.46762
G1 X95.391 Y82.456 E2.48079
G1 X94.868 Y82.446 E2.50595
G1 X94.359 Y82.307 E2.53133
G1 X93.775 Y81.989 E2.56331
G1 X93.386 Y81.639 E2.58848
G1 X93.162 Y81.386 E2.60473
G1 X92.825 Y80.841 E2.63555
G1 X92.585 Y80.237 E2.66681
G1 X92.468 Y79.739 E2.69141
G1 X92.405 Y79.072 E2.72363
G1 X92.445 Y78.405 E2.75577
G1 X92.585 Y77.76 E2.78751
G1 X92.825 Y77.155 E2.81881
G1 X93.162 Y76.61 E2.84963
G1 X93.516 Y76.228 E2.87468
G1 X93.775 Y76.007 E2.89106
G1 X94.359 Y75.689 E2.92304
G1 X94.812 Y75.566 E2.94562
G1 X94.926 Y75.946 F7800
G1 F1800
G1 X95.391 Y75.926 E2.96801
G1 X95.93 Y76.06 E2.99472
G1 X96.42 Y76.336 E3.02177
G1 X96.837 Y76.729 E3.04933
G1 X97.167 Y77.211 E3.07743
G1 X97.407 Y77.758 E3.10616
G1 X97.554 Y78.346 E3.13531
G1 X97.607 Y78.954 E3.16466
G1 X97.568 Y79.562 E3.19396
G1 X97.436 Y80.148 E3.22285
G1 X97.216 Y80.692 E3.25107
G1 X96.912 Y81.175 E3.27852
G1 X96.527 Y81.576 E3.30526
G1 X96.07 Y81.875 E3.33153
G1 X95.553 Y82.047 E3.35774
G1 X95.006 Y82.07 E3.38407
G1 X94.467 Y81.937 E3.41077
G1 X93.976 Y81.66 E3.43788
G1 X93.56 Y81.267 E3.4654
G1 X93.23 Y80.785 E3.4935
G1 X92.99 Y80.239 E3.52219
G1 X92.843 Y79.651 E3.55134
G1 X92.789 Y79.042 E3.58075
G1 X92.829 Y78.435 E3.61001
G1 X92.96 Y77.849 E3.63889
G1 X93.18 Y77.304 E3.66716
G1 X93.485 Y76.822 E3.69459
G1 X93.87 Y76.42 E3.72136
G1 X94.327 Y76.121 E3.74763
G1 X94.843 Y75.949 E3.77379
G1 X94.866 Y75.948 E3.7749
G1 X94.979 Y76.319 F7800
;TYPE:External perimeter
G1 F1800
G1 X95.006 Y76.312 E3.77624
G1 X95.445 Y76.32 E3.79736
G1 X95.868 Y76.45 E3.81864
G1 X96.255 Y76.693 E3.84062
G1 X96.589 Y77.033 E3.86354
G1 X96.861 Y77.454 E3.88765
G1 X97.061 Y77.937 E3.91279
G1 X97.179 Y78.434 E3.93736
G1 X97.223 Y78.984 E3.9639
G1 X97.183 Y79.532 E3.99033
G1 X97.061 Y80.059 E4.01635
G1 X96.861 Y80.543 E4.04154
G1 X96.589 Y80.964 E4.06565
G1 X96.219 Y81.332 E4.09075
G1 X95.822 Y81.567 E4.11294
G1 X95.391 Y81.685 E4.13443
G1 X94.952 Y81.677 E4.15555
G1 X94.528 Y81.546 E4.17689
G1 X94.178 Y81.332 E4.19662
G1 X93.808 Y80.964 E4.22172
G1 X93.536 Y80.543 E4.24583
G1 X93.336 Y80.059 E4.27102
G1 X93.218 Y79.562 E4.29559
G1 X93.174 Y79.013 E4.32208
G1 X93.214 Y78.464 E4.34855
G1 X93.336 Y77.937 E4.37457
G1 X93.536 Y77.454 E4.39971
G1 X93.808 Y77.033 E4.42382
G1 X94.178 Y76.665 E4.44892
G1 X94.575 Y76.43 E4.47111
G1 X94.921 Y76.335 E4.48837
G1 X95.321 Y76.32 F7800
G1 E2.48837 F2400
G92 E0
G1 X79.62 Y71.657 F7800
G1 E2 F2400
;TYPE:Perimeter
G1 F3600
G1 X79.854 Y71.342 E2.01887
G1 X79.919 Y70.995 E2.03585
G1 X79.919 Y68.934 E2.13498
G1 X99.145 Y68.934 E3.05968
G1 X99.591 Y69.012 E3.08146
G1 X99.988 Y69.208 E3.10275
G1 X100.35 Y69.543 E3.12647
G1 X100.663 Y69.977 E3.15221
G1 X100.936 Y70.538 E3.18222
G1 X101.08 Y71.018 E3.20632
G1 X101.17 Y71.532 E3.23142
G1 X101.202 Y72.184 E3.26282
G1 X101.202 Y85.427 E3.89976
G1 X101.18 Y86.174 E3.9357
G1 X101.108 Y86.697 E3.96109
G1 X100.981 Y87.188 E3.98548
G1 X100.743 Y87.769 E4.01568
G1 X100.418 Y88.252 E4.04368
G1 X99.988 Y88.667 E4.07242
G1 X99.591 Y88.863 E4.09371
G1 X99.145 Y88.941 E4.11549
G1 X79.919 Y88.941 E5.04019
G1 X79.919 Y86.94 E5.13643
G1 X79.854 Y86.533 E5.15625
G1 X79.547 Y86.119 E5.18104
G1 X78.955 Y85.926 E5.21099
;WIDTH:0.429703
G1 X70.328 Y85.926 E5.60408
G1 X70.328 Y85.561 E5.62071
G1 X78.955 Y85.561 E6.0138
;WIDTH:0.45
G1 X80.513 Y85.571 E6.08874
G1 X80.861 Y85.506 E6.10577
G1 X81.129 Y85.349 E6.12071
G1 X81.339 Y85.105 E6.13619
;WIDTH:0.464917
G1 X81.481 Y84.692 E6.15801
G1 X81.623 Y85.105 E6.17983
;WIDTH:0.45
G1 X81.833 Y85.349 E6.19531
G1 X82.08 Y85.498 E6.20918
G1 X82.449 Y85.571 E6.22727
G1 X85.261 Y85.571 E6.36252
G1 X85.427 Y85.557 E6.37053
G1 X85.83 Y85.385 E6.3916
G1 X86.023 Y85.197 E6.40456
G1 X86.144 Y84.993 E6.41597
G1 X86.225 Y84.607 E6.43494
G1 X86.225 Y73.268 E6.98031
G1 X86.169 Y72.945 E6.99608
G1 X85.953 Y72.597 E7.01578
G1 X85.765 Y72.446 E7.02738
G1 X85.527 Y72.341 E7.03989
G1 X85.261 Y72.304 E7.05281
G1 X82.449 Y72.304 E7.18806
G1 X82.169 Y72.345 E7.20167
G1 X81.833 Y72.526 E7.22003
G1 X81.623 Y72.77 E7.23551
;WIDTH:0.457525
G1 X81.481 Y73.268 E7.2609
G1 X81.339 Y72.77 E7.28629
;WIDTH:0.45
G1 X81.129 Y72.526 E7.30177
G1 X80.883 Y72.377 E7.3156
G1 X80.513 Y72.304 E7.33374
G1 X78.955 Y72.314 E7.40868
;WIDTH:0.429704
G1 X70.328 Y72.314 E7.80177
G1 X70.328 Y71.949 E7.8184
G1 X78.955 Y71.949 E8.21149
;WIDTH:0.438316
G1 X79.121 Y71.938 E8.21925
;WIDTH:0.45
G1 X79.547 Y71.756 E8.24153
G1 X79.584 Y71.706 E8.24452
G1 E6.24452 F2400
G92 E0
G1 X81.481 Y74.345 F7800
G1 E2 F2400
;WIDTH:0.457525
G1 F1800
G1 X81.481 Y73.268 E2.05281
G1 E.05281 F2400
G92 E0
G1 X81.481 Y83.355 F7800
G1 E2 F2400
;WIDTH:0.464917
G1 F1800
G1 X81.481 Y84.692 E2.06679
G1 E.06679 F2400
G92 E0
G1 X79.355 Y71.391 F7800
G1 E2 F2400
;WIDTH:0.45
G1 F3600
G1 X79.495 Y71.203 E2.01127
G1 X79.534 Y70.995 E2.02145
G1 X79.534 Y68.548 E2.13914
G1 X99.03 Y68.548 E3.07683
G1 X99.538 Y68.588 E3.10134
G1 X100.026 Y68.786 E3.12667
G1 X100.395 Y69.047 E3.14841
G1 X100.825 Y69.507 E3.1787
G1 X101.157 Y70.087 E3.21084
G1 X101.35 Y70.576 E3.23612
G1 X101.488 Y71.112 E3.26274
G1 X101.565 Y71.679 E3.29026
G1 X101.588 Y72.184 E3.31457
G1 X101.588 Y85.691 E3.96421
G1 X101.565 Y86.196 E3.98852
G1 X101.488 Y86.763 E4.01604
G1 X101.35 Y87.299 E4.04266
G1 X101.157 Y87.788 E4.06794
G1 X100.825 Y88.368 E4.10008
G1 X100.395 Y88.828 E4.13037
G1 X100.026 Y89.089 E4.15211
G1 X99.538 Y89.287 E4.17744
G1 X99.165 Y89.327 E4.19548
G1 X79.534 Y89.327 E5.13966
G1 X79.534 Y86.94 E5.25447
G1 X79.495 Y86.672 E5.2675
G1 X79.31 Y86.423 E5.28242
G1 X78.955 Y86.302 E5.30046
G1 X69.953 Y86.302 E5.73342
G1 X69.953 Y85.186 E5.7871
G1 X80.513 Y85.186 E6.295
G1 X80.793 Y85.113 E6.30892
G1 X81.009 Y84.906 E6.32331
G1 X81.092 Y84.607 E6.33823
G1 X81.092 Y82.965 E6.4172
G1 X81.871 Y82.965 E6.45467
G1 X81.871 Y84.607 E6.53364
G1 X81.954 Y84.906 E6.54856
G1 X82.169 Y85.113 E6.56291
G1 X82.449 Y85.186 E6.57683
G1 X85.361 Y85.177 E6.71689
G1 X85.602 Y85.074 E6.7295
G1 X85.791 Y84.839 E6.744
G1 X85.839 Y84.607 E6.75539
G1 X85.839 Y73.261 E7.30109
G1 X85.756 Y72.969 E7.31569
G1 X85.563 Y72.775 E7.32885
G1 X85.261 Y72.689 E7.34395
G1 X82.449 Y72.689 E7.4792
G1 X82.169 Y72.762 E7.49312
G1 X81.954 Y72.969 E7.50747
G1 X81.871 Y73.268 E7.52239
G1 X81.871 Y74.735 E7.59295
G1 X81.092 Y74.735 E7.63042
G1 X81.092 Y73.268 E7.70098
G1 X81.009 Y72.969 E7.7159
G1 X80.793 Y72.762 E7.73029
G1 X80.513 Y72.689 E7.74421
G1 X69.953 Y72.689 E8.25211
G1 X69.953 Y71.573 E8.30579
G1 X78.955 Y71.573 E8.73875
G1 X79.31 Y71.452 E8.75679
G1 X79.319 Y71.439 E8.75755
G1 X79.086 Y71.121 F7800
;TYPE:External perimeter
G1 F1800
G1 X79.148 Y70.995 E8.7643
G1 X79.148 Y68.162 E8.90056
G1 X99.055 Y68.162 E9.85802
G1 X99.62 Y68.209 E9.88529
G1 X100.034 Y68.346 E9.90626
G1 X100.431 Y68.572 E9.92823
G1 X100.937 Y69.043 E9.96148
G1 X101.245 Y69.453 E9.98614
G1 X101.509 Y69.93 E10.01236
G1 X101.719 Y70.465 E10.04
G1 X101.868 Y71.045 E10.0688
G1 X101.95 Y71.657 E10.0985
G1 X101.973 Y72.184 E10.12387
G1 X101.973 Y85.691 E10.77351
G1 X101.95 Y86.218 E10.79888
G1 X101.868 Y86.83 E10.82858
G1 X101.719 Y87.41 E10.85738
G1 X101.509 Y87.945 E10.88502
G1 X101.245 Y88.422 E10.91124
G1 X100.937 Y88.832 E10.9359
G1 X100.431 Y89.303 E10.96915
G1 X100.034 Y89.529 E10.99112
G1 X99.62 Y89.666 E11.01209
G1 X99.186 Y89.712 E11.03308
G1 X79.148 Y89.712 E11.99684
G1 X79.148 Y86.88 E12.13305
G1 X79.073 Y86.728 E12.1412
G1 X78.955 Y86.687 E12.14721
G1 X69.567 Y86.687 E12.59874
G1 X69.567 Y84.8 E12.6895
G1 X80.513 Y84.8 E13.21596
G1 X80.636 Y84.756 E13.22224
G1 X80.706 Y84.607 E13.23016
G1 X80.706 Y82.58 E13.32765
G1 X82.256 Y82.58 E13.4022
G1 X82.256 Y84.607 E13.49969
G1 X82.326 Y84.756 E13.50761
G1 X82.449 Y84.8 E13.51389
G1 X85.261 Y84.8 E13.64914
G1 X85.413 Y84.725 E13.65729
G1 X85.453 Y84.607 E13.66328
G1 X85.453 Y73.268 E14.20865
G1 X85.399 Y73.134 E14.2156
G1 X85.261 Y73.075 E14.22282
G1 X82.449 Y73.075 E14.35807
G1 X82.326 Y73.119 E14.36435
G1 X82.256 Y73.268 E14.37227
G1 X82.256 Y75.12 E14.46134
G1 X80.706 Y75.12 E14.53589
G1 X80.706 Y73.268 E14.62496
G1 X80.636 Y73.119 E14.63288
G1 X80.513 Y73.075 E14.63916
G1 X69.567 Y73.075 E15.16562
G1 X69.567 Y71.187 E15.25643
G1 X78.955 Y71.187 E15.70796
G1 X79.045 Y71.157 E15.71252
G1 X79.14 Y70.768 F7800
G1 X80.047 Y72.189
;TYPE:Bridge infill
;WIDTH:0.426512
;HEIGHT:0.4
M106 S255
G1 F3600
G1 X79.933 Y71.764 E15.73866
G1 X80.152 Y71.469 E15.76048
G1 X80.226 Y71.189 E15.77768
G1 X80.236 Y71.055 E15.78566
G1 X80.485 Y71.983 E15.84273
G1 X80.795 Y72.013 E15.86123
G1 X81.008 Y72.093 E15.87475
G1 X80.247 Y69.255 E16.04928
G1 X80.741 Y69.255 E16.07862
G1 X81.569 Y72.345 E16.26864
G1 X81.624 Y72.281 E16.27365
G1 X81.827 Y72.142 E16.28826
G1 X81.989 Y72.074 E16.2987
G1 X81.234 Y69.255 E16.47205
G1 X81.727 Y69.255 E16.50133
G1 X82.458 Y71.982 E16.66903
G1 X82.951 Y71.982 E16.69831
G1 X82.221 Y69.255 E16.866
G1 X82.714 Y69.255 E16.89528
G1 X83.371 Y71.708 E17.04612
M106 S137.7
G1 E15.04612 F2400
G92 E0
G1 X99.02 Y69.047 F7800
G1 E2 F2400
;TYPE:Top solid infill
;WIDTH:0.400602
;HEIGHT:0.3
G1 X100.724 Y70.752 E2.10109
G1 X100.823 Y71.079 E2.11542
G1 X100.875 Y71.378 E2.12815
G1 X98.695 Y69.198 E2.25744
G1 X98.22 Y69.198 E2.27736
G1 X100.927 Y71.905 E2.4379
G1 X100.938 Y72.392 E2.45833
G1 X97.744 Y69.198 E2.64775
G1 X97.269 Y69.198 E2.66767
G1 X100.938 Y72.867 E2.88526
G1 X100.938 Y73.343 E2.90522
G1 X96.793 Y69.198 E3.15104
G1 X96.318 Y69.198 E3.17096
G1 X100.938 Y73.818 E3.44495
G1 X100.938 Y74.294 E3.46491
G1 X95.842 Y69.198 E3.76713
G1 X95.367 Y69.198 E3.78705
G1 X100.938 Y74.769 E4.11744
G1 X100.938 Y75.245 E4.1374
G1 X94.891 Y69.198 E4.49602
G1 X94.416 Y69.198 E4.51594
G1 X100.938 Y75.72 E4.90273
G1 X100.938 Y76.196 E4.92269
G1 X93.94 Y69.198 E5.33771
G1 X93.465 Y69.198 E5.35763
G1 X100.938 Y76.671 E5.80082
G1 X100.938 Y77.147 E5.82078
G1 X92.989 Y69.198 E6.2922
G1 X92.514 Y69.198 E6.31212
G1 X100.938 Y77.622 E6.81171
G1 X100.938 Y78.098 E6.83167
G1 X92.038 Y69.198 E7.35949
G1 X91.563 Y69.198 E7.37941
G1 X100.938 Y78.573 E7.9354
G1 X100.938 Y79.049 E7.95536
G1 X91.087 Y69.198 E8.53958
G1 X90.612 Y69.198 E8.5595
G1 X100.938 Y79.524 E9.17189
G1 X100.938 Y80 E9.19185
G1 X90.136 Y69.198 E9.83247
G1 X89.661 Y69.198 E9.85239
G1 X95.823 Y75.36 E10.21783
G1 X95.603 Y75.294 E10.22746
G1 X95.272 Y75.284 E10.24135
G1 X89.185 Y69.198 E10.60231
G1 X88.71 Y69.198 E10.62223
G1 X94.815 Y75.303 E10.98429
G1 X94.666 Y75.324 E10.9906
G1 X94.43 Y75.393 E11.00091
G1 X88.234 Y69.198 E11.36834
G1 X87.759 Y69.198 E11.38826
G1 X94.085 Y75.524 E11.76343
G1 X93.78 Y75.694 E11.77807
G1 X87.283 Y69.198 E12.16335
G1 X86.808 Y69.198 E12.18327
G1 X93.499 Y75.89 E12.58011
G1 X93.253 Y76.118 E12.59418
G1 X86.332 Y69.198 E13.0046
G1 X85.857 Y69.198 E13.02452
G1 X93.023 Y76.364 E13.4495
G1 X92.826 Y76.642 E13.46379
G1 X85.381 Y69.198 E13.90529
G1 X84.906 Y69.198 E13.92521
G1 X92.643 Y76.935 E14.38406
G1 X92.498 Y77.265 E14.39918
G1 X84.43 Y69.198 E14.87763
G1 X83.955 Y69.198 E14.89755
G1 X92.364 Y77.607 E15.39625
G1 X92.267 Y77.985 E15.41262
G1 X83.561 Y69.28 E15.9289
G1 X83.561 Y69.755 E15.94882
G1 X92.182 Y78.376 E16.46009
G1 X92.156 Y78.825 E16.47895
G1 X86.479 Y73.149 E16.8156
G1 X86.418 Y72.856 E16.82815
G1 X86.313 Y72.633 E16.83849
G1 X86.143 Y72.413 E16.85015
G1 X85.903 Y72.22 E16.86307
G1 X85.601 Y72.087 E16.87691
G1 X85.387 Y72.057 E16.88597
G1 X83.561 Y70.231 E16.99426
G1 X83.561 Y70.706 E17.01418
G1 X84.895 Y72.04 E17.09329
G1 X84.419 Y72.04 E17.11325
G1 X83.561 Y71.182 E17.16413
G1 X83.561 Y71.657 E17.18405
G1 X84.095 Y72.191 E17.21572
G1 E15.21572
G92 E0
G1 X86.338 Y73.483 F7800
G1 E2 F2400
G1 X92.16 Y79.304 E2.34525
G1 X92.196 Y79.73 E2.36318
G1 X92.225 Y79.846 E2.36819
G1 X86.489 Y74.109 E2.7084
G1 X86.489 Y74.585 E2.72836
G1 X92.671 Y80.766 E3.09496
G1 E1.09496
G92 E0
G1 X97.75 Y77.288 F7800
G1 E2 F2400
G1 X100.938 Y80.475 E2.18904
G1 X100.938 Y80.951 E2.209
G1 X98.187 Y78.2 E2.37215
G1 X98.238 Y78.726 E2.39431
G1 X100.938 Y81.426 E2.55443
G1 X100.938 Y81.902 E2.57439
G1 X98.236 Y79.2 E2.73463
G1 X98.207 Y79.646 E2.75337
G1 X100.938 Y82.377 E2.91533
G1 X100.938 Y82.853 E2.93529
G1 X98.128 Y80.043 E3.10194
G1 X98.024 Y80.414 E3.1181
G1 X100.938 Y83.328 E3.29092
G1 X100.938 Y83.803 E3.31084
G1 X97.89 Y80.755 E3.4916
G1 X97.742 Y81.083 E3.50669
G1 X100.938 Y84.279 E3.69623
G1 X100.938 Y84.754 E3.71615
G1 X97.558 Y81.374 E3.9166
G1 X97.359 Y81.651 E3.9309
G1 X100.938 Y85.23 E4.14315
G1 X100.938 Y85.705 E4.16307
G1 X97.128 Y81.895 E4.38902
G1 X96.879 Y82.122 E4.40315
G1 X100.916 Y86.159 E4.64257
G1 X100.861 Y86.579 E4.66033
G1 X96.596 Y82.315 E4.91324
G1 X96.289 Y82.483 E4.92792
G1 X100.772 Y86.966 E5.19379
G1 X100.653 Y87.323 E5.20957
G1 X95.941 Y82.611 E5.48902
G1 X95.731 Y82.672 E5.49819
G1 X95.553 Y82.698 E5.50573
G1 X100.506 Y87.651 E5.79947
G1 X100.324 Y87.944 E5.81393
G1 X95.093 Y82.714 E6.12413
G1 X94.831 Y82.708 E6.13512
G1 X94.532 Y82.627 E6.14811
G1 X100.11 Y88.206 E6.47895
G1 X99.859 Y88.431 E6.49309
G1 X86.489 Y75.06 E7.28603
G1 X86.489 Y75.536 E7.30599
G1 X99.551 Y88.598 E8.08064
G1 X99.399 Y88.648 E8.08735
G1 X99.152 Y88.675 E8.09777
G1 X86.489 Y76.011 E8.84879
G1 X86.489 Y76.487 E8.86875
G1 X98.679 Y88.677 E9.59168
G1 X98.204 Y88.677 E9.6116
G1 X86.489 Y76.962 E10.30636
G1 X86.489 Y77.438 E10.32632
G1 X97.728 Y88.677 E10.99285
G1 X97.253 Y88.677 E11.01277
G1 X86.489 Y77.913 E11.65113
G1 X86.489 Y78.389 E11.67109
G1 X96.777 Y88.677 E12.28123
G1 X96.302 Y88.677 E12.30115
G1 X86.489 Y78.864 E12.88312
G1 X86.489 Y79.34 E12.90308
G1 X95.826 Y88.677 E13.45682
G1 X95.351 Y88.677 E13.47674
G1 X86.489 Y79.815 E14.00231
G1 X86.489 Y80.291 E14.02227
G1 X94.875 Y88.677 E14.51961
G1 X94.4 Y88.677 E14.53953
G1 X86.489 Y80.766 E15.0087
G1 X86.489 Y81.242 E15.02866
G1 X93.924 Y88.677 E15.4696
G1 X93.449 Y88.677 E15.48952
G1 X86.489 Y81.717 E15.90229
G1 X86.489 Y82.193 E15.92225
G1 X92.973 Y88.677 E16.30679
G1 X92.498 Y88.677 E16.32671
G1 X86.489 Y82.668 E16.68308
G1 X86.489 Y83.144 E16.70304
G1 X92.022 Y88.677 E17.03118
G1 X91.547 Y88.677 E17.0511
G1 X86.489 Y83.619 E17.35107
G1 X86.489 Y84.095 E17.37103
G1 X91.071 Y88.677 E17.64277
G1 X90.596 Y88.677 E17.66269
G1 X86.489 Y84.57 E17.90626
G1 X86.465 Y84.851 E17.91809
G1 X86.424 Y84.981 E17.92381
G1 X90.12 Y88.677 E18.143
G1 X89.645 Y88.677 E18.16292
G1 X86.268 Y85.3 E18.36319
G1 X86.232 Y85.36 E18.36612
G1 X86.04 Y85.547 E18.37736
G1 X89.169 Y88.677 E18.56296
G1 X88.694 Y88.677 E18.58288
G1 X85.742 Y85.725 E18.75795
G1 X85.655 Y85.771 E18.76208
G1 X85.368 Y85.826 E18.77433
G1 X88.218 Y88.677 E18.94338
G1 X87.743 Y88.677 E18.9633
G1 X84.901 Y85.835 E19.13185
G1 X84.426 Y85.835 E19.15177
G1 X87.267 Y88.677 E19.32029
G1 X86.792 Y88.677 E19.34021
G1 X83.95 Y85.835 E19.50876
G1 X83.561 Y85.835 E19.52507
G1 X83.561 Y85.922 E19.52872
G1 X86.317 Y88.677 E19.69214
G1 X85.841 Y88.677 E19.7121
G1 X83.561 Y86.397 E19.84732
G1 X83.561 Y86.873 E19.86728
G1 X85.366 Y88.677 E19.9743
G1 X84.89 Y88.677 E19.99426
G1 X83.561 Y87.348 E20.07308
G1 X83.561 Y87.824 E20.09304
G1 X84.415 Y88.677 E20.14366
G1 X83.939 Y88.677 E20.16362
G1 X83.41 Y88.148 E20.19499
G1 X82.839 Y88.822 F7800
;TYPE:Bridge infill
;WIDTH:0.451591
;HEIGHT:0.4
M106 S255
G1 F3600
G1 X80.241 Y88.126 E20.37409
G1 X80.241 Y87.607 E20.40865
G1 X83.169 Y88.391 E20.6105
G1 X83.169 Y87.872 E20.64506
G1 X80.241 Y87.088 E20.84691
G1 X80.226 Y86.686 E20.8737
G1 X80.192 Y86.555 E20.88271
G1 X83.169 Y87.353 E21.08795
G1 X83.169 Y86.834 E21.12251
G1 X79.798 Y85.93 E21.35492
G1 X79.763 Y85.883 E21.35882
G1 X80.52 Y85.893 E21.40923
G1 X80.795 Y85.862 E21.42766
G1 X81.08 Y85.755 E21.44793
G1 X83.371 Y86.369 E21.60587
M106 S137.7
M106 S226.95
;LAYER_CHANGE
;Z:2.45
;HEIGHT:0.3
G1 E19.60587 F2400
G92 E0
G1 Z2.45 F7800
G92 E0
G1 X86.83 Y115.345
G1 E2 F2400
;TYPE:Perimeter
;WIDTH:0.45
G1 F1800
G1 X86.857 Y115.379 E2.00209
G1 X87.107 Y115.545 E2.01652
G1 X87.51 Y115.634 E2.03637
G1 X89.409 Y115.634 E2.12771
G1 X89.402 Y117.691 E2.22665
G1 X89.475 Y118.063 E2.24488
G1 X89.786 Y118.465 E2.26933
G1 X90.366 Y118.649 E2.2986
;WIDTH:0.429703
G1 X93.775 Y118.649 E2.45393
;WIDTH:0.45
G1 X97.949 Y118.649 E2.65468
;WIDTH:0.429702
G1 X99.597 Y118.649 E2.72977
G1 X99.597 Y118.831 E2.73806
;WIDTH:0.429701
G1 X99.597 Y119.014 E2.7464
G1 X97.949 Y119.014 E2.82149
;WIDTH:0.438315
G1 X97.783 Y119.024 E2.82925
;WIDTH:0.45
G1 X97.469 Y119.132 E2.84522
G1 X96.651 Y119.594 E2.8904
G1 X96.085 Y119.751 E2.91865
G1 X95.747 Y119.761 E2.93491
G1 X95.379 Y119.699 E2.95286
G1 X94.898 Y119.517 E2.9776
G1 X94.332 Y119.181 E3.00926
G1 X93.775 Y119.014 E3.03723
;WIDTH:0.429703
G1 X90.366 Y119.014 E3.19256
;WIDTH:0.45
G1 X85.191 Y119.004 E3.44146
G1 X85.191 Y115.634 E3.60355
G1 X85.574 Y115.634 E3.62197
G1 X85.977 Y115.545 E3.64182
G1 X86.227 Y115.379 E3.65625
G1 X86.421 Y115.13 E3.67143
;WIDTH:0.464917
G1 X86.542 Y114.754 E3.69116
G1 X86.663 Y115.13 E3.71089
;WIDTH:0.45
G1 X86.793 Y115.298 E3.72111
G1 X86.542 Y113.818 F7800
;WIDTH:0.464917
G1 F1800
G1 X86.542 Y114.754 E3.76787
G1 X87.101 Y115.074 F7800
;WIDTH:0.45
G1 F2664
G1 X87.118 Y115.095 E3.76917
G1 X87.268 Y115.195 E3.77784
G1 X87.51 Y115.248 E3.78976
G1 X89.796 Y115.248 E3.89971
G1 X89.787 Y117.693 E4.01731
G1 X89.831 Y117.916 E4.02824
G1 X90.018 Y118.157 E4.04291
G1 X90.366 Y118.273 E4.06055
G1 X99.973 Y118.273 E4.52261
G1 X99.973 Y118.832 E4.5495
G1 X99.972 Y119.389 E4.57629
G1 X97.949 Y119.389 E4.67359
G1 X97.661 Y119.466 E4.68793
G1 X96.915 Y119.895 E4.72932
G1 X96.571 Y120.036 E4.7472
G1 X96.16 Y120.129 E4.76747
G1 X95.747 Y120.147 E4.78735
G1 X95.226 Y120.062 E4.81274
G1 X94.712 Y119.855 E4.83939
G1 X94.11 Y119.496 E4.8731
G1 X93.775 Y119.389 E4.89001
G1 X84.805 Y119.389 E5.32144
G1 X84.805 Y115.248 E5.52061
G1 X85.574 Y115.248 E5.5576
G1 X85.876 Y115.163 E5.57269
G1 X86.082 Y114.946 E5.58708
G1 X86.152 Y114.67 E5.60077
G1 X86.152 Y113.427 E5.66055
G1 X86.931 Y113.43 E5.69802
G1 X86.931 Y114.67 E5.75766
G1 X87.001 Y114.946 E5.77135
G1 X87.065 Y115.027 E5.77632
G1 X87.373 Y114.798 F7800
;TYPE:External perimeter
G1 F1800
G1 X87.379 Y114.812 E5.77705
G1 X87.51 Y114.862 E5.78379
G1 X90.182 Y114.862 E5.9123
G1 X90.173 Y117.694 E6.04851
G1 X90.25 Y117.849 E6.05683
G1 X90.366 Y117.887 E6.0627
G1 X100.359 Y117.887 E6.54333
G1 X100.358 Y118.832 E6.58878
G1 X100.357 Y119.775 E6.63414
G1 X97.949 Y119.775 E6.74996
G1 X97.853 Y119.801 E6.75474
G1 X97.107 Y120.229 E6.79611
G1 X96.706 Y120.397 E6.81702
G1 X96.235 Y120.507 E6.84028
G1 X95.617 Y120.533 E6.87003
G1 X95.013 Y120.393 E6.89985
G1 X94.525 Y120.192 E6.92523
G1 X93.775 Y119.775 E6.9665
G1 X84.419 Y119.775 E7.41649
G1 X84.419 Y114.862 E7.65279
G1 X85.574 Y114.862 E7.70834
G1 X85.705 Y114.812 E7.71508
G1 X85.767 Y114.67 E7.72253
G1 X85.767 Y113.041 E7.80088
G1 X87.317 Y113.045 E7.87543
G1 X87.317 Y114.67 E7.95359
G1 X87.349 Y114.743 E7.95742
G1 X87.733 Y114.856 F7800
G1 X86.542 Y115.441
;TYPE:Solid infill
G1 F2664
G1 X86.642 Y115.57 E7.96527
G1 X87.023 Y115.82 E7.98719
G1 X87.515 Y115.923 E8.01137
G1 X89.118 Y115.923 E8.08847
G1 X89.116 Y117.719 E8.17485
G1 X89.234 Y118.213 E8.19928
G1 X89.622 Y118.715 E8.2298
G1 X85.48 Y118.715 E8.42902
G1 X85.48 Y115.923 E8.56331
G1 X85.564 Y115.923 E8.56735
G1 X86.065 Y115.818 E8.59197
G1 X86.417 Y115.588 E8.61219
G1 X86.542 Y115.979 E8.63193
G1 X86.738 Y116.11 E8.64327
G1 X86.941 Y116.197 E8.65389
G1 X87.515 Y116.309 E8.68202
G1 X88.732 Y116.309 E8.74055
G1 X88.738 Y117.793 E8.81193
G1 X88.875 Y118.329 E8.83854
G1 X85.865 Y118.329 E8.98331
G1 X85.865 Y116.256 E9.08301
G1 X86.263 Y116.156 E9.10275
G1 X86.379 Y116.082 E9.10937
G1 X86.542 Y116.441 E9.12833
G1 X86.859 Y116.574 E9.14486
G1 X87.515 Y116.694 E9.17693
G1 X88.345 Y116.694 E9.21685
G1 X88.343 Y117.321 E9.24701
G1 X88.374 Y117.943 E9.27696
G1 X86.251 Y117.943 E9.37907
G1 X86.251 Y116.564 E9.4454
G1 X86.365 Y116.516 E9.45135
G1 X86.682 Y116.967 E9.47786
;WIDTH:0.5417
G1 X87.277 Y117.088 E9.51401
;WIDTH:0.508177
G1 X87.935 Y117.103 E9.55044
;WIDTH:0.496142
G1 X87.933 Y117.535 E9.5737
;WIDTH:0.508177
G1 X87.238 Y117.529 E9.61217
;WIDTH:0.5417
G1 X86.682 Y117.512 E9.64529
G1 X86.682 Y117.16 E9.66625
G1 E7.66625 F2400
G92 E0
G1 X95.977 Y118.979 F7800
G1 E2 F2400
;WIDTH:0.522018
G1 F2664
G1 X97.089 Y118.975 E2.06347
G1 X96.537 Y119.29 E2.09975
G1 X96.022 Y119.432 E2.13024
G1 X95.747 Y119.436 E2.14594
;WIDTH:0.521604
G1 X95.442 Y119.38 E2.16362
G1 X95.078 Y119.243 E2.1858
G1 X94.645 Y118.983 E2.2146
G1 X95.126 Y118.981 E2.24203
;WIDTH:0.521924
G1 X95.784 Y118.979 E2.27958
G1 E.27958 F2400
G92 E0
G1 X86.83 Y102.655 F7800
G1 E2 F2400
;TYPE:Perimeter
;WIDTH:0.45
G1 F1800
G1 X86.663 Y102.87 E2.01309
;WIDTH:0.457525
G1 X86.542 Y103.33 E2.03641
G1 X86.421 Y102.87 E2.05973
;WIDTH:0.45
G1 X86.227 Y102.621 E2.07491
G1 X86.078 Y102.509 E2.08388
G1 X85.574 Y102.366 E2.10908
G1 X85.191 Y102.366 E2.1275
G1 X85.191 Y98.996 E2.28959
G1 X90.366 Y98.986 E2.53849
;WIDTH:0.429704
G1 X93.775 Y98.986 E2.69382
;WIDTH:0.438316
G1 X93.941 Y98.976 E2.70158
;WIDTH:0.45
G1 X94.268 Y98.861 E2.71825
G1 X94.906 Y98.482 E2.75394
G1 X95.291 Y98.326 E2.77392
G1 X95.639 Y98.249 E2.79106
G1 X95.978 Y98.239 E2.80737
G1 X96.345 Y98.301 E2.82527
G1 X96.826 Y98.483 E2.85001
G1 X97.392 Y98.819 E2.88167
G1 X97.949 Y98.986 E2.90964
;WIDTH:0.429703
G1 X99.597 Y98.986 E2.98473
G1 X99.597 Y99.169 E2.99307
;WIDTH:0.429702
G1 X99.597 Y99.351 E3.00136
G1 X97.949 Y99.351 E3.07645
;WIDTH:0.45
G1 X93.775 Y99.351 E3.2772
;WIDTH:0.429704
G1 X90.366 Y99.351 E3.43253
;WIDTH:0.438316
G1 X90.2 Y99.362 E3.44029
;WIDTH:0.45
G1 X89.786 Y99.535 E3.46187
G1 X89.475 Y99.937 E3.48632
G1 X89.402 Y100.309 E3.50455
G1 X89.409 Y102.366 E3.60349
G1 X87.51 Y102.366 E3.69483
G1 X87.107 Y102.455 E3.71468
G1 X86.87 Y102.612 E3.72835
G1 X86.542 Y104.007 F7800
;WIDTH:0.457525
G1 F1800
G1 X86.542 Y103.33 E3.76155
G1 X87.114 Y102.935 F7800
;WIDTH:0.45
G1 F2664
G1 X87.001 Y103.054 E3.76944
G1 X86.931 Y103.33 E3.78313
G1 X86.931 Y104.395 E3.83435
G1 X86.152 Y104.398 E3.87182
G1 X86.152 Y103.33 E3.92319
G1 X86.082 Y103.054 E3.93688
G1 X85.876 Y102.837 E3.95127
G1 X85.574 Y102.752 E3.96636
G1 X84.805 Y102.752 E4.00335
G1 X84.805 Y98.611 E4.20252
G1 X93.775 Y98.611 E4.63395
G1 X94.071 Y98.53 E4.64871
G1 X94.709 Y98.151 E4.6844
G1 X95.152 Y97.967 E4.70747
G1 X95.564 Y97.871 E4.72782
G1 X95.978 Y97.853 E4.74775
G1 X96.498 Y97.938 E4.77309
G1 X97.013 Y98.145 E4.79979
G1 X97.615 Y98.504 E4.8335
G1 X97.949 Y98.611 E4.85037
G1 X99.972 Y98.611 E4.94767
G1 X99.973 Y99.168 E4.97446
G1 X99.973 Y99.727 E5.00135
G1 X90.366 Y99.727 E5.46341
G1 X90.018 Y99.843 E5.48105
G1 X89.831 Y100.084 E5.49572
G1 X89.787 Y100.307 E5.50665
G1 X89.796 Y102.752 E5.62425
G1 X87.41 Y102.761 E5.73901
G1 X87.207 Y102.837 E5.74944
G1 X87.156 Y102.892 E5.75305
G1 X87.373 Y103.202 F7800
;TYPE:External perimeter
G1 F1800
G1 X87.317 Y103.33 E5.75977
G1 X87.317 Y104.78 E5.82951
G1 X85.767 Y104.785 E5.90406
G1 X85.767 Y103.33 E5.97404
G1 X85.705 Y103.188 E5.98149
G1 X85.574 Y103.137 E5.98825
G1 X84.419 Y103.137 E6.0438
G1 X84.419 Y98.225 E6.28005
G1 X93.775 Y98.225 E6.73004
G1 X93.874 Y98.198 E6.73498
G1 X94.512 Y97.819 E6.77067
G1 X95.013 Y97.607 E6.79683
G1 X95.489 Y97.493 E6.82037
G1 X96.108 Y97.467 E6.85017
G1 X96.711 Y97.607 E6.87994
G1 X97.199 Y97.808 E6.90532
G1 X97.949 Y98.225 E6.94659
G1 X100.357 Y98.225 E7.06241
G1 X100.358 Y99.168 E7.10777
G1 X100.359 Y100.112 E7.15317
G1 X90.366 Y100.112 E7.6338
G1 X90.25 Y100.151 E7.63969
G1 X90.173 Y100.306 E7.64801
G1 X90.182 Y103.137 E7.78417
G1 X87.51 Y103.137 E7.91268
G1 X87.422 Y103.172 E7.91723
G1 X87.324 Y103.56 F7800
G1 E5.91723 F2400
G92 E0
G1 X85.585 Y99.317 F7800
G1 E2 F2400
;TYPE:Solid infill
;WIDTH:0.543901
G1 F2664
G1 X85.542 Y99.274 E2.00364
G1 X85.484 Y99.29 E2.00724
G1 X85.469 Y99.348 E2.01082
G1 X85.511 Y99.39 E2.01437
G1 X85.569 Y99.374 E2.01797
G1 X85.356 Y100.128 F7800
;WIDTH:0.404381
G1 F2664
G1 X85.285 Y100.109 E2.02109
G1 X85.304 Y100.18 E2.02421
G1 X85.345 Y100.169 E2.02601
;WIDTH:0.45
G1 X85.48 Y99.991 E2.03675
G1 X86.187 Y99.283 E2.08487
G1 X86.365 Y99.149 E2.09559
;WIDTH:0.404381
G1 X86.324 Y99.16 E2.09739
G1 X86.305 Y99.089 E2.10051
G1 X86.376 Y99.108 E2.10363
;WIDTH:0.45
G1 X86.734 Y99.282 E2.12277
G1 X85.48 Y100.536 E2.20807
G1 X85.48 Y101.081 E2.23428
G1 X87.28 Y99.281 E2.35671
G1 X87.827 Y99.279 E2.38302
G1 X85.48 Y101.627 E2.54269
G1 X85.391 Y102.232 E2.5721
;WIDTH:0.404381
G1 X85.35 Y102.243 E2.5739
G1 X85.331 Y102.172 E2.57702
G1 X85.402 Y102.191 E2.58014
;WIDTH:0.45
G1 X85.575 Y102.077 E2.5901
G1 X88.374 Y99.278 E2.78048
G1 X88.92 Y99.277 E2.80674
G1 X86.024 Y102.173 E3.00372
G1 E1.00372 F2400
G92 E0
G1 X89.306 Y99.848 F7800
G1 E2 F2400
;WIDTH:0.404381
G1 F2664
G1 X89.777 Y99.313 E2.03023
G1 X89.805 Y99.189 E2.03562
;WIDTH:0.45
G1 X89.467 Y99.275 E2.05239
G1 X86.373 Y102.37 E2.26287
G1 X86.73 Y102.451 E2.28048
;WIDTH:0.404381
G1 X86.542 Y102.659 E2.29237
G1 E.29237 F2400
G92 E0
G1 X89.007 Y100.281 F7800
G1 E2 F2400
;WIDTH:0.45
G1 F2664
G1 X87.132 Y102.156 E2.12754
G1 X87.515 Y102.077 E2.14635
G1 X89.118 Y102.077 E2.22345
G1 X89.113 Y100.319 E2.308
G1 X89.143 Y100.145 E2.31649
G1 X88.74 Y101.079 F7800
;WIDTH:0.429744
G1 F2664
G1 X88.742 Y101.702 E2.34488
G1 X88.117 Y101.702 E2.37336
G1 X88.603 Y101.216 E2.40468
G1 E.40468 F2400
G92 E0
G1 X95.747 Y98.564 F7800
G1 E2 F2400
;WIDTH:0.522019
G1 F2664
G1 X96.281 Y98.62 E2.03065
;WIDTH:0.521663
G1 X96.646 Y98.757 E2.05289
G1 X97.079 Y99.017 E2.0817
G1 X96.598 Y99.018 E2.10913
;WIDTH:0.522019
G1 X94.628 Y99.025 E2.22158
G1 X95.072 Y98.762 E2.25104
G1 X95.408 Y98.63 E2.27165
G1 X95.558 Y98.601 E2.28037
G1 E.28037 F2400
G92 E0
G92 E0
G1 X81.193 Y85.282 F7800
G1 E2 F2400
;TYPE:Perimeter
;WIDTH:0.45
G1 F1800
G1 X81.36 Y85.068 E2.01306
;WIDTH:0.464917
G1 X81.481 Y84.692 E2.03279
G1 X81.602 Y85.068 E2.05252
;WIDTH:0.45
G1 X81.797 Y85.318 E2.06777
G1 X82.047 Y85.483 E2.08218
G1 X82.449 Y85.571 E2.10197
G1 X84.352 Y85.571 E2.1935
G1 X84.352 Y87.256 E2.27454
G1 X84.352 Y88.941 E2.35558
G1 X80.13 Y88.941 E2.55864
G1 X80.128 Y86.812 E2.66104
G1 X80.012 Y86.418 E2.68079
G1 X79.691 Y86.072 E2.70349
G1 X79.166 Y85.926 E2.7297
;WIDTH:0.429703
G1 X70.067 Y85.926 E3.1443
G1 X70.067 Y85.561 E3.16093
G1 X79.166 Y85.561 E3.57553
;WIDTH:0.45
G1 X80.513 Y85.571 E3.64032
G1 X80.915 Y85.483 E3.66011
G1 X81.152 Y85.326 E3.67378
G1 X81.481 Y83.758 F7800
;WIDTH:0.464917
G1 F1800
G1 X81.481 Y84.692 E3.72044
G1 X80.909 Y85.002 F7800
;WIDTH:0.45
G1 F2664
G1 X81.021 Y84.884 E3.72826
G1 X81.092 Y84.607 E3.74201
G1 X81.092 Y83.369 E3.80155
G1 X81.871 Y83.369 E3.83902
G1 X81.871 Y84.607 E3.89856
G1 X81.941 Y84.884 E3.9123
G1 X82.058 Y85.033 E3.92141
G1 X82.208 Y85.133 E3.93008
G1 X82.449 Y85.186 E3.94195
G1 X84.737 Y85.186 E4.05199
G1 X84.737 Y87.256 E4.15155
G1 X84.737 Y89.327 E4.25116
G1 X79.744 Y89.327 E4.49131
G1 X79.744 Y86.88 E4.609
G1 X79.673 Y86.603 E4.62275
G1 X79.481 Y86.395 E4.63636
G1 X79.166 Y86.302 E4.65216
G1 X69.692 Y86.302 E5.10783
G1 X69.692 Y85.186 E5.16151
G1 X80.513 Y85.186 E5.68196
G1 X80.815 Y85.101 E5.69705
G1 X80.867 Y85.046 E5.70069
G1 X80.65 Y84.736 F7800
;TYPE:External perimeter
G1 F1800
G1 X80.706 Y84.607 E5.70745
G1 X80.706 Y82.983 E5.78556
G1 X82.256 Y82.983 E5.86011
G1 X82.256 Y84.607 E5.93822
G1 X82.319 Y84.749 E5.94569
G1 X82.449 Y84.8 E5.95241
G1 X85.123 Y84.8 E6.08102
G1 X85.123 Y87.256 E6.19915
G1 X85.123 Y89.712 E6.31728
G1 X79.359 Y89.712 E6.59451
G1 X79.358 Y86.867 E6.73134
G1 X79.271 Y86.719 E6.7396
G1 X79.166 Y86.687 E6.74488
G1 X69.306 Y86.687 E7.21911
G1 X69.306 Y84.8 E7.30987
G1 X80.513 Y84.8 E7.84889
G1 X80.601 Y84.766 E7.85343
G1 X80.699 Y84.378 F7800
G1 X81.481 Y85.379
;TYPE:Solid infill
G1 F2664
G1 X81.583 Y85.509 E7.86138
G1 X81.964 Y85.758 E7.88327
G1 X82.454 Y85.86 E7.90734
G1 X84.062 Y85.86 E7.98468
G1 X84.062 Y88.652 E8.11897
G1 X80.419 Y88.652 E8.29419
G1 X80.419 Y87.211 E8.3635
G1 X80.389 Y86.626 E8.39167
G1 X80.239 Y86.246 E8.41132
G1 X79.873 Y85.851 E8.43722
G1 X80.411 Y85.859 E8.4631
G1 X80.809 Y85.823 E8.48232
G1 X81.05 Y85.727 E8.4948
G1 X81.354 Y85.524 E8.51238
G1 X81.486 Y85.919 E8.53241
G1 X81.882 Y86.135 E8.55411
G1 X82.454 Y86.246 E8.58213
G1 X83.677 Y86.246 E8.64095
G1 X83.677 Y88.266 E8.7381
G1 X80.805 Y88.266 E8.87623
G1 X80.805 Y87.211 E8.92697
G1 X80.772 Y86.58 E8.95736
G1 X80.661 Y86.231 E8.97497
G1 X80.859 Y86.205 E8.98457
G1 X81.202 Y86.082 E9.0021
G1 X81.319 Y86.015 E9.00858
G1 X81.448 Y86.396 E9.02793
G1 X81.8 Y86.512 E9.04576
G1 X82.454 Y86.632 E9.07774
G1 X83.291 Y86.632 E9.118
G1 X83.291 Y87.881 E9.17807
G1 X81.19 Y87.881 E9.27912
G1 X81.19 Y87.211 E9.31134
G1 X81.155 Y86.533 E9.34399
G1 X81.273 Y86.478 E9.35025
G1 X81.622 Y86.911 E9.377
;WIDTH:0.541622
G1 X82.216 Y87.026 E9.41301
;WIDTH:0.508176
G1 X82.882 Y87.04 E9.44988
;WIDTH:0.496141
G1 X82.882 Y87.472 E9.47314
;WIDTH:0.508176
G1 X82.178 Y87.466 E9.51211
;WIDTH:0.541622
G1 X81.622 Y87.449 E9.54522
G1 X81.622 Y87.104 E9.56576
G1 E7.56576 F2400
G92 E0
G1 X81.193 Y72.593 F7800
G1 E2 F2400
;TYPE:Perimeter
;WIDTH:0.45
G1 F1800
G1 X81.165 Y72.557 E2.00219
G1 X80.915 Y72.392 E2.0166
G1 X80.513 Y72.304 E2.03639
G1 X79.166 Y72.314 E2.10118
;WIDTH:0.429703
G1 X70.067 Y72.314 E2.51578
G1 X70.067 Y71.949 E2.53241
G1 X79.166 Y71.949 E2.94701
;WIDTH:0.438316
G1 X79.332 Y71.938 E2.95477
;WIDTH:0.45
G1 X79.691 Y71.803 E2.97322
G1 X80.012 Y71.457 E2.99592
G1 X80.102 Y71.225 E3.00789
G1 X80.13 Y70.995 E3.01903
G1 X80.13 Y68.934 E3.11816
G1 X84.352 Y68.934 E3.32122
G1 X84.352 Y70.619 E3.40226
G1 X84.352 Y72.304 E3.4833
G1 X82.449 Y72.304 E3.57483
G1 X82.11 Y72.365 E3.5914
G1 X81.797 Y72.557 E3.60906
G1 X81.602 Y72.807 E3.62431
;WIDTH:0.457525
G1 X81.481 Y73.268 E3.64768
G1 X81.36 Y72.807 E3.67105
;WIDTH:0.45
G1 X81.23 Y72.64 E3.68123
G1 X81.481 Y73.942 F7800
;WIDTH:0.457525
G1 F1800
G1 X81.481 Y73.268 E3.71428
G1 X80.909 Y72.873 F7800
;WIDTH:0.45
G1 F2664
G1 X80.815 Y72.774 E3.72085
G1 X80.513 Y72.689 E3.73594
G1 X69.692 Y72.689 E4.25639
G1 X69.692 Y71.573 E4.31007
G1 X79.166 Y71.573 E4.76574
G1 X79.481 Y71.48 E4.78154
G1 X79.673 Y71.272 E4.79515
G1 X79.744 Y70.995 E4.8089
G1 X79.744 Y68.548 E4.92659
G1 X84.737 Y68.548 E5.16674
G1 X84.737 Y70.619 E5.26635
G1 X84.737 Y72.689 E5.36591
G1 X82.349 Y72.698 E5.48077
G1 X82.147 Y72.774 E5.49115
G1 X81.941 Y72.991 E5.50554
G1 X81.871 Y73.268 E5.51928
G1 X81.871 Y74.331 E5.57041
G1 X81.092 Y74.331 E5.60788
G1 X81.092 Y73.268 E5.65901
G1 X81.021 Y72.991 E5.67276
G1 X80.95 Y72.916 E5.67773
G1 X80.65 Y73.139 F7800
;TYPE:External perimeter
G1 F1800
G1 X80.644 Y73.126 E5.67842
G1 X80.513 Y73.075 E5.68518
G1 X69.306 Y73.075 E6.2242
G1 X69.306 Y71.187 E6.31501
G1 X79.199 Y71.185 E6.79083
G1 X79.335 Y71.087 E6.79889
G1 X79.359 Y70.995 E6.80346
G1 X79.359 Y68.162 E6.93972
G1 X85.123 Y68.162 E7.21695
G1 X85.123 Y70.619 E7.33512
G1 X85.123 Y73.075 E7.45325
G1 X82.449 Y73.075 E7.58186
G1 X82.319 Y73.126 E7.58858
G1 X82.256 Y73.268 E7.59605
G1 X82.256 Y74.717 E7.66574
G1 X80.706 Y74.717 E7.74029
G1 X80.706 Y73.268 E7.80998
G1 X80.674 Y73.194 E7.81386
G1 X80.29 Y73.081 F7800
G1 E5.81386 F2400
G92 E0
G1 X80.524 Y69.254 F7800
G1 E2 F2400
;TYPE:Solid infill
;WIDTH:0.543559
G1 F2664
G1 X80.481 Y69.212 E2.00359
G1 X80.424 Y69.227 E2.00711
G1 X80.408 Y69.285 E2.01071
G1 X80.45 Y69.328 E2.0143
G1 X80.508 Y69.312 E2.0179
;WIDTH:0.45
G1 X81.124 Y69.223 E2.04784
G1 X80.419 Y69.928 E2.09579
G1 X80.419 Y70.473 E2.122
G1 X81.67 Y69.223 E2.20706
G1 X82.215 Y69.223 E2.23327
G1 X80.417 Y71.021 E2.35557
G1 X80.321 Y71.283 E2.36899
;WIDTH:0.404381
G1 X80.25 Y71.264 E2.37211
G1 X80.269 Y71.335 E2.37523
G1 X80.31 Y71.324 E2.37703
G1 X79.683 Y72.15 F7800
G1 F2664
G1 X79.642 Y72.161 E2.37883
G1 X79.623 Y72.09 E2.38195
G1 X79.694 Y72.109 E2.38507
;WIDTH:0.45
G1 X79.963 Y72.02 E2.3987
G1 X82.76 Y69.223 E2.58895
G1 X83.306 Y69.223 E2.61521
G1 X80.514 Y72.015 E2.80512
G1 X80.964 Y72.11 E2.82724
G1 X83.851 Y69.223 E3.02361
G1 X84.189 Y69.223 E3.03987
;WIDTH:0.404381
G1 X84.16 Y69.125 E3.0442
;WIDTH:0.45
G1 X84.062 Y69.557 E3.06551
G1 X84.062 Y72.015 E3.18373
G1 X82.454 Y72.015 E3.26107
G1 X82.043 Y72.085 E3.28112
G1 X81.848 Y72.218 E3.29247
;WIDTH:0.413697
G1 X81.653 Y72.351 E3.30275
;WIDTH:0.377394
G1 X81.481 Y72.557 E3.31323
;WIDTH:0.375117
G1 X81.252 Y72.315 E3.32614
G1 X81.381 Y72.184 E3.33327
;WIDTH:0.412111
G1 X81.576 Y72.017 E3.3444
;WIDTH:0.45
G1 X81.77 Y71.849 E3.35674
G1 X83.926 Y69.693 E3.50339
G1 X83.606 Y70.659 F7800
;WIDTH:0.591404
G1 F2664
G1 X83.606 Y71.558 E3.56248
G1 X82.706 Y71.558 E3.62164
G1 X83.47 Y70.795 E3.69262
;LAYER_CHANGE
;Z:2.75
;HEIGHT:0.3
G1 E1.69262 F2400
G92 E0
G1 Z2.75 F7800
G92 E0
G1 X86.836 Y115.354
G1 E2 F2400
;TYPE:Perimeter
;WIDTH:0.45
G1 F1800
G1 X87.067 Y115.526 E2.01385
G1 X87.51 Y115.634 E2.03578
G1 X89.214 Y115.634 E2.11774
G1 X89.221 Y117.698 E2.21701
G1 X89.296 Y118.068 E2.23517
G1 X89.608 Y118.467 E2.25953
G1 X90.185 Y118.649 E2.28863
;WIDTH:0.429703
G1 X93.317 Y118.649 E2.43134
;WIDTH:0.45
G1 X98.407 Y118.649 E2.67615
;WIDTH:0.429702
G1 X99.808 Y118.649 E2.73999
G1 X99.808 Y118.831 E2.74828
G1 X99.809 Y119.014 E2.75662
G1 X98.407 Y119.014 E2.8205
;WIDTH:0.438315
G1 X98.241 Y119.024 E2.82826
;WIDTH:0.45
G1 X97.827 Y119.198 E2.84986
G1 X97.182 Y119.683 E2.88867
G1 X96.762 Y119.931 E2.91213
G1 X96.404 Y120.082 E2.93082
G1 X96.091 Y120.159 E2.94632
G1 X95.786 Y120.174 E2.96101
G1 X95.446 Y120.12 E2.97757
G1 X95.033 Y119.967 E2.99875
G1 X94.663 Y119.765 E3.01903
G1 X93.948 Y119.239 E3.06172
G1 X93.317 Y119.014 E3.09394
;WIDTH:0.429703
G1 X90.185 Y119.014 E3.23665
;WIDTH:0.45
G1 X85.397 Y119.004 E3.46694
G1 X85.397 Y115.634 E3.62903
G1 X85.574 Y115.634 E3.63754
G1 X86.016 Y115.526 E3.65942
G1 X86.267 Y115.34 E3.67445
;WIDTH:0.464917
G1 X86.542 Y114.754 E3.70679
G1 X86.801 Y115.307 E3.7373
G1 X86.542 Y114.133 F7800
G1 F1800
G1 X86.542 Y114.754 E3.76832
G1 X87.107 Y115.082 F7800
;WIDTH:0.45
G1 F3020
G1 X87.244 Y115.184 E3.77653
G1 X87.51 Y115.248 E3.78969
G1 X89.598 Y115.248 E3.89012
G1 X89.606 Y117.697 E4.00791
G1 X89.651 Y117.919 E4.0188
G1 X89.838 Y118.158 E4.0334
G1 X90.185 Y118.273 E4.05098
G1 X100.184 Y118.273 E4.5319
G1 X100.184 Y118.831 E4.55874
G1 X100.184 Y119.389 E4.58558
G1 X98.407 Y119.389 E4.67105
G1 X98.059 Y119.506 E4.68871
G1 X97.415 Y119.991 E4.72749
G1 X96.955 Y120.265 E4.75324
G1 X96.548 Y120.44 E4.77455
G1 X96.169 Y120.536 E4.79335
G1 X95.786 Y120.56 E4.81181
G1 X95.368 Y120.498 E4.83213
G1 X94.89 Y120.325 E4.85658
G1 X94.441 Y120.08 E4.88118
G1 X93.696 Y119.53 E4.92572
G1 X93.317 Y119.389 E4.94517
G1 X85.012 Y119.389 E5.34461
G1 X85.012 Y115.248 E5.54378
G1 X85.574 Y115.248 E5.57081
G1 X85.839 Y115.184 E5.58392
G1 X85.99 Y115.072 E5.59296
G1 X86.152 Y114.67 E5.61381
G1 X86.152 Y113.743 E5.6584
G1 X86.931 Y113.743 E5.69587
G1 X86.931 Y114.67 E5.74046
G1 X87.077 Y115.031 E5.75919
G1 X87.38 Y114.808 F7800
;TYPE:External perimeter
G1 F1800
G1 X87.51 Y114.862 E5.76596
G1 X89.983 Y114.862 E5.8849
G1 X89.992 Y117.695 E6.02116
G1 X90.069 Y117.849 E6.02944
G1 X90.185 Y117.887 E6.03531
G1 X100.569 Y117.887 E6.53474
G1 X100.57 Y118.831 E6.58014
G1 X100.57 Y119.775 E6.62554
G1 X98.407 Y119.775 E6.72957
G1 X98.291 Y119.814 E6.73546
G1 X97.647 Y120.299 E6.77424
G1 X97.148 Y120.599 E6.80224
G1 X96.692 Y120.798 E6.82617
G1 X96.247 Y120.914 E6.84829
G1 X95.786 Y120.945 E6.87051
G1 X95.158 Y120.848 E6.90107
G1 X94.664 Y120.65 E6.92667
G1 X94.219 Y120.395 E6.95134
G1 X93.444 Y119.822 E6.9977
G1 X93.317 Y119.775 E7.00421
G1 X84.626 Y119.775 E7.42222
G1 X84.626 Y114.862 E7.65852
G1 X85.574 Y114.862 E7.70412
G1 X85.713 Y114.804 E7.71136
G1 X85.767 Y114.67 E7.71831
G1 X85.767 Y113.357 E7.78146
G1 X87.317 Y113.358 E7.85601
G1 X87.317 Y114.67 E7.91911
G1 X87.352 Y114.757 E7.92362
G1 X87.74 Y114.855 F7800
G1 E5.92362 F2400
G92 E0
G1 X85.718 Y118.61 F7800
G1 E2 F2400
;TYPE:Solid infill
;WIDTH:0.543559
G1 F3000
G1 X85.675 Y118.652 E2.00359
G1 X85.691 Y118.71 E2.00719
G1 X85.749 Y118.726 E2.01079
G1 X85.791 Y118.683 E2.01438
G1 X85.776 Y118.625 E2.01796
;WIDTH:0.45
G1 X86.392 Y118.715 E2.0479
G1 X85.686 Y118.009 E2.09592
G1 X85.686 Y117.464 E2.12213
G1 X86.937 Y118.715 E2.20722
G1 X87.482 Y118.715 E2.23343
G1 X85.686 Y116.919 E2.35559
G1 X85.686 Y116.373 E2.38185
G1 X88.028 Y118.715 E2.54115
G1 X88.573 Y118.715 E2.56736
G1 X85.743 Y115.885 E2.75985
G1 X86.172 Y115.768 E2.78124
G1 X89.118 Y118.715 E2.98166
G1 X89.533 Y118.759 E3.00173
;WIDTH:0.404381
G1 X89.474 Y118.632 E3.00767
G1 X89.088 Y118.195 E3.0324
G1 E1.0324 F2400
G92 E0
G1 X86.99 Y115.978 F7800
G1 E2 F2400
;WIDTH:0.539261
G1 F3000
G1 X87.096 Y116.115 E2.01026
;WIDTH:0.49463
G1 X87.201 Y116.252 E2.01952
;WIDTH:0.45
G1 X88.767 Y117.818 E2.12604
G1 X89.051 Y118.133 E2.14644
G1 X88.931 Y117.689 E2.16856
G1 X88.926 Y115.922 E2.25355
G1 X87.345 Y115.909 E2.32959
;WIDTH:0.496341
G1 X87.188 Y115.881 E2.33818
;WIDTH:0.542683
G1 X87.03 Y115.853 E2.34775
;WIDTH:0.589025
G1 X86.873 Y115.825 E2.35819
G1 X86.542 Y115.524 E2.38747
G1 X87.824 Y116.311 F7800
;WIDTH:0.475275
G1 F3000
G1 X88.529 Y116.317 E2.4236
G1 X88.531 Y117.019 E2.45958
G1 X87.96 Y116.448 E2.50096
G1 E.50096 F2400
G92 E0
G1 X94.039 Y118.961 F7800
G1 E2 F2400
;WIDTH:0.45
G1 F3000
G1 X96.836 Y118.94 E2.13453
G1 X97.652 Y118.951 E2.17378
G1 X97.656 Y118.964 E2.17443
G1 X97.009 Y119.452 E2.21341
G1 X96.618 Y119.68 E2.23518
G1 X96.259 Y119.829 E2.25387
G1 X95.786 Y119.885 E2.27678
G1 X95.422 Y119.807 E2.29468
G1 X94.816 Y119.518 E2.32697
G1 X94.196 Y119.074 E2.36365
G1 X95.786 Y119.414 F7800
;WIDTH:0.620865
G1 F3000
G1 X95.938 Y119.414 E2.3742
G1 E.3742 F2400
G92 E0
G1 X86.838 Y102.644 F7800
G1 E2 F2400
;TYPE:Perimeter
;WIDTH:0.45
G1 F1800
G1 X86.817 Y102.66 E2.00127
;WIDTH:0.457525
G1 X86.542 Y103.33 E2.03678
G1 X86.267 Y102.66 E2.07229
;WIDTH:0.45
G1 X86.016 Y102.474 E2.08732
G1 X85.574 Y102.366 E2.1092
G1 X85.397 Y102.366 E2.11771
G1 X85.397 Y98.996 E2.2798
G1 X90.185 Y98.986 E2.51009
;WIDTH:0.429704
G1 X93.317 Y98.986 E2.6528
;WIDTH:0.438316
G1 X93.483 Y98.976 E2.66056
;WIDTH:0.45
G1 X93.889 Y98.808 E2.68169
G1 X94.735 Y98.192 E2.73202
G1 X95.32 Y97.918 E2.76309
G1 X95.633 Y97.841 E2.77859
G1 X95.939 Y97.826 E2.79333
G1 X96.278 Y97.88 E2.80984
G1 X96.721 Y98.045 E2.83258
G1 X97.187 Y98.318 E2.85856
G1 X97.776 Y98.761 E2.89401
G1 X98.407 Y98.986 E2.92623
;WIDTH:0.429703
G1 X99.809 Y98.986 E2.99011
G1 X99.808 Y99.169 E2.99845
G1 X99.808 Y99.351 E3.00674
G1 X98.407 Y99.351 E3.07058
;WIDTH:0.45
G1 X93.317 Y99.351 E3.31539
;WIDTH:0.429704
G1 X90.185 Y99.351 E3.4581
;WIDTH:0.438316
G1 X90.019 Y99.362 E3.46586
;WIDTH:0.45
G1 X89.608 Y99.533 E3.48727
G1 X89.296 Y99.932 E3.51163
G1 X89.221 Y100.302 E3.52979
G1 X89.214 Y102.366 E3.62906
G1 X87.51 Y102.366 E3.71102
G1 X87.067 Y102.474 E3.73295
G1 X86.886 Y102.608 E3.74378
G1 X86.542 Y103.693 F7800
;WIDTH:0.457525
G1 F1800
G1 X86.542 Y103.33 E3.76158
G1 X87.107 Y102.918 F7800
;WIDTH:0.45
G1 F3020
G1 X87.094 Y102.928 E3.76237
G1 X86.931 Y103.33 E3.78323
G1 X86.931 Y104.082 E3.8194
G1 X86.152 Y104.082 E3.85687
G1 X86.152 Y103.33 E3.89304
G1 X85.99 Y102.928 E3.91389
G1 X85.839 Y102.816 E3.92293
G1 X85.574 Y102.752 E3.93604
G1 X85.012 Y102.752 E3.96307
G1 X85.012 Y98.611 E4.16224
G1 X93.317 Y98.611 E4.56168
G1 X93.661 Y98.498 E4.57909
G1 X94.549 Y97.854 E4.63185
G1 X95.176 Y97.56 E4.66516
G1 X95.555 Y97.464 E4.68396
G1 X95.939 Y97.44 E4.70247
G1 X96.454 Y97.522 E4.72755
G1 X96.955 Y97.735 E4.75373
G1 X97.412 Y98.004 E4.77924
G1 X98.028 Y98.47 E4.81639
G1 X98.407 Y98.611 E4.83584
G1 X100.184 Y98.611 E4.92131
G1 X100.184 Y99.169 E4.94815
G1 X100.184 Y99.727 E4.97499
G1 X90.185 Y99.727 E5.45591
G1 X89.838 Y99.842 E5.47349
G1 X89.651 Y100.081 E5.48809
G1 X89.606 Y100.303 E5.49898
G1 X89.598 Y102.752 E5.61677
G1 X87.534 Y102.752 E5.71604
G1 X87.244 Y102.816 E5.73032
G1 X87.155 Y102.883 E5.73568
G1 X87.389 Y103.212 F7800
;TYPE:External perimeter
G1 F1800
G1 X87.317 Y103.33 E5.74233
G1 X87.317 Y104.467 E5.79702
G1 X85.767 Y104.468 E5.87157
G1 X85.767 Y103.33 E5.9263
G1 X85.713 Y103.196 E5.93325
G1 X85.574 Y103.137 E5.94051
G1 X84.626 Y103.137 E5.98611
G1 X84.626 Y98.225 E6.22236
G1 X93.317 Y98.225 E6.64037
G1 X93.432 Y98.187 E6.6462
G1 X94.363 Y97.517 E6.70137
G1 X95.033 Y97.202 E6.73698
G1 X95.477 Y97.086 E6.75905
G1 X95.939 Y97.055 E6.78132
G1 X96.566 Y97.152 E6.81184
G1 X97.148 Y97.401 E6.84229
G1 X97.637 Y97.691 E6.86963
G1 X98.281 Y98.178 E6.90846
G1 X98.407 Y98.225 E6.91493
G1 X100.57 Y98.225 E7.01896
G1 X100.57 Y99.169 E7.06436
G1 X100.569 Y100.112 E7.10972
G1 X90.185 Y100.112 E7.60915
G1 X90.069 Y100.151 E7.61504
G1 X89.992 Y100.305 E7.62332
G1 X89.983 Y103.137 E7.75953
G1 X87.534 Y103.137 E7.87732
G1 X87.421 Y103.159 E7.88286
G1 X87.327 Y103.548 F7800
G1 E5.88286 F2400
G92 E0
G1 X85.686 Y99.478 F7800
G1 E2 F2400
;TYPE:Solid infill
G1 F3000
G1 X85.686 Y102.102 E2.12621
G1 X86.177 Y102.236 E2.15069
G1 X86.505 Y102.515 E2.1714
G1 X86.542 Y102.606 E2.17612
G1 X86.643 Y102.432 E2.1858
G1 X86.964 Y102.206 E2.20468
G1 X87.345 Y102.091 E2.22382
G1 X88.926 Y102.078 E2.29986
G1 X88.931 Y100.311 E2.38485
G1 X89.056 Y99.78 E2.41109
G1 X89.451 Y99.275 E2.44193
G1 X85.686 Y99.285 E2.62301
G1 X86.072 Y99.67 E2.64923
G1 X88.697 Y99.663 E2.77548
G1 X88.641 Y99.783 E2.78185
G1 X88.546 Y100.31 E2.80761
G1 X88.541 Y101.695 E2.87422
G1 X87.342 Y101.705 E2.93189
G1 X86.844 Y101.839 E2.95669
G1 X86.542 Y102.027 E2.9738
G1 X86.408 Y101.927 E2.98184
G1 X86.072 Y101.798 E2.99915
G1 X86.072 Y99.863 E3.09222
G1 X86.458 Y100.054 E3.11293
G1 X88.194 Y100.05 E3.19643
G1 X88.16 Y100.308 E3.20895
G1 X88.157 Y101.313 E3.25729
G1 X87.531 Y101.318 E3.2874
G1 X87.047 Y101.367 E3.3108
G1 X86.541 Y101.557 E3.3368
G1 X86.458 Y101.517 E3.34123
G1 X86.458 Y100.247 E3.40231
G1 X86.876 Y100.471 E3.42512
;WIDTH:0.514496
G1 X87.747 Y100.464 E3.47402
;WIDTH:0.504819
G1 X87.745 Y100.903 E3.49814
;WIDTH:0.50535
G1 X87.336 Y100.906 E3.52064
;WIDTH:0.514496
G1 X86.876 Y100.984 E3.54683
G1 X86.876 Y100.664 E3.5648
G1 E1.5648 F2400
G92 E0
G1 X94.068 Y99.036 F7800
G1 E2 F2400
;WIDTH:0.45
G1 F3000
G1 X94.851 Y98.459 E2.04678
G1 X95.422 Y98.193 E2.07708
G1 X95.657 Y98.132 E2.08876
G1 X96.205 Y98.168 E2.11517
G1 X96.568 Y98.295 E2.13367
G1 X97.02 Y98.554 E2.15873
G1 X97.685 Y99.039 E2.19832
G1 X97.559 Y99.052 E2.20441
G1 X94.249 Y99.062 E2.36361
G1 X95.751 Y98.59 F7800
;WIDTH:0.613815
G1 F3000
G1 X96.158 Y98.611 E2.39154
G1 E.39154 F2400
G92 E0
G92 E0
G1 X81.187 Y85.293 F7800
G1 E2 F2400
;TYPE:Perimeter
;WIDTH:0.45
G1 F1800
G1 X81.2 Y85.284 E2.00076
;WIDTH:0.464917
G1 X81.481 Y84.692 E2.0335
G1 X81.762 Y85.284 E2.06624
;WIDTH:0.45
G1 X82.092 Y85.503 E2.08529
G1 X82.449 Y85.571 E2.10277
G1 X84.149 Y85.571 E2.18453
G1 X84.149 Y87.256 E2.26557
G1 X84.149 Y88.941 E2.34661
G1 X80.337 Y88.941 E2.52995
G1 X80.337 Y86.88 E2.62908
G1 X80.276 Y86.543 E2.64555
G1 X80.146 Y86.304 E2.65864
G1 X79.373 Y85.926 E2.70003
;WIDTH:0.429703
G1 X69.855 Y85.926 E3.13372
G1 X69.855 Y85.561 E3.15035
G1 X79.373 Y85.561 E3.58404
;WIDTH:0.45
G1 X80.513 Y85.571 E3.63887
G1 X80.782 Y85.533 E3.65194
G1 X80.949 Y85.467 E3.66058
G1 X81.139 Y85.328 E3.6719
G1 X81.481 Y84.07 F7800
;WIDTH:0.464917
G1 F1800
G1 X81.481 Y84.692 E3.70297
G1 X80.912 Y85.021 F7800
;WIDTH:0.45
G1 F1800
G1 X80.925 Y85.013 E3.7037
G1 X81.092 Y84.607 E3.72481
G1 X81.092 Y83.681 E3.76935
G1 X81.871 Y83.681 E3.80682
G1 X81.871 Y84.607 E3.85136
G1 X82.037 Y85.013 E3.87246
G1 X82.187 Y85.123 E3.88141
G1 X82.449 Y85.186 E3.89437
G1 X84.535 Y85.186 E3.9947
G1 X84.535 Y87.256 E4.09426
G1 X84.535 Y89.327 E4.19387
G1 X79.951 Y89.327 E4.41434
G1 X79.949 Y86.833 E4.53429
G1 X79.837 Y86.535 E4.5496
G1 X79.373 Y86.302 E4.57457
G1 X69.48 Y86.302 E5.05039
G1 X69.48 Y85.186 E5.10407
G1 X80.513 Y85.186 E5.63472
G1 X80.675 Y85.163 E5.64259
G1 X80.86 Y85.052 E5.65297
G1 X80.643 Y84.746 F7800
;TYPE:External perimeter
G1 F1800
G1 X80.651 Y84.743 E5.65338
G1 X80.706 Y84.607 E5.66044
G1 X80.706 Y83.295 E5.72354
G1 X82.256 Y83.295 E5.79809
G1 X82.256 Y84.607 E5.86119
G1 X82.312 Y84.743 E5.86826
G1 X82.449 Y84.8 E5.8754
G1 X84.92 Y84.8 E5.99425
G1 X84.92 Y87.256 E6.11238
G1 X84.92 Y89.712 E6.23051
G1 X79.566 Y89.712 E6.48802
G1 X79.553 Y86.813 E6.62745
G1 X79.373 Y86.687 E6.63802
G1 X69.094 Y86.687 E7.1324
G1 X69.094 Y84.8 E7.22316
G1 X80.513 Y84.8 E7.77237
G1 X80.588 Y84.769 E7.77627
G1 X80.699 Y84.385 F7800
G1 X79.882 Y85.864
;TYPE:Solid infill
G1 F3000
G1 X80.369 Y85.858 E7.79969
G1 X80.838 Y85.815 E7.82234
G1 X81.061 Y85.733 E7.83377
G1 X81.374 Y85.512 E7.8522
G1 X81.481 Y85.338 E7.86202
G1 X81.527 Y85.437 E7.86727
G1 X81.859 Y85.709 E7.88791
G1 X82.223 Y85.837 E7.90647
G1 X83.86 Y85.86 E7.98521
G1 X83.86 Y88.652 E8.1195
G1 X80.626 Y88.652 E8.27504
G1 X80.626 Y86.999 E8.35454
G1 X80.556 Y86.477 E8.37987
G1 X80.376 Y86.136 E8.39842
G1 X80.051 Y85.957 E8.41627
G1 X80.874 Y86.234 F7800
G1 F3000
G1 X81.202 Y86.092 E8.43346
G1 X81.481 Y85.911 E8.44946
G1 X81.632 Y86.021 E8.45845
G1 X82.104 Y86.204 E8.4828
G1 X82.466 Y86.234 E8.50027
G1 X83.474 Y86.242 E8.54875
G1 X83.474 Y88.266 E8.6461
G1 X81.012 Y88.266 E8.76451
G1 X81.003 Y86.782 E8.83589
G1 X80.918 Y86.422 E8.85368
G1 X81.337 Y86.463 E8.87393
G1 X81.481 Y86.379 E8.88195
G1 X81.985 Y86.571 E8.90789
G1 X82.463 Y86.619 E8.931
G1 X83.088 Y86.625 E8.96106
G1 X83.088 Y87.881 E9.02147
G1 X81.397 Y87.881 E9.1028
G1 X81.397 Y86.999 E9.14522
G1 X81.359 Y86.654 E9.16191
G1 X81.814 Y86.954 E9.18812
;WIDTH:0.512333
G1 X82.072 Y87.019 E9.20299
G1 X82.46 Y87.031 E9.22468
;WIDTH:0.502272
G1 X82.677 Y87.033 E9.23653
G1 X82.677 Y87.469 E9.26034
G1 X82.458 Y87.469 E9.2723
;WIDTH:0.512333
G1 X81.814 Y87.464 E9.30828
G1 X81.814 Y87.147 E9.32599
G1 E7.32599 F2400
G92 E0
G1 X81.208 Y72.611 F7800
G1 E2 F2400
;TYPE:Perimeter
;WIDTH:0.457525
G1 F1800
G1 X81.2 Y72.591 E2.00106
;WIDTH:0.45
G1 X80.949 Y72.408 E2.016
G1 X80.782 Y72.342 E2.02464
G1 X80.513 Y72.304 E2.03771
G1 X79.373 Y72.314 E2.09254
;WIDTH:0.429704
G1 X69.855 Y72.314 E2.52623
G1 X69.855 Y71.949 E2.54286
G1 X79.373 Y71.949 E2.97655
;WIDTH:0.438316
G1 X79.538 Y71.938 E2.98426
;WIDTH:0.45
G1 X80.146 Y71.571 E3.01842
G1 X80.276 Y71.332 E3.03151
G1 X80.337 Y70.995 E3.04798
G1 X80.337 Y68.934 E3.14711
G1 X84.149 Y68.934 E3.33045
G1 X84.149 Y70.619 E3.41149
G1 X84.149 Y72.304 E3.49253
G1 X82.464 Y72.304 E3.57357
G1 X82.092 Y72.372 E3.59176
G1 X81.762 Y72.591 E3.61081
;WIDTH:0.457525
G1 X81.481 Y73.268 E3.64675
G1 X81.231 Y72.667 E3.67867
G1 X81.481 Y73.63 F7800
G1 F1800
G1 X81.481 Y73.268 E3.69642
G1 X80.931 Y72.875 F7800
;WIDTH:0.45
G1 F1800
G1 X80.925 Y72.862 E3.69711
G1 X80.775 Y72.752 E3.70606
G1 X80.513 Y72.689 E3.71902
G1 X69.48 Y72.689 E4.24967
G1 X69.48 Y71.573 E4.30335
G1 X79.473 Y71.564 E4.78398
G1 X79.837 Y71.34 E4.80454
G1 X79.915 Y71.197 E4.81237
G1 X79.951 Y70.995 E4.82224
G1 X79.951 Y68.548 E4.93993
G1 X84.535 Y68.548 E5.1604
G1 X84.535 Y70.619 E5.26001
G1 X84.535 Y72.689 E5.35957
G1 X82.464 Y72.689 E5.45918
G1 X82.279 Y72.715 E5.46817
G1 X82.037 Y72.862 E5.48179
G1 X81.871 Y73.268 E5.50289
G1 X81.871 Y74.019 E5.53901
G1 X81.092 Y74.019 E5.57648
G1 X81.092 Y73.268 E5.6126
G1 X80.953 Y72.93 E5.63018
G1 X80.643 Y73.129 F7800
;TYPE:External perimeter
G1 F1800
G1 X80.513 Y73.075 E5.63695
G1 X69.094 Y73.075 E6.18616
G1 X69.094 Y71.187 E6.27697
G1 X79.373 Y71.187 E6.77135
G1 X79.527 Y71.11 E6.77963
G1 X79.566 Y70.995 E6.78547
G1 X79.566 Y68.162 E6.92173
G1 X84.92 Y68.162 E7.17924
G1 X84.92 Y70.619 E7.29741
G1 X84.92 Y73.075 E7.41554
G1 X82.464 Y73.075 E7.53367
G1 X82.362 Y73.096 E7.53868
G1 X82.256 Y73.268 E7.5484
G1 X82.256 Y74.405 E7.60309
G1 X80.706 Y74.405 E7.67764
G1 X80.706 Y73.268 E7.73233
G1 X80.67 Y73.18 E7.7369
G1 X80.283 Y73.082 F7800
G1 X79.98 Y72.007
;TYPE:Solid infill
G1 F3000
G1 X80.327 Y71.782 E7.75679
G1 X80.536 Y71.456 E7.77542
G1 X80.626 Y70.991 E7.7982
G1 X80.626 Y69.223 E7.88323
G1 X83.86 Y69.223 E8.03877
G1 X83.86 Y72.015 E8.17306
G1 X82.453 Y72.015 E8.24073
G1 X81.966 Y72.116 E8.26465
G1 X81.59 Y72.362 E8.28626
G1 X81.481 Y72.553 E8.29684
G1 X81.437 Y72.444 E8.30249
G1 X81.103 Y72.166 E8.32339
G1 X80.945 Y72.096 E8.3317
G1 X80.505 Y72.015 E8.35322
G1 X80.173 Y72.01 E8.36919
G1 X80.857 Y71.673 E8.40586
G1 X80.925 Y71.515 E8.41413
G1 X81.012 Y70.991 E8.43968
G1 X81.012 Y69.609 E8.50615
G1 X83.474 Y69.609 E8.62456
G1 X83.474 Y71.629 E8.72171
G1 X82.464 Y71.629 E8.77029
G1 X82.195 Y71.661 E8.78332
G1 X81.822 Y71.758 E8.80186
G1 X81.481 Y71.964 E8.82102
G1 X81.25 Y71.804 E8.83454
G1 X81.039 Y71.734 E8.84523
G1 X81.344 Y71.425 E8.86611
G1 X81.397 Y70.991 E8.88714
G1 X81.397 Y69.994 E8.93509
G1 X83.088 Y69.994 E9.01642
G1 X83.088 Y71.243 E9.07649
G1 X82.453 Y71.243 E9.10703
G1 X81.858 Y71.332 E9.13597
G1 X81.516 Y71.48 E9.15389
G1 X81.817 Y70.912 E9.18481
;WIDTH:0.517737
G1 X81.817 Y70.414 E9.21297
G1 X82.68 Y70.403 E9.26177
;WIDTH:0.496141
G1 X82.68 Y70.835 E9.28503
G1 X82.453 Y70.835 E9.29725
;WIDTH:0.511237
G1 X82.008 Y70.889 E9.32223
;LAYER_CHANGE
;Z:3.05
;HEIGHT:0.3
G1 E7.32223 F2400
G92 E0
G1 Z3.05 F7800
G92 E0
G1 X86.837 Y115.348
G1 E2 F2400
;TYPE:Perimeter
;WIDTH:0.45
G1 F1800
G1 X87.03 Y115.506 E2.012
G1 X87.51 Y115.634 E2.03589
G1 X89.046 Y115.634 E2.10977
G1 X89.039 Y117.691 E2.20871
G1 X89.112 Y118.063 E2.22694
G1 X89.423 Y118.465 E2.25139
G1 X90.003 Y118.649 E2.28066
;WIDTH:0.429703
G1 X92.953 Y118.649 E2.41508
;WIDTH:0.45
G1 X98.771 Y118.649 E2.69491
;WIDTH:0.429702
G1 X100.009 Y118.649 E2.75132
G1 X100.009 Y118.832 E2.75966
;WIDTH:0.429701
G1 X100.009 Y119.014 E2.76795
G1 X98.771 Y119.014 E2.82436
;WIDTH:0.438315
G1 X98.606 Y119.024 E2.83207
;WIDTH:0.45
G1 X98.139 Y119.24 E2.85682
G1 X97.399 Y119.884 E2.904
G1 X96.861 Y120.256 E2.93546
G1 X96.373 Y120.482 E2.96133
G1 X96.019 Y120.582 E2.97902
G1 X95.516 Y120.544 E3.00328
G1 X95.025 Y120.344 E3.02878
G1 X94.332 Y119.89 E3.06863
G1 X93.585 Y119.24 E3.11626
G1 X92.953 Y119.014 E3.14854
;WIDTH:0.429703
G1 X90.003 Y119.014 E3.28296
;WIDTH:0.45
G1 X85.56 Y119.004 E3.49665
G1 X85.56 Y115.634 E3.65874
G1 X86.054 Y115.506 E3.68328
G1 X86.301 Y115.303 E3.69866
;WIDTH:0.464917
G1 X86.542 Y114.754 E3.72861
G1 X86.783 Y115.303 E3.75856
;WIDTH:0.45
G1 X86.791 Y115.31 E3.75907
G1 X86.542 Y114.397 F7800
;WIDTH:0.464917
G1 F1800
G1 X86.542 Y114.754 E3.7769
G1 X87.107 Y115.077 F7800
;WIDTH:0.45
G1 F3319
G1 X87.222 Y115.171 E3.78404
G1 X87.51 Y115.248 E3.79838
G1 X89.433 Y115.248 E3.89087
G1 X89.425 Y117.693 E4.00847
G1 X89.469 Y117.915 E4.01936
G1 X89.655 Y118.157 E4.03404
G1 X90.003 Y118.273 E4.05168
G1 X100.385 Y118.273 E4.55102
G1 X100.385 Y118.832 E4.57791
G1 X100.384 Y119.389 E4.6047
G1 X98.671 Y119.398 E4.68709
G1 X98.392 Y119.531 E4.70196
G1 X97.636 Y120.189 E4.75016
G1 X97.054 Y120.592 E4.78421
G1 X96.535 Y120.832 E4.81171
G1 X96.052 Y120.97 E4.83587
G1 X95.681 Y120.954 E4.85373
G1 X95.317 Y120.894 E4.87147
G1 X94.827 Y120.675 E4.89728
G1 X94.093 Y120.192 E4.93954
G1 X93.332 Y119.531 E4.98802
G1 X92.953 Y119.389 E5.00749
G1 X85.175 Y119.389 E5.38158
G1 X85.175 Y115.248 E5.58075
G1 X85.574 Y115.248 E5.59994
G1 X85.862 Y115.171 E5.61428
G1 X86.01 Y115.05 E5.62347
G1 X86.152 Y114.67 E5.64298
G1 X86.152 Y114.008 E5.67482
G1 X86.931 Y114.007 E5.71229
G1 X86.931 Y114.67 E5.74418
G1 X87.068 Y115.034 E5.76289
G1 X87.382 Y114.804 F7800
;TYPE:External perimeter
G1 F1800
G1 X87.51 Y114.862 E5.76965
G1 X89.82 Y114.862 E5.88075
G1 X89.81 Y117.694 E6.01696
G1 X89.887 Y117.849 E6.02528
G1 X90.003 Y117.887 E6.03115
G1 X100.772 Y117.887 E6.5491
G1 X100.77 Y118.833 E6.5946
G1 X100.769 Y119.775 E6.63991
G1 X98.771 Y119.775 E6.73601
G1 X98.645 Y119.822 E6.74248
G1 X97.873 Y120.494 E6.79171
G1 X97.246 Y120.927 E6.82836
G1 X96.522 Y121.263 E6.86675
G1 X96.085 Y121.357 E6.88825
G1 X95.664 Y121.339 E6.90852
G1 X95.199 Y121.263 E6.93118
G1 X94.733 Y121.068 E6.95548
G1 X94.29 Y120.802 E6.98033
G1 X93.853 Y120.495 E7.00602
G1 X93.079 Y119.822 E7.05535
G1 X92.953 Y119.775 E7.06182
G1 X84.789 Y119.775 E7.45448
G1 X84.789 Y114.862 E7.69078
G1 X85.574 Y114.862 E7.72854
G1 X85.719 Y114.796 E7.7362
G1 X85.767 Y114.67 E7.74269
G1 X85.767 Y113.623 E7.79305
G1 X87.317 Y113.621 E7.8676
G1 X87.317 Y114.67 E7.91805
G1 X87.35 Y114.758 E7.92257
G1 X87.738 Y114.855 F7800
G1 X86.542 Y115.449
;TYPE:Solid infill
G1 F3000
G1 X86.595 Y115.52 E7.92683
G1 X86.922 Y115.771 E7.94666
G1 X87.412 Y115.918 E7.97126
G1 X88.756 Y115.923 E8.0359
G1 X88.754 Y117.719 E8.12228
G1 X88.872 Y118.213 E8.14671
G1 X89.259 Y118.715 E8.1772
G1 X85.849 Y118.715 E8.34121
G1 X85.849 Y115.853 E8.47886
G1 X86.2 Y115.753 E8.49641
G1 X86.398 Y115.577 E8.50915
G1 X86.542 Y115.975 E8.52951
G1 X86.805 Y116.138 E8.54439
G1 X87.41 Y116.303 E8.57455
G1 X88.369 Y116.307 E8.62067
G1 X88.375 Y117.793 E8.69214
G1 X88.512 Y118.329 E8.71875
G1 X86.235 Y118.329 E8.82827
G1 X86.253 Y116.144 E8.93336
G1 X86.376 Y116.073 E8.94019
G1 X86.621 Y116.476 E8.96287
G1 X87.119 Y116.643 E8.98813
G1 X87.409 Y116.689 E9.00225
G1 X87.982 Y116.691 E9.02981
G1 X87.98 Y117.318 E9.05997
G1 X88.012 Y117.943 E9.09007
G1 X86.621 Y117.943 E9.15697
G1 X86.621 Y116.669 E9.21824
G1 X87.033 Y117.044 E9.24503
;WIDTH:0.502889
G1 X87.274 Y117.094 E9.25849
G1 X87.57 Y117.1 E9.27468
;WIDTH:0.499421
G1 X87.569 Y117.533 E9.29817
;WIDTH:0.502889
G1 X87.033 Y117.531 E9.32749
G1 X87.033 Y117.237 E9.34357
G1 E7.34357 F2400
G92 E0
G1 X93.804 Y118.948 F7800
G1 E2 F2400
;WIDTH:0.45
G1 F3000
G1 X98.052 Y118.938 E2.20431
G1 X98.044 Y118.974 E2.20608
G1 X97.938 Y119.031 E2.21187
G1 X97.221 Y119.655 E2.25759
G1 X96.717 Y120.004 E2.28708
G1 X96.252 Y120.22 E2.31174
G1 X96 Y120.291 E2.32433
G1 X95.511 Y120.244 E2.34796
G1 X95.168 Y120.089 E2.36606
G1 X94.488 Y119.642 E2.4052
G1 X93.715 Y118.998 E2.45359
G1 E.45359 F2400
G92 E0
G1 X95.767 Y119.374 F7800
G1 E2 F2400
;WIDTH:0.539815
G1 F3000
G1 X94.842 Y119.37 E2.05485
;WIDTH:0.528162
G1 X95.415 Y119.744 E2.09443
G1 X95.651 Y119.831 E2.10898
;WIDTH:0.542245
G1 X96.046 Y119.839 E2.13253
G1 X96.502 Y119.628 E2.16248
G1 X96.871 Y119.372 E2.18925
G1 X95.96 Y119.374 E2.24355
G1 E.24355 F2400
G92 E0
G1 X86.838 Y102.651 F7800
G1 E2 F2400
;TYPE:Perimeter
;WIDTH:0.45
G1 F1800
G1 X86.783 Y102.697 E2.00345
;WIDTH:0.457525
G1 X86.542 Y103.33 E2.03666
G1 X86.301 Y102.697 E2.06987
;WIDTH:0.45
G1 X86.054 Y102.494 E2.08525
G1 X85.56 Y102.366 E2.10979
G1 X85.56 Y98.996 E2.27188
G1 X90.003 Y98.986 E2.48557
;WIDTH:0.429704
G1 X92.953 Y98.986 E2.61999
;WIDTH:0.438316
G1 X93.118 Y98.976 E2.6277
;WIDTH:0.45
G1 X93.585 Y98.76 E2.65245
G1 X94.316 Y98.125 E2.69902
G1 X95.028 Y97.661 E2.73989
G1 X95.43 Y97.477 E2.76115
G1 X95.857 Y97.413 E2.78192
G1 X96.335 Y97.505 E2.80533
G1 X96.852 Y97.738 E2.8326
G1 X97.399 Y98.116 E2.86458
G1 X98.139 Y98.76 E2.91176
G1 X98.771 Y98.986 E2.94404
;WIDTH:0.429704
G1 X100.009 Y98.986 E3.00045
G1 X100.009 Y99.168 E3.00874
;WIDTH:0.429702
G1 X100.009 Y99.351 E3.01708
G1 X98.771 Y99.351 E3.07349
;WIDTH:0.45
G1 X92.953 Y99.351 E3.35332
;WIDTH:0.429704
G1 X90.003 Y99.351 E3.48774
;WIDTH:0.438316
G1 X89.838 Y99.362 E3.49545
;WIDTH:0.45
G1 X89.423 Y99.535 E3.51707
G1 X89.112 Y99.937 E3.54152
G1 X89.039 Y100.309 E3.55975
G1 X89.046 Y102.366 E3.65869
G1 X87.51 Y102.366 E3.73257
G1 X87.03 Y102.494 E3.75646
G1 X86.885 Y102.613 E3.76548
G1 X87.107 Y102.923 F7800
G1 F3319
G1 X87.074 Y102.95 E3.76753
G1 X86.931 Y103.33 E3.78706
G1 X86.931 Y103.818 E3.81053
G1 X86.152 Y103.817 E3.848
G1 X86.152 Y103.33 E3.87142
G1 X86.01 Y102.95 E3.89093
G1 X85.862 Y102.829 E3.90012
G1 X85.574 Y102.752 E3.91446
G1 X85.175 Y102.752 E3.93365
G1 X85.175 Y98.611 E4.13282
G1 X93.053 Y98.602 E4.51172
G1 X93.332 Y98.469 E4.52659
G1 X94.144 Y97.776 E4.57793
G1 X95.026 Y97.227 E4.6279
G1 X95.544 Y97.058 E4.65411
G1 X96.028 Y97.028 E4.67743
G1 X96.563 Y97.165 E4.70399
G1 X97.048 Y97.405 E4.73002
G1 X97.636 Y97.811 E4.76439
G1 X98.392 Y98.469 E4.81259
G1 X98.771 Y98.611 E4.83206
G1 X100.384 Y98.611 E4.90964
G1 X100.385 Y99.168 E4.93643
G1 X100.385 Y99.727 E4.96332
G1 X90.003 Y99.727 E5.46266
G1 X89.655 Y99.843 E5.4803
G1 X89.469 Y100.085 E5.49498
G1 X89.425 Y100.307 E5.50587
G1 X89.433 Y102.752 E5.62347
G1 X87.51 Y102.752 E5.71596
G1 X87.222 Y102.829 E5.7303
G1 X87.153 Y102.885 E5.73457
G1 X87.387 Y103.21 F7800
;TYPE:External perimeter
G1 F1800
G1 X87.317 Y103.33 E5.74125
G1 X87.317 Y104.204 E5.78329
G1 X85.767 Y104.202 E5.85784
G1 X85.767 Y103.428 E5.89507
G1 X85.719 Y103.204 E5.90609
G1 X85.574 Y103.137 E5.91377
G1 X84.789 Y103.137 E5.95153
G1 X84.789 Y98.225 E6.18778
G1 X92.953 Y98.225 E6.58044
G1 X93.079 Y98.178 E6.58691
G1 X93.85 Y97.508 E6.63604
G1 X94.607 Y97.014 E6.67952
G1 X95.051 Y96.799 E6.70325
G1 X95.643 Y96.642 E6.73271
G1 X96.077 Y96.642 E6.75358
G1 X96.697 Y96.802 E6.78438
G1 X97.244 Y97.071 E6.8137
G1 X97.873 Y97.506 E6.85048
G1 X98.645 Y98.178 E6.89971
G1 X98.771 Y98.225 E6.90618
G1 X100.769 Y98.225 E7.00228
G1 X100.77 Y99.167 E7.04759
G1 X100.772 Y100.112 E7.09304
G1 X90.003 Y100.112 E7.61099
G1 X89.887 Y100.151 E7.61688
G1 X89.81 Y100.306 E7.6252
G1 X89.82 Y103.137 E7.76136
G1 X87.51 Y103.137 E7.87246
G1 X87.419 Y103.162 E7.877
G1 X87.326 Y103.551 F7800
G1 E5.877 F2400
G92 E0
G1 X85.954 Y99.316 F7800
G1 E2 F2400
;TYPE:Solid infill
;WIDTH:0.543963
G1 F3000
G1 X85.912 Y99.274 E2.00355
G1 X85.854 Y99.29 E2.00715
G1 X85.839 Y99.348 E2.01073
G1 X85.881 Y99.39 E2.01428
G1 X85.939 Y99.374 E2.01788
;WIDTH:0.45
G1 X85.849 Y99.991 E2.04787
G1 X86.557 Y99.283 E2.09603
G1 X86.735 Y99.148 E2.10677
;WIDTH:0.404381
G1 X86.694 Y99.159 E2.10857
G1 X86.675 Y99.088 E2.11169
G1 X86.746 Y99.107 E2.11481
;WIDTH:0.45
G1 X87.104 Y99.282 E2.13398
G1 X85.849 Y100.536 E2.21931
G1 X85.849 Y101.081 E2.24552
G1 X87.651 Y99.28 E2.36806
G1 X88.198 Y99.278 E2.39437
G1 X85.849 Y101.627 E2.55415
G1 X85.869 Y102.152 E2.57942
G1 X88.745 Y99.277 E2.77501
G1 X89.47 Y99.185 E2.81016
;WIDTH:0.404381
G1 X89.399 Y99.166 E2.81328
G1 X89.418 Y99.237 E2.8164
G1 X89.459 Y99.226 E2.8182
;WIDTH:0.45
G1 X89.184 Y99.383 E2.83343
G1 X86.268 Y102.299 E3.03177
G1 X86.542 Y102.546 E3.04951
;WIDTH:0.457281
G1 X86.856 Y102.261 E3.07029
G1 E1.07029 F2400
G92 E0
G1 X88.614 Y100.499 F7800
G1 E2 F2400
;WIDTH:0.45
G1 F3000
G1 X87.228 Y101.885 E2.09427
;WIDTH:0.457281
G1 X86.856 Y102.261 E2.12019
G1 X87.354 Y102.092 E2.14596
;WIDTH:0.45
G1 X88.756 Y102.077 E2.2134
G1 X88.75 Y100.362 E2.29589
G1 X88.405 Y101.201 F7800
;WIDTH:0.375732
G1 F3000
G1 X88.406 Y101.73 E2.31643
G1 X87.873 Y101.732 E2.33713
G1 X88.268 Y101.337 E2.35882
G1 E.35882 F2400
G92 E0
G1 X95.852 Y97.705 F7800
G1 E2 F2400
;WIDTH:0.45
G1 F3000
G1 X96.25 Y97.787 E2.01954
G1 X96.74 Y98.012 E2.04547
G1 X97.237 Y98.359 E2.07462
G1 X98.054 Y99.039 E2.12574
G1 X93.672 Y99.062 E2.3365
G1 X94.49 Y98.356 E2.38847
G1 X95.186 Y97.903 E2.42841
G1 X95.435 Y97.788 E2.4416
G1 X95.663 Y97.743 E2.45278
G1 X95.798 Y98.15 E2.4734
;WIDTH:0.542399
G1 X96.164 Y98.21 E2.49551
G1 X96.476 Y98.356 E2.51605
G1 X96.864 Y98.623 E2.54413
G1 X95.69 Y98.631 E2.61413
;WIDTH:0.531929
G1 X94.847 Y98.633 E2.66329
G1 X95.419 Y98.261 E2.70308
G1 X95.599 Y98.181 E2.71457
;WIDTH:0.532361
G1 X95.608 Y98.18 E2.7151
G1 E.7151 F2400
G92 E0
G92 E0
G1 X81.186 Y85.288 F7800
G1 E2 F2400
;TYPE:Perimeter
;WIDTH:0.45
G1 F1800
G1 X81.226 Y85.256 E2.00246
;WIDTH:0.464917
G1 X81.481 Y84.692 E2.03338
G1 X81.736 Y85.256 E2.0643
;WIDTH:0.45
G1 X82.106 Y85.508 E2.08583
G1 X82.449 Y85.571 E2.1026
G1 X83.99 Y85.571 E2.17672
G1 X83.99 Y87.112 E2.25084
G1 X83.99 Y88.941 E2.33881
G1 X80.5 Y88.941 E2.50667
G1 X80.493 Y86.766 E2.61128
G1 X80.401 Y86.455 E2.62688
G1 X80.236 Y86.217 E2.64081
G1 X79.536 Y85.926 E2.67727
;WIDTH:0.429703
G1 X69.656 Y85.926 E3.12745
G1 X69.656 Y85.561 E3.14408
G1 X79.536 Y85.561 E3.59426
;WIDTH:0.45
G1 X80.513 Y85.571 E3.64125
G1 X80.8 Y85.528 E3.65521
G1 X80.977 Y85.452 E3.66447
G1 X81.139 Y85.325 E3.67437
G1 X81.481 Y84.333 F7800
;WIDTH:0.464917
G1 F1800
G1 X81.481 Y84.692 E3.6923
G1 X80.911 Y85.016 F7800
;WIDTH:0.45
G1 F1800
G1 X80.941 Y84.997 E3.69401
G1 X81.092 Y84.607 E3.71412
G1 X81.092 Y83.944 E3.74601
G1 X81.871 Y83.944 E3.78348
G1 X81.871 Y84.607 E3.81537
G1 X82.021 Y84.997 E3.83547
G1 X82.171 Y85.114 E3.84462
G1 X82.449 Y85.186 E3.85843
G1 X84.375 Y85.186 E3.95106
G1 X84.375 Y87.112 E4.04369
G1 X84.375 Y89.327 E4.15022
G1 X80.114 Y89.327 E4.35516
G1 X80.114 Y87.25 E4.45506
G1 X80.095 Y86.734 E4.47989
G1 X79.956 Y86.482 E4.49373
G1 X79.536 Y86.302 E4.51571
G1 X69.28 Y86.302 E5.00899
G1 X69.28 Y85.186 E5.06267
G1 X79.536 Y85.186 E5.55595
G1 X80.685 Y85.159 E5.61123
G1 X80.86 Y85.048 E5.6212
G1 X80.642 Y84.743 F7800
;TYPE:External perimeter
G1 F1800
G1 X80.656 Y84.737 E5.62193
G1 X80.706 Y84.607 E5.62863
G1 X80.706 Y83.558 E5.67908
G1 X82.256 Y83.558 E5.75363
G1 X82.256 Y84.607 E5.80408
G1 X82.306 Y84.737 E5.81078
G1 X82.449 Y84.8 E5.8183
G1 X84.761 Y84.8 E5.9295
G1 X84.761 Y87.112 E6.0407
G1 X84.761 Y89.712 E6.16575
G1 X79.729 Y89.712 E6.40777
G1 X79.729 Y87.25 E6.52618
G1 X79.709 Y86.795 E6.54809
G1 X79.536 Y86.687 E6.5579
G1 X68.895 Y86.687 E7.0697
G1 X68.895 Y84.8 E7.16046
G1 X80.513 Y84.8 E7.71925
G1 X80.587 Y84.767 E7.72315
G1 X80.7 Y84.384 F7800
G1 X81.481 Y85.37
;TYPE:Solid infill
G1 F3000
G1 X81.496 Y85.403 E7.72489
G1 X81.848 Y85.706 E7.74723
G1 X82.344 Y85.855 E7.77214
G1 X83.7 Y85.86 E7.83736
G1 X83.7 Y88.652 E7.97165
G1 X80.789 Y88.652 E8.11166
G1 X80.789 Y87.25 E8.17909
G1 X80.762 Y86.664 E8.2073
G1 X80.669 Y86.348 E8.22314
G1 X80.471 Y86.053 E8.24023
G1 X80.141 Y85.869 E8.2584
G1 X80.86 Y85.809 E8.2931
G1 X81.096 Y85.715 E8.30532
G1 X81.359 Y85.515 E8.32121
G1 X81.481 Y85.911 E8.34114
G1 X81.769 Y86.089 E8.35742
G1 X82.343 Y86.241 E8.38598
G1 X83.315 Y86.244 E8.43273
G1 X83.315 Y88.266 E8.52998
G1 X81.175 Y88.266 E8.63291
G1 X81.175 Y87.25 E8.68178
G1 X81.134 Y86.536 E8.71618
G1 X81.005 Y86.165 E8.73507
G1 X81.247 Y86.07 E8.74757
G1 X81.322 Y86.019 E8.75193
G1 X81.498 Y86.392 E8.77177
G1 X81.846 Y86.517 E8.78955
G1 X82.341 Y86.626 E8.81393
G1 X82.929 Y86.628 E8.84221
G1 X82.929 Y87.881 E8.90247
G1 X81.56 Y87.881 E8.96831
G1 X81.56 Y86.951 E9.01304
G1 X81.519 Y86.583 E9.03085
G1 X81.972 Y86.983 E9.05992
;WIDTH:0.50258
G1 X82.212 Y87.032 E9.07331
G1 X82.519 Y87.037 E9.09009
;WIDTH:0.49916
G1 X82.519 Y87.471 E9.11362
;WIDTH:0.50258
G1 X81.972 Y87.469 E9.14352
G1 X81.972 Y87.176 E9.15953
G1 E7.15953 F2400
G92 E0
G1 X81.185 Y72.586 F7800
G1 E2 F2400
;TYPE:Perimeter
;WIDTH:0.45
G1 F1800
G1 X80.977 Y72.423 E2.01271
G1 X80.8 Y72.347 E2.02197
G1 X80.513 Y72.304 E2.03593
G1 X79.536 Y72.314 E2.08292
;WIDTH:0.429703
G1 X69.656 Y72.314 E2.5331
G1 X69.656 Y71.949 E2.54973
G1 X79.536 Y71.949 E2.99991
;WIDTH:0.438316
G1 X79.701 Y71.938 E3.00762
;WIDTH:0.45
G1 X80.236 Y71.658 E3.03666
G1 X80.401 Y71.42 E3.05059
G1 X80.468 Y71.239 E3.05987
G1 X80.5 Y70.995 E3.07171
G1 X80.5 Y68.934 E3.17084
G1 X83.99 Y68.934 E3.3387
G1 X83.99 Y70.621 E3.41984
G1 X83.99 Y72.304 E3.50079
G1 X82.449 Y72.304 E3.57491
G1 X82.106 Y72.367 E3.59168
G1 X81.736 Y72.619 E3.61321
;WIDTH:0.457525
G1 X81.481 Y73.268 E3.6474
G1 X81.229 Y72.626 E3.68122
G1 X81.481 Y73.367 F7800
G1 F1800
G1 X81.481 Y73.268 E3.68607
G1 X80.916 Y72.859 F7800
;WIDTH:0.45
G1 F1800
G1 X80.792 Y72.761 E3.69367
G1 X80.513 Y72.689 E3.70753
G1 X69.281 Y72.689 E4.24775
G1 X69.281 Y71.573 E4.30143
G1 X79.636 Y71.564 E4.79947
G1 X79.956 Y71.393 E4.81692
G1 X80.055 Y71.25 E4.82529
G1 X80.114 Y70.995 E4.83788
G1 X80.114 Y68.548 E4.95557
G1 X84.375 Y68.548 E5.16051
G1 X84.375 Y70.621 E5.26021
G1 X84.375 Y72.689 E5.35967
G1 X82.449 Y72.689 E5.4523
G1 X82.243 Y72.727 E5.46238
G1 X82.021 Y72.878 E5.47529
G1 X81.871 Y73.268 E5.49539
G1 X81.871 Y73.756 E5.51886
G1 X81.092 Y73.756 E5.55633
G1 X81.092 Y73.268 E5.5798
G1 X80.951 Y72.905 E5.59853
G1 X80.637 Y73.13 F7800
;TYPE:External perimeter
G1 F1800
G1 X80.513 Y73.075 E5.60505
G1 X68.895 Y73.075 E6.16384
G1 X68.895 Y71.187 E6.25465
G1 X79.536 Y71.187 E6.76645
G1 X79.676 Y71.127 E6.77378
G1 X79.729 Y70.995 E6.78062
G1 X79.729 Y68.162 E6.91688
G1 X84.761 Y68.162 E7.1589
G1 X84.761 Y70.621 E7.27717
G1 X84.761 Y73.075 E7.3952
G1 X82.449 Y73.075 E7.5064
G1 X82.356 Y73.099 E7.51102
G1 X82.256 Y73.268 E7.52046
G1 X82.256 Y74.142 E7.5625
G1 X80.706 Y74.142 E7.63705
G1 X80.706 Y73.367 E7.67432
G1 X80.664 Y73.177 E7.68368
G1 X80.276 Y73.082 F7800
G1 E5.68368 F2400
G92 E0
G1 X80.894 Y69.254 F7800
G1 E2 F2400
;TYPE:Solid infill
;WIDTH:0.543559
G1 F3000
G1 X80.851 Y69.212 E2.00359
G1 X80.793 Y69.227 E2.00717
G1 X80.778 Y69.285 E2.01075
G1 X80.82 Y69.328 E2.01434
G1 X80.878 Y69.312 E2.01794
;WIDTH:0.45
G1 X81.494 Y69.223 E2.04788
G1 X80.789 Y69.928 E2.09583
G1 X80.789 Y70.473 E2.12204
G1 X82.039 Y69.223 E2.20706
G1 X82.585 Y69.223 E2.23332
G1 X80.786 Y71.021 E2.35565
G1 X80.681 Y71.324 E2.37107
;WIDTH:0.404381
G1 X80.64 Y71.335 E2.37287
G1 X80.621 Y71.264 E2.37599
G1 X80.692 Y71.283 E2.37911
G1 X80.138 Y72.182 F7800
G1 F3000
G1 X80.067 Y72.163 E2.38223
G1 X80.119 Y72.111 E2.38535
G1 X80.087 Y71.955 E2.3921
G1 X80.046 Y71.966 E2.3939
G1 X80.027 Y71.895 E2.39702
G1 X80.098 Y71.914 E2.40014
;WIDTH:0.45
G1 X80.336 Y72.017 E2.41261
G1 X83.13 Y69.223 E2.60265
G1 X83.675 Y69.223 E2.62886
G1 X80.836 Y72.062 E2.82197
G1 E.82197 F2400
G92 E0
G1 X83.564 Y69.88 F7800
G1 E2 F2400
G1 F3000
G1 X81.914 Y71.529 E2.1122
;WIDTH:0.457464
G1 X81.199 Y72.238 E2.16157
;WIDTH:0.440345
G1 X81.464 Y72.48 E2.1784
G1 X81.481 Y72.526 E2.1807
G1 X81.597 Y72.369 E2.18985
;WIDTH:0.455258
G1 X81.869 Y72.156 E2.20669
G1 X82.168 Y72.049 E2.22217
;WIDTH:0.45
G1 X83.035 Y72.015 E2.2639
G1 X83.7 Y72.015 E2.29588
G1 X83.7 Y69.743 E2.40516
G1 X83.271 Y70.779 F7800
;WIDTH:0.536783
G1 F3000
G1 X83.271 Y71.586 E2.45271
G1 X82.465 Y71.586 E2.5002
G1 X83.135 Y70.915 E2.55607
;LAYER_CHANGE
;Z:3.35
;HEIGHT:0.3
G1 E.55607 F2400
G92 E0
G1 Z3.35 F7800
G92 E0
G1 X86.838 Y115.343
G1 E2 F2400
;TYPE:Perimeter
;WIDTH:0.45
G1 F1800
G1 X86.986 Y115.479 E2.00967
G1 X87.51 Y115.634 E2.03595
G1 X88.895 Y115.634 E2.10256
G1 X88.9 Y117.697 E2.20178
G1 X88.975 Y118.068 E2.21998
G1 X89.287 Y118.467 E2.24434
G1 X89.864 Y118.649 E2.27344
;WIDTH:0.429703
G1 X92.674 Y118.649 E2.40148
;WIDTH:0.45
G1 X99.05 Y118.649 E2.70814
;WIDTH:0.429702
G1 X100.172 Y118.649 E2.75926
G1 X100.172 Y118.831 E2.76755
G1 X100.173 Y119.014 E2.77589
G1 X99.99 Y119.014 E2.78423
;WIDTH:0.438315
G1 X98.885 Y119.024 E2.83577
;WIDTH:0.45
G1 X98.366 Y119.288 E2.86378
G1 X97.769 Y119.886 E2.90442
G1 X97.115 Y120.438 E2.94558
G1 X96.466 Y120.846 E2.98245
G1 X95.975 Y120.999 E3.00719
G1 X95.606 Y120.969 E3.025
G1 X95.06 Y120.745 E3.05338
G1 X94.562 Y120.408 E3.0823
G1 X93.934 Y119.868 E3.12214
G1 X93.358 Y119.288 E3.16146
G1 X92.674 Y119.014 E3.1969
;WIDTH:0.429703
G1 X89.864 Y119.014 E3.32494
;WIDTH:0.45
G1 X85.723 Y119.004 E3.52411
G1 X85.723 Y115.59 E3.68831
G1 X86.097 Y115.479 E3.70707
G1 X86.337 Y115.259 E3.72273
;WIDTH:0.464917
G1 X86.542 Y114.754 E3.74996
G1 X86.747 Y115.259 E3.77719
;WIDTH:0.45
G1 X86.794 Y115.303 E3.78029
G1 X86.542 Y114.616 F7800
;WIDTH:0.464917
G1 F1800
G1 X86.542 Y114.754 E3.78718
G1 X87.107 Y115.074 F7800
;WIDTH:0.45
G1 F2934
G1 X87.196 Y115.155 E3.79297
G1 X87.51 Y115.248 E3.80872
G1 X89.279 Y115.248 E3.8938
G1 X89.285 Y117.411 E3.99783
G1 X89.331 Y117.918 E4.02232
G1 X89.518 Y118.158 E4.03695
G1 X89.864 Y118.273 E4.05449
G1 X100.548 Y118.273 E4.56835
G1 X100.548 Y118.831 E4.59519
G1 X100.548 Y119.389 E4.62203
G1 X98.95 Y119.398 E4.69889
G1 X98.64 Y119.56 E4.71571
G1 X98.053 Y120.151 E4.75577
G1 X97.399 Y120.712 E4.79721
G1 X96.736 Y121.147 E4.83535
G1 X96.275 Y121.324 E4.8591
G1 X95.855 Y121.385 E4.87951
G1 X95.365 Y121.31 E4.90335
G1 X94.87 Y121.082 E4.92956
G1 X94.328 Y120.715 E4.96104
G1 X93.671 Y120.151 E5.00269
G1 X93.084 Y119.56 E5.04275
G1 X92.674 Y119.389 E5.06412
G1 X85.338 Y119.389 E5.41696
G1 X85.338 Y115.248 E5.61613
G1 X85.574 Y115.248 E5.62748
G1 X85.888 Y115.155 E5.64323
G1 X86.032 Y115.024 E5.65259
G1 X86.15 Y114.72 E5.66827
G1 X86.152 Y114.226 E5.69203
G1 X86.931 Y114.227 E5.7295
G1 X86.931 Y114.67 E5.75081
G1 X87.052 Y115.024 E5.7688
G1 X87.063 Y115.033 E5.76948
G1 X87.384 Y114.801 F7800
;TYPE:External perimeter
G1 F1800
G1 X87.51 Y114.862 E5.77621
G1 X89.664 Y114.862 E5.87981
G1 X89.671 Y117.695 E6.01607
G1 X89.749 Y117.849 E6.02437
G1 X89.864 Y117.887 E6.0302
G1 X100.933 Y117.887 E6.56258
G1 X100.934 Y118.831 E6.60798
G1 X100.934 Y119.775 E6.65338
G1 X99.05 Y119.775 E6.74399
G1 X98.913 Y119.832 E6.75113
G1 X98.316 Y120.433 E6.79187
G1 X97.632 Y121.021 E6.83525
G1 X97.052 Y121.401 E6.8686
G1 X96.698 Y121.586 E6.88781
G1 X96.066 Y121.771 E6.91948
G1 X95.657 Y121.771 E6.93915
G1 X95.241 Y121.678 E6.95965
G1 X94.68 Y121.419 E6.98937
G1 X94.093 Y121.022 E7.02345
G1 X93.408 Y120.433 E7.0669
G1 X92.811 Y119.832 E7.10764
G1 X92.674 Y119.775 E7.11478
G1 X84.952 Y119.775 E7.48618
G1 X84.952 Y114.862 E7.72248
G1 X85.574 Y114.862 E7.7524
G1 X85.679 Y114.832 E7.75765
G1 X85.767 Y114.67 E7.76652
G1 X85.767 Y113.839 E7.80649
G1 X87.317 Y113.842 E7.88104
G1 X87.317 Y114.616 E7.91827
G1 X87.35 Y114.759 E7.92533
G1 X87.739 Y114.855 F7800
G1 E5.92533 F2400
G92 E0
G1 X86.044 Y118.61 F7800
G1 E2 F2400
;TYPE:Solid infill
;WIDTH:0.543559
G1 F2934
G1 X86.001 Y118.652 E2.00359
G1 X86.017 Y118.71 E2.00719
G1 X86.075 Y118.726 E2.01079
G1 X86.117 Y118.683 E2.01438
G1 X86.102 Y118.625 E2.01796
;WIDTH:0.45
G1 X86.013 Y118.009 E2.0479
G1 X86.718 Y118.715 E2.09589
G1 X87.263 Y118.715 E2.1221
G1 X86.013 Y117.464 E2.20716
G1 X86.013 Y116.919 E2.23337
G1 X87.808 Y118.715 E2.3555
G1 X88.354 Y118.715 E2.38176
G1 X86.013 Y116.373 E2.54103
G1 X86.013 Y115.828 E2.56724
G1 X88.899 Y118.715 E2.76358
G1 X89.269 Y118.786 E2.7817
;WIDTH:0.404381
G1 X89.226 Y118.66 E2.78735
G1 X88.795 Y118.173 E2.81493
G1 E.81493 F2400
G92 E0
G1 X86.45 Y115.761 F7800
G1 E2 F2400
;WIDTH:0.405613
G1 F2934
G1 X86.701 Y116.002 E2.01481
;WIDTH:0.45
G1 X87.092 Y116.363 E2.04041
G1 X88.655 Y117.925 E2.14669
G1 X88.611 Y117.688 E2.15828
G1 X88.606 Y115.923 E2.24317
G1 X87.435 Y115.919 E2.29949
G1 X86.877 Y115.718 E2.32802
;WIDTH:0.405613
G1 X86.542 Y115.415 E2.34724
;WIDTH:0.384203
G1 X86.311 Y115.628 E2.35977
G1 X87.574 Y116.303 F7800
;WIDTH:0.444748
G1 F2934
G1 X88.224 Y116.305 E2.39061
G1 X88.226 Y116.955 E2.42145
G1 X87.711 Y116.439 E2.45604
G1 E.45604 F2400
G92 E0
G1 X93.304 Y118.957 F7800
G1 E2 F2400
;WIDTH:0.45
G1 F2934
G1 X97.31 Y118.94 E2.19268
G1 X98.38 Y118.952 E2.24415
G1 X98.15 Y119.096 E2.2572
G1 X97.593 Y119.656 E2.29519
G1 X96.993 Y120.172 E2.33325
G1 X96.412 Y120.553 E2.36667
G1 X95.952 Y120.708 E2.39002
G1 X95.573 Y120.663 E2.40838
G1 X95.202 Y120.492 E2.42803
G1 X94.738 Y120.178 E2.45498
G1 X94.131 Y119.656 E2.49349
G1 X93.577 Y119.099 E2.53127
G1 X93.475 Y119.046 E2.5368
G1 X94.353 Y119.332 F7800
G1 F2934
G1 X97.378 Y119.325 E2.68229
G1 X96.76 Y119.863 E2.7217
G1 X96.259 Y120.192 E2.75053
G1 X96.028 Y120.293 E2.76266
G1 X95.755 Y120.296 E2.77579
G1 X95.392 Y120.155 E2.79452
G1 X94.96 Y119.86 E2.81968
G1 X94.498 Y119.458 E2.84913
G1 X95.279 Y119.669 F7800
;WIDTH:0.362189
G1 F2934
G1 X96.434 Y119.669 E2.89203
G1 X95.974 Y119.952 E2.91209
G1 X95.751 Y119.947 E2.92038
;WIDTH:0.356974
G1 X95.445 Y119.767 E2.93334
G1 E.93334 F2400
G92 E0
G1 X86.836 Y102.653 F7800
G1 E2 F2400
;TYPE:Perimeter
;WIDTH:0.45
G1 F1800
G1 X86.772 Y102.71 E2.00412
G1 X86.53 Y103.202 E2.03049
G1 X86.312 Y102.71 E2.05637
G1 X86.097 Y102.521 E2.07014
G1 X85.723 Y102.41 E2.0889
G1 X85.723 Y98.996 E2.2531
G1 X89.864 Y98.986 E2.45227
;WIDTH:0.429704
G1 X92.674 Y98.986 E2.58031
;WIDTH:0.438316
G1 X92.84 Y98.976 E2.58807
;WIDTH:0.45
G1 X93.358 Y98.712 E2.61603
G1 X93.934 Y98.132 E2.65535
G1 X94.562 Y97.592 E2.69519
G1 X95.06 Y97.255 E2.72411
G1 X95.607 Y97.031 E2.75254
G1 X95.99 Y97.003 E2.77101
G1 X96.487 Y97.164 E2.79614
G1 X96.94 Y97.433 E2.82148
G1 X97.798 Y98.139 E2.87492
G1 X98.366 Y98.712 E2.91373
G1 X99.05 Y98.986 E2.94917
;WIDTH:0.429703
G1 X100.173 Y98.986 E3.00034
G1 X100.172 Y99.169 E3.00868
G1 X100.172 Y99.351 E3.01697
G1 X99.05 Y99.351 E3.06809
;WIDTH:0.45
G1 X92.674 Y99.351 E3.37475
;WIDTH:0.429704
G1 X89.864 Y99.351 E3.50279
;WIDTH:0.438316
G1 X89.699 Y99.362 E3.5105
;WIDTH:0.45
G1 X89.287 Y99.533 E3.53195
G1 X88.975 Y99.932 E3.55631
G1 X88.9 Y100.303 E3.57451
G1 X88.895 Y102.366 E3.67373
G1 X87.51 Y102.366 E3.74034
G1 X86.986 Y102.521 E3.76662
G1 X86.881 Y102.614 E3.77337
G1 X87.105 Y102.924 F7800
G1 F2934
G1 X87.067 Y102.958 E3.77582
G1 X86.936 Y103.254 E3.79139
G1 X86.931 Y103.598 E3.80794
G1 X86.152 Y103.599 E3.84541
G1 X86.152 Y103.33 E3.85835
G1 X86.017 Y102.958 E3.87738
G1 X85.888 Y102.845 E3.88563
G1 X85.574 Y102.752 E3.90138
G1 X85.338 Y102.752 E3.91273
G1 X85.338 Y98.611 E4.1119
G1 X92.774 Y98.602 E4.46955
G1 X93.084 Y98.44 E4.48637
G1 X93.704 Y97.822 E4.52847
G1 X94.392 Y97.242 E4.57175
G1 X94.982 Y96.866 E4.6054
G1 X95.522 Y96.655 E4.63328
G1 X95.867 Y96.617 E4.64997
G1 X96.203 Y96.658 E4.66625
G1 X96.644 Y96.811 E4.6887
G1 X97.165 Y97.12 E4.71783
G1 X98.057 Y97.854 E4.77339
G1 X98.64 Y98.44 E4.81315
G1 X99.05 Y98.611 E4.83452
G1 X100.548 Y98.611 E4.90657
G1 X100.548 Y99.169 E4.93341
G1 X100.548 Y99.727 E4.96025
G1 X89.864 Y99.727 E5.47411
G1 X89.518 Y99.842 E5.49165
G1 X89.331 Y100.082 E5.50628
G1 X89.286 Y100.304 E5.51717
G1 X89.279 Y102.752 E5.63491
G1 X87.51 Y102.752 E5.71999
G1 X87.196 Y102.845 E5.73574
G1 X87.15 Y102.884 E5.73864
G1 X87.384 Y103.208 F7800
;TYPE:External perimeter
G1 F1800
G1 X87.317 Y103.33 E5.74533
G1 X87.317 Y103.983 E5.77674
G1 X85.767 Y103.986 E5.85129
G1 X85.767 Y103.33 E5.88284
G1 X85.722 Y103.206 E5.88918
G1 X85.574 Y103.137 E5.89703
G1 X84.952 Y103.137 E5.92695
G1 X84.952 Y98.225 E6.1632
G1 X92.674 Y98.225 E6.5346
G1 X92.811 Y98.168 E6.54174
G1 X93.408 Y97.567 E6.58248
G1 X94.093 Y96.978 E6.62593
G1 X94.68 Y96.581 E6.66001
G1 X95.241 Y96.322 E6.68973
G1 X95.656 Y96.23 E6.71017
G1 X96.084 Y96.233 E6.73076
G1 X96.366 Y96.301 E6.74471
G1 X96.923 Y96.514 E6.77339
G1 X97.391 Y96.806 E6.79992
G1 X98.317 Y97.568 E6.8576
G1 X98.913 Y98.168 E6.89828
G1 X99.05 Y98.225 E6.90542
G1 X100.934 Y98.225 E6.99603
G1 X100.934 Y99.169 E7.04143
G1 X100.933 Y100.112 E7.08679
G1 X89.864 Y100.112 E7.61917
G1 X89.749 Y100.151 E7.62501
G1 X89.671 Y100.305 E7.63331
G1 X89.664 Y103.137 E7.76952
G1 X87.51 Y103.137 E7.87312
G1 X87.42 Y103.164 E7.87764
G1 X87.326 Y103.553 F7800
G1 E5.87764 F2400
G92 E0
G1 X86.013 Y99.478 F7800
G1 E2 F2400
;TYPE:Solid infill
G1 F2934
G1 X86.013 Y102.202 E2.13101
G1 X86.282 Y102.301 E2.1448
G1 X86.542 Y102.53 E2.16146
G1 X86.869 Y102.261 E2.18183
G1 X87.374 Y102.091 E2.20746
G1 X88.606 Y102.077 E2.26672
G1 X88.611 Y100.312 E2.35161
G1 X88.735 Y99.781 E2.37784
G1 X89.13 Y99.275 E2.40871
G1 X86.013 Y99.285 E2.55863
G1 X86.398 Y99.67 E2.58482
G1 X88.376 Y99.663 E2.67996
G1 X88.32 Y99.784 E2.68637
G1 X88.225 Y100.311 E2.71213
G1 X88.222 Y101.693 E2.7786
G1 X87.434 Y101.695 E2.8165
G1 X87.25 Y101.725 E2.82547
G1 X86.746 Y101.896 E2.85107
G1 X86.548 Y102.01 E2.86206
G1 X86.398 Y101.927 E2.87031
G1 X86.398 Y99.862 E2.96963
G1 X86.784 Y100.054 E2.99037
G1 X87.873 Y100.051 E3.04275
G1 X87.84 Y100.31 E3.05531
G1 X87.837 Y101.308 E3.10331
G1 X87.355 Y101.313 E3.12649
G1 X86.784 Y101.476 E3.15505
G1 X86.784 Y100.247 E3.21416
G1 X87.144 Y100.991 F7800
;WIDTH:0.39917
G1 F2934
G1 X87.144 Y100.413 E3.2383
G1 X87.479 Y100.412 E3.25229
G1 X87.478 Y100.949 E3.27471
;WIDTH:0.398908
G1 X87.335 Y100.967 E3.28072
G1 E1.28072 F2400
G92 E0
G1 X93.347 Y99.063 F7800
G1 E2 F2400
;WIDTH:0.45
G1 F2934
G1 X93.574 Y98.904 E2.01333
G1 X94.131 Y98.344 E2.05132
G1 X94.708 Y97.848 E2.08792
G1 X95.146 Y97.546 E2.11351
G1 X95.461 Y97.388 E2.13046
G1 X95.86 Y97.294 E2.15018
G1 X96.048 Y97.327 E2.15936
G1 X96.32 Y97.422 E2.17322
G1 X96.829 Y97.717 E2.20152
G1 X97.617 Y98.368 E2.25068
G1 X98.147 Y98.901 E2.28683
G1 X98.42 Y99.043 E2.30163
G1 X93.54 Y99.062 E2.53634
G1 X94.346 Y98.675 F7800
G1 F2934
G1 X94.96 Y98.14 E2.57551
G1 X95.362 Y97.865 E2.59894
G1 X95.623 Y97.739 E2.61288
G1 X95.855 Y97.685 E2.62434
G1 X96.134 Y97.76 E2.63824
G1 X96.584 Y98.014 E2.66309
G1 X97.372 Y98.668 E2.71234
G1 X94.539 Y98.674 E2.8486
G1 X95.281 Y98.332 F7800
;WIDTH:0.36037
G1 F2934
G1 X95.784 Y98.039 E2.87009
G1 X95.97 Y98.057 E2.87699
;WIDTH:0.357559
G1 X96.434 Y98.331 E2.89669
G1 X96.349 Y98.331 E2.8998
;WIDTH:0.36037
G1 X95.474 Y98.332 E2.9321
G1 E.9321 F2400
G92 E0
G92 E0
G1 X81.186 Y85.283 F7800
G1 E2 F2400
;TYPE:Perimeter
;WIDTH:0.45
G1 F1800
G1 X81.251 Y85.228 E2.0041
;WIDTH:0.464917
G1 X81.481 Y84.692 E2.03324
G1 X81.712 Y85.228 E2.0624
;WIDTH:0.45
G1 X81.957 Y85.436 E2.07786
G1 X82.123 Y85.514 E2.08668
G1 X82.449 Y85.571 E2.1026
G1 X83.83 Y85.571 E2.16902
G1 X83.83 Y86.952 E2.23544
G1 X83.83 Y88.941 E2.3311
G1 X80.661 Y88.941 E2.48352
G1 X80.65 Y86.731 E2.58981
G1 X80.514 Y86.368 E2.60845
G1 X80.31 Y86.136 E2.62331
G1 X79.697 Y85.926 E2.65448
;WIDTH:0.429703
G1 X69.491 Y85.926 E3.11952
G1 X69.491 Y85.561 E3.13615
G1 X79.697 Y85.561 E3.60119
;WIDTH:0.45
G1 X80.513 Y85.571 E3.64044
G1 X80.817 Y85.522 E3.65525
G1 X81.005 Y85.436 E3.66519
G1 X81.14 Y85.322 E3.67369
G1 X81.481 Y84.555 F7800
;WIDTH:0.464917
G1 F1800
G1 X81.481 Y84.692 E3.68053
G1 X80.91 Y85.011 F7800
;WIDTH:0.45
G1 F1800
G1 X80.956 Y84.98 E3.6832
G1 X81.09 Y84.658 E3.69997
G1 X81.092 Y84.165 E3.72368
G1 X81.871 Y84.165 E3.76115
G1 X81.871 Y84.607 E3.78241
G1 X82.007 Y84.98 E3.80151
G1 X82.253 Y85.151 E3.81592
G1 X82.449 Y85.186 E3.8255
G1 X84.216 Y85.186 E3.91049
G1 X84.216 Y86.952 E3.99543
G1 X84.216 Y89.327 E4.10966
G1 X80.276 Y89.327 E4.29916
G1 X80.276 Y87.148 E4.40396
G1 X80.241 Y86.684 E4.42634
G1 X80.065 Y86.434 E4.44104
G1 X79.697 Y86.302 E4.45984
G1 X69.115 Y86.302 E4.9688
G1 X69.115 Y85.186 E5.02248
G1 X79.697 Y85.186 E5.53144
G1 X80.696 Y85.156 E5.57951
G1 X80.861 Y85.044 E5.5891
G1 X80.641 Y84.741 F7800
;TYPE:External perimeter
G1 F1800
G1 X80.661 Y84.731 E5.59018
G1 X80.706 Y84.607 E5.59652
G1 X80.706 Y83.78 E5.6363
G1 X82.256 Y83.78 E5.71085
G1 X82.256 Y84.555 E5.74812
G1 X82.301 Y84.731 E5.75686
G1 X82.449 Y84.8 E5.76471
G1 X84.601 Y84.8 E5.86821
G1 X84.601 Y86.952 E5.97171
G1 X84.601 Y89.712 E6.10446
G1 X79.89 Y89.712 E6.33104
G1 X79.89 Y87.148 E6.45436
G1 X79.861 Y86.778 E6.47221
G1 X79.697 Y86.687 E6.48123
G1 X68.73 Y86.687 E7.0087
G1 X68.73 Y84.8 E7.09946
G1 X80.513 Y84.8 E7.66618
G1 X80.586 Y84.766 E7.67005
G1 X80.7 Y84.383 F7800
G1 X80.455 Y85.867
;TYPE:Solid infill
G1 F2934
G1 X80.867 Y85.804 E7.6901
G1 X81.132 Y85.695 E7.70388
G1 X81.481 Y85.408 E7.72561
G1 X81.786 Y85.667 E7.74485
G1 X82.18 Y85.828 E7.76532
G1 X82.454 Y85.86 E7.77859
G1 X83.541 Y85.86 E7.83087
G1 X83.541 Y88.652 E7.96516
G1 X80.95 Y88.652 E8.08978
G1 X80.95 Y87.003 E8.16909
G1 X80.885 Y86.491 E8.19391
G1 X80.769 Y86.235 E8.20743
G1 X80.58 Y86.013 E8.22145
G1 X81.14 Y86.115 E8.24883
G1 X81.481 Y85.914 E8.26787
G1 X81.537 Y85.961 E8.27139
G1 X82.043 Y86.189 E8.29808
G1 X82.454 Y86.246 E8.31804
G1 X83.155 Y86.246 E8.35176
G1 X83.155 Y88.266 E8.44891
G1 X81.336 Y88.266 E8.5364
G1 X81.336 Y87.003 E8.59715
G1 X81.265 Y86.425 E8.62516
G1 X81.212 Y86.294 E8.63196
G1 X81.662 Y86.457 E8.65498
G1 X82.157 Y86.608 E8.67987
G1 X82.77 Y86.632 E8.70938
G1 X82.77 Y87.881 E8.76945
G1 X81.722 Y87.881 E8.81986
G1 X81.722 Y87.003 E8.86209
G1 X81.683 Y86.648 E8.87927
G1 X82.08 Y86.959 E8.90353
;WIDTH:0.395576
G1 X82.411 Y86.988 E8.91726
G1 X82.411 Y87.522 E8.93932
G1 X82.08 Y87.522 E8.95299
G1 X82.08 Y87.151 E8.96832
G1 E6.96832 F2400
G92 E0
G1 X81.188 Y72.588 F7800
G1 E2 F2400
;TYPE:Perimeter
;WIDTH:0.45
G1 F1800
G1 X81.005 Y72.439 E2.01135
G1 X80.817 Y72.353 E2.02129
G1 X80.513 Y72.304 E2.0361
G1 X79.697 Y72.314 E2.07535
;WIDTH:0.429704
G1 X69.491 Y72.314 E2.54039
G1 X69.491 Y71.949 E2.55702
G1 X79.697 Y71.949 E3.02206
;WIDTH:0.438316
G1 X79.863 Y71.938 E3.02982
;WIDTH:0.45
G1 X80.31 Y71.739 E3.05335
G1 X80.514 Y71.507 E3.06821
G1 X80.604 Y71.321 E3.07815
G1 X80.661 Y70.995 E3.09407
G1 X80.661 Y68.934 E3.1932
G1 X83.83 Y68.934 E3.34562
G1 X83.83 Y70.518 E3.4218
G1 X83.83 Y72.304 E3.5077
G1 X82.449 Y72.304 E3.57412
G1 X82.267 Y72.321 E3.58291
G1 X81.957 Y72.439 E3.59886
G1 X81.736 Y72.619 E3.61257
G1 X81.469 Y73.138 E3.64064
G1 X81.231 Y72.628 E3.66771
G1 X80.917 Y72.859 F7800
G1 F1800
G1 X80.809 Y72.77 E3.67444
G1 X80.513 Y72.689 E3.6892
G1 X69.116 Y72.689 E4.23736
G1 X69.116 Y71.573 E4.29104
G1 X79.797 Y71.564 E4.80476
G1 X80.065 Y71.441 E4.81894
G1 X80.241 Y71.191 E4.83364
G1 X80.276 Y70.995 E4.84322
G1 X80.276 Y68.548 E4.96091
G1 X84.216 Y68.548 E5.15041
G1 X84.216 Y70.518 E5.24516
G1 X84.216 Y72.689 E5.34958
G1 X82.449 Y72.689 E5.43457
G1 X82.253 Y72.724 E5.44415
G1 X82.021 Y72.878 E5.45754
G1 X81.876 Y73.19 E5.47409
G1 X81.871 Y73.535 E5.49069
G1 X81.092 Y73.535 E5.52816
G1 X81.092 Y73.268 E5.541
G1 X80.951 Y72.905 E5.55973
G1 X80.642 Y73.132 F7800
;TYPE:External perimeter
G1 F1800
G1 X80.513 Y73.075 E5.56651
G1 X68.73 Y73.075 E6.13323
G1 X68.73 Y71.187 E6.22404
G1 X79.697 Y71.187 E6.75151
G1 X79.82 Y71.143 E6.75779
G1 X79.89 Y70.995 E6.76566
G1 X79.89 Y68.162 E6.90192
G1 X84.601 Y68.162 E7.1285
G1 X84.601 Y70.518 E7.24182
G1 X84.601 Y73.075 E7.3648
G1 X82.449 Y73.075 E7.4683
G1 X82.306 Y73.138 E7.47582
G1 X82.256 Y73.268 E7.48252
G1 X82.256 Y73.92 E7.51388
G1 X80.706 Y73.92 E7.58843
G1 X80.706 Y73.268 E7.61979
G1 X80.672 Y73.18 E7.62433
G1 X80.284 Y73.083 F7800
G1 X80.462 Y72.033
;TYPE:Solid infill
G1 F2934
G1 X80.722 Y71.704 E7.6445
G1 X80.891 Y71.318 E7.66477
G1 X80.95 Y70.991 E7.68075
G1 X80.95 Y69.223 E7.76578
G1 X83.541 Y69.223 E7.8904
G1 X83.541 Y72.015 E8.02469
G1 X82.367 Y72.018 E8.08116
G1 X81.917 Y72.139 E8.10357
G1 X81.55 Y72.4 E8.12523
G1 X81.481 Y72.502 E8.13115
G1 X81.466 Y72.468 E8.13294
G1 X81.174 Y72.206 E8.15181
G1 X80.978 Y72.11 E8.16231
G1 X80.652 Y72.061 E8.17817
G1 X81.138 Y71.759 E8.20569
G1 X81.287 Y71.361 E8.22613
G1 X81.336 Y70.991 E8.24408
G1 X81.336 Y69.609 E8.31055
G1 X83.155 Y69.609 E8.39804
G1 X83.155 Y71.63 E8.49524
G1 X82.365 Y71.633 E8.53324
G1 X81.842 Y71.748 E8.559
G1 X81.481 Y71.959 E8.57911
G1 X81.305 Y71.856 E8.58892
G1 X81.701 Y71.183 F7800
G1 F2934
G1 X81.678 Y71.399 E8.59937
G1 X82.164 Y71.269 E8.62357
G1 X82.77 Y71.246 E8.65274
G1 X82.77 Y69.994 E8.71296
G1 X81.722 Y69.994 E8.76337
G1 X81.722 Y70.991 E8.81132
G1 X82.08 Y70.92 E8.82887
;WIDTH:0.395576
G1 X82.08 Y70.353 E8.85229
G1 X82.411 Y70.353 E8.86596
G1 X82.411 Y70.888 E8.88806
G1 X82.272 Y70.902 E8.89383
;LAYER_CHANGE
;Z:3.65
;HEIGHT:0.3
G1 E6.89383 F2400
G92 E0
G1 Z3.65 F7800
G92 E0
G1 X86.836 Y115.344
G1 E2 F2400
;TYPE:Perimeter
;WIDTH:0.45
G1 F1800
G1 X86.947 Y115.452 E2.00745
G1 X87.51 Y115.634 E2.03591
G1 X88.765 Y115.634 E2.09627
G1 X88.761 Y117.551 E2.18847
G1 X88.834 Y118.064 E2.21339
G1 X89.145 Y118.465 E2.2378
G1 X89.724 Y118.649 E2.26702
;WIDTH:0.429703
G1 X92.438 Y118.649 E2.39068
;WIDTH:0.45
G1 X94.223 Y118.659 E2.47653
G1 X94.58 Y118.947 E2.49859
G1 X95.058 Y119.207 E2.52476
G1 X95.758 Y119.36 E2.55922
G1 X96.077 Y119.358 E2.57456
G1 X96.585 Y119.235 E2.5997
G1 X96.874 Y119.11 E2.61484
G1 X97.518 Y118.659 E2.65265
G1 X99.286 Y118.649 E2.73769
;WIDTH:0.429702
G1 X100.327 Y118.649 E2.78512
G1 X100.327 Y118.832 E2.79346
;WIDTH:0.429701
G1 X100.326 Y119.014 E2.80175
G1 X100.144 Y119.014 E2.81004
;WIDTH:0.438315
G1 X99.121 Y119.024 E2.85775
;WIDTH:0.45
G1 X98.565 Y119.328 E2.88823
G1 X98.226 Y119.711 E2.91283
G1 X97.748 Y120.192 E2.94545
G1 X97.295 Y120.617 E2.97533
G1 X96.723 Y121.066 E3.0103
G1 X95.001 Y121.066 E3.09312
G1 X94.8 Y120.933 E3.10471
G1 X94.221 Y120.438 E3.14135
G1 X93.498 Y119.711 E3.19066
G1 X93.16 Y119.328 E3.21523
G1 X92.438 Y119.014 E3.2531
;WIDTH:0.429703
G1 X89.724 Y119.014 E3.37676
;WIDTH:0.45
G1 X85.848 Y119.004 E3.56318
G1 X85.848 Y115.545 E3.72955
G1 X86.137 Y115.452 E3.74415
G1 X86.344 Y115.249 E3.75809
G1 X86.552 Y114.779 E3.78281
G1 X86.739 Y115.249 E3.80714
G1 X86.793 Y115.302 E3.81078
G1 X87.105 Y115.074 F7800
G1 F3112
G1 X87.172 Y115.139 E3.81527
G1 X87.51 Y115.248 E3.83235
G1 X89.152 Y115.248 E3.91132
G1 X89.146 Y117.552 E4.02213
G1 X89.19 Y117.916 E4.03976
G1 X89.377 Y118.157 E4.05443
G1 X89.724 Y118.273 E4.07203
G1 X94.372 Y118.273 E4.29558
G1 X94.766 Y118.609 E4.32049
G1 X95.225 Y118.86 E4.34565
G1 X95.819 Y118.979 E4.37479
G1 X96.137 Y118.948 E4.39016
G1 X96.666 Y118.786 E4.41677
G1 X97.114 Y118.498 E4.44239
G1 X97.359 Y118.273 E4.45839
G1 X100.703 Y118.273 E4.61922
G1 X100.702 Y118.832 E4.64611
G1 X100.701 Y119.389 E4.6729
G1 X99.186 Y119.398 E4.74577
G1 X98.853 Y119.584 E4.76412
G1 X98.507 Y119.974 E4.7892
G1 X97.766 Y120.721 E4.83981
G1 X97.266 Y121.148 E4.87143
G1 X96.839 Y121.452 E4.89664
G1 X94.885 Y121.452 E4.99062
G1 X94.568 Y121.241 E5.00894
G1 X93.958 Y120.721 E5.04749
G1 X93.217 Y119.974 E5.0981
G1 X92.871 Y119.584 E5.12318
G1 X92.438 Y119.389 E5.14602
G1 X85.462 Y119.389 E5.48154
G1 X85.462 Y115.248 E5.68071
G1 X85.574 Y115.248 E5.6861
G1 X85.912 Y115.139 E5.70318
G1 X86.036 Y115.017 E5.71155
G1 X86.149 Y114.735 E5.72616
G1 X86.152 Y114.384 E5.74304
G1 X86.931 Y114.384 E5.78051
G1 X86.931 Y114.67 E5.79427
G1 X87.047 Y115.017 E5.81187
G1 X87.063 Y115.032 E5.81292
G1 X87.384 Y114.8 F7800
;TYPE:External perimeter
G1 F1800
G1 X87.51 Y114.862 E5.81967
G1 X89.538 Y114.862 E5.91721
G1 X89.532 Y117.694 E6.05342
G1 X89.609 Y117.849 E6.06174
G1 X89.724 Y117.887 E6.06757
G1 X94.52 Y117.887 E6.29824
G1 X94.951 Y118.271 E6.326
G1 X95.444 Y118.529 E6.35276
G1 X95.957 Y118.595 E6.37764
G1 X96.458 Y118.461 E6.40258
G1 X96.906 Y118.174 E6.42817
G1 X97.2 Y117.887 E6.44793
G1 X101.089 Y117.887 E6.63498
G1 X101.088 Y118.833 E6.68048
G1 X101.086 Y119.775 E6.72579
G1 X99.286 Y119.775 E6.81236
G1 X99.142 Y119.84 E6.81996
G1 X98.789 Y120.238 E6.84555
G1 X98.028 Y121.004 E6.89748
G1 X97.389 Y121.55 E6.93791
G1 X96.956 Y121.837 E6.9629
G1 X94.769 Y121.837 E7.06809
G1 X94.335 Y121.55 E7.09312
G1 X93.696 Y121.004 E7.13355
G1 X92.935 Y120.238 E7.18548
G1 X92.582 Y119.84 E7.21107
G1 X92.438 Y119.775 E7.21867
G1 X85.077 Y119.775 E7.57271
G1 X85.077 Y114.862 E7.80901
G1 X85.574 Y114.862 E7.83291
G1 X85.687 Y114.826 E7.83861
G1 X85.767 Y114.67 E7.84704
G1 X85.767 Y113.999 E7.87931
G1 X87.317 Y113.998 E7.95386
G1 X87.317 Y114.67 E7.98618
G1 X87.347 Y114.759 E7.9907
G1 X87.735 Y114.854 F7800
G1 X86.542 Y115.458
;TYPE:Solid infill
G1 F3000
G1 X86.82 Y115.707 E8.00865
G1 X87.428 Y115.919 E8.03962
G1 X88.475 Y115.923 E8.08998
G1 X88.475 Y117.72 E8.17641
G1 X88.593 Y118.214 E8.20084
G1 X88.981 Y118.715 E8.23132
G1 X86.137 Y118.715 E8.36811
G1 X86.137 Y115.746 E8.51091
G1 X86.257 Y115.708 E8.51696
G1 X86.397 Y115.585 E8.52592
G1 X86.523 Y116.001 E8.54683
G1 X87.229 Y116.269 E8.58315
G1 X87.427 Y116.304 E8.59282
G1 X88.089 Y116.307 E8.62466
G1 X88.097 Y117.795 E8.69623
G1 X88.233 Y118.329 E8.72273
G1 X86.523 Y118.329 E8.80498
G1 X86.523 Y116.194 E8.90767
G1 X86.908 Y116.561 E8.93325
G1 X87.341 Y116.686 E8.95493
G1 X87.702 Y116.691 E8.97229
G1 X87.733 Y117.943 E9.03253
G1 X86.908 Y117.943 E9.07221
G1 X86.908 Y116.754 E9.1294
G1 X87.305 Y117.081 E9.15414
;WIDTH:0.471799
G1 X87.304 Y117.547 E9.17782
G1 E7.17782 F2400
G92 E0
G1 X94.302 Y119.582 F7800
G1 E2 F2400
;WIDTH:0.467256
G1 F3000
G1 X94.652 Y119.903 E2.02386
G1 X95.238 Y120.383 E2.06192
G1 X95.809 Y120.4 E2.09062
;WIDTH:0.45868
G1 X96.371 Y120.387 E2.11827
;WIDTH:0.467856
G1 X96.516 Y120.383 E2.12557
G1 X97.038 Y119.937 E2.16012
G1 X97.392 Y119.58 E2.18542
G1 X96.902 Y119.849 E2.21355
G1 X96.389 Y119.986 E2.24027
G1 X95.834 Y120.033 E2.2683
;WIDTH:0.467256
G1 X95.337 Y119.982 E2.2934
G1 X94.838 Y119.853 E2.3193
G1 X94.499 Y119.652 E2.3391
;WIDTH:0.43479
G1 X94.16 Y119.452 E2.35728
;WIDTH:0.402325
G1 X94.114 Y119.415 E2.35977
;WIDTH:0.391195
G1 X93.984 Y119.296 E2.36695
;WIDTH:0.412272
G1 X93.952 Y119.122 E2.37463
;WIDTH:0.45
G1 X93.92 Y118.948 E2.38314
G1 X93.013 Y118.955 E2.42676
G1 X93.39 Y119.153 E2.44724
G1 X93.737 Y119.541 E2.47228
G1 X94.416 Y120.224 E2.5186
G1 X95.099 Y120.777 E2.56087
G1 X96.636 Y120.777 E2.63479
G1 X97.232 Y120.29 E2.67181
G1 X98.008 Y119.519 E2.72442
G1 X98.39 Y119.108 E2.75141
G1 X98.643 Y118.954 E2.76566
G1 X97.629 Y118.948 E2.81443
G1 X96.85 Y119.446 E2.8589
G1 X96.287 Y119.605 E2.88704
G1 X95.885 Y119.659 E2.90655
G1 X95.286 Y119.577 E2.93563
G1 X94.919 Y119.461 E2.95414
G1 X94.337 Y119.135 E2.98622
G1 X94.113 Y118.948 E3.00025
G1 E1.00025 F2400
G92 E0
G1 X86.833 Y102.651 F7800
G1 E2 F2400
;TYPE:Perimeter
G1 F1800
G1 X86.782 Y102.698 E2.00334
G1 X86.592 Y103.055 E2.02279
G1 X86.492 Y103.055 E2.0276
G1 X86.302 Y102.698 E2.04705
G1 X86.137 Y102.548 E2.05778
G1 X85.848 Y102.454 E2.0724
G1 X85.848 Y98.996 E2.23872
G1 X89.724 Y98.986 E2.42514
;WIDTH:0.429704
G1 X92.438 Y98.986 E2.5488
;WIDTH:0.438316
G1 X92.604 Y98.976 E2.55656
;WIDTH:0.45
G1 X93.16 Y98.672 E2.58704
G1 X93.786 Y97.999 E2.63125
G1 X94.244 Y97.541 E2.6624
G1 X95.001 Y96.934 E2.70907
G1 X96.728 Y96.934 E2.79213
G1 X96.837 Y97.004 E2.79836
G1 X97.507 Y97.565 E2.84039
G1 X98.226 Y98.289 E2.88947
G1 X98.565 Y98.672 E2.91407
G1 X99.286 Y98.986 E2.95189
;WIDTH:0.429703
G1 X100.326 Y98.986 E2.99928
G1 X100.327 Y99.168 E3.00757
;WIDTH:0.429702
G1 X100.327 Y99.351 E3.01591
G1 X99.286 Y99.351 E3.06334
;WIDTH:0.45
G1 X97.57 Y99.341 E3.14588
G1 X96.718 Y98.809 E3.19419
G1 X96.142 Y98.656 E3.22285
G1 X95.758 Y98.64 E3.24134
G1 X95.058 Y98.792 E3.27579
G1 X94.58 Y99.053 E3.30198
G1 X94.223 Y99.341 E3.32404
G1 X92.438 Y99.351 E3.40989
;WIDTH:0.429704
G1 X89.724 Y99.351 E3.53355
;WIDTH:0.438316
G1 X89.559 Y99.362 E3.54126
;WIDTH:0.45
G1 X89.145 Y99.535 E3.56284
G1 X88.834 Y99.936 E3.58725
G1 X88.76 Y100.307 E3.60545
G1 X88.765 Y102.366 E3.70448
G1 X87.428 Y102.37 E3.76879
G1 X86.947 Y102.548 E3.79346
G1 X86.877 Y102.611 E3.79799
G1 X87.104 Y102.923 F7800
G1 F3112
G1 X87.073 Y102.951 E3.8
G1 X86.963 Y103.141 E3.81056
G1 X86.931 Y103.441 E3.82507
G1 X86.152 Y103.441 E3.86254
G1 X86.121 Y103.141 E3.87705
G1 X86.011 Y102.951 E3.88761
G1 X85.912 Y102.861 E3.89405
G1 X85.574 Y102.752 E3.91113
G1 X85.462 Y102.752 E3.91652
G1 X85.462 Y98.611 E4.11569
G1 X92.538 Y98.602 E4.45602
G1 X92.871 Y98.416 E4.47437
G1 X93.217 Y98.026 E4.49945
G1 X93.958 Y97.279 E4.55006
G1 X94.458 Y96.852 E4.58168
G1 X94.885 Y96.548 E4.60689
G1 X96.842 Y96.548 E4.70101
G1 X97.066 Y96.694 E4.71387
G1 X97.768 Y97.281 E4.75788
G1 X98.507 Y98.026 E4.80835
G1 X98.853 Y98.416 E4.83343
G1 X99.286 Y98.611 E4.85627
G1 X100.701 Y98.611 E4.92433
G1 X100.702 Y99.168 E4.95112
G1 X100.703 Y99.727 E4.97801
G1 X97.359 Y99.727 E5.13884
G1 X97.114 Y99.501 E5.15487
G1 X96.666 Y99.214 E5.18046
G1 X96.127 Y99.049 E5.20757
G1 X95.819 Y99.021 E5.22244
G1 X95.225 Y99.14 E5.25158
G1 X94.766 Y99.391 E5.27674
G1 X94.372 Y99.727 E5.30165
G1 X89.724 Y99.727 E5.5252
G1 X89.377 Y99.843 E5.5428
G1 X89.19 Y100.084 E5.55747
G1 X89.146 Y100.307 E5.5684
G1 X89.152 Y102.752 E5.686
G1 X87.51 Y102.752 E5.76497
G1 X87.172 Y102.861 E5.78205
G1 X87.148 Y102.882 E5.78358
G1 X87.377 Y103.201 F7800
;TYPE:External perimeter
G1 F1800
G1 X87.327 Y103.267 E5.78756
G1 X87.317 Y103.827 E5.8145
G1 X85.767 Y103.826 E5.88905
G1 X85.767 Y103.33 E5.91291
G1 X85.72 Y103.204 E5.91938
G1 X85.574 Y103.137 E5.92711
G1 X85.077 Y103.137 E5.95101
G1 X85.077 Y98.225 E6.18726
G1 X92.438 Y98.225 E6.5413
G1 X92.582 Y98.16 E6.5489
G1 X92.935 Y97.762 E6.57449
G1 X93.696 Y96.996 E6.62642
G1 X94.335 Y96.45 E6.66685
G1 X94.769 Y96.162 E6.6919
G1 X96.957 Y96.162 E6.79714
G1 X97.296 Y96.383 E6.8166
G1 X98.029 Y96.996 E6.86256
G1 X98.789 Y97.762 E6.91446
G1 X99.142 Y98.16 E6.94005
G1 X99.286 Y98.225 E6.94765
G1 X101.086 Y98.225 E7.03422
G1 X101.088 Y99.167 E7.07953
G1 X101.089 Y100.112 E7.12498
G1 X97.2 Y100.112 E7.31203
G1 X96.906 Y99.826 E7.33176
G1 X96.4 Y99.514 E7.36035
G1 X95.88 Y99.401 E7.38594
G1 X95.382 Y99.493 E7.4103
G1 X94.915 Y99.755 E7.43605
G1 X94.52 Y100.112 E7.46166
G1 X89.724 Y100.112 E7.69233
G1 X89.609 Y100.151 E7.69817
G1 X89.532 Y100.306 E7.70649
G1 X89.538 Y103.137 E7.84265
G1 X87.51 Y103.137 E7.94019
G1 X87.422 Y103.166 E7.94465
G1 X87.329 Y103.555 F7800
G1 E5.94465 F2400
G92 E0
G1 X88.796 Y99.276 F7800
G1 E2 F2400
;TYPE:Solid infill
G1 F3000
G1 X86.137 Y99.285 E2.12789
G1 X86.137 Y102.254 E2.27069
G1 X86.33 Y102.334 E2.28074
G1 X86.542 Y102.534 E2.29476
G1 X86.819 Y102.294 E2.31239
G1 X87.362 Y102.093 E2.34024
G1 X88.475 Y102.077 E2.39378
G1 X88.471 Y100.318 E2.47838
G1 X88.593 Y99.786 E2.50463
G1 X88.989 Y99.276 E2.53569
G1 X88.237 Y99.664 F7800
G1 F3000
G1 X88.178 Y99.791 E2.54243
G1 X88.086 Y100.319 E2.56821
G1 X88.089 Y101.693 E2.63429
G1 X87.427 Y101.696 E2.66613
G1 X87.229 Y101.731 E2.6758
G1 X86.523 Y101.998 E2.7121
G1 X86.523 Y99.669 E2.82412
G1 X88.044 Y99.664 E2.89728
G1 X87.734 Y100.051 E2.92113
G1 X87.7 Y100.319 E2.93412
G1 X87.702 Y101.309 E2.98174
G1 X87.341 Y101.314 E2.9991
G1 X86.908 Y101.439 E3.02078
G1 X86.908 Y100.054 E3.08739
G1 X87.541 Y100.052 E3.11784
G1 X87.304 Y100.448 E3.14004
;WIDTH:0.471799
G1 X87.305 Y100.919 E3.16397
G1 E1.16397 F2400
G92 E0
G1 X96.443 Y97.223 F7800
G1 E2 F2400
;WIDTH:0.45
G1 F3000
G1 X95.088 Y97.223 E2.06517
G1 X94.501 Y97.702 E2.10161
G1 X93.998 Y98.196 E2.13552
G1 X93.387 Y98.851 E2.1786
G1 X93.085 Y99.06 E2.19626
G1 X94.115 Y99.052 E2.2458
G1 X94.448 Y98.796 E2.266
G1 X94.92 Y98.538 E2.29187
G1 X95.364 Y98.412 E2.31407
G1 X95.885 Y98.341 E2.33936
G1 X96.269 Y98.391 E2.35798
G1 X96.806 Y98.534 E2.38471
G1 X97.039 Y98.652 E2.39727
G1 X97.621 Y99.052 E2.43124
G1 X98.719 Y99.066 E2.48405
G1 X98.723 Y99.05 E2.48484
G1 X98.334 Y98.847 E2.50594
G1 X97.982 Y98.454 E2.53132
G1 X97.312 Y97.779 E2.57706
G1 X96.636 Y97.223 E2.61916
G1 X95.912 Y97.598 F7800
;WIDTH:0.465516
G1 F3000
G1 X96.495 Y97.616 E2.64834
G1 X96.98 Y98.015 E2.67976
G1 X97.39 Y98.416 E2.70845
G1 X97.262 Y98.328 E2.71622
G1 X96.908 Y98.154 E2.73596
G1 X96.371 Y98.011 E2.76376
G1 X95.834 Y97.967 E2.79072
;WIDTH:0.469032
G1 X95.232 Y98.032 E2.82128
G1 X94.731 Y98.191 E2.84781
G1 X94.267 Y98.463 E2.87496
G1 X94.686 Y98.064 E2.90416
G1 X95.209 Y97.618 E2.93885
G1 X95.719 Y97.604 E2.9646
G1 E.9646 F2400
G92 E0
G92 E0
G1 X81.187 Y85.284 F7800
G1 E2 F2400
;TYPE:Perimeter
;WIDTH:0.45
G1 F1800
G1 X81.248 Y85.231 E2.00389
G1 X81.491 Y84.716 E2.03128
G1 X81.714 Y85.231 E2.05827
G1 X81.935 Y85.423 E2.07235
G1 X82.138 Y85.52 E2.08317
G1 X82.449 Y85.571 E2.09833
G1 X83.707 Y85.571 E2.15884
G1 X83.707 Y86.829 E2.21935
G1 X83.707 Y88.941 E2.32093
G1 X80.788 Y88.941 E2.46132
G1 X80.788 Y86.88 E2.56045
G1 X80.704 Y86.488 E2.57973
G1 X80.593 Y86.3 E2.59023
G1 X80.359 Y86.079 E2.60571
G1 X79.823 Y85.926 E2.63252
;WIDTH:0.429703
G1 X74.927 Y85.926 E2.85561
;WIDTH:0.438315
G1 X74.762 Y85.937 E2.86332
;WIDTH:0.45
G1 X74.268 Y86.177 E2.88974
G1 X73.802 Y86.575 E2.91921
G1 X73.716 Y86.534 E2.92379
G1 X73.335 Y86.177 E2.9489
G1 X72.676 Y85.926 E2.98282
;WIDTH:0.429703
G1 X69.338 Y85.926 E3.13492
G1 X69.338 Y85.561 E3.15155
G1 X72.676 Y85.561 E3.30365
;WIDTH:0.45
G1 X74.927 Y85.561 E3.41192
;WIDTH:0.429703
G1 X79.823 Y85.561 E3.63501
;WIDTH:0.45
G1 X80.513 Y85.571 E3.6682
G1 X80.831 Y85.518 E3.68371
G1 X81.028 Y85.423 E3.69423
G1 X81.142 Y85.323 E3.70152
G1 X80.912 Y85.011 F7800
G1 F1800
G1 X80.954 Y84.982 E3.70397
G1 X81.088 Y84.672 E3.72021
G1 X81.092 Y84.321 E3.73709
G1 X81.871 Y84.321 E3.77456
G1 X81.871 Y84.607 E3.78832
G1 X82.008 Y84.982 E3.80752
G1 X82.263 Y85.155 E3.82234
G1 X82.449 Y85.186 E3.83141
G1 X84.093 Y85.186 E3.91048
G1 X84.093 Y86.829 E3.9895
G1 X84.093 Y89.327 E4.10965
G1 X80.402 Y89.327 E4.28717
G1 X80.402 Y86.88 E4.40486
G1 X80.352 Y86.645 E4.41642
G1 X80.145 Y86.399 E4.43188
G1 X79.823 Y86.302 E4.44805
G1 X74.827 Y86.311 E4.68834
G1 X74.532 Y86.458 E4.70419
G1 X74.168 Y86.799 E4.72818
G1 X73.953 Y86.929 E4.74026
G1 X73.722 Y86.963 E4.75149
G1 X73.496 Y86.857 E4.7635
G1 X73.071 Y86.458 E4.79154
G1 X72.676 Y86.302 E4.81197
G1 X68.963 Y86.302 E4.99055
G1 X68.963 Y85.186 E5.04423
G1 X80.513 Y85.186 E5.59974
G1 X80.704 Y85.153 E5.60906
G1 X80.863 Y85.044 E5.61833
G1 X80.639 Y84.729 F7800
;TYPE:External perimeter
G1 F1800
G1 X80.706 Y84.607 E5.62502
G1 X80.706 Y83.936 E5.65729
G1 X82.256 Y83.936 E5.73184
G1 X82.256 Y84.607 E5.76411
G1 X82.302 Y84.732 E5.77052
G1 X82.449 Y84.8 E5.77831
G1 X84.478 Y84.8 E5.8759
G1 X84.478 Y86.829 E5.97349
G1 X84.478 Y89.712 E6.11215
G1 X80.016 Y89.712 E6.32676
G1 X80.016 Y86.88 E6.46297
G1 X79.977 Y86.764 E6.46886
G1 X79.823 Y86.687 E6.47714
G1 X74.927 Y86.687 E6.71262
G1 X74.795 Y86.74 E6.71946
G1 X74.398 Y87.112 E6.74563
;TYPE:Overhang perimeter
;WIDTH:0.4
;HEIGHT:0.4
M106 S255
G1 F3600
G1 X74.325 Y87.18 E6.75084
G1 X73.968 Y87.349 E6.77148
G1 X73.635 Y87.349 E6.78888
G1 X73.277 Y87.18 E6.80956
G1 X73.205 Y87.112 E6.81473
M106 S226.95
;TYPE:External perimeter
;WIDTH:0.45
;HEIGHT:0.3
G1 F1800
G1 X72.807 Y86.74 E6.84093
G1 X72.676 Y86.687 E6.84773
G1 X68.577 Y86.687 E7.04488
G1 X68.577 Y84.8 E7.13564
G1 X80.513 Y84.8 E7.70972
G1 X80.603 Y84.774 E7.71423
G1 X80.697 Y84.385 F7800
G1 X81.481 Y85.409
;TYPE:Solid infill
G1 F3000
G1 X81.818 Y85.685 E7.73518
G1 X82.293 Y85.849 E7.75935
G1 X83.418 Y85.86 E7.81346
G1 X83.418 Y88.652 E7.94775
G1 X81.077 Y88.652 E8.06034
G1 X81.077 Y87.018 E8.13893
G1 X80.98 Y86.41 E8.16854
G1 X80.837 Y86.147 E8.18294
G1 X80.542 Y85.857 E8.20284
G1 X80.897 Y85.797 E8.22016
G1 X81.161 Y85.678 E8.23409
G1 X81.333 Y85.533 E8.24491
G1 X81.481 Y85.92 E8.26484
G1 X81.576 Y85.993 E8.2706
G1 X82.095 Y86.198 E8.29744
G1 X82.29 Y86.234 E8.30698
G1 X83.032 Y86.241 E8.34267
G1 X83.032 Y88.266 E8.44007
G1 X81.462 Y88.266 E8.51558
G1 X81.462 Y86.885 E8.582
G1 X81.358 Y86.33 E8.60916
G1 X81.239 Y86.069 E8.62296
G1 X81.317 Y86.021 E8.62736
G1 X81.787 Y86.496 E8.6595
G1 X82.163 Y86.611 E8.67841
G1 X82.647 Y86.623 E8.7017
G1 X82.647 Y87.881 E8.76221
G1 X81.848 Y87.881 E8.80064
G1 X81.848 Y87.018 E8.84215
G1 X81.809 Y86.687 E8.85818
G1 X82.247 Y87.018 E8.88459
;WIDTH:0.477561
G1 X82.247 Y87.481 E8.90845
G1 E6.90845 F2400
G92 E0
G1 X74.207 Y85.833 F7800
G1 E2 F2400
;WIDTH:0.411538
G1 F3000
G1 X74.246 Y85.864 E2.00216
G1 X74.225 Y85.908 E2.00427
G1 X74.116 Y85.96 E2.0095
G1 X73.801 Y86.244 E2.02786
G1 X73.534 Y85.993 E2.04373
G1 X73.32 Y85.9 E2.05383
G1 X73.333 Y85.833 E2.05679
G1 X74.015 Y85.833 E2.08632
G1 E.08632 F2400
G92 E0
G1 X81.191 Y72.585 F7800
G1 E2 F2400
;TYPE:Perimeter
;WIDTH:0.45
G1 F1800
G1 X81.028 Y72.452 E2.01012
G1 X80.831 Y72.357 E2.02064
G1 X80.513 Y72.304 E2.03615
G1 X79.823 Y72.314 E2.06934
;WIDTH:0.429703
G1 X74.927 Y72.314 E2.29243
;WIDTH:0.45
G1 X72.676 Y72.314 E2.4007
;WIDTH:0.429703
G1 X69.339 Y72.314 E2.55275
G1 X69.339 Y71.949 E2.56938
G1 X72.676 Y71.949 E2.72143
;WIDTH:0.438316
G1 X72.841 Y71.938 E2.72914
;WIDTH:0.45
G1 X73.335 Y71.698 E2.75556
G1 X73.802 Y71.3 E2.78507
G1 X73.887 Y71.34 E2.78959
G1 X74.268 Y71.698 E2.81474
G1 X74.927 Y71.949 E2.84866
;WIDTH:0.429703
G1 X79.823 Y71.949 E3.07175
;WIDTH:0.438316
G1 X79.989 Y71.938 E3.07951
;WIDTH:0.45
G1 X80.359 Y71.796 E3.09857
G1 X80.593 Y71.575 E3.11405
G1 X80.704 Y71.387 E3.12455
G1 X80.788 Y70.995 E3.14383
G1 X80.788 Y68.934 E3.24296
G1 X83.707 Y68.934 E3.38335
G1 X83.707 Y70.394 E3.45357
G1 X83.707 Y72.304 E3.54543
G1 X82.311 Y72.314 E3.61257
G1 X81.935 Y72.452 E3.63183
G1 X81.756 Y72.598 E3.64294
G1 X81.531 Y72.993 E3.6648
G1 X81.431 Y72.993 E3.66961
G1 X81.227 Y72.633 E3.68951
G1 X80.919 Y72.858 F7800
G1 F1800
G1 X80.822 Y72.779 E3.69553
G1 X80.513 Y72.689 E3.71101
G1 X68.963 Y72.689 E4.26652
G1 X68.963 Y71.573 E4.3202
G1 X72.776 Y71.564 E4.50359
G1 X73.071 Y71.417 E4.51944
G1 X73.435 Y71.076 E4.54343
G1 X73.65 Y70.946 E4.55551
G1 X73.881 Y70.912 E4.56674
G1 X74.106 Y71.017 E4.57868
G1 X74.532 Y71.417 E4.60679
G1 X74.927 Y71.573 E4.62722
G1 X79.823 Y71.573 E4.8627
G1 X80.145 Y71.476 E4.87887
G1 X80.352 Y71.23 E4.89433
G1 X80.402 Y70.995 E4.90589
G1 X80.402 Y68.548 E5.02358
G1 X84.093 Y68.548 E5.2011
G1 X84.093 Y70.394 E5.28989
G1 X84.093 Y72.689 E5.40027
G1 X82.449 Y72.689 E5.47934
G1 X82.263 Y72.72 E5.48841
G1 X82.033 Y72.866 E5.50151
G1 X81.902 Y73.079 E5.51354
G1 X81.871 Y73.379 E5.52805
G1 X81.092 Y73.379 E5.56552
G1 X81.06 Y73.079 E5.58003
G1 X80.954 Y72.906 E5.58979
G1 X80.643 Y73.13 F7800
;TYPE:External perimeter
G1 F1800
G1 X80.513 Y73.075 E5.59658
G1 X68.578 Y73.075 E6.17061
G1 X68.578 Y71.187 E6.26142
G1 X72.676 Y71.187 E6.45852
G1 X72.807 Y71.135 E6.4653
G1 X73.205 Y70.762 E6.49154
;TYPE:Overhang perimeter
;WIDTH:0.4
;HEIGHT:0.4
M106 S255
G1 F3600
G1 X73.277 Y70.695 E6.49668
G1 X73.635 Y70.526 E6.51736
G1 X73.968 Y70.526 E6.53476
G1 X74.325 Y70.695 E6.5554
G1 X74.398 Y70.762 E6.56058
M106 S226.95
;TYPE:External perimeter
;WIDTH:0.45
;HEIGHT:0.3
G1 F1800
G1 X74.795 Y71.135 E6.58678
G1 X74.927 Y71.187 E6.5936
G1 X79.823 Y71.187 E6.82908
G1 X79.977 Y71.111 E6.83734
G1 X80.016 Y70.995 E6.84323
G1 X80.016 Y68.162 E6.97949
G1 X84.478 Y68.162 E7.1941
G1 X84.478 Y70.394 E7.30145
G1 X84.478 Y73.075 E7.4304
G1 X82.387 Y73.085 E7.53097
G1 X82.267 Y73.205 E7.53913
G1 X82.256 Y73.764 E7.56602
G1 X80.706 Y73.764 E7.64057
G1 X80.706 Y73.268 E7.66443
G1 X80.671 Y73.18 E7.66898
G1 X80.283 Y73.082 F7800
G1 E5.66898 F2400
G92 E0
G1 X81.077 Y69.223 F7800
G1 E2 F2400
;TYPE:Solid infill
G1 F3000
G1 X83.418 Y69.223 E2.11259
G1 X83.418 Y72.015 E2.24688
G1 X82.362 Y72.019 E2.29767
G1 X82.107 Y72.068 E2.31016
G1 X81.868 Y72.165 E2.32257
G1 X81.569 Y72.379 E2.34025
G1 X81.481 Y72.501 E2.34748
G1 X81.436 Y72.428 E2.3516
G1 X81.2 Y72.222 E2.36667
G1 X80.948 Y72.095 E2.38024
G1 X80.542 Y72.018 E2.40012
G1 X80.803 Y71.771 E2.4174
G1 X80.976 Y71.483 E2.43356
G1 X81.077 Y70.993 E2.45762
G1 X81.077 Y69.416 E2.53347
G1 X81.462 Y69.609 E2.55418
G1 X83.032 Y69.609 E2.62969
G1 X83.032 Y71.631 E2.72694
G1 X82.361 Y71.633 E2.75921
G1 X81.858 Y71.743 E2.78397
G1 X81.481 Y71.953 E2.80473
G1 X81.239 Y71.806 E2.81835
G1 X81.357 Y71.546 E2.83208
G1 X81.462 Y70.99 E2.85929
G1 X81.462 Y69.801 E2.91648
G1 X81.848 Y69.994 E2.93724
G1 X82.647 Y69.994 E2.97567
G1 X82.647 Y71.246 E3.03589
G1 X82.281 Y71.251 E3.05349
G1 X81.791 Y71.361 E3.07764
G1 X81.848 Y70.99 E3.09569
G1 X81.848 Y70.187 E3.13431
G1 X82.247 Y70.394 E3.15593
;WIDTH:0.477559
G1 X82.247 Y70.853 E3.17958
G1 E1.17958 F2400
G92 E0
G1 X73.801 Y71.631 F7800
G1 E2 F2400
;WIDTH:0.411539
G1 F3000
G1 X74.069 Y71.882 E2.0159
G1 X74.25 Y71.963 E2.02449
G1 X74.276 Y72.009 E2.02678
G1 X74.27 Y72.042 E2.02823
G1 X73.364 Y72.042 E2.06746
G1 X73.35 Y71.98 E2.07021
G1 X73.487 Y71.915 E2.07678
G1 X73.658 Y71.76 E2.08677
;LAYER_CHANGE
;Z:3.95
;HEIGHT:0.3
G1 E.08677 F2400
G92 E0
G1 Z3.95 F7800
G92 E0
G1 X86.832 Y115.346
G1 E2 F2400
;TYPE:Perimeter
;WIDTH:0.45
G1 F1800
G1 X86.902 Y115.418 E2.00483
G1 X87.51 Y115.634 E2.03586
G1 X88.65 Y115.634 E2.09069
G1 X88.653 Y117.661 E2.18818
G1 X88.728 Y118.067 E2.20804
G1 X89.039 Y118.466 E2.23237
G1 X89.617 Y118.649 E2.26153
;WIDTH:0.429703
G1 X92.229 Y118.649 E2.38055
;WIDTH:0.45
G1 X93.647 Y118.659 E2.44875
G1 X93.981 Y119.081 E2.47463
G1 X94.502 Y119.575 E2.50916
G1 X94.959 Y119.86 E2.53506
G1 X95.277 Y119.985 E2.55149
G1 X95.883 Y120.088 E2.58105
G1 X96.529 Y119.96 E2.61272
G1 X96.838 Y119.825 E2.62894
G1 X97.426 Y119.407 E2.66364
G1 X97.861 Y118.955 E2.69381
G1 X98.092 Y118.659 E2.71187
G1 X99.495 Y118.649 E2.77935
;WIDTH:0.429702
G1 X100.448 Y118.649 E2.82277
G1 X100.448 Y118.831 E2.83106
G1 X100.448 Y119.014 E2.8394
G1 X100.266 Y119.014 E2.84769
;WIDTH:0.438315
G1 X99.33 Y119.024 E2.89135
;WIDTH:0.45
G1 X98.773 Y119.329 E2.92189
G1 X97.895 Y120.324 E2.98571
G1 X97.149 Y121.066 E3.03632
G1 X94.575 Y121.066 E3.16012
G1 X93.839 Y120.334 E3.21005
G1 X92.951 Y119.329 E3.27455
G1 X92.229 Y119.014 E3.31244
;WIDTH:0.429703
G1 X89.617 Y119.014 E3.43146
;WIDTH:0.45
G1 X85.97 Y119.004 E3.60687
G1 X85.97 Y115.493 E3.77574
G1 X86.182 Y115.418 E3.78656
G1 X86.542 Y114.904 E3.81674
G1 X86.742 Y115.253 E3.83609
G1 X86.79 Y115.303 E3.83942
G1 X87.103 Y115.075 F7800
G1 F3600
G1 X87.145 Y115.119 E3.84235
G1 X87.51 Y115.248 E3.86097
G1 X89.035 Y115.248 E3.93432
G1 X89.039 Y117.66 E4.05033
G1 X89.083 Y117.918 E4.06292
G1 X89.27 Y118.158 E4.07755
G1 X89.617 Y118.273 E4.09513
G1 X93.838 Y118.273 E4.29815
G1 X94.251 Y118.806 E4.33058
G1 X94.725 Y119.26 E4.36215
G1 X95.162 Y119.532 E4.38691
G1 X95.353 Y119.607 E4.39678
G1 X95.883 Y119.702 E4.42268
G1 X96.439 Y119.585 E4.45001
G1 X96.625 Y119.504 E4.45977
G1 X97.148 Y119.14 E4.49042
G1 X97.583 Y118.687 E4.52063
G1 X97.899 Y118.273 E4.54568
G1 X100.824 Y118.273 E4.68636
G1 X100.824 Y118.831 E4.7132
G1 X100.824 Y119.389 E4.74004
G1 X99.395 Y119.398 E4.80877
G1 X99.062 Y119.585 E4.82714
G1 X98.184 Y120.579 E4.89093
G1 X97.291 Y121.452 E4.95099
G1 X94.433 Y121.452 E5.08845
G1 X94.246 Y121.293 E5.10026
G1 X93.558 Y120.598 E5.1473
G1 X92.662 Y119.585 E5.21235
G1 X92.229 Y119.389 E5.23521
G1 X85.585 Y119.389 E5.55476
G1 X85.585 Y115.244 E5.75412
G1 X85.939 Y115.119 E5.77218
G1 X86.035 Y115.019 E5.77885
G1 X86.13 Y114.829 E5.78907
G1 X86.152 Y114.519 E5.80402
G1 X86.931 Y114.518 E5.84149
G1 X86.954 Y114.829 E5.85649
G1 X87.049 Y115.019 E5.86671
G1 X87.061 Y115.032 E5.86756
G1 X87.384 Y114.8 F7800
;TYPE:External perimeter
G1 F1800
G1 X87.51 Y114.862 E5.87431
G1 X89.42 Y114.862 E5.96617
G1 X89.424 Y117.695 E6.10243
G1 X89.502 Y117.849 E6.11073
G1 X89.617 Y117.887 E6.11656
G1 X94.03 Y117.887 E6.32881
G1 X94.521 Y118.53 E6.36772
G1 X94.958 Y118.952 E6.39694
G1 X95.429 Y119.229 E6.42322
G1 X95.928 Y119.311 E6.44754
G1 X96.411 Y119.183 E6.47157
G1 X96.87 Y118.872 E6.49824
G1 X97.321 Y118.402 E6.52957
G1 X97.706 Y117.887 E6.5605
G1 X101.209 Y117.887 E6.72898
G1 X101.209 Y118.831 E6.77438
G1 X101.21 Y119.775 E6.81978
G1 X99.495 Y119.775 E6.90227
G1 X99.351 Y119.84 E6.90987
G1 X98.448 Y120.862 E6.97546
G1 X97.884 Y121.431 E7.01399
G1 X97.432 Y121.837 E7.04321
G1 X94.292 Y121.837 E7.19423
G1 X93.983 Y121.576 E7.21368
G1 X93.276 Y120.862 E7.26201
G1 X92.373 Y119.84 E7.3276
G1 X92.229 Y119.775 E7.3352
G1 X85.199 Y119.775 E7.67332
G1 X85.199 Y114.862 E7.90962
G1 X85.574 Y114.862 E7.92766
G1 X85.696 Y114.819 E7.93388
G1 X85.767 Y114.67 E7.94182
G1 X85.767 Y114.134 E7.9676
G1 X87.317 Y114.132 E8.04215
G1 X87.317 Y114.67 E8.06803
G1 X87.347 Y114.759 E8.07255
G1 X87.735 Y114.854 F7800
G1 E6.07255 F2400
G92 E0
G1 X86.26 Y118.715 F7800
G1 E2 F2400
;TYPE:Solid infill
G1 F3000
G1 X86.26 Y115.686 E2.14568
G1 X86.314 Y115.666 E2.14845
G1 X86.542 Y115.46 E2.16323
G1 X86.763 Y115.665 E2.17773
G1 X87.428 Y115.919 E2.21197
G1 X88.361 Y115.923 E2.25684
G1 X88.368 Y117.725 E2.34351
G1 X88.488 Y118.218 E2.36791
G1 X88.875 Y118.715 E2.39821
G1 X86.452 Y118.715 E2.51475
G1 X86.645 Y118.329 E2.53551
G1 X86.645 Y116.033 E2.64594
G1 X87.212 Y116.262 E2.67535
G1 X87.427 Y116.304 E2.68589
G1 X87.976 Y116.307 E2.7123
G1 X87.99 Y117.801 E2.78416
G1 X88.126 Y118.329 E2.81038
G1 X86.838 Y118.329 E2.87233
G1 X87.075 Y116.859 F7800
;WIDTH:0.538053
G1 F3000
G1 X87.075 Y117.899 E2.93377
G1 X87.568 Y117.886 E2.96291
G1 X87.548 Y116.964 E3.01739
;WIDTH:0.537581
G1 X87.548 Y116.734 E3.03096
G1 X87.334 Y116.729 E3.04359
G1 X87.075 Y116.666 E3.05932
G1 E1.05932 F2400
G92 E0
G1 X92.765 Y118.988 F7800
G1 E2 F2400
;WIDTH:0.391313
G1 F3000
G1 X92.782 Y118.908 E2.00333
G1 X93.535 Y118.939 E2.03406
G1 X93.331 Y119.353 E2.05288
G1 X93.172 Y119.186 E2.06228
G1 X92.939 Y119.072 E2.07286
G1 E.07286 F2400
G92 E0
G1 X98.168 Y118.987 F7800
G1 E2 F2400
;WIDTH:0.39285
G1 F3000
G1 X98.221 Y118.919 E2.00353
G1 X98.831 Y118.913 E2.02852
G1 X98.878 Y118.948 E2.03092
G1 X98.887 Y118.985 E2.03248
G1 X98.611 Y119.134 E2.04533
G1 X98.381 Y119.379 E2.0591
G1 X98.26 Y119.156 E2.06949
G1 X98.122 Y119.896 F7800
;TYPE:Top solid infill
;WIDTH:0.406042
G1 F2400
G1 X97.714 Y119.488 E2.09408
G1 X97.462 Y119.72 E2.10868
G1 X97.788 Y120.045 E2.1283
G1 X97.553 Y120.294 E2.14289
G1 X97.177 Y119.917 E2.16558
G1 X96.879 Y120.102 E2.18053
G1 X97.313 Y120.536 E2.20669
G1 X97.072 Y120.779 E2.22127
G1 X96.525 Y120.232 E2.25423
G1 X96.134 Y120.324 E2.27135
G1 X96.612 Y120.802 E2.30016
G1 X96.122 Y120.795 E2.32104
G1 X95.656 Y120.33 E2.34909
G1 X95.221 Y120.243 E2.36799
G1 X95.023 Y120.179 E2.37686
G1 X95.638 Y120.795 E2.41395
G1 X95.163 Y120.802 E2.43419
G1 X93.705 Y119.344 E2.52206
G1 X93.577 Y119.639 E2.53576
G1 X94.032 Y120.154 E2.56504
G1 X94.83 Y120.953 E2.61316
G1 E.61316
G92 E0
G1 X86.83 Y102.649 F7800
G1 E2 F2400
;TYPE:Perimeter
;WIDTH:0.45
G1 F1800
G1 X86.796 Y102.682 E2.00228
G1 X86.657 Y102.921 E2.01558
G1 X86.427 Y102.921 E2.02664
G1 X86.406 Y102.843 E2.03053
G1 X86.182 Y102.582 E2.04707
G1 X85.97 Y102.507 E2.05789
G1 X85.97 Y98.996 E2.22676
G1 X89.617 Y98.986 E2.40217
;WIDTH:0.429704
G1 X92.229 Y98.986 E2.52119
;WIDTH:0.438316
G1 X92.394 Y98.976 E2.5289
;WIDTH:0.45
G1 X92.951 Y98.67 E2.55947
G1 X93.914 Y97.591 E2.62903
G1 X94.575 Y96.934 E2.67385
G1 X97.148 Y96.934 E2.7976
G1 X97.888 Y97.669 E2.84776
G1 X98.773 Y98.671 E2.91206
G1 X99.495 Y98.986 E2.94995
;WIDTH:0.429703
G1 X100.448 Y98.986 E2.99337
G1 X100.448 Y99.169 E3.00171
G1 X100.448 Y99.351 E3.01
G1 X99.495 Y99.351 E3.05342
;WIDTH:0.45
G1 X98.092 Y99.341 E3.1209
G1 X97.861 Y99.045 E3.13896
G1 X97.265 Y98.459 E3.17916
G1 X96.838 Y98.175 E3.20382
G1 X96.529 Y98.04 E3.22004
G1 X95.883 Y97.912 E3.25171
G1 X95.277 Y98.015 E3.28127
G1 X94.959 Y98.14 E3.2977
G1 X94.384 Y98.524 E3.33096
G1 X93.981 Y98.919 E3.3581
G1 X93.627 Y99.341 E3.38459
G1 X92.229 Y99.351 E3.45183
;WIDTH:0.429704
G1 X89.617 Y99.351 E3.57085
;WIDTH:0.438316
G1 X89.452 Y99.362 E3.57856
;WIDTH:0.45
G1 X89.039 Y99.534 E3.60008
G1 X88.728 Y99.933 E3.62441
G1 X88.653 Y100.304 E3.64261
G1 X88.65 Y102.366 E3.74179
G1 X87.427 Y102.37 E3.80061
G1 X86.902 Y102.582 E3.82784
G1 X86.874 Y102.608 E3.82968
G1 X87.105 Y102.928 F7800
G1 F3600
G1 X87.011 Y103.038 E3.83664
G1 X86.938 Y103.307 E3.85005
G1 X86.146 Y103.306 E3.88814
G1 X86.073 Y103.038 E3.9015
G1 X85.939 Y102.881 E3.91143
G1 X85.585 Y102.756 E3.92949
G1 X85.585 Y98.611 E4.12885
G1 X92.329 Y98.602 E4.45321
G1 X92.662 Y98.415 E4.47158
G1 X93.558 Y97.402 E4.53663
G1 X94.433 Y96.548 E4.59544
G1 X97.292 Y96.548 E4.73295
G1 X98.168 Y97.404 E4.79186
G1 X99.062 Y98.415 E4.85677
G1 X99.495 Y98.611 E4.87963
G1 X100.824 Y98.611 E4.94355
G1 X100.824 Y99.169 E4.97039
G1 X100.824 Y99.727 E4.99723
G1 X97.899 Y99.727 E5.13791
G1 X97.583 Y99.313 E5.16296
G1 X97.052 Y98.78 E5.19915
G1 X96.625 Y98.496 E5.22381
G1 X96.439 Y98.415 E5.23357
G1 X95.883 Y98.298 E5.2609
G1 X95.353 Y98.393 E5.2868
G1 X95.162 Y98.468 E5.29667
G1 X94.654 Y98.799 E5.32583
G1 X94.209 Y99.24 E5.35596
G1 X93.814 Y99.727 E5.38612
G1 X89.617 Y99.727 E5.58798
G1 X89.27 Y99.842 E5.60556
G1 X89.083 Y100.082 E5.62019
G1 X89.039 Y100.305 E5.63112
G1 X89.035 Y102.752 E5.74881
G1 X87.51 Y102.752 E5.82216
G1 X87.145 Y102.881 E5.84078
G1 X87.144 Y102.883 E5.84089
G1 X87.388 Y103.204 F7800
;TYPE:External perimeter
G1 F1800
G1 X87.343 Y103.233 E5.84346
G1 X87.317 Y103.693 E5.86562
G1 X85.767 Y103.691 E5.94017
G1 X85.74 Y103.233 E5.96224
G1 X85.574 Y103.137 E5.97146
G1 X85.199 Y103.137 E5.9895
G1 X85.199 Y98.225 E6.22575
G1 X92.229 Y98.225 E6.56387
G1 X92.373 Y98.16 E6.57147
G1 X93.276 Y97.138 E6.63706
G1 X93.84 Y96.569 E6.67559
G1 X94.292 Y96.162 E6.70484
G1 X97.433 Y96.162 E6.85591
G1 X97.648 Y96.344 E6.86946
G1 X98.449 Y97.139 E6.92374
G1 X99.351 Y98.16 E6.98927
G1 X99.495 Y98.225 E6.99687
G1 X101.21 Y98.225 E7.07936
G1 X101.209 Y99.169 E7.12476
G1 X101.209 Y100.112 E7.17012
G1 X97.706 Y100.112 E7.3386
G1 X97.305 Y99.58 E7.37064
G1 X96.81 Y99.082 E7.40441
G1 X96.378 Y98.799 E7.42925
G1 X95.883 Y98.684 E7.45369
G1 X95.365 Y98.796 E7.47918
G1 X94.924 Y99.074 E7.50425
G1 X94.364 Y99.659 E7.5432
G1 X94.022 Y100.112 E7.5705
G1 X89.617 Y100.112 E7.78237
G1 X89.502 Y100.151 E7.78821
G1 X89.424 Y100.305 E7.79651
G1 X89.42 Y103.137 E7.93272
G1 X87.493 Y103.138 E8.0254
G1 X87.439 Y103.172 E8.02847
G1 X87.33 Y103.557 F7800
G1 E6.02847 F2400
G92 E0
G1 X86.26 Y99.478 F7800
G1 E2 F2400
;TYPE:Solid infill
G1 F3000
G1 X86.26 Y102.314 E2.1364
G1 X86.4 Y102.393 E2.14413
G1 X86.538 Y102.56 E2.15455
G1 X86.761 Y102.336 E2.16975
G1 X87.357 Y102.095 E2.20067
G1 X88.361 Y102.077 E2.24897
G1 X88.364 Y100.313 E2.33381
G1 X88.488 Y99.782 E2.36004
G1 X88.882 Y99.276 E2.39088
G1 X86.26 Y99.285 E2.51699
G1 X86.645 Y99.669 E2.54314
G1 X88.129 Y99.664 E2.61452
G1 X88.073 Y99.786 E2.62098
G1 X87.978 Y100.313 E2.64674
G1 X87.976 Y101.693 E2.71311
G1 X87.427 Y101.696 E2.73952
G1 X87.212 Y101.738 E2.75006
G1 X86.645 Y101.967 E2.77947
G1 X86.645 Y99.862 E2.88071
G1 X87.075 Y101.334 F7800
;WIDTH:0.538057
G1 F3000
G1 X87.075 Y100.097 E2.95379
G1 X87.572 Y100.096 E2.98315
G1 X87.549 Y100.334 E2.99728
G1 X87.548 Y101.266 E3.05234
;WIDTH:0.53758
G1 X87.425 Y101.266 E3.0596
G1 X87.264 Y101.297 E3.06928
G1 E1.06928 F2400
G92 E0
G1 X92.837 Y99.015 F7800
G1 E2 F2400
;WIDTH:0.393063
G1 F3000
G1 X93.113 Y98.866 E2.01286
G1 X93.343 Y98.621 E2.02664
G1 X93.449 Y98.85 E2.03698
G1 X93.559 Y99.014 E2.04508
G1 X93.503 Y99.081 E2.04866
G1 X92.974 Y99.086 E2.07035
G1 E.07035 F2400
G92 E0
G1 X96.888 Y97.047 F7800
G1 E2 F2400
;TYPE:Top solid infill
;WIDTH:0.40561
G1 X97.726 Y97.884 E2.05041
G1 X98.148 Y98.362 E2.07755
G1 X98.018 Y98.659 E2.09135
G1 X96.557 Y97.198 E2.17929
G1 X96.082 Y97.205 E2.19951
G1 X96.692 Y97.816 E2.23626
G1 X96.063 Y97.669 E2.26375
G1 X95.599 Y97.205 E2.29168
G1 X95.109 Y97.198 E2.31254
G1 X95.593 Y97.682 E2.34167
G1 X95.194 Y97.765 E2.35901
G1 X94.651 Y97.222 E2.39169
G1 X94.41 Y97.464 E2.40623
G1 X94.847 Y97.901 E2.43253
G1 X94.549 Y98.085 E2.44744
G1 X94.17 Y97.707 E2.47022
G1 X93.936 Y97.955 E2.48473
G1 X94.263 Y98.282 E2.50441
G1 X94.015 Y98.517 E2.51895
G1 X93.603 Y98.104 E2.54378
G1 E.54378
G92 E0
G1 X98.167 Y99.01 F7800
G1 E2 F2400
;TYPE:Solid infill
;WIDTH:0.391715
G1 F3000
G1 X98.207 Y98.968 E2.00237
G1 X98.385 Y98.624 E2.01818
G1 X98.552 Y98.813 E2.02848
G1 X98.965 Y99.015 E2.04725
G1 X98.948 Y99.093 E2.05051
G1 X98.334 Y99.083 E2.07558
G1 E.07558 F2400
G92 E0
G92 E0
G1 X81.19 Y85.286 F7800
G1 E2 F2400
;TYPE:Perimeter
;WIDTH:0.45
G1 F1800
G1 X81.233 Y85.249 E2.00273
G1 X81.481 Y84.841 E2.02569
G1 X81.729 Y85.249 E2.04865
G1 X81.914 Y85.409 E2.06041
G1 X82.156 Y85.526 E2.07334
G1 X82.449 Y85.571 E2.0876
G1 X83.587 Y85.571 E2.14233
G1 X83.587 Y86.71 E2.19711
G1 X83.587 Y88.941 E2.30441
G1 X80.909 Y88.941 E2.43321
G1 X80.909 Y87.602 E2.49761
G1 X80.887 Y86.677 E2.54211
G1 X80.794 Y86.425 E2.55503
G1 X80.662 Y86.236 E2.56612
G1 X80.399 Y86.03 E2.58219
G1 X79.945 Y85.926 E2.60459
;WIDTH:0.429703
G1 X75.419 Y85.926 E2.81082
;WIDTH:0.438315
G1 X75.253 Y85.937 E2.81858
;WIDTH:0.45
G1 X74.912 Y86.06 E2.83602
G1 X74.591 Y86.387 E2.85806
G1 X74.417 Y86.678 E2.87437
G1 X74.102 Y87.101 E2.89974
G1 X73.801 Y87.385 E2.91964
G1 X73.501 Y87.101 E2.93951
G1 X73.012 Y86.387 E2.98113
G1 X72.691 Y86.06 E3.00317
G1 X72.184 Y85.926 E3.02839
;WIDTH:0.429703
G1 X69.215 Y85.926 E3.16367
G1 X69.215 Y85.561 E3.1803
G1 X72.184 Y85.561 E3.31558
;WIDTH:0.45
G1 X75.419 Y85.561 E3.47117
;WIDTH:0.429703
G1 X79.945 Y85.561 E3.6774
;WIDTH:0.45
G1 X80.513 Y85.571 E3.70472
G1 X80.843 Y85.513 E3.72084
G1 X81.049 Y85.409 E3.73194
G1 X81.145 Y85.325 E3.73808
G1 X80.915 Y85.013 F7800
G1 F1800
G1 X80.945 Y84.992 E3.73984
G1 X81.07 Y84.766 E3.75226
G1 X81.092 Y84.455 E3.76726
G1 X81.871 Y84.455 E3.80473
G1 X81.893 Y84.766 E3.81973
G1 X82.017 Y84.992 E3.83213
G1 X82.273 Y85.158 E3.8468
G1 X82.449 Y85.186 E3.85537
G1 X83.973 Y85.186 E3.92867
G1 X83.973 Y86.71 E4.00197
G1 X83.973 Y89.327 E4.12784
G1 X80.523 Y89.327 E4.29377
G1 X80.523 Y86.902 E4.4104
G1 X80.455 Y86.607 E4.42496
G1 X80.217 Y86.37 E4.44111
G1 X79.945 Y86.302 E4.45459
G1 X75.419 Y86.302 E4.67227
G1 X75.115 Y86.388 E4.68747
G1 X74.922 Y86.584 E4.7007
G1 X74.717 Y86.928 E4.71996
G1 X74.409 Y87.334 E4.74447
G1 X74.056 Y87.688 E4.76851
G1 X73.838 Y87.774 E4.77978
;TYPE:Overhang perimeter
;WIDTH:0.4
;HEIGHT:0.4
M106 S255
G1 X73.801 Y87.788 E4.78185
G1 X73.765 Y87.774 E4.78387
M106 S226.95
;TYPE:Perimeter
;WIDTH:0.45
;HEIGHT:0.3
G1 X73.547 Y87.688 E4.79514
G1 X73.194 Y87.334 E4.81918
G1 X72.681 Y86.584 E4.86288
G1 X72.488 Y86.388 E4.87611
G1 X72.184 Y86.302 E4.89131
G1 X68.84 Y86.302 E5.05214
G1 X68.84 Y85.186 E5.10582
G1 X80.513 Y85.186 E5.66725
G1 X80.711 Y85.151 E5.67692
G1 X80.865 Y85.046 E5.68588
G1 X80.642 Y84.743 F7800
;TYPE:External perimeter
G1 F1800
G1 X80.657 Y84.736 E5.68668
G1 X80.706 Y84.607 E5.69332
G1 X80.706 Y84.07 E5.71915
G1 X82.256 Y84.07 E5.7937
G1 X82.256 Y84.607 E5.81953
G1 X82.305 Y84.736 E5.82617
G1 X82.449 Y84.8 E5.83375
G1 X84.359 Y84.8 E5.92561
G1 X84.359 Y86.71 E6.01747
G1 X84.359 Y89.712 E6.16186
G1 X80.138 Y89.712 E6.36488
G1 X80.138 Y86.902 E6.50003
G1 X80.088 Y86.752 E6.50763
G1 X79.945 Y86.687 E6.51518
G1 X75.419 Y86.687 E6.73286
G1 X75.317 Y86.716 E6.73796
G1 X75.058 Y87.112 E6.76072
;TYPE:Overhang perimeter
;WIDTH:0.4
;HEIGHT:0.4
M106 S255
G1 F3600
G1 X74.664 Y87.637 E6.79501
G1 X74.283 Y88.006 E6.82272
G1 X73.951 Y88.174 E6.84216
G1 X73.652 Y88.174 E6.85778
G1 X73.32 Y88.006 E6.87722
G1 X72.939 Y87.637 E6.90493
G1 X72.545 Y87.112 E6.93922
M106 S226.95
;TYPE:External perimeter
;WIDTH:0.45
;HEIGHT:0.3
G1 F1800
G1 X72.286 Y86.716 E6.96198
G1 X72.184 Y86.687 E6.96708
G1 X68.454 Y86.687 E7.14648
G1 X68.454 Y84.8 E7.23724
G1 X80.513 Y84.8 E7.81724
G1 X80.587 Y84.767 E7.82114
G1 X80.7 Y84.383 F7800
G1 X80.624 Y85.842
;TYPE:Solid infill
G1 F3000
G1 X80.912 Y85.792 E7.8352
G1 X81.188 Y85.661 E7.84989
G1 X81.47 Y85.409 E7.86808
G1 X81.734 Y85.634 E7.88476
G1 X82.043 Y85.79 E7.90141
G1 X82.456 Y85.86 E7.92156
G1 X83.298 Y85.86 E7.96206
G1 X83.298 Y88.652 E8.09635
G1 X81.198 Y88.652 E8.19735
G1 X81.177 Y86.682 E8.29211
G1 X81.059 Y86.313 E8.31074
G1 X80.893 Y86.064 E8.32513
G1 X80.773 Y85.965 E8.33261
G1 X81.333 Y86.02 E8.35967
G1 X81.481 Y85.926 E8.3681
G1 X81.877 Y86.138 E8.3897
G1 X82.367 Y86.239 E8.41376
G1 X82.913 Y86.246 E8.44002
G1 X82.913 Y88.266 E8.53717
G1 X81.584 Y88.266 E8.60109
G1 X81.584 Y86.893 E8.66713
G1 X81.524 Y86.459 E8.6882
G1 X81.41 Y86.197 E8.70194
G1 X81.989 Y86.614 E8.73626
;WIDTH:0.536076
G1 X82.484 Y86.675 E8.7656
G1 X82.484 Y87.838 E8.83402
G1 X82.012 Y87.838 E8.86179
G1 X81.994 Y86.807 E8.92246
G1 E6.92246 F2400
G92 E0
G1 X72.892 Y85.86 F7800
G1 E2 F2400
;WIDTH:0.45
G1 F3000
G1 X74.72 Y85.851 E2.08792
G1 X74.364 Y86.212 E2.11231
G1 X73.801 Y86.996 E2.15873
G1 X73.732 Y86.927 E2.16342
G1 X73.267 Y86.248 E2.203
G1 X73.026 Y85.999 E2.21967
G1 X73.774 Y86.228 F7800
;WIDTH:0.538107
G1 F3000
G1 X73.732 Y86.27 E2.22318
G1 X73.747 Y86.327 E2.22666
G1 X73.804 Y86.343 E2.23016
G1 X73.846 Y86.301 E2.23367
G1 X73.831 Y86.244 E2.23715
G1 E.23715 F2400
G92 E0
G1 X81.194 Y72.593 F7800
G1 E2 F2400
;TYPE:Perimeter
;WIDTH:0.45
G1 F1800
G1 X81.181 Y72.572 E2.00119
G1 X80.843 Y72.362 E2.02033
G1 X80.513 Y72.304 E2.03645
;WIDTH:0.449297
G1 X79.945 Y72.314 E2.06372
;WIDTH:0.429703
G1 X75.419 Y72.314 E2.26995
;WIDTH:0.45
G1 X72.184 Y72.314 E2.42554
;WIDTH:0.429704
G1 X69.215 Y72.314 E2.56082
G1 X69.215 Y71.949 E2.57745
G1 X72.184 Y71.949 E2.71273
;WIDTH:0.438316
G1 X72.35 Y71.938 E2.72049
;WIDTH:0.45
G1 X72.691 Y71.815 E2.73793
G1 X73.012 Y71.488 E2.75997
G1 X73.186 Y71.197 E2.77628
G1 X73.501 Y70.774 E2.80165
G1 X73.801 Y70.49 E2.82152
G1 X74.102 Y70.774 E2.84142
G1 X74.591 Y71.488 E2.88304
G1 X74.912 Y71.815 E2.90508
G1 X75.419 Y71.949 E2.9303
;WIDTH:0.429703
G1 X79.945 Y71.949 E3.13653
;WIDTH:0.438316
G1 X80.11 Y71.938 E3.14424
;WIDTH:0.449297
G1 X80.398 Y71.845 E3.15877
;WIDTH:0.45
G1 X80.662 Y71.639 E3.17488
G1 X80.794 Y71.45 E3.18597
G1 X80.887 Y71.198 E3.19889
G1 X80.909 Y70.995 E3.20871
G1 X80.909 Y68.934 E3.30784
G1 X83.587 Y68.934 E3.43664
G1 X83.587 Y70.273 E3.50104
G1 X83.587 Y72.304 E3.59872
G1 X82.449 Y72.304 E3.65345
G1 X82.156 Y72.349 E3.66771
G1 X81.781 Y72.572 E3.68869
G1 X81.596 Y72.859 E3.70511
G1 X81.367 Y72.859 E3.71612
G1 X81.227 Y72.643 E3.7285
G1 X80.912 Y72.869 F7800
G1 F1800
G1 X80.834 Y72.787 E3.73394
G1 X80.513 Y72.689 E3.75008
G1 X68.84 Y72.689 E4.31151
G1 X68.84 Y71.573 E4.36519
G1 X72.184 Y71.573 E4.52602
G1 X72.488 Y71.487 E4.54122
G1 X72.681 Y71.291 E4.55445
G1 X72.886 Y70.947 E4.57371
G1 X73.194 Y70.541 E4.59822
G1 X73.547 Y70.187 E4.62226
G1 X73.765 Y70.101 E4.63353
;TYPE:Overhang perimeter
;WIDTH:0.4
;HEIGHT:0.4
M106 S255
G1 X73.801 Y70.087 E4.63555
G1 X73.838 Y70.101 E4.63762
M106 S226.95
;TYPE:Perimeter
;WIDTH:0.45
;HEIGHT:0.3
G1 X74.056 Y70.187 E4.64889
G1 X74.409 Y70.541 E4.67293
G1 X74.922 Y71.291 E4.71663
G1 X75.115 Y71.487 E4.72986
G1 X75.419 Y71.573 E4.74506
G1 X79.945 Y71.573 E4.96274
G1 X80.217 Y71.505 E4.97622
G1 X80.455 Y71.268 E4.99237
G1 X80.523 Y70.995 E5.0059
G1 X80.523 Y68.548 E5.12359
G1 X83.973 Y68.548 E5.28952
G1 X83.973 Y70.273 E5.37249
G1 X83.973 Y72.689 E5.48869
G1 X82.399 Y72.692 E5.56439
G1 X82.128 Y72.787 E5.5782
G1 X81.95 Y72.976 E5.59069
G1 X81.877 Y73.245 E5.6041
G1 X81.086 Y73.245 E5.64214
G1 X81.013 Y72.976 E5.65555
G1 X80.954 Y72.913 E5.6597
G1 X80.651 Y73.138 F7800
;TYPE:External perimeter
G1 F1800
G1 X80.647 Y73.129 E5.66017
G1 X80.513 Y73.075 E5.66712
G1 X68.454 Y73.075 E6.24712
G1 X68.454 Y71.187 E6.33793
G1 X72.184 Y71.187 E6.51733
G1 X72.286 Y71.159 E6.52242
G1 X72.545 Y70.762 E6.54522
;TYPE:Overhang perimeter
;WIDTH:0.4
;HEIGHT:0.4
M106 S255
G1 F3600
G1 X72.939 Y70.238 E6.57947
G1 X73.32 Y69.869 E6.60718
G1 X73.652 Y69.701 E6.62662
G1 X73.951 Y69.701 E6.64224
G1 X74.283 Y69.869 E6.66168
G1 X74.664 Y70.238 E6.68939
G1 X75.058 Y70.762 E6.72364
M106 S226.95
;TYPE:External perimeter
;WIDTH:0.45
;HEIGHT:0.3
G1 F1800
G1 X75.317 Y71.159 E6.74644
G1 X75.419 Y71.187 E6.75153
G1 X79.945 Y71.187 E6.96921
G1 X80.088 Y71.123 E6.97675
G1 X80.138 Y70.995 E6.98336
G1 X80.138 Y68.162 E7.11962
G1 X84.359 Y68.162 E7.32264
G1 X84.359 Y70.273 E7.42417
G1 X84.359 Y73.075 E7.55894
G1 X82.39 Y73.084 E7.65364
G1 X82.282 Y73.171 E7.66031
G1 X82.256 Y73.63 E7.68242
G1 X80.706 Y73.63 E7.75697
G1 X80.706 Y73.268 E7.77438
G1 X80.675 Y73.194 E7.77824
G1 X80.291 Y73.082 F7800
G1 X80.622 Y72.033
;TYPE:Solid infill
G1 F3000
G1 X80.854 Y71.852 E7.79239
G1 X81.036 Y71.607 E7.80707
G1 X81.161 Y71.285 E7.82368
G1 X81.198 Y70.99 E7.83798
G1 X81.198 Y69.223 E7.92297
G1 X83.298 Y69.223 E8.02397
G1 X83.298 Y72.015 E8.15826
G1 X82.456 Y72.015 E8.19876
G1 X82.096 Y72.068 E8.21626
G1 X81.746 Y72.231 E8.23483
G1 X81.481 Y72.489 E8.25262
G1 X81.397 Y72.382 E8.25916
G1 X80.98 Y72.11 E8.28311
G1 X80.811 Y72.073 E8.29143
G1 X81.323 Y71.869 E8.31794
G1 X81.523 Y71.418 E8.34167
G1 X81.584 Y70.99 E8.36246
G1 X81.584 Y69.609 E8.42888
G1 X82.913 Y69.609 E8.4928
G1 X82.913 Y71.629 E8.58995
G1 X82.367 Y71.636 E8.61621
G1 X81.877 Y71.737 E8.64027
G1 X81.488 Y71.949 E8.66158
G1 X81.989 Y71.261 F7800
;WIDTH:0.536075
G1 F3000
G1 X82.012 Y70.99 E8.67758
G1 X82.012 Y70.037 E8.73365
G1 X82.484 Y70.037 E8.76142
G1 X82.484 Y71.173 E8.82825
G1 X82.179 Y71.227 E8.84647
G1 E6.84647 F2400
G92 E0
G1 X72.883 Y72.024 F7800
G1 E2 F2400
;WIDTH:0.45
G1 F3000
G1 X73.238 Y71.663 E2.02435
G1 X73.801 Y70.879 E2.07077
G1 X73.865 Y70.943 E2.07512
G1 X74.336 Y71.627 E2.11506
G1 X74.711 Y72.015 E2.14101
G1 X73.076 Y72.023 E2.21965
G1 X73.799 Y71.532 F7800
;WIDTH:0.538107
G1 F3000
G1 X73.757 Y71.574 E2.22316
G1 X73.772 Y71.631 E2.22664
G1 X73.829 Y71.647 E2.23014
G1 X73.871 Y71.605 E2.23365
G1 X73.856 Y71.548 E2.23713
;LAYER_CHANGE
;Z:4.25
;HEIGHT:0.3
G1 E.23713 F2400
G92 E0
G1 Z4.25 F7800
G92 E0
G1 X97.525 Y120.868
G1 E2 F2400
;TYPE:Perimeter
;WIDTH:0.597281
G1 F1800
G1 X97.525 Y120.058 E2.05384
G1 X97.924 Y119.605 E2.09396
;WIDTH:0.632345
G1 X98.527 Y118.766 E2.16715
G1 X98.882 Y118.73 E2.19243
;WIDTH:0.591817
G1 X99.074 Y118.709 E2.20514
;WIDTH:0.551288
G1 X99.266 Y118.689 E2.21686
;WIDTH:0.510759
G1 X99.458 Y118.669 E2.22761
;WIDTH:0.47023
G1 X99.65 Y118.649 E2.23738
;WIDTH:0.429702
G1 X100.565 Y118.649 E2.27907
G1 X100.565 Y118.832 E2.28741
;WIDTH:0.429701
G1 X100.565 Y119.014 E2.2957
G1 X100.382 Y119.014 E2.30404
;WIDTH:0.438315
G1 X99.484 Y119.024 E2.34592
;WIDTH:0.486822
G1 X99.337 Y119.076 E2.35414
;WIDTH:0.53533
G1 X99.189 Y119.128 E2.36335
;WIDTH:0.583838
G1 X99.041 Y119.18 E2.37351
;WIDTH:0.632345
G1 X98.894 Y119.232 E2.38456
G1 X98.834 Y119.304 E2.3912
;WIDTH:0.625279
G1 X98.348 Y119.925 E2.44637
;WIDTH:0.597281
G1 X97.565 Y120.823 E2.52556
G1 X96.69 Y121.452 F7800
;WIDTH:0.45
G1 F1800
G1 X97.064 Y121.043 E2.55222
G1 X97.089 Y119.855 E2.60937
G1 X97.548 Y119.343 E2.64244
G1 X97.998 Y118.696 E2.68035
G1 X98.266 Y118.273 E2.70443
G1 X100.941 Y118.273 E2.83309
G1 X100.94 Y118.832 E2.85998
G1 X100.939 Y119.389 E2.88677
G1 X99.55 Y119.398 E2.95358
G1 X99.201 Y119.603 E2.97305
G1 X98.337 Y120.64 E3.03797
G1 X97.598 Y121.452 E3.09078
G1 X96.75 Y121.452 E3.13157
G1 E1.13157 F2400
G92 E0
G1 X86.83 Y115.339 F7800
G1 E2 F2400
G1 F1800
G1 X86.862 Y115.384 E2.00266
G1 X87.422 Y115.63 E2.03208
G1 X88.553 Y115.634 E2.08648
G1 X88.551 Y117.694 E2.18556
G1 X88.636 Y118.09 E2.20504
G1 X88.951 Y118.476 E2.229
G1 X89.515 Y118.649 E2.25737
;WIDTH:0.429703
G1 X92.074 Y118.649 E2.37397
;WIDTH:0.470771
G1 X92.298 Y118.669 E2.38537
;WIDTH:0.51184
G1 X92.522 Y118.69 E2.39793
;WIDTH:0.55291
G1 X92.746 Y118.71 E2.41163
;WIDTH:0.593979
G1 X92.97 Y118.731 E2.42649
;WIDTH:0.635049
G1 X93.194 Y118.751 E2.4425
G1 X93.344 Y118.971 E2.46145
;WIDTH:0.627095
G1 X93.867 Y119.68 E2.52328
;WIDTH:0.598591
G1 X94.199 Y120.059 E2.55685
;WIDTH:0.597994
G1 X94.199 Y120.867 E2.61063
G1 X93.731 Y120.335 E2.65779
;WIDTH:0.598501
G1 X93.241 Y119.757 E2.70827
;WIDTH:0.635049
G1 X92.835 Y119.235 E2.75534
G1 X92.683 Y119.19 E2.76662
;WIDTH:0.593979
G1 X92.531 Y119.146 E2.77707
;WIDTH:0.55291
G1 X92.379 Y119.102 E2.78671
;WIDTH:0.51184
G1 X92.226 Y119.058 E2.79559
;WIDTH:0.470771
G1 X92.074 Y119.014 E2.80361
;WIDTH:0.429703
G1 X89.515 Y119.014 E2.92021
;WIDTH:0.45
G1 X86.065 Y119.004 E3.08614
G1 X86.065 Y115.444 E3.25736
G1 X86.222 Y115.384 E3.26544
G1 X86.341 Y115.254 E3.27392
G1 X86.473 Y114.992 E3.28803
G1 X86.611 Y114.992 E3.29467
G1 X86.621 Y115.045 E3.29726
G1 X86.795 Y115.29 E3.31171
G1 X87.101 Y115.07 F7800
G1 F1800
G1 X87.121 Y115.098 E3.31336
G1 X87.51 Y115.248 E3.33341
G1 X88.939 Y115.248 E3.40214
G1 X88.937 Y117.694 E3.51978
G1 X88.988 Y117.932 E3.53149
G1 X89.177 Y118.163 E3.54585
G1 X89.515 Y118.273 E3.56295
G1 X93.456 Y118.273 E3.7525
G1 X93.739 Y118.71 E3.77754
G1 X94.214 Y119.377 E3.81692
G1 X94.658 Y119.873 E3.84894
G1 X94.66 Y121.043 E3.90521
G1 X95.105 Y121.452 E3.93428
G1 X94.126 Y121.452 E3.98137
G1 X93.898 Y121.222 E3.99695
G1 X93.111 Y120.325 E4.05434
G1 X92.523 Y119.603 E4.09912
G1 X92.074 Y119.389 E4.12304
G1 X85.68 Y119.389 E4.43057
G1 X85.68 Y115.207 E4.63171
G1 X85.963 Y115.098 E4.6463
G1 X86.107 Y114.895 E4.65827
G1 X86.152 Y114.606 E4.67234
G1 X86.931 Y114.606 E4.70981
G1 X86.977 Y114.895 E4.72388
G1 X87.066 Y115.021 E4.7313
G1 X87.384 Y114.8 F7800
;TYPE:External perimeter
G1 F1800
G1 X87.51 Y114.862 E4.73805
G1 X89.324 Y114.862 E4.8253
G1 X89.323 Y117.695 E4.96156
G1 X89.403 Y117.851 E4.96999
G1 X89.515 Y117.887 E4.97565
G1 X93.683 Y117.887 E5.17612
G1 X94.392 Y118.996 E5.23943
G1 X94.77 Y119.428 E5.26704
G1 X95.044 Y119.684 E5.28508
G1 X95.044 Y120.995 E5.34813
;WIDTH:0.494063
G1 X95.108 Y121.081 E5.35388
;WIDTH:0.538127
G1 X95.173 Y121.167 E5.36025
;WIDTH:0.582191
G1 X95.237 Y121.254 E5.36723
G1 X96.487 Y121.254 E5.44796
;WIDTH:0.586114
G1 X96.533 Y121.252 E5.45096
G1 X96.582 Y121.166 E5.4574
;WIDTH:0.540742
G1 X96.631 Y121.08 E5.46328
;WIDTH:0.495371
G1 X96.68 Y120.995 E5.46855
;WIDTH:0.45
G1 X96.68 Y119.686 E5.53151
G1 X96.804 Y119.595 E5.53891
G1 X97.231 Y119.123 E5.56952
G1 X97.786 Y118.325 E5.61627
G1 X98.046 Y117.887 E5.64077
G1 X101.328 Y117.887 E5.79862
G1 X101.326 Y118.833 E5.84412
G1 X101.324 Y119.775 E5.88943
G1 X99.65 Y119.775 E5.96994
G1 X99.5 Y119.846 E5.97792
G1 X98.908 Y120.574 E6.02305
G1 X98.124 Y121.466 E6.08017
G1 X97.759 Y121.837 E6.1052
G1 X97.44 Y121.837 E6.12054
;WIDTH:0.494063
G1 X97.123 Y121.815 E6.13757
;WIDTH:0.538127
G1 X96.805 Y121.793 E6.1564
;WIDTH:0.582191
G1 X96.487 Y121.771 E6.17699
G1 X95.237 Y121.771 E6.25772
G1 X94.813 Y121.793 E6.28514
;WIDTH:0.538127
G1 X94.389 Y121.815 E6.31023
;WIDTH:0.494063
G1 X93.965 Y121.837 E6.33298
;WIDTH:0.45
G1 X93.616 Y121.485 E6.35682
G1 X92.816 Y120.574 E6.41513
G1 X92.224 Y119.846 E6.46026
G1 X92.074 Y119.775 E6.46824
G1 X85.294 Y119.775 E6.79433
G1 X85.294 Y114.862 E7.03063
G1 X85.574 Y114.862 E7.0441
G1 X85.704 Y114.812 E7.0508
G1 X85.752 Y114.745 E7.05476
G1 X85.767 Y114.22 E7.08002
G1 X87.317 Y114.221 E7.15457
G1 X87.317 Y114.67 E7.17617
G1 X87.347 Y114.759 E7.18069
G1 X87.736 Y114.854 F7800
G1 X86.542 Y115.462
;TYPE:Solid infill
G1 F2787
G1 X86.712 Y115.623 E7.19195
G1 X87.424 Y115.918 E7.22902
G1 X88.263 Y115.922 E7.26937
G1 X88.268 Y117.761 E7.35782
G1 X88.4 Y118.247 E7.38204
G1 X88.78 Y118.715 E7.41103
G1 X86.355 Y118.715 E7.52766
G1 X86.355 Y115.64 E7.67556
G1 X86.402 Y115.594 E7.67872
G1 X86.74 Y116.056 E7.70625
G1 X87.366 Y116.301 E7.73858
G1 X87.878 Y116.306 E7.76321
G1 X87.878 Y117.739 E7.83213
G1 X88.022 Y118.329 E7.86134
G1 X86.74 Y118.329 E7.923
G1 X86.74 Y116.249 E8.02304
G1 X87.121 Y116.625 E8.04879
;WIDTH:0.440136
G1 X87.497 Y116.685 E8.06663
G1 X87.497 Y116.867 E8.07516
;WIDTH:0.440383
G1 X87.524 Y117.948 E8.12587
G1 X87.121 Y117.948 E8.14477
G1 X87.121 Y117.718 E8.15556
;WIDTH:0.440111
G1 X87.121 Y116.818 E8.19774
G1 E6.19774 F2400
G92 E0
G1 X97.525 Y97.132 F7800
G1 E2 F2400
;TYPE:Perimeter
;WIDTH:0.597279
G1 F1800
G1 X98.348 Y98.075 E2.08319
;WIDTH:0.632345
G1 X98.894 Y98.768 E2.14569
G1 X99.045 Y98.812 E2.15683
;WIDTH:0.591817
G1 X99.196 Y98.855 E2.16716
;WIDTH:0.551288
G1 X99.347 Y98.899 E2.17671
;WIDTH:0.51076
G1 X99.499 Y98.942 E2.1855
;WIDTH:0.470231
G1 X99.65 Y98.986 E2.19346
;WIDTH:0.429703
G1 X100.565 Y98.986 E2.23515
G1 X100.565 Y99.168 E2.24344
;WIDTH:0.429702
G1 X100.565 Y99.351 E2.25178
G1 X99.65 Y99.351 E2.29347
;WIDTH:0.470231
G1 X99.431 Y99.331 E2.3046
;WIDTH:0.51076
G1 X99.212 Y99.311 E2.31684
;WIDTH:0.551288
G1 X98.993 Y99.291 E2.3302
;WIDTH:0.591817
G1 X98.774 Y99.27 E2.34467
;WIDTH:0.632345
G1 X98.556 Y99.25 E2.36018
G1 X98.387 Y99.033 E2.37966
;WIDTH:0.62528
G1 X97.86 Y98.314 E2.44202
;WIDTH:0.597279
G1 X97.525 Y97.942 E2.47529
G1 X97.525 Y97.192 E2.52514
G1 X96.619 Y96.548 F7800
;WIDTH:0.45
G1 F1800
G1 X97.598 Y96.548 E2.57223
G1 X97.826 Y96.778 E2.58781
G1 X98.613 Y97.675 E2.6452
G1 X99.201 Y98.397 E2.68998
G1 X99.65 Y98.611 E2.7139
G1 X100.939 Y98.611 E2.7759
G1 X100.94 Y99.168 E2.80269
G1 X100.941 Y99.727 E2.82958
G1 X98.266 Y99.727 E2.95824
G1 X97.998 Y99.304 E2.98232
G1 X97.501 Y98.598 E3.02385
G1 X97.089 Y98.145 E3.0533
G1 X97.066 Y97.839 E3.06806
G1 X97.064 Y96.957 E3.11048
G1 X96.663 Y96.589 E3.13666
G1 E1.13666 F2400
G92 E0
G1 X86.829 Y102.652 F7800
G1 E2 F2400
G1 F1800
G1 X86.755 Y102.73 E2.00517
G1 X86.719 Y102.833 E2.01042
G1 X86.365 Y102.833 E2.02745
G1 X86.329 Y102.73 E2.0327
G1 X86.222 Y102.616 E2.04022
G1 X86.065 Y102.556 E2.0483
G1 X86.065 Y98.996 E2.21952
G1 X89.515 Y98.986 E2.38545
;WIDTH:0.429704
G1 X92.074 Y98.986 E2.50205
;WIDTH:0.438316
G1 X92.24 Y98.976 E2.50981
;WIDTH:0.487499
G1 X92.389 Y98.923 E2.51816
;WIDTH:0.536682
G1 X92.537 Y98.871 E2.5274
;WIDTH:0.585865
G1 X92.686 Y98.818 E2.53769
;WIDTH:0.635049
G1 X92.835 Y98.765 E2.54895
G1 X92.891 Y98.697 E2.55522
;WIDTH:0.627094
G1 X93.351 Y98.107 E2.60773
;WIDTH:0.597995
G1 X94.199 Y97.133 E2.69368
G1 X94.199 Y97.941 E2.74746
G1 X94.133 Y98.016 E2.75411
;WIDTH:0.598501
G1 X93.671 Y98.559 E2.80161
;WIDTH:0.635049
G1 X93.194 Y99.249 E2.86131
G1 X92.847 Y99.269 E2.88605
;WIDTH:0.593979
G1 X92.654 Y99.29 E2.89887
;WIDTH:0.55291
G1 X92.461 Y99.31 E2.91069
;WIDTH:0.511841
G1 X92.268 Y99.331 E2.92152
;WIDTH:0.470772
G1 X92.074 Y99.351 E2.93141
;WIDTH:0.429704
G1 X89.515 Y99.351 E3.04801
;WIDTH:0.438316
G1 X89.35 Y99.362 E3.05572
;WIDTH:0.45
G1 X88.951 Y99.524 E3.07643
G1 X88.636 Y99.91 E3.10039
G1 X88.551 Y100.305 E3.11982
G1 X88.553 Y102.366 E3.21895
G1 X87.422 Y102.37 E3.27335
G1 X86.872 Y102.612 E3.30225
G1 X87.101 Y102.923 F7800
G1 F1800
G1 X87.057 Y102.97 E3.30535
G1 X86.97 Y103.219 E3.31804
G1 X86.114 Y103.219 E3.35921
G1 X86.027 Y102.97 E3.3719
G1 X85.963 Y102.902 E3.37639
G1 X85.68 Y102.793 E3.39098
G1 X85.68 Y98.611 E3.59212
G1 X92.174 Y98.602 E3.90446
G1 X92.523 Y98.397 E3.92393
G1 X93.386 Y97.362 E3.98874
G1 X94.126 Y96.548 E4.04165
G1 X95.034 Y96.548 E4.08532
G1 X94.66 Y96.957 E4.11198
G1 X94.658 Y98.127 E4.16825
G1 X94.055 Y98.812 E4.21214
G1 X93.456 Y99.727 E4.26474
G1 X89.515 Y99.727 E4.45429
G1 X89.177 Y99.837 E4.47139
G1 X88.988 Y100.068 E4.48575
G1 X88.937 Y100.305 E4.49741
G1 X88.939 Y102.752 E4.6151
G1 X87.51 Y102.752 E4.68383
G1 X87.149 Y102.891 E4.70244
G1 X87.374 Y103.202 F7800
;TYPE:External perimeter
G1 F1800
G1 X87.317 Y103.33 E4.70918
G1 X87.317 Y103.604 E4.72236
G1 X85.767 Y103.605 E4.79691
G1 X85.767 Y103.33 E4.81014
G1 X85.725 Y103.21 E4.81625
G1 X85.574 Y103.137 E4.82432
G1 X85.294 Y103.137 E4.83779
G1 X85.294 Y98.225 E5.07404
G1 X92.074 Y98.225 E5.40013
G1 X92.224 Y98.154 E5.40811
G1 X92.816 Y97.426 E5.45324
G1 X93.6 Y96.534 E5.51036
G1 X93.965 Y96.162 E5.53543
G1 X94.284 Y96.162 E5.55077
;WIDTH:0.494064
G1 X94.602 Y96.185 E5.56786
;WIDTH:0.538128
G1 X94.919 Y96.207 E5.58664
;WIDTH:0.582192
G1 X95.237 Y96.229 E5.60723
G1 X96.487 Y96.229 E5.68796
G1 X96.911 Y96.207 E5.71538
;WIDTH:0.538128
G1 X97.335 Y96.185 E5.74047
;WIDTH:0.494064
G1 X97.759 Y96.162 E5.76323
;WIDTH:0.45
G1 X98.108 Y96.515 E5.7871
G1 X98.908 Y97.426 E5.84541
G1 X99.5 Y98.154 E5.89054
G1 X99.65 Y98.225 E5.89852
G1 X101.324 Y98.225 E5.97903
G1 X101.326 Y99.167 E6.02434
G1 X101.328 Y100.112 E6.06979
G1 X98.046 Y100.112 E6.22764
G1 X97.682 Y99.524 E6.2609
G1 X97.216 Y98.857 E6.30003
G1 X96.68 Y98.314 E6.33673
G1 X96.68 Y97.005 E6.39969
;WIDTH:0.494064
G1 X96.616 Y96.919 E6.40544
;WIDTH:0.538128
G1 X96.552 Y96.833 E6.41177
;WIDTH:0.582192
G1 X96.487 Y96.746 E6.41878
G1 X95.237 Y96.746 E6.49951
;WIDTH:0.586115
G1 X95.192 Y96.748 E6.50244
G1 X95.142 Y96.834 E6.50891
;WIDTH:0.540743
G1 X95.093 Y96.92 E6.51479
;WIDTH:0.495371
G1 X95.044 Y97.005 E6.52006
;WIDTH:0.45
G1 X95.044 Y98.316 E6.58311
G1 X94.77 Y98.572 E6.60115
G1 X94.377 Y99.025 E6.62999
G1 X93.683 Y100.112 E6.69202
G1 X89.515 Y100.112 E6.89249
G1 X89.403 Y100.149 E6.89816
G1 X89.323 Y100.305 E6.90659
G1 X89.324 Y103.137 E7.0428
G1 X87.51 Y103.137 E7.13005
G1 X87.421 Y103.172 E7.13465
G1 X87.324 Y103.56 F7800
G1 E5.13465 F2400
G92 E0
G1 X88.596 Y99.277 F7800
G1 E2 F2400
;TYPE:Solid infill
G1 F2787
G1 X86.355 Y99.285 E2.10779
G1 X86.355 Y102.371 E2.25622
G1 X86.542 Y102.552 E2.26874
G1 X86.714 Y102.376 E2.28058
G1 X87.347 Y102.098 E2.31383
G1 X87.424 Y102.082 E2.31761
G1 X88.263 Y102.078 E2.35796
G1 X88.263 Y100.282 E2.44434
G1 X88.4 Y99.753 E2.47062
G1 X88.788 Y99.276 E2.50019
G1 X88.025 Y99.664 F7800
G1 F2787
G1 X87.985 Y99.745 E2.50453
G1 X87.877 Y100.282 E2.53088
G1 X87.878 Y101.694 E2.59879
G1 X87.366 Y101.699 E2.62342
G1 X86.74 Y101.944 E2.65575
G1 X86.74 Y99.669 E2.76517
G1 X87.832 Y99.665 E2.81769
G1 X87.505 Y100.047 E2.84188
;WIDTH:0.440457
G1 X87.497 Y100.282 E2.85291
;WIDTH:0.440135
G1 X87.497 Y101.315 E2.90132
G1 X87.121 Y101.375 E2.91916
G1 X87.121 Y101.133 E2.9305
;WIDTH:0.440457
G1 X87.121 Y100.049 E2.98135
G1 X87.312 Y100.048 E2.99031
G1 E.99031 F2400
G92 E0
G92 E0
G1 X81.192 Y85.288 F7800
G1 E2 F2400
;TYPE:Perimeter
;WIDTH:0.45
G1 F1800
G1 X81.22 Y85.263 E2.00181
G1 X81.412 Y84.929 E2.02034
G1 X81.55 Y84.929 E2.02698
G1 X81.742 Y85.263 E2.04551
G1 X81.897 Y85.398 E2.0554
G1 X82.15 Y85.524 E2.06899
G1 X82.449 Y85.571 E2.08355
G1 X83.493 Y85.571 E2.13376
G1 X83.493 Y86.616 E2.18402
G1 X83.493 Y88.941 E2.29584
G1 X81.005 Y88.941 E2.4155
G1 X81.005 Y86.88 E2.51463
G1 X80.974 Y86.635 E2.52651
G1 X80.862 Y86.375 E2.54013
G1 X80.712 Y86.188 E2.55166
G1 X80.425 Y85.996 E2.56827
G1 X80.041 Y85.926 E2.58704
;WIDTH:0.429703
G1 X75.757 Y85.926 E2.78224
;WIDTH:0.438315
G1 X75.592 Y85.937 E2.78995
;WIDTH:0.45
G1 X75.211 Y86.086 E2.80963
G1 X74.893 Y86.454 E2.83302
G1 X74.617 Y86.996 E2.86227
G1 X74.137 Y87.763 E2.90579
G1 X73.801 Y88.173 E2.93129
G1 X73.446 Y87.76 E2.95748
G1 X72.932 Y86.904 E3.0055
G1 X72.71 Y86.454 E3.02963
G1 X72.392 Y86.086 E3.05302
G1 X71.846 Y85.926 E3.08039
;WIDTH:0.429703
G1 X69.1 Y85.926 E3.20551
G1 X69.1 Y85.561 E3.22214
G1 X71.846 Y85.561 E3.34726
;WIDTH:0.45
G1 X75.757 Y85.561 E3.53537
;WIDTH:0.429703
G1 X80.041 Y85.561 E3.73057
;WIDTH:0.45
G1 X80.513 Y85.571 E3.75328
G1 X80.853 Y85.509 E3.7699
G1 X81.065 Y85.398 E3.78141
G1 X81.146 Y85.327 E3.78659
G1 X80.909 Y85.002 F7800
G1 F2787
G1 X81.046 Y84.832 E3.79709
G1 X81.092 Y84.544 E3.81112
G1 X81.871 Y84.544 E3.84859
G1 X81.916 Y84.832 E3.86261
G1 X82.025 Y85.001 E3.87228
G1 X82.27 Y85.157 E3.88625
G1 X82.449 Y85.186 E3.89497
G1 X83.879 Y85.186 E3.96375
G1 X83.879 Y86.616 E4.03253
G1 X83.879 Y89.327 E4.16292
G1 X80.62 Y89.327 E4.31967
G1 X80.601 Y86.733 E4.44444
G1 X80.444 Y86.465 E4.45938
G1 X80.272 Y86.35 E4.46933
G1 X80.041 Y86.302 E4.48068
G1 X75.757 Y86.302 E4.68673
G1 X75.43 Y86.404 E4.7032
G1 X75.239 Y86.624 E4.71721
G1 X75.008 Y87.091 E4.74227
G1 X74.656 Y87.689 E4.77564
G1 X74.333 Y88.158 E4.80303
G1 X73.999 Y88.524 E4.82686
G1 X73.804 Y88.599 E4.83691
;TYPE:Overhang perimeter
;WIDTH:0.4
;HEIGHT:0.4
M106 S255
G1 F3600
G1 X73.767 Y88.613 E4.83898
G1 X73.744 Y88.599 E4.84039
M106 S226.95
;TYPE:Perimeter
;WIDTH:0.45
;HEIGHT:0.3
G1 F2787
G1 X73.569 Y88.488 E4.85036
G1 X73.126 Y87.976 E4.88292
G1 X72.593 Y87.089 E4.93269
G1 X72.364 Y86.624 E4.95762
G1 X72.173 Y86.404 E4.97163
G1 X71.846 Y86.302 E4.9881
G1 X68.724 Y86.302 E5.13826
G1 X68.724 Y85.186 E5.19194
G1 X80.513 Y85.186 E5.75895
G1 X80.717 Y85.149 E5.76892
G1 X80.844 Y85.082 E5.77583
G1 X80.871 Y85.048 E5.77792
G1 X80.638 Y84.733 F7800
;TYPE:External perimeter
G1 F1800
G1 X80.691 Y84.682 E5.78146
G1 X80.706 Y84.158 E5.80667
G1 X82.256 Y84.158 E5.88122
G1 X82.256 Y84.607 E5.90282
G1 X82.308 Y84.738 E5.9096
G1 X82.449 Y84.8 E5.91701
G1 X84.264 Y84.8 E6.00431
G1 X84.264 Y86.616 E6.09165
G1 X84.264 Y89.712 E6.24056
G1 X80.234 Y89.712 E6.43439
G1 X80.234 Y86.88 E6.5706
G1 X80.175 Y86.742 E6.57782
G1 X80.041 Y86.687 E6.58479
G1 X75.724 Y86.69 E6.79242
G1 X75.585 Y86.795 E6.8008
G1 X75.348 Y87.274 E6.8265
G1 X74.914 Y87.995 E6.86698
;TYPE:Overhang perimeter
;WIDTH:0.4
;HEIGHT:0.4
M106 S255
G1 F3600
G1 X74.59 Y88.465 E6.8968
G1 X74.236 Y88.834 E6.92352
G1 X73.934 Y88.999 E6.9415
G1 X73.669 Y88.999 E6.95534
G1 X73.366 Y88.834 E6.97337
G1 X72.974 Y88.414 E7.00339
G1 X72.713 Y88.021 E7.02804
M106 S226.95
;TYPE:External perimeter
;WIDTH:0.45
;HEIGHT:0.3
G1 F1800
G1 X72.224 Y87.212 E7.07351
G1 X71.955 Y86.721 E7.10044
G1 X71.846 Y86.687 E7.10593
G1 X68.339 Y86.687 E7.2746
G1 X68.339 Y84.8 E7.36536
G1 X80.581 Y84.788 E7.95416
G1 X80.595 Y84.774 E7.95511
G1 X80.693 Y84.386 F7800
G1 X81.481 Y85.386
;TYPE:Solid infill
G1 F2787
G1 X81.714 Y85.62 E7.97099
G1 X82.036 Y85.788 E7.98846
G1 X82.353 Y85.856 E8.00405
G1 X83.204 Y85.86 E8.04498
G1 X83.204 Y88.652 E8.17927
G1 X81.294 Y88.652 E8.27113
G1 X81.294 Y86.849 E8.35785
G1 X81.257 Y86.584 E8.37072
G1 X81.12 Y86.248 E8.38817
G1 X80.931 Y86 E8.40317
G1 X80.691 Y85.83 E8.41732
G1 X80.923 Y85.787 E8.42867
G1 X81.209 Y85.647 E8.44399
G1 X81.342 Y85.52 E8.45283
G1 X81.451 Y85.951 E8.47421
G1 X81.864 Y86.133 E8.49592
G1 X82.301 Y86.239 E8.51755
G1 X82.818 Y86.244 E8.54242
G1 X82.818 Y88.266 E8.63967
G1 X81.68 Y88.266 E8.6944
G1 X81.679 Y86.849 E8.76255
G1 X81.598 Y86.384 E8.78525
G1 X81.465 Y86.104 E8.80016
G1 X82.031 Y86.576 E8.83561
;WIDTH:0.441422
G1 X82.437 Y86.623 E8.85483
G1 X82.437 Y86.848 E8.86541
;WIDTH:0.441029
G1 X82.437 Y87.885 E8.91413
;WIDTH:0.440887
G1 X82.061 Y87.885 E8.93179
G1 X82.061 Y87.697 E8.94062
;WIDTH:0.44133
G1 X82.036 Y86.769 E8.98427
G1 E6.98427 F2400
G92 E0
G1 X74.848 Y85.852 F7800
G1 E2 F2400
;WIDTH:0.45
G1 F2787
G1 X72.571 Y85.86 E2.10952
G1 X72.948 Y86.296 E2.13724
G1 X73.175 Y86.743 E2.16135
G1 X73.52 Y87.322 E2.19377
G1 X73.796 Y87.735 E2.21766
G1 X74.074 Y87.343 E2.24077
G1 X74.632 Y86.33 E2.29639
G1 X75.04 Y85.851 E2.32665
G1 X74.18 Y86.276 F7800
;WIDTH:0.52331
G1 F2787
G1 X73.801 Y86.969 E2.37186
G1 X73.417 Y86.279 E2.41706
G1 X73.987 Y86.277 E2.44969
G1 E.44969 F2400
G92 E0
G1 X81.194 Y72.589 F7800
G1 E2 F2400
;TYPE:Perimeter
;WIDTH:0.45
G1 F1800
G1 X81.157 Y72.55 E2.00259
G1 X80.853 Y72.366 E2.01968
G1 X80.513 Y72.306 E2.03629
;WIDTH:0.446412
G1 X80.041 Y72.314 E2.05878
;WIDTH:0.429703
G1 X75.757 Y72.314 E2.25398
;WIDTH:0.45
G1 X71.846 Y72.314 E2.44209
;WIDTH:0.429704
G1 X69.1 Y72.314 E2.56721
G1 X69.1 Y71.949 E2.58384
G1 X71.846 Y71.949 E2.70896
;WIDTH:0.438316
G1 X72.011 Y71.938 E2.71667
;WIDTH:0.45
G1 X72.392 Y71.789 E2.73635
G1 X72.71 Y71.421 E2.75974
G1 X72.986 Y70.879 E2.78899
G1 X73.466 Y70.112 E2.83251
G1 X73.802 Y69.702 E2.85801
G1 X74.157 Y70.115 E2.8842
G1 X74.671 Y70.971 E2.93222
G1 X74.893 Y71.421 E2.95635
G1 X75.211 Y71.789 E2.97974
G1 X75.757 Y71.949 E3.00711
;WIDTH:0.429703
G1 X80.041 Y71.949 E3.20231
;WIDTH:0.446412
G1 X80.424 Y71.877 E3.22088
;WIDTH:0.45
G1 X80.712 Y71.687 E3.23747
G1 X80.862 Y71.5 E3.249
G1 X80.974 Y71.24 E3.26262
G1 X81.005 Y70.995 E3.2745
G1 X81.005 Y68.934 E3.37363
G1 X83.493 Y68.934 E3.49329
G1 X83.493 Y70.178 E3.55312
G1 X83.493 Y72.304 E3.65537
G1 X82.449 Y72.304 E3.70558
G1 X82.15 Y72.351 E3.72014
G1 X81.897 Y72.477 E3.73373
G1 X81.694 Y72.668 E3.74714
G1 X81.658 Y72.771 E3.75239
G1 X81.304 Y72.771 E3.76942
G1 X81.268 Y72.668 E3.77467
G1 X81.235 Y72.632 E3.77702
G1 X80.91 Y72.867 F7800
G1 F2787
G1 X80.717 Y72.726 E3.78852
G1 X80.513 Y72.689 E3.79849
G1 X68.725 Y72.689 E4.36545
G1 X68.725 Y71.573 E4.41913
G1 X71.846 Y71.573 E4.56924
G1 X72.173 Y71.471 E4.58571
G1 X72.364 Y71.251 E4.59972
G1 X72.594 Y70.784 E4.62476
G1 X72.947 Y70.186 E4.65816
G1 X73.27 Y69.717 E4.68555
G1 X73.604 Y69.351 E4.70938
G1 X73.799 Y69.276 E4.71943
;TYPE:Overhang perimeter
;WIDTH:0.4
;HEIGHT:0.4
M106 S255
G1 F3600
G1 X73.836 Y69.262 E4.7215
G1 X73.858 Y69.276 E4.72286
M106 S226.95
;TYPE:Perimeter
;WIDTH:0.45
;HEIGHT:0.3
G1 F2787
G1 X74.034 Y69.387 E4.73287
G1 X74.477 Y69.899 E4.76543
G1 X75.01 Y70.786 E4.8152
G1 X75.239 Y71.251 E4.84013
G1 X75.43 Y71.471 E4.85414
G1 X75.757 Y71.573 E4.87061
G1 X80.041 Y71.573 E5.07666
G1 X80.141 Y71.564 E5.08149
G1 X80.444 Y71.41 E5.09784
G1 X80.534 Y71.298 E5.10475
G1 X80.62 Y70.995 E5.1199
G1 X80.62 Y68.548 E5.23759
G1 X83.879 Y68.548 E5.39434
G1 X83.879 Y70.178 E5.47274
G1 X83.879 Y72.689 E5.59351
G1 X82.397 Y72.692 E5.66479
G1 X82.118 Y72.793 E5.67906
G1 X81.996 Y72.908 E5.68712
G1 X81.909 Y73.156 E5.69976
G1 X81.053 Y73.156 E5.74093
G1 X80.966 Y72.908 E5.75357
G1 X80.958 Y72.902 E5.75405
G1 X80.64 Y73.136 F7800
;TYPE:External perimeter
G1 F1800
G1 X80.513 Y73.075 E5.76083
G1 X68.339 Y73.075 E6.34636
G1 X68.339 Y71.187 E6.43717
G1 X71.879 Y71.185 E6.60743
G1 X72.018 Y71.08 E6.61581
G1 X72.255 Y70.601 E6.64151
G1 X72.689 Y69.88 E6.68199
;TYPE:Overhang perimeter
;WIDTH:0.4
;HEIGHT:0.4
M106 S255
G1 F3600
G1 X73.013 Y69.41 E6.71181
G1 X73.367 Y69.041 E6.73853
G1 X73.669 Y68.876 E6.75651
G1 X73.934 Y68.876 E6.77035
G1 X74.237 Y69.041 E6.78838
G1 X74.629 Y69.461 E6.8184
G1 X74.89 Y69.854 E6.84305
M106 S226.95
;TYPE:External perimeter
;WIDTH:0.45
;HEIGHT:0.3
G1 F1800
G1 X75.379 Y70.663 E6.88852
G1 X75.648 Y71.154 E6.91545
G1 X75.757 Y71.187 E6.92093
G1 X80.041 Y71.187 E7.12698
G1 X80.175 Y71.133 E7.13393
G1 X80.234 Y70.995 E7.14115
G1 X80.234 Y68.162 E7.27741
G1 X84.264 Y68.162 E7.47124
G1 X84.264 Y70.178 E7.5682
G1 X84.264 Y73.075 E7.70754
G1 X82.449 Y73.075 E7.79484
G1 X82.339 Y73.11 E7.80039
G1 X82.256 Y73.268 E7.80897
G1 X82.256 Y73.542 E7.82215
G1 X80.706 Y73.542 E7.8967
G1 X80.706 Y73.268 E7.90988
G1 X80.675 Y73.179 E7.91441
G1 X80.287 Y73.083 F7800
G1 E5.91441 F2400
G92 E0
G1 X83.011 Y69.223 F7800
G1 E2 F2400
;TYPE:Solid infill
G1 F2787
G1 X81.294 Y69.223 E2.08258
G1 X81.294 Y71.026 E2.1693
G1 X81.226 Y71.379 E2.18659
G1 X81.093 Y71.672 E2.20207
G1 X80.886 Y71.915 E2.21742
G1 X80.685 Y72.046 E2.22896
G1 X80.979 Y72.107 E2.2434
G1 X81.264 Y72.27 E2.25919
G1 X81.474 Y72.498 E2.2741
G1 X81.648 Y72.309 E2.28646
G1 X82.084 Y72.071 E2.31035
G1 X82.353 Y72.019 E2.32353
G1 X83.204 Y72.015 E2.36446
G1 X83.204 Y69.223 E2.49875
G1 X82.818 Y69.609 E2.52501
G1 X82.818 Y71.631 E2.62226
G1 X82.351 Y71.634 E2.64472
G1 X82.006 Y71.693 E2.66155
G1 X81.49 Y71.955 E2.68938
G1 X81.406 Y71.897 E2.69429
G1 X81.598 Y71.491 E2.71589
G1 X81.679 Y71.026 E2.73859
G1 X81.68 Y69.609 E2.80674
G1 X82.626 Y69.609 E2.85224
G1 X82.437 Y69.99 E2.8727
;WIDTH:0.440887
G1 X82.437 Y70.178 E2.88153
;WIDTH:0.441422
G1 X82.437 Y71.252 E2.93204
G1 X82.031 Y71.299 E2.95126
G1 X82.061 Y71.027 E2.96413
;WIDTH:0.441029
G1 X82.061 Y69.99 E3.01285
;WIDTH:0.440887
G1 X82.245 Y69.99 E3.02149
G1 E1.02149 F2400
G92 E0
G1 X73.801 Y70.136 F7800
G1 E2 F2400
;WIDTH:0.45
G1 F2787
G1 X74.081 Y70.55 E2.02404
G1 X74.428 Y71.132 E2.05663
G1 X74.655 Y71.579 E2.08074
G1 X75.032 Y72.015 E2.10846
G1 X72.563 Y72.024 E2.22721
G1 X72.971 Y71.545 E2.25747
G1 X73.51 Y70.561 E2.31143
G1 X73.692 Y70.295 E2.32693
G1 X73.802 Y70.906 E2.35679
;WIDTH:0.523313
G1 X74.186 Y71.596 E2.40199
G1 X73.423 Y71.599 E2.44566
G1 X73.71 Y71.075 E2.47986
;LAYER_CHANGE
;Z:4.55
;HEIGHT:0.3
G1 E.47986 F2400
G92 E0
G1 Z4.55 F7800
G92 E0
G1 X98.066 Y120.544
G1 E2 F2400
;TYPE:Perimeter
;WIDTH:0.488912
G1 F1800
G1 X98.066 Y119.941 E2.03193
G1 X98.101 Y119.823 E2.03845
;WIDTH:0.523729
G1 X98.473 Y119.246 E2.07778
G1 X99.171 Y119.246 E2.11777
G1 X99.009 Y119.341 E2.12853
G1 X98.443 Y120.074 E2.18159
;WIDTH:0.488912
G1 X98.103 Y120.497 E2.21033
G1 X97.326 Y121.452 F7800
;WIDTH:0.45
G1 F1800
G1 X97.61 Y121.23 E2.22767
G1 X97.661 Y120.995 E2.23924
G1 X97.661 Y119.753 E2.29898
G1 X97.929 Y119.349 E2.3223
G1 X98.226 Y118.823 E2.35135
G1 X98.963 Y118.823 E2.3868
;WIDTH:0.49516
G1 X99.376 Y118.846 E2.40902
;WIDTH:0.540321
G1 X99.789 Y118.868 E2.43357
G1 X100.98 Y118.868 E2.50427
G1 X100.98 Y119.106 E2.5184
G1 X100.98 Y119.344 E2.53253
G1 X100.742 Y119.344 E2.54666
;WIDTH:0.54685
G1 X99.681 Y119.35 E2.61051
G1 X99.51 Y119.478 E2.62336
;WIDTH:0.498425
G1 X99.338 Y119.606 E2.63497
;WIDTH:0.45
G1 X98.207 Y121.015 E2.72187
G1 X97.826 Y121.452 E2.74975
G1 X97.386 Y121.452 E2.77091
G1 E.77091 F2400
G92 E0
G1 X86.848 Y115.357 F7800
G1 E2 F2400
G1 F1800
G1 X87.419 Y115.629 E2.03042
G1 X88.471 Y115.634 E2.08102
G1 X88.47 Y117.695 E2.18015
G1 X88.569 Y118.121 E2.20119
G1 X88.887 Y118.489 E2.22458
G1 X89.434 Y118.649 E2.25199
;WIDTH:0.429703
G1 X91.935 Y118.649 E2.36595
;WIDTH:0.469061
G1 X92.185 Y118.668 E2.3786
;WIDTH:0.50842
G1 X92.436 Y118.688 E2.39255
;WIDTH:0.547779
G1 X92.686 Y118.708 E2.40767
;WIDTH:0.587139
G1 X92.937 Y118.727 E2.42408
G1 X93.193 Y119.162 E2.45699
;WIDTH:0.550238
G1 X93.376 Y119.461 E2.47823
;WIDTH:0.513338
G1 X93.658 Y119.873 E2.50619
;WIDTH:0.490016
G1 X93.658 Y120.543 E2.54176
;WIDTH:0.513338
G1 X93.003 Y119.708 E2.60119
;WIDTH:0.550238
G1 X92.807 Y119.447 E2.62097
;WIDTH:0.587139
G1 X92.61 Y119.186 E2.64229
G1 X92.441 Y119.143 E2.65366
;WIDTH:0.547779
G1 X92.272 Y119.1 E2.66417
;WIDTH:0.50842
G1 X92.104 Y119.057 E2.67377
;WIDTH:0.469061
G1 X91.935 Y119.014 E2.68257
;WIDTH:0.429703
G1 X89.434 Y119.014 E2.79653
;WIDTH:0.45
G1 X86.151 Y119.004 E2.95443
G1 X86.151 Y115.391 E3.1282
G1 X86.263 Y115.344 E3.13404
G1 X86.345 Y115.249 E3.14008
G1 X86.445 Y115.048 E3.15088
G1 X86.638 Y115.048 E3.16016
G1 X86.655 Y115.117 E3.16358
G1 X86.803 Y115.32 E3.17566
G1 X87.118 Y115.084 F7800
G1 F1800
G1 X87.51 Y115.248 E3.1961
G1 X88.856 Y115.248 E3.26084
G1 X88.856 Y117.695 E3.37853
G1 X88.915 Y117.95 E3.39112
G1 X89.106 Y118.171 E3.40517
G1 X89.434 Y118.273 E3.42169
G1 X93.207 Y118.273 E3.60316
G1 X93.769 Y119.306 E3.65972
G1 X94.064 Y119.751 E3.6854
G1 X94.064 Y120.816 E3.73662
G1 X94.114 Y121.23 E3.75668
G1 X94.455 Y121.452 E3.77625
G1 X93.898 Y121.452 E3.80304
G1 X93.517 Y121.015 E3.83092
G1 X92.313 Y119.53 E3.92287
G1 X91.935 Y119.389 E3.94227
G1 X85.765 Y119.389 E4.23903
G1 X85.765 Y115.168 E4.44205
G1 X85.987 Y115.074 E4.45365
G1 X86.036 Y115.017 E4.45727
G1 X86.152 Y114.662 E4.47523
G1 X86.924 Y114.662 E4.51236
G1 X86.997 Y114.938 E4.52609
G1 X87.075 Y115.045 E4.53246
G1 X87.384 Y114.8 F7800
;TYPE:External perimeter
G1 F1800
G1 X87.51 Y114.862 E4.53921
G1 X89.242 Y114.862 E4.62251
G1 X89.241 Y117.695 E4.75877
G1 X89.325 Y117.853 E4.76738
G1 X89.434 Y117.887 E4.77287
G1 X93.437 Y117.887 E4.9654
G1 X94.09 Y119.093 E5.03136
G1 X94.449 Y119.635 E5.06263
G1 X94.466 Y121.073 E5.1318
;WIDTH:0.494063
G1 X94.525 Y121.133 E5.13631
;WIDTH:0.538127
G1 X94.583 Y121.193 E5.14124
;WIDTH:0.582191
G1 X94.642 Y121.254 E5.14672
G1 X97.082 Y121.254 E5.30431
;WIDTH:0.586114
G1 X97.127 Y121.252 E5.30724
G1 X97.176 Y121.166 E5.31368
;WIDTH:0.540742
G1 X97.226 Y121.08 E5.31959
;WIDTH:0.495371
G1 X97.275 Y120.995 E5.32486
;WIDTH:0.45
G1 X97.275 Y119.636 E5.39022
G1 X97.593 Y119.159 E5.41779
G1 X98.001 Y118.437 E5.45768
G1 X101.411 Y118.437 E5.62169
G1 X101.411 Y119.107 E5.65391
G1 X101.411 Y119.775 E5.68604
G1 X99.789 Y119.775 E5.76405
G1 X99.639 Y119.847 E5.77205
G1 X98.503 Y121.263 E5.85936
G1 X98.001 Y121.837 E5.89604
G1 X97.754 Y121.837 E5.90792
;WIDTH:0.494063
G1 X97.53 Y121.815 E5.91998
;WIDTH:0.538127
G1 X97.306 Y121.793 E5.93328
;WIDTH:0.582191
G1 X97.082 Y121.771 E5.94782
G1 X94.642 Y121.771 E6.10541
G1 X94.336 Y121.793 E6.12522
;WIDTH:0.538127
G1 X94.029 Y121.815 E6.14341
;WIDTH:0.494063
G1 X93.723 Y121.837 E6.15985
;WIDTH:0.45
G1 X93.221 Y121.263 E6.19653
G1 X92.085 Y119.847 E6.28384
G1 X91.935 Y119.775 E6.29184
G1 X85.38 Y119.775 E6.60711
G1 X85.38 Y114.862 E6.84341
G1 X85.574 Y114.862 E6.85274
G1 X85.745 Y114.759 E6.86234
G1 X85.767 Y114.277 E6.88555
G1 X87.317 Y114.276 E6.9601
G1 X87.317 Y114.67 E6.97905
G1 X87.347 Y114.759 E6.98357
G1 X87.735 Y114.854 F7800
G1 E4.98357 F2400
G92 E0
G1 X86.44 Y118.715 F7800
G1 E2 F2400
;TYPE:Solid infill
G1 F2737
G1 X86.44 Y115.614 E2.14915
G1 X86.538 Y115.459 E2.15797
G1 X86.66 Y115.575 E2.16607
G1 X87.422 Y115.918 E2.20626
G1 X88.181 Y115.922 E2.24277
G1 X88.184 Y117.776 E2.33194
G1 X88.338 Y118.286 E2.35756
G1 X88.709 Y118.715 E2.38484
G1 X86.633 Y118.715 E2.48469
G1 E.48469 F2400
G92 E0
G1 X86.826 Y116.274 F7800
G1 E2 F2400
G1 F2737
G1 X86.826 Y118.329 E2.09884
G1 X87.935 Y118.329 E2.15218
G1 X87.8 Y117.805 E2.17821
G1 X87.796 Y116.306 E2.25031
G1 X87.362 Y116.3 E2.27119
G1 X86.826 Y116.081 E2.29904
G1 X87.165 Y116.592 E2.32853
;WIDTH:0.357155
G1 X87.458 Y116.643 E2.33939
G1 X87.458 Y116.783 E2.3445
;WIDTH:0.359262
G1 X87.488 Y117.989 E2.38887
G1 X87.166 Y117.989 E2.40071
G1 X87.165 Y117.763 E2.40902
;WIDTH:0.357779
G1 X87.165 Y116.785 E2.44481
G1 E.44481 F2400
G92 E0
G1 X98.066 Y97.456 F7800
G1 E2 F2400
;TYPE:Perimeter
;WIDTH:0.5056
G1 F1800
G1 X98.653 Y98.201 E2.0522
;WIDTH:0.523729
G1 X99.009 Y98.659 E2.08543
G1 X99.208 Y98.754 E2.09806
G1 X98.473 Y98.754 E2.14017
G1 X98.066 Y98.124 E2.18314
;WIDTH:0.488913
G1 X98.066 Y97.516 E2.21533
G1 X97.269 Y96.548 F7800
;WIDTH:0.45
G1 F1800
G1 X97.826 Y96.548 E2.24212
G1 X98.207 Y96.985 E2.27
G1 X99.338 Y98.394 E2.3569
;WIDTH:0.495161
G1 X99.564 Y98.525 E2.37094
;WIDTH:0.540322
G1 X99.789 Y98.656 E2.3864
G1 X100.98 Y98.656 E2.4571
G1 X100.98 Y98.894 E2.47123
G1 X100.98 Y99.132 E2.48536
G1 X99.789 Y99.132 E2.55606
G1 X99.376 Y99.154 E2.58061
;WIDTH:0.495161
G1 X98.963 Y99.177 E2.60283
;WIDTH:0.45
G1 X98.226 Y99.177 E2.63828
G1 X97.661 Y98.247 E2.69062
G1 X97.661 Y97.184 E2.74175
G1 X97.61 Y96.77 E2.76181
G1 X97.319 Y96.581 E2.7785
G1 E.7785 F2400
G92 E0
G1 X86.848 Y102.643 F7800
G1 E2 F2400
G1 F1800
G1 X86.821 Y102.656 E2.00144
G1 X86.769 Y102.777 E2.00777
G1 X86.315 Y102.777 E2.02961
G1 X86.268 Y102.661 E2.03563
G1 X86.151 Y102.609 E2.04179
G1 X86.151 Y98.996 E2.21556
G1 X89.434 Y98.986 E2.37346
;WIDTH:0.429704
G1 X91.935 Y98.986 E2.48742
;WIDTH:0.438316
G1 X92.1 Y98.976 E2.49513
;WIDTH:0.487924
G1 X92.27 Y98.922 E2.50455
;WIDTH:0.537532
G1 X92.44 Y98.868 E2.51508
;WIDTH:0.58714
G1 X92.61 Y98.814 E2.52671
G1 X92.728 Y98.669 E2.5389
;WIDTH:0.555432
G1 X93.004 Y98.299 E2.56717
;WIDTH:0.522724
G1 X93.279 Y97.929 E2.59352
;WIDTH:0.490016
G1 X93.658 Y97.457 E2.62566
G1 X93.658 Y98.127 E2.66123
;WIDTH:0.513338
G1 X93.376 Y98.539 E2.68919
;WIDTH:0.550239
G1 X93.156 Y98.906 E2.71512
;WIDTH:0.58714
G1 X92.937 Y99.273 E2.74299
G1 X92.569 Y99.292 E2.76702
;WIDTH:0.54778
G1 X92.358 Y99.312 E2.7798
;WIDTH:0.508421
G1 X92.146 Y99.332 E2.79159
;WIDTH:0.469062
G1 X91.935 Y99.351 E2.80228
;WIDTH:0.429704
G1 X89.434 Y99.351 E2.91624
;WIDTH:0.438316
G1 X89.269 Y99.362 E2.92395
;WIDTH:0.45
G1 X88.887 Y99.511 E2.94367
G1 X88.57 Y99.879 E2.96703
G1 X88.47 Y100.305 E2.98808
G1 X88.471 Y102.366 E3.08721
G1 X87.419 Y102.37 E3.13781
G1 X86.902 Y102.617 E3.16537
G1 X87.118 Y102.916 F7800
G1 F1800
G1 X87.096 Y102.925 E3.16651
G1 X86.999 Y103.163 E3.17887
G1 X86.085 Y103.163 E3.22283
G1 X85.99 Y102.929 E3.23498
G1 X85.765 Y102.832 E3.24676
G1 X85.765 Y98.611 E3.44978
G1 X92.035 Y98.602 E3.75135
G1 X92.313 Y98.47 E3.76615
G1 X92.386 Y98.394 E3.77122
G1 X93.517 Y96.985 E3.85812
G1 X93.898 Y96.548 E3.886
G1 X94.398 Y96.548 E3.91005
G1 X94.114 Y96.77 E3.92739
G1 X94.064 Y97.005 E3.93895
G1 X94.064 Y98.249 E3.99878
G1 X93.744 Y98.735 E4.02677
G1 X93.207 Y99.727 E4.08102
G1 X89.434 Y99.727 E4.26249
G1 X89.106 Y99.829 E4.27901
G1 X88.915 Y100.05 E4.29306
G1 X88.856 Y100.305 E4.30565
G1 X88.856 Y102.752 E4.42334
G1 X87.51 Y102.752 E4.48808
G1 X87.174 Y102.893 E4.50561
G1 X87.38 Y103.192 F7800
;TYPE:External perimeter
G1 F1800
G1 X87.372 Y103.195 E4.50602
G1 X87.317 Y103.33 E4.51303
G1 X87.317 Y103.549 E4.52356
G1 X85.767 Y103.548 E4.59811
G1 X85.767 Y103.33 E4.6086
G1 X85.713 Y103.196 E4.61555
G1 X85.574 Y103.137 E4.62281
G1 X85.38 Y103.137 E4.63214
G1 X85.38 Y98.225 E4.86839
G1 X91.935 Y98.225 E5.18366
G1 X92.085 Y98.153 E5.19166
G1 X93.221 Y96.737 E5.27897
G1 X93.723 Y96.162 E5.31568
G1 X93.97 Y96.162 E5.32756
;WIDTH:0.494064
G1 X94.194 Y96.185 E5.33963
;WIDTH:0.538128
G1 X94.418 Y96.207 E5.35293
;WIDTH:0.582192
G1 X94.642 Y96.229 E5.36747
G1 X97.082 Y96.229 E5.52506
G1 X97.388 Y96.207 E5.54487
;WIDTH:0.538128
G1 X97.695 Y96.185 E5.56306
;WIDTH:0.494064
G1 X98.001 Y96.162 E5.57951
;WIDTH:0.45
G1 X98.503 Y96.737 E5.61622
G1 X99.639 Y98.153 E5.70353
G1 X99.789 Y98.225 E5.71153
G1 X101.411 Y98.225 E5.78954
G1 X101.411 Y98.893 E5.82167
G1 X101.411 Y99.562 E5.85385
G1 X98.001 Y99.562 E6.01786
G1 X97.586 Y98.828 E6.05841
G1 X97.275 Y98.364 E6.08528
G1 X97.258 Y96.927 E6.1544
;WIDTH:0.494064
G1 X97.2 Y96.867 E6.15887
;WIDTH:0.538128
G1 X97.141 Y96.807 E6.16384
;WIDTH:0.582192
G1 X97.082 Y96.746 E6.16932
G1 X94.642 Y96.746 E6.32691
;WIDTH:0.586115
G1 X94.597 Y96.748 E6.32984
G1 X94.548 Y96.834 E6.33628
;WIDTH:0.540743
G1 X94.499 Y96.92 E6.34216
;WIDTH:0.495371
G1 X94.449 Y97.005 E6.34746
;WIDTH:0.45
G1 X94.449 Y98.365 E6.41287
G1 X94.082 Y98.92 E6.44487
G1 X93.437 Y100.112 E6.51006
G1 X89.434 Y100.112 E6.70259
G1 X89.325 Y100.147 E6.7081
G1 X89.241 Y100.305 E6.71671
G1 X89.242 Y103.137 E6.85292
G1 X87.51 Y103.137 E6.93622
G1 X87.435 Y103.169 E6.94014
G1 X87.292 Y103.542 F7800
G1 E4.94014 F2400
G92 E0
G1 X86.44 Y99.478 F7800
G1 E2 F2400
;TYPE:Solid infill
G1 F2737
G1 X86.44 Y102.442 E2.14256
G1 X86.545 Y102.488 E2.14807
G1 X87.34 Y102.101 E2.1906
G1 X88.181 Y102.078 E2.23106
G1 X88.184 Y100.238 E2.31956
G1 X88.338 Y99.714 E2.34583
G1 X88.717 Y99.276 E2.37369
G1 X86.44 Y99.285 E2.48321
G1 E.48321 F2400
G92 E0
G1 X87.004 Y101.846 F7800
G1 E2 F2400
G1 F2737
G1 X87.362 Y101.7 E2.0186
G1 X87.796 Y101.694 E2.03948
G1 X87.798 Y100.237 E2.10956
G1 X87.939 Y99.665 E2.13789
G1 X86.826 Y99.669 E2.19142
G1 X86.826 Y101.919 E2.29964
G1 X87.166 Y101.407 E2.3292
;WIDTH:0.357154
G1 X87.458 Y101.317 E2.34036
;WIDTH:0.357779
G1 X87.459 Y100.237 E2.37988
;WIDTH:0.359406
G1 X87.488 Y100.007 E2.38841
G1 X87.166 Y100.008 E2.40026
G1 X87.165 Y101.217 E2.44475
G1 E.44475 F2400
G92 E0
G92 E0
G1 X81.188 Y85.287 F7800
G1 E2 F2400
;TYPE:Perimeter
;WIDTH:0.45
G1 F1800
G1 X81.212 Y85.271 E2.00139
G1 X81.385 Y84.985 E2.01747
G1 X81.578 Y84.985 E2.02675
G1 X81.594 Y85.054 E2.03016
G1 X81.883 Y85.388 E2.0514
G1 X82.14 Y85.52 E2.0653
G1 X82.449 Y85.571 E2.08036
G1 X83.41 Y85.571 E2.12658
G1 X83.41 Y86.532 E2.1728
G1 X83.41 Y88.941 E2.28866
G1 X81.09 Y88.941 E2.40024
G1 X81.09 Y86.88 E2.49937
G1 X81.045 Y86.591 E2.51344
G1 X80.918 Y86.332 E2.52731
G1 X80.752 Y86.147 E2.53926
;WIDTH:0.462753
G1 X80.447 Y85.965 E2.55691
G1 X80.126 Y85.926 E2.57298
;WIDTH:0.429703
G1 X76.009 Y85.926 E2.76057
;WIDTH:0.438315
G1 X75.843 Y85.937 E2.76833
;WIDTH:0.45
G1 X75.436 Y86.104 E2.78949
G1 X75.123 Y86.499 E2.81373
G1 X74.965 Y86.866 E2.83295
G1 X74.385 Y88.042 E2.89602
G1 X74.005 Y88.666 E2.93116
G1 X73.598 Y88.666 E2.95074
G1 X73.218 Y88.042 E2.98588
G1 X72.48 Y86.499 E3.06814
G1 X72.167 Y86.104 E3.09238
G1 X71.594 Y85.926 E3.12124
;WIDTH:0.429703
G1 X69.015 Y85.926 E3.23875
G1 X69.015 Y85.561 E3.25538
G1 X71.594 Y85.561 E3.37289
;WIDTH:0.45
G1 X76.009 Y85.561 E3.58524
;WIDTH:0.429703
G1 X80.126 Y85.561 E3.77283
;WIDTH:0.462753
G1 X80.513 Y85.578 E3.79208
G1 X80.861 Y85.506 E3.80974
;WIDTH:0.45
G1 X81.138 Y85.321 E3.82576
G1 X80.913 Y85.006 F7800
G1 F2737
G1 X81.026 Y84.875 E3.83408
G1 X81.092 Y84.599 E3.84773
G1 X81.863 Y84.599 E3.88481
G1 X81.936 Y84.875 E3.89854
G1 X82.03 Y85.006 E3.90629
G1 X82.263 Y85.155 E3.91959
G1 X82.449 Y85.186 E3.92866
G1 X83.795 Y85.186 E3.9934
G1 X83.795 Y86.532 E4.05814
G1 X83.795 Y89.327 E4.19257
G1 X80.704 Y89.327 E4.34124
G1 X80.704 Y87.781 E4.4156
G1 X80.677 Y86.707 E4.46727
G1 X80.501 Y86.44 E4.48265
G1 X80.317 Y86.335 E4.49284
G1 X80.126 Y86.302 E4.50216
G1 X76.009 Y86.302 E4.70017
G1 X75.665 Y86.415 E4.71758
G1 X75.477 Y86.651 E4.73209
G1 X75.153 Y87.358 E4.76949
G1 X74.699 Y88.269 E4.81845
G1 X74.209 Y89.052 E4.86288
G1 X73.446 Y89.052 E4.89958
G1 X73.353 Y89.005 E4.90459
G1 X72.879 Y88.228 E4.94837
G1 X72.125 Y86.651 E5.03244
G1 X71.938 Y86.415 E5.04692
G1 X71.594 Y86.302 E5.06433
G1 X68.639 Y86.302 E5.20646
G1 X68.639 Y85.186 E5.26014
G1 X80.513 Y85.186 E5.83124
G1 X80.722 Y85.147 E5.84147
G1 X80.853 Y85.075 E5.84866
G1 X80.874 Y85.051 E5.85019
G1 X80.64 Y84.736 F7800
;TYPE:External perimeter
G1 F1800
G1 X80.684 Y84.696 E5.85305
G1 X80.706 Y84.214 E5.87626
G1 X82.256 Y84.214 E5.95081
G1 X82.256 Y84.607 E5.96971
G1 X82.309 Y84.74 E5.9766
G1 X82.449 Y84.8 E5.98393
G1 X84.181 Y84.8 E6.06723
G1 X84.181 Y86.532 E6.15053
G1 X84.181 Y89.712 E6.30348
G1 X80.319 Y89.712 E6.48923
G1 X80.319 Y86.88 E6.62544
G1 X80.251 Y86.734 E6.63319
G1 X80.126 Y86.687 E6.63961
G1 X76.009 Y86.687 E6.83762
G1 X75.894 Y86.725 E6.84345
G1 X75.062 Y88.414 E6.93401
G1 X74.755 Y88.917 E6.96235
;TYPE:Overhang perimeter
;WIDTH:0.4
;HEIGHT:0.4
M106 S255
G1 F3600
G1 X74.584 Y89.198 E6.97954
G1 X74.384 Y89.438 E6.99586
G1 X73.219 Y89.438 E7.05673
G1 X73.041 Y89.234 E7.07087
G1 X72.848 Y88.917 E7.09026
M106 S226.95
;TYPE:External perimeter
;WIDTH:0.45
;HEIGHT:0.3
G1 F1800
G1 X72.541 Y88.414 E7.1186
G1 X71.709 Y86.725 E7.20916
G1 X71.594 Y86.687 E7.21499
G1 X68.254 Y86.687 E7.37563
G1 X68.254 Y84.8 E7.46639
G1 X80.583 Y84.787 E8.05937
G1 X80.596 Y84.776 E8.06019
G1 X80.692 Y84.387 F7800
G1 X80.768 Y85.82
;TYPE:Solid infill
G1 F2737
G1 X80.937 Y85.783 E8.06851
G1 X81.205 Y85.621 E8.08357
G1 X81.483 Y85.392 E8.10089
G1 X81.698 Y85.609 E8.11558
G1 X82.02 Y85.782 E8.13316
G1 X82.348 Y85.855 E8.14932
G1 X83.121 Y85.86 E8.1865
G1 X83.121 Y88.652 E8.32079
G1 X81.379 Y88.652 E8.40457
G1 X81.379 Y86.888 E8.48941
G1 X81.327 Y86.533 E8.50667
G1 X81.169 Y86.192 E8.52475
G1 X80.977 Y85.968 E8.53894
G1 X80.925 Y85.931 E8.54201
G1 X81.456 Y85.925 E8.56755
G1 X81.843 Y86.124 E8.58848
G1 X82.228 Y86.228 E8.60766
G1 X82.735 Y86.243 E8.63206
G1 X82.735 Y88.266 E8.72936
G1 X81.765 Y88.266 E8.77601
G1 X81.765 Y86.888 E8.84229
G1 X81.705 Y86.455 E8.86331
G1 X81.538 Y86.1 E8.88218
G1 X82.064 Y86.543 E8.91526
;WIDTH:0.362838
G1 X82.393 Y86.583 E8.9276
G1 X82.396 Y86.888 E8.93895
;WIDTH:0.356762
G1 X82.396 Y87.927 E8.97684
G1 X82.104 Y87.927 E8.98749
G1 X82.104 Y86.888 E9.02538
;WIDTH:0.359463
G1 X82.086 Y86.734 E9.03109
G1 E7.03109 F2400
G92 E0
G1 X72.334 Y85.86 F7800
G1 E2 F2400
;WIDTH:0.45
G1 F2737
G1 X75.277 Y85.851 E2.14155
G1 X74.879 Y86.352 E2.17232
G1 X74.132 Y87.903 E2.25512
G1 X73.842 Y88.377 E2.28185
G1 X73.761 Y88.377 E2.28575
G1 X73.471 Y87.903 E2.31248
G1 X72.724 Y86.352 E2.39528
G1 X72.453 Y86.011 E2.41623
G1 X73.104 Y86.243 E2.44947
G1 X74.496 Y86.242 E2.51642
G1 X74.352 Y86.583 E2.53422
G1 X73.801 Y87.7 E2.59412
G1 X73.185 Y86.419 E2.66249
G1 X73.785 Y86.627 E2.69303
;WIDTH:0.573315
G1 X73.74 Y86.672 E2.69707
G1 X73.756 Y86.733 E2.70107
G1 X73.818 Y86.75 E2.70515
G1 X73.863 Y86.705 E2.70919
G1 X73.846 Y86.643 E2.71327
G1 E.71327 F2400
G92 E0
G1 X81.186 Y72.585 F7800
G1 E2 F2400
;TYPE:Perimeter
;WIDTH:0.45
G1 F1800
G1 X80.861 Y72.369 E2.01877
G1 X80.513 Y72.307 E2.03577
;WIDTH:0.443904
G1 X80.126 Y72.314 E2.05409
;WIDTH:0.429703
G1 X76.009 Y72.314 E2.24168
;WIDTH:0.45
G1 X71.594 Y72.314 E2.45403
;WIDTH:0.429704
G1 X69.015 Y72.314 E2.57154
G1 X69.015 Y71.949 E2.58817
G1 X71.594 Y71.949 E2.70568
;WIDTH:0.438316
G1 X71.76 Y71.938 E2.71344
;WIDTH:0.45
G1 X72.167 Y71.771 E2.7346
G1 X72.48 Y71.376 E2.75884
G1 X72.638 Y71.009 E2.77806
G1 X73.218 Y69.833 E2.84113
G1 X73.598 Y69.209 E2.87627
G1 X74.005 Y69.209 E2.89585
G1 X74.385 Y69.833 E2.93099
G1 X75.123 Y71.376 E3.01325
G1 X75.436 Y71.771 E3.03749
G1 X76.009 Y71.949 E3.06635
;WIDTH:0.429703
G1 X80.126 Y71.949 E3.25394
;WIDTH:0.443904
G1 X80.444 Y71.901 E3.26916
;WIDTH:0.45
G1 X80.752 Y71.728 E3.28615
G1 X80.918 Y71.543 E3.2981
G1 X81.045 Y71.284 E3.31197
G1 X81.09 Y70.995 E3.32604
G1 X81.09 Y68.934 E3.42517
G1 X83.41 Y68.934 E3.53675
G1 X83.41 Y70.094 E3.59254
G1 X83.41 Y72.304 E3.69883
G1 X82.449 Y72.304 E3.74505
G1 X82.14 Y72.355 E3.76011
G1 X81.823 Y72.535 E3.77764
G1 X81.708 Y72.715 E3.78791
G1 X81.254 Y72.715 E3.80975
G1 X81.22 Y72.631 E3.81411
G1 X80.914 Y72.856 F7800
G1 F2737
G1 X80.722 Y72.728 E3.82521
G1 X80.513 Y72.689 E3.83544
G1 X68.639 Y72.689 E4.40654
G1 X68.639 Y71.573 E4.46022
G1 X71.594 Y71.573 E4.60235
G1 X71.938 Y71.46 E4.61976
G1 X72.125 Y71.224 E4.63424
G1 X72.45 Y70.517 E4.67166
G1 X72.904 Y69.606 E4.72062
G1 X73.394 Y68.823 E4.76505
G1 X74.157 Y68.823 E4.80175
G1 X74.25 Y68.87 E4.80676
G1 X74.723 Y69.647 E4.85051
G1 X75.477 Y71.224 E4.93458
G1 X75.665 Y71.46 E4.94909
G1 X76.009 Y71.573 E4.9665
G1 X80.126 Y71.573 E5.16451
G1 X80.226 Y71.564 E5.16934
G1 X80.501 Y71.435 E5.18395
G1 X80.677 Y71.168 E5.19933
G1 X80.704 Y70.995 E5.20775
G1 X80.704 Y68.548 E5.32544
G1 X83.795 Y68.548 E5.47411
G1 X83.795 Y70.094 E5.54847
G1 X83.795 Y72.689 E5.67328
G1 X82.449 Y72.689 E5.73802
G1 X82.263 Y72.72 E5.74709
G1 X82.073 Y72.828 E5.7576
G1 X81.938 Y73.101 E5.77225
G1 X81.024 Y73.101 E5.81621
G1 X80.945 Y72.904 E5.82642
G1 X80.643 Y73.13 F7800
;TYPE:External perimeter
G1 F1800
G1 X80.513 Y73.075 E5.83321
G1 X68.254 Y73.075 E6.42283
G1 X68.254 Y71.187 E6.51364
G1 X71.594 Y71.187 E6.67428
G1 X71.709 Y71.15 E6.68009
G1 X72.541 Y69.461 E6.77065
G1 X72.848 Y68.958 E6.79899
;TYPE:Overhang perimeter
;WIDTH:0.4
;HEIGHT:0.4
M106 S255
G1 F3600
G1 X73.019 Y68.677 E6.81618
G1 X73.219 Y68.437 E6.8325
G1 X74.384 Y68.437 E6.89337
G1 X74.562 Y68.641 E6.90751
G1 X74.755 Y68.958 E6.9269
M106 S226.95
;TYPE:External perimeter
;WIDTH:0.45
;HEIGHT:0.3
G1 F1800
G1 X75.062 Y69.461 E6.95524
G1 X75.894 Y71.15 E7.0458
G1 X76.009 Y71.187 E7.05161
G1 X80.126 Y71.187 E7.24962
G1 X80.251 Y71.141 E7.25603
G1 X80.319 Y70.995 E7.26378
G1 X80.319 Y68.162 E7.40004
G1 X84.181 Y68.162 E7.58579
G1 X84.181 Y70.094 E7.67871
G1 X84.181 Y73.075 E7.82209
G1 X82.449 Y73.075 E7.90539
G1 X82.336 Y73.112 E7.91111
G1 X82.256 Y73.268 E7.91954
G1 X82.256 Y73.486 E7.93003
G1 X80.706 Y73.486 E8.00458
G1 X80.706 Y73.268 E8.01507
G1 X80.671 Y73.18 E8.01962
G1 X80.283 Y73.082 F7800
G1 X80.784 Y72.066
;TYPE:Solid infill
G1 F2737
G1 X80.91 Y71.967 E8.02733
G1 X81.139 Y71.728 E8.04325
G1 X81.309 Y71.398 E8.0611
G1 X81.379 Y70.987 E8.08115
G1 X81.379 Y69.223 E8.16599
G1 X83.121 Y69.223 E8.24977
G1 X83.121 Y72.015 E8.38406
G1 X82.348 Y72.02 E8.42124
G1 X82.098 Y72.069 E8.43349
G1 X81.738 Y72.239 E8.45264
G1 X81.533 Y72.426 E8.46599
G1 X81.429 Y72.426 E8.47099
G1 X80.972 Y72.112 E8.49766
G1 X81.467 Y71.957 E8.52261
G1 X81.656 Y71.566 E8.5435
G1 X81.765 Y70.987 E8.57184
G1 X81.765 Y69.609 E8.63812
G1 X82.735 Y69.609 E8.68477
G1 X82.735 Y71.632 E8.78207
G1 X82.346 Y71.634 E8.80078
G1 X81.989 Y71.698 E8.81822
G1 X81.639 Y71.871 E8.837
G1 X82.064 Y71.332 E8.87001
;WIDTH:0.362837
G1 X82.104 Y70.987 E8.88294
;WIDTH:0.356761
G1 X82.104 Y69.948 E8.92083
G1 X82.396 Y69.948 E8.93148
G1 X82.396 Y70.094 E8.9368
;WIDTH:0.362837
G1 X82.393 Y71.292 E8.9814
G1 X82.256 Y71.309 E8.98654
G1 E6.98654 F2400
G92 E0
G1 X72.326 Y72.024 F7800
G1 E2 F2400
;WIDTH:0.45
G1 F2737
G1 X72.724 Y71.523 E2.03077
G1 X73.471 Y69.972 E2.11357
G1 X73.739 Y69.533 E2.13831
G1 X73.801 Y69.498 E2.14173
G1 X73.864 Y69.533 E2.1452
G1 X74.132 Y69.972 E2.16994
G1 X74.879 Y71.523 E2.25274
G1 X75.269 Y72.015 E2.28294
G1 X72.518 Y72.024 E2.41525
G1 X73.107 Y71.633 E2.44925
G1 X73.251 Y71.292 E2.46705
G1 X73.801 Y70.175 E2.52693
G1 X74.498 Y71.632 E2.60461
G1 X73.3 Y71.633 E2.66223
G1 X73.785 Y71.125 E2.69601
;WIDTH:0.573319
G1 X73.74 Y71.17 E2.70005
G1 X73.756 Y71.232 E2.70411
G1 X73.818 Y71.248 E2.70817
G1 X73.863 Y71.203 E2.71221
G1 X73.846 Y71.142 E2.71623
;LAYER_CHANGE
;Z:4.85
;HEIGHT:0.3
G1 E.71623 F2400
G92 E0
G1 Z4.85 F7800
G92 E0
G1 X98.356 Y120.408
G1 E2 F2400
;TYPE:Perimeter
;WIDTH:0.429883
G1 F1800
G1 X98.379 Y119.781 E2.0286
;WIDTH:0.473521
G1 X98.697 Y119.22 E2.06151
G1 X99.374 Y119.22 E2.09606
G1 X99.121 Y119.374 E2.11117
G1 X98.684 Y119.98 E2.1493
;WIDTH:0.429883
G1 X98.393 Y120.36 E2.17112
G1 X97.674 Y121.452 F7800
;WIDTH:0.45
G1 F1800
G1 X97.885 Y121.313 E2.18327
G1 X97.981 Y120.995 E2.19925
G1 X97.981 Y119.725 E2.26033
G1 X98.451 Y118.823 E2.30925
G1 X99.045 Y118.823 E2.33782
;WIDTH:0.49516
G1 X99.471 Y118.846 E2.36074
;WIDTH:0.540321
G1 X99.896 Y118.868 E2.386
G1 X101.063 Y118.868 E2.45528
G1 X101.063 Y119.106 E2.46941
G1 X101.062 Y119.344 E2.48354
G1 X100.825 Y119.344 E2.49761
;WIDTH:0.54685
G1 X99.787 Y119.35 E2.56007
G1 X99.612 Y119.483 E2.5733
;WIDTH:0.498425
G1 X99.437 Y119.616 E2.5852
;WIDTH:0.45
G1 X98.003 Y121.452 E2.69725
G1 X97.734 Y121.452 E2.71019
G1 E.71019 F2400
G92 E0
G1 X86.838 Y115.345 F7800
G1 E2 F2400
G1 F1800
G1 X87.108 Y115.546 E2.01619
G1 X87.51 Y115.634 E2.03598
G1 X88.401 Y115.634 E2.07883
G1 X88.404 Y117.696 E2.17801
G1 X88.517 Y118.147 E2.20037
G1 X88.836 Y118.499 E2.22322
G1 X89.368 Y118.649 E2.2498
;WIDTH:0.429703
G1 X91.829 Y118.649 E2.36194
;WIDTH:0.470829
G1 X92.129 Y118.669 E2.37718
;WIDTH:0.511956
G1 X92.429 Y118.69 E2.39397
;WIDTH:0.553084
G1 X92.73 Y118.71 E2.41236
G1 X92.948 Y119.107 E2.43997
;WIDTH:0.510836
G1 X93.099 Y119.367 E2.45671
;WIDTH:0.468588
G1 X93.368 Y119.82 E2.48327
;WIDTH:0.43052
G1 X93.368 Y120.407 E2.51008
;WIDTH:0.468588
G1 X92.757 Y119.579 E2.56196
;WIDTH:0.510836
G1 X92.595 Y119.365 E2.57691
;WIDTH:0.553084
G1 X92.432 Y119.151 E2.59331
G1 X92.231 Y119.105 E2.60588
;WIDTH:0.511956
G1 X92.03 Y119.06 E2.61738
;WIDTH:0.470829
G1 X91.829 Y119.014 E2.62783
;WIDTH:0.429703
G1 X89.368 Y119.014 E2.73997
;WIDTH:0.45
G1 X86.221 Y119.004 E2.89133
G1 X86.221 Y115.34 E3.06756
G1 X86.3 Y115.304 E3.07174
G1 X86.428 Y115.077 E3.08427
G1 X86.655 Y115.077 E3.09519
G1 X86.784 Y115.304 E3.10775
G1 X86.79 Y115.309 E3.10813
G1 X87.119 Y115.06 F7800
G1 F1800
G1 X87.269 Y115.195 E3.11784
G1 X87.51 Y115.248 E3.12971
G1 X88.787 Y115.248 E3.19113
G1 X88.79 Y117.695 E3.30882
G1 X88.857 Y117.966 E3.32225
G1 X89.049 Y118.177 E3.33597
G1 X89.368 Y118.273 E3.35199
G1 X93.002 Y118.273 E3.52677
G1 X93.466 Y119.217 E3.57736
G1 X93.744 Y119.724 E3.60517
G1 X93.744 Y120.995 E3.6663
G1 X93.839 Y121.313 E3.68226
G1 X94.097 Y121.452 E3.69636
G1 X93.722 Y121.452 E3.7144
G1 X92.172 Y119.503 E3.83417
G1 X91.829 Y119.389 E3.85155
G1 X85.835 Y119.389 E4.13984
G1 X85.835 Y115.129 E4.34473
G1 X86.01 Y115.05 E4.35396
G1 X86.074 Y114.96 E4.35927
G1 X86.147 Y114.691 E4.37268
G1 X86.937 Y114.691 E4.41068
G1 X87.009 Y114.96 E4.42407
G1 X87.075 Y115.02 E4.42836
G1 X87.382 Y114.804 F7800
;TYPE:External perimeter
G1 F1800
G1 X87.51 Y114.862 E4.43512
G1 X89.172 Y114.862 E4.51506
G1 X89.175 Y117.695 E4.65132
G1 X89.262 Y117.856 E4.66012
G1 X89.368 Y117.887 E4.66543
G1 X93.243 Y117.887 E4.8518
G1 X93.804 Y119.032 E4.91313
G1 X94.129 Y119.625 E4.94565
G1 X94.129 Y120.995 E5.01154
G1 X94.161 Y121.101 E5.01687
;WIDTH:0.494063
G1 X94.215 Y121.152 E5.02085
;WIDTH:0.538127
G1 X94.268 Y121.203 E5.0252
;WIDTH:0.582191
G1 X94.322 Y121.254 E5.03
G1 X97.402 Y121.254 E5.22892
;WIDTH:0.586114
G1 X97.447 Y121.252 E5.23185
G1 X97.486 Y121.201 E5.23603
;WIDTH:0.540742
G1 X97.525 Y121.151 E5.2398
;WIDTH:0.495371
G1 X97.563 Y121.101 E5.24318
;WIDTH:0.45
G1 X97.595 Y120.995 E5.24851
G1 X97.595 Y119.626 E5.31435
G1 X97.869 Y119.128 E5.34169
G1 X98.211 Y118.437 E5.37877
G1 X101.494 Y118.437 E5.53667
G1 X101.493 Y119.107 E5.56889
G1 X101.493 Y119.775 E5.60102
G1 X99.896 Y119.775 E5.67783
G1 X99.743 Y119.85 E5.68603
G1 X98.949 Y120.885 E5.74877
G1 X98.188 Y121.837 E5.80739
G1 X97.96 Y121.837 E5.81836
;WIDTH:0.494063
G1 X97.774 Y121.815 E5.8284
;WIDTH:0.538127
G1 X97.588 Y121.793 E5.83947
;WIDTH:0.582191
G1 X97.402 Y121.771 E5.85157
G1 X94.322 Y121.771 E6.05049
G1 X94.06 Y121.793 E6.06747
;WIDTH:0.538127
G1 X93.798 Y121.815 E6.08301
;WIDTH:0.494063
G1 X93.536 Y121.837 E6.0971
;WIDTH:0.45
G1 X92.775 Y120.885 E6.15572
G1 X91.982 Y119.85 E6.21843
G1 X91.829 Y119.775 E6.22663
G1 X85.45 Y119.775 E6.53344
G1 X85.45 Y114.862 E6.76974
G1 X85.574 Y114.862 E6.7757
G1 X85.741 Y114.766 E6.78496
G1 X85.767 Y114.305 E6.80717
G1 X87.317 Y114.305 E6.88172
G1 X87.317 Y114.67 E6.89928
G1 X87.35 Y114.758 E6.9038
G1 X87.738 Y114.855 F7800
G1 X86.551 Y115.475
;TYPE:Solid infill
G1 F2500
G1 X86.955 Y115.787 E6.92835
G1 X87.41 Y115.918 E6.95112
G1 X88.113 Y115.922 E6.98493
G1 X88.122 Y117.82 E7.07622
G1 X88.289 Y118.318 E7.10148
G1 X88.65 Y118.715 E7.12729
G1 X86.51 Y118.715 E7.23022
G1 X86.51 Y115.652 E7.37754
G1 X86.896 Y116.21 E7.41017
G1 X87.261 Y116.283 E7.42807
G1 X87.729 Y116.305 E7.4506
G1 X87.735 Y117.802 E7.5226
G1 X87.87 Y118.329 E7.54877
G1 X86.896 Y118.329 E7.59562
G1 X86.896 Y116.403 E7.68825
G1 X87.313 Y116.716 E7.71333
;WIDTH:0.518323
G1 X87.315 Y117.803 E7.77487
;WIDTH:0.524063
G1 X87.318 Y117.906 E7.78078
G1 E5.78078 F2400
G92 E0
G1 X98.356 Y97.592 F7800
G1 E2 F2400
;TYPE:Perimeter
;WIDTH:0.429884
G1 F1800
G1 X98.684 Y98.02 E2.02458
;WIDTH:0.473521
G1 X99.121 Y98.626 E2.06271
G1 X99.432 Y98.779 E2.0804
G1 X98.697 Y98.779 E2.11791
G1 X98.356 Y98.178 E2.15317
;WIDTH:0.429884
G1 X98.356 Y97.652 E2.17715
G1 X97.991 Y96.683 F7800
;WIDTH:0.636115
G1 F1800
G1 X98.062 Y96.739 E2.1836
;WIDTH:0.594304
G1 X98.134 Y96.794 E2.18959
;WIDTH:0.552493
G1 X98.205 Y96.85 E2.1951
;WIDTH:0.510682
G1 X98.276 Y96.905 E2.2001
;WIDTH:0.468872
G1 X98.646 Y97.353 E2.22941
;WIDTH:0.45
G1 X99.437 Y98.384 E2.29191
;WIDTH:0.495161
G1 X99.666 Y98.52 E2.30622
;WIDTH:0.540322
G1 X99.896 Y98.656 E2.32208
G1 X101.062 Y98.656 E2.3913
G1 X101.063 Y98.894 E2.40543
G1 X101.063 Y99.132 E2.41956
G1 X99.896 Y99.132 E2.48884
G1 X99.471 Y99.154 E2.5141
;WIDTH:0.495161
G1 X99.045 Y99.177 E2.53702
;WIDTH:0.45
G1 X98.451 Y99.177 E2.56559
G1 X97.981 Y98.275 E2.61451
G1 X97.981 Y97.582 E2.64784
;WIDTH:0.496528
G1 X97.983 Y97.358 E2.65991
;WIDTH:0.543057
G1 X97.986 Y97.133 E2.67334
;WIDTH:0.589586
G1 X97.989 Y96.908 E2.68808
;WIDTH:0.636115
G1 X97.991 Y96.743 E2.69985
G1 E.69985 F2400
G92 E0
G1 X86.821 Y102.67 F7800
G1 E2 F2400
;WIDTH:0.45
G1 F1800
G1 X86.789 Y102.748 E2.00405
G1 X86.31 Y102.748 E2.02709
G1 X86.281 Y102.675 E2.03087
G1 X86.221 Y102.649 E2.03402
G1 X86.221 Y98.996 E2.20972
G1 X89.368 Y98.986 E2.36108
;WIDTH:0.429704
G1 X91.829 Y98.986 E2.47322
;WIDTH:0.438316
G1 X91.994 Y98.976 E2.48093
;WIDTH:0.476572
G1 X92.14 Y98.934 E2.48874
;WIDTH:0.514828
G1 X92.286 Y98.891 E2.49729
;WIDTH:0.553084
G1 X92.432 Y98.849 E2.50655
G1 X92.522 Y98.741 E2.51512
;WIDTH:0.523614
G1 X92.611 Y98.632 E2.52318
;WIDTH:0.494145
G1 X92.825 Y98.327 E2.54315
;WIDTH:0.462332
G1 X93.039 Y98.022 E2.56164
;WIDTH:0.43052
G1 X93.368 Y97.593 E2.58633
G1 X93.368 Y98.18 E2.61314
;WIDTH:0.46859
G1 X93.099 Y98.633 E2.6397
;WIDTH:0.510837
G1 X92.915 Y98.961 E2.66064
;WIDTH:0.553084
G1 X92.73 Y99.29 E2.68365
G1 X92.328 Y99.31 E2.70818
;WIDTH:0.511957
G1 X92.078 Y99.331 E2.72219
;WIDTH:0.47083
G1 X91.829 Y99.351 E2.73485
;WIDTH:0.429704
G1 X89.368 Y99.351 E2.84699
;WIDTH:0.438316
G1 X89.202 Y99.362 E2.85475
;WIDTH:0.45
G1 X88.836 Y99.501 E2.87358
G1 X88.517 Y99.853 E2.89643
G1 X88.404 Y100.304 E2.91879
G1 X88.401 Y102.366 E3.01797
G1 X87.417 Y102.371 E3.0653
G1 X86.861 Y102.631 E3.09482
G1 X87.095 Y102.939 F7800
G1 F1800
G1 X87.013 Y103.134 E3.10499
G1 X86.076 Y103.134 E3.15006
G1 X85.998 Y102.937 E3.16025
G1 X85.835 Y102.866 E3.1688
G1 X85.835 Y98.611 E3.37345
G1 X91.829 Y98.611 E3.66174
G1 X92.172 Y98.497 E3.67912
G1 X92.288 Y98.384 E3.68691
G1 X93.081 Y97.35 E3.74958
;WIDTH:0.468871
G1 X93.448 Y96.905 E3.77868
;WIDTH:0.510684
G1 X93.519 Y96.85 E3.78368
;WIDTH:0.552498
G1 X93.591 Y96.794 E3.78923
;WIDTH:0.594311
G1 X93.662 Y96.739 E3.79517
;WIDTH:0.636125
G1 X93.733 Y96.683 E3.80162
G1 X93.733 Y96.764 E3.8074
;WIDTH:0.594311
G1 X93.733 Y96.844 E3.81269
;WIDTH:0.552498
G1 X93.734 Y96.925 E3.81762
;WIDTH:0.510684
G1 X93.734 Y97.005 E3.82207
;WIDTH:0.468871
G1 X93.744 Y97.582 E3.85118
;WIDTH:0.45
G1 X93.744 Y98.276 E3.88456
G1 X93.454 Y98.806 E3.91362
G1 X93.002 Y99.727 E3.96296
G1 X89.368 Y99.727 E4.13774
G1 X89.049 Y99.823 E4.15376
G1 X88.857 Y100.034 E4.16748
G1 X88.79 Y100.305 E4.18091
G1 X88.787 Y102.752 E4.2986
G1 X87.51 Y102.752 E4.36002
G1 X87.139 Y102.904 E4.3793
G1 X87.371 Y103.201 F7800
;TYPE:External perimeter
G1 F1800
G1 X87.317 Y103.33 E4.38603
G1 X87.317 Y103.52 E4.39517
G1 X85.767 Y103.52 E4.46972
G1 X85.767 Y103.33 E4.47886
G1 X85.715 Y103.199 E4.48564
G1 X85.574 Y103.137 E4.49305
G1 X85.45 Y103.137 E4.49901
G1 X85.45 Y98.225 E4.73526
G1 X91.829 Y98.225 E5.04207
G1 X91.982 Y98.15 E5.05027
G1 X92.775 Y97.115 E5.11298
G1 X93.536 Y96.162 E5.17164
G1 X93.765 Y96.162 E5.18265
;WIDTH:0.494064
G1 X93.95 Y96.185 E5.19264
;WIDTH:0.538128
G1 X94.136 Y96.207 E5.20371
;WIDTH:0.582192
G1 X94.322 Y96.229 E5.21581
G1 X97.402 Y96.229 E5.41473
G1 X97.664 Y96.207 E5.43171
;WIDTH:0.538128
G1 X97.926 Y96.185 E5.44725
;WIDTH:0.494064
G1 X98.188 Y96.162 E5.46135
;WIDTH:0.45
G1 X98.949 Y97.115 E5.52001
G1 X99.743 Y98.15 E5.58275
G1 X99.896 Y98.225 E5.59095
G1 X101.493 Y98.225 E5.66776
G1 X101.493 Y98.893 E5.69989
G1 X101.494 Y99.562 E5.73207
G1 X98.211 Y99.562 E5.88997
G1 X97.865 Y98.864 E5.92744
G1 X97.595 Y98.374 E5.95435
G1 X97.595 Y97.582 E5.99244
G1 X97.571 Y96.913 E6.02464
;WIDTH:0.494064
G1 X97.515 Y96.857 E6.02888
;WIDTH:0.538128
G1 X97.459 Y96.802 E6.03352
;WIDTH:0.582192
G1 X97.402 Y96.746 E6.03868
G1 X94.322 Y96.746 E6.2376
;WIDTH:0.586115
G1 X94.277 Y96.748 E6.24053
G1 X94.238 Y96.799 E6.24471
;WIDTH:0.540743
G1 X94.2 Y96.849 E6.24844
;WIDTH:0.495371
G1 X94.161 Y96.899 E6.25185
;WIDTH:0.45
G1 X94.129 Y97.005 E6.25718
G1 X94.129 Y98.375 E6.32307
G1 X93.8 Y98.976 E6.35602
G1 X93.243 Y100.112 E6.41687
G1 X89.368 Y100.112 E6.60324
G1 X89.262 Y100.144 E6.60857
G1 X89.175 Y100.305 E6.61737
G1 X89.172 Y103.137 E6.75358
G1 X87.51 Y103.137 E6.83352
G1 X87.422 Y103.173 E6.83809
G1 X87.241 Y103.53 F7800
G1 E4.83809 F2400
G92 E0
G1 X88.465 Y99.277 F7800
G1 E2 F2400
;TYPE:Solid infill
G1 F2500
G1 X86.51 Y99.285 E2.09403
G1 X86.51 Y102.459 E2.24669
G1 X86.639 Y102.439 E2.25297
G1 X87.338 Y102.1 E2.29033
G1 X87.419 Y102.082 E2.29432
G1 X88.113 Y102.078 E2.3277
G1 X88.121 Y100.2 E2.41803
G1 X88.289 Y99.682 E2.44422
G1 X88.658 Y99.276 E2.47061
G1 X87.872 Y99.665 F7800
G1 F2500
G1 X87.735 Y100.198 E2.49708
G1 X87.729 Y101.695 E2.56908
G1 X87.358 Y101.7 E2.58693
G1 X86.896 Y101.882 E2.61081
G1 X86.896 Y99.669 E2.71725
G1 X87.679 Y99.666 E2.75491
G1 X87.318 Y100.09 E2.78169
;WIDTH:0.524459
G1 X87.315 Y100.197 E2.78783
;WIDTH:0.518321
G1 X87.313 Y101.285 E2.84943
G1 E.84943 F2400
G92 E0
G92 E0
G1 X81.189 Y85.288 F7800
G1 E2 F2400
;TYPE:Perimeter
;WIDTH:0.45
G1 F1800
G1 X81.209 Y85.274 E2.00117
G1 X81.368 Y85.014 E2.01583
G1 X81.594 Y85.014 E2.0267
G1 X81.753 Y85.274 E2.04136
G1 X82.13 Y85.517 E2.06293
G1 X82.449 Y85.571 E2.07849
G1 X83.34 Y85.571 E2.12134
G1 X83.34 Y86.462 E2.16419
G1 X83.34 Y88.941 E2.28342
G1 X81.161 Y88.941 E2.38822
G1 X81.161 Y86.88 E2.48735
G1 X81.104 Y86.553 E2.50331
G1 X80.963 Y86.296 E2.51741
G1 X80.782 Y86.114 E2.52976
;WIDTH:0.451736
G1 X80.46 Y85.952 E2.54717
G1 X80.197 Y85.926 E2.55994
;WIDTH:0.429703
G1 X76.203 Y85.926 E2.74193
;WIDTH:0.438315
G1 X76.037 Y85.937 E2.74969
;WIDTH:0.45
G1 X75.63 Y86.105 E2.77087
G1 X75.317 Y86.499 E2.79507
G1 X74.622 Y88.116 E2.87972
G1 X74.352 Y88.666 E2.90919
G1 X73.251 Y88.666 E2.96214
G1 X72.981 Y88.116 E2.99161
G1 X72.286 Y86.499 E3.07626
G1 X71.973 Y86.105 E3.10046
G1 X71.4 Y85.926 E3.12933
;WIDTH:0.429703
G1 X68.93 Y85.926 E3.24188
G1 X68.93 Y85.561 E3.25851
G1 X71.4 Y85.561 E3.37106
;WIDTH:0.45
G1 X76.203 Y85.561 E3.60207
;WIDTH:0.429703
G1 X80.197 Y85.561 E3.78406
;WIDTH:0.451736
G1 X80.513 Y85.572 E3.79934
G1 X80.867 Y85.504 E3.81676
;WIDTH:0.45
G1 X81.139 Y85.321 E3.83253
G1 X80.916 Y85.007 F7800
G1 F2500
G1 X81.014 Y84.898 E3.83958
G1 X81.086 Y84.628 E3.85302
G1 X81.876 Y84.628 E3.89102
G1 X81.949 Y84.898 E3.90447
G1 X82.031 Y85.007 E3.91103
G1 X82.258 Y85.153 E3.92401
G1 X82.449 Y85.186 E3.93333
G1 X83.726 Y85.186 E3.99475
G1 X83.726 Y86.462 E4.05612
G1 X83.726 Y89.327 E4.19392
G1 X80.775 Y89.327 E4.33585
G1 X80.775 Y86.88 E4.45354
G1 X80.741 Y86.684 E4.46311
G1 X80.548 Y86.421 E4.4788
G1 X80.355 Y86.324 E4.48919
G1 X80.197 Y86.302 E4.49686
G1 X76.203 Y86.302 E4.68896
G1 X75.859 Y86.415 E4.70637
G1 X75.671 Y86.652 E4.72092
G1 X74.972 Y88.277 E4.806
G1 X74.592 Y89.052 E4.84751
G1 X73.011 Y89.052 E4.92355
G1 X72.631 Y88.277 E4.96506
G1 X71.932 Y86.652 E5.05014
G1 X71.744 Y86.415 E5.06469
G1 X71.4 Y86.302 E5.0821
G1 X68.555 Y86.302 E5.21893
G1 X68.555 Y85.186 E5.27261
G1 X80.197 Y85.186 E5.83255
G1 X80.726 Y85.145 E5.85807
G1 X80.86 Y85.07 E5.86546
G1 X80.876 Y85.052 E5.86662
G1 X80.641 Y84.737 F7800
;TYPE:External perimeter
G1 F1800
G1 X80.68 Y84.704 E5.86908
G1 X80.706 Y84.243 E5.89129
G1 X82.256 Y84.243 E5.96584
G1 X82.256 Y84.607 E5.98335
G1 X82.31 Y84.741 E5.9903
G1 X82.449 Y84.8 E5.99756
G1 X84.111 Y84.8 E6.0775
G1 X84.111 Y86.462 E6.15744
G1 X84.111 Y89.712 E6.31375
G1 X80.39 Y89.712 E6.49272
G1 X80.39 Y86.88 E6.62893
G1 X80.35 Y86.763 E6.63488
G1 X80.197 Y86.687 E6.6431
G1 X76.169 Y86.69 E6.83683
G1 X76.026 Y86.804 E6.84563
G1 X75.323 Y88.438 E6.93118
G1 X74.833 Y89.438 E6.98474
G1 X72.77 Y89.438 E7.08396
G1 X72.28 Y88.438 E7.13752
G1 X71.515 Y86.725 E7.22775
G1 X71.4 Y86.687 E7.23358
G1 X68.169 Y86.687 E7.38898
G1 X68.169 Y84.8 E7.47974
G1 X80.197 Y84.8 E8.05825
G1 X80.584 Y84.787 E8.07687
G1 X80.596 Y84.777 E8.07762
G1 X80.692 Y84.388 F7800
G1 X81.491 Y85.378
;TYPE:Solid infill
G1 F2500
G1 X81.665 Y85.58 E8.09044
G1 X82.009 Y85.778 E8.10953
G1 X82.344 Y85.855 E8.12606
G1 X83.051 Y85.86 E8.16007
G1 X83.051 Y88.652 E8.29436
G1 X81.45 Y88.652 E8.37136
G1 X81.45 Y86.883 E8.45644
G1 X81.384 Y86.489 E8.47565
G1 X81.208 Y86.145 E8.49423
G1 X80.995 Y85.921 E8.5091
G1 X80.846 Y85.826 E8.5176
G1 X81.263 Y85.584 E8.54079
G1 X81.348 Y85.507 E8.54631
G1 X81.553 Y85.971 E8.57071
G1 X81.828 Y86.118 E8.58571
G1 X82.22 Y86.227 E8.60528
G1 X82.665 Y86.243 E8.6267
G1 X82.665 Y88.266 E8.724
G1 X81.836 Y88.266 E8.76387
G1 X81.836 Y86.883 E8.83039
G1 X81.764 Y86.422 E8.85283
G1 X81.634 Y86.146 E8.8675
G1 X82.239 Y86.661 F7800
;WIDTH:0.531897
G1 F2500
G1 X82.251 Y87.852 E8.93695
G1 E6.93695 F2400
G92 E0
G1 X75.278 Y85.851 F7800
G1 E2 F2400
;WIDTH:0.45
G1 F2500
G1 X72.14 Y85.86 E2.15093
G1 X72.531 Y86.353 E2.18119
G1 X73.244 Y87.995 E2.26729
G1 X73.431 Y88.377 E2.28775
G1 X74.172 Y88.377 E2.32339
G1 X74.352 Y88.009 E2.34309
G1 X75.046 Y86.397 E2.4275
G1 X75.471 Y85.85 E2.46082
G1 X73.8 Y86.241 F7800
G1 F2500
G1 X74.688 Y86.243 E2.50353
G1 X73.931 Y87.991 E2.59515
G1 X73.672 Y87.991 E2.60761
G1 X72.911 Y86.244 E2.69926
G1 X73.607 Y86.242 E2.73274
G1 X73.909 Y86.631 E2.75643
;WIDTH:0.459056
G1 X73.502 Y86.632 E2.77647
G1 X73.801 Y87.328 E2.81376
G1 X74.102 Y86.63 E2.85118
G1 E.85118 F2400
G92 E0
G1 X81.19 Y72.606 F7800
G1 E2 F2400
;TYPE:Perimeter
;WIDTH:0.45
G1 F1800
G1 X81.172 Y72.564 E2.0022
G1 X80.867 Y72.371 E2.01956
G1 X80.513 Y72.308 E2.03685
;WIDTH:0.441803
G1 X80.197 Y72.314 E2.05173
;WIDTH:0.429703
G1 X76.203 Y72.314 E2.23372
;WIDTH:0.45
G1 X71.4 Y72.314 E2.46473
;WIDTH:0.429704
G1 X68.931 Y72.314 E2.57723
G1 X68.931 Y71.949 E2.59386
G1 X71.4 Y71.949 E2.70636
;WIDTH:0.438316
G1 X71.566 Y71.938 E2.71412
;WIDTH:0.45
G1 X71.973 Y71.77 E2.7353
G1 X72.286 Y71.376 E2.7595
G1 X72.981 Y69.759 E2.84415
G1 X73.251 Y69.209 E2.87362
G1 X74.352 Y69.209 E2.92657
G1 X74.622 Y69.759 E2.95604
G1 X75.317 Y71.376 E3.04069
G1 X75.63 Y71.77 E3.06489
G1 X76.203 Y71.949 E3.09376
;WIDTH:0.429703
G1 X80.197 Y71.949 E3.27575
;WIDTH:0.438316
G1 X80.362 Y71.938 E3.28346
;WIDTH:0.45
G1 X80.782 Y71.761 E3.30538
G1 X80.963 Y71.579 E3.31773
G1 X81.104 Y71.322 E3.33183
G1 X81.161 Y70.995 E3.34779
G1 X81.161 Y68.934 E3.44692
G1 X83.34 Y68.934 E3.55172
G1 X83.34 Y70.023 E3.6041
G1 X83.34 Y72.304 E3.71381
G1 X82.449 Y72.304 E3.75666
G1 X82.13 Y72.358 E3.77222
G1 X81.79 Y72.564 E3.79134
G1 X81.737 Y72.686 E3.79774
G1 X81.225 Y72.686 E3.82237
G1 X81.214 Y72.661 E3.82368
G1 X80.923 Y72.879 F7800
G1 F2500
G1 X80.909 Y72.845 E3.82545
G1 X80.726 Y72.73 E3.83585
G1 X80.513 Y72.689 E3.84628
G1 X68.555 Y72.689 E4.42142
G1 X68.555 Y71.573 E4.4751
G1 X71.4 Y71.573 E4.61193
G1 X71.744 Y71.46 E4.62934
G1 X71.932 Y71.223 E4.64389
G1 X72.631 Y69.598 E4.72897
G1 X73.011 Y68.823 E4.77048
G1 X74.592 Y68.823 E4.84652
G1 X74.972 Y69.598 E4.88803
G1 X75.671 Y71.223 E4.97311
G1 X75.859 Y71.46 E4.98766
G1 X76.203 Y71.573 E5.00507
G1 X80.197 Y71.573 E5.19717
G1 X80.297 Y71.564 E5.202
G1 X80.548 Y71.454 E5.21518
G1 X80.741 Y71.191 E5.23087
G1 X80.775 Y70.995 E5.24044
G1 X80.775 Y68.548 E5.35813
G1 X83.726 Y68.548 E5.50006
G1 X83.726 Y70.023 E5.571
G1 X83.726 Y72.689 E5.69923
G1 X82.392 Y72.692 E5.76339
G1 X82.102 Y72.805 E5.77836
G1 X81.956 Y73.072 E5.793
G1 X81.007 Y73.072 E5.83864
G1 X80.947 Y72.934 E5.84588
G1 X80.65 Y73.139 F7800
;TYPE:External perimeter
G1 F1800
G1 X80.645 Y73.127 E5.84651
G1 X80.513 Y73.075 E5.85333
G1 X68.17 Y73.075 E6.44699
G1 X68.17 Y71.187 E6.5378
G1 X71.434 Y71.185 E6.69479
G1 X71.577 Y71.071 E6.70359
G1 X72.28 Y69.437 E6.78914
G1 X72.77 Y68.437 E6.8427
G1 X74.833 Y68.437 E6.94192
G1 X75.323 Y69.437 E6.99548
G1 X76.088 Y71.15 E7.08571
G1 X76.203 Y71.187 E7.09152
G1 X80.197 Y71.187 E7.28362
G1 X80.314 Y71.148 E7.28955
G1 X80.39 Y70.995 E7.29777
G1 X80.39 Y68.162 E7.43403
G1 X84.111 Y68.162 E7.613
G1 X84.111 Y70.023 E7.70251
G1 X84.111 Y73.075 E7.8493
G1 X82.449 Y73.075 E7.92924
G1 X82.333 Y73.113 E7.93511
G1 X82.256 Y73.268 E7.94343
G1 X82.256 Y73.457 E7.95252
G1 X80.706 Y73.457 E8.02707
G1 X80.706 Y73.268 E8.03616
G1 X80.674 Y73.194 E8.04004
G1 X80.29 Y73.082 F7800
G1 E6.04004 F2400
G92 E0
G1 X82.858 Y69.223 F7800
G1 E2 F2400
;TYPE:Solid infill
G1 F2500
G1 X81.45 Y69.223 E2.06772
G1 X81.45 Y70.992 E2.1528
G1 X81.349 Y71.472 E2.17639
G1 X81.175 Y71.774 E2.19315
G1 X80.843 Y72.078 E2.2148
G1 X81 Y72.116 E2.22257
G1 X81.313 Y72.315 E2.24041
G1 X81.371 Y72.397 E2.24524
G1 X81.567 Y72.397 E2.25467
G1 X81.749 Y72.252 E2.26586
G1 X82.099 Y72.07 E2.28483
G1 X82.344 Y72.02 E2.29686
G1 X83.051 Y72.015 E2.33087
G1 X83.051 Y69.223 E2.46516
G1 X82.665 Y69.609 E2.49142
G1 X82.665 Y71.632 E2.58872
G1 X82.341 Y71.635 E2.6043
G1 X81.975 Y71.703 E2.6222
G1 X81.55 Y71.917 E2.64509
G1 X81.757 Y71.484 E2.66817
G1 X81.836 Y70.992 E2.69214
G1 X81.836 Y69.609 E2.75866
G1 X82.473 Y69.609 E2.7893
G1 X82.251 Y70.023 E2.81189
;WIDTH:0.508373
G1 X82.251 Y70.992 E2.86555
;WIDTH:0.531897
G1 X82.239 Y71.214 E2.87851
G1 E.87851 F2400
G92 E0
G1 X73.431 Y69.498 F7800
G1 E2 F2400
;WIDTH:0.45
G1 F2500
G1 X74.172 Y69.498 E2.03564
G1 X74.334 Y69.828 E2.05332
G1 X75.072 Y71.522 E2.14219
G1 X75.463 Y72.015 E2.17245
G1 X72.132 Y72.025 E2.33266
G1 X72.557 Y71.478 E2.36598
G1 X73.352 Y69.674 E2.4608
G1 X73.672 Y69.884 E2.47921
G1 X73.931 Y69.884 E2.49167
G1 X74.692 Y71.631 E2.58332
G1 X72.915 Y71.632 E2.66879
G1 X73.594 Y70.06 E2.75115
G1 X73.8 Y70.549 E2.77667
;WIDTH:0.458545
G1 X74.1 Y71.243 E2.81384
G1 X73.501 Y71.245 E2.84329
G1 X73.724 Y70.726 E2.87106
;LAYER_CHANGE
;Z:5.15
;HEIGHT:0.3
G1 E.87106 F2400
G92 E0
G1 Z5.15 F7800
G92 E0
G1 X98.577 Y120.226
G1 E2 F2400
;TYPE:Perimeter
;WIDTH:0.443223
G1 F1800
G1 X98.577 Y119.789 E2.02065
G1 X98.851 Y119.205 E2.05113
G1 X99.512 Y119.205 E2.08236
G1 X99.215 Y119.386 E2.09879
G1 X98.614 Y120.178 E2.14577
G1 X98.118 Y121.376 F7800
;WIDTH:0.553031
G1 F1800
G1 X98.144 Y121.249 E2.15367
;WIDTH:0.518687
G1 X98.169 Y121.122 E2.161
;WIDTH:0.484343
G1 X98.195 Y120.995 E2.16779
;WIDTH:0.45
G1 X98.195 Y119.704 E2.22988
G1 X98.607 Y118.823 E2.27666
G1 X99.126 Y118.823 E2.30162
;WIDTH:0.49516
G1 X99.553 Y118.846 E2.3246
;WIDTH:0.540321
G1 X99.98 Y118.868 E2.34998
G1 X101.114 Y118.868 E2.4173
G1 X101.114 Y119.106 E2.43143
G1 X101.113 Y119.344 E2.44556
G1 X100.876 Y119.344 E2.45963
;WIDTH:0.54685
G1 X99.872 Y119.35 E2.52005
G1 X99.696 Y119.484 E2.53336
;WIDTH:0.498425
G1 X99.52 Y119.618 E2.54534
;WIDTH:0.45
G1 X98.416 Y121.069 E2.63303
;WIDTH:0.484343
G1 X98.317 Y121.171 E2.64048
;WIDTH:0.518687
G1 X98.217 Y121.274 E2.64861
;WIDTH:0.553031
G1 X98.16 Y121.333 E2.65361
G1 E.65361 F2400
G92 E0
G1 X86.842 Y115.339 F7800
G1 E2 F2400
;WIDTH:0.45
G1 F1800
G1 X87.089 Y115.537 E2.01523
G1 X87.51 Y115.634 E2.03601
G1 X88.35 Y115.634 E2.07641
G1 X88.354 Y117.821 E2.1816
G1 X88.601 Y118.348 E2.20959
G1 X89.31 Y118.649 E2.24664
;WIDTH:0.429703
G1 X91.744 Y118.649 E2.35755
;WIDTH:0.46441
G1 X92.024 Y118.666 E2.37155
;WIDTH:0.499118
G1 X92.304 Y118.683 E2.38676
;WIDTH:0.533826
G1 X92.584 Y118.701 E2.40319
G1 X93.093 Y119.786 E2.47336
G1 X93.102 Y120.091 E2.49123
G1 X92.545 Y119.359 E2.54509
G1 X92.302 Y119.131 E2.5646
G1 X92.116 Y119.092 E2.57573
;WIDTH:0.499118
G1 X91.93 Y119.053 E2.58603
;WIDTH:0.46441
G1 X91.744 Y119.014 E2.59551
;WIDTH:0.429703
G1 X89.31 Y119.014 E2.70642
;WIDTH:0.45
G1 X86.272 Y119.004 E2.85254
G1 X86.272 Y115.296 E3.03088
G1 X86.33 Y115.268 E3.03398
G1 X86.425 Y115.082 E3.04403
G1 X86.659 Y115.082 E3.05528
G1 X86.754 Y115.268 E3.06533
G1 X86.795 Y115.301 E3.06786
G1 X87.118 Y115.062 F7800
G1 F1800
G1 X87.257 Y115.19 E3.07695
G1 X87.51 Y115.248 E3.08943
G1 X88.736 Y115.248 E3.1484
G1 X88.731 Y117.694 E3.26604
G1 X88.884 Y118.087 E3.28632
G1 X89.31 Y118.273 E3.30868
G1 X92.86 Y118.273 E3.47942
G1 X93.529 Y119.707 E3.55553
G1 X93.529 Y120.995 E3.61748
;WIDTH:0.484345
G1 X93.555 Y121.122 E3.62427
;WIDTH:0.518691
G1 X93.58 Y121.249 E3.6316
;WIDTH:0.553037
G1 X93.606 Y121.376 E3.6395
G1 X93.507 Y121.274 E3.64816
;WIDTH:0.518691
G1 X93.407 Y121.171 E3.65629
;WIDTH:0.484345
G1 X93.308 Y121.069 E3.66374
;WIDTH:0.45
G1 X92.205 Y119.618 E3.7514
G1 X92.065 Y119.486 E3.76065
G1 X91.744 Y119.389 E3.77678
G1 X85.886 Y119.389 E4.05853
G1 X85.886 Y115.097 E4.26496
G1 X86.028 Y115.029 E4.27253
G1 X86.145 Y114.697 E4.28946
G1 X86.939 Y114.697 E4.32765
G1 X87.012 Y114.965 E4.34101
G1 X87.073 Y115.021 E4.34499
G1 X87.383 Y114.801 F7800
;TYPE:External perimeter
G1 F1800
G1 X87.51 Y114.862 E4.35177
G1 X89.122 Y114.862 E4.4293
G1 X89.117 Y117.694 E4.56551
G1 X89.168 Y117.825 E4.57227
G1 X89.31 Y117.887 E4.57972
G1 X93.109 Y117.887 E4.76244
G1 X93.915 Y119.619 E4.85432
G1 X93.915 Y120.995 E4.9205
G1 X93.954 Y121.111 E4.92639
;WIDTH:0.494063
G1 X94.005 Y121.159 E4.93014
;WIDTH:0.538127
G1 X94.056 Y121.206 E4.93424
;WIDTH:0.582191
G1 X94.108 Y121.254 E4.93881
G1 X97.617 Y121.254 E5.16544
;WIDTH:0.586114
G1 X97.662 Y121.252 E5.16837
G1 X97.711 Y121.166 E5.17481
;WIDTH:0.540742
G1 X97.76 Y121.08 E5.18069
;WIDTH:0.495371
G1 X97.809 Y120.995 E5.18596
;WIDTH:0.45
G1 X97.809 Y119.618 E5.25219
G1 X98.362 Y118.437 E5.31491
G1 X101.545 Y118.437 E5.468
G1 X101.544 Y119.107 E5.50022
G1 X101.544 Y119.775 E5.53235
G1 X99.98 Y119.775 E5.60757
G1 X99.827 Y119.851 E5.61579
G1 X98.316 Y121.837 E5.73581
;WIDTH:0.494063
G1 X98.083 Y121.815 E5.74835
;WIDTH:0.538127
G1 X97.85 Y121.793 E5.76218
;WIDTH:0.582191
G1 X97.617 Y121.771 E5.7773
G1 X94.108 Y121.771 E6.00393
G1 X93.874 Y121.793 E6.01911
;WIDTH:0.538127
G1 X93.641 Y121.815 E6.03294
;WIDTH:0.494063
G1 X93.408 Y121.837 E6.04548
;WIDTH:0.45
G1 X91.898 Y119.851 E6.16547
G1 X91.744 Y119.775 E6.17373
G1 X85.5 Y119.775 E6.47404
G1 X85.5 Y114.862 E6.71034
G1 X85.574 Y114.862 E6.7139
G1 X85.74 Y114.768 E6.72308
G1 X85.767 Y114.311 E6.7451
G1 X87.317 Y114.311 E6.81965
G1 X87.317 Y114.67 E6.83692
G1 X87.348 Y114.759 E6.84145
G1 X87.736 Y114.854 F7800
G1 X86.561 Y115.671
;TYPE:Solid infill
G1 F2536
G1 X86.561 Y118.715 E6.98786
G1 X88.717 Y118.707 E7.09156
G1 X88.356 Y118.486 E7.11192
G1 X88.085 Y117.906 E7.14271
G1 X88.066 Y117.825 E7.14671
G1 X88.06 Y115.922 E7.23824
G1 X87.406 Y115.917 E7.2697
G1 X86.929 Y115.773 E7.29366
G1 X86.561 Y115.478 E7.31634
G1 X86.946 Y116.195 F7800
G1 F2536
G1 X87.25 Y116.281 E7.33154
G1 X87.676 Y116.305 E7.35206
G1 X87.686 Y117.905 E7.42902
G1 X87.857 Y118.329 E7.45101
G1 X86.946 Y118.329 E7.49483
G1 X86.946 Y116.388 E7.58819
G1 X87.312 Y116.663 E7.61021
;WIDTH:0.413097
G1 X87.314 Y117.828 E7.66088
;WIDTH:0.422369
G1 X87.318 Y117.957 E7.66664
G1 E5.66664 F2400
G92 E0
G1 X98.577 Y97.768 F7800
G1 E2 F2400
;TYPE:Perimeter
;WIDTH:0.443459
G1 F1800
G1 X99.213 Y98.611 E2.04993
G1 X99.582 Y98.795 E2.06943
G1 X98.851 Y98.795 E2.10399
G1 X98.59 Y98.239 E2.13303
G1 X98.579 Y97.828 E2.15247
G1 X98.185 Y96.714 F7800
;WIDTH:0.570817
G1 F1800
G1 X98.299 Y96.825 E2.16252
;WIDTH:0.522299
G1 X98.413 Y96.936 E2.17161
;WIDTH:0.473781
G1 X99.131 Y97.867 E2.23164
;WIDTH:0.45
G1 X99.518 Y98.381 E2.26259
;WIDTH:0.495161
G1 X99.749 Y98.518 E2.27702
;WIDTH:0.540322
G1 X99.98 Y98.656 E2.29299
G1 X101.113 Y98.656 E2.36025
G1 X101.114 Y98.894 E2.37438
G1 X101.114 Y99.132 E2.38851
G1 X99.98 Y99.132 E2.45583
G1 X99.551 Y99.154 E2.48133
;WIDTH:0.495161
G1 X99.122 Y99.177 E2.50441
;WIDTH:0.45
G1 X98.607 Y99.177 E2.52918
G1 X98.195 Y98.296 E2.57596
G1 X98.195 Y98.181 E2.58149
;WIDTH:0.473781
G1 X98.207 Y97.005 E2.64154
;WIDTH:0.522299
G1 X98.196 Y96.86 E2.64985
;WIDTH:0.570817
G1 X98.19 Y96.774 E2.6553
G1 X98.107 Y96.604 F7800
G1 F1800
G1 X98.185 Y96.714 E2.66382
G1 E.66382 F2400
G92 E0
G1 X86.82 Y102.669 F7800
G1 E2 F2400
;WIDTH:0.45
G1 F1800
G1 X86.79 Y102.743 E2.00384
G1 X86.398 Y102.743 E2.02269
G1 X86.272 Y102.685 E2.02936
G1 X86.272 Y98.996 E2.20679
G1 X89.31 Y98.986 E2.35291
;WIDTH:0.429704
G1 X91.744 Y98.986 E2.46382
;WIDTH:0.464411
G1 X91.93 Y98.947 E2.4733
;WIDTH:0.499119
G1 X92.116 Y98.908 E2.4836
;WIDTH:0.533827
G1 X92.302 Y98.869 E2.49473
G1 X92.545 Y98.641 E2.51424
G1 X93.102 Y97.909 E2.5681
G1 X93.102 Y98.195 E2.58485
G1 X92.584 Y99.299 E2.65625
G1 X92.203 Y99.317 E2.67858
;WIDTH:0.499119
G1 X91.974 Y99.334 E2.69103
;WIDTH:0.464411
G1 X91.744 Y99.351 E2.70254
;WIDTH:0.429704
G1 X89.31 Y99.351 E2.81345
;WIDTH:0.438316
G1 X89.144 Y99.362 E2.82121
;WIDTH:0.45
G1 X88.601 Y99.652 E2.85082
G1 X88.354 Y100.179 E2.87881
G1 X88.35 Y102.366 E2.984
G1 X87.413 Y102.371 E3.02907
G1 X86.862 Y102.632 E3.05839
G1 X87.094 Y102.938 F7800
G1 F1800
G1 X87.015 Y103.128 E3.06829
G1 X86.077 Y103.128 E3.1134
G1 X86.011 Y102.951 E3.12249
G1 X85.886 Y102.894 E3.1291
G1 X85.886 Y98.611 E3.3351
G1 X91.744 Y98.611 E3.61685
G1 X92.065 Y98.514 E3.63298
G1 X92.205 Y98.382 E3.64223
G1 X92.6 Y97.862 E3.67364
;WIDTH:0.471986
G1 X93.317 Y96.937 E3.73314
;WIDTH:0.517284
G1 X93.43 Y96.826 E3.74209
;WIDTH:0.562583
G1 X93.544 Y96.714 E3.75202
G1 X93.531 Y96.86 E3.76113
;WIDTH:0.517284
G1 X93.518 Y97.005 E3.76935
;WIDTH:0.471986
G1 X93.529 Y98.175 E3.82883
;WIDTH:0.45
G1 X93.529 Y98.293 E3.83451
G1 X92.86 Y99.727 E3.91062
G1 X89.31 Y99.727 E4.08136
G1 X89.21 Y99.736 E4.08619
G1 X88.884 Y99.913 E4.10403
G1 X88.731 Y100.305 E4.12427
G1 X88.736 Y102.752 E4.24196
G1 X87.51 Y102.752 E4.30093
G1 X87.139 Y102.905 E4.32023
G1 E2.32023 F2400
G92 E0
G1 X93.544 Y96.714 F7800
G1 E2 F2400
;WIDTH:0.562583
G1 F1800
G1 X93.625 Y96.6 E2.00869
G1 E.00869 F2400
G92 E0
G1 X87.371 Y103.2 F7800
G1 E2 F2400
;TYPE:External perimeter
;WIDTH:0.45
G1 F1800
G1 X87.317 Y103.33 E2.00677
G1 X87.317 Y103.514 E2.01562
G1 X85.767 Y103.514 E2.09017
G1 X85.767 Y103.33 E2.09902
G1 X85.72 Y103.204 E2.10549
G1 X85.5 Y103.137 E2.11655
G1 X85.5 Y98.225 E2.3528
G1 X91.744 Y98.225 E2.65311
G1 X91.898 Y98.149 E2.66137
G1 X93.408 Y96.162 E2.7814
;WIDTH:0.494064
G1 X93.641 Y96.185 E2.79395
;WIDTH:0.538128
G1 X93.874 Y96.207 E2.80778
;WIDTH:0.582192
G1 X94.108 Y96.229 E2.82296
G1 X97.617 Y96.229 E3.04959
G1 X97.851 Y96.207 E3.06477
;WIDTH:0.538128
G1 X98.085 Y96.185 E3.07866
;WIDTH:0.494064
G1 X98.32 Y96.162 E3.09131
;WIDTH:0.45
G1 X99.826 Y98.148 E3.21119
G1 X99.98 Y98.225 E3.21947
G1 X101.544 Y98.225 E3.29469
G1 X101.544 Y98.893 E3.32682
G1 X101.545 Y99.562 E3.359
G1 X98.362 Y99.562 E3.51209
G1 X97.809 Y98.382 E3.57477
G1 X97.809 Y97.005 E3.641
G1 X97.788 Y96.918 E3.6453
;WIDTH:0.494064
G1 X97.731 Y96.86 E3.64966
;WIDTH:0.538128
G1 X97.674 Y96.803 E3.65442
;WIDTH:0.582192
G1 X97.617 Y96.746 E3.65963
G1 X94.108 Y96.746 E3.88626
;WIDTH:0.586115
G1 X94.063 Y96.748 E3.88919
G1 X94.028 Y96.793 E3.8929
;WIDTH:0.540743
G1 X93.994 Y96.837 E3.8962
;WIDTH:0.495371
G1 X93.96 Y96.881 E3.89919
;WIDTH:0.45
G1 X93.915 Y97.005 E3.90553
G1 X93.915 Y98.381 E3.97171
G1 X93.109 Y100.112 E4.06355
G1 X89.31 Y100.112 E4.24627
G1 X89.168 Y100.175 E4.25374
G1 X89.117 Y100.305 E4.26046
G1 X89.122 Y103.137 E4.39667
G1 X87.51 Y103.137 E4.4742
G1 X87.422 Y103.174 E4.47879
G1 X87.234 Y103.527 F7800
G1 X86.561 Y102.453
;TYPE:Solid infill
G1 F2536
G1 X86.561 Y99.285 E4.63116
G1 X88.659 Y99.29 E4.73207
G1 X88.443 Y99.421 E4.74422
G1 X88.358 Y99.51 E4.75014
G1 X88.066 Y100.175 E4.78507
G1 X88.06 Y102.078 E4.8766
G1 X87.334 Y102.101 E4.91154
G1 X86.736 Y102.373 E4.94314
G1 X86.946 Y101.858 E4.96989
G1 X86.946 Y99.669 E5.07517
G1 X87.859 Y99.665 E5.11908
G1 X87.735 Y99.93 E5.13315
G1 X87.681 Y100.173 E5.14512
G1 X87.676 Y101.695 E5.21832
G1 X87.352 Y101.701 E5.23391
G1 X87.126 Y101.788 E5.24556
G1 X87.312 Y101.338 E5.26898
;WIDTH:0.413099
G1 X87.314 Y100.172 E5.31969
;WIDTH:0.422869
G1 X87.318 Y100.039 E5.32564
G1 E3.32564 F2400
G92 E0
G92 E0
G1 X81.188 Y85.288 F7800
G1 E2 F2400
;TYPE:Perimeter
;WIDTH:0.45
G1 F1800
G1 X81.212 Y85.271 E2.00141
G1 X81.364 Y85.02 E2.01552
G1 X81.598 Y85.02 E2.02677
G1 X81.75 Y85.271 E2.04088
G1 X82.123 Y85.514 E2.06229
G1 X82.449 Y85.571 E2.07821
G1 X83.291 Y85.571 E2.11871
G1 X83.291 Y86.413 E2.15921
G1 X83.291 Y88.941 E2.2808
G1 X81.211 Y88.941 E2.38084
G1 X81.211 Y86.88 E2.47997
G1 X81.143 Y86.526 E2.49731
G1 X80.994 Y86.271 E2.51151
G1 X80.802 Y86.092 E2.52414
G1 X80.469 Y85.945 E2.54165
;WIDTH:0.445343
G1 X80.247 Y85.926 E2.55224
;WIDTH:0.429703
G1 X76.334 Y85.926 E2.73054
;WIDTH:0.438315
G1 X76.168 Y85.937 E2.7383
;WIDTH:0.45
G1 X75.745 Y86.117 E2.76041
G1 X75.436 Y86.527 E2.7851
G1 X74.874 Y87.958 E2.85904
G1 X74.574 Y88.666 E2.89602
G1 X73.029 Y88.666 E2.97033
G1 X72.729 Y87.958 E3.00731
G1 X72.166 Y86.527 E3.08127
G1 X71.858 Y86.117 E3.10593
G1 X71.269 Y85.926 E3.13571
;WIDTH:0.429703
G1 X68.881 Y85.926 E3.24452
G1 X68.881 Y85.561 E3.26115
G1 X71.269 Y85.561 E3.36996
;WIDTH:0.45
G1 X76.334 Y85.561 E3.61357
;WIDTH:0.429703
G1 X80.247 Y85.561 E3.79187
;WIDTH:0.445343
G1 X80.513 Y85.569 E3.80451
;WIDTH:0.45
G1 X80.872 Y85.502 E3.82207
G1 X81.138 Y85.321 E3.83754
G1 X80.917 Y85.008 F7800
G1 F2536
G1 X81.011 Y84.902 E3.84435
G1 X81.084 Y84.634 E3.85771
G1 X81.878 Y84.634 E3.8959
G1 X81.951 Y84.902 E3.90926
G1 X82.03 Y85.006 E3.91554
G1 X82.253 Y85.152 E3.92836
G1 X82.449 Y85.186 E3.93793
G1 X83.677 Y85.186 E3.99699
G1 X83.677 Y86.413 E4.056
G1 X83.677 Y89.327 E4.19615
G1 X80.825 Y89.327 E4.33332
G1 X80.825 Y86.88 E4.45101
G1 X80.785 Y86.667 E4.46143
G1 X80.58 Y86.408 E4.47732
G1 X80.381 Y86.318 E4.48782
G1 X80.247 Y86.302 E4.49431
G1 X76.334 Y86.302 E4.68251
G1 X75.98 Y86.422 E4.70049
G1 X75.795 Y86.669 E4.71533
G1 X75.231 Y88.104 E4.78949
G1 X74.829 Y89.052 E4.83902
G1 X72.774 Y89.052 E4.93786
G1 X72.372 Y88.104 E4.98739
G1 X71.808 Y86.669 E5.06155
G1 X71.622 Y86.422 E5.07642
G1 X71.269 Y86.302 E5.09435
G1 X68.506 Y86.302 E5.22724
G1 X68.506 Y85.186 E5.28092
G1 X80.247 Y85.186 E5.84562
G1 X80.728 Y85.144 E5.86884
G1 X80.865 Y85.067 E5.8764
G1 X80.877 Y85.053 E5.87729
G1 X80.641 Y84.738 F7800
;TYPE:External perimeter
G1 F1800
G1 X80.679 Y84.706 E5.87968
G1 X80.706 Y84.249 E5.9017
G1 X82.256 Y84.249 E5.97625
G1 X82.256 Y84.607 E5.99347
G1 X82.309 Y84.74 E6.00036
G1 X82.449 Y84.8 E6.00769
G1 X84.062 Y84.8 E6.08527
G1 X84.062 Y86.413 E6.16285
G1 X84.062 Y89.712 E6.32152
G1 X80.44 Y89.712 E6.49573
G1 X80.44 Y86.88 E6.63194
G1 X80.396 Y86.758 E6.63818
G1 X80.247 Y86.687 E6.64612
G1 X76.3 Y86.69 E6.83596
G1 X76.154 Y86.81 E6.84505
G1 X75.588 Y88.25 E6.91947
G1 X75.085 Y89.437 E6.98147
G1 X72.518 Y89.438 E7.10493
G1 X71.387 Y86.728 E7.24617
G1 X71.269 Y86.687 E7.25218
G1 X68.12 Y86.687 E7.40364
G1 X68.12 Y84.8 E7.4944
G1 X80.247 Y84.8 E8.07767
G1 X80.585 Y84.786 E8.09394
G1 X80.596 Y84.777 E8.09462
G1 X80.692 Y84.389 F7800
G1 X80.886 Y85.817
;TYPE:Solid infill
G1 F2536
G1 X81.274 Y85.576 E8.11659
G1 X81.491 Y85.38 E8.13065
G1 X81.656 Y85.573 E8.14286
G1 X82 Y85.774 E8.16202
G1 X82.34 Y85.854 E8.17882
G1 X83.002 Y85.86 E8.21066
G1 X83.002 Y88.652 E8.34495
G1 X81.5 Y88.652 E8.41719
G1 X81.5 Y86.884 E8.50222
G1 X81.422 Y86.456 E8.52314
G1 X81.212 Y86.083 E8.54373
G1 X81.035 Y85.939 E8.5547
G1 X81.536 Y85.935 E8.5788
;WIDTH:0.415288
G1 X81.676 Y86.024 E8.58606
;WIDTH:0.45
G1 X81.815 Y86.113 E8.594
G1 X82.213 Y86.226 E8.6139
G1 X82.616 Y86.242 E8.6333
G1 X82.616 Y88.266 E8.73065
G1 X81.886 Y88.266 E8.76576
G1 X81.886 Y86.884 E8.83223
G1 X81.859 Y86.688 E8.84175
G1 X81.731 Y86.199 E8.86606
G1 X81.65 Y86.09 E8.87259
G1 X82.234 Y86.616 F7800
;WIDTH:0.442951
G1 F2536
G1 X82.251 Y86.884 E8.88527
;WIDTH:0.409259
G1 X82.251 Y87.901 E8.92902
G1 E6.92902 F2400
G92 E0
G1 X72.018 Y85.861 F7800
G1 E2 F2400
;WIDTH:0.45
G1 F2536
G1 X75.592 Y85.85 E2.1719
G1 X75.163 Y86.433 E2.20671
G1 X74.381 Y88.377 E2.30749
G1 X73.222 Y88.377 E2.36323
G1 X72.415 Y86.389 E2.46642
G1 X72.134 Y86.015 E2.48892
G1 X72.773 Y86.244 E2.52157
G1 X74.834 Y86.238 E2.6207
G1 X74.12 Y87.991 E2.71174
G1 X73.483 Y87.991 E2.74238
G1 X72.846 Y86.422 E2.82383
G1 X73.433 Y86.684 E2.85475
;WIDTH:0.562653
G1 X74.171 Y86.682 E2.90061
G1 X73.829 Y87.531 E2.95749
G1 X73.781 Y87.549 E2.96068
G1 X73.505 Y86.863 E3.00663
G1 E1.00663 F2400
G92 E0
G1 X81.187 Y72.608 F7800
G1 E2 F2400
;TYPE:Perimeter
;WIDTH:0.45
G1 F1800
G1 X81.165 Y72.557 E2.00267
G1 X80.872 Y72.373 E2.01931
G1 X80.513 Y72.309 E2.03685
;WIDTH:0.440335
G1 X80.247 Y72.314 E2.04933
;WIDTH:0.429703
G1 X76.334 Y72.314 E2.22763
;WIDTH:0.45
G1 X71.269 Y72.314 E2.47124
;WIDTH:0.429703
G1 X68.881 Y72.314 E2.58005
G1 X68.881 Y71.949 E2.59668
G1 X71.269 Y71.949 E2.70549
;WIDTH:0.438316
G1 X71.435 Y71.938 E2.71325
;WIDTH:0.45
G1 X71.858 Y71.758 E2.73536
G1 X72.166 Y71.348 E2.76002
G1 X72.729 Y69.917 E2.83398
G1 X73.029 Y69.209 E2.87096
G1 X74.574 Y69.209 E2.94527
G1 X74.874 Y69.917 E2.98225
G1 X75.436 Y71.348 E3.05619
G1 X75.745 Y71.758 E3.08088
G1 X76.334 Y71.949 E3.11066
;WIDTH:0.429703
G1 X80.247 Y71.949 E3.28896
;WIDTH:0.438316
G1 X80.412 Y71.938 E3.29667
;WIDTH:0.45
G1 X80.802 Y71.782 E3.31687
G1 X80.994 Y71.604 E3.32946
G1 X81.143 Y71.349 E3.34366
G1 X81.211 Y70.995 E3.361
G1 X81.211 Y68.934 E3.46013
G1 X83.291 Y68.934 E3.56017
G1 X83.291 Y69.974 E3.61019
G1 X83.291 Y72.304 E3.72225
G1 X82.449 Y72.304 E3.76275
G1 X82.123 Y72.361 E3.77867
G1 X81.863 Y72.502 E3.7929
G1 X81.744 Y72.68 E3.8032
G1 X81.219 Y72.68 E3.82845
G1 X81.211 Y72.663 E3.82935
G1 X80.921 Y72.88 F7800
G1 F2536
G1 X80.904 Y72.841 E3.8314
G1 X80.728 Y72.731 E3.84138
G1 X80.513 Y72.689 E3.85192
G1 X68.506 Y72.689 E4.42941
G1 X68.506 Y71.573 E4.48309
G1 X71.269 Y71.573 E4.61598
G1 X71.622 Y71.453 E4.63391
G1 X71.808 Y71.206 E4.64878
G1 X72.372 Y69.771 E4.72294
G1 X72.774 Y68.823 E4.77247
G1 X74.829 Y68.823 E4.87131
G1 X75.231 Y69.771 E4.92084
G1 X75.795 Y71.206 E4.995
G1 X75.98 Y71.453 E5.00984
G1 X76.334 Y71.573 E5.02782
G1 X80.247 Y71.573 E5.21602
G1 X80.347 Y71.564 E5.22085
G1 X80.58 Y71.467 E5.23299
G1 X80.785 Y71.208 E5.24888
G1 X80.825 Y70.995 E5.2593
G1 X80.825 Y68.548 E5.37699
G1 X83.677 Y68.548 E5.51416
G1 X83.677 Y69.974 E5.58275
G1 X83.677 Y72.689 E5.71333
G1 X82.389 Y72.692 E5.77528
G1 X82.098 Y72.808 E5.79035
G1 X81.96 Y73.066 E5.80442
G1 X81.003 Y73.066 E5.85045
G1 X80.945 Y72.935 E5.85734
G1 X80.65 Y73.139 F7800
;TYPE:External perimeter
G1 F1800
G1 X80.644 Y73.126 E5.85803
G1 X80.513 Y73.075 E5.86479
G1 X68.12 Y73.075 E6.46085
G1 X68.12 Y71.187 E6.55166
G1 X71.303 Y71.185 E6.70475
G1 X71.449 Y71.065 E6.71384
G1 X72.015 Y69.625 E6.78826
G1 X72.518 Y68.437 E6.85031
G1 X75.085 Y68.437 E6.97377
G1 X76.216 Y71.147 E7.11501
G1 X76.334 Y71.187 E7.121
G1 X80.247 Y71.187 E7.3092
G1 X80.396 Y71.117 E7.31712
G1 X80.44 Y70.995 E7.32336
G1 X80.44 Y68.162 E7.45962
G1 X84.062 Y68.162 E7.63383
G1 X84.062 Y69.974 E7.72098
G1 X84.062 Y73.075 E7.87013
G1 X82.449 Y73.075 E7.94771
G1 X82.332 Y73.115 E7.95366
G1 X82.256 Y73.268 E7.96188
G1 X82.256 Y73.451 E7.97068
G1 X80.706 Y73.451 E8.04523
G1 X80.706 Y73.268 E8.05403
G1 X80.674 Y73.194 E8.05791
G1 X80.29 Y73.081 F7800
G1 X80.899 Y72.09
;TYPE:Solid infill
G1 F2536
G1 X81.198 Y71.806 E8.07774
G1 X81.388 Y71.5 E8.09506
G1 X81.5 Y70.991 E8.12013
G1 X81.5 Y69.223 E8.20516
G1 X83.002 Y69.223 E8.2774
G1 X83.002 Y72.015 E8.41169
G1 X82.34 Y72.021 E8.44353
G1 X82.098 Y72.071 E8.45542
G1 X81.731 Y72.259 E8.47525
G1 X81.574 Y72.391 E8.48512
G1 X81.367 Y72.391 E8.49508
G1 X81.278 Y72.275 E8.50211
G1 X81.072 Y72.175 E8.51312
G1 X81.61 Y71.883 E8.54256
G1 X81.801 Y71.491 E8.56353
G1 X81.886 Y70.991 E8.58792
G1 X81.886 Y69.609 E8.65439
G1 X82.616 Y69.609 E8.6895
G1 X82.616 Y71.633 E8.78685
G1 X82.336 Y71.635 E8.80032
G1 X81.963 Y71.706 E8.81858
G1 X81.782 Y71.797 E8.82832
G1 X82.234 Y71.259 E8.86212
;WIDTH:0.442951
G1 X82.251 Y70.991 E8.8748
;WIDTH:0.409259
G1 X82.251 Y69.974 E8.91855
G1 E6.91855 F2400
G92 E0
G1 X72.011 Y72.025 F7800
G1 E2 F2400
;WIDTH:0.45
G1 F2536
G1 X72.44 Y71.442 E2.03481
G1 X73.222 Y69.498 E2.13559
G1 X74.382 Y69.498 E2.19138
G1 X75.188 Y71.487 E2.2946
G1 X75.585 Y72.014 E2.32633
G1 X72.203 Y72.024 E2.48899
G1 X72.769 Y71.637 E2.52197
G1 X73.483 Y69.884 E2.61301
G1 X74.127 Y69.884 E2.64398
G1 X74.831 Y71.631 E2.73457
G1 X72.962 Y71.636 E2.82446
G1 X73.434 Y71.192 E2.85563
;WIDTH:0.565286
G1 X73.773 Y70.35 E2.91234
G1 X73.831 Y70.329 E2.91619
G1 X74.173 Y71.19 E2.97407
G1 X73.627 Y71.191 E3.00818
;LAYER_CHANGE
;Z:5.45
;HEIGHT:0.3
G1 E1.00818 F2400
G92 E0
G1 Z5.45 F7800
G92 E0
G1 X98.711 Y120.167
G1 E2 F2400
;TYPE:Perimeter
;WIDTH:0.419646
G1 F1800
G1 X98.711 Y119.774 E2.01741
G1 X98.966 Y119.194 E2.04548
G1 X99.618 Y119.194 E2.07437
G1 X99.281 Y119.401 E2.09189
G1 X98.747 Y120.119 E2.13154
G1 X98.25 Y121.358 F7800
;WIDTH:0.509153
G1 F1800
G1 X98.295 Y121.176 E2.14194
;WIDTH:0.479576
G1 X98.34 Y120.995 E2.1516
;WIDTH:0.45
G1 X98.34 Y119.696 E2.21408
G1 X98.724 Y118.823 E2.25995
G1 X99.177 Y118.823 E2.28174
;WIDTH:0.49516
G1 X99.609 Y118.846 E2.30498
;WIDTH:0.540321
G1 X100.042 Y118.868 E2.33072
G1 X101.164 Y118.868 E2.39732
G1 X101.164 Y119.106 E2.41145
G1 X101.164 Y119.344 E2.42558
G1 X100.926 Y119.344 E2.43971
;WIDTH:0.54685
G1 X99.934 Y119.35 E2.49941
G1 X99.756 Y119.486 E2.51289
;WIDTH:0.498425
G1 X99.578 Y119.622 E2.52502
;WIDTH:0.45
G1 X98.514 Y121.052 E2.61075
;WIDTH:0.479576
G1 X98.382 Y121.205 E2.62121
;WIDTH:0.509153
G1 X98.289 Y121.312 E2.62907
G1 E.62907 F2400
G92 E0
G1 X86.854 Y115.325 F7800
G1 E2 F2400
;WIDTH:0.45
G1 F1800
G1 X87.071 Y115.528 E2.01429
G1 X87.51 Y115.634 E2.03601
G1 X88.307 Y115.634 E2.07434
G1 X88.324 Y117.842 E2.18054
G1 X88.579 Y118.359 E2.20827
G1 X89.277 Y118.649 E2.24462
;WIDTH:0.429703
G1 X91.682 Y118.649 E2.3542
;WIDTH:0.476552
G1 X92.083 Y118.672 E2.37485
;WIDTH:0.523403
G1 X92.485 Y118.695 E2.3979
G1 X92.956 Y119.771 E2.46515
G1 X92.962 Y120.011 E2.47889
G1 X92.485 Y119.37 E2.52463
G1 X92.213 Y119.119 E2.54582
G1 X91.947 Y119.067 E2.56134
;WIDTH:0.476552
G1 X91.682 Y119.014 E2.57523
;WIDTH:0.429703
G1 X89.277 Y119.014 E2.68481
;WIDTH:0.45
G1 X86.319 Y119.004 E2.82708
G1 X86.319 Y115.249 E3.00768
G1 X86.36 Y115.228 E3.0099
G1 X86.425 Y115.082 E3.01759
G1 X86.659 Y115.082 E3.02884
G1 X86.68 Y115.161 E3.03277
G1 X86.811 Y115.284 E3.04141
G1 X87.117 Y115.063 F7800
G1 F1800
G1 X87.246 Y115.185 E3.04995
G1 X87.51 Y115.248 E3.063
G1 X88.691 Y115.248 E3.1198
G1 X88.699 Y117.696 E3.23754
G1 X88.705 Y117.783 E3.24173
G1 X88.858 Y118.093 E3.25836
G1 X89.277 Y118.273 E3.28029
G1 X92.761 Y118.273 E3.44786
G1 X93.384 Y119.696 E3.52257
G1 X93.384 Y120.995 E3.58505
;WIDTH:0.47958
G1 X93.429 Y121.176 E3.59471
;WIDTH:0.509161
G1 X93.475 Y121.358 E3.60512
G1 X93.342 Y121.205 E3.61637
;WIDTH:0.47958
G1 X93.21 Y121.052 E3.62683
;WIDTH:0.45
G1 X92.146 Y119.622 E3.71256
G1 X91.989 Y119.477 E3.72284
G1 X91.682 Y119.389 E3.7382
G1 X85.933 Y119.389 E4.01471
G1 X85.933 Y115.062 E4.22282
G1 X86.046 Y115.005 E4.22891
G1 X86.145 Y114.697 E4.24447
G1 X86.939 Y114.697 E4.28266
G1 X87.012 Y114.965 E4.29602
G1 X87.073 Y115.022 E4.30004
G1 X87.385 Y114.798 F7800
;TYPE:External perimeter
G1 F1800
G1 X87.51 Y114.862 E4.30679
G1 X89.075 Y114.862 E4.38206
G1 X89.084 Y117.695 E4.51832
G1 X89.137 Y117.828 E4.52521
G1 X89.277 Y117.887 E4.53252
G1 X93.013 Y117.887 E4.71221
G1 X93.77 Y119.615 E4.80295
G1 X93.77 Y120.995 E4.86932
G1 X93.808 Y121.11 E4.87515
;WIDTH:0.494063
G1 X93.859 Y121.158 E4.8789
;WIDTH:0.538127
G1 X93.911 Y121.206 E4.88308
;WIDTH:0.582191
G1 X93.962 Y121.254 E4.8876
G1 X97.762 Y121.254 E5.13302
G1 X97.808 Y121.212 E5.13704
;WIDTH:0.538127
G1 X97.854 Y121.17 E5.14072
;WIDTH:0.494063
G1 X97.9 Y121.129 E5.14402
;WIDTH:0.45
G1 X97.955 Y120.995 E5.15099
G1 X97.955 Y119.615 E5.21736
G1 X98.473 Y118.437 E5.27925
G1 X101.595 Y118.437 E5.42941
G1 X101.595 Y119.106 E5.46159
G1 X101.595 Y119.775 E5.49377
G1 X100.042 Y119.775 E5.56846
G1 X99.888 Y119.853 E5.57676
G1 X98.41 Y121.837 E5.69575
;WIDTH:0.494063
G1 X98.194 Y121.815 E5.70739
;WIDTH:0.538127
G1 X97.978 Y121.793 E5.72022
;WIDTH:0.582191
G1 X97.762 Y121.771 E5.73424
G1 X93.962 Y121.771 E5.97966
G1 X93.746 Y121.793 E5.99368
;WIDTH:0.538127
G1 X93.53 Y121.815 E6.00651
;WIDTH:0.494063
G1 X93.314 Y121.837 E6.01815
;WIDTH:0.45
G1 X91.837 Y119.853 E6.13711
G1 X91.682 Y119.775 E6.14546
G1 X85.548 Y119.775 E6.44048
G1 X85.548 Y114.889 E6.67548
G1 X85.74 Y114.768 E6.6864
G1 X85.767 Y114.311 E6.70842
G1 X87.317 Y114.311 E6.78297
G1 X87.317 Y114.67 E6.80024
G1 X87.345 Y114.759 E6.80473
G1 X87.734 Y114.854 F7800
G1 X86.608 Y115.503
;TYPE:Solid infill
G1 F2513
G1 X86.904 Y115.759 E6.82355
G1 X87.407 Y115.917 E6.84891
G1 X88.019 Y115.922 E6.87835
G1 X88.037 Y117.85 E6.97108
G1 X88.057 Y117.933 E6.97519
G1 X88.336 Y118.502 E7.00567
G1 X88.669 Y118.706 E7.02445
G1 X86.608 Y118.715 E7.12358
G1 X86.608 Y115.696 E7.26878
G1 X87.059 Y116.292 E7.30473
;WIDTH:0.580206
G1 X87.227 Y116.342 E7.31601
G1 X87.572 Y116.369 E7.33827
G1 X87.575 Y116.619 E7.35436
;WIDTH:0.586039
G1 X87.583 Y117.854 E7.43472
;WIDTH:0.591901
G1 X87.589 Y117.952 E7.44118
G1 X87.708 Y118.258 E7.46278
G1 X87.065 Y118.258 E7.50509
G1 X87.062 Y117.857 E7.53147
;WIDTH:0.586039
G1 X87.059 Y116.621 E7.61189
;WIDTH:0.580206
G1 X87.059 Y116.485 E7.62064
G1 E5.62064 F2400
G92 E0
G1 X98.711 Y97.827 F7800
G1 E2 F2400
;TYPE:Perimeter
;WIDTH:0.419774
G1 F1800
G1 X99.279 Y98.596 E2.04238
G1 X99.696 Y98.806 E2.06308
G1 X98.966 Y98.806 E2.09544
G1 X98.721 Y98.25 E2.12237
G1 X98.712 Y97.887 E2.13847
G1 X98.308 Y96.726 F7800
;WIDTH:0.520909
G1 F1800
G1 X98.446 Y96.878 E2.15016
;WIDTH:0.485454
G1 X98.583 Y97.031 E2.16095
;WIDTH:0.45
G1 X99.577 Y98.376 E2.24139
;WIDTH:0.495161
G1 X99.81 Y98.516 E2.25599
;WIDTH:0.540322
G1 X100.042 Y98.656 E2.27208
G1 X101.164 Y98.656 E2.33868
G1 X101.164 Y98.894 E2.35281
G1 X101.164 Y99.132 E2.36694
G1 X100.042 Y99.132 E2.43354
G1 X99.383 Y99.154 E2.47268
;WIDTH:0.495161
G1 X98.724 Y99.177 E2.50811
;WIDTH:0.45
G1 X98.34 Y98.304 E2.55398
G1 X98.34 Y97.112 E2.61131
;WIDTH:0.485454
G1 X98.324 Y96.919 E2.62148
;WIDTH:0.520909
G1 X98.313 Y96.786 E2.62908
G1 X98.202 Y96.581 F7800
G1 F1800
G1 X98.308 Y96.726 E2.63931
G1 E.63931 F2400
G92 E0
G1 X86.847 Y102.643 F7800
G1 E2 F2400
;WIDTH:0.45
G1 F1800
G1 X86.822 Y102.655 E2.00133
G1 X86.786 Y102.743 E2.0059
G1 X86.319 Y102.725 E2.02838
G1 X86.319 Y98.996 E2.20773
G1 X89.277 Y98.986 E2.35
;WIDTH:0.429704
G1 X91.682 Y98.986 E2.45958
;WIDTH:0.476553
G1 X91.947 Y98.933 E2.47347
;WIDTH:0.523403
G1 X92.213 Y98.88 E2.489
G1 X92.485 Y98.63 E2.51015
G1 X92.962 Y97.989 E2.55589
G1 X92.962 Y98.216 E2.56889
G1 X92.485 Y99.305 E2.63696
G1 X92.008 Y99.328 E2.6643
;WIDTH:0.476553
G1 X91.682 Y99.351 E2.6811
;WIDTH:0.429704
G1 X89.277 Y99.351 E2.79068
;WIDTH:0.438316
G1 X89.111 Y99.362 E2.79844
;WIDTH:0.45
G1 X88.579 Y99.641 E2.82733
G1 X88.324 Y100.158 E2.85506
G1 X88.307 Y102.366 E2.96126
G1 X87.414 Y102.371 E3.00421
G1 X86.901 Y102.617 E3.03157
G1 X87.118 Y102.916 F7800
G1 F1800
G1 X87.097 Y102.925 E3.03267
G1 X87.014 Y103.128 E3.04322
G1 X86.082 Y103.128 E3.08805
G1 X86.026 Y102.969 E3.09616
G1 X85.933 Y102.925 E3.10111
G1 X85.933 Y98.611 E3.3086
G1 X91.682 Y98.611 E3.58511
G1 X91.989 Y98.523 E3.60047
G1 X92.146 Y98.378 E3.61075
G1 X92.496 Y97.907 E3.63897
;WIDTH:0.466499
G1 X93.217 Y96.953 E3.69895
;WIDTH:0.492437
G1 X93.316 Y96.841 E3.70693
;WIDTH:0.518375
G1 X93.415 Y96.73 E3.71535
G1 X93.395 Y96.868 E3.72325
;WIDTH:0.492437
G1 X93.376 Y97.005 E3.73063
;WIDTH:0.466499
G1 X93.384 Y98.201 E3.79062
;WIDTH:0.45
G1 X93.384 Y98.304 E3.79557
G1 X92.761 Y99.727 E3.87028
G1 X89.277 Y99.727 E4.03785
G1 X89.177 Y99.736 E4.04268
G1 X88.858 Y99.907 E4.06009
G1 X88.705 Y100.217 E4.07672
G1 X88.699 Y100.304 E4.08091
G1 X88.691 Y102.752 E4.19865
G1 X87.51 Y102.752 E4.25545
G1 X87.174 Y102.893 E4.27298
G1 E2.27298 F2400
G92 E0
G1 X93.415 Y96.73 F7800
G1 E2 F2400
;WIDTH:0.518375
G1 F1800
G1 X93.524 Y96.58 E2.0105
G1 E.0105 F2400
G92 E0
G1 X87.38 Y103.192 F7800
G1 E2 F2400
;TYPE:External perimeter
;WIDTH:0.45
G1 F1800
G1 X87.372 Y103.195 E2.00041
G1 X87.317 Y103.33 E2.00742
G1 X87.317 Y103.514 E2.01627
G1 X85.767 Y103.514 E2.09082
G1 X85.767 Y103.33 E2.09967
G1 X85.725 Y103.21 E2.10578
G1 X85.548 Y103.137 E2.11499
G1 X85.548 Y98.225 E2.35124
G1 X91.682 Y98.225 E2.64626
G1 X91.837 Y98.147 E2.65461
G1 X93.314 Y96.162 E2.77361
;WIDTH:0.494064
G1 X93.53 Y96.185 E2.78525
;WIDTH:0.538128
G1 X93.746 Y96.207 E2.79808
;WIDTH:0.582192
G1 X93.962 Y96.229 E2.8121
G1 X97.762 Y96.229 E3.05752
G1 X97.978 Y96.207 E3.07154
;WIDTH:0.538128
G1 X98.195 Y96.185 E3.08443
;WIDTH:0.494064
G1 X98.411 Y96.162 E3.09607
;WIDTH:0.45
G1 X99.887 Y98.147 E3.21504
G1 X100.042 Y98.225 E3.22339
G1 X101.595 Y98.225 E3.29808
G1 X101.595 Y98.894 E3.33026
G1 X101.595 Y99.562 E3.36239
G1 X98.473 Y99.562 E3.51255
G1 X97.955 Y98.385 E3.5744
G1 X97.955 Y97.112 E3.63563
G1 X97.934 Y96.918 E3.64502
;WIDTH:0.494064
G1 X97.876 Y96.86 E3.64942
;WIDTH:0.538128
G1 X97.819 Y96.803 E3.65418
;WIDTH:0.582192
G1 X97.762 Y96.746 E3.65939
G1 X93.962 Y96.746 E3.90481
G1 X93.916 Y96.788 E3.90883
;WIDTH:0.538128
G1 X93.87 Y96.83 E3.91251
;WIDTH:0.494064
G1 X93.824 Y96.871 E3.91581
;WIDTH:0.45
G1 X93.77 Y97.005 E3.92276
G1 X93.77 Y98.385 E3.98913
G1 X93.013 Y100.112 E4.07982
G1 X89.277 Y100.112 E4.25951
G1 X89.137 Y100.172 E4.26684
G1 X89.084 Y100.305 E4.27373
G1 X89.075 Y103.137 E4.40994
G1 X87.51 Y103.137 E4.48521
G1 X87.435 Y103.169 E4.48913
G1 X87.25 Y103.523 F7800
G1 E2.48913 F2400
G92 E0
G1 X86.608 Y99.285 F7800
G1 E2 F2400
;TYPE:Solid infill
G1 F2513
G1 X88.599 Y99.276 E2.09576
G1 X88.338 Y99.494 E2.11212
G1 X88.037 Y100.15 E2.14683
G1 X88.019 Y102.078 E2.23956
G1 X87.415 Y102.083 E2.26861
G1 X87.333 Y102.102 E2.27266
G1 X86.608 Y102.449 E2.31132
G1 X86.608 Y99.478 E2.45421
G1 X87.517 Y99.738 F7800
;WIDTH:0.592181
G1 F2513
G1 X87.065 Y99.74 E2.48397
G1 X87.062 Y100.143 E2.5105
;WIDTH:0.586039
G1 X87.059 Y101.38 E2.59098
;WIDTH:0.580203
G1 X87.059 Y101.733 E2.61369
G1 X87.411 Y101.632 E2.63725
G1 X87.572 Y101.631 E2.64761
G1 X87.575 Y101.382 E2.66363
;WIDTH:0.586039
G1 X87.583 Y100.146 E2.74405
;WIDTH:0.592181
G1 X87.647 Y99.865 E2.76302
G1 X87.71 Y99.737 E2.77241
G1 E.77241 F2400
G92 E0
G92 E0
G1 X81.187 Y85.287 F7800
G1 E2 F2400
;TYPE:Perimeter
;WIDTH:0.45
G1 F1800
G1 X81.217 Y85.266 E2.00176
G1 X81.364 Y85.02 E2.01554
G1 X81.598 Y85.02 E2.02679
G1 X81.746 Y85.266 E2.0406
G1 X82.116 Y85.512 E2.06197
G1 X82.449 Y85.571 E2.07824
G1 X83.243 Y85.571 E2.11643
G1 X83.243 Y86.366 E2.15467
G1 X83.243 Y88.941 E2.27852
G1 X81.259 Y88.941 E2.37394
G1 X81.259 Y86.88 E2.47307
G1 X81.181 Y86.499 E2.49177
G1 X81.022 Y86.247 E2.5061
G1 X80.821 Y86.072 E2.51892
G1 X80.478 Y85.939 E2.53661
;WIDTH:0.44017
G1 X80.295 Y85.926 E2.54521
;WIDTH:0.429703
G1 X76.429 Y85.926 E2.72136
;WIDTH:0.438315
G1 X76.264 Y85.937 E2.72907
;WIDTH:0.45
G1 X75.835 Y86.121 E2.75152
G1 X75.528 Y86.537 E2.77639
G1 X74.717 Y88.666 E2.88597
G1 X72.886 Y88.666 E2.97403
G1 X72.075 Y86.537 E3.08361
G1 X71.768 Y86.121 E3.10848
G1 X71.174 Y85.926 E3.13855
;WIDTH:0.429703
G1 X68.832 Y85.926 E3.24526
G1 X68.832 Y85.561 E3.26189
G1 X71.174 Y85.561 E3.3686
;WIDTH:0.45
G1 X76.429 Y85.561 E3.62135
;WIDTH:0.429703
G1 X80.295 Y85.561 E3.7975
;WIDTH:0.44017
G1 X80.513 Y85.566 E3.80772
;WIDTH:0.45
G1 X80.876 Y85.501 E3.82546
G1 X81.138 Y85.321 E3.84075
G1 X80.917 Y85.009 F7800
G1 F2513
G1 X81.011 Y84.902 E3.8476
G1 X81.084 Y84.634 E3.86096
G1 X81.878 Y84.634 E3.89915
G1 X81.951 Y84.902 E3.91251
G1 X82.027 Y85.003 E3.91859
G1 X82.249 Y85.15 E3.9314
G1 X82.449 Y85.186 E3.94117
G1 X83.629 Y85.186 E3.99792
G1 X83.629 Y86.366 E4.05467
G1 X83.629 Y89.327 E4.19708
G1 X80.874 Y89.327 E4.32959
G1 X80.874 Y86.88 E4.44728
G1 X80.826 Y86.651 E4.45853
G1 X80.611 Y86.395 E4.47461
G1 X80.295 Y86.302 E4.49045
G1 X76.429 Y86.302 E4.67639
G1 X76.073 Y86.425 E4.69451
G1 X75.889 Y86.674 E4.7094
G1 X74.983 Y89.052 E4.83179
G1 X72.62 Y89.052 E4.94544
G1 X71.714 Y86.674 E5.06783
G1 X71.53 Y86.425 E5.08272
G1 X71.174 Y86.302 E5.10084
G1 X68.456 Y86.302 E5.23157
G1 X68.456 Y85.186 E5.28525
G1 X80.295 Y85.186 E5.85466
G1 X80.731 Y85.143 E5.87573
G1 X80.869 Y85.063 E5.8834
G1 X80.878 Y85.054 E5.88401
G1 X80.642 Y84.738 F7800
;TYPE:External perimeter
G1 F1800
G1 X80.679 Y84.706 E5.88636
G1 X80.706 Y84.249 E5.90838
G1 X82.256 Y84.249 E5.98293
G1 X82.256 Y84.607 E6.00015
G1 X82.308 Y84.739 E6.00697
G1 X82.449 Y84.8 E6.01436
G1 X84.014 Y84.8 E6.08963
G1 X84.014 Y86.366 E6.16495
G1 X84.014 Y89.712 E6.32588
G1 X80.488 Y89.712 E6.49547
G1 X80.488 Y86.88 E6.63168
G1 X80.441 Y86.754 E6.63815
G1 X80.295 Y86.687 E6.64588
G1 X76.429 Y86.687 E6.83182
G1 X76.31 Y86.728 E6.83787
G1 X76.249 Y86.812 E6.84286
G1 X75.249 Y89.438 E6.97801
G1 X72.354 Y89.438 E7.11725
G1 X71.354 Y86.812 E7.2524
G1 X71.293 Y86.728 E7.25739
G1 X71.174 Y86.687 E7.26344
G1 X68.071 Y86.687 E7.41268
G1 X68.071 Y84.8 E7.50344
G1 X80.295 Y84.8 E8.09137
G1 X80.586 Y84.786 E8.10538
G1 X80.596 Y84.777 E8.10603
G1 X80.692 Y84.389 F7800
G1 X81.491 Y85.382
;TYPE:Solid infill
G1 F2513
G1 X81.647 Y85.565 E8.1176
G1 X81.99 Y85.77 E8.13682
G1 X82.335 Y85.854 E8.1539
G1 X82.954 Y85.86 E8.18367
G1 X82.954 Y88.652 E8.31796
G1 X81.548 Y88.652 E8.38558
G1 X81.548 Y86.884 E8.47061
G1 X81.458 Y86.423 E8.4932
G1 X81.257 Y86.081 E8.51228
G1 X80.944 Y85.814 E8.53207
G1 X81.345 Y85.508 E8.55633
G1 X81.862 Y86.208 F7800
;WIDTH:0.596798
G1 F2513
G1 X82.188 Y86.296 E8.57875
G1 X82.495 Y86.314 E8.59917
G1 X82.506 Y86.884 E8.63703
;WIDTH:0.574365
G1 X82.506 Y88.204 E8.72099
G1 X81.996 Y88.204 E8.75343
G1 X81.996 Y86.884 E8.83739
;WIDTH:0.583659
G1 X81.988 Y86.754 E8.84583
;WIDTH:0.592274
G1 X81.906 Y86.396 E8.87001
G1 E6.87001 F2400
G92 E0
G1 X71.926 Y85.861 F7800
G1 E2 F2400
;WIDTH:0.45
G1 F2513
G1 X75.67 Y85.85 E2.18007
G1 X75.253 Y86.447 E2.21509
G1 X74.518 Y88.377 E2.31442
G1 X73.085 Y88.377 E2.38334
G1 X72.35 Y86.447 E2.48267
G1 X72.041 Y86.016 E2.50818
G1 X72.674 Y86.244 E2.54054
G1 X74.932 Y86.238 E2.64914
G1 X74.252 Y87.991 E2.73957
G1 X73.351 Y87.991 E2.7829
G1 X72.752 Y86.42 E2.86377
G1 X73.244 Y86.628 E2.88946
G1 X74.36 Y86.625 E2.94314
G1 X73.986 Y87.606 E2.99364
G1 X73.616 Y87.606 E3.01144
G1 X73.313 Y86.808 E3.05249
G1 E1.05249 F2400
G92 E0
G1 X81.187 Y72.608 F7800
G1 E2 F2400
;TYPE:Perimeter
G1 F1800
G1 X81.165 Y72.557 E2.00267
G1 X80.876 Y72.374 E2.01912
G1 X80.513 Y72.309 E2.03686
;WIDTH:0.43891
G1 X80.295 Y72.314 E2.04705
;WIDTH:0.429703
G1 X76.429 Y72.314 E2.2232
;WIDTH:0.45
G1 X71.174 Y72.314 E2.47595
;WIDTH:0.429704
G1 X68.832 Y72.314 E2.58266
G1 X68.832 Y71.949 E2.59929
G1 X71.174 Y71.949 E2.706
;WIDTH:0.438316
G1 X71.339 Y71.938 E2.71371
;WIDTH:0.45
G1 X71.768 Y71.754 E2.73616
G1 X72.075 Y71.338 E2.76103
G1 X72.886 Y69.209 E2.87061
G1 X74.717 Y69.209 E2.95867
G1 X75.528 Y71.338 E3.06825
G1 X75.835 Y71.754 E3.09312
G1 X76.429 Y71.949 E3.12319
;WIDTH:0.429703
G1 X80.295 Y71.949 E3.29934
;WIDTH:0.438316
G1 X80.461 Y71.938 E3.3071
;WIDTH:0.45
G1 X80.821 Y71.803 E3.32559
G1 X81.022 Y71.628 E3.33841
G1 X81.181 Y71.376 E3.35274
G1 X81.259 Y70.995 E3.37144
G1 X81.259 Y68.934 E3.47057
G1 X83.243 Y68.934 E3.56599
G1 X83.243 Y69.926 E3.6137
G1 X83.243 Y72.304 E3.72807
G1 X82.449 Y72.304 E3.76626
G1 X82.116 Y72.363 E3.78253
G1 X81.856 Y72.508 E3.79685
G1 X81.744 Y72.68 E3.80672
G1 X81.219 Y72.68 E3.83197
G1 X81.211 Y72.663 E3.83287
G1 X80.921 Y72.88 F7800
G1 F2513
G1 X80.904 Y72.841 E3.83492
G1 X80.731 Y72.732 E3.84475
G1 X80.513 Y72.689 E3.85544
G1 X68.457 Y72.689 E4.43529
G1 X68.457 Y71.573 E4.48897
G1 X71.174 Y71.573 E4.61965
G1 X71.53 Y71.45 E4.63777
G1 X71.714 Y71.201 E4.65266
G1 X72.62 Y68.823 E4.77505
G1 X74.983 Y68.823 E4.8887
G1 X75.889 Y71.201 E5.01109
G1 X76.073 Y71.45 E5.02598
G1 X76.429 Y71.573 E5.0441
G1 X80.295 Y71.573 E5.23004
G1 X80.611 Y71.48 E5.24588
G1 X80.826 Y71.224 E5.26196
G1 X80.874 Y70.995 E5.27321
G1 X80.874 Y68.548 E5.3909
G1 X83.629 Y68.548 E5.52341
G1 X83.629 Y69.926 E5.58969
G1 X83.629 Y72.689 E5.72258
G1 X82.387 Y72.693 E5.78232
G1 X82.093 Y72.812 E5.79757
G1 X81.96 Y73.066 E5.81136
G1 X81.003 Y73.066 E5.85739
G1 X80.945 Y72.935 E5.86428
G1 X80.65 Y73.139 F7800
;TYPE:External perimeter
G1 F1800
G1 X80.644 Y73.126 E5.86497
G1 X80.513 Y73.075 E5.87173
G1 X68.071 Y73.075 E6.47015
G1 X68.071 Y71.187 E6.56096
G1 X71.174 Y71.187 E6.7102
G1 X71.293 Y71.147 E6.71624
G1 X71.354 Y71.063 E6.72123
G1 X72.354 Y68.437 E6.85638
G1 X75.249 Y68.437 E6.99562
G1 X76.249 Y71.063 E7.13077
G1 X76.31 Y71.147 E7.13576
G1 X76.429 Y71.187 E7.1418
G1 X80.295 Y71.187 E7.32774
G1 X80.441 Y71.121 E7.33545
G1 X80.488 Y70.995 E7.34192
G1 X80.488 Y68.162 E7.47818
G1 X84.014 Y68.162 E7.64777
G1 X84.014 Y69.926 E7.73261
G1 X84.014 Y73.075 E7.88407
G1 X82.449 Y73.075 E7.95934
G1 X82.33 Y73.116 E7.96539
G1 X82.256 Y73.268 E7.97352
G1 X82.256 Y73.451 E7.98232
G1 X80.706 Y73.451 E8.05687
G1 X80.706 Y73.268 E8.06567
G1 X80.674 Y73.194 E8.06955
G1 X80.29 Y73.081 F7800
G1 E6.06955 F2400
G92 E0
G1 X81.548 Y69.223 F7800
G1 E2 F2400
;TYPE:Solid infill
G1 F2513
G1 X82.954 Y69.223 E2.06762
G1 X82.954 Y72.015 E2.20191
G1 X82.335 Y72.021 E2.23168
G1 X82.096 Y72.072 E2.24343
G1 X81.718 Y72.267 E2.26389
G1 X81.574 Y72.391 E2.27303
G1 X81.37 Y72.391 E2.28284
G1 X81.321 Y72.316 E2.28715
G1 X80.947 Y72.098 E2.30797
G1 X81.22 Y71.837 E2.32614
G1 X81.432 Y71.515 E2.34468
G1 X81.548 Y70.991 E2.37049
G1 X81.548 Y69.416 E2.44624
G1 X81.996 Y69.671 E2.47103
;WIDTH:0.574365
G1 X82.506 Y69.671 E2.50347
G1 X82.506 Y70.991 E2.58743
;WIDTH:0.596797
G1 X82.495 Y71.561 E2.62529
G1 X82.331 Y71.562 E2.63618
G1 X81.862 Y71.667 E2.6681
G1 X81.907 Y71.544 E2.6768
G1 X81.996 Y70.991 E2.71399
;WIDTH:0.574365
G1 X81.996 Y69.864 E2.78568
G1 E.78568 F2400
G92 E0
G1 X73.085 Y69.498 F7800
G1 E2 F2400
;WIDTH:0.45
G1 F2513
G1 X74.518 Y69.498 E2.06892
G1 X75.253 Y71.428 E2.16825
G1 X75.677 Y72.014 E2.20304
G1 X71.933 Y72.025 E2.38311
G1 X72.35 Y71.428 E2.41813
G1 X73.016 Y69.678 E2.50819
G1 X74.059 Y69.884 F7800
G1 F2513
G1 X73.351 Y69.884 E2.54224
G1 X72.671 Y71.637 E2.63267
G1 X74.928 Y71.631 E2.74122
G1 X74.252 Y69.884 E2.83132
G1 X73.616 Y70.269 E2.86708
G1 X73.986 Y70.269 E2.88488
G1 X74.359 Y71.247 E2.93522
G1 X73.243 Y71.25 E2.9889
G1 X73.548 Y70.449 E3.03012
;LAYER_CHANGE
;Z:5.75
;HEIGHT:0.3
G1 E1.03012 F2400
G92 E0
G1 Z5.75 F7800
G92 E0
G1 X98.793 Y120.134
G1 E2 F2400
;TYPE:Perimeter
;WIDTH:0.402996
G1 F1800
G1 X98.793 Y119.766 E2.01554
G1 X99.041 Y119.185 E2.04222
G1 X99.686 Y119.185 E2.06946
G1 X99.32 Y119.413 E2.08767
G1 X98.829 Y120.085 E2.12282
G1 X98.335 Y121.346 F7800
;WIDTH:0.485745
G1 F1800
G1 X98.432 Y120.995 E2.14196
;WIDTH:0.450521
G1 X98.431 Y119.692 E2.20471
;WIDTH:0.45
G1 X98.801 Y118.823 E2.25014
G1 X99.204 Y118.823 E2.26952
;WIDTH:0.49516
G1 X99.641 Y118.846 E2.29303
;WIDTH:0.540321
G1 X100.079 Y118.868 E2.31906
G1 X101.185 Y118.868 E2.38471
G1 X101.184 Y119.106 E2.39884
G1 X101.184 Y119.344 E2.41297
G1 X100.946 Y119.344 E2.4271
;WIDTH:0.54685
G1 X99.971 Y119.35 E2.48577
G1 X99.791 Y119.489 E2.49946
;WIDTH:0.498425
G1 X99.612 Y119.627 E2.5117
;WIDTH:0.45
G1 X99.289 Y120.069 E2.53803
;WIDTH:0.450521
G1 X98.578 Y121.042 E2.59607
;WIDTH:0.485745
G1 X98.372 Y121.299 E2.61338
G1 E.61338 F2400
G92 E0
G1 X86.854 Y115.326 F7800
G1 E2 F2400
;WIDTH:0.45
G1 F1800
G1 X87.061 Y115.523 E2.01374
G1 X87.51 Y115.634 E2.03599
G1 X88.285 Y115.634 E2.07326
G1 X88.28 Y117.692 E2.17224
G1 X88.293 Y117.855 E2.1801
G1 X88.552 Y118.366 E2.20765
G1 X89.244 Y118.649 E2.24361
;WIDTH:0.429703
G1 X91.645 Y118.649 E2.35301
;WIDTH:0.471962
G1 X92.029 Y118.67 E2.37256
;WIDTH:0.514223
G1 X92.414 Y118.691 E2.39419
G1 X92.871 Y119.766 E2.45973
G1 X92.875 Y119.963 E2.47079
G1 X92.45 Y119.38 E2.51127
G1 X92.151 Y119.11 E2.53387
G1 X91.898 Y119.062 E2.54832
;WIDTH:0.471962
G1 X91.645 Y119.014 E2.56141
;WIDTH:0.429703
G1 X89.244 Y119.014 E2.67081
;WIDTH:0.45
G1 X86.336 Y119.004 E2.81068
G1 X86.336 Y115.23 E2.9922
G1 X86.372 Y115.211 E2.99416
G1 X86.425 Y115.082 E3.00087
G1 X86.659 Y115.082 E3.01212
G1 X86.68 Y115.161 E3.01605
G1 X86.81 Y115.284 E3.02466
G1 X87.116 Y115.063 F7800
G1 F1800
G1 X87.241 Y115.182 E3.03296
G1 X87.51 Y115.248 E3.04628
G1 X88.672 Y115.248 E3.10217
G1 X88.666 Y117.693 E3.21977
G1 X88.674 Y117.791 E3.2245
G1 X88.829 Y118.098 E3.24104
G1 X89.244 Y118.273 E3.2627
G1 X92.69 Y118.273 E3.42844
G1 X93.293 Y119.692 E3.5026
;WIDTH:0.450521
G1 X93.293 Y120.995 E3.56535
;WIDTH:0.485751
G1 X93.39 Y121.346 E3.58449
G1 X93.146 Y121.042 E3.60498
;WIDTH:0.450521
G1 X92.435 Y120.069 E3.66302
;WIDTH:0.45
G1 X92.112 Y119.627 E3.68935
G1 X91.939 Y119.469 E3.70062
G1 X91.645 Y119.389 E3.71527
G1 X85.951 Y119.389 E3.98913
G1 X85.951 Y115.049 E4.19787
G1 X86.053 Y114.994 E4.20344
G1 X86.145 Y114.697 E4.21839
G1 X86.939 Y114.697 E4.25658
G1 X87.012 Y114.965 E4.26994
G1 X87.073 Y115.022 E4.27396
G1 E2.27396 F2400
G92 E0
G1 X93.39 Y121.346 F7800
G1 E2 F2400
;WIDTH:0.495205
G1 F1800
G1 X93.456 Y121.429 E2.0057
G1 E.0057 F2400
G92 E0
G1 X87.386 Y114.797 F7800
G1 E2 F2400
;TYPE:External perimeter
;WIDTH:0.45
G1 F1800
G1 X87.51 Y114.862 E2.00673
G1 X89.058 Y114.862 E2.08118
G1 X89.051 Y117.694 E2.21739
G1 X89.106 Y117.829 E2.2244
G1 X89.244 Y117.887 E2.2316
G1 X92.945 Y117.887 E2.40961
G1 X93.679 Y119.614 E2.49986
G1 X93.679 Y120.995 E2.56628
G1 X93.716 Y121.108 E2.572
;WIDTH:0.494063
G1 X93.768 Y121.157 E2.57583
;WIDTH:0.538127
G1 X93.819 Y121.205 E2.57997
;WIDTH:0.582191
G1 X93.871 Y121.254 E2.58458
G1 X97.853 Y121.254 E2.84175
G1 X97.898 Y121.214 E2.84564
;WIDTH:0.539565
G1 X97.943 Y121.175 E2.84917
;WIDTH:0.496939
G1 X97.988 Y121.136 E2.85238
;WIDTH:0.454313
G1 X98.046 Y120.995 E2.85979
;WIDTH:0.45
G1 X98.046 Y119.614 E2.92621
G1 X98.547 Y118.437 E2.98773
G1 X101.616 Y118.437 E3.13534
G1 X101.615 Y119.107 E3.16756
G1 X101.615 Y119.775 E3.19969
G1 X100.079 Y119.775 E3.27357
G1 X99.924 Y119.854 E3.28194
G1 X98.89 Y121.27 E3.36627
;WIDTH:0.454313
G1 X98.474 Y121.835 E3.40039
;WIDTH:0.496939
G1 X98.267 Y121.814 E3.41162
;WIDTH:0.539565
G1 X98.06 Y121.793 E3.42395
;WIDTH:0.582191
G1 X97.853 Y121.771 E3.43739
G1 X93.871 Y121.771 E3.69456
G1 X93.664 Y121.793 E3.708
;WIDTH:0.538127
G1 X93.456 Y121.815 E3.72036
;WIDTH:0.494063
G1 X93.249 Y121.837 E3.73152
;WIDTH:0.45
G1 X91.801 Y119.854 E3.84962
G1 X91.645 Y119.775 E3.85803
G1 X85.565 Y119.775 E4.15046
G1 X85.565 Y114.871 E4.38633
G1 X85.74 Y114.768 E4.3961
G1 X85.767 Y114.311 E4.41812
G1 X87.317 Y114.311 E4.49267
G1 X87.317 Y114.67 E4.50994
G1 X87.344 Y114.76 E4.51446
G1 X87.733 Y114.854 F7800
G1 X86.625 Y115.707
;TYPE:Solid infill
G1 F2611
G1 X86.625 Y118.715 E4.65913
G1 X88.626 Y118.706 E4.75537
G1 X88.312 Y118.512 E4.77312
G1 X88.026 Y117.947 E4.80358
G1 X87.991 Y117.69 E4.81605
G1 X87.995 Y115.922 E4.90108
G1 X87.403 Y115.917 E4.92955
G1 X86.892 Y115.752 E4.95538
G1 X86.625 Y115.514 E4.97258
G1 X87.064 Y116.596 F7800
;WIDTH:0.555599
G1 F2611
G1 X87.064 Y116.28 E4.99194
G1 X87.222 Y116.328 E5.00206
G1 X87.556 Y116.357 E5.0226
G1 X87.553 Y117.689 E5.10421
;WIDTH:0.562896
G1 X87.565 Y117.913 E5.11816
;WIDTH:0.568409
G1 X87.691 Y118.27 E5.14196
G1 X87.07 Y118.27 E5.181
G1 X87.063 Y117.691 E5.2174
;WIDTH:0.555368
G1 X87.064 Y116.789 E5.27264
G1 E3.27264 F2400
G92 E0
G1 X98.793 Y97.866 F7800
G1 E2 F2400
;TYPE:Perimeter
;WIDTH:0.402983
G1 F1800
G1 X99.32 Y98.587 E2.03772
G1 X99.768 Y98.815 E2.05895
G1 X99.041 Y98.815 E2.08965
G1 X98.802 Y98.255 E2.11536
G1 X98.795 Y97.926 E2.12926
G1 X98.392 Y96.74 F7800
;WIDTH:0.494789
G1 F1800
G1 X98.573 Y96.961 E2.1446
;WIDTH:0.462179
G1 X99.289 Y97.931 E2.20442
;WIDTH:0.45
G1 X99.612 Y98.373 E2.23075
;WIDTH:0.495161
G1 X99.846 Y98.515 E2.24546
;WIDTH:0.540322
G1 X100.079 Y98.656 E2.26163
G1 X101.184 Y98.656 E2.32722
G1 X101.184 Y98.894 E2.34135
G1 X101.185 Y99.132 E2.35548
G1 X100.079 Y99.132 E2.42113
G1 X99.44 Y99.154 E2.45908
;WIDTH:0.495161
G1 X98.801 Y99.177 E2.49344
;WIDTH:0.45
G1 X98.469 Y98.397 E2.53421
G1 X98.431 Y98.211 E2.54334
;WIDTH:0.462179
G1 X98.437 Y97.005 E2.60318
;WIDTH:0.494789
G1 X98.402 Y96.799 E2.6144
G1 X98.268 Y96.571 F7800
;WIDTH:0.495207
G1 F1800
G1 X98.392 Y96.74 E2.62566
G1 E.62566 F2400
G92 E0
G1 X86.848 Y102.644 F7800
G1 E2 F2400
;WIDTH:0.45
G1 F1800
G1 X86.819 Y102.657 E2.00153
G1 X86.785 Y102.743 E2.00598
G1 X86.34 Y102.739 E2.02738
G1 X86.336 Y98.996 E2.20741
G1 X89.244 Y98.986 E2.34728
;WIDTH:0.429704
G1 X91.645 Y98.986 E2.45668
;WIDTH:0.471963
G1 X91.898 Y98.938 E2.46977
;WIDTH:0.514223
G1 X92.151 Y98.89 E2.48422
G1 X92.45 Y98.62 E2.50682
G1 X92.875 Y98.037 E2.5473
G1 X92.875 Y98.223 E2.55774
G1 X92.414 Y99.309 E2.62393
G1 X91.955 Y99.33 E2.64971
;WIDTH:0.471963
G1 X91.645 Y99.351 E2.66551
;WIDTH:0.429704
G1 X89.244 Y99.351 E2.77491
;WIDTH:0.438316
G1 X89.079 Y99.362 E2.78262
;WIDTH:0.45
G1 X88.552 Y99.634 E2.81114
G1 X88.293 Y100.145 E2.83869
G1 X88.28 Y100.305 E2.84641
G1 X88.285 Y102.366 E2.94554
G1 X87.41 Y102.371 E2.98763
G1 X86.902 Y102.618 E3.0148
G1 X87.119 Y102.917 F7800
G1 F1800
G1 X87.095 Y102.927 E3.01605
G1 X87.013 Y103.128 E3.02649
G1 X86.083 Y103.128 E3.07122
G1 X86.032 Y102.977 E3.07889
G1 X85.951 Y102.937 E3.08323
G1 X85.951 Y98.611 E3.2913
G1 X91.645 Y98.611 E3.56516
G1 X91.939 Y98.531 E3.57981
G1 X92.112 Y98.373 E3.59108
G1 X92.435 Y97.931 E3.61741
;WIDTH:0.462178
G1 X93.151 Y96.961 E3.67723
;WIDTH:0.494789
G1 X93.332 Y96.74 E3.69257
G1 X93.287 Y97.005 E3.707
;WIDTH:0.462178
G1 X93.293 Y98.211 E3.76684
;WIDTH:0.45
G1 X93.293 Y98.308 E3.77151
G1 X92.69 Y99.727 E3.84567
G1 X89.244 Y99.727 E4.01141
G1 X89.144 Y99.736 E4.01624
G1 X88.829 Y99.902 E4.03337
G1 X88.674 Y100.209 E4.04991
G1 X88.666 Y100.305 E4.05454
G1 X88.672 Y102.752 E4.17223
G1 X87.51 Y102.752 E4.22812
G1 X87.174 Y102.893 E4.24565
G1 E2.24565 F2400
G92 E0
G1 X93.332 Y96.74 F7800
G1 E2 F2400
;WIDTH:0.494789
G1 F1800
G1 X93.451 Y96.577 E2.01083
G1 E.01083 F2400
G92 E0
G1 X87.38 Y103.192 F7800
G1 E2 F2400
;TYPE:External perimeter
;WIDTH:0.45
G1 F1800
G1 X87.372 Y103.196 E2.00043
G1 X87.317 Y103.33 E2.0074
G1 X87.317 Y103.514 E2.01625
G1 X85.767 Y103.514 E2.0908
G1 X85.727 Y103.212 E2.10545
G1 X85.565 Y103.137 E2.11404
G1 X85.565 Y98.225 E2.35029
G1 X91.645 Y98.225 E2.64272
G1 X91.801 Y98.146 E2.65113
G1 X92.834 Y96.73 E2.73543
;WIDTH:0.454309
G1 X93.25 Y96.165 E2.76955
;WIDTH:0.496936
G1 X93.457 Y96.186 E2.78078
;WIDTH:0.539564
G1 X93.664 Y96.207 E2.79311
;WIDTH:0.582192
G1 X93.871 Y96.229 E2.80655
G1 X97.853 Y96.229 E3.06372
G1 X98.06 Y96.207 E3.07716
;WIDTH:0.538128
G1 X98.268 Y96.185 E3.08952
;WIDTH:0.494064
G1 X98.475 Y96.162 E3.10068
;WIDTH:0.45
G1 X99.893 Y98.105 E3.21637
G1 X100.079 Y98.225 E3.22702
G1 X101.615 Y98.225 E3.3009
G1 X101.615 Y98.893 E3.33303
G1 X101.616 Y99.562 E3.36521
G1 X98.547 Y99.562 E3.51282
G1 X98.046 Y98.386 E3.5743
G1 X98.046 Y97.005 E3.64072
G1 X98.026 Y96.92 E3.64492
;WIDTH:0.494064
G1 X97.968 Y96.862 E3.64932
;WIDTH:0.538128
G1 X97.911 Y96.804 E3.65413
;WIDTH:0.582192
G1 X97.853 Y96.746 E3.65943
G1 X93.871 Y96.746 E3.9166
G1 X93.826 Y96.786 E3.92049
;WIDTH:0.539564
G1 X93.782 Y96.825 E3.92397
;WIDTH:0.496936
G1 X93.737 Y96.864 E3.92718
;WIDTH:0.454309
G1 X93.679 Y97.005 E3.93459
;WIDTH:0.45
G1 X93.679 Y98.386 E4.00101
G1 X92.945 Y100.112 E4.09122
G1 X89.244 Y100.112 E4.26923
G1 X89.106 Y100.171 E4.27645
G1 X89.051 Y100.305 E4.28342
G1 X89.058 Y103.137 E4.41963
G1 X87.51 Y103.137 E4.49408
G1 X87.435 Y103.169 E4.498
G1 X87.25 Y103.523 F7800
G1 X86.625 Y102.443
;TYPE:Solid infill
G1 F2611
G1 X86.625 Y99.285 E4.64989
G1 X88.579 Y99.291 E4.74387
G1 X88.314 Y99.484 E4.75964
G1 X88.026 Y100.053 E4.79031
G1 X87.991 Y100.309 E4.80274
G1 X87.995 Y102.078 E4.88782
G1 X87.329 Y102.102 E4.91987
G1 X86.799 Y102.359 E4.9482
G1 X87.064 Y101.598 F7800
;WIDTH:0.555599
G1 F2611
G1 X87.064 Y101.743 E4.95708
G1 X87.407 Y101.645 E4.97894
G1 X87.556 Y101.643 E4.98807
G1 X87.553 Y100.309 E5.0698
;WIDTH:0.568712
G1 X87.571 Y100.025 E5.0877
G1 X87.693 Y99.725 E5.10807
G1 X87.07 Y99.728 E5.14726
G1 X87.064 Y100.236 E5.17922
;WIDTH:0.555813
G1 X87.063 Y100.311 E5.18382
;WIDTH:0.555599
G1 X87.064 Y101.405 E5.25085
G1 E3.25085 F2400
G92 E0
G92 E0
G1 X81.187 Y85.286 F7800
G1 E2 F2400
;TYPE:Perimeter
;WIDTH:0.45
G1 F1800
G1 X81.218 Y85.265 E2.0018
G1 X81.364 Y85.02 E2.01552
G1 X81.598 Y85.02 E2.02677
G1 X81.744 Y85.265 E2.04049
G1 X82.113 Y85.511 E2.06182
G1 X82.449 Y85.571 E2.07824
G1 X83.227 Y85.571 E2.11566
G1 X83.227 Y86.349 E2.15308
G1 X83.227 Y88.941 E2.27775
G1 X81.276 Y88.941 E2.37159
G1 X81.276 Y86.88 E2.47072
G1 X81.193 Y86.489 E2.48994
G1 X81.032 Y86.239 E2.50424
G1 X80.827 Y86.065 E2.51717
G1 X80.48 Y85.937 E2.53496
;WIDTH:0.438648
G1 X80.312 Y85.926 E2.54282
;WIDTH:0.429703
G1 X76.496 Y85.926 E2.7167
;WIDTH:0.438315
G1 X76.33 Y85.937 E2.72446
;WIDTH:0.45
G1 X75.897 Y86.125 E2.74716
G1 X75.592 Y86.546 E2.77216
G1 X74.808 Y88.666 E2.88087
G1 X72.795 Y88.666 E2.97769
G1 X72.011 Y86.546 E3.0864
G1 X71.706 Y86.125 E3.1114
G1 X71.107 Y85.926 E3.14176
;WIDTH:0.429703
G1 X68.81 Y85.926 E3.24642
G1 X68.81 Y85.561 E3.26305
G1 X71.107 Y85.561 E3.36771
;WIDTH:0.45
G1 X76.496 Y85.561 E3.6269
;WIDTH:0.429703
G1 X80.312 Y85.561 E3.80078
;WIDTH:0.438648
G1 X80.513 Y85.566 E3.81017
;WIDTH:0.45
G1 X80.877 Y85.5 E3.82796
G1 X81.138 Y85.32 E3.84321
G1 X80.917 Y85.009 F7800
G1 F2611
G1 X81.011 Y84.902 E3.85006
G1 X81.084 Y84.634 E3.86342
G1 X81.878 Y84.634 E3.90161
G1 X81.951 Y84.902 E3.91497
G1 X82.026 Y85.002 E3.92098
G1 X82.247 Y85.149 E3.93375
G1 X82.449 Y85.186 E3.94363
G1 X83.613 Y85.186 E3.99961
G1 X83.613 Y86.349 E4.05555
G1 X83.613 Y89.327 E4.19878
G1 X80.89 Y89.327 E4.32975
G1 X80.89 Y86.88 E4.44744
G1 X80.84 Y86.646 E4.45895
G1 X80.621 Y86.391 E4.47512
G1 X80.312 Y86.302 E4.49059
G1 X76.496 Y86.302 E4.67413
G1 X76.137 Y86.427 E4.69241
G1 X75.953 Y86.68 E4.70746
G1 X75.076 Y89.052 E4.82909
G1 X72.527 Y89.052 E4.95169
G1 X71.65 Y86.68 E5.07332
G1 X71.466 Y86.427 E5.08837
G1 X71.107 Y86.302 E5.10665
G1 X68.434 Y86.302 E5.23521
G1 X68.434 Y85.186 E5.28889
G1 X80.312 Y85.186 E5.86018
G1 X80.731 Y85.143 E5.88044
G1 X80.871 Y85.062 E5.88822
G1 X80.878 Y85.054 E5.88873
G1 X80.642 Y84.738 F7800
;TYPE:External perimeter
G1 F1800
G1 X80.679 Y84.706 E5.89108
G1 X80.706 Y84.249 E5.9131
G1 X82.256 Y84.249 E5.98765
G1 X82.256 Y84.607 E6.00487
G1 X82.308 Y84.739 E6.01169
G1 X82.449 Y84.8 E6.01908
G1 X83.998 Y84.8 E6.09358
G1 X83.998 Y86.349 E6.16808
G1 X83.998 Y89.712 E6.32983
G1 X80.504 Y89.712 E6.49788
G1 X80.504 Y86.88 E6.63409
G1 X80.456 Y86.752 E6.64066
G1 X80.312 Y86.687 E6.64826
G1 X76.496 Y86.687 E6.8318
G1 X76.376 Y86.729 E6.83791
G1 X76.315 Y86.813 E6.8429
G1 X75.345 Y89.438 E6.9775
G1 X72.258 Y89.438 E7.12597
G1 X71.288 Y86.813 E7.26057
G1 X71.227 Y86.729 E7.26556
G1 X71.107 Y86.687 E7.27167
G1 X68.049 Y86.687 E7.41875
G1 X68.049 Y84.8 E7.50951
G1 X80.312 Y84.8 E8.09932
G1 X80.586 Y84.786 E8.11252
G1 X80.596 Y84.777 E8.11317
G1 X80.692 Y84.389 F7800
G1 X81.059 Y85.795
;TYPE:Solid infill
;WIDTH:0.569308
G1 F2611
G1 X81.49 Y85.483 E8.14668
G1 X81.599 Y85.601 E8.1568
G1 X81.728 Y85.657 E8.16566
;WIDTH:0.529538
G1 X81.857 Y85.713 E8.17382
;WIDTH:0.489769
G1 X81.987 Y85.769 E8.18133
;WIDTH:0.45
G1 X82.333 Y85.854 E8.19847
G1 X82.938 Y85.86 E8.22757
G1 X82.938 Y88.652 E8.36186
G1 X81.565 Y88.652 E8.4279
G1 X81.565 Y86.884 E8.51293
G1 X81.469 Y86.412 E8.5361
;WIDTH:0.497845
G1 X81.387 Y86.229 E8.54694
;WIDTH:0.54569
G1 X81.305 Y86.045 E8.55903
;WIDTH:0.556308
G1 X81.194 Y85.932 E8.56875
;WIDTH:0.45
G1 X81.869 Y86.203 E8.60373
;WIDTH:0.582467
G1 X82.187 Y86.288 E8.625
G1 X82.486 Y86.307 E8.64436
G1 X82.498 Y86.884 E8.68165
;WIDTH:0.557978
G1 X82.498 Y88.212 E8.76341
G1 X82.005 Y88.212 E8.79376
G1 X82.005 Y86.884 E8.87552
;WIDTH:0.567568
G1 X81.996 Y86.753 E8.88376
;WIDTH:0.577371
G1 X81.912 Y86.391 E8.90754
G1 E6.90754 F2400
G92 E0
G1 X71.863 Y85.861 F7800
G1 E2 F2400
;WIDTH:0.45
G1 F2611
G1 X75.054 Y85.852 E2.15348
G1 X75.746 Y85.867 E2.18677
G1 X75.316 Y86.458 E2.22192
G1 X74.606 Y88.377 E2.32033
G1 X72.997 Y88.377 E2.39772
G1 X72.287 Y86.458 E2.49613
G1 X71.976 Y86.017 E2.52208
G1 X72.606 Y86.244 E2.55429
G1 X75 Y86.238 E2.66943
G1 X74.954 Y86.324 E2.67412
G1 X74.338 Y87.991 E2.7596
G1 X73.265 Y87.991 E2.81121
G1 X72.684 Y86.42 E2.89177
G1 X73.172 Y86.628 E2.91728
G1 X74.432 Y86.625 E2.97788
G1 X74.069 Y87.606 E3.02819
G1 X73.534 Y87.606 E3.05392
G1 X73.239 Y86.809 E3.09479
G1 X73.786 Y87.006 E3.12275
;WIDTH:0.555937
G1 X73.742 Y87.049 E3.12652
G1 X73.758 Y87.109 E3.13033
G1 X73.817 Y87.125 E3.13408
G1 X73.861 Y87.081 E3.1379
G1 X73.845 Y87.022 E3.14165
G1 E1.14165 F2400
G92 E0
G1 X81.187 Y72.608 F7800
G1 E2 F2400
;TYPE:Perimeter
;WIDTH:0.45
G1 F1800
G1 X81.165 Y72.557 E2.00267
G1 X80.877 Y72.375 E2.01906
G1 X80.513 Y72.31 E2.03684
;WIDTH:0.438427
G1 X80.312 Y72.314 E2.04622
;WIDTH:0.429703
G1 X76.496 Y72.314 E2.2201
;WIDTH:0.45
G1 X71.107 Y72.314 E2.47929
;WIDTH:0.429703
G1 X68.81 Y72.314 E2.58395
G1 X68.81 Y71.949 E2.60058
G1 X71.107 Y71.949 E2.70524
;WIDTH:0.438316
G1 X71.273 Y71.938 E2.713
;WIDTH:0.45
G1 X71.706 Y71.75 E2.7357
G1 X72.011 Y71.329 E2.7607
G1 X72.795 Y69.209 E2.86941
G1 X74.808 Y69.209 E2.96623
G1 X75.592 Y71.329 E3.07494
G1 X75.897 Y71.75 E3.09994
G1 X76.496 Y71.949 E3.1303
;WIDTH:0.429703
G1 X80.312 Y71.949 E3.30418
;WIDTH:0.438316
G1 X80.477 Y71.938 E3.31189
;WIDTH:0.45
G1 X80.827 Y71.81 E3.32981
G1 X81.032 Y71.636 E3.34274
G1 X81.193 Y71.386 E3.35704
G1 X81.276 Y70.995 E3.37626
G1 X81.276 Y68.934 E3.47539
G1 X83.227 Y68.934 E3.56923
G1 X83.227 Y69.909 E3.61612
G1 X83.227 Y72.304 E3.73131
G1 X82.449 Y72.304 E3.76873
G1 X82.113 Y72.364 E3.78515
G1 X81.853 Y72.51 E3.79949
G1 X81.744 Y72.68 E3.8092
G1 X81.219 Y72.68 E3.83445
G1 X81.211 Y72.663 E3.83535
G1 X80.921 Y72.88 F7800
G1 F2611
G1 X80.904 Y72.841 E3.8374
G1 X80.731 Y72.732 E3.84723
G1 X80.513 Y72.689 E3.85792
G1 X68.434 Y72.689 E4.43888
G1 X68.434 Y71.573 E4.49256
G1 X71.107 Y71.573 E4.62112
G1 X71.466 Y71.448 E4.6394
G1 X71.65 Y71.195 E4.65445
G1 X72.527 Y68.823 E4.77608
G1 X75.076 Y68.823 E4.89868
G1 X75.953 Y71.195 E5.02031
G1 X76.137 Y71.448 E5.03536
G1 X76.496 Y71.573 E5.05364
G1 X80.312 Y71.573 E5.23718
G1 X80.621 Y71.484 E5.25265
G1 X80.84 Y71.229 E5.26882
G1 X80.89 Y70.995 E5.28033
G1 X80.89 Y68.548 E5.39802
G1 X83.613 Y68.548 E5.52899
G1 X83.613 Y69.909 E5.59445
G1 X83.613 Y72.689 E5.72816
G1 X82.386 Y72.693 E5.78717
G1 X82.092 Y72.813 E5.80244
G1 X81.96 Y73.066 E5.81617
G1 X81.003 Y73.066 E5.8622
G1 X80.945 Y72.935 E5.86909
G1 X80.65 Y73.139 F7800
;TYPE:External perimeter
G1 F1800
G1 X80.644 Y73.126 E5.86978
G1 X80.513 Y73.075 E5.87654
G1 X68.049 Y73.075 E6.47602
G1 X68.049 Y71.187 E6.56683
G1 X71.107 Y71.187 E6.71391
G1 X71.227 Y71.146 E6.72001
G1 X71.288 Y71.062 E6.725
G1 X72.258 Y68.437 E6.8596
G1 X75.345 Y68.437 E7.00807
G1 X76.315 Y71.062 E7.14267
G1 X76.376 Y71.146 E7.14766
G1 X76.496 Y71.187 E7.15376
G1 X80.312 Y71.187 E7.3373
G1 X80.456 Y71.123 E7.34488
G1 X80.504 Y70.995 E7.35145
G1 X80.504 Y68.162 E7.48771
G1 X83.998 Y68.162 E7.65576
G1 X83.998 Y69.909 E7.73978
G1 X83.998 Y73.075 E7.89205
G1 X82.449 Y73.075 E7.96655
G1 X82.33 Y73.116 E7.9726
G1 X82.256 Y73.268 E7.98073
G1 X82.256 Y73.451 E7.98953
G1 X80.706 Y73.451 E8.06408
G1 X80.706 Y73.268 E8.07288
G1 X80.674 Y73.194 E8.07676
G1 X80.29 Y73.081 F7800
G1 X80.949 Y72.099
;TYPE:Solid infill
G1 F2611
G1 X81.227 Y71.847 E8.09481
G1 X81.443 Y71.527 E8.11338
G1 X81.565 Y70.991 E8.13982
G1 X81.565 Y69.223 E8.22485
G1 X82.938 Y69.223 E8.29089
G1 X82.938 Y72.015 E8.42518
G1 X82.333 Y72.021 E8.45428
G1 X82.095 Y72.073 E8.466
G1 X81.714 Y72.269 E8.48661
G1 X81.574 Y72.391 E8.49554
G1 X81.371 Y72.391 E8.5053
G1 X81.323 Y72.317 E8.50954
G1 X81.116 Y72.196 E8.52107
G1 X81.869 Y71.672 F7800
;WIDTH:0.582467
G1 F2611
G1 X81.912 Y71.556 E8.52906
G1 X82.005 Y70.991 E8.56606
;WIDTH:0.557977
G1 X82.005 Y69.663 E8.64782
G1 X82.498 Y69.663 E8.67817
G1 X82.498 Y70.991 E8.75993
;WIDTH:0.582467
G1 X82.486 Y71.568 E8.79722
G1 X82.329 Y71.569 E8.80737
G1 X82.057 Y71.63 E8.82538
G1 E6.82538 F2400
G92 E0
G1 X71.861 Y72.025 F7800
G1 E2 F2400
;WIDTH:0.45
G1 F2611
G1 X72.287 Y71.417 E2.03571
G1 X72.997 Y69.498 E2.13412
G1 X74.606 Y69.498 E2.21151
G1 X75.316 Y71.417 E2.30992
G1 X75.74 Y72.014 E2.34514
G1 X72.053 Y72.024 E2.52247
G1 X72.603 Y71.637 E2.55482
G1 X72.649 Y71.551 E2.55951
G1 X73.265 Y69.884 E2.64499
G1 X74.338 Y69.884 E2.6966
G1 X74.997 Y71.631 E2.7864
G1 X72.795 Y71.637 E2.89231
G1 X73.171 Y71.25 E2.91826
G1 X73.534 Y70.269 E2.96857
G1 X74.069 Y70.269 E2.9943
G1 X74.431 Y71.247 E3.04446
G1 X73.364 Y71.25 E3.09578
G1 X73.786 Y70.75 E3.12725
;WIDTH:0.555937
G1 X73.742 Y70.794 E3.13107
G1 X73.758 Y70.853 E3.13482
G1 X73.817 Y70.869 E3.13857
G1 X73.861 Y70.826 E3.14234
G1 X73.845 Y70.766 E3.14615
;LAYER_CHANGE
;Z:6.05
;HEIGHT:0.3
G1 E1.14615 F2400
G92 E0
G1 Z6.05 F7800
G92 E0
G1 X98.824 Y120.125
G1 E2 F2400
;TYPE:Perimeter
;WIDTH:0.400033
G1 F1800
G1 X98.824 Y119.764 E2.01511
G1 X99.068 Y119.184 E2.04145
G1 X99.712 Y119.184 E2.06841
G1 X99.341 Y119.415 E2.08671
G1 X98.859 Y120.077 E2.12099
G1 X98.364 Y121.344 F7800
;WIDTH:0.479745
G1 F1800
G1 X98.463 Y120.995 E2.13978
;WIDTH:0.450651
G1 X98.463 Y119.691 E2.2026
;WIDTH:0.45
G1 X98.828 Y118.823 E2.24789
G1 X99.223 Y118.823 E2.26689
;WIDTH:0.49516
G1 X99.661 Y118.846 E2.29046
;WIDTH:0.540321
G1 X100.1 Y118.868 E2.31655
G1 X101.202 Y118.868 E2.38197
G1 X101.202 Y119.107 E2.39616
;WIDTH:0.54032
G1 X101.202 Y119.344 E2.41023
G1 X100.964 Y119.344 E2.42436
;WIDTH:0.54685
G1 X99.991 Y119.35 E2.48291
G1 X99.812 Y119.489 E2.49655
;WIDTH:0.498425
G1 X99.632 Y119.627 E2.50883
;WIDTH:0.45
G1 X99.315 Y120.063 E2.53476
;WIDTH:0.450651
G1 X98.603 Y121.04 E2.593
;WIDTH:0.479745
G1 X98.401 Y121.297 E2.60993
G1 E.60993 F2400
G92 E0
G1 X86.853 Y115.326 F7800
G1 E2 F2400
;WIDTH:0.45
G1 F1800
G1 X87.055 Y115.52 E2.01347
G1 X87.51 Y115.634 E2.03603
G1 X88.273 Y115.634 E2.07273
G1 X88.276 Y117.696 E2.17191
G1 X88.29 Y117.86 E2.17983
G1 X88.551 Y118.369 E2.20734
G1 X89.24 Y118.649 E2.24311
;WIDTH:0.429703
G1 X91.625 Y118.649 E2.35178
;WIDTH:0.471208
G1 X92.006 Y118.669 E2.37114
;WIDTH:0.512715
G1 X92.388 Y118.69 E2.39253
G1 X92.84 Y119.765 E2.45774
G1 X92.844 Y119.952 E2.4682
G1 X92.429 Y119.382 E2.50763
G1 X92.126 Y119.108 E2.53047
G1 X91.875 Y119.061 E2.54475
;WIDTH:0.471208
G1 X91.625 Y119.014 E2.55766
;WIDTH:0.429703
G1 X89.24 Y119.014 E2.66633
;WIDTH:0.45
G1 X86.353 Y119.004 E2.80519
G1 X86.353 Y115.295 E2.98358
G1 X86.425 Y115.082 E2.99439
G1 X86.659 Y115.082 E3.00564
G1 X86.68 Y115.161 E3.00957
G1 X86.809 Y115.285 E3.01818
G1 X87.116 Y115.064 F7800
G1 F1800
G1 X87.237 Y115.18 E3.02624
G1 X87.51 Y115.248 E3.03977
G1 X88.658 Y115.248 E3.09498
G1 X88.661 Y117.696 E3.21272
G1 X88.67 Y117.794 E3.21745
G1 X88.827 Y118.099 E3.23395
G1 X89.24 Y118.273 E3.2555
G1 X92.665 Y118.273 E3.42023
G1 X93.261 Y119.691 E3.49421
;WIDTH:0.450651
G1 X93.261 Y120.995 E3.55703
;WIDTH:0.479747
G1 X93.36 Y121.344 E3.57582
G1 X93.121 Y121.04 E3.59585
;WIDTH:0.450651
G1 X92.409 Y120.063 E3.65409
;WIDTH:0.45
G1 X92.092 Y119.627 E3.68002
G1 X91.916 Y119.468 E3.69143
G1 X91.625 Y119.389 E3.70593
G1 X85.968 Y119.389 E3.97801
G1 X85.968 Y115.034 E4.18747
G1 X86.06 Y114.984 E4.19251
G1 X86.145 Y114.697 E4.20691
G1 X86.939 Y114.697 E4.2451
G1 X87.012 Y114.965 E4.25846
G1 X87.072 Y115.022 E4.26244
G1 E2.26244 F2400
G92 E0
G1 X93.36 Y121.344 F7800
G1 E2 F2400
;WIDTH:0.490409
G1 F1800
G1 X93.431 Y121.432 E2.00601
G1 E.00601 F2400
G92 E0
G1 X87.379 Y114.801 F7800
G1 E2 F2400
;TYPE:External perimeter
;WIDTH:0.45
G1 F1800
G1 X87.419 Y114.84 E2.00269
G1 X87.51 Y114.862 E2.00719
G1 X89.043 Y114.862 E2.08092
G1 X89.047 Y117.695 E2.21718
G1 X89.102 Y117.83 E2.22419
G1 X89.24 Y117.887 E2.23137
G1 X92.921 Y117.887 E2.40841
G1 X93.647 Y119.613 E2.49847
G1 X93.647 Y120.995 E2.56494
G1 X93.684 Y121.108 E2.57066
;WIDTH:0.494063
G1 X93.736 Y121.157 E2.57449
;WIDTH:0.538127
G1 X93.788 Y121.205 E2.57867
;WIDTH:0.582191
G1 X93.84 Y121.254 E2.58328
G1 X97.884 Y121.254 E2.84446
G1 X97.929 Y121.215 E2.84831
;WIDTH:0.54077
G1 X97.974 Y121.177 E2.85181
;WIDTH:0.499349
G1 X98.019 Y121.138 E2.85504
;WIDTH:0.457928
G1 X98.077 Y120.995 E2.86261
;WIDTH:0.45
G1 X98.077 Y119.613 E2.92908
G1 X98.572 Y118.437 E2.99045
G1 X101.634 Y118.437 E3.13772
G1 X101.633 Y119.107 E3.16994
G1 X101.632 Y119.775 E3.20207
G1 X100.1 Y119.775 E3.27575
G1 X99.944 Y119.854 E3.28416
G1 X98.915 Y121.267 E3.36823
;WIDTH:0.457928
G1 X98.498 Y121.834 E3.40278
;WIDTH:0.499349
G1 X98.294 Y121.813 E3.41391
;WIDTH:0.54077
G1 X98.089 Y121.792 E3.42615
;WIDTH:0.582191
G1 X97.884 Y121.771 E3.43946
G1 X93.84 Y121.771 E3.70064
G1 X93.635 Y121.793 E3.71396
;WIDTH:0.538127
G1 X93.429 Y121.815 E3.7262
;WIDTH:0.494063
G1 X93.224 Y121.837 E3.73725
;WIDTH:0.45
G1 X91.78 Y119.854 E3.85523
G1 X91.625 Y119.775 E3.8636
G1 X85.582 Y119.775 E4.15425
G1 X85.582 Y114.858 E4.39074
G1 X85.736 Y114.774 E4.39918
G1 X85.767 Y114.311 E4.4215
G1 X87.317 Y114.311 E4.49605
G1 X87.343 Y114.756 E4.51749
G1 X87.731 Y114.855 F7800
G1 X86.643 Y115.525
;TYPE:Solid infill
G1 F2738
G1 X86.882 Y115.746 E4.53315
G1 X87.405 Y115.917 E4.55961
G1 X87.984 Y115.922 E4.58746
G1 X87.986 Y117.692 E4.67259
G1 X88.023 Y117.954 E4.68532
G1 X88.311 Y118.516 E4.71569
G1 X88.617 Y118.706 E4.73301
G1 X86.643 Y118.715 E4.82795
G1 X86.643 Y115.718 E4.9721
G1 X87.075 Y116.276 E5.00604
;WIDTH:0.542676
G1 X87.224 Y116.322 E5.01534
G1 X87.553 Y116.35 E5.03504
G1 X87.553 Y116.502 E5.04411
;WIDTH:0.543483
G1 X87.554 Y117.693 E5.11528
;WIDTH:0.552754
G1 X87.567 Y117.921 E5.12919
;WIDTH:0.558541
G1 X87.693 Y118.275 E5.15235
G1 X87.083 Y118.275 E5.18995
G1 X87.075 Y117.693 E5.22582
;WIDTH:0.543483
G1 X87.075 Y116.583 E5.29215
;WIDTH:0.542676
G1 X87.075 Y116.469 E5.29895
G1 E3.29895 F2400
G92 E0
G1 X98.824 Y97.875 F7800
G1 E2 F2400
;TYPE:Perimeter
;WIDTH:0.40003
G1 F1800
G1 X99.341 Y98.585 E2.03677
G1 X99.795 Y98.816 E2.0581
G1 X99.068 Y98.816 E2.08854
G1 X98.832 Y98.257 E2.11394
G1 X98.825 Y97.935 E2.12742
G1 X98.421 Y96.742 F7800
;WIDTH:0.488765
G1 F1800
G1 X98.599 Y96.963 E2.14244
;WIDTH:0.460774
G1 X99.315 Y97.937 E2.20221
;WIDTH:0.45
G1 X99.632 Y98.373 E2.22814
;WIDTH:0.495161
G1 X99.866 Y98.514 E2.24282
;WIDTH:0.540322
G1 X100.1 Y98.656 E2.25907
G1 X101.202 Y98.656 E2.32449
G1 X101.202 Y98.893 E2.33856
;WIDTH:0.540321
G1 X101.202 Y99.132 E2.35275
G1 X100.1 Y99.132 E2.41817
G1 X99.464 Y99.154 E2.45595
;WIDTH:0.495161
G1 X98.828 Y99.177 E2.49014
;WIDTH:0.45
G1 X98.5 Y98.397 E2.53084
G1 X98.463 Y98.214 E2.53982
;WIDTH:0.460774
G1 X98.468 Y97.005 E2.59959
;WIDTH:0.488765
G1 X98.432 Y96.801 E2.61055
G1 X98.294 Y96.568 F7800
;WIDTH:0.490433
G1 F1800
G1 X98.421 Y96.742 E2.622
G1 E.622 F2400
G92 E0
G1 X86.848 Y102.645 F7800
G1 E2 F2400
;WIDTH:0.45
G1 F1800
G1 X86.816 Y102.66 E2.0017
G1 X86.783 Y102.743 E2.006
G1 X86.353 Y102.743 E2.02668
G1 X86.353 Y98.996 E2.2069
G1 X89.24 Y98.986 E2.34576
;WIDTH:0.429704
G1 X91.625 Y98.986 E2.45443
;WIDTH:0.471209
G1 X91.875 Y98.939 E2.46734
;WIDTH:0.512716
G1 X92.126 Y98.892 E2.48162
G1 X92.429 Y98.618 E2.50446
G1 X92.844 Y98.048 E2.54389
G1 X92.844 Y98.225 E2.55379
G1 X92.388 Y99.31 E2.6196
G1 X91.932 Y99.331 E2.64513
;WIDTH:0.471209
G1 X91.625 Y99.351 E2.66074
;WIDTH:0.429704
G1 X89.24 Y99.351 E2.76941
;WIDTH:0.438316
G1 X89.074 Y99.362 E2.77717
;WIDTH:0.45
G1 X88.551 Y99.631 E2.80546
G1 X88.29 Y100.14 E2.83297
G1 X88.276 Y100.304 E2.84089
G1 X88.273 Y102.366 E2.94007
G1 X87.412 Y102.371 E2.98148
G1 X86.902 Y102.619 E3.00876
G1 X87.119 Y102.918 F7800
G1 F1800
G1 X87.094 Y102.928 E3.01006
G1 X87.013 Y103.128 E3.02044
G1 X86.085 Y103.128 E3.06507
G1 X86.038 Y102.985 E3.07231
G1 X85.968 Y102.95 E3.07607
G1 X85.968 Y98.611 E3.28476
G1 X91.625 Y98.611 E3.55684
G1 X91.916 Y98.532 E3.57134
G1 X92.092 Y98.373 E3.58275
G1 X92.409 Y97.937 E3.60868
;WIDTH:0.460766
G1 X93.125 Y96.963 E3.66845
;WIDTH:0.488739
G1 X93.303 Y96.742 E3.68347
G1 X93.256 Y97.005 E3.69761
;WIDTH:0.460766
G1 X93.261 Y98.214 E3.75738
;WIDTH:0.45
G1 X93.261 Y98.309 E3.76195
G1 X92.665 Y99.727 E3.83593
G1 X89.24 Y99.727 E4.00066
G1 X89.14 Y99.736 E4.00549
G1 X88.827 Y99.901 E4.02251
G1 X88.67 Y100.206 E4.03901
G1 X88.661 Y100.304 E4.04374
G1 X88.658 Y102.752 E4.16148
G1 X87.51 Y102.752 E4.21669
G1 X87.174 Y102.894 E4.23423
G1 E2.23423 F2400
G92 E0
G1 X93.303 Y96.742 F7800
G1 E2 F2400
;WIDTH:0.488739
G1 F1800
G1 X93.421 Y96.58 E2.01061
G1 E.01061 F2400
G92 E0
G1 X87.38 Y103.192 F7800
G1 E2 F2400
;TYPE:External perimeter
;WIDTH:0.45
G1 F1800
G1 X87.371 Y103.196 E2.00047
G1 X87.317 Y103.33 E2.00742
G1 X87.317 Y103.514 E2.01627
G1 X85.767 Y103.514 E2.09082
G1 X85.729 Y103.215 E2.10532
G1 X85.582 Y103.142 E2.11321
G1 X85.582 Y98.225 E2.3497
G1 X91.625 Y98.225 E2.64035
G1 X91.78 Y98.146 E2.64872
G1 X92.809 Y96.733 E2.73279
;WIDTH:0.457925
G1 X93.226 Y96.166 E2.76734
;WIDTH:0.499347
G1 X93.431 Y96.187 E2.77852
;WIDTH:0.540769
G1 X93.635 Y96.208 E2.79071
;WIDTH:0.582192
G1 X93.84 Y96.229 E2.80402
G1 X97.884 Y96.229 E3.0652
G1 X98.09 Y96.207 E3.07858
;WIDTH:0.538128
G1 X98.295 Y96.185 E3.09076
;WIDTH:0.494064
G1 X98.5 Y96.162 E3.10182
;WIDTH:0.45
G1 X99.918 Y98.11 E3.21771
G1 X100.1 Y98.225 E3.22806
G1 X101.632 Y98.225 E3.30174
G1 X101.633 Y98.893 E3.33387
G1 X101.634 Y99.562 E3.36605
G1 X98.572 Y99.562 E3.51332
G1 X98.077 Y98.387 E3.57464
G1 X98.077 Y97.005 E3.64111
G1 X98.058 Y96.92 E3.6453
;WIDTH:0.494064
G1 X98 Y96.862 E3.6497
;WIDTH:0.538128
G1 X97.942 Y96.804 E3.65455
;WIDTH:0.582192
G1 X97.884 Y96.746 E3.65985
G1 X93.84 Y96.746 E3.92103
G1 X93.795 Y96.785 E3.92488
;WIDTH:0.540769
G1 X93.75 Y96.823 E3.92838
;WIDTH:0.499347
G1 X93.705 Y96.862 E3.93161
;WIDTH:0.457925
G1 X93.647 Y97.005 E3.93918
;WIDTH:0.45
G1 X93.647 Y98.387 E4.00565
G1 X92.921 Y100.112 E4.09567
G1 X89.24 Y100.112 E4.27271
G1 X89.102 Y100.17 E4.27991
G1 X89.047 Y100.305 E4.28692
G1 X89.043 Y103.137 E4.42313
G1 X87.51 Y103.137 E4.49686
G1 X87.435 Y103.169 E4.50078
G1 X87.25 Y103.523 F7800
G1 E2.50078 F2400
G92 E0
G1 X86.643 Y99.285 F7800
G1 E2 F2400
;TYPE:Solid infill
G1 F2738
G1 X88.553 Y99.276 E2.09187
G1 X88.313 Y99.48 E2.10702
G1 X88.023 Y100.046 E2.13761
G1 X87.986 Y100.308 E2.15034
G1 X87.984 Y102.078 E2.23547
G1 X87.413 Y102.083 E2.26293
G1 X87.33 Y102.102 E2.26703
G1 X86.643 Y102.436 E2.30377
G1 X86.643 Y99.478 E2.44604
G1 X87.503 Y99.721 F7800
;WIDTH:0.558854
G1 F2738
G1 X87.083 Y99.723 E2.47194
G1 X87.076 Y100.233 E2.5034
;WIDTH:0.545127
G1 X87.075 Y100.307 E2.50784
;WIDTH:0.543484
G1 X87.075 Y101.418 E2.57423
;WIDTH:0.542676
G1 X87.075 Y101.746 E2.5938
G1 X87.409 Y101.651 E2.61452
G1 X87.553 Y101.65 E2.62311
G1 X87.553 Y101.418 E2.63695
;WIDTH:0.543484
G1 X87.554 Y100.307 E2.70334
;WIDTH:0.558854
G1 X87.573 Y100.015 E2.72139
G1 X87.695 Y99.72 E2.74108
G1 E.74108 F2400
G92 E0
G92 E0
G1 X81.187 Y85.286 F7800
G1 E2 F2400
;TYPE:Perimeter
;WIDTH:0.45
G1 F1800
G1 X81.22 Y85.263 E2.00193
G1 X81.364 Y85.02 E2.01552
G1 X81.598 Y85.02 E2.02677
G1 X81.742 Y85.263 E2.04036
G1 X82.111 Y85.51 E2.06172
G1 X82.449 Y85.571 E2.07824
G1 X83.211 Y85.571 E2.11489
G1 X83.211 Y86.333 E2.15154
G1 X83.211 Y88.941 E2.27698
G1 X81.292 Y88.941 E2.36928
G1 X81.292 Y86.88 E2.46841
G1 X81.205 Y86.48 E2.4881
G1 X81.045 Y86.235 E2.50217
G1 X80.833 Y86.059 E2.51542
G1 X80.489 Y85.936 E2.53299
;WIDTH:0.437823
G1 X80.328 Y85.926 E2.5405
;WIDTH:0.429703
G1 X76.521 Y85.926 E2.71397
;WIDTH:0.438315
G1 X76.355 Y85.937 E2.72173
;WIDTH:0.45
G1 X75.92 Y86.127 E2.74456
G1 X75.615 Y86.55 E2.76964
G1 X74.844 Y88.666 E2.87796
G1 X72.759 Y88.666 E2.97824
G1 X71.988 Y86.55 E3.08656
G1 X71.683 Y86.127 E3.11164
G1 X71.082 Y85.926 E3.14212
;WIDTH:0.429703
G1 X68.795 Y85.926 E3.24633
G1 X68.795 Y85.561 E3.26296
G1 X71.082 Y85.561 E3.36717
;WIDTH:0.45
G1 X76.521 Y85.561 E3.62877
;WIDTH:0.429703
G1 X80.328 Y85.561 E3.80224
;WIDTH:0.437246
G1 X80.513 Y85.565 E3.81085
;WIDTH:0.45
G1 X80.878 Y85.5 E3.82868
G1 X81.137 Y85.32 E3.84385
G1 X80.918 Y85.009 F7800
G1 F2738
G1 X81.011 Y84.902 E3.85067
G1 X81.084 Y84.634 E3.86403
G1 X81.878 Y84.634 E3.90222
G1 X81.951 Y84.902 E3.91558
G1 X82.025 Y85.001 E3.92152
G1 X82.246 Y85.149 E3.93431
G1 X82.449 Y85.186 E3.94423
G1 X83.596 Y85.186 E3.9994
G1 X83.596 Y86.333 E4.05457
G1 X83.596 Y89.327 E4.19857
G1 X80.907 Y89.327 E4.3279
G1 X80.897 Y86.777 E4.45055
G1 X80.758 Y86.493 E4.46576
G1 X80.631 Y86.387 E4.47372
G1 X80.328 Y86.302 E4.48886
G1 X76.521 Y86.302 E4.67196
G1 X76.16 Y86.428 E4.69035
G1 X75.977 Y86.682 E4.70541
G1 X75.114 Y89.052 E4.82672
G1 X72.489 Y89.052 E4.95297
G1 X71.626 Y86.682 E5.07428
G1 X71.443 Y86.428 E5.08934
G1 X71.082 Y86.302 E5.10773
G1 X68.419 Y86.302 E5.23581
G1 X68.419 Y85.186 E5.28949
G1 X80.328 Y85.186 E5.86227
G1 X80.732 Y85.143 E5.88181
G1 X80.872 Y85.061 E5.88961
G1 X80.878 Y85.054 E5.89005
G1 X80.642 Y84.738 F7800
;TYPE:External perimeter
G1 F1800
G1 X80.679 Y84.706 E5.8924
G1 X80.706 Y84.249 E5.91442
G1 X82.256 Y84.249 E5.98897
G1 X82.256 Y84.607 E6.00619
G1 X82.308 Y84.738 E6.01297
G1 X82.449 Y84.8 E6.02038
G1 X83.982 Y84.8 E6.09411
G1 X83.982 Y86.333 E6.16784
G1 X83.982 Y89.712 E6.33036
G1 X80.521 Y89.712 E6.49682
G1 X80.521 Y86.88 E6.63303
G1 X80.471 Y86.751 E6.63968
G1 X80.328 Y86.687 E6.64722
G1 X76.521 Y86.687 E6.83032
G1 X76.4 Y86.73 E6.8365
G1 X76.339 Y86.814 E6.84149
G1 X75.383 Y89.438 E6.97581
G1 X72.219 Y89.438 E7.12799
G1 X71.263 Y86.814 E7.26231
G1 X71.203 Y86.73 E7.26727
G1 X71.082 Y86.687 E7.27345
G1 X68.034 Y86.687 E7.42005
G1 X68.034 Y84.8 E7.51081
G1 X80.328 Y84.8 E8.10211
G1 X80.586 Y84.786 E8.11454
G1 X80.596 Y84.777 E8.11519
G1 X80.692 Y84.389 F7800
G1 X81.491 Y85.382
;TYPE:Solid infill
G1 F2738
G1 X81.647 Y85.565 E8.12676
G1 X81.984 Y85.768 E8.14568
G1 X82.332 Y85.854 E8.16292
G1 X82.921 Y85.859 E8.19125
G1 X82.921 Y88.652 E8.32558
G1 X81.581 Y88.652 E8.39003
G1 X81.581 Y86.885 E8.47502
G1 X81.481 Y86.401 E8.49879
G1 X81.277 Y86.066 E8.51765
G1 X80.964 Y85.804 E8.53728
G1 X81.346 Y85.509 E8.56049
G1 X81.876 Y86.199 F7800
;WIDTH:0.568223
G1 F2738
G1 X82.186 Y86.281 E8.58064
G1 X82.477 Y86.3 E8.59897
G1 X82.49 Y86.885 E8.63574
;WIDTH:0.541592
G1 X82.49 Y88.221 E8.71526
G1 X82.013 Y88.221 E8.74365
G1 X82.013 Y86.885 E8.82317
;WIDTH:0.55148
G1 X82.004 Y86.751 E8.83133
;WIDTH:0.562531
G1 X81.92 Y86.387 E8.85454
G1 E6.85454 F2400
G92 E0
G1 X71.839 Y85.861 F7800
G1 E2 F2400
;WIDTH:0.45
G1 F2738
G1 X75.769 Y85.85 E2.18902
G1 X75.339 Y86.464 E2.22507
G1 X74.641 Y88.377 E2.32301
G1 X72.962 Y88.377 E2.40376
G1 X72.264 Y86.464 E2.5017
G1 X71.952 Y86.017 E2.52792
G1 X72.58 Y86.244 E2.56004
G1 X75.026 Y86.238 E2.67768
G1 X74.976 Y86.332 E2.6828
G1 X74.371 Y87.991 E2.76773
G1 X73.232 Y87.991 E2.82251
G1 X72.659 Y86.42 E2.90294
G1 X73.145 Y86.628 E2.92837
G1 X74.459 Y86.625 E2.99157
G1 X74.101 Y87.606 E3.0418
G1 X73.501 Y87.606 E3.07066
G1 X73.211 Y86.81 E3.11141
G1 X73.866 Y87.069 E3.14529
;WIDTH:0.598271
G1 X73.819 Y87.022 E3.14972
G1 X73.754 Y87.039 E3.15419
G1 X73.737 Y87.104 E3.15866
G1 X73.784 Y87.151 E3.16309
G1 X73.849 Y87.134 E3.16756
G1 E1.16756 F2400
G92 E0
G1 X81.187 Y72.608 F7800
G1 E2 F2400
;TYPE:Perimeter
;WIDTH:0.45
G1 F1800
G1 X81.165 Y72.557 E2.00267
G1 X80.878 Y72.375 E2.01902
G1 X80.328 Y72.314 E2.04564
;WIDTH:0.429703
G1 X76.521 Y72.314 E2.21911
;WIDTH:0.45
G1 X71.082 Y72.314 E2.48071
;WIDTH:0.429704
G1 X68.795 Y72.314 E2.58492
G1 X68.795 Y71.949 E2.60155
G1 X71.082 Y71.949 E2.70576
;WIDTH:0.438316
G1 X71.248 Y71.938 E2.71352
;WIDTH:0.45
G1 X71.683 Y71.748 E2.73635
G1 X71.988 Y71.325 E2.76143
G1 X72.759 Y69.209 E2.86975
G1 X74.844 Y69.209 E2.97003
G1 X75.615 Y71.325 E3.07835
G1 X75.92 Y71.748 E3.10343
G1 X76.521 Y71.949 E3.13391
;WIDTH:0.429703
G1 X80.328 Y71.949 E3.30738
;WIDTH:0.437246
G1 X80.483 Y71.94 E3.3146
;WIDTH:0.45
G1 X80.833 Y71.816 E3.33246
G1 X81.041 Y71.644 E3.34544
G1 X81.205 Y71.395 E3.35978
G1 X81.292 Y70.995 E3.37947
G1 X81.292 Y68.934 E3.4786
G1 X83.211 Y68.934 E3.5709
G1 X83.211 Y69.893 E3.61702
G1 X83.211 Y72.304 E3.73298
G1 X82.449 Y72.304 E3.76963
G1 X82.111 Y72.365 E3.78615
G1 X81.851 Y72.512 E3.80052
G1 X81.744 Y72.68 E3.8101
G1 X81.219 Y72.68 E3.83535
G1 X81.211 Y72.663 E3.83625
G1 X80.921 Y72.88 F7800
G1 F2738
G1 X80.904 Y72.841 E3.8383
G1 X80.732 Y72.732 E3.84809
G1 X80.513 Y72.689 E3.85882
G1 X68.419 Y72.689 E4.4405
G1 X68.419 Y71.573 E4.49418
G1 X71.082 Y71.573 E4.62226
G1 X71.443 Y71.447 E4.64065
G1 X71.626 Y71.193 E4.65571
G1 X72.489 Y68.823 E4.77702
G1 X75.114 Y68.823 E4.90327
G1 X75.977 Y71.193 E5.02458
G1 X76.16 Y71.447 E5.03964
G1 X76.521 Y71.573 E5.05803
G1 X80.328 Y71.573 E5.24113
G1 X80.631 Y71.488 E5.25627
G1 X80.756 Y71.384 E5.26409
G1 X80.854 Y71.235 E5.27267
G1 X80.907 Y70.995 E5.28449
G1 X80.907 Y68.548 E5.40218
G1 X83.596 Y68.548 E5.53151
G1 X83.596 Y69.893 E5.5962
G1 X83.596 Y72.689 E5.73068
G1 X82.385 Y72.693 E5.78893
G1 X82.09 Y72.814 E5.80427
G1 X81.96 Y73.066 E5.81791
G1 X81.003 Y73.066 E5.86394
G1 X80.945 Y72.935 E5.87083
G1 X80.65 Y73.139 F7800
;TYPE:External perimeter
G1 F1800
G1 X80.644 Y73.126 E5.87152
G1 X80.513 Y73.075 E5.87828
G1 X68.034 Y73.075 E6.47848
G1 X68.034 Y71.187 E6.56929
G1 X71.082 Y71.187 E6.71589
G1 X71.203 Y71.145 E6.72205
G1 X71.263 Y71.061 E6.72701
G1 X72.219 Y68.437 E6.86133
G1 X75.383 Y68.437 E7.01351
G1 X76.339 Y71.061 E7.14783
G1 X76.4 Y71.145 E7.15282
G1 X76.521 Y71.187 E7.15898
G1 X80.328 Y71.187 E7.34208
G1 X80.471 Y71.125 E7.34958
G1 X80.521 Y70.995 E7.35628
G1 X80.521 Y68.162 E7.49254
G1 X83.982 Y68.162 E7.659
G1 X83.982 Y69.893 E7.74226
G1 X83.982 Y73.075 E7.8953
G1 X82.449 Y73.075 E7.96903
G1 X82.329 Y73.117 E7.97514
G1 X82.256 Y73.268 E7.98321
G1 X82.256 Y73.451 E7.99201
G1 X80.706 Y73.451 E8.06656
G1 X80.706 Y73.268 E8.07536
G1 X80.674 Y73.194 E8.07924
G1 X80.29 Y73.081 F7800
G1 E6.07924 F2400
G92 E0
G1 X81.581 Y69.223 F7800
G1 E2 F2400
;TYPE:Solid infill
G1 F2738
G1 X82.921 Y69.223 E2.06445
G1 X82.921 Y72.016 E2.19878
G1 X82.332 Y72.021 E2.22711
G1 X82.094 Y72.073 E2.23883
G1 X81.709 Y72.272 E2.25967
G1 X81.574 Y72.391 E2.26833
G1 X81.372 Y72.391 E2.27805
G1 X81.325 Y72.318 E2.28223
G1 X80.967 Y72.103 E2.30232
G1 X81.234 Y71.857 E2.31978
G1 X81.477 Y71.491 E2.34091
G1 X81.581 Y70.99 E2.36552
G1 X81.581 Y69.416 E2.44122
G1 X82.013 Y69.654 E2.46494
;WIDTH:0.541591
G1 X82.49 Y69.654 E2.49333
G1 X82.49 Y70.99 E2.57285
;WIDTH:0.56822
G1 X82.477 Y71.575 E2.60962
G1 X82.327 Y71.577 E2.61905
G1 X81.876 Y71.676 E2.64807
G1 X81.916 Y71.568 E2.65531
G1 X82.013 Y70.99 E2.69214
;WIDTH:0.541592
G1 X82.013 Y69.847 E2.76017
G1 E.76017 F2400
G92 E0
G1 X74.448 Y69.498 F7800
G1 E2 F2400
;WIDTH:0.45
G1 F2738
G1 X72.962 Y69.498 E2.07147
G1 X72.264 Y71.411 E2.16941
G1 X71.833 Y72.025 E2.20549
G1 X75.764 Y72.014 E2.39456
G1 X75.339 Y71.411 E2.43004
G1 X74.641 Y69.498 E2.52798
G1 X74.371 Y69.884 E2.55064
G1 X74.976 Y71.543 E2.63557
G1 X75.023 Y71.631 E2.64037
G1 X72.577 Y71.637 E2.75801
G1 X72.627 Y71.543 E2.76313
G1 X73.232 Y69.884 E2.84806
G1 X74.179 Y69.884 E2.89361
G1 X73.501 Y70.269 F7800
G1 F2738
G1 X74.101 Y70.269 E2.92247
G1 X74.458 Y71.247 E2.97254
G1 X73.144 Y71.25 E3.03574
G1 X73.435 Y70.45 E3.07668
G1 X73.866 Y70.771 E3.10253
;WIDTH:0.598269
G1 X73.819 Y70.724 E3.10696
G1 X73.754 Y70.741 E3.11143
G1 X73.737 Y70.806 E3.1159
G1 X73.784 Y70.853 E3.12033
G1 X73.849 Y70.836 E3.1248
;LAYER_CHANGE
;Z:6.35
;HEIGHT:0.3
G1 E1.1248 F2400
G92 E0
G1 Z6.35 F7800
G92 E0
G1 X98.814 Y120.128
G1 E2 F2400
;TYPE:Perimeter
;WIDTH:0.400673
G1 F1800
G1 X98.814 Y119.765 E2.01523
G1 X99.06 Y119.184 E2.04169
G1 X99.704 Y119.184 E2.0687
G1 X99.334 Y119.415 E2.087
G1 X98.849 Y120.079 E2.12149
G1 X98.355 Y121.345 F7800
;WIDTH:0.481203
G1 F1800
G1 X98.453 Y120.995 E2.14039
;WIDTH:0.450621
G1 X98.453 Y119.692 E2.20316
;WIDTH:0.45
G1 X98.82 Y118.823 E2.24853
G1 X99.216 Y118.823 E2.26758
;WIDTH:0.49516
G1 X99.655 Y118.846 E2.2912
;WIDTH:0.540321
G1 X100.093 Y118.868 E2.31723
G1 X101.195 Y118.868 E2.38265
G1 X101.195 Y119.106 E2.39678
G1 X101.195 Y119.344 E2.41091
G1 X100.957 Y119.344 E2.42504
;WIDTH:0.54685
G1 X99.985 Y119.35 E2.48353
G1 X99.805 Y119.489 E2.49722
;WIDTH:0.498425
G1 X99.625 Y119.627 E2.5095
;WIDTH:0.45
G1 X99.306 Y120.065 E2.53556
;WIDTH:0.450621
G1 X98.595 Y121.041 E2.59373
;WIDTH:0.481203
G1 X98.392 Y121.297 E2.61072
G1 E.61072 F2400
G92 E0
G1 X86.853 Y115.326 F7800
G1 E2 F2400
;WIDTH:0.45
G1 F1800
G1 X87.057 Y115.521 E2.01357
G1 X87.51 Y115.634 E2.03603
G1 X88.276 Y115.634 E2.07287
G1 X88.276 Y117.694 E2.17195
G1 X88.29 Y117.859 E2.17991
G1 X88.55 Y118.368 E2.2074
G1 X89.24 Y118.649 E2.24323
;WIDTH:0.429703
G1 X91.631 Y118.649 E2.35218
;WIDTH:0.47145
G1 X92.014 Y118.669 E2.37165
;WIDTH:0.513199
G1 X92.396 Y118.69 E2.39307
G1 X92.85 Y119.765 E2.45839
G1 X92.854 Y119.955 E2.46903
G1 X92.436 Y119.381 E2.50878
G1 X92.134 Y119.108 E2.53157
G1 X91.883 Y119.061 E2.54586
;WIDTH:0.47145
G1 X91.631 Y119.014 E2.55888
;WIDTH:0.429703
G1 X89.24 Y119.014 E2.66783
;WIDTH:0.45
G1 X86.347 Y119.004 E2.80697
G1 X86.347 Y115.217 E2.98911
G1 X86.379 Y115.2 E2.99085
G1 X86.425 Y115.082 E2.99694
G1 X86.659 Y115.082 E3.00819
G1 X86.68 Y115.161 E3.01212
G1 X86.81 Y115.285 E3.02076
G1 X87.116 Y115.064 F7800
G1 F1800
G1 X87.238 Y115.18 E3.02886
G1 X87.51 Y115.248 E3.04234
G1 X88.662 Y115.248 E3.09775
G1 X88.661 Y117.694 E3.21539
G1 X88.67 Y117.793 E3.22017
G1 X88.826 Y118.099 E3.23669
G1 X89.24 Y118.273 E3.25829
G1 X92.673 Y118.273 E3.42341
G1 X93.271 Y119.691 E3.49743
;WIDTH:0.450621
G1 X93.271 Y120.995 E3.56025
;WIDTH:0.481207
G1 X93.37 Y121.345 E3.57916
G1 X93.129 Y121.041 E3.59933
;WIDTH:0.450621
G1 X92.418 Y120.065 E3.6575
;WIDTH:0.45
G1 X92.099 Y119.627 E3.68356
G1 X91.923 Y119.469 E3.69494
G1 X91.631 Y119.389 E3.7095
G1 X85.961 Y119.389 E3.98221
G1 X85.961 Y115.039 E4.19143
G1 X86.057 Y114.988 E4.19666
G1 X86.145 Y114.697 E4.21128
G1 X86.939 Y114.697 E4.24947
G1 X87.012 Y114.965 E4.26283
G1 X87.072 Y115.022 E4.26681
G1 E2.26681 F2400
G92 E0
G1 X93.37 Y121.345 F7800
G1 E2 F2400
;WIDTH:0.491557
G1 F1800
G1 X93.439 Y121.431 E2.00587
G1 E.00587 F2400
G92 E0
G1 X87.379 Y114.801 F7800
G1 E2 F2400
;TYPE:External perimeter
;WIDTH:0.45
G1 F1800
G1 X87.419 Y114.84 E2.00269
G1 X87.51 Y114.862 E2.00719
G1 X89.048 Y114.862 E2.08116
G1 X89.047 Y117.695 E2.21742
G1 X89.102 Y117.829 E2.22439
G1 X89.24 Y117.887 E2.23159
G1 X92.929 Y117.887 E2.40902
G1 X93.657 Y119.613 E2.49912
G1 X93.657 Y120.995 E2.56559
G1 X93.694 Y121.108 E2.57131
;WIDTH:0.494063
G1 X93.746 Y121.157 E2.57514
;WIDTH:0.538127
G1 X93.798 Y121.205 E2.57932
;WIDTH:0.582191
G1 X93.85 Y121.254 E2.58393
G1 X97.875 Y121.254 E2.84388
G1 X97.919 Y121.215 E2.84768
;WIDTH:0.540482
G1 X97.964 Y121.176 E2.85122
;WIDTH:0.498773
G1 X98.009 Y121.138 E2.85441
;WIDTH:0.457065
G1 X98.067 Y120.995 E2.86197
;WIDTH:0.45
G1 X98.067 Y119.613 E2.92844
G1 X98.565 Y118.437 E2.98986
G1 X101.626 Y118.437 E3.13708
G1 X101.626 Y119.106 E3.16926
G1 X101.626 Y119.775 E3.20144
G1 X100.093 Y119.775 E3.27517
G1 X99.937 Y119.854 E3.28358
G1 X98.907 Y121.268 E3.36772
;WIDTH:0.457065
G1 X98.49 Y121.834 E3.40215
;WIDTH:0.498773
G1 X98.285 Y121.813 E3.41331
;WIDTH:0.540482
G1 X98.08 Y121.792 E3.42555
;WIDTH:0.582191
G1 X97.875 Y121.771 E3.43886
G1 X93.85 Y121.771 E3.69881
G1 X93.644 Y121.793 E3.71219
;WIDTH:0.538127
G1 X93.438 Y121.815 E3.72443
;WIDTH:0.494063
G1 X93.232 Y121.837 E3.73553
;WIDTH:0.45
G1 X91.787 Y119.854 E3.85354
G1 X91.631 Y119.775 E3.86195
G1 X85.576 Y119.775 E4.15317
G1 X85.576 Y114.862 E4.38947
G1 X85.74 Y114.768 E4.39856
G1 X85.767 Y114.311 E4.42058
G1 X87.317 Y114.311 E4.49513
G1 X87.343 Y114.756 E4.51657
G1 X87.731 Y114.855 F7800
G1 X86.638 Y115.717
;TYPE:Solid infill
G1 F2680
G1 X86.636 Y118.715 E4.66076
G1 X88.619 Y118.706 E4.75614
G1 X88.31 Y118.515 E4.77361
G1 X88.022 Y117.952 E4.80403
G1 X87.986 Y117.691 E4.8167
G1 X87.987 Y115.922 E4.90178
G1 X87.404 Y115.917 E4.92982
G1 X86.886 Y115.748 E4.95603
G1 X86.638 Y115.524 E4.9721
G1 E2.9721 F2400
G92 E0
G1 X87.071 Y117.69 F7800
G1 E2 F2400
;WIDTH:0.546374
G1 F2680
G1 X87.071 Y116.277 E2.08495
;WIDTH:0.546238
G1 X87.223 Y116.323 E2.09449
G1 X87.553 Y116.352 E2.1144
;WIDTH:0.546374
G1 X87.553 Y117.69 E2.19484
;WIDTH:0.5555
G1 X87.565 Y117.918 E2.20883
;WIDTH:0.561268
G1 X87.691 Y118.273 E2.23218
G1 X87.078 Y118.273 E2.27017
G1 X87.073 Y117.883 E2.29434
G1 E.29434 F2400
G92 E0
G1 X98.814 Y97.872 F7800
G1 E2 F2400
;TYPE:Perimeter
;WIDTH:0.400668
G1 F1800
G1 X99.334 Y98.585 E2.03701
G1 X99.787 Y98.816 E2.05834
G1 X99.06 Y98.816 E2.08883
G1 X98.823 Y98.256 E2.11434
G1 X98.815 Y97.932 E2.12793
G1 X98.412 Y96.742 F7800
;WIDTH:0.490225
G1 F1800
G1 X98.591 Y96.962 E2.14299
;WIDTH:0.461112
G1 X99.306 Y97.935 E2.20274
;WIDTH:0.45
G1 X99.625 Y98.373 E2.2288
;WIDTH:0.495161
G1 X99.859 Y98.514 E2.24348
;WIDTH:0.540322
G1 X100.093 Y98.656 E2.25973
G1 X101.195 Y98.656 E2.32515
G1 X101.195 Y98.894 E2.33928
G1 X101.195 Y99.132 E2.35341
G1 X100.093 Y99.132 E2.41883
G1 X99.457 Y99.154 E2.45661
;WIDTH:0.495161
G1 X98.82 Y99.177 E2.49086
;WIDTH:0.45
G1 X98.49 Y98.397 E2.53159
G1 X98.453 Y98.213 E2.54062
;WIDTH:0.461112
G1 X98.459 Y97.005 E2.6004
;WIDTH:0.490225
G1 X98.422 Y96.801 E2.61141
G1 X98.285 Y96.569 F7800
;WIDTH:0.491577
G1 F1800
G1 X98.412 Y96.742 E2.62284
G1 E.62284 F2400
G92 E0
G1 X86.848 Y102.644 F7800
G1 E2 F2400
;WIDTH:0.45
G1 F1800
G1 X86.817 Y102.659 E2.00166
G1 X86.784 Y102.743 E2.006
G1 X86.347 Y102.743 E2.02702
G1 X86.347 Y98.996 E2.20724
G1 X89.24 Y98.986 E2.34638
;WIDTH:0.429704
G1 X91.631 Y98.986 E2.45533
;WIDTH:0.471452
G1 X91.883 Y98.939 E2.46835
;WIDTH:0.513201
G1 X92.134 Y98.892 E2.48265
G1 X92.436 Y98.619 E2.50544
G1 X92.854 Y98.045 E2.54519
G1 X92.854 Y98.224 E2.55521
G1 X92.396 Y99.31 E2.62119
G1 X91.939 Y99.331 E2.6468
;WIDTH:0.471452
G1 X91.631 Y99.351 E2.66247
;WIDTH:0.429704
G1 X89.24 Y99.351 E2.77142
;WIDTH:0.438316
G1 X89.074 Y99.362 E2.77918
;WIDTH:0.45
G1 X88.55 Y99.632 E2.80753
G1 X88.29 Y100.141 E2.83502
G1 X88.276 Y100.305 E2.84294
G1 X88.276 Y102.366 E2.94207
G1 X87.411 Y102.371 E2.98367
G1 X86.902 Y102.618 E3.01088
G1 X87.119 Y102.917 F7800
G1 F1800
G1 X87.094 Y102.928 E3.01219
G1 X87.013 Y103.128 E3.02257
G1 X86.085 Y103.128 E3.0672
G1 X86.036 Y102.982 E3.07461
G1 X85.961 Y102.945 E3.07863
G1 X85.961 Y98.611 E3.28708
G1 X91.631 Y98.611 E3.55979
G1 X91.923 Y98.531 E3.57435
G1 X92.099 Y98.373 E3.58573
G1 X92.418 Y97.935 E3.61179
;WIDTH:0.461108
G1 X93.134 Y96.962 E3.67157
;WIDTH:0.490213
G1 X93.312 Y96.742 E3.6866
G1 X93.266 Y97.005 E3.70078
;WIDTH:0.461108
G1 X93.271 Y98.213 E3.76055
;WIDTH:0.45
G1 X93.271 Y98.309 E3.76517
G1 X92.673 Y99.727 E3.83919
G1 X89.24 Y99.727 E4.00431
G1 X89.14 Y99.736 E4.00914
G1 X88.826 Y99.901 E4.0262
G1 X88.67 Y100.207 E4.04272
G1 X88.661 Y100.305 E4.04745
G1 X88.662 Y102.752 E4.16514
G1 X87.51 Y102.752 E4.22055
G1 X87.174 Y102.894 E4.23809
G1 E2.23809 F2400
G92 E0
G1 X93.312 Y96.742 F7800
G1 E2 F2400
;WIDTH:0.490213
G1 F1800
G1 X93.431 Y96.579 E2.01072
G1 E.01072 F2400
G92 E0
G1 X87.38 Y103.192 F7800
G1 E2 F2400
;TYPE:External perimeter
;WIDTH:0.45
G1 F1800
G1 X87.371 Y103.196 E2.00047
G1 X87.317 Y103.33 E2.00742
G1 X87.317 Y103.514 E2.01627
G1 X85.767 Y103.514 E2.09082
G1 X85.728 Y103.214 E2.10537
G1 X85.576 Y103.138 E2.11354
G1 X85.576 Y98.225 E2.34984
G1 X91.631 Y98.225 E2.64106
G1 X91.787 Y98.146 E2.64947
G1 X92.817 Y96.732 E2.73361
;WIDTH:0.457062
G1 X93.234 Y96.166 E2.76804
;WIDTH:0.498772
G1 X93.439 Y96.187 E2.7792
;WIDTH:0.540482
G1 X93.644 Y96.208 E2.79144
;WIDTH:0.582192
G1 X93.85 Y96.229 E2.80481
G1 X97.875 Y96.229 E3.06476
G1 X98.08 Y96.207 E3.07808
;WIDTH:0.538128
G1 X98.286 Y96.185 E3.09032
;WIDTH:0.494064
G1 X98.492 Y96.162 E3.10143
;WIDTH:0.45
G1 X99.91 Y98.109 E3.21728
G1 X100.093 Y98.225 E3.2277
G1 X101.626 Y98.225 E3.30143
G1 X101.626 Y98.894 E3.33361
G1 X101.626 Y99.562 E3.36574
G1 X98.565 Y99.562 E3.51296
G1 X98.067 Y98.387 E3.57434
G1 X98.067 Y97.005 E3.64081
G1 X98.048 Y96.92 E3.645
;WIDTH:0.494064
G1 X97.99 Y96.862 E3.6494
;WIDTH:0.538128
G1 X97.932 Y96.804 E3.65425
;WIDTH:0.582192
G1 X97.875 Y96.746 E3.6595
G1 X93.85 Y96.746 E3.91945
G1 X93.805 Y96.785 E3.9233
;WIDTH:0.540482
G1 X93.76 Y96.824 E3.92684
;WIDTH:0.498772
G1 X93.715 Y96.862 E3.93003
;WIDTH:0.457062
G1 X93.657 Y97.005 E3.93759
;WIDTH:0.45
G1 X93.657 Y98.387 E4.00406
G1 X92.929 Y100.112 E4.09411
G1 X89.24 Y100.112 E4.27154
G1 X89.102 Y100.171 E4.27876
G1 X89.047 Y100.305 E4.28573
G1 X89.048 Y103.137 E4.42194
G1 X87.51 Y103.137 E4.49591
G1 X87.435 Y103.169 E4.49983
G1 X87.25 Y103.523 F7800
G1 X86.636 Y102.439
;TYPE:Solid infill
G1 F2680
G1 X86.636 Y99.285 E4.65153
G1 X88.572 Y99.291 E4.74465
G1 X88.312 Y99.481 E4.76014
G1 X88.022 Y100.048 E4.79077
G1 X87.986 Y100.309 E4.80344
G1 X87.987 Y102.078 E4.88852
G1 X87.329 Y102.102 E4.92019
G1 X86.81 Y102.355 E4.94796
G1 X87.07 Y100.503 F7800
;WIDTH:0.546874
G1 F2680
G1 X87.07 Y101.746 E5.02276
G1 X87.408 Y101.649 E5.04392
G1 X87.553 Y101.648 E5.05265
G1 X87.552 Y100.309 E5.13323
;WIDTH:0.561783
G1 X87.571 Y100.018 E5.15132
G1 X87.693 Y99.722 E5.17118
G1 X87.078 Y99.724 E5.20933
G1 X87.071 Y100.235 E5.24103
;WIDTH:0.548282
G1 X87.07 Y100.31 E5.24556
G1 E3.24556 F2400
G92 E0
G92 E0
G1 X81.187 Y85.286 F7800
G1 E2 F2400
;TYPE:Perimeter
;WIDTH:0.45
G1 F1800
G1 X81.219 Y85.264 E2.00187
G1 X81.364 Y85.02 E2.01552
G1 X81.598 Y85.02 E2.02677
G1 X81.743 Y85.264 E2.04042
G1 X82.111 Y85.51 E2.06171
G1 X82.449 Y85.571 E2.07823
G1 X83.215 Y85.571 E2.11507
G1 X83.215 Y86.337 E2.15191
G1 X83.215 Y88.941 E2.27715
G1 X81.287 Y88.941 E2.36988
G1 X81.287 Y86.88 E2.46901
G1 X81.201 Y86.483 E2.48855
G1 X81.04 Y86.236 E2.50273
G1 X80.831 Y86.061 E2.51584
G1 X80.486 Y85.936 E2.53349
;WIDTH:0.43805
G1 X80.323 Y85.926 E2.5411
;WIDTH:0.429703
G1 X76.512 Y85.926 E2.71475
;WIDTH:0.438315
G1 X76.347 Y85.937 E2.72246
;WIDTH:0.45
G1 X75.912 Y86.126 E2.74527
G1 X75.607 Y86.55 E2.77039
G1 X74.834 Y88.666 E2.87874
G1 X72.769 Y88.666 E2.97806
G1 X71.996 Y86.55 E3.08641
G1 X71.691 Y86.126 E3.11153
G1 X71.091 Y85.926 E3.14195
;WIDTH:0.429703
G1 X68.798 Y85.926 E3.24643
G1 X68.798 Y85.561 E3.26306
G1 X71.091 Y85.561 E3.36754
;WIDTH:0.45
G1 X76.512 Y85.561 E3.62827
;WIDTH:0.429703
G1 X80.323 Y85.561 E3.80192
;WIDTH:0.4377
G1 X80.513 Y85.565 E3.81077
;WIDTH:0.45
G1 X80.878 Y85.5 E3.8286
G1 X81.137 Y85.32 E3.84377
G1 X80.917 Y85.009 F7800
G1 F2680
G1 X81.011 Y84.902 E3.85062
G1 X81.084 Y84.634 E3.86398
G1 X81.878 Y84.634 E3.90217
G1 X81.951 Y84.902 E3.91553
G1 X82.025 Y85.001 E3.92147
G1 X82.246 Y85.149 E3.93426
G1 X82.449 Y85.186 E3.94418
G1 X83.601 Y85.186 E3.99959
G1 X83.601 Y86.337 E4.05495
G1 X83.601 Y89.327 E4.19876
G1 X80.901 Y89.327 E4.32862
G1 X80.892 Y86.779 E4.45117
G1 X80.753 Y86.494 E4.46642
G1 X80.627 Y86.389 E4.47431
G1 X80.323 Y86.302 E4.48952
G1 X76.512 Y86.302 E4.67282
G1 X76.152 Y86.428 E4.69116
G1 X75.969 Y86.682 E4.70622
G1 X75.103 Y89.052 E4.82758
G1 X72.5 Y89.052 E4.95278
G1 X71.634 Y86.682 E5.07414
G1 X71.451 Y86.428 E5.0892
G1 X71.091 Y86.302 E5.10754
G1 X68.422 Y86.302 E5.23591
G1 X68.422 Y85.186 E5.28959
G1 X80.323 Y85.186 E5.86199
G1 X80.732 Y85.143 E5.88177
G1 X80.872 Y85.061 E5.88957
G1 X80.878 Y85.054 E5.89001
G1 X80.642 Y84.738 F7800
;TYPE:External perimeter
G1 F1800
G1 X80.679 Y84.706 E5.89236
G1 X80.706 Y84.249 E5.91438
G1 X82.256 Y84.249 E5.98893
G1 X82.256 Y84.607 E6.00615
G1 X82.308 Y84.738 E6.01293
G1 X82.449 Y84.8 E6.02034
G1 X83.986 Y84.8 E6.09426
G1 X83.986 Y86.337 E6.16818
G1 X83.986 Y89.712 E6.33051
G1 X80.515 Y89.712 E6.49745
G1 X80.515 Y86.88 E6.63366
G1 X80.466 Y86.752 E6.64025
G1 X80.323 Y86.687 E6.6478
G1 X76.512 Y86.687 E6.8311
G1 X76.392 Y86.73 E6.83723
G1 X76.331 Y86.814 E6.84222
G1 X75.373 Y89.438 E6.97657
G1 X72.23 Y89.438 E7.12774
G1 X71.272 Y86.814 E7.26209
G1 X71.211 Y86.73 E7.26708
G1 X71.091 Y86.687 E7.27321
G1 X68.037 Y86.687 E7.4201
G1 X68.037 Y84.8 E7.51086
G1 X80.323 Y84.8 E8.10177
G1 X80.586 Y84.786 E8.11444
G1 X80.596 Y84.777 E8.11509
G1 X80.692 Y84.389 F7800
G1 X81.059 Y85.792
;TYPE:Solid infill
;WIDTH:0.565202
G1 F2680
G1 X81.489 Y85.48 E8.14828
G1 X81.601 Y85.601 E8.15858
G1 X81.729 Y85.657 E8.16731
;WIDTH:0.526801
G1 X81.857 Y85.713 E8.17537
;WIDTH:0.4884
G1 X81.985 Y85.768 E8.18274
;WIDTH:0.45
G1 X82.332 Y85.854 E8.19993
G1 X82.926 Y85.859 E8.2285
G1 X82.926 Y88.652 E8.36283
G1 X81.576 Y88.652 E8.42776
G1 X81.576 Y86.885 E8.51275
G1 X81.477 Y86.405 E8.53632
;WIDTH:0.496629
G1 X81.394 Y86.223 E8.5471
;WIDTH:0.543259
G1 X81.311 Y86.041 E8.55905
;WIDTH:0.55326
G1 X81.196 Y85.928 E8.56888
;WIDTH:0.45
G1 X81.873 Y86.2 E8.60397
;WIDTH:0.572486
G1 X82.186 Y86.283 E8.62449
G1 X82.479 Y86.302 E8.6431
G1 X82.492 Y86.885 E8.68006
;WIDTH:0.546503
G1 X82.492 Y88.218 E8.76022
G1 X82.01 Y88.218 E8.7892
G1 X82.01 Y86.885 E8.86936
;WIDTH:0.556295
G1 X82.001 Y86.752 E8.87754
;WIDTH:0.566975
G1 X81.917 Y86.388 E8.90096
G1 E6.90096 F2400
G92 E0
G1 X71.847 Y85.861 F7800
G1 E2 F2400
;WIDTH:0.45
G1 F2680
G1 X75.065 Y85.852 E2.15478
G1 X75.764 Y85.867 E2.18841
G1 X75.331 Y86.463 E2.22384
G1 X74.631 Y88.377 E2.32186
G1 X72.971 Y88.377 E2.4017
G1 X72.272 Y86.463 E2.4997
G1 X71.96 Y86.017 E2.52588
G1 X72.589 Y86.244 E2.55804
G1 X75.018 Y86.238 E2.67487
G1 X74.968 Y86.331 E2.67995
G1 X74.362 Y87.991 E2.76494
G1 X73.241 Y87.991 E2.81886
G1 X72.667 Y86.42 E2.89931
G1 X73.154 Y86.628 E2.92478
G1 X74.45 Y86.625 E2.98711
G1 X74.092 Y87.606 E3.03734
G1 X73.511 Y87.606 E3.06528
G1 X73.22 Y86.809 E3.10609
G1 X73.785 Y87.017 E3.13505
;WIDTH:0.585509
G1 X73.739 Y87.063 E3.13928
G1 X73.755 Y87.126 E3.1435
G1 X73.818 Y87.143 E3.14774
G1 X73.864 Y87.097 E3.15197
G1 X73.848 Y87.034 E3.15619
G1 E1.15619 F2400
G92 E0
G1 X81.187 Y72.608 F7800
G1 E2 F2400
;TYPE:Perimeter
;WIDTH:0.45
G1 F1800
G1 X81.165 Y72.557 E2.00267
G1 X80.878 Y72.375 E2.01902
G1 X80.323 Y72.314 E2.04587
;WIDTH:0.429707
G1 X76.512 Y72.314 E2.21952
;WIDTH:0.45
G1 X71.091 Y72.314 E2.48025
;WIDTH:0.429704
G1 X68.798 Y72.314 E2.58473
G1 X68.798 Y71.949 E2.60136
G1 X71.091 Y71.949 E2.70584
;WIDTH:0.438316
G1 X71.256 Y71.938 E2.71355
;WIDTH:0.45
G1 X71.691 Y71.749 E2.73636
G1 X71.996 Y71.325 E2.76148
G1 X72.769 Y69.209 E2.86983
G1 X74.834 Y69.209 E2.96915
G1 X75.607 Y71.325 E3.0775
G1 X75.912 Y71.749 E3.10262
G1 X76.512 Y71.949 E3.13304
;WIDTH:0.429707
G1 X80.323 Y71.949 E3.30669
;WIDTH:0.437704
G1 X80.482 Y71.939 E3.31411
;WIDTH:0.45
G1 X80.831 Y71.814 E3.33194
G1 X81.038 Y71.641 E3.34492
G1 X81.201 Y71.392 E3.35923
G1 X81.287 Y70.995 E3.37877
G1 X81.287 Y68.934 E3.4779
G1 X83.215 Y68.934 E3.57063
G1 X83.215 Y69.898 E3.617
G1 X83.215 Y72.304 E3.73272
G1 X82.449 Y72.304 E3.76956
G1 X82.111 Y72.365 E3.78608
G1 X81.852 Y72.511 E3.80038
G1 X81.744 Y72.68 E3.81003
G1 X81.219 Y72.68 E3.83528
G1 X81.211 Y72.663 E3.83618
G1 X80.921 Y72.88 F7800
G1 F2680
G1 X80.904 Y72.841 E3.83823
G1 X80.732 Y72.732 E3.84802
G1 X80.513 Y72.689 E3.85875
G1 X68.422 Y72.689 E4.44029
G1 X68.422 Y71.573 E4.49397
G1 X71.091 Y71.573 E4.62234
G1 X71.451 Y71.447 E4.64068
G1 X71.634 Y71.193 E4.65574
G1 X72.5 Y68.823 E4.7771
G1 X75.103 Y68.823 E4.9023
G1 X75.969 Y71.193 E5.02366
G1 X76.152 Y71.447 E5.03872
G1 X76.512 Y71.573 E5.05706
G1 X80.323 Y71.573 E5.24036
G1 X80.627 Y71.486 E5.25557
G1 X80.752 Y71.383 E5.26336
G1 X80.85 Y71.233 E5.27198
G1 X80.901 Y70.995 E5.28369
G1 X80.901 Y68.548 E5.40138
G1 X83.601 Y68.548 E5.53124
G1 X83.601 Y69.898 E5.59617
G1 X83.601 Y72.689 E5.73041
G1 X82.385 Y72.693 E5.7889
G1 X82.091 Y72.814 E5.80419
G1 X81.96 Y73.066 E5.81785
G1 X81.003 Y73.066 E5.86388
G1 X80.945 Y72.935 E5.87077
G1 X80.65 Y73.139 F7800
;TYPE:External perimeter
G1 F1800
G1 X80.644 Y73.126 E5.87146
G1 X80.513 Y73.075 E5.87822
G1 X68.037 Y73.075 E6.47827
G1 X68.037 Y71.187 E6.56908
G1 X71.091 Y71.187 E6.71597
G1 X71.211 Y71.145 E6.72208
G1 X71.272 Y71.061 E6.72707
G1 X72.23 Y68.437 E6.86142
G1 X75.373 Y68.437 E7.01259
G1 X76.331 Y71.061 E7.14694
G1 X76.392 Y71.145 E7.15193
G1 X76.512 Y71.187 E7.15804
G1 X80.323 Y71.187 E7.34134
G1 X80.466 Y71.124 E7.34886
G1 X80.515 Y70.995 E7.3555
G1 X80.515 Y68.162 E7.49176
G1 X83.986 Y68.162 E7.6587
G1 X83.986 Y69.898 E7.7422
G1 X83.986 Y73.075 E7.895
G1 X82.449 Y73.075 E7.96892
G1 X82.329 Y73.116 E7.97502
G1 X82.256 Y73.268 E7.98313
G1 X82.256 Y73.451 E7.99193
G1 X80.706 Y73.451 E8.06648
G1 X80.706 Y73.268 E8.07528
G1 X80.674 Y73.194 E8.07916
G1 X80.29 Y73.081 F7800
G1 X80.961 Y72.102
;TYPE:Solid infill
G1 F2680
G1 X81.232 Y71.854 E8.09683
G1 X81.473 Y71.487 E8.11795
G1 X81.576 Y70.99 E8.14236
G1 X81.576 Y69.223 E8.22735
G1 X82.926 Y69.223 E8.29228
G1 X82.926 Y72.016 E8.42661
G1 X82.332 Y72.021 E8.45518
G1 X82.094 Y72.073 E8.4669
G1 X81.711 Y72.271 E8.48764
G1 X81.574 Y72.391 E8.4964
G1 X81.371 Y72.391 E8.50616
G1 X81.325 Y72.318 E8.51031
G1 X81.127 Y72.2 E8.5214
G1 X81.873 Y71.675 F7800
;WIDTH:0.572485
G1 F2680
G1 X81.914 Y71.564 E8.5289
G1 X82.01 Y70.99 E8.56578
;WIDTH:0.546503
G1 X82.01 Y69.657 E8.64594
G1 X82.492 Y69.657 E8.67492
G1 X82.492 Y70.99 E8.75508
;WIDTH:0.572485
G1 X82.479 Y71.573 E8.79204
G1 X82.327 Y71.575 E8.80167
G1 X82.062 Y71.634 E8.81888
G1 E6.81888 F2400
G92 E0
G1 X71.842 Y72.025 F7800
G1 E2 F2400
;WIDTH:0.45
G1 F2680
G1 X72.272 Y71.412 E2.03601
G1 X72.971 Y69.498 E2.13401
G1 X74.631 Y69.498 E2.21385
G1 X75.331 Y71.412 E2.31187
G1 X75.755 Y72.014 E2.34728
G1 X72.035 Y72.024 E2.5262
G1 X72.585 Y71.637 E2.55855
G1 X72.635 Y71.544 E2.56363
G1 X73.241 Y69.884 E2.64862
G1 X74.362 Y69.884 E2.70254
G1 X74.968 Y71.544 E2.78753
G1 X75.014 Y71.631 E2.79226
G1 X72.778 Y71.637 E2.8998
G1 X73.153 Y71.25 E2.92572
G1 X73.511 Y70.269 E2.97595
G1 X74.092 Y70.269 E3.00389
G1 X74.449 Y71.247 E3.05396
G1 X73.345 Y71.25 E3.10706
G1 X73.785 Y70.732 E3.13975
;WIDTH:0.585509
G1 X73.739 Y70.778 E3.14398
G1 X73.755 Y70.841 E3.1482
G1 X73.818 Y70.858 E3.15244
G1 X73.864 Y70.812 E3.15667
G1 X73.848 Y70.749 E3.16089
;LAYER_CHANGE
;Z:6.65
;HEIGHT:0.3
G1 E1.16089 F2400
G92 E0
G1 Z6.65 F7800
G92 E0
G1 X98.767 Y120.15
G1 E2 F2400
;TYPE:Perimeter
;WIDTH:0.410312
G1 F1800
G1 X98.767 Y119.77 E2.0164
G1 X99.018 Y119.189 E2.04371
G1 X99.666 Y119.189 E2.07167
G1 X99.311 Y119.409 E2.08969
G1 X98.802 Y120.102 E2.12679
G1 X98.308 Y121.351 F7800
;WIDTH:0.498495
G1 F1800
G1 X98.401 Y120.995 E2.14671
;WIDTH:0.45
G1 X98.401 Y119.694 E2.20928
G1 X98.777 Y118.823 E2.25491
G1 X99.2 Y118.823 E2.27525
;WIDTH:0.49516
G1 X99.636 Y118.846 E2.29871
;WIDTH:0.540321
G1 X100.072 Y118.868 E2.32462
G1 X101.181 Y118.868 E2.39045
G1 X101.18 Y119.107 E2.40464
G1 X101.18 Y119.344 E2.41871
G1 X100.942 Y119.344 E2.43284
;WIDTH:0.54685
G1 X99.964 Y119.35 E2.49169
G1 X99.785 Y119.488 E2.50529
;WIDTH:0.498425
G1 X99.606 Y119.625 E2.51749
;WIDTH:0.45
G1 X98.562 Y121.047 E2.60234
;WIDTH:0.498495
G1 X98.347 Y121.305 E2.62052
G1 E.62052 F2400
G92 E0
G1 X86.854 Y115.326 F7800
G1 E2 F2400
;WIDTH:0.45
G1 F1800
G1 X87.064 Y115.525 E2.01391
G1 X87.51 Y115.634 E2.03599
G1 X88.292 Y115.634 E2.0736
G1 X88.304 Y117.85 E2.18018
G1 X88.561 Y118.364 E2.20782
G1 X89.255 Y118.649 E2.2439
;WIDTH:0.429703
G1 X91.652 Y118.649 E2.35312
;WIDTH:0.473736
G1 X92.043 Y118.671 E2.37311
;WIDTH:0.51777
G1 X92.434 Y118.693 E2.39526
G1 X92.899 Y119.769 E2.46155
G1 X92.904 Y119.986 E2.47382
G1 X92.456 Y119.377 E2.51657
G1 X92.167 Y119.113 E2.53871
G1 X91.91 Y119.064 E2.5535
;WIDTH:0.473736
G1 X91.652 Y119.014 E2.56692
;WIDTH:0.429703
G1 X89.255 Y119.014 E2.67614
;WIDTH:0.45
G1 X86.331 Y119.004 E2.81678
G1 X86.331 Y115.236 E2.99801
G1 X86.368 Y115.216 E3.00003
G1 X86.425 Y115.082 E3.00703
G1 X86.659 Y115.082 E3.01828
G1 X86.68 Y115.161 E3.02221
G1 X86.81 Y115.284 E3.03082
G1 X87.116 Y115.063 F7800
G1 F1800
G1 X87.242 Y115.183 E3.03919
G1 X87.51 Y115.248 E3.05245
G1 X88.678 Y115.248 E3.10863
G1 X88.677 Y117.694 E3.22627
G1 X88.684 Y117.788 E3.2308
G1 X88.839 Y118.096 E3.24738
G1 X89.255 Y118.273 E3.26912
G1 X92.709 Y118.273 E3.43525
G1 X93.323 Y119.694 E3.5097
G1 X93.323 Y120.995 E3.57227
;WIDTH:0.498501
G1 X93.416 Y121.351 E3.59219
G1 X93.162 Y121.047 E3.61364
;WIDTH:0.45
G1 X92.118 Y119.625 E3.69849
G1 X91.951 Y119.473 E3.70935
G1 X91.652 Y119.389 E3.72429
G1 X85.946 Y119.389 E3.99873
G1 X85.946 Y115.053 E4.20728
G1 X86.051 Y114.998 E4.21298
G1 X86.145 Y114.697 E4.22815
G1 X86.939 Y114.697 E4.26634
G1 X87.012 Y114.965 E4.2797
G1 X87.073 Y115.022 E4.28372
G1 X87.386 Y114.797 F7800
;TYPE:External perimeter
G1 F1800
G1 X87.51 Y114.862 E4.29045
G1 X89.064 Y114.862 E4.36519
G1 X89.062 Y117.695 E4.50145
G1 X89.116 Y117.829 E4.5084
G1 X89.255 Y117.887 E4.51564
G1 X92.963 Y117.887 E4.69398
G1 X93.709 Y119.614 E4.78446
G1 X93.709 Y120.995 E4.85088
G1 X93.746 Y121.109 E4.85664
;WIDTH:0.494063
G1 X93.798 Y121.157 E4.86043
;WIDTH:0.538127
G1 X93.85 Y121.205 E4.86461
;WIDTH:0.582191
G1 X93.902 Y121.254 E4.86922
G1 X97.823 Y121.254 E5.12245
G1 X97.868 Y121.213 E5.12638
;WIDTH:0.538127
G1 X97.913 Y121.172 E5.12998
;WIDTH:0.494063
G1 X97.959 Y121.131 E5.13328
;WIDTH:0.45
G1 X98.015 Y120.995 E5.14035
G1 X98.015 Y119.614 E5.20677
G1 X98.524 Y118.437 E5.26845
G1 X101.612 Y118.437 E5.41697
G1 X101.611 Y119.108 E5.44924
G1 X101.61 Y119.775 E5.48132
G1 X100.072 Y119.775 E5.55529
G1 X99.917 Y119.854 E5.56366
G1 X98.46 Y121.837 E5.68201
;WIDTH:0.494063
G1 X98.247 Y121.815 E5.69349
;WIDTH:0.538127
G1 X98.035 Y121.793 E5.70608
;WIDTH:0.582191
G1 X97.823 Y121.771 E5.71985
G1 X93.902 Y121.771 E5.97308
G1 X93.689 Y121.793 E5.98691
;WIDTH:0.538127
G1 X93.477 Y121.815 E5.9995
;WIDTH:0.494063
G1 X93.264 Y121.837 E6.01098
;WIDTH:0.45
G1 X91.807 Y119.854 E6.12933
G1 X91.652 Y119.775 E6.1377
G1 X85.56 Y119.775 E6.4307
G1 X85.56 Y114.877 E6.66628
G1 X85.74 Y114.768 E6.6764
G1 X85.767 Y114.311 E6.69842
G1 X87.317 Y114.311 E6.77297
G1 X87.317 Y114.67 E6.79024
G1 X87.345 Y114.76 E6.79477
G1 X87.734 Y114.854 F7800
G1 X86.62 Y115.511
;TYPE:Solid infill
G1 F2538
G1 X86.896 Y115.754 E6.81246
G1 X87.405 Y115.917 E6.83817
G1 X88.003 Y115.922 E6.86693
G1 X88.002 Y117.691 E6.95201
G1 X88.036 Y117.942 E6.96419
G1 X88.32 Y118.508 E6.99465
G1 X88.641 Y118.706 E7.01279
G1 X86.62 Y118.715 E7.10999
G1 X86.62 Y115.703 E7.25486
G1 X87.062 Y116.284 E7.28997
;WIDTH:0.562618
G1 X87.224 Y116.332 E7.30047
G1 X87.561 Y116.36 E7.32148
G1 X87.56 Y117.69 E7.40413
;WIDTH:0.570465
G1 X87.571 Y117.907 E7.41784
;WIDTH:0.57576
G1 X87.697 Y118.266 E7.44211
G1 X87.069 Y118.266 E7.48217
G1 X87.062 Y117.691 E7.51885
;WIDTH:0.562618
G1 X87.062 Y116.477 E7.59429
G1 E5.59429 F2400
G92 E0
G1 X98.767 Y97.849 F7800
G1 E2 F2400
;TYPE:Perimeter
;WIDTH:0.410309
G1 F1800
G1 X99.311 Y98.591 E2.0397
G1 X99.746 Y98.811 E2.06073
G1 X99.018 Y98.811 E2.09214
G1 X98.776 Y98.253 E2.11838
G1 X98.768 Y97.909 E2.13323
G1 X98.367 Y96.736 F7800
;WIDTH:0.507797
G1 F1800
G1 X98.556 Y96.957 E2.14931
;WIDTH:0.464975
G1 X99.273 Y97.92 E2.2093
;WIDTH:0.45
G1 X99.606 Y98.375 E2.23642
;WIDTH:0.495161
G1 X99.839 Y98.515 E2.25102
;WIDTH:0.540322
G1 X100.072 Y98.656 E2.26719
G1 X101.18 Y98.656 E2.33296
G1 X101.18 Y98.893 E2.34703
G1 X101.181 Y99.132 E2.36122
G1 X100.072 Y99.132 E2.42705
G1 X99.425 Y99.154 E2.46548
;WIDTH:0.495161
G1 X98.777 Y99.177 E2.50032
;WIDTH:0.45
G1 X98.441 Y98.398 E2.54112
G1 X98.401 Y98.206 E2.55055
;WIDTH:0.464975
G1 X98.408 Y97.005 E2.61056
;WIDTH:0.507797
G1 X98.376 Y96.795 E2.62231
G1 X98.251 Y96.576 F7800
G1 F1800
G1 X98.367 Y96.736 E2.63324
G1 E.63324 F2400
G92 E0
G1 X86.847 Y102.643 F7800
G1 E2 F2400
;WIDTH:0.45
G1 F1800
G1 X86.82 Y102.657 E2.00146
G1 X86.785 Y102.743 E2.00593
G1 X86.331 Y102.736 E2.02777
G1 X86.331 Y98.996 E2.20765
G1 X89.255 Y98.986 E2.34829
;WIDTH:0.429704
G1 X91.652 Y98.986 E2.45751
;WIDTH:0.473736
G1 X91.91 Y98.936 E2.47093
;WIDTH:0.51777
G1 X92.167 Y98.887 E2.48572
G1 X92.456 Y98.623 E2.50786
G1 X92.904 Y98.013 E2.55066
G1 X92.904 Y98.219 E2.56231
G1 X92.434 Y99.307 E2.62933
G1 X91.968 Y99.329 E2.65571
;WIDTH:0.473736
G1 X91.652 Y99.351 E2.67188
;WIDTH:0.429704
G1 X89.255 Y99.351 E2.7811
;WIDTH:0.438316
G1 X89.09 Y99.362 E2.78881
;WIDTH:0.45
G1 X88.561 Y99.636 E2.81746
G1 X88.304 Y100.149 E2.84506
G1 X88.292 Y102.366 E2.95169
G1 X87.411 Y102.371 E2.99406
G1 X86.901 Y102.617 E3.02129
G1 X87.119 Y102.917 F7800
G1 F1800
G1 X87.096 Y102.926 E3.02248
G1 X87.014 Y103.128 E3.03297
G1 X86.083 Y103.128 E3.07775
G1 X86.03 Y102.974 E3.08558
G1 X85.946 Y102.933 E3.09008
G1 X85.946 Y98.611 E3.29795
G1 X91.652 Y98.611 E3.57239
G1 X91.951 Y98.527 E3.58733
G1 X92.118 Y98.375 E3.59819
G1 X92.452 Y97.92 E3.62534
;WIDTH:0.464929
G1 X93.169 Y96.957 E3.68532
;WIDTH:0.507633
G1 X93.358 Y96.736 E3.7014
G1 X93.316 Y97.005 E3.71645
;WIDTH:0.464929
G1 X93.323 Y98.206 E3.77645
;WIDTH:0.45
G1 X93.323 Y98.306 E3.78126
G1 X92.709 Y99.727 E3.85571
G1 X89.255 Y99.727 E4.02184
G1 X89.155 Y99.736 E4.02667
G1 X88.839 Y99.904 E4.04388
G1 X88.684 Y100.212 E4.06046
G1 X88.677 Y100.305 E4.06495
G1 X88.678 Y102.752 E4.18264
G1 X87.51 Y102.752 E4.23882
G1 X87.174 Y102.893 E4.25635
G1 E2.25635 F2400
G92 E0
G1 X93.358 Y96.736 F7800
G1 E2 F2400
;WIDTH:0.507633
G1 F1800
G1 X93.474 Y96.576 E2.01093
G1 E.01093 F2400
G92 E0
G1 X87.38 Y103.192 F7800
G1 E2 F2400
;TYPE:External perimeter
;WIDTH:0.45
G1 F1800
G1 X87.372 Y103.196 E2.00043
G1 X87.317 Y103.33 E2.0074
G1 X87.317 Y103.514 E2.01625
G1 X85.767 Y103.514 E2.0908
G1 X85.726 Y103.212 E2.10546
G1 X85.56 Y103.137 E2.11422
G1 X85.56 Y98.225 E2.35047
G1 X91.652 Y98.225 E2.64347
G1 X91.807 Y98.146 E2.65184
G1 X93.264 Y96.162 E2.77023
;WIDTH:0.494064
G1 X93.477 Y96.185 E2.78171
;WIDTH:0.538128
G1 X93.689 Y96.207 E2.7943
;WIDTH:0.582192
G1 X93.902 Y96.229 E2.80813
G1 X97.823 Y96.229 E3.06136
G1 X98.035 Y96.207 E3.07513
;WIDTH:0.538128
G1 X98.248 Y96.185 E3.08778
;WIDTH:0.494064
G1 X98.46 Y96.162 E3.09921
;WIDTH:0.45
G1 X99.876 Y98.091 E3.2143
G1 X100.072 Y98.225 E3.22572
G1 X101.61 Y98.225 E3.29969
G1 X101.611 Y98.892 E3.33177
G1 X101.612 Y99.562 E3.36399
G1 X98.524 Y99.562 E3.51251
G1 X98.015 Y98.386 E3.57414
G1 X98.015 Y97.005 E3.64056
G1 X97.995 Y96.92 E3.64476
;WIDTH:0.494064
G1 X97.938 Y96.862 E3.64912
;WIDTH:0.538128
G1 X97.88 Y96.804 E3.65397
;WIDTH:0.582192
G1 X97.823 Y96.746 E3.65922
G1 X93.902 Y96.746 E3.91245
G1 X93.856 Y96.787 E3.91643
;WIDTH:0.538128
G1 X93.811 Y96.828 E3.92003
;WIDTH:0.494064
G1 X93.766 Y96.869 E3.92329
;WIDTH:0.45
G1 X93.709 Y97.005 E3.93038
G1 X93.709 Y98.386 E3.9968
G1 X92.963 Y100.112 E4.08724
G1 X89.255 Y100.112 E4.26558
G1 X89.116 Y100.171 E4.27284
G1 X89.062 Y100.305 E4.27979
G1 X89.064 Y103.137 E4.416
G1 X87.51 Y103.137 E4.49074
G1 X87.435 Y103.169 E4.49466
G1 X87.25 Y103.523 F7800
G1 E2.49466 F2400
G92 E0
G1 X86.62 Y99.285 F7800
G1 E2 F2400
;TYPE:Solid infill
G1 F2538
G1 X88.573 Y99.276 E2.09393
G1 X88.322 Y99.487 E2.1097
G1 X88.036 Y100.058 E2.14042
G1 X88.002 Y100.309 E2.1526
G1 X88.003 Y102.078 E2.23768
G1 X87.412 Y102.083 E2.26611
G1 X87.33 Y102.102 E2.27016
G1 X86.62 Y102.445 E2.30808
G1 X86.62 Y99.478 E2.45078
G1 X87.506 Y99.73 F7800
;WIDTH:0.576058
G1 F2538
G1 X87.069 Y99.732 E2.47867
G1 X87.063 Y100.237 E2.5109
;WIDTH:0.563768
G1 X87.062 Y100.31 E2.51545
;WIDTH:0.562618
G1 X87.062 Y101.741 E2.60438
G1 X87.409 Y101.641 E2.62682
G1 X87.561 Y101.64 E2.63627
G1 X87.56 Y100.309 E2.71898
;WIDTH:0.576058
G1 X87.577 Y100.031 E2.73675
G1 X87.699 Y99.729 E2.75754
G1 E.75754 F2400
G92 E0
G92 E0
G1 X81.187 Y85.286 F7800
G1 E2 F2400
;TYPE:Perimeter
;WIDTH:0.45
G1 F1800
G1 X81.218 Y85.265 E2.0018
G1 X81.364 Y85.02 E2.01552
G1 X81.598 Y85.02 E2.02677
G1 X81.744 Y85.265 E2.04049
G1 X82.113 Y85.511 E2.06182
G1 X82.449 Y85.571 E2.07824
G1 X83.23 Y85.571 E2.1158
G1 X83.23 Y86.352 E2.15336
G1 X83.23 Y88.941 E2.27788
G1 X81.27 Y88.941 E2.37215
G1 X81.27 Y86.88 E2.47128
G1 X81.189 Y86.492 E2.49034
G1 X81.028 Y86.242 E2.50464
G1 X80.825 Y86.068 E2.5175
G1 X80.479 Y85.937 E2.53529
;WIDTH:0.439142
G1 X80.306 Y85.926 E2.54339
;WIDTH:0.429703
G1 X76.48 Y85.926 E2.71772
;WIDTH:0.438315
G1 X76.314 Y85.937 E2.72548
;WIDTH:0.45
G1 X75.883 Y86.123 E2.74806
G1 X75.577 Y86.541 E2.77298
G1 X74.779 Y88.666 E2.88215
G1 X72.824 Y88.666 E2.97618
G1 X72.026 Y86.541 E3.08535
G1 X71.719 Y86.123 E3.11029
G1 X71.123 Y85.926 E3.14048
;WIDTH:0.429703
G1 X68.817 Y85.926 E3.24555
G1 X68.817 Y85.561 E3.26218
G1 X71.123 Y85.561 E3.36725
;WIDTH:0.45
G1 X76.48 Y85.561 E3.6249
;WIDTH:0.429703
G1 X80.306 Y85.561 E3.79923
;WIDTH:0.439142
G1 X80.513 Y85.566 E3.80891
;WIDTH:0.45
G1 X80.876 Y85.5 E3.82666
G1 X81.138 Y85.32 E3.84195
G1 X80.917 Y85.009 F7800
G1 F2538
G1 X81.011 Y84.902 E3.8488
G1 X81.084 Y84.634 E3.86216
G1 X81.878 Y84.634 E3.90035
G1 X81.951 Y84.902 E3.91371
G1 X82.026 Y85.002 E3.91972
G1 X82.248 Y85.149 E3.93253
G1 X82.449 Y85.186 E3.94236
G1 X83.615 Y85.186 E3.99844
G1 X83.615 Y86.352 E4.05452
G1 X83.615 Y89.327 E4.19761
G1 X80.885 Y89.327 E4.32891
G1 X80.885 Y86.88 E4.4466
G1 X80.836 Y86.647 E4.45805
G1 X80.617 Y86.393 E4.47418
G1 X80.306 Y86.302 E4.48977
G1 X76.48 Y86.302 E4.67379
G1 X76.122 Y86.426 E4.69201
G1 X75.938 Y86.677 E4.70698
G1 X75.046 Y89.052 E4.829
G1 X72.557 Y89.052 E4.94871
G1 X71.665 Y86.677 E5.07073
G1 X71.481 Y86.426 E5.0857
G1 X71.123 Y86.302 E5.10392
G1 X68.441 Y86.302 E5.23291
G1 X68.441 Y85.186 E5.28659
G1 X80.306 Y85.186 E5.85726
G1 X80.731 Y85.143 E5.87781
G1 X80.87 Y85.062 E5.88555
G1 X80.878 Y85.054 E5.88609
G1 X80.642 Y84.738 F7800
;TYPE:External perimeter
G1 F1800
G1 X80.679 Y84.706 E5.88844
G1 X80.706 Y84.249 E5.91046
G1 X82.256 Y84.249 E5.98501
G1 X82.256 Y84.607 E6.00223
G1 X82.308 Y84.739 E6.00905
G1 X82.449 Y84.8 E6.01644
G1 X84.001 Y84.8 E6.09109
G1 X84.001 Y86.352 E6.16574
G1 X84.001 Y89.712 E6.32734
G1 X80.499 Y89.712 E6.49577
G1 X80.499 Y86.88 E6.63198
G1 X80.451 Y86.753 E6.63851
G1 X80.306 Y86.687 E6.64617
G1 X76.48 Y86.687 E6.83019
G1 X76.36 Y86.729 E6.8363
G1 X76.299 Y86.813 E6.84129
G1 X75.313 Y89.438 E6.97616
G1 X72.29 Y89.438 E7.12156
G1 X71.304 Y86.813 E7.25643
G1 X71.242 Y86.729 E7.26145
G1 X71.123 Y86.687 E7.26752
G1 X68.056 Y86.687 E7.41503
G1 X68.056 Y84.8 E7.50579
G1 X80.306 Y84.8 E8.09497
G1 X80.586 Y84.786 E8.10845
G1 X80.596 Y84.777 E8.1091
G1 X80.692 Y84.389 F7800
G1 X81.491 Y85.382
;TYPE:Solid infill
G1 F2538
G1 X81.645 Y85.564 E8.12057
G1 X81.987 Y85.769 E8.13975
G1 X82.333 Y85.854 E8.15689
G1 X82.94 Y85.86 E8.18609
G1 X82.94 Y88.652 E8.32038
G1 X81.559 Y88.652 E8.3868
G1 X81.559 Y86.884 E8.47183
G1 X81.465 Y86.415 E8.49484
G1 X81.262 Y86.074 E8.51393
G1 X80.954 Y85.812 E8.53338
G1 X81.345 Y85.508 E8.5572
G1 X81.866 Y86.204 F7800
;WIDTH:0.58604
G1 F2538
G1 X82.186 Y86.29 E8.57876
G1 X82.487 Y86.309 E8.59838
G1 X82.499 Y86.884 E8.6358
;WIDTH:0.562066
G1 X82.499 Y88.21 E8.71811
G1 X82.001 Y88.21 E8.74902
G1 X82.001 Y86.884 E8.83133
;WIDTH:0.571567
G1 X81.992 Y86.753 E8.83964
;WIDTH:0.581088
G1 X81.909 Y86.392 E8.86351
G1 E6.86351 F2400
G92 E0
G1 X71.877 Y85.861 F7800
G1 E2 F2400
;WIDTH:0.45
G1 F2538
G1 X75.723 Y85.85 E2.18498
G1 X75.302 Y86.452 E2.22031
G1 X74.579 Y88.377 E2.31921
G1 X73.024 Y88.377 E2.394
G1 X72.301 Y86.452 E2.4929
G1 X71.991 Y86.016 E2.51863
G1 X72.623 Y86.244 E2.55094
G1 X74.983 Y86.238 E2.66445
G1 X74.312 Y87.991 E2.75473
G1 X73.291 Y87.991 E2.80384
G1 X72.701 Y86.42 E2.88455
G1 X73.191 Y86.628 E2.91015
G1 X74.413 Y86.625 E2.96892
G1 X74.045 Y87.606 E3.01931
G1 X73.558 Y87.606 E3.04273
G1 X73.259 Y86.809 E3.08367
G1 X73.857 Y87.035 E3.11442
;WIDTH:0.524957
G1 X73.816 Y86.994 E3.11775
G1 X73.761 Y87.009 E3.12102
G1 X73.746 Y87.065 E3.12435
G1 X73.787 Y87.105 E3.12764
G1 X73.842 Y87.09 E3.13091
G1 E1.13091 F2400
G92 E0
G1 X81.187 Y72.608 F7800
G1 E2 F2400
;TYPE:Perimeter
;WIDTH:0.45
G1 F1800
G1 X81.165 Y72.557 E2.00267
G1 X80.876 Y72.375 E2.0191
G1 X80.513 Y72.309 E2.03685
;WIDTH:0.438588
G1 X80.306 Y72.314 E2.04651
;WIDTH:0.429703
G1 X76.48 Y72.314 E2.22084
;WIDTH:0.45
G1 X71.123 Y72.314 E2.47849
;WIDTH:0.429703
G1 X68.817 Y72.314 E2.58356
G1 X68.817 Y71.949 E2.60019
G1 X71.123 Y71.949 E2.70526
;WIDTH:0.438316
G1 X71.289 Y71.938 E2.71302
;WIDTH:0.45
G1 X71.719 Y71.752 E2.73555
G1 X72.026 Y71.334 E2.76049
G1 X72.824 Y69.209 E2.86966
G1 X74.779 Y69.209 E2.96369
G1 X75.577 Y71.334 E3.07286
G1 X75.883 Y71.752 E3.09778
G1 X76.48 Y71.949 E3.12802
;WIDTH:0.429703
G1 X80.306 Y71.949 E3.30235
;WIDTH:0.438316
G1 X80.472 Y71.938 E3.31011
;WIDTH:0.45
G1 X80.825 Y71.807 E3.32822
G1 X81.028 Y71.633 E3.34108
G1 X81.189 Y71.383 E3.35538
G1 X81.27 Y70.995 E3.37444
G1 X81.27 Y68.934 E3.47357
G1 X83.23 Y68.934 E3.56784
G1 X83.23 Y69.913 E3.61493
G1 X83.23 Y72.304 E3.72993
G1 X82.449 Y72.304 E3.76749
G1 X82.113 Y72.364 E3.78391
G1 X81.854 Y72.509 E3.79819
G1 X81.744 Y72.68 E3.80797
G1 X81.219 Y72.68 E3.83322
G1 X81.211 Y72.663 E3.83412
G1 X80.921 Y72.88 F7800
G1 F2538
G1 X80.904 Y72.841 E3.83617
G1 X80.731 Y72.732 E3.846
G1 X80.513 Y72.689 E3.85669
G1 X68.441 Y72.689 E4.43731
G1 X68.441 Y71.573 E4.49099
G1 X71.123 Y71.573 E4.61998
G1 X71.481 Y71.449 E4.6382
G1 X71.665 Y71.198 E4.65317
G1 X72.557 Y68.823 E4.77519
G1 X75.046 Y68.823 E4.8949
G1 X75.938 Y71.198 E5.01692
G1 X76.122 Y71.449 E5.03189
G1 X76.48 Y71.573 E5.05011
G1 X80.306 Y71.573 E5.23413
G1 X80.617 Y71.482 E5.24972
G1 X80.836 Y71.228 E5.26585
G1 X80.885 Y70.995 E5.2773
G1 X80.885 Y68.548 E5.39499
G1 X83.615 Y68.548 E5.52629
G1 X83.615 Y69.913 E5.59194
G1 X83.615 Y72.689 E5.72546
G1 X82.386 Y72.693 E5.78457
G1 X82.092 Y72.813 E5.79984
G1 X81.96 Y73.066 E5.81357
G1 X81.003 Y73.066 E5.8596
G1 X80.945 Y72.935 E5.86649
G1 X80.65 Y73.139 F7800
;TYPE:External perimeter
G1 F1800
G1 X80.644 Y73.126 E5.86718
G1 X80.513 Y73.075 E5.87394
G1 X68.056 Y73.075 E6.47308
G1 X68.056 Y71.187 E6.56389
G1 X71.123 Y71.187 E6.7114
G1 X71.242 Y71.146 E6.71745
G1 X71.304 Y71.062 E6.72247
G1 X72.29 Y68.437 E6.85734
G1 X75.313 Y68.437 E7.00274
G1 X76.299 Y71.062 E7.13761
G1 X76.36 Y71.146 E7.1426
G1 X76.48 Y71.187 E7.1487
G1 X80.306 Y71.187 E7.33272
G1 X80.451 Y71.122 E7.34036
G1 X80.499 Y70.995 E7.34689
G1 X80.499 Y68.162 E7.48315
G1 X84.001 Y68.162 E7.65158
G1 X84.001 Y69.913 E7.7358
G1 X84.001 Y73.075 E7.88788
G1 X82.449 Y73.075 E7.96253
G1 X82.33 Y73.116 E7.96858
G1 X82.256 Y73.268 E7.97671
G1 X82.256 Y73.451 E7.98551
G1 X80.706 Y73.451 E8.06006
G1 X80.706 Y73.268 E8.06886
G1 X80.674 Y73.194 E8.07274
G1 X80.29 Y73.081 F7800
G1 E6.07274 F2400
G92 E0
G1 X82.748 Y69.223 F7800
G1 E2 F2400
;TYPE:Solid infill
G1 F2538
G1 X81.559 Y69.223 E2.05719
G1 X81.559 Y70.991 E2.14222
G1 X81.439 Y71.524 E2.1685
G1 X81.225 Y71.844 E2.18702
G1 X80.958 Y72.1 E2.20481
G1 X81.322 Y72.317 E2.22519
G1 X81.37 Y72.391 E2.22943
G1 X81.574 Y72.391 E2.23924
G1 X81.715 Y72.268 E2.24824
G1 X82.094 Y72.073 E2.26874
G1 X82.333 Y72.021 E2.2805
G1 X82.94 Y72.015 E2.3097
G1 X82.94 Y69.223 E2.44399
G1 X82.499 Y69.665 E2.47402
;WIDTH:0.562066
G1 X82.499 Y70.991 E2.55633
;WIDTH:0.58604
G1 X82.487 Y71.566 E2.59375
G1 X82.329 Y71.568 E2.60403
G1 X81.866 Y71.671 E2.63489
G1 X81.909 Y71.553 E2.64306
G1 X82.001 Y70.991 E2.68011
;WIDTH:0.562066
G1 X82.001 Y69.665 E2.76242
G1 X82.306 Y69.665 E2.78135
G1 E.78135 F2400
G92 E0
G1 X74.386 Y69.498 F7800
G1 E2 F2400
;WIDTH:0.45
G1 F2538
G1 X73.024 Y69.498 E2.06551
G1 X72.301 Y71.423 E2.16441
G1 X71.88 Y72.025 E2.19974
G1 X75.726 Y72.014 E2.38472
G1 X75.302 Y71.423 E2.4197
G1 X74.579 Y69.498 E2.5186
G1 X74.312 Y69.884 E2.54117
G1 X74.98 Y71.631 E2.63113
G1 X72.62 Y71.637 E2.74464
G1 X73.291 Y69.884 E2.83492
G1 X74.119 Y69.884 E2.87474
G1 X74.045 Y70.269 E2.8936
G1 X74.412 Y71.247 E2.94384
G1 X73.19 Y71.25 E3.00261
G1 X73.558 Y70.269 E3.053
G1 X73.852 Y70.269 E3.06714
G1 X73.857 Y70.81 E3.09316
;WIDTH:0.524955
G1 X73.816 Y70.77 E3.09645
G1 X73.761 Y70.785 E3.09972
G1 X73.746 Y70.84 E3.10299
G1 X73.787 Y70.881 E3.10632
G1 X73.842 Y70.866 E3.10959
;LAYER_CHANGE
;Z:6.95
;HEIGHT:0.3
G1 E1.10959 F2400
G92 E0
G1 Z6.95 F7800
G92 E0
G1 X98.674 Y120.183
G1 E2 F2400
;TYPE:Perimeter
;WIDTH:0.423532
G1 F1800
G1 X98.674 Y119.779 E2.0181
G1 X98.937 Y119.196 E2.04675
G1 X99.59 Y119.195 E2.076
G1 X99.26 Y119.399 E2.09338
G1 X98.71 Y120.135 E2.13454
G1 X98.215 Y121.362 F7800
;WIDTH:0.520151
G1 F1800
G1 X98.259 Y121.178 E2.14529
;WIDTH:0.485075
G1 X98.302 Y120.995 E2.15515
;WIDTH:0.45
G1 X98.302 Y119.699 E2.21748
G1 X98.697 Y118.823 E2.2637
G1 X99.158 Y118.823 E2.28587
;WIDTH:0.49516
G1 X99.589 Y118.846 E2.30906
;WIDTH:0.540321
G1 X100.021 Y118.868 E2.33474
G1 X101.146 Y118.868 E2.40152
G1 X101.146 Y119.106 E2.41565
;WIDTH:0.54032
G1 X101.146 Y119.344 E2.42978
G1 X100.908 Y119.344 E2.44391
;WIDTH:0.54685
G1 X99.913 Y119.35 E2.50379
G1 X99.736 Y119.486 E2.51722
;WIDTH:0.498425
G1 X99.558 Y119.622 E2.52935
;WIDTH:0.45
G1 X98.487 Y121.056 E2.61543
;WIDTH:0.485075
G1 X98.351 Y121.209 E2.62617
;WIDTH:0.520151
G1 X98.255 Y121.317 E2.63438
G1 E.63438 F2400
G92 E0
G1 X86.855 Y115.324 F7800
G1 E2 F2400
;WIDTH:0.45
G1 F1800
G1 X87.077 Y115.531 E2.0146
G1 X87.51 Y115.634 E2.03601
G1 X88.321 Y115.634 E2.07502
G1 X88.334 Y117.835 E2.18088
G1 X88.586 Y118.356 E2.20872
G1 X89.288 Y118.649 E2.24531
;WIDTH:0.429703
G1 X91.703 Y118.649 E2.35535
;WIDTH:0.477747
G1 X92.108 Y118.673 E2.37627
;WIDTH:0.525792
G1 X92.514 Y118.697 E2.39968
G1 X92.992 Y119.773 E2.46744
G1 X92.999 Y120.029 E2.48218
G1 X92.506 Y119.368 E2.52964
G1 X92.24 Y119.122 E2.55049
G1 X91.971 Y119.068 E2.56628
;WIDTH:0.477747
G1 X91.703 Y119.014 E2.58038
;WIDTH:0.429703
G1 X89.288 Y119.014 E2.69042
;WIDTH:0.45
G1 X86.304 Y119.004 E2.83394
G1 X86.304 Y115.265 E3.01377
G1 X86.35 Y115.241 E3.01627
G1 X86.425 Y115.082 E3.02473
G1 X86.659 Y115.082 E3.03598
G1 X86.68 Y115.161 E3.03991
G1 X86.811 Y115.283 E3.04852
G1 X87.117 Y115.063 F7800
G1 F1800
G1 X87.25 Y115.187 E3.05727
G1 X87.51 Y115.248 E3.07011
G1 X88.706 Y115.248 E3.12763
G1 X88.71 Y117.696 E3.24537
G1 X88.716 Y117.779 E3.24937
G1 X88.867 Y118.091 E3.26604
G1 X89.288 Y118.273 E3.2881
G1 X92.789 Y118.273 E3.45649
G1 X93.422 Y119.697 E3.53144
G1 X93.422 Y120.995 E3.59387
;WIDTH:0.485078
G1 X93.466 Y121.178 E3.60375
;WIDTH:0.520157
G1 X93.509 Y121.362 E3.61449
G1 X93.373 Y121.209 E3.62613
;WIDTH:0.485078
G1 X93.237 Y121.056 E3.63687
;WIDTH:0.45
G1 X92.166 Y119.622 E3.72295
G1 X92.013 Y119.48 E3.73299
G1 X91.703 Y119.389 E3.74853
G1 X85.918 Y119.389 E4.02677
G1 X85.918 Y115.074 E4.23431
G1 X86.04 Y115.013 E4.24087
G1 X86.145 Y114.697 E4.25689
G1 X86.939 Y114.697 E4.29508
G1 X87.012 Y114.965 E4.30844
G1 X87.073 Y115.022 E4.31246
G1 X87.385 Y114.799 F7800
;TYPE:External perimeter
G1 F1800
G1 X87.51 Y114.862 E4.31919
G1 X89.091 Y114.862 E4.39523
G1 X89.095 Y117.695 E4.53149
G1 X89.148 Y117.827 E4.53833
G1 X89.288 Y117.887 E4.54566
G1 X93.039 Y117.887 E4.72607
G1 X93.808 Y119.616 E4.81708
G1 X93.808 Y120.995 E4.88341
G1 X93.846 Y121.11 E4.88924
;WIDTH:0.494063
G1 X93.898 Y121.158 E4.89303
;WIDTH:0.538127
G1 X93.949 Y121.206 E4.89717
;WIDTH:0.582191
G1 X94.001 Y121.254 E4.90174
G1 X97.724 Y121.254 E5.14219
G1 X97.769 Y121.213 E5.14612
;WIDTH:0.538127
G1 X97.813 Y121.173 E5.14963
;WIDTH:0.494063
G1 X97.858 Y121.132 E5.15289
;WIDTH:0.45
G1 X97.916 Y120.995 E5.16005
G1 X97.916 Y119.616 E5.22638
G1 X98.447 Y118.437 E5.28857
G1 X101.576 Y118.437 E5.43906
G1 X101.577 Y119.106 E5.47124
G1 X101.577 Y119.775 E5.50342
G1 X100.021 Y119.775 E5.57826
G1 X99.867 Y119.852 E5.58654
G1 X98.385 Y121.837 E5.70568
;WIDTH:0.494063
G1 X98.164 Y121.815 E5.71758
;WIDTH:0.538127
G1 X97.944 Y121.793 E5.73064
;WIDTH:0.582191
G1 X97.724 Y121.771 E5.74492
G1 X94.001 Y121.771 E5.98537
G1 X93.78 Y121.793 E5.99971
;WIDTH:0.538127
G1 X93.56 Y121.815 E6.01277
;WIDTH:0.494063
G1 X93.339 Y121.837 E6.02467
;WIDTH:0.45
G1 X91.857 Y119.852 E6.14381
G1 X91.703 Y119.775 E6.15209
G1 X85.533 Y119.775 E6.44885
G1 X85.533 Y114.904 E6.68313
G1 X85.74 Y114.768 E6.69504
G1 X85.767 Y114.311 E6.71706
G1 X87.317 Y114.311 E6.79161
G1 X87.317 Y114.67 E6.80888
G1 X87.346 Y114.759 E6.81338
G1 X87.735 Y114.854 F7800
G1 X86.593 Y115.687
;TYPE:Solid infill
G1 F2485
G1 X86.593 Y118.715 E6.95902
G1 X88.685 Y118.707 E7.05964
G1 X88.343 Y118.497 E7.07894
G1 X88.066 Y117.924 E7.10955
G1 X88.032 Y115.922 E7.20585
G1 X87.407 Y115.917 E7.23591
G1 X86.912 Y115.764 E7.26083
G1 X86.593 Y115.495 E7.2809
G1 E5.2809 F2400
G92 E0
G1 X86.979 Y117.633 F7800
G1 E2 F2400
G1 F2485
G1 X86.979 Y118.329 E2.03348
G1 X87.833 Y118.329 E2.07455
G1 X87.668 Y117.929 E2.09536
G1 X87.658 Y117.437 E2.11903
;WIDTH:0.498436
G1 X87.633 Y117.304 E2.12636
;WIDTH:0.546873
G1 X87.608 Y117.171 E2.1345
;WIDTH:0.595309
G1 X87.582 Y117.038 E2.14347
G1 X87.578 Y116.376 E2.18731
;WIDTH:0.593785
G1 X87.227 Y116.349 E2.21056
G1 X87.051 Y116.298 E2.22266
;WIDTH:0.595309
G1 X87.052 Y117.04 E2.2718
G1 X87.027 Y117.173 E2.28076
;WIDTH:0.546873
G1 X87.003 Y117.307 E2.28895
;WIDTH:0.498436
G1 X86.979 Y117.44 E2.29627
;WIDTH:0.45
G1 X87.149 Y117.44 E2.30445
;WIDTH:0.404006
G1 X87.319 Y117.44 E2.31165
;WIDTH:0.371991
G1 X87.326 Y117.982 E2.33245
G1 E.33245 F2400
G92 E0
G1 X98.674 Y97.81 F7800
G1 E2 F2400
;TYPE:Perimeter
;WIDTH:0.42373
G1 F1800
G1 X99.257 Y98.597 E2.0439
G1 X99.667 Y98.804 E2.06449
G1 X98.937 Y98.804 E2.09721
G1 X98.686 Y98.246 E2.12463
G1 X98.676 Y97.87 E2.14149
G1 X98.275 Y96.723 F7800
;WIDTH:0.531381
G1 F1800
G1 X98.528 Y97.025 E2.16444
;WIDTH:0.49069
G1 X98.781 Y97.327 E2.18539
;WIDTH:0.45
G1 X99.556 Y98.376 E2.24812
;WIDTH:0.495161
G1 X99.789 Y98.516 E2.26272
;WIDTH:0.540322
G1 X100.021 Y98.656 E2.27881
G1 X101.146 Y98.656 E2.34559
G1 X101.146 Y98.894 E2.35972
;WIDTH:0.540321
G1 X101.146 Y99.132 E2.37385
G1 X100.021 Y99.132 E2.44063
G1 X99.359 Y99.154 E2.47995
;WIDTH:0.495161
G1 X98.697 Y99.177 E2.51554
;WIDTH:0.45
G1 X98.346 Y98.399 E2.55659
G1 X98.302 Y98.194 E2.56667
;WIDTH:0.468059
G1 X98.311 Y97.005 E2.62654
;WIDTH:0.49972
G1 X98.293 Y96.864 E2.63426
;WIDTH:0.531381
G1 X98.282 Y96.783 E2.63902
G1 X98.175 Y96.586 F7800
G1 F1800
G1 X98.275 Y96.723 E2.6489
G1 E.6489 F2400
G92 E0
G1 X86.847 Y102.642 F7800
G1 E2 F2400
;WIDTH:0.45
G1 F1800
G1 X86.824 Y102.652 E2.00121
G1 X86.787 Y102.743 E2.00593
G1 X86.37 Y102.743 E2.02599
G1 X86.304 Y102.711 E2.02952
G1 X86.304 Y98.996 E2.2082
G1 X89.288 Y98.986 E2.35172
;WIDTH:0.429704
G1 X91.703 Y98.986 E2.46176
;WIDTH:0.477747
G1 X91.971 Y98.932 E2.47586
;WIDTH:0.525792
G1 X92.24 Y98.878 E2.49165
G1 X92.506 Y98.632 E2.5125
G1 X92.999 Y97.971 E2.55996
G1 X92.999 Y98.213 E2.57389
G1 X92.514 Y99.303 E2.64255
G1 X92.033 Y99.327 E2.67027
;WIDTH:0.477747
G1 X91.703 Y99.351 E2.68733
;WIDTH:0.429704
G1 X89.288 Y99.351 E2.79737
;WIDTH:0.438316
G1 X89.122 Y99.362 E2.80513
;WIDTH:0.45
G1 X88.586 Y99.644 E2.83426
G1 X88.334 Y100.165 E2.8621
G1 X88.321 Y102.366 E2.96796
G1 X87.414 Y102.371 E3.01158
G1 X86.901 Y102.616 E3.03892
G1 X87.118 Y102.915 F7800
G1 F1800
G1 X87.098 Y102.924 E3.03997
G1 X87.014 Y103.128 E3.05058
G1 X86.08 Y103.128 E3.0955
G1 X86.021 Y102.963 E3.10393
G1 X85.918 Y102.915 E3.1094
G1 X85.918 Y98.611 E3.31641
G1 X91.703 Y98.611 E3.59465
G1 X92.013 Y98.52 E3.61019
G1 X92.166 Y98.378 E3.62023
G1 X92.524 Y97.899 E3.64899
;WIDTH:0.468426
G1 X93.245 Y96.949 E3.70909
;WIDTH:0.49894
G1 X93.347 Y96.838 E3.71726
;WIDTH:0.529455
G1 X93.449 Y96.727 E3.726
G1 X93.431 Y96.866 E3.73413
;WIDTH:0.49894
G1 X93.413 Y97.005 E3.74173
;WIDTH:0.468426
G1 X93.422 Y98.197 E3.8018
;WIDTH:0.45
G1 X93.422 Y98.303 E3.8069
G1 X92.789 Y99.727 E3.88185
G1 X89.288 Y99.727 E4.05024
G1 X89.188 Y99.736 E4.05507
G1 X88.867 Y99.909 E4.07261
G1 X88.716 Y100.221 E4.08928
G1 X88.71 Y100.304 E4.09328
G1 X88.706 Y102.752 E4.21102
G1 X87.51 Y102.752 E4.26854
G1 X87.173 Y102.892 E4.28609
G1 E2.28609 F2400
G92 E0
G1 X93.449 Y96.727 F7800
G1 E2 F2400
;WIDTH:0.529455
G1 F1800
G1 X93.581 Y96.577 E2.01159
G1 E.01159 F2400
G92 E0
G1 X87.38 Y103.192 F7800
G1 E2 F2400
;TYPE:External perimeter
;WIDTH:0.45
G1 F1800
G1 X87.373 Y103.195 E2.00037
G1 X87.317 Y103.33 E2.0074
G1 X87.317 Y103.514 E2.01625
G1 X85.767 Y103.514 E2.0908
G1 X85.767 Y103.33 E2.09965
G1 X85.723 Y103.208 E2.10589
G1 X85.533 Y103.137 E2.11565
G1 X85.533 Y98.225 E2.3519
G1 X91.703 Y98.225 E2.64866
G1 X91.857 Y98.148 E2.65694
G1 X93.339 Y96.162 E2.77612
;WIDTH:0.494064
G1 X93.56 Y96.185 E2.78803
;WIDTH:0.538128
G1 X93.78 Y96.207 E2.80109
;WIDTH:0.582192
G1 X94.001 Y96.229 E2.81543
G1 X97.724 Y96.229 E3.05588
G1 X97.944 Y96.207 E3.07016
;WIDTH:0.538128
G1 X98.165 Y96.185 E3.08328
;WIDTH:0.494064
G1 X98.386 Y96.162 E3.09519
;WIDTH:0.45
G1 X99.866 Y98.147 E3.21428
G1 X100.021 Y98.225 E3.22263
G1 X101.577 Y98.225 E3.29747
G1 X101.577 Y98.894 E3.32965
G1 X101.576 Y99.562 E3.36178
G1 X98.447 Y99.562 E3.51227
G1 X97.916 Y98.384 E3.57442
G1 X97.916 Y97.488 E3.61751
G1 X97.895 Y96.918 E3.64494
;WIDTH:0.494064
G1 X97.838 Y96.86 E3.6493
;WIDTH:0.538128
G1 X97.781 Y96.803 E3.65406
;WIDTH:0.582192
G1 X97.724 Y96.746 E3.65927
G1 X94.001 Y96.746 E3.89972
G1 X93.956 Y96.787 E3.90365
;WIDTH:0.538128
G1 X93.911 Y96.827 E3.90721
;WIDTH:0.494064
G1 X93.866 Y96.868 E3.91047
;WIDTH:0.45
G1 X93.808 Y97.005 E3.91763
G1 X93.808 Y98.384 E3.98396
G1 X93.039 Y100.112 E4.07493
G1 X89.288 Y100.112 E4.25534
G1 X89.148 Y100.173 E4.26268
G1 X89.095 Y100.305 E4.26952
G1 X89.091 Y103.137 E4.40573
G1 X87.51 Y103.137 E4.48177
G1 X87.435 Y103.169 E4.48569
G1 X87.25 Y103.523 F7800
G1 X86.593 Y102.455
;TYPE:Solid infill
G1 F2485
G1 X86.593 Y99.285 E4.63816
G1 X88.631 Y99.291 E4.73618
G1 X88.345 Y99.499 E4.75319
G1 X88.047 Y100.158 E4.78798
G1 X88.032 Y102.078 E4.88033
G1 X87.334 Y102.101 E4.91392
G1 X86.767 Y102.372 E4.94415
G1 X86.979 Y100.56 F7800
G1 F2485
G1 X86.979 Y99.669 E4.987
G1 X87.836 Y99.665 E5.02822
G1 X87.668 Y100.069 E5.04926
G1 X87.658 Y100.563 E5.07302
;WIDTH:0.498436
G1 X87.633 Y100.696 E5.08035
;WIDTH:0.546873
G1 X87.608 Y100.829 E5.08849
;WIDTH:0.595309
G1 X87.582 Y100.962 E5.09746
G1 X87.578 Y101.624 E5.1413
;WIDTH:0.593783
G1 X87.411 Y101.625 E5.15233
G1 X87.051 Y101.729 E5.17707
G1 X87.051 Y101.634 E5.18334
;WIDTH:0.595309
G1 X87.052 Y100.96 E5.22797
G1 X87.032 Y100.855 E5.23505
;WIDTH:0.557112
G1 X87.013 Y100.75 E5.24161
;WIDTH:0.518915
G1 X87.09 Y100.702 E5.24675
;WIDTH:0.478689
G1 X87.166 Y100.655 E5.25137
;WIDTH:0.438463
G1 X87.242 Y100.608 E5.25554
;WIDTH:0.398237
G1 X87.319 Y100.56 E5.25932
;WIDTH:0.372529
G1 X87.326 Y100.014 E5.28031
G1 E3.28031 F2400
G92 E0
G92 E0
G1 X81.187 Y85.287 F7800
G1 E2 F2400
;TYPE:Perimeter
;WIDTH:0.45
G1 F1800
G1 X81.215 Y85.268 E2.00163
G1 X81.364 Y85.02 E2.01555
G1 X81.598 Y85.02 E2.0268
G1 X81.747 Y85.268 E2.04072
G1 X82.118 Y85.513 E2.0621
G1 X82.449 Y85.571 E2.07826
G1 X83.26 Y85.571 E2.11727
G1 X83.26 Y86.382 E2.15628
G1 X83.26 Y88.941 E2.27936
G1 X81.244 Y88.941 E2.37632
G1 X81.244 Y86.88 E2.47545
G1 X81.169 Y86.507 E2.49375
G1 X81.013 Y86.254 E2.50805
G1 X80.815 Y86.078 E2.52079
G1 X80.475 Y85.94 E2.53844
;WIDTH:0.441688
G1 X80.28 Y85.926 E2.54764
;WIDTH:0.429703
G1 X76.404 Y85.926 E2.72425
;WIDTH:0.438315
G1 X76.238 Y85.937 E2.73201
;WIDTH:0.45
G1 X75.81 Y86.121 E2.75442
G1 X75.503 Y86.537 E2.77929
G1 X74.676 Y88.666 E2.88914
G1 X72.927 Y88.666 E2.97326
G1 X72.1 Y86.537 E3.08311
G1 X71.793 Y86.121 E3.10798
G1 X71.199 Y85.926 E3.13805
;WIDTH:0.429703
G1 X68.845 Y85.926 E3.24531
G1 X68.845 Y85.561 E3.26194
G1 X71.199 Y85.561 E3.3692
;WIDTH:0.45
G1 X76.404 Y85.561 E3.61954
;WIDTH:0.429703
G1 X80.28 Y85.561 E3.79615
;WIDTH:0.441688
G1 X80.513 Y85.567 E3.80712
;WIDTH:0.45
G1 X80.874 Y85.501 E3.82477
G1 X81.138 Y85.321 E3.84014
G1 X80.917 Y85.009 F7800
G1 F2485
G1 X81.011 Y84.902 E3.84699
G1 X81.084 Y84.634 E3.86035
G1 X81.878 Y84.634 E3.89854
G1 X81.951 Y84.902 E3.9119
G1 X82.028 Y85.004 E3.91805
G1 X82.25 Y85.151 E3.93086
G1 X82.449 Y85.186 E3.94058
G1 X83.645 Y85.186 E3.9981
G1 X83.645 Y86.382 E4.05562
G1 X83.645 Y89.327 E4.19726
G1 X80.858 Y89.327 E4.33131
G1 X80.858 Y86.88 E4.449
G1 X80.813 Y86.657 E4.45994
G1 X80.601 Y86.399 E4.476
G1 X80.28 Y86.302 E4.49213
G1 X76.404 Y86.302 E4.67855
G1 X76.048 Y86.425 E4.69667
G1 X75.863 Y86.674 E4.71159
G1 X74.937 Y89.052 E4.83433
G1 X72.666 Y89.052 E4.94356
G1 X71.74 Y86.674 E5.0663
G1 X71.555 Y86.425 E5.08122
G1 X71.199 Y86.302 E5.09934
G1 X68.47 Y86.302 E5.2306
G1 X68.47 Y85.186 E5.28428
G1 X80.28 Y85.186 E5.8523
G1 X80.73 Y85.144 E5.87404
G1 X80.868 Y85.064 E5.88171
G1 X80.877 Y85.054 E5.88236
G1 X80.642 Y84.738 F7800
;TYPE:External perimeter
G1 F1800
G1 X80.679 Y84.706 E5.88471
G1 X80.706 Y84.249 E5.90673
G1 X82.256 Y84.249 E5.98128
G1 X82.256 Y84.607 E5.9985
G1 X82.309 Y84.739 E6.00534
G1 X82.449 Y84.8 E6.01268
G1 X84.031 Y84.8 E6.08877
G1 X84.031 Y86.382 E6.16486
G1 X84.031 Y89.712 E6.32502
G1 X80.473 Y89.712 E6.49615
G1 X80.473 Y86.88 E6.63236
G1 X80.427 Y86.755 E6.63877
G1 X80.28 Y86.687 E6.64656
G1 X76.404 Y86.687 E6.83298
G1 X76.285 Y86.728 E6.83903
G1 X76.224 Y86.812 E6.84402
G1 X75.679 Y88.241 E6.91758
G1 X75.197 Y89.437 E6.9796
G1 X72.406 Y89.438 E7.11384
G1 X71.924 Y88.241 E7.1759
G1 X71.379 Y86.812 E7.24946
G1 X71.318 Y86.728 E7.25445
G1 X71.199 Y86.687 E7.2605
G1 X68.084 Y86.687 E7.41032
G1 X68.084 Y84.8 E7.50108
G1 X80.28 Y84.8 E8.08767
G1 X80.586 Y84.786 E8.1024
G1 X80.596 Y84.777 E8.10305
G1 X80.692 Y84.389 F7800
G1 X81.059 Y85.802
;TYPE:Solid infill
;WIDTH:0.581996
G1 F2485
G1 X81.494 Y85.493 E8.1375
G1 X81.6 Y85.61 E8.14769
G1 X81.731 Y85.664 E8.15684
;WIDTH:0.537997
G1 X81.862 Y85.718 E8.16521
;WIDTH:0.493998
G1 X81.994 Y85.772 E8.17285
;WIDTH:0.45
G1 X82.337 Y85.854 E8.18981
G1 X82.971 Y85.86 E8.2203
G1 X82.971 Y88.652 E8.35459
G1 X81.533 Y88.652 E8.42375
G1 X81.533 Y86.884 E8.50878
G1 X81.447 Y86.434 E8.53082
;WIDTH:0.484125
G1 X81.395 Y86.311 E8.53781
;WIDTH:0.51825
G1 X81.344 Y86.187 E8.5454
;WIDTH:0.552376
G1 X81.293 Y86.064 E8.5535
;WIDTH:0.565751
G1 X81.187 Y85.946 E8.56342
;WIDTH:0.45
G1 X81.857 Y86.214 E8.59813
;WIDTH:0.610779
G1 X82.19 Y86.303 E8.62162
G1 X82.505 Y86.322 E8.64313
G1 X82.515 Y86.884 E8.68144
;WIDTH:0.590272
G1 X82.515 Y88.196 E8.7675
G1 X81.989 Y88.196 E8.802
G1 X81.989 Y86.884 E8.88806
;WIDTH:0.599285
G1 X81.981 Y86.755 E8.89668
;WIDTH:0.606792
G1 X81.9 Y86.401 E8.92125
G1 E6.92125 F2400
G92 E0
G1 X71.951 Y85.861 F7800
G1 E2 F2400
;WIDTH:0.45
G1 F2485
G1 X74.975 Y85.852 E2.14544
G1 X75.648 Y85.869 E2.17782
G1 X75.228 Y86.446 E2.21215
G1 X74.48 Y88.377 E2.31175
G1 X73.123 Y88.377 E2.37702
G1 X72.375 Y86.445 E2.47666
G1 X72.066 Y86.016 E2.50209
G1 X72.7 Y86.244 E2.5345
G1 X74.906 Y86.238 E2.6406
G1 X74.216 Y87.991 E2.73121
G1 X73.387 Y87.991 E2.77108
G1 X72.778 Y86.42 E2.85212
G1 X73.272 Y86.628 E2.8779
G1 X74.332 Y86.625 E2.92888
G1 X73.952 Y87.606 E2.97948
G1 X73.651 Y87.606 E2.99396
G1 X73.342 Y86.808 E3.03512
G1 E1.03512 F2400
G92 E0
G1 X81.187 Y72.608 F7800
G1 E2 F2400
;TYPE:Perimeter
G1 F1800
G1 X81.165 Y72.557 E2.00267
G1 X80.874 Y72.374 E2.0192
G1 X80.513 Y72.309 E2.03684
;WIDTH:0.439359
G1 X80.28 Y72.314 E2.04774
;WIDTH:0.429703
G1 X76.404 Y72.314 E2.22435
;WIDTH:0.45
G1 X71.199 Y72.314 E2.47469
;WIDTH:0.429704
G1 X68.845 Y72.314 E2.58195
G1 X68.845 Y71.949 E2.59858
G1 X71.199 Y71.949 E2.70584
;WIDTH:0.438316
G1 X71.365 Y71.938 E2.7136
;WIDTH:0.45
G1 X71.793 Y71.754 E2.73601
G1 X72.1 Y71.338 E2.76088
G1 X72.927 Y69.209 E2.87073
G1 X74.676 Y69.209 E2.95485
G1 X75.503 Y71.338 E3.0647
G1 X75.81 Y71.754 E3.08957
G1 X76.404 Y71.949 E3.11964
;WIDTH:0.429703
G1 X80.28 Y71.949 E3.29625
;WIDTH:0.438316
G1 X80.445 Y71.938 E3.30396
;WIDTH:0.45
G1 X80.815 Y71.797 E3.323
G1 X81.013 Y71.621 E3.33574
G1 X81.169 Y71.368 E3.35004
G1 X81.244 Y70.995 E3.36834
G1 X81.244 Y68.934 E3.46747
G1 X83.26 Y68.934 E3.56443
G1 X83.26 Y69.942 E3.61291
G1 X83.26 Y72.304 E3.72651
G1 X82.449 Y72.304 E3.76552
G1 X82.118 Y72.362 E3.78168
G1 X81.858 Y72.506 E3.79597
G1 X81.744 Y72.68 E3.80598
G1 X81.219 Y72.68 E3.83123
G1 X81.211 Y72.663 E3.83213
G1 X80.921 Y72.88 F7800
G1 F2485
G1 X80.904 Y72.841 E3.83418
G1 X80.73 Y72.731 E3.84408
G1 X80.513 Y72.689 E3.85471
G1 X68.47 Y72.689 E4.43394
G1 X68.47 Y71.573 E4.48762
G1 X71.199 Y71.573 E4.61888
G1 X71.555 Y71.45 E4.637
G1 X71.74 Y71.201 E4.65192
G1 X72.666 Y68.823 E4.77466
G1 X74.937 Y68.823 E4.88389
G1 X75.863 Y71.201 E5.00663
G1 X76.048 Y71.45 E5.02155
G1 X76.404 Y71.573 E5.03967
G1 X80.28 Y71.573 E5.22609
G1 X80.601 Y71.476 E5.24222
G1 X80.813 Y71.218 E5.25828
G1 X80.858 Y70.995 E5.26922
G1 X80.858 Y68.548 E5.38691
G1 X83.645 Y68.548 E5.52096
G1 X83.645 Y69.942 E5.58801
G1 X83.645 Y72.689 E5.72013
G1 X82.388 Y72.693 E5.78059
G1 X82.094 Y72.811 E5.79583
G1 X81.96 Y73.066 E5.80968
G1 X81.003 Y73.066 E5.85571
G1 X80.945 Y72.935 E5.8626
G1 X80.65 Y73.139 F7800
;TYPE:External perimeter
G1 F1800
G1 X80.644 Y73.126 E5.86329
G1 X80.513 Y73.075 E5.87005
G1 X68.084 Y73.075 E6.46784
G1 X68.084 Y71.187 E6.55865
G1 X71.199 Y71.187 E6.70847
G1 X71.318 Y71.147 E6.71451
G1 X71.379 Y71.063 E6.7195
G1 X71.924 Y69.634 E6.79306
G1 X72.406 Y68.437 E6.85512
G1 X75.197 Y68.437 E6.98936
G1 X75.679 Y69.634 E7.05142
G1 X76.224 Y71.063 E7.12498
G1 X76.285 Y71.147 E7.12997
G1 X76.404 Y71.187 E7.13601
G1 X80.28 Y71.187 E7.32243
G1 X80.427 Y71.12 E7.3302
G1 X80.473 Y70.995 E7.33661
G1 X80.473 Y68.162 E7.47287
G1 X84.031 Y68.162 E7.644
G1 X84.031 Y69.942 E7.72961
G1 X84.031 Y73.075 E7.8803
G1 X82.449 Y73.075 E7.95639
G1 X82.331 Y73.115 E7.96238
G1 X82.256 Y73.268 E7.97058
G1 X82.256 Y73.451 E7.97938
G1 X80.706 Y73.451 E8.05393
G1 X80.706 Y73.268 E8.06273
G1 X80.674 Y73.194 E8.06661
G1 X80.29 Y73.081 F7800
G1 X80.933 Y72.095
;TYPE:Solid infill
G1 F2485
G1 X81.213 Y71.827 E8.08525
G1 X81.422 Y71.504 E8.10375
G1 X81.533 Y70.991 E8.12899
G1 X81.533 Y69.223 E8.21402
G1 X82.971 Y69.223 E8.28318
G1 X82.971 Y72.015 E8.41747
G1 X82.337 Y72.021 E8.44796
G1 X82.097 Y72.072 E8.45976
G1 X81.722 Y72.264 E8.48002
G1 X81.574 Y72.391 E8.4894
G1 X81.369 Y72.391 E8.49926
G1 X81.288 Y72.283 E8.50575
G1 X81.103 Y72.185 E8.51582
G1 X81.857 Y71.661 F7800
;WIDTH:0.610777
G1 F2485
G1 X81.904 Y71.533 E8.52511
G1 X81.989 Y70.991 E8.5625
;WIDTH:0.59027
G1 X81.989 Y69.679 E8.64856
G1 X82.515 Y69.679 E8.68306
G1 X82.515 Y70.991 E8.76912
;WIDTH:0.610777
G1 X82.505 Y71.553 E8.80743
G1 X82.333 Y71.555 E8.81915
G1 X82.045 Y71.619 E8.83926
G1 E6.83926 F2400
G92 E0
G1 X72.005 Y71.942 F7800
G1 E2 F2400
;WIDTH:0.45
G1 F2485
G1 X72.375 Y71.43 E2.03038
G1 X73.123 Y69.498 E2.13002
G1 X74.48 Y69.498 E2.19529
G1 X75.228 Y71.429 E2.29489
G1 X75.651 Y72.014 E2.32961
G1 X72.056 Y72.024 E2.50252
G1 X72.697 Y71.637 E2.53853
G1 X73.387 Y69.884 E2.62914
G1 X74.216 Y69.884 E2.66901
G1 X74.903 Y71.631 E2.7593
G1 X72.89 Y71.636 E2.85612
G1 X73.271 Y71.25 E2.88221
G1 X73.651 Y70.269 E2.93281
G1 X73.952 Y70.269 E2.94729
G1 X74.33 Y71.247 E2.99772
G1 X73.464 Y71.249 E3.03937
;LAYER_CHANGE
;Z:7.25
;HEIGHT:0.3
G1 E1.03937 F2400
G92 E0
G1 Z7.25 F7800
G92 E0
G1 X98.528 Y120.242
G1 E2 F2400
;TYPE:Perimeter
;WIDTH:0.452362
G1 F1800
G1 X98.528 Y119.794 E2.02168
G1 X98.808 Y119.21 E2.05302
G1 X99.474 Y119.21 E2.08525
G1 X99.195 Y119.378 E2.10101
G1 X98.565 Y120.195 E2.15093
G1 X98.066 Y121.383 F7800
;WIDTH:0.563119
G1 F1800
G1 X98.091 Y121.253 E2.15916
;WIDTH:0.525412
G1 X98.116 Y121.124 E2.16672
;WIDTH:0.487706
G1 X98.142 Y120.995 E2.17367
;WIDTH:0.45
G1 X98.142 Y119.706 E2.23567
G1 X98.564 Y118.823 E2.28274
G1 X99.112 Y118.823 E2.3091
;WIDTH:0.49516
G1 X99.536 Y118.846 E2.33191
;WIDTH:0.540321
G1 X99.959 Y118.868 E2.35705
G1 X101.099 Y118.868 E2.42472
G1 X101.098 Y119.107 E2.43891
G1 X101.098 Y119.344 E2.45298
G1 X100.86 Y119.344 E2.46711
;WIDTH:0.54685
G1 X99.851 Y119.35 E2.52783
G1 X99.676 Y119.482 E2.54102
;WIDTH:0.498425
G1 X99.501 Y119.614 E2.55289
;WIDTH:0.45
G1 X98.375 Y121.074 E2.64157
;WIDTH:0.487706
G1 X98.272 Y121.177 E2.64926
;WIDTH:0.525412
G1 X98.169 Y121.28 E2.65764
;WIDTH:0.563119
G1 X98.108 Y121.34 E2.66296
G1 E.66296 F2400
G92 E0
G1 X86.841 Y115.341 F7800
G1 E2 F2400
;WIDTH:0.45
G1 F1800
G1 X87.095 Y115.54 E2.01552
G1 X87.51 Y115.634 E2.03599
G1 X88.365 Y115.634 E2.07711
G1 X88.36 Y117.692 E2.17609
G1 X88.48 Y118.162 E2.19942
G1 X88.801 Y118.505 E2.22201
G1 X89.324 Y118.649 E2.2481
;WIDTH:0.429703
G1 X91.765 Y118.649 E2.35932
;WIDTH:0.467552
G1 X92.055 Y118.668 E2.37393
;WIDTH:0.505402
G1 X92.345 Y118.686 E2.38991
;WIDTH:0.543253
G1 X92.635 Y118.705 E2.40727
G1 X93.141 Y119.781 E2.47829
G1 X93.15 Y120.109 E2.49789
G1 X92.565 Y119.35 E2.55513
G1 X92.346 Y119.141 E2.57321
G1 X92.152 Y119.098 E2.58508
;WIDTH:0.505402
G1 X91.958 Y119.056 E2.596
;WIDTH:0.467552
G1 X91.765 Y119.014 E2.60593
;WIDTH:0.429703
G1 X89.324 Y119.014 E2.71715
;WIDTH:0.45
G1 X86.255 Y119.004 E2.86476
G1 X86.255 Y115.311 E3.04238
G1 X86.32 Y115.281 E3.04582
G1 X86.425 Y115.082 E3.05664
G1 X86.659 Y115.082 E3.06789
G1 X86.764 Y115.281 E3.07871
G1 X86.794 Y115.304 E3.08053
G1 X87.118 Y115.061 F7800
G1 F1800
G1 X87.261 Y115.192 E3.08986
G1 X87.51 Y115.248 E3.10214
G1 X88.752 Y115.248 E3.16188
G1 X88.745 Y117.693 E3.27948
G1 X88.818 Y117.975 E3.29349
G1 X89.01 Y118.181 E3.30703
G1 X89.324 Y118.273 E3.32277
G1 X92.91 Y118.273 E3.49524
G1 X93.583 Y119.704 E3.5713
G1 X93.583 Y120.995 E3.63339
;WIDTH:0.487707
G1 X93.608 Y121.124 E3.64033
;WIDTH:0.525415
G1 X93.633 Y121.253 E3.64789
;WIDTH:0.563123
G1 X93.658 Y121.383 E3.65612
G1 X93.555 Y121.28 E3.66518
;WIDTH:0.525415
G1 X93.452 Y121.177 E3.67356
;WIDTH:0.487707
G1 X93.349 Y121.074 E3.68125
;WIDTH:0.45
G1 X92.633 Y120.146 E3.73762
G1 X92.097 Y119.494 E3.77822
G1 X91.765 Y119.389 E3.79497
G1 X85.869 Y119.389 E4.07855
G1 X85.869 Y115.108 E4.28445
G1 X86.021 Y115.036 E4.29254
G1 X86.145 Y114.697 E4.3099
G1 X86.939 Y114.697 E4.34809
G1 X87.012 Y114.965 E4.36145
G1 X87.074 Y115.021 E4.36547
G1 X87.383 Y114.802 F7800
;TYPE:External perimeter
G1 F1800
G1 X87.51 Y114.862 E4.37223
G1 X89.138 Y114.862 E4.45053
G1 X89.131 Y117.694 E4.58674
G1 X89.219 Y117.857 E4.59565
G1 X89.324 Y117.887 E4.6009
G1 X93.155 Y117.887 E4.78516
G1 X93.968 Y119.618 E4.87714
G1 X93.968 Y120.995 E4.94337
G1 X94.008 Y121.112 E4.94932
;WIDTH:0.494063
G1 X94.059 Y121.16 E4.95307
;WIDTH:0.538127
G1 X94.11 Y121.207 E4.95717
;WIDTH:0.582191
G1 X94.161 Y121.254 E4.96165
G1 X97.563 Y121.254 E5.18137
;WIDTH:0.586114
G1 X97.608 Y121.252 E5.1843
G1 X97.658 Y121.166 E5.19077
;WIDTH:0.540742
G1 X97.707 Y121.08 E5.19665
;WIDTH:0.495371
G1 X97.756 Y120.995 E5.20192
;WIDTH:0.45
G1 X97.756 Y119.619 E5.2681
G1 X98.322 Y118.437 E5.33113
G1 X101.531 Y118.437 E5.48547
G1 X101.529 Y119.108 E5.51774
G1 X101.527 Y119.775 E5.54982
G1 X99.959 Y119.775 E5.62524
G1 X99.807 Y119.85 E5.63339
G1 X98.273 Y121.837 E5.75412
;WIDTH:0.494063
G1 X98.037 Y121.815 E5.76682
;WIDTH:0.538127
G1 X97.8 Y121.793 E5.78088
;WIDTH:0.582191
G1 X97.563 Y121.771 E5.79625
G1 X94.161 Y121.771 E6.01597
G1 X93.924 Y121.793 E6.03134
;WIDTH:0.538127
G1 X93.688 Y121.815 E6.04535
;WIDTH:0.494063
G1 X93.451 Y121.837 E6.05811
;WIDTH:0.45
G1 X91.917 Y119.85 E6.17884
G1 X91.765 Y119.775 E6.18699
G1 X85.484 Y119.775 E6.48908
G1 X85.484 Y114.862 E6.72538
G1 X85.574 Y114.862 E6.72971
G1 X85.74 Y114.768 E6.73889
G1 X85.767 Y114.311 E6.76091
G1 X87.317 Y114.311 E6.83546
G1 X87.317 Y114.67 E6.85273
G1 X87.349 Y114.759 E6.85728
G1 X87.737 Y114.855 F7800
G1 X86.544 Y115.47
;TYPE:Solid infill
G1 F2645
G1 X86.937 Y115.778 E6.8813
G1 X87.406 Y115.917 E6.90483
G1 X88.075 Y115.922 E6.93701
G1 X88.077 Y117.74 E7.02445
G1 X88.256 Y118.337 E7.05443
G1 X88.609 Y118.715 E7.07931
G1 X86.544 Y118.715 E7.17863
G1 X86.544 Y115.663 E7.32542
G1 X86.93 Y116.191 E7.35688
G1 X87.252 Y116.282 E7.37297
G1 X87.688 Y116.305 E7.39397
G1 X87.685 Y117.69 E7.46058
G1 X87.703 Y117.837 E7.4677
G1 X87.831 Y118.329 E7.49215
G1 X86.93 Y118.329 E7.53548
G1 X86.93 Y116.384 E7.62903
G1 X87.309 Y116.677 E7.65207
;WIDTH:0.436601
G1 X87.307 Y117.692 E7.69919
;WIDTH:0.465043
G1 X87.323 Y117.936 E7.71141
G1 E5.71141 F2400
G92 E0
G1 X98.529 Y97.748 F7800
G1 E2 F2400
;TYPE:Perimeter
;WIDTH:0.452821
G1 F1800
G1 X99.191 Y98.617 E2.05293
G1 X99.54 Y98.79 E2.0718
G1 X98.808 Y98.79 E2.10726
G1 X98.543 Y98.235 E2.13706
G1 X98.53 Y97.808 E2.15776
G1 X98.127 Y96.697 F7800
;WIDTH:0.578483
G1 F1800
G1 X98.211 Y96.774 E2.16507
;WIDTH:0.54164
G1 X98.295 Y96.851 E2.17185
;WIDTH:0.504797
G1 X98.379 Y96.928 E2.17811
;WIDTH:0.467954
G1 X99.094 Y97.851 E2.23688
;WIDTH:0.45
G1 X99.499 Y98.383 E2.26904
;WIDTH:0.495161
G1 X99.729 Y98.519 E2.2834
;WIDTH:0.540322
G1 X99.959 Y98.656 E2.29929
G1 X101.098 Y98.656 E2.3669
G1 X101.098 Y98.893 E2.38097
G1 X101.099 Y99.132 E2.39516
G1 X99.959 Y99.132 E2.46283
G1 X99.533 Y99.154 E2.48815
;WIDTH:0.495161
G1 X99.106 Y99.177 E2.51113
;WIDTH:0.45
G1 X98.564 Y99.177 E2.5372
G1 X98.142 Y98.294 E2.58427
G1 X98.142 Y98.173 E2.59009
;WIDTH:0.467954
G1 X98.151 Y97.005 E2.64888
;WIDTH:0.504797
G1 X98.143 Y96.902 E2.65455
;WIDTH:0.54164
G1 X98.135 Y96.8 E2.66064
;WIDTH:0.578483
G1 X98.132 Y96.757 E2.6634
G1 E.6634 F2400
G92 E0
G1 X86.821 Y102.67 F7800
G1 E2 F2400
;WIDTH:0.45
G1 F1800
G1 X86.791 Y102.743 E2.0038
G1 X86.315 Y102.743 E2.02669
G1 X86.255 Y102.672 E2.03116
G1 X86.255 Y98.996 E2.20796
G1 X89.324 Y98.986 E2.35557
;WIDTH:0.429704
G1 X91.765 Y98.986 E2.46679
;WIDTH:0.438316
G1 X91.93 Y98.976 E2.4745
;WIDTH:0.473295
G1 X92.069 Y98.937 E2.48186
;WIDTH:0.508274
G1 X92.207 Y98.898 E2.4898
;WIDTH:0.543253
G1 X92.346 Y98.859 E2.49842
G1 X92.565 Y98.65 E2.5165
G1 X93.15 Y97.891 E2.57374
G1 X93.15 Y98.199 E2.59214
G1 X92.635 Y99.295 E2.66447
G1 X92.244 Y99.314 E2.68785
;WIDTH:0.505403
G1 X92.004 Y99.332 E2.70109
;WIDTH:0.467553
G1 X91.765 Y99.351 E2.71315
;WIDTH:0.429704
G1 X89.324 Y99.351 E2.82437
;WIDTH:0.438316
G1 X89.158 Y99.362 E2.83213
;WIDTH:0.45
G1 X88.801 Y99.495 E2.85045
G1 X88.48 Y99.838 E2.87304
G1 X88.36 Y100.305 E2.89623
G1 X88.365 Y102.366 E2.99536
G1 X87.414 Y102.371 E3.0411
G1 X86.862 Y102.631 E3.07045
G1 X87.095 Y102.939 F7800
G1 F1800
G1 X87.016 Y103.128 E3.0803
G1 X86.076 Y103.128 E3.12551
G1 X86.006 Y102.946 E3.13489
G1 X85.869 Y102.884 E3.14212
G1 X85.869 Y98.611 E3.34764
G1 X91.765 Y98.611 E3.63122
G1 X92.097 Y98.506 E3.64797
G1 X92.223 Y98.386 E3.65634
G1 X92.633 Y97.854 E3.68864
;WIDTH:0.471572
G1 X93.358 Y96.932 E3.74821
;WIDTH:0.505297
G1 X93.437 Y96.857 E3.7542
;WIDTH:0.539022
G1 X93.516 Y96.783 E3.76061
;WIDTH:0.572747
G1 X93.595 Y96.708 E3.76752
G1 X93.587 Y96.807 E3.77382
;WIDTH:0.539022
G1 X93.579 Y96.906 E3.7797
;WIDTH:0.505297
G1 X93.572 Y97.005 E3.78516
;WIDTH:0.471572
G1 X93.583 Y98.177 E3.84469
;WIDTH:0.45
G1 X93.583 Y98.296 E3.85041
G1 X92.91 Y99.727 E3.92647
G1 X89.324 Y99.727 E4.09894
G1 X89.01 Y99.819 E4.11468
G1 X88.818 Y100.025 E4.12822
G1 X88.745 Y100.305 E4.14214
G1 X88.752 Y102.752 E4.25983
G1 X87.51 Y102.752 E4.31957
G1 X87.139 Y102.904 E4.33885
G1 E2.33885 F2400
G92 E0
G1 X93.595 Y96.708 F7800
G1 E2 F2400
;WIDTH:0.572747
G1 F1800
G1 X93.668 Y96.605 E2.008
G1 E.008 F2400
G92 E0
G1 X87.371 Y103.201 F7800
G1 E2 F2400
;TYPE:External perimeter
;WIDTH:0.45
G1 F1800
G1 X87.317 Y103.33 E2.00673
G1 X87.317 Y103.514 E2.01558
G1 X85.767 Y103.514 E2.09013
G1 X85.767 Y103.33 E2.09898
G1 X85.718 Y103.202 E2.10557
G1 X85.484 Y103.137 E2.11725
G1 X85.484 Y98.225 E2.3535
G1 X91.765 Y98.225 E2.65559
G1 X91.917 Y98.15 E2.66374
G1 X93.451 Y96.162 E2.78451
;WIDTH:0.494064
G1 X93.688 Y96.185 E2.79727
;WIDTH:0.538128
G1 X93.924 Y96.207 E2.81128
;WIDTH:0.582192
G1 X94.161 Y96.229 E2.82665
G1 X97.563 Y96.229 E3.04637
G1 X97.801 Y96.207 E3.06181
;WIDTH:0.538128
G1 X98.038 Y96.185 E3.07587
;WIDTH:0.494064
G1 X98.276 Y96.162 E3.08868
;WIDTH:0.45
G1 X99.806 Y98.149 E3.2093
G1 X99.959 Y98.225 E3.21752
G1 X101.527 Y98.225 E3.29294
G1 X101.529 Y98.892 E3.32502
G1 X101.531 Y99.562 E3.35724
G1 X98.322 Y99.562 E3.51158
G1 X97.756 Y98.381 E3.57457
G1 X97.756 Y97.005 E3.64075
G1 X97.732 Y96.913 E3.64532
;WIDTH:0.494064
G1 X97.676 Y96.857 E3.64956
;WIDTH:0.538128
G1 X97.62 Y96.802 E3.6542
;WIDTH:0.582192
G1 X97.563 Y96.746 E3.65936
G1 X94.161 Y96.746 E3.87908
;WIDTH:0.586115
G1 X94.116 Y96.748 E3.88201
G1 X94.081 Y96.793 E3.88572
;WIDTH:0.540743
G1 X94.046 Y96.839 E3.88915
;WIDTH:0.495371
G1 X94.011 Y96.884 E3.89221
;WIDTH:0.45
G1 X93.968 Y97.005 E3.89839
G1 X93.968 Y98.382 E3.96462
G1 X93.155 Y100.112 E4.05656
G1 X89.29 Y100.115 E4.24245
G1 X89.155 Y100.212 E4.25045
G1 X89.131 Y100.305 E4.25507
G1 X89.138 Y103.137 E4.39128
G1 X87.51 Y103.137 E4.46958
G1 X87.422 Y103.173 E4.47415
G1 X87.234 Y103.526 F7800
G1 E2.47415 F2400
G92 E0
G1 X88.425 Y99.277 F7800
G1 E2 F2400
;TYPE:Solid infill
G1 F2645
G1 X86.544 Y99.285 E2.09047
G1 X86.544 Y102.453 E2.24284
G1 X87.334 Y102.101 E2.28444
G1 X87.415 Y102.083 E2.28843
G1 X88.076 Y102.078 E2.32022
G1 X88.079 Y100.178 E2.4116
G1 X88.256 Y99.663 E2.43779
G1 X88.618 Y99.276 E2.46328
G1 X87.831 Y99.665 F7800
G1 F2645
G1 X87.694 Y100.177 E2.48877
G1 X87.691 Y101.695 E2.56178
G1 X87.352 Y101.701 E2.57809
G1 X86.93 Y101.865 E2.59987
G1 X86.93 Y99.669 E2.70549
G1 X87.638 Y99.666 E2.73954
G1 X87.316 Y100.053 E2.76375
;WIDTH:0.450809
G1 X87.312 Y100.177 E2.76973
;WIDTH:0.442665
G1 X87.31 Y101.322 E2.82375
G1 E.82375 F2400
G92 E0
G92 E0
G1 X81.188 Y85.288 F7800
G1 E2 F2400
;TYPE:Perimeter
;WIDTH:0.45
G1 F1800
G1 X81.21 Y85.273 E2.00128
G1 X81.364 Y85.02 E2.01553
G1 X81.598 Y85.02 E2.02678
G1 X81.752 Y85.273 E2.04103
G1 X82.125 Y85.515 E2.06242
G1 X82.449 Y85.571 E2.07823
G1 X83.304 Y85.571 E2.11935
G1 X83.304 Y86.426 E2.16047
G1 X83.304 Y88.941 E2.28143
G1 X81.194 Y88.941 E2.38291
G1 X81.194 Y86.88 E2.48204
G1 X81.13 Y86.534 E2.49896
G1 X80.984 Y86.279 E2.51309
G1 X80.796 Y86.1 E2.52558
G1 X80.466 Y85.947 E2.54307
;WIDTH:0.447352
G1 X80.23 Y85.926 E2.55439
;WIDTH:0.429703
G1 X76.29 Y85.926 E2.73392
;WIDTH:0.438315
G1 X76.124 Y85.937 E2.74168
;WIDTH:0.45
G1 X75.701 Y86.117 E2.76379
G1 X75.393 Y86.527 E2.78845
G1 X75.011 Y87.497 E2.83859
G1 X74.514 Y88.666 E2.89969
G1 X73.089 Y88.666 E2.96823
G1 X72.592 Y87.497 E3.02933
G1 X72.21 Y86.527 E3.07947
G1 X71.902 Y86.117 E3.10413
G1 X71.313 Y85.926 E3.13391
;WIDTH:0.429703
G1 X68.899 Y85.926 E3.2439
G1 X68.899 Y85.561 E3.26053
G1 X71.313 Y85.561 E3.37052
;WIDTH:0.45
G1 X76.29 Y85.561 E3.6099
;WIDTH:0.429703
G1 X80.23 Y85.561 E3.78943
;WIDTH:0.447352
G1 X80.513 Y85.57 E3.80295
;WIDTH:0.45
G1 X80.87 Y85.503 E3.82042
G1 X81.139 Y85.321 E3.83604
G1 X80.916 Y85.008 F7800
G1 F2645
G1 X81.011 Y84.902 E3.84289
G1 X81.084 Y84.634 E3.85625
G1 X81.878 Y84.634 E3.89444
G1 X81.951 Y84.902 E3.9078
G1 X82.031 Y85.007 E3.91415
G1 X82.254 Y85.152 E3.92694
G1 X82.449 Y85.186 E3.93646
G1 X83.69 Y85.186 E3.99615
G1 X83.69 Y86.426 E4.05579
G1 X83.69 Y89.327 E4.19532
G1 X80.809 Y89.327 E4.33389
G1 X80.809 Y86.88 E4.45158
G1 X80.77 Y86.673 E4.46171
G1 X80.57 Y86.412 E4.47752
G1 X80.372 Y86.32 E4.48802
G1 X80.23 Y86.302 E4.4949
G1 X76.29 Y86.302 E4.6844
G1 X75.937 Y86.422 E4.70233
G1 X75.751 Y86.669 E4.7172
G1 X75.368 Y87.643 E4.76754
G1 X74.769 Y89.052 E4.84118
G1 X72.834 Y89.052 E4.93425
G1 X72.235 Y87.643 E5.00789
G1 X71.852 Y86.669 E5.05823
G1 X71.666 Y86.422 E5.0731
G1 X71.313 Y86.302 E5.09103
G1 X68.523 Y86.302 E5.22522
G1 X68.523 Y85.186 E5.2789
G1 X80.23 Y85.186 E5.84197
G1 X80.727 Y85.145 E5.86596
G1 X80.863 Y85.068 E5.87348
G1 X80.876 Y85.053 E5.87443
G1 X80.641 Y84.738 F7800
;TYPE:External perimeter
G1 F1800
G1 X80.679 Y84.706 E5.87682
G1 X80.706 Y84.249 E5.89884
G1 X82.256 Y84.249 E5.97339
G1 X82.256 Y84.607 E5.99061
G1 X82.31 Y84.74 E5.99751
G1 X82.449 Y84.8 E6.00479
G1 X84.075 Y84.8 E6.08299
G1 X84.075 Y86.426 E6.16119
G1 X84.075 Y89.712 E6.31924
G1 X80.423 Y89.712 E6.49489
G1 X80.423 Y86.88 E6.6311
G1 X80.381 Y86.76 E6.63721
G1 X80.23 Y86.687 E6.64528
G1 X76.256 Y86.69 E6.83642
G1 X76.11 Y86.81 E6.84551
G1 X75.725 Y87.789 E6.89611
G1 X75.013 Y89.438 E6.9825
G1 X72.59 Y89.438 E7.09904
G1 X71.431 Y86.728 E7.2408
G1 X71.313 Y86.687 E7.24681
G1 X68.138 Y86.687 E7.39952
G1 X68.138 Y84.8 E7.49028
G1 X80.23 Y84.8 E8.07186
G1 X80.585 Y84.786 E8.08895
G1 X80.596 Y84.777 E8.08963
G1 X80.692 Y84.388 F7800
G1 X81.491 Y85.38
;TYPE:Solid infill
G1 F2645
G1 X81.659 Y85.575 E8.10201
G1 X82.002 Y85.775 E8.12111
G1 X82.34 Y85.854 E8.1378
G1 X83.015 Y85.86 E8.17027
G1 X83.015 Y88.652 E8.30456
G1 X81.483 Y88.652 E8.37824
G1 X81.483 Y86.883 E8.46332
G1 X81.409 Y86.466 E8.48369
G1 X81.191 Y86.079 E8.50505
G1 X80.872 Y85.82 E8.52481
G1 X81.271 Y85.578 E8.54725
G1 X81.348 Y85.509 E8.55222
G1 X81.595 Y85.993 E8.57835
G1 X81.819 Y86.114 E8.59059
G1 X82.213 Y86.226 E8.61029
G1 X82.629 Y86.242 E8.63031
G1 X82.629 Y88.266 E8.72766
G1 X81.869 Y88.266 E8.76421
G1 X81.869 Y86.883 E8.83073
G1 X81.788 Y86.396 E8.85447
G1 X81.678 Y86.167 E8.86669
G1 X82.234 Y86.629 E8.90146
;WIDTH:0.469489
G1 X82.249 Y86.883 E8.91432
;WIDTH:0.438971
G1 X82.249 Y87.886 E8.96118
G1 E6.96118 F2400
G92 E0
G1 X75.356 Y85.851 F7800
G1 E2 F2400
;WIDTH:0.45
G1 F2645
G1 X72.062 Y85.861 E2.15843
G1 X72.459 Y86.388 E2.19016
G1 X73.281 Y88.377 E2.29367
G1 X74.322 Y88.377 E2.34374
G1 X74.738 Y87.4 E2.39481
G1 X75.119 Y86.434 E2.44475
G1 X75.548 Y85.85 E2.4796
G1 X74.79 Y86.238 F7800
G1 F2645
G1 X74.067 Y87.991 E2.5708
G1 X73.536 Y87.991 E2.59634
G1 X72.816 Y86.244 E2.68722
G1 X74.597 Y86.239 E2.77288
G1 X74.15 Y86.67 E2.80275
;WIDTH:0.538209
G1 X73.801 Y87.519 E2.857
G1 X73.454 Y86.672 E2.91109
G1 X73.957 Y86.67 E2.94082
G1 E.94082 F2400
G92 E0
G1 X81.187 Y72.608 F7800
G1 E2 F2400
;TYPE:Perimeter
;WIDTH:0.45
G1 F1800
G1 X81.165 Y72.557 E2.00267
G1 X80.87 Y72.372 E2.01942
G1 X80.513 Y72.308 E2.03686
;WIDTH:0.440824
G1 X80.23 Y72.314 E2.05015
;WIDTH:0.429703
G1 X76.29 Y72.314 E2.22968
;WIDTH:0.45
G1 X71.313 Y72.314 E2.46906
;WIDTH:0.429704
G1 X68.899 Y72.314 E2.57905
G1 X68.899 Y71.949 E2.59568
G1 X71.313 Y71.949 E2.70567
;WIDTH:0.438316
G1 X71.479 Y71.938 E2.71343
;WIDTH:0.45
G1 X71.902 Y71.758 E2.73554
G1 X72.21 Y71.348 E2.7602
G1 X72.592 Y70.378 E2.81034
G1 X73.089 Y69.209 E2.87144
G1 X74.514 Y69.209 E2.93998
G1 X75.011 Y70.378 E3.00108
G1 X75.393 Y71.348 E3.05122
G1 X75.701 Y71.758 E3.07588
G1 X76.29 Y71.949 E3.10566
;WIDTH:0.429703
G1 X80.23 Y71.949 E3.28519
;WIDTH:0.438316
G1 X80.396 Y71.938 E3.29295
;WIDTH:0.45
G1 X80.796 Y71.775 E3.31372
G1 X80.984 Y71.596 E3.32621
G1 X81.13 Y71.341 E3.34034
G1 X81.194 Y70.995 E3.35726
G1 X81.194 Y68.934 E3.45639
G1 X83.304 Y68.934 E3.55787
G1 X83.304 Y69.989 E3.60861
G1 X83.304 Y72.304 E3.71995
G1 X82.449 Y72.304 E3.76107
G1 X82.125 Y72.36 E3.77688
G1 X81.866 Y72.5 E3.79104
G1 X81.744 Y72.68 E3.8015
G1 X81.219 Y72.68 E3.82675
G1 X81.211 Y72.663 E3.82765
G1 X80.921 Y72.88 F7800
G1 F2645
G1 X80.904 Y72.841 E3.8297
G1 X80.727 Y72.73 E3.83975
G1 X80.513 Y72.689 E3.85023
G1 X68.523 Y72.689 E4.42691
G1 X68.523 Y71.573 E4.48059
G1 X71.313 Y71.573 E4.61478
G1 X71.666 Y71.453 E4.63271
G1 X71.852 Y71.206 E4.64758
G1 X72.235 Y70.232 E4.69792
G1 X72.834 Y68.823 E4.77156
G1 X74.769 Y68.823 E4.86463
G1 X75.368 Y70.232 E4.93827
G1 X75.751 Y71.206 E4.98861
G1 X75.937 Y71.453 E5.00348
G1 X76.29 Y71.573 E5.02141
G1 X80.23 Y71.573 E5.21091
G1 X80.33 Y71.564 E5.21574
G1 X80.57 Y71.463 E5.22826
G1 X80.77 Y71.202 E5.24407
G1 X80.809 Y70.995 E5.2542
G1 X80.809 Y68.548 E5.37189
G1 X83.69 Y68.548 E5.51046
G1 X83.69 Y69.989 E5.57977
G1 X83.69 Y72.689 E5.70963
G1 X82.39 Y72.692 E5.77216
G1 X82.099 Y72.807 E5.78721
G1 X81.96 Y73.066 E5.80135
G1 X81.003 Y73.066 E5.84738
G1 X80.945 Y72.935 E5.85427
G1 X80.65 Y73.139 F7800
;TYPE:External perimeter
G1 F1800
G1 X80.644 Y73.126 E5.85496
G1 X80.513 Y73.075 E5.86172
G1 X68.138 Y73.075 E6.45691
G1 X68.138 Y71.187 E6.54772
G1 X71.347 Y71.185 E6.70206
G1 X71.493 Y71.065 E6.71115
G1 X71.878 Y70.086 E6.76175
G1 X72.59 Y68.437 E6.84814
G1 X75.013 Y68.437 E6.96468
G1 X76.172 Y71.147 E7.10644
G1 X76.29 Y71.187 E7.11243
G1 X80.23 Y71.187 E7.30193
G1 X80.381 Y71.115 E7.30998
G1 X80.423 Y70.995 E7.31609
G1 X80.423 Y68.162 E7.45235
G1 X84.075 Y68.162 E7.628
G1 X84.075 Y69.989 E7.71587
G1 X84.075 Y73.075 E7.8643
G1 X82.449 Y73.075 E7.9425
G1 X82.332 Y73.114 E7.94843
G1 X82.256 Y73.268 E7.95669
G1 X82.256 Y73.451 E7.96549
G1 X80.706 Y73.451 E8.04004
G1 X80.706 Y73.268 E8.04884
G1 X80.674 Y73.194 E8.05272
G1 X80.29 Y73.081 F7800
G1 E6.05272 F2400
G92 E0
G1 X82.822 Y69.223 F7800
G1 E2 F2400
;TYPE:Solid infill
G1 F2645
G1 X81.483 Y69.223 E2.0644
G1 X81.483 Y70.992 E2.14948
G1 X81.375 Y71.49 E2.17399
G1 X81.191 Y71.796 E2.19116
G1 X80.881 Y72.049 E2.21041
G1 X80.886 Y72.086 E2.21221
G1 X81.253 Y72.258 E2.2317
G1 X81.366 Y72.391 E2.24009
G1 X81.574 Y72.391 E2.25009
G1 X81.736 Y72.257 E2.2602
G1 X82.098 Y72.071 E2.27977
G1 X82.34 Y72.021 E2.29166
G1 X83.015 Y72.015 E2.32413
G1 X83.015 Y69.223 E2.45842
G1 X82.629 Y69.609 E2.48468
G1 X82.629 Y71.633 E2.58203
G1 X82.337 Y71.635 E2.59607
G1 X81.966 Y71.705 E2.61423
G1 X81.586 Y71.898 E2.63473
G1 X81.78 Y71.515 E2.65538
G1 X81.869 Y70.992 E2.6809
G1 X81.869 Y69.609 E2.74742
G1 X82.436 Y69.609 E2.77469
G1 X82.249 Y69.989 E2.79506
;WIDTH:0.438969
G1 X82.249 Y70.992 E2.84192
;WIDTH:0.469487
G1 X82.234 Y71.246 E2.85478
G1 E.85478 F2400
G92 E0
G1 X73.281 Y69.498 F7800
G1 E2 F2400
;WIDTH:0.45
G1 F2645
G1 X74.322 Y69.498 E2.05007
G1 X75.144 Y71.486 E2.15354
G1 X75.541 Y72.014 E2.18531
G1 X72.055 Y72.025 E2.35298
G1 X72.484 Y71.441 E2.38783
G1 X72.859 Y70.488 E2.43709
G1 X73.205 Y69.675 E2.47959
G1 X73.536 Y69.884 E2.49842
G1 X74.067 Y69.884 E2.52396
G1 X74.786 Y71.631 E2.61482
G1 X72.813 Y71.637 E2.70971
G1 X73.46 Y70.061 E2.79165
G1 X73.801 Y70.354 E2.81327
;WIDTH:0.534901
G1 X74.145 Y71.205 E2.86714
G1 X73.451 Y71.207 E2.90787
G1 X73.726 Y70.531 E2.9507
;LAYER_CHANGE
;Z:7.55
;HEIGHT:0.3
G1 E.9507 F2400
G92 E0
G1 Z7.55 F7800
G92 E0
G1 X98.284 Y120.422
G1 E2 F2400
;TYPE:Perimeter
;WIDTH:0.449599
G1 F1800
G1 X98.308 Y119.779 E2.03092
;WIDTH:0.489127
G1 X98.631 Y119.228 E2.06476
G1 X99.312 Y119.228 E2.10084
G1 X99.08 Y119.369 E2.11522
G1 X98.629 Y119.989 E2.15584
;WIDTH:0.449599
G1 X98.321 Y120.376 E2.1796
G1 X97.587 Y121.452 F7800
;WIDTH:0.45
G1 F1800
G1 X97.812 Y121.3 E2.19266
G1 X97.899 Y120.995 E2.20791
G1 X97.899 Y119.724 E2.26904
G1 X98.394 Y118.828 E2.31827
G1 X99.01 Y118.823 E2.3479
;WIDTH:0.49516
G1 X99.435 Y118.846 E2.37077
;WIDTH:0.540321
G1 X99.86 Y118.868 E2.39603
G1 X101.035 Y118.868 E2.46578
G1 X101.035 Y119.106 E2.47991
;WIDTH:0.54032
G1 X101.036 Y119.344 E2.49404
G1 X100.797 Y119.344 E2.50823
;WIDTH:0.54685
G1 X99.752 Y119.35 E2.57112
G1 X99.576 Y119.483 E2.58439
;WIDTH:0.498425
G1 X99.401 Y119.616 E2.59629
;WIDTH:0.45
G1 X98.809 Y120.388 E2.64308
G1 X97.944 Y121.452 E2.70903
G1 X97.647 Y121.452 E2.72331
G1 E.72331 F2400
G92 E0
G1 X86.855 Y115.345 F7800
G1 E2 F2400
G1 F1800
G1 X87.419 Y115.629 E2.03037
G1 X88.42 Y115.634 E2.07852
G1 X88.426 Y117.698 E2.17779
G1 X88.535 Y118.14 E2.19969
G1 X88.854 Y118.496 E2.22268
G1 X89.39 Y118.649 E2.24949
;WIDTH:0.429703
G1 X91.864 Y118.649 E2.36222
;WIDTH:0.473428
G1 X92.173 Y118.67 E2.37802
;WIDTH:0.517154
G1 X92.482 Y118.692 E2.39551
;WIDTH:0.56088
G1 X92.791 Y118.714 E2.41469
G1 X92.907 Y118.92 E2.42933
;WIDTH:0.534215
G1 X93.024 Y119.125 E2.44316
;WIDTH:0.507551
G1 X93.232 Y119.474 E2.46562
;WIDTH:0.478427
G1 X93.44 Y119.823 E2.4866
;WIDTH:0.449304
G1 X93.44 Y120.423 E2.51541
G1 X93.095 Y119.989 E2.54203
;WIDTH:0.486496
G1 X92.892 Y119.713 E2.56007
;WIDTH:0.523688
G1 X92.689 Y119.436 E2.57974
;WIDTH:0.56088
G1 X92.485 Y119.159 E2.60104
G1 X92.278 Y119.111 E2.6142
;WIDTH:0.517154
G1 X92.071 Y119.062 E2.62621
;WIDTH:0.473428
G1 X91.864 Y119.014 E2.63705
;WIDTH:0.429703
G1 X89.39 Y119.014 E2.74978
;WIDTH:0.45
G1 X86.206 Y119.004 E2.90292
G1 X86.206 Y115.352 E3.07857
G1 X86.292 Y115.314 E3.08309
G1 X86.439 Y115.059 E3.09725
G1 X86.645 Y115.059 E3.10716
G1 X86.792 Y115.314 E3.12132
G1 X86.801 Y115.318 E3.12179
G1 X87.123 Y115.076 F7800
G1 F1800
G1 X87.51 Y115.248 E3.14216
G1 X88.804 Y115.248 E3.2044
G1 X88.812 Y117.697 E3.32219
G1 X88.877 Y117.962 E3.33531
G1 X89.069 Y118.176 E3.34914
G1 X89.39 Y118.273 E3.36527
G1 X93.065 Y118.273 E3.54202
G1 X93.387 Y118.924 E3.57695
G1 X93.826 Y119.724 E3.62084
G1 X93.826 Y120.995 E3.68197
G1 X93.913 Y121.3 E3.69722
G1 X94.186 Y121.452 E3.71225
G1 X93.781 Y121.452 E3.73173
G1 X92.217 Y119.509 E3.8517
G1 X91.864 Y119.389 E3.86963
G1 X85.82 Y119.389 E4.16033
G1 X85.82 Y115.138 E4.36479
G1 X86.005 Y115.056 E4.37452
G1 X86.082 Y114.947 E4.38094
G1 X86.151 Y114.674 E4.39448
G1 X86.932 Y114.674 E4.43204
G1 X87.002 Y114.947 E4.4456
G1 X87.072 Y115.046 E4.45143
G1 X87.391 Y114.792 F7800
;TYPE:External perimeter
G1 F1800
G1 X87.51 Y114.862 E4.45807
G1 X89.188 Y114.862 E4.53878
G1 X89.197 Y117.695 E4.67504
G1 X89.283 Y117.855 E4.68378
G1 X89.39 Y117.887 E4.68915
G1 X93.305 Y117.887 E4.87745
G1 X93.725 Y118.74 E4.92318
G1 X94.211 Y119.625 E4.97174
G1 X94.211 Y120.995 E5.03763
G1 X94.24 Y121.096 E5.04268
;WIDTH:0.494063
G1 X94.295 Y121.149 E5.04677
;WIDTH:0.538127
G1 X94.349 Y121.201 E5.0512
;WIDTH:0.582191
G1 X94.404 Y121.254 E5.05613
G1 X97.32 Y121.254 E5.24446
;WIDTH:0.586114
G1 X97.365 Y121.252 E5.24739
G1 X97.405 Y121.2 E5.25166
;WIDTH:0.540742
G1 X97.444 Y121.148 E5.25552
;WIDTH:0.495371
G1 X97.484 Y121.096 E5.25905
;WIDTH:0.45
G1 X97.513 Y120.995 E5.2641
G1 X97.513 Y119.625 E5.32999
G1 X98.15 Y118.437 E5.39482
G1 X101.464 Y118.437 E5.55421
G1 X101.466 Y119.105 E5.58634
G1 X101.467 Y119.775 E5.61856
G1 X99.86 Y119.775 E5.69585
G1 X99.707 Y119.85 E5.70405
G1 X99.112 Y120.627 E5.75112
G1 X98.127 Y121.837 E5.82616
G1 X97.896 Y121.837 E5.83727
;WIDTH:0.494063
G1 X97.704 Y121.815 E5.84763
;WIDTH:0.538127
G1 X97.512 Y121.793 E5.85905
;WIDTH:0.582191
G1 X97.32 Y121.771 E5.87153
G1 X94.404 Y121.771 E6.05986
G1 X94.135 Y121.793 E6.07729
;WIDTH:0.538127
G1 X93.866 Y121.815 E6.09324
;WIDTH:0.494063
G1 X93.597 Y121.837 E6.1077
;WIDTH:0.45
G1 X92.612 Y120.627 E6.18274
G1 X92.019 Y119.853 E6.22964
G1 X91.864 Y119.775 E6.23799
G1 X85.434 Y119.775 E6.54725
G1 X85.434 Y114.862 E6.78355
G1 X85.574 Y114.862 E6.79028
G1 X85.743 Y114.762 E6.79972
G1 X85.767 Y114.288 E6.82255
G1 X87.317 Y114.288 E6.8971
G1 X87.34 Y114.76 E6.91983
G1 X87.73 Y114.853 F7800
G1 E4.91983 F2400
G92 E0
G1 X86.495 Y118.715 F7800
G1 E2 F2400
;TYPE:Solid infill
G1 F2557
G1 X86.495 Y115.541 E2.15266
G1 X86.541 Y115.46 E2.15714
G1 X86.627 Y115.539 E2.16276
G1 X87.423 Y115.918 E2.20516
G1 X88.132 Y115.922 E2.23926
G1 X88.143 Y117.808 E2.32997
G1 X88.307 Y118.309 E2.35532
G1 X88.67 Y118.715 E2.38151
G1 X86.688 Y118.715 E2.47684
G1 E.47684 F2400
G92 E0
G1 X86.88 Y116.292 F7800
G1 E2 F2400
G1 F2557
G1 X86.88 Y118.329 E2.09797
G1 X87.891 Y118.329 E2.1466
G1 X87.759 Y117.845 E2.17073
G1 X87.748 Y116.306 E2.24475
G1 X87.362 Y116.3 E2.26332
G1 X86.88 Y116.099 E2.28844
G1 X87.315 Y116.733 E2.32542
;WIDTH:0.554709
G1 X87.318 Y117.794 E2.39031
;WIDTH:0.559605
G1 X87.321 Y117.889 E2.39618
G1 E.39618 F2400
G92 E0
G1 X98.284 Y97.574 F7800
G1 E2 F2400
;TYPE:Perimeter
;WIDTH:0.4496
G1 F1800
G1 X98.629 Y98.011 E2.02675
;WIDTH:0.489128
G1 X99.08 Y98.631 E2.06737
G1 X99.365 Y98.772 E2.08422
G1 X98.631 Y98.772 E2.1231
G1 X98.284 Y98.178 E2.15954
;WIDTH:0.4496
G1 X98.284 Y97.634 E2.18568
G1 X97.378 Y96.504 F7800
;WIDTH:0.361628
G1 F1800
G1 X97.976 Y96.504 E2.20785
;WIDTH:0.402407
G1 X98.104 Y96.695 E2.21754
;WIDTH:0.443186
G1 X98.231 Y96.887 E2.22842
;WIDTH:0.45
G1 X99.401 Y98.384 E2.3198
;WIDTH:0.495161
G1 X99.631 Y98.52 E2.33416
;WIDTH:0.540322
G1 X99.86 Y98.656 E2.34997
G1 X101.036 Y98.656 E2.41978
G1 X101.035 Y98.894 E2.43391
;WIDTH:0.540321
G1 X101.035 Y99.132 E2.44804
G1 X99.86 Y99.132 E2.51779
G1 X99.435 Y99.154 E2.54305
;WIDTH:0.495161
G1 X99.01 Y99.177 E2.56592
;WIDTH:0.45
G1 X98.394 Y99.172 E2.59555
G1 X97.899 Y98.276 E2.64478
G1 X97.895 Y97.005 E2.70591
;WIDTH:0.443186
G1 X97.842 Y96.876 E2.7125
;WIDTH:0.403462
G1 X97.789 Y96.747 E2.7184
;WIDTH:0.363738
G1 X97.43 Y96.535 E2.73397
G1 E.73397 F2400
G92 E0
G1 X86.848 Y102.644 F7800
G1 E2 F2400
;WIDTH:0.45
G1 F1800
G1 X86.819 Y102.658 E2.00155
G1 X86.775 Y102.766 E2.00716
G1 X86.317 Y102.766 E2.02919
G1 X86.281 Y102.675 E2.0339
G1 X86.206 Y102.642 E2.03784
G1 X86.206 Y98.996 E2.2132
G1 X89.39 Y98.986 E2.36634
;WIDTH:0.429704
G1 X91.864 Y98.986 E2.47907
;WIDTH:0.438316
G1 X92.03 Y98.976 E2.48683
;WIDTH:0.479171
G1 X92.182 Y98.931 E2.49503
;WIDTH:0.520026
G1 X92.333 Y98.886 E2.50398
;WIDTH:0.560881
G1 X92.485 Y98.841 E2.5138
G1 X92.569 Y98.739 E2.52198
;WIDTH:0.534347
G1 X92.652 Y98.636 E2.52973
;WIDTH:0.507813
G1 X92.874 Y98.323 E2.55095
;WIDTH:0.478559
G1 X93.095 Y98.011 E2.5707
;WIDTH:0.449305
G1 X93.44 Y97.577 E2.59732
G1 X93.417 Y98.22 E2.62821
;WIDTH:0.486497
G1 X93.208 Y98.575 E2.6499
;WIDTH:0.523689
G1 X92.999 Y98.931 E2.67355
;WIDTH:0.560881
G1 X92.791 Y99.286 E2.69903
G1 X92.379 Y99.308 E2.72458
;WIDTH:0.517155
G1 X92.122 Y99.33 E2.73915
;WIDTH:0.473429
G1 X91.864 Y99.351 E2.75236
;WIDTH:0.429704
G1 X89.39 Y99.351 E2.86509
;WIDTH:0.438316
G1 X89.225 Y99.362 E2.8728
;WIDTH:0.45
G1 X88.854 Y99.504 E2.89191
G1 X88.535 Y99.86 E2.9149
G1 X88.426 Y100.302 E2.9368
G1 X88.42 Y102.366 E3.03607
G1 X87.419 Y102.371 E3.08422
G1 X86.902 Y102.618 E3.11178
G1 X87.119 Y102.917 F7800
G1 F1800
G1 X87.095 Y102.927 E3.11303
G1 X87.004 Y103.151 E3.12466
G1 X86.082 Y103.151 E3.169
G1 X85.998 Y102.937 E3.18006
G1 X85.82 Y102.859 E3.18941
G1 X85.82 Y98.611 E3.39372
G1 X91.864 Y98.611 E3.68442
G1 X92.217 Y98.491 E3.70235
G1 X92.325 Y98.381 E3.70976
G1 X93.339 Y97.054 E3.79008
;WIDTH:0.403383
G1 X93.758 Y96.501 E3.81942
;WIDTH:0.356766
G1 X94.283 Y96.501 E3.83857
G1 X93.952 Y96.725 E3.85315
;WIDTH:0.4001
G1 X93.891 Y96.865 E3.85954
;WIDTH:0.443434
G1 X93.829 Y97.005 E3.86678
;WIDTH:0.45
G1 X93.826 Y98.276 E3.92791
G1 X93.376 Y99.097 E3.97294
G1 X93.065 Y99.727 E4.00673
G1 X89.39 Y99.727 E4.18348
G1 X89.069 Y99.824 E4.19961
G1 X88.877 Y100.038 E4.21344
G1 X88.812 Y100.303 E4.22656
G1 X88.804 Y102.752 E4.34435
G1 X87.51 Y102.752 E4.40659
G1 X87.174 Y102.894 E4.42413
G1 X87.38 Y103.192 F7800
;TYPE:External perimeter
G1 F1800
G1 X87.371 Y103.196 E4.4246
G1 X87.317 Y103.33 E4.43155
G1 X87.317 Y103.537 E4.44151
G1 X85.767 Y103.537 E4.51606
G1 X85.767 Y103.33 E4.52602
G1 X85.715 Y103.199 E4.5328
G1 X85.574 Y103.137 E4.54021
G1 X85.434 Y103.137 E4.54694
G1 X85.434 Y98.225 E4.78319
G1 X91.864 Y98.225 E5.09245
G1 X92.016 Y98.151 E5.10058
G1 X92.612 Y97.373 E5.14772
G1 X93.597 Y96.162 E5.2228
G1 X93.828 Y96.162 E5.23391
;WIDTH:0.494064
G1 X94.02 Y96.185 E5.24427
;WIDTH:0.538128
G1 X94.212 Y96.207 E5.25569
;WIDTH:0.582192
G1 X94.404 Y96.229 E5.26817
G1 X97.32 Y96.229 E5.4565
G1 X97.591 Y96.207 E5.47406
;WIDTH:0.538128
G1 X97.861 Y96.185 E5.49007
;WIDTH:0.494064
G1 X98.132 Y96.162 E5.50465
;WIDTH:0.45
G1 X99.111 Y97.373 E5.57955
G1 X99.707 Y98.15 E5.62665
G1 X99.86 Y98.225 E5.63485
G1 X101.467 Y98.225 E5.71214
G1 X101.466 Y98.895 E5.74436
G1 X101.464 Y99.562 E5.77644
G1 X98.15 Y99.562 E5.93583
G1 X97.513 Y98.375 E6.00062
G1 X97.489 Y96.912 E6.07099
;WIDTH:0.494064
G1 X97.433 Y96.857 E6.0752
;WIDTH:0.538128
G1 X97.377 Y96.802 E6.07984
;WIDTH:0.582192
G1 X97.32 Y96.746 E6.085
G1 X94.404 Y96.746 E6.27333
;WIDTH:0.586115
G1 X94.359 Y96.748 E6.27626
G1 X94.319 Y96.8 E6.28053
;WIDTH:0.540743
G1 X94.28 Y96.852 E6.28439
;WIDTH:0.495371
G1 X94.24 Y96.904 E6.28792
;WIDTH:0.45
G1 X94.211 Y97.005 E6.29297
G1 X94.211 Y98.375 E6.35886
G1 X93.722 Y99.267 E6.40779
G1 X93.305 Y100.112 E6.45311
G1 X89.39 Y100.112 E6.64141
G1 X89.283 Y100.145 E6.6468
G1 X89.197 Y100.305 E6.65554
G1 X89.188 Y103.137 E6.79175
G1 X87.51 Y103.137 E6.87246
G1 X87.435 Y103.169 E6.87638
G1 X87.278 Y103.537 F7800
G1 X86.495 Y102.477
;TYPE:Solid infill
G1 F2557
G1 X86.495 Y99.285 E7.0299
G1 X88.678 Y99.276 E7.1349
G1 X88.307 Y99.691 E7.16167
G1 X88.142 Y100.21 E7.18786
G1 X88.132 Y102.078 E7.27771
G1 X87.34 Y102.101 E7.31582
G1 X86.679 Y102.427 E7.35127
G1 X86.88 Y101.893 E7.37871
G1 X86.88 Y99.669 E7.48568
G1 X87.893 Y99.665 E7.5344
G1 X87.756 Y100.208 E7.56133
G1 X87.748 Y101.694 E7.6328
G1 X87.361 Y101.7 E7.65142
G1 X87.059 Y101.821 E7.66707
G1 X87.315 Y101.267 E7.69642
;WIDTH:0.554709
G1 X87.318 Y100.206 E7.76131
;WIDTH:0.559973
G1 X87.321 Y100.108 E7.76737
G1 E5.76737 F2400
G92 E0
G92 E0
G1 X81.188 Y85.287 F7800
G1 E2 F2400
;TYPE:Perimeter
;WIDTH:0.45
G1 F1800
G1 X81.214 Y85.27 E2.00149
G1 X81.378 Y84.997 E2.01681
G1 X81.584 Y84.997 E2.02672
G1 X81.603 Y85.069 E2.0303
G1 X81.874 Y85.381 E2.05018
G1 X82.133 Y85.518 E2.06427
G1 X82.449 Y85.571 E2.07968
G1 X83.36 Y85.571 E2.1235
G1 X83.36 Y86.483 E2.16736
G1 X83.36 Y88.941 E2.28558
G1 X81.144 Y88.941 E2.39216
G1 X81.144 Y86.88 E2.49129
G1 X81.09 Y86.562 E2.5068
G1 X80.953 Y86.304 E2.52085
G1 X80.775 Y86.122 E2.53309
;WIDTH:0.454109
G1 X80.457 Y85.955 E2.55055
G1 X80.18 Y85.926 E2.56409
;WIDTH:0.429703
G1 X76.139 Y85.926 E2.74822
;WIDTH:0.438315
G1 X75.974 Y85.937 E2.75593
;WIDTH:0.45
G1 X75.567 Y86.104 E2.77709
G1 X75.254 Y86.499 E2.80133
G1 X74.736 Y87.699 E2.86419
G1 X74.261 Y88.666 E2.91601
G1 X73.342 Y88.666 E2.96021
G1 X72.867 Y87.699 E3.01203
G1 X72.349 Y86.499 E3.07489
G1 X72.036 Y86.104 E3.09913
G1 X71.464 Y85.926 E3.12794
;WIDTH:0.429703
G1 X68.954 Y85.926 E3.24231
G1 X68.954 Y85.561 E3.25894
G1 X71.464 Y85.561 E3.37331
;WIDTH:0.45
G1 X76.139 Y85.561 E3.59816
;WIDTH:0.429703
G1 X80.18 Y85.561 E3.78229
;WIDTH:0.454109
G1 X80.513 Y85.573 E3.79849
G1 X80.866 Y85.504 E3.81597
;WIDTH:0.45
G1 X81.138 Y85.32 E3.83176
G1 X80.915 Y85.006 F7800
G1 F2557
G1 X81.021 Y84.884 E3.83953
G1 X81.091 Y84.611 E3.85309
G1 X81.872 Y84.611 E3.89065
G1 X81.941 Y84.884 E3.90419
G1 X82.029 Y85.005 E3.91139
G1 X82.259 Y85.154 E3.92457
G1 X82.449 Y85.186 E3.93384
G1 X83.746 Y85.186 E3.99622
G1 X83.746 Y86.483 E4.0586
G1 X83.746 Y89.327 E4.19539
G1 X80.759 Y89.327 E4.33905
G1 X80.759 Y86.88 E4.45674
G1 X80.726 Y86.69 E4.46602
G1 X80.537 Y86.425 E4.48168
G1 X80.346 Y86.326 E4.49203
G1 X80.18 Y86.302 E4.5001
G1 X76.139 Y86.302 E4.69446
G1 X75.796 Y86.415 E4.71183
G1 X75.608 Y86.651 E4.72634
G1 X75.087 Y87.86 E4.78966
G1 X74.494 Y89.052 E4.85369
G1 X73.109 Y89.052 E4.9203
G1 X72.516 Y87.861 E4.98429
G1 X71.995 Y86.651 E5.04765
G1 X71.807 Y86.415 E5.06216
G1 X71.464 Y86.302 E5.07953
G1 X68.578 Y86.302 E5.21834
G1 X68.578 Y85.186 E5.27202
G1 X80.18 Y85.186 E5.83004
G1 X80.725 Y85.146 E5.85632
G1 X80.858 Y85.072 E5.86364
G1 X80.876 Y85.052 E5.86493
G1 X80.641 Y84.736 F7800
;TYPE:External perimeter
G1 F1800
G1 X80.683 Y84.7 E5.86759
G1 X80.706 Y84.225 E5.89046
G1 X82.256 Y84.225 E5.96501
G1 X82.256 Y84.607 E5.98338
G1 X82.309 Y84.74 E5.99027
G1 X82.449 Y84.8 E5.9976
G1 X84.132 Y84.8 E6.07855
G1 X84.132 Y86.483 E6.1595
G1 X84.132 Y89.712 E6.3148
G1 X80.373 Y89.712 E6.49559
G1 X80.373 Y86.88 E6.6318
G1 X80.335 Y86.765 E6.63763
G1 X80.18 Y86.687 E6.64598
G1 X76.106 Y86.69 E6.84193
G1 X75.962 Y86.804 E6.85076
G1 X75.437 Y88.022 E6.91455
G1 X74.71 Y89.438 E6.99111
G1 X72.893 Y89.438 E7.0785
G1 X72.733 Y89.175 E7.09331
G1 X72.186 Y88.062 E7.15296
G1 X71.578 Y86.725 E7.2236
G1 X71.464 Y86.687 E7.22938
G1 X68.193 Y86.687 E7.3867
G1 X68.193 Y84.8 E7.47746
G1 X80.18 Y84.8 E8.05399
G1 X80.584 Y84.787 E8.07343
G1 X80.596 Y84.776 E8.07421
G1 X80.692 Y84.388 F7800
G1 X80.798 Y85.81
;TYPE:Solid infill
G1 F2557
G1 X80.94 Y85.781 E8.08118
G1 X81.257 Y85.586 E8.09908
G1 X81.495 Y85.378 E8.11428
G1 X81.668 Y85.581 E8.12711
G1 X82.013 Y85.779 E8.14624
G1 X82.346 Y85.855 E8.16267
G1 X83.071 Y85.86 E8.19754
G1 X83.071 Y88.652 E8.33183
G1 X81.433 Y88.652 E8.41061
G1 X81.428 Y86.778 E8.50074
G1 X81.369 Y86.491 E8.51483
G1 X81.199 Y86.156 E8.5329
G1 X80.961 Y85.913 E8.54926
G1 X81.544 Y85.972 E8.57744
G1 X81.833 Y86.12 E8.59306
G1 X82.224 Y86.227 E8.61256
G1 X82.686 Y86.243 E8.63479
G1 X82.686 Y88.266 E8.73209
G1 X81.818 Y88.266 E8.77384
G1 X81.814 Y86.777 E8.84546
G1 X81.746 Y86.408 E8.86351
G1 X81.625 Y86.147 E8.87735
G1 X82.247 Y86.674 F7800
;WIDTH:0.555801
G1 F2557
G1 X82.25 Y86.776 E8.8836
;WIDTH:0.550429
G1 X82.251 Y87.832 E8.94762
G1 E6.94762 F2400
G92 E0
G1 X72.203 Y85.86 F7800
G1 E2 F2400
;WIDTH:0.45
G1 F2557
G1 X75.408 Y85.85 E2.15415
G1 X74.983 Y86.396 E2.18743
G1 X74.474 Y87.578 E2.24933
G1 X74.081 Y88.377 E2.29216
G1 X73.522 Y88.377 E2.31905
G1 X72.947 Y87.155 E2.38401
G1 X72.593 Y86.352 E2.42622
G1 X72.323 Y86.011 E2.44714
G1 X72.974 Y86.244 E2.4804
G1 X74.626 Y86.242 E2.55986
G1 X74.123 Y87.416 E2.62129
G1 X73.841 Y87.991 E2.65209
G1 X73.762 Y87.991 E2.65589
G1 X73.48 Y87.416 E2.68669
G1 X73.05 Y86.421 E2.73882
G1 X73.534 Y86.611 E2.76383
;WIDTH:0.416704
G1 X74.07 Y86.609 E2.78738
G1 X73.801 Y87.231 E2.81716
G1 X73.61 Y86.788 E2.83836
G1 E.83836 F2400
G92 E0
G1 X81.2 Y72.601 F7800
G1 E2 F2400
;TYPE:Perimeter
;WIDTH:0.45
G1 F1800
G1 X81.193 Y72.584 E2.00088
G1 X80.866 Y72.371 E2.01965
G1 X80.513 Y72.308 E2.0369
;WIDTH:0.442293
G1 X80.18 Y72.314 E2.0526
;WIDTH:0.429703
G1 X76.139 Y72.314 E2.23673
;WIDTH:0.45
G1 X71.464 Y72.314 E2.46158
;WIDTH:0.429704
G1 X68.954 Y72.314 E2.57595
G1 X68.954 Y71.949 E2.59258
G1 X71.464 Y71.949 E2.70695
;WIDTH:0.438316
G1 X71.629 Y71.938 E2.71466
;WIDTH:0.45
G1 X72.036 Y71.771 E2.73582
G1 X72.349 Y71.376 E2.76006
G1 X72.867 Y70.176 E2.82292
G1 X73.342 Y69.209 E2.87474
G1 X74.261 Y69.209 E2.91894
G1 X74.736 Y70.176 E2.97076
G1 X75.254 Y71.376 E3.03362
G1 X75.567 Y71.771 E3.05786
G1 X76.139 Y71.949 E3.08667
;WIDTH:0.429703
G1 X80.18 Y71.949 E3.2708
;WIDTH:0.438316
G1 X80.346 Y71.938 E3.27856
;WIDTH:0.45
G1 X80.775 Y71.753 E3.30103
G1 X80.953 Y71.571 E3.31327
G1 X81.09 Y71.313 E3.32732
G1 X81.144 Y70.995 E3.34283
G1 X81.144 Y68.934 E3.44196
G1 X83.36 Y68.934 E3.54854
G1 X83.36 Y70.042 E3.60183
G1 X83.36 Y72.304 E3.71062
G1 X82.449 Y72.304 E3.75444
G1 X82.133 Y72.357 E3.76985
G1 X81.769 Y72.584 E3.79048
G1 X81.72 Y72.703 E3.79667
G1 X81.243 Y72.703 E3.81961
G1 X81.223 Y72.657 E3.82202
G1 X80.929 Y72.876 F7800
G1 F2557
G1 X80.921 Y72.858 E3.82297
G1 X80.725 Y72.729 E3.83426
G1 X80.513 Y72.689 E3.84464
G1 X68.578 Y72.689 E4.41867
G1 X68.578 Y71.573 E4.47235
G1 X71.464 Y71.573 E4.61116
G1 X71.807 Y71.46 E4.62853
G1 X71.995 Y71.224 E4.64304
G1 X72.516 Y70.014 E4.7064
G1 X73.109 Y68.823 E4.77039
G1 X74.494 Y68.823 E4.837
G1 X75.087 Y70.014 E4.90099
G1 X75.608 Y71.224 E4.96435
G1 X75.796 Y71.46 E4.97886
G1 X76.139 Y71.573 E4.99623
G1 X80.18 Y71.573 E5.19059
G1 X80.28 Y71.564 E5.19542
G1 X80.537 Y71.45 E5.20894
G1 X80.726 Y71.185 E5.2246
G1 X80.759 Y70.995 E5.23388
G1 X80.759 Y68.548 E5.35157
G1 X83.746 Y68.548 E5.49523
G1 X83.746 Y70.042 E5.56709
G1 X83.746 Y72.689 E5.6944
G1 X82.449 Y72.689 E5.75678
G1 X82.259 Y72.721 E5.76605
G1 X82.041 Y72.858 E5.77843
G1 X81.945 Y73.089 E5.79046
G1 X81.017 Y73.089 E5.83509
G1 X80.952 Y72.931 E5.84331
G1 X80.652 Y73.138 F7800
;TYPE:External perimeter
G1 F1800
G1 X80.649 Y73.131 E5.84368
G1 X80.513 Y73.075 E5.85075
G1 X68.193 Y73.075 E6.4433
G1 X68.193 Y71.187 E6.53411
G1 X71.497 Y71.185 E6.69302
G1 X71.641 Y71.071 E6.70185
G1 X72.166 Y69.853 E6.76564
G1 X72.893 Y68.437 E6.8422
G1 X74.71 Y68.437 E6.92959
G1 X74.87 Y68.7 E6.9444
G1 X75.417 Y69.813 E7.00405
G1 X76.025 Y71.15 E7.07469
G1 X76.139 Y71.187 E7.08045
G1 X80.18 Y71.187 E7.27481
G1 X80.299 Y71.146 E7.28086
G1 X80.373 Y70.995 E7.28895
G1 X80.373 Y68.162 E7.42521
G1 X84.132 Y68.162 E7.606
G1 X84.132 Y70.042 E7.69642
G1 X84.132 Y73.075 E7.8423
G1 X82.449 Y73.075 E7.92325
G1 X82.334 Y73.113 E7.92908
G1 X82.256 Y73.268 E7.93743
G1 X82.256 Y73.475 E7.94739
G1 X80.706 Y73.475 E8.02194
G1 X80.706 Y73.268 E8.0319
G1 X80.675 Y73.193 E8.0358
G1 X80.291 Y73.082 F7800
G1 X80.829 Y72.075
;TYPE:Solid infill
G1 F2557
G1 X81.167 Y71.764 E8.05789
G1 X81.331 Y71.471 E8.07404
G1 X81.433 Y70.992 E8.09759
G1 X81.433 Y69.223 E8.18267
G1 X83.071 Y69.223 E8.26145
G1 X83.071 Y72.015 E8.39574
G1 X82.346 Y72.02 E8.43061
G1 X82.002 Y72.102 E8.44762
G1 X81.547 Y72.414 E8.47415
G1 X81.416 Y72.414 E8.48045
G1 X81.014 Y72.125 E8.50426
G1 X81.504 Y71.955 E8.52921
G1 X81.746 Y71.467 E8.55541
G1 X81.819 Y70.992 E8.57852
G1 X81.819 Y69.609 E8.64504
G1 X82.686 Y69.609 E8.68674
G1 X82.686 Y71.632 E8.78404
G1 X82.344 Y71.634 E8.80049
G1 X81.979 Y71.701 E8.81834
G1 X81.674 Y71.864 E8.83497
G1 X82.242 Y71.196 F7800
;WIDTH:0.565321
G1 F2557
G1 X82.252 Y70.042 E8.90707
G1 E6.90707 F2400
G92 E0
G1 X72.195 Y72.025 F7800
G1 E2 F2400
;WIDTH:0.45
G1 F2557
G1 X72.62 Y71.479 E2.03328
G1 X73.129 Y70.297 E2.09518
G1 X73.522 Y69.498 E2.13801
G1 X74.081 Y69.498 E2.1649
G1 X74.656 Y70.72 E2.22986
G1 X75.009 Y71.523 E2.27205
G1 X75.4 Y72.015 E2.30228
G1 X72.388 Y72.024 E2.44715
G1 X72.977 Y71.633 E2.48115
G1 X73.48 Y70.459 E2.54258
G1 X73.745 Y69.919 E2.57151
G1 X73.801 Y69.884 E2.57469
G1 X73.858 Y69.919 E2.57791
G1 X74.123 Y70.459 E2.60684
G1 X74.629 Y71.631 E2.66824
G1 X73.169 Y71.633 E2.73846
G1 X73.533 Y71.266 E2.76332
;WIDTH:0.416704
G1 X73.801 Y70.644 E2.79308
G1 X74.069 Y71.264 E2.82276
G1 X73.726 Y71.265 E2.83783
;LAYER_CHANGE
;Z:7.85
;HEIGHT:0.3
G1 E.83783 F2400
G92 E0
G1 Z7.85 F7800
G92 E0
G1 X97.937 Y120.606
G1 E2 F2400
;TYPE:Perimeter
;WIDTH:0.524129
G1 F1800
G1 X97.937 Y119.967 E2.03664
G1 X97.979 Y119.835 E2.04458
;WIDTH:0.545919
G1 X98.384 Y119.257 E2.08697
G1 X99.092 Y119.257 E2.12949
G1 X98.969 Y119.329 E2.13805
G1 X98.683 Y119.681 E2.16529
;WIDTH:0.544153
G1 X98.345 Y120.112 E2.19807
;WIDTH:0.524129
G1 X97.975 Y120.56 E2.23139
G1 X97.169 Y121.452 F7800
;WIDTH:0.45
G1 F1800
G1 X97.482 Y121.187 E2.25112
G1 X97.515 Y120.995 E2.26049
G1 X97.515 Y119.761 E2.31984
G1 X98.133 Y118.823 E2.37387
G1 X98.934 Y118.823 E2.4124
;WIDTH:0.49516
G1 X99.344 Y118.846 E2.43446
;WIDTH:0.540321
G1 X99.754 Y118.868 E2.45883
G1 X100.954 Y118.868 E2.53006
G1 X100.953 Y119.107 E2.54425
;WIDTH:0.54032
G1 X100.953 Y119.344 E2.55832
G1 X100.715 Y119.344 E2.57245
;WIDTH:0.54685
G1 X99.645 Y119.35 E2.63684
G1 X99.475 Y119.477 E2.64961
;WIDTH:0.498425
G1 X99.305 Y119.603 E2.66107
;WIDTH:0.45
G1 X98.343 Y120.784 E2.73433
G1 X97.76 Y121.452 E2.77697
G1 X97.229 Y121.452 E2.80251
G1 E.80251 F2400
G92 E0
G1 X86.824 Y115.343 F7800
G1 E2 F2400
G1 F1800
G1 X86.835 Y115.359 E2.00093
G1 X87.419 Y115.629 E2.03188
G1 X88.496 Y115.634 E2.08368
G1 X88.492 Y117.693 E2.18271
G1 X88.587 Y118.111 E2.20333
G1 X88.904 Y118.485 E2.22691
G1 X89.456 Y118.649 E2.25461
;WIDTH:0.429703
G1 X91.971 Y118.649 E2.36921
;WIDTH:0.472469
G1 X92.23 Y118.67 E2.38244
;WIDTH:0.515236
G1 X92.49 Y118.691 E2.39711
;WIDTH:0.558003
G1 X92.75 Y118.713 E2.41317
;WIDTH:0.60077
G1 X93.01 Y118.734 E2.43062
G1 X93.344 Y119.274 E2.4731
;WIDTH:0.552622
G1 X93.79 Y119.915 E2.52065
;WIDTH:0.518359
G1 X93.79 Y120.614 E2.56023
G1 X93.387 Y120.126 E2.59607
;WIDTH:0.559564
G1 X93.029 Y119.663 E2.63222
;WIDTH:0.60077
G1 X92.672 Y119.2 E2.67133
G1 X92.496 Y119.154 E2.6835
;WIDTH:0.558003
G1 X92.321 Y119.107 E2.69466
;WIDTH:0.515236
G1 X92.146 Y119.061 E2.70484
;WIDTH:0.472469
G1 X91.971 Y119.014 E2.71406
;WIDTH:0.429703
G1 X89.456 Y119.014 E2.82866
;WIDTH:0.45
G1 X86.122 Y119.004 E2.98901
G1 X86.122 Y115.41 E3.16187
G1 X86.248 Y115.359 E3.16841
G1 X86.343 Y115.251 E3.17533
G1 X86.455 Y115.029 E3.18729
G1 X86.629 Y115.029 E3.19566
G1 X86.643 Y115.093 E3.19881
G1 X86.789 Y115.294 E3.21076
G1 X87.097 Y115.072 F7800
G1 F1800
G1 X87.105 Y115.083 E3.21141
G1 X87.51 Y115.248 E3.23244
G1 X88.883 Y115.248 E3.29848
G1 X88.878 Y117.694 E3.41612
G1 X88.935 Y117.945 E3.4285
G1 X89.125 Y118.169 E3.44263
G1 X89.456 Y118.273 E3.45932
G1 X93.28 Y118.273 E3.64324
G1 X93.707 Y119.032 E3.68513
G1 X94.21 Y119.788 E3.7288
G1 X94.21 Y120.481 E3.76213
G1 X94.243 Y121.187 E3.79612
G1 X94.617 Y121.452 E3.81817
G1 X93.965 Y121.452 E3.84953
G1 X93.381 Y120.784 E3.89221
G1 X92.361 Y119.541 E3.96955
G1 X91.971 Y119.389 E3.98968
G1 X85.737 Y119.389 E4.28951
G1 X85.737 Y115.182 E4.49185
G1 X85.979 Y115.083 E4.50443
G1 X86.094 Y114.924 E4.51387
G1 X86.152 Y114.644 E4.52762
G1 X86.905 Y114.644 E4.56384
G1 X86.99 Y114.924 E4.57791
G1 X87.062 Y115.023 E4.5838
G1 X87.384 Y114.8 F7800
;TYPE:External perimeter
G1 F1800
G1 X87.51 Y114.862 E4.59055
G1 X89.269 Y114.862 E4.67515
G1 X89.264 Y117.694 E4.81136
G1 X89.346 Y117.853 E4.81996
G1 X89.456 Y117.887 E4.8255
G1 X93.506 Y117.887 E5.02029
G1 X94.028 Y118.819 E5.07167
G1 X94.595 Y119.653 E5.12017
G1 X94.606 Y121.059 E5.1878
;WIDTH:0.494063
G1 X94.667 Y121.124 E5.19258
;WIDTH:0.538127
G1 X94.727 Y121.189 E5.19781
;WIDTH:0.582191
G1 X94.788 Y121.254 E5.20357
G1 X96.936 Y121.254 E5.3423
;WIDTH:0.586114
G1 X96.981 Y121.252 E5.34523
G1 X97.03 Y121.166 E5.35167
;WIDTH:0.540742
G1 X97.08 Y121.08 E5.35758
;WIDTH:0.495371
G1 X97.129 Y120.995 E5.36285
;WIDTH:0.45
G1 X97.129 Y119.64 E5.42802
G1 X97.639 Y118.909 E5.47089
G1 X97.91 Y118.437 E5.49707
G1 X101.386 Y118.437 E5.66425
G1 X101.384 Y119.108 E5.69652
G1 X101.382 Y119.775 E5.7286
G1 X99.754 Y119.775 E5.8069
G1 X99.604 Y119.846 E5.81488
G1 X98.638 Y121.033 E5.88849
G1 X97.935 Y121.837 E5.93986
G1 X97.669 Y121.837 E5.95265
;WIDTH:0.494063
G1 X97.425 Y121.815 E5.96578
;WIDTH:0.538127
G1 X97.181 Y121.793 E5.98026
;WIDTH:0.582191
G1 X96.936 Y121.771 E5.99615
G1 X94.788 Y121.771 E6.13488
G1 X94.455 Y121.793 E6.15643
;WIDTH:0.538127
G1 X94.122 Y121.815 E6.17615
;WIDTH:0.494063
G1 X93.79 Y121.837 E6.19398
;WIDTH:0.45
G1 X93.086 Y121.033 E6.24538
G1 X92.12 Y119.846 E6.31899
G1 X91.971 Y119.775 E6.32693
G1 X85.351 Y119.775 E6.64533
G1 X85.351 Y114.862 E6.88163
G1 X85.574 Y114.862 E6.89236
G1 X85.709 Y114.807 E6.89937
G1 X85.747 Y114.754 E6.90251
G1 X85.767 Y114.258 E6.92639
G1 X87.317 Y114.258 E7.00094
G1 X87.317 Y114.67 E7.02076
G1 X87.347 Y114.759 E7.02528
G1 X87.735 Y114.854 F7800
G1 X86.537 Y115.457
;TYPE:Solid infill
G1 F2615
G1 X86.678 Y115.592 E7.03467
G1 X87.422 Y115.918 E7.07374
G1 X88.207 Y115.922 E7.1115
G1 X88.205 Y117.76 E7.1999
G1 X88.354 Y118.274 E7.22564
G1 X88.728 Y118.715 E7.25345
G1 X86.411 Y118.715 E7.36489
G1 X86.411 Y115.598 E7.51481
G1 X86.797 Y116.073 E7.54425
G1 X87.362 Y116.3 E7.57354
G1 X87.821 Y116.306 E7.59562
G1 X87.82 Y117.785 E7.66675
G1 X87.959 Y118.329 E7.69376
G1 X86.797 Y118.329 E7.74965
G1 X86.797 Y116.265 E7.84892
G1 X87.149 Y116.602 E7.87236
;WIDTH:0.3832
G1 X87.468 Y116.656 E7.88523
G1 X87.468 Y116.809 E7.89131
;WIDTH:0.383847
G1 X87.496 Y117.976 E7.93782
G1 X87.149 Y117.976 E7.95165
G1 X87.149 Y117.747 E7.96077
;WIDTH:0.383128
G1 X87.149 Y116.795 E7.99862
G1 E5.99862 F2400
G92 E0
G1 X97.934 Y97.385 F7800
G1 E2 F2400
;TYPE:Perimeter
;WIDTH:0.517528
G1 F1800
G1 X98.336 Y97.871 E2.03565
;WIDTH:0.545918
G1 X98.969 Y98.671 E2.09692
G1 X99.121 Y98.743 E2.10702
G1 X98.384 Y98.743 E2.15128
G1 X98.313 Y98.625 E2.15955
;WIDTH:0.545217
G1 X97.934 Y98.083 E2.19921
;WIDTH:0.517528
G1 X97.934 Y97.445 E2.23527
G1 X97.113 Y96.553 F7800
;WIDTH:0.45
G1 F1800
G1 X97.765 Y96.554 E2.26663
G1 X98.343 Y97.216 E2.3089
G1 X99.305 Y98.397 E2.38216
;WIDTH:0.495161
G1 X99.529 Y98.527 E2.39608
;WIDTH:0.540322
G1 X99.754 Y98.656 E2.41148
G1 X100.953 Y98.656 E2.48266
G1 X100.953 Y98.893 E2.49673
;WIDTH:0.540321
G1 X100.954 Y99.132 E2.51092
G1 X99.754 Y99.132 E2.58215
G1 X99.344 Y99.154 E2.60652
;WIDTH:0.495161
G1 X98.934 Y99.177 E2.62858
;WIDTH:0.45
G1 X98.133 Y99.177 E2.66711
G1 X97.953 Y98.866 E2.68439
G1 X97.515 Y98.214 E2.72217
G1 X97.515 Y97.519 E2.7556
G1 X97.484 Y96.819 E2.7893
G1 X97.162 Y96.588 E2.80836
G1 E.80836 F2400
G92 E0
G1 X86.823 Y102.665 F7800
G1 E2 F2400
G1 F1800
G1 X86.752 Y102.795 E2.00712
G1 X86.332 Y102.795 E2.02732
G1 X86.289 Y102.683 E2.03309
G1 X86.122 Y102.59 E2.04228
G1 X86.122 Y98.996 E2.21514
G1 X89.456 Y98.986 E2.37549
;WIDTH:0.429704
G1 X91.971 Y98.986 E2.49009
;WIDTH:0.438316
G1 X92.136 Y98.976 E2.4978
;WIDTH:0.478929
G1 X92.27 Y98.932 E2.50509
;WIDTH:0.519542
G1 X92.404 Y98.888 E2.5131
;WIDTH:0.560155
G1 X92.538 Y98.844 E2.52182
;WIDTH:0.600769
G1 X92.672 Y98.8 E2.53126
G1 X92.964 Y98.419 E2.56337
;WIDTH:0.551666
G1 X93.377 Y97.891 E2.60411
;WIDTH:0.525193
G1 X93.786 Y97.395 E2.64106
G1 X93.786 Y98.036 E2.6779
G1 X93.746 Y98.167 E2.68577
;WIDTH:0.559063
G1 X93.301 Y98.79 E2.73301
;WIDTH:0.600769
G1 X93.01 Y99.266 E2.77033
G1 X92.632 Y99.287 E2.79566
;WIDTH:0.558002
G1 X92.412 Y99.309 E2.80927
;WIDTH:0.515236
G1 X92.191 Y99.33 E2.82175
;WIDTH:0.472469
G1 X91.971 Y99.351 E2.833
;WIDTH:0.429704
G1 X89.456 Y99.351 E2.9476
;WIDTH:0.438316
G1 X89.291 Y99.362 E2.95531
;WIDTH:0.45
G1 X88.904 Y99.515 E2.97533
G1 X88.587 Y99.889 E2.99891
G1 X88.492 Y100.305 E3.01943
G1 X88.496 Y102.366 E3.11856
G1 X87.419 Y102.371 E3.17036
G1 X86.866 Y102.627 E3.19967
G1 X87.096 Y102.938 F7800
G1 F1800
G1 X86.989 Y103.181 E3.21244
G1 X86.095 Y103.181 E3.25544
G1 X86.003 Y102.942 E3.26776
G1 X85.737 Y102.818 E3.28188
G1 X85.737 Y98.611 E3.48422
G1 X92.071 Y98.602 E3.78886
G1 X92.419 Y98.398 E3.80826
G1 X93.381 Y97.216 E3.88156
G1 X93.964 Y96.549 E3.92417
G1 X94.554 Y96.549 E3.95255
G1 X94.242 Y96.814 E3.97224
G1 X94.21 Y97.005 E3.98155
G1 X94.21 Y98.24 E4.04095
G1 X93.684 Y99.005 E4.0856
G1 X93.28 Y99.727 E4.12539
G1 X89.456 Y99.727 E4.30931
G1 X89.125 Y99.831 E4.326
G1 X88.935 Y100.055 E4.34013
G1 X88.878 Y100.305 E4.35246
G1 X88.883 Y102.752 E4.47015
G1 X87.51 Y102.752 E4.53619
G1 X87.14 Y102.903 E4.55541
G1 X87.371 Y103.201 F7800
;TYPE:External perimeter
G1 F1800
G1 X87.317 Y103.33 E4.56214
G1 X87.317 Y103.567 E4.57354
G1 X85.767 Y103.567 E4.64809
G1 X85.767 Y103.33 E4.65949
G1 X85.717 Y103.201 E4.66614
G1 X85.574 Y103.137 E4.67368
G1 X85.351 Y103.137 E4.68441
G1 X85.351 Y98.225 E4.92066
G1 X91.971 Y98.225 E5.23906
G1 X92.12 Y98.154 E5.247
G1 X93.086 Y96.967 E5.32061
G1 X93.789 Y96.163 E5.37198
G1 X94.055 Y96.163 E5.38477
;WIDTH:0.493801
G1 X94.3 Y96.185 E5.39794
;WIDTH:0.537602
G1 X94.544 Y96.208 E5.41241
;WIDTH:0.581403
G1 X94.788 Y96.23 E5.42821
G1 X96.937 Y96.232 E5.56679
;WIDTH:0.579865
G1 X97.272 Y96.211 E5.58837
;WIDTH:0.536576
G1 X97.606 Y96.19 E5.60808
;WIDTH:0.493288
G1 X97.941 Y96.169 E5.62604
;WIDTH:0.45
G1 X98.638 Y96.967 E5.677
G1 X99.604 Y98.154 E5.75061
G1 X99.754 Y98.225 E5.75859
G1 X101.382 Y98.225 E5.83689
G1 X101.384 Y98.892 E5.86897
G1 X101.386 Y99.562 E5.90119
G1 X97.91 Y99.562 E6.06837
G1 X97.632 Y99.08 E6.09513
G1 X97.129 Y98.351 E6.13773
G1 X97.119 Y96.943 E6.20545
;WIDTH:0.493288
G1 X97.058 Y96.878 E6.21022
;WIDTH:0.536576
G1 X96.997 Y96.813 E6.21547
;WIDTH:0.579865
G1 X96.936 Y96.748 E6.2212
;WIDTH:0.581403
G1 X94.788 Y96.747 E6.35972
;WIDTH:0.58532
G1 X94.743 Y96.749 E6.36265
G1 X94.694 Y96.834 E6.36902
;WIDTH:0.540213
G1 X94.645 Y96.92 E6.37489
;WIDTH:0.495106
G1 X94.595 Y97.005 E6.38019
;WIDTH:0.45
G1 X94.595 Y98.36 E6.44536
G1 X94.021 Y99.194 E6.49405
G1 X93.506 Y100.112 E6.54468
G1 X89.456 Y100.112 E6.73947
G1 X89.346 Y100.147 E6.74502
G1 X89.264 Y100.305 E6.75358
G1 X89.269 Y103.137 E6.88979
G1 X87.51 Y103.137 E6.97439
G1 X87.422 Y103.173 E6.97896
G1 X87.298 Y103.554 F7800
G1 E4.97896 F2400
G92 E0
G1 X88.543 Y99.277 F7800
G1 E2 F2400
;TYPE:Solid infill
G1 F2615
G1 X86.411 Y99.285 E2.10254
G1 X86.411 Y102.415 E2.25308
G1 X86.542 Y102.506 E2.26075
G1 X87.342 Y102.1 E2.3039
G1 X87.422 Y102.082 E2.30784
G1 X88.207 Y102.078 E2.3456
G1 X88.205 Y100.252 E2.43342
G1 X88.354 Y99.726 E2.45971
G1 X88.736 Y99.276 E2.4881
G1 X87.963 Y99.665 F7800
G1 F2615
G1 X87.819 Y100.252 E2.51717
G1 X87.821 Y101.694 E2.58653
G1 X87.362 Y101.7 E2.60861
G1 X86.797 Y101.927 E2.6379
G1 X86.797 Y99.669 E2.7465
G1 X87.77 Y99.665 E2.7933
G1 X87.496 Y100.02 E2.81487
;WIDTH:0.38397
G1 X87.467 Y100.253 E2.82423
;WIDTH:0.383199
G1 X87.468 Y101.344 E2.86761
G1 X87.149 Y101.398 E2.88048
G1 X87.149 Y101.191 E2.88871
;WIDTH:0.38397
G1 X87.15 Y100.02 E2.93539
G1 X87.303 Y100.02 E2.94149
G1 E.94149 F2400
G92 E0
G92 E0
G1 X81.188 Y85.287 F7800
G1 E2 F2400
;TYPE:Perimeter
;WIDTH:0.45
G1 F1800
G1 X81.215 Y85.268 E2.00159
G1 X81.394 Y84.967 E2.01843
G1 X81.568 Y84.967 E2.0268
G1 X81.747 Y85.268 E2.04364
G1 X81.888 Y85.391 E2.05264
G1 X82.143 Y85.521 E2.06641
G1 X82.449 Y85.571 E2.08132
G1 X83.435 Y85.571 E2.12874
G1 X83.435 Y86.557 E2.17616
G1 X83.435 Y88.941 E2.29082
G1 X81.062 Y88.941 E2.40495
G1 X81.062 Y86.88 E2.50408
G1 X81.022 Y86.605 E2.51745
G1 X80.9 Y86.346 E2.53122
G1 X80.739 Y86.16 E2.54305
G1 X80.439 Y85.979 E2.5599
G1 X80.098 Y85.926 E2.5765
;WIDTH:0.429703
G1 X75.942 Y85.926 E2.76587
;WIDTH:0.438315
G1 X75.776 Y85.937 E2.77363
;WIDTH:0.45
G1 X75.395 Y86.086 E2.79331
G1 X75.077 Y86.454 E2.8167
G1 X74.48 Y87.663 E2.88155
G1 X74.031 Y88.405 E2.92326
G1 X73.811 Y88.666 E2.93968
G1 X73.572 Y88.407 E2.95663
G1 X73.125 Y87.669 E2.99813
G1 X72.526 Y86.454 E3.06328
G1 X72.208 Y86.086 E3.08667
G1 X71.661 Y85.926 E3.11408
;WIDTH:0.429703
G1 X69.043 Y85.926 E3.23337
G1 X69.043 Y85.561 E3.25
G1 X71.661 Y85.561 E3.36929
;WIDTH:0.45
G1 X75.942 Y85.561 E3.57519
;WIDTH:0.429703
G1 X80.098 Y85.561 E3.76456
;WIDTH:0.45
G1 X80.513 Y85.571 E3.78453
G1 X80.858 Y85.507 E3.80141
G1 X81.138 Y85.32 E3.8176
G1 X80.912 Y85.005 F7800
G1 F2615
G1 X81.033 Y84.861 E3.82665
G1 X81.092 Y84.581 E3.84041
G1 X81.845 Y84.581 E3.87663
G1 X81.929 Y84.861 E3.89069
G1 X82.028 Y85.004 E3.89906
G1 X82.265 Y85.156 E3.9126
G1 X82.449 Y85.186 E3.92157
G1 X83.821 Y85.186 E3.98756
G1 X83.821 Y86.557 E4.0535
G1 X83.821 Y89.327 E4.18673
G1 X80.676 Y89.327 E4.33799
G1 X80.676 Y87.755 E4.4136
G1 X80.652 Y86.715 E4.46363
G1 X80.482 Y86.448 E4.47885
G1 X80.302 Y86.339 E4.48897
G1 X80.098 Y86.302 E4.49894
G1 X75.942 Y86.302 E4.69883
G1 X75.614 Y86.404 E4.71535
G1 X75.423 Y86.624 E4.72936
G1 X74.819 Y87.848 E4.79501
G1 X74.328 Y88.657 E4.84053
G1 X73.987 Y89.052 E4.86563
G1 X73.616 Y89.052 E4.88347
G1 X73.245 Y88.611 E4.91119
G1 X72.786 Y87.852 E4.95385
G1 X72.18 Y86.624 E5.01971
G1 X71.989 Y86.404 E5.03372
G1 X71.661 Y86.302 E5.05024
G1 X68.668 Y86.302 E5.19419
G1 X68.668 Y85.186 E5.24787
G1 X80.513 Y85.186 E5.81757
G1 X80.72 Y85.147 E5.8277
G1 X80.85 Y85.077 E5.8348
G1 X80.873 Y85.05 E5.83651
G1 X80.64 Y84.735 F7800
;TYPE:External perimeter
G1 F1800
G1 X80.687 Y84.692 E5.83957
G1 X80.706 Y84.196 E5.86344
G1 X82.256 Y84.196 E5.93799
G1 X82.256 Y84.607 E5.95776
G1 X82.309 Y84.739 E5.9646
G1 X82.449 Y84.8 E5.97194
G1 X84.206 Y84.8 E6.05645
G1 X84.206 Y86.557 E6.14096
G1 X84.206 Y89.712 E6.2927
G1 X80.29 Y89.712 E6.48105
G1 X80.29 Y86.88 E6.61726
G1 X80.226 Y86.736 E6.62484
G1 X80.098 Y86.687 E6.63143
G1 X75.908 Y86.69 E6.83295
G1 X75.769 Y86.795 E6.84133
G1 X75.157 Y88.034 E6.90779
G1 X74.641 Y88.885 E6.95566
G1 X74.249 Y89.339 E6.98451
G1 X74.112 Y89.437 E6.99261
G1 X73.491 Y89.438 E7.02248
G1 X73.354 Y89.339 E7.03061
G1 X72.918 Y88.815 E7.0634
G1 X72.446 Y88.035 E7.10725
G1 X71.771 Y86.721 E7.1783
G1 X71.661 Y86.687 E7.18384
G1 X68.282 Y86.687 E7.34636
G1 X68.282 Y84.8 E7.43712
G1 X80.582 Y84.787 E8.02871
G1 X80.596 Y84.775 E8.0296
G1 X80.692 Y84.387 F7800
G1 X81.484 Y85.392
;TYPE:Solid infill
G1 F2615
G1 X81.703 Y85.613 E8.04456
G1 X82.025 Y85.784 E8.0621
G1 X82.349 Y85.855 E8.07805
G1 X83.146 Y85.86 E8.11638
G1 X83.146 Y88.652 E8.25067
G1 X81.351 Y88.652 E8.337
G1 X81.351 Y86.887 E8.42189
G1 X81.304 Y86.55 E8.43826
G1 X81.153 Y86.21 E8.45615
G1 X80.95 Y85.965 E8.47145
G1 X80.732 Y85.822 E8.48399
G1 X80.93 Y85.785 E8.49368
G1 X81.221 Y85.639 E8.50934
G1 X81.343 Y85.524 E8.5174
G1 X81.467 Y85.939 E8.53823
G1 X81.85 Y86.127 E8.55875
G1 X82.231 Y86.228 E8.57771
G1 X82.76 Y86.243 E8.60316
G1 X82.76 Y88.266 E8.70046
G1 X81.736 Y88.266 E8.74971
G1 X81.736 Y86.887 E8.81604
G1 X81.683 Y86.479 E8.83583
G1 X81.539 Y86.118 E8.85452
G1 X82.052 Y86.553 E8.88687
;WIDTH:0.387675
G1 X82.406 Y86.596 E8.90125
G1 X82.408 Y86.887 E8.91298
;WIDTH:0.383471
G1 X82.408 Y87.914 E8.95385
G1 X82.089 Y87.914 E8.96655
G1 X82.089 Y86.887 E9.00742
;WIDTH:0.385265
G1 X82.073 Y86.745 E9.01314
G1 E7.01314 F2400
G92 E0
G1 X75.032 Y85.851 F7800
G1 E2 F2400
;WIDTH:0.45
G1 F2615
G1 X72.387 Y85.86 E2.12722
G1 X72.764 Y86.296 E2.15494
G1 X73.38 Y87.53 E2.22128
G1 X73.801 Y88.226 E2.2604
G1 X74.227 Y87.524 E2.29989
G1 X74.812 Y86.337 E2.36354
G1 X75.225 Y85.851 E2.39422
G1 X74.431 Y86.239 F7800
G1 F2615
G1 X73.801 Y87.482 E2.46124
G1 X73.175 Y86.243 E2.52801
G1 X74.238 Y86.24 E2.57914
G1 X73.849 Y86.619 E2.60526
;WIDTH:0.459563
G1 X73.767 Y86.597 E2.60944
G1 X73.789 Y86.679 E2.61362
G1 X73.836 Y86.666 E2.61602
G1 E.61602 F2400
G92 E0
G1 X81.186 Y72.601 F7800
G1 E2 F2400
;TYPE:Perimeter
;WIDTH:0.45
G1 F1800
G1 X81.146 Y72.54 E2.00351
G1 X80.858 Y72.368 E2.01964
G1 X80.513 Y72.306 E2.0365
;WIDTH:0.444738
G1 X80.098 Y72.314 E2.05619
;WIDTH:0.429703
G1 X75.942 Y72.314 E2.24556
;WIDTH:0.45
G1 X71.661 Y72.314 E2.45146
;WIDTH:0.429704
G1 X69.043 Y72.314 E2.57075
G1 X69.043 Y71.949 E2.58738
G1 X71.661 Y71.949 E2.70667
;WIDTH:0.438316
G1 X71.827 Y71.938 E2.71443
;WIDTH:0.45
G1 X72.208 Y71.789 E2.73411
G1 X72.526 Y71.421 E2.7575
G1 X73.122 Y70.212 E2.82233
G1 X73.572 Y69.47 E2.86407
G1 X73.792 Y69.209 E2.88049
G1 X74.03 Y69.468 E2.89741
G1 X74.478 Y70.206 E2.93893
G1 X75.077 Y71.421 E3.00408
G1 X75.395 Y71.789 E3.02747
G1 X75.942 Y71.949 E3.05488
;WIDTH:0.429703
G1 X80.098 Y71.949 E3.24425
;WIDTH:0.444738
G1 X80.438 Y71.894 E3.26059
;WIDTH:0.45
G1 X80.739 Y71.715 E3.27743
G1 X80.9 Y71.529 E3.28926
G1 X81.022 Y71.27 E3.30303
G1 X81.062 Y70.995 E3.3164
G1 X81.062 Y68.934 E3.41553
G1 X83.435 Y68.934 E3.52966
G1 X83.435 Y70.12 E3.5867
G1 X83.435 Y72.304 E3.69174
G1 X82.449 Y72.304 E3.73916
G1 X82.143 Y72.354 E3.75407
G1 X81.817 Y72.54 E3.77212
G1 X81.691 Y72.733 E3.78321
G1 X81.271 Y72.733 E3.80341
G1 X81.218 Y72.652 E3.80807
G1 X80.913 Y72.859 F7800
G1 F2615
G1 X80.72 Y72.728 E3.81929
G1 X80.513 Y72.689 E3.82942
G1 X68.668 Y72.689 E4.39912
G1 X68.668 Y71.573 E4.4528
G1 X71.661 Y71.573 E4.59675
G1 X71.989 Y71.471 E4.61327
G1 X72.18 Y71.251 E4.62728
G1 X72.784 Y70.027 E4.69293
G1 X73.274 Y69.218 E4.73842
G1 X73.616 Y68.823 E4.76355
G1 X73.987 Y68.823 E4.78139
G1 X74.358 Y69.264 E4.80911
G1 X74.817 Y70.023 E4.85177
G1 X75.423 Y71.251 E4.91763
G1 X75.614 Y71.471 E4.93164
G1 X75.942 Y71.573 E4.94816
G1 X80.098 Y71.573 E5.14805
G1 X80.198 Y71.564 E5.15288
G1 X80.482 Y71.427 E5.16805
G1 X80.652 Y71.16 E5.18327
G1 X80.676 Y70.995 E5.19129
G1 X80.676 Y68.548 E5.30898
G1 X83.821 Y68.548 E5.46024
G1 X83.821 Y70.12 E5.53585
G1 X83.821 Y72.689 E5.65941
G1 X82.449 Y72.689 E5.7254
G1 X82.265 Y72.719 E5.73437
G1 X82.07 Y72.831 E5.74519
G1 X81.928 Y73.119 E5.76063
G1 X81.034 Y73.119 E5.80363
G1 X80.951 Y72.902 E5.8148
G1 X80.642 Y73.132 F7800
;TYPE:External perimeter
G1 F1800
G1 X80.513 Y73.075 E5.82158
G1 X68.282 Y73.075 E6.40985
G1 X68.282 Y71.187 E6.50066
G1 X71.695 Y71.185 E6.66481
G1 X71.834 Y71.08 E6.67319
G1 X72.446 Y69.841 E6.73965
G1 X72.962 Y68.99 E6.78752
G1 X73.354 Y68.536 E6.81637
G1 X73.491 Y68.437 E6.8245
G1 X74.112 Y68.437 E6.85437
G1 X74.249 Y68.536 E6.8625
G1 X74.685 Y69.06 E6.89529
G1 X75.157 Y69.84 E6.93914
G1 X75.832 Y71.154 E7.01019
G1 X75.942 Y71.187 E7.01571
G1 X80.098 Y71.187 E7.2156
G1 X80.226 Y71.139 E7.22217
G1 X80.29 Y70.995 E7.22975
G1 X80.29 Y68.162 E7.36601
G1 X84.206 Y68.162 E7.55436
G1 X84.206 Y70.12 E7.64853
G1 X84.206 Y73.075 E7.79066
G1 X82.449 Y73.075 E7.87517
G1 X82.337 Y73.111 E7.88083
G1 X82.256 Y73.268 E7.88933
G1 X82.256 Y73.504 E7.90068
G1 X80.706 Y73.504 E7.97523
G1 X80.706 Y73.268 E7.98658
G1 X80.672 Y73.18 E7.99112
G1 X80.284 Y73.083 F7800
G1 E5.99112 F2400
G92 E0
G1 X81.351 Y69.223 F7800
G1 E2 F2400
;TYPE:Solid infill
G1 F2615
G1 X83.146 Y69.223 E2.08633
G1 X83.146 Y72.015 E2.22062
G1 X82.349 Y72.02 E2.25895
G1 X82.097 Y72.069 E2.2713
G1 X81.744 Y72.235 E2.29006
G1 X81.501 Y72.443 E2.30544
G1 X81.26 Y72.263 E2.31991
G1 X80.987 Y72.11 E2.33496
G1 X80.724 Y72.055 E2.34788
G1 X80.902 Y71.95 E2.35782
G1 X81.124 Y71.709 E2.37358
G1 X81.288 Y71.379 E2.3913
G1 X81.351 Y70.988 E2.41035
G1 X81.351 Y69.416 E2.48596
G1 X81.736 Y69.609 E2.50667
G1 X82.76 Y69.609 E2.55592
G1 X82.76 Y71.632 E2.65322
G1 X82.347 Y71.634 E2.67308
G1 X81.994 Y71.697 E2.69033
G1 X81.467 Y71.936 E2.71816
G1 X81.637 Y71.541 E2.73884
G1 X81.736 Y70.988 E2.76586
G1 X81.736 Y69.801 E2.82295
G1 X82.089 Y69.961 E2.84159
;WIDTH:0.383471
G1 X82.408 Y69.961 E2.85429
G1 X82.408 Y70.12 E2.86062
;WIDTH:0.387674
G1 X82.406 Y71.279 E2.90735
G1 X82.052 Y71.322 E2.92173
G1 X82.089 Y70.988 E2.93528
;WIDTH:0.383471
G1 X82.089 Y70.154 E2.96847
G1 E.96847 F2400
G92 E0
G1 X73.801 Y69.651 F7800
G1 E2 F2400
;WIDTH:0.45
G1 F2615
G1 X74.223 Y70.345 E2.03907
G1 X74.839 Y71.579 E2.10541
G1 X75.216 Y72.015 E2.13313
G1 X72.378 Y72.024 E2.26963
G1 X72.791 Y71.538 E2.30031
G1 X73.376 Y70.351 E2.36396
G1 X73.701 Y69.816 E2.39407
G1 X73.802 Y70.394 E2.42229
G1 X73.885 Y70.531 E2.42999
G1 X74.428 Y71.632 E2.48903
G1 X73.172 Y71.636 E2.54944
G1 X73.713 Y70.565 E2.60715
G1 X73.849 Y71.231 E2.63984
;WIDTH:0.459563
G1 X73.767 Y71.209 E2.64402
G1 X73.789 Y71.291 E2.6482
G1 X73.836 Y71.278 E2.6506
;LAYER_CHANGE
;Z:8.15
;HEIGHT:0.3
G1 E.6506 F2400
G92 E0
G1 Z8.15 F7800
G92 E0
G1 X86.83 Y115.347
G1 E2 F2400
;TYPE:Perimeter
;WIDTH:0.45
G1 F1800
G1 X86.874 Y115.394 E2.0031
G1 X87.424 Y115.63 E2.03189
G1 X88.582 Y115.634 E2.08759
G1 X88.585 Y117.696 E2.18677
G1 X88.665 Y118.078 E2.20554
G1 X88.978 Y118.471 E2.2297
G1 X89.549 Y118.649 E2.25847
;WIDTH:0.429703
G1 X92.126 Y118.649 E2.37589
;WIDTH:0.45
G1 X93.37 Y118.659 E2.43572
G1 X93.852 Y119.344 E2.476
G1 X94.429 Y119.962 E2.51667
G1 X94.881 Y120.284 E2.54336
;WIDTH:0.450579
G1 X95.02 Y120.338 E2.55054
;TYPE:Overhang perimeter
;WIDTH:0.4
;HEIGHT:0.4
M106 S255
G1 X95.626 Y120.574 E2.58452
G1 X96.034 Y120.583 E2.60584
G1 X96.499 Y120.441 E2.63124
G1 X96.704 Y120.34 E2.64318
M106 S226.95
;TYPE:Perimeter
;WIDTH:0.45
;HEIGHT:0.3
G1 X96.899 Y120.244 E2.65363
G1 X97.422 Y119.85 E2.68512
G1 X97.952 Y119.253 E2.72352
G1 X98.366 Y118.659 E2.75834
G1 X99.598 Y118.649 E2.8176
;WIDTH:0.429702
G1 X100.527 Y118.649 E2.85993
G1 X100.528 Y118.831 E2.86822
G1 X100.528 Y119.014 E2.87656
G1 X100.345 Y119.014 E2.8849
;WIDTH:0.438315
G1 X99.433 Y119.024 E2.92744
;WIDTH:0.45
G1 X98.85 Y119.359 E2.95978
G1 X98.454 Y119.846 E2.98997
G1 X97.793 Y120.596 E3.03805
G1 X97.345 Y121.066 E3.06928
G1 X96.573 Y121.066 E3.10641
;WIDTH:0.478935
G1 X96.217 Y121.052 E3.12483
;WIDTH:0.50787
G1 X95.862 Y121.037 E3.14448
G1 X95.5 Y121.052 E3.16452
;WIDTH:0.478935
G1 X95.138 Y121.066 E3.18325
;WIDTH:0.45
G1 X94.379 Y121.066 E3.21976
G1 X94.067 Y120.75 E3.24112
G1 X93.187 Y119.744 E3.3054
G1 X92.849 Y119.33 E3.33111
G1 X92.126 Y119.014 E3.36906
;WIDTH:0.429703
G1 X89.549 Y119.014 E3.48648
;WIDTH:0.45
G1 X86.038 Y119.004 E3.65535
G1 X86.038 Y115.459 E3.82585
G1 X86.21 Y115.394 E3.83469
G1 X86.349 Y115.243 E3.84456
G1 X86.494 Y114.94 E3.86072
G1 X86.59 Y114.94 E3.86534
G1 X86.734 Y115.243 E3.88148
G1 X86.789 Y115.302 E3.88536
G1 X87.103 Y115.067 F7800
G1 F2566
G1 X87.128 Y115.105 E3.88755
G1 X87.51 Y115.248 E3.90717
G1 X88.967 Y115.248 E3.97725
G1 X88.971 Y117.696 E4.09499
G1 X89.019 Y117.925 E4.10624
G1 X89.207 Y118.161 E4.12075
G1 X89.549 Y118.273 E4.13806
G1 X93.578 Y118.273 E4.33184
G1 X94.06 Y118.996 E4.37363
G1 X94.553 Y119.558 E4.40959
G1 X94.855 Y119.792 E4.42797
G1 X95.02 Y119.891 E4.43722
;TYPE:Overhang perimeter
;WIDTH:0.4
;HEIGHT:0.4
M106 S255
G1 F3600
G1 X95.304 Y120.061 E4.45451
G1 X95.862 Y120.179 E4.48431
G1 X96.41 Y120.065 E4.51355
G1 X96.704 Y119.909 E4.53094
M106 S226.95
;TYPE:Perimeter
;WIDTH:0.45
;HEIGHT:0.3
G1 F2566
G1 X97.137 Y119.592 E4.55675
G1 X97.636 Y119.033 E4.59279
G1 X98.16 Y118.273 E4.63719
G1 X100.901 Y118.273 E4.76902
G1 X100.903 Y118.829 E4.79576
G1 X100.905 Y119.389 E4.82269
G1 X99.498 Y119.398 E4.89036
G1 X99.15 Y119.603 E4.90979
G1 X98.748 Y120.095 E4.94035
G1 X97.939 Y121.014 E4.99924
G1 X97.506 Y121.452 E5.02886
G1 X94.218 Y121.452 E5.187
G1 X93.785 Y121.014 E5.21662
G1 X92.976 Y120.095 E5.27551
G1 X92.575 Y119.603 E5.30604
G1 X92.126 Y119.389 E5.32996
G1 X85.653 Y119.389 E5.64129
G1 X85.653 Y115.219 E5.84185
G1 X85.955 Y115.105 E5.85738
G1 X86.122 Y114.855 E5.87184
G1 X86.152 Y114.554 E5.88639
G1 X86.931 Y114.554 E5.92386
G1 X86.962 Y114.855 E5.93841
G1 X87.07 Y115.017 E5.94777
G1 X87.385 Y114.799 F7800
;TYPE:External perimeter
G1 F1800
G1 X87.51 Y114.862 E5.9545
G1 X89.352 Y114.862 E6.04309
G1 X89.357 Y117.695 E6.17935
G1 X89.435 Y117.85 E6.1877
G1 X89.549 Y117.887 E6.19346
G1 X93.786 Y117.887 E6.39724
G1 X94.432 Y118.835 E6.45242
G1 X94.885 Y119.34 E6.48505
;TYPE:Overhang perimeter
;WIDTH:0.4
;HEIGHT:0.4
M106 S255
G1 F3600
G1 X95.395 Y119.686 E6.51725
G1 X95.895 Y119.791 E6.54394
G1 X96.387 Y119.661 E6.57053
G1 X96.836 Y119.343 E6.59928
M106 S226.95
;TYPE:External perimeter
;WIDTH:0.45
;HEIGHT:0.3
G1 F1800
G1 X97.32 Y118.813 E6.6338
G1 X97.858 Y118.012 E6.68021
;TYPE:Overhang perimeter
;WIDTH:0.4
;HEIGHT:0.4
M106 S255
G1 F3600
G1 X97.939 Y117.887 E6.68799
G1 X101.286 Y117.887 E6.86285
G1 X101.286 Y118.012 E6.86938
M106 S226.95
;TYPE:External perimeter
;WIDTH:0.45
;HEIGHT:0.3
G1 F1800
G1 X101.289 Y118.828 E6.90863
G1 X101.292 Y119.775 E6.95418
G1 X99.598 Y119.775 E7.03566
G1 X99.449 Y119.846 E7.0436
G1 X99.043 Y120.345 E7.07454
G1 X98.221 Y121.277 E7.13431
G1 X97.667 Y121.837 E7.1722
G1 X94.057 Y121.837 E7.34583
G1 X93.503 Y121.277 E7.38372
G1 X92.681 Y120.345 E7.44349
G1 X92.276 Y119.846 E7.4744
G1 X92.126 Y119.775 E7.48238
G1 X85.267 Y119.775 E7.81227
G1 X85.267 Y114.862 E8.04857
G1 X85.574 Y114.862 E8.06334
G1 X85.701 Y114.815 E8.06985
G1 X85.767 Y114.67 E8.07751
G1 X85.767 Y114.169 E8.10161
G1 X87.317 Y114.169 E8.17616
G1 X87.317 Y114.67 E8.20026
G1 X87.346 Y114.759 E8.20476
G1 X87.735 Y114.854 F7800
G1 E6.20476 F2400
G92 E0
G1 X86.327 Y118.715 F7800
G1 E2 F2400
;TYPE:Solid infill
G1 F2566
G1 X86.327 Y115.669 E2.1465
G1 X86.542 Y115.459 E2.16095
G1 X86.728 Y115.636 E2.1733
G1 X87.426 Y115.918 E2.20951
G1 X88.294 Y115.922 E2.25126
G1 X88.301 Y117.743 E2.33884
G1 X88.427 Y118.233 E2.36317
G1 X88.811 Y118.715 E2.39281
G1 X86.52 Y118.715 E2.503
G1 X86.713 Y118.329 E2.52376
G1 X86.713 Y116.049 E2.63342
G1 X87.37 Y116.301 E2.66726
G1 X87.908 Y116.306 E2.69314
G1 X87.924 Y117.825 E2.7662
G1 X88.057 Y118.329 E2.79127
G1 X86.906 Y118.329 E2.84663
G1 X87.109 Y117.897 E2.86959
;WIDTH:0.470563
G1 X87.109 Y117.933 E2.87141
G1 X87.542 Y117.933 E2.89335
G1 X87.514 Y116.896 E2.9459
;WIDTH:0.469778
G1 X87.514 Y116.7 E2.95581
G1 X87.108 Y116.638 E2.97658
;WIDTH:0.470405
G1 X87.109 Y117.704 E3.03056
G1 E1.03056 F2400
G92 E0
G1 X93.078 Y118.972 F7800
G1 E2 F2400
;WIDTH:0.644251
G1 F2566
G1 X93.026 Y119.023 E2.00527
G1 X93.045 Y119.093 E2.01052
G1 X93.115 Y119.112 E2.01577
G1 X93.166 Y119.06 E2.02104
G1 X93.148 Y118.99 E2.02627
G1 E.02627 F2400
G92 E0
G1 X95.382 Y120.642 F7800
G1 E2 F2400
;TYPE:Bridge infill
;WIDTH:0.410836
;HEIGHT:0.4
M106 S255
G1 F3600
G1 X93.326 Y119.726 E2.12405
M106 S226.95
G1 E.12405 F2400
G92 E0
G1 X97.066 Y120.272 F7800
G1 E2 F2400
;WIDTH:0.441446
M106 S255
G1 F3600
G1 X97.943 Y119.94 E2.05967
G1 X97.214 Y120.741 E2.12859
G1 X96.69 Y120.94 E2.16426
M106 S226.95
G1 E.16426 F2400
G92 E0
G1 X98.611 Y118.971 F7800
G1 E2 F2400
;TYPE:Solid infill
;WIDTH:0.639321
;HEIGHT:0.3
G1 F2566
G1 X98.561 Y119.022 E2.00512
G1 X98.579 Y119.091 E2.01023
G1 X98.649 Y119.11 E2.01543
G1 X98.699 Y119.059 E2.02055
G1 X98.681 Y118.99 E2.02566
G1 E.02566 F2400
G92 E0
G1 X86.829 Y102.65 F7800
G1 E2 F2400
;TYPE:Perimeter
;WIDTH:0.45
G1 F1800
G1 X86.794 Y102.685 E2.00238
G1 X86.68 Y102.885 E2.01345
G1 X86.404 Y102.885 E2.02672
G1 X86.377 Y102.797 E2.03115
G1 X86.21 Y102.606 E2.04335
G1 X86.038 Y102.541 E2.05219
G1 X86.038 Y98.996 E2.22269
G1 X89.549 Y98.986 E2.39156
;WIDTH:0.429704
G1 X92.126 Y98.986 E2.50898
;WIDTH:0.438316
G1 X92.292 Y98.976 E2.51674
;WIDTH:0.45
G1 X92.874 Y98.641 E2.54904
G1 X93.27 Y98.154 E2.57923
G1 X93.894 Y97.446 E2.62462
G1 X94.379 Y96.934 E2.65854
G1 X95.138 Y96.934 E2.69505
;WIDTH:0.478934
G1 X95.5 Y96.948 E2.71378
;WIDTH:0.507869
G1 X95.862 Y96.963 E2.73382
G1 X96.217 Y96.948 E2.75347
;WIDTH:0.478934
G1 X96.573 Y96.934 E2.77189
;WIDTH:0.45
G1 X97.344 Y96.934 E2.80897
G1 X98.149 Y97.805 E2.86601
G1 X98.872 Y98.666 E2.92008
G1 X99.598 Y98.986 E2.95824
;WIDTH:0.429703
G1 X100.528 Y98.986 E3.00062
G1 X100.528 Y99.169 E3.00896
;WIDTH:0.429702
G1 X100.527 Y99.351 E3.01725
G1 X99.598 Y99.351 E3.05958
;WIDTH:0.45
G1 X98.346 Y99.341 E3.1198
G1 X97.876 Y98.65 E3.15999
G1 X97.258 Y98.005 E3.20295
G1 X96.827 Y97.706 E3.22818
;WIDTH:0.488436
G1 X96.704 Y97.659 E3.23514
;TYPE:Overhang perimeter
;WIDTH:0.4
;HEIGHT:0.4
M106 S255
G1 X96.093 Y97.425 E3.26932
G1 X95.69 Y97.417 E3.29038
G1 X95.213 Y97.564 E3.31646
G1 X95.02 Y97.659 E3.3277
M106 S226.95
;TYPE:Perimeter
;WIDTH:0.45
;HEIGHT:0.3
G1 X94.83 Y97.753 E3.3379
G1 X94.263 Y98.188 E3.37227
G1 X93.689 Y98.857 E3.41467
G1 X93.37 Y99.341 E3.44255
G1 X92.126 Y99.351 E3.50238
;WIDTH:0.429704
G1 X89.549 Y99.351 E3.6198
;WIDTH:0.438316
G1 X89.384 Y99.362 E3.62751
;WIDTH:0.45
G1 X88.978 Y99.529 E3.64862
G1 X88.665 Y99.922 E3.67278
G1 X88.585 Y100.304 E3.69155
G1 X88.582 Y102.366 E3.79073
G1 X87.424 Y102.37 E3.84643
G1 X86.874 Y102.606 E3.87522
G1 X86.872 Y102.607 E3.87533
G1 X87.117 Y102.924 F7800
G1 F2566
G1 X87.08 Y102.943 E3.87733
G1 X86.949 Y103.271 E3.89432
G1 X86.134 Y103.271 E3.93352
G1 X86.003 Y102.943 E3.95051
G1 X85.653 Y102.781 E3.96906
G1 X85.653 Y98.611 E4.16962
G1 X92.226 Y98.602 E4.48576
G1 X92.575 Y98.397 E4.50523
G1 X92.976 Y97.905 E4.53576
G1 X93.785 Y96.986 E4.59465
G1 X94.218 Y96.548 E4.62427
G1 X97.505 Y96.548 E4.78236
G1 X98.44 Y97.551 E4.84831
G1 X99.155 Y98.404 E4.90184
G1 X99.598 Y98.611 E4.92536
G1 X100.905 Y98.611 E4.98822
G1 X100.903 Y99.171 E5.01515
G1 X100.901 Y99.727 E5.04189
G1 X98.139 Y99.727 E5.17473
G1 X97.59 Y98.909 E5.22211
G1 X97.135 Y98.407 E5.2547
G1 X96.704 Y98.091 E5.2804
;TYPE:Overhang perimeter
;WIDTH:0.4
;HEIGHT:0.4
M106 S255
G1 F3600
G1 X96.41 Y97.935 E5.29779
G1 X95.862 Y97.821 E5.32703
G1 X95.304 Y97.939 E5.35683
G1 X95.02 Y98.092 E5.37368
M106 S226.95
;TYPE:Perimeter
;WIDTH:0.45
;HEIGHT:0.3
G1 F2566
G1 X94.553 Y98.442 E5.40175
G1 X94.011 Y99.068 E5.44158
G1 X93.578 Y99.727 E5.47951
G1 X89.549 Y99.727 E5.67329
G1 X89.207 Y99.839 E5.6906
G1 X89.019 Y100.075 E5.70511
G1 X88.971 Y100.304 E5.71636
G1 X88.967 Y102.752 E5.8341
G1 X87.458 Y102.754 E5.90668
G1 X87.171 Y102.898 E5.92212
G1 X87.389 Y103.202 F7800
;TYPE:External perimeter
G1 F1800
G1 X87.349 Y103.224 E5.92432
G1 X87.317 Y103.656 E5.94515
G1 X85.767 Y103.656 E6.0197
G1 X85.735 Y103.224 E6.04053
G1 X85.574 Y103.137 E6.04933
G1 X85.267 Y103.137 E6.0641
G1 X85.267 Y98.225 E6.30035
G1 X92.126 Y98.225 E6.63024
G1 X92.276 Y98.154 E6.63822
G1 X92.681 Y97.655 E6.66913
G1 X93.503 Y96.723 E6.7289
G1 X94.057 Y96.162 E6.76682
G1 X97.667 Y96.162 E6.94045
G1 X98.034 Y96.535 E6.96562
G1 X98.73 Y97.297 E7.01526
G1 X99.451 Y98.156 E7.0692
G1 X99.598 Y98.225 E7.07701
G1 X101.292 Y98.225 E7.15849
G1 X101.289 Y99.172 E7.20404
G1 X101.286 Y99.987 E7.24324
;TYPE:Overhang perimeter
;WIDTH:0.4
;HEIGHT:0.4
M106 S255
G1 F3600
G1 X101.286 Y100.112 E7.24977
G1 X97.931 Y100.112 E7.42505
G1 X97.849 Y99.987 E7.43286
M106 S226.95
;TYPE:External perimeter
;WIDTH:0.45
;HEIGHT:0.3
G1 F1800
G1 X97.304 Y99.168 E7.48018
G1 X96.841 Y98.663 E7.51313
;TYPE:Overhang perimeter
;WIDTH:0.4
;HEIGHT:0.4
M106 S255
G1 F3600
G1 X96.387 Y98.339 E7.54227
G1 X95.906 Y98.212 E7.56826
G1 X95.395 Y98.314 E7.59548
G1 X94.878 Y98.671 E7.6283
M106 S226.95
;TYPE:External perimeter
;WIDTH:0.45
;HEIGHT:0.3
G1 F1800
G1 X94.333 Y99.28 E7.66761
G1 X93.786 Y100.112 E7.7155
G1 X89.549 Y100.112 E7.91928
G1 X89.435 Y100.15 E7.92506
G1 X89.357 Y100.302 E7.93328
G1 X89.352 Y103.137 E8.06963
G1 X87.51 Y103.137 E8.15822
G1 X87.442 Y103.174 E8.16194
G1 X87.329 Y103.557 F7800
G1 E6.16194 F2400
G92 E0
G1 X86.327 Y99.478 F7800
G1 E2 F2400
;TYPE:Solid infill
G1 F2566
G1 X86.327 Y102.354 E2.13833
G1 X86.54 Y102.547 E2.15215
G1 X86.728 Y102.364 E2.16477
G1 X87.351 Y102.097 E2.19737
G1 X88.294 Y102.077 E2.24274
G1 X88.296 Y100.297 E2.32835
G1 X88.427 Y99.767 E2.35461
G1 X88.819 Y99.276 E2.38483
G1 X86.327 Y99.285 E2.50469
G1 X86.713 Y99.669 E2.53088
G1 X88.06 Y99.664 E2.59567
G1 X88.012 Y99.765 E2.60105
G1 X87.911 Y100.296 E2.62705
G1 X87.908 Y101.694 E2.69429
G1 X87.424 Y101.696 E2.71757
G1 X87.199 Y101.743 E2.72863
G1 X86.713 Y101.951 E2.75406
G1 X86.713 Y99.862 E2.85453
G1 X87.108 Y101.103 F7800
;WIDTH:0.470612
G1 F2566
G1 X87.109 Y100.064 E2.90717
G1 X87.543 Y100.062 E2.92916
G1 X87.515 Y100.296 E2.9411
;WIDTH:0.470405
G1 X87.514 Y101.3 E2.99194
;WIDTH:0.469778
G1 X87.108 Y101.362 E3.01271
G1 X87.108 Y101.296 E3.01605
G1 E1.01605 F2400
G92 E0
G1 X93.068 Y98.893 F7800
G1 E2 F2400
;WIDTH:0.635469
G1 F2566
G1 X93.017 Y98.943 E2.00509
G1 X93.036 Y99.012 E2.01019
G1 X93.105 Y99.03 E2.01527
G1 X93.155 Y98.98 E2.02031
G1 X93.137 Y98.911 E2.02539
G1 X94.669 Y97.721 F7800
;TYPE:Bridge infill
;WIDTH:0.439825
;HEIGHT:0.4
M106 S255
G1 F3600
G1 X93.783 Y98.058 E2.08527
G1 X94.511 Y97.257 E2.15364
G1 X95.03 Y97.06 E2.18871
M106 S226.95
G1 X96.919 Y97.625 F7800
;WIDTH:0.416085
M106 S255
G1 F3600
G1 X98.38 Y98.264 E2.27886
M106 S226.95
G1 X98.615 Y98.889 F7800
;TYPE:Solid infill
;WIDTH:0.642399
;HEIGHT:0.3
G1 F2566
G1 X98.564 Y98.94 E2.28406
G1 X98.583 Y99.01 E2.28929
G1 X98.653 Y99.029 E2.29452
G1 X98.704 Y98.978 E2.29972
G1 X98.685 Y98.908 E2.30495
G1 E.30495 F2400
G92 E0
G92 E0
G1 X81.19 Y85.286 F7800
G1 E2 F2400
;TYPE:Perimeter
;WIDTH:0.45
G1 F1800
G1 X81.232 Y85.25 E2.00266
G1 X81.433 Y84.877 E2.02304
G1 X81.529 Y84.877 E2.02766
G1 X81.731 Y85.25 E2.04806
G1 X81.902 Y85.401 E2.05903
G1 X82.154 Y85.525 E2.07254
G1 X82.449 Y85.571 E2.0869
G1 X83.52 Y85.571 E2.13841
G1 X83.52 Y86.642 E2.18992
G1 X83.52 Y88.941 E2.30049
G1 X80.977 Y88.941 E2.4228
G1 X80.977 Y87.67 E2.48393
G1 X80.949 Y86.649 E2.53306
G1 X80.843 Y86.389 E2.54656
G1 X80.698 Y86.202 E2.55794
G1 X80.418 Y86.005 E2.57441
G1 X80.013 Y85.926 E2.59426
;WIDTH:0.429703
G1 X75.667 Y85.926 E2.79229
;WIDTH:0.438315
G1 X75.501 Y85.937 E2.80005
;WIDTH:0.45
G1 X75.157 Y86.062 E2.81765
G1 X74.836 Y86.391 E2.83976
G1 X74.2 Y87.453 E2.8993
G1 X73.812 Y87.918 E2.92843
G1 X73.368 Y87.414 E2.96074
G1 X72.767 Y86.391 E3.01781
G1 X72.446 Y86.062 E3.03992
G1 X71.936 Y85.926 E3.06531
;WIDTH:0.429703
G1 X69.133 Y85.926 E3.19303
G1 X69.133 Y85.561 E3.20966
G1 X71.936 Y85.561 E3.33738
;WIDTH:0.45
G1 X75.667 Y85.561 E3.51683
;WIDTH:0.429703
G1 X80.013 Y85.561 E3.71486
;WIDTH:0.45
G1 X80.513 Y85.571 E3.73891
G1 X80.85 Y85.511 E3.75537
G1 X81.06 Y85.401 E3.76677
G1 X81.145 Y85.326 E3.77222
G1 X80.915 Y85.013 F7800
G1 F2566
G1 X80.944 Y84.993 E3.77391
G1 X81.061 Y84.793 E3.78505
G1 X81.092 Y84.492 E3.7996
G1 X81.871 Y84.492 E3.83707
G1 X81.901 Y84.793 E3.85162
G1 X82.018 Y84.993 E3.86276
G1 X82.272 Y85.158 E3.87733
G1 X82.449 Y85.186 E3.88595
G1 X83.906 Y85.186 E3.95603
G1 X83.906 Y86.642 E4.02606
G1 X83.906 Y89.327 E4.1552
G1 X80.592 Y89.327 E4.31459
G1 X80.575 Y86.742 E4.43892
G1 X80.424 Y86.473 E4.45376
G1 X80.256 Y86.355 E4.46363
G1 X80.013 Y86.302 E4.47559
G1 X75.667 Y86.302 E4.68462
G1 X75.361 Y86.389 E4.69992
G1 X75.168 Y86.587 E4.71322
G1 X74.561 Y87.62 E4.77085
G1 X74.142 Y88.133 E4.80271
G1 X73.881 Y88.318 E4.8181
G1 X73.759 Y88.338 E4.82405
G1 X73.503 Y88.163 E4.83896
G1 X73.047 Y87.629 E4.87273
G1 X72.435 Y86.587 E4.93085
G1 X72.242 Y86.389 E4.94415
G1 X71.936 Y86.302 E4.95945
G1 X68.757 Y86.302 E5.11235
G1 X68.757 Y85.186 E5.16603
G1 X80.513 Y85.186 E5.73145
G1 X80.715 Y85.149 E5.74133
G1 X80.865 Y85.047 E5.75005
G1 X80.642 Y84.743 F7800
;TYPE:External perimeter
G1 F1800
G1 X80.657 Y84.736 E5.75085
G1 X80.706 Y84.607 E5.75749
G1 X80.706 Y84.106 E5.78159
G1 X82.256 Y84.106 E5.85614
G1 X82.256 Y84.607 E5.88024
G1 X82.305 Y84.736 E5.88688
G1 X82.449 Y84.8 E5.89446
G1 X84.291 Y84.8 E5.98305
G1 X84.291 Y86.642 E6.07164
G1 X84.291 Y89.712 E6.2193
G1 X80.206 Y89.712 E6.41577
G1 X80.206 Y86.88 E6.55198
G1 X80.15 Y86.745 E6.55901
G1 X80.013 Y86.687 E6.56617
G1 X75.634 Y86.69 E6.77678
G1 X75.501 Y86.783 E6.78459
G1 X74.797 Y87.94 E6.84973
G1 X74.355 Y88.467 E6.88281
G1 X73.94 Y88.724 E6.90629
G1 X73.663 Y88.724 E6.91961
G1 X73.452 Y88.612 E6.9311
G1 X73.228 Y88.433 E6.94489
G1 X72.726 Y87.844 E6.98211
G1 X72.038 Y86.717 E7.04562
G1 X71.936 Y86.687 E7.05073
G1 X68.372 Y86.687 E7.22215
G1 X68.372 Y84.8 E7.31291
G1 X80.513 Y84.8 E7.89685
G1 X80.587 Y84.767 E7.90075
G1 X80.7 Y84.383 F7800
G1 X80.671 Y85.834
;TYPE:Solid infill
G1 F2566
G1 X80.92 Y85.789 E7.91292
G1 X81.203 Y85.651 E7.92806
G1 X81.466 Y85.414 E7.94509
G1 X81.719 Y85.624 E7.9609
G1 X82.041 Y85.789 E7.9783
G1 X82.354 Y85.856 E7.9937
G1 X83.231 Y85.86 E8.03588
G1 X83.231 Y88.652 E8.17017
G1 X81.266 Y88.652 E8.26468
G1 X81.266 Y86.863 E8.35072
G1 X81.233 Y86.603 E8.36333
G1 X81.103 Y86.267 E8.38066
G1 X80.92 Y86.019 E8.39548
G1 X80.826 Y85.949 E8.40112
G1 X81.385 Y85.991 E8.42808
G1 X81.481 Y85.926 E8.43366
G1 X81.871 Y86.135 E8.45494
G1 X82.302 Y86.239 E8.47626
G1 X82.845 Y86.244 E8.50238
G1 X82.845 Y88.266 E8.59963
G1 X81.652 Y88.266 E8.65701
G1 X81.652 Y86.863 E8.72449
G1 X81.578 Y86.409 E8.74661
G1 X81.466 Y86.166 E8.75948
G1 X82.019 Y86.588 E8.79294
;WIDTH:0.468446
G1 X82.45 Y86.637 E8.8148
G1 X82.45 Y86.862 E8.82614
;WIDTH:0.468264
G1 X82.45 Y87.872 E8.87702
G1 X82.047 Y87.872 E8.89732
G1 X82.047 Y87.67 E8.9075
;WIDTH:0.468404
G1 X82.024 Y86.781 E8.95231
G1 E6.95231 F2400
G92 E0
G1 X72.645 Y85.86 F7800
G1 E2 F2400
;WIDTH:0.45
G1 F2566
G1 X74.967 Y85.851 E2.11168
G1 X74.581 Y86.255 E2.13855
G1 X74.015 Y87.217 E2.19223
G1 X73.799 Y87.486 E2.20882
G1 X73.608 Y87.251 E2.22339
G1 X73.022 Y86.255 E2.27897
G1 X72.778 Y86 E2.29594
G1 X73.464 Y86.243 E2.33094
;WIDTH:0.4517
G1 X74.141 Y86.241 E2.36365
G1 X73.801 Y86.818 E2.396
G1 X73.561 Y86.41 E2.41887
G1 E.41887 F2400
G92 E0
G1 X81.194 Y72.589 F7800
G1 E2 F2400
;TYPE:Perimeter
;WIDTH:0.45
G1 F1800
G1 X81.176 Y72.567 E2.00137
G1 X80.85 Y72.364 E2.01984
G1 X80.513 Y72.305 E2.0363
;WIDTH:0.447251
G1 X80.013 Y72.314 E2.06018
;WIDTH:0.429703
G1 X75.667 Y72.314 E2.25821
;WIDTH:0.45
G1 X71.936 Y72.314 E2.43766
;WIDTH:0.429704
G1 X69.133 Y72.314 E2.56538
G1 X69.133 Y71.949 E2.58201
G1 X71.936 Y71.949 E2.70973
;WIDTH:0.438316
G1 X72.102 Y71.938 E2.71749
;WIDTH:0.45
G1 X72.446 Y71.813 E2.73509
G1 X72.767 Y71.484 E2.7572
G1 X73.403 Y70.422 E2.81674
G1 X73.791 Y69.957 E2.84587
G1 X74.235 Y70.461 E2.87818
G1 X74.836 Y71.484 E2.93525
G1 X75.157 Y71.813 E2.95736
G1 X75.667 Y71.949 E2.98275
;WIDTH:0.429703
G1 X80.013 Y71.949 E3.18078
;WIDTH:0.447251
G1 X80.417 Y71.868 E3.20046
;WIDTH:0.45
G1 X80.698 Y71.673 E3.21691
G1 X80.843 Y71.486 E3.22829
G1 X80.949 Y71.226 E3.24179
G1 X80.977 Y70.995 E3.25298
G1 X80.977 Y68.934 E3.35211
G1 X83.52 Y68.934 E3.47442
G1 X83.52 Y70.205 E3.53555
G1 X83.52 Y72.304 E3.6365
G1 X82.449 Y72.304 E3.68801
G1 X82.154 Y72.35 E3.70237
G1 X81.902 Y72.474 E3.71588
G1 X81.646 Y72.734 E3.73343
G1 X81.619 Y72.823 E3.7379
G1 X81.343 Y72.823 E3.75117
G1 X81.316 Y72.734 E3.75564
G1 X81.233 Y72.635 E3.76185
G1 X80.923 Y72.862 F7800
G1 F2566
G1 X80.911 Y72.847 E3.76277
G1 X80.715 Y72.726 E3.77385
G1 X80.513 Y72.689 E3.78373
G1 X68.757 Y72.689 E4.34915
G1 X68.757 Y71.573 E4.40283
G1 X71.936 Y71.573 E4.55573
G1 X72.242 Y71.486 E4.57103
G1 X72.435 Y71.288 E4.58433
G1 X73.042 Y70.255 E4.64196
G1 X73.461 Y69.742 E4.67382
G1 X73.722 Y69.557 E4.68921
G1 X73.844 Y69.537 E4.69516
G1 X74.1 Y69.712 E4.71007
G1 X74.556 Y70.246 E4.74384
G1 X75.168 Y71.288 E4.80196
G1 X75.361 Y71.486 E4.81526
G1 X75.667 Y71.573 E4.83056
G1 X80.013 Y71.573 E5.03959
G1 X80.256 Y71.52 E5.05155
G1 X80.424 Y71.402 E5.06142
G1 X80.511 Y71.289 E5.06828
G1 X80.592 Y70.995 E5.08295
G1 X80.592 Y68.548 E5.20064
G1 X83.906 Y68.548 E5.36003
G1 X83.906 Y70.205 E5.43973
G1 X83.906 Y72.689 E5.5592
G1 X82.397 Y72.692 E5.63178
G1 X82.121 Y72.792 E5.6459
G1 X81.967 Y72.948 E5.65644
G1 X81.888 Y73.208 E5.66951
G1 X81.074 Y73.208 E5.70866
G1 X80.995 Y72.948 E5.72173
G1 X80.961 Y72.908 E5.72425
G1 X80.651 Y73.139 F7800
;TYPE:External perimeter
G1 F1800
G1 X80.646 Y73.128 E5.72483
G1 X80.513 Y73.075 E5.73172
G1 X68.372 Y73.075 E6.31566
G1 X68.372 Y71.187 E6.40647
G1 X71.969 Y71.185 E6.57947
G1 X72.102 Y71.092 E6.58728
G1 X72.806 Y69.935 E6.65242
G1 X73.248 Y69.408 E6.6855
G1 X73.663 Y69.151 E6.70898
G1 X73.94 Y69.151 E6.7223
G1 X74.151 Y69.263 E6.73379
G1 X74.375 Y69.442 E6.74758
G1 X74.877 Y70.031 E6.7848
G1 X75.565 Y71.158 E6.84831
G1 X75.667 Y71.187 E6.85341
G1 X80.013 Y71.187 E7.06244
G1 X80.15 Y71.13 E7.06958
G1 X80.206 Y70.995 E7.07661
G1 X80.206 Y68.162 E7.21287
G1 X84.291 Y68.162 E7.40934
G1 X84.291 Y70.205 E7.5076
G1 X84.291 Y73.075 E7.64564
G1 X82.432 Y73.076 E7.73505
G1 X82.288 Y73.161 E7.74309
G1 X82.256 Y73.594 E7.76397
G1 X80.706 Y73.594 E7.83852
G1 X80.706 Y73.268 E7.8542
G1 X80.674 Y73.194 E7.85808
G1 X80.29 Y73.082 F7800
G1 X80.667 Y72.042
;TYPE:Solid infill
G1 F2566
G1 X80.877 Y71.897 E7.87035
G1 X81.077 Y71.653 E7.88552
G1 X81.199 Y71.374 E7.90017
G1 X81.266 Y71.012 E7.91788
G1 X81.266 Y69.223 E8.00392
G1 X83.231 Y69.223 E8.09843
G1 X83.231 Y72.015 E8.23272
G1 X82.354 Y72.019 E8.2749
G1 X82.088 Y72.07 E8.28793
G1 X81.649 Y72.316 E8.31213
G1 X81.476 Y72.49 E8.32393
G1 X81.275 Y72.282 E8.33784
G1 X80.975 Y72.105 E8.35459
G1 X80.856 Y72.081 E8.36043
G1 X81.385 Y71.884 E8.38758
G1 X81.578 Y71.466 E8.40972
G1 X81.652 Y71.012 E8.43184
G1 X81.652 Y69.609 E8.49932
G1 X82.845 Y69.609 E8.5567
G1 X82.845 Y71.631 E8.65395
G1 X82.352 Y71.634 E8.67766
G1 X82.011 Y71.692 E8.6943
G1 X81.547 Y71.932 E8.71943
G1 X82.019 Y71.287 F7800
;WIDTH:0.468446
G1 F2566
G1 X82.046 Y71.012 E8.73336
;WIDTH:0.468265
G1 X82.047 Y70.003 E8.78419
G1 X82.45 Y70.003 E8.80449
G1 X82.45 Y70.205 E8.81467
;WIDTH:0.468446
G1 X82.45 Y71.238 E8.86673
G1 X82.21 Y71.265 E8.8789
G1 E6.8789 F2400
G92 E0
G1 X72.636 Y72.024 F7800
G1 E2 F2400
;WIDTH:0.45
G1 F2566
G1 X73.022 Y71.62 E2.02687
G1 X73.588 Y70.658 E2.08055
G1 X73.81 Y70.381 E2.09762
G1 X73.994 Y70.623 E2.11224
G1 X74.581 Y71.62 E2.16789
G1 X74.958 Y72.015 E2.19415
G1 X72.829 Y72.023 E2.29655
G1 X73.462 Y71.634 E2.33228
;WIDTH:0.451701
G1 X73.801 Y71.057 E2.36461
G1 X74.139 Y71.632 E2.39683
G1 X73.655 Y71.634 E2.42021
;LAYER_CHANGE
;Z:8.45
;HEIGHT:0.3
G1 E.42021 F2400
G92 E0
G1 Z8.45 F7800
G92 E0
G1 X86.834 Y115.345
G1 E2 F2400
;TYPE:Perimeter
;WIDTH:0.45
G1 F1800
G1 X86.918 Y115.431 E2.00578
G1 X87.51 Y115.634 E2.03588
G1 X88.688 Y115.634 E2.09254
G1 X88.687 Y117.625 E2.1883
G1 X88.761 Y118.065 E2.20976
G1 X89.072 Y118.466 E2.23417
G1 X89.651 Y118.649 E2.26338
;WIDTH:0.429703
G1 X92.297 Y118.649 E2.38394
;WIDTH:0.45
G1 X93.808 Y118.659 E2.45662
G1 X94.231 Y119.124 E2.48685
G1 X94.714 Y119.491 E2.51603
G1 X95.179 Y119.7 E2.54055
G1 X95.697 Y119.834 E2.56628
G1 X96.096 Y119.831 E2.58547
G1 X96.578 Y119.701 E2.60948
G1 X96.922 Y119.547 E2.62761
G1 X97.533 Y119.091 E2.66428
G1 X97.931 Y118.659 E2.69253
G1 X99.427 Y118.649 E2.76448
;WIDTH:0.429702
G1 X100.409 Y118.649 E2.80922
G1 X100.409 Y118.831 E2.81751
;WIDTH:0.429701
G1 X100.409 Y119.014 E2.82585
G1 X100.226 Y119.014 E2.83419
;WIDTH:0.438315
G1 X99.262 Y119.024 E2.87915
;WIDTH:0.45
G1 X98.706 Y119.328 E2.90963
G1 X98.091 Y120.022 E2.95423
G1 X97.682 Y120.446 E2.98256
G1 X97.021 Y121.066 E3.02615
G1 X94.703 Y121.066 E3.13764
G1 X94.412 Y120.819 E3.156
G1 X93.725 Y120.126 E3.20293
G1 X93.018 Y119.328 E3.25421
G1 X92.297 Y119.014 E3.29203
;WIDTH:0.429703
G1 X89.651 Y119.014 E3.41259
;WIDTH:0.45
G1 X85.929 Y119.004 E3.59161
G1 X85.929 Y115.512 E3.75956
G1 X86.166 Y115.431 E3.77161
G1 X86.349 Y115.243 E3.78423
G1 X86.542 Y114.834 E3.80598
G1 X86.734 Y115.243 E3.82771
G1 X86.792 Y115.302 E3.83169
G1 X87.104 Y115.075 F7800
G1 F3002
G1 X87.155 Y115.126 E3.83516
G1 X87.51 Y115.248 E3.85321
G1 X89.074 Y115.248 E3.92843
G1 X89.073 Y117.626 E4.0428
G1 X89.117 Y117.917 E4.05696
G1 X89.304 Y118.157 E4.07159
G1 X89.651 Y118.273 E4.08919
G1 X93.987 Y118.273 E4.29774
G1 X94.464 Y118.817 E4.33254
G1 X94.947 Y119.185 E4.36175
G1 X95.208 Y119.304 E4.37555
G1 X95.717 Y119.449 E4.40101
G1 X96.084 Y119.438 E4.41867
G1 X96.7 Y119.232 E4.44991
G1 X97.249 Y118.83 E4.48264
G1 X97.759 Y118.273 E4.51896
G1 X100.785 Y118.273 E4.6645
G1 X100.784 Y118.832 E4.69139
G1 X100.784 Y119.389 E4.71818
G1 X99.327 Y119.398 E4.78826
G1 X98.994 Y119.584 E4.80661
G1 X98.28 Y120.39 E4.8584
G1 X97.575 Y121.102 E4.90659
G1 X97.162 Y121.452 E4.93263
G1 X94.562 Y121.452 E5.05768
G1 X94.15 Y121.102 E5.08368
G1 X93.444 Y120.39 E5.13191
G1 X92.73 Y119.584 E5.1837
G1 X92.297 Y119.389 E5.20654
G1 X85.543 Y119.389 E5.53138
G1 X85.543 Y115.279 E5.72906
G1 X85.929 Y115.126 E5.74903
G1 X86.039 Y115.013 E5.75661
G1 X86.142 Y114.778 E5.76895
G1 X86.152 Y114.448 E5.78483
G1 X86.931 Y114.448 E5.8223
G1 X86.931 Y114.67 E5.83298
G1 X87.044 Y115.013 E5.85035
G1 X87.062 Y115.032 E5.85161
G1 X87.385 Y114.799 F7800
;TYPE:External perimeter
G1 F1800
G1 X87.51 Y114.862 E5.85834
G1 X89.46 Y114.862 E5.95213
G1 X89.458 Y117.695 E6.08839
G1 X89.535 Y117.849 E6.09667
G1 X89.651 Y117.887 E6.10254
G1 X94.166 Y117.887 E6.3197
G1 X94.734 Y118.538 E6.36125
;TYPE:Overhang perimeter
;WIDTH:0.4
;HEIGHT:0.4
M106 S255
G1 F3600
G1 X95.186 Y118.882 E6.39093
G1 X95.687 Y119.055 E6.41862
G1 X95.929 Y119.074 E6.4313
G1 X96.419 Y118.945 E6.45777
G1 X96.834 Y118.666 E6.4839
G1 X97.05 Y118.458 E6.49957
M106 S226.95
;TYPE:External perimeter
;WIDTH:0.45
;HEIGHT:0.3
G1 F1800
G1 X97.212 Y118.301 E6.51042
G1 X97.561 Y117.887 E6.53646
G1 X101.171 Y117.887 E6.71009
G1 X101.17 Y118.832 E6.75554
G1 X101.169 Y119.775 E6.8009
G1 X99.427 Y119.775 E6.88468
G1 X99.283 Y119.84 E6.89228
G1 X98.562 Y120.654 E6.94458
G1 X97.837 Y121.385 E6.9941
G1 X97.304 Y121.837 E7.02771
G1 X94.42 Y121.837 E7.16642
G1 X93.887 Y121.385 E7.20003
G1 X93.162 Y120.654 E7.24955
G1 X92.441 Y119.84 E7.30185
G1 X92.297 Y119.775 E7.30945
G1 X85.158 Y119.775 E7.65281
G1 X85.158 Y114.862 E7.88911
G1 X85.574 Y114.862 E7.90912
G1 X85.692 Y114.822 E7.91511
G1 X85.767 Y114.67 E7.92326
G1 X85.767 Y114.062 E7.9525
G1 X87.317 Y114.062 E8.02705
G1 X87.317 Y114.67 E8.05629
G1 X87.346 Y114.759 E8.06079
G1 X87.735 Y114.854 F7800
G1 X86.542 Y115.457
;TYPE:Solid infill
G1 F3000
G1 X86.784 Y115.68 E8.07662
G1 X87.428 Y115.919 E8.10966
G1 X88.399 Y115.923 E8.15636
G1 X88.401 Y117.722 E8.24289
G1 X88.521 Y118.216 E8.26734
G1 X88.908 Y118.715 E8.29771
G1 X86.218 Y118.715 E8.42709
G1 X86.218 Y115.708 E8.57172
G1 X86.294 Y115.682 E8.57558
G1 X86.399 Y115.586 E8.58242
G1 X86.604 Y116.017 E8.60537
G1 X86.643 Y116.039 E8.60752
G1 X87.217 Y116.264 E8.63717
G1 X87.426 Y116.304 E8.6474
G1 X88.013 Y116.307 E8.67563
G1 X88.023 Y117.798 E8.74734
G1 X88.16 Y118.329 E8.77372
G1 X86.604 Y118.329 E8.84856
G1 X86.604 Y116.21 E8.95048
G1 X87.053 Y116.683 E8.98185
;WIDTH:0.575948
G1 X87.332 Y116.748 E9.00013
G1 X87.564 Y116.753 E9.01494
G1 X87.583 Y117.88 E9.08686
;WIDTH:0.57579
G1 X87.052 Y117.88 E9.12073
G1 X87.052 Y117.625 E9.137
;WIDTH:0.575915
G1 X87.053 Y116.876 E9.18479
G1 E7.18479 F2400
G92 E0
G1 X93.67 Y118.966 F7800
G1 E2 F2400
;WIDTH:0.492869
G1 F3000
G1 X94.028 Y119.359 E2.02841
;WIDTH:0.530783
G1 X94.576 Y119.795 E2.06915
G1 X94.834 Y119.88 E2.08495
;WIDTH:0.490391
G1 X95.091 Y119.966 E2.09935
;WIDTH:0.495912
G1 X95.279 Y120.04 E2.11022
;WIDTH:0.541824
G1 X95.466 Y120.114 E2.1222
;WIDTH:0.587736
G1 X95.653 Y120.189 E2.13535
G1 X96.178 Y120.171 E2.16964
;WIDTH:0.573766
G1 X97.126 Y119.823 E2.2338
;WIDTH:0.558003
G1 X97.381 Y119.621 E2.25383
;WIDTH:0.526171
G1 X97.636 Y119.418 E2.2726
;WIDTH:0.49434
G1 X98.064 Y118.964 E2.30606
;WIDTH:0.48361
G1 X98.763 Y118.96 E2.34261
G1 X98.523 Y119.093 E2.35696
G1 X98.311 Y119.312 E2.3729
;WIDTH:0.520968
G1 X97.758 Y119.909 E2.41924
;WIDTH:0.558003
G1 X97.444 Y120.198 E2.44551
G1 X97.358 Y120.311 E2.45425
;WIDTH:0.522002
G1 X97.272 Y120.423 E2.46231
;WIDTH:0.486001
G1 X97.186 Y120.535 E2.46974
;WIDTH:0.45
G1 X96.915 Y120.777 E2.48721
G1 X96.765 Y120.777 E2.49442
;WIDTH:0.495556
G1 X96.55 Y120.754 E2.50605
;WIDTH:0.541112
G1 X96.334 Y120.731 E2.51897
;WIDTH:0.586668
G1 X96.119 Y120.709 E2.53305
G1 X95.56 Y120.717 E2.56947
;WIDTH:0.571062
G1 X95.312 Y120.737 E2.58519
;WIDTH:0.530708
G1 X95.064 Y120.757 E2.59966
;WIDTH:0.490354
G1 X94.817 Y120.777 E2.61283
;WIDTH:0.45
G1 X94.572 Y120.541 E2.62919
;WIDTH:0.49683
G1 X94.398 Y120.341 E2.64349
;WIDTH:0.543661
G1 X94.224 Y120.14 E2.65938
G1 X93.954 Y119.878 E2.68187
;WIDTH:0.516235
G1 X93.684 Y119.615 E2.70311
;WIDTH:0.488809
G1 X93.263 Y119.141 E2.73667
;WIDTH:0.486197
G1 X92.891 Y118.959 E2.75846
G1 X93.477 Y118.964 E2.78929
G1 E.78929 F2400
G92 E0
G1 X95.036 Y120.35 F7800
G1 E2 F2400
;WIDTH:0.504265
G1 F3000
G1 X94.998 Y120.311 E2.00299
G1 X94.944 Y120.325 E2.00605
G1 X94.93 Y120.379 E2.00911
G1 X94.969 Y120.417 E2.0121
G1 X95.022 Y120.403 E2.01511
G1 X96.803 Y120.408 F7800
;WIDTH:0.492553
G1 F3000
G1 X96.751 Y120.422 E2.01799
G1 X96.713 Y120.384 E2.02086
G1 X96.727 Y120.332 E2.02374
G1 X96.779 Y120.318 E2.02662
G1 X96.817 Y120.356 E2.02949
G1 E.02949 F2400
G92 E0
G1 X86.832 Y102.651 F7800
G1 E2 F2400
;TYPE:Perimeter
;WIDTH:0.45
G1 F1800
G1 X86.782 Y102.698 E2.0033
G1 X86.619 Y102.991 E2.01943
G1 X86.465 Y102.991 E2.02684
G1 X86.302 Y102.698 E2.04297
G1 X86.166 Y102.569 E2.05199
G1 X85.929 Y102.488 E2.06404
G1 X85.929 Y98.996 E2.23199
G1 X89.651 Y98.986 E2.41101
;WIDTH:0.429704
G1 X92.297 Y98.986 E2.53158
;WIDTH:0.438316
G1 X92.462 Y98.976 E2.53929
;WIDTH:0.45
G1 X93.018 Y98.672 E2.56977
G1 X93.725 Y97.874 E2.62105
G1 X94.26 Y97.334 E2.65761
G1 X94.703 Y96.934 E2.68632
G1 X97.023 Y96.934 E2.7979
G1 X97.169 Y97.057 E2.80708
G1 X98.003 Y97.878 E2.86337
G1 X98.706 Y98.672 E2.91438
G1 X99.427 Y98.986 E2.9522
;WIDTH:0.429703
G1 X100.409 Y98.986 E2.99694
G1 X100.409 Y99.169 E3.00528
;WIDTH:0.429702
G1 X100.409 Y99.351 E3.01357
G1 X99.427 Y99.351 E3.05831
;WIDTH:0.45
G1 X97.931 Y99.341 E3.13026
G1 X97.379 Y98.774 E3.16832
G1 X96.922 Y98.453 E3.19518
G1 X96.627 Y98.313 E3.21089
G1 X96.188 Y98.19 E3.23282
G1 X95.781 Y98.166 E3.25243
G1 X95.13 Y98.296 E3.28436
G1 X94.62 Y98.576 E3.31234
G1 X94.204 Y98.898 E3.33764
G1 X93.808 Y99.341 E3.36622
G1 X92.297 Y99.351 E3.4389
;WIDTH:0.429704
G1 X89.651 Y99.351 E3.55947
;WIDTH:0.438316
G1 X89.485 Y99.362 E3.56723
;WIDTH:0.45
G1 X89.072 Y99.534 E3.58875
G1 X88.761 Y99.935 E3.61316
G1 X88.687 Y100.306 E3.63136
G1 X88.688 Y102.366 E3.73044
G1 X87.427 Y102.37 E3.79109
G1 X86.918 Y102.569 E3.81738
G1 X86.875 Y102.61 E3.82024
G1 X87.108 Y102.933 F7800
G1 F3002
G1 X86.982 Y103.092 E3.83
G1 X86.931 Y103.377 E3.84393
G1 X86.152 Y103.377 E3.8814
G1 X86.101 Y103.092 E3.89533
G1 X85.929 Y102.874 E3.90869
G1 X85.543 Y102.752 E3.92816
G1 X85.543 Y98.611 E4.12733
G1 X92.397 Y98.602 E4.45698
G1 X92.73 Y98.416 E4.47533
G1 X93.444 Y97.61 E4.52712
G1 X94.15 Y96.898 E4.57535
G1 X94.562 Y96.548 E4.60135
G1 X97.164 Y96.548 E4.7265
G1 X97.429 Y96.772 E4.74319
G1 X98.283 Y97.613 E4.80084
G1 X98.994 Y98.416 E4.85243
G1 X99.427 Y98.611 E4.87527
G1 X100.784 Y98.611 E4.94054
G1 X100.784 Y99.168 E4.96733
G1 X100.785 Y99.727 E4.99422
G1 X97.809 Y99.727 E5.13736
G1 X97.731 Y99.693 E5.14145
G1 X97.157 Y99.09 E5.18149
G1 X96.701 Y98.769 E5.20831
G1 X96.084 Y98.562 E5.23961
G1 X95.84 Y98.547 E5.25137
G1 X95.279 Y98.651 E5.27881
G1 X94.809 Y98.912 E5.30467
G1 X94.373 Y99.27 E5.3318
G1 X93.987 Y99.727 E5.36057
G1 X89.651 Y99.727 E5.56912
G1 X89.304 Y99.843 E5.58672
G1 X89.117 Y100.083 E5.60135
G1 X89.072 Y100.306 E5.61229
G1 X89.074 Y102.752 E5.72993
G1 X87.51 Y102.752 E5.80515
G1 X87.155 Y102.874 E5.8232
G1 X87.145 Y102.886 E5.82395
G1 X87.375 Y103.199 F7800
;TYPE:External perimeter
G1 F1800
G1 X87.334 Y103.251 E5.82713
G1 X87.317 Y103.763 E5.85177
G1 X85.767 Y103.763 E5.92632
G1 X85.767 Y103.33 E5.94715
G1 X85.72 Y103.204 E5.95362
G1 X85.574 Y103.137 E5.96135
G1 X85.158 Y103.137 E5.98136
G1 X85.158 Y98.225 E6.21761
G1 X92.297 Y98.225 E6.56097
G1 X92.441 Y98.16 E6.56857
G1 X93.162 Y97.346 E6.62087
G1 X93.887 Y96.615 E6.67039
G1 X94.42 Y96.162 E6.70403
G1 X97.305 Y96.162 E6.84279
G1 X97.689 Y96.486 E6.86695
G1 X98.563 Y97.347 E6.92596
G1 X99.283 Y98.16 E6.97819
G1 X99.427 Y98.225 E6.98579
G1 X101.169 Y98.225 E7.06957
G1 X101.17 Y99.168 E7.11493
G1 X101.171 Y100.112 E7.16033
G1 X97.561 Y100.112 E7.33396
G1 X97.448 Y99.954 E7.3433
G1 X97.009 Y99.484 E7.37423
;TYPE:Overhang perimeter
;WIDTH:0.4
;HEIGHT:0.4
M106 S255
G1 F3600
G1 X96.935 Y99.405 E7.37989
G1 X96.479 Y99.084 E7.40902
G1 X95.98 Y98.933 E7.43626
G1 X95.44 Y99.003 E7.46471
G1 X94.998 Y99.248 E7.49111
G1 X94.729 Y99.468 E7.50927
M106 S226.95
;TYPE:External perimeter
;WIDTH:0.45
;HEIGHT:0.3
G1 F1800
G1 X94.668 Y99.519 E7.51309
G1 X94.166 Y100.112 E7.55046
G1 X89.651 Y100.112 E7.76762
G1 X89.535 Y100.151 E7.77351
G1 X89.458 Y100.305 E7.78179
G1 X89.46 Y103.137 E7.918
G1 X87.51 Y103.137 E8.01179
G1 X87.423 Y103.167 E8.01622
G1 X87.33 Y103.556 F7800
G1 E6.01622 F2400
G92 E0
G1 X88.723 Y99.276 F7800
G1 E2 F2400
;TYPE:Solid infill
G1 F3000
G1 X86.218 Y99.285 E2.12048
G1 X86.218 Y102.292 E2.26511
G1 X86.379 Y102.376 E2.27384
G1 X86.532 Y102.553 E2.28509
G1 X86.782 Y102.32 E2.30153
G1 X87.358 Y102.095 E2.33127
G1 X88.399 Y102.077 E2.38135
G1 X88.398 Y100.315 E2.4661
G1 X88.521 Y99.784 E2.49232
G1 X88.916 Y99.276 E2.52327
G1 X88.163 Y99.664 F7800
G1 F3000
G1 X88.106 Y99.789 E2.52988
G1 X88.012 Y100.316 E2.55563
G1 X88.013 Y101.693 E2.62186
G1 X87.426 Y101.696 E2.65009
G1 X87.217 Y101.736 E2.66032
G1 X86.604 Y101.982 E2.69209
G1 X86.604 Y99.669 E2.80334
G1 X87.97 Y99.665 E2.86904
G1 X87.583 Y100.114 E2.89755
;WIDTH:0.575791
G1 X87.564 Y100.316 E2.91049
;WIDTH:0.575948
G1 X87.564 Y101.247 E2.96989
G1 X87.424 Y101.247 E2.97882
G1 X87.053 Y101.317 E3.00291
G1 X87.052 Y100.116 E3.07954
;WIDTH:0.575791
G1 X87.391 Y100.115 E3.10116
G1 E1.10116 F2400
G92 E0
G1 X95.848 Y97.292 F7800
G1 E2 F2400
;WIDTH:0.58922
G1 F3000
G1 X95.568 Y97.269 E2.01839
;WIDTH:0.542813
G1 X95.397 Y97.246 E2.02869
;WIDTH:0.496406
G1 X95.226 Y97.223 E2.03799
;WIDTH:0.45
G1 X94.81 Y97.223 E2.058
G1 X94.454 Y97.55 E2.08125
;WIDTH:0.487077
G1 X94.235 Y97.796 E2.09861
;WIDTH:0.524155
G1 X93.588 Y98.489 E2.15298
;WIDTH:0.482873
G1 X93.201 Y98.907 E2.18271
G1 X92.961 Y99.04 E2.19703
G1 X93.666 Y99.036 E2.23383
;WIDTH:0.517344
G1 X94.268 Y98.428 E2.28217
G1 X94.575 Y98.262 E2.30189
;WIDTH:0.483672
G1 X94.882 Y98.097 E2.32012
;WIDTH:0.45
G1 X95.387 Y97.937 E2.3456
;WIDTH:0.493736
G1 X95.556 Y97.892 E2.35497
;WIDTH:0.537472
G1 X95.725 Y97.848 E2.36527
;WIDTH:0.581208
G1 X95.894 Y97.803 E2.37654
G1 X96.15 Y97.877 E2.39372
;WIDTH:0.537472
G1 X96.406 Y97.95 E2.40943
;WIDTH:0.493736
G1 X96.661 Y98.024 E2.42365
;WIDTH:0.484173
G1 X96.818 Y98.077 E2.43233
;WIDTH:0.518346
G1 X96.975 Y98.131 E2.44173
;WIDTH:0.552519
G1 X97.131 Y98.184 E2.45176
G1 X97.433 Y98.431 E2.47551
;WIDTH:0.521263
G1 X97.735 Y98.677 E2.49771
;WIDTH:0.490007
G1 X98.066 Y99.037 E2.52367
;WIDTH:0.482178
G1 X98.842 Y99.045 E2.56411
G1 X98.463 Y98.858 E2.58613
;WIDTH:0.485788
G1 X98.074 Y98.422 E2.61684
;WIDTH:0.519153
G1 X97.761 Y98.118 E2.64159
;WIDTH:0.552519
G1 X97.316 Y97.661 E2.68043
;WIDTH:0.518346
G1 X97.183 Y97.508 E2.69191
;WIDTH:0.484173
G1 X97.05 Y97.356 E2.70249
;WIDTH:0.45
G1 X96.914 Y97.223 E2.71164
;WIDTH:0.495035
G1 X96.623 Y97.245 E2.72732
;WIDTH:0.540071
G1 X96.332 Y97.268 E2.74464
;WIDTH:0.585107
G1 X96.041 Y97.29 E2.76359
G1 X96.8 Y97.615 F7800
;WIDTH:0.489553
G1 F3000
G1 X96.763 Y97.577 E2.7664
G1 X96.712 Y97.591 E2.7692
G1 X96.698 Y97.642 E2.772
G1 X96.735 Y97.68 E2.77481
G1 X96.787 Y97.666 E2.77767
G1 X95.34 Y97.581 F7800
;WIDTH:0.445486
G1 F3000
G1 X95.15 Y97.606 E2.78678
;WIDTH:0.495303
G1 X94.96 Y97.631 E2.79708
G1 E.79708 F2400
G92 E0
G92 E0
G1 X81.188 Y85.285 F7800
G1 E2 F2400
;TYPE:Perimeter
;WIDTH:0.45
G1 F1800
G1 X81.245 Y85.235 E2.00365
G1 X81.46 Y84.789 E2.02746
G1 X81.5 Y84.771 E2.02957
G1 X81.718 Y85.235 E2.05423
G1 X81.921 Y85.414 E2.06725
G1 X82.15 Y85.524 E2.07947
G1 X82.449 Y85.571 E2.09403
G1 X83.627 Y85.571 E2.15069
G1 X83.627 Y86.749 E2.20735
G1 X83.627 Y88.941 E2.31278
G1 X80.868 Y88.941 E2.44548
G1 X80.849 Y86.686 E2.55394
G1 X80.765 Y86.446 E2.56617
G1 X80.64 Y86.257 E2.57707
G1 X80.386 Y86.045 E2.59298
G1 X79.904 Y85.926 E2.61686
;WIDTH:0.429703
G1 X75.294 Y85.926 E2.82691
;WIDTH:0.438315
G1 X75.128 Y85.937 E2.83467
;WIDTH:0.45
G1 X74.533 Y86.288 E2.8679
G1 X74.046 Y86.913 E2.90601
G1 X73.801 Y87.115 E2.92128
G1 X73.491 Y86.844 E2.94108
G1 X73.078 Y86.298 E2.97401
G1 X72.309 Y85.926 E3.0151
;WIDTH:0.429703
G1 X69.256 Y85.926 E3.15421
G1 X69.256 Y85.561 E3.17084
G1 X72.309 Y85.561 E3.30995
;WIDTH:0.45
G1 X75.294 Y85.561 E3.45352
;WIDTH:0.429703
G1 X79.904 Y85.561 E3.66357
;WIDTH:0.45
G1 X80.513 Y85.571 E3.69286
G1 X80.839 Y85.515 E3.70877
G1 X81.042 Y85.414 E3.71968
G1 X81.143 Y85.324 E3.72619
G1 X80.914 Y85.011 F7800
G1 F1800
G1 X80.952 Y84.984 E3.72843
G1 X81.081 Y84.716 E3.74274
G1 X81.092 Y84.386 E3.75862
G1 X81.871 Y84.386 E3.79609
G1 X81.881 Y84.716 E3.81197
G1 X82.01 Y84.984 E3.82628
G1 X82.269 Y85.157 E3.84126
G1 X82.449 Y85.186 E3.85003
G1 X84.012 Y85.186 E3.9252
G1 X84.012 Y86.749 E4.00037
G1 X84.012 Y89.327 E4.12436
G1 X80.483 Y89.327 E4.29409
G1 X80.483 Y86.942 E4.4088
G1 X80.421 Y86.62 E4.42457
G1 X80.194 Y86.379 E4.44049
G1 X79.904 Y86.302 E4.45492
G1 X75.194 Y86.311 E4.68146
G1 X74.838 Y86.525 E4.70144
G1 X74.422 Y87.059 E4.734
G1 X74.081 Y87.407 E4.75743
G1 X73.801 Y87.513 E4.77183
G1 X73.592 Y87.442 E4.78245
G1 X73.203 Y87.103 E4.80727
G1 X72.77 Y86.531 E4.84177
G1 X72.309 Y86.302 E4.86653
G1 X68.881 Y86.302 E5.0314
G1 X68.881 Y85.186 E5.08508
G1 X80.513 Y85.186 E5.64454
G1 X80.709 Y85.152 E5.65411
G1 X80.864 Y85.045 E5.66317
G1 X80.641 Y84.741 F7800
;TYPE:External perimeter
G1 F1800
G1 X80.66 Y84.733 E5.66416
G1 X80.706 Y84.607 E5.67061
G1 X80.706 Y84 E5.6998
G1 X82.256 Y84 E5.77435
G1 X82.256 Y84.607 E5.80354
G1 X82.303 Y84.733 E5.81001
G1 X82.449 Y84.8 E5.81774
G1 X84.398 Y84.8 E5.91148
G1 X84.398 Y86.749 E6.00522
G1 X84.398 Y89.712 E6.14773
G1 X80.097 Y89.712 E6.35459
G1 X80.097 Y86.942 E6.48782
G1 X80.051 Y86.756 E6.49704
G1 X79.904 Y86.687 E6.50485
G1 X75.294 Y86.687 E6.72657
G1 X75.142 Y86.762 E6.73472
G1 X74.726 Y87.296 E6.76728
G1 X74.3 Y87.729 E6.7965
G1 X73.957 Y87.899 E6.81491
G1 X73.646 Y87.899 E6.82987
G1 X73.306 Y87.73 E6.84813
G1 X72.915 Y87.361 E6.87399
G1 X72.463 Y86.764 E6.91001
G1 X72.309 Y86.687 E6.91829
G1 X68.495 Y86.687 E7.10173
G1 X68.495 Y84.8 E7.19249
G1 X80.513 Y84.8 E7.77051
G1 X80.586 Y84.766 E7.77438
G1 X80.7 Y84.383 F7800
G1 X81.481 Y85.41
;TYPE:Solid infill
G1 F3000
G1 X81.742 Y85.639 E7.79108
G1 X82.038 Y85.789 E7.80704
G1 X82.328 Y85.853 E7.82132
G1 X83.337 Y85.86 E7.86985
G1 X83.337 Y88.652 E8.00414
G1 X81.158 Y88.652 E8.10894
G1 X81.158 Y87.562 E8.16137
G1 X81.134 Y86.648 E8.20535
G1 X81.033 Y86.34 E8.22094
G1 X80.875 Y86.091 E8.23512
G1 X80.596 Y85.847 E8.25295
G1 X80.907 Y85.793 E8.26813
G1 X81.179 Y85.667 E8.28255
G1 X81.334 Y85.535 E8.29234
G1 X81.475 Y85.929 E8.31247
G1 X81.871 Y86.136 E8.33396
G1 X82.326 Y86.239 E8.3564
G1 X82.952 Y86.243 E8.38651
G1 X82.952 Y88.266 E8.48381
G1 X81.543 Y88.266 E8.55158
G1 X81.543 Y86.94 E8.61536
G1 X81.489 Y86.478 E8.63773
G1 X81.311 Y86.031 E8.66087
G1 X81.971 Y86.633 F7800
;WIDTH:0.575818
G1 F3000
G1 X82.111 Y86.664 E8.67002
G1 X82.503 Y86.688 E8.69507
G1 X82.503 Y87.818 E8.76715
G1 X81.992 Y87.818 E8.79975
G1 X81.976 Y86.826 E8.86304
G1 E6.86304 F2400
G92 E0
G1 X73.441 Y85.86 F7800
G1 E2 F2400
;WIDTH:0.45
G1 F3000
G1 X74.678 Y85.852 E2.0595
G1 X74.673 Y85.888 E2.06125
G1 X74.294 Y86.125 E2.08275
G1 X73.809 Y86.747 E2.12069
G1 X73.702 Y86.643 E2.12787
G1 X73.313 Y86.13 E2.15883
G1 X72.82 Y85.88 E2.18542
G1 X72.843 Y85.85 E2.18724
G1 X73.248 Y85.857 E2.20672
G1 E.20672 F2400
G92 E0
G1 X81.189 Y72.584 F7800
G1 E2 F2400
;TYPE:Perimeter
G1 F1800
G1 X80.839 Y72.36 E2.01999
G1 X80.513 Y72.304 E2.0359
G1 X79.904 Y72.314 E2.06519
;WIDTH:0.429703
G1 X75.294 Y72.314 E2.27524
;WIDTH:0.45
G1 X72.309 Y72.314 E2.41881
;WIDTH:0.429704
G1 X69.256 Y72.314 E2.55792
G1 X69.256 Y71.949 E2.57455
G1 X72.309 Y71.949 E2.71366
;WIDTH:0.438316
G1 X72.475 Y71.938 E2.72142
;WIDTH:0.45
G1 X73.07 Y71.587 E2.75465
G1 X73.557 Y70.962 E2.79276
G1 X73.801 Y70.76 E2.808
G1 X74.112 Y71.031 E2.82784
G1 X74.525 Y71.577 E2.86077
G1 X75.294 Y71.949 E2.90186
;WIDTH:0.429703
G1 X79.904 Y71.949 E3.11191
;WIDTH:0.438316
G1 X80.07 Y71.938 E3.11967
;WIDTH:0.45
G1 X80.386 Y71.83 E3.13573
G1 X80.64 Y71.618 E3.15164
G1 X80.765 Y71.429 E3.16254
G1 X80.849 Y71.189 E3.17477
G1 X80.868 Y70.995 E3.18415
G1 X80.868 Y68.934 E3.28328
G1 X83.627 Y68.934 E3.41598
G1 X83.627 Y70.313 E3.48231
G1 X83.627 Y72.304 E3.57807
G1 X82.449 Y72.304 E3.63473
G1 X82.15 Y72.351 E3.64929
G1 X81.921 Y72.461 E3.66151
G1 X81.763 Y72.59 E3.67132
G1 X81.558 Y72.929 E3.69037
G1 X81.404 Y72.929 E3.69778
G1 X81.224 Y72.632 E3.71448
G1 X80.908 Y72.874 F7800
G1 F1800
G1 X80.83 Y72.784 E3.72021
G1 X80.513 Y72.689 E3.73613
G1 X68.881 Y72.689 E4.29559
G1 X68.881 Y71.573 E4.34927
G1 X72.409 Y71.564 E4.51896
G1 X72.765 Y71.35 E4.53894
G1 X73.181 Y70.816 E4.5715
G1 X73.522 Y70.468 E4.59493
G1 X73.801 Y70.362 E4.60928
G1 X74.011 Y70.433 E4.61994
G1 X74.4 Y70.772 E4.64476
G1 X74.833 Y71.344 E4.67926
G1 X75.294 Y71.573 E4.70402
G1 X79.904 Y71.573 E4.92574
G1 X80.194 Y71.496 E4.94017
G1 X80.421 Y71.255 E4.95609
G1 X80.483 Y70.995 E4.96895
G1 X80.483 Y68.548 E5.08664
G1 X84.012 Y68.548 E5.25637
G1 X84.012 Y70.313 E5.34126
G1 X84.012 Y72.689 E5.45554
G1 X82.399 Y72.692 E5.53312
G1 X82.132 Y72.784 E5.5467
G1 X81.922 Y73.03 E5.56226
G1 X81.871 Y73.314 E5.57614
G1 X81.092 Y73.314 E5.61361
G1 X81.041 Y73.03 E5.62749
G1 X80.947 Y72.92 E5.63445
G1 X80.643 Y73.129 F7800
;TYPE:External perimeter
G1 F1800
G1 X80.513 Y73.075 E5.64122
G1 X68.495 Y73.075 E6.21924
G1 X68.495 Y71.187 E6.31005
G1 X72.309 Y71.187 E6.49349
G1 X72.461 Y71.113 E6.50162
G1 X72.877 Y70.579 E6.53418
G1 X73.303 Y70.146 E6.5634
G1 X73.646 Y69.976 E6.58181
G1 X73.957 Y69.976 E6.59677
G1 X74.297 Y70.145 E6.61503
G1 X74.688 Y70.514 E6.64089
G1 X75.14 Y71.111 E6.67691
G1 X75.294 Y71.187 E6.68517
G1 X79.904 Y71.187 E6.90689
G1 X80.051 Y71.119 E6.91468
G1 X80.097 Y70.995 E6.92104
G1 X80.097 Y68.162 E7.0573
G1 X84.398 Y68.162 E7.26416
G1 X84.398 Y70.313 E7.36762
G1 X84.398 Y73.075 E7.50046
G1 X82.389 Y73.085 E7.59709
G1 X82.273 Y73.188 E7.60455
G1 X82.256 Y73.7 E7.62919
G1 X80.706 Y73.7 E7.70374
G1 X80.706 Y73.268 E7.72452
G1 X80.67 Y73.18 E7.72909
G1 X80.282 Y73.082 F7800
G1 E5.72909 F2400
G92 E0
G1 X81.158 Y69.223 F7800
G1 E2 F2400
;TYPE:Solid infill
G1 F3000
G1 X83.337 Y69.223 E2.1048
G1 X83.337 Y72.015 E2.23909
G1 X82.452 Y72.015 E2.28166
G1 X82.091 Y72.069 E2.29922
G1 X81.784 Y72.208 E2.31543
G1 X81.477 Y72.49 E2.33548
G1 X81.217 Y72.233 E2.35306
G1 X80.96 Y72.099 E2.367
G1 X80.596 Y72.028 E2.38484
G1 X80.838 Y71.825 E2.40003
G1 X81.011 Y71.579 E2.41449
G1 X81.125 Y71.27 E2.43033
G1 X81.158 Y70.99 E2.44389
G1 X81.158 Y69.416 E2.51959
G1 X82.759 Y69.609 F7800
G1 F3000
G1 X81.543 Y69.609 E2.57808
G1 X81.543 Y70.99 E2.6445
G1 X81.489 Y71.397 E2.66425
G1 X81.302 Y71.838 E2.68729
G1 X81.502 Y71.934 E2.69796
G1 X81.871 Y71.739 E2.71803
G1 X82.361 Y71.636 E2.74211
G1 X82.952 Y71.629 E2.77054
G1 X82.952 Y69.609 E2.86769
G1 X81.992 Y70.057 F7800
;WIDTH:0.575819
G1 F3000
G1 X82.503 Y70.057 E2.90029
G1 X82.503 Y71.18 E2.97193
G1 X81.971 Y71.244 E3.00611
G1 X81.992 Y70.99 E3.02237
G1 X81.992 Y70.25 E3.06957
G1 E1.06957 F2400
G92 E0
G1 X73.794 Y71.128 F7800
G1 E2 F2400
;WIDTH:0.45
G1 F3000
G1 X73.901 Y71.232 E2.00718
G1 X74.29 Y71.745 E2.03814
G1 X74.779 Y72.01 E2.06489
G1 X74.76 Y72.025 E2.06605
G1 X72.925 Y72.023 E2.15431
G1 X73.309 Y71.75 E2.17697
G1 X73.675 Y71.28 E2.20562
;LAYER_CHANGE
;Z:8.75
;HEIGHT:0.3
G1 E.20562 F2400
G92 E0
G1 Z8.75 F7800
G92 E0
G1 X86.838 Y115.342
G1 E2 F2400
;TYPE:Perimeter
G1 F1800
G1 X86.96 Y115.462 E2.00823
G1 X87.51 Y115.634 E2.03595
G1 X88.807 Y115.634 E2.09833
G1 X88.807 Y117.504 E2.18827
G1 X88.881 Y118.066 E2.21553
G1 X89.193 Y118.466 E2.23993
G1 X89.771 Y118.649 E2.26909
;WIDTH:0.429703
G1 X92.508 Y118.649 E2.3938
;WIDTH:0.45
G1 X94.423 Y118.659 E2.48591
G1 X94.555 Y118.705 E2.49263
G1 X94.978 Y118.918 E2.51541
G1 X95.457 Y119.091 E2.5399
G1 X95.943 Y119.125 E2.56333
G1 X96.284 Y119.081 E2.57987
G1 X96.782 Y118.923 E2.605
G1 X97.216 Y118.659 E2.62943
G1 X99.216 Y118.649 E2.72562
;WIDTH:0.429702
G1 X100.278 Y118.649 E2.77401
G1 X100.279 Y118.831 E2.7823
G1 X100.28 Y119.014 E2.79064
G1 X100.096 Y119.014 E2.79902
;WIDTH:0.438315
G1 X99.051 Y119.024 E2.84776
;WIDTH:0.45
G1 X98.526 Y119.296 E2.8762
G1 X97.595 Y120.252 E2.94038
G1 X97.003 Y120.758 E2.97784
G1 X96.541 Y121.066 E3.00455
G1 X95.188 Y121.066 E3.06962
G1 X94.719 Y120.756 E3.09666
G1 X94.129 Y120.252 E3.13398
G1 X93.199 Y119.296 E3.19813
G1 X92.508 Y119.014 E3.23403
;WIDTH:0.429703
G1 X89.771 Y119.014 E3.35874
;WIDTH:0.45
G1 X85.808 Y119.004 E3.54935
G1 X85.808 Y115.561 E3.71495
G1 X86.124 Y115.462 E3.73088
G1 X86.353 Y115.237 E3.74632
;WIDTH:0.464917
G1 X86.542 Y114.754 E3.77223
G1 X86.73 Y115.237 E3.79812
;WIDTH:0.45
G1 X86.795 Y115.3 E3.80247
G1 X87.107 Y115.073 F7800
G1 F2718
G1 X87.18 Y115.145 E3.8074
G1 X87.51 Y115.248 E3.82403
G1 X89.193 Y115.248 E3.90498
G1 X89.193 Y117.504 E4.01349
G1 X89.237 Y117.917 E4.03347
G1 X89.424 Y118.157 E4.0481
G1 X89.771 Y118.273 E4.0657
G1 X94.632 Y118.273 E4.2995
G1 X94.941 Y118.488 E4.31761
G1 X95.423 Y118.681 E4.34258
G1 X95.963 Y118.74 E4.36871
G1 X96.167 Y118.714 E4.3786
G1 X96.652 Y118.56 E4.40307
G1 X97.092 Y118.273 E4.42834
G1 X100.653 Y118.273 E4.59961
G1 X100.655 Y118.829 E4.62635
G1 X100.657 Y119.389 E4.65328
G1 X99.117 Y119.398 E4.72735
G1 X98.802 Y119.564 E4.74448
G1 X97.767 Y120.612 E4.81532
G1 X97.171 Y121.109 E4.85264
G1 X96.629 Y121.452 E4.88349
G1 X95.536 Y121.452 E4.93606
G1 X95.032 Y121.426 E4.96033
G1 X94.487 Y121.065 E4.99177
G1 X93.865 Y120.533 E5.03114
G1 X92.922 Y119.564 E5.09617
G1 X92.508 Y119.389 E5.11779
G1 X85.422 Y119.389 E5.4586
G1 X85.422 Y115.248 E5.65777
G1 X85.574 Y115.248 E5.66508
G1 X85.904 Y115.145 E5.68171
G1 X86.042 Y115.01 E5.691
G1 X86.15 Y114.72 E5.70588
G1 X86.152 Y114.294 E5.72637
G1 X86.931 Y114.294 E5.76384
G1 X86.931 Y114.67 E5.78192
G1 X87.042 Y115.01 E5.79912
G1 X87.064 Y115.031 E5.80058
G1 X87.385 Y114.799 F7800
;TYPE:External perimeter
G1 F1800
G1 X87.51 Y114.862 E5.80731
G1 X89.578 Y114.862 E5.90677
G1 X89.578 Y117.695 E6.04303
G1 X89.655 Y117.849 E6.05131
G1 X89.771 Y117.887 E6.05718
G1 X94.714 Y117.887 E6.29492
;TYPE:Overhang perimeter
;WIDTH:0.4
;HEIGHT:0.4
M106 S255
G1 F3600
G1 X94.767 Y117.887 E6.29769
G1 X95.085 Y118.13 E6.3186
G1 X95.566 Y118.323 E6.34568
G1 X96.038 Y118.35 E6.37038
G1 X96.522 Y118.197 E6.3969
G1 X96.969 Y117.887 E6.42532
G1 X97.017 Y117.887 E6.42783
M106 S226.95
;TYPE:External perimeter
;WIDTH:0.45
;HEIGHT:0.3
G1 F1800
G1 X101.037 Y117.887 E6.62118
G1 X101.04 Y118.828 E6.66644
G1 X101.043 Y119.775 E6.71199
G1 X99.216 Y119.775 E6.79986
G1 X99.078 Y119.833 E6.80706
G1 X98.123 Y120.815 E6.87294
G1 X97.648 Y121.221 E6.90299
G1 X97.216 Y121.543 E6.9289
G1 X96.713 Y121.837 E6.95692
G1 X95.01 Y121.837 E7.03883
G1 X94.846 Y121.765 E7.04744
G1 X94.254 Y121.373 E7.08159
G1 X93.601 Y120.815 E7.1229
G1 X92.646 Y119.833 E7.18878
G1 X92.508 Y119.775 E7.19598
G1 X85.037 Y119.775 E7.55531
G1 X85.037 Y114.862 E7.79161
G1 X85.574 Y114.862 E7.81744
G1 X85.684 Y114.828 E7.82298
G1 X85.767 Y114.672 E7.83148
G1 X85.767 Y113.909 E7.86818
G1 X87.317 Y113.909 E7.94273
G1 X87.317 Y114.67 E7.97933
G1 X87.346 Y114.759 E7.98383
G1 X87.735 Y114.854 F7800
G1 E5.98383 F2400
G92 E0
G1 X86.128 Y118.61 F7800
G1 E2 F2400
;TYPE:Solid infill
;WIDTH:0.543559
G1 F2718
G1 X86.086 Y118.652 E2.00355
G1 X86.102 Y118.71 E2.00715
G1 X86.159 Y118.726 E2.01069
G1 X86.202 Y118.683 E2.01432
G1 X86.186 Y118.625 E2.01792
;WIDTH:0.45
G1 X86.802 Y118.715 E2.04786
G1 X86.097 Y118.009 E2.09585
G1 X86.097 Y117.464 E2.12206
G1 X87.348 Y118.715 E2.20715
G1 X87.893 Y118.715 E2.23336
G1 X86.097 Y116.919 E2.35552
G1 X86.097 Y116.373 E2.38178
G1 X88.438 Y118.715 E2.54105
G1 X89.247 Y118.786 F7800
;WIDTH:0.404381
G1 F2718
G1 X89.228 Y118.857 E2.54417
G1 X89.299 Y118.838 E2.54729
G1 X89.288 Y118.797 E2.54909
;WIDTH:0.45
G1 X88.984 Y118.715 E2.56423
G1 X86.097 Y115.828 E2.7606
G1 X86.542 Y115.59 E2.78487
;WIDTH:0.651629
G1 X86.734 Y115.777 E2.8045
G1 X86.81 Y115.794 E2.8102
;WIDTH:0.610855
G1 X86.965 Y115.825 E2.82097
;WIDTH:0.570641
G1 X87.121 Y115.856 E2.83101
;WIDTH:0.530427
G1 X87.276 Y115.888 E2.84021
;WIDTH:0.490213
G1 X87.431 Y115.919 E2.84861
;WIDTH:0.45
G1 X88.518 Y115.923 E2.90089
G1 X88.52 Y117.705 E2.9866
G1 X87.117 Y116.302 E3.08203
;WIDTH:0.497268
G1 X87.027 Y116.179 E3.09026
;WIDTH:0.544536
G1 X86.937 Y116.056 E3.09939
;WIDTH:0.591804
G1 X86.847 Y115.933 E3.10942
G1 X87.597 Y116.277 F7800
;WIDTH:0.393622
G1 F2718
G1 X88.16 Y116.279 E3.13254
G1 X88.16 Y116.84 E3.15558
G1 X87.733 Y116.413 E3.18038
G1 E1.18038 F2400
G92 E0
G1 X93.13 Y118.939 F7800
G1 E2 F2400
;WIDTH:0.45
G1 F2718
G1 X94.403 Y118.948 E2.06123
G1 X94.871 Y119.187 E2.0865
G1 X95.435 Y119.37 E2.11502
G1 X95.98 Y119.415 E2.14132
G1 X96.301 Y119.376 E2.15687
G1 X96.868 Y119.199 E2.18544
G1 X97.3 Y118.948 E2.20947
G1 X98.548 Y118.954 E2.2695
G1 X98.307 Y119.105 E2.28318
G1 X97.397 Y120.04 E2.34593
G1 X96.902 Y120.464 E2.37728
G1 X96.454 Y120.777 E2.40357
G1 X95.275 Y120.777 E2.46028
G1 X94.894 Y120.525 E2.48225
G1 X94.327 Y120.04 E2.51814
G1 X93.42 Y119.109 E2.58065
G1 X93.277 Y119.042 E2.58825
G1 X94.353 Y119.432 F7800
;WIDTH:0.564782
G1 F2718
G1 X94.533 Y119.529 E2.60101
G1 X95.001 Y119.716 E2.63246
G1 X95.414 Y119.82 E2.65904
G1 X95.958 Y119.852 E2.69305
;WIDTH:0.564459
G1 X96.433 Y119.799 E2.72286
G1 X97 Y119.622 E2.75991
G1 X97.398 Y119.405 E2.78818
G1 X97.066 Y119.741 E2.81764
G1 X96.319 Y120.334 E2.87713
G1 X95.989 Y120.34 E2.89772
;WIDTH:0.564782
G1 X95.483 Y120.334 E2.9293
G1 X95.345 Y120.293 E2.93829
G1 X94.874 Y119.925 E2.9756
G1 X94.493 Y119.564 E3.00836
G1 E1.00836 F2400
G92 E0
G1 X86.835 Y102.653 F7800
G1 E2 F2400
;TYPE:Perimeter
;WIDTH:0.45
G1 F1800
G1 X86.768 Y102.715 E2.00439
G1 X86.542 Y103.145 E2.02775
G1 X86.316 Y102.715 E2.05111
G1 X86.124 Y102.538 E2.06367
G1 X85.808 Y102.439 E2.0796
G1 X85.808 Y98.996 E2.2452
G1 X89.771 Y98.986 E2.43581
;WIDTH:0.429704
G1 X92.508 Y98.986 E2.56052
;WIDTH:0.438316
G1 X92.673 Y98.976 E2.56823
;WIDTH:0.45
G1 X93.199 Y98.704 E2.59671
G1 X94.129 Y97.748 E2.66086
G1 X94.721 Y97.242 E2.69832
G1 X95.183 Y96.934 E2.72503
G1 X96.536 Y96.934 E2.7901
G1 X97.005 Y97.244 E2.81714
G1 X97.595 Y97.748 E2.85446
G1 X98.526 Y98.704 E2.91864
G1 X99.216 Y98.986 E2.95449
;WIDTH:0.429703
G1 X100.28 Y98.986 E3.00297
G1 X100.279 Y99.169 E3.01131
G1 X100.278 Y99.351 E3.0196
G1 X99.216 Y99.351 E3.06799
;WIDTH:0.45
G1 X97.216 Y99.341 E3.16418
G1 X96.782 Y99.077 E3.18861
G1 X96.284 Y98.919 E3.21374
G1 X95.993 Y98.874 E3.2279
G1 X95.413 Y98.923 E3.2559
G1 X94.766 Y99.167 E3.28916
G1 X94.497 Y99.341 E3.30457
G1 X92.508 Y99.351 E3.40024
;WIDTH:0.429704
G1 X89.771 Y99.351 E3.52495
;WIDTH:0.438316
G1 X89.605 Y99.362 E3.53271
;WIDTH:0.45
G1 X89.193 Y99.534 E3.55418
G1 X88.881 Y99.934 E3.57858
G1 X88.807 Y100.305 E3.59678
G1 X88.807 Y102.366 E3.69591
G1 X87.51 Y102.366 E3.75829
G1 X86.96 Y102.538 E3.78601
G1 X86.879 Y102.613 E3.79132
G1 X87.105 Y102.924 F7800
G1 F2718
G1 X87.065 Y102.961 E3.79394
G1 X86.945 Y103.207 E3.8071
G1 X86.931 Y103.531 E3.8227
G1 X86.152 Y103.531 E3.86017
G1 X86.139 Y103.207 E3.87577
G1 X86.019 Y102.961 E3.88893
G1 X85.904 Y102.855 E3.89645
G1 X85.574 Y102.752 E3.91308
G1 X85.422 Y102.752 E3.92039
G1 X85.422 Y98.611 E4.11956
G1 X92.608 Y98.602 E4.46518
G1 X92.922 Y98.436 E4.48226
G1 X93.649 Y97.689 E4.53239
G1 X94.031 Y97.325 E4.55777
G1 X94.621 Y96.845 E4.59435
G1 X95.095 Y96.548 E4.62125
G1 X95.993 Y96.548 E4.66444
G1 X96.692 Y96.574 E4.69808
G1 X97.238 Y96.935 E4.72956
G1 X97.859 Y97.467 E4.76889
G1 X98.802 Y98.436 E4.83392
G1 X99.216 Y98.611 E4.85554
G1 X100.657 Y98.611 E4.92485
G1 X100.655 Y99.171 E4.95178
G1 X100.653 Y99.727 E4.97852
G1 X97.092 Y99.727 E5.14979
G1 X96.631 Y99.433 E5.17609
G1 X95.993 Y99.259 E5.2079
G1 X95.464 Y99.305 E5.23344
G1 X94.922 Y99.52 E5.26148
G1 X94.632 Y99.727 E5.27862
G1 X89.771 Y99.727 E5.51242
G1 X89.424 Y99.843 E5.53002
G1 X89.237 Y100.083 E5.54465
G1 X89.193 Y100.305 E5.55554
G1 X89.193 Y102.752 E5.67323
G1 X87.51 Y102.752 E5.75418
G1 X87.18 Y102.855 E5.77081
G1 X87.149 Y102.883 E5.77282
G1 X87.382 Y103.206 F7800
;TYPE:External perimeter
G1 F1800
G1 X87.317 Y103.33 E5.77955
G1 X87.317 Y103.916 E5.80773
G1 X85.767 Y103.916 E5.88228
G1 X85.767 Y103.33 E5.91046
G1 X85.722 Y103.207 E5.91676
G1 X85.574 Y103.137 E5.92463
G1 X85.037 Y103.137 E5.95046
G1 X85.037 Y98.225 E6.18671
G1 X92.508 Y98.225 E6.54604
G1 X92.646 Y98.167 E6.55324
G1 X93.372 Y97.42 E6.60334
G1 X93.781 Y97.032 E6.63045
G1 X94.505 Y96.459 E6.67486
G1 X95.011 Y96.162 E6.70308
G1 X96.715 Y96.162 E6.78504
G1 X96.878 Y96.235 E6.79363
G1 X97.47 Y96.627 E6.82778
G1 X98.123 Y97.185 E6.86909
G1 X99.078 Y98.167 E6.93497
G1 X99.216 Y98.225 E6.94217
G1 X101.043 Y98.225 E7.03004
G1 X101.04 Y99.172 E7.07559
G1 X101.037 Y100.112 E7.1208
G1 X97.017 Y100.112 E7.31415
;TYPE:Overhang perimeter
;WIDTH:0.4
;HEIGHT:0.4
M106 S255
G1 F3600
G1 X96.969 Y100.112 E7.31666
G1 X96.522 Y99.803 E7.34505
G1 X96.038 Y99.65 E7.37157
G1 X95.523 Y99.687 E7.39855
G1 X95.078 Y99.872 E7.42373
G1 X94.767 Y100.112 E7.44425
G1 X94.714 Y100.112 E7.44702
M106 S226.95
;TYPE:External perimeter
;WIDTH:0.45
;HEIGHT:0.3
G1 F1800
G1 X89.771 Y100.112 E7.68476
G1 X89.655 Y100.151 E7.69065
G1 X89.578 Y100.305 E7.69893
G1 X89.578 Y103.137 E7.83514
G1 X87.51 Y103.137 E7.9346
G1 X87.42 Y103.166 E7.93915
G1 X87.326 Y103.554 F7800
G1 E5.93915 F2400
G92 E0
G1 X86.097 Y99.478 F7800
G1 E2 F2400
;TYPE:Solid infill
G1 F2718
G1 X86.097 Y102.236 E2.13265
G1 X86.314 Y102.323 E2.14389
G1 X86.542 Y102.532 E2.15877
G1 X86.836 Y102.282 E2.17733
G1 X87.367 Y102.092 E2.20445
G1 X88.518 Y102.077 E2.25981
G1 X88.518 Y100.315 E2.34456
G1 X88.641 Y99.783 E2.37082
G1 X89.036 Y99.276 E2.40173
G1 X86.097 Y99.285 E2.54309
G1 X86.483 Y99.669 E2.56928
G1 X88.283 Y99.664 E2.65585
G1 X88.226 Y99.788 E2.66241
G1 X88.132 Y100.315 E2.68816
G1 X88.132 Y101.693 E2.75444
G1 X87.43 Y101.695 E2.7882
G1 X87.236 Y101.729 E2.79767
G1 X86.706 Y101.919 E2.82475
G1 X86.542 Y102.013 E2.83384
G1 X86.483 Y101.974 E2.83724
G1 X86.483 Y99.862 E2.93882
G1 X86.868 Y100.054 E2.95951
G1 X87.78 Y100.051 E3.00337
G1 X87.747 Y100.315 E3.01617
G1 X87.747 Y101.309 E3.06398
G1 X87.346 Y101.313 E3.08327
G1 X86.868 Y101.452 E3.10721
G1 X86.868 Y100.247 E3.16517
G1 X87.307 Y100.491 E3.18933
;WIDTH:0.556929
G1 X87.307 Y100.876 E3.21298
G1 E1.21298 F2400
G92 E0
G1 X93.179 Y99.061 F7800
G1 E2 F2400
;WIDTH:0.45
G1 F2718
G1 X93.417 Y98.895 E2.01396
G1 X94.327 Y97.96 E2.07671
G1 X94.731 Y97.614 E2.10229
G1 X95.271 Y97.223 E2.13436
G1 X96.449 Y97.223 E2.19102
G1 X96.904 Y97.538 E2.21764
G1 X97.413 Y97.976 E2.24994
G1 X98.304 Y98.891 E2.31137
G1 X98.603 Y99.029 E2.32721
G1 X98.612 Y99.066 E2.32904
G1 X97.3 Y99.052 E2.39215
G1 X96.868 Y98.801 E2.41618
G1 X96.303 Y98.624 E2.44466
G1 X95.975 Y98.586 E2.46054
G1 X95.338 Y98.646 E2.49131
G1 X94.862 Y98.823 E2.51574
G1 X94.402 Y99.052 E2.54045
G1 X93.372 Y99.059 E2.58999
G1 X94.399 Y98.529 F7800
;WIDTH:0.572408
G1 F2718
G1 X94.635 Y98.284 E2.61155
G1 X95.342 Y97.713 E2.66913
G1 X95.483 Y97.67 E2.67847
G1 X96.316 Y97.666 E2.73125
;WIDTH:0.564396
G1 X96.616 Y97.875 E2.75405
G1 X97.096 Y98.285 E2.79342
G1 X97.398 Y98.595 E2.82041
G1 X97 Y98.379 E2.84865
G1 X96.435 Y98.202 E2.88557
G1 X95.938 Y98.15 E2.91673
;WIDTH:0.572408
G1 X95.182 Y98.227 E2.96488
G1 X94.579 Y98.46 E3.00584
G1 E1.00584 F2400
G92 E0
G92 E0
G1 X81.186 Y85.282 F7800
G1 E2 F2400
;TYPE:Perimeter
;WIDTH:0.45
G1 F1800
G1 X81.26 Y85.217 E2.00474
;WIDTH:0.464917
G1 X81.481 Y84.692 E2.0332
G1 X81.702 Y85.217 E2.06166
;WIDTH:0.45
G1 X81.942 Y85.427 E2.077
G1 X82.133 Y85.518 E2.08718
G1 X82.449 Y85.571 E2.10259
G1 X83.743 Y85.571 E2.16483
G1 X83.743 Y86.866 E2.22712
G1 X83.743 Y88.941 E2.32692
G1 X80.747 Y88.941 E2.47102
G1 X80.732 Y86.712 E2.57823
G1 X80.569 Y86.321 E2.5986
G1 X80.345 Y86.097 E2.61384
G1 X79.783 Y85.926 E2.64209
;WIDTH:0.429703
G1 X74.656 Y85.926 E2.8757
;WIDTH:0.438315
G1 X74.49 Y85.937 E2.88346
;WIDTH:0.476319
G1 X74.362 Y85.978 E2.89037
;WIDTH:0.514324
G1 X74.233 Y86.019 E2.89797
;WIDTH:0.552328
G1 X74.104 Y86.061 E2.90623
;WIDTH:0.590333
G1 X73.975 Y86.102 E2.91511
G1 X73.801 Y86.226 E2.92913
G1 X73.628 Y86.102 E2.94309
G1 X73.458 Y86.058 E2.95461
;WIDTH:0.550175
G1 X73.288 Y86.014 E2.96525
;WIDTH:0.510018
G1 X73.117 Y85.97 E2.97506
;WIDTH:0.46986
G1 X72.947 Y85.926 E2.98394
;WIDTH:0.429703
G1 X69.384 Y85.926 E3.14629
G1 X69.384 Y85.561 E3.16292
G1 X72.947 Y85.561 E3.32527
;WIDTH:0.46986
G1 X73.161 Y85.581 E3.33614
;WIDTH:0.510018
G1 X73.374 Y85.601 E3.34803
;WIDTH:0.550175
G1 X73.588 Y85.621 E3.36105
;WIDTH:0.590333
G1 X73.801 Y85.641 E3.37508
G1 X74.015 Y85.621 E3.38918
;WIDTH:0.550175
G1 X74.229 Y85.601 E3.4022
;WIDTH:0.510018
G1 X74.442 Y85.581 E3.41409
;WIDTH:0.46986
G1 X74.656 Y85.561 E3.42496
;WIDTH:0.429703
G1 X79.783 Y85.561 E3.65857
;WIDTH:0.45
G1 X80.513 Y85.571 E3.69368
G1 X80.826 Y85.519 E3.70894
G1 X81.02 Y85.427 E3.71927
G1 X81.14 Y85.322 E3.72694
G1 X80.909 Y85.009 F7800
G1 F1800
G1 X80.962 Y84.973 E3.73002
G1 X81.09 Y84.658 E3.74637
G1 X81.092 Y84.232 E3.76686
G1 X81.871 Y84.232 E3.80433
G1 X81.871 Y84.607 E3.82237
G1 X82.001 Y84.973 E3.84105
G1 X82.259 Y85.154 E3.85621
G1 X82.449 Y85.186 E3.86548
G1 X84.129 Y85.186 E3.94628
G1 X84.129 Y86.866 E4.02708
G1 X84.129 Y89.327 E4.14545
G1 X80.361 Y89.327 E4.32668
G1 X80.361 Y86.88 E4.44437
G1 X80.317 Y86.658 E4.45526
G1 X80.12 Y86.41 E4.47049
G1 X79.783 Y86.302 E4.48751
G1 X74.656 Y86.302 E4.7341
G1 X74.556 Y86.311 E4.73893
G1 X74.047 Y86.615 E4.76745
G1 X73.801 Y86.688 E4.77979
G1 X73.556 Y86.615 E4.79209
G1 X73.334 Y86.451 E4.80536
G1 X72.947 Y86.302 E4.82531
G1 X69.009 Y86.302 E5.01471
G1 X69.009 Y85.186 E5.06839
G1 X79.783 Y85.186 E5.58658
G1 X80.701 Y85.154 E5.63076
G1 X80.86 Y85.043 E5.64009
G1 X80.638 Y84.729 F7800
;TYPE:External perimeter
G1 F1800
G1 X80.706 Y84.61 E5.64668
G1 X80.706 Y83.846 E5.68343
G1 X82.256 Y83.846 E5.75798
G1 X82.256 Y84.607 E5.79458
G1 X82.3 Y84.729 E5.80082
G1 X82.449 Y84.8 E5.80876
G1 X84.515 Y84.8 E5.90813
G1 X84.515 Y86.866 E6.0075
G1 X84.515 Y89.712 E6.14438
G1 X79.976 Y89.712 E6.36269
G1 X79.976 Y86.88 E6.4989
G1 X79.94 Y86.769 E6.50451
G1 X79.783 Y86.687 E6.51303
G1 X74.656 Y86.687 E6.75962
G1 X74.623 Y86.69 E6.76121
G1 X74.342 Y86.903 E6.77817
G1 X73.973 Y87.074 E6.79773
G1 X73.63 Y87.074 E6.81423
G1 X73.394 Y86.965 E6.82673
G1 X72.947 Y86.687 E6.85205
G1 X68.623 Y86.687 E7.06002
G1 X68.623 Y84.8 E7.15078
G1 X80.513 Y84.8 E7.72265
G1 X80.603 Y84.774 E7.72716
G1 X80.697 Y84.386 F7800
G1 X80.515 Y85.862
;TYPE:Solid infill
G1 F2718
G1 X80.892 Y85.799 E7.74554
G1 X81.151 Y85.684 E7.75917
G1 X81.481 Y85.404 E7.77999
G1 X81.792 Y85.673 E7.79977
G1 X82.274 Y85.846 E7.8244
G1 X83.454 Y85.859 E7.88116
G1 X83.454 Y88.652 E8.01549
G1 X81.036 Y88.652 E8.13179
G1 X81.036 Y86.885 E8.21678
G1 X80.951 Y86.436 E8.23876
G1 X80.817 Y86.175 E8.25287
G1 X80.649 Y86 E8.26454
G1 X81.207 Y86.084 E8.29168
G1 X81.481 Y85.917 E8.30711
G1 X81.588 Y86.001 E8.31365
G1 X82.076 Y86.195 E8.33891
G1 X82.272 Y86.232 E8.3485
G1 X83.069 Y86.241 E8.38684
G1 X83.069 Y88.266 E8.48424
G1 X81.422 Y88.266 E8.56345
G1 X81.422 Y86.885 E8.62987
G1 X81.329 Y86.361 E8.65547
G1 X81.285 Y86.261 E8.66072
G1 X81.747 Y86.484 E8.68539
G1 X82.132 Y86.606 E8.70481
G1 X82.683 Y86.622 E8.73132
G1 X82.683 Y87.881 E8.79187
G1 X81.808 Y87.881 E8.83395
G1 X81.808 Y86.885 E8.88185
G1 X81.776 Y86.674 E8.89211
G1 X82.245 Y87.055 E8.92117
;WIDTH:0.554141
G1 X82.245 Y87.443 E8.94487
G1 E6.94487 F2400
G92 E0
G1 X81.189 Y72.588 F7800
G1 E2 F2400
;TYPE:Perimeter
;WIDTH:0.45
G1 F1800
G1 X81.02 Y72.448 E2.01056
G1 X80.826 Y72.356 E2.02089
G1 X80.513 Y72.304 E2.03615
G1 X79.783 Y72.314 E2.07126
;WIDTH:0.429703
G1 X74.656 Y72.314 E2.30487
;WIDTH:0.46986
G1 X74.442 Y72.294 E2.31574
;WIDTH:0.510018
G1 X74.229 Y72.274 E2.32763
;WIDTH:0.550175
G1 X74.015 Y72.254 E2.34065
;WIDTH:0.590333
G1 X73.801 Y72.234 E2.35475
G1 X73.588 Y72.254 E2.36878
;WIDTH:0.550175
G1 X73.374 Y72.274 E2.3818
;WIDTH:0.510018
G1 X73.161 Y72.294 E2.39369
;WIDTH:0.46986
G1 X72.947 Y72.314 E2.40456
;WIDTH:0.429704
G1 X69.384 Y72.314 E2.56691
G1 X69.384 Y71.949 E2.58354
G1 X72.947 Y71.949 E2.74589
;WIDTH:0.438316
G1 X73.112 Y71.938 E2.7536
;WIDTH:0.47632
G1 X73.241 Y71.897 E2.76055
;WIDTH:0.514324
G1 X73.37 Y71.856 E2.76815
;WIDTH:0.552328
G1 X73.499 Y71.814 E2.77641
;WIDTH:0.590333
G1 X73.628 Y71.773 E2.78529
G1 X73.801 Y71.649 E2.79925
G1 X73.975 Y71.773 E2.81327
G1 X74.145 Y71.817 E2.82479
;WIDTH:0.550175
G1 X74.315 Y71.861 E2.83543
;WIDTH:0.510018
G1 X74.486 Y71.905 E2.84524
;WIDTH:0.46986
G1 X74.656 Y71.949 E2.85412
;WIDTH:0.429703
G1 X79.783 Y71.949 E3.08773
;WIDTH:0.438316
G1 X79.949 Y71.938 E3.09549
;WIDTH:0.45
G1 X80.345 Y71.778 E3.11603
G1 X80.569 Y71.554 E3.13127
G1 X80.673 Y71.366 E3.1416
G1 X80.747 Y70.995 E3.1598
G1 X80.747 Y68.934 E3.25893
G1 X83.743 Y68.934 E3.40303
G1 X83.743 Y70.432 E3.47508
G1 X83.743 Y72.304 E3.56512
G1 X82.297 Y72.316 E3.63467
G1 X81.942 Y72.448 E3.65289
G1 X81.739 Y72.616 E3.66556
G1 X81.505 Y73.083 E3.69068
G1 X81.455 Y73.062 E3.69329
G1 X81.231 Y72.63 E3.71669
G1 X80.919 Y72.859 F7800
G1 F1800
G1 X80.818 Y72.776 E3.72298
G1 X80.513 Y72.689 E3.73823
G1 X69.009 Y72.689 E4.29153
G1 X69.009 Y71.573 E4.34521
G1 X72.947 Y71.573 E4.53461
G1 X73.047 Y71.564 E4.53944
G1 X73.556 Y71.26 E4.56796
G1 X73.801 Y71.187 E4.58026
G1 X74.047 Y71.26 E4.5926
G1 X74.269 Y71.424 E4.60587
G1 X74.656 Y71.573 E4.62582
G1 X79.783 Y71.573 E4.87241
G1 X80.12 Y71.465 E4.88943
G1 X80.317 Y71.217 E4.90466
G1 X80.361 Y70.995 E4.91555
G1 X80.361 Y68.548 E5.03324
G1 X84.129 Y68.548 E5.21447
G1 X84.129 Y70.432 E5.30508
G1 X84.129 Y72.689 E5.41363
G1 X82.449 Y72.689 E5.49443
G1 X82.259 Y72.721 E5.5037
G1 X82.023 Y72.877 E5.51731
G1 X81.884 Y73.144 E5.53179
G1 X81.871 Y73.468 E5.54739
G1 X81.092 Y73.468 E5.58486
G1 X81.078 Y73.144 E5.60046
G1 X80.955 Y72.906 E5.61335
G1 X80.642 Y73.132 F7800
;TYPE:External perimeter
G1 F1800
G1 X80.513 Y73.075 E5.62013
G1 X68.623 Y73.075 E6.192
G1 X68.623 Y71.187 E6.28281
G1 X72.947 Y71.187 E6.49078
G1 X72.98 Y71.185 E6.49237
G1 X73.261 Y70.972 E6.50933
G1 X73.63 Y70.801 E6.52889
G1 X73.973 Y70.801 E6.54539
G1 X74.209 Y70.91 E6.55789
G1 X74.656 Y71.187 E6.58318
G1 X79.783 Y71.187 E6.82977
G1 X79.94 Y71.106 E6.83827
G1 X79.976 Y70.995 E6.84388
G1 X79.976 Y68.162 E6.98014
G1 X84.515 Y68.162 E7.19845
G1 X84.515 Y70.432 E7.30763
G1 X84.515 Y73.075 E7.43475
G1 X82.449 Y73.075 E7.53412
G1 X82.307 Y73.137 E7.54157
G1 X82.256 Y73.268 E7.54833
G1 X82.256 Y73.854 E7.57651
G1 X80.706 Y73.854 E7.65106
G1 X80.706 Y73.268 E7.67924
G1 X80.672 Y73.18 E7.68378
G1 X80.284 Y73.083 F7800
G1 X80.515 Y72.013
;TYPE:Solid infill
G1 F2718
G1 X80.785 Y71.743 E7.70215
G1 X80.93 Y71.496 E7.71593
G1 X81.036 Y70.99 E7.7408
G1 X81.036 Y69.223 E7.82579
G1 X83.454 Y69.223 E7.94209
G1 X83.454 Y72.015 E8.07638
G1 X82.363 Y72.018 E8.12885
G1 X82.089 Y72.072 E8.14228
G1 X81.875 Y72.161 E8.15343
G1 X81.55 Y72.399 E8.1728
G1 X81.481 Y72.499 E8.17864
G1 X81.46 Y72.458 E8.18086
G1 X81.193 Y72.217 E8.19816
G1 X80.942 Y72.092 E8.21165
G1 X80.704 Y72.048 E8.22329
G1 X81.207 Y71.791 E8.25046
G1 X81.329 Y71.516 E8.26493
G1 X81.422 Y70.99 E8.29062
G1 X81.422 Y69.609 E8.35704
G1 X83.069 Y69.609 E8.43625
G1 X83.069 Y71.631 E8.5335
G1 X82.362 Y71.633 E8.5675
G1 X81.852 Y71.744 E8.5926
G1 X81.481 Y71.956 E8.61315
G1 X81.373 Y71.89 E8.61924
G1 X81.75 Y71.375 E8.64994
G1 X81.808 Y70.99 E8.66867
G1 X81.808 Y69.994 E8.71657
G1 X82.683 Y69.994 E8.75865
G1 X82.683 Y71.246 E8.81887
G1 X82.282 Y71.251 E8.83816
G1 X81.938 Y71.331 E8.85515
G1 X82.245 Y70.815 E8.88403
;WIDTH:0.554139
G1 X82.245 Y70.432 E8.90743
;LAYER_CHANGE
;Z:9.05
;HEIGHT:0.3
G1 E6.90743 F2400
G92 E0
G1 Z9.05 F7800
G92 E0
G1 X86.838 Y115.344
G1 E2 F2400
;TYPE:Perimeter
;WIDTH:0.45
G1 F1800
G1 X87.002 Y115.489 E2.01053
G1 X87.51 Y115.634 E2.03594
G1 X88.945 Y115.634 E2.10496
G1 X88.947 Y117.695 E2.20409
G1 X89.021 Y118.066 E2.22229
G1 X89.332 Y118.466 E2.24666
G1 X89.911 Y118.649 E2.27587
;WIDTH:0.429703
G1 X92.767 Y118.649 E2.406
;WIDTH:0.45
G1 X98.957 Y118.649 E2.70372
;WIDTH:0.429702
G1 X100.119 Y118.649 E2.75667
G1 X100.119 Y118.831 E2.76496
G1 X100.119 Y119.014 E2.7733
G1 X99.936 Y119.014 E2.78164
;WIDTH:0.438315
G1 X98.791 Y119.024 E2.83504
;WIDTH:0.45
G1 X98.273 Y119.288 E2.863
G1 X97.886 Y119.678 E2.88943
G1 X97.241 Y120.233 E2.93036
G1 X96.8 Y120.534 E2.95604
G1 X96.357 Y120.755 E2.97985
G1 X95.988 Y120.862 E2.99833
G1 X95.619 Y120.836 E3.01612
G1 X95.146 Y120.665 E3.04031
G1 X94.476 Y120.227 E3.07881
G1 X93.838 Y119.678 E3.11929
G1 X93.451 Y119.288 E3.14572
G1 X92.767 Y119.014 E3.18116
;WIDTH:0.429703
G1 X89.911 Y119.014 E3.31129
;WIDTH:0.45
G1 X85.668 Y119.004 E3.51536
G1 X85.668 Y115.607 E3.67874
G1 X86.082 Y115.489 E3.69944
G1 X86.324 Y115.275 E3.71498
;WIDTH:0.464917
G1 X86.542 Y114.754 E3.74319
G1 X86.759 Y115.275 E3.77138
;WIDTH:0.45
G1 X86.793 Y115.305 E3.77356
G1 X86.542 Y114.488 F7800
;WIDTH:0.464917
G1 F1800
G1 X86.542 Y114.754 E3.78685
G1 X87.107 Y115.075 F7800
;WIDTH:0.45
G1 F2861
G1 X87.205 Y115.161 E3.79312
G1 X87.51 Y115.248 E3.80837
G1 X89.331 Y115.248 E3.89595
G1 X89.332 Y117.695 E4.01364
G1 X89.377 Y117.917 E4.02453
G1 X89.564 Y118.158 E4.0392
G1 X89.911 Y118.273 E4.05678
G1 X100.495 Y118.273 E4.56583
G1 X100.494 Y118.832 E4.59272
G1 X100.494 Y119.389 E4.61951
G1 X98.857 Y119.398 E4.69825
G1 X98.547 Y119.56 E4.71507
G1 X98.149 Y119.96 E4.74221
G1 X97.476 Y120.539 E4.78491
G1 X96.92 Y120.919 E4.8173
G1 X96.373 Y121.172 E4.84629
G1 X95.868 Y121.247 E4.87085
G1 X95.481 Y121.2 E4.8896
G1 X94.962 Y121.006 E4.91625
G1 X94.244 Y120.536 E4.95752
G1 X93.575 Y119.96 E4.99998
G1 X93.178 Y119.56 E5.02709
G1 X92.767 Y119.389 E5.0485
G1 X85.282 Y119.389 E5.4085
G1 X85.282 Y115.248 E5.60767
G1 X85.574 Y115.248 E5.62171
G1 X85.879 Y115.161 E5.63696
G1 X86.024 Y115.033 E5.64626
G1 X86.152 Y114.67 E5.66477
G1 X86.152 Y114.099 E5.69223
G1 X86.931 Y114.099 E5.7297
G1 X86.931 Y114.67 E5.75716
G1 X87.06 Y115.033 E5.77569
G1 X87.062 Y115.035 E5.77583
G1 X87.383 Y114.802 F7800
;TYPE:External perimeter
G1 F1800
G1 X87.51 Y114.862 E5.78259
G1 X89.716 Y114.862 E5.88869
G1 X89.718 Y117.695 E6.02495
G1 X89.795 Y117.849 E6.03323
G1 X89.911 Y117.887 E6.0391
G1 X95.586 Y117.887 E6.31205
;TYPE:Overhang perimeter
;WIDTH:0.4
;HEIGHT:0.4
M106 S255
G1 F3600
G1 X96.11 Y117.887 E6.33943
M106 S226.95
;TYPE:External perimeter
;WIDTH:0.45
;HEIGHT:0.3
G1 F1800
G1 X100.881 Y117.887 E6.5689
G1 X100.88 Y118.832 E6.61435
G1 X100.879 Y119.775 E6.65971
G1 X98.957 Y119.775 E6.75215
G1 X98.82 Y119.832 E6.75929
G1 X98.412 Y120.243 E6.78714
G1 X97.712 Y120.846 E6.83158
G1 X97.235 Y121.171 E6.85934
G1 X96.68 Y121.455 E6.88933
G1 X96.299 Y121.583 E6.90866
G1 X95.857 Y121.633 E6.93005
G1 X95.398 Y121.577 E6.95229
G1 X94.779 Y121.347 E6.98405
G1 X94.011 Y120.844 E7.02821
G1 X93.313 Y120.243 E7.07251
G1 X92.904 Y119.832 E7.1004
G1 X92.767 Y119.775 E7.10754
G1 X84.897 Y119.775 E7.48606
G1 X84.897 Y114.862 E7.72236
G1 X85.574 Y114.862 E7.75492
G1 X85.676 Y114.834 E7.76001
G1 X85.767 Y114.67 E7.76903
G1 X85.767 Y113.713 E7.81506
G1 X87.317 Y113.713 E7.88961
G1 X87.317 Y114.67 E7.93564
G1 X87.348 Y114.759 E7.94017
G1 X87.737 Y114.854 F7800
G1 X86.542 Y115.465
;TYPE:Solid infill
G1 F2861
G1 X86.889 Y115.751 E7.9618
G1 X87.435 Y115.919 E7.98928
G1 X88.656 Y115.923 E8.04801
G1 X88.661 Y117.724 E8.13463
G1 X88.781 Y118.217 E8.15903
G1 X89.168 Y118.715 E8.18936
G1 X85.957 Y118.715 E8.3438
G1 X85.957 Y115.818 E8.48314
G1 X86.189 Y115.752 E8.49474
G1 X86.392 Y115.587 E8.50732
G1 X86.517 Y116.001 E8.52812
G1 X86.769 Y116.117 E8.54146
G1 X87.434 Y116.305 E8.5747
G1 X88.271 Y116.307 E8.61496
G1 X88.283 Y117.799 E8.68672
G1 X88.419 Y118.329 E8.71304
G1 X86.343 Y118.329 E8.81289
G1 X86.343 Y116.101 E8.92005
G1 X86.728 Y116.51 E8.94707
G1 X87.355 Y116.687 E8.97841
G1 X87.886 Y116.692 E9.00395
G1 X87.886 Y117.364 E9.03627
G1 X87.919 Y117.943 E9.06416
G1 X86.728 Y117.943 E9.12144
G1 X86.728 Y116.703 E9.18108
G1 X87.114 Y117.03 E9.20541
;WIDTH:0.450343
G1 X87.5 Y117.077 E9.22413
G1 X87.5 Y117.558 E9.24729
G1 X87.114 Y117.558 E9.26587
G1 X87.114 Y117.222 E9.28204
G1 E7.28204 F2400
G92 E0
G1 X93.715 Y118.948 F7800
G1 E2 F2400
;WIDTH:0.45
G1 F2861
G1 X98.283 Y118.937 E2.21971
G1 X98.277 Y118.974 E2.22151
G1 X98.057 Y119.096 E2.23361
G1 X97.689 Y119.466 E2.25871
G1 X97.065 Y120.003 E2.29831
G1 X96.637 Y120.295 E2.32323
G1 X96.156 Y120.529 E2.34896
G1 X95.768 Y120.573 E2.36774
G1 X95.283 Y120.409 E2.39236
G1 X94.65 Y119.995 E2.42874
G1 X94.036 Y119.466 E2.46772
G1 X93.671 Y119.099 E2.49261
G1 X93.397 Y118.957 E2.50745
G1 X93.522 Y118.953 E2.51347
G1 X94.471 Y119.332 F7800
G1 F2861
G1 X97.261 Y119.325 E2.64766
G1 X96.838 Y119.69 E2.67453
G1 X96.42 Y119.977 E2.69892
G1 X96.074 Y120.142 E2.71736
G1 X95.81 Y120.187 E2.73024
G1 X95.466 Y120.068 E2.74775
G1 X94.883 Y119.687 E2.78125
G1 X94.617 Y119.458 E2.79813
G1 E.79813 F2400
G92 E0
G1 X86.838 Y102.655 F7800
G1 E2 F2400
;TYPE:Perimeter
G1 F1800
G1 X86.759 Y102.725 E2.00508
;WIDTH:0.457525
G1 X86.542 Y103.33 E2.0366
G1 X86.324 Y102.725 E2.06813
;WIDTH:0.45
G1 X86.082 Y102.511 E2.08367
G1 X85.668 Y102.393 E2.10437
G1 X85.668 Y98.996 E2.26775
G1 X89.911 Y98.986 E2.47182
;WIDTH:0.429704
G1 X92.767 Y98.986 E2.60195
;WIDTH:0.438316
G1 X92.933 Y98.976 E2.60971
;WIDTH:0.45
G1 X93.451 Y98.712 E2.63767
G1 X93.838 Y98.322 E2.6641
G1 X94.476 Y97.773 E2.70458
G1 X95.146 Y97.335 E2.74308
G1 X95.562 Y97.176 E2.7645
G1 X96.033 Y97.15 E2.78719
G1 X96.519 Y97.307 E2.81175
G1 X96.973 Y97.576 E2.83713
G1 X97.894 Y98.33 E2.89438
G1 X98.273 Y98.712 E2.92026
G1 X98.957 Y98.986 E2.9557
;WIDTH:0.429703
G1 X100.119 Y98.986 E3.00865
G1 X100.119 Y99.169 E3.01699
G1 X100.119 Y99.351 E3.02528
G1 X98.957 Y99.351 E3.07823
;WIDTH:0.45
G1 X92.767 Y99.351 E3.37595
;WIDTH:0.429704
G1 X89.911 Y99.351 E3.50608
;WIDTH:0.438316
G1 X89.745 Y99.362 E3.51384
;WIDTH:0.45
G1 X89.332 Y99.534 E3.53536
G1 X89.021 Y99.934 E3.55973
G1 X88.947 Y100.305 E3.57793
G1 X88.945 Y102.366 E3.67706
G1 X87.51 Y102.366 E3.74608
G1 X87.002 Y102.511 E3.77149
G1 X86.883 Y102.615 E3.77909
G1 X87.107 Y102.925 F7800
G1 F2861
G1 X87.06 Y102.967 E3.78212
G1 X86.931 Y103.33 E3.80065
G1 X86.931 Y103.726 E3.8197
G1 X86.152 Y103.726 E3.85717
G1 X86.152 Y103.337 E3.87588
G1 X86.024 Y102.967 E3.89471
G1 X85.879 Y102.839 E3.90401
G1 X85.574 Y102.752 E3.91926
G1 X85.282 Y102.752 E3.9333
G1 X85.282 Y98.611 E4.13247
G1 X92.867 Y98.602 E4.49728
G1 X93.178 Y98.44 E4.51415
G1 X93.575 Y98.04 E4.54126
G1 X94.244 Y97.464 E4.58372
G1 X94.963 Y96.993 E4.62506
G1 X95.477 Y96.8 E4.65147
G1 X95.896 Y96.764 E4.6717
G1 X96.26 Y96.809 E4.68934
G1 X96.765 Y96.995 E4.71522
G1 X97.198 Y97.261 E4.73966
G1 X98.154 Y98.045 E4.79912
G1 X98.547 Y98.44 E4.82592
G1 X98.957 Y98.611 E4.84729
G1 X100.494 Y98.611 E4.92121
G1 X100.494 Y99.168 E4.948
G1 X100.495 Y99.727 E4.97489
G1 X89.911 Y99.727 E5.48394
G1 X89.564 Y99.842 E5.50152
G1 X89.377 Y100.083 E5.51619
G1 X89.332 Y100.305 E5.52708
G1 X89.331 Y102.752 E5.64477
G1 X87.51 Y102.752 E5.73235
G1 X87.205 Y102.839 E5.7476
G1 X87.152 Y102.885 E5.75098
G1 X87.385 Y103.208 F7800
;TYPE:External perimeter
G1 F1800
G1 X87.317 Y103.33 E5.7577
G1 X87.317 Y104.112 E5.79531
G1 X85.767 Y104.112 E5.86986
G1 X85.767 Y103.337 E5.90713
G1 X85.724 Y103.209 E5.91362
G1 X85.574 Y103.137 E5.92162
G1 X84.897 Y103.137 E5.95418
G1 X84.897 Y98.225 E6.19043
G1 X92.767 Y98.225 E6.56895
G1 X92.904 Y98.168 E6.57609
G1 X93.313 Y97.757 E6.60398
G1 X94.012 Y97.155 E6.64835
G1 X94.646 Y96.74 E6.6848
G1 X95.069 Y96.528 E6.70756
G1 X95.592 Y96.378 E6.73373
G1 X96.129 Y96.378 E6.75956
G1 X96.439 Y96.457 E6.77495
G1 X96.945 Y96.653 E6.80105
G1 X97.422 Y96.947 E6.828
G1 X98.413 Y97.759 E6.88962
G1 X98.82 Y98.168 E6.91737
G1 X98.957 Y98.225 E6.92451
G1 X100.879 Y98.225 E7.01695
G1 X100.88 Y99.168 E7.06231
G1 X100.881 Y100.112 E7.10771
G1 X96.11 Y100.112 E7.33718
;TYPE:Overhang perimeter
;WIDTH:0.4
;HEIGHT:0.4
M106 S255
G1 F3600
G1 X95.586 Y100.112 E7.36456
M106 S226.95
;TYPE:External perimeter
;WIDTH:0.45
;HEIGHT:0.3
G1 F1800
G1 X89.911 Y100.112 E7.63751
G1 X89.795 Y100.151 E7.6434
G1 X89.718 Y100.305 E7.65168
G1 X89.716 Y103.137 E7.78789
G1 X87.51 Y103.137 E7.89399
G1 X87.419 Y103.163 E7.89854
G1 X87.326 Y103.552 F7800
G1 E5.89854 F2400
G92 E0
G1 X86.062 Y99.316 F7800
G1 E2 F2400
;TYPE:Solid infill
;WIDTH:0.543985
G1 F2861
G1 X86.02 Y99.274 E2.00355
G1 X85.962 Y99.29 E2.00715
G1 X85.946 Y99.348 E2.01075
G1 X85.989 Y99.39 E2.01435
G1 X86.046 Y99.374 E2.01789
;WIDTH:0.45
G1 X85.957 Y99.991 E2.04787
G1 X86.665 Y99.283 E2.09603
G1 X86.843 Y99.148 E2.10677
;WIDTH:0.404381
G1 X86.802 Y99.159 E2.10857
G1 X86.783 Y99.088 E2.11169
G1 X86.854 Y99.107 E2.11481
;WIDTH:0.45
G1 X87.212 Y99.281 E2.13395
G1 X85.957 Y100.536 E2.21931
G1 X85.957 Y101.081 E2.24552
G1 X87.759 Y99.28 E2.36806
G1 X88.306 Y99.278 E2.39437
G1 X85.957 Y101.627 E2.55415
G1 X85.957 Y102.172 E2.58036
G1 X88.853 Y99.276 E2.77734
G1 X89.267 Y99.231 E2.79737
;WIDTH:0.404381
G1 X89.208 Y99.359 E2.80335
G1 X88.807 Y99.813 E2.82904
;WIDTH:0.420411
G1 X88.681 Y99.958 E2.83757
;WIDTH:0.45
G1 X88.447 Y100.227 E2.85472
G1 X86.704 Y101.953 E2.9727
;WIDTH:0.425218
G1 X86.294 Y102.347 E2.99829
;WIDTH:0.403472
G1 X86.542 Y102.566 E3.01228
;WIDTH:0.425218
G1 X86.893 Y102.261 E3.03321
;WIDTH:0.45
G1 X87.375 Y102.09 E3.05781
G1 X88.656 Y102.077 E3.11942
G1 X88.657 Y100.314 E3.20421
G1 X88.807 Y99.813 E3.22936
G1 X88.259 Y100.979 F7800
;WIDTH:0.47521
G1 F2861
G1 X88.258 Y101.68 E3.26528
G1 X87.556 Y101.682 E3.30125
G1 X88.122 Y101.115 E3.3423
G1 E1.3423 F2400
G92 E0
G1 X95.796 Y97.439 F7800
G1 E2 F2400
;WIDTH:0.45
G1 F2861
G1 X95.722 Y97.439 E2.00356
G1 X95.199 Y97.645 E2.0306
G1 X94.651 Y98.004 E2.06211
G1 X94.036 Y98.534 E2.10116
G1 X93.667 Y98.904 E2.12629
G1 X93.441 Y99.063 E2.13958
G1 X98.327 Y99.043 E2.37458
G1 X98.054 Y98.901 E2.38938
G1 X97.699 Y98.545 E2.41356
G1 X96.805 Y97.812 E2.46916
G1 X96.376 Y97.57 E2.49285
G1 X95.989 Y97.439 E2.5125
G1 X95.857 Y97.824 E2.53208
G1 X96.252 Y97.935 E2.55181
G1 X96.581 Y98.127 E2.57013
G1 X97.242 Y98.668 E2.61121
G1 X94.463 Y98.675 E2.74487
G1 X94.883 Y98.313 E2.77154
G1 X95.45 Y97.942 E2.80413
G1 X95.672 Y97.878 E2.81524
G1 X95.913 Y98.233 E2.83588
;WIDTH:0.525207
G1 X95.872 Y98.193 E2.83917
G1 X95.817 Y98.207 E2.84243
G1 X95.802 Y98.263 E2.84576
G1 X95.842 Y98.304 E2.84905
G1 X95.898 Y98.289 E2.85238
G1 E.85238 F2400
G92 E0
G92 E0
G1 X81.186 Y85.285 F7800
G1 E2 F2400
;TYPE:Perimeter
;WIDTH:0.45
G1 F1800
G1 X81.243 Y85.238 E2.00355
;WIDTH:0.464917
G1 X81.481 Y84.692 E2.03331
G1 X81.72 Y85.238 E2.06309
;WIDTH:0.45
G1 X81.966 Y85.442 E2.07846
G1 X82.117 Y85.512 E2.08647
G1 X82.449 Y85.571 E2.10269
G1 X83.884 Y85.571 E2.17171
G1 X83.884 Y87.006 E2.24073
G1 X83.884 Y88.941 E2.3338
G1 X80.607 Y88.941 E2.49141
G1 X80.598 Y86.743 E2.59713
G1 X80.477 Y86.397 E2.61476
G1 X80.287 Y86.163 E2.62926
G1 X79.643 Y85.926 E2.66227
;WIDTH:0.429703
G1 X69.545 Y85.926 E3.12239
G1 X69.545 Y85.561 E3.13902
G1 X79.643 Y85.561 E3.59914
;WIDTH:0.45
G1 X80.513 Y85.571 E3.64099
G1 X80.811 Y85.524 E3.6555
G1 X80.996 Y85.442 E3.66523
G1 X81.14 Y85.323 E3.67421
G1 X81.481 Y84.426 F7800
;WIDTH:0.464917
G1 F1800
G1 X81.481 Y84.692 E3.6875
G1 X80.91 Y85.012 F7800
;WIDTH:0.45
G1 F1800
G1 X80.951 Y84.985 E3.68986
G1 X81.092 Y84.607 E3.70926
G1 X81.092 Y84.037 E3.73668
G1 X81.871 Y84.037 E3.77415
G1 X81.871 Y84.607 E3.80157
G1 X82.011 Y84.985 E3.82096
G1 X82.159 Y85.108 E3.83022
G1 X82.449 Y85.186 E3.84466
G1 X84.27 Y85.186 E3.93224
G1 X84.27 Y87.006 E4.01978
G1 X84.27 Y89.327 E4.13141
G1 X80.222 Y89.327 E4.3261
G1 X80.222 Y87.202 E4.42831
G1 X80.193 Y86.701 E4.45245
G1 X80.03 Y86.45 E4.46684
G1 X79.643 Y86.302 E4.48677
G1 X69.17 Y86.302 E4.99048
G1 X69.17 Y85.186 E5.04416
G1 X79.643 Y85.186 E5.54787
G1 X80.692 Y85.157 E5.59834
G1 X80.86 Y85.046 E5.60802
G1 X80.641 Y84.742 F7800
;TYPE:External perimeter
G1 F1800
G1 X80.659 Y84.733 E5.60899
G1 X80.706 Y84.607 E5.61546
G1 X80.706 Y83.651 E5.66144
G1 X82.256 Y83.651 E5.73599
G1 X82.256 Y84.607 E5.78197
G1 X82.303 Y84.733 E5.78844
G1 X82.449 Y84.8 E5.79617
G1 X84.655 Y84.8 E5.90227
G1 X84.655 Y87.006 E6.00837
G1 X84.655 Y89.712 E6.13852
G1 X79.836 Y89.712 E6.3703
G1 X79.836 Y87.303 E6.48616
G1 X79.81 Y86.784 E6.51115
G1 X79.643 Y86.687 E6.52044
G1 X68.784 Y86.687 E7.04272
G1 X68.784 Y84.8 E7.13348
G1 X80.513 Y84.8 E7.6976
G1 X80.586 Y84.767 E7.70145
G1 X80.7 Y84.383 F7800
G1 X81.481 Y85.412
;TYPE:Solid infill
G1 F2861
G1 X81.798 Y85.674 E7.72123
G1 X82.158 Y85.824 E7.73999
G1 X82.454 Y85.86 E7.75433
G1 X83.595 Y85.86 E7.80921
G1 X83.595 Y88.652 E7.9435
G1 X80.897 Y88.652 E8.07326
G1 X80.897 Y87.016 E8.15195
G1 X80.842 Y86.525 E8.17571
G1 X80.737 Y86.272 E8.18888
G1 X80.508 Y85.979 E8.20677
G1 X80.338 Y85.889 E8.21602
G1 X80.36 Y85.857 E8.21789
G1 X80.874 Y85.805 E8.24274
G1 X81.12 Y85.702 E8.25557
G1 X81.331 Y85.533 E8.26857
G1 X81.481 Y85.913 E8.28822
G1 X81.553 Y85.972 E8.2927
G1 X82.02 Y86.184 E8.31737
G1 X82.454 Y86.246 E8.33846
G1 X83.209 Y86.246 E8.37477
G1 X83.209 Y88.266 E8.47192
G1 X81.282 Y88.266 E8.5646
G1 X81.282 Y87.016 E8.62472
G1 X81.223 Y86.464 E8.65142
G1 X81.098 Y86.134 E8.66839
G1 X81.323 Y86.022 E8.68048
G1 X81.61 Y86.439 E8.70483
G1 X81.882 Y86.544 E8.71885
G1 X82.306 Y86.621 E8.73958
G1 X82.824 Y86.632 E8.7645
G1 X82.824 Y87.881 E8.82457
G1 X81.668 Y87.881 E8.88017
G1 X81.668 Y87.016 E8.92177
G1 X81.629 Y86.631 E8.94038
G1 X82.053 Y86.981 E8.96682
;WIDTH:0.449504
G1 X82.438 Y87.016 E8.98539
G1 X82.438 Y87.495 E9.0084
G1 X82.053 Y87.495 E9.02689
G1 X82.053 Y87.174 E9.04231
G1 E7.04231 F2400
G92 E0
G1 X81.185 Y72.589 F7800
G1 E2 F2400
;TYPE:Perimeter
;WIDTH:0.45
G1 F1800
G1 X80.996 Y72.433 E2.01179
G1 X80.811 Y72.351 E2.02152
G1 X80.513 Y72.304 E2.03603
G1 X79.643 Y72.314 E2.07788
;WIDTH:0.429704
G1 X69.546 Y72.314 E2.53795
G1 X69.546 Y71.949 E2.55458
G1 X79.643 Y71.949 E3.01465
;WIDTH:0.438316
G1 X79.809 Y71.938 E3.02241
;WIDTH:0.45
G1 X80.287 Y71.712 E3.04784
G1 X80.477 Y71.478 E3.06234
G1 X80.56 Y71.294 E3.07205
G1 X80.607 Y70.995 E3.08661
G1 X80.607 Y68.934 E3.18574
G1 X83.884 Y68.934 E3.34335
G1 X83.884 Y70.572 E3.42213
G1 X83.884 Y72.304 E3.50543
G1 X82.449 Y72.304 E3.57445
G1 X82.249 Y72.325 E3.58412
G1 X81.966 Y72.433 E3.59869
G1 X81.72 Y72.637 E3.61406
;WIDTH:0.457525
G1 X81.481 Y73.268 E3.64715
G1 X81.243 Y72.637 E3.68022
;WIDTH:0.45
G1 X81.231 Y72.628 E3.68094
G1 X80.916 Y72.861 F7800
G1 F1800
G1 X80.803 Y72.767 E3.68801
G1 X80.513 Y72.689 E3.70245
G1 X69.17 Y72.689 E4.24801
G1 X69.17 Y71.573 E4.30169
G1 X79.743 Y71.564 E4.81021
G1 X80.03 Y71.425 E4.82555
G1 X80.144 Y71.285 E4.83423
G1 X80.222 Y70.995 E4.84867
G1 X80.222 Y68.548 E4.96636
G1 X84.27 Y68.548 E5.16105
G1 X84.27 Y70.572 E5.2584
G1 X84.27 Y72.689 E5.36022
G1 X82.449 Y72.689 E5.4478
G1 X82.25 Y72.725 E5.45753
G1 X82.011 Y72.89 E5.4715
G1 X81.871 Y73.268 E5.49089
G1 X81.871 Y73.663 E5.50989
G1 X81.092 Y73.663 E5.54736
G1 X81.092 Y73.274 E5.56607
G1 X80.956 Y72.903 E5.58507
G1 X80.641 Y73.133 F7800
;TYPE:External perimeter
G1 F1800
G1 X80.513 Y73.075 E5.59183
G1 X68.785 Y73.075 E6.15591
G1 X68.785 Y71.187 E6.24672
G1 X79.643 Y71.187 E6.76895
G1 X79.772 Y71.138 E6.77559
G1 X79.836 Y70.995 E6.78313
G1 X79.836 Y68.162 E6.91939
G1 X84.655 Y68.162 E7.15117
G1 X84.655 Y70.572 E7.26708
G1 X84.655 Y73.075 E7.38747
G1 X82.449 Y73.075 E7.49357
G1 X82.352 Y73.101 E7.4984
G1 X82.256 Y73.268 E7.50766
G1 X82.256 Y74.049 E7.54522
G1 X80.706 Y74.049 E7.61977
G1 X80.706 Y73.274 E7.65704
G1 X80.673 Y73.179 E7.66188
G1 X80.284 Y73.083 F7800
G1 E5.66188 F2400
G92 E0
G1 X80.897 Y69.223 F7800
G1 E2 F2400
;TYPE:Solid infill
G1 F2861
G1 X83.595 Y69.223 E2.12976
G1 X83.595 Y72.015 E2.26405
G1 X82.354 Y72.019 E2.32374
G1 X81.865 Y72.164 E2.34827
G1 X81.481 Y72.463 E2.37168
G1 X81.164 Y72.2 E2.39149
G1 X80.874 Y72.07 E2.40678
G1 X80.367 Y72.002 E2.43138
G1 X80.436 Y71.953 E2.43545
G1 X80.711 Y71.646 E2.45527
G1 X80.825 Y71.351 E2.47048
G1 X80.897 Y70.991 E2.48814
G1 X80.897 Y69.416 E2.56389
G1 X81.282 Y69.609 E2.5846
G1 X83.209 Y69.609 E2.67728
G1 X83.209 Y71.63 E2.77448
G1 X82.323 Y71.634 E2.81709
G1 X81.752 Y71.796 E2.84564
G1 X81.481 Y71.962 E2.86093
G1 X81.41 Y71.903 E2.86537
G1 X81.097 Y71.741 E2.88232
G1 X81.239 Y71.335 E2.90301
G1 X81.282 Y70.991 E2.91968
G1 X81.282 Y69.801 E2.97691
G1 X81.668 Y69.994 E2.99767
G1 X82.824 Y69.994 E3.05327
G1 X82.824 Y71.246 E3.11349
G1 X82.292 Y71.25 E3.13908
G1 X81.638 Y71.427 E3.17167
G1 X81.668 Y70.991 E3.19269
G1 X81.668 Y70.187 E3.23136
G1 X82.053 Y70.38 E3.25207
;WIDTH:0.449504
G1 X82.438 Y70.38 E3.27056
G1 X82.438 Y70.861 E3.29366
G1 X82.053 Y70.906 E3.31228
G1 X82.053 Y70.572 E3.32832
;LAYER_CHANGE
;Z:9.35
;HEIGHT:0.3
G1 E1.32832 F2400
G92 E0
G1 Z9.35 F7800
G92 E0
G1 X86.837 Y115.35
G1 E2 F2400
;TYPE:Perimeter
;WIDTH:0.45
G1 F1800
G1 X87.043 Y115.513 E2.01263
G1 X87.51 Y115.634 E2.03583
G1 X89.101 Y115.634 E2.11235
G1 X89.099 Y117.694 E2.21143
G1 X89.173 Y118.065 E2.22963
G1 X89.485 Y118.466 E2.25407
G1 X90.063 Y118.649 E2.28323
;WIDTH:0.429703
G1 X93.072 Y118.649 E2.42034
;WIDTH:0.45
G1 X98.653 Y118.649 E2.68877
;WIDTH:0.429702
G1 X99.946 Y118.649 E2.74769
G1 X99.947 Y118.831 E2.75598
G1 X99.947 Y119.014 E2.76432
G1 X98.653 Y119.014 E2.82328
;WIDTH:0.438315
G1 X98.487 Y119.024 E2.83104
;WIDTH:0.45
G1 X98.022 Y119.239 E2.85568
G1 X97.48 Y119.708 E2.89015
G1 X96.927 Y120.092 E2.92253
G1 X96.381 Y120.346 E2.95149
G1 X96.142 Y120.42 E2.96352
G1 X95.646 Y120.425 E2.98738
G1 X95.35 Y120.358 E3.00198
G1 X94.824 Y120.111 E3.02993
G1 X94.245 Y119.708 E3.06386
G1 X93.702 Y119.239 E3.09837
G1 X93.072 Y119.014 E3.13055
;WIDTH:0.429703
G1 X90.063 Y119.014 E3.26766
;WIDTH:0.45
G1 X85.507 Y119.004 E3.48679
G1 X85.507 Y115.634 E3.64888
G1 X86.041 Y115.513 E3.67521
G1 X86.289 Y115.316 E3.69044
;WIDTH:0.464917
G1 X86.542 Y114.754 E3.72123
G1 X86.792 Y115.311 E3.75173
G1 X86.542 Y114.263 F7800
G1 F1800
G1 X86.542 Y114.754 E3.77626
G1 X87.107 Y115.079 F7800
;WIDTH:0.45
G1 F3496
G1 X87.23 Y115.176 E3.78379
G1 X87.51 Y115.248 E3.7977
G1 X89.487 Y115.248 E3.89279
G1 X89.485 Y117.694 E4.01043
G1 X89.529 Y117.917 E4.02136
G1 X89.716 Y118.157 E4.03599
G1 X90.063 Y118.273 E4.05359
G1 X100.32 Y118.273 E4.54692
G1 X100.322 Y118.829 E4.57366
G1 X100.324 Y119.389 E4.60059
G1 X98.553 Y119.398 E4.68577
G1 X98.274 Y119.53 E4.70062
G1 X97.717 Y120.013 E4.73608
G1 X97.12 Y120.428 E4.77105
G1 X96.544 Y120.696 E4.80161
G1 X96.059 Y120.832 E4.82584
G1 X95.518 Y120.804 E4.8519
G1 X95.203 Y120.715 E4.86764
G1 X94.62 Y120.439 E4.89866
G1 X94.008 Y120.013 E4.93452
G1 X93.45 Y119.53 E4.97002
G1 X93.072 Y119.389 E4.98942
G1 X85.121 Y119.389 E5.37184
G1 X85.121 Y115.248 E5.57101
G1 X85.574 Y115.248 E5.5928
G1 X85.854 Y115.176 E5.60671
G1 X86.003 Y115.058 E5.61585
G1 X86.152 Y114.67 E5.63584
G1 X86.152 Y113.873 E5.67417
G1 X86.931 Y113.873 E5.71164
G1 X86.931 Y114.67 E5.74997
G1 X87.071 Y115.033 E5.76868
G1 X87.381 Y114.805 F7800
;TYPE:External perimeter
G1 F1800
G1 X87.51 Y114.862 E5.77546
G1 X89.873 Y114.862 E5.88911
G1 X89.871 Y117.694 E6.02532
G1 X89.948 Y117.849 E6.03364
G1 X90.063 Y117.887 E6.03947
G1 X100.704 Y117.887 E6.55127
G1 X100.708 Y118.828 E6.59653
G1 X100.711 Y119.775 E6.64208
G1 X98.653 Y119.775 E6.74106
G1 X98.526 Y119.822 E6.74757
G1 X97.953 Y120.318 E6.78402
G1 X97.313 Y120.763 E6.82151
G1 X96.535 Y121.125 E6.86278
G1 X96.09 Y121.219 E6.88466
G1 X95.465 Y121.188 E6.91476
G1 X95.056 Y121.071 E6.93522
G1 X94.416 Y120.767 E6.9693
G1 X93.771 Y120.318 E7.0071
G1 X93.198 Y119.822 E7.04355
G1 X93.072 Y119.775 E7.05002
G1 X84.735 Y119.775 E7.451
G1 X84.735 Y114.862 E7.6873
G1 X85.574 Y114.862 E7.72765
G1 X85.717 Y114.799 E7.73517
G1 X85.767 Y114.67 E7.74182
G1 X85.767 Y113.488 E7.79867
G1 X87.317 Y113.488 E7.87322
G1 X87.317 Y114.67 E7.93007
G1 X87.351 Y114.758 E7.93461
G1 X87.739 Y114.855 F7800
G1 E5.93461 F2400
G92 E0
G1 X85.827 Y118.61 F7800
G1 E2 F2400
;TYPE:Solid infill
;WIDTH:0.543559
G1 F3000
G1 X85.785 Y118.652 E2.00355
G1 X85.8 Y118.71 E2.00713
G1 X85.858 Y118.726 E2.01073
G1 X85.9 Y118.683 E2.01432
G1 X85.885 Y118.625 E2.0179
;WIDTH:0.45
G1 X86.501 Y118.715 E2.04784
G1 X85.796 Y118.009 E2.09583
G1 X85.796 Y117.464 E2.12204
G1 X87.046 Y118.715 E2.2071
G1 X87.592 Y118.715 E2.23336
G1 X85.796 Y116.919 E2.35552
G1 X85.796 Y116.373 E2.38178
G1 X88.137 Y118.715 E2.54105
G1 X88.682 Y118.715 E2.56726
G1 X85.828 Y115.86 E2.76142
G1 X86.237 Y115.724 E2.78215
G1 X89.228 Y118.715 E2.98559
G1 E.98559 F2400
G92 E0
G1 X87 Y115.917 F7800
G1 E2 F2400
;WIDTH:0.485055
G1 F3000
G1 X87.267 Y116.209 E2.02076
;WIDTH:0.45
G1 X88.822 Y117.764 E2.12653
G1 X88.812 Y115.922 E2.21513
G1 X87.39 Y115.915 E2.28352
;WIDTH:0.476076
G1 X87.13 Y115.845 E2.29735
;WIDTH:0.502153
G1 X86.87 Y115.775 E2.31205
G1 X86.542 Y115.466 E2.33665
G1 X87.857 Y116.282 F7800
;WIDTH:0.408507
G1 F3000
G1 X88.447 Y116.285 E2.36197
G1 X88.446 Y116.872 E2.38716
G1 X87.993 Y116.419 E2.41466
G1 E.41466 F2400
G92 E0
G1 X93.793 Y118.961 F7800
G1 E2 F2400
;WIDTH:0.45
G1 F3000
G1 X93.92 Y118.948 E2.00614
G1 X97.116 Y118.94 E2.15986
G1 X97.934 Y118.953 E2.19921
G1 X97.822 Y119.029 E2.20572
G1 X97.289 Y119.488 E2.23955
G1 X96.745 Y119.858 E2.27119
G1 X96.099 Y120.134 E2.30498
G1 X95.601 Y120.115 E2.32895
G1 X95.408 Y120.063 E2.33856
G1 X94.936 Y119.837 E2.36373
G1 X94.411 Y119.469 E2.39457
G1 X93.942 Y119.084 E2.42375
G1 X94.898 Y119.335 F7800
;WIDTH:0.458577
G1 F3000
G1 X95.216 Y119.335 E2.43938
;WIDTH:0.473621
G1 X96.809 Y119.338 E2.52069
G1 X96.584 Y119.495 E2.53469
G1 X96.071 Y119.733 E2.56356
G1 X95.636 Y119.727 E2.58577
;WIDTH:0.458577
G1 X95.174 Y119.525 E2.61056
G1 X95.057 Y119.445 E2.61753
G1 E.61753 F2400
G92 E0
G1 X86.838 Y102.649 F7800
G1 E2 F2400
;TYPE:Perimeter
;WIDTH:0.45
G1 F1800
G1 X86.794 Y102.684 E2.0027
;WIDTH:0.457525
G1 X86.542 Y103.33 E2.0367
G1 X86.289 Y102.684 E2.07072
;WIDTH:0.45
G1 X86.041 Y102.487 E2.08595
G1 X85.507 Y102.366 E2.11228
G1 X85.507 Y98.996 E2.27437
G1 X90.063 Y98.986 E2.4935
;WIDTH:0.429704
G1 X93.072 Y98.986 E2.63061
;WIDTH:0.438316
G1 X93.237 Y98.976 E2.63832
;WIDTH:0.45
G1 X93.702 Y98.761 E2.66296
G1 X94.23 Y98.305 E2.69651
G1 X94.653 Y98.001 E2.72156
G1 X95.111 Y97.74 E2.74691
G1 X95.628 Y97.57 E2.77309
G1 X96.005 Y97.551 E2.79125
G1 X96.385 Y97.646 E2.81009
G1 X96.9 Y97.889 E2.83748
G1 X97.48 Y98.292 E2.87145
G1 X98.022 Y98.761 E2.90592
G1 X98.653 Y98.986 E2.93814
;WIDTH:0.429703
G1 X99.947 Y98.986 E2.9971
G1 X99.947 Y99.169 E3.00544
G1 X99.946 Y99.351 E3.01373
G1 X98.653 Y99.351 E3.07265
;WIDTH:0.45
G1 X93.072 Y99.351 E3.34108
;WIDTH:0.429704
G1 X90.063 Y99.351 E3.47819
;WIDTH:0.438316
G1 X89.898 Y99.362 E3.4859
;WIDTH:0.45
G1 X89.485 Y99.534 E3.50742
G1 X89.173 Y99.935 E3.53186
G1 X89.099 Y100.306 E3.55006
G1 X89.101 Y102.366 E3.64914
G1 X87.51 Y102.366 E3.72566
G1 X87.043 Y102.487 E3.74886
G1 X86.885 Y102.612 E3.75855
G1 X86.542 Y103.562 F7800
;WIDTH:0.457525
G1 F1800
G1 X86.542 Y103.33 E3.76993
G1 X87.107 Y102.921 F7800
;WIDTH:0.45
G1 F3496
G1 X87.08 Y102.942 E3.77158
G1 X86.931 Y103.33 E3.79157
G1 X86.931 Y103.952 E3.82149
G1 X86.152 Y103.952 E3.85896
G1 X86.152 Y103.33 E3.88888
G1 X86.003 Y102.942 E3.90887
G1 X85.854 Y102.824 E3.91801
G1 X85.574 Y102.752 E3.93192
G1 X85.121 Y102.752 E3.95371
G1 X85.121 Y98.611 E4.15288
G1 X93.172 Y98.602 E4.54011
G1 X93.45 Y98.47 E4.55491
G1 X93.978 Y98.013 E4.5885
G1 X94.375 Y97.723 E4.61215
G1 X94.808 Y97.462 E4.63647
G1 X95.192 Y97.29 E4.65671
G1 X95.548 Y97.193 E4.67446
G1 X96.045 Y97.165 E4.6984
G1 X96.532 Y97.29 E4.72258
G1 X97.104 Y97.561 E4.75302
G1 X97.717 Y97.987 E4.78892
G1 X98.274 Y98.47 E4.82438
G1 X98.653 Y98.611 E4.84383
G1 X100.324 Y98.611 E4.9242
G1 X100.322 Y99.171 E4.95113
G1 X100.32 Y99.727 E4.97787
G1 X90.063 Y99.727 E5.4712
G1 X89.716 Y99.843 E5.4888
G1 X89.529 Y100.083 E5.50343
G1 X89.485 Y100.306 E5.51436
G1 X89.487 Y102.752 E5.632
G1 X87.51 Y102.752 E5.72709
G1 X87.23 Y102.824 E5.741
G1 X87.154 Y102.884 E5.74566
G1 X87.387 Y103.21 F7800
;TYPE:External perimeter
G1 F1800
G1 X87.317 Y103.33 E5.75234
G1 X87.317 Y104.337 E5.80077
G1 X85.767 Y104.337 E5.87532
G1 X85.767 Y103.33 E5.92375
G1 X85.717 Y103.201 E5.9304
G1 X85.574 Y103.137 E5.93794
G1 X84.735 Y103.137 E5.97829
G1 X84.735 Y98.225 E6.21454
G1 X93.072 Y98.225 E6.61552
G1 X93.198 Y98.178 E6.62199
G1 X93.726 Y97.721 E6.65558
G1 X94.15 Y97.41 E6.68087
G1 X94.611 Y97.13 E6.70681
G1 X95.045 Y96.933 E6.72973
G1 X95.639 Y96.78 E6.75923
G1 X96.086 Y96.78 E6.78073
G1 X96.679 Y96.933 E6.81019
G1 X97.308 Y97.233 E6.84371
G1 X97.953 Y97.682 E6.88151
G1 X98.526 Y98.178 E6.91796
G1 X98.653 Y98.225 E6.92447
G1 X100.711 Y98.225 E7.02345
G1 X100.708 Y99.172 E7.069
G1 X100.704 Y100.112 E7.11421
G1 X90.063 Y100.112 E7.62601
G1 X89.948 Y100.151 E7.63185
G1 X89.871 Y100.305 E7.64013
G1 X89.873 Y103.137 E7.77634
G1 X87.51 Y103.137 E7.88999
G1 X87.419 Y103.161 E7.89452
G1 X87.327 Y103.55 F7800
G1 E5.89452 F2400
G92 E0
G1 X85.796 Y99.478 F7800
G1 E2 F2400
;TYPE:Solid infill
G1 F3000
G1 X85.796 Y102.131 E2.1276
G1 X86.21 Y102.255 E2.14839
G1 X86.542 Y102.571 E2.17043
G1 X86.612 Y102.463 E2.17662
G1 X86.937 Y102.221 E2.19611
G1 X87.416 Y102.085 E2.22006
G1 X88.812 Y102.078 E2.2872
G1 X88.81 Y100.316 E2.37195
G1 X88.933 Y99.784 E2.39821
G1 X89.328 Y99.275 E2.4292
G1 X85.796 Y99.285 E2.59908
G1 X86.181 Y99.67 E2.62527
G1 X88.576 Y99.663 E2.74046
G1 X88.518 Y99.79 E2.74718
G1 X88.425 Y100.316 E2.77287
G1 X88.426 Y101.694 E2.83915
G1 X87.323 Y101.703 E2.8922
G1 X86.819 Y101.854 E2.91751
G1 X86.542 Y102.026 E2.93319
G1 X86.45 Y101.953 E2.93884
G1 X86.181 Y101.832 E2.95303
G1 X86.181 Y99.863 E3.04773
G1 X86.567 Y100.054 E3.06844
G1 X88.073 Y100.05 E3.14087
G1 X88.039 Y100.317 E3.15382
G1 X88.04 Y101.31 E3.20158
G1 X87.412 Y101.313 E3.23178
G1 X87.096 Y101.36 E3.24715
G1 X86.567 Y101.545 E3.2741
G1 X86.567 Y100.247 E3.33653
G1 X86.982 Y100.468 E3.35914
;WIDTH:0.507633
G1 X87.627 Y100.463 E3.3948
;WIDTH:0.502361
G1 X87.628 Y100.901 E3.41873
G1 X87.41 Y100.902 E3.43064
;WIDTH:0.507633
G1 X86.982 Y100.962 E3.45453
G1 X86.982 Y100.66 E3.47123
G1 E1.47123 F2400
G92 E0
G1 X93.793 Y99.062 F7800
G1 E2 F2400
;WIDTH:0.45
G1 F3000
G1 X94.426 Y98.518 E2.04014
G1 X95.146 Y98.049 E2.08147
G1 X95.419 Y97.926 E2.09587
G1 X95.827 Y97.853 E2.11581
G1 X96.223 Y97.893 E2.13495
G1 X96.753 Y98.139 E2.16305
G1 X97.302 Y98.521 E2.19522
G1 X97.819 Y98.968 E2.22809
G1 X97.931 Y99.039 E2.23447
G1 X97.804 Y99.052 E2.24061
G1 X93.986 Y99.062 E2.42424
G1 X94.909 Y98.669 F7800
;WIDTH:0.45963
G1 F3000
G1 X95.359 Y98.376 E2.45071
G1 X95.618 Y98.274 E2.46443
;WIDTH:0.463888
G1 X96.079 Y98.267 E2.4874
G1 X96.549 Y98.477 E2.51305
G1 X96.818 Y98.662 E2.52932
G1 X95.644 Y98.667 E2.58782
;WIDTH:0.45963
G1 X95.102 Y98.669 E2.61454
G1 E.61454 F2400
G92 E0
G92 E0
G1 X81.187 Y85.289 F7800
G1 E2 F2400
;TYPE:Perimeter
;WIDTH:0.45
G1 F1800
G1 X81.218 Y85.266 E2.00186
;WIDTH:0.464917
G1 X81.481 Y84.692 E2.0334
G1 X81.745 Y85.266 E2.06496
;WIDTH:0.45
G1 X82.101 Y85.506 E2.08561
G1 X82.449 Y85.571 E2.10264
G1 X84.038 Y85.571 E2.17907
G1 X84.038 Y87.161 E2.25554
G1 X84.038 Y88.941 E2.34115
G1 X80.446 Y88.941 E2.51391
G1 X80.446 Y86.88 E2.61304
G1 X80.361 Y86.484 E2.63252
G1 X80.207 Y86.245 E2.64619
G1 X79.482 Y85.926 E2.68429
;WIDTH:0.429703
G1 X69.716 Y85.926 E3.12928
G1 X69.716 Y85.561 E3.14591
G1 X79.482 Y85.561 E3.5909
;WIDTH:0.45
G1 X80.513 Y85.571 E3.64049
G1 X80.794 Y85.529 E3.65416
G1 X80.968 Y85.457 E3.66322
G1 X81.139 Y85.326 E3.67358
G1 X81.481 Y84.2 F7800
;WIDTH:0.464917
G1 F1800
G1 X81.481 Y84.692 E3.69816
G1 X80.911 Y85.017 F7800
;WIDTH:0.45
G1 F1800
G1 X80.936 Y85.002 E3.69956
G1 X81.092 Y84.607 E3.71999
G1 X81.092 Y83.811 E3.75827
G1 X81.871 Y83.811 E3.79574
G1 X81.871 Y84.607 E3.83402
G1 X82.026 Y85.002 E3.85443
G1 X82.176 Y85.117 E3.86352
G1 X82.449 Y85.186 E3.87706
G1 X84.424 Y85.186 E3.97205
G1 X84.424 Y87.161 E4.06704
G1 X84.424 Y89.327 E4.17122
G1 X80.06 Y89.327 E4.38111
G1 X80.045 Y86.75 E4.50506
G1 X79.917 Y86.499 E4.51861
G1 X79.482 Y86.302 E4.54158
G1 X69.34 Y86.302 E5.02937
G1 X69.34 Y85.186 E5.08305
G1 X80.513 Y85.186 E5.62043
G1 X80.682 Y85.161 E5.62865
G1 X80.86 Y85.049 E5.63876
G1 X80.642 Y84.744 F7800
;TYPE:External perimeter
G1 F1800
G1 X80.654 Y84.739 E5.63939
G1 X80.706 Y84.607 E5.64621
G1 X80.706 Y83.425 E5.70306
G1 X82.256 Y83.425 E5.77761
G1 X82.256 Y84.607 E5.83446
G1 X82.308 Y84.739 E5.84128
G1 X82.449 Y84.8 E5.84867
G1 X84.81 Y84.8 E5.96223
G1 X84.81 Y87.161 E6.07579
G1 X84.81 Y89.712 E6.19848
G1 X79.675 Y89.712 E6.44546
G1 X79.675 Y87.247 E6.56402
G1 X79.658 Y86.801 E6.58549
G1 X79.482 Y86.687 E6.59558
G1 X68.955 Y86.687 E7.10189
G1 X68.955 Y84.8 E7.19265
G1 X80.513 Y84.8 E7.74855
G1 X80.587 Y84.768 E7.75243
G1 X80.7 Y84.384 F7800
G1 E5.75243 F2400
G92 E0
G1 X80.766 Y88.547 F7800
G1 E2 F2400
;TYPE:Solid infill
;WIDTH:0.543559
G1 F3000
G1 X80.724 Y88.59 E2.00359
G1 X80.74 Y88.648 E2.00719
G1 X80.797 Y88.663 E2.01071
G1 X80.84 Y88.621 E2.0143
G1 X80.824 Y88.563 E2.0179
;WIDTH:0.45
G1 X80.735 Y87.947 E2.04784
G1 X81.44 Y88.652 E2.09579
G1 X81.986 Y88.652 E2.12205
G1 X80.735 Y87.402 E2.20711
G1 X80.574 Y86.54 F7800
;WIDTH:0.404381
G1 F3000
G1 X80.555 Y86.611 E2.21023
G1 X80.626 Y86.592 E2.21335
G1 X80.615 Y86.551 E2.21515
;WIDTH:0.45
G1 X80.733 Y86.854 E2.23079
G1 X82.531 Y88.652 E2.35309
G1 X83.076 Y88.652 E2.3793
G1 X80.28 Y85.856 E2.56948
G1 X79.976 Y85.752 E2.58493
;WIDTH:0.404381
G1 X79.951 Y85.799 E2.58719
G1 X79.943 Y85.936 E2.59301
G1 X80.79 Y85.82 F7800
;WIDTH:0.45
G1 F3000
G1 X83.622 Y88.652 E2.78564
G1 X83.861 Y88.733 E2.79778
;WIDTH:0.404381
G1 X83.842 Y88.804 E2.8009
G1 X83.913 Y88.785 E2.80402
G1 X83.902 Y88.744 E2.80582
G1 E.80582 F2400
G92 E0
G1 X81.321 Y85.794 F7800
G1 E2 F2400
;WIDTH:0.478578
G1 F3000
G1 X81.924 Y86.409 E2.0445
;WIDTH:0.45
G1 X83.749 Y88.234 E2.16863
G1 X83.749 Y85.86 E2.28281
G1 X82.323 Y85.853 E2.3514
;WIDTH:0.479947
G1 X81.832 Y85.713 E2.37786
G1 X81.502 Y85.416 E2.40087
;WIDTH:0.459691
G1 X81.481 Y85.371 E2.40332
G1 X81.361 Y85.523 E2.41287
G1 X81.182 Y85.66 E2.42398
G1 X82.442 Y86.298 F7800
;WIDTH:0.56807
G1 F3000
G1 X83.305 Y86.302 E2.4782
G1 X83.305 Y87.161 E2.53216
G1 X82.578 Y86.434 E2.59675
G1 E.59675 F2400
G92 E0
G1 X81.185 Y72.584 F7800
G1 E2 F2400
;TYPE:Perimeter
;WIDTH:0.45
G1 F1800
G1 X80.968 Y72.418 E2.01314
G1 X80.794 Y72.346 E2.0222
G1 X80.513 Y72.304 E2.03587
G1 X79.482 Y72.314 E2.08546
;WIDTH:0.429704
G1 X69.716 Y72.314 E2.53045
G1 X69.716 Y71.949 E2.54708
G1 X79.482 Y71.949 E2.99207
;WIDTH:0.438316
G1 X79.647 Y71.938 E2.99978
;WIDTH:0.45
G1 X80.207 Y71.63 E3.03052
G1 X80.361 Y71.391 E3.04419
G1 X80.446 Y70.995 E3.06367
G1 X80.446 Y68.934 E3.1628
G1 X84.038 Y68.934 E3.33556
G1 X84.038 Y70.62 E3.41665
G1 X84.038 Y72.304 E3.49764
G1 X82.449 Y72.304 E3.57407
G1 X82.101 Y72.369 E3.5911
G1 X81.745 Y72.609 E3.61175
;WIDTH:0.457525
G1 X81.481 Y73.268 E3.64656
G1 X81.225 Y72.627 E3.68041
G1 X81.481 Y73.5 F7800
G1 F1800
G1 X81.481 Y73.268 E3.69179
G1 X80.916 Y72.858 F7800
;WIDTH:0.45
G1 F1800
G1 X80.786 Y72.758 E3.69968
G1 X80.513 Y72.689 E3.71322
G1 X69.341 Y72.689 E4.25055
G1 X69.341 Y71.573 E4.30423
G1 X79.582 Y71.564 E4.79679
G1 X79.917 Y71.376 E4.81527
G1 X80.009 Y71.232 E4.82349
G1 X80.06 Y70.995 E4.83515
G1 X80.06 Y68.548 E4.95284
G1 X84.424 Y68.548 E5.16273
G1 X84.424 Y70.62 E5.26239
G1 X84.424 Y72.689 E5.3619
G1 X82.449 Y72.689 E5.45689
G1 X82.298 Y72.709 E5.46422
G1 X82.026 Y72.873 E5.4795
G1 X81.871 Y73.268 E5.49991
G1 X81.871 Y73.889 E5.52978
G1 X81.092 Y73.889 E5.56725
G1 X81.092 Y73.268 E5.59712
G1 X80.949 Y72.905 E5.61588
G1 X80.642 Y73.131 F7800
;TYPE:External perimeter
G1 F1800
G1 X80.513 Y73.075 E5.62264
G1 X68.955 Y73.075 E6.17854
G1 X68.955 Y71.187 E6.26935
G1 X79.482 Y71.187 E6.77566
G1 X79.627 Y71.122 E6.7833
G1 X79.675 Y70.995 E6.78983
G1 X79.675 Y68.162 E6.92609
G1 X84.81 Y68.162 E7.17307
G1 X84.81 Y70.62 E7.29129
G1 X84.81 Y73.075 E7.40937
G1 X82.449 Y73.075 E7.52293
G1 X82.358 Y73.098 E7.52744
G1 X82.256 Y73.268 E7.53698
G1 X82.256 Y74.275 E7.58541
G1 X80.706 Y74.275 E7.65996
G1 X80.706 Y73.268 E7.70839
G1 X80.671 Y73.18 E7.71294
G1 X80.283 Y73.082 F7800
G1 X80.132 Y72.02
;TYPE:Solid infill
G1 F3000
G1 X80.421 Y71.82 E7.72984
G1 X80.632 Y71.49 E7.74868
G1 X80.735 Y70.989 E7.77328
G1 X80.735 Y69.223 E7.85822
G1 X83.749 Y69.223 E8.00318
G1 X83.749 Y72.015 E8.13747
G1 X82.414 Y72.015 E8.20168
G1 X82.144 Y72.054 E8.2148
G1 X81.88 Y72.153 E8.22836
G1 X81.566 Y72.385 E8.24714
G1 X81.481 Y72.526 E8.25506
G1 X81.458 Y72.467 E8.25811
G1 X81.128 Y72.179 E8.27918
G1 X80.974 Y72.108 E8.28734
G1 X80.552 Y72.019 E8.30808
G1 X80.324 Y72.02 E8.31905
G1 X80.957 Y71.696 E8.35325
G1 X81.015 Y71.548 E8.3609
G1 X81.121 Y70.989 E8.38827
G1 X81.121 Y69.609 E8.45464
G1 X83.364 Y69.609 E8.56252
G1 X83.364 Y71.629 E8.65967
G1 X82.414 Y71.63 E8.70536
G1 X82.087 Y71.673 E8.72122
G1 X81.738 Y71.795 E8.739
G1 X81.481 Y71.964 E8.75379
G1 X81.363 Y71.874 E8.76093
G1 X81.134 Y71.773 E8.77297
G1 X81.488 Y71.181 E8.80615
G1 X81.459 Y71.479 E8.82055
G1 X82.029 Y71.291 E8.84942
G1 X82.414 Y71.244 E8.86807
G1 X82.978 Y71.244 E8.8952
G1 X82.978 Y69.994 E8.95532
G1 X81.506 Y69.994 E9.02612
G1 X81.506 Y70.989 E9.07398
G1 X81.921 Y70.891 E9.09449
;WIDTH:0.507942
G1 X81.921 Y70.409 E9.12116
G1 X82.569 Y70.403 E9.15701
;WIDTH:0.497121
G1 X82.569 Y70.835 E9.18033
;WIDTH:0.504733
G1 X82.113 Y70.874 E9.20547
;LAYER_CHANGE
;Z:9.65
;HEIGHT:0.299999
G1 E7.20547 F2400
G92 E0
G1 Z9.65 F7800
G92 E0
G1 X86.821 Y115.334
G1 E2 F2400
;TYPE:Perimeter
;WIDTH:0.464917
G1 F1800
G1 X86.831 Y115.354 E2.00112
;WIDTH:0.45
G1 X87.081 Y115.533 E2.01591
G1 X87.51 Y115.634 E2.03711
G1 X89.279 Y115.634 E2.12219
G1 X89.281 Y117.696 E2.22137
G1 X89.355 Y118.066 E2.23952
G1 X89.667 Y118.466 E2.26392
G1 X90.245 Y118.649 E2.29308
;WIDTH:0.429703
G1 X93.447 Y118.649 E2.43898
;WIDTH:0.45
G1 X98.278 Y118.649 E2.67133
;WIDTH:0.429702
G1 X99.74 Y118.649 E2.73795
G1 X99.739 Y118.831 E2.74624
;WIDTH:0.429701
G1 X99.739 Y119.014 E2.75458
G1 X98.278 Y119.014 E2.82115
;WIDTH:0.438315
G1 X98.112 Y119.024 E2.82891
;WIDTH:0.45
G1 X97.721 Y119.181 E2.84918
G1 X97.075 Y119.634 E2.88713
G1 X96.414 Y119.946 E2.92229
G1 X96.089 Y120.023 E2.93835
G1 X95.635 Y120.023 E2.96019
G1 X95.129 Y119.881 E2.98547
G1 X94.614 Y119.613 E3.01339
G1 X94.003 Y119.181 E3.04938
G1 X93.447 Y119.014 E3.0773
;WIDTH:0.429703
G1 X90.245 Y119.014 E3.2232
;WIDTH:0.45
G1 X85.328 Y119.004 E3.45969
G1 X85.328 Y115.634 E3.62178
G1 X85.574 Y115.634 E3.63361
G1 X86.002 Y115.533 E3.65476
G1 X86.253 Y115.354 E3.66959
;WIDTH:0.464917
G1 X86.542 Y114.754 E3.70286
G1 X86.795 Y115.28 E3.73202
G1 X86.542 Y113.954 F7800
G1 F1800
G1 X86.542 Y114.754 E3.77199
G1 X87.094 Y115.062 F7800
;WIDTH:0.45
G1 F2940
G1 X87.102 Y115.08 E3.77294
G1 X87.253 Y115.188 E3.78187
G1 X87.51 Y115.248 E3.79456
G1 X89.664 Y115.248 E3.89816
G1 X89.667 Y117.695 E4.01585
G1 X89.711 Y117.918 E4.02678
G1 X89.898 Y118.158 E4.04141
G1 X90.245 Y118.273 E4.05899
G1 X100.116 Y118.273 E4.53375
G1 X100.115 Y118.832 E4.56064
G1 X100.114 Y119.389 E4.58743
G1 X98.278 Y119.389 E4.67574
G1 X97.944 Y119.496 E4.69261
G1 X97.261 Y119.972 E4.73265
G1 X96.556 Y120.304 E4.77013
G1 X96.06 Y120.422 E4.79465
G1 X95.558 Y120.401 E4.81882
G1 X94.972 Y120.234 E4.84813
G1 X94.413 Y119.943 E4.87844
G1 X93.781 Y119.496 E4.91567
G1 X93.447 Y119.389 E4.93254
G1 X84.943 Y119.389 E5.34155
G1 X84.943 Y115.248 E5.54072
G1 X85.574 Y115.248 E5.57107
G1 X85.831 Y115.188 E5.58376
G1 X85.981 Y115.08 E5.59265
G1 X86.152 Y114.67 E5.61402
G1 X86.152 Y113.564 E5.66721
G1 X86.931 Y113.564 E5.70468
G1 X86.931 Y114.67 E5.75787
G1 X87.071 Y115.006 E5.77538
G1 X87.371 Y114.799 F7800
;TYPE:External perimeter
G1 F1800
G1 X87.374 Y114.807 E5.77579
G1 X87.51 Y114.862 E5.78285
G1 X90.049 Y114.862 E5.90497
G1 X90.052 Y117.695 E6.04123
G1 X90.129 Y117.849 E6.04951
G1 X90.245 Y117.887 E6.05538
G1 X100.502 Y117.887 E6.54871
G1 X100.501 Y118.832 E6.59416
G1 X100.499 Y119.775 E6.63952
G1 X98.278 Y119.775 E6.74634
G1 X98.166 Y119.81 E6.75198
G1 X97.57 Y120.233 E6.78713
G1 X97.159 Y120.468 E6.8099
G1 X96.698 Y120.663 E6.83397
G1 X96.243 Y120.778 E6.85654
G1 X95.773 Y120.808 E6.87919
G1 X95.253 Y120.732 E6.90447
G1 X94.815 Y120.587 E6.92666
G1 X94.211 Y120.273 E6.9594
G1 X93.558 Y119.81 E6.9979
G1 X93.447 Y119.775 E7.0035
G1 X84.557 Y119.775 E7.43108
G1 X84.557 Y114.862 E7.66738
G1 X85.574 Y114.862 E7.71629
G1 X85.71 Y114.807 E7.72335
G1 X85.767 Y114.67 E7.73049
G1 X85.767 Y113.179 E7.8022
G1 X87.317 Y113.179 E7.87675
G1 X87.317 Y114.67 E7.94846
G1 X87.348 Y114.744 E7.95232
G1 X87.732 Y114.856 F7800
G1 X86.542 Y115.392
;TYPE:Solid infill
G1 F2940
G1 X86.597 Y115.509 E7.95854
G1 X86.923 Y115.773 E7.97872
G1 X87.263 Y115.896 E7.99611
G1 X87.514 Y115.923 E8.00825
G1 X88.99 Y115.923 E8.07924
G1 X88.996 Y117.724 E8.16586
G1 X89.115 Y118.218 E8.1903
G1 X89.502 Y118.715 E8.2206
G1 X85.618 Y118.715 E8.40741
G1 X85.618 Y115.905 E8.54256
G1 X86.089 Y115.804 E8.56573
G1 X86.424 Y115.584 E8.58501
G1 X86.441 Y115.556 E8.58659
G1 X86.542 Y115.974 E8.60727
G1 X86.699 Y116.086 E8.61655
G1 X87.142 Y116.262 E8.63948
G1 X87.514 Y116.309 E8.65751
G1 X88.605 Y116.309 E8.70998
G1 X88.617 Y117.8 E8.78169
G1 X88.754 Y118.329 E8.80797
G1 X86.003 Y118.329 E8.94028
G1 X86.003 Y116.217 E9.04186
G1 X86.304 Y116.135 E9.05686
G1 X86.382 Y116.082 E9.0614
G1 X86.541 Y116.441 E9.08028
G1 X87.021 Y116.628 E9.10506
G1 X87.514 Y116.694 E9.12898
G1 X88.219 Y116.694 E9.16289
G1 X88.22 Y117.318 E9.1929
G1 X88.253 Y117.943 E9.223
G1 X86.389 Y117.943 E9.31265
G1 X86.389 Y116.536 E9.38032
G1 X86.808 Y117 E9.41039
;WIDTH:0.517715
G1 X87.2 Y117.086 E9.43308
;WIDTH:0.50787
G1 X87.811 Y117.103 E9.46689
;WIDTH:0.496142
G1 X87.812 Y117.535 E9.49015
;WIDTH:0.49932
G1 X87.372 Y117.533 E9.51402
;WIDTH:0.517715
G1 X86.808 Y117.524 E9.54591
G1 X86.808 Y117.193 E9.56463
G1 E7.56463 F2400
G92 E0
G1 X97.31 Y118.939 F7800
G1 E2 F2400
;WIDTH:0.45
G1 F2940
G1 X94.221 Y118.948 E2.14857
G1 X94.224 Y118.983 E2.15026
G1 X94.765 Y119.366 E2.18214
G1 X95.239 Y119.613 E2.20785
G1 X95.738 Y119.747 E2.2327
G1 X96.032 Y119.739 E2.24685
G1 X96.307 Y119.677 E2.26041
G1 X96.935 Y119.381 E2.2938
G1 X97.514 Y118.973 E2.32787
G1 X97.503 Y118.938 E2.32963
G1 X95.951 Y119.345 F7800
;WIDTH:0.483529
G1 F2940
G1 X95.792 Y119.345 E2.33794
G1 E.33794 F2400
G92 E0
G1 X86.818 Y102.675 F7800
G1 E2 F2400
;TYPE:Perimeter
;WIDTH:0.457525
G1 F1800
G1 X86.542 Y103.33 E2.03485
G1 X86.253 Y102.646 E2.07126
;WIDTH:0.45
G1 X86.002 Y102.467 E2.08609
G1 X85.574 Y102.366 E2.10724
G1 X85.328 Y102.366 E2.11907
G1 X85.328 Y98.996 E2.28116
G1 X90.245 Y98.986 E2.51765
;WIDTH:0.429704
G1 X93.447 Y98.986 E2.66355
;WIDTH:0.438316
G1 X93.612 Y98.976 E2.67126
;WIDTH:0.45
G1 X94.003 Y98.819 E2.69153
G1 X94.649 Y98.366 E2.72948
G1 X95.31 Y98.054 E2.76464
G1 X95.635 Y97.977 E2.7807
G1 X95.952 Y97.963 E2.79596
G1 X96.413 Y98.054 E2.81856
G1 X97.1 Y98.38 E2.85513
G1 X97.721 Y98.819 E2.89171
G1 X98.278 Y98.986 E2.91968
;WIDTH:0.429703
G1 X99.739 Y98.986 E2.98625
G1 X99.739 Y99.169 E2.99459
;WIDTH:0.429702
G1 X99.74 Y99.351 E3.00288
G1 X98.278 Y99.351 E3.0695
;WIDTH:0.45
G1 X93.447 Y99.351 E3.30185
;WIDTH:0.429704
G1 X90.245 Y99.351 E3.44775
;WIDTH:0.438316
G1 X90.079 Y99.362 E3.45551
;WIDTH:0.45
G1 X89.667 Y99.534 E3.47698
G1 X89.355 Y99.934 E3.50138
G1 X89.281 Y100.304 E3.51953
G1 X89.279 Y102.366 E3.61871
G1 X87.51 Y102.366 E3.70379
G1 X87.081 Y102.467 E3.72499
G1 X86.853 Y102.63 E3.73847
G1 X86.542 Y103.871 F7800
;WIDTH:0.457525
G1 F1800
G1 X86.542 Y103.33 E3.765
G1 X87.094 Y102.938 F7800
;WIDTH:0.45
G1 F2940
G1 X86.931 Y103.33 E3.78542
G1 X86.931 Y104.261 E3.8302
G1 X86.152 Y104.261 E3.86767
G1 X86.152 Y103.33 E3.91245
G1 X85.981 Y102.92 E3.93382
G1 X85.831 Y102.812 E3.94271
G1 X85.574 Y102.752 E3.9554
G1 X84.943 Y102.752 E3.98575
G1 X84.943 Y98.611 E4.18492
G1 X93.447 Y98.611 E4.59393
G1 X93.781 Y98.504 E4.6108
G1 X94.463 Y98.028 E4.6508
G1 X95.168 Y97.695 E4.6883
G1 X95.558 Y97.599 E4.70762
G1 X95.952 Y97.578 E4.7266
G1 X96.377 Y97.642 E4.74727
G1 X96.86 Y97.816 E4.77196
G1 X97.305 Y98.053 E4.79621
G1 X97.944 Y98.504 E4.83383
G1 X98.278 Y98.611 E4.8507
G1 X100.114 Y98.611 E4.93901
G1 X100.115 Y99.168 E4.9658
G1 X100.116 Y99.727 E4.99269
G1 X90.245 Y99.727 E5.46745
G1 X89.898 Y99.842 E5.48503
G1 X89.711 Y100.082 E5.49966
G1 X89.667 Y100.305 E5.51059
G1 X89.664 Y102.752 E5.62828
G1 X87.51 Y102.752 E5.73188
G1 X87.253 Y102.812 E5.74457
G1 X87.134 Y102.897 E5.7516
G1 X87.39 Y103.212 F7800
;TYPE:External perimeter
G1 F1800
G1 X87.317 Y103.33 E5.75827
G1 X87.317 Y104.646 E5.82157
G1 X85.767 Y104.646 E5.89612
G1 X85.767 Y103.33 E5.95942
G1 X85.71 Y103.193 E5.96656
G1 X85.574 Y103.137 E5.97363
G1 X84.557 Y103.137 E6.02254
G1 X84.557 Y98.225 E6.25879
G1 X93.447 Y98.225 E6.68637
G1 X93.558 Y98.19 E6.69197
G1 X94.155 Y97.767 E6.72716
G1 X94.565 Y97.532 E6.74989
G1 X95.026 Y97.337 E6.77396
G1 X95.481 Y97.221 E6.79654
G1 X95.952 Y97.192 E6.81924
G1 X96.454 Y97.264 E6.84363
G1 X97.002 Y97.458 E6.87159
G1 X97.511 Y97.726 E6.89926
G1 X98.166 Y98.19 E6.93787
G1 X98.278 Y98.225 E6.94351
G1 X100.499 Y98.225 E7.05033
G1 X100.501 Y99.168 E7.09569
G1 X100.502 Y100.112 E7.14109
G1 X90.245 Y100.112 E7.63442
G1 X90.129 Y100.151 E7.64031
G1 X90.052 Y100.305 E7.64859
G1 X90.049 Y103.137 E7.7848
G1 X87.596 Y103.137 E7.90278
G1 X87.424 Y103.158 E7.91111
G1 X87.422 Y103.161 E7.91128
G1 X87.327 Y103.55 F7800
G1 E5.91128 F2400
G92 E0
G1 X85.722 Y99.317 F7800
G1 E2 F2400
;TYPE:Solid infill
;WIDTH:0.543921
G1 F2940
G1 X85.68 Y99.274 E2.0036
G1 X85.622 Y99.29 E2.0072
G1 X85.607 Y99.348 E2.01078
G1 X85.649 Y99.39 E2.01433
G1 X85.707 Y99.374 E2.01793
;WIDTH:0.45
G1 X85.618 Y99.991 E2.04791
G1 X86.325 Y99.283 E2.09603
G1 X86.506 Y99.152 E2.10678
;WIDTH:0.441035
G1 X86.461 Y99.164 E2.10897
G1 X86.44 Y99.085 E2.11281
G1 X86.518 Y99.106 E2.1166
;WIDTH:0.45
G1 X86.872 Y99.282 E2.13561
G1 X85.618 Y100.536 E2.22091
G1 X85.618 Y101.081 E2.24712
G1 X87.418 Y99.281 E2.36955
G1 X87.965 Y99.279 E2.39586
G1 X85.618 Y101.627 E2.55553
G1 X85.482 Y102.204 E2.58404
;WIDTH:0.404381
G1 X85.475 Y102.105 E2.58825
;WIDTH:0.45
G1 X85.681 Y102.109 E2.59816
G1 X88.512 Y99.278 E2.79072
G1 X89.059 Y99.276 E2.81703
G1 X86.13 Y102.205 E3.01626
G1 E1.01626 F2400
G92 E0
G1 X89.104 Y99.786 F7800
G1 E2 F2400
;WIDTH:0.463713
G1 F2940
G1 X88.992 Y100.314 E2.02688
;WIDTH:0.45
G1 X88.99 Y102.077 E2.11167
G1 X87.497 Y102.078 E2.18348
;WIDTH:0.498259
G1 X87.34 Y102.095 E2.19203
;WIDTH:0.546519
G1 X87.184 Y102.112 E2.20147
;WIDTH:0.594779
G1 X87.028 Y102.129 E2.21185
;WIDTH:0.643039
G1 X86.871 Y102.146 E2.22325
G1 X86.939 Y102.044 E2.2321
;WIDTH:0.594779
G1 X87.006 Y101.943 E2.24012
;WIDTH:0.546519
G1 X87.073 Y101.841 E2.24746
;WIDTH:0.498259
G1 X87.14 Y101.74 E2.25402
;WIDTH:0.45
G1 X88.741 Y100.139 E2.36292
;WIDTH:0.458495
G1 X88.966 Y99.92 E2.37835
;WIDTH:0.463713
G1 X89.111 Y99.778 E2.38846
;WIDTH:0.462227
G1 X89.52 Y99.271 E2.42078
G1 X88.574 Y100.895 F7800
;WIDTH:0.512188
G1 F2940
G1 X88.574 Y101.66 E2.46351
G1 X87.809 Y101.66 E2.50624
G1 X88.438 Y101.032 E2.55588
G1 X86.871 Y102.146 F7800
;WIDTH:0.643039
G1 F2940
G1 X86.542 Y102.441 E2.58777
G1 E.58777 F2400
G92 E0
G1 X95.909 Y98.655 F7800
G1 E2 F2400
;WIDTH:0.483533
G1 F2940
G1 X95.773 Y98.655 E2.00711
G1 X95.717 Y98.277 E2.02709
;WIDTH:0.45
G1 X95.448 Y98.31 E2.04012
G1 X94.789 Y98.619 E2.07513
G1 X94.21 Y99.027 E2.1092
G1 X94.222 Y99.062 E2.11098
G1 X97.503 Y99.052 E2.26879
G1 X97.507 Y99.039 E2.26944
G1 X96.957 Y98.633 E2.30232
G1 X96.313 Y98.325 E2.33665
G1 X95.909 Y98.253 E2.35639
G1 E.35639 F2400
G92 E0
G92 E0
G1 X81.201 Y85.27 F7800
G1 E2 F2400
;TYPE:Perimeter
;WIDTH:0.464917
G1 F1800
G1 X81.481 Y84.692 E2.03208
G1 X81.774 Y85.295 E2.06557
;WIDTH:0.45
G1 X82.146 Y85.523 E2.08656
G1 X82.449 Y85.571 E2.10131
G1 X84.217 Y85.571 E2.18634
G1 X84.217 Y87.256 E2.26738
G1 X84.217 Y88.941 E2.34842
G1 X80.268 Y88.941 E2.53835
G1 X80.259 Y86.749 E2.64378
G1 X80.103 Y86.342 E2.66474
G1 X79.783 Y86.044 E2.68577
G1 X79.304 Y85.926 E2.7095
;WIDTH:0.429703
G1 X69.926 Y85.926 E3.13681
G1 X69.926 Y85.561 E3.15344
G1 X79.304 Y85.561 E3.58075
;WIDTH:0.45
G1 X80.513 Y85.571 E3.6389
G1 X80.938 Y85.473 E3.65988
G1 X81.162 Y85.314 E3.67309
G1 X81.481 Y83.891 F7800
;WIDTH:0.464917
G1 F1800
G1 X81.481 Y84.692 E3.71311
G1 X80.927 Y84.998 F7800
;WIDTH:0.45
G1 F2940
G1 X81.092 Y84.607 E3.73352
G1 X81.092 Y83.502 E3.78667
G1 X81.871 Y83.502 E3.82414
G1 X81.871 Y84.607 E3.87729
G1 X82.044 Y85.02 E3.89883
G1 X82.194 Y85.127 E3.90769
G1 X82.449 Y85.186 E3.92028
G1 X84.602 Y85.186 E4.02383
G1 X84.602 Y87.256 E4.12339
G1 X84.602 Y89.327 E4.223
G1 X79.882 Y89.327 E4.45002
G1 X79.877 Y86.801 E4.57151
G1 X79.784 Y86.557 E4.58407
G1 X79.591 Y86.378 E4.59673
G1 X79.304 Y86.302 E4.61101
G1 X69.55 Y86.302 E5.08014
G1 X69.55 Y85.186 E5.13382
G1 X79.909 Y85.186 E5.63205
G1 X80.67 Y85.164 E5.66867
G1 X80.887 Y85.038 E5.68074
G1 X80.652 Y84.737 F7800
;TYPE:External perimeter
G1 F1800
G1 X80.706 Y84.607 E5.68751
G1 X80.706 Y83.116 E5.75922
G1 X82.256 Y83.116 E5.83377
G1 X82.256 Y84.607 E5.90548
G1 X82.314 Y84.745 E5.91268
G1 X82.449 Y84.8 E5.91969
G1 X84.988 Y84.8 E6.04181
G1 X84.988 Y87.256 E6.15994
G1 X84.988 Y89.712 E6.27807
G1 X79.497 Y89.712 E6.54217
G1 X79.497 Y86.88 E6.67838
G1 X79.464 Y86.773 E6.68377
G1 X79.304 Y86.687 E6.69251
G1 X69.165 Y86.687 E7.18016
G1 X69.165 Y84.8 E7.27092
G1 X80.513 Y84.8 E7.81672
G1 X80.601 Y84.764 E7.82129
G1 X80.699 Y84.376 F7800
G1 X81.481 Y85.325
;TYPE:Solid infill
G1 F2940
G1 X81.541 Y85.451 E7.828
G1 X81.872 Y85.716 E7.84839
G1 X82.068 Y85.79 E7.85847
G1 X82.453 Y85.86 E7.87729
G1 X83.928 Y85.86 E7.94823
G1 X83.928 Y88.652 E8.08252
G1 X80.557 Y88.652 E8.24465
G1 X80.557 Y87.025 E8.3229
G1 X80.502 Y86.521 E8.34728
G1 X80.356 Y86.203 E8.36411
G1 X79.994 Y85.852 E8.38836
G1 X80.434 Y85.859 E8.40953
G1 X80.83 Y85.818 E8.42868
G1 X81.046 Y85.74 E8.43973
G1 X81.358 Y85.526 E8.45793
G1 X81.381 Y85.49 E8.45998
G1 X81.481 Y85.912 E8.48084
G1 X81.649 Y86.031 E8.49074
G1 X82.082 Y86.2 E8.5131
G1 X82.453 Y86.246 E8.53108
G1 X83.542 Y86.246 E8.58346
G1 X83.542 Y88.266 E8.68061
G1 X80.943 Y88.266 E8.80561
G1 X80.943 Y87.025 E8.8653
G1 X80.882 Y86.46 E8.89263
G1 X80.789 Y86.212 E8.90537
G1 X81.184 Y86.1 E8.92512
G1 X81.318 Y86.015 E8.93275
G1 X81.481 Y86.378 E8.95189
G1 X81.962 Y86.566 E8.97673
G1 X82.453 Y86.632 E9.00056
G1 X83.156 Y86.632 E9.03437
G1 X83.156 Y87.881 E9.09444
G1 X81.328 Y87.881 E9.18236
G1 X81.328 Y87.025 E9.22353
G1 X81.276 Y86.478 E9.24996
G1 X81.308 Y86.462 E9.25168
G1 X81.748 Y86.938 E9.28286
;WIDTH:0.517692
G1 X82.14 Y87.024 E9.30555
;WIDTH:0.507864
G1 X82.748 Y87.04 E9.33919
;WIDTH:0.496141
G1 X82.748 Y87.472 E9.36245
;WIDTH:0.499317
G1 X82.311 Y87.471 E9.38616
;WIDTH:0.517692
G1 X81.748 Y87.461 E9.418
G1 X81.748 Y87.13 E9.43671
G1 E7.43671 F2400
G92 E0
G1 X81.203 Y72.614 F7800
G1 E2 F2400
;TYPE:Perimeter
;WIDTH:0.457525
G1 F1800
G1 X81.188 Y72.58 E2.00182
;WIDTH:0.45
G1 X80.938 Y72.402 E2.01658
G1 X80.513 Y72.304 E2.03756
G1 X79.304 Y72.314 E2.09571
;WIDTH:0.429704
G1 X69.926 Y72.314 E2.52302
G1 X69.926 Y71.949 E2.53965
G1 X79.304 Y71.949 E2.96696
;WIDTH:0.438316
G1 X79.469 Y71.938 E2.97467
;WIDTH:0.45
G1 X79.783 Y71.831 E2.99063
G1 X80.103 Y71.533 E3.01166
G1 X80.22 Y71.296 E3.02437
G1 X80.268 Y70.995 E3.03903
G1 X80.268 Y68.934 E3.13816
G1 X84.217 Y68.934 E3.32809
G1 X84.217 Y70.619 E3.40913
G1 X84.217 Y72.304 E3.49017
G1 X82.532 Y72.304 E3.57121
G1 X82.146 Y72.352 E3.58992
G1 X81.774 Y72.58 E3.61091
;WIDTH:0.457525
G1 X81.481 Y73.268 E3.64758
G1 X81.227 Y72.669 E3.67948
G1 X81.481 Y73.809 F7800
G1 F1800
G1 X81.481 Y73.268 E3.70601
G1 X80.927 Y72.877 F7800
;WIDTH:0.45
G1 F1800
G1 X80.918 Y72.855 E3.70715
G1 X80.768 Y72.748 E3.71601
G1 X80.513 Y72.689 E3.7286
G1 X69.551 Y72.689 E4.25583
G1 X69.551 Y71.573 E4.30951
G1 X79.304 Y71.573 E4.7786
G1 X79.591 Y71.497 E4.79288
G1 X79.784 Y71.318 E4.80554
G1 X79.853 Y71.176 E4.81313
G1 X79.882 Y70.995 E4.82195
G1 X79.882 Y68.548 E4.93964
G1 X84.602 Y68.548 E5.16666
G1 X84.602 Y70.619 E5.26627
G1 X84.602 Y72.689 E5.36583
G1 X82.532 Y72.689 E5.46539
G1 X82.267 Y72.719 E5.47822
G1 X82.044 Y72.855 E5.49078
G1 X81.871 Y73.268 E5.51232
G1 X81.871 Y74.198 E5.55705
G1 X81.092 Y74.198 E5.59452
G1 X81.092 Y73.268 E5.63925
G1 X80.951 Y72.932 E5.65678
G1 X80.652 Y73.138 F7800
;TYPE:External perimeter
G1 F1800
G1 X80.648 Y73.13 E5.65721
G1 X80.513 Y73.075 E5.66422
G1 X69.165 Y73.075 E6.21002
G1 X69.165 Y71.187 E6.30083
G1 X79.337 Y71.185 E6.79007
G1 X79.464 Y71.102 E6.79737
G1 X79.497 Y70.995 E6.80276
G1 X79.497 Y68.162 E6.93902
G1 X84.988 Y68.162 E7.20312
G1 X84.988 Y70.619 E7.32129
G1 X84.988 Y73.075 E7.43942
G1 X82.532 Y73.075 E7.55755
G1 X82.364 Y73.095 E7.56569
G1 X82.256 Y73.268 E7.5755
G1 X82.256 Y74.584 E7.6388
G1 X80.706 Y74.584 E7.71335
G1 X80.706 Y73.268 E7.77665
G1 X80.675 Y73.193 E7.78055
G1 X80.291 Y73.082 F7800
G1 E5.78055 F2400
G92 E0
G1 X80.662 Y69.254 F7800
G1 E2 F2400
;TYPE:Solid infill
;WIDTH:0.543559
G1 F2940
G1 X80.619 Y69.212 E2.00359
G1 X80.562 Y69.227 E2.00711
G1 X80.546 Y69.285 E2.01071
G1 X80.588 Y69.328 E2.0143
G1 X80.646 Y69.312 E2.0179
;WIDTH:0.45
G1 X80.557 Y69.928 E2.04784
G1 X81.262 Y69.223 E2.09579
G1 X81.808 Y69.223 E2.12205
G1 X80.557 Y70.473 E2.20711
G1 X80.446 Y71.323 F7800
;WIDTH:0.404381
G1 F2940
G1 X80.405 Y71.334 E2.20891
G1 X80.386 Y71.263 E2.21203
G1 X80.457 Y71.282 E2.21515
;WIDTH:0.45
G1 X80.556 Y71.02 E2.22862
G1 X82.353 Y69.223 E2.35085
G1 X82.898 Y69.223 E2.37706
G1 X80.102 Y72.019 E2.56724
G1 X79.812 Y72.101 E2.58173
;WIDTH:0.404381
G1 X79.741 Y72.082 E2.58485
G1 X79.76 Y72.153 E2.58797
G1 X79.801 Y72.142 E2.58977
G1 X80.636 Y72.031 F7800
;WIDTH:0.45
G1 F2940
G1 X83.444 Y69.223 E2.78077
G1 X83.935 Y69.081 E2.80535
;WIDTH:0.404381
G1 X84.062 Y69.089 E2.81075
;WIDTH:0.45
G1 X83.928 Y69.284 E2.82213
G1 X81.068 Y72.143 E3.01663
G1 E1.01663 F2400
G92 E0
G1 X83.791 Y69.966 F7800
G1 E2 F2400
G1 F2940
G1 X81.859 Y71.898 E2.13141
;WIDTH:0.497702
G1 X81.766 Y72.025 E2.13992
;WIDTH:0.545404
G1 X81.673 Y72.152 E2.14936
;WIDTH:0.593107
G1 X81.579 Y72.279 E2.15978
G1 X81.748 Y72.21 E2.17182
;WIDTH:0.545404
G1 X81.917 Y72.14 E2.18279
;WIDTH:0.497702
G1 X82.086 Y72.071 E2.19266
;WIDTH:0.45
G1 X82.453 Y72.015 E2.21052
G1 X83.928 Y72.015 E2.28146
G1 X83.928 Y69.83 E2.38655
G1 X83.511 Y70.835 F7800
;WIDTH:0.511542
G1 F2940
G1 X83.511 Y71.598 E2.4291
G1 X82.748 Y71.598 E2.47165
G1 X83.375 Y70.971 E2.5211
G1 E.5211 F2400
G92 E0
G1 X81.579 Y72.279 F7800
G1 E2 F2400
;WIDTH:0.597649
G1 F2940
G1 X81.481 Y72.38 E2.00936
;LAYER_CHANGE
;Z:9.95
;HEIGHT:0.3
G1 E.00936 F2400
G92 E0
G1 Z9.95 F7800
G92 E0
G1 X86.832 Y115.344
G1 E2 F2400
;TYPE:Perimeter
;WIDTH:0.45
G1 F1800
G1 X86.869 Y115.39 E2.00284
G1 X87.118 Y115.551 E2.0171
G1 X87.51 Y115.634 E2.03637
G1 X89.478 Y115.634 E2.13102
G1 X89.475 Y117.694 E2.2301
G1 X89.549 Y118.065 E2.2483
G1 X89.86 Y118.466 E2.27271
G1 X90.439 Y118.649 E2.30192
;WIDTH:0.429703
G1 X93.949 Y118.649 E2.46185
;WIDTH:0.45
G1 X97.202 Y118.658 E2.61831
;WIDTH:0.449432
G1 X97.775 Y118.649 E2.64583
;WIDTH:0.429702
G1 X99.511 Y118.649 E2.72493
G1 X99.511 Y118.831 E2.73322
G1 X99.512 Y119.014 E2.74156
G1 X97.775 Y119.014 E2.82071
;WIDTH:0.438315
G1 X97.61 Y119.024 E2.82842
;WIDTH:0.449432
G1 X97.319 Y119.119 E2.84312
;WIDTH:0.45
G1 X96.781 Y119.409 E2.87252
G1 X96.445 Y119.538 E2.88983
G1 X96.083 Y119.615 E2.90763
G1 X95.734 Y119.624 E2.92442
G1 X95.357 Y119.559 E2.94282
G1 X94.902 Y119.392 E2.96613
G1 X94.415 Y119.124 E2.99287
G1 X93.949 Y119.014 E3.0159
;WIDTH:0.429703
G1 X90.439 Y119.014 E3.17583
;WIDTH:0.45
G1 X85.122 Y119.004 E3.43156
G1 X85.122 Y115.634 E3.59365
G1 X85.574 Y115.634 E3.61539
G1 X85.965 Y115.551 E3.63461
G1 X86.214 Y115.39 E3.64887
G1 X86.414 Y115.143 E3.66416
;WIDTH:0.464917
G1 X86.542 Y114.754 E3.68462
G1 X86.669 Y115.143 E3.70506
;WIDTH:0.45
G1 X86.794 Y115.297 E3.7146
G1 X86.542 Y113.585 F7800
;WIDTH:0.464917
G1 F1800
G1 X86.542 Y114.754 E3.773
G1 X87.114 Y115.065 F7800
;WIDTH:0.45
G1 F2865
G1 X87.215 Y115.167 E3.7799
G1 X87.51 Y115.248 E3.79461
G1 X89.864 Y115.248 E3.90783
G1 X89.861 Y117.694 E4.02547
G1 X89.905 Y117.917 E4.0364
G1 X90.092 Y118.157 E4.05103
G1 X90.439 Y118.273 E4.06863
G1 X99.885 Y118.273 E4.52295
G1 X99.887 Y118.83 E4.54974
G1 X99.888 Y119.389 E4.57663
G1 X97.775 Y119.389 E4.67826
G1 X97.501 Y119.459 E4.69186
G1 X96.963 Y119.748 E4.72123
G1 X96.58 Y119.899 E4.74103
G1 X96.157 Y119.993 E4.76187
G1 X95.734 Y120.01 E4.78223
G1 X95.211 Y119.924 E4.80772
G1 X94.739 Y119.743 E4.83203
G1 X94.228 Y119.461 E4.8601
G1 X93.949 Y119.389 E4.87396
G1 X84.736 Y119.389 E5.31707
G1 X84.736 Y115.248 E5.51624
G1 X85.574 Y115.248 E5.55654
G1 X85.869 Y115.167 E5.57125
G1 X86.078 Y114.953 E5.58564
G1 X86.152 Y114.67 E5.59971
G1 X86.152 Y113.196 E5.6706
G1 X86.931 Y113.196 E5.70807
G1 X86.931 Y114.67 E5.77896
G1 X87.006 Y114.953 E5.79304
G1 X87.072 Y115.022 E5.79763
G1 X87.374 Y114.798 F7800
;TYPE:External perimeter
G1 F1800
G1 X87.382 Y114.814 E5.79849
G1 X87.51 Y114.862 E5.80506
G1 X90.25 Y114.862 E5.93684
G1 X90.247 Y117.694 E6.07305
G1 X90.324 Y117.849 E6.08137
G1 X90.439 Y117.887 E6.0872
G1 X100.27 Y117.887 E6.56004
G1 X100.272 Y118.829 E6.60535
G1 X100.275 Y119.775 E6.65085
G1 X97.775 Y119.775 E6.77109
G1 X97.684 Y119.798 E6.7756
G1 X97.146 Y120.088 E6.805
G1 X96.621 Y120.295 E6.83214
G1 X96.112 Y120.395 E6.85709
G1 X95.612 Y120.395 E6.88114
G1 X95.006 Y120.258 E6.91102
G1 X94.506 Y120.055 E6.93697
G1 X93.949 Y119.775 E6.96695
G1 X84.35 Y119.775 E7.42863
G1 X84.35 Y114.862 E7.66493
G1 X85.574 Y114.862 E7.7238
G1 X85.702 Y114.814 E7.73037
G1 X85.767 Y114.67 E7.73797
G1 X85.767 Y112.81 E7.82743
G1 X87.317 Y112.81 E7.90198
G1 X87.317 Y114.67 E7.99144
G1 X87.35 Y114.743 E7.99529
G1 X87.733 Y114.856 F7800
G1 E5.99529 F2400
G92 E0
G1 X85.442 Y118.61 F7800
G1 E2 F2400
;TYPE:Solid infill
;WIDTH:0.543559
G1 F2865
G1 X85.4 Y118.652 E2.00355
G1 X85.415 Y118.71 E2.00713
G1 X85.473 Y118.726 E2.01073
G1 X85.516 Y118.683 E2.01436
G1 X85.5 Y118.625 E2.01796
;WIDTH:0.45
G1 X86.116 Y118.715 E2.0479
G1 X85.411 Y118.009 E2.09589
G1 X85.276 Y117.831 E2.10663
;WIDTH:0.404381
G1 X85.287 Y117.872 E2.10843
G1 X85.216 Y117.891 E2.11155
G1 X85.235 Y117.82 E2.11467
;WIDTH:0.45
G1 X85.411 Y117.464 E2.13377
G1 X86.661 Y118.715 E2.21883
G1 X87.207 Y118.715 E2.24509
G1 X85.411 Y116.919 E2.36725
G1 X85.411 Y116.373 E2.39351
G1 X87.752 Y118.715 E2.55278
G1 X88.297 Y118.715 E2.57899
G1 X85.506 Y115.923 E2.76886
G1 X85.321 Y115.778 E2.78017
;WIDTH:0.404381
G1 X85.332 Y115.819 E2.78197
G1 X85.261 Y115.838 E2.78509
G1 X85.28 Y115.767 E2.78821
;WIDTH:0.45
G1 X85.969 Y115.841 E2.82154
G1 X88.843 Y118.715 E3.01703
G1 X89.388 Y118.715 E3.04324
G1 X86.334 Y115.66 E3.251
G1 E1.251 F2400
G92 E0
G1 X89.344 Y118.188 F7800
G1 E2 F2400
;WIDTH:0.404381
G1 F2865
G1 X89.739 Y118.636 E2.02533
G1 X89.796 Y118.763 E2.03123
G1 E.03123 F2400
G92 E0
G1 X87.184 Y115.965 F7800
G1 E2 F2400
;WIDTH:0.45
G1 F2865
G1 X89.027 Y117.808 E2.12536
G1 X89.303 Y118.129 E2.14572
G1 X89.186 Y117.684 E2.16785
G1 X89.188 Y115.923 E2.25255
G1 X87.516 Y115.923 E2.33297
G1 X87.048 Y115.829 E2.35593
G1 X88.098 Y116.319 F7800
;WIDTH:0.470768
G1 F2865
G1 X88.792 Y116.319 E2.39111
G1 X88.791 Y117.012 E2.42624
G1 X88.234 Y116.455 E2.46617
G1 E.46617 F2400
G92 E0
G1 X94.754 Y118.949 F7800
G1 E2 F2400
;WIDTH:0.452897
G1 F2865
G1 X95.444 Y118.946 E2.03344
;WIDTH:0.453388
G1 X96.985 Y118.954 E2.10821
G1 X96.976 Y118.973 E2.10923
G1 X96.343 Y119.265 E2.14305
G1 X96.027 Y119.329 E2.15869
G1 X95.734 Y119.333 E2.17291
;WIDTH:0.452897
G1 X95.385 Y119.266 E2.19013
G1 X94.904 Y119.048 E2.21572
G1 E.21572 F2400
G92 E0
G1 X86.832 Y102.656 F7800
G1 E2 F2400
;TYPE:Perimeter
;WIDTH:0.45
G1 F1800
G1 X86.669 Y102.857 E2.01245
;WIDTH:0.457525
G1 X86.542 Y103.33 E2.03647
G1 X86.414 Y102.857 E2.0605
;WIDTH:0.45
G1 X86.214 Y102.61 E2.07579
G1 X86.065 Y102.501 E2.08467
G1 X85.574 Y102.366 E2.10916
G1 X85.122 Y102.366 E2.1309
G1 X85.122 Y98.996 E2.29299
G1 X90.439 Y98.986 E2.54872
;WIDTH:0.429704
G1 X93.949 Y98.986 E2.70865
;WIDTH:0.438316
G1 X94.114 Y98.976 E2.71636
;WIDTH:0.449431
G1 X94.406 Y98.881 E2.73111
;WIDTH:0.45
G1 X94.944 Y98.591 E2.76051
G1 X95.28 Y98.462 E2.77782
G1 X95.641 Y98.385 E2.79557
G1 X95.991 Y98.376 E2.81241
G1 X96.373 Y98.442 E2.83106
G1 X96.756 Y98.578 E2.85061
G1 X97.318 Y98.881 E2.88132
G1 X97.775 Y98.986 E2.90387
;WIDTH:0.429703
G1 X99.512 Y98.986 E2.98302
G1 X99.511 Y99.169 E2.99136
G1 X99.511 Y99.351 E2.99965
G1 X97.775 Y99.351 E3.07875
;WIDTH:0.45
G1 X94.522 Y99.342 E3.23521
;WIDTH:0.449431
G1 X93.949 Y99.351 E3.26273
;WIDTH:0.429704
G1 X90.439 Y99.351 E3.42266
;WIDTH:0.438316
G1 X90.274 Y99.362 E3.43037
;WIDTH:0.45
G1 X89.86 Y99.534 E3.45193
G1 X89.549 Y99.935 E3.47634
G1 X89.475 Y100.306 E3.49454
G1 X89.478 Y102.366 E3.59362
G1 X87.51 Y102.366 E3.68827
G1 X87.118 Y102.449 E3.70754
G1 X86.869 Y102.61 E3.7218
G1 X86.542 Y104.24 F7800
;WIDTH:0.457525
G1 F1800
G1 X86.542 Y103.33 E3.76642
G1 X87.114 Y102.935 F7800
;WIDTH:0.45
G1 F2865
G1 X87.006 Y103.047 E3.7739
G1 X86.931 Y103.33 E3.78798
G1 X86.931 Y104.629 E3.85046
G1 X86.152 Y104.629 E3.88793
G1 X86.152 Y103.33 E3.95041
G1 X86.078 Y103.047 E3.96448
G1 X85.869 Y102.833 E3.97887
G1 X85.574 Y102.752 E3.99358
G1 X84.736 Y102.752 E4.03388
G1 X84.736 Y98.611 E4.23305
G1 X93.949 Y98.611 E4.67616
G1 X94.223 Y98.541 E4.68976
G1 X94.761 Y98.252 E4.71913
G1 X95.145 Y98.101 E4.73898
G1 X95.567 Y98.007 E4.75977
G1 X95.991 Y97.99 E4.78018
G1 X96.447 Y98.063 E4.80239
G1 X96.916 Y98.226 E4.82627
G1 X97.501 Y98.541 E4.85823
G1 X97.775 Y98.611 E4.87183
G1 X99.888 Y98.611 E4.97346
G1 X99.887 Y99.17 E5.00035
G1 X99.885 Y99.727 E5.02714
G1 X90.439 Y99.727 E5.48146
G1 X90.092 Y99.843 E5.49906
G1 X89.905 Y100.083 E5.51369
G1 X89.861 Y100.306 E5.52462
G1 X89.864 Y102.752 E5.64226
G1 X87.41 Y102.761 E5.76029
G1 X87.215 Y102.833 E5.77029
G1 X87.156 Y102.892 E5.7743
G1 X87.374 Y103.202 F7800
;TYPE:External perimeter
G1 F1800
G1 X87.317 Y103.33 E5.78104
G1 X87.317 Y105.015 E5.86208
G1 X85.767 Y105.015 E5.93663
G1 X85.767 Y103.33 E6.01767
G1 X85.702 Y103.186 E6.02527
G1 X85.574 Y103.137 E6.03186
G1 X84.35 Y103.137 E6.09073
G1 X84.35 Y98.225 E6.32698
G1 X93.949 Y98.225 E6.78866
G1 X94.04 Y98.202 E6.79317
G1 X94.578 Y97.912 E6.82257
G1 X95.104 Y97.704 E6.84977
G1 X95.612 Y97.605 E6.87466
G1 X96.112 Y97.605 E6.89871
G1 X96.62 Y97.704 E6.9236
G1 X97.146 Y97.912 E6.9508
G1 X97.775 Y98.225 E6.98459
G1 X100.275 Y98.225 E7.10483
G1 X100.272 Y99.171 E7.15033
G1 X100.27 Y100.112 E7.19559
G1 X90.439 Y100.112 E7.66843
G1 X90.324 Y100.151 E7.67427
G1 X90.247 Y100.306 E7.68259
G1 X90.25 Y103.137 E7.81875
G1 X87.51 Y103.137 E7.95053
G1 X87.421 Y103.171 E7.95511
G1 X87.324 Y103.559 F7800
G1 E5.95511 F2400
G92 E0
G1 X85.411 Y102.077 F7800
G1 E2 F2400
;TYPE:Solid infill
G1 F2865
G1 X85.411 Y99.285 E2.13429
G1 X89.704 Y99.275 E2.34077
G1 X89.309 Y99.784 E2.37176
G1 X89.186 Y100.316 E2.39802
G1 X89.188 Y102.077 E2.48272
G1 X87.514 Y102.077 E2.56323
G1 X87.036 Y102.174 E2.58669
G1 X86.704 Y102.374 E2.60533
G1 X86.542 Y102.559 E2.61716
G1 X86.425 Y102.415 E2.62608
G1 X86.115 Y102.202 E2.64417
G1 X85.604 Y102.081 E2.66943
G1 E.66943 F2400
G92 E0
G1 X85.797 Y99.863 F7800
G1 E2 F2400
G1 F2865
G1 X85.797 Y101.728 E2.0897
G1 X86.243 Y101.835 E2.11176
G1 X86.542 Y102.019 E2.12865
G1 X86.843 Y101.834 E2.14564
G1 X87.394 Y101.704 E2.17287
G1 X88.802 Y101.691 E2.24059
G1 X88.801 Y100.317 E2.30667
G1 X88.894 Y99.79 E2.33241
G1 X88.952 Y99.662 E2.33917
G1 X85.797 Y99.67 E2.49092
G1 X86.182 Y100.055 E2.51711
G1 X88.449 Y100.049 E2.62615
G1 X88.415 Y100.317 E2.63914
G1 X88.416 Y101.306 E2.68671
G1 X87.512 Y101.306 E2.73019
G1 X86.876 Y101.42 E2.76127
G1 X86.554 Y101.553 E2.77803
G1 X86.182 Y101.415 E2.79711
G1 X86.182 Y100.247 E2.85329
G1 X86.617 Y100.489 E2.87723
;WIDTH:0.549122
G1 X87.179 Y100.471 E2.91123
;WIDTH:0.515891
G1 X88.005 Y100.46 E2.95775
;WIDTH:0.499073
G1 X88.006 Y100.896 E2.98139
G1 X87.788 Y100.896 E2.99321
;WIDTH:0.515891
G1 X87.227 Y100.917 E3.02482
;WIDTH:0.549122
G1 X86.617 Y101.049 E3.06255
G1 X86.617 Y100.682 E3.08474
G1 E1.08474 F2400
G92 E0
G1 X94.748 Y99.027 F7800
G1 E2 F2400
;WIDTH:0.453402
G1 F2865
G1 X95.381 Y98.735 E2.03382
G1 X95.697 Y98.671 E2.04946
G1 X95.964 Y98.667 E2.06242
;WIDTH:0.452961
G1 X96.317 Y98.727 E2.07977
G1 X96.643 Y98.847 E2.09661
G1 X96.96 Y99.018 E2.11407
G1 X96.965 Y99.051 E2.11569
G1 X96.288 Y99.054 E2.1485
;WIDTH:0.453402
G1 X94.915 Y99.059 E2.21512
G1 E.21512 F2400
G92 E0
G92 E0
G1 X81.191 Y85.282 F7800
G1 E2 F2400
;TYPE:Perimeter
;WIDTH:0.45
G1 F1800
G1 X81.353 Y85.08 E2.01245
;WIDTH:0.464917
G1 X81.481 Y84.692 E2.03286
G1 X81.609 Y85.08 E2.05327
;WIDTH:0.45
G1 X81.809 Y85.328 E2.06859
G1 X82.058 Y85.488 E2.08283
G1 X82.449 Y85.571 E2.10205
G1 X84.417 Y85.571 E2.1967
G1 X84.417 Y87.256 E2.27774
G1 X84.417 Y88.941 E2.35878
G1 X80.061 Y88.941 E2.56829
G1 X80.06 Y86.843 E2.6692
G1 X79.962 Y86.455 E2.68845
G1 X79.645 Y86.087 E2.71181
G1 X79.097 Y85.926 E2.73928
;WIDTH:0.429703
G1 X70.144 Y85.926 E3.14722
G1 X70.144 Y85.561 E3.16385
G1 X79.097 Y85.561 E3.57179
;WIDTH:0.45
G1 X80.513 Y85.571 E3.6399
G1 X80.904 Y85.488 E3.65912
G1 X81.153 Y85.328 E3.67336
G1 X81.481 Y83.523 F7800
;WIDTH:0.464917
G1 F1800
G1 X81.481 Y84.692 E3.73176
G1 X80.908 Y85.002 F7800
;WIDTH:0.45
G1 F2865
G1 X81.017 Y84.891 E3.73924
G1 X81.092 Y84.607 E3.75337
G1 X81.092 Y83.133 E3.82426
G1 X81.871 Y83.133 E3.86173
G1 X81.871 Y84.607 E3.93262
G1 X81.945 Y84.891 E3.94674
G1 X82.154 Y85.105 E3.96113
G1 X82.449 Y85.186 E3.97584
G1 X84.803 Y85.186 E4.08906
G1 X84.803 Y87.256 E4.18862
G1 X84.803 Y89.327 E4.28823
G1 X79.675 Y89.327 E4.53487
G1 X79.675 Y86.88 E4.65256
G1 X79.616 Y86.625 E4.66515
G1 X79.426 Y86.404 E4.67917
G1 X79.097 Y86.302 E4.69574
G1 X69.769 Y86.302 E5.14438
G1 X69.769 Y85.186 E5.19806
G1 X80.513 Y85.186 E5.71481
G1 X80.808 Y85.105 E5.72952
G1 X80.867 Y85.045 E5.73357
G1 X80.649 Y84.735 F7800
;TYPE:External perimeter
G1 F1800
G1 X80.706 Y84.607 E5.74031
G1 X80.706 Y82.748 E5.82972
G1 X82.256 Y82.748 E5.90427
G1 X82.256 Y84.607 E5.99368
G1 X82.321 Y84.751 E6.00128
G1 X82.449 Y84.8 E6.00787
G1 X85.188 Y84.8 E6.13961
G1 X85.188 Y87.256 E6.25774
G1 X85.188 Y89.712 E6.37587
G1 X79.29 Y89.712 E6.65954
G1 X79.29 Y86.88 E6.79575
G1 X79.206 Y86.722 E6.80436
G1 X79.097 Y86.687 E6.80987
G1 X69.383 Y86.687 E7.27708
G1 X69.383 Y84.8 E7.36784
G1 X80.513 Y84.8 E7.90315
G1 X80.602 Y84.766 E7.90773
G1 X80.699 Y84.378 F7800
G1 E5.90773 F2400
G92 E0
G1 X80.381 Y88.547 F7800
G1 E2 F2400
;TYPE:Solid infill
;WIDTH:0.543623
G1 F2865
G1 X80.339 Y88.59 E2.00359
G1 X80.355 Y88.648 E2.00719
G1 X80.412 Y88.663 E2.01071
G1 X80.455 Y88.621 E2.0143
G1 X80.439 Y88.563 E2.0179
;WIDTH:0.45
G1 X81.055 Y88.652 E2.04784
G1 X80.35 Y87.947 E2.09579
G1 X80.35 Y87.401 E2.12205
G1 X81.601 Y88.652 E2.20714
G1 X82.146 Y88.652 E2.23335
G1 X80.349 Y86.855 E2.35558
G1 X79.581 Y85.706 F7800
;WIDTH:0.404381
G1 F2865
G1 X79.562 Y85.777 E2.3587
G1 X79.633 Y85.758 E2.36182
G1 X79.622 Y85.717 E2.36362
;WIDTH:0.45
G1 X79.891 Y85.852 E2.3781
G1 X82.691 Y88.652 E2.56855
G1 X83.237 Y88.652 E2.59481
G1 X80.444 Y85.859 E2.78479
G1 X80.915 Y85.785 E2.80772
G1 X83.782 Y88.652 E3.00273
G1 X84.24 Y88.704 E3.0249
;WIDTH:0.404381
G1 X84.251 Y88.745 E3.0267
G1 X84.18 Y88.764 E3.02982
G1 X84.199 Y88.693 E3.03294
;WIDTH:0.45
G1 X84.128 Y88.452 E3.04502
G1 X81.273 Y85.598 E3.23918
G1 X82.015 Y85.794 E3.27609
G1 X82.455 Y85.86 E3.29749
G1 X84.128 Y85.86 E3.37796
G1 X84.128 Y87.907 E3.47641
G1 X82.151 Y85.93 E3.61088
G1 X83.038 Y86.257 F7800
;WIDTH:0.470995
G1 F2865
G1 X83.732 Y86.257 E3.64608
G1 X83.732 Y86.951 E3.68128
G1 X83.174 Y86.393 E3.7213
G1 E1.7213 F2400
G92 E0
G1 X81.191 Y72.594 F7800
G1 E2 F2400
;TYPE:Perimeter
;WIDTH:0.45
G1 F1800
G1 X81.153 Y72.547 E2.00291
G1 X80.904 Y72.387 E2.01715
G1 X80.513 Y72.304 E2.03637
G1 X79.097 Y72.314 E2.10448
;WIDTH:0.429704
G1 X70.145 Y72.314 E2.51238
G1 X70.145 Y71.949 E2.52901
G1 X79.097 Y71.949 E2.93691
;WIDTH:0.438316
G1 X79.263 Y71.938 E2.94467
;WIDTH:0.45
G1 X79.645 Y71.788 E2.96441
G1 X79.962 Y71.42 E2.98777
G1 X80.041 Y71.19 E2.99947
G1 X80.061 Y70.995 E3.0089
G1 X80.061 Y68.934 E3.10803
G1 X84.417 Y68.934 E3.31754
G1 X84.417 Y70.619 E3.39858
G1 X84.417 Y72.304 E3.47962
G1 X82.449 Y72.304 E3.57427
G1 X82.092 Y72.372 E3.59175
G1 X81.809 Y72.547 E3.60775
G1 X81.609 Y72.795 E3.62307
;WIDTH:0.457525
G1 X81.481 Y73.268 E3.6471
G1 X81.353 Y72.795 E3.67113
;WIDTH:0.45
G1 X81.229 Y72.641 E3.68064
G1 X81.481 Y74.177 F7800
;WIDTH:0.457525
G1 F1800
G1 X81.481 Y73.268 E3.72521
G1 X80.908 Y72.873 F7800
;WIDTH:0.45
G1 F2865
G1 X80.808 Y72.77 E3.73211
G1 X80.513 Y72.689 E3.74682
G1 X69.769 Y72.689 E4.26357
G1 X69.769 Y71.573 E4.31725
G1 X79.097 Y71.573 E4.76589
G1 X79.426 Y71.471 E4.78246
G1 X79.616 Y71.25 E4.79648
G1 X79.675 Y70.995 E4.80907
G1 X79.675 Y68.548 E4.92676
G1 X84.803 Y68.548 E5.1734
G1 X84.803 Y70.619 E5.27301
G1 X84.803 Y72.689 E5.37257
G1 X82.349 Y72.698 E5.4906
G1 X82.154 Y72.77 E5.5006
G1 X81.945 Y72.984 E5.51499
G1 X81.871 Y73.268 E5.52911
G1 X81.871 Y74.567 E5.59159
G1 X81.092 Y74.567 E5.62906
G1 X81.092 Y73.268 E5.69154
G1 X81.017 Y72.984 E5.70567
G1 X80.95 Y72.916 E5.71026
G1 X80.649 Y73.14 F7800
;TYPE:External perimeter
G1 F1800
G1 X80.641 Y73.124 E5.71112
G1 X80.513 Y73.075 E5.71771
G1 X69.384 Y73.075 E6.25298
G1 X69.384 Y71.187 E6.34379
G1 X79.097 Y71.187 E6.81095
G1 X79.206 Y71.153 E6.81644
G1 X79.29 Y70.995 E6.82505
G1 X79.29 Y68.162 E6.96131
G1 X85.188 Y68.162 E7.24498
G1 X85.188 Y70.619 E7.36315
G1 X85.188 Y73.075 E7.48128
G1 X82.449 Y73.075 E7.61302
G1 X82.321 Y73.124 E7.61961
G1 X82.256 Y73.268 E7.62721
G1 X82.256 Y74.952 E7.7082
G1 X80.706 Y74.952 E7.78275
G1 X80.706 Y73.268 E7.86374
G1 X80.673 Y73.194 E7.86764
G1 X80.289 Y73.081 F7800
G1 X79.817 Y72.021
;TYPE:Solid infill
G1 F2865
G1 X80.196 Y71.582 E7.89553
G1 X80.317 Y71.273 E7.91149
G1 X80.35 Y70.99 E7.92519
G1 X80.35 Y69.223 E8.01018
G1 X84.128 Y69.223 E8.19189
G1 X84.128 Y72.015 E8.32618
G1 X82.453 Y72.015 E8.40674
G1 X82.066 Y72.085 E8.42566
G1 X81.647 Y72.309 E8.44851
G1 X81.481 Y72.497 E8.46057
G1 X81.364 Y72.352 E8.46953
G1 X81.169 Y72.201 E8.48139
G1 X80.851 Y72.063 E8.49806
G1 X80.506 Y72.015 E8.51481
G1 X80.01 Y72.019 E8.53867
G1 X80.6 Y71.636 E8.5725
G1 X80.682 Y71.398 E8.58461
G1 X80.736 Y70.99 E8.6044
G1 X80.736 Y69.609 E8.67082
G1 X83.742 Y69.609 E8.8154
G1 X83.742 Y71.629 E8.91255
G1 X82.344 Y71.639 E8.97979
G1 X81.844 Y71.745 E9.00437
G1 X81.486 Y71.955 E9.02433
G1 X81.396 Y71.889 E9.0297
G1 X80.998 Y71.707 E9.05075
G1 X80.79 Y71.67 E9.06091
G1 X81.117 Y71.183 E9.08912
G1 X81.113 Y71.338 E9.09658
G1 X81.488 Y71.501 E9.11625
G1 X81.703 Y71.386 E9.12798
G1 X82.272 Y71.26 E9.15601
G1 X83.357 Y71.243 E9.2082
G1 X83.357 Y69.994 E9.26827
G1 X81.121 Y69.994 E9.37581
G1 X81.121 Y70.99 E9.42371
G1 X81.554 Y70.981 E9.44454
;WIDTH:0.54433
G1 X81.554 Y70.427 E9.4777
G1 X82.152 Y70.41 E9.51351
;WIDTH:0.510419
G1 X82.948 Y70.403 E9.5578
;WIDTH:0.496143
G1 X82.948 Y70.835 E9.58106
G1 X82.732 Y70.835 E9.59269
;WIDTH:0.510419
G1 X82.194 Y70.852 E9.62264
;WIDTH:0.534307
G1 X81.743 Y70.943 E9.64961
;LAYER_CHANGE
;Z:10.25
;HEIGHT:0.3
G1 E7.64961 F2400
G92 E0
G1 Z10.25 F7800
G92 E0
G1 X86.836 Y115.342
G1 E2 F2400
;TYPE:Perimeter
;WIDTH:0.45
G1 F1800
G1 X86.908 Y115.423 E2.00521
G1 X87.152 Y115.565 E2.01879
G1 X87.51 Y115.634 E2.03633
G1 X89.704 Y115.634 E2.14185
G1 X89.705 Y117.695 E2.24098
G1 X89.779 Y118.066 E2.25918
G1 X90.091 Y118.466 E2.28358
G1 X90.669 Y118.649 E2.31274
;WIDTH:0.429703
G1 X94.745 Y118.649 E2.49846
;WIDTH:0.466741
G1 X95.155 Y118.667 E2.51906
;WIDTH:0.50011
G1 X95.426 Y118.684 E2.53382
;WIDTH:0.53348
G1 X95.697 Y118.7 E2.5497
G1 X96.386 Y118.684 E2.59002
;WIDTH:0.499807
G1 X96.682 Y118.666 E2.60613
;WIDTH:0.464754
G1 X96.979 Y118.649 E2.62099
;WIDTH:0.429702
G1 X99.249 Y118.649 E2.72442
G1 X99.249 Y118.832 E2.73276
;WIDTH:0.429701
G1 X99.248 Y119.014 E2.74105
G1 X96.979 Y119.014 E2.84444
;WIDTH:0.46674
G1 X96.639 Y119.057 E2.86164
;WIDTH:0.500109
G1 X96.355 Y119.111 E2.87735
;WIDTH:0.533479
G1 X96.071 Y119.165 E2.89426
G1 X95.697 Y119.17 E2.91614
G1 X95.262 Y119.105 E2.94187
;WIDTH:0.499807
G1 X95.004 Y119.06 E2.95609
;WIDTH:0.464754
G1 X94.745 Y119.014 E2.96923
;WIDTH:0.429703
G1 X90.669 Y119.014 E3.15495
;WIDTH:0.45
G1 X84.893 Y119.004 E3.43276
G1 X84.893 Y115.634 E3.59485
G1 X85.574 Y115.634 E3.6276
G1 X85.931 Y115.565 E3.64509
G1 X86.175 Y115.423 E3.65867
G1 X86.391 Y115.182 E3.67424
;WIDTH:0.464917
G1 X86.542 Y114.754 E3.69691
G1 X86.693 Y115.182 E3.71958
;WIDTH:0.45
G1 X86.796 Y115.297 E3.72701
G1 E1.72701 F2400
G92 E0
G1 X86.542 Y113.13 F7800
G1 E2 F2400
;WIDTH:0.464917
G1 F1800
G1 X86.542 Y114.754 E2.08113
G1 X87.114 Y115.065 F7800
;WIDTH:0.45
G1 F2836
G1 X87.238 Y115.18 E2.08926
G1 X87.51 Y115.248 E2.10274
G1 X90.089 Y115.248 E2.22678
G1 X90.091 Y117.695 E2.34447
G1 X90.135 Y117.917 E2.35536
G1 X90.322 Y118.158 E2.37003
G1 X90.669 Y118.273 E2.38761
G1 X99.626 Y118.273 E2.81841
G1 X99.624 Y118.833 E2.84534
G1 X99.623 Y119.389 E2.87208
G1 X96.979 Y119.389 E2.99925
G1 X96.605 Y119.49 E3.01788
G1 X96.089 Y119.597 E3.04323
G1 X95.574 Y119.585 E3.06801
G1 X94.745 Y119.389 E3.10898
G1 X84.508 Y119.389 E3.60134
G1 X84.508 Y115.248 E3.80051
G1 X85.574 Y115.248 E3.85178
G1 X85.846 Y115.18 E3.86526
G1 X86.064 Y114.977 E3.87959
G1 X86.152 Y114.67 E3.89495
G1 X86.152 Y112.741 E3.98773
G1 X86.931 Y112.741 E4.0252
G1 X86.931 Y114.67 E4.11798
G1 X87.02 Y114.977 E4.13335
G1 X87.071 Y115.024 E4.13669
G1 X87.378 Y114.796 F7800
;TYPE:External perimeter
G1 F1800
G1 X87.389 Y114.82 E4.13796
G1 X87.51 Y114.862 E4.14412
G1 X90.474 Y114.862 E4.28668
G1 X90.476 Y117.695 E4.42294
G1 X90.553 Y117.849 E4.43122
G1 X90.669 Y117.887 E4.43709
G1 X100.012 Y117.887 E4.88646
G1 X100.01 Y118.834 E4.93201
G1 X100.008 Y119.775 E4.97727
G1 X96.979 Y119.775 E5.12295
G1 X96.574 Y119.897 E5.14329
G1 X96.027 Y119.983 E5.16992
G1 X95.502 Y119.964 E5.19519
G1 X94.745 Y119.775 E5.23272
G1 X84.122 Y119.775 E5.74365
G1 X84.122 Y114.862 E5.97995
G1 X85.574 Y114.862 E6.04979
G1 X85.694 Y114.82 E6.0559
G1 X85.767 Y114.67 E6.06392
G1 X85.767 Y112.385 E6.17382
;TYPE:Overhang perimeter
;WIDTH:0.4
;HEIGHT:0.4
M106 S255
G1 F3600
G1 X85.767 Y112.355 E6.17539
G1 X87.317 Y112.355 E6.25637
G1 X87.317 Y112.385 E6.25794
M106 S226.95
;TYPE:External perimeter
;WIDTH:0.45
;HEIGHT:0.3
G1 F1800
G1 X87.317 Y114.67 E6.36784
G1 X87.352 Y114.742 E6.37169
G1 X87.735 Y114.856 F7800
G1 X86.542 Y115.443
;TYPE:Solid infill
G1 F2836
G1 X86.706 Y115.627 E6.38354
G1 X87.078 Y115.843 E6.40423
G1 X87.517 Y115.923 E6.42569
G1 X89.415 Y115.923 E6.51698
G1 X89.419 Y117.724 E6.6036
G1 X89.539 Y118.217 E6.628
G1 X89.926 Y118.715 E6.65833
G1 X85.182 Y118.715 E6.8865
G1 X85.182 Y115.923 E7.02079
G1 X85.565 Y115.923 E7.03921
G1 X86.005 Y115.842 E7.06073
G1 X86.312 Y115.676 E7.07752
G1 X86.406 Y115.58 E7.08398
G1 X86.541 Y115.985 E7.10451
G1 X86.988 Y116.223 E7.12887
G1 X87.517 Y116.309 E7.15465
G1 X89.029 Y116.309 E7.22737
G1 X89.041 Y117.8 E7.29908
G1 X89.177 Y118.329 E7.32535
G1 X85.568 Y118.329 E7.49893
G1 X85.568 Y116.308 E7.59613
G1 X86.183 Y116.19 E7.62625
G1 X86.374 Y116.081 E7.63683
G1 X86.546 Y116.432 E7.65563
G1 X87.016 Y116.625 E7.68007
G1 X87.517 Y116.694 E7.70439
G1 X88.644 Y116.694 E7.75859
G1 X88.644 Y117.318 E7.7886
G1 X88.677 Y117.943 E7.8187
G1 X85.954 Y117.943 E7.94967
G1 X85.954 Y116.637 E8.01248
G1 X86.15 Y116.599 E8.02208
G1 X86.369 Y116.507 E8.0335
G1 X86.547 Y116.935 E8.05579
;WIDTH:0.566455
G1 X86.947 Y117.048 E8.08182
;WIDTH:0.534904
G1 X87.517 Y117.103 E8.11543
;WIDTH:0.496142
G1 X88.235 Y117.103 E8.1541
G1 X88.236 Y117.535 E8.17736
G1 X87.517 Y117.535 E8.21608
;WIDTH:0.534904
G1 X86.909 Y117.515 E8.25178
;WIDTH:0.566455
G1 X86.397 Y117.499 E8.28386
G1 X86.397 Y117.022 E8.31373
G1 E6.31373 F2400
G92 E0
G1 X86.835 Y102.658 F7800
G1 E2 F2400
;TYPE:Perimeter
;WIDTH:0.45
G1 F1800
G1 X86.693 Y102.818 E2.01029
;WIDTH:0.457525
G1 X86.542 Y103.33 E2.03647
G1 X86.391 Y102.818 E2.06265
;WIDTH:0.45
G1 X86.175 Y102.577 E2.07822
G1 X86.027 Y102.479 E2.08676
G1 X85.574 Y102.366 E2.10922
G1 X84.893 Y102.366 E2.14197
G1 X84.893 Y98.996 E2.30406
G1 X90.669 Y98.986 E2.58187
;WIDTH:0.429704
G1 X94.745 Y98.986 E2.76759
;WIDTH:0.466741
G1 X95.085 Y98.943 E2.78479
;WIDTH:0.500111
G1 X95.369 Y98.889 E2.8005
;WIDTH:0.533482
G1 X95.653 Y98.835 E2.81741
G1 X96.028 Y98.83 E2.83935
G1 X96.444 Y98.891 E2.86395
;WIDTH:0.501688
G1 X96.711 Y98.939 E2.87875
;WIDTH:0.465695
G1 X96.979 Y98.986 E2.89237
;WIDTH:0.429703
G1 X99.248 Y98.986 E2.99576
G1 X99.249 Y99.168 E3.00405
;WIDTH:0.429702
G1 X99.249 Y99.351 E3.01239
G1 X96.979 Y99.351 E3.11582
;WIDTH:0.464556
G1 X96.581 Y99.334 E3.1357
;WIDTH:0.499018
G1 X96.305 Y99.317 E3.15069
;WIDTH:0.533481
G1 X96.028 Y99.3 E3.16693
G1 X95.339 Y99.316 E3.20725
;WIDTH:0.499808
G1 X95.042 Y99.334 E3.22341
;WIDTH:0.464755
G1 X94.745 Y99.351 E3.23827
;WIDTH:0.429704
G1 X90.669 Y99.351 E3.42399
;WIDTH:0.438316
G1 X90.503 Y99.362 E3.43175
;WIDTH:0.45
G1 X90.091 Y99.534 E3.45322
G1 X89.779 Y99.934 E3.47762
G1 X89.705 Y100.305 E3.49582
G1 X89.704 Y102.366 E3.59495
G1 X87.51 Y102.366 E3.70047
G1 X87.204 Y102.416 E3.71538
G1 X86.908 Y102.577 E3.73159
G1 X86.875 Y102.614 E3.73397
G1 E1.73397 F2400
G92 E0
G1 X86.542 Y104.695 F7800
G1 E2 F2400
;WIDTH:0.457525
G1 F1800
G1 X86.542 Y103.33 E2.06693
G1 X87.114 Y102.935 F7800
;WIDTH:0.45
G1 F2836
G1 X87.02 Y103.023 E2.07312
G1 X86.931 Y103.33 E2.08849
G1 X86.931 Y105.084 E2.17285
G1 X86.152 Y105.084 E2.21032
G1 X86.152 Y103.33 E2.29468
G1 X86.064 Y103.023 E2.31004
G1 X85.846 Y102.82 E2.32437
G1 X85.574 Y102.752 E2.33785
G1 X84.508 Y102.752 E2.38912
G1 X84.508 Y98.611 E2.58829
G1 X94.745 Y98.611 E3.08065
G1 X95.574 Y98.415 E3.12162
G1 X96.028 Y98.403 E3.14346
G1 X96.486 Y98.477 E3.16577
G1 X96.979 Y98.611 E3.19034
G1 X99.623 Y98.611 E3.31751
G1 X99.624 Y99.167 E3.34425
G1 X99.626 Y99.727 E3.37118
G1 X90.669 Y99.727 E3.80198
G1 X90.322 Y99.842 E3.81956
G1 X90.135 Y100.083 E3.83423
G1 X90.091 Y100.305 E3.84512
G1 X90.089 Y102.752 E3.96281
G1 X87.51 Y102.752 E4.08685
G1 X87.238 Y102.82 E4.10033
G1 X87.158 Y102.894 E4.10557
G1 X87.378 Y103.204 F7800
;TYPE:External perimeter
G1 F1800
G1 X87.317 Y103.33 E4.1123
G1 X87.317 Y105.44 E4.21378
;TYPE:Overhang perimeter
;WIDTH:0.4
;HEIGHT:0.4
M106 S255
G1 F3600
G1 X87.317 Y105.47 E4.21535
G1 X85.767 Y105.47 E4.29633
G1 X85.767 Y105.44 E4.2979
M106 S226.95
;TYPE:External perimeter
;WIDTH:0.45
;HEIGHT:0.3
G1 F1800
G1 X85.767 Y103.33 E4.39938
G1 X85.694 Y103.18 E4.4074
G1 X85.574 Y103.137 E4.41353
G1 X84.122 Y103.137 E4.48337
G1 X84.122 Y98.225 E4.71962
G1 X94.745 Y98.225 E5.23055
G1 X95.15 Y98.103 E5.25089
G1 X95.697 Y98.017 E5.27752
G1 X96.222 Y98.035 E5.30279
G1 X96.979 Y98.225 E5.34033
G1 X100.008 Y98.225 E5.48601
G1 X100.01 Y99.166 E5.53127
G1 X100.012 Y100.112 E5.57677
G1 X90.669 Y100.112 E6.02614
G1 X90.553 Y100.151 E6.03203
G1 X90.476 Y100.305 E6.04031
G1 X90.474 Y103.137 E6.17652
G1 X87.51 Y103.137 E6.31908
G1 X87.42 Y103.169 E6.32367
G1 X87.325 Y103.557 F7800
G1 E4.32367 F2400
G92 E0
G1 X85.287 Y99.317 F7800
G1 E2 F2400
;TYPE:Solid infill
;WIDTH:0.543863
G1 F2836
G1 X85.245 Y99.274 E2.00359
G1 X85.187 Y99.29 E2.00719
G1 X85.171 Y99.348 E2.01079
G1 X85.214 Y99.39 E2.01438
G1 X85.272 Y99.374 E2.01798
G1 X85.059 Y100.128 F7800
;WIDTH:0.404381
G1 F2836
G1 X84.988 Y100.109 E2.0211
G1 X85.007 Y100.18 E2.02422
G1 X85.048 Y100.169 E2.02602
;WIDTH:0.45
G1 X85.182 Y99.991 E2.03674
G1 X85.889 Y99.284 E2.08483
G1 X86.068 Y99.149 E2.09561
;WIDTH:0.404381
G1 X86.026 Y99.16 E2.09745
G1 X86.007 Y99.089 E2.10057
G1 X86.079 Y99.108 E2.10373
;WIDTH:0.45
G1 X86.436 Y99.283 E2.12285
G1 X85.182 Y100.536 E2.20811
G1 X85.182 Y101.081 E2.23432
G1 X86.982 Y99.281 E2.35675
G1 X87.529 Y99.28 E2.38306
G1 X85.182 Y101.627 E2.5427
G1 X85.093 Y102.229 E2.57197
;WIDTH:0.404381
G1 X85.052 Y102.24 E2.57377
G1 X85.033 Y102.169 E2.57689
G1 X85.104 Y102.188 E2.58001
;WIDTH:0.45
G1 X85.277 Y102.077 E2.5899
G1 X88.076 Y99.279 E2.78025
G1 X88.622 Y99.278 E2.80651
G1 X85.784 Y102.116 E2.99955
G1 X86.191 Y102.254 E3.02022
G1 X89.169 Y99.277 E3.22275
G1 X89.715 Y99.275 E3.24901
G1 X86.491 Y102.5 E3.46834
G1 E1.46834 F2400
G92 E0
G1 X89.622 Y99.804 F7800
G1 E2 F2400
;WIDTH:0.404381
G1 F2836
G1 X90.041 Y99.329 E2.02686
G1 X90.083 Y99.202 E2.03253
G1 X89.46 Y100.076 F7800
;WIDTH:0.45
G1 F2836
G1 X87.454 Y102.081 E2.16894
G1 X87.223 Y102.212 E2.18171
;WIDTH:0.404381
G1 X87.152 Y102.193 E2.18483
G1 X87.171 Y102.264 E2.18795
G1 X87.212 Y102.253 E2.18975
G1 X88.004 Y102.077 F7800
;WIDTH:0.45
G1 F2836
G1 X89.415 Y100.666 E2.28572
G1 X89.385 Y101.285 E2.31553
;WIDTH:0.510577
G1 X89.384 Y102.047 E2.35794
G1 X88.623 Y102.047 E2.40029
G1 X89.248 Y101.421 E2.44952
G1 E.44952 F2400
G92 E0
G92 E0
G1 X81.187 Y85.28 F7800
G1 E2 F2400
;TYPE:Perimeter
;WIDTH:0.45
G1 F1800
G1 X81.33 Y85.119 E2.01036
;WIDTH:0.464917
G1 X81.481 Y84.692 E2.03299
G1 X81.632 Y85.119 E2.05562
;WIDTH:0.45
G1 X81.848 Y85.361 E2.07122
G1 X82.092 Y85.503 E2.0848
G1 X82.449 Y85.571 E2.10228
G1 X84.638 Y85.571 E2.20756
G1 X84.638 Y87.256 E2.2886
G1 X84.638 Y88.941 E2.36964
G1 X79.833 Y88.941 E2.60074
G1 X79.833 Y87.034 E2.69246
G1 X79.784 Y86.579 E2.71447
G1 X79.485 Y86.139 E2.74006
G1 X78.869 Y85.926 E2.77141
;WIDTH:0.429703
G1 X70.42 Y85.926 E3.15639
G1 X70.42 Y85.561 E3.17302
G1 X78.869 Y85.561 E3.558
;WIDTH:0.45
G1 X80.513 Y85.571 E3.63707
G1 X80.815 Y85.523 E3.65178
G1 X81.114 Y85.361 E3.66814
G1 X81.147 Y85.324 E3.67052
G1 E1.67052 F2400
G92 E0
G1 X81.481 Y83.067 F7800
G1 E2 F2400
;WIDTH:0.464917
G1 F1800
G1 X81.481 Y84.692 E2.08118
G1 X80.909 Y85.003 F7800
;WIDTH:0.45
G1 F2836
G1 X81.003 Y84.914 E2.08741
G1 X81.092 Y84.607 E2.10278
G1 X81.092 Y82.678 E2.19556
G1 X81.871 Y82.678 E2.23303
G1 X81.871 Y84.607 E2.32581
G1 X81.959 Y84.914 E2.34117
G1 X82.177 Y85.118 E2.35553
G1 X82.449 Y85.186 E2.36901
G1 X85.023 Y85.186 E2.49281
G1 X85.023 Y87.256 E2.59237
G1 X85.023 Y89.327 E2.69198
G1 X79.447 Y89.327 E2.96017
G1 X79.447 Y87.186 E3.06314
G1 X79.418 Y86.699 E3.0866
G1 X79.239 Y86.436 E3.1019
G1 X78.869 Y86.302 E3.12083
G1 X70.044 Y86.302 E3.54528
G1 X70.044 Y85.186 E3.59896
G1 X80.513 Y85.186 E4.10248
G1 X80.785 Y85.118 E4.11596
G1 X80.865 Y85.044 E4.1212
G1 X80.645 Y84.733 F7800
;TYPE:External perimeter
G1 F1800
G1 X80.706 Y84.607 E4.12793
G1 X80.706 Y82.323 E4.23778
;TYPE:Overhang perimeter
;WIDTH:0.4
;HEIGHT:0.4
M106 S255
G1 F3600
G1 X80.706 Y82.292 E4.2394
G1 X82.256 Y82.292 E4.32038
G1 X82.256 Y82.323 E4.322
M106 S226.95
;TYPE:External perimeter
;WIDTH:0.45
;HEIGHT:0.3
G1 F1800
G1 X82.256 Y84.607 E4.43185
G1 X82.329 Y84.758 E4.43992
G1 X82.449 Y84.8 E4.44603
G1 X85.409 Y84.8 E4.5884
G1 X85.409 Y87.256 E4.70653
G1 X85.409 Y89.712 E4.82466
G1 X79.061 Y89.712 E5.12998
G1 X79.061 Y86.88 E5.26619
G1 X78.992 Y86.732 E5.27404
G1 X78.869 Y86.687 E5.28034
G1 X69.659 Y86.687 E5.72331
G1 X69.659 Y84.8 E5.81407
G1 X80.513 Y84.8 E6.33611
G1 X80.603 Y84.769 E6.34069
G1 X80.698 Y84.38 F7800
G1 X81.481 Y85.38
;TYPE:Solid infill
G1 F2836
G1 X81.645 Y85.564 E6.35254
G1 X82.018 Y85.781 E6.3733
G1 X82.457 Y85.86 E6.39475
G1 X84.348 Y85.86 E6.4857
G1 X84.348 Y88.652 E6.61999
G1 X80.122 Y88.652 E6.82325
G1 X80.122 Y86.884 E6.90828
G1 X80.037 Y86.449 E6.9296
G1 X79.621 Y85.856 E6.96444
G1 X80.351 Y85.86 E6.99955
G1 X80.94 Y85.782 E7.02813
G1 X81.251 Y85.614 E7.04513
G1 X81.346 Y85.518 E7.05163
G1 X81.48 Y85.922 E7.0721
G1 X81.928 Y86.16 E7.0965
G1 X82.457 Y86.246 E7.12228
G1 X83.963 Y86.246 E7.19471
G1 X83.963 Y88.266 E7.29186
G1 X80.507 Y88.266 E7.45808
G1 X80.507 Y87.035 E7.51729
G1 X80.45 Y86.474 E7.54441
G1 X80.362 Y86.245 E7.55621
G1 X80.506 Y86.246 E7.56314
G1 X81.062 Y86.149 E7.59029
G1 X81.311 Y86.014 E7.60391
G1 X81.486 Y86.369 E7.62295
G1 X81.955 Y86.563 E7.64736
G1 X82.457 Y86.632 E7.67173
G1 X83.577 Y86.632 E7.7256
G1 X83.577 Y87.881 E7.78567
G1 X80.893 Y87.881 E7.91476
G1 X80.893 Y87.186 E7.94819
G1 X80.857 Y86.583 E7.97724
G1 X81.168 Y86.52 E7.9925
G1 X81.311 Y86.452 E8.00012
G1 X81.487 Y86.872 E8.02202
;WIDTH:0.566433
G1 X81.886 Y86.985 E8.04799
;WIDTH:0.534893
G1 X82.457 Y87.04 E8.08165
;WIDTH:0.496141
G1 X83.168 Y87.04 E8.11994
G1 X83.168 Y87.472 E8.1432
G1 X82.457 Y87.472 E8.18149
;WIDTH:0.534893
G1 X81.849 Y87.453 E8.21719
;WIDTH:0.566433
G1 X81.337 Y87.437 E8.24927
G1 X81.337 Y86.962 E8.27901
G1 E6.27901 F2400
G92 E0
G1 X81.188 Y72.596 F7800
G1 E2 F2400
;TYPE:Perimeter
;WIDTH:0.45
G1 F1800
G1 X81.114 Y72.514 E2.00531
G1 X80.87 Y72.372 E2.01889
G1 X80.513 Y72.304 E2.03637
G1 X78.869 Y72.314 E2.11544
;WIDTH:0.429704
G1 X70.42 Y72.314 E2.50042
G1 X70.42 Y71.949 E2.51705
G1 X78.869 Y71.949 E2.90203
;WIDTH:0.438316
G1 X79.034 Y71.938 E2.90974
;WIDTH:0.45
G1 X79.485 Y71.736 E2.93351
G1 X79.784 Y71.296 E2.9591
G1 X79.833 Y70.995 E2.97377
G1 X79.833 Y68.934 E3.0729
G1 X84.638 Y68.934 E3.304
G1 X84.638 Y70.619 E3.38504
G1 X84.638 Y72.304 E3.46608
G1 X82.449 Y72.304 E3.57136
G1 X82.144 Y72.353 E3.58622
G1 X81.848 Y72.514 E3.60243
G1 X81.632 Y72.756 E3.61803
;WIDTH:0.457525
G1 X81.481 Y73.268 E3.64421
G1 X81.33 Y72.756 E3.67039
;WIDTH:0.45
G1 X81.227 Y72.641 E3.67782
G1 E1.67782 F2400
G92 E0
G1 X81.481 Y74.633 F7800
G1 E2 F2400
;WIDTH:0.457525
G1 F1800
G1 X81.481 Y73.268 E2.06693
G1 X80.909 Y72.872 F7800
;WIDTH:0.45
G1 F2836
G1 X80.785 Y72.757 E2.07506
G1 X80.513 Y72.689 E2.08854
G1 X70.044 Y72.689 E2.59206
G1 X70.044 Y71.573 E2.64574
G1 X78.969 Y71.564 E3.075
G1 X79.239 Y71.439 E3.08931
G1 X79.418 Y71.176 E3.10461
G1 X79.447 Y70.995 E3.11343
G1 X79.447 Y68.548 E3.23112
G1 X85.023 Y68.548 E3.49931
G1 X85.023 Y70.619 E3.59892
G1 X85.023 Y72.689 E3.69848
G1 X82.449 Y72.689 E3.82228
G1 X82.177 Y72.757 E3.83576
G1 X81.959 Y72.961 E3.85012
G1 X81.871 Y73.268 E3.86548
G1 X81.871 Y75.022 E3.94984
G1 X81.092 Y75.022 E3.98731
G1 X81.092 Y73.268 E4.07167
G1 X81.003 Y72.961 E4.08704
G1 X80.952 Y72.913 E4.09041
G1 X80.645 Y73.142 F7800
;TYPE:External perimeter
G1 F1800
G1 X80.634 Y73.117 E4.09172
G1 X80.513 Y73.075 E4.09788
G1 X69.659 Y73.075 E4.61992
G1 X69.659 Y71.187 E4.71073
G1 X78.869 Y71.187 E5.1537
G1 X78.992 Y71.143 E5.15998
G1 X79.061 Y70.995 E5.16783
G1 X79.061 Y68.162 E5.30409
G1 X85.409 Y68.162 E5.60941
G1 X85.409 Y70.619 E5.72758
G1 X85.409 Y73.075 E5.84571
G1 X82.449 Y73.075 E5.98808
G1 X82.329 Y73.117 E5.99419
G1 X82.256 Y73.268 E6.00226
G1 X82.256 Y75.377 E6.1037
;TYPE:Overhang perimeter
;WIDTH:0.4
;HEIGHT:0.4
M106 S255
G1 F3600
G1 X82.256 Y75.408 E6.10532
G1 X80.706 Y75.408 E6.1863
G1 X80.706 Y75.377 E6.18792
M106 S226.95
;TYPE:External perimeter
;WIDTH:0.45
;HEIGHT:0.3
G1 F1800
G1 X80.706 Y73.268 E6.28936
G1 X80.671 Y73.196 E6.29321
G1 X80.288 Y73.081 F7800
G1 E4.29321 F2400
G92 E0
G1 X83.361 Y69.223 F7800
G1 E2 F2400
;TYPE:Solid infill
G1 F2836
G1 X80.122 Y69.223 E2.15578
G1 X80.122 Y70.991 E2.24081
G1 X80.037 Y71.426 E2.26213
G1 X79.704 Y71.915 E2.29058
G1 X79.611 Y72.022 E2.2974
G1 X80.508 Y72.015 E2.34054
G1 X80.74 Y72.037 E2.35175
G1 X83.554 Y69.223 E2.54315
G1 X84.47 Y69.132 F7800
;WIDTH:0.404381
G1 F2836
G1 X84.399 Y69.113 E2.54627
G1 X84.418 Y69.184 E2.54939
G1 X84.459 Y69.173 E2.55119
;WIDTH:0.45
G1 X84.099 Y69.223 E2.56867
G1 X81.131 Y72.191 E2.77055
G1 X81.43 Y72.437 E2.78917
G1 X84.348 Y69.519 E2.98765
G1 X84.348 Y72.015 E3.1077
G1 X82.389 Y72.023 E3.20192
G1 X84.212 Y70.201 E3.32588
G1 X83.966 Y70.987 F7800
;WIDTH:0.442766
G1 F2836
G1 X83.966 Y71.633 E3.35637
G1 X83.32 Y71.633 E3.38686
G1 X83.83 Y71.123 E3.4209
G1 X82.623 Y69.609 F7800
;WIDTH:0.45
G1 F2836
G1 X80.597 Y71.635 E3.55871
G1 X80.362 Y71.63 E3.57002
G1 X80.422 Y71.513 E3.57634
G1 X80.507 Y70.991 E3.60178
G1 X80.507 Y69.609 E3.66825
G1 X82.43 Y69.609 E3.76074
G1 X81.642 Y70.015 F7800
;WIDTH:0.491104
G1 F2836
G1 X80.914 Y70.743 E3.81554
G1 X80.914 Y70.015 E3.85429
G1 X81.449 Y70.015 E3.88276
;LAYER_CHANGE
;Z:10.55
;HEIGHT:0.3
G1 E1.88276 F2400
G92 E0
G1 Z10.55 F7800
G92 E0
G1 X86.837 Y115.341
G1 E2 F2400
;TYPE:Perimeter
;WIDTH:0.45
G1 F1800
G1 X86.928 Y115.439 E2.00643
G1 X87.076 Y115.531 E2.01481
G1 X87.51 Y115.634 E2.03626
G1 X89.955 Y115.634 E2.15386
G1 X89.955 Y117.695 E2.25299
G1 X90.03 Y118.066 E2.27119
G1 X90.341 Y118.466 E2.29556
G1 X90.919 Y118.649 E2.32472
;WIDTH:0.429703
G1 X98.941 Y118.649 E2.69024
G1 X98.942 Y118.831 E2.69853
;WIDTH:0.429702
G1 X98.942 Y119.014 E2.70687
G1 X90.919 Y119.014 E3.07244
;WIDTH:0.45
G1 X84.634 Y119.004 E3.37473
G1 X84.634 Y115.634 E3.53682
G1 X85.574 Y115.634 E3.58203
G1 X85.861 Y115.59 E3.59599
G1 X86.155 Y115.439 E3.61189
G1 X86.378 Y115.202 E3.62754
;WIDTH:0.464917
G1 X86.542 Y114.754 E3.65137
G1 X86.706 Y115.202 E3.6752
;WIDTH:0.45
G1 X86.796 Y115.298 E3.68153
G1 E1.68153 F2400
G92 E0
G1 X86.542 Y112.53 F7800
G1 E2 F2400
;WIDTH:0.464917
G1 F1800
G1 X86.542 Y114.754 E2.1111
G1 X87.114 Y115.066 F7800
;WIDTH:0.45
G1 F3162
G1 X87.249 Y115.186 E2.11979
G1 X87.51 Y115.248 E2.13269
G1 X90.34 Y115.248 E2.2688
G1 X90.341 Y117.695 E2.38649
G1 X90.386 Y117.917 E2.39738
G1 X90.572 Y118.157 E2.41198
G1 X90.919 Y118.273 E2.42958
G1 X99.317 Y118.273 E2.83349
G1 X99.317 Y118.831 E2.86033
G1 X99.318 Y119.389 E2.88717
G1 X84.248 Y119.389 E3.61198
G1 X84.248 Y115.248 E3.81115
G1 X85.574 Y115.248 E3.87493
G1 X85.834 Y115.186 E3.88779
G1 X86.056 Y114.989 E3.90207
G1 X86.152 Y114.67 E3.91809
G1 X86.152 Y112.141 E4.03973
G1 X86.931 Y112.141 E4.0772
G1 X86.931 Y114.67 E4.19884
G1 X87.027 Y114.989 E4.21486
G1 X87.069 Y115.026 E4.21755
G1 X87.379 Y114.795 F7800
;TYPE:External perimeter
G1 F1800
G1 X87.393 Y114.823 E4.21906
G1 X87.51 Y114.862 E4.22499
G1 X90.726 Y114.862 E4.37967
G1 X90.727 Y117.695 E4.51593
G1 X90.804 Y117.849 E4.52421
G1 X90.919 Y117.887 E4.53004
G1 X99.702 Y117.887 E4.95247
G1 X99.703 Y118.83 E4.99783
G1 X99.703 Y119.775 E5.04328
G1 X83.862 Y119.775 E5.80518
G1 X83.862 Y114.862 E6.04148
G1 X85.574 Y114.862 E6.12382
G1 X85.69 Y114.823 E6.12971
G1 X85.767 Y114.67 E6.13795
G1 X85.767 Y111.93 E6.26973
;TYPE:Overhang perimeter
;WIDTH:0.4
;HEIGHT:0.4
M106 S255
G1 F3600
G1 X85.767 Y111.755 E6.27887
G1 X87.317 Y111.755 E6.35985
G1 X87.317 Y111.93 E6.36899
M106 S226.95
;TYPE:External perimeter
;WIDTH:0.45
;HEIGHT:0.3
G1 F1800
G1 X87.317 Y114.67 E6.50077
G1 X87.352 Y114.741 E6.50458
G1 X87.736 Y114.857 F7800
G1 E4.50458 F2400
G92 E0
G1 X84.923 Y116.116 F7800
G1 E2 F2400
;TYPE:Solid infill
G1 F3000
G1 X84.923 Y118.715 E2.125
G1 X88.355 Y118.715 E2.29007
G1 X85.577 Y115.922 E2.47954
G1 X84.923 Y115.923 E2.511
G1 X85.308 Y116.309 E2.53722
G1 X85.403 Y116.309 E2.54179
G1 X87.424 Y118.329 E2.67922
G1 X85.308 Y118.329 E2.78099
G1 X85.308 Y116.501 E2.86891
G1 X85.715 Y117.194 F7800
;WIDTH:0.491104
G1 F3000
G1 X86.443 Y117.923 E2.92374
G1 X85.715 Y117.923 E2.96249
G1 X85.715 Y117.387 E2.99102
G1 X86.022 Y115.836 F7800
;WIDTH:0.45
G1 F3000
G1 X88.9 Y118.715 E3.18681
G1 X89.445 Y118.715 E3.21302
G1 X86.365 Y115.634 E3.42255
G1 X86.542 Y115.356 E3.4384
;WIDTH:0.404381
G1 X86.859 Y115.663 E3.45711
;WIDTH:0.45
G1 X87.132 Y115.855 E3.47316
G1 X89.991 Y118.715 E3.66766
G1 X90.341 Y118.795 E3.68493
;WIDTH:0.404381
G1 X90.308 Y118.67 E3.69041
G1 X89.851 Y118.152 E3.7197
;WIDTH:0.45
G1 X89.701 Y117.88 E3.73464
G1 X87.744 Y115.923 E3.86775
G1 X88.29 Y115.923 E3.89401
G1 X89.666 Y117.299 E3.9876
G1 X89.032 Y116.085 F7800
;WIDTH:0.5005
G1 F3000
G1 X89.641 Y116.693 E4.03441
G1 X89.641 Y115.948 E4.07493
G1 X88.896 Y115.948 E4.11545
G1 E2.11545 F2400
G92 E0
G1 X86.837 Y102.659 F7800
G1 E2 F2400
;TYPE:Perimeter
;WIDTH:0.45
G1 F1800
G1 X86.706 Y102.798 E2.00919
;WIDTH:0.457525
G1 X86.542 Y103.33 E2.03649
G1 X86.378 Y102.798 E2.06379
;WIDTH:0.45
G1 X86.155 Y102.561 E2.07944
G1 X86.008 Y102.469 E2.08778
G1 X85.574 Y102.366 E2.10923
G1 X84.634 Y102.366 E2.15444
G1 X84.634 Y98.996 E2.31653
G1 X90.919 Y98.986 E2.61882
;WIDTH:0.429704
G1 X98.942 Y98.986 E2.98439
G1 X98.942 Y99.169 E2.99273
;WIDTH:0.429702
G1 X98.942 Y99.351 E3.00102
G1 X90.919 Y99.351 E3.36659
;WIDTH:0.438316
G1 X90.754 Y99.362 E3.3743
;WIDTH:0.45
G1 X90.341 Y99.534 E3.39582
G1 X90.03 Y99.934 E3.42019
G1 X89.955 Y100.305 E3.43839
G1 X89.955 Y102.366 E3.53752
G1 X87.51 Y102.366 E3.65512
G1 X87.169 Y102.429 E3.6718
G1 X86.928 Y102.561 E3.68502
G1 X86.878 Y102.615 E3.68856
G1 E1.68856 F2400
G92 E0
G1 X86.542 Y105.295 F7800
G1 E2 F2400
;WIDTH:0.457525
G1 F1800
G1 X86.542 Y103.33 E2.09635
G1 X87.114 Y102.934 F7800
;WIDTH:0.45
G1 F3162
G1 X87.027 Y103.011 E2.10194
G1 X86.931 Y103.33 E2.11796
G1 X86.931 Y105.684 E2.23118
G1 X86.152 Y105.684 E2.26865
G1 X86.152 Y103.33 E2.38187
G1 X86.056 Y103.011 E2.39789
G1 X85.834 Y102.814 E2.41217
G1 X85.574 Y102.752 E2.42503
G1 X84.248 Y102.752 E2.48881
G1 X84.248 Y98.611 E2.68798
G1 X99.318 Y98.611 E3.41279
G1 X99.317 Y99.169 E3.43963
G1 X99.317 Y99.727 E3.46647
G1 X90.919 Y99.727 E3.87038
G1 X90.572 Y99.843 E3.88798
G1 X90.386 Y100.083 E3.90258
G1 X90.341 Y100.305 E3.91347
G1 X90.34 Y102.752 E4.03116
G1 X87.51 Y102.752 E4.16727
G1 X87.249 Y102.814 E4.18017
G1 X87.159 Y102.894 E4.18596
G1 X87.379 Y103.205 F7800
;TYPE:External perimeter
G1 F1800
G1 X87.317 Y103.33 E4.19267
G1 X87.317 Y105.895 E4.31604
;TYPE:Overhang perimeter
;WIDTH:0.4
;HEIGHT:0.4
M106 S255
G1 F3600
G1 X87.317 Y106.07 E4.32518
G1 X85.767 Y106.07 E4.40616
G1 X85.767 Y105.895 E4.4153
M106 S226.95
;TYPE:External perimeter
;WIDTH:0.45
;HEIGHT:0.3
G1 F1800
G1 X85.767 Y103.33 E4.53867
G1 X85.69 Y103.176 E4.54695
G1 X85.574 Y103.137 E4.55284
G1 X83.862 Y103.137 E4.63518
G1 X83.862 Y98.225 E4.87143
G1 X99.704 Y98.225 E5.63338
G1 X99.703 Y99.17 E5.67883
G1 X99.702 Y100.112 E5.72414
G1 X90.919 Y100.112 E6.14657
G1 X90.804 Y100.151 E6.15241
G1 X90.727 Y100.305 E6.16069
G1 X90.726 Y103.137 E6.2969
G1 X87.51 Y103.137 E6.45158
G1 X87.42 Y103.168 E6.45616
G1 X87.325 Y103.556 F7800
G1 E4.45616 F2400
G92 E0
G1 X84.923 Y102.077 F7800
G1 E2 F2400
;TYPE:Solid infill
G1 F3000
G1 X84.923 Y99.285 E2.13429
G1 X90.185 Y99.275 E2.38737
G1 X89.79 Y99.783 E2.41832
G1 X89.666 Y100.315 E2.44459
G1 X89.666 Y102.077 E2.52934
G1 X87.514 Y102.077 E2.63284
G1 X87.103 Y102.148 E2.6529
G1 X86.8 Y102.304 E2.66929
G1 X86.542 Y102.551 E2.68647
G1 X86.351 Y102.351 E2.69977
G1 X85.98 Y102.148 E2.72011
G1 X85.567 Y102.077 E2.74027
G1 X85.116 Y102.077 E2.76196
G1 X85.308 Y101.691 E2.7827
G1 X85.308 Y99.67 E2.8799
G1 X89.432 Y99.662 E3.07825
G1 X89.375 Y99.788 E3.0849
G1 X89.281 Y100.315 E3.11065
G1 X89.28 Y101.691 E3.17683
G1 X87.513 Y101.691 E3.26182
G1 X86.931 Y101.798 E3.29028
G1 X86.542 Y102.016 E3.31173
G1 X86.475 Y101.968 E3.31569
G1 X85.979 Y101.748 E3.34179
G1 X85.501 Y101.708 E3.36486
G1 X85.694 Y100.248 F7800
G1 F3000
G1 X85.694 Y101.315 E3.41618
G1 X86.263 Y101.429 E3.44409
G1 X86.538 Y101.568 E3.45891
G1 X86.793 Y101.437 E3.4727
G1 X87.342 Y101.321 E3.49969
G1 X88.895 Y101.306 E3.57439
G1 X88.895 Y100.314 E3.6221
G1 X88.929 Y100.049 E3.63495
G1 X85.694 Y100.055 E3.79054
G1 X86.148 Y100.508 E3.82139
;WIDTH:0.587173
G1 X86.845 Y100.486 E3.86686
;WIDTH:0.545388
G1 X87.513 Y100.461 E3.90696
;WIDTH:0.499549
G1 X88.485 Y100.46 E3.95972
G1 X88.484 Y100.895 E3.98333
G1 X87.511 Y100.896 E4.03614
;WIDTH:0.545388
G1 X86.888 Y100.963 E4.07373
;WIDTH:0.587173
G1 X86.534 Y101.055 E4.09758
G1 X86.148 Y100.927 E4.1241
G1 X86.148 Y100.701 E4.13884
G1 E2.13884 F2400
G92 E0
G92 E0
G1 X81.186 Y85.279 F7800
G1 E2 F2400
;TYPE:Perimeter
;WIDTH:0.45
G1 F1800
G1 X81.317 Y85.139 E2.00922
;WIDTH:0.464917
G1 X81.481 Y84.692 E2.03301
G1 X81.645 Y85.139 E2.0568
;WIDTH:0.45
G1 X81.868 Y85.376 E2.07245
G1 X82.015 Y85.468 E2.08079
G1 X82.449 Y85.571 E2.10224
G1 X84.896 Y85.571 E2.21993
G1 X84.896 Y87.256 E2.30097
G1 X84.896 Y88.941 E2.38201
G1 X79.573 Y88.941 E2.63803
G1 X79.558 Y86.711 E2.74529
G1 X79.296 Y86.204 E2.77274
G1 X78.609 Y85.926 E2.80839
;WIDTH:0.429703
G1 X70.718 Y85.926 E3.16794
G1 X70.718 Y85.561 E3.18457
G1 X78.609 Y85.561 E3.54412
;WIDTH:0.45
G1 X80.513 Y85.571 E3.6357
G1 X80.8 Y85.528 E3.64966
G1 X81.095 Y85.376 E3.66562
G1 X81.145 Y85.323 E3.66912
G1 E1.66912 F2400
G92 E0
G1 X81.481 Y82.468 F7800
G1 E2 F2400
;WIDTH:0.464917
G1 F1800
G1 X81.481 Y84.692 E2.1111
G1 X80.909 Y85.004 F7800
;WIDTH:0.45
G1 F3162
G1 X80.996 Y84.926 E2.11672
G1 X81.092 Y84.607 E2.13274
G1 X81.092 Y82.079 E2.25433
G1 X81.871 Y82.079 E2.2918
G1 X81.871 Y84.607 E2.41339
G1 X81.967 Y84.926 E2.42941
G1 X82.189 Y85.124 E2.44372
G1 X82.449 Y85.186 E2.45658
G1 X85.282 Y85.186 E2.59284
G1 X85.282 Y87.256 E2.6924
G1 X85.282 Y89.327 E2.79201
G1 X79.187 Y89.327 E3.08516
G1 X79.186 Y86.834 E3.20506
G1 X79.021 Y86.475 E3.22406
G1 X78.609 Y86.302 E3.24555
G1 X70.343 Y86.302 E3.64312
G1 X70.343 Y85.186 E3.6968
G1 X80.513 Y85.186 E4.18594
G1 X80.774 Y85.124 E4.19884
G1 X80.864 Y85.043 E4.20466
G1 X80.644 Y84.733 F7800
;TYPE:External perimeter
G1 F1800
G1 X80.706 Y84.607 E4.21141
G1 X80.706 Y81.867 E4.34319
;TYPE:Overhang perimeter
;WIDTH:0.4
;HEIGHT:0.4
M106 S255
G1 F3600
G1 X80.706 Y81.693 E4.35228
G1 X82.256 Y81.693 E4.43326
G1 X82.256 Y81.867 E4.44235
M106 S226.95
;TYPE:External perimeter
;WIDTH:0.45
;HEIGHT:0.3
G1 F1800
G1 X82.256 Y84.607 E4.57413
G1 X82.333 Y84.761 E4.58241
G1 X82.449 Y84.8 E4.5883
G1 X85.668 Y84.8 E4.74312
G1 X85.668 Y87.256 E4.86125
G1 X85.668 Y89.712 E4.97938
G1 X78.802 Y89.712 E5.30961
G1 X78.802 Y86.88 E5.44582
G1 X78.746 Y86.745 E5.45285
G1 X78.609 Y86.687 E5.46001
G1 X69.957 Y86.687 E5.87614
G1 X69.957 Y84.8 E5.9669
G1 X80.513 Y84.8 E6.47461
G1 X80.603 Y84.77 E6.47917
G1 X80.698 Y84.381 F7800
G1 E4.47917 F2400
G92 E0
G1 X79.234 Y85.868 F7800
G1 E2 F2400
;TYPE:Solid infill
G1 F3000
G1 X80.518 Y85.86 E2.06176
G1 X83.294 Y88.652 E2.25113
G1 X79.862 Y88.652 E2.4162
G1 X79.862 Y86.885 E2.50119
G1 X79.825 Y86.617 E2.5142
G1 X79.536 Y86.057 E2.54451
G1 X79.397 Y85.97 E2.5524
G1 X80.066 Y86.243 E2.58715
G1 X80.341 Y86.245 E2.60038
G1 X82.363 Y88.266 E2.73788
G1 X80.248 Y88.266 E2.8396
G1 X80.23 Y86.654 E2.91714
G1 X80.137 Y86.422 E2.92916
G1 X80.654 Y87.132 F7800
;WIDTH:0.491104
G1 F3000
G1 X81.382 Y87.86 E2.98396
G1 X80.654 Y87.86 E3.02271
G1 X80.654 Y87.325 E3.05118
G1 X80.964 Y85.777 F7800
;WIDTH:0.45
G1 F3000
G1 X83.839 Y88.652 E3.24673
G1 X84.702 Y88.747 F7800
;WIDTH:0.404381
G1 F3000
G1 X84.728 Y88.64 E3.2514
;WIDTH:0.45
G1 X84.385 Y88.652 E3.26791
G1 X81.304 Y85.572 E3.47744
G1 X82.071 Y85.793 F7800
G1 F3000
G1 X82.458 Y85.86 E3.49633
G1 X84.607 Y85.86 E3.59969
G1 X84.607 Y88.329 E3.71844
G1 X82.207 Y85.929 E3.88169
G1 X83.244 Y86.318 F7800
;WIDTH:0.594644
G1 F3000
G1 X84.149 Y86.318 E3.94154
G1 X84.149 Y87.224 E4.00146
G1 X83.38 Y86.455 E4.07339
G1 E2.07339 F2400
G92 E0
G1 X81.186 Y72.596 F7800
G1 E2 F2400
;TYPE:Perimeter
;WIDTH:0.45
G1 F1800
G1 X81.095 Y72.499 E2.0064
G1 X80.854 Y72.366 E2.01964
G1 X80.513 Y72.304 E2.03631
G1 X78.609 Y72.314 E2.12789
;WIDTH:0.429703
G1 X70.718 Y72.314 E2.48744
G1 X70.718 Y71.949 E2.50407
G1 X78.609 Y71.949 E2.86362
;WIDTH:0.438316
G1 X78.775 Y71.938 E2.87138
;WIDTH:0.45
G1 X79.296 Y71.671 E2.89954
G1 X79.558 Y71.164 E2.92699
G1 X79.573 Y70.995 E2.93515
G1 X79.573 Y68.934 E3.03428
G1 X84.896 Y68.934 E3.2903
G1 X84.896 Y70.619 E3.37134
G1 X84.896 Y72.304 E3.45238
G1 X82.449 Y72.304 E3.57007
G1 X82.108 Y72.366 E3.58674
G1 X81.868 Y72.499 E3.59994
G1 X81.645 Y72.736 E3.61559
;WIDTH:0.457525
G1 X81.481 Y73.268 E3.64289
G1 X81.317 Y72.736 E3.67019
;WIDTH:0.45
G1 X81.227 Y72.64 E3.67652
G1 E1.67652 F2400
G92 E0
G1 X81.481 Y75.232 F7800
G1 E2 F2400
;WIDTH:0.457525
G1 F1800
G1 X81.481 Y73.268 E2.0963
G1 X80.909 Y72.871 F7800
;WIDTH:0.45
G1 F3162
G1 X80.774 Y72.751 E2.10499
G1 X80.513 Y72.689 E2.11789
G1 X70.343 Y72.689 E2.60703
G1 X70.343 Y71.573 E2.66071
G1 X78.709 Y71.564 E3.06309
G1 X79.021 Y71.4 E3.08004
G1 X79.178 Y71.096 E3.0965
G1 X79.187 Y68.548 E3.21905
G1 X85.282 Y68.548 E3.5122
G1 X85.282 Y70.619 E3.61181
G1 X85.282 Y72.689 E3.71137
G1 X82.449 Y72.689 E3.84763
G1 X82.189 Y72.751 E3.86049
G1 X81.967 Y72.949 E3.8748
G1 X81.871 Y73.268 E3.89082
G1 X81.871 Y75.621 E4.00399
G1 X81.092 Y75.621 E4.04146
G1 X81.092 Y73.268 E4.15463
G1 X80.996 Y72.949 E4.17065
G1 X80.954 Y72.911 E4.17337
G1 X80.644 Y73.142 F7800
;TYPE:External perimeter
G1 F1800
G1 X80.63 Y73.114 E4.17488
G1 X80.513 Y73.075 E4.18081
G1 X69.957 Y73.075 E4.68852
G1 X69.957 Y71.187 E4.77933
G1 X78.609 Y71.187 E5.19546
G1 X78.746 Y71.13 E5.2026
G1 X78.802 Y70.995 E5.20963
G1 X78.802 Y68.162 E5.34589
G1 X85.668 Y68.162 E5.67612
G1 X85.668 Y70.619 E5.79429
G1 X85.668 Y73.075 E5.91242
G1 X82.449 Y73.075 E6.06724
G1 X82.333 Y73.114 E6.07313
G1 X82.256 Y73.268 E6.08141
G1 X82.256 Y75.833 E6.20478
;TYPE:Overhang perimeter
;WIDTH:0.4
;HEIGHT:0.4
M106 S255
G1 F3600
G1 X82.256 Y76.007 E6.21387
G1 X80.706 Y76.007 E6.29485
G1 X80.706 Y75.833 E6.30394
M106 S226.95
;TYPE:External perimeter
;WIDTH:0.45
;HEIGHT:0.3
G1 F1800
G1 X80.706 Y73.268 E6.42731
G1 X80.67 Y73.196 E6.43118
G1 X80.287 Y73.081 F7800
G1 X79.299 Y72.023
;TYPE:Solid infill
G1 F3000
G1 X79.533 Y71.823 E6.44599
G1 X79.825 Y71.258 E6.47658
G1 X79.862 Y70.99 E6.48959
G1 X79.862 Y69.223 E6.57458
G1 X84.607 Y69.223 E6.8028
G1 X84.607 Y72.015 E6.93709
G1 X82.453 Y72.015 E7.04069
G1 X82.042 Y72.086 E7.06075
G1 X81.718 Y72.253 E7.07828
G1 X81.481 Y72.488 E7.09433
G1 X81.291 Y72.289 E7.10756
G1 X80.979 Y72.107 E7.12493
G1 X80.508 Y72.015 E7.14801
G1 X79.492 Y72.022 E7.19688
G1 X80.066 Y71.632 E7.23026
G1 X80.221 Y71.284 E7.24858
G1 X80.248 Y70.99 E7.26278
G1 X80.248 Y69.609 E7.3292
G1 X84.222 Y69.609 E7.52034
G1 X84.222 Y71.629 E7.61749
G1 X82.453 Y71.629 E7.70257
G1 X81.871 Y71.735 E7.73102
G1 X81.481 Y71.954 E7.75253
G1 X81.091 Y71.735 E7.77404
G1 X80.569 Y71.632 E7.79963
G1 X80.259 Y71.632 E7.81454
G1 X80.619 Y71.183 E7.84222
G1 X80.614 Y71.249 E7.8454
G1 X81.14 Y71.346 E7.87113
G1 X81.481 Y71.503 E7.88919
G1 X81.734 Y71.374 E7.90285
G1 X82.281 Y71.259 E7.92973
G1 X83.836 Y71.243 E8.00452
G1 X83.836 Y69.994 E8.06459
G1 X80.633 Y69.994 E8.21864
G1 X80.633 Y70.99 E8.26654
G1 X81.087 Y70.872 E8.2891
;WIDTH:0.584871
G1 X81.087 Y70.447 E8.31669
G1 X81.785 Y70.426 E8.36202
;WIDTH:0.543373
G1 X82.453 Y70.403 E8.40195
;WIDTH:0.496141
G1 X83.427 Y70.403 E8.4544
G1 X83.427 Y70.835 E8.47766
G1 X82.453 Y70.835 E8.53011
;WIDTH:0.543373
G1 X81.828 Y70.902 E8.56766
;WIDTH:0.584871
G1 X81.495 Y70.983 E8.58991
G1 X81.273 Y70.923 E8.60484
;LAYER_CHANGE
;Z:10.85
;HEIGHT:0.3
G1 E6.60484 F2400
G92 E0
G1 Z10.85 F7800
G92 E0
G1 X86.837 Y115.341
G1 E2 F2400
;TYPE:Perimeter
;WIDTH:0.45
G1 F1800
G1 X86.928 Y115.439 E2.00643
G1 X87.076 Y115.531 E2.01481
G1 X87.51 Y115.634 E2.03626
G1 X90.244 Y115.634 E2.16776
G1 X90.241 Y117.693 E2.26679
G1 X90.315 Y118.064 E2.28499
G1 X90.626 Y118.465 E2.3094
G1 X91.205 Y118.649 E2.33862
;WIDTH:0.429703
G1 X98.599 Y118.649 E2.67553
G1 X98.6 Y118.831 E2.68382
;WIDTH:0.429701
G1 X98.601 Y119.014 E2.69216
G1 X91.205 Y119.014 E3.02916
;WIDTH:0.45
G1 X84.532 Y119.004 E3.35011
G1 X84.532 Y115.634 E3.5122
G1 X85.574 Y115.634 E3.56232
G1 X85.82 Y115.602 E3.57425
G1 X86.155 Y115.439 E3.59217
G1 X86.378 Y115.202 E3.60782
;WIDTH:0.464917
G1 X86.542 Y114.754 E3.63165
G1 X86.706 Y115.202 E3.65548
;WIDTH:0.45
G1 X86.796 Y115.298 E3.66181
G1 E1.66181 F2400
G92 E0
G1 X86.542 Y111.642 F7800
G1 E2 F2400
;WIDTH:0.464917
G1 F1800
G1 X86.542 Y114.754 E2.15547
G1 X87.114 Y115.066 F7800
;WIDTH:0.45
G1 F3600
G1 X87.249 Y115.186 E2.16416
G1 X87.51 Y115.248 E2.17706
G1 X90.63 Y115.248 E2.32712
G1 X90.627 Y117.694 E2.44476
G1 X90.671 Y117.917 E2.45569
G1 X90.858 Y118.157 E2.47032
G1 X91.205 Y118.273 E2.48792
G1 X98.974 Y118.273 E2.86158
G1 X98.976 Y118.829 E2.88832
G1 X98.978 Y119.389 E2.91525
G1 X84.147 Y119.389 E3.62857
G1 X84.147 Y115.248 E3.82774
G1 X85.574 Y115.248 E3.89637
G1 X85.834 Y115.186 E3.90923
G1 X86.056 Y114.989 E3.92351
G1 X86.152 Y114.67 E3.93953
G1 X86.152 Y111.33 E4.10017
;TYPE:Overhang perimeter
;WIDTH:0.4
;HEIGHT:0.4
M106 S255
G1 X86.152 Y111.253 E4.10419
G1 X86.931 Y111.253 E4.14489
G1 X86.931 Y111.33 E4.14891
M106 S226.95
;TYPE:Perimeter
;WIDTH:0.45
;HEIGHT:0.3
G1 X86.931 Y114.67 E4.30955
G1 X87.027 Y114.989 E4.32557
G1 X87.069 Y115.026 E4.32826
G1 X87.379 Y114.795 F7800
;TYPE:External perimeter
G1 F1800
G1 X87.393 Y114.823 E4.32977
G1 X87.51 Y114.862 E4.3357
G1 X91.016 Y114.862 E4.50433
G1 X91.013 Y117.694 E4.64054
G1 X91.09 Y117.849 E4.64886
G1 X91.205 Y117.887 E4.65469
G1 X99.358 Y117.887 E5.04682
G1 X99.361 Y118.828 E5.09208
G1 X99.365 Y119.775 E5.13763
G1 X83.761 Y119.775 E5.88813
G1 X83.761 Y114.862 E6.12443
G1 X85.574 Y114.862 E6.21163
G1 X85.69 Y114.823 E6.21752
G1 X85.767 Y114.67 E6.22576
G1 X85.767 Y111.33 E6.3864
;TYPE:Overhang perimeter
;WIDTH:0.4
;HEIGHT:0.4
M106 S255
G1 F3600
G1 X85.767 Y110.867 E6.41059
G1 X87.317 Y110.867 E6.49157
G1 X87.317 Y111.33 E6.51576
M106 S226.95
;TYPE:External perimeter
;WIDTH:0.45
;HEIGHT:0.3
G1 F1800
G1 X87.317 Y114.67 E6.6764
G1 X87.352 Y114.741 E6.68021
G1 X87.736 Y114.857 F7800
G1 X86.542 Y115.449
;TYPE:Solid infill
G1 F3000
G1 X86.732 Y115.648 E6.69344
G1 X87.04 Y115.829 E6.71062
G1 X87.518 Y115.923 E6.73405
G1 X89.954 Y115.923 E6.85121
G1 X89.956 Y117.721 E6.93769
G1 X90.075 Y118.216 E6.96218
G1 X90.462 Y118.715 E6.99255
G1 X84.822 Y118.715 E7.26381
G1 X84.822 Y115.923 E7.3981
G1 X85.568 Y115.923 E7.43398
G1 X85.871 Y115.885 E7.44867
G1 X86.294 Y115.691 E7.47105
G1 X86.404 Y115.584 E7.47843
G1 X86.542 Y115.984 E7.49878
G1 X86.926 Y116.2 E7.51997
G1 X87.518 Y116.309 E7.54892
G1 X89.568 Y116.309 E7.64752
G1 X89.578 Y117.797 E7.71909
G1 X89.714 Y118.329 E7.7455
G1 X85.207 Y118.329 E7.96227
G1 X85.207 Y116.309 E8.05942
G1 X85.642 Y116.304 E8.08034
G1 X86.098 Y116.214 E8.1027
G1 X86.371 Y116.073 E8.11748
G1 X86.535 Y116.431 E8.13642
G1 X86.668 Y116.504 E8.14372
G1 X86.96 Y116.608 E8.15863
G1 X87.518 Y116.694 E8.18578
G1 X89.182 Y116.694 E8.26581
G1 X89.181 Y117.32 E8.29592
G1 X89.214 Y117.943 E8.32593
G1 X85.593 Y117.943 E8.50009
G1 X85.593 Y116.693 E8.56021
G1 X86.092 Y116.626 E8.58443
G1 X86.359 Y116.509 E8.59845
G1 X86.692 Y117.005 E8.62718
;WIDTH:0.587203
G1 X86.465 Y116.97 E8.64216
G1 X86.047 Y117.097 E8.67065
G1 X86.047 Y117.489 E8.69621
G1 X86.839 Y117.51 E8.74787
;WIDTH:0.544623
G1 X87.518 Y117.535 E8.78857
;WIDTH:0.496141
G1 X88.772 Y117.535 E8.8561
G1 X88.773 Y117.103 E8.87936
G1 X87.518 Y117.103 E8.94694
;WIDTH:0.544623
G1 X86.882 Y117.034 E8.98526
G1 E6.98526 F2400
G92 E0
G1 X86.837 Y102.659 F7800
G1 E2 F2400
;TYPE:Perimeter
;WIDTH:0.45
G1 F1800
G1 X86.706 Y102.798 E2.00919
;WIDTH:0.457525
G1 X86.542 Y103.33 E2.03649
G1 X86.378 Y102.798 E2.06379
;WIDTH:0.45
G1 X86.155 Y102.561 E2.07944
G1 X85.915 Y102.429 E2.09261
G1 X85.574 Y102.366 E2.10929
G1 X84.532 Y102.366 E2.15941
G1 X84.532 Y98.996 E2.3215
G1 X91.205 Y98.986 E2.64245
;WIDTH:0.429704
G1 X98.601 Y98.986 E2.97945
G1 X98.6 Y99.169 E2.98779
;WIDTH:0.429702
G1 X98.599 Y99.351 E2.99608
G1 X91.205 Y99.351 E3.33299
;WIDTH:0.438316
G1 X91.04 Y99.362 E3.3407
;WIDTH:0.45
G1 X90.626 Y99.534 E3.36226
G1 X90.315 Y99.936 E3.38671
G1 X90.241 Y100.306 E3.40486
G1 X90.244 Y102.366 E3.50394
G1 X87.51 Y102.366 E3.63544
G1 X87.169 Y102.429 E3.65212
G1 X86.928 Y102.561 E3.66534
G1 X86.878 Y102.615 E3.66888
G1 E1.66888 F2400
G92 E0
G1 X86.542 Y106.183 F7800
G1 E2 F2400
;WIDTH:0.457525
G1 F1800
G1 X86.542 Y103.33 E2.1399
G1 X87.114 Y102.934 F7800
;WIDTH:0.45
G1 F3600
G1 X87.027 Y103.011 E2.14549
G1 X86.931 Y103.33 E2.16151
G1 X86.931 Y106.495 E2.31374
;TYPE:Overhang perimeter
;WIDTH:0.4
;HEIGHT:0.4
M106 S255
G1 X86.931 Y106.572 E2.31776
G1 X86.152 Y106.572 E2.35846
G1 X86.152 Y106.495 E2.36248
M106 S226.95
;TYPE:Perimeter
;WIDTH:0.45
;HEIGHT:0.3
G1 X86.152 Y103.33 E2.51471
G1 X86.056 Y103.011 E2.53073
G1 X85.834 Y102.814 E2.54501
G1 X85.574 Y102.752 E2.55787
G1 X84.147 Y102.752 E2.6265
G1 X84.147 Y98.611 E2.82567
G1 X98.978 Y98.611 E3.53899
G1 X98.976 Y99.171 E3.56592
G1 X98.974 Y99.727 E3.59266
G1 X91.205 Y99.727 E3.96632
G1 X90.858 Y99.843 E3.98392
G1 X90.671 Y100.083 E3.99855
G1 X90.627 Y100.306 E4.00948
G1 X90.63 Y102.752 E4.12712
G1 X87.51 Y102.752 E4.27718
G1 X87.249 Y102.814 E4.29008
G1 X87.159 Y102.894 E4.29587
G1 X87.379 Y103.205 F7800
;TYPE:External perimeter
G1 F1800
G1 X87.317 Y103.33 E4.30258
G1 X87.317 Y106.495 E4.45481
;TYPE:Overhang perimeter
;WIDTH:0.4
;HEIGHT:0.4
M106 S255
G1 F3600
G1 X87.317 Y106.958 E4.479
G1 X85.767 Y106.958 E4.55998
G1 X85.767 Y106.495 E4.58417
M106 S226.95
;TYPE:External perimeter
;WIDTH:0.45
;HEIGHT:0.3
G1 F1800
G1 X85.767 Y103.33 E4.7364
G1 X85.69 Y103.176 E4.74468
G1 X85.574 Y103.137 E4.75057
G1 X83.761 Y103.137 E4.83777
G1 X83.761 Y98.225 E5.07402
G1 X99.365 Y98.225 E5.82452
G1 X99.361 Y99.172 E5.87007
G1 X99.358 Y100.112 E5.91528
G1 X91.205 Y100.112 E6.30741
G1 X91.09 Y100.151 E6.31325
G1 X91.013 Y100.306 E6.32157
G1 X91.016 Y103.137 E6.45773
G1 X87.51 Y103.137 E6.62636
G1 X87.42 Y103.168 E6.63094
G1 X87.325 Y103.556 F7800
G1 E4.63094 F2400
G92 E0
G1 X88.067 Y99.279 F7800
G1 E2 F2400
;TYPE:Solid infill
G1 F3000
G1 X84.822 Y99.285 E2.15607
G1 X84.822 Y102.077 E2.29036
G1 X85.515 Y102.077 E2.32369
G1 X85.595 Y101.944 E2.33115
G1 X88.26 Y99.279 E2.51242
G1 X88.996 Y99.102 E2.54883
;WIDTH:0.404381
G1 X88.925 Y99.083 E2.55195
G1 X88.944 Y99.154 E2.55507
G1 X88.985 Y99.143 E2.55687
;WIDTH:0.45
G1 X88.807 Y99.278 E2.56761
G1 X85.946 Y102.138 E2.76218
G1 X86.57 Y102.608 F7800
;WIDTH:0.418383
G1 F3000
G1 X86.527 Y102.619 E2.76414
G1 X86.508 Y102.545 E2.76751
G1 X86.582 Y102.565 E2.77089
;WIDTH:0.45
G1 X86.311 Y102.319 E2.78849
G1 X89.353 Y99.277 E2.9954
G1 X89.899 Y99.276 E3.02166
G1 X86.959 Y102.216 E3.22164
G1 X87.643 Y102.077 E3.25521
G1 X90.446 Y99.275 E3.44583
G1 X90.137 Y100.03 F7800
;WIDTH:0.404381
G1 F3000
G1 X90.066 Y100.011 E3.44895
G1 X90.085 Y100.082 E3.45207
G1 X90.126 Y100.071 E3.45387
;WIDTH:0.45
G1 X89.952 Y100.314 E3.46824
G1 X88.189 Y102.077 E3.58816
G1 X89.817 Y100.995 F7800
G1 F3000
G1 X88.734 Y102.077 E3.66179
G1 X89.954 Y102.077 E3.72047
G1 X89.953 Y100.858 E3.7791
G1 E1.7791 F2400
G92 E0
G1 X87.327 Y99.666 F7800
G1 E2 F2400
G1 F3000
G1 X85.302 Y101.691 E2.13774
G1 X85.207 Y101.691 E2.14231
G1 X85.207 Y99.67 E2.23951
G1 X87.135 Y99.667 E2.33224
G1 X86.344 Y100.075 F7800
;WIDTH:0.491756
G1 F3000
G1 X85.614 Y100.805 E2.38727
G1 X85.614 Y100.076 E2.42613
G1 X86.151 Y100.075 E2.45475
G1 E.45475 F2400
G92 E0
G92 E0
G1 X81.186 Y85.279 F7800
G1 E2 F2400
;TYPE:Perimeter
;WIDTH:0.45
G1 F1800
G1 X81.317 Y85.139 E2.00922
;WIDTH:0.464917
G1 X81.481 Y84.692 E2.03301
G1 X81.645 Y85.139 E2.0568
;WIDTH:0.45
G1 X81.868 Y85.376 E2.07245
G1 X82.015 Y85.468 E2.08079
G1 X82.449 Y85.571 E2.10224
G1 X85.105 Y85.571 E2.22998
G1 X85.105 Y87.256 E2.31102
G1 X85.104 Y88.941 E2.39206
G1 X79.472 Y88.941 E2.66294
G1 X79.472 Y86.88 E2.76207
G1 X79.35 Y86.412 E2.78533
G1 X79.03 Y86.07 E2.80786
G1 X78.508 Y85.926 E2.8339
;WIDTH:0.429703
G1 X71.064 Y85.926 E3.17309
G1 X71.064 Y85.561 E3.18972
G1 X78.508 Y85.561 E3.52891
;WIDTH:0.45
G1 X80.513 Y85.571 E3.62534
G1 X80.76 Y85.539 E3.63732
G1 X81.095 Y85.376 E3.65524
G1 X81.145 Y85.323 E3.65874
G1 E1.65874 F2400
G92 E0
G1 X81.481 Y81.579 F7800
G1 E2 F2400
;WIDTH:0.464917
G1 F1800
G1 X81.481 Y84.692 E2.15552
G1 X80.909 Y85.004 F7800
;WIDTH:0.45
G1 F3600
G1 X80.996 Y84.926 E2.16114
G1 X81.092 Y84.607 E2.17716
G1 X81.092 Y81.268 E2.33775
;TYPE:Overhang perimeter
;WIDTH:0.4
;HEIGHT:0.4
M106 S255
G1 X81.092 Y81.19 E2.34183
G1 X81.871 Y81.19 E2.38253
G1 X81.871 Y81.268 E2.38661
M106 S226.95
;TYPE:Perimeter
;WIDTH:0.45
;HEIGHT:0.3
G1 X81.871 Y84.607 E2.5472
G1 X81.967 Y84.926 E2.56322
G1 X82.189 Y85.124 E2.57753
G1 X82.449 Y85.186 E2.59039
G1 X85.49 Y85.186 E2.73665
G1 X85.49 Y87.256 E2.83621
G1 X85.49 Y89.327 E2.93582
G1 X79.086 Y89.327 E3.24383
G1 X79.086 Y86.88 E3.36152
G1 X79.013 Y86.599 E3.37548
G1 X78.821 Y86.394 E3.38899
G1 X78.508 Y86.302 E3.40468
G1 X70.688 Y86.302 E3.78079
G1 X70.688 Y85.186 E3.83447
G1 X80.513 Y85.186 E4.30702
G1 X80.774 Y85.124 E4.31992
G1 X80.864 Y85.043 E4.32574
G1 X80.644 Y84.733 F7800
;TYPE:External perimeter
G1 F1800
G1 X80.706 Y84.607 E4.33249
G1 X80.706 Y81.268 E4.49308
;TYPE:Overhang perimeter
;WIDTH:0.4
;HEIGHT:0.4
M106 S255
G1 F3600
G1 X80.706 Y80.804 E4.51732
G1 X82.256 Y80.804 E4.5983
G1 X82.256 Y81.268 E4.62254
M106 S226.95
;TYPE:External perimeter
;WIDTH:0.45
;HEIGHT:0.3
G1 F1800
G1 X82.256 Y84.607 E4.78313
G1 X82.333 Y84.761 E4.79141
G1 X82.449 Y84.8 E4.7973
G1 X85.876 Y84.8 E4.96213
G1 X85.876 Y87.256 E5.08026
G1 X85.876 Y89.712 E5.19839
G1 X78.701 Y89.712 E5.54348
G1 X78.699 Y86.856 E5.68084
G1 X78.612 Y86.718 E5.68869
G1 X78.508 Y86.687 E5.69391
G1 X70.303 Y86.687 E6.08854
G1 X70.303 Y84.8 E6.1793
G1 X80.513 Y84.8 E6.67037
G1 X80.603 Y84.77 E6.67493
G1 X80.698 Y84.381 F7800
G1 X81.481 Y85.387
;TYPE:Solid infill
G1 F3000
G1 X81.671 Y85.586 E6.68816
G1 X81.98 Y85.766 E6.70536
G1 X82.458 Y85.86 E6.72879
G1 X84.815 Y85.86 E6.84215
G1 X84.815 Y88.652 E6.97644
G1 X79.761 Y88.652 E7.21952
G1 X79.755 Y86.835 E7.30691
G1 X79.575 Y86.237 E7.33695
G1 X79.222 Y85.86 E7.36179
G1 X80.649 Y85.851 E7.43043
G1 X81.032 Y85.743 E7.44957
G1 X81.225 Y85.635 E7.46021
G1 X81.343 Y85.521 E7.4681
G1 X81.455 Y85.946 E7.48924
G1 X81.864 Y86.137 E7.51095
G1 X82.458 Y86.246 E7.54
G1 X84.43 Y86.246 E7.63485
G1 X84.43 Y88.266 E7.732
G1 X80.147 Y88.266 E7.938
G1 X80.147 Y87.203 E7.98913
G1 X80.128 Y86.737 E8.01156
G1 X79.998 Y86.241 E8.03622
G1 X80.651 Y86.237 E8.06763
G1 X81.145 Y86.111 E8.09215
G1 X81.285 Y86.036 E8.09979
G1 X81.491 Y86.377 E8.11895
G1 X81.9 Y86.546 E8.14023
G1 X82.458 Y86.632 E8.16738
G1 X84.044 Y86.632 E8.24366
G1 X84.044 Y87.881 E8.30373
G1 X80.532 Y87.881 E8.47264
G1 X80.532 Y87.203 E8.50525
G1 X80.501 Y86.64 E8.53237
G1 X81.011 Y86.556 E8.55723
G1 X81.31 Y86.444 E8.57259
G1 X81.407 Y86.91 E8.59548
;WIDTH:0.587688
G1 X81.822 Y86.972 E8.62287
;WIDTH:0.544622
G1 X82.458 Y87.04 E8.66118
;WIDTH:0.496141
G1 X83.635 Y87.04 E8.72456
G1 X83.635 Y87.472 E8.74782
G1 X82.458 Y87.472 E8.8112
;WIDTH:0.544622
G1 X81.779 Y87.448 E8.8519
;WIDTH:0.587688
G1 X80.987 Y87.426 E8.90361
G1 X80.987 Y87.031 E8.92939
G1 X81.222 Y86.963 E8.94536
G1 E6.94536 F2400
G92 E0
G1 X81.186 Y72.596 F7800
G1 E2 F2400
;TYPE:Perimeter
;WIDTH:0.45
G1 F1800
G1 X81.095 Y72.499 E2.0064
G1 X80.854 Y72.366 E2.01964
G1 X80.513 Y72.304 E2.03631
G1 X78.508 Y72.314 E2.13274
;WIDTH:0.429704
G1 X71.064 Y72.314 E2.47193
G1 X71.064 Y71.949 E2.48856
G1 X78.508 Y71.949 E2.82775
;WIDTH:0.438316
G1 X78.673 Y71.938 E2.83546
;WIDTH:0.45
G1 X79.03 Y71.805 E2.85378
G1 X79.35 Y71.463 E2.87631
G1 X79.472 Y70.995 E2.89957
G1 X79.472 Y68.934 E2.9987
G1 X85.104 Y68.934 E3.26958
G1 X85.105 Y70.619 E3.35062
G1 X85.105 Y72.304 E3.43166
G1 X82.449 Y72.304 E3.5594
G1 X82.108 Y72.366 E3.57607
G1 X81.868 Y72.499 E3.58927
G1 X81.645 Y72.736 E3.60492
;WIDTH:0.457525
G1 X81.481 Y73.268 E3.63222
G1 X81.317 Y72.736 E3.65952
;WIDTH:0.45
G1 X81.227 Y72.64 E3.66585
G1 E1.66585 F2400
G92 E0
G1 X81.481 Y76.121 F7800
G1 E2 F2400
;WIDTH:0.457525
G1 F1800
G1 X81.481 Y73.268 E2.1399
G1 X80.909 Y72.871 F7800
;WIDTH:0.45
G1 F3600
G1 X80.774 Y72.751 E2.14859
G1 X80.513 Y72.689 E2.16149
G1 X70.689 Y72.689 E2.63399
G1 X70.689 Y71.573 E2.68767
G1 X78.508 Y71.573 E3.06374
G1 X78.821 Y71.481 E3.07943
G1 X79.013 Y71.276 E3.09294
G1 X79.086 Y70.995 E3.1069
G1 X79.086 Y68.548 E3.22459
G1 X85.49 Y68.548 E3.5326
G1 X85.49 Y70.619 E3.63221
G1 X85.49 Y72.689 E3.73177
G1 X82.449 Y72.689 E3.87803
G1 X82.189 Y72.751 E3.89089
G1 X81.967 Y72.949 E3.9052
G1 X81.871 Y73.268 E3.92122
G1 X81.871 Y76.432 E4.0734
;TYPE:Overhang perimeter
;WIDTH:0.4
;HEIGHT:0.4
M106 S255
G1 X81.871 Y76.51 E4.07748
G1 X81.092 Y76.51 E4.11818
G1 X81.092 Y76.432 E4.12226
M106 S226.95
;TYPE:Perimeter
;WIDTH:0.45
;HEIGHT:0.3
G1 X81.092 Y73.268 E4.27444
G1 X80.996 Y72.949 E4.29046
G1 X80.954 Y72.911 E4.29318
G1 X80.644 Y73.142 F7800
;TYPE:External perimeter
G1 F1800
G1 X80.63 Y73.114 E4.29469
G1 X80.513 Y73.075 E4.30062
G1 X70.303 Y73.075 E4.79169
G1 X70.303 Y71.187 E4.8825
G1 X78.541 Y71.185 E5.27872
G1 X78.676 Y71.088 E5.28672
G1 X78.701 Y70.995 E5.29135
G1 X78.701 Y68.162 E5.42761
G1 X85.876 Y68.162 E5.7727
G1 X85.876 Y70.619 E5.89087
G1 X85.876 Y73.075 E6.009
G1 X82.449 Y73.075 E6.17383
G1 X82.333 Y73.114 E6.17972
G1 X82.256 Y73.268 E6.188
G1 X82.256 Y76.432 E6.34018
;TYPE:Overhang perimeter
;WIDTH:0.4
;HEIGHT:0.4
M106 S255
G1 F3600
G1 X82.256 Y76.896 E6.36442
G1 X80.706 Y76.896 E6.4454
G1 X80.706 Y76.432 E6.46964
M106 S226.95
;TYPE:External perimeter
;WIDTH:0.45
;HEIGHT:0.3
G1 F1800
G1 X80.706 Y73.268 E6.62182
G1 X80.67 Y73.196 E6.62569
G1 X80.287 Y73.081 F7800
G1 E4.62569 F2400
G92 E0
G1 X83 Y69.223 F7800
G1 E2 F2400
;TYPE:Solid infill
G1 F3000
G1 X79.761 Y69.223 E2.15578
G1 X79.752 Y71.124 E2.24721
G1 X79.575 Y71.638 E2.27336
G1 X79.212 Y72.026 E2.29892
G1 X80.473 Y72.024 E2.35957
G1 X80.477 Y71.939 E2.36366
G1 X83.193 Y69.223 E2.5484
G1 X83.739 Y69.223 E2.57466
G1 X80.886 Y72.076 E2.76872
G1 X81.509 Y72.545 F7800
;WIDTH:0.418421
G1 F3000
G1 X81.467 Y72.557 E2.77065
G1 X81.447 Y72.483 E2.77403
G1 X81.521 Y72.503 E2.77741
;WIDTH:0.45
G1 X81.251 Y72.256 E2.79501
G1 X84.284 Y69.223 E3.00131
G1 X84.815 Y69.237 E3.02686
G1 X81.899 Y72.154 E3.22524
G1 X82.583 Y72.015 E3.25881
G1 X84.815 Y69.782 E3.41066
G1 X84.815 Y70.328 E3.43692
G1 X83.128 Y72.015 E3.55167
G1 X84.608 Y71.18 F7800
;WIDTH:0.59157
G1 F3000
G1 X83.845 Y71.944 E3.62267
G1 X84.745 Y71.944 E3.68185
G1 X84.745 Y71.044 E3.74103
G1 E1.74103 F2400
G92 E0
G1 X82.262 Y69.609 F7800
G1 E2 F2400
;WIDTH:0.45
G1 F3000
G1 X80.232 Y71.639 E2.13808
G1 X79.999 Y71.639 E2.14929
G1 X80.138 Y71.126 E2.17485
G1 X80.144 Y69.609 E2.24781
G1 X82.069 Y69.609 E2.3404
G1 X81.28 Y70.016 F7800
;WIDTH:0.492673
G1 F3000
G1 X80.546 Y70.749 E2.39581
G1 X80.55 Y70.016 E2.43497
G1 X81.087 Y70.016 E2.46366
;LAYER_CHANGE
;Z:11.15
;HEIGHT:0.299999
G1 E.46366 F2400
G92 E0
G1 Z11.15 F7800
G92 E0
G1 X86.837 Y102.659
G1 E2 F2400
;TYPE:Perimeter
;WIDTH:0.45
G1 F1800
G1 X86.706 Y102.798 E2.00919
;WIDTH:0.457525
G1 X86.542 Y103.33 E2.03649
G1 X86.378 Y102.798 E2.06379
;WIDTH:0.45
G1 X86.155 Y102.561 E2.07944
G1 X85.915 Y102.429 E2.09261
G1 X85.574 Y102.366 E2.10929
G1 X84.532 Y102.366 E2.15941
G1 X84.532 Y98.996 E2.3215
G1 X91.536 Y98.986 E2.65837
;WIDTH:0.429704
G1 X98.184 Y98.986 E2.96129
G1 X98.185 Y99.168 E2.96958
;WIDTH:0.429702
G1 X98.185 Y99.351 E2.97792
G1 X91.536 Y99.351 E3.28088
;WIDTH:0.438316
G1 X91.371 Y99.362 E3.28859
;WIDTH:0.45
G1 X90.96 Y99.532 E3.30998
G1 X90.648 Y99.931 E3.33434
G1 X90.572 Y100.301 E3.35251
G1 X90.563 Y102.366 E3.45183
G1 X87.51 Y102.366 E3.59867
G1 X87.169 Y102.429 E3.61535
G1 X86.928 Y102.561 E3.62857
G1 X86.878 Y102.615 E3.63211
G1 E1.63211 F2400
G92 E0
G1 X86.542 Y114.754 F7800
G1 E2 F2400
;WIDTH:0.464919
G1 F1800
G1 X86.706 Y115.202 E2.02383
;WIDTH:0.45
G1 X86.928 Y115.439 E2.03945
G1 X87.076 Y115.531 E2.04783
G1 X87.51 Y115.634 E2.06928
G1 X90.563 Y115.634 E2.21612
G1 X90.572 Y117.699 E2.31544
G1 X90.648 Y118.069 E2.33361
G1 X90.96 Y118.468 E2.35797
G1 X91.536 Y118.649 E2.38701
;WIDTH:0.429703
G1 X98.185 Y118.649 E2.68997
G1 X98.184 Y119.014 E2.7066
G1 X91.536 Y119.014 E3.00952
;WIDTH:0.45
G1 X84.532 Y119.004 E3.34639
G1 X84.532 Y115.634 E3.50848
G1 X85.574 Y115.634 E3.5586
G1 X85.82 Y115.602 E3.57053
G1 X86.155 Y115.439 E3.58845
G1 X86.378 Y115.202 E3.6041
;WIDTH:0.464919
G1 X86.521 Y114.811 E3.6249
G1 X86.542 Y114.754 F7800
G1 F1800
G1 X86.542 Y114.67 E3.6291
;WIDTH:0.457525
G1 X86.542 Y110.442 E3.83642
;TYPE:Overhang perimeter
;WIDTH:0.4
;HEIGHT:0.4
M106 S255
G1 X86.542 Y107.383 E3.99624
M106 S226.95
;TYPE:Perimeter
;WIDTH:0.457525
;HEIGHT:0.3
G1 X86.542 Y103.33 E4.19498
G1 X87.114 Y102.934 F7800
;WIDTH:0.45
G1 F3600
G1 X87.027 Y103.011 E4.20057
G1 X86.931 Y103.33 E4.21659
G1 X86.931 Y107.383 E4.41153
;TYPE:Overhang perimeter
;WIDTH:0.4
;HEIGHT:0.4
M106 S255
G1 X86.931 Y110.442 E4.57135
M106 S226.95
;TYPE:Perimeter
;WIDTH:0.45
;HEIGHT:0.3
G1 X86.931 Y114.67 E4.7747
G1 X87.027 Y114.989 E4.79072
G1 X87.249 Y115.186 E4.805
G1 X87.51 Y115.248 E4.8179
G1 X90.946 Y115.248 E4.98316
G1 X90.958 Y117.697 E5.10095
G1 X91.004 Y117.92 E5.1119
G1 X91.191 Y118.158 E5.12646
G1 X91.536 Y118.273 E5.14395
G1 X98.561 Y118.273 E5.48183
G1 X98.558 Y119.389 E5.53551
G1 X84.147 Y119.389 E6.22863
G1 X84.147 Y115.248 E6.4278
G1 X85.574 Y115.248 E6.49643
G1 X85.834 Y115.186 E6.50929
G1 X86.056 Y114.989 E6.52357
G1 X86.152 Y114.67 E6.53959
G1 X86.152 Y110.442 E6.74294
;TYPE:Overhang perimeter
;WIDTH:0.4
;HEIGHT:0.4
M106 S255
G1 X86.152 Y107.383 E6.90276
M106 S226.95
;TYPE:Perimeter
;WIDTH:0.45
;HEIGHT:0.3
G1 X86.152 Y103.33 E7.0977
G1 X86.056 Y103.011 E7.11372
G1 X85.834 Y102.814 E7.128
G1 X85.574 Y102.752 E7.14086
G1 X84.147 Y102.752 E7.20949
G1 X84.147 Y98.611 E7.40866
G1 X98.559 Y98.611 E8.10183
G1 X98.56 Y99.167 E8.12857
G1 X98.562 Y99.727 E8.1555
G1 X91.536 Y99.727 E8.49343
G1 X91.191 Y99.842 E8.51092
G1 X91.004 Y100.08 E8.52548
G1 X90.958 Y100.303 E8.53643
G1 X90.946 Y102.752 E8.65422
G1 X87.51 Y102.752 E8.81948
G1 X87.249 Y102.814 E8.83238
G1 X87.159 Y102.894 E8.83817
G1 X87.379 Y103.205 F7800
;TYPE:External perimeter
G1 F1800
G1 X87.317 Y103.33 E8.84488
G1 X87.317 Y107.383 E9.03982
;TYPE:Overhang perimeter
;WIDTH:0.4
;HEIGHT:0.4
M106 S255
G1 F3600
G1 X87.317 Y110.442 E9.19964
M106 S226.95
;TYPE:External perimeter
;WIDTH:0.45
;HEIGHT:0.3
G1 F1800
G1 X87.317 Y114.67 E9.40299
G1 X87.393 Y114.823 E9.41121
G1 X87.51 Y114.862 E9.41714
G1 X91.33 Y114.862 E9.60087
G1 X91.344 Y117.696 E9.73718
G1 X91.421 Y117.849 E9.74542
G1 X91.536 Y117.887 E9.75125
G1 X98.948 Y117.887 E10.10774
G1 X98.943 Y119.775 E10.19855
G1 X83.761 Y119.775 E10.92875
G1 X83.761 Y114.862 E11.16505
G1 X85.574 Y114.862 E11.25225
G1 X85.69 Y114.823 E11.25814
G1 X85.767 Y114.67 E11.26638
G1 X85.767 Y110.442 E11.46973
;TYPE:Overhang perimeter
;WIDTH:0.4
;HEIGHT:0.4
M106 S255
G1 F3600
G1 X85.767 Y107.383 E11.62955
M106 S226.95
;TYPE:External perimeter
;WIDTH:0.45
;HEIGHT:0.3
G1 F1800
G1 X85.767 Y103.33 E11.82449
G1 X85.69 Y103.176 E11.83277
G1 X85.574 Y103.137 E11.83866
G1 X83.761 Y103.137 E11.92586
G1 X83.761 Y98.225 E12.16211
G1 X98.943 Y98.225 E12.89231
G1 X98.946 Y99.166 E12.93757
G1 X98.948 Y100.112 E12.98307
G1 X91.536 Y100.112 E13.33956
G1 X91.421 Y100.151 E13.3454
G1 X91.344 Y100.304 E13.35364
G1 X91.33 Y103.137 E13.4899
G1 X87.51 Y103.137 E13.67363
G1 X87.42 Y103.168 E13.67821
G1 X87.325 Y103.556 F7800
G1 E11.67821 F2400
G92 E0
G1 X84.822 Y102.077 F7800
G1 E2 F2400
;TYPE:Solid infill
G1 F3000
G1 X84.822 Y99.285 E2.13429
G1 X90.803 Y99.275 E2.42196
G1 X90.409 Y99.778 E2.45269
G1 X90.283 Y100.309 E2.47894
G1 X90.275 Y102.077 E2.56398
G1 X87.514 Y102.077 E2.69677
G1 X87.103 Y102.148 E2.71683
G1 X86.815 Y102.296 E2.7324
G1 X86.542 Y102.551 E2.75037
G1 X86.351 Y102.351 E2.76367
G1 X85.93 Y102.133 E2.78647
G1 X85.568 Y102.077 E2.80409
G1 X85.014 Y102.077 E2.83074
G1 X85.207 Y101.691 E2.8515
G1 X85.207 Y99.67 E2.9487
G1 X90.049 Y99.662 E3.18158
G1 X89.994 Y99.781 E3.18789
G1 X89.898 Y100.307 E3.21361
G1 X89.891 Y101.691 E3.28018
G1 X87.513 Y101.691 E3.39455
G1 X86.928 Y101.799 E3.42316
G1 X86.542 Y102.016 E3.44446
G1 X86.463 Y101.962 E3.44906
G1 X85.92 Y101.732 E3.47742
G1 X85.4 Y101.702 E3.50247
G1 X85.593 Y101.307 E3.52361
G1 X85.593 Y100.055 E3.58383
G1 X89.546 Y100.048 E3.77396
G1 X89.512 Y100.305 E3.78643
G1 X89.507 Y101.306 E3.83458
G1 X87.514 Y101.306 E3.93044
G1 X87.342 Y101.321 E3.93874
G1 X86.789 Y101.439 E3.96594
G1 X86.535 Y101.569 E3.97966
G1 X86.092 Y101.374 E4.00294
G1 X85.784 Y101.333 E4.01788
G1 X86.048 Y100.702 E4.05078
;WIDTH:0.588574
G1 X86.048 Y100.903 E4.06392
G1 X86.527 Y101.059 E4.09686
G1 X86.888 Y100.963 E4.12128
;WIDTH:0.54526
G1 X87.511 Y100.896 E4.15886
;WIDTH:0.499813
G1 X89.099 Y100.895 E4.2451
G1 X89.101 Y100.459 E4.26878
G1 X87.511 Y100.462 E4.35513
;WIDTH:0.54526
G1 X86.845 Y100.486 E4.3951
;WIDTH:0.588574
G1 X86.048 Y100.509 E4.44723
G1 E2.44723 F2400
G92 E0
G1 X84.822 Y116.116 F7800
G1 E2 F2400
;WIDTH:0.45
G1 F3000
G1 X84.822 Y118.715 E2.125
G1 X88.253 Y118.715 E2.29002
G1 X85.537 Y115.998 E2.47479
G1 X85.515 Y115.923 E2.47855
G1 X84.822 Y115.923 E2.51188
G1 X85.207 Y116.309 E2.5381
G1 X85.302 Y116.309 E2.54267
G1 X87.322 Y118.329 E2.68007
G1 X85.207 Y118.329 E2.78179
G1 X85.207 Y116.501 E2.86971
G1 X85.613 Y117.194 F7800
;WIDTH:0.491104
G1 F3000
G1 X86.342 Y117.923 E2.92458
G1 X85.613 Y117.923 E2.96338
G1 X85.613 Y117.387 E2.99191
G1 X85.946 Y115.862 F7800
;WIDTH:0.45
G1 F3000
G1 X88.799 Y118.715 E3.18597
G1 X89.344 Y118.715 E3.21218
G1 X86.311 Y115.682 E3.41848
G1 X86.958 Y115.783 E3.44998
G1 X89.889 Y118.715 E3.64938
G1 X90.75 Y118.649 F7800
;WIDTH:0.480993
G1 F3000
G1 X90.713 Y118.686 E3.6521
G1 X90.726 Y118.736 E3.65478
G1 X90.777 Y118.749 E3.65751
G1 X90.813 Y118.713 E3.66016
G1 X90.8 Y118.662 E3.66289
G1 X90.435 Y118.715 E3.68206
;WIDTH:0.45
G1 X87.643 Y115.923 E3.87197
G1 X88.189 Y115.923 E3.89823
G1 X90.362 Y118.097 E4.04607
G1 E2.04607 F2400
G92 E0
G1 X88.87 Y116.059 F7800
G1 E2 F2400
G1 F3000
G1 X90.282 Y117.471 E2.09604
G1 X90.275 Y115.923 E2.17049
G1 X88.734 Y115.923 E2.24461
G1 X89.808 Y116.312 F7800
;WIDTH:0.582591
G1 F3000
G1 X89.762 Y116.358 E2.24881
G1 X89.779 Y116.421 E2.25303
G1 X89.842 Y116.437 E2.25723
G1 X89.888 Y116.392 E2.26139
G1 X89.871 Y116.329 E2.26561
G1 E.26561 F2400
G92 E0
G92 E0
G1 X81.186 Y72.596 F7800
G1 E2 F2400
;TYPE:Perimeter
;WIDTH:0.45
G1 F1800
G1 X81.095 Y72.499 E2.0064
G1 X80.854 Y72.366 E2.01964
G1 X80.513 Y72.304 E2.03631
G1 X78.508 Y72.314 E2.13274
;WIDTH:0.429704
G1 X71.487 Y72.314 E2.45265
G1 X71.487 Y71.949 E2.46928
G1 X78.508 Y71.949 E2.78919
;WIDTH:0.438316
G1 X78.673 Y71.938 E2.7969
;WIDTH:0.45
G1 X79.03 Y71.805 E2.81522
G1 X79.35 Y71.463 E2.83775
G1 X79.472 Y70.995 E2.86101
G1 X79.472 Y68.934 E2.96014
G1 X85.052 Y68.934 E3.22852
G1 X85.053 Y72.304 E3.39061
G1 X82.449 Y72.304 E3.51585
G1 X82.108 Y72.366 E3.53252
G1 X81.868 Y72.499 E3.54572
G1 X81.645 Y72.736 E3.56137
;WIDTH:0.457525
G1 X81.481 Y73.268 E3.58867
G1 X81.317 Y72.736 E3.61597
;WIDTH:0.45
G1 X81.227 Y72.64 E3.6223
G1 E1.6223 F2400
G92 E0
G1 X85.053 Y85.571 F7800
G1 E2 F2400
G1 F1800
G1 X85.053 Y87.257 E2.08109
G1 X85.052 Y88.941 E2.16208
G1 X79.472 Y88.941 E2.43046
G1 X79.472 Y86.88 E2.52959
G1 X79.35 Y86.412 E2.55285
G1 X79.03 Y86.07 E2.57538
G1 X78.508 Y85.926 E2.60142
;WIDTH:0.429703
G1 X71.487 Y85.926 E2.92133
G1 X71.487 Y85.561 E2.93796
G1 X78.508 Y85.561 E3.25787
;WIDTH:0.45
G1 X80.513 Y85.571 E3.3543
G1 X80.76 Y85.539 E3.36628
G1 X81.095 Y85.376 E3.3842
G1 X81.317 Y85.139 E3.39982
;WIDTH:0.464917
G1 X81.481 Y84.692 E3.42361
G1 X81.645 Y85.139 E3.4474
;WIDTH:0.45
G1 X81.868 Y85.376 E3.46305
G1 X82.015 Y85.468 E3.47139
G1 X82.449 Y85.571 E3.49284
G1 X84.993 Y85.571 E3.6152
G1 E1.6152 F2400
G92 E0
G1 X81.481 Y84.692 F7800
G1 E2 F2400
;WIDTH:0.464917
G1 F1800
G1 X81.481 Y84.607 E2.00425
;WIDTH:0.457525
G1 X81.481 Y80.379 E2.21157
;TYPE:Overhang perimeter
;WIDTH:0.4
;HEIGHT:0.4
M106 S255
G1 X81.481 Y77.321 E2.37133
M106 S226.95
;TYPE:Perimeter
;WIDTH:0.457525
;HEIGHT:0.3
G1 X81.481 Y73.268 E2.57007
G1 X80.909 Y72.871 F7800
;WIDTH:0.45
G1 F3600
G1 X80.774 Y72.751 E2.57876
G1 X80.513 Y72.689 E2.59166
G1 X71.111 Y72.689 E3.04386
G1 X71.111 Y71.573 E3.09754
G1 X78.508 Y71.573 E3.45331
G1 X78.821 Y71.481 E3.469
G1 X79.013 Y71.276 E3.48251
G1 X79.086 Y70.995 E3.49647
G1 X79.086 Y68.548 E3.61416
G1 X85.438 Y68.548 E3.91967
G1 X85.439 Y72.689 E4.11884
G1 X82.449 Y72.689 E4.26265
G1 X82.189 Y72.751 E4.27551
G1 X81.967 Y72.949 E4.28982
G1 X81.871 Y73.268 E4.30584
G1 X81.871 Y77.321 E4.50078
;TYPE:Overhang perimeter
;WIDTH:0.4
;HEIGHT:0.4
M106 S255
G1 X81.871 Y80.379 E4.66054
M106 S226.95
;TYPE:Perimeter
;WIDTH:0.45
;HEIGHT:0.3
G1 X81.871 Y84.607 E4.86389
G1 X81.967 Y84.926 E4.87991
G1 X82.189 Y85.124 E4.89422
G1 X82.449 Y85.186 E4.90708
G1 X85.439 Y85.186 E5.05089
G1 X85.439 Y87.257 E5.1505
G1 X85.438 Y89.327 E5.25006
G1 X79.086 Y89.327 E5.55557
G1 X79.086 Y86.88 E5.67326
G1 X79.013 Y86.599 E5.68722
G1 X78.821 Y86.394 E5.70073
G1 X78.508 Y86.302 E5.71642
G1 X71.111 Y86.302 E6.07219
G1 X71.111 Y85.186 E6.12587
G1 X80.513 Y85.186 E6.57807
G1 X80.774 Y85.124 E6.59097
G1 X80.996 Y84.926 E6.60528
G1 X81.092 Y84.607 E6.6213
G1 X81.092 Y80.379 E6.82465
;TYPE:Overhang perimeter
;WIDTH:0.4
;HEIGHT:0.4
M106 S255
G1 X81.092 Y77.321 E6.98441
M106 S226.95
;TYPE:Perimeter
;WIDTH:0.45
;HEIGHT:0.3
G1 X81.092 Y73.268 E7.17935
G1 X80.996 Y72.949 E7.19537
G1 X80.954 Y72.911 E7.19809
G1 X80.644 Y73.142 F7800
;TYPE:External perimeter
G1 F1800
G1 X80.63 Y73.114 E7.1996
G1 X80.513 Y73.075 E7.20553
G1 X70.726 Y73.075 E7.67625
G1 X70.726 Y71.187 E7.76706
G1 X78.541 Y71.185 E8.14293
G1 X78.676 Y71.088 E8.15093
G1 X78.701 Y70.995 E8.15556
G1 X78.701 Y68.162 E8.29182
G1 X85.823 Y68.162 E8.63436
G1 X85.825 Y73.075 E8.87066
G1 X82.449 Y73.075 E9.03303
G1 X82.333 Y73.114 E9.03892
G1 X82.256 Y73.268 E9.0472
G1 X82.256 Y77.321 E9.24214
;TYPE:Overhang perimeter
;WIDTH:0.4
;HEIGHT:0.4
M106 S255
G1 F3600
G1 X82.256 Y80.379 E9.4019
M106 S226.95
;TYPE:External perimeter
;WIDTH:0.45
;HEIGHT:0.3
G1 F1800
G1 X82.256 Y84.607 E9.60525
G1 X82.333 Y84.761 E9.61353
G1 X82.449 Y84.8 E9.61942
G1 X85.825 Y84.8 E9.78179
G1 X85.824 Y87.257 E9.89996
G1 X85.823 Y89.712 E10.01804
G1 X78.701 Y89.712 E10.36058
G1 X78.699 Y86.856 E10.49794
G1 X78.612 Y86.718 E10.50579
G1 X78.508 Y86.687 E10.51101
G1 X70.726 Y86.687 E10.8853
G1 X70.726 Y84.8 E10.97606
G1 X80.513 Y84.8 E11.44678
G1 X80.63 Y84.761 E11.45271
G1 X80.706 Y84.607 E11.46097
G1 X80.706 Y80.379 E11.66432
;TYPE:Overhang perimeter
;WIDTH:0.4
;HEIGHT:0.4
M106 S255
G1 F3600
G1 X80.706 Y77.321 E11.82408
M106 S226.95
;TYPE:External perimeter
;WIDTH:0.45
;HEIGHT:0.3
G1 F1800
G1 X80.706 Y73.268 E12.01902
G1 X80.67 Y73.196 E12.02289
G1 X80.287 Y73.081 F7800
G1 X79.212 Y72.026
;TYPE:Solid infill
G1 F3000
G1 X79.575 Y71.638 E12.04845
G1 X79.752 Y71.124 E12.0746
G1 X79.761 Y69.223 E12.16603
G1 X84.763 Y69.223 E12.40661
G1 X84.764 Y72.015 E12.5409
G1 X82.453 Y72.015 E12.65205
G1 X82.042 Y72.086 E12.67211
G1 X81.755 Y72.233 E12.68762
G1 X81.481 Y72.488 E12.70562
G1 X81.291 Y72.289 E12.71885
G1 X80.866 Y72.069 E12.74187
G1 X80.648 Y72.024 E12.75258
G1 X79.404 Y72.025 E12.81241
G1 X79.999 Y71.639 E12.84652
G1 X80.138 Y71.126 E12.87208
G1 X80.144 Y69.609 E12.94504
G1 X84.378 Y69.609 E13.14868
G1 X84.378 Y71.629 E13.24583
G1 X82.453 Y71.629 E13.33842
G1 X81.867 Y71.736 E13.36707
G1 X81.482 Y71.954 E13.38835
G1 X81.035 Y71.722 E13.41257
G1 X80.648 Y71.638 E13.43162
G1 X80.192 Y71.639 E13.45355
G1 X80.503 Y71.253 E13.47739
G1 X80.523 Y71.128 E13.48348
G1 X80.528 Y69.994 E13.53802
G1 X83.992 Y69.994 E13.70463
G1 X83.993 Y71.243 E13.7647
G1 X82.281 Y71.259 E13.84704
G1 X81.728 Y71.377 E13.87424
G1 X81.475 Y71.507 E13.88792
G1 X81.025 Y71.309 E13.91157
G1 X80.695 Y71.273 E13.92754
G1 X80.979 Y70.836 E13.95261
;WIDTH:0.587086
G1 X80.98 Y70.448 E13.97791
G1 X81.785 Y70.426 E14.03041
;WIDTH:0.543374
G1 X82.453 Y70.403 E14.07034
;WIDTH:0.496142
G1 X83.584 Y70.403 E14.13125
G1 X83.584 Y70.835 E14.15451
G1 X82.453 Y70.835 E14.21542
;WIDTH:0.543374
G1 X81.828 Y70.902 E14.25297
;WIDTH:0.587086
G1 X81.466 Y70.998 E14.27739
G1 X81.162 Y70.897 E14.29827
G1 E12.29827 F2400
G92 E0
G1 X79.222 Y85.86 F7800
G1 E2 F2400
;WIDTH:0.45
G1 F3000
G1 X80.477 Y85.853 E2.06036
G1 X80.477 Y85.936 E2.06435
G1 X83.193 Y88.652 E2.24909
G1 X79.761 Y88.652 E2.41416
G1 X79.755 Y86.835 E2.50155
G1 X79.575 Y86.237 E2.53159
G1 X79.354 Y86.001 E2.54714
G1 X79.998 Y86.241 E2.5802
G1 X80.235 Y86.24 E2.5916
G1 X82.262 Y88.266 E2.72944
G1 X80.147 Y88.266 E2.83116
G1 X80.128 Y86.737 E2.90471
G1 X80.047 Y86.428 E2.92007
G1 X80.553 Y87.132 F7800
;WIDTH:0.491103
G1 F3000
G1 X81.281 Y87.86 E2.97487
G1 X80.553 Y87.86 E3.01362
G1 X80.553 Y87.325 E3.04209
G1 X80.886 Y85.8 F7800
;WIDTH:0.45
G1 F3000
G1 X83.738 Y88.652 E3.23608
G1 X84.283 Y88.652 E3.26229
G1 X81.25 Y85.619 E3.46859
G1 X81.898 Y85.721 E3.50014
G1 X84.763 Y88.587 E3.69505
G1 X84.75 Y88.794 E3.70503
;WIDTH:0.404381
G1 X84.896 Y88.784 E3.71124
;WIDTH:0.45
G1 X84.764 Y88.041 E3.74754
G1 X82.583 Y85.86 E3.89589
G1 X83.128 Y85.86 E3.9221
G1 X84.764 Y87.496 E4.03338
G1 X84.917 Y87.603 E4.04236
;WIDTH:0.404381
G1 X84.898 Y87.674 E4.04548
G1 X84.969 Y87.655 E4.0486
G1 X84.958 Y87.614 E4.0504
G1 X83.963 Y86.06 F7800
;WIDTH:0.576682
G1 F3000
G1 X84.701 Y86.798 E4.11709
G1 X84.701 Y85.924 E4.17294
G1 X83.826 Y85.924 E4.22885
M106 S224.4
;LAYER_CHANGE
;Z:11.45
;HEIGHT:0.3
G1 E2.22885 F2400
G92 E0
G1 Z11.45 F7800
G92 E0
G1 X91.192 Y118.354
G1 E2 F2400
;TYPE:Perimeter
;WIDTH:0.45
G1 F3600
G1 X91.279 Y118.466 E2.00682
G1 X91.857 Y118.649 E2.03598
;WIDTH:0.429703
G1 X97.673 Y118.649 E2.30099
G1 X97.672 Y119.014 E2.31762
G1 X91.857 Y119.014 E2.58258
;WIDTH:0.45
G1 X84.532 Y119.004 E2.93489
G1 X84.532 Y114.437 E3.15455
;TYPE:Overhang perimeter
;WIDTH:0.4
;HEIGHT:0.4
M106 S255
G1 X84.532 Y103.562 E3.72271
M106 S224.4
;TYPE:Perimeter
;WIDTH:0.45
;HEIGHT:0.3
G1 X84.532 Y98.996 E3.94232
G1 X91.857 Y98.986 E4.29463
;WIDTH:0.429704
G1 X97.672 Y98.986 E4.55959
G1 X97.673 Y99.168 E4.56788
;WIDTH:0.429703
G1 X97.673 Y99.351 E4.57622
G1 X91.857 Y99.351 E4.84123
;WIDTH:0.438316
G1 X91.692 Y99.362 E4.84894
;WIDTH:0.45
G1 X91.279 Y99.534 E4.87046
G1 X90.967 Y99.935 E4.8949
G1 X90.893 Y100.305 E4.91305
G1 X90.893 Y103.562 E5.0697
;TYPE:Overhang perimeter
;WIDTH:0.4
;HEIGHT:0.4
M106 S255
G1 X90.893 Y114.437 E5.63786
M106 S224.4
;TYPE:Perimeter
;WIDTH:0.45
;HEIGHT:0.3
G1 X90.893 Y117.695 E5.79456
G1 X90.967 Y118.065 E5.81271
G1 X91.155 Y118.307 E5.82745
G1 X91.458 Y118.091 F7800
G1 F3600
G1 X91.51 Y118.157 E5.83149
G1 X91.857 Y118.273 E5.84909
G1 X98.049 Y118.273 E6.1469
G1 X98.047 Y119.389 E6.20058
G1 X84.147 Y119.389 E6.86912
G1 X84.147 Y114.437 E7.10729
;TYPE:Overhang perimeter
;WIDTH:0.4
;HEIGHT:0.4
M106 S255
G1 X84.147 Y103.562 E7.67545
M106 S224.4
;TYPE:Perimeter
;WIDTH:0.45
;HEIGHT:0.3
G1 X84.147 Y98.611 E7.91358
G1 X98.047 Y98.611 E8.58212
G1 X98.048 Y99.168 E8.60891
G1 X98.049 Y99.727 E8.6358
G1 X91.857 Y99.727 E8.93361
G1 X91.51 Y99.843 E8.95121
G1 X91.323 Y100.083 E8.96584
G1 X91.279 Y100.305 E8.97673
G1 X91.279 Y103.562 E9.13338
;TYPE:Overhang perimeter
;WIDTH:0.4
;HEIGHT:0.4
M106 S255
G1 X91.279 Y114.437 E9.70154
M106 S224.4
;TYPE:Perimeter
;WIDTH:0.45
;HEIGHT:0.3
G1 X91.279 Y117.695 E9.85824
G1 X91.323 Y117.917 E9.86913
G1 X91.421 Y118.043 E9.87681
G1 X91.727 Y117.82 F7800
;TYPE:External perimeter
G1 F1800
G1 X91.742 Y117.849 E9.87838
G1 X91.857 Y117.887 E9.88421
G1 X98.435 Y117.887 E10.20059
G1 X98.432 Y119.775 E10.2914
G1 X83.761 Y119.775 E10.99702
G1 X83.761 Y114.437 E11.25376
;TYPE:Overhang perimeter
;WIDTH:0.4
;HEIGHT:0.4
M106 S255
G1 F3600
G1 X83.761 Y103.562 E11.82192
M106 S224.4
;TYPE:External perimeter
;WIDTH:0.45
;HEIGHT:0.3
G1 F1800
G1 X83.761 Y98.225 E12.07861
G1 X98.432 Y98.225 E12.78423
G1 X98.434 Y99.167 E12.82954
G1 X98.435 Y100.112 E12.87499
G1 X91.857 Y100.112 E13.19137
G1 X91.742 Y100.151 E13.19721
G1 X91.664 Y100.305 E13.20551
G1 X91.664 Y103.562 E13.36216
;TYPE:Overhang perimeter
;WIDTH:0.4
;HEIGHT:0.4
M106 S255
G1 F3600
G1 X91.664 Y114.437 E13.93032
M106 S224.4
;TYPE:External perimeter
;WIDTH:0.45
;HEIGHT:0.3
G1 F1800
G1 X91.664 Y117.695 E14.08702
G1 X91.7 Y117.766 E14.09085
G1 X92.083 Y117.882 F7800
G1 E12.09085 F2400
G92 E0
G1 X86.543 Y116.512 F7800
G1 E2 F2400
;TYPE:Solid infill
G1 F3000
G1 X86.974 Y116.691 E2.02245
G1 X87.502 Y116.784 E2.04824
G1 X90.604 Y116.785 E2.19744
G1 X90.608 Y117.723 E2.24255
G1 X90.727 Y118.217 E2.26699
G1 X91.114 Y118.715 E2.29732
G1 X84.822 Y118.715 E2.59994
G1 X84.822 Y116.784 E2.69281
G1 X85.678 Y116.777 E2.73398
G1 X86.169 Y116.671 E2.75814
G1 X86.365 Y116.588 E2.76838
G1 X86.544 Y116.932 E2.78703
G1 X86.904 Y117.07 E2.80557
G1 X87.502 Y117.17 E2.83473
G1 X90.218 Y117.17 E2.96536
G1 X90.23 Y117.799 E2.99562
G1 X90.366 Y118.329 E3.02194
G1 X85.207 Y118.329 E3.27007
G1 X85.207 Y117.168 E3.32591
G1 X85.759 Y117.154 E3.35247
G1 X86.25 Y117.048 E3.37663
G1 X86.365 Y117.003 E3.38257
G1 X87.311 Y117.533 F7800
;WIDTH:0.506238
G1 F3000
G1 X86.83 Y117.477 E3.40926
;WIDTH:0.54121
G1 X86.484 Y117.427 E3.43005
G1 X86.163 Y117.483 E3.44943
;WIDTH:0.503549
G1 X85.841 Y117.538 E3.46732
;WIDTH:0.465889
G1 X85.597 Y117.556 E3.47957
;WIDTH:0.458074
G1 X85.597 Y117.939 E3.49838
;WIDTH:0.488672
G1 X85.991 Y117.924 E3.51925
;WIDTH:0.51927
G1 X86.386 Y117.909 E3.54168
G1 X86.839 Y117.923 E3.56739
;WIDTH:0.489988
G1 X87.292 Y117.938 E3.59145
;WIDTH:0.460706
G1 X87.502 Y117.943 E3.60183
;WIDTH:0.451184
G1 X89.865 Y117.943 E3.71583
;WIDTH:0.451034
G1 X89.832 Y117.556 E3.73456
;WIDTH:0.451184
G1 X87.502 Y117.556 E3.84697
G1 E1.84697 F2400
G92 E0
G1 X84.866 Y101.431 F7800
G1 E2 F2400
;TYPE:Bridge infill
;WIDTH:0.424456
;HEIGHT:0.4
M106 S255
G1 F3600
G1 X84.866 Y116.367 E2.87867
G1 X85.341 Y116.367 E2.90661
G1 X85.341 Y101.633 E3.77339
G1 X85.605 Y101.635 E3.78892
G1 X85.815 Y101.666 E3.80141
G1 X85.815 Y116.334 E4.66431
G1 X86.02 Y116.282 E4.67675
G1 X86.289 Y116.173 E4.69382
G1 X86.289 Y101.827 E5.53778
G1 X86.542 Y101.95 E5.55433
G1 X86.764 Y101.84 E5.56891
G1 X86.764 Y116.16 E6.41134
G1 X87.064 Y116.282 E6.43039
G1 X87.238 Y116.328 E6.44098
G1 X87.238 Y101.672 E7.30317
G1 X87.466 Y101.636 E7.31675
G1 X87.713 Y101.633 E7.33128
G1 X87.713 Y116.367 E8.19806
G1 X88.187 Y116.367 E8.22594
G1 X88.187 Y101.633 E9.09272
G1 X88.662 Y101.633 E9.12066
G1 X88.662 Y116.367 E9.98744
G1 X89.136 Y116.367 E10.01532
G1 X89.136 Y101.633 E10.8821
G1 X89.611 Y101.633 E10.91004
G1 X89.611 Y116.367 E11.77682
G1 X90.085 Y116.367 E11.8047
G1 X90.085 Y101.633 E12.67148
G1 X90.56 Y101.633 E12.69942
G1 X90.56 Y116.569 E13.57809
M106 S224.4
G1 E11.57809 F2400
G92 E0
G1 X90.93 Y99.275 F7800
G1 E2 F2400
;TYPE:Solid infill
;WIDTH:0.45
;HEIGHT:0.3
G1 F3000
G1 X84.822 Y99.285 E2.29377
G1 X84.822 Y101.216 E2.38664
G1 X85.581 Y101.216 E2.42315
G1 X86.11 Y101.309 E2.44898
G1 X86.541 Y101.488 E2.47143
G1 X86.915 Y101.329 E2.49098
G1 X87.446 Y101.219 E2.51706
G1 X90.604 Y101.216 E2.66895
G1 X90.604 Y100.315 E2.71228
G1 X90.727 Y99.783 E2.73854
G1 X91.123 Y99.275 E2.76952
G1 X90.37 Y99.662 F7800
G1 F3000
G1 X90.312 Y99.788 E2.77619
G1 X90.218 Y100.315 E2.80194
G1 X90.218 Y100.83 E2.82671
G1 X87.446 Y100.833 E2.96003
G1 X86.834 Y100.952 E2.99002
G1 X86.539 Y101.068 E3.00527
G1 X86.29 Y100.962 E3.01829
G1 X85.692 Y100.841 E3.04763
G1 X85.207 Y100.83 E3.07096
G1 X85.207 Y99.67 E3.12675
G1 X90.177 Y99.662 E3.36579
G1 E1.36579 F2400
G92 E0
G1 X87.444 Y100.055 F7800
G1 E2 F2400
;WIDTH:0.455724
G1 F3000
G1 X89.864 Y100.051 E2.11812
G1 X89.83 Y100.442 E2.13728
G1 X87.445 Y100.445 E2.25369
;WIDTH:0.467999
G1 X87.242 Y100.461 E2.26394
;WIDTH:0.505344
G1 X86.897 Y100.526 E2.28325
;WIDTH:0.542689
G1 X86.552 Y100.591 E2.30419
G1 X86.257 Y100.505 E2.32252
G1 X85.639 Y100.404 E2.35988
G1 X85.639 Y100.101 E2.37796
G1 X86.697 Y100.089 E2.44108
;WIDTH:0.520954
G1 X87.252 Y100.063 E2.47272
G1 E.47272 F2400
G92 E0
G92 E0
G1 X76.964 Y73.5 F7800
G1 E2 F2400
;TYPE:Perimeter
;WIDTH:0.45
G1 F3600
G1 X76.964 Y73.268 E2.01116
G1 X76.89 Y72.897 E2.02936
G1 X76.579 Y72.497 E2.05373
G1 X76 Y72.314 E2.08294
;WIDTH:0.429704
G1 X71.996 Y72.314 E2.26538
G1 X71.996 Y71.949 E2.28201
G1 X76 Y71.949 E2.46445
;WIDTH:0.45
G1 X78.273 Y71.959 E2.57377
G1 X78.795 Y71.915 E2.59897
G1 X79.134 Y71.727 E2.61761
G1 X79.385 Y71.395 E2.63763
G1 X79.472 Y70.995 E2.65732
G1 X79.472 Y68.934 E2.75645
G1 X84.946 Y68.934 E3.01973
G1 X84.946 Y71.705 E3.15301
G1 X84.946 Y73.5 E3.23934
;TYPE:Overhang perimeter
;WIDTH:0.4
;HEIGHT:0.4
M106 S255
G1 X84.946 Y84.375 E3.8075
M106 S224.4
;TYPE:Perimeter
;WIDTH:0.45
;HEIGHT:0.3
G1 X84.946 Y88.941 E4.02711
G1 X79.472 Y88.941 E4.29039
G1 X79.472 Y86.88 E4.38952
G1 X79.385 Y86.48 E4.40921
G1 X79.134 Y86.148 E4.42923
G1 X78.795 Y85.96 E4.44787
G1 X78.508 Y85.916 E4.46183
G1 X76 Y85.926 E4.58246
;WIDTH:0.429703
G1 X71.996 Y85.926 E4.7649
G1 X71.996 Y85.561 E4.78153
G1 X76 Y85.561 E4.96397
;WIDTH:0.438315
G1 X76.166 Y85.551 E4.97173
;WIDTH:0.45
G1 X76.579 Y85.378 E4.99327
G1 X76.89 Y84.978 E5.01764
G1 X76.964 Y84.607 E5.03584
G1 X76.964 Y84.375 E5.047
;TYPE:Overhang perimeter
;WIDTH:0.4
;HEIGHT:0.4
M106 S255
G1 X76.964 Y73.56 E5.61203
M106 S224.4
G1 X76.579 Y73.5 F7800
;TYPE:Perimeter
;WIDTH:0.45
;HEIGHT:0.3
G1 F3600
G1 X76.534 Y73.045 E5.63402
G1 X76.347 Y72.805 E5.64865
G1 X76 Y72.689 E5.66625
G1 X71.62 Y72.689 E5.87691
G1 X71.62 Y71.573 E5.93059
G1 X77.516 Y71.573 E6.21417
G1 X78.68 Y71.547 E6.27017
G1 X78.884 Y71.434 E6.28139
G1 X79.034 Y71.235 E6.29338
G1 X79.086 Y70.995 E6.30519
G1 X79.086 Y68.548 E6.42288
G1 X85.332 Y68.548 E6.72329
G1 X85.332 Y71.705 E6.87513
G1 X85.332 Y73.5 E6.96146
;TYPE:Overhang perimeter
;WIDTH:0.4
;HEIGHT:0.4
M106 S255
G1 X85.332 Y84.375 E7.52962
M106 S224.4
;TYPE:Perimeter
;WIDTH:0.45
;HEIGHT:0.3
G1 X85.332 Y89.327 E7.76779
G1 X79.086 Y89.327 E8.0682
G1 X79.076 Y86.77 E8.19118
G1 X78.967 Y86.529 E8.2039
G1 X78.793 Y86.377 E8.21501
G1 X78.508 Y86.302 E8.22918
G1 X71.62 Y86.302 E8.56047
G1 X71.62 Y85.186 E8.61415
G1 X76 Y85.186 E8.82481
G1 X76.347 Y85.07 E8.84241
G1 X76.534 Y84.83 E8.85704
G1 X76.579 Y84.607 E8.86798
G1 X76.579 Y84.375 E8.87914
;TYPE:Overhang perimeter
;WIDTH:0.4
;HEIGHT:0.4
M106 S255
G1 X76.579 Y73.56 E9.44417
M106 S224.4
G1 X76.193 Y73.5 F7800
;TYPE:External perimeter
;WIDTH:0.45
;HEIGHT:0.3
G1 F1800
G1 X76.193 Y73.268 E9.45533
G1 X76.116 Y73.114 E9.46361
G1 X76 Y73.075 E9.4695
G1 X71.235 Y73.075 E9.69868
G1 X71.235 Y71.187 E9.78949
G1 X78.508 Y71.187 E10.1393
G1 X78.633 Y71.141 E10.14571
G1 X78.701 Y70.995 E10.15346
G1 X78.701 Y68.162 E10.28972
G1 X85.718 Y68.162 E10.62721
G1 X85.718 Y71.705 E10.79762
G1 X85.718 Y73.5 E10.88395
;TYPE:Overhang perimeter
;WIDTH:0.4
;HEIGHT:0.4
M106 S255
G1 F3600
G1 X85.718 Y84.375 E11.45211
M106 S224.4
;TYPE:External perimeter
;WIDTH:0.45
;HEIGHT:0.3
G1 F1800
G1 X85.718 Y89.712 E11.7088
G1 X78.701 Y89.712 E12.04629
G1 X78.701 Y86.88 E12.1825
G1 X78.661 Y86.763 E12.18845
G1 X78.508 Y86.687 E12.19667
G1 X71.234 Y86.687 E12.54652
G1 X71.234 Y84.8 E12.63728
G1 X76 Y84.8 E12.86651
G1 X76.116 Y84.761 E12.8724
G1 X76.193 Y84.607 E12.88068
G1 X76.193 Y84.375 E12.89184
;TYPE:Overhang perimeter
;WIDTH:0.4
;HEIGHT:0.4
M106 S255
G1 F3600
G1 X76.193 Y73.56 E13.45687
M106 S224.4
G1 X76.126 Y73.166 F7800
G1 E11.45687 F2400
G92 E0
G1 X79.761 Y69.223 F7800
G1 E2 F2400
;TYPE:Solid infill
;WIDTH:0.45
;HEIGHT:0.3
G1 F3000
G1 X84.657 Y69.223 E2.23548
G1 X84.657 Y71.153 E2.32831
G1 X82.386 Y71.157 E2.43754
G1 X81.854 Y71.266 E2.46366
G1 X81.48 Y71.425 E2.48321
G1 X81.049 Y71.247 E2.50564
G1 X80.521 Y71.153 E2.53143
G1 X79.733 Y71.153 E2.56933
G1 X79.761 Y70.99 E2.57728
G1 X79.761 Y69.416 E2.65298
G1 X80.147 Y69.609 E2.67374
G1 X84.272 Y69.609 E2.87214
G1 X84.272 Y70.768 E2.92788
G1 X82.385 Y70.771 E3.01864
G1 X81.773 Y70.889 E3.04862
G1 X81.479 Y71.005 E3.06382
G1 X81.23 Y70.9 E3.07682
G1 X80.63 Y70.778 E3.10627
G1 X80.147 Y70.768 E3.12951
G1 X80.147 Y69.801 E3.17602
G1 E1.17602 F2400
G92 E0
G1 X82.191 Y70.004 F7800
G1 E2 F2400
;WIDTH:0.519266
G1 F3000
G1 X81.637 Y70.029 E2.03146
;WIDTH:0.54121
G1 X80.578 Y70.04 E2.09445
G1 X80.578 Y70.342 E2.11241
G1 X81.196 Y70.443 E2.14965
G1 X81.492 Y70.529 E2.16798
G1 X81.837 Y70.464 E2.18886
;WIDTH:0.50355
G1 X82.181 Y70.399 E2.20804
;WIDTH:0.46589
G1 X82.384 Y70.384 E2.21823
;WIDTH:0.452786
G1 X83.692 Y70.383 E2.28159
;WIDTH:0.451813
G1 X83.885 Y70.382 E2.29092
G1 X83.885 Y69.995 E2.30962
G1 X83.691 Y69.995 E2.31899
;WIDTH:0.452786
G1 X82.384 Y69.996 E2.38231
G1 E.38231 F2400
G92 E0
G1 X81.482 Y86.45 F7800
G1 E2 F2400
;WIDTH:0.45
G1 F3000
G1 X81.913 Y86.628 E2.02243
G1 X82.442 Y86.722 E2.04827
G1 X84.657 Y86.722 E2.1548
G1 X84.657 Y88.652 E2.24763
G1 X79.761 Y88.652 E2.48311
G1 X79.761 Y87.537 E2.53674
G1 X79.733 Y86.721 E2.57601
G1 X80.617 Y86.714 E2.61853
G1 X81.108 Y86.609 E2.64268
G1 X81.305 Y86.525 E2.65298
G1 X81.484 Y86.87 E2.67167
G1 X81.844 Y87.007 E2.6902
G1 X82.442 Y87.107 E2.71936
G1 X84.272 Y87.108 E2.80738
G1 X84.272 Y88.266 E2.86308
G1 X80.147 Y88.266 E3.06148
G1 X80.147 Y87.105 E3.11732
G1 X80.698 Y87.091 E3.14383
G1 X81.189 Y86.986 E3.16798
G1 X81.304 Y86.94 E3.17394
G1 X81.579 Y87.387 E3.19918
;WIDTH:0.54121
G1 X81.423 Y87.365 E3.20855
G1 X81.102 Y87.42 E3.22792
;WIDTH:0.503551
G1 X80.781 Y87.476 E3.24577
;WIDTH:0.465892
G1 X80.536 Y87.494 E3.25807
;WIDTH:0.458074
G1 X80.536 Y87.877 E3.27688
;WIDTH:0.488672
G1 X80.931 Y87.861 E3.2978
;WIDTH:0.519271
G1 X81.325 Y87.846 E3.32017
G1 X81.778 Y87.861 E3.34589
;WIDTH:0.489988
G1 X82.232 Y87.875 E3.37
;WIDTH:0.460706
G1 X82.442 Y87.88 E3.38038
;WIDTH:0.451184
G1 X83.885 Y87.88 E3.45
;WIDTH:0.451064
G1 X83.885 Y87.494 E3.46862
;WIDTH:0.451184
G1 X82.442 Y87.493 E3.53824
;WIDTH:0.478711
G1 X82.105 Y87.454 E3.55577
;WIDTH:0.506238
G1 X81.769 Y87.414 E3.57442
G1 E1.57442 F2400
G92 E0
G1 X77.105 Y85.804 F7800
G1 E2 F2400
;TYPE:Bridge infill
;WIDTH:0.419403
;HEIGHT:0.4
M106 S255
G1 F3600
G1 X77.105 Y72.28 E2.77677
G1 X77.574 Y72.28 E2.80371
G1 X77.574 Y85.6 E3.56876
G1 X78.044 Y85.597 E3.59576
G1 X78.044 Y72.28 E4.36064
G1 X78.513 Y72.28 E4.38758
G1 X78.513 Y85.595 E5.15235
G1 X78.888 Y85.651 E5.17413
G1 X78.983 Y85.692 E5.18007
G1 X78.983 Y72.183 E5.95598
G1 X79.142 Y72.113 E5.96596
G1 X79.344 Y71.972 E5.98011
G1 X79.452 Y71.858 E5.98913
G1 X79.452 Y86.017 E6.80237
G1 X79.529 Y86.099 E6.80883
G1 X79.653 Y86.304 E6.82259
G1 X79.921 Y86.304 E6.83798
G1 X79.921 Y71.571 E7.68419
G1 X80.391 Y71.571 E7.71119
G1 X80.391 Y86.304 E8.5574
G1 X80.639 Y86.293 E8.57166
G1 X80.86 Y86.249 E8.5846
G1 X80.86 Y71.626 E9.42449
G1 X81.33 Y71.811 E9.4535
G1 X81.33 Y86.064 E10.27214
G1 X81.481 Y85.988 E10.28185
G1 X81.799 Y86.137 E10.30202
G1 X81.799 Y71.738 E11.12905
G1 X82.016 Y71.651 E11.14248
G1 X82.268 Y71.591 E11.15736
G1 X82.268 Y86.284 E12.00127
G1 X82.738 Y86.304 E12.02829
G1 X82.738 Y71.571 E12.8745
G1 X83.207 Y71.571 E12.90144
G1 X83.207 Y86.304 E13.74765
G1 X83.677 Y86.304 E13.77465
G1 X83.677 Y71.571 E14.62086
G1 X84.146 Y71.571 E14.6478
G1 X84.146 Y86.304 E15.49401
G1 X84.615 Y86.304 E15.52095
G1 X84.615 Y71.368 E16.37882
M106 S224.4
M106 S216.75
;LAYER_CHANGE
;Z:11.75
;HEIGHT:0.3
G1 E14.37882 F2400
G92 E0
G1 Z11.75 F7800
G92 E0
G1 X91.192 Y118.354
G1 E2 F2400
;TYPE:Perimeter
;WIDTH:0.45
G1 F3600
G1 X91.279 Y118.466 E2.00682
G1 X91.857 Y118.649 E2.03598
;WIDTH:0.429703
G1 X97.013 Y118.649 E2.27091
G1 X97.012 Y119.014 E2.28754
G1 X91.857 Y119.014 E2.52243
;WIDTH:0.45
G1 X84.532 Y119.004 E2.87474
G1 X84.532 Y98.996 E3.83706
G1 X91.857 Y98.986 E4.18937
;WIDTH:0.429704
G1 X97.012 Y98.986 E4.42426
G1 X97.013 Y99.168 E4.43255
;WIDTH:0.429702
G1 X97.013 Y99.351 E4.44089
G1 X91.857 Y99.351 E4.67582
;WIDTH:0.438316
G1 X91.692 Y99.362 E4.68353
;WIDTH:0.45
G1 X91.279 Y99.534 E4.70505
G1 X90.967 Y99.935 E4.72949
G1 X90.893 Y100.305 E4.74764
G1 X90.893 Y117.695 E5.58404
G1 X90.967 Y118.065 E5.60219
G1 X91.155 Y118.307 E5.61693
G1 X91.458 Y118.091 F7800
G1 F3600
G1 X91.51 Y118.157 E5.62097
G1 X91.857 Y118.273 E5.63857
G1 X97.389 Y118.273 E5.90464
G1 X97.387 Y119.389 E5.95832
G1 X84.147 Y119.389 E6.59512
G1 X84.147 Y98.611 E7.59447
G1 X97.387 Y98.611 E8.23127
G1 X97.388 Y99.168 E8.25806
G1 X97.389 Y99.727 E8.28495
G1 X91.857 Y99.727 E8.55102
G1 X91.51 Y99.843 E8.56862
G1 X91.323 Y100.083 E8.58325
G1 X91.279 Y100.305 E8.59414
G1 X91.279 Y117.695 E9.43054
G1 X91.323 Y117.917 E9.44143
G1 X91.421 Y118.043 E9.44911
G1 X91.727 Y117.82 F7800
;TYPE:External perimeter
G1 F1800
G1 X91.742 Y117.849 E9.45068
G1 X91.857 Y117.887 E9.45651
G1 X97.775 Y117.887 E9.74115
G1 X97.772 Y119.775 E9.83196
G1 X83.761 Y119.775 E10.50584
G1 X83.761 Y98.225 E11.54232
G1 X97.772 Y98.225 E12.2162
G1 X97.774 Y99.167 E12.26151
G1 X97.775 Y100.112 E12.30696
G1 X91.857 Y100.112 E12.5916
G1 X91.742 Y100.151 E12.59744
G1 X91.664 Y100.305 E12.60574
G1 X91.664 Y117.695 E13.44214
G1 X91.7 Y117.766 E13.44597
G1 X92.083 Y117.882 F7800
G1 E11.44597 F2400
G92 E0
G1 X84.853 Y118.61 F7800
G1 E2 F2400
;TYPE:Solid infill
;WIDTH:0.543559
G1 F3000
G1 X84.811 Y118.652 E2.00355
G1 X84.826 Y118.71 E2.00713
G1 X84.884 Y118.726 E2.01073
G1 X84.926 Y118.683 E2.01432
G1 X84.911 Y118.625 E2.0179
;WIDTH:0.45
G1 X85.527 Y118.715 E2.04784
G1 X84.822 Y118.009 E2.09583
G1 X84.687 Y117.831 E2.10657
;WIDTH:0.404381
G1 X84.698 Y117.872 E2.10837
G1 X84.627 Y117.891 E2.11149
G1 X84.646 Y117.82 E2.11461
;WIDTH:0.45
G1 X84.822 Y117.464 E2.13371
G1 X86.072 Y118.715 E2.21877
G1 X86.617 Y118.715 E2.24498
G1 X84.822 Y116.919 E2.36711
G1 X84.822 Y116.373 E2.39337
G1 X87.163 Y118.715 E2.55264
G1 X87.708 Y118.715 E2.57885
G1 X84.822 Y115.828 E2.77519
G1 X84.822 Y115.283 E2.8014
G1 X88.253 Y118.715 E3.03481
G1 X88.799 Y118.715 E3.06107
G1 X84.822 Y114.737 E3.33161
G1 X84.822 Y114.192 E3.35782
G1 X89.344 Y118.715 E3.66543
G1 X89.89 Y118.715 E3.69169
G1 X84.822 Y113.647 E4.03641
G1 X84.822 Y113.101 E4.06267
G1 X90.435 Y118.715 E4.44449
G1 X90.98 Y118.715 E4.4707
G1 X84.822 Y112.556 E4.88959
G1 X84.822 Y112.011 E4.9158
G1 X90.626 Y117.815 E5.31058
G1 X90.604 Y117.248 E5.33787
G1 X84.822 Y111.465 E5.73119
G1 X84.822 Y110.92 E5.7574
G1 X90.604 Y116.702 E6.15068
G1 X90.604 Y116.157 E6.17689
G1 X84.822 Y110.375 E6.57017
G1 X84.822 Y109.829 E6.59643
G1 X90.604 Y115.612 E6.98975
G1 X90.604 Y115.066 E7.01601
G1 X84.822 Y109.284 E7.40929
G1 X84.822 Y108.739 E7.4355
G1 X90.604 Y114.521 E7.82878
G1 X90.604 Y113.976 E7.85499
G1 X84.822 Y108.193 E8.24831
G1 X84.822 Y107.648 E8.27452
G1 X90.604 Y113.43 E8.6678
G1 X90.604 Y112.885 E8.69401
G1 X84.822 Y107.103 E9.08729
G1 X84.822 Y106.557 E9.11355
G1 X90.604 Y112.339 E9.50683
G1 X90.604 Y111.794 E9.53304
G1 X84.822 Y106.012 E9.92632
G1 X84.822 Y105.466 E9.95258
G1 X90.604 Y111.249 E10.3459
G1 X90.604 Y110.703 E10.37216
G1 X84.822 Y104.921 E10.76544
G1 X84.822 Y104.376 E10.79165
G1 X90.604 Y110.158 E11.18493
G1 X90.604 Y109.613 E11.21114
G1 X84.822 Y103.83 E11.60446
G1 X84.822 Y103.285 E11.63067
G1 X90.604 Y109.067 E12.02395
G1 X90.604 Y108.522 E12.05016
G1 X84.822 Y102.74 E12.44344
G1 X84.822 Y102.194 E12.4697
G1 X90.604 Y107.977 E12.86302
G1 X90.604 Y107.431 E12.88928
G1 X84.822 Y101.649 E13.28256
G1 X84.822 Y101.104 E13.30877
G1 X90.604 Y106.886 E13.70205
G1 X90.604 Y106.341 E13.72826
G1 X84.822 Y100.558 E14.12158
G1 X84.822 Y100.013 E14.14779
G1 X90.604 Y105.795 E14.54107
G1 X90.604 Y105.25 E14.56728
G1 X84.822 Y99.468 E14.96056
G1 X84.761 Y99.164 E14.97547
;WIDTH:0.404381
G1 X84.772 Y99.205 E14.97727
G1 X84.701 Y99.224 E14.98039
G1 X84.72 Y99.153 E14.98351
;WIDTH:0.45
G1 X85.184 Y99.285 E15.00671
G1 X90.604 Y104.705 E15.37537
G1 X90.604 Y104.159 E15.40163
G1 X85.728 Y99.284 E15.73326
G1 X86.273 Y99.283 E15.75947
G1 X90.604 Y103.614 E16.05406
G1 X90.604 Y103.069 E16.08027
G1 X86.817 Y99.282 E16.33786
G1 X87.362 Y99.281 E16.36407
G1 X90.604 Y102.523 E16.58459
G1 X90.604 Y101.978 E16.6108
G1 X87.906 Y99.28 E16.79431
G1 X88.292 Y99.074 E16.81535
;WIDTH:0.404381
G1 X88.273 Y99.145 E16.81847
G1 X88.344 Y99.126 E16.82159
G1 X88.333 Y99.085 E16.82339
;WIDTH:0.45
G1 X88.451 Y99.279 E16.83431
G1 X90.604 Y101.433 E16.98079
G1 E14.98079 F2400
G92 E0
G1 X89.131 Y99.415 F7800
G1 E2 F2400
G1 F3000
G1 X90.604 Y100.887 E2.10016
G1 X90.604 Y100.315 E2.12767
G1 X90.727 Y99.783 E2.15393
G1 X91.123 Y99.275 E2.18491
G1 X88.995 Y99.278 E2.28726
G1 X89.829 Y99.623 F7800
;WIDTH:0.370977
G1 F3000
G1 X90.431 Y99.622 E2.31028
G1 X90.351 Y99.796 E2.3176
G1 X90.293 Y100.087 E2.32895
G1 X89.966 Y99.759 E2.34666
G1 E.34666 F2400
G92 E0
G92 E0
G1 X76.666 Y72.608 F7800
G1 E2 F2400
;TYPE:Perimeter
;WIDTH:0.45
G1 F3600
G1 X76.579 Y72.497 E2.00678
G1 X76 Y72.314 E2.03599
;WIDTH:0.429704
G1 X72.659 Y72.314 E2.18822
G1 X72.659 Y71.949 E2.20485
G1 X76 Y71.949 E2.35708
;WIDTH:0.45
G1 X78.273 Y71.959 E2.4664
G1 X78.789 Y71.917 E2.4913
G1 X78.976 Y71.837 E2.50108
G1 X79.22 Y71.644 E2.51604
G1 X79.407 Y71.342 E2.53312
G1 X79.472 Y70.995 E2.5501
G1 X79.472 Y68.934 E2.64923
G1 X84.789 Y68.934 E2.90496
G1 X84.789 Y71.619 E3.0341
G1 X84.789 Y88.941 E3.86723
G1 X79.472 Y88.941 E4.12296
G1 X79.472 Y86.88 E4.22209
G1 X79.458 Y86.715 E4.23005
G1 X79.325 Y86.369 E4.24788
G1 X79.101 Y86.121 E4.26395
G1 X78.789 Y85.958 E4.28088
G1 X78.508 Y85.916 E4.29455
G1 X76 Y85.926 E4.41518
;WIDTH:0.429703
G1 X72.659 Y85.926 E4.56741
G1 X72.659 Y85.561 E4.58404
G1 X76 Y85.561 E4.73627
;WIDTH:0.438315
G1 X76.166 Y85.551 E4.74403
;WIDTH:0.45
G1 X76.579 Y85.378 E4.76557
G1 X76.89 Y84.978 E4.78994
G1 X76.964 Y84.607 E4.80814
G1 X76.964 Y73.268 E5.35351
G1 X76.89 Y72.897 E5.37171
G1 X76.702 Y72.656 E5.38641
G1 X76.399 Y72.872 F7800
G1 F3600
G1 X76.347 Y72.805 E5.39049
G1 X76 Y72.689 E5.40809
G1 X72.284 Y72.689 E5.58682
G1 X72.284 Y71.573 E5.6405
G1 X77.516 Y71.573 E5.89214
G1 X78.676 Y71.548 E5.94794
G1 X78.864 Y71.451 E5.95811
G1 X79.047 Y71.203 E5.97293
G1 X79.086 Y70.995 E5.98311
G1 X79.086 Y68.548 E6.1008
G1 X85.175 Y68.548 E6.39366
G1 X85.175 Y71.619 E6.54136
G1 X85.175 Y89.327 E7.39305
G1 X79.086 Y89.327 E7.68591
G1 X79.078 Y86.781 E7.80836
G1 X78.998 Y86.574 E7.81903
G1 X78.789 Y86.375 E7.83291
G1 X78.508 Y86.302 E7.84687
G1 X72.284 Y86.302 E8.14622
G1 X72.284 Y85.186 E8.1999
G1 X76 Y85.186 E8.37863
G1 X76.347 Y85.07 E8.39623
G1 X76.534 Y84.83 E8.41086
G1 X76.579 Y84.607 E8.4218
G1 X76.579 Y73.502 E8.95591
G1 X76.534 Y73.045 E8.978
G1 X76.436 Y72.919 E8.98568
G1 X76.13 Y73.143 F7800
;TYPE:External perimeter
G1 F1800
G1 X76.116 Y73.114 E8.98723
G1 X76 Y73.075 E8.99312
G1 X71.898 Y73.075 E9.19041
G1 X71.898 Y71.187 E9.28122
G1 X78.508 Y71.187 E9.59914
G1 X78.65 Y71.125 E9.60659
G1 X78.701 Y70.995 E9.61331
G1 X78.701 Y68.162 E9.74957
G1 X85.56 Y68.162 E10.07946
G1 X85.56 Y71.619 E10.24573
G1 X85.56 Y89.712 E11.11594
G1 X78.701 Y89.712 E11.44583
G1 X78.701 Y86.88 E11.58204
G1 X78.65 Y86.75 E11.58876
G1 X78.508 Y86.687 E11.59623
G1 X71.898 Y86.687 E11.91415
G1 X71.898 Y84.8 E12.00491
G1 X76 Y84.8 E12.2022
G1 X76.116 Y84.761 E12.20809
G1 X76.193 Y84.607 E12.21637
G1 X76.193 Y73.268 E12.76174
G1 X76.157 Y73.196 E12.76561
G1 X75.774 Y73.081 F7800
G1 E10.76561 F2400
G92 E0
G1 X76.748 Y85.574 F7800
G1 E2 F2400
;TYPE:Solid infill
;WIDTH:0.473943
G1 F3000
G1 X76.711 Y85.611 E2.00267
G1 X76.725 Y85.66 E2.00527
G1 X76.774 Y85.673 E2.00786
G1 X76.81 Y85.637 E2.01046
G1 X76.797 Y85.588 E2.01305
G1 X76.998 Y85.299 E2.03103
;WIDTH:0.45
G1 X77.332 Y85.633 E2.05375
G1 X77.875 Y85.63 E2.07987
G1 X77.188 Y84.944 E2.12656
G1 X77.254 Y84.464 E2.14986
G1 X78.417 Y85.628 E2.229
G1 X79.126 Y85.791 E2.26399
G1 X77.254 Y83.918 E2.39136
G1 E.39136 F2400
G92 E0
G1 X79.761 Y88.589 F7800
G1 E2 F2400
;WIDTH:0.476259
G1 F3000
G1 X79.724 Y88.626 E2.00269
G1 X79.738 Y88.675 E2.00531
G1 X79.787 Y88.689 E2.00793
G1 X79.824 Y88.652 E2.01062
G1 X79.811 Y88.603 E2.01322
;WIDTH:0.45
G1 X79.761 Y88.062 E2.03935
G1 X80.351 Y88.652 E2.07948
G1 X80.897 Y88.652 E2.10574
G1 X79.761 Y87.517 E2.18298
G1 X79.761 Y86.971 E2.20924
G1 X81.442 Y88.652 E2.32358
G1 X82.249 Y88.724 F7800
;WIDTH:0.404381
G1 F3000
G1 X82.23 Y88.795 E2.3267
G1 X82.301 Y88.776 E2.32982
G1 X82.29 Y88.735 E2.33162
;WIDTH:0.45
G1 X81.987 Y88.652 E2.34673
G1 X79.591 Y86.255 E2.50974
G1 E.50974 F2400
G92 E0
G1 X77.254 Y83.373 F7800
G1 E2 F2400
G1 F3000
G1 X82.533 Y88.652 E2.35907
G1 X83.078 Y88.652 E2.38528
G1 X77.254 Y82.828 E2.78142
G1 X77.254 Y82.282 E2.80768
G1 X83.623 Y88.652 E3.24093
G1 X84.169 Y88.652 E3.26719
G1 X77.254 Y81.737 E3.73754
G1 X77.254 Y81.192 E3.76375
G1 X84.5 Y88.438 E4.25661
G1 X84.573 Y88.696 E4.26951
;WIDTH:0.404381
G1 X84.554 Y88.767 E4.27263
G1 X84.626 Y88.748 E4.27579
G1 X84.615 Y88.707 E4.27759
G1 X84.5 Y87.893 F7800
;WIDTH:0.45
G1 F3000
G1 X77.254 Y80.646 E4.77049
G1 X77.254 Y80.101 E4.7967
G1 X84.5 Y87.347 E5.28956
G1 X84.5 Y86.802 E5.31577
G1 X77.254 Y79.556 E5.80863
G1 X77.254 Y79.01 E5.83489
G1 X84.5 Y86.257 E6.32779
G1 X84.5 Y85.711 E6.35405
G1 X77.254 Y78.465 E6.84691
G1 X77.254 Y77.92 E6.87312
G1 X84.5 Y85.166 E7.36598
G1 X84.5 Y84.621 E7.39219
G1 X77.254 Y77.374 E7.88509
G1 X77.254 Y76.829 E7.9113
G1 X84.5 Y84.075 E8.40416
G1 X84.5 Y83.53 E8.43037
G1 X77.254 Y76.284 E8.92323
G1 X77.254 Y75.738 E8.94949
G1 X84.5 Y82.984 E9.44235
G1 X84.5 Y82.439 E9.46856
G1 X77.254 Y75.193 E9.96142
G1 X77.254 Y74.647 E9.98768
G1 X84.5 Y81.894 E10.48058
G1 X84.5 Y81.348 E10.50684
G1 X77.254 Y74.102 E10.9997
G1 X77.254 Y73.557 E11.02591
G1 X84.5 Y80.803 E11.51877
G1 X84.5 Y80.258 E11.54498
G1 X77.192 Y72.95 E12.04206
G1 X76.723 Y72.198 F7800
;WIDTH:0.442115
G1 F3000
G1 X76.702 Y72.277 E12.04591
G1 X76.781 Y72.256 E12.04976
G1 X76.768 Y72.211 E12.05197
;WIDTH:0.45
G1 X77.035 Y72.248 E12.06493
G1 X84.5 Y79.712 E12.57266
G1 X84.5 Y79.167 E12.59887
G1 X77.581 Y72.248 E13.06949
G1 X77.976 Y72.038 E13.09101
;WIDTH:0.442115
G1 X77.955 Y72.117 E13.09486
G1 X78.034 Y72.096 E13.09871
G1 X78.022 Y72.05 E13.10095
;WIDTH:0.45
G1 X78.126 Y72.248 E13.11171
G1 X84.5 Y78.622 E13.54526
G1 X84.5 Y78.076 E13.57152
G1 X78.651 Y72.228 E13.96933
G1 X79.077 Y72.108 E13.99062
G1 X84.5 Y77.531 E14.35949
G1 X84.5 Y76.986 E14.3857
G1 X79.392 Y71.878 E14.73314
G1 X79.62 Y71.561 E14.75192
G1 X84.5 Y76.44 E15.08382
G1 X84.5 Y75.895 E15.11003
G1 X79.749 Y71.144 E15.43319
G1 X79.761 Y70.611 E15.45883
G1 X84.5 Y75.35 E15.78117
G1 X84.5 Y74.804 E15.80743
G1 X79.761 Y70.065 E16.12977
G1 X79.761 Y69.52 E16.15598
G1 X84.5 Y74.259 E16.47832
G1 X84.5 Y73.714 E16.50453
G1 X80.009 Y69.223 E16.81
G1 X79.71 Y69.112 E16.82534
;WIDTH:0.404381
G1 X79.721 Y69.153 E16.82714
G1 X79.65 Y69.172 E16.83026
G1 X79.669 Y69.101 E16.83338
G1 X80.555 Y69.223 F7800
;WIDTH:0.45
G1 F3000
G1 X84.5 Y73.168 E17.10171
G1 X84.5 Y72.623 E17.12792
G1 X81.1 Y69.223 E17.35918
G1 X81.645 Y69.223 E17.38539
G1 X84.5 Y72.078 E17.57958
G1 X84.5 Y71.532 E17.60584
G1 X82.191 Y69.223 E17.7629
G1 X82.577 Y69.017 E17.78394
;WIDTH:0.404381
G1 X82.558 Y69.088 E17.78706
G1 X82.629 Y69.069 E17.79018
G1 X82.618 Y69.028 E17.79198
;WIDTH:0.45
G1 X82.736 Y69.223 E17.80294
G1 X84.5 Y70.987 E17.92293
G1 X83.418 Y69.359 F7800
G1 F3000
G1 X84.5 Y70.441 E17.99653
G1 X84.5 Y69.223 E18.05511
G1 X83.281 Y69.223 E18.11374
M106 S209.1
;LAYER_CHANGE
;Z:12.05
;HEIGHT:0.3
G1 E16.11374 F2400
G92 E0
G1 Z12.05 F7800
G92 E0
G1 X91.192 Y118.354
G1 E2 F2400
;TYPE:Perimeter
G1 F3600
G1 X91.279 Y118.466 E2.00682
G1 X91.857 Y118.649 E2.03598
;WIDTH:0.429703
G1 X95.912 Y118.649 E2.22075
G1 X95.913 Y119.014 E2.23738
G1 X91.857 Y119.014 E2.42219
;WIDTH:0.45
G1 X84.532 Y119.004 E2.7745
G1 X84.532 Y98.996 E3.73682
G1 X91.857 Y98.986 E4.08913
;WIDTH:0.429704
G1 X95.913 Y98.986 E4.27394
G1 X95.913 Y99.169 E4.28228
;WIDTH:0.429703
G1 X95.912 Y99.351 E4.29057
G1 X91.857 Y99.351 E4.47534
;WIDTH:0.438316
G1 X91.692 Y99.362 E4.48305
;WIDTH:0.45
G1 X91.279 Y99.534 E4.50457
G1 X90.967 Y99.935 E4.52901
G1 X90.893 Y100.305 E4.54716
G1 X90.893 Y117.695 E5.38356
G1 X90.967 Y118.065 E5.40171
G1 X91.155 Y118.307 E5.41645
G1 X91.458 Y118.091 F7800
G1 F3600
G1 X91.51 Y118.157 E5.42049
G1 X91.857 Y118.273 E5.43809
G1 X96.287 Y118.273 E5.65116
G1 X96.289 Y119.389 E5.70484
G1 X84.147 Y119.389 E6.28883
G1 X84.147 Y98.611 E7.28818
G1 X96.289 Y98.611 E7.87217
G1 X96.288 Y99.17 E7.89906
G1 X96.287 Y99.727 E7.92585
G1 X91.857 Y99.727 E8.13892
G1 X91.51 Y99.843 E8.15652
G1 X91.323 Y100.083 E8.17115
G1 X91.279 Y100.305 E8.18204
G1 X91.279 Y117.695 E9.01844
G1 X91.323 Y117.917 E9.02933
G1 X91.421 Y118.043 E9.03701
G1 X91.727 Y117.82 F7800
;TYPE:External perimeter
G1 F1800
G1 X91.742 Y117.849 E9.03858
G1 X91.857 Y117.887 E9.04441
G1 X96.672 Y117.887 E9.27599
G1 X96.675 Y119.775 E9.3668
G1 X83.761 Y119.775 E9.98792
G1 X83.761 Y98.225 E11.0244
G1 X96.675 Y98.225 E11.64552
G1 X96.674 Y99.17 E11.69097
G1 X96.672 Y100.112 E11.73628
G1 X91.857 Y100.112 E11.96786
G1 X91.742 Y100.151 E11.9737
G1 X91.664 Y100.305 E11.982
G1 X91.664 Y117.695 E12.8184
G1 X91.7 Y117.766 E12.82223
G1 X92.083 Y117.882 F7800
G1 X91.184 Y118.517
;TYPE:Top solid infill
;WIDTH:0.401447
G1 F2400
G1 X90.961 Y118.74 E12.83549
G1 X90.485 Y118.74 E12.8555
G1 X90.868 Y118.357 E12.87827
G1 X90.723 Y118.17 E12.88822
G1 X90.698 Y118.049 E12.89341
G1 X90.008 Y118.74 E12.93446
G1 X89.531 Y118.74 E12.95451
G1 X90.629 Y117.642 E13.01979
G1 X90.629 Y117.165 E13.03984
G1 X89.055 Y118.74 E13.13345
G1 X88.578 Y118.74 E13.1535
G1 X90.629 Y116.688 E13.27547
G1 X90.629 Y116.212 E13.29548
G1 X88.101 Y118.74 E13.44578
G1 X87.625 Y118.74 E13.46579
G1 X90.629 Y115.735 E13.64442
G1 X90.629 Y115.258 E13.66447
G1 X87.148 Y118.74 E13.87146
G1 X86.671 Y118.74 E13.89151
G1 X90.629 Y114.782 E14.12683
G1 X90.629 Y114.305 E14.14688
G1 X86.194 Y118.74 E14.41056
G1 X85.718 Y118.74 E14.43057
G1 X90.629 Y113.828 E14.72258
G1 X90.629 Y113.352 E14.74259
G1 X85.241 Y118.74 E15.06293
G1 X84.797 Y118.74 E15.0816
G1 X84.797 Y118.707 E15.08299
G1 X90.629 Y112.875 E15.42973
G1 X90.629 Y112.398 E15.44978
G1 X84.797 Y118.231 E15.79655
G1 X84.797 Y117.754 E15.8166
G1 X90.629 Y111.922 E16.16334
G1 X90.629 Y111.445 E16.18339
G1 X84.797 Y117.277 E16.53013
G1 X84.797 Y116.801 E16.55014
G1 X90.629 Y110.968 E16.89691
G1 X90.629 Y110.492 E16.91692
G1 X84.797 Y116.324 E17.26366
G1 X84.797 Y115.847 E17.28371
G1 X90.629 Y110.015 E17.63045
G1 X90.629 Y109.538 E17.6505
G1 X84.797 Y115.371 E17.99727
G1 X84.797 Y114.894 E18.01732
G1 X90.629 Y109.062 E18.36406
G1 X90.629 Y108.585 E18.38411
G1 X84.797 Y114.417 E18.73085
G1 X84.797 Y113.941 E18.75086
G1 X90.629 Y108.108 E19.09763
G1 X90.629 Y107.632 E19.11764
G1 X84.797 Y113.464 E19.46438
G1 X84.797 Y112.987 E19.48443
G1 X90.629 Y107.155 E19.83117
G1 X90.629 Y106.678 E19.85122
G1 X84.797 Y112.51 E20.19796
G1 X84.797 Y112.034 E20.21797
G1 X90.629 Y106.201 E20.56474
G1 X90.629 Y105.725 E20.58475
G1 X84.797 Y111.557 E20.93149
G1 X84.797 Y111.08 E20.95154
G1 X90.629 Y105.248 E21.29828
G1 X90.629 Y104.771 E21.31833
G1 X84.797 Y110.604 E21.6651
G1 X84.797 Y110.127 E21.68515
G1 X90.629 Y104.295 E22.03189
G1 X90.629 Y103.818 E22.05194
G1 X84.797 Y109.65 E22.39868
G1 X84.797 Y109.174 E22.41869
G1 X90.629 Y103.341 E22.76546
G1 X90.629 Y102.865 E22.78547
G1 X84.797 Y108.697 E23.13221
G1 X84.797 Y108.22 E23.15226
G1 X90.629 Y102.388 E23.499
G1 X90.629 Y101.911 E23.51905
G1 X84.797 Y107.744 E23.86582
G1 X84.797 Y107.267 E23.88587
G1 X90.629 Y101.435 E24.23261
G1 X90.629 Y100.958 E24.25266
G1 X84.797 Y106.79 E24.5994
G1 X84.797 Y106.314 E24.61941
G1 X90.629 Y100.481 E24.96618
G1 X90.629 Y100.298 E24.97387
G1 X90.702 Y99.931 E24.9896
G1 X84.797 Y105.837 E25.34071
G1 X84.797 Y105.36 E25.36076
G1 X90.907 Y99.25 E25.72403
G1 X90.429 Y99.251 E25.74413
G1 X84.797 Y104.884 E26.07901
G1 X84.797 Y104.407 E26.09906
G1 X89.952 Y99.252 E26.40555
G1 X89.474 Y99.252 E26.42565
G1 X84.797 Y103.93 E26.70375
G1 X84.797 Y103.453 E26.7238
G1 X88.997 Y99.253 E26.97351
G1 X88.519 Y99.254 E26.99361
G1 X84.797 Y102.977 E27.21493
G1 X84.797 Y102.5 E27.23498
G1 X88.042 Y99.255 E27.42791
G1 X87.564 Y99.256 E27.44801
G1 X84.797 Y102.023 E27.61252
G1 X84.797 Y101.547 E27.63253
G1 X87.087 Y99.256 E27.76871
G1 X86.609 Y99.257 E27.78881
G1 X84.797 Y101.07 E27.89657
G1 X84.797 Y100.593 E27.91662
G1 X86.132 Y99.258 E27.99599
G1 X85.654 Y99.259 E28.01609
G1 X84.797 Y100.117 E28.06707
G1 X84.797 Y99.64 E28.08712
G1 X85.328 Y99.108 E28.11872
G1 E26.11872
G92 E0
G92 E0
G1 X76.666 Y72.608 F7800
G1 E2 F2400
;TYPE:Perimeter
;WIDTH:0.45
G1 F3600
G1 X76.579 Y72.497 E2.00678
G1 X76 Y72.314 E2.03599
;WIDTH:0.429704
G1 X73.55 Y72.314 E2.14762
G1 X73.55 Y71.949 E2.16425
G1 X76 Y71.949 E2.27588
;WIDTH:0.45
G1 X78.273 Y71.959 E2.3852
G1 X78.78 Y71.92 E2.40966
G1 X78.964 Y71.844 E2.41923
G1 X79.22 Y71.644 E2.43485
G1 X79.413 Y71.325 E2.45278
G1 X79.472 Y70.995 E2.4689
G1 X79.472 Y68.934 E2.56803
G1 X84.564 Y68.934 E2.81294
G1 X84.564 Y71.498 E2.93626
G1 X84.564 Y88.941 E3.77521
G1 X79.472 Y88.941 E4.02012
G1 X79.462 Y86.743 E4.12584
G1 X79.33 Y86.377 E4.14455
G1 X79.095 Y86.116 E4.16144
G1 X78.78 Y85.955 E4.17845
G1 X78.508 Y85.916 E4.19167
G1 X76 Y85.926 E4.3123
;WIDTH:0.429703
G1 X73.55 Y85.926 E4.42393
G1 X73.55 Y85.561 E4.44056
G1 X76 Y85.561 E4.55219
;WIDTH:0.438315
G1 X76.166 Y85.551 E4.55995
;WIDTH:0.45
G1 X76.579 Y85.378 E4.58149
G1 X76.89 Y84.978 E4.60586
G1 X76.964 Y84.607 E4.62406
G1 X76.964 Y73.268 E5.16943
G1 X76.89 Y72.897 E5.18763
G1 X76.702 Y72.656 E5.20233
G1 X76.399 Y72.872 F7800
G1 F3600
G1 X76.347 Y72.805 E5.20641
G1 X76 Y72.689 E5.22401
G1 X73.175 Y72.689 E5.35988
G1 X73.175 Y71.573 E5.41356
G1 X78.508 Y71.573 E5.67006
G1 X78.782 Y71.504 E5.68365
G1 X78.935 Y71.384 E5.693
G1 X79.051 Y71.193 E5.70375
G1 X79.086 Y70.995 E5.71342
G1 X79.086 Y68.548 E5.83111
G1 X84.949 Y68.548 E6.1131
G1 X84.949 Y71.498 E6.25498
G1 X84.949 Y89.327 E7.11249
G1 X79.086 Y89.327 E7.39448
G1 X79.08 Y86.798 E7.51612
G1 X79.001 Y86.578 E7.52736
G1 X78.782 Y86.371 E7.54185
G1 X78.508 Y86.302 E7.55544
G1 X73.175 Y86.302 E7.81194
G1 X73.175 Y85.186 E7.86562
G1 X76 Y85.186 E8.00149
G1 X76.347 Y85.07 E8.01909
G1 X76.534 Y84.83 E8.03372
G1 X76.579 Y84.607 E8.04466
G1 X76.579 Y73.502 E8.57877
G1 X76.534 Y73.045 E8.60086
G1 X76.436 Y72.919 E8.60854
G1 X76.13 Y73.143 F7800
;TYPE:External perimeter
G1 F1800
G1 X76.116 Y73.114 E8.61009
G1 X76 Y73.075 E8.61598
G1 X72.789 Y73.075 E8.77042
G1 X72.789 Y71.187 E8.86123
G1 X78.508 Y71.187 E9.13629
G1 X78.65 Y71.125 E9.14374
G1 X78.701 Y70.995 E9.15046
G1 X78.701 Y68.162 E9.28672
G1 X85.335 Y68.162 E9.60579
G1 X85.335 Y71.498 E9.76624
G1 X85.335 Y89.712 E10.64227
G1 X78.701 Y89.712 E10.96134
G1 X78.701 Y86.88 E11.09755
G1 X78.65 Y86.75 E11.10427
G1 X78.508 Y86.687 E11.11174
G1 X72.789 Y86.687 E11.3868
G1 X72.789 Y84.8 E11.47756
G1 X76 Y84.8 E11.632
G1 X76.116 Y84.761 E11.63789
G1 X76.193 Y84.607 E11.64617
G1 X76.193 Y73.268 E12.19154
G1 X76.157 Y73.196 E12.19541
G1 X75.774 Y73.081 F7800
G1 E10.19541 F2400
G92 E0
G1 X84.451 Y88.143 F7800
G1 E2 F2400
;TYPE:Top solid infill
;WIDTH:0.403086
G1 X83.917 Y88.677 E2.0319
G1 X83.438 Y88.677 E2.05214
G1 X84.299 Y87.815 E2.10361
G1 X84.299 Y87.336 E2.12385
G1 X82.959 Y88.677 E2.20394
G1 X82.48 Y88.677 E2.22418
G1 X84.299 Y86.857 E2.33288
G1 X84.299 Y86.378 E2.35312
G1 X82.001 Y88.677 E2.49044
G1 X81.522 Y88.677 E2.51068
G1 X84.299 Y85.899 E2.67662
G1 X84.299 Y85.42 E2.69686
G1 X81.043 Y88.677 E2.89142
G1 X80.564 Y88.677 E2.91166
G1 X84.299 Y84.941 E3.13483
G1 X84.299 Y84.462 E3.15507
G1 X80.085 Y88.677 E3.40686
G1 X79.736 Y88.677 E3.4216
G1 X79.735 Y88.548 E3.42705
G1 X84.299 Y83.983 E3.69975
G1 X84.299 Y83.504 E3.71999
G1 X79.732 Y88.072 E3.99287
G1 X79.729 Y87.595 E4.01302
G1 X84.299 Y83.025 E4.28605
G1 X84.299 Y82.546 E4.30629
G1 X79.727 Y87.119 E4.57947
G1 X79.711 Y86.655 E4.59908
G1 X84.299 Y82.067 E4.87318
G1 X84.299 Y81.588 E4.89342
G1 X79.586 Y86.302 E5.17502
G1 X79.385 Y86.024 E5.18951
G1 X84.299 Y81.109 E5.48312
G1 X84.299 Y80.63 E5.50336
G1 X79.115 Y85.815 E5.8131
G1 X78.853 Y85.701 E5.82517
G1 X78.763 Y85.688 E5.82901
G1 X84.299 Y80.151 E6.15978
G1 X84.299 Y79.672 E6.18002
G1 X78.319 Y85.653 E6.53732
G1 X77.837 Y85.655 E6.55768
G1 X84.299 Y79.193 E6.94374
G1 X84.299 Y78.714 E6.96398
G1 X77.356 Y85.658 E7.37881
G1 X76.874 Y85.66 E7.39917
G1 X84.299 Y78.235 E7.84277
G1 X84.299 Y77.756 E7.86301
G1 X77.175 Y84.88 E8.28862
G1 X77.229 Y84.614 E8.30009
G1 X77.229 Y84.348 E8.31133
G1 X84.299 Y77.277 E8.73375
G1 X84.299 Y76.798 E8.75399
G1 X77.229 Y83.869 E9.17641
G1 X77.229 Y83.39 E9.19665
G1 X84.299 Y76.319 E9.61907
G1 X84.299 Y75.84 E9.63931
G1 X77.229 Y82.911 E10.06173
G1 X77.229 Y82.432 E10.08197
G1 X84.299 Y75.361 E10.50439
G1 X84.299 Y74.882 E10.52463
G1 X77.229 Y81.953 E10.94705
G1 X77.229 Y81.474 E10.96729
G1 X84.299 Y74.403 E11.38971
G1 X84.299 Y73.924 E11.40995
G1 X77.229 Y80.995 E11.83237
G1 X77.229 Y80.516 E11.85261
G1 X84.299 Y73.445 E12.27503
G1 X84.299 Y72.966 E12.29527
G1 X77.229 Y80.037 E12.71769
G1 X77.229 Y79.558 E12.73793
G1 X84.299 Y72.487 E13.16035
G1 X84.299 Y72.008 E13.18059
G1 X77.229 Y79.079 E13.60301
G1 X77.229 Y78.6 E13.62325
G1 X84.299 Y71.529 E14.04567
G1 X84.299 Y71.05 E14.06591
G1 X77.229 Y78.121 E14.48833
G1 X77.229 Y77.642 E14.50857
G1 X84.299 Y70.571 E14.93099
G1 X84.299 Y70.092 E14.95123
G1 X77.229 Y77.163 E15.37365
G1 X77.229 Y76.684 E15.39389
G1 X84.299 Y69.613 E15.81631
G1 X84.299 Y69.198 E15.83384
G1 X84.236 Y69.198 E15.8365
G1 X77.229 Y76.205 E16.25512
G1 X77.229 Y75.726 E16.27536
G1 X83.757 Y69.198 E16.66537
G1 X83.278 Y69.198 E16.68561
G1 X77.229 Y75.247 E17.047
G1 X77.229 Y74.768 E17.06724
G1 X82.799 Y69.198 E17.40001
G1 X82.32 Y69.198 E17.42025
G1 X77.229 Y74.289 E17.72441
G1 X77.229 Y73.81 E17.74465
G1 X81.841 Y69.198 E18.02019
G1 X81.362 Y69.198 E18.04043
G1 X79.736 Y70.824 E18.13757
G1 X79.736 Y70.345 E18.15781
G1 X80.883 Y69.198 E18.22634
G1 X80.404 Y69.198 E18.24658
G1 X79.736 Y69.866 E18.28649
G1 X79.736 Y69.387 E18.30673
G1 X80.076 Y69.047 E18.32704
G1 E16.32704
G92 E0
G1 X78.488 Y72.072 F7800
G1 E2 F2400
G1 X77.229 Y73.331 E2.07522
G1 X77.16 Y72.92 E2.09283
G1 X77.858 Y72.223 E2.1345
G1 X77.379 Y72.223 E2.15474
G1 X76.992 Y72.609 E2.17783
G1 X76.783 Y72.34 E2.19222
G1 X77.051 Y72.072 E2.20823
M106 S229.5
;LAYER_CHANGE
;Z:12.35
;HEIGHT:0.3
G1 E.20823 F2400
G92 E0
G1 Z12.35 F7800
G1 X73.724 Y85.561
G1 E2 F2400
;TYPE:Perimeter
;WIDTH:0.429703
G1 F600
G1 X75.652 Y85.561 E2.08785
G1 X75.652 Y85.744 E2.09619
G1 X75.652 Y85.926 E2.10448
G1 X73.724 Y85.926 E2.19233
G1 X73.724 Y85.621 E2.20623
G1 X73.348 Y85.186 F7800
;WIDTH:0.45
G1 F600
G1 X76.028 Y85.186 E2.33513
G1 X76.028 Y85.744 E2.36197
G1 X76.028 Y86.302 E2.38881
G1 X73.348 Y86.302 E2.51771
G1 X73.348 Y85.246 E2.5685
G1 X72.963 Y84.8 F7800
;TYPE:External perimeter
G1 F600
G1 X76.413 Y84.8 E2.73443
G1 X76.413 Y85.744 E2.77983
G1 X76.413 Y86.687 E2.82519
G1 X72.963 Y86.687 E2.99112
G1 X72.963 Y84.86 E3.07899
G1 X73.358 Y84.801 F7800
G1 E1.07899 F2400
G92 E0
G1 X75.652 Y72.314 F7800
G1 E2 F2400
;TYPE:Perimeter
;WIDTH:0.429704
G1 F600
G1 X73.724 Y72.314 E2.08785
G1 X73.724 Y71.949 E2.10448
G1 X75.652 Y71.949 E2.19233
G1 X75.652 Y72.131 E2.20062
G1 X75.652 Y72.254 E2.20622
G1 X76.028 Y72.689 F7800
;WIDTH:0.45
G1 F600
G1 X73.348 Y72.689 E2.33512
G1 X73.348 Y71.573 E2.3888
G1 X76.028 Y71.573 E2.5177
G1 X76.028 Y72.131 E2.54454
G1 X76.028 Y72.629 E2.56849
G1 X76.413 Y73.075 F7800
;TYPE:External perimeter
G1 F600
G1 X72.963 Y73.075 E2.73442
G1 X72.963 Y71.187 E2.82523
G1 X76.413 Y71.187 E2.99116
G1 X76.413 Y72.131 E3.03656
G1 X76.413 Y73.015 E3.07908
G1 X76.018 Y73.074 F7800
;LAYER_CHANGE
;Z:12.65
;HEIGHT:0.299999
G1 E1.07908 F2400
G92 E0
G1 Z12.65 F7800
G1 X73.897 Y85.561
G1 E2 F2400
;TYPE:Perimeter
;WIDTH:0.429703
G1 F600
G1 X75.132 Y85.561 E2.05627
G1 X75.132 Y85.744 E2.06461
G1 X75.132 Y85.926 E2.0729
G1 X73.897 Y85.926 E2.12917
G1 X73.897 Y85.621 E2.14307
G1 X73.521 Y85.186 F7800
;WIDTH:0.45
G1 F600
G1 X75.508 Y85.186 E2.23864
G1 X75.508 Y85.744 E2.26548
G1 X75.508 Y86.302 E2.29232
G1 X73.521 Y86.302 E2.38789
G1 X73.521 Y85.246 E2.43868
G1 X73.136 Y84.8 F7800
;TYPE:External perimeter
G1 F600
G1 X75.894 Y84.8 E2.57133
G1 X75.894 Y85.744 E2.61673
G1 X75.894 Y86.687 E2.66209
G1 X73.136 Y86.687 E2.79474
G1 X73.136 Y84.86 E2.88261
G1 X73.531 Y84.801 F7800
G1 E.88261 F2400
G92 E0
G1 X75.132 Y72.314 F7800
G1 E2 F2400
;TYPE:Perimeter
;WIDTH:0.429704
G1 F600
G1 X73.897 Y72.314 E2.05627
G1 X73.897 Y71.949 E2.0729
G1 X75.132 Y71.949 E2.12917
G1 X75.132 Y72.131 E2.13746
G1 X75.132 Y72.254 E2.14306
G1 X75.508 Y72.689 F7800
;WIDTH:0.45
G1 F600
G1 X73.521 Y72.689 E2.23863
G1 X73.521 Y71.573 E2.29231
G1 X75.508 Y71.573 E2.38788
G1 X75.508 Y72.131 E2.41472
G1 X75.508 Y72.629 E2.43867
G1 X75.894 Y73.075 F7800
;TYPE:External perimeter
G1 F600
G1 X73.136 Y73.075 E2.57132
G1 X73.136 Y71.187 E2.66213
G1 X75.894 Y71.187 E2.79478
G1 X75.894 Y72.131 E2.84018
G1 X75.894 Y73.015 E2.8827
G1 X75.498 Y73.074 F7800
;LAYER_CHANGE
;Z:12.95
;HEIGHT:0.3
G1 E.8827 F2400
G92 E0
G1 Z12.95 F7800
G1 X74.07 Y85.561
G1 E2 F2400
;TYPE:Perimeter
;WIDTH:0.429703
G1 F600
G1 X74.613 Y85.561 E2.02474
G1 X74.613 Y85.744 E2.03308
G1 X74.613 Y85.926 E2.04137
G1 X74.07 Y85.926 E2.06611
G1 X74.07 Y85.621 E2.08001
G1 X73.695 Y85.186 F7800
;WIDTH:0.45
G1 F600
G1 X74.988 Y85.186 E2.1422
G1 X74.988 Y85.744 E2.16904
G1 X74.988 Y86.302 E2.19588
G1 X73.695 Y86.302 E2.25807
G1 X73.695 Y85.246 E2.30886
G1 X73.309 Y84.8 F7800
;TYPE:External perimeter
G1 F600
G1 X75.374 Y84.8 E2.40818
G1 X75.374 Y85.744 E2.45358
G1 X75.374 Y86.687 E2.49894
G1 X73.309 Y86.687 E2.59826
G1 X73.309 Y84.86 E2.68613
G1 X73.705 Y84.801 F7800
G1 E.68613 F2400
G92 E0
G1 X74.613 Y72.314 F7800
G1 E2 F2400
;TYPE:Perimeter
;WIDTH:0.429704
G1 F600
G1 X74.07 Y72.314 E2.02474
G1 X74.07 Y71.949 E2.04137
G1 X74.613 Y71.949 E2.06611
G1 X74.613 Y72.131 E2.0744
G1 X74.613 Y72.254 E2.08
G1 X74.988 Y72.689 F7800
;WIDTH:0.45
G1 F600
G1 X73.695 Y72.689 E2.14219
G1 X73.695 Y71.573 E2.19587
G1 X74.988 Y71.573 E2.25806
G1 X74.988 Y72.131 E2.2849
G1 X74.988 Y72.629 E2.30885
G1 X75.374 Y73.075 F7800
;TYPE:External perimeter
G1 F600
G1 X73.309 Y73.075 E2.40817
G1 X73.309 Y71.187 E2.49898
G1 X75.374 Y71.187 E2.5983
G1 X75.374 Y72.131 E2.6437
G1 X75.374 Y73.015 E2.68622
G1 X74.978 Y73.074 F7800
;LAYER_CHANGE
;Z:13.25
;HEIGHT:0.3
G1 E.68622 F2400
G92 E0
G1 Z13.25 F7800
G1 X73.922 Y85.239
G1 E2 F2400
;TYPE:Perimeter
;WIDTH:0.557637
G1 F600
G1 X74.415 Y85.239 E2.03033
G1 X74.415 Y85.486 E2.04553
G1 X74.415 Y86.248 E2.09241
G1 X73.922 Y86.248 E2.12274
G1 X73.922 Y85.299 E2.18112
G1 X73.482 Y84.8 F7800
;TYPE:External perimeter
;WIDTH:0.45
G1 F600
G1 X74.854 Y84.8 E2.24711
G1 X74.854 Y85.486 E2.2801
G1 X74.854 Y86.687 E2.33786
G1 X73.482 Y86.687 E2.40385
G1 X73.482 Y84.86 E2.49172
G1 X73.878 Y84.801 F7800
G1 E.49172 F2400
G92 E0
G1 X74.415 Y72.636 F7800
G1 E2 F2400
;TYPE:Perimeter
;WIDTH:0.557637
G1 F600
G1 X73.922 Y72.636 E2.03033
G1 X73.922 Y71.627 E2.09241
G1 X74.415 Y71.627 E2.12274
G1 X74.415 Y71.874 E2.13794
G1 X74.415 Y72.576 E2.18113
G1 X74.854 Y73.075 F7800
;TYPE:External perimeter
;WIDTH:0.45
G1 F600
G1 X73.482 Y73.075 E2.24712
G1 X73.482 Y71.187 E2.33793
G1 X74.854 Y71.187 E2.40392
G1 X74.854 Y71.874 E2.43696
G1 X74.854 Y73.015 E2.49184
G1 X74.459 Y73.074 F7800
;LAYER_CHANGE
;Z:13.55
;HEIGHT:0.3
G1 E.49184 F2400
G92 E0
G1 Z13.55 F7800
G1 X73.995 Y86.348
G1 E2 F2400
;TYPE:Perimeter
;WIDTH:0.358075
G1 F600
G1 X73.995 Y85.14 E2.04425
G1 X73.655 Y84.8 F7800
;TYPE:External perimeter
;WIDTH:0.45
G1 F600
G1 X74.335 Y84.8 E2.07696
G1 X74.335 Y85.14 E2.09331
G1 X74.335 Y86.687 E2.16772
G1 X73.655 Y86.687 E2.20043
G1 X73.655 Y84.86 E2.2883
G1 X74.051 Y84.801 F7800
G1 E.2883 F2400
G92 E0
G1 X73.995 Y72.735 F7800
G1 E2 F2400
;TYPE:Perimeter
;WIDTH:0.358075
G1 F600
G1 X73.995 Y71.527 E2.04425
G1 X74.335 Y73.075 F7800
;TYPE:External perimeter
;WIDTH:0.45
G1 F600
G1 X73.655 Y73.075 E2.07696
G1 X73.655 Y71.187 E2.16777
G1 X74.335 Y71.187 E2.20048
G1 X74.335 Y71.527 E2.21683
G1 X74.335 Y73.015 E2.2884
G1 X73.939 Y73.074 F7800
;LAYER_CHANGE
;Z:13.85
;HEIGHT:0.3
G1 E.2884 F2400
G92 E0
G1 Z13.85 F7800
G1 X73.822 Y86.694
G1 E2 F2400
;WIDTH:0.436495
G1 F600
G1 X73.822 Y84.793 E2.08823
G1 X73.822 Y85.193 F7800
G1 E.08823 F2400
G92 E0
G1 X73.822 Y73.082 F7800
G1 E2 F2400
G1 F600
G1 X73.822 Y71.181 E2.08823
G1 X73.822 Y71.581 F7800
G1 E.08823 F2400
G92 E0
M107
;TYPE:Custom
; Filament-specific end gcode
M104 S0 ; turn off temperature
G28 X0  ; home X axis
M84     ; disable motors
; objects_info = {"objects":[]}
; filament used [mm] = 1948.38
; filament used [cm3] = 4.69
; filament used [g] = 6.09
; filament cost = 0.14
; total filament used [g] = 6.09
; total filament cost = 0.14
; total filament used for wipe tower [g] = 0.00
; estimated printing time (normal mode) = 23m 5s
; estimated first layer printing time (normal mode) = 2m 0s

; prusaslicer_config = begin
; arc_fitting = disabled
; autoemit_temperature_commands = 1
; automatic_extrusion_widths = 0
; automatic_infill_combination = 0
; automatic_infill_combination_max_layer_height = 100%
; avoid_crossing_curled_overhangs = 0
; avoid_crossing_perimeters = 0
; avoid_crossing_perimeters_max_detour = 0
; bed_custom_model = 
; bed_custom_texture = 
; bed_shape = 0x0,170x0,170x190,0x190
; bed_temperature = 67
; bed_temperature_extruder = 0
; before_layer_gcode = 
; between_objects_gcode = 
; binary_gcode = 0
; bottom_fill_pattern = monotonic
; bottom_solid_layers = 3
; bottom_solid_min_thickness = 0
; bridge_acceleration = 0
; bridge_angle = 0
; bridge_fan_speed = 100
; bridge_flow_ratio = 1
; bridge_speed = 60
; brim_separation = 0
; brim_type = outer_only
; brim_width = 0
; chamber_minimal_temperature = 0
; chamber_temperature = 0
; color_change_gcode = M600
; colorprint_heights = 
; compatible_printers_condition_cummulative = ;"printer_notes!~/.*NO_TEMPLATES.*/ and printer_notes!~/.*PRINTER_VENDOR_TRILAB.*/ and printer_notes!~/.*PRINTER_MODEL_MK4IS.*/ and ! (printer_notes=~/.*PRINTER_VENDOR_PRUSA3D.*/ and num_extruders>1)"
; complete_objects = 0
; cooling = 1
; cooling_perimeter_transition_distance = 0
; cooling_slowdown_logic = uniform_cooling
; cooling_tube_length = 5
; cooling_tube_retraction = 91.5
; custom_parameters_filament = ""
; custom_parameters_print = 
; custom_parameters_printer = 
; default_acceleration = 0
; default_filament_profile = 
; default_print_profile = 
; deretract_speed = 0
; disable_fan_first_layers = 1
; dont_support_bridges = 1
; draft_shield = disabled
; duplicate_distance = 6
; elefant_foot_compensation = 0
; enable_dynamic_fan_speeds = 0
; enable_dynamic_overhang_speeds = 0
; end_filament_gcode = "; Filament-specific end gcode"
; end_gcode = M104 S0 ; turn off temperature\nG28 X0  ; home X axis\nM84     ; disable motors\n
; ensure_vertical_shell_thickness = enabled
; external_perimeter_acceleration = 0
; external_perimeter_extrusion_width = 0.45
; external_perimeter_speed = 50%
; external_perimeters_first = 0
; extra_loading_move = -2
; extra_perimeters = 1
; extra_perimeters_on_overhangs = 0
; extruder_clearance_height = 20
; extruder_clearance_radius = 20
; extruder_colour = ""
; extruder_offset = 0x0
; extrusion_axis = E
; extrusion_multiplier = 1
; extrusion_width = 0.45
; fan_always_on = 1
; fan_below_layer_time = 100
; filament_abrasive = 0
; filament_colour = #FF8000
; filament_cooling_final_speed = 2
; filament_cooling_initial_speed = 3
; filament_cooling_moves = 1
; filament_cost = 23.63
; filament_density = 1.3
; filament_deretract_speed = nil
; filament_diameter = 1.75
; filament_infill_max_crossing_speed = 0
; filament_infill_max_speed = 0
; filament_load_time = 0
; filament_loading_speed = 14
; filament_loading_speed_start = 19
; filament_max_volumetric_speed = 0
; filament_minimal_purge_on_wipe_tower = 0
; filament_multitool_ramming = 0
; filament_multitool_ramming_flow = 10
; filament_multitool_ramming_volume = 10
; filament_notes = https://www.extrudr.com/en/products/catalogue/?material=128
; filament_purge_multiplier = 100%
; filament_ramming_parameters = "130 120 2.70968 2.93548 3.32258 3.83871 4.58065 5.54839 6.51613 7.35484 7.93548 8.16129| 0.05 2.66451 0.45 3.05805 0.95 4.05807 1.45 5.97742 1.95 7.69999 2.45 8.1936 2.95 11.342 3.45 11.4065 3.95 7.6 4.45 7.6 4.95 7.6"
; filament_retract_before_travel = nil
; filament_retract_before_wipe = nil
; filament_retract_layer_change = nil
; filament_retract_length = nil
; filament_retract_length_toolchange = nil
; filament_retract_lift = nil
; filament_retract_lift_above = nil
; filament_retract_lift_below = nil
; filament_retract_restart_extra = nil
; filament_retract_restart_extra_toolchange = nil
; filament_retract_speed = nil
; filament_seam_gap_distance = nil
; filament_settings_id = "Extrudr PLA NX2 geändert"
; filament_shrinkage_compensation_xy = 0%
; filament_shrinkage_compensation_z = 0%
; filament_soluble = 0
; filament_spool_weight = 262
; filament_stamping_distance = 0
; filament_stamping_loading_speed = 20
; filament_toolchange_delay = 0
; filament_travel_lift_before_obstacle = nil
; filament_travel_max_lift = nil
; filament_travel_ramping_lift = nil
; filament_travel_slope = nil
; filament_type = PLA
; filament_unload_time = 0
; filament_unloading_speed = 20
; filament_unloading_speed_start = 100
; filament_vendor = Extrudr
; filament_wipe = nil
; fill_angle = 45
; fill_density = 20%
; fill_pattern = stars
; first_layer_acceleration = 0
; first_layer_acceleration_over_raft = 0
; first_layer_bed_temperature = 67
; first_layer_extrusion_width = 0.42
; first_layer_height = 0.35
; first_layer_infill_speed = 0
; first_layer_speed = 30
; first_layer_speed_over_raft = 30
; first_layer_temperature = 220
; full_fan_speed_layer = 0
; fuzzy_skin = none
; fuzzy_skin_point_dist = 0.8
; fuzzy_skin_thickness = 0.3
; gap_fill_enabled = 1
; gap_fill_speed = 20
; gcode_comments = 0
; gcode_flavor = klipper
; gcode_label_objects = disabled
; gcode_resolution = 0.0125
; gcode_substitutions = 
; high_current_on_filament_swap = 0
; host_type = prusalink
; idle_temperature = nil
; infill_acceleration = 0
; infill_anchor = 600%
; infill_anchor_max = 50
; infill_every_layers = 1
; infill_extruder = 1
; infill_extrusion_width = 0.45
; infill_first = 0
; infill_overlap = 25%
; infill_speed = 70
; inherits_cummulative = ;"Extrudr PLA NX2 @Template";
; interface_shells = 0
; interlocking_beam = 0
; interlocking_beam_layer_count = 2
; interlocking_beam_width = 0.8
; interlocking_boundary_avoidance = 2
; interlocking_depth = 2
; interlocking_orientation = 22.5
; ironing = 0
; ironing_flowrate = 15%
; ironing_spacing = 0.1
; ironing_speed = 15
; ironing_type = top
; layer_gcode = 
; layer_height = 0.3
; machine_limits_usage = time_estimate_only
; machine_max_acceleration_e = 10000,5000
; machine_max_acceleration_extruding = 1500,1250
; machine_max_acceleration_retracting = 1500,1250
; machine_max_acceleration_travel = 1500,1250
; machine_max_acceleration_x = 9000,1000
; machine_max_acceleration_y = 9000,1000
; machine_max_acceleration_z = 500,200
; machine_max_feedrate_e = 120,120
; machine_max_feedrate_x = 500,200
; machine_max_feedrate_y = 500,200
; machine_max_feedrate_z = 12,12
; machine_max_jerk_e = 2.5,2.5
; machine_max_jerk_x = 10,10
; machine_max_jerk_y = 10,10
; machine_max_jerk_z = 0.2,0.4
; machine_min_extruding_rate = 0,0
; machine_min_travel_rate = 0,0
; max_fan_speed = 90
; max_layer_height = 0
; max_print_height = 170
; max_print_speed = 80
; max_volumetric_extrusion_rate_slope_negative = 0
; max_volumetric_extrusion_rate_slope_positive = 0
; max_volumetric_speed = 0
; min_bead_width = 85%
; min_fan_speed = 30
; min_feature_size = 25%
; min_layer_height = 0.07
; min_print_speed = 10
; min_skirt_length = 0
; mmu_segmented_region_interlocking_depth = 0
; mmu_segmented_region_max_width = 0
; multimaterial_purging = 140
; notes = 
; nozzle_diameter = 0.4
; nozzle_high_flow = 0
; only_one_perimeter_first_layer = 0
; only_retract_when_crossing_perimeters = 0
; ooze_prevention = 0
; output_filename_format = [input_filename_base].gcode
; over_bridge_speed = 0
; overhang_fan_speed_0 = 0
; overhang_fan_speed_1 = 0
; overhang_fan_speed_2 = 0
; overhang_fan_speed_3 = 0
; overhang_speed_0 = 15
; overhang_speed_1 = 15
; overhang_speed_2 = 20
; overhang_speed_3 = 25
; overhangs = 1
; parking_pos_retraction = 92
; pause_print_gcode = M601
; perimeter_acceleration = 0
; perimeter_extruder = 1
; perimeter_extrusion_width = 0.45
; perimeter_generator = arachne
; perimeter_speed = 60
; perimeters = 3
; physical_printer_settings_id = 
; post_process = 
; prefer_clockwise_movements = 0
; print_settings_id = Sparkcube default
; printer_model = 
; printer_notes = 
; printer_settings_id = Sparkcube
; printer_technology = FFF
; printer_variant = 
; printer_vendor = 
; raft_contact_distance = 0.1
; raft_expansion = 1.5
; raft_first_layer_density = 90%
; raft_first_layer_expansion = 3
; raft_layers = 0
; remaining_times = 0
; resolution = 0
; retract_before_travel = 2
; retract_before_wipe = 0%
; retract_layer_change = 0
; retract_length = 2
; retract_length_toolchange = 10
; retract_lift = 0
; retract_lift_above = 0
; retract_lift_below = 0
; retract_restart_extra = 0
; retract_restart_extra_toolchange = 0
; retract_speed = 40
; scarf_seam_entire_loop = 0
; scarf_seam_length = 20
; scarf_seam_max_segment_length = 1
; scarf_seam_on_inner_perimeters = 0
; scarf_seam_only_on_smooth = 1
; scarf_seam_placement = nowhere
; scarf_seam_start_height = 0%
; seam_gap_distance = 15%
; seam_position = aligned
; silent_mode = 1
; single_extruder_multi_material = 0
; single_extruder_multi_material_priming = 1
; skirt_distance = 6
; skirt_height = 1
; skirts = 0
; slice_closing_radius = 0.049
; slicing_mode = regular
; slowdown_below_layer_time = 20
; small_perimeter_speed = 30
; solid_infill_acceleration = 0
; solid_infill_below_area = 70
; solid_infill_every_layers = 0
; solid_infill_extruder = 1
; solid_infill_extrusion_width = 0.45
; solid_infill_speed = 50
; spiral_vase = 0
; staggered_inner_seams = 0
; standby_temperature_delta = -5
; start_filament_gcode = "; Filament gcode\n"
; start_gcode = G28 ; home all axes\nG1 Z5 F5000 ; lift nozzle\n
; support_material = 0
; support_material_angle = 0
; support_material_auto = 1
; support_material_bottom_contact_distance = 0
; support_material_bottom_interface_layers = -1
; support_material_buildplate_only = 0
; support_material_closing_radius = 2
; support_material_contact_distance = 0.2
; support_material_enforce_layers = 0
; support_material_extruder = 1
; support_material_extrusion_width = 0.35
; support_material_interface_contact_loops = 0
; support_material_interface_extruder = 1
; support_material_interface_layers = 3
; support_material_interface_pattern = rectilinear
; support_material_interface_spacing = 0
; support_material_interface_speed = 100%
; support_material_pattern = rectilinear
; support_material_spacing = 2.5
; support_material_speed = 60
; support_material_style = grid
; support_material_synchronize_layers = 0
; support_material_threshold = 0
; support_material_with_sheath = 1
; support_material_xy_spacing = 50%
; support_tree_angle = 40
; support_tree_angle_slow = 25
; support_tree_branch_diameter = 2
; support_tree_branch_diameter_angle = 5
; support_tree_branch_diameter_double_wall = 3
; support_tree_branch_distance = 1
; support_tree_tip_diameter = 0.8
; support_tree_top_rate = 15%
; temperature = 220
; template_custom_gcode = 
; thick_bridges = 1
; thin_walls = 1
; thumbnails = 
; thumbnails_format = PNG
; toolchange_gcode = 
; top_fill_pattern = monotonic
; top_infill_extrusion_width = 0.4
; top_one_perimeter_type = none
; top_solid_infill_acceleration = 0
; top_solid_infill_speed = 40
; top_solid_layers = 3
; top_solid_min_thickness = 0
; travel_acceleration = 0
; travel_lift_before_obstacle = 0
; travel_max_lift = 0
; travel_ramping_lift = 0
; travel_short_distance_acceleration = 0
; travel_slope = 0
; travel_speed = 130
; travel_speed_z = 0
; use_firmware_retraction = 0
; use_relative_e_distances = 0
; use_volumetric_e = 0
; variable_layer_height = 1
; wall_distribution_count = 1
; wall_transition_angle = 10
; wall_transition_filter_deviation = 25%
; wall_transition_length = 100%
; wipe = 0
; wipe_into_infill = 0
; wipe_into_objects = 0
; wipe_tower = 0
; wipe_tower_acceleration = 0
; wipe_tower_bridging = 10
; wipe_tower_brim_width = 2
; wipe_tower_cone_angle = 0
; wipe_tower_extra_flow = 100%
; wipe_tower_extra_spacing = 100%
; wipe_tower_extruder = 0
; wipe_tower_no_sparse_layers = 0
; wipe_tower_width = 60
; wiping_volumes_matrix = 0
; wiping_volumes_use_custom_matrix = 0
; xy_size_compensation = 0
; z_offset = 0
; prusaslicer_config = end
