; generated by PrusaSlicer 2.9.3 on 2026-02-04 at 21:04:38 UTC

; 

; external perimeters extrusion width = 0.45mm
; perimeters extrusion width = 0.45mm
; infill extrusion width = 0.45mm
; solid infill extrusion width = 0.45mm
; top infill extrusion width = 0.40mm
; first layer extrusion width = 0.42mm

M190 S87 ; set bed temperature and wait for it to be reached
M104 S230 ; set temperature
;TYPE:Custom
G28 ; home all axes
G1 Z5 F5000 ; lift nozzle
M109 S230 ; set temperature and wait for it to be reached
G21 ; set units to millimeters
G90 ; use absolute coordinates
M82 ; use absolute distances for extrusion
G92 E0
; Filament gcode
M107
;LAYER_CHANGE
;Z:0.35
;HEIGHT:0.35
G1 E-2 F2400
G92 E0
G1 Z.35 F7800
G1 X77.472 Y89.123
G1 E2 F2400
;TYPE:Skirt/Brim
;WIDTH:0.42
G1 F1800
G1 X90.458 Y77.835 E2.86351
G1 X92.363 Y76.709 E2.97457
G1 X94.5 Y76.328 E3.08351
G1 X96.5 Y76.328 E3.18388
G1 X98.677 Y76.724 E3.29493
G1 X100.865 Y78.135 E3.42559
G1 X101.865 Y79.135 E3.49656
G1 X103.124 Y80.956 E3.60766
G1 X103.672 Y83.5 E3.73826
G1 X103.672 Y105.5 E4.84235
G1 X103.276 Y107.677 E4.9534
G1 X101.865 Y109.865 E5.08406
G1 X99.865 Y111.865 E5.22601
G1 X98.044 Y113.124 E5.33711
G1 X95.5 Y113.672 E5.46771
G1 X74.5 Y113.672 E6.52161
G1 X72.323 Y113.276 E6.63266
G1 X70.135 Y111.865 E6.76332
G1 X68.135 Y109.865 E6.90527
G1 X66.876 Y108.044 E7.01637
G1 X66.328 Y105.5 E7.14697
G1 X66.366 Y101.759 E7.33473
G1 X66.723 Y99.977 E7.42594
G1 X67.467 Y98.32 E7.5171
G1 X68.561 Y96.87 E7.60826
G1 X77.427 Y89.163 E8.19782
G1 E6.19782 F2400
G92 E0
G92 E0
G1 X96.59 Y93.957 F7800
G1 E2 F2400
;TYPE:External perimeter
;WIDTH:0.42
G1 F1800
G1 X96.576 Y93.976 E2.00118
G1 X96.296 Y94.212 E2.01956
G1 X95.998 Y94.363 E2.03633
G1 X95.697 Y94.437 E2.05189
G1 X95.304 Y94.437 E2.07161
G1 X94.963 Y94.348 E2.0893
G1 X94.654 Y94.18 E2.10695
G1 X94.409 Y93.957 E2.12358
;WIDTH:0.420517
G1 X94.198 Y93.651 E2.14226
;WIDTH:0.432431
G1 X94.072 Y93.321 E2.16063
G1 X94.044 Y92.971 E2.17889
;WIDTH:0.429694
G1 X94.084 Y92.62 E2.19712
G1 X94.218 Y92.295 E2.21526
;WIDTH:0.42
G1 X94.422 Y92.008 E2.23293
G1 X94.688 Y91.779 E2.25054
G1 X95.002 Y91.62 E2.2682
G1 X95.345 Y91.54 E2.28588
G1 X95.697 Y91.545 E2.30355
G1 X96.039 Y91.636 E2.32131
G1 X96.359 Y91.814 E2.33969
G1 X96.606 Y92.039 E2.35646
G1 X96.802 Y92.332 E2.37415
;WIDTH:0.432432
G1 X96.928 Y92.662 E2.39252
G1 X96.956 Y93.012 E2.41078
;WIDTH:0.431436
G1 X96.917 Y93.363 E2.42909
G1 X96.782 Y93.688 E2.44734
;WIDTH:0.42
G1 X96.625 Y93.908 E2.4609
G1 X96.33 Y94.178 F7800
G1 E.4609 F2400
G92 E0
G1 X94.41 Y84.026 F7800
G1 E2 F2400
G1 F1800
G1 X94.424 Y84.006 E2.00123
G1 X94.704 Y83.77 E2.01961
G1 X95.002 Y83.62 E2.03635
G1 X95.345 Y83.54 E2.05403
G1 X95.697 Y83.545 E2.0717
G1 X96.039 Y83.636 E2.08946
G1 X96.359 Y83.814 E2.10784
G1 X96.606 Y84.039 E2.12461
G1 X96.802 Y84.332 E2.1423
;WIDTH:0.432432
G1 X96.928 Y84.662 E2.16067
G1 X96.956 Y85.012 E2.17893
;WIDTH:0.431436
G1 X96.917 Y85.363 E2.19724
G1 X96.782 Y85.688 E2.21549
;WIDTH:0.42
G1 X96.576 Y85.976 E2.23326
G1 X96.296 Y86.212 E2.25164
G1 X95.998 Y86.363 E2.26841
G1 X95.653 Y86.442 E2.28617
G1 X95.286 Y86.433 E2.30459
G1 X94.963 Y86.348 E2.32135
G1 X94.654 Y86.18 E2.339
G1 X94.394 Y85.943 E2.35666
;WIDTH:0.420526
G1 X94.198 Y85.651 E2.37434
;WIDTH:0.432431
G1 X94.072 Y85.321 E2.39271
G1 X94.046 Y84.991 E2.40992
;WIDTH:0.429306
G1 X94.084 Y84.62 E2.42914
G1 X94.218 Y84.295 E2.44726
;WIDTH:0.42
G1 X94.375 Y84.074 E2.46086
G1 X94.67 Y83.805 F7800
G1 X95.798 Y83.134
;TYPE:Perimeter
;WIDTH:0.577905
G1 F1800
G1 X95.902 Y83.109 E2.46869
;WIDTH:0.528828
G1 X96.006 Y83.085 E2.47574
;WIDTH:0.479751
G1 X96.11 Y83.06 E2.48204
;WIDTH:0.430674
G1 X96.215 Y83.036 E2.48761
;WIDTH:0.381598
G1 X96.323 Y83.081 E2.49283
;WIDTH:0.423624
G1 X96.4 Y83.187 E2.49947
;WIDTH:0.46565
G1 X96.477 Y83.294 E2.50696
;WIDTH:0.507676
G1 X96.554 Y83.401 E2.51526
;WIDTH:0.549703
G1 X96.631 Y83.507 E2.52431
G1 X96.522 Y83.468 E2.5323
;WIDTH:0.507676
G1 X96.413 Y83.428 E2.53961
;WIDTH:0.46565
G1 X96.303 Y83.389 E2.54624
;WIDTH:0.423624
G1 X96.194 Y83.349 E2.55213
;WIDTH:0.430674
G1 X96.095 Y83.295 E2.55796
;WIDTH:0.479751
G1 X95.996 Y83.242 E2.56457
;WIDTH:0.528828
G1 X95.897 Y83.188 E2.57202
;WIDTH:0.577905
G1 X95.851 Y83.162 E2.57589
G1 X96.631 Y83.507 F7800
;WIDTH:0.549703
G1 F1800
G1 X96.889 Y83.753 E2.60051
G1 E.60051 F2400
G92 E0
G1 X94.402 Y83.48 F7800
G1 E2 F2400
;WIDTH:0.556611
G1 F1800
G1 X94.482 Y83.369 E2.00959
;WIDTH:0.512863
G1 X94.562 Y83.258 E2.01831
;WIDTH:0.469115
G1 X94.642 Y83.147 E2.02615
;WIDTH:0.425367
G1 X94.722 Y83.036 E2.03312
;WIDTH:0.428584
G1 X94.852 Y83.059 E2.03991
;WIDTH:0.47555
G1 X94.982 Y83.083 E2.04761
;WIDTH:0.522515
G1 X95.112 Y83.106 E2.0562
;WIDTH:0.569481
G1 X95.242 Y83.13 E2.06571
G1 X95.162 Y83.17 E2.07214
;WIDTH:0.527991
G1 X95.082 Y83.211 E2.07806
;WIDTH:0.486501
G1 X95.002 Y83.252 E2.08344
;WIDTH:0.445011
G1 X94.921 Y83.293 E2.08833
;WIDTH:0.441794
G1 X94.792 Y83.34 E2.09566
;WIDTH:0.480066
G1 X94.662 Y83.386 E2.10379
;WIDTH:0.518338
G1 X94.532 Y83.433 E2.11271
;WIDTH:0.556611
G1 X94.458 Y83.459 E2.11821
G1 X95.242 Y83.13 F7800
;WIDTH:0.577905
G1 F1800
G1 X95.798 Y83.134 E2.15889
G1 X94.111 Y83.753 F7800
;WIDTH:0.556611
G1 F1800
G1 X94.402 Y83.48 E2.18685
G1 E.18685 F2400
G92 E0
G1 X96.6 Y91.155 F7800
G1 E2 F2400
;WIDTH:0.42
G1 F1800
G1 X96.368 Y91.029 E2.01325
G1 X95.862 Y90.876 E2.03978
G1 X95.345 Y90.851 E2.06576
G1 X94.837 Y90.95 E2.09173
G1 X94.4 Y91.151 E2.11587
G1 X94.4 Y86.831 E2.33267
G1 X94.643 Y86.959 E2.34645
G1 X95.121 Y87.103 E2.3715
G1 X95.644 Y87.132 E2.39779
G1 X96.163 Y87.033 E2.42431
G1 X96.6 Y86.831 E2.44847
G1 X96.6 Y91.095 E2.66246
G1 X96.945 Y91.924 F7800
G1 F1800
G1 X96.588 Y91.556 E2.68819
G1 X96.203 Y91.332 E2.71054
G1 X95.779 Y91.21 E2.73268
G1 X95.345 Y91.195 E2.75447
G1 X94.92 Y91.285 E2.77627
G1 X94.528 Y91.473 E2.79809
G1 X94.193 Y91.75 E2.81991
G1 X94.055 Y91.924 E2.83106
G1 X94.055 Y86.059 E3.1254
G1 X94.11 Y86.139 E3.13027
G1 X94.425 Y86.438 E3.15207
G1 X94.803 Y86.653 E3.17389
G1 X95.204 Y86.768 E3.19483
G1 X95.648 Y86.787 E3.21713
G1 X96.08 Y86.698 E3.23927
G1 X96.456 Y86.517 E3.26021
G1 X96.802 Y86.237 E3.28255
G1 X96.945 Y86.059 E3.29401
G1 X96.945 Y91.864 E3.58534
G1 E1.58534 F2400
G92 E0
G1 X92.842 Y104.332 F7800
G1 E2 F2400
G1 F1800
G1 X92.858 Y104.329 E2.00082
G1 X93.125 Y104.147 E2.01704
G1 X94.147 Y103.125 E2.08957
G1 X94.329 Y102.858 E2.10579
G1 X94.4 Y102.516 E2.12332
G1 X94.4 Y94.831 E2.509
G1 X94.643 Y94.959 E2.52278
G1 X95.138 Y95.107 E2.54871
G1 X95.655 Y95.132 E2.57469
G1 X96.163 Y95.033 E2.60066
G1 X96.6 Y94.831 E2.62482
G1 X96.6 Y105.127 E3.14153
G1 X95.127 Y106.6 E3.24607
G1 X74.873 Y106.6 E4.26253
G1 X73.4 Y105.127 E4.36707
G1 X73.413 Y102.382 E4.50483
G1 X73.509 Y101.997 E4.52474
G1 X73.716 Y101.716 E4.54226
G1 X73.997 Y101.509 E4.55978
G1 X74.334 Y101.419 E4.57729
G1 X74.791 Y101.435 E4.60024
G1 X75.094 Y101.566 E4.61681
G1 X75.367 Y101.799 E4.63482
G1 X75.528 Y102.102 E4.65204
G1 X75.69 Y102.897 E4.69276
G1 X75.854 Y103.127 E4.70694
G1 X76.875 Y104.147 E4.77937
G1 X77.142 Y104.329 E4.79559
G1 X77.484 Y104.4 E4.81312
G1 X92.516 Y104.4 E5.56751
G1 X92.783 Y104.344 E5.5812
G1 X92.705 Y103.995 F7800
G1 F1800
G1 X92.881 Y103.903 E5.59117
G1 X93.667 Y103.117 E5.64696
G1 X94.012 Y102.721 E5.67332
G1 X94.055 Y102.516 E5.68383
G1 X94.055 Y94.054 E6.1085
G1 X94.128 Y94.157 E6.11484
G1 X94.425 Y94.438 E6.13536
G1 X94.803 Y94.653 E6.15718
G1 X95.221 Y94.772 E6.17899
G1 X95.655 Y94.787 E6.20078
G1 X96.08 Y94.698 E6.22257
G1 X96.456 Y94.517 E6.24351
G1 X96.802 Y94.237 E6.26585
G1 X96.945 Y94.059 E6.27731
G1 X96.945 Y105.27 E6.83994
G1 X95.27 Y106.945 E6.95882
G1 X74.73 Y106.945 E7.98964
G1 X73.055 Y105.27 E8.10852
G1 X73.055 Y102.481 E8.24849
G1 X73.145 Y101.993 E8.27339
G1 X73.362 Y101.582 E8.29671
G1 X73.714 Y101.279 E8.32002
G1 X74.14 Y101.093 E8.34335
G1 X74.599 Y101.071 E8.36641
G1 X75.016 Y101.148 E8.38769
G1 X75.418 Y101.362 E8.41055
G1 X75.72 Y101.713 E8.43379
G1 X75.906 Y102.137 E8.45703
G1 X75.954 Y102.606 E8.48069
G1 X76.098 Y102.883 E8.49636
G1 X76.883 Y103.667 E8.55204
G1 X77.279 Y104.012 E8.5784
G1 X77.484 Y104.055 E8.58891
G1 X92.516 Y104.055 E9.3433
G1 X92.605 Y104.047 E9.34778
G1 X92.652 Y104.023 E9.35043
G1 X92.577 Y103.685 F7800
;TYPE:External perimeter
G1 F1800
G1 X92.637 Y103.659 E9.35371
G1 X93.659 Y102.637 E9.42624
G1 X93.71 Y102.516 E9.43283
G1 X93.71 Y94.312 E9.84455
;WIDTH:0.420517
G1 X93.707 Y92.95 E9.91301
;WIDTH:0.42
G1 X93.71 Y86.295 E10.247
;WIDTH:0.420526
G1 X93.707 Y84.972 E10.3135
;WIDTH:0.42
G1 X93.71 Y83.587 E10.38301
G1 X94.587 Y82.71 E10.44525
G1 X96.413 Y82.71 E10.53689
G1 X97.29 Y83.587 E10.59913
G1 X97.29 Y83.753 E10.60746
G1 X97.29 Y84.137 E10.62673
;WIDTH:0.432432
G1 X97.29 Y85.846 E10.71559
;WIDTH:0.42
G1 X97.29 Y92.137 E11.03131
;WIDTH:0.432432
G1 X97.29 Y93.846 E11.12017
;WIDTH:0.42
G1 X97.29 Y105.413 E11.70067
G1 X95.413 Y107.29 E11.83389
G1 X74.587 Y107.29 E12.87906
G1 X72.71 Y105.413 E13.01228
G1 X72.71 Y102.562 E13.15536
G1 X72.755 Y102.063 E13.1805
G1 X72.884 Y101.696 E13.20002
G1 X73.091 Y101.366 E13.21957
G1 X73.366 Y101.091 E13.23909
G1 X73.696 Y100.884 E13.25864
G1 X74.063 Y100.755 E13.27816
G1 X74.452 Y100.711 E13.29781
G1 X74.939 Y100.756 E13.32235
G1 X75.304 Y100.884 E13.34176
G1 X75.634 Y101.091 E13.36131
G1 X75.909 Y101.366 E13.38083
G1 X76.116 Y101.696 E13.40038
G1 X76.245 Y102.062 E13.41986
G1 X76.292 Y102.534 E13.44366
G1 X76.342 Y102.639 E13.4495
G1 X77.363 Y103.659 E13.52193
G1 X77.484 Y103.71 E13.52852
G1 X92.516 Y103.71 E14.28291
G1 X92.521 Y103.708 E14.28318
G1 X92.832 Y103.457 F7800
G1 E12.28318 F2400
G92 E0
G1 X96.497 Y95.715 F7800
G1 E2 F2400
;TYPE:Solid infill
;WIDTH:0.424752
G1 F1800
G1 X96.097 Y95.315 E2.02878
G1 X95.918 Y95.359 E2.03816
G1 X95.676 Y95.389 E2.05057
G1 X96.342 Y96.054 E2.09845
G1 X96.342 Y96.549 E2.12363
G1 X95.162 Y95.369 E2.20853
G1 X94.77 Y95.282 E2.22896
G1 X94.658 Y95.24 E2.23505
G1 X94.658 Y95.36 E2.24116
G1 X96.342 Y97.043 E2.36229
G1 X96.342 Y97.537 E2.38742
G1 X94.658 Y95.854 E2.50855
G1 X94.658 Y96.349 E2.53373
G1 X96.342 Y98.032 E2.65486
G1 X96.342 Y98.526 E2.67999
G1 X94.658 Y96.843 E2.80112
G1 X94.658 Y97.338 E2.8263
G1 X96.342 Y99.021 E2.94743
G1 X96.342 Y99.515 E2.97256
G1 X94.658 Y97.832 E3.09369
G1 X94.658 Y98.327 E3.11887
G1 X96.342 Y100.01 E3.24
G1 X96.342 Y100.504 E3.26513
G1 X94.658 Y98.821 E3.38626
G1 X94.658 Y99.316 E3.41144
G1 X96.342 Y100.999 E3.53257
G1 X96.342 Y101.493 E3.5577
G1 X94.658 Y99.81 E3.67883
G1 X94.658 Y100.305 E3.70401
G1 X96.342 Y101.988 E3.82514
G1 X96.342 Y102.482 E3.85027
G1 X94.658 Y100.799 E3.9714
G1 X94.658 Y101.293 E3.99653
G1 X96.342 Y102.977 E4.1177
G1 X96.342 Y103.471 E4.14283
G1 X94.658 Y101.788 E4.26396
G1 X94.658 Y102.282 E4.28909
G1 X96.342 Y103.966 E4.41026
G1 X96.342 Y104.46 E4.43539
G1 X94.63 Y102.749 E4.55853
G1 X94.566 Y102.964 E4.56994
G1 X94.479 Y103.092 E4.57781
G1 X96.342 Y104.954 E4.71182
G1 X96.342 Y105.02 E4.71518
G1 X96.127 Y105.235 E4.73065
G1 X94.265 Y103.373 E4.86462
G1 X94.018 Y103.62 E4.88239
G1 X95.88 Y105.482 E5.01636
G1 X95.633 Y105.729 E5.03413
G1 X93.771 Y103.867 E5.1681
G1 X93.524 Y104.115 E5.18591
G1 X95.385 Y105.976 E5.31981
G1 X95.138 Y106.223 E5.33758
G1 X93.272 Y104.357 E5.47184
G1 X92.977 Y104.557 E5.48997
G1 X94.762 Y106.342 E5.6184
G1 X94.267 Y106.342 E5.64358
G1 X92.579 Y104.653 E5.76507
G1 X92.09 Y104.658 E5.78995
G1 X93.773 Y106.342 E5.91108
G1 X93.278 Y106.342 E5.93626
G1 X91.595 Y104.658 E6.05739
G1 X91.101 Y104.658 E6.08252
G1 X92.784 Y106.342 E6.20365
G1 X92.29 Y106.342 E6.22878
G1 X90.606 Y104.658 E6.34995
G1 X90.112 Y104.658 E6.37508
G1 X91.795 Y106.342 E6.49621
G1 X91.301 Y106.342 E6.52134
G1 X89.617 Y104.658 E6.64251
G1 X89.123 Y104.658 E6.66764
G1 X90.806 Y106.342 E6.78877
G1 X90.312 Y106.342 E6.8139
G1 X88.629 Y104.658 E6.93503
G1 X88.134 Y104.658 E6.96021
G1 X89.817 Y106.342 E7.08134
G1 X89.323 Y106.342 E7.10647
G1 X87.64 Y104.658 E7.2276
G1 X87.145 Y104.658 E7.25278
G1 X88.828 Y106.342 E7.37391
G1 X88.334 Y106.342 E7.39904
G1 X86.651 Y104.658 E7.52017
G1 X86.156 Y104.658 E7.54535
G1 X87.839 Y106.342 E7.66648
G1 X87.345 Y106.342 E7.69161
G1 X85.662 Y104.658 E7.81274
G1 X85.167 Y104.658 E7.83792
G1 X86.85 Y106.342 E7.95905
G1 X86.356 Y106.342 E7.98418
G1 X84.673 Y104.658 E8.10531
G1 X84.178 Y104.658 E8.13049
G1 X85.861 Y106.342 E8.25162
G1 X85.367 Y106.342 E8.27675
G1 X83.684 Y104.658 E8.39788
G1 X83.189 Y104.658 E8.42306
G1 X84.872 Y106.342 E8.54419
G1 X84.378 Y106.342 E8.56932
G1 X82.695 Y104.658 E8.69045
G1 X82.2 Y104.658 E8.71563
G1 X83.884 Y106.342 E8.8368
G1 X83.389 Y106.342 E8.86198
G1 X81.706 Y104.658 E8.98311
G1 X81.211 Y104.658 E9.00829
G1 X82.895 Y106.342 E9.12946
G1 X82.4 Y106.342 E9.15464
G1 X80.717 Y104.658 E9.27577
G1 X80.223 Y104.658 E9.3009
G1 X81.906 Y106.342 E9.42203
G1 X81.411 Y106.342 E9.44721
G1 X79.728 Y104.658 E9.56834
G1 X79.234 Y104.658 E9.59347
G1 X80.917 Y106.342 E9.7146
G1 X80.422 Y106.342 E9.73978
G1 X78.739 Y104.658 E9.86091
G1 X78.245 Y104.658 E9.88604
G1 X79.928 Y106.342 E10.00717
G1 X79.433 Y106.342 E10.03235
G1 X77.595 Y104.503 E10.16463
G1 E8.16463 F2400
G92 E0
G1 X75.481 Y102.39 F7800
G1 E2 F2400
G1 F1800
G1 X74.806 Y101.714 E2.0486
G1 X74.736 Y101.689 E2.05238
G1 X74.462 Y101.664 E2.06638
G1 X74.282 Y101.685 E2.0756
G1 X75.384 Y102.786 E2.15485
G1 X75.457 Y103.013 E2.16698
G1 X75.666 Y103.305 E2.18525
G1 X76.698 Y104.336 E2.25947
G1 X77.039 Y104.568 E2.28045
G1 X77.198 Y104.601 E2.28871
G1 X78.939 Y106.342 E2.41398
G1 X78.444 Y106.342 E2.43916
G1 X73.95 Y101.848 E2.76251
G1 X73.837 Y101.961 E2.77064
G1 X73.737 Y102.128 E2.78054
G1 X77.95 Y106.342 E3.08371
G1 X77.455 Y106.342 E3.10889
G1 X73.658 Y102.545 E3.38209
G1 X73.658 Y103.039 E3.40722
G1 X76.961 Y106.342 E3.64488
G1 X76.467 Y106.342 E3.67001
G1 X73.658 Y103.533 E3.87212
G1 X73.658 Y104.028 E3.8973
G1 X75.972 Y106.342 E4.0638
G1 X75.478 Y106.342 E4.08893
G1 X73.658 Y104.522 E4.21988
G1 X73.658 Y105.017 E4.24506
G1 X75.138 Y106.497 E4.35155
G1 E2.35155 F2400
G92 E0
G1 X96.497 Y87.727 F7800
G1 E2 F2400
;WIDTH:0.430427
G1 F1800
G1 X96.087 Y87.318 E2.02994
G1 X95.918 Y87.359 E2.03893
G1 X95.657 Y87.389 E2.05251
G1 X96.342 Y88.074 E2.1026
G1 X96.342 Y88.577 E2.12861
G1 X95.128 Y87.363 E2.21738
G1 X94.77 Y87.282 E2.23636
G1 X94.658 Y87.24 E2.24254
G1 X94.658 Y87.396 E2.25061
G1 X96.342 Y89.079 E2.37371
G1 X96.342 Y89.582 E2.39972
G1 X94.658 Y87.898 E2.52285
G1 X94.658 Y88.401 E2.54886
G1 X96.342 Y90.084 E2.67196
G1 X96.342 Y90.587 E2.69797
G1 X94.658 Y88.903 E2.8211
G1 X94.658 Y89.406 E2.84711
G1 X95.87 Y90.617 E2.93569
G1 X95.66 Y90.592 E2.94662
G1 X95.342 Y90.592 E2.96306
G1 X94.658 Y89.908 E3.01307
G1 X94.658 Y90.411 E3.03908
G1 X95.041 Y90.793 E3.06705
;LAYER_CHANGE
;Z:0.65
;HEIGHT:0.3
G1 E1.06705 F2400
G92 E0
G1 Z.65 F7800
G1 X96.601 Y93.967
G1 E2 F2400
;TYPE:External perimeter
;WIDTH:0.45
G1 F1511
G1 X96.588 Y93.986 E2.00111
G1 X96.318 Y94.217 E2.0182
G1 X96.001 Y94.378 E2.0353
G1 X95.7 Y94.452 E2.05021
G1 X95.25 Y94.439 E2.07186
G1 X94.956 Y94.361 E2.08649
G1 X94.644 Y94.191 E2.10358
G1 X94.381 Y93.951 E2.1207
G1 X94.185 Y93.655 E2.13777
;WIDTH:0.449162
G1 X94.075 Y93.32 E2.15469
;WIDTH:0.427027
G1 X94.074 Y92.669 E2.18414
;WIDTH:0.45
G1 X94.206 Y92.286 E2.20362
G1 X94.412 Y91.997 E2.22069
G1 X94.682 Y91.765 E2.23781
G1 X94.999 Y91.605 E2.25489
G1 X95.345 Y91.525 E2.27197
G1 X95.701 Y91.531 E2.28909
G1 X96.044 Y91.621 E2.30615
G1 X96.356 Y91.792 E2.32326
G1 X96.619 Y92.031 E2.34035
G1 X96.816 Y92.327 E2.35745
G1 X96.925 Y92.662 E2.37439
;WIDTH:0.427028
G1 X96.953 Y93.012 E2.39027
;WIDTH:0.432223
G1 X96.917 Y93.363 E2.40646
;WIDTH:0.45
G1 X96.794 Y93.697 E2.42358
G1 X96.636 Y93.918 E2.43665
G1 X96.341 Y94.188 F7800
G1 E.43665 F2400
G92 E0
G1 X94.4 Y84.017 F7800
G1 E2 F2400
G1 F1511
G1 X94.418 Y83.992 E2.00148
G1 X94.727 Y83.741 E2.02063
G1 X94.999 Y83.605 E2.03526
G1 X95.345 Y83.525 E2.05234
G1 X95.701 Y83.531 E2.06946
G1 X96.044 Y83.621 E2.08652
G1 X96.356 Y83.792 E2.10363
G1 X96.619 Y84.031 E2.12072
G1 X96.816 Y84.327 E2.13782
G1 X96.925 Y84.662 E2.15476
;WIDTH:0.427028
G1 X96.953 Y85.012 E2.17064
;WIDTH:0.432223
G1 X96.917 Y85.363 E2.18683
;WIDTH:0.45
G1 X96.794 Y85.697 E2.20395
G1 X96.582 Y85.991 E2.22138
G1 X96.273 Y86.241 E2.2405
G1 X96.001 Y86.378 E2.25515
G1 X95.561 Y86.454 E2.27663
G1 X95.25 Y86.439 E2.29161
G1 X94.956 Y86.361 E2.30624
G1 X94.644 Y86.191 E2.32333
G1 X94.381 Y85.951 E2.34045
G1 X94.185 Y85.655 E2.35752
;WIDTH:0.449162
G1 X94.075 Y85.32 E2.37444
;WIDTH:0.427027
G1 X94.074 Y84.669 E2.40389
;WIDTH:0.432316
G1 X94.083 Y84.62 E2.40618
;WIDTH:0.45
G1 X94.206 Y84.286 E2.4233
G1 X94.365 Y84.065 E2.43639
G1 X94.662 Y83.798 F7800
G1 X94.111 Y83.753
;TYPE:Perimeter
;WIDTH:0.480552
G1 F1511
G1 X94.322 Y83.563 E2.45113
;WIDTH:0.510887
G1 X94.534 Y83.373 E2.46698
;WIDTH:0.558793
G1 X94.659 Y83.281 E2.47655
;WIDTH:0.606699
G1 X94.785 Y83.189 E2.4871
G1 X94.972 Y83.168 E2.49983
;WIDTH:0.564171
G1 X95.159 Y83.146 E2.51157
;WIDTH:0.521644
G1 X95.345 Y83.125 E2.52225
;WIDTH:0.525397
G1 X95.727 Y83.148 E2.54425
;WIDTH:0.571677
G1 X96.108 Y83.171 E2.5684
;WIDTH:0.589537
G1 X96.256 Y83.218 E2.57857
G1 X96.452 Y83.381 E2.59527
;WIDTH:0.543224
G1 X96.648 Y83.544 E2.61049
;WIDTH:0.496911
G1 X96.844 Y83.708 E2.62428
;WIDTH:0.450599
G1 X96.889 Y83.753 E2.62735
G1 E.62735 F2400
G92 E0
G1 X94.496 Y86.991 F7800
G1 E2 F2400
;WIDTH:0.45
G1 F1511
G1 X94.597 Y87.044 E2.00549
G1 X95.065 Y87.188 E2.02904
G1 X95.621 Y87.228 E2.05585
G1 X96.185 Y87.126 E2.08342
G1 X96.504 Y86.991 E2.10008
G1 X96.504 Y90.992 E2.29251
G1 X96.403 Y90.939 E2.298
G1 X95.885 Y90.782 E2.32403
G1 X95.345 Y90.754 E2.35004
G1 X94.815 Y90.856 E2.376
G1 X94.496 Y90.992 E2.39268
G1 X94.496 Y87.051 E2.58223
G1 X94.111 Y86.223 F7800
G1 F1511
G1 X94.388 Y86.48 E2.6004
G1 X94.776 Y86.702 E2.6219
G1 X95.158 Y86.814 E2.64105
G1 X95.634 Y86.843 E2.66399
G1 X96.093 Y86.752 E2.6865
G1 X96.452 Y86.582 E2.7056
G1 X96.889 Y86.221 E2.73286
G1 X96.889 Y91.76 E2.99927
G1 X96.612 Y91.503 E3.01744
G1 X96.224 Y91.28 E3.03896
G1 X95.793 Y91.157 E3.06052
G1 X95.345 Y91.14 E3.08208
G1 X94.907 Y91.231 E3.1036
G1 X94.503 Y91.424 E3.12513
G1 X94.111 Y91.76 E3.14996
G1 X94.111 Y86.283 E3.41338
G1 E1.41338 F2400
G92 E0
G1 X92.878 Y104.421 F7800
G1 E2 F2400
G1 F1511
G1 X92.896 Y104.417 E2.00089
G1 X93.195 Y104.214 E2.01827
G1 X94.214 Y103.195 E2.08758
G1 X94.417 Y102.896 E2.10496
G1 X94.496 Y102.513 E2.12377
G1 X94.496 Y94.991 E2.48555
G1 X94.597 Y95.044 E2.49104
G1 X95.065 Y95.188 E2.51459
G1 X95.621 Y95.228 E2.5414
G1 X96.185 Y95.126 E2.56897
G1 X96.504 Y94.991 E2.58563
G1 X96.504 Y105.087 E3.07121
G1 X95.087 Y106.504 E3.16759
G1 X74.913 Y106.504 E4.13789
G1 X73.496 Y105.087 E4.23427
G1 X73.503 Y102.45 E4.3611
G1 X73.596 Y102.039 E4.38137
G1 X73.859 Y101.709 E4.40167
G1 X74.239 Y101.526 E4.42196
G1 X74.589 Y101.513 E4.43881
G1 X74.961 Y101.596 E4.45714
G1 X75.291 Y101.859 E4.47744
G1 X75.437 Y102.134 E4.49242
G1 X75.51 Y102.612 E4.51568
G1 X75.604 Y102.94 E4.53209
G1 X75.787 Y103.196 E4.54723
G1 X76.805 Y104.214 E4.61647
G1 X77.104 Y104.417 E4.63385
G1 X77.487 Y104.496 E4.65266
G1 X92.513 Y104.496 E5.37536
G1 X92.819 Y104.433 E5.39039
G1 X92.732 Y104.065 F7800
G1 F1511
G1 X92.743 Y104.063 E5.39093
G1 X92.922 Y103.941 E5.40135
G1 X93.707 Y103.157 E5.45471
G1 X94.063 Y102.743 E5.48097
G1 X94.111 Y102.513 E5.49227
G1 X94.111 Y94.223 E5.89099
G1 X94.388 Y94.48 E5.90916
G1 X94.776 Y94.703 E5.93068
G1 X95.158 Y94.814 E5.94981
G1 X95.634 Y94.843 E5.97275
G1 X96.093 Y94.752 E5.99526
G1 X96.497 Y94.559 E6.01679
G1 X96.889 Y94.223 E6.04162
G1 X96.889 Y105.247 E6.57184
G1 X95.247 Y106.889 E6.68353
G1 X74.753 Y106.889 E7.66922
G1 X73.111 Y105.247 E7.78091
G1 X73.111 Y102.857 E7.89586
G1 X73.129 Y102.319 E7.92175
G1 X73.247 Y101.871 E7.94403
G1 X73.512 Y101.512 E7.96549
G1 X73.871 Y101.247 E7.98695
G1 X74.301 Y101.131 E8.00837
G1 X74.701 Y101.136 E8.02761
G1 X75.129 Y101.247 E8.04888
G1 X75.486 Y101.509 E8.07018
G1 X75.753 Y101.871 E8.09181
G1 X75.866 Y102.3 E8.11315
G1 X75.95 Y102.77 E8.13611
G1 X76.06 Y102.924 E8.14521
G1 X76.843 Y103.707 E8.19847
G1 X77.257 Y104.063 E8.22473
G1 X77.487 Y104.111 E8.23603
G1 X92.513 Y104.111 E8.95873
G1 X92.673 Y104.077 E8.9666
G1 X92.582 Y103.697 F7800
;TYPE:External perimeter
G1 F1511
G1 X92.65 Y103.669 E8.97014
G1 X93.669 Y102.65 E9.03945
G1 X93.725 Y102.513 E9.04657
G1 X93.725 Y93.74 E9.46852
;WIDTH:0.449162
G1 X93.705 Y93.012 E9.50347
;WIDTH:0.45
G1 X93.725 Y92.243 E9.54047
G1 X93.725 Y85.74 E9.85324
;WIDTH:0.449162
G1 X93.705 Y85.012 E9.88819
;WIDTH:0.45
G1 X93.725 Y83.593 E9.95645
G1 X94.593 Y82.725 E10.01549
G1 X96.407 Y82.725 E10.10274
G1 X97.275 Y83.593 E10.16178
G1 X97.275 Y83.753 E10.16948
G1 X97.286 Y84.641 E10.21219
;WIDTH:0.427028
G1 X97.286 Y85.342 E10.2439
;WIDTH:0.45
G1 X97.286 Y92.641 E10.59496
;WIDTH:0.427028
G1 X97.286 Y93.342 E10.62667
;WIDTH:0.45
G1 X97.275 Y105.407 E11.20695
G1 X95.407 Y107.275 E11.33401
G1 X74.593 Y107.275 E12.33509
G1 X72.725 Y105.407 E12.46215
G1 X72.725 Y102.713 E12.59172
G1 X72.77 Y102.066 E12.62291
G1 X72.897 Y101.702 E12.64145
G1 X73.102 Y101.375 E12.66001
G1 X73.375 Y101.102 E12.67858
G1 X73.702 Y100.897 E12.69714
G1 X74.066 Y100.77 E12.71568
G1 X74.452 Y100.726 E12.73437
G1 X74.936 Y100.77 E12.75774
G1 X75.298 Y100.897 E12.77619
G1 X75.625 Y101.102 E12.79475
G1 X75.898 Y101.375 E12.81332
G1 X76.103 Y101.702 E12.83188
G1 X76.23 Y102.065 E12.85038
G1 X76.277 Y102.534 E12.87305
G1 X76.333 Y102.651 E12.87929
G1 X77.35 Y103.669 E12.9485
G1 X77.487 Y103.725 E12.95562
G1 X92.513 Y103.725 E13.67832
G1 X92.526 Y103.72 E13.67899
G1 X92.839 Y103.471 F7800
G1 E11.67899 F2400
G92 E0
G1 X94.785 Y95.399 F7800
G1 E2 F2400
;TYPE:Solid infill
G1 F1511
G1 X95.271 Y95.505 E2.02392
G1 X95.919 Y95.485 E2.0551
G1 X96.215 Y95.41 E2.06979
G1 X96.215 Y101.441 E2.35986
G1 X96.078 Y101.441 E2.36645
G1 X94.732 Y102.786 E2.45797
G1 X94.785 Y102.509 E2.47153
G1 X94.785 Y95.592 E2.80421
G1 X95.239 Y95.954 E2.83214
;WIDTH:0.586129
G1 X95.761 Y95.944 E2.86612
G1 X95.757 Y101.12 E3.20295
G1 X95.239 Y101.638 E3.25062
G1 X95.239 Y96.147 E3.60795
G1 E1.60795 F2400
G92 E0
G1 X94.348 Y103.319 F7800
G1 E2 F2400
;WIDTH:0.404381
G1 F1511
G1 X93.32 Y104.347 E2.06165
G1 X92.509 Y104.785 F7800
;WIDTH:0.45
G1 F1511
G1 X92.786 Y104.732 E2.07521
G1 X91.441 Y106.078 E2.16673
G1 X91.441 Y106.215 E2.17332
G1 X75.032 Y106.215 E2.96254
G1 X73.785 Y104.968 E3.04736
G1 X73.785 Y102.607 E3.16092
G1 X73.863 Y102.166 E3.18246
G1 X74.043 Y101.94 E3.19636
G1 X74.304 Y101.814 E3.2103
G1 X74.705 Y101.817 E3.22959
G1 X74.957 Y101.939 E3.24306
G1 X75.145 Y102.176 E3.25761
G1 X75.233 Y102.715 E3.28388
G1 X75.334 Y103.04 E3.30025
G1 X75.589 Y103.406 E3.3217
G1 X76.594 Y104.412 E3.39009
G1 X76.957 Y104.663 E3.41132
G1 X77.497 Y104.785 E3.43795
G1 X92.316 Y104.785 E4.15069
G1 X91.85 Y106.215 F7800
G1 F1511
G1 X96.215 Y101.85 E4.44759
G1 X96.215 Y102.395 E4.4738
G1 X92.395 Y106.215 E4.73363
G1 X92.94 Y106.215 E4.75984
G1 X96.215 Y102.94 E4.9826
G1 X96.215 Y103.486 E5.00886
G1 X93.486 Y106.215 E5.19448
G1 X94.031 Y106.215 E5.22069
G1 X96.215 Y104.031 E5.36924
G1 X96.242 Y104.511 E5.39236
;WIDTH:0.395523
G1 X96.242 Y104.979 E5.41169
G1 X94.979 Y106.242 E5.48546
G1 X94.511 Y106.242 E5.50479
G1 X96.105 Y104.647 E5.59792
G1 E3.59792 F2400
G92 E0
G1 X91.638 Y105.239 F7800
G1 E2 F2400
;WIDTH:0.586129
G1 F1511
G1 X91.12 Y105.761 E2.04786
G1 X77.497 Y105.761 E2.93438
G1 X77.288 Y105.784 E2.94806
;WIDTH:0.540752
G1 X77.079 Y105.806 E2.96055
;WIDTH:0.495376
G1 X76.87 Y105.829 E2.97185
;WIDTH:0.45
G1 X75.192 Y105.829 E3.05256
G1 X74.171 Y104.808 E3.12201
G1 X74.171 Y103.286 E3.19521
;WIDTH:0.483792
G1 X74.188 Y103.186 E3.20052
;WIDTH:0.517584
G1 X74.205 Y103.086 E3.20625
;WIDTH:0.551377
G1 X74.222 Y102.985 E3.21247
;WIDTH:0.587284
G1 X74.24 Y102.607 E3.23715
G1 X74.285 Y102.365 E3.2532
G1 X74.368 Y102.287 E3.26063
G1 X74.599 Y102.271 E3.27573
G1 X74.742 Y102.398 E3.2882
;WIDTH:0.601608
G1 X74.78 Y102.807 E3.31572
G1 X74.847 Y102.935 E3.3254
;WIDTH:0.563706
G1 X74.914 Y103.062 E3.33434
;WIDTH:0.525804
G1 X74.981 Y103.19 E3.34265
;WIDTH:0.487902
G1 X75.047 Y103.317 E3.35021
;WIDTH:0.45
G1 X75.316 Y103.679 E3.3719
G1 X76.321 Y104.685 E3.44029
G1 X76.74 Y104.982 E3.46499
;WIDTH:0.498551
G1 X76.948 Y105.065 E3.47712
;WIDTH:0.547103
G1 X77.156 Y105.147 E3.49058
;WIDTH:0.595655
G1 X77.364 Y105.23 E3.50542
G1 X77.497 Y105.239 E3.51425
;WIDTH:0.586129
G1 X91.445 Y105.239 E4.42192
G1 E2.42192 F2400
G92 E0
G1 X74.557 Y103.336 F7800
G1 E2 F2400
;WIDTH:0.45
G1 F1511
G1 X74.557 Y104.648 E2.0631
G1 X75.352 Y105.443 E2.11717
G1 X76.86 Y105.443 E2.1897
G1 X76.524 Y105.301 E2.20724
G1 X76.049 Y104.957 E2.23545
G1 X75.043 Y103.952 E2.30384
G1 X74.734 Y103.541 E2.32857
G1 X74.557 Y103.143 E2.34952
G1 X74.975 Y104.475 F7800
;WIDTH:0.515149
G1 F1511
G1 X75.525 Y105.025 E2.39325
G1 E.39325 F2400
G92 E0
G1 X95.271 Y87.505 F7800
G1 E2 F2400
;WIDTH:0.45
G1 F1511
G1 X95.919 Y87.485 E2.03118
G1 X96.215 Y87.41 E2.04587
G1 X96.215 Y90.573 E2.198
G1 X95.924 Y90.497 E2.21247
G1 X95.328 Y90.466 E2.24117
G1 X94.785 Y90.573 E2.26779
G1 X94.785 Y87.399 E2.42045
G1 X95.082 Y87.464 E2.43507
G1 X95.568 Y87.948 E2.46806
;WIDTH:0.586129
G1 X95.239 Y87.954 E2.48947
G1 X95.239 Y90.02 E2.62392
G1 X95.761 Y90.034 E2.6579
G1 X95.761 Y87.944 E2.79391
;LAYER_CHANGE
;Z:0.95
;HEIGHT:0.3
G1 E.79391 F2400
G92 E0
G1 Z.95 F7800
G1 X96.601 Y93.967
G1 E2 F2400
;TYPE:External perimeter
;WIDTH:0.45
G1 F1516
G1 X96.588 Y93.986 E2.00111
G1 X96.318 Y94.217 E2.0182
G1 X96.001 Y94.378 E2.0353
G1 X95.655 Y94.457 E2.05237
G1 X95.299 Y94.452 E2.06949
G1 X94.956 Y94.361 E2.08656
G1 X94.644 Y94.191 E2.10365
G1 X94.381 Y93.951 E2.12077
G1 X94.185 Y93.655 E2.13784
;WIDTH:0.449162
G1 X94.075 Y93.32 E2.15476
;WIDTH:0.427027
G1 X94.074 Y92.672 E2.18407
;WIDTH:0.45
G1 X94.206 Y92.286 E2.20369
G1 X94.412 Y91.997 E2.22076
G1 X94.682 Y91.765 E2.23788
G1 X94.999 Y91.605 E2.25496
G1 X95.345 Y91.525 E2.27204
G1 X95.701 Y91.531 E2.28916
G1 X96.044 Y91.621 E2.30622
G1 X96.356 Y91.792 E2.32333
G1 X96.619 Y92.031 E2.34042
G1 X96.816 Y92.327 E2.35752
G1 X96.925 Y92.662 E2.37446
;WIDTH:0.427028
G1 X96.954 Y92.991 E2.3894
;WIDTH:0.432223
G1 X96.917 Y93.363 E2.40655
;WIDTH:0.45
G1 X96.794 Y93.697 E2.42367
G1 X96.636 Y93.918 E2.43674
G1 X96.341 Y94.188 F7800
G1 E.43674 F2400
G92 E0
G1 X94.399 Y84.016 F7800
G1 E2 F2400
G1 F1516
G1 X94.412 Y83.997 E2.00111
G1 X94.682 Y83.765 E2.01823
G1 X94.999 Y83.605 E2.03531
G1 X95.345 Y83.525 E2.05239
G1 X95.701 Y83.531 E2.06951
G1 X96.044 Y83.621 E2.08657
G1 X96.356 Y83.792 E2.10368
G1 X96.619 Y84.031 E2.12077
G1 X96.816 Y84.327 E2.13787
G1 X96.925 Y84.662 E2.15481
;WIDTH:0.427028
G1 X96.953 Y85.012 E2.17069
;WIDTH:0.432223
G1 X96.917 Y85.363 E2.18688
;WIDTH:0.45
G1 X96.794 Y85.697 E2.204
G1 X96.588 Y85.986 E2.22107
G1 X96.318 Y86.217 E2.23816
G1 X96.001 Y86.378 E2.25526
G1 X95.655 Y86.457 E2.27233
G1 X95.299 Y86.452 E2.28945
G1 X94.956 Y86.361 E2.30652
G1 X94.644 Y86.191 E2.32361
G1 X94.381 Y85.951 E2.34073
G1 X94.185 Y85.655 E2.3578
;WIDTH:0.449162
G1 X94.076 Y85.33 E2.37425
;WIDTH:0.428444
G1 X94.047 Y84.971 E2.3906
;WIDTH:0.432159
G1 X94.083 Y84.619 E2.40683
;WIDTH:0.45
G1 X94.206 Y84.286 E2.4239
G1 X94.364 Y84.064 E2.43701
G1 X94.659 Y83.794 F7800
G1 X94.111 Y83.753
;TYPE:Perimeter
;WIDTH:0.495433
G1 F1516
G1 X94.492 Y83.404 E2.46479
;WIDTH:0.532521
G1 X94.59 Y83.332 E2.47189
;WIDTH:0.569609
G1 X94.688 Y83.26 E2.47955
;WIDTH:0.606697
G1 X94.785 Y83.189 E2.48768
G1 X94.972 Y83.168 E2.50041
;WIDTH:0.56417
G1 X95.159 Y83.146 E2.51215
;WIDTH:0.521643
G1 X95.345 Y83.125 E2.52283
;WIDTH:0.525396
G1 X95.727 Y83.148 E2.54483
;WIDTH:0.571675
G1 X96.108 Y83.171 E2.56898
;WIDTH:0.589537
G1 X96.256 Y83.218 E2.57915
G1 X96.452 Y83.381 E2.59585
;WIDTH:0.543224
G1 X96.648 Y83.545 E2.61111
;WIDTH:0.496911
G1 X96.844 Y83.708 E2.62486
;WIDTH:0.450599
G1 X96.889 Y83.753 E2.62793
G1 E.62793 F2400
G92 E0
G1 X94.496 Y86.991 F7800
G1 E2 F2400
;WIDTH:0.45
G1 F1516
G1 X94.597 Y87.044 E2.00549
G1 X95.115 Y87.2 E2.03151
G1 X95.655 Y87.228 E2.05752
G1 X96.185 Y87.126 E2.08348
G1 X96.504 Y86.991 E2.10014
G1 X96.504 Y90.992 E2.29257
G1 X96.403 Y90.939 E2.29806
G1 X95.885 Y90.782 E2.32409
G1 X95.345 Y90.754 E2.3501
G1 X94.815 Y90.856 E2.37606
G1 X94.496 Y90.992 E2.39274
G1 X94.496 Y87.051 E2.58229
G1 E.58229 F2400
G92 E0
G1 X96.889 Y91.76 F7800
G1 E2 F2400
G1 F1516
G1 X96.612 Y91.503 E2.01817
G1 X96.224 Y91.28 E2.03969
G1 X95.793 Y91.157 E2.06125
G1 X95.345 Y91.14 E2.08281
G1 X94.907 Y91.231 E2.10433
G1 X94.503 Y91.424 E2.12586
G1 X94.111 Y91.76 E2.15069
G1 X94.111 Y86.223 E2.417
G1 X94.388 Y86.48 E2.43517
G1 X94.776 Y86.702 E2.45667
G1 X95.207 Y86.826 E2.47824
G1 X95.655 Y86.843 E2.4998
G1 X96.093 Y86.752 E2.52132
G1 X96.497 Y86.559 E2.54285
G1 X96.889 Y86.223 E2.56768
G1 X96.889 Y91.7 E2.8311
G1 E.8311 F2400
G92 E0
G1 X92.878 Y104.421 F7800
G1 E2 F2400
G1 F1516
G1 X92.896 Y104.417 E2.00089
G1 X93.195 Y104.214 E2.01827
G1 X94.214 Y103.195 E2.08758
G1 X94.417 Y102.896 E2.10496
G1 X94.496 Y102.513 E2.12377
G1 X94.496 Y94.991 E2.48555
G1 X94.597 Y95.044 E2.49104
G1 X95.115 Y95.2 E2.51706
G1 X95.655 Y95.228 E2.54307
G1 X96.185 Y95.126 E2.56903
G1 X96.504 Y94.991 E2.58569
G1 X96.504 Y105.087 E3.07127
G1 X95.087 Y106.504 E3.16765
G1 X74.913 Y106.504 E4.13795
G1 X73.496 Y105.087 E4.23433
G1 X73.503 Y102.45 E4.36116
G1 X73.596 Y102.039 E4.38143
G1 X73.859 Y101.709 E4.40173
G1 X74.239 Y101.526 E4.42202
G1 X74.589 Y101.513 E4.43887
G1 X74.961 Y101.596 E4.4572
G1 X75.291 Y101.859 E4.4775
G1 X75.437 Y102.134 E4.49248
G1 X75.51 Y102.612 E4.51574
G1 X75.604 Y102.94 E4.53215
G1 X75.787 Y103.196 E4.54729
G1 X76.805 Y104.214 E4.61653
G1 X77.104 Y104.417 E4.63391
G1 X77.487 Y104.496 E4.65272
G1 X92.513 Y104.496 E5.37542
G1 X92.819 Y104.433 E5.39045
G1 X92.732 Y104.065 F7800
G1 F1516
G1 X92.743 Y104.063 E5.39099
G1 X92.922 Y103.941 E5.40141
G1 X93.707 Y103.157 E5.45477
G1 X94.063 Y102.743 E5.48103
G1 X94.111 Y102.513 E5.49233
G1 X94.111 Y94.223 E5.89105
G1 X94.388 Y94.48 E5.90922
G1 X94.776 Y94.703 E5.93074
G1 X95.207 Y94.826 E5.9523
G1 X95.655 Y94.843 E5.97386
G1 X96.093 Y94.752 E5.99538
G1 X96.497 Y94.559 E6.01691
G1 X96.889 Y94.223 E6.04174
G1 X96.889 Y105.247 E6.57196
G1 X95.247 Y106.889 E6.68365
G1 X74.753 Y106.889 E7.66934
G1 X73.111 Y105.247 E7.78103
G1 X73.111 Y102.857 E7.89598
G1 X73.129 Y102.319 E7.92187
G1 X73.247 Y101.871 E7.94415
G1 X73.512 Y101.512 E7.96561
G1 X73.871 Y101.247 E7.98707
G1 X74.301 Y101.131 E8.00849
G1 X74.701 Y101.136 E8.02773
G1 X75.129 Y101.247 E8.049
G1 X75.486 Y101.509 E8.0703
G1 X75.753 Y101.871 E8.09193
G1 X75.866 Y102.3 E8.11327
G1 X75.95 Y102.77 E8.13623
G1 X76.06 Y102.924 E8.14533
G1 X76.843 Y103.707 E8.19859
G1 X77.257 Y104.063 E8.22485
G1 X77.487 Y104.111 E8.23615
G1 X92.513 Y104.111 E8.95885
G1 X92.673 Y104.077 E8.96672
G1 X92.582 Y103.697 F7800
;TYPE:External perimeter
G1 F1516
G1 X92.65 Y103.669 E8.97026
G1 X93.669 Y102.65 E9.03957
G1 X93.725 Y102.513 E9.04669
G1 X93.725 Y93.74 E9.46864
;WIDTH:0.449162
G1 X93.706 Y93.051 E9.50172
;WIDTH:0.45
G1 X93.725 Y92.243 E9.54059
G1 X93.725 Y85.74 E9.85336
;WIDTH:0.449162
G1 X93.704 Y84.95 E9.89129
;WIDTH:0.45
G1 X93.725 Y83.593 E9.95656
G1 X94.593 Y82.725 E10.0156
G1 X96.407 Y82.725 E10.10285
G1 X97.275 Y83.593 E10.16189
G1 X97.275 Y83.753 E10.16959
G1 X97.286 Y84.641 E10.2123
;WIDTH:0.427028
G1 X97.286 Y85.342 E10.24401
;WIDTH:0.45
G1 X97.286 Y92.641 E10.59507
;WIDTH:0.427028
G1 X97.286 Y93.342 E10.62678
;WIDTH:0.45
G1 X97.275 Y105.407 E11.20706
G1 X95.407 Y107.275 E11.33412
G1 X74.593 Y107.275 E12.3352
G1 X72.725 Y105.407 E12.46226
G1 X72.725 Y102.713 E12.59183
G1 X72.77 Y102.066 E12.62302
G1 X72.897 Y101.702 E12.64156
G1 X73.102 Y101.375 E12.66012
G1 X73.375 Y101.102 E12.67869
G1 X73.702 Y100.897 E12.69725
G1 X74.066 Y100.77 E12.71579
G1 X74.452 Y100.726 E12.73448
G1 X74.936 Y100.77 E12.75785
G1 X75.298 Y100.897 E12.7763
G1 X75.625 Y101.102 E12.79486
G1 X75.898 Y101.375 E12.81343
G1 X76.103 Y101.702 E12.83199
G1 X76.23 Y102.065 E12.85049
G1 X76.277 Y102.534 E12.87316
G1 X76.333 Y102.651 E12.8794
G1 X77.35 Y103.669 E12.94861
G1 X77.487 Y103.725 E12.95573
G1 X92.513 Y103.725 E13.67843
G1 X92.526 Y103.72 E13.6791
G1 X92.839 Y103.471 F7800
G1 E11.6791 F2400
G92 E0
G1 X94.785 Y90.573 F7800
G1 E2 F2400
;TYPE:Solid infill
G1 F1516
G1 X94.785 Y87.41 E2.15213
G1 X95.076 Y87.485 E2.16658
G1 X95.672 Y87.516 E2.19528
G1 X96.215 Y87.41 E2.22189
G1 X96.215 Y90.573 E2.37402
G1 X95.924 Y90.497 E2.38849
G1 X95.328 Y90.466 E2.41719
G1 X94.975 Y90.536 E2.4345
G1 X95.239 Y90.02 E2.46238
;WIDTH:0.58613
G1 X95.239 Y87.949 E2.59715
G1 X95.761 Y87.962 E2.63113
G1 X95.761 Y90.034 E2.76597
G1 X95.432 Y90.025 E2.78739
G1 E.78739 F2400
G92 E0
G1 X73.785 Y104.695 F7800
G1 E2 F2400
;WIDTH:0.45
G1 F1516
G1 X75.305 Y106.215 E2.10339
G1 X74.993 Y106.311 E2.11909
;WIDTH:0.404381
G1 X73.689 Y105.007 E2.19729
G1 X73.785 Y104.15 F7800
;WIDTH:0.45
G1 F1516
G1 X75.85 Y106.215 E2.33775
G1 X76.396 Y106.215 E2.36401
G1 X73.785 Y103.604 E2.54161
G1 X73.785 Y103.059 E2.56782
G1 X76.941 Y106.215 E2.78249
G1 X77.487 Y106.215 E2.80875
G1 X73.786 Y102.514 E3.06049
G1 X73.906 Y102.089 E3.08173
G1 X78.032 Y106.215 E3.36238
G1 X78.294 Y106.286 E3.37544
;WIDTH:0.404381
G1 X78.274 Y106.358 E3.37861
G1 X78.346 Y106.339 E3.38177
G1 X78.335 Y106.297 E3.38361
G1 E1.38361 F2400
G92 E0
G1 X76.79 Y104.493 F7800
G1 E2 F2400
G1 F1516
G1 X76.639 Y104.367 E2.00834
G1 X75.634 Y103.361 E2.06864
G1 X75.505 Y103.211 E2.07703
;WIDTH:0.45
G1 X75.301 Y102.939 E2.09338
G1 X74.207 Y101.844 E2.16783
G1 X74.73 Y101.822 E2.19301
G1 X75.178 Y102.27 E2.22348
G1 E.22348 F2400
G92 E0
G1 X77.062 Y104.7 F7800
G1 E2 F2400
G1 F1516
G1 X78.577 Y106.215 E2.10305
G1 X79.123 Y106.215 E2.12931
G1 X77.693 Y104.785 E2.22658
G1 X92.509 Y104.785 E2.93918
G1 X92.97 Y104.695 E2.96177
G1 X93.406 Y104.412 E2.98677
G1 X94.412 Y103.406 E3.0552
G1 X94.665 Y103.039 E3.07664
G1 X94.785 Y102.509 E3.10278
G1 X94.785 Y95.41 E3.44422
G1 X95.076 Y95.485 E3.45867
G1 X95.672 Y95.516 E3.48737
G1 X96.215 Y95.41 E3.51398
G1 X96.215 Y104.968 E3.97369
G1 X94.968 Y106.215 E4.05851
G1 X79.532 Y106.215 E4.80093
G1 X79.532 Y106.078 E4.80752
G1 X78.375 Y104.922 E4.88618
G1 X79.334 Y105.239 F7800
;WIDTH:0.58613
G1 F1516
G1 X92.509 Y105.239 E5.74355
G1 X92.639 Y105.224 E5.75207
;WIDTH:0.583338
G1 X92.845 Y105.144 E5.76637
;WIDTH:0.538892
G1 X93.05 Y105.064 E5.77939
;WIDTH:0.494446
G1 X93.256 Y104.984 E5.79124
;WIDTH:0.45
G1 X93.679 Y104.685 E5.81615
G1 X94.685 Y103.679 E5.88458
G1 X94.984 Y103.256 E5.90949
;WIDTH:0.498516
G1 X95.066 Y103.051 E5.92145
;WIDTH:0.547032
G1 X95.148 Y102.846 E5.93474
;WIDTH:0.595547
G1 X95.23 Y102.64 E5.94943
G1 X95.239 Y102.509 E5.95813
;WIDTH:0.58613
G1 X95.239 Y95.949 E6.38503
G1 X95.761 Y95.962 E6.41901
G1 X95.761 Y102.509 E6.84506
;WIDTH:0.595547
G1 X95.756 Y102.694 E6.85732
G1 X95.78 Y102.838 E6.86699
;WIDTH:0.547032
G1 X95.805 Y102.981 E6.87573
;WIDTH:0.498516
G1 X95.829 Y103.125 E6.88363
;WIDTH:0.45
G1 X95.829 Y104.808 E6.96458
G1 X94.808 Y105.829 E7.03403
G1 X93.125 Y105.829 E7.11498
;WIDTH:0.495376
G1 X92.919 Y105.806 E7.12612
;WIDTH:0.540752
G1 X92.714 Y105.784 E7.13837
;WIDTH:0.586129
G1 X92.509 Y105.761 E7.15179
G1 X79.964 Y105.761 E7.96816
G1 X79.852 Y105.757 E7.97545
G1 X79.47 Y105.375 E8.01061
G1 E6.01061 F2400
G92 E0
G1 X93.141 Y105.443 F7800
G1 E2 F2400
;WIDTH:0.45
G1 F1516
G1 X93.473 Y105.303 E2.01733
G1 X93.951 Y104.957 E2.04571
G1 X94.957 Y103.951 E2.11414
G1 X95.303 Y103.473 E2.14252
G1 X95.443 Y103.141 E2.15985
G1 X95.443 Y104.648 E2.23233
G1 X94.648 Y105.443 E2.2864
G1 X93.334 Y105.443 E2.3496
G1 X94.475 Y105.025 F7800
;WIDTH:0.515149
G1 F1516
G1 X95.025 Y104.475 E2.39333
M106 S76.5
;LAYER_CHANGE
;Z:1.25
;HEIGHT:0.3
G1 E.39333 F2400
G92 E0
G1 Z1.25 F7800
G1 X96.601 Y93.967
G1 E2 F2400
;TYPE:External perimeter
;WIDTH:0.45
G1 F1515
G1 X96.588 Y93.986 E2.00111
G1 X96.318 Y94.217 E2.0182
G1 X96.001 Y94.378 E2.0353
G1 X95.701 Y94.452 E2.05016
G1 X95.299 Y94.452 E2.06949
G1 X94.956 Y94.361 E2.08656
G1 X94.644 Y94.191 E2.10365
G1 X94.474 Y94.037 E2.11468
G1 X94.185 Y93.655 E2.13772
;WIDTH:0.449163
G1 X94.075 Y93.32 E2.15464
;WIDTH:0.427027
G1 X94.047 Y92.971 E2.17048
;WIDTH:0.432159
G1 X94.083 Y92.619 E2.18671
;WIDTH:0.45
G1 X94.206 Y92.286 E2.20378
G1 X94.412 Y91.997 E2.22085
G1 X94.682 Y91.765 E2.23797
G1 X94.999 Y91.605 E2.25505
G1 X95.345 Y91.525 E2.27213
G1 X95.701 Y91.531 E2.28925
G1 X96.044 Y91.621 E2.30631
G1 X96.356 Y91.792 E2.32342
G1 X96.619 Y92.031 E2.34051
G1 X96.816 Y92.327 E2.35761
G1 X96.925 Y92.662 E2.37455
;WIDTH:0.427028
G1 X96.953 Y93.012 E2.39043
;WIDTH:0.432223
G1 X96.917 Y93.363 E2.40662
;WIDTH:0.45
G1 X96.794 Y93.697 E2.42374
G1 X96.636 Y93.918 E2.43681
G1 X96.341 Y94.188 F7800
G1 E.43681 F2400
G92 E0
G1 X94.399 Y84.016 F7800
G1 E2 F2400
G1 F1515
G1 X94.412 Y83.997 E2.00111
G1 X94.682 Y83.765 E2.01823
G1 X94.999 Y83.605 E2.03531
G1 X95.345 Y83.525 E2.05239
G1 X95.701 Y83.531 E2.06951
G1 X96.044 Y83.621 E2.08657
G1 X96.356 Y83.792 E2.10368
G1 X96.619 Y84.031 E2.12077
G1 X96.816 Y84.327 E2.13787
G1 X96.925 Y84.662 E2.15481
;WIDTH:0.427028
G1 X96.953 Y85.012 E2.17069
;WIDTH:0.432223
G1 X96.917 Y85.363 E2.18688
;WIDTH:0.45
G1 X96.794 Y85.697 E2.204
G1 X96.588 Y85.986 E2.22107
G1 X96.318 Y86.217 E2.23816
G1 X96.001 Y86.378 E2.25526
G1 X95.655 Y86.457 E2.27233
G1 X95.299 Y86.452 E2.28945
G1 X94.956 Y86.361 E2.30652
G1 X94.644 Y86.191 E2.32361
G1 X94.381 Y85.951 E2.34073
G1 X94.185 Y85.655 E2.3578
;WIDTH:0.449162
G1 X94.075 Y85.32 E2.37472
;WIDTH:0.427027
G1 X94.074 Y84.674 E2.40394
;WIDTH:0.45
G1 X94.184 Y84.327 E2.42145
G1 X94.365 Y84.065 E2.43677
G1 X94.659 Y83.794 F7800
G1 X94.111 Y83.753
;TYPE:Perimeter
;WIDTH:0.495429
G1 F1515
G1 X94.492 Y83.404 E2.46455
;WIDTH:0.532518
G1 X94.59 Y83.332 E2.47165
;WIDTH:0.569607
G1 X94.688 Y83.26 E2.47931
;WIDTH:0.606697
G1 X94.785 Y83.189 E2.48744
G1 X94.972 Y83.168 E2.50017
;WIDTH:0.56417
G1 X95.159 Y83.146 E2.51191
;WIDTH:0.521643
G1 X95.345 Y83.125 E2.52259
;WIDTH:0.525397
G1 X95.727 Y83.148 E2.54459
;WIDTH:0.571677
G1 X96.108 Y83.171 E2.56874
;WIDTH:0.589535
G1 X96.256 Y83.218 E2.57891
G1 X96.452 Y83.381 E2.59561
;WIDTH:0.543223
G1 X96.648 Y83.544 E2.61083
;WIDTH:0.496911
G1 X96.844 Y83.708 E2.62462
;WIDTH:0.450599
G1 X96.889 Y83.753 E2.62769
G1 E.62769 F2400
G92 E0
G1 X94.496 Y86.991 F7800
G1 E2 F2400
;WIDTH:0.45
G1 F1515
G1 X94.597 Y87.044 E2.00549
G1 X95.115 Y87.2 E2.03151
G1 X95.655 Y87.228 E2.05752
G1 X96.185 Y87.126 E2.08348
G1 X96.504 Y86.991 E2.10014
G1 X96.504 Y90.992 E2.29257
G1 X96.403 Y90.939 E2.29806
G1 X95.885 Y90.782 E2.32409
G1 X95.345 Y90.754 E2.3501
G1 X94.815 Y90.856 E2.37606
G1 X94.496 Y90.992 E2.39274
G1 X94.496 Y87.051 E2.58229
G1 X94.111 Y86.223 F7800
G1 F1515
G1 X94.388 Y86.48 E2.60046
G1 X94.776 Y86.703 E2.62198
G1 X95.207 Y86.826 E2.64354
G1 X95.655 Y86.843 E2.6651
G1 X96.093 Y86.752 E2.68662
G1 X96.497 Y86.559 E2.70815
G1 X96.889 Y86.223 E2.73298
G1 X96.889 Y91.76 E2.99929
G1 X96.612 Y91.503 E3.01746
G1 X96.224 Y91.28 E3.03898
G1 X95.793 Y91.157 E3.06054
G1 X95.345 Y91.14 E3.0821
G1 X94.907 Y91.231 E3.10362
G1 X94.503 Y91.424 E3.12515
G1 X94.111 Y91.76 E3.14998
G1 X94.111 Y86.283 E3.4134
G1 E1.4134 F2400
G92 E0
G1 X92.878 Y104.421 F7800
G1 E2 F2400
G1 F1515
G1 X92.896 Y104.417 E2.00089
G1 X93.195 Y104.214 E2.01827
G1 X94.214 Y103.195 E2.08758
G1 X94.417 Y102.896 E2.10496
G1 X94.496 Y102.513 E2.12377
G1 X94.496 Y94.991 E2.48555
G1 X94.597 Y95.044 E2.49104
G1 X95.115 Y95.2 E2.51706
G1 X95.655 Y95.228 E2.54307
G1 X96.185 Y95.126 E2.56903
G1 X96.504 Y94.991 E2.58569
G1 X96.504 Y105.087 E3.07127
G1 X95.087 Y106.504 E3.16765
G1 X74.913 Y106.504 E4.13795
G1 X73.496 Y105.087 E4.23433
G1 X73.503 Y102.45 E4.36116
G1 X73.596 Y102.039 E4.38143
G1 X73.859 Y101.709 E4.40173
G1 X74.239 Y101.526 E4.42202
G1 X74.589 Y101.513 E4.43887
G1 X74.961 Y101.596 E4.4572
G1 X75.291 Y101.859 E4.4775
G1 X75.437 Y102.134 E4.49248
G1 X75.51 Y102.612 E4.51574
G1 X75.604 Y102.94 E4.53215
G1 X75.787 Y103.196 E4.54729
G1 X76.805 Y104.214 E4.61653
G1 X77.104 Y104.417 E4.63391
G1 X77.487 Y104.496 E4.65272
G1 X92.513 Y104.496 E5.37542
G1 X92.819 Y104.433 E5.39045
G1 X92.732 Y104.065 F7800
G1 F1515
G1 X92.743 Y104.063 E5.39099
G1 X92.922 Y103.941 E5.40141
G1 X93.707 Y103.157 E5.45477
G1 X94.063 Y102.743 E5.48103
G1 X94.111 Y102.513 E5.49233
G1 X94.111 Y94.199 E5.8922
G1 X94.388 Y94.48 E5.91118
G1 X94.776 Y94.703 E5.9327
G1 X95.207 Y94.826 E5.95426
G1 X95.655 Y94.843 E5.97582
G1 X96.093 Y94.752 E5.99734
G1 X96.497 Y94.559 E6.01887
G1 X96.889 Y94.223 E6.0437
G1 X96.889 Y105.247 E6.57392
G1 X95.247 Y106.889 E6.68561
G1 X74.753 Y106.889 E7.6713
G1 X73.111 Y105.247 E7.78299
G1 X73.111 Y102.857 E7.89794
G1 X73.129 Y102.319 E7.92383
G1 X73.247 Y101.871 E7.94611
G1 X73.512 Y101.512 E7.96757
G1 X73.871 Y101.247 E7.98903
G1 X74.301 Y101.131 E8.01045
G1 X74.701 Y101.136 E8.02969
G1 X75.129 Y101.247 E8.05096
G1 X75.486 Y101.509 E8.07226
G1 X75.753 Y101.871 E8.09389
G1 X75.866 Y102.3 E8.11523
G1 X75.95 Y102.77 E8.13819
G1 X76.06 Y102.924 E8.14729
G1 X76.843 Y103.707 E8.20055
G1 X77.257 Y104.063 E8.22681
G1 X77.487 Y104.111 E8.23811
G1 X92.513 Y104.111 E8.96081
G1 X92.673 Y104.077 E8.96868
G1 X92.582 Y103.697 F7800
;TYPE:External perimeter
G1 F1515
G1 X92.65 Y103.669 E8.97222
G1 X93.669 Y102.65 E9.04153
G1 X93.725 Y102.513 E9.04865
G1 X93.725 Y93.74 E9.4706
;WIDTH:0.449163
G1 X93.704 Y92.95 E9.50853
;WIDTH:0.45
G1 X93.725 Y92.243 E9.54255
G1 X93.725 Y85.74 E9.85532
;WIDTH:0.449162
G1 X93.707 Y85.085 E9.88677
;WIDTH:0.45
G1 X93.725 Y83.593 E9.95854
G1 X94.593 Y82.725 E10.01758
G1 X96.407 Y82.725 E10.10483
G1 X97.275 Y83.593 E10.16387
G1 X97.275 Y83.753 E10.17157
G1 X97.286 Y84.641 E10.21428
;WIDTH:0.427028
G1 X97.286 Y85.342 E10.24599
;WIDTH:0.45
G1 X97.286 Y92.641 E10.59705
;WIDTH:0.427028
G1 X97.286 Y93.342 E10.62876
;WIDTH:0.45
G1 X97.275 Y105.407 E11.20904
G1 X95.407 Y107.275 E11.3361
G1 X74.593 Y107.275 E12.33718
G1 X72.725 Y105.407 E12.46424
G1 X72.725 Y102.713 E12.59381
G1 X72.77 Y102.066 E12.625
G1 X72.897 Y101.702 E12.64354
G1 X73.102 Y101.375 E12.6621
G1 X73.375 Y101.102 E12.68067
G1 X73.702 Y100.897 E12.69923
G1 X74.066 Y100.77 E12.71777
G1 X74.452 Y100.726 E12.73646
G1 X74.936 Y100.77 E12.75983
G1 X75.298 Y100.897 E12.77828
G1 X75.625 Y101.102 E12.79684
G1 X75.898 Y101.375 E12.81541
G1 X76.103 Y101.702 E12.83397
G1 X76.23 Y102.065 E12.85247
G1 X76.277 Y102.534 E12.87514
G1 X76.333 Y102.651 E12.88138
G1 X77.35 Y103.669 E12.95059
G1 X77.487 Y103.725 E12.95771
G1 X92.513 Y103.725 E13.68041
G1 X92.526 Y103.72 E13.68108
G1 X92.839 Y103.471 F7800
G1 E11.68108 F2400
G92 E0
G1 X94.785 Y95.41 F7800
G1 E2 F2400
;TYPE:Solid infill
G1 F1515
G1 X95.076 Y95.485 E2.01445
G1 X95.672 Y95.516 E2.04315
G1 X96.215 Y95.41 E2.06976
G1 X96.215 Y101.441 E2.35983
G1 X96.078 Y101.441 E2.36642
G1 X94.732 Y102.786 E2.45794
G1 X94.785 Y102.509 E2.4715
G1 X94.785 Y95.603 E2.80365
G1 X95.239 Y95.949 E2.8311
;WIDTH:0.586129
G1 X95.761 Y95.962 E2.86508
G1 X95.757 Y101.12 E3.20074
G1 X95.239 Y101.638 E3.24841
G1 X95.239 Y96.142 E3.60606
G1 E1.60606 F2400
G92 E0
G1 X94.348 Y103.319 F7800
G1 E2 F2400
;WIDTH:0.404381
G1 F1515
G1 X93.32 Y104.347 E2.06165
G1 X92.509 Y104.785 F7800
;WIDTH:0.45
G1 F1515
G1 X92.786 Y104.732 E2.07521
G1 X91.441 Y106.078 E2.16673
G1 X91.441 Y106.215 E2.17332
G1 X75.032 Y106.215 E2.96254
G1 X73.785 Y104.968 E3.04736
G1 X73.785 Y102.606 E3.16096
G1 X73.863 Y102.166 E3.18245
G1 X74.043 Y101.94 E3.19635
G1 X74.304 Y101.814 E3.21029
G1 X74.705 Y101.817 E3.22958
G1 X74.957 Y101.939 E3.24305
G1 X75.145 Y102.176 E3.2576
G1 X75.233 Y102.715 E3.28387
G1 X75.334 Y103.04 E3.30024
G1 X75.589 Y103.406 E3.32169
G1 X76.594 Y104.412 E3.39008
G1 X76.957 Y104.663 E3.41131
G1 X77.497 Y104.785 E3.43794
G1 X92.316 Y104.785 E4.15068
G1 X91.85 Y106.215 F7800
G1 F1515
G1 X96.215 Y101.85 E4.44758
G1 X96.215 Y102.395 E4.47379
G1 X92.395 Y106.215 E4.73362
G1 X92.94 Y106.215 E4.75983
G1 X96.215 Y102.94 E4.98259
G1 X96.215 Y103.486 E5.00885
G1 X93.486 Y106.215 E5.19447
G1 X94.031 Y106.215 E5.22068
G1 X96.215 Y104.031 E5.36923
G1 X96.242 Y104.511 E5.39235
;WIDTH:0.395524
G1 X96.242 Y104.979 E5.41168
G1 X96.193 Y105.027 E5.41451
G1 X94.979 Y106.242 E5.48545
G1 X94.511 Y106.242 E5.50478
G1 X96.105 Y104.647 E5.59791
G1 E3.59791 F2400
G92 E0
G1 X91.638 Y105.239 F7800
G1 E2 F2400
;WIDTH:0.58613
G1 F1515
G1 X91.12 Y105.761 E2.04786
G1 X77.497 Y105.761 E2.93438
G1 X77.288 Y105.784 E2.94806
;WIDTH:0.540752
G1 X77.079 Y105.806 E2.96055
;WIDTH:0.495376
G1 X76.87 Y105.829 E2.97185
;WIDTH:0.45
G1 X75.192 Y105.829 E3.05256
G1 X74.171 Y104.808 E3.12201
G1 X74.171 Y103.286 E3.19521
;WIDTH:0.483792
G1 X74.188 Y103.186 E3.20052
;WIDTH:0.517584
G1 X74.205 Y103.086 E3.20625
;WIDTH:0.551377
G1 X74.222 Y102.985 E3.21247
;WIDTH:0.587283
G1 X74.24 Y102.606 E3.23722
G1 X74.285 Y102.365 E3.25321
G1 X74.368 Y102.287 E3.26064
G1 X74.599 Y102.271 E3.27574
G1 X74.742 Y102.398 E3.28821
;WIDTH:0.601608
G1 X74.78 Y102.807 E3.31573
G1 X74.847 Y102.935 E3.32541
;WIDTH:0.563706
G1 X74.914 Y103.062 E3.33435
;WIDTH:0.525804
G1 X74.981 Y103.19 E3.34266
;WIDTH:0.487902
G1 X75.047 Y103.317 E3.35022
;WIDTH:0.45
G1 X75.316 Y103.679 E3.37191
G1 X76.321 Y104.685 E3.4403
G1 X76.74 Y104.982 E3.465
;WIDTH:0.498551
G1 X76.948 Y105.065 E3.47713
;WIDTH:0.547103
G1 X77.156 Y105.147 E3.49059
;WIDTH:0.595655
G1 X77.364 Y105.23 E3.50543
G1 X77.497 Y105.239 E3.51426
;WIDTH:0.58613
G1 X91.445 Y105.239 E4.42193
G1 E2.42193 F2400
G92 E0
G1 X74.557 Y103.336 F7800
G1 E2 F2400
;WIDTH:0.45
G1 F1515
G1 X74.557 Y104.648 E2.0631
G1 X75.352 Y105.443 E2.11717
G1 X76.86 Y105.443 E2.1897
G1 X76.524 Y105.301 E2.20724
G1 X76.049 Y104.957 E2.23545
G1 X75.043 Y103.952 E2.30384
G1 X74.734 Y103.541 E2.32857
G1 X74.557 Y103.143 E2.34952
G1 X74.975 Y104.475 F7800
;WIDTH:0.515149
G1 F1515
G1 X75.525 Y105.025 E2.39325
G1 E.39325 F2400
G92 E0
G1 X95.479 Y87.506 F7800
G1 E2 F2400
;WIDTH:0.45
G1 F1515
G1 X95.076 Y87.485 E2.01941
G1 X94.785 Y87.41 E2.03386
G1 X94.785 Y90.573 E2.18599
G1 X95.328 Y90.466 E2.21261
G1 X95.924 Y90.497 E2.24131
G1 X96.215 Y90.573 E2.25578
G1 X96.215 Y87.41 E2.40791
G1 X95.672 Y87.516 E2.43452
G1 X95.239 Y87.949 E2.46397
;WIDTH:0.586129
G1 X95.761 Y87.962 E2.49795
G1 X95.761 Y90.034 E2.63279
G1 X95.239 Y90.02 E2.66677
G1 X95.239 Y88.142 E2.78898
;LAYER_CHANGE
;Z:1.55
;HEIGHT:0.3
G1 E.78898 F2400
G92 E0
G1 Z1.55 F7800
G1 X96.601 Y93.967
G1 E2 F2400
;TYPE:External perimeter
;WIDTH:0.45
G1 F1508
G1 X96.588 Y93.986 E2.00111
G1 X96.318 Y94.217 E2.0182
G1 X96.001 Y94.378 E2.0353
G1 X95.701 Y94.452 E2.05016
G1 X95.299 Y94.452 E2.06949
G1 X94.956 Y94.361 E2.08656
G1 X94.644 Y94.191 E2.10365
G1 X94.381 Y93.951 E2.12077
G1 X94.185 Y93.655 E2.13784
;WIDTH:0.449163
G1 X94.075 Y93.32 E2.15476
;WIDTH:0.427027
G1 X94.074 Y92.676 E2.18389
;WIDTH:0.45
G1 X94.206 Y92.286 E2.20369
G1 X94.412 Y91.997 E2.22076
G1 X94.682 Y91.765 E2.23788
G1 X94.999 Y91.605 E2.25496
G1 X95.345 Y91.525 E2.27204
G1 X95.701 Y91.531 E2.28916
G1 X96.044 Y91.621 E2.30622
G1 X96.356 Y91.792 E2.32333
G1 X96.619 Y92.031 E2.34042
G1 X96.816 Y92.327 E2.35752
G1 X96.925 Y92.662 E2.37446
;WIDTH:0.427028
G1 X96.953 Y93.012 E2.39034
;WIDTH:0.432223
G1 X96.917 Y93.363 E2.40653
;WIDTH:0.45
G1 X96.794 Y93.697 E2.42365
G1 X96.636 Y93.918 E2.43672
G1 X96.341 Y94.188 F7800
G1 E.43672 F2400
G92 E0
G1 X94.399 Y84.016 F7800
G1 E2 F2400
G1 F1508
G1 X94.412 Y83.997 E2.00111
G1 X94.682 Y83.765 E2.01823
G1 X94.999 Y83.605 E2.03531
G1 X95.345 Y83.525 E2.05239
G1 X95.701 Y83.531 E2.06951
G1 X96.044 Y83.621 E2.08657
G1 X96.356 Y83.792 E2.10368
G1 X96.619 Y84.031 E2.12077
G1 X96.816 Y84.327 E2.13787
G1 X96.925 Y84.662 E2.15481
;WIDTH:0.427028
G1 X96.953 Y85.012 E2.17069
;WIDTH:0.432223
G1 X96.917 Y85.363 E2.18688
;WIDTH:0.45
G1 X96.794 Y85.697 E2.204
G1 X96.588 Y85.986 E2.22107
G1 X96.318 Y86.217 E2.23816
G1 X96.001 Y86.378 E2.25526
G1 X95.655 Y86.457 E2.27233
G1 X95.299 Y86.452 E2.28945
G1 X94.956 Y86.361 E2.30652
G1 X94.644 Y86.191 E2.32361
G1 X94.381 Y85.951 E2.34073
G1 X94.185 Y85.655 E2.3578
;WIDTH:0.449162
G1 X94.076 Y85.33 E2.37425
;WIDTH:0.428444
G1 X94.074 Y84.676 E2.40395
;WIDTH:0.45
G1 X94.206 Y84.286 E2.42375
G1 X94.364 Y84.064 E2.43686
G1 X94.659 Y83.794 F7800
G1 X94.111 Y83.753
;TYPE:Perimeter
;WIDTH:0.495431
G1 F1508
G1 X94.492 Y83.404 E2.46464
;WIDTH:0.532519
G1 X94.59 Y83.332 E2.47174
;WIDTH:0.569608
G1 X94.688 Y83.26 E2.4794
;WIDTH:0.606697
G1 X94.785 Y83.189 E2.48753
G1 X94.972 Y83.168 E2.50026
;WIDTH:0.56417
G1 X95.159 Y83.146 E2.512
;WIDTH:0.521643
G1 X95.345 Y83.125 E2.52268
;WIDTH:0.525396
G1 X95.727 Y83.148 E2.54468
;WIDTH:0.571675
G1 X96.108 Y83.171 E2.56883
;WIDTH:0.589537
G1 X96.256 Y83.218 E2.579
G1 X96.452 Y83.381 E2.5957
;WIDTH:0.543224
G1 X96.648 Y83.545 E2.61096
;WIDTH:0.496911
G1 X96.844 Y83.708 E2.62471
;WIDTH:0.450599
G1 X96.889 Y83.753 E2.62778
G1 E.62778 F2400
G92 E0
G1 X94.496 Y86.991 F7800
G1 E2 F2400
;WIDTH:0.45
G1 F1508
G1 X94.597 Y87.044 E2.00549
G1 X95.115 Y87.2 E2.03151
G1 X95.655 Y87.228 E2.05752
G1 X96.185 Y87.126 E2.08348
G1 X96.504 Y86.991 E2.10014
G1 X96.504 Y90.992 E2.29257
G1 X96.403 Y90.939 E2.29806
G1 X95.885 Y90.782 E2.32409
G1 X95.345 Y90.754 E2.3501
G1 X94.815 Y90.856 E2.37606
G1 X94.496 Y90.992 E2.39274
G1 X94.496 Y87.051 E2.58229
G1 X94.111 Y86.223 F7800
G1 F1508
G1 X94.388 Y86.48 E2.60046
G1 X94.776 Y86.702 E2.62196
G1 X95.207 Y86.826 E2.64353
G1 X95.655 Y86.843 E2.66509
G1 X96.093 Y86.752 E2.68661
G1 X96.497 Y86.559 E2.70814
G1 X96.889 Y86.223 E2.73297
G1 X96.889 Y91.76 E2.99928
G1 X96.612 Y91.503 E3.01745
G1 X96.224 Y91.28 E3.03897
G1 X95.793 Y91.157 E3.06053
G1 X95.345 Y91.14 E3.08209
G1 X94.907 Y91.231 E3.10361
G1 X94.503 Y91.424 E3.12514
G1 X94.111 Y91.76 E3.14997
G1 X94.111 Y86.283 E3.41339
G1 E1.41339 F2400
G92 E0
G1 X92.878 Y104.421 F7800
G1 E2 F2400
G1 F1508
G1 X92.896 Y104.417 E2.00089
G1 X93.195 Y104.214 E2.01827
G1 X94.214 Y103.195 E2.08758
G1 X94.417 Y102.896 E2.10496
G1 X94.496 Y102.513 E2.12377
G1 X94.496 Y94.991 E2.48555
G1 X94.597 Y95.044 E2.49104
G1 X95.115 Y95.2 E2.51706
G1 X95.655 Y95.228 E2.54307
G1 X96.185 Y95.126 E2.56903
G1 X96.504 Y94.991 E2.58569
G1 X96.504 Y105.087 E3.07127
G1 X95.087 Y106.504 E3.16765
G1 X74.913 Y106.504 E4.13795
G1 X73.496 Y105.087 E4.23433
G1 X73.496 Y102.857 E4.34159
G1 X73.526 Y102.239 E4.37135
G1 X73.64 Y101.97 E4.3854
G1 X73.933 Y101.671 E4.40553
G1 X74.239 Y101.526 E4.42182
G1 X74.581 Y101.512 E4.43828
G1 X74.961 Y101.596 E4.457
G1 X75.291 Y101.859 E4.4773
G1 X75.437 Y102.134 E4.49228
G1 X75.51 Y102.612 E4.51554
G1 X75.604 Y102.94 E4.53195
G1 X75.787 Y103.196 E4.54709
G1 X76.805 Y104.214 E4.61633
G1 X77.104 Y104.417 E4.63371
G1 X77.487 Y104.496 E4.65252
G1 X92.513 Y104.496 E5.37522
G1 X92.819 Y104.433 E5.39025
G1 X92.732 Y104.065 F7800
G1 F1508
G1 X92.743 Y104.063 E5.39079
G1 X92.922 Y103.941 E5.40121
G1 X93.707 Y103.157 E5.45457
G1 X94.063 Y102.743 E5.48083
G1 X94.111 Y102.513 E5.49213
G1 X94.111 Y94.223 E5.89085
G1 X94.388 Y94.48 E5.90902
G1 X94.776 Y94.703 E5.93054
G1 X95.207 Y94.826 E5.9521
G1 X95.655 Y94.843 E5.97366
G1 X96.093 Y94.752 E5.99518
G1 X96.497 Y94.559 E6.01671
G1 X96.889 Y94.223 E6.04154
G1 X96.889 Y105.247 E6.57176
G1 X95.247 Y106.889 E6.68345
G1 X74.753 Y106.889 E7.66914
G1 X73.111 Y105.247 E7.78083
G1 X73.111 Y102.484 E7.91372
G1 X73.194 Y102.021 E7.93634
G1 X73.397 Y101.632 E7.95744
G1 X73.871 Y101.247 E7.98681
G1 X74.287 Y101.133 E8.00756
G1 X74.701 Y101.136 E8.02747
G1 X75.129 Y101.247 E8.04874
G1 X75.486 Y101.509 E8.07004
G1 X75.753 Y101.871 E8.09167
G1 X75.866 Y102.3 E8.11301
G1 X75.95 Y102.77 E8.13597
G1 X76.06 Y102.924 E8.14507
G1 X76.843 Y103.707 E8.19833
G1 X77.257 Y104.063 E8.22459
G1 X77.487 Y104.111 E8.23589
G1 X92.513 Y104.111 E8.95859
G1 X92.673 Y104.077 E8.96646
G1 X92.582 Y103.697 F7800
;TYPE:External perimeter
G1 F1508
G1 X92.65 Y103.669 E8.97
G1 X93.669 Y102.65 E9.03931
G1 X93.725 Y102.513 E9.04643
G1 X93.725 Y93.74 E9.46838
;WIDTH:0.449163
G1 X93.708 Y93.119 E9.49819
;WIDTH:0.45
G1 X93.725 Y92.243 E9.54033
G1 X93.725 Y85.74 E9.8531
;WIDTH:0.449162
G1 X93.708 Y85.119 E9.88291
;WIDTH:0.45
G1 X93.725 Y83.593 E9.95631
G1 X94.593 Y82.725 E10.01535
G1 X96.407 Y82.725 E10.1026
G1 X97.275 Y83.593 E10.16164
G1 X97.275 Y83.753 E10.16934
G1 X97.286 Y84.641 E10.21205
;WIDTH:0.427028
G1 X97.286 Y85.342 E10.24376
;WIDTH:0.45
G1 X97.286 Y92.641 E10.59482
;WIDTH:0.427028
G1 X97.286 Y93.342 E10.62653
;WIDTH:0.45
G1 X97.275 Y105.407 E11.20681
G1 X95.407 Y107.275 E11.33387
G1 X74.593 Y107.275 E12.33495
G1 X72.725 Y105.407 E12.46201
G1 X72.725 Y102.713 E12.59158
G1 X72.77 Y102.066 E12.62277
G1 X72.897 Y101.702 E12.64131
G1 X73.099 Y101.38 E12.65959
G1 X73.584 Y100.971 E12.6901
G1 X74.066 Y100.77 E12.71522
G1 X74.452 Y100.726 E12.73391
G1 X74.936 Y100.77 E12.75728
G1 X75.298 Y100.897 E12.77573
G1 X75.625 Y101.102 E12.79429
G1 X75.898 Y101.375 E12.81286
G1 X76.103 Y101.702 E12.83142
G1 X76.23 Y102.065 E12.84992
G1 X76.277 Y102.534 E12.87259
G1 X76.333 Y102.651 E12.87883
G1 X77.35 Y103.669 E12.94804
G1 X77.487 Y103.725 E12.95516
G1 X92.513 Y103.725 E13.67786
G1 X92.526 Y103.72 E13.67853
G1 X92.839 Y103.471 F7800
G1 E11.67853 F2400
G92 E0
G1 X94.785 Y90.573 F7800
G1 E2 F2400
;TYPE:Solid infill
G1 F1508
G1 X94.785 Y87.41 E2.15213
G1 X95.076 Y87.485 E2.16658
G1 X95.672 Y87.516 E2.19528
G1 X96.215 Y87.41 E2.22189
G1 X96.215 Y90.573 E2.37402
G1 X95.924 Y90.497 E2.38849
G1 X95.328 Y90.466 E2.41719
G1 X94.975 Y90.536 E2.4345
G1 X95.239 Y90.02 E2.46238
;WIDTH:0.58613
G1 X95.239 Y87.949 E2.59715
G1 X95.761 Y87.962 E2.63113
G1 X95.761 Y90.034 E2.76597
G1 X95.432 Y90.025 E2.78739
G1 E.78739 F2400
G92 E0
G1 X73.785 Y104.695 F7800
G1 E2 F2400
;WIDTH:0.45
G1 F1508
G1 X75.305 Y106.215 E2.10339
G1 X74.993 Y106.311 E2.11909
;WIDTH:0.404381
G1 X73.689 Y105.007 E2.19729
G1 X73.785 Y104.15 F7800
;WIDTH:0.45
G1 F1508
G1 X75.85 Y106.215 E2.33775
G1 X76.396 Y106.215 E2.36401
G1 X73.785 Y103.604 E2.54161
G1 X73.785 Y103.059 E2.56782
G1 X76.941 Y106.215 E2.78249
G1 X77.487 Y106.215 E2.80875
G1 X73.786 Y102.514 E3.06049
G1 X73.906 Y102.089 E3.08173
G1 X78.032 Y106.215 E3.36238
G1 X78.294 Y106.286 E3.37544
;WIDTH:0.404381
G1 X78.274 Y106.358 E3.37861
G1 X78.346 Y106.339 E3.38177
G1 X78.335 Y106.297 E3.38361
G1 E1.38361 F2400
G92 E0
G1 X76.79 Y104.493 F7800
G1 E2 F2400
G1 F1508
G1 X76.639 Y104.367 E2.00834
G1 X75.634 Y103.361 E2.06864
G1 X75.505 Y103.211 E2.07703
;WIDTH:0.45
G1 X75.301 Y102.939 E2.09338
G1 X74.211 Y101.849 E2.16752
G1 X74.73 Y101.822 E2.19252
G1 X75.178 Y102.27 E2.22299
G1 E.22299 F2400
G92 E0
G1 X77.062 Y104.7 F7800
G1 E2 F2400
G1 F1508
G1 X78.577 Y106.215 E2.10305
G1 X79.123 Y106.215 E2.12931
G1 X77.693 Y104.785 E2.22658
G1 X92.509 Y104.785 E2.93918
G1 X92.97 Y104.695 E2.96177
G1 X93.406 Y104.412 E2.98677
G1 X94.412 Y103.406 E3.0552
G1 X94.665 Y103.039 E3.07664
G1 X94.785 Y102.509 E3.10278
G1 X94.785 Y95.41 E3.44422
G1 X95.076 Y95.485 E3.45867
G1 X95.672 Y95.516 E3.48737
G1 X96.215 Y95.41 E3.51398
G1 X96.215 Y104.968 E3.97369
G1 X94.968 Y106.215 E4.05851
G1 X79.532 Y106.215 E4.80093
G1 X79.532 Y106.078 E4.80752
G1 X78.375 Y104.922 E4.88618
G1 X79.334 Y105.239 F7800
;WIDTH:0.586129
G1 F1508
G1 X92.509 Y105.239 E5.74355
G1 X92.639 Y105.224 E5.75207
;WIDTH:0.583338
G1 X92.845 Y105.144 E5.76637
;WIDTH:0.538892
G1 X93.05 Y105.064 E5.77939
;WIDTH:0.494446
G1 X93.256 Y104.984 E5.79124
;WIDTH:0.45
G1 X93.679 Y104.685 E5.81615
G1 X94.685 Y103.679 E5.88458
G1 X94.984 Y103.256 E5.90949
;WIDTH:0.498516
G1 X95.066 Y103.051 E5.92145
;WIDTH:0.547032
G1 X95.148 Y102.846 E5.93474
;WIDTH:0.595547
G1 X95.23 Y102.64 E5.94943
G1 X95.239 Y102.509 E5.95813
;WIDTH:0.58613
G1 X95.239 Y95.949 E6.38503
G1 X95.761 Y95.962 E6.41901
G1 X95.761 Y102.509 E6.84506
;WIDTH:0.595547
G1 X95.756 Y102.694 E6.85732
G1 X95.78 Y102.838 E6.86699
;WIDTH:0.547032
G1 X95.805 Y102.981 E6.87573
;WIDTH:0.498516
G1 X95.829 Y103.125 E6.88363
;WIDTH:0.45
G1 X95.829 Y104.808 E6.96458
G1 X94.808 Y105.829 E7.03403
G1 X93.125 Y105.829 E7.11498
;WIDTH:0.495376
G1 X92.919 Y105.806 E7.12612
;WIDTH:0.540752
G1 X92.714 Y105.784 E7.13837
;WIDTH:0.586129
G1 X92.509 Y105.761 E7.15179
G1 X79.964 Y105.761 E7.96816
G1 X79.852 Y105.757 E7.97545
G1 X79.47 Y105.375 E8.01061
G1 E6.01061 F2400
G92 E0
G1 X93.141 Y105.443 F7800
G1 E2 F2400
;WIDTH:0.45
G1 F1508
G1 X93.473 Y105.303 E2.01733
G1 X93.951 Y104.957 E2.04571
G1 X94.957 Y103.951 E2.11414
G1 X95.303 Y103.473 E2.14252
G1 X95.443 Y103.141 E2.15985
G1 X95.443 Y104.648 E2.23233
G1 X94.648 Y105.443 E2.2864
G1 X93.334 Y105.443 E2.3496
G1 X94.475 Y105.025 F7800
;WIDTH:0.515149
G1 F1508
G1 X95.025 Y104.475 E2.39333
;LAYER_CHANGE
;Z:1.85
;HEIGHT:0.3
G1 E.39333 F2400
G92 E0
G1 Z1.85 F7800
G1 X96.601 Y93.967
G1 E2 F2400
;TYPE:External perimeter
;WIDTH:0.45
G1 F1514
G1 X96.588 Y93.986 E2.00111
G1 X96.318 Y94.217 E2.0182
G1 X96.001 Y94.378 E2.0353
G1 X95.655 Y94.457 E2.05237
G1 X95.299 Y94.452 E2.06949
G1 X94.956 Y94.361 E2.08656
G1 X94.644 Y94.191 E2.10365
G1 X94.381 Y93.951 E2.12077
G1 X94.185 Y93.655 E2.13784
;WIDTH:0.449162
G1 X94.075 Y93.32 E2.15476
;WIDTH:0.427027
G1 X94.047 Y92.971 E2.1706
;WIDTH:0.432159
G1 X94.083 Y92.619 E2.18683
;WIDTH:0.45
G1 X94.206 Y92.286 E2.2039
G1 X94.412 Y91.997 E2.22097
G1 X94.682 Y91.765 E2.23809
G1 X95.286 Y91.535 E2.26918
G1 X95.701 Y91.531 E2.28914
G1 X96.044 Y91.621 E2.3062
G1 X96.356 Y91.792 E2.32331
G1 X96.619 Y92.031 E2.3404
G1 X96.816 Y92.327 E2.3575
G1 X96.925 Y92.662 E2.37444
;WIDTH:0.427028
G1 X96.953 Y93.012 E2.39032
;WIDTH:0.432223
G1 X96.917 Y93.363 E2.40651
;WIDTH:0.45
G1 X96.794 Y93.697 E2.42363
G1 X96.636 Y93.918 E2.4367
G1 X96.341 Y94.188 F7800
G1 E.4367 F2400
G92 E0
G1 X94.399 Y84.016 F7800
G1 E2 F2400
G1 F1514
G1 X94.412 Y83.997 E2.00111
G1 X94.682 Y83.765 E2.01823
G1 X95.286 Y83.535 E2.04932
G1 X95.701 Y83.531 E2.06928
G1 X96.044 Y83.621 E2.08634
G1 X96.356 Y83.792 E2.10345
G1 X96.619 Y84.031 E2.12054
G1 X96.816 Y84.327 E2.13764
G1 X96.925 Y84.662 E2.15458
;WIDTH:0.427028
G1 X96.953 Y85.012 E2.17046
;WIDTH:0.432223
G1 X96.917 Y85.363 E2.18665
;WIDTH:0.45
G1 X96.794 Y85.697 E2.20377
G1 X96.588 Y85.986 E2.22084
G1 X96.318 Y86.217 E2.23793
G1 X96.001 Y86.378 E2.25503
G1 X95.655 Y86.457 E2.2721
G1 X95.299 Y86.452 E2.28922
G1 X94.956 Y86.361 E2.30629
G1 X94.644 Y86.191 E2.32338
G1 X94.381 Y85.951 E2.3405
G1 X94.185 Y85.655 E2.35757
;WIDTH:0.449162
G1 X94.075 Y85.32 E2.37449
;WIDTH:0.427027
G1 X94.047 Y84.971 E2.39033
;WIDTH:0.432159
G1 X94.083 Y84.619 E2.40656
;WIDTH:0.45
G1 X94.206 Y84.286 E2.42363
G1 X94.364 Y84.064 E2.43674
G1 X94.66 Y83.796 F7800
G1 X94.111 Y83.753
;TYPE:Perimeter
;WIDTH:0.495429
G1 F1514
G1 X94.492 Y83.404 E2.46452
;WIDTH:0.538863
G1 X94.591 Y83.335 E2.47166
;WIDTH:0.582297
G1 X94.69 Y83.267 E2.47942
;WIDTH:0.625731
G1 X94.789 Y83.198 E2.48787
G1 X94.975 Y83.174 E2.501
;WIDTH:0.576859
G1 X95.16 Y83.15 E2.51292
;WIDTH:0.527988
G1 X95.345 Y83.125 E2.52371
;WIDTH:0.525397
G1 X95.727 Y83.148 E2.54571
;WIDTH:0.571677
G1 X96.108 Y83.171 E2.56986
;WIDTH:0.589535
G1 X96.256 Y83.218 E2.58003
G1 X96.452 Y83.381 E2.59673
;WIDTH:0.543223
G1 X96.648 Y83.544 E2.61195
;WIDTH:0.496911
G1 X96.844 Y83.708 E2.62574
;WIDTH:0.450599
G1 X96.889 Y83.753 E2.62881
G1 E.62881 F2400
G92 E0
G1 X96.504 Y90.992 F7800
G1 E2 F2400
;WIDTH:0.45
G1 F1514
G1 X96.185 Y90.856 E2.01668
G1 X95.655 Y90.754 E2.04264
G1 X95.047 Y90.801 E2.07197
G1 X94.496 Y90.993 E2.10003
G1 X94.496 Y86.991 E2.29251
G1 X94.597 Y87.044 E2.298
G1 X95.115 Y87.2 E2.32402
G1 X95.655 Y87.228 E2.35003
G1 X96.185 Y87.126 E2.37599
G1 X96.504 Y86.991 E2.39265
G1 X96.504 Y90.932 E2.5822
G1 X96.889 Y91.76 F7800
G1 F1514
G1 X96.612 Y91.503 E2.60037
G1 X96.224 Y91.28 E2.62189
G1 X95.793 Y91.157 E2.64345
G1 X95.345 Y91.14 E2.66501
G1 X94.747 Y91.305 E2.69485
G1 X94.503 Y91.424 E2.70791
G1 X94.111 Y91.76 E2.73274
G1 X94.111 Y86.223 E2.99905
G1 X94.388 Y86.48 E3.01722
G1 X94.776 Y86.702 E3.03872
G1 X95.207 Y86.826 E3.06029
G1 X95.655 Y86.843 E3.08185
G1 X96.093 Y86.752 E3.10337
G1 X96.497 Y86.559 E3.1249
G1 X96.889 Y86.223 E3.14973
G1 X96.889 Y91.7 E3.41315
G1 E1.41315 F2400
G92 E0
G1 X92.878 Y104.421 F7800
G1 E2 F2400
G1 F1514
G1 X92.896 Y104.417 E2.00089
G1 X93.195 Y104.214 E2.01827
G1 X94.214 Y103.195 E2.08758
G1 X94.417 Y102.896 E2.10496
G1 X94.496 Y102.513 E2.12377
G1 X94.496 Y94.991 E2.48555
G1 X94.597 Y95.044 E2.49104
G1 X95.115 Y95.2 E2.51706
G1 X95.655 Y95.228 E2.54307
G1 X96.185 Y95.126 E2.56903
G1 X96.504 Y94.991 E2.58569
G1 X96.504 Y105.087 E3.07127
G1 X95.087 Y106.504 E3.16765
G1 X74.913 Y106.504 E4.13795
G1 X73.496 Y105.087 E4.23433
G1 X73.503 Y102.45 E4.36116
G1 X73.596 Y102.039 E4.38143
G1 X73.859 Y101.709 E4.40173
G1 X74.239 Y101.526 E4.42202
G1 X74.589 Y101.513 E4.43887
G1 X74.961 Y101.596 E4.4572
G1 X75.291 Y101.859 E4.4775
G1 X75.437 Y102.134 E4.49248
G1 X75.51 Y102.612 E4.51574
G1 X75.604 Y102.94 E4.53215
G1 X75.787 Y103.196 E4.54729
G1 X76.805 Y104.214 E4.61653
G1 X77.104 Y104.417 E4.63391
G1 X77.487 Y104.496 E4.65272
G1 X92.513 Y104.496 E5.37542
G1 X92.819 Y104.433 E5.39045
G1 X92.732 Y104.065 F7800
G1 F1514
G1 X92.743 Y104.063 E5.39099
G1 X92.922 Y103.941 E5.40141
G1 X93.707 Y103.157 E5.45477
G1 X94.063 Y102.743 E5.48103
G1 X94.111 Y102.513 E5.49233
G1 X94.111 Y94.223 E5.89105
G1 X94.388 Y94.48 E5.90922
G1 X94.776 Y94.703 E5.93074
G1 X95.207 Y94.826 E5.9523
G1 X95.655 Y94.843 E5.97386
G1 X96.093 Y94.752 E5.99538
G1 X96.497 Y94.559 E6.01691
G1 X96.889 Y94.223 E6.04174
G1 X96.889 Y105.247 E6.57196
G1 X95.247 Y106.889 E6.68365
G1 X74.753 Y106.889 E7.66934
G1 X73.111 Y105.247 E7.78103
G1 X73.111 Y102.857 E7.89598
G1 X73.129 Y102.319 E7.92187
G1 X73.247 Y101.871 E7.94415
G1 X73.512 Y101.512 E7.96561
G1 X73.871 Y101.247 E7.98707
G1 X74.301 Y101.131 E8.00849
G1 X74.701 Y101.136 E8.02773
G1 X75.129 Y101.247 E8.049
G1 X75.486 Y101.509 E8.0703
G1 X75.753 Y101.871 E8.09193
G1 X75.866 Y102.3 E8.11327
G1 X75.95 Y102.77 E8.13623
G1 X76.06 Y102.924 E8.14533
G1 X76.843 Y103.707 E8.19859
G1 X77.257 Y104.063 E8.22485
G1 X77.487 Y104.111 E8.23615
G1 X92.513 Y104.111 E8.95885
G1 X92.673 Y104.077 E8.96672
G1 X92.582 Y103.697 F7800
;TYPE:External perimeter
G1 F1514
G1 X92.65 Y103.669 E8.97026
G1 X93.669 Y102.65 E9.03957
G1 X93.725 Y102.513 E9.04669
G1 X93.725 Y93.74 E9.46864
;WIDTH:0.449162
G1 X93.704 Y92.95 E9.50657
;WIDTH:0.45
G1 X93.725 Y92.243 E9.54059
G1 X93.725 Y85.74 E9.85336
;WIDTH:0.449162
G1 X93.704 Y84.95 E9.89129
;WIDTH:0.45
G1 X93.725 Y83.593 E9.95656
G1 X94.593 Y82.725 E10.0156
G1 X96.407 Y82.725 E10.10285
G1 X97.275 Y83.593 E10.16189
G1 X97.275 Y83.753 E10.16959
G1 X97.286 Y84.641 E10.2123
;WIDTH:0.427028
G1 X97.286 Y85.342 E10.24401
;WIDTH:0.45
G1 X97.286 Y92.641 E10.59507
;WIDTH:0.427028
G1 X97.286 Y93.342 E10.62678
;WIDTH:0.45
G1 X97.275 Y105.407 E11.20706
G1 X95.407 Y107.275 E11.33412
G1 X74.593 Y107.275 E12.3352
G1 X72.725 Y105.407 E12.46226
G1 X72.725 Y102.713 E12.59183
G1 X72.77 Y102.066 E12.62302
G1 X72.897 Y101.702 E12.64156
G1 X73.102 Y101.375 E12.66012
G1 X73.375 Y101.102 E12.67869
G1 X73.702 Y100.897 E12.69725
G1 X74.066 Y100.77 E12.71579
G1 X74.452 Y100.726 E12.73448
G1 X74.936 Y100.77 E12.75785
G1 X75.298 Y100.897 E12.7763
G1 X75.625 Y101.102 E12.79486
G1 X75.898 Y101.375 E12.81343
G1 X76.103 Y101.702 E12.83199
G1 X76.23 Y102.065 E12.85049
G1 X76.277 Y102.534 E12.87316
G1 X76.333 Y102.651 E12.8794
G1 X77.35 Y103.669 E12.94861
G1 X77.487 Y103.725 E12.95573
G1 X92.513 Y103.725 E13.67843
G1 X92.526 Y103.72 E13.6791
G1 X92.839 Y103.471 F7800
G1 E11.6791 F2400
G92 E0
G1 X94.785 Y95.41 F7800
G1 E2 F2400
;TYPE:Solid infill
G1 F1514
G1 X95.076 Y95.485 E2.01445
G1 X95.672 Y95.516 E2.04315
G1 X96.215 Y95.41 E2.06976
G1 X96.215 Y101.441 E2.35983
G1 X96.078 Y101.441 E2.36642
G1 X94.732 Y102.786 E2.45794
G1 X94.785 Y102.509 E2.4715
G1 X94.785 Y95.603 E2.80365
G1 X95.239 Y95.949 E2.8311
;WIDTH:0.586129
G1 X95.761 Y95.962 E2.86508
G1 X95.757 Y101.12 E3.20074
G1 X95.239 Y101.638 E3.24841
G1 X95.239 Y96.142 E3.60606
G1 E1.60606 F2400
G92 E0
G1 X94.348 Y103.319 F7800
G1 E2 F2400
;WIDTH:0.404381
G1 F1514
G1 X93.32 Y104.347 E2.06165
G1 X92.509 Y104.785 F7800
;WIDTH:0.45
G1 F1514
G1 X92.786 Y104.732 E2.07521
G1 X91.441 Y106.078 E2.16673
G1 X91.441 Y106.215 E2.17332
G1 X75.032 Y106.215 E2.96254
G1 X73.785 Y104.968 E3.04736
G1 X73.785 Y102.606 E3.16096
G1 X73.863 Y102.166 E3.18245
G1 X74.043 Y101.94 E3.19635
G1 X74.304 Y101.814 E3.21029
G1 X74.705 Y101.817 E3.22958
G1 X74.957 Y101.939 E3.24305
G1 X75.145 Y102.176 E3.2576
G1 X75.233 Y102.715 E3.28387
G1 X75.334 Y103.04 E3.30024
G1 X75.589 Y103.406 E3.32169
G1 X76.594 Y104.412 E3.39008
G1 X76.957 Y104.663 E3.41131
G1 X77.497 Y104.785 E3.43794
G1 X92.316 Y104.785 E4.15068
G1 X91.85 Y106.215 F7800
G1 F1514
G1 X96.215 Y101.85 E4.44758
G1 X96.215 Y102.395 E4.47379
G1 X92.395 Y106.215 E4.73362
G1 X92.94 Y106.215 E4.75983
G1 X96.215 Y102.94 E4.98259
G1 X96.215 Y103.486 E5.00885
G1 X93.486 Y106.215 E5.19447
G1 X94.031 Y106.215 E5.22068
G1 X96.215 Y104.031 E5.36923
G1 X96.242 Y104.511 E5.39235
;WIDTH:0.395523
G1 X96.242 Y104.979 E5.41168
G1 X94.979 Y106.242 E5.48545
G1 X94.511 Y106.242 E5.50478
G1 X96.105 Y104.647 E5.59791
G1 E3.59791 F2400
G92 E0
G1 X91.638 Y105.239 F7800
G1 E2 F2400
;WIDTH:0.586129
G1 F1514
G1 X91.12 Y105.761 E2.04786
G1 X77.497 Y105.761 E2.93438
G1 X77.288 Y105.784 E2.94806
;WIDTH:0.540752
G1 X77.079 Y105.806 E2.96055
;WIDTH:0.495376
G1 X76.87 Y105.829 E2.97185
;WIDTH:0.45
G1 X75.192 Y105.829 E3.05256
G1 X74.171 Y104.808 E3.12201
G1 X74.171 Y103.286 E3.19521
;WIDTH:0.483792
G1 X74.188 Y103.186 E3.20052
;WIDTH:0.517584
G1 X74.205 Y103.086 E3.20625
;WIDTH:0.551377
G1 X74.222 Y102.985 E3.21247
;WIDTH:0.587283
G1 X74.24 Y102.606 E3.23722
G1 X74.285 Y102.365 E3.25321
G1 X74.368 Y102.287 E3.26064
G1 X74.599 Y102.271 E3.27574
G1 X74.742 Y102.398 E3.28821
;WIDTH:0.601608
G1 X74.78 Y102.807 E3.31573
G1 X74.847 Y102.935 E3.32541
;WIDTH:0.563706
G1 X74.914 Y103.062 E3.33435
;WIDTH:0.525804
G1 X74.981 Y103.19 E3.34266
;WIDTH:0.487902
G1 X75.047 Y103.317 E3.35022
;WIDTH:0.45
G1 X75.316 Y103.679 E3.37191
G1 X76.321 Y104.685 E3.4403
G1 X76.74 Y104.982 E3.465
;WIDTH:0.498551
G1 X76.948 Y105.065 E3.47713
;WIDTH:0.547103
G1 X77.156 Y105.147 E3.49059
;WIDTH:0.595655
G1 X77.364 Y105.23 E3.50543
G1 X77.497 Y105.239 E3.51426
;WIDTH:0.586129
G1 X91.445 Y105.239 E4.42193
G1 E2.42193 F2400
G92 E0
G1 X74.557 Y103.336 F7800
G1 E2 F2400
;WIDTH:0.45
G1 F1514
G1 X74.557 Y104.648 E2.0631
G1 X75.352 Y105.443 E2.11717
G1 X76.86 Y105.443 E2.1897
G1 X76.524 Y105.301 E2.20724
G1 X76.049 Y104.957 E2.23545
G1 X75.043 Y103.952 E2.30384
G1 X74.734 Y103.541 E2.32857
G1 X74.557 Y103.143 E2.34952
G1 X74.975 Y104.475 F7800
;WIDTH:0.515149
G1 F1514
G1 X75.525 Y105.025 E2.39325
G1 E.39325 F2400
G92 E0
G1 X95.479 Y87.506 F7800
G1 E2 F2400
;WIDTH:0.45
G1 F1514
G1 X95.076 Y87.485 E2.01941
G1 X94.785 Y87.41 E2.03386
G1 X94.785 Y90.577 E2.18618
G1 X95.323 Y90.467 E2.21259
G1 X95.924 Y90.497 E2.24153
G1 X96.215 Y90.573 E2.256
G1 X96.215 Y87.41 E2.40813
G1 X95.672 Y87.516 E2.43474
G1 X95.239 Y87.949 E2.46419
;WIDTH:0.586129
G1 X95.761 Y87.962 E2.49817
G1 X95.761 Y90.034 E2.63301
G1 X95.239 Y90.021 E2.66699
G1 X95.239 Y88.142 E2.78927
;LAYER_CHANGE
;Z:2.15
;HEIGHT:0.3
G1 E.78927 F2400
G92 E0
G1 Z2.15 F7800
G1 X96.601 Y93.967
G1 E2 F2400
;TYPE:External perimeter
;WIDTH:0.45
G1 F1516
G1 X96.588 Y93.986 E2.00111
G1 X96.318 Y94.217 E2.0182
G1 X96.001 Y94.378 E2.0353
G1 X95.701 Y94.452 E2.05016
G1 X95.299 Y94.452 E2.06949
G1 X94.956 Y94.361 E2.08656
G1 X94.644 Y94.191 E2.10365
G1 X94.381 Y93.951 E2.12077
G1 X94.185 Y93.655 E2.13784
;WIDTH:0.449162
G1 X94.075 Y93.32 E2.15476
;WIDTH:0.427027
G1 X94.047 Y92.971 E2.1706
;WIDTH:0.432159
G1 X94.083 Y92.619 E2.18683
;WIDTH:0.45
G1 X94.206 Y92.286 E2.2039
G1 X94.412 Y91.997 E2.22097
G1 X94.682 Y91.765 E2.23809
G1 X94.895 Y91.657 E2.24958
G1 X95.345 Y91.525 E2.27214
G1 X95.701 Y91.531 E2.28926
G1 X96.044 Y91.621 E2.30632
G1 X96.356 Y91.792 E2.32343
G1 X96.619 Y92.031 E2.34052
G1 X96.816 Y92.327 E2.35762
G1 X96.925 Y92.662 E2.37456
;WIDTH:0.427028
G1 X96.953 Y93.012 E2.39044
;WIDTH:0.432223
G1 X96.917 Y93.363 E2.40663
;WIDTH:0.45
G1 X96.794 Y93.697 E2.42375
G1 X96.636 Y93.918 E2.43682
G1 X96.341 Y94.188 F7800
G1 E.43682 F2400
G92 E0
G1 X94.399 Y84.016 F7800
G1 E2 F2400
G1 F1516
G1 X94.412 Y83.997 E2.00111
G1 X94.682 Y83.765 E2.01823
G1 X94.999 Y83.605 E2.03531
G1 X95.345 Y83.525 E2.05239
G1 X95.701 Y83.531 E2.06951
G1 X96.044 Y83.621 E2.08657
G1 X96.356 Y83.792 E2.10368
G1 X96.619 Y84.031 E2.12077
G1 X96.816 Y84.327 E2.13787
G1 X96.925 Y84.662 E2.15481
;WIDTH:0.427028
G1 X96.953 Y85.012 E2.17069
;WIDTH:0.432223
G1 X96.917 Y85.363 E2.18688
;WIDTH:0.45
G1 X96.794 Y85.697 E2.204
G1 X96.588 Y85.986 E2.22107
G1 X96.318 Y86.217 E2.23816
G1 X96.001 Y86.378 E2.25526
G1 X95.655 Y86.457 E2.27233
G1 X95.299 Y86.452 E2.28945
G1 X94.956 Y86.361 E2.30652
G1 X94.644 Y86.191 E2.32361
G1 X94.381 Y85.951 E2.34073
G1 X94.185 Y85.655 E2.3578
;WIDTH:0.449162
G1 X94.076 Y85.33 E2.37425
;WIDTH:0.428444
G1 X94.047 Y84.971 E2.3906
;WIDTH:0.432159
G1 X94.083 Y84.619 E2.40683
;WIDTH:0.45
G1 X94.206 Y84.286 E2.4239
G1 X94.364 Y84.064 E2.43701
G1 X94.659 Y83.794 F7800
G1 X94.111 Y83.753
;TYPE:Perimeter
;WIDTH:0.495433
G1 F1516
G1 X94.492 Y83.404 E2.46479
;WIDTH:0.532521
G1 X94.59 Y83.332 E2.47189
;WIDTH:0.569609
G1 X94.688 Y83.26 E2.47955
;WIDTH:0.606697
G1 X94.785 Y83.189 E2.48768
G1 X94.972 Y83.168 E2.50041
;WIDTH:0.56417
G1 X95.159 Y83.146 E2.51215
;WIDTH:0.521643
G1 X95.345 Y83.125 E2.52283
;WIDTH:0.525397
G1 X95.727 Y83.148 E2.54483
;WIDTH:0.571677
G1 X96.108 Y83.171 E2.56898
;WIDTH:0.589535
G1 X96.256 Y83.218 E2.57915
G1 X96.452 Y83.381 E2.59585
;WIDTH:0.543223
G1 X96.648 Y83.544 E2.61107
;WIDTH:0.496911
G1 X96.844 Y83.708 E2.62486
;WIDTH:0.450599
G1 X96.889 Y83.753 E2.62793
G1 E.62793 F2400
G92 E0
G1 X94.496 Y86.991 F7800
G1 E2 F2400
;WIDTH:0.45
G1 F1516
G1 X94.597 Y87.044 E2.00549
G1 X95.115 Y87.2 E2.03151
G1 X95.655 Y87.228 E2.05752
G1 X96.185 Y87.126 E2.08348
G1 X96.504 Y86.991 E2.10014
G1 X96.504 Y90.992 E2.29257
G1 X96.185 Y90.856 E2.30925
G1 X95.655 Y90.754 E2.33521
G1 X95.058 Y90.798 E2.364
G1 X94.496 Y90.992 E2.3926
G1 X94.496 Y87.051 E2.58215
G1 E.58215 F2400
G92 E0
G1 X96.889 Y91.76 F7800
G1 E2 F2400
G1 F1516
G1 X96.612 Y91.503 E2.01817
G1 X96.224 Y91.28 E2.03969
G1 X95.793 Y91.157 E2.06125
G1 X95.345 Y91.14 E2.08281
G1 X94.781 Y91.288 E2.11085
G1 X94.503 Y91.424 E2.12574
G1 X94.111 Y91.76 E2.15057
G1 X94.111 Y86.223 E2.41688
G1 X94.388 Y86.48 E2.43505
G1 X94.776 Y86.702 E2.45655
G1 X95.207 Y86.826 E2.47812
G1 X95.655 Y86.843 E2.49968
G1 X96.093 Y86.752 E2.5212
G1 X96.497 Y86.559 E2.54273
G1 X96.889 Y86.223 E2.56756
G1 X96.889 Y91.7 E2.83098
G1 E.83098 F2400
G92 E0
G1 X92.878 Y104.421 F7800
G1 E2 F2400
G1 F1516
G1 X92.896 Y104.417 E2.00089
G1 X93.195 Y104.214 E2.01827
G1 X94.214 Y103.195 E2.08758
G1 X94.417 Y102.896 E2.10496
G1 X94.496 Y102.513 E2.12377
G1 X94.496 Y94.991 E2.48555
G1 X94.597 Y95.044 E2.49104
G1 X95.115 Y95.2 E2.51706
G1 X95.655 Y95.228 E2.54307
G1 X96.185 Y95.126 E2.56903
G1 X96.504 Y94.991 E2.58569
G1 X96.504 Y105.087 E3.07127
G1 X95.087 Y106.504 E3.16765
G1 X74.913 Y106.504 E4.13795
G1 X73.496 Y105.087 E4.23433
G1 X73.503 Y102.45 E4.36116
G1 X73.596 Y102.039 E4.38143
G1 X73.859 Y101.709 E4.40173
G1 X74.239 Y101.526 E4.42202
G1 X74.589 Y101.513 E4.43887
G1 X74.961 Y101.596 E4.4572
G1 X75.291 Y101.859 E4.4775
G1 X75.437 Y102.134 E4.49248
G1 X75.51 Y102.612 E4.51574
G1 X75.604 Y102.94 E4.53215
G1 X75.787 Y103.196 E4.54729
G1 X76.805 Y104.214 E4.61653
G1 X77.104 Y104.417 E4.63391
G1 X77.487 Y104.496 E4.65272
G1 X92.513 Y104.496 E5.37542
G1 X92.819 Y104.433 E5.39045
G1 X92.732 Y104.065 F7800
G1 F1516
G1 X92.743 Y104.063 E5.39099
G1 X92.922 Y103.941 E5.40141
G1 X93.707 Y103.157 E5.45477
G1 X94.063 Y102.743 E5.48103
G1 X94.111 Y102.513 E5.49233
G1 X94.111 Y94.223 E5.89105
G1 X94.388 Y94.48 E5.90922
G1 X94.776 Y94.703 E5.93074
G1 X95.207 Y94.826 E5.9523
G1 X95.655 Y94.843 E5.97386
G1 X96.093 Y94.752 E5.99538
G1 X96.497 Y94.559 E6.01691
G1 X96.889 Y94.223 E6.04174
G1 X96.889 Y105.247 E6.57196
G1 X95.247 Y106.889 E6.68365
G1 X74.753 Y106.889 E7.66934
G1 X73.111 Y105.247 E7.78103
G1 X73.111 Y102.857 E7.89598
G1 X73.129 Y102.319 E7.92187
G1 X73.247 Y101.871 E7.94415
G1 X73.512 Y101.512 E7.96561
G1 X73.871 Y101.247 E7.98707
G1 X74.301 Y101.131 E8.00849
G1 X74.701 Y101.136 E8.02773
G1 X75.129 Y101.247 E8.049
G1 X75.486 Y101.509 E8.0703
G1 X75.753 Y101.871 E8.09193
G1 X75.866 Y102.3 E8.11327
G1 X75.95 Y102.77 E8.13623
G1 X76.06 Y102.924 E8.14533
G1 X76.843 Y103.707 E8.19859
G1 X77.257 Y104.063 E8.22485
G1 X77.487 Y104.111 E8.23615
G1 X92.513 Y104.111 E8.95885
G1 X92.673 Y104.077 E8.96672
G1 X92.582 Y103.697 F7800
;TYPE:External perimeter
G1 F1516
G1 X92.65 Y103.669 E8.97026
G1 X93.669 Y102.65 E9.03957
G1 X93.725 Y102.513 E9.04669
G1 X93.725 Y93.74 E9.46864
;WIDTH:0.449162
G1 X93.704 Y92.95 E9.50657
;WIDTH:0.45
G1 X93.725 Y92.243 E9.54059
G1 X93.725 Y85.74 E9.85336
;WIDTH:0.449162
G1 X93.704 Y84.95 E9.89129
;WIDTH:0.45
G1 X93.725 Y83.593 E9.95656
G1 X94.593 Y82.725 E10.0156
G1 X96.407 Y82.725 E10.10285
G1 X97.275 Y83.593 E10.16189
G1 X97.275 Y83.753 E10.16959
G1 X97.286 Y84.641 E10.2123
;WIDTH:0.427028
G1 X97.286 Y85.342 E10.24401
;WIDTH:0.45
G1 X97.286 Y92.641 E10.59507
;WIDTH:0.427028
G1 X97.286 Y93.342 E10.62678
;WIDTH:0.45
G1 X97.275 Y105.407 E11.20706
G1 X95.407 Y107.275 E11.33412
G1 X74.593 Y107.275 E12.3352
G1 X72.725 Y105.407 E12.46226
G1 X72.725 Y102.713 E12.59183
G1 X72.77 Y102.066 E12.62302
G1 X72.897 Y101.702 E12.64156
G1 X73.102 Y101.375 E12.66012
G1 X73.375 Y101.102 E12.67869
G1 X73.702 Y100.897 E12.69725
G1 X74.066 Y100.77 E12.71579
G1 X74.452 Y100.726 E12.73448
G1 X74.936 Y100.77 E12.75785
G1 X75.298 Y100.897 E12.7763
G1 X75.625 Y101.102 E12.79486
G1 X75.898 Y101.375 E12.81343
G1 X76.103 Y101.702 E12.83199
G1 X76.23 Y102.065 E12.85049
G1 X76.277 Y102.534 E12.87316
G1 X76.333 Y102.651 E12.8794
G1 X77.35 Y103.669 E12.94861
G1 X77.487 Y103.725 E12.95573
G1 X92.513 Y103.725 E13.67843
G1 X92.526 Y103.72 E13.6791
G1 X92.839 Y103.471 F7800
G1 E11.6791 F2400
G92 E0
G1 X94.785 Y90.575 F7800
G1 E2 F2400
;TYPE:Solid infill
G1 F1516
G1 X94.785 Y87.41 E2.15223
G1 X95.076 Y87.485 E2.16668
G1 X95.672 Y87.516 E2.19538
G1 X96.215 Y87.41 E2.22199
G1 X96.215 Y90.573 E2.37412
G1 X95.924 Y90.497 E2.38859
G1 X95.324 Y90.467 E2.41748
G1 X94.974 Y90.537 E2.43465
G1 X95.239 Y90.021 E2.46255
;WIDTH:0.58613
G1 X95.239 Y87.949 E2.59739
G1 X95.761 Y87.962 E2.63137
G1 X95.761 Y90.034 E2.76621
G1 X95.432 Y90.026 E2.78763
G1 E.78763 F2400
G92 E0
G1 X73.785 Y104.695 F7800
G1 E2 F2400
;WIDTH:0.45
G1 F1516
G1 X75.305 Y106.215 E2.10339
G1 X74.993 Y106.311 E2.11909
;WIDTH:0.404381
G1 X73.689 Y105.007 E2.19729
G1 X73.785 Y104.15 F7800
;WIDTH:0.45
G1 F1516
G1 X75.85 Y106.215 E2.33775
G1 X76.396 Y106.215 E2.36401
G1 X73.785 Y103.604 E2.54161
G1 X73.785 Y103.059 E2.56782
G1 X76.941 Y106.215 E2.78249
G1 X77.487 Y106.215 E2.80875
G1 X73.786 Y102.514 E3.06049
G1 X73.906 Y102.089 E3.08173
G1 X78.032 Y106.215 E3.36238
G1 X78.294 Y106.286 E3.37544
;WIDTH:0.404381
G1 X78.274 Y106.358 E3.37861
G1 X78.346 Y106.339 E3.38177
G1 X78.335 Y106.297 E3.38361
G1 E1.38361 F2400
G92 E0
G1 X76.79 Y104.493 F7800
G1 E2 F2400
G1 F1516
G1 X76.639 Y104.367 E2.00834
G1 X75.634 Y103.361 E2.06864
G1 X75.505 Y103.211 E2.07703
;WIDTH:0.45
G1 X75.301 Y102.939 E2.09338
G1 X74.207 Y101.844 E2.16783
G1 X74.73 Y101.822 E2.19301
G1 X75.178 Y102.27 E2.22348
G1 E.22348 F2400
G92 E0
G1 X77.062 Y104.7 F7800
G1 E2 F2400
G1 F1516
G1 X78.577 Y106.215 E2.10305
G1 X79.123 Y106.215 E2.12931
G1 X77.693 Y104.785 E2.22658
G1 X92.509 Y104.785 E2.93918
G1 X92.97 Y104.695 E2.96177
G1 X93.406 Y104.412 E2.98677
G1 X94.412 Y103.406 E3.0552
G1 X94.665 Y103.039 E3.07664
G1 X94.785 Y102.509 E3.10278
G1 X94.785 Y95.41 E3.44422
G1 X95.076 Y95.485 E3.45867
G1 X95.672 Y95.516 E3.48737
G1 X96.215 Y95.41 E3.51398
G1 X96.215 Y104.968 E3.97369
G1 X94.968 Y106.215 E4.05851
G1 X79.532 Y106.215 E4.80093
G1 X79.532 Y106.078 E4.80752
G1 X78.375 Y104.922 E4.88618
G1 X79.334 Y105.239 F7800
;WIDTH:0.58613
G1 F1516
G1 X92.509 Y105.239 E5.74355
G1 X92.639 Y105.224 E5.75207
;WIDTH:0.583338
G1 X92.845 Y105.144 E5.76637
;WIDTH:0.538892
G1 X93.05 Y105.064 E5.77939
;WIDTH:0.494446
G1 X93.256 Y104.984 E5.79124
;WIDTH:0.45
G1 X93.679 Y104.685 E5.81615
G1 X94.685 Y103.679 E5.88458
G1 X94.984 Y103.256 E5.90949
;WIDTH:0.498516
G1 X95.066 Y103.051 E5.92145
;WIDTH:0.547032
G1 X95.148 Y102.846 E5.93474
;WIDTH:0.595547
G1 X95.23 Y102.64 E5.94943
G1 X95.239 Y102.509 E5.95813
;WIDTH:0.58613
G1 X95.239 Y95.949 E6.38503
G1 X95.761 Y95.962 E6.41901
G1 X95.761 Y102.509 E6.84506
;WIDTH:0.595547
G1 X95.756 Y102.694 E6.85732
G1 X95.78 Y102.838 E6.86699
;WIDTH:0.547032
G1 X95.805 Y102.981 E6.87573
;WIDTH:0.498516
G1 X95.829 Y103.125 E6.88363
;WIDTH:0.45
G1 X95.829 Y104.808 E6.96458
G1 X94.808 Y105.829 E7.03403
G1 X93.125 Y105.829 E7.11498
;WIDTH:0.495376
G1 X92.919 Y105.806 E7.12612
;WIDTH:0.540752
G1 X92.714 Y105.784 E7.13837
;WIDTH:0.586129
G1 X92.509 Y105.761 E7.15179
G1 X79.964 Y105.761 E7.96816
G1 X79.852 Y105.757 E7.97545
G1 X79.47 Y105.375 E8.01061
G1 E6.01061 F2400
G92 E0
G1 X93.141 Y105.443 F7800
G1 E2 F2400
;WIDTH:0.45
G1 F1516
G1 X93.473 Y105.303 E2.01733
G1 X93.951 Y104.957 E2.04571
G1 X94.957 Y103.951 E2.11414
G1 X95.303 Y103.473 E2.14252
G1 X95.443 Y103.141 E2.15985
G1 X95.443 Y104.648 E2.23233
G1 X94.648 Y105.443 E2.2864
G1 X93.334 Y105.443 E2.3496
G1 X94.475 Y105.025 F7800
;WIDTH:0.515149
G1 F1516
G1 X95.025 Y104.475 E2.39333
;LAYER_CHANGE
;Z:2.45
;HEIGHT:0.3
G1 E.39333 F2400
G92 E0
G1 Z2.45 F7800
G1 X96.601 Y93.967
G1 E2 F2400
;TYPE:External perimeter
;WIDTH:0.45
G1 F1515
G1 X96.588 Y93.986 E2.00111
G1 X96.318 Y94.217 E2.0182
G1 X96.001 Y94.378 E2.0353
G1 X95.655 Y94.457 E2.05237
G1 X95.299 Y94.452 E2.06949
G1 X94.956 Y94.361 E2.08656
G1 X94.644 Y94.191 E2.10365
G1 X94.381 Y93.951 E2.12077
G1 X94.185 Y93.655 E2.13784
;WIDTH:0.449162
G1 X94.075 Y93.32 E2.15476
;WIDTH:0.427028
G1 X94.047 Y92.971 E2.1706
;WIDTH:0.432159
G1 X94.083 Y92.619 E2.18683
;WIDTH:0.45
G1 X94.184 Y92.327 E2.20169
G1 X94.412 Y91.997 E2.22098
G1 X94.682 Y91.765 E2.2381
G1 X94.925 Y91.642 E2.2512
G1 X95.345 Y91.525 E2.27217
G1 X95.701 Y91.531 E2.28929
G1 X96.044 Y91.621 E2.30635
G1 X96.356 Y91.792 E2.32346
G1 X96.619 Y92.031 E2.34055
G1 X96.816 Y92.327 E2.35765
G1 X96.925 Y92.662 E2.37459
;WIDTH:0.427028
G1 X96.953 Y93.012 E2.39047
;WIDTH:0.432223
G1 X96.917 Y93.363 E2.40666
;WIDTH:0.45
G1 X96.794 Y93.697 E2.42378
G1 X96.636 Y93.918 E2.43685
G1 X96.341 Y94.188 F7800
G1 E.43685 F2400
G92 E0
G1 X94.399 Y84.016 F7800
G1 E2 F2400
G1 F1515
G1 X94.412 Y83.997 E2.00111
G1 X94.682 Y83.765 E2.01823
G1 X94.925 Y83.642 E2.03133
G1 X95.345 Y83.525 E2.0523
G1 X95.701 Y83.531 E2.06942
G1 X96.044 Y83.621 E2.08648
G1 X96.356 Y83.792 E2.10359
G1 X96.619 Y84.031 E2.12068
G1 X96.816 Y84.327 E2.13778
G1 X96.925 Y84.662 E2.15472
;WIDTH:0.427028
G1 X96.953 Y85.012 E2.1706
;WIDTH:0.432223
G1 X96.917 Y85.363 E2.18679
;WIDTH:0.45
G1 X96.794 Y85.697 E2.20391
G1 X96.588 Y85.986 E2.22098
G1 X96.318 Y86.217 E2.23807
G1 X96.001 Y86.378 E2.25517
G1 X95.655 Y86.457 E2.27224
G1 X95.299 Y86.452 E2.28936
G1 X94.956 Y86.361 E2.30643
G1 X94.644 Y86.191 E2.32352
G1 X94.381 Y85.951 E2.34064
G1 X94.185 Y85.655 E2.35771
;WIDTH:0.449162
G1 X94.075 Y85.32 E2.37463
;WIDTH:0.427028
G1 X94.047 Y84.971 E2.39047
;WIDTH:0.432159
G1 X94.083 Y84.619 E2.4067
;WIDTH:0.45
G1 X94.206 Y84.286 E2.42377
G1 X94.364 Y84.064 E2.43688
G1 X94.659 Y83.794 F7800
G1 X94.111 Y83.753
;TYPE:Perimeter
;WIDTH:0.495431
G1 F1515
G1 X94.492 Y83.404 E2.46466
;WIDTH:0.535238
G1 X94.592 Y83.333 E2.47186
;WIDTH:0.575045
G1 X94.692 Y83.263 E2.47963
;WIDTH:0.614853
G1 X94.792 Y83.193 E2.48801
G1 X94.976 Y83.17 E2.50074
;WIDTH:0.569607
G1 X95.161 Y83.148 E2.51248
;WIDTH:0.524362
G1 X95.345 Y83.125 E2.52312
;WIDTH:0.525397
G1 X95.727 Y83.148 E2.54512
;WIDTH:0.571677
G1 X96.108 Y83.171 E2.56927
;WIDTH:0.589535
G1 X96.256 Y83.218 E2.57944
G1 X96.452 Y83.381 E2.59614
;WIDTH:0.543223
G1 X96.648 Y83.544 E2.61136
;WIDTH:0.496911
G1 X96.844 Y83.708 E2.62515
;WIDTH:0.450599
G1 X96.889 Y83.753 E2.62822
G1 E.62822 F2400
G92 E0
G1 X94.496 Y86.991 F7800
G1 E2 F2400
;WIDTH:0.45
G1 F1515
G1 X94.597 Y87.044 E2.00549
G1 X95.115 Y87.2 E2.03151
G1 X95.655 Y87.228 E2.05752
G1 X96.185 Y87.126 E2.08348
G1 X96.504 Y86.991 E2.10014
G1 X96.504 Y90.992 E2.29257
G1 X96.185 Y90.856 E2.30925
G1 X95.655 Y90.754 E2.33521
G1 X95.071 Y90.794 E2.36336
G1 X94.496 Y90.992 E2.39261
G1 X94.496 Y87.051 E2.58216
G1 X94.111 Y86.223 F7800
G1 F1515
G1 X94.388 Y86.48 E2.60033
G1 X94.776 Y86.703 E2.62185
G1 X95.207 Y86.826 E2.64341
G1 X95.655 Y86.843 E2.66497
G1 X96.093 Y86.752 E2.68649
G1 X96.497 Y86.559 E2.70802
G1 X96.889 Y86.223 E2.73285
G1 X96.889 Y91.76 E2.99916
G1 X96.612 Y91.503 E3.01733
G1 X96.224 Y91.28 E3.03885
G1 X95.793 Y91.157 E3.06041
G1 X95.345 Y91.14 E3.08197
G1 X94.815 Y91.272 E3.10824
G1 X94.503 Y91.424 E3.12493
G1 X94.111 Y91.76 E3.14976
G1 X94.111 Y86.283 E3.41318
G1 E1.41318 F2400
G92 E0
G1 X92.878 Y104.421 F7800
G1 E2 F2400
G1 F1515
G1 X92.896 Y104.417 E2.00089
G1 X93.195 Y104.214 E2.01827
G1 X94.214 Y103.195 E2.08758
G1 X94.417 Y102.896 E2.10496
G1 X94.496 Y102.513 E2.12377
G1 X94.496 Y94.991 E2.48555
G1 X94.597 Y95.044 E2.49104
G1 X95.115 Y95.2 E2.51706
G1 X95.655 Y95.228 E2.54307
G1 X96.185 Y95.126 E2.56903
G1 X96.504 Y94.991 E2.58569
G1 X96.504 Y105.087 E3.07127
G1 X95.087 Y106.504 E3.16765
G1 X74.913 Y106.504 E4.13795
G1 X73.496 Y105.087 E4.23433
G1 X73.503 Y102.45 E4.36116
G1 X73.596 Y102.039 E4.38143
G1 X73.859 Y101.709 E4.40173
G1 X74.239 Y101.526 E4.42202
G1 X74.589 Y101.513 E4.43887
G1 X74.961 Y101.596 E4.4572
G1 X75.291 Y101.859 E4.4775
G1 X75.437 Y102.134 E4.49248
G1 X75.51 Y102.612 E4.51574
G1 X75.604 Y102.94 E4.53215
G1 X75.787 Y103.196 E4.54729
G1 X76.805 Y104.214 E4.61653
G1 X77.104 Y104.417 E4.63391
G1 X77.487 Y104.496 E4.65272
G1 X92.513 Y104.496 E5.37542
G1 X92.819 Y104.433 E5.39045
G1 X92.732 Y104.065 F7800
G1 F1515
G1 X92.743 Y104.063 E5.39099
G1 X92.922 Y103.941 E5.40141
G1 X93.707 Y103.157 E5.45477
G1 X94.063 Y102.743 E5.48103
G1 X94.111 Y102.513 E5.49233
G1 X94.111 Y94.223 E5.89105
G1 X94.388 Y94.48 E5.90922
G1 X94.776 Y94.703 E5.93074
G1 X95.207 Y94.826 E5.9523
G1 X95.655 Y94.843 E5.97386
G1 X96.093 Y94.752 E5.99538
G1 X96.497 Y94.559 E6.01691
G1 X96.889 Y94.223 E6.04174
G1 X96.889 Y105.247 E6.57196
G1 X95.247 Y106.889 E6.68365
G1 X74.753 Y106.889 E7.66934
G1 X73.111 Y105.247 E7.78103
G1 X73.111 Y102.857 E7.89598
G1 X73.129 Y102.319 E7.92187
G1 X73.247 Y101.871 E7.94415
G1 X73.512 Y101.512 E7.96561
G1 X73.871 Y101.247 E7.98707
G1 X74.301 Y101.131 E8.00849
G1 X74.701 Y101.136 E8.02773
G1 X75.129 Y101.247 E8.049
G1 X75.486 Y101.509 E8.0703
G1 X75.753 Y101.871 E8.09193
G1 X75.866 Y102.3 E8.11327
G1 X75.95 Y102.77 E8.13623
G1 X76.06 Y102.924 E8.14533
G1 X76.843 Y103.707 E8.19859
G1 X77.257 Y104.063 E8.22485
G1 X77.487 Y104.111 E8.23615
G1 X92.513 Y104.111 E8.95885
G1 X92.673 Y104.077 E8.96672
G1 X92.582 Y103.697 F7800
;TYPE:External perimeter
G1 F1515
G1 X92.65 Y103.669 E8.97026
G1 X93.669 Y102.65 E9.03957
G1 X93.725 Y102.513 E9.04669
G1 X93.725 Y93.74 E9.46864
;WIDTH:0.449162
G1 X93.704 Y92.95 E9.50657
;WIDTH:0.45
G1 X93.725 Y92.243 E9.54059
G1 X93.725 Y85.74 E9.85336
;WIDTH:0.449162
G1 X93.704 Y84.95 E9.89129
;WIDTH:0.45
G1 X93.725 Y83.593 E9.95656
G1 X94.593 Y82.725 E10.0156
G1 X96.407 Y82.725 E10.10285
G1 X97.275 Y83.593 E10.16189
G1 X97.275 Y83.753 E10.16959
G1 X97.286 Y84.641 E10.2123
;WIDTH:0.427028
G1 X97.286 Y85.342 E10.24401
;WIDTH:0.45
G1 X97.286 Y92.641 E10.59507
;WIDTH:0.427028
G1 X97.286 Y93.342 E10.62678
;WIDTH:0.45
G1 X97.275 Y105.407 E11.20706
G1 X95.407 Y107.275 E11.33412
G1 X74.593 Y107.275 E12.3352
G1 X72.725 Y105.407 E12.46226
G1 X72.725 Y102.713 E12.59183
G1 X72.77 Y102.066 E12.62302
G1 X72.897 Y101.702 E12.64156
G1 X73.102 Y101.375 E12.66012
G1 X73.375 Y101.102 E12.67869
G1 X73.702 Y100.897 E12.69725
G1 X74.066 Y100.77 E12.71579
G1 X74.452 Y100.726 E12.73448
G1 X74.936 Y100.77 E12.75785
G1 X75.298 Y100.897 E12.7763
G1 X75.625 Y101.102 E12.79486
G1 X75.898 Y101.375 E12.81343
G1 X76.103 Y101.702 E12.83199
G1 X76.23 Y102.065 E12.85049
G1 X76.277 Y102.534 E12.87316
G1 X76.333 Y102.651 E12.8794
G1 X77.35 Y103.669 E12.94861
G1 X77.487 Y103.725 E12.95573
G1 X92.513 Y103.725 E13.67843
G1 X92.526 Y103.72 E13.6791
G1 X92.839 Y103.471 F7800
G1 E11.6791 F2400
G92 E0
G1 X94.785 Y95.41 F7800
G1 E2 F2400
;TYPE:Solid infill
G1 F1515
G1 X95.076 Y95.485 E2.01445
G1 X95.672 Y95.516 E2.04315
G1 X96.215 Y95.41 E2.06976
G1 X96.215 Y101.441 E2.35983
G1 X96.078 Y101.441 E2.36642
G1 X94.732 Y102.786 E2.45794
G1 X94.785 Y102.509 E2.4715
G1 X94.785 Y95.603 E2.80365
G1 X95.239 Y95.949 E2.8311
;WIDTH:0.586129
G1 X95.761 Y95.962 E2.86508
G1 X95.757 Y101.12 E3.20074
G1 X95.239 Y101.638 E3.24841
G1 X95.239 Y96.142 E3.60606
G1 E1.60606 F2400
G92 E0
G1 X94.348 Y103.319 F7800
G1 E2 F2400
;WIDTH:0.404381
G1 F1515
G1 X93.32 Y104.347 E2.06165
G1 X92.509 Y104.785 F7800
;WIDTH:0.45
G1 F1515
G1 X92.786 Y104.732 E2.07521
G1 X91.441 Y106.078 E2.16673
G1 X91.441 Y106.215 E2.17332
G1 X75.032 Y106.215 E2.96254
G1 X73.785 Y104.968 E3.04736
G1 X73.785 Y102.606 E3.16096
G1 X73.863 Y102.166 E3.18245
G1 X74.043 Y101.94 E3.19635
G1 X74.304 Y101.814 E3.21029
G1 X74.705 Y101.817 E3.22958
G1 X74.957 Y101.939 E3.24305
G1 X75.145 Y102.176 E3.2576
G1 X75.233 Y102.715 E3.28387
G1 X75.334 Y103.04 E3.30024
G1 X75.589 Y103.406 E3.32169
G1 X76.594 Y104.412 E3.39008
G1 X76.957 Y104.663 E3.41131
G1 X77.497 Y104.785 E3.43794
G1 X92.316 Y104.785 E4.15068
G1 X91.85 Y106.215 F7800
G1 F1515
G1 X96.215 Y101.85 E4.44758
G1 X96.215 Y102.395 E4.47379
G1 X92.395 Y106.215 E4.73362
G1 X92.94 Y106.215 E4.75983
G1 X96.215 Y102.94 E4.98259
G1 X96.215 Y103.486 E5.00885
G1 X93.486 Y106.215 E5.19447
G1 X94.031 Y106.215 E5.22068
G1 X96.215 Y104.031 E5.36923
G1 X96.242 Y104.511 E5.39235
;WIDTH:0.395523
G1 X96.242 Y104.979 E5.41168
G1 X94.979 Y106.242 E5.48545
G1 X94.511 Y106.242 E5.50478
G1 X96.105 Y104.647 E5.59791
G1 E3.59791 F2400
G92 E0
G1 X91.638 Y105.239 F7800
G1 E2 F2400
;WIDTH:0.586129
G1 F1515
G1 X91.12 Y105.761 E2.04786
G1 X77.497 Y105.761 E2.93438
G1 X77.288 Y105.784 E2.94806
;WIDTH:0.540752
G1 X77.079 Y105.806 E2.96055
;WIDTH:0.495376
G1 X76.87 Y105.829 E2.97185
;WIDTH:0.45
G1 X75.192 Y105.829 E3.05256
G1 X74.171 Y104.808 E3.12201
G1 X74.171 Y103.286 E3.19521
;WIDTH:0.483792
G1 X74.188 Y103.186 E3.20052
;WIDTH:0.517584
G1 X74.205 Y103.086 E3.20625
;WIDTH:0.551377
G1 X74.222 Y102.985 E3.21247
;WIDTH:0.587283
G1 X74.24 Y102.606 E3.23722
G1 X74.285 Y102.365 E3.25321
G1 X74.368 Y102.287 E3.26064
G1 X74.599 Y102.271 E3.27574
G1 X74.742 Y102.398 E3.28821
;WIDTH:0.601608
G1 X74.78 Y102.807 E3.31573
G1 X74.847 Y102.935 E3.32541
;WIDTH:0.563706
G1 X74.914 Y103.062 E3.33435
;WIDTH:0.525804
G1 X74.981 Y103.19 E3.34266
;WIDTH:0.487902
G1 X75.047 Y103.317 E3.35022
;WIDTH:0.45
G1 X75.316 Y103.679 E3.37191
G1 X76.321 Y104.685 E3.4403
G1 X76.74 Y104.982 E3.465
;WIDTH:0.498551
G1 X76.948 Y105.065 E3.47713
;WIDTH:0.547103
G1 X77.156 Y105.147 E3.49059
;WIDTH:0.595655
G1 X77.364 Y105.23 E3.50543
G1 X77.497 Y105.239 E3.51426
;WIDTH:0.586129
G1 X91.445 Y105.239 E4.42193
G1 E2.42193 F2400
G92 E0
G1 X74.557 Y103.336 F7800
G1 E2 F2400
;WIDTH:0.45
G1 F1515
G1 X74.557 Y104.648 E2.0631
G1 X75.352 Y105.443 E2.11717
G1 X76.86 Y105.443 E2.1897
G1 X76.524 Y105.301 E2.20724
G1 X76.049 Y104.957 E2.23545
G1 X75.043 Y103.952 E2.30384
G1 X74.734 Y103.541 E2.32857
G1 X74.557 Y103.143 E2.34952
G1 X74.975 Y104.475 F7800
;WIDTH:0.515149
G1 F1515
G1 X75.525 Y105.025 E2.39325
G1 E.39325 F2400
G92 E0
G1 X95.479 Y87.506 F7800
G1 E2 F2400
;WIDTH:0.45
G1 F1515
G1 X95.076 Y87.485 E2.01941
G1 X94.785 Y87.41 E2.03386
G1 X94.785 Y90.577 E2.18618
G1 X95.325 Y90.467 E2.21269
G1 X95.924 Y90.497 E2.24154
G1 X96.215 Y90.573 E2.25601
G1 X96.215 Y87.41 E2.40814
G1 X95.672 Y87.516 E2.43475
G1 X95.239 Y87.949 E2.4642
;WIDTH:0.586129
G1 X95.761 Y87.962 E2.49818
G1 X95.761 Y90.034 E2.63302
G1 X95.239 Y90.021 E2.667
G1 X95.239 Y88.142 E2.78928
;LAYER_CHANGE
;Z:2.75
;HEIGHT:0.3
G1 E.78928 F2400
G92 E0
G1 Z2.75 F7800
G1 X96.601 Y93.967
G1 E2 F2400
;TYPE:External perimeter
;WIDTH:0.45
G1 F1508
G1 X96.588 Y93.986 E2.00111
G1 X96.318 Y94.217 E2.0182
G1 X96.001 Y94.378 E2.0353
G1 X95.701 Y94.452 E2.05016
G1 X95.299 Y94.452 E2.06949
G1 X94.956 Y94.361 E2.08656
G1 X94.644 Y94.191 E2.10365
G1 X94.381 Y93.951 E2.12077
G1 X94.182 Y93.65 E2.13812
G1 X94.071 Y93.28 E2.1567
;WIDTH:0.424569
G1 X94.047 Y92.971 E2.17062
;WIDTH:0.43216
G1 X94.083 Y92.619 E2.18685
;WIDTH:0.45
G1 X94.206 Y92.286 E2.20392
G1 X94.412 Y91.997 E2.22099
G1 X94.682 Y91.765 E2.23811
G1 X94.958 Y91.625 E2.25299
G1 X95.345 Y91.525 E2.27221
G1 X95.701 Y91.531 E2.28933
G1 X96.044 Y91.621 E2.30639
G1 X96.356 Y91.792 E2.3235
G1 X96.619 Y92.031 E2.34059
G1 X96.816 Y92.327 E2.35769
G1 X96.925 Y92.662 E2.37463
;WIDTH:0.427028
G1 X96.953 Y93.012 E2.39051
;WIDTH:0.432223
G1 X96.917 Y93.363 E2.4067
;WIDTH:0.45
G1 X96.794 Y93.697 E2.42382
G1 X96.636 Y93.918 E2.43689
G1 X96.341 Y94.188 F7800
G1 E.43689 F2400
G92 E0
G1 X94.399 Y84.016 F7800
G1 E2 F2400
G1 F1508
G1 X94.412 Y83.997 E2.00111
G1 X94.682 Y83.765 E2.01823
G1 X94.958 Y83.625 E2.03311
G1 X95.345 Y83.525 E2.05233
G1 X95.701 Y83.531 E2.06945
G1 X96.044 Y83.621 E2.08651
G1 X96.356 Y83.792 E2.10362
G1 X96.619 Y84.031 E2.12071
G1 X96.816 Y84.327 E2.13781
G1 X96.925 Y84.662 E2.15475
;WIDTH:0.427028
G1 X96.953 Y85.012 E2.17063
;WIDTH:0.432223
G1 X96.917 Y85.363 E2.18682
;WIDTH:0.45
G1 X96.794 Y85.697 E2.20394
G1 X96.588 Y85.986 E2.22101
G1 X96.318 Y86.217 E2.2381
G1 X96.001 Y86.378 E2.2552
G1 X95.655 Y86.457 E2.27227
G1 X95.299 Y86.452 E2.28939
G1 X94.956 Y86.361 E2.30646
G1 X94.644 Y86.191 E2.32355
G1 X94.381 Y85.951 E2.34067
G1 X94.206 Y85.696 E2.35554
G1 X94.071 Y85.28 E2.37658
;WIDTH:0.424569
G1 X94.047 Y84.971 E2.3905
;WIDTH:0.43216
G1 X94.083 Y84.619 E2.40673
;WIDTH:0.45
G1 X94.206 Y84.286 E2.4238
G1 X94.364 Y84.064 E2.43691
G1 X94.659 Y83.794 F7800
G1 X94.111 Y83.753
;TYPE:Perimeter
;WIDTH:0.495431
G1 F1508
G1 X94.492 Y83.404 E2.46469
;WIDTH:0.528807
G1 X94.607 Y83.33 E2.47261
;WIDTH:0.562183
G1 X94.721 Y83.257 E2.48101
;WIDTH:0.595559
G1 X94.836 Y83.183 E2.49007
G1 X95.005 Y83.164 E2.50134
;WIDTH:0.556745
G1 X95.175 Y83.145 E2.51184
;WIDTH:0.517931
G1 X95.345 Y83.125 E2.52152
;WIDTH:0.525397
G1 X95.726 Y83.148 E2.54347
;WIDTH:0.571677
G1 X96.108 Y83.171 E2.56768
;WIDTH:0.589535
G1 X96.256 Y83.218 E2.57785
G1 X96.452 Y83.381 E2.59455
;WIDTH:0.543223
G1 X96.648 Y83.544 E2.60977
;WIDTH:0.496911
G1 X96.844 Y83.708 E2.62356
;WIDTH:0.450599
G1 X96.889 Y83.753 E2.62663
G1 E.62663 F2400
G92 E0
G1 X94.496 Y86.991 F7800
G1 E2 F2400
;WIDTH:0.45
G1 F1508
G1 X94.597 Y87.044 E2.00549
G1 X95.115 Y87.2 E2.03151
G1 X95.655 Y87.228 E2.05752
G1 X96.185 Y87.126 E2.08348
G1 X96.504 Y86.991 E2.10014
G1 X96.504 Y90.992 E2.29257
G1 X96.185 Y90.856 E2.30925
G1 X95.655 Y90.754 E2.33521
G1 X95.088 Y90.789 E2.36253
G1 X94.496 Y90.992 E2.39263
G1 X94.496 Y87.051 E2.58218
G1 X94.111 Y86.223 F7800
G1 F1508
G1 X94.388 Y86.48 E2.60035
G1 X94.776 Y86.703 E2.62187
G1 X95.207 Y86.826 E2.64343
G1 X95.655 Y86.843 E2.66499
G1 X96.093 Y86.752 E2.68651
G1 X96.497 Y86.559 E2.70804
G1 X96.889 Y86.223 E2.73287
G1 X96.889 Y91.76 E2.99918
G1 X96.612 Y91.503 E3.01735
G1 X96.224 Y91.28 E3.03887
G1 X95.793 Y91.157 E3.06043
G1 X95.345 Y91.14 E3.08199
G1 X94.855 Y91.254 E3.10619
G1 X94.503 Y91.424 E3.12499
G1 X94.111 Y91.76 E3.14982
G1 X94.111 Y86.283 E3.41324
G1 E1.41324 F2400
G92 E0
G1 X92.878 Y104.421 F7800
G1 E2 F2400
G1 F1508
G1 X92.896 Y104.417 E2.00089
G1 X93.195 Y104.214 E2.01827
G1 X94.214 Y103.195 E2.08758
G1 X94.417 Y102.896 E2.10496
G1 X94.496 Y102.513 E2.12377
G1 X94.496 Y94.991 E2.48555
G1 X94.597 Y95.044 E2.49104
G1 X95.115 Y95.2 E2.51706
G1 X95.655 Y95.228 E2.54307
G1 X96.185 Y95.126 E2.56903
G1 X96.504 Y94.991 E2.58569
G1 X96.504 Y105.087 E3.07127
G1 X95.087 Y106.504 E3.16765
G1 X74.913 Y106.504 E4.13795
G1 X73.496 Y105.087 E4.23433
G1 X73.503 Y102.45 E4.36116
G1 X73.596 Y102.039 E4.38143
G1 X73.859 Y101.709 E4.40173
G1 X74.239 Y101.526 E4.42202
G1 X74.589 Y101.513 E4.43887
G1 X74.961 Y101.596 E4.4572
G1 X75.291 Y101.859 E4.4775
G1 X75.437 Y102.134 E4.49248
G1 X75.51 Y102.612 E4.51574
G1 X75.604 Y102.94 E4.53215
G1 X75.787 Y103.196 E4.54729
G1 X76.805 Y104.214 E4.61653
G1 X77.104 Y104.417 E4.63391
G1 X77.487 Y104.496 E4.65272
G1 X92.513 Y104.496 E5.37542
G1 X92.819 Y104.433 E5.39045
G1 X92.732 Y104.065 F7800
G1 F1508
G1 X92.743 Y104.063 E5.39099
G1 X92.922 Y103.941 E5.40141
G1 X93.707 Y103.157 E5.45477
G1 X94.063 Y102.743 E5.48103
G1 X94.111 Y102.513 E5.49233
G1 X94.111 Y94.223 E5.89105
G1 X94.388 Y94.48 E5.90922
G1 X94.776 Y94.703 E5.93074
G1 X95.207 Y94.826 E5.9523
G1 X95.655 Y94.843 E5.97386
G1 X96.093 Y94.752 E5.99538
G1 X96.497 Y94.559 E6.01691
G1 X96.889 Y94.223 E6.04174
G1 X96.889 Y105.247 E6.57196
G1 X95.247 Y106.889 E6.68365
G1 X74.753 Y106.889 E7.66934
G1 X73.111 Y105.247 E7.78103
G1 X73.111 Y102.857 E7.89598
G1 X73.129 Y102.319 E7.92187
G1 X73.247 Y101.871 E7.94415
G1 X73.512 Y101.512 E7.96561
G1 X73.871 Y101.247 E7.98707
G1 X74.301 Y101.131 E8.00849
G1 X74.701 Y101.136 E8.02773
G1 X75.129 Y101.247 E8.049
G1 X75.486 Y101.509 E8.0703
G1 X75.753 Y101.871 E8.09193
G1 X75.866 Y102.3 E8.11327
G1 X75.95 Y102.77 E8.13623
G1 X76.06 Y102.924 E8.14533
G1 X76.843 Y103.707 E8.19859
G1 X77.257 Y104.063 E8.22485
G1 X77.487 Y104.111 E8.23615
G1 X92.513 Y104.111 E8.95885
G1 X92.673 Y104.077 E8.96672
G1 X92.582 Y103.697 F7800
;TYPE:External perimeter
G1 F1508
G1 X92.65 Y103.669 E8.97026
G1 X93.669 Y102.65 E9.03957
G1 X93.725 Y102.513 E9.04669
G1 X93.725 Y93.727 E9.46927
G1 X93.704 Y92.95 E9.50665
G1 X93.725 Y92.243 E9.54067
G1 X93.725 Y85.727 E9.85407
G1 X93.704 Y84.95 E9.89145
G1 X93.725 Y83.593 E9.95672
G1 X94.593 Y82.725 E10.01576
G1 X96.407 Y82.725 E10.10301
G1 X97.275 Y83.593 E10.16205
G1 X97.275 Y83.753 E10.16975
G1 X97.286 Y84.641 E10.21246
;WIDTH:0.427028
G1 X97.286 Y85.342 E10.24417
;WIDTH:0.45
G1 X97.286 Y92.641 E10.59523
;WIDTH:0.427028
G1 X97.286 Y93.342 E10.62694
;WIDTH:0.45
G1 X97.275 Y105.407 E11.20722
G1 X95.407 Y107.275 E11.33428
G1 X74.593 Y107.275 E12.33536
G1 X72.725 Y105.407 E12.46242
G1 X72.725 Y102.713 E12.59199
G1 X72.77 Y102.066 E12.62318
G1 X72.897 Y101.702 E12.64172
G1 X73.102 Y101.375 E12.66028
G1 X73.375 Y101.102 E12.67885
G1 X73.702 Y100.897 E12.69741
G1 X74.066 Y100.77 E12.71595
G1 X74.452 Y100.726 E12.73464
G1 X74.936 Y100.77 E12.75801
G1 X75.298 Y100.897 E12.77646
G1 X75.625 Y101.102 E12.79502
G1 X75.898 Y101.375 E12.81359
G1 X76.103 Y101.702 E12.83215
G1 X76.23 Y102.065 E12.85065
G1 X76.277 Y102.534 E12.87332
G1 X76.333 Y102.651 E12.87956
G1 X77.35 Y103.669 E12.94877
G1 X77.487 Y103.725 E12.95589
G1 X92.513 Y103.725 E13.67859
G1 X92.526 Y103.72 E13.67926
G1 X92.839 Y103.471 F7800
G1 E11.67926 F2400
G92 E0
G1 X94.785 Y90.574 F7800
G1 E2 F2400
;TYPE:Solid infill
G1 F1508
G1 X94.785 Y87.41 E2.15218
G1 X95.076 Y87.485 E2.16663
G1 X95.672 Y87.516 E2.19533
G1 X96.215 Y87.41 E2.22194
G1 X96.215 Y90.573 E2.37407
G1 X95.924 Y90.497 E2.38854
G1 X95.326 Y90.467 E2.41734
G1 X94.975 Y90.536 E2.43454
G1 X95.239 Y90.021 E2.46237
;WIDTH:0.58613
G1 X95.239 Y87.949 E2.59721
G1 X95.761 Y87.962 E2.63119
G1 X95.761 Y90.034 E2.76603
G1 X95.432 Y90.025 E2.78745
G1 E.78745 F2400
G92 E0
G1 X73.785 Y104.695 F7800
G1 E2 F2400
;WIDTH:0.45
G1 F1508
G1 X75.305 Y106.215 E2.10339
G1 X74.993 Y106.311 E2.11909
;WIDTH:0.404381
G1 X73.689 Y105.007 E2.19729
G1 X73.785 Y104.15 F7800
;WIDTH:0.45
G1 F1508
G1 X75.85 Y106.215 E2.33775
G1 X76.396 Y106.215 E2.36401
G1 X73.785 Y103.604 E2.54161
G1 X73.785 Y103.059 E2.56782
G1 X76.941 Y106.215 E2.78249
G1 X77.487 Y106.215 E2.80875
G1 X73.786 Y102.514 E3.06049
G1 X73.906 Y102.089 E3.08173
G1 X78.032 Y106.215 E3.36238
G1 X78.294 Y106.286 E3.37544
;WIDTH:0.404381
G1 X78.274 Y106.358 E3.37861
G1 X78.346 Y106.339 E3.38177
G1 X78.335 Y106.297 E3.38361
G1 E1.38361 F2400
G92 E0
G1 X76.79 Y104.493 F7800
G1 E2 F2400
G1 F1508
G1 X76.639 Y104.367 E2.00834
G1 X75.634 Y103.361 E2.06864
G1 X75.505 Y103.211 E2.07703
;WIDTH:0.45
G1 X75.301 Y102.939 E2.09338
G1 X74.207 Y101.844 E2.16783
G1 X74.73 Y101.822 E2.19301
G1 X75.178 Y102.27 E2.22348
G1 E.22348 F2400
G92 E0
G1 X77.062 Y104.7 F7800
G1 E2 F2400
G1 F1508
G1 X78.577 Y106.215 E2.10305
G1 X79.123 Y106.215 E2.12931
G1 X77.693 Y104.785 E2.22658
G1 X92.509 Y104.785 E2.93918
G1 X92.97 Y104.695 E2.96177
G1 X93.406 Y104.412 E2.98677
G1 X94.412 Y103.406 E3.0552
G1 X94.665 Y103.039 E3.07664
G1 X94.785 Y102.509 E3.10278
G1 X94.785 Y95.41 E3.44422
G1 X95.076 Y95.485 E3.45867
G1 X95.672 Y95.516 E3.48737
G1 X96.215 Y95.41 E3.51398
G1 X96.215 Y104.968 E3.97369
G1 X94.968 Y106.215 E4.05851
G1 X79.532 Y106.215 E4.80093
G1 X79.532 Y106.078 E4.80752
G1 X78.375 Y104.922 E4.88618
G1 X79.334 Y105.239 F7800
;WIDTH:0.58613
G1 F1508
G1 X92.509 Y105.239 E5.74355
G1 X92.639 Y105.224 E5.75207
;WIDTH:0.583338
G1 X92.845 Y105.144 E5.76637
;WIDTH:0.538892
G1 X93.05 Y105.064 E5.77939
;WIDTH:0.494446
G1 X93.256 Y104.984 E5.79124
;WIDTH:0.45
G1 X93.679 Y104.685 E5.81615
G1 X94.685 Y103.679 E5.88458
G1 X94.984 Y103.256 E5.90949
;WIDTH:0.498516
G1 X95.066 Y103.051 E5.92145
;WIDTH:0.547032
G1 X95.148 Y102.846 E5.93474
;WIDTH:0.595547
G1 X95.23 Y102.64 E5.94943
G1 X95.239 Y102.509 E5.95813
;WIDTH:0.58613
G1 X95.239 Y95.949 E6.38503
G1 X95.761 Y95.962 E6.41901
G1 X95.761 Y102.509 E6.84506
;WIDTH:0.595547
G1 X95.756 Y102.694 E6.85732
G1 X95.78 Y102.838 E6.86699
;WIDTH:0.547032
G1 X95.805 Y102.981 E6.87573
;WIDTH:0.498516
G1 X95.829 Y103.125 E6.88363
;WIDTH:0.45
G1 X95.829 Y104.808 E6.96458
G1 X94.808 Y105.829 E7.03403
G1 X93.125 Y105.829 E7.11498
;WIDTH:0.495376
G1 X92.919 Y105.806 E7.12612
;WIDTH:0.540752
G1 X92.714 Y105.784 E7.13837
;WIDTH:0.586129
G1 X92.509 Y105.761 E7.15179
G1 X79.964 Y105.761 E7.96816
G1 X79.852 Y105.757 E7.97545
G1 X79.47 Y105.375 E8.01061
G1 E6.01061 F2400
G92 E0
G1 X93.141 Y105.443 F7800
G1 E2 F2400
;WIDTH:0.45
G1 F1508
G1 X93.473 Y105.303 E2.01733
G1 X93.951 Y104.957 E2.04571
G1 X94.957 Y103.951 E2.11414
G1 X95.303 Y103.473 E2.14252
G1 X95.443 Y103.141 E2.15985
G1 X95.443 Y104.648 E2.23233
G1 X94.648 Y105.443 E2.2864
G1 X93.334 Y105.443 E2.3496
G1 X94.475 Y105.025 F7800
;WIDTH:0.515149
G1 F1508
G1 X95.025 Y104.475 E2.39333
;LAYER_CHANGE
;Z:3.05
;HEIGHT:0.3
G1 E.39333 F2400
G92 E0
G1 Z3.05 F7800
G1 X96.601 Y93.967
G1 E2 F2400
;TYPE:External perimeter
;WIDTH:0.45
G1 F1537
G1 X96.588 Y93.986 E2.00111
G1 X96.318 Y94.217 E2.0182
G1 X96.011 Y94.372 E2.03474
G1 X95.655 Y94.457 E2.05234
G1 X95.299 Y94.452 E2.06946
G1 X94.956 Y94.361 E2.08653
G1 X94.644 Y94.191 E2.10362
G1 X94.38 Y93.95 E2.12081
G1 X94.181 Y93.646 E2.13829
;WIDTH:0.448605
G1 X94.075 Y93.32 E2.15472
;WIDTH:0.427028
G1 X94.047 Y92.971 E2.17056
;WIDTH:0.43216
G1 X94.083 Y92.619 E2.18679
;WIDTH:0.45
G1 X94.201 Y92.296 E2.20333
G1 X94.412 Y91.997 E2.22093
G1 X94.682 Y91.765 E2.23805
G1 X94.989 Y91.61 E2.25459
G1 X95.345 Y91.525 E2.27219
G1 X95.701 Y91.531 E2.28931
G1 X96.044 Y91.621 E2.30637
G1 X96.356 Y91.792 E2.32348
G1 X96.619 Y92.031 E2.34057
G1 X96.816 Y92.327 E2.35767
G1 X96.925 Y92.662 E2.37461
;WIDTH:0.427028
G1 X96.953 Y93.012 E2.39049
;WIDTH:0.432222
G1 X96.917 Y93.363 E2.40668
;WIDTH:0.45
G1 X96.794 Y93.697 E2.4238
G1 X96.636 Y93.918 E2.43687
G1 X96.341 Y94.188 F7800
G1 E.43687 F2400
G92 E0
G1 X94.399 Y84.016 F7800
G1 E2 F2400
G1 F1537
G1 X94.412 Y83.997 E2.00111
G1 X94.682 Y83.765 E2.01823
G1 X94.989 Y83.61 E2.03477
G1 X95.345 Y83.525 E2.05237
G1 X95.701 Y83.531 E2.06949
G1 X96.044 Y83.621 E2.08655
G1 X96.356 Y83.792 E2.10366
G1 X96.619 Y84.031 E2.12075
G1 X96.816 Y84.327 E2.13785
G1 X96.925 Y84.662 E2.15479
;WIDTH:0.427028
G1 X96.953 Y85.012 E2.17067
;WIDTH:0.432222
G1 X96.917 Y85.363 E2.18686
;WIDTH:0.45
G1 X96.794 Y85.697 E2.20398
G1 X96.588 Y85.986 E2.22105
G1 X96.318 Y86.217 E2.23814
G1 X96.001 Y86.378 E2.25524
G1 X95.655 Y86.457 E2.27231
G1 X95.299 Y86.452 E2.28943
G1 X94.956 Y86.361 E2.3065
G1 X94.644 Y86.191 E2.32359
G1 X94.381 Y85.951 E2.34071
G1 X94.185 Y85.655 E2.35778
;WIDTH:0.449162
G1 X94.075 Y85.32 E2.3747
;WIDTH:0.427028
G1 X94.047 Y84.971 E2.39054
;WIDTH:0.43216
G1 X94.083 Y84.619 E2.40677
;WIDTH:0.449617
G1 X94.181 Y84.336 E2.42116
;WIDTH:0.45
G1 X94.365 Y84.066 E2.43687
G1 X94.659 Y83.794 F7800
G1 X94.111 Y83.753
;TYPE:Perimeter
;WIDTH:0.495431
G1 F1537
G1 X94.492 Y83.404 E2.46465
;WIDTH:0.532793
G1 X94.59 Y83.332 E2.47175
;WIDTH:0.570156
G1 X94.688 Y83.261 E2.47938
;WIDTH:0.607519
G1 X94.786 Y83.189 E2.48762
G1 X94.972 Y83.168 E2.5003
;WIDTH:0.564718
G1 X95.159 Y83.147 E2.51204
;WIDTH:0.521917
G1 X95.345 Y83.125 E2.52273
;WIDTH:0.525397
G1 X95.727 Y83.148 E2.54473
;WIDTH:0.571677
G1 X96.108 Y83.171 E2.56888
;WIDTH:0.589535
G1 X96.256 Y83.218 E2.57905
G1 X96.452 Y83.381 E2.59575
;WIDTH:0.543223
G1 X96.648 Y83.545 E2.61101
;WIDTH:0.496911
G1 X96.844 Y83.708 E2.62476
;WIDTH:0.450599
G1 X96.889 Y83.753 E2.62783
G1 E.62783 F2400
G92 E0
G1 X96.504 Y90.992 F7800
G1 E2 F2400
;WIDTH:0.45
G1 F1537
G1 X96.403 Y90.939 E2.00549
G1 X95.885 Y90.782 E2.03152
G1 X95.345 Y90.754 E2.05753
G1 X94.798 Y90.863 E2.08436
G1 X94.496 Y90.992 E2.10015
G1 X94.496 Y86.991 E2.29258
G1 X94.597 Y87.044 E2.29807
G1 X95.115 Y87.2 E2.32409
G1 X95.655 Y87.228 E2.3501
G1 X96.185 Y87.126 E2.37606
G1 X96.504 Y86.991 E2.39272
G1 X96.504 Y90.932 E2.58227
G1 X96.889 Y91.76 F7800
G1 F1537
G1 X96.612 Y91.503 E2.60044
G1 X96.224 Y91.28 E2.62196
G1 X95.793 Y91.157 E2.64352
G1 X95.345 Y91.14 E2.66508
G1 X94.893 Y91.236 E2.6873
G1 X94.503 Y91.424 E2.70812
G1 X94.111 Y91.76 E2.73295
G1 X94.111 Y86.223 E2.99926
G1 X94.388 Y86.48 E3.01743
G1 X94.776 Y86.703 E3.03895
G1 X95.207 Y86.826 E3.06051
G1 X95.655 Y86.843 E3.08207
G1 X96.093 Y86.752 E3.10359
G1 X96.497 Y86.559 E3.12512
G1 X96.889 Y86.223 E3.14995
G1 X96.889 Y91.7 E3.41337
G1 E1.41337 F2400
G92 E0
G1 X92.878 Y104.421 F7800
G1 E2 F2400
G1 F1537
G1 X92.896 Y104.417 E2.00089
G1 X93.195 Y104.214 E2.01827
G1 X94.214 Y103.195 E2.08758
G1 X94.417 Y102.896 E2.10496
G1 X94.496 Y102.513 E2.12377
G1 X94.496 Y94.991 E2.48555
G1 X94.597 Y95.044 E2.49104
G1 X95.115 Y95.2 E2.51706
G1 X95.655 Y95.228 E2.54307
G1 X96.202 Y95.12 E2.56989
G1 X96.504 Y94.991 E2.58568
G1 X96.504 Y105.087 E3.07126
G1 X95.087 Y106.504 E3.16764
G1 X74.913 Y106.504 E4.13794
G1 X73.496 Y105.087 E4.23432
G1 X73.503 Y102.45 E4.36115
G1 X73.596 Y102.039 E4.38142
G1 X73.859 Y101.709 E4.40172
G1 X74.239 Y101.526 E4.42201
G1 X74.589 Y101.513 E4.43886
G1 X74.961 Y101.596 E4.45719
G1 X75.291 Y101.859 E4.47749
G1 X75.437 Y102.134 E4.49247
G1 X75.51 Y102.612 E4.51573
G1 X75.604 Y102.94 E4.53214
G1 X75.787 Y103.196 E4.54728
G1 X76.805 Y104.214 E4.61652
G1 X77.104 Y104.417 E4.6339
G1 X77.487 Y104.496 E4.65271
G1 X92.513 Y104.496 E5.37541
G1 X92.819 Y104.433 E5.39044
G1 X92.732 Y104.065 F7800
G1 F1537
G1 X92.743 Y104.063 E5.39098
G1 X92.922 Y103.941 E5.4014
G1 X93.707 Y103.157 E5.45476
G1 X94.063 Y102.743 E5.48102
G1 X94.111 Y102.513 E5.49232
G1 X94.111 Y94.222 E5.89109
G1 X94.388 Y94.48 E5.9093
G1 X94.776 Y94.703 E5.93082
G1 X95.207 Y94.826 E5.95238
G1 X95.655 Y94.843 E5.97394
G1 X96.107 Y94.746 E5.99617
G1 X96.497 Y94.559 E6.01697
G1 X96.889 Y94.223 E6.0418
G1 X96.889 Y105.247 E6.57202
G1 X95.247 Y106.889 E6.68371
G1 X74.753 Y106.889 E7.6694
G1 X73.111 Y105.247 E7.78109
G1 X73.111 Y102.857 E7.89604
G1 X73.129 Y102.319 E7.92193
G1 X73.247 Y101.871 E7.94421
G1 X73.512 Y101.512 E7.96567
G1 X73.871 Y101.247 E7.98713
G1 X74.301 Y101.131 E8.00855
G1 X74.701 Y101.136 E8.02779
G1 X75.129 Y101.247 E8.04906
G1 X75.486 Y101.509 E8.07036
G1 X75.753 Y101.871 E8.09199
G1 X75.866 Y102.3 E8.11333
G1 X75.95 Y102.77 E8.13629
G1 X76.06 Y102.924 E8.14539
G1 X76.843 Y103.707 E8.19865
G1 X77.257 Y104.063 E8.22491
G1 X77.487 Y104.111 E8.23621
G1 X92.513 Y104.111 E8.95891
G1 X92.673 Y104.077 E8.96678
G1 X92.582 Y103.697 F7800
;TYPE:External perimeter
G1 F1537
G1 X92.65 Y103.669 E8.97032
G1 X93.669 Y102.65 E9.03963
G1 X93.725 Y102.513 E9.04675
G1 X93.724 Y93.73 E9.46918
;WIDTH:0.448605
G1 X93.704 Y92.95 E9.50657
;WIDTH:0.45
G1 X93.725 Y92.15 E9.54506
G1 X93.725 Y85.74 E9.85336
;WIDTH:0.449162
G1 X93.704 Y84.95 E9.89129
;WIDTH:0.45
G1 X93.725 Y83.593 E9.95656
G1 X94.593 Y82.725 E10.0156
G1 X96.407 Y82.725 E10.10285
G1 X97.275 Y83.593 E10.16189
G1 X97.275 Y83.753 E10.16959
G1 X97.286 Y84.641 E10.2123
;WIDTH:0.427028
G1 X97.286 Y85.342 E10.24401
;WIDTH:0.45
G1 X97.286 Y92.641 E10.59507
;WIDTH:0.427028
G1 X97.286 Y93.342 E10.62678
;WIDTH:0.45
G1 X97.275 Y105.407 E11.20706
G1 X95.407 Y107.275 E11.33412
G1 X74.593 Y107.275 E12.3352
G1 X72.725 Y105.407 E12.46226
G1 X72.725 Y102.713 E12.59183
G1 X72.77 Y102.066 E12.62302
G1 X72.897 Y101.702 E12.64156
G1 X73.102 Y101.375 E12.66012
G1 X73.375 Y101.102 E12.67869
G1 X73.702 Y100.897 E12.69725
G1 X74.066 Y100.77 E12.71579
G1 X74.452 Y100.726 E12.73448
G1 X74.936 Y100.77 E12.75785
G1 X75.298 Y100.897 E12.7763
G1 X75.625 Y101.102 E12.79486
G1 X75.898 Y101.375 E12.81343
G1 X76.103 Y101.702 E12.83199
G1 X76.23 Y102.065 E12.85049
G1 X76.277 Y102.534 E12.87316
G1 X76.333 Y102.651 E12.8794
G1 X77.35 Y103.669 E12.94861
G1 X77.487 Y103.725 E12.95573
G1 X92.513 Y103.725 E13.67843
G1 X92.526 Y103.72 E13.6791
G1 X92.839 Y103.471 F7800
G1 E11.6791 F2400
G92 E0
G1 X94.908 Y99.842 F7800
G1 E2 F2400
;TYPE:Solid infill
;WIDTH:0.572723
G1 F1537
G1 X94.863 Y99.797 E2.00403
G1 X94.802 Y99.813 E2.00803
G1 X94.785 Y99.875 E2.01211
G1 X94.83 Y99.92 E2.01614
G1 X94.892 Y99.903 E2.02022
;WIDTH:0.45
G1 X95.54 Y99.797 E2.0518
G1 X94.785 Y100.552 E2.10315
G1 X94.785 Y101.097 E2.12936
G1 X96.086 Y99.797 E2.21782
G1 X96.351 Y99.72 E2.23109
;WIDTH:0.404381
G1 X96.31 Y99.731 E2.23289
G1 X96.291 Y99.66 E2.23601
G1 X96.362 Y99.679 E2.23913
;WIDTH:0.45
G1 X96.215 Y100.214 E2.26582
G1 X94.785 Y101.643 E2.36305
G1 X94.785 Y102.188 E2.38926
G1 X96.215 Y100.759 E2.48649
G1 X96.215 Y101.304 E2.5127
G1 X94.758 Y102.761 E2.6118
G1 X94.573 Y102.855 E2.62178
;WIDTH:0.404381
G1 X94.585 Y103.033 E2.62935
G1 X94.337 Y103.331 E2.64579
G1 X93.32 Y104.347 E2.70675
G1 E.70675 F2400
G92 E0
G1 X74.957 Y101.939 F7800
G1 E2 F2400
;WIDTH:0.45
G1 F1537
G1 X75.145 Y102.176 E2.01455
G1 X75.233 Y102.715 E2.04082
G1 X75.334 Y103.04 E2.05719
G1 X75.589 Y103.406 E2.07864
G1 X76.594 Y104.412 E2.14703
G1 X76.957 Y104.663 E2.16826
G1 X77.497 Y104.785 E2.19489
G1 X92.509 Y104.785 E2.91692
G1 X92.786 Y104.732 E2.93048
G1 X91.441 Y106.078 E3.022
G1 X91.441 Y106.215 E3.02859
G1 X75.032 Y106.215 E3.81781
G1 X73.785 Y104.968 E3.90263
G1 X73.785 Y102.606 E4.01623
G1 X73.863 Y102.166 E4.03772
G1 X74.043 Y101.94 E4.05162
G1 X74.304 Y101.814 E4.06556
G1 X74.705 Y101.817 E4.08485
G1 X74.783 Y101.855 E4.08902
G1 X74.599 Y102.271 E4.1109
;WIDTH:0.587273
G1 X74.742 Y102.398 E4.12337
;WIDTH:0.601599
G1 X74.78 Y102.807 E4.15089
G1 X74.847 Y102.935 E4.16057
;WIDTH:0.563699
G1 X74.914 Y103.062 E4.16951
;WIDTH:0.525799
G1 X74.981 Y103.19 E4.17782
;WIDTH:0.487899
G1 X75.047 Y103.317 E4.18538
;WIDTH:0.45
G1 X75.316 Y103.679 E4.20707
G1 X76.321 Y104.685 E4.27546
G1 X76.74 Y104.982 E4.30016
;WIDTH:0.498548
G1 X76.948 Y105.065 E4.31229
;WIDTH:0.547096
G1 X77.156 Y105.148 E4.32577
;WIDTH:0.595645
G1 X77.364 Y105.23 E4.34058
G1 X77.497 Y105.239 E4.34941
;WIDTH:0.586119
G1 X91.638 Y105.239 E5.26962
G1 X91.12 Y105.761 E5.31748
G1 X77.497 Y105.761 E6.20398
G1 X77.288 Y105.784 E6.21766
;WIDTH:0.540746
G1 X77.079 Y105.806 E6.23015
;WIDTH:0.495373
G1 X76.87 Y105.829 E6.24145
;WIDTH:0.45
G1 X75.192 Y105.829 E6.32216
G1 X74.171 Y104.808 E6.39161
G1 X74.171 Y103.286 E6.46481
;WIDTH:0.48379
G1 X74.188 Y103.186 E6.47012
;WIDTH:0.517581
G1 X74.205 Y103.086 E6.47585
;WIDTH:0.551372
G1 X74.222 Y102.985 E6.48207
;WIDTH:0.587273
G1 X74.24 Y102.606 E6.50682
G1 X74.285 Y102.365 E6.52281
G1 X74.368 Y102.287 E6.53024
G1 X74.407 Y102.285 E6.53279
G1 X74.557 Y103.143 F7800
;WIDTH:0.45
G1 F1537
G1 X74.734 Y103.542 E6.55378
G1 X75.043 Y103.952 E6.57847
G1 X76.049 Y104.957 E6.64686
G1 X76.524 Y105.301 E6.67507
G1 X76.86 Y105.443 E6.69261
G1 X75.352 Y105.443 E6.76514
G1 X74.557 Y104.648 E6.81921
G1 X74.557 Y103.336 E6.88231
G1 X74.975 Y104.475 F7800
;WIDTH:0.515129
G1 F1537
G1 X75.525 Y105.025 E6.92604
G1 E4.92604 F2400
G92 E0
G1 X91.85 Y106.215 F7800
G1 E2 F2400
;WIDTH:0.45
G1 F1537
G1 X96.215 Y101.85 E2.2969
G1 X96.215 Y102.395 E2.32311
G1 X92.395 Y106.215 E2.58294
G1 X92.94 Y106.215 E2.60915
G1 X96.215 Y102.94 E2.83191
G1 X96.215 Y103.486 E2.85817
G1 X93.486 Y106.215 E3.04379
G1 X94.031 Y106.215 E3.07
G1 X96.215 Y104.031 E3.21855
G1 X96.242 Y104.511 E3.24167
;WIDTH:0.395513
G1 X96.242 Y104.979 E3.261
G1 X94.979 Y106.242 E3.33477
G1 X94.511 Y106.242 E3.3541
G1 X96.105 Y104.647 E3.44723
G1 E1.44723 F2400
G92 E0
G1 X96.391 Y98.898 F7800
G1 E2 F2400
;TYPE:Top solid infill
;WIDTH:0.404986
G1 F1537
G1 X95.853 Y99.436 E2.03232
G1 X95.371 Y99.436 E2.0528
G1 X96.24 Y98.568 E2.10498
G1 X96.24 Y98.086 E2.12546
G1 X94.889 Y99.436 E2.2066
G1 X94.76 Y99.436 E2.21208
G1 X94.76 Y99.084 E2.22703
G1 X96.24 Y97.604 E2.31595
G1 X96.24 Y97.123 E2.33638
G1 X94.76 Y98.602 E2.42527
G1 X94.76 Y98.12 E2.44575
G1 X96.24 Y96.641 E2.53464
G1 X96.24 Y96.159 E2.55512
G1 X94.76 Y97.638 E2.64401
G1 X94.76 Y97.157 E2.66444
G1 X96.24 Y95.678 E2.75333
G1 X96.24 Y95.377 E2.76612
G1 X95.99 Y95.446 E2.77714
G1 X94.76 Y96.675 E2.85101
G1 X94.76 Y96.193 E2.87149
G1 X95.461 Y95.493 E2.91358
G1 X95.023 Y95.449 E2.93228
G1 X94.609 Y95.863 E2.95715
G1 E.95715 F2400
G92 E0
G1 X96.391 Y90.096 F7800
G1 E2 F2400
;WIDTH:0.415954
G1 F1537
G1 X95.959 Y90.528 E2.02679
G1 X95.659 Y90.49 E2.04005
G1 X95.5 Y90.49 E2.04702
G1 X96.24 Y89.75 E2.09291
G1 X96.24 Y89.253 E2.1147
G1 X94.935 Y90.557 E2.1956
G1 X94.76 Y90.606 E2.20357
G1 X94.76 Y90.235 E2.21984
G1 X96.24 Y88.756 E2.31159
G1 X96.24 Y88.259 E2.33338
G1 X94.76 Y89.738 E2.42513
G1 X94.76 Y89.24 E2.44697
G1 X96.24 Y87.761 E2.53872
G1 X96.24 Y87.377 E2.55556
G1 X96.084 Y87.42 E2.56266
G1 X94.76 Y88.743 E2.64473
G1 X94.76 Y88.246 E2.66652
G1 X95.514 Y87.493 E2.71325
G1 X95.341 Y87.493 E2.72084
G1 X95.052 Y87.457 E2.73361
G1 X94.609 Y87.9 E2.76108
;LAYER_CHANGE
;Z:3.35
;HEIGHT:0.3
G1 E.76108 F2400
G92 E0
G1 Z3.35 F7800
G1 X92.878 Y104.421
G1 E2 F2400
;TYPE:Perimeter
;WIDTH:0.45
G1 F1057
G1 X92.896 Y104.417 E2.00089
G1 X93.195 Y104.214 E2.01827
G1 X94.214 Y103.195 E2.08758
G1 X94.417 Y102.896 E2.10496
G1 X94.496 Y102.513 E2.12377
G1 X94.496 Y98.646 E2.30976
G1 X96.504 Y98.646 E2.40634
G1 X96.504 Y99.65 E2.45463
G1 X96.504 Y105.087 E2.71613
G1 X95.087 Y106.504 E2.81251
G1 X74.913 Y106.504 E3.78281
G1 X73.496 Y105.087 E3.87919
G1 X73.503 Y102.45 E4.00602
G1 X73.596 Y102.039 E4.02629
G1 X73.859 Y101.709 E4.04659
G1 X74.13 Y101.565 E4.06135
G1 X74.54 Y101.501 E4.08131
G1 X74.961 Y101.596 E4.10207
G1 X75.291 Y101.859 E4.12237
G1 X75.437 Y102.134 E4.13735
G1 X75.51 Y102.612 E4.16061
G1 X75.604 Y102.94 E4.17702
G1 X75.787 Y103.196 E4.19216
G1 X76.805 Y104.214 E4.2614
G1 X77.104 Y104.417 E4.27878
G1 X77.487 Y104.496 E4.29759
G1 X92.513 Y104.496 E5.02029
G1 X92.819 Y104.433 E5.03532
G1 X92.732 Y104.065 F7800
G1 F1057
G1 X92.743 Y104.063 E5.03586
G1 X92.922 Y103.941 E5.04628
G1 X93.707 Y103.157 E5.09964
G1 X94.063 Y102.743 E5.1259
G1 X94.111 Y102.513 E5.1372
G1 X94.111 Y98.261 E5.34171
G1 X96.889 Y98.261 E5.47532
G1 X96.889 Y99.65 E5.54213
G1 X96.889 Y105.247 E5.81133
G1 X95.247 Y106.889 E5.92302
G1 X74.753 Y106.889 E6.90871
G1 X73.111 Y105.247 E7.0204
G1 X73.111 Y102.484 E7.15329
G1 X73.197 Y102.012 E7.17637
G1 X73.406 Y101.617 E7.19786
G1 X73.741 Y101.328 E7.21914
G1 X74.147 Y101.15 E7.24046
G1 X74.68 Y101.129 E7.26612
G1 X75.129 Y101.247 E7.28845
G1 X75.488 Y101.511 E7.30988
G1 X75.753 Y101.871 E7.33138
G1 X75.866 Y102.3 E7.35272
G1 X75.95 Y102.77 E7.37568
G1 X76.06 Y102.924 E7.38478
G1 X76.843 Y103.707 E7.43804
G1 X77.257 Y104.063 E7.4643
G1 X77.487 Y104.111 E7.4756
G1 X92.513 Y104.111 E8.1983
G1 X92.673 Y104.077 E8.20617
G1 X92.582 Y103.697 F7800
;TYPE:External perimeter
G1 F1057
G1 X92.65 Y103.669 E8.20971
G1 X93.669 Y102.65 E8.27902
G1 X93.725 Y102.513 E8.28614
G1 X93.725 Y97.875 E8.50921
G1 X97.275 Y97.875 E8.67995
G1 X97.275 Y99.65 E8.76532
G1 X97.275 Y105.407 E9.04221
G1 X95.407 Y107.275 E9.16927
G1 X74.593 Y107.275 E10.17035
G1 X72.725 Y105.407 E10.29741
G1 X72.725 Y102.713 E10.42698
G1 X72.77 Y102.066 E10.45817
G1 X72.897 Y101.702 E10.47671
G1 X73.102 Y101.375 E10.49527
G1 X73.375 Y101.102 E10.51384
G1 X73.702 Y100.897 E10.5324
G1 X74.064 Y100.77 E10.55085
G1 X74.371 Y100.742 E10.56568
G1 X74.934 Y100.77 E10.59279
G1 X75.298 Y100.897 E10.61133
G1 X75.625 Y101.102 E10.62989
G1 X75.898 Y101.375 E10.64846
G1 X76.103 Y101.702 E10.66702
G1 X76.23 Y102.065 E10.68552
G1 X76.277 Y102.534 E10.70819
G1 X76.333 Y102.651 E10.71443
G1 X77.35 Y103.669 E10.78364
G1 X77.487 Y103.725 E10.79076
G1 X92.513 Y103.725 E11.51346
G1 X92.526 Y103.72 E11.51413
G1 X92.839 Y103.471 F7800
G1 E9.51413 F2400
G92 E0
G1 X73.785 Y104.695 F7800
G1 E2 F2400
;TYPE:Solid infill
G1 F1057
G1 X75.305 Y106.215 E2.10339
G1 X74.993 Y106.311 E2.11909
;WIDTH:0.404381
G1 X73.689 Y105.007 E2.19729
G1 X73.785 Y104.15 F7800
;WIDTH:0.45
G1 F1057
G1 X75.85 Y106.215 E2.33775
G1 X76.396 Y106.215 E2.36401
G1 X73.785 Y103.604 E2.54161
G1 X73.785 Y103.059 E2.56782
G1 X76.941 Y106.215 E2.78249
G1 X77.487 Y106.215 E2.80875
G1 X73.786 Y102.514 E3.06049
G1 X73.906 Y102.089 E3.08173
G1 X78.032 Y106.215 E3.36238
G1 X78.294 Y106.286 E3.37544
;WIDTH:0.404381
G1 X78.274 Y106.358 E3.37861
G1 X78.346 Y106.339 E3.38177
G1 X78.335 Y106.297 E3.38361
G1 E1.38361 F2400
G92 E0
G1 X76.79 Y104.493 F7800
G1 E2 F2400
G1 F1057
G1 X76.639 Y104.367 E2.00834
G1 X75.634 Y103.361 E2.06864
G1 X75.505 Y103.211 E2.07703
;WIDTH:0.45
G1 X75.301 Y102.939 E2.09338
G1 X74.207 Y101.844 E2.16783
G1 X74.73 Y101.822 E2.19301
G1 X75.178 Y102.27 E2.22348
G1 E.22348 F2400
G92 E0
G1 X77.062 Y104.7 F7800
G1 E2 F2400
G1 F1057
G1 X78.577 Y106.215 E2.10305
G1 X79.123 Y106.215 E2.12931
G1 X77.693 Y104.785 E2.22658
G1 X92.509 Y104.785 E2.93918
G1 X92.97 Y104.695 E2.96177
G1 X93.406 Y104.412 E2.98677
G1 X94.412 Y103.406 E3.0552
G1 X94.665 Y103.039 E3.07664
G1 X94.785 Y102.509 E3.10278
G1 X94.785 Y98.935 E3.27468
G1 X96.215 Y98.935 E3.34346
G1 X96.215 Y104.968 E3.63363
G1 X94.968 Y106.215 E3.71845
G1 X79.532 Y106.215 E4.46087
G1 X79.532 Y106.078 E4.46746
G1 X78.375 Y104.922 E4.54612
G1 X79.334 Y105.239 F7800
;WIDTH:0.586121
G1 F1057
G1 X92.509 Y105.239 E5.40347
G1 X92.639 Y105.224 E5.41199
;WIDTH:0.583329
G1 X92.845 Y105.144 E5.42629
;WIDTH:0.538886
G1 X93.05 Y105.064 E5.43931
;WIDTH:0.494443
G1 X93.256 Y104.984 E5.45116
;WIDTH:0.45
G1 X93.679 Y104.685 E5.47607
G1 X94.685 Y103.679 E5.5445
G1 X94.984 Y103.256 E5.56941
;WIDTH:0.498512
G1 X95.066 Y103.051 E5.58137
;WIDTH:0.547024
G1 X95.148 Y102.846 E5.59466
;WIDTH:0.595537
G1 X95.23 Y102.64 E5.60935
G1 X95.239 Y102.509 E5.61805
;WIDTH:0.58612
G1 X95.239 Y99.389 E5.82108
G1 X95.761 Y99.389 E5.85505
G1 X95.761 Y102.509 E6.05808
G1 X95.784 Y102.714 E6.0715
;WIDTH:0.540746
G1 X95.806 Y102.919 E6.08375
;WIDTH:0.495373
G1 X95.829 Y103.125 E6.09489
;WIDTH:0.45
G1 X95.829 Y104.808 E6.17584
G1 X94.808 Y105.829 E6.24529
G1 X93.125 Y105.829 E6.32624
;WIDTH:0.495373
G1 X92.919 Y105.806 E6.33738
;WIDTH:0.540746
G1 X92.714 Y105.784 E6.34963
;WIDTH:0.58612
G1 X92.509 Y105.761 E6.36305
G1 X79.964 Y105.761 E7.17941
G1 X79.852 Y105.757 E7.1867
G1 X79.47 Y105.375 E7.22185
G1 E5.22185 F2400
G92 E0
G1 X93.141 Y105.443 F7800
G1 E2 F2400
;WIDTH:0.45
G1 F1057
G1 X93.473 Y105.303 E2.01733
G1 X93.951 Y104.957 E2.04571
G1 X94.957 Y103.951 E2.11414
G1 X95.303 Y103.473 E2.14252
G1 X95.443 Y103.141 E2.15985
G1 X95.443 Y104.648 E2.23233
G1 X94.648 Y105.443 E2.2864
G1 X93.334 Y105.443 E2.3496
G1 X94.475 Y105.025 F7800
;WIDTH:0.515129
G1 F1057
G1 X95.025 Y104.475 E2.39333
;LAYER_CHANGE
;Z:3.65
;HEIGHT:0.3
G1 E.39333 F2400
G92 E0
G1 Z3.65 F7800
G1 X92.878 Y104.421
G1 E2 F2400
;TYPE:Perimeter
;WIDTH:0.45
G1 F1039
G1 X92.896 Y104.417 E2.00089
G1 X93.195 Y104.214 E2.01827
G1 X94.214 Y103.195 E2.08758
G1 X94.417 Y102.896 E2.10496
G1 X94.496 Y102.513 E2.12377
G1 X94.496 Y98.946 E2.29533
G1 X96.504 Y98.946 E2.39191
G1 X96.504 Y99.95 E2.4402
G1 X96.504 Y105.087 E2.68727
G1 X95.087 Y106.504 E2.78365
G1 X74.913 Y106.504 E3.75395
G1 X73.496 Y105.087 E3.85033
G1 X73.503 Y102.45 E3.97716
G1 X73.596 Y102.039 E3.99743
G1 X73.87 Y101.703 E4.01828
G1 X74.128 Y101.565 E4.03235
G1 X74.54 Y101.501 E4.0524
G1 X74.961 Y101.596 E4.07316
G1 X75.291 Y101.859 E4.09346
G1 X75.437 Y102.134 E4.10844
G1 X75.51 Y102.612 E4.1317
G1 X75.604 Y102.94 E4.14811
G1 X75.787 Y103.196 E4.16325
G1 X76.805 Y104.214 E4.23249
G1 X77.104 Y104.417 E4.24987
G1 X77.487 Y104.496 E4.26868
G1 X92.513 Y104.496 E4.99138
G1 X92.819 Y104.433 E5.00641
G1 X92.732 Y104.065 F7800
G1 F1039
G1 X92.743 Y104.063 E5.00695
G1 X92.922 Y103.941 E5.01737
G1 X93.707 Y103.157 E5.07073
G1 X94.063 Y102.743 E5.09699
G1 X94.111 Y102.513 E5.10829
G1 X94.111 Y98.561 E5.29837
G1 X96.889 Y98.561 E5.43198
G1 X96.889 Y99.95 E5.49879
G1 X96.889 Y105.247 E5.75356
G1 X95.247 Y106.889 E5.86525
G1 X74.753 Y106.889 E6.85094
G1 X73.111 Y105.247 E6.96263
G1 X73.111 Y102.857 E7.07758
G1 X73.13 Y102.315 E7.10366
G1 X73.247 Y101.871 E7.12574
G1 X73.463 Y101.571 E7.14352
G1 X73.754 Y101.32 E7.162
G1 X74.147 Y101.15 E7.18259
G1 X74.68 Y101.129 E7.20825
G1 X75.129 Y101.247 E7.23058
G1 X75.488 Y101.511 E7.25201
G1 X75.753 Y101.871 E7.27351
G1 X75.866 Y102.3 E7.29485
G1 X75.95 Y102.77 E7.31781
G1 X76.06 Y102.924 E7.32691
G1 X76.843 Y103.707 E7.38017
G1 X77.257 Y104.063 E7.40643
G1 X77.487 Y104.111 E7.41773
G1 X92.513 Y104.111 E8.14043
G1 X92.673 Y104.077 E8.1483
G1 X92.582 Y103.697 F7800
;TYPE:External perimeter
G1 F1039
G1 X92.65 Y103.669 E8.15184
G1 X93.669 Y102.65 E8.22115
G1 X93.725 Y102.513 E8.22827
G1 X93.725 Y98.175 E8.43691
G1 X97.275 Y98.175 E8.60765
G1 X97.275 Y99.95 E8.69302
G1 X97.275 Y105.407 E8.95548
G1 X95.407 Y107.275 E9.08254
G1 X74.593 Y107.275 E10.08362
G1 X72.725 Y105.407 E10.21068
G1 X72.725 Y102.857 E10.33333
G1 X72.743 Y102.307 E10.3598
G1 X72.832 Y101.889 E10.38036
G1 X72.991 Y101.552 E10.39828
G1 X73.378 Y101.101 E10.42686
G1 X73.702 Y100.897 E10.44527
G1 X74.064 Y100.77 E10.46372
G1 X74.371 Y100.742 E10.47855
G1 X74.934 Y100.77 E10.50566
G1 X75.298 Y100.897 E10.5242
G1 X75.625 Y101.102 E10.54276
G1 X75.898 Y101.375 E10.56133
G1 X76.103 Y101.702 E10.57989
G1 X76.23 Y102.065 E10.59839
G1 X76.277 Y102.534 E10.62106
G1 X76.333 Y102.651 E10.6273
G1 X77.35 Y103.669 E10.69651
G1 X77.487 Y103.725 E10.70363
G1 X92.513 Y103.725 E11.42633
G1 X92.526 Y103.72 E11.427
G1 X92.839 Y103.471 F7800
G1 E9.427 F2400
G92 E0
G1 X94.785 Y99.235 F7800
G1 E2 F2400
;TYPE:Solid infill
G1 F1039
G1 X96.215 Y99.235 E2.06878
G1 X96.215 Y101.445 E2.17507
G1 X96.078 Y101.445 E2.18166
G1 X94.731 Y102.792 E2.27328
G1 X94.785 Y102.509 E2.28714
G1 X94.785 Y99.428 E2.43533
G1 X95.239 Y99.689 E2.46052
;WIDTH:0.58612
G1 X95.761 Y99.689 E2.49449
G1 X95.757 Y101.124 E2.58787
G1 X95.239 Y101.642 E2.63554
G1 X95.239 Y99.882 E2.75007
G1 E.75007 F2400
G92 E0
G1 X94.35 Y103.32 F7800
G1 E2 F2400
;WIDTH:0.404381
G1 F1039
G1 X93.321 Y104.349 E2.06171
G1 X92.509 Y104.785 F7800
;WIDTH:0.45
G1 F1039
G1 X92.792 Y104.731 E2.07557
G1 X91.445 Y106.078 E2.16719
G1 X91.445 Y106.215 E2.17378
G1 X75.032 Y106.215 E2.96319
G1 X73.785 Y104.968 E3.04801
G1 X73.785 Y102.606 E3.16161
G1 X73.863 Y102.167 E3.18306
G1 X74.054 Y101.933 E3.19759
G1 X74.294 Y101.817 E3.21041
G1 X74.696 Y101.814 E3.22975
G1 X74.957 Y101.94 E3.24369
G1 X75.145 Y102.176 E3.2582
G1 X75.233 Y102.715 E3.28447
G1 X75.334 Y103.04 E3.30084
G1 X75.589 Y103.406 E3.32229
G1 X76.594 Y104.412 E3.39068
G1 X76.957 Y104.663 E3.41191
G1 X77.497 Y104.785 E3.43854
G1 X92.316 Y104.785 E4.15128
G1 X91.854 Y106.215 F7800
G1 F1039
G1 X96.215 Y101.854 E4.44791
G1 X96.215 Y102.399 E4.47412
G1 X92.399 Y106.215 E4.73368
G1 X92.945 Y106.215 E4.75994
G1 X96.215 Y102.945 E4.98236
G1 X96.215 Y103.49 E5.00857
G1 X93.49 Y106.215 E5.19392
G1 X94.035 Y106.215 E5.22013
G1 X96.215 Y104.035 E5.36841
G1 X96.243 Y104.513 E5.39144
;WIDTH:0.393985
G1 X96.243 Y104.979 E5.4106
G1 X94.979 Y106.243 E5.48409
G1 X94.513 Y106.243 E5.50325
G1 X96.106 Y104.649 E5.59589
G1 E3.59589 F2400
G92 E0
G1 X91.642 Y105.239 F7800
G1 E2 F2400
;WIDTH:0.586119
G1 F1039
G1 X91.124 Y105.761 E2.04786
G1 X77.497 Y105.761 E2.93462
G1 X77.288 Y105.784 E2.9483
;WIDTH:0.540746
G1 X77.079 Y105.806 E2.96079
;WIDTH:0.495373
G1 X76.87 Y105.829 E2.97209
;WIDTH:0.45
G1 X75.192 Y105.829 E3.0528
G1 X74.171 Y104.808 E3.12225
G1 X74.171 Y103.286 E3.19545
;WIDTH:0.48379
G1 X74.188 Y103.186 E3.20076
;WIDTH:0.517581
G1 X74.205 Y103.086 E3.20649
;WIDTH:0.551372
G1 X74.222 Y102.985 E3.21271
;WIDTH:0.587273
G1 X74.264 Y102.466 E3.24667
G1 X74.342 Y102.299 E3.25869
G1 X74.594 Y102.269 E3.27524
G1 X74.742 Y102.398 E3.28804
;WIDTH:0.601599
G1 X74.78 Y102.807 E3.31556
G1 X74.847 Y102.935 E3.32524
;WIDTH:0.563699
G1 X74.914 Y103.062 E3.33418
;WIDTH:0.525799
G1 X74.981 Y103.19 E3.34249
;WIDTH:0.487899
G1 X75.047 Y103.317 E3.35005
;WIDTH:0.45
G1 X75.316 Y103.679 E3.37174
G1 X76.321 Y104.685 E3.44013
G1 X76.74 Y104.982 E3.46483
;WIDTH:0.498548
G1 X76.948 Y105.065 E3.47696
;WIDTH:0.547096
G1 X77.156 Y105.148 E3.49044
;WIDTH:0.595645
G1 X77.364 Y105.23 E3.50525
G1 X77.497 Y105.239 E3.51408
;WIDTH:0.586119
G1 X91.45 Y105.239 E4.42206
G1 E2.42206 F2400
G92 E0
G1 X74.557 Y103.336 F7800
G1 E2 F2400
;WIDTH:0.45
G1 F1039
G1 X74.557 Y104.648 E2.0631
G1 X75.352 Y105.443 E2.11717
G1 X76.86 Y105.443 E2.1897
G1 X76.524 Y105.301 E2.20724
G1 X76.049 Y104.957 E2.23545
G1 X75.043 Y103.952 E2.30384
G1 X74.734 Y103.542 E2.32853
G1 X74.557 Y103.143 E2.34952
G1 X74.975 Y104.475 F7800
;WIDTH:0.515129
G1 F1039
G1 X75.525 Y105.025 E2.39325
;LAYER_CHANGE
;Z:3.95
;HEIGHT:0.3
G1 E.39325 F2400
G92 E0
G1 Z3.95 F7800
G1 X92.878 Y104.421
G1 E2 F2400
;TYPE:Perimeter
;WIDTH:0.45
G1 F1114
G1 X92.896 Y104.417 E2.00089
G1 X93.195 Y104.214 E2.01827
G1 X94.214 Y103.195 E2.08758
G1 X94.417 Y102.896 E2.10496
G1 X94.496 Y102.513 E2.12377
G1 X94.496 Y99.246 E2.2809
G1 X96.504 Y99.246 E2.37748
G1 X96.504 Y100.25 E2.42577
G1 X96.504 Y105.087 E2.65841
G1 X95.087 Y106.504 E2.75479
G1 X74.913 Y106.504 E3.72509
G1 X73.496 Y105.087 E3.82147
G1 X73.503 Y102.45 E3.9483
G1 X73.596 Y102.039 E3.96857
G1 X73.859 Y101.709 E3.98887
G1 X74.13 Y101.565 E4.00363
G1 X74.54 Y101.501 E4.02359
G1 X74.961 Y101.596 E4.04435
G1 X75.291 Y101.859 E4.06465
G1 X75.437 Y102.134 E4.07963
G1 X75.51 Y102.612 E4.10289
G1 X75.604 Y102.94 E4.1193
G1 X75.787 Y103.196 E4.13444
G1 X76.805 Y104.214 E4.20368
G1 X77.104 Y104.417 E4.22106
G1 X77.487 Y104.496 E4.23987
G1 X92.513 Y104.496 E4.96257
G1 X92.819 Y104.433 E4.9776
G1 X92.732 Y104.065 F7800
G1 F1114
G1 X92.743 Y104.063 E4.97814
G1 X92.922 Y103.941 E4.98856
G1 X93.707 Y103.157 E5.04192
G1 X94.063 Y102.743 E5.06818
G1 X94.111 Y102.513 E5.07948
G1 X94.111 Y98.861 E5.25513
G1 X96.889 Y98.861 E5.38874
G1 X96.889 Y100.25 E5.45555
G1 X96.889 Y105.247 E5.69589
G1 X95.247 Y106.889 E5.80758
G1 X74.753 Y106.889 E6.79327
G1 X73.111 Y105.247 E6.90496
G1 X73.111 Y102.484 E7.03785
G1 X73.197 Y102.012 E7.06093
G1 X73.406 Y101.617 E7.08242
G1 X73.741 Y101.328 E7.1037
G1 X74.147 Y101.15 E7.12502
G1 X74.68 Y101.129 E7.15068
G1 X75.129 Y101.247 E7.17301
G1 X75.488 Y101.511 E7.19444
G1 X75.753 Y101.871 E7.21594
G1 X75.866 Y102.3 E7.23728
G1 X75.95 Y102.77 E7.26024
G1 X76.06 Y102.924 E7.26934
G1 X76.843 Y103.707 E7.3226
G1 X77.257 Y104.063 E7.34886
G1 X77.487 Y104.111 E7.36016
G1 X92.513 Y104.111 E8.08286
G1 X92.673 Y104.077 E8.09073
G1 X92.582 Y103.697 F7800
;TYPE:External perimeter
G1 F1114
G1 X92.65 Y103.669 E8.09427
G1 X93.669 Y102.65 E8.16358
G1 X93.725 Y102.513 E8.1707
G1 X93.725 Y98.475 E8.36491
G1 X97.275 Y98.475 E8.53565
G1 X97.275 Y100.25 E8.62102
G1 X97.275 Y105.407 E8.86905
G1 X95.407 Y107.275 E8.99611
G1 X74.593 Y107.275 E9.99719
G1 X72.725 Y105.407 E10.12425
G1 X72.725 Y102.713 E10.25382
G1 X72.77 Y102.066 E10.28501
G1 X72.897 Y101.702 E10.30355
G1 X73.102 Y101.375 E10.32211
G1 X73.375 Y101.102 E10.34068
G1 X73.702 Y100.897 E10.35924
G1 X74.064 Y100.77 E10.37769
G1 X74.371 Y100.742 E10.39252
G1 X74.934 Y100.77 E10.41963
G1 X75.298 Y100.897 E10.43817
G1 X75.625 Y101.102 E10.45673
G1 X75.898 Y101.375 E10.4753
G1 X76.103 Y101.702 E10.49386
G1 X76.23 Y102.065 E10.51236
G1 X76.277 Y102.534 E10.53503
G1 X76.333 Y102.651 E10.54127
G1 X77.35 Y103.669 E10.61048
G1 X77.487 Y103.725 E10.6176
G1 X92.513 Y103.725 E11.3403
G1 X92.526 Y103.72 E11.34097
G1 X92.839 Y103.471 F7800
G1 E9.34097 F2400
G92 E0
G1 X96.391 Y100.039 F7800
G1 E2 F2400
;TYPE:Top solid infill
;WIDTH:0.400486
G1 F1114
G1 X95.862 Y99.51 E2.03136
G1 X95.387 Y99.51 E2.05127
G1 X96.24 Y100.363 E2.10184
G1 X96.24 Y100.839 E2.12179
G1 X94.911 Y99.51 E2.20058
G1 X94.76 Y99.51 E2.20691
G1 X94.76 Y99.835 E2.22053
G1 X96.24 Y101.314 E2.30824
G1 X96.24 Y101.789 E2.32815
G1 X94.76 Y100.31 E2.41586
G1 X94.76 Y100.785 E2.43577
G1 X96.24 Y102.265 E2.52351
G1 X96.24 Y102.74 E2.54342
G1 X94.76 Y101.261 E2.63113
G1 X94.76 Y101.736 E2.65104
G1 X96.24 Y103.215 E2.73875
G1 X96.24 Y103.69 E2.75866
G1 X94.76 Y102.211 E2.84637
G1 X94.747 Y102.673 E2.86575
G1 X96.24 Y104.166 E2.95426
G1 X96.24 Y104.641 E2.97417
G1 X94.636 Y103.038 E3.06923
G1 X94.444 Y103.321 E3.08357
G1 X96.17 Y105.047 E3.1859
G1 X95.933 Y105.285 E3.19998
G1 X94.215 Y103.567 E3.30183
G1 X93.977 Y103.805 E3.31594
G1 X95.695 Y105.523 E3.41779
G1 X95.457 Y105.76 E3.43187
G1 X93.74 Y104.043 E3.53366
G1 X93.502 Y104.28 E3.54774
G1 X95.22 Y105.998 E3.64959
G1 X94.982 Y106.235 E3.66367
G1 X93.243 Y104.497 E3.76674
G1 X93.004 Y104.659 E3.77884
G1 X92.947 Y104.676 E3.78133
G1 X94.511 Y106.24 E3.87405
G1 X94.035 Y106.24 E3.894
G1 X92.553 Y104.757 E3.98189
G1 X92.081 Y104.76 E4.00168
G1 X93.56 Y106.24 E4.08939
G1 X93.085 Y106.24 E4.1093
G1 X91.606 Y104.76 E4.19701
G1 X91.13 Y104.76 E4.21696
G1 X92.609 Y106.24 E4.30467
G1 X92.134 Y106.24 E4.32458
G1 X90.655 Y104.76 E4.41229
G1 X90.18 Y104.76 E4.4322
G1 X91.659 Y106.24 E4.51991
G1 X91.183 Y106.24 E4.53986
G1 X89.704 Y104.76 E4.62757
G1 X89.229 Y104.76 E4.64748
G1 X90.708 Y106.24 E4.73519
G1 X90.233 Y106.24 E4.7551
G1 X88.754 Y104.76 E4.84281
G1 X88.278 Y104.76 E4.86276
G1 X89.757 Y106.24 E4.95047
G1 X89.282 Y106.24 E4.97038
G1 X87.803 Y104.76 E5.05809
G1 X87.328 Y104.76 E5.078
G1 X88.807 Y106.24 E5.16571
G1 X88.331 Y106.24 E5.18566
G1 X86.852 Y104.76 E5.27337
G1 X86.377 Y104.76 E5.29328
G1 X87.856 Y106.24 E5.38099
G1 X87.381 Y106.24 E5.4009
G1 X85.902 Y104.76 E5.48861
G1 X85.426 Y104.76 E5.50856
G1 X86.906 Y106.24 E5.5963
G1 X86.43 Y106.24 E5.61625
G1 X84.951 Y104.76 E5.70396
G1 X84.476 Y104.76 E5.72387
G1 X85.955 Y106.24 E5.81158
G1 X85.48 Y106.24 E5.83149
G1 X84 Y104.76 E5.91923
G1 X83.525 Y104.76 E5.93914
G1 X85.004 Y106.24 E6.02685
G1 X84.529 Y106.24 E6.04676
G1 X83.05 Y104.76 E6.13447
G1 X82.574 Y104.76 E6.15442
G1 X84.054 Y106.24 E6.24216
G1 X83.578 Y106.24 E6.26211
G1 X82.099 Y104.76 E6.34982
G1 X81.624 Y104.76 E6.36973
G1 X83.103 Y106.24 E6.45744
G1 X82.628 Y106.24 E6.47735
G1 X81.148 Y104.76 E6.56509
G1 X80.673 Y104.76 E6.585
G1 X82.152 Y106.24 E6.67271
G1 X81.677 Y106.24 E6.69262
G1 X80.198 Y104.76 E6.78033
G1 X79.723 Y104.76 E6.80024
G1 X81.202 Y106.24 E6.88795
G1 X80.726 Y106.24 E6.9079
G1 X79.247 Y104.76 E6.99561
G1 X78.772 Y104.76 E7.01552
G1 X80.251 Y106.24 E7.10323
G1 X79.776 Y106.24 E7.12314
G1 X78.297 Y104.76 E7.21085
G1 X77.821 Y104.76 E7.2308
G1 X79.3 Y106.24 E7.31851
G1 X78.825 Y106.24 E7.33842
G1 X77.311 Y104.726 E7.42818
G1 X76.999 Y104.661 E7.44154
G1 X76.623 Y104.405 E7.46061
G1 X75.596 Y103.379 E7.52147
G1 X75.366 Y103.057 E7.53806
G1 X75.253 Y102.667 E7.55508
G1 X74.368 Y101.782 E7.60755
G1 X74.286 Y101.79 E7.611
G1 X74.154 Y101.836 E7.61686
G1 X74.026 Y101.916 E7.62319
G1 X78.35 Y106.24 E7.87954
G1 X77.874 Y106.24 E7.89949
G1 X73.824 Y102.189 E8.13962
G1 X73.786 Y102.298 E8.14446
G1 X73.76 Y102.601 E8.15721
G1 X77.399 Y106.24 E8.37295
G1 X76.924 Y106.24 E8.39286
G1 X73.76 Y103.076 E8.58044
G1 X73.76 Y103.552 E8.60039
G1 X76.448 Y106.24 E8.75975
G1 X75.973 Y106.24 E8.77966
G1 X73.76 Y104.027 E8.91086
G1 X73.76 Y104.502 E8.93077
G1 X75.498 Y106.24 E9.03381
G1 X75.022 Y106.24 E9.05376
G1 X73.609 Y104.827 E9.13753
G1 E7.13753 F2400
G92 E0
M107
;TYPE:Custom
; Filament-specific end gcode
M104 S0 ; turn off temperature
G28 X0  ; home X axis
M84     ; disable motors
; objects_info = {"objects":[]}
; filament used [mm] = 289.35
; filament used [cm3] = 0.70
; filament used [g] = 0.98
; filament cost = 0.03
; total filament used [g] = 0.98
; total filament cost = 0.03
; total filament used for wipe tower [g] = 0.00
; estimated printing time (normal mode) = 4m 50s
; estimated first layer printing time (normal mode) = 28s

; prusaslicer_config = begin
; arc_fitting = disabled
; autoemit_temperature_commands = 1
; automatic_extrusion_widths = 0
; automatic_infill_combination = 0
; automatic_infill_combination_max_layer_height = 100%
; avoid_crossing_curled_overhangs = 0
; avoid_crossing_perimeters = 0
; avoid_crossing_perimeters_max_detour = 0
; bed_custom_model = 
; bed_custom_texture = 
; bed_shape = 0x0,170x0,170x190,0x190
; bed_temperature = 87
; bed_temperature_extruder = 0
; before_layer_gcode = 
; between_objects_gcode = 
; binary_gcode = 0
; bottom_fill_pattern = monotonic
; bottom_solid_layers = 3
; bottom_solid_min_thickness = 0
; bridge_acceleration = 0
; bridge_angle = 0
; bridge_fan_speed = 50
; bridge_flow_ratio = 1
; bridge_speed = 60
; brim_separation = 0
; brim_type = outer_only
; brim_width = 0
; chamber_minimal_temperature = 0
; chamber_temperature = 0
; color_change_gcode = M600
; colorprint_heights = 
; compatible_printers_condition_cummulative = ;"printer_notes!~/.*NO_TEMPLATES.*/ and printer_notes!~/.*PRINTER_VENDOR_TRILAB.*/ and printer_notes!~/.*PRINTER_MODEL_MK4IS.*/ and ! (printer_notes=~/.*PRINTER_VENDOR_PRUSA3D.*/ and num_extruders>1)"
; complete_objects = 0
; cooling = 1
; cooling_perimeter_transition_distance = 0
; cooling_slowdown_logic = uniform_cooling
; cooling_tube_length = 5
; cooling_tube_retraction = 91.5
; custom_parameters_filament = ""
; custom_parameters_print = 
; custom_parameters_printer = 
; default_acceleration = 0
; default_filament_profile = 
; default_print_profile = 
; deretract_speed = 0
; disable_fan_first_layers = 3
; dont_support_bridges = 1
; draft_shield = disabled
; duplicate_distance = 6
; elefant_foot_compensation = 0
; enable_dynamic_fan_speeds = 0
; enable_dynamic_overhang_speeds = 0
; end_filament_gcode = "; Filament-specific end gcode"
; end_gcode = M104 S0 ; turn off temperature\nG28 X0  ; home X axis\nM84     ; disable motors\n
; ensure_vertical_shell_thickness = enabled
; external_perimeter_acceleration = 0
; external_perimeter_extrusion_width = 0.45
; external_perimeter_speed = 50%
; external_perimeters_first = 0
; extra_loading_move = -2
; extra_perimeters = 1
; extra_perimeters_on_overhangs = 0
; extruder_clearance_height = 20
; extruder_clearance_radius = 20
; extruder_colour = ""
; extruder_offset = 0x0
; extrusion_axis = E
; extrusion_multiplier = 1
; extrusion_width = 0.45
; fan_always_on = 1
; fan_below_layer_time = 20
; filament_abrasive = 0
; filament_colour = #FF8000
; filament_cooling_final_speed = 2
; filament_cooling_initial_speed = 3
; filament_cooling_moves = 1
; filament_cost = 29.99
; filament_density = 1.41
; filament_deretract_speed = nil
; filament_diameter = 1.75
; filament_infill_max_crossing_speed = 0
; filament_infill_max_speed = 0
; filament_load_time = 0
; filament_loading_speed = 14
; filament_loading_speed_start = 19
; filament_max_volumetric_speed = 0
; filament_minimal_purge_on_wipe_tower = 0
; filament_multitool_ramming = 0
; filament_multitool_ramming_flow = 10
; filament_multitool_ramming_volume = 10
; filament_notes = https://www.extrudr.com/en/products/catalogue/?material=199
; filament_purge_multiplier = 100%
; filament_ramming_parameters = "130 120 2.70968 2.93548 3.32258 3.83871 4.58065 5.54839 6.51613 7.35484 7.93548 8.16129| 0.05 2.66451 0.45 3.05805 0.95 4.05807 1.45 5.97742 1.95 7.69999 2.45 8.1936 2.95 11.342 3.45 11.4065 3.95 7.6 4.45 7.6 4.95 7.6"
; filament_retract_before_travel = nil
; filament_retract_before_wipe = nil
; filament_retract_layer_change = nil
; filament_retract_length = nil
; filament_retract_length_toolchange = nil
; filament_retract_lift = nil
; filament_retract_lift_above = nil
; filament_retract_lift_below = nil
; filament_retract_restart_extra = nil
; filament_retract_restart_extra_toolchange = nil
; filament_retract_speed = nil
; filament_seam_gap_distance = nil
; filament_settings_id = "Extrudr XPETG Matt @Sparkcube"
; filament_shrinkage_compensation_xy = 0%
; filament_shrinkage_compensation_z = 0%
; filament_soluble = 0
; filament_spool_weight = 262
; filament_stamping_distance = 0
; filament_stamping_loading_speed = 20
; filament_toolchange_delay = 0
; filament_travel_lift_before_obstacle = nil
; filament_travel_max_lift = nil
; filament_travel_ramping_lift = nil
; filament_travel_slope = nil
; filament_type = PETG
; filament_unload_time = 0
; filament_unloading_speed = 20
; filament_unloading_speed_start = 100
; filament_vendor = Extrudr
; filament_wipe = nil
; fill_angle = 45
; fill_density = 20%
; fill_pattern = stars
; first_layer_acceleration = 0
; first_layer_acceleration_over_raft = 0
; first_layer_bed_temperature = 87
; first_layer_extrusion_width = 0.42
; first_layer_height = 0.35
; first_layer_infill_speed = 0
; first_layer_speed = 30
; first_layer_speed_over_raft = 30
; first_layer_temperature = 230
; full_fan_speed_layer = 0
; fuzzy_skin = none
; fuzzy_skin_point_dist = 0.8
; fuzzy_skin_thickness = 0.3
; gap_fill_enabled = 1
; gap_fill_speed = 20
; gcode_comments = 0
; gcode_flavor = klipper
; gcode_label_objects = disabled
; gcode_resolution = 0.0125
; gcode_substitutions = 
; high_current_on_filament_swap = 0
; host_type = prusalink
; idle_temperature = nil
; infill_acceleration = 0
; infill_anchor = 600%
; infill_anchor_max = 50
; infill_every_layers = 1
; infill_extruder = 1
; infill_extrusion_width = 0.45
; infill_first = 0
; infill_overlap = 25%
; infill_speed = 70
; inherits_cummulative = ;"Extrudr XPETG Matt @Template";
; interface_shells = 0
; interlocking_beam = 0
; interlocking_beam_layer_count = 2
; interlocking_beam_width = 0.8
; interlocking_boundary_avoidance = 2
; interlocking_depth = 2
; interlocking_orientation = 22.5
; ironing = 0
; ironing_flowrate = 15%
; ironing_spacing = 0.1
; ironing_speed = 15
; ironing_type = top
; layer_gcode = 
; layer_height = 0.3
; machine_limits_usage = time_estimate_only
; machine_max_acceleration_e = 10000,5000
; machine_max_acceleration_extruding = 1500,1250
; machine_max_acceleration_retracting = 1500,1250
; machine_max_acceleration_travel = 1500,1250
; machine_max_acceleration_x = 9000,1000
; machine_max_acceleration_y = 9000,1000
; machine_max_acceleration_z = 500,200
; machine_max_feedrate_e = 120,120
; machine_max_feedrate_x = 500,200
; machine_max_feedrate_y = 500,200
; machine_max_feedrate_z = 12,12
; machine_max_jerk_e = 2.5,2.5
; machine_max_jerk_x = 10,10
; machine_max_jerk_y = 10,10
; machine_max_jerk_z = 0.2,0.4
; machine_min_extruding_rate = 0,0
; machine_min_travel_rate = 0,0
; max_fan_speed = 50
; max_layer_height = 0
; max_print_height = 170
; max_print_speed = 80
; max_volumetric_extrusion_rate_slope_negative = 0
; max_volumetric_extrusion_rate_slope_positive = 0
; max_volumetric_speed = 0
; min_bead_width = 85%
; min_fan_speed = 30
; min_feature_size = 25%
; min_layer_height = 0.07
; min_print_speed = 10
; min_skirt_length = 0
; mmu_segmented_region_interlocking_depth = 0
; mmu_segmented_region_max_width = 0
; multimaterial_purging = 140
; notes = 
; nozzle_diameter = 0.4
; nozzle_high_flow = 0
; only_one_perimeter_first_layer = 0
; only_retract_when_crossing_perimeters = 0
; ooze_prevention = 0
; output_filename_format = [input_filename_base].gcode
; over_bridge_speed = 0
; overhang_fan_speed_0 = 0
; overhang_fan_speed_1 = 0
; overhang_fan_speed_2 = 0
; overhang_fan_speed_3 = 0
; overhang_speed_0 = 15
; overhang_speed_1 = 15
; overhang_speed_2 = 20
; overhang_speed_3 = 25
; overhangs = 1
; parking_pos_retraction = 92
; pause_print_gcode = M601
; perimeter_acceleration = 0
; perimeter_extruder = 1
; perimeter_extrusion_width = 0.45
; perimeter_generator = arachne
; perimeter_speed = 60
; perimeters = 3
; physical_printer_settings_id = 
; post_process = 
; prefer_clockwise_movements = 0
; print_settings_id = Sparkcube default
; printer_model = 
; printer_notes = 
; printer_settings_id = Sparkcube
; printer_technology = FFF
; printer_variant = 
; printer_vendor = 
; raft_contact_distance = 0.1
; raft_expansion = 1.5
; raft_first_layer_density = 90%
; raft_first_layer_expansion = 3
; raft_layers = 0
; remaining_times = 0
; resolution = 0
; retract_before_travel = 2
; retract_before_wipe = 0%
; retract_layer_change = 0
; retract_length = 2
; retract_length_toolchange = 10
; retract_lift = 0
; retract_lift_above = 0
; retract_lift_below = 0
; retract_restart_extra = 0
; retract_restart_extra_toolchange = 0
; retract_speed = 40
; scarf_seam_entire_loop = 0
; scarf_seam_length = 20
; scarf_seam_max_segment_length = 1
; scarf_seam_on_inner_perimeters = 0
; scarf_seam_only_on_smooth = 1
; scarf_seam_placement = nowhere
; scarf_seam_start_height = 0%
; seam_gap_distance = 15%
; seam_position = aligned
; silent_mode = 1
; single_extruder_multi_material = 0
; single_extruder_multi_material_priming = 1
; skirt_distance = 6
; skirt_height = 1
; skirts = 1
; slice_closing_radius = 0.049
; slicing_mode = regular
; slowdown_below_layer_time = 20
; small_perimeter_speed = 30
; solid_infill_acceleration = 0
; solid_infill_below_area = 70
; solid_infill_every_layers = 0
; solid_infill_extruder = 1
; solid_infill_extrusion_width = 0.45
; solid_infill_speed = 50
; spiral_vase = 0
; staggered_inner_seams = 0
; standby_temperature_delta = -5
; start_filament_gcode = "; Filament gcode\n"
; start_gcode = G28 ; home all axes\nG1 Z5 F5000 ; lift nozzle\n
; support_material = 0
; support_material_angle = 0
; support_material_auto = 1
; support_material_bottom_contact_distance = 0
; support_material_bottom_interface_layers = -1
; support_material_buildplate_only = 0
; support_material_closing_radius = 2
; support_material_contact_distance = 0.2
; support_material_enforce_layers = 0
; support_material_extruder = 1
; support_material_extrusion_width = 0.35
; support_material_interface_contact_loops = 0
; support_material_interface_extruder = 1
; support_material_interface_layers = 3
; support_material_interface_pattern = rectilinear
; support_material_interface_spacing = 0
; support_material_interface_speed = 100%
; support_material_pattern = rectilinear
; support_material_spacing = 2.5
; support_material_speed = 60
; support_material_style = grid
; support_material_synchronize_layers = 0
; support_material_threshold = 0
; support_material_with_sheath = 1
; support_material_xy_spacing = 50%
; support_tree_angle = 40
; support_tree_angle_slow = 25
; support_tree_branch_diameter = 2
; support_tree_branch_diameter_angle = 5
; support_tree_branch_diameter_double_wall = 3
; support_tree_branch_distance = 1
; support_tree_tip_diameter = 0.8
; support_tree_top_rate = 15%
; temperature = 230
; template_custom_gcode = 
; thick_bridges = 1
; thin_walls = 1
; thumbnails = 
; thumbnails_format = PNG
; toolchange_gcode = 
; top_fill_pattern = monotonic
; top_infill_extrusion_width = 0.4
; top_one_perimeter_type = none
; top_solid_infill_acceleration = 0
; top_solid_infill_speed = 40
; top_solid_layers = 3
; top_solid_min_thickness = 0
; travel_acceleration = 0
; travel_lift_before_obstacle = 0
; travel_max_lift = 0
; travel_ramping_lift = 0
; travel_short_distance_acceleration = 0
; travel_slope = 0
; travel_speed = 130
; travel_speed_z = 0
; use_firmware_retraction = 0
; use_relative_e_distances = 0
; use_volumetric_e = 0
; variable_layer_height = 1
; wall_distribution_count = 1
; wall_transition_angle = 10
; wall_transition_filter_deviation = 25%
; wall_transition_length = 100%
; wipe = 0
; wipe_into_infill = 0
; wipe_into_objects = 0
; wipe_tower = 0
; wipe_tower_acceleration = 0
; wipe_tower_bridging = 10
; wipe_tower_brim_width = 2
; wipe_tower_cone_angle = 0
; wipe_tower_extra_flow = 100%
; wipe_tower_extra_spacing = 100%
; wipe_tower_extruder = 0
; wipe_tower_no_sparse_layers = 0
; wipe_tower_width = 60
; wiping_volumes_matrix = 0
; wiping_volumes_use_custom_matrix = 0
; xy_size_compensation = 0
; z_offset = 0
; prusaslicer_config = end
