; generated by PrusaSlicer 2.9.3 on 2026-02-02 at 15:11:43 UTC

; 

; external perimeters extrusion width = 0.45mm
; perimeters extrusion width = 0.45mm
; infill extrusion width = 0.45mm
; solid infill extrusion width = 0.45mm
; top infill extrusion width = 0.40mm
; first layer extrusion width = 0.42mm

M190 S87 ; set bed temperature and wait for it to be reached
M104 S230 ; set temperature
;TYPE:Custom
G28 ; home all axes
G1 Z5 F5000 ; lift nozzle
M109 S230 ; set temperature and wait for it to be reached
G21 ; set units to millimeters
G90 ; use absolute coordinates
M82 ; use absolute distances for extrusion
G92 E0
; Filament gcode
M107
;LAYER_CHANGE
;Z:0.35
;HEIGHT:0.35
G1 E-2 F2400
G92 E0
G1 Z.35 F7800
G1 X64.864 Y75.425
G1 E2 F2400
;TYPE:Skirt/Brim
;WIDTH:0.42
G1 F1800
G1 X66.599 Y74.052 E2.11104
G1 X69.5 Y73.328 E2.26109
G1 X100.5 Y73.328 E3.81685
G1 X102.677 Y73.724 E3.9279
G1 X104.575 Y74.864 E4.03901
G1 X105.948 Y76.599 E4.15005
G1 X106.672 Y79.5 E4.3001
G1 X106.672 Y110.5 E5.85586
G1 X106.276 Y112.677 E5.96691
G1 X105.136 Y114.575 E6.07802
G1 X103.401 Y115.948 E6.18906
G1 X100.5 Y116.672 E6.33911
G1 X69.5 Y116.672 E7.89487
G1 X67.323 Y116.276 E8.00592
G1 X65.425 Y115.136 E8.11703
G1 X64.052 Y113.401 E8.22807
G1 X63.328 Y110.5 E8.37812
G1 X63.328 Y79.5 E9.93388
G1 X63.724 Y77.323 E10.04493
G1 X64.833 Y75.477 E10.15301
G1 E8.15301 F2400
G92 E0
G92 E0
G1 X74.355 Y84.351 F7800
G1 E2 F2400
;TYPE:Perimeter
;WIDTH:0.42
G1 F1800
G1 X74.52 Y84.222 E2.01051
G1 X74.813 Y84.113 E2.0262
G1 X74.962 Y84.1 E2.03371
G1 X95.038 Y84.1 E3.04124
G1 X95.271 Y84.132 E3.05304
G1 X95.48 Y84.222 E3.06446
G1 X95.647 Y84.353 E3.07511
G1 X95.778 Y84.52 E3.08576
G1 X95.868 Y84.729 E3.09718
G1 X95.9 Y84.962 E3.10898
G1 X95.9 Y105.038 E4.11651
G1 X95.868 Y105.271 E4.12831
G1 X95.778 Y105.48 E4.13973
G1 X95.647 Y105.647 E4.15038
G1 X95.48 Y105.778 E4.16103
G1 X95.187 Y105.887 E4.17672
G1 X95.038 Y105.9 E4.18423
G1 X74.962 Y105.9 E5.19176
G1 X74.729 Y105.868 E5.20356
G1 X74.52 Y105.778 E5.21498
G1 X74.353 Y105.647 E5.22563
G1 X74.222 Y105.48 E5.23628
G1 X74.113 Y105.187 E5.25197
G1 X74.1 Y105.038 E5.25948
G1 X74.1 Y84.962 E6.26701
G1 X74.132 Y84.729 E6.27881
G1 X74.222 Y84.52 E6.29023
G1 X74.317 Y84.398 E6.29799
G1 X74.608 Y84.608 F7800
G1 F1800
G1 X74.697 Y84.518 E6.30434
G1 X74.962 Y84.445 E6.31813
G1 X95.038 Y84.445 E7.32566
G1 X95.303 Y84.518 E7.33945
G1 X95.482 Y84.697 E7.35215
G1 X95.555 Y84.962 E7.36594
G1 X95.555 Y105.038 E8.37347
G1 X95.482 Y105.303 E8.38726
G1 X95.303 Y105.482 E8.39996
G1 X95.038 Y105.555 E8.41375
G1 X74.962 Y105.555 E9.42128
G1 X74.697 Y105.482 E9.43507
G1 X74.518 Y105.303 E9.44777
G1 X74.445 Y105.038 E9.46156
G1 X74.445 Y84.962 E10.46909
G1 X74.518 Y84.697 E10.48288
G1 X74.565 Y84.65 E10.48622
G1 X74.847 Y84.838 F7800
;TYPE:External perimeter
G1 F1800
G1 X74.962 Y84.79 E10.49247
G1 X95.038 Y84.79 E11.5
G1 X95.159 Y84.841 E11.50659
G1 X95.21 Y84.962 E11.51318
G1 X95.21 Y105.038 E12.52071
G1 X95.159 Y105.159 E12.5273
G1 X95.038 Y105.21 E12.53389
G1 X74.962 Y105.21 E13.54142
G1 X74.841 Y105.159 E13.54801
G1 X74.79 Y105.038 E13.5546
G1 X74.79 Y84.962 E14.56213
G1 X74.82 Y84.89 E14.56604
G1 X75.209 Y84.797 F7800
G1 E12.56604 F2400
G92 E0
G1 X70.4 Y80.4 F7800
G1 E2 F2400
;TYPE:Perimeter
G1 F1800
G1 X99.6 Y80.4 E3.46543
G1 X99.6 Y82.715 E3.58161
G1 X99.6 Y109.6 E4.93086
G1 X70.4 Y109.6 E6.39629
G1 X70.4 Y80.46 E7.85871
G1 X70.055 Y80.055 F7800
G1 F1800
G1 X99.945 Y80.055 E9.35877
G1 X99.945 Y82.715 E9.49226
G1 X99.945 Y109.945 E10.85882
G1 X70.055 Y109.945 E12.35888
G1 X70.055 Y80.115 E13.85592
G1 X69.71 Y79.71 F7800
;TYPE:External perimeter
G1 F1800
G1 X100.29 Y79.71 E15.3906
G1 X100.29 Y82.715 E15.54141
G1 X100.29 Y110.29 E16.92529
G1 X69.71 Y110.29 E18.45997
G1 X69.71 Y79.77 E19.99164
G1 X70.106 Y79.711 F7800
G1 E17.99164 F2400
G92 E0
G1 X99.497 Y81.201 F7800
G1 E2 F2400
;TYPE:Solid infill
;WIDTH:0.420084
G1 F1800
G1 X98.955 Y80.658 E2.03851
G1 X98.467 Y80.658 E2.06301
G1 X99.342 Y81.533 E2.12513
G1 X99.342 Y82.021 E2.14963
G1 X97.979 Y80.658 E2.24639
G1 X97.491 Y80.658 E2.27089
G1 X99.342 Y82.509 E2.40229
G1 X99.342 Y82.997 E2.42679
G1 X97.003 Y80.658 E2.59284
G1 X96.515 Y80.658 E2.61734
G1 X99.342 Y83.485 E2.81803
G1 X99.342 Y83.973 E2.84253
G1 X96.027 Y80.658 E3.07786
G1 X95.54 Y80.658 E3.10231
G1 X99.342 Y84.46 E3.37222
G1 X99.342 Y84.948 E3.39672
G1 X95.052 Y80.658 E3.70127
G1 X94.564 Y80.658 E3.72577
G1 X99.342 Y85.436 E4.06496
G1 X99.342 Y85.924 E4.08946
G1 X94.076 Y80.658 E4.4633
G1 X93.588 Y80.658 E4.4878
G1 X99.342 Y86.412 E4.89628
G1 X99.342 Y86.9 E4.92078
G1 X93.1 Y80.658 E5.3639
G1 X92.612 Y80.658 E5.3884
G1 X99.342 Y87.388 E5.86617
G1 X99.342 Y87.876 E5.89067
G1 X92.124 Y80.658 E6.40308
G1 X91.637 Y80.658 E6.42753
G1 X94.82 Y83.842 E6.65353
G1 X94.332 Y83.842 E6.67803
G1 X91.149 Y80.658 E6.90403
G1 X90.661 Y80.658 E6.92853
G1 X93.844 Y83.842 E7.15453
G1 X93.356 Y83.842 E7.17903
G1 X90.173 Y80.658 E7.40503
G1 X89.685 Y80.658 E7.42953
G1 X92.868 Y83.842 E7.65553
G1 X92.38 Y83.842 E7.68003
G1 X89.197 Y80.658 E7.90603
G1 X88.709 Y80.658 E7.93053
G1 X91.893 Y83.842 E8.15656
G1 X91.405 Y83.842 E8.18106
G1 X88.222 Y80.658 E8.40706
G1 X87.734 Y80.658 E8.43156
G1 X90.917 Y83.842 E8.65756
G1 X90.429 Y83.842 E8.68206
G1 X87.246 Y80.658 E8.90806
G1 X86.758 Y80.658 E8.93256
G1 X89.941 Y83.842 E9.15856
G1 X89.453 Y83.842 E9.18306
G1 X86.27 Y80.658 E9.40906
G1 X85.782 Y80.658 E9.43356
G1 X88.965 Y83.842 E9.65956
G1 X88.477 Y83.842 E9.68406
G1 X85.294 Y80.658 E9.91006
G1 X84.806 Y80.658 E9.93456
G1 X87.99 Y83.842 E10.16059
G1 X87.502 Y83.842 E10.18509
G1 X84.319 Y80.658 E10.41109
G1 X83.831 Y80.658 E10.43559
G1 X87.014 Y83.842 E10.66159
G1 X86.526 Y83.842 E10.68609
G1 X83.343 Y80.658 E10.91209
G1 X82.855 Y80.658 E10.93659
G1 X86.038 Y83.842 E11.16259
G1 X85.55 Y83.842 E11.18709
G1 X82.367 Y80.658 E11.41309
G1 X81.879 Y80.658 E11.43759
G1 X85.062 Y83.842 E11.66359
G1 X84.575 Y83.842 E11.68804
G1 X81.391 Y80.658 E11.91407
G1 X80.904 Y80.658 E11.93852
G1 X84.087 Y83.842 E12.16452
G1 X83.599 Y83.842 E12.18902
G1 X80.416 Y80.658 E12.41502
G1 X79.928 Y80.658 E12.43952
G1 X83.111 Y83.842 E12.66552
G1 X82.623 Y83.842 E12.69002
G1 X79.44 Y80.658 E12.91602
G1 X78.952 Y80.658 E12.94052
G1 X82.135 Y83.842 E13.16652
G1 X81.647 Y83.842 E13.19102
G1 X78.464 Y80.658 E13.41702
G1 X77.976 Y80.658 E13.44152
G1 X81.159 Y83.842 E13.66752
G1 X80.672 Y83.842 E13.69197
G1 X77.488 Y80.658 E13.918
G1 X77.001 Y80.658 E13.94245
G1 X80.184 Y83.842 E14.16845
G1 X79.696 Y83.842 E14.19295
G1 X76.513 Y80.658 E14.41895
G1 X76.025 Y80.658 E14.44345
G1 X79.208 Y83.842 E14.66945
G1 X78.72 Y83.842 E14.69395
G1 X75.537 Y80.658 E14.91995
G1 X75.049 Y80.658 E14.94445
G1 X78.232 Y83.842 E15.17045
G1 X77.744 Y83.842 E15.19495
G1 X74.561 Y80.658 E15.42095
G1 X74.073 Y80.658 E15.44545
G1 X77.257 Y83.842 E15.67148
G1 X76.769 Y83.842 E15.69598
G1 X73.586 Y80.658 E15.92198
G1 X73.098 Y80.658 E15.94648
G1 X76.281 Y83.842 E16.17248
G1 X75.793 Y83.842 E16.19698
G1 X72.61 Y80.658 E16.42298
G1 X72.122 Y80.658 E16.44748
G1 X75.305 Y83.842 E16.67348
G1 X74.834 Y83.858 E16.69714
G1 X71.634 Y80.658 E16.92431
G1 X71.146 Y80.658 E16.94881
G1 X74.457 Y83.969 E17.18386
G1 X74.387 Y84 E17.1877
G1 X74.169 Y84.169 E17.20155
G1 X70.658 Y80.659 E17.45076
G1 X70.658 Y81.146 E17.47521
G1 X73.969 Y84.457 E17.71026
G1 X73.883 Y84.659 E17.72128
G1 X73.858 Y84.834 E17.73015
G1 X70.658 Y81.634 E17.95732
G1 X70.658 Y82.122 E17.98182
G1 X73.842 Y85.305 E18.20782
G1 X73.842 Y85.793 E18.23232
G1 X70.658 Y82.61 E18.45832
G1 X70.658 Y83.098 E18.48282
G1 X73.842 Y86.281 E18.70882
G1 X73.842 Y86.769 E18.73332
G1 X70.658 Y83.586 E18.95932
G1 X70.658 Y84.074 E18.98382
G1 X73.842 Y87.257 E19.20982
G1 X73.842 Y87.745 E19.23432
G1 X70.658 Y84.561 E19.46035
G1 X70.658 Y85.049 E19.48485
G1 X73.842 Y88.232 E19.71085
G1 X73.842 Y88.72 E19.73535
G1 X70.658 Y85.537 E19.96135
G1 X70.658 Y86.025 E19.98585
G1 X73.842 Y89.208 E20.21185
G1 X73.842 Y89.696 E20.23635
G1 X70.658 Y86.513 E20.46235
G1 X70.658 Y87.001 E20.48685
G1 X73.842 Y90.184 E20.71285
G1 X73.842 Y90.672 E20.73735
G1 X70.658 Y87.489 E20.96335
G1 X70.658 Y87.976 E20.9878
G1 X73.842 Y91.16 E21.21383
G1 X73.842 Y91.647 E21.23828
G1 X70.658 Y88.464 E21.46428
G1 X70.658 Y88.952 E21.48878
G1 X73.842 Y92.135 E21.71478
G1 X73.842 Y92.623 E21.73928
G1 X70.658 Y89.44 E21.96528
G1 X70.658 Y89.928 E21.98978
G1 X73.842 Y93.111 E22.21578
G1 X73.842 Y93.599 E22.24028
G1 X70.658 Y90.416 E22.46628
G1 X70.658 Y90.904 E22.49078
G1 X73.842 Y94.087 E22.71678
G1 X73.842 Y94.575 E22.74128
G1 X70.658 Y91.392 E22.96728
G1 X70.658 Y91.879 E22.99173
G1 X73.842 Y95.063 E23.21776
G1 X73.842 Y95.55 E23.24221
G1 X70.658 Y92.367 E23.46821
G1 X70.658 Y92.855 E23.49271
G1 X73.842 Y96.038 E23.71871
G1 X73.842 Y96.526 E23.74321
G1 X70.658 Y93.343 E23.96921
G1 X70.658 Y93.831 E23.99371
G1 X73.842 Y97.014 E24.21971
G1 X73.842 Y97.502 E24.24421
G1 X70.658 Y94.319 E24.47021
G1 X70.658 Y94.807 E24.49471
G1 X73.842 Y97.99 E24.72071
G1 X73.842 Y98.478 E24.74521
G1 X70.658 Y95.294 E24.97124
G1 X70.658 Y95.782 E24.99574
G1 X73.842 Y98.965 E25.22174
G1 X73.842 Y99.453 E25.24624
G1 X70.658 Y96.27 E25.47224
G1 X70.658 Y96.758 E25.49674
G1 X73.842 Y99.941 E25.72274
G1 X73.842 Y100.429 E25.74724
G1 X70.658 Y97.246 E25.97324
G1 X70.658 Y97.734 E25.99774
G1 X73.842 Y100.917 E26.22374
G1 X73.842 Y101.405 E26.24824
G1 X70.658 Y98.222 E26.47424
G1 X70.658 Y98.71 E26.49874
G1 X73.842 Y101.893 E26.72474
G1 X73.842 Y102.381 E26.74924
G1 X70.658 Y99.197 E26.97527
G1 X70.658 Y99.685 E26.99977
G1 X73.842 Y102.868 E27.22577
G1 X73.842 Y103.356 E27.25027
G1 X70.658 Y100.173 E27.47627
G1 X70.658 Y100.661 E27.50077
G1 X73.842 Y103.844 E27.72677
G1 X73.842 Y104.332 E27.75127
G1 X70.658 Y101.149 E27.97727
G1 X70.658 Y101.637 E28.00177
G1 X73.997 Y104.975 E28.23877
G1 E26.23877 F2400
G92 E0
G1 X96.003 Y85.025 F7800
G1 E2 F2400
G1 F1800
G1 X99.342 Y88.363 E2.237
G1 X99.342 Y88.851 E2.2615
G1 X96.158 Y85.668 E2.4875
G1 X96.158 Y86.156 E2.512
G1 X99.342 Y89.339 E2.738
G1 X99.342 Y89.827 E2.7625
G1 X96.158 Y86.644 E2.9885
G1 X96.158 Y87.132 E3.013
G1 X99.342 Y90.315 E3.239
G1 X99.342 Y90.803 E3.2635
G1 X96.158 Y87.62 E3.4895
G1 X96.158 Y88.107 E3.51395
G1 X99.342 Y91.291 E3.73998
G1 X99.342 Y91.778 E3.76443
G1 X96.158 Y88.595 E3.99043
G1 X96.158 Y89.083 E4.01493
G1 X99.342 Y92.266 E4.24093
G1 X99.342 Y92.754 E4.26543
G1 X96.158 Y89.571 E4.49143
G1 X96.158 Y90.059 E4.51593
G1 X99.342 Y93.242 E4.74193
G1 X99.342 Y93.73 E4.76643
G1 X96.158 Y90.547 E4.99243
G1 X96.158 Y91.035 E5.01693
G1 X99.342 Y94.218 E5.24293
G1 X99.342 Y94.706 E5.26743
G1 X96.158 Y91.523 E5.49343
G1 X96.158 Y92.01 E5.51788
G1 X99.342 Y95.194 E5.74391
G1 X99.342 Y95.681 E5.76836
G1 X96.158 Y92.498 E5.99436
G1 X96.158 Y92.986 E6.01886
G1 X99.342 Y96.169 E6.24486
G1 X99.342 Y96.657 E6.26936
G1 X96.158 Y93.474 E6.49536
G1 X96.158 Y93.962 E6.51986
G1 X99.342 Y97.145 E6.74586
G1 X99.342 Y97.633 E6.77036
G1 X96.158 Y94.45 E6.99636
G1 X96.158 Y94.938 E7.02086
G1 X99.342 Y98.121 E7.24686
G1 X99.342 Y98.609 E7.27136
G1 X96.158 Y95.425 E7.49739
G1 X96.158 Y95.913 E7.52189
G1 X99.342 Y99.096 E7.74789
G1 X99.342 Y99.584 E7.77239
G1 X96.158 Y96.401 E7.99839
G1 X96.158 Y96.889 E8.02289
G1 X99.342 Y100.072 E8.24889
G1 X99.342 Y100.56 E8.27339
G1 X96.158 Y97.377 E8.49939
G1 X96.158 Y97.865 E8.52389
G1 X99.342 Y101.048 E8.74989
G1 X99.342 Y101.536 E8.77439
G1 X96.158 Y98.353 E9.00039
G1 X96.158 Y98.841 E9.02489
G1 X99.342 Y102.024 E9.25089
G1 X99.342 Y102.512 E9.27539
G1 X96.158 Y99.328 E9.50142
G1 X96.158 Y99.816 E9.52592
G1 X99.342 Y102.999 E9.75192
G1 X99.342 Y103.487 E9.77642
G1 X96.158 Y100.304 E10.00242
G1 X96.158 Y100.792 E10.02692
G1 X99.342 Y103.975 E10.25292
G1 X99.342 Y104.463 E10.27742
G1 X96.158 Y101.28 E10.50342
G1 X96.158 Y101.768 E10.52792
G1 X99.342 Y104.951 E10.75392
G1 X99.342 Y105.439 E10.77842
G1 X96.158 Y102.256 E11.00442
G1 X96.158 Y102.743 E11.02887
G1 X99.342 Y105.927 E11.2549
G1 X99.342 Y106.414 E11.27935
G1 X96.158 Y103.231 E11.50535
G1 X96.158 Y103.719 E11.52985
G1 X99.342 Y106.902 E11.75585
G1 X99.342 Y107.39 E11.78035
G1 X96.158 Y104.207 E12.00635
G1 X96.158 Y104.695 E12.03085
G1 X99.342 Y107.878 E12.25685
G1 X99.342 Y108.366 E12.28135
G1 X96.142 Y105.166 E12.50852
G1 X96.117 Y105.341 E12.51739
G1 X96.031 Y105.543 E12.52841
G1 X99.342 Y108.854 E12.76346
G1 X99.342 Y109.342 E12.78796
G1 X95.831 Y105.831 E13.03721
G1 X95.613 Y106 E13.05106
G1 X95.543 Y106.031 E13.0549
G1 X98.854 Y109.342 E13.28995
G1 X98.366 Y109.342 E13.31445
G1 X95.166 Y106.142 E13.54162
G1 X94.695 Y106.158 E13.56528
G1 X97.878 Y109.342 E13.79128
G1 X97.39 Y109.342 E13.81578
G1 X94.207 Y106.158 E14.04178
G1 X93.719 Y106.158 E14.06628
G1 X96.902 Y109.342 E14.29228
G1 X96.414 Y109.342 E14.31678
G1 X93.231 Y106.158 E14.54278
G1 X92.743 Y106.158 E14.56728
G1 X95.926 Y109.342 E14.79328
G1 X95.439 Y109.342 E14.81773
G1 X92.255 Y106.158 E15.04376
G1 X91.768 Y106.158 E15.06821
G1 X94.951 Y109.342 E15.29421
G1 X94.463 Y109.342 E15.31871
G1 X91.28 Y106.158 E15.54471
G1 X90.792 Y106.158 E15.56921
G1 X93.975 Y109.342 E15.79521
G1 X93.487 Y109.342 E15.81971
G1 X90.304 Y106.158 E16.04571
G1 X89.816 Y106.158 E16.07021
G1 X92.999 Y109.342 E16.29621
G1 X92.511 Y109.342 E16.32071
G1 X89.328 Y106.158 E16.54671
G1 X88.84 Y106.158 E16.57121
G1 X92.024 Y109.342 E16.79724
G1 X91.536 Y109.342 E16.82174
G1 X88.353 Y106.158 E17.04774
G1 X87.865 Y106.158 E17.07224
G1 X91.048 Y109.342 E17.29824
G1 X90.56 Y109.342 E17.32274
G1 X87.377 Y106.158 E17.54874
G1 X86.889 Y106.158 E17.57324
G1 X90.072 Y109.342 E17.79924
G1 X89.584 Y109.342 E17.82374
G1 X86.401 Y106.158 E18.04974
G1 X85.913 Y106.158 E18.07424
G1 X89.096 Y109.342 E18.30024
G1 X88.608 Y109.342 E18.32474
G1 X85.425 Y106.158 E18.55074
G1 X84.937 Y106.158 E18.57524
G1 X88.121 Y109.342 E18.80127
G1 X87.633 Y109.342 E18.82577
G1 X84.45 Y106.158 E19.05177
G1 X83.962 Y106.158 E19.07627
G1 X87.145 Y109.342 E19.30227
G1 X86.657 Y109.342 E19.32677
G1 X83.474 Y106.158 E19.55277
G1 X82.986 Y106.158 E19.57727
G1 X86.169 Y109.342 E19.80327
G1 X85.681 Y109.342 E19.82777
G1 X82.498 Y106.158 E20.05377
G1 X82.01 Y106.158 E20.07827
G1 X85.193 Y109.342 E20.30427
G1 X84.706 Y109.342 E20.32872
G1 X81.522 Y106.158 E20.55475
G1 X81.035 Y106.158 E20.5792
G1 X84.218 Y109.342 E20.8052
G1 X83.73 Y109.342 E20.8297
G1 X80.547 Y106.158 E21.0557
G1 X80.059 Y106.158 E21.0802
G1 X83.242 Y109.342 E21.3062
G1 X82.754 Y109.342 E21.3307
G1 X79.571 Y106.158 E21.5567
G1 X79.083 Y106.158 E21.5812
G1 X82.266 Y109.342 E21.8072
G1 X81.778 Y109.342 E21.8317
G1 X78.595 Y106.158 E22.0577
G1 X78.107 Y106.158 E22.0822
G1 X81.29 Y109.342 E22.3082
G1 X80.803 Y109.342 E22.33265
G1 X77.619 Y106.158 E22.55868
G1 X77.132 Y106.158 E22.58313
G1 X80.315 Y109.342 E22.80913
G1 X79.827 Y109.342 E22.83363
G1 X76.644 Y106.158 E23.05963
G1 X76.156 Y106.158 E23.08413
G1 X79.339 Y109.342 E23.31013
G1 X78.851 Y109.342 E23.33463
G1 X75.668 Y106.158 E23.56063
G1 X75.18 Y106.158 E23.58513
G1 X78.363 Y109.342 E23.81113
G1 X77.875 Y109.342 E23.83563
G1 X70.658 Y102.125 E24.34797
G1 X70.658 Y102.612 E24.37242
G1 X77.388 Y109.342 E24.85019
G1 X76.9 Y109.342 E24.87469
G1 X70.658 Y103.1 E25.31781
G1 X70.658 Y103.588 E25.34231
G1 X76.412 Y109.342 E25.75079
G1 X75.924 Y109.342 E25.77529
G1 X70.658 Y104.076 E26.14913
G1 X70.658 Y104.564 E26.17363
G1 X75.436 Y109.342 E26.51282
G1 X74.948 Y109.342 E26.53732
G1 X70.658 Y105.052 E26.84187
G1 X70.658 Y105.54 E26.86637
G1 X74.46 Y109.342 E27.13628
G1 X73.972 Y109.342 E27.16078
G1 X70.658 Y106.028 E27.39604
G1 X70.658 Y106.515 E27.42049
G1 X73.485 Y109.342 E27.62118
G1 X72.997 Y109.342 E27.64568
G1 X70.658 Y107.003 E27.81173
G1 X70.658 Y107.491 E27.83623
G1 X72.509 Y109.342 E27.96763
G1 X72.021 Y109.342 E27.99213
G1 X70.658 Y107.979 E28.08889
G1 X70.658 Y108.467 E28.11339
G1 X71.533 Y109.342 E28.17551
G1 X71.045 Y109.342 E28.20001
G1 X70.503 Y108.8 E28.23849
;LAYER_CHANGE
;Z:0.65
;HEIGHT:0.3
G1 E26.23849 F2400
G92 E0
G1 Z.65 F7800
G1 X74.288 Y84.285
G1 E2 F2400
;TYPE:Perimeter
;WIDTH:0.45
G1 F3600
G1 X74.473 Y84.14 E2.01131
G1 X74.801 Y84.018 E2.02814
G1 X74.968 Y84.004 E2.0362
G1 X95.032 Y84.004 E3.00121
G1 X95.293 Y84.04 E3.01388
G1 X95.527 Y84.14 E3.02612
G1 X95.714 Y84.286 E3.03753
G1 X95.86 Y84.473 E3.04894
G1 X95.96 Y84.707 E3.06118
G1 X95.996 Y84.968 E3.07385
G1 X95.996 Y105.032 E4.03886
G1 X95.96 Y105.293 E4.05153
G1 X95.86 Y105.527 E4.06377
G1 X95.714 Y105.714 E4.07518
G1 X95.527 Y105.86 E4.08659
G1 X95.199 Y105.982 E4.10342
G1 X95.032 Y105.996 E4.11148
G1 X74.968 Y105.996 E5.07649
G1 X74.707 Y105.96 E5.08916
G1 X74.473 Y105.86 E5.1014
G1 X74.286 Y105.714 E5.11281
G1 X74.14 Y105.527 E5.12422
G1 X74.018 Y105.199 E5.14105
G1 X74.004 Y105.032 E5.14911
G1 X74.004 Y84.968 E6.11412
G1 X74.04 Y84.707 E6.12679
G1 X74.14 Y84.473 E6.13903
G1 X74.251 Y84.331 E6.1477
G1 X74.571 Y84.571 F7800
G1 F3600
G1 X74.671 Y84.471 E6.1545
G1 X74.968 Y84.389 E6.16932
G1 X95.032 Y84.389 E7.13433
G1 X95.329 Y84.471 E7.14915
G1 X95.529 Y84.671 E7.16275
G1 X95.611 Y84.968 E7.17757
G1 X95.611 Y105.032 E8.14258
G1 X95.529 Y105.329 E8.1574
G1 X95.329 Y105.529 E8.171
G1 X95.032 Y105.611 E8.18582
G1 X74.968 Y105.611 E9.15083
G1 X74.671 Y105.529 E9.16565
G1 X74.471 Y105.329 E9.17925
G1 X74.389 Y105.032 E9.19407
G1 X74.389 Y84.968 E10.15908
G1 X74.471 Y84.671 E10.1739
G1 X74.529 Y84.614 E10.17781
G1 X74.829 Y84.838 F7800
;TYPE:External perimeter
G1 F1800
G1 X74.831 Y84.831 E10.17816
G1 X74.968 Y84.775 E10.18528
G1 X95.032 Y84.775 E11.15029
G1 X95.169 Y84.831 E11.15741
G1 X95.225 Y84.968 E11.16453
G1 X95.225 Y105.032 E12.12954
G1 X95.169 Y105.169 E12.13666
G1 X95.032 Y105.225 E12.14378
G1 X74.968 Y105.225 E13.10879
G1 X74.831 Y105.169 E13.11591
G1 X74.775 Y105.032 E13.12303
G1 X74.775 Y84.968 E14.08804
G1 X74.806 Y84.893 E14.09194
G1 X75.19 Y84.782 F7800
G1 E12.09194 F2400
G92 E0
G1 X70.496 Y80.496 F7800
G1 E2 F2400
;TYPE:Perimeter
G1 F3600
G1 X99.504 Y80.496 E3.39518
G1 X99.504 Y82.716 E3.50195
G1 X99.504 Y109.504 E4.79036
G1 X70.496 Y109.504 E6.18554
G1 X70.496 Y80.556 E7.57784
G1 X70.111 Y80.111 F7800
G1 F3600
G1 X99.889 Y80.111 E9.01006
G1 X99.889 Y82.716 E9.13535
G1 X99.889 Y109.889 E10.44228
G1 X70.111 Y109.889 E11.8745
G1 X70.111 Y80.171 E13.30383
G1 X69.725 Y79.725 F7800
;TYPE:External perimeter
G1 F1800
G1 X100.275 Y79.725 E14.77318
G1 X100.275 Y82.716 E14.91704
G1 X100.275 Y110.275 E16.24253
G1 X69.725 Y110.275 E17.71188
G1 X69.725 Y79.785 E19.17834
G1 X70.121 Y79.726 F7800
G1 X70.89 Y80.817
;TYPE:Solid infill
;WIDTH:0.543559
G1 F3000
G1 X70.848 Y80.774 E19.18193
G1 X70.79 Y80.79 E19.18553
G1 X70.774 Y80.848 E19.18913
G1 X70.817 Y80.89 E19.19272
G1 X70.875 Y80.875 E19.1963
;WIDTH:0.45
G1 X71.491 Y80.785 E19.22624
G1 X70.662 Y81.628 E19.28311
;WIDTH:0.404381
G1 X70.591 Y81.609 E19.28623
G1 X70.61 Y81.68 E19.28935
G1 X70.651 Y81.669 E19.29115
;WIDTH:0.45
G1 X70.785 Y82.036 E19.30994
G1 X72.036 Y80.785 E19.39503
G1 X72.581 Y80.785 E19.42124
G1 X70.785 Y82.581 E19.5434
G1 X70.785 Y83.127 E19.56966
G1 X73.127 Y80.785 E19.72896
G1 X73.672 Y80.785 E19.75517
G1 X70.785 Y83.672 E19.95154
G1 X70.785 Y84.217 E19.97775
G1 X74.217 Y80.785 E20.21119
G1 X74.763 Y80.785 E20.23745
G1 X70.785 Y84.763 E20.50803
G1 X70.785 Y85.308 E20.53424
G1 X75.308 Y80.785 E20.84189
G1 X75.853 Y80.785 E20.8681
G1 X70.785 Y85.853 E21.21282
G1 X70.785 Y86.399 E21.23908
G1 X76.399 Y80.785 E21.62094
G1 X76.944 Y80.785 E21.64715
G1 X70.785 Y86.944 E22.06608
G1 X70.714 Y87.206 E22.07914
;WIDTH:0.404381
G1 X70.642 Y87.187 E22.0823
G1 X70.662 Y87.258 E22.08543
G1 X70.703 Y87.247 E22.08723
G1 E20.08723 F2400
G92 E0
G1 X74.428 Y83.847 F7800
G1 E2 F2400
;WIDTH:0.45
G1 F3000
G1 X77.489 Y80.785 E2.20824
G1 X78.035 Y80.785 E2.2345
G1 X75.106 Y83.715 E2.43376
G1 X75.651 Y83.715 E2.45997
G1 X78.58 Y80.785 E2.65923
G1 X79.125 Y80.785 E2.68544
G1 X76.196 Y83.715 E2.8847
G1 X76.742 Y83.715 E2.91096
G1 X79.671 Y80.785 E3.11022
G1 X80.216 Y80.785 E3.13643
G1 X77.287 Y83.715 E3.33569
G1 X77.832 Y83.715 E3.3619
G1 X80.761 Y80.785 E3.56116
G1 X81.307 Y80.785 E3.58742
G1 X78.378 Y83.715 E3.78668
G1 X78.923 Y83.715 E3.81289
G1 X81.852 Y80.785 E4.01215
G1 X82.397 Y80.785 E4.03836
G1 X79.468 Y83.715 E4.23762
G1 X80.014 Y83.715 E4.26388
G1 X82.943 Y80.785 E4.46314
G1 X83.488 Y80.785 E4.48935
G1 X80.559 Y83.715 E4.68861
G1 X81.104 Y83.715 E4.71482
G1 X84.034 Y80.785 E4.91411
G1 X84.579 Y80.785 E4.94032
G1 X81.65 Y83.715 E5.13958
G1 X82.195 Y83.715 E5.16579
G1 X85.124 Y80.785 E5.36505
G1 X85.67 Y80.785 E5.39131
G1 X82.74 Y83.715 E5.5906
G1 X83.286 Y83.715 E5.61686
G1 X86.215 Y80.785 E5.81612
G1 X86.76 Y80.785 E5.84233
G1 X83.831 Y83.715 E6.04159
G1 X84.377 Y83.715 E6.06785
G1 X87.306 Y80.785 E6.26711
G1 X87.851 Y80.785 E6.29332
G1 X84.922 Y83.715 E6.49258
G1 X85.467 Y83.715 E6.51879
G1 X88.396 Y80.785 E6.71805
G1 X88.942 Y80.785 E6.74431
G1 X86.013 Y83.715 E6.94357
G1 X86.558 Y83.715 E6.96978
G1 X89.487 Y80.785 E7.16904
G1 X90.032 Y80.785 E7.19525
G1 X87.103 Y83.715 E7.39451
G1 X87.649 Y83.715 E7.42077
G1 X90.578 Y80.785 E7.62003
G1 X91.123 Y80.785 E7.64624
G1 X88.194 Y83.715 E7.8455
G1 X88.739 Y83.715 E7.87171
G1 X91.668 Y80.785 E8.07097
G1 X92.214 Y80.785 E8.09723
G1 X89.285 Y83.715 E8.29649
G1 X89.83 Y83.715 E8.3227
G1 X92.759 Y80.785 E8.52196
G1 X93.304 Y80.785 E8.54817
G1 X90.375 Y83.715 E8.74743
G1 X90.921 Y83.715 E8.77369
G1 X93.85 Y80.785 E8.97295
G1 X94.395 Y80.785 E8.99916
G1 X91.466 Y83.715 E9.19842
G1 X92.011 Y83.715 E9.22463
G1 X94.94 Y80.785 E9.42389
G1 X95.486 Y80.785 E9.45015
G1 X92.557 Y83.715 E9.64941
G1 X93.102 Y83.715 E9.67562
G1 X96.031 Y80.785 E9.87488
G1 X96.577 Y80.785 E9.90114
G1 X93.647 Y83.715 E10.10043
G1 X94.193 Y83.715 E10.12669
G1 X97.122 Y80.785 E10.32595
G1 X97.667 Y80.785 E10.35216
G1 X94.738 Y83.715 E10.55142
G1 X95.254 Y83.744 E10.57628
G1 X98.213 Y80.785 E10.77755
G1 X98.758 Y80.785 E10.80376
G1 X95.659 Y83.884 E11.01455
G1 X95.958 Y84.131 E11.0332
G1 X99.215 Y80.874 E11.25474
G1 X99.367 Y80.693 E11.26611
;WIDTH:0.404381
G1 X99.326 Y80.704 E11.26791
G1 X99.307 Y80.633 E11.27103
G1 X99.378 Y80.652 E11.27415
G1 X99.215 Y81.42 F7800
;WIDTH:0.45
G1 F3000
G1 X96.169 Y84.465 E11.4813
G1 X96.277 Y84.902 E11.50295
G1 X99.215 Y81.965 E11.70276
G1 X99.215 Y82.51 E11.72897
G1 X96.285 Y85.439 E11.92823
G1 X96.285 Y85.985 E11.95449
G1 X99.215 Y83.056 E12.15375
G1 X99.215 Y83.601 E12.17996
G1 X96.285 Y86.53 E12.37922
G1 X96.285 Y87.075 E12.40543
G1 X99.215 Y84.146 E12.60469
G1 X99.215 Y84.692 E12.63095
G1 X96.285 Y87.621 E12.83021
G1 X96.285 Y88.166 E12.85642
G1 X99.215 Y85.237 E13.05568
G1 X99.215 Y85.782 E13.08189
G1 X96.285 Y88.711 E13.28115
G1 X96.285 Y89.257 E13.30741
G1 X99.215 Y86.328 E13.50667
G1 X99.215 Y86.873 E13.53288
G1 X96.285 Y89.802 E13.73214
G1 X96.285 Y90.347 E13.75835
G1 X99.215 Y87.418 E13.95761
G1 X99.215 Y87.964 E13.98387
G1 X96.285 Y90.893 E14.18313
G1 X96.285 Y91.438 E14.20934
G1 X99.215 Y88.509 E14.4086
G1 X99.215 Y89.054 E14.43481
G1 X96.285 Y91.983 E14.63407
G1 X96.285 Y92.529 E14.66033
G1 X99.215 Y89.6 E14.85959
G1 X99.215 Y90.145 E14.8858
G1 X96.285 Y93.074 E15.08506
G1 X96.285 Y93.62 E15.11132
G1 X99.215 Y90.69 E15.31061
G1 X99.215 Y91.236 E15.33687
G1 X96.285 Y94.165 E15.53613
G1 X96.285 Y94.71 E15.56234
G1 X99.215 Y91.781 E15.7616
G1 X99.215 Y92.326 E15.78781
G1 X96.285 Y95.256 E15.9871
G1 X96.285 Y95.801 E16.01331
G1 X99.215 Y92.872 E16.21257
G1 X99.215 Y93.417 E16.23878
G1 X96.285 Y96.346 E16.43804
G1 X96.285 Y96.892 E16.4643
G1 X99.215 Y93.963 E16.66356
G1 X99.215 Y94.508 E16.68977
G1 X96.285 Y97.437 E16.88903
G1 X96.285 Y97.982 E16.91524
G1 X99.215 Y95.053 E17.1145
G1 X99.215 Y95.599 E17.14076
G1 X96.285 Y98.528 E17.34002
G1 X96.285 Y99.073 E17.36623
G1 X99.215 Y96.144 E17.56549
G1 X99.215 Y96.689 E17.5917
G1 X96.285 Y99.618 E17.79096
G1 X96.285 Y100.164 E17.81722
G1 X99.215 Y97.235 E18.01648
G1 X99.215 Y97.78 E18.04269
G1 X96.285 Y100.709 E18.24195
G1 X96.285 Y101.254 E18.26816
G1 X99.215 Y98.325 E18.46742
G1 X99.215 Y98.871 E18.49368
G1 X96.285 Y101.8 E18.69294
G1 X96.285 Y102.345 E18.71915
G1 X99.215 Y99.416 E18.91841
G1 X99.215 Y99.961 E18.94462
G1 X96.285 Y102.89 E19.14388
G1 X96.285 Y103.436 E19.17014
G1 X99.215 Y100.507 E19.3694
G1 X99.215 Y101.052 E19.39561
G1 X96.285 Y103.981 E19.59487
G1 X96.285 Y104.526 E19.62108
G1 X99.215 Y101.597 E19.82034
G1 X99.215 Y102.143 E19.8466
G1 X96.28 Y105.077 E20.0462
G1 X96.185 Y105.339 E20.0596
;WIDTH:0.404381
G1 X96.114 Y105.32 E20.06272
G1 X96.133 Y105.391 E20.06584
G1 X96.174 Y105.38 E20.06764
G1 E18.06764 F2400
G92 E0
G1 X74.155 Y84.069 F7800
G1 E2 F2400
G1 F3000
G1 X74.069 Y84.155 E2.00516
;WIDTH:0.45
G1 X73.847 Y84.428 E2.02208
G1 X70.785 Y87.489 E2.23032
G1 X70.785 Y88.035 E2.25658
G1 X73.715 Y85.106 E2.45584
G1 X73.715 Y85.651 E2.48205
G1 X70.785 Y88.58 E2.68131
G1 X70.785 Y89.125 E2.70752
G1 X73.715 Y86.196 E2.90678
G1 X73.715 Y86.742 E2.93304
G1 X70.785 Y89.671 E3.1323
G1 X70.785 Y90.216 E3.15851
G1 X73.715 Y87.287 E3.35777
G1 X73.715 Y87.832 E3.38398
G1 X70.785 Y90.761 E3.58324
G1 X70.785 Y91.307 E3.6095
G1 X73.715 Y88.378 E3.80876
G1 X73.715 Y88.923 E3.83497
G1 X70.785 Y91.852 E4.03423
G1 X70.785 Y92.397 E4.06044
G1 X73.715 Y89.468 E4.2597
G1 X73.715 Y90.014 E4.28596
G1 X70.785 Y92.943 E4.48522
G1 X70.785 Y93.488 E4.51143
G1 X73.715 Y90.559 E4.71069
G1 X73.715 Y91.104 E4.7369
G1 X70.785 Y94.034 E4.93619
G1 X70.785 Y94.579 E4.9624
G1 X73.715 Y91.65 E5.16166
G1 X73.715 Y92.195 E5.18787
G1 X70.785 Y95.124 E5.38713
G1 X70.785 Y95.67 E5.41339
G1 X73.715 Y92.74 E5.61268
G1 X73.715 Y93.286 E5.63894
G1 X70.785 Y96.215 E5.8382
G1 X70.785 Y96.76 E5.86441
G1 X73.715 Y93.831 E6.06367
G1 X73.715 Y94.377 E6.08993
G1 X70.785 Y97.306 E6.28919
G1 X70.785 Y97.851 E6.3154
G1 X73.715 Y94.922 E6.51466
G1 X73.715 Y95.467 E6.54087
G1 X70.785 Y98.396 E6.74013
G1 X70.785 Y98.942 E6.76639
G1 X73.715 Y96.013 E6.96565
G1 X73.715 Y96.558 E6.99186
G1 X70.785 Y99.487 E7.19112
G1 X70.785 Y100.032 E7.21733
G1 X73.715 Y97.103 E7.41659
G1 X73.715 Y97.649 E7.44285
G1 X70.785 Y100.578 E7.64211
G1 X70.785 Y101.123 E7.66832
G1 X73.715 Y98.194 E7.86758
G1 X73.715 Y98.739 E7.89379
G1 X70.785 Y101.668 E8.09305
G1 X70.785 Y102.214 E8.11931
G1 X73.715 Y99.285 E8.31857
G1 X73.715 Y99.83 E8.34478
G1 X70.785 Y102.759 E8.54404
G1 X70.785 Y103.304 E8.57025
G1 X73.715 Y100.375 E8.76951
G1 X73.715 Y100.921 E8.79577
G1 X70.785 Y103.85 E8.99503
G1 X70.785 Y104.395 E9.02124
G1 X73.715 Y101.466 E9.2205
G1 X73.715 Y102.011 E9.24671
G1 X70.785 Y104.94 E9.44597
G1 X70.785 Y105.486 E9.47223
G1 X73.715 Y102.557 E9.67149
G1 X73.715 Y103.102 E9.6977
G1 X70.785 Y106.031 E9.89696
G1 X70.785 Y106.577 E9.92322
G1 X73.715 Y103.647 E10.12251
G1 X73.715 Y104.193 E10.14877
G1 X70.785 Y107.122 E10.34803
G1 X70.785 Y107.667 E10.37424
G1 X73.715 Y104.738 E10.5735
G1 X73.744 Y105.254 E10.59836
G1 X70.785 Y108.213 E10.79963
G1 X70.785 Y108.758 E10.82584
G1 X73.884 Y105.659 E11.03663
G1 X74.131 Y105.958 E11.05528
G1 X70.874 Y109.215 E11.27682
G1 X70.704 Y109.326 E11.28659
;WIDTH:0.404381
G1 X70.633 Y109.307 E11.28971
G1 X70.652 Y109.378 E11.29283
G1 X70.693 Y109.367 E11.29463
;WIDTH:0.45
G1 X71.42 Y109.215 E11.33035
G1 X74.465 Y106.169 E11.5375
G1 X74.902 Y106.277 E11.55915
G1 X71.965 Y109.215 E11.75896
G1 X72.51 Y109.215 E11.78517
G1 X75.439 Y106.285 E11.98443
G1 X75.985 Y106.285 E12.01069
G1 X73.056 Y109.215 E12.20995
G1 X73.601 Y109.215 E12.23616
G1 X76.53 Y106.285 E12.43542
G1 X77.075 Y106.285 E12.46163
G1 X74.146 Y109.215 E12.66089
G1 X74.692 Y109.215 E12.68715
G1 X77.621 Y106.285 E12.88641
G1 X78.166 Y106.285 E12.91262
G1 X75.237 Y109.215 E13.11188
G1 X75.782 Y109.215 E13.13809
G1 X78.711 Y106.285 E13.33735
G1 X79.257 Y106.285 E13.36361
G1 X76.328 Y109.215 E13.56287
G1 X76.873 Y109.215 E13.58908
G1 X79.802 Y106.285 E13.78834
G1 X80.347 Y106.285 E13.81455
G1 X77.418 Y109.215 E14.01381
G1 X77.964 Y109.215 E14.04007
G1 X80.893 Y106.285 E14.23933
G1 X81.438 Y106.285 E14.26554
G1 X78.509 Y109.215 E14.4648
G1 X79.054 Y109.215 E14.49101
G1 X81.983 Y106.285 E14.69027
G1 X82.529 Y106.285 E14.71653
G1 X79.6 Y109.215 E14.91579
G1 X80.145 Y109.215 E14.942
G1 X83.074 Y106.285 E15.14126
G1 X83.62 Y106.285 E15.16752
G1 X80.69 Y109.215 E15.36681
G1 X81.236 Y109.215 E15.39307
G1 X84.165 Y106.285 E15.59233
G1 X84.71 Y106.285 E15.61854
G1 X81.781 Y109.215 E15.8178
G1 X82.326 Y109.215 E15.84401
G1 X85.256 Y106.285 E16.0433
G1 X85.801 Y106.285 E16.06951
G1 X82.872 Y109.215 E16.26877
G1 X83.417 Y109.215 E16.29498
G1 X86.346 Y106.285 E16.49424
G1 X86.892 Y106.285 E16.5205
G1 X83.963 Y109.215 E16.71976
G1 X84.508 Y109.215 E16.74597
G1 X87.437 Y106.285 E16.94523
G1 X87.982 Y106.285 E16.97144
G1 X85.053 Y109.215 E17.1707
G1 X85.599 Y109.215 E17.19696
G1 X88.528 Y106.285 E17.39622
G1 X89.073 Y106.285 E17.42243
G1 X86.144 Y109.215 E17.62169
G1 X86.689 Y109.215 E17.6479
G1 X89.618 Y106.285 E17.84716
G1 X90.164 Y106.285 E17.87342
G1 X87.235 Y109.215 E18.07268
G1 X87.78 Y109.215 E18.09889
G1 X90.709 Y106.285 E18.29815
G1 X91.254 Y106.285 E18.32436
G1 X88.325 Y109.215 E18.52362
G1 X88.871 Y109.215 E18.54988
G1 X91.8 Y106.285 E18.74914
G1 X92.345 Y106.285 E18.77535
G1 X89.416 Y109.215 E18.97461
G1 X89.961 Y109.215 E19.00082
G1 X92.89 Y106.285 E19.20008
G1 X93.436 Y106.285 E19.22634
G1 X90.507 Y109.215 E19.4256
G1 X91.052 Y109.215 E19.45181
G1 X93.981 Y106.285 E19.65107
G1 X94.526 Y106.285 E19.67728
G1 X91.597 Y109.215 E19.87654
G1 X92.445 Y109.358 F7800
;WIDTH:0.404381
G1 F3000
G1 X92.404 Y109.369 E19.87834
G1 X92.385 Y109.297 E19.8815
G1 X92.456 Y109.317 E19.88463
;WIDTH:0.45
G1 X92.143 Y109.215 E19.90046
G1 X95.077 Y106.28 E20.10006
G1 X95.38 Y106.174 E20.1155
;WIDTH:0.404381
G1 X95.339 Y106.185 E20.1173
G1 X95.32 Y106.114 E20.12042
G1 X95.391 Y106.133 E20.12354
G1 E18.12354 F2400
G92 E0
G1 X92.688 Y109.215 F7800
G1 E2 F2400
;WIDTH:0.45
G1 F3000
G1 X99.215 Y102.688 E2.44396
G1 X99.215 Y103.233 E2.47017
G1 X93.233 Y109.215 E2.87706
G1 X93.779 Y109.215 E2.90332
G1 X99.215 Y103.779 E3.27307
G1 X99.215 Y104.324 E3.29928
G1 X94.324 Y109.215 E3.63196
G1 X94.869 Y109.215 E3.65817
G1 X99.215 Y104.869 E3.95378
G1 X99.215 Y105.415 E3.98004
G1 X95.415 Y109.215 E4.23851
G1 X95.96 Y109.215 E4.26472
G1 X99.215 Y105.96 E4.48612
G1 X99.215 Y106.506 E4.51238
G1 X96.506 Y109.215 E4.69664
G1 X96.944 Y109.368 E4.71895
;WIDTH:0.404381
G1 X96.873 Y109.349 E4.72207
G1 X96.892 Y109.42 E4.72519
G1 X96.933 Y109.409 E4.72699
;WIDTH:0.45
G1 X97.051 Y109.215 E4.73791
G1 X99.215 Y107.051 E4.8851
G1 X99.409 Y106.933 E4.89602
;WIDTH:0.404381
G1 X99.368 Y106.944 E4.89782
G1 X99.349 Y106.873 E4.90094
G1 X99.42 Y106.892 E4.90406
;WIDTH:0.45
G1 X99.215 Y107.596 E4.93933
G1 X99.215 Y109.215 E5.0172
G1 X97.596 Y109.215 E5.09507
G1 X99.078 Y107.733 E5.19587
G1 X98.808 Y108.722 F7800
;WIDTH:0.626765
G1 F3000
G1 X98.759 Y108.673 E5.20073
G1 X98.691 Y108.691 E5.20566
G1 X98.673 Y108.759 E5.21059
G1 X98.722 Y108.808 E5.21545
G1 X98.79 Y108.79 E5.22038
;LAYER_CHANGE
;Z:0.95
;HEIGHT:0.3
G1 E3.22038 F2400
G92 E0
G1 Z.95 F7800
G1 X74.288 Y84.285
G1 E2 F2400
;TYPE:Perimeter
;WIDTH:0.45
G1 F3600
G1 X74.473 Y84.14 E2.01131
G1 X74.801 Y84.018 E2.02814
G1 X74.968 Y84.004 E2.0362
G1 X95.032 Y84.004 E3.00121
G1 X95.293 Y84.04 E3.01388
G1 X95.527 Y84.14 E3.02612
G1 X95.714 Y84.286 E3.03753
G1 X95.86 Y84.473 E3.04894
G1 X95.96 Y84.707 E3.06118
G1 X95.996 Y84.968 E3.07385
G1 X95.996 Y105.032 E4.03886
G1 X95.96 Y105.293 E4.05153
G1 X95.86 Y105.527 E4.06377
G1 X95.714 Y105.714 E4.07518
G1 X95.527 Y105.86 E4.08659
G1 X95.199 Y105.982 E4.10342
G1 X95.032 Y105.996 E4.11148
G1 X74.968 Y105.996 E5.07649
G1 X74.707 Y105.96 E5.08916
G1 X74.473 Y105.86 E5.1014
G1 X74.286 Y105.714 E5.11281
G1 X74.14 Y105.527 E5.12422
G1 X74.018 Y105.199 E5.14105
G1 X74.004 Y105.032 E5.14911
G1 X74.004 Y84.968 E6.11412
G1 X74.04 Y84.707 E6.12679
G1 X74.14 Y84.473 E6.13903
G1 X74.251 Y84.331 E6.1477
G1 X74.571 Y84.571 F7800
G1 F3600
G1 X74.671 Y84.471 E6.1545
G1 X74.968 Y84.389 E6.16932
G1 X95.032 Y84.389 E7.13433
G1 X95.329 Y84.471 E7.14915
G1 X95.529 Y84.671 E7.16275
G1 X95.611 Y84.968 E7.17757
G1 X95.611 Y105.032 E8.14258
G1 X95.529 Y105.329 E8.1574
G1 X95.329 Y105.529 E8.171
G1 X95.032 Y105.611 E8.18582
G1 X74.968 Y105.611 E9.15083
G1 X74.671 Y105.529 E9.16565
G1 X74.471 Y105.329 E9.17925
G1 X74.389 Y105.032 E9.19407
G1 X74.389 Y84.968 E10.15908
G1 X74.471 Y84.671 E10.1739
G1 X74.529 Y84.614 E10.17781
G1 X74.829 Y84.838 F7800
;TYPE:External perimeter
G1 F1800
G1 X74.831 Y84.831 E10.17816
G1 X74.968 Y84.775 E10.18528
G1 X95.032 Y84.775 E11.15029
G1 X95.169 Y84.831 E11.15741
G1 X95.225 Y84.968 E11.16453
G1 X95.225 Y105.032 E12.12954
G1 X95.169 Y105.169 E12.13666
G1 X95.032 Y105.225 E12.14378
G1 X74.968 Y105.225 E13.10879
G1 X74.831 Y105.169 E13.11591
G1 X74.775 Y105.032 E13.12303
G1 X74.775 Y84.968 E14.08804
G1 X74.806 Y84.893 E14.09194
G1 X75.19 Y84.782 F7800
G1 E12.09194 F2400
G92 E0
G1 X70.496 Y80.496 F7800
G1 E2 F2400
;TYPE:Perimeter
G1 F3600
G1 X99.504 Y80.496 E3.39518
G1 X99.504 Y82.716 E3.50195
G1 X99.504 Y109.504 E4.79036
G1 X70.496 Y109.504 E6.18554
G1 X70.496 Y80.556 E7.57784
G1 X70.111 Y80.111 F7800
G1 F3600
G1 X99.889 Y80.111 E9.01006
G1 X99.889 Y82.716 E9.13535
G1 X99.889 Y109.889 E10.44228
G1 X70.111 Y109.889 E11.8745
G1 X70.111 Y80.171 E13.30383
G1 X69.725 Y79.725 F7800
;TYPE:External perimeter
G1 F1800
G1 X100.275 Y79.725 E14.77318
G1 X100.275 Y82.716 E14.91704
G1 X100.275 Y110.275 E16.24253
G1 X69.725 Y110.275 E17.71188
G1 X69.725 Y79.785 E19.17834
G1 X70.121 Y79.726 F7800
G1 E17.17834 F2400
G92 E0
G1 X70.817 Y109.11 F7800
G1 E2 F2400
;TYPE:Solid infill
;WIDTH:0.543559
G1 F3000
G1 X70.774 Y109.152 E2.00359
G1 X70.79 Y109.21 E2.00719
G1 X70.848 Y109.226 E2.01079
G1 X70.89 Y109.183 E2.01438
G1 X70.875 Y109.125 E2.01796
;WIDTH:0.45
G1 X70.785 Y108.509 E2.0479
G1 X71.491 Y109.215 E2.09592
G1 X72.036 Y109.215 E2.12213
G1 X70.785 Y107.964 E2.20722
G1 X70.785 Y107.419 E2.23343
G1 X72.581 Y109.215 E2.35559
G1 X73.127 Y109.215 E2.38185
G1 X70.785 Y106.873 E2.54115
G1 X70.785 Y106.328 E2.56736
G1 X73.672 Y109.215 E2.76373
G1 X74.217 Y109.215 E2.78994
G1 X70.785 Y105.783 E3.02338
G1 X70.785 Y105.237 E3.04964
G1 X74.763 Y109.215 E3.32022
G1 X75.308 Y109.215 E3.34643
G1 X70.785 Y104.692 E3.65408
G1 X70.785 Y104.147 E3.68029
G1 X75.853 Y109.215 E4.02501
G1 X76.399 Y109.215 E4.05127
G1 X70.785 Y103.601 E4.43313
G1 X70.785 Y103.056 E4.45934
G1 X76.944 Y109.215 E4.87827
G1 X77.206 Y109.286 E4.89133
;WIDTH:0.404381
G1 X77.187 Y109.358 E4.89449
G1 X77.258 Y109.339 E4.89761
G1 X77.247 Y109.297 E4.89945
G1 E2.89945 F2400
G92 E0
G1 X73.847 Y105.572 F7800
G1 E2 F2400
;WIDTH:0.45
G1 F3000
G1 X70.785 Y102.511 E2.20824
G1 X70.785 Y101.965 E2.2345
G1 X73.715 Y104.894 E2.43376
G1 X73.715 Y104.349 E2.45997
G1 X70.785 Y101.42 E2.65923
G1 X70.785 Y100.875 E2.68544
G1 X73.715 Y103.804 E2.8847
G1 X73.715 Y103.258 E2.91096
G1 X70.785 Y100.329 E3.11022
G1 X70.785 Y99.784 E3.13643
G1 X73.715 Y102.713 E3.33569
G1 X73.715 Y102.168 E3.3619
G1 X70.785 Y99.239 E3.56116
G1 X70.785 Y98.693 E3.58742
G1 X73.715 Y101.622 E3.78668
G1 X73.715 Y101.077 E3.81289
G1 X70.785 Y98.148 E4.01215
G1 X70.785 Y97.603 E4.03836
G1 X73.715 Y100.532 E4.23762
G1 X73.715 Y99.986 E4.26388
G1 X70.785 Y97.057 E4.46314
G1 X70.785 Y96.512 E4.48935
G1 X73.715 Y99.441 E4.68861
G1 X73.715 Y98.896 E4.71482
G1 X70.785 Y95.966 E4.91411
G1 X70.785 Y95.421 E4.94032
G1 X73.715 Y98.35 E5.13958
G1 X73.715 Y97.805 E5.16579
G1 X70.785 Y94.876 E5.36505
G1 X70.785 Y94.33 E5.39131
G1 X73.715 Y97.26 E5.5906
G1 X73.715 Y96.714 E5.61686
G1 X70.785 Y93.785 E5.81612
G1 X70.785 Y93.24 E5.84233
G1 X73.715 Y96.169 E6.04159
G1 X73.715 Y95.623 E6.06785
G1 X70.785 Y92.694 E6.26711
G1 X70.785 Y92.149 E6.29332
G1 X73.715 Y95.078 E6.49258
G1 X73.715 Y94.533 E6.51879
G1 X70.785 Y91.604 E6.71805
G1 X70.785 Y91.058 E6.74431
G1 X73.715 Y93.987 E6.94357
G1 X73.715 Y93.442 E6.96978
G1 X70.785 Y90.513 E7.16904
G1 X70.785 Y89.968 E7.19525
G1 X73.715 Y92.897 E7.39451
G1 X73.715 Y92.351 E7.42077
G1 X70.785 Y89.422 E7.62003
G1 X70.785 Y88.877 E7.64624
G1 X73.715 Y91.806 E7.8455
G1 X73.715 Y91.261 E7.87171
G1 X70.785 Y88.332 E8.07097
G1 X70.785 Y87.786 E8.09723
G1 X73.715 Y90.715 E8.29649
G1 X73.715 Y90.17 E8.3227
G1 X70.785 Y87.241 E8.52196
G1 X70.785 Y86.696 E8.54817
G1 X73.715 Y89.625 E8.74743
G1 X73.715 Y89.079 E8.77369
G1 X70.785 Y86.15 E8.97295
G1 X70.785 Y85.605 E8.99916
G1 X73.715 Y88.534 E9.19842
G1 X73.715 Y87.989 E9.22463
G1 X70.785 Y85.06 E9.42389
G1 X70.785 Y84.514 E9.45015
G1 X73.715 Y87.443 E9.64941
G1 X73.715 Y86.898 E9.67562
G1 X70.785 Y83.969 E9.87488
G1 X70.785 Y83.423 E9.90114
G1 X73.715 Y86.353 E10.10043
G1 X73.715 Y85.807 E10.12669
G1 X70.785 Y82.878 E10.32595
G1 X70.785 Y82.333 E10.35216
G1 X73.715 Y85.262 E10.55142
G1 X73.744 Y84.746 E10.57628
G1 X70.785 Y81.787 E10.77755
G1 X70.785 Y81.242 E10.80376
G1 X73.884 Y84.341 E11.01455
G1 X74.131 Y84.042 E11.0332
G1 X70.874 Y80.785 E11.25474
G1 X70.693 Y80.633 E11.26611
;WIDTH:0.404381
G1 X70.704 Y80.674 E11.26791
G1 X70.633 Y80.693 E11.27103
G1 X70.652 Y80.622 E11.27415
G1 X71.42 Y80.785 F7800
;WIDTH:0.45
G1 F3000
G1 X74.465 Y83.831 E11.4813
G1 X74.902 Y83.723 E11.50295
G1 X71.965 Y80.785 E11.70276
G1 X72.51 Y80.785 E11.72897
G1 X75.439 Y83.715 E11.92823
G1 X75.985 Y83.715 E11.95449
G1 X73.056 Y80.785 E12.15375
G1 X73.601 Y80.785 E12.17996
G1 X76.53 Y83.715 E12.37922
G1 X77.075 Y83.715 E12.40543
G1 X74.146 Y80.785 E12.60469
G1 X74.692 Y80.785 E12.63095
G1 X77.621 Y83.715 E12.83021
G1 X78.166 Y83.715 E12.85642
G1 X75.237 Y80.785 E13.05568
G1 X75.782 Y80.785 E13.08189
G1 X78.711 Y83.715 E13.28115
G1 X79.257 Y83.715 E13.30741
G1 X76.328 Y80.785 E13.50667
G1 X76.873 Y80.785 E13.53288
G1 X79.802 Y83.715 E13.73214
G1 X80.347 Y83.715 E13.75835
G1 X77.418 Y80.785 E13.95761
G1 X77.964 Y80.785 E13.98387
G1 X80.893 Y83.715 E14.18313
G1 X81.438 Y83.715 E14.20934
G1 X78.509 Y80.785 E14.4086
G1 X79.054 Y80.785 E14.43481
G1 X81.983 Y83.715 E14.63407
G1 X82.529 Y83.715 E14.66033
G1 X79.6 Y80.785 E14.85959
G1 X80.145 Y80.785 E14.8858
G1 X83.074 Y83.715 E15.08506
G1 X83.62 Y83.715 E15.11132
G1 X80.69 Y80.785 E15.31061
G1 X81.236 Y80.785 E15.33687
G1 X84.165 Y83.715 E15.53613
G1 X84.71 Y83.715 E15.56234
G1 X81.781 Y80.785 E15.7616
G1 X82.326 Y80.785 E15.78781
G1 X85.256 Y83.715 E15.9871
G1 X85.801 Y83.715 E16.01331
G1 X82.872 Y80.785 E16.21257
G1 X83.417 Y80.785 E16.23878
G1 X86.346 Y83.715 E16.43804
G1 X86.892 Y83.715 E16.4643
G1 X83.963 Y80.785 E16.66356
G1 X84.508 Y80.785 E16.68977
G1 X87.437 Y83.715 E16.88903
G1 X87.982 Y83.715 E16.91524
G1 X85.053 Y80.785 E17.1145
G1 X85.599 Y80.785 E17.14076
G1 X88.528 Y83.715 E17.34002
G1 X89.073 Y83.715 E17.36623
G1 X86.144 Y80.785 E17.56549
G1 X86.689 Y80.785 E17.5917
G1 X89.618 Y83.715 E17.79096
G1 X90.164 Y83.715 E17.81722
G1 X87.235 Y80.785 E18.01648
G1 X87.78 Y80.785 E18.04269
G1 X90.709 Y83.715 E18.24195
G1 X91.254 Y83.715 E18.26816
G1 X88.325 Y80.785 E18.46742
G1 X88.871 Y80.785 E18.49368
G1 X91.8 Y83.715 E18.69294
G1 X92.345 Y83.715 E18.71915
G1 X89.416 Y80.785 E18.91841
G1 X89.961 Y80.785 E18.94462
G1 X92.89 Y83.715 E19.14388
G1 X93.436 Y83.715 E19.17014
G1 X90.507 Y80.785 E19.3694
G1 X91.052 Y80.785 E19.39561
G1 X93.981 Y83.715 E19.59487
G1 X94.526 Y83.715 E19.62108
G1 X91.597 Y80.785 E19.82034
G1 X92.143 Y80.785 E19.8466
G1 X95.077 Y83.72 E20.0462
G1 X95.38 Y83.826 E20.06164
;WIDTH:0.404381
G1 X95.391 Y83.867 E20.06344
G1 X95.32 Y83.886 E20.06656
G1 X95.339 Y83.815 E20.06968
G1 E18.06968 F2400
G92 E0
G1 X74.069 Y105.845 F7800
G1 E2 F2400
G1 F3000
G1 X74.155 Y105.931 E2.00516
;WIDTH:0.45
G1 X74.428 Y106.153 E2.02208
G1 X77.489 Y109.215 E2.23032
G1 X78.035 Y109.215 E2.25658
G1 X75.106 Y106.285 E2.45584
G1 X75.651 Y106.285 E2.48205
G1 X78.58 Y109.215 E2.68131
G1 X79.125 Y109.215 E2.70752
G1 X76.196 Y106.285 E2.90678
G1 X76.742 Y106.285 E2.93304
G1 X79.671 Y109.215 E3.1323
G1 X80.216 Y109.215 E3.15851
G1 X77.287 Y106.285 E3.35777
G1 X77.832 Y106.285 E3.38398
G1 X80.761 Y109.215 E3.58324
G1 X81.307 Y109.215 E3.6095
G1 X78.378 Y106.285 E3.80876
G1 X78.923 Y106.285 E3.83497
G1 X81.852 Y109.215 E4.03423
G1 X82.397 Y109.215 E4.06044
G1 X79.468 Y106.285 E4.2597
G1 X80.014 Y106.285 E4.28596
G1 X82.943 Y109.215 E4.48522
G1 X83.488 Y109.215 E4.51143
G1 X80.559 Y106.285 E4.71069
G1 X81.104 Y106.285 E4.7369
G1 X84.034 Y109.215 E4.93619
G1 X84.579 Y109.215 E4.9624
G1 X81.65 Y106.285 E5.16166
G1 X82.195 Y106.285 E5.18787
G1 X85.124 Y109.215 E5.38713
G1 X85.67 Y109.215 E5.41339
G1 X82.74 Y106.285 E5.61268
G1 X83.286 Y106.285 E5.63894
G1 X86.215 Y109.215 E5.8382
G1 X86.76 Y109.215 E5.86441
G1 X83.831 Y106.285 E6.06367
G1 X84.377 Y106.285 E6.08993
G1 X87.306 Y109.215 E6.28919
G1 X87.851 Y109.215 E6.3154
G1 X84.922 Y106.285 E6.51466
G1 X85.467 Y106.285 E6.54087
G1 X88.396 Y109.215 E6.74013
G1 X88.942 Y109.215 E6.76639
G1 X86.013 Y106.285 E6.96565
G1 X86.558 Y106.285 E6.99186
G1 X89.487 Y109.215 E7.19112
G1 X90.032 Y109.215 E7.21733
G1 X87.103 Y106.285 E7.41659
G1 X87.649 Y106.285 E7.44285
G1 X90.578 Y109.215 E7.64211
G1 X91.123 Y109.215 E7.66832
G1 X88.194 Y106.285 E7.86758
G1 X88.739 Y106.285 E7.89379
G1 X91.668 Y109.215 E8.09305
G1 X92.214 Y109.215 E8.11931
G1 X89.285 Y106.285 E8.31857
G1 X89.83 Y106.285 E8.34478
G1 X92.759 Y109.215 E8.54404
G1 X93.304 Y109.215 E8.57025
G1 X90.375 Y106.285 E8.76951
G1 X90.921 Y106.285 E8.79577
G1 X93.85 Y109.215 E8.99503
G1 X94.395 Y109.215 E9.02124
G1 X91.466 Y106.285 E9.2205
G1 X92.011 Y106.285 E9.24671
G1 X94.94 Y109.215 E9.44597
G1 X95.486 Y109.215 E9.47223
G1 X92.557 Y106.285 E9.67149
G1 X93.102 Y106.285 E9.6977
G1 X96.031 Y109.215 E9.89696
G1 X96.577 Y109.215 E9.92322
G1 X93.647 Y106.285 E10.12251
G1 X94.193 Y106.285 E10.14877
G1 X97.122 Y109.215 E10.34803
G1 X97.667 Y109.215 E10.37424
G1 X94.738 Y106.285 E10.5735
G1 X95.254 Y106.256 E10.59836
G1 X98.213 Y109.215 E10.79963
G1 X98.758 Y109.215 E10.82584
G1 X95.659 Y106.116 E11.03663
G1 X95.958 Y105.869 E11.05528
G1 X99.215 Y109.126 E11.27682
G1 X99.326 Y109.296 E11.28659
;WIDTH:0.404381
G1 X99.307 Y109.367 E11.28971
G1 X99.378 Y109.348 E11.29283
G1 X99.367 Y109.307 E11.29463
;WIDTH:0.45
G1 X99.215 Y108.58 E11.33035
G1 X96.169 Y105.535 E11.5375
G1 X96.277 Y105.098 E11.55915
G1 X99.215 Y108.035 E11.75896
G1 X99.215 Y107.49 E11.78517
G1 X96.285 Y104.561 E11.98443
G1 X96.285 Y104.015 E12.01069
G1 X99.215 Y106.944 E12.20995
G1 X99.215 Y106.399 E12.23616
G1 X96.285 Y103.47 E12.43542
G1 X96.285 Y102.925 E12.46163
G1 X99.215 Y105.854 E12.66089
G1 X99.215 Y105.308 E12.68715
G1 X96.285 Y102.379 E12.88641
G1 X96.285 Y101.834 E12.91262
G1 X99.215 Y104.763 E13.11188
G1 X99.215 Y104.218 E13.13809
G1 X96.285 Y101.289 E13.33735
G1 X96.285 Y100.743 E13.36361
G1 X99.215 Y103.672 E13.56287
G1 X99.215 Y103.127 E13.58908
G1 X96.285 Y100.198 E13.78834
G1 X96.285 Y99.653 E13.81455
G1 X99.215 Y102.582 E14.01381
G1 X99.215 Y102.036 E14.04007
G1 X96.285 Y99.107 E14.23933
G1 X96.285 Y98.562 E14.26554
G1 X99.215 Y101.491 E14.4648
G1 X99.215 Y100.946 E14.49101
G1 X96.285 Y98.017 E14.69027
G1 X96.285 Y97.471 E14.71653
G1 X99.215 Y100.4 E14.91579
G1 X99.215 Y99.855 E14.942
G1 X96.285 Y96.926 E15.14126
G1 X96.285 Y96.38 E15.16752
G1 X99.215 Y99.31 E15.36681
G1 X99.215 Y98.764 E15.39307
G1 X96.285 Y95.835 E15.59233
G1 X96.285 Y95.29 E15.61854
G1 X99.215 Y98.219 E15.8178
G1 X99.215 Y97.674 E15.84401
G1 X96.285 Y94.744 E16.0433
G1 X96.285 Y94.199 E16.06951
G1 X99.215 Y97.128 E16.26877
G1 X99.215 Y96.583 E16.29498
G1 X96.285 Y93.654 E16.49424
G1 X96.285 Y93.108 E16.5205
G1 X99.215 Y96.038 E16.71979
G1 X99.215 Y95.492 E16.74605
G1 X96.285 Y92.563 E16.94531
G1 X96.285 Y92.018 E16.97152
G1 X99.215 Y94.947 E17.17078
G1 X99.215 Y94.401 E17.19704
G1 X96.285 Y91.472 E17.3963
G1 X96.285 Y90.927 E17.42251
G1 X99.215 Y93.856 E17.62177
G1 X99.215 Y93.311 E17.64798
G1 X96.285 Y90.382 E17.84724
G1 X96.285 Y89.836 E17.8735
G1 X99.215 Y92.765 E18.07276
G1 X99.215 Y92.22 E18.09897
G1 X96.285 Y89.291 E18.29823
G1 X96.285 Y88.746 E18.32444
G1 X99.215 Y91.675 E18.5237
G1 X99.215 Y91.129 E18.54996
G1 X96.285 Y88.2 E18.74922
G1 X96.285 Y87.655 E18.77543
G1 X99.215 Y90.584 E18.97469
G1 X99.215 Y90.039 E19.0009
G1 X96.285 Y87.11 E19.20016
G1 X96.285 Y86.564 E19.22642
G1 X99.215 Y89.493 E19.42568
G1 X99.215 Y88.948 E19.45189
G1 X96.285 Y86.019 E19.65115
G1 X96.285 Y85.474 E19.67736
G1 X99.215 Y88.403 E19.87662
G1 X99.358 Y87.555 F7800
;WIDTH:0.404381
G1 F3000
G1 X99.369 Y87.596 E19.87842
G1 X99.297 Y87.615 E19.88158
G1 X99.317 Y87.544 E19.88471
;WIDTH:0.45
G1 X99.215 Y87.857 E19.90054
G1 X96.28 Y84.923 E20.10014
G1 X96.174 Y84.62 E20.11558
;WIDTH:0.404381
G1 X96.185 Y84.661 E20.11738
G1 X96.114 Y84.68 E20.1205
G1 X96.133 Y84.609 E20.12362
G1 E18.12362 F2400
G92 E0
G1 X99.215 Y87.312 F7800
G1 E2 F2400
;WIDTH:0.45
G1 F3000
G1 X92.688 Y80.785 E2.44396
G1 X93.233 Y80.785 E2.47017
G1 X99.215 Y86.767 E2.87706
G1 X99.215 Y86.221 E2.90332
G1 X93.779 Y80.785 E3.27307
G1 X94.324 Y80.785 E3.29928
G1 X99.215 Y85.676 E3.63196
G1 X99.215 Y85.131 E3.65817
G1 X94.869 Y80.785 E3.95378
G1 X95.415 Y80.785 E3.98004
G1 X99.215 Y84.585 E4.23851
G1 X99.215 Y84.04 E4.26472
G1 X95.96 Y80.785 E4.48612
G1 X96.506 Y80.785 E4.51238
G1 X99.215 Y83.495 E4.69668
G1 X99.409 Y83.067 E4.71928
;WIDTH:0.404381
G1 X99.42 Y83.108 E4.72108
G1 X99.349 Y83.127 E4.7242
G1 X99.368 Y83.056 E4.72732
;WIDTH:0.45
G1 X99.215 Y82.949 E4.7363
G1 X97.051 Y80.785 E4.88349
G1 X99.215 Y80.785 E4.98757
G1 X99.215 Y82.404 E5.06544
G1 X97.733 Y80.922 E5.16624
G1 X98.722 Y81.192 F7800
;WIDTH:0.626765
G1 F3000
G1 X98.673 Y81.241 E5.1711
G1 X98.691 Y81.309 E5.17603
G1 X98.759 Y81.327 E5.18096
G1 X98.808 Y81.278 E5.18582
G1 X98.79 Y81.21 E5.19075
M106 S76.5
;LAYER_CHANGE
;Z:1.25
;HEIGHT:0.3
G1 E3.19075 F2400
G92 E0
G1 Z1.25 F7800
G1 X74.288 Y84.285
G1 E2 F2400
;TYPE:Perimeter
;WIDTH:0.45
G1 F3600
G1 X74.473 Y84.14 E2.01131
G1 X74.801 Y84.018 E2.02814
G1 X74.968 Y84.004 E2.0362
G1 X95.032 Y84.004 E3.00121
G1 X95.293 Y84.04 E3.01388
G1 X95.527 Y84.14 E3.02612
G1 X95.714 Y84.286 E3.03753
G1 X95.86 Y84.473 E3.04894
G1 X95.96 Y84.707 E3.06118
G1 X95.996 Y84.968 E3.07385
G1 X95.996 Y105.032 E4.03886
G1 X95.96 Y105.293 E4.05153
G1 X95.86 Y105.527 E4.06377
G1 X95.714 Y105.714 E4.07518
G1 X95.527 Y105.86 E4.08659
G1 X95.199 Y105.982 E4.10342
G1 X95.032 Y105.996 E4.11148
G1 X74.968 Y105.996 E5.07649
G1 X74.707 Y105.96 E5.08916
G1 X74.473 Y105.86 E5.1014
G1 X74.286 Y105.714 E5.11281
G1 X74.14 Y105.527 E5.12422
G1 X74.018 Y105.199 E5.14105
G1 X74.004 Y105.032 E5.14911
G1 X74.004 Y84.968 E6.11412
G1 X74.04 Y84.707 E6.12679
G1 X74.14 Y84.473 E6.13903
G1 X74.251 Y84.331 E6.1477
G1 X74.571 Y84.571 F7800
G1 F3600
G1 X74.671 Y84.471 E6.1545
G1 X74.968 Y84.389 E6.16932
G1 X95.032 Y84.389 E7.13433
G1 X95.329 Y84.471 E7.14915
G1 X95.529 Y84.671 E7.16275
G1 X95.611 Y84.968 E7.17757
G1 X95.611 Y105.032 E8.14258
G1 X95.529 Y105.329 E8.1574
G1 X95.329 Y105.529 E8.171
G1 X95.032 Y105.611 E8.18582
G1 X74.968 Y105.611 E9.15083
G1 X74.671 Y105.529 E9.16565
G1 X74.471 Y105.329 E9.17925
G1 X74.389 Y105.032 E9.19407
G1 X74.389 Y84.968 E10.15908
G1 X74.471 Y84.671 E10.1739
G1 X74.529 Y84.614 E10.17781
G1 X74.829 Y84.838 F7800
;TYPE:External perimeter
G1 F1800
G1 X74.831 Y84.831 E10.17816
G1 X74.968 Y84.775 E10.18528
G1 X95.032 Y84.775 E11.15029
G1 X95.169 Y84.831 E11.15741
G1 X95.225 Y84.968 E11.16453
G1 X95.225 Y105.032 E12.12954
G1 X95.169 Y105.169 E12.13666
G1 X95.032 Y105.225 E12.14378
G1 X74.968 Y105.225 E13.10879
G1 X74.831 Y105.169 E13.11591
G1 X74.775 Y105.032 E13.12303
G1 X74.775 Y84.968 E14.08804
G1 X74.806 Y84.893 E14.09194
G1 X75.19 Y84.782 F7800
G1 E12.09194 F2400
G92 E0
G1 X70.496 Y80.496 F7800
G1 E2 F2400
;TYPE:Perimeter
G1 F3600
G1 X99.504 Y80.496 E3.39518
G1 X99.504 Y82.716 E3.50195
G1 X99.504 Y109.504 E4.79036
G1 X70.496 Y109.504 E6.18554
G1 X70.496 Y80.556 E7.57784
G1 X70.111 Y80.111 F7800
G1 F3600
G1 X99.889 Y80.111 E9.01006
G1 X99.889 Y82.716 E9.13535
G1 X99.889 Y109.889 E10.44228
G1 X70.111 Y109.889 E11.8745
G1 X70.111 Y80.171 E13.30383
G1 X69.725 Y79.725 F7800
;TYPE:External perimeter
G1 F1800
G1 X100.275 Y79.725 E14.77318
G1 X100.275 Y82.716 E14.91704
G1 X100.275 Y110.275 E16.24253
G1 X69.725 Y110.275 E17.71188
G1 X69.725 Y79.785 E19.17834
G1 X70.121 Y79.726 F7800
G1 X71.397 Y80.612
;TYPE:Internal infill
;WIDTH:0.45
G1 F4200
G1 X70.785 Y81.223 E19.21993
G1 X70.785 Y81.772 E19.24634
G1 X71.772 Y80.785 E19.31347
G1 X72.321 Y80.785 E19.33988
G1 X70.785 Y82.321 E19.44436
G1 X70.785 Y82.87 E19.47077
G1 X72.87 Y80.785 E19.61259
G1 X73.419 Y80.785 E19.639
G1 X70.785 Y83.419 E19.81816
G1 X70.785 Y83.967 E19.84452
G1 X73.967 Y80.785 E20.06096
G1 X74.516 Y80.785 E20.08737
G1 X70.785 Y84.516 E20.34115
G1 X70.785 Y85.065 E20.36756
G1 X75.065 Y80.785 E20.65868
G1 X75.614 Y80.785 E20.68509
G1 X70.785 Y85.614 E21.01355
G1 X70.785 Y86.163 E21.03996
G1 X76.163 Y80.785 E21.40577
G1 X76.712 Y80.785 E21.43218
G1 X70.785 Y86.712 E21.83533
G1 X70.785 Y87.261 E21.86174
G1 X77.261 Y80.785 E22.30223
G1 X77.809 Y80.785 E22.32859
G1 X74.867 Y83.728 E22.52874
G1 X74.325 Y83.891 E22.55596
G1 X74.081 Y84.081 E22.57083
G1 X73.891 Y84.325 E22.5857
G1 X73.728 Y84.867 E22.61292
G1 X70.785 Y87.809 E22.81307
G1 X70.785 Y88.358 E22.83948
G1 X73.715 Y85.429 E23.03874
G1 X73.715 Y85.978 E23.06515
G1 X70.785 Y88.907 E23.26441
G1 X70.785 Y89.456 E23.29082
G1 X73.715 Y86.527 E23.49008
G1 X73.715 Y87.076 E23.51649
G1 X70.785 Y90.005 E23.71575
G1 X70.785 Y90.554 E23.74216
G1 X73.715 Y87.625 E23.94142
G1 X73.715 Y88.173 E23.96778
G1 X70.785 Y91.102 E24.16704
G1 X70.785 Y91.651 E24.19345
G1 X73.715 Y88.722 E24.39271
G1 X73.715 Y89.271 E24.41912
G1 X70.785 Y92.2 E24.61838
G1 X70.785 Y92.749 E24.64479
G1 X73.715 Y89.82 E24.84405
G1 X73.715 Y90.369 E24.87046
G1 X70.785 Y93.298 E25.06972
G1 X70.785 Y93.847 E25.09613
G1 X73.715 Y90.918 E25.29539
G1 X73.715 Y91.466 E25.32175
G1 X70.785 Y94.396 E25.52105
G1 X70.785 Y94.944 E25.54741
G1 X73.715 Y92.015 E25.74667
G1 X73.715 Y92.564 E25.77308
G1 X70.785 Y95.493 E25.97234
G1 X70.785 Y96.042 E25.99875
G1 X73.715 Y93.113 E26.19801
G1 X73.715 Y93.662 E26.22442
G1 X70.785 Y96.591 E26.42368
G1 X70.785 Y97.14 E26.45009
G1 X73.715 Y94.211 E26.64935
G1 X73.715 Y94.76 E26.67576
G1 X70.785 Y97.689 E26.87502
G1 X70.785 Y98.238 E26.90143
G1 X73.715 Y95.308 E27.10073
G1 X73.715 Y95.857 E27.12714
G1 X70.785 Y98.786 E27.3264
G1 X70.785 Y99.335 E27.35281
G1 X73.715 Y96.406 E27.55207
G1 X73.715 Y96.955 E27.57848
G1 X70.785 Y99.884 E27.77774
G1 X70.785 Y100.433 E27.80415
G1 X73.715 Y97.504 E28.00341
G1 X73.715 Y98.053 E28.02982
G1 X70.785 Y100.982 E28.22908
G1 X70.785 Y101.531 E28.25549
G1 X73.715 Y98.602 E28.45475
G1 X73.715 Y99.15 E28.48111
G1 X70.785 Y102.079 E28.68037
G1 X70.785 Y102.628 E28.70678
G1 X73.715 Y99.699 E28.90604
G1 X73.715 Y100.248 E28.93245
G1 X70.785 Y103.177 E29.13171
G1 X70.785 Y103.726 E29.15812
G1 X73.715 Y100.797 E29.35738
G1 X73.715 Y101.346 E29.38379
G1 X70.785 Y104.275 E29.58305
G1 X70.785 Y104.824 E29.60946
G1 X73.715 Y101.895 E29.80872
G1 X73.715 Y102.443 E29.83508
G1 X70.785 Y105.373 E30.03438
G1 X70.785 Y105.921 E30.06074
G1 X73.715 Y102.992 E30.26
G1 X73.715 Y103.541 E30.28641
G1 X70.785 Y106.47 E30.48567
G1 X70.785 Y107.019 E30.51208
G1 X73.715 Y104.09 E30.71134
G1 X73.715 Y104.639 E30.73775
G1 X70.785 Y107.568 E30.93701
G1 X70.785 Y108.117 E30.96342
G1 X73.733 Y105.17 E31.16391
G1 X73.856 Y105.595 E31.18519
G1 X70.785 Y108.666 E31.39408
G1 X70.785 Y109.215 E31.42049
G1 X74.081 Y105.919 E31.64468
G1 X74.405 Y106.144 E31.66365
G1 X71.334 Y109.215 E31.87254
G1 X71.883 Y109.215 E31.89895
G1 X74.83 Y106.267 E32.09944
G1 X75.361 Y106.285 E32.12499
G1 X72.432 Y109.215 E32.32425
G1 X72.981 Y109.215 E32.35066
G1 X75.91 Y106.285 E32.54992
G1 X76.459 Y106.285 E32.57633
G1 X73.53 Y109.215 E32.77559
G1 X74.079 Y109.215 E32.802
G1 X77.008 Y106.285 E33.00126
G1 X77.556 Y106.285 E33.02762
G1 X74.627 Y109.215 E33.22688
G1 X75.176 Y109.215 E33.25329
G1 X78.105 Y106.285 E33.45255
G1 X78.654 Y106.285 E33.47896
G1 X75.725 Y109.215 E33.67822
G1 X76.274 Y109.215 E33.70463
G1 X79.203 Y106.285 E33.90389
G1 X79.752 Y106.285 E33.9303
G1 X76.823 Y109.215 E34.12956
G1 X77.372 Y109.215 E34.15597
G1 X80.301 Y106.285 E34.35523
G1 X80.85 Y106.285 E34.38164
G1 X77.92 Y109.215 E34.58094
G1 X78.469 Y109.215 E34.60735
G1 X81.398 Y106.285 E34.80661
G1 X81.947 Y106.285 E34.83302
G1 X79.018 Y109.215 E35.03228
G1 X79.567 Y109.215 E35.05869
G1 X82.496 Y106.285 E35.25795
G1 X83.045 Y106.285 E35.28436
G1 X80.116 Y109.215 E35.48362
G1 X80.665 Y109.215 E35.51003
G1 X83.594 Y106.285 E35.70929
G1 X84.143 Y106.285 E35.7357
G1 X81.214 Y109.215 E35.93496
G1 X81.762 Y109.215 E35.96132
G1 X84.692 Y106.285 E36.16062
G1 X85.24 Y106.285 E36.18698
G1 X82.311 Y109.215 E36.38624
G1 X82.86 Y109.215 E36.41265
G1 X85.789 Y106.285 E36.61191
G1 X86.338 Y106.285 E36.63832
G1 X83.409 Y109.215 E36.83758
G1 X83.958 Y109.215 E36.86399
G1 X86.887 Y106.285 E37.06325
G1 X87.436 Y106.285 E37.08966
G1 X84.507 Y109.215 E37.28892
G1 X85.056 Y109.215 E37.31533
G1 X87.985 Y106.285 E37.51459
G1 X88.534 Y106.285 E37.541
G1 X85.604 Y109.215 E37.7403
G1 X86.153 Y109.215 E37.76671
G1 X89.082 Y106.285 E37.96597
G1 X89.631 Y106.285 E37.99238
G1 X86.702 Y109.215 E38.19164
G1 X87.251 Y109.215 E38.21805
G1 X90.18 Y106.285 E38.41731
G1 X90.729 Y106.285 E38.44372
G1 X87.8 Y109.215 E38.64298
G1 X88.349 Y109.215 E38.66939
G1 X91.278 Y106.285 E38.86865
G1 X91.827 Y106.285 E38.89506
G1 X88.898 Y109.215 E39.09432
G1 X89.446 Y109.215 E39.12068
G1 X92.375 Y106.285 E39.31994
G1 X92.924 Y106.285 E39.34635
G1 X89.995 Y109.215 E39.54561
G1 X90.544 Y109.215 E39.57202
G1 X93.473 Y106.285 E39.77128
G1 X94.022 Y106.285 E39.79769
G1 X91.093 Y109.215 E39.99695
G1 X91.642 Y109.215 E40.02336
G1 X94.571 Y106.285 E40.22262
G1 X95.133 Y106.272 E40.24966
G1 X92.191 Y109.215 E40.44981
G1 X92.739 Y109.215 E40.47617
G1 X99.215 Y102.739 E40.91666
G1 X99.215 Y103.288 E40.94307
G1 X93.288 Y109.215 E41.34622
G1 X93.837 Y109.215 E41.37263
G1 X99.215 Y103.837 E41.73844
G1 X99.215 Y104.386 E41.76485
G1 X94.386 Y109.215 E42.09331
G1 X94.935 Y109.215 E42.11972
G1 X99.215 Y104.935 E42.41084
G1 X99.215 Y105.484 E42.43725
G1 X95.484 Y109.215 E42.69103
G1 X96.033 Y109.215 E42.71744
G1 X99.215 Y106.033 E42.93388
G1 X99.215 Y106.581 E42.96024
G1 X96.581 Y109.215 E43.1394
G1 X97.13 Y109.215 E43.16581
G1 X99.215 Y107.13 E43.30763
G1 X99.215 Y107.679 E43.33404
G1 X97.679 Y109.215 E43.43852
G1 X98.228 Y109.215 E43.46493
G1 X99.215 Y108.228 E43.53206
G1 X99.215 Y108.777 E43.55847
G1 X98.603 Y109.388 E43.60006
G1 E41.60006 F2400
G92 E0
G1 X96.064 Y105.342 F7800
G1 E2 F2400
G1 F4200
G1 X99.215 Y102.191 E2.21433
G1 X99.215 Y101.642 E2.24074
G1 X96.285 Y104.571 E2.44
G1 X96.285 Y104.022 E2.46641
G1 X99.215 Y101.093 E2.66567
G1 X99.215 Y100.544 E2.69208
G1 X96.285 Y103.473 E2.89134
G1 X96.285 Y102.924 E2.91775
G1 X99.215 Y99.995 E3.11701
G1 X99.215 Y99.446 E3.14342
G1 X96.285 Y102.375 E3.34268
G1 X96.285 Y101.827 E3.36904
G1 X99.215 Y98.898 E3.5683
G1 X99.215 Y98.349 E3.59471
G1 X96.285 Y101.278 E3.79397
G1 X96.285 Y100.729 E3.82038
G1 X99.215 Y97.8 E4.01964
G1 X99.215 Y97.251 E4.04605
G1 X96.285 Y100.18 E4.24531
G1 X96.285 Y99.631 E4.27172
G1 X99.215 Y96.702 E4.47098
G1 X99.215 Y96.153 E4.49739
G1 X96.285 Y99.082 E4.69665
G1 X96.285 Y98.534 E4.72301
G1 X99.215 Y95.604 E4.92231
G1 X99.215 Y95.056 E4.94867
G1 X96.285 Y97.985 E5.14793
G1 X96.285 Y97.436 E5.17434
G1 X99.215 Y94.507 E5.3736
G1 X99.215 Y93.958 E5.40001
G1 X96.285 Y96.887 E5.59927
G1 X96.285 Y96.338 E5.62568
G1 X99.215 Y93.409 E5.82494
G1 X99.215 Y92.86 E5.85135
G1 X96.285 Y95.789 E6.05061
G1 X96.285 Y95.24 E6.07702
G1 X99.215 Y92.311 E6.27628
G1 X99.215 Y91.762 E6.30269
G1 X96.285 Y94.692 E6.50199
G1 X96.285 Y94.143 E6.5284
G1 X99.215 Y91.214 E6.72766
G1 X99.215 Y90.665 E6.75407
G1 X96.285 Y93.594 E6.95333
G1 X96.285 Y93.045 E6.97974
G1 X99.215 Y90.116 E7.179
G1 X99.215 Y89.567 E7.20541
G1 X96.285 Y92.496 E7.40467
G1 X96.285 Y91.947 E7.43108
G1 X99.215 Y89.018 E7.63034
G1 X99.215 Y88.469 E7.65675
G1 X96.285 Y91.398 E7.85601
G1 X96.285 Y90.85 E7.88237
G1 X99.215 Y87.921 E8.08163
G1 X99.215 Y87.372 E8.10804
G1 X96.285 Y90.301 E8.3073
G1 X96.285 Y89.752 E8.33371
G1 X99.215 Y86.823 E8.53297
G1 X99.215 Y86.274 E8.55938
G1 X96.285 Y89.203 E8.75864
G1 X96.285 Y88.654 E8.78505
G1 X99.215 Y85.725 E8.98431
G1 X99.215 Y85.176 E9.01072
G1 X96.285 Y88.105 E9.20998
G1 X96.285 Y87.556 E9.23639
G1 X99.215 Y84.627 E9.43565
G1 X99.215 Y84.079 E9.46201
G1 X96.285 Y87.008 E9.66127
G1 X96.285 Y86.459 E9.68768
G1 X99.215 Y83.53 E9.88694
G1 X99.215 Y82.981 E9.91335
G1 X96.285 Y85.91 E10.11261
G1 X96.285 Y85.361 E10.13902
G1 X99.215 Y82.432 E10.33828
G1 X99.215 Y81.883 E10.36469
G1 X96.267 Y84.83 E10.56518
G1 X96.144 Y84.405 E10.58646
G1 X99.215 Y81.334 E10.79535
G1 X99.215 Y80.785 E10.82176
G1 X95.919 Y84.081 E11.04595
G1 X95.595 Y83.856 E11.06492
G1 X98.666 Y80.785 E11.27381
G1 X98.117 Y80.785 E11.30022
G1 X95.17 Y83.733 E11.50071
G1 X94.639 Y83.715 E11.52626
G1 X97.568 Y80.785 E11.72552
G1 X97.019 Y80.785 E11.75193
G1 X94.09 Y83.715 E11.95119
G1 X93.541 Y83.715 E11.9776
G1 X96.47 Y80.785 E12.17686
G1 X95.921 Y80.785 E12.20327
G1 X92.992 Y83.715 E12.40253
G1 X92.443 Y83.715 E12.42894
G1 X95.373 Y80.785 E12.62824
G1 X94.824 Y80.785 E12.65465
G1 X91.895 Y83.715 E12.85391
G1 X91.346 Y83.715 E12.88032
G1 X94.275 Y80.785 E13.07958
G1 X93.726 Y80.785 E13.10599
G1 X90.797 Y83.715 E13.30525
G1 X90.248 Y83.715 E13.33166
G1 X93.177 Y80.785 E13.53092
G1 X92.628 Y80.785 E13.55733
G1 X89.699 Y83.715 E13.75659
G1 X89.15 Y83.715 E13.783
G1 X92.079 Y80.785 E13.98226
G1 X91.531 Y80.785 E14.00862
G1 X88.602 Y83.715 E14.20788
G1 X88.053 Y83.715 E14.23429
G1 X90.982 Y80.785 E14.43355
G1 X90.433 Y80.785 E14.45996
G1 X87.504 Y83.715 E14.65922
G1 X86.955 Y83.715 E14.68563
G1 X89.884 Y80.785 E14.88489
G1 X89.335 Y80.785 E14.9113
G1 X86.406 Y83.715 E15.11056
G1 X85.857 Y83.715 E15.13697
G1 X88.786 Y80.785 E15.33623
G1 X88.238 Y80.785 E15.36259
G1 X85.308 Y83.715 E15.56189
G1 X84.76 Y83.715 E15.58825
G1 X87.689 Y80.785 E15.78751
G1 X87.14 Y80.785 E15.81392
G1 X84.211 Y83.715 E16.01318
G1 X83.662 Y83.715 E16.03959
G1 X86.591 Y80.785 E16.23885
G1 X86.042 Y80.785 E16.26526
G1 X83.113 Y83.715 E16.46452
G1 X82.564 Y83.715 E16.49093
G1 X85.493 Y80.785 E16.69019
G1 X84.944 Y80.785 E16.7166
G1 X82.015 Y83.715 E16.91586
G1 X81.466 Y83.715 E16.94227
G1 X84.396 Y80.785 E17.14157
G1 X83.847 Y80.785 E17.16798
G1 X80.918 Y83.715 E17.36724
G1 X80.369 Y83.715 E17.39365
G1 X83.298 Y80.785 E17.59291
G1 X82.749 Y80.785 E17.61932
G1 X79.82 Y83.715 E17.81858
G1 X79.271 Y83.715 E17.84499
G1 X82.2 Y80.785 E18.04425
G1 X81.651 Y80.785 E18.07066
G1 X78.722 Y83.715 E18.26992
G1 X78.173 Y83.715 E18.29633
G1 X81.102 Y80.785 E18.49559
G1 X80.554 Y80.785 E18.52195
G1 X77.625 Y83.715 E18.72121
G1 X77.076 Y83.715 E18.74762
G1 X80.005 Y80.785 E18.94688
G1 X79.456 Y80.785 E18.97329
G1 X76.527 Y83.715 E19.17255
G1 X75.978 Y83.715 E19.19896
G1 X78.907 Y80.785 E19.39822
G1 X78.358 Y80.785 E19.42463
G1 X75.256 Y83.888 E19.63566
;LAYER_CHANGE
;Z:1.55
;HEIGHT:0.3
G1 Z1.55 F7800
G1 X74.288 Y84.285
;TYPE:Perimeter
;WIDTH:0.45
G1 F3600
G1 X74.473 Y84.14 E19.64697
G1 X74.801 Y84.018 E19.6638
G1 X74.968 Y84.004 E19.67186
G1 X95.032 Y84.004 E20.63687
G1 X95.293 Y84.04 E20.64954
G1 X95.527 Y84.14 E20.66178
G1 X95.714 Y84.286 E20.67319
G1 X95.86 Y84.473 E20.6846
G1 X95.96 Y84.707 E20.69684
G1 X95.996 Y84.968 E20.70951
G1 X95.996 Y105.032 E21.67452
G1 X95.96 Y105.293 E21.68719
G1 X95.86 Y105.527 E21.69943
G1 X95.714 Y105.714 E21.71084
G1 X95.527 Y105.86 E21.72225
G1 X95.199 Y105.982 E21.73908
G1 X95.032 Y105.996 E21.74714
G1 X74.968 Y105.996 E22.71215
G1 X74.707 Y105.96 E22.72482
G1 X74.473 Y105.86 E22.73706
G1 X74.286 Y105.714 E22.74847
G1 X74.14 Y105.527 E22.75988
G1 X74.018 Y105.199 E22.77671
G1 X74.004 Y105.032 E22.78477
G1 X74.004 Y84.968 E23.74978
G1 X74.04 Y84.707 E23.76245
G1 X74.14 Y84.473 E23.77469
G1 X74.251 Y84.331 E23.78336
G1 X74.571 Y84.571 F7800
G1 F3600
G1 X74.671 Y84.471 E23.79016
G1 X74.968 Y84.389 E23.80498
G1 X95.032 Y84.389 E24.76999
G1 X95.329 Y84.471 E24.78481
G1 X95.529 Y84.671 E24.79841
G1 X95.611 Y84.968 E24.81323
G1 X95.611 Y105.032 E25.77824
G1 X95.529 Y105.329 E25.79306
G1 X95.329 Y105.529 E25.80666
G1 X95.032 Y105.611 E25.82148
G1 X74.968 Y105.611 E26.78649
G1 X74.671 Y105.529 E26.80131
G1 X74.471 Y105.329 E26.81491
G1 X74.389 Y105.032 E26.82973
G1 X74.389 Y84.968 E27.79474
G1 X74.471 Y84.671 E27.80956
G1 X74.529 Y84.614 E27.81347
G1 X74.829 Y84.838 F7800
;TYPE:External perimeter
G1 F1800
G1 X74.831 Y84.831 E27.81382
G1 X74.968 Y84.775 E27.82094
G1 X95.032 Y84.775 E28.78595
G1 X95.169 Y84.831 E28.79307
G1 X95.225 Y84.968 E28.80019
G1 X95.225 Y105.032 E29.7652
G1 X95.169 Y105.169 E29.77232
G1 X95.032 Y105.225 E29.77944
G1 X74.968 Y105.225 E30.74445
G1 X74.831 Y105.169 E30.75157
G1 X74.775 Y105.032 E30.75869
G1 X74.775 Y84.968 E31.7237
G1 X74.806 Y84.893 E31.7276
G1 X75.19 Y84.782 F7800
G1 E29.7276 F2400
G92 E0
G1 X70.496 Y80.496 F7800
G1 E2 F2400
;TYPE:Perimeter
G1 F3600
G1 X99.504 Y80.496 E3.39518
G1 X99.504 Y82.716 E3.50195
G1 X99.504 Y109.504 E4.79036
G1 X70.496 Y109.504 E6.18554
G1 X70.496 Y80.556 E7.57784
G1 X70.111 Y80.111 F7800
G1 F3600
G1 X99.889 Y80.111 E9.01006
G1 X99.889 Y82.716 E9.13535
G1 X99.889 Y109.889 E10.44228
G1 X70.111 Y109.889 E11.8745
G1 X70.111 Y80.171 E13.30383
G1 X69.725 Y79.725 F7800
;TYPE:External perimeter
G1 F1800
G1 X100.275 Y79.725 E14.77318
G1 X100.275 Y82.716 E14.91704
G1 X100.275 Y110.275 E16.24253
G1 X69.725 Y110.275 E17.71188
G1 X69.725 Y79.785 E19.17834
G1 X70.121 Y79.726 F7800
G1 E17.17834 F2400
G92 E0
G1 X92.017 Y80.612 F7800
G1 E2 F2400
;TYPE:Internal infill
;WIDTH:0.45
G1 F4200
G1 X95.133 Y83.728 E2.21195
G1 X94.571 Y83.715 E2.23899
G1 X91.642 Y80.785 E2.43825
G1 X91.093 Y80.785 E2.46466
G1 X94.022 Y83.715 E2.66392
G1 X93.473 Y83.715 E2.69033
G1 X90.544 Y80.785 E2.88959
G1 X89.995 Y80.785 E2.916
G1 X92.924 Y83.715 E3.11526
G1 X92.375 Y83.715 E3.14167
G1 X89.446 Y80.785 E3.34093
G1 X88.898 Y80.785 E3.36729
G1 X91.827 Y83.715 E3.56655
G1 X91.278 Y83.715 E3.59296
G1 X88.349 Y80.785 E3.79222
G1 X87.8 Y80.785 E3.81863
G1 X90.729 Y83.715 E4.01789
G1 X90.18 Y83.715 E4.0443
G1 X87.251 Y80.785 E4.24356
G1 X86.702 Y80.785 E4.26997
G1 X89.631 Y83.715 E4.46923
G1 X89.082 Y83.715 E4.49564
G1 X86.153 Y80.785 E4.6949
G1 X85.604 Y80.785 E4.72131
G1 X88.534 Y83.715 E4.92061
G1 X87.985 Y83.715 E4.94702
G1 X85.056 Y80.785 E5.14628
G1 X84.507 Y80.785 E5.17269
G1 X87.436 Y83.715 E5.37195
G1 X86.887 Y83.715 E5.39836
G1 X83.958 Y80.785 E5.59762
G1 X83.409 Y80.785 E5.62403
G1 X86.338 Y83.715 E5.82329
G1 X85.789 Y83.715 E5.8497
G1 X82.86 Y80.785 E6.04896
G1 X82.311 Y80.785 E6.07537
G1 X85.24 Y83.715 E6.27463
G1 X84.692 Y83.715 E6.30099
G1 X81.762 Y80.785 E6.50029
G1 X81.214 Y80.785 E6.52665
G1 X84.143 Y83.715 E6.72591
G1 X83.594 Y83.715 E6.75232
G1 X80.665 Y80.785 E6.95158
G1 X80.116 Y80.785 E6.97799
G1 X83.045 Y83.715 E7.17725
G1 X82.496 Y83.715 E7.20366
G1 X79.567 Y80.785 E7.40292
G1 X79.018 Y80.785 E7.42933
G1 X81.947 Y83.715 E7.62859
G1 X81.398 Y83.715 E7.655
G1 X78.469 Y80.785 E7.85426
G1 X77.92 Y80.785 E7.88067
G1 X80.85 Y83.715 E8.07997
G1 X80.301 Y83.715 E8.10638
G1 X77.372 Y80.785 E8.30564
G1 X76.823 Y80.785 E8.33205
G1 X79.752 Y83.715 E8.53131
G1 X79.203 Y83.715 E8.55772
G1 X76.274 Y80.785 E8.75698
G1 X75.725 Y80.785 E8.78339
G1 X78.654 Y83.715 E8.98265
G1 X78.105 Y83.715 E9.00906
G1 X75.176 Y80.785 E9.20832
G1 X74.627 Y80.785 E9.23473
G1 X77.556 Y83.715 E9.43399
G1 X77.008 Y83.715 E9.46035
G1 X74.079 Y80.785 E9.65961
G1 X73.53 Y80.785 E9.68602
G1 X76.459 Y83.715 E9.88528
G1 X75.91 Y83.715 E9.91169
G1 X72.981 Y80.785 E10.11095
G1 X72.432 Y80.785 E10.13736
G1 X75.361 Y83.715 E10.33662
G1 X74.83 Y83.733 E10.36217
G1 X71.883 Y80.785 E10.56266
G1 X71.334 Y80.785 E10.58907
G1 X74.405 Y83.856 E10.79796
G1 X74.081 Y84.081 E10.81693
G1 X70.785 Y80.785 E11.04112
G1 X70.785 Y81.334 E11.06753
G1 X73.856 Y84.405 E11.27642
G1 X73.733 Y84.83 E11.2977
G1 X70.785 Y81.883 E11.49819
G1 X70.785 Y82.432 E11.5246
G1 X73.715 Y85.361 E11.72386
G1 X73.715 Y85.91 E11.75027
G1 X70.785 Y82.981 E11.94953
G1 X70.785 Y83.53 E11.97594
G1 X73.715 Y86.459 E12.1752
G1 X73.715 Y87.008 E12.20161
G1 X70.785 Y84.079 E12.40087
G1 X70.785 Y84.627 E12.42723
G1 X73.715 Y87.557 E12.62653
G1 X73.715 Y88.105 E12.65289
G1 X70.785 Y85.176 E12.85215
G1 X70.785 Y85.725 E12.87856
G1 X73.715 Y88.654 E13.07782
G1 X73.715 Y89.203 E13.10423
G1 X70.785 Y86.274 E13.30349
G1 X70.785 Y86.823 E13.3299
G1 X73.715 Y89.752 E13.52916
G1 X73.715 Y90.301 E13.55557
G1 X70.785 Y87.372 E13.75483
G1 X70.785 Y87.921 E13.78124
G1 X73.715 Y90.85 E13.9805
G1 X73.715 Y91.398 E14.00686
G1 X70.785 Y88.469 E14.20612
G1 X70.785 Y89.018 E14.23253
G1 X73.715 Y91.947 E14.43179
G1 X73.715 Y92.496 E14.4582
G1 X70.785 Y89.567 E14.65746
G1 X70.785 Y90.116 E14.68387
G1 X73.715 Y93.045 E14.88313
G1 X73.715 Y93.594 E14.90954
G1 X70.785 Y90.665 E15.1088
G1 X70.785 Y91.214 E15.13521
G1 X73.715 Y94.143 E15.33447
G1 X73.715 Y94.692 E15.36088
G1 X70.785 Y91.762 E15.56018
G1 X70.785 Y92.311 E15.58659
G1 X73.715 Y95.24 E15.78585
G1 X73.715 Y95.789 E15.81226
G1 X70.785 Y92.86 E16.01152
G1 X70.785 Y93.409 E16.03793
G1 X73.715 Y96.338 E16.23719
G1 X73.715 Y96.887 E16.2636
G1 X70.785 Y93.958 E16.46286
G1 X70.785 Y94.507 E16.48927
G1 X73.715 Y97.436 E16.68853
G1 X73.715 Y97.985 E16.71494
G1 X70.785 Y95.056 E16.9142
G1 X70.785 Y95.604 E16.94056
G1 X73.715 Y98.534 E17.13986
G1 X73.715 Y99.082 E17.16622
G1 X70.785 Y96.153 E17.36548
G1 X70.785 Y96.702 E17.39189
G1 X73.715 Y99.631 E17.59115
G1 X73.715 Y100.18 E17.61756
G1 X70.785 Y97.251 E17.81682
G1 X70.785 Y97.8 E17.84323
G1 X73.715 Y100.729 E18.04249
G1 X73.715 Y101.278 E18.0689
G1 X70.785 Y98.349 E18.26816
G1 X70.785 Y98.898 E18.29457
G1 X73.715 Y101.827 E18.49383
G1 X73.715 Y102.375 E18.52019
G1 X70.785 Y99.446 E18.71945
G1 X70.785 Y99.995 E18.74586
G1 X73.715 Y102.924 E18.94512
G1 X73.715 Y103.473 E18.97153
G1 X70.785 Y100.544 E19.17079
G1 X70.785 Y101.093 E19.1972
G1 X73.715 Y104.022 E19.39646
G1 X73.715 Y104.571 E19.42287
G1 X70.785 Y101.642 E19.62213
G1 X70.785 Y102.191 E19.64854
G1 X73.728 Y105.133 E19.84869
G1 X73.891 Y105.675 E19.87591
G1 X74.081 Y105.919 E19.89078
G1 X74.325 Y106.109 E19.90565
G1 X74.867 Y106.272 E19.93287
G1 X77.809 Y109.215 E20.13302
G1 X78.358 Y109.215 E20.15943
G1 X75.429 Y106.285 E20.35869
G1 X75.978 Y106.285 E20.3851
G1 X78.907 Y109.215 E20.58436
G1 X79.456 Y109.215 E20.61077
G1 X76.527 Y106.285 E20.81003
G1 X77.076 Y106.285 E20.83644
G1 X80.005 Y109.215 E21.0357
G1 X80.554 Y109.215 E21.06211
G1 X77.625 Y106.285 E21.26137
G1 X78.173 Y106.285 E21.28773
G1 X81.102 Y109.215 E21.48699
G1 X81.651 Y109.215 E21.5134
G1 X78.722 Y106.285 E21.71266
G1 X79.271 Y106.285 E21.73907
G1 X82.2 Y109.215 E21.93833
G1 X82.749 Y109.215 E21.96474
G1 X79.82 Y106.285 E22.164
G1 X80.369 Y106.285 E22.19041
G1 X83.298 Y109.215 E22.38967
G1 X83.847 Y109.215 E22.41608
G1 X80.918 Y106.285 E22.61534
G1 X81.466 Y106.285 E22.6417
G1 X84.396 Y109.215 E22.841
G1 X84.944 Y109.215 E22.86736
G1 X82.015 Y106.285 E23.06662
G1 X82.564 Y106.285 E23.09303
G1 X85.493 Y109.215 E23.29229
G1 X86.042 Y109.215 E23.3187
G1 X83.113 Y106.285 E23.51796
G1 X83.662 Y106.285 E23.54437
G1 X86.591 Y109.215 E23.74363
G1 X87.14 Y109.215 E23.77004
G1 X84.211 Y106.285 E23.9693
G1 X84.76 Y106.285 E23.99571
G1 X87.689 Y109.215 E24.19497
G1 X88.238 Y109.215 E24.22138
G1 X85.308 Y106.285 E24.42068
G1 X85.857 Y106.285 E24.44709
G1 X88.786 Y109.215 E24.64635
G1 X89.335 Y109.215 E24.67276
G1 X86.406 Y106.285 E24.87202
G1 X86.955 Y106.285 E24.89843
G1 X89.884 Y109.215 E25.09769
G1 X90.433 Y109.215 E25.1241
G1 X87.504 Y106.285 E25.32336
G1 X88.053 Y106.285 E25.34977
G1 X90.982 Y109.215 E25.54903
G1 X91.531 Y109.215 E25.57544
G1 X88.602 Y106.285 E25.7747
G1 X89.15 Y106.285 E25.80106
G1 X92.079 Y109.215 E26.00032
G1 X92.628 Y109.215 E26.02673
G1 X89.699 Y106.285 E26.22599
G1 X90.248 Y106.285 E26.2524
G1 X93.177 Y109.215 E26.45166
G1 X93.726 Y109.215 E26.47807
G1 X90.797 Y106.285 E26.67733
G1 X91.346 Y106.285 E26.70374
G1 X94.275 Y109.215 E26.903
G1 X94.824 Y109.215 E26.92941
G1 X91.895 Y106.285 E27.12867
G1 X92.443 Y106.285 E27.15503
G1 X95.373 Y109.215 E27.35433
G1 X95.921 Y109.215 E27.38069
G1 X92.992 Y106.285 E27.57995
G1 X93.541 Y106.285 E27.60636
G1 X96.47 Y109.215 E27.80562
G1 X97.019 Y109.215 E27.83203
G1 X94.09 Y106.285 E28.03129
G1 X94.639 Y106.285 E28.0577
G1 X97.568 Y109.215 E28.25696
G1 X98.117 Y109.215 E28.28337
G1 X95.17 Y106.267 E28.48386
G1 X95.595 Y106.144 E28.50514
G1 X98.666 Y109.215 E28.71403
G1 X99.215 Y109.215 E28.74044
G1 X95.919 Y105.919 E28.96463
G1 X96.144 Y105.595 E28.9836
G1 X99.215 Y108.666 E29.19249
G1 X99.215 Y108.117 E29.2189
G1 X96.267 Y105.17 E29.41939
G1 X96.285 Y104.639 E29.44494
G1 X99.215 Y107.568 E29.6442
G1 X99.215 Y107.019 E29.67061
G1 X96.285 Y104.09 E29.86987
G1 X96.285 Y103.541 E29.89628
G1 X99.215 Y106.47 E30.09554
G1 X99.215 Y105.921 E30.12195
G1 X96.285 Y102.992 E30.32121
G1 X96.285 Y102.444 E30.34757
G1 X99.215 Y105.373 E30.54683
G1 X99.215 Y104.824 E30.57324
G1 X96.285 Y101.895 E30.7725
G1 X96.285 Y101.346 E30.79891
G1 X99.215 Y104.275 E30.99817
G1 X99.215 Y103.726 E31.02458
G1 X96.285 Y100.797 E31.22384
G1 X96.285 Y100.248 E31.25025
G1 X99.215 Y103.177 E31.44951
G1 X99.215 Y102.628 E31.47592
G1 X96.285 Y99.699 E31.67518
G1 X96.285 Y99.15 E31.70159
G1 X99.215 Y102.08 E31.90089
G1 X99.215 Y101.531 E31.9273
G1 X96.285 Y98.602 E32.12656
G1 X96.285 Y98.053 E32.15297
G1 X99.215 Y100.982 E32.35223
G1 X99.215 Y100.433 E32.37864
G1 X96.285 Y97.504 E32.5779
G1 X96.285 Y96.955 E32.60431
G1 X99.215 Y99.884 E32.80357
G1 X99.215 Y99.335 E32.82998
G1 X96.285 Y96.406 E33.02924
G1 X96.285 Y95.857 E33.05565
G1 X99.215 Y98.786 E33.25491
G1 X99.215 Y98.238 E33.28127
G1 X96.285 Y95.308 E33.48057
G1 X96.285 Y94.76 E33.50693
G1 X99.215 Y97.689 E33.70619
G1 X99.215 Y97.14 E33.7326
G1 X96.285 Y94.211 E33.93186
G1 X96.285 Y93.662 E33.95827
G1 X99.215 Y96.591 E34.15753
G1 X99.215 Y96.042 E34.18394
G1 X96.285 Y93.113 E34.3832
G1 X96.285 Y92.564 E34.40961
G1 X99.215 Y95.493 E34.60887
G1 X99.215 Y94.944 E34.63528
G1 X96.285 Y92.015 E34.83454
G1 X96.285 Y91.466 E34.86095
G1 X99.215 Y94.396 E35.06025
G1 X99.215 Y93.847 E35.08666
G1 X96.285 Y90.918 E35.28592
G1 X96.285 Y90.369 E35.31233
G1 X99.215 Y93.298 E35.51159
G1 X99.215 Y92.749 E35.538
G1 X96.285 Y89.82 E35.73726
G1 X96.285 Y89.271 E35.76367
G1 X99.215 Y92.2 E35.96293
G1 X99.215 Y91.651 E35.98934
G1 X96.285 Y88.722 E36.1886
G1 X96.285 Y88.173 E36.21501
G1 X99.215 Y91.102 E36.41427
G1 X99.215 Y90.554 E36.44063
G1 X96.285 Y87.625 E36.63989
G1 X96.285 Y87.076 E36.6663
G1 X99.215 Y90.005 E36.86556
G1 X99.215 Y89.456 E36.89197
G1 X96.285 Y86.527 E37.09123
G1 X96.285 Y85.978 E37.11764
G1 X99.215 Y88.907 E37.3169
G1 X99.215 Y88.358 E37.34331
G1 X96.285 Y85.429 E37.54257
G1 X96.272 Y84.867 E37.56961
G1 X99.215 Y87.809 E37.76976
G1 X99.215 Y87.261 E37.79612
G1 X92.739 Y80.785 E38.23661
G1 X93.288 Y80.785 E38.26302
G1 X99.215 Y86.712 E38.66617
G1 X99.215 Y86.163 E38.69258
G1 X93.837 Y80.785 E39.05839
G1 X94.386 Y80.785 E39.0848
G1 X99.215 Y85.614 E39.41326
G1 X99.215 Y85.065 E39.43967
G1 X94.935 Y80.785 E39.73079
G1 X95.484 Y80.785 E39.7572
G1 X99.215 Y84.516 E40.01098
G1 X99.215 Y83.967 E40.03739
G1 X96.033 Y80.785 E40.25383
G1 X96.581 Y80.785 E40.28019
G1 X99.215 Y83.419 E40.45935
G1 X99.215 Y82.87 E40.48576
G1 X97.13 Y80.785 E40.62758
G1 X97.679 Y80.785 E40.65399
G1 X99.215 Y82.321 E40.75847
G1 X99.215 Y81.772 E40.78488
G1 X98.228 Y80.785 E40.85201
G1 X98.777 Y80.785 E40.87842
G1 X99.388 Y81.397 E40.92001
G1 E38.92001 F2400
G92 E0
G1 X77.434 Y109.388 F7800
G1 E2 F2400
G1 F4200
G1 X70.785 Y102.739 E2.45226
G1 X70.785 Y103.288 E2.47867
G1 X76.712 Y109.215 E2.88182
G1 X76.163 Y109.215 E2.90823
G1 X70.785 Y103.837 E3.27404
G1 X70.785 Y104.386 E3.30045
G1 X75.614 Y109.215 E3.62891
G1 X75.065 Y109.215 E3.65532
G1 X70.785 Y104.935 E3.94644
G1 X70.785 Y105.484 E3.97285
G1 X74.516 Y109.215 E4.22663
G1 X73.967 Y109.215 E4.25304
G1 X70.785 Y106.033 E4.46948
G1 X70.785 Y106.581 E4.49584
G1 X73.419 Y109.215 E4.675
G1 X72.87 Y109.215 E4.70141
G1 X70.785 Y107.13 E4.84323
G1 X70.785 Y107.679 E4.86964
G1 X72.321 Y109.215 E4.97412
G1 X71.772 Y109.215 E5.00053
G1 X70.785 Y108.228 E5.06766
G1 X70.785 Y108.777 E5.09407
G1 X71.397 Y109.388 E5.13566
;LAYER_CHANGE
;Z:1.85
;HEIGHT:0.3
G1 E3.13566 F2400
G92 E0
G1 Z1.85 F7800
G1 X74.288 Y84.285
G1 E2 F2400
;TYPE:Perimeter
;WIDTH:0.45
G1 F3600
G1 X74.473 Y84.14 E2.01131
G1 X74.801 Y84.018 E2.02814
G1 X74.968 Y84.004 E2.0362
G1 X95.032 Y84.004 E3.00121
G1 X95.293 Y84.04 E3.01388
G1 X95.527 Y84.14 E3.02612
G1 X95.714 Y84.286 E3.03753
G1 X95.86 Y84.473 E3.04894
G1 X95.96 Y84.707 E3.06118
G1 X95.996 Y84.968 E3.07385
G1 X95.996 Y105.032 E4.03886
G1 X95.96 Y105.293 E4.05153
G1 X95.86 Y105.527 E4.06377
G1 X95.714 Y105.714 E4.07518
G1 X95.527 Y105.86 E4.08659
G1 X95.199 Y105.982 E4.10342
G1 X95.032 Y105.996 E4.11148
G1 X74.968 Y105.996 E5.07649
G1 X74.707 Y105.96 E5.08916
G1 X74.473 Y105.86 E5.1014
G1 X74.286 Y105.714 E5.11281
G1 X74.14 Y105.527 E5.12422
G1 X74.018 Y105.199 E5.14105
G1 X74.004 Y105.032 E5.14911
G1 X74.004 Y84.968 E6.11412
G1 X74.04 Y84.707 E6.12679
G1 X74.14 Y84.473 E6.13903
G1 X74.251 Y84.331 E6.1477
G1 X74.571 Y84.571 F7800
G1 F3600
G1 X74.671 Y84.471 E6.1545
G1 X74.968 Y84.389 E6.16932
G1 X95.032 Y84.389 E7.13433
G1 X95.329 Y84.471 E7.14915
G1 X95.529 Y84.671 E7.16275
G1 X95.611 Y84.968 E7.17757
G1 X95.611 Y105.032 E8.14258
G1 X95.529 Y105.329 E8.1574
G1 X95.329 Y105.529 E8.171
G1 X95.032 Y105.611 E8.18582
G1 X74.968 Y105.611 E9.15083
G1 X74.671 Y105.529 E9.16565
G1 X74.471 Y105.329 E9.17925
G1 X74.389 Y105.032 E9.19407
G1 X74.389 Y84.968 E10.15908
G1 X74.471 Y84.671 E10.1739
G1 X74.529 Y84.614 E10.17781
G1 X74.829 Y84.838 F7800
;TYPE:External perimeter
G1 F1800
G1 X74.831 Y84.831 E10.17816
G1 X74.968 Y84.775 E10.18528
G1 X95.032 Y84.775 E11.15029
G1 X95.169 Y84.831 E11.15741
G1 X95.225 Y84.968 E11.16453
G1 X95.225 Y105.032 E12.12954
G1 X95.169 Y105.169 E12.13666
G1 X95.032 Y105.225 E12.14378
G1 X74.968 Y105.225 E13.10879
G1 X74.831 Y105.169 E13.11591
G1 X74.775 Y105.032 E13.12303
G1 X74.775 Y84.968 E14.08804
G1 X74.806 Y84.893 E14.09194
G1 X75.19 Y84.782 F7800
G1 E12.09194 F2400
G92 E0
G1 X70.496 Y80.496 F7800
G1 E2 F2400
;TYPE:Perimeter
G1 F3600
G1 X99.504 Y80.496 E3.39518
G1 X99.504 Y82.716 E3.50195
G1 X99.504 Y109.504 E4.79036
G1 X70.496 Y109.504 E6.18554
G1 X70.496 Y80.556 E7.57784
G1 X70.111 Y80.111 F7800
G1 F3600
G1 X99.889 Y80.111 E9.01006
G1 X99.889 Y82.716 E9.13535
G1 X99.889 Y109.889 E10.44228
G1 X70.111 Y109.889 E11.8745
G1 X70.111 Y80.171 E13.30383
G1 X69.725 Y79.725 F7800
;TYPE:External perimeter
G1 F1800
G1 X100.275 Y79.725 E14.77318
G1 X100.275 Y82.716 E14.91704
G1 X100.275 Y110.275 E16.24253
G1 X69.725 Y110.275 E17.71188
G1 X69.725 Y79.785 E19.17834
G1 X70.121 Y79.726 F7800
G1 X70.612 Y81.397
;TYPE:Internal infill
;WIDTH:0.45
G1 F4200
G1 X71.223 Y80.785 E19.21993
G1 X71.772 Y80.785 E19.24634
G1 X70.785 Y81.772 E19.31347
G1 X70.785 Y82.321 E19.33988
G1 X72.321 Y80.785 E19.44436
G1 X72.87 Y80.785 E19.47077
G1 X70.785 Y82.87 E19.61259
G1 X70.785 Y83.419 E19.639
G1 X73.419 Y80.785 E19.81816
G1 X73.967 Y80.785 E19.84452
G1 X70.785 Y83.967 E20.06096
G1 X70.785 Y84.516 E20.08737
G1 X74.516 Y80.785 E20.34115
G1 X75.065 Y80.785 E20.36756
G1 X70.785 Y85.065 E20.65868
G1 X70.785 Y85.614 E20.68509
G1 X75.614 Y80.785 E21.01355
G1 X76.163 Y80.785 E21.03996
G1 X70.785 Y86.163 E21.40577
G1 X70.785 Y86.712 E21.43218
G1 X76.712 Y80.785 E21.83533
G1 X77.261 Y80.785 E21.86174
G1 X70.612 Y87.434 E22.314
G1 E20.314 F2400
G92 E0
G1 X99.388 Y102.017 F7800
G1 E2 F2400
G1 F4200
G1 X96.272 Y105.133 E2.21195
G1 X96.285 Y104.571 E2.23899
G1 X99.215 Y101.642 E2.43825
G1 X99.215 Y101.093 E2.46466
G1 X96.285 Y104.022 E2.66392
G1 X96.285 Y103.473 E2.69033
G1 X99.215 Y100.544 E2.88959
G1 X99.215 Y99.995 E2.916
G1 X96.285 Y102.924 E3.11526
G1 X96.285 Y102.375 E3.14167
G1 X99.215 Y99.446 E3.34093
G1 X99.215 Y98.898 E3.36729
G1 X96.285 Y101.827 E3.56655
G1 X96.285 Y101.278 E3.59296
G1 X99.215 Y98.349 E3.79222
G1 X99.215 Y97.8 E3.81863
G1 X96.285 Y100.729 E4.01789
G1 X96.285 Y100.18 E4.0443
G1 X99.215 Y97.251 E4.24356
G1 X99.215 Y96.702 E4.26997
G1 X96.285 Y99.631 E4.46923
G1 X96.285 Y99.082 E4.49564
G1 X99.215 Y96.153 E4.6949
G1 X99.215 Y95.604 E4.72131
G1 X96.285 Y98.534 E4.92061
G1 X96.285 Y97.985 E4.94702
G1 X99.215 Y95.056 E5.14628
G1 X99.215 Y94.507 E5.17269
G1 X96.285 Y97.436 E5.37195
G1 X96.285 Y96.887 E5.39836
G1 X99.215 Y93.958 E5.59762
G1 X99.215 Y93.409 E5.62403
G1 X96.285 Y96.338 E5.82329
G1 X96.285 Y95.789 E5.8497
G1 X99.215 Y92.86 E6.04896
G1 X99.215 Y92.311 E6.07537
G1 X96.285 Y95.24 E6.27463
G1 X96.285 Y94.692 E6.30099
G1 X99.215 Y91.762 E6.50029
G1 X99.215 Y91.214 E6.52665
G1 X96.285 Y94.143 E6.72591
G1 X96.285 Y93.594 E6.75232
G1 X99.215 Y90.665 E6.95158
G1 X99.215 Y90.116 E6.97799
G1 X96.285 Y93.045 E7.17725
G1 X96.285 Y92.496 E7.20366
G1 X99.215 Y89.567 E7.40292
G1 X99.215 Y89.018 E7.42933
G1 X96.285 Y91.947 E7.62859
G1 X96.285 Y91.398 E7.655
G1 X99.215 Y88.469 E7.85426
G1 X99.215 Y87.921 E7.88062
G1 X96.285 Y90.85 E8.07988
G1 X96.285 Y90.301 E8.10629
G1 X99.215 Y87.372 E8.30555
G1 X99.215 Y86.823 E8.33196
G1 X96.285 Y89.752 E8.53122
G1 X96.285 Y89.203 E8.55763
G1 X99.215 Y86.274 E8.75689
G1 X99.215 Y85.725 E8.7833
G1 X96.285 Y88.654 E8.98256
G1 X96.285 Y88.105 E9.00897
G1 X99.215 Y85.176 E9.20823
G1 X99.215 Y84.627 E9.23464
G1 X96.285 Y87.556 E9.4339
G1 X96.285 Y87.008 E9.46026
G1 X99.215 Y84.079 E9.65952
G1 X99.215 Y83.53 E9.68593
G1 X96.285 Y86.459 E9.88519
G1 X96.285 Y85.91 E9.9116
G1 X99.215 Y82.981 E10.11086
G1 X99.215 Y82.432 E10.13727
G1 X96.285 Y85.361 E10.33653
G1 X96.267 Y84.83 E10.36208
G1 X99.215 Y81.883 E10.56257
G1 X99.215 Y81.334 E10.58898
G1 X96.144 Y84.405 E10.79787
G1 X95.919 Y84.081 E10.81684
G1 X99.215 Y80.785 E11.04103
G1 X98.666 Y80.785 E11.06744
G1 X95.595 Y83.856 E11.27633
G1 X95.17 Y83.733 E11.29761
G1 X98.117 Y80.785 E11.4981
G1 X97.568 Y80.785 E11.52451
G1 X94.639 Y83.715 E11.72377
G1 X94.09 Y83.715 E11.75018
G1 X97.019 Y80.785 E11.94944
G1 X96.47 Y80.785 E11.97585
G1 X93.541 Y83.715 E12.17511
G1 X92.992 Y83.715 E12.20152
G1 X95.921 Y80.785 E12.40078
G1 X95.373 Y80.785 E12.42714
G1 X92.443 Y83.715 E12.62644
G1 X91.895 Y83.715 E12.6528
G1 X94.824 Y80.785 E12.85206
G1 X94.275 Y80.785 E12.87847
G1 X91.346 Y83.715 E13.07773
G1 X90.797 Y83.715 E13.10414
G1 X93.726 Y80.785 E13.3034
G1 X93.177 Y80.785 E13.32981
G1 X90.248 Y83.715 E13.52907
G1 X89.699 Y83.715 E13.55548
G1 X92.628 Y80.785 E13.75474
G1 X92.079 Y80.785 E13.78115
G1 X89.15 Y83.715 E13.98041
G1 X88.602 Y83.715 E14.00677
G1 X91.531 Y80.785 E14.20603
G1 X90.982 Y80.785 E14.23244
G1 X88.053 Y83.715 E14.4317
G1 X87.504 Y83.715 E14.45811
G1 X90.433 Y80.785 E14.65737
G1 X89.884 Y80.785 E14.68378
G1 X86.955 Y83.715 E14.88304
G1 X86.406 Y83.715 E14.90945
G1 X89.335 Y80.785 E15.10871
G1 X88.786 Y80.785 E15.13512
G1 X85.857 Y83.715 E15.33438
G1 X85.308 Y83.715 E15.36079
G1 X88.238 Y80.785 E15.56009
G1 X87.689 Y80.785 E15.5865
G1 X84.76 Y83.715 E15.78576
G1 X84.211 Y83.715 E15.81217
G1 X87.14 Y80.785 E16.01143
G1 X86.591 Y80.785 E16.03784
G1 X83.662 Y83.715 E16.2371
G1 X83.113 Y83.715 E16.26351
G1 X86.042 Y80.785 E16.46277
G1 X85.493 Y80.785 E16.48918
G1 X82.564 Y83.715 E16.68844
G1 X82.015 Y83.715 E16.71485
G1 X84.944 Y80.785 E16.91411
G1 X84.396 Y80.785 E16.94047
G1 X81.466 Y83.715 E17.13977
G1 X80.918 Y83.715 E17.16613
G1 X83.847 Y80.785 E17.36539
G1 X83.298 Y80.785 E17.3918
G1 X80.369 Y83.715 E17.59106
G1 X79.82 Y83.715 E17.61747
G1 X82.749 Y80.785 E17.81673
G1 X82.2 Y80.785 E17.84314
G1 X79.271 Y83.715 E18.0424
G1 X78.722 Y83.715 E18.06881
G1 X81.651 Y80.785 E18.26807
G1 X81.102 Y80.785 E18.29448
G1 X78.173 Y83.715 E18.49374
G1 X77.625 Y83.715 E18.5201
G1 X80.554 Y80.785 E18.71936
G1 X80.005 Y80.785 E18.74577
G1 X77.076 Y83.715 E18.94503
G1 X76.527 Y83.715 E18.97144
G1 X79.456 Y80.785 E19.1707
G1 X78.907 Y80.785 E19.19711
G1 X75.978 Y83.715 E19.39637
G1 X75.429 Y83.715 E19.42278
G1 X78.358 Y80.785 E19.62204
G1 X77.809 Y80.785 E19.64845
G1 X74.867 Y83.728 E19.8486
G1 X74.325 Y83.891 E19.87582
G1 X74.081 Y84.081 E19.89069
G1 X73.891 Y84.325 E19.90556
G1 X73.728 Y84.867 E19.93278
G1 X70.785 Y87.809 E20.13293
G1 X70.785 Y88.358 E20.15934
G1 X73.715 Y85.429 E20.3586
G1 X73.715 Y85.978 E20.38501
G1 X70.785 Y88.907 E20.58427
G1 X70.785 Y89.456 E20.61068
G1 X73.715 Y86.527 E20.80994
G1 X73.715 Y87.076 E20.83635
G1 X70.785 Y90.005 E21.03561
G1 X70.785 Y90.554 E21.06202
G1 X73.715 Y87.625 E21.26128
G1 X73.715 Y88.173 E21.28764
G1 X70.785 Y91.102 E21.4869
G1 X70.785 Y91.651 E21.51331
G1 X73.715 Y88.722 E21.71257
G1 X73.715 Y89.271 E21.73898
G1 X70.785 Y92.2 E21.93824
G1 X70.785 Y92.749 E21.96465
G1 X73.715 Y89.82 E22.16391
G1 X73.715 Y90.369 E22.19032
G1 X70.785 Y93.298 E22.38958
G1 X70.785 Y93.847 E22.41599
G1 X73.715 Y90.918 E22.61525
G1 X73.715 Y91.466 E22.64161
G1 X70.785 Y94.396 E22.84091
G1 X70.785 Y94.944 E22.86727
G1 X73.715 Y92.015 E23.06653
G1 X73.715 Y92.564 E23.09294
G1 X70.785 Y95.493 E23.2922
G1 X70.785 Y96.042 E23.31861
G1 X73.715 Y93.113 E23.51787
G1 X73.715 Y93.662 E23.54428
G1 X70.785 Y96.591 E23.74354
G1 X70.785 Y97.14 E23.76995
G1 X73.715 Y94.211 E23.96921
G1 X73.715 Y94.76 E23.99562
G1 X70.785 Y97.689 E24.19488
G1 X70.785 Y98.238 E24.22129
G1 X73.715 Y95.308 E24.42059
G1 X73.715 Y95.857 E24.447
G1 X70.785 Y98.786 E24.64626
G1 X70.785 Y99.335 E24.67267
G1 X73.715 Y96.406 E24.87193
G1 X73.715 Y96.955 E24.89834
G1 X70.785 Y99.884 E25.0976
G1 X70.785 Y100.433 E25.12401
G1 X73.715 Y97.504 E25.32327
G1 X73.715 Y98.053 E25.34968
G1 X70.785 Y100.982 E25.54894
G1 X70.785 Y101.531 E25.57535
G1 X73.715 Y98.602 E25.77461
G1 X73.715 Y99.15 E25.80097
G1 X70.785 Y102.079 E26.00023
G1 X70.785 Y102.628 E26.02664
G1 X73.715 Y99.699 E26.2259
G1 X73.715 Y100.248 E26.25231
G1 X70.785 Y103.177 E26.45157
G1 X70.785 Y103.726 E26.47798
G1 X73.715 Y100.797 E26.67724
G1 X73.715 Y101.346 E26.70365
G1 X70.785 Y104.275 E26.90291
G1 X70.785 Y104.824 E26.92932
G1 X73.715 Y101.895 E27.12858
G1 X73.715 Y102.443 E27.15494
G1 X70.785 Y105.373 E27.35424
G1 X70.785 Y105.921 E27.3806
G1 X73.715 Y102.992 E27.57986
G1 X73.715 Y103.541 E27.60627
G1 X70.785 Y106.47 E27.80553
G1 X70.785 Y107.019 E27.83194
G1 X73.715 Y104.09 E28.0312
G1 X73.715 Y104.639 E28.05761
G1 X70.785 Y107.568 E28.25687
G1 X70.785 Y108.117 E28.28328
G1 X73.733 Y105.17 E28.48377
G1 X73.856 Y105.595 E28.50505
G1 X70.785 Y108.666 E28.71394
G1 X70.785 Y109.215 E28.74035
G1 X74.081 Y105.919 E28.96454
G1 X74.405 Y106.144 E28.98351
G1 X71.334 Y109.215 E29.1924
G1 X71.883 Y109.215 E29.21881
G1 X74.83 Y106.267 E29.4193
G1 X75.361 Y106.285 E29.44485
G1 X72.432 Y109.215 E29.64411
G1 X72.981 Y109.215 E29.67052
G1 X75.91 Y106.285 E29.86978
G1 X76.459 Y106.285 E29.89619
G1 X73.53 Y109.215 E30.09545
G1 X74.079 Y109.215 E30.12186
G1 X77.008 Y106.285 E30.32112
G1 X77.556 Y106.285 E30.34748
G1 X74.627 Y109.215 E30.54674
G1 X75.176 Y109.215 E30.57315
G1 X78.105 Y106.285 E30.77241
G1 X78.654 Y106.285 E30.79882
G1 X75.725 Y109.215 E30.99808
G1 X76.274 Y109.215 E31.02449
G1 X79.203 Y106.285 E31.22375
G1 X79.752 Y106.285 E31.25016
G1 X76.823 Y109.215 E31.44942
G1 X77.372 Y109.215 E31.47583
G1 X80.301 Y106.285 E31.67509
G1 X80.85 Y106.285 E31.7015
G1 X77.92 Y109.215 E31.9008
G1 X78.469 Y109.215 E31.92721
G1 X81.398 Y106.285 E32.12647
G1 X81.947 Y106.285 E32.15288
G1 X79.018 Y109.215 E32.35214
G1 X79.567 Y109.215 E32.37855
G1 X82.496 Y106.285 E32.57781
G1 X83.045 Y106.285 E32.60422
G1 X80.116 Y109.215 E32.80348
G1 X80.665 Y109.215 E32.82989
G1 X83.594 Y106.285 E33.02915
G1 X84.143 Y106.285 E33.05556
G1 X81.214 Y109.215 E33.25482
G1 X81.762 Y109.215 E33.28118
G1 X84.692 Y106.285 E33.48048
G1 X85.24 Y106.285 E33.50684
G1 X82.311 Y109.215 E33.7061
G1 X82.86 Y109.215 E33.73251
G1 X85.789 Y106.285 E33.93177
G1 X86.338 Y106.285 E33.95818
G1 X83.409 Y109.215 E34.15744
G1 X83.958 Y109.215 E34.18385
G1 X86.887 Y106.285 E34.38311
G1 X87.436 Y106.285 E34.40952
G1 X84.507 Y109.215 E34.60878
G1 X85.056 Y109.215 E34.63519
G1 X87.985 Y106.285 E34.83445
G1 X88.534 Y106.285 E34.86086
G1 X85.604 Y109.215 E35.06016
G1 X86.153 Y109.215 E35.08657
G1 X89.082 Y106.285 E35.28583
G1 X89.631 Y106.285 E35.31224
G1 X86.702 Y109.215 E35.5115
G1 X87.251 Y109.215 E35.53791
G1 X90.18 Y106.285 E35.73717
G1 X90.729 Y106.285 E35.76358
G1 X87.8 Y109.215 E35.96284
G1 X88.349 Y109.215 E35.98925
G1 X91.278 Y106.285 E36.18851
G1 X91.827 Y106.285 E36.21492
G1 X88.898 Y109.215 E36.41418
G1 X89.446 Y109.215 E36.44054
G1 X92.375 Y106.285 E36.6398
G1 X92.924 Y106.285 E36.66621
G1 X89.995 Y109.215 E36.86547
G1 X90.544 Y109.215 E36.89188
G1 X93.473 Y106.285 E37.09114
G1 X94.022 Y106.285 E37.11755
G1 X91.093 Y109.215 E37.31681
G1 X91.642 Y109.215 E37.34322
G1 X94.571 Y106.285 E37.54248
G1 X95.133 Y106.272 E37.56952
G1 X92.191 Y109.215 E37.76967
G1 X92.739 Y109.215 E37.79603
G1 X99.215 Y102.739 E38.23652
G1 X99.215 Y103.288 E38.26293
G1 X93.288 Y109.215 E38.66608
G1 X93.837 Y109.215 E38.69249
G1 X99.215 Y103.837 E39.0583
G1 X99.215 Y104.386 E39.08471
G1 X94.386 Y109.215 E39.41317
G1 X94.935 Y109.215 E39.43958
G1 X99.215 Y104.935 E39.7307
G1 X99.215 Y105.484 E39.75711
G1 X95.484 Y109.215 E40.01089
G1 X96.033 Y109.215 E40.0373
G1 X99.215 Y106.033 E40.25374
G1 X99.215 Y106.581 E40.2801
G1 X96.581 Y109.215 E40.45926
G1 X97.13 Y109.215 E40.48567
G1 X99.215 Y107.13 E40.62749
G1 X99.215 Y107.679 E40.6539
G1 X97.679 Y109.215 E40.75838
G1 X98.228 Y109.215 E40.78479
G1 X99.215 Y108.228 E40.85192
G1 X99.215 Y108.777 E40.87833
G1 X98.603 Y109.388 E40.91992
;LAYER_CHANGE
;Z:2.15
;HEIGHT:0.3
G1 E38.91992 F2400
G92 E0
G1 Z2.15 F7800
G1 X74.288 Y84.285
G1 E2 F2400
;TYPE:Perimeter
;WIDTH:0.45
G1 F3600
G1 X74.473 Y84.14 E2.01131
G1 X74.801 Y84.018 E2.02814
G1 X74.968 Y84.004 E2.0362
G1 X95.032 Y84.004 E3.00121
G1 X95.293 Y84.04 E3.01388
G1 X95.527 Y84.14 E3.02612
G1 X95.714 Y84.286 E3.03753
G1 X95.86 Y84.473 E3.04894
G1 X95.96 Y84.707 E3.06118
G1 X95.996 Y84.968 E3.07385
G1 X95.996 Y105.032 E4.03886
G1 X95.96 Y105.293 E4.05153
G1 X95.86 Y105.527 E4.06377
G1 X95.714 Y105.714 E4.07518
G1 X95.527 Y105.86 E4.08659
G1 X95.199 Y105.982 E4.10342
G1 X95.032 Y105.996 E4.11148
G1 X74.968 Y105.996 E5.07649
G1 X74.707 Y105.96 E5.08916
G1 X74.473 Y105.86 E5.1014
G1 X74.286 Y105.714 E5.11281
G1 X74.14 Y105.527 E5.12422
G1 X74.018 Y105.199 E5.14105
G1 X74.004 Y105.032 E5.14911
G1 X74.004 Y84.968 E6.11412
G1 X74.04 Y84.707 E6.12679
G1 X74.14 Y84.473 E6.13903
G1 X74.251 Y84.331 E6.1477
G1 X74.571 Y84.571 F7800
G1 F3600
G1 X74.671 Y84.471 E6.1545
G1 X74.968 Y84.389 E6.16932
G1 X95.032 Y84.389 E7.13433
G1 X95.329 Y84.471 E7.14915
G1 X95.529 Y84.671 E7.16275
G1 X95.611 Y84.968 E7.17757
G1 X95.611 Y105.032 E8.14258
G1 X95.529 Y105.329 E8.1574
G1 X95.329 Y105.529 E8.171
G1 X95.032 Y105.611 E8.18582
G1 X74.968 Y105.611 E9.15083
G1 X74.671 Y105.529 E9.16565
G1 X74.471 Y105.329 E9.17925
G1 X74.389 Y105.032 E9.19407
G1 X74.389 Y84.968 E10.15908
G1 X74.471 Y84.671 E10.1739
G1 X74.529 Y84.614 E10.17781
G1 X74.829 Y84.838 F7800
;TYPE:External perimeter
G1 F1800
G1 X74.831 Y84.831 E10.17816
G1 X74.968 Y84.775 E10.18528
G1 X95.032 Y84.775 E11.15029
G1 X95.169 Y84.831 E11.15741
G1 X95.225 Y84.968 E11.16453
G1 X95.225 Y105.032 E12.12954
G1 X95.169 Y105.169 E12.13666
G1 X95.032 Y105.225 E12.14378
G1 X74.968 Y105.225 E13.10879
G1 X74.831 Y105.169 E13.11591
G1 X74.775 Y105.032 E13.12303
G1 X74.775 Y84.968 E14.08804
G1 X74.806 Y84.893 E14.09194
G1 X75.19 Y84.782 F7800
G1 E12.09194 F2400
G92 E0
G1 X70.496 Y80.496 F7800
G1 E2 F2400
;TYPE:Perimeter
G1 F3600
G1 X99.504 Y80.496 E3.39518
G1 X99.504 Y82.716 E3.50195
G1 X99.504 Y109.504 E4.79036
G1 X70.496 Y109.504 E6.18554
G1 X70.496 Y80.556 E7.57784
G1 X70.111 Y80.111 F7800
G1 F3600
G1 X99.889 Y80.111 E9.01006
G1 X99.889 Y82.716 E9.13535
G1 X99.889 Y109.889 E10.44228
G1 X70.111 Y109.889 E11.8745
G1 X70.111 Y80.171 E13.30383
G1 X69.725 Y79.725 F7800
;TYPE:External perimeter
G1 F1800
G1 X100.275 Y79.725 E14.77318
G1 X100.275 Y82.716 E14.91704
G1 X100.275 Y110.275 E16.24253
G1 X69.725 Y110.275 E17.71188
G1 X69.725 Y79.785 E19.17834
G1 X70.121 Y79.726 F7800
G1 E17.17834 F2400
G92 E0
G1 X92.017 Y80.612 F7800
G1 E2 F2400
;TYPE:Internal infill
;WIDTH:0.45
G1 F4200
G1 X95.133 Y83.728 E2.21195
G1 X94.571 Y83.715 E2.23899
G1 X91.642 Y80.785 E2.43825
G1 X91.093 Y80.785 E2.46466
G1 X94.022 Y83.715 E2.66392
G1 X93.473 Y83.715 E2.69033
G1 X90.544 Y80.785 E2.88959
G1 X89.995 Y80.785 E2.916
G1 X92.924 Y83.715 E3.11526
G1 X92.375 Y83.715 E3.14167
G1 X89.446 Y80.785 E3.34093
G1 X88.898 Y80.785 E3.36729
G1 X91.827 Y83.715 E3.56655
G1 X91.278 Y83.715 E3.59296
G1 X88.349 Y80.785 E3.79222
G1 X87.8 Y80.785 E3.81863
G1 X90.729 Y83.715 E4.01789
G1 X90.18 Y83.715 E4.0443
G1 X87.251 Y80.785 E4.24356
G1 X86.702 Y80.785 E4.26997
G1 X89.631 Y83.715 E4.46923
G1 X89.082 Y83.715 E4.49564
G1 X86.153 Y80.785 E4.6949
G1 X85.604 Y80.785 E4.72131
G1 X88.534 Y83.715 E4.92061
G1 X87.985 Y83.715 E4.94702
G1 X85.056 Y80.785 E5.14628
G1 X84.507 Y80.785 E5.17269
G1 X87.436 Y83.715 E5.37195
G1 X86.887 Y83.715 E5.39836
G1 X83.958 Y80.785 E5.59762
G1 X83.409 Y80.785 E5.62403
G1 X86.338 Y83.715 E5.82329
G1 X85.789 Y83.715 E5.8497
G1 X82.86 Y80.785 E6.04896
G1 X82.311 Y80.785 E6.07537
G1 X85.24 Y83.715 E6.27463
G1 X84.692 Y83.715 E6.30099
G1 X81.762 Y80.785 E6.50029
G1 X81.214 Y80.785 E6.52665
G1 X84.143 Y83.715 E6.72591
G1 X83.594 Y83.715 E6.75232
G1 X80.665 Y80.785 E6.95158
G1 X80.116 Y80.785 E6.97799
G1 X83.045 Y83.715 E7.17725
G1 X82.496 Y83.715 E7.20366
G1 X79.567 Y80.785 E7.40292
G1 X79.018 Y80.785 E7.42933
G1 X81.947 Y83.715 E7.62859
G1 X81.398 Y83.715 E7.655
G1 X78.469 Y80.785 E7.85426
G1 X77.92 Y80.785 E7.88067
G1 X80.85 Y83.715 E8.07997
G1 X80.301 Y83.715 E8.10638
G1 X77.372 Y80.785 E8.30564
G1 X76.823 Y80.785 E8.33205
G1 X79.752 Y83.715 E8.53131
G1 X79.203 Y83.715 E8.55772
G1 X76.274 Y80.785 E8.75698
G1 X75.725 Y80.785 E8.78339
G1 X78.654 Y83.715 E8.98265
G1 X78.105 Y83.715 E9.00906
G1 X75.176 Y80.785 E9.20832
G1 X74.627 Y80.785 E9.23473
G1 X77.556 Y83.715 E9.43399
G1 X77.008 Y83.715 E9.46035
G1 X74.079 Y80.785 E9.65961
G1 X73.53 Y80.785 E9.68602
G1 X76.459 Y83.715 E9.88528
G1 X75.91 Y83.715 E9.91169
G1 X72.981 Y80.785 E10.11095
G1 X72.432 Y80.785 E10.13736
G1 X75.361 Y83.715 E10.33662
G1 X74.83 Y83.733 E10.36217
G1 X71.883 Y80.785 E10.56266
G1 X71.334 Y80.785 E10.58907
G1 X74.405 Y83.856 E10.79796
G1 X74.081 Y84.081 E10.81693
G1 X70.785 Y80.785 E11.04112
G1 X70.785 Y81.334 E11.06753
G1 X73.856 Y84.405 E11.27642
G1 X73.733 Y84.83 E11.2977
G1 X70.785 Y81.883 E11.49819
G1 X70.785 Y82.432 E11.5246
G1 X73.715 Y85.361 E11.72386
G1 X73.715 Y85.91 E11.75027
G1 X70.785 Y82.981 E11.94953
G1 X70.785 Y83.53 E11.97594
G1 X73.715 Y86.459 E12.1752
G1 X73.715 Y87.008 E12.20161
G1 X70.785 Y84.079 E12.40087
G1 X70.785 Y84.627 E12.42723
G1 X73.715 Y87.557 E12.62653
G1 X73.715 Y88.105 E12.65289
G1 X70.785 Y85.176 E12.85215
G1 X70.785 Y85.725 E12.87856
G1 X73.715 Y88.654 E13.07782
G1 X73.715 Y89.203 E13.10423
G1 X70.785 Y86.274 E13.30349
G1 X70.785 Y86.823 E13.3299
G1 X73.715 Y89.752 E13.52916
G1 X73.715 Y90.301 E13.55557
G1 X70.785 Y87.372 E13.75483
G1 X70.785 Y87.921 E13.78124
G1 X73.715 Y90.85 E13.9805
G1 X73.715 Y91.398 E14.00686
G1 X70.785 Y88.469 E14.20612
G1 X70.785 Y89.018 E14.23253
G1 X73.715 Y91.947 E14.43179
G1 X73.715 Y92.496 E14.4582
G1 X70.785 Y89.567 E14.65746
G1 X70.785 Y90.116 E14.68387
G1 X73.715 Y93.045 E14.88313
G1 X73.715 Y93.594 E14.90954
G1 X70.785 Y90.665 E15.1088
G1 X70.785 Y91.214 E15.13521
G1 X73.715 Y94.143 E15.33447
G1 X73.715 Y94.692 E15.36088
G1 X70.785 Y91.762 E15.56018
G1 X70.785 Y92.311 E15.58659
G1 X73.715 Y95.24 E15.78585
G1 X73.715 Y95.789 E15.81226
G1 X70.785 Y92.86 E16.01152
G1 X70.785 Y93.409 E16.03793
G1 X73.715 Y96.338 E16.23719
G1 X73.715 Y96.887 E16.2636
G1 X70.785 Y93.958 E16.46286
G1 X70.785 Y94.507 E16.48927
G1 X73.715 Y97.436 E16.68853
G1 X73.715 Y97.985 E16.71494
G1 X70.785 Y95.056 E16.9142
G1 X70.785 Y95.604 E16.94056
G1 X73.715 Y98.534 E17.13986
G1 X73.715 Y99.082 E17.16622
G1 X70.785 Y96.153 E17.36548
G1 X70.785 Y96.702 E17.39189
G1 X73.715 Y99.631 E17.59115
G1 X73.715 Y100.18 E17.61756
G1 X70.785 Y97.251 E17.81682
G1 X70.785 Y97.8 E17.84323
G1 X73.715 Y100.729 E18.04249
G1 X73.715 Y101.278 E18.0689
G1 X70.785 Y98.349 E18.26816
G1 X70.785 Y98.898 E18.29457
G1 X73.715 Y101.827 E18.49383
G1 X73.715 Y102.375 E18.52019
G1 X70.785 Y99.446 E18.71945
G1 X70.785 Y99.995 E18.74586
G1 X73.715 Y102.924 E18.94512
G1 X73.715 Y103.473 E18.97153
G1 X70.785 Y100.544 E19.17079
G1 X70.785 Y101.093 E19.1972
G1 X73.715 Y104.022 E19.39646
G1 X73.715 Y104.571 E19.42287
G1 X70.785 Y101.642 E19.62213
G1 X70.785 Y102.191 E19.64854
G1 X73.728 Y105.133 E19.84869
G1 X73.891 Y105.675 E19.87591
G1 X74.081 Y105.919 E19.89078
G1 X74.325 Y106.109 E19.90565
G1 X74.867 Y106.272 E19.93287
G1 X77.809 Y109.215 E20.13302
G1 X78.358 Y109.215 E20.15943
G1 X75.429 Y106.285 E20.35869
G1 X75.978 Y106.285 E20.3851
G1 X78.907 Y109.215 E20.58436
G1 X79.456 Y109.215 E20.61077
G1 X76.527 Y106.285 E20.81003
G1 X77.076 Y106.285 E20.83644
G1 X80.005 Y109.215 E21.0357
G1 X80.554 Y109.215 E21.06211
G1 X77.625 Y106.285 E21.26137
G1 X78.173 Y106.285 E21.28773
G1 X81.102 Y109.215 E21.48699
G1 X81.651 Y109.215 E21.5134
G1 X78.722 Y106.285 E21.71266
G1 X79.271 Y106.285 E21.73907
G1 X82.2 Y109.215 E21.93833
G1 X82.749 Y109.215 E21.96474
G1 X79.82 Y106.285 E22.164
G1 X80.369 Y106.285 E22.19041
G1 X83.298 Y109.215 E22.38967
G1 X83.847 Y109.215 E22.41608
G1 X80.918 Y106.285 E22.61534
G1 X81.466 Y106.285 E22.6417
G1 X84.396 Y109.215 E22.841
G1 X84.944 Y109.215 E22.86736
G1 X82.015 Y106.285 E23.06662
G1 X82.564 Y106.285 E23.09303
G1 X85.493 Y109.215 E23.29229
G1 X86.042 Y109.215 E23.3187
G1 X83.113 Y106.285 E23.51796
G1 X83.662 Y106.285 E23.54437
G1 X86.591 Y109.215 E23.74363
G1 X87.14 Y109.215 E23.77004
G1 X84.211 Y106.285 E23.9693
G1 X84.76 Y106.285 E23.99571
G1 X87.689 Y109.215 E24.19497
G1 X88.238 Y109.215 E24.22138
G1 X85.308 Y106.285 E24.42068
G1 X85.857 Y106.285 E24.44709
G1 X88.786 Y109.215 E24.64635
G1 X89.335 Y109.215 E24.67276
G1 X86.406 Y106.285 E24.87202
G1 X86.955 Y106.285 E24.89843
G1 X89.884 Y109.215 E25.09769
G1 X90.433 Y109.215 E25.1241
G1 X87.504 Y106.285 E25.32336
G1 X88.053 Y106.285 E25.34977
G1 X90.982 Y109.215 E25.54903
G1 X91.531 Y109.215 E25.57544
G1 X88.602 Y106.285 E25.7747
G1 X89.15 Y106.285 E25.80106
G1 X92.079 Y109.215 E26.00032
G1 X92.628 Y109.215 E26.02673
G1 X89.699 Y106.285 E26.22599
G1 X90.248 Y106.285 E26.2524
G1 X93.177 Y109.215 E26.45166
G1 X93.726 Y109.215 E26.47807
G1 X90.797 Y106.285 E26.67733
G1 X91.346 Y106.285 E26.70374
G1 X94.275 Y109.215 E26.903
G1 X94.824 Y109.215 E26.92941
G1 X91.895 Y106.285 E27.12867
G1 X92.443 Y106.285 E27.15503
G1 X95.373 Y109.215 E27.35433
G1 X95.921 Y109.215 E27.38069
G1 X92.992 Y106.285 E27.57995
G1 X93.541 Y106.285 E27.60636
G1 X96.47 Y109.215 E27.80562
G1 X97.019 Y109.215 E27.83203
G1 X94.09 Y106.285 E28.03129
G1 X94.639 Y106.285 E28.0577
G1 X97.568 Y109.215 E28.25696
G1 X98.117 Y109.215 E28.28337
G1 X95.17 Y106.267 E28.48386
G1 X95.595 Y106.144 E28.50514
G1 X98.666 Y109.215 E28.71403
G1 X99.215 Y109.215 E28.74044
G1 X95.919 Y105.919 E28.96463
G1 X96.144 Y105.595 E28.9836
G1 X99.215 Y108.666 E29.19249
G1 X99.215 Y108.117 E29.2189
G1 X96.267 Y105.17 E29.41939
G1 X96.285 Y104.639 E29.44494
G1 X99.215 Y107.568 E29.6442
G1 X99.215 Y107.019 E29.67061
G1 X96.285 Y104.09 E29.86987
G1 X96.285 Y103.541 E29.89628
G1 X99.215 Y106.47 E30.09554
G1 X99.215 Y105.921 E30.12195
G1 X96.285 Y102.992 E30.32121
G1 X96.285 Y102.444 E30.34757
G1 X99.215 Y105.373 E30.54683
G1 X99.215 Y104.824 E30.57324
G1 X96.285 Y101.895 E30.7725
G1 X96.285 Y101.346 E30.79891
G1 X99.215 Y104.275 E30.99817
G1 X99.215 Y103.726 E31.02458
G1 X96.285 Y100.797 E31.22384
G1 X96.285 Y100.248 E31.25025
G1 X99.215 Y103.177 E31.44951
G1 X99.215 Y102.628 E31.47592
G1 X96.285 Y99.699 E31.67518
G1 X96.285 Y99.15 E31.70159
G1 X99.215 Y102.08 E31.90089
G1 X99.215 Y101.531 E31.9273
G1 X96.285 Y98.602 E32.12656
G1 X96.285 Y98.053 E32.15297
G1 X99.215 Y100.982 E32.35223
G1 X99.215 Y100.433 E32.37864
G1 X96.285 Y97.504 E32.5779
G1 X96.285 Y96.955 E32.60431
G1 X99.215 Y99.884 E32.80357
G1 X99.215 Y99.335 E32.82998
G1 X96.285 Y96.406 E33.02924
G1 X96.285 Y95.857 E33.05565
G1 X99.215 Y98.786 E33.25491
G1 X99.215 Y98.238 E33.28127
G1 X96.285 Y95.308 E33.48057
G1 X96.285 Y94.76 E33.50693
G1 X99.215 Y97.689 E33.70619
G1 X99.215 Y97.14 E33.7326
G1 X96.285 Y94.211 E33.93186
G1 X96.285 Y93.662 E33.95827
G1 X99.215 Y96.591 E34.15753
G1 X99.215 Y96.042 E34.18394
G1 X96.285 Y93.113 E34.3832
G1 X96.285 Y92.564 E34.40961
G1 X99.215 Y95.493 E34.60887
G1 X99.215 Y94.944 E34.63528
G1 X96.285 Y92.015 E34.83454
G1 X96.285 Y91.466 E34.86095
G1 X99.215 Y94.396 E35.06025
G1 X99.215 Y93.847 E35.08666
G1 X96.285 Y90.918 E35.28592
G1 X96.285 Y90.369 E35.31233
G1 X99.215 Y93.298 E35.51159
G1 X99.215 Y92.749 E35.538
G1 X96.285 Y89.82 E35.73726
G1 X96.285 Y89.271 E35.76367
G1 X99.215 Y92.2 E35.96293
G1 X99.215 Y91.651 E35.98934
G1 X96.285 Y88.722 E36.1886
G1 X96.285 Y88.173 E36.21501
G1 X99.215 Y91.102 E36.41427
G1 X99.215 Y90.554 E36.44063
G1 X96.285 Y87.625 E36.63989
G1 X96.285 Y87.076 E36.6663
G1 X99.215 Y90.005 E36.86556
G1 X99.215 Y89.456 E36.89197
G1 X96.285 Y86.527 E37.09123
G1 X96.285 Y85.978 E37.11764
G1 X99.215 Y88.907 E37.3169
G1 X99.215 Y88.358 E37.34331
G1 X96.285 Y85.429 E37.54257
G1 X96.272 Y84.867 E37.56961
G1 X99.215 Y87.809 E37.76976
G1 X99.215 Y87.261 E37.79612
G1 X92.739 Y80.785 E38.23661
G1 X93.288 Y80.785 E38.26302
G1 X99.215 Y86.712 E38.66617
G1 X99.215 Y86.163 E38.69258
G1 X93.837 Y80.785 E39.05839
G1 X94.386 Y80.785 E39.0848
G1 X99.215 Y85.614 E39.41326
G1 X99.215 Y85.065 E39.43967
G1 X94.935 Y80.785 E39.73079
G1 X95.484 Y80.785 E39.7572
G1 X99.215 Y84.516 E40.01098
G1 X99.215 Y83.967 E40.03739
G1 X96.033 Y80.785 E40.25383
G1 X96.581 Y80.785 E40.28019
G1 X99.215 Y83.419 E40.45935
G1 X99.215 Y82.87 E40.48576
G1 X97.13 Y80.785 E40.62758
G1 X97.679 Y80.785 E40.65399
G1 X99.215 Y82.321 E40.75847
G1 X99.215 Y81.772 E40.78488
G1 X98.228 Y80.785 E40.85201
G1 X98.777 Y80.785 E40.87842
G1 X99.388 Y81.397 E40.92001
G1 E38.92001 F2400
G92 E0
G1 X77.434 Y109.388 F7800
G1 E2 F2400
G1 F4200
G1 X70.785 Y102.739 E2.45226
G1 X70.785 Y103.288 E2.47867
G1 X76.712 Y109.215 E2.88182
G1 X76.163 Y109.215 E2.90823
G1 X70.785 Y103.837 E3.27404
G1 X70.785 Y104.386 E3.30045
G1 X75.614 Y109.215 E3.62891
G1 X75.065 Y109.215 E3.65532
G1 X70.785 Y104.935 E3.94644
G1 X70.785 Y105.484 E3.97285
G1 X74.516 Y109.215 E4.22663
G1 X73.967 Y109.215 E4.25304
G1 X70.785 Y106.033 E4.46948
G1 X70.785 Y106.581 E4.49584
G1 X73.419 Y109.215 E4.675
G1 X72.87 Y109.215 E4.70141
G1 X70.785 Y107.13 E4.84323
G1 X70.785 Y107.679 E4.86964
G1 X72.321 Y109.215 E4.97412
G1 X71.772 Y109.215 E5.00053
G1 X70.785 Y108.228 E5.06766
G1 X70.785 Y108.777 E5.09407
G1 X71.397 Y109.388 E5.13566
;LAYER_CHANGE
;Z:2.45
;HEIGHT:0.3
G1 E3.13566 F2400
G92 E0
G1 Z2.45 F7800
G1 X74.288 Y84.285
G1 E2 F2400
;TYPE:Perimeter
;WIDTH:0.45
G1 F3600
G1 X74.473 Y84.14 E2.01131
G1 X74.801 Y84.018 E2.02814
G1 X74.968 Y84.004 E2.0362
G1 X95.032 Y84.004 E3.00121
G1 X95.293 Y84.04 E3.01388
G1 X95.527 Y84.14 E3.02612
G1 X95.714 Y84.286 E3.03753
G1 X95.86 Y84.473 E3.04894
G1 X95.96 Y84.707 E3.06118
G1 X95.996 Y84.968 E3.07385
G1 X95.996 Y105.032 E4.03886
G1 X95.96 Y105.293 E4.05153
G1 X95.86 Y105.527 E4.06377
G1 X95.714 Y105.714 E4.07518
G1 X95.527 Y105.86 E4.08659
G1 X95.199 Y105.982 E4.10342
G1 X95.032 Y105.996 E4.11148
G1 X74.968 Y105.996 E5.07649
G1 X74.707 Y105.96 E5.08916
G1 X74.473 Y105.86 E5.1014
G1 X74.286 Y105.714 E5.11281
G1 X74.14 Y105.527 E5.12422
G1 X74.018 Y105.199 E5.14105
G1 X74.004 Y105.032 E5.14911
G1 X74.004 Y84.968 E6.11412
G1 X74.04 Y84.707 E6.12679
G1 X74.14 Y84.473 E6.13903
G1 X74.251 Y84.331 E6.1477
G1 X74.571 Y84.571 F7800
G1 F3600
G1 X74.671 Y84.471 E6.1545
G1 X74.968 Y84.389 E6.16932
G1 X95.032 Y84.389 E7.13433
G1 X95.329 Y84.471 E7.14915
G1 X95.529 Y84.671 E7.16275
G1 X95.611 Y84.968 E7.17757
G1 X95.611 Y105.032 E8.14258
G1 X95.529 Y105.329 E8.1574
G1 X95.329 Y105.529 E8.171
G1 X95.032 Y105.611 E8.18582
G1 X74.968 Y105.611 E9.15083
G1 X74.671 Y105.529 E9.16565
G1 X74.471 Y105.329 E9.17925
G1 X74.389 Y105.032 E9.19407
G1 X74.389 Y84.968 E10.15908
G1 X74.471 Y84.671 E10.1739
G1 X74.529 Y84.614 E10.17781
G1 X74.829 Y84.838 F7800
;TYPE:External perimeter
G1 F1800
G1 X74.831 Y84.831 E10.17816
G1 X74.968 Y84.775 E10.18528
G1 X95.032 Y84.775 E11.15029
G1 X95.169 Y84.831 E11.15741
G1 X95.225 Y84.968 E11.16453
G1 X95.225 Y105.032 E12.12954
G1 X95.169 Y105.169 E12.13666
G1 X95.032 Y105.225 E12.14378
G1 X74.968 Y105.225 E13.10879
G1 X74.831 Y105.169 E13.11591
G1 X74.775 Y105.032 E13.12303
G1 X74.775 Y84.968 E14.08804
G1 X74.806 Y84.893 E14.09194
G1 X75.19 Y84.782 F7800
G1 E12.09194 F2400
G92 E0
G1 X70.496 Y80.496 F7800
G1 E2 F2400
;TYPE:Perimeter
G1 F3600
G1 X99.504 Y80.496 E3.39518
G1 X99.504 Y82.716 E3.50195
G1 X99.504 Y109.504 E4.79036
G1 X70.496 Y109.504 E6.18554
G1 X70.496 Y80.556 E7.57784
G1 X70.111 Y80.111 F7800
G1 F3600
G1 X99.889 Y80.111 E9.01006
G1 X99.889 Y82.716 E9.13535
G1 X99.889 Y109.889 E10.44228
G1 X70.111 Y109.889 E11.8745
G1 X70.111 Y80.171 E13.30383
G1 X69.725 Y79.725 F7800
;TYPE:External perimeter
G1 F1800
G1 X100.275 Y79.725 E14.77318
G1 X100.275 Y82.716 E14.91704
G1 X100.275 Y110.275 E16.24253
G1 X69.725 Y110.275 E17.71188
G1 X69.725 Y79.785 E19.17834
G1 X70.121 Y79.726 F7800
G1 X71.397 Y80.612
;TYPE:Internal infill
;WIDTH:0.45
G1 F4200
G1 X70.785 Y81.223 E19.21993
G1 X70.785 Y81.772 E19.24634
G1 X71.772 Y80.785 E19.31347
G1 X72.321 Y80.785 E19.33988
G1 X70.785 Y82.321 E19.44436
G1 X70.785 Y82.87 E19.47077
G1 X72.87 Y80.785 E19.61259
G1 X73.418 Y80.785 E19.63895
G1 X70.785 Y83.418 E19.81804
G1 X70.785 Y83.967 E19.84445
G1 X73.967 Y80.785 E20.06089
G1 X74.516 Y80.785 E20.0873
G1 X73.095 Y82.207 E20.18399
G1 X73.643 Y82.207 E20.21035
G1 X75.065 Y80.785 E20.30707
G1 X75.614 Y80.785 E20.33348
G1 X74.192 Y82.207 E20.4302
G1 X74.741 Y82.207 E20.45661
G1 X76.163 Y80.785 E20.55333
G1 X76.712 Y80.785 E20.57974
G1 X75.29 Y82.207 E20.67646
G1 X75.839 Y82.207 E20.70287
G1 X77.26 Y80.785 E20.79956
G1 X77.809 Y80.785 E20.82597
G1 X76.388 Y82.207 E20.92266
G1 X76.937 Y82.207 E20.94907
G1 X78.358 Y80.785 E21.04576
G1 X78.907 Y80.785 E21.07217
G1 X77.485 Y82.207 E21.16889
G1 X78.034 Y82.207 E21.1953
G1 X79.456 Y80.785 E21.29202
G1 X80.005 Y80.785 E21.31843
G1 X78.583 Y82.207 E21.41515
G1 X79.132 Y82.207 E21.44156
G1 X80.554 Y80.785 E21.53828
G1 X81.102 Y80.785 E21.56464
G1 X79.681 Y82.207 E21.66133
G1 X80.23 Y82.207 E21.68774
G1 X81.651 Y80.785 E21.78443
G1 X82.2 Y80.785 E21.81084
G1 X80.779 Y82.207 E21.90753
G1 X81.327 Y82.207 E21.93389
G1 X82.749 Y80.785 E22.03061
G1 X83.298 Y80.785 E22.05702
G1 X81.876 Y82.207 E22.15374
G1 X82.425 Y82.207 E22.18015
G1 X83.847 Y80.785 E22.27687
G1 X84.395 Y80.785 E22.30323
G1 X82.974 Y82.207 E22.39992
G1 X83.523 Y82.207 E22.42633
G1 X84.944 Y80.785 E22.52302
G1 X85.493 Y80.785 E22.54943
G1 X84.072 Y82.207 E22.64612
G1 X84.621 Y82.207 E22.67253
G1 X86.042 Y80.785 E22.76922
G1 X86.591 Y80.785 E22.79563
G1 X85.169 Y82.207 E22.89235
G1 X85.718 Y82.207 E22.91876
G1 X87.14 Y80.785 E23.01548
G1 X87.689 Y80.785 E23.04189
G1 X86.267 Y82.207 E23.13861
G1 X86.816 Y82.207 E23.16502
G1 X88.237 Y80.785 E23.26171
G1 X88.786 Y80.785 E23.28812
G1 X87.365 Y82.207 E23.38481
G1 X87.914 Y82.207 E23.41122
G1 X89.335 Y80.785 E23.50791
G1 X89.884 Y80.785 E23.53432
G1 X88.463 Y82.207 E23.63101
G1 X89.011 Y82.207 E23.65737
G1 X90.433 Y80.785 E23.75409
G1 X90.982 Y80.785 E23.7805
G1 X89.56 Y82.207 E23.87722
G1 X90.109 Y82.207 E23.90363
G1 X91.531 Y80.785 E24.00035
G1 X92.079 Y80.785 E24.02671
G1 X90.658 Y82.207 E24.1234
G1 X91.207 Y82.207 E24.14981
G1 X92.628 Y80.785 E24.2465
G1 X93.177 Y80.785 E24.27291
G1 X91.756 Y82.207 E24.3696
G1 X92.304 Y82.207 E24.39596
G1 X93.726 Y80.785 E24.49268
G1 X94.275 Y80.785 E24.51909
G1 X92.853 Y82.207 E24.61581
G1 X93.402 Y82.207 E24.64222
G1 X94.824 Y80.785 E24.73894
G1 X95.373 Y80.785 E24.76535
G1 X93.951 Y82.207 E24.86207
G1 X94.5 Y82.207 E24.88848
G1 X95.921 Y80.785 E24.98517
G1 X96.47 Y80.785 E25.01158
G1 X95.049 Y82.207 E25.10827
G1 X95.598 Y82.207 E25.13468
G1 X97.019 Y80.785 E25.23137
G1 X97.568 Y80.785 E25.25778
G1 X96.146 Y82.207 E25.3545
G1 X96.695 Y82.207 E25.38091
G1 X98.117 Y80.785 E25.47763
G1 X98.666 Y80.785 E25.50404
G1 X97.244 Y82.207 E25.60076
G1 X97.556 Y82.207 E25.61577
G1 X97.674 Y82.326 E25.62383
G1 X99.215 Y80.785 E25.72865
G1 X99.215 Y81.334 E25.75506
G1 X97.793 Y82.756 E25.85178
G1 X97.793 Y83.305 E25.87819
G1 X99.215 Y81.883 E25.97491
G1 X99.215 Y82.432 E26.00132
G1 X97.793 Y83.853 E26.09801
G1 X97.793 Y84.402 E26.12442
G1 X99.215 Y82.981 E26.22111
G1 X99.215 Y83.53 E26.24752
G1 X97.793 Y84.951 E26.34421
G1 X97.793 Y85.5 E26.37062
G1 X99.215 Y84.078 E26.46734
G1 X99.215 Y84.627 E26.49375
G1 X97.793 Y86.049 E26.59047
G1 X97.793 Y86.598 E26.61688
G1 X99.215 Y85.176 E26.7136
G1 X99.215 Y85.725 E26.74001
G1 X97.793 Y87.147 E26.83673
G1 X97.793 Y87.695 E26.86309
G1 X99.215 Y86.274 E26.95978
G1 X99.215 Y86.823 E26.98619
G1 X97.793 Y88.244 E27.08288
G1 X97.793 Y88.793 E27.10929
G1 X99.215 Y87.372 E27.20598
G1 X99.215 Y87.92 E27.23234
G1 X97.793 Y89.342 E27.32906
G1 X97.793 Y89.891 E27.35547
G1 X99.215 Y88.469 E27.45219
G1 X99.215 Y89.018 E27.4786
G1 X97.793 Y90.44 E27.57532
G1 X97.793 Y90.989 E27.60173
G1 X99.215 Y89.567 E27.69845
G1 X99.215 Y90.116 E27.72486
G1 X97.793 Y91.537 E27.82155
G1 X97.793 Y92.086 E27.84796
G1 X99.215 Y90.665 E27.94465
G1 X99.215 Y91.214 E27.97106
G1 X97.793 Y92.635 E28.06775
G1 X97.793 Y93.184 E28.09416
G1 X99.215 Y91.762 E28.19088
G1 X99.215 Y92.311 E28.21729
G1 X97.793 Y93.733 E28.31401
G1 X97.793 Y94.282 E28.34042
G1 X99.215 Y92.86 E28.43714
G1 X99.215 Y93.409 E28.46355
G1 X97.793 Y94.83 E28.56024
G1 X97.793 Y95.379 E28.58665
G1 X99.215 Y93.958 E28.68334
G1 X99.215 Y94.507 E28.70975
G1 X97.793 Y95.928 E28.80644
G1 X97.793 Y96.477 E28.83285
G1 X99.215 Y95.056 E28.92954
G1 X99.215 Y95.604 E28.9559
G1 X97.793 Y97.026 E29.05262
G1 X97.793 Y97.575 E29.07903
G1 X99.215 Y96.153 E29.17575
G1 X99.215 Y96.702 E29.20216
G1 X97.793 Y98.124 E29.29888
G1 X97.793 Y98.672 E29.32524
G1 X99.215 Y97.251 E29.42193
G1 X99.215 Y97.8 E29.44834
G1 X97.793 Y99.221 E29.54503
G1 X97.793 Y99.77 E29.57144
G1 X99.215 Y98.349 E29.66813
G1 X99.215 Y98.897 E29.69449
G1 X97.793 Y100.319 E29.79121
G1 X97.793 Y100.868 E29.81762
G1 X99.215 Y99.446 E29.91434
G1 X99.215 Y99.995 E29.94075
G1 X97.793 Y101.417 E30.03747
G1 X97.793 Y101.966 E30.06388
G1 X99.215 Y100.544 E30.1606
G1 X99.215 Y101.093 E30.18701
G1 X97.793 Y102.514 E30.2837
G1 X97.793 Y103.063 E30.31011
G1 X99.215 Y101.642 E30.4068
G1 X99.215 Y102.191 E30.43321
G1 X97.793 Y103.612 E30.5299
G1 X97.793 Y104.161 E30.55631
G1 X99.215 Y102.739 E30.65303
G1 X99.215 Y103.288 E30.67944
G1 X97.793 Y104.71 E30.77616
G1 X97.793 Y105.259 E30.80257
G1 X99.215 Y103.837 E30.89929
G1 X99.215 Y104.386 E30.9257
G1 X97.793 Y105.808 E31.02242
G1 X97.793 Y106.356 E31.04878
G1 X99.215 Y104.935 E31.14547
G1 X99.215 Y105.484 E31.17188
G1 X97.62 Y107.079 E31.28037
G1 E29.28037 F2400
G92 E0
G1 X98.603 Y109.388 F7800
G1 E2 F2400
G1 F4200
G1 X99.215 Y108.777 E2.04159
G1 X99.215 Y108.228 E2.068
G1 X98.228 Y109.215 E2.13513
G1 X97.679 Y109.215 E2.16154
G1 X99.215 Y107.679 E2.26602
G1 X99.215 Y107.13 E2.29243
G1 X97.13 Y109.215 E2.43425
G1 X96.581 Y109.215 E2.46066
G1 X99.215 Y106.581 E2.63982
G1 X99.215 Y106.033 E2.66618
G1 X96.033 Y109.215 E2.88262
G1 X95.484 Y109.215 E2.90903
G1 X96.905 Y107.793 E3.00572
G1 X96.356 Y107.793 E3.03213
G1 X94.935 Y109.215 E3.12882
G1 X94.386 Y109.215 E3.15523
G1 X95.808 Y107.793 E3.25195
G1 X95.259 Y107.793 E3.27836
G1 X93.837 Y109.215 E3.37508
G1 X93.288 Y109.215 E3.40149
G1 X94.71 Y107.793 E3.49821
G1 X94.161 Y107.793 E3.52462
G1 X92.739 Y109.215 E3.62134
G1 X92.191 Y109.215 E3.6477
G1 X93.612 Y107.793 E3.74439
G1 X93.063 Y107.793 E3.7708
G1 X91.642 Y109.215 E3.86749
G1 X91.093 Y109.215 E3.8939
G1 X92.514 Y107.793 E3.99059
G1 X91.966 Y107.793 E4.01695
G1 X90.544 Y109.215 E4.11367
G1 X89.995 Y109.215 E4.14008
G1 X91.417 Y107.793 E4.2368
G1 X90.868 Y107.793 E4.26321
G1 X89.446 Y109.215 E4.35993
G1 X88.897 Y109.215 E4.38634
G1 X90.319 Y107.793 E4.48306
G1 X89.77 Y107.793 E4.50947
G1 X88.349 Y109.215 E4.60616
G1 X87.8 Y109.215 E4.63257
G1 X89.221 Y107.793 E4.72926
G1 X88.672 Y107.793 E4.75567
G1 X87.251 Y109.215 E4.85236
G1 X86.702 Y109.215 E4.87877
G1 X88.124 Y107.793 E4.97549
G1 X87.575 Y107.793 E5.0019
G1 X86.153 Y109.215 E5.09862
G1 X85.604 Y109.215 E5.12503
G1 X87.026 Y107.793 E5.22175
G1 X86.477 Y107.793 E5.24816
G1 X85.056 Y109.215 E5.34485
G1 X84.507 Y109.215 E5.37126
G1 X85.928 Y107.793 E5.46795
G1 X85.379 Y107.793 E5.49436
G1 X83.958 Y109.215 E5.59105
G1 X83.409 Y109.215 E5.61746
G1 X84.83 Y107.793 E5.71415
G1 X84.282 Y107.793 E5.74051
G1 X82.86 Y109.215 E5.83723
G1 X82.311 Y109.215 E5.86364
G1 X83.733 Y107.793 E5.96036
G1 X83.184 Y107.793 E5.98677
G1 X81.762 Y109.215 E6.08349
G1 X81.214 Y109.215 E6.10985
G1 X82.635 Y107.793 E6.20654
G1 X82.086 Y107.793 E6.23295
G1 X80.665 Y109.215 E6.32964
G1 X80.116 Y109.215 E6.35605
G1 X81.537 Y107.793 E6.45274
G1 X80.989 Y107.793 E6.4791
G1 X79.567 Y109.215 E6.57582
G1 X79.018 Y109.215 E6.60223
G1 X80.44 Y107.793 E6.69895
G1 X79.891 Y107.793 E6.72536
G1 X78.469 Y109.215 E6.82208
G1 X77.92 Y109.215 E6.84849
G1 X79.342 Y107.793 E6.94521
G1 X78.793 Y107.793 E6.97162
G1 X77.372 Y109.215 E7.06831
G1 X76.823 Y109.215 E7.09472
G1 X78.244 Y107.793 E7.19141
G1 X77.695 Y107.793 E7.21782
G1 X76.274 Y109.215 E7.31451
G1 X75.725 Y109.215 E7.34092
G1 X77.147 Y107.793 E7.43764
G1 X76.598 Y107.793 E7.46405
G1 X75.176 Y109.215 E7.56077
G1 X74.627 Y109.215 E7.58718
G1 X76.049 Y107.793 E7.6839
G1 X75.5 Y107.793 E7.71031
G1 X74.078 Y109.215 E7.80703
G1 X73.53 Y109.215 E7.83339
G1 X74.951 Y107.793 E7.93008
G1 X74.402 Y107.793 E7.95649
G1 X72.981 Y109.215 E8.05318
G1 X72.432 Y109.215 E8.07959
G1 X73.853 Y107.793 E8.17628
G1 X73.305 Y107.793 E8.20264
G1 X71.883 Y109.215 E8.29936
G1 X71.334 Y109.215 E8.32577
G1 X72.756 Y107.793 E8.42249
G1 X72.444 Y107.793 E8.4375
G1 X72.326 Y107.674 E8.44556
G1 X70.785 Y109.214 E8.55034
G1 X70.785 Y108.666 E8.5767
G1 X72.207 Y107.244 E8.67342
G1 X72.207 Y106.695 E8.69983
G1 X70.785 Y108.117 E8.79655
G1 X70.785 Y107.568 E8.82296
G1 X72.207 Y106.146 E8.91968
G1 X72.207 Y105.598 E8.94604
G1 X70.785 Y107.019 E9.04273
G1 X70.785 Y106.47 E9.06914
G1 X72.207 Y105.049 E9.16583
G1 X72.207 Y104.5 E9.19224
G1 X70.785 Y105.921 E9.28893
G1 X70.785 Y105.373 E9.31529
G1 X72.207 Y103.951 E9.41201
G1 X72.207 Y103.402 E9.43842
G1 X70.785 Y104.824 E9.53514
G1 X70.785 Y104.275 E9.56155
G1 X72.207 Y102.853 E9.65827
G1 X72.207 Y102.304 E9.68468
G1 X70.785 Y103.726 E9.7814
G1 X70.785 Y103.177 E9.80781
G1 X72.207 Y101.756 E9.9045
G1 X72.207 Y101.207 E9.93091
G1 X70.785 Y102.628 E10.0276
G1 X70.785 Y102.079 E10.05401
G1 X72.207 Y100.658 E10.1507
G1 X72.207 Y100.109 E10.17711
G1 X70.785 Y101.531 E10.27383
G1 X70.785 Y100.982 E10.30024
G1 X72.207 Y99.56 E10.39696
G1 X72.207 Y99.011 E10.42337
G1 X70.785 Y100.433 E10.52009
G1 X70.785 Y99.884 E10.5465
G1 X72.207 Y98.462 E10.64322
G1 X72.207 Y97.914 E10.66958
G1 X70.785 Y99.335 E10.76627
G1 X70.785 Y98.786 E10.79268
G1 X72.207 Y97.365 E10.88937
G1 X72.207 Y96.816 E10.91578
G1 X70.785 Y98.237 E11.01247
G1 X70.785 Y97.689 E11.03883
G1 X72.207 Y96.267 E11.13555
G1 X72.207 Y95.718 E11.16196
G1 X70.785 Y97.14 E11.25868
G1 X70.785 Y96.591 E11.28509
G1 X72.207 Y95.169 E11.38181
G1 X72.207 Y94.621 E11.40817
G1 X70.785 Y96.042 E11.50486
G1 X70.785 Y95.493 E11.53127
G1 X72.207 Y94.072 E11.62796
G1 X72.207 Y93.523 E11.65437
G1 X70.785 Y94.944 E11.75106
G1 X70.785 Y94.395 E11.77747
G1 X72.207 Y92.974 E11.87416
G1 X72.207 Y92.425 E11.90057
G1 X70.785 Y93.847 E11.99729
G1 X70.785 Y93.298 E12.0237
G1 X72.207 Y91.876 E12.12042
G1 X72.207 Y91.327 E12.14683
G1 X70.785 Y92.749 E12.24355
G1 X70.785 Y92.2 E12.26996
G1 X72.207 Y90.779 E12.36665
G1 X72.207 Y90.23 E12.39306
G1 X70.785 Y91.651 E12.48975
G1 X70.785 Y91.102 E12.51616
G1 X72.207 Y89.681 E12.61285
G1 X72.207 Y89.132 E12.63926
G1 X70.785 Y90.554 E12.73598
G1 X70.785 Y90.005 E12.76239
G1 X72.207 Y88.583 E12.85911
G1 X72.207 Y88.034 E12.88552
G1 X70.785 Y89.456 E12.98224
G1 X70.785 Y88.907 E13.00865
G1 X72.207 Y87.485 E13.10537
G1 X72.207 Y86.937 E13.13173
G1 X70.785 Y88.358 E13.22842
G1 X70.785 Y87.809 E13.25483
G1 X72.207 Y86.388 E13.35152
G1 X72.207 Y85.839 E13.37793
G1 X70.785 Y87.26 E13.47462
G1 X70.785 Y86.712 E13.50098
G1 X72.207 Y85.29 E13.5977
G1 X72.207 Y84.741 E13.62411
G1 X70.785 Y86.163 E13.72083
G1 X70.785 Y85.614 E13.74724
G1 X72.207 Y84.192 E13.84396
G1 X72.207 Y83.643 E13.87037
G1 X70.785 Y85.065 E13.96709
G1 X70.785 Y84.516 E13.9935
G1 X72.38 Y82.921 E14.10199
G1 E12.10199 F2400
G92 E0
G1 X96.354 Y82.593 F7800
G1 E2 F2400
;TYPE:Solid infill
;WIDTH:0.45
G1 F3000
G1 X72.604 Y82.593 E3.14229
G1 X72.593 Y107.396 E4.33523
G1 X97.402 Y107.402 E5.52846
G1 X97.407 Y82.604 E6.72116
G1 X96.547 Y82.593 E6.76253
G1 E4.76253 F2400
G92 E0
G1 X73.521 Y83.435 F7800
G1 E2 F2400
;WIDTH:0.628301
G1 F3000
G1 X73.471 Y83.385 E2.00497
G1 X73.403 Y83.403 E2.00992
G1 X73.385 Y83.471 E2.01487
G1 X73.435 Y83.521 E2.01984
G1 X73.503 Y83.503 E2.02479
G1 E.02479 F2400
G92 E0
G1 X95.026 Y83.338 F7800
G1 E2 F2400
;WIDTH:0.45651
G1 F3000
G1 X95.399 Y83.372 E2.01832
G1 X95.865 Y83.585 E2.04338
;WIDTH:0.45
G1 X96.164 Y83.741 E2.0596
G1 X96.374 Y84.001 E2.07567
;WIDTH:0.45872
G1 X96.626 Y84.58 E2.10673
G1 X96.662 Y84.974 E2.12619
;WIDTH:0.432561
G1 X96.662 Y105.026 E3.04701
;WIDTH:0.456509
G1 X96.628 Y105.399 E3.06533
G1 X96.415 Y105.865 E3.09039
;WIDTH:0.45
G1 X96.259 Y106.164 E3.10661
G1 X95.999 Y106.374 E3.12268
;WIDTH:0.458721
G1 X95.42 Y106.626 E3.15374
G1 X95.026 Y106.662 E3.1732
;WIDTH:0.432562
G1 X74.974 Y106.662 E4.09402
;WIDTH:0.456511
G1 X74.601 Y106.628 E4.11234
G1 X74.135 Y106.415 E4.1374
;WIDTH:0.45
G1 X73.836 Y106.259 E4.15362
G1 X73.626 Y105.999 E4.16969
;WIDTH:0.458722
G1 X73.374 Y105.42 E4.20075
G1 X73.338 Y105.026 E4.22021
;WIDTH:0.432563
G1 X73.338 Y84.974 E5.14103
;WIDTH:0.45651
G1 X73.372 Y84.601 E5.15935
G1 X73.585 Y84.135 E5.18441
;WIDTH:0.45
G1 X73.741 Y83.836 E5.20063
G1 X74.001 Y83.626 E5.2167
;WIDTH:0.458721
G1 X74.58 Y83.374 E5.24776
G1 X74.974 Y83.338 E5.26722
;WIDTH:0.432563
G1 X94.833 Y83.338 E6.17918
G1 X94.833 Y82.969 E6.19613
G1 X74.974 Y82.969 E7.10809
;WIDTH:0.454146
G1 X73.52 Y82.978 E7.17878
;WIDTH:0.45
G1 X72.978 Y82.978 E7.20485
G1 X72.978 Y84.035 E7.25569
;WIDTH:0.45651
G1 X72.969 Y84.974 E7.30162
;WIDTH:0.432563
G1 X72.969 Y105.026 E8.22244
;WIDTH:0.454146
G1 X72.978 Y106.48 E8.29313
;WIDTH:0.45
G1 X72.978 Y107.022 E8.3192
G1 X74.035 Y107.022 E8.37004
;WIDTH:0.456511
G1 X74.974 Y107.031 E8.41597
;WIDTH:0.432562
G1 X95.026 Y107.031 E9.33679
;WIDTH:0.454146
G1 X96.48 Y107.022 E9.40748
;WIDTH:0.45
G1 X97.022 Y107.022 E9.43355
G1 X97.022 Y105.965 E9.48439
;WIDTH:0.456509
G1 X97.031 Y105.026 E9.53032
;WIDTH:0.432561
G1 X97.031 Y84.974 E10.45114
;WIDTH:0.454145
G1 X97.022 Y83.52 E10.52183
;WIDTH:0.45
G1 X97.022 Y82.978 E10.5479
G1 X95.965 Y82.978 E10.59874
;WIDTH:0.45651
G1 X95.026 Y82.969 E10.64467
;WIDTH:0.45
G1 X95.026 Y83.715 E10.68055
G1 X95.411 Y83.778 E10.69931
G1 X95.891 Y84.014 E10.72504
G1 X96.025 Y84.164 E10.73471
G1 X96.242 Y84.647 E10.76018
G1 X96.285 Y84.974 E10.77604
G1 X96.285 Y105.026 E11.74047
G1 X96.222 Y105.411 E11.75923
G1 X95.986 Y105.891 E11.78496
G1 X95.836 Y106.025 E11.79463
G1 X95.353 Y106.242 E11.8201
G1 X95.026 Y106.285 E11.83596
G1 X74.974 Y106.285 E12.80039
G1 X74.589 Y106.222 E12.81915
G1 X74.109 Y105.986 E12.84488
G1 X73.975 Y105.836 E12.85455
G1 X73.758 Y105.353 E12.88002
G1 X73.715 Y105.026 E12.89588
G1 X73.715 Y84.974 E13.86031
G1 X73.778 Y84.589 E13.87907
G1 X74.014 Y84.109 E13.9048
G1 X74.164 Y83.975 E13.91447
G1 X74.647 Y83.758 E13.93994
G1 X74.974 Y83.715 E13.9558
G1 X94.833 Y83.715 E14.91095
G1 X96.597 Y83.503 F7800
;WIDTH:0.628301
G1 F3000
G1 X96.529 Y83.521 E14.9159
G1 X96.479 Y83.471 E14.92087
G1 X96.497 Y83.403 E14.92582
G1 X96.565 Y83.385 E14.93077
G1 X96.615 Y83.435 E14.93574
G1 E12.93574 F2400
G92 E0
G1 X96.615 Y106.529 F7800
G1 E2 F2400
;WIDTH:0.628303
G1 F3000
G1 X96.565 Y106.479 E2.00497
G1 X96.497 Y106.497 E2.00992
G1 X96.479 Y106.565 E2.01487
G1 X96.529 Y106.615 E2.01984
G1 X96.597 Y106.597 E2.02479
G1 E.02479 F2400
G92 E0
G1 X73.521 Y106.529 F7800
G1 E2 F2400
;WIDTH:0.628301
G1 F3000
G1 X73.471 Y106.479 E2.00497
G1 X73.403 Y106.497 E2.00992
G1 X73.385 Y106.565 E2.01487
G1 X73.435 Y106.615 E2.01984
G1 X73.503 Y106.597 E2.02479
;LAYER_CHANGE
;Z:2.75
;HEIGHT:0.3
G1 E.02479 F2400
G92 E0
G1 Z2.75 F7800
G1 X74.288 Y84.285
G1 E2 F2400
;TYPE:Perimeter
;WIDTH:0.45
G1 F3600
G1 X74.473 Y84.14 E2.01131
G1 X74.801 Y84.018 E2.02814
G1 X74.968 Y84.004 E2.0362
G1 X95.032 Y84.004 E3.00121
G1 X95.293 Y84.04 E3.01388
G1 X95.527 Y84.14 E3.02612
G1 X95.714 Y84.286 E3.03753
G1 X95.86 Y84.473 E3.04894
G1 X95.96 Y84.707 E3.06118
G1 X95.996 Y84.968 E3.07385
G1 X95.996 Y105.032 E4.03886
G1 X95.96 Y105.293 E4.05153
G1 X95.86 Y105.527 E4.06377
G1 X95.714 Y105.714 E4.07518
G1 X95.527 Y105.86 E4.08659
G1 X95.199 Y105.982 E4.10342
G1 X95.032 Y105.996 E4.11148
G1 X74.968 Y105.996 E5.07649
G1 X74.707 Y105.96 E5.08916
G1 X74.473 Y105.86 E5.1014
G1 X74.286 Y105.714 E5.11281
G1 X74.14 Y105.527 E5.12422
G1 X74.018 Y105.199 E5.14105
G1 X74.004 Y105.032 E5.14911
G1 X74.004 Y84.968 E6.11412
G1 X74.04 Y84.707 E6.12679
G1 X74.14 Y84.473 E6.13903
G1 X74.251 Y84.331 E6.1477
G1 X74.571 Y84.571 F7800
G1 F3600
G1 X74.671 Y84.471 E6.1545
G1 X74.968 Y84.389 E6.16932
G1 X95.032 Y84.389 E7.13433
G1 X95.329 Y84.471 E7.14915
G1 X95.529 Y84.671 E7.16275
G1 X95.611 Y84.968 E7.17757
G1 X95.611 Y105.032 E8.14258
G1 X95.529 Y105.329 E8.1574
G1 X95.329 Y105.529 E8.171
G1 X95.032 Y105.611 E8.18582
G1 X74.968 Y105.611 E9.15083
G1 X74.671 Y105.529 E9.16565
G1 X74.471 Y105.329 E9.17925
G1 X74.389 Y105.032 E9.19407
G1 X74.389 Y84.968 E10.15908
G1 X74.471 Y84.671 E10.1739
G1 X74.529 Y84.614 E10.17781
G1 X74.829 Y84.838 F7800
;TYPE:External perimeter
G1 F1800
G1 X74.831 Y84.831 E10.17816
G1 X74.968 Y84.775 E10.18528
G1 X95.032 Y84.775 E11.15029
G1 X95.169 Y84.831 E11.15741
G1 X95.225 Y84.968 E11.16453
G1 X95.225 Y105.032 E12.12954
G1 X95.169 Y105.169 E12.13666
G1 X95.032 Y105.225 E12.14378
G1 X74.968 Y105.225 E13.10879
G1 X74.831 Y105.169 E13.11591
G1 X74.775 Y105.032 E13.12303
G1 X74.775 Y84.968 E14.08804
G1 X74.806 Y84.893 E14.09194
G1 X75.19 Y84.782 F7800
G1 E12.09194 F2400
G92 E0
G1 X70.496 Y80.496 F7800
G1 E2 F2400
;TYPE:Perimeter
G1 F3600
G1 X99.504 Y80.496 E3.39518
G1 X99.504 Y82.716 E3.50195
G1 X99.504 Y109.504 E4.79036
G1 X70.496 Y109.504 E6.18554
G1 X70.496 Y80.556 E7.57784
G1 X70.111 Y80.111 F7800
G1 F3600
G1 X99.889 Y80.111 E9.01006
G1 X99.889 Y82.716 E9.13535
G1 X99.889 Y109.889 E10.44228
G1 X70.111 Y109.889 E11.8745
G1 X70.111 Y80.171 E13.30383
G1 X69.725 Y79.725 F7800
;TYPE:External perimeter
G1 F1800
G1 X100.275 Y79.725 E14.77318
G1 X100.275 Y82.716 E14.91704
G1 X100.275 Y110.275 E16.24253
G1 X69.725 Y110.275 E17.71188
G1 X69.725 Y79.785 E19.17834
G1 X70.121 Y79.726 F7800
G1 E17.17834 F2400
G92 E0
G1 X71.319 Y107.663 F7800
G1 E2 F2400
;TYPE:Internal infill
;WIDTH:0.45
G1 F4200
G1 X70.785 Y107.13 E2.03629
G1 X70.785 Y106.581 E2.0627
G1 X71.134 Y106.93 E2.08644
G1 X71.134 Y106.381 E2.11285
G1 X70.785 Y106.033 E2.13655
G1 X70.785 Y105.484 E2.16296
G1 X71.134 Y105.832 E2.18666
G1 X71.134 Y105.283 E2.21307
G1 X70.785 Y104.935 E2.23677
G1 X70.785 Y104.386 E2.26318
G1 X71.134 Y104.734 E2.28688
G1 X71.134 Y104.185 E2.31329
G1 X70.785 Y103.837 E2.33699
G1 X70.785 Y103.288 E2.3634
G1 X71.134 Y103.636 E2.3871
G1 X71.134 Y103.088 E2.41346
G1 X70.785 Y102.739 E2.4372
G1 X70.785 Y102.191 E2.46356
G1 X71.134 Y102.539 E2.48726
G1 X71.134 Y101.99 E2.51367
G1 X70.785 Y101.642 E2.53737
G1 X70.785 Y101.093 E2.56378
G1 X71.134 Y101.441 E2.58748
G1 X71.134 Y100.892 E2.61389
G1 X70.785 Y100.544 E2.63759
G1 X70.785 Y99.995 E2.664
G1 X71.134 Y100.343 E2.6877
G1 X71.134 Y99.795 E2.71406
G1 X70.785 Y99.446 E2.7378
G1 X70.785 Y98.898 E2.76416
G1 X71.134 Y99.246 E2.78786
G1 X71.134 Y98.697 E2.81427
G1 X70.785 Y98.349 E2.83797
G1 X70.785 Y97.8 E2.86438
G1 X71.134 Y98.148 E2.88808
G1 X71.134 Y97.599 E2.91449
G1 X70.785 Y97.251 E2.93819
G1 X70.785 Y96.702 E2.9646
G1 X71.134 Y97.05 E2.9883
G1 X71.134 Y96.501 E3.01471
G1 X70.785 Y96.153 E3.03841
G1 X70.785 Y95.604 E3.06482
G1 X71.134 Y95.953 E3.08856
G1 X71.134 Y95.404 E3.11497
G1 X70.785 Y95.056 E3.13867
G1 X70.785 Y94.507 E3.16508
G1 X71.134 Y94.855 E3.18878
G1 X71.134 Y94.306 E3.21519
G1 X70.785 Y93.958 E3.23889
G1 X70.785 Y93.409 E3.2653
G1 X71.134 Y93.757 E3.289
G1 X71.134 Y93.208 E3.31541
G1 X70.785 Y92.86 E3.33911
G1 X70.785 Y92.311 E3.36552
G1 X71.134 Y92.659 E3.38922
G1 X71.134 Y92.111 E3.41558
G1 X70.785 Y91.762 E3.43932
G1 X70.785 Y91.214 E3.46568
G1 X71.134 Y91.562 E3.48938
G1 X71.134 Y91.013 E3.51579
G1 X70.785 Y90.665 E3.53949
G1 X70.785 Y90.116 E3.5659
G1 X71.134 Y90.464 E3.5896
G1 X71.134 Y89.915 E3.61601
G1 X70.785 Y89.567 E3.63971
G1 X70.785 Y89.018 E3.66612
G1 X71.134 Y89.366 E3.68982
G1 X71.134 Y88.817 E3.71623
G1 X70.785 Y88.469 E3.73993
G1 X70.785 Y87.921 E3.76629
G1 X71.134 Y88.269 E3.78999
G1 X71.134 Y87.72 E3.8164
G1 X70.785 Y87.372 E3.8401
G1 X70.785 Y86.823 E3.86651
G1 X71.134 Y87.171 E3.89021
G1 X71.134 Y86.622 E3.91662
G1 X70.785 Y86.274 E3.94032
G1 X70.785 Y85.725 E3.96673
G1 X71.134 Y86.073 E3.99043
G1 X71.134 Y85.524 E4.01684
G1 X70.785 Y85.176 E4.04054
G1 X70.785 Y84.627 E4.06695
G1 X71.134 Y84.976 E4.09069
G1 X71.134 Y84.427 E4.1171
G1 X70.785 Y84.079 E4.1408
G1 X70.785 Y83.53 E4.16721
G1 X71.134 Y83.878 E4.19091
G1 X71.134 Y83.329 E4.21732
G1 X70.785 Y82.981 E4.24102
G1 X70.785 Y82.432 E4.26743
G1 X71.134 Y82.78 E4.29113
G1 X71.171 Y82.269 E4.31577
G1 X70.785 Y81.883 E4.34203
G1 X70.785 Y81.334 E4.36844
G1 X71.3 Y81.849 E4.40347
G1 X71.527 Y81.527 E4.42242
G1 X70.785 Y80.785 E4.47289
G1 X71.334 Y80.785 E4.4993
G1 X71.849 Y81.3 E4.53433
G1 X72.25 Y81.152 E4.55489
G1 X71.883 Y80.785 E4.57985
G1 X72.432 Y80.785 E4.60626
G1 X72.78 Y81.134 E4.62996
G1 X73.329 Y81.134 E4.65637
G1 X72.981 Y80.785 E4.68007
G1 X73.53 Y80.785 E4.70648
G1 X73.878 Y81.134 E4.73018
G1 X74.427 Y81.134 E4.75659
G1 X74.079 Y80.785 E4.78029
G1 X74.627 Y80.785 E4.80665
G1 X74.976 Y81.134 E4.83039
G1 X75.524 Y81.134 E4.85675
G1 X75.176 Y80.785 E4.88045
G1 X75.725 Y80.785 E4.90686
G1 X76.073 Y81.134 E4.93056
G1 X76.622 Y81.134 E4.95697
G1 X76.274 Y80.785 E4.98067
G1 X76.823 Y80.785 E5.00708
G1 X77.171 Y81.134 E5.03078
G1 X77.72 Y81.134 E5.05719
G1 X77.372 Y80.785 E5.08089
G1 X77.92 Y80.785 E5.10725
G1 X78.269 Y81.134 E5.13099
G1 X78.817 Y81.134 E5.15735
G1 X78.469 Y80.785 E5.18105
G1 X79.018 Y80.785 E5.20746
G1 X79.366 Y81.134 E5.23116
G1 X79.915 Y81.134 E5.25757
G1 X79.567 Y80.785 E5.28127
G1 X80.116 Y80.785 E5.30768
G1 X80.464 Y81.134 E5.33138
G1 X81.013 Y81.134 E5.35779
G1 X80.665 Y80.785 E5.38149
G1 X81.214 Y80.785 E5.4079
G1 X81.562 Y81.134 E5.4316
G1 X82.111 Y81.134 E5.45801
G1 X81.762 Y80.785 E5.48175
G1 X82.311 Y80.785 E5.50816
G1 X82.659 Y81.134 E5.53186
G1 X83.208 Y81.134 E5.55827
G1 X82.86 Y80.785 E5.58197
G1 X83.409 Y80.785 E5.60838
G1 X83.757 Y81.134 E5.63208
G1 X84.306 Y81.134 E5.65849
G1 X83.958 Y80.785 E5.68219
G1 X84.507 Y80.785 E5.7086
G1 X84.855 Y81.134 E5.7323
G1 X85.404 Y81.134 E5.75871
G1 X85.056 Y80.785 E5.78241
G1 X85.604 Y80.785 E5.80877
G1 X85.953 Y81.134 E5.83251
G1 X86.501 Y81.134 E5.85887
G1 X86.153 Y80.785 E5.88257
G1 X86.702 Y80.785 E5.90898
G1 X87.05 Y81.134 E5.93268
G1 X87.599 Y81.134 E5.95909
G1 X87.251 Y80.785 E5.98279
G1 X87.8 Y80.785 E6.0092
G1 X88.148 Y81.134 E6.0329
G1 X88.697 Y81.134 E6.05931
G1 X88.349 Y80.785 E6.08301
G1 X88.898 Y80.785 E6.10942
G1 X89.246 Y81.134 E6.13312
G1 X89.794 Y81.134 E6.15948
G1 X89.446 Y80.785 E6.18318
G1 X89.995 Y80.785 E6.20959
G1 X90.343 Y81.134 E6.23329
G1 X90.892 Y81.134 E6.2597
G1 X90.544 Y80.785 E6.2834
G1 X91.093 Y80.785 E6.30981
G1 X91.441 Y81.134 E6.33351
G1 X91.99 Y81.134 E6.35992
G1 X91.642 Y80.785 E6.38362
G1 X92.191 Y80.785 E6.41003
G1 X92.539 Y81.134 E6.43373
G1 X93.088 Y81.134 E6.46014
G1 X92.739 Y80.785 E6.48388
G1 X93.288 Y80.785 E6.51029
G1 X93.636 Y81.134 E6.53399
G1 X94.185 Y81.134 E6.5604
G1 X93.837 Y80.785 E6.5841
G1 X94.386 Y80.785 E6.61051
G1 X94.734 Y81.134 E6.63421
G1 X95.283 Y81.134 E6.66062
G1 X94.935 Y80.785 E6.68432
G1 X95.484 Y80.785 E6.71073
G1 X95.832 Y81.134 E6.73443
G1 X96.381 Y81.134 E6.76084
G1 X96.033 Y80.785 E6.78454
G1 X96.581 Y80.785 E6.8109
G1 X96.93 Y81.134 E6.83464
G1 X97.478 Y81.134 E6.861
G1 X97.13 Y80.785 E6.8847
G1 X97.679 Y80.785 E6.91111
G1 X99.215 Y82.321 E7.01559
G1 X99.215 Y81.772 E7.042
G1 X98.228 Y80.785 E7.10913
G1 X98.777 Y80.785 E7.13554
G1 X99.388 Y81.397 E7.17713
G1 X99.388 Y83.043 F7800
G1 F4200
G1 X98.866 Y82.522 E7.2126
G1 X98.866 Y83.07 E7.23896
G1 X99.215 Y83.419 E7.2627
G1 X99.215 Y83.967 E7.28906
G1 X98.866 Y83.619 E7.31276
G1 X98.866 Y84.168 E7.33917
G1 X99.215 Y84.516 E7.36287
G1 X99.215 Y85.065 E7.38928
G1 X98.866 Y84.717 E7.41298
G1 X98.866 Y85.266 E7.43939
G1 X99.215 Y85.614 E7.46309
G1 X99.215 Y86.163 E7.4895
G1 X98.866 Y85.815 E7.5132
G1 X98.866 Y86.364 E7.53961
G1 X99.215 Y86.712 E7.56331
G1 X99.215 Y87.261 E7.58972
G1 X98.866 Y86.912 E7.61346
G1 X98.866 Y87.461 E7.63987
G1 X99.215 Y87.809 E7.66357
G1 X99.215 Y88.358 E7.68998
G1 X98.866 Y88.01 E7.71368
G1 X98.866 Y88.559 E7.74009
G1 X99.215 Y88.907 E7.76379
G1 X99.215 Y89.456 E7.7902
G1 X98.866 Y89.108 E7.8139
G1 X98.866 Y89.657 E7.84031
G1 X99.215 Y90.005 E7.86401
G1 X99.215 Y90.554 E7.89042
G1 X98.866 Y90.206 E7.91412
G1 X98.866 Y90.754 E7.94048
G1 X99.215 Y91.102 E7.96418
G1 X99.215 Y91.651 E7.99059
G1 X98.866 Y91.303 E8.01429
G1 X98.866 Y91.852 E8.0407
G1 X99.215 Y92.2 E8.0644
G1 X99.215 Y92.749 E8.09081
G1 X98.866 Y92.401 E8.11451
G1 X98.866 Y92.95 E8.14092
G1 X99.215 Y93.298 E8.16462
G1 X99.215 Y93.847 E8.19103
G1 X98.866 Y93.499 E8.21473
G1 X98.866 Y94.047 E8.24109
G1 X99.215 Y94.396 E8.26483
G1 X99.215 Y94.944 E8.29119
G1 X98.866 Y94.596 E8.31489
G1 X98.866 Y95.145 E8.3413
G1 X99.215 Y95.493 E8.365
G1 X99.215 Y96.042 E8.39141
G1 X98.866 Y95.694 E8.41511
G1 X98.866 Y96.243 E8.44152
G1 X99.215 Y96.591 E8.46522
G1 X99.215 Y97.14 E8.49163
G1 X98.866 Y96.792 E8.51533
G1 X98.866 Y97.341 E8.54174
G1 X99.215 Y97.689 E8.56544
G1 X99.215 Y98.238 E8.59185
G1 X98.866 Y97.889 E8.61559
G1 X98.866 Y98.438 E8.642
G1 X99.215 Y98.786 E8.6657
G1 X99.215 Y99.335 E8.69211
G1 X98.866 Y98.987 E8.71581
G1 X98.866 Y99.536 E8.74222
G1 X99.215 Y99.884 E8.76592
G1 X99.215 Y100.433 E8.79233
G1 X98.866 Y100.085 E8.81603
G1 X98.866 Y100.634 E8.84244
G1 X99.215 Y100.982 E8.86614
G1 X99.215 Y101.531 E8.89255
G1 X98.866 Y101.183 E8.91625
G1 X98.866 Y101.731 E8.94261
G1 X99.215 Y102.08 E8.96635
G1 X99.215 Y102.628 E8.99271
G1 X98.866 Y102.28 E9.01641
G1 X98.866 Y102.829 E9.04282
G1 X99.215 Y103.177 E9.06652
G1 X99.215 Y103.726 E9.09293
G1 X98.866 Y103.378 E9.11663
G1 X98.866 Y103.927 E9.14304
G1 X99.215 Y104.275 E9.16674
G1 X99.215 Y104.824 E9.19315
G1 X98.866 Y104.476 E9.21685
G1 X98.866 Y105.024 E9.24321
G1 X99.215 Y105.373 E9.26695
G1 X99.215 Y105.921 E9.29331
G1 X98.866 Y105.573 E9.31701
G1 X98.866 Y106.122 E9.34342
G1 X99.215 Y106.47 E9.36712
G1 X99.215 Y107.019 E9.39353
G1 X98.866 Y106.671 E9.41723
G1 X98.866 Y107.22 E9.44364
G1 X99.215 Y107.568 E9.46734
G1 X99.215 Y108.117 E9.49375
G1 X98.848 Y107.75 E9.51871
G1 X98.7 Y108.151 E9.53927
G1 X99.215 Y108.666 E9.5743
G1 X99.215 Y109.215 E9.60071
G1 X98.473 Y108.473 E9.65118
G1 X98.151 Y108.7 E9.67013
G1 X98.666 Y109.215 E9.70516
G1 X98.117 Y109.215 E9.73157
G1 X97.75 Y108.848 E9.75653
G1 X97.22 Y108.866 E9.78204
G1 X97.568 Y109.215 E9.80574
G1 X97.019 Y109.215 E9.83215
G1 X96.671 Y108.866 E9.85585
G1 X96.122 Y108.866 E9.88226
G1 X96.47 Y109.215 E9.90596
G1 X95.921 Y109.215 E9.93237
G1 X95.573 Y108.866 E9.95607
G1 X95.024 Y108.866 E9.98248
G1 X95.373 Y109.215 E10.00622
G1 X94.824 Y109.215 E10.03263
G1 X94.476 Y108.866 E10.05633
G1 X93.927 Y108.866 E10.08274
G1 X94.275 Y109.215 E10.10644
G1 X93.726 Y109.215 E10.13285
G1 X93.378 Y108.866 E10.15655
G1 X92.829 Y108.866 E10.18296
G1 X93.177 Y109.215 E10.20666
G1 X92.628 Y109.215 E10.23307
G1 X92.28 Y108.866 E10.25677
G1 X91.731 Y108.866 E10.28318
G1 X92.079 Y109.215 E10.30688
G1 X91.531 Y109.215 E10.33324
G1 X91.183 Y108.866 E10.35694
G1 X90.634 Y108.866 E10.38335
G1 X90.982 Y109.215 E10.40705
G1 X90.433 Y109.215 E10.43346
G1 X90.085 Y108.866 E10.45716
G1 X89.536 Y108.866 E10.48357
G1 X89.884 Y109.215 E10.50727
G1 X89.335 Y109.215 E10.53368
G1 X88.987 Y108.866 E10.55738
G1 X88.438 Y108.866 E10.58379
G1 X88.786 Y109.215 E10.60749
G1 X88.238 Y109.215 E10.63385
G1 X87.889 Y108.866 E10.65759
G1 X87.341 Y108.866 E10.68395
G1 X87.689 Y109.215 E10.70765
G1 X87.14 Y109.215 E10.73406
G1 X86.792 Y108.866 E10.75776
G1 X86.243 Y108.866 E10.78417
G1 X86.591 Y109.215 E10.80787
G1 X86.042 Y109.215 E10.83428
G1 X85.694 Y108.866 E10.85798
G1 X85.145 Y108.866 E10.88439
G1 X85.493 Y109.215 E10.90809
G1 X84.944 Y109.215 E10.9345
G1 X84.596 Y108.866 E10.9582
G1 X84.047 Y108.866 E10.98461
G1 X84.396 Y109.215 E11.00835
G1 X83.847 Y109.215 E11.03476
G1 X83.499 Y108.866 E11.05846
G1 X82.95 Y108.866 E11.08487
G1 X83.298 Y109.215 E11.10857
G1 X82.749 Y109.215 E11.13498
G1 X82.401 Y108.866 E11.15868
G1 X81.852 Y108.866 E11.18509
G1 X82.2 Y109.215 E11.20879
G1 X81.651 Y109.215 E11.2352
G1 X81.303 Y108.866 E11.2589
G1 X80.754 Y108.866 E11.28531
G1 X81.102 Y109.215 E11.30901
G1 X80.554 Y109.215 E11.33537
G1 X80.205 Y108.866 E11.35911
G1 X79.657 Y108.866 E11.38547
G1 X80.005 Y109.215 E11.40917
G1 X79.456 Y109.215 E11.43558
G1 X79.108 Y108.866 E11.45928
G1 X78.559 Y108.866 E11.48569
G1 X78.907 Y109.215 E11.50939
G1 X78.358 Y109.215 E11.5358
G1 X78.01 Y108.866 E11.5595
G1 X77.461 Y108.866 E11.58591
G1 X77.809 Y109.215 E11.60961
G1 X77.261 Y109.215 E11.63597
G1 X76.912 Y108.866 E11.65971
G1 X76.364 Y108.866 E11.68607
G1 X76.712 Y109.215 E11.70977
G1 X76.163 Y109.215 E11.73618
G1 X75.815 Y108.866 E11.75988
G1 X75.266 Y108.866 E11.78629
G1 X75.614 Y109.215 E11.80999
G1 X75.065 Y109.215 E11.8364
G1 X74.717 Y108.866 E11.8601
G1 X74.168 Y108.866 E11.88651
G1 X74.516 Y109.215 E11.91021
G1 X73.967 Y109.215 E11.93662
G1 X73.619 Y108.866 E11.96032
G1 X73.07 Y108.866 E11.98673
G1 X73.419 Y109.215 E12.01047
G1 X72.87 Y109.215 E12.03688
G1 X72.317 Y108.662 E12.07449
G1 X71.719 Y108.254 F7800
;TYPE:Solid infill
;WIDTH:0.404381
G1 F3000
G1 X72.021 Y108.508 E12.09122
;WIDTH:0.45
G1 X72.318 Y108.445 E12.10582
G1 X71.531 Y107.658 E12.15935
G1 X71.519 Y107.101 E12.18615
G1 X72.899 Y108.481 E12.28002
G1 X73.444 Y108.481 E12.30623
G1 X71.519 Y106.556 E12.43717
G1 X71.519 Y106.011 E12.46338
G1 X73.989 Y108.481 E12.63139
G1 X74.535 Y108.481 E12.65765
G1 X71.519 Y105.465 E12.86279
G1 X71.519 Y104.92 E12.889
G1 X75.08 Y108.481 E13.13121
G1 X75.625 Y108.481 E13.15742
G1 X71.519 Y104.375 E13.43671
G1 X71.519 Y103.829 E13.46297
G1 X76.171 Y108.481 E13.77939
G1 X76.432 Y108.553 E13.79241
;WIDTH:0.404381
G1 X76.413 Y108.624 E13.79553
G1 X76.485 Y108.605 E13.79869
G1 X76.474 Y108.564 E13.80049
;WIDTH:0.45
G1 X76.716 Y108.481 E13.81279
G1 X71.519 Y103.284 E14.16628
G1 X71.519 Y102.739 E14.19249
G1 X73.715 Y104.934 E14.34183
G1 E12.34183 F2400
G92 E0
G1 X72.051 Y102.186 F7800
G1 E2 F2400
G1 F3000
G1 X73.329 Y103.458 E2.08672
G1 X73.329 Y84.974 E2.97574
G1 X73.417 Y84.452 E3.0012
G1 X73.602 Y84.068 E3.0217
G1 X73.863 Y83.762 E3.04104
G1 X74.195 Y83.527 E3.0606
G1 X74.601 Y83.375 E3.08145
G1 X74.974 Y83.329 E3.09953
G1 X94.101 Y83.329 E4.01947
G1 X92.701 Y81.928 E4.11473
G1 X92.382 Y81.905 E4.13011
G1 X72.531 Y81.905 E5.08487
G1 X72.256 Y81.96 E5.09836
G1 X72.032 Y82.15 E5.11249
G1 X71.95 Y82.339 E5.1224
G1 X71.905 Y82.621 E5.13613
G1 X71.908 Y102.057 E6.07093
G1 X71.698 Y102.372 E6.08914
G1 X73.715 Y104.388 E6.2263
G1 X73.715 Y84.974 E7.16005
G1 X73.771 Y84.604 E7.17805
G1 X73.906 Y84.305 E7.19383
G1 X74.1 Y84.066 E7.20864
G1 X74.347 Y83.881 E7.22348
G1 X74.654 Y83.757 E7.2394
G1 X74.974 Y83.715 E7.25492
G1 X95.026 Y83.712 E8.21935
G1 X92.973 Y81.656 E8.35909
G1 X92.973 Y81.519 E8.36568
G1 X72.492 Y81.519 E9.35074
G1 X72.106 Y81.597 E9.36968
G1 X71.814 Y81.79 E9.38651
G1 X71.613 Y82.076 E9.40332
G1 X71.519 Y82.621 E9.42992
G1 X71.523 Y102.329 E10.37781
G1 X72.36 Y101.85 F7800
;WIDTH:0.583393
G1 F3000
G1 X72.358 Y84.974 E11.47026
;WIDTH:0.609918
G1 X72.371 Y84.5 E11.50252
G1 X72.351 Y84.41 E11.50879
;WIDTH:0.569938
G1 X72.331 Y84.32 E11.5146
;WIDTH:0.529959
G1 X72.311 Y84.23 E11.51995
;WIDTH:0.489979
G1 X72.291 Y84.14 E11.52484
;WIDTH:0.45
G1 X72.29 Y82.621 E11.5979
G1 X72.361 Y82.353 E11.61123
G1 X72.569 Y82.29 E11.62168
G1 X74.14 Y82.29 E11.69724
;WIDTH:0.490027
G1 X74.23 Y82.31 E11.70213
;WIDTH:0.530054
G1 X74.32 Y82.33 E11.70748
;WIDTH:0.570081
G1 X74.41 Y82.35 E11.7133
;WIDTH:0.610109
G1 X74.5 Y82.37 E11.71958
G1 X74.974 Y82.357 E11.75186
;WIDTH:0.583628
G1 X92.49 Y82.357 E12.88625
G1 X93.009 Y82.876 E12.93378
G1 X74.974 Y82.876 E14.10179
;WIDTH:0.610109
G1 X74.538 Y82.914 E14.13158
G1 X74.478 Y82.951 E14.13638
;WIDTH:0.570081
G1 X74.418 Y82.988 E14.14083
;WIDTH:0.530054
G1 X74.359 Y83.025 E14.14487
;WIDTH:0.490027
G1 X74.299 Y83.063 E14.14864
;WIDTH:0.45
G1 X73.831 Y83.298 E14.17383
G1 X73.458 Y83.626 E14.19772
G1 X73.173 Y84.042 E14.22197
;WIDTH:0.489979
G1 X73.108 Y84.166 E14.2294
;WIDTH:0.529959
G1 X73.043 Y84.29 E14.23753
;WIDTH:0.569938
G1 X72.979 Y84.414 E14.24633
;WIDTH:0.609918
G1 X72.914 Y84.538 E14.25586
G1 X72.877 Y84.974 E14.28563
;WIDTH:0.583393
G1 X72.877 Y101.743 E15.37115
;WIDTH:0.581822
G1 X72.877 Y102.367 E15.41142
G1 X72.496 Y101.986 E15.44619
G1 E13.44619 F2400
G92 E0
G1 X75.066 Y106.285 F7800
G1 E2 F2400
;WIDTH:0.45
G1 F3000
G1 X77.261 Y108.481 E2.14934
G1 E.14934 F2400
G92 E0
G1 X75.748 Y106.422 F7800
G1 E2 F2400
G1 F3000
G1 X77.671 Y108.344 E2.13077
G1 X77.671 Y108.481 E2.13736
G1 X97.508 Y108.481 E3.09145
G1 X97.894 Y108.403 E3.11039
G1 X98.185 Y108.211 E3.12716
G1 X98.403 Y107.892 E3.14574
G1 X98.48 Y107.4 E3.16969
G1 X98.481 Y87.027 E4.14956
G1 X98.344 Y87.027 E4.15615
G1 X96.288 Y84.974 E4.29589
G1 X96.285 Y105.026 E5.26032
G1 X96.229 Y105.396 E5.27832
G1 X96.094 Y105.695 E5.2941
G1 X95.9 Y105.934 E5.30891
G1 X95.653 Y106.119 E5.32375
G1 X95.346 Y106.243 E5.33967
G1 X95.026 Y106.285 E5.35519
G1 X75.612 Y106.285 E6.28894
G1 X76.542 Y106.671 F7800
G1 F3000
G1 X95.026 Y106.671 E7.17796
G1 X95.399 Y106.625 E7.19604
G1 X95.805 Y106.473 E7.21689
G1 X96.137 Y106.238 E7.23645
G1 X96.398 Y105.932 E7.25579
G1 X96.583 Y105.548 E7.27629
G1 X96.671 Y105.026 E7.30175
G1 X96.671 Y85.899 E8.22169
G1 X97.887 Y87.114 E8.30437
G1 X98.095 Y87.299 E8.31776
G1 X98.095 Y107.4 E9.28455
G1 X98.041 Y107.738 E9.30101
G1 X97.909 Y107.93 E9.31222
G1 X97.744 Y108.04 E9.32176
G1 X97.469 Y108.095 E9.33525
G1 X78.262 Y108.095 E10.25904
G1 X77.943 Y108.072 E10.27442
G1 X76.679 Y106.807 E10.36043
G1 X77.635 Y107.124 F7800
;WIDTH:0.583628
G1 F3000
G1 X95.026 Y107.124 E11.48673
;WIDTH:0.61011
G1 X95.462 Y107.086 E11.51652
G1 X95.522 Y107.049 E11.52132
;WIDTH:0.570082
G1 X95.582 Y107.012 E11.52577
;WIDTH:0.530055
G1 X95.641 Y106.975 E11.52981
;WIDTH:0.490027
G1 X95.701 Y106.937 E11.53358
;WIDTH:0.45
G1 X95.958 Y106.827 E11.54703
G1 X96.374 Y106.542 E11.57128
G1 X96.702 Y106.169 E11.59517
G1 X96.937 Y105.701 E11.62036
;WIDTH:0.490917
G1 X96.974 Y105.651 E11.62367
;WIDTH:0.531834
G1 X97.01 Y105.601 E11.62726
;WIDTH:0.572751
G1 X97.046 Y105.55 E11.63122
;WIDTH:0.613668
G1 X97.082 Y105.5 E11.63544
G1 X97.123 Y105.026 E11.66804
;WIDTH:0.583594
G1 X97.123 Y86.991 E12.83597
G1 X97.643 Y87.51 E12.88355
G1 X97.642 Y105.026 E14.01787
;WIDTH:0.609924
G1 X97.629 Y105.5 E14.05013
G1 X97.649 Y105.59 E14.0564
;WIDTH:0.569943
G1 X97.669 Y105.68 E14.06221
;WIDTH:0.529962
G1 X97.689 Y105.77 E14.06756
;WIDTH:0.489981
G1 X97.709 Y105.86 E14.07245
;WIDTH:0.45
G1 X97.709 Y107.438 E14.14835
G1 X97.634 Y107.65 E14.15917
G1 X97.431 Y107.71 E14.16935
G1 X95.86 Y107.71 E14.24491
;WIDTH:0.490963
G1 X95.782 Y107.689 E14.24921
;WIDTH:0.531927
G1 X95.704 Y107.669 E14.25391
;WIDTH:0.572891
G1 X95.626 Y107.648 E14.25903
;WIDTH:0.613855
G1 X95.548 Y107.628 E14.26455
G1 X95.026 Y107.643 E14.30034
;WIDTH:0.583628
G1 X78.154 Y107.643 E15.39303
G1 X77.771 Y107.26 E15.42811
G1 E13.42811 F2400
G92 E0
G1 X95.745 Y107.324 F7800
G1 E2 F2400
;WIDTH:0.45
G1 F3000
G1 X95.853 Y107.292 E2.00542
G1 X96.406 Y107.006 E2.03536
G1 X96.846 Y106.611 E2.0638
G1 X97.181 Y106.11 E2.09279
G1 X97.324 Y105.747 E2.11155
G1 X97.324 Y107.324 E2.1874
G1 X95.938 Y107.324 E2.25406
G1 E.25406 F2400
G92 E0
G1 X98.481 Y86.618 F7800
G1 E2 F2400
G1 F3000
G1 X93.382 Y81.519 E2.34683
G1 X93.928 Y81.519 E2.37309
G1 X98.481 Y86.072 E2.68278
G1 X98.481 Y85.527 E2.70899
G1 X94.473 Y81.519 E2.98161
G1 X95.018 Y81.519 E3.00782
G1 X98.481 Y84.982 E3.24337
G1 X98.481 Y84.436 E3.26963
G1 X95.564 Y81.519 E3.46804
G1 X96.109 Y81.519 E3.49425
G1 X98.481 Y83.891 E3.65559
G1 X98.481 Y83.346 E3.6818
G1 X96.654 Y81.519 E3.80607
G1 X97.244 Y81.538 E3.83446
;WIDTH:0.485632
G1 X97.506 Y81.539 E3.84823
G1 X97.95 Y81.653 E3.87231
;WIDTH:0.507586
G1 X98.153 Y81.81 E3.8865
G1 X98.355 Y82.09 E3.90559
G1 X98.45 Y82.494 E3.92853
G1 X98.452 Y82.731 E3.94163
G1 X97.68 Y81.974 E4.0014
;WIDTH:0.485632
G1 X97.381 Y81.675 E4.02362
G1 E2.02362 F2400
G92 E0
G1 X72.745 Y84.081 F7800
G1 E2 F2400
;WIDTH:0.45
G1 F3000
G1 X72.819 Y83.89 E2.00985
G1 X73.154 Y83.389 E2.03884
G1 X73.594 Y82.994 E2.06728
G1 X74.147 Y82.708 E2.09722
G1 X74.262 Y82.676 E2.10296
G1 X72.676 Y82.676 E2.17924
G1 X72.676 Y84.261 E2.25547
G1 E.25547 F2400
G92 E0
G1 X70.612 Y108.603 F7800
G1 E2 F2400
;TYPE:Internal infill
;WIDTH:0.45
G1 F4200
G1 X71.223 Y109.215 E2.04159
G1 X71.772 Y109.215 E2.068
G1 X70.785 Y108.228 E2.13513
G1 X70.785 Y107.679 E2.16154
G1 X72.494 Y109.388 E2.27778
;LAYER_CHANGE
;Z:3.05
;HEIGHT:0.3
G1 E.27778 F2400
G92 E0
G1 Z3.05 F7800
G1 X74.288 Y84.285
G1 E2 F2400
;TYPE:Perimeter
;WIDTH:0.45
G1 F3600
G1 X74.473 Y84.14 E2.01131
G1 X74.801 Y84.018 E2.02814
G1 X74.968 Y84.004 E2.0362
G1 X95.032 Y84.004 E3.00121
G1 X95.293 Y84.04 E3.01388
G1 X95.527 Y84.14 E3.02612
G1 X95.714 Y84.286 E3.03753
G1 X95.86 Y84.473 E3.04894
G1 X95.96 Y84.707 E3.06118
G1 X95.996 Y84.968 E3.07385
G1 X95.996 Y105.032 E4.03886
G1 X95.96 Y105.293 E4.05153
G1 X95.86 Y105.527 E4.06377
G1 X95.714 Y105.714 E4.07518
G1 X95.527 Y105.86 E4.08659
G1 X95.199 Y105.982 E4.10342
G1 X95.032 Y105.996 E4.11148
G1 X74.968 Y105.996 E5.07649
G1 X74.707 Y105.96 E5.08916
G1 X74.473 Y105.86 E5.1014
G1 X74.286 Y105.714 E5.11281
G1 X74.14 Y105.527 E5.12422
G1 X74.018 Y105.199 E5.14105
G1 X74.004 Y105.032 E5.14911
G1 X74.004 Y84.968 E6.11412
G1 X74.04 Y84.707 E6.12679
G1 X74.14 Y84.473 E6.13903
G1 X74.251 Y84.331 E6.1477
G1 X74.571 Y84.571 F7800
G1 F3600
G1 X74.671 Y84.471 E6.1545
G1 X74.968 Y84.389 E6.16932
G1 X95.032 Y84.389 E7.13433
G1 X95.329 Y84.471 E7.14915
G1 X95.529 Y84.671 E7.16275
G1 X95.611 Y84.968 E7.17757
G1 X95.611 Y105.032 E8.14258
G1 X95.529 Y105.329 E8.1574
G1 X95.329 Y105.529 E8.171
G1 X95.032 Y105.611 E8.18582
G1 X74.968 Y105.611 E9.15083
G1 X74.671 Y105.529 E9.16565
G1 X74.471 Y105.329 E9.17925
G1 X74.389 Y105.032 E9.19407
G1 X74.389 Y84.968 E10.15908
G1 X74.471 Y84.671 E10.1739
G1 X74.529 Y84.614 E10.17781
G1 X74.829 Y84.838 F7800
;TYPE:External perimeter
G1 F1800
G1 X74.831 Y84.831 E10.17816
G1 X74.968 Y84.775 E10.18528
G1 X95.032 Y84.775 E11.15029
G1 X95.169 Y84.831 E11.15741
G1 X95.225 Y84.968 E11.16453
G1 X95.225 Y105.032 E12.12954
G1 X95.169 Y105.169 E12.13666
G1 X95.032 Y105.225 E12.14378
G1 X74.968 Y105.225 E13.10879
G1 X74.831 Y105.169 E13.11591
G1 X74.775 Y105.032 E13.12303
G1 X74.775 Y84.968 E14.08804
G1 X74.806 Y84.893 E14.09194
G1 X75.19 Y84.782 F7800
G1 E12.09194 F2400
G92 E0
G1 X70.496 Y80.496 F7800
G1 E2 F2400
;TYPE:Perimeter
G1 F3600
G1 X99.504 Y80.496 E3.39518
G1 X99.504 Y82.716 E3.50195
G1 X99.504 Y109.504 E4.79036
G1 X70.496 Y109.504 E6.18554
G1 X70.496 Y80.556 E7.57784
G1 X70.111 Y80.111 F7800
G1 F3600
G1 X99.889 Y80.111 E9.01006
G1 X99.889 Y82.716 E9.13535
G1 X99.889 Y109.889 E10.44228
G1 X70.111 Y109.889 E11.8745
G1 X70.111 Y80.171 E13.30383
G1 X69.725 Y79.725 F7800
;TYPE:External perimeter
G1 F1800
G1 X100.275 Y79.725 E14.77318
G1 X100.275 Y82.716 E14.91704
G1 X100.275 Y110.275 E16.24253
G1 X69.725 Y110.275 E17.71188
G1 X69.725 Y79.785 E19.17834
G1 X70.121 Y79.726 F7800
G1 X71.397 Y80.612
;TYPE:Internal infill
;WIDTH:0.45
G1 F4200
G1 X70.785 Y81.223 E19.21993
G1 X70.785 Y81.772 E19.24634
G1 X71.772 Y80.785 E19.31347
G1 X72.321 Y80.785 E19.33988
G1 X70.612 Y82.494 E19.45612
G1 E17.45612 F2400
G92 E0
G1 X72.337 Y81.319 F7800
G1 E2 F2400
G1 F4200
G1 X72.87 Y80.785 E2.03629
G1 X73.419 Y80.785 E2.0627
G1 X73.07 Y81.134 E2.08644
G1 X73.619 Y81.134 E2.11285
G1 X73.967 Y80.785 E2.13655
G1 X74.516 Y80.785 E2.16296
G1 X74.168 Y81.134 E2.18666
G1 X74.717 Y81.134 E2.21307
G1 X75.065 Y80.785 E2.23677
G1 X75.614 Y80.785 E2.26318
G1 X75.266 Y81.134 E2.28688
G1 X75.815 Y81.134 E2.31329
G1 X76.163 Y80.785 E2.33699
G1 X76.712 Y80.785 E2.3634
G1 X76.364 Y81.134 E2.3871
G1 X76.912 Y81.134 E2.41346
G1 X77.261 Y80.785 E2.4372
G1 X77.809 Y80.785 E2.46356
G1 X77.461 Y81.134 E2.48726
G1 X78.01 Y81.134 E2.51367
G1 X78.358 Y80.785 E2.53737
G1 X78.907 Y80.785 E2.56378
G1 X78.559 Y81.134 E2.58748
G1 X79.108 Y81.134 E2.61389
G1 X79.456 Y80.785 E2.63759
G1 X80.005 Y80.785 E2.664
G1 X79.657 Y81.134 E2.6877
G1 X80.206 Y81.134 E2.71411
G1 X80.554 Y80.785 E2.73781
G1 X81.102 Y80.785 E2.76417
G1 X80.754 Y81.134 E2.78787
G1 X81.303 Y81.134 E2.81428
G1 X81.651 Y80.785 E2.83798
G1 X82.2 Y80.785 E2.86439
G1 X81.852 Y81.134 E2.88809
G1 X82.401 Y81.134 E2.9145
G1 X82.749 Y80.785 E2.9382
G1 X83.298 Y80.785 E2.96461
G1 X82.95 Y81.134 E2.98831
G1 X83.499 Y81.134 E3.01472
G1 X83.847 Y80.785 E3.03842
G1 X84.396 Y80.785 E3.06483
G1 X84.047 Y81.134 E3.08857
G1 X84.596 Y81.134 E3.11498
G1 X84.944 Y80.785 E3.13868
G1 X85.493 Y80.785 E3.16509
G1 X85.145 Y81.134 E3.18879
G1 X85.694 Y81.134 E3.2152
G1 X86.042 Y80.785 E3.2389
G1 X86.591 Y80.785 E3.26531
G1 X86.243 Y81.134 E3.28901
G1 X86.792 Y81.134 E3.31542
G1 X87.14 Y80.785 E3.33912
G1 X87.689 Y80.785 E3.36553
G1 X87.341 Y81.134 E3.38923
G1 X87.889 Y81.134 E3.41559
G1 X88.238 Y80.785 E3.43933
G1 X88.786 Y80.785 E3.46569
G1 X88.438 Y81.134 E3.48939
G1 X88.987 Y81.134 E3.5158
G1 X89.335 Y80.785 E3.5395
G1 X89.884 Y80.785 E3.56591
G1 X89.536 Y81.134 E3.58961
G1 X90.085 Y81.134 E3.61602
G1 X90.433 Y80.785 E3.63972
G1 X90.982 Y80.785 E3.66613
G1 X90.634 Y81.134 E3.68983
G1 X91.183 Y81.134 E3.71624
G1 X91.531 Y80.785 E3.73994
G1 X92.079 Y80.785 E3.7663
G1 X91.731 Y81.134 E3.79
G1 X92.28 Y81.134 E3.81641
G1 X92.628 Y80.785 E3.84011
G1 X93.177 Y80.785 E3.86652
G1 X92.829 Y81.134 E3.89022
G1 X93.378 Y81.134 E3.91663
G1 X93.726 Y80.785 E3.94033
G1 X94.275 Y80.785 E3.96674
G1 X93.927 Y81.134 E3.99044
G1 X94.476 Y81.134 E4.01685
G1 X94.824 Y80.785 E4.04055
G1 X95.373 Y80.785 E4.06696
G1 X95.024 Y81.134 E4.0907
G1 X95.573 Y81.134 E4.11711
G1 X95.921 Y80.785 E4.14081
G1 X96.47 Y80.785 E4.16722
G1 X96.122 Y81.134 E4.19092
G1 X96.671 Y81.134 E4.21733
G1 X97.019 Y80.785 E4.24103
G1 X97.568 Y80.785 E4.26744
G1 X97.22 Y81.134 E4.29114
G1 X97.731 Y81.171 E4.31578
G1 X98.117 Y80.785 E4.34204
G1 X98.666 Y80.785 E4.36845
G1 X98.151 Y81.3 E4.40348
G1 X98.473 Y81.527 E4.42243
G1 X99.215 Y80.785 E4.4729
G1 X99.215 Y81.334 E4.49931
G1 X98.7 Y81.849 E4.53434
G1 X98.829 Y82.269 E4.55547
G1 X99.215 Y81.883 E4.58173
G1 X99.215 Y82.432 E4.60814
G1 X98.866 Y82.78 E4.63184
G1 X98.866 Y83.329 E4.65825
G1 X99.215 Y82.981 E4.68195
G1 X99.215 Y83.53 E4.70836
G1 X98.866 Y83.878 E4.73206
G1 X98.866 Y84.427 E4.75847
G1 X99.215 Y84.079 E4.78217
G1 X99.215 Y84.627 E4.80853
G1 X98.866 Y84.976 E4.83227
G1 X98.866 Y85.524 E4.85863
G1 X99.215 Y85.176 E4.88233
G1 X99.215 Y85.725 E4.90874
G1 X98.866 Y86.073 E4.93244
G1 X98.866 Y86.622 E4.95885
G1 X99.215 Y86.274 E4.98255
G1 X99.215 Y86.823 E5.00896
G1 X98.866 Y87.171 E5.03266
G1 X98.866 Y87.72 E5.05907
G1 X99.215 Y87.372 E5.08277
G1 X99.215 Y87.921 E5.10918
G1 X98.866 Y88.269 E5.13288
G1 X98.866 Y88.817 E5.15924
G1 X99.215 Y88.469 E5.18294
G1 X99.215 Y89.018 E5.20935
G1 X98.866 Y89.366 E5.23305
G1 X98.866 Y89.915 E5.25946
G1 X99.215 Y89.567 E5.28316
G1 X99.215 Y90.116 E5.30957
G1 X98.866 Y90.464 E5.33327
G1 X98.866 Y91.013 E5.35968
G1 X99.215 Y90.665 E5.38338
G1 X99.215 Y91.214 E5.40979
G1 X98.866 Y91.562 E5.43349
G1 X98.866 Y92.111 E5.4599
G1 X99.215 Y91.762 E5.48364
G1 X99.215 Y92.311 E5.51005
G1 X98.866 Y92.659 E5.53375
G1 X98.866 Y93.208 E5.56016
G1 X99.215 Y92.86 E5.58386
G1 X99.215 Y93.409 E5.61027
G1 X98.866 Y93.757 E5.63397
G1 X98.866 Y94.306 E5.66038
G1 X99.215 Y93.958 E5.68408
G1 X99.215 Y94.507 E5.71049
G1 X98.866 Y94.855 E5.73419
G1 X98.866 Y95.404 E5.7606
G1 X99.215 Y95.056 E5.7843
G1 X99.215 Y95.604 E5.81066
G1 X98.866 Y95.953 E5.8344
G1 X98.866 Y96.501 E5.86076
G1 X99.215 Y96.153 E5.88446
G1 X99.215 Y96.702 E5.91087
G1 X98.866 Y97.05 E5.93457
G1 X98.866 Y97.599 E5.96098
G1 X99.215 Y97.251 E5.98468
G1 X99.215 Y97.8 E6.01109
G1 X98.866 Y98.148 E6.03479
G1 X98.866 Y98.697 E6.0612
G1 X99.215 Y98.349 E6.0849
G1 X99.215 Y98.898 E6.11131
G1 X98.866 Y99.246 E6.13501
G1 X98.866 Y99.794 E6.16137
G1 X99.215 Y99.446 E6.18507
G1 X99.215 Y99.995 E6.21148
G1 X98.866 Y100.343 E6.23518
G1 X98.866 Y100.892 E6.26159
G1 X99.215 Y100.544 E6.28529
G1 X99.215 Y101.093 E6.3117
G1 X98.866 Y101.441 E6.3354
G1 X98.866 Y101.99 E6.36181
G1 X99.215 Y101.642 E6.38551
G1 X99.215 Y102.191 E6.41192
G1 X98.866 Y102.539 E6.43562
G1 X98.866 Y103.088 E6.46203
G1 X99.215 Y102.739 E6.48577
G1 X99.215 Y103.288 E6.51218
G1 X98.866 Y103.636 E6.53588
G1 X98.866 Y104.185 E6.56229
G1 X99.215 Y103.837 E6.58599
G1 X99.215 Y104.386 E6.6124
G1 X98.866 Y104.734 E6.6361
G1 X98.866 Y105.283 E6.66251
G1 X99.215 Y104.935 E6.68621
G1 X99.215 Y105.484 E6.71262
G1 X98.866 Y105.832 E6.73632
G1 X98.866 Y106.381 E6.76273
G1 X99.215 Y106.033 E6.78643
G1 X99.215 Y106.581 E6.81279
G1 X98.866 Y106.93 E6.83653
G1 X98.866 Y107.478 E6.86289
G1 X99.215 Y107.13 E6.88659
G1 X99.215 Y107.679 E6.913
G1 X97.679 Y109.215 E7.01748
G1 X98.228 Y109.215 E7.04389
G1 X99.215 Y108.228 E7.11102
G1 X99.215 Y108.777 E7.13743
G1 X98.603 Y109.388 E7.17902
G1 X98.61 Y107.824 F7800
;TYPE:Top solid infill
;WIDTH:0.401175
G1 F2400
G1 X98.212 Y108.223 E7.20269
G1 X97.915 Y108.425 E7.21778
G1 X97.695 Y108.491 E7.22743
G1 X97.452 Y108.506 E7.23766
G1 X98.506 Y107.452 E7.30027
G1 X98.506 Y106.976 E7.32027
G1 X96.976 Y108.506 E7.41116
G1 X96.5 Y108.506 E7.43116
G1 X98.506 Y106.5 E7.55033
G1 X98.506 Y106.024 E7.57033
G1 X96.024 Y108.506 E7.71778
G1 X95.547 Y108.506 E7.73782
G1 X98.506 Y105.547 E7.9136
G1 X98.506 Y105.071 E7.9336
G1 X95.071 Y108.506 E8.13766
G1 X94.595 Y108.506 E8.15766
G1 X98.506 Y104.595 E8.39
G1 X98.506 Y104.118 E8.41004
G1 X94.118 Y108.506 E8.67072
G1 X93.642 Y108.506 E8.69072
G1 X98.506 Y103.642 E8.97967
G1 X98.506 Y103.166 E8.99967
G1 X96.146 Y105.526 E9.13987
G1 X96.215 Y105.365 E9.14723
G1 X96.26 Y104.935 E9.16539
G1 X98.506 Y102.689 E9.29882
G1 X98.506 Y102.213 E9.31882
G1 X96.26 Y104.459 E9.45225
G1 X96.26 Y103.982 E9.47229
G1 X98.506 Y101.737 E9.60569
G1 X98.506 Y101.261 E9.62569
G1 X96.26 Y103.506 E9.75909
G1 X96.26 Y103.03 E9.77909
G1 X98.506 Y100.784 E9.91252
G1 X98.506 Y100.308 E9.93252
G1 X96.26 Y102.553 E10.06592
G1 X96.26 Y102.077 E10.08592
G1 X98.506 Y99.832 E10.21932
G1 X98.506 Y99.355 E10.23936
G1 X96.26 Y101.601 E10.37279
G1 X96.26 Y101.124 E10.39283
G1 X98.506 Y98.879 E10.52623
G1 X98.506 Y98.403 E10.54623
G1 X96.26 Y100.648 E10.67963
G1 X96.26 Y100.172 E10.69963
G1 X98.506 Y97.926 E10.83306
G1 X98.506 Y97.45 E10.85306
G1 X96.26 Y99.696 E10.98649
G1 X96.26 Y99.219 E11.00653
G1 X98.506 Y96.974 E11.13993
G1 X98.506 Y96.498 E11.15993
G1 X96.26 Y98.743 E11.29333
G1 X96.26 Y98.267 E11.31333
G1 X98.506 Y96.021 E11.44676
G1 X98.506 Y95.545 E11.46676
G1 X96.26 Y97.79 E11.60016
G1 X96.26 Y97.314 E11.62016
G1 X98.506 Y95.069 E11.75356
G1 X98.506 Y94.592 E11.7736
G1 X96.26 Y96.838 E11.90703
G1 X96.26 Y96.361 E11.92707
G1 X98.506 Y94.116 E12.06047
G1 X98.506 Y93.64 E12.08047
G1 X96.26 Y95.885 E12.21387
G1 X96.26 Y95.409 E12.23387
G1 X98.506 Y93.164 E12.36727
G1 X98.506 Y92.687 E12.38731
G1 X96.26 Y94.933 E12.52074
G1 X96.26 Y94.456 E12.54078
G1 X98.506 Y92.211 E12.67418
G1 X98.506 Y91.735 E12.69418
G1 X96.26 Y93.98 E12.82758
G1 X96.26 Y93.504 E12.84758
G1 X98.506 Y91.258 E12.98101
G1 X98.506 Y90.782 E13.00101
G1 X96.26 Y93.027 E13.13441
G1 X96.26 Y92.551 E13.15441
G1 X98.506 Y90.306 E13.28781
G1 X98.506 Y89.829 E13.30785
G1 X96.26 Y92.075 E13.44128
G1 X96.26 Y91.598 E13.46132
G1 X98.506 Y89.353 E13.59472
G1 X98.506 Y88.877 E13.61472
G1 X96.26 Y91.122 E13.74812
G1 X96.26 Y90.646 E13.76812
G1 X98.506 Y88.401 E13.90152
G1 X98.506 Y87.924 E13.92156
G1 X96.26 Y90.17 E14.05499
G1 X96.26 Y89.693 E14.07503
G1 X98.506 Y87.448 E14.20843
G1 X98.506 Y86.972 E14.22843
G1 X96.26 Y89.217 E14.36183
G1 X96.26 Y88.741 E14.38183
G1 X98.506 Y86.495 E14.51526
G1 X98.506 Y86.019 E14.53526
G1 X96.26 Y88.264 E14.66866
G1 X96.26 Y87.788 E14.68866
G1 X98.506 Y85.543 E14.82206
G1 X98.506 Y85.066 E14.8421
G1 X96.26 Y87.312 E14.97553
G1 X96.26 Y86.835 E14.99557
G1 X98.506 Y84.59 E15.12897
G1 X98.506 Y84.114 E15.14897
G1 X96.26 Y86.359 E15.28237
G1 X96.26 Y85.883 E15.30237
G1 X98.506 Y83.638 E15.43577
G1 X98.506 Y83.161 E15.45581
G1 X96.26 Y85.407 E15.58924
G1 X96.256 Y84.934 E15.60911
G1 X98.506 Y82.685 E15.74275
G1 X98.505 Y82.484 E15.75119
G1 X98.458 Y82.256 E15.76097
G1 X96.174 Y84.54 E15.89665
G1 X96.118 Y84.409 E15.90263
G1 X96.118 Y84.12 E15.91477
G1 X98.315 Y81.923 E16.04529
G1 X98.221 Y81.785 E16.0523
G1 X98.077 Y81.685 E16.05966
G1 X95.88 Y83.882 E16.19018
G1 X95.591 Y83.882 E16.20232
G1 X95.46 Y83.826 E16.2083
G1 X97.744 Y81.542 E16.34398
G1 X97.516 Y81.495 E16.35376
G1 X97.315 Y81.494 E16.3622
G1 X95.066 Y83.744 E16.49584
G1 X94.593 Y83.74 E16.51571
G1 X96.839 Y81.494 E16.64914
G1 X96.362 Y81.494 E16.66918
G1 X94.117 Y83.74 E16.80258
G1 X93.641 Y83.74 E16.82258
G1 X95.886 Y81.494 E16.95598
G1 X95.41 Y81.494 E16.97598
G1 X93.164 Y83.74 E17.10941
G1 X92.688 Y83.74 E17.12941
G1 X94.934 Y81.494 E17.26284
G1 X94.457 Y81.494 E17.28288
G1 X92.212 Y83.74 E17.41628
G1 X91.736 Y83.74 E17.43628
G1 X93.981 Y81.494 E17.56968
G1 X93.505 Y81.494 E17.58968
G1 X91.259 Y83.74 E17.72311
G1 X90.783 Y83.74 E17.74311
G1 X93.028 Y81.494 E17.87651
G1 X92.552 Y81.494 E17.89651
G1 X90.307 Y83.74 E18.02991
G1 X89.83 Y83.74 E18.04995
G1 X92.076 Y81.494 E18.18338
G1 X91.599 Y81.494 E18.20342
G1 X89.354 Y83.74 E18.33682
G1 X88.878 Y83.74 E18.35682
G1 X91.123 Y81.494 E18.49022
G1 X90.647 Y81.494 E18.51022
G1 X88.402 Y83.74 E18.64362
G1 X87.925 Y83.74 E18.66366
G1 X90.171 Y81.494 E18.79709
G1 X89.694 Y81.494 E18.81713
G1 X87.449 Y83.74 E18.95053
G1 X86.973 Y83.74 E18.97053
G1 X89.218 Y81.494 E19.10393
G1 X88.742 Y81.494 E19.12393
G1 X86.496 Y83.74 E19.25736
G1 X86.02 Y83.74 E19.27736
G1 X88.265 Y81.494 E19.41076
G1 X87.789 Y81.494 E19.43076
G1 X85.544 Y83.74 E19.56416
G1 X85.067 Y83.74 E19.5842
G1 X87.313 Y81.494 E19.71763
G1 X86.836 Y81.494 E19.73767
G1 X84.591 Y83.74 E19.87107
G1 X84.115 Y83.74 E19.89107
G1 X86.36 Y81.494 E20.02447
G1 X85.884 Y81.494 E20.04447
G1 X83.639 Y83.74 E20.17787
G1 X83.162 Y83.74 E20.19791
G1 X85.408 Y81.494 E20.33134
G1 X84.931 Y81.494 E20.35138
G1 X82.686 Y83.74 E20.48478
G1 X82.21 Y83.74 E20.50478
G1 X84.455 Y81.494 E20.63818
G1 X83.979 Y81.494 E20.65818
G1 X81.733 Y83.74 E20.79161
G1 X81.257 Y83.74 E20.81161
G1 X83.502 Y81.494 E20.94501
G1 X83.026 Y81.494 E20.96501
G1 X80.781 Y83.74 E21.09841
G1 X80.304 Y83.74 E21.11845
G1 X82.55 Y81.494 E21.25188
G1 X82.073 Y81.494 E21.27192
G1 X79.828 Y83.74 E21.40532
G1 X79.352 Y83.74 E21.42532
G1 X81.597 Y81.494 E21.55872
G1 X81.121 Y81.494 E21.57872
G1 X78.876 Y83.74 E21.71212
G1 X78.399 Y83.74 E21.73216
G1 X80.645 Y81.494 E21.86559
G1 X80.168 Y81.494 E21.88563
G1 X77.923 Y83.74 E22.01903
G1 X77.447 Y83.74 E22.03903
G1 X79.692 Y81.494 E22.17243
G1 X79.216 Y81.494 E22.19243
G1 X76.97 Y83.74 E22.32586
G1 X76.494 Y83.74 E22.34586
G1 X78.739 Y81.494 E22.47926
G1 X78.263 Y81.494 E22.49926
G1 X76.018 Y83.74 E22.63266
G1 X75.541 Y83.74 E22.6527
G1 X77.787 Y81.494 E22.78613
G1 X77.311 Y81.494 E22.80613
G1 X75.065 Y83.74 E22.93956
G1 X74.635 Y83.785 E22.95772
G1 X74.474 Y83.854 E22.96508
G1 X76.985 Y81.343 E23.11425
G1 E21.11425
G92 E0
G1 X93.015 Y108.657 F7800
G1 E2 F2400
G1 X95.526 Y106.146 E2.14917
G1 X95.365 Y106.215 E2.15653
G1 X94.935 Y106.26 E2.17469
G1 X92.689 Y108.506 E2.30812
G1 X92.213 Y108.506 E2.32812
G1 X94.459 Y106.26 E2.46155
G1 X93.982 Y106.26 E2.48159
G1 X91.737 Y108.506 E2.61499
G1 X91.261 Y108.506 E2.63499
G1 X93.506 Y106.26 E2.76839
G1 X93.03 Y106.26 E2.78839
G1 X90.784 Y108.506 E2.92182
G1 X90.308 Y108.506 E2.94182
G1 X92.553 Y106.26 E3.07522
G1 X92.077 Y106.26 E3.09522
G1 X89.832 Y108.506 E3.22862
G1 X89.355 Y108.506 E3.24866
G1 X91.601 Y106.26 E3.38209
G1 X91.124 Y106.26 E3.40213
G1 X88.879 Y108.506 E3.53553
G1 X88.403 Y108.506 E3.55553
G1 X90.648 Y106.26 E3.68893
G1 X90.172 Y106.26 E3.70893
G1 X87.926 Y108.506 E3.84236
G1 X87.45 Y108.506 E3.86236
G1 X89.696 Y106.26 E3.99579
G1 X89.219 Y106.26 E4.01583
G1 X86.974 Y108.506 E4.14923
G1 X86.498 Y108.506 E4.16923
G1 X88.743 Y106.26 E4.30263
G1 X88.267 Y106.26 E4.32263
G1 X86.021 Y108.506 E4.45606
G1 X85.545 Y108.506 E4.47606
G1 X87.79 Y106.26 E4.60946
G1 X87.314 Y106.26 E4.62946
G1 X85.069 Y108.506 E4.76286
G1 X84.592 Y108.506 E4.7829
G1 X86.838 Y106.26 E4.91633
G1 X86.361 Y106.26 E4.93637
G1 X84.116 Y108.506 E5.06977
G1 X83.64 Y108.506 E5.08977
G1 X85.885 Y106.26 E5.22317
G1 X85.409 Y106.26 E5.24317
G1 X83.164 Y108.506 E5.37657
G1 X82.687 Y108.506 E5.39661
G1 X84.933 Y106.26 E5.53004
G1 X84.456 Y106.26 E5.55008
G1 X82.211 Y108.506 E5.68348
G1 X81.735 Y108.506 E5.70348
G1 X83.98 Y106.26 E5.83688
G1 X83.504 Y106.26 E5.85688
G1 X81.258 Y108.506 E5.99031
G1 X80.782 Y108.506 E6.01031
G1 X83.027 Y106.26 E6.14371
G1 X82.551 Y106.26 E6.16371
G1 X80.306 Y108.506 E6.29711
G1 X79.829 Y108.506 E6.31715
G1 X82.075 Y106.26 E6.45058
G1 X81.598 Y106.26 E6.47062
G1 X79.353 Y108.506 E6.60402
G1 X78.877 Y108.506 E6.62402
G1 X81.122 Y106.26 E6.75742
G1 X80.646 Y106.26 E6.77742
G1 X78.401 Y108.506 E6.91082
G1 X77.924 Y108.506 E6.93086
G1 X80.17 Y106.26 E7.06429
G1 X79.693 Y106.26 E7.08433
G1 X77.448 Y108.506 E7.21773
G1 X76.972 Y108.506 E7.23773
G1 X79.217 Y106.26 E7.37113
G1 X78.741 Y106.26 E7.39113
G1 X76.495 Y108.506 E7.52456
G1 X76.019 Y108.506 E7.54456
G1 X78.264 Y106.26 E7.67796
G1 X77.788 Y106.26 E7.69796
G1 X75.543 Y108.506 E7.83136
G1 X75.066 Y108.506 E7.8514
G1 X77.312 Y106.26 E7.98483
G1 X76.835 Y106.26 E8.00487
G1 X74.59 Y108.506 E8.13827
G1 X74.114 Y108.506 E8.15827
G1 X76.359 Y106.26 E8.29167
G1 X75.883 Y106.26 E8.31167
G1 X73.638 Y108.506 E8.44507
G1 X73.161 Y108.506 E8.46511
G1 X75.407 Y106.26 E8.59854
G1 X74.934 Y106.256 E8.61841
G1 X72.685 Y108.506 E8.75205
G1 X72.484 Y108.505 E8.76049
G1 X72.256 Y108.458 E8.77027
G1 X74.54 Y106.174 E8.90595
G1 X74.409 Y106.118 E8.91193
G1 X74.12 Y106.118 E8.92407
G1 X71.923 Y108.315 E9.05459
G1 X71.779 Y108.215 E9.06195
G1 X71.685 Y108.077 E9.06896
G1 X73.882 Y105.88 E9.19948
G1 X73.882 Y105.591 E9.21162
G1 X73.826 Y105.46 E9.2176
G1 X71.527 Y107.758 E9.35415
G1 X71.494 Y107.525 E9.36404
G1 X71.494 Y107.315 E9.37286
G1 X73.744 Y105.066 E9.5065
G1 X73.74 Y104.593 E9.52637
G1 X71.494 Y106.839 E9.6598
G1 X71.494 Y106.362 E9.67984
G1 X73.74 Y104.117 E9.81324
G1 X73.74 Y103.641 E9.83324
G1 X71.494 Y105.886 E9.96664
G1 X71.494 Y105.41 E9.98664
G1 X73.74 Y103.164 E10.12007
G1 X73.74 Y102.688 E10.14007
G1 X71.494 Y104.934 E10.2735
G1 X71.494 Y104.457 E10.29354
G1 X73.74 Y102.212 E10.42694
G1 X73.74 Y101.736 E10.44694
G1 X71.494 Y103.981 E10.58034
G1 X71.494 Y103.505 E10.60034
G1 X73.74 Y101.259 E10.73377
G1 X73.74 Y100.783 E10.75377
G1 X71.494 Y103.028 E10.88717
G1 X71.494 Y102.552 E10.90717
G1 X73.74 Y100.307 E11.04057
G1 X73.74 Y99.83 E11.06061
G1 X71.494 Y102.076 E11.19404
G1 X71.494 Y101.599 E11.21408
G1 X73.74 Y99.354 E11.34748
G1 X73.74 Y98.878 E11.36748
G1 X71.494 Y101.123 E11.50088
G1 X71.494 Y100.647 E11.52088
G1 X73.74 Y98.402 E11.65428
G1 X73.74 Y97.925 E11.67432
G1 X71.494 Y100.171 E11.80775
G1 X71.494 Y99.694 E11.82779
G1 X73.74 Y97.449 E11.96119
G1 X73.74 Y96.973 E11.98119
G1 X71.494 Y99.218 E12.11459
G1 X71.494 Y98.742 E12.13459
G1 X73.74 Y96.496 E12.26802
G1 X73.74 Y96.02 E12.28802
G1 X71.494 Y98.265 E12.42142
G1 X71.494 Y97.789 E12.44142
G1 X73.74 Y95.544 E12.57482
G1 X73.74 Y95.067 E12.59486
G1 X71.494 Y97.313 E12.72829
G1 X71.494 Y96.836 E12.74833
G1 X73.74 Y94.591 E12.88173
G1 X73.74 Y94.115 E12.90173
G1 X71.494 Y96.36 E13.03513
G1 X71.494 Y95.884 E13.05513
G1 X73.74 Y93.639 E13.18853
G1 X73.74 Y93.162 E13.20857
G1 X71.494 Y95.408 E13.342
G1 X71.494 Y94.931 E13.36204
G1 X73.74 Y92.686 E13.49544
G1 X73.74 Y92.21 E13.51544
G1 X71.494 Y94.455 E13.64884
G1 X71.494 Y93.979 E13.66884
G1 X73.74 Y91.733 E13.80227
G1 X73.74 Y91.257 E13.82227
G1 X71.494 Y93.502 E13.95567
G1 X71.494 Y93.026 E13.97567
G1 X73.74 Y90.781 E14.10907
G1 X73.74 Y90.304 E14.12911
G1 X71.494 Y92.55 E14.26254
G1 X71.494 Y92.073 E14.28258
G1 X73.74 Y89.828 E14.41598
G1 X73.74 Y89.352 E14.43598
G1 X71.494 Y91.597 E14.56938
G1 X71.494 Y91.121 E14.58938
G1 X73.74 Y88.876 E14.72278
G1 X73.74 Y88.399 E14.74282
G1 X71.494 Y90.645 E14.87625
G1 X71.494 Y90.168 E14.89629
G1 X73.74 Y87.923 E15.02969
G1 X73.74 Y87.447 E15.04969
G1 X71.494 Y89.692 E15.18309
G1 X71.494 Y89.216 E15.20309
G1 X73.74 Y86.97 E15.33652
G1 X73.74 Y86.494 E15.35652
G1 X71.494 Y88.739 E15.48992
G1 X71.494 Y88.263 E15.50992
G1 X73.74 Y86.018 E15.64332
G1 X73.74 Y85.541 E15.66336
G1 X71.494 Y87.787 E15.79679
G1 X71.494 Y87.311 E15.81679
G1 X73.74 Y85.065 E15.95022
G1 X73.785 Y84.635 E15.96838
G1 X73.854 Y84.474 E15.97574
G1 X71.494 Y86.834 E16.11594
G1 X71.494 Y86.358 E16.13594
G1 X76.358 Y81.494 E16.42489
G1 X75.882 Y81.494 E16.44489
G1 X71.494 Y85.882 E16.70557
G1 X71.494 Y85.405 E16.72561
G1 X75.405 Y81.494 E16.95795
G1 X74.929 Y81.494 E16.97795
G1 X71.494 Y84.929 E17.18201
G1 X71.494 Y84.453 E17.20201
G1 X74.453 Y81.494 E17.37779
G1 X73.976 Y81.494 E17.39783
G1 X71.494 Y83.976 E17.54528
G1 X71.494 Y83.5 E17.56528
G1 X73.5 Y81.494 E17.68445
G1 X73.024 Y81.494 E17.70445
G1 X71.494 Y83.024 E17.79534
G1 X71.494 Y82.548 E17.81534
G1 X72.548 Y81.494 E17.87795
G1 X72.305 Y81.509 E17.88818
G1 X72.085 Y81.575 E17.89783
G1 X71.788 Y81.777 E17.91292
G1 X71.408 Y82.157 E17.93549
G1 X71.338 Y82.317 F7800
;TYPE:Internal infill
;WIDTH:0.45
G1 F4200
G1 X70.785 Y82.87 E17.9731
G1 X70.785 Y83.419 E17.99951
G1 X71.134 Y83.07 E18.02325
G1 X71.134 Y83.619 E18.04966
G1 X70.785 Y83.967 E18.07336
G1 X70.785 Y84.516 E18.09977
G1 X71.134 Y84.168 E18.12347
G1 X71.134 Y84.717 E18.14988
G1 X70.785 Y85.065 E18.17358
G1 X70.785 Y85.614 E18.19999
G1 X71.134 Y85.266 E18.22369
G1 X71.134 Y85.815 E18.2501
G1 X70.785 Y86.163 E18.2738
G1 X70.785 Y86.712 E18.30021
G1 X71.134 Y86.364 E18.32391
G1 X71.134 Y86.912 E18.35027
G1 X70.785 Y87.261 E18.37401
G1 X70.785 Y87.809 E18.40037
G1 X71.134 Y87.461 E18.42407
G1 X71.134 Y88.01 E18.45048
G1 X70.785 Y88.358 E18.47418
G1 X70.785 Y88.907 E18.50059
G1 X71.134 Y88.559 E18.52429
G1 X71.134 Y89.108 E18.5507
G1 X70.785 Y89.456 E18.5744
G1 X70.785 Y90.005 E18.60081
G1 X71.134 Y89.657 E18.62451
G1 X71.134 Y90.205 E18.65087
G1 X70.785 Y90.554 E18.67461
G1 X70.785 Y91.102 E18.70097
G1 X71.134 Y90.754 E18.72467
G1 X71.134 Y91.303 E18.75108
G1 X70.785 Y91.651 E18.77478
G1 X70.785 Y92.2 E18.80119
G1 X71.134 Y91.852 E18.82489
G1 X71.134 Y92.401 E18.8513
G1 X70.785 Y92.749 E18.875
G1 X70.785 Y93.298 E18.90141
G1 X71.134 Y92.95 E18.92511
G1 X71.134 Y93.499 E18.95152
G1 X70.785 Y93.847 E18.97522
G1 X70.785 Y94.396 E19.00163
G1 X71.134 Y94.047 E19.02537
G1 X71.134 Y94.596 E19.05178
G1 X70.785 Y94.944 E19.07548
G1 X70.785 Y95.493 E19.10189
G1 X71.134 Y95.145 E19.12559
G1 X71.134 Y95.694 E19.152
G1 X70.785 Y96.042 E19.1757
G1 X70.785 Y96.591 E19.20211
G1 X71.134 Y96.243 E19.22581
G1 X71.134 Y96.792 E19.25222
G1 X70.785 Y97.14 E19.27592
G1 X70.785 Y97.689 E19.30233
G1 X71.134 Y97.341 E19.32603
G1 X71.134 Y97.889 E19.35239
G1 X70.785 Y98.238 E19.37613
G1 X70.785 Y98.786 E19.40249
G1 X71.134 Y98.438 E19.42619
G1 X71.134 Y98.987 E19.4526
G1 X70.785 Y99.335 E19.4763
G1 X70.785 Y99.884 E19.50271
G1 X71.134 Y99.536 E19.52641
G1 X71.134 Y100.085 E19.55282
G1 X70.785 Y100.433 E19.57652
G1 X70.785 Y100.982 E19.60293
G1 X71.134 Y100.634 E19.62663
G1 X71.134 Y101.183 E19.65304
G1 X70.785 Y101.531 E19.67674
G1 X70.785 Y102.079 E19.7031
G1 X71.134 Y101.731 E19.7268
G1 X71.134 Y102.28 E19.75321
G1 X70.785 Y102.628 E19.77691
G1 X70.785 Y103.177 E19.80332
G1 X71.134 Y102.829 E19.82702
G1 X71.134 Y103.378 E19.85343
G1 X70.785 Y103.726 E19.87713
G1 X70.785 Y104.275 E19.90354
G1 X71.134 Y103.927 E19.92724
G1 X71.134 Y104.476 E19.95365
G1 X70.785 Y104.824 E19.97735
G1 X70.785 Y105.373 E20.00376
G1 X71.134 Y105.024 E20.0275
G1 X71.134 Y105.573 E20.05391
G1 X70.785 Y105.921 E20.07761
G1 X70.785 Y106.47 E20.10402
G1 X71.134 Y106.122 E20.12772
G1 X71.134 Y106.671 E20.15413
G1 X70.785 Y107.019 E20.17783
G1 X70.785 Y107.568 E20.20424
G1 X71.134 Y107.22 E20.22794
G1 X71.152 Y107.75 E20.25345
G1 X70.785 Y108.117 E20.27841
G1 X70.785 Y108.666 E20.30482
G1 X71.3 Y108.151 E20.33985
G1 X71.527 Y108.473 E20.3588
G1 X70.785 Y109.215 E20.40927
G1 X71.334 Y109.215 E20.43568
G1 X71.849 Y108.7 E20.47071
G1 X72.269 Y108.829 E20.49184
G1 X71.883 Y109.215 E20.5181
G1 X72.432 Y109.215 E20.54451
G1 X72.78 Y108.866 E20.56821
G1 X73.329 Y108.866 E20.59462
G1 X72.981 Y109.215 E20.61832
G1 X73.53 Y109.215 E20.64473
G1 X73.878 Y108.866 E20.66843
G1 X74.427 Y108.866 E20.69484
G1 X74.079 Y109.215 E20.71854
G1 X74.627 Y109.215 E20.7449
G1 X74.976 Y108.866 E20.76864
G1 X75.524 Y108.866 E20.795
G1 X75.176 Y109.215 E20.8187
G1 X75.725 Y109.215 E20.84511
G1 X76.073 Y108.866 E20.86881
G1 X76.622 Y108.866 E20.89522
G1 X76.274 Y109.215 E20.91892
G1 X76.823 Y109.215 E20.94533
G1 X77.171 Y108.866 E20.96903
G1 X77.72 Y108.866 E20.99544
G1 X77.372 Y109.215 E21.01914
G1 X77.92 Y109.215 E21.0455
G1 X78.269 Y108.866 E21.06924
G1 X78.817 Y108.866 E21.0956
G1 X78.469 Y109.215 E21.1193
G1 X79.018 Y109.215 E21.14571
G1 X79.366 Y108.866 E21.16941
G1 X79.915 Y108.866 E21.19582
G1 X79.567 Y109.215 E21.21952
G1 X80.116 Y109.215 E21.24593
G1 X80.464 Y108.866 E21.26963
G1 X81.013 Y108.866 E21.29604
G1 X80.665 Y109.215 E21.31974
G1 X81.214 Y109.215 E21.34615
G1 X81.562 Y108.866 E21.36985
G1 X82.111 Y108.866 E21.39626
G1 X81.762 Y109.215 E21.42
G1 X82.311 Y109.215 E21.44641
G1 X82.659 Y108.866 E21.47011
G1 X83.208 Y108.866 E21.49652
G1 X82.86 Y109.215 E21.52022
G1 X83.409 Y109.215 E21.54663
G1 X83.757 Y108.866 E21.57033
G1 X84.306 Y108.866 E21.59674
G1 X83.958 Y109.215 E21.62044
G1 X84.507 Y109.215 E21.64685
G1 X84.855 Y108.866 E21.67055
G1 X85.404 Y108.866 E21.69696
G1 X85.056 Y109.215 E21.72066
G1 X85.604 Y109.215 E21.74702
G1 X85.953 Y108.866 E21.77076
G1 X86.501 Y108.866 E21.79712
G1 X86.153 Y109.215 E21.82082
G1 X86.702 Y109.215 E21.84723
G1 X87.05 Y108.866 E21.87093
G1 X87.599 Y108.866 E21.89734
G1 X87.251 Y109.215 E21.92104
G1 X87.8 Y109.215 E21.94745
G1 X88.148 Y108.866 E21.97115
G1 X88.697 Y108.866 E21.99756
G1 X88.349 Y109.215 E22.02126
G1 X88.898 Y109.215 E22.04767
G1 X89.246 Y108.866 E22.07137
G1 X89.794 Y108.866 E22.09773
G1 X89.446 Y109.215 E22.12143
G1 X89.995 Y109.215 E22.14784
G1 X90.343 Y108.866 E22.17154
G1 X90.892 Y108.866 E22.19795
G1 X90.544 Y109.215 E22.22165
G1 X91.093 Y109.215 E22.24806
G1 X91.441 Y108.866 E22.27176
G1 X91.99 Y108.866 E22.29817
G1 X91.642 Y109.215 E22.32187
G1 X92.191 Y109.215 E22.34828
G1 X92.539 Y108.866 E22.37198
G1 X93.088 Y108.866 E22.39839
G1 X92.739 Y109.215 E22.42213
G1 X93.288 Y109.215 E22.44854
G1 X93.636 Y108.866 E22.47224
G1 X94.185 Y108.866 E22.49865
G1 X93.837 Y109.215 E22.52235
G1 X94.386 Y109.215 E22.54876
G1 X94.734 Y108.866 E22.57246
G1 X95.283 Y108.866 E22.59887
G1 X94.935 Y109.215 E22.62257
G1 X95.484 Y109.215 E22.64898
G1 X95.832 Y108.866 E22.67268
G1 X96.381 Y108.866 E22.69909
G1 X96.033 Y109.215 E22.72279
G1 X96.581 Y109.215 E22.74915
G1 X96.93 Y108.866 E22.77289
G1 X97.478 Y108.866 E22.79925
G1 X96.957 Y109.388 E22.83472
;LAYER_CHANGE
;Z:3.35
;HEIGHT:0.3
G1 Z3.35 F7800
G1 X98.21 Y108.217
;TYPE:Perimeter
;WIDTH:0.45
G1 F3600
G1 X97.915 Y108.417 E22.85186
G1 X97.532 Y108.496 E22.87067
G1 X72.468 Y108.496 E24.07616
G1 X72.085 Y108.417 E24.09497
G1 X71.786 Y108.214 E24.11235
G1 X71.583 Y107.915 E24.12973
G1 X71.504 Y107.532 E24.14854
G1 X71.504 Y82.468 E25.35403
G1 X71.583 Y82.085 E25.37284
G1 X71.786 Y81.786 E25.39022
G1 X72.085 Y81.583 E25.4076
G1 X72.468 Y81.504 E25.42641
G1 X97.532 Y81.504 E26.6319
G1 X97.915 Y81.583 E26.65071
G1 X98.214 Y81.786 E26.66809
G1 X98.417 Y82.085 E26.68547
G1 X98.496 Y82.468 E26.70428
G1 X98.496 Y107.532 E27.90977
G1 X98.417 Y107.915 E27.92858
G1 X98.245 Y108.169 E27.94333
G1 X97.943 Y107.938 F7800
G1 F3600
G1 X97.941 Y107.941 E27.9435
G1 X97.762 Y108.063 E27.95392
G1 X97.532 Y108.111 E27.96522
G1 X72.468 Y108.111 E29.17071
G1 X72.238 Y108.063 E29.18201
G1 X72.059 Y107.941 E29.19243
G1 X71.937 Y107.762 E29.20285
G1 X71.889 Y107.532 E29.21415
G1 X71.889 Y82.468 E30.41964
G1 X71.937 Y82.238 E30.43094
G1 X72.059 Y82.059 E30.44136
G1 X72.238 Y81.937 E30.45178
G1 X72.468 Y81.889 E30.46308
G1 X97.532 Y81.889 E31.66857
G1 X97.762 Y81.937 E31.67987
G1 X97.941 Y82.059 E31.69029
G1 X98.063 Y82.238 E31.70071
G1 X98.111 Y82.468 E31.71201
G1 X98.111 Y107.532 E32.9175
G1 X98.063 Y107.762 E32.9288
G1 X97.977 Y107.889 E32.93618
G1 X97.671 Y107.662 F7800
;TYPE:External perimeter
G1 F1800
G1 X97.669 Y107.669 E32.93653
G1 X97.532 Y107.725 E32.94365
G1 X72.468 Y107.725 E34.14914
G1 X72.331 Y107.669 E34.15626
G1 X72.275 Y107.532 E34.16338
G1 X72.275 Y82.468 E35.36887
G1 X72.331 Y82.331 E35.37599
G1 X72.468 Y82.275 E35.38311
G1 X97.532 Y82.275 E36.5886
G1 X97.669 Y82.331 E36.59572
G1 X97.725 Y82.468 E36.60284
G1 X97.725 Y107.532 E37.80833
G1 X97.694 Y107.607 E37.81223
G1 X97.31 Y107.718 F7800
G1 E35.81223 F2400
G92 E0
G1 X70.496 Y80.496 F7800
G1 E2 F2400
;TYPE:Perimeter
G1 F3600
G1 X99.504 Y80.496 E3.39518
G1 X99.504 Y81.252 E3.43154
G1 X99.504 Y109.504 E4.79036
G1 X70.496 Y109.504 E6.18554
G1 X70.496 Y80.556 E7.57784
G1 X70.111 Y80.111 F7800
G1 F3600
G1 X99.889 Y80.111 E9.01006
G1 X99.889 Y81.252 E9.06494
G1 X99.889 Y109.889 E10.44228
G1 X70.111 Y109.889 E11.8745
G1 X70.111 Y80.171 E13.30383
G1 X69.725 Y79.725 F7800
;TYPE:External perimeter
G1 F1800
G1 X100.275 Y79.725 E14.77318
G1 X100.275 Y81.252 E14.84662
G1 X100.275 Y110.275 E16.24253
G1 X69.725 Y110.275 E17.71188
G1 X69.725 Y79.785 E19.17834
G1 X70.121 Y79.726 F7800
G1 E17.17834 F2400
G92 E0
G1 X70.612 Y108.603 F7800
G1 E2 F2400
;TYPE:Internal infill
;WIDTH:0.45
G1 F4200
G1 X71.223 Y109.215 E2.04159
G1 X71.772 Y109.215 E2.068
G1 X70.785 Y108.228 E2.13513
G1 X70.785 Y107.679 E2.16154
G1 X72.494 Y109.388 E2.27778
G1 E.27778 F2400
G92 E0
G1 X99.388 Y83.043 F7800
G1 E2 F2400
G1 F4200
G1 X98.781 Y82.436 E2.04129
G1 X98.785 Y82.989 E2.06789
G1 X99.215 Y83.419 E2.09714
G1 X99.215 Y83.967 E2.1235
G1 X98.785 Y83.538 E2.15271
G1 X98.785 Y84.087 E2.17912
G1 X99.215 Y84.516 E2.20833
G1 X99.215 Y85.065 E2.23474
G1 X98.785 Y84.636 E2.26395
G1 X98.785 Y85.185 E2.29036
G1 X99.215 Y85.614 E2.31957
G1 X99.215 Y86.163 E2.34598
G1 X98.785 Y85.734 E2.37519
G1 X98.785 Y86.283 E2.4016
G1 X99.215 Y86.712 E2.43081
G1 X99.215 Y87.261 E2.45722
G1 X98.785 Y86.831 E2.48647
G1 X98.785 Y87.38 E2.51288
G1 X99.215 Y87.809 E2.54209
G1 X99.215 Y88.358 E2.5685
G1 X98.785 Y87.929 E2.59771
G1 X98.785 Y88.478 E2.62412
G1 X99.215 Y88.907 E2.65333
G1 X99.215 Y89.456 E2.67974
G1 X98.785 Y89.027 E2.70895
G1 X98.785 Y89.576 E2.73536
G1 X99.215 Y90.005 E2.76457
G1 X99.215 Y90.554 E2.79098
G1 X98.785 Y90.125 E2.82019
G1 X98.785 Y90.673 E2.84655
G1 X99.215 Y91.102 E2.87576
G1 X99.215 Y91.651 E2.90217
G1 X98.785 Y91.222 E2.93138
G1 X98.785 Y91.771 E2.95779
G1 X99.215 Y92.2 E2.987
G1 X99.215 Y92.749 E3.01341
G1 X98.785 Y92.32 E3.04262
G1 X98.785 Y92.869 E3.06903
G1 X99.215 Y93.298 E3.09824
G1 X99.215 Y93.847 E3.12465
G1 X98.785 Y93.418 E3.15386
G1 X98.785 Y93.966 E3.18022
G1 X99.215 Y94.396 E3.20947
G1 X99.215 Y94.944 E3.23583
G1 X98.785 Y94.515 E3.26504
G1 X98.785 Y95.064 E3.29145
G1 X99.215 Y95.493 E3.32066
G1 X99.215 Y96.042 E3.34707
G1 X98.785 Y95.613 E3.37628
G1 X98.785 Y96.162 E3.40269
G1 X99.215 Y96.591 E3.4319
G1 X99.215 Y97.14 E3.45831
G1 X98.785 Y96.711 E3.48752
G1 X98.785 Y97.26 E3.51393
G1 X99.215 Y97.689 E3.54314
G1 X99.215 Y98.238 E3.56955
G1 X98.785 Y97.808 E3.5988
G1 X98.785 Y98.357 E3.62521
G1 X99.215 Y98.786 E3.65442
G1 X99.215 Y99.335 E3.68083
G1 X98.785 Y98.906 E3.71004
G1 X98.785 Y99.455 E3.73645
G1 X99.215 Y99.884 E3.76566
G1 X99.215 Y100.433 E3.79207
G1 X98.785 Y100.004 E3.82128
G1 X98.785 Y100.553 E3.84769
G1 X99.215 Y100.982 E3.8769
G1 X99.215 Y101.531 E3.90331
G1 X98.785 Y101.102 E3.93252
G1 X98.785 Y101.65 E3.95888
G1 X99.215 Y102.08 E3.98813
G1 X99.215 Y102.628 E4.01449
G1 X98.785 Y102.199 E4.0437
G1 X98.785 Y102.748 E4.07011
G1 X99.215 Y103.177 E4.09932
G1 X99.215 Y103.726 E4.12573
G1 X98.785 Y103.297 E4.15494
G1 X98.785 Y103.846 E4.18135
G1 X99.215 Y104.275 E4.21056
G1 X99.215 Y104.824 E4.23697
G1 X98.785 Y104.395 E4.26618
G1 X98.785 Y104.944 E4.29259
G1 X99.215 Y105.373 E4.3218
G1 X99.215 Y105.921 E4.34816
G1 X98.785 Y105.492 E4.37737
G1 X98.785 Y106.041 E4.40378
G1 X99.215 Y106.47 E4.43299
G1 X99.215 Y107.019 E4.4594
G1 X98.785 Y106.59 E4.48861
G1 X98.785 Y107.139 E4.51502
G1 X99.215 Y107.568 E4.54423
G1 X99.215 Y108.117 E4.57064
G1 X98.773 Y107.676 E4.60067
G1 X98.642 Y108.093 E4.62169
G1 X99.215 Y108.666 E4.66066
G1 X99.215 Y109.215 E4.68707
G1 X98.42 Y108.42 E4.74114
G1 X98.093 Y108.642 E4.76015
G1 X98.666 Y109.215 E4.79912
G1 X98.117 Y109.215 E4.82553
G1 X97.676 Y108.773 E4.85556
G1 X97.139 Y108.785 E4.88139
G1 X97.568 Y109.215 E4.9106
G1 X97.019 Y109.215 E4.93701
G1 X96.59 Y108.785 E4.96622
G1 X96.041 Y108.785 E4.99263
G1 X96.47 Y109.215 E5.02184
G1 X95.921 Y109.215 E5.04825
G1 X95.492 Y108.785 E5.07746
G1 X94.943 Y108.785 E5.10387
G1 X95.373 Y109.215 E5.13312
G1 X94.824 Y109.215 E5.15953
G1 X94.395 Y108.785 E5.18874
G1 X93.846 Y108.785 E5.21515
G1 X94.275 Y109.215 E5.24436
G1 X93.726 Y109.215 E5.27077
G1 X93.297 Y108.785 E5.29998
G1 X92.748 Y108.785 E5.32639
G1 X93.177 Y109.215 E5.3556
G1 X92.628 Y109.215 E5.38201
G1 X92.199 Y108.785 E5.41122
G1 X91.65 Y108.785 E5.43763
G1 X92.079 Y109.215 E5.46684
G1 X91.531 Y109.215 E5.4932
G1 X91.102 Y108.785 E5.52241
G1 X90.553 Y108.785 E5.54882
G1 X90.982 Y109.215 E5.57803
G1 X90.433 Y109.215 E5.60444
G1 X90.004 Y108.785 E5.63365
G1 X89.455 Y108.785 E5.66006
G1 X89.884 Y109.215 E5.68927
G1 X89.335 Y109.215 E5.71568
G1 X88.906 Y108.785 E5.74489
G1 X88.357 Y108.785 E5.7713
G1 X88.786 Y109.215 E5.80051
G1 X88.238 Y109.215 E5.82687
G1 X87.808 Y108.785 E5.85612
G1 X87.26 Y108.785 E5.88248
G1 X87.689 Y109.215 E5.91169
G1 X87.14 Y109.215 E5.9381
G1 X86.711 Y108.785 E5.96731
G1 X86.162 Y108.785 E5.99372
G1 X86.591 Y109.215 E6.02293
G1 X86.042 Y109.215 E6.04934
G1 X85.613 Y108.785 E6.07855
G1 X85.064 Y108.785 E6.10496
G1 X85.493 Y109.215 E6.13417
G1 X84.944 Y109.215 E6.16058
G1 X84.515 Y108.785 E6.18979
G1 X83.966 Y108.785 E6.2162
G1 X84.396 Y109.215 E6.24545
G1 X83.847 Y109.215 E6.27186
G1 X83.418 Y108.785 E6.30107
G1 X82.869 Y108.785 E6.32748
G1 X83.298 Y109.215 E6.35669
G1 X82.749 Y109.215 E6.3831
G1 X82.32 Y108.785 E6.41231
G1 X81.771 Y108.785 E6.43872
G1 X82.2 Y109.215 E6.46793
G1 X81.651 Y109.215 E6.49434
G1 X81.222 Y108.785 E6.52355
G1 X80.673 Y108.785 E6.54996
G1 X81.102 Y109.215 E6.57917
G1 X80.554 Y109.215 E6.60553
G1 X80.125 Y108.785 E6.63474
G1 X79.576 Y108.785 E6.66115
G1 X80.005 Y109.215 E6.69036
G1 X79.456 Y109.215 E6.71677
G1 X79.027 Y108.785 E6.74598
G1 X78.478 Y108.785 E6.77239
G1 X78.907 Y109.215 E6.8016
G1 X78.358 Y109.215 E6.82801
G1 X77.929 Y108.785 E6.85722
G1 X77.38 Y108.785 E6.88363
G1 X77.809 Y109.215 E6.91284
G1 X77.261 Y109.215 E6.9392
G1 X76.831 Y108.785 E6.96845
G1 X76.283 Y108.785 E6.99481
G1 X76.712 Y109.215 E7.02402
G1 X76.163 Y109.215 E7.05043
G1 X75.734 Y108.785 E7.07964
G1 X75.185 Y108.785 E7.10605
G1 X75.614 Y109.215 E7.13526
G1 X75.065 Y109.215 E7.16167
G1 X74.636 Y108.785 E7.19088
G1 X74.087 Y108.785 E7.21729
G1 X74.516 Y109.215 E7.2465
G1 X73.967 Y109.215 E7.27291
G1 X73.538 Y108.785 E7.30212
G1 X72.989 Y108.785 E7.32853
G1 X73.419 Y109.215 E7.35778
G1 X72.87 Y109.215 E7.38419
G1 X72.436 Y108.781 E7.41371
G1 X71.97 Y108.684 E7.4366
G1 X71.58 Y108.42 E7.45925
G1 X71.318 Y108.034 E7.48169
G1 X71.217 Y107.562 E7.50491
G1 X70.785 Y107.13 E7.53429
G1 X70.785 Y106.581 E7.5607
G1 X71.215 Y107.011 E7.58995
G1 X71.215 Y106.462 E7.61636
G1 X70.785 Y106.033 E7.64557
G1 X70.785 Y105.484 E7.67198
G1 X71.215 Y105.913 E7.70119
G1 X71.215 Y105.364 E7.7276
G1 X70.785 Y104.935 E7.75681
G1 X70.785 Y104.386 E7.78322
G1 X71.215 Y104.815 E7.81243
G1 X71.215 Y104.266 E7.83884
G1 X70.785 Y103.837 E7.86805
G1 X70.785 Y103.288 E7.89446
G1 X71.215 Y103.717 E7.92367
G1 X71.215 Y103.169 E7.95003
G1 X70.785 Y102.739 E7.97928
G1 X70.785 Y102.191 E8.00564
G1 X71.215 Y102.62 E8.03485
G1 X71.215 Y102.071 E8.06126
G1 X70.785 Y101.642 E8.09047
G1 X70.785 Y101.093 E8.11688
G1 X71.215 Y101.522 E8.14609
G1 X71.215 Y100.973 E8.1725
G1 X70.785 Y100.544 E8.20171
G1 X70.785 Y99.995 E8.22812
G1 X71.215 Y100.424 E8.25733
G1 X71.215 Y99.875 E8.28374
G1 X70.785 Y99.446 E8.31295
G1 X70.785 Y98.898 E8.33931
G1 X71.215 Y99.327 E8.36852
G1 X71.215 Y98.778 E8.39493
G1 X70.785 Y98.349 E8.42414
G1 X70.785 Y97.8 E8.45055
G1 X71.215 Y98.229 E8.47976
G1 X71.215 Y97.68 E8.50617
G1 X70.785 Y97.251 E8.53538
G1 X70.785 Y96.702 E8.56179
G1 X71.215 Y97.131 E8.591
G1 X71.215 Y96.582 E8.61741
G1 X70.785 Y96.153 E8.64662
G1 X70.785 Y95.604 E8.67303
G1 X71.215 Y96.034 E8.70228
G1 X71.215 Y95.485 E8.72869
G1 X70.785 Y95.056 E8.7579
G1 X70.785 Y94.507 E8.78431
G1 X71.215 Y94.936 E8.81352
G1 X71.215 Y94.387 E8.83993
G1 X70.785 Y93.958 E8.86914
G1 X70.785 Y93.409 E8.89555
G1 X71.215 Y93.838 E8.92476
G1 X71.215 Y93.289 E8.95117
G1 X70.785 Y92.86 E8.98038
G1 X70.785 Y92.311 E9.00679
G1 X71.215 Y92.74 E9.036
G1 X71.215 Y92.192 E9.06236
G1 X70.785 Y91.762 E9.09161
G1 X70.785 Y91.214 E9.11797
G1 X71.215 Y91.643 E9.14718
G1 X71.215 Y91.094 E9.17359
G1 X70.785 Y90.665 E9.2028
G1 X70.785 Y90.116 E9.22921
G1 X71.215 Y90.545 E9.25842
G1 X71.215 Y89.996 E9.28483
G1 X70.785 Y89.567 E9.31404
G1 X70.785 Y89.018 E9.34045
G1 X71.215 Y89.447 E9.36966
G1 X71.215 Y88.898 E9.39607
G1 X70.785 Y88.469 E9.42528
G1 X70.785 Y87.921 E9.45164
G1 X71.215 Y88.35 E9.48085
G1 X71.215 Y87.801 E9.50726
G1 X70.785 Y87.372 E9.53647
G1 X70.785 Y86.823 E9.56288
G1 X71.215 Y87.252 E9.59209
G1 X71.215 Y86.703 E9.6185
G1 X70.785 Y86.274 E9.64771
G1 X70.785 Y85.725 E9.67412
G1 X71.215 Y86.154 E9.70333
G1 X71.215 Y85.605 E9.72974
G1 X70.785 Y85.176 E9.75895
G1 X70.785 Y84.627 E9.78536
G1 X71.215 Y85.057 E9.81461
G1 X71.215 Y84.508 E9.84102
G1 X70.785 Y84.079 E9.87023
G1 X70.785 Y83.53 E9.89664
G1 X71.215 Y83.959 E9.92585
G1 X71.215 Y83.41 E9.95226
G1 X70.785 Y82.981 E9.98147
G1 X70.785 Y82.432 E10.00788
G1 X71.215 Y82.861 E10.03709
G1 X71.24 Y82.337 E10.06232
G1 X70.785 Y81.883 E10.09323
G1 X70.785 Y81.334 E10.11964
G1 X71.358 Y81.907 E10.15861
G1 X71.58 Y81.58 E10.17762
G1 X70.785 Y80.785 E10.23169
G1 X71.334 Y80.785 E10.2581
G1 X71.907 Y81.358 E10.29707
G1 X72.324 Y81.227 E10.31809
G1 X71.883 Y80.785 E10.34812
G1 X72.432 Y80.785 E10.37453
G1 X72.861 Y81.215 E10.40374
G1 X73.41 Y81.215 E10.43015
G1 X72.981 Y80.785 E10.45936
G1 X73.53 Y80.785 E10.48577
G1 X73.959 Y81.215 E10.51498
G1 X74.508 Y81.215 E10.54139
G1 X74.079 Y80.785 E10.5706
G1 X74.627 Y80.785 E10.59696
G1 X75.056 Y81.215 E10.62617
G1 X75.605 Y81.215 E10.65258
G1 X75.176 Y80.785 E10.68179
G1 X75.725 Y80.785 E10.7082
G1 X76.154 Y81.215 E10.73741
G1 X76.703 Y81.215 E10.76382
G1 X76.274 Y80.785 E10.79303
G1 X76.823 Y80.785 E10.81944
G1 X77.252 Y81.215 E10.84865
G1 X77.801 Y81.215 E10.87506
G1 X77.372 Y80.785 E10.90427
G1 X77.92 Y80.785 E10.93063
G1 X78.35 Y81.215 E10.95988
G1 X78.898 Y81.215 E10.98624
G1 X78.469 Y80.785 E11.01545
G1 X79.018 Y80.785 E11.04186
G1 X79.447 Y81.215 E11.07107
G1 X79.996 Y81.215 E11.09748
G1 X79.567 Y80.785 E11.12669
G1 X80.116 Y80.785 E11.1531
G1 X80.545 Y81.215 E11.18231
G1 X81.094 Y81.215 E11.20872
G1 X80.665 Y80.785 E11.23793
G1 X81.214 Y80.785 E11.26434
G1 X81.643 Y81.215 E11.29355
G1 X82.192 Y81.215 E11.31996
G1 X81.762 Y80.785 E11.34921
G1 X82.311 Y80.785 E11.37562
G1 X82.74 Y81.215 E11.40483
G1 X83.289 Y81.215 E11.43124
G1 X82.86 Y80.785 E11.46045
G1 X83.409 Y80.785 E11.48686
G1 X83.838 Y81.215 E11.51607
G1 X84.387 Y81.215 E11.54248
G1 X83.958 Y80.785 E11.57169
G1 X84.507 Y80.785 E11.5981
G1 X84.936 Y81.215 E11.62731
G1 X85.485 Y81.215 E11.65372
G1 X85.056 Y80.785 E11.68293
G1 X85.604 Y80.785 E11.70929
G1 X86.034 Y81.215 E11.73854
G1 X86.582 Y81.215 E11.7649
G1 X86.153 Y80.785 E11.79411
G1 X86.702 Y80.785 E11.82052
G1 X87.131 Y81.215 E11.84973
G1 X87.68 Y81.215 E11.87614
G1 X87.251 Y80.785 E11.90535
G1 X87.8 Y80.785 E11.93176
G1 X88.229 Y81.215 E11.96097
G1 X88.778 Y81.215 E11.98738
G1 X88.349 Y80.785 E12.01659
G1 X88.898 Y80.785 E12.043
G1 X89.327 Y81.215 E12.07221
G1 X89.875 Y81.215 E12.09857
G1 X89.446 Y80.785 E12.12778
G1 X89.995 Y80.785 E12.15419
G1 X90.424 Y81.215 E12.1834
G1 X90.973 Y81.215 E12.20981
G1 X90.544 Y80.785 E12.23902
G1 X91.093 Y80.785 E12.26543
G1 X91.522 Y81.215 E12.29464
G1 X92.071 Y81.215 E12.32105
G1 X91.642 Y80.785 E12.35026
G1 X92.191 Y80.785 E12.37667
G1 X92.62 Y81.215 E12.40588
G1 X93.169 Y81.215 E12.43229
G1 X92.739 Y80.785 E12.46154
G1 X93.288 Y80.785 E12.48795
G1 X93.717 Y81.215 E12.51716
G1 X94.266 Y81.215 E12.54357
G1 X93.837 Y80.785 E12.57278
G1 X94.386 Y80.785 E12.59919
G1 X94.815 Y81.215 E12.6284
G1 X95.364 Y81.215 E12.65481
G1 X94.935 Y80.785 E12.68402
G1 X95.484 Y80.785 E12.71043
G1 X95.913 Y81.215 E12.73964
G1 X96.462 Y81.215 E12.76605
G1 X96.033 Y80.785 E12.79526
G1 X96.581 Y80.785 E12.82162
G1 X97.011 Y81.215 E12.85087
G1 X97.564 Y81.219 E12.87747
G1 X97.13 Y80.785 E12.90699
G1 X97.679 Y80.785 E12.9334
G1 X99.215 Y82.321 E13.03788
G1 X99.215 Y81.772 E13.06429
G1 X98.228 Y80.785 E13.13142
G1 X98.777 Y80.785 E13.15783
G1 X99.388 Y81.397 E13.19942
G1 E11.19942 F2400
G92 E0
G1 X74.812 Y84.779 F7800
G1 E2 F2400
;TYPE:External perimeter
;WIDTH:0.583165
G1 F1800
G1 X74.876 Y84.765 E2.00424
;WIDTH:0.545178
G1 X74.968 Y84.746 E2.00987
;WIDTH:0.507191
G1 X95.032 Y84.746 E3.118
;WIDTH:0.545178
G1 X95.124 Y84.765 E3.12363
;WIDTH:0.583165
G1 X95.216 Y84.784 E3.12971
G1 X95.235 Y84.876 E3.13579
;WIDTH:0.545178
G1 X95.254 Y84.968 E3.14142
;WIDTH:0.507191
G1 X95.254 Y105.032 E4.24955
;WIDTH:0.545178
G1 X95.235 Y105.124 E4.25518
;WIDTH:0.583165
G1 X95.216 Y105.216 E4.26126
G1 X95.124 Y105.235 E4.26734
;WIDTH:0.545178
G1 X95.032 Y105.254 E4.27297
;WIDTH:0.507191
G1 X74.968 Y105.254 E5.3811
;WIDTH:0.545178
G1 X74.876 Y105.235 E5.38673
;WIDTH:0.583165
G1 X74.784 Y105.216 E5.39281
G1 X74.765 Y105.124 E5.39889
;WIDTH:0.545178
G1 X74.746 Y105.032 E5.40452
;WIDTH:0.507191
G1 X74.746 Y84.968 E6.51265
;WIDTH:0.545178
G1 X74.765 Y84.876 E6.51828
;WIDTH:0.583165
G1 X74.778 Y84.816 E6.52225
G1 X75.173 Y84.752 F7800
G1 E4.52225 F2400
G92 E0
G1 X95.658 Y105.658 F7800
G1 E2 F2400
G1 F1800
G1 X95.345 Y105.677 E2.02029
;WIDTH:0.545178
G1 X95.032 Y105.696 E2.03909
;WIDTH:0.507191
G1 X74.968 Y105.696 E3.14722
;WIDTH:0.545178
G1 X74.655 Y105.677 E3.16602
;WIDTH:0.583165
G1 X74.342 Y105.658 E3.18631
G1 X74.323 Y105.345 E3.2066
;WIDTH:0.545178
G1 X74.304 Y105.032 E3.2254
;WIDTH:0.507191
G1 X74.304 Y84.968 E4.33353
;WIDTH:0.545178
G1 X74.323 Y84.655 E4.35233
;WIDTH:0.583165
G1 X74.342 Y84.342 E4.37262
G1 X74.655 Y84.323 E4.39291
;WIDTH:0.545178
G1 X74.968 Y84.304 E4.41171
;WIDTH:0.507191
G1 X95.032 Y84.304 E5.51984
;WIDTH:0.545178
G1 X95.345 Y84.323 E5.53864
;WIDTH:0.583165
G1 X95.658 Y84.342 E5.55893
G1 X95.658 Y84.601 E5.57569
G1 X95.677 Y84.784 E5.58759
;WIDTH:0.545178
G1 X95.696 Y84.968 E5.59868
;WIDTH:0.507191
G1 X95.696 Y105.032 E6.70681
;WIDTH:0.510546
G1 X95.695 Y105.109 E6.7111
;WIDTH:0.546855
G1 X95.677 Y105.384 E6.72768
;WIDTH:0.583165
G1 X95.662 Y105.599 E6.74163
G1 X95.271 Y105.68 F7800
;LAYER_CHANGE
;Z:3.65
;HEIGHT:0.3
G1 E4.74163 F2400
G92 E0
G1 Z3.65 F7800
G1 X98.21 Y108.217
G1 E2 F2400
;TYPE:Perimeter
;WIDTH:0.45
G1 F3600
G1 X97.915 Y108.417 E2.01714
G1 X97.532 Y108.496 E2.03595
G1 X72.468 Y108.496 E3.24144
G1 X72.085 Y108.417 E3.26025
G1 X71.786 Y108.214 E3.27763
G1 X71.583 Y107.915 E3.29501
G1 X71.504 Y107.532 E3.31382
G1 X71.504 Y82.468 E4.51931
G1 X71.583 Y82.085 E4.53812
G1 X71.786 Y81.786 E4.5555
G1 X72.085 Y81.583 E4.57288
G1 X72.468 Y81.504 E4.59169
G1 X97.532 Y81.504 E5.79718
G1 X97.915 Y81.583 E5.81599
G1 X98.214 Y81.786 E5.83337
G1 X98.417 Y82.085 E5.85075
G1 X98.496 Y82.468 E5.86956
G1 X98.496 Y107.532 E7.07505
G1 X98.417 Y107.915 E7.09386
G1 X98.245 Y108.169 E7.10861
G1 X97.943 Y107.938 F7800
G1 F3600
G1 X97.941 Y107.941 E7.10878
G1 X97.762 Y108.063 E7.1192
G1 X97.532 Y108.111 E7.1305
G1 X72.468 Y108.111 E8.33599
G1 X72.238 Y108.063 E8.34729
G1 X72.059 Y107.941 E8.35771
G1 X71.937 Y107.762 E8.36813
G1 X71.889 Y107.532 E8.37943
G1 X71.889 Y82.468 E9.58492
G1 X71.937 Y82.238 E9.59622
G1 X72.059 Y82.059 E9.60664
G1 X72.238 Y81.937 E9.61706
G1 X72.468 Y81.889 E9.62836
G1 X97.532 Y81.889 E10.83385
G1 X97.762 Y81.937 E10.84515
G1 X97.941 Y82.059 E10.85557
G1 X98.063 Y82.238 E10.86599
G1 X98.111 Y82.468 E10.87729
G1 X98.111 Y107.532 E12.08278
G1 X98.063 Y107.762 E12.09408
G1 X97.977 Y107.889 E12.10146
G1 X97.671 Y107.662 F7800
;TYPE:External perimeter
G1 F1800
G1 X97.669 Y107.669 E12.10181
G1 X97.532 Y107.725 E12.10893
G1 X72.468 Y107.725 E13.31442
G1 X72.331 Y107.669 E13.32154
G1 X72.275 Y107.532 E13.32866
G1 X72.275 Y82.468 E14.53415
G1 X72.331 Y82.331 E14.54127
G1 X72.468 Y82.275 E14.54839
G1 X97.532 Y82.275 E15.75388
G1 X97.669 Y82.331 E15.761
G1 X97.725 Y82.468 E15.76812
G1 X97.725 Y107.532 E16.97361
G1 X97.694 Y107.607 E16.97751
G1 X97.31 Y107.718 F7800
G1 E14.97751 F2400
G92 E0
G1 X70.496 Y80.496 F7800
G1 E2 F2400
;TYPE:Perimeter
G1 F3600
G1 X99.504 Y80.496 E3.39518
G1 X99.504 Y81.252 E3.43154
G1 X99.504 Y109.504 E4.79036
G1 X70.496 Y109.504 E6.18554
G1 X70.496 Y80.556 E7.57784
G1 X70.111 Y80.111 F7800
G1 F3600
G1 X99.889 Y80.111 E9.01006
G1 X99.889 Y81.252 E9.06494
G1 X99.889 Y109.889 E10.44228
G1 X70.111 Y109.889 E11.8745
G1 X70.111 Y80.171 E13.30383
G1 X69.725 Y79.725 F7800
;TYPE:External perimeter
G1 F1800
G1 X100.275 Y79.725 E14.77318
G1 X100.275 Y81.252 E14.84662
G1 X100.275 Y110.275 E16.24253
G1 X69.725 Y110.275 E17.71188
G1 X69.725 Y79.785 E19.17834
G1 X70.121 Y79.726 F7800
G1 X71.397 Y80.612
;TYPE:Internal infill
;WIDTH:0.45
G1 F4200
G1 X70.785 Y81.223 E19.21993
G1 X70.785 Y81.772 E19.24634
G1 X71.772 Y80.785 E19.31347
G1 X72.321 Y80.785 E19.33988
G1 X70.612 Y82.494 E19.45612
G1 E17.45612 F2400
G92 E0
G1 X96.957 Y109.388 F7800
G1 E2 F2400
G1 F4200
G1 X97.562 Y108.783 E2.04115
G1 X97.011 Y108.785 E2.06765
G1 X96.581 Y109.215 E2.0969
G1 X96.033 Y109.215 E2.12326
G1 X96.462 Y108.785 E2.15247
G1 X95.913 Y108.785 E2.17888
G1 X95.484 Y109.215 E2.20809
G1 X94.935 Y109.215 E2.2345
G1 X95.364 Y108.785 E2.26371
G1 X94.815 Y108.785 E2.29012
G1 X94.386 Y109.215 E2.31933
G1 X93.837 Y109.215 E2.34574
G1 X94.266 Y108.785 E2.37495
G1 X93.717 Y108.785 E2.40136
G1 X93.288 Y109.215 E2.43057
G1 X92.739 Y109.215 E2.45698
G1 X93.169 Y108.785 E2.48623
G1 X92.62 Y108.785 E2.51264
G1 X92.191 Y109.215 E2.54185
G1 X91.642 Y109.215 E2.56826
G1 X92.071 Y108.785 E2.59747
G1 X91.522 Y108.785 E2.62388
G1 X91.093 Y109.215 E2.65309
G1 X90.544 Y109.215 E2.6795
G1 X90.973 Y108.785 E2.70871
G1 X90.424 Y108.785 E2.73512
G1 X89.995 Y109.215 E2.76433
G1 X89.446 Y109.215 E2.79074
G1 X89.875 Y108.785 E2.81995
G1 X89.327 Y108.785 E2.84631
G1 X88.898 Y109.215 E2.87552
G1 X88.349 Y109.215 E2.90193
G1 X88.778 Y108.785 E2.93114
G1 X88.229 Y108.785 E2.95755
G1 X87.8 Y109.215 E2.98676
G1 X87.251 Y109.215 E3.01317
G1 X87.68 Y108.785 E3.04238
G1 X87.131 Y108.785 E3.06879
G1 X86.702 Y109.215 E3.098
G1 X86.153 Y109.215 E3.12441
G1 X86.582 Y108.785 E3.15362
G1 X86.034 Y108.785 E3.17998
G1 X85.604 Y109.215 E3.20923
G1 X85.056 Y109.215 E3.23559
G1 X85.485 Y108.785 E3.2648
G1 X84.936 Y108.785 E3.29121
G1 X84.507 Y109.215 E3.32042
G1 X83.958 Y109.215 E3.34683
G1 X84.387 Y108.785 E3.37604
G1 X83.838 Y108.785 E3.40245
G1 X83.409 Y109.215 E3.43166
G1 X82.86 Y109.215 E3.45807
G1 X83.289 Y108.785 E3.48728
G1 X82.74 Y108.785 E3.51369
G1 X82.311 Y109.215 E3.5429
G1 X81.762 Y109.215 E3.56931
G1 X82.192 Y108.785 E3.59856
G1 X81.643 Y108.785 E3.62497
G1 X81.214 Y109.215 E3.65418
G1 X80.665 Y109.215 E3.68059
G1 X81.094 Y108.785 E3.7098
G1 X80.545 Y108.785 E3.73621
G1 X80.116 Y109.215 E3.76542
G1 X79.567 Y109.215 E3.79183
G1 X79.996 Y108.785 E3.82104
G1 X79.447 Y108.785 E3.84745
G1 X79.018 Y109.215 E3.87666
G1 X78.469 Y109.215 E3.90307
G1 X78.898 Y108.785 E3.93228
G1 X78.35 Y108.785 E3.95864
G1 X77.92 Y109.215 E3.98789
G1 X77.372 Y109.215 E4.01425
G1 X77.801 Y108.785 E4.04346
G1 X77.252 Y108.785 E4.06987
G1 X76.823 Y109.215 E4.09908
G1 X76.274 Y109.215 E4.12549
G1 X76.703 Y108.785 E4.1547
G1 X76.154 Y108.785 E4.18111
G1 X75.725 Y109.215 E4.21032
G1 X75.176 Y109.215 E4.23673
G1 X75.605 Y108.785 E4.26594
G1 X75.056 Y108.785 E4.29235
G1 X74.627 Y109.215 E4.32156
G1 X74.079 Y109.215 E4.34792
G1 X74.508 Y108.785 E4.37713
G1 X73.959 Y108.785 E4.40354
G1 X73.53 Y109.215 E4.43275
G1 X72.981 Y109.215 E4.45916
G1 X73.41 Y108.785 E4.48837
G1 X72.861 Y108.785 E4.51478
G1 X72.432 Y109.215 E4.54399
G1 X71.883 Y109.215 E4.5704
G1 X72.337 Y108.76 E4.60131
G1 X71.907 Y108.642 E4.62276
G1 X71.334 Y109.215 E4.66173
G1 X70.785 Y109.215 E4.68814
G1 X71.58 Y108.42 E4.74221
G1 X71.358 Y108.093 E4.76122
G1 X70.785 Y108.666 E4.80019
G1 X70.785 Y108.117 E4.8266
G1 X71.227 Y107.676 E4.85663
G1 X71.215 Y107.139 E4.88246
G1 X70.785 Y107.568 E4.91167
G1 X70.785 Y107.019 E4.93808
G1 X71.215 Y106.59 E4.96729
G1 X71.215 Y106.041 E4.9937
G1 X70.785 Y106.47 E5.02291
G1 X70.785 Y105.921 E5.04932
G1 X71.215 Y105.492 E5.07853
G1 X71.215 Y104.943 E5.10494
G1 X70.785 Y105.373 E5.13419
G1 X70.785 Y104.824 E5.1606
G1 X71.215 Y104.395 E5.18981
G1 X71.215 Y103.846 E5.21622
G1 X70.785 Y104.275 E5.24543
G1 X70.785 Y103.726 E5.27184
G1 X71.215 Y103.297 E5.30105
G1 X71.215 Y102.748 E5.32746
G1 X70.785 Y103.177 E5.35667
G1 X70.785 Y102.628 E5.38308
G1 X71.215 Y102.199 E5.41229
G1 X71.215 Y101.65 E5.4387
G1 X70.785 Y102.079 E5.46791
G1 X70.785 Y101.531 E5.49427
G1 X71.215 Y101.102 E5.52348
G1 X71.215 Y100.553 E5.54989
G1 X70.785 Y100.982 E5.5791
G1 X70.785 Y100.433 E5.60551
G1 X71.215 Y100.004 E5.63472
G1 X71.215 Y99.455 E5.66113
G1 X70.785 Y99.884 E5.69034
G1 X70.785 Y99.335 E5.71675
G1 X71.215 Y98.906 E5.74596
G1 X71.215 Y98.357 E5.77237
G1 X70.785 Y98.786 E5.80158
G1 X70.785 Y98.238 E5.82794
G1 X71.215 Y97.808 E5.85719
G1 X71.215 Y97.26 E5.88355
G1 X70.785 Y97.689 E5.91276
G1 X70.785 Y97.14 E5.93917
G1 X71.215 Y96.711 E5.96838
G1 X71.215 Y96.162 E5.99479
G1 X70.785 Y96.591 E6.024
G1 X70.785 Y96.042 E6.05041
G1 X71.215 Y95.613 E6.07962
G1 X71.215 Y95.064 E6.10603
G1 X70.785 Y95.493 E6.13524
G1 X70.785 Y94.944 E6.16165
G1 X71.215 Y94.515 E6.19086
G1 X71.215 Y93.966 E6.21727
G1 X70.785 Y94.396 E6.24652
G1 X70.785 Y93.847 E6.27293
G1 X71.215 Y93.418 E6.30214
G1 X71.215 Y92.869 E6.32855
G1 X70.785 Y93.298 E6.35776
G1 X70.785 Y92.749 E6.38417
G1 X71.215 Y92.32 E6.41338
G1 X71.215 Y91.771 E6.43979
G1 X70.785 Y92.2 E6.469
G1 X70.785 Y91.651 E6.49541
G1 X71.215 Y91.222 E6.52462
G1 X71.215 Y90.673 E6.55103
G1 X70.785 Y91.102 E6.58024
G1 X70.785 Y90.554 E6.6066
G1 X71.215 Y90.125 E6.63581
G1 X71.215 Y89.576 E6.66222
G1 X70.785 Y90.005 E6.69143
G1 X70.785 Y89.456 E6.71784
G1 X71.215 Y89.027 E6.74705
G1 X71.215 Y88.478 E6.77346
G1 X70.785 Y88.907 E6.80267
G1 X70.785 Y88.358 E6.82908
G1 X71.215 Y87.929 E6.85829
G1 X71.215 Y87.38 E6.8847
G1 X70.785 Y87.809 E6.91391
G1 X70.785 Y87.261 E6.94027
G1 X71.215 Y86.831 E6.96952
G1 X71.215 Y86.283 E6.99588
G1 X70.785 Y86.712 E7.02509
G1 X70.785 Y86.163 E7.0515
G1 X71.215 Y85.734 E7.08071
G1 X71.215 Y85.185 E7.10712
G1 X70.785 Y85.614 E7.13633
G1 X70.785 Y85.065 E7.16274
G1 X71.215 Y84.636 E7.19195
G1 X71.215 Y84.087 E7.21836
G1 X70.785 Y84.516 E7.24757
G1 X70.785 Y83.967 E7.27398
G1 X71.215 Y83.538 E7.30319
G1 X71.215 Y82.989 E7.3296
G1 X70.785 Y83.419 E7.35885
G1 X70.785 Y82.87 E7.38526
G1 X71.219 Y82.436 E7.41478
G1 X71.316 Y81.97 E7.43767
G1 X71.58 Y81.58 E7.46032
G1 X71.966 Y81.318 E7.48276
G1 X72.438 Y81.217 E7.50598
G1 X72.87 Y80.785 E7.53536
G1 X73.419 Y80.785 E7.56177
G1 X72.989 Y81.215 E7.59102
G1 X73.538 Y81.215 E7.61743
G1 X73.967 Y80.785 E7.64664
G1 X74.516 Y80.785 E7.67305
G1 X74.087 Y81.215 E7.70226
G1 X74.636 Y81.215 E7.72867
G1 X75.065 Y80.785 E7.75788
G1 X75.614 Y80.785 E7.78429
G1 X75.185 Y81.215 E7.8135
G1 X75.734 Y81.215 E7.83991
G1 X76.163 Y80.785 E7.86912
G1 X76.712 Y80.785 E7.89553
G1 X76.283 Y81.215 E7.92474
G1 X76.831 Y81.215 E7.9511
G1 X77.261 Y80.785 E7.98035
G1 X77.809 Y80.785 E8.00671
G1 X77.38 Y81.215 E8.03592
G1 X77.929 Y81.215 E8.06233
G1 X78.358 Y80.785 E8.09154
G1 X78.907 Y80.785 E8.11795
G1 X78.478 Y81.215 E8.14716
G1 X79.027 Y81.215 E8.17357
G1 X79.456 Y80.785 E8.20278
G1 X80.005 Y80.785 E8.22919
G1 X79.576 Y81.215 E8.2584
G1 X80.125 Y81.215 E8.28481
G1 X80.554 Y80.785 E8.31402
G1 X81.102 Y80.785 E8.34038
G1 X80.673 Y81.215 E8.36959
G1 X81.222 Y81.215 E8.396
G1 X81.651 Y80.785 E8.42521
G1 X82.2 Y80.785 E8.45162
G1 X81.771 Y81.215 E8.48083
G1 X82.32 Y81.215 E8.50724
G1 X82.749 Y80.785 E8.53645
G1 X83.298 Y80.785 E8.56286
G1 X82.869 Y81.215 E8.59207
G1 X83.418 Y81.215 E8.61848
G1 X83.847 Y80.785 E8.64769
G1 X84.396 Y80.785 E8.6741
G1 X83.966 Y81.215 E8.70335
G1 X84.515 Y81.215 E8.72976
G1 X84.944 Y80.785 E8.75897
G1 X85.493 Y80.785 E8.78538
G1 X85.064 Y81.215 E8.81459
G1 X85.613 Y81.215 E8.841
G1 X86.042 Y80.785 E8.87021
G1 X86.591 Y80.785 E8.89662
G1 X86.162 Y81.215 E8.92583
G1 X86.711 Y81.215 E8.95224
G1 X87.14 Y80.785 E8.98145
G1 X87.689 Y80.785 E9.00786
G1 X87.26 Y81.215 E9.03707
G1 X87.808 Y81.215 E9.06343
G1 X88.238 Y80.785 E9.09268
G1 X88.786 Y80.785 E9.11904
G1 X88.357 Y81.215 E9.14825
G1 X88.906 Y81.215 E9.17466
G1 X89.335 Y80.785 E9.20387
G1 X89.884 Y80.785 E9.23028
G1 X89.455 Y81.215 E9.25949
G1 X90.004 Y81.215 E9.2859
G1 X90.433 Y80.785 E9.31511
G1 X90.982 Y80.785 E9.34152
G1 X90.553 Y81.215 E9.37073
G1 X91.102 Y81.215 E9.39714
G1 X91.531 Y80.785 E9.42635
G1 X92.079 Y80.785 E9.45271
G1 X91.65 Y81.215 E9.48192
G1 X92.199 Y81.215 E9.50833
G1 X92.628 Y80.785 E9.53754
G1 X93.177 Y80.785 E9.56395
G1 X92.748 Y81.215 E9.59316
G1 X93.297 Y81.215 E9.61957
G1 X93.726 Y80.785 E9.64878
G1 X94.275 Y80.785 E9.67519
G1 X93.846 Y81.215 E9.7044
G1 X94.395 Y81.215 E9.73081
G1 X94.824 Y80.785 E9.76002
G1 X95.373 Y80.785 E9.78643
G1 X94.943 Y81.215 E9.81568
G1 X95.492 Y81.215 E9.84209
G1 X95.921 Y80.785 E9.8713
G1 X96.47 Y80.785 E9.89771
G1 X96.041 Y81.215 E9.92692
G1 X96.59 Y81.215 E9.95333
G1 X97.019 Y80.785 E9.98254
G1 X97.568 Y80.785 E10.00895
G1 X97.139 Y81.215 E10.03816
G1 X97.663 Y81.24 E10.06339
G1 X98.117 Y80.785 E10.0943
G1 X98.666 Y80.785 E10.12071
G1 X98.093 Y81.358 E10.15968
G1 X98.42 Y81.58 E10.17869
G1 X99.215 Y80.785 E10.23276
G1 X99.215 Y81.334 E10.25917
G1 X98.642 Y81.907 E10.29814
G1 X98.76 Y82.337 E10.31959
G1 X99.215 Y81.883 E10.3505
G1 X99.215 Y82.432 E10.37691
G1 X98.785 Y82.861 E10.40612
G1 X98.785 Y83.41 E10.43253
G1 X99.215 Y82.981 E10.46174
G1 X99.215 Y83.53 E10.48815
G1 X98.785 Y83.959 E10.51736
G1 X98.785 Y84.508 E10.54377
G1 X99.215 Y84.079 E10.57298
G1 X99.215 Y84.627 E10.59934
G1 X98.785 Y85.056 E10.62855
G1 X98.785 Y85.605 E10.65496
G1 X99.215 Y85.176 E10.68417
G1 X99.215 Y85.725 E10.71058
G1 X98.785 Y86.154 E10.73979
G1 X98.785 Y86.703 E10.7662
G1 X99.215 Y86.274 E10.79541
G1 X99.215 Y86.823 E10.82182
G1 X98.785 Y87.252 E10.85103
G1 X98.785 Y87.801 E10.87744
G1 X99.215 Y87.372 E10.90665
G1 X99.215 Y87.921 E10.93306
G1 X98.785 Y88.35 E10.96227
G1 X98.785 Y88.898 E10.98863
G1 X99.215 Y88.469 E11.01784
G1 X99.215 Y89.018 E11.04425
G1 X98.785 Y89.447 E11.07346
G1 X98.785 Y89.996 E11.09987
G1 X99.215 Y89.567 E11.12908
G1 X99.215 Y90.116 E11.15549
G1 X98.785 Y90.545 E11.1847
G1 X98.785 Y91.094 E11.21111
G1 X99.215 Y90.665 E11.24032
G1 X99.215 Y91.214 E11.26673
G1 X98.785 Y91.643 E11.29594
G1 X98.785 Y92.192 E11.32235
G1 X99.215 Y91.762 E11.3516
G1 X99.215 Y92.311 E11.37801
G1 X98.785 Y92.74 E11.40722
G1 X98.785 Y93.289 E11.43363
G1 X99.215 Y92.86 E11.46284
G1 X99.215 Y93.409 E11.48925
G1 X98.785 Y93.838 E11.51846
G1 X98.785 Y94.387 E11.54487
G1 X99.215 Y93.958 E11.57408
G1 X99.215 Y94.507 E11.60049
G1 X98.785 Y94.936 E11.6297
G1 X98.785 Y95.485 E11.65611
G1 X99.215 Y95.056 E11.68532
G1 X99.215 Y95.604 E11.71168
G1 X98.785 Y96.034 E11.74093
G1 X98.785 Y96.582 E11.76729
G1 X99.215 Y96.153 E11.7965
G1 X99.215 Y96.702 E11.82291
G1 X98.785 Y97.131 E11.85212
G1 X98.785 Y97.68 E11.87853
G1 X99.215 Y97.251 E11.90774
G1 X99.215 Y97.8 E11.93415
G1 X98.785 Y98.229 E11.96336
G1 X98.785 Y98.778 E11.98977
G1 X99.215 Y98.349 E12.01898
G1 X99.215 Y98.898 E12.04539
G1 X98.785 Y99.327 E12.0746
G1 X98.785 Y99.875 E12.10096
G1 X99.215 Y99.446 E12.13017
G1 X99.215 Y99.995 E12.15658
G1 X98.785 Y100.424 E12.18579
G1 X98.785 Y100.973 E12.2122
G1 X99.215 Y100.544 E12.24141
G1 X99.215 Y101.093 E12.26782
G1 X98.785 Y101.522 E12.29703
G1 X98.785 Y102.071 E12.32344
G1 X99.215 Y101.642 E12.35265
G1 X99.215 Y102.191 E12.37906
G1 X98.785 Y102.62 E12.40827
G1 X98.785 Y103.169 E12.43468
G1 X99.215 Y102.739 E12.46393
G1 X99.215 Y103.288 E12.49034
G1 X98.785 Y103.717 E12.51955
G1 X98.785 Y104.266 E12.54596
G1 X99.215 Y103.837 E12.57517
G1 X99.215 Y104.386 E12.60158
G1 X98.785 Y104.815 E12.63079
G1 X98.785 Y105.364 E12.6572
G1 X99.215 Y104.935 E12.68641
G1 X99.215 Y105.484 E12.71282
G1 X98.785 Y105.913 E12.74203
G1 X98.785 Y106.462 E12.76844
G1 X99.215 Y106.033 E12.79765
G1 X99.215 Y106.581 E12.82401
G1 X98.785 Y107.011 E12.85326
G1 X98.783 Y107.562 E12.87976
G1 X99.215 Y107.13 E12.90914
G1 X99.215 Y107.679 E12.93555
G1 X97.679 Y109.215 E13.04003
G1 X98.228 Y109.215 E13.06644
G1 X99.215 Y108.228 E13.13357
G1 X99.215 Y108.777 E13.15998
G1 X98.603 Y109.388 E13.20157
G1 E11.20157 F2400
G92 E0
G1 X74.812 Y84.779 F7800
G1 E2 F2400
;TYPE:External perimeter
;WIDTH:0.583165
G1 F1800
G1 X74.876 Y84.765 E2.00424
;WIDTH:0.545178
G1 X74.968 Y84.746 E2.00987
;WIDTH:0.507191
G1 X95.032 Y84.746 E3.118
;WIDTH:0.545178
G1 X95.124 Y84.765 E3.12363
;WIDTH:0.583165
G1 X95.216 Y84.784 E3.12971
G1 X95.235 Y84.876 E3.13579
;WIDTH:0.545178
G1 X95.254 Y84.968 E3.14142
;WIDTH:0.507191
G1 X95.254 Y105.032 E4.24955
;WIDTH:0.545178
G1 X95.235 Y105.124 E4.25518
;WIDTH:0.583165
G1 X95.216 Y105.216 E4.26126
G1 X95.124 Y105.235 E4.26734
;WIDTH:0.545178
G1 X95.032 Y105.254 E4.27297
;WIDTH:0.507191
G1 X74.968 Y105.254 E5.3811
;WIDTH:0.545178
G1 X74.876 Y105.235 E5.38673
;WIDTH:0.583165
G1 X74.784 Y105.216 E5.39281
G1 X74.765 Y105.124 E5.39889
;WIDTH:0.545178
G1 X74.746 Y105.032 E5.40452
;WIDTH:0.507191
G1 X74.746 Y84.968 E6.51265
;WIDTH:0.545178
G1 X74.765 Y84.876 E6.51828
;WIDTH:0.583165
G1 X74.778 Y84.816 E6.52225
G1 X75.173 Y84.752 F7800
G1 E4.52225 F2400
G92 E0
G1 X95.658 Y105.658 F7800
G1 E2 F2400
G1 F1800
G1 X95.345 Y105.677 E2.02029
;WIDTH:0.545178
G1 X95.032 Y105.696 E2.03909
;WIDTH:0.507191
G1 X74.968 Y105.696 E3.14722
;WIDTH:0.545178
G1 X74.655 Y105.677 E3.16602
;WIDTH:0.583165
G1 X74.342 Y105.658 E3.18631
G1 X74.323 Y105.345 E3.2066
;WIDTH:0.545178
G1 X74.304 Y105.032 E3.2254
;WIDTH:0.507191
G1 X74.304 Y84.968 E4.33353
;WIDTH:0.545178
G1 X74.323 Y84.655 E4.35233
;WIDTH:0.583165
G1 X74.342 Y84.342 E4.37262
G1 X74.655 Y84.323 E4.39291
;WIDTH:0.545178
G1 X74.968 Y84.304 E4.41171
;WIDTH:0.507191
G1 X95.032 Y84.304 E5.51984
;WIDTH:0.545178
G1 X95.345 Y84.323 E5.53864
;WIDTH:0.583165
G1 X95.658 Y84.342 E5.55893
G1 X95.658 Y84.601 E5.57569
G1 X95.677 Y84.784 E5.58759
;WIDTH:0.545178
G1 X95.696 Y84.968 E5.59868
;WIDTH:0.507191
G1 X95.696 Y105.032 E6.70681
;WIDTH:0.510546
G1 X95.695 Y105.109 E6.7111
;WIDTH:0.546855
G1 X95.677 Y105.384 E6.72768
;WIDTH:0.583165
G1 X95.662 Y105.599 E6.74163
G1 X95.271 Y105.68 F7800
;LAYER_CHANGE
;Z:3.95
;HEIGHT:0.3
G1 E4.74163 F2400
G92 E0
G1 Z3.95 F7800
G1 X98.21 Y108.217
G1 E2 F2400
;TYPE:Perimeter
;WIDTH:0.45
G1 F3600
G1 X97.915 Y108.417 E2.01714
G1 X97.532 Y108.496 E2.03595
G1 X72.468 Y108.496 E3.24144
G1 X72.085 Y108.417 E3.26025
G1 X71.786 Y108.214 E3.27763
G1 X71.583 Y107.915 E3.29501
G1 X71.504 Y107.532 E3.31382
G1 X71.504 Y82.468 E4.51931
G1 X71.583 Y82.085 E4.53812
G1 X71.786 Y81.786 E4.5555
G1 X72.085 Y81.583 E4.57288
G1 X72.468 Y81.504 E4.59169
G1 X97.532 Y81.504 E5.79718
G1 X97.915 Y81.583 E5.81599
G1 X98.214 Y81.786 E5.83337
G1 X98.417 Y82.085 E5.85075
G1 X98.496 Y82.468 E5.86956
G1 X98.496 Y107.532 E7.07505
G1 X98.417 Y107.915 E7.09386
G1 X98.245 Y108.169 E7.10861
G1 X97.943 Y107.938 F7800
G1 F3600
G1 X97.941 Y107.941 E7.10878
G1 X97.762 Y108.063 E7.1192
G1 X97.532 Y108.111 E7.1305
G1 X72.468 Y108.111 E8.33599
G1 X72.238 Y108.063 E8.34729
G1 X72.059 Y107.941 E8.35771
G1 X71.937 Y107.762 E8.36813
G1 X71.889 Y107.532 E8.37943
G1 X71.889 Y82.468 E9.58492
G1 X71.937 Y82.238 E9.59622
G1 X72.059 Y82.059 E9.60664
G1 X72.238 Y81.937 E9.61706
G1 X72.468 Y81.889 E9.62836
G1 X97.532 Y81.889 E10.83385
G1 X97.762 Y81.937 E10.84515
G1 X97.941 Y82.059 E10.85557
G1 X98.063 Y82.238 E10.86599
G1 X98.111 Y82.468 E10.87729
G1 X98.111 Y107.532 E12.08278
G1 X98.063 Y107.762 E12.09408
G1 X97.977 Y107.889 E12.10146
G1 X97.671 Y107.662 F7800
;TYPE:External perimeter
G1 F1800
G1 X97.669 Y107.669 E12.10181
G1 X97.532 Y107.725 E12.10893
G1 X72.468 Y107.725 E13.31442
G1 X72.331 Y107.669 E13.32154
G1 X72.275 Y107.532 E13.32866
G1 X72.275 Y82.468 E14.53415
G1 X72.331 Y82.331 E14.54127
G1 X72.468 Y82.275 E14.54839
G1 X97.532 Y82.275 E15.75388
G1 X97.669 Y82.331 E15.761
G1 X97.725 Y82.468 E15.76812
G1 X97.725 Y107.532 E16.97361
G1 X97.694 Y107.607 E16.97751
G1 X97.31 Y107.718 F7800
G1 E14.97751 F2400
G92 E0
G1 X70.496 Y80.496 F7800
G1 E2 F2400
;TYPE:Perimeter
G1 F3600
G1 X99.504 Y80.496 E3.39518
G1 X99.504 Y81.252 E3.43154
G1 X99.504 Y109.504 E4.79036
G1 X70.496 Y109.504 E6.18554
G1 X70.496 Y80.556 E7.57784
G1 X70.111 Y80.111 F7800
G1 F3600
G1 X99.889 Y80.111 E9.01006
G1 X99.889 Y81.252 E9.06494
G1 X99.889 Y109.889 E10.44228
G1 X70.111 Y109.889 E11.8745
G1 X70.111 Y80.171 E13.30383
G1 X69.725 Y79.725 F7800
;TYPE:External perimeter
G1 F1800
G1 X100.275 Y79.725 E14.77318
G1 X100.275 Y81.252 E14.84662
G1 X100.275 Y110.275 E16.24253
G1 X69.725 Y110.275 E17.71188
G1 X69.725 Y79.785 E19.17834
G1 X70.121 Y79.726 F7800
G1 E17.17834 F2400
G92 E0
G1 X70.612 Y108.603 F7800
G1 E2 F2400
;TYPE:Internal infill
;WIDTH:0.45
G1 F4200
G1 X71.223 Y109.215 E2.04159
G1 X71.772 Y109.215 E2.068
G1 X70.785 Y108.228 E2.13513
G1 X70.785 Y107.679 E2.16154
G1 X72.494 Y109.388 E2.27778
G1 E.27778 F2400
G92 E0
G1 X99.388 Y83.043 F7800
G1 E2 F2400
G1 F4200
G1 X98.781 Y82.436 E2.04129
G1 X98.785 Y82.989 E2.06789
G1 X99.215 Y83.419 E2.09714
G1 X99.215 Y83.967 E2.1235
G1 X98.785 Y83.538 E2.15271
G1 X98.785 Y84.087 E2.17912
G1 X99.215 Y84.516 E2.20833
G1 X99.215 Y85.065 E2.23474
G1 X98.785 Y84.636 E2.26395
G1 X98.785 Y85.185 E2.29036
G1 X99.215 Y85.614 E2.31957
G1 X99.215 Y86.163 E2.34598
G1 X98.785 Y85.734 E2.37519
G1 X98.785 Y86.283 E2.4016
G1 X99.215 Y86.712 E2.43081
G1 X99.215 Y87.261 E2.45722
G1 X98.785 Y86.831 E2.48647
G1 X98.785 Y87.38 E2.51288
G1 X99.215 Y87.809 E2.54209
G1 X99.215 Y88.358 E2.5685
G1 X98.785 Y87.929 E2.59771
G1 X98.785 Y88.478 E2.62412
G1 X99.215 Y88.907 E2.65333
G1 X99.215 Y89.456 E2.67974
G1 X98.785 Y89.027 E2.70895
G1 X98.785 Y89.576 E2.73536
G1 X99.215 Y90.005 E2.76457
G1 X99.215 Y90.554 E2.79098
G1 X98.785 Y90.125 E2.82019
G1 X98.785 Y90.673 E2.84655
G1 X99.215 Y91.102 E2.87576
G1 X99.215 Y91.651 E2.90217
G1 X98.785 Y91.222 E2.93138
G1 X98.785 Y91.771 E2.95779
G1 X99.215 Y92.2 E2.987
G1 X99.215 Y92.749 E3.01341
G1 X98.785 Y92.32 E3.04262
G1 X98.785 Y92.869 E3.06903
G1 X99.215 Y93.298 E3.09824
G1 X99.215 Y93.847 E3.12465
G1 X98.785 Y93.418 E3.15386
G1 X98.785 Y93.966 E3.18022
G1 X99.215 Y94.396 E3.20947
G1 X99.215 Y94.944 E3.23583
G1 X98.785 Y94.515 E3.26504
G1 X98.785 Y95.064 E3.29145
G1 X99.215 Y95.493 E3.32066
G1 X99.215 Y96.042 E3.34707
G1 X98.785 Y95.613 E3.37628
G1 X98.785 Y96.162 E3.40269
G1 X99.215 Y96.591 E3.4319
G1 X99.215 Y97.14 E3.45831
G1 X98.785 Y96.711 E3.48752
G1 X98.785 Y97.26 E3.51393
G1 X99.215 Y97.689 E3.54314
G1 X99.215 Y98.238 E3.56955
G1 X98.785 Y97.808 E3.5988
G1 X98.785 Y98.357 E3.62521
G1 X99.215 Y98.786 E3.65442
G1 X99.215 Y99.335 E3.68083
G1 X98.785 Y98.906 E3.71004
G1 X98.785 Y99.455 E3.73645
G1 X99.215 Y99.884 E3.76566
G1 X99.215 Y100.433 E3.79207
G1 X98.785 Y100.004 E3.82128
G1 X98.785 Y100.553 E3.84769
G1 X99.215 Y100.982 E3.8769
G1 X99.215 Y101.531 E3.90331
G1 X98.785 Y101.102 E3.93252
G1 X98.785 Y101.65 E3.95888
G1 X99.215 Y102.08 E3.98813
G1 X99.215 Y102.628 E4.01449
G1 X98.785 Y102.199 E4.0437
G1 X98.785 Y102.748 E4.07011
G1 X99.215 Y103.177 E4.09932
G1 X99.215 Y103.726 E4.12573
G1 X98.785 Y103.297 E4.15494
G1 X98.785 Y103.846 E4.18135
G1 X99.215 Y104.275 E4.21056
G1 X99.215 Y104.824 E4.23697
G1 X98.785 Y104.395 E4.26618
G1 X98.785 Y104.944 E4.29259
G1 X99.215 Y105.373 E4.3218
G1 X99.215 Y105.921 E4.34816
G1 X98.785 Y105.492 E4.37737
G1 X98.785 Y106.041 E4.40378
G1 X99.215 Y106.47 E4.43299
G1 X99.215 Y107.019 E4.4594
G1 X98.785 Y106.59 E4.48861
G1 X98.785 Y107.139 E4.51502
G1 X99.215 Y107.568 E4.54423
G1 X99.215 Y108.117 E4.57064
G1 X98.773 Y107.676 E4.60067
G1 X98.642 Y108.093 E4.62169
G1 X99.215 Y108.666 E4.66066
G1 X99.215 Y109.215 E4.68707
G1 X98.42 Y108.42 E4.74114
G1 X98.093 Y108.642 E4.76015
G1 X98.666 Y109.215 E4.79912
G1 X98.117 Y109.215 E4.82553
G1 X97.676 Y108.773 E4.85556
G1 X97.139 Y108.785 E4.88139
G1 X97.568 Y109.215 E4.9106
G1 X97.019 Y109.215 E4.93701
G1 X96.59 Y108.785 E4.96622
G1 X96.041 Y108.785 E4.99263
G1 X96.47 Y109.215 E5.02184
G1 X95.921 Y109.215 E5.04825
G1 X95.492 Y108.785 E5.07746
G1 X94.943 Y108.785 E5.10387
G1 X95.373 Y109.215 E5.13312
G1 X94.824 Y109.215 E5.15953
G1 X94.395 Y108.785 E5.18874
G1 X93.846 Y108.785 E5.21515
G1 X94.275 Y109.215 E5.24436
G1 X93.726 Y109.215 E5.27077
G1 X93.297 Y108.785 E5.29998
G1 X92.748 Y108.785 E5.32639
G1 X93.177 Y109.215 E5.3556
G1 X92.628 Y109.215 E5.38201
G1 X92.199 Y108.785 E5.41122
G1 X91.65 Y108.785 E5.43763
G1 X92.079 Y109.215 E5.46684
G1 X91.531 Y109.215 E5.4932
G1 X91.102 Y108.785 E5.52241
G1 X90.553 Y108.785 E5.54882
G1 X90.982 Y109.215 E5.57803
G1 X90.433 Y109.215 E5.60444
G1 X90.004 Y108.785 E5.63365
G1 X89.455 Y108.785 E5.66006
G1 X89.884 Y109.215 E5.68927
G1 X89.335 Y109.215 E5.71568
G1 X88.906 Y108.785 E5.74489
G1 X88.357 Y108.785 E5.7713
G1 X88.786 Y109.215 E5.80051
G1 X88.238 Y109.215 E5.82687
G1 X87.808 Y108.785 E5.85612
G1 X87.26 Y108.785 E5.88248
G1 X87.689 Y109.215 E5.91169
G1 X87.14 Y109.215 E5.9381
G1 X86.711 Y108.785 E5.96731
G1 X86.162 Y108.785 E5.99372
G1 X86.591 Y109.215 E6.02293
G1 X86.042 Y109.215 E6.04934
G1 X85.613 Y108.785 E6.07855
G1 X85.064 Y108.785 E6.10496
G1 X85.493 Y109.215 E6.13417
G1 X84.944 Y109.215 E6.16058
G1 X84.515 Y108.785 E6.18979
G1 X83.966 Y108.785 E6.2162
G1 X84.396 Y109.215 E6.24545
G1 X83.847 Y109.215 E6.27186
G1 X83.418 Y108.785 E6.30107
G1 X82.869 Y108.785 E6.32748
G1 X83.298 Y109.215 E6.35669
G1 X82.749 Y109.215 E6.3831
G1 X82.32 Y108.785 E6.41231
G1 X81.771 Y108.785 E6.43872
G1 X82.2 Y109.215 E6.46793
G1 X81.651 Y109.215 E6.49434
G1 X81.222 Y108.785 E6.52355
G1 X80.673 Y108.785 E6.54996
G1 X81.102 Y109.215 E6.57917
G1 X80.554 Y109.215 E6.60553
G1 X80.125 Y108.785 E6.63474
G1 X79.576 Y108.785 E6.66115
G1 X80.005 Y109.215 E6.69036
G1 X79.456 Y109.215 E6.71677
G1 X79.027 Y108.785 E6.74598
G1 X78.478 Y108.785 E6.77239
G1 X78.907 Y109.215 E6.8016
G1 X78.358 Y109.215 E6.82801
G1 X77.929 Y108.785 E6.85722
G1 X77.38 Y108.785 E6.88363
G1 X77.809 Y109.215 E6.91284
G1 X77.261 Y109.215 E6.9392
G1 X76.831 Y108.785 E6.96845
G1 X76.283 Y108.785 E6.99481
G1 X76.712 Y109.215 E7.02402
G1 X76.163 Y109.215 E7.05043
G1 X75.734 Y108.785 E7.07964
G1 X75.185 Y108.785 E7.10605
G1 X75.614 Y109.215 E7.13526
G1 X75.065 Y109.215 E7.16167
G1 X74.636 Y108.785 E7.19088
G1 X74.087 Y108.785 E7.21729
G1 X74.516 Y109.215 E7.2465
G1 X73.967 Y109.215 E7.27291
G1 X73.538 Y108.785 E7.30212
G1 X72.989 Y108.785 E7.32853
G1 X73.419 Y109.215 E7.35778
G1 X72.87 Y109.215 E7.38419
G1 X72.436 Y108.781 E7.41371
G1 X71.97 Y108.684 E7.4366
G1 X71.58 Y108.42 E7.45925
G1 X71.318 Y108.034 E7.48169
G1 X71.217 Y107.562 E7.50491
G1 X70.785 Y107.13 E7.53429
G1 X70.785 Y106.581 E7.5607
G1 X71.215 Y107.011 E7.58995
G1 X71.215 Y106.462 E7.61636
G1 X70.785 Y106.033 E7.64557
G1 X70.785 Y105.484 E7.67198
G1 X71.215 Y105.913 E7.70119
G1 X71.215 Y105.364 E7.7276
G1 X70.785 Y104.935 E7.75681
G1 X70.785 Y104.386 E7.78322
G1 X71.215 Y104.815 E7.81243
G1 X71.215 Y104.266 E7.83884
G1 X70.785 Y103.837 E7.86805
G1 X70.785 Y103.288 E7.89446
G1 X71.215 Y103.717 E7.92367
G1 X71.215 Y103.169 E7.95003
G1 X70.785 Y102.739 E7.97928
G1 X70.785 Y102.191 E8.00564
G1 X71.215 Y102.62 E8.03485
G1 X71.215 Y102.071 E8.06126
G1 X70.785 Y101.642 E8.09047
G1 X70.785 Y101.093 E8.11688
G1 X71.215 Y101.522 E8.14609
G1 X71.215 Y100.973 E8.1725
G1 X70.785 Y100.544 E8.20171
G1 X70.785 Y99.995 E8.22812
G1 X71.215 Y100.424 E8.25733
G1 X71.215 Y99.875 E8.28374
G1 X70.785 Y99.446 E8.31295
G1 X70.785 Y98.898 E8.33931
G1 X71.215 Y99.327 E8.36852
G1 X71.215 Y98.778 E8.39493
G1 X70.785 Y98.349 E8.42414
G1 X70.785 Y97.8 E8.45055
G1 X71.215 Y98.229 E8.47976
G1 X71.215 Y97.68 E8.50617
G1 X70.785 Y97.251 E8.53538
G1 X70.785 Y96.702 E8.56179
G1 X71.215 Y97.131 E8.591
G1 X71.215 Y96.582 E8.61741
G1 X70.785 Y96.153 E8.64662
G1 X70.785 Y95.604 E8.67303
G1 X71.215 Y96.034 E8.70228
G1 X71.215 Y95.485 E8.72869
G1 X70.785 Y95.056 E8.7579
G1 X70.785 Y94.507 E8.78431
G1 X71.215 Y94.936 E8.81352
G1 X71.215 Y94.387 E8.83993
G1 X70.785 Y93.958 E8.86914
G1 X70.785 Y93.409 E8.89555
G1 X71.215 Y93.838 E8.92476
G1 X71.215 Y93.289 E8.95117
G1 X70.785 Y92.86 E8.98038
G1 X70.785 Y92.311 E9.00679
G1 X71.215 Y92.74 E9.036
G1 X71.215 Y92.192 E9.06236
G1 X70.785 Y91.762 E9.09161
G1 X70.785 Y91.214 E9.11797
G1 X71.215 Y91.643 E9.14718
G1 X71.215 Y91.094 E9.17359
G1 X70.785 Y90.665 E9.2028
G1 X70.785 Y90.116 E9.22921
G1 X71.215 Y90.545 E9.25842
G1 X71.215 Y89.996 E9.28483
G1 X70.785 Y89.567 E9.31404
G1 X70.785 Y89.018 E9.34045
G1 X71.215 Y89.447 E9.36966
G1 X71.215 Y88.898 E9.39607
G1 X70.785 Y88.469 E9.42528
G1 X70.785 Y87.921 E9.45164
G1 X71.215 Y88.35 E9.48085
G1 X71.215 Y87.801 E9.50726
G1 X70.785 Y87.372 E9.53647
G1 X70.785 Y86.823 E9.56288
G1 X71.215 Y87.252 E9.59209
G1 X71.215 Y86.703 E9.6185
G1 X70.785 Y86.274 E9.64771
G1 X70.785 Y85.725 E9.67412
G1 X71.215 Y86.154 E9.70333
G1 X71.215 Y85.605 E9.72974
G1 X70.785 Y85.176 E9.75895
G1 X70.785 Y84.627 E9.78536
G1 X71.215 Y85.057 E9.81461
G1 X71.215 Y84.508 E9.84102
G1 X70.785 Y84.079 E9.87023
G1 X70.785 Y83.53 E9.89664
G1 X71.215 Y83.959 E9.92585
G1 X71.215 Y83.41 E9.95226
G1 X70.785 Y82.981 E9.98147
G1 X70.785 Y82.432 E10.00788
G1 X71.215 Y82.861 E10.03709
G1 X71.24 Y82.337 E10.06232
G1 X70.785 Y81.883 E10.09323
G1 X70.785 Y81.334 E10.11964
G1 X71.358 Y81.907 E10.15861
G1 X71.58 Y81.58 E10.17762
G1 X70.785 Y80.785 E10.23169
G1 X71.334 Y80.785 E10.2581
G1 X71.907 Y81.358 E10.29707
G1 X72.324 Y81.227 E10.31809
G1 X71.883 Y80.785 E10.34812
G1 X72.432 Y80.785 E10.37453
G1 X72.861 Y81.215 E10.40374
G1 X73.41 Y81.215 E10.43015
G1 X72.981 Y80.785 E10.45936
G1 X73.53 Y80.785 E10.48577
G1 X73.959 Y81.215 E10.51498
G1 X74.508 Y81.215 E10.54139
G1 X74.079 Y80.785 E10.5706
G1 X74.627 Y80.785 E10.59696
G1 X75.056 Y81.215 E10.62617
G1 X75.605 Y81.215 E10.65258
G1 X75.176 Y80.785 E10.68179
G1 X75.725 Y80.785 E10.7082
G1 X76.154 Y81.215 E10.73741
G1 X76.703 Y81.215 E10.76382
G1 X76.274 Y80.785 E10.79303
G1 X76.823 Y80.785 E10.81944
G1 X77.252 Y81.215 E10.84865
G1 X77.801 Y81.215 E10.87506
G1 X77.372 Y80.785 E10.90427
G1 X77.92 Y80.785 E10.93063
G1 X78.35 Y81.215 E10.95988
G1 X78.898 Y81.215 E10.98624
G1 X78.469 Y80.785 E11.01545
G1 X79.018 Y80.785 E11.04186
G1 X79.447 Y81.215 E11.07107
G1 X79.996 Y81.215 E11.09748
G1 X79.567 Y80.785 E11.12669
G1 X80.116 Y80.785 E11.1531
G1 X80.545 Y81.215 E11.18231
G1 X81.094 Y81.215 E11.20872
G1 X80.665 Y80.785 E11.23793
G1 X81.214 Y80.785 E11.26434
G1 X81.643 Y81.215 E11.29355
G1 X82.192 Y81.215 E11.31996
G1 X81.762 Y80.785 E11.34921
G1 X82.311 Y80.785 E11.37562
G1 X82.74 Y81.215 E11.40483
G1 X83.289 Y81.215 E11.43124
G1 X82.86 Y80.785 E11.46045
G1 X83.409 Y80.785 E11.48686
G1 X83.838 Y81.215 E11.51607
G1 X84.387 Y81.215 E11.54248
G1 X83.958 Y80.785 E11.57169
G1 X84.507 Y80.785 E11.5981
G1 X84.936 Y81.215 E11.62731
G1 X85.485 Y81.215 E11.65372
G1 X85.056 Y80.785 E11.68293
G1 X85.604 Y80.785 E11.70929
G1 X86.034 Y81.215 E11.73854
G1 X86.582 Y81.215 E11.7649
G1 X86.153 Y80.785 E11.79411
G1 X86.702 Y80.785 E11.82052
G1 X87.131 Y81.215 E11.84973
G1 X87.68 Y81.215 E11.87614
G1 X87.251 Y80.785 E11.90535
G1 X87.8 Y80.785 E11.93176
G1 X88.229 Y81.215 E11.96097
G1 X88.778 Y81.215 E11.98738
G1 X88.349 Y80.785 E12.01659
G1 X88.898 Y80.785 E12.043
G1 X89.327 Y81.215 E12.07221
G1 X89.875 Y81.215 E12.09857
G1 X89.446 Y80.785 E12.12778
G1 X89.995 Y80.785 E12.15419
G1 X90.424 Y81.215 E12.1834
G1 X90.973 Y81.215 E12.20981
G1 X90.544 Y80.785 E12.23902
G1 X91.093 Y80.785 E12.26543
G1 X91.522 Y81.215 E12.29464
G1 X92.071 Y81.215 E12.32105
G1 X91.642 Y80.785 E12.35026
G1 X92.191 Y80.785 E12.37667
G1 X92.62 Y81.215 E12.40588
G1 X93.169 Y81.215 E12.43229
G1 X92.739 Y80.785 E12.46154
G1 X93.288 Y80.785 E12.48795
G1 X93.717 Y81.215 E12.51716
G1 X94.266 Y81.215 E12.54357
G1 X93.837 Y80.785 E12.57278
G1 X94.386 Y80.785 E12.59919
G1 X94.815 Y81.215 E12.6284
G1 X95.364 Y81.215 E12.65481
G1 X94.935 Y80.785 E12.68402
G1 X95.484 Y80.785 E12.71043
G1 X95.913 Y81.215 E12.73964
G1 X96.462 Y81.215 E12.76605
G1 X96.033 Y80.785 E12.79526
G1 X96.581 Y80.785 E12.82162
G1 X97.011 Y81.215 E12.85087
G1 X97.564 Y81.219 E12.87747
G1 X97.13 Y80.785 E12.90699
G1 X97.679 Y80.785 E12.9334
G1 X99.215 Y82.321 E13.03788
G1 X99.215 Y81.772 E13.06429
G1 X98.228 Y80.785 E13.13142
G1 X98.777 Y80.785 E13.15783
G1 X99.388 Y81.397 E13.19942
G1 E11.19942 F2400
G92 E0
G1 X74.812 Y84.779 F7800
G1 E2 F2400
;TYPE:External perimeter
;WIDTH:0.583165
G1 F1800
G1 X74.876 Y84.765 E2.00424
;WIDTH:0.545178
G1 X74.968 Y84.746 E2.00987
;WIDTH:0.507191
G1 X95.032 Y84.746 E3.118
;WIDTH:0.545178
G1 X95.124 Y84.765 E3.12363
;WIDTH:0.583165
G1 X95.216 Y84.784 E3.12971
G1 X95.235 Y84.876 E3.13579
;WIDTH:0.545178
G1 X95.254 Y84.968 E3.14142
;WIDTH:0.507191
G1 X95.254 Y105.032 E4.24955
;WIDTH:0.545178
G1 X95.235 Y105.124 E4.25518
;WIDTH:0.583165
G1 X95.216 Y105.216 E4.26126
G1 X95.124 Y105.235 E4.26734
;WIDTH:0.545178
G1 X95.032 Y105.254 E4.27297
;WIDTH:0.507191
G1 X74.968 Y105.254 E5.3811
;WIDTH:0.545178
G1 X74.876 Y105.235 E5.38673
;WIDTH:0.583165
G1 X74.784 Y105.216 E5.39281
G1 X74.765 Y105.124 E5.39889
;WIDTH:0.545178
G1 X74.746 Y105.032 E5.40452
;WIDTH:0.507191
G1 X74.746 Y84.968 E6.51265
;WIDTH:0.545178
G1 X74.765 Y84.876 E6.51828
;WIDTH:0.583165
G1 X74.778 Y84.816 E6.52225
G1 X75.173 Y84.752 F7800
G1 E4.52225 F2400
G92 E0
G1 X95.658 Y105.658 F7800
G1 E2 F2400
G1 F1800
G1 X95.345 Y105.677 E2.02029
;WIDTH:0.545178
G1 X95.032 Y105.696 E2.03909
;WIDTH:0.507191
G1 X74.968 Y105.696 E3.14722
;WIDTH:0.545178
G1 X74.655 Y105.677 E3.16602
;WIDTH:0.583165
G1 X74.342 Y105.658 E3.18631
G1 X74.323 Y105.345 E3.2066
;WIDTH:0.545178
G1 X74.304 Y105.032 E3.2254
;WIDTH:0.507191
G1 X74.304 Y84.968 E4.33353
;WIDTH:0.545178
G1 X74.323 Y84.655 E4.35233
;WIDTH:0.583165
G1 X74.342 Y84.342 E4.37262
G1 X74.655 Y84.323 E4.39291
;WIDTH:0.545178
G1 X74.968 Y84.304 E4.41171
;WIDTH:0.507191
G1 X95.032 Y84.304 E5.51984
;WIDTH:0.545178
G1 X95.345 Y84.323 E5.53864
;WIDTH:0.583165
G1 X95.658 Y84.342 E5.55893
G1 X95.658 Y84.601 E5.57569
G1 X95.677 Y84.784 E5.58759
;WIDTH:0.545178
G1 X95.696 Y84.968 E5.59868
;WIDTH:0.507191
G1 X95.696 Y105.032 E6.70681
;WIDTH:0.510546
G1 X95.695 Y105.109 E6.7111
;WIDTH:0.546855
G1 X95.677 Y105.384 E6.72768
;WIDTH:0.583165
G1 X95.662 Y105.599 E6.74163
G1 X95.271 Y105.68 F7800
;LAYER_CHANGE
;Z:4.25
;HEIGHT:0.3
G1 E4.74163 F2400
G92 E0
G1 Z4.25 F7800
G1 X98.21 Y108.217
G1 E2 F2400
;TYPE:Perimeter
;WIDTH:0.45
G1 F3600
G1 X97.915 Y108.417 E2.01714
G1 X97.532 Y108.496 E2.03595
G1 X72.468 Y108.496 E3.24144
G1 X72.085 Y108.417 E3.26025
G1 X71.786 Y108.214 E3.27763
G1 X71.583 Y107.915 E3.29501
G1 X71.504 Y107.532 E3.31382
G1 X71.504 Y82.468 E4.51931
G1 X71.583 Y82.085 E4.53812
G1 X71.786 Y81.786 E4.5555
G1 X72.085 Y81.583 E4.57288
G1 X72.468 Y81.504 E4.59169
G1 X97.532 Y81.504 E5.79718
G1 X97.915 Y81.583 E5.81599
G1 X98.214 Y81.786 E5.83337
G1 X98.417 Y82.085 E5.85075
G1 X98.496 Y82.468 E5.86956
G1 X98.496 Y107.532 E7.07505
G1 X98.417 Y107.915 E7.09386
G1 X98.245 Y108.169 E7.10861
G1 X97.943 Y107.938 F7800
G1 F3600
G1 X97.941 Y107.941 E7.10878
G1 X97.762 Y108.063 E7.1192
G1 X97.532 Y108.111 E7.1305
G1 X72.468 Y108.111 E8.33599
G1 X72.238 Y108.063 E8.34729
G1 X72.059 Y107.941 E8.35771
G1 X71.937 Y107.762 E8.36813
G1 X71.889 Y107.532 E8.37943
G1 X71.889 Y82.468 E9.58492
G1 X71.937 Y82.238 E9.59622
G1 X72.059 Y82.059 E9.60664
G1 X72.238 Y81.937 E9.61706
G1 X72.468 Y81.889 E9.62836
G1 X97.532 Y81.889 E10.83385
G1 X97.762 Y81.937 E10.84515
G1 X97.941 Y82.059 E10.85557
G1 X98.063 Y82.238 E10.86599
G1 X98.111 Y82.468 E10.87729
G1 X98.111 Y107.532 E12.08278
G1 X98.063 Y107.762 E12.09408
G1 X97.977 Y107.889 E12.10146
G1 X97.671 Y107.662 F7800
;TYPE:External perimeter
G1 F1800
G1 X97.669 Y107.669 E12.10181
G1 X97.532 Y107.725 E12.10893
G1 X72.468 Y107.725 E13.31442
G1 X72.331 Y107.669 E13.32154
G1 X72.275 Y107.532 E13.32866
G1 X72.275 Y82.468 E14.53415
G1 X72.331 Y82.331 E14.54127
G1 X72.468 Y82.275 E14.54839
G1 X97.532 Y82.275 E15.75388
G1 X97.669 Y82.331 E15.761
G1 X97.725 Y82.468 E15.76812
G1 X97.725 Y107.532 E16.97361
G1 X97.694 Y107.607 E16.97751
G1 X97.31 Y107.718 F7800
G1 E14.97751 F2400
G92 E0
G1 X70.496 Y80.496 F7800
G1 E2 F2400
;TYPE:Perimeter
G1 F3600
G1 X99.504 Y80.496 E3.39518
G1 X99.504 Y81.252 E3.43154
G1 X99.504 Y109.504 E4.79036
G1 X70.496 Y109.504 E6.18554
G1 X70.496 Y80.556 E7.57784
G1 X70.111 Y80.111 F7800
G1 F3600
G1 X99.889 Y80.111 E9.01006
G1 X99.889 Y81.252 E9.06494
G1 X99.889 Y109.889 E10.44228
G1 X70.111 Y109.889 E11.8745
G1 X70.111 Y80.171 E13.30383
G1 X69.725 Y79.725 F7800
;TYPE:External perimeter
G1 F1800
G1 X100.275 Y79.725 E14.77318
G1 X100.275 Y81.252 E14.84662
G1 X100.275 Y110.275 E16.24253
G1 X69.725 Y110.275 E17.71188
G1 X69.725 Y79.785 E19.17834
G1 X70.121 Y79.726 F7800
G1 X71.397 Y80.612
;TYPE:Internal infill
;WIDTH:0.45
G1 F4200
G1 X70.785 Y81.223 E19.21993
G1 X70.785 Y81.772 E19.24634
G1 X71.772 Y80.785 E19.31347
G1 X72.321 Y80.785 E19.33988
G1 X70.612 Y82.494 E19.45612
G1 E17.45612 F2400
G92 E0
G1 X96.957 Y109.388 F7800
G1 E2 F2400
G1 F4200
G1 X97.562 Y108.783 E2.04115
G1 X97.011 Y108.785 E2.06765
G1 X96.581 Y109.215 E2.0969
G1 X96.033 Y109.215 E2.12326
G1 X96.462 Y108.785 E2.15247
G1 X95.913 Y108.785 E2.17888
G1 X95.484 Y109.215 E2.20809
G1 X94.935 Y109.215 E2.2345
G1 X95.364 Y108.785 E2.26371
G1 X94.815 Y108.785 E2.29012
G1 X94.386 Y109.215 E2.31933
G1 X93.837 Y109.215 E2.34574
G1 X94.266 Y108.785 E2.37495
G1 X93.717 Y108.785 E2.40136
G1 X93.288 Y109.215 E2.43057
G1 X92.739 Y109.215 E2.45698
G1 X93.169 Y108.785 E2.48623
G1 X92.62 Y108.785 E2.51264
G1 X92.191 Y109.215 E2.54185
G1 X91.642 Y109.215 E2.56826
G1 X92.071 Y108.785 E2.59747
G1 X91.522 Y108.785 E2.62388
G1 X91.093 Y109.215 E2.65309
G1 X90.544 Y109.215 E2.6795
G1 X90.973 Y108.785 E2.70871
G1 X90.424 Y108.785 E2.73512
G1 X89.995 Y109.215 E2.76433
G1 X89.446 Y109.215 E2.79074
G1 X89.875 Y108.785 E2.81995
G1 X89.327 Y108.785 E2.84631
G1 X88.898 Y109.215 E2.87552
G1 X88.349 Y109.215 E2.90193
G1 X88.778 Y108.785 E2.93114
G1 X88.229 Y108.785 E2.95755
G1 X87.8 Y109.215 E2.98676
G1 X87.251 Y109.215 E3.01317
G1 X87.68 Y108.785 E3.04238
G1 X87.131 Y108.785 E3.06879
G1 X86.702 Y109.215 E3.098
G1 X86.153 Y109.215 E3.12441
G1 X86.582 Y108.785 E3.15362
G1 X86.034 Y108.785 E3.17998
G1 X85.604 Y109.215 E3.20923
G1 X85.056 Y109.215 E3.23559
G1 X85.485 Y108.785 E3.2648
G1 X84.936 Y108.785 E3.29121
G1 X84.507 Y109.215 E3.32042
G1 X83.958 Y109.215 E3.34683
G1 X84.387 Y108.785 E3.37604
G1 X83.838 Y108.785 E3.40245
G1 X83.409 Y109.215 E3.43166
G1 X82.86 Y109.215 E3.45807
G1 X83.289 Y108.785 E3.48728
G1 X82.74 Y108.785 E3.51369
G1 X82.311 Y109.215 E3.5429
G1 X81.762 Y109.215 E3.56931
G1 X82.192 Y108.785 E3.59856
G1 X81.643 Y108.785 E3.62497
G1 X81.214 Y109.215 E3.65418
G1 X80.665 Y109.215 E3.68059
G1 X81.094 Y108.785 E3.7098
G1 X80.545 Y108.785 E3.73621
G1 X80.116 Y109.215 E3.76542
G1 X79.567 Y109.215 E3.79183
G1 X79.996 Y108.785 E3.82104
G1 X79.447 Y108.785 E3.84745
G1 X79.018 Y109.215 E3.87666
G1 X78.469 Y109.215 E3.90307
G1 X78.898 Y108.785 E3.93228
G1 X78.35 Y108.785 E3.95864
G1 X77.92 Y109.215 E3.98789
G1 X77.372 Y109.215 E4.01425
G1 X77.801 Y108.785 E4.04346
G1 X77.252 Y108.785 E4.06987
G1 X76.823 Y109.215 E4.09908
G1 X76.274 Y109.215 E4.12549
G1 X76.703 Y108.785 E4.1547
G1 X76.154 Y108.785 E4.18111
G1 X75.725 Y109.215 E4.21032
G1 X75.176 Y109.215 E4.23673
G1 X75.605 Y108.785 E4.26594
G1 X75.056 Y108.785 E4.29235
G1 X74.627 Y109.215 E4.32156
G1 X74.079 Y109.215 E4.34792
G1 X74.508 Y108.785 E4.37713
G1 X73.959 Y108.785 E4.40354
G1 X73.53 Y109.215 E4.43275
G1 X72.981 Y109.215 E4.45916
G1 X73.41 Y108.785 E4.48837
G1 X72.861 Y108.785 E4.51478
G1 X72.432 Y109.215 E4.54399
G1 X71.883 Y109.215 E4.5704
G1 X72.337 Y108.76 E4.60131
G1 X71.907 Y108.642 E4.62276
G1 X71.334 Y109.215 E4.66173
G1 X70.785 Y109.215 E4.68814
G1 X71.58 Y108.42 E4.74221
G1 X71.358 Y108.093 E4.76122
G1 X70.785 Y108.666 E4.80019
G1 X70.785 Y108.117 E4.8266
G1 X71.227 Y107.676 E4.85663
G1 X71.215 Y107.139 E4.88246
G1 X70.785 Y107.568 E4.91167
G1 X70.785 Y107.019 E4.93808
G1 X71.215 Y106.59 E4.96729
G1 X71.215 Y106.041 E4.9937
G1 X70.785 Y106.47 E5.02291
G1 X70.785 Y105.921 E5.04932
G1 X71.215 Y105.492 E5.07853
G1 X71.215 Y104.943 E5.10494
G1 X70.785 Y105.373 E5.13419
G1 X70.785 Y104.824 E5.1606
G1 X71.215 Y104.395 E5.18981
G1 X71.215 Y103.846 E5.21622
G1 X70.785 Y104.275 E5.24543
G1 X70.785 Y103.726 E5.27184
G1 X71.215 Y103.297 E5.30105
G1 X71.215 Y102.748 E5.32746
G1 X70.785 Y103.177 E5.35667
G1 X70.785 Y102.628 E5.38308
G1 X71.215 Y102.199 E5.41229
G1 X71.215 Y101.65 E5.4387
G1 X70.785 Y102.079 E5.46791
G1 X70.785 Y101.531 E5.49427
G1 X71.215 Y101.102 E5.52348
G1 X71.215 Y100.553 E5.54989
G1 X70.785 Y100.982 E5.5791
G1 X70.785 Y100.433 E5.60551
G1 X71.215 Y100.004 E5.63472
G1 X71.215 Y99.455 E5.66113
G1 X70.785 Y99.884 E5.69034
G1 X70.785 Y99.335 E5.71675
G1 X71.215 Y98.906 E5.74596
G1 X71.215 Y98.357 E5.77237
G1 X70.785 Y98.786 E5.80158
G1 X70.785 Y98.238 E5.82794
G1 X71.215 Y97.808 E5.85719
G1 X71.215 Y97.26 E5.88355
G1 X70.785 Y97.689 E5.91276
G1 X70.785 Y97.14 E5.93917
G1 X71.215 Y96.711 E5.96838
G1 X71.215 Y96.162 E5.99479
G1 X70.785 Y96.591 E6.024
G1 X70.785 Y96.042 E6.05041
G1 X71.215 Y95.613 E6.07962
G1 X71.215 Y95.064 E6.10603
G1 X70.785 Y95.493 E6.13524
G1 X70.785 Y94.944 E6.16165
G1 X71.215 Y94.515 E6.19086
G1 X71.215 Y93.966 E6.21727
G1 X70.785 Y94.396 E6.24652
G1 X70.785 Y93.847 E6.27293
G1 X71.215 Y93.418 E6.30214
G1 X71.215 Y92.869 E6.32855
G1 X70.785 Y93.298 E6.35776
G1 X70.785 Y92.749 E6.38417
G1 X71.215 Y92.32 E6.41338
G1 X71.215 Y91.771 E6.43979
G1 X70.785 Y92.2 E6.469
G1 X70.785 Y91.651 E6.49541
G1 X71.215 Y91.222 E6.52462
G1 X71.215 Y90.673 E6.55103
G1 X70.785 Y91.102 E6.58024
G1 X70.785 Y90.554 E6.6066
G1 X71.215 Y90.125 E6.63581
G1 X71.215 Y89.576 E6.66222
G1 X70.785 Y90.005 E6.69143
G1 X70.785 Y89.456 E6.71784
G1 X71.215 Y89.027 E6.74705
G1 X71.215 Y88.478 E6.77346
G1 X70.785 Y88.907 E6.80267
G1 X70.785 Y88.358 E6.82908
G1 X71.215 Y87.929 E6.85829
G1 X71.215 Y87.38 E6.8847
G1 X70.785 Y87.809 E6.91391
G1 X70.785 Y87.261 E6.94027
G1 X71.215 Y86.831 E6.96952
G1 X71.215 Y86.283 E6.99588
G1 X70.785 Y86.712 E7.02509
G1 X70.785 Y86.163 E7.0515
G1 X71.215 Y85.734 E7.08071
G1 X71.215 Y85.185 E7.10712
G1 X70.785 Y85.614 E7.13633
G1 X70.785 Y85.065 E7.16274
G1 X71.215 Y84.636 E7.19195
G1 X71.215 Y84.087 E7.21836
G1 X70.785 Y84.516 E7.24757
G1 X70.785 Y83.967 E7.27398
G1 X71.215 Y83.538 E7.30319
G1 X71.215 Y82.989 E7.3296
G1 X70.785 Y83.419 E7.35885
G1 X70.785 Y82.87 E7.38526
G1 X71.219 Y82.436 E7.41478
G1 X71.316 Y81.97 E7.43767
G1 X71.58 Y81.58 E7.46032
G1 X71.966 Y81.318 E7.48276
G1 X72.438 Y81.217 E7.50598
G1 X72.87 Y80.785 E7.53536
G1 X73.419 Y80.785 E7.56177
G1 X72.989 Y81.215 E7.59102
G1 X73.538 Y81.215 E7.61743
G1 X73.967 Y80.785 E7.64664
G1 X74.516 Y80.785 E7.67305
G1 X74.087 Y81.215 E7.70226
G1 X74.636 Y81.215 E7.72867
G1 X75.065 Y80.785 E7.75788
G1 X75.614 Y80.785 E7.78429
G1 X75.185 Y81.215 E7.8135
G1 X75.734 Y81.215 E7.83991
G1 X76.163 Y80.785 E7.86912
G1 X76.712 Y80.785 E7.89553
G1 X76.283 Y81.215 E7.92474
G1 X76.831 Y81.215 E7.9511
G1 X77.261 Y80.785 E7.98035
G1 X77.809 Y80.785 E8.00671
G1 X77.38 Y81.215 E8.03592
G1 X77.929 Y81.215 E8.06233
G1 X78.358 Y80.785 E8.09154
G1 X78.907 Y80.785 E8.11795
G1 X78.478 Y81.215 E8.14716
G1 X79.027 Y81.215 E8.17357
G1 X79.456 Y80.785 E8.20278
G1 X80.005 Y80.785 E8.22919
G1 X79.576 Y81.215 E8.2584
G1 X80.125 Y81.215 E8.28481
G1 X80.554 Y80.785 E8.31402
G1 X81.102 Y80.785 E8.34038
G1 X80.673 Y81.215 E8.36959
G1 X81.222 Y81.215 E8.396
G1 X81.651 Y80.785 E8.42521
G1 X82.2 Y80.785 E8.45162
G1 X81.771 Y81.215 E8.48083
G1 X82.32 Y81.215 E8.50724
G1 X82.749 Y80.785 E8.53645
G1 X83.298 Y80.785 E8.56286
G1 X82.869 Y81.215 E8.59207
G1 X83.418 Y81.215 E8.61848
G1 X83.847 Y80.785 E8.64769
G1 X84.396 Y80.785 E8.6741
G1 X83.966 Y81.215 E8.70335
G1 X84.515 Y81.215 E8.72976
G1 X84.944 Y80.785 E8.75897
G1 X85.493 Y80.785 E8.78538
G1 X85.064 Y81.215 E8.81459
G1 X85.613 Y81.215 E8.841
G1 X86.042 Y80.785 E8.87021
G1 X86.591 Y80.785 E8.89662
G1 X86.162 Y81.215 E8.92583
G1 X86.711 Y81.215 E8.95224
G1 X87.14 Y80.785 E8.98145
G1 X87.689 Y80.785 E9.00786
G1 X87.26 Y81.215 E9.03707
G1 X87.808 Y81.215 E9.06343
G1 X88.238 Y80.785 E9.09268
G1 X88.786 Y80.785 E9.11904
G1 X88.357 Y81.215 E9.14825
G1 X88.906 Y81.215 E9.17466
G1 X89.335 Y80.785 E9.20387
G1 X89.884 Y80.785 E9.23028
G1 X89.455 Y81.215 E9.25949
G1 X90.004 Y81.215 E9.2859
G1 X90.433 Y80.785 E9.31511
G1 X90.982 Y80.785 E9.34152
G1 X90.553 Y81.215 E9.37073
G1 X91.102 Y81.215 E9.39714
G1 X91.531 Y80.785 E9.42635
G1 X92.079 Y80.785 E9.45271
G1 X91.65 Y81.215 E9.48192
G1 X92.199 Y81.215 E9.50833
G1 X92.628 Y80.785 E9.53754
G1 X93.177 Y80.785 E9.56395
G1 X92.748 Y81.215 E9.59316
G1 X93.297 Y81.215 E9.61957
G1 X93.726 Y80.785 E9.64878
G1 X94.275 Y80.785 E9.67519
G1 X93.846 Y81.215 E9.7044
G1 X94.395 Y81.215 E9.73081
G1 X94.824 Y80.785 E9.76002
G1 X95.373 Y80.785 E9.78643
G1 X94.943 Y81.215 E9.81568
G1 X95.492 Y81.215 E9.84209
G1 X95.921 Y80.785 E9.8713
G1 X96.47 Y80.785 E9.89771
G1 X96.041 Y81.215 E9.92692
G1 X96.59 Y81.215 E9.95333
G1 X97.019 Y80.785 E9.98254
G1 X97.568 Y80.785 E10.00895
G1 X97.139 Y81.215 E10.03816
G1 X97.663 Y81.24 E10.06339
G1 X98.117 Y80.785 E10.0943
G1 X98.666 Y80.785 E10.12071
G1 X98.093 Y81.358 E10.15968
G1 X98.42 Y81.58 E10.17869
G1 X99.215 Y80.785 E10.23276
G1 X99.215 Y81.334 E10.25917
G1 X98.642 Y81.907 E10.29814
G1 X98.76 Y82.337 E10.31959
G1 X99.215 Y81.883 E10.3505
G1 X99.215 Y82.432 E10.37691
G1 X98.785 Y82.861 E10.40612
G1 X98.785 Y83.41 E10.43253
G1 X99.215 Y82.981 E10.46174
G1 X99.215 Y83.53 E10.48815
G1 X98.785 Y83.959 E10.51736
G1 X98.785 Y84.508 E10.54377
G1 X99.215 Y84.079 E10.57298
G1 X99.215 Y84.627 E10.59934
G1 X98.785 Y85.056 E10.62855
G1 X98.785 Y85.605 E10.65496
G1 X99.215 Y85.176 E10.68417
G1 X99.215 Y85.725 E10.71058
G1 X98.785 Y86.154 E10.73979
G1 X98.785 Y86.703 E10.7662
G1 X99.215 Y86.274 E10.79541
G1 X99.215 Y86.823 E10.82182
G1 X98.785 Y87.252 E10.85103
G1 X98.785 Y87.801 E10.87744
G1 X99.215 Y87.372 E10.90665
G1 X99.215 Y87.921 E10.93306
G1 X98.785 Y88.35 E10.96227
G1 X98.785 Y88.898 E10.98863
G1 X99.215 Y88.469 E11.01784
G1 X99.215 Y89.018 E11.04425
G1 X98.785 Y89.447 E11.07346
G1 X98.785 Y89.996 E11.09987
G1 X99.215 Y89.567 E11.12908
G1 X99.215 Y90.116 E11.15549
G1 X98.785 Y90.545 E11.1847
G1 X98.785 Y91.094 E11.21111
G1 X99.215 Y90.665 E11.24032
G1 X99.215 Y91.214 E11.26673
G1 X98.785 Y91.643 E11.29594
G1 X98.785 Y92.192 E11.32235
G1 X99.215 Y91.762 E11.3516
G1 X99.215 Y92.311 E11.37801
G1 X98.785 Y92.74 E11.40722
G1 X98.785 Y93.289 E11.43363
G1 X99.215 Y92.86 E11.46284
G1 X99.215 Y93.409 E11.48925
G1 X98.785 Y93.838 E11.51846
G1 X98.785 Y94.387 E11.54487
G1 X99.215 Y93.958 E11.57408
G1 X99.215 Y94.507 E11.60049
G1 X98.785 Y94.936 E11.6297
G1 X98.785 Y95.485 E11.65611
G1 X99.215 Y95.056 E11.68532
G1 X99.215 Y95.604 E11.71168
G1 X98.785 Y96.034 E11.74093
G1 X98.785 Y96.582 E11.76729
G1 X99.215 Y96.153 E11.7965
G1 X99.215 Y96.702 E11.82291
G1 X98.785 Y97.131 E11.85212
G1 X98.785 Y97.68 E11.87853
G1 X99.215 Y97.251 E11.90774
G1 X99.215 Y97.8 E11.93415
G1 X98.785 Y98.229 E11.96336
G1 X98.785 Y98.778 E11.98977
G1 X99.215 Y98.349 E12.01898
G1 X99.215 Y98.898 E12.04539
G1 X98.785 Y99.327 E12.0746
G1 X98.785 Y99.875 E12.10096
G1 X99.215 Y99.446 E12.13017
G1 X99.215 Y99.995 E12.15658
G1 X98.785 Y100.424 E12.18579
G1 X98.785 Y100.973 E12.2122
G1 X99.215 Y100.544 E12.24141
G1 X99.215 Y101.093 E12.26782
G1 X98.785 Y101.522 E12.29703
G1 X98.785 Y102.071 E12.32344
G1 X99.215 Y101.642 E12.35265
G1 X99.215 Y102.191 E12.37906
G1 X98.785 Y102.62 E12.40827
G1 X98.785 Y103.169 E12.43468
G1 X99.215 Y102.739 E12.46393
G1 X99.215 Y103.288 E12.49034
G1 X98.785 Y103.717 E12.51955
G1 X98.785 Y104.266 E12.54596
G1 X99.215 Y103.837 E12.57517
G1 X99.215 Y104.386 E12.60158
G1 X98.785 Y104.815 E12.63079
G1 X98.785 Y105.364 E12.6572
G1 X99.215 Y104.935 E12.68641
G1 X99.215 Y105.484 E12.71282
G1 X98.785 Y105.913 E12.74203
G1 X98.785 Y106.462 E12.76844
G1 X99.215 Y106.033 E12.79765
G1 X99.215 Y106.581 E12.82401
G1 X98.785 Y107.011 E12.85326
G1 X98.783 Y107.562 E12.87976
G1 X99.215 Y107.13 E12.90914
G1 X99.215 Y107.679 E12.93555
G1 X97.679 Y109.215 E13.04003
G1 X98.228 Y109.215 E13.06644
G1 X99.215 Y108.228 E13.13357
G1 X99.215 Y108.777 E13.15998
G1 X98.603 Y109.388 E13.20157
G1 E11.20157 F2400
G92 E0
G1 X74.812 Y84.779 F7800
G1 E2 F2400
;TYPE:External perimeter
;WIDTH:0.583165
G1 F1800
G1 X74.876 Y84.765 E2.00424
;WIDTH:0.545178
G1 X74.968 Y84.746 E2.00987
;WIDTH:0.507191
G1 X95.032 Y84.746 E3.118
;WIDTH:0.545178
G1 X95.124 Y84.765 E3.12363
;WIDTH:0.583165
G1 X95.216 Y84.784 E3.12971
G1 X95.235 Y84.876 E3.13579
;WIDTH:0.545178
G1 X95.254 Y84.968 E3.14142
;WIDTH:0.507191
G1 X95.254 Y105.032 E4.24955
;WIDTH:0.545178
G1 X95.235 Y105.124 E4.25518
;WIDTH:0.583165
G1 X95.216 Y105.216 E4.26126
G1 X95.124 Y105.235 E4.26734
;WIDTH:0.545178
G1 X95.032 Y105.254 E4.27297
;WIDTH:0.507191
G1 X74.968 Y105.254 E5.3811
;WIDTH:0.545178
G1 X74.876 Y105.235 E5.38673
;WIDTH:0.583165
G1 X74.784 Y105.216 E5.39281
G1 X74.765 Y105.124 E5.39889
;WIDTH:0.545178
G1 X74.746 Y105.032 E5.40452
;WIDTH:0.507191
G1 X74.746 Y84.968 E6.51265
;WIDTH:0.545178
G1 X74.765 Y84.876 E6.51828
;WIDTH:0.583165
G1 X74.778 Y84.816 E6.52225
G1 X75.173 Y84.752 F7800
G1 E4.52225 F2400
G92 E0
G1 X95.658 Y105.658 F7800
G1 E2 F2400
G1 F1800
G1 X95.345 Y105.677 E2.02029
;WIDTH:0.545178
G1 X95.032 Y105.696 E2.03909
;WIDTH:0.507191
G1 X74.968 Y105.696 E3.14722
;WIDTH:0.545178
G1 X74.655 Y105.677 E3.16602
;WIDTH:0.583165
G1 X74.342 Y105.658 E3.18631
G1 X74.323 Y105.345 E3.2066
;WIDTH:0.545178
G1 X74.304 Y105.032 E3.2254
;WIDTH:0.507191
G1 X74.304 Y84.968 E4.33353
;WIDTH:0.545178
G1 X74.323 Y84.655 E4.35233
;WIDTH:0.583165
G1 X74.342 Y84.342 E4.37262
G1 X74.655 Y84.323 E4.39291
;WIDTH:0.545178
G1 X74.968 Y84.304 E4.41171
;WIDTH:0.507191
G1 X95.032 Y84.304 E5.51984
;WIDTH:0.545178
G1 X95.345 Y84.323 E5.53864
;WIDTH:0.583165
G1 X95.658 Y84.342 E5.55893
G1 X95.658 Y84.601 E5.57569
G1 X95.677 Y84.784 E5.58759
;WIDTH:0.545178
G1 X95.696 Y84.968 E5.59868
;WIDTH:0.507191
G1 X95.696 Y105.032 E6.70681
;WIDTH:0.510546
G1 X95.695 Y105.109 E6.7111
;WIDTH:0.546855
G1 X95.677 Y105.384 E6.72768
;WIDTH:0.583165
G1 X95.662 Y105.599 E6.74163
G1 X95.271 Y105.68 F7800
;LAYER_CHANGE
;Z:4.55
;HEIGHT:0.3
G1 E4.74163 F2400
G92 E0
G1 Z4.55 F7800
G1 X98.21 Y108.217
G1 E2 F2400
;TYPE:Perimeter
;WIDTH:0.45
G1 F3600
G1 X97.915 Y108.417 E2.01714
G1 X97.532 Y108.496 E2.03595
G1 X72.468 Y108.496 E3.24144
G1 X72.085 Y108.417 E3.26025
G1 X71.786 Y108.214 E3.27763
G1 X71.583 Y107.915 E3.29501
G1 X71.504 Y107.532 E3.31382
G1 X71.504 Y82.468 E4.51931
G1 X71.583 Y82.085 E4.53812
G1 X71.786 Y81.786 E4.5555
G1 X72.085 Y81.583 E4.57288
G1 X72.468 Y81.504 E4.59169
G1 X97.532 Y81.504 E5.79718
G1 X97.915 Y81.583 E5.81599
G1 X98.214 Y81.786 E5.83337
G1 X98.417 Y82.085 E5.85075
G1 X98.496 Y82.468 E5.86956
G1 X98.496 Y107.532 E7.07505
G1 X98.417 Y107.915 E7.09386
G1 X98.245 Y108.169 E7.10861
G1 X97.943 Y107.938 F7800
G1 F3600
G1 X97.941 Y107.941 E7.10878
G1 X97.762 Y108.063 E7.1192
G1 X97.532 Y108.111 E7.1305
G1 X72.468 Y108.111 E8.33599
G1 X72.238 Y108.063 E8.34729
G1 X72.059 Y107.941 E8.35771
G1 X71.937 Y107.762 E8.36813
G1 X71.889 Y107.532 E8.37943
G1 X71.889 Y82.468 E9.58492
G1 X71.937 Y82.238 E9.59622
G1 X72.059 Y82.059 E9.60664
G1 X72.238 Y81.937 E9.61706
G1 X72.468 Y81.889 E9.62836
G1 X97.532 Y81.889 E10.83385
G1 X97.762 Y81.937 E10.84515
G1 X97.941 Y82.059 E10.85557
G1 X98.063 Y82.238 E10.86599
G1 X98.111 Y82.468 E10.87729
G1 X98.111 Y107.532 E12.08278
G1 X98.063 Y107.762 E12.09408
G1 X97.977 Y107.889 E12.10146
G1 X97.671 Y107.662 F7800
;TYPE:External perimeter
G1 F1800
G1 X97.669 Y107.669 E12.10181
G1 X97.532 Y107.725 E12.10893
G1 X72.468 Y107.725 E13.31442
G1 X72.331 Y107.669 E13.32154
G1 X72.275 Y107.532 E13.32866
G1 X72.275 Y82.468 E14.53415
G1 X72.331 Y82.331 E14.54127
G1 X72.468 Y82.275 E14.54839
G1 X97.532 Y82.275 E15.75388
G1 X97.669 Y82.331 E15.761
G1 X97.725 Y82.468 E15.76812
G1 X97.725 Y107.532 E16.97361
G1 X97.694 Y107.607 E16.97751
G1 X97.31 Y107.718 F7800
G1 E14.97751 F2400
G92 E0
G1 X70.496 Y80.496 F7800
G1 E2 F2400
;TYPE:Perimeter
G1 F3600
G1 X99.504 Y80.496 E3.39518
G1 X99.504 Y81.252 E3.43154
G1 X99.504 Y109.504 E4.79036
G1 X70.496 Y109.504 E6.18554
G1 X70.496 Y80.556 E7.57784
G1 X70.111 Y80.111 F7800
G1 F3600
G1 X99.889 Y80.111 E9.01006
G1 X99.889 Y81.252 E9.06494
G1 X99.889 Y109.889 E10.44228
G1 X70.111 Y109.889 E11.8745
G1 X70.111 Y80.171 E13.30383
G1 X69.725 Y79.725 F7800
;TYPE:External perimeter
G1 F1800
G1 X100.275 Y79.725 E14.77318
G1 X100.275 Y81.252 E14.84662
G1 X100.275 Y110.275 E16.24253
G1 X69.725 Y110.275 E17.71188
G1 X69.725 Y79.785 E19.17834
G1 X70.121 Y79.726 F7800
G1 E17.17834 F2400
G92 E0
G1 X70.612 Y108.603 F7800
G1 E2 F2400
;TYPE:Internal infill
;WIDTH:0.45
G1 F4200
G1 X71.223 Y109.215 E2.04159
G1 X71.772 Y109.215 E2.068
G1 X70.785 Y108.228 E2.13513
G1 X70.785 Y107.679 E2.16154
G1 X72.494 Y109.388 E2.27778
G1 E.27778 F2400
G92 E0
G1 X99.388 Y83.043 F7800
G1 E2 F2400
G1 F4200
G1 X98.781 Y82.436 E2.04129
G1 X98.785 Y82.989 E2.06789
G1 X99.215 Y83.419 E2.09714
G1 X99.215 Y83.967 E2.1235
G1 X98.785 Y83.538 E2.15271
G1 X98.785 Y84.087 E2.17912
G1 X99.215 Y84.516 E2.20833
G1 X99.215 Y85.065 E2.23474
G1 X98.785 Y84.636 E2.26395
G1 X98.785 Y85.185 E2.29036
G1 X99.215 Y85.614 E2.31957
G1 X99.215 Y86.163 E2.34598
G1 X98.785 Y85.734 E2.37519
G1 X98.785 Y86.283 E2.4016
G1 X99.215 Y86.712 E2.43081
G1 X99.215 Y87.261 E2.45722
G1 X98.785 Y86.831 E2.48647
G1 X98.785 Y87.38 E2.51288
G1 X99.215 Y87.809 E2.54209
G1 X99.215 Y88.358 E2.5685
G1 X98.785 Y87.929 E2.59771
G1 X98.785 Y88.478 E2.62412
G1 X99.215 Y88.907 E2.65333
G1 X99.215 Y89.456 E2.67974
G1 X98.785 Y89.027 E2.70895
G1 X98.785 Y89.576 E2.73536
G1 X99.215 Y90.005 E2.76457
G1 X99.215 Y90.554 E2.79098
G1 X98.785 Y90.125 E2.82019
G1 X98.785 Y90.673 E2.84655
G1 X99.215 Y91.102 E2.87576
G1 X99.215 Y91.651 E2.90217
G1 X98.785 Y91.222 E2.93138
G1 X98.785 Y91.771 E2.95779
G1 X99.215 Y92.2 E2.987
G1 X99.215 Y92.749 E3.01341
G1 X98.785 Y92.32 E3.04262
G1 X98.785 Y92.869 E3.06903
G1 X99.215 Y93.298 E3.09824
G1 X99.215 Y93.847 E3.12465
G1 X98.785 Y93.418 E3.15386
G1 X98.785 Y93.966 E3.18022
G1 X99.215 Y94.396 E3.20947
G1 X99.215 Y94.944 E3.23583
G1 X98.785 Y94.515 E3.26504
G1 X98.785 Y95.064 E3.29145
G1 X99.215 Y95.493 E3.32066
G1 X99.215 Y96.042 E3.34707
G1 X98.785 Y95.613 E3.37628
G1 X98.785 Y96.162 E3.40269
G1 X99.215 Y96.591 E3.4319
G1 X99.215 Y97.14 E3.45831
G1 X98.785 Y96.711 E3.48752
G1 X98.785 Y97.26 E3.51393
G1 X99.215 Y97.689 E3.54314
G1 X99.215 Y98.238 E3.56955
G1 X98.785 Y97.808 E3.5988
G1 X98.785 Y98.357 E3.62521
G1 X99.215 Y98.786 E3.65442
G1 X99.215 Y99.335 E3.68083
G1 X98.785 Y98.906 E3.71004
G1 X98.785 Y99.455 E3.73645
G1 X99.215 Y99.884 E3.76566
G1 X99.215 Y100.433 E3.79207
G1 X98.785 Y100.004 E3.82128
G1 X98.785 Y100.553 E3.84769
G1 X99.215 Y100.982 E3.8769
G1 X99.215 Y101.531 E3.90331
G1 X98.785 Y101.102 E3.93252
G1 X98.785 Y101.65 E3.95888
G1 X99.215 Y102.08 E3.98813
G1 X99.215 Y102.628 E4.01449
G1 X98.785 Y102.199 E4.0437
G1 X98.785 Y102.748 E4.07011
G1 X99.215 Y103.177 E4.09932
G1 X99.215 Y103.726 E4.12573
G1 X98.785 Y103.297 E4.15494
G1 X98.785 Y103.846 E4.18135
G1 X99.215 Y104.275 E4.21056
G1 X99.215 Y104.824 E4.23697
G1 X98.785 Y104.395 E4.26618
G1 X98.785 Y104.944 E4.29259
G1 X99.215 Y105.373 E4.3218
G1 X99.215 Y105.921 E4.34816
G1 X98.785 Y105.492 E4.37737
G1 X98.785 Y106.041 E4.40378
G1 X99.215 Y106.47 E4.43299
G1 X99.215 Y107.019 E4.4594
G1 X98.785 Y106.59 E4.48861
G1 X98.785 Y107.139 E4.51502
G1 X99.215 Y107.568 E4.54423
G1 X99.215 Y108.117 E4.57064
G1 X98.773 Y107.676 E4.60067
G1 X98.642 Y108.093 E4.62169
G1 X99.215 Y108.666 E4.66066
G1 X99.215 Y109.215 E4.68707
G1 X98.42 Y108.42 E4.74114
G1 X98.093 Y108.642 E4.76015
G1 X98.666 Y109.215 E4.79912
G1 X98.117 Y109.215 E4.82553
G1 X97.676 Y108.773 E4.85556
G1 X97.139 Y108.785 E4.88139
G1 X97.568 Y109.215 E4.9106
G1 X97.019 Y109.215 E4.93701
G1 X96.59 Y108.785 E4.96622
G1 X96.041 Y108.785 E4.99263
G1 X96.47 Y109.215 E5.02184
G1 X95.921 Y109.215 E5.04825
G1 X95.492 Y108.785 E5.07746
G1 X94.943 Y108.785 E5.10387
G1 X95.373 Y109.215 E5.13312
G1 X94.824 Y109.215 E5.15953
G1 X94.395 Y108.785 E5.18874
G1 X93.846 Y108.785 E5.21515
G1 X94.275 Y109.215 E5.24436
G1 X93.726 Y109.215 E5.27077
G1 X93.297 Y108.785 E5.29998
G1 X92.748 Y108.785 E5.32639
G1 X93.177 Y109.215 E5.3556
G1 X92.628 Y109.215 E5.38201
G1 X92.199 Y108.785 E5.41122
G1 X91.65 Y108.785 E5.43763
G1 X92.079 Y109.215 E5.46684
G1 X91.531 Y109.215 E5.4932
G1 X91.102 Y108.785 E5.52241
G1 X90.553 Y108.785 E5.54882
G1 X90.982 Y109.215 E5.57803
G1 X90.433 Y109.215 E5.60444
G1 X90.004 Y108.785 E5.63365
G1 X89.455 Y108.785 E5.66006
G1 X89.884 Y109.215 E5.68927
G1 X89.335 Y109.215 E5.71568
G1 X88.906 Y108.785 E5.74489
G1 X88.357 Y108.785 E5.7713
G1 X88.786 Y109.215 E5.80051
G1 X88.238 Y109.215 E5.82687
G1 X87.808 Y108.785 E5.85612
G1 X87.26 Y108.785 E5.88248
G1 X87.689 Y109.215 E5.91169
G1 X87.14 Y109.215 E5.9381
G1 X86.711 Y108.785 E5.96731
G1 X86.162 Y108.785 E5.99372
G1 X86.591 Y109.215 E6.02293
G1 X86.042 Y109.215 E6.04934
G1 X85.613 Y108.785 E6.07855
G1 X85.064 Y108.785 E6.10496
G1 X85.493 Y109.215 E6.13417
G1 X84.944 Y109.215 E6.16058
G1 X84.515 Y108.785 E6.18979
G1 X83.966 Y108.785 E6.2162
G1 X84.396 Y109.215 E6.24545
G1 X83.847 Y109.215 E6.27186
G1 X83.418 Y108.785 E6.30107
G1 X82.869 Y108.785 E6.32748
G1 X83.298 Y109.215 E6.35669
G1 X82.749 Y109.215 E6.3831
G1 X82.32 Y108.785 E6.41231
G1 X81.771 Y108.785 E6.43872
G1 X82.2 Y109.215 E6.46793
G1 X81.651 Y109.215 E6.49434
G1 X81.222 Y108.785 E6.52355
G1 X80.673 Y108.785 E6.54996
G1 X81.102 Y109.215 E6.57917
G1 X80.554 Y109.215 E6.60553
G1 X80.125 Y108.785 E6.63474
G1 X79.576 Y108.785 E6.66115
G1 X80.005 Y109.215 E6.69036
G1 X79.456 Y109.215 E6.71677
G1 X79.027 Y108.785 E6.74598
G1 X78.478 Y108.785 E6.77239
G1 X78.907 Y109.215 E6.8016
G1 X78.358 Y109.215 E6.82801
G1 X77.929 Y108.785 E6.85722
G1 X77.38 Y108.785 E6.88363
G1 X77.809 Y109.215 E6.91284
G1 X77.261 Y109.215 E6.9392
G1 X76.831 Y108.785 E6.96845
G1 X76.283 Y108.785 E6.99481
G1 X76.712 Y109.215 E7.02402
G1 X76.163 Y109.215 E7.05043
G1 X75.734 Y108.785 E7.07964
G1 X75.185 Y108.785 E7.10605
G1 X75.614 Y109.215 E7.13526
G1 X75.065 Y109.215 E7.16167
G1 X74.636 Y108.785 E7.19088
G1 X74.087 Y108.785 E7.21729
G1 X74.516 Y109.215 E7.2465
G1 X73.967 Y109.215 E7.27291
G1 X73.538 Y108.785 E7.30212
G1 X72.989 Y108.785 E7.32853
G1 X73.419 Y109.215 E7.35778
G1 X72.87 Y109.215 E7.38419
G1 X72.436 Y108.781 E7.41371
G1 X71.97 Y108.684 E7.4366
G1 X71.58 Y108.42 E7.45925
G1 X71.318 Y108.034 E7.48169
G1 X71.217 Y107.562 E7.50491
G1 X70.785 Y107.13 E7.53429
G1 X70.785 Y106.581 E7.5607
G1 X71.215 Y107.011 E7.58995
G1 X71.215 Y106.462 E7.61636
G1 X70.785 Y106.033 E7.64557
G1 X70.785 Y105.484 E7.67198
G1 X71.215 Y105.913 E7.70119
G1 X71.215 Y105.364 E7.7276
G1 X70.785 Y104.935 E7.75681
G1 X70.785 Y104.386 E7.78322
G1 X71.215 Y104.815 E7.81243
G1 X71.215 Y104.266 E7.83884
G1 X70.785 Y103.837 E7.86805
G1 X70.785 Y103.288 E7.89446
G1 X71.215 Y103.717 E7.92367
G1 X71.215 Y103.169 E7.95003
G1 X70.785 Y102.739 E7.97928
G1 X70.785 Y102.191 E8.00564
G1 X71.215 Y102.62 E8.03485
G1 X71.215 Y102.071 E8.06126
G1 X70.785 Y101.642 E8.09047
G1 X70.785 Y101.093 E8.11688
G1 X71.215 Y101.522 E8.14609
G1 X71.215 Y100.973 E8.1725
G1 X70.785 Y100.544 E8.20171
G1 X70.785 Y99.995 E8.22812
G1 X71.215 Y100.424 E8.25733
G1 X71.215 Y99.875 E8.28374
G1 X70.785 Y99.446 E8.31295
G1 X70.785 Y98.898 E8.33931
G1 X71.215 Y99.327 E8.36852
G1 X71.215 Y98.778 E8.39493
G1 X70.785 Y98.349 E8.42414
G1 X70.785 Y97.8 E8.45055
G1 X71.215 Y98.229 E8.47976
G1 X71.215 Y97.68 E8.50617
G1 X70.785 Y97.251 E8.53538
G1 X70.785 Y96.702 E8.56179
G1 X71.215 Y97.131 E8.591
G1 X71.215 Y96.582 E8.61741
G1 X70.785 Y96.153 E8.64662
G1 X70.785 Y95.604 E8.67303
G1 X71.215 Y96.034 E8.70228
G1 X71.215 Y95.485 E8.72869
G1 X70.785 Y95.056 E8.7579
G1 X70.785 Y94.507 E8.78431
G1 X71.215 Y94.936 E8.81352
G1 X71.215 Y94.387 E8.83993
G1 X70.785 Y93.958 E8.86914
G1 X70.785 Y93.409 E8.89555
G1 X71.215 Y93.838 E8.92476
G1 X71.215 Y93.289 E8.95117
G1 X70.785 Y92.86 E8.98038
G1 X70.785 Y92.311 E9.00679
G1 X71.215 Y92.74 E9.036
G1 X71.215 Y92.192 E9.06236
G1 X70.785 Y91.762 E9.09161
G1 X70.785 Y91.214 E9.11797
G1 X71.215 Y91.643 E9.14718
G1 X71.215 Y91.094 E9.17359
G1 X70.785 Y90.665 E9.2028
G1 X70.785 Y90.116 E9.22921
G1 X71.215 Y90.545 E9.25842
G1 X71.215 Y89.996 E9.28483
G1 X70.785 Y89.567 E9.31404
G1 X70.785 Y89.018 E9.34045
G1 X71.215 Y89.447 E9.36966
G1 X71.215 Y88.898 E9.39607
G1 X70.785 Y88.469 E9.42528
G1 X70.785 Y87.921 E9.45164
G1 X71.215 Y88.35 E9.48085
G1 X71.215 Y87.801 E9.50726
G1 X70.785 Y87.372 E9.53647
G1 X70.785 Y86.823 E9.56288
G1 X71.215 Y87.252 E9.59209
G1 X71.215 Y86.703 E9.6185
G1 X70.785 Y86.274 E9.64771
G1 X70.785 Y85.725 E9.67412
G1 X71.215 Y86.154 E9.70333
G1 X71.215 Y85.605 E9.72974
G1 X70.785 Y85.176 E9.75895
G1 X70.785 Y84.627 E9.78536
G1 X71.215 Y85.057 E9.81461
G1 X71.215 Y84.508 E9.84102
G1 X70.785 Y84.079 E9.87023
G1 X70.785 Y83.53 E9.89664
G1 X71.215 Y83.959 E9.92585
G1 X71.215 Y83.41 E9.95226
G1 X70.785 Y82.981 E9.98147
G1 X70.785 Y82.432 E10.00788
G1 X71.215 Y82.861 E10.03709
G1 X71.24 Y82.337 E10.06232
G1 X70.785 Y81.883 E10.09323
G1 X70.785 Y81.334 E10.11964
G1 X71.358 Y81.907 E10.15861
G1 X71.58 Y81.58 E10.17762
G1 X70.785 Y80.785 E10.23169
G1 X71.334 Y80.785 E10.2581
G1 X71.907 Y81.358 E10.29707
G1 X72.324 Y81.227 E10.31809
G1 X71.883 Y80.785 E10.34812
G1 X72.432 Y80.785 E10.37453
G1 X72.861 Y81.215 E10.40374
G1 X73.41 Y81.215 E10.43015
G1 X72.981 Y80.785 E10.45936
G1 X73.53 Y80.785 E10.48577
G1 X73.959 Y81.215 E10.51498
G1 X74.508 Y81.215 E10.54139
G1 X74.079 Y80.785 E10.5706
G1 X74.627 Y80.785 E10.59696
G1 X75.056 Y81.215 E10.62617
G1 X75.605 Y81.215 E10.65258
G1 X75.176 Y80.785 E10.68179
G1 X75.725 Y80.785 E10.7082
G1 X76.154 Y81.215 E10.73741
G1 X76.703 Y81.215 E10.76382
G1 X76.274 Y80.785 E10.79303
G1 X76.823 Y80.785 E10.81944
G1 X77.252 Y81.215 E10.84865
G1 X77.801 Y81.215 E10.87506
G1 X77.372 Y80.785 E10.90427
G1 X77.92 Y80.785 E10.93063
G1 X78.35 Y81.215 E10.95988
G1 X78.898 Y81.215 E10.98624
G1 X78.469 Y80.785 E11.01545
G1 X79.018 Y80.785 E11.04186
G1 X79.447 Y81.215 E11.07107
G1 X79.996 Y81.215 E11.09748
G1 X79.567 Y80.785 E11.12669
G1 X80.116 Y80.785 E11.1531
G1 X80.545 Y81.215 E11.18231
G1 X81.094 Y81.215 E11.20872
G1 X80.665 Y80.785 E11.23793
G1 X81.214 Y80.785 E11.26434
G1 X81.643 Y81.215 E11.29355
G1 X82.192 Y81.215 E11.31996
G1 X81.762 Y80.785 E11.34921
G1 X82.311 Y80.785 E11.37562
G1 X82.74 Y81.215 E11.40483
G1 X83.289 Y81.215 E11.43124
G1 X82.86 Y80.785 E11.46045
G1 X83.409 Y80.785 E11.48686
G1 X83.838 Y81.215 E11.51607
G1 X84.387 Y81.215 E11.54248
G1 X83.958 Y80.785 E11.57169
G1 X84.507 Y80.785 E11.5981
G1 X84.936 Y81.215 E11.62731
G1 X85.485 Y81.215 E11.65372
G1 X85.056 Y80.785 E11.68293
G1 X85.604 Y80.785 E11.70929
G1 X86.034 Y81.215 E11.73854
G1 X86.582 Y81.215 E11.7649
G1 X86.153 Y80.785 E11.79411
G1 X86.702 Y80.785 E11.82052
G1 X87.131 Y81.215 E11.84973
G1 X87.68 Y81.215 E11.87614
G1 X87.251 Y80.785 E11.90535
G1 X87.8 Y80.785 E11.93176
G1 X88.229 Y81.215 E11.96097
G1 X88.778 Y81.215 E11.98738
G1 X88.349 Y80.785 E12.01659
G1 X88.898 Y80.785 E12.043
G1 X89.327 Y81.215 E12.07221
G1 X89.875 Y81.215 E12.09857
G1 X89.446 Y80.785 E12.12778
G1 X89.995 Y80.785 E12.15419
G1 X90.424 Y81.215 E12.1834
G1 X90.973 Y81.215 E12.20981
G1 X90.544 Y80.785 E12.23902
G1 X91.093 Y80.785 E12.26543
G1 X91.522 Y81.215 E12.29464
G1 X92.071 Y81.215 E12.32105
G1 X91.642 Y80.785 E12.35026
G1 X92.191 Y80.785 E12.37667
G1 X92.62 Y81.215 E12.40588
G1 X93.169 Y81.215 E12.43229
G1 X92.739 Y80.785 E12.46154
G1 X93.288 Y80.785 E12.48795
G1 X93.717 Y81.215 E12.51716
G1 X94.266 Y81.215 E12.54357
G1 X93.837 Y80.785 E12.57278
G1 X94.386 Y80.785 E12.59919
G1 X94.815 Y81.215 E12.6284
G1 X95.364 Y81.215 E12.65481
G1 X94.935 Y80.785 E12.68402
G1 X95.484 Y80.785 E12.71043
G1 X95.913 Y81.215 E12.73964
G1 X96.462 Y81.215 E12.76605
G1 X96.033 Y80.785 E12.79526
G1 X96.581 Y80.785 E12.82162
G1 X97.011 Y81.215 E12.85087
G1 X97.564 Y81.219 E12.87747
G1 X97.13 Y80.785 E12.90699
G1 X97.679 Y80.785 E12.9334
G1 X99.215 Y82.321 E13.03788
G1 X99.215 Y81.772 E13.06429
G1 X98.228 Y80.785 E13.13142
G1 X98.777 Y80.785 E13.15783
G1 X99.388 Y81.397 E13.19942
G1 E11.19942 F2400
G92 E0
G1 X74.812 Y84.779 F7800
G1 E2 F2400
;TYPE:External perimeter
;WIDTH:0.583165
G1 F1800
G1 X74.876 Y84.765 E2.00424
;WIDTH:0.545178
G1 X74.968 Y84.746 E2.00987
;WIDTH:0.507191
G1 X95.032 Y84.746 E3.118
;WIDTH:0.545178
G1 X95.124 Y84.765 E3.12363
;WIDTH:0.583165
G1 X95.216 Y84.784 E3.12971
G1 X95.235 Y84.876 E3.13579
;WIDTH:0.545178
G1 X95.254 Y84.968 E3.14142
;WIDTH:0.507191
G1 X95.254 Y105.032 E4.24955
;WIDTH:0.545178
G1 X95.235 Y105.124 E4.25518
;WIDTH:0.583165
G1 X95.216 Y105.216 E4.26126
G1 X95.124 Y105.235 E4.26734
;WIDTH:0.545178
G1 X95.032 Y105.254 E4.27297
;WIDTH:0.507191
G1 X74.968 Y105.254 E5.3811
;WIDTH:0.545178
G1 X74.876 Y105.235 E5.38673
;WIDTH:0.583165
G1 X74.784 Y105.216 E5.39281
G1 X74.765 Y105.124 E5.39889
;WIDTH:0.545178
G1 X74.746 Y105.032 E5.40452
;WIDTH:0.507191
G1 X74.746 Y84.968 E6.51265
;WIDTH:0.545178
G1 X74.765 Y84.876 E6.51828
;WIDTH:0.583165
G1 X74.778 Y84.816 E6.52225
G1 X75.173 Y84.752 F7800
G1 E4.52225 F2400
G92 E0
G1 X95.658 Y105.658 F7800
G1 E2 F2400
G1 F1800
G1 X95.345 Y105.677 E2.02029
;WIDTH:0.545178
G1 X95.032 Y105.696 E2.03909
;WIDTH:0.507191
G1 X74.968 Y105.696 E3.14722
;WIDTH:0.545178
G1 X74.655 Y105.677 E3.16602
;WIDTH:0.583165
G1 X74.342 Y105.658 E3.18631
G1 X74.323 Y105.345 E3.2066
;WIDTH:0.545178
G1 X74.304 Y105.032 E3.2254
;WIDTH:0.507191
G1 X74.304 Y84.968 E4.33353
;WIDTH:0.545178
G1 X74.323 Y84.655 E4.35233
;WIDTH:0.583165
G1 X74.342 Y84.342 E4.37262
G1 X74.655 Y84.323 E4.39291
;WIDTH:0.545178
G1 X74.968 Y84.304 E4.41171
;WIDTH:0.507191
G1 X95.032 Y84.304 E5.51984
;WIDTH:0.545178
G1 X95.345 Y84.323 E5.53864
;WIDTH:0.583165
G1 X95.658 Y84.342 E5.55893
G1 X95.658 Y84.601 E5.57569
G1 X95.677 Y84.784 E5.58759
;WIDTH:0.545178
G1 X95.696 Y84.968 E5.59868
;WIDTH:0.507191
G1 X95.696 Y105.032 E6.70681
;WIDTH:0.510546
G1 X95.695 Y105.109 E6.7111
;WIDTH:0.546855
G1 X95.677 Y105.384 E6.72768
;WIDTH:0.583165
G1 X95.662 Y105.599 E6.74163
G1 X95.271 Y105.68 F7800
;LAYER_CHANGE
;Z:4.85
;HEIGHT:0.3
G1 E4.74163 F2400
G92 E0
G1 Z4.85 F7800
G1 X98.21 Y108.217
G1 E2 F2400
;TYPE:Perimeter
;WIDTH:0.45
G1 F3600
G1 X97.915 Y108.417 E2.01714
G1 X97.532 Y108.496 E2.03595
G1 X72.468 Y108.496 E3.24144
G1 X72.085 Y108.417 E3.26025
G1 X71.786 Y108.214 E3.27763
G1 X71.583 Y107.915 E3.29501
G1 X71.504 Y107.532 E3.31382
G1 X71.504 Y82.468 E4.51931
G1 X71.583 Y82.085 E4.53812
G1 X71.786 Y81.786 E4.5555
G1 X72.085 Y81.583 E4.57288
G1 X72.468 Y81.504 E4.59169
G1 X97.532 Y81.504 E5.79718
G1 X97.915 Y81.583 E5.81599
G1 X98.214 Y81.786 E5.83337
G1 X98.417 Y82.085 E5.85075
G1 X98.496 Y82.468 E5.86956
G1 X98.496 Y107.532 E7.07505
G1 X98.417 Y107.915 E7.09386
G1 X98.245 Y108.169 E7.10861
G1 X97.943 Y107.938 F7800
G1 F3600
G1 X97.941 Y107.941 E7.10878
G1 X97.762 Y108.063 E7.1192
G1 X97.532 Y108.111 E7.1305
G1 X72.468 Y108.111 E8.33599
G1 X72.238 Y108.063 E8.34729
G1 X72.059 Y107.941 E8.35771
G1 X71.937 Y107.762 E8.36813
G1 X71.889 Y107.532 E8.37943
G1 X71.889 Y82.468 E9.58492
G1 X71.937 Y82.238 E9.59622
G1 X72.059 Y82.059 E9.60664
G1 X72.238 Y81.937 E9.61706
G1 X72.468 Y81.889 E9.62836
G1 X97.532 Y81.889 E10.83385
G1 X97.762 Y81.937 E10.84515
G1 X97.941 Y82.059 E10.85557
G1 X98.063 Y82.238 E10.86599
G1 X98.111 Y82.468 E10.87729
G1 X98.111 Y107.532 E12.08278
G1 X98.063 Y107.762 E12.09408
G1 X97.977 Y107.889 E12.10146
G1 X97.662 Y107.671 F7800
;TYPE:External perimeter
G1 F1800
G1 X97.532 Y107.725 E12.10823
G1 X72.468 Y107.725 E13.31372
G1 X72.331 Y107.669 E13.32084
G1 X72.275 Y107.532 E13.32796
G1 X72.275 Y82.468 E14.53345
G1 X72.331 Y82.331 E14.54057
G1 X72.468 Y82.275 E14.54769
G1 X97.532 Y82.275 E15.75318
G1 X97.669 Y82.331 E15.7603
G1 X97.725 Y82.468 E15.76742
G1 X97.725 Y107.532 E16.97291
G1 X97.689 Y107.62 E16.97748
G1 X97.301 Y107.718 F7800
G1 E14.97748 F2400
G92 E0
G1 X70.496 Y80.496 F7800
G1 E2 F2400
;TYPE:Perimeter
G1 F3600
G1 X99.504 Y80.496 E3.39518
G1 X99.504 Y81.252 E3.43154
G1 X99.504 Y109.504 E4.79036
G1 X70.496 Y109.504 E6.18554
G1 X70.496 Y80.556 E7.57784
G1 X70.111 Y80.111 F7800
G1 F3600
G1 X99.889 Y80.111 E9.01006
G1 X99.889 Y81.252 E9.06494
G1 X99.889 Y109.889 E10.44228
G1 X70.111 Y109.889 E11.8745
G1 X70.111 Y80.171 E13.30383
G1 X69.725 Y79.725 F7800
;TYPE:External perimeter
G1 F1800
G1 X100.275 Y79.725 E14.77318
G1 X100.275 Y81.252 E14.84662
G1 X100.275 Y110.275 E16.24253
G1 X69.725 Y110.275 E17.71188
G1 X69.725 Y79.785 E19.17834
G1 X70.121 Y79.726 F7800
G1 X71.397 Y80.612
;TYPE:Internal infill
;WIDTH:0.45
G1 F4200
G1 X70.785 Y81.223 E19.21993
G1 X70.785 Y81.772 E19.24634
G1 X71.772 Y80.785 E19.31347
G1 X72.321 Y80.785 E19.33988
G1 X70.785 Y82.321 E19.44436
G1 X70.785 Y82.87 E19.47077
G1 X71.219 Y82.436 E19.50029
G1 X71.316 Y81.97 E19.52318
G1 X71.58 Y81.58 E19.54583
G1 X71.966 Y81.318 E19.56827
G1 X72.438 Y81.217 E19.59149
G1 X72.87 Y80.785 E19.62087
G1 X73.419 Y80.785 E19.64728
G1 X72.989 Y81.215 E19.67653
G1 X73.538 Y81.215 E19.70294
G1 X73.967 Y80.785 E19.73215
G1 X74.516 Y80.785 E19.75856
G1 X74.087 Y81.215 E19.78777
G1 X74.636 Y81.215 E19.81418
G1 X75.065 Y80.785 E19.84339
G1 X75.614 Y80.785 E19.8698
G1 X75.185 Y81.215 E19.89901
G1 X75.734 Y81.215 E19.92542
G1 X76.163 Y80.785 E19.95463
G1 X76.712 Y80.785 E19.98104
G1 X76.283 Y81.215 E20.01025
G1 X76.831 Y81.215 E20.03661
G1 X77.261 Y80.785 E20.06586
G1 X77.809 Y80.785 E20.09222
G1 X77.38 Y81.215 E20.12143
G1 X77.929 Y81.215 E20.14784
G1 X78.358 Y80.785 E20.17705
G1 X78.907 Y80.785 E20.20346
G1 X78.478 Y81.215 E20.23267
G1 X79.027 Y81.215 E20.25908
G1 X79.456 Y80.785 E20.28829
G1 X80.005 Y80.785 E20.3147
G1 X79.576 Y81.215 E20.34391
G1 X80.125 Y81.215 E20.37032
G1 X80.554 Y80.785 E20.39953
G1 X81.102 Y80.785 E20.42589
G1 X80.673 Y81.215 E20.4551
G1 X81.222 Y81.215 E20.48151
G1 X81.651 Y80.785 E20.51072
G1 X82.2 Y80.785 E20.53713
G1 X81.771 Y81.215 E20.56634
G1 X82.32 Y81.215 E20.59275
G1 X82.749 Y80.785 E20.62196
G1 X83.298 Y80.785 E20.64837
G1 X82.869 Y81.215 E20.67758
G1 X83.418 Y81.215 E20.70399
G1 X83.847 Y80.785 E20.7332
G1 X84.396 Y80.785 E20.75961
G1 X83.966 Y81.215 E20.78886
G1 X84.515 Y81.215 E20.81527
G1 X84.944 Y80.785 E20.84448
G1 X85.493 Y80.785 E20.87089
G1 X85.064 Y81.215 E20.9001
G1 X85.613 Y81.215 E20.92651
G1 X86.042 Y80.785 E20.95572
G1 X86.591 Y80.785 E20.98213
G1 X86.162 Y81.215 E21.01134
G1 X86.711 Y81.215 E21.03775
G1 X87.14 Y80.785 E21.06696
G1 X87.689 Y80.785 E21.09337
G1 X87.26 Y81.215 E21.12258
G1 X87.808 Y81.215 E21.14894
G1 X88.238 Y80.785 E21.17819
G1 X88.786 Y80.785 E21.20455
G1 X88.357 Y81.215 E21.23376
G1 X88.906 Y81.215 E21.26017
G1 X89.335 Y80.785 E21.28938
G1 X89.884 Y80.785 E21.31579
G1 X89.455 Y81.215 E21.345
G1 X90.004 Y81.215 E21.37141
G1 X90.433 Y80.785 E21.40062
G1 X90.982 Y80.785 E21.42703
G1 X90.553 Y81.215 E21.45624
G1 X91.102 Y81.215 E21.48265
G1 X91.531 Y80.785 E21.51186
G1 X92.079 Y80.785 E21.53822
G1 X91.65 Y81.215 E21.56743
G1 X92.199 Y81.215 E21.59384
G1 X92.628 Y80.785 E21.62305
G1 X93.177 Y80.785 E21.64946
G1 X92.748 Y81.215 E21.67867
G1 X93.297 Y81.215 E21.70508
G1 X93.726 Y80.785 E21.73429
G1 X94.275 Y80.785 E21.7607
G1 X93.846 Y81.215 E21.78991
G1 X94.395 Y81.215 E21.81632
G1 X94.824 Y80.785 E21.84553
G1 X95.373 Y80.785 E21.87194
G1 X94.943 Y81.215 E21.90119
G1 X95.492 Y81.215 E21.9276
G1 X95.921 Y80.785 E21.95681
G1 X96.47 Y80.785 E21.98322
G1 X96.041 Y81.215 E22.01243
G1 X96.59 Y81.215 E22.03884
G1 X97.019 Y80.785 E22.06805
G1 X97.568 Y80.785 E22.09446
G1 X97.139 Y81.215 E22.12367
G1 X97.663 Y81.24 E22.1489
G1 X98.117 Y80.785 E22.17981
G1 X98.666 Y80.785 E22.20622
G1 X98.093 Y81.358 E22.24519
G1 X98.42 Y81.58 E22.2642
G1 X99.215 Y80.785 E22.31827
G1 X99.215 Y81.334 E22.34468
G1 X98.642 Y81.907 E22.38365
G1 X98.76 Y82.337 E22.4051
G1 X99.215 Y81.883 E22.43601
G1 X99.215 Y82.432 E22.46242
G1 X98.785 Y82.861 E22.49163
G1 X98.785 Y83.41 E22.51804
G1 X99.215 Y82.981 E22.54725
G1 X99.215 Y83.53 E22.57366
G1 X98.785 Y83.959 E22.60287
G1 X98.785 Y84.508 E22.62928
G1 X99.215 Y84.079 E22.65849
G1 X99.215 Y84.627 E22.68485
G1 X98.785 Y85.056 E22.71406
G1 X98.785 Y85.605 E22.74047
G1 X99.215 Y85.176 E22.76968
G1 X99.215 Y85.725 E22.79609
G1 X98.785 Y86.154 E22.8253
G1 X98.785 Y86.703 E22.85171
G1 X99.215 Y86.274 E22.88092
G1 X99.215 Y86.823 E22.90733
G1 X98.785 Y87.252 E22.93654
G1 X98.785 Y87.801 E22.96295
G1 X99.215 Y87.372 E22.99216
G1 X99.215 Y87.921 E23.01857
G1 X98.785 Y88.35 E23.04778
G1 X98.785 Y88.898 E23.07414
G1 X99.215 Y88.469 E23.10335
G1 X99.215 Y89.018 E23.12976
G1 X98.785 Y89.447 E23.15897
G1 X98.785 Y89.996 E23.18538
G1 X99.215 Y89.567 E23.21459
G1 X99.215 Y90.116 E23.241
G1 X98.785 Y90.545 E23.27021
G1 X98.785 Y91.094 E23.29662
G1 X99.215 Y90.665 E23.32583
G1 X99.215 Y91.214 E23.35224
G1 X98.785 Y91.643 E23.38145
G1 X98.785 Y92.192 E23.40786
G1 X99.215 Y91.762 E23.43711
G1 X99.215 Y92.311 E23.46352
G1 X98.785 Y92.74 E23.49273
G1 X98.785 Y93.289 E23.51914
G1 X99.215 Y92.86 E23.54835
G1 X99.215 Y93.409 E23.57476
G1 X98.785 Y93.838 E23.60397
G1 X98.785 Y94.387 E23.63038
G1 X99.215 Y93.958 E23.65959
G1 X99.215 Y94.507 E23.686
G1 X98.785 Y94.936 E23.71521
G1 X98.785 Y95.485 E23.74162
G1 X99.215 Y95.056 E23.77083
G1 X99.215 Y95.604 E23.79719
G1 X98.785 Y96.034 E23.82644
G1 X98.785 Y96.582 E23.8528
G1 X99.215 Y96.153 E23.88201
G1 X99.215 Y96.702 E23.90842
G1 X98.785 Y97.131 E23.93763
G1 X98.785 Y97.68 E23.96404
G1 X99.215 Y97.251 E23.99325
G1 X99.215 Y97.8 E24.01966
G1 X98.785 Y98.229 E24.04887
G1 X98.785 Y98.778 E24.07528
G1 X99.215 Y98.349 E24.10449
G1 X99.215 Y98.898 E24.1309
G1 X98.785 Y99.327 E24.16011
G1 X98.785 Y99.875 E24.18647
G1 X99.215 Y99.446 E24.21568
G1 X99.215 Y99.995 E24.24209
G1 X98.785 Y100.424 E24.2713
G1 X98.785 Y100.973 E24.29771
G1 X99.215 Y100.544 E24.32692
G1 X99.215 Y101.093 E24.35333
G1 X98.785 Y101.522 E24.38254
G1 X98.785 Y102.071 E24.40895
G1 X99.215 Y101.642 E24.43816
G1 X99.215 Y102.191 E24.46457
G1 X98.785 Y102.62 E24.49378
G1 X98.785 Y103.169 E24.52019
G1 X99.215 Y102.739 E24.54944
G1 X99.215 Y103.288 E24.57585
G1 X98.785 Y103.717 E24.60506
G1 X98.785 Y104.266 E24.63147
G1 X99.215 Y103.837 E24.66068
G1 X99.215 Y104.386 E24.68709
G1 X98.785 Y104.815 E24.7163
G1 X98.785 Y105.364 E24.74271
G1 X99.215 Y104.935 E24.77192
G1 X99.215 Y105.484 E24.79833
G1 X98.785 Y105.913 E24.82754
G1 X98.785 Y106.462 E24.85395
G1 X99.215 Y106.033 E24.88316
G1 X99.215 Y106.581 E24.90952
G1 X98.785 Y107.011 E24.93877
G1 X98.783 Y107.562 E24.96527
G1 X99.215 Y107.13 E24.99465
G1 X99.215 Y107.679 E25.02106
G1 X97.679 Y109.215 E25.12554
G1 X98.228 Y109.215 E25.15195
G1 X99.215 Y108.228 E25.21908
G1 X99.215 Y108.777 E25.24549
G1 X98.603 Y109.388 E25.28708
G1 X96.957 Y109.388 F7800
G1 F4200
G1 X97.562 Y108.783 E25.32823
G1 X97.011 Y108.785 E25.35473
G1 X96.581 Y109.215 E25.38398
G1 X96.033 Y109.215 E25.41034
G1 X96.462 Y108.785 E25.43955
G1 X95.913 Y108.785 E25.46596
G1 X95.484 Y109.215 E25.49517
G1 X94.935 Y109.215 E25.52158
G1 X95.364 Y108.785 E25.55079
G1 X94.815 Y108.785 E25.5772
G1 X94.386 Y109.215 E25.60641
G1 X93.837 Y109.215 E25.63282
G1 X94.266 Y108.785 E25.66203
G1 X93.717 Y108.785 E25.68844
G1 X93.288 Y109.215 E25.71765
G1 X92.739 Y109.215 E25.74406
G1 X93.169 Y108.785 E25.77331
G1 X92.62 Y108.785 E25.79972
G1 X92.191 Y109.215 E25.82893
G1 X91.642 Y109.215 E25.85534
G1 X92.071 Y108.785 E25.88455
G1 X91.522 Y108.785 E25.91096
G1 X91.093 Y109.215 E25.94017
G1 X90.544 Y109.215 E25.96658
G1 X90.973 Y108.785 E25.99579
G1 X90.424 Y108.785 E26.0222
G1 X89.995 Y109.215 E26.05141
G1 X89.446 Y109.215 E26.07782
G1 X89.875 Y108.785 E26.10703
G1 X89.327 Y108.785 E26.13339
G1 X88.898 Y109.215 E26.1626
G1 X88.349 Y109.215 E26.18901
G1 X88.778 Y108.785 E26.21822
G1 X88.229 Y108.785 E26.24463
G1 X87.8 Y109.215 E26.27384
G1 X87.251 Y109.215 E26.30025
G1 X87.68 Y108.785 E26.32946
G1 X87.131 Y108.785 E26.35587
G1 X86.702 Y109.215 E26.38508
G1 X86.153 Y109.215 E26.41149
G1 X86.582 Y108.785 E26.4407
G1 X86.034 Y108.785 E26.46706
G1 X85.604 Y109.215 E26.49631
G1 X85.056 Y109.215 E26.52267
G1 X85.485 Y108.785 E26.55188
G1 X84.936 Y108.785 E26.57829
G1 X84.507 Y109.215 E26.6075
G1 X83.958 Y109.215 E26.63391
G1 X84.387 Y108.785 E26.66312
G1 X83.838 Y108.785 E26.68953
G1 X83.409 Y109.215 E26.71874
G1 X82.86 Y109.215 E26.74515
G1 X83.289 Y108.785 E26.77436
G1 X82.74 Y108.785 E26.80077
G1 X82.311 Y109.215 E26.82998
G1 X81.762 Y109.215 E26.85639
G1 X82.192 Y108.785 E26.88564
G1 X81.643 Y108.785 E26.91205
G1 X81.214 Y109.215 E26.94126
G1 X80.665 Y109.215 E26.96767
G1 X81.094 Y108.785 E26.99688
G1 X80.545 Y108.785 E27.02329
G1 X80.116 Y109.215 E27.0525
G1 X79.567 Y109.215 E27.07891
G1 X79.996 Y108.785 E27.10812
G1 X79.447 Y108.785 E27.13453
G1 X79.018 Y109.215 E27.16374
G1 X78.469 Y109.215 E27.19015
G1 X78.898 Y108.785 E27.21936
G1 X78.35 Y108.785 E27.24572
G1 X77.92 Y109.215 E27.27497
G1 X77.372 Y109.215 E27.30133
G1 X77.801 Y108.785 E27.33054
G1 X77.252 Y108.785 E27.35695
G1 X76.823 Y109.215 E27.38616
G1 X76.274 Y109.215 E27.41257
G1 X76.703 Y108.785 E27.44178
G1 X76.154 Y108.785 E27.46819
G1 X75.725 Y109.215 E27.4974
G1 X75.176 Y109.215 E27.52381
G1 X75.605 Y108.785 E27.55302
G1 X75.056 Y108.785 E27.57943
G1 X74.627 Y109.215 E27.60864
G1 X74.079 Y109.215 E27.635
G1 X74.508 Y108.785 E27.66421
G1 X73.959 Y108.785 E27.69062
G1 X73.53 Y109.215 E27.71983
G1 X72.981 Y109.215 E27.74624
G1 X73.41 Y108.785 E27.77545
G1 X72.861 Y108.785 E27.80186
G1 X72.432 Y109.215 E27.83107
G1 X71.883 Y109.215 E27.85748
G1 X72.337 Y108.76 E27.88839
G1 X71.907 Y108.642 E27.90984
G1 X71.334 Y109.215 E27.94881
G1 X70.785 Y109.215 E27.97522
G1 X71.58 Y108.42 E28.02929
G1 X71.358 Y108.093 E28.0483
G1 X70.785 Y108.666 E28.08727
G1 X70.785 Y108.117 E28.11368
G1 X71.227 Y107.676 E28.14371
G1 X71.215 Y107.139 E28.16954
G1 X70.785 Y107.568 E28.19875
G1 X70.785 Y107.019 E28.22516
G1 X71.215 Y106.59 E28.25437
G1 X71.215 Y106.041 E28.28078
G1 X70.785 Y106.47 E28.30999
G1 X70.785 Y105.921 E28.3364
G1 X71.215 Y105.492 E28.36561
G1 X71.215 Y104.943 E28.39202
G1 X70.785 Y105.373 E28.42127
G1 X70.785 Y104.824 E28.44768
G1 X71.215 Y104.395 E28.47689
G1 X71.215 Y103.846 E28.5033
G1 X70.785 Y104.275 E28.53251
G1 X70.785 Y103.726 E28.55892
G1 X71.215 Y103.297 E28.58813
G1 X71.215 Y102.748 E28.61454
G1 X70.785 Y103.177 E28.64375
G1 X70.785 Y102.628 E28.67016
G1 X71.215 Y102.199 E28.69937
G1 X71.215 Y101.65 E28.72578
G1 X70.785 Y102.079 E28.75499
G1 X70.785 Y101.531 E28.78135
G1 X71.215 Y101.102 E28.81056
G1 X71.215 Y100.553 E28.83697
G1 X70.785 Y100.982 E28.86618
G1 X70.785 Y100.433 E28.89259
G1 X71.215 Y100.004 E28.9218
G1 X71.215 Y99.455 E28.94821
G1 X70.785 Y99.884 E28.97742
G1 X70.785 Y99.335 E29.00383
G1 X71.215 Y98.906 E29.03304
G1 X71.215 Y98.357 E29.05945
G1 X70.785 Y98.786 E29.08866
G1 X70.785 Y98.238 E29.11502
G1 X71.215 Y97.808 E29.14427
G1 X71.215 Y97.26 E29.17063
G1 X70.785 Y97.689 E29.19984
G1 X70.785 Y97.14 E29.22625
G1 X71.215 Y96.711 E29.25546
G1 X71.215 Y96.162 E29.28187
G1 X70.785 Y96.591 E29.31108
G1 X70.785 Y96.042 E29.33749
G1 X71.215 Y95.613 E29.3667
G1 X71.215 Y95.064 E29.39311
G1 X70.785 Y95.493 E29.42232
G1 X70.785 Y94.944 E29.44873
G1 X71.215 Y94.515 E29.47794
G1 X71.215 Y93.966 E29.50435
G1 X70.785 Y94.396 E29.5336
G1 X70.785 Y93.847 E29.56001
G1 X71.215 Y93.418 E29.58922
G1 X71.215 Y92.869 E29.61563
G1 X70.785 Y93.298 E29.64484
G1 X70.785 Y92.749 E29.67125
G1 X71.215 Y92.32 E29.70046
G1 X71.215 Y91.771 E29.72687
G1 X70.785 Y92.2 E29.75608
G1 X70.785 Y91.651 E29.78249
G1 X71.215 Y91.222 E29.8117
G1 X71.215 Y90.673 E29.83811
G1 X70.785 Y91.102 E29.86732
G1 X70.785 Y90.554 E29.89368
G1 X71.215 Y90.125 E29.92289
G1 X71.215 Y89.576 E29.9493
G1 X70.785 Y90.005 E29.97851
G1 X70.785 Y89.456 E30.00492
G1 X71.215 Y89.027 E30.03413
G1 X71.215 Y88.478 E30.06054
G1 X70.785 Y88.907 E30.08975
G1 X70.785 Y88.358 E30.11616
G1 X71.215 Y87.929 E30.14537
G1 X71.215 Y87.38 E30.17178
G1 X70.785 Y87.809 E30.20099
G1 X70.785 Y87.261 E30.22735
G1 X71.215 Y86.831 E30.2566
G1 X71.215 Y86.283 E30.28296
G1 X70.785 Y86.712 E30.31217
G1 X70.785 Y86.163 E30.33858
G1 X71.215 Y85.734 E30.36779
G1 X71.215 Y85.185 E30.3942
G1 X70.785 Y85.614 E30.42341
G1 X70.785 Y85.065 E30.44982
G1 X71.215 Y84.636 E30.47903
G1 X71.215 Y84.087 E30.50544
G1 X70.785 Y84.516 E30.53465
G1 X70.785 Y83.967 E30.56106
G1 X71.215 Y83.538 E30.59027
G1 X71.215 Y82.989 E30.61668
G1 X70.612 Y83.592 E30.6577
G1 E28.6577 F2400
G92 E0
G1 X74.812 Y84.779 F7800
G1 E2 F2400
;TYPE:External perimeter
;WIDTH:0.583165
G1 F1800
G1 X74.876 Y84.765 E2.00424
;WIDTH:0.545178
G1 X74.968 Y84.746 E2.00987
;WIDTH:0.507191
G1 X95.032 Y84.746 E3.118
;WIDTH:0.545178
G1 X95.124 Y84.765 E3.12363
;WIDTH:0.583165
G1 X95.216 Y84.784 E3.12971
G1 X95.235 Y84.876 E3.13579
;WIDTH:0.545178
G1 X95.254 Y84.968 E3.14142
;WIDTH:0.507191
G1 X95.254 Y105.032 E4.24955
;WIDTH:0.545178
G1 X95.235 Y105.124 E4.25518
;WIDTH:0.583165
G1 X95.216 Y105.216 E4.26126
G1 X95.124 Y105.235 E4.26734
;WIDTH:0.545178
G1 X95.032 Y105.254 E4.27297
;WIDTH:0.507191
G1 X74.968 Y105.254 E5.3811
;WIDTH:0.545178
G1 X74.876 Y105.235 E5.38673
;WIDTH:0.583165
G1 X74.784 Y105.216 E5.39281
G1 X74.765 Y105.124 E5.39889
;WIDTH:0.545178
G1 X74.746 Y105.032 E5.40452
;WIDTH:0.507191
G1 X74.746 Y84.968 E6.51265
;WIDTH:0.545178
G1 X74.765 Y84.876 E6.51828
;WIDTH:0.583165
G1 X74.778 Y84.816 E6.52225
G1 X75.173 Y84.752 F7800
G1 E4.52225 F2400
G92 E0
G1 X95.658 Y105.658 F7800
G1 E2 F2400
G1 F1800
G1 X95.345 Y105.677 E2.02029
;WIDTH:0.545178
G1 X95.032 Y105.696 E2.03909
;WIDTH:0.507191
G1 X74.968 Y105.696 E3.14722
;WIDTH:0.545178
G1 X74.655 Y105.677 E3.16602
;WIDTH:0.583165
G1 X74.342 Y105.658 E3.18631
G1 X74.323 Y105.345 E3.2066
;WIDTH:0.545178
G1 X74.304 Y105.032 E3.2254
;WIDTH:0.507191
G1 X74.304 Y84.968 E4.33353
;WIDTH:0.545178
G1 X74.323 Y84.655 E4.35233
;WIDTH:0.583165
G1 X74.342 Y84.342 E4.37262
G1 X74.655 Y84.323 E4.39291
;WIDTH:0.545178
G1 X74.968 Y84.304 E4.41171
;WIDTH:0.507191
G1 X95.032 Y84.304 E5.51984
;WIDTH:0.545178
G1 X95.345 Y84.323 E5.53864
;WIDTH:0.583165
G1 X95.658 Y84.342 E5.55893
G1 X95.658 Y84.601 E5.57569
G1 X95.677 Y84.784 E5.58759
;WIDTH:0.545178
G1 X95.696 Y84.968 E5.59868
;WIDTH:0.507191
G1 X95.696 Y105.032 E6.70681
;WIDTH:0.510546
G1 X95.695 Y105.109 E6.7111
;WIDTH:0.546855
G1 X95.677 Y105.384 E6.72768
;WIDTH:0.583165
G1 X95.662 Y105.599 E6.74163
G1 X95.271 Y105.68 F7800
;LAYER_CHANGE
;Z:5.15
;HEIGHT:0.3
G1 E4.74163 F2400
G92 E0
G1 Z5.15 F7800
G1 X98.21 Y108.217
G1 E2 F2400
;TYPE:Perimeter
;WIDTH:0.45
G1 F3600
G1 X97.915 Y108.417 E2.01714
G1 X97.532 Y108.496 E2.03595
G1 X72.468 Y108.496 E3.24144
G1 X72.085 Y108.417 E3.26025
G1 X71.786 Y108.214 E3.27763
G1 X71.583 Y107.915 E3.29501
G1 X71.504 Y107.532 E3.31382
G1 X71.504 Y82.468 E4.51931
G1 X71.583 Y82.085 E4.53812
G1 X71.786 Y81.786 E4.5555
G1 X72.085 Y81.583 E4.57288
G1 X72.468 Y81.504 E4.59169
G1 X97.532 Y81.504 E5.79718
G1 X97.915 Y81.583 E5.81599
G1 X98.214 Y81.786 E5.83337
G1 X98.417 Y82.085 E5.85075
G1 X98.496 Y82.468 E5.86956
G1 X98.496 Y107.532 E7.07505
G1 X98.417 Y107.915 E7.09386
G1 X98.245 Y108.169 E7.10861
G1 X97.943 Y107.938 F7800
G1 F3600
G1 X97.941 Y107.941 E7.10878
G1 X97.762 Y108.063 E7.1192
G1 X97.532 Y108.111 E7.1305
G1 X72.468 Y108.111 E8.33599
G1 X72.238 Y108.063 E8.34729
G1 X72.059 Y107.941 E8.35771
G1 X71.937 Y107.762 E8.36813
G1 X71.889 Y107.532 E8.37943
G1 X71.889 Y82.468 E9.58492
G1 X71.937 Y82.238 E9.59622
G1 X72.059 Y82.059 E9.60664
G1 X72.238 Y81.937 E9.61706
G1 X72.468 Y81.889 E9.62836
G1 X97.532 Y81.889 E10.83385
G1 X97.762 Y81.937 E10.84515
G1 X97.941 Y82.059 E10.85557
G1 X98.063 Y82.238 E10.86599
G1 X98.111 Y82.468 E10.87729
G1 X98.111 Y107.532 E12.08278
G1 X98.063 Y107.762 E12.09408
G1 X97.977 Y107.889 E12.10146
G1 X97.671 Y107.662 F7800
;TYPE:External perimeter
G1 F1800
G1 X97.669 Y107.669 E12.10181
G1 X97.532 Y107.725 E12.10893
G1 X72.468 Y107.725 E13.31442
G1 X72.331 Y107.669 E13.32154
G1 X72.275 Y107.532 E13.32866
G1 X72.275 Y82.468 E14.53415
G1 X72.331 Y82.331 E14.54127
G1 X72.468 Y82.275 E14.54839
G1 X97.532 Y82.275 E15.75388
G1 X97.669 Y82.331 E15.761
G1 X97.725 Y82.468 E15.76812
G1 X97.725 Y107.532 E16.97361
G1 X97.694 Y107.607 E16.97751
G1 X97.31 Y107.718 F7800
G1 E14.97751 F2400
G92 E0
G1 X70.496 Y80.496 F7800
G1 E2 F2400
;TYPE:Perimeter
G1 F3600
G1 X99.504 Y80.496 E3.39518
G1 X99.504 Y81.252 E3.43154
G1 X99.504 Y109.504 E4.79036
G1 X70.496 Y109.504 E6.18554
G1 X70.496 Y80.556 E7.57784
G1 X70.111 Y80.111 F7800
G1 F3600
G1 X99.889 Y80.111 E9.01006
G1 X99.889 Y81.252 E9.06494
G1 X99.889 Y109.889 E10.44228
G1 X70.111 Y109.889 E11.8745
G1 X70.111 Y80.171 E13.30383
G1 X69.725 Y79.725 F7800
;TYPE:External perimeter
G1 F1800
G1 X100.275 Y79.725 E14.77318
G1 X100.275 Y81.252 E14.84662
G1 X100.275 Y110.275 E16.24253
G1 X69.725 Y110.275 E17.71188
G1 X69.725 Y79.785 E19.17834
G1 X70.121 Y79.726 F7800
G1 E17.17834 F2400
G92 E0
G1 X70.612 Y108.603 F7800
G1 E2 F2400
;TYPE:Internal infill
;WIDTH:0.45
G1 F4200
G1 X71.223 Y109.215 E2.04159
G1 X71.772 Y109.215 E2.068
G1 X70.785 Y108.228 E2.13513
G1 X70.785 Y107.679 E2.16154
G1 X72.494 Y109.388 E2.27778
G1 E.27778 F2400
G92 E0
G1 X99.388 Y83.043 F7800
G1 E2 F2400
G1 F4200
G1 X98.781 Y82.436 E2.04129
G1 X98.785 Y82.989 E2.06789
G1 X99.215 Y83.419 E2.09714
G1 X99.215 Y83.967 E2.1235
G1 X98.785 Y83.538 E2.15271
G1 X98.785 Y84.087 E2.17912
G1 X99.215 Y84.516 E2.20833
G1 X99.215 Y85.065 E2.23474
G1 X98.785 Y84.636 E2.26395
G1 X98.785 Y85.185 E2.29036
G1 X99.215 Y85.614 E2.31957
G1 X99.215 Y86.163 E2.34598
G1 X98.785 Y85.734 E2.37519
G1 X98.785 Y86.283 E2.4016
G1 X99.215 Y86.712 E2.43081
G1 X99.215 Y87.261 E2.45722
G1 X98.785 Y86.831 E2.48647
G1 X98.785 Y87.38 E2.51288
G1 X99.215 Y87.809 E2.54209
G1 X99.215 Y88.358 E2.5685
G1 X98.785 Y87.929 E2.59771
G1 X98.785 Y88.478 E2.62412
G1 X99.215 Y88.907 E2.65333
G1 X99.215 Y89.456 E2.67974
G1 X98.785 Y89.027 E2.70895
G1 X98.785 Y89.576 E2.73536
G1 X99.215 Y90.005 E2.76457
G1 X99.215 Y90.554 E2.79098
G1 X98.785 Y90.125 E2.82019
G1 X98.785 Y90.673 E2.84655
G1 X99.215 Y91.102 E2.87576
G1 X99.215 Y91.651 E2.90217
G1 X98.785 Y91.222 E2.93138
G1 X98.785 Y91.771 E2.95779
G1 X99.215 Y92.2 E2.987
G1 X99.215 Y92.749 E3.01341
G1 X98.785 Y92.32 E3.04262
G1 X98.785 Y92.869 E3.06903
G1 X99.215 Y93.298 E3.09824
G1 X99.215 Y93.847 E3.12465
G1 X98.785 Y93.418 E3.15386
G1 X98.785 Y93.966 E3.18022
G1 X99.215 Y94.396 E3.20947
G1 X99.215 Y94.944 E3.23583
G1 X98.785 Y94.515 E3.26504
G1 X98.785 Y95.064 E3.29145
G1 X99.215 Y95.493 E3.32066
G1 X99.215 Y96.042 E3.34707
G1 X98.785 Y95.613 E3.37628
G1 X98.785 Y96.162 E3.40269
G1 X99.215 Y96.591 E3.4319
G1 X99.215 Y97.14 E3.45831
G1 X98.785 Y96.711 E3.48752
G1 X98.785 Y97.26 E3.51393
G1 X99.215 Y97.689 E3.54314
G1 X99.215 Y98.238 E3.56955
G1 X98.785 Y97.808 E3.5988
G1 X98.785 Y98.357 E3.62521
G1 X99.215 Y98.786 E3.65442
G1 X99.215 Y99.335 E3.68083
G1 X98.785 Y98.906 E3.71004
G1 X98.785 Y99.455 E3.73645
G1 X99.215 Y99.884 E3.76566
G1 X99.215 Y100.433 E3.79207
G1 X98.785 Y100.004 E3.82128
G1 X98.785 Y100.553 E3.84769
G1 X99.215 Y100.982 E3.8769
G1 X99.215 Y101.531 E3.90331
G1 X98.785 Y101.102 E3.93252
G1 X98.785 Y101.65 E3.95888
G1 X99.215 Y102.08 E3.98813
G1 X99.215 Y102.628 E4.01449
G1 X98.785 Y102.199 E4.0437
G1 X98.785 Y102.748 E4.07011
G1 X99.215 Y103.177 E4.09932
G1 X99.215 Y103.726 E4.12573
G1 X98.785 Y103.297 E4.15494
G1 X98.785 Y103.846 E4.18135
G1 X99.215 Y104.275 E4.21056
G1 X99.215 Y104.824 E4.23697
G1 X98.785 Y104.395 E4.26618
G1 X98.785 Y104.944 E4.29259
G1 X99.215 Y105.373 E4.3218
G1 X99.215 Y105.921 E4.34816
G1 X98.785 Y105.492 E4.37737
G1 X98.785 Y106.041 E4.40378
G1 X99.215 Y106.47 E4.43299
G1 X99.215 Y107.019 E4.4594
G1 X98.785 Y106.59 E4.48861
G1 X98.785 Y107.139 E4.51502
G1 X99.215 Y107.568 E4.54423
G1 X99.215 Y108.117 E4.57064
G1 X98.773 Y107.676 E4.60067
G1 X98.642 Y108.093 E4.62169
G1 X99.215 Y108.666 E4.66066
G1 X99.215 Y109.215 E4.68707
G1 X98.42 Y108.42 E4.74114
G1 X98.093 Y108.642 E4.76015
G1 X98.666 Y109.215 E4.79912
G1 X98.117 Y109.215 E4.82553
G1 X97.676 Y108.773 E4.85556
G1 X97.139 Y108.785 E4.88139
G1 X97.568 Y109.215 E4.9106
G1 X97.019 Y109.215 E4.93701
G1 X96.59 Y108.785 E4.96622
G1 X96.041 Y108.785 E4.99263
G1 X96.47 Y109.215 E5.02184
G1 X95.921 Y109.215 E5.04825
G1 X95.492 Y108.785 E5.07746
G1 X94.943 Y108.785 E5.10387
G1 X95.373 Y109.215 E5.13312
G1 X94.824 Y109.215 E5.15953
G1 X94.395 Y108.785 E5.18874
G1 X93.846 Y108.785 E5.21515
G1 X94.275 Y109.215 E5.24436
G1 X93.726 Y109.215 E5.27077
G1 X93.297 Y108.785 E5.29998
G1 X92.748 Y108.785 E5.32639
G1 X93.177 Y109.215 E5.3556
G1 X92.628 Y109.215 E5.38201
G1 X92.199 Y108.785 E5.41122
G1 X91.65 Y108.785 E5.43763
G1 X92.079 Y109.215 E5.46684
G1 X91.531 Y109.215 E5.4932
G1 X91.102 Y108.785 E5.52241
G1 X90.553 Y108.785 E5.54882
G1 X90.982 Y109.215 E5.57803
G1 X90.433 Y109.215 E5.60444
G1 X90.004 Y108.785 E5.63365
G1 X89.455 Y108.785 E5.66006
G1 X89.884 Y109.215 E5.68927
G1 X89.335 Y109.215 E5.71568
G1 X88.906 Y108.785 E5.74489
G1 X88.357 Y108.785 E5.7713
G1 X88.786 Y109.215 E5.80051
G1 X88.238 Y109.215 E5.82687
G1 X87.808 Y108.785 E5.85612
G1 X87.26 Y108.785 E5.88248
G1 X87.689 Y109.215 E5.91169
G1 X87.14 Y109.215 E5.9381
G1 X86.711 Y108.785 E5.96731
G1 X86.162 Y108.785 E5.99372
G1 X86.591 Y109.215 E6.02293
G1 X86.042 Y109.215 E6.04934
G1 X85.613 Y108.785 E6.07855
G1 X85.064 Y108.785 E6.10496
G1 X85.493 Y109.215 E6.13417
G1 X84.944 Y109.215 E6.16058
G1 X84.515 Y108.785 E6.18979
G1 X83.966 Y108.785 E6.2162
G1 X84.396 Y109.215 E6.24545
G1 X83.847 Y109.215 E6.27186
G1 X83.418 Y108.785 E6.30107
G1 X82.869 Y108.785 E6.32748
G1 X83.298 Y109.215 E6.35669
G1 X82.749 Y109.215 E6.3831
G1 X82.32 Y108.785 E6.41231
G1 X81.771 Y108.785 E6.43872
G1 X82.2 Y109.215 E6.46793
G1 X81.651 Y109.215 E6.49434
G1 X81.222 Y108.785 E6.52355
G1 X80.673 Y108.785 E6.54996
G1 X81.102 Y109.215 E6.57917
G1 X80.554 Y109.215 E6.60553
G1 X80.125 Y108.785 E6.63474
G1 X79.576 Y108.785 E6.66115
G1 X80.005 Y109.215 E6.69036
G1 X79.456 Y109.215 E6.71677
G1 X79.027 Y108.785 E6.74598
G1 X78.478 Y108.785 E6.77239
G1 X78.907 Y109.215 E6.8016
G1 X78.358 Y109.215 E6.82801
G1 X77.929 Y108.785 E6.85722
G1 X77.38 Y108.785 E6.88363
G1 X77.809 Y109.215 E6.91284
G1 X77.261 Y109.215 E6.9392
G1 X76.831 Y108.785 E6.96845
G1 X76.283 Y108.785 E6.99481
G1 X76.712 Y109.215 E7.02402
G1 X76.163 Y109.215 E7.05043
G1 X75.734 Y108.785 E7.07964
G1 X75.185 Y108.785 E7.10605
G1 X75.614 Y109.215 E7.13526
G1 X75.065 Y109.215 E7.16167
G1 X74.636 Y108.785 E7.19088
G1 X74.087 Y108.785 E7.21729
G1 X74.516 Y109.215 E7.2465
G1 X73.967 Y109.215 E7.27291
G1 X73.538 Y108.785 E7.30212
G1 X72.989 Y108.785 E7.32853
G1 X73.419 Y109.215 E7.35778
G1 X72.87 Y109.215 E7.38419
G1 X72.436 Y108.781 E7.41371
G1 X71.97 Y108.684 E7.4366
G1 X71.58 Y108.42 E7.45925
G1 X71.318 Y108.034 E7.48169
G1 X71.217 Y107.562 E7.50491
G1 X70.785 Y107.13 E7.53429
G1 X70.785 Y106.581 E7.5607
G1 X71.215 Y107.011 E7.58995
G1 X71.215 Y106.462 E7.61636
G1 X70.785 Y106.033 E7.64557
G1 X70.785 Y105.484 E7.67198
G1 X71.215 Y105.913 E7.70119
G1 X71.215 Y105.364 E7.7276
G1 X70.785 Y104.935 E7.75681
G1 X70.785 Y104.386 E7.78322
G1 X71.215 Y104.815 E7.81243
G1 X71.215 Y104.266 E7.83884
G1 X70.785 Y103.837 E7.86805
G1 X70.785 Y103.288 E7.89446
G1 X71.215 Y103.717 E7.92367
G1 X71.215 Y103.169 E7.95003
G1 X70.785 Y102.739 E7.97928
G1 X70.785 Y102.191 E8.00564
G1 X71.215 Y102.62 E8.03485
G1 X71.215 Y102.071 E8.06126
G1 X70.785 Y101.642 E8.09047
G1 X70.785 Y101.093 E8.11688
G1 X71.215 Y101.522 E8.14609
G1 X71.215 Y100.973 E8.1725
G1 X70.785 Y100.544 E8.20171
G1 X70.785 Y99.995 E8.22812
G1 X71.215 Y100.424 E8.25733
G1 X71.215 Y99.875 E8.28374
G1 X70.785 Y99.446 E8.31295
G1 X70.785 Y98.898 E8.33931
G1 X71.215 Y99.327 E8.36852
G1 X71.215 Y98.778 E8.39493
G1 X70.785 Y98.349 E8.42414
G1 X70.785 Y97.8 E8.45055
G1 X71.215 Y98.229 E8.47976
G1 X71.215 Y97.68 E8.50617
G1 X70.785 Y97.251 E8.53538
G1 X70.785 Y96.702 E8.56179
G1 X71.215 Y97.131 E8.591
G1 X71.215 Y96.582 E8.61741
G1 X70.785 Y96.153 E8.64662
G1 X70.785 Y95.604 E8.67303
G1 X71.215 Y96.034 E8.70228
G1 X71.215 Y95.485 E8.72869
G1 X70.785 Y95.056 E8.7579
G1 X70.785 Y94.507 E8.78431
G1 X71.215 Y94.936 E8.81352
G1 X71.215 Y94.387 E8.83993
G1 X70.785 Y93.958 E8.86914
G1 X70.785 Y93.409 E8.89555
G1 X71.215 Y93.838 E8.92476
G1 X71.215 Y93.289 E8.95117
G1 X70.785 Y92.86 E8.98038
G1 X70.785 Y92.311 E9.00679
G1 X71.215 Y92.74 E9.036
G1 X71.215 Y92.192 E9.06236
G1 X70.785 Y91.762 E9.09161
G1 X70.785 Y91.214 E9.11797
G1 X71.215 Y91.643 E9.14718
G1 X71.215 Y91.094 E9.17359
G1 X70.785 Y90.665 E9.2028
G1 X70.785 Y90.116 E9.22921
G1 X71.215 Y90.545 E9.25842
G1 X71.215 Y89.996 E9.28483
G1 X70.785 Y89.567 E9.31404
G1 X70.785 Y89.018 E9.34045
G1 X71.215 Y89.447 E9.36966
G1 X71.215 Y88.898 E9.39607
G1 X70.785 Y88.469 E9.42528
G1 X70.785 Y87.921 E9.45164
G1 X71.215 Y88.35 E9.48085
G1 X71.215 Y87.801 E9.50726
G1 X70.785 Y87.372 E9.53647
G1 X70.785 Y86.823 E9.56288
G1 X71.215 Y87.252 E9.59209
G1 X71.215 Y86.703 E9.6185
G1 X70.785 Y86.274 E9.64771
G1 X70.785 Y85.725 E9.67412
G1 X71.215 Y86.154 E9.70333
G1 X71.215 Y85.605 E9.72974
G1 X70.785 Y85.176 E9.75895
G1 X70.785 Y84.627 E9.78536
G1 X71.215 Y85.057 E9.81461
G1 X71.215 Y84.508 E9.84102
G1 X70.785 Y84.079 E9.87023
G1 X70.785 Y83.53 E9.89664
G1 X71.215 Y83.959 E9.92585
G1 X71.215 Y83.41 E9.95226
G1 X70.785 Y82.981 E9.98147
G1 X70.785 Y82.432 E10.00788
G1 X71.215 Y82.861 E10.03709
G1 X71.24 Y82.337 E10.06232
G1 X70.785 Y81.883 E10.09323
G1 X70.785 Y81.334 E10.11964
G1 X71.358 Y81.907 E10.15861
G1 X71.58 Y81.58 E10.17762
G1 X70.785 Y80.785 E10.23169
G1 X71.334 Y80.785 E10.2581
G1 X71.907 Y81.358 E10.29707
G1 X72.324 Y81.227 E10.31809
G1 X71.883 Y80.785 E10.34812
G1 X72.432 Y80.785 E10.37453
G1 X72.861 Y81.215 E10.40374
G1 X73.41 Y81.215 E10.43015
G1 X72.981 Y80.785 E10.45936
G1 X73.53 Y80.785 E10.48577
G1 X73.959 Y81.215 E10.51498
G1 X74.508 Y81.215 E10.54139
G1 X74.079 Y80.785 E10.5706
G1 X74.627 Y80.785 E10.59696
G1 X75.056 Y81.215 E10.62617
G1 X75.605 Y81.215 E10.65258
G1 X75.176 Y80.785 E10.68179
G1 X75.725 Y80.785 E10.7082
G1 X76.154 Y81.215 E10.73741
G1 X76.703 Y81.215 E10.76382
G1 X76.274 Y80.785 E10.79303
G1 X76.823 Y80.785 E10.81944
G1 X77.252 Y81.215 E10.84865
G1 X77.801 Y81.215 E10.87506
G1 X77.372 Y80.785 E10.90427
G1 X77.92 Y80.785 E10.93063
G1 X78.35 Y81.215 E10.95988
G1 X78.898 Y81.215 E10.98624
G1 X78.469 Y80.785 E11.01545
G1 X79.018 Y80.785 E11.04186
G1 X79.447 Y81.215 E11.07107
G1 X79.996 Y81.215 E11.09748
G1 X79.567 Y80.785 E11.12669
G1 X80.116 Y80.785 E11.1531
G1 X80.545 Y81.215 E11.18231
G1 X81.094 Y81.215 E11.20872
G1 X80.665 Y80.785 E11.23793
G1 X81.214 Y80.785 E11.26434
G1 X81.643 Y81.215 E11.29355
G1 X82.192 Y81.215 E11.31996
G1 X81.762 Y80.785 E11.34921
G1 X82.311 Y80.785 E11.37562
G1 X82.74 Y81.215 E11.40483
G1 X83.289 Y81.215 E11.43124
G1 X82.86 Y80.785 E11.46045
G1 X83.409 Y80.785 E11.48686
G1 X83.838 Y81.215 E11.51607
G1 X84.387 Y81.215 E11.54248
G1 X83.958 Y80.785 E11.57169
G1 X84.507 Y80.785 E11.5981
G1 X84.936 Y81.215 E11.62731
G1 X85.485 Y81.215 E11.65372
G1 X85.056 Y80.785 E11.68293
G1 X85.604 Y80.785 E11.70929
G1 X86.034 Y81.215 E11.73854
G1 X86.582 Y81.215 E11.7649
G1 X86.153 Y80.785 E11.79411
G1 X86.702 Y80.785 E11.82052
G1 X87.131 Y81.215 E11.84973
G1 X87.68 Y81.215 E11.87614
G1 X87.251 Y80.785 E11.90535
G1 X87.8 Y80.785 E11.93176
G1 X88.229 Y81.215 E11.96097
G1 X88.778 Y81.215 E11.98738
G1 X88.349 Y80.785 E12.01659
G1 X88.898 Y80.785 E12.043
G1 X89.327 Y81.215 E12.07221
G1 X89.875 Y81.215 E12.09857
G1 X89.446 Y80.785 E12.12778
G1 X89.995 Y80.785 E12.15419
G1 X90.424 Y81.215 E12.1834
G1 X90.973 Y81.215 E12.20981
G1 X90.544 Y80.785 E12.23902
G1 X91.093 Y80.785 E12.26543
G1 X91.522 Y81.215 E12.29464
G1 X92.071 Y81.215 E12.32105
G1 X91.642 Y80.785 E12.35026
G1 X92.191 Y80.785 E12.37667
G1 X92.62 Y81.215 E12.40588
G1 X93.169 Y81.215 E12.43229
G1 X92.739 Y80.785 E12.46154
G1 X93.288 Y80.785 E12.48795
G1 X93.717 Y81.215 E12.51716
G1 X94.266 Y81.215 E12.54357
G1 X93.837 Y80.785 E12.57278
G1 X94.386 Y80.785 E12.59919
G1 X94.815 Y81.215 E12.6284
G1 X95.364 Y81.215 E12.65481
G1 X94.935 Y80.785 E12.68402
G1 X95.484 Y80.785 E12.71043
G1 X95.913 Y81.215 E12.73964
G1 X96.462 Y81.215 E12.76605
G1 X96.033 Y80.785 E12.79526
G1 X96.581 Y80.785 E12.82162
G1 X97.011 Y81.215 E12.85087
G1 X97.564 Y81.219 E12.87747
G1 X97.13 Y80.785 E12.90699
G1 X97.679 Y80.785 E12.9334
G1 X99.215 Y82.321 E13.03788
G1 X99.215 Y81.772 E13.06429
G1 X98.228 Y80.785 E13.13142
G1 X98.777 Y80.785 E13.15783
G1 X99.388 Y81.397 E13.19942
G1 E11.19942 F2400
G92 E0
G1 X74.812 Y84.779 F7800
G1 E2 F2400
;TYPE:External perimeter
;WIDTH:0.583165
G1 F1800
G1 X74.876 Y84.765 E2.00424
;WIDTH:0.545178
G1 X74.968 Y84.746 E2.00987
;WIDTH:0.507191
G1 X95.032 Y84.746 E3.118
;WIDTH:0.545178
G1 X95.124 Y84.765 E3.12363
;WIDTH:0.583165
G1 X95.216 Y84.784 E3.12971
G1 X95.235 Y84.876 E3.13579
;WIDTH:0.545178
G1 X95.254 Y84.968 E3.14142
;WIDTH:0.507191
G1 X95.254 Y105.032 E4.24955
;WIDTH:0.545178
G1 X95.235 Y105.124 E4.25518
;WIDTH:0.583165
G1 X95.216 Y105.216 E4.26126
G1 X95.124 Y105.235 E4.26734
;WIDTH:0.545178
G1 X95.032 Y105.254 E4.27297
;WIDTH:0.507191
G1 X74.968 Y105.254 E5.3811
;WIDTH:0.545178
G1 X74.876 Y105.235 E5.38673
;WIDTH:0.583165
G1 X74.784 Y105.216 E5.39281
G1 X74.765 Y105.124 E5.39889
;WIDTH:0.545178
G1 X74.746 Y105.032 E5.40452
;WIDTH:0.507191
G1 X74.746 Y84.968 E6.51265
;WIDTH:0.545178
G1 X74.765 Y84.876 E6.51828
;WIDTH:0.583165
G1 X74.778 Y84.816 E6.52225
G1 X75.173 Y84.752 F7800
G1 E4.52225 F2400
G92 E0
G1 X95.658 Y105.658 F7800
G1 E2 F2400
G1 F1800
G1 X95.345 Y105.677 E2.02029
;WIDTH:0.545178
G1 X95.032 Y105.696 E2.03909
;WIDTH:0.507191
G1 X74.968 Y105.696 E3.14722
;WIDTH:0.545178
G1 X74.655 Y105.677 E3.16602
;WIDTH:0.583165
G1 X74.342 Y105.658 E3.18631
G1 X74.323 Y105.345 E3.2066
;WIDTH:0.545178
G1 X74.304 Y105.032 E3.2254
;WIDTH:0.507191
G1 X74.304 Y84.968 E4.33353
;WIDTH:0.545178
G1 X74.323 Y84.655 E4.35233
;WIDTH:0.583165
G1 X74.342 Y84.342 E4.37262
G1 X74.655 Y84.323 E4.39291
;WIDTH:0.545178
G1 X74.968 Y84.304 E4.41171
;WIDTH:0.507191
G1 X95.032 Y84.304 E5.51984
;WIDTH:0.545178
G1 X95.345 Y84.323 E5.53864
;WIDTH:0.583165
G1 X95.658 Y84.342 E5.55893
G1 X95.658 Y84.601 E5.57569
G1 X95.677 Y84.784 E5.58759
;WIDTH:0.545178
G1 X95.696 Y84.968 E5.59868
;WIDTH:0.507191
G1 X95.696 Y105.032 E6.70681
;WIDTH:0.510546
G1 X95.695 Y105.109 E6.7111
;WIDTH:0.546855
G1 X95.677 Y105.384 E6.72768
;WIDTH:0.583165
G1 X95.662 Y105.599 E6.74163
G1 X95.271 Y105.68 F7800
;LAYER_CHANGE
;Z:5.45
;HEIGHT:0.3
G1 E4.74163 F2400
G92 E0
G1 Z5.45 F7800
G1 X98.21 Y108.217
G1 E2 F2400
;TYPE:Perimeter
;WIDTH:0.45
G1 F3600
G1 X97.915 Y108.417 E2.01714
G1 X97.532 Y108.496 E2.03595
G1 X72.468 Y108.496 E3.24144
G1 X72.085 Y108.417 E3.26025
G1 X71.786 Y108.214 E3.27763
G1 X71.583 Y107.915 E3.29501
G1 X71.504 Y107.532 E3.31382
G1 X71.504 Y82.468 E4.51931
G1 X71.583 Y82.085 E4.53812
G1 X71.786 Y81.786 E4.5555
G1 X72.085 Y81.583 E4.57288
G1 X72.468 Y81.504 E4.59169
G1 X97.532 Y81.504 E5.79718
G1 X97.915 Y81.583 E5.81599
G1 X98.214 Y81.786 E5.83337
G1 X98.417 Y82.085 E5.85075
G1 X98.496 Y82.468 E5.86956
G1 X98.496 Y107.532 E7.07505
G1 X98.417 Y107.915 E7.09386
G1 X98.245 Y108.169 E7.10861
G1 X97.943 Y107.938 F7800
G1 F3600
G1 X97.941 Y107.941 E7.10878
G1 X97.762 Y108.063 E7.1192
G1 X97.532 Y108.111 E7.1305
G1 X72.468 Y108.111 E8.33599
G1 X72.238 Y108.063 E8.34729
G1 X72.059 Y107.941 E8.35771
G1 X71.937 Y107.762 E8.36813
G1 X71.889 Y107.532 E8.37943
G1 X71.889 Y82.468 E9.58492
G1 X71.937 Y82.238 E9.59622
G1 X72.059 Y82.059 E9.60664
G1 X72.238 Y81.937 E9.61706
G1 X72.468 Y81.889 E9.62836
G1 X97.532 Y81.889 E10.83385
G1 X97.762 Y81.937 E10.84515
G1 X97.941 Y82.059 E10.85557
G1 X98.063 Y82.238 E10.86599
G1 X98.111 Y82.468 E10.87729
G1 X98.111 Y107.532 E12.08278
G1 X98.063 Y107.762 E12.09408
G1 X97.977 Y107.889 E12.10146
G1 X97.671 Y107.662 F7800
;TYPE:External perimeter
G1 F1800
G1 X97.669 Y107.669 E12.10181
G1 X97.532 Y107.725 E12.10893
G1 X72.468 Y107.725 E13.31442
G1 X72.331 Y107.669 E13.32154
G1 X72.275 Y107.532 E13.32866
G1 X72.275 Y82.468 E14.53415
G1 X72.331 Y82.331 E14.54127
G1 X72.468 Y82.275 E14.54839
G1 X97.532 Y82.275 E15.75388
G1 X97.669 Y82.331 E15.761
G1 X97.725 Y82.468 E15.76812
G1 X97.725 Y107.532 E16.97361
G1 X97.694 Y107.607 E16.97751
G1 X97.31 Y107.718 F7800
G1 E14.97751 F2400
G92 E0
G1 X70.496 Y80.496 F7800
G1 E2 F2400
;TYPE:Perimeter
G1 F3600
G1 X99.504 Y80.496 E3.39518
G1 X99.504 Y81.252 E3.43154
G1 X99.504 Y109.504 E4.79036
G1 X70.496 Y109.504 E6.18554
G1 X70.496 Y80.556 E7.57784
G1 X70.111 Y80.111 F7800
G1 F3600
G1 X99.889 Y80.111 E9.01006
G1 X99.889 Y81.252 E9.06494
G1 X99.889 Y109.889 E10.44228
G1 X70.111 Y109.889 E11.8745
G1 X70.111 Y80.171 E13.30383
G1 X69.725 Y79.725 F7800
;TYPE:External perimeter
G1 F1800
G1 X100.275 Y79.725 E14.77318
G1 X100.275 Y81.252 E14.84662
G1 X100.275 Y110.275 E16.24253
G1 X69.725 Y110.275 E17.71188
G1 X69.725 Y79.785 E19.17834
G1 X70.121 Y79.726 F7800
G1 X71.397 Y80.612
;TYPE:Internal infill
;WIDTH:0.45
G1 F4200
G1 X70.785 Y81.223 E19.21993
G1 X70.785 Y81.772 E19.24634
G1 X71.772 Y80.785 E19.31347
G1 X72.321 Y80.785 E19.33988
G1 X70.612 Y82.494 E19.45612
G1 E17.45612 F2400
G92 E0
G1 X96.957 Y109.388 F7800
G1 E2 F2400
G1 F4200
G1 X97.562 Y108.783 E2.04115
G1 X97.011 Y108.785 E2.06765
G1 X96.581 Y109.215 E2.0969
G1 X96.033 Y109.215 E2.12326
G1 X96.462 Y108.785 E2.15247
G1 X95.913 Y108.785 E2.17888
G1 X95.484 Y109.215 E2.20809
G1 X94.935 Y109.215 E2.2345
G1 X95.364 Y108.785 E2.26371
G1 X94.815 Y108.785 E2.29012
G1 X94.386 Y109.215 E2.31933
G1 X93.837 Y109.215 E2.34574
G1 X94.266 Y108.785 E2.37495
G1 X93.717 Y108.785 E2.40136
G1 X93.288 Y109.215 E2.43057
G1 X92.739 Y109.215 E2.45698
G1 X93.169 Y108.785 E2.48623
G1 X92.62 Y108.785 E2.51264
G1 X92.191 Y109.215 E2.54185
G1 X91.642 Y109.215 E2.56826
G1 X92.071 Y108.785 E2.59747
G1 X91.522 Y108.785 E2.62388
G1 X91.093 Y109.215 E2.65309
G1 X90.544 Y109.215 E2.6795
G1 X90.973 Y108.785 E2.70871
G1 X90.424 Y108.785 E2.73512
G1 X89.995 Y109.215 E2.76433
G1 X89.446 Y109.215 E2.79074
G1 X89.875 Y108.785 E2.81995
G1 X89.327 Y108.785 E2.84631
G1 X88.898 Y109.215 E2.87552
G1 X88.349 Y109.215 E2.90193
G1 X88.778 Y108.785 E2.93114
G1 X88.229 Y108.785 E2.95755
G1 X87.8 Y109.215 E2.98676
G1 X87.251 Y109.215 E3.01317
G1 X87.68 Y108.785 E3.04238
G1 X87.131 Y108.785 E3.06879
G1 X86.702 Y109.215 E3.098
G1 X86.153 Y109.215 E3.12441
G1 X86.582 Y108.785 E3.15362
G1 X86.034 Y108.785 E3.17998
G1 X85.604 Y109.215 E3.20923
G1 X85.056 Y109.215 E3.23559
G1 X85.485 Y108.785 E3.2648
G1 X84.936 Y108.785 E3.29121
G1 X84.507 Y109.215 E3.32042
G1 X83.958 Y109.215 E3.34683
G1 X84.387 Y108.785 E3.37604
G1 X83.838 Y108.785 E3.40245
G1 X83.409 Y109.215 E3.43166
G1 X82.86 Y109.215 E3.45807
G1 X83.289 Y108.785 E3.48728
G1 X82.74 Y108.785 E3.51369
G1 X82.311 Y109.215 E3.5429
G1 X81.762 Y109.215 E3.56931
G1 X82.192 Y108.785 E3.59856
G1 X81.643 Y108.785 E3.62497
G1 X81.214 Y109.215 E3.65418
G1 X80.665 Y109.215 E3.68059
G1 X81.094 Y108.785 E3.7098
G1 X80.545 Y108.785 E3.73621
G1 X80.116 Y109.215 E3.76542
G1 X79.567 Y109.215 E3.79183
G1 X79.996 Y108.785 E3.82104
G1 X79.447 Y108.785 E3.84745
G1 X79.018 Y109.215 E3.87666
G1 X78.469 Y109.215 E3.90307
G1 X78.898 Y108.785 E3.93228
G1 X78.35 Y108.785 E3.95864
G1 X77.92 Y109.215 E3.98789
G1 X77.372 Y109.215 E4.01425
G1 X77.801 Y108.785 E4.04346
G1 X77.252 Y108.785 E4.06987
G1 X76.823 Y109.215 E4.09908
G1 X76.274 Y109.215 E4.12549
G1 X76.703 Y108.785 E4.1547
G1 X76.154 Y108.785 E4.18111
G1 X75.725 Y109.215 E4.21032
G1 X75.176 Y109.215 E4.23673
G1 X75.605 Y108.785 E4.26594
G1 X75.056 Y108.785 E4.29235
G1 X74.627 Y109.215 E4.32156
G1 X74.079 Y109.215 E4.34792
G1 X74.508 Y108.785 E4.37713
G1 X73.959 Y108.785 E4.40354
G1 X73.53 Y109.215 E4.43275
G1 X72.981 Y109.215 E4.45916
G1 X73.41 Y108.785 E4.48837
G1 X72.861 Y108.785 E4.51478
G1 X72.432 Y109.215 E4.54399
G1 X71.883 Y109.215 E4.5704
G1 X72.337 Y108.76 E4.60131
G1 X71.907 Y108.642 E4.62276
G1 X71.334 Y109.215 E4.66173
G1 X70.785 Y109.215 E4.68814
G1 X71.58 Y108.42 E4.74221
G1 X71.358 Y108.093 E4.76122
G1 X70.785 Y108.666 E4.80019
G1 X70.785 Y108.117 E4.8266
G1 X71.227 Y107.676 E4.85663
G1 X71.215 Y107.139 E4.88246
G1 X70.785 Y107.568 E4.91167
G1 X70.785 Y107.019 E4.93808
G1 X71.215 Y106.59 E4.96729
G1 X71.215 Y106.041 E4.9937
G1 X70.785 Y106.47 E5.02291
G1 X70.785 Y105.921 E5.04932
G1 X71.215 Y105.492 E5.07853
G1 X71.215 Y104.943 E5.10494
G1 X70.785 Y105.373 E5.13419
G1 X70.785 Y104.824 E5.1606
G1 X71.215 Y104.395 E5.18981
G1 X71.215 Y103.846 E5.21622
G1 X70.785 Y104.275 E5.24543
G1 X70.785 Y103.726 E5.27184
G1 X71.215 Y103.297 E5.30105
G1 X71.215 Y102.748 E5.32746
G1 X70.785 Y103.177 E5.35667
G1 X70.785 Y102.628 E5.38308
G1 X71.215 Y102.199 E5.41229
G1 X71.215 Y101.65 E5.4387
G1 X70.785 Y102.079 E5.46791
G1 X70.785 Y101.531 E5.49427
G1 X71.215 Y101.102 E5.52348
G1 X71.215 Y100.553 E5.54989
G1 X70.785 Y100.982 E5.5791
G1 X70.785 Y100.433 E5.60551
G1 X71.215 Y100.004 E5.63472
G1 X71.215 Y99.455 E5.66113
G1 X70.785 Y99.884 E5.69034
G1 X70.785 Y99.335 E5.71675
G1 X71.215 Y98.906 E5.74596
G1 X71.215 Y98.357 E5.77237
G1 X70.785 Y98.786 E5.80158
G1 X70.785 Y98.238 E5.82794
G1 X71.215 Y97.808 E5.85719
G1 X71.215 Y97.26 E5.88355
G1 X70.785 Y97.689 E5.91276
G1 X70.785 Y97.14 E5.93917
G1 X71.215 Y96.711 E5.96838
G1 X71.215 Y96.162 E5.99479
G1 X70.785 Y96.591 E6.024
G1 X70.785 Y96.042 E6.05041
G1 X71.215 Y95.613 E6.07962
G1 X71.215 Y95.064 E6.10603
G1 X70.785 Y95.493 E6.13524
G1 X70.785 Y94.944 E6.16165
G1 X71.215 Y94.515 E6.19086
G1 X71.215 Y93.966 E6.21727
G1 X70.785 Y94.396 E6.24652
G1 X70.785 Y93.847 E6.27293
G1 X71.215 Y93.418 E6.30214
G1 X71.215 Y92.869 E6.32855
G1 X70.785 Y93.298 E6.35776
G1 X70.785 Y92.749 E6.38417
G1 X71.215 Y92.32 E6.41338
G1 X71.215 Y91.771 E6.43979
G1 X70.785 Y92.2 E6.469
G1 X70.785 Y91.651 E6.49541
G1 X71.215 Y91.222 E6.52462
G1 X71.215 Y90.673 E6.55103
G1 X70.785 Y91.102 E6.58024
G1 X70.785 Y90.554 E6.6066
G1 X71.215 Y90.125 E6.63581
G1 X71.215 Y89.576 E6.66222
G1 X70.785 Y90.005 E6.69143
G1 X70.785 Y89.456 E6.71784
G1 X71.215 Y89.027 E6.74705
G1 X71.215 Y88.478 E6.77346
G1 X70.785 Y88.907 E6.80267
G1 X70.785 Y88.358 E6.82908
G1 X71.215 Y87.929 E6.85829
G1 X71.215 Y87.38 E6.8847
G1 X70.785 Y87.809 E6.91391
G1 X70.785 Y87.261 E6.94027
G1 X71.215 Y86.831 E6.96952
G1 X71.215 Y86.283 E6.99588
G1 X70.785 Y86.712 E7.02509
G1 X70.785 Y86.163 E7.0515
G1 X71.215 Y85.734 E7.08071
G1 X71.215 Y85.185 E7.10712
G1 X70.785 Y85.614 E7.13633
G1 X70.785 Y85.065 E7.16274
G1 X71.215 Y84.636 E7.19195
G1 X71.215 Y84.087 E7.21836
G1 X70.785 Y84.516 E7.24757
G1 X70.785 Y83.967 E7.27398
G1 X71.215 Y83.538 E7.30319
G1 X71.215 Y82.989 E7.3296
G1 X70.785 Y83.419 E7.35885
G1 X70.785 Y82.87 E7.38526
G1 X71.219 Y82.436 E7.41478
G1 X71.316 Y81.97 E7.43767
G1 X71.58 Y81.58 E7.46032
G1 X71.966 Y81.318 E7.48276
G1 X72.438 Y81.217 E7.50598
G1 X72.87 Y80.785 E7.53536
G1 X73.419 Y80.785 E7.56177
G1 X72.989 Y81.215 E7.59102
G1 X73.538 Y81.215 E7.61743
G1 X73.967 Y80.785 E7.64664
G1 X74.516 Y80.785 E7.67305
G1 X74.087 Y81.215 E7.70226
G1 X74.636 Y81.215 E7.72867
G1 X75.065 Y80.785 E7.75788
G1 X75.614 Y80.785 E7.78429
G1 X75.185 Y81.215 E7.8135
G1 X75.734 Y81.215 E7.83991
G1 X76.163 Y80.785 E7.86912
G1 X76.712 Y80.785 E7.89553
G1 X76.283 Y81.215 E7.92474
G1 X76.831 Y81.215 E7.9511
G1 X77.261 Y80.785 E7.98035
G1 X77.809 Y80.785 E8.00671
G1 X77.38 Y81.215 E8.03592
G1 X77.929 Y81.215 E8.06233
G1 X78.358 Y80.785 E8.09154
G1 X78.907 Y80.785 E8.11795
G1 X78.478 Y81.215 E8.14716
G1 X79.027 Y81.215 E8.17357
G1 X79.456 Y80.785 E8.20278
G1 X80.005 Y80.785 E8.22919
G1 X79.576 Y81.215 E8.2584
G1 X80.125 Y81.215 E8.28481
G1 X80.554 Y80.785 E8.31402
G1 X81.102 Y80.785 E8.34038
G1 X80.673 Y81.215 E8.36959
G1 X81.222 Y81.215 E8.396
G1 X81.651 Y80.785 E8.42521
G1 X82.2 Y80.785 E8.45162
G1 X81.771 Y81.215 E8.48083
G1 X82.32 Y81.215 E8.50724
G1 X82.749 Y80.785 E8.53645
G1 X83.298 Y80.785 E8.56286
G1 X82.869 Y81.215 E8.59207
G1 X83.418 Y81.215 E8.61848
G1 X83.847 Y80.785 E8.64769
G1 X84.396 Y80.785 E8.6741
G1 X83.966 Y81.215 E8.70335
G1 X84.515 Y81.215 E8.72976
G1 X84.944 Y80.785 E8.75897
G1 X85.493 Y80.785 E8.78538
G1 X85.064 Y81.215 E8.81459
G1 X85.613 Y81.215 E8.841
G1 X86.042 Y80.785 E8.87021
G1 X86.591 Y80.785 E8.89662
G1 X86.162 Y81.215 E8.92583
G1 X86.711 Y81.215 E8.95224
G1 X87.14 Y80.785 E8.98145
G1 X87.689 Y80.785 E9.00786
G1 X87.26 Y81.215 E9.03707
G1 X87.808 Y81.215 E9.06343
G1 X88.238 Y80.785 E9.09268
G1 X88.786 Y80.785 E9.11904
G1 X88.357 Y81.215 E9.14825
G1 X88.906 Y81.215 E9.17466
G1 X89.335 Y80.785 E9.20387
G1 X89.884 Y80.785 E9.23028
G1 X89.455 Y81.215 E9.25949
G1 X90.004 Y81.215 E9.2859
G1 X90.433 Y80.785 E9.31511
G1 X90.982 Y80.785 E9.34152
G1 X90.553 Y81.215 E9.37073
G1 X91.102 Y81.215 E9.39714
G1 X91.531 Y80.785 E9.42635
G1 X92.079 Y80.785 E9.45271
G1 X91.65 Y81.215 E9.48192
G1 X92.199 Y81.215 E9.50833
G1 X92.628 Y80.785 E9.53754
G1 X93.177 Y80.785 E9.56395
G1 X92.748 Y81.215 E9.59316
G1 X93.297 Y81.215 E9.61957
G1 X93.726 Y80.785 E9.64878
G1 X94.275 Y80.785 E9.67519
G1 X93.846 Y81.215 E9.7044
G1 X94.395 Y81.215 E9.73081
G1 X94.824 Y80.785 E9.76002
G1 X95.373 Y80.785 E9.78643
G1 X94.943 Y81.215 E9.81568
G1 X95.492 Y81.215 E9.84209
G1 X95.921 Y80.785 E9.8713
G1 X96.47 Y80.785 E9.89771
G1 X96.041 Y81.215 E9.92692
G1 X96.59 Y81.215 E9.95333
G1 X97.019 Y80.785 E9.98254
G1 X97.568 Y80.785 E10.00895
G1 X97.139 Y81.215 E10.03816
G1 X97.663 Y81.24 E10.06339
G1 X98.117 Y80.785 E10.0943
G1 X98.666 Y80.785 E10.12071
G1 X98.093 Y81.358 E10.15968
G1 X98.42 Y81.58 E10.17869
G1 X99.215 Y80.785 E10.23276
G1 X99.215 Y81.334 E10.25917
G1 X98.642 Y81.907 E10.29814
G1 X98.76 Y82.337 E10.31959
G1 X99.215 Y81.883 E10.3505
G1 X99.215 Y82.432 E10.37691
G1 X98.785 Y82.861 E10.40612
G1 X98.785 Y83.41 E10.43253
G1 X99.215 Y82.981 E10.46174
G1 X99.215 Y83.53 E10.48815
G1 X98.785 Y83.959 E10.51736
G1 X98.785 Y84.508 E10.54377
G1 X99.215 Y84.079 E10.57298
G1 X99.215 Y84.627 E10.59934
G1 X98.785 Y85.056 E10.62855
G1 X98.785 Y85.605 E10.65496
G1 X99.215 Y85.176 E10.68417
G1 X99.215 Y85.725 E10.71058
G1 X98.785 Y86.154 E10.73979
G1 X98.785 Y86.703 E10.7662
G1 X99.215 Y86.274 E10.79541
G1 X99.215 Y86.823 E10.82182
G1 X98.785 Y87.252 E10.85103
G1 X98.785 Y87.801 E10.87744
G1 X99.215 Y87.372 E10.90665
G1 X99.215 Y87.921 E10.93306
G1 X98.785 Y88.35 E10.96227
G1 X98.785 Y88.898 E10.98863
G1 X99.215 Y88.469 E11.01784
G1 X99.215 Y89.018 E11.04425
G1 X98.785 Y89.447 E11.07346
G1 X98.785 Y89.996 E11.09987
G1 X99.215 Y89.567 E11.12908
G1 X99.215 Y90.116 E11.15549
G1 X98.785 Y90.545 E11.1847
G1 X98.785 Y91.094 E11.21111
G1 X99.215 Y90.665 E11.24032
G1 X99.215 Y91.214 E11.26673
G1 X98.785 Y91.643 E11.29594
G1 X98.785 Y92.192 E11.32235
G1 X99.215 Y91.762 E11.3516
G1 X99.215 Y92.311 E11.37801
G1 X98.785 Y92.74 E11.40722
G1 X98.785 Y93.289 E11.43363
G1 X99.215 Y92.86 E11.46284
G1 X99.215 Y93.409 E11.48925
G1 X98.785 Y93.838 E11.51846
G1 X98.785 Y94.387 E11.54487
G1 X99.215 Y93.958 E11.57408
G1 X99.215 Y94.507 E11.60049
G1 X98.785 Y94.936 E11.6297
G1 X98.785 Y95.485 E11.65611
G1 X99.215 Y95.056 E11.68532
G1 X99.215 Y95.604 E11.71168
G1 X98.785 Y96.034 E11.74093
G1 X98.785 Y96.582 E11.76729
G1 X99.215 Y96.153 E11.7965
G1 X99.215 Y96.702 E11.82291
G1 X98.785 Y97.131 E11.85212
G1 X98.785 Y97.68 E11.87853
G1 X99.215 Y97.251 E11.90774
G1 X99.215 Y97.8 E11.93415
G1 X98.785 Y98.229 E11.96336
G1 X98.785 Y98.778 E11.98977
G1 X99.215 Y98.349 E12.01898
G1 X99.215 Y98.898 E12.04539
G1 X98.785 Y99.327 E12.0746
G1 X98.785 Y99.875 E12.10096
G1 X99.215 Y99.446 E12.13017
G1 X99.215 Y99.995 E12.15658
G1 X98.785 Y100.424 E12.18579
G1 X98.785 Y100.973 E12.2122
G1 X99.215 Y100.544 E12.24141
G1 X99.215 Y101.093 E12.26782
G1 X98.785 Y101.522 E12.29703
G1 X98.785 Y102.071 E12.32344
G1 X99.215 Y101.642 E12.35265
G1 X99.215 Y102.191 E12.37906
G1 X98.785 Y102.62 E12.40827
G1 X98.785 Y103.169 E12.43468
G1 X99.215 Y102.739 E12.46393
G1 X99.215 Y103.288 E12.49034
G1 X98.785 Y103.717 E12.51955
G1 X98.785 Y104.266 E12.54596
G1 X99.215 Y103.837 E12.57517
G1 X99.215 Y104.386 E12.60158
G1 X98.785 Y104.815 E12.63079
G1 X98.785 Y105.364 E12.6572
G1 X99.215 Y104.935 E12.68641
G1 X99.215 Y105.484 E12.71282
G1 X98.785 Y105.913 E12.74203
G1 X98.785 Y106.462 E12.76844
G1 X99.215 Y106.033 E12.79765
G1 X99.215 Y106.581 E12.82401
G1 X98.785 Y107.011 E12.85326
G1 X98.783 Y107.562 E12.87976
G1 X99.215 Y107.13 E12.90914
G1 X99.215 Y107.679 E12.93555
G1 X97.679 Y109.215 E13.04003
G1 X98.228 Y109.215 E13.06644
G1 X99.215 Y108.228 E13.13357
G1 X99.215 Y108.777 E13.15998
G1 X98.603 Y109.388 E13.20157
G1 E11.20157 F2400
G92 E0
G1 X74.812 Y84.779 F7800
G1 E2 F2400
;TYPE:External perimeter
;WIDTH:0.583165
G1 F1800
G1 X74.876 Y84.765 E2.00424
;WIDTH:0.545178
G1 X74.968 Y84.746 E2.00987
;WIDTH:0.507191
G1 X95.032 Y84.746 E3.118
;WIDTH:0.545178
G1 X95.124 Y84.765 E3.12363
;WIDTH:0.583165
G1 X95.216 Y84.784 E3.12971
G1 X95.235 Y84.876 E3.13579
;WIDTH:0.545178
G1 X95.254 Y84.968 E3.14142
;WIDTH:0.507191
G1 X95.254 Y105.032 E4.24955
;WIDTH:0.545178
G1 X95.235 Y105.124 E4.25518
;WIDTH:0.583165
G1 X95.216 Y105.216 E4.26126
G1 X95.124 Y105.235 E4.26734
;WIDTH:0.545178
G1 X95.032 Y105.254 E4.27297
;WIDTH:0.507191
G1 X74.968 Y105.254 E5.3811
;WIDTH:0.545178
G1 X74.876 Y105.235 E5.38673
;WIDTH:0.583165
G1 X74.784 Y105.216 E5.39281
G1 X74.765 Y105.124 E5.39889
;WIDTH:0.545178
G1 X74.746 Y105.032 E5.40452
;WIDTH:0.507191
G1 X74.746 Y84.968 E6.51265
;WIDTH:0.545178
G1 X74.765 Y84.876 E6.51828
;WIDTH:0.583165
G1 X74.778 Y84.816 E6.52225
G1 X75.173 Y84.752 F7800
G1 E4.52225 F2400
G92 E0
G1 X95.658 Y105.658 F7800
G1 E2 F2400
G1 F1800
G1 X95.345 Y105.677 E2.02029
;WIDTH:0.545178
G1 X95.032 Y105.696 E2.03909
;WIDTH:0.507191
G1 X74.968 Y105.696 E3.14722
;WIDTH:0.545178
G1 X74.655 Y105.677 E3.16602
;WIDTH:0.583165
G1 X74.342 Y105.658 E3.18631
G1 X74.323 Y105.345 E3.2066
;WIDTH:0.545178
G1 X74.304 Y105.032 E3.2254
;WIDTH:0.507191
G1 X74.304 Y84.968 E4.33353
;WIDTH:0.545178
G1 X74.323 Y84.655 E4.35233
;WIDTH:0.583165
G1 X74.342 Y84.342 E4.37262
G1 X74.655 Y84.323 E4.39291
;WIDTH:0.545178
G1 X74.968 Y84.304 E4.41171
;WIDTH:0.507191
G1 X95.032 Y84.304 E5.51984
;WIDTH:0.545178
G1 X95.345 Y84.323 E5.53864
;WIDTH:0.583165
G1 X95.658 Y84.342 E5.55893
G1 X95.658 Y84.601 E5.57569
G1 X95.677 Y84.784 E5.58759
;WIDTH:0.545178
G1 X95.696 Y84.968 E5.59868
;WIDTH:0.507191
G1 X95.696 Y105.032 E6.70681
;WIDTH:0.510546
G1 X95.695 Y105.109 E6.7111
;WIDTH:0.546855
G1 X95.677 Y105.384 E6.72768
;WIDTH:0.583165
G1 X95.662 Y105.599 E6.74163
G1 X95.271 Y105.68 F7800
;LAYER_CHANGE
;Z:5.75
;HEIGHT:0.3
G1 E4.74163 F2400
G92 E0
G1 Z5.75 F7800
G1 X98.21 Y108.217
G1 E2 F2400
;TYPE:Perimeter
;WIDTH:0.45
G1 F3600
G1 X97.915 Y108.417 E2.01714
G1 X97.532 Y108.496 E2.03595
G1 X72.468 Y108.496 E3.24144
G1 X72.085 Y108.417 E3.26025
G1 X71.786 Y108.214 E3.27763
G1 X71.583 Y107.915 E3.29501
G1 X71.504 Y107.532 E3.31382
G1 X71.504 Y82.468 E4.51931
G1 X71.583 Y82.085 E4.53812
G1 X71.786 Y81.786 E4.5555
G1 X72.085 Y81.583 E4.57288
G1 X72.468 Y81.504 E4.59169
G1 X97.532 Y81.504 E5.79718
G1 X97.915 Y81.583 E5.81599
G1 X98.214 Y81.786 E5.83337
G1 X98.417 Y82.085 E5.85075
G1 X98.496 Y82.468 E5.86956
G1 X98.496 Y107.532 E7.07505
G1 X98.417 Y107.915 E7.09386
G1 X98.245 Y108.169 E7.10861
G1 X97.943 Y107.938 F7800
G1 F3600
G1 X97.941 Y107.941 E7.10878
G1 X97.762 Y108.063 E7.1192
G1 X97.532 Y108.111 E7.1305
G1 X72.468 Y108.111 E8.33599
G1 X72.238 Y108.063 E8.34729
G1 X72.059 Y107.941 E8.35771
G1 X71.937 Y107.762 E8.36813
G1 X71.889 Y107.532 E8.37943
G1 X71.889 Y82.468 E9.58492
G1 X71.937 Y82.238 E9.59622
G1 X72.059 Y82.059 E9.60664
G1 X72.238 Y81.937 E9.61706
G1 X72.468 Y81.889 E9.62836
G1 X97.532 Y81.889 E10.83385
G1 X97.762 Y81.937 E10.84515
G1 X97.941 Y82.059 E10.85557
G1 X98.063 Y82.238 E10.86599
G1 X98.111 Y82.468 E10.87729
G1 X98.111 Y107.532 E12.08278
G1 X98.063 Y107.762 E12.09408
G1 X97.977 Y107.889 E12.10146
G1 X97.671 Y107.662 F7800
;TYPE:External perimeter
G1 F1800
G1 X97.669 Y107.669 E12.10181
G1 X97.532 Y107.725 E12.10893
G1 X72.468 Y107.725 E13.31442
G1 X72.331 Y107.669 E13.32154
G1 X72.275 Y107.532 E13.32866
G1 X72.275 Y82.468 E14.53415
G1 X72.331 Y82.331 E14.54127
G1 X72.468 Y82.275 E14.54839
G1 X97.532 Y82.275 E15.75388
G1 X97.669 Y82.331 E15.761
G1 X97.725 Y82.468 E15.76812
G1 X97.725 Y107.532 E16.97361
G1 X97.694 Y107.607 E16.97751
G1 X97.31 Y107.718 F7800
G1 E14.97751 F2400
G92 E0
G1 X70.496 Y80.496 F7800
G1 E2 F2400
;TYPE:Perimeter
G1 F3600
G1 X99.504 Y80.496 E3.39518
G1 X99.504 Y81.252 E3.43154
G1 X99.504 Y109.504 E4.79036
G1 X70.496 Y109.504 E6.18554
G1 X70.496 Y80.556 E7.57784
G1 X70.111 Y80.111 F7800
G1 F3600
G1 X99.889 Y80.111 E9.01006
G1 X99.889 Y81.252 E9.06494
G1 X99.889 Y109.889 E10.44228
G1 X70.111 Y109.889 E11.8745
G1 X70.111 Y80.171 E13.30383
G1 X69.725 Y79.725 F7800
;TYPE:External perimeter
G1 F1800
G1 X100.275 Y79.725 E14.77318
G1 X100.275 Y81.252 E14.84662
G1 X100.275 Y110.275 E16.24253
G1 X69.725 Y110.275 E17.71188
G1 X69.725 Y79.785 E19.17834
G1 X70.121 Y79.726 F7800
G1 E17.17834 F2400
G92 E0
G1 X70.612 Y108.603 F7800
G1 E2 F2400
;TYPE:Internal infill
;WIDTH:0.45
G1 F4200
G1 X71.223 Y109.215 E2.04159
G1 X71.772 Y109.215 E2.068
G1 X70.785 Y108.228 E2.13513
G1 X70.785 Y107.679 E2.16154
G1 X72.494 Y109.388 E2.27778
G1 E.27778 F2400
G92 E0
G1 X99.388 Y83.043 F7800
G1 E2 F2400
G1 F4200
G1 X98.781 Y82.436 E2.04129
G1 X98.785 Y82.989 E2.06789
G1 X99.215 Y83.419 E2.09714
G1 X99.215 Y83.967 E2.1235
G1 X98.785 Y83.538 E2.15271
G1 X98.785 Y84.087 E2.17912
G1 X99.215 Y84.516 E2.20833
G1 X99.215 Y85.065 E2.23474
G1 X98.785 Y84.636 E2.26395
G1 X98.785 Y85.185 E2.29036
G1 X99.215 Y85.614 E2.31957
G1 X99.215 Y86.163 E2.34598
G1 X98.785 Y85.734 E2.37519
G1 X98.785 Y86.283 E2.4016
G1 X99.215 Y86.712 E2.43081
G1 X99.215 Y87.261 E2.45722
G1 X98.785 Y86.831 E2.48647
G1 X98.785 Y87.38 E2.51288
G1 X99.215 Y87.809 E2.54209
G1 X99.215 Y88.358 E2.5685
G1 X98.785 Y87.929 E2.59771
G1 X98.785 Y88.478 E2.62412
G1 X99.215 Y88.907 E2.65333
G1 X99.215 Y89.456 E2.67974
G1 X98.785 Y89.027 E2.70895
G1 X98.785 Y89.576 E2.73536
G1 X99.215 Y90.005 E2.76457
G1 X99.215 Y90.554 E2.79098
G1 X98.785 Y90.125 E2.82019
G1 X98.785 Y90.673 E2.84655
G1 X99.215 Y91.102 E2.87576
G1 X99.215 Y91.651 E2.90217
G1 X98.785 Y91.222 E2.93138
G1 X98.785 Y91.771 E2.95779
G1 X99.215 Y92.2 E2.987
G1 X99.215 Y92.749 E3.01341
G1 X98.785 Y92.32 E3.04262
G1 X98.785 Y92.869 E3.06903
G1 X99.215 Y93.298 E3.09824
G1 X99.215 Y93.847 E3.12465
G1 X98.785 Y93.418 E3.15386
G1 X98.785 Y93.966 E3.18022
G1 X99.215 Y94.396 E3.20947
G1 X99.215 Y94.944 E3.23583
G1 X98.785 Y94.515 E3.26504
G1 X98.785 Y95.064 E3.29145
G1 X99.215 Y95.493 E3.32066
G1 X99.215 Y96.042 E3.34707
G1 X98.785 Y95.613 E3.37628
G1 X98.785 Y96.162 E3.40269
G1 X99.215 Y96.591 E3.4319
G1 X99.215 Y97.14 E3.45831
G1 X98.785 Y96.711 E3.48752
G1 X98.785 Y97.26 E3.51393
G1 X99.215 Y97.689 E3.54314
G1 X99.215 Y98.238 E3.56955
G1 X98.785 Y97.808 E3.5988
G1 X98.785 Y98.357 E3.62521
G1 X99.215 Y98.786 E3.65442
G1 X99.215 Y99.335 E3.68083
G1 X98.785 Y98.906 E3.71004
G1 X98.785 Y99.455 E3.73645
G1 X99.215 Y99.884 E3.76566
G1 X99.215 Y100.433 E3.79207
G1 X98.785 Y100.004 E3.82128
G1 X98.785 Y100.553 E3.84769
G1 X99.215 Y100.982 E3.8769
G1 X99.215 Y101.531 E3.90331
G1 X98.785 Y101.102 E3.93252
G1 X98.785 Y101.65 E3.95888
G1 X99.215 Y102.08 E3.98813
G1 X99.215 Y102.628 E4.01449
G1 X98.785 Y102.199 E4.0437
G1 X98.785 Y102.748 E4.07011
G1 X99.215 Y103.177 E4.09932
G1 X99.215 Y103.726 E4.12573
G1 X98.785 Y103.297 E4.15494
G1 X98.785 Y103.846 E4.18135
G1 X99.215 Y104.275 E4.21056
G1 X99.215 Y104.824 E4.23697
G1 X98.785 Y104.395 E4.26618
G1 X98.785 Y104.944 E4.29259
G1 X99.215 Y105.373 E4.3218
G1 X99.215 Y105.921 E4.34816
G1 X98.785 Y105.492 E4.37737
G1 X98.785 Y106.041 E4.40378
G1 X99.215 Y106.47 E4.43299
G1 X99.215 Y107.019 E4.4594
G1 X98.785 Y106.59 E4.48861
G1 X98.785 Y107.139 E4.51502
G1 X99.215 Y107.568 E4.54423
G1 X99.215 Y108.117 E4.57064
G1 X98.773 Y107.676 E4.60067
G1 X98.642 Y108.093 E4.62169
G1 X99.215 Y108.666 E4.66066
G1 X99.215 Y109.215 E4.68707
G1 X98.42 Y108.42 E4.74114
G1 X98.093 Y108.642 E4.76015
G1 X98.666 Y109.215 E4.79912
G1 X98.117 Y109.215 E4.82553
G1 X97.676 Y108.773 E4.85556
G1 X97.139 Y108.785 E4.88139
G1 X97.568 Y109.215 E4.9106
G1 X97.019 Y109.215 E4.93701
G1 X96.59 Y108.785 E4.96622
G1 X96.041 Y108.785 E4.99263
G1 X96.47 Y109.215 E5.02184
G1 X95.921 Y109.215 E5.04825
G1 X95.492 Y108.785 E5.07746
G1 X94.943 Y108.785 E5.10387
G1 X95.373 Y109.215 E5.13312
G1 X94.824 Y109.215 E5.15953
G1 X94.395 Y108.785 E5.18874
G1 X93.846 Y108.785 E5.21515
G1 X94.275 Y109.215 E5.24436
G1 X93.726 Y109.215 E5.27077
G1 X93.297 Y108.785 E5.29998
G1 X92.748 Y108.785 E5.32639
G1 X93.177 Y109.215 E5.3556
G1 X92.628 Y109.215 E5.38201
G1 X92.199 Y108.785 E5.41122
G1 X91.65 Y108.785 E5.43763
G1 X92.079 Y109.215 E5.46684
G1 X91.531 Y109.215 E5.4932
G1 X91.102 Y108.785 E5.52241
G1 X90.553 Y108.785 E5.54882
G1 X90.982 Y109.215 E5.57803
G1 X90.433 Y109.215 E5.60444
G1 X90.004 Y108.785 E5.63365
G1 X89.455 Y108.785 E5.66006
G1 X89.884 Y109.215 E5.68927
G1 X89.335 Y109.215 E5.71568
G1 X88.906 Y108.785 E5.74489
G1 X88.357 Y108.785 E5.7713
G1 X88.786 Y109.215 E5.80051
G1 X88.238 Y109.215 E5.82687
G1 X87.808 Y108.785 E5.85612
G1 X87.26 Y108.785 E5.88248
G1 X87.689 Y109.215 E5.91169
G1 X87.14 Y109.215 E5.9381
G1 X86.711 Y108.785 E5.96731
G1 X86.162 Y108.785 E5.99372
G1 X86.591 Y109.215 E6.02293
G1 X86.042 Y109.215 E6.04934
G1 X85.613 Y108.785 E6.07855
G1 X85.064 Y108.785 E6.10496
G1 X85.493 Y109.215 E6.13417
G1 X84.944 Y109.215 E6.16058
G1 X84.515 Y108.785 E6.18979
G1 X83.966 Y108.785 E6.2162
G1 X84.396 Y109.215 E6.24545
G1 X83.847 Y109.215 E6.27186
G1 X83.418 Y108.785 E6.30107
G1 X82.869 Y108.785 E6.32748
G1 X83.298 Y109.215 E6.35669
G1 X82.749 Y109.215 E6.3831
G1 X82.32 Y108.785 E6.41231
G1 X81.771 Y108.785 E6.43872
G1 X82.2 Y109.215 E6.46793
G1 X81.651 Y109.215 E6.49434
G1 X81.222 Y108.785 E6.52355
G1 X80.673 Y108.785 E6.54996
G1 X81.102 Y109.215 E6.57917
G1 X80.554 Y109.215 E6.60553
G1 X80.125 Y108.785 E6.63474
G1 X79.576 Y108.785 E6.66115
G1 X80.005 Y109.215 E6.69036
G1 X79.456 Y109.215 E6.71677
G1 X79.027 Y108.785 E6.74598
G1 X78.478 Y108.785 E6.77239
G1 X78.907 Y109.215 E6.8016
G1 X78.358 Y109.215 E6.82801
G1 X77.929 Y108.785 E6.85722
G1 X77.38 Y108.785 E6.88363
G1 X77.809 Y109.215 E6.91284
G1 X77.261 Y109.215 E6.9392
G1 X76.831 Y108.785 E6.96845
G1 X76.283 Y108.785 E6.99481
G1 X76.712 Y109.215 E7.02402
G1 X76.163 Y109.215 E7.05043
G1 X75.734 Y108.785 E7.07964
G1 X75.185 Y108.785 E7.10605
G1 X75.614 Y109.215 E7.13526
G1 X75.065 Y109.215 E7.16167
G1 X74.636 Y108.785 E7.19088
G1 X74.087 Y108.785 E7.21729
G1 X74.516 Y109.215 E7.2465
G1 X73.967 Y109.215 E7.27291
G1 X73.538 Y108.785 E7.30212
G1 X72.989 Y108.785 E7.32853
G1 X73.419 Y109.215 E7.35778
G1 X72.87 Y109.215 E7.38419
G1 X72.436 Y108.781 E7.41371
G1 X71.97 Y108.684 E7.4366
G1 X71.58 Y108.42 E7.45925
G1 X71.318 Y108.034 E7.48169
G1 X71.217 Y107.562 E7.50491
G1 X70.785 Y107.13 E7.53429
G1 X70.785 Y106.581 E7.5607
G1 X71.215 Y107.011 E7.58995
G1 X71.215 Y106.462 E7.61636
G1 X70.785 Y106.033 E7.64557
G1 X70.785 Y105.484 E7.67198
G1 X71.215 Y105.913 E7.70119
G1 X71.215 Y105.364 E7.7276
G1 X70.785 Y104.935 E7.75681
G1 X70.785 Y104.386 E7.78322
G1 X71.215 Y104.815 E7.81243
G1 X71.215 Y104.266 E7.83884
G1 X70.785 Y103.837 E7.86805
G1 X70.785 Y103.288 E7.89446
G1 X71.215 Y103.717 E7.92367
G1 X71.215 Y103.169 E7.95003
G1 X70.785 Y102.739 E7.97928
G1 X70.785 Y102.191 E8.00564
G1 X71.215 Y102.62 E8.03485
G1 X71.215 Y102.071 E8.06126
G1 X70.785 Y101.642 E8.09047
G1 X70.785 Y101.093 E8.11688
G1 X71.215 Y101.522 E8.14609
G1 X71.215 Y100.973 E8.1725
G1 X70.785 Y100.544 E8.20171
G1 X70.785 Y99.995 E8.22812
G1 X71.215 Y100.424 E8.25733
G1 X71.215 Y99.875 E8.28374
G1 X70.785 Y99.446 E8.31295
G1 X70.785 Y98.898 E8.33931
G1 X71.215 Y99.327 E8.36852
G1 X71.215 Y98.778 E8.39493
G1 X70.785 Y98.349 E8.42414
G1 X70.785 Y97.8 E8.45055
G1 X71.215 Y98.229 E8.47976
G1 X71.215 Y97.68 E8.50617
G1 X70.785 Y97.251 E8.53538
G1 X70.785 Y96.702 E8.56179
G1 X71.215 Y97.131 E8.591
G1 X71.215 Y96.582 E8.61741
G1 X70.785 Y96.153 E8.64662
G1 X70.785 Y95.604 E8.67303
G1 X71.215 Y96.034 E8.70228
G1 X71.215 Y95.485 E8.72869
G1 X70.785 Y95.056 E8.7579
G1 X70.785 Y94.507 E8.78431
G1 X71.215 Y94.936 E8.81352
G1 X71.215 Y94.387 E8.83993
G1 X70.785 Y93.958 E8.86914
G1 X70.785 Y93.409 E8.89555
G1 X71.215 Y93.838 E8.92476
G1 X71.215 Y93.289 E8.95117
G1 X70.785 Y92.86 E8.98038
G1 X70.785 Y92.311 E9.00679
G1 X71.215 Y92.74 E9.036
G1 X71.215 Y92.192 E9.06236
G1 X70.785 Y91.762 E9.09161
G1 X70.785 Y91.214 E9.11797
G1 X71.215 Y91.643 E9.14718
G1 X71.215 Y91.094 E9.17359
G1 X70.785 Y90.665 E9.2028
G1 X70.785 Y90.116 E9.22921
G1 X71.215 Y90.545 E9.25842
G1 X71.215 Y89.996 E9.28483
G1 X70.785 Y89.567 E9.31404
G1 X70.785 Y89.018 E9.34045
G1 X71.215 Y89.447 E9.36966
G1 X71.215 Y88.898 E9.39607
G1 X70.785 Y88.469 E9.42528
G1 X70.785 Y87.921 E9.45164
G1 X71.215 Y88.35 E9.48085
G1 X71.215 Y87.801 E9.50726
G1 X70.785 Y87.372 E9.53647
G1 X70.785 Y86.823 E9.56288
G1 X71.215 Y87.252 E9.59209
G1 X71.215 Y86.703 E9.6185
G1 X70.785 Y86.274 E9.64771
G1 X70.785 Y85.725 E9.67412
G1 X71.215 Y86.154 E9.70333
G1 X71.215 Y85.605 E9.72974
G1 X70.785 Y85.176 E9.75895
G1 X70.785 Y84.627 E9.78536
G1 X71.215 Y85.057 E9.81461
G1 X71.215 Y84.508 E9.84102
G1 X70.785 Y84.079 E9.87023
G1 X70.785 Y83.53 E9.89664
G1 X71.215 Y83.959 E9.92585
G1 X71.215 Y83.41 E9.95226
G1 X70.785 Y82.981 E9.98147
G1 X70.785 Y82.432 E10.00788
G1 X71.215 Y82.861 E10.03709
G1 X71.24 Y82.337 E10.06232
G1 X70.785 Y81.883 E10.09323
G1 X70.785 Y81.334 E10.11964
G1 X71.358 Y81.907 E10.15861
G1 X71.58 Y81.58 E10.17762
G1 X70.785 Y80.785 E10.23169
G1 X71.334 Y80.785 E10.2581
G1 X71.907 Y81.358 E10.29707
G1 X72.324 Y81.227 E10.31809
G1 X71.883 Y80.785 E10.34812
G1 X72.432 Y80.785 E10.37453
G1 X72.861 Y81.215 E10.40374
G1 X73.41 Y81.215 E10.43015
G1 X72.981 Y80.785 E10.45936
G1 X73.53 Y80.785 E10.48577
G1 X73.959 Y81.215 E10.51498
G1 X74.508 Y81.215 E10.54139
G1 X74.079 Y80.785 E10.5706
G1 X74.627 Y80.785 E10.59696
G1 X75.056 Y81.215 E10.62617
G1 X75.605 Y81.215 E10.65258
G1 X75.176 Y80.785 E10.68179
G1 X75.725 Y80.785 E10.7082
G1 X76.154 Y81.215 E10.73741
G1 X76.703 Y81.215 E10.76382
G1 X76.274 Y80.785 E10.79303
G1 X76.823 Y80.785 E10.81944
G1 X77.252 Y81.215 E10.84865
G1 X77.801 Y81.215 E10.87506
G1 X77.372 Y80.785 E10.90427
G1 X77.92 Y80.785 E10.93063
G1 X78.35 Y81.215 E10.95988
G1 X78.898 Y81.215 E10.98624
G1 X78.469 Y80.785 E11.01545
G1 X79.018 Y80.785 E11.04186
G1 X79.447 Y81.215 E11.07107
G1 X79.996 Y81.215 E11.09748
G1 X79.567 Y80.785 E11.12669
G1 X80.116 Y80.785 E11.1531
G1 X80.545 Y81.215 E11.18231
G1 X81.094 Y81.215 E11.20872
G1 X80.665 Y80.785 E11.23793
G1 X81.214 Y80.785 E11.26434
G1 X81.643 Y81.215 E11.29355
G1 X82.192 Y81.215 E11.31996
G1 X81.762 Y80.785 E11.34921
G1 X82.311 Y80.785 E11.37562
G1 X82.74 Y81.215 E11.40483
G1 X83.289 Y81.215 E11.43124
G1 X82.86 Y80.785 E11.46045
G1 X83.409 Y80.785 E11.48686
G1 X83.838 Y81.215 E11.51607
G1 X84.387 Y81.215 E11.54248
G1 X83.958 Y80.785 E11.57169
G1 X84.507 Y80.785 E11.5981
G1 X84.936 Y81.215 E11.62731
G1 X85.485 Y81.215 E11.65372
G1 X85.056 Y80.785 E11.68293
G1 X85.604 Y80.785 E11.70929
G1 X86.034 Y81.215 E11.73854
G1 X86.582 Y81.215 E11.7649
G1 X86.153 Y80.785 E11.79411
G1 X86.702 Y80.785 E11.82052
G1 X87.131 Y81.215 E11.84973
G1 X87.68 Y81.215 E11.87614
G1 X87.251 Y80.785 E11.90535
G1 X87.8 Y80.785 E11.93176
G1 X88.229 Y81.215 E11.96097
G1 X88.778 Y81.215 E11.98738
G1 X88.349 Y80.785 E12.01659
G1 X88.898 Y80.785 E12.043
G1 X89.327 Y81.215 E12.07221
G1 X89.875 Y81.215 E12.09857
G1 X89.446 Y80.785 E12.12778
G1 X89.995 Y80.785 E12.15419
G1 X90.424 Y81.215 E12.1834
G1 X90.973 Y81.215 E12.20981
G1 X90.544 Y80.785 E12.23902
G1 X91.093 Y80.785 E12.26543
G1 X91.522 Y81.215 E12.29464
G1 X92.071 Y81.215 E12.32105
G1 X91.642 Y80.785 E12.35026
G1 X92.191 Y80.785 E12.37667
G1 X92.62 Y81.215 E12.40588
G1 X93.169 Y81.215 E12.43229
G1 X92.739 Y80.785 E12.46154
G1 X93.288 Y80.785 E12.48795
G1 X93.717 Y81.215 E12.51716
G1 X94.266 Y81.215 E12.54357
G1 X93.837 Y80.785 E12.57278
G1 X94.386 Y80.785 E12.59919
G1 X94.815 Y81.215 E12.6284
G1 X95.364 Y81.215 E12.65481
G1 X94.935 Y80.785 E12.68402
G1 X95.484 Y80.785 E12.71043
G1 X95.913 Y81.215 E12.73964
G1 X96.462 Y81.215 E12.76605
G1 X96.033 Y80.785 E12.79526
G1 X96.581 Y80.785 E12.82162
G1 X97.011 Y81.215 E12.85087
G1 X97.564 Y81.219 E12.87747
G1 X97.13 Y80.785 E12.90699
G1 X97.679 Y80.785 E12.9334
G1 X99.215 Y82.321 E13.03788
G1 X99.215 Y81.772 E13.06429
G1 X98.228 Y80.785 E13.13142
G1 X98.777 Y80.785 E13.15783
G1 X99.388 Y81.397 E13.19942
G1 E11.19942 F2400
G92 E0
G1 X74.812 Y84.779 F7800
G1 E2 F2400
;TYPE:External perimeter
;WIDTH:0.583165
G1 F1800
G1 X74.876 Y84.765 E2.00424
;WIDTH:0.545178
G1 X74.968 Y84.746 E2.00987
;WIDTH:0.507191
G1 X95.032 Y84.746 E3.118
;WIDTH:0.545178
G1 X95.124 Y84.765 E3.12363
;WIDTH:0.583165
G1 X95.216 Y84.784 E3.12971
G1 X95.235 Y84.876 E3.13579
;WIDTH:0.545178
G1 X95.254 Y84.968 E3.14142
;WIDTH:0.507191
G1 X95.254 Y105.032 E4.24955
;WIDTH:0.545178
G1 X95.235 Y105.124 E4.25518
;WIDTH:0.583165
G1 X95.216 Y105.216 E4.26126
G1 X95.124 Y105.235 E4.26734
;WIDTH:0.545178
G1 X95.032 Y105.254 E4.27297
;WIDTH:0.507191
G1 X74.968 Y105.254 E5.3811
;WIDTH:0.545178
G1 X74.876 Y105.235 E5.38673
;WIDTH:0.583165
G1 X74.784 Y105.216 E5.39281
G1 X74.765 Y105.124 E5.39889
;WIDTH:0.545178
G1 X74.746 Y105.032 E5.40452
;WIDTH:0.507191
G1 X74.746 Y84.968 E6.51265
;WIDTH:0.545178
G1 X74.765 Y84.876 E6.51828
;WIDTH:0.583165
G1 X74.778 Y84.816 E6.52225
G1 X75.173 Y84.752 F7800
G1 E4.52225 F2400
G92 E0
G1 X95.658 Y105.658 F7800
G1 E2 F2400
G1 F1800
G1 X95.345 Y105.677 E2.02029
;WIDTH:0.545178
G1 X95.032 Y105.696 E2.03909
;WIDTH:0.507191
G1 X74.968 Y105.696 E3.14722
;WIDTH:0.545178
G1 X74.655 Y105.677 E3.16602
;WIDTH:0.583165
G1 X74.342 Y105.658 E3.18631
G1 X74.323 Y105.345 E3.2066
;WIDTH:0.545178
G1 X74.304 Y105.032 E3.2254
;WIDTH:0.507191
G1 X74.304 Y84.968 E4.33353
;WIDTH:0.545178
G1 X74.323 Y84.655 E4.35233
;WIDTH:0.583165
G1 X74.342 Y84.342 E4.37262
G1 X74.655 Y84.323 E4.39291
;WIDTH:0.545178
G1 X74.968 Y84.304 E4.41171
;WIDTH:0.507191
G1 X95.032 Y84.304 E5.51984
;WIDTH:0.545178
G1 X95.345 Y84.323 E5.53864
;WIDTH:0.583165
G1 X95.658 Y84.342 E5.55893
G1 X95.658 Y84.601 E5.57569
G1 X95.677 Y84.784 E5.58759
;WIDTH:0.545178
G1 X95.696 Y84.968 E5.59868
;WIDTH:0.507191
G1 X95.696 Y105.032 E6.70681
;WIDTH:0.510546
G1 X95.695 Y105.109 E6.7111
;WIDTH:0.546855
G1 X95.677 Y105.384 E6.72768
;WIDTH:0.583165
G1 X95.662 Y105.599 E6.74163
G1 X95.271 Y105.68 F7800
;LAYER_CHANGE
;Z:6.05
;HEIGHT:0.3
G1 E4.74163 F2400
G92 E0
G1 Z6.05 F7800
G1 X98.21 Y108.217
G1 E2 F2400
;TYPE:Perimeter
;WIDTH:0.45
G1 F3600
G1 X97.915 Y108.417 E2.01714
G1 X97.532 Y108.496 E2.03595
G1 X72.468 Y108.496 E3.24144
G1 X72.085 Y108.417 E3.26025
G1 X71.786 Y108.214 E3.27763
G1 X71.583 Y107.915 E3.29501
G1 X71.504 Y107.532 E3.31382
G1 X71.504 Y82.468 E4.51931
G1 X71.583 Y82.085 E4.53812
G1 X71.786 Y81.786 E4.5555
G1 X72.085 Y81.583 E4.57288
G1 X72.468 Y81.504 E4.59169
G1 X97.532 Y81.504 E5.79718
G1 X97.915 Y81.583 E5.81599
G1 X98.214 Y81.786 E5.83337
G1 X98.417 Y82.085 E5.85075
G1 X98.496 Y82.468 E5.86956
G1 X98.496 Y107.532 E7.07505
G1 X98.417 Y107.915 E7.09386
G1 X98.245 Y108.169 E7.10861
G1 X97.943 Y107.938 F7800
G1 F3600
G1 X97.941 Y107.941 E7.10878
G1 X97.762 Y108.063 E7.1192
G1 X97.532 Y108.111 E7.1305
G1 X72.468 Y108.111 E8.33599
G1 X72.238 Y108.063 E8.34729
G1 X72.059 Y107.941 E8.35771
G1 X71.937 Y107.762 E8.36813
G1 X71.889 Y107.532 E8.37943
G1 X71.889 Y82.468 E9.58492
G1 X71.937 Y82.238 E9.59622
G1 X72.059 Y82.059 E9.60664
G1 X72.238 Y81.937 E9.61706
G1 X72.468 Y81.889 E9.62836
G1 X97.532 Y81.889 E10.83385
G1 X97.762 Y81.937 E10.84515
G1 X97.941 Y82.059 E10.85557
G1 X98.063 Y82.238 E10.86599
G1 X98.111 Y82.468 E10.87729
G1 X98.111 Y107.532 E12.08278
G1 X98.063 Y107.762 E12.09408
G1 X97.977 Y107.889 E12.10146
G1 X97.671 Y107.662 F7800
;TYPE:External perimeter
G1 F1800
G1 X97.669 Y107.669 E12.10181
G1 X97.532 Y107.725 E12.10893
G1 X72.468 Y107.725 E13.31442
G1 X72.331 Y107.669 E13.32154
G1 X72.275 Y107.532 E13.32866
G1 X72.275 Y82.468 E14.53415
G1 X72.331 Y82.331 E14.54127
G1 X72.468 Y82.275 E14.54839
G1 X97.532 Y82.275 E15.75388
G1 X97.669 Y82.331 E15.761
G1 X97.725 Y82.468 E15.76812
G1 X97.725 Y107.532 E16.97361
G1 X97.694 Y107.607 E16.97751
G1 X97.31 Y107.718 F7800
G1 E14.97751 F2400
G92 E0
G1 X70.496 Y80.496 F7800
G1 E2 F2400
;TYPE:Perimeter
G1 F3600
G1 X99.504 Y80.496 E3.39518
G1 X99.504 Y81.252 E3.43154
G1 X99.504 Y109.504 E4.79036
G1 X70.496 Y109.504 E6.18554
G1 X70.496 Y80.556 E7.57784
G1 X70.111 Y80.111 F7800
G1 F3600
G1 X99.889 Y80.111 E9.01006
G1 X99.889 Y81.252 E9.06494
G1 X99.889 Y109.889 E10.44228
G1 X70.111 Y109.889 E11.8745
G1 X70.111 Y80.171 E13.30383
G1 X69.725 Y79.725 F7800
;TYPE:External perimeter
G1 F1800
G1 X100.275 Y79.725 E14.77318
G1 X100.275 Y81.252 E14.84662
G1 X100.275 Y110.275 E16.24253
G1 X69.725 Y110.275 E17.71188
G1 X69.725 Y79.785 E19.17834
G1 X70.121 Y79.726 F7800
G1 X71.397 Y80.612
;TYPE:Internal infill
;WIDTH:0.45
G1 F4200
G1 X70.785 Y81.223 E19.21993
G1 X70.785 Y81.772 E19.24634
G1 X71.772 Y80.785 E19.31347
G1 X72.321 Y80.785 E19.33988
G1 X70.612 Y82.494 E19.45612
G1 E17.45612 F2400
G92 E0
G1 X96.957 Y109.388 F7800
G1 E2 F2400
G1 F4200
G1 X97.562 Y108.783 E2.04115
G1 X97.011 Y108.785 E2.06765
G1 X96.581 Y109.215 E2.0969
G1 X96.033 Y109.215 E2.12326
G1 X96.462 Y108.785 E2.15247
G1 X95.913 Y108.785 E2.17888
G1 X95.484 Y109.215 E2.20809
G1 X94.935 Y109.215 E2.2345
G1 X95.364 Y108.785 E2.26371
G1 X94.815 Y108.785 E2.29012
G1 X94.386 Y109.215 E2.31933
G1 X93.837 Y109.215 E2.34574
G1 X94.266 Y108.785 E2.37495
G1 X93.717 Y108.785 E2.40136
G1 X93.288 Y109.215 E2.43057
G1 X92.739 Y109.215 E2.45698
G1 X93.169 Y108.785 E2.48623
G1 X92.62 Y108.785 E2.51264
G1 X92.191 Y109.215 E2.54185
G1 X91.642 Y109.215 E2.56826
G1 X92.071 Y108.785 E2.59747
G1 X91.522 Y108.785 E2.62388
G1 X91.093 Y109.215 E2.65309
G1 X90.544 Y109.215 E2.6795
G1 X90.973 Y108.785 E2.70871
G1 X90.424 Y108.785 E2.73512
G1 X89.995 Y109.215 E2.76433
G1 X89.446 Y109.215 E2.79074
G1 X89.875 Y108.785 E2.81995
G1 X89.327 Y108.785 E2.84631
G1 X88.898 Y109.215 E2.87552
G1 X88.349 Y109.215 E2.90193
G1 X88.778 Y108.785 E2.93114
G1 X88.229 Y108.785 E2.95755
G1 X87.8 Y109.215 E2.98676
G1 X87.251 Y109.215 E3.01317
G1 X87.68 Y108.785 E3.04238
G1 X87.131 Y108.785 E3.06879
G1 X86.702 Y109.215 E3.098
G1 X86.153 Y109.215 E3.12441
G1 X86.582 Y108.785 E3.15362
G1 X86.034 Y108.785 E3.17998
G1 X85.604 Y109.215 E3.20923
G1 X85.056 Y109.215 E3.23559
G1 X85.485 Y108.785 E3.2648
G1 X84.936 Y108.785 E3.29121
G1 X84.507 Y109.215 E3.32042
G1 X83.958 Y109.215 E3.34683
G1 X84.387 Y108.785 E3.37604
G1 X83.838 Y108.785 E3.40245
G1 X83.409 Y109.215 E3.43166
G1 X82.86 Y109.215 E3.45807
G1 X83.289 Y108.785 E3.48728
G1 X82.74 Y108.785 E3.51369
G1 X82.311 Y109.215 E3.5429
G1 X81.762 Y109.215 E3.56931
G1 X82.192 Y108.785 E3.59856
G1 X81.643 Y108.785 E3.62497
G1 X81.214 Y109.215 E3.65418
G1 X80.665 Y109.215 E3.68059
G1 X81.094 Y108.785 E3.7098
G1 X80.545 Y108.785 E3.73621
G1 X80.116 Y109.215 E3.76542
G1 X79.567 Y109.215 E3.79183
G1 X79.996 Y108.785 E3.82104
G1 X79.447 Y108.785 E3.84745
G1 X79.018 Y109.215 E3.87666
G1 X78.469 Y109.215 E3.90307
G1 X78.898 Y108.785 E3.93228
G1 X78.35 Y108.785 E3.95864
G1 X77.92 Y109.215 E3.98789
G1 X77.372 Y109.215 E4.01425
G1 X77.801 Y108.785 E4.04346
G1 X77.252 Y108.785 E4.06987
G1 X76.823 Y109.215 E4.09908
G1 X76.274 Y109.215 E4.12549
G1 X76.703 Y108.785 E4.1547
G1 X76.154 Y108.785 E4.18111
G1 X75.725 Y109.215 E4.21032
G1 X75.176 Y109.215 E4.23673
G1 X75.605 Y108.785 E4.26594
G1 X75.056 Y108.785 E4.29235
G1 X74.627 Y109.215 E4.32156
G1 X74.079 Y109.215 E4.34792
G1 X74.508 Y108.785 E4.37713
G1 X73.959 Y108.785 E4.40354
G1 X73.53 Y109.215 E4.43275
G1 X72.981 Y109.215 E4.45916
G1 X73.41 Y108.785 E4.48837
G1 X72.861 Y108.785 E4.51478
G1 X72.432 Y109.215 E4.54399
G1 X71.883 Y109.215 E4.5704
G1 X72.337 Y108.76 E4.60131
G1 X71.907 Y108.642 E4.62276
G1 X71.334 Y109.215 E4.66173
G1 X70.785 Y109.215 E4.68814
G1 X71.58 Y108.42 E4.74221
G1 X71.358 Y108.093 E4.76122
G1 X70.785 Y108.666 E4.80019
G1 X70.785 Y108.117 E4.8266
G1 X71.227 Y107.676 E4.85663
G1 X71.215 Y107.139 E4.88246
G1 X70.785 Y107.568 E4.91167
G1 X70.785 Y107.019 E4.93808
G1 X71.215 Y106.59 E4.96729
G1 X71.215 Y106.041 E4.9937
G1 X70.785 Y106.47 E5.02291
G1 X70.785 Y105.921 E5.04932
G1 X71.215 Y105.492 E5.07853
G1 X71.215 Y104.943 E5.10494
G1 X70.785 Y105.373 E5.13419
G1 X70.785 Y104.824 E5.1606
G1 X71.215 Y104.395 E5.18981
G1 X71.215 Y103.846 E5.21622
G1 X70.785 Y104.275 E5.24543
G1 X70.785 Y103.726 E5.27184
G1 X71.215 Y103.297 E5.30105
G1 X71.215 Y102.748 E5.32746
G1 X70.785 Y103.177 E5.35667
G1 X70.785 Y102.628 E5.38308
G1 X71.215 Y102.199 E5.41229
G1 X71.215 Y101.65 E5.4387
G1 X70.785 Y102.079 E5.46791
G1 X70.785 Y101.531 E5.49427
G1 X71.215 Y101.102 E5.52348
G1 X71.215 Y100.553 E5.54989
G1 X70.785 Y100.982 E5.5791
G1 X70.785 Y100.433 E5.60551
G1 X71.215 Y100.004 E5.63472
G1 X71.215 Y99.455 E5.66113
G1 X70.785 Y99.884 E5.69034
G1 X70.785 Y99.335 E5.71675
G1 X71.215 Y98.906 E5.74596
G1 X71.215 Y98.357 E5.77237
G1 X70.785 Y98.786 E5.80158
G1 X70.785 Y98.238 E5.82794
G1 X71.215 Y97.808 E5.85719
G1 X71.215 Y97.26 E5.88355
G1 X70.785 Y97.689 E5.91276
G1 X70.785 Y97.14 E5.93917
G1 X71.215 Y96.711 E5.96838
G1 X71.215 Y96.162 E5.99479
G1 X70.785 Y96.591 E6.024
G1 X70.785 Y96.042 E6.05041
G1 X71.215 Y95.613 E6.07962
G1 X71.215 Y95.064 E6.10603
G1 X70.785 Y95.493 E6.13524
G1 X70.785 Y94.944 E6.16165
G1 X71.215 Y94.515 E6.19086
G1 X71.215 Y93.966 E6.21727
G1 X70.785 Y94.396 E6.24652
G1 X70.785 Y93.847 E6.27293
G1 X71.215 Y93.418 E6.30214
G1 X71.215 Y92.869 E6.32855
G1 X70.785 Y93.298 E6.35776
G1 X70.785 Y92.749 E6.38417
G1 X71.215 Y92.32 E6.41338
G1 X71.215 Y91.771 E6.43979
G1 X70.785 Y92.2 E6.469
G1 X70.785 Y91.651 E6.49541
G1 X71.215 Y91.222 E6.52462
G1 X71.215 Y90.673 E6.55103
G1 X70.785 Y91.102 E6.58024
G1 X70.785 Y90.554 E6.6066
G1 X71.215 Y90.125 E6.63581
G1 X71.215 Y89.576 E6.66222
G1 X70.785 Y90.005 E6.69143
G1 X70.785 Y89.456 E6.71784
G1 X71.215 Y89.027 E6.74705
G1 X71.215 Y88.478 E6.77346
G1 X70.785 Y88.907 E6.80267
G1 X70.785 Y88.358 E6.82908
G1 X71.215 Y87.929 E6.85829
G1 X71.215 Y87.38 E6.8847
G1 X70.785 Y87.809 E6.91391
G1 X70.785 Y87.261 E6.94027
G1 X71.215 Y86.831 E6.96952
G1 X71.215 Y86.283 E6.99588
G1 X70.785 Y86.712 E7.02509
G1 X70.785 Y86.163 E7.0515
G1 X71.215 Y85.734 E7.08071
G1 X71.215 Y85.185 E7.10712
G1 X70.785 Y85.614 E7.13633
G1 X70.785 Y85.065 E7.16274
G1 X71.215 Y84.636 E7.19195
G1 X71.215 Y84.087 E7.21836
G1 X70.785 Y84.516 E7.24757
G1 X70.785 Y83.967 E7.27398
G1 X71.215 Y83.538 E7.30319
G1 X71.215 Y82.989 E7.3296
G1 X70.785 Y83.419 E7.35885
G1 X70.785 Y82.87 E7.38526
G1 X71.219 Y82.436 E7.41478
G1 X71.316 Y81.97 E7.43767
G1 X71.58 Y81.58 E7.46032
G1 X71.966 Y81.318 E7.48276
G1 X72.438 Y81.217 E7.50598
G1 X72.87 Y80.785 E7.53536
G1 X73.419 Y80.785 E7.56177
G1 X72.989 Y81.215 E7.59102
G1 X73.538 Y81.215 E7.61743
G1 X73.967 Y80.785 E7.64664
G1 X74.516 Y80.785 E7.67305
G1 X74.087 Y81.215 E7.70226
G1 X74.636 Y81.215 E7.72867
G1 X75.065 Y80.785 E7.75788
G1 X75.614 Y80.785 E7.78429
G1 X75.185 Y81.215 E7.8135
G1 X75.734 Y81.215 E7.83991
G1 X76.163 Y80.785 E7.86912
G1 X76.712 Y80.785 E7.89553
G1 X76.283 Y81.215 E7.92474
G1 X76.831 Y81.215 E7.9511
G1 X77.261 Y80.785 E7.98035
G1 X77.809 Y80.785 E8.00671
G1 X77.38 Y81.215 E8.03592
G1 X77.929 Y81.215 E8.06233
G1 X78.358 Y80.785 E8.09154
G1 X78.907 Y80.785 E8.11795
G1 X78.478 Y81.215 E8.14716
G1 X79.027 Y81.215 E8.17357
G1 X79.456 Y80.785 E8.20278
G1 X80.005 Y80.785 E8.22919
G1 X79.576 Y81.215 E8.2584
G1 X80.125 Y81.215 E8.28481
G1 X80.554 Y80.785 E8.31402
G1 X81.102 Y80.785 E8.34038
G1 X80.673 Y81.215 E8.36959
G1 X81.222 Y81.215 E8.396
G1 X81.651 Y80.785 E8.42521
G1 X82.2 Y80.785 E8.45162
G1 X81.771 Y81.215 E8.48083
G1 X82.32 Y81.215 E8.50724
G1 X82.749 Y80.785 E8.53645
G1 X83.298 Y80.785 E8.56286
G1 X82.869 Y81.215 E8.59207
G1 X83.418 Y81.215 E8.61848
G1 X83.847 Y80.785 E8.64769
G1 X84.396 Y80.785 E8.6741
G1 X83.966 Y81.215 E8.70335
G1 X84.515 Y81.215 E8.72976
G1 X84.944 Y80.785 E8.75897
G1 X85.493 Y80.785 E8.78538
G1 X85.064 Y81.215 E8.81459
G1 X85.613 Y81.215 E8.841
G1 X86.042 Y80.785 E8.87021
G1 X86.591 Y80.785 E8.89662
G1 X86.162 Y81.215 E8.92583
G1 X86.711 Y81.215 E8.95224
G1 X87.14 Y80.785 E8.98145
G1 X87.689 Y80.785 E9.00786
G1 X87.26 Y81.215 E9.03707
G1 X87.808 Y81.215 E9.06343
G1 X88.238 Y80.785 E9.09268
G1 X88.786 Y80.785 E9.11904
G1 X88.357 Y81.215 E9.14825
G1 X88.906 Y81.215 E9.17466
G1 X89.335 Y80.785 E9.20387
G1 X89.884 Y80.785 E9.23028
G1 X89.455 Y81.215 E9.25949
G1 X90.004 Y81.215 E9.2859
G1 X90.433 Y80.785 E9.31511
G1 X90.982 Y80.785 E9.34152
G1 X90.553 Y81.215 E9.37073
G1 X91.102 Y81.215 E9.39714
G1 X91.531 Y80.785 E9.42635
G1 X92.079 Y80.785 E9.45271
G1 X91.65 Y81.215 E9.48192
G1 X92.199 Y81.215 E9.50833
G1 X92.628 Y80.785 E9.53754
G1 X93.177 Y80.785 E9.56395
G1 X92.748 Y81.215 E9.59316
G1 X93.297 Y81.215 E9.61957
G1 X93.726 Y80.785 E9.64878
G1 X94.275 Y80.785 E9.67519
G1 X93.846 Y81.215 E9.7044
G1 X94.395 Y81.215 E9.73081
G1 X94.824 Y80.785 E9.76002
G1 X95.373 Y80.785 E9.78643
G1 X94.943 Y81.215 E9.81568
G1 X95.492 Y81.215 E9.84209
G1 X95.921 Y80.785 E9.8713
G1 X96.47 Y80.785 E9.89771
G1 X96.041 Y81.215 E9.92692
G1 X96.59 Y81.215 E9.95333
G1 X97.019 Y80.785 E9.98254
G1 X97.568 Y80.785 E10.00895
G1 X97.139 Y81.215 E10.03816
G1 X97.663 Y81.24 E10.06339
G1 X98.117 Y80.785 E10.0943
G1 X98.666 Y80.785 E10.12071
G1 X98.093 Y81.358 E10.15968
G1 X98.42 Y81.58 E10.17869
G1 X99.215 Y80.785 E10.23276
G1 X99.215 Y81.334 E10.25917
G1 X98.642 Y81.907 E10.29814
G1 X98.76 Y82.337 E10.31959
G1 X99.215 Y81.883 E10.3505
G1 X99.215 Y82.432 E10.37691
G1 X98.785 Y82.861 E10.40612
G1 X98.785 Y83.41 E10.43253
G1 X99.215 Y82.981 E10.46174
G1 X99.215 Y83.53 E10.48815
G1 X98.785 Y83.959 E10.51736
G1 X98.785 Y84.508 E10.54377
G1 X99.215 Y84.079 E10.57298
G1 X99.215 Y84.627 E10.59934
G1 X98.785 Y85.056 E10.62855
G1 X98.785 Y85.605 E10.65496
G1 X99.215 Y85.176 E10.68417
G1 X99.215 Y85.725 E10.71058
G1 X98.785 Y86.154 E10.73979
G1 X98.785 Y86.703 E10.7662
G1 X99.215 Y86.274 E10.79541
G1 X99.215 Y86.823 E10.82182
G1 X98.785 Y87.252 E10.85103
G1 X98.785 Y87.801 E10.87744
G1 X99.215 Y87.372 E10.90665
G1 X99.215 Y87.921 E10.93306
G1 X98.785 Y88.35 E10.96227
G1 X98.785 Y88.898 E10.98863
G1 X99.215 Y88.469 E11.01784
G1 X99.215 Y89.018 E11.04425
G1 X98.785 Y89.447 E11.07346
G1 X98.785 Y89.996 E11.09987
G1 X99.215 Y89.567 E11.12908
G1 X99.215 Y90.116 E11.15549
G1 X98.785 Y90.545 E11.1847
G1 X98.785 Y91.094 E11.21111
G1 X99.215 Y90.665 E11.24032
G1 X99.215 Y91.214 E11.26673
G1 X98.785 Y91.643 E11.29594
G1 X98.785 Y92.192 E11.32235
G1 X99.215 Y91.762 E11.3516
G1 X99.215 Y92.311 E11.37801
G1 X98.785 Y92.74 E11.40722
G1 X98.785 Y93.289 E11.43363
G1 X99.215 Y92.86 E11.46284
G1 X99.215 Y93.409 E11.48925
G1 X98.785 Y93.838 E11.51846
G1 X98.785 Y94.387 E11.54487
G1 X99.215 Y93.958 E11.57408
G1 X99.215 Y94.507 E11.60049
G1 X98.785 Y94.936 E11.6297
G1 X98.785 Y95.485 E11.65611
G1 X99.215 Y95.056 E11.68532
G1 X99.215 Y95.604 E11.71168
G1 X98.785 Y96.034 E11.74093
G1 X98.785 Y96.582 E11.76729
G1 X99.215 Y96.153 E11.7965
G1 X99.215 Y96.702 E11.82291
G1 X98.785 Y97.131 E11.85212
G1 X98.785 Y97.68 E11.87853
G1 X99.215 Y97.251 E11.90774
G1 X99.215 Y97.8 E11.93415
G1 X98.785 Y98.229 E11.96336
G1 X98.785 Y98.778 E11.98977
G1 X99.215 Y98.349 E12.01898
G1 X99.215 Y98.898 E12.04539
G1 X98.785 Y99.327 E12.0746
G1 X98.785 Y99.875 E12.10096
G1 X99.215 Y99.446 E12.13017
G1 X99.215 Y99.995 E12.15658
G1 X98.785 Y100.424 E12.18579
G1 X98.785 Y100.973 E12.2122
G1 X99.215 Y100.544 E12.24141
G1 X99.215 Y101.093 E12.26782
G1 X98.785 Y101.522 E12.29703
G1 X98.785 Y102.071 E12.32344
G1 X99.215 Y101.642 E12.35265
G1 X99.215 Y102.191 E12.37906
G1 X98.785 Y102.62 E12.40827
G1 X98.785 Y103.169 E12.43468
G1 X99.215 Y102.739 E12.46393
G1 X99.215 Y103.288 E12.49034
G1 X98.785 Y103.717 E12.51955
G1 X98.785 Y104.266 E12.54596
G1 X99.215 Y103.837 E12.57517
G1 X99.215 Y104.386 E12.60158
G1 X98.785 Y104.815 E12.63079
G1 X98.785 Y105.364 E12.6572
G1 X99.215 Y104.935 E12.68641
G1 X99.215 Y105.484 E12.71282
G1 X98.785 Y105.913 E12.74203
G1 X98.785 Y106.462 E12.76844
G1 X99.215 Y106.033 E12.79765
G1 X99.215 Y106.581 E12.82401
G1 X98.785 Y107.011 E12.85326
G1 X98.783 Y107.562 E12.87976
G1 X99.215 Y107.13 E12.90914
G1 X99.215 Y107.679 E12.93555
G1 X97.679 Y109.215 E13.04003
G1 X98.228 Y109.215 E13.06644
G1 X99.215 Y108.228 E13.13357
G1 X99.215 Y108.777 E13.15998
G1 X98.603 Y109.388 E13.20157
G1 E11.20157 F2400
G92 E0
G1 X74.812 Y84.779 F7800
G1 E2 F2400
;TYPE:External perimeter
;WIDTH:0.583165
G1 F1800
G1 X74.876 Y84.765 E2.00424
;WIDTH:0.545178
G1 X74.968 Y84.746 E2.00987
;WIDTH:0.507191
G1 X95.032 Y84.746 E3.118
;WIDTH:0.545178
G1 X95.124 Y84.765 E3.12363
;WIDTH:0.583165
G1 X95.216 Y84.784 E3.12971
G1 X95.235 Y84.876 E3.13579
;WIDTH:0.545178
G1 X95.254 Y84.968 E3.14142
;WIDTH:0.507191
G1 X95.254 Y105.032 E4.24955
;WIDTH:0.545178
G1 X95.235 Y105.124 E4.25518
;WIDTH:0.583165
G1 X95.216 Y105.216 E4.26126
G1 X95.124 Y105.235 E4.26734
;WIDTH:0.545178
G1 X95.032 Y105.254 E4.27297
;WIDTH:0.507191
G1 X74.968 Y105.254 E5.3811
;WIDTH:0.545178
G1 X74.876 Y105.235 E5.38673
;WIDTH:0.583165
G1 X74.784 Y105.216 E5.39281
G1 X74.765 Y105.124 E5.39889
;WIDTH:0.545178
G1 X74.746 Y105.032 E5.40452
;WIDTH:0.507191
G1 X74.746 Y84.968 E6.51265
;WIDTH:0.545178
G1 X74.765 Y84.876 E6.51828
;WIDTH:0.583165
G1 X74.778 Y84.816 E6.52225
G1 X75.173 Y84.752 F7800
G1 E4.52225 F2400
G92 E0
G1 X95.658 Y105.658 F7800
G1 E2 F2400
G1 F1800
G1 X95.345 Y105.677 E2.02029
;WIDTH:0.545178
G1 X95.032 Y105.696 E2.03909
;WIDTH:0.507191
G1 X74.968 Y105.696 E3.14722
;WIDTH:0.545178
G1 X74.655 Y105.677 E3.16602
;WIDTH:0.583165
G1 X74.342 Y105.658 E3.18631
G1 X74.323 Y105.345 E3.2066
;WIDTH:0.545178
G1 X74.304 Y105.032 E3.2254
;WIDTH:0.507191
G1 X74.304 Y84.968 E4.33353
;WIDTH:0.545178
G1 X74.323 Y84.655 E4.35233
;WIDTH:0.583165
G1 X74.342 Y84.342 E4.37262
G1 X74.655 Y84.323 E4.39291
;WIDTH:0.545178
G1 X74.968 Y84.304 E4.41171
;WIDTH:0.507191
G1 X95.032 Y84.304 E5.51984
;WIDTH:0.545178
G1 X95.345 Y84.323 E5.53864
;WIDTH:0.583165
G1 X95.658 Y84.342 E5.55893
G1 X95.658 Y84.601 E5.57569
G1 X95.677 Y84.784 E5.58759
;WIDTH:0.545178
G1 X95.696 Y84.968 E5.59868
;WIDTH:0.507191
G1 X95.696 Y105.032 E6.70681
;WIDTH:0.510546
G1 X95.695 Y105.109 E6.7111
;WIDTH:0.546855
G1 X95.677 Y105.384 E6.72768
;WIDTH:0.583165
G1 X95.662 Y105.599 E6.74163
G1 X95.271 Y105.68 F7800
;LAYER_CHANGE
;Z:6.35
;HEIGHT:0.3
G1 E4.74163 F2400
G92 E0
G1 Z6.35 F7800
G1 X98.21 Y108.217
G1 E2 F2400
;TYPE:Perimeter
;WIDTH:0.45
G1 F3600
G1 X97.915 Y108.417 E2.01714
G1 X97.532 Y108.496 E2.03595
G1 X72.468 Y108.496 E3.24144
G1 X72.085 Y108.417 E3.26025
G1 X71.786 Y108.214 E3.27763
G1 X71.583 Y107.915 E3.29501
G1 X71.504 Y107.532 E3.31382
G1 X71.504 Y82.468 E4.51931
G1 X71.583 Y82.085 E4.53812
G1 X71.786 Y81.786 E4.5555
G1 X72.085 Y81.583 E4.57288
G1 X72.468 Y81.504 E4.59169
G1 X97.532 Y81.504 E5.79718
G1 X97.915 Y81.583 E5.81599
G1 X98.214 Y81.786 E5.83337
G1 X98.417 Y82.085 E5.85075
G1 X98.496 Y82.468 E5.86956
G1 X98.496 Y107.532 E7.07505
G1 X98.417 Y107.915 E7.09386
G1 X98.245 Y108.169 E7.10861
G1 X97.943 Y107.938 F7800
G1 F3600
G1 X97.941 Y107.941 E7.10878
G1 X97.762 Y108.063 E7.1192
G1 X97.532 Y108.111 E7.1305
G1 X72.468 Y108.111 E8.33599
G1 X72.238 Y108.063 E8.34729
G1 X72.059 Y107.941 E8.35771
G1 X71.937 Y107.762 E8.36813
G1 X71.889 Y107.532 E8.37943
G1 X71.889 Y82.468 E9.58492
G1 X71.937 Y82.238 E9.59622
G1 X72.059 Y82.059 E9.60664
G1 X72.238 Y81.937 E9.61706
G1 X72.468 Y81.889 E9.62836
G1 X97.532 Y81.889 E10.83385
G1 X97.762 Y81.937 E10.84515
G1 X97.941 Y82.059 E10.85557
G1 X98.063 Y82.238 E10.86599
G1 X98.111 Y82.468 E10.87729
G1 X98.111 Y107.532 E12.08278
G1 X98.063 Y107.762 E12.09408
G1 X97.977 Y107.889 E12.10146
G1 X97.671 Y107.662 F7800
;TYPE:External perimeter
G1 F1800
G1 X97.669 Y107.669 E12.10181
G1 X97.532 Y107.725 E12.10893
G1 X72.468 Y107.725 E13.31442
G1 X72.331 Y107.669 E13.32154
G1 X72.275 Y107.532 E13.32866
G1 X72.275 Y82.468 E14.53415
G1 X72.331 Y82.331 E14.54127
G1 X72.468 Y82.275 E14.54839
G1 X97.532 Y82.275 E15.75388
G1 X97.669 Y82.331 E15.761
G1 X97.725 Y82.468 E15.76812
G1 X97.725 Y107.532 E16.97361
G1 X97.694 Y107.607 E16.97751
G1 X97.31 Y107.718 F7800
G1 E14.97751 F2400
G92 E0
G1 X70.496 Y80.496 F7800
G1 E2 F2400
;TYPE:Perimeter
G1 F3600
G1 X99.504 Y80.496 E3.39518
G1 X99.504 Y81.252 E3.43154
G1 X99.504 Y109.504 E4.79036
G1 X70.496 Y109.504 E6.18554
G1 X70.496 Y80.556 E7.57784
G1 X70.111 Y80.111 F7800
G1 F3600
G1 X99.889 Y80.111 E9.01006
G1 X99.889 Y81.252 E9.06494
G1 X99.889 Y109.889 E10.44228
G1 X70.111 Y109.889 E11.8745
G1 X70.111 Y80.171 E13.30383
G1 X69.725 Y79.725 F7800
;TYPE:External perimeter
G1 F1800
G1 X100.275 Y79.725 E14.77318
G1 X100.275 Y81.252 E14.84662
G1 X100.275 Y110.275 E16.24253
G1 X69.725 Y110.275 E17.71188
G1 X69.725 Y79.785 E19.17834
G1 X70.121 Y79.726 F7800
G1 E17.17834 F2400
G92 E0
G1 X70.612 Y108.603 F7800
G1 E2 F2400
;TYPE:Internal infill
;WIDTH:0.45
G1 F4200
G1 X71.223 Y109.215 E2.04159
G1 X71.772 Y109.215 E2.068
G1 X70.785 Y108.228 E2.13513
G1 X70.785 Y107.679 E2.16154
G1 X72.494 Y109.388 E2.27778
G1 E.27778 F2400
G92 E0
G1 X99.388 Y83.043 F7800
G1 E2 F2400
G1 F4200
G1 X98.781 Y82.436 E2.04129
G1 X98.785 Y82.989 E2.06789
G1 X99.215 Y83.419 E2.09714
G1 X99.215 Y83.967 E2.1235
G1 X98.785 Y83.538 E2.15271
G1 X98.785 Y84.087 E2.17912
G1 X99.215 Y84.516 E2.20833
G1 X99.215 Y85.065 E2.23474
G1 X98.785 Y84.636 E2.26395
G1 X98.785 Y85.185 E2.29036
G1 X99.215 Y85.614 E2.31957
G1 X99.215 Y86.163 E2.34598
G1 X98.785 Y85.734 E2.37519
G1 X98.785 Y86.283 E2.4016
G1 X99.215 Y86.712 E2.43081
G1 X99.215 Y87.261 E2.45722
G1 X98.785 Y86.831 E2.48647
G1 X98.785 Y87.38 E2.51288
G1 X99.215 Y87.809 E2.54209
G1 X99.215 Y88.358 E2.5685
G1 X98.785 Y87.929 E2.59771
G1 X98.785 Y88.478 E2.62412
G1 X99.215 Y88.907 E2.65333
G1 X99.215 Y89.456 E2.67974
G1 X98.785 Y89.027 E2.70895
G1 X98.785 Y89.576 E2.73536
G1 X99.215 Y90.005 E2.76457
G1 X99.215 Y90.554 E2.79098
G1 X98.785 Y90.125 E2.82019
G1 X98.785 Y90.673 E2.84655
G1 X99.215 Y91.102 E2.87576
G1 X99.215 Y91.651 E2.90217
G1 X98.785 Y91.222 E2.93138
G1 X98.785 Y91.771 E2.95779
G1 X99.215 Y92.2 E2.987
G1 X99.215 Y92.749 E3.01341
G1 X98.785 Y92.32 E3.04262
G1 X98.785 Y92.869 E3.06903
G1 X99.215 Y93.298 E3.09824
G1 X99.215 Y93.847 E3.12465
G1 X98.785 Y93.418 E3.15386
G1 X98.785 Y93.966 E3.18022
G1 X99.215 Y94.396 E3.20947
G1 X99.215 Y94.944 E3.23583
G1 X98.785 Y94.515 E3.26504
G1 X98.785 Y95.064 E3.29145
G1 X99.215 Y95.493 E3.32066
G1 X99.215 Y96.042 E3.34707
G1 X98.785 Y95.613 E3.37628
G1 X98.785 Y96.162 E3.40269
G1 X99.215 Y96.591 E3.4319
G1 X99.215 Y97.14 E3.45831
G1 X98.785 Y96.711 E3.48752
G1 X98.785 Y97.26 E3.51393
G1 X99.215 Y97.689 E3.54314
G1 X99.215 Y98.238 E3.56955
G1 X98.785 Y97.808 E3.5988
G1 X98.785 Y98.357 E3.62521
G1 X99.215 Y98.786 E3.65442
G1 X99.215 Y99.335 E3.68083
G1 X98.785 Y98.906 E3.71004
G1 X98.785 Y99.455 E3.73645
G1 X99.215 Y99.884 E3.76566
G1 X99.215 Y100.433 E3.79207
G1 X98.785 Y100.004 E3.82128
G1 X98.785 Y100.553 E3.84769
G1 X99.215 Y100.982 E3.8769
G1 X99.215 Y101.531 E3.90331
G1 X98.785 Y101.102 E3.93252
G1 X98.785 Y101.65 E3.95888
G1 X99.215 Y102.08 E3.98813
G1 X99.215 Y102.628 E4.01449
G1 X98.785 Y102.199 E4.0437
G1 X98.785 Y102.748 E4.07011
G1 X99.215 Y103.177 E4.09932
G1 X99.215 Y103.726 E4.12573
G1 X98.785 Y103.297 E4.15494
G1 X98.785 Y103.846 E4.18135
G1 X99.215 Y104.275 E4.21056
G1 X99.215 Y104.824 E4.23697
G1 X98.785 Y104.395 E4.26618
G1 X98.785 Y104.944 E4.29259
G1 X99.215 Y105.373 E4.3218
G1 X99.215 Y105.921 E4.34816
G1 X98.785 Y105.492 E4.37737
G1 X98.785 Y106.041 E4.40378
G1 X99.215 Y106.47 E4.43299
G1 X99.215 Y107.019 E4.4594
G1 X98.785 Y106.59 E4.48861
G1 X98.785 Y107.139 E4.51502
G1 X99.215 Y107.568 E4.54423
G1 X99.215 Y108.117 E4.57064
G1 X98.773 Y107.676 E4.60067
G1 X98.642 Y108.093 E4.62169
G1 X99.215 Y108.666 E4.66066
G1 X99.215 Y109.215 E4.68707
G1 X98.42 Y108.42 E4.74114
G1 X98.093 Y108.642 E4.76015
G1 X98.666 Y109.215 E4.79912
G1 X98.117 Y109.215 E4.82553
G1 X97.676 Y108.773 E4.85556
G1 X97.139 Y108.785 E4.88139
G1 X97.568 Y109.215 E4.9106
G1 X97.019 Y109.215 E4.93701
G1 X96.59 Y108.785 E4.96622
G1 X96.041 Y108.785 E4.99263
G1 X96.47 Y109.215 E5.02184
G1 X95.921 Y109.215 E5.04825
G1 X95.492 Y108.785 E5.07746
G1 X94.943 Y108.785 E5.10387
G1 X95.373 Y109.215 E5.13312
G1 X94.824 Y109.215 E5.15953
G1 X94.395 Y108.785 E5.18874
G1 X93.846 Y108.785 E5.21515
G1 X94.275 Y109.215 E5.24436
G1 X93.726 Y109.215 E5.27077
G1 X93.297 Y108.785 E5.29998
G1 X92.748 Y108.785 E5.32639
G1 X93.177 Y109.215 E5.3556
G1 X92.628 Y109.215 E5.38201
G1 X92.199 Y108.785 E5.41122
G1 X91.65 Y108.785 E5.43763
G1 X92.079 Y109.215 E5.46684
G1 X91.531 Y109.215 E5.4932
G1 X91.102 Y108.785 E5.52241
G1 X90.553 Y108.785 E5.54882
G1 X90.982 Y109.215 E5.57803
G1 X90.433 Y109.215 E5.60444
G1 X90.004 Y108.785 E5.63365
G1 X89.455 Y108.785 E5.66006
G1 X89.884 Y109.215 E5.68927
G1 X89.335 Y109.215 E5.71568
G1 X88.906 Y108.785 E5.74489
G1 X88.357 Y108.785 E5.7713
G1 X88.786 Y109.215 E5.80051
G1 X88.238 Y109.215 E5.82687
G1 X87.808 Y108.785 E5.85612
G1 X87.26 Y108.785 E5.88248
G1 X87.689 Y109.215 E5.91169
G1 X87.14 Y109.215 E5.9381
G1 X86.711 Y108.785 E5.96731
G1 X86.162 Y108.785 E5.99372
G1 X86.591 Y109.215 E6.02293
G1 X86.042 Y109.215 E6.04934
G1 X85.613 Y108.785 E6.07855
G1 X85.064 Y108.785 E6.10496
G1 X85.493 Y109.215 E6.13417
G1 X84.944 Y109.215 E6.16058
G1 X84.515 Y108.785 E6.18979
G1 X83.966 Y108.785 E6.2162
G1 X84.396 Y109.215 E6.24545
G1 X83.847 Y109.215 E6.27186
G1 X83.418 Y108.785 E6.30107
G1 X82.869 Y108.785 E6.32748
G1 X83.298 Y109.215 E6.35669
G1 X82.749 Y109.215 E6.3831
G1 X82.32 Y108.785 E6.41231
G1 X81.771 Y108.785 E6.43872
G1 X82.2 Y109.215 E6.46793
G1 X81.651 Y109.215 E6.49434
G1 X81.222 Y108.785 E6.52355
G1 X80.673 Y108.785 E6.54996
G1 X81.102 Y109.215 E6.57917
G1 X80.554 Y109.215 E6.60553
G1 X80.125 Y108.785 E6.63474
G1 X79.576 Y108.785 E6.66115
G1 X80.005 Y109.215 E6.69036
G1 X79.456 Y109.215 E6.71677
G1 X79.027 Y108.785 E6.74598
G1 X78.478 Y108.785 E6.77239
G1 X78.907 Y109.215 E6.8016
G1 X78.358 Y109.215 E6.82801
G1 X77.929 Y108.785 E6.85722
G1 X77.38 Y108.785 E6.88363
G1 X77.809 Y109.215 E6.91284
G1 X77.261 Y109.215 E6.9392
G1 X76.831 Y108.785 E6.96845
G1 X76.283 Y108.785 E6.99481
G1 X76.712 Y109.215 E7.02402
G1 X76.163 Y109.215 E7.05043
G1 X75.734 Y108.785 E7.07964
G1 X75.185 Y108.785 E7.10605
G1 X75.614 Y109.215 E7.13526
G1 X75.065 Y109.215 E7.16167
G1 X74.636 Y108.785 E7.19088
G1 X74.087 Y108.785 E7.21729
G1 X74.516 Y109.215 E7.2465
G1 X73.967 Y109.215 E7.27291
G1 X73.538 Y108.785 E7.30212
G1 X72.989 Y108.785 E7.32853
G1 X73.419 Y109.215 E7.35778
G1 X72.87 Y109.215 E7.38419
G1 X72.436 Y108.781 E7.41371
G1 X71.97 Y108.684 E7.4366
G1 X71.58 Y108.42 E7.45925
G1 X71.318 Y108.034 E7.48169
G1 X71.217 Y107.562 E7.50491
G1 X70.785 Y107.13 E7.53429
G1 X70.785 Y106.581 E7.5607
G1 X71.215 Y107.011 E7.58995
G1 X71.215 Y106.462 E7.61636
G1 X70.785 Y106.033 E7.64557
G1 X70.785 Y105.484 E7.67198
G1 X71.215 Y105.913 E7.70119
G1 X71.215 Y105.364 E7.7276
G1 X70.785 Y104.935 E7.75681
G1 X70.785 Y104.386 E7.78322
G1 X71.215 Y104.815 E7.81243
G1 X71.215 Y104.266 E7.83884
G1 X70.785 Y103.837 E7.86805
G1 X70.785 Y103.288 E7.89446
G1 X71.215 Y103.717 E7.92367
G1 X71.215 Y103.169 E7.95003
G1 X70.785 Y102.739 E7.97928
G1 X70.785 Y102.191 E8.00564
G1 X71.215 Y102.62 E8.03485
G1 X71.215 Y102.071 E8.06126
G1 X70.785 Y101.642 E8.09047
G1 X70.785 Y101.093 E8.11688
G1 X71.215 Y101.522 E8.14609
G1 X71.215 Y100.973 E8.1725
G1 X70.785 Y100.544 E8.20171
G1 X70.785 Y99.995 E8.22812
G1 X71.215 Y100.424 E8.25733
G1 X71.215 Y99.875 E8.28374
G1 X70.785 Y99.446 E8.31295
G1 X70.785 Y98.898 E8.33931
G1 X71.215 Y99.327 E8.36852
G1 X71.215 Y98.778 E8.39493
G1 X70.785 Y98.349 E8.42414
G1 X70.785 Y97.8 E8.45055
G1 X71.215 Y98.229 E8.47976
G1 X71.215 Y97.68 E8.50617
G1 X70.785 Y97.251 E8.53538
G1 X70.785 Y96.702 E8.56179
G1 X71.215 Y97.131 E8.591
G1 X71.215 Y96.582 E8.61741
G1 X70.785 Y96.153 E8.64662
G1 X70.785 Y95.604 E8.67303
G1 X71.215 Y96.034 E8.70228
G1 X71.215 Y95.485 E8.72869
G1 X70.785 Y95.056 E8.7579
G1 X70.785 Y94.507 E8.78431
G1 X71.215 Y94.936 E8.81352
G1 X71.215 Y94.387 E8.83993
G1 X70.785 Y93.958 E8.86914
G1 X70.785 Y93.409 E8.89555
G1 X71.215 Y93.838 E8.92476
G1 X71.215 Y93.289 E8.95117
G1 X70.785 Y92.86 E8.98038
G1 X70.785 Y92.311 E9.00679
G1 X71.215 Y92.74 E9.036
G1 X71.215 Y92.192 E9.06236
G1 X70.785 Y91.762 E9.09161
G1 X70.785 Y91.214 E9.11797
G1 X71.215 Y91.643 E9.14718
G1 X71.215 Y91.094 E9.17359
G1 X70.785 Y90.665 E9.2028
G1 X70.785 Y90.116 E9.22921
G1 X71.215 Y90.545 E9.25842
G1 X71.215 Y89.996 E9.28483
G1 X70.785 Y89.567 E9.31404
G1 X70.785 Y89.018 E9.34045
G1 X71.215 Y89.447 E9.36966
G1 X71.215 Y88.898 E9.39607
G1 X70.785 Y88.469 E9.42528
G1 X70.785 Y87.921 E9.45164
G1 X71.215 Y88.35 E9.48085
G1 X71.215 Y87.801 E9.50726
G1 X70.785 Y87.372 E9.53647
G1 X70.785 Y86.823 E9.56288
G1 X71.215 Y87.252 E9.59209
G1 X71.215 Y86.703 E9.6185
G1 X70.785 Y86.274 E9.64771
G1 X70.785 Y85.725 E9.67412
G1 X71.215 Y86.154 E9.70333
G1 X71.215 Y85.605 E9.72974
G1 X70.785 Y85.176 E9.75895
G1 X70.785 Y84.627 E9.78536
G1 X71.215 Y85.057 E9.81461
G1 X71.215 Y84.508 E9.84102
G1 X70.785 Y84.079 E9.87023
G1 X70.785 Y83.53 E9.89664
G1 X71.215 Y83.959 E9.92585
G1 X71.215 Y83.41 E9.95226
G1 X70.785 Y82.981 E9.98147
G1 X70.785 Y82.432 E10.00788
G1 X71.215 Y82.861 E10.03709
G1 X71.24 Y82.337 E10.06232
G1 X70.785 Y81.883 E10.09323
G1 X70.785 Y81.334 E10.11964
G1 X71.358 Y81.907 E10.15861
G1 X71.58 Y81.58 E10.17762
G1 X70.785 Y80.785 E10.23169
G1 X71.334 Y80.785 E10.2581
G1 X71.907 Y81.358 E10.29707
G1 X72.324 Y81.227 E10.31809
G1 X71.883 Y80.785 E10.34812
G1 X72.432 Y80.785 E10.37453
G1 X72.861 Y81.215 E10.40374
G1 X73.41 Y81.215 E10.43015
G1 X72.981 Y80.785 E10.45936
G1 X73.53 Y80.785 E10.48577
G1 X73.959 Y81.215 E10.51498
G1 X74.508 Y81.215 E10.54139
G1 X74.079 Y80.785 E10.5706
G1 X74.627 Y80.785 E10.59696
G1 X75.056 Y81.215 E10.62617
G1 X75.605 Y81.215 E10.65258
G1 X75.176 Y80.785 E10.68179
G1 X75.725 Y80.785 E10.7082
G1 X76.154 Y81.215 E10.73741
G1 X76.703 Y81.215 E10.76382
G1 X76.274 Y80.785 E10.79303
G1 X76.823 Y80.785 E10.81944
G1 X77.252 Y81.215 E10.84865
G1 X77.801 Y81.215 E10.87506
G1 X77.372 Y80.785 E10.90427
G1 X77.92 Y80.785 E10.93063
G1 X78.35 Y81.215 E10.95988
G1 X78.898 Y81.215 E10.98624
G1 X78.469 Y80.785 E11.01545
G1 X79.018 Y80.785 E11.04186
G1 X79.447 Y81.215 E11.07107
G1 X79.996 Y81.215 E11.09748
G1 X79.567 Y80.785 E11.12669
G1 X80.116 Y80.785 E11.1531
G1 X80.545 Y81.215 E11.18231
G1 X81.094 Y81.215 E11.20872
G1 X80.665 Y80.785 E11.23793
G1 X81.214 Y80.785 E11.26434
G1 X81.643 Y81.215 E11.29355
G1 X82.192 Y81.215 E11.31996
G1 X81.762 Y80.785 E11.34921
G1 X82.311 Y80.785 E11.37562
G1 X82.74 Y81.215 E11.40483
G1 X83.289 Y81.215 E11.43124
G1 X82.86 Y80.785 E11.46045
G1 X83.409 Y80.785 E11.48686
G1 X83.838 Y81.215 E11.51607
G1 X84.387 Y81.215 E11.54248
G1 X83.958 Y80.785 E11.57169
G1 X84.507 Y80.785 E11.5981
G1 X84.936 Y81.215 E11.62731
G1 X85.485 Y81.215 E11.65372
G1 X85.056 Y80.785 E11.68293
G1 X85.604 Y80.785 E11.70929
G1 X86.034 Y81.215 E11.73854
G1 X86.582 Y81.215 E11.7649
G1 X86.153 Y80.785 E11.79411
G1 X86.702 Y80.785 E11.82052
G1 X87.131 Y81.215 E11.84973
G1 X87.68 Y81.215 E11.87614
G1 X87.251 Y80.785 E11.90535
G1 X87.8 Y80.785 E11.93176
G1 X88.229 Y81.215 E11.96097
G1 X88.778 Y81.215 E11.98738
G1 X88.349 Y80.785 E12.01659
G1 X88.898 Y80.785 E12.043
G1 X89.327 Y81.215 E12.07221
G1 X89.875 Y81.215 E12.09857
G1 X89.446 Y80.785 E12.12778
G1 X89.995 Y80.785 E12.15419
G1 X90.424 Y81.215 E12.1834
G1 X90.973 Y81.215 E12.20981
G1 X90.544 Y80.785 E12.23902
G1 X91.093 Y80.785 E12.26543
G1 X91.522 Y81.215 E12.29464
G1 X92.071 Y81.215 E12.32105
G1 X91.642 Y80.785 E12.35026
G1 X92.191 Y80.785 E12.37667
G1 X92.62 Y81.215 E12.40588
G1 X93.169 Y81.215 E12.43229
G1 X92.739 Y80.785 E12.46154
G1 X93.288 Y80.785 E12.48795
G1 X93.717 Y81.215 E12.51716
G1 X94.266 Y81.215 E12.54357
G1 X93.837 Y80.785 E12.57278
G1 X94.386 Y80.785 E12.59919
G1 X94.815 Y81.215 E12.6284
G1 X95.364 Y81.215 E12.65481
G1 X94.935 Y80.785 E12.68402
G1 X95.484 Y80.785 E12.71043
G1 X95.913 Y81.215 E12.73964
G1 X96.462 Y81.215 E12.76605
G1 X96.033 Y80.785 E12.79526
G1 X96.581 Y80.785 E12.82162
G1 X97.011 Y81.215 E12.85087
G1 X97.564 Y81.219 E12.87747
G1 X97.13 Y80.785 E12.90699
G1 X97.679 Y80.785 E12.9334
G1 X99.215 Y82.321 E13.03788
G1 X99.215 Y81.772 E13.06429
G1 X98.228 Y80.785 E13.13142
G1 X98.777 Y80.785 E13.15783
G1 X99.388 Y81.397 E13.19942
G1 E11.19942 F2400
G92 E0
G1 X74.812 Y84.779 F7800
G1 E2 F2400
;TYPE:External perimeter
;WIDTH:0.583165
G1 F1800
G1 X74.876 Y84.765 E2.00424
;WIDTH:0.545178
G1 X74.968 Y84.746 E2.00987
;WIDTH:0.507191
G1 X95.032 Y84.746 E3.118
;WIDTH:0.545178
G1 X95.124 Y84.765 E3.12363
;WIDTH:0.583165
G1 X95.216 Y84.784 E3.12971
G1 X95.235 Y84.876 E3.13579
;WIDTH:0.545178
G1 X95.254 Y84.968 E3.14142
;WIDTH:0.507191
G1 X95.254 Y105.032 E4.24955
;WIDTH:0.545178
G1 X95.235 Y105.124 E4.25518
;WIDTH:0.583165
G1 X95.216 Y105.216 E4.26126
G1 X95.124 Y105.235 E4.26734
;WIDTH:0.545178
G1 X95.032 Y105.254 E4.27297
;WIDTH:0.507191
G1 X74.968 Y105.254 E5.3811
;WIDTH:0.545178
G1 X74.876 Y105.235 E5.38673
;WIDTH:0.583165
G1 X74.784 Y105.216 E5.39281
G1 X74.765 Y105.124 E5.39889
;WIDTH:0.545178
G1 X74.746 Y105.032 E5.40452
;WIDTH:0.507191
G1 X74.746 Y84.968 E6.51265
;WIDTH:0.545178
G1 X74.765 Y84.876 E6.51828
;WIDTH:0.583165
G1 X74.778 Y84.816 E6.52225
G1 X75.173 Y84.752 F7800
G1 E4.52225 F2400
G92 E0
G1 X95.658 Y105.658 F7800
G1 E2 F2400
G1 F1800
G1 X95.345 Y105.677 E2.02029
;WIDTH:0.545178
G1 X95.032 Y105.696 E2.03909
;WIDTH:0.507191
G1 X74.968 Y105.696 E3.14722
;WIDTH:0.545178
G1 X74.655 Y105.677 E3.16602
;WIDTH:0.583165
G1 X74.342 Y105.658 E3.18631
G1 X74.323 Y105.345 E3.2066
;WIDTH:0.545178
G1 X74.304 Y105.032 E3.2254
;WIDTH:0.507191
G1 X74.304 Y84.968 E4.33353
;WIDTH:0.545178
G1 X74.323 Y84.655 E4.35233
;WIDTH:0.583165
G1 X74.342 Y84.342 E4.37262
G1 X74.655 Y84.323 E4.39291
;WIDTH:0.545178
G1 X74.968 Y84.304 E4.41171
;WIDTH:0.507191
G1 X95.032 Y84.304 E5.51984
;WIDTH:0.545178
G1 X95.345 Y84.323 E5.53864
;WIDTH:0.583165
G1 X95.658 Y84.342 E5.55893
G1 X95.658 Y84.601 E5.57569
G1 X95.677 Y84.784 E5.58759
;WIDTH:0.545178
G1 X95.696 Y84.968 E5.59868
;WIDTH:0.507191
G1 X95.696 Y105.032 E6.70681
;WIDTH:0.510546
G1 X95.695 Y105.109 E6.7111
;WIDTH:0.546855
G1 X95.677 Y105.384 E6.72768
;WIDTH:0.583165
G1 X95.662 Y105.599 E6.74163
G1 X95.271 Y105.68 F7800
;LAYER_CHANGE
;Z:6.65
;HEIGHT:0.3
G1 E4.74163 F2400
G92 E0
G1 Z6.65 F7800
G1 X98.21 Y108.217
G1 E2 F2400
;TYPE:Perimeter
;WIDTH:0.45
G1 F3600
G1 X97.915 Y108.417 E2.01714
G1 X97.532 Y108.496 E2.03595
G1 X72.468 Y108.496 E3.24144
G1 X72.085 Y108.417 E3.26025
G1 X71.786 Y108.214 E3.27763
G1 X71.583 Y107.915 E3.29501
G1 X71.504 Y107.532 E3.31382
G1 X71.504 Y82.468 E4.51931
G1 X71.583 Y82.085 E4.53812
G1 X71.786 Y81.786 E4.5555
G1 X72.085 Y81.583 E4.57288
G1 X72.468 Y81.504 E4.59169
G1 X97.532 Y81.504 E5.79718
G1 X97.915 Y81.583 E5.81599
G1 X98.214 Y81.786 E5.83337
G1 X98.417 Y82.085 E5.85075
G1 X98.496 Y82.468 E5.86956
G1 X98.496 Y107.532 E7.07505
G1 X98.417 Y107.915 E7.09386
G1 X98.245 Y108.169 E7.10861
G1 X97.943 Y107.938 F7800
G1 F3600
G1 X97.941 Y107.941 E7.10878
G1 X97.762 Y108.063 E7.1192
G1 X97.532 Y108.111 E7.1305
G1 X72.468 Y108.111 E8.33599
G1 X72.238 Y108.063 E8.34729
G1 X72.059 Y107.941 E8.35771
G1 X71.937 Y107.762 E8.36813
G1 X71.889 Y107.532 E8.37943
G1 X71.889 Y82.468 E9.58492
G1 X71.937 Y82.238 E9.59622
G1 X72.059 Y82.059 E9.60664
G1 X72.238 Y81.937 E9.61706
G1 X72.468 Y81.889 E9.62836
G1 X97.532 Y81.889 E10.83385
G1 X97.762 Y81.937 E10.84515
G1 X97.941 Y82.059 E10.85557
G1 X98.063 Y82.238 E10.86599
G1 X98.111 Y82.468 E10.87729
G1 X98.111 Y107.532 E12.08278
G1 X98.063 Y107.762 E12.09408
G1 X97.977 Y107.889 E12.10146
G1 X97.671 Y107.662 F7800
;TYPE:External perimeter
G1 F1800
G1 X97.669 Y107.669 E12.10181
G1 X97.532 Y107.725 E12.10893
G1 X72.468 Y107.725 E13.31442
G1 X72.331 Y107.669 E13.32154
G1 X72.275 Y107.532 E13.32866
G1 X72.275 Y82.468 E14.53415
G1 X72.331 Y82.331 E14.54127
G1 X72.468 Y82.275 E14.54839
G1 X97.532 Y82.275 E15.75388
G1 X97.669 Y82.331 E15.761
G1 X97.725 Y82.468 E15.76812
G1 X97.725 Y107.532 E16.97361
G1 X97.694 Y107.607 E16.97751
G1 X97.31 Y107.718 F7800
G1 E14.97751 F2400
G92 E0
G1 X70.496 Y80.496 F7800
G1 E2 F2400
;TYPE:Perimeter
G1 F3600
G1 X99.504 Y80.496 E3.39518
G1 X99.504 Y81.252 E3.43154
G1 X99.504 Y109.504 E4.79036
G1 X70.496 Y109.504 E6.18554
G1 X70.496 Y80.556 E7.57784
G1 X70.111 Y80.111 F7800
G1 F3600
G1 X99.889 Y80.111 E9.01006
G1 X99.889 Y81.252 E9.06494
G1 X99.889 Y109.889 E10.44228
G1 X70.111 Y109.889 E11.8745
G1 X70.111 Y80.171 E13.30383
G1 X69.725 Y79.725 F7800
;TYPE:External perimeter
G1 F1800
G1 X100.275 Y79.725 E14.77318
G1 X100.275 Y81.252 E14.84662
G1 X100.275 Y110.275 E16.24253
G1 X69.725 Y110.275 E17.71188
G1 X69.725 Y79.785 E19.17834
G1 X70.121 Y79.726 F7800
G1 X71.397 Y80.612
;TYPE:Internal infill
;WIDTH:0.45
G1 F4200
G1 X70.785 Y81.223 E19.21993
G1 X70.785 Y81.772 E19.24634
G1 X71.772 Y80.785 E19.31347
G1 X72.321 Y80.785 E19.33988
G1 X70.612 Y82.494 E19.45612
G1 E17.45612 F2400
G92 E0
G1 X96.957 Y109.388 F7800
G1 E2 F2400
G1 F4200
G1 X97.562 Y108.783 E2.04115
G1 X97.011 Y108.785 E2.06765
G1 X96.581 Y109.215 E2.0969
G1 X96.033 Y109.215 E2.12326
G1 X96.462 Y108.785 E2.15247
G1 X95.913 Y108.785 E2.17888
G1 X95.484 Y109.215 E2.20809
G1 X94.935 Y109.215 E2.2345
G1 X95.364 Y108.785 E2.26371
G1 X94.815 Y108.785 E2.29012
G1 X94.386 Y109.215 E2.31933
G1 X93.837 Y109.215 E2.34574
G1 X94.266 Y108.785 E2.37495
G1 X93.717 Y108.785 E2.40136
G1 X93.288 Y109.215 E2.43057
G1 X92.739 Y109.215 E2.45698
G1 X93.169 Y108.785 E2.48623
G1 X92.62 Y108.785 E2.51264
G1 X92.191 Y109.215 E2.54185
G1 X91.642 Y109.215 E2.56826
G1 X92.071 Y108.785 E2.59747
G1 X91.522 Y108.785 E2.62388
G1 X91.093 Y109.215 E2.65309
G1 X90.544 Y109.215 E2.6795
G1 X90.973 Y108.785 E2.70871
G1 X90.424 Y108.785 E2.73512
G1 X89.995 Y109.215 E2.76433
G1 X89.446 Y109.215 E2.79074
G1 X89.875 Y108.785 E2.81995
G1 X89.327 Y108.785 E2.84631
G1 X88.898 Y109.215 E2.87552
G1 X88.349 Y109.215 E2.90193
G1 X88.778 Y108.785 E2.93114
G1 X88.229 Y108.785 E2.95755
G1 X87.8 Y109.215 E2.98676
G1 X87.251 Y109.215 E3.01317
G1 X87.68 Y108.785 E3.04238
G1 X87.131 Y108.785 E3.06879
G1 X86.702 Y109.215 E3.098
G1 X86.153 Y109.215 E3.12441
G1 X86.582 Y108.785 E3.15362
G1 X86.034 Y108.785 E3.17998
G1 X85.604 Y109.215 E3.20923
G1 X85.056 Y109.215 E3.23559
G1 X85.485 Y108.785 E3.2648
G1 X84.936 Y108.785 E3.29121
G1 X84.507 Y109.215 E3.32042
G1 X83.958 Y109.215 E3.34683
G1 X84.387 Y108.785 E3.37604
G1 X83.838 Y108.785 E3.40245
G1 X83.409 Y109.215 E3.43166
G1 X82.86 Y109.215 E3.45807
G1 X83.289 Y108.785 E3.48728
G1 X82.74 Y108.785 E3.51369
G1 X82.311 Y109.215 E3.5429
G1 X81.762 Y109.215 E3.56931
G1 X82.192 Y108.785 E3.59856
G1 X81.643 Y108.785 E3.62497
G1 X81.214 Y109.215 E3.65418
G1 X80.665 Y109.215 E3.68059
G1 X81.094 Y108.785 E3.7098
G1 X80.545 Y108.785 E3.73621
G1 X80.116 Y109.215 E3.76542
G1 X79.567 Y109.215 E3.79183
G1 X79.996 Y108.785 E3.82104
G1 X79.447 Y108.785 E3.84745
G1 X79.018 Y109.215 E3.87666
G1 X78.469 Y109.215 E3.90307
G1 X78.898 Y108.785 E3.93228
G1 X78.35 Y108.785 E3.95864
G1 X77.92 Y109.215 E3.98789
G1 X77.372 Y109.215 E4.01425
G1 X77.801 Y108.785 E4.04346
G1 X77.252 Y108.785 E4.06987
G1 X76.823 Y109.215 E4.09908
G1 X76.274 Y109.215 E4.12549
G1 X76.703 Y108.785 E4.1547
G1 X76.154 Y108.785 E4.18111
G1 X75.725 Y109.215 E4.21032
G1 X75.176 Y109.215 E4.23673
G1 X75.605 Y108.785 E4.26594
G1 X75.056 Y108.785 E4.29235
G1 X74.627 Y109.215 E4.32156
G1 X74.079 Y109.215 E4.34792
G1 X74.508 Y108.785 E4.37713
G1 X73.959 Y108.785 E4.40354
G1 X73.53 Y109.215 E4.43275
G1 X72.981 Y109.215 E4.45916
G1 X73.41 Y108.785 E4.48837
G1 X72.861 Y108.785 E4.51478
G1 X72.432 Y109.215 E4.54399
G1 X71.883 Y109.215 E4.5704
G1 X72.337 Y108.76 E4.60131
G1 X71.907 Y108.642 E4.62276
G1 X71.334 Y109.215 E4.66173
G1 X70.785 Y109.215 E4.68814
G1 X71.58 Y108.42 E4.74221
G1 X71.358 Y108.093 E4.76122
G1 X70.785 Y108.666 E4.80019
G1 X70.785 Y108.117 E4.8266
G1 X71.227 Y107.676 E4.85663
G1 X71.215 Y107.139 E4.88246
G1 X70.785 Y107.568 E4.91167
G1 X70.785 Y107.019 E4.93808
G1 X71.215 Y106.59 E4.96729
G1 X71.215 Y106.041 E4.9937
G1 X70.785 Y106.47 E5.02291
G1 X70.785 Y105.921 E5.04932
G1 X71.215 Y105.492 E5.07853
G1 X71.215 Y104.943 E5.10494
G1 X70.785 Y105.373 E5.13419
G1 X70.785 Y104.824 E5.1606
G1 X71.215 Y104.395 E5.18981
G1 X71.215 Y103.846 E5.21622
G1 X70.785 Y104.275 E5.24543
G1 X70.785 Y103.726 E5.27184
G1 X71.215 Y103.297 E5.30105
G1 X71.215 Y102.748 E5.32746
G1 X70.785 Y103.177 E5.35667
G1 X70.785 Y102.628 E5.38308
G1 X71.215 Y102.199 E5.41229
G1 X71.215 Y101.65 E5.4387
G1 X70.785 Y102.079 E5.46791
G1 X70.785 Y101.531 E5.49427
G1 X71.215 Y101.102 E5.52348
G1 X71.215 Y100.553 E5.54989
G1 X70.785 Y100.982 E5.5791
G1 X70.785 Y100.433 E5.60551
G1 X71.215 Y100.004 E5.63472
G1 X71.215 Y99.455 E5.66113
G1 X70.785 Y99.884 E5.69034
G1 X70.785 Y99.335 E5.71675
G1 X71.215 Y98.906 E5.74596
G1 X71.215 Y98.357 E5.77237
G1 X70.785 Y98.786 E5.80158
G1 X70.785 Y98.238 E5.82794
G1 X71.215 Y97.808 E5.85719
G1 X71.215 Y97.26 E5.88355
G1 X70.785 Y97.689 E5.91276
G1 X70.785 Y97.14 E5.93917
G1 X71.215 Y96.711 E5.96838
G1 X71.215 Y96.162 E5.99479
G1 X70.785 Y96.591 E6.024
G1 X70.785 Y96.042 E6.05041
G1 X71.215 Y95.613 E6.07962
G1 X71.215 Y95.064 E6.10603
G1 X70.785 Y95.493 E6.13524
G1 X70.785 Y94.944 E6.16165
G1 X71.215 Y94.515 E6.19086
G1 X71.215 Y93.966 E6.21727
G1 X70.785 Y94.396 E6.24652
G1 X70.785 Y93.847 E6.27293
G1 X71.215 Y93.418 E6.30214
G1 X71.215 Y92.869 E6.32855
G1 X70.785 Y93.298 E6.35776
G1 X70.785 Y92.749 E6.38417
G1 X71.215 Y92.32 E6.41338
G1 X71.215 Y91.771 E6.43979
G1 X70.785 Y92.2 E6.469
G1 X70.785 Y91.651 E6.49541
G1 X71.215 Y91.222 E6.52462
G1 X71.215 Y90.673 E6.55103
G1 X70.785 Y91.102 E6.58024
G1 X70.785 Y90.554 E6.6066
G1 X71.215 Y90.125 E6.63581
G1 X71.215 Y89.576 E6.66222
G1 X70.785 Y90.005 E6.69143
G1 X70.785 Y89.456 E6.71784
G1 X71.215 Y89.027 E6.74705
G1 X71.215 Y88.478 E6.77346
G1 X70.785 Y88.907 E6.80267
G1 X70.785 Y88.358 E6.82908
G1 X71.215 Y87.929 E6.85829
G1 X71.215 Y87.38 E6.8847
G1 X70.785 Y87.809 E6.91391
G1 X70.785 Y87.261 E6.94027
G1 X71.215 Y86.831 E6.96952
G1 X71.215 Y86.283 E6.99588
G1 X70.785 Y86.712 E7.02509
G1 X70.785 Y86.163 E7.0515
G1 X71.215 Y85.734 E7.08071
G1 X71.215 Y85.185 E7.10712
G1 X70.785 Y85.614 E7.13633
G1 X70.785 Y85.065 E7.16274
G1 X71.215 Y84.636 E7.19195
G1 X71.215 Y84.087 E7.21836
G1 X70.785 Y84.516 E7.24757
G1 X70.785 Y83.967 E7.27398
G1 X71.215 Y83.538 E7.30319
G1 X71.215 Y82.989 E7.3296
G1 X70.785 Y83.419 E7.35885
G1 X70.785 Y82.87 E7.38526
G1 X71.219 Y82.436 E7.41478
G1 X71.316 Y81.97 E7.43767
G1 X71.58 Y81.58 E7.46032
G1 X71.966 Y81.318 E7.48276
G1 X72.438 Y81.217 E7.50598
G1 X72.87 Y80.785 E7.53536
G1 X73.419 Y80.785 E7.56177
G1 X72.989 Y81.215 E7.59102
G1 X73.538 Y81.215 E7.61743
G1 X73.967 Y80.785 E7.64664
G1 X74.516 Y80.785 E7.67305
G1 X74.087 Y81.215 E7.70226
G1 X74.636 Y81.215 E7.72867
G1 X75.065 Y80.785 E7.75788
G1 X75.614 Y80.785 E7.78429
G1 X75.185 Y81.215 E7.8135
G1 X75.734 Y81.215 E7.83991
G1 X76.163 Y80.785 E7.86912
G1 X76.712 Y80.785 E7.89553
G1 X76.283 Y81.215 E7.92474
G1 X76.831 Y81.215 E7.9511
G1 X77.261 Y80.785 E7.98035
G1 X77.809 Y80.785 E8.00671
G1 X77.38 Y81.215 E8.03592
G1 X77.929 Y81.215 E8.06233
G1 X78.358 Y80.785 E8.09154
G1 X78.907 Y80.785 E8.11795
G1 X78.478 Y81.215 E8.14716
G1 X79.027 Y81.215 E8.17357
G1 X79.456 Y80.785 E8.20278
G1 X80.005 Y80.785 E8.22919
G1 X79.576 Y81.215 E8.2584
G1 X80.125 Y81.215 E8.28481
G1 X80.554 Y80.785 E8.31402
G1 X81.102 Y80.785 E8.34038
G1 X80.673 Y81.215 E8.36959
G1 X81.222 Y81.215 E8.396
G1 X81.651 Y80.785 E8.42521
G1 X82.2 Y80.785 E8.45162
G1 X81.771 Y81.215 E8.48083
G1 X82.32 Y81.215 E8.50724
G1 X82.749 Y80.785 E8.53645
G1 X83.298 Y80.785 E8.56286
G1 X82.869 Y81.215 E8.59207
G1 X83.418 Y81.215 E8.61848
G1 X83.847 Y80.785 E8.64769
G1 X84.396 Y80.785 E8.6741
G1 X83.966 Y81.215 E8.70335
G1 X84.515 Y81.215 E8.72976
G1 X84.944 Y80.785 E8.75897
G1 X85.493 Y80.785 E8.78538
G1 X85.064 Y81.215 E8.81459
G1 X85.613 Y81.215 E8.841
G1 X86.042 Y80.785 E8.87021
G1 X86.591 Y80.785 E8.89662
G1 X86.162 Y81.215 E8.92583
G1 X86.711 Y81.215 E8.95224
G1 X87.14 Y80.785 E8.98145
G1 X87.689 Y80.785 E9.00786
G1 X87.26 Y81.215 E9.03707
G1 X87.808 Y81.215 E9.06343
G1 X88.238 Y80.785 E9.09268
G1 X88.786 Y80.785 E9.11904
G1 X88.357 Y81.215 E9.14825
G1 X88.906 Y81.215 E9.17466
G1 X89.335 Y80.785 E9.20387
G1 X89.884 Y80.785 E9.23028
G1 X89.455 Y81.215 E9.25949
G1 X90.004 Y81.215 E9.2859
G1 X90.433 Y80.785 E9.31511
G1 X90.982 Y80.785 E9.34152
G1 X90.553 Y81.215 E9.37073
G1 X91.102 Y81.215 E9.39714
G1 X91.531 Y80.785 E9.42635
G1 X92.079 Y80.785 E9.45271
G1 X91.65 Y81.215 E9.48192
G1 X92.199 Y81.215 E9.50833
G1 X92.628 Y80.785 E9.53754
G1 X93.177 Y80.785 E9.56395
G1 X92.748 Y81.215 E9.59316
G1 X93.297 Y81.215 E9.61957
G1 X93.726 Y80.785 E9.64878
G1 X94.275 Y80.785 E9.67519
G1 X93.846 Y81.215 E9.7044
G1 X94.395 Y81.215 E9.73081
G1 X94.824 Y80.785 E9.76002
G1 X95.373 Y80.785 E9.78643
G1 X94.943 Y81.215 E9.81568
G1 X95.492 Y81.215 E9.84209
G1 X95.921 Y80.785 E9.8713
G1 X96.47 Y80.785 E9.89771
G1 X96.041 Y81.215 E9.92692
G1 X96.59 Y81.215 E9.95333
G1 X97.019 Y80.785 E9.98254
G1 X97.568 Y80.785 E10.00895
G1 X97.139 Y81.215 E10.03816
G1 X97.663 Y81.24 E10.06339
G1 X98.117 Y80.785 E10.0943
G1 X98.666 Y80.785 E10.12071
G1 X98.093 Y81.358 E10.15968
G1 X98.42 Y81.58 E10.17869
G1 X99.215 Y80.785 E10.23276
G1 X99.215 Y81.334 E10.25917
G1 X98.642 Y81.907 E10.29814
G1 X98.76 Y82.337 E10.31959
G1 X99.215 Y81.883 E10.3505
G1 X99.215 Y82.432 E10.37691
G1 X98.785 Y82.861 E10.40612
G1 X98.785 Y83.41 E10.43253
G1 X99.215 Y82.981 E10.46174
G1 X99.215 Y83.53 E10.48815
G1 X98.785 Y83.959 E10.51736
G1 X98.785 Y84.508 E10.54377
G1 X99.215 Y84.079 E10.57298
G1 X99.215 Y84.627 E10.59934
G1 X98.785 Y85.056 E10.62855
G1 X98.785 Y85.605 E10.65496
G1 X99.215 Y85.176 E10.68417
G1 X99.215 Y85.725 E10.71058
G1 X98.785 Y86.154 E10.73979
G1 X98.785 Y86.703 E10.7662
G1 X99.215 Y86.274 E10.79541
G1 X99.215 Y86.823 E10.82182
G1 X98.785 Y87.252 E10.85103
G1 X98.785 Y87.801 E10.87744
G1 X99.215 Y87.372 E10.90665
G1 X99.215 Y87.921 E10.93306
G1 X98.785 Y88.35 E10.96227
G1 X98.785 Y88.898 E10.98863
G1 X99.215 Y88.469 E11.01784
G1 X99.215 Y89.018 E11.04425
G1 X98.785 Y89.447 E11.07346
G1 X98.785 Y89.996 E11.09987
G1 X99.215 Y89.567 E11.12908
G1 X99.215 Y90.116 E11.15549
G1 X98.785 Y90.545 E11.1847
G1 X98.785 Y91.094 E11.21111
G1 X99.215 Y90.665 E11.24032
G1 X99.215 Y91.214 E11.26673
G1 X98.785 Y91.643 E11.29594
G1 X98.785 Y92.192 E11.32235
G1 X99.215 Y91.762 E11.3516
G1 X99.215 Y92.311 E11.37801
G1 X98.785 Y92.74 E11.40722
G1 X98.785 Y93.289 E11.43363
G1 X99.215 Y92.86 E11.46284
G1 X99.215 Y93.409 E11.48925
G1 X98.785 Y93.838 E11.51846
G1 X98.785 Y94.387 E11.54487
G1 X99.215 Y93.958 E11.57408
G1 X99.215 Y94.507 E11.60049
G1 X98.785 Y94.936 E11.6297
G1 X98.785 Y95.485 E11.65611
G1 X99.215 Y95.056 E11.68532
G1 X99.215 Y95.604 E11.71168
G1 X98.785 Y96.034 E11.74093
G1 X98.785 Y96.582 E11.76729
G1 X99.215 Y96.153 E11.7965
G1 X99.215 Y96.702 E11.82291
G1 X98.785 Y97.131 E11.85212
G1 X98.785 Y97.68 E11.87853
G1 X99.215 Y97.251 E11.90774
G1 X99.215 Y97.8 E11.93415
G1 X98.785 Y98.229 E11.96336
G1 X98.785 Y98.778 E11.98977
G1 X99.215 Y98.349 E12.01898
G1 X99.215 Y98.898 E12.04539
G1 X98.785 Y99.327 E12.0746
G1 X98.785 Y99.875 E12.10096
G1 X99.215 Y99.446 E12.13017
G1 X99.215 Y99.995 E12.15658
G1 X98.785 Y100.424 E12.18579
G1 X98.785 Y100.973 E12.2122
G1 X99.215 Y100.544 E12.24141
G1 X99.215 Y101.093 E12.26782
G1 X98.785 Y101.522 E12.29703
G1 X98.785 Y102.071 E12.32344
G1 X99.215 Y101.642 E12.35265
G1 X99.215 Y102.191 E12.37906
G1 X98.785 Y102.62 E12.40827
G1 X98.785 Y103.169 E12.43468
G1 X99.215 Y102.739 E12.46393
G1 X99.215 Y103.288 E12.49034
G1 X98.785 Y103.717 E12.51955
G1 X98.785 Y104.266 E12.54596
G1 X99.215 Y103.837 E12.57517
G1 X99.215 Y104.386 E12.60158
G1 X98.785 Y104.815 E12.63079
G1 X98.785 Y105.364 E12.6572
G1 X99.215 Y104.935 E12.68641
G1 X99.215 Y105.484 E12.71282
G1 X98.785 Y105.913 E12.74203
G1 X98.785 Y106.462 E12.76844
G1 X99.215 Y106.033 E12.79765
G1 X99.215 Y106.581 E12.82401
G1 X98.785 Y107.011 E12.85326
G1 X98.783 Y107.562 E12.87976
G1 X99.215 Y107.13 E12.90914
G1 X99.215 Y107.679 E12.93555
G1 X97.679 Y109.215 E13.04003
G1 X98.228 Y109.215 E13.06644
G1 X99.215 Y108.228 E13.13357
G1 X99.215 Y108.777 E13.15998
G1 X98.603 Y109.388 E13.20157
G1 E11.20157 F2400
G92 E0
G1 X74.812 Y84.779 F7800
G1 E2 F2400
;TYPE:External perimeter
;WIDTH:0.583165
G1 F1800
G1 X74.876 Y84.765 E2.00424
;WIDTH:0.545178
G1 X74.968 Y84.746 E2.00987
;WIDTH:0.507191
G1 X95.032 Y84.746 E3.118
;WIDTH:0.545178
G1 X95.124 Y84.765 E3.12363
;WIDTH:0.583165
G1 X95.216 Y84.784 E3.12971
G1 X95.235 Y84.876 E3.13579
;WIDTH:0.545178
G1 X95.254 Y84.968 E3.14142
;WIDTH:0.507191
G1 X95.254 Y105.032 E4.24955
;WIDTH:0.545178
G1 X95.235 Y105.124 E4.25518
;WIDTH:0.583165
G1 X95.216 Y105.216 E4.26126
G1 X95.124 Y105.235 E4.26734
;WIDTH:0.545178
G1 X95.032 Y105.254 E4.27297
;WIDTH:0.507191
G1 X74.968 Y105.254 E5.3811
;WIDTH:0.545178
G1 X74.876 Y105.235 E5.38673
;WIDTH:0.583165
G1 X74.784 Y105.216 E5.39281
G1 X74.765 Y105.124 E5.39889
;WIDTH:0.545178
G1 X74.746 Y105.032 E5.40452
;WIDTH:0.507191
G1 X74.746 Y84.968 E6.51265
;WIDTH:0.545178
G1 X74.765 Y84.876 E6.51828
;WIDTH:0.583165
G1 X74.778 Y84.816 E6.52225
G1 X75.173 Y84.752 F7800
G1 E4.52225 F2400
G92 E0
G1 X95.658 Y105.658 F7800
G1 E2 F2400
G1 F1800
G1 X95.345 Y105.677 E2.02029
;WIDTH:0.545178
G1 X95.032 Y105.696 E2.03909
;WIDTH:0.507191
G1 X74.968 Y105.696 E3.14722
;WIDTH:0.545178
G1 X74.655 Y105.677 E3.16602
;WIDTH:0.583165
G1 X74.342 Y105.658 E3.18631
G1 X74.323 Y105.345 E3.2066
;WIDTH:0.545178
G1 X74.304 Y105.032 E3.2254
;WIDTH:0.507191
G1 X74.304 Y84.968 E4.33353
;WIDTH:0.545178
G1 X74.323 Y84.655 E4.35233
;WIDTH:0.583165
G1 X74.342 Y84.342 E4.37262
G1 X74.655 Y84.323 E4.39291
;WIDTH:0.545178
G1 X74.968 Y84.304 E4.41171
;WIDTH:0.507191
G1 X95.032 Y84.304 E5.51984
;WIDTH:0.545178
G1 X95.345 Y84.323 E5.53864
;WIDTH:0.583165
G1 X95.658 Y84.342 E5.55893
G1 X95.658 Y84.601 E5.57569
G1 X95.677 Y84.784 E5.58759
;WIDTH:0.545178
G1 X95.696 Y84.968 E5.59868
;WIDTH:0.507191
G1 X95.696 Y105.032 E6.70681
;WIDTH:0.510546
G1 X95.695 Y105.109 E6.7111
;WIDTH:0.546855
G1 X95.677 Y105.384 E6.72768
;WIDTH:0.583165
G1 X95.662 Y105.599 E6.74163
G1 X95.271 Y105.68 F7800
;LAYER_CHANGE
;Z:6.95
;HEIGHT:0.3
G1 E4.74163 F2400
G92 E0
G1 Z6.95 F7800
G1 X98.21 Y108.217
G1 E2 F2400
;TYPE:Perimeter
;WIDTH:0.45
G1 F3600
G1 X97.915 Y108.417 E2.01714
G1 X97.532 Y108.496 E2.03595
G1 X72.468 Y108.496 E3.24144
G1 X72.085 Y108.417 E3.26025
G1 X71.786 Y108.214 E3.27763
G1 X71.583 Y107.915 E3.29501
G1 X71.504 Y107.532 E3.31382
G1 X71.504 Y82.468 E4.51931
G1 X71.583 Y82.085 E4.53812
G1 X71.786 Y81.786 E4.5555
G1 X72.085 Y81.583 E4.57288
G1 X72.468 Y81.504 E4.59169
G1 X97.532 Y81.504 E5.79718
G1 X97.915 Y81.583 E5.81599
G1 X98.214 Y81.786 E5.83337
G1 X98.417 Y82.085 E5.85075
G1 X98.496 Y82.468 E5.86956
G1 X98.496 Y107.532 E7.07505
G1 X98.417 Y107.915 E7.09386
G1 X98.245 Y108.169 E7.10861
G1 X97.943 Y107.938 F7800
G1 F3600
G1 X97.941 Y107.941 E7.10878
G1 X97.762 Y108.063 E7.1192
G1 X97.532 Y108.111 E7.1305
G1 X72.468 Y108.111 E8.33599
G1 X72.238 Y108.063 E8.34729
G1 X72.059 Y107.941 E8.35771
G1 X71.937 Y107.762 E8.36813
G1 X71.889 Y107.532 E8.37943
G1 X71.889 Y82.468 E9.58492
G1 X71.937 Y82.238 E9.59622
G1 X72.059 Y82.059 E9.60664
G1 X72.238 Y81.937 E9.61706
G1 X72.468 Y81.889 E9.62836
G1 X97.532 Y81.889 E10.83385
G1 X97.762 Y81.937 E10.84515
G1 X97.941 Y82.059 E10.85557
G1 X98.063 Y82.238 E10.86599
G1 X98.111 Y82.468 E10.87729
G1 X98.111 Y107.532 E12.08278
G1 X98.063 Y107.762 E12.09408
G1 X97.977 Y107.889 E12.10146
G1 X97.671 Y107.662 F7800
;TYPE:External perimeter
G1 F1800
G1 X97.669 Y107.669 E12.10181
G1 X97.532 Y107.725 E12.10893
G1 X72.468 Y107.725 E13.31442
G1 X72.331 Y107.669 E13.32154
G1 X72.275 Y107.532 E13.32866
G1 X72.275 Y82.468 E14.53415
G1 X72.331 Y82.331 E14.54127
G1 X72.468 Y82.275 E14.54839
G1 X97.532 Y82.275 E15.75388
G1 X97.669 Y82.331 E15.761
G1 X97.725 Y82.468 E15.76812
G1 X97.725 Y107.532 E16.97361
G1 X97.694 Y107.607 E16.97751
G1 X97.31 Y107.718 F7800
G1 E14.97751 F2400
G92 E0
G1 X70.496 Y80.496 F7800
G1 E2 F2400
;TYPE:Perimeter
G1 F3600
G1 X99.504 Y80.496 E3.39518
G1 X99.504 Y81.252 E3.43154
G1 X99.504 Y109.504 E4.79036
G1 X70.496 Y109.504 E6.18554
G1 X70.496 Y80.556 E7.57784
G1 X70.111 Y80.111 F7800
G1 F3600
G1 X99.889 Y80.111 E9.01006
G1 X99.889 Y81.252 E9.06494
G1 X99.889 Y109.889 E10.44228
G1 X70.111 Y109.889 E11.8745
G1 X70.111 Y80.171 E13.30383
G1 X69.725 Y79.725 F7800
;TYPE:External perimeter
G1 F1800
G1 X100.275 Y79.725 E14.77318
G1 X100.275 Y81.252 E14.84662
G1 X100.275 Y110.275 E16.24253
G1 X69.725 Y110.275 E17.71188
G1 X69.725 Y79.785 E19.17834
G1 X70.121 Y79.726 F7800
G1 E17.17834 F2400
G92 E0
G1 X70.612 Y108.603 F7800
G1 E2 F2400
;TYPE:Internal infill
;WIDTH:0.45
G1 F4200
G1 X71.223 Y109.215 E2.04159
G1 X71.772 Y109.215 E2.068
G1 X70.785 Y108.228 E2.13513
G1 X70.785 Y107.679 E2.16154
G1 X72.494 Y109.388 E2.27778
G1 E.27778 F2400
G92 E0
G1 X99.388 Y83.043 F7800
G1 E2 F2400
G1 F4200
G1 X98.781 Y82.436 E2.04129
G1 X98.785 Y82.989 E2.06789
G1 X99.215 Y83.419 E2.09714
G1 X99.215 Y83.967 E2.1235
G1 X98.785 Y83.538 E2.15271
G1 X98.785 Y84.087 E2.17912
G1 X99.215 Y84.516 E2.20833
G1 X99.215 Y85.065 E2.23474
G1 X98.785 Y84.636 E2.26395
G1 X98.785 Y85.185 E2.29036
G1 X99.215 Y85.614 E2.31957
G1 X99.215 Y86.163 E2.34598
G1 X98.785 Y85.734 E2.37519
G1 X98.785 Y86.283 E2.4016
G1 X99.215 Y86.712 E2.43081
G1 X99.215 Y87.261 E2.45722
G1 X98.785 Y86.831 E2.48647
G1 X98.785 Y87.38 E2.51288
G1 X99.215 Y87.809 E2.54209
G1 X99.215 Y88.358 E2.5685
G1 X98.785 Y87.929 E2.59771
G1 X98.785 Y88.478 E2.62412
G1 X99.215 Y88.907 E2.65333
G1 X99.215 Y89.456 E2.67974
G1 X98.785 Y89.027 E2.70895
G1 X98.785 Y89.576 E2.73536
G1 X99.215 Y90.005 E2.76457
G1 X99.215 Y90.554 E2.79098
G1 X98.785 Y90.125 E2.82019
G1 X98.785 Y90.673 E2.84655
G1 X99.215 Y91.102 E2.87576
G1 X99.215 Y91.651 E2.90217
G1 X98.785 Y91.222 E2.93138
G1 X98.785 Y91.771 E2.95779
G1 X99.215 Y92.2 E2.987
G1 X99.215 Y92.749 E3.01341
G1 X98.785 Y92.32 E3.04262
G1 X98.785 Y92.869 E3.06903
G1 X99.215 Y93.298 E3.09824
G1 X99.215 Y93.847 E3.12465
G1 X98.785 Y93.418 E3.15386
G1 X98.785 Y93.966 E3.18022
G1 X99.215 Y94.396 E3.20947
G1 X99.215 Y94.944 E3.23583
G1 X98.785 Y94.515 E3.26504
G1 X98.785 Y95.064 E3.29145
G1 X99.215 Y95.493 E3.32066
G1 X99.215 Y96.042 E3.34707
G1 X98.785 Y95.613 E3.37628
G1 X98.785 Y96.162 E3.40269
G1 X99.215 Y96.591 E3.4319
G1 X99.215 Y97.14 E3.45831
G1 X98.785 Y96.711 E3.48752
G1 X98.785 Y97.26 E3.51393
G1 X99.215 Y97.689 E3.54314
G1 X99.215 Y98.238 E3.56955
G1 X98.785 Y97.808 E3.5988
G1 X98.785 Y98.357 E3.62521
G1 X99.215 Y98.786 E3.65442
G1 X99.215 Y99.335 E3.68083
G1 X98.785 Y98.906 E3.71004
G1 X98.785 Y99.455 E3.73645
G1 X99.215 Y99.884 E3.76566
G1 X99.215 Y100.433 E3.79207
G1 X98.785 Y100.004 E3.82128
G1 X98.785 Y100.553 E3.84769
G1 X99.215 Y100.982 E3.8769
G1 X99.215 Y101.531 E3.90331
G1 X98.785 Y101.102 E3.93252
G1 X98.785 Y101.65 E3.95888
G1 X99.215 Y102.08 E3.98813
G1 X99.215 Y102.628 E4.01449
G1 X98.785 Y102.199 E4.0437
G1 X98.785 Y102.748 E4.07011
G1 X99.215 Y103.177 E4.09932
G1 X99.215 Y103.726 E4.12573
G1 X98.785 Y103.297 E4.15494
G1 X98.785 Y103.846 E4.18135
G1 X99.215 Y104.275 E4.21056
G1 X99.215 Y104.824 E4.23697
G1 X98.785 Y104.395 E4.26618
G1 X98.785 Y104.944 E4.29259
G1 X99.215 Y105.373 E4.3218
G1 X99.215 Y105.921 E4.34816
G1 X98.785 Y105.492 E4.37737
G1 X98.785 Y106.041 E4.40378
G1 X99.215 Y106.47 E4.43299
G1 X99.215 Y107.019 E4.4594
G1 X98.785 Y106.59 E4.48861
G1 X98.785 Y107.139 E4.51502
G1 X99.215 Y107.568 E4.54423
G1 X99.215 Y108.117 E4.57064
G1 X98.773 Y107.676 E4.60067
G1 X98.642 Y108.093 E4.62169
G1 X99.215 Y108.666 E4.66066
G1 X99.215 Y109.215 E4.68707
G1 X98.42 Y108.42 E4.74114
G1 X98.093 Y108.642 E4.76015
G1 X98.666 Y109.215 E4.79912
G1 X98.117 Y109.215 E4.82553
G1 X97.676 Y108.773 E4.85556
G1 X97.139 Y108.785 E4.88139
G1 X97.568 Y109.215 E4.9106
G1 X97.019 Y109.215 E4.93701
G1 X96.59 Y108.785 E4.96622
G1 X96.041 Y108.785 E4.99263
G1 X96.47 Y109.215 E5.02184
G1 X95.921 Y109.215 E5.04825
G1 X95.492 Y108.785 E5.07746
G1 X94.943 Y108.785 E5.10387
G1 X95.373 Y109.215 E5.13312
G1 X94.824 Y109.215 E5.15953
G1 X94.395 Y108.785 E5.18874
G1 X93.846 Y108.785 E5.21515
G1 X94.275 Y109.215 E5.24436
G1 X93.726 Y109.215 E5.27077
G1 X93.297 Y108.785 E5.29998
G1 X92.748 Y108.785 E5.32639
G1 X93.177 Y109.215 E5.3556
G1 X92.628 Y109.215 E5.38201
G1 X92.199 Y108.785 E5.41122
G1 X91.65 Y108.785 E5.43763
G1 X92.079 Y109.215 E5.46684
G1 X91.531 Y109.215 E5.4932
G1 X91.102 Y108.785 E5.52241
G1 X90.553 Y108.785 E5.54882
G1 X90.982 Y109.215 E5.57803
G1 X90.433 Y109.215 E5.60444
G1 X90.004 Y108.785 E5.63365
G1 X89.455 Y108.785 E5.66006
G1 X89.884 Y109.215 E5.68927
G1 X89.335 Y109.215 E5.71568
G1 X88.906 Y108.785 E5.74489
G1 X88.357 Y108.785 E5.7713
G1 X88.786 Y109.215 E5.80051
G1 X88.238 Y109.215 E5.82687
G1 X87.808 Y108.785 E5.85612
G1 X87.26 Y108.785 E5.88248
G1 X87.689 Y109.215 E5.91169
G1 X87.14 Y109.215 E5.9381
G1 X86.711 Y108.785 E5.96731
G1 X86.162 Y108.785 E5.99372
G1 X86.591 Y109.215 E6.02293
G1 X86.042 Y109.215 E6.04934
G1 X85.613 Y108.785 E6.07855
G1 X85.064 Y108.785 E6.10496
G1 X85.493 Y109.215 E6.13417
G1 X84.944 Y109.215 E6.16058
G1 X84.515 Y108.785 E6.18979
G1 X83.966 Y108.785 E6.2162
G1 X84.396 Y109.215 E6.24545
G1 X83.847 Y109.215 E6.27186
G1 X83.418 Y108.785 E6.30107
G1 X82.869 Y108.785 E6.32748
G1 X83.298 Y109.215 E6.35669
G1 X82.749 Y109.215 E6.3831
G1 X82.32 Y108.785 E6.41231
G1 X81.771 Y108.785 E6.43872
G1 X82.2 Y109.215 E6.46793
G1 X81.651 Y109.215 E6.49434
G1 X81.222 Y108.785 E6.52355
G1 X80.673 Y108.785 E6.54996
G1 X81.102 Y109.215 E6.57917
G1 X80.554 Y109.215 E6.60553
G1 X80.125 Y108.785 E6.63474
G1 X79.576 Y108.785 E6.66115
G1 X80.005 Y109.215 E6.69036
G1 X79.456 Y109.215 E6.71677
G1 X79.027 Y108.785 E6.74598
G1 X78.478 Y108.785 E6.77239
G1 X78.907 Y109.215 E6.8016
G1 X78.358 Y109.215 E6.82801
G1 X77.929 Y108.785 E6.85722
G1 X77.38 Y108.785 E6.88363
G1 X77.809 Y109.215 E6.91284
G1 X77.261 Y109.215 E6.9392
G1 X76.831 Y108.785 E6.96845
G1 X76.283 Y108.785 E6.99481
G1 X76.712 Y109.215 E7.02402
G1 X76.163 Y109.215 E7.05043
G1 X75.734 Y108.785 E7.07964
G1 X75.185 Y108.785 E7.10605
G1 X75.614 Y109.215 E7.13526
G1 X75.065 Y109.215 E7.16167
G1 X74.636 Y108.785 E7.19088
G1 X74.087 Y108.785 E7.21729
G1 X74.516 Y109.215 E7.2465
G1 X73.967 Y109.215 E7.27291
G1 X73.538 Y108.785 E7.30212
G1 X72.989 Y108.785 E7.32853
G1 X73.419 Y109.215 E7.35778
G1 X72.87 Y109.215 E7.38419
G1 X72.436 Y108.781 E7.41371
G1 X71.97 Y108.684 E7.4366
G1 X71.58 Y108.42 E7.45925
G1 X71.318 Y108.034 E7.48169
G1 X71.217 Y107.562 E7.50491
G1 X70.785 Y107.13 E7.53429
G1 X70.785 Y106.581 E7.5607
G1 X71.215 Y107.011 E7.58995
G1 X71.215 Y106.462 E7.61636
G1 X70.785 Y106.033 E7.64557
G1 X70.785 Y105.484 E7.67198
G1 X71.215 Y105.913 E7.70119
G1 X71.215 Y105.364 E7.7276
G1 X70.785 Y104.935 E7.75681
G1 X70.785 Y104.386 E7.78322
G1 X71.215 Y104.815 E7.81243
G1 X71.215 Y104.266 E7.83884
G1 X70.785 Y103.837 E7.86805
G1 X70.785 Y103.288 E7.89446
G1 X71.215 Y103.717 E7.92367
G1 X71.215 Y103.169 E7.95003
G1 X70.785 Y102.739 E7.97928
G1 X70.785 Y102.191 E8.00564
G1 X71.215 Y102.62 E8.03485
G1 X71.215 Y102.071 E8.06126
G1 X70.785 Y101.642 E8.09047
G1 X70.785 Y101.093 E8.11688
G1 X71.215 Y101.522 E8.14609
G1 X71.215 Y100.973 E8.1725
G1 X70.785 Y100.544 E8.20171
G1 X70.785 Y99.995 E8.22812
G1 X71.215 Y100.424 E8.25733
G1 X71.215 Y99.875 E8.28374
G1 X70.785 Y99.446 E8.31295
G1 X70.785 Y98.898 E8.33931
G1 X71.215 Y99.327 E8.36852
G1 X71.215 Y98.778 E8.39493
G1 X70.785 Y98.349 E8.42414
G1 X70.785 Y97.8 E8.45055
G1 X71.215 Y98.229 E8.47976
G1 X71.215 Y97.68 E8.50617
G1 X70.785 Y97.251 E8.53538
G1 X70.785 Y96.702 E8.56179
G1 X71.215 Y97.131 E8.591
G1 X71.215 Y96.582 E8.61741
G1 X70.785 Y96.153 E8.64662
G1 X70.785 Y95.604 E8.67303
G1 X71.215 Y96.034 E8.70228
G1 X71.215 Y95.485 E8.72869
G1 X70.785 Y95.056 E8.7579
G1 X70.785 Y94.507 E8.78431
G1 X71.215 Y94.936 E8.81352
G1 X71.215 Y94.387 E8.83993
G1 X70.785 Y93.958 E8.86914
G1 X70.785 Y93.409 E8.89555
G1 X71.215 Y93.838 E8.92476
G1 X71.215 Y93.289 E8.95117
G1 X70.785 Y92.86 E8.98038
G1 X70.785 Y92.311 E9.00679
G1 X71.215 Y92.74 E9.036
G1 X71.215 Y92.192 E9.06236
G1 X70.785 Y91.762 E9.09161
G1 X70.785 Y91.214 E9.11797
G1 X71.215 Y91.643 E9.14718
G1 X71.215 Y91.094 E9.17359
G1 X70.785 Y90.665 E9.2028
G1 X70.785 Y90.116 E9.22921
G1 X71.215 Y90.545 E9.25842
G1 X71.215 Y89.996 E9.28483
G1 X70.785 Y89.567 E9.31404
G1 X70.785 Y89.018 E9.34045
G1 X71.215 Y89.447 E9.36966
G1 X71.215 Y88.898 E9.39607
G1 X70.785 Y88.469 E9.42528
G1 X70.785 Y87.921 E9.45164
G1 X71.215 Y88.35 E9.48085
G1 X71.215 Y87.801 E9.50726
G1 X70.785 Y87.372 E9.53647
G1 X70.785 Y86.823 E9.56288
G1 X71.215 Y87.252 E9.59209
G1 X71.215 Y86.703 E9.6185
G1 X70.785 Y86.274 E9.64771
G1 X70.785 Y85.725 E9.67412
G1 X71.215 Y86.154 E9.70333
G1 X71.215 Y85.605 E9.72974
G1 X70.785 Y85.176 E9.75895
G1 X70.785 Y84.627 E9.78536
G1 X71.215 Y85.057 E9.81461
G1 X71.215 Y84.508 E9.84102
G1 X70.785 Y84.079 E9.87023
G1 X70.785 Y83.53 E9.89664
G1 X71.215 Y83.959 E9.92585
G1 X71.215 Y83.41 E9.95226
G1 X70.785 Y82.981 E9.98147
G1 X70.785 Y82.432 E10.00788
G1 X71.215 Y82.861 E10.03709
G1 X71.24 Y82.337 E10.06232
G1 X70.785 Y81.883 E10.09323
G1 X70.785 Y81.334 E10.11964
G1 X71.358 Y81.907 E10.15861
G1 X71.58 Y81.58 E10.17762
G1 X70.785 Y80.785 E10.23169
G1 X71.334 Y80.785 E10.2581
G1 X71.907 Y81.358 E10.29707
G1 X72.324 Y81.227 E10.31809
G1 X71.883 Y80.785 E10.34812
G1 X72.432 Y80.785 E10.37453
G1 X72.861 Y81.215 E10.40374
G1 X73.41 Y81.215 E10.43015
G1 X72.981 Y80.785 E10.45936
G1 X73.53 Y80.785 E10.48577
G1 X73.959 Y81.215 E10.51498
G1 X74.508 Y81.215 E10.54139
G1 X74.079 Y80.785 E10.5706
G1 X74.627 Y80.785 E10.59696
G1 X75.056 Y81.215 E10.62617
G1 X75.605 Y81.215 E10.65258
G1 X75.176 Y80.785 E10.68179
G1 X75.725 Y80.785 E10.7082
G1 X76.154 Y81.215 E10.73741
G1 X76.703 Y81.215 E10.76382
G1 X76.274 Y80.785 E10.79303
G1 X76.823 Y80.785 E10.81944
G1 X77.252 Y81.215 E10.84865
G1 X77.801 Y81.215 E10.87506
G1 X77.372 Y80.785 E10.90427
G1 X77.92 Y80.785 E10.93063
G1 X78.35 Y81.215 E10.95988
G1 X78.898 Y81.215 E10.98624
G1 X78.469 Y80.785 E11.01545
G1 X79.018 Y80.785 E11.04186
G1 X79.447 Y81.215 E11.07107
G1 X79.996 Y81.215 E11.09748
G1 X79.567 Y80.785 E11.12669
G1 X80.116 Y80.785 E11.1531
G1 X80.545 Y81.215 E11.18231
G1 X81.094 Y81.215 E11.20872
G1 X80.665 Y80.785 E11.23793
G1 X81.214 Y80.785 E11.26434
G1 X81.643 Y81.215 E11.29355
G1 X82.192 Y81.215 E11.31996
G1 X81.762 Y80.785 E11.34921
G1 X82.311 Y80.785 E11.37562
G1 X82.74 Y81.215 E11.40483
G1 X83.289 Y81.215 E11.43124
G1 X82.86 Y80.785 E11.46045
G1 X83.409 Y80.785 E11.48686
G1 X83.838 Y81.215 E11.51607
G1 X84.387 Y81.215 E11.54248
G1 X83.958 Y80.785 E11.57169
G1 X84.507 Y80.785 E11.5981
G1 X84.936 Y81.215 E11.62731
G1 X85.485 Y81.215 E11.65372
G1 X85.056 Y80.785 E11.68293
G1 X85.604 Y80.785 E11.70929
G1 X86.034 Y81.215 E11.73854
G1 X86.582 Y81.215 E11.7649
G1 X86.153 Y80.785 E11.79411
G1 X86.702 Y80.785 E11.82052
G1 X87.131 Y81.215 E11.84973
G1 X87.68 Y81.215 E11.87614
G1 X87.251 Y80.785 E11.90535
G1 X87.8 Y80.785 E11.93176
G1 X88.229 Y81.215 E11.96097
G1 X88.778 Y81.215 E11.98738
G1 X88.349 Y80.785 E12.01659
G1 X88.898 Y80.785 E12.043
G1 X89.327 Y81.215 E12.07221
G1 X89.875 Y81.215 E12.09857
G1 X89.446 Y80.785 E12.12778
G1 X89.995 Y80.785 E12.15419
G1 X90.424 Y81.215 E12.1834
G1 X90.973 Y81.215 E12.20981
G1 X90.544 Y80.785 E12.23902
G1 X91.093 Y80.785 E12.26543
G1 X91.522 Y81.215 E12.29464
G1 X92.071 Y81.215 E12.32105
G1 X91.642 Y80.785 E12.35026
G1 X92.191 Y80.785 E12.37667
G1 X92.62 Y81.215 E12.40588
G1 X93.169 Y81.215 E12.43229
G1 X92.739 Y80.785 E12.46154
G1 X93.288 Y80.785 E12.48795
G1 X93.717 Y81.215 E12.51716
G1 X94.266 Y81.215 E12.54357
G1 X93.837 Y80.785 E12.57278
G1 X94.386 Y80.785 E12.59919
G1 X94.815 Y81.215 E12.6284
G1 X95.364 Y81.215 E12.65481
G1 X94.935 Y80.785 E12.68402
G1 X95.484 Y80.785 E12.71043
G1 X95.913 Y81.215 E12.73964
G1 X96.462 Y81.215 E12.76605
G1 X96.033 Y80.785 E12.79526
G1 X96.581 Y80.785 E12.82162
G1 X97.011 Y81.215 E12.85087
G1 X97.564 Y81.219 E12.87747
G1 X97.13 Y80.785 E12.90699
G1 X97.679 Y80.785 E12.9334
G1 X99.215 Y82.321 E13.03788
G1 X99.215 Y81.772 E13.06429
G1 X98.228 Y80.785 E13.13142
G1 X98.777 Y80.785 E13.15783
G1 X99.388 Y81.397 E13.19942
G1 E11.19942 F2400
G92 E0
G1 X74.812 Y84.779 F7800
G1 E2 F2400
;TYPE:External perimeter
;WIDTH:0.583165
G1 F1800
G1 X74.876 Y84.765 E2.00424
;WIDTH:0.545178
G1 X74.968 Y84.746 E2.00987
;WIDTH:0.507191
G1 X95.032 Y84.746 E3.118
;WIDTH:0.545178
G1 X95.124 Y84.765 E3.12363
;WIDTH:0.583165
G1 X95.216 Y84.784 E3.12971
G1 X95.235 Y84.876 E3.13579
;WIDTH:0.545178
G1 X95.254 Y84.968 E3.14142
;WIDTH:0.507191
G1 X95.254 Y105.032 E4.24955
;WIDTH:0.545178
G1 X95.235 Y105.124 E4.25518
;WIDTH:0.583165
G1 X95.216 Y105.216 E4.26126
G1 X95.124 Y105.235 E4.26734
;WIDTH:0.545178
G1 X95.032 Y105.254 E4.27297
;WIDTH:0.507191
G1 X74.968 Y105.254 E5.3811
;WIDTH:0.545178
G1 X74.876 Y105.235 E5.38673
;WIDTH:0.583165
G1 X74.784 Y105.216 E5.39281
G1 X74.765 Y105.124 E5.39889
;WIDTH:0.545178
G1 X74.746 Y105.032 E5.40452
;WIDTH:0.507191
G1 X74.746 Y84.968 E6.51265
;WIDTH:0.545178
G1 X74.765 Y84.876 E6.51828
;WIDTH:0.583165
G1 X74.778 Y84.816 E6.52225
G1 X75.173 Y84.752 F7800
G1 E4.52225 F2400
G92 E0
G1 X95.658 Y105.658 F7800
G1 E2 F2400
G1 F1800
G1 X95.345 Y105.677 E2.02029
;WIDTH:0.545178
G1 X95.032 Y105.696 E2.03909
;WIDTH:0.507191
G1 X74.968 Y105.696 E3.14722
;WIDTH:0.545178
G1 X74.655 Y105.677 E3.16602
;WIDTH:0.583165
G1 X74.342 Y105.658 E3.18631
G1 X74.323 Y105.345 E3.2066
;WIDTH:0.545178
G1 X74.304 Y105.032 E3.2254
;WIDTH:0.507191
G1 X74.304 Y84.968 E4.33353
;WIDTH:0.545178
G1 X74.323 Y84.655 E4.35233
;WIDTH:0.583165
G1 X74.342 Y84.342 E4.37262
G1 X74.655 Y84.323 E4.39291
;WIDTH:0.545178
G1 X74.968 Y84.304 E4.41171
;WIDTH:0.507191
G1 X95.032 Y84.304 E5.51984
;WIDTH:0.545178
G1 X95.345 Y84.323 E5.53864
;WIDTH:0.583165
G1 X95.658 Y84.342 E5.55893
G1 X95.658 Y84.601 E5.57569
G1 X95.677 Y84.784 E5.58759
;WIDTH:0.545178
G1 X95.696 Y84.968 E5.59868
;WIDTH:0.507191
G1 X95.696 Y105.032 E6.70681
;WIDTH:0.510546
G1 X95.695 Y105.109 E6.7111
;WIDTH:0.546855
G1 X95.677 Y105.384 E6.72768
;WIDTH:0.583165
G1 X95.662 Y105.599 E6.74163
G1 X95.271 Y105.68 F7800
;LAYER_CHANGE
;Z:7.25
;HEIGHT:0.3
G1 E4.74163 F2400
G92 E0
G1 Z7.25 F7800
G1 X98.21 Y108.217
G1 E2 F2400
;TYPE:Perimeter
;WIDTH:0.45
G1 F3600
G1 X97.915 Y108.417 E2.01714
G1 X97.532 Y108.496 E2.03595
G1 X72.468 Y108.496 E3.24144
G1 X72.085 Y108.417 E3.26025
G1 X71.786 Y108.214 E3.27763
G1 X71.583 Y107.915 E3.29501
G1 X71.504 Y107.532 E3.31382
G1 X71.504 Y82.468 E4.51931
G1 X71.583 Y82.085 E4.53812
G1 X71.786 Y81.786 E4.5555
G1 X72.085 Y81.583 E4.57288
G1 X72.468 Y81.504 E4.59169
G1 X97.532 Y81.504 E5.79718
G1 X97.915 Y81.583 E5.81599
G1 X98.214 Y81.786 E5.83337
G1 X98.417 Y82.085 E5.85075
G1 X98.496 Y82.468 E5.86956
G1 X98.496 Y107.532 E7.07505
G1 X98.417 Y107.915 E7.09386
G1 X98.245 Y108.169 E7.10861
G1 X97.943 Y107.938 F7800
G1 F3600
G1 X97.941 Y107.941 E7.10878
G1 X97.762 Y108.063 E7.1192
G1 X97.532 Y108.111 E7.1305
G1 X72.468 Y108.111 E8.33599
G1 X72.238 Y108.063 E8.34729
G1 X72.059 Y107.941 E8.35771
G1 X71.937 Y107.762 E8.36813
G1 X71.889 Y107.532 E8.37943
G1 X71.889 Y82.468 E9.58492
G1 X71.937 Y82.238 E9.59622
G1 X72.059 Y82.059 E9.60664
G1 X72.238 Y81.937 E9.61706
G1 X72.468 Y81.889 E9.62836
G1 X97.532 Y81.889 E10.83385
G1 X97.762 Y81.937 E10.84515
G1 X97.941 Y82.059 E10.85557
G1 X98.063 Y82.238 E10.86599
G1 X98.111 Y82.468 E10.87729
G1 X98.111 Y107.532 E12.08278
G1 X98.063 Y107.762 E12.09408
G1 X97.977 Y107.889 E12.10146
G1 X97.671 Y107.662 F7800
;TYPE:External perimeter
G1 F1800
G1 X97.669 Y107.669 E12.10181
G1 X97.532 Y107.725 E12.10893
G1 X72.468 Y107.725 E13.31442
G1 X72.331 Y107.669 E13.32154
G1 X72.275 Y107.532 E13.32866
G1 X72.275 Y82.468 E14.53415
G1 X72.331 Y82.331 E14.54127
G1 X72.468 Y82.275 E14.54839
G1 X97.532 Y82.275 E15.75388
G1 X97.669 Y82.331 E15.761
G1 X97.725 Y82.468 E15.76812
G1 X97.725 Y107.532 E16.97361
G1 X97.694 Y107.607 E16.97751
G1 X97.31 Y107.718 F7800
G1 E14.97751 F2400
G92 E0
G1 X70.496 Y80.496 F7800
G1 E2 F2400
;TYPE:Perimeter
G1 F3600
G1 X99.504 Y80.496 E3.39518
G1 X99.504 Y81.252 E3.43154
G1 X99.504 Y109.504 E4.79036
G1 X70.496 Y109.504 E6.18554
G1 X70.496 Y80.556 E7.57784
G1 X70.111 Y80.111 F7800
G1 F3600
G1 X99.889 Y80.111 E9.01006
G1 X99.889 Y81.252 E9.06494
G1 X99.889 Y109.889 E10.44228
G1 X70.111 Y109.889 E11.8745
G1 X70.111 Y80.171 E13.30383
G1 X69.725 Y79.725 F7800
;TYPE:External perimeter
G1 F1800
G1 X100.275 Y79.725 E14.77318
G1 X100.275 Y81.252 E14.84662
G1 X100.275 Y110.275 E16.24253
G1 X69.725 Y110.275 E17.71188
G1 X69.725 Y79.785 E19.17834
G1 X70.121 Y79.726 F7800
G1 X71.397 Y80.612
;TYPE:Internal infill
;WIDTH:0.45
G1 F4200
G1 X70.785 Y81.223 E19.21993
G1 X70.785 Y81.772 E19.24634
G1 X71.772 Y80.785 E19.31347
G1 X72.321 Y80.785 E19.33988
G1 X70.612 Y82.494 E19.45612
G1 E17.45612 F2400
G92 E0
G1 X96.957 Y109.388 F7800
G1 E2 F2400
G1 F4200
G1 X97.562 Y108.783 E2.04115
G1 X97.011 Y108.785 E2.06765
G1 X96.581 Y109.215 E2.0969
G1 X96.033 Y109.215 E2.12326
G1 X96.462 Y108.785 E2.15247
G1 X95.913 Y108.785 E2.17888
G1 X95.484 Y109.215 E2.20809
G1 X94.935 Y109.215 E2.2345
G1 X95.364 Y108.785 E2.26371
G1 X94.815 Y108.785 E2.29012
G1 X94.386 Y109.215 E2.31933
G1 X93.837 Y109.215 E2.34574
G1 X94.266 Y108.785 E2.37495
G1 X93.717 Y108.785 E2.40136
G1 X93.288 Y109.215 E2.43057
G1 X92.739 Y109.215 E2.45698
G1 X93.169 Y108.785 E2.48623
G1 X92.62 Y108.785 E2.51264
G1 X92.191 Y109.215 E2.54185
G1 X91.642 Y109.215 E2.56826
G1 X92.071 Y108.785 E2.59747
G1 X91.522 Y108.785 E2.62388
G1 X91.093 Y109.215 E2.65309
G1 X90.544 Y109.215 E2.6795
G1 X90.973 Y108.785 E2.70871
G1 X90.424 Y108.785 E2.73512
G1 X89.995 Y109.215 E2.76433
G1 X89.446 Y109.215 E2.79074
G1 X89.875 Y108.785 E2.81995
G1 X89.327 Y108.785 E2.84631
G1 X88.898 Y109.215 E2.87552
G1 X88.349 Y109.215 E2.90193
G1 X88.778 Y108.785 E2.93114
G1 X88.229 Y108.785 E2.95755
G1 X87.8 Y109.215 E2.98676
G1 X87.251 Y109.215 E3.01317
G1 X87.68 Y108.785 E3.04238
G1 X87.131 Y108.785 E3.06879
G1 X86.702 Y109.215 E3.098
G1 X86.153 Y109.215 E3.12441
G1 X86.582 Y108.785 E3.15362
G1 X86.034 Y108.785 E3.17998
G1 X85.604 Y109.215 E3.20923
G1 X85.056 Y109.215 E3.23559
G1 X85.485 Y108.785 E3.2648
G1 X84.936 Y108.785 E3.29121
G1 X84.507 Y109.215 E3.32042
G1 X83.958 Y109.215 E3.34683
G1 X84.387 Y108.785 E3.37604
G1 X83.838 Y108.785 E3.40245
G1 X83.409 Y109.215 E3.43166
G1 X82.86 Y109.215 E3.45807
G1 X83.289 Y108.785 E3.48728
G1 X82.74 Y108.785 E3.51369
G1 X82.311 Y109.215 E3.5429
G1 X81.762 Y109.215 E3.56931
G1 X82.192 Y108.785 E3.59856
G1 X81.643 Y108.785 E3.62497
G1 X81.214 Y109.215 E3.65418
G1 X80.665 Y109.215 E3.68059
G1 X81.094 Y108.785 E3.7098
G1 X80.545 Y108.785 E3.73621
G1 X80.116 Y109.215 E3.76542
G1 X79.567 Y109.215 E3.79183
G1 X79.996 Y108.785 E3.82104
G1 X79.447 Y108.785 E3.84745
G1 X79.018 Y109.215 E3.87666
G1 X78.469 Y109.215 E3.90307
G1 X78.898 Y108.785 E3.93228
G1 X78.35 Y108.785 E3.95864
G1 X77.92 Y109.215 E3.98789
G1 X77.372 Y109.215 E4.01425
G1 X77.801 Y108.785 E4.04346
G1 X77.252 Y108.785 E4.06987
G1 X76.823 Y109.215 E4.09908
G1 X76.274 Y109.215 E4.12549
G1 X76.703 Y108.785 E4.1547
G1 X76.154 Y108.785 E4.18111
G1 X75.725 Y109.215 E4.21032
G1 X75.176 Y109.215 E4.23673
G1 X75.605 Y108.785 E4.26594
G1 X75.056 Y108.785 E4.29235
G1 X74.627 Y109.215 E4.32156
G1 X74.079 Y109.215 E4.34792
G1 X74.508 Y108.785 E4.37713
G1 X73.959 Y108.785 E4.40354
G1 X73.53 Y109.215 E4.43275
G1 X72.981 Y109.215 E4.45916
G1 X73.41 Y108.785 E4.48837
G1 X72.861 Y108.785 E4.51478
G1 X72.432 Y109.215 E4.54399
G1 X71.883 Y109.215 E4.5704
G1 X72.337 Y108.76 E4.60131
G1 X71.907 Y108.642 E4.62276
G1 X71.334 Y109.215 E4.66173
G1 X70.785 Y109.215 E4.68814
G1 X71.58 Y108.42 E4.74221
G1 X71.358 Y108.093 E4.76122
G1 X70.785 Y108.666 E4.80019
G1 X70.785 Y108.117 E4.8266
G1 X71.227 Y107.676 E4.85663
G1 X71.215 Y107.139 E4.88246
G1 X70.785 Y107.568 E4.91167
G1 X70.785 Y107.019 E4.93808
G1 X71.215 Y106.59 E4.96729
G1 X71.215 Y106.041 E4.9937
G1 X70.785 Y106.47 E5.02291
G1 X70.785 Y105.921 E5.04932
G1 X71.215 Y105.492 E5.07853
G1 X71.215 Y104.943 E5.10494
G1 X70.785 Y105.373 E5.13419
G1 X70.785 Y104.824 E5.1606
G1 X71.215 Y104.395 E5.18981
G1 X71.215 Y103.846 E5.21622
G1 X70.785 Y104.275 E5.24543
G1 X70.785 Y103.726 E5.27184
G1 X71.215 Y103.297 E5.30105
G1 X71.215 Y102.748 E5.32746
G1 X70.785 Y103.177 E5.35667
G1 X70.785 Y102.628 E5.38308
G1 X71.215 Y102.199 E5.41229
G1 X71.215 Y101.65 E5.4387
G1 X70.785 Y102.079 E5.46791
G1 X70.785 Y101.531 E5.49427
G1 X71.215 Y101.102 E5.52348
G1 X71.215 Y100.553 E5.54989
G1 X70.785 Y100.982 E5.5791
G1 X70.785 Y100.433 E5.60551
G1 X71.215 Y100.004 E5.63472
G1 X71.215 Y99.455 E5.66113
G1 X70.785 Y99.884 E5.69034
G1 X70.785 Y99.335 E5.71675
G1 X71.215 Y98.906 E5.74596
G1 X71.215 Y98.357 E5.77237
G1 X70.785 Y98.786 E5.80158
G1 X70.785 Y98.238 E5.82794
G1 X71.215 Y97.808 E5.85719
G1 X71.215 Y97.26 E5.88355
G1 X70.785 Y97.689 E5.91276
G1 X70.785 Y97.14 E5.93917
G1 X71.215 Y96.711 E5.96838
G1 X71.215 Y96.162 E5.99479
G1 X70.785 Y96.591 E6.024
G1 X70.785 Y96.042 E6.05041
G1 X71.215 Y95.613 E6.07962
G1 X71.215 Y95.064 E6.10603
G1 X70.785 Y95.493 E6.13524
G1 X70.785 Y94.944 E6.16165
G1 X71.215 Y94.515 E6.19086
G1 X71.215 Y93.966 E6.21727
G1 X70.785 Y94.396 E6.24652
G1 X70.785 Y93.847 E6.27293
G1 X71.215 Y93.418 E6.30214
G1 X71.215 Y92.869 E6.32855
G1 X70.785 Y93.298 E6.35776
G1 X70.785 Y92.749 E6.38417
G1 X71.215 Y92.32 E6.41338
G1 X71.215 Y91.771 E6.43979
G1 X70.785 Y92.2 E6.469
G1 X70.785 Y91.651 E6.49541
G1 X71.215 Y91.222 E6.52462
G1 X71.215 Y90.673 E6.55103
G1 X70.785 Y91.102 E6.58024
G1 X70.785 Y90.554 E6.6066
G1 X71.215 Y90.125 E6.63581
G1 X71.215 Y89.576 E6.66222
G1 X70.785 Y90.005 E6.69143
G1 X70.785 Y89.456 E6.71784
G1 X71.215 Y89.027 E6.74705
G1 X71.215 Y88.478 E6.77346
G1 X70.785 Y88.907 E6.80267
G1 X70.785 Y88.358 E6.82908
G1 X71.215 Y87.929 E6.85829
G1 X71.215 Y87.38 E6.8847
G1 X70.785 Y87.809 E6.91391
G1 X70.785 Y87.261 E6.94027
G1 X71.215 Y86.831 E6.96952
G1 X71.215 Y86.283 E6.99588
G1 X70.785 Y86.712 E7.02509
G1 X70.785 Y86.163 E7.0515
G1 X71.215 Y85.734 E7.08071
G1 X71.215 Y85.185 E7.10712
G1 X70.785 Y85.614 E7.13633
G1 X70.785 Y85.065 E7.16274
G1 X71.215 Y84.636 E7.19195
G1 X71.215 Y84.087 E7.21836
G1 X70.785 Y84.516 E7.24757
G1 X70.785 Y83.967 E7.27398
G1 X71.215 Y83.538 E7.30319
G1 X71.215 Y82.989 E7.3296
G1 X70.785 Y83.419 E7.35885
G1 X70.785 Y82.87 E7.38526
G1 X71.219 Y82.436 E7.41478
G1 X71.316 Y81.97 E7.43767
G1 X71.58 Y81.58 E7.46032
G1 X71.966 Y81.318 E7.48276
G1 X72.438 Y81.217 E7.50598
G1 X72.87 Y80.785 E7.53536
G1 X73.419 Y80.785 E7.56177
G1 X72.989 Y81.215 E7.59102
G1 X73.538 Y81.215 E7.61743
G1 X73.967 Y80.785 E7.64664
G1 X74.516 Y80.785 E7.67305
G1 X74.087 Y81.215 E7.70226
G1 X74.636 Y81.215 E7.72867
G1 X75.065 Y80.785 E7.75788
G1 X75.614 Y80.785 E7.78429
G1 X75.185 Y81.215 E7.8135
G1 X75.734 Y81.215 E7.83991
G1 X76.163 Y80.785 E7.86912
G1 X76.712 Y80.785 E7.89553
G1 X76.283 Y81.215 E7.92474
G1 X76.831 Y81.215 E7.9511
G1 X77.261 Y80.785 E7.98035
G1 X77.809 Y80.785 E8.00671
G1 X77.38 Y81.215 E8.03592
G1 X77.929 Y81.215 E8.06233
G1 X78.358 Y80.785 E8.09154
G1 X78.907 Y80.785 E8.11795
G1 X78.478 Y81.215 E8.14716
G1 X79.027 Y81.215 E8.17357
G1 X79.456 Y80.785 E8.20278
G1 X80.005 Y80.785 E8.22919
G1 X79.576 Y81.215 E8.2584
G1 X80.125 Y81.215 E8.28481
G1 X80.554 Y80.785 E8.31402
G1 X81.102 Y80.785 E8.34038
G1 X80.673 Y81.215 E8.36959
G1 X81.222 Y81.215 E8.396
G1 X81.651 Y80.785 E8.42521
G1 X82.2 Y80.785 E8.45162
G1 X81.771 Y81.215 E8.48083
G1 X82.32 Y81.215 E8.50724
G1 X82.749 Y80.785 E8.53645
G1 X83.298 Y80.785 E8.56286
G1 X82.869 Y81.215 E8.59207
G1 X83.418 Y81.215 E8.61848
G1 X83.847 Y80.785 E8.64769
G1 X84.396 Y80.785 E8.6741
G1 X83.966 Y81.215 E8.70335
G1 X84.515 Y81.215 E8.72976
G1 X84.944 Y80.785 E8.75897
G1 X85.493 Y80.785 E8.78538
G1 X85.064 Y81.215 E8.81459
G1 X85.613 Y81.215 E8.841
G1 X86.042 Y80.785 E8.87021
G1 X86.591 Y80.785 E8.89662
G1 X86.162 Y81.215 E8.92583
G1 X86.711 Y81.215 E8.95224
G1 X87.14 Y80.785 E8.98145
G1 X87.689 Y80.785 E9.00786
G1 X87.26 Y81.215 E9.03707
G1 X87.808 Y81.215 E9.06343
G1 X88.238 Y80.785 E9.09268
G1 X88.786 Y80.785 E9.11904
G1 X88.357 Y81.215 E9.14825
G1 X88.906 Y81.215 E9.17466
G1 X89.335 Y80.785 E9.20387
G1 X89.884 Y80.785 E9.23028
G1 X89.455 Y81.215 E9.25949
G1 X90.004 Y81.215 E9.2859
G1 X90.433 Y80.785 E9.31511
G1 X90.982 Y80.785 E9.34152
G1 X90.553 Y81.215 E9.37073
G1 X91.102 Y81.215 E9.39714
G1 X91.531 Y80.785 E9.42635
G1 X92.079 Y80.785 E9.45271
G1 X91.65 Y81.215 E9.48192
G1 X92.199 Y81.215 E9.50833
G1 X92.628 Y80.785 E9.53754
G1 X93.177 Y80.785 E9.56395
G1 X92.748 Y81.215 E9.59316
G1 X93.297 Y81.215 E9.61957
G1 X93.726 Y80.785 E9.64878
G1 X94.275 Y80.785 E9.67519
G1 X93.846 Y81.215 E9.7044
G1 X94.395 Y81.215 E9.73081
G1 X94.824 Y80.785 E9.76002
G1 X95.373 Y80.785 E9.78643
G1 X94.943 Y81.215 E9.81568
G1 X95.492 Y81.215 E9.84209
G1 X95.921 Y80.785 E9.8713
G1 X96.47 Y80.785 E9.89771
G1 X96.041 Y81.215 E9.92692
G1 X96.59 Y81.215 E9.95333
G1 X97.019 Y80.785 E9.98254
G1 X97.568 Y80.785 E10.00895
G1 X97.139 Y81.215 E10.03816
G1 X97.663 Y81.24 E10.06339
G1 X98.117 Y80.785 E10.0943
G1 X98.666 Y80.785 E10.12071
G1 X98.093 Y81.358 E10.15968
G1 X98.42 Y81.58 E10.17869
G1 X99.215 Y80.785 E10.23276
G1 X99.215 Y81.334 E10.25917
G1 X98.642 Y81.907 E10.29814
G1 X98.76 Y82.337 E10.31959
G1 X99.215 Y81.883 E10.3505
G1 X99.215 Y82.432 E10.37691
G1 X98.785 Y82.861 E10.40612
G1 X98.785 Y83.41 E10.43253
G1 X99.215 Y82.981 E10.46174
G1 X99.215 Y83.53 E10.48815
G1 X98.785 Y83.959 E10.51736
G1 X98.785 Y84.508 E10.54377
G1 X99.215 Y84.079 E10.57298
G1 X99.215 Y84.627 E10.59934
G1 X98.785 Y85.056 E10.62855
G1 X98.785 Y85.605 E10.65496
G1 X99.215 Y85.176 E10.68417
G1 X99.215 Y85.725 E10.71058
G1 X98.785 Y86.154 E10.73979
G1 X98.785 Y86.703 E10.7662
G1 X99.215 Y86.274 E10.79541
G1 X99.215 Y86.823 E10.82182
G1 X98.785 Y87.252 E10.85103
G1 X98.785 Y87.801 E10.87744
G1 X99.215 Y87.372 E10.90665
G1 X99.215 Y87.921 E10.93306
G1 X98.785 Y88.35 E10.96227
G1 X98.785 Y88.898 E10.98863
G1 X99.215 Y88.469 E11.01784
G1 X99.215 Y89.018 E11.04425
G1 X98.785 Y89.447 E11.07346
G1 X98.785 Y89.996 E11.09987
G1 X99.215 Y89.567 E11.12908
G1 X99.215 Y90.116 E11.15549
G1 X98.785 Y90.545 E11.1847
G1 X98.785 Y91.094 E11.21111
G1 X99.215 Y90.665 E11.24032
G1 X99.215 Y91.214 E11.26673
G1 X98.785 Y91.643 E11.29594
G1 X98.785 Y92.192 E11.32235
G1 X99.215 Y91.762 E11.3516
G1 X99.215 Y92.311 E11.37801
G1 X98.785 Y92.74 E11.40722
G1 X98.785 Y93.289 E11.43363
G1 X99.215 Y92.86 E11.46284
G1 X99.215 Y93.409 E11.48925
G1 X98.785 Y93.838 E11.51846
G1 X98.785 Y94.387 E11.54487
G1 X99.215 Y93.958 E11.57408
G1 X99.215 Y94.507 E11.60049
G1 X98.785 Y94.936 E11.6297
G1 X98.785 Y95.485 E11.65611
G1 X99.215 Y95.056 E11.68532
G1 X99.215 Y95.604 E11.71168
G1 X98.785 Y96.034 E11.74093
G1 X98.785 Y96.582 E11.76729
G1 X99.215 Y96.153 E11.7965
G1 X99.215 Y96.702 E11.82291
G1 X98.785 Y97.131 E11.85212
G1 X98.785 Y97.68 E11.87853
G1 X99.215 Y97.251 E11.90774
G1 X99.215 Y97.8 E11.93415
G1 X98.785 Y98.229 E11.96336
G1 X98.785 Y98.778 E11.98977
G1 X99.215 Y98.349 E12.01898
G1 X99.215 Y98.898 E12.04539
G1 X98.785 Y99.327 E12.0746
G1 X98.785 Y99.875 E12.10096
G1 X99.215 Y99.446 E12.13017
G1 X99.215 Y99.995 E12.15658
G1 X98.785 Y100.424 E12.18579
G1 X98.785 Y100.973 E12.2122
G1 X99.215 Y100.544 E12.24141
G1 X99.215 Y101.093 E12.26782
G1 X98.785 Y101.522 E12.29703
G1 X98.785 Y102.071 E12.32344
G1 X99.215 Y101.642 E12.35265
G1 X99.215 Y102.191 E12.37906
G1 X98.785 Y102.62 E12.40827
G1 X98.785 Y103.169 E12.43468
G1 X99.215 Y102.739 E12.46393
G1 X99.215 Y103.288 E12.49034
G1 X98.785 Y103.717 E12.51955
G1 X98.785 Y104.266 E12.54596
G1 X99.215 Y103.837 E12.57517
G1 X99.215 Y104.386 E12.60158
G1 X98.785 Y104.815 E12.63079
G1 X98.785 Y105.364 E12.6572
G1 X99.215 Y104.935 E12.68641
G1 X99.215 Y105.484 E12.71282
G1 X98.785 Y105.913 E12.74203
G1 X98.785 Y106.462 E12.76844
G1 X99.215 Y106.033 E12.79765
G1 X99.215 Y106.581 E12.82401
G1 X98.785 Y107.011 E12.85326
G1 X98.783 Y107.562 E12.87976
G1 X99.215 Y107.13 E12.90914
G1 X99.215 Y107.679 E12.93555
G1 X97.679 Y109.215 E13.04003
G1 X98.228 Y109.215 E13.06644
G1 X99.215 Y108.228 E13.13357
G1 X99.215 Y108.777 E13.15998
G1 X98.603 Y109.388 E13.20157
G1 E11.20157 F2400
G92 E0
G1 X74.812 Y84.779 F7800
G1 E2 F2400
;TYPE:External perimeter
;WIDTH:0.583165
G1 F1800
G1 X74.876 Y84.765 E2.00424
;WIDTH:0.545178
G1 X74.968 Y84.746 E2.00987
;WIDTH:0.507191
G1 X95.032 Y84.746 E3.118
;WIDTH:0.545178
G1 X95.124 Y84.765 E3.12363
;WIDTH:0.583165
G1 X95.216 Y84.784 E3.12971
G1 X95.235 Y84.876 E3.13579
;WIDTH:0.545178
G1 X95.254 Y84.968 E3.14142
;WIDTH:0.507191
G1 X95.254 Y105.032 E4.24955
;WIDTH:0.545178
G1 X95.235 Y105.124 E4.25518
;WIDTH:0.583165
G1 X95.216 Y105.216 E4.26126
G1 X95.124 Y105.235 E4.26734
;WIDTH:0.545178
G1 X95.032 Y105.254 E4.27297
;WIDTH:0.507191
G1 X74.968 Y105.254 E5.3811
;WIDTH:0.545178
G1 X74.876 Y105.235 E5.38673
;WIDTH:0.583165
G1 X74.784 Y105.216 E5.39281
G1 X74.765 Y105.124 E5.39889
;WIDTH:0.545178
G1 X74.746 Y105.032 E5.40452
;WIDTH:0.507191
G1 X74.746 Y84.968 E6.51265
;WIDTH:0.545178
G1 X74.765 Y84.876 E6.51828
;WIDTH:0.583165
G1 X74.778 Y84.816 E6.52225
G1 X75.173 Y84.752 F7800
G1 E4.52225 F2400
G92 E0
G1 X95.658 Y105.658 F7800
G1 E2 F2400
G1 F1800
G1 X95.345 Y105.677 E2.02029
;WIDTH:0.545178
G1 X95.032 Y105.696 E2.03909
;WIDTH:0.507191
G1 X74.968 Y105.696 E3.14722
;WIDTH:0.545178
G1 X74.655 Y105.677 E3.16602
;WIDTH:0.583165
G1 X74.342 Y105.658 E3.18631
G1 X74.323 Y105.345 E3.2066
;WIDTH:0.545178
G1 X74.304 Y105.032 E3.2254
;WIDTH:0.507191
G1 X74.304 Y84.968 E4.33353
;WIDTH:0.545178
G1 X74.323 Y84.655 E4.35233
;WIDTH:0.583165
G1 X74.342 Y84.342 E4.37262
G1 X74.655 Y84.323 E4.39291
;WIDTH:0.545178
G1 X74.968 Y84.304 E4.41171
;WIDTH:0.507191
G1 X95.032 Y84.304 E5.51984
;WIDTH:0.545178
G1 X95.345 Y84.323 E5.53864
;WIDTH:0.583165
G1 X95.658 Y84.342 E5.55893
G1 X95.658 Y84.601 E5.57569
G1 X95.677 Y84.784 E5.58759
;WIDTH:0.545178
G1 X95.696 Y84.968 E5.59868
;WIDTH:0.507191
G1 X95.696 Y105.032 E6.70681
;WIDTH:0.510546
G1 X95.695 Y105.109 E6.7111
;WIDTH:0.546855
G1 X95.677 Y105.384 E6.72768
;WIDTH:0.583165
G1 X95.662 Y105.599 E6.74163
G1 X95.271 Y105.68 F7800
;LAYER_CHANGE
;Z:7.55
;HEIGHT:0.3
G1 E4.74163 F2400
G92 E0
G1 Z7.55 F7800
G1 X98.21 Y108.217
G1 E2 F2400
;TYPE:Perimeter
;WIDTH:0.45
G1 F3600
G1 X97.915 Y108.417 E2.01714
G1 X97.532 Y108.496 E2.03595
G1 X72.468 Y108.496 E3.24144
G1 X72.085 Y108.417 E3.26025
G1 X71.786 Y108.214 E3.27763
G1 X71.583 Y107.915 E3.29501
G1 X71.504 Y107.532 E3.31382
G1 X71.504 Y82.468 E4.51931
G1 X71.583 Y82.085 E4.53812
G1 X71.786 Y81.786 E4.5555
G1 X72.085 Y81.583 E4.57288
G1 X72.468 Y81.504 E4.59169
G1 X97.532 Y81.504 E5.79718
G1 X97.915 Y81.583 E5.81599
G1 X98.214 Y81.786 E5.83337
G1 X98.417 Y82.085 E5.85075
G1 X98.496 Y82.468 E5.86956
G1 X98.496 Y107.532 E7.07505
G1 X98.417 Y107.915 E7.09386
G1 X98.245 Y108.169 E7.10861
G1 X97.943 Y107.938 F7800
G1 F3600
G1 X97.941 Y107.941 E7.10878
G1 X97.762 Y108.063 E7.1192
G1 X97.532 Y108.111 E7.1305
G1 X72.468 Y108.111 E8.33599
G1 X72.238 Y108.063 E8.34729
G1 X72.059 Y107.941 E8.35771
G1 X71.937 Y107.762 E8.36813
G1 X71.889 Y107.532 E8.37943
G1 X71.889 Y82.468 E9.58492
G1 X71.937 Y82.238 E9.59622
G1 X72.059 Y82.059 E9.60664
G1 X72.238 Y81.937 E9.61706
G1 X72.468 Y81.889 E9.62836
G1 X97.532 Y81.889 E10.83385
G1 X97.762 Y81.937 E10.84515
G1 X97.941 Y82.059 E10.85557
G1 X98.063 Y82.238 E10.86599
G1 X98.111 Y82.468 E10.87729
G1 X98.111 Y107.532 E12.08278
G1 X98.063 Y107.762 E12.09408
G1 X97.977 Y107.889 E12.10146
G1 X97.671 Y107.662 F7800
;TYPE:External perimeter
G1 F1800
G1 X97.669 Y107.669 E12.10181
G1 X97.532 Y107.725 E12.10893
G1 X72.468 Y107.725 E13.31442
G1 X72.331 Y107.669 E13.32154
G1 X72.275 Y107.532 E13.32866
G1 X72.275 Y82.468 E14.53415
G1 X72.331 Y82.331 E14.54127
G1 X72.468 Y82.275 E14.54839
G1 X97.532 Y82.275 E15.75388
G1 X97.669 Y82.331 E15.761
G1 X97.725 Y82.468 E15.76812
G1 X97.725 Y107.532 E16.97361
G1 X97.694 Y107.607 E16.97751
G1 X97.31 Y107.718 F7800
G1 E14.97751 F2400
G92 E0
G1 X70.496 Y80.496 F7800
G1 E2 F2400
;TYPE:Perimeter
G1 F3600
G1 X99.504 Y80.496 E3.39518
G1 X99.504 Y81.252 E3.43154
G1 X99.504 Y109.504 E4.79036
G1 X70.496 Y109.504 E6.18554
G1 X70.496 Y80.556 E7.57784
G1 X70.111 Y80.111 F7800
G1 F3600
G1 X99.889 Y80.111 E9.01006
G1 X99.889 Y81.252 E9.06494
G1 X99.889 Y109.889 E10.44228
G1 X70.111 Y109.889 E11.8745
G1 X70.111 Y80.171 E13.30383
G1 X69.725 Y79.725 F7800
;TYPE:External perimeter
G1 F1800
G1 X100.275 Y79.725 E14.77318
G1 X100.275 Y81.252 E14.84662
G1 X100.275 Y110.275 E16.24253
G1 X69.725 Y110.275 E17.71188
G1 X69.725 Y79.785 E19.17834
G1 X70.121 Y79.726 F7800
G1 E17.17834 F2400
G92 E0
G1 X70.612 Y108.603 F7800
G1 E2 F2400
;TYPE:Internal infill
;WIDTH:0.45
G1 F4200
G1 X71.223 Y109.215 E2.04159
G1 X71.772 Y109.215 E2.068
G1 X70.785 Y108.228 E2.13513
G1 X70.785 Y107.679 E2.16154
G1 X72.494 Y109.388 E2.27778
G1 E.27778 F2400
G92 E0
G1 X99.388 Y83.043 F7800
G1 E2 F2400
G1 F4200
G1 X98.781 Y82.436 E2.04129
G1 X98.785 Y82.989 E2.06789
G1 X99.215 Y83.419 E2.09714
G1 X99.215 Y83.967 E2.1235
G1 X98.785 Y83.538 E2.15271
G1 X98.785 Y84.087 E2.17912
G1 X99.215 Y84.516 E2.20833
G1 X99.215 Y85.065 E2.23474
G1 X98.785 Y84.636 E2.26395
G1 X98.785 Y85.185 E2.29036
G1 X99.215 Y85.614 E2.31957
G1 X99.215 Y86.163 E2.34598
G1 X98.785 Y85.734 E2.37519
G1 X98.785 Y86.283 E2.4016
G1 X99.215 Y86.712 E2.43081
G1 X99.215 Y87.261 E2.45722
G1 X98.785 Y86.831 E2.48647
G1 X98.785 Y87.38 E2.51288
G1 X99.215 Y87.809 E2.54209
G1 X99.215 Y88.358 E2.5685
G1 X98.785 Y87.929 E2.59771
G1 X98.785 Y88.478 E2.62412
G1 X99.215 Y88.907 E2.65333
G1 X99.215 Y89.456 E2.67974
G1 X98.785 Y89.027 E2.70895
G1 X98.785 Y89.576 E2.73536
G1 X99.215 Y90.005 E2.76457
G1 X99.215 Y90.554 E2.79098
G1 X98.785 Y90.125 E2.82019
G1 X98.785 Y90.673 E2.84655
G1 X99.215 Y91.102 E2.87576
G1 X99.215 Y91.651 E2.90217
G1 X98.785 Y91.222 E2.93138
G1 X98.785 Y91.771 E2.95779
G1 X99.215 Y92.2 E2.987
G1 X99.215 Y92.749 E3.01341
G1 X98.785 Y92.32 E3.04262
G1 X98.785 Y92.869 E3.06903
G1 X99.215 Y93.298 E3.09824
G1 X99.215 Y93.847 E3.12465
G1 X98.785 Y93.418 E3.15386
G1 X98.785 Y93.966 E3.18022
G1 X99.215 Y94.396 E3.20947
G1 X99.215 Y94.944 E3.23583
G1 X98.785 Y94.515 E3.26504
G1 X98.785 Y95.064 E3.29145
G1 X99.215 Y95.493 E3.32066
G1 X99.215 Y96.042 E3.34707
G1 X98.785 Y95.613 E3.37628
G1 X98.785 Y96.162 E3.40269
G1 X99.215 Y96.591 E3.4319
G1 X99.215 Y97.14 E3.45831
G1 X98.785 Y96.711 E3.48752
G1 X98.785 Y97.26 E3.51393
G1 X99.215 Y97.689 E3.54314
G1 X99.215 Y98.238 E3.56955
G1 X98.785 Y97.808 E3.5988
G1 X98.785 Y98.357 E3.62521
G1 X99.215 Y98.786 E3.65442
G1 X99.215 Y99.335 E3.68083
G1 X98.785 Y98.906 E3.71004
G1 X98.785 Y99.455 E3.73645
G1 X99.215 Y99.884 E3.76566
G1 X99.215 Y100.433 E3.79207
G1 X98.785 Y100.004 E3.82128
G1 X98.785 Y100.553 E3.84769
G1 X99.215 Y100.982 E3.8769
G1 X99.215 Y101.531 E3.90331
G1 X98.785 Y101.102 E3.93252
G1 X98.785 Y101.65 E3.95888
G1 X99.215 Y102.08 E3.98813
G1 X99.215 Y102.628 E4.01449
G1 X98.785 Y102.199 E4.0437
G1 X98.785 Y102.748 E4.07011
G1 X99.215 Y103.177 E4.09932
G1 X99.215 Y103.726 E4.12573
G1 X98.785 Y103.297 E4.15494
G1 X98.785 Y103.846 E4.18135
G1 X99.215 Y104.275 E4.21056
G1 X99.215 Y104.824 E4.23697
G1 X98.785 Y104.395 E4.26618
G1 X98.785 Y104.944 E4.29259
G1 X99.215 Y105.373 E4.3218
G1 X99.215 Y105.921 E4.34816
G1 X98.785 Y105.492 E4.37737
G1 X98.785 Y106.041 E4.40378
G1 X99.215 Y106.47 E4.43299
G1 X99.215 Y107.019 E4.4594
G1 X98.785 Y106.59 E4.48861
G1 X98.785 Y107.139 E4.51502
G1 X99.215 Y107.568 E4.54423
G1 X99.215 Y108.117 E4.57064
G1 X98.773 Y107.676 E4.60067
G1 X98.642 Y108.093 E4.62169
G1 X99.215 Y108.666 E4.66066
G1 X99.215 Y109.215 E4.68707
G1 X98.42 Y108.42 E4.74114
G1 X98.093 Y108.642 E4.76015
G1 X98.666 Y109.215 E4.79912
G1 X98.117 Y109.215 E4.82553
G1 X97.676 Y108.773 E4.85556
G1 X97.139 Y108.785 E4.88139
G1 X97.568 Y109.215 E4.9106
G1 X97.019 Y109.215 E4.93701
G1 X96.59 Y108.785 E4.96622
G1 X96.041 Y108.785 E4.99263
G1 X96.47 Y109.215 E5.02184
G1 X95.921 Y109.215 E5.04825
G1 X95.492 Y108.785 E5.07746
G1 X94.943 Y108.785 E5.10387
G1 X95.373 Y109.215 E5.13312
G1 X94.824 Y109.215 E5.15953
G1 X94.395 Y108.785 E5.18874
G1 X93.846 Y108.785 E5.21515
G1 X94.275 Y109.215 E5.24436
G1 X93.726 Y109.215 E5.27077
G1 X93.297 Y108.785 E5.29998
G1 X92.748 Y108.785 E5.32639
G1 X93.177 Y109.215 E5.3556
G1 X92.628 Y109.215 E5.38201
G1 X92.199 Y108.785 E5.41122
G1 X91.65 Y108.785 E5.43763
G1 X92.079 Y109.215 E5.46684
G1 X91.531 Y109.215 E5.4932
G1 X91.102 Y108.785 E5.52241
G1 X90.553 Y108.785 E5.54882
G1 X90.982 Y109.215 E5.57803
G1 X90.433 Y109.215 E5.60444
G1 X90.004 Y108.785 E5.63365
G1 X89.455 Y108.785 E5.66006
G1 X89.884 Y109.215 E5.68927
G1 X89.335 Y109.215 E5.71568
G1 X88.906 Y108.785 E5.74489
G1 X88.357 Y108.785 E5.7713
G1 X88.786 Y109.215 E5.80051
G1 X88.238 Y109.215 E5.82687
G1 X87.808 Y108.785 E5.85612
G1 X87.26 Y108.785 E5.88248
G1 X87.689 Y109.215 E5.91169
G1 X87.14 Y109.215 E5.9381
G1 X86.711 Y108.785 E5.96731
G1 X86.162 Y108.785 E5.99372
G1 X86.591 Y109.215 E6.02293
G1 X86.042 Y109.215 E6.04934
G1 X85.613 Y108.785 E6.07855
G1 X85.064 Y108.785 E6.10496
G1 X85.493 Y109.215 E6.13417
G1 X84.944 Y109.215 E6.16058
G1 X84.515 Y108.785 E6.18979
G1 X83.966 Y108.785 E6.2162
G1 X84.396 Y109.215 E6.24545
G1 X83.847 Y109.215 E6.27186
G1 X83.418 Y108.785 E6.30107
G1 X82.869 Y108.785 E6.32748
G1 X83.298 Y109.215 E6.35669
G1 X82.749 Y109.215 E6.3831
G1 X82.32 Y108.785 E6.41231
G1 X81.771 Y108.785 E6.43872
G1 X82.2 Y109.215 E6.46793
G1 X81.651 Y109.215 E6.49434
G1 X81.222 Y108.785 E6.52355
G1 X80.673 Y108.785 E6.54996
G1 X81.102 Y109.215 E6.57917
G1 X80.554 Y109.215 E6.60553
G1 X80.125 Y108.785 E6.63474
G1 X79.576 Y108.785 E6.66115
G1 X80.005 Y109.215 E6.69036
G1 X79.456 Y109.215 E6.71677
G1 X79.027 Y108.785 E6.74598
G1 X78.478 Y108.785 E6.77239
G1 X78.907 Y109.215 E6.8016
G1 X78.358 Y109.215 E6.82801
G1 X77.929 Y108.785 E6.85722
G1 X77.38 Y108.785 E6.88363
G1 X77.809 Y109.215 E6.91284
G1 X77.261 Y109.215 E6.9392
G1 X76.831 Y108.785 E6.96845
G1 X76.283 Y108.785 E6.99481
G1 X76.712 Y109.215 E7.02402
G1 X76.163 Y109.215 E7.05043
G1 X75.734 Y108.785 E7.07964
G1 X75.185 Y108.785 E7.10605
G1 X75.614 Y109.215 E7.13526
G1 X75.065 Y109.215 E7.16167
G1 X74.636 Y108.785 E7.19088
G1 X74.087 Y108.785 E7.21729
G1 X74.516 Y109.215 E7.2465
G1 X73.967 Y109.215 E7.27291
G1 X73.538 Y108.785 E7.30212
G1 X72.989 Y108.785 E7.32853
G1 X73.419 Y109.215 E7.35778
G1 X72.87 Y109.215 E7.38419
G1 X72.436 Y108.781 E7.41371
G1 X71.97 Y108.684 E7.4366
G1 X71.58 Y108.42 E7.45925
G1 X71.318 Y108.034 E7.48169
G1 X71.217 Y107.562 E7.50491
G1 X70.785 Y107.13 E7.53429
G1 X70.785 Y106.581 E7.5607
G1 X71.215 Y107.011 E7.58995
G1 X71.215 Y106.462 E7.61636
G1 X70.785 Y106.033 E7.64557
G1 X70.785 Y105.484 E7.67198
G1 X71.215 Y105.913 E7.70119
G1 X71.215 Y105.364 E7.7276
G1 X70.785 Y104.935 E7.75681
G1 X70.785 Y104.386 E7.78322
G1 X71.215 Y104.815 E7.81243
G1 X71.215 Y104.266 E7.83884
G1 X70.785 Y103.837 E7.86805
G1 X70.785 Y103.288 E7.89446
G1 X71.215 Y103.717 E7.92367
G1 X71.215 Y103.169 E7.95003
G1 X70.785 Y102.739 E7.97928
G1 X70.785 Y102.191 E8.00564
G1 X71.215 Y102.62 E8.03485
G1 X71.215 Y102.071 E8.06126
G1 X70.785 Y101.642 E8.09047
G1 X70.785 Y101.093 E8.11688
G1 X71.215 Y101.522 E8.14609
G1 X71.215 Y100.973 E8.1725
G1 X70.785 Y100.544 E8.20171
G1 X70.785 Y99.995 E8.22812
G1 X71.215 Y100.424 E8.25733
G1 X71.215 Y99.875 E8.28374
G1 X70.785 Y99.446 E8.31295
G1 X70.785 Y98.898 E8.33931
G1 X71.215 Y99.327 E8.36852
G1 X71.215 Y98.778 E8.39493
G1 X70.785 Y98.349 E8.42414
G1 X70.785 Y97.8 E8.45055
G1 X71.215 Y98.229 E8.47976
G1 X71.215 Y97.68 E8.50617
G1 X70.785 Y97.251 E8.53538
G1 X70.785 Y96.702 E8.56179
G1 X71.215 Y97.131 E8.591
G1 X71.215 Y96.582 E8.61741
G1 X70.785 Y96.153 E8.64662
G1 X70.785 Y95.604 E8.67303
G1 X71.215 Y96.034 E8.70228
G1 X71.215 Y95.485 E8.72869
G1 X70.785 Y95.056 E8.7579
G1 X70.785 Y94.507 E8.78431
G1 X71.215 Y94.936 E8.81352
G1 X71.215 Y94.387 E8.83993
G1 X70.785 Y93.958 E8.86914
G1 X70.785 Y93.409 E8.89555
G1 X71.215 Y93.838 E8.92476
G1 X71.215 Y93.289 E8.95117
G1 X70.785 Y92.86 E8.98038
G1 X70.785 Y92.311 E9.00679
G1 X71.215 Y92.74 E9.036
G1 X71.215 Y92.192 E9.06236
G1 X70.785 Y91.762 E9.09161
G1 X70.785 Y91.214 E9.11797
G1 X71.215 Y91.643 E9.14718
G1 X71.215 Y91.094 E9.17359
G1 X70.785 Y90.665 E9.2028
G1 X70.785 Y90.116 E9.22921
G1 X71.215 Y90.545 E9.25842
G1 X71.215 Y89.996 E9.28483
G1 X70.785 Y89.567 E9.31404
G1 X70.785 Y89.018 E9.34045
G1 X71.215 Y89.447 E9.36966
G1 X71.215 Y88.898 E9.39607
G1 X70.785 Y88.469 E9.42528
G1 X70.785 Y87.921 E9.45164
G1 X71.215 Y88.35 E9.48085
G1 X71.215 Y87.801 E9.50726
G1 X70.785 Y87.372 E9.53647
G1 X70.785 Y86.823 E9.56288
G1 X71.215 Y87.252 E9.59209
G1 X71.215 Y86.703 E9.6185
G1 X70.785 Y86.274 E9.64771
G1 X70.785 Y85.725 E9.67412
G1 X71.215 Y86.154 E9.70333
G1 X71.215 Y85.605 E9.72974
G1 X70.785 Y85.176 E9.75895
G1 X70.785 Y84.627 E9.78536
G1 X71.215 Y85.057 E9.81461
G1 X71.215 Y84.508 E9.84102
G1 X70.785 Y84.079 E9.87023
G1 X70.785 Y83.53 E9.89664
G1 X71.215 Y83.959 E9.92585
G1 X71.215 Y83.41 E9.95226
G1 X70.785 Y82.981 E9.98147
G1 X70.785 Y82.432 E10.00788
G1 X71.215 Y82.861 E10.03709
G1 X71.24 Y82.337 E10.06232
G1 X70.785 Y81.883 E10.09323
G1 X70.785 Y81.334 E10.11964
G1 X71.358 Y81.907 E10.15861
G1 X71.58 Y81.58 E10.17762
G1 X70.785 Y80.785 E10.23169
G1 X71.334 Y80.785 E10.2581
G1 X71.907 Y81.358 E10.29707
G1 X72.324 Y81.227 E10.31809
G1 X71.883 Y80.785 E10.34812
G1 X72.432 Y80.785 E10.37453
G1 X72.861 Y81.215 E10.40374
G1 X73.41 Y81.215 E10.43015
G1 X72.981 Y80.785 E10.45936
G1 X73.53 Y80.785 E10.48577
G1 X73.959 Y81.215 E10.51498
G1 X74.508 Y81.215 E10.54139
G1 X74.079 Y80.785 E10.5706
G1 X74.627 Y80.785 E10.59696
G1 X75.056 Y81.215 E10.62617
G1 X75.605 Y81.215 E10.65258
G1 X75.176 Y80.785 E10.68179
G1 X75.725 Y80.785 E10.7082
G1 X76.154 Y81.215 E10.73741
G1 X76.703 Y81.215 E10.76382
G1 X76.274 Y80.785 E10.79303
G1 X76.823 Y80.785 E10.81944
G1 X77.252 Y81.215 E10.84865
G1 X77.801 Y81.215 E10.87506
G1 X77.372 Y80.785 E10.90427
G1 X77.92 Y80.785 E10.93063
G1 X78.35 Y81.215 E10.95988
G1 X78.898 Y81.215 E10.98624
G1 X78.469 Y80.785 E11.01545
G1 X79.018 Y80.785 E11.04186
G1 X79.447 Y81.215 E11.07107
G1 X79.996 Y81.215 E11.09748
G1 X79.567 Y80.785 E11.12669
G1 X80.116 Y80.785 E11.1531
G1 X80.545 Y81.215 E11.18231
G1 X81.094 Y81.215 E11.20872
G1 X80.665 Y80.785 E11.23793
G1 X81.214 Y80.785 E11.26434
G1 X81.643 Y81.215 E11.29355
G1 X82.192 Y81.215 E11.31996
G1 X81.762 Y80.785 E11.34921
G1 X82.311 Y80.785 E11.37562
G1 X82.74 Y81.215 E11.40483
G1 X83.289 Y81.215 E11.43124
G1 X82.86 Y80.785 E11.46045
G1 X83.409 Y80.785 E11.48686
G1 X83.838 Y81.215 E11.51607
G1 X84.387 Y81.215 E11.54248
G1 X83.958 Y80.785 E11.57169
G1 X84.507 Y80.785 E11.5981
G1 X84.936 Y81.215 E11.62731
G1 X85.485 Y81.215 E11.65372
G1 X85.056 Y80.785 E11.68293
G1 X85.604 Y80.785 E11.70929
G1 X86.034 Y81.215 E11.73854
G1 X86.582 Y81.215 E11.7649
G1 X86.153 Y80.785 E11.79411
G1 X86.702 Y80.785 E11.82052
G1 X87.131 Y81.215 E11.84973
G1 X87.68 Y81.215 E11.87614
G1 X87.251 Y80.785 E11.90535
G1 X87.8 Y80.785 E11.93176
G1 X88.229 Y81.215 E11.96097
G1 X88.778 Y81.215 E11.98738
G1 X88.349 Y80.785 E12.01659
G1 X88.898 Y80.785 E12.043
G1 X89.327 Y81.215 E12.07221
G1 X89.875 Y81.215 E12.09857
G1 X89.446 Y80.785 E12.12778
G1 X89.995 Y80.785 E12.15419
G1 X90.424 Y81.215 E12.1834
G1 X90.973 Y81.215 E12.20981
G1 X90.544 Y80.785 E12.23902
G1 X91.093 Y80.785 E12.26543
G1 X91.522 Y81.215 E12.29464
G1 X92.071 Y81.215 E12.32105
G1 X91.642 Y80.785 E12.35026
G1 X92.191 Y80.785 E12.37667
G1 X92.62 Y81.215 E12.40588
G1 X93.169 Y81.215 E12.43229
G1 X92.739 Y80.785 E12.46154
G1 X93.288 Y80.785 E12.48795
G1 X93.717 Y81.215 E12.51716
G1 X94.266 Y81.215 E12.54357
G1 X93.837 Y80.785 E12.57278
G1 X94.386 Y80.785 E12.59919
G1 X94.815 Y81.215 E12.6284
G1 X95.364 Y81.215 E12.65481
G1 X94.935 Y80.785 E12.68402
G1 X95.484 Y80.785 E12.71043
G1 X95.913 Y81.215 E12.73964
G1 X96.462 Y81.215 E12.76605
G1 X96.033 Y80.785 E12.79526
G1 X96.581 Y80.785 E12.82162
G1 X97.011 Y81.215 E12.85087
G1 X97.564 Y81.219 E12.87747
G1 X97.13 Y80.785 E12.90699
G1 X97.679 Y80.785 E12.9334
G1 X99.215 Y82.321 E13.03788
G1 X99.215 Y81.772 E13.06429
G1 X98.228 Y80.785 E13.13142
G1 X98.777 Y80.785 E13.15783
G1 X99.388 Y81.397 E13.19942
G1 E11.19942 F2400
G92 E0
G1 X74.812 Y84.779 F7800
G1 E2 F2400
;TYPE:External perimeter
;WIDTH:0.583165
G1 F1800
G1 X74.876 Y84.765 E2.00424
;WIDTH:0.545178
G1 X74.968 Y84.746 E2.00987
;WIDTH:0.507191
G1 X95.032 Y84.746 E3.118
;WIDTH:0.545178
G1 X95.124 Y84.765 E3.12363
;WIDTH:0.583165
G1 X95.216 Y84.784 E3.12971
G1 X95.235 Y84.876 E3.13579
;WIDTH:0.545178
G1 X95.254 Y84.968 E3.14142
;WIDTH:0.507191
G1 X95.254 Y105.032 E4.24955
;WIDTH:0.545178
G1 X95.235 Y105.124 E4.25518
;WIDTH:0.583165
G1 X95.216 Y105.216 E4.26126
G1 X95.124 Y105.235 E4.26734
;WIDTH:0.545178
G1 X95.032 Y105.254 E4.27297
;WIDTH:0.507191
G1 X74.968 Y105.254 E5.3811
;WIDTH:0.545178
G1 X74.876 Y105.235 E5.38673
;WIDTH:0.583165
G1 X74.784 Y105.216 E5.39281
G1 X74.765 Y105.124 E5.39889
;WIDTH:0.545178
G1 X74.746 Y105.032 E5.40452
;WIDTH:0.507191
G1 X74.746 Y84.968 E6.51265
;WIDTH:0.545178
G1 X74.765 Y84.876 E6.51828
;WIDTH:0.583165
G1 X74.778 Y84.816 E6.52225
G1 X75.173 Y84.752 F7800
G1 E4.52225 F2400
G92 E0
G1 X95.658 Y105.658 F7800
G1 E2 F2400
G1 F1800
G1 X95.345 Y105.677 E2.02029
;WIDTH:0.545178
G1 X95.032 Y105.696 E2.03909
;WIDTH:0.507191
G1 X74.968 Y105.696 E3.14722
;WIDTH:0.545178
G1 X74.655 Y105.677 E3.16602
;WIDTH:0.583165
G1 X74.342 Y105.658 E3.18631
G1 X74.323 Y105.345 E3.2066
;WIDTH:0.545178
G1 X74.304 Y105.032 E3.2254
;WIDTH:0.507191
G1 X74.304 Y84.968 E4.33353
;WIDTH:0.545178
G1 X74.323 Y84.655 E4.35233
;WIDTH:0.583165
G1 X74.342 Y84.342 E4.37262
G1 X74.655 Y84.323 E4.39291
;WIDTH:0.545178
G1 X74.968 Y84.304 E4.41171
;WIDTH:0.507191
G1 X95.032 Y84.304 E5.51984
;WIDTH:0.545178
G1 X95.345 Y84.323 E5.53864
;WIDTH:0.583165
G1 X95.658 Y84.342 E5.55893
G1 X95.658 Y84.601 E5.57569
G1 X95.677 Y84.784 E5.58759
;WIDTH:0.545178
G1 X95.696 Y84.968 E5.59868
;WIDTH:0.507191
G1 X95.696 Y105.032 E6.70681
;WIDTH:0.510546
G1 X95.695 Y105.109 E6.7111
;WIDTH:0.546855
G1 X95.677 Y105.384 E6.72768
;WIDTH:0.583165
G1 X95.662 Y105.599 E6.74163
G1 X95.271 Y105.68 F7800
;LAYER_CHANGE
;Z:7.85
;HEIGHT:0.3
G1 E4.74163 F2400
G92 E0
G1 Z7.85 F7800
G1 X98.21 Y108.217
G1 E2 F2400
;TYPE:Perimeter
;WIDTH:0.45
G1 F3600
G1 X97.915 Y108.417 E2.01714
G1 X97.532 Y108.496 E2.03595
G1 X72.468 Y108.496 E3.24144
G1 X72.085 Y108.417 E3.26025
G1 X71.786 Y108.214 E3.27763
G1 X71.583 Y107.915 E3.29501
G1 X71.504 Y107.532 E3.31382
G1 X71.504 Y82.468 E4.51931
G1 X71.583 Y82.085 E4.53812
G1 X71.786 Y81.786 E4.5555
G1 X72.085 Y81.583 E4.57288
G1 X72.468 Y81.504 E4.59169
G1 X97.532 Y81.504 E5.79718
G1 X97.915 Y81.583 E5.81599
G1 X98.214 Y81.786 E5.83337
G1 X98.417 Y82.085 E5.85075
G1 X98.496 Y82.468 E5.86956
G1 X98.496 Y107.532 E7.07505
G1 X98.417 Y107.915 E7.09386
G1 X98.245 Y108.169 E7.10861
G1 X97.943 Y107.938 F7800
G1 F3600
G1 X97.941 Y107.941 E7.10878
G1 X97.762 Y108.063 E7.1192
G1 X97.532 Y108.111 E7.1305
G1 X72.468 Y108.111 E8.33599
G1 X72.238 Y108.063 E8.34729
G1 X72.059 Y107.941 E8.35771
G1 X71.937 Y107.762 E8.36813
G1 X71.889 Y107.532 E8.37943
G1 X71.889 Y82.468 E9.58492
G1 X71.937 Y82.238 E9.59622
G1 X72.059 Y82.059 E9.60664
G1 X72.238 Y81.937 E9.61706
G1 X72.468 Y81.889 E9.62836
G1 X97.532 Y81.889 E10.83385
G1 X97.762 Y81.937 E10.84515
G1 X97.941 Y82.059 E10.85557
G1 X98.063 Y82.238 E10.86599
G1 X98.111 Y82.468 E10.87729
G1 X98.111 Y107.532 E12.08278
G1 X98.063 Y107.762 E12.09408
G1 X97.977 Y107.889 E12.10146
G1 X97.671 Y107.662 F7800
;TYPE:External perimeter
G1 F1800
G1 X97.669 Y107.669 E12.10181
G1 X97.532 Y107.725 E12.10893
G1 X72.468 Y107.725 E13.31442
G1 X72.331 Y107.669 E13.32154
G1 X72.275 Y107.532 E13.32866
G1 X72.275 Y82.468 E14.53415
G1 X72.331 Y82.331 E14.54127
G1 X72.468 Y82.275 E14.54839
G1 X97.532 Y82.275 E15.75388
G1 X97.669 Y82.331 E15.761
G1 X97.725 Y82.468 E15.76812
G1 X97.725 Y107.532 E16.97361
G1 X97.694 Y107.607 E16.97751
G1 X97.31 Y107.718 F7800
G1 E14.97751 F2400
G92 E0
G1 X70.496 Y80.496 F7800
G1 E2 F2400
;TYPE:Perimeter
G1 F3600
G1 X99.504 Y80.496 E3.39518
G1 X99.504 Y81.252 E3.43154
G1 X99.504 Y109.504 E4.79036
G1 X70.496 Y109.504 E6.18554
G1 X70.496 Y80.556 E7.57784
G1 X70.111 Y80.111 F7800
G1 F3600
G1 X99.889 Y80.111 E9.01006
G1 X99.889 Y81.252 E9.06494
G1 X99.889 Y109.889 E10.44228
G1 X70.111 Y109.889 E11.8745
G1 X70.111 Y80.171 E13.30383
G1 X69.725 Y79.725 F7800
;TYPE:External perimeter
G1 F1800
G1 X100.275 Y79.725 E14.77318
G1 X100.275 Y81.252 E14.84662
G1 X100.275 Y110.275 E16.24253
G1 X69.725 Y110.275 E17.71188
G1 X69.725 Y79.785 E19.17834
G1 X70.121 Y79.726 F7800
G1 X71.397 Y80.612
;TYPE:Internal infill
;WIDTH:0.45
G1 F4200
G1 X70.785 Y81.223 E19.21993
G1 X70.785 Y81.772 E19.24634
G1 X71.772 Y80.785 E19.31347
G1 X72.321 Y80.785 E19.33988
G1 X70.612 Y82.494 E19.45612
G1 E17.45612 F2400
G92 E0
G1 X96.957 Y109.388 F7800
G1 E2 F2400
G1 F4200
G1 X97.562 Y108.783 E2.04115
G1 X97.011 Y108.785 E2.06765
G1 X96.581 Y109.215 E2.0969
G1 X96.033 Y109.215 E2.12326
G1 X96.462 Y108.785 E2.15247
G1 X95.913 Y108.785 E2.17888
G1 X95.484 Y109.215 E2.20809
G1 X94.935 Y109.215 E2.2345
G1 X95.364 Y108.785 E2.26371
G1 X94.815 Y108.785 E2.29012
G1 X94.386 Y109.215 E2.31933
G1 X93.837 Y109.215 E2.34574
G1 X94.266 Y108.785 E2.37495
G1 X93.717 Y108.785 E2.40136
G1 X93.288 Y109.215 E2.43057
G1 X92.739 Y109.215 E2.45698
G1 X93.169 Y108.785 E2.48623
G1 X92.62 Y108.785 E2.51264
G1 X92.191 Y109.215 E2.54185
G1 X91.642 Y109.215 E2.56826
G1 X92.071 Y108.785 E2.59747
G1 X91.522 Y108.785 E2.62388
G1 X91.093 Y109.215 E2.65309
G1 X90.544 Y109.215 E2.6795
G1 X90.973 Y108.785 E2.70871
G1 X90.424 Y108.785 E2.73512
G1 X89.995 Y109.215 E2.76433
G1 X89.446 Y109.215 E2.79074
G1 X89.875 Y108.785 E2.81995
G1 X89.327 Y108.785 E2.84631
G1 X88.898 Y109.215 E2.87552
G1 X88.349 Y109.215 E2.90193
G1 X88.778 Y108.785 E2.93114
G1 X88.229 Y108.785 E2.95755
G1 X87.8 Y109.215 E2.98676
G1 X87.251 Y109.215 E3.01317
G1 X87.68 Y108.785 E3.04238
G1 X87.131 Y108.785 E3.06879
G1 X86.702 Y109.215 E3.098
G1 X86.153 Y109.215 E3.12441
G1 X86.582 Y108.785 E3.15362
G1 X86.034 Y108.785 E3.17998
G1 X85.604 Y109.215 E3.20923
G1 X85.056 Y109.215 E3.23559
G1 X85.485 Y108.785 E3.2648
G1 X84.936 Y108.785 E3.29121
G1 X84.507 Y109.215 E3.32042
G1 X83.958 Y109.215 E3.34683
G1 X84.387 Y108.785 E3.37604
G1 X83.838 Y108.785 E3.40245
G1 X83.409 Y109.215 E3.43166
G1 X82.86 Y109.215 E3.45807
G1 X83.289 Y108.785 E3.48728
G1 X82.74 Y108.785 E3.51369
G1 X82.311 Y109.215 E3.5429
G1 X81.762 Y109.215 E3.56931
G1 X82.192 Y108.785 E3.59856
G1 X81.643 Y108.785 E3.62497
G1 X81.214 Y109.215 E3.65418
G1 X80.665 Y109.215 E3.68059
G1 X81.094 Y108.785 E3.7098
G1 X80.545 Y108.785 E3.73621
G1 X80.116 Y109.215 E3.76542
G1 X79.567 Y109.215 E3.79183
G1 X79.996 Y108.785 E3.82104
G1 X79.447 Y108.785 E3.84745
G1 X79.018 Y109.215 E3.87666
G1 X78.469 Y109.215 E3.90307
G1 X78.898 Y108.785 E3.93228
G1 X78.35 Y108.785 E3.95864
G1 X77.92 Y109.215 E3.98789
G1 X77.372 Y109.215 E4.01425
G1 X77.801 Y108.785 E4.04346
G1 X77.252 Y108.785 E4.06987
G1 X76.823 Y109.215 E4.09908
G1 X76.274 Y109.215 E4.12549
G1 X76.703 Y108.785 E4.1547
G1 X76.154 Y108.785 E4.18111
G1 X75.725 Y109.215 E4.21032
G1 X75.176 Y109.215 E4.23673
G1 X75.605 Y108.785 E4.26594
G1 X75.056 Y108.785 E4.29235
G1 X74.627 Y109.215 E4.32156
G1 X74.079 Y109.215 E4.34792
G1 X74.508 Y108.785 E4.37713
G1 X73.959 Y108.785 E4.40354
G1 X73.53 Y109.215 E4.43275
G1 X72.981 Y109.215 E4.45916
G1 X73.41 Y108.785 E4.48837
G1 X72.861 Y108.785 E4.51478
G1 X72.432 Y109.215 E4.54399
G1 X71.883 Y109.215 E4.5704
G1 X72.337 Y108.76 E4.60131
G1 X71.907 Y108.642 E4.62276
G1 X71.334 Y109.215 E4.66173
G1 X70.785 Y109.215 E4.68814
G1 X71.58 Y108.42 E4.74221
G1 X71.358 Y108.093 E4.76122
G1 X70.785 Y108.666 E4.80019
G1 X70.785 Y108.117 E4.8266
G1 X71.227 Y107.676 E4.85663
G1 X71.215 Y107.139 E4.88246
G1 X70.785 Y107.568 E4.91167
G1 X70.785 Y107.019 E4.93808
G1 X71.215 Y106.59 E4.96729
G1 X71.215 Y106.041 E4.9937
G1 X70.785 Y106.47 E5.02291
G1 X70.785 Y105.921 E5.04932
G1 X71.215 Y105.492 E5.07853
G1 X71.215 Y104.943 E5.10494
G1 X70.785 Y105.373 E5.13419
G1 X70.785 Y104.824 E5.1606
G1 X71.215 Y104.395 E5.18981
G1 X71.215 Y103.846 E5.21622
G1 X70.785 Y104.275 E5.24543
G1 X70.785 Y103.726 E5.27184
G1 X71.215 Y103.297 E5.30105
G1 X71.215 Y102.748 E5.32746
G1 X70.785 Y103.177 E5.35667
G1 X70.785 Y102.628 E5.38308
G1 X71.215 Y102.199 E5.41229
G1 X71.215 Y101.65 E5.4387
G1 X70.785 Y102.079 E5.46791
G1 X70.785 Y101.531 E5.49427
G1 X71.215 Y101.102 E5.52348
G1 X71.215 Y100.553 E5.54989
G1 X70.785 Y100.982 E5.5791
G1 X70.785 Y100.433 E5.60551
G1 X71.215 Y100.004 E5.63472
G1 X71.215 Y99.455 E5.66113
G1 X70.785 Y99.884 E5.69034
G1 X70.785 Y99.335 E5.71675
G1 X71.215 Y98.906 E5.74596
G1 X71.215 Y98.357 E5.77237
G1 X70.785 Y98.786 E5.80158
G1 X70.785 Y98.238 E5.82794
G1 X71.215 Y97.808 E5.85719
G1 X71.215 Y97.26 E5.88355
G1 X70.785 Y97.689 E5.91276
G1 X70.785 Y97.14 E5.93917
G1 X71.215 Y96.711 E5.96838
G1 X71.215 Y96.162 E5.99479
G1 X70.785 Y96.591 E6.024
G1 X70.785 Y96.042 E6.05041
G1 X71.215 Y95.613 E6.07962
G1 X71.215 Y95.064 E6.10603
G1 X70.785 Y95.493 E6.13524
G1 X70.785 Y94.944 E6.16165
G1 X71.215 Y94.515 E6.19086
G1 X71.215 Y93.966 E6.21727
G1 X70.785 Y94.396 E6.24652
G1 X70.785 Y93.847 E6.27293
G1 X71.215 Y93.418 E6.30214
G1 X71.215 Y92.869 E6.32855
G1 X70.785 Y93.298 E6.35776
G1 X70.785 Y92.749 E6.38417
G1 X71.215 Y92.32 E6.41338
G1 X71.215 Y91.771 E6.43979
G1 X70.785 Y92.2 E6.469
G1 X70.785 Y91.651 E6.49541
G1 X71.215 Y91.222 E6.52462
G1 X71.215 Y90.673 E6.55103
G1 X70.785 Y91.102 E6.58024
G1 X70.785 Y90.554 E6.6066
G1 X71.215 Y90.125 E6.63581
G1 X71.215 Y89.576 E6.66222
G1 X70.785 Y90.005 E6.69143
G1 X70.785 Y89.456 E6.71784
G1 X71.215 Y89.027 E6.74705
G1 X71.215 Y88.478 E6.77346
G1 X70.785 Y88.907 E6.80267
G1 X70.785 Y88.358 E6.82908
G1 X71.215 Y87.929 E6.85829
G1 X71.215 Y87.38 E6.8847
G1 X70.785 Y87.809 E6.91391
G1 X70.785 Y87.261 E6.94027
G1 X71.215 Y86.831 E6.96952
G1 X71.215 Y86.283 E6.99588
G1 X70.785 Y86.712 E7.02509
G1 X70.785 Y86.163 E7.0515
G1 X71.215 Y85.734 E7.08071
G1 X71.215 Y85.185 E7.10712
G1 X70.785 Y85.614 E7.13633
G1 X70.785 Y85.065 E7.16274
G1 X71.215 Y84.636 E7.19195
G1 X71.215 Y84.087 E7.21836
G1 X70.785 Y84.516 E7.24757
G1 X70.785 Y83.967 E7.27398
G1 X71.215 Y83.538 E7.30319
G1 X71.215 Y82.989 E7.3296
G1 X70.785 Y83.419 E7.35885
G1 X70.785 Y82.87 E7.38526
G1 X71.219 Y82.436 E7.41478
G1 X71.316 Y81.97 E7.43767
G1 X71.58 Y81.58 E7.46032
G1 X71.966 Y81.318 E7.48276
G1 X72.438 Y81.217 E7.50598
G1 X72.87 Y80.785 E7.53536
G1 X73.419 Y80.785 E7.56177
G1 X72.989 Y81.215 E7.59102
G1 X73.538 Y81.215 E7.61743
G1 X73.967 Y80.785 E7.64664
G1 X74.516 Y80.785 E7.67305
G1 X74.087 Y81.215 E7.70226
G1 X74.636 Y81.215 E7.72867
G1 X75.065 Y80.785 E7.75788
G1 X75.614 Y80.785 E7.78429
G1 X75.185 Y81.215 E7.8135
G1 X75.734 Y81.215 E7.83991
G1 X76.163 Y80.785 E7.86912
G1 X76.712 Y80.785 E7.89553
G1 X76.283 Y81.215 E7.92474
G1 X76.831 Y81.215 E7.9511
G1 X77.261 Y80.785 E7.98035
G1 X77.809 Y80.785 E8.00671
G1 X77.38 Y81.215 E8.03592
G1 X77.929 Y81.215 E8.06233
G1 X78.358 Y80.785 E8.09154
G1 X78.907 Y80.785 E8.11795
G1 X78.478 Y81.215 E8.14716
G1 X79.027 Y81.215 E8.17357
G1 X79.456 Y80.785 E8.20278
G1 X80.005 Y80.785 E8.22919
G1 X79.576 Y81.215 E8.2584
G1 X80.125 Y81.215 E8.28481
G1 X80.554 Y80.785 E8.31402
G1 X81.102 Y80.785 E8.34038
G1 X80.673 Y81.215 E8.36959
G1 X81.222 Y81.215 E8.396
G1 X81.651 Y80.785 E8.42521
G1 X82.2 Y80.785 E8.45162
G1 X81.771 Y81.215 E8.48083
G1 X82.32 Y81.215 E8.50724
G1 X82.749 Y80.785 E8.53645
G1 X83.298 Y80.785 E8.56286
G1 X82.869 Y81.215 E8.59207
G1 X83.418 Y81.215 E8.61848
G1 X83.847 Y80.785 E8.64769
G1 X84.396 Y80.785 E8.6741
G1 X83.966 Y81.215 E8.70335
G1 X84.515 Y81.215 E8.72976
G1 X84.944 Y80.785 E8.75897
G1 X85.493 Y80.785 E8.78538
G1 X85.064 Y81.215 E8.81459
G1 X85.613 Y81.215 E8.841
G1 X86.042 Y80.785 E8.87021
G1 X86.591 Y80.785 E8.89662
G1 X86.162 Y81.215 E8.92583
G1 X86.711 Y81.215 E8.95224
G1 X87.14 Y80.785 E8.98145
G1 X87.689 Y80.785 E9.00786
G1 X87.26 Y81.215 E9.03707
G1 X87.808 Y81.215 E9.06343
G1 X88.238 Y80.785 E9.09268
G1 X88.786 Y80.785 E9.11904
G1 X88.357 Y81.215 E9.14825
G1 X88.906 Y81.215 E9.17466
G1 X89.335 Y80.785 E9.20387
G1 X89.884 Y80.785 E9.23028
G1 X89.455 Y81.215 E9.25949
G1 X90.004 Y81.215 E9.2859
G1 X90.433 Y80.785 E9.31511
G1 X90.982 Y80.785 E9.34152
G1 X90.553 Y81.215 E9.37073
G1 X91.102 Y81.215 E9.39714
G1 X91.531 Y80.785 E9.42635
G1 X92.079 Y80.785 E9.45271
G1 X91.65 Y81.215 E9.48192
G1 X92.199 Y81.215 E9.50833
G1 X92.628 Y80.785 E9.53754
G1 X93.177 Y80.785 E9.56395
G1 X92.748 Y81.215 E9.59316
G1 X93.297 Y81.215 E9.61957
G1 X93.726 Y80.785 E9.64878
G1 X94.275 Y80.785 E9.67519
G1 X93.846 Y81.215 E9.7044
G1 X94.395 Y81.215 E9.73081
G1 X94.824 Y80.785 E9.76002
G1 X95.373 Y80.785 E9.78643
G1 X94.943 Y81.215 E9.81568
G1 X95.492 Y81.215 E9.84209
G1 X95.921 Y80.785 E9.8713
G1 X96.47 Y80.785 E9.89771
G1 X96.041 Y81.215 E9.92692
G1 X96.59 Y81.215 E9.95333
G1 X97.019 Y80.785 E9.98254
G1 X97.568 Y80.785 E10.00895
G1 X97.139 Y81.215 E10.03816
G1 X97.663 Y81.24 E10.06339
G1 X98.117 Y80.785 E10.0943
G1 X98.666 Y80.785 E10.12071
G1 X98.093 Y81.358 E10.15968
G1 X98.42 Y81.58 E10.17869
G1 X99.215 Y80.785 E10.23276
G1 X99.215 Y81.334 E10.25917
G1 X98.642 Y81.907 E10.29814
G1 X98.76 Y82.337 E10.31959
G1 X99.215 Y81.883 E10.3505
G1 X99.215 Y82.432 E10.37691
G1 X98.785 Y82.861 E10.40612
G1 X98.785 Y83.41 E10.43253
G1 X99.215 Y82.981 E10.46174
G1 X99.215 Y83.53 E10.48815
G1 X98.785 Y83.959 E10.51736
G1 X98.785 Y84.508 E10.54377
G1 X99.215 Y84.079 E10.57298
G1 X99.215 Y84.627 E10.59934
G1 X98.785 Y85.056 E10.62855
G1 X98.785 Y85.605 E10.65496
G1 X99.215 Y85.176 E10.68417
G1 X99.215 Y85.725 E10.71058
G1 X98.785 Y86.154 E10.73979
G1 X98.785 Y86.703 E10.7662
G1 X99.215 Y86.274 E10.79541
G1 X99.215 Y86.823 E10.82182
G1 X98.785 Y87.252 E10.85103
G1 X98.785 Y87.801 E10.87744
G1 X99.215 Y87.372 E10.90665
G1 X99.215 Y87.921 E10.93306
G1 X98.785 Y88.35 E10.96227
G1 X98.785 Y88.898 E10.98863
G1 X99.215 Y88.469 E11.01784
G1 X99.215 Y89.018 E11.04425
G1 X98.785 Y89.447 E11.07346
G1 X98.785 Y89.996 E11.09987
G1 X99.215 Y89.567 E11.12908
G1 X99.215 Y90.116 E11.15549
G1 X98.785 Y90.545 E11.1847
G1 X98.785 Y91.094 E11.21111
G1 X99.215 Y90.665 E11.24032
G1 X99.215 Y91.214 E11.26673
G1 X98.785 Y91.643 E11.29594
G1 X98.785 Y92.192 E11.32235
G1 X99.215 Y91.762 E11.3516
G1 X99.215 Y92.311 E11.37801
G1 X98.785 Y92.74 E11.40722
G1 X98.785 Y93.289 E11.43363
G1 X99.215 Y92.86 E11.46284
G1 X99.215 Y93.409 E11.48925
G1 X98.785 Y93.838 E11.51846
G1 X98.785 Y94.387 E11.54487
G1 X99.215 Y93.958 E11.57408
G1 X99.215 Y94.507 E11.60049
G1 X98.785 Y94.936 E11.6297
G1 X98.785 Y95.485 E11.65611
G1 X99.215 Y95.056 E11.68532
G1 X99.215 Y95.604 E11.71168
G1 X98.785 Y96.034 E11.74093
G1 X98.785 Y96.582 E11.76729
G1 X99.215 Y96.153 E11.7965
G1 X99.215 Y96.702 E11.82291
G1 X98.785 Y97.131 E11.85212
G1 X98.785 Y97.68 E11.87853
G1 X99.215 Y97.251 E11.90774
G1 X99.215 Y97.8 E11.93415
G1 X98.785 Y98.229 E11.96336
G1 X98.785 Y98.778 E11.98977
G1 X99.215 Y98.349 E12.01898
G1 X99.215 Y98.898 E12.04539
G1 X98.785 Y99.327 E12.0746
G1 X98.785 Y99.875 E12.10096
G1 X99.215 Y99.446 E12.13017
G1 X99.215 Y99.995 E12.15658
G1 X98.785 Y100.424 E12.18579
G1 X98.785 Y100.973 E12.2122
G1 X99.215 Y100.544 E12.24141
G1 X99.215 Y101.093 E12.26782
G1 X98.785 Y101.522 E12.29703
G1 X98.785 Y102.071 E12.32344
G1 X99.215 Y101.642 E12.35265
G1 X99.215 Y102.191 E12.37906
G1 X98.785 Y102.62 E12.40827
G1 X98.785 Y103.169 E12.43468
G1 X99.215 Y102.739 E12.46393
G1 X99.215 Y103.288 E12.49034
G1 X98.785 Y103.717 E12.51955
G1 X98.785 Y104.266 E12.54596
G1 X99.215 Y103.837 E12.57517
G1 X99.215 Y104.386 E12.60158
G1 X98.785 Y104.815 E12.63079
G1 X98.785 Y105.364 E12.6572
G1 X99.215 Y104.935 E12.68641
G1 X99.215 Y105.484 E12.71282
G1 X98.785 Y105.913 E12.74203
G1 X98.785 Y106.462 E12.76844
G1 X99.215 Y106.033 E12.79765
G1 X99.215 Y106.581 E12.82401
G1 X98.785 Y107.011 E12.85326
G1 X98.783 Y107.562 E12.87976
G1 X99.215 Y107.13 E12.90914
G1 X99.215 Y107.679 E12.93555
G1 X97.679 Y109.215 E13.04003
G1 X98.228 Y109.215 E13.06644
G1 X99.215 Y108.228 E13.13357
G1 X99.215 Y108.777 E13.15998
G1 X98.603 Y109.388 E13.20157
G1 E11.20157 F2400
G92 E0
G1 X74.812 Y84.779 F7800
G1 E2 F2400
;TYPE:External perimeter
;WIDTH:0.583165
G1 F1800
G1 X74.876 Y84.765 E2.00424
;WIDTH:0.545178
G1 X74.968 Y84.746 E2.00987
;WIDTH:0.507191
G1 X95.032 Y84.746 E3.118
;WIDTH:0.545178
G1 X95.124 Y84.765 E3.12363
;WIDTH:0.583165
G1 X95.216 Y84.784 E3.12971
G1 X95.235 Y84.876 E3.13579
;WIDTH:0.545178
G1 X95.254 Y84.968 E3.14142
;WIDTH:0.507191
G1 X95.254 Y105.032 E4.24955
;WIDTH:0.545178
G1 X95.235 Y105.124 E4.25518
;WIDTH:0.583165
G1 X95.216 Y105.216 E4.26126
G1 X95.124 Y105.235 E4.26734
;WIDTH:0.545178
G1 X95.032 Y105.254 E4.27297
;WIDTH:0.507191
G1 X74.968 Y105.254 E5.3811
;WIDTH:0.545178
G1 X74.876 Y105.235 E5.38673
;WIDTH:0.583165
G1 X74.784 Y105.216 E5.39281
G1 X74.765 Y105.124 E5.39889
;WIDTH:0.545178
G1 X74.746 Y105.032 E5.40452
;WIDTH:0.507191
G1 X74.746 Y84.968 E6.51265
;WIDTH:0.545178
G1 X74.765 Y84.876 E6.51828
;WIDTH:0.583165
G1 X74.778 Y84.816 E6.52225
G1 X75.173 Y84.752 F7800
G1 E4.52225 F2400
G92 E0
G1 X95.658 Y105.658 F7800
G1 E2 F2400
G1 F1800
G1 X95.345 Y105.677 E2.02029
;WIDTH:0.545178
G1 X95.032 Y105.696 E2.03909
;WIDTH:0.507191
G1 X74.968 Y105.696 E3.14722
;WIDTH:0.545178
G1 X74.655 Y105.677 E3.16602
;WIDTH:0.583165
G1 X74.342 Y105.658 E3.18631
G1 X74.323 Y105.345 E3.2066
;WIDTH:0.545178
G1 X74.304 Y105.032 E3.2254
;WIDTH:0.507191
G1 X74.304 Y84.968 E4.33353
;WIDTH:0.545178
G1 X74.323 Y84.655 E4.35233
;WIDTH:0.583165
G1 X74.342 Y84.342 E4.37262
G1 X74.655 Y84.323 E4.39291
;WIDTH:0.545178
G1 X74.968 Y84.304 E4.41171
;WIDTH:0.507191
G1 X95.032 Y84.304 E5.51984
;WIDTH:0.545178
G1 X95.345 Y84.323 E5.53864
;WIDTH:0.583165
G1 X95.658 Y84.342 E5.55893
G1 X95.658 Y84.601 E5.57569
G1 X95.677 Y84.784 E5.58759
;WIDTH:0.545178
G1 X95.696 Y84.968 E5.59868
;WIDTH:0.507191
G1 X95.696 Y105.032 E6.70681
;WIDTH:0.510546
G1 X95.695 Y105.109 E6.7111
;WIDTH:0.546855
G1 X95.677 Y105.384 E6.72768
;WIDTH:0.583165
G1 X95.662 Y105.599 E6.74163
G1 X95.271 Y105.68 F7800
;LAYER_CHANGE
;Z:8.15
;HEIGHT:0.3
G1 E4.74163 F2400
G92 E0
G1 Z8.15 F7800
G1 X98.21 Y108.217
G1 E2 F2400
;TYPE:Perimeter
;WIDTH:0.45
G1 F3600
G1 X97.915 Y108.417 E2.01714
G1 X97.532 Y108.496 E2.03595
G1 X72.468 Y108.496 E3.24144
G1 X72.085 Y108.417 E3.26025
G1 X71.786 Y108.214 E3.27763
G1 X71.583 Y107.915 E3.29501
G1 X71.504 Y107.532 E3.31382
G1 X71.504 Y82.468 E4.51931
G1 X71.583 Y82.085 E4.53812
G1 X71.786 Y81.786 E4.5555
G1 X72.085 Y81.583 E4.57288
G1 X72.468 Y81.504 E4.59169
G1 X97.532 Y81.504 E5.79718
G1 X97.915 Y81.583 E5.81599
G1 X98.214 Y81.786 E5.83337
G1 X98.417 Y82.085 E5.85075
G1 X98.496 Y82.468 E5.86956
G1 X98.496 Y107.532 E7.07505
G1 X98.417 Y107.915 E7.09386
G1 X98.245 Y108.169 E7.10861
G1 X97.943 Y107.938 F7800
G1 F3600
G1 X97.941 Y107.941 E7.10878
G1 X97.762 Y108.063 E7.1192
G1 X97.532 Y108.111 E7.1305
G1 X72.468 Y108.111 E8.33599
G1 X72.238 Y108.063 E8.34729
G1 X72.059 Y107.941 E8.35771
G1 X71.937 Y107.762 E8.36813
G1 X71.889 Y107.532 E8.37943
G1 X71.889 Y82.468 E9.58492
G1 X71.937 Y82.238 E9.59622
G1 X72.059 Y82.059 E9.60664
G1 X72.238 Y81.937 E9.61706
G1 X72.468 Y81.889 E9.62836
G1 X97.532 Y81.889 E10.83385
G1 X97.762 Y81.937 E10.84515
G1 X97.941 Y82.059 E10.85557
G1 X98.063 Y82.238 E10.86599
G1 X98.111 Y82.468 E10.87729
G1 X98.111 Y107.532 E12.08278
G1 X98.063 Y107.762 E12.09408
G1 X97.977 Y107.889 E12.10146
G1 X97.671 Y107.662 F7800
;TYPE:External perimeter
G1 F1800
G1 X97.669 Y107.669 E12.10181
G1 X97.532 Y107.725 E12.10893
G1 X72.468 Y107.725 E13.31442
G1 X72.331 Y107.669 E13.32154
G1 X72.275 Y107.532 E13.32866
G1 X72.275 Y82.468 E14.53415
G1 X72.331 Y82.331 E14.54127
G1 X72.468 Y82.275 E14.54839
G1 X97.532 Y82.275 E15.75388
G1 X97.669 Y82.331 E15.761
G1 X97.725 Y82.468 E15.76812
G1 X97.725 Y107.532 E16.97361
G1 X97.694 Y107.607 E16.97751
G1 X97.31 Y107.718 F7800
G1 E14.97751 F2400
G92 E0
G1 X70.496 Y80.496 F7800
G1 E2 F2400
;TYPE:Perimeter
G1 F3600
G1 X99.504 Y80.496 E3.39518
G1 X99.504 Y81.252 E3.43154
G1 X99.504 Y109.504 E4.79036
G1 X70.496 Y109.504 E6.18554
G1 X70.496 Y80.556 E7.57784
G1 X70.111 Y80.111 F7800
G1 F3600
G1 X99.889 Y80.111 E9.01006
G1 X99.889 Y81.252 E9.06494
G1 X99.889 Y109.889 E10.44228
G1 X70.111 Y109.889 E11.8745
G1 X70.111 Y80.171 E13.30383
G1 X69.725 Y79.725 F7800
;TYPE:External perimeter
G1 F1800
G1 X100.275 Y79.725 E14.77318
G1 X100.275 Y81.252 E14.84662
G1 X100.275 Y110.275 E16.24253
G1 X69.725 Y110.275 E17.71188
G1 X69.725 Y79.785 E19.17834
G1 X70.121 Y79.726 F7800
G1 E17.17834 F2400
G92 E0
G1 X70.612 Y108.603 F7800
G1 E2 F2400
;TYPE:Internal infill
;WIDTH:0.45
G1 F4200
G1 X71.223 Y109.215 E2.04159
G1 X71.772 Y109.215 E2.068
G1 X70.785 Y108.228 E2.13513
G1 X70.785 Y107.679 E2.16154
G1 X72.494 Y109.388 E2.27778
G1 E.27778 F2400
G92 E0
G1 X99.388 Y83.043 F7800
G1 E2 F2400
G1 F4200
G1 X98.781 Y82.436 E2.04129
G1 X98.785 Y82.989 E2.06789
G1 X99.215 Y83.419 E2.09714
G1 X99.215 Y83.967 E2.1235
G1 X98.785 Y83.538 E2.15271
G1 X98.785 Y84.087 E2.17912
G1 X99.215 Y84.516 E2.20833
G1 X99.215 Y85.065 E2.23474
G1 X98.785 Y84.636 E2.26395
G1 X98.785 Y85.185 E2.29036
G1 X99.215 Y85.614 E2.31957
G1 X99.215 Y86.163 E2.34598
G1 X98.785 Y85.734 E2.37519
G1 X98.785 Y86.283 E2.4016
G1 X99.215 Y86.712 E2.43081
G1 X99.215 Y87.261 E2.45722
G1 X98.785 Y86.831 E2.48647
G1 X98.785 Y87.38 E2.51288
G1 X99.215 Y87.809 E2.54209
G1 X99.215 Y88.358 E2.5685
G1 X98.785 Y87.929 E2.59771
G1 X98.785 Y88.478 E2.62412
G1 X99.215 Y88.907 E2.65333
G1 X99.215 Y89.456 E2.67974
G1 X98.785 Y89.027 E2.70895
G1 X98.785 Y89.576 E2.73536
G1 X99.215 Y90.005 E2.76457
G1 X99.215 Y90.554 E2.79098
G1 X98.785 Y90.125 E2.82019
G1 X98.785 Y90.673 E2.84655
G1 X99.215 Y91.102 E2.87576
G1 X99.215 Y91.651 E2.90217
G1 X98.785 Y91.222 E2.93138
G1 X98.785 Y91.771 E2.95779
G1 X99.215 Y92.2 E2.987
G1 X99.215 Y92.749 E3.01341
G1 X98.785 Y92.32 E3.04262
G1 X98.785 Y92.869 E3.06903
G1 X99.215 Y93.298 E3.09824
G1 X99.215 Y93.847 E3.12465
G1 X98.785 Y93.418 E3.15386
G1 X98.785 Y93.966 E3.18022
G1 X99.215 Y94.396 E3.20947
G1 X99.215 Y94.944 E3.23583
G1 X98.785 Y94.515 E3.26504
G1 X98.785 Y95.064 E3.29145
G1 X99.215 Y95.493 E3.32066
G1 X99.215 Y96.042 E3.34707
G1 X98.785 Y95.613 E3.37628
G1 X98.785 Y96.162 E3.40269
G1 X99.215 Y96.591 E3.4319
G1 X99.215 Y97.14 E3.45831
G1 X98.785 Y96.711 E3.48752
G1 X98.785 Y97.26 E3.51393
G1 X99.215 Y97.689 E3.54314
G1 X99.215 Y98.238 E3.56955
G1 X98.785 Y97.808 E3.5988
G1 X98.785 Y98.357 E3.62521
G1 X99.215 Y98.786 E3.65442
G1 X99.215 Y99.335 E3.68083
G1 X98.785 Y98.906 E3.71004
G1 X98.785 Y99.455 E3.73645
G1 X99.215 Y99.884 E3.76566
G1 X99.215 Y100.433 E3.79207
G1 X98.785 Y100.004 E3.82128
G1 X98.785 Y100.553 E3.84769
G1 X99.215 Y100.982 E3.8769
G1 X99.215 Y101.531 E3.90331
G1 X98.785 Y101.102 E3.93252
G1 X98.785 Y101.65 E3.95888
G1 X99.215 Y102.08 E3.98813
G1 X99.215 Y102.628 E4.01449
G1 X98.785 Y102.199 E4.0437
G1 X98.785 Y102.748 E4.07011
G1 X99.215 Y103.177 E4.09932
G1 X99.215 Y103.726 E4.12573
G1 X98.785 Y103.297 E4.15494
G1 X98.785 Y103.846 E4.18135
G1 X99.215 Y104.275 E4.21056
G1 X99.215 Y104.824 E4.23697
G1 X98.785 Y104.395 E4.26618
G1 X98.785 Y104.944 E4.29259
G1 X99.215 Y105.373 E4.3218
G1 X99.215 Y105.921 E4.34816
G1 X98.785 Y105.492 E4.37737
G1 X98.785 Y106.041 E4.40378
G1 X99.215 Y106.47 E4.43299
G1 X99.215 Y107.019 E4.4594
G1 X98.785 Y106.59 E4.48861
G1 X98.785 Y107.139 E4.51502
G1 X99.215 Y107.568 E4.54423
G1 X99.215 Y108.117 E4.57064
G1 X98.773 Y107.676 E4.60067
G1 X98.642 Y108.093 E4.62169
G1 X99.215 Y108.666 E4.66066
G1 X99.215 Y109.215 E4.68707
G1 X98.42 Y108.42 E4.74114
G1 X98.093 Y108.642 E4.76015
G1 X98.666 Y109.215 E4.79912
G1 X98.117 Y109.215 E4.82553
G1 X97.676 Y108.773 E4.85556
G1 X97.139 Y108.785 E4.88139
G1 X97.568 Y109.215 E4.9106
G1 X97.019 Y109.215 E4.93701
G1 X96.59 Y108.785 E4.96622
G1 X96.041 Y108.785 E4.99263
G1 X96.47 Y109.215 E5.02184
G1 X95.921 Y109.215 E5.04825
G1 X95.492 Y108.785 E5.07746
G1 X94.943 Y108.785 E5.10387
G1 X95.373 Y109.215 E5.13312
G1 X94.824 Y109.215 E5.15953
G1 X94.395 Y108.785 E5.18874
G1 X93.846 Y108.785 E5.21515
G1 X94.275 Y109.215 E5.24436
G1 X93.726 Y109.215 E5.27077
G1 X93.297 Y108.785 E5.29998
G1 X92.748 Y108.785 E5.32639
G1 X93.177 Y109.215 E5.3556
G1 X92.628 Y109.215 E5.38201
G1 X92.199 Y108.785 E5.41122
G1 X91.65 Y108.785 E5.43763
G1 X92.079 Y109.215 E5.46684
G1 X91.531 Y109.215 E5.4932
G1 X91.102 Y108.785 E5.52241
G1 X90.553 Y108.785 E5.54882
G1 X90.982 Y109.215 E5.57803
G1 X90.433 Y109.215 E5.60444
G1 X90.004 Y108.785 E5.63365
G1 X89.455 Y108.785 E5.66006
G1 X89.884 Y109.215 E5.68927
G1 X89.335 Y109.215 E5.71568
G1 X88.906 Y108.785 E5.74489
G1 X88.357 Y108.785 E5.7713
G1 X88.786 Y109.215 E5.80051
G1 X88.238 Y109.215 E5.82687
G1 X87.808 Y108.785 E5.85612
G1 X87.26 Y108.785 E5.88248
G1 X87.689 Y109.215 E5.91169
G1 X87.14 Y109.215 E5.9381
G1 X86.711 Y108.785 E5.96731
G1 X86.162 Y108.785 E5.99372
G1 X86.591 Y109.215 E6.02293
G1 X86.042 Y109.215 E6.04934
G1 X85.613 Y108.785 E6.07855
G1 X85.064 Y108.785 E6.10496
G1 X85.493 Y109.215 E6.13417
G1 X84.944 Y109.215 E6.16058
G1 X84.515 Y108.785 E6.18979
G1 X83.966 Y108.785 E6.2162
G1 X84.396 Y109.215 E6.24545
G1 X83.847 Y109.215 E6.27186
G1 X83.418 Y108.785 E6.30107
G1 X82.869 Y108.785 E6.32748
G1 X83.298 Y109.215 E6.35669
G1 X82.749 Y109.215 E6.3831
G1 X82.32 Y108.785 E6.41231
G1 X81.771 Y108.785 E6.43872
G1 X82.2 Y109.215 E6.46793
G1 X81.651 Y109.215 E6.49434
G1 X81.222 Y108.785 E6.52355
G1 X80.673 Y108.785 E6.54996
G1 X81.102 Y109.215 E6.57917
G1 X80.554 Y109.215 E6.60553
G1 X80.125 Y108.785 E6.63474
G1 X79.576 Y108.785 E6.66115
G1 X80.005 Y109.215 E6.69036
G1 X79.456 Y109.215 E6.71677
G1 X79.027 Y108.785 E6.74598
G1 X78.478 Y108.785 E6.77239
G1 X78.907 Y109.215 E6.8016
G1 X78.358 Y109.215 E6.82801
G1 X77.929 Y108.785 E6.85722
G1 X77.38 Y108.785 E6.88363
G1 X77.809 Y109.215 E6.91284
G1 X77.261 Y109.215 E6.9392
G1 X76.831 Y108.785 E6.96845
G1 X76.283 Y108.785 E6.99481
G1 X76.712 Y109.215 E7.02402
G1 X76.163 Y109.215 E7.05043
G1 X75.734 Y108.785 E7.07964
G1 X75.185 Y108.785 E7.10605
G1 X75.614 Y109.215 E7.13526
G1 X75.065 Y109.215 E7.16167
G1 X74.636 Y108.785 E7.19088
G1 X74.087 Y108.785 E7.21729
G1 X74.516 Y109.215 E7.2465
G1 X73.967 Y109.215 E7.27291
G1 X73.538 Y108.785 E7.30212
G1 X72.989 Y108.785 E7.32853
G1 X73.419 Y109.215 E7.35778
G1 X72.87 Y109.215 E7.38419
G1 X72.436 Y108.781 E7.41371
G1 X71.97 Y108.684 E7.4366
G1 X71.58 Y108.42 E7.45925
G1 X71.318 Y108.034 E7.48169
G1 X71.217 Y107.562 E7.50491
G1 X70.785 Y107.13 E7.53429
G1 X70.785 Y106.581 E7.5607
G1 X71.215 Y107.011 E7.58995
G1 X71.215 Y106.462 E7.61636
G1 X70.785 Y106.033 E7.64557
G1 X70.785 Y105.484 E7.67198
G1 X71.215 Y105.913 E7.70119
G1 X71.215 Y105.364 E7.7276
G1 X70.785 Y104.935 E7.75681
G1 X70.785 Y104.386 E7.78322
G1 X71.215 Y104.815 E7.81243
G1 X71.215 Y104.266 E7.83884
G1 X70.785 Y103.837 E7.86805
G1 X70.785 Y103.288 E7.89446
G1 X71.215 Y103.717 E7.92367
G1 X71.215 Y103.169 E7.95003
G1 X70.785 Y102.739 E7.97928
G1 X70.785 Y102.191 E8.00564
G1 X71.215 Y102.62 E8.03485
G1 X71.215 Y102.071 E8.06126
G1 X70.785 Y101.642 E8.09047
G1 X70.785 Y101.093 E8.11688
G1 X71.215 Y101.522 E8.14609
G1 X71.215 Y100.973 E8.1725
G1 X70.785 Y100.544 E8.20171
G1 X70.785 Y99.995 E8.22812
G1 X71.215 Y100.424 E8.25733
G1 X71.215 Y99.875 E8.28374
G1 X70.785 Y99.446 E8.31295
G1 X70.785 Y98.898 E8.33931
G1 X71.215 Y99.327 E8.36852
G1 X71.215 Y98.778 E8.39493
G1 X70.785 Y98.349 E8.42414
G1 X70.785 Y97.8 E8.45055
G1 X71.215 Y98.229 E8.47976
G1 X71.215 Y97.68 E8.50617
G1 X70.785 Y97.251 E8.53538
G1 X70.785 Y96.702 E8.56179
G1 X71.215 Y97.131 E8.591
G1 X71.215 Y96.582 E8.61741
G1 X70.785 Y96.153 E8.64662
G1 X70.785 Y95.604 E8.67303
G1 X71.215 Y96.034 E8.70228
G1 X71.215 Y95.485 E8.72869
G1 X70.785 Y95.056 E8.7579
G1 X70.785 Y94.507 E8.78431
G1 X71.215 Y94.936 E8.81352
G1 X71.215 Y94.387 E8.83993
G1 X70.785 Y93.958 E8.86914
G1 X70.785 Y93.409 E8.89555
G1 X71.215 Y93.838 E8.92476
G1 X71.215 Y93.289 E8.95117
G1 X70.785 Y92.86 E8.98038
G1 X70.785 Y92.311 E9.00679
G1 X71.215 Y92.74 E9.036
G1 X71.215 Y92.192 E9.06236
G1 X70.785 Y91.762 E9.09161
G1 X70.785 Y91.214 E9.11797
G1 X71.215 Y91.643 E9.14718
G1 X71.215 Y91.094 E9.17359
G1 X70.785 Y90.665 E9.2028
G1 X70.785 Y90.116 E9.22921
G1 X71.215 Y90.545 E9.25842
G1 X71.215 Y89.996 E9.28483
G1 X70.785 Y89.567 E9.31404
G1 X70.785 Y89.018 E9.34045
G1 X71.215 Y89.447 E9.36966
G1 X71.215 Y88.898 E9.39607
G1 X70.785 Y88.469 E9.42528
G1 X70.785 Y87.921 E9.45164
G1 X71.215 Y88.35 E9.48085
G1 X71.215 Y87.801 E9.50726
G1 X70.785 Y87.372 E9.53647
G1 X70.785 Y86.823 E9.56288
G1 X71.215 Y87.252 E9.59209
G1 X71.215 Y86.703 E9.6185
G1 X70.785 Y86.274 E9.64771
G1 X70.785 Y85.725 E9.67412
G1 X71.215 Y86.154 E9.70333
G1 X71.215 Y85.605 E9.72974
G1 X70.785 Y85.176 E9.75895
G1 X70.785 Y84.627 E9.78536
G1 X71.215 Y85.057 E9.81461
G1 X71.215 Y84.508 E9.84102
G1 X70.785 Y84.079 E9.87023
G1 X70.785 Y83.53 E9.89664
G1 X71.215 Y83.959 E9.92585
G1 X71.215 Y83.41 E9.95226
G1 X70.785 Y82.981 E9.98147
G1 X70.785 Y82.432 E10.00788
G1 X71.215 Y82.861 E10.03709
G1 X71.24 Y82.337 E10.06232
G1 X70.785 Y81.883 E10.09323
G1 X70.785 Y81.334 E10.11964
G1 X71.358 Y81.907 E10.15861
G1 X71.58 Y81.58 E10.17762
G1 X70.785 Y80.785 E10.23169
G1 X71.334 Y80.785 E10.2581
G1 X71.907 Y81.358 E10.29707
G1 X72.324 Y81.227 E10.31809
G1 X71.883 Y80.785 E10.34812
G1 X72.432 Y80.785 E10.37453
G1 X72.861 Y81.215 E10.40374
G1 X73.41 Y81.215 E10.43015
G1 X72.981 Y80.785 E10.45936
G1 X73.53 Y80.785 E10.48577
G1 X73.959 Y81.215 E10.51498
G1 X74.508 Y81.215 E10.54139
G1 X74.079 Y80.785 E10.5706
G1 X74.627 Y80.785 E10.59696
G1 X75.056 Y81.215 E10.62617
G1 X75.605 Y81.215 E10.65258
G1 X75.176 Y80.785 E10.68179
G1 X75.725 Y80.785 E10.7082
G1 X76.154 Y81.215 E10.73741
G1 X76.703 Y81.215 E10.76382
G1 X76.274 Y80.785 E10.79303
G1 X76.823 Y80.785 E10.81944
G1 X77.252 Y81.215 E10.84865
G1 X77.801 Y81.215 E10.87506
G1 X77.372 Y80.785 E10.90427
G1 X77.92 Y80.785 E10.93063
G1 X78.35 Y81.215 E10.95988
G1 X78.898 Y81.215 E10.98624
G1 X78.469 Y80.785 E11.01545
G1 X79.018 Y80.785 E11.04186
G1 X79.447 Y81.215 E11.07107
G1 X79.996 Y81.215 E11.09748
G1 X79.567 Y80.785 E11.12669
G1 X80.116 Y80.785 E11.1531
G1 X80.545 Y81.215 E11.18231
G1 X81.094 Y81.215 E11.20872
G1 X80.665 Y80.785 E11.23793
G1 X81.214 Y80.785 E11.26434
G1 X81.643 Y81.215 E11.29355
G1 X82.192 Y81.215 E11.31996
G1 X81.762 Y80.785 E11.34921
G1 X82.311 Y80.785 E11.37562
G1 X82.74 Y81.215 E11.40483
G1 X83.289 Y81.215 E11.43124
G1 X82.86 Y80.785 E11.46045
G1 X83.409 Y80.785 E11.48686
G1 X83.838 Y81.215 E11.51607
G1 X84.387 Y81.215 E11.54248
G1 X83.958 Y80.785 E11.57169
G1 X84.507 Y80.785 E11.5981
G1 X84.936 Y81.215 E11.62731
G1 X85.485 Y81.215 E11.65372
G1 X85.056 Y80.785 E11.68293
G1 X85.604 Y80.785 E11.70929
G1 X86.034 Y81.215 E11.73854
G1 X86.582 Y81.215 E11.7649
G1 X86.153 Y80.785 E11.79411
G1 X86.702 Y80.785 E11.82052
G1 X87.131 Y81.215 E11.84973
G1 X87.68 Y81.215 E11.87614
G1 X87.251 Y80.785 E11.90535
G1 X87.8 Y80.785 E11.93176
G1 X88.229 Y81.215 E11.96097
G1 X88.778 Y81.215 E11.98738
G1 X88.349 Y80.785 E12.01659
G1 X88.898 Y80.785 E12.043
G1 X89.327 Y81.215 E12.07221
G1 X89.875 Y81.215 E12.09857
G1 X89.446 Y80.785 E12.12778
G1 X89.995 Y80.785 E12.15419
G1 X90.424 Y81.215 E12.1834
G1 X90.973 Y81.215 E12.20981
G1 X90.544 Y80.785 E12.23902
G1 X91.093 Y80.785 E12.26543
G1 X91.522 Y81.215 E12.29464
G1 X92.071 Y81.215 E12.32105
G1 X91.642 Y80.785 E12.35026
G1 X92.191 Y80.785 E12.37667
G1 X92.62 Y81.215 E12.40588
G1 X93.169 Y81.215 E12.43229
G1 X92.739 Y80.785 E12.46154
G1 X93.288 Y80.785 E12.48795
G1 X93.717 Y81.215 E12.51716
G1 X94.266 Y81.215 E12.54357
G1 X93.837 Y80.785 E12.57278
G1 X94.386 Y80.785 E12.59919
G1 X94.815 Y81.215 E12.6284
G1 X95.364 Y81.215 E12.65481
G1 X94.935 Y80.785 E12.68402
G1 X95.484 Y80.785 E12.71043
G1 X95.913 Y81.215 E12.73964
G1 X96.462 Y81.215 E12.76605
G1 X96.033 Y80.785 E12.79526
G1 X96.581 Y80.785 E12.82162
G1 X97.011 Y81.215 E12.85087
G1 X97.564 Y81.219 E12.87747
G1 X97.13 Y80.785 E12.90699
G1 X97.679 Y80.785 E12.9334
G1 X99.215 Y82.321 E13.03788
G1 X99.215 Y81.772 E13.06429
G1 X98.228 Y80.785 E13.13142
G1 X98.777 Y80.785 E13.15783
G1 X99.388 Y81.397 E13.19942
G1 E11.19942 F2400
G92 E0
G1 X74.812 Y84.779 F7800
G1 E2 F2400
;TYPE:External perimeter
;WIDTH:0.583165
G1 F1800
G1 X74.876 Y84.765 E2.00424
;WIDTH:0.545178
G1 X74.968 Y84.746 E2.00987
;WIDTH:0.507191
G1 X95.032 Y84.746 E3.118
;WIDTH:0.545178
G1 X95.124 Y84.765 E3.12363
;WIDTH:0.583165
G1 X95.216 Y84.784 E3.12971
G1 X95.235 Y84.876 E3.13579
;WIDTH:0.545178
G1 X95.254 Y84.968 E3.14142
;WIDTH:0.507191
G1 X95.254 Y105.032 E4.24955
;WIDTH:0.545178
G1 X95.235 Y105.124 E4.25518
;WIDTH:0.583165
G1 X95.216 Y105.216 E4.26126
G1 X95.124 Y105.235 E4.26734
;WIDTH:0.545178
G1 X95.032 Y105.254 E4.27297
;WIDTH:0.507191
G1 X74.968 Y105.254 E5.3811
;WIDTH:0.545178
G1 X74.876 Y105.235 E5.38673
;WIDTH:0.583165
G1 X74.784 Y105.216 E5.39281
G1 X74.765 Y105.124 E5.39889
;WIDTH:0.545178
G1 X74.746 Y105.032 E5.40452
;WIDTH:0.507191
G1 X74.746 Y84.968 E6.51265
;WIDTH:0.545178
G1 X74.765 Y84.876 E6.51828
;WIDTH:0.583165
G1 X74.778 Y84.816 E6.52225
G1 X75.173 Y84.752 F7800
G1 E4.52225 F2400
G92 E0
G1 X95.658 Y105.658 F7800
G1 E2 F2400
G1 F1800
G1 X95.345 Y105.677 E2.02029
;WIDTH:0.545178
G1 X95.032 Y105.696 E2.03909
;WIDTH:0.507191
G1 X74.968 Y105.696 E3.14722
;WIDTH:0.545178
G1 X74.655 Y105.677 E3.16602
;WIDTH:0.583165
G1 X74.342 Y105.658 E3.18631
G1 X74.323 Y105.345 E3.2066
;WIDTH:0.545178
G1 X74.304 Y105.032 E3.2254
;WIDTH:0.507191
G1 X74.304 Y84.968 E4.33353
;WIDTH:0.545178
G1 X74.323 Y84.655 E4.35233
;WIDTH:0.583165
G1 X74.342 Y84.342 E4.37262
G1 X74.655 Y84.323 E4.39291
;WIDTH:0.545178
G1 X74.968 Y84.304 E4.41171
;WIDTH:0.507191
G1 X95.032 Y84.304 E5.51984
;WIDTH:0.545178
G1 X95.345 Y84.323 E5.53864
;WIDTH:0.583165
G1 X95.658 Y84.342 E5.55893
G1 X95.658 Y84.601 E5.57569
G1 X95.677 Y84.784 E5.58759
;WIDTH:0.545178
G1 X95.696 Y84.968 E5.59868
;WIDTH:0.507191
G1 X95.696 Y105.032 E6.70681
;WIDTH:0.510546
G1 X95.695 Y105.109 E6.7111
;WIDTH:0.546855
G1 X95.677 Y105.384 E6.72768
;WIDTH:0.583165
G1 X95.662 Y105.599 E6.74163
G1 X95.271 Y105.68 F7800
;LAYER_CHANGE
;Z:8.45
;HEIGHT:0.3
G1 E4.74163 F2400
G92 E0
G1 Z8.45 F7800
G1 X98.21 Y108.217
G1 E2 F2400
;TYPE:Perimeter
;WIDTH:0.45
G1 F3600
G1 X97.915 Y108.417 E2.01714
G1 X97.532 Y108.496 E2.03595
G1 X72.468 Y108.496 E3.24144
G1 X72.085 Y108.417 E3.26025
G1 X71.786 Y108.214 E3.27763
G1 X71.583 Y107.915 E3.29501
G1 X71.504 Y107.532 E3.31382
G1 X71.504 Y82.468 E4.51931
G1 X71.583 Y82.085 E4.53812
G1 X71.786 Y81.786 E4.5555
G1 X72.085 Y81.583 E4.57288
G1 X72.468 Y81.504 E4.59169
G1 X97.532 Y81.504 E5.79718
G1 X97.915 Y81.583 E5.81599
G1 X98.214 Y81.786 E5.83337
G1 X98.417 Y82.085 E5.85075
G1 X98.496 Y82.468 E5.86956
G1 X98.496 Y107.532 E7.07505
G1 X98.417 Y107.915 E7.09386
G1 X98.245 Y108.169 E7.10861
G1 X97.943 Y107.938 F7800
G1 F3600
G1 X97.941 Y107.941 E7.10878
G1 X97.762 Y108.063 E7.1192
G1 X97.532 Y108.111 E7.1305
G1 X72.468 Y108.111 E8.33599
G1 X72.238 Y108.063 E8.34729
G1 X72.059 Y107.941 E8.35771
G1 X71.937 Y107.762 E8.36813
G1 X71.889 Y107.532 E8.37943
G1 X71.889 Y82.468 E9.58492
G1 X71.937 Y82.238 E9.59622
G1 X72.059 Y82.059 E9.60664
G1 X72.238 Y81.937 E9.61706
G1 X72.468 Y81.889 E9.62836
G1 X97.532 Y81.889 E10.83385
G1 X97.762 Y81.937 E10.84515
G1 X97.941 Y82.059 E10.85557
G1 X98.063 Y82.238 E10.86599
G1 X98.111 Y82.468 E10.87729
G1 X98.111 Y107.532 E12.08278
G1 X98.063 Y107.762 E12.09408
G1 X97.977 Y107.889 E12.10146
G1 X97.671 Y107.662 F7800
;TYPE:External perimeter
G1 F1800
G1 X97.669 Y107.669 E12.10181
G1 X97.532 Y107.725 E12.10893
G1 X72.468 Y107.725 E13.31442
G1 X72.331 Y107.669 E13.32154
G1 X72.275 Y107.532 E13.32866
G1 X72.275 Y82.468 E14.53415
G1 X72.331 Y82.331 E14.54127
G1 X72.468 Y82.275 E14.54839
G1 X97.532 Y82.275 E15.75388
G1 X97.669 Y82.331 E15.761
G1 X97.725 Y82.468 E15.76812
G1 X97.725 Y107.532 E16.97361
G1 X97.694 Y107.607 E16.97751
G1 X97.31 Y107.718 F7800
G1 E14.97751 F2400
G92 E0
G1 X70.496 Y80.496 F7800
G1 E2 F2400
;TYPE:Perimeter
G1 F3600
G1 X99.504 Y80.496 E3.39518
G1 X99.504 Y81.252 E3.43154
G1 X99.504 Y109.504 E4.79036
G1 X70.496 Y109.504 E6.18554
G1 X70.496 Y80.556 E7.57784
G1 X70.111 Y80.111 F7800
G1 F3600
G1 X99.889 Y80.111 E9.01006
G1 X99.889 Y81.252 E9.06494
G1 X99.889 Y109.889 E10.44228
G1 X70.111 Y109.889 E11.8745
G1 X70.111 Y80.171 E13.30383
G1 X69.725 Y79.725 F7800
;TYPE:External perimeter
G1 F1800
G1 X100.275 Y79.725 E14.77318
G1 X100.275 Y81.252 E14.84662
G1 X100.275 Y110.275 E16.24253
G1 X69.725 Y110.275 E17.71188
G1 X69.725 Y79.785 E19.17834
G1 X70.121 Y79.726 F7800
G1 X71.397 Y80.612
;TYPE:Internal infill
;WIDTH:0.45
G1 F4200
G1 X70.785 Y81.223 E19.21993
G1 X70.785 Y81.772 E19.24634
G1 X71.772 Y80.785 E19.31347
G1 X72.321 Y80.785 E19.33988
G1 X70.612 Y82.494 E19.45612
G1 E17.45612 F2400
G92 E0
G1 X96.957 Y109.388 F7800
G1 E2 F2400
G1 F4200
G1 X97.562 Y108.783 E2.04115
G1 X97.011 Y108.785 E2.06765
G1 X96.581 Y109.215 E2.0969
G1 X96.033 Y109.215 E2.12326
G1 X96.462 Y108.785 E2.15247
G1 X95.913 Y108.785 E2.17888
G1 X95.484 Y109.215 E2.20809
G1 X94.935 Y109.215 E2.2345
G1 X95.364 Y108.785 E2.26371
G1 X94.815 Y108.785 E2.29012
G1 X94.386 Y109.215 E2.31933
G1 X93.837 Y109.215 E2.34574
G1 X94.266 Y108.785 E2.37495
G1 X93.717 Y108.785 E2.40136
G1 X93.288 Y109.215 E2.43057
G1 X92.739 Y109.215 E2.45698
G1 X93.169 Y108.785 E2.48623
G1 X92.62 Y108.785 E2.51264
G1 X92.191 Y109.215 E2.54185
G1 X91.642 Y109.215 E2.56826
G1 X92.071 Y108.785 E2.59747
G1 X91.522 Y108.785 E2.62388
G1 X91.093 Y109.215 E2.65309
G1 X90.544 Y109.215 E2.6795
G1 X90.973 Y108.785 E2.70871
G1 X90.424 Y108.785 E2.73512
G1 X89.995 Y109.215 E2.76433
G1 X89.446 Y109.215 E2.79074
G1 X89.875 Y108.785 E2.81995
G1 X89.327 Y108.785 E2.84631
G1 X88.898 Y109.215 E2.87552
G1 X88.349 Y109.215 E2.90193
G1 X88.778 Y108.785 E2.93114
G1 X88.229 Y108.785 E2.95755
G1 X87.8 Y109.215 E2.98676
G1 X87.251 Y109.215 E3.01317
G1 X87.68 Y108.785 E3.04238
G1 X87.131 Y108.785 E3.06879
G1 X86.702 Y109.215 E3.098
G1 X86.153 Y109.215 E3.12441
G1 X86.582 Y108.785 E3.15362
G1 X86.034 Y108.785 E3.17998
G1 X85.604 Y109.215 E3.20923
G1 X85.056 Y109.215 E3.23559
G1 X85.485 Y108.785 E3.2648
G1 X84.936 Y108.785 E3.29121
G1 X84.507 Y109.215 E3.32042
G1 X83.958 Y109.215 E3.34683
G1 X84.387 Y108.785 E3.37604
G1 X83.838 Y108.785 E3.40245
G1 X83.409 Y109.215 E3.43166
G1 X82.86 Y109.215 E3.45807
G1 X83.289 Y108.785 E3.48728
G1 X82.74 Y108.785 E3.51369
G1 X82.311 Y109.215 E3.5429
G1 X81.762 Y109.215 E3.56931
G1 X82.192 Y108.785 E3.59856
G1 X81.643 Y108.785 E3.62497
G1 X81.214 Y109.215 E3.65418
G1 X80.665 Y109.215 E3.68059
G1 X81.094 Y108.785 E3.7098
G1 X80.545 Y108.785 E3.73621
G1 X80.116 Y109.215 E3.76542
G1 X79.567 Y109.215 E3.79183
G1 X79.996 Y108.785 E3.82104
G1 X79.447 Y108.785 E3.84745
G1 X79.018 Y109.215 E3.87666
G1 X78.469 Y109.215 E3.90307
G1 X78.898 Y108.785 E3.93228
G1 X78.35 Y108.785 E3.95864
G1 X77.92 Y109.215 E3.98789
G1 X77.372 Y109.215 E4.01425
G1 X77.801 Y108.785 E4.04346
G1 X77.252 Y108.785 E4.06987
G1 X76.823 Y109.215 E4.09908
G1 X76.274 Y109.215 E4.12549
G1 X76.703 Y108.785 E4.1547
G1 X76.154 Y108.785 E4.18111
G1 X75.725 Y109.215 E4.21032
G1 X75.176 Y109.215 E4.23673
G1 X75.605 Y108.785 E4.26594
G1 X75.056 Y108.785 E4.29235
G1 X74.627 Y109.215 E4.32156
G1 X74.079 Y109.215 E4.34792
G1 X74.508 Y108.785 E4.37713
G1 X73.959 Y108.785 E4.40354
G1 X73.53 Y109.215 E4.43275
G1 X72.981 Y109.215 E4.45916
G1 X73.41 Y108.785 E4.48837
G1 X72.861 Y108.785 E4.51478
G1 X72.432 Y109.215 E4.54399
G1 X71.883 Y109.215 E4.5704
G1 X72.337 Y108.76 E4.60131
G1 X71.907 Y108.642 E4.62276
G1 X71.334 Y109.215 E4.66173
G1 X70.785 Y109.215 E4.68814
G1 X71.58 Y108.42 E4.74221
G1 X71.358 Y108.093 E4.76122
G1 X70.785 Y108.666 E4.80019
G1 X70.785 Y108.117 E4.8266
G1 X71.227 Y107.676 E4.85663
G1 X71.215 Y107.139 E4.88246
G1 X70.785 Y107.568 E4.91167
G1 X70.785 Y107.019 E4.93808
G1 X71.215 Y106.59 E4.96729
G1 X71.215 Y106.041 E4.9937
G1 X70.785 Y106.47 E5.02291
G1 X70.785 Y105.921 E5.04932
G1 X71.215 Y105.492 E5.07853
G1 X71.215 Y104.943 E5.10494
G1 X70.785 Y105.373 E5.13419
G1 X70.785 Y104.824 E5.1606
G1 X71.215 Y104.395 E5.18981
G1 X71.215 Y103.846 E5.21622
G1 X70.785 Y104.275 E5.24543
G1 X70.785 Y103.726 E5.27184
G1 X71.215 Y103.297 E5.30105
G1 X71.215 Y102.748 E5.32746
G1 X70.785 Y103.177 E5.35667
G1 X70.785 Y102.628 E5.38308
G1 X71.215 Y102.199 E5.41229
G1 X71.215 Y101.65 E5.4387
G1 X70.785 Y102.079 E5.46791
G1 X70.785 Y101.531 E5.49427
G1 X71.215 Y101.102 E5.52348
G1 X71.215 Y100.553 E5.54989
G1 X70.785 Y100.982 E5.5791
G1 X70.785 Y100.433 E5.60551
G1 X71.215 Y100.004 E5.63472
G1 X71.215 Y99.455 E5.66113
G1 X70.785 Y99.884 E5.69034
G1 X70.785 Y99.335 E5.71675
G1 X71.215 Y98.906 E5.74596
G1 X71.215 Y98.357 E5.77237
G1 X70.785 Y98.786 E5.80158
G1 X70.785 Y98.238 E5.82794
G1 X71.215 Y97.808 E5.85719
G1 X71.215 Y97.26 E5.88355
G1 X70.785 Y97.689 E5.91276
G1 X70.785 Y97.14 E5.93917
G1 X71.215 Y96.711 E5.96838
G1 X71.215 Y96.162 E5.99479
G1 X70.785 Y96.591 E6.024
G1 X70.785 Y96.042 E6.05041
G1 X71.215 Y95.613 E6.07962
G1 X71.215 Y95.064 E6.10603
G1 X70.785 Y95.493 E6.13524
G1 X70.785 Y94.944 E6.16165
G1 X71.215 Y94.515 E6.19086
G1 X71.215 Y93.966 E6.21727
G1 X70.785 Y94.396 E6.24652
G1 X70.785 Y93.847 E6.27293
G1 X71.215 Y93.418 E6.30214
G1 X71.215 Y92.869 E6.32855
G1 X70.785 Y93.298 E6.35776
G1 X70.785 Y92.749 E6.38417
G1 X71.215 Y92.32 E6.41338
G1 X71.215 Y91.771 E6.43979
G1 X70.785 Y92.2 E6.469
G1 X70.785 Y91.651 E6.49541
G1 X71.215 Y91.222 E6.52462
G1 X71.215 Y90.673 E6.55103
G1 X70.785 Y91.102 E6.58024
G1 X70.785 Y90.554 E6.6066
G1 X71.215 Y90.125 E6.63581
G1 X71.215 Y89.576 E6.66222
G1 X70.785 Y90.005 E6.69143
G1 X70.785 Y89.456 E6.71784
G1 X71.215 Y89.027 E6.74705
G1 X71.215 Y88.478 E6.77346
G1 X70.785 Y88.907 E6.80267
G1 X70.785 Y88.358 E6.82908
G1 X71.215 Y87.929 E6.85829
G1 X71.215 Y87.38 E6.8847
G1 X70.785 Y87.809 E6.91391
G1 X70.785 Y87.261 E6.94027
G1 X71.215 Y86.831 E6.96952
G1 X71.215 Y86.283 E6.99588
G1 X70.785 Y86.712 E7.02509
G1 X70.785 Y86.163 E7.0515
G1 X71.215 Y85.734 E7.08071
G1 X71.215 Y85.185 E7.10712
G1 X70.785 Y85.614 E7.13633
G1 X70.785 Y85.065 E7.16274
G1 X71.215 Y84.636 E7.19195
G1 X71.215 Y84.087 E7.21836
G1 X70.785 Y84.516 E7.24757
G1 X70.785 Y83.967 E7.27398
G1 X71.215 Y83.538 E7.30319
G1 X71.215 Y82.989 E7.3296
G1 X70.785 Y83.419 E7.35885
G1 X70.785 Y82.87 E7.38526
G1 X71.219 Y82.436 E7.41478
G1 X71.316 Y81.97 E7.43767
G1 X71.58 Y81.58 E7.46032
G1 X71.966 Y81.318 E7.48276
G1 X72.438 Y81.217 E7.50598
G1 X72.87 Y80.785 E7.53536
G1 X73.419 Y80.785 E7.56177
G1 X72.989 Y81.215 E7.59102
G1 X73.538 Y81.215 E7.61743
G1 X73.967 Y80.785 E7.64664
G1 X74.516 Y80.785 E7.67305
G1 X74.087 Y81.215 E7.70226
G1 X74.636 Y81.215 E7.72867
G1 X75.065 Y80.785 E7.75788
G1 X75.614 Y80.785 E7.78429
G1 X75.185 Y81.215 E7.8135
G1 X75.734 Y81.215 E7.83991
G1 X76.163 Y80.785 E7.86912
G1 X76.712 Y80.785 E7.89553
G1 X76.283 Y81.215 E7.92474
G1 X76.831 Y81.215 E7.9511
G1 X77.261 Y80.785 E7.98035
G1 X77.809 Y80.785 E8.00671
G1 X77.38 Y81.215 E8.03592
G1 X77.929 Y81.215 E8.06233
G1 X78.358 Y80.785 E8.09154
G1 X78.907 Y80.785 E8.11795
G1 X78.478 Y81.215 E8.14716
G1 X79.027 Y81.215 E8.17357
G1 X79.456 Y80.785 E8.20278
G1 X80.005 Y80.785 E8.22919
G1 X79.576 Y81.215 E8.2584
G1 X80.125 Y81.215 E8.28481
G1 X80.554 Y80.785 E8.31402
G1 X81.102 Y80.785 E8.34038
G1 X80.673 Y81.215 E8.36959
G1 X81.222 Y81.215 E8.396
G1 X81.651 Y80.785 E8.42521
G1 X82.2 Y80.785 E8.45162
G1 X81.771 Y81.215 E8.48083
G1 X82.32 Y81.215 E8.50724
G1 X82.749 Y80.785 E8.53645
G1 X83.298 Y80.785 E8.56286
G1 X82.869 Y81.215 E8.59207
G1 X83.418 Y81.215 E8.61848
G1 X83.847 Y80.785 E8.64769
G1 X84.396 Y80.785 E8.6741
G1 X83.966 Y81.215 E8.70335
G1 X84.515 Y81.215 E8.72976
G1 X84.944 Y80.785 E8.75897
G1 X85.493 Y80.785 E8.78538
G1 X85.064 Y81.215 E8.81459
G1 X85.613 Y81.215 E8.841
G1 X86.042 Y80.785 E8.87021
G1 X86.591 Y80.785 E8.89662
G1 X86.162 Y81.215 E8.92583
G1 X86.711 Y81.215 E8.95224
G1 X87.14 Y80.785 E8.98145
G1 X87.689 Y80.785 E9.00786
G1 X87.26 Y81.215 E9.03707
G1 X87.808 Y81.215 E9.06343
G1 X88.238 Y80.785 E9.09268
G1 X88.786 Y80.785 E9.11904
G1 X88.357 Y81.215 E9.14825
G1 X88.906 Y81.215 E9.17466
G1 X89.335 Y80.785 E9.20387
G1 X89.884 Y80.785 E9.23028
G1 X89.455 Y81.215 E9.25949
G1 X90.004 Y81.215 E9.2859
G1 X90.433 Y80.785 E9.31511
G1 X90.982 Y80.785 E9.34152
G1 X90.553 Y81.215 E9.37073
G1 X91.102 Y81.215 E9.39714
G1 X91.531 Y80.785 E9.42635
G1 X92.079 Y80.785 E9.45271
G1 X91.65 Y81.215 E9.48192
G1 X92.199 Y81.215 E9.50833
G1 X92.628 Y80.785 E9.53754
G1 X93.177 Y80.785 E9.56395
G1 X92.748 Y81.215 E9.59316
G1 X93.297 Y81.215 E9.61957
G1 X93.726 Y80.785 E9.64878
G1 X94.275 Y80.785 E9.67519
G1 X93.846 Y81.215 E9.7044
G1 X94.395 Y81.215 E9.73081
G1 X94.824 Y80.785 E9.76002
G1 X95.373 Y80.785 E9.78643
G1 X94.943 Y81.215 E9.81568
G1 X95.492 Y81.215 E9.84209
G1 X95.921 Y80.785 E9.8713
G1 X96.47 Y80.785 E9.89771
G1 X96.041 Y81.215 E9.92692
G1 X96.59 Y81.215 E9.95333
G1 X97.019 Y80.785 E9.98254
G1 X97.568 Y80.785 E10.00895
G1 X97.139 Y81.215 E10.03816
G1 X97.663 Y81.24 E10.06339
G1 X98.117 Y80.785 E10.0943
G1 X98.666 Y80.785 E10.12071
G1 X98.093 Y81.358 E10.15968
G1 X98.42 Y81.58 E10.17869
G1 X99.215 Y80.785 E10.23276
G1 X99.215 Y81.334 E10.25917
G1 X98.642 Y81.907 E10.29814
G1 X98.76 Y82.337 E10.31959
G1 X99.215 Y81.883 E10.3505
G1 X99.215 Y82.432 E10.37691
G1 X98.785 Y82.861 E10.40612
G1 X98.785 Y83.41 E10.43253
G1 X99.215 Y82.981 E10.46174
G1 X99.215 Y83.53 E10.48815
G1 X98.785 Y83.959 E10.51736
G1 X98.785 Y84.508 E10.54377
G1 X99.215 Y84.079 E10.57298
G1 X99.215 Y84.627 E10.59934
G1 X98.785 Y85.056 E10.62855
G1 X98.785 Y85.605 E10.65496
G1 X99.215 Y85.176 E10.68417
G1 X99.215 Y85.725 E10.71058
G1 X98.785 Y86.154 E10.73979
G1 X98.785 Y86.703 E10.7662
G1 X99.215 Y86.274 E10.79541
G1 X99.215 Y86.823 E10.82182
G1 X98.785 Y87.252 E10.85103
G1 X98.785 Y87.801 E10.87744
G1 X99.215 Y87.372 E10.90665
G1 X99.215 Y87.921 E10.93306
G1 X98.785 Y88.35 E10.96227
G1 X98.785 Y88.898 E10.98863
G1 X99.215 Y88.469 E11.01784
G1 X99.215 Y89.018 E11.04425
G1 X98.785 Y89.447 E11.07346
G1 X98.785 Y89.996 E11.09987
G1 X99.215 Y89.567 E11.12908
G1 X99.215 Y90.116 E11.15549
G1 X98.785 Y90.545 E11.1847
G1 X98.785 Y91.094 E11.21111
G1 X99.215 Y90.665 E11.24032
G1 X99.215 Y91.214 E11.26673
G1 X98.785 Y91.643 E11.29594
G1 X98.785 Y92.192 E11.32235
G1 X99.215 Y91.762 E11.3516
G1 X99.215 Y92.311 E11.37801
G1 X98.785 Y92.74 E11.40722
G1 X98.785 Y93.289 E11.43363
G1 X99.215 Y92.86 E11.46284
G1 X99.215 Y93.409 E11.48925
G1 X98.785 Y93.838 E11.51846
G1 X98.785 Y94.387 E11.54487
G1 X99.215 Y93.958 E11.57408
G1 X99.215 Y94.507 E11.60049
G1 X98.785 Y94.936 E11.6297
G1 X98.785 Y95.485 E11.65611
G1 X99.215 Y95.056 E11.68532
G1 X99.215 Y95.604 E11.71168
G1 X98.785 Y96.034 E11.74093
G1 X98.785 Y96.582 E11.76729
G1 X99.215 Y96.153 E11.7965
G1 X99.215 Y96.702 E11.82291
G1 X98.785 Y97.131 E11.85212
G1 X98.785 Y97.68 E11.87853
G1 X99.215 Y97.251 E11.90774
G1 X99.215 Y97.8 E11.93415
G1 X98.785 Y98.229 E11.96336
G1 X98.785 Y98.778 E11.98977
G1 X99.215 Y98.349 E12.01898
G1 X99.215 Y98.898 E12.04539
G1 X98.785 Y99.327 E12.0746
G1 X98.785 Y99.875 E12.10096
G1 X99.215 Y99.446 E12.13017
G1 X99.215 Y99.995 E12.15658
G1 X98.785 Y100.424 E12.18579
G1 X98.785 Y100.973 E12.2122
G1 X99.215 Y100.544 E12.24141
G1 X99.215 Y101.093 E12.26782
G1 X98.785 Y101.522 E12.29703
G1 X98.785 Y102.071 E12.32344
G1 X99.215 Y101.642 E12.35265
G1 X99.215 Y102.191 E12.37906
G1 X98.785 Y102.62 E12.40827
G1 X98.785 Y103.169 E12.43468
G1 X99.215 Y102.739 E12.46393
G1 X99.215 Y103.288 E12.49034
G1 X98.785 Y103.717 E12.51955
G1 X98.785 Y104.266 E12.54596
G1 X99.215 Y103.837 E12.57517
G1 X99.215 Y104.386 E12.60158
G1 X98.785 Y104.815 E12.63079
G1 X98.785 Y105.364 E12.6572
G1 X99.215 Y104.935 E12.68641
G1 X99.215 Y105.484 E12.71282
G1 X98.785 Y105.913 E12.74203
G1 X98.785 Y106.462 E12.76844
G1 X99.215 Y106.033 E12.79765
G1 X99.215 Y106.581 E12.82401
G1 X98.785 Y107.011 E12.85326
G1 X98.783 Y107.562 E12.87976
G1 X99.215 Y107.13 E12.90914
G1 X99.215 Y107.679 E12.93555
G1 X97.679 Y109.215 E13.04003
G1 X98.228 Y109.215 E13.06644
G1 X99.215 Y108.228 E13.13357
G1 X99.215 Y108.777 E13.15998
G1 X98.603 Y109.388 E13.20157
G1 E11.20157 F2400
G92 E0
G1 X74.812 Y84.779 F7800
G1 E2 F2400
;TYPE:External perimeter
;WIDTH:0.583165
G1 F1800
G1 X74.876 Y84.765 E2.00424
;WIDTH:0.545178
G1 X74.968 Y84.746 E2.00987
;WIDTH:0.507191
G1 X95.032 Y84.746 E3.118
;WIDTH:0.545178
G1 X95.124 Y84.765 E3.12363
;WIDTH:0.583165
G1 X95.216 Y84.784 E3.12971
G1 X95.235 Y84.876 E3.13579
;WIDTH:0.545178
G1 X95.254 Y84.968 E3.14142
;WIDTH:0.507191
G1 X95.254 Y105.032 E4.24955
;WIDTH:0.545178
G1 X95.235 Y105.124 E4.25518
;WIDTH:0.583165
G1 X95.216 Y105.216 E4.26126
G1 X95.124 Y105.235 E4.26734
;WIDTH:0.545178
G1 X95.032 Y105.254 E4.27297
;WIDTH:0.507191
G1 X74.968 Y105.254 E5.3811
;WIDTH:0.545178
G1 X74.876 Y105.235 E5.38673
;WIDTH:0.583165
G1 X74.784 Y105.216 E5.39281
G1 X74.765 Y105.124 E5.39889
;WIDTH:0.545178
G1 X74.746 Y105.032 E5.40452
;WIDTH:0.507191
G1 X74.746 Y84.968 E6.51265
;WIDTH:0.545178
G1 X74.765 Y84.876 E6.51828
;WIDTH:0.583165
G1 X74.778 Y84.816 E6.52225
G1 X75.173 Y84.752 F7800
G1 E4.52225 F2400
G92 E0
G1 X95.658 Y105.658 F7800
G1 E2 F2400
G1 F1800
G1 X95.345 Y105.677 E2.02029
;WIDTH:0.545178
G1 X95.032 Y105.696 E2.03909
;WIDTH:0.507191
G1 X74.968 Y105.696 E3.14722
;WIDTH:0.545178
G1 X74.655 Y105.677 E3.16602
;WIDTH:0.583165
G1 X74.342 Y105.658 E3.18631
G1 X74.323 Y105.345 E3.2066
;WIDTH:0.545178
G1 X74.304 Y105.032 E3.2254
;WIDTH:0.507191
G1 X74.304 Y84.968 E4.33353
;WIDTH:0.545178
G1 X74.323 Y84.655 E4.35233
;WIDTH:0.583165
G1 X74.342 Y84.342 E4.37262
G1 X74.655 Y84.323 E4.39291
;WIDTH:0.545178
G1 X74.968 Y84.304 E4.41171
;WIDTH:0.507191
G1 X95.032 Y84.304 E5.51984
;WIDTH:0.545178
G1 X95.345 Y84.323 E5.53864
;WIDTH:0.583165
G1 X95.658 Y84.342 E5.55893
G1 X95.658 Y84.601 E5.57569
G1 X95.677 Y84.784 E5.58759
;WIDTH:0.545178
G1 X95.696 Y84.968 E5.59868
;WIDTH:0.507191
G1 X95.696 Y105.032 E6.70681
;WIDTH:0.510546
G1 X95.695 Y105.109 E6.7111
;WIDTH:0.546855
G1 X95.677 Y105.384 E6.72768
;WIDTH:0.583165
G1 X95.662 Y105.599 E6.74163
G1 X95.271 Y105.68 F7800
;LAYER_CHANGE
;Z:8.75
;HEIGHT:0.3
G1 E4.74163 F2400
G92 E0
G1 Z8.75 F7800
G1 X98.21 Y108.217
G1 E2 F2400
;TYPE:Perimeter
;WIDTH:0.45
G1 F3600
G1 X97.915 Y108.417 E2.01714
G1 X97.532 Y108.496 E2.03595
G1 X72.468 Y108.496 E3.24144
G1 X72.085 Y108.417 E3.26025
G1 X71.786 Y108.214 E3.27763
G1 X71.583 Y107.915 E3.29501
G1 X71.504 Y107.532 E3.31382
G1 X71.504 Y82.468 E4.51931
G1 X71.583 Y82.085 E4.53812
G1 X71.786 Y81.786 E4.5555
G1 X72.085 Y81.583 E4.57288
G1 X72.468 Y81.504 E4.59169
G1 X97.532 Y81.504 E5.79718
G1 X97.915 Y81.583 E5.81599
G1 X98.214 Y81.786 E5.83337
G1 X98.417 Y82.085 E5.85075
G1 X98.496 Y82.468 E5.86956
G1 X98.496 Y107.532 E7.07505
G1 X98.417 Y107.915 E7.09386
G1 X98.245 Y108.169 E7.10861
G1 X97.943 Y107.938 F7800
G1 F3600
G1 X97.941 Y107.941 E7.10878
G1 X97.762 Y108.063 E7.1192
G1 X97.532 Y108.111 E7.1305
G1 X72.468 Y108.111 E8.33599
G1 X72.238 Y108.063 E8.34729
G1 X72.059 Y107.941 E8.35771
G1 X71.937 Y107.762 E8.36813
G1 X71.889 Y107.532 E8.37943
G1 X71.889 Y82.468 E9.58492
G1 X71.937 Y82.238 E9.59622
G1 X72.059 Y82.059 E9.60664
G1 X72.238 Y81.937 E9.61706
G1 X72.468 Y81.889 E9.62836
G1 X97.532 Y81.889 E10.83385
G1 X97.762 Y81.937 E10.84515
G1 X97.941 Y82.059 E10.85557
G1 X98.063 Y82.238 E10.86599
G1 X98.111 Y82.468 E10.87729
G1 X98.111 Y107.532 E12.08278
G1 X98.063 Y107.762 E12.09408
G1 X97.977 Y107.889 E12.10146
G1 X97.671 Y107.662 F7800
;TYPE:External perimeter
G1 F1800
G1 X97.669 Y107.669 E12.10181
G1 X97.532 Y107.725 E12.10893
G1 X72.468 Y107.725 E13.31442
G1 X72.331 Y107.669 E13.32154
G1 X72.275 Y107.532 E13.32866
G1 X72.275 Y82.468 E14.53415
G1 X72.331 Y82.331 E14.54127
G1 X72.468 Y82.275 E14.54839
G1 X97.532 Y82.275 E15.75388
G1 X97.669 Y82.331 E15.761
G1 X97.725 Y82.468 E15.76812
G1 X97.725 Y107.532 E16.97361
G1 X97.694 Y107.607 E16.97751
G1 X97.31 Y107.718 F7800
G1 E14.97751 F2400
G92 E0
G1 X70.496 Y80.496 F7800
G1 E2 F2400
;TYPE:Perimeter
G1 F3600
G1 X99.504 Y80.496 E3.39518
G1 X99.504 Y81.252 E3.43154
G1 X99.504 Y109.504 E4.79036
G1 X70.496 Y109.504 E6.18554
G1 X70.496 Y80.556 E7.57784
G1 X70.111 Y80.111 F7800
G1 F3600
G1 X99.889 Y80.111 E9.01006
G1 X99.889 Y81.252 E9.06494
G1 X99.889 Y109.889 E10.44228
G1 X70.111 Y109.889 E11.8745
G1 X70.111 Y80.171 E13.30383
G1 X69.725 Y79.725 F7800
;TYPE:External perimeter
G1 F1800
G1 X100.275 Y79.725 E14.77318
G1 X100.275 Y81.252 E14.84662
G1 X100.275 Y110.275 E16.24253
G1 X69.725 Y110.275 E17.71188
G1 X69.725 Y79.785 E19.17834
G1 X70.121 Y79.726 F7800
G1 E17.17834 F2400
G92 E0
G1 X70.612 Y108.603 F7800
G1 E2 F2400
;TYPE:Internal infill
;WIDTH:0.45
G1 F4200
G1 X71.223 Y109.215 E2.04159
G1 X71.772 Y109.215 E2.068
G1 X70.785 Y108.228 E2.13513
G1 X70.785 Y107.679 E2.16154
G1 X72.494 Y109.388 E2.27778
G1 E.27778 F2400
G92 E0
G1 X99.388 Y83.043 F7800
G1 E2 F2400
G1 F4200
G1 X98.781 Y82.436 E2.04129
G1 X98.785 Y82.989 E2.06789
G1 X99.215 Y83.419 E2.09714
G1 X99.215 Y83.967 E2.1235
G1 X98.785 Y83.538 E2.15271
G1 X98.785 Y84.087 E2.17912
G1 X99.215 Y84.516 E2.20833
G1 X99.215 Y85.065 E2.23474
G1 X98.785 Y84.636 E2.26395
G1 X98.785 Y85.185 E2.29036
G1 X99.215 Y85.614 E2.31957
G1 X99.215 Y86.163 E2.34598
G1 X98.785 Y85.734 E2.37519
G1 X98.785 Y86.283 E2.4016
G1 X99.215 Y86.712 E2.43081
G1 X99.215 Y87.261 E2.45722
G1 X98.785 Y86.831 E2.48647
G1 X98.785 Y87.38 E2.51288
G1 X99.215 Y87.809 E2.54209
G1 X99.215 Y88.358 E2.5685
G1 X98.785 Y87.929 E2.59771
G1 X98.785 Y88.478 E2.62412
G1 X99.215 Y88.907 E2.65333
G1 X99.215 Y89.456 E2.67974
G1 X98.785 Y89.027 E2.70895
G1 X98.785 Y89.576 E2.73536
G1 X99.215 Y90.005 E2.76457
G1 X99.215 Y90.554 E2.79098
G1 X98.785 Y90.125 E2.82019
G1 X98.785 Y90.673 E2.84655
G1 X99.215 Y91.102 E2.87576
G1 X99.215 Y91.651 E2.90217
G1 X98.785 Y91.222 E2.93138
G1 X98.785 Y91.771 E2.95779
G1 X99.215 Y92.2 E2.987
G1 X99.215 Y92.749 E3.01341
G1 X98.785 Y92.32 E3.04262
G1 X98.785 Y92.869 E3.06903
G1 X99.215 Y93.298 E3.09824
G1 X99.215 Y93.847 E3.12465
G1 X98.785 Y93.418 E3.15386
G1 X98.785 Y93.966 E3.18022
G1 X99.215 Y94.396 E3.20947
G1 X99.215 Y94.944 E3.23583
G1 X98.785 Y94.515 E3.26504
G1 X98.785 Y95.064 E3.29145
G1 X99.215 Y95.493 E3.32066
G1 X99.215 Y96.042 E3.34707
G1 X98.785 Y95.613 E3.37628
G1 X98.785 Y96.162 E3.40269
G1 X99.215 Y96.591 E3.4319
G1 X99.215 Y97.14 E3.45831
G1 X98.785 Y96.711 E3.48752
G1 X98.785 Y97.26 E3.51393
G1 X99.215 Y97.689 E3.54314
G1 X99.215 Y98.238 E3.56955
G1 X98.785 Y97.808 E3.5988
G1 X98.785 Y98.357 E3.62521
G1 X99.215 Y98.786 E3.65442
G1 X99.215 Y99.335 E3.68083
G1 X98.785 Y98.906 E3.71004
G1 X98.785 Y99.455 E3.73645
G1 X99.215 Y99.884 E3.76566
G1 X99.215 Y100.433 E3.79207
G1 X98.785 Y100.004 E3.82128
G1 X98.785 Y100.553 E3.84769
G1 X99.215 Y100.982 E3.8769
G1 X99.215 Y101.531 E3.90331
G1 X98.785 Y101.102 E3.93252
G1 X98.785 Y101.65 E3.95888
G1 X99.215 Y102.08 E3.98813
G1 X99.215 Y102.628 E4.01449
G1 X98.785 Y102.199 E4.0437
G1 X98.785 Y102.748 E4.07011
G1 X99.215 Y103.177 E4.09932
G1 X99.215 Y103.726 E4.12573
G1 X98.785 Y103.297 E4.15494
G1 X98.785 Y103.846 E4.18135
G1 X99.215 Y104.275 E4.21056
G1 X99.215 Y104.824 E4.23697
G1 X98.785 Y104.395 E4.26618
G1 X98.785 Y104.944 E4.29259
G1 X99.215 Y105.373 E4.3218
G1 X99.215 Y105.921 E4.34816
G1 X98.785 Y105.492 E4.37737
G1 X98.785 Y106.041 E4.40378
G1 X99.215 Y106.47 E4.43299
G1 X99.215 Y107.019 E4.4594
G1 X98.785 Y106.59 E4.48861
G1 X98.785 Y107.139 E4.51502
G1 X99.215 Y107.568 E4.54423
G1 X99.215 Y108.117 E4.57064
G1 X98.773 Y107.676 E4.60067
G1 X98.642 Y108.093 E4.62169
G1 X99.215 Y108.666 E4.66066
G1 X99.215 Y109.215 E4.68707
G1 X98.42 Y108.42 E4.74114
G1 X98.093 Y108.642 E4.76015
G1 X98.666 Y109.215 E4.79912
G1 X98.117 Y109.215 E4.82553
G1 X97.676 Y108.773 E4.85556
G1 X97.139 Y108.785 E4.88139
G1 X97.568 Y109.215 E4.9106
G1 X97.019 Y109.215 E4.93701
G1 X96.59 Y108.785 E4.96622
G1 X96.041 Y108.785 E4.99263
G1 X96.47 Y109.215 E5.02184
G1 X95.921 Y109.215 E5.04825
G1 X95.492 Y108.785 E5.07746
G1 X94.943 Y108.785 E5.10387
G1 X95.373 Y109.215 E5.13312
G1 X94.824 Y109.215 E5.15953
G1 X94.395 Y108.785 E5.18874
G1 X93.846 Y108.785 E5.21515
G1 X94.275 Y109.215 E5.24436
G1 X93.726 Y109.215 E5.27077
G1 X93.297 Y108.785 E5.29998
G1 X92.748 Y108.785 E5.32639
G1 X93.177 Y109.215 E5.3556
G1 X92.628 Y109.215 E5.38201
G1 X92.199 Y108.785 E5.41122
G1 X91.65 Y108.785 E5.43763
G1 X92.079 Y109.215 E5.46684
G1 X91.531 Y109.215 E5.4932
G1 X91.102 Y108.785 E5.52241
G1 X90.553 Y108.785 E5.54882
G1 X90.982 Y109.215 E5.57803
G1 X90.433 Y109.215 E5.60444
G1 X90.004 Y108.785 E5.63365
G1 X89.455 Y108.785 E5.66006
G1 X89.884 Y109.215 E5.68927
G1 X89.335 Y109.215 E5.71568
G1 X88.906 Y108.785 E5.74489
G1 X88.357 Y108.785 E5.7713
G1 X88.786 Y109.215 E5.80051
G1 X88.238 Y109.215 E5.82687
G1 X87.808 Y108.785 E5.85612
G1 X87.26 Y108.785 E5.88248
G1 X87.689 Y109.215 E5.91169
G1 X87.14 Y109.215 E5.9381
G1 X86.711 Y108.785 E5.96731
G1 X86.162 Y108.785 E5.99372
G1 X86.591 Y109.215 E6.02293
G1 X86.042 Y109.215 E6.04934
G1 X85.613 Y108.785 E6.07855
G1 X85.064 Y108.785 E6.10496
G1 X85.493 Y109.215 E6.13417
G1 X84.944 Y109.215 E6.16058
G1 X84.515 Y108.785 E6.18979
G1 X83.966 Y108.785 E6.2162
G1 X84.396 Y109.215 E6.24545
G1 X83.847 Y109.215 E6.27186
G1 X83.418 Y108.785 E6.30107
G1 X82.869 Y108.785 E6.32748
G1 X83.298 Y109.215 E6.35669
G1 X82.749 Y109.215 E6.3831
G1 X82.32 Y108.785 E6.41231
G1 X81.771 Y108.785 E6.43872
G1 X82.2 Y109.215 E6.46793
G1 X81.651 Y109.215 E6.49434
G1 X81.222 Y108.785 E6.52355
G1 X80.673 Y108.785 E6.54996
G1 X81.102 Y109.215 E6.57917
G1 X80.554 Y109.215 E6.60553
G1 X80.125 Y108.785 E6.63474
G1 X79.576 Y108.785 E6.66115
G1 X80.005 Y109.215 E6.69036
G1 X79.456 Y109.215 E6.71677
G1 X79.027 Y108.785 E6.74598
G1 X78.478 Y108.785 E6.77239
G1 X78.907 Y109.215 E6.8016
G1 X78.358 Y109.215 E6.82801
G1 X77.929 Y108.785 E6.85722
G1 X77.38 Y108.785 E6.88363
G1 X77.809 Y109.215 E6.91284
G1 X77.261 Y109.215 E6.9392
G1 X76.831 Y108.785 E6.96845
G1 X76.283 Y108.785 E6.99481
G1 X76.712 Y109.215 E7.02402
G1 X76.163 Y109.215 E7.05043
G1 X75.734 Y108.785 E7.07964
G1 X75.185 Y108.785 E7.10605
G1 X75.614 Y109.215 E7.13526
G1 X75.065 Y109.215 E7.16167
G1 X74.636 Y108.785 E7.19088
G1 X74.087 Y108.785 E7.21729
G1 X74.516 Y109.215 E7.2465
G1 X73.967 Y109.215 E7.27291
G1 X73.538 Y108.785 E7.30212
G1 X72.989 Y108.785 E7.32853
G1 X73.419 Y109.215 E7.35778
G1 X72.87 Y109.215 E7.38419
G1 X72.436 Y108.781 E7.41371
G1 X71.97 Y108.684 E7.4366
G1 X71.58 Y108.42 E7.45925
G1 X71.318 Y108.034 E7.48169
G1 X71.217 Y107.562 E7.50491
G1 X70.785 Y107.13 E7.53429
G1 X70.785 Y106.581 E7.5607
G1 X71.215 Y107.011 E7.58995
G1 X71.215 Y106.462 E7.61636
G1 X70.785 Y106.033 E7.64557
G1 X70.785 Y105.484 E7.67198
G1 X71.215 Y105.913 E7.70119
G1 X71.215 Y105.364 E7.7276
G1 X70.785 Y104.935 E7.75681
G1 X70.785 Y104.386 E7.78322
G1 X71.215 Y104.815 E7.81243
G1 X71.215 Y104.266 E7.83884
G1 X70.785 Y103.837 E7.86805
G1 X70.785 Y103.288 E7.89446
G1 X71.215 Y103.717 E7.92367
G1 X71.215 Y103.169 E7.95003
G1 X70.785 Y102.739 E7.97928
G1 X70.785 Y102.191 E8.00564
G1 X71.215 Y102.62 E8.03485
G1 X71.215 Y102.071 E8.06126
G1 X70.785 Y101.642 E8.09047
G1 X70.785 Y101.093 E8.11688
G1 X71.215 Y101.522 E8.14609
G1 X71.215 Y100.973 E8.1725
G1 X70.785 Y100.544 E8.20171
G1 X70.785 Y99.995 E8.22812
G1 X71.215 Y100.424 E8.25733
G1 X71.215 Y99.875 E8.28374
G1 X70.785 Y99.446 E8.31295
G1 X70.785 Y98.898 E8.33931
G1 X71.215 Y99.327 E8.36852
G1 X71.215 Y98.778 E8.39493
G1 X70.785 Y98.349 E8.42414
G1 X70.785 Y97.8 E8.45055
G1 X71.215 Y98.229 E8.47976
G1 X71.215 Y97.68 E8.50617
G1 X70.785 Y97.251 E8.53538
G1 X70.785 Y96.702 E8.56179
G1 X71.215 Y97.131 E8.591
G1 X71.215 Y96.582 E8.61741
G1 X70.785 Y96.153 E8.64662
G1 X70.785 Y95.604 E8.67303
G1 X71.215 Y96.034 E8.70228
G1 X71.215 Y95.485 E8.72869
G1 X70.785 Y95.056 E8.7579
G1 X70.785 Y94.507 E8.78431
G1 X71.215 Y94.936 E8.81352
G1 X71.215 Y94.387 E8.83993
G1 X70.785 Y93.958 E8.86914
G1 X70.785 Y93.409 E8.89555
G1 X71.215 Y93.838 E8.92476
G1 X71.215 Y93.289 E8.95117
G1 X70.785 Y92.86 E8.98038
G1 X70.785 Y92.311 E9.00679
G1 X71.215 Y92.74 E9.036
G1 X71.215 Y92.192 E9.06236
G1 X70.785 Y91.762 E9.09161
G1 X70.785 Y91.214 E9.11797
G1 X71.215 Y91.643 E9.14718
G1 X71.215 Y91.094 E9.17359
G1 X70.785 Y90.665 E9.2028
G1 X70.785 Y90.116 E9.22921
G1 X71.215 Y90.545 E9.25842
G1 X71.215 Y89.996 E9.28483
G1 X70.785 Y89.567 E9.31404
G1 X70.785 Y89.018 E9.34045
G1 X71.215 Y89.447 E9.36966
G1 X71.215 Y88.898 E9.39607
G1 X70.785 Y88.469 E9.42528
G1 X70.785 Y87.921 E9.45164
G1 X71.215 Y88.35 E9.48085
G1 X71.215 Y87.801 E9.50726
G1 X70.785 Y87.372 E9.53647
G1 X70.785 Y86.823 E9.56288
G1 X71.215 Y87.252 E9.59209
G1 X71.215 Y86.703 E9.6185
G1 X70.785 Y86.274 E9.64771
G1 X70.785 Y85.725 E9.67412
G1 X71.215 Y86.154 E9.70333
G1 X71.215 Y85.605 E9.72974
G1 X70.785 Y85.176 E9.75895
G1 X70.785 Y84.627 E9.78536
G1 X71.215 Y85.057 E9.81461
G1 X71.215 Y84.508 E9.84102
G1 X70.785 Y84.079 E9.87023
G1 X70.785 Y83.53 E9.89664
G1 X71.215 Y83.959 E9.92585
G1 X71.215 Y83.41 E9.95226
G1 X70.785 Y82.981 E9.98147
G1 X70.785 Y82.432 E10.00788
G1 X71.215 Y82.861 E10.03709
G1 X71.24 Y82.337 E10.06232
G1 X70.785 Y81.883 E10.09323
G1 X70.785 Y81.334 E10.11964
G1 X71.358 Y81.907 E10.15861
G1 X71.58 Y81.58 E10.17762
G1 X70.785 Y80.785 E10.23169
G1 X71.334 Y80.785 E10.2581
G1 X71.907 Y81.358 E10.29707
G1 X72.324 Y81.227 E10.31809
G1 X71.883 Y80.785 E10.34812
G1 X72.432 Y80.785 E10.37453
G1 X72.861 Y81.215 E10.40374
G1 X73.41 Y81.215 E10.43015
G1 X72.981 Y80.785 E10.45936
G1 X73.53 Y80.785 E10.48577
G1 X73.959 Y81.215 E10.51498
G1 X74.508 Y81.215 E10.54139
G1 X74.079 Y80.785 E10.5706
G1 X74.627 Y80.785 E10.59696
G1 X75.056 Y81.215 E10.62617
G1 X75.605 Y81.215 E10.65258
G1 X75.176 Y80.785 E10.68179
G1 X75.725 Y80.785 E10.7082
G1 X76.154 Y81.215 E10.73741
G1 X76.703 Y81.215 E10.76382
G1 X76.274 Y80.785 E10.79303
G1 X76.823 Y80.785 E10.81944
G1 X77.252 Y81.215 E10.84865
G1 X77.801 Y81.215 E10.87506
G1 X77.372 Y80.785 E10.90427
G1 X77.92 Y80.785 E10.93063
G1 X78.35 Y81.215 E10.95988
G1 X78.898 Y81.215 E10.98624
G1 X78.469 Y80.785 E11.01545
G1 X79.018 Y80.785 E11.04186
G1 X79.447 Y81.215 E11.07107
G1 X79.996 Y81.215 E11.09748
G1 X79.567 Y80.785 E11.12669
G1 X80.116 Y80.785 E11.1531
G1 X80.545 Y81.215 E11.18231
G1 X81.094 Y81.215 E11.20872
G1 X80.665 Y80.785 E11.23793
G1 X81.214 Y80.785 E11.26434
G1 X81.643 Y81.215 E11.29355
G1 X82.192 Y81.215 E11.31996
G1 X81.762 Y80.785 E11.34921
G1 X82.311 Y80.785 E11.37562
G1 X82.74 Y81.215 E11.40483
G1 X83.289 Y81.215 E11.43124
G1 X82.86 Y80.785 E11.46045
G1 X83.409 Y80.785 E11.48686
G1 X83.838 Y81.215 E11.51607
G1 X84.387 Y81.215 E11.54248
G1 X83.958 Y80.785 E11.57169
G1 X84.507 Y80.785 E11.5981
G1 X84.936 Y81.215 E11.62731
G1 X85.485 Y81.215 E11.65372
G1 X85.056 Y80.785 E11.68293
G1 X85.604 Y80.785 E11.70929
G1 X86.034 Y81.215 E11.73854
G1 X86.582 Y81.215 E11.7649
G1 X86.153 Y80.785 E11.79411
G1 X86.702 Y80.785 E11.82052
G1 X87.131 Y81.215 E11.84973
G1 X87.68 Y81.215 E11.87614
G1 X87.251 Y80.785 E11.90535
G1 X87.8 Y80.785 E11.93176
G1 X88.229 Y81.215 E11.96097
G1 X88.778 Y81.215 E11.98738
G1 X88.349 Y80.785 E12.01659
G1 X88.898 Y80.785 E12.043
G1 X89.327 Y81.215 E12.07221
G1 X89.875 Y81.215 E12.09857
G1 X89.446 Y80.785 E12.12778
G1 X89.995 Y80.785 E12.15419
G1 X90.424 Y81.215 E12.1834
G1 X90.973 Y81.215 E12.20981
G1 X90.544 Y80.785 E12.23902
G1 X91.093 Y80.785 E12.26543
G1 X91.522 Y81.215 E12.29464
G1 X92.071 Y81.215 E12.32105
G1 X91.642 Y80.785 E12.35026
G1 X92.191 Y80.785 E12.37667
G1 X92.62 Y81.215 E12.40588
G1 X93.169 Y81.215 E12.43229
G1 X92.739 Y80.785 E12.46154
G1 X93.288 Y80.785 E12.48795
G1 X93.717 Y81.215 E12.51716
G1 X94.266 Y81.215 E12.54357
G1 X93.837 Y80.785 E12.57278
G1 X94.386 Y80.785 E12.59919
G1 X94.815 Y81.215 E12.6284
G1 X95.364 Y81.215 E12.65481
G1 X94.935 Y80.785 E12.68402
G1 X95.484 Y80.785 E12.71043
G1 X95.913 Y81.215 E12.73964
G1 X96.462 Y81.215 E12.76605
G1 X96.033 Y80.785 E12.79526
G1 X96.581 Y80.785 E12.82162
G1 X97.011 Y81.215 E12.85087
G1 X97.564 Y81.219 E12.87747
G1 X97.13 Y80.785 E12.90699
G1 X97.679 Y80.785 E12.9334
G1 X99.215 Y82.321 E13.03788
G1 X99.215 Y81.772 E13.06429
G1 X98.228 Y80.785 E13.13142
G1 X98.777 Y80.785 E13.15783
G1 X99.388 Y81.397 E13.19942
G1 E11.19942 F2400
G92 E0
G1 X74.812 Y84.779 F7800
G1 E2 F2400
;TYPE:External perimeter
;WIDTH:0.583165
G1 F1800
G1 X74.876 Y84.765 E2.00424
;WIDTH:0.545178
G1 X74.968 Y84.746 E2.00987
;WIDTH:0.507191
G1 X95.032 Y84.746 E3.118
;WIDTH:0.545178
G1 X95.124 Y84.765 E3.12363
;WIDTH:0.583165
G1 X95.216 Y84.784 E3.12971
G1 X95.235 Y84.876 E3.13579
;WIDTH:0.545178
G1 X95.254 Y84.968 E3.14142
;WIDTH:0.507191
G1 X95.254 Y105.032 E4.24955
;WIDTH:0.545178
G1 X95.235 Y105.124 E4.25518
;WIDTH:0.583165
G1 X95.216 Y105.216 E4.26126
G1 X95.124 Y105.235 E4.26734
;WIDTH:0.545178
G1 X95.032 Y105.254 E4.27297
;WIDTH:0.507191
G1 X74.968 Y105.254 E5.3811
;WIDTH:0.545178
G1 X74.876 Y105.235 E5.38673
;WIDTH:0.583165
G1 X74.784 Y105.216 E5.39281
G1 X74.765 Y105.124 E5.39889
;WIDTH:0.545178
G1 X74.746 Y105.032 E5.40452
;WIDTH:0.507191
G1 X74.746 Y84.968 E6.51265
;WIDTH:0.545178
G1 X74.765 Y84.876 E6.51828
;WIDTH:0.583165
G1 X74.778 Y84.816 E6.52225
G1 X75.173 Y84.752 F7800
G1 E4.52225 F2400
G92 E0
G1 X95.658 Y105.658 F7800
G1 E2 F2400
G1 F1800
G1 X95.345 Y105.677 E2.02029
;WIDTH:0.545178
G1 X95.032 Y105.696 E2.03909
;WIDTH:0.507191
G1 X74.968 Y105.696 E3.14722
;WIDTH:0.545178
G1 X74.655 Y105.677 E3.16602
;WIDTH:0.583165
G1 X74.342 Y105.658 E3.18631
G1 X74.323 Y105.345 E3.2066
;WIDTH:0.545178
G1 X74.304 Y105.032 E3.2254
;WIDTH:0.507191
G1 X74.304 Y84.968 E4.33353
;WIDTH:0.545178
G1 X74.323 Y84.655 E4.35233
;WIDTH:0.583165
G1 X74.342 Y84.342 E4.37262
G1 X74.655 Y84.323 E4.39291
;WIDTH:0.545178
G1 X74.968 Y84.304 E4.41171
;WIDTH:0.507191
G1 X95.032 Y84.304 E5.51984
;WIDTH:0.545178
G1 X95.345 Y84.323 E5.53864
;WIDTH:0.583165
G1 X95.658 Y84.342 E5.55893
G1 X95.658 Y84.601 E5.57569
G1 X95.677 Y84.784 E5.58759
;WIDTH:0.545178
G1 X95.696 Y84.968 E5.59868
;WIDTH:0.507191
G1 X95.696 Y105.032 E6.70681
;WIDTH:0.510546
G1 X95.695 Y105.109 E6.7111
;WIDTH:0.546855
G1 X95.677 Y105.384 E6.72768
;WIDTH:0.583165
G1 X95.662 Y105.599 E6.74163
G1 X95.271 Y105.68 F7800
;LAYER_CHANGE
;Z:9.05
;HEIGHT:0.3
G1 E4.74163 F2400
G92 E0
G1 Z9.05 F7800
G1 X98.21 Y108.217
G1 E2 F2400
;TYPE:Perimeter
;WIDTH:0.45
G1 F3600
G1 X97.915 Y108.417 E2.01714
G1 X97.532 Y108.496 E2.03595
G1 X72.468 Y108.496 E3.24144
G1 X72.085 Y108.417 E3.26025
G1 X71.786 Y108.214 E3.27763
G1 X71.583 Y107.915 E3.29501
G1 X71.504 Y107.532 E3.31382
G1 X71.504 Y82.468 E4.51931
G1 X71.583 Y82.085 E4.53812
G1 X71.786 Y81.786 E4.5555
G1 X72.085 Y81.583 E4.57288
G1 X72.468 Y81.504 E4.59169
G1 X97.532 Y81.504 E5.79718
G1 X97.915 Y81.583 E5.81599
G1 X98.214 Y81.786 E5.83337
G1 X98.417 Y82.085 E5.85075
G1 X98.496 Y82.468 E5.86956
G1 X98.496 Y107.532 E7.07505
G1 X98.417 Y107.915 E7.09386
G1 X98.245 Y108.169 E7.10861
G1 X97.943 Y107.938 F7800
G1 F3600
G1 X97.941 Y107.941 E7.10878
G1 X97.762 Y108.063 E7.1192
G1 X97.532 Y108.111 E7.1305
G1 X72.468 Y108.111 E8.33599
G1 X72.238 Y108.063 E8.34729
G1 X72.059 Y107.941 E8.35771
G1 X71.937 Y107.762 E8.36813
G1 X71.889 Y107.532 E8.37943
G1 X71.889 Y82.468 E9.58492
G1 X71.937 Y82.238 E9.59622
G1 X72.059 Y82.059 E9.60664
G1 X72.238 Y81.937 E9.61706
G1 X72.468 Y81.889 E9.62836
G1 X97.532 Y81.889 E10.83385
G1 X97.762 Y81.937 E10.84515
G1 X97.941 Y82.059 E10.85557
G1 X98.063 Y82.238 E10.86599
G1 X98.111 Y82.468 E10.87729
G1 X98.111 Y107.532 E12.08278
G1 X98.063 Y107.762 E12.09408
G1 X97.977 Y107.889 E12.10146
G1 X97.671 Y107.662 F7800
;TYPE:External perimeter
G1 F1800
G1 X97.669 Y107.669 E12.10181
G1 X97.532 Y107.725 E12.10893
G1 X72.468 Y107.725 E13.31442
G1 X72.331 Y107.669 E13.32154
G1 X72.275 Y107.532 E13.32866
G1 X72.275 Y82.468 E14.53415
G1 X72.331 Y82.331 E14.54127
G1 X72.468 Y82.275 E14.54839
G1 X97.532 Y82.275 E15.75388
G1 X97.669 Y82.331 E15.761
G1 X97.725 Y82.468 E15.76812
G1 X97.725 Y107.532 E16.97361
G1 X97.694 Y107.607 E16.97751
G1 X97.31 Y107.718 F7800
G1 E14.97751 F2400
G92 E0
G1 X70.496 Y80.496 F7800
G1 E2 F2400
;TYPE:Perimeter
G1 F3600
G1 X99.504 Y80.496 E3.39518
G1 X99.504 Y81.252 E3.43154
G1 X99.504 Y109.504 E4.79036
G1 X70.496 Y109.504 E6.18554
G1 X70.496 Y80.556 E7.57784
G1 X70.111 Y80.111 F7800
G1 F3600
G1 X99.889 Y80.111 E9.01006
G1 X99.889 Y81.252 E9.06494
G1 X99.889 Y109.889 E10.44228
G1 X70.111 Y109.889 E11.8745
G1 X70.111 Y80.171 E13.30383
G1 X69.725 Y79.725 F7800
;TYPE:External perimeter
G1 F1800
G1 X100.275 Y79.725 E14.77318
G1 X100.275 Y81.252 E14.84662
G1 X100.275 Y110.275 E16.24253
G1 X69.725 Y110.275 E17.71188
G1 X69.725 Y79.785 E19.17834
G1 X70.121 Y79.726 F7800
G1 X71.397 Y80.612
;TYPE:Internal infill
;WIDTH:0.45
G1 F4200
G1 X70.785 Y81.223 E19.21993
G1 X70.785 Y81.772 E19.24634
G1 X71.772 Y80.785 E19.31347
G1 X72.321 Y80.785 E19.33988
G1 X70.612 Y82.494 E19.45612
G1 E17.45612 F2400
G92 E0
G1 X96.957 Y109.388 F7800
G1 E2 F2400
G1 F4200
G1 X97.562 Y108.783 E2.04115
G1 X97.011 Y108.785 E2.06765
G1 X96.581 Y109.215 E2.0969
G1 X96.033 Y109.215 E2.12326
G1 X96.462 Y108.785 E2.15247
G1 X95.913 Y108.785 E2.17888
G1 X95.484 Y109.215 E2.20809
G1 X94.935 Y109.215 E2.2345
G1 X95.364 Y108.785 E2.26371
G1 X94.815 Y108.785 E2.29012
G1 X94.386 Y109.215 E2.31933
G1 X93.837 Y109.215 E2.34574
G1 X94.266 Y108.785 E2.37495
G1 X93.717 Y108.785 E2.40136
G1 X93.288 Y109.215 E2.43057
G1 X92.739 Y109.215 E2.45698
G1 X93.169 Y108.785 E2.48623
G1 X92.62 Y108.785 E2.51264
G1 X92.191 Y109.215 E2.54185
G1 X91.642 Y109.215 E2.56826
G1 X92.071 Y108.785 E2.59747
G1 X91.522 Y108.785 E2.62388
G1 X91.093 Y109.215 E2.65309
G1 X90.544 Y109.215 E2.6795
G1 X90.973 Y108.785 E2.70871
G1 X90.424 Y108.785 E2.73512
G1 X89.995 Y109.215 E2.76433
G1 X89.446 Y109.215 E2.79074
G1 X89.875 Y108.785 E2.81995
G1 X89.327 Y108.785 E2.84631
G1 X88.898 Y109.215 E2.87552
G1 X88.349 Y109.215 E2.90193
G1 X88.778 Y108.785 E2.93114
G1 X88.229 Y108.785 E2.95755
G1 X87.8 Y109.215 E2.98676
G1 X87.251 Y109.215 E3.01317
G1 X87.68 Y108.785 E3.04238
G1 X87.131 Y108.785 E3.06879
G1 X86.702 Y109.215 E3.098
G1 X86.153 Y109.215 E3.12441
G1 X86.582 Y108.785 E3.15362
G1 X86.034 Y108.785 E3.17998
G1 X85.604 Y109.215 E3.20923
G1 X85.056 Y109.215 E3.23559
G1 X85.485 Y108.785 E3.2648
G1 X84.936 Y108.785 E3.29121
G1 X84.507 Y109.215 E3.32042
G1 X83.958 Y109.215 E3.34683
G1 X84.387 Y108.785 E3.37604
G1 X83.838 Y108.785 E3.40245
G1 X83.409 Y109.215 E3.43166
G1 X82.86 Y109.215 E3.45807
G1 X83.289 Y108.785 E3.48728
G1 X82.74 Y108.785 E3.51369
G1 X82.311 Y109.215 E3.5429
G1 X81.762 Y109.215 E3.56931
G1 X82.192 Y108.785 E3.59856
G1 X81.643 Y108.785 E3.62497
G1 X81.214 Y109.215 E3.65418
G1 X80.665 Y109.215 E3.68059
G1 X81.094 Y108.785 E3.7098
G1 X80.545 Y108.785 E3.73621
G1 X80.116 Y109.215 E3.76542
G1 X79.567 Y109.215 E3.79183
G1 X79.996 Y108.785 E3.82104
G1 X79.447 Y108.785 E3.84745
G1 X79.018 Y109.215 E3.87666
G1 X78.469 Y109.215 E3.90307
G1 X78.898 Y108.785 E3.93228
G1 X78.35 Y108.785 E3.95864
G1 X77.92 Y109.215 E3.98789
G1 X77.372 Y109.215 E4.01425
G1 X77.801 Y108.785 E4.04346
G1 X77.252 Y108.785 E4.06987
G1 X76.823 Y109.215 E4.09908
G1 X76.274 Y109.215 E4.12549
G1 X76.703 Y108.785 E4.1547
G1 X76.154 Y108.785 E4.18111
G1 X75.725 Y109.215 E4.21032
G1 X75.176 Y109.215 E4.23673
G1 X75.605 Y108.785 E4.26594
G1 X75.056 Y108.785 E4.29235
G1 X74.627 Y109.215 E4.32156
G1 X74.079 Y109.215 E4.34792
G1 X74.508 Y108.785 E4.37713
G1 X73.959 Y108.785 E4.40354
G1 X73.53 Y109.215 E4.43275
G1 X72.981 Y109.215 E4.45916
G1 X73.41 Y108.785 E4.48837
G1 X72.861 Y108.785 E4.51478
G1 X72.432 Y109.215 E4.54399
G1 X71.883 Y109.215 E4.5704
G1 X72.337 Y108.76 E4.60131
G1 X71.907 Y108.642 E4.62276
G1 X71.334 Y109.215 E4.66173
G1 X70.785 Y109.215 E4.68814
G1 X71.58 Y108.42 E4.74221
G1 X71.358 Y108.093 E4.76122
G1 X70.785 Y108.666 E4.80019
G1 X70.785 Y108.117 E4.8266
G1 X71.227 Y107.676 E4.85663
G1 X71.215 Y107.139 E4.88246
G1 X70.785 Y107.568 E4.91167
G1 X70.785 Y107.019 E4.93808
G1 X71.215 Y106.59 E4.96729
G1 X71.215 Y106.041 E4.9937
G1 X70.785 Y106.47 E5.02291
G1 X70.785 Y105.921 E5.04932
G1 X71.215 Y105.492 E5.07853
G1 X71.215 Y104.943 E5.10494
G1 X70.785 Y105.373 E5.13419
G1 X70.785 Y104.824 E5.1606
G1 X71.215 Y104.395 E5.18981
G1 X71.215 Y103.846 E5.21622
G1 X70.785 Y104.275 E5.24543
G1 X70.785 Y103.726 E5.27184
G1 X71.215 Y103.297 E5.30105
G1 X71.215 Y102.748 E5.32746
G1 X70.785 Y103.177 E5.35667
G1 X70.785 Y102.628 E5.38308
G1 X71.215 Y102.199 E5.41229
G1 X71.215 Y101.65 E5.4387
G1 X70.785 Y102.079 E5.46791
G1 X70.785 Y101.531 E5.49427
G1 X71.215 Y101.102 E5.52348
G1 X71.215 Y100.553 E5.54989
G1 X70.785 Y100.982 E5.5791
G1 X70.785 Y100.433 E5.60551
G1 X71.215 Y100.004 E5.63472
G1 X71.215 Y99.455 E5.66113
G1 X70.785 Y99.884 E5.69034
G1 X70.785 Y99.335 E5.71675
G1 X71.215 Y98.906 E5.74596
G1 X71.215 Y98.357 E5.77237
G1 X70.785 Y98.786 E5.80158
G1 X70.785 Y98.238 E5.82794
G1 X71.215 Y97.808 E5.85719
G1 X71.215 Y97.26 E5.88355
G1 X70.785 Y97.689 E5.91276
G1 X70.785 Y97.14 E5.93917
G1 X71.215 Y96.711 E5.96838
G1 X71.215 Y96.162 E5.99479
G1 X70.785 Y96.591 E6.024
G1 X70.785 Y96.042 E6.05041
G1 X71.215 Y95.613 E6.07962
G1 X71.215 Y95.064 E6.10603
G1 X70.785 Y95.493 E6.13524
G1 X70.785 Y94.944 E6.16165
G1 X71.215 Y94.515 E6.19086
G1 X71.215 Y93.966 E6.21727
G1 X70.785 Y94.396 E6.24652
G1 X70.785 Y93.847 E6.27293
G1 X71.215 Y93.418 E6.30214
G1 X71.215 Y92.869 E6.32855
G1 X70.785 Y93.298 E6.35776
G1 X70.785 Y92.749 E6.38417
G1 X71.215 Y92.32 E6.41338
G1 X71.215 Y91.771 E6.43979
G1 X70.785 Y92.2 E6.469
G1 X70.785 Y91.651 E6.49541
G1 X71.215 Y91.222 E6.52462
G1 X71.215 Y90.673 E6.55103
G1 X70.785 Y91.102 E6.58024
G1 X70.785 Y90.554 E6.6066
G1 X71.215 Y90.125 E6.63581
G1 X71.215 Y89.576 E6.66222
G1 X70.785 Y90.005 E6.69143
G1 X70.785 Y89.456 E6.71784
G1 X71.215 Y89.027 E6.74705
G1 X71.215 Y88.478 E6.77346
G1 X70.785 Y88.907 E6.80267
G1 X70.785 Y88.358 E6.82908
G1 X71.215 Y87.929 E6.85829
G1 X71.215 Y87.38 E6.8847
G1 X70.785 Y87.809 E6.91391
G1 X70.785 Y87.261 E6.94027
G1 X71.215 Y86.831 E6.96952
G1 X71.215 Y86.283 E6.99588
G1 X70.785 Y86.712 E7.02509
G1 X70.785 Y86.163 E7.0515
G1 X71.215 Y85.734 E7.08071
G1 X71.215 Y85.185 E7.10712
G1 X70.785 Y85.614 E7.13633
G1 X70.785 Y85.065 E7.16274
G1 X71.215 Y84.636 E7.19195
G1 X71.215 Y84.087 E7.21836
G1 X70.785 Y84.516 E7.24757
G1 X70.785 Y83.967 E7.27398
G1 X71.215 Y83.538 E7.30319
G1 X71.215 Y82.989 E7.3296
G1 X70.785 Y83.419 E7.35885
G1 X70.785 Y82.87 E7.38526
G1 X71.219 Y82.436 E7.41478
G1 X71.316 Y81.97 E7.43767
G1 X71.58 Y81.58 E7.46032
G1 X71.966 Y81.318 E7.48276
G1 X72.438 Y81.217 E7.50598
G1 X72.87 Y80.785 E7.53536
G1 X73.419 Y80.785 E7.56177
G1 X72.989 Y81.215 E7.59102
G1 X73.538 Y81.215 E7.61743
G1 X73.967 Y80.785 E7.64664
G1 X74.516 Y80.785 E7.67305
G1 X74.087 Y81.215 E7.70226
G1 X74.636 Y81.215 E7.72867
G1 X75.065 Y80.785 E7.75788
G1 X75.614 Y80.785 E7.78429
G1 X75.185 Y81.215 E7.8135
G1 X75.734 Y81.215 E7.83991
G1 X76.163 Y80.785 E7.86912
G1 X76.712 Y80.785 E7.89553
G1 X76.283 Y81.215 E7.92474
G1 X76.831 Y81.215 E7.9511
G1 X77.261 Y80.785 E7.98035
G1 X77.809 Y80.785 E8.00671
G1 X77.38 Y81.215 E8.03592
G1 X77.929 Y81.215 E8.06233
G1 X78.358 Y80.785 E8.09154
G1 X78.907 Y80.785 E8.11795
G1 X78.478 Y81.215 E8.14716
G1 X79.027 Y81.215 E8.17357
G1 X79.456 Y80.785 E8.20278
G1 X80.005 Y80.785 E8.22919
G1 X79.576 Y81.215 E8.2584
G1 X80.125 Y81.215 E8.28481
G1 X80.554 Y80.785 E8.31402
G1 X81.102 Y80.785 E8.34038
G1 X80.673 Y81.215 E8.36959
G1 X81.222 Y81.215 E8.396
G1 X81.651 Y80.785 E8.42521
G1 X82.2 Y80.785 E8.45162
G1 X81.771 Y81.215 E8.48083
G1 X82.32 Y81.215 E8.50724
G1 X82.749 Y80.785 E8.53645
G1 X83.298 Y80.785 E8.56286
G1 X82.869 Y81.215 E8.59207
G1 X83.418 Y81.215 E8.61848
G1 X83.847 Y80.785 E8.64769
G1 X84.396 Y80.785 E8.6741
G1 X83.966 Y81.215 E8.70335
G1 X84.515 Y81.215 E8.72976
G1 X84.944 Y80.785 E8.75897
G1 X85.493 Y80.785 E8.78538
G1 X85.064 Y81.215 E8.81459
G1 X85.613 Y81.215 E8.841
G1 X86.042 Y80.785 E8.87021
G1 X86.591 Y80.785 E8.89662
G1 X86.162 Y81.215 E8.92583
G1 X86.711 Y81.215 E8.95224
G1 X87.14 Y80.785 E8.98145
G1 X87.689 Y80.785 E9.00786
G1 X87.26 Y81.215 E9.03707
G1 X87.808 Y81.215 E9.06343
G1 X88.238 Y80.785 E9.09268
G1 X88.786 Y80.785 E9.11904
G1 X88.357 Y81.215 E9.14825
G1 X88.906 Y81.215 E9.17466
G1 X89.335 Y80.785 E9.20387
G1 X89.884 Y80.785 E9.23028
G1 X89.455 Y81.215 E9.25949
G1 X90.004 Y81.215 E9.2859
G1 X90.433 Y80.785 E9.31511
G1 X90.982 Y80.785 E9.34152
G1 X90.553 Y81.215 E9.37073
G1 X91.102 Y81.215 E9.39714
G1 X91.531 Y80.785 E9.42635
G1 X92.079 Y80.785 E9.45271
G1 X91.65 Y81.215 E9.48192
G1 X92.199 Y81.215 E9.50833
G1 X92.628 Y80.785 E9.53754
G1 X93.177 Y80.785 E9.56395
G1 X92.748 Y81.215 E9.59316
G1 X93.297 Y81.215 E9.61957
G1 X93.726 Y80.785 E9.64878
G1 X94.275 Y80.785 E9.67519
G1 X93.846 Y81.215 E9.7044
G1 X94.395 Y81.215 E9.73081
G1 X94.824 Y80.785 E9.76002
G1 X95.373 Y80.785 E9.78643
G1 X94.943 Y81.215 E9.81568
G1 X95.492 Y81.215 E9.84209
G1 X95.921 Y80.785 E9.8713
G1 X96.47 Y80.785 E9.89771
G1 X96.041 Y81.215 E9.92692
G1 X96.59 Y81.215 E9.95333
G1 X97.019 Y80.785 E9.98254
G1 X97.568 Y80.785 E10.00895
G1 X97.139 Y81.215 E10.03816
G1 X97.663 Y81.24 E10.06339
G1 X98.117 Y80.785 E10.0943
G1 X98.666 Y80.785 E10.12071
G1 X98.093 Y81.358 E10.15968
G1 X98.42 Y81.58 E10.17869
G1 X99.215 Y80.785 E10.23276
G1 X99.215 Y81.334 E10.25917
G1 X98.642 Y81.907 E10.29814
G1 X98.76 Y82.337 E10.31959
G1 X99.215 Y81.883 E10.3505
G1 X99.215 Y82.432 E10.37691
G1 X98.785 Y82.861 E10.40612
G1 X98.785 Y83.41 E10.43253
G1 X99.215 Y82.981 E10.46174
G1 X99.215 Y83.53 E10.48815
G1 X98.785 Y83.959 E10.51736
G1 X98.785 Y84.508 E10.54377
G1 X99.215 Y84.079 E10.57298
G1 X99.215 Y84.627 E10.59934
G1 X98.785 Y85.056 E10.62855
G1 X98.785 Y85.605 E10.65496
G1 X99.215 Y85.176 E10.68417
G1 X99.215 Y85.725 E10.71058
G1 X98.785 Y86.154 E10.73979
G1 X98.785 Y86.703 E10.7662
G1 X99.215 Y86.274 E10.79541
G1 X99.215 Y86.823 E10.82182
G1 X98.785 Y87.252 E10.85103
G1 X98.785 Y87.801 E10.87744
G1 X99.215 Y87.372 E10.90665
G1 X99.215 Y87.921 E10.93306
G1 X98.785 Y88.35 E10.96227
G1 X98.785 Y88.898 E10.98863
G1 X99.215 Y88.469 E11.01784
G1 X99.215 Y89.018 E11.04425
G1 X98.785 Y89.447 E11.07346
G1 X98.785 Y89.996 E11.09987
G1 X99.215 Y89.567 E11.12908
G1 X99.215 Y90.116 E11.15549
G1 X98.785 Y90.545 E11.1847
G1 X98.785 Y91.094 E11.21111
G1 X99.215 Y90.665 E11.24032
G1 X99.215 Y91.214 E11.26673
G1 X98.785 Y91.643 E11.29594
G1 X98.785 Y92.192 E11.32235
G1 X99.215 Y91.762 E11.3516
G1 X99.215 Y92.311 E11.37801
G1 X98.785 Y92.74 E11.40722
G1 X98.785 Y93.289 E11.43363
G1 X99.215 Y92.86 E11.46284
G1 X99.215 Y93.409 E11.48925
G1 X98.785 Y93.838 E11.51846
G1 X98.785 Y94.387 E11.54487
G1 X99.215 Y93.958 E11.57408
G1 X99.215 Y94.507 E11.60049
G1 X98.785 Y94.936 E11.6297
G1 X98.785 Y95.485 E11.65611
G1 X99.215 Y95.056 E11.68532
G1 X99.215 Y95.604 E11.71168
G1 X98.785 Y96.034 E11.74093
G1 X98.785 Y96.582 E11.76729
G1 X99.215 Y96.153 E11.7965
G1 X99.215 Y96.702 E11.82291
G1 X98.785 Y97.131 E11.85212
G1 X98.785 Y97.68 E11.87853
G1 X99.215 Y97.251 E11.90774
G1 X99.215 Y97.8 E11.93415
G1 X98.785 Y98.229 E11.96336
G1 X98.785 Y98.778 E11.98977
G1 X99.215 Y98.349 E12.01898
G1 X99.215 Y98.898 E12.04539
G1 X98.785 Y99.327 E12.0746
G1 X98.785 Y99.875 E12.10096
G1 X99.215 Y99.446 E12.13017
G1 X99.215 Y99.995 E12.15658
G1 X98.785 Y100.424 E12.18579
G1 X98.785 Y100.973 E12.2122
G1 X99.215 Y100.544 E12.24141
G1 X99.215 Y101.093 E12.26782
G1 X98.785 Y101.522 E12.29703
G1 X98.785 Y102.071 E12.32344
G1 X99.215 Y101.642 E12.35265
G1 X99.215 Y102.191 E12.37906
G1 X98.785 Y102.62 E12.40827
G1 X98.785 Y103.169 E12.43468
G1 X99.215 Y102.739 E12.46393
G1 X99.215 Y103.288 E12.49034
G1 X98.785 Y103.717 E12.51955
G1 X98.785 Y104.266 E12.54596
G1 X99.215 Y103.837 E12.57517
G1 X99.215 Y104.386 E12.60158
G1 X98.785 Y104.815 E12.63079
G1 X98.785 Y105.364 E12.6572
G1 X99.215 Y104.935 E12.68641
G1 X99.215 Y105.484 E12.71282
G1 X98.785 Y105.913 E12.74203
G1 X98.785 Y106.462 E12.76844
G1 X99.215 Y106.033 E12.79765
G1 X99.215 Y106.581 E12.82401
G1 X98.785 Y107.011 E12.85326
G1 X98.783 Y107.562 E12.87976
G1 X99.215 Y107.13 E12.90914
G1 X99.215 Y107.679 E12.93555
G1 X97.679 Y109.215 E13.04003
G1 X98.228 Y109.215 E13.06644
G1 X99.215 Y108.228 E13.13357
G1 X99.215 Y108.777 E13.15998
G1 X98.603 Y109.388 E13.20157
G1 E11.20157 F2400
G92 E0
G1 X74.812 Y84.779 F7800
G1 E2 F2400
;TYPE:External perimeter
;WIDTH:0.583165
G1 F1800
G1 X74.876 Y84.765 E2.00424
;WIDTH:0.545178
G1 X74.968 Y84.746 E2.00987
;WIDTH:0.507191
G1 X95.032 Y84.746 E3.118
;WIDTH:0.545178
G1 X95.124 Y84.765 E3.12363
;WIDTH:0.583165
G1 X95.216 Y84.784 E3.12971
G1 X95.235 Y84.876 E3.13579
;WIDTH:0.545178
G1 X95.254 Y84.968 E3.14142
;WIDTH:0.507191
G1 X95.254 Y105.032 E4.24955
;WIDTH:0.545178
G1 X95.235 Y105.124 E4.25518
;WIDTH:0.583165
G1 X95.216 Y105.216 E4.26126
G1 X95.124 Y105.235 E4.26734
;WIDTH:0.545178
G1 X95.032 Y105.254 E4.27297
;WIDTH:0.507191
G1 X74.968 Y105.254 E5.3811
;WIDTH:0.545178
G1 X74.876 Y105.235 E5.38673
;WIDTH:0.583165
G1 X74.784 Y105.216 E5.39281
G1 X74.765 Y105.124 E5.39889
;WIDTH:0.545178
G1 X74.746 Y105.032 E5.40452
;WIDTH:0.507191
G1 X74.746 Y84.968 E6.51265
;WIDTH:0.545178
G1 X74.765 Y84.876 E6.51828
;WIDTH:0.583165
G1 X74.778 Y84.816 E6.52225
G1 X75.173 Y84.752 F7800
G1 E4.52225 F2400
G92 E0
G1 X95.658 Y105.658 F7800
G1 E2 F2400
G1 F1800
G1 X95.345 Y105.677 E2.02029
;WIDTH:0.545178
G1 X95.032 Y105.696 E2.03909
;WIDTH:0.507191
G1 X74.968 Y105.696 E3.14722
;WIDTH:0.545178
G1 X74.655 Y105.677 E3.16602
;WIDTH:0.583165
G1 X74.342 Y105.658 E3.18631
G1 X74.323 Y105.345 E3.2066
;WIDTH:0.545178
G1 X74.304 Y105.032 E3.2254
;WIDTH:0.507191
G1 X74.304 Y84.968 E4.33353
;WIDTH:0.545178
G1 X74.323 Y84.655 E4.35233
;WIDTH:0.583165
G1 X74.342 Y84.342 E4.37262
G1 X74.655 Y84.323 E4.39291
;WIDTH:0.545178
G1 X74.968 Y84.304 E4.41171
;WIDTH:0.507191
G1 X95.032 Y84.304 E5.51984
;WIDTH:0.545178
G1 X95.345 Y84.323 E5.53864
;WIDTH:0.583165
G1 X95.658 Y84.342 E5.55893
G1 X95.658 Y84.601 E5.57569
G1 X95.677 Y84.784 E5.58759
;WIDTH:0.545178
G1 X95.696 Y84.968 E5.59868
;WIDTH:0.507191
G1 X95.696 Y105.032 E6.70681
;WIDTH:0.510546
G1 X95.695 Y105.109 E6.7111
;WIDTH:0.546855
G1 X95.677 Y105.384 E6.72768
;WIDTH:0.583165
G1 X95.662 Y105.599 E6.74163
G1 X95.271 Y105.68 F7800
;LAYER_CHANGE
;Z:9.35
;HEIGHT:0.3
G1 E4.74163 F2400
G92 E0
G1 Z9.35 F7800
G1 X98.21 Y108.217
G1 E2 F2400
;TYPE:Perimeter
;WIDTH:0.45
G1 F3600
G1 X97.915 Y108.417 E2.01714
G1 X97.532 Y108.496 E2.03595
G1 X72.468 Y108.496 E3.24144
G1 X72.085 Y108.417 E3.26025
G1 X71.786 Y108.214 E3.27763
G1 X71.583 Y107.915 E3.29501
G1 X71.504 Y107.532 E3.31382
G1 X71.504 Y82.468 E4.51931
G1 X71.583 Y82.085 E4.53812
G1 X71.786 Y81.786 E4.5555
G1 X72.085 Y81.583 E4.57288
G1 X72.468 Y81.504 E4.59169
G1 X97.532 Y81.504 E5.79718
G1 X97.915 Y81.583 E5.81599
G1 X98.214 Y81.786 E5.83337
G1 X98.417 Y82.085 E5.85075
G1 X98.496 Y82.468 E5.86956
G1 X98.496 Y107.532 E7.07505
G1 X98.417 Y107.915 E7.09386
G1 X98.245 Y108.169 E7.10861
G1 X97.943 Y107.938 F7800
G1 F3600
G1 X97.941 Y107.941 E7.10878
G1 X97.762 Y108.063 E7.1192
G1 X97.532 Y108.111 E7.1305
G1 X72.468 Y108.111 E8.33599
G1 X72.238 Y108.063 E8.34729
G1 X72.059 Y107.941 E8.35771
G1 X71.937 Y107.762 E8.36813
G1 X71.889 Y107.532 E8.37943
G1 X71.889 Y82.468 E9.58492
G1 X71.937 Y82.238 E9.59622
G1 X72.059 Y82.059 E9.60664
G1 X72.238 Y81.937 E9.61706
G1 X72.468 Y81.889 E9.62836
G1 X97.532 Y81.889 E10.83385
G1 X97.762 Y81.937 E10.84515
G1 X97.941 Y82.059 E10.85557
G1 X98.063 Y82.238 E10.86599
G1 X98.111 Y82.468 E10.87729
G1 X98.111 Y107.532 E12.08278
G1 X98.063 Y107.762 E12.09408
G1 X97.977 Y107.889 E12.10146
G1 X97.671 Y107.662 F7800
;TYPE:External perimeter
G1 F1800
G1 X97.669 Y107.669 E12.10181
G1 X97.532 Y107.725 E12.10893
G1 X72.468 Y107.725 E13.31442
G1 X72.331 Y107.669 E13.32154
G1 X72.275 Y107.532 E13.32866
G1 X72.275 Y82.468 E14.53415
G1 X72.331 Y82.331 E14.54127
G1 X72.468 Y82.275 E14.54839
G1 X97.532 Y82.275 E15.75388
G1 X97.669 Y82.331 E15.761
G1 X97.725 Y82.468 E15.76812
G1 X97.725 Y107.532 E16.97361
G1 X97.694 Y107.607 E16.97751
G1 X97.31 Y107.718 F7800
G1 E14.97751 F2400
G92 E0
G1 X70.496 Y80.496 F7800
G1 E2 F2400
;TYPE:Perimeter
G1 F3600
G1 X99.504 Y80.496 E3.39518
G1 X99.504 Y81.252 E3.43154
G1 X99.504 Y109.504 E4.79036
G1 X70.496 Y109.504 E6.18554
G1 X70.496 Y80.556 E7.57784
G1 X70.111 Y80.111 F7800
G1 F3600
G1 X99.889 Y80.111 E9.01006
G1 X99.889 Y81.252 E9.06494
G1 X99.889 Y109.889 E10.44228
G1 X70.111 Y109.889 E11.8745
G1 X70.111 Y80.171 E13.30383
G1 X69.725 Y79.725 F7800
;TYPE:External perimeter
G1 F1800
G1 X100.275 Y79.725 E14.77318
G1 X100.275 Y81.252 E14.84662
G1 X100.275 Y110.275 E16.24253
G1 X69.725 Y110.275 E17.71188
G1 X69.725 Y79.785 E19.17834
G1 X70.121 Y79.726 F7800
G1 E17.17834 F2400
G92 E0
G1 X70.612 Y108.603 F7800
G1 E2 F2400
;TYPE:Internal infill
;WIDTH:0.45
G1 F4200
G1 X71.223 Y109.215 E2.04159
G1 X71.772 Y109.215 E2.068
G1 X70.785 Y108.228 E2.13513
G1 X70.785 Y107.679 E2.16154
G1 X72.494 Y109.388 E2.27778
G1 E.27778 F2400
G92 E0
G1 X99.388 Y83.043 F7800
G1 E2 F2400
G1 F4200
G1 X98.781 Y82.436 E2.04129
G1 X98.785 Y82.989 E2.06789
G1 X99.215 Y83.419 E2.09714
G1 X99.215 Y83.967 E2.1235
G1 X98.785 Y83.538 E2.15271
G1 X98.785 Y84.087 E2.17912
G1 X99.215 Y84.516 E2.20833
G1 X99.215 Y85.065 E2.23474
G1 X98.785 Y84.636 E2.26395
G1 X98.785 Y85.185 E2.29036
G1 X99.215 Y85.614 E2.31957
G1 X99.215 Y86.163 E2.34598
G1 X98.785 Y85.734 E2.37519
G1 X98.785 Y86.283 E2.4016
G1 X99.215 Y86.712 E2.43081
G1 X99.215 Y87.261 E2.45722
G1 X98.785 Y86.831 E2.48647
G1 X98.785 Y87.38 E2.51288
G1 X99.215 Y87.809 E2.54209
G1 X99.215 Y88.358 E2.5685
G1 X98.785 Y87.929 E2.59771
G1 X98.785 Y88.478 E2.62412
G1 X99.215 Y88.907 E2.65333
G1 X99.215 Y89.456 E2.67974
G1 X98.785 Y89.027 E2.70895
G1 X98.785 Y89.576 E2.73536
G1 X99.215 Y90.005 E2.76457
G1 X99.215 Y90.554 E2.79098
G1 X98.785 Y90.125 E2.82019
G1 X98.785 Y90.673 E2.84655
G1 X99.215 Y91.102 E2.87576
G1 X99.215 Y91.651 E2.90217
G1 X98.785 Y91.222 E2.93138
G1 X98.785 Y91.771 E2.95779
G1 X99.215 Y92.2 E2.987
G1 X99.215 Y92.749 E3.01341
G1 X98.785 Y92.32 E3.04262
G1 X98.785 Y92.869 E3.06903
G1 X99.215 Y93.298 E3.09824
G1 X99.215 Y93.847 E3.12465
G1 X98.785 Y93.418 E3.15386
G1 X98.785 Y93.966 E3.18022
G1 X99.215 Y94.396 E3.20947
G1 X99.215 Y94.944 E3.23583
G1 X98.785 Y94.515 E3.26504
G1 X98.785 Y95.064 E3.29145
G1 X99.215 Y95.493 E3.32066
G1 X99.215 Y96.042 E3.34707
G1 X98.785 Y95.613 E3.37628
G1 X98.785 Y96.162 E3.40269
G1 X99.215 Y96.591 E3.4319
G1 X99.215 Y97.14 E3.45831
G1 X98.785 Y96.711 E3.48752
G1 X98.785 Y97.26 E3.51393
G1 X99.215 Y97.689 E3.54314
G1 X99.215 Y98.238 E3.56955
G1 X98.785 Y97.808 E3.5988
G1 X98.785 Y98.357 E3.62521
G1 X99.215 Y98.786 E3.65442
G1 X99.215 Y99.335 E3.68083
G1 X98.785 Y98.906 E3.71004
G1 X98.785 Y99.455 E3.73645
G1 X99.215 Y99.884 E3.76566
G1 X99.215 Y100.433 E3.79207
G1 X98.785 Y100.004 E3.82128
G1 X98.785 Y100.553 E3.84769
G1 X99.215 Y100.982 E3.8769
G1 X99.215 Y101.531 E3.90331
G1 X98.785 Y101.102 E3.93252
G1 X98.785 Y101.65 E3.95888
G1 X99.215 Y102.08 E3.98813
G1 X99.215 Y102.628 E4.01449
G1 X98.785 Y102.199 E4.0437
G1 X98.785 Y102.748 E4.07011
G1 X99.215 Y103.177 E4.09932
G1 X99.215 Y103.726 E4.12573
G1 X98.785 Y103.297 E4.15494
G1 X98.785 Y103.846 E4.18135
G1 X99.215 Y104.275 E4.21056
G1 X99.215 Y104.824 E4.23697
G1 X98.785 Y104.395 E4.26618
G1 X98.785 Y104.944 E4.29259
G1 X99.215 Y105.373 E4.3218
G1 X99.215 Y105.921 E4.34816
G1 X98.785 Y105.492 E4.37737
G1 X98.785 Y106.041 E4.40378
G1 X99.215 Y106.47 E4.43299
G1 X99.215 Y107.019 E4.4594
G1 X98.785 Y106.59 E4.48861
G1 X98.785 Y107.139 E4.51502
G1 X99.215 Y107.568 E4.54423
G1 X99.215 Y108.117 E4.57064
G1 X98.773 Y107.676 E4.60067
G1 X98.642 Y108.093 E4.62169
G1 X99.215 Y108.666 E4.66066
G1 X99.215 Y109.215 E4.68707
G1 X98.42 Y108.42 E4.74114
G1 X98.093 Y108.642 E4.76015
G1 X98.666 Y109.215 E4.79912
G1 X98.117 Y109.215 E4.82553
G1 X97.676 Y108.773 E4.85556
G1 X97.139 Y108.785 E4.88139
G1 X97.568 Y109.215 E4.9106
G1 X97.019 Y109.215 E4.93701
G1 X96.59 Y108.785 E4.96622
G1 X96.041 Y108.785 E4.99263
G1 X96.47 Y109.215 E5.02184
G1 X95.921 Y109.215 E5.04825
G1 X95.492 Y108.785 E5.07746
G1 X94.943 Y108.785 E5.10387
G1 X95.373 Y109.215 E5.13312
G1 X94.824 Y109.215 E5.15953
G1 X94.395 Y108.785 E5.18874
G1 X93.846 Y108.785 E5.21515
G1 X94.275 Y109.215 E5.24436
G1 X93.726 Y109.215 E5.27077
G1 X93.297 Y108.785 E5.29998
G1 X92.748 Y108.785 E5.32639
G1 X93.177 Y109.215 E5.3556
G1 X92.628 Y109.215 E5.38201
G1 X92.199 Y108.785 E5.41122
G1 X91.65 Y108.785 E5.43763
G1 X92.079 Y109.215 E5.46684
G1 X91.531 Y109.215 E5.4932
G1 X91.102 Y108.785 E5.52241
G1 X90.553 Y108.785 E5.54882
G1 X90.982 Y109.215 E5.57803
G1 X90.433 Y109.215 E5.60444
G1 X90.004 Y108.785 E5.63365
G1 X89.455 Y108.785 E5.66006
G1 X89.884 Y109.215 E5.68927
G1 X89.335 Y109.215 E5.71568
G1 X88.906 Y108.785 E5.74489
G1 X88.357 Y108.785 E5.7713
G1 X88.786 Y109.215 E5.80051
G1 X88.238 Y109.215 E5.82687
G1 X87.808 Y108.785 E5.85612
G1 X87.26 Y108.785 E5.88248
G1 X87.689 Y109.215 E5.91169
G1 X87.14 Y109.215 E5.9381
G1 X86.711 Y108.785 E5.96731
G1 X86.162 Y108.785 E5.99372
G1 X86.591 Y109.215 E6.02293
G1 X86.042 Y109.215 E6.04934
G1 X85.613 Y108.785 E6.07855
G1 X85.064 Y108.785 E6.10496
G1 X85.493 Y109.215 E6.13417
G1 X84.944 Y109.215 E6.16058
G1 X84.515 Y108.785 E6.18979
G1 X83.966 Y108.785 E6.2162
G1 X84.396 Y109.215 E6.24545
G1 X83.847 Y109.215 E6.27186
G1 X83.418 Y108.785 E6.30107
G1 X82.869 Y108.785 E6.32748
G1 X83.298 Y109.215 E6.35669
G1 X82.749 Y109.215 E6.3831
G1 X82.32 Y108.785 E6.41231
G1 X81.771 Y108.785 E6.43872
G1 X82.2 Y109.215 E6.46793
G1 X81.651 Y109.215 E6.49434
G1 X81.222 Y108.785 E6.52355
G1 X80.673 Y108.785 E6.54996
G1 X81.102 Y109.215 E6.57917
G1 X80.554 Y109.215 E6.60553
G1 X80.125 Y108.785 E6.63474
G1 X79.576 Y108.785 E6.66115
G1 X80.005 Y109.215 E6.69036
G1 X79.456 Y109.215 E6.71677
G1 X79.027 Y108.785 E6.74598
G1 X78.478 Y108.785 E6.77239
G1 X78.907 Y109.215 E6.8016
G1 X78.358 Y109.215 E6.82801
G1 X77.929 Y108.785 E6.85722
G1 X77.38 Y108.785 E6.88363
G1 X77.809 Y109.215 E6.91284
G1 X77.261 Y109.215 E6.9392
G1 X76.831 Y108.785 E6.96845
G1 X76.283 Y108.785 E6.99481
G1 X76.712 Y109.215 E7.02402
G1 X76.163 Y109.215 E7.05043
G1 X75.734 Y108.785 E7.07964
G1 X75.185 Y108.785 E7.10605
G1 X75.614 Y109.215 E7.13526
G1 X75.065 Y109.215 E7.16167
G1 X74.636 Y108.785 E7.19088
G1 X74.087 Y108.785 E7.21729
G1 X74.516 Y109.215 E7.2465
G1 X73.967 Y109.215 E7.27291
G1 X73.538 Y108.785 E7.30212
G1 X72.989 Y108.785 E7.32853
G1 X73.419 Y109.215 E7.35778
G1 X72.87 Y109.215 E7.38419
G1 X72.436 Y108.781 E7.41371
G1 X71.97 Y108.684 E7.4366
G1 X71.58 Y108.42 E7.45925
G1 X71.318 Y108.034 E7.48169
G1 X71.217 Y107.562 E7.50491
G1 X70.785 Y107.13 E7.53429
G1 X70.785 Y106.581 E7.5607
G1 X71.215 Y107.011 E7.58995
G1 X71.215 Y106.462 E7.61636
G1 X70.785 Y106.033 E7.64557
G1 X70.785 Y105.484 E7.67198
G1 X71.215 Y105.913 E7.70119
G1 X71.215 Y105.364 E7.7276
G1 X70.785 Y104.935 E7.75681
G1 X70.785 Y104.386 E7.78322
G1 X71.215 Y104.815 E7.81243
G1 X71.215 Y104.266 E7.83884
G1 X70.785 Y103.837 E7.86805
G1 X70.785 Y103.288 E7.89446
G1 X71.215 Y103.717 E7.92367
G1 X71.215 Y103.169 E7.95003
G1 X70.785 Y102.739 E7.97928
G1 X70.785 Y102.191 E8.00564
G1 X71.215 Y102.62 E8.03485
G1 X71.215 Y102.071 E8.06126
G1 X70.785 Y101.642 E8.09047
G1 X70.785 Y101.093 E8.11688
G1 X71.215 Y101.522 E8.14609
G1 X71.215 Y100.973 E8.1725
G1 X70.785 Y100.544 E8.20171
G1 X70.785 Y99.995 E8.22812
G1 X71.215 Y100.424 E8.25733
G1 X71.215 Y99.875 E8.28374
G1 X70.785 Y99.446 E8.31295
G1 X70.785 Y98.898 E8.33931
G1 X71.215 Y99.327 E8.36852
G1 X71.215 Y98.778 E8.39493
G1 X70.785 Y98.349 E8.42414
G1 X70.785 Y97.8 E8.45055
G1 X71.215 Y98.229 E8.47976
G1 X71.215 Y97.68 E8.50617
G1 X70.785 Y97.251 E8.53538
G1 X70.785 Y96.702 E8.56179
G1 X71.215 Y97.131 E8.591
G1 X71.215 Y96.582 E8.61741
G1 X70.785 Y96.153 E8.64662
G1 X70.785 Y95.604 E8.67303
G1 X71.215 Y96.034 E8.70228
G1 X71.215 Y95.485 E8.72869
G1 X70.785 Y95.056 E8.7579
G1 X70.785 Y94.507 E8.78431
G1 X71.215 Y94.936 E8.81352
G1 X71.215 Y94.387 E8.83993
G1 X70.785 Y93.958 E8.86914
G1 X70.785 Y93.409 E8.89555
G1 X71.215 Y93.838 E8.92476
G1 X71.215 Y93.289 E8.95117
G1 X70.785 Y92.86 E8.98038
G1 X70.785 Y92.311 E9.00679
G1 X71.215 Y92.74 E9.036
G1 X71.215 Y92.192 E9.06236
G1 X70.785 Y91.762 E9.09161
G1 X70.785 Y91.214 E9.11797
G1 X71.215 Y91.643 E9.14718
G1 X71.215 Y91.094 E9.17359
G1 X70.785 Y90.665 E9.2028
G1 X70.785 Y90.116 E9.22921
G1 X71.215 Y90.545 E9.25842
G1 X71.215 Y89.996 E9.28483
G1 X70.785 Y89.567 E9.31404
G1 X70.785 Y89.018 E9.34045
G1 X71.215 Y89.447 E9.36966
G1 X71.215 Y88.898 E9.39607
G1 X70.785 Y88.469 E9.42528
G1 X70.785 Y87.921 E9.45164
G1 X71.215 Y88.35 E9.48085
G1 X71.215 Y87.801 E9.50726
G1 X70.785 Y87.372 E9.53647
G1 X70.785 Y86.823 E9.56288
G1 X71.215 Y87.252 E9.59209
G1 X71.215 Y86.703 E9.6185
G1 X70.785 Y86.274 E9.64771
G1 X70.785 Y85.725 E9.67412
G1 X71.215 Y86.154 E9.70333
G1 X71.215 Y85.605 E9.72974
G1 X70.785 Y85.176 E9.75895
G1 X70.785 Y84.627 E9.78536
G1 X71.215 Y85.057 E9.81461
G1 X71.215 Y84.508 E9.84102
G1 X70.785 Y84.079 E9.87023
G1 X70.785 Y83.53 E9.89664
G1 X71.215 Y83.959 E9.92585
G1 X71.215 Y83.41 E9.95226
G1 X70.785 Y82.981 E9.98147
G1 X70.785 Y82.432 E10.00788
G1 X71.215 Y82.861 E10.03709
G1 X71.24 Y82.337 E10.06232
G1 X70.785 Y81.883 E10.09323
G1 X70.785 Y81.334 E10.11964
G1 X71.358 Y81.907 E10.15861
G1 X71.58 Y81.58 E10.17762
G1 X70.785 Y80.785 E10.23169
G1 X71.334 Y80.785 E10.2581
G1 X71.907 Y81.358 E10.29707
G1 X72.324 Y81.227 E10.31809
G1 X71.883 Y80.785 E10.34812
G1 X72.432 Y80.785 E10.37453
G1 X72.861 Y81.215 E10.40374
G1 X73.41 Y81.215 E10.43015
G1 X72.981 Y80.785 E10.45936
G1 X73.53 Y80.785 E10.48577
G1 X73.959 Y81.215 E10.51498
G1 X74.508 Y81.215 E10.54139
G1 X74.079 Y80.785 E10.5706
G1 X74.627 Y80.785 E10.59696
G1 X75.056 Y81.215 E10.62617
G1 X75.605 Y81.215 E10.65258
G1 X75.176 Y80.785 E10.68179
G1 X75.725 Y80.785 E10.7082
G1 X76.154 Y81.215 E10.73741
G1 X76.703 Y81.215 E10.76382
G1 X76.274 Y80.785 E10.79303
G1 X76.823 Y80.785 E10.81944
G1 X77.252 Y81.215 E10.84865
G1 X77.801 Y81.215 E10.87506
G1 X77.372 Y80.785 E10.90427
G1 X77.92 Y80.785 E10.93063
G1 X78.35 Y81.215 E10.95988
G1 X78.898 Y81.215 E10.98624
G1 X78.469 Y80.785 E11.01545
G1 X79.018 Y80.785 E11.04186
G1 X79.447 Y81.215 E11.07107
G1 X79.996 Y81.215 E11.09748
G1 X79.567 Y80.785 E11.12669
G1 X80.116 Y80.785 E11.1531
G1 X80.545 Y81.215 E11.18231
G1 X81.094 Y81.215 E11.20872
G1 X80.665 Y80.785 E11.23793
G1 X81.214 Y80.785 E11.26434
G1 X81.643 Y81.215 E11.29355
G1 X82.192 Y81.215 E11.31996
G1 X81.762 Y80.785 E11.34921
G1 X82.311 Y80.785 E11.37562
G1 X82.74 Y81.215 E11.40483
G1 X83.289 Y81.215 E11.43124
G1 X82.86 Y80.785 E11.46045
G1 X83.409 Y80.785 E11.48686
G1 X83.838 Y81.215 E11.51607
G1 X84.387 Y81.215 E11.54248
G1 X83.958 Y80.785 E11.57169
G1 X84.507 Y80.785 E11.5981
G1 X84.936 Y81.215 E11.62731
G1 X85.485 Y81.215 E11.65372
G1 X85.056 Y80.785 E11.68293
G1 X85.604 Y80.785 E11.70929
G1 X86.034 Y81.215 E11.73854
G1 X86.582 Y81.215 E11.7649
G1 X86.153 Y80.785 E11.79411
G1 X86.702 Y80.785 E11.82052
G1 X87.131 Y81.215 E11.84973
G1 X87.68 Y81.215 E11.87614
G1 X87.251 Y80.785 E11.90535
G1 X87.8 Y80.785 E11.93176
G1 X88.229 Y81.215 E11.96097
G1 X88.778 Y81.215 E11.98738
G1 X88.349 Y80.785 E12.01659
G1 X88.898 Y80.785 E12.043
G1 X89.327 Y81.215 E12.07221
G1 X89.875 Y81.215 E12.09857
G1 X89.446 Y80.785 E12.12778
G1 X89.995 Y80.785 E12.15419
G1 X90.424 Y81.215 E12.1834
G1 X90.973 Y81.215 E12.20981
G1 X90.544 Y80.785 E12.23902
G1 X91.093 Y80.785 E12.26543
G1 X91.522 Y81.215 E12.29464
G1 X92.071 Y81.215 E12.32105
G1 X91.642 Y80.785 E12.35026
G1 X92.191 Y80.785 E12.37667
G1 X92.62 Y81.215 E12.40588
G1 X93.169 Y81.215 E12.43229
G1 X92.739 Y80.785 E12.46154
G1 X93.288 Y80.785 E12.48795
G1 X93.717 Y81.215 E12.51716
G1 X94.266 Y81.215 E12.54357
G1 X93.837 Y80.785 E12.57278
G1 X94.386 Y80.785 E12.59919
G1 X94.815 Y81.215 E12.6284
G1 X95.364 Y81.215 E12.65481
G1 X94.935 Y80.785 E12.68402
G1 X95.484 Y80.785 E12.71043
G1 X95.913 Y81.215 E12.73964
G1 X96.462 Y81.215 E12.76605
G1 X96.033 Y80.785 E12.79526
G1 X96.581 Y80.785 E12.82162
G1 X97.011 Y81.215 E12.85087
G1 X97.564 Y81.219 E12.87747
G1 X97.13 Y80.785 E12.90699
G1 X97.679 Y80.785 E12.9334
G1 X99.215 Y82.321 E13.03788
G1 X99.215 Y81.772 E13.06429
G1 X98.228 Y80.785 E13.13142
G1 X98.777 Y80.785 E13.15783
G1 X99.388 Y81.397 E13.19942
G1 E11.19942 F2400
G92 E0
G1 X74.812 Y84.779 F7800
G1 E2 F2400
;TYPE:External perimeter
;WIDTH:0.583165
G1 F1800
G1 X74.876 Y84.765 E2.00424
;WIDTH:0.545178
G1 X74.968 Y84.746 E2.00987
;WIDTH:0.507191
G1 X95.032 Y84.746 E3.118
;WIDTH:0.545178
G1 X95.124 Y84.765 E3.12363
;WIDTH:0.583165
G1 X95.216 Y84.784 E3.12971
G1 X95.235 Y84.876 E3.13579
;WIDTH:0.545178
G1 X95.254 Y84.968 E3.14142
;WIDTH:0.507191
G1 X95.254 Y105.032 E4.24955
;WIDTH:0.545178
G1 X95.235 Y105.124 E4.25518
;WIDTH:0.583165
G1 X95.216 Y105.216 E4.26126
G1 X95.124 Y105.235 E4.26734
;WIDTH:0.545178
G1 X95.032 Y105.254 E4.27297
;WIDTH:0.507191
G1 X74.968 Y105.254 E5.3811
;WIDTH:0.545178
G1 X74.876 Y105.235 E5.38673
;WIDTH:0.583165
G1 X74.784 Y105.216 E5.39281
G1 X74.765 Y105.124 E5.39889
;WIDTH:0.545178
G1 X74.746 Y105.032 E5.40452
;WIDTH:0.507191
G1 X74.746 Y84.968 E6.51265
;WIDTH:0.545178
G1 X74.765 Y84.876 E6.51828
;WIDTH:0.583165
G1 X74.778 Y84.816 E6.52225
G1 X75.173 Y84.752 F7800
G1 E4.52225 F2400
G92 E0
G1 X95.658 Y105.658 F7800
G1 E2 F2400
G1 F1800
G1 X95.345 Y105.677 E2.02029
;WIDTH:0.545178
G1 X95.032 Y105.696 E2.03909
;WIDTH:0.507191
G1 X74.968 Y105.696 E3.14722
;WIDTH:0.545178
G1 X74.655 Y105.677 E3.16602
;WIDTH:0.583165
G1 X74.342 Y105.658 E3.18631
G1 X74.323 Y105.345 E3.2066
;WIDTH:0.545178
G1 X74.304 Y105.032 E3.2254
;WIDTH:0.507191
G1 X74.304 Y84.968 E4.33353
;WIDTH:0.545178
G1 X74.323 Y84.655 E4.35233
;WIDTH:0.583165
G1 X74.342 Y84.342 E4.37262
G1 X74.655 Y84.323 E4.39291
;WIDTH:0.545178
G1 X74.968 Y84.304 E4.41171
;WIDTH:0.507191
G1 X95.032 Y84.304 E5.51984
;WIDTH:0.545178
G1 X95.345 Y84.323 E5.53864
;WIDTH:0.583165
G1 X95.658 Y84.342 E5.55893
G1 X95.658 Y84.601 E5.57569
G1 X95.677 Y84.784 E5.58759
;WIDTH:0.545178
G1 X95.696 Y84.968 E5.59868
;WIDTH:0.507191
G1 X95.696 Y105.032 E6.70681
;WIDTH:0.510546
G1 X95.695 Y105.109 E6.7111
;WIDTH:0.546855
G1 X95.677 Y105.384 E6.72768
;WIDTH:0.583165
G1 X95.662 Y105.599 E6.74163
G1 X95.271 Y105.68 F7800
;LAYER_CHANGE
;Z:9.65
;HEIGHT:0.299999
G1 E4.74163 F2400
G92 E0
G1 Z9.65 F7800
G1 X98.21 Y108.217
G1 E2 F2400
;TYPE:Perimeter
;WIDTH:0.45
G1 F3600
G1 X97.915 Y108.417 E2.01714
G1 X97.532 Y108.496 E2.03595
G1 X72.468 Y108.496 E3.24144
G1 X72.085 Y108.417 E3.26025
G1 X71.786 Y108.214 E3.27763
G1 X71.583 Y107.915 E3.29501
G1 X71.504 Y107.532 E3.31382
G1 X71.504 Y82.468 E4.51931
G1 X71.583 Y82.085 E4.53812
G1 X71.786 Y81.786 E4.5555
G1 X72.085 Y81.583 E4.57288
G1 X72.468 Y81.504 E4.59169
G1 X97.532 Y81.504 E5.79718
G1 X97.915 Y81.583 E5.81599
G1 X98.214 Y81.786 E5.83337
G1 X98.417 Y82.085 E5.85075
G1 X98.496 Y82.468 E5.86956
G1 X98.496 Y107.532 E7.07505
G1 X98.417 Y107.915 E7.09386
G1 X98.245 Y108.169 E7.10861
G1 X97.943 Y107.938 F7800
G1 F3600
G1 X97.941 Y107.941 E7.10878
G1 X97.762 Y108.063 E7.1192
G1 X97.532 Y108.111 E7.1305
G1 X72.468 Y108.111 E8.33599
G1 X72.238 Y108.063 E8.34729
G1 X72.059 Y107.941 E8.35771
G1 X71.937 Y107.762 E8.36813
G1 X71.889 Y107.532 E8.37943
G1 X71.889 Y82.468 E9.58492
G1 X71.937 Y82.238 E9.59622
G1 X72.059 Y82.059 E9.60664
G1 X72.238 Y81.937 E9.61706
G1 X72.468 Y81.889 E9.62836
G1 X97.532 Y81.889 E10.83385
G1 X97.762 Y81.937 E10.84515
G1 X97.941 Y82.059 E10.85557
G1 X98.063 Y82.238 E10.86599
G1 X98.111 Y82.468 E10.87729
G1 X98.111 Y107.532 E12.08278
G1 X98.063 Y107.762 E12.09408
G1 X97.977 Y107.889 E12.10146
G1 X97.671 Y107.662 F7800
;TYPE:External perimeter
G1 F1800
G1 X97.669 Y107.669 E12.10181
G1 X97.532 Y107.725 E12.10893
G1 X72.468 Y107.725 E13.31442
G1 X72.331 Y107.669 E13.32154
G1 X72.275 Y107.532 E13.32866
G1 X72.275 Y82.468 E14.53415
G1 X72.331 Y82.331 E14.54127
G1 X72.468 Y82.275 E14.54839
G1 X97.532 Y82.275 E15.75388
G1 X97.669 Y82.331 E15.761
G1 X97.725 Y82.468 E15.76812
G1 X97.725 Y107.532 E16.97361
G1 X97.694 Y107.607 E16.97751
G1 X97.31 Y107.718 F7800
G1 E14.97751 F2400
G92 E0
G1 X70.496 Y80.496 F7800
G1 E2 F2400
;TYPE:Perimeter
G1 F3600
G1 X99.504 Y80.496 E3.39518
G1 X99.504 Y81.252 E3.43154
G1 X99.504 Y109.504 E4.79036
G1 X70.496 Y109.504 E6.18554
G1 X70.496 Y80.556 E7.57784
G1 X70.111 Y80.111 F7800
G1 F3600
G1 X99.889 Y80.111 E9.01006
G1 X99.889 Y81.252 E9.06494
G1 X99.889 Y109.889 E10.44228
G1 X70.111 Y109.889 E11.8745
G1 X70.111 Y80.171 E13.30383
G1 X69.725 Y79.725 F7800
;TYPE:External perimeter
G1 F1800
G1 X100.275 Y79.725 E14.77318
G1 X100.275 Y81.252 E14.84662
G1 X100.275 Y110.275 E16.24253
G1 X69.725 Y110.275 E17.71188
G1 X69.725 Y79.785 E19.17834
G1 X70.121 Y79.726 F7800
G1 X71.397 Y80.612
;TYPE:Internal infill
;WIDTH:0.45
G1 F4200
G1 X70.785 Y81.223 E19.21993
G1 X70.785 Y81.772 E19.24634
G1 X71.772 Y80.785 E19.31347
G1 X72.321 Y80.785 E19.33988
G1 X70.612 Y82.494 E19.45612
G1 E17.45612 F2400
G92 E0
G1 X96.957 Y109.388 F7800
G1 E2 F2400
G1 F4200
G1 X97.562 Y108.783 E2.04115
G1 X97.011 Y108.785 E2.06765
G1 X96.581 Y109.215 E2.0969
G1 X96.033 Y109.215 E2.12326
G1 X96.462 Y108.785 E2.15247
G1 X95.913 Y108.785 E2.17888
G1 X95.484 Y109.215 E2.20809
G1 X94.935 Y109.215 E2.2345
G1 X95.364 Y108.785 E2.26371
G1 X94.815 Y108.785 E2.29012
G1 X94.386 Y109.215 E2.31933
G1 X93.837 Y109.215 E2.34574
G1 X94.266 Y108.785 E2.37495
G1 X93.717 Y108.785 E2.40136
G1 X93.288 Y109.215 E2.43057
G1 X92.739 Y109.215 E2.45698
G1 X93.169 Y108.785 E2.48623
G1 X92.62 Y108.785 E2.51264
G1 X92.191 Y109.215 E2.54185
G1 X91.642 Y109.215 E2.56826
G1 X92.071 Y108.785 E2.59747
G1 X91.522 Y108.785 E2.62388
G1 X91.093 Y109.215 E2.65309
G1 X90.544 Y109.215 E2.6795
G1 X90.973 Y108.785 E2.70871
G1 X90.424 Y108.785 E2.73512
G1 X89.995 Y109.215 E2.76433
G1 X89.446 Y109.215 E2.79074
G1 X89.875 Y108.785 E2.81995
G1 X89.327 Y108.785 E2.84631
G1 X88.898 Y109.215 E2.87552
G1 X88.349 Y109.215 E2.90193
G1 X88.778 Y108.785 E2.93114
G1 X88.229 Y108.785 E2.95755
G1 X87.8 Y109.215 E2.98676
G1 X87.251 Y109.215 E3.01317
G1 X87.68 Y108.785 E3.04238
G1 X87.131 Y108.785 E3.06879
G1 X86.702 Y109.215 E3.098
G1 X86.153 Y109.215 E3.12441
G1 X86.582 Y108.785 E3.15362
G1 X86.034 Y108.785 E3.17998
G1 X85.604 Y109.215 E3.20923
G1 X85.056 Y109.215 E3.23559
G1 X85.485 Y108.785 E3.2648
G1 X84.936 Y108.785 E3.29121
G1 X84.507 Y109.215 E3.32042
G1 X83.958 Y109.215 E3.34683
G1 X84.387 Y108.785 E3.37604
G1 X83.838 Y108.785 E3.40245
G1 X83.409 Y109.215 E3.43166
G1 X82.86 Y109.215 E3.45807
G1 X83.289 Y108.785 E3.48728
G1 X82.74 Y108.785 E3.51369
G1 X82.311 Y109.215 E3.5429
G1 X81.762 Y109.215 E3.56931
G1 X82.192 Y108.785 E3.59856
G1 X81.643 Y108.785 E3.62497
G1 X81.214 Y109.215 E3.65418
G1 X80.665 Y109.215 E3.68059
G1 X81.094 Y108.785 E3.7098
G1 X80.545 Y108.785 E3.73621
G1 X80.116 Y109.215 E3.76542
G1 X79.567 Y109.215 E3.79183
G1 X79.996 Y108.785 E3.82104
G1 X79.447 Y108.785 E3.84745
G1 X79.018 Y109.215 E3.87666
G1 X78.469 Y109.215 E3.90307
G1 X78.898 Y108.785 E3.93228
G1 X78.35 Y108.785 E3.95864
G1 X77.92 Y109.215 E3.98789
G1 X77.372 Y109.215 E4.01425
G1 X77.801 Y108.785 E4.04346
G1 X77.252 Y108.785 E4.06987
G1 X76.823 Y109.215 E4.09908
G1 X76.274 Y109.215 E4.12549
G1 X76.703 Y108.785 E4.1547
G1 X76.154 Y108.785 E4.18111
G1 X75.725 Y109.215 E4.21032
G1 X75.176 Y109.215 E4.23673
G1 X75.605 Y108.785 E4.26594
G1 X75.056 Y108.785 E4.29235
G1 X74.627 Y109.215 E4.32156
G1 X74.079 Y109.215 E4.34792
G1 X74.508 Y108.785 E4.37713
G1 X73.959 Y108.785 E4.40354
G1 X73.53 Y109.215 E4.43275
G1 X72.981 Y109.215 E4.45916
G1 X73.41 Y108.785 E4.48837
G1 X72.861 Y108.785 E4.51478
G1 X72.432 Y109.215 E4.54399
G1 X71.883 Y109.215 E4.5704
G1 X72.337 Y108.76 E4.60131
G1 X71.907 Y108.642 E4.62276
G1 X71.334 Y109.215 E4.66173
G1 X70.785 Y109.215 E4.68814
G1 X71.58 Y108.42 E4.74221
G1 X71.358 Y108.093 E4.76122
G1 X70.785 Y108.666 E4.80019
G1 X70.785 Y108.117 E4.8266
G1 X71.227 Y107.676 E4.85663
G1 X71.215 Y107.139 E4.88246
G1 X70.785 Y107.568 E4.91167
G1 X70.785 Y107.019 E4.93808
G1 X71.215 Y106.59 E4.96729
G1 X71.215 Y106.041 E4.9937
G1 X70.785 Y106.47 E5.02291
G1 X70.785 Y105.921 E5.04932
G1 X71.215 Y105.492 E5.07853
G1 X71.215 Y104.943 E5.10494
G1 X70.785 Y105.373 E5.13419
G1 X70.785 Y104.824 E5.1606
G1 X71.215 Y104.395 E5.18981
G1 X71.215 Y103.846 E5.21622
G1 X70.785 Y104.275 E5.24543
G1 X70.785 Y103.726 E5.27184
G1 X71.215 Y103.297 E5.30105
G1 X71.215 Y102.748 E5.32746
G1 X70.785 Y103.177 E5.35667
G1 X70.785 Y102.628 E5.38308
G1 X71.215 Y102.199 E5.41229
G1 X71.215 Y101.65 E5.4387
G1 X70.785 Y102.079 E5.46791
G1 X70.785 Y101.531 E5.49427
G1 X71.215 Y101.102 E5.52348
G1 X71.215 Y100.553 E5.54989
G1 X70.785 Y100.982 E5.5791
G1 X70.785 Y100.433 E5.60551
G1 X71.215 Y100.004 E5.63472
G1 X71.215 Y99.455 E5.66113
G1 X70.785 Y99.884 E5.69034
G1 X70.785 Y99.335 E5.71675
G1 X71.215 Y98.906 E5.74596
G1 X71.215 Y98.357 E5.77237
G1 X70.785 Y98.786 E5.80158
G1 X70.785 Y98.238 E5.82794
G1 X71.215 Y97.808 E5.85719
G1 X71.215 Y97.26 E5.88355
G1 X70.785 Y97.689 E5.91276
G1 X70.785 Y97.14 E5.93917
G1 X71.215 Y96.711 E5.96838
G1 X71.215 Y96.162 E5.99479
G1 X70.785 Y96.591 E6.024
G1 X70.785 Y96.042 E6.05041
G1 X71.215 Y95.613 E6.07962
G1 X71.215 Y95.064 E6.10603
G1 X70.785 Y95.493 E6.13524
G1 X70.785 Y94.944 E6.16165
G1 X71.215 Y94.515 E6.19086
G1 X71.215 Y93.966 E6.21727
G1 X70.785 Y94.396 E6.24652
G1 X70.785 Y93.847 E6.27293
G1 X71.215 Y93.418 E6.30214
G1 X71.215 Y92.869 E6.32855
G1 X70.785 Y93.298 E6.35776
G1 X70.785 Y92.749 E6.38417
G1 X71.215 Y92.32 E6.41338
G1 X71.215 Y91.771 E6.43979
G1 X70.785 Y92.2 E6.469
G1 X70.785 Y91.651 E6.49541
G1 X71.215 Y91.222 E6.52462
G1 X71.215 Y90.673 E6.55103
G1 X70.785 Y91.102 E6.58024
G1 X70.785 Y90.554 E6.6066
G1 X71.215 Y90.125 E6.63581
G1 X71.215 Y89.576 E6.66222
G1 X70.785 Y90.005 E6.69143
G1 X70.785 Y89.456 E6.71784
G1 X71.215 Y89.027 E6.74705
G1 X71.215 Y88.478 E6.77346
G1 X70.785 Y88.907 E6.80267
G1 X70.785 Y88.358 E6.82908
G1 X71.215 Y87.929 E6.85829
G1 X71.215 Y87.38 E6.8847
G1 X70.785 Y87.809 E6.91391
G1 X70.785 Y87.261 E6.94027
G1 X71.215 Y86.831 E6.96952
G1 X71.215 Y86.283 E6.99588
G1 X70.785 Y86.712 E7.02509
G1 X70.785 Y86.163 E7.0515
G1 X71.215 Y85.734 E7.08071
G1 X71.215 Y85.185 E7.10712
G1 X70.785 Y85.614 E7.13633
G1 X70.785 Y85.065 E7.16274
G1 X71.215 Y84.636 E7.19195
G1 X71.215 Y84.087 E7.21836
G1 X70.785 Y84.516 E7.24757
G1 X70.785 Y83.967 E7.27398
G1 X71.215 Y83.538 E7.30319
G1 X71.215 Y82.989 E7.3296
G1 X70.785 Y83.419 E7.35885
G1 X70.785 Y82.87 E7.38526
G1 X71.219 Y82.436 E7.41478
G1 X71.316 Y81.97 E7.43767
G1 X71.58 Y81.58 E7.46032
G1 X71.966 Y81.318 E7.48276
G1 X72.438 Y81.217 E7.50598
G1 X72.87 Y80.785 E7.53536
G1 X73.419 Y80.785 E7.56177
G1 X72.989 Y81.215 E7.59102
G1 X73.538 Y81.215 E7.61743
G1 X73.967 Y80.785 E7.64664
G1 X74.516 Y80.785 E7.67305
G1 X74.087 Y81.215 E7.70226
G1 X74.636 Y81.215 E7.72867
G1 X75.065 Y80.785 E7.75788
G1 X75.614 Y80.785 E7.78429
G1 X75.185 Y81.215 E7.8135
G1 X75.734 Y81.215 E7.83991
G1 X76.163 Y80.785 E7.86912
G1 X76.712 Y80.785 E7.89553
G1 X76.283 Y81.215 E7.92474
G1 X76.831 Y81.215 E7.9511
G1 X77.261 Y80.785 E7.98035
G1 X77.809 Y80.785 E8.00671
G1 X77.38 Y81.215 E8.03592
G1 X77.929 Y81.215 E8.06233
G1 X78.358 Y80.785 E8.09154
G1 X78.907 Y80.785 E8.11795
G1 X78.478 Y81.215 E8.14716
G1 X79.027 Y81.215 E8.17357
G1 X79.456 Y80.785 E8.20278
G1 X80.005 Y80.785 E8.22919
G1 X79.576 Y81.215 E8.2584
G1 X80.125 Y81.215 E8.28481
G1 X80.554 Y80.785 E8.31402
G1 X81.102 Y80.785 E8.34038
G1 X80.673 Y81.215 E8.36959
G1 X81.222 Y81.215 E8.396
G1 X81.651 Y80.785 E8.42521
G1 X82.2 Y80.785 E8.45162
G1 X81.771 Y81.215 E8.48083
G1 X82.32 Y81.215 E8.50724
G1 X82.749 Y80.785 E8.53645
G1 X83.298 Y80.785 E8.56286
G1 X82.869 Y81.215 E8.59207
G1 X83.418 Y81.215 E8.61848
G1 X83.847 Y80.785 E8.64769
G1 X84.396 Y80.785 E8.6741
G1 X83.966 Y81.215 E8.70335
G1 X84.515 Y81.215 E8.72976
G1 X84.944 Y80.785 E8.75897
G1 X85.493 Y80.785 E8.78538
G1 X85.064 Y81.215 E8.81459
G1 X85.613 Y81.215 E8.841
G1 X86.042 Y80.785 E8.87021
G1 X86.591 Y80.785 E8.89662
G1 X86.162 Y81.215 E8.92583
G1 X86.711 Y81.215 E8.95224
G1 X87.14 Y80.785 E8.98145
G1 X87.689 Y80.785 E9.00786
G1 X87.26 Y81.215 E9.03707
G1 X87.808 Y81.215 E9.06343
G1 X88.238 Y80.785 E9.09268
G1 X88.786 Y80.785 E9.11904
G1 X88.357 Y81.215 E9.14825
G1 X88.906 Y81.215 E9.17466
G1 X89.335 Y80.785 E9.20387
G1 X89.884 Y80.785 E9.23028
G1 X89.455 Y81.215 E9.25949
G1 X90.004 Y81.215 E9.2859
G1 X90.433 Y80.785 E9.31511
G1 X90.982 Y80.785 E9.34152
G1 X90.553 Y81.215 E9.37073
G1 X91.102 Y81.215 E9.39714
G1 X91.531 Y80.785 E9.42635
G1 X92.079 Y80.785 E9.45271
G1 X91.65 Y81.215 E9.48192
G1 X92.199 Y81.215 E9.50833
G1 X92.628 Y80.785 E9.53754
G1 X93.177 Y80.785 E9.56395
G1 X92.748 Y81.215 E9.59316
G1 X93.297 Y81.215 E9.61957
G1 X93.726 Y80.785 E9.64878
G1 X94.275 Y80.785 E9.67519
G1 X93.846 Y81.215 E9.7044
G1 X94.395 Y81.215 E9.73081
G1 X94.824 Y80.785 E9.76002
G1 X95.373 Y80.785 E9.78643
G1 X94.943 Y81.215 E9.81568
G1 X95.492 Y81.215 E9.84209
G1 X95.921 Y80.785 E9.8713
G1 X96.47 Y80.785 E9.89771
G1 X96.041 Y81.215 E9.92692
G1 X96.59 Y81.215 E9.95333
G1 X97.019 Y80.785 E9.98254
G1 X97.568 Y80.785 E10.00895
G1 X97.139 Y81.215 E10.03816
G1 X97.663 Y81.24 E10.06339
G1 X98.117 Y80.785 E10.0943
G1 X98.666 Y80.785 E10.12071
G1 X98.093 Y81.358 E10.15968
G1 X98.42 Y81.58 E10.17869
G1 X99.215 Y80.785 E10.23276
G1 X99.215 Y81.334 E10.25917
G1 X98.642 Y81.907 E10.29814
G1 X98.76 Y82.337 E10.31959
G1 X99.215 Y81.883 E10.3505
G1 X99.215 Y82.432 E10.37691
G1 X98.785 Y82.861 E10.40612
G1 X98.785 Y83.41 E10.43253
G1 X99.215 Y82.981 E10.46174
G1 X99.215 Y83.53 E10.48815
G1 X98.785 Y83.959 E10.51736
G1 X98.785 Y84.508 E10.54377
G1 X99.215 Y84.079 E10.57298
G1 X99.215 Y84.627 E10.59934
G1 X98.785 Y85.056 E10.62855
G1 X98.785 Y85.605 E10.65496
G1 X99.215 Y85.176 E10.68417
G1 X99.215 Y85.725 E10.71058
G1 X98.785 Y86.154 E10.73979
G1 X98.785 Y86.703 E10.7662
G1 X99.215 Y86.274 E10.79541
G1 X99.215 Y86.823 E10.82182
G1 X98.785 Y87.252 E10.85103
G1 X98.785 Y87.801 E10.87744
G1 X99.215 Y87.372 E10.90665
G1 X99.215 Y87.921 E10.93306
G1 X98.785 Y88.35 E10.96227
G1 X98.785 Y88.898 E10.98863
G1 X99.215 Y88.469 E11.01784
G1 X99.215 Y89.018 E11.04425
G1 X98.785 Y89.447 E11.07346
G1 X98.785 Y89.996 E11.09987
G1 X99.215 Y89.567 E11.12908
G1 X99.215 Y90.116 E11.15549
G1 X98.785 Y90.545 E11.1847
G1 X98.785 Y91.094 E11.21111
G1 X99.215 Y90.665 E11.24032
G1 X99.215 Y91.214 E11.26673
G1 X98.785 Y91.643 E11.29594
G1 X98.785 Y92.192 E11.32235
G1 X99.215 Y91.762 E11.3516
G1 X99.215 Y92.311 E11.37801
G1 X98.785 Y92.74 E11.40722
G1 X98.785 Y93.289 E11.43363
G1 X99.215 Y92.86 E11.46284
G1 X99.215 Y93.409 E11.48925
G1 X98.785 Y93.838 E11.51846
G1 X98.785 Y94.387 E11.54487
G1 X99.215 Y93.958 E11.57408
G1 X99.215 Y94.507 E11.60049
G1 X98.785 Y94.936 E11.6297
G1 X98.785 Y95.485 E11.65611
G1 X99.215 Y95.056 E11.68532
G1 X99.215 Y95.604 E11.71168
G1 X98.785 Y96.034 E11.74093
G1 X98.785 Y96.582 E11.76729
G1 X99.215 Y96.153 E11.7965
G1 X99.215 Y96.702 E11.82291
G1 X98.785 Y97.131 E11.85212
G1 X98.785 Y97.68 E11.87853
G1 X99.215 Y97.251 E11.90774
G1 X99.215 Y97.8 E11.93415
G1 X98.785 Y98.229 E11.96336
G1 X98.785 Y98.778 E11.98977
G1 X99.215 Y98.349 E12.01898
G1 X99.215 Y98.898 E12.04539
G1 X98.785 Y99.327 E12.0746
G1 X98.785 Y99.875 E12.10096
G1 X99.215 Y99.446 E12.13017
G1 X99.215 Y99.995 E12.15658
G1 X98.785 Y100.424 E12.18579
G1 X98.785 Y100.973 E12.2122
G1 X99.215 Y100.544 E12.24141
G1 X99.215 Y101.093 E12.26782
G1 X98.785 Y101.522 E12.29703
G1 X98.785 Y102.071 E12.32344
G1 X99.215 Y101.642 E12.35265
G1 X99.215 Y102.191 E12.37906
G1 X98.785 Y102.62 E12.40827
G1 X98.785 Y103.169 E12.43468
G1 X99.215 Y102.739 E12.46393
G1 X99.215 Y103.288 E12.49034
G1 X98.785 Y103.717 E12.51955
G1 X98.785 Y104.266 E12.54596
G1 X99.215 Y103.837 E12.57517
G1 X99.215 Y104.386 E12.60158
G1 X98.785 Y104.815 E12.63079
G1 X98.785 Y105.364 E12.6572
G1 X99.215 Y104.935 E12.68641
G1 X99.215 Y105.484 E12.71282
G1 X98.785 Y105.913 E12.74203
G1 X98.785 Y106.462 E12.76844
G1 X99.215 Y106.033 E12.79765
G1 X99.215 Y106.581 E12.82401
G1 X98.785 Y107.011 E12.85326
G1 X98.783 Y107.562 E12.87976
G1 X99.215 Y107.13 E12.90914
G1 X99.215 Y107.679 E12.93555
G1 X97.679 Y109.215 E13.04003
G1 X98.228 Y109.215 E13.06644
G1 X99.215 Y108.228 E13.13357
G1 X99.215 Y108.777 E13.15998
G1 X98.603 Y109.388 E13.20157
G1 E11.20157 F2400
G92 E0
G1 X74.812 Y84.779 F7800
G1 E2 F2400
;TYPE:External perimeter
;WIDTH:0.583165
G1 F1800
G1 X74.876 Y84.765 E2.00424
;WIDTH:0.545178
G1 X74.968 Y84.746 E2.00987
;WIDTH:0.507191
G1 X95.032 Y84.746 E3.118
;WIDTH:0.545178
G1 X95.124 Y84.765 E3.12363
;WIDTH:0.583165
G1 X95.216 Y84.784 E3.12971
G1 X95.235 Y84.876 E3.13579
;WIDTH:0.545178
G1 X95.254 Y84.968 E3.14142
;WIDTH:0.507191
G1 X95.254 Y105.032 E4.24955
;WIDTH:0.545178
G1 X95.235 Y105.124 E4.25518
;WIDTH:0.583165
G1 X95.216 Y105.216 E4.26126
G1 X95.124 Y105.235 E4.26734
;WIDTH:0.545178
G1 X95.032 Y105.254 E4.27297
;WIDTH:0.507191
G1 X74.968 Y105.254 E5.3811
;WIDTH:0.545178
G1 X74.876 Y105.235 E5.38673
;WIDTH:0.583165
G1 X74.784 Y105.216 E5.39281
G1 X74.765 Y105.124 E5.39889
;WIDTH:0.545178
G1 X74.746 Y105.032 E5.40452
;WIDTH:0.507191
G1 X74.746 Y84.968 E6.51265
;WIDTH:0.545178
G1 X74.765 Y84.876 E6.51828
;WIDTH:0.583165
G1 X74.778 Y84.816 E6.52225
G1 X75.173 Y84.752 F7800
G1 E4.52225 F2400
G92 E0
G1 X95.658 Y105.658 F7800
G1 E2 F2400
G1 F1800
G1 X95.345 Y105.677 E2.02029
;WIDTH:0.545178
G1 X95.032 Y105.696 E2.03909
;WIDTH:0.507191
G1 X74.968 Y105.696 E3.14722
;WIDTH:0.545178
G1 X74.655 Y105.677 E3.16602
;WIDTH:0.583165
G1 X74.342 Y105.658 E3.18631
G1 X74.323 Y105.345 E3.2066
;WIDTH:0.545178
G1 X74.304 Y105.032 E3.2254
;WIDTH:0.507191
G1 X74.304 Y84.968 E4.33353
;WIDTH:0.545178
G1 X74.323 Y84.655 E4.35233
;WIDTH:0.583165
G1 X74.342 Y84.342 E4.37262
G1 X74.655 Y84.323 E4.39291
;WIDTH:0.545178
G1 X74.968 Y84.304 E4.41171
;WIDTH:0.507191
G1 X95.032 Y84.304 E5.51984
;WIDTH:0.545178
G1 X95.345 Y84.323 E5.53864
;WIDTH:0.583165
G1 X95.658 Y84.342 E5.55893
G1 X95.658 Y84.601 E5.57569
G1 X95.677 Y84.784 E5.58759
;WIDTH:0.545178
G1 X95.696 Y84.968 E5.59868
;WIDTH:0.507191
G1 X95.696 Y105.032 E6.70681
;WIDTH:0.510546
G1 X95.695 Y105.109 E6.7111
;WIDTH:0.546855
G1 X95.677 Y105.384 E6.72768
;WIDTH:0.583165
G1 X95.662 Y105.599 E6.74163
G1 X95.271 Y105.68 F7800
;LAYER_CHANGE
;Z:9.95
;HEIGHT:0.3
G1 E4.74163 F2400
G92 E0
G1 Z9.95 F7800
G1 X98.21 Y108.217
G1 E2 F2400
;TYPE:Perimeter
;WIDTH:0.45
G1 F3600
G1 X97.915 Y108.417 E2.01714
G1 X97.532 Y108.496 E2.03595
G1 X72.468 Y108.496 E3.24144
G1 X72.085 Y108.417 E3.26025
G1 X71.786 Y108.214 E3.27763
G1 X71.583 Y107.915 E3.29501
G1 X71.504 Y107.532 E3.31382
G1 X71.504 Y82.468 E4.51931
G1 X71.583 Y82.085 E4.53812
G1 X71.786 Y81.786 E4.5555
G1 X72.085 Y81.583 E4.57288
G1 X72.468 Y81.504 E4.59169
G1 X97.532 Y81.504 E5.79718
G1 X97.915 Y81.583 E5.81599
G1 X98.214 Y81.786 E5.83337
G1 X98.417 Y82.085 E5.85075
G1 X98.496 Y82.468 E5.86956
G1 X98.496 Y107.532 E7.07505
G1 X98.417 Y107.915 E7.09386
G1 X98.245 Y108.169 E7.10861
G1 X97.943 Y107.938 F7800
G1 F3600
G1 X97.941 Y107.941 E7.10878
G1 X97.762 Y108.063 E7.1192
G1 X97.532 Y108.111 E7.1305
G1 X72.468 Y108.111 E8.33599
G1 X72.238 Y108.063 E8.34729
G1 X72.059 Y107.941 E8.35771
G1 X71.937 Y107.762 E8.36813
G1 X71.889 Y107.532 E8.37943
G1 X71.889 Y82.468 E9.58492
G1 X71.937 Y82.238 E9.59622
G1 X72.059 Y82.059 E9.60664
G1 X72.238 Y81.937 E9.61706
G1 X72.468 Y81.889 E9.62836
G1 X97.532 Y81.889 E10.83385
G1 X97.762 Y81.937 E10.84515
G1 X97.941 Y82.059 E10.85557
G1 X98.063 Y82.238 E10.86599
G1 X98.111 Y82.468 E10.87729
G1 X98.111 Y107.532 E12.08278
G1 X98.063 Y107.762 E12.09408
G1 X97.977 Y107.889 E12.10146
G1 X97.671 Y107.662 F7800
;TYPE:External perimeter
G1 F1800
G1 X97.669 Y107.669 E12.10181
G1 X97.532 Y107.725 E12.10893
G1 X72.468 Y107.725 E13.31442
G1 X72.331 Y107.669 E13.32154
G1 X72.275 Y107.532 E13.32866
G1 X72.275 Y82.468 E14.53415
G1 X72.331 Y82.331 E14.54127
G1 X72.468 Y82.275 E14.54839
G1 X97.532 Y82.275 E15.75388
G1 X97.669 Y82.331 E15.761
G1 X97.725 Y82.468 E15.76812
G1 X97.725 Y107.532 E16.97361
G1 X97.694 Y107.607 E16.97751
G1 X97.31 Y107.718 F7800
G1 E14.97751 F2400
G92 E0
G1 X70.496 Y80.496 F7800
G1 E2 F2400
;TYPE:Perimeter
G1 F3600
G1 X99.504 Y80.496 E3.39518
G1 X99.504 Y81.252 E3.43154
G1 X99.504 Y109.504 E4.79036
G1 X70.496 Y109.504 E6.18554
G1 X70.496 Y80.556 E7.57784
G1 X70.111 Y80.111 F7800
G1 F3600
G1 X99.889 Y80.111 E9.01006
G1 X99.889 Y81.252 E9.06494
G1 X99.889 Y109.889 E10.44228
G1 X70.111 Y109.889 E11.8745
G1 X70.111 Y80.171 E13.30383
G1 X69.725 Y79.725 F7800
;TYPE:External perimeter
G1 F1800
G1 X100.275 Y79.725 E14.77318
G1 X100.275 Y81.252 E14.84662
G1 X100.275 Y110.275 E16.24253
G1 X69.725 Y110.275 E17.71188
G1 X69.725 Y79.785 E19.17834
G1 X70.121 Y79.726 F7800
G1 E17.17834 F2400
G92 E0
G1 X70.612 Y108.603 F7800
G1 E2 F2400
;TYPE:Internal infill
;WIDTH:0.45
G1 F4200
G1 X71.223 Y109.215 E2.04159
G1 X71.772 Y109.215 E2.068
G1 X70.785 Y108.228 E2.13513
G1 X70.785 Y107.679 E2.16154
G1 X72.494 Y109.388 E2.27778
G1 E.27778 F2400
G92 E0
G1 X99.388 Y83.043 F7800
G1 E2 F2400
G1 F4200
G1 X98.781 Y82.436 E2.04129
G1 X98.785 Y82.989 E2.06789
G1 X99.215 Y83.419 E2.09714
G1 X99.215 Y83.967 E2.1235
G1 X98.785 Y83.538 E2.15271
G1 X98.785 Y84.087 E2.17912
G1 X99.215 Y84.516 E2.20833
G1 X99.215 Y85.065 E2.23474
G1 X98.785 Y84.636 E2.26395
G1 X98.785 Y85.185 E2.29036
G1 X99.215 Y85.614 E2.31957
G1 X99.215 Y86.163 E2.34598
G1 X98.785 Y85.734 E2.37519
G1 X98.785 Y86.283 E2.4016
G1 X99.215 Y86.712 E2.43081
G1 X99.215 Y87.261 E2.45722
G1 X98.785 Y86.831 E2.48647
G1 X98.785 Y87.38 E2.51288
G1 X99.215 Y87.809 E2.54209
G1 X99.215 Y88.358 E2.5685
G1 X98.785 Y87.929 E2.59771
G1 X98.785 Y88.478 E2.62412
G1 X99.215 Y88.907 E2.65333
G1 X99.215 Y89.456 E2.67974
G1 X98.785 Y89.027 E2.70895
G1 X98.785 Y89.576 E2.73536
G1 X99.215 Y90.005 E2.76457
G1 X99.215 Y90.554 E2.79098
G1 X98.785 Y90.125 E2.82019
G1 X98.785 Y90.673 E2.84655
G1 X99.215 Y91.102 E2.87576
G1 X99.215 Y91.651 E2.90217
G1 X98.785 Y91.222 E2.93138
G1 X98.785 Y91.771 E2.95779
G1 X99.215 Y92.2 E2.987
G1 X99.215 Y92.749 E3.01341
G1 X98.785 Y92.32 E3.04262
G1 X98.785 Y92.869 E3.06903
G1 X99.215 Y93.298 E3.09824
G1 X99.215 Y93.847 E3.12465
G1 X98.785 Y93.418 E3.15386
G1 X98.785 Y93.966 E3.18022
G1 X99.215 Y94.396 E3.20947
G1 X99.215 Y94.944 E3.23583
G1 X98.785 Y94.515 E3.26504
G1 X98.785 Y95.064 E3.29145
G1 X99.215 Y95.493 E3.32066
G1 X99.215 Y96.042 E3.34707
G1 X98.785 Y95.613 E3.37628
G1 X98.785 Y96.162 E3.40269
G1 X99.215 Y96.591 E3.4319
G1 X99.215 Y97.14 E3.45831
G1 X98.785 Y96.711 E3.48752
G1 X98.785 Y97.26 E3.51393
G1 X99.215 Y97.689 E3.54314
G1 X99.215 Y98.238 E3.56955
G1 X98.785 Y97.808 E3.5988
G1 X98.785 Y98.357 E3.62521
G1 X99.215 Y98.786 E3.65442
G1 X99.215 Y99.335 E3.68083
G1 X98.785 Y98.906 E3.71004
G1 X98.785 Y99.455 E3.73645
G1 X99.215 Y99.884 E3.76566
G1 X99.215 Y100.433 E3.79207
G1 X98.785 Y100.004 E3.82128
G1 X98.785 Y100.553 E3.84769
G1 X99.215 Y100.982 E3.8769
G1 X99.215 Y101.531 E3.90331
G1 X98.785 Y101.102 E3.93252
G1 X98.785 Y101.65 E3.95888
G1 X99.215 Y102.08 E3.98813
G1 X99.215 Y102.628 E4.01449
G1 X98.785 Y102.199 E4.0437
G1 X98.785 Y102.748 E4.07011
G1 X99.215 Y103.177 E4.09932
G1 X99.215 Y103.726 E4.12573
G1 X98.785 Y103.297 E4.15494
G1 X98.785 Y103.846 E4.18135
G1 X99.215 Y104.275 E4.21056
G1 X99.215 Y104.824 E4.23697
G1 X98.785 Y104.395 E4.26618
G1 X98.785 Y104.944 E4.29259
G1 X99.215 Y105.373 E4.3218
G1 X99.215 Y105.921 E4.34816
G1 X98.785 Y105.492 E4.37737
G1 X98.785 Y106.041 E4.40378
G1 X99.215 Y106.47 E4.43299
G1 X99.215 Y107.019 E4.4594
G1 X98.785 Y106.59 E4.48861
G1 X98.785 Y107.139 E4.51502
G1 X99.215 Y107.568 E4.54423
G1 X99.215 Y108.117 E4.57064
G1 X98.773 Y107.676 E4.60067
G1 X98.642 Y108.093 E4.62169
G1 X99.215 Y108.666 E4.66066
G1 X99.215 Y109.215 E4.68707
G1 X98.42 Y108.42 E4.74114
G1 X98.093 Y108.642 E4.76015
G1 X98.666 Y109.215 E4.79912
G1 X98.117 Y109.215 E4.82553
G1 X97.676 Y108.773 E4.85556
G1 X97.139 Y108.785 E4.88139
G1 X97.568 Y109.215 E4.9106
G1 X97.019 Y109.215 E4.93701
G1 X96.59 Y108.785 E4.96622
G1 X96.041 Y108.785 E4.99263
G1 X96.47 Y109.215 E5.02184
G1 X95.921 Y109.215 E5.04825
G1 X95.492 Y108.785 E5.07746
G1 X94.943 Y108.785 E5.10387
G1 X95.373 Y109.215 E5.13312
G1 X94.824 Y109.215 E5.15953
G1 X94.395 Y108.785 E5.18874
G1 X93.846 Y108.785 E5.21515
G1 X94.275 Y109.215 E5.24436
G1 X93.726 Y109.215 E5.27077
G1 X93.297 Y108.785 E5.29998
G1 X92.748 Y108.785 E5.32639
G1 X93.177 Y109.215 E5.3556
G1 X92.628 Y109.215 E5.38201
G1 X92.199 Y108.785 E5.41122
G1 X91.65 Y108.785 E5.43763
G1 X92.079 Y109.215 E5.46684
G1 X91.531 Y109.215 E5.4932
G1 X91.102 Y108.785 E5.52241
G1 X90.553 Y108.785 E5.54882
G1 X90.982 Y109.215 E5.57803
G1 X90.433 Y109.215 E5.60444
G1 X90.004 Y108.785 E5.63365
G1 X89.455 Y108.785 E5.66006
G1 X89.884 Y109.215 E5.68927
G1 X89.335 Y109.215 E5.71568
G1 X88.906 Y108.785 E5.74489
G1 X88.357 Y108.785 E5.7713
G1 X88.786 Y109.215 E5.80051
G1 X88.238 Y109.215 E5.82687
G1 X87.808 Y108.785 E5.85612
G1 X87.26 Y108.785 E5.88248
G1 X87.689 Y109.215 E5.91169
G1 X87.14 Y109.215 E5.9381
G1 X86.711 Y108.785 E5.96731
G1 X86.162 Y108.785 E5.99372
G1 X86.591 Y109.215 E6.02293
G1 X86.042 Y109.215 E6.04934
G1 X85.613 Y108.785 E6.07855
G1 X85.064 Y108.785 E6.10496
G1 X85.493 Y109.215 E6.13417
G1 X84.944 Y109.215 E6.16058
G1 X84.515 Y108.785 E6.18979
G1 X83.966 Y108.785 E6.2162
G1 X84.396 Y109.215 E6.24545
G1 X83.847 Y109.215 E6.27186
G1 X83.418 Y108.785 E6.30107
G1 X82.869 Y108.785 E6.32748
G1 X83.298 Y109.215 E6.35669
G1 X82.749 Y109.215 E6.3831
G1 X82.32 Y108.785 E6.41231
G1 X81.771 Y108.785 E6.43872
G1 X82.2 Y109.215 E6.46793
G1 X81.651 Y109.215 E6.49434
G1 X81.222 Y108.785 E6.52355
G1 X80.673 Y108.785 E6.54996
G1 X81.102 Y109.215 E6.57917
G1 X80.554 Y109.215 E6.60553
G1 X80.125 Y108.785 E6.63474
G1 X79.576 Y108.785 E6.66115
G1 X80.005 Y109.215 E6.69036
G1 X79.456 Y109.215 E6.71677
G1 X79.027 Y108.785 E6.74598
G1 X78.478 Y108.785 E6.77239
G1 X78.907 Y109.215 E6.8016
G1 X78.358 Y109.215 E6.82801
G1 X77.929 Y108.785 E6.85722
G1 X77.38 Y108.785 E6.88363
G1 X77.809 Y109.215 E6.91284
G1 X77.261 Y109.215 E6.9392
G1 X76.831 Y108.785 E6.96845
G1 X76.283 Y108.785 E6.99481
G1 X76.712 Y109.215 E7.02402
G1 X76.163 Y109.215 E7.05043
G1 X75.734 Y108.785 E7.07964
G1 X75.185 Y108.785 E7.10605
G1 X75.614 Y109.215 E7.13526
G1 X75.065 Y109.215 E7.16167
G1 X74.636 Y108.785 E7.19088
G1 X74.087 Y108.785 E7.21729
G1 X74.516 Y109.215 E7.2465
G1 X73.967 Y109.215 E7.27291
G1 X73.538 Y108.785 E7.30212
G1 X72.989 Y108.785 E7.32853
G1 X73.419 Y109.215 E7.35778
G1 X72.87 Y109.215 E7.38419
G1 X72.436 Y108.781 E7.41371
G1 X71.97 Y108.684 E7.4366
G1 X71.58 Y108.42 E7.45925
G1 X71.318 Y108.034 E7.48169
G1 X71.217 Y107.562 E7.50491
G1 X70.785 Y107.13 E7.53429
G1 X70.785 Y106.581 E7.5607
G1 X71.215 Y107.011 E7.58995
G1 X71.215 Y106.462 E7.61636
G1 X70.785 Y106.033 E7.64557
G1 X70.785 Y105.484 E7.67198
G1 X71.215 Y105.913 E7.70119
G1 X71.215 Y105.364 E7.7276
G1 X70.785 Y104.935 E7.75681
G1 X70.785 Y104.386 E7.78322
G1 X71.215 Y104.815 E7.81243
G1 X71.215 Y104.266 E7.83884
G1 X70.785 Y103.837 E7.86805
G1 X70.785 Y103.288 E7.89446
G1 X71.215 Y103.717 E7.92367
G1 X71.215 Y103.169 E7.95003
G1 X70.785 Y102.739 E7.97928
G1 X70.785 Y102.191 E8.00564
G1 X71.215 Y102.62 E8.03485
G1 X71.215 Y102.071 E8.06126
G1 X70.785 Y101.642 E8.09047
G1 X70.785 Y101.093 E8.11688
G1 X71.215 Y101.522 E8.14609
G1 X71.215 Y100.973 E8.1725
G1 X70.785 Y100.544 E8.20171
G1 X70.785 Y99.995 E8.22812
G1 X71.215 Y100.424 E8.25733
G1 X71.215 Y99.875 E8.28374
G1 X70.785 Y99.446 E8.31295
G1 X70.785 Y98.898 E8.33931
G1 X71.215 Y99.327 E8.36852
G1 X71.215 Y98.778 E8.39493
G1 X70.785 Y98.349 E8.42414
G1 X70.785 Y97.8 E8.45055
G1 X71.215 Y98.229 E8.47976
G1 X71.215 Y97.68 E8.50617
G1 X70.785 Y97.251 E8.53538
G1 X70.785 Y96.702 E8.56179
G1 X71.215 Y97.131 E8.591
G1 X71.215 Y96.582 E8.61741
G1 X70.785 Y96.153 E8.64662
G1 X70.785 Y95.604 E8.67303
G1 X71.215 Y96.034 E8.70228
G1 X71.215 Y95.485 E8.72869
G1 X70.785 Y95.056 E8.7579
G1 X70.785 Y94.507 E8.78431
G1 X71.215 Y94.936 E8.81352
G1 X71.215 Y94.387 E8.83993
G1 X70.785 Y93.958 E8.86914
G1 X70.785 Y93.409 E8.89555
G1 X71.215 Y93.838 E8.92476
G1 X71.215 Y93.289 E8.95117
G1 X70.785 Y92.86 E8.98038
G1 X70.785 Y92.311 E9.00679
G1 X71.215 Y92.74 E9.036
G1 X71.215 Y92.192 E9.06236
G1 X70.785 Y91.762 E9.09161
G1 X70.785 Y91.214 E9.11797
G1 X71.215 Y91.643 E9.14718
G1 X71.215 Y91.094 E9.17359
G1 X70.785 Y90.665 E9.2028
G1 X70.785 Y90.116 E9.22921
G1 X71.215 Y90.545 E9.25842
G1 X71.215 Y89.996 E9.28483
G1 X70.785 Y89.567 E9.31404
G1 X70.785 Y89.018 E9.34045
G1 X71.215 Y89.447 E9.36966
G1 X71.215 Y88.898 E9.39607
G1 X70.785 Y88.469 E9.42528
G1 X70.785 Y87.921 E9.45164
G1 X71.215 Y88.35 E9.48085
G1 X71.215 Y87.801 E9.50726
G1 X70.785 Y87.372 E9.53647
G1 X70.785 Y86.823 E9.56288
G1 X71.215 Y87.252 E9.59209
G1 X71.215 Y86.703 E9.6185
G1 X70.785 Y86.274 E9.64771
G1 X70.785 Y85.725 E9.67412
G1 X71.215 Y86.154 E9.70333
G1 X71.215 Y85.605 E9.72974
G1 X70.785 Y85.176 E9.75895
G1 X70.785 Y84.627 E9.78536
G1 X71.215 Y85.057 E9.81461
G1 X71.215 Y84.508 E9.84102
G1 X70.785 Y84.079 E9.87023
G1 X70.785 Y83.53 E9.89664
G1 X71.215 Y83.959 E9.92585
G1 X71.215 Y83.41 E9.95226
G1 X70.785 Y82.981 E9.98147
G1 X70.785 Y82.432 E10.00788
G1 X71.215 Y82.861 E10.03709
G1 X71.24 Y82.337 E10.06232
G1 X70.785 Y81.883 E10.09323
G1 X70.785 Y81.334 E10.11964
G1 X71.358 Y81.907 E10.15861
G1 X71.58 Y81.58 E10.17762
G1 X70.785 Y80.785 E10.23169
G1 X71.334 Y80.785 E10.2581
G1 X71.907 Y81.358 E10.29707
G1 X72.324 Y81.227 E10.31809
G1 X71.883 Y80.785 E10.34812
G1 X72.432 Y80.785 E10.37453
G1 X72.861 Y81.215 E10.40374
G1 X73.41 Y81.215 E10.43015
G1 X72.981 Y80.785 E10.45936
G1 X73.53 Y80.785 E10.48577
G1 X73.959 Y81.215 E10.51498
G1 X74.508 Y81.215 E10.54139
G1 X74.079 Y80.785 E10.5706
G1 X74.627 Y80.785 E10.59696
G1 X75.056 Y81.215 E10.62617
G1 X75.605 Y81.215 E10.65258
G1 X75.176 Y80.785 E10.68179
G1 X75.725 Y80.785 E10.7082
G1 X76.154 Y81.215 E10.73741
G1 X76.703 Y81.215 E10.76382
G1 X76.274 Y80.785 E10.79303
G1 X76.823 Y80.785 E10.81944
G1 X77.252 Y81.215 E10.84865
G1 X77.801 Y81.215 E10.87506
G1 X77.372 Y80.785 E10.90427
G1 X77.92 Y80.785 E10.93063
G1 X78.35 Y81.215 E10.95988
G1 X78.898 Y81.215 E10.98624
G1 X78.469 Y80.785 E11.01545
G1 X79.018 Y80.785 E11.04186
G1 X79.447 Y81.215 E11.07107
G1 X79.996 Y81.215 E11.09748
G1 X79.567 Y80.785 E11.12669
G1 X80.116 Y80.785 E11.1531
G1 X80.545 Y81.215 E11.18231
G1 X81.094 Y81.215 E11.20872
G1 X80.665 Y80.785 E11.23793
G1 X81.214 Y80.785 E11.26434
G1 X81.643 Y81.215 E11.29355
G1 X82.192 Y81.215 E11.31996
G1 X81.762 Y80.785 E11.34921
G1 X82.311 Y80.785 E11.37562
G1 X82.74 Y81.215 E11.40483
G1 X83.289 Y81.215 E11.43124
G1 X82.86 Y80.785 E11.46045
G1 X83.409 Y80.785 E11.48686
G1 X83.838 Y81.215 E11.51607
G1 X84.387 Y81.215 E11.54248
G1 X83.958 Y80.785 E11.57169
G1 X84.507 Y80.785 E11.5981
G1 X84.936 Y81.215 E11.62731
G1 X85.485 Y81.215 E11.65372
G1 X85.056 Y80.785 E11.68293
G1 X85.604 Y80.785 E11.70929
G1 X86.034 Y81.215 E11.73854
G1 X86.582 Y81.215 E11.7649
G1 X86.153 Y80.785 E11.79411
G1 X86.702 Y80.785 E11.82052
G1 X87.131 Y81.215 E11.84973
G1 X87.68 Y81.215 E11.87614
G1 X87.251 Y80.785 E11.90535
G1 X87.8 Y80.785 E11.93176
G1 X88.229 Y81.215 E11.96097
G1 X88.778 Y81.215 E11.98738
G1 X88.349 Y80.785 E12.01659
G1 X88.898 Y80.785 E12.043
G1 X89.327 Y81.215 E12.07221
G1 X89.875 Y81.215 E12.09857
G1 X89.446 Y80.785 E12.12778
G1 X89.995 Y80.785 E12.15419
G1 X90.424 Y81.215 E12.1834
G1 X90.973 Y81.215 E12.20981
G1 X90.544 Y80.785 E12.23902
G1 X91.093 Y80.785 E12.26543
G1 X91.522 Y81.215 E12.29464
G1 X92.071 Y81.215 E12.32105
G1 X91.642 Y80.785 E12.35026
G1 X92.191 Y80.785 E12.37667
G1 X92.62 Y81.215 E12.40588
G1 X93.169 Y81.215 E12.43229
G1 X92.739 Y80.785 E12.46154
G1 X93.288 Y80.785 E12.48795
G1 X93.717 Y81.215 E12.51716
G1 X94.266 Y81.215 E12.54357
G1 X93.837 Y80.785 E12.57278
G1 X94.386 Y80.785 E12.59919
G1 X94.815 Y81.215 E12.6284
G1 X95.364 Y81.215 E12.65481
G1 X94.935 Y80.785 E12.68402
G1 X95.484 Y80.785 E12.71043
G1 X95.913 Y81.215 E12.73964
G1 X96.462 Y81.215 E12.76605
G1 X96.033 Y80.785 E12.79526
G1 X96.581 Y80.785 E12.82162
G1 X97.011 Y81.215 E12.85087
G1 X97.564 Y81.219 E12.87747
G1 X97.13 Y80.785 E12.90699
G1 X97.679 Y80.785 E12.9334
G1 X99.215 Y82.321 E13.03788
G1 X99.215 Y81.772 E13.06429
G1 X98.228 Y80.785 E13.13142
G1 X98.777 Y80.785 E13.15783
G1 X99.388 Y81.397 E13.19942
G1 E11.19942 F2400
G92 E0
G1 X74.812 Y84.779 F7800
G1 E2 F2400
;TYPE:External perimeter
;WIDTH:0.583165
G1 F1800
G1 X74.876 Y84.765 E2.00424
;WIDTH:0.545178
G1 X74.968 Y84.746 E2.00987
;WIDTH:0.507191
G1 X95.032 Y84.746 E3.118
;WIDTH:0.545178
G1 X95.124 Y84.765 E3.12363
;WIDTH:0.583165
G1 X95.216 Y84.784 E3.12971
G1 X95.235 Y84.876 E3.13579
;WIDTH:0.545178
G1 X95.254 Y84.968 E3.14142
;WIDTH:0.507191
G1 X95.254 Y105.032 E4.24955
;WIDTH:0.545178
G1 X95.235 Y105.124 E4.25518
;WIDTH:0.583165
G1 X95.216 Y105.216 E4.26126
G1 X95.124 Y105.235 E4.26734
;WIDTH:0.545178
G1 X95.032 Y105.254 E4.27297
;WIDTH:0.507191
G1 X74.968 Y105.254 E5.3811
;WIDTH:0.545178
G1 X74.876 Y105.235 E5.38673
;WIDTH:0.583165
G1 X74.784 Y105.216 E5.39281
G1 X74.765 Y105.124 E5.39889
;WIDTH:0.545178
G1 X74.746 Y105.032 E5.40452
;WIDTH:0.507191
G1 X74.746 Y84.968 E6.51265
;WIDTH:0.545178
G1 X74.765 Y84.876 E6.51828
;WIDTH:0.583165
G1 X74.778 Y84.816 E6.52225
G1 X75.173 Y84.752 F7800
G1 E4.52225 F2400
G92 E0
G1 X95.658 Y105.658 F7800
G1 E2 F2400
G1 F1800
G1 X95.345 Y105.677 E2.02029
;WIDTH:0.545178
G1 X95.032 Y105.696 E2.03909
;WIDTH:0.507191
G1 X74.968 Y105.696 E3.14722
;WIDTH:0.545178
G1 X74.655 Y105.677 E3.16602
;WIDTH:0.583165
G1 X74.342 Y105.658 E3.18631
G1 X74.323 Y105.345 E3.2066
;WIDTH:0.545178
G1 X74.304 Y105.032 E3.2254
;WIDTH:0.507191
G1 X74.304 Y84.968 E4.33353
;WIDTH:0.545178
G1 X74.323 Y84.655 E4.35233
;WIDTH:0.583165
G1 X74.342 Y84.342 E4.37262
G1 X74.655 Y84.323 E4.39291
;WIDTH:0.545178
G1 X74.968 Y84.304 E4.41171
;WIDTH:0.507191
G1 X95.032 Y84.304 E5.51984
;WIDTH:0.545178
G1 X95.345 Y84.323 E5.53864
;WIDTH:0.583165
G1 X95.658 Y84.342 E5.55893
G1 X95.658 Y84.601 E5.57569
G1 X95.677 Y84.784 E5.58759
;WIDTH:0.545178
G1 X95.696 Y84.968 E5.59868
;WIDTH:0.507191
G1 X95.696 Y105.032 E6.70681
;WIDTH:0.510546
G1 X95.695 Y105.109 E6.7111
;WIDTH:0.546855
G1 X95.677 Y105.384 E6.72768
;WIDTH:0.583165
G1 X95.662 Y105.599 E6.74163
G1 X95.271 Y105.68 F7800
;LAYER_CHANGE
;Z:10.25
;HEIGHT:0.3
G1 E4.74163 F2400
G92 E0
G1 Z10.25 F7800
G1 X98.21 Y108.217
G1 E2 F2400
;TYPE:Perimeter
;WIDTH:0.45
G1 F3600
G1 X97.915 Y108.417 E2.01714
G1 X97.532 Y108.496 E2.03595
G1 X72.468 Y108.496 E3.24144
G1 X72.085 Y108.417 E3.26025
G1 X71.786 Y108.214 E3.27763
G1 X71.583 Y107.915 E3.29501
G1 X71.504 Y107.532 E3.31382
G1 X71.504 Y82.468 E4.51931
G1 X71.583 Y82.085 E4.53812
G1 X71.786 Y81.786 E4.5555
G1 X72.085 Y81.583 E4.57288
G1 X72.468 Y81.504 E4.59169
G1 X97.532 Y81.504 E5.79718
G1 X97.915 Y81.583 E5.81599
G1 X98.214 Y81.786 E5.83337
G1 X98.417 Y82.085 E5.85075
G1 X98.496 Y82.468 E5.86956
G1 X98.496 Y107.532 E7.07505
G1 X98.417 Y107.915 E7.09386
G1 X98.245 Y108.169 E7.10861
G1 X97.943 Y107.938 F7800
G1 F3600
G1 X97.941 Y107.941 E7.10878
G1 X97.762 Y108.063 E7.1192
G1 X97.532 Y108.111 E7.1305
G1 X72.468 Y108.111 E8.33599
G1 X72.238 Y108.063 E8.34729
G1 X72.059 Y107.941 E8.35771
G1 X71.937 Y107.762 E8.36813
G1 X71.889 Y107.532 E8.37943
G1 X71.889 Y82.468 E9.58492
G1 X71.937 Y82.238 E9.59622
G1 X72.059 Y82.059 E9.60664
G1 X72.238 Y81.937 E9.61706
G1 X72.468 Y81.889 E9.62836
G1 X97.532 Y81.889 E10.83385
G1 X97.762 Y81.937 E10.84515
G1 X97.941 Y82.059 E10.85557
G1 X98.063 Y82.238 E10.86599
G1 X98.111 Y82.468 E10.87729
G1 X98.111 Y107.532 E12.08278
G1 X98.063 Y107.762 E12.09408
G1 X97.977 Y107.889 E12.10146
G1 X97.671 Y107.662 F7800
;TYPE:External perimeter
G1 F1800
G1 X97.669 Y107.669 E12.10181
G1 X97.532 Y107.725 E12.10893
G1 X72.468 Y107.725 E13.31442
G1 X72.331 Y107.669 E13.32154
G1 X72.275 Y107.532 E13.32866
G1 X72.275 Y82.468 E14.53415
G1 X72.331 Y82.331 E14.54127
G1 X72.468 Y82.275 E14.54839
G1 X97.532 Y82.275 E15.75388
G1 X97.669 Y82.331 E15.761
G1 X97.725 Y82.468 E15.76812
G1 X97.725 Y107.532 E16.97361
G1 X97.694 Y107.607 E16.97751
G1 X97.31 Y107.718 F7800
G1 E14.97751 F2400
G92 E0
G1 X70.496 Y80.496 F7800
G1 E2 F2400
;TYPE:Perimeter
G1 F3600
G1 X99.504 Y80.496 E3.39518
G1 X99.504 Y81.252 E3.43154
G1 X99.504 Y109.504 E4.79036
G1 X70.496 Y109.504 E6.18554
G1 X70.496 Y80.556 E7.57784
G1 X70.111 Y80.111 F7800
G1 F3600
G1 X99.889 Y80.111 E9.01006
G1 X99.889 Y81.252 E9.06494
G1 X99.889 Y109.889 E10.44228
G1 X70.111 Y109.889 E11.8745
G1 X70.111 Y80.171 E13.30383
G1 X69.725 Y79.725 F7800
;TYPE:External perimeter
G1 F1800
G1 X100.275 Y79.725 E14.77318
G1 X100.275 Y81.252 E14.84662
G1 X100.275 Y110.275 E16.24253
G1 X69.725 Y110.275 E17.71188
G1 X69.725 Y79.785 E19.17834
G1 X70.121 Y79.726 F7800
G1 X71.397 Y80.612
;TYPE:Internal infill
;WIDTH:0.45
G1 F4200
G1 X70.785 Y81.223 E19.21993
G1 X70.785 Y81.772 E19.24634
G1 X71.772 Y80.785 E19.31347
G1 X72.321 Y80.785 E19.33988
G1 X70.612 Y82.494 E19.45612
G1 E17.45612 F2400
G92 E0
G1 X96.957 Y109.388 F7800
G1 E2 F2400
G1 F4200
G1 X97.562 Y108.783 E2.04115
G1 X97.011 Y108.785 E2.06765
G1 X96.581 Y109.215 E2.0969
G1 X96.033 Y109.215 E2.12326
G1 X96.462 Y108.785 E2.15247
G1 X95.913 Y108.785 E2.17888
G1 X95.484 Y109.215 E2.20809
G1 X94.935 Y109.215 E2.2345
G1 X95.364 Y108.785 E2.26371
G1 X94.815 Y108.785 E2.29012
G1 X94.386 Y109.215 E2.31933
G1 X93.837 Y109.215 E2.34574
G1 X94.266 Y108.785 E2.37495
G1 X93.717 Y108.785 E2.40136
G1 X93.288 Y109.215 E2.43057
G1 X92.739 Y109.215 E2.45698
G1 X93.169 Y108.785 E2.48623
G1 X92.62 Y108.785 E2.51264
G1 X92.191 Y109.215 E2.54185
G1 X91.642 Y109.215 E2.56826
G1 X92.071 Y108.785 E2.59747
G1 X91.522 Y108.785 E2.62388
G1 X91.093 Y109.215 E2.65309
G1 X90.544 Y109.215 E2.6795
G1 X90.973 Y108.785 E2.70871
G1 X90.424 Y108.785 E2.73512
G1 X89.995 Y109.215 E2.76433
G1 X89.446 Y109.215 E2.79074
G1 X89.875 Y108.785 E2.81995
G1 X89.327 Y108.785 E2.84631
G1 X88.898 Y109.215 E2.87552
G1 X88.349 Y109.215 E2.90193
G1 X88.778 Y108.785 E2.93114
G1 X88.229 Y108.785 E2.95755
G1 X87.8 Y109.215 E2.98676
G1 X87.251 Y109.215 E3.01317
G1 X87.68 Y108.785 E3.04238
G1 X87.131 Y108.785 E3.06879
G1 X86.702 Y109.215 E3.098
G1 X86.153 Y109.215 E3.12441
G1 X86.582 Y108.785 E3.15362
G1 X86.034 Y108.785 E3.17998
G1 X85.604 Y109.215 E3.20923
G1 X85.056 Y109.215 E3.23559
G1 X85.485 Y108.785 E3.2648
G1 X84.936 Y108.785 E3.29121
G1 X84.507 Y109.215 E3.32042
G1 X83.958 Y109.215 E3.34683
G1 X84.387 Y108.785 E3.37604
G1 X83.838 Y108.785 E3.40245
G1 X83.409 Y109.215 E3.43166
G1 X82.86 Y109.215 E3.45807
G1 X83.289 Y108.785 E3.48728
G1 X82.74 Y108.785 E3.51369
G1 X82.311 Y109.215 E3.5429
G1 X81.762 Y109.215 E3.56931
G1 X82.192 Y108.785 E3.59856
G1 X81.643 Y108.785 E3.62497
G1 X81.214 Y109.215 E3.65418
G1 X80.665 Y109.215 E3.68059
G1 X81.094 Y108.785 E3.7098
G1 X80.545 Y108.785 E3.73621
G1 X80.116 Y109.215 E3.76542
G1 X79.567 Y109.215 E3.79183
G1 X79.996 Y108.785 E3.82104
G1 X79.447 Y108.785 E3.84745
G1 X79.018 Y109.215 E3.87666
G1 X78.469 Y109.215 E3.90307
G1 X78.898 Y108.785 E3.93228
G1 X78.35 Y108.785 E3.95864
G1 X77.92 Y109.215 E3.98789
G1 X77.372 Y109.215 E4.01425
G1 X77.801 Y108.785 E4.04346
G1 X77.252 Y108.785 E4.06987
G1 X76.823 Y109.215 E4.09908
G1 X76.274 Y109.215 E4.12549
G1 X76.703 Y108.785 E4.1547
G1 X76.154 Y108.785 E4.18111
G1 X75.725 Y109.215 E4.21032
G1 X75.176 Y109.215 E4.23673
G1 X75.605 Y108.785 E4.26594
G1 X75.056 Y108.785 E4.29235
G1 X74.627 Y109.215 E4.32156
G1 X74.079 Y109.215 E4.34792
G1 X74.508 Y108.785 E4.37713
G1 X73.959 Y108.785 E4.40354
G1 X73.53 Y109.215 E4.43275
G1 X72.981 Y109.215 E4.45916
G1 X73.41 Y108.785 E4.48837
G1 X72.861 Y108.785 E4.51478
G1 X72.432 Y109.215 E4.54399
G1 X71.883 Y109.215 E4.5704
G1 X72.337 Y108.76 E4.60131
G1 X71.907 Y108.642 E4.62276
G1 X71.334 Y109.215 E4.66173
G1 X70.785 Y109.215 E4.68814
G1 X71.58 Y108.42 E4.74221
G1 X71.358 Y108.093 E4.76122
G1 X70.785 Y108.666 E4.80019
G1 X70.785 Y108.117 E4.8266
G1 X71.227 Y107.676 E4.85663
G1 X71.215 Y107.139 E4.88246
G1 X70.785 Y107.568 E4.91167
G1 X70.785 Y107.019 E4.93808
G1 X71.215 Y106.59 E4.96729
G1 X71.215 Y106.041 E4.9937
G1 X70.785 Y106.47 E5.02291
G1 X70.785 Y105.921 E5.04932
G1 X71.215 Y105.492 E5.07853
G1 X71.215 Y104.943 E5.10494
G1 X70.785 Y105.373 E5.13419
G1 X70.785 Y104.824 E5.1606
G1 X71.215 Y104.395 E5.18981
G1 X71.215 Y103.846 E5.21622
G1 X70.785 Y104.275 E5.24543
G1 X70.785 Y103.726 E5.27184
G1 X71.215 Y103.297 E5.30105
G1 X71.215 Y102.748 E5.32746
G1 X70.785 Y103.177 E5.35667
G1 X70.785 Y102.628 E5.38308
G1 X71.215 Y102.199 E5.41229
G1 X71.215 Y101.65 E5.4387
G1 X70.785 Y102.079 E5.46791
G1 X70.785 Y101.531 E5.49427
G1 X71.215 Y101.102 E5.52348
G1 X71.215 Y100.553 E5.54989
G1 X70.785 Y100.982 E5.5791
G1 X70.785 Y100.433 E5.60551
G1 X71.215 Y100.004 E5.63472
G1 X71.215 Y99.455 E5.66113
G1 X70.785 Y99.884 E5.69034
G1 X70.785 Y99.335 E5.71675
G1 X71.215 Y98.906 E5.74596
G1 X71.215 Y98.357 E5.77237
G1 X70.785 Y98.786 E5.80158
G1 X70.785 Y98.238 E5.82794
G1 X71.215 Y97.808 E5.85719
G1 X71.215 Y97.26 E5.88355
G1 X70.785 Y97.689 E5.91276
G1 X70.785 Y97.14 E5.93917
G1 X71.215 Y96.711 E5.96838
G1 X71.215 Y96.162 E5.99479
G1 X70.785 Y96.591 E6.024
G1 X70.785 Y96.042 E6.05041
G1 X71.215 Y95.613 E6.07962
G1 X71.215 Y95.064 E6.10603
G1 X70.785 Y95.493 E6.13524
G1 X70.785 Y94.944 E6.16165
G1 X71.215 Y94.515 E6.19086
G1 X71.215 Y93.966 E6.21727
G1 X70.785 Y94.396 E6.24652
G1 X70.785 Y93.847 E6.27293
G1 X71.215 Y93.418 E6.30214
G1 X71.215 Y92.869 E6.32855
G1 X70.785 Y93.298 E6.35776
G1 X70.785 Y92.749 E6.38417
G1 X71.215 Y92.32 E6.41338
G1 X71.215 Y91.771 E6.43979
G1 X70.785 Y92.2 E6.469
G1 X70.785 Y91.651 E6.49541
G1 X71.215 Y91.222 E6.52462
G1 X71.215 Y90.673 E6.55103
G1 X70.785 Y91.102 E6.58024
G1 X70.785 Y90.554 E6.6066
G1 X71.215 Y90.125 E6.63581
G1 X71.215 Y89.576 E6.66222
G1 X70.785 Y90.005 E6.69143
G1 X70.785 Y89.456 E6.71784
G1 X71.215 Y89.027 E6.74705
G1 X71.215 Y88.478 E6.77346
G1 X70.785 Y88.907 E6.80267
G1 X70.785 Y88.358 E6.82908
G1 X71.215 Y87.929 E6.85829
G1 X71.215 Y87.38 E6.8847
G1 X70.785 Y87.809 E6.91391
G1 X70.785 Y87.261 E6.94027
G1 X71.215 Y86.831 E6.96952
G1 X71.215 Y86.283 E6.99588
G1 X70.785 Y86.712 E7.02509
G1 X70.785 Y86.163 E7.0515
G1 X71.215 Y85.734 E7.08071
G1 X71.215 Y85.185 E7.10712
G1 X70.785 Y85.614 E7.13633
G1 X70.785 Y85.065 E7.16274
G1 X71.215 Y84.636 E7.19195
G1 X71.215 Y84.087 E7.21836
G1 X70.785 Y84.516 E7.24757
G1 X70.785 Y83.967 E7.27398
G1 X71.215 Y83.538 E7.30319
G1 X71.215 Y82.989 E7.3296
G1 X70.785 Y83.419 E7.35885
G1 X70.785 Y82.87 E7.38526
G1 X71.219 Y82.436 E7.41478
G1 X71.316 Y81.97 E7.43767
G1 X71.58 Y81.58 E7.46032
G1 X71.966 Y81.318 E7.48276
G1 X72.438 Y81.217 E7.50598
G1 X72.87 Y80.785 E7.53536
G1 X73.419 Y80.785 E7.56177
G1 X72.989 Y81.215 E7.59102
G1 X73.538 Y81.215 E7.61743
G1 X73.967 Y80.785 E7.64664
G1 X74.516 Y80.785 E7.67305
G1 X74.087 Y81.215 E7.70226
G1 X74.636 Y81.215 E7.72867
G1 X75.065 Y80.785 E7.75788
G1 X75.614 Y80.785 E7.78429
G1 X75.185 Y81.215 E7.8135
G1 X75.734 Y81.215 E7.83991
G1 X76.163 Y80.785 E7.86912
G1 X76.712 Y80.785 E7.89553
G1 X76.283 Y81.215 E7.92474
G1 X76.831 Y81.215 E7.9511
G1 X77.261 Y80.785 E7.98035
G1 X77.809 Y80.785 E8.00671
G1 X77.38 Y81.215 E8.03592
G1 X77.929 Y81.215 E8.06233
G1 X78.358 Y80.785 E8.09154
G1 X78.907 Y80.785 E8.11795
G1 X78.478 Y81.215 E8.14716
G1 X79.027 Y81.215 E8.17357
G1 X79.456 Y80.785 E8.20278
G1 X80.005 Y80.785 E8.22919
G1 X79.576 Y81.215 E8.2584
G1 X80.125 Y81.215 E8.28481
G1 X80.554 Y80.785 E8.31402
G1 X81.102 Y80.785 E8.34038
G1 X80.673 Y81.215 E8.36959
G1 X81.222 Y81.215 E8.396
G1 X81.651 Y80.785 E8.42521
G1 X82.2 Y80.785 E8.45162
G1 X81.771 Y81.215 E8.48083
G1 X82.32 Y81.215 E8.50724
G1 X82.749 Y80.785 E8.53645
G1 X83.298 Y80.785 E8.56286
G1 X82.869 Y81.215 E8.59207
G1 X83.418 Y81.215 E8.61848
G1 X83.847 Y80.785 E8.64769
G1 X84.396 Y80.785 E8.6741
G1 X83.966 Y81.215 E8.70335
G1 X84.515 Y81.215 E8.72976
G1 X84.944 Y80.785 E8.75897
G1 X85.493 Y80.785 E8.78538
G1 X85.064 Y81.215 E8.81459
G1 X85.613 Y81.215 E8.841
G1 X86.042 Y80.785 E8.87021
G1 X86.591 Y80.785 E8.89662
G1 X86.162 Y81.215 E8.92583
G1 X86.711 Y81.215 E8.95224
G1 X87.14 Y80.785 E8.98145
G1 X87.689 Y80.785 E9.00786
G1 X87.26 Y81.215 E9.03707
G1 X87.808 Y81.215 E9.06343
G1 X88.238 Y80.785 E9.09268
G1 X88.786 Y80.785 E9.11904
G1 X88.357 Y81.215 E9.14825
G1 X88.906 Y81.215 E9.17466
G1 X89.335 Y80.785 E9.20387
G1 X89.884 Y80.785 E9.23028
G1 X89.455 Y81.215 E9.25949
G1 X90.004 Y81.215 E9.2859
G1 X90.433 Y80.785 E9.31511
G1 X90.982 Y80.785 E9.34152
G1 X90.553 Y81.215 E9.37073
G1 X91.102 Y81.215 E9.39714
G1 X91.531 Y80.785 E9.42635
G1 X92.079 Y80.785 E9.45271
G1 X91.65 Y81.215 E9.48192
G1 X92.199 Y81.215 E9.50833
G1 X92.628 Y80.785 E9.53754
G1 X93.177 Y80.785 E9.56395
G1 X92.748 Y81.215 E9.59316
G1 X93.297 Y81.215 E9.61957
G1 X93.726 Y80.785 E9.64878
G1 X94.275 Y80.785 E9.67519
G1 X93.846 Y81.215 E9.7044
G1 X94.395 Y81.215 E9.73081
G1 X94.824 Y80.785 E9.76002
G1 X95.373 Y80.785 E9.78643
G1 X94.943 Y81.215 E9.81568
G1 X95.492 Y81.215 E9.84209
G1 X95.921 Y80.785 E9.8713
G1 X96.47 Y80.785 E9.89771
G1 X96.041 Y81.215 E9.92692
G1 X96.59 Y81.215 E9.95333
G1 X97.019 Y80.785 E9.98254
G1 X97.568 Y80.785 E10.00895
G1 X97.139 Y81.215 E10.03816
G1 X97.663 Y81.24 E10.06339
G1 X98.117 Y80.785 E10.0943
G1 X98.666 Y80.785 E10.12071
G1 X98.093 Y81.358 E10.15968
G1 X98.42 Y81.58 E10.17869
G1 X99.215 Y80.785 E10.23276
G1 X99.215 Y81.334 E10.25917
G1 X98.642 Y81.907 E10.29814
G1 X98.76 Y82.337 E10.31959
G1 X99.215 Y81.883 E10.3505
G1 X99.215 Y82.432 E10.37691
G1 X98.785 Y82.861 E10.40612
G1 X98.785 Y83.41 E10.43253
G1 X99.215 Y82.981 E10.46174
G1 X99.215 Y83.53 E10.48815
G1 X98.785 Y83.959 E10.51736
G1 X98.785 Y84.508 E10.54377
G1 X99.215 Y84.079 E10.57298
G1 X99.215 Y84.627 E10.59934
G1 X98.785 Y85.056 E10.62855
G1 X98.785 Y85.605 E10.65496
G1 X99.215 Y85.176 E10.68417
G1 X99.215 Y85.725 E10.71058
G1 X98.785 Y86.154 E10.73979
G1 X98.785 Y86.703 E10.7662
G1 X99.215 Y86.274 E10.79541
G1 X99.215 Y86.823 E10.82182
G1 X98.785 Y87.252 E10.85103
G1 X98.785 Y87.801 E10.87744
G1 X99.215 Y87.372 E10.90665
G1 X99.215 Y87.921 E10.93306
G1 X98.785 Y88.35 E10.96227
G1 X98.785 Y88.898 E10.98863
G1 X99.215 Y88.469 E11.01784
G1 X99.215 Y89.018 E11.04425
G1 X98.785 Y89.447 E11.07346
G1 X98.785 Y89.996 E11.09987
G1 X99.215 Y89.567 E11.12908
G1 X99.215 Y90.116 E11.15549
G1 X98.785 Y90.545 E11.1847
G1 X98.785 Y91.094 E11.21111
G1 X99.215 Y90.665 E11.24032
G1 X99.215 Y91.214 E11.26673
G1 X98.785 Y91.643 E11.29594
G1 X98.785 Y92.192 E11.32235
G1 X99.215 Y91.762 E11.3516
G1 X99.215 Y92.311 E11.37801
G1 X98.785 Y92.74 E11.40722
G1 X98.785 Y93.289 E11.43363
G1 X99.215 Y92.86 E11.46284
G1 X99.215 Y93.409 E11.48925
G1 X98.785 Y93.838 E11.51846
G1 X98.785 Y94.387 E11.54487
G1 X99.215 Y93.958 E11.57408
G1 X99.215 Y94.507 E11.60049
G1 X98.785 Y94.936 E11.6297
G1 X98.785 Y95.485 E11.65611
G1 X99.215 Y95.056 E11.68532
G1 X99.215 Y95.604 E11.71168
G1 X98.785 Y96.034 E11.74093
G1 X98.785 Y96.582 E11.76729
G1 X99.215 Y96.153 E11.7965
G1 X99.215 Y96.702 E11.82291
G1 X98.785 Y97.131 E11.85212
G1 X98.785 Y97.68 E11.87853
G1 X99.215 Y97.251 E11.90774
G1 X99.215 Y97.8 E11.93415
G1 X98.785 Y98.229 E11.96336
G1 X98.785 Y98.778 E11.98977
G1 X99.215 Y98.349 E12.01898
G1 X99.215 Y98.898 E12.04539
G1 X98.785 Y99.327 E12.0746
G1 X98.785 Y99.875 E12.10096
G1 X99.215 Y99.446 E12.13017
G1 X99.215 Y99.995 E12.15658
G1 X98.785 Y100.424 E12.18579
G1 X98.785 Y100.973 E12.2122
G1 X99.215 Y100.544 E12.24141
G1 X99.215 Y101.093 E12.26782
G1 X98.785 Y101.522 E12.29703
G1 X98.785 Y102.071 E12.32344
G1 X99.215 Y101.642 E12.35265
G1 X99.215 Y102.191 E12.37906
G1 X98.785 Y102.62 E12.40827
G1 X98.785 Y103.169 E12.43468
G1 X99.215 Y102.739 E12.46393
G1 X99.215 Y103.288 E12.49034
G1 X98.785 Y103.717 E12.51955
G1 X98.785 Y104.266 E12.54596
G1 X99.215 Y103.837 E12.57517
G1 X99.215 Y104.386 E12.60158
G1 X98.785 Y104.815 E12.63079
G1 X98.785 Y105.364 E12.6572
G1 X99.215 Y104.935 E12.68641
G1 X99.215 Y105.484 E12.71282
G1 X98.785 Y105.913 E12.74203
G1 X98.785 Y106.462 E12.76844
G1 X99.215 Y106.033 E12.79765
G1 X99.215 Y106.581 E12.82401
G1 X98.785 Y107.011 E12.85326
G1 X98.783 Y107.562 E12.87976
G1 X99.215 Y107.13 E12.90914
G1 X99.215 Y107.679 E12.93555
G1 X97.679 Y109.215 E13.04003
G1 X98.228 Y109.215 E13.06644
G1 X99.215 Y108.228 E13.13357
G1 X99.215 Y108.777 E13.15998
G1 X98.603 Y109.388 E13.20157
G1 E11.20157 F2400
G92 E0
G1 X74.812 Y84.779 F7800
G1 E2 F2400
;TYPE:External perimeter
;WIDTH:0.583165
G1 F1800
G1 X74.876 Y84.765 E2.00424
;WIDTH:0.545178
G1 X74.968 Y84.746 E2.00987
;WIDTH:0.507191
G1 X95.032 Y84.746 E3.118
;WIDTH:0.545178
G1 X95.124 Y84.765 E3.12363
;WIDTH:0.583165
G1 X95.216 Y84.784 E3.12971
G1 X95.235 Y84.876 E3.13579
;WIDTH:0.545178
G1 X95.254 Y84.968 E3.14142
;WIDTH:0.507191
G1 X95.254 Y105.032 E4.24955
;WIDTH:0.545178
G1 X95.235 Y105.124 E4.25518
;WIDTH:0.583165
G1 X95.216 Y105.216 E4.26126
G1 X95.124 Y105.235 E4.26734
;WIDTH:0.545178
G1 X95.032 Y105.254 E4.27297
;WIDTH:0.507191
G1 X74.968 Y105.254 E5.3811
;WIDTH:0.545178
G1 X74.876 Y105.235 E5.38673
;WIDTH:0.583165
G1 X74.784 Y105.216 E5.39281
G1 X74.765 Y105.124 E5.39889
;WIDTH:0.545178
G1 X74.746 Y105.032 E5.40452
;WIDTH:0.507191
G1 X74.746 Y84.968 E6.51265
;WIDTH:0.545178
G1 X74.765 Y84.876 E6.51828
;WIDTH:0.583165
G1 X74.778 Y84.816 E6.52225
G1 X75.173 Y84.752 F7800
G1 E4.52225 F2400
G92 E0
G1 X95.658 Y105.658 F7800
G1 E2 F2400
G1 F1800
G1 X95.345 Y105.677 E2.02029
;WIDTH:0.545178
G1 X95.032 Y105.696 E2.03909
;WIDTH:0.507191
G1 X74.968 Y105.696 E3.14722
;WIDTH:0.545178
G1 X74.655 Y105.677 E3.16602
;WIDTH:0.583165
G1 X74.342 Y105.658 E3.18631
G1 X74.323 Y105.345 E3.2066
;WIDTH:0.545178
G1 X74.304 Y105.032 E3.2254
;WIDTH:0.507191
G1 X74.304 Y84.968 E4.33353
;WIDTH:0.545178
G1 X74.323 Y84.655 E4.35233
;WIDTH:0.583165
G1 X74.342 Y84.342 E4.37262
G1 X74.655 Y84.323 E4.39291
;WIDTH:0.545178
G1 X74.968 Y84.304 E4.41171
;WIDTH:0.507191
G1 X95.032 Y84.304 E5.51984
;WIDTH:0.545178
G1 X95.345 Y84.323 E5.53864
;WIDTH:0.583165
G1 X95.658 Y84.342 E5.55893
G1 X95.658 Y84.601 E5.57569
G1 X95.677 Y84.784 E5.58759
;WIDTH:0.545178
G1 X95.696 Y84.968 E5.59868
;WIDTH:0.507191
G1 X95.696 Y105.032 E6.70681
;WIDTH:0.510546
G1 X95.695 Y105.109 E6.7111
;WIDTH:0.546855
G1 X95.677 Y105.384 E6.72768
;WIDTH:0.583165
G1 X95.662 Y105.599 E6.74163
G1 X95.271 Y105.68 F7800
;LAYER_CHANGE
;Z:10.55
;HEIGHT:0.3
G1 E4.74163 F2400
G92 E0
G1 Z10.55 F7800
G1 X98.21 Y108.217
G1 E2 F2400
;TYPE:Perimeter
;WIDTH:0.45
G1 F3600
G1 X97.915 Y108.417 E2.01714
G1 X97.532 Y108.496 E2.03595
G1 X72.468 Y108.496 E3.24144
G1 X72.085 Y108.417 E3.26025
G1 X71.786 Y108.214 E3.27763
G1 X71.583 Y107.915 E3.29501
G1 X71.504 Y107.532 E3.31382
G1 X71.504 Y82.468 E4.51931
G1 X71.583 Y82.085 E4.53812
G1 X71.786 Y81.786 E4.5555
G1 X72.085 Y81.583 E4.57288
G1 X72.468 Y81.504 E4.59169
G1 X97.532 Y81.504 E5.79718
G1 X97.915 Y81.583 E5.81599
G1 X98.214 Y81.786 E5.83337
G1 X98.417 Y82.085 E5.85075
G1 X98.496 Y82.468 E5.86956
G1 X98.496 Y107.532 E7.07505
G1 X98.417 Y107.915 E7.09386
G1 X98.245 Y108.169 E7.10861
G1 X97.943 Y107.938 F7800
G1 F3600
G1 X97.941 Y107.941 E7.10878
G1 X97.762 Y108.063 E7.1192
G1 X97.532 Y108.111 E7.1305
G1 X72.468 Y108.111 E8.33599
G1 X72.238 Y108.063 E8.34729
G1 X72.059 Y107.941 E8.35771
G1 X71.937 Y107.762 E8.36813
G1 X71.889 Y107.532 E8.37943
G1 X71.889 Y82.468 E9.58492
G1 X71.937 Y82.238 E9.59622
G1 X72.059 Y82.059 E9.60664
G1 X72.238 Y81.937 E9.61706
G1 X72.468 Y81.889 E9.62836
G1 X97.532 Y81.889 E10.83385
G1 X97.762 Y81.937 E10.84515
G1 X97.941 Y82.059 E10.85557
G1 X98.063 Y82.238 E10.86599
G1 X98.111 Y82.468 E10.87729
G1 X98.111 Y107.532 E12.08278
G1 X98.063 Y107.762 E12.09408
G1 X97.977 Y107.889 E12.10146
G1 X97.671 Y107.662 F7800
;TYPE:External perimeter
G1 F1800
G1 X97.669 Y107.669 E12.10181
G1 X97.532 Y107.725 E12.10893
G1 X72.468 Y107.725 E13.31442
G1 X72.331 Y107.669 E13.32154
G1 X72.275 Y107.532 E13.32866
G1 X72.275 Y82.468 E14.53415
G1 X72.331 Y82.331 E14.54127
G1 X72.468 Y82.275 E14.54839
G1 X97.532 Y82.275 E15.75388
G1 X97.669 Y82.331 E15.761
G1 X97.725 Y82.468 E15.76812
G1 X97.725 Y107.532 E16.97361
G1 X97.694 Y107.607 E16.97751
G1 X97.31 Y107.718 F7800
G1 E14.97751 F2400
G92 E0
G1 X70.496 Y80.496 F7800
G1 E2 F2400
;TYPE:Perimeter
G1 F3600
G1 X99.504 Y80.496 E3.39518
G1 X99.504 Y81.252 E3.43154
G1 X99.504 Y109.504 E4.79036
G1 X70.496 Y109.504 E6.18554
G1 X70.496 Y80.556 E7.57784
G1 X70.111 Y80.111 F7800
G1 F3600
G1 X99.889 Y80.111 E9.01006
G1 X99.889 Y81.252 E9.06494
G1 X99.889 Y109.889 E10.44228
G1 X70.111 Y109.889 E11.8745
G1 X70.111 Y80.171 E13.30383
G1 X69.725 Y79.725 F7800
;TYPE:External perimeter
G1 F1800
G1 X100.275 Y79.725 E14.77318
G1 X100.275 Y81.252 E14.84662
G1 X100.275 Y110.275 E16.24253
G1 X69.725 Y110.275 E17.71188
G1 X69.725 Y79.785 E19.17834
G1 X70.121 Y79.726 F7800
G1 E17.17834 F2400
G92 E0
G1 X70.612 Y108.603 F7800
G1 E2 F2400
;TYPE:Internal infill
;WIDTH:0.45
G1 F4200
G1 X71.223 Y109.215 E2.04159
G1 X71.772 Y109.215 E2.068
G1 X70.785 Y108.228 E2.13513
G1 X70.785 Y107.679 E2.16154
G1 X72.494 Y109.388 E2.27778
G1 E.27778 F2400
G92 E0
G1 X99.388 Y83.043 F7800
G1 E2 F2400
G1 F4200
G1 X98.781 Y82.436 E2.04129
G1 X98.785 Y82.989 E2.06789
G1 X99.215 Y83.419 E2.09714
G1 X99.215 Y83.967 E2.1235
G1 X98.785 Y83.538 E2.15271
G1 X98.785 Y84.087 E2.17912
G1 X99.215 Y84.516 E2.20833
G1 X99.215 Y85.065 E2.23474
G1 X98.785 Y84.636 E2.26395
G1 X98.785 Y85.185 E2.29036
G1 X99.215 Y85.614 E2.31957
G1 X99.215 Y86.163 E2.34598
G1 X98.785 Y85.734 E2.37519
G1 X98.785 Y86.283 E2.4016
G1 X99.215 Y86.712 E2.43081
G1 X99.215 Y87.261 E2.45722
G1 X98.785 Y86.831 E2.48647
G1 X98.785 Y87.38 E2.51288
G1 X99.215 Y87.809 E2.54209
G1 X99.215 Y88.358 E2.5685
G1 X98.785 Y87.929 E2.59771
G1 X98.785 Y88.478 E2.62412
G1 X99.215 Y88.907 E2.65333
G1 X99.215 Y89.456 E2.67974
G1 X98.785 Y89.027 E2.70895
G1 X98.785 Y89.576 E2.73536
G1 X99.215 Y90.005 E2.76457
G1 X99.215 Y90.554 E2.79098
G1 X98.785 Y90.125 E2.82019
G1 X98.785 Y90.673 E2.84655
G1 X99.215 Y91.102 E2.87576
G1 X99.215 Y91.651 E2.90217
G1 X98.785 Y91.222 E2.93138
G1 X98.785 Y91.771 E2.95779
G1 X99.215 Y92.2 E2.987
G1 X99.215 Y92.749 E3.01341
G1 X98.785 Y92.32 E3.04262
G1 X98.785 Y92.869 E3.06903
G1 X99.215 Y93.298 E3.09824
G1 X99.215 Y93.847 E3.12465
G1 X98.785 Y93.418 E3.15386
G1 X98.785 Y93.966 E3.18022
G1 X99.215 Y94.396 E3.20947
G1 X99.215 Y94.944 E3.23583
G1 X98.785 Y94.515 E3.26504
G1 X98.785 Y95.064 E3.29145
G1 X99.215 Y95.493 E3.32066
G1 X99.215 Y96.042 E3.34707
G1 X98.785 Y95.613 E3.37628
G1 X98.785 Y96.162 E3.40269
G1 X99.215 Y96.591 E3.4319
G1 X99.215 Y97.14 E3.45831
G1 X98.785 Y96.711 E3.48752
G1 X98.785 Y97.26 E3.51393
G1 X99.215 Y97.689 E3.54314
G1 X99.215 Y98.238 E3.56955
G1 X98.785 Y97.808 E3.5988
G1 X98.785 Y98.357 E3.62521
G1 X99.215 Y98.786 E3.65442
G1 X99.215 Y99.335 E3.68083
G1 X98.785 Y98.906 E3.71004
G1 X98.785 Y99.455 E3.73645
G1 X99.215 Y99.884 E3.76566
G1 X99.215 Y100.433 E3.79207
G1 X98.785 Y100.004 E3.82128
G1 X98.785 Y100.553 E3.84769
G1 X99.215 Y100.982 E3.8769
G1 X99.215 Y101.531 E3.90331
G1 X98.785 Y101.102 E3.93252
G1 X98.785 Y101.65 E3.95888
G1 X99.215 Y102.08 E3.98813
G1 X99.215 Y102.628 E4.01449
G1 X98.785 Y102.199 E4.0437
G1 X98.785 Y102.748 E4.07011
G1 X99.215 Y103.177 E4.09932
G1 X99.215 Y103.726 E4.12573
G1 X98.785 Y103.297 E4.15494
G1 X98.785 Y103.846 E4.18135
G1 X99.215 Y104.275 E4.21056
G1 X99.215 Y104.824 E4.23697
G1 X98.785 Y104.395 E4.26618
G1 X98.785 Y104.944 E4.29259
G1 X99.215 Y105.373 E4.3218
G1 X99.215 Y105.921 E4.34816
G1 X98.785 Y105.492 E4.37737
G1 X98.785 Y106.041 E4.40378
G1 X99.215 Y106.47 E4.43299
G1 X99.215 Y107.019 E4.4594
G1 X98.785 Y106.59 E4.48861
G1 X98.785 Y107.139 E4.51502
G1 X99.215 Y107.568 E4.54423
G1 X99.215 Y108.117 E4.57064
G1 X98.773 Y107.676 E4.60067
G1 X98.642 Y108.093 E4.62169
G1 X99.215 Y108.666 E4.66066
G1 X99.215 Y109.215 E4.68707
G1 X98.42 Y108.42 E4.74114
G1 X98.093 Y108.642 E4.76015
G1 X98.666 Y109.215 E4.79912
G1 X98.117 Y109.215 E4.82553
G1 X97.676 Y108.773 E4.85556
G1 X97.139 Y108.785 E4.88139
G1 X97.568 Y109.215 E4.9106
G1 X97.019 Y109.215 E4.93701
G1 X96.59 Y108.785 E4.96622
G1 X96.041 Y108.785 E4.99263
G1 X96.47 Y109.215 E5.02184
G1 X95.921 Y109.215 E5.04825
G1 X95.492 Y108.785 E5.07746
G1 X94.943 Y108.785 E5.10387
G1 X95.373 Y109.215 E5.13312
G1 X94.824 Y109.215 E5.15953
G1 X94.395 Y108.785 E5.18874
G1 X93.846 Y108.785 E5.21515
G1 X94.275 Y109.215 E5.24436
G1 X93.726 Y109.215 E5.27077
G1 X93.297 Y108.785 E5.29998
G1 X92.748 Y108.785 E5.32639
G1 X93.177 Y109.215 E5.3556
G1 X92.628 Y109.215 E5.38201
G1 X92.199 Y108.785 E5.41122
G1 X91.65 Y108.785 E5.43763
G1 X92.079 Y109.215 E5.46684
G1 X91.531 Y109.215 E5.4932
G1 X91.102 Y108.785 E5.52241
G1 X90.553 Y108.785 E5.54882
G1 X90.982 Y109.215 E5.57803
G1 X90.433 Y109.215 E5.60444
G1 X90.004 Y108.785 E5.63365
G1 X89.455 Y108.785 E5.66006
G1 X89.884 Y109.215 E5.68927
G1 X89.335 Y109.215 E5.71568
G1 X88.906 Y108.785 E5.74489
G1 X88.357 Y108.785 E5.7713
G1 X88.786 Y109.215 E5.80051
G1 X88.238 Y109.215 E5.82687
G1 X87.808 Y108.785 E5.85612
G1 X87.26 Y108.785 E5.88248
G1 X87.689 Y109.215 E5.91169
G1 X87.14 Y109.215 E5.9381
G1 X86.711 Y108.785 E5.96731
G1 X86.162 Y108.785 E5.99372
G1 X86.591 Y109.215 E6.02293
G1 X86.042 Y109.215 E6.04934
G1 X85.613 Y108.785 E6.07855
G1 X85.064 Y108.785 E6.10496
G1 X85.493 Y109.215 E6.13417
G1 X84.944 Y109.215 E6.16058
G1 X84.515 Y108.785 E6.18979
G1 X83.966 Y108.785 E6.2162
G1 X84.396 Y109.215 E6.24545
G1 X83.847 Y109.215 E6.27186
G1 X83.418 Y108.785 E6.30107
G1 X82.869 Y108.785 E6.32748
G1 X83.298 Y109.215 E6.35669
G1 X82.749 Y109.215 E6.3831
G1 X82.32 Y108.785 E6.41231
G1 X81.771 Y108.785 E6.43872
G1 X82.2 Y109.215 E6.46793
G1 X81.651 Y109.215 E6.49434
G1 X81.222 Y108.785 E6.52355
G1 X80.673 Y108.785 E6.54996
G1 X81.102 Y109.215 E6.57917
G1 X80.554 Y109.215 E6.60553
G1 X80.125 Y108.785 E6.63474
G1 X79.576 Y108.785 E6.66115
G1 X80.005 Y109.215 E6.69036
G1 X79.456 Y109.215 E6.71677
G1 X79.027 Y108.785 E6.74598
G1 X78.478 Y108.785 E6.77239
G1 X78.907 Y109.215 E6.8016
G1 X78.358 Y109.215 E6.82801
G1 X77.929 Y108.785 E6.85722
G1 X77.38 Y108.785 E6.88363
G1 X77.809 Y109.215 E6.91284
G1 X77.261 Y109.215 E6.9392
G1 X76.831 Y108.785 E6.96845
G1 X76.283 Y108.785 E6.99481
G1 X76.712 Y109.215 E7.02402
G1 X76.163 Y109.215 E7.05043
G1 X75.734 Y108.785 E7.07964
G1 X75.185 Y108.785 E7.10605
G1 X75.614 Y109.215 E7.13526
G1 X75.065 Y109.215 E7.16167
G1 X74.636 Y108.785 E7.19088
G1 X74.087 Y108.785 E7.21729
G1 X74.516 Y109.215 E7.2465
G1 X73.967 Y109.215 E7.27291
G1 X73.538 Y108.785 E7.30212
G1 X72.989 Y108.785 E7.32853
G1 X73.419 Y109.215 E7.35778
G1 X72.87 Y109.215 E7.38419
G1 X72.436 Y108.781 E7.41371
G1 X71.97 Y108.684 E7.4366
G1 X71.58 Y108.42 E7.45925
G1 X71.318 Y108.034 E7.48169
G1 X71.217 Y107.562 E7.50491
G1 X70.785 Y107.13 E7.53429
G1 X70.785 Y106.581 E7.5607
G1 X71.215 Y107.011 E7.58995
G1 X71.215 Y106.462 E7.61636
G1 X70.785 Y106.033 E7.64557
G1 X70.785 Y105.484 E7.67198
G1 X71.215 Y105.913 E7.70119
G1 X71.215 Y105.364 E7.7276
G1 X70.785 Y104.935 E7.75681
G1 X70.785 Y104.386 E7.78322
G1 X71.215 Y104.815 E7.81243
G1 X71.215 Y104.266 E7.83884
G1 X70.785 Y103.837 E7.86805
G1 X70.785 Y103.288 E7.89446
G1 X71.215 Y103.717 E7.92367
G1 X71.215 Y103.169 E7.95003
G1 X70.785 Y102.739 E7.97928
G1 X70.785 Y102.191 E8.00564
G1 X71.215 Y102.62 E8.03485
G1 X71.215 Y102.071 E8.06126
G1 X70.785 Y101.642 E8.09047
G1 X70.785 Y101.093 E8.11688
G1 X71.215 Y101.522 E8.14609
G1 X71.215 Y100.973 E8.1725
G1 X70.785 Y100.544 E8.20171
G1 X70.785 Y99.995 E8.22812
G1 X71.215 Y100.424 E8.25733
G1 X71.215 Y99.875 E8.28374
G1 X70.785 Y99.446 E8.31295
G1 X70.785 Y98.898 E8.33931
G1 X71.215 Y99.327 E8.36852
G1 X71.215 Y98.778 E8.39493
G1 X70.785 Y98.349 E8.42414
G1 X70.785 Y97.8 E8.45055
G1 X71.215 Y98.229 E8.47976
G1 X71.215 Y97.68 E8.50617
G1 X70.785 Y97.251 E8.53538
G1 X70.785 Y96.702 E8.56179
G1 X71.215 Y97.131 E8.591
G1 X71.215 Y96.582 E8.61741
G1 X70.785 Y96.153 E8.64662
G1 X70.785 Y95.604 E8.67303
G1 X71.215 Y96.034 E8.70228
G1 X71.215 Y95.485 E8.72869
G1 X70.785 Y95.056 E8.7579
G1 X70.785 Y94.507 E8.78431
G1 X71.215 Y94.936 E8.81352
G1 X71.215 Y94.387 E8.83993
G1 X70.785 Y93.958 E8.86914
G1 X70.785 Y93.409 E8.89555
G1 X71.215 Y93.838 E8.92476
G1 X71.215 Y93.289 E8.95117
G1 X70.785 Y92.86 E8.98038
G1 X70.785 Y92.311 E9.00679
G1 X71.215 Y92.74 E9.036
G1 X71.215 Y92.192 E9.06236
G1 X70.785 Y91.762 E9.09161
G1 X70.785 Y91.214 E9.11797
G1 X71.215 Y91.643 E9.14718
G1 X71.215 Y91.094 E9.17359
G1 X70.785 Y90.665 E9.2028
G1 X70.785 Y90.116 E9.22921
G1 X71.215 Y90.545 E9.25842
G1 X71.215 Y89.996 E9.28483
G1 X70.785 Y89.567 E9.31404
G1 X70.785 Y89.018 E9.34045
G1 X71.215 Y89.447 E9.36966
G1 X71.215 Y88.898 E9.39607
G1 X70.785 Y88.469 E9.42528
G1 X70.785 Y87.921 E9.45164
G1 X71.215 Y88.35 E9.48085
G1 X71.215 Y87.801 E9.50726
G1 X70.785 Y87.372 E9.53647
G1 X70.785 Y86.823 E9.56288
G1 X71.215 Y87.252 E9.59209
G1 X71.215 Y86.703 E9.6185
G1 X70.785 Y86.274 E9.64771
G1 X70.785 Y85.725 E9.67412
G1 X71.215 Y86.154 E9.70333
G1 X71.215 Y85.605 E9.72974
G1 X70.785 Y85.176 E9.75895
G1 X70.785 Y84.627 E9.78536
G1 X71.215 Y85.057 E9.81461
G1 X71.215 Y84.508 E9.84102
G1 X70.785 Y84.079 E9.87023
G1 X70.785 Y83.53 E9.89664
G1 X71.215 Y83.959 E9.92585
G1 X71.215 Y83.41 E9.95226
G1 X70.785 Y82.981 E9.98147
G1 X70.785 Y82.432 E10.00788
G1 X71.215 Y82.861 E10.03709
G1 X71.24 Y82.337 E10.06232
G1 X70.785 Y81.883 E10.09323
G1 X70.785 Y81.334 E10.11964
G1 X71.358 Y81.907 E10.15861
G1 X71.58 Y81.58 E10.17762
G1 X70.785 Y80.785 E10.23169
G1 X71.334 Y80.785 E10.2581
G1 X71.907 Y81.358 E10.29707
G1 X72.324 Y81.227 E10.31809
G1 X71.883 Y80.785 E10.34812
G1 X72.432 Y80.785 E10.37453
G1 X72.861 Y81.215 E10.40374
G1 X73.41 Y81.215 E10.43015
G1 X72.981 Y80.785 E10.45936
G1 X73.53 Y80.785 E10.48577
G1 X73.959 Y81.215 E10.51498
G1 X74.508 Y81.215 E10.54139
G1 X74.079 Y80.785 E10.5706
G1 X74.627 Y80.785 E10.59696
G1 X75.056 Y81.215 E10.62617
G1 X75.605 Y81.215 E10.65258
G1 X75.176 Y80.785 E10.68179
G1 X75.725 Y80.785 E10.7082
G1 X76.154 Y81.215 E10.73741
G1 X76.703 Y81.215 E10.76382
G1 X76.274 Y80.785 E10.79303
G1 X76.823 Y80.785 E10.81944
G1 X77.252 Y81.215 E10.84865
G1 X77.801 Y81.215 E10.87506
G1 X77.372 Y80.785 E10.90427
G1 X77.92 Y80.785 E10.93063
G1 X78.35 Y81.215 E10.95988
G1 X78.898 Y81.215 E10.98624
G1 X78.469 Y80.785 E11.01545
G1 X79.018 Y80.785 E11.04186
G1 X79.447 Y81.215 E11.07107
G1 X79.996 Y81.215 E11.09748
G1 X79.567 Y80.785 E11.12669
G1 X80.116 Y80.785 E11.1531
G1 X80.545 Y81.215 E11.18231
G1 X81.094 Y81.215 E11.20872
G1 X80.665 Y80.785 E11.23793
G1 X81.214 Y80.785 E11.26434
G1 X81.643 Y81.215 E11.29355
G1 X82.192 Y81.215 E11.31996
G1 X81.762 Y80.785 E11.34921
G1 X82.311 Y80.785 E11.37562
G1 X82.74 Y81.215 E11.40483
G1 X83.289 Y81.215 E11.43124
G1 X82.86 Y80.785 E11.46045
G1 X83.409 Y80.785 E11.48686
G1 X83.838 Y81.215 E11.51607
G1 X84.387 Y81.215 E11.54248
G1 X83.958 Y80.785 E11.57169
G1 X84.507 Y80.785 E11.5981
G1 X84.936 Y81.215 E11.62731
G1 X85.485 Y81.215 E11.65372
G1 X85.056 Y80.785 E11.68293
G1 X85.604 Y80.785 E11.70929
G1 X86.034 Y81.215 E11.73854
G1 X86.582 Y81.215 E11.7649
G1 X86.153 Y80.785 E11.79411
G1 X86.702 Y80.785 E11.82052
G1 X87.131 Y81.215 E11.84973
G1 X87.68 Y81.215 E11.87614
G1 X87.251 Y80.785 E11.90535
G1 X87.8 Y80.785 E11.93176
G1 X88.229 Y81.215 E11.96097
G1 X88.778 Y81.215 E11.98738
G1 X88.349 Y80.785 E12.01659
G1 X88.898 Y80.785 E12.043
G1 X89.327 Y81.215 E12.07221
G1 X89.875 Y81.215 E12.09857
G1 X89.446 Y80.785 E12.12778
G1 X89.995 Y80.785 E12.15419
G1 X90.424 Y81.215 E12.1834
G1 X90.973 Y81.215 E12.20981
G1 X90.544 Y80.785 E12.23902
G1 X91.093 Y80.785 E12.26543
G1 X91.522 Y81.215 E12.29464
G1 X92.071 Y81.215 E12.32105
G1 X91.642 Y80.785 E12.35026
G1 X92.191 Y80.785 E12.37667
G1 X92.62 Y81.215 E12.40588
G1 X93.169 Y81.215 E12.43229
G1 X92.739 Y80.785 E12.46154
G1 X93.288 Y80.785 E12.48795
G1 X93.717 Y81.215 E12.51716
G1 X94.266 Y81.215 E12.54357
G1 X93.837 Y80.785 E12.57278
G1 X94.386 Y80.785 E12.59919
G1 X94.815 Y81.215 E12.6284
G1 X95.364 Y81.215 E12.65481
G1 X94.935 Y80.785 E12.68402
G1 X95.484 Y80.785 E12.71043
G1 X95.913 Y81.215 E12.73964
G1 X96.462 Y81.215 E12.76605
G1 X96.033 Y80.785 E12.79526
G1 X96.581 Y80.785 E12.82162
G1 X97.011 Y81.215 E12.85087
G1 X97.564 Y81.219 E12.87747
G1 X97.13 Y80.785 E12.90699
G1 X97.679 Y80.785 E12.9334
G1 X99.215 Y82.321 E13.03788
G1 X99.215 Y81.772 E13.06429
G1 X98.228 Y80.785 E13.13142
G1 X98.777 Y80.785 E13.15783
G1 X99.388 Y81.397 E13.19942
G1 E11.19942 F2400
G92 E0
G1 X74.812 Y84.779 F7800
G1 E2 F2400
;TYPE:External perimeter
;WIDTH:0.583165
G1 F1800
G1 X74.876 Y84.765 E2.00424
;WIDTH:0.545178
G1 X74.968 Y84.746 E2.00987
;WIDTH:0.507191
G1 X95.032 Y84.746 E3.118
;WIDTH:0.545178
G1 X95.124 Y84.765 E3.12363
;WIDTH:0.583165
G1 X95.216 Y84.784 E3.12971
G1 X95.235 Y84.876 E3.13579
;WIDTH:0.545178
G1 X95.254 Y84.968 E3.14142
;WIDTH:0.507191
G1 X95.254 Y105.032 E4.24955
;WIDTH:0.545178
G1 X95.235 Y105.124 E4.25518
;WIDTH:0.583165
G1 X95.216 Y105.216 E4.26126
G1 X95.124 Y105.235 E4.26734
;WIDTH:0.545178
G1 X95.032 Y105.254 E4.27297
;WIDTH:0.507191
G1 X74.968 Y105.254 E5.3811
;WIDTH:0.545178
G1 X74.876 Y105.235 E5.38673
;WIDTH:0.583165
G1 X74.784 Y105.216 E5.39281
G1 X74.765 Y105.124 E5.39889
;WIDTH:0.545178
G1 X74.746 Y105.032 E5.40452
;WIDTH:0.507191
G1 X74.746 Y84.968 E6.51265
;WIDTH:0.545178
G1 X74.765 Y84.876 E6.51828
;WIDTH:0.583165
G1 X74.778 Y84.816 E6.52225
G1 X75.173 Y84.752 F7800
G1 E4.52225 F2400
G92 E0
G1 X95.658 Y105.658 F7800
G1 E2 F2400
G1 F1800
G1 X95.345 Y105.677 E2.02029
;WIDTH:0.545178
G1 X95.032 Y105.696 E2.03909
;WIDTH:0.507191
G1 X74.968 Y105.696 E3.14722
;WIDTH:0.545178
G1 X74.655 Y105.677 E3.16602
;WIDTH:0.583165
G1 X74.342 Y105.658 E3.18631
G1 X74.323 Y105.345 E3.2066
;WIDTH:0.545178
G1 X74.304 Y105.032 E3.2254
;WIDTH:0.507191
G1 X74.304 Y84.968 E4.33353
;WIDTH:0.545178
G1 X74.323 Y84.655 E4.35233
;WIDTH:0.583165
G1 X74.342 Y84.342 E4.37262
G1 X74.655 Y84.323 E4.39291
;WIDTH:0.545178
G1 X74.968 Y84.304 E4.41171
;WIDTH:0.507191
G1 X95.032 Y84.304 E5.51984
;WIDTH:0.545178
G1 X95.345 Y84.323 E5.53864
;WIDTH:0.583165
G1 X95.658 Y84.342 E5.55893
G1 X95.658 Y84.601 E5.57569
G1 X95.677 Y84.784 E5.58759
;WIDTH:0.545178
G1 X95.696 Y84.968 E5.59868
;WIDTH:0.507191
G1 X95.696 Y105.032 E6.70681
;WIDTH:0.510546
G1 X95.695 Y105.109 E6.7111
;WIDTH:0.546855
G1 X95.677 Y105.384 E6.72768
;WIDTH:0.583165
G1 X95.662 Y105.599 E6.74163
G1 X95.271 Y105.68 F7800
;LAYER_CHANGE
;Z:10.85
;HEIGHT:0.3
G1 E4.74163 F2400
G92 E0
G1 Z10.85 F7800
G1 X98.21 Y108.217
G1 E2 F2400
;TYPE:Perimeter
;WIDTH:0.45
G1 F3600
G1 X97.915 Y108.417 E2.01714
G1 X97.532 Y108.496 E2.03595
G1 X72.468 Y108.496 E3.24144
G1 X72.085 Y108.417 E3.26025
G1 X71.786 Y108.214 E3.27763
G1 X71.583 Y107.915 E3.29501
G1 X71.504 Y107.532 E3.31382
G1 X71.504 Y82.468 E4.51931
G1 X71.583 Y82.085 E4.53812
G1 X71.786 Y81.786 E4.5555
G1 X72.085 Y81.583 E4.57288
G1 X72.468 Y81.504 E4.59169
G1 X97.532 Y81.504 E5.79718
G1 X97.915 Y81.583 E5.81599
G1 X98.214 Y81.786 E5.83337
G1 X98.417 Y82.085 E5.85075
G1 X98.496 Y82.468 E5.86956
G1 X98.496 Y107.532 E7.07505
G1 X98.417 Y107.915 E7.09386
G1 X98.245 Y108.169 E7.10861
G1 X97.943 Y107.938 F7800
G1 F3600
G1 X97.941 Y107.941 E7.10878
G1 X97.762 Y108.063 E7.1192
G1 X97.532 Y108.111 E7.1305
G1 X72.468 Y108.111 E8.33599
G1 X72.238 Y108.063 E8.34729
G1 X72.059 Y107.941 E8.35771
G1 X71.937 Y107.762 E8.36813
G1 X71.889 Y107.532 E8.37943
G1 X71.889 Y82.468 E9.58492
G1 X71.937 Y82.238 E9.59622
G1 X72.059 Y82.059 E9.60664
G1 X72.238 Y81.937 E9.61706
G1 X72.468 Y81.889 E9.62836
G1 X97.532 Y81.889 E10.83385
G1 X97.762 Y81.937 E10.84515
G1 X97.941 Y82.059 E10.85557
G1 X98.063 Y82.238 E10.86599
G1 X98.111 Y82.468 E10.87729
G1 X98.111 Y107.532 E12.08278
G1 X98.063 Y107.762 E12.09408
G1 X97.977 Y107.889 E12.10146
G1 X97.671 Y107.662 F7800
;TYPE:External perimeter
G1 F1800
G1 X97.669 Y107.669 E12.10181
G1 X97.532 Y107.725 E12.10893
G1 X72.468 Y107.725 E13.31442
G1 X72.331 Y107.669 E13.32154
G1 X72.275 Y107.532 E13.32866
G1 X72.275 Y82.468 E14.53415
G1 X72.331 Y82.331 E14.54127
G1 X72.468 Y82.275 E14.54839
G1 X97.532 Y82.275 E15.75388
G1 X97.669 Y82.331 E15.761
G1 X97.725 Y82.468 E15.76812
G1 X97.725 Y107.532 E16.97361
G1 X97.694 Y107.607 E16.97751
G1 X97.31 Y107.718 F7800
G1 E14.97751 F2400
G92 E0
G1 X70.496 Y80.496 F7800
G1 E2 F2400
;TYPE:Perimeter
G1 F3600
G1 X99.504 Y80.496 E3.39518
G1 X99.504 Y81.252 E3.43154
G1 X99.504 Y109.504 E4.79036
G1 X70.496 Y109.504 E6.18554
G1 X70.496 Y80.556 E7.57784
G1 X70.111 Y80.111 F7800
G1 F3600
G1 X99.889 Y80.111 E9.01006
G1 X99.889 Y81.252 E9.06494
G1 X99.889 Y109.889 E10.44228
G1 X70.111 Y109.889 E11.8745
G1 X70.111 Y80.171 E13.30383
G1 X69.725 Y79.725 F7800
;TYPE:External perimeter
G1 F1800
G1 X100.275 Y79.725 E14.77318
G1 X100.275 Y81.252 E14.84662
G1 X100.275 Y110.275 E16.24253
G1 X69.725 Y110.275 E17.71188
G1 X69.725 Y79.785 E19.17834
G1 X70.121 Y79.726 F7800
G1 X71.397 Y80.612
;TYPE:Internal infill
;WIDTH:0.45
G1 F4200
G1 X70.785 Y81.223 E19.21993
G1 X70.785 Y81.772 E19.24634
G1 X71.772 Y80.785 E19.31347
G1 X72.321 Y80.785 E19.33988
G1 X70.612 Y82.494 E19.45612
G1 E17.45612 F2400
G92 E0
G1 X96.957 Y109.388 F7800
G1 E2 F2400
G1 F4200
G1 X97.562 Y108.783 E2.04115
G1 X97.011 Y108.785 E2.06765
G1 X96.581 Y109.215 E2.0969
G1 X96.033 Y109.215 E2.12326
G1 X96.462 Y108.785 E2.15247
G1 X95.913 Y108.785 E2.17888
G1 X95.484 Y109.215 E2.20809
G1 X94.935 Y109.215 E2.2345
G1 X95.364 Y108.785 E2.26371
G1 X94.815 Y108.785 E2.29012
G1 X94.386 Y109.215 E2.31933
G1 X93.837 Y109.215 E2.34574
G1 X94.266 Y108.785 E2.37495
G1 X93.717 Y108.785 E2.40136
G1 X93.288 Y109.215 E2.43057
G1 X92.739 Y109.215 E2.45698
G1 X93.169 Y108.785 E2.48623
G1 X92.62 Y108.785 E2.51264
G1 X92.191 Y109.215 E2.54185
G1 X91.642 Y109.215 E2.56826
G1 X92.071 Y108.785 E2.59747
G1 X91.522 Y108.785 E2.62388
G1 X91.093 Y109.215 E2.65309
G1 X90.544 Y109.215 E2.6795
G1 X90.973 Y108.785 E2.70871
G1 X90.424 Y108.785 E2.73512
G1 X89.995 Y109.215 E2.76433
G1 X89.446 Y109.215 E2.79074
G1 X89.875 Y108.785 E2.81995
G1 X89.327 Y108.785 E2.84631
G1 X88.898 Y109.215 E2.87552
G1 X88.349 Y109.215 E2.90193
G1 X88.778 Y108.785 E2.93114
G1 X88.229 Y108.785 E2.95755
G1 X87.8 Y109.215 E2.98676
G1 X87.251 Y109.215 E3.01317
G1 X87.68 Y108.785 E3.04238
G1 X87.131 Y108.785 E3.06879
G1 X86.702 Y109.215 E3.098
G1 X86.153 Y109.215 E3.12441
G1 X86.582 Y108.785 E3.15362
G1 X86.034 Y108.785 E3.17998
G1 X85.604 Y109.215 E3.20923
G1 X85.056 Y109.215 E3.23559
G1 X85.485 Y108.785 E3.2648
G1 X84.936 Y108.785 E3.29121
G1 X84.507 Y109.215 E3.32042
G1 X83.958 Y109.215 E3.34683
G1 X84.387 Y108.785 E3.37604
G1 X83.838 Y108.785 E3.40245
G1 X83.409 Y109.215 E3.43166
G1 X82.86 Y109.215 E3.45807
G1 X83.289 Y108.785 E3.48728
G1 X82.74 Y108.785 E3.51369
G1 X82.311 Y109.215 E3.5429
G1 X81.762 Y109.215 E3.56931
G1 X82.192 Y108.785 E3.59856
G1 X81.643 Y108.785 E3.62497
G1 X81.214 Y109.215 E3.65418
G1 X80.665 Y109.215 E3.68059
G1 X81.094 Y108.785 E3.7098
G1 X80.545 Y108.785 E3.73621
G1 X80.116 Y109.215 E3.76542
G1 X79.567 Y109.215 E3.79183
G1 X79.996 Y108.785 E3.82104
G1 X79.447 Y108.785 E3.84745
G1 X79.018 Y109.215 E3.87666
G1 X78.469 Y109.215 E3.90307
G1 X78.898 Y108.785 E3.93228
G1 X78.35 Y108.785 E3.95864
G1 X77.92 Y109.215 E3.98789
G1 X77.372 Y109.215 E4.01425
G1 X77.801 Y108.785 E4.04346
G1 X77.252 Y108.785 E4.06987
G1 X76.823 Y109.215 E4.09908
G1 X76.274 Y109.215 E4.12549
G1 X76.703 Y108.785 E4.1547
G1 X76.154 Y108.785 E4.18111
G1 X75.725 Y109.215 E4.21032
G1 X75.176 Y109.215 E4.23673
G1 X75.605 Y108.785 E4.26594
G1 X75.056 Y108.785 E4.29235
G1 X74.627 Y109.215 E4.32156
G1 X74.079 Y109.215 E4.34792
G1 X74.508 Y108.785 E4.37713
G1 X73.959 Y108.785 E4.40354
G1 X73.53 Y109.215 E4.43275
G1 X72.981 Y109.215 E4.45916
G1 X73.41 Y108.785 E4.48837
G1 X72.861 Y108.785 E4.51478
G1 X72.432 Y109.215 E4.54399
G1 X71.883 Y109.215 E4.5704
G1 X72.337 Y108.76 E4.60131
G1 X71.907 Y108.642 E4.62276
G1 X71.334 Y109.215 E4.66173
G1 X70.785 Y109.215 E4.68814
G1 X71.58 Y108.42 E4.74221
G1 X71.358 Y108.093 E4.76122
G1 X70.785 Y108.666 E4.80019
G1 X70.785 Y108.117 E4.8266
G1 X71.227 Y107.676 E4.85663
G1 X71.215 Y107.139 E4.88246
G1 X70.785 Y107.568 E4.91167
G1 X70.785 Y107.019 E4.93808
G1 X71.215 Y106.59 E4.96729
G1 X71.215 Y106.041 E4.9937
G1 X70.785 Y106.47 E5.02291
G1 X70.785 Y105.921 E5.04932
G1 X71.215 Y105.492 E5.07853
G1 X71.215 Y104.943 E5.10494
G1 X70.785 Y105.373 E5.13419
G1 X70.785 Y104.824 E5.1606
G1 X71.215 Y104.395 E5.18981
G1 X71.215 Y103.846 E5.21622
G1 X70.785 Y104.275 E5.24543
G1 X70.785 Y103.726 E5.27184
G1 X71.215 Y103.297 E5.30105
G1 X71.215 Y102.748 E5.32746
G1 X70.785 Y103.177 E5.35667
G1 X70.785 Y102.628 E5.38308
G1 X71.215 Y102.199 E5.41229
G1 X71.215 Y101.65 E5.4387
G1 X70.785 Y102.079 E5.46791
G1 X70.785 Y101.531 E5.49427
G1 X71.215 Y101.102 E5.52348
G1 X71.215 Y100.553 E5.54989
G1 X70.785 Y100.982 E5.5791
G1 X70.785 Y100.433 E5.60551
G1 X71.215 Y100.004 E5.63472
G1 X71.215 Y99.455 E5.66113
G1 X70.785 Y99.884 E5.69034
G1 X70.785 Y99.335 E5.71675
G1 X71.215 Y98.906 E5.74596
G1 X71.215 Y98.357 E5.77237
G1 X70.785 Y98.786 E5.80158
G1 X70.785 Y98.238 E5.82794
G1 X71.215 Y97.808 E5.85719
G1 X71.215 Y97.26 E5.88355
G1 X70.785 Y97.689 E5.91276
G1 X70.785 Y97.14 E5.93917
G1 X71.215 Y96.711 E5.96838
G1 X71.215 Y96.162 E5.99479
G1 X70.785 Y96.591 E6.024
G1 X70.785 Y96.042 E6.05041
G1 X71.215 Y95.613 E6.07962
G1 X71.215 Y95.064 E6.10603
G1 X70.785 Y95.493 E6.13524
G1 X70.785 Y94.944 E6.16165
G1 X71.215 Y94.515 E6.19086
G1 X71.215 Y93.966 E6.21727
G1 X70.785 Y94.396 E6.24652
G1 X70.785 Y93.847 E6.27293
G1 X71.215 Y93.418 E6.30214
G1 X71.215 Y92.869 E6.32855
G1 X70.785 Y93.298 E6.35776
G1 X70.785 Y92.749 E6.38417
G1 X71.215 Y92.32 E6.41338
G1 X71.215 Y91.771 E6.43979
G1 X70.785 Y92.2 E6.469
G1 X70.785 Y91.651 E6.49541
G1 X71.215 Y91.222 E6.52462
G1 X71.215 Y90.673 E6.55103
G1 X70.785 Y91.102 E6.58024
G1 X70.785 Y90.554 E6.6066
G1 X71.215 Y90.125 E6.63581
G1 X71.215 Y89.576 E6.66222
G1 X70.785 Y90.005 E6.69143
G1 X70.785 Y89.456 E6.71784
G1 X71.215 Y89.027 E6.74705
G1 X71.215 Y88.478 E6.77346
G1 X70.785 Y88.907 E6.80267
G1 X70.785 Y88.358 E6.82908
G1 X71.215 Y87.929 E6.85829
G1 X71.215 Y87.38 E6.8847
G1 X70.785 Y87.809 E6.91391
G1 X70.785 Y87.261 E6.94027
G1 X71.215 Y86.831 E6.96952
G1 X71.215 Y86.283 E6.99588
G1 X70.785 Y86.712 E7.02509
G1 X70.785 Y86.163 E7.0515
G1 X71.215 Y85.734 E7.08071
G1 X71.215 Y85.185 E7.10712
G1 X70.785 Y85.614 E7.13633
G1 X70.785 Y85.065 E7.16274
G1 X71.215 Y84.636 E7.19195
G1 X71.215 Y84.087 E7.21836
G1 X70.785 Y84.516 E7.24757
G1 X70.785 Y83.967 E7.27398
G1 X71.215 Y83.538 E7.30319
G1 X71.215 Y82.989 E7.3296
G1 X70.785 Y83.419 E7.35885
G1 X70.785 Y82.87 E7.38526
G1 X71.219 Y82.436 E7.41478
G1 X71.316 Y81.97 E7.43767
G1 X71.58 Y81.58 E7.46032
G1 X71.966 Y81.318 E7.48276
G1 X72.438 Y81.217 E7.50598
G1 X72.87 Y80.785 E7.53536
G1 X73.419 Y80.785 E7.56177
G1 X72.989 Y81.215 E7.59102
G1 X73.538 Y81.215 E7.61743
G1 X73.967 Y80.785 E7.64664
G1 X74.516 Y80.785 E7.67305
G1 X74.087 Y81.215 E7.70226
G1 X74.636 Y81.215 E7.72867
G1 X75.065 Y80.785 E7.75788
G1 X75.614 Y80.785 E7.78429
G1 X75.185 Y81.215 E7.8135
G1 X75.734 Y81.215 E7.83991
G1 X76.163 Y80.785 E7.86912
G1 X76.712 Y80.785 E7.89553
G1 X76.283 Y81.215 E7.92474
G1 X76.831 Y81.215 E7.9511
G1 X77.261 Y80.785 E7.98035
G1 X77.809 Y80.785 E8.00671
G1 X77.38 Y81.215 E8.03592
G1 X77.929 Y81.215 E8.06233
G1 X78.358 Y80.785 E8.09154
G1 X78.907 Y80.785 E8.11795
G1 X78.478 Y81.215 E8.14716
G1 X79.027 Y81.215 E8.17357
G1 X79.456 Y80.785 E8.20278
G1 X80.005 Y80.785 E8.22919
G1 X79.576 Y81.215 E8.2584
G1 X80.125 Y81.215 E8.28481
G1 X80.554 Y80.785 E8.31402
G1 X81.102 Y80.785 E8.34038
G1 X80.673 Y81.215 E8.36959
G1 X81.222 Y81.215 E8.396
G1 X81.651 Y80.785 E8.42521
G1 X82.2 Y80.785 E8.45162
G1 X81.771 Y81.215 E8.48083
G1 X82.32 Y81.215 E8.50724
G1 X82.749 Y80.785 E8.53645
G1 X83.298 Y80.785 E8.56286
G1 X82.869 Y81.215 E8.59207
G1 X83.418 Y81.215 E8.61848
G1 X83.847 Y80.785 E8.64769
G1 X84.396 Y80.785 E8.6741
G1 X83.966 Y81.215 E8.70335
G1 X84.515 Y81.215 E8.72976
G1 X84.944 Y80.785 E8.75897
G1 X85.493 Y80.785 E8.78538
G1 X85.064 Y81.215 E8.81459
G1 X85.613 Y81.215 E8.841
G1 X86.042 Y80.785 E8.87021
G1 X86.591 Y80.785 E8.89662
G1 X86.162 Y81.215 E8.92583
G1 X86.711 Y81.215 E8.95224
G1 X87.14 Y80.785 E8.98145
G1 X87.689 Y80.785 E9.00786
G1 X87.26 Y81.215 E9.03707
G1 X87.808 Y81.215 E9.06343
G1 X88.238 Y80.785 E9.09268
G1 X88.786 Y80.785 E9.11904
G1 X88.357 Y81.215 E9.14825
G1 X88.906 Y81.215 E9.17466
G1 X89.335 Y80.785 E9.20387
G1 X89.884 Y80.785 E9.23028
G1 X89.455 Y81.215 E9.25949
G1 X90.004 Y81.215 E9.2859
G1 X90.433 Y80.785 E9.31511
G1 X90.982 Y80.785 E9.34152
G1 X90.553 Y81.215 E9.37073
G1 X91.102 Y81.215 E9.39714
G1 X91.531 Y80.785 E9.42635
G1 X92.079 Y80.785 E9.45271
G1 X91.65 Y81.215 E9.48192
G1 X92.199 Y81.215 E9.50833
G1 X92.628 Y80.785 E9.53754
G1 X93.177 Y80.785 E9.56395
G1 X92.748 Y81.215 E9.59316
G1 X93.297 Y81.215 E9.61957
G1 X93.726 Y80.785 E9.64878
G1 X94.275 Y80.785 E9.67519
G1 X93.846 Y81.215 E9.7044
G1 X94.395 Y81.215 E9.73081
G1 X94.824 Y80.785 E9.76002
G1 X95.373 Y80.785 E9.78643
G1 X94.943 Y81.215 E9.81568
G1 X95.492 Y81.215 E9.84209
G1 X95.921 Y80.785 E9.8713
G1 X96.47 Y80.785 E9.89771
G1 X96.041 Y81.215 E9.92692
G1 X96.59 Y81.215 E9.95333
G1 X97.019 Y80.785 E9.98254
G1 X97.568 Y80.785 E10.00895
G1 X97.139 Y81.215 E10.03816
G1 X97.663 Y81.24 E10.06339
G1 X98.117 Y80.785 E10.0943
G1 X98.666 Y80.785 E10.12071
G1 X98.093 Y81.358 E10.15968
G1 X98.42 Y81.58 E10.17869
G1 X99.215 Y80.785 E10.23276
G1 X99.215 Y81.334 E10.25917
G1 X98.642 Y81.907 E10.29814
G1 X98.76 Y82.337 E10.31959
G1 X99.215 Y81.883 E10.3505
G1 X99.215 Y82.432 E10.37691
G1 X98.785 Y82.861 E10.40612
G1 X98.785 Y83.41 E10.43253
G1 X99.215 Y82.981 E10.46174
G1 X99.215 Y83.53 E10.48815
G1 X98.785 Y83.959 E10.51736
G1 X98.785 Y84.508 E10.54377
G1 X99.215 Y84.079 E10.57298
G1 X99.215 Y84.627 E10.59934
G1 X98.785 Y85.056 E10.62855
G1 X98.785 Y85.605 E10.65496
G1 X99.215 Y85.176 E10.68417
G1 X99.215 Y85.725 E10.71058
G1 X98.785 Y86.154 E10.73979
G1 X98.785 Y86.703 E10.7662
G1 X99.215 Y86.274 E10.79541
G1 X99.215 Y86.823 E10.82182
G1 X98.785 Y87.252 E10.85103
G1 X98.785 Y87.801 E10.87744
G1 X99.215 Y87.372 E10.90665
G1 X99.215 Y87.921 E10.93306
G1 X98.785 Y88.35 E10.96227
G1 X98.785 Y88.898 E10.98863
G1 X99.215 Y88.469 E11.01784
G1 X99.215 Y89.018 E11.04425
G1 X98.785 Y89.447 E11.07346
G1 X98.785 Y89.996 E11.09987
G1 X99.215 Y89.567 E11.12908
G1 X99.215 Y90.116 E11.15549
G1 X98.785 Y90.545 E11.1847
G1 X98.785 Y91.094 E11.21111
G1 X99.215 Y90.665 E11.24032
G1 X99.215 Y91.214 E11.26673
G1 X98.785 Y91.643 E11.29594
G1 X98.785 Y92.192 E11.32235
G1 X99.215 Y91.762 E11.3516
G1 X99.215 Y92.311 E11.37801
G1 X98.785 Y92.74 E11.40722
G1 X98.785 Y93.289 E11.43363
G1 X99.215 Y92.86 E11.46284
G1 X99.215 Y93.409 E11.48925
G1 X98.785 Y93.838 E11.51846
G1 X98.785 Y94.387 E11.54487
G1 X99.215 Y93.958 E11.57408
G1 X99.215 Y94.507 E11.60049
G1 X98.785 Y94.936 E11.6297
G1 X98.785 Y95.485 E11.65611
G1 X99.215 Y95.056 E11.68532
G1 X99.215 Y95.604 E11.71168
G1 X98.785 Y96.034 E11.74093
G1 X98.785 Y96.582 E11.76729
G1 X99.215 Y96.153 E11.7965
G1 X99.215 Y96.702 E11.82291
G1 X98.785 Y97.131 E11.85212
G1 X98.785 Y97.68 E11.87853
G1 X99.215 Y97.251 E11.90774
G1 X99.215 Y97.8 E11.93415
G1 X98.785 Y98.229 E11.96336
G1 X98.785 Y98.778 E11.98977
G1 X99.215 Y98.349 E12.01898
G1 X99.215 Y98.898 E12.04539
G1 X98.785 Y99.327 E12.0746
G1 X98.785 Y99.875 E12.10096
G1 X99.215 Y99.446 E12.13017
G1 X99.215 Y99.995 E12.15658
G1 X98.785 Y100.424 E12.18579
G1 X98.785 Y100.973 E12.2122
G1 X99.215 Y100.544 E12.24141
G1 X99.215 Y101.093 E12.26782
G1 X98.785 Y101.522 E12.29703
G1 X98.785 Y102.071 E12.32344
G1 X99.215 Y101.642 E12.35265
G1 X99.215 Y102.191 E12.37906
G1 X98.785 Y102.62 E12.40827
G1 X98.785 Y103.169 E12.43468
G1 X99.215 Y102.739 E12.46393
G1 X99.215 Y103.288 E12.49034
G1 X98.785 Y103.717 E12.51955
G1 X98.785 Y104.266 E12.54596
G1 X99.215 Y103.837 E12.57517
G1 X99.215 Y104.386 E12.60158
G1 X98.785 Y104.815 E12.63079
G1 X98.785 Y105.364 E12.6572
G1 X99.215 Y104.935 E12.68641
G1 X99.215 Y105.484 E12.71282
G1 X98.785 Y105.913 E12.74203
G1 X98.785 Y106.462 E12.76844
G1 X99.215 Y106.033 E12.79765
G1 X99.215 Y106.581 E12.82401
G1 X98.785 Y107.011 E12.85326
G1 X98.783 Y107.562 E12.87976
G1 X99.215 Y107.13 E12.90914
G1 X99.215 Y107.679 E12.93555
G1 X97.679 Y109.215 E13.04003
G1 X98.228 Y109.215 E13.06644
G1 X99.215 Y108.228 E13.13357
G1 X99.215 Y108.777 E13.15998
G1 X98.603 Y109.388 E13.20157
G1 E11.20157 F2400
G92 E0
G1 X74.812 Y84.779 F7800
G1 E2 F2400
;TYPE:External perimeter
;WIDTH:0.583165
G1 F1800
G1 X74.876 Y84.765 E2.00424
;WIDTH:0.545178
G1 X74.968 Y84.746 E2.00987
;WIDTH:0.507191
G1 X95.032 Y84.746 E3.118
;WIDTH:0.545178
G1 X95.124 Y84.765 E3.12363
;WIDTH:0.583165
G1 X95.216 Y84.784 E3.12971
G1 X95.235 Y84.876 E3.13579
;WIDTH:0.545178
G1 X95.254 Y84.968 E3.14142
;WIDTH:0.507191
G1 X95.254 Y105.032 E4.24955
;WIDTH:0.545178
G1 X95.235 Y105.124 E4.25518
;WIDTH:0.583165
G1 X95.216 Y105.216 E4.26126
G1 X95.124 Y105.235 E4.26734
;WIDTH:0.545178
G1 X95.032 Y105.254 E4.27297
;WIDTH:0.507191
G1 X74.968 Y105.254 E5.3811
;WIDTH:0.545178
G1 X74.876 Y105.235 E5.38673
;WIDTH:0.583165
G1 X74.784 Y105.216 E5.39281
G1 X74.765 Y105.124 E5.39889
;WIDTH:0.545178
G1 X74.746 Y105.032 E5.40452
;WIDTH:0.507191
G1 X74.746 Y84.968 E6.51265
;WIDTH:0.545178
G1 X74.765 Y84.876 E6.51828
;WIDTH:0.583165
G1 X74.778 Y84.816 E6.52225
G1 X75.173 Y84.752 F7800
G1 E4.52225 F2400
G92 E0
G1 X95.658 Y105.658 F7800
G1 E2 F2400
G1 F1800
G1 X95.345 Y105.677 E2.02029
;WIDTH:0.545178
G1 X95.032 Y105.696 E2.03909
;WIDTH:0.507191
G1 X74.968 Y105.696 E3.14722
;WIDTH:0.545178
G1 X74.655 Y105.677 E3.16602
;WIDTH:0.583165
G1 X74.342 Y105.658 E3.18631
G1 X74.323 Y105.345 E3.2066
;WIDTH:0.545178
G1 X74.304 Y105.032 E3.2254
;WIDTH:0.507191
G1 X74.304 Y84.968 E4.33353
;WIDTH:0.545178
G1 X74.323 Y84.655 E4.35233
;WIDTH:0.583165
G1 X74.342 Y84.342 E4.37262
G1 X74.655 Y84.323 E4.39291
;WIDTH:0.545178
G1 X74.968 Y84.304 E4.41171
;WIDTH:0.507191
G1 X95.032 Y84.304 E5.51984
;WIDTH:0.545178
G1 X95.345 Y84.323 E5.53864
;WIDTH:0.583165
G1 X95.658 Y84.342 E5.55893
G1 X95.658 Y84.601 E5.57569
G1 X95.677 Y84.784 E5.58759
;WIDTH:0.545178
G1 X95.696 Y84.968 E5.59868
;WIDTH:0.507191
G1 X95.696 Y105.032 E6.70681
;WIDTH:0.510546
G1 X95.695 Y105.109 E6.7111
;WIDTH:0.546855
G1 X95.677 Y105.384 E6.72768
;WIDTH:0.583165
G1 X95.662 Y105.599 E6.74163
G1 X95.271 Y105.68 F7800
;LAYER_CHANGE
;Z:11.15
;HEIGHT:0.299999
G1 E4.74163 F2400
G92 E0
G1 Z11.15 F7800
G1 X98.21 Y108.217
G1 E2 F2400
;TYPE:Perimeter
;WIDTH:0.45
G1 F3600
G1 X97.915 Y108.417 E2.01714
G1 X97.532 Y108.496 E2.03595
G1 X72.468 Y108.496 E3.24144
G1 X72.085 Y108.417 E3.26025
G1 X71.786 Y108.214 E3.27763
G1 X71.583 Y107.915 E3.29501
G1 X71.504 Y107.532 E3.31382
G1 X71.504 Y82.468 E4.51931
G1 X71.583 Y82.085 E4.53812
G1 X71.786 Y81.786 E4.5555
G1 X72.085 Y81.583 E4.57288
G1 X72.468 Y81.504 E4.59169
G1 X97.532 Y81.504 E5.79718
G1 X97.915 Y81.583 E5.81599
G1 X98.214 Y81.786 E5.83337
G1 X98.417 Y82.085 E5.85075
G1 X98.496 Y82.468 E5.86956
G1 X98.496 Y107.532 E7.07505
G1 X98.417 Y107.915 E7.09386
G1 X98.245 Y108.169 E7.10861
G1 X97.943 Y107.938 F7800
G1 F3600
G1 X97.941 Y107.941 E7.10878
G1 X97.762 Y108.063 E7.1192
G1 X97.532 Y108.111 E7.1305
G1 X72.468 Y108.111 E8.33599
G1 X72.238 Y108.063 E8.34729
G1 X72.059 Y107.941 E8.35771
G1 X71.937 Y107.762 E8.36813
G1 X71.889 Y107.532 E8.37943
G1 X71.889 Y82.468 E9.58492
G1 X71.937 Y82.238 E9.59622
G1 X72.059 Y82.059 E9.60664
G1 X72.238 Y81.937 E9.61706
G1 X72.468 Y81.889 E9.62836
G1 X97.532 Y81.889 E10.83385
G1 X97.762 Y81.937 E10.84515
G1 X97.941 Y82.059 E10.85557
G1 X98.063 Y82.238 E10.86599
G1 X98.111 Y82.468 E10.87729
G1 X98.111 Y107.532 E12.08278
G1 X98.063 Y107.762 E12.09408
G1 X97.977 Y107.889 E12.10146
G1 X97.671 Y107.662 F7800
;TYPE:External perimeter
G1 F1800
G1 X97.669 Y107.669 E12.10181
G1 X97.532 Y107.725 E12.10893
G1 X72.468 Y107.725 E13.31442
G1 X72.331 Y107.669 E13.32154
G1 X72.275 Y107.532 E13.32866
G1 X72.275 Y82.468 E14.53415
G1 X72.331 Y82.331 E14.54127
G1 X72.468 Y82.275 E14.54839
G1 X97.532 Y82.275 E15.75388
G1 X97.669 Y82.331 E15.761
G1 X97.725 Y82.468 E15.76812
G1 X97.725 Y107.532 E16.97361
G1 X97.694 Y107.607 E16.97751
G1 X97.31 Y107.718 F7800
G1 E14.97751 F2400
G92 E0
G1 X70.496 Y80.496 F7800
G1 E2 F2400
;TYPE:Perimeter
G1 F3600
G1 X99.504 Y80.496 E3.39518
G1 X99.504 Y81.252 E3.43154
G1 X99.504 Y109.504 E4.79036
G1 X70.496 Y109.504 E6.18554
G1 X70.496 Y80.556 E7.57784
G1 X70.111 Y80.111 F7800
G1 F3600
G1 X99.889 Y80.111 E9.01006
G1 X99.889 Y81.252 E9.06494
G1 X99.889 Y109.889 E10.44228
G1 X70.111 Y109.889 E11.8745
G1 X70.111 Y80.171 E13.30383
G1 X69.725 Y79.725 F7800
;TYPE:External perimeter
G1 F1800
G1 X100.275 Y79.725 E14.77318
G1 X100.275 Y81.252 E14.84662
G1 X100.275 Y110.275 E16.24253
G1 X69.725 Y110.275 E17.71188
G1 X69.725 Y79.785 E19.17834
G1 X70.121 Y79.726 F7800
G1 E17.17834 F2400
G92 E0
G1 X70.612 Y108.603 F7800
G1 E2 F2400
;TYPE:Internal infill
;WIDTH:0.45
G1 F4200
G1 X71.223 Y109.215 E2.04159
G1 X71.772 Y109.215 E2.068
G1 X70.785 Y108.228 E2.13513
G1 X70.785 Y107.679 E2.16154
G1 X72.494 Y109.388 E2.27778
G1 E.27778 F2400
G92 E0
G1 X99.388 Y83.043 F7800
G1 E2 F2400
G1 F4200
G1 X98.781 Y82.436 E2.04129
G1 X98.785 Y82.989 E2.06789
G1 X99.215 Y83.419 E2.09714
G1 X99.215 Y83.967 E2.1235
G1 X98.785 Y83.538 E2.15271
G1 X98.785 Y84.087 E2.17912
G1 X99.215 Y84.516 E2.20833
G1 X99.215 Y85.065 E2.23474
G1 X98.785 Y84.636 E2.26395
G1 X98.785 Y85.185 E2.29036
G1 X99.215 Y85.614 E2.31957
G1 X99.215 Y86.163 E2.34598
G1 X98.785 Y85.734 E2.37519
G1 X98.785 Y86.283 E2.4016
G1 X99.215 Y86.712 E2.43081
G1 X99.215 Y87.261 E2.45722
G1 X98.785 Y86.831 E2.48647
G1 X98.785 Y87.38 E2.51288
G1 X99.215 Y87.809 E2.54209
G1 X99.215 Y88.358 E2.5685
G1 X98.785 Y87.929 E2.59771
G1 X98.785 Y88.478 E2.62412
G1 X99.215 Y88.907 E2.65333
G1 X99.215 Y89.456 E2.67974
G1 X98.785 Y89.027 E2.70895
G1 X98.785 Y89.576 E2.73536
G1 X99.215 Y90.005 E2.76457
G1 X99.215 Y90.554 E2.79098
G1 X98.785 Y90.125 E2.82019
G1 X98.785 Y90.673 E2.84655
G1 X99.215 Y91.102 E2.87576
G1 X99.215 Y91.651 E2.90217
G1 X98.785 Y91.222 E2.93138
G1 X98.785 Y91.771 E2.95779
G1 X99.215 Y92.2 E2.987
G1 X99.215 Y92.749 E3.01341
G1 X98.785 Y92.32 E3.04262
G1 X98.785 Y92.869 E3.06903
G1 X99.215 Y93.298 E3.09824
G1 X99.215 Y93.847 E3.12465
G1 X98.785 Y93.418 E3.15386
G1 X98.785 Y93.966 E3.18022
G1 X99.215 Y94.396 E3.20947
G1 X99.215 Y94.944 E3.23583
G1 X98.785 Y94.515 E3.26504
G1 X98.785 Y95.064 E3.29145
G1 X99.215 Y95.493 E3.32066
G1 X99.215 Y96.042 E3.34707
G1 X98.785 Y95.613 E3.37628
G1 X98.785 Y96.162 E3.40269
G1 X99.215 Y96.591 E3.4319
G1 X99.215 Y97.14 E3.45831
G1 X98.785 Y96.711 E3.48752
G1 X98.785 Y97.26 E3.51393
G1 X99.215 Y97.689 E3.54314
G1 X99.215 Y98.238 E3.56955
G1 X98.785 Y97.808 E3.5988
G1 X98.785 Y98.357 E3.62521
G1 X99.215 Y98.786 E3.65442
G1 X99.215 Y99.335 E3.68083
G1 X98.785 Y98.906 E3.71004
G1 X98.785 Y99.455 E3.73645
G1 X99.215 Y99.884 E3.76566
G1 X99.215 Y100.433 E3.79207
G1 X98.785 Y100.004 E3.82128
G1 X98.785 Y100.553 E3.84769
G1 X99.215 Y100.982 E3.8769
G1 X99.215 Y101.531 E3.90331
G1 X98.785 Y101.102 E3.93252
G1 X98.785 Y101.65 E3.95888
G1 X99.215 Y102.08 E3.98813
G1 X99.215 Y102.628 E4.01449
G1 X98.785 Y102.199 E4.0437
G1 X98.785 Y102.748 E4.07011
G1 X99.215 Y103.177 E4.09932
G1 X99.215 Y103.726 E4.12573
G1 X98.785 Y103.297 E4.15494
G1 X98.785 Y103.846 E4.18135
G1 X99.215 Y104.275 E4.21056
G1 X99.215 Y104.824 E4.23697
G1 X98.785 Y104.395 E4.26618
G1 X98.785 Y104.944 E4.29259
G1 X99.215 Y105.373 E4.3218
G1 X99.215 Y105.921 E4.34816
G1 X98.785 Y105.492 E4.37737
G1 X98.785 Y106.041 E4.40378
G1 X99.215 Y106.47 E4.43299
G1 X99.215 Y107.019 E4.4594
G1 X98.785 Y106.59 E4.48861
G1 X98.785 Y107.139 E4.51502
G1 X99.215 Y107.568 E4.54423
G1 X99.215 Y108.117 E4.57064
G1 X98.773 Y107.676 E4.60067
G1 X98.642 Y108.093 E4.62169
G1 X99.215 Y108.666 E4.66066
G1 X99.215 Y109.215 E4.68707
G1 X98.42 Y108.42 E4.74114
G1 X98.093 Y108.642 E4.76015
G1 X98.666 Y109.215 E4.79912
G1 X98.117 Y109.215 E4.82553
G1 X97.676 Y108.773 E4.85556
G1 X97.139 Y108.785 E4.88139
G1 X97.568 Y109.215 E4.9106
G1 X97.019 Y109.215 E4.93701
G1 X96.59 Y108.785 E4.96622
G1 X96.041 Y108.785 E4.99263
G1 X96.47 Y109.215 E5.02184
G1 X95.921 Y109.215 E5.04825
G1 X95.492 Y108.785 E5.07746
G1 X94.943 Y108.785 E5.10387
G1 X95.373 Y109.215 E5.13312
G1 X94.824 Y109.215 E5.15953
G1 X94.395 Y108.785 E5.18874
G1 X93.846 Y108.785 E5.21515
G1 X94.275 Y109.215 E5.24436
G1 X93.726 Y109.215 E5.27077
G1 X93.297 Y108.785 E5.29998
G1 X92.748 Y108.785 E5.32639
G1 X93.177 Y109.215 E5.3556
G1 X92.628 Y109.215 E5.38201
G1 X92.199 Y108.785 E5.41122
G1 X91.65 Y108.785 E5.43763
G1 X92.079 Y109.215 E5.46684
G1 X91.531 Y109.215 E5.4932
G1 X91.102 Y108.785 E5.52241
G1 X90.553 Y108.785 E5.54882
G1 X90.982 Y109.215 E5.57803
G1 X90.433 Y109.215 E5.60444
G1 X90.004 Y108.785 E5.63365
G1 X89.455 Y108.785 E5.66006
G1 X89.884 Y109.215 E5.68927
G1 X89.335 Y109.215 E5.71568
G1 X88.906 Y108.785 E5.74489
G1 X88.357 Y108.785 E5.7713
G1 X88.786 Y109.215 E5.80051
G1 X88.238 Y109.215 E5.82687
G1 X87.808 Y108.785 E5.85612
G1 X87.26 Y108.785 E5.88248
G1 X87.689 Y109.215 E5.91169
G1 X87.14 Y109.215 E5.9381
G1 X86.711 Y108.785 E5.96731
G1 X86.162 Y108.785 E5.99372
G1 X86.591 Y109.215 E6.02293
G1 X86.042 Y109.215 E6.04934
G1 X85.613 Y108.785 E6.07855
G1 X85.064 Y108.785 E6.10496
G1 X85.493 Y109.215 E6.13417
G1 X84.944 Y109.215 E6.16058
G1 X84.515 Y108.785 E6.18979
G1 X83.966 Y108.785 E6.2162
G1 X84.396 Y109.215 E6.24545
G1 X83.847 Y109.215 E6.27186
G1 X83.418 Y108.785 E6.30107
G1 X82.869 Y108.785 E6.32748
G1 X83.298 Y109.215 E6.35669
G1 X82.749 Y109.215 E6.3831
G1 X82.32 Y108.785 E6.41231
G1 X81.771 Y108.785 E6.43872
G1 X82.2 Y109.215 E6.46793
G1 X81.651 Y109.215 E6.49434
G1 X81.222 Y108.785 E6.52355
G1 X80.673 Y108.785 E6.54996
G1 X81.102 Y109.215 E6.57917
G1 X80.554 Y109.215 E6.60553
G1 X80.125 Y108.785 E6.63474
G1 X79.576 Y108.785 E6.66115
G1 X80.005 Y109.215 E6.69036
G1 X79.456 Y109.215 E6.71677
G1 X79.027 Y108.785 E6.74598
G1 X78.478 Y108.785 E6.77239
G1 X78.907 Y109.215 E6.8016
G1 X78.358 Y109.215 E6.82801
G1 X77.929 Y108.785 E6.85722
G1 X77.38 Y108.785 E6.88363
G1 X77.809 Y109.215 E6.91284
G1 X77.261 Y109.215 E6.9392
G1 X76.831 Y108.785 E6.96845
G1 X76.283 Y108.785 E6.99481
G1 X76.712 Y109.215 E7.02402
G1 X76.163 Y109.215 E7.05043
G1 X75.734 Y108.785 E7.07964
G1 X75.185 Y108.785 E7.10605
G1 X75.614 Y109.215 E7.13526
G1 X75.065 Y109.215 E7.16167
G1 X74.636 Y108.785 E7.19088
G1 X74.087 Y108.785 E7.21729
G1 X74.516 Y109.215 E7.2465
G1 X73.967 Y109.215 E7.27291
G1 X73.538 Y108.785 E7.30212
G1 X72.989 Y108.785 E7.32853
G1 X73.419 Y109.215 E7.35778
G1 X72.87 Y109.215 E7.38419
G1 X72.436 Y108.781 E7.41371
G1 X71.97 Y108.684 E7.4366
G1 X71.58 Y108.42 E7.45925
G1 X71.318 Y108.034 E7.48169
G1 X71.217 Y107.562 E7.50491
G1 X70.785 Y107.13 E7.53429
G1 X70.785 Y106.581 E7.5607
G1 X71.215 Y107.011 E7.58995
G1 X71.215 Y106.462 E7.61636
G1 X70.785 Y106.033 E7.64557
G1 X70.785 Y105.484 E7.67198
G1 X71.215 Y105.913 E7.70119
G1 X71.215 Y105.364 E7.7276
G1 X70.785 Y104.935 E7.75681
G1 X70.785 Y104.386 E7.78322
G1 X71.215 Y104.815 E7.81243
G1 X71.215 Y104.266 E7.83884
G1 X70.785 Y103.837 E7.86805
G1 X70.785 Y103.288 E7.89446
G1 X71.215 Y103.717 E7.92367
G1 X71.215 Y103.169 E7.95003
G1 X70.785 Y102.739 E7.97928
G1 X70.785 Y102.191 E8.00564
G1 X71.215 Y102.62 E8.03485
G1 X71.215 Y102.071 E8.06126
G1 X70.785 Y101.642 E8.09047
G1 X70.785 Y101.093 E8.11688
G1 X71.215 Y101.522 E8.14609
G1 X71.215 Y100.973 E8.1725
G1 X70.785 Y100.544 E8.20171
G1 X70.785 Y99.995 E8.22812
G1 X71.215 Y100.424 E8.25733
G1 X71.215 Y99.875 E8.28374
G1 X70.785 Y99.446 E8.31295
G1 X70.785 Y98.898 E8.33931
G1 X71.215 Y99.327 E8.36852
G1 X71.215 Y98.778 E8.39493
G1 X70.785 Y98.349 E8.42414
G1 X70.785 Y97.8 E8.45055
G1 X71.215 Y98.229 E8.47976
G1 X71.215 Y97.68 E8.50617
G1 X70.785 Y97.251 E8.53538
G1 X70.785 Y96.702 E8.56179
G1 X71.215 Y97.131 E8.591
G1 X71.215 Y96.582 E8.61741
G1 X70.785 Y96.153 E8.64662
G1 X70.785 Y95.604 E8.67303
G1 X71.215 Y96.034 E8.70228
G1 X71.215 Y95.485 E8.72869
G1 X70.785 Y95.056 E8.7579
G1 X70.785 Y94.507 E8.78431
G1 X71.215 Y94.936 E8.81352
G1 X71.215 Y94.387 E8.83993
G1 X70.785 Y93.958 E8.86914
G1 X70.785 Y93.409 E8.89555
G1 X71.215 Y93.838 E8.92476
G1 X71.215 Y93.289 E8.95117
G1 X70.785 Y92.86 E8.98038
G1 X70.785 Y92.311 E9.00679
G1 X71.215 Y92.74 E9.036
G1 X71.215 Y92.192 E9.06236
G1 X70.785 Y91.762 E9.09161
G1 X70.785 Y91.214 E9.11797
G1 X71.215 Y91.643 E9.14718
G1 X71.215 Y91.094 E9.17359
G1 X70.785 Y90.665 E9.2028
G1 X70.785 Y90.116 E9.22921
G1 X71.215 Y90.545 E9.25842
G1 X71.215 Y89.996 E9.28483
G1 X70.785 Y89.567 E9.31404
G1 X70.785 Y89.018 E9.34045
G1 X71.215 Y89.447 E9.36966
G1 X71.215 Y88.898 E9.39607
G1 X70.785 Y88.469 E9.42528
G1 X70.785 Y87.921 E9.45164
G1 X71.215 Y88.35 E9.48085
G1 X71.215 Y87.801 E9.50726
G1 X70.785 Y87.372 E9.53647
G1 X70.785 Y86.823 E9.56288
G1 X71.215 Y87.252 E9.59209
G1 X71.215 Y86.703 E9.6185
G1 X70.785 Y86.274 E9.64771
G1 X70.785 Y85.725 E9.67412
G1 X71.215 Y86.154 E9.70333
G1 X71.215 Y85.605 E9.72974
G1 X70.785 Y85.176 E9.75895
G1 X70.785 Y84.627 E9.78536
G1 X71.215 Y85.057 E9.81461
G1 X71.215 Y84.508 E9.84102
G1 X70.785 Y84.079 E9.87023
G1 X70.785 Y83.53 E9.89664
G1 X71.215 Y83.959 E9.92585
G1 X71.215 Y83.41 E9.95226
G1 X70.785 Y82.981 E9.98147
G1 X70.785 Y82.432 E10.00788
G1 X71.215 Y82.861 E10.03709
G1 X71.24 Y82.337 E10.06232
G1 X70.785 Y81.883 E10.09323
G1 X70.785 Y81.334 E10.11964
G1 X71.358 Y81.907 E10.15861
G1 X71.58 Y81.58 E10.17762
G1 X70.785 Y80.785 E10.23169
G1 X71.334 Y80.785 E10.2581
G1 X71.907 Y81.358 E10.29707
G1 X72.324 Y81.227 E10.31809
G1 X71.883 Y80.785 E10.34812
G1 X72.432 Y80.785 E10.37453
G1 X72.861 Y81.215 E10.40374
G1 X73.41 Y81.215 E10.43015
G1 X72.981 Y80.785 E10.45936
G1 X73.53 Y80.785 E10.48577
G1 X73.959 Y81.215 E10.51498
G1 X74.508 Y81.215 E10.54139
G1 X74.079 Y80.785 E10.5706
G1 X74.627 Y80.785 E10.59696
G1 X75.056 Y81.215 E10.62617
G1 X75.605 Y81.215 E10.65258
G1 X75.176 Y80.785 E10.68179
G1 X75.725 Y80.785 E10.7082
G1 X76.154 Y81.215 E10.73741
G1 X76.703 Y81.215 E10.76382
G1 X76.274 Y80.785 E10.79303
G1 X76.823 Y80.785 E10.81944
G1 X77.252 Y81.215 E10.84865
G1 X77.801 Y81.215 E10.87506
G1 X77.372 Y80.785 E10.90427
G1 X77.92 Y80.785 E10.93063
G1 X78.35 Y81.215 E10.95988
G1 X78.898 Y81.215 E10.98624
G1 X78.469 Y80.785 E11.01545
G1 X79.018 Y80.785 E11.04186
G1 X79.447 Y81.215 E11.07107
G1 X79.996 Y81.215 E11.09748
G1 X79.567 Y80.785 E11.12669
G1 X80.116 Y80.785 E11.1531
G1 X80.545 Y81.215 E11.18231
G1 X81.094 Y81.215 E11.20872
G1 X80.665 Y80.785 E11.23793
G1 X81.214 Y80.785 E11.26434
G1 X81.643 Y81.215 E11.29355
G1 X82.192 Y81.215 E11.31996
G1 X81.762 Y80.785 E11.34921
G1 X82.311 Y80.785 E11.37562
G1 X82.74 Y81.215 E11.40483
G1 X83.289 Y81.215 E11.43124
G1 X82.86 Y80.785 E11.46045
G1 X83.409 Y80.785 E11.48686
G1 X83.838 Y81.215 E11.51607
G1 X84.387 Y81.215 E11.54248
G1 X83.958 Y80.785 E11.57169
G1 X84.507 Y80.785 E11.5981
G1 X84.936 Y81.215 E11.62731
G1 X85.485 Y81.215 E11.65372
G1 X85.056 Y80.785 E11.68293
G1 X85.604 Y80.785 E11.70929
G1 X86.034 Y81.215 E11.73854
G1 X86.582 Y81.215 E11.7649
G1 X86.153 Y80.785 E11.79411
G1 X86.702 Y80.785 E11.82052
G1 X87.131 Y81.215 E11.84973
G1 X87.68 Y81.215 E11.87614
G1 X87.251 Y80.785 E11.90535
G1 X87.8 Y80.785 E11.93176
G1 X88.229 Y81.215 E11.96097
G1 X88.778 Y81.215 E11.98738
G1 X88.349 Y80.785 E12.01659
G1 X88.898 Y80.785 E12.043
G1 X89.327 Y81.215 E12.07221
G1 X89.875 Y81.215 E12.09857
G1 X89.446 Y80.785 E12.12778
G1 X89.995 Y80.785 E12.15419
G1 X90.424 Y81.215 E12.1834
G1 X90.973 Y81.215 E12.20981
G1 X90.544 Y80.785 E12.23902
G1 X91.093 Y80.785 E12.26543
G1 X91.522 Y81.215 E12.29464
G1 X92.071 Y81.215 E12.32105
G1 X91.642 Y80.785 E12.35026
G1 X92.191 Y80.785 E12.37667
G1 X92.62 Y81.215 E12.40588
G1 X93.169 Y81.215 E12.43229
G1 X92.739 Y80.785 E12.46154
G1 X93.288 Y80.785 E12.48795
G1 X93.717 Y81.215 E12.51716
G1 X94.266 Y81.215 E12.54357
G1 X93.837 Y80.785 E12.57278
G1 X94.386 Y80.785 E12.59919
G1 X94.815 Y81.215 E12.6284
G1 X95.364 Y81.215 E12.65481
G1 X94.935 Y80.785 E12.68402
G1 X95.484 Y80.785 E12.71043
G1 X95.913 Y81.215 E12.73964
G1 X96.462 Y81.215 E12.76605
G1 X96.033 Y80.785 E12.79526
G1 X96.581 Y80.785 E12.82162
G1 X97.011 Y81.215 E12.85087
G1 X97.564 Y81.219 E12.87747
G1 X97.13 Y80.785 E12.90699
G1 X97.679 Y80.785 E12.9334
G1 X99.215 Y82.321 E13.03788
G1 X99.215 Y81.772 E13.06429
G1 X98.228 Y80.785 E13.13142
G1 X98.777 Y80.785 E13.15783
G1 X99.388 Y81.397 E13.19942
G1 E11.19942 F2400
G92 E0
G1 X74.812 Y84.779 F7800
G1 E2 F2400
;TYPE:External perimeter
;WIDTH:0.583165
G1 F1800
G1 X74.876 Y84.765 E2.00424
;WIDTH:0.545178
G1 X74.968 Y84.746 E2.00987
;WIDTH:0.507191
G1 X95.032 Y84.746 E3.118
;WIDTH:0.545178
G1 X95.124 Y84.765 E3.12363
;WIDTH:0.583165
G1 X95.216 Y84.784 E3.12971
G1 X95.235 Y84.876 E3.13579
;WIDTH:0.545178
G1 X95.254 Y84.968 E3.14142
;WIDTH:0.507191
G1 X95.254 Y105.032 E4.24955
;WIDTH:0.545178
G1 X95.235 Y105.124 E4.25518
;WIDTH:0.583165
G1 X95.216 Y105.216 E4.26126
G1 X95.124 Y105.235 E4.26734
;WIDTH:0.545178
G1 X95.032 Y105.254 E4.27297
;WIDTH:0.507191
G1 X74.968 Y105.254 E5.3811
;WIDTH:0.545178
G1 X74.876 Y105.235 E5.38673
;WIDTH:0.583165
G1 X74.784 Y105.216 E5.39281
G1 X74.765 Y105.124 E5.39889
;WIDTH:0.545178
G1 X74.746 Y105.032 E5.40452
;WIDTH:0.507191
G1 X74.746 Y84.968 E6.51265
;WIDTH:0.545178
G1 X74.765 Y84.876 E6.51828
;WIDTH:0.583165
G1 X74.778 Y84.816 E6.52225
G1 X75.173 Y84.752 F7800
G1 E4.52225 F2400
G92 E0
G1 X95.658 Y105.658 F7800
G1 E2 F2400
G1 F1800
G1 X95.345 Y105.677 E2.02029
;WIDTH:0.545178
G1 X95.032 Y105.696 E2.03909
;WIDTH:0.507191
G1 X74.968 Y105.696 E3.14722
;WIDTH:0.545178
G1 X74.655 Y105.677 E3.16602
;WIDTH:0.583165
G1 X74.342 Y105.658 E3.18631
G1 X74.323 Y105.345 E3.2066
;WIDTH:0.545178
G1 X74.304 Y105.032 E3.2254
;WIDTH:0.507191
G1 X74.304 Y84.968 E4.33353
;WIDTH:0.545178
G1 X74.323 Y84.655 E4.35233
;WIDTH:0.583165
G1 X74.342 Y84.342 E4.37262
G1 X74.655 Y84.323 E4.39291
;WIDTH:0.545178
G1 X74.968 Y84.304 E4.41171
;WIDTH:0.507191
G1 X95.032 Y84.304 E5.51984
;WIDTH:0.545178
G1 X95.345 Y84.323 E5.53864
;WIDTH:0.583165
G1 X95.658 Y84.342 E5.55893
G1 X95.658 Y84.601 E5.57569
G1 X95.677 Y84.784 E5.58759
;WIDTH:0.545178
G1 X95.696 Y84.968 E5.59868
;WIDTH:0.507191
G1 X95.696 Y105.032 E6.70681
;WIDTH:0.510546
G1 X95.695 Y105.109 E6.7111
;WIDTH:0.546855
G1 X95.677 Y105.384 E6.72768
;WIDTH:0.583165
G1 X95.662 Y105.599 E6.74163
G1 X95.271 Y105.68 F7800
;LAYER_CHANGE
;Z:11.45
;HEIGHT:0.3
G1 E4.74163 F2400
G92 E0
G1 Z11.45 F7800
G1 X98.21 Y108.217
G1 E2 F2400
;TYPE:Perimeter
;WIDTH:0.45
G1 F3600
G1 X97.915 Y108.417 E2.01714
G1 X97.532 Y108.496 E2.03595
G1 X72.468 Y108.496 E3.24144
G1 X72.085 Y108.417 E3.26025
G1 X71.786 Y108.214 E3.27763
G1 X71.583 Y107.915 E3.29501
G1 X71.504 Y107.532 E3.31382
G1 X71.504 Y82.468 E4.51931
G1 X71.583 Y82.085 E4.53812
G1 X71.786 Y81.786 E4.5555
G1 X72.085 Y81.583 E4.57288
G1 X72.468 Y81.504 E4.59169
G1 X97.532 Y81.504 E5.79718
G1 X97.915 Y81.583 E5.81599
G1 X98.214 Y81.786 E5.83337
G1 X98.417 Y82.085 E5.85075
G1 X98.496 Y82.468 E5.86956
G1 X98.496 Y107.532 E7.07505
G1 X98.417 Y107.915 E7.09386
G1 X98.245 Y108.169 E7.10861
G1 X97.943 Y107.938 F7800
G1 F3600
G1 X97.941 Y107.941 E7.10878
G1 X97.762 Y108.063 E7.1192
G1 X97.532 Y108.111 E7.1305
G1 X72.468 Y108.111 E8.33599
G1 X72.238 Y108.063 E8.34729
G1 X72.059 Y107.941 E8.35771
G1 X71.937 Y107.762 E8.36813
G1 X71.889 Y107.532 E8.37943
G1 X71.889 Y82.468 E9.58492
G1 X71.937 Y82.238 E9.59622
G1 X72.059 Y82.059 E9.60664
G1 X72.238 Y81.937 E9.61706
G1 X72.468 Y81.889 E9.62836
G1 X97.532 Y81.889 E10.83385
G1 X97.762 Y81.937 E10.84515
G1 X97.941 Y82.059 E10.85557
G1 X98.063 Y82.238 E10.86599
G1 X98.111 Y82.468 E10.87729
G1 X98.111 Y107.532 E12.08278
G1 X98.063 Y107.762 E12.09408
G1 X97.977 Y107.889 E12.10146
G1 X97.671 Y107.662 F7800
;TYPE:External perimeter
G1 F1800
G1 X97.669 Y107.669 E12.10181
G1 X97.532 Y107.725 E12.10893
G1 X72.468 Y107.725 E13.31442
G1 X72.331 Y107.669 E13.32154
G1 X72.275 Y107.532 E13.32866
G1 X72.275 Y82.468 E14.53415
G1 X72.331 Y82.331 E14.54127
G1 X72.468 Y82.275 E14.54839
G1 X97.532 Y82.275 E15.75388
G1 X97.669 Y82.331 E15.761
G1 X97.725 Y82.468 E15.76812
G1 X97.725 Y107.532 E16.97361
G1 X97.694 Y107.607 E16.97751
G1 X97.31 Y107.718 F7800
G1 E14.97751 F2400
G92 E0
G1 X70.496 Y80.496 F7800
G1 E2 F2400
;TYPE:Perimeter
G1 F3600
G1 X99.504 Y80.496 E3.39518
G1 X99.504 Y81.252 E3.43154
G1 X99.504 Y109.504 E4.79036
G1 X70.496 Y109.504 E6.18554
G1 X70.496 Y80.556 E7.57784
G1 X70.111 Y80.111 F7800
G1 F3600
G1 X99.889 Y80.111 E9.01006
G1 X99.889 Y81.252 E9.06494
G1 X99.889 Y109.889 E10.44228
G1 X70.111 Y109.889 E11.8745
G1 X70.111 Y80.171 E13.30383
G1 X69.725 Y79.725 F7800
;TYPE:External perimeter
G1 F1800
G1 X100.275 Y79.725 E14.77318
G1 X100.275 Y81.252 E14.84662
G1 X100.275 Y110.275 E16.24253
G1 X69.725 Y110.275 E17.71188
G1 X69.725 Y79.785 E19.17834
G1 X70.121 Y79.726 F7800
G1 X71.397 Y80.612
;TYPE:Internal infill
;WIDTH:0.45
G1 F4200
G1 X70.785 Y81.223 E19.21993
G1 X70.785 Y81.772 E19.24634
G1 X71.772 Y80.785 E19.31347
G1 X72.321 Y80.785 E19.33988
G1 X70.612 Y82.494 E19.45612
G1 E17.45612 F2400
G92 E0
G1 X96.957 Y109.388 F7800
G1 E2 F2400
G1 F4200
G1 X97.562 Y108.783 E2.04115
G1 X97.011 Y108.785 E2.06765
G1 X96.581 Y109.215 E2.0969
G1 X96.033 Y109.215 E2.12326
G1 X96.462 Y108.785 E2.15247
G1 X95.913 Y108.785 E2.17888
G1 X95.484 Y109.215 E2.20809
G1 X94.935 Y109.215 E2.2345
G1 X95.364 Y108.785 E2.26371
G1 X94.815 Y108.785 E2.29012
G1 X94.386 Y109.215 E2.31933
G1 X93.837 Y109.215 E2.34574
G1 X94.266 Y108.785 E2.37495
G1 X93.717 Y108.785 E2.40136
G1 X93.288 Y109.215 E2.43057
G1 X92.739 Y109.215 E2.45698
G1 X93.169 Y108.785 E2.48623
G1 X92.62 Y108.785 E2.51264
G1 X92.191 Y109.215 E2.54185
G1 X91.642 Y109.215 E2.56826
G1 X92.071 Y108.785 E2.59747
G1 X91.522 Y108.785 E2.62388
G1 X91.093 Y109.215 E2.65309
G1 X90.544 Y109.215 E2.6795
G1 X90.973 Y108.785 E2.70871
G1 X90.424 Y108.785 E2.73512
G1 X89.995 Y109.215 E2.76433
G1 X89.446 Y109.215 E2.79074
G1 X89.875 Y108.785 E2.81995
G1 X89.327 Y108.785 E2.84631
G1 X88.898 Y109.215 E2.87552
G1 X88.349 Y109.215 E2.90193
G1 X88.778 Y108.785 E2.93114
G1 X88.229 Y108.785 E2.95755
G1 X87.8 Y109.215 E2.98676
G1 X87.251 Y109.215 E3.01317
G1 X87.68 Y108.785 E3.04238
G1 X87.131 Y108.785 E3.06879
G1 X86.702 Y109.215 E3.098
G1 X86.153 Y109.215 E3.12441
G1 X86.582 Y108.785 E3.15362
G1 X86.034 Y108.785 E3.17998
G1 X85.604 Y109.215 E3.20923
G1 X85.056 Y109.215 E3.23559
G1 X85.485 Y108.785 E3.2648
G1 X84.936 Y108.785 E3.29121
G1 X84.507 Y109.215 E3.32042
G1 X83.958 Y109.215 E3.34683
G1 X84.387 Y108.785 E3.37604
G1 X83.838 Y108.785 E3.40245
G1 X83.409 Y109.215 E3.43166
G1 X82.86 Y109.215 E3.45807
G1 X83.289 Y108.785 E3.48728
G1 X82.74 Y108.785 E3.51369
G1 X82.311 Y109.215 E3.5429
G1 X81.762 Y109.215 E3.56931
G1 X82.192 Y108.785 E3.59856
G1 X81.643 Y108.785 E3.62497
G1 X81.214 Y109.215 E3.65418
G1 X80.665 Y109.215 E3.68059
G1 X81.094 Y108.785 E3.7098
G1 X80.545 Y108.785 E3.73621
G1 X80.116 Y109.215 E3.76542
G1 X79.567 Y109.215 E3.79183
G1 X79.996 Y108.785 E3.82104
G1 X79.447 Y108.785 E3.84745
G1 X79.018 Y109.215 E3.87666
G1 X78.469 Y109.215 E3.90307
G1 X78.898 Y108.785 E3.93228
G1 X78.35 Y108.785 E3.95864
G1 X77.92 Y109.215 E3.98789
G1 X77.372 Y109.215 E4.01425
G1 X77.801 Y108.785 E4.04346
G1 X77.252 Y108.785 E4.06987
G1 X76.823 Y109.215 E4.09908
G1 X76.274 Y109.215 E4.12549
G1 X76.703 Y108.785 E4.1547
G1 X76.154 Y108.785 E4.18111
G1 X75.725 Y109.215 E4.21032
G1 X75.176 Y109.215 E4.23673
G1 X75.605 Y108.785 E4.26594
G1 X75.056 Y108.785 E4.29235
G1 X74.627 Y109.215 E4.32156
G1 X74.079 Y109.215 E4.34792
G1 X74.508 Y108.785 E4.37713
G1 X73.959 Y108.785 E4.40354
G1 X73.53 Y109.215 E4.43275
G1 X72.981 Y109.215 E4.45916
G1 X73.41 Y108.785 E4.48837
G1 X72.861 Y108.785 E4.51478
G1 X72.432 Y109.215 E4.54399
G1 X71.883 Y109.215 E4.5704
G1 X72.337 Y108.76 E4.60131
G1 X71.907 Y108.642 E4.62276
G1 X71.334 Y109.215 E4.66173
G1 X70.785 Y109.215 E4.68814
G1 X71.58 Y108.42 E4.74221
G1 X71.358 Y108.093 E4.76122
G1 X70.785 Y108.666 E4.80019
G1 X70.785 Y108.117 E4.8266
G1 X71.227 Y107.676 E4.85663
G1 X71.215 Y107.139 E4.88246
G1 X70.785 Y107.568 E4.91167
G1 X70.785 Y107.019 E4.93808
G1 X71.215 Y106.59 E4.96729
G1 X71.215 Y106.041 E4.9937
G1 X70.785 Y106.47 E5.02291
G1 X70.785 Y105.921 E5.04932
G1 X71.215 Y105.492 E5.07853
G1 X71.215 Y104.943 E5.10494
G1 X70.785 Y105.373 E5.13419
G1 X70.785 Y104.824 E5.1606
G1 X71.215 Y104.395 E5.18981
G1 X71.215 Y103.846 E5.21622
G1 X70.785 Y104.275 E5.24543
G1 X70.785 Y103.726 E5.27184
G1 X71.215 Y103.297 E5.30105
G1 X71.215 Y102.748 E5.32746
G1 X70.785 Y103.177 E5.35667
G1 X70.785 Y102.628 E5.38308
G1 X71.215 Y102.199 E5.41229
G1 X71.215 Y101.65 E5.4387
G1 X70.785 Y102.079 E5.46791
G1 X70.785 Y101.531 E5.49427
G1 X71.215 Y101.102 E5.52348
G1 X71.215 Y100.553 E5.54989
G1 X70.785 Y100.982 E5.5791
G1 X70.785 Y100.433 E5.60551
G1 X71.215 Y100.004 E5.63472
G1 X71.215 Y99.455 E5.66113
G1 X70.785 Y99.884 E5.69034
G1 X70.785 Y99.335 E5.71675
G1 X71.215 Y98.906 E5.74596
G1 X71.215 Y98.357 E5.77237
G1 X70.785 Y98.786 E5.80158
G1 X70.785 Y98.238 E5.82794
G1 X71.215 Y97.808 E5.85719
G1 X71.215 Y97.26 E5.88355
G1 X70.785 Y97.689 E5.91276
G1 X70.785 Y97.14 E5.93917
G1 X71.215 Y96.711 E5.96838
G1 X71.215 Y96.162 E5.99479
G1 X70.785 Y96.591 E6.024
G1 X70.785 Y96.042 E6.05041
G1 X71.215 Y95.613 E6.07962
G1 X71.215 Y95.064 E6.10603
G1 X70.785 Y95.493 E6.13524
G1 X70.785 Y94.944 E6.16165
G1 X71.215 Y94.515 E6.19086
G1 X71.215 Y93.966 E6.21727
G1 X70.785 Y94.396 E6.24652
G1 X70.785 Y93.847 E6.27293
G1 X71.215 Y93.418 E6.30214
G1 X71.215 Y92.869 E6.32855
G1 X70.785 Y93.298 E6.35776
G1 X70.785 Y92.749 E6.38417
G1 X71.215 Y92.32 E6.41338
G1 X71.215 Y91.771 E6.43979
G1 X70.785 Y92.2 E6.469
G1 X70.785 Y91.651 E6.49541
G1 X71.215 Y91.222 E6.52462
G1 X71.215 Y90.673 E6.55103
G1 X70.785 Y91.102 E6.58024
G1 X70.785 Y90.554 E6.6066
G1 X71.215 Y90.125 E6.63581
G1 X71.215 Y89.576 E6.66222
G1 X70.785 Y90.005 E6.69143
G1 X70.785 Y89.456 E6.71784
G1 X71.215 Y89.027 E6.74705
G1 X71.215 Y88.478 E6.77346
G1 X70.785 Y88.907 E6.80267
G1 X70.785 Y88.358 E6.82908
G1 X71.215 Y87.929 E6.85829
G1 X71.215 Y87.38 E6.8847
G1 X70.785 Y87.809 E6.91391
G1 X70.785 Y87.261 E6.94027
G1 X71.215 Y86.831 E6.96952
G1 X71.215 Y86.283 E6.99588
G1 X70.785 Y86.712 E7.02509
G1 X70.785 Y86.163 E7.0515
G1 X71.215 Y85.734 E7.08071
G1 X71.215 Y85.185 E7.10712
G1 X70.785 Y85.614 E7.13633
G1 X70.785 Y85.065 E7.16274
G1 X71.215 Y84.636 E7.19195
G1 X71.215 Y84.087 E7.21836
G1 X70.785 Y84.516 E7.24757
G1 X70.785 Y83.967 E7.27398
G1 X71.215 Y83.538 E7.30319
G1 X71.215 Y82.989 E7.3296
G1 X70.785 Y83.419 E7.35885
G1 X70.785 Y82.87 E7.38526
G1 X71.219 Y82.436 E7.41478
G1 X71.316 Y81.97 E7.43767
G1 X71.58 Y81.58 E7.46032
G1 X71.966 Y81.318 E7.48276
G1 X72.438 Y81.217 E7.50598
G1 X72.87 Y80.785 E7.53536
G1 X73.419 Y80.785 E7.56177
G1 X72.989 Y81.215 E7.59102
G1 X73.538 Y81.215 E7.61743
G1 X73.967 Y80.785 E7.64664
G1 X74.516 Y80.785 E7.67305
G1 X74.087 Y81.215 E7.70226
G1 X74.636 Y81.215 E7.72867
G1 X75.065 Y80.785 E7.75788
G1 X75.614 Y80.785 E7.78429
G1 X75.185 Y81.215 E7.8135
G1 X75.734 Y81.215 E7.83991
G1 X76.163 Y80.785 E7.86912
G1 X76.712 Y80.785 E7.89553
G1 X76.283 Y81.215 E7.92474
G1 X76.831 Y81.215 E7.9511
G1 X77.261 Y80.785 E7.98035
G1 X77.809 Y80.785 E8.00671
G1 X77.38 Y81.215 E8.03592
G1 X77.929 Y81.215 E8.06233
G1 X78.358 Y80.785 E8.09154
G1 X78.907 Y80.785 E8.11795
G1 X78.478 Y81.215 E8.14716
G1 X79.027 Y81.215 E8.17357
G1 X79.456 Y80.785 E8.20278
G1 X80.005 Y80.785 E8.22919
G1 X79.576 Y81.215 E8.2584
G1 X80.125 Y81.215 E8.28481
G1 X80.554 Y80.785 E8.31402
G1 X81.102 Y80.785 E8.34038
G1 X80.673 Y81.215 E8.36959
G1 X81.222 Y81.215 E8.396
G1 X81.651 Y80.785 E8.42521
G1 X82.2 Y80.785 E8.45162
G1 X81.771 Y81.215 E8.48083
G1 X82.32 Y81.215 E8.50724
G1 X82.749 Y80.785 E8.53645
G1 X83.298 Y80.785 E8.56286
G1 X82.869 Y81.215 E8.59207
G1 X83.418 Y81.215 E8.61848
G1 X83.847 Y80.785 E8.64769
G1 X84.396 Y80.785 E8.6741
G1 X83.966 Y81.215 E8.70335
G1 X84.515 Y81.215 E8.72976
G1 X84.944 Y80.785 E8.75897
G1 X85.493 Y80.785 E8.78538
G1 X85.064 Y81.215 E8.81459
G1 X85.613 Y81.215 E8.841
G1 X86.042 Y80.785 E8.87021
G1 X86.591 Y80.785 E8.89662
G1 X86.162 Y81.215 E8.92583
G1 X86.711 Y81.215 E8.95224
G1 X87.14 Y80.785 E8.98145
G1 X87.689 Y80.785 E9.00786
G1 X87.26 Y81.215 E9.03707
G1 X87.808 Y81.215 E9.06343
G1 X88.238 Y80.785 E9.09268
G1 X88.786 Y80.785 E9.11904
G1 X88.357 Y81.215 E9.14825
G1 X88.906 Y81.215 E9.17466
G1 X89.335 Y80.785 E9.20387
G1 X89.884 Y80.785 E9.23028
G1 X89.455 Y81.215 E9.25949
G1 X90.004 Y81.215 E9.2859
G1 X90.433 Y80.785 E9.31511
G1 X90.982 Y80.785 E9.34152
G1 X90.553 Y81.215 E9.37073
G1 X91.102 Y81.215 E9.39714
G1 X91.531 Y80.785 E9.42635
G1 X92.079 Y80.785 E9.45271
G1 X91.65 Y81.215 E9.48192
G1 X92.199 Y81.215 E9.50833
G1 X92.628 Y80.785 E9.53754
G1 X93.177 Y80.785 E9.56395
G1 X92.748 Y81.215 E9.59316
G1 X93.297 Y81.215 E9.61957
G1 X93.726 Y80.785 E9.64878
G1 X94.275 Y80.785 E9.67519
G1 X93.846 Y81.215 E9.7044
G1 X94.395 Y81.215 E9.73081
G1 X94.824 Y80.785 E9.76002
G1 X95.373 Y80.785 E9.78643
G1 X94.943 Y81.215 E9.81568
G1 X95.492 Y81.215 E9.84209
G1 X95.921 Y80.785 E9.8713
G1 X96.47 Y80.785 E9.89771
G1 X96.041 Y81.215 E9.92692
G1 X96.59 Y81.215 E9.95333
G1 X97.019 Y80.785 E9.98254
G1 X97.568 Y80.785 E10.00895
G1 X97.139 Y81.215 E10.03816
G1 X97.663 Y81.24 E10.06339
G1 X98.117 Y80.785 E10.0943
G1 X98.666 Y80.785 E10.12071
G1 X98.093 Y81.358 E10.15968
G1 X98.42 Y81.58 E10.17869
G1 X99.215 Y80.785 E10.23276
G1 X99.215 Y81.334 E10.25917
G1 X98.642 Y81.907 E10.29814
G1 X98.76 Y82.337 E10.31959
G1 X99.215 Y81.883 E10.3505
G1 X99.215 Y82.432 E10.37691
G1 X98.785 Y82.861 E10.40612
G1 X98.785 Y83.41 E10.43253
G1 X99.215 Y82.981 E10.46174
G1 X99.215 Y83.53 E10.48815
G1 X98.785 Y83.959 E10.51736
G1 X98.785 Y84.508 E10.54377
G1 X99.215 Y84.079 E10.57298
G1 X99.215 Y84.627 E10.59934
G1 X98.785 Y85.056 E10.62855
G1 X98.785 Y85.605 E10.65496
G1 X99.215 Y85.176 E10.68417
G1 X99.215 Y85.725 E10.71058
G1 X98.785 Y86.154 E10.73979
G1 X98.785 Y86.703 E10.7662
G1 X99.215 Y86.274 E10.79541
G1 X99.215 Y86.823 E10.82182
G1 X98.785 Y87.252 E10.85103
G1 X98.785 Y87.801 E10.87744
G1 X99.215 Y87.372 E10.90665
G1 X99.215 Y87.921 E10.93306
G1 X98.785 Y88.35 E10.96227
G1 X98.785 Y88.898 E10.98863
G1 X99.215 Y88.469 E11.01784
G1 X99.215 Y89.018 E11.04425
G1 X98.785 Y89.447 E11.07346
G1 X98.785 Y89.996 E11.09987
G1 X99.215 Y89.567 E11.12908
G1 X99.215 Y90.116 E11.15549
G1 X98.785 Y90.545 E11.1847
G1 X98.785 Y91.094 E11.21111
G1 X99.215 Y90.665 E11.24032
G1 X99.215 Y91.214 E11.26673
G1 X98.785 Y91.643 E11.29594
G1 X98.785 Y92.192 E11.32235
G1 X99.215 Y91.762 E11.3516
G1 X99.215 Y92.311 E11.37801
G1 X98.785 Y92.74 E11.40722
G1 X98.785 Y93.289 E11.43363
G1 X99.215 Y92.86 E11.46284
G1 X99.215 Y93.409 E11.48925
G1 X98.785 Y93.838 E11.51846
G1 X98.785 Y94.387 E11.54487
G1 X99.215 Y93.958 E11.57408
G1 X99.215 Y94.507 E11.60049
G1 X98.785 Y94.936 E11.6297
G1 X98.785 Y95.485 E11.65611
G1 X99.215 Y95.056 E11.68532
G1 X99.215 Y95.604 E11.71168
G1 X98.785 Y96.034 E11.74093
G1 X98.785 Y96.582 E11.76729
G1 X99.215 Y96.153 E11.7965
G1 X99.215 Y96.702 E11.82291
G1 X98.785 Y97.131 E11.85212
G1 X98.785 Y97.68 E11.87853
G1 X99.215 Y97.251 E11.90774
G1 X99.215 Y97.8 E11.93415
G1 X98.785 Y98.229 E11.96336
G1 X98.785 Y98.778 E11.98977
G1 X99.215 Y98.349 E12.01898
G1 X99.215 Y98.898 E12.04539
G1 X98.785 Y99.327 E12.0746
G1 X98.785 Y99.875 E12.10096
G1 X99.215 Y99.446 E12.13017
G1 X99.215 Y99.995 E12.15658
G1 X98.785 Y100.424 E12.18579
G1 X98.785 Y100.973 E12.2122
G1 X99.215 Y100.544 E12.24141
G1 X99.215 Y101.093 E12.26782
G1 X98.785 Y101.522 E12.29703
G1 X98.785 Y102.071 E12.32344
G1 X99.215 Y101.642 E12.35265
G1 X99.215 Y102.191 E12.37906
G1 X98.785 Y102.62 E12.40827
G1 X98.785 Y103.169 E12.43468
G1 X99.215 Y102.739 E12.46393
G1 X99.215 Y103.288 E12.49034
G1 X98.785 Y103.717 E12.51955
G1 X98.785 Y104.266 E12.54596
G1 X99.215 Y103.837 E12.57517
G1 X99.215 Y104.386 E12.60158
G1 X98.785 Y104.815 E12.63079
G1 X98.785 Y105.364 E12.6572
G1 X99.215 Y104.935 E12.68641
G1 X99.215 Y105.484 E12.71282
G1 X98.785 Y105.913 E12.74203
G1 X98.785 Y106.462 E12.76844
G1 X99.215 Y106.033 E12.79765
G1 X99.215 Y106.581 E12.82401
G1 X98.785 Y107.011 E12.85326
G1 X98.783 Y107.562 E12.87976
G1 X99.215 Y107.13 E12.90914
G1 X99.215 Y107.679 E12.93555
G1 X97.679 Y109.215 E13.04003
G1 X98.228 Y109.215 E13.06644
G1 X99.215 Y108.228 E13.13357
G1 X99.215 Y108.777 E13.15998
G1 X98.603 Y109.388 E13.20157
G1 E11.20157 F2400
G92 E0
G1 X74.812 Y84.779 F7800
G1 E2 F2400
;TYPE:External perimeter
;WIDTH:0.583165
G1 F1800
G1 X74.876 Y84.765 E2.00424
;WIDTH:0.545178
G1 X74.968 Y84.746 E2.00987
;WIDTH:0.507191
G1 X95.032 Y84.746 E3.118
;WIDTH:0.545178
G1 X95.124 Y84.765 E3.12363
;WIDTH:0.583165
G1 X95.216 Y84.784 E3.12971
G1 X95.235 Y84.876 E3.13579
;WIDTH:0.545178
G1 X95.254 Y84.968 E3.14142
;WIDTH:0.507191
G1 X95.254 Y105.032 E4.24955
;WIDTH:0.545178
G1 X95.235 Y105.124 E4.25518
;WIDTH:0.583165
G1 X95.216 Y105.216 E4.26126
G1 X95.124 Y105.235 E4.26734
;WIDTH:0.545178
G1 X95.032 Y105.254 E4.27297
;WIDTH:0.507191
G1 X74.968 Y105.254 E5.3811
;WIDTH:0.545178
G1 X74.876 Y105.235 E5.38673
;WIDTH:0.583165
G1 X74.784 Y105.216 E5.39281
G1 X74.765 Y105.124 E5.39889
;WIDTH:0.545178
G1 X74.746 Y105.032 E5.40452
;WIDTH:0.507191
G1 X74.746 Y84.968 E6.51265
;WIDTH:0.545178
G1 X74.765 Y84.876 E6.51828
;WIDTH:0.583165
G1 X74.778 Y84.816 E6.52225
G1 X75.173 Y84.752 F7800
G1 E4.52225 F2400
G92 E0
G1 X95.658 Y105.658 F7800
G1 E2 F2400
G1 F1800
G1 X95.345 Y105.677 E2.02029
;WIDTH:0.545178
G1 X95.032 Y105.696 E2.03909
;WIDTH:0.507191
G1 X74.968 Y105.696 E3.14722
;WIDTH:0.545178
G1 X74.655 Y105.677 E3.16602
;WIDTH:0.583165
G1 X74.342 Y105.658 E3.18631
G1 X74.323 Y105.345 E3.2066
;WIDTH:0.545178
G1 X74.304 Y105.032 E3.2254
;WIDTH:0.507191
G1 X74.304 Y84.968 E4.33353
;WIDTH:0.545178
G1 X74.323 Y84.655 E4.35233
;WIDTH:0.583165
G1 X74.342 Y84.342 E4.37262
G1 X74.655 Y84.323 E4.39291
;WIDTH:0.545178
G1 X74.968 Y84.304 E4.41171
;WIDTH:0.507191
G1 X95.032 Y84.304 E5.51984
;WIDTH:0.545178
G1 X95.345 Y84.323 E5.53864
;WIDTH:0.583165
G1 X95.658 Y84.342 E5.55893
G1 X95.658 Y84.601 E5.57569
G1 X95.677 Y84.784 E5.58759
;WIDTH:0.545178
G1 X95.696 Y84.968 E5.59868
;WIDTH:0.507191
G1 X95.696 Y105.032 E6.70681
;WIDTH:0.510546
G1 X95.695 Y105.109 E6.7111
;WIDTH:0.546855
G1 X95.677 Y105.384 E6.72768
;WIDTH:0.583165
G1 X95.662 Y105.599 E6.74163
G1 X95.271 Y105.68 F7800
;LAYER_CHANGE
;Z:11.75
;HEIGHT:0.3
G1 E4.74163 F2400
G92 E0
G1 Z11.75 F7800
G1 X98.21 Y108.217
G1 E2 F2400
;TYPE:Perimeter
;WIDTH:0.45
G1 F3600
G1 X97.915 Y108.417 E2.01714
G1 X97.532 Y108.496 E2.03595
G1 X72.468 Y108.496 E3.24144
G1 X72.085 Y108.417 E3.26025
G1 X71.786 Y108.214 E3.27763
G1 X71.583 Y107.915 E3.29501
G1 X71.504 Y107.532 E3.31382
G1 X71.504 Y82.468 E4.51931
G1 X71.583 Y82.085 E4.53812
G1 X71.786 Y81.786 E4.5555
G1 X72.085 Y81.583 E4.57288
G1 X72.468 Y81.504 E4.59169
G1 X97.532 Y81.504 E5.79718
G1 X97.915 Y81.583 E5.81599
G1 X98.214 Y81.786 E5.83337
G1 X98.417 Y82.085 E5.85075
G1 X98.496 Y82.468 E5.86956
G1 X98.496 Y107.532 E7.07505
G1 X98.417 Y107.915 E7.09386
G1 X98.245 Y108.169 E7.10861
G1 X97.943 Y107.938 F7800
G1 F3600
G1 X97.941 Y107.941 E7.10878
G1 X97.762 Y108.063 E7.1192
G1 X97.532 Y108.111 E7.1305
G1 X72.468 Y108.111 E8.33599
G1 X72.238 Y108.063 E8.34729
G1 X72.059 Y107.941 E8.35771
G1 X71.937 Y107.762 E8.36813
G1 X71.889 Y107.532 E8.37943
G1 X71.889 Y82.468 E9.58492
G1 X71.937 Y82.238 E9.59622
G1 X72.059 Y82.059 E9.60664
G1 X72.238 Y81.937 E9.61706
G1 X72.468 Y81.889 E9.62836
G1 X97.532 Y81.889 E10.83385
G1 X97.762 Y81.937 E10.84515
G1 X97.941 Y82.059 E10.85557
G1 X98.063 Y82.238 E10.86599
G1 X98.111 Y82.468 E10.87729
G1 X98.111 Y107.532 E12.08278
G1 X98.063 Y107.762 E12.09408
G1 X97.977 Y107.889 E12.10146
G1 X97.671 Y107.662 F7800
;TYPE:External perimeter
G1 F1800
G1 X97.669 Y107.669 E12.10181
G1 X97.532 Y107.725 E12.10893
G1 X72.468 Y107.725 E13.31442
G1 X72.331 Y107.669 E13.32154
G1 X72.275 Y107.532 E13.32866
G1 X72.275 Y82.468 E14.53415
G1 X72.331 Y82.331 E14.54127
G1 X72.468 Y82.275 E14.54839
G1 X97.532 Y82.275 E15.75388
G1 X97.669 Y82.331 E15.761
G1 X97.725 Y82.468 E15.76812
G1 X97.725 Y107.532 E16.97361
G1 X97.694 Y107.607 E16.97751
G1 X97.31 Y107.718 F7800
G1 E14.97751 F2400
G92 E0
G1 X70.496 Y80.496 F7800
G1 E2 F2400
;TYPE:Perimeter
G1 F3600
G1 X99.504 Y80.496 E3.39518
G1 X99.504 Y81.252 E3.43154
G1 X99.504 Y109.504 E4.79036
G1 X70.496 Y109.504 E6.18554
G1 X70.496 Y80.556 E7.57784
G1 X70.111 Y80.111 F7800
G1 F3600
G1 X99.889 Y80.111 E9.01006
G1 X99.889 Y81.252 E9.06494
G1 X99.889 Y109.889 E10.44228
G1 X70.111 Y109.889 E11.8745
G1 X70.111 Y80.171 E13.30383
G1 X69.725 Y79.725 F7800
;TYPE:External perimeter
G1 F1800
G1 X100.275 Y79.725 E14.77318
G1 X100.275 Y81.252 E14.84662
G1 X100.275 Y110.275 E16.24253
G1 X69.725 Y110.275 E17.71188
G1 X69.725 Y79.785 E19.17834
G1 X70.121 Y79.726 F7800
G1 E17.17834 F2400
G92 E0
G1 X70.612 Y108.603 F7800
G1 E2 F2400
;TYPE:Internal infill
;WIDTH:0.45
G1 F4200
G1 X71.223 Y109.215 E2.04159
G1 X71.772 Y109.215 E2.068
G1 X70.785 Y108.228 E2.13513
G1 X70.785 Y107.679 E2.16154
G1 X72.494 Y109.388 E2.27778
G1 E.27778 F2400
G92 E0
G1 X99.388 Y83.043 F7800
G1 E2 F2400
G1 F4200
G1 X98.781 Y82.436 E2.04129
G1 X98.785 Y82.989 E2.06789
G1 X99.215 Y83.419 E2.09714
G1 X99.215 Y83.967 E2.1235
G1 X98.785 Y83.538 E2.15271
G1 X98.785 Y84.087 E2.17912
G1 X99.215 Y84.516 E2.20833
G1 X99.215 Y85.065 E2.23474
G1 X98.785 Y84.636 E2.26395
G1 X98.785 Y85.185 E2.29036
G1 X99.215 Y85.614 E2.31957
G1 X99.215 Y86.163 E2.34598
G1 X98.785 Y85.734 E2.37519
G1 X98.785 Y86.283 E2.4016
G1 X99.215 Y86.712 E2.43081
G1 X99.215 Y87.261 E2.45722
G1 X98.785 Y86.831 E2.48647
G1 X98.785 Y87.38 E2.51288
G1 X99.215 Y87.809 E2.54209
G1 X99.215 Y88.358 E2.5685
G1 X98.785 Y87.929 E2.59771
G1 X98.785 Y88.478 E2.62412
G1 X99.215 Y88.907 E2.65333
G1 X99.215 Y89.456 E2.67974
G1 X98.785 Y89.027 E2.70895
G1 X98.785 Y89.576 E2.73536
G1 X99.215 Y90.005 E2.76457
G1 X99.215 Y90.554 E2.79098
G1 X98.785 Y90.125 E2.82019
G1 X98.785 Y90.673 E2.84655
G1 X99.215 Y91.102 E2.87576
G1 X99.215 Y91.651 E2.90217
G1 X98.785 Y91.222 E2.93138
G1 X98.785 Y91.771 E2.95779
G1 X99.215 Y92.2 E2.987
G1 X99.215 Y92.749 E3.01341
G1 X98.785 Y92.32 E3.04262
G1 X98.785 Y92.869 E3.06903
G1 X99.215 Y93.298 E3.09824
G1 X99.215 Y93.847 E3.12465
G1 X98.785 Y93.418 E3.15386
G1 X98.785 Y93.966 E3.18022
G1 X99.215 Y94.396 E3.20947
G1 X99.215 Y94.944 E3.23583
G1 X98.785 Y94.515 E3.26504
G1 X98.785 Y95.064 E3.29145
G1 X99.215 Y95.493 E3.32066
G1 X99.215 Y96.042 E3.34707
G1 X98.785 Y95.613 E3.37628
G1 X98.785 Y96.162 E3.40269
G1 X99.215 Y96.591 E3.4319
G1 X99.215 Y97.14 E3.45831
G1 X98.785 Y96.711 E3.48752
G1 X98.785 Y97.26 E3.51393
G1 X99.215 Y97.689 E3.54314
G1 X99.215 Y98.238 E3.56955
G1 X98.785 Y97.808 E3.5988
G1 X98.785 Y98.357 E3.62521
G1 X99.215 Y98.786 E3.65442
G1 X99.215 Y99.335 E3.68083
G1 X98.785 Y98.906 E3.71004
G1 X98.785 Y99.455 E3.73645
G1 X99.215 Y99.884 E3.76566
G1 X99.215 Y100.433 E3.79207
G1 X98.785 Y100.004 E3.82128
G1 X98.785 Y100.553 E3.84769
G1 X99.215 Y100.982 E3.8769
G1 X99.215 Y101.531 E3.90331
G1 X98.785 Y101.102 E3.93252
G1 X98.785 Y101.65 E3.95888
G1 X99.215 Y102.08 E3.98813
G1 X99.215 Y102.628 E4.01449
G1 X98.785 Y102.199 E4.0437
G1 X98.785 Y102.748 E4.07011
G1 X99.215 Y103.177 E4.09932
G1 X99.215 Y103.726 E4.12573
G1 X98.785 Y103.297 E4.15494
G1 X98.785 Y103.846 E4.18135
G1 X99.215 Y104.275 E4.21056
G1 X99.215 Y104.824 E4.23697
G1 X98.785 Y104.395 E4.26618
G1 X98.785 Y104.944 E4.29259
G1 X99.215 Y105.373 E4.3218
G1 X99.215 Y105.921 E4.34816
G1 X98.785 Y105.492 E4.37737
G1 X98.785 Y106.041 E4.40378
G1 X99.215 Y106.47 E4.43299
G1 X99.215 Y107.019 E4.4594
G1 X98.785 Y106.59 E4.48861
G1 X98.785 Y107.139 E4.51502
G1 X99.215 Y107.568 E4.54423
G1 X99.215 Y108.117 E4.57064
G1 X98.773 Y107.676 E4.60067
G1 X98.642 Y108.093 E4.62169
G1 X99.215 Y108.666 E4.66066
G1 X99.215 Y109.215 E4.68707
G1 X98.42 Y108.42 E4.74114
G1 X98.093 Y108.642 E4.76015
G1 X98.666 Y109.215 E4.79912
G1 X98.117 Y109.215 E4.82553
G1 X97.676 Y108.773 E4.85556
G1 X97.139 Y108.785 E4.88139
G1 X97.568 Y109.215 E4.9106
G1 X97.019 Y109.215 E4.93701
G1 X96.59 Y108.785 E4.96622
G1 X96.041 Y108.785 E4.99263
G1 X96.47 Y109.215 E5.02184
G1 X95.921 Y109.215 E5.04825
G1 X95.492 Y108.785 E5.07746
G1 X94.943 Y108.785 E5.10387
G1 X95.373 Y109.215 E5.13312
G1 X94.824 Y109.215 E5.15953
G1 X94.395 Y108.785 E5.18874
G1 X93.846 Y108.785 E5.21515
G1 X94.275 Y109.215 E5.24436
G1 X93.726 Y109.215 E5.27077
G1 X93.297 Y108.785 E5.29998
G1 X92.748 Y108.785 E5.32639
G1 X93.177 Y109.215 E5.3556
G1 X92.628 Y109.215 E5.38201
G1 X92.199 Y108.785 E5.41122
G1 X91.65 Y108.785 E5.43763
G1 X92.079 Y109.215 E5.46684
G1 X91.531 Y109.215 E5.4932
G1 X91.102 Y108.785 E5.52241
G1 X90.553 Y108.785 E5.54882
G1 X90.982 Y109.215 E5.57803
G1 X90.433 Y109.215 E5.60444
G1 X90.004 Y108.785 E5.63365
G1 X89.455 Y108.785 E5.66006
G1 X89.884 Y109.215 E5.68927
G1 X89.335 Y109.215 E5.71568
G1 X88.906 Y108.785 E5.74489
G1 X88.357 Y108.785 E5.7713
G1 X88.786 Y109.215 E5.80051
G1 X88.238 Y109.215 E5.82687
G1 X87.808 Y108.785 E5.85612
G1 X87.26 Y108.785 E5.88248
G1 X87.689 Y109.215 E5.91169
G1 X87.14 Y109.215 E5.9381
G1 X86.711 Y108.785 E5.96731
G1 X86.162 Y108.785 E5.99372
G1 X86.591 Y109.215 E6.02293
G1 X86.042 Y109.215 E6.04934
G1 X85.613 Y108.785 E6.07855
G1 X85.064 Y108.785 E6.10496
G1 X85.493 Y109.215 E6.13417
G1 X84.944 Y109.215 E6.16058
G1 X84.515 Y108.785 E6.18979
G1 X83.966 Y108.785 E6.2162
G1 X84.396 Y109.215 E6.24545
G1 X83.847 Y109.215 E6.27186
G1 X83.418 Y108.785 E6.30107
G1 X82.869 Y108.785 E6.32748
G1 X83.298 Y109.215 E6.35669
G1 X82.749 Y109.215 E6.3831
G1 X82.32 Y108.785 E6.41231
G1 X81.771 Y108.785 E6.43872
G1 X82.2 Y109.215 E6.46793
G1 X81.651 Y109.215 E6.49434
G1 X81.222 Y108.785 E6.52355
G1 X80.673 Y108.785 E6.54996
G1 X81.102 Y109.215 E6.57917
G1 X80.554 Y109.215 E6.60553
G1 X80.125 Y108.785 E6.63474
G1 X79.576 Y108.785 E6.66115
G1 X80.005 Y109.215 E6.69036
G1 X79.456 Y109.215 E6.71677
G1 X79.027 Y108.785 E6.74598
G1 X78.478 Y108.785 E6.77239
G1 X78.907 Y109.215 E6.8016
G1 X78.358 Y109.215 E6.82801
G1 X77.929 Y108.785 E6.85722
G1 X77.38 Y108.785 E6.88363
G1 X77.809 Y109.215 E6.91284
G1 X77.261 Y109.215 E6.9392
G1 X76.831 Y108.785 E6.96845
G1 X76.283 Y108.785 E6.99481
G1 X76.712 Y109.215 E7.02402
G1 X76.163 Y109.215 E7.05043
G1 X75.734 Y108.785 E7.07964
G1 X75.185 Y108.785 E7.10605
G1 X75.614 Y109.215 E7.13526
G1 X75.065 Y109.215 E7.16167
G1 X74.636 Y108.785 E7.19088
G1 X74.087 Y108.785 E7.21729
G1 X74.516 Y109.215 E7.2465
G1 X73.967 Y109.215 E7.27291
G1 X73.538 Y108.785 E7.30212
G1 X72.989 Y108.785 E7.32853
G1 X73.419 Y109.215 E7.35778
G1 X72.87 Y109.215 E7.38419
G1 X72.436 Y108.781 E7.41371
G1 X71.97 Y108.684 E7.4366
G1 X71.58 Y108.42 E7.45925
G1 X71.318 Y108.034 E7.48169
G1 X71.217 Y107.562 E7.50491
G1 X70.785 Y107.13 E7.53429
G1 X70.785 Y106.581 E7.5607
G1 X71.215 Y107.011 E7.58995
G1 X71.215 Y106.462 E7.61636
G1 X70.785 Y106.033 E7.64557
G1 X70.785 Y105.484 E7.67198
G1 X71.215 Y105.913 E7.70119
G1 X71.215 Y105.364 E7.7276
G1 X70.785 Y104.935 E7.75681
G1 X70.785 Y104.386 E7.78322
G1 X71.215 Y104.815 E7.81243
G1 X71.215 Y104.266 E7.83884
G1 X70.785 Y103.837 E7.86805
G1 X70.785 Y103.288 E7.89446
G1 X71.215 Y103.717 E7.92367
G1 X71.215 Y103.169 E7.95003
G1 X70.785 Y102.739 E7.97928
G1 X70.785 Y102.191 E8.00564
G1 X71.215 Y102.62 E8.03485
G1 X71.215 Y102.071 E8.06126
G1 X70.785 Y101.642 E8.09047
G1 X70.785 Y101.093 E8.11688
G1 X71.215 Y101.522 E8.14609
G1 X71.215 Y100.973 E8.1725
G1 X70.785 Y100.544 E8.20171
G1 X70.785 Y99.995 E8.22812
G1 X71.215 Y100.424 E8.25733
G1 X71.215 Y99.875 E8.28374
G1 X70.785 Y99.446 E8.31295
G1 X70.785 Y98.898 E8.33931
G1 X71.215 Y99.327 E8.36852
G1 X71.215 Y98.778 E8.39493
G1 X70.785 Y98.349 E8.42414
G1 X70.785 Y97.8 E8.45055
G1 X71.215 Y98.229 E8.47976
G1 X71.215 Y97.68 E8.50617
G1 X70.785 Y97.251 E8.53538
G1 X70.785 Y96.702 E8.56179
G1 X71.215 Y97.131 E8.591
G1 X71.215 Y96.582 E8.61741
G1 X70.785 Y96.153 E8.64662
G1 X70.785 Y95.604 E8.67303
G1 X71.215 Y96.034 E8.70228
G1 X71.215 Y95.485 E8.72869
G1 X70.785 Y95.056 E8.7579
G1 X70.785 Y94.507 E8.78431
G1 X71.215 Y94.936 E8.81352
G1 X71.215 Y94.387 E8.83993
G1 X70.785 Y93.958 E8.86914
G1 X70.785 Y93.409 E8.89555
G1 X71.215 Y93.838 E8.92476
G1 X71.215 Y93.289 E8.95117
G1 X70.785 Y92.86 E8.98038
G1 X70.785 Y92.311 E9.00679
G1 X71.215 Y92.74 E9.036
G1 X71.215 Y92.192 E9.06236
G1 X70.785 Y91.762 E9.09161
G1 X70.785 Y91.214 E9.11797
G1 X71.215 Y91.643 E9.14718
G1 X71.215 Y91.094 E9.17359
G1 X70.785 Y90.665 E9.2028
G1 X70.785 Y90.116 E9.22921
G1 X71.215 Y90.545 E9.25842
G1 X71.215 Y89.996 E9.28483
G1 X70.785 Y89.567 E9.31404
G1 X70.785 Y89.018 E9.34045
G1 X71.215 Y89.447 E9.36966
G1 X71.215 Y88.898 E9.39607
G1 X70.785 Y88.469 E9.42528
G1 X70.785 Y87.921 E9.45164
G1 X71.215 Y88.35 E9.48085
G1 X71.215 Y87.801 E9.50726
G1 X70.785 Y87.372 E9.53647
G1 X70.785 Y86.823 E9.56288
G1 X71.215 Y87.252 E9.59209
G1 X71.215 Y86.703 E9.6185
G1 X70.785 Y86.274 E9.64771
G1 X70.785 Y85.725 E9.67412
G1 X71.215 Y86.154 E9.70333
G1 X71.215 Y85.605 E9.72974
G1 X70.785 Y85.176 E9.75895
G1 X70.785 Y84.627 E9.78536
G1 X71.215 Y85.057 E9.81461
G1 X71.215 Y84.508 E9.84102
G1 X70.785 Y84.079 E9.87023
G1 X70.785 Y83.53 E9.89664
G1 X71.215 Y83.959 E9.92585
G1 X71.215 Y83.41 E9.95226
G1 X70.785 Y82.981 E9.98147
G1 X70.785 Y82.432 E10.00788
G1 X71.215 Y82.861 E10.03709
G1 X71.24 Y82.337 E10.06232
G1 X70.785 Y81.883 E10.09323
G1 X70.785 Y81.334 E10.11964
G1 X71.358 Y81.907 E10.15861
G1 X71.58 Y81.58 E10.17762
G1 X70.785 Y80.785 E10.23169
G1 X71.334 Y80.785 E10.2581
G1 X71.907 Y81.358 E10.29707
G1 X72.324 Y81.227 E10.31809
G1 X71.883 Y80.785 E10.34812
G1 X72.432 Y80.785 E10.37453
G1 X72.861 Y81.215 E10.40374
G1 X73.41 Y81.215 E10.43015
G1 X72.981 Y80.785 E10.45936
G1 X73.53 Y80.785 E10.48577
G1 X73.959 Y81.215 E10.51498
G1 X74.508 Y81.215 E10.54139
G1 X74.079 Y80.785 E10.5706
G1 X74.627 Y80.785 E10.59696
G1 X75.056 Y81.215 E10.62617
G1 X75.605 Y81.215 E10.65258
G1 X75.176 Y80.785 E10.68179
G1 X75.725 Y80.785 E10.7082
G1 X76.154 Y81.215 E10.73741
G1 X76.703 Y81.215 E10.76382
G1 X76.274 Y80.785 E10.79303
G1 X76.823 Y80.785 E10.81944
G1 X77.252 Y81.215 E10.84865
G1 X77.801 Y81.215 E10.87506
G1 X77.372 Y80.785 E10.90427
G1 X77.92 Y80.785 E10.93063
G1 X78.35 Y81.215 E10.95988
G1 X78.898 Y81.215 E10.98624
G1 X78.469 Y80.785 E11.01545
G1 X79.018 Y80.785 E11.04186
G1 X79.447 Y81.215 E11.07107
G1 X79.996 Y81.215 E11.09748
G1 X79.567 Y80.785 E11.12669
G1 X80.116 Y80.785 E11.1531
G1 X80.545 Y81.215 E11.18231
G1 X81.094 Y81.215 E11.20872
G1 X80.665 Y80.785 E11.23793
G1 X81.214 Y80.785 E11.26434
G1 X81.643 Y81.215 E11.29355
G1 X82.192 Y81.215 E11.31996
G1 X81.762 Y80.785 E11.34921
G1 X82.311 Y80.785 E11.37562
G1 X82.74 Y81.215 E11.40483
G1 X83.289 Y81.215 E11.43124
G1 X82.86 Y80.785 E11.46045
G1 X83.409 Y80.785 E11.48686
G1 X83.838 Y81.215 E11.51607
G1 X84.387 Y81.215 E11.54248
G1 X83.958 Y80.785 E11.57169
G1 X84.507 Y80.785 E11.5981
G1 X84.936 Y81.215 E11.62731
G1 X85.485 Y81.215 E11.65372
G1 X85.056 Y80.785 E11.68293
G1 X85.604 Y80.785 E11.70929
G1 X86.034 Y81.215 E11.73854
G1 X86.582 Y81.215 E11.7649
G1 X86.153 Y80.785 E11.79411
G1 X86.702 Y80.785 E11.82052
G1 X87.131 Y81.215 E11.84973
G1 X87.68 Y81.215 E11.87614
G1 X87.251 Y80.785 E11.90535
G1 X87.8 Y80.785 E11.93176
G1 X88.229 Y81.215 E11.96097
G1 X88.778 Y81.215 E11.98738
G1 X88.349 Y80.785 E12.01659
G1 X88.898 Y80.785 E12.043
G1 X89.327 Y81.215 E12.07221
G1 X89.875 Y81.215 E12.09857
G1 X89.446 Y80.785 E12.12778
G1 X89.995 Y80.785 E12.15419
G1 X90.424 Y81.215 E12.1834
G1 X90.973 Y81.215 E12.20981
G1 X90.544 Y80.785 E12.23902
G1 X91.093 Y80.785 E12.26543
G1 X91.522 Y81.215 E12.29464
G1 X92.071 Y81.215 E12.32105
G1 X91.642 Y80.785 E12.35026
G1 X92.191 Y80.785 E12.37667
G1 X92.62 Y81.215 E12.40588
G1 X93.169 Y81.215 E12.43229
G1 X92.739 Y80.785 E12.46154
G1 X93.288 Y80.785 E12.48795
G1 X93.717 Y81.215 E12.51716
G1 X94.266 Y81.215 E12.54357
G1 X93.837 Y80.785 E12.57278
G1 X94.386 Y80.785 E12.59919
G1 X94.815 Y81.215 E12.6284
G1 X95.364 Y81.215 E12.65481
G1 X94.935 Y80.785 E12.68402
G1 X95.484 Y80.785 E12.71043
G1 X95.913 Y81.215 E12.73964
G1 X96.462 Y81.215 E12.76605
G1 X96.033 Y80.785 E12.79526
G1 X96.581 Y80.785 E12.82162
G1 X97.011 Y81.215 E12.85087
G1 X97.564 Y81.219 E12.87747
G1 X97.13 Y80.785 E12.90699
G1 X97.679 Y80.785 E12.9334
G1 X99.215 Y82.321 E13.03788
G1 X99.215 Y81.772 E13.06429
G1 X98.228 Y80.785 E13.13142
G1 X98.777 Y80.785 E13.15783
G1 X99.388 Y81.397 E13.19942
G1 E11.19942 F2400
G92 E0
G1 X74.812 Y84.779 F7800
G1 E2 F2400
;TYPE:External perimeter
;WIDTH:0.583165
G1 F1800
G1 X74.876 Y84.765 E2.00424
;WIDTH:0.545178
G1 X74.968 Y84.746 E2.00987
;WIDTH:0.507191
G1 X95.032 Y84.746 E3.118
;WIDTH:0.545178
G1 X95.124 Y84.765 E3.12363
;WIDTH:0.583165
G1 X95.216 Y84.784 E3.12971
G1 X95.235 Y84.876 E3.13579
;WIDTH:0.545178
G1 X95.254 Y84.968 E3.14142
;WIDTH:0.507191
G1 X95.254 Y105.032 E4.24955
;WIDTH:0.545178
G1 X95.235 Y105.124 E4.25518
;WIDTH:0.583165
G1 X95.216 Y105.216 E4.26126
G1 X95.124 Y105.235 E4.26734
;WIDTH:0.545178
G1 X95.032 Y105.254 E4.27297
;WIDTH:0.507191
G1 X74.968 Y105.254 E5.3811
;WIDTH:0.545178
G1 X74.876 Y105.235 E5.38673
;WIDTH:0.583165
G1 X74.784 Y105.216 E5.39281
G1 X74.765 Y105.124 E5.39889
;WIDTH:0.545178
G1 X74.746 Y105.032 E5.40452
;WIDTH:0.507191
G1 X74.746 Y84.968 E6.51265
;WIDTH:0.545178
G1 X74.765 Y84.876 E6.51828
;WIDTH:0.583165
G1 X74.778 Y84.816 E6.52225
G1 X75.173 Y84.752 F7800
G1 E4.52225 F2400
G92 E0
G1 X95.658 Y105.658 F7800
G1 E2 F2400
G1 F1800
G1 X95.345 Y105.677 E2.02029
;WIDTH:0.545178
G1 X95.032 Y105.696 E2.03909
;WIDTH:0.507191
G1 X74.968 Y105.696 E3.14722
;WIDTH:0.545178
G1 X74.655 Y105.677 E3.16602
;WIDTH:0.583165
G1 X74.342 Y105.658 E3.18631
G1 X74.323 Y105.345 E3.2066
;WIDTH:0.545178
G1 X74.304 Y105.032 E3.2254
;WIDTH:0.507191
G1 X74.304 Y84.968 E4.33353
;WIDTH:0.545178
G1 X74.323 Y84.655 E4.35233
;WIDTH:0.583165
G1 X74.342 Y84.342 E4.37262
G1 X74.655 Y84.323 E4.39291
;WIDTH:0.545178
G1 X74.968 Y84.304 E4.41171
;WIDTH:0.507191
G1 X95.032 Y84.304 E5.51984
;WIDTH:0.545178
G1 X95.345 Y84.323 E5.53864
;WIDTH:0.583165
G1 X95.658 Y84.342 E5.55893
G1 X95.658 Y84.601 E5.57569
G1 X95.677 Y84.784 E5.58759
;WIDTH:0.545178
G1 X95.696 Y84.968 E5.59868
;WIDTH:0.507191
G1 X95.696 Y105.032 E6.70681
;WIDTH:0.510546
G1 X95.695 Y105.109 E6.7111
;WIDTH:0.546855
G1 X95.677 Y105.384 E6.72768
;WIDTH:0.583165
G1 X95.662 Y105.599 E6.74163
G1 X95.271 Y105.68 F7800
;LAYER_CHANGE
;Z:12.05
;HEIGHT:0.3
G1 E4.74163 F2400
G92 E0
G1 Z12.05 F7800
G1 X98.21 Y108.217
G1 E2 F2400
;TYPE:Perimeter
;WIDTH:0.45
G1 F3600
G1 X97.915 Y108.417 E2.01714
G1 X97.532 Y108.496 E2.03595
G1 X72.468 Y108.496 E3.24144
G1 X72.085 Y108.417 E3.26025
G1 X71.786 Y108.214 E3.27763
G1 X71.583 Y107.915 E3.29501
G1 X71.504 Y107.532 E3.31382
G1 X71.504 Y82.468 E4.51931
G1 X71.583 Y82.085 E4.53812
G1 X71.786 Y81.786 E4.5555
G1 X72.085 Y81.583 E4.57288
G1 X72.468 Y81.504 E4.59169
G1 X97.532 Y81.504 E5.79718
G1 X97.915 Y81.583 E5.81599
G1 X98.214 Y81.786 E5.83337
G1 X98.417 Y82.085 E5.85075
G1 X98.496 Y82.468 E5.86956
G1 X98.496 Y107.532 E7.07505
G1 X98.417 Y107.915 E7.09386
G1 X98.245 Y108.169 E7.10861
G1 X97.943 Y107.938 F7800
G1 F3600
G1 X97.941 Y107.941 E7.10878
G1 X97.762 Y108.063 E7.1192
G1 X97.532 Y108.111 E7.1305
G1 X72.468 Y108.111 E8.33599
G1 X72.238 Y108.063 E8.34729
G1 X72.059 Y107.941 E8.35771
G1 X71.937 Y107.762 E8.36813
G1 X71.889 Y107.532 E8.37943
G1 X71.889 Y82.468 E9.58492
G1 X71.937 Y82.238 E9.59622
G1 X72.059 Y82.059 E9.60664
G1 X72.238 Y81.937 E9.61706
G1 X72.468 Y81.889 E9.62836
G1 X97.532 Y81.889 E10.83385
G1 X97.762 Y81.937 E10.84515
G1 X97.941 Y82.059 E10.85557
G1 X98.063 Y82.238 E10.86599
G1 X98.111 Y82.468 E10.87729
G1 X98.111 Y107.532 E12.08278
G1 X98.063 Y107.762 E12.09408
G1 X97.977 Y107.889 E12.10146
G1 X97.671 Y107.662 F7800
;TYPE:External perimeter
G1 F1800
G1 X97.669 Y107.669 E12.10181
G1 X97.532 Y107.725 E12.10893
G1 X72.468 Y107.725 E13.31442
G1 X72.331 Y107.669 E13.32154
G1 X72.275 Y107.532 E13.32866
G1 X72.275 Y82.468 E14.53415
G1 X72.331 Y82.331 E14.54127
G1 X72.468 Y82.275 E14.54839
G1 X97.532 Y82.275 E15.75388
G1 X97.669 Y82.331 E15.761
G1 X97.725 Y82.468 E15.76812
G1 X97.725 Y107.532 E16.97361
G1 X97.694 Y107.607 E16.97751
G1 X97.31 Y107.718 F7800
G1 E14.97751 F2400
G92 E0
G1 X70.496 Y80.496 F7800
G1 E2 F2400
;TYPE:Perimeter
G1 F3600
G1 X99.504 Y80.496 E3.39518
G1 X99.504 Y81.252 E3.43154
G1 X99.504 Y109.504 E4.79036
G1 X70.496 Y109.504 E6.18554
G1 X70.496 Y80.556 E7.57784
G1 X70.111 Y80.111 F7800
G1 F3600
G1 X99.889 Y80.111 E9.01006
G1 X99.889 Y81.252 E9.06494
G1 X99.889 Y109.889 E10.44228
G1 X70.111 Y109.889 E11.8745
G1 X70.111 Y80.171 E13.30383
G1 X69.725 Y79.725 F7800
;TYPE:External perimeter
G1 F1800
G1 X100.275 Y79.725 E14.77318
G1 X100.275 Y81.252 E14.84662
G1 X100.275 Y110.275 E16.24253
G1 X69.725 Y110.275 E17.71188
G1 X69.725 Y79.785 E19.17834
G1 X70.121 Y79.726 F7800
G1 X71.397 Y80.612
;TYPE:Internal infill
;WIDTH:0.45
G1 F4200
G1 X70.785 Y81.223 E19.21993
G1 X70.785 Y81.772 E19.24634
G1 X71.772 Y80.785 E19.31347
G1 X72.321 Y80.785 E19.33988
G1 X70.612 Y82.494 E19.45612
G1 E17.45612 F2400
G92 E0
G1 X96.957 Y109.388 F7800
G1 E2 F2400
G1 F4200
G1 X97.562 Y108.783 E2.04115
G1 X97.011 Y108.785 E2.06765
G1 X96.581 Y109.215 E2.0969
G1 X96.033 Y109.215 E2.12326
G1 X96.462 Y108.785 E2.15247
G1 X95.913 Y108.785 E2.17888
G1 X95.484 Y109.215 E2.20809
G1 X94.935 Y109.215 E2.2345
G1 X95.364 Y108.785 E2.26371
G1 X94.815 Y108.785 E2.29012
G1 X94.386 Y109.215 E2.31933
G1 X93.837 Y109.215 E2.34574
G1 X94.266 Y108.785 E2.37495
G1 X93.717 Y108.785 E2.40136
G1 X93.288 Y109.215 E2.43057
G1 X92.739 Y109.215 E2.45698
G1 X93.169 Y108.785 E2.48623
G1 X92.62 Y108.785 E2.51264
G1 X92.191 Y109.215 E2.54185
G1 X91.642 Y109.215 E2.56826
G1 X92.071 Y108.785 E2.59747
G1 X91.522 Y108.785 E2.62388
G1 X91.093 Y109.215 E2.65309
G1 X90.544 Y109.215 E2.6795
G1 X90.973 Y108.785 E2.70871
G1 X90.424 Y108.785 E2.73512
G1 X89.995 Y109.215 E2.76433
G1 X89.446 Y109.215 E2.79074
G1 X89.875 Y108.785 E2.81995
G1 X89.327 Y108.785 E2.84631
G1 X88.898 Y109.215 E2.87552
G1 X88.349 Y109.215 E2.90193
G1 X88.778 Y108.785 E2.93114
G1 X88.229 Y108.785 E2.95755
G1 X87.8 Y109.215 E2.98676
G1 X87.251 Y109.215 E3.01317
G1 X87.68 Y108.785 E3.04238
G1 X87.131 Y108.785 E3.06879
G1 X86.702 Y109.215 E3.098
G1 X86.153 Y109.215 E3.12441
G1 X86.582 Y108.785 E3.15362
G1 X86.034 Y108.785 E3.17998
G1 X85.604 Y109.215 E3.20923
G1 X85.056 Y109.215 E3.23559
G1 X85.485 Y108.785 E3.2648
G1 X84.936 Y108.785 E3.29121
G1 X84.507 Y109.215 E3.32042
G1 X83.958 Y109.215 E3.34683
G1 X84.387 Y108.785 E3.37604
G1 X83.838 Y108.785 E3.40245
G1 X83.409 Y109.215 E3.43166
G1 X82.86 Y109.215 E3.45807
G1 X83.289 Y108.785 E3.48728
G1 X82.74 Y108.785 E3.51369
G1 X82.311 Y109.215 E3.5429
G1 X81.762 Y109.215 E3.56931
G1 X82.192 Y108.785 E3.59856
G1 X81.643 Y108.785 E3.62497
G1 X81.214 Y109.215 E3.65418
G1 X80.665 Y109.215 E3.68059
G1 X81.094 Y108.785 E3.7098
G1 X80.545 Y108.785 E3.73621
G1 X80.116 Y109.215 E3.76542
G1 X79.567 Y109.215 E3.79183
G1 X79.996 Y108.785 E3.82104
G1 X79.447 Y108.785 E3.84745
G1 X79.018 Y109.215 E3.87666
G1 X78.469 Y109.215 E3.90307
G1 X78.898 Y108.785 E3.93228
G1 X78.35 Y108.785 E3.95864
G1 X77.92 Y109.215 E3.98789
G1 X77.372 Y109.215 E4.01425
G1 X77.801 Y108.785 E4.04346
G1 X77.252 Y108.785 E4.06987
G1 X76.823 Y109.215 E4.09908
G1 X76.274 Y109.215 E4.12549
G1 X76.703 Y108.785 E4.1547
G1 X76.154 Y108.785 E4.18111
G1 X75.725 Y109.215 E4.21032
G1 X75.176 Y109.215 E4.23673
G1 X75.605 Y108.785 E4.26594
G1 X75.056 Y108.785 E4.29235
G1 X74.627 Y109.215 E4.32156
G1 X74.079 Y109.215 E4.34792
G1 X74.508 Y108.785 E4.37713
G1 X73.959 Y108.785 E4.40354
G1 X73.53 Y109.215 E4.43275
G1 X72.981 Y109.215 E4.45916
G1 X73.41 Y108.785 E4.48837
G1 X72.861 Y108.785 E4.51478
G1 X72.432 Y109.215 E4.54399
G1 X71.883 Y109.215 E4.5704
G1 X72.337 Y108.76 E4.60131
G1 X71.907 Y108.642 E4.62276
G1 X71.334 Y109.215 E4.66173
G1 X70.785 Y109.215 E4.68814
G1 X71.58 Y108.42 E4.74221
G1 X71.358 Y108.093 E4.76122
G1 X70.785 Y108.666 E4.80019
G1 X70.785 Y108.117 E4.8266
G1 X71.227 Y107.676 E4.85663
G1 X71.215 Y107.139 E4.88246
G1 X70.785 Y107.568 E4.91167
G1 X70.785 Y107.019 E4.93808
G1 X71.215 Y106.59 E4.96729
G1 X71.215 Y106.041 E4.9937
G1 X70.785 Y106.47 E5.02291
G1 X70.785 Y105.921 E5.04932
G1 X71.215 Y105.492 E5.07853
G1 X71.215 Y104.943 E5.10494
G1 X70.785 Y105.373 E5.13419
G1 X70.785 Y104.824 E5.1606
G1 X71.215 Y104.395 E5.18981
G1 X71.215 Y103.846 E5.21622
G1 X70.785 Y104.275 E5.24543
G1 X70.785 Y103.726 E5.27184
G1 X71.215 Y103.297 E5.30105
G1 X71.215 Y102.748 E5.32746
G1 X70.785 Y103.177 E5.35667
G1 X70.785 Y102.628 E5.38308
G1 X71.215 Y102.199 E5.41229
G1 X71.215 Y101.65 E5.4387
G1 X70.785 Y102.079 E5.46791
G1 X70.785 Y101.531 E5.49427
G1 X71.215 Y101.102 E5.52348
G1 X71.215 Y100.553 E5.54989
G1 X70.785 Y100.982 E5.5791
G1 X70.785 Y100.433 E5.60551
G1 X71.215 Y100.004 E5.63472
G1 X71.215 Y99.455 E5.66113
G1 X70.785 Y99.884 E5.69034
G1 X70.785 Y99.335 E5.71675
G1 X71.215 Y98.906 E5.74596
G1 X71.215 Y98.357 E5.77237
G1 X70.785 Y98.786 E5.80158
G1 X70.785 Y98.238 E5.82794
G1 X71.215 Y97.808 E5.85719
G1 X71.215 Y97.26 E5.88355
G1 X70.785 Y97.689 E5.91276
G1 X70.785 Y97.14 E5.93917
G1 X71.215 Y96.711 E5.96838
G1 X71.215 Y96.162 E5.99479
G1 X70.785 Y96.591 E6.024
G1 X70.785 Y96.042 E6.05041
G1 X71.215 Y95.613 E6.07962
G1 X71.215 Y95.064 E6.10603
G1 X70.785 Y95.493 E6.13524
G1 X70.785 Y94.944 E6.16165
G1 X71.215 Y94.515 E6.19086
G1 X71.215 Y93.966 E6.21727
G1 X70.785 Y94.396 E6.24652
G1 X70.785 Y93.847 E6.27293
G1 X71.215 Y93.418 E6.30214
G1 X71.215 Y92.869 E6.32855
G1 X70.785 Y93.298 E6.35776
G1 X70.785 Y92.749 E6.38417
G1 X71.215 Y92.32 E6.41338
G1 X71.215 Y91.771 E6.43979
G1 X70.785 Y92.2 E6.469
G1 X70.785 Y91.651 E6.49541
G1 X71.215 Y91.222 E6.52462
G1 X71.215 Y90.673 E6.55103
G1 X70.785 Y91.102 E6.58024
G1 X70.785 Y90.554 E6.6066
G1 X71.215 Y90.125 E6.63581
G1 X71.215 Y89.576 E6.66222
G1 X70.785 Y90.005 E6.69143
G1 X70.785 Y89.456 E6.71784
G1 X71.215 Y89.027 E6.74705
G1 X71.215 Y88.478 E6.77346
G1 X70.785 Y88.907 E6.80267
G1 X70.785 Y88.358 E6.82908
G1 X71.215 Y87.929 E6.85829
G1 X71.215 Y87.38 E6.8847
G1 X70.785 Y87.809 E6.91391
G1 X70.785 Y87.261 E6.94027
G1 X71.215 Y86.831 E6.96952
G1 X71.215 Y86.283 E6.99588
G1 X70.785 Y86.712 E7.02509
G1 X70.785 Y86.163 E7.0515
G1 X71.215 Y85.734 E7.08071
G1 X71.215 Y85.185 E7.10712
G1 X70.785 Y85.614 E7.13633
G1 X70.785 Y85.065 E7.16274
G1 X71.215 Y84.636 E7.19195
G1 X71.215 Y84.087 E7.21836
G1 X70.785 Y84.516 E7.24757
G1 X70.785 Y83.967 E7.27398
G1 X71.215 Y83.538 E7.30319
G1 X71.215 Y82.989 E7.3296
G1 X70.785 Y83.419 E7.35885
G1 X70.785 Y82.87 E7.38526
G1 X71.219 Y82.436 E7.41478
G1 X71.316 Y81.97 E7.43767
G1 X71.58 Y81.58 E7.46032
G1 X71.966 Y81.318 E7.48276
G1 X72.438 Y81.217 E7.50598
G1 X72.87 Y80.785 E7.53536
G1 X73.419 Y80.785 E7.56177
G1 X72.989 Y81.215 E7.59102
G1 X73.538 Y81.215 E7.61743
G1 X73.967 Y80.785 E7.64664
G1 X74.516 Y80.785 E7.67305
G1 X74.087 Y81.215 E7.70226
G1 X74.636 Y81.215 E7.72867
G1 X75.065 Y80.785 E7.75788
G1 X75.614 Y80.785 E7.78429
G1 X75.185 Y81.215 E7.8135
G1 X75.734 Y81.215 E7.83991
G1 X76.163 Y80.785 E7.86912
G1 X76.712 Y80.785 E7.89553
G1 X76.283 Y81.215 E7.92474
G1 X76.831 Y81.215 E7.9511
G1 X77.261 Y80.785 E7.98035
G1 X77.809 Y80.785 E8.00671
G1 X77.38 Y81.215 E8.03592
G1 X77.929 Y81.215 E8.06233
G1 X78.358 Y80.785 E8.09154
G1 X78.907 Y80.785 E8.11795
G1 X78.478 Y81.215 E8.14716
G1 X79.027 Y81.215 E8.17357
G1 X79.456 Y80.785 E8.20278
G1 X80.005 Y80.785 E8.22919
G1 X79.576 Y81.215 E8.2584
G1 X80.125 Y81.215 E8.28481
G1 X80.554 Y80.785 E8.31402
G1 X81.102 Y80.785 E8.34038
G1 X80.673 Y81.215 E8.36959
G1 X81.222 Y81.215 E8.396
G1 X81.651 Y80.785 E8.42521
G1 X82.2 Y80.785 E8.45162
G1 X81.771 Y81.215 E8.48083
G1 X82.32 Y81.215 E8.50724
G1 X82.749 Y80.785 E8.53645
G1 X83.298 Y80.785 E8.56286
G1 X82.869 Y81.215 E8.59207
G1 X83.418 Y81.215 E8.61848
G1 X83.847 Y80.785 E8.64769
G1 X84.396 Y80.785 E8.6741
G1 X83.966 Y81.215 E8.70335
G1 X84.515 Y81.215 E8.72976
G1 X84.944 Y80.785 E8.75897
G1 X85.493 Y80.785 E8.78538
G1 X85.064 Y81.215 E8.81459
G1 X85.613 Y81.215 E8.841
G1 X86.042 Y80.785 E8.87021
G1 X86.591 Y80.785 E8.89662
G1 X86.162 Y81.215 E8.92583
G1 X86.711 Y81.215 E8.95224
G1 X87.14 Y80.785 E8.98145
G1 X87.689 Y80.785 E9.00786
G1 X87.26 Y81.215 E9.03707
G1 X87.808 Y81.215 E9.06343
G1 X88.238 Y80.785 E9.09268
G1 X88.786 Y80.785 E9.11904
G1 X88.357 Y81.215 E9.14825
G1 X88.906 Y81.215 E9.17466
G1 X89.335 Y80.785 E9.20387
G1 X89.884 Y80.785 E9.23028
G1 X89.455 Y81.215 E9.25949
G1 X90.004 Y81.215 E9.2859
G1 X90.433 Y80.785 E9.31511
G1 X90.982 Y80.785 E9.34152
G1 X90.553 Y81.215 E9.37073
G1 X91.102 Y81.215 E9.39714
G1 X91.531 Y80.785 E9.42635
G1 X92.079 Y80.785 E9.45271
G1 X91.65 Y81.215 E9.48192
G1 X92.199 Y81.215 E9.50833
G1 X92.628 Y80.785 E9.53754
G1 X93.177 Y80.785 E9.56395
G1 X92.748 Y81.215 E9.59316
G1 X93.297 Y81.215 E9.61957
G1 X93.726 Y80.785 E9.64878
G1 X94.275 Y80.785 E9.67519
G1 X93.846 Y81.215 E9.7044
G1 X94.395 Y81.215 E9.73081
G1 X94.824 Y80.785 E9.76002
G1 X95.373 Y80.785 E9.78643
G1 X94.943 Y81.215 E9.81568
G1 X95.492 Y81.215 E9.84209
G1 X95.921 Y80.785 E9.8713
G1 X96.47 Y80.785 E9.89771
G1 X96.041 Y81.215 E9.92692
G1 X96.59 Y81.215 E9.95333
G1 X97.019 Y80.785 E9.98254
G1 X97.568 Y80.785 E10.00895
G1 X97.139 Y81.215 E10.03816
G1 X97.663 Y81.24 E10.06339
G1 X98.117 Y80.785 E10.0943
G1 X98.666 Y80.785 E10.12071
G1 X98.093 Y81.358 E10.15968
G1 X98.42 Y81.58 E10.17869
G1 X99.215 Y80.785 E10.23276
G1 X99.215 Y81.334 E10.25917
G1 X98.642 Y81.907 E10.29814
G1 X98.76 Y82.337 E10.31959
G1 X99.215 Y81.883 E10.3505
G1 X99.215 Y82.432 E10.37691
G1 X98.785 Y82.861 E10.40612
G1 X98.785 Y83.41 E10.43253
G1 X99.215 Y82.981 E10.46174
G1 X99.215 Y83.53 E10.48815
G1 X98.785 Y83.959 E10.51736
G1 X98.785 Y84.508 E10.54377
G1 X99.215 Y84.079 E10.57298
G1 X99.215 Y84.627 E10.59934
G1 X98.785 Y85.056 E10.62855
G1 X98.785 Y85.605 E10.65496
G1 X99.215 Y85.176 E10.68417
G1 X99.215 Y85.725 E10.71058
G1 X98.785 Y86.154 E10.73979
G1 X98.785 Y86.703 E10.7662
G1 X99.215 Y86.274 E10.79541
G1 X99.215 Y86.823 E10.82182
G1 X98.785 Y87.252 E10.85103
G1 X98.785 Y87.801 E10.87744
G1 X99.215 Y87.372 E10.90665
G1 X99.215 Y87.921 E10.93306
G1 X98.785 Y88.35 E10.96227
G1 X98.785 Y88.898 E10.98863
G1 X99.215 Y88.469 E11.01784
G1 X99.215 Y89.018 E11.04425
G1 X98.785 Y89.447 E11.07346
G1 X98.785 Y89.996 E11.09987
G1 X99.215 Y89.567 E11.12908
G1 X99.215 Y90.116 E11.15549
G1 X98.785 Y90.545 E11.1847
G1 X98.785 Y91.094 E11.21111
G1 X99.215 Y90.665 E11.24032
G1 X99.215 Y91.214 E11.26673
G1 X98.785 Y91.643 E11.29594
G1 X98.785 Y92.192 E11.32235
G1 X99.215 Y91.762 E11.3516
G1 X99.215 Y92.311 E11.37801
G1 X98.785 Y92.74 E11.40722
G1 X98.785 Y93.289 E11.43363
G1 X99.215 Y92.86 E11.46284
G1 X99.215 Y93.409 E11.48925
G1 X98.785 Y93.838 E11.51846
G1 X98.785 Y94.387 E11.54487
G1 X99.215 Y93.958 E11.57408
G1 X99.215 Y94.507 E11.60049
G1 X98.785 Y94.936 E11.6297
G1 X98.785 Y95.485 E11.65611
G1 X99.215 Y95.056 E11.68532
G1 X99.215 Y95.604 E11.71168
G1 X98.785 Y96.034 E11.74093
G1 X98.785 Y96.582 E11.76729
G1 X99.215 Y96.153 E11.7965
G1 X99.215 Y96.702 E11.82291
G1 X98.785 Y97.131 E11.85212
G1 X98.785 Y97.68 E11.87853
G1 X99.215 Y97.251 E11.90774
G1 X99.215 Y97.8 E11.93415
G1 X98.785 Y98.229 E11.96336
G1 X98.785 Y98.778 E11.98977
G1 X99.215 Y98.349 E12.01898
G1 X99.215 Y98.898 E12.04539
G1 X98.785 Y99.327 E12.0746
G1 X98.785 Y99.875 E12.10096
G1 X99.215 Y99.446 E12.13017
G1 X99.215 Y99.995 E12.15658
G1 X98.785 Y100.424 E12.18579
G1 X98.785 Y100.973 E12.2122
G1 X99.215 Y100.544 E12.24141
G1 X99.215 Y101.093 E12.26782
G1 X98.785 Y101.522 E12.29703
G1 X98.785 Y102.071 E12.32344
G1 X99.215 Y101.642 E12.35265
G1 X99.215 Y102.191 E12.37906
G1 X98.785 Y102.62 E12.40827
G1 X98.785 Y103.169 E12.43468
G1 X99.215 Y102.739 E12.46393
G1 X99.215 Y103.288 E12.49034
G1 X98.785 Y103.717 E12.51955
G1 X98.785 Y104.266 E12.54596
G1 X99.215 Y103.837 E12.57517
G1 X99.215 Y104.386 E12.60158
G1 X98.785 Y104.815 E12.63079
G1 X98.785 Y105.364 E12.6572
G1 X99.215 Y104.935 E12.68641
G1 X99.215 Y105.484 E12.71282
G1 X98.785 Y105.913 E12.74203
G1 X98.785 Y106.462 E12.76844
G1 X99.215 Y106.033 E12.79765
G1 X99.215 Y106.581 E12.82401
G1 X98.785 Y107.011 E12.85326
G1 X98.783 Y107.562 E12.87976
G1 X99.215 Y107.13 E12.90914
G1 X99.215 Y107.679 E12.93555
G1 X97.679 Y109.215 E13.04003
G1 X98.228 Y109.215 E13.06644
G1 X99.215 Y108.228 E13.13357
G1 X99.215 Y108.777 E13.15998
G1 X98.603 Y109.388 E13.20157
G1 E11.20157 F2400
G92 E0
G1 X74.812 Y84.779 F7800
G1 E2 F2400
;TYPE:External perimeter
;WIDTH:0.583165
G1 F1800
G1 X74.876 Y84.765 E2.00424
;WIDTH:0.545178
G1 X74.968 Y84.746 E2.00987
;WIDTH:0.507191
G1 X95.032 Y84.746 E3.118
;WIDTH:0.545178
G1 X95.124 Y84.765 E3.12363
;WIDTH:0.583165
G1 X95.216 Y84.784 E3.12971
G1 X95.235 Y84.876 E3.13579
;WIDTH:0.545178
G1 X95.254 Y84.968 E3.14142
;WIDTH:0.507191
G1 X95.254 Y105.032 E4.24955
;WIDTH:0.545178
G1 X95.235 Y105.124 E4.25518
;WIDTH:0.583165
G1 X95.216 Y105.216 E4.26126
G1 X95.124 Y105.235 E4.26734
;WIDTH:0.545178
G1 X95.032 Y105.254 E4.27297
;WIDTH:0.507191
G1 X74.968 Y105.254 E5.3811
;WIDTH:0.545178
G1 X74.876 Y105.235 E5.38673
;WIDTH:0.583165
G1 X74.784 Y105.216 E5.39281
G1 X74.765 Y105.124 E5.39889
;WIDTH:0.545178
G1 X74.746 Y105.032 E5.40452
;WIDTH:0.507191
G1 X74.746 Y84.968 E6.51265
;WIDTH:0.545178
G1 X74.765 Y84.876 E6.51828
;WIDTH:0.583165
G1 X74.778 Y84.816 E6.52225
G1 X75.173 Y84.752 F7800
G1 E4.52225 F2400
G92 E0
G1 X95.658 Y105.658 F7800
G1 E2 F2400
G1 F1800
G1 X95.345 Y105.677 E2.02029
;WIDTH:0.545178
G1 X95.032 Y105.696 E2.03909
;WIDTH:0.507191
G1 X74.968 Y105.696 E3.14722
;WIDTH:0.545178
G1 X74.655 Y105.677 E3.16602
;WIDTH:0.583165
G1 X74.342 Y105.658 E3.18631
G1 X74.323 Y105.345 E3.2066
;WIDTH:0.545178
G1 X74.304 Y105.032 E3.2254
;WIDTH:0.507191
G1 X74.304 Y84.968 E4.33353
;WIDTH:0.545178
G1 X74.323 Y84.655 E4.35233
;WIDTH:0.583165
G1 X74.342 Y84.342 E4.37262
G1 X74.655 Y84.323 E4.39291
;WIDTH:0.545178
G1 X74.968 Y84.304 E4.41171
;WIDTH:0.507191
G1 X95.032 Y84.304 E5.51984
;WIDTH:0.545178
G1 X95.345 Y84.323 E5.53864
;WIDTH:0.583165
G1 X95.658 Y84.342 E5.55893
G1 X95.658 Y84.601 E5.57569
G1 X95.677 Y84.784 E5.58759
;WIDTH:0.545178
G1 X95.696 Y84.968 E5.59868
;WIDTH:0.507191
G1 X95.696 Y105.032 E6.70681
;WIDTH:0.510546
G1 X95.695 Y105.109 E6.7111
;WIDTH:0.546855
G1 X95.677 Y105.384 E6.72768
;WIDTH:0.583165
G1 X95.662 Y105.599 E6.74163
G1 X95.271 Y105.68 F7800
;LAYER_CHANGE
;Z:12.35
;HEIGHT:0.3
G1 E4.74163 F2400
G92 E0
G1 Z12.35 F7800
G1 X98.21 Y108.217
G1 E2 F2400
;TYPE:Perimeter
;WIDTH:0.45
G1 F3600
G1 X97.915 Y108.417 E2.01714
G1 X97.532 Y108.496 E2.03595
G1 X72.468 Y108.496 E3.24144
G1 X72.085 Y108.417 E3.26025
G1 X71.786 Y108.214 E3.27763
G1 X71.583 Y107.915 E3.29501
G1 X71.504 Y107.532 E3.31382
G1 X71.504 Y82.468 E4.51931
G1 X71.583 Y82.085 E4.53812
G1 X71.786 Y81.786 E4.5555
G1 X72.085 Y81.583 E4.57288
G1 X72.468 Y81.504 E4.59169
G1 X97.532 Y81.504 E5.79718
G1 X97.915 Y81.583 E5.81599
G1 X98.214 Y81.786 E5.83337
G1 X98.417 Y82.085 E5.85075
G1 X98.496 Y82.468 E5.86956
G1 X98.496 Y107.532 E7.07505
G1 X98.417 Y107.915 E7.09386
G1 X98.245 Y108.169 E7.10861
G1 X97.943 Y107.938 F7800
G1 F3600
G1 X97.941 Y107.941 E7.10878
G1 X97.762 Y108.063 E7.1192
G1 X97.532 Y108.111 E7.1305
G1 X72.468 Y108.111 E8.33599
G1 X72.238 Y108.063 E8.34729
G1 X72.059 Y107.941 E8.35771
G1 X71.937 Y107.762 E8.36813
G1 X71.889 Y107.532 E8.37943
G1 X71.889 Y82.468 E9.58492
G1 X71.937 Y82.238 E9.59622
G1 X72.059 Y82.059 E9.60664
G1 X72.238 Y81.937 E9.61706
G1 X72.468 Y81.889 E9.62836
G1 X97.532 Y81.889 E10.83385
G1 X97.762 Y81.937 E10.84515
G1 X97.941 Y82.059 E10.85557
G1 X98.063 Y82.238 E10.86599
G1 X98.111 Y82.468 E10.87729
G1 X98.111 Y107.532 E12.08278
G1 X98.063 Y107.762 E12.09408
G1 X97.977 Y107.889 E12.10146
G1 X97.671 Y107.662 F7800
;TYPE:External perimeter
G1 F1800
G1 X97.669 Y107.669 E12.10181
G1 X97.532 Y107.725 E12.10893
G1 X72.468 Y107.725 E13.31442
G1 X72.331 Y107.669 E13.32154
G1 X72.275 Y107.532 E13.32866
G1 X72.275 Y82.468 E14.53415
G1 X72.331 Y82.331 E14.54127
G1 X72.468 Y82.275 E14.54839
G1 X97.532 Y82.275 E15.75388
G1 X97.669 Y82.331 E15.761
G1 X97.725 Y82.468 E15.76812
G1 X97.725 Y107.532 E16.97361
G1 X97.694 Y107.607 E16.97751
G1 X97.31 Y107.718 F7800
G1 E14.97751 F2400
G92 E0
G1 X70.496 Y80.496 F7800
G1 E2 F2400
;TYPE:Perimeter
G1 F3600
G1 X99.504 Y80.496 E3.39518
G1 X99.504 Y81.252 E3.43154
G1 X99.504 Y109.504 E4.79036
G1 X70.496 Y109.504 E6.18554
G1 X70.496 Y80.556 E7.57784
G1 X70.111 Y80.111 F7800
G1 F3600
G1 X99.889 Y80.111 E9.01006
G1 X99.889 Y81.252 E9.06494
G1 X99.889 Y109.889 E10.44228
G1 X70.111 Y109.889 E11.8745
G1 X70.111 Y80.171 E13.30383
G1 X69.725 Y79.725 F7800
;TYPE:External perimeter
G1 F1800
G1 X100.275 Y79.725 E14.77318
G1 X100.275 Y81.252 E14.84662
G1 X100.275 Y110.275 E16.24253
G1 X69.725 Y110.275 E17.71188
G1 X69.725 Y79.785 E19.17834
G1 X70.121 Y79.726 F7800
G1 E17.17834 F2400
G92 E0
G1 X70.796 Y82.67 F7800
G1 E2 F2400
;TYPE:Solid infill
;WIDTH:0.47174
G1 F3000
G1 X70.785 Y108.042 E3.2891
;WIDTH:0.45
G1 X70.785 Y109.215 E3.34552
G1 X71.954 Y109.215 E3.40174
;WIDTH:0.471738
G1 X98.042 Y109.215 E4.72721
;WIDTH:0.45
G1 X99.215 Y109.215 E4.78363
G1 X99.215 Y108.042 E4.84005
;WIDTH:0.47174
G1 X99.215 Y81.954 E6.16553
;WIDTH:0.45
G1 X99.215 Y80.785 E6.22175
G1 X98.046 Y80.785 E6.27797
;WIDTH:0.471738
G1 X71.958 Y80.785 E7.60344
;WIDTH:0.45
G1 X70.785 Y80.785 E7.65986
G1 X70.785 Y81.954 E7.71608
;WIDTH:0.471738
G1 X70.796 Y82.478 E7.74271
G1 E5.74271 F2400
G92 E0
G1 X71.235 Y108.681 F7800
G1 E2 F2400
;WIDTH:0.612971
G1 F3000
G1 X71.186 Y108.73 E2.00474
G1 X71.204 Y108.796 E2.00942
G1 X71.27 Y108.814 E2.0141
G1 X71.319 Y108.765 E2.01884
G1 X71.301 Y108.699 E2.02352
G1 E.02352 F2400
G92 E0
G1 X71.204 Y82.67 F7800
G1 E2 F2400
;WIDTH:0.47174
G1 F3000
G1 X71.204 Y107.528 E3.26299
G1 X71.305 Y107.989 E3.28697
;WIDTH:0.45
G1 X71.56 Y108.389 E3.30979
G1 X71.938 Y108.663 E3.33224
;WIDTH:0.471738
G1 X72.478 Y108.796 E3.3605
G1 X97.528 Y108.796 E4.63324
G1 X97.989 Y108.695 E4.65722
;WIDTH:0.45
G1 X98.389 Y108.44 E4.68004
G1 X98.665 Y108.058 E4.70271
;WIDTH:0.47174
G1 X98.796 Y107.528 E4.73045
G1 X98.796 Y82.478 E6.00319
G1 X98.692 Y82.008 E6.02765
;WIDTH:0.45
G1 X98.417 Y81.583 E6.052
G1 X98.062 Y81.337 E6.07277
;WIDTH:0.471738
G1 X97.522 Y81.204 E6.10103
G1 X72.472 Y81.204 E7.37377
G1 X72.011 Y81.305 E7.39775
;WIDTH:0.45
G1 X71.611 Y81.56 E7.42057
G1 X71.337 Y81.938 E7.44302
;WIDTH:0.471738
G1 X71.204 Y82.478 E7.47128
G1 X71.301 Y81.204 F7800
;WIDTH:0.612969
G1 F3000
G1 X71.319 Y81.27 E7.47596
G1 X71.27 Y81.319 E7.4807
G1 X71.204 Y81.301 E7.48538
G1 X71.186 Y81.235 E7.49006
G1 X71.235 Y81.186 E7.4948
G1 E5.4948 F2400
G92 E0
G1 X98.73 Y81.186 F7800
G1 E2 F2400
G1 F3000
G1 X98.681 Y81.235 E2.00474
G1 X98.699 Y81.301 E2.00942
G1 X98.765 Y81.319 E2.0141
G1 X98.814 Y81.27 E2.01884
G1 X98.796 Y81.204 E2.02352
G1 E.02352 F2400
G92 E0
G1 X98.73 Y108.681 F7800
G1 E2 F2400
;WIDTH:0.612971
G1 F3000
G1 X98.681 Y108.73 E2.00474
G1 X98.699 Y108.796 E2.00942
G1 X98.765 Y108.814 E2.0141
G1 X98.814 Y108.765 E2.01884
G1 X98.796 Y108.699 E2.02352
G1 E.02352 F2400
G92 E0
G1 X74.812 Y84.779 F7800
G1 E2 F2400
;TYPE:External perimeter
;WIDTH:0.583165
G1 F1800
G1 X74.876 Y84.765 E2.00424
;WIDTH:0.545178
G1 X74.968 Y84.746 E2.00987
;WIDTH:0.507191
G1 X95.032 Y84.746 E3.118
;WIDTH:0.545178
G1 X95.124 Y84.765 E3.12363
;WIDTH:0.583165
G1 X95.216 Y84.784 E3.12971
G1 X95.235 Y84.876 E3.13579
;WIDTH:0.545178
G1 X95.254 Y84.968 E3.14142
;WIDTH:0.507191
G1 X95.254 Y105.032 E4.24955
;WIDTH:0.545178
G1 X95.235 Y105.124 E4.25518
;WIDTH:0.583165
G1 X95.216 Y105.216 E4.26126
G1 X95.124 Y105.235 E4.26734
;WIDTH:0.545178
G1 X95.032 Y105.254 E4.27297
;WIDTH:0.507191
G1 X74.968 Y105.254 E5.3811
;WIDTH:0.545178
G1 X74.876 Y105.235 E5.38673
;WIDTH:0.583165
G1 X74.784 Y105.216 E5.39281
G1 X74.765 Y105.124 E5.39889
;WIDTH:0.545178
G1 X74.746 Y105.032 E5.40452
;WIDTH:0.507191
G1 X74.746 Y84.968 E6.51265
;WIDTH:0.545178
G1 X74.765 Y84.876 E6.51828
;WIDTH:0.583165
G1 X74.778 Y84.816 E6.52225
G1 X75.173 Y84.752 F7800
G1 E4.52225 F2400
G92 E0
G1 X95.658 Y105.658 F7800
G1 E2 F2400
G1 F1800
G1 X95.345 Y105.677 E2.02029
;WIDTH:0.545178
G1 X95.032 Y105.696 E2.03909
;WIDTH:0.507191
G1 X74.968 Y105.696 E3.14722
;WIDTH:0.545178
G1 X74.655 Y105.677 E3.16602
;WIDTH:0.583165
G1 X74.342 Y105.658 E3.18631
G1 X74.323 Y105.345 E3.2066
;WIDTH:0.545178
G1 X74.304 Y105.032 E3.2254
;WIDTH:0.507191
G1 X74.304 Y84.968 E4.33353
;WIDTH:0.545178
G1 X74.323 Y84.655 E4.35233
;WIDTH:0.583165
G1 X74.342 Y84.342 E4.37262
G1 X74.655 Y84.323 E4.39291
;WIDTH:0.545178
G1 X74.968 Y84.304 E4.41171
;WIDTH:0.507191
G1 X95.032 Y84.304 E5.51984
;WIDTH:0.545178
G1 X95.345 Y84.323 E5.53864
;WIDTH:0.583165
G1 X95.658 Y84.342 E5.55893
G1 X95.658 Y84.601 E5.57569
G1 X95.677 Y84.784 E5.58759
;WIDTH:0.545178
G1 X95.696 Y84.968 E5.59868
;WIDTH:0.507191
G1 X95.696 Y105.032 E6.70681
;WIDTH:0.510546
G1 X95.695 Y105.109 E6.7111
;WIDTH:0.546855
G1 X95.677 Y105.384 E6.72768
;WIDTH:0.583165
G1 X95.662 Y105.599 E6.74163
G1 X95.271 Y105.68 F7800
;LAYER_CHANGE
;Z:12.65
;HEIGHT:0.299999
G1 E4.74163 F2400
G92 E0
G1 Z12.65 F7800
G1 X98.21 Y108.217
G1 E2 F2400
;TYPE:Perimeter
;WIDTH:0.45
G1 F3600
G1 X97.915 Y108.417 E2.01714
G1 X97.532 Y108.496 E2.03595
G1 X72.468 Y108.496 E3.24144
G1 X72.085 Y108.417 E3.26025
G1 X71.786 Y108.214 E3.27763
G1 X71.583 Y107.915 E3.29501
G1 X71.504 Y107.532 E3.31382
G1 X71.504 Y82.468 E4.51931
G1 X71.583 Y82.085 E4.53812
G1 X71.786 Y81.786 E4.5555
G1 X72.085 Y81.583 E4.57288
G1 X72.468 Y81.504 E4.59169
G1 X97.532 Y81.504 E5.79718
G1 X97.915 Y81.583 E5.81599
G1 X98.214 Y81.786 E5.83337
G1 X98.417 Y82.085 E5.85075
G1 X98.496 Y82.468 E5.86956
G1 X98.496 Y107.532 E7.07505
G1 X98.417 Y107.915 E7.09386
G1 X98.245 Y108.169 E7.10861
G1 X97.943 Y107.938 F7800
G1 F3600
G1 X97.941 Y107.941 E7.10878
G1 X97.762 Y108.063 E7.1192
G1 X97.532 Y108.111 E7.1305
G1 X72.468 Y108.111 E8.33599
G1 X72.238 Y108.063 E8.34729
G1 X72.059 Y107.941 E8.35771
G1 X71.937 Y107.762 E8.36813
G1 X71.889 Y107.532 E8.37943
G1 X71.889 Y82.468 E9.58492
G1 X71.937 Y82.238 E9.59622
G1 X72.059 Y82.059 E9.60664
G1 X72.238 Y81.937 E9.61706
G1 X72.468 Y81.889 E9.62836
G1 X97.532 Y81.889 E10.83385
G1 X97.762 Y81.937 E10.84515
G1 X97.941 Y82.059 E10.85557
G1 X98.063 Y82.238 E10.86599
G1 X98.111 Y82.468 E10.87729
G1 X98.111 Y107.532 E12.08278
G1 X98.063 Y107.762 E12.09408
G1 X97.977 Y107.889 E12.10146
G1 X97.671 Y107.662 F7800
;TYPE:External perimeter
G1 F1800
G1 X97.669 Y107.669 E12.10181
G1 X97.532 Y107.725 E12.10893
G1 X72.468 Y107.725 E13.31442
G1 X72.331 Y107.669 E13.32154
G1 X72.275 Y107.532 E13.32866
G1 X72.275 Y82.468 E14.53415
G1 X72.331 Y82.331 E14.54127
G1 X72.468 Y82.275 E14.54839
G1 X97.532 Y82.275 E15.75388
G1 X97.669 Y82.331 E15.761
G1 X97.725 Y82.468 E15.76812
G1 X97.725 Y107.532 E16.97361
G1 X97.694 Y107.607 E16.97751
G1 X97.31 Y107.718 F7800
G1 E14.97751 F2400
G92 E0
G1 X70.496 Y80.496 F7800
G1 E2 F2400
;TYPE:Perimeter
G1 F3600
G1 X99.504 Y80.496 E3.39518
G1 X99.504 Y81.252 E3.43154
G1 X99.504 Y109.504 E4.79036
G1 X70.496 Y109.504 E6.18554
G1 X70.496 Y80.556 E7.57784
G1 X70.111 Y80.111 F7800
G1 F3600
G1 X99.889 Y80.111 E9.01006
G1 X99.889 Y81.252 E9.06494
G1 X99.889 Y109.889 E10.44228
G1 X70.111 Y109.889 E11.8745
G1 X70.111 Y80.171 E13.30383
G1 X69.725 Y79.725 F7800
;TYPE:External perimeter
G1 F1800
G1 X100.275 Y79.725 E14.77318
G1 X100.275 Y81.252 E14.84662
G1 X100.275 Y110.275 E16.24253
G1 X69.725 Y110.275 E17.71188
G1 X69.725 Y79.785 E19.17834
G1 X70.121 Y79.726 F7800
G1 E17.17834 F2400
G92 E0
G1 X97.33 Y80.796 F7800
G1 E2 F2400
;TYPE:Solid infill
;WIDTH:0.47174
G1 F3000
G1 X71.958 Y80.785 E3.2891
;WIDTH:0.45
G1 X70.785 Y80.785 E3.34552
G1 X70.785 Y81.954 E3.40174
;WIDTH:0.471738
G1 X70.785 Y108.042 E4.72721
;WIDTH:0.45
G1 X70.785 Y109.215 E4.78363
G1 X71.954 Y109.215 E4.83985
;WIDTH:0.471738
G1 X98.042 Y109.215 E6.16532
;WIDTH:0.45
G1 X99.215 Y109.215 E6.22174
G1 X99.215 Y108.042 E6.27816
;WIDTH:0.471739
G1 X99.215 Y81.954 E7.60364
;WIDTH:0.45
G1 X99.215 Y80.785 E7.65986
G1 X98.046 Y80.785 E7.71608
;WIDTH:0.471738
G1 X97.522 Y80.796 E7.74271
G1 E5.74271 F2400
G92 E0
G1 X71.319 Y81.235 F7800
G1 E2 F2400
;WIDTH:0.612969
G1 F3000
G1 X71.27 Y81.186 E2.00474
G1 X71.204 Y81.204 E2.00942
G1 X71.186 Y81.27 E2.0141
G1 X71.235 Y81.319 E2.01884
G1 X71.301 Y81.301 E2.02352
G1 E.02352 F2400
G92 E0
G1 X97.33 Y81.204 F7800
G1 E2 F2400
;WIDTH:0.47174
G1 F3000
G1 X72.472 Y81.204 E3.26299
G1 X72.011 Y81.305 E3.28697
;WIDTH:0.45
G1 X71.611 Y81.56 E3.30979
G1 X71.337 Y81.938 E3.33224
;WIDTH:0.471738
G1 X71.204 Y82.478 E3.3605
G1 X71.204 Y107.528 E4.63324
G1 X71.305 Y107.989 E4.65722
;WIDTH:0.45
G1 X71.56 Y108.389 E4.68004
G1 X71.938 Y108.663 E4.70249
;WIDTH:0.471738
G1 X72.478 Y108.796 E4.73075
G1 X97.528 Y108.796 E6.00349
G1 X97.989 Y108.695 E6.02747
;WIDTH:0.45
G1 X98.417 Y108.417 E6.05202
G1 X98.665 Y108.058 E6.07301
;WIDTH:0.471739
G1 X98.796 Y107.528 E6.10075
G1 X98.796 Y82.478 E7.37349
G1 X98.692 Y82.008 E7.39795
;WIDTH:0.45
G1 X98.44 Y81.611 E7.42057
G1 X98.062 Y81.337 E7.44302
;WIDTH:0.471738
G1 X97.522 Y81.204 E7.47128
G1 X98.796 Y81.301 F7800
;WIDTH:0.612969
G1 F3000
G1 X98.73 Y81.319 E7.47596
G1 X98.681 Y81.27 E7.4807
G1 X98.699 Y81.204 E7.48538
G1 X98.765 Y81.186 E7.49006
G1 X98.814 Y81.235 E7.4948
G1 E5.4948 F2400
G92 E0
G1 X98.814 Y108.73 F7800
G1 E2 F2400
;WIDTH:0.612972
G1 F3000
G1 X98.765 Y108.681 E2.00474
G1 X98.699 Y108.699 E2.00942
G1 X98.681 Y108.765 E2.0141
G1 X98.73 Y108.814 E2.01884
G1 X98.796 Y108.796 E2.02352
G1 E.02352 F2400
G92 E0
G1 X71.319 Y108.73 F7800
G1 E2 F2400
;WIDTH:0.612971
G1 F3000
G1 X71.27 Y108.681 E2.00474
G1 X71.204 Y108.699 E2.00942
G1 X71.186 Y108.765 E2.0141
G1 X71.235 Y108.814 E2.01884
G1 X71.301 Y108.796 E2.02352
G1 E.02352 F2400
G92 E0
G1 X74.812 Y84.779 F7800
G1 E2 F2400
;TYPE:External perimeter
;WIDTH:0.583165
G1 F1800
G1 X74.876 Y84.765 E2.00424
;WIDTH:0.545178
G1 X74.968 Y84.746 E2.00987
;WIDTH:0.507191
G1 X95.032 Y84.746 E3.118
;WIDTH:0.545178
G1 X95.124 Y84.765 E3.12363
;WIDTH:0.583165
G1 X95.216 Y84.784 E3.12971
G1 X95.235 Y84.876 E3.13579
;WIDTH:0.545178
G1 X95.254 Y84.968 E3.14142
;WIDTH:0.507191
G1 X95.254 Y105.032 E4.24955
;WIDTH:0.545178
G1 X95.235 Y105.124 E4.25518
;WIDTH:0.583165
G1 X95.216 Y105.216 E4.26126
G1 X95.124 Y105.235 E4.26734
;WIDTH:0.545178
G1 X95.032 Y105.254 E4.27297
;WIDTH:0.507191
G1 X74.968 Y105.254 E5.3811
;WIDTH:0.545178
G1 X74.876 Y105.235 E5.38673
;WIDTH:0.583165
G1 X74.784 Y105.216 E5.39281
G1 X74.765 Y105.124 E5.39889
;WIDTH:0.545178
G1 X74.746 Y105.032 E5.40452
;WIDTH:0.507191
G1 X74.746 Y84.968 E6.51265
;WIDTH:0.545178
G1 X74.765 Y84.876 E6.51828
;WIDTH:0.583165
G1 X74.778 Y84.816 E6.52225
G1 X75.173 Y84.752 F7800
G1 E4.52225 F2400
G92 E0
G1 X95.658 Y105.658 F7800
G1 E2 F2400
G1 F1800
G1 X95.345 Y105.677 E2.02029
;WIDTH:0.545178
G1 X95.032 Y105.696 E2.03909
;WIDTH:0.507191
G1 X74.968 Y105.696 E3.14722
;WIDTH:0.545178
G1 X74.655 Y105.677 E3.16602
;WIDTH:0.583165
G1 X74.342 Y105.658 E3.18631
G1 X74.323 Y105.345 E3.2066
;WIDTH:0.545178
G1 X74.304 Y105.032 E3.2254
;WIDTH:0.507191
G1 X74.304 Y84.968 E4.33353
;WIDTH:0.545178
G1 X74.323 Y84.655 E4.35233
;WIDTH:0.583165
G1 X74.342 Y84.342 E4.37262
G1 X74.655 Y84.323 E4.39291
;WIDTH:0.545178
G1 X74.968 Y84.304 E4.41171
;WIDTH:0.507191
G1 X95.032 Y84.304 E5.51984
;WIDTH:0.545178
G1 X95.345 Y84.323 E5.53864
;WIDTH:0.583165
G1 X95.658 Y84.342 E5.55893
G1 X95.658 Y84.601 E5.57569
G1 X95.677 Y84.784 E5.58759
;WIDTH:0.545178
G1 X95.696 Y84.968 E5.59868
;WIDTH:0.507191
G1 X95.696 Y105.032 E6.70681
;WIDTH:0.510546
G1 X95.695 Y105.109 E6.7111
;WIDTH:0.546855
G1 X95.677 Y105.384 E6.72768
;WIDTH:0.583165
G1 X95.662 Y105.599 E6.74163
G1 X95.271 Y105.68 F7800
;LAYER_CHANGE
;Z:12.95
;HEIGHT:0.3
G1 E4.74163 F2400
G92 E0
G1 Z12.95 F7800
G1 X98.21 Y108.217
G1 E2 F2400
;TYPE:Perimeter
;WIDTH:0.45
G1 F3600
G1 X97.915 Y108.417 E2.01714
G1 X97.532 Y108.496 E2.03595
G1 X72.468 Y108.496 E3.24144
G1 X72.085 Y108.417 E3.26025
G1 X71.786 Y108.214 E3.27763
G1 X71.583 Y107.915 E3.29501
G1 X71.504 Y107.532 E3.31382
G1 X71.504 Y82.468 E4.51931
G1 X71.583 Y82.085 E4.53812
G1 X71.786 Y81.786 E4.5555
G1 X72.085 Y81.583 E4.57288
G1 X72.468 Y81.504 E4.59169
G1 X97.532 Y81.504 E5.79718
G1 X97.915 Y81.583 E5.81599
G1 X98.214 Y81.786 E5.83337
G1 X98.417 Y82.085 E5.85075
G1 X98.496 Y82.468 E5.86956
G1 X98.496 Y107.532 E7.07505
G1 X98.417 Y107.915 E7.09386
G1 X98.245 Y108.169 E7.10861
G1 X97.943 Y107.938 F7800
G1 F3600
G1 X97.941 Y107.941 E7.10878
G1 X97.762 Y108.063 E7.1192
G1 X97.532 Y108.111 E7.1305
G1 X72.468 Y108.111 E8.33599
G1 X72.238 Y108.063 E8.34729
G1 X72.059 Y107.941 E8.35771
G1 X71.937 Y107.762 E8.36813
G1 X71.889 Y107.532 E8.37943
G1 X71.889 Y82.468 E9.58492
G1 X71.937 Y82.238 E9.59622
G1 X72.059 Y82.059 E9.60664
G1 X72.238 Y81.937 E9.61706
G1 X72.468 Y81.889 E9.62836
G1 X97.532 Y81.889 E10.83385
G1 X97.762 Y81.937 E10.84515
G1 X97.941 Y82.059 E10.85557
G1 X98.063 Y82.238 E10.86599
G1 X98.111 Y82.468 E10.87729
G1 X98.111 Y107.532 E12.08278
G1 X98.063 Y107.762 E12.09408
G1 X97.977 Y107.889 E12.10146
G1 X97.671 Y107.662 F7800
;TYPE:External perimeter
G1 F1800
G1 X97.669 Y107.669 E12.10181
G1 X97.532 Y107.725 E12.10893
G1 X72.468 Y107.725 E13.31442
G1 X72.331 Y107.669 E13.32154
G1 X72.275 Y107.532 E13.32866
G1 X72.275 Y82.468 E14.53415
G1 X72.331 Y82.331 E14.54127
G1 X72.468 Y82.275 E14.54839
G1 X97.532 Y82.275 E15.75388
G1 X97.669 Y82.331 E15.761
G1 X97.725 Y82.468 E15.76812
G1 X97.725 Y107.532 E16.97361
G1 X97.694 Y107.607 E16.97751
G1 X97.31 Y107.718 F7800
G1 E14.97751 F2400
G92 E0
G1 X70.496 Y80.496 F7800
G1 E2 F2400
;TYPE:Perimeter
G1 F3600
G1 X99.504 Y80.496 E3.39518
G1 X99.504 Y81.252 E3.43154
G1 X99.504 Y109.504 E4.79036
G1 X70.496 Y109.504 E6.18554
G1 X70.496 Y80.556 E7.57784
G1 X70.111 Y80.111 F7800
G1 F3600
G1 X99.889 Y80.111 E9.01006
G1 X99.889 Y81.252 E9.06494
G1 X99.889 Y109.889 E10.44228
G1 X70.111 Y109.889 E11.8745
G1 X70.111 Y80.171 E13.30383
G1 X69.725 Y79.725 F7800
;TYPE:External perimeter
G1 F1800
G1 X100.275 Y79.725 E14.77318
G1 X100.275 Y81.252 E14.84662
G1 X100.275 Y110.275 E16.24253
G1 X69.725 Y110.275 E17.71188
G1 X69.725 Y79.785 E19.17834
G1 X70.121 Y79.726 F7800
G1 E17.17834 F2400
G92 E0
G1 X99.391 Y81.29 F7800
G1 E2 F2400
;TYPE:Top solid infill
;WIDTH:0.401159
G1 X98.861 Y80.76 E2.03148
G1 X98.384 Y80.76 E2.05152
G1 X99.24 Y81.616 E2.10237
G1 X99.24 Y82.092 E2.12236
G1 X97.908 Y80.76 E2.20149
G1 X97.432 Y80.76 E2.22148
G1 X99.24 Y82.568 E2.32888
G1 X99.24 Y83.044 E2.34887
G1 X98.76 Y82.565 E2.37735
G1 X98.76 Y83.042 E2.39739
G1 X99.24 Y83.521 E2.42587
G1 X99.24 Y83.997 E2.44586
G1 X98.76 Y83.518 E2.47434
G1 X98.76 Y83.994 E2.49433
G1 X99.24 Y84.473 E2.52281
G1 X99.24 Y84.95 E2.54285
G1 X98.76 Y84.47 E2.57136
G1 X98.76 Y84.947 E2.5914
G1 X99.24 Y85.426 E2.61988
G1 X99.24 Y85.902 E2.63987
G1 X98.76 Y85.423 E2.66835
G1 X98.76 Y85.899 E2.68834
G1 X99.24 Y86.378 E2.71682
G1 X99.24 Y86.855 E2.73686
G1 X98.76 Y86.376 E2.76534
G1 X98.76 Y86.852 E2.78533
G1 X99.24 Y87.331 E2.81381
G1 X99.24 Y87.807 E2.8338
G1 X98.76 Y87.328 E2.86228
G1 X98.76 Y87.804 E2.88227
G1 X99.24 Y88.283 E2.91075
G1 X99.24 Y88.76 E2.93079
G1 X98.76 Y88.281 E2.95927
G1 X98.76 Y88.757 E2.97926
G1 X99.24 Y89.236 E3.00774
G1 X99.24 Y89.712 E3.02773
G1 X98.76 Y89.233 E3.05621
G1 X98.76 Y89.709 E3.0762
G1 X99.24 Y90.189 E3.10471
G1 X99.24 Y90.665 E3.1247
G1 X98.76 Y90.186 E3.15318
G1 X98.76 Y90.662 E3.17317
G1 X99.24 Y91.141 E3.20165
G1 X99.24 Y91.617 E3.22164
G1 X98.76 Y91.138 E3.25012
G1 X98.76 Y91.615 E3.27016
G1 X99.24 Y92.094 E3.29864
G1 X99.24 Y92.57 E3.31863
G1 X98.76 Y92.091 E3.34711
G1 X98.76 Y92.567 E3.3671
G1 X99.24 Y93.046 E3.39558
G1 X99.24 Y93.522 E3.41557
G1 X98.76 Y93.043 E3.44405
G1 X98.76 Y93.52 E3.46409
G1 X99.24 Y93.999 E3.49257
G1 X99.24 Y94.475 E3.51256
G1 X98.76 Y93.996 E3.54104
G1 X98.76 Y94.472 E3.56103
G1 X99.24 Y94.951 E3.58951
G1 X99.24 Y95.428 E3.60955
G1 X98.76 Y94.949 E3.63803
G1 X98.76 Y95.425 E3.65802
G1 X99.24 Y95.904 E3.6865
G1 X99.24 Y96.38 E3.70649
G1 X98.76 Y95.901 E3.73497
G1 X98.76 Y96.377 E3.75496
G1 X99.24 Y96.856 E3.78344
G1 X99.24 Y97.333 E3.80348
G1 X98.76 Y96.854 E3.83196
G1 X98.76 Y97.33 E3.85195
G1 X99.24 Y97.809 E3.88043
G1 X99.24 Y98.285 E3.90042
G1 X98.76 Y97.806 E3.9289
G1 X98.76 Y98.282 E3.94889
G1 X99.24 Y98.762 E3.9774
G1 X99.24 Y99.238 E3.99739
G1 X98.76 Y98.759 E4.02587
G1 X98.76 Y99.235 E4.04586
G1 X99.24 Y99.714 E4.07434
G1 X99.24 Y100.19 E4.09433
G1 X98.76 Y99.711 E4.12281
G1 X98.76 Y100.188 E4.14285
G1 X99.24 Y100.667 E4.17133
G1 X99.24 Y101.143 E4.19132
G1 X98.76 Y100.664 E4.2198
G1 X98.76 Y101.14 E4.23979
G1 X99.24 Y101.619 E4.26827
G1 X99.24 Y102.095 E4.28826
G1 X98.76 Y101.616 E4.31674
G1 X98.76 Y102.093 E4.33678
G1 X99.24 Y102.572 E4.36526
G1 X99.24 Y103.048 E4.38525
G1 X98.76 Y102.569 E4.41373
G1 X98.76 Y103.045 E4.43372
G1 X99.24 Y103.524 E4.4622
G1 X99.24 Y104.001 E4.48224
G1 X98.76 Y103.521 E4.51075
G1 X98.76 Y103.998 E4.53079
G1 X99.24 Y104.477 E4.55927
G1 X99.24 Y104.953 E4.57926
G1 X98.76 Y104.474 E4.60774
G1 X98.76 Y104.95 E4.62773
G1 X99.24 Y105.429 E4.65621
G1 X99.24 Y105.906 E4.67625
G1 X98.76 Y105.427 E4.70473
G1 X98.76 Y105.903 E4.72472
G1 X99.24 Y106.382 E4.7532
G1 X99.24 Y106.858 E4.77319
G1 X98.76 Y106.379 E4.80167
G1 X98.76 Y106.855 E4.82166
G1 X99.24 Y107.335 E4.85017
G1 X99.24 Y107.811 E4.87016
G1 X98.76 Y107.332 E4.89864
G1 X98.76 Y107.535 E4.90717
G1 X98.732 Y107.779 E4.91749
G1 X99.24 Y108.287 E4.94767
G1 X99.24 Y108.763 E4.96766
G1 X98.594 Y108.118 E5.00601
G1 X98.402 Y108.402 E5.02041
G1 X99.239 Y109.24 E5.07016
G1 X98.763 Y109.24 E5.09015
G1 X98.118 Y108.594 E5.1285
G1 X98.023 Y108.659 E5.13334
G1 X97.779 Y108.732 E5.14404
G1 X98.287 Y109.24 E5.17422
G1 X97.811 Y109.24 E5.19421
G1 X97.332 Y108.76 E5.22269
G1 X96.855 Y108.76 E5.24273
G1 X97.334 Y109.24 E5.27121
G1 X96.858 Y109.24 E5.2912
G1 X96.379 Y108.76 E5.31968
G1 X95.903 Y108.76 E5.33967
G1 X96.382 Y109.24 E5.36815
G1 X95.906 Y109.24 E5.38814
G1 X95.426 Y108.76 E5.41665
G1 X94.95 Y108.76 E5.43664
G1 X95.429 Y109.24 E5.46512
G1 X94.953 Y109.24 E5.48511
G1 X94.474 Y108.76 E5.51359
G1 X93.998 Y108.76 E5.53358
G1 X94.477 Y109.24 E5.56206
G1 X94 Y109.24 E5.5821
G1 X93.521 Y108.76 E5.61058
G1 X93.045 Y108.76 E5.63057
G1 X93.524 Y109.24 E5.65905
G1 X93.048 Y109.24 E5.67904
G1 X92.569 Y108.76 E5.70752
G1 X92.093 Y108.76 E5.72751
G1 X92.572 Y109.24 E5.75599
G1 X92.095 Y109.24 E5.77603
G1 X91.616 Y108.76 E5.80451
G1 X91.14 Y108.76 E5.8245
G1 X91.619 Y109.24 E5.85298
G1 X91.143 Y109.24 E5.87297
G1 X90.664 Y108.76 E5.90145
G1 X90.187 Y108.76 E5.92149
G1 X90.667 Y109.24 E5.95
G1 X90.19 Y109.24 E5.97004
G1 X89.711 Y108.76 E5.99852
G1 X89.235 Y108.76 E6.01851
G1 X89.714 Y109.24 E6.04699
G1 X89.238 Y109.24 E6.06698
G1 X88.759 Y108.76 E6.09546
G1 X88.282 Y108.76 E6.1155
G1 X88.761 Y109.24 E6.14398
G1 X88.285 Y109.24 E6.16397
G1 X87.806 Y108.76 E6.19245
G1 X87.33 Y108.76 E6.21244
G1 X87.809 Y109.24 E6.24092
G1 X87.333 Y109.24 E6.26091
G1 X86.853 Y108.76 E6.28942
G1 X86.377 Y108.76 E6.30941
G1 X86.856 Y109.24 E6.33789
G1 X86.38 Y109.24 E6.35788
G1 X85.901 Y108.76 E6.38636
G1 X85.425 Y108.76 E6.40635
G1 X85.904 Y109.24 E6.43483
G1 X85.427 Y109.24 E6.45487
G1 X84.948 Y108.76 E6.48335
G1 X84.472 Y108.76 E6.50334
G1 X84.951 Y109.24 E6.53182
G1 X84.475 Y109.24 E6.55181
G1 X83.996 Y108.76 E6.58029
G1 X83.52 Y108.76 E6.60028
G1 X83.999 Y109.24 E6.62876
G1 X83.522 Y109.24 E6.6488
G1 X83.043 Y108.76 E6.67728
G1 X82.567 Y108.76 E6.69727
G1 X83.046 Y109.24 E6.72575
G1 X82.57 Y109.24 E6.74574
G1 X82.091 Y108.76 E6.77422
G1 X81.614 Y108.76 E6.79426
G1 X82.094 Y109.24 E6.82277
G1 X81.617 Y109.24 E6.84281
G1 X81.138 Y108.76 E6.87129
G1 X80.662 Y108.76 E6.89128
G1 X81.141 Y109.24 E6.91976
G1 X80.665 Y109.24 E6.93975
G1 X80.186 Y108.76 E6.96823
G1 X79.709 Y108.76 E6.98827
G1 X80.188 Y109.24 E7.01675
G1 X79.712 Y109.24 E7.03674
G1 X79.233 Y108.76 E7.06522
G1 X78.757 Y108.76 E7.08521
G1 X79.236 Y109.24 E7.11369
G1 X78.76 Y109.24 E7.13368
G1 X78.281 Y108.76 E7.16216
G1 X77.804 Y108.76 E7.1822
G1 X78.283 Y109.24 E7.21068
G1 X77.807 Y109.24 E7.23067
G1 X77.328 Y108.76 E7.25915
G1 X76.852 Y108.76 E7.27914
G1 X77.331 Y109.24 E7.30762
G1 X76.855 Y109.24 E7.32761
G1 X76.375 Y108.76 E7.35612
G1 X75.899 Y108.76 E7.37611
G1 X76.378 Y109.24 E7.40459
G1 X75.902 Y109.24 E7.42458
G1 X75.423 Y108.76 E7.45306
G1 X74.947 Y108.76 E7.47305
G1 X75.426 Y109.24 E7.50153
G1 X74.949 Y109.24 E7.52157
G1 X74.47 Y108.76 E7.55005
G1 X73.994 Y108.76 E7.57004
G1 X74.473 Y109.24 E7.59852
G1 X73.997 Y109.24 E7.61851
G1 X73.518 Y108.76 E7.64699
G1 X73.041 Y108.76 E7.66703
G1 X73.521 Y109.24 E7.69554
G1 X73.044 Y109.24 E7.71558
G1 X72.398 Y108.593 E7.75398
G1 E5.75398
G92 E0
G1 X97.602 Y81.407 F7800
G1 E2 F2400
G1 X96.956 Y80.76 E2.0384
G1 X96.479 Y80.76 E2.05844
G1 X96.958 Y81.24 E2.08692
G1 X96.482 Y81.24 E2.10691
G1 X96.003 Y80.76 E2.13539
G1 X95.527 Y80.76 E2.15538
G1 X96.006 Y81.24 E2.18386
G1 X95.53 Y81.24 E2.20385
G1 X95.05 Y80.76 E2.23236
G1 X94.574 Y80.76 E2.25235
G1 X95.053 Y81.24 E2.28083
G1 X94.577 Y81.24 E2.30082
G1 X94.098 Y80.76 E2.3293
G1 X93.622 Y80.76 E2.34929
G1 X94.101 Y81.24 E2.37777
G1 X93.624 Y81.24 E2.39781
G1 X93.145 Y80.76 E2.42629
G1 X92.669 Y80.76 E2.44628
G1 X93.148 Y81.24 E2.47476
G1 X92.672 Y81.24 E2.49475
G1 X92.193 Y80.76 E2.52323
G1 X91.717 Y80.76 E2.54322
G1 X92.196 Y81.24 E2.5717
G1 X91.719 Y81.24 E2.59174
G1 X91.24 Y80.76 E2.62022
G1 X90.764 Y80.76 E2.64021
G1 X91.243 Y81.24 E2.66869
G1 X90.767 Y81.24 E2.68868
G1 X90.288 Y80.76 E2.71716
G1 X89.811 Y80.76 E2.7372
G1 X90.291 Y81.24 E2.76571
G1 X89.814 Y81.24 E2.78575
G1 X89.335 Y80.76 E2.81423
G1 X88.859 Y80.76 E2.83422
G1 X89.338 Y81.24 E2.8627
G1 X88.862 Y81.24 E2.88269
G1 X88.383 Y80.76 E2.91117
G1 X87.906 Y80.76 E2.93121
G1 X88.385 Y81.24 E2.95969
G1 X87.909 Y81.24 E2.97968
G1 X87.43 Y80.76 E3.00816
G1 X86.954 Y80.76 E3.02815
G1 X87.433 Y81.24 E3.05663
G1 X86.957 Y81.24 E3.07662
G1 X86.478 Y80.76 E3.1051
G1 X86.001 Y80.76 E3.12514
G1 X86.48 Y81.24 E3.15362
G1 X86.004 Y81.24 E3.17361
G1 X85.525 Y80.76 E3.20209
G1 X85.049 Y80.76 E3.22208
G1 X85.528 Y81.24 E3.25056
G1 X85.052 Y81.24 E3.27055
G1 X84.572 Y80.76 E3.29906
G1 X84.096 Y80.76 E3.31905
G1 X84.575 Y81.24 E3.34753
G1 X84.099 Y81.24 E3.36752
G1 X83.62 Y80.76 E3.396
G1 X83.144 Y80.76 E3.41599
G1 X83.623 Y81.24 E3.44447
G1 X83.146 Y81.24 E3.46451
G1 X82.667 Y80.76 E3.49299
G1 X82.191 Y80.76 E3.51298
G1 X82.67 Y81.24 E3.54146
G1 X82.194 Y81.24 E3.56145
G1 X81.715 Y80.76 E3.58993
G1 X81.238 Y80.76 E3.60997
G1 X81.718 Y81.24 E3.63848
G1 X81.241 Y81.24 E3.65852
G1 X80.762 Y80.76 E3.687
G1 X80.286 Y80.76 E3.70699
G1 X80.765 Y81.24 E3.73547
G1 X80.289 Y81.24 E3.75546
G1 X79.81 Y80.76 E3.78394
G1 X79.333 Y80.76 E3.80398
G1 X79.812 Y81.24 E3.83246
G1 X79.336 Y81.24 E3.85245
G1 X78.857 Y80.76 E3.88093
G1 X78.381 Y80.76 E3.90092
G1 X78.86 Y81.24 E3.9294
G1 X78.384 Y81.24 E3.94939
G1 X77.905 Y80.76 E3.97787
G1 X77.428 Y80.76 E3.99791
G1 X77.907 Y81.24 E4.02639
G1 X77.431 Y81.24 E4.04638
G1 X76.952 Y80.76 E4.07486
G1 X76.476 Y80.76 E4.09485
G1 X76.955 Y81.24 E4.12333
G1 X76.479 Y81.24 E4.14332
G1 X75.999 Y80.76 E4.17183
G1 X75.523 Y80.76 E4.19182
G1 X76.002 Y81.24 E4.2203
G1 X75.526 Y81.24 E4.24029
G1 X75.047 Y80.76 E4.26877
G1 X74.571 Y80.76 E4.28876
G1 X75.05 Y81.24 E4.31724
G1 X74.573 Y81.24 E4.33728
G1 X74.094 Y80.76 E4.36576
G1 X73.618 Y80.76 E4.38575
G1 X74.097 Y81.24 E4.41423
G1 X73.621 Y81.24 E4.43422
G1 X73.142 Y80.76 E4.4627
G1 X72.666 Y80.76 E4.48269
G1 X73.145 Y81.24 E4.51117
G1 X72.668 Y81.24 E4.53121
G1 X72.189 Y80.76 E4.55969
G1 X71.713 Y80.76 E4.57968
G1 X72.221 Y81.268 E4.60986
G1 X71.977 Y81.341 E4.62056
G1 X71.882 Y81.406 E4.6254
G1 X71.237 Y80.76 E4.66375
G1 X70.76 Y80.76 E4.68379
G1 X71.598 Y81.598 E4.73357
G1 X71.406 Y81.882 E4.74797
G1 X70.76 Y81.237 E4.78632
G1 X70.76 Y81.713 E4.80631
G1 X71.286 Y82.238 E4.83753
G1 X71.24 Y82.46 E4.84705
G1 X71.24 Y82.668 E4.85579
G1 X70.76 Y82.189 E4.88427
G1 X70.76 Y82.666 E4.90431
G1 X71.24 Y83.145 E4.93279
G1 X71.24 Y83.621 E4.95278
G1 X70.76 Y83.142 E4.98126
G1 X70.76 Y83.618 E5.00125
G1 X71.24 Y84.097 E5.02973
G1 X71.24 Y84.574 E5.04977
G1 X70.76 Y84.094 E5.07828
G1 X70.76 Y84.571 E5.09832
G1 X71.24 Y85.05 E5.1268
G1 X71.24 Y85.526 E5.14679
G1 X70.76 Y85.047 E5.17527
G1 X70.76 Y85.523 E5.19526
G1 X71.24 Y86.002 E5.22374
G1 X71.24 Y86.479 E5.24378
G1 X70.76 Y86 E5.27226
G1 X70.76 Y86.476 E5.29225
G1 X71.24 Y86.955 E5.32073
G1 X71.24 Y87.431 E5.34072
G1 X70.76 Y86.952 E5.3692
G1 X70.76 Y87.428 E5.38919
G1 X71.24 Y87.907 E5.41767
G1 X71.24 Y88.384 E5.43771
G1 X70.76 Y87.905 E5.46619
G1 X70.76 Y88.381 E5.48618
G1 X71.24 Y88.86 E5.51466
G1 X71.24 Y89.336 E5.53465
G1 X70.76 Y88.857 E5.56313
G1 X70.76 Y89.333 E5.58312
G1 X71.24 Y89.813 E5.61163
G1 X71.24 Y90.289 E5.63162
G1 X70.76 Y89.81 E5.6601
G1 X70.76 Y90.286 E5.68009
G1 X71.24 Y90.765 E5.70857
G1 X71.24 Y91.241 E5.72856
G1 X70.76 Y90.762 E5.75704
G1 X70.76 Y91.239 E5.77708
G1 X71.24 Y91.718 E5.80556
G1 X71.24 Y92.194 E5.82555
G1 X70.76 Y91.715 E5.85403
G1 X70.76 Y92.191 E5.87402
G1 X71.24 Y92.67 E5.9025
G1 X71.24 Y93.147 E5.92254
G1 X70.76 Y92.667 E5.95105
G1 X70.76 Y93.144 E5.97109
G1 X71.24 Y93.623 E5.99957
G1 X71.24 Y94.099 E6.01956
G1 X70.76 Y93.62 E6.04804
G1 X70.76 Y94.096 E6.06803
G1 X71.24 Y94.575 E6.09651
G1 X71.24 Y95.052 E6.11655
G1 X70.76 Y94.573 E6.14503
G1 X70.76 Y95.049 E6.16502
G1 X71.24 Y95.528 E6.1935
G1 X71.24 Y96.004 E6.21349
G1 X70.76 Y95.525 E6.24197
G1 X70.76 Y96.001 E6.26196
G1 X71.24 Y96.48 E6.29044
G1 X71.24 Y96.957 E6.31048
G1 X70.76 Y96.478 E6.33896
G1 X70.76 Y96.954 E6.35895
G1 X71.24 Y97.433 E6.38743
G1 X71.24 Y97.909 E6.40742
G1 X70.76 Y97.43 E6.4359
G1 X70.76 Y97.906 E6.45589
G1 X71.24 Y98.386 E6.4844
G1 X71.24 Y98.862 E6.50439
G1 X70.76 Y98.383 E6.53287
G1 X70.76 Y98.859 E6.55286
G1 X71.24 Y99.338 E6.58134
G1 X71.24 Y99.814 E6.60133
G1 X70.76 Y99.335 E6.62981
G1 X70.76 Y99.812 E6.64985
G1 X71.24 Y100.291 E6.67833
G1 X71.24 Y100.767 E6.69832
G1 X70.76 Y100.288 E6.7268
G1 X70.76 Y100.764 E6.74679
G1 X71.24 Y101.243 E6.77527
G1 X71.24 Y101.719 E6.79526
G1 X70.76 Y101.24 E6.82374
G1 X70.76 Y101.717 E6.84378
G1 X71.24 Y102.196 E6.87226
G1 X71.24 Y102.672 E6.89225
G1 X70.76 Y102.193 E6.92073
G1 X70.76 Y102.669 E6.94072
G1 X71.24 Y103.148 E6.9692
G1 X71.24 Y103.625 E6.98924
G1 X70.76 Y103.145 E7.01775
G1 X70.76 Y103.622 E7.03779
G1 X71.24 Y104.101 E7.06627
G1 X71.24 Y104.577 E7.08626
G1 X70.76 Y104.098 E7.11474
G1 X70.76 Y104.574 E7.13473
G1 X71.24 Y105.053 E7.16321
G1 X71.24 Y105.53 E7.18325
G1 X70.76 Y105.051 E7.21173
G1 X70.76 Y105.527 E7.23172
G1 X71.24 Y106.006 E7.2602
G1 X71.24 Y106.482 E7.28019
G1 X70.76 Y106.003 E7.30867
G1 X70.76 Y106.479 E7.32866
G1 X71.24 Y106.959 E7.35717
G1 X71.24 Y107.435 E7.37716
G1 X70.76 Y106.956 E7.40564
G1 X70.76 Y107.432 E7.42563
G1 X72.568 Y109.24 E7.53303
G1 X72.092 Y109.24 E7.55302
G1 X70.76 Y107.908 E7.63215
G1 X70.76 Y108.385 E7.65219
G1 X71.615 Y109.24 E7.70298
G1 X71.139 Y109.24 E7.72297
G1 X70.609 Y108.71 E7.75445
G1 E5.75445
G92 E0
G1 X74.812 Y84.779 F7800
G1 E2 F2400
;TYPE:External perimeter
;WIDTH:0.583165
G1 F1800
G1 X74.876 Y84.765 E2.00424
;WIDTH:0.545178
G1 X74.968 Y84.746 E2.00987
;WIDTH:0.507191
G1 X95.032 Y84.746 E3.118
;WIDTH:0.545178
G1 X95.124 Y84.765 E3.12363
;WIDTH:0.583165
G1 X95.216 Y84.784 E3.12971
G1 X95.235 Y84.876 E3.13579
;WIDTH:0.545178
G1 X95.254 Y84.968 E3.14142
;WIDTH:0.507191
G1 X95.254 Y105.032 E4.24955
;WIDTH:0.545178
G1 X95.235 Y105.124 E4.25518
;WIDTH:0.583165
G1 X95.216 Y105.216 E4.26126
G1 X95.124 Y105.235 E4.26734
;WIDTH:0.545178
G1 X95.032 Y105.254 E4.27297
;WIDTH:0.507191
G1 X74.968 Y105.254 E5.3811
;WIDTH:0.545178
G1 X74.876 Y105.235 E5.38673
;WIDTH:0.583165
G1 X74.784 Y105.216 E5.39281
G1 X74.765 Y105.124 E5.39889
;WIDTH:0.545178
G1 X74.746 Y105.032 E5.40452
;WIDTH:0.507191
G1 X74.746 Y84.968 E6.51265
;WIDTH:0.545178
G1 X74.765 Y84.876 E6.51828
;WIDTH:0.583165
G1 X74.778 Y84.816 E6.52225
G1 X75.173 Y84.752 F7800
G1 E4.52225 F2400
G92 E0
G1 X95.658 Y105.658 F7800
G1 E2 F2400
G1 F1800
G1 X95.345 Y105.677 E2.02029
;WIDTH:0.545178
G1 X95.032 Y105.696 E2.03909
;WIDTH:0.507191
G1 X74.968 Y105.696 E3.14722
;WIDTH:0.545178
G1 X74.655 Y105.677 E3.16602
;WIDTH:0.583165
G1 X74.342 Y105.658 E3.18631
G1 X74.323 Y105.345 E3.2066
;WIDTH:0.545178
G1 X74.304 Y105.032 E3.2254
;WIDTH:0.507191
G1 X74.304 Y84.968 E4.33353
;WIDTH:0.545178
G1 X74.323 Y84.655 E4.35233
;WIDTH:0.583165
G1 X74.342 Y84.342 E4.37262
G1 X74.655 Y84.323 E4.39291
;WIDTH:0.545178
G1 X74.968 Y84.304 E4.41171
;WIDTH:0.507191
G1 X95.032 Y84.304 E5.51984
;WIDTH:0.545178
G1 X95.345 Y84.323 E5.53864
;WIDTH:0.583165
G1 X95.658 Y84.342 E5.55893
G1 X95.658 Y84.601 E5.57569
G1 X95.677 Y84.784 E5.58759
;WIDTH:0.545178
G1 X95.696 Y84.968 E5.59868
;WIDTH:0.507191
G1 X95.696 Y105.032 E6.70681
;WIDTH:0.510546
G1 X95.695 Y105.109 E6.7111
;WIDTH:0.546855
G1 X95.677 Y105.384 E6.72768
;WIDTH:0.583165
G1 X95.662 Y105.599 E6.74163
G1 X95.271 Y105.68 F7800
M106 S127.5
;LAYER_CHANGE
;Z:13.25
;HEIGHT:0.3
G1 Z13.25 F7800
G1 X95.216 Y105.216
G1 F600
G1 X95.124 Y105.235 E6.74771
;WIDTH:0.545178
G1 X95.032 Y105.254 E6.75334
;WIDTH:0.507191
G1 X74.968 Y105.254 E7.86147
;WIDTH:0.545178
G1 X74.876 Y105.235 E7.8671
;WIDTH:0.583165
G1 X74.784 Y105.216 E7.87318
G1 X74.765 Y105.124 E7.87926
;WIDTH:0.545178
G1 X74.746 Y105.032 E7.88489
;WIDTH:0.507191
G1 X74.746 Y84.968 E8.99302
;WIDTH:0.545178
G1 X74.765 Y84.876 E8.99865
;WIDTH:0.583165
G1 X74.784 Y84.784 E9.00473
G1 X74.876 Y84.765 E9.01081
;WIDTH:0.545178
G1 X74.968 Y84.746 E9.01644
;WIDTH:0.507191
G1 X95.032 Y84.746 E10.12457
;WIDTH:0.545178
G1 X95.124 Y84.765 E10.1302
;WIDTH:0.583165
G1 X95.216 Y84.784 E10.13628
G1 X95.235 Y84.876 E10.14236
;WIDTH:0.545178
G1 X95.254 Y84.968 E10.14799
;WIDTH:0.507191
G1 X95.254 Y105.032 E11.25612
;WIDTH:0.545178
G1 X95.235 Y105.124 E11.26175
;WIDTH:0.583165
G1 X95.228 Y105.157 E11.26393
G1 X94.839 Y105.249 F7800
G1 X95.658 Y105.658
G1 F600
G1 X95.345 Y105.677 E11.28422
;WIDTH:0.545178
G1 X95.032 Y105.696 E11.30302
;WIDTH:0.507191
G1 X74.968 Y105.696 E12.41115
;WIDTH:0.545178
G1 X74.655 Y105.677 E12.42995
;WIDTH:0.583165
G1 X74.342 Y105.658 E12.45024
G1 X74.323 Y105.345 E12.47053
;WIDTH:0.545178
G1 X74.304 Y105.032 E12.48933
;WIDTH:0.507191
G1 X74.304 Y84.968 E13.59746
;WIDTH:0.545178
G1 X74.323 Y84.655 E13.61626
;WIDTH:0.583165
G1 X74.342 Y84.342 E13.63655
G1 X74.655 Y84.323 E13.65684
;WIDTH:0.545178
G1 X74.968 Y84.304 E13.67564
;WIDTH:0.507191
G1 X95.032 Y84.304 E14.78377
;WIDTH:0.545178
G1 X95.345 Y84.323 E14.80257
;WIDTH:0.583165
G1 X95.658 Y84.342 E14.82286
G1 X95.658 Y84.601 E14.83962
G1 X95.677 Y84.784 E14.85152
;WIDTH:0.545178
G1 X95.696 Y84.968 E14.86261
;WIDTH:0.507191
G1 X95.696 Y105.032 E15.97074
;WIDTH:0.510546
G1 X95.695 Y105.109 E15.97503
;WIDTH:0.546855
G1 X95.677 Y105.384 E15.99161
;WIDTH:0.583165
G1 X95.662 Y105.599 E16.00556
G1 X95.271 Y105.68 F7800
;LAYER_CHANGE
;Z:13.55
;HEIGHT:0.3
G1 Z13.55 F7800
G1 X95.216 Y105.216
G1 F600
G1 X95.124 Y105.235 E16.01164
;WIDTH:0.545178
G1 X95.032 Y105.254 E16.01727
;WIDTH:0.507191
G1 X74.968 Y105.254 E17.1254
;WIDTH:0.545178
G1 X74.876 Y105.235 E17.13103
;WIDTH:0.583165
G1 X74.784 Y105.216 E17.13711
G1 X74.765 Y105.124 E17.14319
;WIDTH:0.545178
G1 X74.746 Y105.032 E17.14882
;WIDTH:0.507191
G1 X74.746 Y84.968 E18.25695
;WIDTH:0.545178
G1 X74.765 Y84.876 E18.26258
;WIDTH:0.583165
G1 X74.784 Y84.784 E18.26866
G1 X74.876 Y84.765 E18.27474
;WIDTH:0.545178
G1 X74.968 Y84.746 E18.28037
;WIDTH:0.507191
G1 X95.032 Y84.746 E19.3885
;WIDTH:0.545178
G1 X95.124 Y84.765 E19.39413
;WIDTH:0.583165
G1 X95.216 Y84.784 E19.40021
G1 X95.235 Y84.876 E19.40629
;WIDTH:0.545178
G1 X95.254 Y84.968 E19.41192
;WIDTH:0.507191
G1 X95.254 Y105.032 E20.52005
;WIDTH:0.545178
G1 X95.235 Y105.124 E20.52568
;WIDTH:0.583165
G1 X95.228 Y105.157 E20.52786
G1 X94.839 Y105.249 F7800
G1 X95.658 Y105.658
G1 F600
G1 X95.345 Y105.677 E20.54815
;WIDTH:0.545178
G1 X95.032 Y105.696 E20.56695
;WIDTH:0.507191
G1 X74.968 Y105.696 E21.67508
;WIDTH:0.545178
G1 X74.655 Y105.677 E21.69388
;WIDTH:0.583165
G1 X74.342 Y105.658 E21.71417
G1 X74.323 Y105.345 E21.73446
;WIDTH:0.545178
G1 X74.304 Y105.032 E21.75326
;WIDTH:0.507191
G1 X74.304 Y84.968 E22.86139
;WIDTH:0.545178
G1 X74.323 Y84.655 E22.88019
;WIDTH:0.583165
G1 X74.342 Y84.342 E22.90048
G1 X74.655 Y84.323 E22.92077
;WIDTH:0.545178
G1 X74.968 Y84.304 E22.93957
;WIDTH:0.507191
G1 X95.032 Y84.304 E24.0477
;WIDTH:0.545178
G1 X95.345 Y84.323 E24.0665
;WIDTH:0.583165
G1 X95.658 Y84.342 E24.08679
G1 X95.658 Y84.601 E24.10355
G1 X95.677 Y84.784 E24.11545
;WIDTH:0.545178
G1 X95.696 Y84.968 E24.12654
;WIDTH:0.507191
G1 X95.696 Y105.032 E25.23467
;WIDTH:0.510546
G1 X95.695 Y105.109 E25.23896
;WIDTH:0.546855
G1 X95.677 Y105.384 E25.25554
;WIDTH:0.583165
G1 X95.662 Y105.599 E25.26949
G1 X95.271 Y105.68 F7800
;LAYER_CHANGE
;Z:13.85
;HEIGHT:0.3
G1 Z13.85 F7800
G1 X95.216 Y105.216
G1 F600
G1 X95.124 Y105.235 E25.27557
;WIDTH:0.545178
G1 X95.032 Y105.254 E25.2812
;WIDTH:0.507191
G1 X74.968 Y105.254 E26.38933
;WIDTH:0.545178
G1 X74.876 Y105.235 E26.39496
;WIDTH:0.583165
G1 X74.784 Y105.216 E26.40104
G1 X74.765 Y105.124 E26.40712
;WIDTH:0.545178
G1 X74.746 Y105.032 E26.41275
;WIDTH:0.507191
G1 X74.746 Y84.968 E27.52088
;WIDTH:0.545178
G1 X74.765 Y84.876 E27.52651
;WIDTH:0.583165
G1 X74.784 Y84.784 E27.53259
G1 X74.876 Y84.765 E27.53867
;WIDTH:0.545178
G1 X74.968 Y84.746 E27.5443
;WIDTH:0.507191
G1 X95.032 Y84.746 E28.65243
;WIDTH:0.545178
G1 X95.124 Y84.765 E28.65806
;WIDTH:0.583165
G1 X95.216 Y84.784 E28.66414
G1 X95.235 Y84.876 E28.67022
;WIDTH:0.545178
G1 X95.254 Y84.968 E28.67585
;WIDTH:0.507191
G1 X95.254 Y105.032 E29.78398
;WIDTH:0.545178
G1 X95.235 Y105.124 E29.78961
;WIDTH:0.583165
G1 X95.228 Y105.157 E29.79179
G1 X94.839 Y105.249 F7800
G1 X95.658 Y105.658
G1 F600
G1 X95.345 Y105.677 E29.81208
;WIDTH:0.545178
G1 X95.032 Y105.696 E29.83088
;WIDTH:0.507191
G1 X74.968 Y105.696 E30.93901
;WIDTH:0.545178
G1 X74.655 Y105.677 E30.95781
;WIDTH:0.583165
G1 X74.342 Y105.658 E30.9781
G1 X74.323 Y105.345 E30.99839
;WIDTH:0.545178
G1 X74.304 Y105.032 E31.01719
;WIDTH:0.507191
G1 X74.304 Y84.968 E32.12532
;WIDTH:0.545178
G1 X74.323 Y84.655 E32.14412
;WIDTH:0.583165
G1 X74.342 Y84.342 E32.16441
G1 X74.655 Y84.323 E32.1847
;WIDTH:0.545178
G1 X74.968 Y84.304 E32.2035
;WIDTH:0.507191
G1 X95.032 Y84.304 E33.31163
;WIDTH:0.545178
G1 X95.345 Y84.323 E33.33043
;WIDTH:0.583165
G1 X95.658 Y84.342 E33.35072
G1 X95.658 Y84.601 E33.36748
G1 X95.677 Y84.784 E33.37938
;WIDTH:0.545178
G1 X95.696 Y84.968 E33.39047
;WIDTH:0.507191
G1 X95.696 Y105.032 E34.4986
;WIDTH:0.510546
G1 X95.695 Y105.109 E34.50289
;WIDTH:0.546855
G1 X95.677 Y105.384 E34.51947
;WIDTH:0.583165
G1 X95.662 Y105.599 E34.53342
G1 X95.271 Y105.68 F7800
;LAYER_CHANGE
;Z:14.15
;HEIGHT:0.299999
G1 Z14.15 F7800
G1 X95.216 Y105.216
G1 F600
G1 X95.124 Y105.235 E34.5395
;WIDTH:0.545178
G1 X95.032 Y105.254 E34.54513
;WIDTH:0.507191
G1 X74.968 Y105.254 E35.65326
;WIDTH:0.545178
G1 X74.876 Y105.235 E35.65889
;WIDTH:0.583165
G1 X74.784 Y105.216 E35.66497
G1 X74.765 Y105.124 E35.67105
;WIDTH:0.545178
G1 X74.746 Y105.032 E35.67668
;WIDTH:0.507191
G1 X74.746 Y84.968 E36.78481
;WIDTH:0.545178
G1 X74.765 Y84.876 E36.79044
;WIDTH:0.583165
G1 X74.784 Y84.784 E36.79652
G1 X74.876 Y84.765 E36.8026
;WIDTH:0.545178
G1 X74.968 Y84.746 E36.80823
;WIDTH:0.507191
G1 X95.032 Y84.746 E37.91636
;WIDTH:0.545178
G1 X95.124 Y84.765 E37.92199
;WIDTH:0.583165
G1 X95.216 Y84.784 E37.92807
G1 X95.235 Y84.876 E37.93415
;WIDTH:0.545178
G1 X95.254 Y84.968 E37.93978
;WIDTH:0.507191
G1 X95.254 Y105.032 E39.04791
;WIDTH:0.545178
G1 X95.235 Y105.124 E39.05354
;WIDTH:0.583165
G1 X95.228 Y105.157 E39.05572
G1 X94.839 Y105.249 F7800
G1 X95.658 Y105.658
G1 F600
G1 X95.345 Y105.677 E39.07601
;WIDTH:0.545178
G1 X95.032 Y105.696 E39.09481
;WIDTH:0.507191
G1 X74.968 Y105.696 E40.20294
;WIDTH:0.545178
G1 X74.655 Y105.677 E40.22174
;WIDTH:0.583165
G1 X74.342 Y105.658 E40.24203
G1 X74.323 Y105.345 E40.26232
;WIDTH:0.545178
G1 X74.304 Y105.032 E40.28112
;WIDTH:0.507191
G1 X74.304 Y84.968 E41.38925
;WIDTH:0.545178
G1 X74.323 Y84.655 E41.40805
;WIDTH:0.583165
G1 X74.342 Y84.342 E41.42834
G1 X74.655 Y84.323 E41.44863
;WIDTH:0.545178
G1 X74.968 Y84.304 E41.46743
;WIDTH:0.507191
G1 X95.032 Y84.304 E42.57556
;WIDTH:0.545178
G1 X95.345 Y84.323 E42.59436
;WIDTH:0.583165
G1 X95.658 Y84.342 E42.61465
G1 X95.658 Y84.601 E42.63141
G1 X95.677 Y84.784 E42.64331
;WIDTH:0.545178
G1 X95.696 Y84.968 E42.6544
;WIDTH:0.507191
G1 X95.696 Y105.032 E43.76253
;WIDTH:0.510546
G1 X95.695 Y105.109 E43.76682
;WIDTH:0.546855
G1 X95.677 Y105.384 E43.7834
;WIDTH:0.583165
G1 X95.662 Y105.599 E43.79735
G1 X95.271 Y105.68 F7800
;LAYER_CHANGE
;Z:14.45
;HEIGHT:0.3
G1 Z14.45 F7800
G1 X95.216 Y105.216
G1 F600
G1 X95.124 Y105.235 E43.80343
;WIDTH:0.545178
G1 X95.032 Y105.254 E43.80906
;WIDTH:0.507191
G1 X74.968 Y105.254 E44.91719
;WIDTH:0.545178
G1 X74.876 Y105.235 E44.92282
;WIDTH:0.583165
G1 X74.784 Y105.216 E44.9289
G1 X74.765 Y105.124 E44.93498
;WIDTH:0.545178
G1 X74.746 Y105.032 E44.94061
;WIDTH:0.507191
G1 X74.746 Y84.968 E46.04874
;WIDTH:0.545178
G1 X74.765 Y84.876 E46.05437
;WIDTH:0.583165
G1 X74.784 Y84.784 E46.06045
G1 X74.876 Y84.765 E46.06653
;WIDTH:0.545178
G1 X74.968 Y84.746 E46.07216
;WIDTH:0.507191
G1 X95.032 Y84.746 E47.18029
;WIDTH:0.545178
G1 X95.124 Y84.765 E47.18592
;WIDTH:0.583165
G1 X95.216 Y84.784 E47.192
G1 X95.235 Y84.876 E47.19808
;WIDTH:0.545178
G1 X95.254 Y84.968 E47.20371
;WIDTH:0.507191
G1 X95.254 Y105.032 E48.31184
;WIDTH:0.545178
G1 X95.235 Y105.124 E48.31747
;WIDTH:0.583165
G1 X95.228 Y105.157 E48.31965
G1 X94.839 Y105.249 F7800
G1 X95.658 Y105.658
G1 F600
G1 X95.345 Y105.677 E48.33994
;WIDTH:0.545178
G1 X95.032 Y105.696 E48.35874
;WIDTH:0.507191
G1 X74.968 Y105.696 E49.46687
;WIDTH:0.545178
G1 X74.655 Y105.677 E49.48567
;WIDTH:0.583165
G1 X74.342 Y105.658 E49.50596
G1 X74.323 Y105.345 E49.52625
;WIDTH:0.545178
G1 X74.304 Y105.032 E49.54505
;WIDTH:0.507191
G1 X74.304 Y84.968 E50.65318
;WIDTH:0.545178
G1 X74.323 Y84.655 E50.67198
;WIDTH:0.583165
G1 X74.342 Y84.342 E50.69227
G1 X74.655 Y84.323 E50.71256
;WIDTH:0.545178
G1 X74.968 Y84.304 E50.73136
;WIDTH:0.507191
G1 X95.032 Y84.304 E51.83949
;WIDTH:0.545178
G1 X95.345 Y84.323 E51.85829
;WIDTH:0.583165
G1 X95.658 Y84.342 E51.87858
G1 X95.658 Y84.601 E51.89534
G1 X95.677 Y84.784 E51.90724
;WIDTH:0.545178
G1 X95.696 Y84.968 E51.91833
;WIDTH:0.507191
G1 X95.696 Y105.032 E53.02646
;WIDTH:0.510546
G1 X95.695 Y105.109 E53.03075
;WIDTH:0.546855
G1 X95.677 Y105.384 E53.04733
;WIDTH:0.583165
G1 X95.662 Y105.599 E53.06128
G1 X95.271 Y105.68 F7800
;LAYER_CHANGE
;Z:14.75
;HEIGHT:0.3
G1 Z14.75 F7800
G1 X95.216 Y105.216
G1 F600
G1 X95.124 Y105.235 E53.06736
;WIDTH:0.545178
G1 X95.032 Y105.254 E53.07299
;WIDTH:0.507191
G1 X74.968 Y105.254 E54.18112
;WIDTH:0.545178
G1 X74.876 Y105.235 E54.18675
;WIDTH:0.583165
G1 X74.784 Y105.216 E54.19283
G1 X74.765 Y105.124 E54.19891
;WIDTH:0.545178
G1 X74.746 Y105.032 E54.20454
;WIDTH:0.507191
G1 X74.746 Y84.968 E55.31267
;WIDTH:0.545178
G1 X74.765 Y84.876 E55.3183
;WIDTH:0.583165
G1 X74.784 Y84.784 E55.32438
G1 X74.876 Y84.765 E55.33046
;WIDTH:0.545178
G1 X74.968 Y84.746 E55.33609
;WIDTH:0.507191
G1 X95.032 Y84.746 E56.44422
;WIDTH:0.545178
G1 X95.124 Y84.765 E56.44985
;WIDTH:0.583165
G1 X95.216 Y84.784 E56.45593
G1 X95.235 Y84.876 E56.46201
;WIDTH:0.545178
G1 X95.254 Y84.968 E56.46764
;WIDTH:0.507191
G1 X95.254 Y105.032 E57.57577
;WIDTH:0.545178
G1 X95.235 Y105.124 E57.5814
;WIDTH:0.583165
G1 X95.228 Y105.157 E57.58358
G1 X94.839 Y105.249 F7800
G1 X95.658 Y105.658
G1 F600
G1 X95.345 Y105.677 E57.60387
;WIDTH:0.545178
G1 X95.032 Y105.696 E57.62267
;WIDTH:0.507191
G1 X74.968 Y105.696 E58.7308
;WIDTH:0.545178
G1 X74.655 Y105.677 E58.7496
;WIDTH:0.583165
G1 X74.342 Y105.658 E58.76989
G1 X74.323 Y105.345 E58.79018
;WIDTH:0.545178
G1 X74.304 Y105.032 E58.80898
;WIDTH:0.507191
G1 X74.304 Y84.968 E59.91711
;WIDTH:0.545178
G1 X74.323 Y84.655 E59.93591
;WIDTH:0.583165
G1 X74.342 Y84.342 E59.9562
G1 X74.655 Y84.323 E59.97649
;WIDTH:0.545178
G1 X74.968 Y84.304 E59.99529
;WIDTH:0.507191
G1 X95.032 Y84.304 E61.10342
;WIDTH:0.545178
G1 X95.345 Y84.323 E61.12222
;WIDTH:0.583165
G1 X95.658 Y84.342 E61.14251
G1 X95.658 Y84.601 E61.15927
G1 X95.677 Y84.784 E61.17117
;WIDTH:0.545178
G1 X95.696 Y84.968 E61.18226
;WIDTH:0.507191
G1 X95.696 Y105.032 E62.29039
;WIDTH:0.510546
G1 X95.695 Y105.109 E62.29468
;WIDTH:0.546855
G1 X95.677 Y105.384 E62.31126
;WIDTH:0.583165
G1 X95.662 Y105.599 E62.32521
G1 X95.271 Y105.68 F7800
;LAYER_CHANGE
;Z:15.05
;HEIGHT:0.3
G1 Z15.05 F7800
G1 X95.216 Y105.216
G1 F600
G1 X95.124 Y105.235 E62.33129
;WIDTH:0.545178
G1 X95.032 Y105.254 E62.33692
;WIDTH:0.507191
G1 X74.968 Y105.254 E63.44505
;WIDTH:0.545178
G1 X74.876 Y105.235 E63.45068
;WIDTH:0.583165
G1 X74.784 Y105.216 E63.45676
G1 X74.765 Y105.124 E63.46284
;WIDTH:0.545178
G1 X74.746 Y105.032 E63.46847
;WIDTH:0.507191
G1 X74.746 Y84.968 E64.5766
;WIDTH:0.545178
G1 X74.765 Y84.876 E64.58223
;WIDTH:0.583165
G1 X74.784 Y84.784 E64.58831
G1 X74.876 Y84.765 E64.59439
;WIDTH:0.545178
G1 X74.968 Y84.746 E64.60002
;WIDTH:0.507191
G1 X95.032 Y84.746 E65.70815
;WIDTH:0.545178
G1 X95.124 Y84.765 E65.71378
;WIDTH:0.583165
G1 X95.216 Y84.784 E65.71986
G1 X95.235 Y84.876 E65.72594
;WIDTH:0.545178
G1 X95.254 Y84.968 E65.73157
;WIDTH:0.507191
G1 X95.254 Y105.032 E66.8397
;WIDTH:0.545178
G1 X95.235 Y105.124 E66.84533
;WIDTH:0.583165
G1 X95.228 Y105.157 E66.84751
G1 X94.839 Y105.249 F7800
G1 X95.658 Y105.658
G1 F600
G1 X95.345 Y105.677 E66.8678
;WIDTH:0.545178
G1 X95.032 Y105.696 E66.8866
;WIDTH:0.507191
G1 X74.968 Y105.696 E67.99473
;WIDTH:0.545178
G1 X74.655 Y105.677 E68.01353
;WIDTH:0.583165
G1 X74.342 Y105.658 E68.03382
G1 X74.323 Y105.345 E68.05411
;WIDTH:0.545178
G1 X74.304 Y105.032 E68.07291
;WIDTH:0.507191
G1 X74.304 Y84.968 E69.18104
;WIDTH:0.545178
G1 X74.323 Y84.655 E69.19984
;WIDTH:0.583165
G1 X74.342 Y84.342 E69.22013
G1 X74.655 Y84.323 E69.24042
;WIDTH:0.545178
G1 X74.968 Y84.304 E69.25922
;WIDTH:0.507191
G1 X95.032 Y84.304 E70.36735
;WIDTH:0.545178
G1 X95.345 Y84.323 E70.38615
;WIDTH:0.583165
G1 X95.658 Y84.342 E70.40644
G1 X95.658 Y84.601 E70.4232
G1 X95.677 Y84.784 E70.4351
;WIDTH:0.545178
G1 X95.696 Y84.968 E70.44619
;WIDTH:0.507191
G1 X95.696 Y105.032 E71.55432
;WIDTH:0.510546
G1 X95.695 Y105.109 E71.55861
;WIDTH:0.546855
G1 X95.677 Y105.384 E71.57519
;WIDTH:0.583165
G1 X95.662 Y105.599 E71.58914
G1 X95.271 Y105.68 F7800
G1 E69.58914 F2400
G92 E0
M107
;TYPE:Custom
; Filament-specific end gcode
M104 S0 ; turn off temperature
G28 X0  ; home X axis
M84     ; disable motors
; objects_info = {"objects":[]}
; filament used [mm] = 2544.00
; filament used [cm3] = 6.12
; filament used [g] = 8.63
; filament cost = 0.26
; total filament used [g] = 8.63
; total filament cost = 0.26
; total filament used for wipe tower [g] = 0.00
; estimated printing time (normal mode) = 27m 56s
; estimated first layer printing time (normal mode) = 1m 7s

; prusaslicer_config = begin
; arc_fitting = disabled
; autoemit_temperature_commands = 1
; automatic_extrusion_widths = 0
; automatic_infill_combination = 0
; automatic_infill_combination_max_layer_height = 100%
; avoid_crossing_curled_overhangs = 0
; avoid_crossing_perimeters = 0
; avoid_crossing_perimeters_max_detour = 0
; bed_custom_model = 
; bed_custom_texture = 
; bed_shape = 0x0,170x0,170x190,0x190
; bed_temperature = 87
; bed_temperature_extruder = 0
; before_layer_gcode = 
; between_objects_gcode = 
; binary_gcode = 0
; bottom_fill_pattern = monotonic
; bottom_solid_layers = 3
; bottom_solid_min_thickness = 0
; bridge_acceleration = 0
; bridge_angle = 0
; bridge_fan_speed = 50
; bridge_flow_ratio = 1
; bridge_speed = 60
; brim_separation = 0
; brim_type = outer_only
; brim_width = 0
; chamber_minimal_temperature = 0
; chamber_temperature = 0
; color_change_gcode = M600
; colorprint_heights = 
; compatible_printers_condition_cummulative = ;"printer_notes!~/.*NO_TEMPLATES.*/ and printer_notes!~/.*PRINTER_VENDOR_TRILAB.*/ and printer_notes!~/.*PRINTER_MODEL_MK4IS.*/ and ! (printer_notes=~/.*PRINTER_VENDOR_PRUSA3D.*/ and num_extruders>1)"
; complete_objects = 0
; cooling = 1
; cooling_perimeter_transition_distance = 0
; cooling_slowdown_logic = uniform_cooling
; cooling_tube_length = 5
; cooling_tube_retraction = 91.5
; custom_parameters_filament = ""
; custom_parameters_print = 
; custom_parameters_printer = 
; default_acceleration = 0
; default_filament_profile = 
; default_print_profile = 
; deretract_speed = 0
; disable_fan_first_layers = 3
; dont_support_bridges = 1
; draft_shield = disabled
; duplicate_distance = 6
; elefant_foot_compensation = 0
; enable_dynamic_fan_speeds = 0
; enable_dynamic_overhang_speeds = 0
; end_filament_gcode = "; Filament-specific end gcode"
; end_gcode = M104 S0 ; turn off temperature\nG28 X0  ; home X axis\nM84     ; disable motors\n
; ensure_vertical_shell_thickness = enabled
; external_perimeter_acceleration = 0
; external_perimeter_extrusion_width = 0.45
; external_perimeter_speed = 50%
; external_perimeters_first = 0
; extra_loading_move = -2
; extra_perimeters = 1
; extra_perimeters_on_overhangs = 0
; extruder_clearance_height = 20
; extruder_clearance_radius = 20
; extruder_colour = ""
; extruder_offset = 0x0
; extrusion_axis = E
; extrusion_multiplier = 1
; extrusion_width = 0.45
; fan_always_on = 1
; fan_below_layer_time = 20
; filament_abrasive = 0
; filament_colour = #FF8000
; filament_cooling_final_speed = 2
; filament_cooling_initial_speed = 3
; filament_cooling_moves = 1
; filament_cost = 29.99
; filament_density = 1.41
; filament_deretract_speed = nil
; filament_diameter = 1.75
; filament_infill_max_crossing_speed = 0
; filament_infill_max_speed = 0
; filament_load_time = 0
; filament_loading_speed = 14
; filament_loading_speed_start = 19
; filament_max_volumetric_speed = 0
; filament_minimal_purge_on_wipe_tower = 0
; filament_multitool_ramming = 0
; filament_multitool_ramming_flow = 10
; filament_multitool_ramming_volume = 10
; filament_notes = https://www.extrudr.com/en/products/catalogue/?material=199
; filament_purge_multiplier = 100%
; filament_ramming_parameters = "130 120 2.70968 2.93548 3.32258 3.83871 4.58065 5.54839 6.51613 7.35484 7.93548 8.16129| 0.05 2.66451 0.45 3.05805 0.95 4.05807 1.45 5.97742 1.95 7.69999 2.45 8.1936 2.95 11.342 3.45 11.4065 3.95 7.6 4.45 7.6 4.95 7.6"
; filament_retract_before_travel = nil
; filament_retract_before_wipe = nil
; filament_retract_layer_change = nil
; filament_retract_length = nil
; filament_retract_length_toolchange = nil
; filament_retract_lift = nil
; filament_retract_lift_above = nil
; filament_retract_lift_below = nil
; filament_retract_restart_extra = nil
; filament_retract_restart_extra_toolchange = nil
; filament_retract_speed = nil
; filament_seam_gap_distance = nil
; filament_settings_id = "Extrudr XPETG Matt @Sparkcube"
; filament_shrinkage_compensation_xy = 0%
; filament_shrinkage_compensation_z = 0%
; filament_soluble = 0
; filament_spool_weight = 262
; filament_stamping_distance = 0
; filament_stamping_loading_speed = 20
; filament_toolchange_delay = 0
; filament_travel_lift_before_obstacle = nil
; filament_travel_max_lift = nil
; filament_travel_ramping_lift = nil
; filament_travel_slope = nil
; filament_type = PETG
; filament_unload_time = 0
; filament_unloading_speed = 20
; filament_unloading_speed_start = 100
; filament_vendor = Extrudr
; filament_wipe = nil
; fill_angle = 45
; fill_density = 100%
; fill_pattern = rectilinear
; first_layer_acceleration = 0
; first_layer_acceleration_over_raft = 0
; first_layer_bed_temperature = 87
; first_layer_extrusion_width = 0.42
; first_layer_height = 0.35
; first_layer_infill_speed = 0
; first_layer_speed = 30
; first_layer_speed_over_raft = 30
; first_layer_temperature = 230
; full_fan_speed_layer = 0
; fuzzy_skin = none
; fuzzy_skin_point_dist = 0.8
; fuzzy_skin_thickness = 0.3
; gap_fill_enabled = 1
; gap_fill_speed = 20
; gcode_comments = 0
; gcode_flavor = klipper
; gcode_label_objects = disabled
; gcode_resolution = 0.0125
; gcode_substitutions = 
; high_current_on_filament_swap = 0
; host_type = prusalink
; idle_temperature = nil
; infill_acceleration = 0
; infill_anchor = 600%
; infill_anchor_max = 50
; infill_every_layers = 1
; infill_extruder = 1
; infill_extrusion_width = 0.45
; infill_first = 0
; infill_overlap = 25%
; infill_speed = 70
; inherits_cummulative = ;"Extrudr XPETG Matt @Template";
; interface_shells = 0
; interlocking_beam = 0
; interlocking_beam_layer_count = 2
; interlocking_beam_width = 0.8
; interlocking_boundary_avoidance = 2
; interlocking_depth = 2
; interlocking_orientation = 22.5
; ironing = 0
; ironing_flowrate = 15%
; ironing_spacing = 0.1
; ironing_speed = 15
; ironing_type = top
; layer_gcode = 
; layer_height = 0.3
; machine_limits_usage = time_estimate_only
; machine_max_acceleration_e = 10000,5000
; machine_max_acceleration_extruding = 1500,1250
; machine_max_acceleration_retracting = 1500,1250
; machine_max_acceleration_travel = 1500,1250
; machine_max_acceleration_x = 9000,1000
; machine_max_acceleration_y = 9000,1000
; machine_max_acceleration_z = 500,200
; machine_max_feedrate_e = 120,120
; machine_max_feedrate_x = 500,200
; machine_max_feedrate_y = 500,200
; machine_max_feedrate_z = 12,12
; machine_max_jerk_e = 2.5,2.5
; machine_max_jerk_x = 10,10
; machine_max_jerk_y = 10,10
; machine_max_jerk_z = 0.2,0.4
; machine_min_extruding_rate = 0,0
; machine_min_travel_rate = 0,0
; max_fan_speed = 50
; max_layer_height = 0
; max_print_height = 170
; max_print_speed = 80
; max_volumetric_extrusion_rate_slope_negative = 0
; max_volumetric_extrusion_rate_slope_positive = 0
; max_volumetric_speed = 0
; min_bead_width = 85%
; min_fan_speed = 30
; min_feature_size = 25%
; min_layer_height = 0.07
; min_print_speed = 10
; min_skirt_length = 0
; mmu_segmented_region_interlocking_depth = 0
; mmu_segmented_region_max_width = 0
; multimaterial_purging = 140
; notes = 
; nozzle_diameter = 0.4
; nozzle_high_flow = 0
; only_one_perimeter_first_layer = 0
; only_retract_when_crossing_perimeters = 0
; ooze_prevention = 0
; output_filename_format = [input_filename_base].gcode
; over_bridge_speed = 0
; overhang_fan_speed_0 = 0
; overhang_fan_speed_1 = 0
; overhang_fan_speed_2 = 0
; overhang_fan_speed_3 = 0
; overhang_speed_0 = 15
; overhang_speed_1 = 15
; overhang_speed_2 = 20
; overhang_speed_3 = 25
; overhangs = 1
; parking_pos_retraction = 92
; pause_print_gcode = M601
; perimeter_acceleration = 0
; perimeter_extruder = 1
; perimeter_extrusion_width = 0.45
; perimeter_generator = arachne
; perimeter_speed = 60
; perimeters = 3
; physical_printer_settings_id = 
; post_process = 
; prefer_clockwise_movements = 0
; print_settings_id = Sparkcube default
; printer_model = 
; printer_notes = 
; printer_settings_id = Sparkcube
; printer_technology = FFF
; printer_variant = 
; printer_vendor = 
; raft_contact_distance = 0.1
; raft_expansion = 1.5
; raft_first_layer_density = 90%
; raft_first_layer_expansion = 3
; raft_layers = 0
; remaining_times = 0
; resolution = 0
; retract_before_travel = 2
; retract_before_wipe = 0%
; retract_layer_change = 0
; retract_length = 2
; retract_length_toolchange = 10
; retract_lift = 0
; retract_lift_above = 0
; retract_lift_below = 0
; retract_restart_extra = 0
; retract_restart_extra_toolchange = 0
; retract_speed = 40
; scarf_seam_entire_loop = 0
; scarf_seam_length = 20
; scarf_seam_max_segment_length = 1
; scarf_seam_on_inner_perimeters = 0
; scarf_seam_only_on_smooth = 1
; scarf_seam_placement = nowhere
; scarf_seam_start_height = 0%
; seam_gap_distance = 15%
; seam_position = aligned
; silent_mode = 1
; single_extruder_multi_material = 0
; single_extruder_multi_material_priming = 1
; skirt_distance = 6
; skirt_height = 1
; skirts = 1
; slice_closing_radius = 0.049
; slicing_mode = regular
; slowdown_below_layer_time = 20
; small_perimeter_speed = 30
; solid_infill_acceleration = 0
; solid_infill_below_area = 70
; solid_infill_every_layers = 0
; solid_infill_extruder = 1
; solid_infill_extrusion_width = 0.45
; solid_infill_speed = 50
; spiral_vase = 0
; staggered_inner_seams = 0
; standby_temperature_delta = -5
; start_filament_gcode = "; Filament gcode\n"
; start_gcode = G28 ; home all axes\nG1 Z5 F5000 ; lift nozzle\n
; support_material = 0
; support_material_angle = 0
; support_material_auto = 1
; support_material_bottom_contact_distance = 0
; support_material_bottom_interface_layers = -1
; support_material_buildplate_only = 0
; support_material_closing_radius = 2
; support_material_contact_distance = 0.2
; support_material_enforce_layers = 0
; support_material_extruder = 1
; support_material_extrusion_width = 0.35
; support_material_interface_contact_loops = 0
; support_material_interface_extruder = 1
; support_material_interface_layers = 3
; support_material_interface_pattern = rectilinear
; support_material_interface_spacing = 0
; support_material_interface_speed = 100%
; support_material_pattern = rectilinear
; support_material_spacing = 2.5
; support_material_speed = 60
; support_material_style = grid
; support_material_synchronize_layers = 0
; support_material_threshold = 0
; support_material_with_sheath = 1
; support_material_xy_spacing = 50%
; support_tree_angle = 40
; support_tree_angle_slow = 25
; support_tree_branch_diameter = 2
; support_tree_branch_diameter_angle = 5
; support_tree_branch_diameter_double_wall = 3
; support_tree_branch_distance = 1
; support_tree_tip_diameter = 0.8
; support_tree_top_rate = 15%
; temperature = 230
; template_custom_gcode = 
; thick_bridges = 1
; thin_walls = 1
; thumbnails = 
; thumbnails_format = PNG
; toolchange_gcode = 
; top_fill_pattern = monotonic
; top_infill_extrusion_width = 0.4
; top_one_perimeter_type = none
; top_solid_infill_acceleration = 0
; top_solid_infill_speed = 40
; top_solid_layers = 3
; top_solid_min_thickness = 0
; travel_acceleration = 0
; travel_lift_before_obstacle = 0
; travel_max_lift = 0
; travel_ramping_lift = 0
; travel_short_distance_acceleration = 0
; travel_slope = 0
; travel_speed = 130
; travel_speed_z = 0
; use_firmware_retraction = 0
; use_relative_e_distances = 0
; use_volumetric_e = 0
; variable_layer_height = 1
; wall_distribution_count = 1
; wall_transition_angle = 10
; wall_transition_filter_deviation = 25%
; wall_transition_length = 100%
; wipe = 0
; wipe_into_infill = 0
; wipe_into_objects = 0
; wipe_tower = 0
; wipe_tower_acceleration = 0
; wipe_tower_bridging = 10
; wipe_tower_brim_width = 2
; wipe_tower_cone_angle = 0
; wipe_tower_extra_flow = 100%
; wipe_tower_extra_spacing = 100%
; wipe_tower_extruder = 0
; wipe_tower_no_sparse_layers = 0
; wipe_tower_width = 60
; wiping_volumes_matrix = 0
; wiping_volumes_use_custom_matrix = 0
; xy_size_compensation = 0
; z_offset = 0
; prusaslicer_config = end
