; generated by PrusaSlicer 2.9.3 on 2026-02-02 at 15:38:29 UTC

; 

; external perimeters extrusion width = 0.45mm
; perimeters extrusion width = 0.45mm
; infill extrusion width = 0.45mm
; solid infill extrusion width = 0.45mm
; top infill extrusion width = 0.40mm
; first layer extrusion width = 0.42mm

M190 S87 ; set bed temperature and wait for it to be reached
M104 S230 ; set temperature
;TYPE:Custom
G28 ; home all axes
G1 Z5 F5000 ; lift nozzle
M109 S230 ; set temperature and wait for it to be reached
G21 ; set units to millimeters
G90 ; use absolute coordinates
M82 ; use absolute distances for extrusion
G92 E0
; Filament gcode
M107
;LAYER_CHANGE
;Z:0.35
;HEIGHT:0.35
G1 E-2 F2400
G92 E0
G1 Z.35 F7800
G1 X69.414 Y79.975
G1 E2 F2400
;TYPE:Skirt/Brim
;WIDTH:0.42
G1 F1800
G1 X71.149 Y78.602 E2.11104
G1 X74.05 Y77.878 E2.26109
G1 X95.95 Y77.878 E3.36016
G1 X98.127 Y78.274 E3.47121
G1 X100.025 Y79.414 E3.58232
G1 X101.398 Y81.149 E3.69336
G1 X102.122 Y84.05 E3.84341
G1 X102.122 Y105.95 E4.94248
G1 X101.726 Y108.127 E5.05353
G1 X100.586 Y110.025 E5.16464
G1 X98.851 Y111.398 E5.27568
G1 X95.95 Y112.122 E5.42573
G1 X74.05 Y112.122 E6.5248
G1 X71.873 Y111.726 E6.63585
G1 X69.975 Y110.586 E6.74696
G1 X68.602 Y108.851 E6.858
G1 X67.878 Y105.95 E7.00805
G1 X67.878 Y84.05 E8.10712
G1 X68.274 Y81.873 E8.21817
G1 X69.383 Y80.027 E8.32625
G1 E6.32625 F2400
G92 E0
G92 E0
G1 X78.855 Y88.851 F7800
G1 E2 F2400
;TYPE:Perimeter
;WIDTH:0.42
G1 F1800
G1 X79.02 Y88.722 E2.01051
G1 X79.313 Y88.613 E2.0262
G1 X79.462 Y88.6 E2.03371
G1 X90.538 Y88.6 E2.58957
G1 X90.771 Y88.632 E2.60137
G1 X90.98 Y88.722 E2.61279
G1 X91.147 Y88.853 E2.62344
G1 X91.278 Y89.02 E2.63409
G1 X91.368 Y89.229 E2.64551
G1 X91.4 Y89.462 E2.65731
G1 X91.4 Y100.538 E3.21317
G1 X91.368 Y100.771 E3.22497
G1 X91.278 Y100.98 E3.23639
G1 X91.147 Y101.147 E3.24704
G1 X90.98 Y101.278 E3.25769
G1 X90.687 Y101.387 E3.27338
G1 X90.538 Y101.4 E3.28089
G1 X79.462 Y101.4 E3.83675
G1 X79.229 Y101.368 E3.84855
G1 X79.02 Y101.278 E3.85997
G1 X78.853 Y101.147 E3.87062
G1 X78.722 Y100.98 E3.88127
G1 X78.613 Y100.687 E3.89696
G1 X78.6 Y100.538 E3.90447
G1 X78.6 Y89.462 E4.46033
G1 X78.632 Y89.229 E4.47213
G1 X78.722 Y89.02 E4.48355
G1 X78.817 Y88.898 E4.49131
G1 X79.108 Y89.108 F7800
G1 F1800
G1 X79.197 Y89.018 E4.49766
G1 X79.462 Y88.945 E4.51145
G1 X90.538 Y88.945 E5.06731
G1 X90.803 Y89.018 E5.0811
G1 X90.982 Y89.197 E5.0938
G1 X91.055 Y89.462 E5.10759
G1 X91.055 Y100.538 E5.66345
G1 X90.982 Y100.803 E5.67724
G1 X90.803 Y100.982 E5.68994
G1 X90.538 Y101.055 E5.70373
G1 X79.462 Y101.055 E6.25959
G1 X79.197 Y100.982 E6.27338
G1 X79.018 Y100.803 E6.28608
G1 X78.945 Y100.538 E6.29987
G1 X78.945 Y89.462 E6.85573
G1 X79.018 Y89.197 E6.86952
G1 X79.065 Y89.15 E6.87286
G1 X79.347 Y89.338 F7800
;TYPE:External perimeter
G1 F1800
G1 X79.462 Y89.29 E6.87911
G1 X90.538 Y89.29 E7.43497
G1 X90.659 Y89.341 E7.44156
G1 X90.71 Y89.462 E7.44815
G1 X90.71 Y100.538 E8.00401
G1 X90.659 Y100.659 E8.0106
G1 X90.538 Y100.71 E8.01719
G1 X79.462 Y100.71 E8.57305
G1 X79.341 Y100.659 E8.57964
G1 X79.29 Y100.538 E8.58623
G1 X79.29 Y89.462 E9.14209
G1 X79.32 Y89.39 E9.146
G1 X79.709 Y89.297 F7800
G1 E7.146 F2400
G92 E0
G1 X95.05 Y105.05 F7800
G1 E2 F2400
;TYPE:Perimeter
G1 F1800
G1 X74.95 Y105.05 E3.00874
G1 X74.95 Y84.95 E4.01748
G1 X95.05 Y84.95 E5.02622
G1 X95.05 Y87.236 E5.14094
G1 X95.05 Y104.99 E6.03194
G1 X95.395 Y105.395 F7800
G1 F1800
G1 X74.605 Y105.395 E7.0753
G1 X74.605 Y84.605 E8.11866
G1 X95.395 Y84.605 E9.16202
G1 X95.395 Y87.236 E9.29406
G1 X95.395 Y105.335 E10.20237
G1 X95.74 Y105.74 F7800
;TYPE:External perimeter
G1 F1800
G1 X74.26 Y105.74 E11.28036
G1 X74.26 Y84.26 E12.35835
G1 X95.74 Y84.26 E13.43634
G1 X95.74 Y87.236 E13.58569
G1 X95.74 Y105.68 E14.51132
G1 X95.344 Y105.739 F7800
G1 E12.51132 F2400
G92 E0
G1 X94.947 Y85.757 F7800
G1 E2 F2400
;TYPE:Solid infill
;WIDTH:0.423042
G1 F1800
G1 X94.398 Y85.208 E2.03931
G1 X93.906 Y85.208 E2.06422
G1 X94.792 Y86.094 E2.12766
G1 X94.792 Y86.586 E2.15257
G1 X93.414 Y85.208 E2.25123
G1 X92.922 Y85.208 E2.27614
G1 X94.792 Y87.078 E2.41003
G1 X94.792 Y87.57 E2.43494
G1 X92.43 Y85.208 E2.60406
G1 X91.938 Y85.208 E2.62897
G1 X94.792 Y88.062 E2.83332
G1 X94.792 Y88.554 E2.85823
G1 X91.446 Y85.208 E3.0978
G1 X90.954 Y85.208 E3.12271
G1 X94.792 Y89.046 E3.39751
G1 X94.792 Y89.538 E3.42242
G1 X90.462 Y85.208 E3.73245
G1 X89.97 Y85.208 E3.75736
G1 X94.792 Y90.03 E4.10261
G1 X94.792 Y90.522 E4.12752
G1 X89.478 Y85.208 E4.508
G1 X88.986 Y85.208 E4.53291
G1 X94.792 Y91.014 E4.94862
G1 X94.792 Y91.506 E4.97353
G1 X88.494 Y85.208 E5.42446
G1 X88.002 Y85.208 E5.44937
G1 X94.792 Y91.998 E5.93553
G1 X94.792 Y92.49 E5.96044
G1 X91.643 Y89.341 E6.18591
G1 X91.617 Y89.159 E6.19522
G1 X91.5 Y88.887 E6.21021
G1 X91.331 Y88.669 E6.22418
G1 X91.113 Y88.5 E6.23815
G1 X90.841 Y88.383 E6.25314
G1 X90.659 Y88.357 E6.26245
G1 X87.51 Y85.208 E6.48792
G1 X87.018 Y85.208 E6.51283
G1 X90.151 Y88.342 E6.73719
G1 X89.659 Y88.342 E6.7621
G1 X86.526 Y85.208 E6.98646
G1 X86.033 Y85.208 E7.01142
G1 X89.167 Y88.342 E7.23581
G1 X88.675 Y88.342 E7.26072
G1 X85.541 Y85.208 E7.48511
G1 X85.049 Y85.208 E7.51002
G1 X88.182 Y88.342 E7.73438
G1 X87.69 Y88.342 E7.75929
G1 X84.557 Y85.208 E7.98365
G1 X84.065 Y85.208 E8.00856
G1 X87.198 Y88.342 E8.23292
G1 X86.706 Y88.342 E8.25783
G1 X83.573 Y85.208 E8.48219
G1 X83.081 Y85.208 E8.5071
G1 X86.214 Y88.342 E8.73146
G1 X85.722 Y88.342 E8.75637
G1 X82.589 Y85.208 E8.98073
G1 X82.097 Y85.208 E9.00564
G1 X85.23 Y88.342 E9.23
G1 X84.738 Y88.342 E9.25491
G1 X81.605 Y85.208 E9.47927
G1 X81.113 Y85.208 E9.50418
G1 X84.246 Y88.342 E9.72854
G1 X83.754 Y88.342 E9.75345
G1 X80.621 Y85.208 E9.97781
G1 X80.129 Y85.208 E10.00272
G1 X83.262 Y88.342 E10.22708
G1 X82.77 Y88.342 E10.25199
G1 X79.637 Y85.208 E10.47635
G1 X79.145 Y85.208 E10.50126
G1 X82.278 Y88.342 E10.72562
G1 X81.786 Y88.342 E10.75053
G1 X78.653 Y85.208 E10.97489
G1 X78.161 Y85.208 E10.9998
G1 X81.294 Y88.342 E11.22416
G1 X80.802 Y88.342 E11.24907
G1 X77.669 Y85.208 E11.47343
G1 X77.177 Y85.208 E11.49834
G1 X80.31 Y88.342 E11.7227
G1 X79.818 Y88.342 E11.74761
G1 X76.685 Y85.208 E11.97197
G1 X76.193 Y85.208 E11.99688
G1 X79.341 Y88.357 E12.22231
G1 X79.159 Y88.383 E12.23162
G1 X78.96 Y88.468 E12.24258
G1 X75.7 Y85.208 E12.47599
G1 X75.208 Y85.208 E12.5009
G1 X78.669 Y88.669 E12.74871
G1 X78.5 Y88.887 E12.76268
G1 X78.468 Y88.96 E12.76672
G1 X75.208 Y85.701 E13.0001
G1 X75.208 Y86.193 E13.02501
G1 X78.357 Y89.342 E13.25048
G1 X78.342 Y89.818 E13.27459
G1 X75.208 Y86.685 E13.49895
G1 X75.208 Y87.177 E13.52386
G1 X78.342 Y90.31 E13.74822
G1 X78.342 Y90.802 E13.77313
G1 X75.208 Y87.669 E13.99749
G1 X75.208 Y88.161 E14.0224
G1 X78.342 Y91.294 E14.24676
G1 X78.342 Y91.786 E14.27167
G1 X75.208 Y88.653 E14.49603
G1 X75.208 Y89.145 E14.52094
G1 X78.342 Y92.278 E14.7453
G1 X78.342 Y92.77 E14.77021
G1 X75.208 Y89.637 E14.99457
G1 X75.208 Y90.129 E15.01948
G1 X78.342 Y93.262 E15.24384
G1 X78.342 Y93.754 E15.26875
G1 X75.208 Y90.621 E15.49311
G1 X75.208 Y91.113 E15.51802
G1 X78.342 Y94.246 E15.74238
G1 X78.342 Y94.738 E15.76729
G1 X75.208 Y91.605 E15.99165
G1 X75.208 Y92.097 E16.01656
G1 X78.342 Y95.23 E16.24092
G1 X78.342 Y95.722 E16.26583
G1 X75.208 Y92.589 E16.49019
G1 X75.208 Y93.081 E16.5151
G1 X78.342 Y96.214 E16.73946
G1 X78.342 Y96.706 E16.76437
G1 X75.208 Y93.573 E16.98873
G1 X75.208 Y94.065 E17.01364
G1 X78.342 Y97.198 E17.238
G1 X78.342 Y97.691 E17.26296
G1 X75.208 Y94.557 E17.48735
G1 X75.208 Y95.049 E17.51226
G1 X78.342 Y98.183 E17.73665
G1 X78.342 Y98.675 E17.76156
G1 X75.208 Y95.542 E17.98592
G1 X75.208 Y96.034 E18.01083
G1 X78.342 Y99.167 E18.23519
G1 X78.342 Y99.659 E18.2601
G1 X75.208 Y96.526 E18.48446
G1 X75.208 Y97.018 E18.50937
G1 X78.497 Y100.306 E18.74483
G1 E16.74483 F2400
G92 E0
G1 X91.503 Y89.694 F7800
G1 E2 F2400
G1 F1800
G1 X94.792 Y92.982 E2.23546
G1 X94.792 Y93.474 E2.26037
G1 X91.658 Y90.341 E2.48473
G1 X91.658 Y90.833 E2.50964
G1 X94.792 Y93.967 E2.73403
G1 X94.792 Y94.459 E2.75894
G1 X91.658 Y91.325 E2.98333
G1 X91.658 Y91.818 E3.00829
G1 X94.792 Y94.951 E3.23265
G1 X94.792 Y95.443 E3.25756
G1 X91.658 Y92.31 E3.48192
G1 X91.658 Y92.802 E3.50683
G1 X94.792 Y95.935 E3.73119
G1 X94.792 Y96.427 E3.7561
G1 X91.658 Y93.294 E3.98046
G1 X91.658 Y93.786 E4.00537
G1 X94.792 Y96.919 E4.22973
G1 X94.792 Y97.411 E4.25464
G1 X91.658 Y94.278 E4.479
G1 X91.658 Y94.77 E4.50391
G1 X94.792 Y97.903 E4.72827
G1 X94.792 Y98.395 E4.75318
G1 X91.658 Y95.262 E4.97754
G1 X91.658 Y95.754 E5.00245
G1 X94.792 Y98.887 E5.22681
G1 X94.792 Y99.379 E5.25172
G1 X91.658 Y96.246 E5.47608
G1 X91.658 Y96.738 E5.50099
G1 X94.792 Y99.871 E5.72535
G1 X94.792 Y100.363 E5.75026
G1 X91.658 Y97.23 E5.97462
G1 X91.658 Y97.722 E5.99953
G1 X94.792 Y100.855 E6.22389
G1 X94.792 Y101.347 E6.2488
G1 X91.658 Y98.214 E6.47316
G1 X91.658 Y98.706 E6.49807
G1 X94.792 Y101.839 E6.72243
G1 X94.792 Y102.331 E6.74734
G1 X91.658 Y99.198 E6.9717
G1 X91.658 Y99.69 E6.99661
G1 X94.792 Y102.823 E7.22097
G1 X94.792 Y103.315 E7.24588
G1 X91.658 Y100.182 E7.47024
G1 X91.643 Y100.659 E7.4944
G1 X94.792 Y103.808 E7.71987
G1 X94.792 Y104.3 E7.74478
G1 X91.532 Y101.04 E7.97819
G1 X91.5 Y101.113 E7.98223
G1 X91.331 Y101.331 E7.9962
G1 X94.792 Y104.792 E8.24401
G1 X94.299 Y104.792 E8.26897
G1 X91.04 Y101.532 E8.50235
G1 X90.841 Y101.617 E8.51331
G1 X90.658 Y101.643 E8.52267
G1 X93.807 Y104.792 E8.74814
G1 X93.315 Y104.792 E8.77305
G1 X90.182 Y101.658 E8.99741
G1 X89.69 Y101.658 E9.02232
G1 X92.823 Y104.792 E9.24668
G1 X92.331 Y104.792 E9.27159
G1 X89.198 Y101.658 E9.49595
G1 X88.706 Y101.658 E9.52086
G1 X91.839 Y104.792 E9.74522
G1 X91.347 Y104.792 E9.77013
G1 X88.214 Y101.658 E9.99449
G1 X87.722 Y101.658 E10.0194
G1 X90.855 Y104.792 E10.24376
G1 X90.363 Y104.792 E10.26867
G1 X87.23 Y101.658 E10.49303
G1 X86.738 Y101.658 E10.51794
G1 X89.871 Y104.792 E10.7423
G1 X89.379 Y104.792 E10.76721
G1 X86.246 Y101.658 E10.99157
G1 X85.754 Y101.658 E11.01648
G1 X88.887 Y104.792 E11.24084
G1 X88.395 Y104.792 E11.26575
G1 X85.262 Y101.658 E11.49011
G1 X84.77 Y101.658 E11.51502
G1 X87.903 Y104.792 E11.73938
G1 X87.411 Y104.792 E11.76429
G1 X84.278 Y101.658 E11.98865
G1 X83.786 Y101.658 E12.01356
G1 X86.919 Y104.792 E12.23792
G1 X86.427 Y104.792 E12.26283
G1 X83.294 Y101.658 E12.48719
G1 X82.802 Y101.658 E12.5121
G1 X85.935 Y104.792 E12.73646
G1 X85.443 Y104.792 E12.76137
G1 X82.309 Y101.658 E12.98576
G1 X81.817 Y101.658 E13.01067
G1 X84.951 Y104.792 E13.23506
G1 X84.458 Y104.792 E13.26002
G1 X81.325 Y101.658 E13.48438
G1 X80.833 Y101.658 E13.50929
G1 X83.966 Y104.792 E13.73365
G1 X83.474 Y104.792 E13.75856
G1 X80.341 Y101.658 E13.98292
G1 X79.849 Y101.658 E14.00783
G1 X82.982 Y104.792 E14.23219
G1 X82.49 Y104.792 E14.2571
G1 X79.341 Y101.643 E14.48257
G1 X79.159 Y101.617 E14.49188
G1 X78.887 Y101.5 E14.50687
G1 X78.669 Y101.331 E14.52084
G1 X78.5 Y101.113 E14.53481
G1 X78.383 Y100.841 E14.5498
G1 X78.357 Y100.659 E14.55911
G1 X75.208 Y97.51 E14.78458
G1 X75.208 Y98.002 E14.80949
G1 X81.998 Y104.792 E15.29565
G1 X81.506 Y104.792 E15.32056
G1 X75.208 Y98.494 E15.77149
G1 X75.208 Y98.986 E15.7964
G1 X81.014 Y104.792 E16.21211
G1 X80.522 Y104.792 E16.23702
G1 X75.208 Y99.478 E16.6175
G1 X75.208 Y99.97 E16.64241
G1 X80.03 Y104.792 E16.98766
G1 X79.538 Y104.792 E17.01257
G1 X75.208 Y100.462 E17.3226
G1 X75.208 Y100.954 E17.34751
G1 X79.046 Y104.792 E17.62231
G1 X78.554 Y104.792 E17.64722
G1 X75.208 Y101.446 E17.88679
G1 X75.208 Y101.938 E17.9117
G1 X78.062 Y104.792 E18.11605
G1 X77.57 Y104.792 E18.14096
G1 X75.208 Y102.43 E18.31008
G1 X75.208 Y102.922 E18.33499
G1 X77.078 Y104.792 E18.46888
G1 X76.586 Y104.792 E18.49379
G1 X75.208 Y103.414 E18.59245
G1 X75.208 Y103.906 E18.61736
G1 X76.094 Y104.792 E18.6808
G1 X75.602 Y104.792 E18.70571
G1 X75.053 Y104.243 E18.74502
;LAYER_CHANGE
;Z:0.65
;HEIGHT:0.3
G1 E16.74502 F2400
G92 E0
G1 Z.65 F7800
G1 X78.788 Y88.785
G1 E2 F2400
;TYPE:Perimeter
;WIDTH:0.45
G1 F3600
G1 X78.973 Y88.64 E2.01131
G1 X79.301 Y88.518 E2.02814
G1 X79.468 Y88.504 E2.0362
G1 X90.532 Y88.504 E2.56834
G1 X90.793 Y88.54 E2.58101
G1 X91.027 Y88.64 E2.59325
G1 X91.214 Y88.786 E2.60466
G1 X91.36 Y88.973 E2.61607
G1 X91.46 Y89.207 E2.62831
G1 X91.496 Y89.468 E2.64098
G1 X91.496 Y100.532 E3.17312
G1 X91.46 Y100.793 E3.18579
G1 X91.36 Y101.027 E3.19803
G1 X91.214 Y101.214 E3.20944
G1 X91.027 Y101.36 E3.22085
G1 X90.699 Y101.482 E3.23768
G1 X90.532 Y101.496 E3.24574
G1 X79.468 Y101.496 E3.77788
G1 X79.207 Y101.46 E3.79055
G1 X78.973 Y101.36 E3.80279
G1 X78.786 Y101.214 E3.8142
G1 X78.64 Y101.027 E3.82561
G1 X78.518 Y100.699 E3.84244
G1 X78.504 Y100.532 E3.8505
G1 X78.504 Y89.468 E4.38264
G1 X78.54 Y89.207 E4.39531
G1 X78.64 Y88.973 E4.40755
G1 X78.751 Y88.831 E4.41622
G1 X79.071 Y89.071 F7800
G1 F3600
G1 X79.171 Y88.971 E4.42302
G1 X79.468 Y88.889 E4.43784
G1 X90.532 Y88.889 E4.96998
G1 X90.829 Y88.971 E4.9848
G1 X91.029 Y89.171 E4.9984
G1 X91.111 Y89.468 E5.01322
G1 X91.111 Y100.532 E5.54536
G1 X91.029 Y100.829 E5.56018
G1 X90.829 Y101.029 E5.57378
G1 X90.532 Y101.111 E5.5886
G1 X79.468 Y101.111 E6.12074
G1 X79.171 Y101.029 E6.13556
G1 X78.971 Y100.829 E6.14916
G1 X78.889 Y100.532 E6.16398
G1 X78.889 Y89.468 E6.69612
G1 X78.971 Y89.171 E6.71094
G1 X79.029 Y89.114 E6.71485
G1 X79.338 Y89.329 F7800
;TYPE:External perimeter
G1 F1800
G1 X79.468 Y89.275 E6.72162
G1 X90.532 Y89.275 E7.25376
G1 X90.669 Y89.331 E7.26088
G1 X90.725 Y89.468 E7.268
G1 X90.725 Y100.532 E7.80014
G1 X90.669 Y100.669 E7.80726
G1 X90.532 Y100.725 E7.81438
G1 X79.468 Y100.725 E8.34652
G1 X79.331 Y100.669 E8.35364
G1 X79.275 Y100.532 E8.36076
G1 X79.275 Y89.468 E8.8929
G1 X79.311 Y89.38 E8.89747
G1 X79.699 Y89.282 F7800
G1 E6.89747 F2400
G92 E0
G1 X94.954 Y104.954 F7800
G1 E2 F2400
;TYPE:Perimeter
G1 F3600
G1 X75.046 Y104.954 E2.95751
G1 X75.046 Y85.046 E3.91502
G1 X94.954 Y85.046 E4.87253
G1 X94.954 Y87.237 E4.97791
G1 X94.954 Y104.894 E5.82715
G1 X95.339 Y105.339 F7800
G1 F3600
G1 X74.661 Y105.339 E6.82169
G1 X74.661 Y84.661 E7.81623
G1 X95.339 Y84.661 E8.81077
G1 X95.339 Y87.237 E8.93467
G1 X95.339 Y105.279 E9.80243
G1 X95.725 Y105.725 F7800
;TYPE:External perimeter
G1 F1800
G1 X74.275 Y105.725 E10.8341
G1 X74.275 Y84.275 E11.86577
G1 X95.725 Y84.275 E12.89744
G1 X95.725 Y87.237 E13.0399
G1 X95.725 Y105.665 E13.92622
G1 X95.329 Y105.724 F7800
G1 E11.92622 F2400
G92 E0
G1 X75.44 Y85.367 F7800
G1 E2 F2400
;TYPE:Solid infill
;WIDTH:0.543559
G1 F3000
G1 X75.398 Y85.324 E2.00359
G1 X75.34 Y85.34 E2.00719
G1 X75.324 Y85.398 E2.01079
G1 X75.367 Y85.44 E2.01438
G1 X75.425 Y85.425 E2.01796
;WIDTH:0.45
G1 X76.041 Y85.335 E2.0479
G1 X75.212 Y86.178 E2.10477
;WIDTH:0.404381
G1 X75.141 Y86.159 E2.10789
G1 X75.16 Y86.23 E2.11101
G1 X75.201 Y86.219 E2.11281
;WIDTH:0.45
G1 X75.335 Y86.586 E2.1316
G1 X76.586 Y85.335 E2.21669
G1 X77.131 Y85.335 E2.2429
G1 X75.335 Y87.131 E2.36506
G1 X75.335 Y87.677 E2.39132
G1 X77.677 Y85.335 E2.55062
G1 X78.222 Y85.335 E2.57683
G1 X75.335 Y88.222 E2.7732
G1 X75.335 Y88.767 E2.79941
G1 X78.767 Y85.335 E3.03285
G1 X79.313 Y85.335 E3.05911
G1 X75.335 Y89.313 E3.32969
G1 X75.335 Y89.858 E3.3559
G1 X79.858 Y85.335 E3.66355
G1 X80.403 Y85.335 E3.68976
G1 X75.335 Y90.403 E4.03448
G1 X75.335 Y90.949 E4.06074
G1 X80.949 Y85.335 E4.4426
G1 X81.494 Y85.335 E4.46881
G1 X75.335 Y91.494 E4.88774
G1 X75.253 Y91.797 E4.90284
;WIDTH:0.404381
G1 X75.212 Y91.808 E4.90464
G1 X75.192 Y91.737 E4.90777
G1 X75.264 Y91.756 E4.91093
G1 E2.91093 F2400
G92 E0
G1 X78.461 Y88.831 F7800
G1 E2 F2400
G1 F3000
G1 X78.831 Y88.461 E2.02219
;WIDTH:0.45
G1 X79.104 Y88.271 E2.03819
G1 X82.039 Y85.335 E2.23786
G1 X82.585 Y85.335 E2.26412
G1 X79.706 Y88.215 E2.45998
G1 X80.251 Y88.215 E2.48619
G1 X83.13 Y85.335 E2.68205
G1 X83.675 Y85.335 E2.70826
G1 X80.796 Y88.215 E2.90412
G1 X81.342 Y88.215 E2.93038
G1 X84.221 Y85.335 E3.12624
G1 X84.766 Y85.335 E3.15245
G1 X81.887 Y88.215 E3.34831
G1 X82.432 Y88.215 E3.37452
G1 X85.311 Y85.335 E3.57038
G1 X85.857 Y85.335 E3.59664
G1 X82.978 Y88.215 E3.7925
G1 X83.523 Y88.215 E3.81871
G1 X86.402 Y85.335 E4.01457
G1 X86.947 Y85.335 E4.04078
G1 X84.068 Y88.215 E4.23664
G1 X84.614 Y88.215 E4.2629
G1 X87.493 Y85.335 E4.45876
G1 X88.038 Y85.335 E4.48497
G1 X85.159 Y88.215 E4.68083
G1 X85.704 Y88.215 E4.70704
G1 X88.584 Y85.335 E4.90293
G1 X89.129 Y85.335 E4.92914
G1 X86.25 Y88.215 E5.125
G1 X86.795 Y88.215 E5.15121
G1 X89.674 Y85.335 E5.34707
G1 X90.22 Y85.335 E5.37333
G1 X87.34 Y88.215 E5.56922
G1 X87.886 Y88.215 E5.59548
G1 X90.765 Y85.335 E5.79134
G1 X91.31 Y85.335 E5.81755
G1 X88.431 Y88.215 E6.01341
G1 X88.977 Y88.215 E6.03967
G1 X91.856 Y85.335 E6.23553
G1 X92.401 Y85.335 E6.26174
G1 X89.522 Y88.215 E6.4576
G1 X90.067 Y88.215 E6.48381
G1 X92.946 Y85.335 E6.67967
G1 X93.492 Y85.335 E6.70593
G1 X90.604 Y88.223 E6.90237
G1 X91.04 Y88.333 E6.924
G1 X94.037 Y85.335 E7.12789
G1 X94.582 Y85.335 E7.1541
G1 X91.373 Y88.545 E7.37241
G1 X91.618 Y88.845 E7.39104
G1 X94.665 Y85.799 E7.59826
G1 X94.665 Y86.344 E7.62447
G1 X91.757 Y89.252 E7.82227
G1 X91.785 Y89.768 E7.84712
G1 X94.665 Y86.889 E8.04298
G1 X94.665 Y87.435 E8.06924
G1 X91.785 Y90.314 E8.2651
G1 X91.785 Y90.859 E8.29131
G1 X94.665 Y87.98 E8.48717
G1 X94.665 Y88.525 E8.51338
G1 X91.785 Y91.404 E8.70924
G1 X91.785 Y91.95 E8.7355
G1 X94.665 Y89.071 E8.93136
G1 X94.665 Y89.616 E8.95757
G1 X91.785 Y92.495 E9.15343
G1 X91.785 Y93.04 E9.17964
G1 X94.665 Y90.161 E9.3755
G1 X94.665 Y90.707 E9.40176
G1 X91.785 Y93.586 E9.59762
G1 X91.785 Y94.131 E9.62383
G1 X94.665 Y91.252 E9.81969
G1 X94.665 Y91.797 E9.8459
G1 X91.785 Y94.677 E10.04179
G1 X91.785 Y95.222 E10.068
G1 X94.665 Y92.343 E10.26386
G1 X94.665 Y92.888 E10.29007
G1 X91.785 Y95.767 E10.48593
G1 X91.785 Y96.313 E10.51219
G1 X94.665 Y93.433 E10.70808
G1 X94.665 Y93.979 E10.73434
G1 X91.785 Y96.858 E10.9302
G1 X91.785 Y97.403 E10.95641
G1 X94.665 Y94.524 E11.15227
G1 X94.665 Y95.07 E11.17853
G1 X91.785 Y97.949 E11.37439
G1 X91.785 Y98.494 E11.4006
G1 X94.665 Y95.615 E11.59646
G1 X94.665 Y96.16 E11.62267
G1 X91.785 Y99.039 E11.81853
G1 X91.785 Y99.585 E11.84479
G1 X94.665 Y96.706 E12.04065
G1 X94.665 Y97.251 E12.06686
G1 X91.785 Y100.13 E12.26272
G1 E10.26272 F2400
G92 E0
G1 X78.271 Y89.104 F7800
G1 E2 F2400
G1 F3000
G1 X75.335 Y92.039 E2.19967
G1 X75.335 Y92.585 E2.22593
G1 X78.215 Y89.706 E2.42179
G1 X78.215 Y90.251 E2.448
G1 X75.335 Y93.13 E2.64386
G1 X75.335 Y93.675 E2.67007
G1 X78.215 Y90.796 E2.86593
G1 X78.215 Y91.342 E2.89219
G1 X75.335 Y94.221 E3.08805
G1 X75.335 Y94.766 E3.11426
G1 X78.215 Y91.887 E3.31012
G1 X78.215 Y92.432 E3.33633
G1 X75.335 Y95.311 E3.53219
G1 X75.335 Y95.857 E3.55845
G1 X78.215 Y92.978 E3.75431
G1 X78.215 Y93.523 E3.78052
G1 X75.335 Y96.402 E3.97638
G1 X75.335 Y96.947 E4.00259
G1 X78.215 Y94.068 E4.19845
G1 X78.215 Y94.614 E4.22471
G1 X75.335 Y97.493 E4.42057
G1 X75.335 Y98.038 E4.44678
G1 X78.215 Y95.159 E4.64264
G1 X78.215 Y95.704 E4.66885
G1 X75.335 Y98.584 E4.86474
G1 X75.335 Y99.129 E4.89095
G1 X78.215 Y96.25 E5.08681
G1 X78.215 Y96.795 E5.11302
G1 X75.335 Y99.674 E5.30888
G1 X75.335 Y100.22 E5.33514
G1 X78.215 Y97.34 E5.53103
G1 X78.215 Y97.886 E5.55729
G1 X75.335 Y100.765 E5.75315
G1 X75.335 Y101.31 E5.77936
G1 X78.215 Y98.431 E5.97522
G1 X78.215 Y98.977 E6.00148
G1 X75.335 Y101.856 E6.19734
G1 X75.335 Y102.401 E6.22355
G1 X78.215 Y99.522 E6.41941
G1 X78.215 Y100.067 E6.44562
G1 X75.335 Y102.946 E6.64148
G1 X75.335 Y103.492 E6.66774
G1 X78.223 Y100.604 E6.86418
G1 X78.333 Y101.04 E6.88581
G1 X75.335 Y104.037 E7.0897
G1 X75.251 Y104.779 E7.12562
;WIDTH:0.404381
G1 X75.18 Y104.76 E7.12874
G1 X75.199 Y104.831 E7.13186
G1 X75.24 Y104.82 E7.13366
;WIDTH:0.45
G1 X75.335 Y104.582 E7.14599
G1 X78.545 Y101.373 E7.3643
G1 X78.845 Y101.618 E7.38293
G1 X75.799 Y104.665 E7.59015
G1 X76.344 Y104.665 E7.61636
G1 X79.252 Y101.757 E7.81416
G1 X79.768 Y101.785 E7.83901
G1 X76.889 Y104.665 E8.03487
G1 X77.435 Y104.665 E8.06113
G1 X80.314 Y101.785 E8.25699
G1 X80.859 Y101.785 E8.2832
G1 X77.98 Y104.665 E8.47906
G1 X78.525 Y104.665 E8.50527
G1 X81.404 Y101.785 E8.70113
G1 X81.95 Y101.785 E8.72739
G1 X79.071 Y104.665 E8.92325
G1 X79.616 Y104.665 E8.94946
G1 X82.495 Y101.785 E9.14532
G1 X83.04 Y101.785 E9.17153
G1 X80.161 Y104.665 E9.36739
G1 X80.707 Y104.665 E9.39365
G1 X83.586 Y101.785 E9.58951
G1 X84.131 Y101.785 E9.61572
G1 X81.252 Y104.665 E9.81158
G1 X81.797 Y104.665 E9.83779
G1 X84.677 Y101.785 E10.03368
G1 X85.222 Y101.785 E10.05989
G1 X82.343 Y104.665 E10.25575
G1 X82.888 Y104.665 E10.28196
G1 X85.767 Y101.785 E10.47782
G1 X86.313 Y101.785 E10.50408
G1 X83.433 Y104.665 E10.69997
G1 X83.979 Y104.665 E10.72623
G1 X86.858 Y101.785 E10.92209
G1 X87.403 Y101.785 E10.9483
G1 X84.524 Y104.665 E11.14416
G1 X85.07 Y104.665 E11.17042
G1 X87.949 Y101.785 E11.36628
G1 X88.494 Y101.785 E11.39249
G1 X85.615 Y104.665 E11.58835
G1 X86.16 Y104.665 E11.61456
G1 X89.039 Y101.785 E11.81042
G1 X89.585 Y101.785 E11.83668
G1 X86.706 Y104.665 E12.03254
G1 X87.251 Y104.665 E12.05875
G1 X90.13 Y101.785 E12.25461
G1 X90.697 Y101.764 E12.2819
G1 X87.796 Y104.665 E12.47922
G1 X87.689 Y104.818 E12.4882
;WIDTH:0.404381
G1 X87.618 Y104.799 E12.49132
G1 X87.637 Y104.87 E12.49444
G1 X87.678 Y104.859 E12.49624
G1 E10.49624 F2400
G92 E0
G1 X90.97 Y101.607 F7800
G1 E2 F2400
G1 F3000
G1 X91.329 Y101.319 E2.01952
G1 X91.607 Y100.97 E2.03844
;WIDTH:0.45
G1 X91.764 Y100.697 E2.05359
G1 X94.665 Y97.796 E2.25091
G1 X94.665 Y98.342 E2.27717
G1 X88.342 Y104.665 E2.70725
G1 X88.11 Y104.767 E2.71944
;WIDTH:0.404381
G1 X88.039 Y104.747 E2.72257
G1 X88.058 Y104.819 E2.72573
G1 X88.099 Y104.808 E2.72753
G1 X88.887 Y104.665 F7800
;WIDTH:0.45
G1 F3000
G1 X94.665 Y98.887 E3.12054
G1 X94.665 Y99.432 E3.14675
G1 X89.432 Y104.665 E3.50269
G1 X89.978 Y104.665 E3.52895
G1 X94.665 Y99.978 E3.84775
G1 X94.665 Y100.523 E3.87396
G1 X90.523 Y104.665 E4.15569
G1 X91.068 Y104.665 E4.1819
G1 X94.665 Y101.068 E4.42656
G1 X94.665 Y101.614 E4.45282
G1 X91.614 Y104.665 E4.66035
G1 X92.159 Y104.665 E4.68656
G1 X94.665 Y102.159 E4.85702
G1 X94.87 Y102.545 E4.87804
;WIDTH:0.404381
G1 X94.799 Y102.526 E4.88116
G1 X94.818 Y102.597 E4.88428
G1 X94.859 Y102.586 E4.88608
;WIDTH:0.45
G1 X94.665 Y102.704 E4.897
G1 X92.704 Y104.665 E5.03038
G1 X92.586 Y104.859 E5.0413
;WIDTH:0.404381
G1 X92.545 Y104.87 E5.0431
G1 X92.526 Y104.799 E5.04622
G1 X92.597 Y104.818 E5.04934
G1 E3.04934 F2400
G92 E0
G1 X94.528 Y103.386 F7800
G1 E2 F2400
;WIDTH:0.45
G1 F3000
G1 X93.25 Y104.665 E2.08696
G1 X94.665 Y104.665 E2.15502
G1 X94.665 Y103.25 E2.22308
G1 X94.304 Y104.236 F7800
;WIDTH:0.507539
G1 F3000
G1 X94.264 Y104.197 E2.22617
G1 X94.211 Y104.211 E2.2292
G1 X94.197 Y104.265 E2.23228
G1 X94.236 Y104.304 E2.23533
G1 X94.289 Y104.289 E2.23837
;LAYER_CHANGE
;Z:0.95
;HEIGHT:0.3
G1 E.23837 F2400
G92 E0
G1 Z.95 F7800
G1 X78.788 Y88.785
G1 E2 F2400
;TYPE:Perimeter
;WIDTH:0.45
G1 F3600
G1 X78.973 Y88.64 E2.01131
G1 X79.301 Y88.518 E2.02814
G1 X79.468 Y88.504 E2.0362
G1 X90.532 Y88.504 E2.56834
G1 X90.793 Y88.54 E2.58101
G1 X91.027 Y88.64 E2.59325
G1 X91.214 Y88.786 E2.60466
G1 X91.36 Y88.973 E2.61607
G1 X91.46 Y89.207 E2.62831
G1 X91.496 Y89.468 E2.64098
G1 X91.496 Y100.532 E3.17312
G1 X91.46 Y100.793 E3.18579
G1 X91.36 Y101.027 E3.19803
G1 X91.214 Y101.214 E3.20944
G1 X91.027 Y101.36 E3.22085
G1 X90.699 Y101.482 E3.23768
G1 X90.532 Y101.496 E3.24574
G1 X79.468 Y101.496 E3.77788
G1 X79.207 Y101.46 E3.79055
G1 X78.973 Y101.36 E3.80279
G1 X78.786 Y101.214 E3.8142
G1 X78.64 Y101.027 E3.82561
G1 X78.518 Y100.699 E3.84244
G1 X78.504 Y100.532 E3.8505
G1 X78.504 Y89.468 E4.38264
G1 X78.54 Y89.207 E4.39531
G1 X78.64 Y88.973 E4.40755
G1 X78.751 Y88.831 E4.41622
G1 X79.071 Y89.071 F7800
G1 F3600
G1 X79.171 Y88.971 E4.42302
G1 X79.468 Y88.889 E4.43784
G1 X90.532 Y88.889 E4.96998
G1 X90.829 Y88.971 E4.9848
G1 X91.029 Y89.171 E4.9984
G1 X91.111 Y89.468 E5.01322
G1 X91.111 Y100.532 E5.54536
G1 X91.029 Y100.829 E5.56018
G1 X90.829 Y101.029 E5.57378
G1 X90.532 Y101.111 E5.5886
G1 X79.468 Y101.111 E6.12074
G1 X79.171 Y101.029 E6.13556
G1 X78.971 Y100.829 E6.14916
G1 X78.889 Y100.532 E6.16398
G1 X78.889 Y89.468 E6.69612
G1 X78.971 Y89.171 E6.71094
G1 X79.029 Y89.114 E6.71485
G1 X79.338 Y89.329 F7800
;TYPE:External perimeter
G1 F1800
G1 X79.468 Y89.275 E6.72162
G1 X90.532 Y89.275 E7.25376
G1 X90.669 Y89.331 E7.26088
G1 X90.725 Y89.468 E7.268
G1 X90.725 Y100.532 E7.80014
G1 X90.669 Y100.669 E7.80726
G1 X90.532 Y100.725 E7.81438
G1 X79.468 Y100.725 E8.34652
G1 X79.331 Y100.669 E8.35364
G1 X79.275 Y100.532 E8.36076
G1 X79.275 Y89.468 E8.8929
G1 X79.311 Y89.38 E8.89747
G1 X79.699 Y89.282 F7800
G1 E6.89747 F2400
G92 E0
G1 X94.954 Y104.954 F7800
G1 E2 F2400
;TYPE:Perimeter
G1 F3600
G1 X75.046 Y104.954 E2.95751
G1 X75.046 Y85.046 E3.91502
G1 X94.954 Y85.046 E4.87253
G1 X94.954 Y87.237 E4.97791
G1 X94.954 Y104.894 E5.82715
G1 X95.339 Y105.339 F7800
G1 F3600
G1 X74.661 Y105.339 E6.82169
G1 X74.661 Y84.661 E7.81623
G1 X95.339 Y84.661 E8.81077
G1 X95.339 Y87.237 E8.93467
G1 X95.339 Y105.279 E9.80243
G1 X95.725 Y105.725 F7800
;TYPE:External perimeter
G1 F1800
G1 X74.275 Y105.725 E10.8341
G1 X74.275 Y84.275 E11.86577
G1 X95.725 Y84.275 E12.89744
G1 X95.725 Y87.237 E13.0399
G1 X95.725 Y105.665 E13.92622
G1 X95.329 Y105.724 F7800
G1 E11.92622 F2400
G92 E0
G1 X75.367 Y104.56 F7800
G1 E2 F2400
;TYPE:Solid infill
;WIDTH:0.543559
G1 F3000
G1 X75.324 Y104.602 E2.00359
G1 X75.34 Y104.66 E2.00719
G1 X75.398 Y104.676 E2.01079
G1 X75.44 Y104.633 E2.01438
G1 X75.425 Y104.575 E2.01796
;WIDTH:0.45
G1 X76.041 Y104.665 E2.0479
G1 X75.335 Y103.959 E2.09592
G1 X75.335 Y103.414 E2.12213
G1 X76.586 Y104.665 E2.20722
G1 X77.131 Y104.665 E2.23343
G1 X75.335 Y102.869 E2.35559
G1 X75.335 Y102.323 E2.38185
G1 X77.677 Y104.665 E2.54115
G1 X78.222 Y104.665 E2.56736
G1 X75.335 Y101.778 E2.76373
G1 X75.335 Y101.233 E2.78994
G1 X78.767 Y104.665 E3.02338
G1 X79.313 Y104.665 E3.04964
G1 X75.335 Y100.687 E3.32022
G1 X75.335 Y100.142 E3.34643
G1 X79.858 Y104.665 E3.65408
G1 X80.403 Y104.665 E3.68029
G1 X75.335 Y99.597 E4.02501
G1 X75.335 Y99.051 E4.05127
G1 X80.949 Y104.665 E4.43313
G1 X81.756 Y104.736 F7800
;WIDTH:0.404381
G1 F3000
G1 X81.737 Y104.808 E4.43629
G1 X81.808 Y104.789 E4.43941
G1 X81.797 Y104.747 E4.44125
;WIDTH:0.45
G1 X81.494 Y104.665 E4.45635
G1 X75.335 Y98.506 E4.87528
G1 X75.335 Y97.961 E4.90149
G1 X78.271 Y100.896 E5.10116
G1 X78.461 Y101.169 E5.11716
;WIDTH:0.404381
G1 X78.831 Y101.539 E5.13935
;WIDTH:0.45
G1 X79.104 Y101.729 E5.15535
G1 X82.039 Y104.665 E5.35502
G1 X82.585 Y104.665 E5.38128
G1 X79.706 Y101.785 E5.57714
G1 X80.251 Y101.785 E5.60335
G1 X83.13 Y104.665 E5.79921
G1 X83.675 Y104.665 E5.82542
G1 X80.796 Y101.785 E6.02128
G1 X81.342 Y101.785 E6.04754
G1 X84.221 Y104.665 E6.2434
G1 X84.766 Y104.665 E6.26961
G1 X81.887 Y101.785 E6.46547
G1 X82.432 Y101.785 E6.49168
G1 X85.311 Y104.665 E6.68754
G1 X85.857 Y104.665 E6.7138
G1 X82.978 Y101.785 E6.90966
G1 X83.523 Y101.785 E6.93587
G1 X86.402 Y104.665 E7.13173
G1 X86.947 Y104.665 E7.15794
G1 X84.068 Y101.785 E7.3538
G1 X84.614 Y101.785 E7.38006
G1 X87.493 Y104.665 E7.57592
G1 X88.038 Y104.665 E7.60213
G1 X85.159 Y101.785 E7.79799
G1 X85.704 Y101.785 E7.8242
G1 X88.584 Y104.665 E8.02009
G1 X89.129 Y104.665 E8.0463
G1 X86.25 Y101.785 E8.24216
G1 X86.795 Y101.785 E8.26837
G1 X89.674 Y104.665 E8.46423
G1 X90.22 Y104.665 E8.49049
G1 X87.34 Y101.785 E8.68638
G1 X87.886 Y101.785 E8.71264
G1 X90.765 Y104.665 E8.9085
G1 X91.31 Y104.665 E8.93471
G1 X88.431 Y101.785 E9.13057
G1 X88.977 Y101.785 E9.15683
G1 X91.856 Y104.665 E9.35269
G1 X92.401 Y104.665 E9.3789
G1 X89.522 Y101.785 E9.57476
G1 X90.067 Y101.785 E9.60097
G1 X92.946 Y104.665 E9.79683
G1 X93.492 Y104.665 E9.82309
G1 X90.604 Y101.777 E10.01953
G1 X91.04 Y101.667 E10.04116
G1 X94.037 Y104.665 E10.24505
G1 X94.82 Y104.76 F7800
;WIDTH:0.404381
G1 F3000
G1 X94.831 Y104.801 E10.24685
G1 X94.76 Y104.82 E10.24997
G1 X94.779 Y104.749 E10.25309
;WIDTH:0.45
G1 X94.582 Y104.665 E10.26339
G1 X91.373 Y101.455 E10.4817
G1 X91.618 Y101.155 E10.50033
G1 X94.665 Y104.201 E10.70755
G1 X94.665 Y103.656 E10.73376
G1 X91.757 Y100.748 E10.93156
G1 X91.785 Y100.232 E10.95641
G1 X94.665 Y103.111 E11.15227
G1 X94.665 Y102.565 E11.17853
G1 X91.785 Y99.686 E11.37439
G1 X91.785 Y99.141 E11.4006
G1 X94.665 Y102.02 E11.59646
G1 X94.665 Y101.475 E11.62267
G1 X91.785 Y98.596 E11.81853
G1 X91.785 Y98.05 E11.84479
G1 X94.665 Y100.929 E12.04065
G1 X94.665 Y100.384 E12.06686
G1 X91.785 Y97.505 E12.26272
G1 X91.785 Y96.96 E12.28893
G1 X94.665 Y99.839 E12.48479
G1 X94.665 Y99.293 E12.51105
G1 X91.785 Y96.414 E12.70691
G1 X91.785 Y95.869 E12.73312
G1 X94.665 Y98.748 E12.92898
G1 X94.665 Y98.203 E12.95519
G1 X91.785 Y95.323 E13.15108
G1 X91.785 Y94.778 E13.17729
G1 X94.665 Y97.657 E13.37315
G1 X94.665 Y97.112 E13.39936
G1 X91.785 Y94.233 E13.59522
G1 X91.785 Y93.687 E13.62148
G1 X94.665 Y96.567 E13.81737
G1 X94.665 Y96.021 E13.84363
G1 X91.785 Y93.142 E14.03949
G1 X91.785 Y92.597 E14.0657
G1 X94.665 Y95.476 E14.26156
G1 X94.665 Y94.93 E14.28782
G1 X91.785 Y92.051 E14.48368
G1 X91.785 Y91.506 E14.50989
G1 X94.665 Y94.385 E14.70575
G1 X94.665 Y93.84 E14.73196
G1 X91.785 Y90.961 E14.92782
G1 X91.785 Y90.415 E14.95408
G1 X94.665 Y93.294 E15.14994
G1 X94.665 Y92.749 E15.17615
G1 X91.785 Y89.87 E15.37201
G1 X91.764 Y89.303 E15.3993
G1 X94.665 Y92.204 E15.59662
G1 X94.818 Y92.311 E15.6056
;WIDTH:0.404381
G1 X94.799 Y92.382 E15.60872
G1 X94.87 Y92.363 E15.61184
G1 X94.859 Y92.322 E15.61364
G1 E13.61364 F2400
G92 E0
G1 X78.215 Y100.294 F7800
G1 E2 F2400
;WIDTH:0.45
G1 F3000
G1 X75.335 Y97.415 E2.19586
G1 X75.335 Y96.87 E2.22207
G1 X78.215 Y99.749 E2.41793
G1 X78.215 Y99.204 E2.44414
G1 X75.335 Y96.325 E2.64
G1 X75.335 Y95.779 E2.66626
G1 X78.215 Y98.658 E2.86212
G1 X78.215 Y98.113 E2.88833
G1 X75.335 Y95.234 E3.08419
G1 X75.335 Y94.689 E3.1104
G1 X78.215 Y97.568 E3.30626
G1 X78.215 Y97.022 E3.33252
G1 X75.335 Y94.143 E3.52838
G1 X75.335 Y93.598 E3.55459
G1 X78.215 Y96.477 E3.75045
G1 X78.215 Y95.932 E3.77666
G1 X75.335 Y93.053 E3.97252
G1 X75.335 Y92.507 E3.99878
G1 X78.215 Y95.386 E4.19464
G1 X78.215 Y94.841 E4.22085
G1 X75.335 Y91.962 E4.41671
G1 X75.335 Y91.416 E4.44297
G1 X78.215 Y94.296 E4.63886
G1 X78.215 Y93.75 E4.66512
G1 X75.335 Y90.871 E4.86098
G1 X75.335 Y90.326 E4.88719
G1 X78.215 Y93.205 E5.08305
G1 X78.215 Y92.66 E5.10926
G1 X75.335 Y89.78 E5.30515
G1 X75.335 Y89.235 E5.33136
G1 X78.215 Y92.114 E5.52722
G1 X78.215 Y91.569 E5.55343
G1 X75.335 Y88.69 E5.74929
G1 X75.335 Y88.144 E5.77555
G1 X78.215 Y91.023 E5.97141
G1 X78.215 Y90.478 E5.99762
G1 X75.335 Y87.599 E6.19348
G1 X75.335 Y87.054 E6.21969
G1 X78.215 Y89.933 E6.41555
G1 X78.223 Y89.396 E6.44138
G1 X75.335 Y86.508 E6.63782
G1 X75.335 Y85.963 E6.66403
G1 X78.333 Y88.96 E6.86792
G1 X78.545 Y88.627 E6.88691
G1 X75.335 Y85.418 E7.10522
G1 X75.799 Y85.335 E7.12789
G1 X78.845 Y88.382 E7.33511
G1 X79.252 Y88.243 E7.3558
G1 X76.344 Y85.335 E7.5536
G1 X76.889 Y85.335 E7.57981
G1 X79.768 Y88.215 E7.77567
G1 X80.314 Y88.215 E7.80193
G1 X77.435 Y85.335 E7.99779
G1 X77.98 Y85.335 E8.024
G1 X80.859 Y88.215 E8.21986
G1 X81.404 Y88.215 E8.24607
G1 X78.525 Y85.335 E8.44193
G1 X79.071 Y85.335 E8.46819
G1 X81.95 Y88.215 E8.66405
G1 X82.495 Y88.215 E8.69026
G1 X79.616 Y85.335 E8.88612
G1 X80.161 Y85.335 E8.91233
G1 X83.04 Y88.215 E9.10819
G1 X83.586 Y88.215 E9.13445
G1 X80.707 Y85.335 E9.33031
G1 X81.252 Y85.335 E9.35652
G1 X84.131 Y88.215 E9.55238
G1 X84.677 Y88.215 E9.57864
G1 X81.797 Y85.335 E9.77453
G1 X82.343 Y85.335 E9.80079
G1 X85.222 Y88.215 E9.99665
G1 X85.767 Y88.215 E10.02286
G1 X82.888 Y85.335 E10.21872
G1 X83.433 Y85.335 E10.24493
G1 X86.313 Y88.215 E10.44082
G1 X86.858 Y88.215 E10.46703
G1 X83.979 Y85.335 E10.66289
G1 X84.524 Y85.335 E10.6891
G1 X87.403 Y88.215 E10.88496
G1 X87.949 Y88.215 E10.91122
G1 X85.07 Y85.335 E11.10708
G1 X85.615 Y85.335 E11.13329
G1 X88.494 Y88.215 E11.32915
G1 X89.039 Y88.215 E11.35536
G1 X86.16 Y85.335 E11.55122
G1 X86.706 Y85.335 E11.57748
G1 X89.585 Y88.215 E11.77334
G1 X90.13 Y88.215 E11.79955
G1 X87.251 Y85.335 E11.99541
G1 X87.796 Y85.335 E12.02162
G1 X90.697 Y88.236 E12.21894
G1 X90.97 Y88.393 E12.23409
;WIDTH:0.404381
G1 X91.319 Y88.671 E12.25301
G1 X91.607 Y89.03 E12.27253
G1 E10.27253 F2400
G92 E0
G1 X94.808 Y91.901 F7800
G1 E2 F2400
G1 F3000
G1 X94.819 Y91.942 E2.0018
G1 X94.747 Y91.961 E2.00496
G1 X94.767 Y91.89 E2.00809
;WIDTH:0.45
G1 X94.665 Y91.658 E2.02028
G1 X88.342 Y85.335 E2.45036
G1 X88.887 Y85.335 E2.47657
G1 X94.665 Y91.113 E2.86958
G1 X94.665 Y90.568 E2.89579
G1 X89.432 Y85.335 E3.25173
G1 X89.978 Y85.335 E3.27799
G1 X94.665 Y90.022 E3.59679
G1 X94.665 Y89.477 E3.623
G1 X90.523 Y85.335 E3.90473
G1 X91.068 Y85.335 E3.93094
G1 X94.665 Y88.932 E4.1756
G1 X94.665 Y88.386 E4.20186
G1 X91.614 Y85.335 E4.40939
G1 X92.159 Y85.335 E4.4356
G1 X94.665 Y87.841 E4.60606
G1 X94.818 Y87.403 E4.62837
;WIDTH:0.404381
G1 X94.799 Y87.474 E4.63149
G1 X94.87 Y87.455 E4.63461
G1 X94.859 Y87.414 E4.63641
;WIDTH:0.45
G1 X94.665 Y87.296 E4.64733
G1 X92.704 Y85.335 E4.78071
G1 X92.586 Y85.141 E4.79163
;WIDTH:0.404381
G1 X92.597 Y85.182 E4.79343
G1 X92.526 Y85.201 E4.79655
G1 X92.545 Y85.13 E4.79967
;WIDTH:0.45
G1 X93.25 Y85.335 E4.83498
G1 X94.665 Y85.335 E4.90304
G1 X94.665 Y86.75 E4.9711
G1 X93.386 Y85.472 E5.05806
G1 X94.236 Y85.696 F7800
;WIDTH:0.507539
G1 F3000
G1 X94.197 Y85.736 E5.06115
G1 X94.211 Y85.789 E5.06418
G1 X94.264 Y85.803 E5.06721
G1 X94.304 Y85.764 E5.0703
G1 X94.289 Y85.711 E5.07334
M106 S76.5
;LAYER_CHANGE
;Z:1.25
;HEIGHT:0.3
G1 E3.07334 F2400
G92 E0
G1 Z1.25 F7800
G1 X78.788 Y88.785
G1 E2 F2400
;TYPE:Perimeter
;WIDTH:0.45
G1 F3296
G1 X78.973 Y88.64 E2.01131
G1 X79.301 Y88.518 E2.02814
G1 X79.468 Y88.504 E2.0362
G1 X90.532 Y88.504 E2.56834
G1 X90.793 Y88.54 E2.58101
G1 X91.027 Y88.64 E2.59325
G1 X91.214 Y88.786 E2.60466
G1 X91.36 Y88.973 E2.61607
G1 X91.46 Y89.207 E2.62831
G1 X91.496 Y89.468 E2.64098
G1 X91.496 Y100.532 E3.17312
G1 X91.46 Y100.793 E3.18579
G1 X91.36 Y101.027 E3.19803
G1 X91.214 Y101.214 E3.20944
G1 X91.027 Y101.36 E3.22085
G1 X90.699 Y101.482 E3.23768
G1 X90.532 Y101.496 E3.24574
G1 X79.468 Y101.496 E3.77788
G1 X79.207 Y101.46 E3.79055
G1 X78.973 Y101.36 E3.80279
G1 X78.786 Y101.214 E3.8142
G1 X78.64 Y101.027 E3.82561
G1 X78.518 Y100.699 E3.84244
G1 X78.504 Y100.532 E3.8505
G1 X78.504 Y89.468 E4.38264
G1 X78.54 Y89.207 E4.39531
G1 X78.64 Y88.973 E4.40755
G1 X78.751 Y88.831 E4.41622
G1 X79.071 Y89.071 F7800
G1 F3296
G1 X79.171 Y88.971 E4.42302
G1 X79.468 Y88.889 E4.43784
G1 X90.532 Y88.889 E4.96998
G1 X90.829 Y88.971 E4.9848
G1 X91.029 Y89.171 E4.9984
G1 X91.111 Y89.468 E5.01322
G1 X91.111 Y100.532 E5.54536
G1 X91.029 Y100.829 E5.56018
G1 X90.829 Y101.029 E5.57378
G1 X90.532 Y101.111 E5.5886
G1 X79.468 Y101.111 E6.12074
G1 X79.171 Y101.029 E6.13556
G1 X78.971 Y100.829 E6.14916
G1 X78.889 Y100.532 E6.16398
G1 X78.889 Y89.468 E6.69612
G1 X78.971 Y89.171 E6.71094
G1 X79.029 Y89.114 E6.71485
G1 X79.338 Y89.329 F7800
;TYPE:External perimeter
G1 F1800
G1 X79.468 Y89.275 E6.72162
G1 X90.532 Y89.275 E7.25376
G1 X90.669 Y89.331 E7.26088
G1 X90.725 Y89.468 E7.268
G1 X90.725 Y100.532 E7.80014
G1 X90.669 Y100.669 E7.80726
G1 X90.532 Y100.725 E7.81438
G1 X79.468 Y100.725 E8.34652
G1 X79.331 Y100.669 E8.35364
G1 X79.275 Y100.532 E8.36076
G1 X79.275 Y89.468 E8.8929
G1 X79.311 Y89.38 E8.89747
G1 X79.699 Y89.282 F7800
G1 E6.89747 F2400
G92 E0
G1 X94.954 Y104.954 F7800
G1 E2 F2400
;TYPE:Perimeter
G1 F3296
G1 X75.046 Y104.954 E2.95751
G1 X75.046 Y85.046 E3.91502
G1 X94.954 Y85.046 E4.87253
G1 X94.954 Y87.237 E4.97791
G1 X94.954 Y104.894 E5.82715
G1 X95.339 Y105.339 F7800
G1 F3296
G1 X74.661 Y105.339 E6.82169
G1 X74.661 Y84.661 E7.81623
G1 X95.339 Y84.661 E8.81077
G1 X95.339 Y87.237 E8.93467
G1 X95.339 Y105.279 E9.80243
G1 X95.725 Y105.725 F7800
;TYPE:External perimeter
G1 F1800
G1 X74.275 Y105.725 E10.8341
G1 X74.275 Y84.275 E11.86577
G1 X95.725 Y84.275 E12.89744
G1 X95.725 Y87.237 E13.0399
G1 X95.725 Y105.665 E13.92622
G1 X95.329 Y105.724 F7800
G1 X94.055 Y104.838
;TYPE:Internal infill
;WIDTH:0.45
G1 F3296
G1 X94.665 Y104.229 E13.96768
G1 X94.665 Y103.681 E13.99404
G1 X93.681 Y104.665 E14.06097
G1 X93.133 Y104.665 E14.08733
G1 X94.665 Y103.133 E14.19153
G1 X94.665 Y102.586 E14.21784
G1 X92.586 Y104.665 E14.35925
G1 X92.038 Y104.665 E14.38561
G1 X94.665 Y102.038 E14.5643
G1 X94.665 Y101.491 E14.59061
G1 X91.491 Y104.665 E14.8065
G1 X90.943 Y104.665 E14.83286
G1 X94.665 Y100.943 E15.08603
G1 X94.665 Y100.395 E15.11239
G1 X90.395 Y104.665 E15.40283
G1 X89.848 Y104.665 E15.42914
G1 X94.665 Y99.848 E15.75679
G1 X94.665 Y99.3 E15.78315
G1 X89.3 Y104.665 E16.14807
G1 X88.752 Y104.665 E16.17443
G1 X94.665 Y98.752 E16.57663
G1 X94.665 Y98.205 E16.60294
G1 X88.205 Y104.665 E17.04234
G1 X87.657 Y104.665 E17.0687
G1 X90.536 Y101.785 E17.26456
G1 X89.989 Y101.785 E17.29087
G1 X87.109 Y104.665 E17.48676
G1 X86.562 Y104.665 E17.51307
G1 X89.441 Y101.785 E17.70893
G1 X88.893 Y101.785 E17.73529
G1 X86.014 Y104.665 E17.93115
G1 X85.467 Y104.665 E17.95746
G1 X88.346 Y101.785 E18.15332
G1 X87.798 Y101.785 E18.17968
G1 X84.919 Y104.665 E18.37554
G1 X84.371 Y104.665 E18.4019
G1 X87.25 Y101.785 E18.59776
G1 X86.703 Y101.785 E18.62407
G1 X83.824 Y104.665 E18.81993
G1 X83.276 Y104.665 E18.84629
G1 X86.155 Y101.785 E19.04215
G1 X85.608 Y101.785 E19.06846
G1 X82.728 Y104.665 E19.26435
G1 X82.181 Y104.665 E19.29066
G1 X85.06 Y101.785 E19.48652
G1 X84.512 Y101.785 E19.51288
G1 X81.633 Y104.665 E19.70874
G1 X81.086 Y104.665 E19.73505
G1 X83.965 Y101.785 E19.93091
G1 X83.417 Y101.785 E19.95727
G1 X80.538 Y104.665 E20.15313
G1 X79.99 Y104.665 E20.17949
G1 X82.869 Y101.785 E20.37535
G1 X82.322 Y101.785 E20.40166
G1 X79.443 Y104.665 E20.59752
G1 X78.895 Y104.665 E20.62388
G1 X81.774 Y101.785 E20.81974
G1 X81.226 Y101.785 E20.8461
G1 X78.347 Y104.665 E21.04196
G1 X77.8 Y104.665 E21.06827
G1 X80.679 Y101.785 E21.26413
G1 X80.131 Y101.785 E21.29049
G1 X77.252 Y104.665 E21.48635
G1 X76.704 Y104.665 E21.51271
G1 X79.584 Y101.785 E21.7086
G1 X79.096 Y101.726 E21.73224
G1 X76.157 Y104.665 E21.93215
G1 X75.609 Y104.665 E21.95851
G1 X78.735 Y101.539 E22.17114
G1 X78.461 Y101.265 E22.18978
G1 X75.335 Y104.391 E22.40241
G1 X75.335 Y103.843 E22.42877
G1 X78.274 Y100.904 E22.62868
G1 X78.215 Y100.416 E22.65232
G1 X75.335 Y103.295 E22.84818
G1 X75.335 Y102.748 E22.87449
G1 X78.215 Y99.869 E23.07035
G1 X78.215 Y99.321 E23.09671
G1 X75.335 Y102.2 E23.29257
G1 X75.335 Y101.653 E23.31888
G1 X78.215 Y98.773 E23.51477
G1 X78.215 Y98.226 E23.54108
G1 X75.335 Y101.105 E23.73694
G1 X75.335 Y100.557 E23.7633
G1 X78.215 Y97.678 E23.95916
G1 X78.215 Y97.131 E23.98547
G1 X75.335 Y100.01 E24.18133
G1 X75.335 Y99.462 E24.20769
G1 X78.215 Y96.583 E24.40355
G1 X78.215 Y96.035 E24.42991
G1 X75.335 Y98.914 E24.62577
G1 X75.335 Y98.367 E24.65208
G1 X78.215 Y95.488 E24.84794
G1 X78.215 Y94.94 E24.8743
G1 X75.335 Y97.819 E25.07016
G1 X75.335 Y97.272 E25.09647
G1 X78.215 Y94.392 E25.29236
G1 X78.215 Y93.845 E25.31867
G1 X75.335 Y96.724 E25.51453
G1 X75.335 Y96.176 E25.54089
G1 X78.215 Y93.297 E25.73675
G1 X78.215 Y92.75 E25.76306
G1 X75.335 Y95.629 E25.95892
G1 X75.335 Y95.081 E25.98528
G1 X78.215 Y92.202 E26.18114
G1 X78.215 Y91.654 E26.2075
G1 X75.335 Y94.533 E26.40336
G1 X75.335 Y93.986 E26.42967
G1 X78.215 Y91.107 E26.62553
G1 X78.215 Y90.559 E26.65189
G1 X75.335 Y93.438 E26.84775
G1 X75.335 Y92.89 E26.87411
G1 X78.215 Y90.011 E27.06997
G1 X78.215 Y89.464 E27.09628
G1 X75.335 Y92.343 E27.29214
G1 X75.335 Y91.795 E27.3185
G1 X81.795 Y85.335 E27.7579
G1 X82.343 Y85.335 E27.78426
G1 X79.464 Y88.215 E27.98012
G1 X80.011 Y88.215 E28.00643
G1 X82.89 Y85.335 E28.20229
G1 X83.438 Y85.335 E28.22865
G1 X80.559 Y88.215 E28.42451
G1 X81.107 Y88.215 E28.45087
G1 X83.986 Y85.335 E28.64673
G1 X84.533 Y85.335 E28.67304
G1 X81.654 Y88.215 E28.8689
G1 X82.202 Y88.215 E28.89526
G1 X85.081 Y85.335 E29.09112
G1 X85.629 Y85.335 E29.11748
G1 X82.75 Y88.215 E29.31334
G1 X83.297 Y88.215 E29.33965
G1 X86.176 Y85.335 E29.53551
G1 X86.724 Y85.335 E29.56187
G1 X83.845 Y88.215 E29.75773
G1 X84.392 Y88.215 E29.78404
G1 X87.272 Y85.335 E29.97993
G1 X87.819 Y85.335 E30.00624
G1 X84.94 Y88.215 E30.2021
G1 X85.488 Y88.215 E30.22846
G1 X88.367 Y85.335 E30.42432
G1 X88.914 Y85.335 E30.45063
G1 X86.035 Y88.215 E30.64649
G1 X86.583 Y88.215 E30.67285
G1 X89.462 Y85.335 E30.86871
G1 X90.01 Y85.335 E30.89507
G1 X87.131 Y88.215 E31.09093
G1 X87.678 Y88.215 E31.11724
G1 X90.557 Y85.335 E31.3131
G1 X91.105 Y85.335 E31.33946
G1 X88.226 Y88.215 E31.53532
G1 X88.773 Y88.215 E31.56163
G1 X91.653 Y85.335 E31.75752
G1 X92.2 Y85.335 E31.78383
G1 X89.321 Y88.215 E31.97969
G1 X89.869 Y88.215 E32.00605
G1 X92.748 Y85.335 E32.20191
G1 X93.295 Y85.335 E32.22822
G1 X90.416 Y88.215 E32.42408
G1 X90.904 Y88.274 E32.44772
G1 X93.843 Y85.335 E32.64763
G1 X94.391 Y85.335 E32.67399
G1 X91.265 Y88.461 E32.88662
G1 X91.539 Y88.735 E32.90526
G1 X94.665 Y85.609 E33.11789
G1 X94.665 Y86.157 E33.14425
G1 X91.726 Y89.096 E33.34416
G1 X91.785 Y89.584 E33.3678
G1 X94.665 Y86.704 E33.56369
G1 X94.665 Y87.252 E33.59005
G1 X91.785 Y90.131 E33.78591
G1 X91.785 Y90.679 E33.81227
G1 X94.665 Y87.8 E34.00813
G1 X94.665 Y88.347 E34.03444
G1 X91.785 Y91.226 E34.2303
G1 X91.785 Y91.774 E34.25666
G1 X94.665 Y88.895 E34.45252
G1 X94.665 Y89.443 E34.47888
G1 X91.785 Y92.322 E34.67474
G1 X91.785 Y92.869 E34.70105
G1 X94.665 Y89.99 E34.89691
G1 X94.665 Y90.538 E34.92327
G1 X91.785 Y93.417 E35.11913
G1 X91.785 Y93.965 E35.14549
G1 X94.665 Y91.086 E35.34135
G1 X94.665 Y91.633 E35.36766
G1 X91.785 Y94.512 E35.56352
G1 X91.785 Y95.06 E35.58988
G1 X94.665 Y92.181 E35.78574
G1 X94.665 Y92.728 E35.81205
G1 X91.785 Y95.608 E36.00794
G1 X91.785 Y96.155 E36.03425
G1 X94.665 Y93.276 E36.23011
G1 X94.665 Y93.824 E36.25647
G1 X91.785 Y96.703 E36.45233
G1 X91.785 Y97.25 E36.47864
G1 X94.665 Y94.371 E36.6745
G1 X94.665 Y94.919 E36.70086
G1 X91.785 Y97.798 E36.89672
G1 X91.785 Y98.346 E36.92308
G1 X94.665 Y95.467 E37.11894
G1 X94.665 Y96.014 E37.14525
G1 X91.785 Y98.893 E37.34111
G1 X91.785 Y99.441 E37.36747
G1 X94.665 Y96.562 E37.56333
G1 X94.665 Y97.109 E37.58964
G1 X91.785 Y99.989 E37.78553
G1 X91.785 Y100.536 E37.81184
G1 X94.838 Y97.484 E38.01947
G1 E36.01947 F2400
G92 E0
G1 X75.162 Y91.421 F7800
G1 E2 F2400
G1 F3296
G1 X81.248 Y85.335 E2.41396
G1 X80.7 Y85.335 E2.44032
G1 X75.335 Y90.7 E2.80524
G1 X75.335 Y90.152 E2.8316
G1 X80.152 Y85.335 E3.15925
G1 X79.605 Y85.335 E3.18556
G1 X75.335 Y89.605 E3.476
G1 X75.335 Y89.057 E3.50236
G1 X79.057 Y85.335 E3.75553
G1 X78.509 Y85.335 E3.78189
G1 X75.335 Y88.509 E3.99778
G1 X75.335 Y87.962 E4.02409
G1 X77.962 Y85.335 E4.20278
G1 X77.414 Y85.335 E4.22914
G1 X75.335 Y87.414 E4.37055
G1 X75.335 Y86.867 E4.39686
G1 X76.867 Y85.335 E4.50106
G1 X76.319 Y85.335 E4.52742
G1 X75.335 Y86.319 E4.59435
G1 X75.335 Y85.771 E4.62071
G1 X75.945 Y85.162 E4.66217
;LAYER_CHANGE
;Z:1.55
;HEIGHT:0.3
G1 E2.66217 F2400
G92 E0
G1 Z1.55 F7800
G1 X78.788 Y88.785
G1 E2 F2400
;TYPE:Perimeter
;WIDTH:0.45
G1 F3323
G1 X78.973 Y88.64 E2.01131
G1 X79.301 Y88.518 E2.02814
G1 X79.468 Y88.504 E2.0362
G1 X90.532 Y88.504 E2.56834
G1 X90.793 Y88.54 E2.58101
G1 X91.027 Y88.64 E2.59325
G1 X91.214 Y88.786 E2.60466
G1 X91.36 Y88.973 E2.61607
G1 X91.46 Y89.207 E2.62831
G1 X91.496 Y89.468 E2.64098
G1 X91.496 Y100.532 E3.17312
G1 X91.46 Y100.793 E3.18579
G1 X91.36 Y101.027 E3.19803
G1 X91.214 Y101.214 E3.20944
G1 X91.027 Y101.36 E3.22085
G1 X90.699 Y101.482 E3.23768
G1 X90.532 Y101.496 E3.24574
G1 X79.468 Y101.496 E3.77788
G1 X79.207 Y101.46 E3.79055
G1 X78.973 Y101.36 E3.80279
G1 X78.786 Y101.214 E3.8142
G1 X78.64 Y101.027 E3.82561
G1 X78.518 Y100.699 E3.84244
G1 X78.504 Y100.532 E3.8505
G1 X78.504 Y89.468 E4.38264
G1 X78.54 Y89.207 E4.39531
G1 X78.64 Y88.973 E4.40755
G1 X78.751 Y88.831 E4.41622
G1 X79.071 Y89.071 F7800
G1 F3323
G1 X79.171 Y88.971 E4.42302
G1 X79.468 Y88.889 E4.43784
G1 X90.532 Y88.889 E4.96998
G1 X90.829 Y88.971 E4.9848
G1 X91.029 Y89.171 E4.9984
G1 X91.111 Y89.468 E5.01322
G1 X91.111 Y100.532 E5.54536
G1 X91.029 Y100.829 E5.56018
G1 X90.829 Y101.029 E5.57378
G1 X90.532 Y101.111 E5.5886
G1 X79.468 Y101.111 E6.12074
G1 X79.171 Y101.029 E6.13556
G1 X78.971 Y100.829 E6.14916
G1 X78.889 Y100.532 E6.16398
G1 X78.889 Y89.468 E6.69612
G1 X78.971 Y89.171 E6.71094
G1 X79.029 Y89.114 E6.71485
G1 X79.338 Y89.329 F7800
;TYPE:External perimeter
G1 F1800
G1 X79.468 Y89.275 E6.72162
G1 X90.532 Y89.275 E7.25376
G1 X90.669 Y89.331 E7.26088
G1 X90.725 Y89.468 E7.268
G1 X90.725 Y100.532 E7.80014
G1 X90.669 Y100.669 E7.80726
G1 X90.532 Y100.725 E7.81438
G1 X79.468 Y100.725 E8.34652
G1 X79.331 Y100.669 E8.35364
G1 X79.275 Y100.532 E8.36076
G1 X79.275 Y89.468 E8.8929
G1 X79.311 Y89.38 E8.89747
G1 X79.699 Y89.282 F7800
G1 E6.89747 F2400
G92 E0
G1 X94.954 Y104.954 F7800
G1 E2 F2400
;TYPE:Perimeter
G1 F3323
G1 X75.046 Y104.954 E2.95751
G1 X75.046 Y85.046 E3.91502
G1 X94.954 Y85.046 E4.87253
G1 X94.954 Y87.237 E4.97791
G1 X94.954 Y104.894 E5.82715
G1 X95.339 Y105.339 F7800
G1 F3323
G1 X74.661 Y105.339 E6.82169
G1 X74.661 Y84.661 E7.81623
G1 X95.339 Y84.661 E8.81077
G1 X95.339 Y87.237 E8.93467
G1 X95.339 Y105.279 E9.80243
G1 X95.725 Y105.725 F7800
;TYPE:External perimeter
G1 F1800
G1 X74.275 Y105.725 E10.8341
G1 X74.275 Y84.275 E11.86577
G1 X95.725 Y84.275 E12.89744
G1 X95.725 Y87.237 E13.0399
G1 X95.725 Y105.665 E13.92622
G1 X95.329 Y105.724 F7800
G1 E11.92622 F2400
G92 E0
G1 X81.421 Y104.838 F7800
G1 E2 F2400
;TYPE:Internal infill
;WIDTH:0.45
G1 F3323
G1 X75.335 Y98.752 E2.41396
G1 X75.335 Y99.3 E2.44032
G1 X80.7 Y104.665 E2.80524
G1 X80.152 Y104.665 E2.8316
G1 X75.335 Y99.848 E3.15925
G1 X75.335 Y100.395 E3.18556
G1 X79.605 Y104.665 E3.476
G1 X79.057 Y104.665 E3.50236
G1 X75.335 Y100.943 E3.75553
G1 X75.335 Y101.491 E3.78189
G1 X78.509 Y104.665 E3.99778
G1 X77.962 Y104.665 E4.02409
G1 X75.335 Y102.038 E4.20278
G1 X75.335 Y102.586 E4.22914
G1 X77.414 Y104.665 E4.37055
G1 X76.867 Y104.665 E4.39686
G1 X75.335 Y103.133 E4.50106
G1 X75.335 Y103.681 E4.52742
G1 X76.319 Y104.665 E4.59435
G1 X75.771 Y104.665 E4.62071
G1 X75.162 Y104.055 E4.66217
G1 E2.66217 F2400
G92 E0
G1 X87.484 Y85.162 F7800
G1 E2 F2400
G1 F3323
G1 X90.536 Y88.215 E2.20763
G1 X89.989 Y88.215 E2.23394
G1 X87.109 Y85.335 E2.42983
G1 X86.562 Y85.335 E2.45614
G1 X89.441 Y88.215 E2.652
G1 X88.893 Y88.215 E2.67836
G1 X86.014 Y85.335 E2.87422
G1 X85.467 Y85.335 E2.90053
G1 X88.346 Y88.215 E3.09639
G1 X87.798 Y88.215 E3.12275
G1 X84.919 Y85.335 E3.31861
G1 X84.371 Y85.335 E3.34497
G1 X87.25 Y88.215 E3.54083
G1 X86.703 Y88.215 E3.56714
G1 X83.824 Y85.335 E3.763
G1 X83.276 Y85.335 E3.78936
G1 X86.155 Y88.215 E3.98522
G1 X85.608 Y88.215 E4.01153
G1 X82.728 Y85.335 E4.20742
G1 X82.181 Y85.335 E4.23373
G1 X85.06 Y88.215 E4.42959
G1 X84.512 Y88.215 E4.45595
G1 X81.633 Y85.335 E4.65181
G1 X81.086 Y85.335 E4.67812
G1 X83.965 Y88.215 E4.87398
G1 X83.417 Y88.215 E4.90034
G1 X80.538 Y85.335 E5.0962
G1 X79.99 Y85.335 E5.12256
G1 X82.869 Y88.215 E5.31842
G1 X82.322 Y88.215 E5.34473
G1 X79.443 Y85.335 E5.54059
G1 X78.895 Y85.335 E5.56695
G1 X81.774 Y88.215 E5.76281
G1 X81.226 Y88.215 E5.78917
G1 X78.347 Y85.335 E5.98503
G1 X77.8 Y85.335 E6.01134
G1 X80.679 Y88.215 E6.2072
G1 X80.131 Y88.215 E6.23356
G1 X77.252 Y85.335 E6.42942
G1 X76.704 Y85.335 E6.45578
G1 X79.584 Y88.215 E6.65167
G1 X79.096 Y88.274 E6.67531
G1 X76.157 Y85.335 E6.87522
G1 X75.609 Y85.335 E6.90158
G1 X78.735 Y88.461 E7.11421
G1 X78.461 Y88.735 E7.13285
G1 X75.335 Y85.609 E7.34548
G1 X75.335 Y86.157 E7.37184
G1 X78.274 Y89.096 E7.57175
G1 X78.215 Y89.584 E7.59539
G1 X75.335 Y86.705 E7.79125
G1 X75.335 Y87.252 E7.81756
G1 X78.215 Y90.131 E8.01342
G1 X78.215 Y90.679 E8.03978
G1 X75.335 Y87.8 E8.23564
G1 X75.335 Y88.347 E8.26195
G1 X78.215 Y91.227 E8.45784
G1 X78.215 Y91.774 E8.48415
G1 X75.335 Y88.895 E8.68001
G1 X75.335 Y89.443 E8.70637
G1 X78.215 Y92.322 E8.90223
G1 X78.215 Y92.869 E8.92854
G1 X75.335 Y89.99 E9.1244
G1 X75.335 Y90.538 E9.15076
G1 X78.215 Y93.417 E9.34662
G1 X78.215 Y93.965 E9.37298
G1 X75.335 Y91.086 E9.56884
G1 X75.335 Y91.633 E9.59515
G1 X78.215 Y94.512 E9.79101
G1 X78.215 Y95.06 E9.81737
G1 X75.335 Y92.181 E10.01323
G1 X75.335 Y92.729 E10.03959
G1 X78.215 Y95.608 E10.23545
G1 X78.215 Y96.155 E10.26176
G1 X75.335 Y93.276 E10.45762
G1 X75.335 Y93.824 E10.48398
G1 X78.215 Y96.703 E10.67984
G1 X78.215 Y97.25 E10.70615
G1 X75.335 Y94.371 E10.90201
G1 X75.335 Y94.919 E10.92837
G1 X78.215 Y97.798 E11.12423
G1 X78.215 Y98.346 E11.15059
G1 X75.335 Y95.467 E11.34645
G1 X75.335 Y96.014 E11.37276
G1 X78.215 Y98.893 E11.56862
G1 X78.215 Y99.441 E11.59498
G1 X75.335 Y96.562 E11.79084
G1 X75.335 Y97.11 E11.8172
G1 X78.215 Y99.989 E12.01306
G1 X78.215 Y100.536 E12.03937
G1 X75.335 Y97.657 E12.23523
G1 X75.335 Y98.205 E12.26159
G1 X81.795 Y104.665 E12.70099
G1 X82.343 Y104.665 E12.72735
G1 X79.464 Y101.785 E12.92321
G1 X80.011 Y101.785 E12.94952
G1 X82.89 Y104.665 E13.14538
G1 X83.438 Y104.665 E13.17174
G1 X80.559 Y101.785 E13.3676
G1 X81.107 Y101.785 E13.39396
G1 X83.986 Y104.665 E13.58982
G1 X84.533 Y104.665 E13.61613
G1 X81.654 Y101.785 E13.81199
G1 X82.202 Y101.785 E13.83835
G1 X85.081 Y104.665 E14.03421
G1 X85.629 Y104.665 E14.06057
G1 X82.75 Y101.785 E14.25643
G1 X83.297 Y101.785 E14.28274
G1 X86.176 Y104.665 E14.4786
G1 X86.724 Y104.665 E14.50496
G1 X83.845 Y101.785 E14.70082
G1 X84.392 Y101.785 E14.72713
G1 X87.272 Y104.665 E14.92302
G1 X87.819 Y104.665 E14.94933
G1 X84.94 Y101.785 E15.14519
G1 X85.488 Y101.785 E15.17155
G1 X88.367 Y104.665 E15.36741
G1 X88.914 Y104.665 E15.39372
G1 X86.035 Y101.785 E15.58958
G1 X86.583 Y101.785 E15.61594
G1 X89.462 Y104.665 E15.8118
G1 X90.01 Y104.665 E15.83816
G1 X87.131 Y101.785 E16.03402
G1 X87.678 Y101.785 E16.06033
G1 X90.557 Y104.665 E16.25619
G1 X91.105 Y104.665 E16.28255
G1 X88.226 Y101.785 E16.47841
G1 X88.773 Y101.785 E16.50472
G1 X91.653 Y104.665 E16.70061
G1 X92.2 Y104.665 E16.72692
G1 X89.321 Y101.785 E16.92278
G1 X89.869 Y101.785 E16.94914
G1 X92.748 Y104.665 E17.145
G1 X93.295 Y104.665 E17.17131
G1 X90.416 Y101.785 E17.36717
G1 X90.904 Y101.726 E17.39081
G1 X93.843 Y104.665 E17.59072
G1 X94.391 Y104.665 E17.61708
G1 X91.265 Y101.539 E17.82971
G1 X91.539 Y101.265 E17.84835
G1 X94.665 Y104.391 E18.06098
G1 X94.665 Y103.843 E18.08734
G1 X91.726 Y100.904 E18.28725
G1 X91.785 Y100.416 E18.31089
G1 X94.665 Y103.296 E18.50678
G1 X94.665 Y102.748 E18.53314
G1 X91.785 Y99.869 E18.729
G1 X91.785 Y99.321 E18.75536
G1 X94.665 Y102.2 E18.95122
G1 X94.665 Y101.653 E18.97753
G1 X91.785 Y98.774 E19.17339
G1 X91.785 Y98.226 E19.19975
G1 X94.665 Y101.105 E19.39561
G1 X94.665 Y100.557 E19.42197
G1 X91.785 Y97.678 E19.61783
G1 X91.785 Y97.131 E19.64414
G1 X94.665 Y100.01 E19.84
G1 X94.665 Y99.462 E19.86636
G1 X91.785 Y96.583 E20.06222
G1 X91.785 Y96.035 E20.08858
G1 X94.665 Y98.914 E20.28444
G1 X94.665 Y98.367 E20.31075
G1 X91.785 Y95.488 E20.50661
G1 X91.785 Y94.94 E20.53297
G1 X94.665 Y97.819 E20.72883
G1 X94.665 Y97.272 E20.75514
G1 X91.785 Y94.392 E20.95103
G1 X91.785 Y93.845 E20.97734
G1 X94.665 Y96.724 E21.1732
G1 X94.665 Y96.176 E21.19956
G1 X91.785 Y93.297 E21.39542
G1 X91.785 Y92.75 E21.42173
G1 X94.665 Y95.629 E21.61759
G1 X94.665 Y95.081 E21.64395
G1 X91.785 Y92.202 E21.83981
G1 X91.785 Y91.654 E21.86617
G1 X94.665 Y94.533 E22.06203
G1 X94.665 Y93.986 E22.08834
G1 X91.785 Y91.107 E22.2842
G1 X91.785 Y90.559 E22.31056
G1 X94.665 Y93.438 E22.50642
G1 X94.665 Y92.891 E22.53273
G1 X91.785 Y90.011 E22.72862
G1 X91.785 Y89.464 E22.75493
G1 X94.665 Y92.343 E22.95079
G1 X94.665 Y91.795 E22.97715
G1 X88.205 Y85.335 E23.41655
G1 X88.752 Y85.335 E23.44286
G1 X94.665 Y91.248 E23.84506
G1 X94.665 Y90.7 E23.87142
G1 X89.3 Y85.335 E24.23634
G1 X89.848 Y85.335 E24.2627
G1 X94.665 Y90.152 E24.59035
G1 X94.665 Y89.605 E24.61666
G1 X90.395 Y85.335 E24.9071
G1 X90.943 Y85.335 E24.93346
G1 X94.665 Y89.057 E25.18663
G1 X94.665 Y88.51 E25.21294
G1 X91.491 Y85.335 E25.42887
G1 X92.038 Y85.335 E25.45518
G1 X94.665 Y87.962 E25.63387
G1 X94.665 Y87.414 E25.66023
G1 X92.586 Y85.335 E25.80164
G1 X93.133 Y85.335 E25.82795
G1 X94.665 Y86.867 E25.93215
G1 X94.665 Y86.319 E25.95851
G1 X93.681 Y85.335 E26.02544
G1 X94.229 Y85.335 E26.0518
G1 X94.838 Y85.945 E26.09326
;LAYER_CHANGE
;Z:1.85
;HEIGHT:0.3
G1 E24.09326 F2400
G92 E0
G1 Z1.85 F7800
G1 X78.788 Y88.785
G1 E2 F2400
;TYPE:Perimeter
;WIDTH:0.45
G1 F3296
G1 X78.973 Y88.64 E2.01131
G1 X79.301 Y88.518 E2.02814
G1 X79.468 Y88.504 E2.0362
G1 X90.532 Y88.504 E2.56834
G1 X90.793 Y88.54 E2.58101
G1 X91.027 Y88.64 E2.59325
G1 X91.214 Y88.786 E2.60466
G1 X91.36 Y88.973 E2.61607
G1 X91.46 Y89.207 E2.62831
G1 X91.496 Y89.468 E2.64098
G1 X91.496 Y100.532 E3.17312
G1 X91.46 Y100.793 E3.18579
G1 X91.36 Y101.027 E3.19803
G1 X91.214 Y101.214 E3.20944
G1 X91.027 Y101.36 E3.22085
G1 X90.699 Y101.482 E3.23768
G1 X90.532 Y101.496 E3.24574
G1 X79.468 Y101.496 E3.77788
G1 X79.207 Y101.46 E3.79055
G1 X78.973 Y101.36 E3.80279
G1 X78.786 Y101.214 E3.8142
G1 X78.64 Y101.027 E3.82561
G1 X78.518 Y100.699 E3.84244
G1 X78.504 Y100.532 E3.8505
G1 X78.504 Y89.468 E4.38264
G1 X78.54 Y89.207 E4.39531
G1 X78.64 Y88.973 E4.40755
G1 X78.751 Y88.831 E4.41622
G1 X79.071 Y89.071 F7800
G1 F3296
G1 X79.171 Y88.971 E4.42302
G1 X79.468 Y88.889 E4.43784
G1 X90.532 Y88.889 E4.96998
G1 X90.829 Y88.971 E4.9848
G1 X91.029 Y89.171 E4.9984
G1 X91.111 Y89.468 E5.01322
G1 X91.111 Y100.532 E5.54536
G1 X91.029 Y100.829 E5.56018
G1 X90.829 Y101.029 E5.57378
G1 X90.532 Y101.111 E5.5886
G1 X79.468 Y101.111 E6.12074
G1 X79.171 Y101.029 E6.13556
G1 X78.971 Y100.829 E6.14916
G1 X78.889 Y100.532 E6.16398
G1 X78.889 Y89.468 E6.69612
G1 X78.971 Y89.171 E6.71094
G1 X79.029 Y89.114 E6.71485
G1 X79.338 Y89.329 F7800
;TYPE:External perimeter
G1 F1800
G1 X79.468 Y89.275 E6.72162
G1 X90.532 Y89.275 E7.25376
G1 X90.669 Y89.331 E7.26088
G1 X90.725 Y89.468 E7.268
G1 X90.725 Y100.532 E7.80014
G1 X90.669 Y100.669 E7.80726
G1 X90.532 Y100.725 E7.81438
G1 X79.468 Y100.725 E8.34652
G1 X79.331 Y100.669 E8.35364
G1 X79.275 Y100.532 E8.36076
G1 X79.275 Y89.468 E8.8929
G1 X79.311 Y89.38 E8.89747
G1 X79.699 Y89.282 F7800
G1 E6.89747 F2400
G92 E0
G1 X94.954 Y104.954 F7800
G1 E2 F2400
;TYPE:Perimeter
G1 F3296
G1 X75.046 Y104.954 E2.95751
G1 X75.046 Y85.046 E3.91502
G1 X94.954 Y85.046 E4.87253
G1 X94.954 Y87.237 E4.97791
G1 X94.954 Y104.894 E5.82715
G1 X95.339 Y105.339 F7800
G1 F3296
G1 X74.661 Y105.339 E6.82169
G1 X74.661 Y84.661 E7.81623
G1 X95.339 Y84.661 E8.81077
G1 X95.339 Y87.237 E8.93467
G1 X95.339 Y105.279 E9.80243
G1 X95.725 Y105.725 F7800
;TYPE:External perimeter
G1 F1800
G1 X74.275 Y105.725 E10.8341
G1 X74.275 Y84.275 E11.86577
G1 X95.725 Y84.275 E12.89744
G1 X95.725 Y87.237 E13.0399
G1 X95.725 Y105.665 E13.92622
G1 X95.329 Y105.724 F7800
G1 X94.055 Y104.838
;TYPE:Internal infill
;WIDTH:0.45
G1 F3296
G1 X94.665 Y104.229 E13.96768
G1 X94.665 Y103.681 E13.99404
G1 X93.681 Y104.665 E14.06097
G1 X93.133 Y104.665 E14.08733
G1 X94.665 Y103.133 E14.19153
G1 X94.665 Y102.586 E14.21784
G1 X92.586 Y104.665 E14.35925
G1 X92.038 Y104.665 E14.38561
G1 X94.665 Y102.038 E14.5643
G1 X94.665 Y101.491 E14.59061
G1 X91.491 Y104.665 E14.8065
G1 X90.943 Y104.665 E14.83286
G1 X94.665 Y100.943 E15.08603
G1 X94.665 Y100.395 E15.11239
G1 X90.395 Y104.665 E15.40283
G1 X89.848 Y104.665 E15.42914
G1 X94.665 Y99.848 E15.75679
G1 X94.665 Y99.3 E15.78315
G1 X89.3 Y104.665 E16.14807
G1 X88.752 Y104.665 E16.17443
G1 X94.665 Y98.752 E16.57663
G1 X94.665 Y98.205 E16.60294
G1 X88.205 Y104.665 E17.04234
G1 X87.657 Y104.665 E17.0687
G1 X90.536 Y101.785 E17.26456
G1 X89.989 Y101.785 E17.29087
G1 X87.109 Y104.665 E17.48676
G1 X86.562 Y104.665 E17.51307
G1 X89.441 Y101.785 E17.70893
G1 X88.893 Y101.785 E17.73529
G1 X86.014 Y104.665 E17.93115
G1 X85.467 Y104.665 E17.95746
G1 X88.346 Y101.785 E18.15332
G1 X87.798 Y101.785 E18.17968
G1 X84.919 Y104.665 E18.37554
G1 X84.371 Y104.665 E18.4019
G1 X87.25 Y101.785 E18.59776
G1 X86.703 Y101.785 E18.62407
G1 X83.824 Y104.665 E18.81993
G1 X83.276 Y104.665 E18.84629
G1 X86.155 Y101.785 E19.04215
G1 X85.608 Y101.785 E19.06846
G1 X82.728 Y104.665 E19.26435
G1 X82.181 Y104.665 E19.29066
G1 X85.06 Y101.785 E19.48652
G1 X84.512 Y101.785 E19.51288
G1 X81.633 Y104.665 E19.70874
G1 X81.086 Y104.665 E19.73505
G1 X83.965 Y101.785 E19.93091
G1 X83.417 Y101.785 E19.95727
G1 X80.538 Y104.665 E20.15313
G1 X79.99 Y104.665 E20.17949
G1 X82.869 Y101.785 E20.37535
G1 X82.322 Y101.785 E20.40166
G1 X79.443 Y104.665 E20.59752
G1 X78.895 Y104.665 E20.62388
G1 X81.774 Y101.785 E20.81974
G1 X81.226 Y101.785 E20.8461
G1 X78.347 Y104.665 E21.04196
G1 X77.8 Y104.665 E21.06827
G1 X80.679 Y101.785 E21.26413
G1 X80.131 Y101.785 E21.29049
G1 X77.252 Y104.665 E21.48635
G1 X76.704 Y104.665 E21.51271
G1 X79.584 Y101.785 E21.7086
G1 X79.096 Y101.726 E21.73224
G1 X76.157 Y104.665 E21.93215
G1 X75.609 Y104.665 E21.95851
G1 X78.735 Y101.539 E22.17114
G1 X78.461 Y101.265 E22.18978
G1 X75.335 Y104.391 E22.40241
G1 X75.335 Y103.843 E22.42877
G1 X78.274 Y100.904 E22.62868
G1 X78.215 Y100.416 E22.65232
G1 X75.335 Y103.295 E22.84818
G1 X75.335 Y102.748 E22.87449
G1 X78.215 Y99.869 E23.07035
G1 X78.215 Y99.321 E23.09671
G1 X75.335 Y102.2 E23.29257
G1 X75.335 Y101.653 E23.31888
G1 X78.215 Y98.773 E23.51477
G1 X78.215 Y98.226 E23.54108
G1 X75.335 Y101.105 E23.73694
G1 X75.335 Y100.557 E23.7633
G1 X78.215 Y97.678 E23.95916
G1 X78.215 Y97.131 E23.98547
G1 X75.335 Y100.01 E24.18133
G1 X75.335 Y99.462 E24.20769
G1 X78.215 Y96.583 E24.40355
G1 X78.215 Y96.035 E24.42991
G1 X75.335 Y98.914 E24.62577
G1 X75.335 Y98.367 E24.65208
G1 X78.215 Y95.488 E24.84794
G1 X78.215 Y94.94 E24.8743
G1 X75.335 Y97.819 E25.07016
G1 X75.335 Y97.272 E25.09647
G1 X78.215 Y94.392 E25.29236
G1 X78.215 Y93.845 E25.31867
G1 X75.335 Y96.724 E25.51453
G1 X75.335 Y96.176 E25.54089
G1 X78.215 Y93.297 E25.73675
G1 X78.215 Y92.75 E25.76306
G1 X75.335 Y95.629 E25.95892
G1 X75.335 Y95.081 E25.98528
G1 X78.215 Y92.202 E26.18114
G1 X78.215 Y91.654 E26.2075
G1 X75.335 Y94.533 E26.40336
G1 X75.335 Y93.986 E26.42967
G1 X78.215 Y91.107 E26.62553
G1 X78.215 Y90.559 E26.65189
G1 X75.335 Y93.438 E26.84775
G1 X75.335 Y92.89 E26.87411
G1 X78.215 Y90.011 E27.06997
G1 X78.215 Y89.464 E27.09628
G1 X75.335 Y92.343 E27.29214
G1 X75.335 Y91.795 E27.3185
G1 X81.795 Y85.335 E27.7579
G1 X82.343 Y85.335 E27.78426
G1 X79.464 Y88.215 E27.98012
G1 X80.011 Y88.215 E28.00643
G1 X82.89 Y85.335 E28.20229
G1 X83.438 Y85.335 E28.22865
G1 X80.559 Y88.215 E28.42451
G1 X81.107 Y88.215 E28.45087
G1 X83.986 Y85.335 E28.64673
G1 X84.533 Y85.335 E28.67304
G1 X81.654 Y88.215 E28.8689
G1 X82.202 Y88.215 E28.89526
G1 X85.081 Y85.335 E29.09112
G1 X85.629 Y85.335 E29.11748
G1 X82.75 Y88.215 E29.31334
G1 X83.297 Y88.215 E29.33965
G1 X86.176 Y85.335 E29.53551
G1 X86.724 Y85.335 E29.56187
G1 X83.845 Y88.215 E29.75773
G1 X84.392 Y88.215 E29.78404
G1 X87.272 Y85.335 E29.97993
G1 X87.819 Y85.335 E30.00624
G1 X84.94 Y88.215 E30.2021
G1 X85.488 Y88.215 E30.22846
G1 X88.367 Y85.335 E30.42432
G1 X88.914 Y85.335 E30.45063
G1 X86.035 Y88.215 E30.64649
G1 X86.583 Y88.215 E30.67285
G1 X89.462 Y85.335 E30.86871
G1 X90.01 Y85.335 E30.89507
G1 X87.131 Y88.215 E31.09093
G1 X87.678 Y88.215 E31.11724
G1 X90.557 Y85.335 E31.3131
G1 X91.105 Y85.335 E31.33946
G1 X88.226 Y88.215 E31.53532
G1 X88.773 Y88.215 E31.56163
G1 X91.653 Y85.335 E31.75752
G1 X92.2 Y85.335 E31.78383
G1 X89.321 Y88.215 E31.97969
G1 X89.869 Y88.215 E32.00605
G1 X92.748 Y85.335 E32.20191
G1 X93.295 Y85.335 E32.22822
G1 X90.416 Y88.215 E32.42408
G1 X90.904 Y88.274 E32.44772
G1 X93.843 Y85.335 E32.64763
G1 X94.391 Y85.335 E32.67399
G1 X91.265 Y88.461 E32.88662
G1 X91.539 Y88.735 E32.90526
G1 X94.665 Y85.609 E33.11789
G1 X94.665 Y86.157 E33.14425
G1 X91.726 Y89.096 E33.34416
G1 X91.785 Y89.584 E33.3678
G1 X94.665 Y86.704 E33.56369
G1 X94.665 Y87.252 E33.59005
G1 X91.785 Y90.131 E33.78591
G1 X91.785 Y90.679 E33.81227
G1 X94.665 Y87.8 E34.00813
G1 X94.665 Y88.347 E34.03444
G1 X91.785 Y91.226 E34.2303
G1 X91.785 Y91.774 E34.25666
G1 X94.665 Y88.895 E34.45252
G1 X94.665 Y89.443 E34.47888
G1 X91.785 Y92.322 E34.67474
G1 X91.785 Y92.869 E34.70105
G1 X94.665 Y89.99 E34.89691
G1 X94.665 Y90.538 E34.92327
G1 X91.785 Y93.417 E35.11913
G1 X91.785 Y93.965 E35.14549
G1 X94.665 Y91.086 E35.34135
G1 X94.665 Y91.633 E35.36766
G1 X91.785 Y94.512 E35.56352
G1 X91.785 Y95.06 E35.58988
G1 X94.665 Y92.181 E35.78574
G1 X94.665 Y92.728 E35.81205
G1 X91.785 Y95.608 E36.00794
G1 X91.785 Y96.155 E36.03425
G1 X94.665 Y93.276 E36.23011
G1 X94.665 Y93.824 E36.25647
G1 X91.785 Y96.703 E36.45233
G1 X91.785 Y97.25 E36.47864
G1 X94.665 Y94.371 E36.6745
G1 X94.665 Y94.919 E36.70086
G1 X91.785 Y97.798 E36.89672
G1 X91.785 Y98.346 E36.92308
G1 X94.665 Y95.467 E37.11894
G1 X94.665 Y96.014 E37.14525
G1 X91.785 Y98.893 E37.34111
G1 X91.785 Y99.441 E37.36747
G1 X94.665 Y96.562 E37.56333
G1 X94.665 Y97.109 E37.58964
G1 X91.785 Y99.989 E37.78553
G1 X91.785 Y100.536 E37.81184
G1 X94.838 Y97.484 E38.01947
G1 E36.01947 F2400
G92 E0
G1 X75.162 Y91.421 F7800
G1 E2 F2400
G1 F3296
G1 X81.248 Y85.335 E2.41396
G1 X80.7 Y85.335 E2.44032
G1 X75.335 Y90.7 E2.80524
G1 X75.335 Y90.152 E2.8316
G1 X80.152 Y85.335 E3.15925
G1 X79.605 Y85.335 E3.18556
G1 X75.335 Y89.605 E3.476
G1 X75.335 Y89.057 E3.50236
G1 X79.057 Y85.335 E3.75553
G1 X78.509 Y85.335 E3.78189
G1 X75.335 Y88.509 E3.99778
G1 X75.335 Y87.962 E4.02409
G1 X77.962 Y85.335 E4.20278
G1 X77.414 Y85.335 E4.22914
G1 X75.335 Y87.414 E4.37055
G1 X75.335 Y86.867 E4.39686
G1 X76.867 Y85.335 E4.50106
G1 X76.319 Y85.335 E4.52742
G1 X75.335 Y86.319 E4.59435
G1 X75.335 Y85.771 E4.62071
G1 X75.945 Y85.162 E4.66217
;LAYER_CHANGE
;Z:2.15
;HEIGHT:0.3
G1 E2.66217 F2400
G92 E0
G1 Z2.15 F7800
G1 X78.788 Y88.785
G1 E2 F2400
;TYPE:Perimeter
;WIDTH:0.45
G1 F3323
G1 X78.973 Y88.64 E2.01131
G1 X79.301 Y88.518 E2.02814
G1 X79.468 Y88.504 E2.0362
G1 X90.532 Y88.504 E2.56834
G1 X90.793 Y88.54 E2.58101
G1 X91.027 Y88.64 E2.59325
G1 X91.214 Y88.786 E2.60466
G1 X91.36 Y88.973 E2.61607
G1 X91.46 Y89.207 E2.62831
G1 X91.496 Y89.468 E2.64098
G1 X91.496 Y100.532 E3.17312
G1 X91.46 Y100.793 E3.18579
G1 X91.36 Y101.027 E3.19803
G1 X91.214 Y101.214 E3.20944
G1 X91.027 Y101.36 E3.22085
G1 X90.699 Y101.482 E3.23768
G1 X90.532 Y101.496 E3.24574
G1 X79.468 Y101.496 E3.77788
G1 X79.207 Y101.46 E3.79055
G1 X78.973 Y101.36 E3.80279
G1 X78.786 Y101.214 E3.8142
G1 X78.64 Y101.027 E3.82561
G1 X78.518 Y100.699 E3.84244
G1 X78.504 Y100.532 E3.8505
G1 X78.504 Y89.468 E4.38264
G1 X78.54 Y89.207 E4.39531
G1 X78.64 Y88.973 E4.40755
G1 X78.751 Y88.831 E4.41622
G1 X79.071 Y89.071 F7800
G1 F3323
G1 X79.171 Y88.971 E4.42302
G1 X79.468 Y88.889 E4.43784
G1 X90.532 Y88.889 E4.96998
G1 X90.829 Y88.971 E4.9848
G1 X91.029 Y89.171 E4.9984
G1 X91.111 Y89.468 E5.01322
G1 X91.111 Y100.532 E5.54536
G1 X91.029 Y100.829 E5.56018
G1 X90.829 Y101.029 E5.57378
G1 X90.532 Y101.111 E5.5886
G1 X79.468 Y101.111 E6.12074
G1 X79.171 Y101.029 E6.13556
G1 X78.971 Y100.829 E6.14916
G1 X78.889 Y100.532 E6.16398
G1 X78.889 Y89.468 E6.69612
G1 X78.971 Y89.171 E6.71094
G1 X79.029 Y89.114 E6.71485
G1 X79.338 Y89.329 F7800
;TYPE:External perimeter
G1 F1800
G1 X79.468 Y89.275 E6.72162
G1 X90.532 Y89.275 E7.25376
G1 X90.669 Y89.331 E7.26088
G1 X90.725 Y89.468 E7.268
G1 X90.725 Y100.532 E7.80014
G1 X90.669 Y100.669 E7.80726
G1 X90.532 Y100.725 E7.81438
G1 X79.468 Y100.725 E8.34652
G1 X79.331 Y100.669 E8.35364
G1 X79.275 Y100.532 E8.36076
G1 X79.275 Y89.468 E8.8929
G1 X79.311 Y89.38 E8.89747
G1 X79.699 Y89.282 F7800
G1 E6.89747 F2400
G92 E0
G1 X94.954 Y104.954 F7800
G1 E2 F2400
;TYPE:Perimeter
G1 F3323
G1 X75.046 Y104.954 E2.95751
G1 X75.046 Y85.046 E3.91502
G1 X94.954 Y85.046 E4.87253
G1 X94.954 Y87.237 E4.97791
G1 X94.954 Y104.894 E5.82715
G1 X95.339 Y105.339 F7800
G1 F3323
G1 X74.661 Y105.339 E6.82169
G1 X74.661 Y84.661 E7.81623
G1 X95.339 Y84.661 E8.81077
G1 X95.339 Y87.237 E8.93467
G1 X95.339 Y105.279 E9.80243
G1 X95.725 Y105.725 F7800
;TYPE:External perimeter
G1 F1800
G1 X74.275 Y105.725 E10.8341
G1 X74.275 Y84.275 E11.86577
G1 X95.725 Y84.275 E12.89744
G1 X95.725 Y87.237 E13.0399
G1 X95.725 Y105.665 E13.92622
G1 X95.329 Y105.724 F7800
G1 E11.92622 F2400
G92 E0
G1 X81.421 Y104.838 F7800
G1 E2 F2400
;TYPE:Internal infill
;WIDTH:0.45
G1 F3323
G1 X75.335 Y98.752 E2.41396
G1 X75.335 Y99.3 E2.44032
G1 X80.7 Y104.665 E2.80524
G1 X80.152 Y104.665 E2.8316
G1 X75.335 Y99.848 E3.15925
G1 X75.335 Y100.395 E3.18556
G1 X79.605 Y104.665 E3.476
G1 X79.057 Y104.665 E3.50236
G1 X75.335 Y100.943 E3.75553
G1 X75.335 Y101.491 E3.78189
G1 X78.509 Y104.665 E3.99778
G1 X77.962 Y104.665 E4.02409
G1 X75.335 Y102.038 E4.20278
G1 X75.335 Y102.586 E4.22914
G1 X77.414 Y104.665 E4.37055
G1 X76.867 Y104.665 E4.39686
G1 X75.335 Y103.133 E4.50106
G1 X75.335 Y103.681 E4.52742
G1 X76.319 Y104.665 E4.59435
G1 X75.771 Y104.665 E4.62071
G1 X75.162 Y104.055 E4.66217
G1 E2.66217 F2400
G92 E0
G1 X87.484 Y85.162 F7800
G1 E2 F2400
G1 F3323
G1 X90.536 Y88.215 E2.20763
G1 X89.989 Y88.215 E2.23394
G1 X87.109 Y85.335 E2.42983
G1 X86.562 Y85.335 E2.45614
G1 X89.441 Y88.215 E2.652
G1 X88.893 Y88.215 E2.67836
G1 X86.014 Y85.335 E2.87422
G1 X85.467 Y85.335 E2.90053
G1 X88.346 Y88.215 E3.09639
G1 X87.798 Y88.215 E3.12275
G1 X84.919 Y85.335 E3.31861
G1 X84.371 Y85.335 E3.34497
G1 X87.25 Y88.215 E3.54083
G1 X86.703 Y88.215 E3.56714
G1 X83.824 Y85.335 E3.763
G1 X83.276 Y85.335 E3.78936
G1 X86.155 Y88.215 E3.98522
G1 X85.608 Y88.215 E4.01153
G1 X82.728 Y85.335 E4.20742
G1 X82.181 Y85.335 E4.23373
G1 X85.06 Y88.215 E4.42959
G1 X84.512 Y88.215 E4.45595
G1 X81.633 Y85.335 E4.65181
G1 X81.086 Y85.335 E4.67812
G1 X83.965 Y88.215 E4.87398
G1 X83.417 Y88.215 E4.90034
G1 X80.538 Y85.335 E5.0962
G1 X79.99 Y85.335 E5.12256
G1 X82.869 Y88.215 E5.31842
G1 X82.322 Y88.215 E5.34473
G1 X79.443 Y85.335 E5.54059
G1 X78.895 Y85.335 E5.56695
G1 X81.774 Y88.215 E5.76281
G1 X81.226 Y88.215 E5.78917
G1 X78.347 Y85.335 E5.98503
G1 X77.8 Y85.335 E6.01134
G1 X80.679 Y88.215 E6.2072
G1 X80.131 Y88.215 E6.23356
G1 X77.252 Y85.335 E6.42942
G1 X76.704 Y85.335 E6.45578
G1 X79.584 Y88.215 E6.65167
G1 X79.096 Y88.274 E6.67531
G1 X76.157 Y85.335 E6.87522
G1 X75.609 Y85.335 E6.90158
G1 X78.735 Y88.461 E7.11421
G1 X78.461 Y88.735 E7.13285
G1 X75.335 Y85.609 E7.34548
G1 X75.335 Y86.157 E7.37184
G1 X78.274 Y89.096 E7.57175
G1 X78.215 Y89.584 E7.59539
G1 X75.335 Y86.705 E7.79125
G1 X75.335 Y87.252 E7.81756
G1 X78.215 Y90.131 E8.01342
G1 X78.215 Y90.679 E8.03978
G1 X75.335 Y87.8 E8.23564
G1 X75.335 Y88.347 E8.26195
G1 X78.215 Y91.227 E8.45784
G1 X78.215 Y91.774 E8.48415
G1 X75.335 Y88.895 E8.68001
G1 X75.335 Y89.443 E8.70637
G1 X78.215 Y92.322 E8.90223
G1 X78.215 Y92.869 E8.92854
G1 X75.335 Y89.99 E9.1244
G1 X75.335 Y90.538 E9.15076
G1 X78.215 Y93.417 E9.34662
G1 X78.215 Y93.965 E9.37298
G1 X75.335 Y91.086 E9.56884
G1 X75.335 Y91.633 E9.59515
G1 X78.215 Y94.512 E9.79101
G1 X78.215 Y95.06 E9.81737
G1 X75.335 Y92.181 E10.01323
G1 X75.335 Y92.729 E10.03959
G1 X78.215 Y95.608 E10.23545
G1 X78.215 Y96.155 E10.26176
G1 X75.335 Y93.276 E10.45762
G1 X75.335 Y93.824 E10.48398
G1 X78.215 Y96.703 E10.67984
G1 X78.215 Y97.25 E10.70615
G1 X75.335 Y94.371 E10.90201
G1 X75.335 Y94.919 E10.92837
G1 X78.215 Y97.798 E11.12423
G1 X78.215 Y98.346 E11.15059
G1 X75.335 Y95.467 E11.34645
G1 X75.335 Y96.014 E11.37276
G1 X78.215 Y98.893 E11.56862
G1 X78.215 Y99.441 E11.59498
G1 X75.335 Y96.562 E11.79084
G1 X75.335 Y97.11 E11.8172
G1 X78.215 Y99.989 E12.01306
G1 X78.215 Y100.536 E12.03937
G1 X75.335 Y97.657 E12.23523
G1 X75.335 Y98.205 E12.26159
G1 X81.795 Y104.665 E12.70099
G1 X82.343 Y104.665 E12.72735
G1 X79.464 Y101.785 E12.92321
G1 X80.011 Y101.785 E12.94952
G1 X82.89 Y104.665 E13.14538
G1 X83.438 Y104.665 E13.17174
G1 X80.559 Y101.785 E13.3676
G1 X81.107 Y101.785 E13.39396
G1 X83.986 Y104.665 E13.58982
G1 X84.533 Y104.665 E13.61613
G1 X81.654 Y101.785 E13.81199
G1 X82.202 Y101.785 E13.83835
G1 X85.081 Y104.665 E14.03421
G1 X85.629 Y104.665 E14.06057
G1 X82.75 Y101.785 E14.25643
G1 X83.297 Y101.785 E14.28274
G1 X86.176 Y104.665 E14.4786
G1 X86.724 Y104.665 E14.50496
G1 X83.845 Y101.785 E14.70082
G1 X84.392 Y101.785 E14.72713
G1 X87.272 Y104.665 E14.92302
G1 X87.819 Y104.665 E14.94933
G1 X84.94 Y101.785 E15.14519
G1 X85.488 Y101.785 E15.17155
G1 X88.367 Y104.665 E15.36741
G1 X88.914 Y104.665 E15.39372
G1 X86.035 Y101.785 E15.58958
G1 X86.583 Y101.785 E15.61594
G1 X89.462 Y104.665 E15.8118
G1 X90.01 Y104.665 E15.83816
G1 X87.131 Y101.785 E16.03402
G1 X87.678 Y101.785 E16.06033
G1 X90.557 Y104.665 E16.25619
G1 X91.105 Y104.665 E16.28255
G1 X88.226 Y101.785 E16.47841
G1 X88.773 Y101.785 E16.50472
G1 X91.653 Y104.665 E16.70061
G1 X92.2 Y104.665 E16.72692
G1 X89.321 Y101.785 E16.92278
G1 X89.869 Y101.785 E16.94914
G1 X92.748 Y104.665 E17.145
G1 X93.295 Y104.665 E17.17131
G1 X90.416 Y101.785 E17.36717
G1 X90.904 Y101.726 E17.39081
G1 X93.843 Y104.665 E17.59072
G1 X94.391 Y104.665 E17.61708
G1 X91.265 Y101.539 E17.82971
G1 X91.539 Y101.265 E17.84835
G1 X94.665 Y104.391 E18.06098
G1 X94.665 Y103.843 E18.08734
G1 X91.726 Y100.904 E18.28725
G1 X91.785 Y100.416 E18.31089
G1 X94.665 Y103.296 E18.50678
G1 X94.665 Y102.748 E18.53314
G1 X91.785 Y99.869 E18.729
G1 X91.785 Y99.321 E18.75536
G1 X94.665 Y102.2 E18.95122
G1 X94.665 Y101.653 E18.97753
G1 X91.785 Y98.774 E19.17339
G1 X91.785 Y98.226 E19.19975
G1 X94.665 Y101.105 E19.39561
G1 X94.665 Y100.557 E19.42197
G1 X91.785 Y97.678 E19.61783
G1 X91.785 Y97.131 E19.64414
G1 X94.665 Y100.01 E19.84
G1 X94.665 Y99.462 E19.86636
G1 X91.785 Y96.583 E20.06222
G1 X91.785 Y96.035 E20.08858
G1 X94.665 Y98.914 E20.28444
G1 X94.665 Y98.367 E20.31075
G1 X91.785 Y95.488 E20.50661
G1 X91.785 Y94.94 E20.53297
G1 X94.665 Y97.819 E20.72883
G1 X94.665 Y97.272 E20.75514
G1 X91.785 Y94.392 E20.95103
G1 X91.785 Y93.845 E20.97734
G1 X94.665 Y96.724 E21.1732
G1 X94.665 Y96.176 E21.19956
G1 X91.785 Y93.297 E21.39542
G1 X91.785 Y92.75 E21.42173
G1 X94.665 Y95.629 E21.61759
G1 X94.665 Y95.081 E21.64395
G1 X91.785 Y92.202 E21.83981
G1 X91.785 Y91.654 E21.86617
G1 X94.665 Y94.533 E22.06203
G1 X94.665 Y93.986 E22.08834
G1 X91.785 Y91.107 E22.2842
G1 X91.785 Y90.559 E22.31056
G1 X94.665 Y93.438 E22.50642
G1 X94.665 Y92.891 E22.53273
G1 X91.785 Y90.011 E22.72862
G1 X91.785 Y89.464 E22.75493
G1 X94.665 Y92.343 E22.95079
G1 X94.665 Y91.795 E22.97715
G1 X88.205 Y85.335 E23.41655
G1 X88.752 Y85.335 E23.44286
G1 X94.665 Y91.248 E23.84506
G1 X94.665 Y90.7 E23.87142
G1 X89.3 Y85.335 E24.23634
G1 X89.848 Y85.335 E24.2627
G1 X94.665 Y90.152 E24.59035
G1 X94.665 Y89.605 E24.61666
G1 X90.395 Y85.335 E24.9071
G1 X90.943 Y85.335 E24.93346
G1 X94.665 Y89.057 E25.18663
G1 X94.665 Y88.51 E25.21294
G1 X91.491 Y85.335 E25.42887
G1 X92.038 Y85.335 E25.45518
G1 X94.665 Y87.962 E25.63387
G1 X94.665 Y87.414 E25.66023
G1 X92.586 Y85.335 E25.80164
G1 X93.133 Y85.335 E25.82795
G1 X94.665 Y86.867 E25.93215
G1 X94.665 Y86.319 E25.95851
G1 X93.681 Y85.335 E26.02544
G1 X94.229 Y85.335 E26.0518
G1 X94.838 Y85.945 E26.09326
;LAYER_CHANGE
;Z:2.45
;HEIGHT:0.3
G1 E24.09326 F2400
G92 E0
G1 Z2.45 F7800
G1 X78.788 Y88.785
G1 E2 F2400
;TYPE:Perimeter
;WIDTH:0.45
G1 F3600
G1 X78.973 Y88.64 E2.01131
G1 X79.301 Y88.518 E2.02814
G1 X79.468 Y88.504 E2.0362
G1 X90.532 Y88.504 E2.56834
G1 X90.793 Y88.54 E2.58101
G1 X91.027 Y88.64 E2.59325
G1 X91.214 Y88.786 E2.60466
G1 X91.36 Y88.973 E2.61607
G1 X91.46 Y89.207 E2.62831
G1 X91.496 Y89.468 E2.64098
G1 X91.496 Y100.532 E3.17312
G1 X91.46 Y100.793 E3.18579
G1 X91.36 Y101.027 E3.19803
G1 X91.214 Y101.214 E3.20944
G1 X91.027 Y101.36 E3.22085
G1 X90.699 Y101.482 E3.23768
G1 X90.532 Y101.496 E3.24574
G1 X79.468 Y101.496 E3.77788
G1 X79.207 Y101.46 E3.79055
G1 X78.973 Y101.36 E3.80279
G1 X78.786 Y101.214 E3.8142
G1 X78.64 Y101.027 E3.82561
G1 X78.518 Y100.699 E3.84244
G1 X78.504 Y100.532 E3.8505
G1 X78.504 Y89.468 E4.38264
G1 X78.54 Y89.207 E4.39531
G1 X78.64 Y88.973 E4.40755
G1 X78.751 Y88.831 E4.41622
G1 X79.071 Y89.071 F7800
G1 F3600
G1 X79.171 Y88.971 E4.42302
G1 X79.468 Y88.889 E4.43784
G1 X90.532 Y88.889 E4.96998
G1 X90.829 Y88.971 E4.9848
G1 X91.029 Y89.171 E4.9984
G1 X91.111 Y89.468 E5.01322
G1 X91.111 Y100.532 E5.54536
G1 X91.029 Y100.829 E5.56018
G1 X90.829 Y101.029 E5.57378
G1 X90.532 Y101.111 E5.5886
G1 X79.468 Y101.111 E6.12074
G1 X79.171 Y101.029 E6.13556
G1 X78.971 Y100.829 E6.14916
G1 X78.889 Y100.532 E6.16398
G1 X78.889 Y89.468 E6.69612
G1 X78.971 Y89.171 E6.71094
G1 X79.029 Y89.114 E6.71485
G1 X79.338 Y89.329 F7800
;TYPE:External perimeter
G1 F1800
G1 X79.468 Y89.275 E6.72162
G1 X90.532 Y89.275 E7.25376
G1 X90.669 Y89.331 E7.26088
G1 X90.725 Y89.468 E7.268
G1 X90.725 Y100.532 E7.80014
G1 X90.669 Y100.669 E7.80726
G1 X90.532 Y100.725 E7.81438
G1 X79.468 Y100.725 E8.34652
G1 X79.331 Y100.669 E8.35364
G1 X79.275 Y100.532 E8.36076
G1 X79.275 Y89.468 E8.8929
G1 X79.311 Y89.38 E8.89747
G1 X79.699 Y89.282 F7800
G1 E6.89747 F2400
G92 E0
G1 X94.954 Y104.954 F7800
G1 E2 F2400
;TYPE:Perimeter
G1 F3600
G1 X75.046 Y104.954 E2.95751
G1 X75.046 Y85.046 E3.91502
G1 X94.954 Y85.046 E4.87253
G1 X94.954 Y87.237 E4.97791
G1 X94.954 Y104.894 E5.82715
G1 X95.339 Y105.339 F7800
G1 F3600
G1 X74.661 Y105.339 E6.82169
G1 X74.661 Y84.661 E7.81623
G1 X95.339 Y84.661 E8.81077
G1 X95.339 Y87.237 E8.93467
G1 X95.339 Y105.279 E9.80243
G1 X95.725 Y105.725 F7800
;TYPE:External perimeter
G1 F1800
G1 X74.275 Y105.725 E10.8341
G1 X74.275 Y84.275 E11.86577
G1 X95.725 Y84.275 E12.89744
G1 X95.725 Y87.237 E13.0399
G1 X95.725 Y105.665 E13.92622
G1 X95.329 Y105.724 F7800
G1 E11.92622 F2400
G92 E0
G1 X92.503 Y103.38 F7800
G1 E2 F2400
;TYPE:Internal infill
;WIDTH:0.45
G1 F3864
G1 X93.207 Y102.676 E2.04789
G1 X93.207 Y102.128 E2.07425
G1 X92.128 Y103.207 E2.14764
G1 X91.581 Y103.207 E2.17395
G1 X93.207 Y101.581 E2.28455
G1 X93.207 Y101.033 E2.31091
G1 X91.033 Y103.207 E2.45878
G1 X90.485 Y103.207 E2.48514
G1 X93.207 Y100.485 E2.67029
G1 X93.207 Y99.938 E2.6966
G1 X89.938 Y103.207 E2.91895
G1 X89.39 Y103.207 E2.94531
G1 X93.207 Y99.39 E3.20494
G1 X93.207 Y98.842 E3.2313
G1 X91.785 Y100.264 E3.32802
G1 X91.785 Y99.716 E3.35438
G1 X93.207 Y98.295 E3.45107
G1 X93.207 Y97.747 E3.47743
G1 X91.785 Y99.168 E3.57412
G1 X91.785 Y98.621 E3.60043
G1 X93.207 Y97.199 E3.69715
G1 X93.207 Y96.651 E3.72351
G1 X91.785 Y98.073 E3.82023
G1 X91.785 Y97.525 E3.84659
G1 X93.207 Y96.104 E3.94328
G1 X93.207 Y95.556 E3.96964
G1 X91.785 Y96.978 E4.06636
G1 X91.785 Y96.43 E4.09272
G1 X93.207 Y95.008 E4.18944
G1 X93.207 Y94.461 E4.21575
G1 X91.785 Y95.882 E4.31244
G1 X91.785 Y95.334 E4.3388
G1 X93.207 Y93.913 E4.43549
G1 X93.207 Y93.365 E4.46185
G1 X91.785 Y94.787 E4.55857
G1 X91.785 Y94.239 E4.58493
G1 X93.207 Y92.818 E4.68162
G1 X93.207 Y92.27 E4.70798
G1 X91.785 Y93.691 E4.80467
G1 X91.785 Y93.144 E4.83098
G1 X93.207 Y91.722 E4.9277
G1 X93.207 Y91.175 E4.95401
G1 X91.785 Y92.596 E5.0507
G1 X91.785 Y92.048 E5.07706
G1 X93.207 Y90.627 E5.17375
G1 X93.207 Y90.079 E5.20011
G1 X91.785 Y91.501 E5.29683
G1 X91.785 Y90.953 E5.32319
G1 X93.207 Y89.531 E5.41991
G1 X93.207 Y88.984 E5.44622
G1 X91.785 Y90.405 E5.54291
G1 X91.785 Y89.858 E5.56922
G1 X93.207 Y88.436 E5.66594
G1 X93.207 Y87.888 E5.6923
G1 X91.767 Y89.328 E5.79025
G1 X91.643 Y88.904 E5.8115
G1 X93.207 Y87.341 E5.91785
G1 X93.207 Y86.793 E5.94421
G1 X91.419 Y88.581 E6.06583
G1 X91.095 Y88.357 E6.08477
G1 X92.659 Y86.793 E6.19115
G1 X92.111 Y86.793 E6.21751
G1 X90.672 Y88.233 E6.31542
G1 X90.142 Y88.215 E6.34093
G1 X91.564 Y86.793 E6.43765
G1 X91.016 Y86.793 E6.46401
G1 X89.595 Y88.215 E6.5607
G1 X89.047 Y88.215 E6.58706
G1 X90.468 Y86.793 E6.68375
G1 X89.921 Y86.793 E6.71006
G1 X88.499 Y88.215 E6.80678
G1 X87.952 Y88.215 E6.83309
G1 X89.373 Y86.793 E6.92978
G1 X88.825 Y86.793 E6.95614
G1 X87.404 Y88.215 E7.05283
G1 X86.856 Y88.215 E7.07919
G1 X88.278 Y86.793 E7.17591
G1 X87.73 Y86.793 E7.20227
G1 X86.308 Y88.215 E7.29899
G1 X85.761 Y88.215 E7.3253
G1 X87.182 Y86.793 E7.42199
G1 X86.635 Y86.793 E7.4483
G1 X85.213 Y88.215 E7.54502
G1 X84.665 Y88.215 E7.57138
G1 X86.087 Y86.793 E7.6681
G1 X85.539 Y86.793 E7.69446
G1 X84.118 Y88.215 E7.79115
G1 X83.57 Y88.215 E7.81751
G1 X84.991 Y86.793 E7.9142
G1 X84.444 Y86.793 E7.94051
G1 X83.022 Y88.215 E8.03723
G1 X82.475 Y88.215 E8.06354
G1 X83.896 Y86.793 E8.16023
G1 X83.348 Y86.793 E8.18659
G1 X81.927 Y88.215 E8.28328
G1 X81.379 Y88.215 E8.30964
G1 X82.801 Y86.793 E8.40636
G1 X82.253 Y86.793 E8.43272
G1 X80.832 Y88.215 E8.52941
G1 X80.284 Y88.215 E8.55577
G1 X81.705 Y86.793 E8.65246
G1 X81.158 Y86.793 E8.67877
G1 X79.563 Y88.388 E8.78726
G1 X78.388 Y89.563 F7800
G1 F3864
G1 X76.793 Y91.158 E8.89575
G1 X76.793 Y91.705 E8.92206
G1 X78.215 Y90.284 E9.01875
G1 X78.215 Y90.832 E9.04511
G1 X76.793 Y92.253 E9.1418
G1 X76.793 Y92.801 E9.16816
G1 X78.215 Y91.379 E9.26488
G1 X78.215 Y91.927 E9.29124
G1 X76.793 Y93.348 E9.38793
G1 X76.793 Y93.896 E9.41429
G1 X78.215 Y92.475 E9.51098
G1 X78.215 Y93.022 E9.53729
G1 X76.793 Y94.444 E9.63401
G1 X76.793 Y94.991 E9.66032
G1 X78.215 Y93.57 E9.75701
G1 X78.215 Y94.118 E9.78337
G1 X76.793 Y95.539 E9.88006
G1 X76.793 Y96.087 E9.90642
G1 X78.215 Y94.665 E10.00314
G1 X78.215 Y95.213 E10.0295
G1 X76.793 Y96.635 E10.12622
G1 X76.793 Y97.182 E10.15253
G1 X78.215 Y95.761 E10.24922
G1 X78.215 Y96.308 E10.27553
G1 X76.793 Y97.73 E10.37225
G1 X76.793 Y98.278 E10.39861
G1 X78.215 Y96.856 E10.49533
G1 X78.215 Y97.404 E10.52169
G1 X76.793 Y98.825 E10.61838
G1 X76.793 Y99.373 E10.64474
G1 X78.215 Y97.952 E10.74143
G1 X78.215 Y98.499 E10.76774
G1 X76.793 Y99.921 E10.86446
G1 X76.793 Y100.468 E10.89077
G1 X78.215 Y99.047 E10.98746
G1 X78.215 Y99.595 E11.01382
G1 X76.793 Y101.016 E11.11051
G1 X76.793 Y101.564 E11.13687
G1 X78.215 Y100.142 E11.23359
G1 X78.233 Y100.672 E11.2591
G1 X76.793 Y102.111 E11.35701
G1 X76.793 Y102.659 E11.38337
G1 X78.357 Y101.095 E11.48975
G1 X78.581 Y101.419 E11.50869
G1 X76.793 Y103.207 E11.63031
G1 X77.341 Y103.207 E11.65667
G1 X78.904 Y101.643 E11.76302
G1 X79.328 Y101.767 E11.78427
G1 X77.888 Y103.207 E11.88222
G1 X78.436 Y103.207 E11.90858
G1 X79.858 Y101.785 E12.0053
G1 X80.405 Y101.785 E12.03161
G1 X78.984 Y103.207 E12.1283
G1 X79.531 Y103.207 E12.15461
G1 X80.953 Y101.785 E12.25133
G1 X81.501 Y101.785 E12.27769
G1 X80.079 Y103.207 E12.37441
G1 X80.627 Y103.207 E12.40077
G1 X82.048 Y101.785 E12.49746
G1 X82.596 Y101.785 E12.52382
G1 X81.175 Y103.207 E12.62051
G1 X81.722 Y103.207 E12.64682
G1 X83.144 Y101.785 E12.74354
G1 X83.691 Y101.785 E12.76985
G1 X82.27 Y103.207 E12.86654
G1 X82.818 Y103.207 E12.8929
G1 X84.239 Y101.785 E12.98959
G1 X84.787 Y101.785 E13.01595
G1 X83.365 Y103.207 E13.11267
G1 X83.913 Y103.207 E13.13903
G1 X85.334 Y101.785 E13.23572
G1 X85.882 Y101.785 E13.26208
G1 X84.461 Y103.207 E13.35877
G1 X85.008 Y103.207 E13.38508
G1 X86.43 Y101.785 E13.4818
G1 X86.978 Y101.785 E13.50816
G1 X85.556 Y103.207 E13.60488
G1 X86.104 Y103.207 E13.63124
G1 X87.525 Y101.785 E13.72793
G1 X88.073 Y101.785 E13.75429
G1 X86.651 Y103.207 E13.85101
G1 X87.199 Y103.207 E13.87737
G1 X88.621 Y101.785 E13.97409
G1 X89.168 Y101.785 E14.0004
G1 X87.747 Y103.207 E14.09709
G1 X88.295 Y103.207 E14.12345
G1 X89.716 Y101.785 E14.22014
G1 X90.264 Y101.785 E14.2465
G1 X88.669 Y103.38 E14.35499
G1 E12.35499 F2400
G92 E0
G1 X76.62 Y90.783 F7800
G1 E2 F2400
G1 F3864
G1 X80.61 Y86.793 E2.2714
G1 X80.062 Y86.793 E2.29776
G1 X76.793 Y90.062 E2.52011
G1 X76.793 Y89.515 E2.54642
G1 X79.515 Y86.793 E2.73157
G1 X78.967 Y86.793 E2.75793
G1 X76.793 Y88.967 E2.9058
G1 X76.793 Y88.419 E2.93216
G1 X78.419 Y86.793 E3.04276
G1 X77.871 Y86.793 E3.06912
G1 X76.793 Y87.871 E3.14244
G1 X76.793 Y87.324 E3.16875
G1 X77.497 Y86.62 E3.21664
G1 E1.21664 F2400
G92 E0
G1 X94.472 Y85.335 F7800
G1 E2 F2400
;TYPE:Solid infill
;WIDTH:0.45
G1 F3000
G1 X75.335 Y85.335 E2.92042
G1 X75.335 Y104.665 E3.85013
G1 X94.665 Y104.665 E4.77984
G1 X94.665 Y85.335 E5.70955
G1 X93.305 Y85.7 F7800
;WIDTH:0.445768
G1 F3000
G1 X93.535 Y85.719 E5.72053
;WIDTH:0.483976
G1 X93.764 Y85.738 E5.73256
;WIDTH:0.522184
G1 X93.994 Y85.757 E5.74574
;WIDTH:0.560392
G1 X94.224 Y85.776 E5.76002
G1 X94.238 Y86.091 E5.77953
;WIDTH:0.532604
G1 X94.258 Y86.293 E5.79138
;WIDTH:0.490923
G1 X94.279 Y86.494 E5.80213
;WIDTH:0.449242
G1 X94.3 Y86.695 E5.81183
;WIDTH:0.407562
G1 X94.3 Y103.305 E6.52279
;WIDTH:0.44577
G1 X94.281 Y103.535 E6.53377
;WIDTH:0.483978
G1 X94.262 Y103.764 E6.5458
;WIDTH:0.522186
G1 X94.243 Y103.994 E6.55898
;WIDTH:0.560394
G1 X94.224 Y104.224 E6.57326
G1 X93.909 Y104.238 E6.59277
;WIDTH:0.532605
G1 X93.707 Y104.258 E6.60462
;WIDTH:0.490924
G1 X93.506 Y104.279 E6.61537
;WIDTH:0.449243
G1 X93.305 Y104.3 E6.62507
;WIDTH:0.407562
G1 X76.695 Y104.3 E7.33603
;WIDTH:0.445769
G1 X76.465 Y104.281 E7.34701
;WIDTH:0.483977
G1 X76.236 Y104.262 E7.35904
;WIDTH:0.522184
G1 X76.006 Y104.243 E7.37222
;WIDTH:0.560392
G1 X75.776 Y104.224 E7.3865
G1 X75.762 Y103.909 E7.40601
;WIDTH:0.532603
G1 X75.742 Y103.707 E7.41786
;WIDTH:0.490922
G1 X75.721 Y103.506 E7.42861
;WIDTH:0.449241
G1 X75.7 Y103.305 E7.43831
;WIDTH:0.407562
G1 X75.7 Y86.695 E8.14927
;WIDTH:0.44577
G1 X75.719 Y86.465 E8.16025
;WIDTH:0.483978
G1 X75.738 Y86.236 E8.17228
;WIDTH:0.522186
G1 X75.757 Y86.006 E8.18546
;WIDTH:0.560394
G1 X75.776 Y85.776 E8.19974
G1 X76.091 Y85.762 E8.21925
;WIDTH:0.532604
G1 X76.293 Y85.742 E8.2311
;WIDTH:0.490923
G1 X76.494 Y85.721 E8.24185
;WIDTH:0.449242
G1 X76.695 Y85.7 E8.25155
;WIDTH:0.407561
G1 X93.112 Y85.7 E8.95425
G1 X93.112 Y86.043 E8.96893
G1 X76.695 Y86.043 E9.67163
;WIDTH:0.413083
G1 X76.598 Y86.049 E9.67586
;WIDTH:0.462186
G1 X76.465 Y86.099 E9.68291
;WIDTH:0.51129
G1 X76.333 Y86.149 E9.69078
;WIDTH:0.560394
G1 X76.2 Y86.2 E9.69959
G1 X76.16 Y86.324 E9.70765
;WIDTH:0.522186
G1 X76.121 Y86.447 E9.71502
;WIDTH:0.483978
G1 X76.082 Y86.571 E9.72182
;WIDTH:0.44577
G1 X76.043 Y86.695 E9.728
;WIDTH:0.407562
G1 X76.043 Y103.305 E10.43896
;WIDTH:0.413083
G1 X76.049 Y103.402 E10.44319
;WIDTH:0.462186
G1 X76.099 Y103.535 E10.45024
;WIDTH:0.511289
G1 X76.149 Y103.667 E10.45811
;WIDTH:0.560392
G1 X76.2 Y103.8 E10.46692
G1 X76.324 Y103.84 E10.47498
;WIDTH:0.522184
G1 X76.447 Y103.879 E10.48235
;WIDTH:0.483977
G1 X76.571 Y103.918 E10.48915
;WIDTH:0.445769
G1 X76.695 Y103.957 E10.49533
;WIDTH:0.407562
G1 X93.305 Y103.957 E11.20629
;WIDTH:0.413084
G1 X93.402 Y103.951 E11.21052
;WIDTH:0.462187
G1 X93.535 Y103.901 E11.21757
;WIDTH:0.51129
G1 X93.667 Y103.851 E11.22544
;WIDTH:0.560394
G1 X93.8 Y103.8 E11.23425
G1 X93.84 Y103.676 E11.24231
;WIDTH:0.522186
G1 X93.879 Y103.553 E11.24968
;WIDTH:0.483978
G1 X93.918 Y103.429 E11.25648
;WIDTH:0.44577
G1 X93.957 Y103.305 E11.26266
;WIDTH:0.407562
G1 X93.957 Y86.695 E11.97362
;WIDTH:0.413083
G1 X93.951 Y86.598 E11.97785
;WIDTH:0.462186
G1 X93.901 Y86.465 E11.9849
;WIDTH:0.511289
G1 X93.851 Y86.333 E11.99277
;WIDTH:0.560392
G1 X93.8 Y86.2 E12.00158
G1 X93.676 Y86.16 E12.00964
;WIDTH:0.522184
G1 X93.553 Y86.121 E12.01701
;WIDTH:0.483976
G1 X93.429 Y86.082 E12.02381
;WIDTH:0.445768
G1 X93.305 Y86.043 E12.02999
;WIDTH:0.45
G1 X93.305 Y86.407 E12.0475
G1 X93.489 Y86.511 E12.05767
G1 X93.593 Y86.695 E12.06784
G1 X93.593 Y103.305 E12.86672
G1 X93.489 Y103.489 E12.87689
G1 X93.338 Y103.59 E12.88563
G1 X93.305 Y103.593 E12.88722
G1 X76.695 Y103.593 E13.6861
G1 X76.511 Y103.489 E13.69627
G1 X76.407 Y103.305 E13.70644
G1 X76.407 Y86.695 E14.50532
G1 X76.511 Y86.511 E14.51549
G1 X76.695 Y86.407 E14.52566
G1 X93.112 Y86.407 E15.31526
;LAYER_CHANGE
;Z:2.75
;HEIGHT:0.3
G1 E13.31526 F2400
G92 E0
G1 Z2.75 F7800
G1 X78.788 Y88.785
G1 E2 F2400
;TYPE:Perimeter
G1 F3600
G1 X78.973 Y88.64 E2.01131
G1 X79.301 Y88.518 E2.02814
G1 X79.468 Y88.504 E2.0362
G1 X90.532 Y88.504 E2.56834
G1 X90.793 Y88.54 E2.58101
G1 X91.027 Y88.64 E2.59325
G1 X91.214 Y88.786 E2.60466
G1 X91.36 Y88.973 E2.61607
G1 X91.46 Y89.207 E2.62831
G1 X91.496 Y89.468 E2.64098
G1 X91.496 Y100.532 E3.17312
G1 X91.46 Y100.793 E3.18579
G1 X91.36 Y101.027 E3.19803
G1 X91.214 Y101.214 E3.20944
G1 X91.027 Y101.36 E3.22085
G1 X90.699 Y101.482 E3.23768
G1 X90.532 Y101.496 E3.24574
G1 X79.468 Y101.496 E3.77788
G1 X79.207 Y101.46 E3.79055
G1 X78.973 Y101.36 E3.80279
G1 X78.786 Y101.214 E3.8142
G1 X78.64 Y101.027 E3.82561
G1 X78.518 Y100.699 E3.84244
G1 X78.504 Y100.532 E3.8505
G1 X78.504 Y89.468 E4.38264
G1 X78.54 Y89.207 E4.39531
G1 X78.64 Y88.973 E4.40755
G1 X78.751 Y88.831 E4.41622
G1 X79.071 Y89.071 F7800
G1 F3600
G1 X79.171 Y88.971 E4.42302
G1 X79.468 Y88.889 E4.43784
G1 X90.532 Y88.889 E4.96998
G1 X90.829 Y88.971 E4.9848
G1 X91.029 Y89.171 E4.9984
G1 X91.111 Y89.468 E5.01322
G1 X91.111 Y100.532 E5.54536
G1 X91.029 Y100.829 E5.56018
G1 X90.829 Y101.029 E5.57378
G1 X90.532 Y101.111 E5.5886
G1 X79.468 Y101.111 E6.12074
G1 X79.171 Y101.029 E6.13556
G1 X78.971 Y100.829 E6.14916
G1 X78.889 Y100.532 E6.16398
G1 X78.889 Y89.468 E6.69612
G1 X78.971 Y89.171 E6.71094
G1 X79.029 Y89.114 E6.71485
G1 X79.338 Y89.329 F7800
;TYPE:External perimeter
G1 F1800
G1 X79.468 Y89.275 E6.72162
G1 X90.532 Y89.275 E7.25376
G1 X90.669 Y89.331 E7.26088
G1 X90.725 Y89.468 E7.268
G1 X90.725 Y100.532 E7.80014
G1 X90.669 Y100.669 E7.80726
G1 X90.532 Y100.725 E7.81438
G1 X79.468 Y100.725 E8.34652
G1 X79.331 Y100.669 E8.35364
G1 X79.275 Y100.532 E8.36076
G1 X79.275 Y89.468 E8.8929
G1 X79.311 Y89.38 E8.89747
G1 X79.699 Y89.282 F7800
G1 E6.89747 F2400
G92 E0
G1 X94.954 Y104.954 F7800
G1 E2 F2400
;TYPE:Perimeter
G1 F3600
G1 X75.046 Y104.954 E2.95751
G1 X75.046 Y85.046 E3.91502
G1 X94.954 Y85.046 E4.87253
G1 X94.954 Y87.237 E4.97791
G1 X94.954 Y104.894 E5.82715
G1 X95.339 Y105.339 F7800
G1 F3600
G1 X74.661 Y105.339 E6.82169
G1 X74.661 Y84.661 E7.81623
G1 X95.339 Y84.661 E8.81077
G1 X95.339 Y87.237 E8.93467
G1 X95.339 Y105.279 E9.80243
G1 X95.725 Y105.725 F7800
;TYPE:External perimeter
G1 F1800
G1 X74.275 Y105.725 E10.8341
G1 X74.275 Y84.275 E11.86577
G1 X95.725 Y84.275 E12.89744
G1 X95.725 Y87.237 E13.0399
G1 X95.725 Y105.665 E13.92622
G1 X95.329 Y105.724 F7800
G1 E11.92622 F2400
G92 E0
G1 X92.307 Y90.221 F7800
G1 E2 F2400
;TYPE:Internal infill
;WIDTH:0.45
G1 F4200
G1 X91.785 Y89.7 E2.03547
G1 X91.785 Y90.249 E2.06188
G1 X92.134 Y90.597 E2.08558
G1 X92.134 Y91.147 E2.11203
G1 X91.785 Y90.798 E2.13577
G1 X91.785 Y91.348 E2.16222
G1 X92.134 Y91.696 E2.18592
G1 X92.134 Y92.245 E2.21233
G1 X91.785 Y91.897 E2.23603
G1 X91.785 Y92.446 E2.26244
G1 X92.134 Y92.795 E2.28618
G1 X92.134 Y93.344 E2.31259
G1 X91.785 Y92.996 E2.33629
G1 X91.785 Y93.545 E2.3627
G1 X92.134 Y93.893 E2.3864
G1 X92.134 Y94.443 E2.41285
G1 X91.785 Y94.095 E2.43655
G1 X91.785 Y94.644 E2.46296
G1 X92.134 Y94.992 E2.48666
G1 X92.134 Y95.541 E2.51307
G1 X91.785 Y95.193 E2.53677
G1 X91.785 Y95.743 E2.56322
G1 X92.134 Y96.091 E2.58692
G1 X92.134 Y96.64 E2.61333
G1 X91.785 Y96.292 E2.63703
G1 X91.785 Y96.841 E2.66344
G1 X92.134 Y97.189 E2.68714
G1 X92.134 Y97.739 E2.71359
G1 X91.785 Y97.391 E2.73729
G1 X91.785 Y97.94 E2.7637
G1 X92.134 Y98.288 E2.7874
G1 X92.134 Y98.837 E2.81381
G1 X91.785 Y98.489 E2.83751
G1 X91.785 Y99.039 E2.86396
G1 X92.134 Y99.387 E2.88766
G1 X92.134 Y99.936 E2.91407
G1 X91.785 Y99.588 E2.93777
G1 X91.785 Y100.137 E2.96418
G1 X92.134 Y100.486 E2.98792
G1 X92.134 Y101.035 E3.01433
G1 X91.768 Y100.669 E3.03922
G1 X91.644 Y101.094 E3.06051
G1 X92.134 Y101.584 E3.09384
G1 X92.134 Y102.134 E3.12029
G1 X91.419 Y101.419 E3.16892
G1 X91.094 Y101.644 E3.18793
G1 X91.584 Y102.134 E3.22126
G1 X91.035 Y102.134 E3.24767
G1 X90.669 Y101.768 E3.27256
G1 X90.137 Y101.785 E3.29816
G1 X90.485 Y102.134 E3.32186
G1 X89.936 Y102.134 E3.34827
G1 X89.588 Y101.785 E3.37197
G1 X89.039 Y101.785 E3.39838
G1 X89.387 Y102.134 E3.42208
G1 X88.837 Y102.134 E3.44853
G1 X88.489 Y101.785 E3.47223
G1 X87.94 Y101.785 E3.49864
G1 X88.288 Y102.134 E3.52234
G1 X87.739 Y102.134 E3.54875
G1 X87.391 Y101.785 E3.57245
G1 X86.841 Y101.785 E3.5989
G1 X87.189 Y102.134 E3.6226
G1 X86.64 Y102.134 E3.64901
G1 X86.292 Y101.785 E3.67271
G1 X85.743 Y101.785 E3.69912
G1 X86.091 Y102.134 E3.72282
G1 X85.541 Y102.134 E3.74927
G1 X85.193 Y101.785 E3.77297
G1 X84.644 Y101.785 E3.79938
G1 X84.992 Y102.134 E3.82308
G1 X84.443 Y102.134 E3.84949
G1 X84.094 Y101.785 E3.87323
G1 X83.545 Y101.785 E3.89964
G1 X83.893 Y102.134 E3.92334
G1 X83.344 Y102.134 E3.94975
G1 X82.996 Y101.785 E3.97345
G1 X82.446 Y101.785 E3.9999
G1 X82.795 Y102.134 E4.02364
G1 X82.245 Y102.134 E4.05009
G1 X81.897 Y101.785 E4.07379
G1 X81.348 Y101.785 E4.1002
G1 X81.696 Y102.134 E4.1239
G1 X81.146 Y102.134 E4.15035
G1 X80.798 Y101.785 E4.17405
G1 X80.249 Y101.785 E4.20046
G1 X80.597 Y102.134 E4.22416
G1 X80.048 Y102.134 E4.25057
G1 X79.526 Y101.612 E4.28608
G1 X79.672 Y102.307 F7800
G1 F4200
G1 X77.866 Y100.502 E4.40889
G1 X77.866 Y101.051 E4.4353
G1 X78.949 Y102.134 E4.50896
G1 X78.4 Y102.134 E4.53537
G1 X77.693 Y101.427 E4.58346
G1 X78.388 Y100.474 F7800
G1 F4200
G1 X77.866 Y99.952 E4.61897
G1 X77.866 Y99.403 E4.64538
G1 X78.215 Y99.751 E4.66908
G1 X78.215 Y99.202 E4.69549
G1 X77.866 Y98.854 E4.71919
G1 X77.866 Y98.304 E4.74564
G1 X78.215 Y98.652 E4.76934
G1 X78.215 Y98.103 E4.79575
G1 X77.866 Y97.755 E4.81945
G1 X77.866 Y97.205 E4.8459
G1 X78.215 Y97.554 E4.86964
G1 X78.215 Y97.004 E4.89609
G1 X77.866 Y96.656 E4.91979
G1 X77.866 Y96.107 E4.9462
G1 X78.215 Y96.455 E4.9699
G1 X78.215 Y95.906 E4.99631
G1 X77.866 Y95.557 E5.02005
G1 X77.866 Y95.008 E5.04646
G1 X78.215 Y95.356 E5.07016
G1 X78.215 Y94.807 E5.09657
G1 X77.866 Y94.459 E5.12027
G1 X77.866 Y93.909 E5.14672
G1 X78.215 Y94.257 E5.17042
G1 X78.215 Y93.708 E5.19683
G1 X77.866 Y93.36 E5.22053
G1 X77.866 Y92.811 E5.24694
G1 X78.215 Y93.159 E5.27064
G1 X78.215 Y92.609 E5.29709
G1 X77.866 Y92.261 E5.32079
G1 X77.866 Y91.712 E5.3472
G1 X78.215 Y92.06 E5.3709
G1 X78.215 Y91.511 E5.39731
G1 X77.866 Y91.163 E5.42101
G1 X77.866 Y90.613 E5.44746
G1 X78.215 Y90.961 E5.47116
G1 X78.215 Y90.412 E5.49757
G1 X77.866 Y90.064 E5.52127
G1 X77.866 Y89.515 E5.54768
G1 X78.215 Y89.863 E5.57138
G1 X78.232 Y89.331 E5.59698
G1 X77.866 Y88.965 E5.62187
G1 X77.866 Y88.416 E5.64828
G1 X78.356 Y88.906 E5.68161
G1 X78.581 Y88.581 E5.70062
G1 X77.866 Y87.866 E5.74925
G1 X78.416 Y87.866 E5.7757
G1 X78.906 Y88.356 E5.80903
G1 X79.331 Y88.233 E5.83031
G1 X78.965 Y87.866 E5.85524
G1 X79.514 Y87.866 E5.88165
G1 X79.863 Y88.215 E5.90539
G1 X80.412 Y88.215 E5.9318
G1 X80.064 Y87.866 E5.9555
G1 X80.613 Y87.866 E5.98191
G1 X80.961 Y88.215 E6.00561
G1 X81.511 Y88.215 E6.03206
G1 X81.163 Y87.866 E6.05576
G1 X81.712 Y87.866 E6.08217
G1 X82.06 Y88.215 E6.10587
G1 X82.609 Y88.215 E6.13228
G1 X82.261 Y87.866 E6.15598
G1 X82.811 Y87.866 E6.18243
G1 X83.159 Y88.215 E6.20613
G1 X83.708 Y88.215 E6.23254
G1 X83.36 Y87.866 E6.25624
G1 X83.909 Y87.866 E6.28265
G1 X84.257 Y88.215 E6.30635
G1 X84.807 Y88.215 E6.3328
G1 X84.459 Y87.866 E6.3565
G1 X85.008 Y87.866 E6.38291
G1 X85.356 Y88.215 E6.40661
G1 X85.905 Y88.215 E6.43302
G1 X85.557 Y87.866 E6.45672
G1 X86.107 Y87.866 E6.48317
G1 X86.455 Y88.215 E6.50687
G1 X87.004 Y88.215 E6.53328
G1 X86.656 Y87.866 E6.55698
G1 X87.205 Y87.866 E6.58339
G1 X87.554 Y88.215 E6.60713
G1 X88.103 Y88.215 E6.63354
G1 X87.755 Y87.866 E6.65724
G1 X88.304 Y87.866 E6.68365
G1 X88.652 Y88.215 E6.70735
G1 X89.202 Y88.215 E6.7338
G1 X88.853 Y87.866 E6.75754
G1 X89.403 Y87.866 E6.78399
G1 X89.751 Y88.215 E6.80769
G1 X90.3 Y88.215 E6.8341
G1 X89.952 Y87.866 E6.8578
G1 X90.502 Y87.866 E6.88425
G1 X92.134 Y89.498 E6.99526
G1 X92.134 Y88.949 E7.02167
G1 X91.051 Y87.866 E7.09533
G1 X91.6 Y87.866 E7.12174
G1 X92.307 Y88.573 E7.16983
G1 E5.16983 F2400
G92 E0
G1 X75.367 Y104.56 F7800
G1 E2 F2400
;TYPE:Solid infill
;WIDTH:0.543559
G1 F3000
G1 X75.324 Y104.602 E2.00359
G1 X75.34 Y104.66 E2.00719
G1 X75.398 Y104.676 E2.01079
G1 X75.44 Y104.633 E2.01438
G1 X75.425 Y104.575 E2.01796
;WIDTH:0.45
G1 X76.041 Y104.665 E2.0479
G1 X75.335 Y103.959 E2.09592
G1 X75.335 Y103.414 E2.12213
G1 X76.586 Y104.665 E2.20722
G1 X77.131 Y104.665 E2.23343
G1 X75.335 Y102.869 E2.35559
G1 X75.335 Y102.323 E2.38185
G1 X77.677 Y104.665 E2.54115
G1 X78.222 Y104.665 E2.56736
G1 X75.335 Y101.778 E2.76373
G1 X75.335 Y101.233 E2.78994
G1 X78.767 Y104.665 E3.02338
G1 X79.615 Y104.747 F7800
;WIDTH:0.404381
G1 F3000
G1 X79.626 Y104.789 E3.02522
G1 X79.555 Y104.808 E3.02834
G1 X79.574 Y104.736 E3.0315
;WIDTH:0.45
G1 X79.313 Y104.665 E3.04451
G1 X75.335 Y100.687 E3.31509
G1 E1.31509 F2400
G92 E0
G1 X77.713 Y102.519 F7800
G1 E2 F2400
G1 F3000
G1 X79.858 Y104.665 E2.14593
G1 X80.403 Y104.665 E2.17214
G1 X78.258 Y102.519 E2.31807
G1 X92.232 Y102.519 E2.99017
G1 X92.415 Y102.415 E3.00029
G1 X92.519 Y102.232 E3.01041
G1 X92.519 Y90.467 E3.57627
G1 X92.468 Y87.768 E3.70611
;WIDTH:0.41409
G1 X92.43 Y87.695 E3.7097
G1 X92.479 Y87.764 E3.71339
;WIDTH:0.45
G1 X94.528 Y89.886 E3.85526
G1 X94.665 Y89.886 E3.86185
G1 X94.665 Y104.665 E4.57267
G1 X80.812 Y104.665 E5.23895
G1 X80.812 Y104.528 E5.24554
G1 X78.94 Y102.656 E5.37287
G1 X79.734 Y102.905 F7800
G1 F3000
G1 X92.232 Y102.905 E5.97398
G1 X92.331 Y102.896 E5.97876
G1 X92.688 Y102.688 E5.99863
G1 X92.905 Y102.232 E6.02292
G1 X92.905 Y88.808 E6.66857
G1 X94.078 Y89.981 E6.74836
G1 X94.279 Y90.159 E6.76127
G1 X94.279 Y104.279 E7.44039
G1 X81.393 Y104.279 E8.06016
G1 X81.085 Y104.256 E8.07501
G1 X79.871 Y103.041 E8.15762
G1 X80.796 Y103.345 F7800
;WIDTH:0.558629
G1 F3000
G1 X92.232 Y103.345 E8.8626
;WIDTH:0.568218
G1 X92.408 Y103.334 E8.87368
G1 X92.608 Y103.194 E8.88902
;WIDTH:0.528812
G1 X92.808 Y103.054 E8.90316
;WIDTH:0.489406
G1 X93.008 Y102.913 E8.91613
;WIDTH:0.486209
G1 X93.12 Y102.686 E8.92945
;WIDTH:0.522418
G1 X93.233 Y102.459 E8.94394
;WIDTH:0.558627
G1 X93.345 Y102.232 E8.95954
G1 X93.345 Y89.87 E9.7216
G1 X93.839 Y90.364 E9.76467
G1 X93.839 Y102.232 E10.49627
G1 X93.857 Y102.581 E10.51781
;WIDTH:0.522418
G1 X93.875 Y102.93 E10.53777
;WIDTH:0.486209
G1 X93.893 Y103.28 E10.55621
;WIDTH:0.45
G1 X93.893 Y103.893 E10.58569
G1 X93.28 Y103.893 E10.61517
;WIDTH:0.486209
G1 X92.93 Y103.875 E10.63361
;WIDTH:0.522418
G1 X92.581 Y103.857 E10.65357
;WIDTH:0.558627
G1 X92.232 Y103.839 E10.67511
G1 X81.291 Y103.839 E11.34957
G1 X80.933 Y103.481 E11.38078
G1 E9.38078 F2400
G92 E0
G1 X77.667 Y102.281 F7800
G1 E2 F2400
;WIDTH:0.404381
G1 F3000
G1 X77.648 Y102.352 E2.00312
G1 X77.719 Y102.333 E2.00624
G1 X77.708 Y102.292 E2.00804
;WIDTH:0.45
G1 X77.481 Y102.287 E2.01896
G1 X75.335 Y100.142 E2.16489
G1 X75.335 Y99.597 E2.1911
G1 X77.481 Y101.742 E2.33703
G1 E.33703 F2400
G92 E0
G1 X75.866 Y99.043 F7800
G1 E2 F2400
G1 F3000
G1 X77.095 Y100.266 E2.08339
G1 X77.095 Y87.768 E2.6845
G1 X77.312 Y87.312 E2.70879
G1 X77.669 Y87.104 E2.72866
G1 X77.768 Y87.095 E2.73344
G1 X91.192 Y87.095 E3.37909
G1 X89.841 Y85.744 E3.47098
G1 X89.533 Y85.721 E3.48583
G1 X75.721 Y85.721 E4.15014
G1 X75.721 Y98.915 E4.78473
G1 X75.512 Y99.228 E4.80283
G1 X77.481 Y101.197 E4.93676
G1 X77.481 Y87.768 E5.58265
G1 X77.585 Y87.585 E5.59277
G1 X77.768 Y87.481 E5.60289
G1 X89.533 Y87.481 E6.16875
G1 X92.232 Y87.526 E6.29858
;WIDTH:0.416557
G1 X92.321 Y87.584 E6.30325
G1 X92.232 Y87.526 E6.30792
;WIDTH:0.45
G1 X90.114 Y85.472 E6.44982
G1 X90.114 Y85.335 E6.45641
G1 X75.335 Y85.335 E7.16723
G1 X75.335 Y99.188 E7.83351
G1 X76.161 Y98.709 F7800
;WIDTH:0.558629
G1 F3000
G1 X76.161 Y87.768 E8.50797
G1 X76.143 Y87.419 E8.52951
;WIDTH:0.522418
G1 X76.125 Y87.07 E8.54947
;WIDTH:0.486209
G1 X76.107 Y86.72 E8.56791
;WIDTH:0.45
G1 X76.107 Y86.107 E8.59739
G1 X76.72 Y86.107 E8.62687
;WIDTH:0.486209
G1 X77.07 Y86.125 E8.64531
;WIDTH:0.522419
G1 X77.419 Y86.143 E8.66527
;WIDTH:0.558629
G1 X77.768 Y86.161 E8.68681
G1 X89.636 Y86.161 E9.41842
G1 X90.13 Y86.655 E9.46149
G1 X77.768 Y86.655 E10.22355
;WIDTH:0.568218
G1 X77.592 Y86.666 E10.23463
G1 X77.392 Y86.806 E10.24997
;WIDTH:0.528812
G1 X77.192 Y86.946 E10.26411
;WIDTH:0.489406
G1 X76.992 Y87.087 E10.27708
;WIDTH:0.486209
G1 X76.88 Y87.314 E10.2904
;WIDTH:0.522418
G1 X76.767 Y87.541 E10.30489
;WIDTH:0.558628
G1 X76.655 Y87.768 E10.32049
G1 X76.655 Y99.204 E11.02546
G1 X76.297 Y98.846 E11.05667
G1 E9.05667 F2400
G92 E0
G1 X76.476 Y87.439 F7800
G1 E2 F2400
;WIDTH:0.417921
G1 F3000
G1 X76.476 Y86.476 E2.04246
G1 X77.315 Y86.476 E2.07946
G1 X76.825 Y86.731 E2.10382
G1 X76.731 Y86.825 E2.10968
G1 X76.55 Y87.261 E2.1305
G1 E.1305 F2400
G92 E0
G1 X90.523 Y85.335 F7800
G1 E2 F2400
;WIDTH:0.45
G1 F3000
G1 X94.665 Y89.477 E2.28173
G1 X94.665 Y88.932 E2.30794
G1 X91.068 Y85.335 E2.5526
G1 X91.614 Y85.335 E2.57886
G1 X94.665 Y88.386 E2.78639
G1 X94.665 Y87.841 E2.8126
G1 X92.159 Y85.335 E2.98306
G1 X92.704 Y85.335 E3.00927
G1 X94.665 Y87.296 E3.14265
G1 E1.14265 F2400
G92 E0
G1 X93.386 Y85.472 F7800
G1 E2 F2400
G1 F3000
G1 X94.665 Y86.75 E2.08696
G1 X94.665 Y85.335 E2.15502
G1 X93.25 Y85.335 E2.22308
G1 X94.236 Y85.696 F7800
;WIDTH:0.507539
G1 F3000
G1 X94.197 Y85.736 E2.22617
G1 X94.211 Y85.789 E2.2292
G1 X94.264 Y85.803 E2.23223
G1 X94.304 Y85.764 E2.23532
G1 X94.289 Y85.711 E2.23836
G1 E.23836 F2400
G92 E0
G1 X92.878 Y103.524 F7800
G1 E2 F2400
;WIDTH:0.417921
G1 F3000
G1 X93.524 Y103.524 E2.02849
G1 X93.524 Y102.561 E2.07095
G1 X93.269 Y103.175 E2.10027
G1 X93.175 Y103.269 E2.10613
G1 X92.685 Y103.524 E2.13049
;LAYER_CHANGE
;Z:3.05
;HEIGHT:0.3
G1 E.13049 F2400
G92 E0
G1 Z3.05 F7800
G1 X78.788 Y88.785
G1 E2 F2400
;TYPE:Perimeter
;WIDTH:0.45
G1 F3600
G1 X78.973 Y88.64 E2.01131
G1 X79.301 Y88.518 E2.02814
G1 X79.468 Y88.504 E2.0362
G1 X90.532 Y88.504 E2.56834
G1 X90.793 Y88.54 E2.58101
G1 X91.027 Y88.64 E2.59325
G1 X91.214 Y88.786 E2.60466
G1 X91.36 Y88.973 E2.61607
G1 X91.46 Y89.207 E2.62831
G1 X91.496 Y89.468 E2.64098
G1 X91.496 Y100.532 E3.17312
G1 X91.46 Y100.793 E3.18579
G1 X91.36 Y101.027 E3.19803
G1 X91.214 Y101.214 E3.20944
G1 X91.027 Y101.36 E3.22085
G1 X90.699 Y101.482 E3.23768
G1 X90.532 Y101.496 E3.24574
G1 X79.468 Y101.496 E3.77788
G1 X79.207 Y101.46 E3.79055
G1 X78.973 Y101.36 E3.80279
G1 X78.786 Y101.214 E3.8142
G1 X78.64 Y101.027 E3.82561
G1 X78.518 Y100.699 E3.84244
G1 X78.504 Y100.532 E3.8505
G1 X78.504 Y89.468 E4.38264
G1 X78.54 Y89.207 E4.39531
G1 X78.64 Y88.973 E4.40755
G1 X78.751 Y88.831 E4.41622
G1 X79.071 Y89.071 F7800
G1 F3600
G1 X79.171 Y88.971 E4.42302
G1 X79.468 Y88.889 E4.43784
G1 X90.532 Y88.889 E4.96998
G1 X90.829 Y88.971 E4.9848
G1 X91.029 Y89.171 E4.9984
G1 X91.111 Y89.468 E5.01322
G1 X91.111 Y100.532 E5.54536
G1 X91.029 Y100.829 E5.56018
G1 X90.829 Y101.029 E5.57378
G1 X90.532 Y101.111 E5.5886
G1 X79.468 Y101.111 E6.12074
G1 X79.171 Y101.029 E6.13556
G1 X78.971 Y100.829 E6.14916
G1 X78.889 Y100.532 E6.16398
G1 X78.889 Y89.468 E6.69612
G1 X78.971 Y89.171 E6.71094
G1 X79.029 Y89.114 E6.71485
G1 X79.338 Y89.329 F7800
;TYPE:External perimeter
G1 F1800
G1 X79.468 Y89.275 E6.72162
G1 X90.532 Y89.275 E7.25376
G1 X90.669 Y89.331 E7.26088
G1 X90.725 Y89.468 E7.268
G1 X90.725 Y100.532 E7.80014
G1 X90.669 Y100.669 E7.80726
G1 X90.532 Y100.725 E7.81438
G1 X79.468 Y100.725 E8.34652
G1 X79.331 Y100.669 E8.35364
G1 X79.275 Y100.532 E8.36076
G1 X79.275 Y89.468 E8.8929
G1 X79.311 Y89.38 E8.89747
G1 X79.699 Y89.282 F7800
G1 E6.89747 F2400
G92 E0
G1 X94.954 Y104.954 F7800
G1 E2 F2400
;TYPE:Perimeter
G1 F3600
G1 X75.046 Y104.954 E2.95751
G1 X75.046 Y85.046 E3.91502
G1 X94.954 Y85.046 E4.87253
G1 X94.954 Y87.237 E4.97791
G1 X94.954 Y104.894 E5.82715
G1 X95.339 Y105.339 F7800
G1 F3600
G1 X74.661 Y105.339 E6.82169
G1 X74.661 Y84.661 E7.81623
G1 X95.339 Y84.661 E8.81077
G1 X95.339 Y87.237 E8.93467
G1 X95.339 Y105.279 E9.80243
G1 X95.725 Y105.725 F7800
;TYPE:External perimeter
G1 F1800
G1 X74.275 Y105.725 E10.8341
G1 X74.275 Y84.275 E11.86577
G1 X95.725 Y84.275 E12.89744
G1 X95.725 Y87.237 E13.0399
G1 X95.725 Y105.665 E13.92622
G1 X95.329 Y105.724 F7800
G1 X94.841 Y104.162
;TYPE:Top solid infill
;WIDTH:0.400294
G1 F2400
G1 X94.313 Y104.69 E13.9575
G1 X93.837 Y104.69 E13.97744
G1 X94.69 Y103.837 E14.02798
G1 X94.69 Y103.362 E14.04788
G1 X93.362 Y104.69 E14.12657
G1 X92.887 Y104.69 E14.14647
G1 X94.69 Y102.887 E14.2533
G1 X94.69 Y102.412 E14.2732
G1 X92.412 Y104.69 E14.40817
G1 X91.937 Y104.69 E14.42807
G1 X94.69 Y101.937 E14.59119
G1 X94.69 Y101.462 E14.61109
G1 X91.462 Y104.69 E14.80235
G1 X90.987 Y104.69 E14.82225
G1 X94.69 Y100.987 E15.04166
G1 X94.69 Y100.512 E15.06156
G1 X90.512 Y104.69 E15.30911
G1 X90.037 Y104.69 E15.32901
G1 X94.69 Y100.037 E15.60471
G1 X94.69 Y99.562 E15.62461
G1 X92.494 Y101.757 E15.7547
G1 X92.494 Y101.282 E15.7746
G1 X94.69 Y99.087 E15.90469
G1 X94.69 Y98.612 E15.92459
G1 X92.494 Y100.807 E16.05468
G1 X92.494 Y100.332 E16.07458
G1 X94.69 Y98.137 E16.20467
G1 X94.69 Y97.662 E16.22457
G1 X92.494 Y99.857 E16.35466
G1 X92.494 Y99.382 E16.37456
G1 X94.69 Y97.187 E16.50465
G1 X94.69 Y96.712 E16.52455
G1 X92.494 Y98.907 E16.65464
G1 X92.494 Y98.432 E16.67454
G1 X94.69 Y96.237 E16.80463
G1 X94.69 Y95.762 E16.82453
G1 X92.494 Y97.957 E16.95462
G1 X92.494 Y97.482 E16.97452
G1 X94.69 Y95.287 E17.10461
G1 X94.69 Y94.811 E17.12455
G1 X92.494 Y97.007 E17.25467
G1 X92.494 Y96.532 E17.27457
G1 X94.69 Y94.336 E17.40469
G1 X94.69 Y93.861 E17.42459
G1 X92.494 Y96.057 E17.55471
G1 X92.494 Y95.582 E17.57461
G1 X94.69 Y93.386 E17.70473
G1 X94.69 Y92.911 E17.72463
G1 X92.494 Y95.107 E17.85475
G1 X92.494 Y94.632 E17.87465
G1 X94.69 Y92.436 E18.00477
G1 X94.69 Y91.961 E18.02467
G1 X92.494 Y94.157 E18.15479
G1 X92.494 Y93.681 E18.17473
G1 X94.69 Y91.486 E18.30482
G1 X94.69 Y91.011 E18.32472
G1 X92.494 Y93.206 E18.45481
G1 X92.494 Y92.731 E18.47471
G1 X94.69 Y90.536 E18.6048
G1 X94.69 Y90.061 E18.6247
G1 X92.494 Y92.256 E18.75479
G1 X92.494 Y91.781 E18.77469
G1 X94.69 Y89.586 E18.90478
G1 X94.69 Y89.111 E18.92468
G1 X92.494 Y91.306 E19.05477
G1 X92.494 Y90.831 E19.07467
G1 X94.69 Y88.636 E19.20476
G1 X94.69 Y88.161 E19.22466
G1 X92.494 Y90.356 E19.35475
G1 X92.494 Y89.881 E19.37465
G1 X94.69 Y87.686 E19.50474
G1 X94.69 Y87.211 E19.52464
G1 X92.494 Y89.406 E19.65473
G1 X92.494 Y88.931 E19.67463
G1 X94.69 Y86.736 E19.80472
G1 X94.69 Y86.261 E19.82462
G1 X92.494 Y88.456 E19.95471
G1 X92.494 Y87.981 E19.97461
G1 X94.69 Y85.785 E20.10473
G1 X94.69 Y85.31 E20.12463
G1 X92.398 Y87.602 E20.26043
G1 X92.301 Y87.506 E20.26615
G1 X92.019 Y87.506 E20.27796
G1 X94.214 Y85.31 E20.40805
G1 X93.739 Y85.31 E20.42795
G1 X91.544 Y87.506 E20.55804
G1 X91.069 Y87.506 E20.57794
G1 X93.264 Y85.31 E20.70803
G1 X92.789 Y85.31 E20.72793
G1 X90.594 Y87.506 E20.85802
G1 X90.119 Y87.506 E20.87792
G1 X92.314 Y85.31 E21.00801
G1 X91.839 Y85.31 E21.02791
G1 X89.644 Y87.506 E21.158
G1 X89.169 Y87.506 E21.1779
G1 X91.364 Y85.31 E21.30799
G1 X90.889 Y85.31 E21.32789
G1 X88.694 Y87.506 E21.45798
G1 X88.219 Y87.506 E21.47788
G1 X90.414 Y85.31 E21.60797
G1 X89.939 Y85.31 E21.62787
G1 X87.744 Y87.506 E21.75796
G1 X87.269 Y87.506 E21.77786
G1 X89.464 Y85.31 E21.90795
G1 X88.989 Y85.31 E21.92785
G1 X86.794 Y87.506 E22.05794
G1 X86.318 Y87.506 E22.07788
G1 X88.514 Y85.31 E22.208
G1 X88.039 Y85.31 E22.2279
G1 X85.843 Y87.506 E22.35802
G1 X85.368 Y87.506 E22.37792
G1 X87.564 Y85.31 E22.50804
G1 X87.089 Y85.31 E22.52794
G1 X84.893 Y87.506 E22.65806
G1 X84.418 Y87.506 E22.67796
G1 X86.614 Y85.31 E22.80808
G1 X86.139 Y85.31 E22.82798
G1 X83.943 Y87.506 E22.9581
G1 X83.468 Y87.506 E22.978
G1 X85.664 Y85.31 E23.10812
G1 X85.188 Y85.31 E23.12806
G1 X82.993 Y87.506 E23.25815
G1 X82.518 Y87.506 E23.27805
G1 X84.713 Y85.31 E23.40814
G1 X84.238 Y85.31 E23.42804
G1 X82.043 Y87.506 E23.55813
G1 X81.568 Y87.506 E23.57803
G1 X83.763 Y85.31 E23.70812
G1 X83.288 Y85.31 E23.72802
G1 X81.093 Y87.506 E23.85811
G1 X80.618 Y87.506 E23.87801
G1 X82.813 Y85.31 E24.0081
G1 X82.338 Y85.31 E24.028
G1 X80.143 Y87.506 E24.15809
G1 X79.668 Y87.506 E24.17799
G1 X81.863 Y85.31 E24.30808
G1 X81.388 Y85.31 E24.32798
G1 X79.193 Y87.506 E24.45807
G1 X78.718 Y87.506 E24.47797
G1 X80.913 Y85.31 E24.60806
G1 X80.438 Y85.31 E24.62796
G1 X78.092 Y87.657 E24.76699
G1 E22.76699
G92 E0
G1 X91.908 Y102.343 F7800
G1 E2 F2400
G1 X89.562 Y104.69 E2.13903
G1 X89.087 Y104.69 E2.15893
G1 X91.282 Y102.494 E2.28902
G1 X90.807 Y102.494 E2.30892
G1 X88.612 Y104.69 E2.43901
G1 X88.137 Y104.69 E2.45891
G1 X90.332 Y102.494 E2.589
G1 X89.857 Y102.494 E2.6089
G1 X87.662 Y104.69 E2.73899
G1 X87.187 Y104.69 E2.75889
G1 X89.382 Y102.494 E2.88898
G1 X88.907 Y102.494 E2.90888
G1 X86.712 Y104.69 E3.03897
G1 X86.237 Y104.69 E3.05887
G1 X88.432 Y102.494 E3.18896
G1 X87.957 Y102.494 E3.20886
G1 X85.762 Y104.69 E3.33895
G1 X85.287 Y104.69 E3.35885
G1 X87.482 Y102.494 E3.48894
G1 X87.007 Y102.494 E3.50884
G1 X84.811 Y104.69 E3.63896
G1 X84.336 Y104.69 E3.65886
G1 X86.532 Y102.494 E3.78898
G1 X86.057 Y102.494 E3.80888
G1 X83.861 Y104.69 E3.939
G1 X83.386 Y104.69 E3.9589
G1 X85.582 Y102.494 E4.08902
G1 X85.107 Y102.494 E4.10892
G1 X82.911 Y104.69 E4.23904
G1 X82.436 Y104.69 E4.25894
G1 X84.632 Y102.494 E4.38906
G1 X84.157 Y102.494 E4.40896
G1 X81.961 Y104.69 E4.53908
G1 X81.486 Y104.69 E4.55898
G1 X83.681 Y102.494 E4.68907
G1 X83.206 Y102.494 E4.70897
G1 X81.011 Y104.69 E4.83906
G1 X80.536 Y104.69 E4.85896
G1 X82.731 Y102.494 E4.98905
G1 X82.256 Y102.494 E5.00895
G1 X80.061 Y104.69 E5.13904
G1 X79.586 Y104.69 E5.15894
G1 X81.781 Y102.494 E5.28903
G1 X81.306 Y102.494 E5.30893
G1 X79.111 Y104.69 E5.43902
G1 X78.636 Y104.69 E5.45892
G1 X80.831 Y102.494 E5.58901
G1 X80.356 Y102.494 E5.60891
G1 X78.161 Y104.69 E5.739
G1 X77.686 Y104.69 E5.7589
G1 X79.881 Y102.494 E5.88899
G1 X79.406 Y102.494 E5.90889
G1 X77.211 Y104.69 E6.03898
G1 X76.736 Y104.69 E6.05888
G1 X78.931 Y102.494 E6.18897
G1 X78.456 Y102.494 E6.20887
G1 X76.261 Y104.69 E6.33896
G1 X75.785 Y104.69 E6.3589
G1 X77.981 Y102.494 E6.48902
G1 X77.699 Y102.494 E6.50083
G1 X77.602 Y102.398 E6.50655
G1 X75.31 Y104.69 E6.64235
G1 X75.31 Y104.214 E6.66229
G1 X77.506 Y102.019 E6.79238
G1 X77.506 Y101.544 E6.81228
G1 X75.31 Y103.739 E6.94237
G1 X75.31 Y103.264 E6.96227
G1 X77.506 Y101.069 E7.09236
G1 X77.506 Y100.594 E7.11226
G1 X75.31 Y102.789 E7.24235
G1 X75.31 Y102.314 E7.26225
G1 X77.506 Y100.119 E7.39234
G1 X77.506 Y99.644 E7.41224
G1 X75.31 Y101.839 E7.54233
G1 X75.31 Y101.364 E7.56223
G1 X77.506 Y99.169 E7.69232
G1 X77.506 Y98.694 E7.71222
G1 X75.31 Y100.889 E7.84231
G1 X75.31 Y100.414 E7.86221
G1 X77.506 Y98.219 E7.9923
G1 X77.506 Y97.744 E8.0122
G1 X75.31 Y99.939 E8.14229
G1 X75.31 Y99.464 E8.16219
G1 X77.506 Y97.269 E8.29228
G1 X77.506 Y96.794 E8.31218
G1 X75.31 Y98.989 E8.44227
G1 X75.31 Y98.514 E8.46217
G1 X77.506 Y96.318 E8.59229
G1 X77.506 Y95.843 E8.61219
G1 X75.31 Y98.039 E8.74231
G1 X75.31 Y97.564 E8.76221
G1 X77.506 Y95.368 E8.89233
G1 X77.506 Y94.893 E8.91223
G1 X75.31 Y97.089 E9.04235
G1 X75.31 Y96.614 E9.06225
G1 X77.506 Y94.418 E9.19237
G1 X77.506 Y93.943 E9.21227
G1 X75.31 Y96.139 E9.34239
G1 X75.31 Y95.664 E9.36229
G1 X77.506 Y93.468 E9.49241
G1 X77.506 Y92.993 E9.51231
G1 X75.31 Y95.188 E9.6424
G1 X75.31 Y94.713 E9.6623
G1 X77.506 Y92.518 E9.79239
G1 X77.506 Y92.043 E9.81229
G1 X75.31 Y94.238 E9.94238
G1 X75.31 Y93.763 E9.96228
G1 X77.506 Y91.568 E10.09237
G1 X77.506 Y91.093 E10.11227
G1 X75.31 Y93.288 E10.24236
G1 X75.31 Y92.813 E10.26226
G1 X77.506 Y90.618 E10.39235
G1 X77.506 Y90.143 E10.41225
G1 X75.31 Y92.338 E10.54234
G1 X75.31 Y91.863 E10.56224
G1 X77.506 Y89.668 E10.69233
G1 X77.506 Y89.193 E10.71223
G1 X75.31 Y91.388 E10.84232
G1 X75.31 Y90.913 E10.86222
G1 X77.506 Y88.718 E10.99231
G1 X77.506 Y88.243 E11.01221
G1 X75.31 Y90.438 E11.1423
G1 X75.31 Y89.963 E11.1622
G1 X79.963 Y85.31 E11.4379
G1 X79.488 Y85.31 E11.4578
G1 X75.31 Y89.488 E11.70535
G1 X75.31 Y89.013 E11.72525
G1 X79.013 Y85.31 E11.94466
G1 X78.538 Y85.31 E11.96456
G1 X75.31 Y88.538 E12.15582
G1 X75.31 Y88.063 E12.17572
G1 X78.063 Y85.31 E12.33884
G1 X77.588 Y85.31 E12.35874
G1 X75.31 Y87.588 E12.49371
G1 X75.31 Y87.113 E12.51361
G1 X77.113 Y85.31 E12.62044
G1 X76.638 Y85.31 E12.64034
G1 X75.31 Y86.638 E12.71903
G1 X75.31 Y86.162 E12.73897
G1 X76.162 Y85.31 E12.78945
G1 X75.687 Y85.31 E12.80935
G1 X75.159 Y85.838 E12.84063
G1 E10.84063
G92 E0
G1 X89.779 Y102.307 F7800
G1 E2 F2400
;TYPE:Internal infill
;WIDTH:0.45
G1 F4200
G1 X90.3 Y101.785 E2.03547
G1 X89.751 Y101.785 E2.06188
G1 X89.403 Y102.134 E2.08558
G1 X88.853 Y102.134 E2.11203
G1 X89.202 Y101.785 E2.13577
G1 X88.652 Y101.785 E2.16222
G1 X88.304 Y102.134 E2.18592
G1 X87.755 Y102.134 E2.21233
G1 X88.103 Y101.785 E2.23603
G1 X87.554 Y101.785 E2.26244
G1 X87.205 Y102.134 E2.28618
G1 X86.656 Y102.134 E2.31259
G1 X87.004 Y101.785 E2.33629
G1 X86.455 Y101.785 E2.3627
G1 X86.107 Y102.134 E2.3864
G1 X85.557 Y102.134 E2.41285
G1 X85.905 Y101.785 E2.43655
G1 X85.356 Y101.785 E2.46296
G1 X85.008 Y102.134 E2.48666
G1 X84.459 Y102.134 E2.51307
G1 X84.807 Y101.785 E2.53677
G1 X84.257 Y101.785 E2.56322
G1 X83.909 Y102.134 E2.58692
G1 X83.36 Y102.134 E2.61333
G1 X83.708 Y101.785 E2.63703
G1 X83.159 Y101.785 E2.66344
G1 X82.811 Y102.134 E2.68714
G1 X82.261 Y102.134 E2.71359
G1 X82.609 Y101.785 E2.73729
G1 X82.06 Y101.785 E2.7637
G1 X81.712 Y102.134 E2.7874
G1 X81.163 Y102.134 E2.81381
G1 X81.511 Y101.785 E2.83751
G1 X80.961 Y101.785 E2.86396
G1 X80.613 Y102.134 E2.88766
G1 X80.064 Y102.134 E2.91407
G1 X80.412 Y101.785 E2.93777
G1 X79.863 Y101.785 E2.96418
G1 X79.514 Y102.134 E2.98792
G1 X78.965 Y102.134 E3.01433
G1 X79.331 Y101.768 E3.03922
G1 X78.906 Y101.644 E3.06051
G1 X78.416 Y102.134 E3.09384
G1 X77.866 Y102.134 E3.12029
G1 X78.581 Y101.419 E3.16892
G1 X78.356 Y101.094 E3.18793
G1 X77.866 Y101.584 E3.22126
G1 X77.866 Y101.035 E3.24767
G1 X78.232 Y100.669 E3.27256
G1 X78.215 Y100.137 E3.29816
G1 X77.866 Y100.485 E3.32186
G1 X77.866 Y99.936 E3.34827
G1 X78.215 Y99.588 E3.37197
G1 X78.215 Y99.039 E3.39838
G1 X77.866 Y99.387 E3.42208
G1 X77.866 Y98.837 E3.44853
G1 X78.215 Y98.489 E3.47223
G1 X78.215 Y97.94 E3.49864
G1 X77.866 Y98.288 E3.52234
G1 X77.866 Y97.739 E3.54875
G1 X78.215 Y97.391 E3.57245
G1 X78.215 Y96.841 E3.5989
G1 X77.866 Y97.189 E3.6226
G1 X77.866 Y96.64 E3.64901
G1 X78.215 Y96.292 E3.67271
G1 X78.215 Y95.743 E3.69912
G1 X77.866 Y96.091 E3.72282
G1 X77.866 Y95.541 E3.74927
G1 X78.215 Y95.193 E3.77297
G1 X78.215 Y94.644 E3.79938
G1 X77.866 Y94.992 E3.82308
G1 X77.866 Y94.443 E3.84949
G1 X78.215 Y94.094 E3.87323
G1 X78.215 Y93.545 E3.89964
G1 X77.866 Y93.893 E3.92334
G1 X77.866 Y93.344 E3.94975
G1 X78.215 Y92.996 E3.97345
G1 X78.215 Y92.446 E3.9999
G1 X77.866 Y92.795 E4.02364
G1 X77.866 Y92.245 E4.05009
G1 X78.215 Y91.897 E4.07379
G1 X78.215 Y91.348 E4.1002
G1 X77.866 Y91.696 E4.1239
G1 X77.866 Y91.146 E4.15035
G1 X78.215 Y90.798 E4.17405
G1 X78.215 Y90.249 E4.20046
G1 X77.866 Y90.597 E4.22416
G1 X77.866 Y90.048 E4.25057
G1 X78.388 Y89.526 E4.28608
G1 X77.693 Y89.672 F7800
G1 F4200
G1 X79.498 Y87.866 E4.40889
G1 X78.949 Y87.866 E4.4353
G1 X77.866 Y88.949 E4.50896
G1 X77.866 Y88.4 E4.53537
G1 X78.573 Y87.693 E4.58346
G1 X79.526 Y88.388 F7800
G1 F4200
G1 X80.048 Y87.866 E4.61897
G1 X80.597 Y87.866 E4.64538
G1 X80.249 Y88.215 E4.66908
G1 X80.798 Y88.215 E4.69549
G1 X81.146 Y87.866 E4.71919
G1 X81.696 Y87.866 E4.74564
G1 X81.348 Y88.215 E4.76934
G1 X81.897 Y88.215 E4.79575
G1 X82.245 Y87.866 E4.81945
G1 X82.795 Y87.866 E4.8459
G1 X82.446 Y88.215 E4.86964
G1 X82.996 Y88.215 E4.89609
G1 X83.344 Y87.866 E4.91979
G1 X83.893 Y87.866 E4.9462
G1 X83.545 Y88.215 E4.9699
G1 X84.094 Y88.215 E4.99631
G1 X84.443 Y87.866 E5.02005
G1 X84.992 Y87.866 E5.04646
G1 X84.644 Y88.215 E5.07016
G1 X85.193 Y88.215 E5.09657
G1 X85.541 Y87.866 E5.12027
G1 X86.091 Y87.866 E5.14672
G1 X85.743 Y88.215 E5.17042
G1 X86.292 Y88.215 E5.19683
G1 X86.64 Y87.866 E5.22053
G1 X87.189 Y87.866 E5.24694
G1 X86.841 Y88.215 E5.27064
G1 X87.391 Y88.215 E5.29709
G1 X87.739 Y87.866 E5.32079
G1 X88.288 Y87.866 E5.3472
G1 X87.94 Y88.215 E5.3709
G1 X88.489 Y88.215 E5.39731
G1 X88.837 Y87.866 E5.42101
G1 X89.387 Y87.866 E5.44746
G1 X89.039 Y88.215 E5.47116
G1 X89.588 Y88.215 E5.49757
G1 X89.936 Y87.866 E5.52127
G1 X90.485 Y87.866 E5.54768
G1 X90.137 Y88.215 E5.57138
G1 X90.669 Y88.232 E5.59698
G1 X91.035 Y87.866 E5.62187
G1 X91.584 Y87.866 E5.64828
G1 X91.094 Y88.356 E5.68161
G1 X91.419 Y88.581 E5.70062
G1 X92.134 Y87.866 E5.74925
G1 X92.134 Y88.416 E5.7757
G1 X91.644 Y88.906 E5.80903
G1 X91.768 Y89.331 E5.83032
G1 X92.134 Y88.965 E5.85521
G1 X92.134 Y89.514 E5.88162
G1 X91.785 Y89.863 E5.90536
G1 X91.785 Y90.412 E5.93177
G1 X92.134 Y90.064 E5.95547
G1 X92.134 Y90.613 E5.98188
G1 X91.785 Y90.961 E6.00558
G1 X91.785 Y91.511 E6.03203
G1 X92.134 Y91.163 E6.05573
G1 X92.134 Y91.712 E6.08214
G1 X91.785 Y92.06 E6.10584
G1 X91.785 Y92.609 E6.13225
G1 X92.134 Y92.261 E6.15595
G1 X92.134 Y92.811 E6.1824
G1 X91.785 Y93.159 E6.2061
G1 X91.785 Y93.708 E6.23251
G1 X92.134 Y93.36 E6.25621
G1 X92.134 Y93.909 E6.28262
G1 X91.785 Y94.257 E6.30632
G1 X91.785 Y94.807 E6.33277
G1 X92.134 Y94.459 E6.35647
G1 X92.134 Y95.008 E6.38288
G1 X91.785 Y95.356 E6.40658
G1 X91.785 Y95.905 E6.43299
G1 X92.134 Y95.557 E6.45669
G1 X92.134 Y96.107 E6.48314
G1 X91.785 Y96.455 E6.50684
G1 X91.785 Y97.004 E6.53325
G1 X92.134 Y96.656 E6.55695
G1 X92.134 Y97.205 E6.58336
G1 X91.785 Y97.554 E6.6071
G1 X91.785 Y98.103 E6.63351
G1 X92.134 Y97.755 E6.65721
G1 X92.134 Y98.304 E6.68362
G1 X91.785 Y98.652 E6.70732
G1 X91.785 Y99.202 E6.73377
G1 X92.134 Y98.853 E6.75751
G1 X92.134 Y99.403 E6.78396
G1 X91.785 Y99.751 E6.80766
G1 X91.785 Y100.3 E6.83407
G1 X92.134 Y99.952 E6.85777
G1 X92.134 Y100.502 E6.88422
G1 X90.502 Y102.134 E6.99523
G1 X91.051 Y102.134 E7.02164
G1 X92.134 Y101.051 E7.0953
G1 X92.134 Y101.6 E7.12171
G1 X91.427 Y102.307 E7.1698
;LAYER_CHANGE
;Z:3.35
;HEIGHT:0.3
G1 E5.1698 F2400
G92 E0
G1 Z3.35 F7800
G1 X74.812 Y105.221
G1 E2 F2400
;TYPE:External perimeter
;WIDTH:0.583165
G1 F1800
G1 X74.784 Y105.216 E2.00184
G1 X74.765 Y105.124 E2.00792
;WIDTH:0.545178
G1 X74.746 Y105.032 E2.01355
;WIDTH:0.507191
G1 X74.746 Y84.968 E3.12168
;WIDTH:0.545178
G1 X74.765 Y84.876 E3.12731
;WIDTH:0.583165
G1 X74.784 Y84.784 E3.13339
G1 X74.876 Y84.765 E3.13947
;WIDTH:0.545178
G1 X74.968 Y84.746 E3.1451
;WIDTH:0.507191
G1 X95.032 Y84.746 E4.25323
;WIDTH:0.545178
G1 X95.124 Y84.765 E4.25886
;WIDTH:0.583165
G1 X95.216 Y84.784 E4.26494
G1 X95.235 Y84.876 E4.27102
;WIDTH:0.545178
G1 X95.254 Y84.968 E4.27665
;WIDTH:0.507191
G1 X95.254 Y105.032 E5.38478
;WIDTH:0.545178
G1 X95.235 Y105.124 E5.39041
;WIDTH:0.583165
G1 X95.216 Y105.216 E5.39649
G1 X95.124 Y105.235 E5.40257
;WIDTH:0.545178
G1 X95.032 Y105.254 E5.4082
;WIDTH:0.507191
G1 X74.968 Y105.254 E6.51633
;WIDTH:0.545178
G1 X74.876 Y105.235 E6.52196
;WIDTH:0.583165
G1 X74.871 Y105.233 E6.52231
G1 X74.748 Y104.853 F7800
G1 E4.52231 F2400
G92 E0
G1 X95.658 Y105.658 F7800
G1 E2 F2400
G1 F1800
G1 X95.345 Y105.677 E2.02029
;WIDTH:0.545178
G1 X95.032 Y105.696 E2.03909
;WIDTH:0.507191
G1 X74.968 Y105.696 E3.14722
;WIDTH:0.545178
G1 X74.655 Y105.677 E3.16602
;WIDTH:0.583165
G1 X74.342 Y105.658 E3.18631
G1 X74.323 Y105.345 E3.2066
;WIDTH:0.545178
G1 X74.304 Y105.032 E3.2254
;WIDTH:0.507191
G1 X74.304 Y84.968 E4.33353
;WIDTH:0.545178
G1 X74.323 Y84.655 E4.35233
;WIDTH:0.583165
G1 X74.342 Y84.342 E4.37262
G1 X74.655 Y84.323 E4.39291
;WIDTH:0.545178
G1 X74.968 Y84.304 E4.41171
;WIDTH:0.507191
G1 X95.032 Y84.304 E5.51984
;WIDTH:0.545178
G1 X95.345 Y84.323 E5.53864
;WIDTH:0.583165
G1 X95.658 Y84.342 E5.55893
G1 X95.658 Y84.601 E5.57569
G1 X95.677 Y84.784 E5.58759
;WIDTH:0.545178
G1 X95.696 Y84.968 E5.59868
;WIDTH:0.507191
G1 X95.696 Y105.032 E6.70681
;WIDTH:0.510546
G1 X95.695 Y105.109 E6.7111
;WIDTH:0.546855
G1 X95.677 Y105.384 E6.72768
;WIDTH:0.583165
G1 X95.662 Y105.599 E6.74163
G1 X95.271 Y105.68 F7800
G1 E4.74163 F2400
G92 E0
G1 X78.79 Y88.783 F7800
G1 E2 F2400
;TYPE:Perimeter
;WIDTH:0.45
G1 F2306
G1 X79.085 Y88.583 E2.01714
G1 X79.468 Y88.504 E2.03595
G1 X90.532 Y88.504 E2.56809
G1 X90.915 Y88.583 E2.5869
G1 X91.214 Y88.786 E2.60428
G1 X91.417 Y89.085 E2.62166
G1 X91.496 Y89.468 E2.64047
G1 X91.496 Y100.532 E3.17261
G1 X91.417 Y100.915 E3.19142
G1 X91.214 Y101.214 E3.2088
G1 X90.915 Y101.417 E3.22618
G1 X90.532 Y101.496 E3.24499
G1 X79.468 Y101.496 E3.77713
G1 X79.085 Y101.417 E3.79594
G1 X78.786 Y101.214 E3.81332
G1 X78.583 Y100.915 E3.8307
G1 X78.504 Y100.532 E3.84951
G1 X78.504 Y89.468 E4.38165
G1 X78.583 Y89.085 E4.40046
G1 X78.755 Y88.831 E4.41521
G1 X79.057 Y89.062 F7800
G1 F2306
G1 X79.059 Y89.059 E4.41538
G1 X79.238 Y88.937 E4.4258
G1 X79.468 Y88.889 E4.4371
G1 X90.532 Y88.889 E4.96924
G1 X90.762 Y88.937 E4.98054
G1 X90.941 Y89.059 E4.99096
G1 X91.063 Y89.238 E5.00138
G1 X91.111 Y89.468 E5.01268
G1 X91.111 Y100.532 E5.54482
G1 X91.063 Y100.762 E5.55612
G1 X90.941 Y100.941 E5.56654
G1 X90.762 Y101.063 E5.57696
G1 X90.532 Y101.111 E5.58826
G1 X79.468 Y101.111 E6.1204
G1 X79.238 Y101.063 E6.1317
G1 X79.059 Y100.941 E6.14212
G1 X78.937 Y100.762 E6.15254
G1 X78.889 Y100.532 E6.16384
G1 X78.889 Y89.468 E6.69598
G1 X78.937 Y89.238 E6.70728
G1 X79.023 Y89.111 E6.71466
G1 X79.338 Y89.329 F7800
;TYPE:External perimeter
G1 F1800
G1 X79.468 Y89.275 E6.72143
G1 X90.532 Y89.275 E7.25357
G1 X90.669 Y89.331 E7.26069
G1 X90.725 Y89.468 E7.26781
G1 X90.725 Y100.532 E7.79995
G1 X90.669 Y100.669 E7.80707
G1 X90.532 Y100.725 E7.81419
G1 X79.468 Y100.725 E8.34633
G1 X79.331 Y100.669 E8.35345
G1 X79.275 Y100.532 E8.36057
G1 X79.275 Y89.468 E8.89271
G1 X79.311 Y89.38 E8.89728
G1 X79.699 Y89.282 F7800
G1 E6.89728 F2400
G92 E0
G1 X92.504 Y102.504 F7800
G1 E2 F2400
;TYPE:Perimeter
G1 F2306
G1 X77.496 Y102.504 E2.72183
G1 X77.496 Y87.496 E3.44366
G1 X92.504 Y87.496 E4.16549
G1 X92.504 Y88.252 E4.20185
G1 X92.504 Y102.444 E4.88444
G1 X92.889 Y102.889 F7800
G1 F2306
G1 X77.111 Y102.889 E5.64331
G1 X77.111 Y87.111 E6.40218
G1 X92.889 Y87.111 E7.16105
G1 X92.889 Y88.252 E7.21593
G1 X92.889 Y102.829 E7.91703
G1 X93.275 Y103.275 F7800
;TYPE:External perimeter
G1 F1800
G1 X76.725 Y103.275 E8.71303
G1 X76.725 Y86.725 E9.50903
G1 X93.275 Y86.725 E10.30503
G1 X93.275 Y88.252 E10.37847
G1 X93.275 Y103.215 E11.09814
G1 X92.879 Y103.274 F7800
G1 E9.09814 F2400
G92 E0
G1 X77.796 Y89.67 F7800
G1 E2 F2400
;TYPE:Solid infill
;WIDTH:0.47174
G1 F2306
G1 X77.785 Y101.042 E2.57779
;WIDTH:0.45
G1 X77.785 Y102.215 E2.63421
G1 X78.954 Y102.215 E2.69043
;WIDTH:0.471739
G1 X91.042 Y102.215 E3.3046
;WIDTH:0.45
G1 X92.215 Y102.215 E3.36102
G1 X92.215 Y101.042 E3.41744
;WIDTH:0.47174
G1 X92.215 Y88.954 E4.03161
;WIDTH:0.45
G1 X92.215 Y87.785 E4.08783
G1 X91.046 Y87.785 E4.14405
;WIDTH:0.471738
G1 X78.958 Y87.785 E4.75821
;WIDTH:0.45
G1 X77.785 Y87.785 E4.81463
G1 X77.785 Y88.954 E4.87085
;WIDTH:0.471738
G1 X77.796 Y89.478 E4.89748
G1 E2.89748 F2400
G92 E0
G1 X78.235 Y101.681 F7800
G1 E2 F2400
;WIDTH:0.612971
G1 F2306
G1 X78.186 Y101.73 E2.00474
G1 X78.204 Y101.796 E2.00942
G1 X78.27 Y101.814 E2.0141
G1 X78.319 Y101.765 E2.01884
G1 X78.301 Y101.699 E2.02352
G1 E.02352 F2400
G92 E0
G1 X78.204 Y89.67 F7800
G1 E2 F2400
;WIDTH:0.47174
G1 F2306
G1 X78.204 Y100.528 E2.55167
G1 X78.305 Y100.989 E2.57565
;WIDTH:0.45
G1 X78.56 Y101.389 E2.59847
G1 X78.938 Y101.663 E2.62092
;WIDTH:0.471739
G1 X79.478 Y101.796 E2.64918
G1 X90.528 Y101.796 E3.21061
G1 X90.989 Y101.695 E3.23459
;WIDTH:0.45
G1 X91.389 Y101.44 E3.25741
G1 X91.665 Y101.058 E3.28008
;WIDTH:0.47174
G1 X91.796 Y100.528 E3.30782
G1 X91.796 Y89.478 E3.86925
G1 X91.692 Y89.008 E3.89371
;WIDTH:0.45
G1 X91.417 Y88.583 E3.91806
G1 X91.062 Y88.337 E3.93883
;WIDTH:0.471738
G1 X90.522 Y88.204 E3.96709
G1 X79.472 Y88.204 E4.52852
G1 X79.011 Y88.305 E4.5525
;WIDTH:0.45
G1 X78.611 Y88.56 E4.57532
G1 X78.337 Y88.938 E4.59777
;WIDTH:0.471738
G1 X78.204 Y89.478 E4.62603
G1 X78.301 Y88.204 F7800
;WIDTH:0.612969
G1 F2306
G1 X78.319 Y88.27 E4.63071
G1 X78.27 Y88.319 E4.63545
G1 X78.204 Y88.301 E4.64013
G1 X78.186 Y88.235 E4.64481
G1 X78.235 Y88.186 E4.64955
G1 E2.64955 F2400
G92 E0
G1 X91.73 Y88.186 F7800
G1 E2 F2400
G1 F2306
G1 X91.681 Y88.235 E2.00474
G1 X91.699 Y88.301 E2.00942
G1 X91.765 Y88.319 E2.0141
G1 X91.814 Y88.27 E2.01884
G1 X91.796 Y88.204 E2.02352
G1 E.02352 F2400
G92 E0
G1 X91.73 Y101.681 F7800
G1 E2 F2400
;WIDTH:0.612971
G1 F2306
G1 X91.681 Y101.73 E2.00474
G1 X91.699 Y101.796 E2.00942
G1 X91.765 Y101.814 E2.0141
G1 X91.814 Y101.765 E2.01884
G1 X91.796 Y101.699 E2.02352
;LAYER_CHANGE
;Z:3.65
;HEIGHT:0.3
G1 E.02352 F2400
G92 E0
G1 Z3.65 F7800
G1 X74.812 Y105.221
G1 E2 F2400
;TYPE:External perimeter
;WIDTH:0.583165
G1 F1800
G1 X74.784 Y105.216 E2.00184
G1 X74.765 Y105.124 E2.00792
;WIDTH:0.545178
G1 X74.746 Y105.032 E2.01355
;WIDTH:0.507191
G1 X74.746 Y84.968 E3.12168
;WIDTH:0.545178
G1 X74.765 Y84.876 E3.12731
;WIDTH:0.583165
G1 X74.784 Y84.784 E3.13339
G1 X74.876 Y84.765 E3.13947
;WIDTH:0.545178
G1 X74.968 Y84.746 E3.1451
;WIDTH:0.507191
G1 X95.032 Y84.746 E4.25323
;WIDTH:0.545178
G1 X95.124 Y84.765 E4.25886
;WIDTH:0.583165
G1 X95.216 Y84.784 E4.26494
G1 X95.235 Y84.876 E4.27102
;WIDTH:0.545178
G1 X95.254 Y84.968 E4.27665
;WIDTH:0.507191
G1 X95.254 Y105.032 E5.38478
;WIDTH:0.545178
G1 X95.235 Y105.124 E5.39041
;WIDTH:0.583165
G1 X95.216 Y105.216 E5.39649
G1 X95.124 Y105.235 E5.40257
;WIDTH:0.545178
G1 X95.032 Y105.254 E5.4082
;WIDTH:0.507191
G1 X74.968 Y105.254 E6.51633
;WIDTH:0.545178
G1 X74.876 Y105.235 E6.52196
;WIDTH:0.583165
G1 X74.871 Y105.233 E6.52231
G1 X74.748 Y104.853 F7800
G1 E4.52231 F2400
G92 E0
G1 X95.658 Y105.658 F7800
G1 E2 F2400
G1 F1800
G1 X95.345 Y105.677 E2.02029
;WIDTH:0.545178
G1 X95.032 Y105.696 E2.03909
;WIDTH:0.507191
G1 X74.968 Y105.696 E3.14722
;WIDTH:0.545178
G1 X74.655 Y105.677 E3.16602
;WIDTH:0.583165
G1 X74.342 Y105.658 E3.18631
G1 X74.323 Y105.345 E3.2066
;WIDTH:0.545178
G1 X74.304 Y105.032 E3.2254
;WIDTH:0.507191
G1 X74.304 Y84.968 E4.33353
;WIDTH:0.545178
G1 X74.323 Y84.655 E4.35233
;WIDTH:0.583165
G1 X74.342 Y84.342 E4.37262
G1 X74.655 Y84.323 E4.39291
;WIDTH:0.545178
G1 X74.968 Y84.304 E4.41171
;WIDTH:0.507191
G1 X95.032 Y84.304 E5.51984
;WIDTH:0.545178
G1 X95.345 Y84.323 E5.53864
;WIDTH:0.583165
G1 X95.658 Y84.342 E5.55893
G1 X95.658 Y84.601 E5.57569
G1 X95.677 Y84.784 E5.58759
;WIDTH:0.545178
G1 X95.696 Y84.968 E5.59868
;WIDTH:0.507191
G1 X95.696 Y105.032 E6.70681
;WIDTH:0.510546
G1 X95.695 Y105.109 E6.7111
;WIDTH:0.546855
G1 X95.677 Y105.384 E6.72768
;WIDTH:0.583165
G1 X95.662 Y105.599 E6.74163
G1 X95.271 Y105.68 F7800
G1 E4.74163 F2400
G92 E0
G1 X78.79 Y88.783 F7800
G1 E2 F2400
;TYPE:Perimeter
;WIDTH:0.45
G1 F2297
G1 X79.085 Y88.583 E2.01714
G1 X79.468 Y88.504 E2.03595
G1 X90.532 Y88.504 E2.56809
G1 X90.915 Y88.583 E2.5869
G1 X91.214 Y88.786 E2.60428
G1 X91.417 Y89.085 E2.62166
G1 X91.496 Y89.468 E2.64047
G1 X91.496 Y100.532 E3.17261
G1 X91.417 Y100.915 E3.19142
G1 X91.214 Y101.214 E3.2088
G1 X90.915 Y101.417 E3.22618
G1 X90.532 Y101.496 E3.24499
G1 X79.468 Y101.496 E3.77713
G1 X79.085 Y101.417 E3.79594
G1 X78.786 Y101.214 E3.81332
G1 X78.583 Y100.915 E3.8307
G1 X78.504 Y100.532 E3.84951
G1 X78.504 Y89.468 E4.38165
G1 X78.583 Y89.085 E4.40046
G1 X78.755 Y88.831 E4.41521
G1 X79.057 Y89.062 F7800
G1 F2297
G1 X79.059 Y89.059 E4.41538
G1 X79.238 Y88.937 E4.4258
G1 X79.468 Y88.889 E4.4371
G1 X90.532 Y88.889 E4.96924
G1 X90.762 Y88.937 E4.98054
G1 X90.941 Y89.059 E4.99096
G1 X91.063 Y89.238 E5.00138
G1 X91.111 Y89.468 E5.01268
G1 X91.111 Y100.532 E5.54482
G1 X91.063 Y100.762 E5.55612
G1 X90.941 Y100.941 E5.56654
G1 X90.762 Y101.063 E5.57696
G1 X90.532 Y101.111 E5.58826
G1 X79.468 Y101.111 E6.1204
G1 X79.238 Y101.063 E6.1317
G1 X79.059 Y100.941 E6.14212
G1 X78.937 Y100.762 E6.15254
G1 X78.889 Y100.532 E6.16384
G1 X78.889 Y89.468 E6.69598
G1 X78.937 Y89.238 E6.70728
G1 X79.023 Y89.111 E6.71466
G1 X79.338 Y89.329 F7800
;TYPE:External perimeter
G1 F1800
G1 X79.468 Y89.275 E6.72143
G1 X90.532 Y89.275 E7.25357
G1 X90.669 Y89.331 E7.26069
G1 X90.725 Y89.468 E7.26781
G1 X90.725 Y100.532 E7.79995
G1 X90.669 Y100.669 E7.80707
G1 X90.532 Y100.725 E7.81419
G1 X79.468 Y100.725 E8.34633
G1 X79.331 Y100.669 E8.35345
G1 X79.275 Y100.532 E8.36057
G1 X79.275 Y89.468 E8.89271
G1 X79.311 Y89.38 E8.89728
G1 X79.699 Y89.282 F7800
G1 E6.89728 F2400
G92 E0
G1 X92.504 Y102.504 F7800
G1 E2 F2400
;TYPE:Perimeter
G1 F2297
G1 X77.496 Y102.504 E2.72183
G1 X77.496 Y87.496 E3.44366
G1 X92.504 Y87.496 E4.16549
G1 X92.504 Y88.252 E4.20185
G1 X92.504 Y102.444 E4.88444
G1 X92.889 Y102.889 F7800
G1 F2297
G1 X77.111 Y102.889 E5.64331
G1 X77.111 Y87.111 E6.40218
G1 X92.889 Y87.111 E7.16105
G1 X92.889 Y88.252 E7.21593
G1 X92.889 Y102.829 E7.91703
G1 X93.275 Y103.275 F7800
;TYPE:External perimeter
G1 F1800
G1 X76.725 Y103.275 E8.71303
G1 X76.725 Y86.725 E9.50903
G1 X93.275 Y86.725 E10.30503
G1 X93.275 Y88.252 E10.37847
G1 X93.275 Y103.215 E11.09814
G1 X92.879 Y103.274 F7800
G1 E9.09814 F2400
G92 E0
G1 X90.33 Y87.796 F7800
G1 E2 F2400
;TYPE:Solid infill
;WIDTH:0.47174
G1 F2297
G1 X78.958 Y87.785 E2.57779
;WIDTH:0.45
G1 X77.785 Y87.785 E2.63421
G1 X77.785 Y88.954 E2.69043
;WIDTH:0.471738
G1 X77.785 Y101.042 E3.30459
;WIDTH:0.45
G1 X77.785 Y102.215 E3.36101
G1 X78.954 Y102.215 E3.41723
;WIDTH:0.471738
G1 X91.042 Y102.215 E4.03139
;WIDTH:0.45
G1 X92.215 Y102.215 E4.08781
G1 X92.215 Y101.042 E4.14423
;WIDTH:0.471739
G1 X92.215 Y88.954 E4.7584
;WIDTH:0.45
G1 X92.215 Y87.785 E4.81462
G1 X91.046 Y87.785 E4.87084
;WIDTH:0.471738
G1 X90.522 Y87.796 E4.89747
G1 E2.89747 F2400
G92 E0
G1 X78.319 Y88.235 F7800
G1 E2 F2400
;WIDTH:0.612969
G1 F2297
G1 X78.27 Y88.186 E2.00474
G1 X78.204 Y88.204 E2.00942
G1 X78.186 Y88.27 E2.0141
G1 X78.235 Y88.319 E2.01884
G1 X78.301 Y88.301 E2.02352
G1 E.02352 F2400
G92 E0
G1 X90.33 Y88.204 F7800
G1 E2 F2400
;WIDTH:0.47174
G1 F2297
G1 X79.472 Y88.204 E2.55167
G1 X79.011 Y88.305 E2.57565
;WIDTH:0.45
G1 X78.611 Y88.56 E2.59847
G1 X78.337 Y88.938 E2.62092
;WIDTH:0.471738
G1 X78.204 Y89.478 E2.64918
G1 X78.204 Y100.528 E3.21061
G1 X78.305 Y100.989 E3.23459
;WIDTH:0.45
G1 X78.56 Y101.389 E3.25741
G1 X78.938 Y101.663 E3.27986
;WIDTH:0.471738
G1 X79.478 Y101.796 E3.30812
G1 X90.528 Y101.796 E3.86955
G1 X90.989 Y101.695 E3.89353
;WIDTH:0.45
G1 X91.417 Y101.417 E3.91808
G1 X91.665 Y101.058 E3.93907
;WIDTH:0.471739
G1 X91.796 Y100.528 E3.96681
G1 X91.796 Y89.478 E4.52824
G1 X91.692 Y89.008 E4.5527
;WIDTH:0.45
G1 X91.44 Y88.611 E4.57532
G1 X91.062 Y88.337 E4.59777
;WIDTH:0.471738
G1 X90.522 Y88.204 E4.62603
G1 X91.796 Y88.301 F7800
;WIDTH:0.612969
G1 F2297
G1 X91.73 Y88.319 E4.63071
G1 X91.681 Y88.27 E4.63545
G1 X91.699 Y88.204 E4.64013
G1 X91.765 Y88.186 E4.64481
G1 X91.814 Y88.235 E4.64955
G1 E2.64955 F2400
G92 E0
G1 X91.814 Y101.73 F7800
G1 E2 F2400
;WIDTH:0.612972
G1 F2297
G1 X91.765 Y101.681 E2.00474
G1 X91.699 Y101.699 E2.00942
G1 X91.681 Y101.765 E2.0141
G1 X91.73 Y101.814 E2.01884
G1 X91.796 Y101.796 E2.02352
G1 E.02352 F2400
G92 E0
G1 X78.319 Y101.73 F7800
G1 E2 F2400
;WIDTH:0.612969
G1 F2297
G1 X78.27 Y101.681 E2.00474
G1 X78.204 Y101.699 E2.00942
G1 X78.186 Y101.765 E2.0141
G1 X78.235 Y101.814 E2.01884
G1 X78.301 Y101.796 E2.02352
;LAYER_CHANGE
;Z:3.95
;HEIGHT:0.3
G1 E.02352 F2400
G92 E0
G1 Z3.95 F7800
G1 X74.812 Y105.221
G1 E2 F2400
;TYPE:External perimeter
;WIDTH:0.583165
G1 F1800
G1 X74.784 Y105.216 E2.00184
G1 X74.765 Y105.124 E2.00792
;WIDTH:0.545178
G1 X74.746 Y105.032 E2.01355
;WIDTH:0.507191
G1 X74.746 Y84.968 E3.12168
;WIDTH:0.545178
G1 X74.765 Y84.876 E3.12731
;WIDTH:0.583165
G1 X74.784 Y84.784 E3.13339
G1 X74.876 Y84.765 E3.13947
;WIDTH:0.545178
G1 X74.968 Y84.746 E3.1451
;WIDTH:0.507191
G1 X95.032 Y84.746 E4.25323
;WIDTH:0.545178
G1 X95.124 Y84.765 E4.25886
;WIDTH:0.583165
G1 X95.216 Y84.784 E4.26494
G1 X95.235 Y84.876 E4.27102
;WIDTH:0.545178
G1 X95.254 Y84.968 E4.27665
;WIDTH:0.507191
G1 X95.254 Y105.032 E5.38478
;WIDTH:0.545178
G1 X95.235 Y105.124 E5.39041
;WIDTH:0.583165
G1 X95.216 Y105.216 E5.39649
G1 X95.124 Y105.235 E5.40257
;WIDTH:0.545178
G1 X95.032 Y105.254 E5.4082
;WIDTH:0.507191
G1 X74.968 Y105.254 E6.51633
;WIDTH:0.545178
G1 X74.876 Y105.235 E6.52196
;WIDTH:0.583165
G1 X74.871 Y105.233 E6.52231
G1 X74.748 Y104.853 F7800
G1 E4.52231 F2400
G92 E0
G1 X95.658 Y105.658 F7800
G1 E2 F2400
G1 F1800
G1 X95.345 Y105.677 E2.02029
;WIDTH:0.545178
G1 X95.032 Y105.696 E2.03909
;WIDTH:0.507191
G1 X74.968 Y105.696 E3.14722
;WIDTH:0.545178
G1 X74.655 Y105.677 E3.16602
;WIDTH:0.583165
G1 X74.342 Y105.658 E3.18631
G1 X74.323 Y105.345 E3.2066
;WIDTH:0.545178
G1 X74.304 Y105.032 E3.2254
;WIDTH:0.507191
G1 X74.304 Y84.968 E4.33353
;WIDTH:0.545178
G1 X74.323 Y84.655 E4.35233
;WIDTH:0.583165
G1 X74.342 Y84.342 E4.37262
G1 X74.655 Y84.323 E4.39291
;WIDTH:0.545178
G1 X74.968 Y84.304 E4.41171
;WIDTH:0.507191
G1 X95.032 Y84.304 E5.51984
;WIDTH:0.545178
G1 X95.345 Y84.323 E5.53864
;WIDTH:0.583165
G1 X95.658 Y84.342 E5.55893
G1 X95.658 Y84.601 E5.57569
G1 X95.677 Y84.784 E5.58759
;WIDTH:0.545178
G1 X95.696 Y84.968 E5.59868
;WIDTH:0.507191
G1 X95.696 Y105.032 E6.70681
;WIDTH:0.510546
G1 X95.695 Y105.109 E6.7111
;WIDTH:0.546855
G1 X95.677 Y105.384 E6.72768
;WIDTH:0.583165
G1 X95.662 Y105.599 E6.74163
G1 X95.271 Y105.68 F7800
G1 E4.74163 F2400
G92 E0
G1 X78.79 Y88.783 F7800
G1 E2 F2400
;TYPE:Perimeter
;WIDTH:0.45
G1 F2281
G1 X79.085 Y88.583 E2.01714
G1 X79.468 Y88.504 E2.03595
G1 X90.532 Y88.504 E2.56809
G1 X90.915 Y88.583 E2.5869
G1 X91.214 Y88.786 E2.60428
G1 X91.417 Y89.085 E2.62166
G1 X91.496 Y89.468 E2.64047
G1 X91.496 Y100.532 E3.17261
G1 X91.417 Y100.915 E3.19142
G1 X91.214 Y101.214 E3.2088
G1 X90.915 Y101.417 E3.22618
G1 X90.532 Y101.496 E3.24499
G1 X79.468 Y101.496 E3.77713
G1 X79.085 Y101.417 E3.79594
G1 X78.786 Y101.214 E3.81332
G1 X78.583 Y100.915 E3.8307
G1 X78.504 Y100.532 E3.84951
G1 X78.504 Y89.468 E4.38165
G1 X78.583 Y89.085 E4.40046
G1 X78.755 Y88.831 E4.41521
G1 X79.057 Y89.062 F7800
G1 F2281
G1 X79.059 Y89.059 E4.41538
G1 X79.238 Y88.937 E4.4258
G1 X79.468 Y88.889 E4.4371
G1 X90.532 Y88.889 E4.96924
G1 X90.762 Y88.937 E4.98054
G1 X90.941 Y89.059 E4.99096
G1 X91.063 Y89.238 E5.00138
G1 X91.111 Y89.468 E5.01268
G1 X91.111 Y100.532 E5.54482
G1 X91.063 Y100.762 E5.55612
G1 X90.941 Y100.941 E5.56654
G1 X90.762 Y101.063 E5.57696
G1 X90.532 Y101.111 E5.58826
G1 X79.468 Y101.111 E6.1204
G1 X79.238 Y101.063 E6.1317
G1 X79.059 Y100.941 E6.14212
G1 X78.937 Y100.762 E6.15254
G1 X78.889 Y100.532 E6.16384
G1 X78.889 Y89.468 E6.69598
G1 X78.937 Y89.238 E6.70728
G1 X79.023 Y89.111 E6.71466
G1 X79.338 Y89.329 F7800
;TYPE:External perimeter
G1 F1800
G1 X79.468 Y89.275 E6.72143
G1 X90.532 Y89.275 E7.25357
G1 X90.669 Y89.331 E7.26069
G1 X90.725 Y89.468 E7.26781
G1 X90.725 Y100.532 E7.79995
G1 X90.669 Y100.669 E7.80707
G1 X90.532 Y100.725 E7.81419
G1 X79.468 Y100.725 E8.34633
G1 X79.331 Y100.669 E8.35345
G1 X79.275 Y100.532 E8.36057
G1 X79.275 Y89.468 E8.89271
G1 X79.311 Y89.38 E8.89728
G1 X79.699 Y89.282 F7800
G1 E6.89728 F2400
G92 E0
G1 X92.504 Y102.504 F7800
G1 E2 F2400
;TYPE:Perimeter
G1 F2281
G1 X77.496 Y102.504 E2.72183
G1 X77.496 Y87.496 E3.44366
G1 X92.504 Y87.496 E4.16549
G1 X92.504 Y88.252 E4.20185
G1 X92.504 Y102.444 E4.88444
G1 X92.889 Y102.889 F7800
G1 F2281
G1 X77.111 Y102.889 E5.64331
G1 X77.111 Y87.111 E6.40218
G1 X92.889 Y87.111 E7.16105
G1 X92.889 Y88.252 E7.21593
G1 X92.889 Y102.829 E7.91703
G1 X93.275 Y103.275 F7800
;TYPE:External perimeter
G1 F1800
G1 X76.725 Y103.275 E8.71303
G1 X76.725 Y86.725 E9.50903
G1 X93.275 Y86.725 E10.30503
G1 X93.275 Y88.252 E10.37847
G1 X93.275 Y103.215 E11.09814
G1 X92.879 Y103.274 F7800
G1 E9.09814 F2400
G92 E0
G1 X77.796 Y89.67 F7800
G1 E2 F2400
;TYPE:Solid infill
;WIDTH:0.47174
G1 F2281
G1 X77.785 Y101.042 E2.57779
;WIDTH:0.45
G1 X77.785 Y102.215 E2.63421
G1 X78.954 Y102.215 E2.69043
;WIDTH:0.471739
G1 X91.042 Y102.215 E3.3046
;WIDTH:0.45
G1 X92.215 Y102.215 E3.36102
G1 X92.215 Y101.042 E3.41744
;WIDTH:0.47174
G1 X92.215 Y88.954 E4.03161
;WIDTH:0.45
G1 X92.215 Y87.785 E4.08783
G1 X91.046 Y87.785 E4.14405
;WIDTH:0.471738
G1 X78.958 Y87.785 E4.75821
;WIDTH:0.45
G1 X77.785 Y87.785 E4.81463
G1 X77.785 Y88.954 E4.87085
;WIDTH:0.471738
G1 X77.796 Y89.478 E4.89748
G1 E2.89748 F2400
G92 E0
G1 X78.235 Y101.681 F7800
G1 E2 F2400
;WIDTH:0.612971
G1 F2281
G1 X78.186 Y101.73 E2.00474
G1 X78.204 Y101.796 E2.00942
G1 X78.27 Y101.814 E2.0141
G1 X78.319 Y101.765 E2.01884
G1 X78.301 Y101.699 E2.02352
G1 E.02352 F2400
G92 E0
G1 X78.204 Y89.67 F7800
G1 E2 F2400
;WIDTH:0.47174
G1 F2281
G1 X78.204 Y100.528 E2.55167
G1 X78.305 Y100.989 E2.57565
;WIDTH:0.45
G1 X78.56 Y101.389 E2.59847
G1 X78.938 Y101.663 E2.62092
;WIDTH:0.471739
G1 X79.478 Y101.796 E2.64918
G1 X90.528 Y101.796 E3.21061
G1 X90.989 Y101.695 E3.23459
;WIDTH:0.45
G1 X91.389 Y101.44 E3.25741
G1 X91.665 Y101.058 E3.28008
;WIDTH:0.47174
G1 X91.796 Y100.528 E3.30782
G1 X91.796 Y89.478 E3.86925
G1 X91.692 Y89.008 E3.89371
;WIDTH:0.45
G1 X91.417 Y88.583 E3.91806
G1 X91.062 Y88.337 E3.93883
;WIDTH:0.471738
G1 X90.522 Y88.204 E3.96709
G1 X79.472 Y88.204 E4.52852
G1 X79.011 Y88.305 E4.5525
;WIDTH:0.45
G1 X78.611 Y88.56 E4.57532
G1 X78.337 Y88.938 E4.59777
;WIDTH:0.471738
G1 X78.204 Y89.478 E4.62603
G1 X78.301 Y88.204 F7800
;WIDTH:0.612969
G1 F2281
G1 X78.319 Y88.27 E4.63071
G1 X78.27 Y88.319 E4.63545
G1 X78.204 Y88.301 E4.64013
G1 X78.186 Y88.235 E4.64481
G1 X78.235 Y88.186 E4.64955
G1 E2.64955 F2400
G92 E0
G1 X91.73 Y88.186 F7800
G1 E2 F2400
G1 F2281
G1 X91.681 Y88.235 E2.00474
G1 X91.699 Y88.301 E2.00942
G1 X91.765 Y88.319 E2.0141
G1 X91.814 Y88.27 E2.01884
G1 X91.796 Y88.204 E2.02352
G1 E.02352 F2400
G92 E0
G1 X91.73 Y101.681 F7800
G1 E2 F2400
;WIDTH:0.612971
G1 F2281
G1 X91.681 Y101.73 E2.00474
G1 X91.699 Y101.796 E2.00942
G1 X91.765 Y101.814 E2.0141
G1 X91.814 Y101.765 E2.01884
G1 X91.796 Y101.699 E2.02352
;LAYER_CHANGE
;Z:4.25
;HEIGHT:0.3
G1 E.02352 F2400
G92 E0
G1 Z4.25 F7800
G1 X74.812 Y105.221
G1 E2 F2400
;TYPE:External perimeter
;WIDTH:0.583165
G1 F1800
G1 X74.784 Y105.216 E2.00184
G1 X74.765 Y105.124 E2.00792
;WIDTH:0.545178
G1 X74.746 Y105.032 E2.01355
;WIDTH:0.507191
G1 X74.746 Y84.968 E3.12168
;WIDTH:0.545178
G1 X74.765 Y84.876 E3.12731
;WIDTH:0.583165
G1 X74.784 Y84.784 E3.13339
G1 X74.876 Y84.765 E3.13947
;WIDTH:0.545178
G1 X74.968 Y84.746 E3.1451
;WIDTH:0.507191
G1 X95.032 Y84.746 E4.25323
;WIDTH:0.545178
G1 X95.124 Y84.765 E4.25886
;WIDTH:0.583165
G1 X95.216 Y84.784 E4.26494
G1 X95.235 Y84.876 E4.27102
;WIDTH:0.545178
G1 X95.254 Y84.968 E4.27665
;WIDTH:0.507191
G1 X95.254 Y105.032 E5.38478
;WIDTH:0.545178
G1 X95.235 Y105.124 E5.39041
;WIDTH:0.583165
G1 X95.216 Y105.216 E5.39649
G1 X95.124 Y105.235 E5.40257
;WIDTH:0.545178
G1 X95.032 Y105.254 E5.4082
;WIDTH:0.507191
G1 X74.968 Y105.254 E6.51633
;WIDTH:0.545178
G1 X74.876 Y105.235 E6.52196
;WIDTH:0.583165
G1 X74.871 Y105.233 E6.52231
G1 X74.748 Y104.853 F7800
G1 E4.52231 F2400
G92 E0
G1 X95.658 Y105.658 F7800
G1 E2 F2400
G1 F1800
G1 X95.345 Y105.677 E2.02029
;WIDTH:0.545178
G1 X95.032 Y105.696 E2.03909
;WIDTH:0.507191
G1 X74.968 Y105.696 E3.14722
;WIDTH:0.545178
G1 X74.655 Y105.677 E3.16602
;WIDTH:0.583165
G1 X74.342 Y105.658 E3.18631
G1 X74.323 Y105.345 E3.2066
;WIDTH:0.545178
G1 X74.304 Y105.032 E3.2254
;WIDTH:0.507191
G1 X74.304 Y84.968 E4.33353
;WIDTH:0.545178
G1 X74.323 Y84.655 E4.35233
;WIDTH:0.583165
G1 X74.342 Y84.342 E4.37262
G1 X74.655 Y84.323 E4.39291
;WIDTH:0.545178
G1 X74.968 Y84.304 E4.41171
;WIDTH:0.507191
G1 X95.032 Y84.304 E5.51984
;WIDTH:0.545178
G1 X95.345 Y84.323 E5.53864
;WIDTH:0.583165
G1 X95.658 Y84.342 E5.55893
G1 X95.658 Y84.601 E5.57569
G1 X95.677 Y84.784 E5.58759
;WIDTH:0.545178
G1 X95.696 Y84.968 E5.59868
;WIDTH:0.507191
G1 X95.696 Y105.032 E6.70681
;WIDTH:0.510546
G1 X95.695 Y105.109 E6.7111
;WIDTH:0.546855
G1 X95.677 Y105.384 E6.72768
;WIDTH:0.583165
G1 X95.662 Y105.599 E6.74163
G1 X95.271 Y105.68 F7800
G1 E4.74163 F2400
G92 E0
G1 X78.79 Y88.783 F7800
G1 E2 F2400
;TYPE:Perimeter
;WIDTH:0.45
G1 F2297
G1 X79.085 Y88.583 E2.01714
G1 X79.468 Y88.504 E2.03595
G1 X90.532 Y88.504 E2.56809
G1 X90.915 Y88.583 E2.5869
G1 X91.214 Y88.786 E2.60428
G1 X91.417 Y89.085 E2.62166
G1 X91.496 Y89.468 E2.64047
G1 X91.496 Y100.532 E3.17261
G1 X91.417 Y100.915 E3.19142
G1 X91.214 Y101.214 E3.2088
G1 X90.915 Y101.417 E3.22618
G1 X90.532 Y101.496 E3.24499
G1 X79.468 Y101.496 E3.77713
G1 X79.085 Y101.417 E3.79594
G1 X78.786 Y101.214 E3.81332
G1 X78.583 Y100.915 E3.8307
G1 X78.504 Y100.532 E3.84951
G1 X78.504 Y89.468 E4.38165
G1 X78.583 Y89.085 E4.40046
G1 X78.755 Y88.831 E4.41521
G1 X79.057 Y89.062 F7800
G1 F2297
G1 X79.059 Y89.059 E4.41538
G1 X79.238 Y88.937 E4.4258
G1 X79.468 Y88.889 E4.4371
G1 X90.532 Y88.889 E4.96924
G1 X90.762 Y88.937 E4.98054
G1 X90.941 Y89.059 E4.99096
G1 X91.063 Y89.238 E5.00138
G1 X91.111 Y89.468 E5.01268
G1 X91.111 Y100.532 E5.54482
G1 X91.063 Y100.762 E5.55612
G1 X90.941 Y100.941 E5.56654
G1 X90.762 Y101.063 E5.57696
G1 X90.532 Y101.111 E5.58826
G1 X79.468 Y101.111 E6.1204
G1 X79.238 Y101.063 E6.1317
G1 X79.059 Y100.941 E6.14212
G1 X78.937 Y100.762 E6.15254
G1 X78.889 Y100.532 E6.16384
G1 X78.889 Y89.468 E6.69598
G1 X78.937 Y89.238 E6.70728
G1 X79.023 Y89.111 E6.71466
G1 X79.338 Y89.329 F7800
;TYPE:External perimeter
G1 F1800
G1 X79.468 Y89.275 E6.72143
G1 X90.532 Y89.275 E7.25357
G1 X90.669 Y89.331 E7.26069
G1 X90.725 Y89.468 E7.26781
G1 X90.725 Y100.532 E7.79995
G1 X90.669 Y100.669 E7.80707
G1 X90.532 Y100.725 E7.81419
G1 X79.468 Y100.725 E8.34633
G1 X79.331 Y100.669 E8.35345
G1 X79.275 Y100.532 E8.36057
G1 X79.275 Y89.468 E8.89271
G1 X79.311 Y89.38 E8.89728
G1 X79.699 Y89.282 F7800
G1 E6.89728 F2400
G92 E0
G1 X92.504 Y102.504 F7800
G1 E2 F2400
;TYPE:Perimeter
G1 F2297
G1 X77.496 Y102.504 E2.72183
G1 X77.496 Y87.496 E3.44366
G1 X92.504 Y87.496 E4.16549
G1 X92.504 Y88.252 E4.20185
G1 X92.504 Y102.444 E4.88444
G1 X92.889 Y102.889 F7800
G1 F2297
G1 X77.111 Y102.889 E5.64331
G1 X77.111 Y87.111 E6.40218
G1 X92.889 Y87.111 E7.16105
G1 X92.889 Y88.252 E7.21593
G1 X92.889 Y102.829 E7.91703
G1 X93.275 Y103.275 F7800
;TYPE:External perimeter
G1 F1800
G1 X76.725 Y103.275 E8.71303
G1 X76.725 Y86.725 E9.50903
G1 X93.275 Y86.725 E10.30503
G1 X93.275 Y88.252 E10.37847
G1 X93.275 Y103.215 E11.09814
G1 X92.879 Y103.274 F7800
G1 E9.09814 F2400
G92 E0
G1 X90.33 Y87.796 F7800
G1 E2 F2400
;TYPE:Solid infill
;WIDTH:0.47174
G1 F2297
G1 X78.958 Y87.785 E2.57779
;WIDTH:0.45
G1 X77.785 Y87.785 E2.63421
G1 X77.785 Y88.954 E2.69043
;WIDTH:0.471738
G1 X77.785 Y101.042 E3.30459
;WIDTH:0.45
G1 X77.785 Y102.215 E3.36101
G1 X78.954 Y102.215 E3.41723
;WIDTH:0.471738
G1 X91.042 Y102.215 E4.03139
;WIDTH:0.45
G1 X92.215 Y102.215 E4.08781
G1 X92.215 Y101.042 E4.14423
;WIDTH:0.471739
G1 X92.215 Y88.954 E4.7584
;WIDTH:0.45
G1 X92.215 Y87.785 E4.81462
G1 X91.046 Y87.785 E4.87084
;WIDTH:0.471738
G1 X90.522 Y87.796 E4.89747
G1 E2.89747 F2400
G92 E0
G1 X78.319 Y88.235 F7800
G1 E2 F2400
;WIDTH:0.612969
G1 F2297
G1 X78.27 Y88.186 E2.00474
G1 X78.204 Y88.204 E2.00942
G1 X78.186 Y88.27 E2.0141
G1 X78.235 Y88.319 E2.01884
G1 X78.301 Y88.301 E2.02352
G1 E.02352 F2400
G92 E0
G1 X90.33 Y88.204 F7800
G1 E2 F2400
;WIDTH:0.47174
G1 F2297
G1 X79.472 Y88.204 E2.55167
G1 X79.011 Y88.305 E2.57565
;WIDTH:0.45
G1 X78.611 Y88.56 E2.59847
G1 X78.337 Y88.938 E2.62092
;WIDTH:0.471738
G1 X78.204 Y89.478 E2.64918
G1 X78.204 Y100.528 E3.21061
G1 X78.305 Y100.989 E3.23459
;WIDTH:0.45
G1 X78.56 Y101.389 E3.25741
G1 X78.938 Y101.663 E3.27986
;WIDTH:0.471738
G1 X79.478 Y101.796 E3.30812
G1 X90.528 Y101.796 E3.86955
G1 X90.989 Y101.695 E3.89353
;WIDTH:0.45
G1 X91.417 Y101.417 E3.91808
G1 X91.665 Y101.058 E3.93907
;WIDTH:0.471739
G1 X91.796 Y100.528 E3.96681
G1 X91.796 Y89.478 E4.52824
G1 X91.692 Y89.008 E4.5527
;WIDTH:0.45
G1 X91.44 Y88.611 E4.57532
G1 X91.062 Y88.337 E4.59777
;WIDTH:0.471738
G1 X90.522 Y88.204 E4.62603
G1 X91.796 Y88.301 F7800
;WIDTH:0.612969
G1 F2297
G1 X91.73 Y88.319 E4.63071
G1 X91.681 Y88.27 E4.63545
G1 X91.699 Y88.204 E4.64013
G1 X91.765 Y88.186 E4.64481
G1 X91.814 Y88.235 E4.64955
G1 E2.64955 F2400
G92 E0
G1 X91.814 Y101.73 F7800
G1 E2 F2400
;WIDTH:0.612972
G1 F2297
G1 X91.765 Y101.681 E2.00474
G1 X91.699 Y101.699 E2.00942
G1 X91.681 Y101.765 E2.0141
G1 X91.73 Y101.814 E2.01884
G1 X91.796 Y101.796 E2.02352
G1 E.02352 F2400
G92 E0
G1 X78.319 Y101.73 F7800
G1 E2 F2400
;WIDTH:0.612969
G1 F2297
G1 X78.27 Y101.681 E2.00474
G1 X78.204 Y101.699 E2.00942
G1 X78.186 Y101.765 E2.0141
G1 X78.235 Y101.814 E2.01884
G1 X78.301 Y101.796 E2.02352
;LAYER_CHANGE
;Z:4.55
;HEIGHT:0.3
G1 E.02352 F2400
G92 E0
G1 Z4.55 F7800
G1 X74.812 Y105.221
G1 E2 F2400
;TYPE:External perimeter
;WIDTH:0.583165
G1 F1800
G1 X74.784 Y105.216 E2.00184
G1 X74.765 Y105.124 E2.00792
;WIDTH:0.545178
G1 X74.746 Y105.032 E2.01355
;WIDTH:0.507191
G1 X74.746 Y84.968 E3.12168
;WIDTH:0.545178
G1 X74.765 Y84.876 E3.12731
;WIDTH:0.583165
G1 X74.784 Y84.784 E3.13339
G1 X74.876 Y84.765 E3.13947
;WIDTH:0.545178
G1 X74.968 Y84.746 E3.1451
;WIDTH:0.507191
G1 X95.032 Y84.746 E4.25323
;WIDTH:0.545178
G1 X95.124 Y84.765 E4.25886
;WIDTH:0.583165
G1 X95.216 Y84.784 E4.26494
G1 X95.235 Y84.876 E4.27102
;WIDTH:0.545178
G1 X95.254 Y84.968 E4.27665
;WIDTH:0.507191
G1 X95.254 Y105.032 E5.38478
;WIDTH:0.545178
G1 X95.235 Y105.124 E5.39041
;WIDTH:0.583165
G1 X95.216 Y105.216 E5.39649
G1 X95.124 Y105.235 E5.40257
;WIDTH:0.545178
G1 X95.032 Y105.254 E5.4082
;WIDTH:0.507191
G1 X74.968 Y105.254 E6.51633
;WIDTH:0.545178
G1 X74.876 Y105.235 E6.52196
;WIDTH:0.583165
G1 X74.871 Y105.233 E6.52231
G1 X74.748 Y104.853 F7800
G1 E4.52231 F2400
G92 E0
G1 X95.658 Y105.658 F7800
G1 E2 F2400
G1 F1800
G1 X95.345 Y105.677 E2.02029
;WIDTH:0.545178
G1 X95.032 Y105.696 E2.03909
;WIDTH:0.507191
G1 X74.968 Y105.696 E3.14722
;WIDTH:0.545178
G1 X74.655 Y105.677 E3.16602
;WIDTH:0.583165
G1 X74.342 Y105.658 E3.18631
G1 X74.323 Y105.345 E3.2066
;WIDTH:0.545178
G1 X74.304 Y105.032 E3.2254
;WIDTH:0.507191
G1 X74.304 Y84.968 E4.33353
;WIDTH:0.545178
G1 X74.323 Y84.655 E4.35233
;WIDTH:0.583165
G1 X74.342 Y84.342 E4.37262
G1 X74.655 Y84.323 E4.39291
;WIDTH:0.545178
G1 X74.968 Y84.304 E4.41171
;WIDTH:0.507191
G1 X95.032 Y84.304 E5.51984
;WIDTH:0.545178
G1 X95.345 Y84.323 E5.53864
;WIDTH:0.583165
G1 X95.658 Y84.342 E5.55893
G1 X95.658 Y84.601 E5.57569
G1 X95.677 Y84.784 E5.58759
;WIDTH:0.545178
G1 X95.696 Y84.968 E5.59868
;WIDTH:0.507191
G1 X95.696 Y105.032 E6.70681
;WIDTH:0.510546
G1 X95.695 Y105.109 E6.7111
;WIDTH:0.546855
G1 X95.677 Y105.384 E6.72768
;WIDTH:0.583165
G1 X95.662 Y105.599 E6.74163
G1 X95.271 Y105.68 F7800
G1 E4.74163 F2400
G92 E0
G1 X78.79 Y88.783 F7800
G1 E2 F2400
;TYPE:Perimeter
;WIDTH:0.45
G1 F2281
G1 X79.085 Y88.583 E2.01714
G1 X79.468 Y88.504 E2.03595
G1 X90.532 Y88.504 E2.56809
G1 X90.915 Y88.583 E2.5869
G1 X91.214 Y88.786 E2.60428
G1 X91.417 Y89.085 E2.62166
G1 X91.496 Y89.468 E2.64047
G1 X91.496 Y100.532 E3.17261
G1 X91.417 Y100.915 E3.19142
G1 X91.214 Y101.214 E3.2088
G1 X90.915 Y101.417 E3.22618
G1 X90.532 Y101.496 E3.24499
G1 X79.468 Y101.496 E3.77713
G1 X79.085 Y101.417 E3.79594
G1 X78.786 Y101.214 E3.81332
G1 X78.583 Y100.915 E3.8307
G1 X78.504 Y100.532 E3.84951
G1 X78.504 Y89.468 E4.38165
G1 X78.583 Y89.085 E4.40046
G1 X78.755 Y88.831 E4.41521
G1 X79.057 Y89.062 F7800
G1 F2281
G1 X79.059 Y89.059 E4.41538
G1 X79.238 Y88.937 E4.4258
G1 X79.468 Y88.889 E4.4371
G1 X90.532 Y88.889 E4.96924
G1 X90.762 Y88.937 E4.98054
G1 X90.941 Y89.059 E4.99096
G1 X91.063 Y89.238 E5.00138
G1 X91.111 Y89.468 E5.01268
G1 X91.111 Y100.532 E5.54482
G1 X91.063 Y100.762 E5.55612
G1 X90.941 Y100.941 E5.56654
G1 X90.762 Y101.063 E5.57696
G1 X90.532 Y101.111 E5.58826
G1 X79.468 Y101.111 E6.1204
G1 X79.238 Y101.063 E6.1317
G1 X79.059 Y100.941 E6.14212
G1 X78.937 Y100.762 E6.15254
G1 X78.889 Y100.532 E6.16384
G1 X78.889 Y89.468 E6.69598
G1 X78.937 Y89.238 E6.70728
G1 X79.023 Y89.111 E6.71466
G1 X79.338 Y89.329 F7800
;TYPE:External perimeter
G1 F1800
G1 X79.468 Y89.275 E6.72143
G1 X90.532 Y89.275 E7.25357
G1 X90.669 Y89.331 E7.26069
G1 X90.725 Y89.468 E7.26781
G1 X90.725 Y100.532 E7.79995
G1 X90.669 Y100.669 E7.80707
G1 X90.532 Y100.725 E7.81419
G1 X79.468 Y100.725 E8.34633
G1 X79.331 Y100.669 E8.35345
G1 X79.275 Y100.532 E8.36057
G1 X79.275 Y89.468 E8.89271
G1 X79.311 Y89.38 E8.89728
G1 X79.699 Y89.282 F7800
G1 E6.89728 F2400
G92 E0
G1 X92.504 Y102.504 F7800
G1 E2 F2400
;TYPE:Perimeter
G1 F2281
G1 X77.496 Y102.504 E2.72183
G1 X77.496 Y87.496 E3.44366
G1 X92.504 Y87.496 E4.16549
G1 X92.504 Y88.252 E4.20185
G1 X92.504 Y102.444 E4.88444
G1 X92.889 Y102.889 F7800
G1 F2281
G1 X77.111 Y102.889 E5.64331
G1 X77.111 Y87.111 E6.40218
G1 X92.889 Y87.111 E7.16105
G1 X92.889 Y88.252 E7.21593
G1 X92.889 Y102.829 E7.91703
G1 X93.275 Y103.275 F7800
;TYPE:External perimeter
G1 F1800
G1 X76.725 Y103.275 E8.71303
G1 X76.725 Y86.725 E9.50903
G1 X93.275 Y86.725 E10.30503
G1 X93.275 Y88.252 E10.37847
G1 X93.275 Y103.215 E11.09814
G1 X92.879 Y103.274 F7800
G1 E9.09814 F2400
G92 E0
G1 X77.796 Y89.67 F7800
G1 E2 F2400
;TYPE:Solid infill
;WIDTH:0.47174
G1 F2281
G1 X77.785 Y101.042 E2.57779
;WIDTH:0.45
G1 X77.785 Y102.215 E2.63421
G1 X78.954 Y102.215 E2.69043
;WIDTH:0.471739
G1 X91.042 Y102.215 E3.3046
;WIDTH:0.45
G1 X92.215 Y102.215 E3.36102
G1 X92.215 Y101.042 E3.41744
;WIDTH:0.47174
G1 X92.215 Y88.954 E4.03161
;WIDTH:0.45
G1 X92.215 Y87.785 E4.08783
G1 X91.046 Y87.785 E4.14405
;WIDTH:0.471738
G1 X78.958 Y87.785 E4.75821
;WIDTH:0.45
G1 X77.785 Y87.785 E4.81463
G1 X77.785 Y88.954 E4.87085
;WIDTH:0.471738
G1 X77.796 Y89.478 E4.89748
G1 E2.89748 F2400
G92 E0
G1 X78.235 Y101.681 F7800
G1 E2 F2400
;WIDTH:0.612971
G1 F2281
G1 X78.186 Y101.73 E2.00474
G1 X78.204 Y101.796 E2.00942
G1 X78.27 Y101.814 E2.0141
G1 X78.319 Y101.765 E2.01884
G1 X78.301 Y101.699 E2.02352
G1 E.02352 F2400
G92 E0
G1 X78.204 Y89.67 F7800
G1 E2 F2400
;WIDTH:0.47174
G1 F2281
G1 X78.204 Y100.528 E2.55167
G1 X78.305 Y100.989 E2.57565
;WIDTH:0.45
G1 X78.56 Y101.389 E2.59847
G1 X78.938 Y101.663 E2.62092
;WIDTH:0.471739
G1 X79.478 Y101.796 E2.64918
G1 X90.528 Y101.796 E3.21061
G1 X90.989 Y101.695 E3.23459
;WIDTH:0.45
G1 X91.389 Y101.44 E3.25741
G1 X91.665 Y101.058 E3.28008
;WIDTH:0.47174
G1 X91.796 Y100.528 E3.30782
G1 X91.796 Y89.478 E3.86925
G1 X91.692 Y89.008 E3.89371
;WIDTH:0.45
G1 X91.417 Y88.583 E3.91806
G1 X91.062 Y88.337 E3.93883
;WIDTH:0.471738
G1 X90.522 Y88.204 E3.96709
G1 X79.472 Y88.204 E4.52852
G1 X79.011 Y88.305 E4.5525
;WIDTH:0.45
G1 X78.611 Y88.56 E4.57532
G1 X78.337 Y88.938 E4.59777
;WIDTH:0.471738
G1 X78.204 Y89.478 E4.62603
G1 X78.301 Y88.204 F7800
;WIDTH:0.612969
G1 F2281
G1 X78.319 Y88.27 E4.63071
G1 X78.27 Y88.319 E4.63545
G1 X78.204 Y88.301 E4.64013
G1 X78.186 Y88.235 E4.64481
G1 X78.235 Y88.186 E4.64955
G1 E2.64955 F2400
G92 E0
G1 X91.73 Y88.186 F7800
G1 E2 F2400
G1 F2281
G1 X91.681 Y88.235 E2.00474
G1 X91.699 Y88.301 E2.00942
G1 X91.765 Y88.319 E2.0141
G1 X91.814 Y88.27 E2.01884
G1 X91.796 Y88.204 E2.02352
G1 E.02352 F2400
G92 E0
G1 X91.73 Y101.681 F7800
G1 E2 F2400
;WIDTH:0.612971
G1 F2281
G1 X91.681 Y101.73 E2.00474
G1 X91.699 Y101.796 E2.00942
G1 X91.765 Y101.814 E2.0141
G1 X91.814 Y101.765 E2.01884
G1 X91.796 Y101.699 E2.02352
;LAYER_CHANGE
;Z:4.85
;HEIGHT:0.3
G1 E.02352 F2400
G92 E0
G1 Z4.85 F7800
G1 X74.812 Y105.221
G1 E2 F2400
;TYPE:External perimeter
;WIDTH:0.583165
G1 F1800
G1 X74.784 Y105.216 E2.00184
G1 X74.765 Y105.124 E2.00792
;WIDTH:0.545178
G1 X74.746 Y105.032 E2.01355
;WIDTH:0.507191
G1 X74.746 Y84.968 E3.12168
;WIDTH:0.545178
G1 X74.765 Y84.876 E3.12731
;WIDTH:0.583165
G1 X74.784 Y84.784 E3.13339
G1 X74.876 Y84.765 E3.13947
;WIDTH:0.545178
G1 X74.968 Y84.746 E3.1451
;WIDTH:0.507191
G1 X95.032 Y84.746 E4.25323
;WIDTH:0.545178
G1 X95.124 Y84.765 E4.25886
;WIDTH:0.583165
G1 X95.216 Y84.784 E4.26494
G1 X95.235 Y84.876 E4.27102
;WIDTH:0.545178
G1 X95.254 Y84.968 E4.27665
;WIDTH:0.507191
G1 X95.254 Y105.032 E5.38478
;WIDTH:0.545178
G1 X95.235 Y105.124 E5.39041
;WIDTH:0.583165
G1 X95.216 Y105.216 E5.39649
G1 X95.124 Y105.235 E5.40257
;WIDTH:0.545178
G1 X95.032 Y105.254 E5.4082
;WIDTH:0.507191
G1 X74.968 Y105.254 E6.51633
;WIDTH:0.545178
G1 X74.876 Y105.235 E6.52196
;WIDTH:0.583165
G1 X74.871 Y105.233 E6.52231
G1 X74.748 Y104.853 F7800
G1 E4.52231 F2400
G92 E0
G1 X95.658 Y105.658 F7800
G1 E2 F2400
G1 F1800
G1 X95.345 Y105.677 E2.02029
;WIDTH:0.545178
G1 X95.032 Y105.696 E2.03909
;WIDTH:0.507191
G1 X74.968 Y105.696 E3.14722
;WIDTH:0.545178
G1 X74.655 Y105.677 E3.16602
;WIDTH:0.583165
G1 X74.342 Y105.658 E3.18631
G1 X74.323 Y105.345 E3.2066
;WIDTH:0.545178
G1 X74.304 Y105.032 E3.2254
;WIDTH:0.507191
G1 X74.304 Y84.968 E4.33353
;WIDTH:0.545178
G1 X74.323 Y84.655 E4.35233
;WIDTH:0.583165
G1 X74.342 Y84.342 E4.37262
G1 X74.655 Y84.323 E4.39291
;WIDTH:0.545178
G1 X74.968 Y84.304 E4.41171
;WIDTH:0.507191
G1 X95.032 Y84.304 E5.51984
;WIDTH:0.545178
G1 X95.345 Y84.323 E5.53864
;WIDTH:0.583165
G1 X95.658 Y84.342 E5.55893
G1 X95.658 Y84.601 E5.57569
G1 X95.677 Y84.784 E5.58759
;WIDTH:0.545178
G1 X95.696 Y84.968 E5.59868
;WIDTH:0.507191
G1 X95.696 Y105.032 E6.70681
;WIDTH:0.510546
G1 X95.695 Y105.109 E6.7111
;WIDTH:0.546855
G1 X95.677 Y105.384 E6.72768
;WIDTH:0.583165
G1 X95.662 Y105.599 E6.74163
G1 X95.271 Y105.68 F7800
G1 E4.74163 F2400
G92 E0
G1 X78.79 Y88.783 F7800
G1 E2 F2400
;TYPE:Perimeter
;WIDTH:0.45
G1 F2297
G1 X79.085 Y88.583 E2.01714
G1 X79.468 Y88.504 E2.03595
G1 X90.532 Y88.504 E2.56809
G1 X90.915 Y88.583 E2.5869
G1 X91.214 Y88.786 E2.60428
G1 X91.417 Y89.085 E2.62166
G1 X91.496 Y89.468 E2.64047
G1 X91.496 Y100.532 E3.17261
G1 X91.417 Y100.915 E3.19142
G1 X91.214 Y101.214 E3.2088
G1 X90.915 Y101.417 E3.22618
G1 X90.532 Y101.496 E3.24499
G1 X79.468 Y101.496 E3.77713
G1 X79.085 Y101.417 E3.79594
G1 X78.786 Y101.214 E3.81332
G1 X78.583 Y100.915 E3.8307
G1 X78.504 Y100.532 E3.84951
G1 X78.504 Y89.468 E4.38165
G1 X78.583 Y89.085 E4.40046
G1 X78.755 Y88.831 E4.41521
G1 X79.057 Y89.062 F7800
G1 F2297
G1 X79.059 Y89.059 E4.41538
G1 X79.238 Y88.937 E4.4258
G1 X79.468 Y88.889 E4.4371
G1 X90.532 Y88.889 E4.96924
G1 X90.762 Y88.937 E4.98054
G1 X90.941 Y89.059 E4.99096
G1 X91.063 Y89.238 E5.00138
G1 X91.111 Y89.468 E5.01268
G1 X91.111 Y100.532 E5.54482
G1 X91.063 Y100.762 E5.55612
G1 X90.941 Y100.941 E5.56654
G1 X90.762 Y101.063 E5.57696
G1 X90.532 Y101.111 E5.58826
G1 X79.468 Y101.111 E6.1204
G1 X79.238 Y101.063 E6.1317
G1 X79.059 Y100.941 E6.14212
G1 X78.937 Y100.762 E6.15254
G1 X78.889 Y100.532 E6.16384
G1 X78.889 Y89.468 E6.69598
G1 X78.937 Y89.238 E6.70728
G1 X79.023 Y89.111 E6.71466
G1 X79.338 Y89.329 F7800
;TYPE:External perimeter
G1 F1800
G1 X79.468 Y89.275 E6.72143
G1 X90.532 Y89.275 E7.25357
G1 X90.669 Y89.331 E7.26069
G1 X90.725 Y89.468 E7.26781
G1 X90.725 Y100.532 E7.79995
G1 X90.669 Y100.669 E7.80707
G1 X90.532 Y100.725 E7.81419
G1 X79.468 Y100.725 E8.34633
G1 X79.331 Y100.669 E8.35345
G1 X79.275 Y100.532 E8.36057
G1 X79.275 Y89.468 E8.89271
G1 X79.311 Y89.38 E8.89728
G1 X79.699 Y89.282 F7800
G1 E6.89728 F2400
G92 E0
G1 X92.504 Y102.504 F7800
G1 E2 F2400
;TYPE:Perimeter
G1 F2297
G1 X77.496 Y102.504 E2.72183
G1 X77.496 Y87.496 E3.44366
G1 X92.504 Y87.496 E4.16549
G1 X92.504 Y88.252 E4.20185
G1 X92.504 Y102.444 E4.88444
G1 X92.889 Y102.889 F7800
G1 F2297
G1 X77.111 Y102.889 E5.64331
G1 X77.111 Y87.111 E6.40218
G1 X92.889 Y87.111 E7.16105
G1 X92.889 Y88.252 E7.21593
G1 X92.889 Y102.829 E7.91703
G1 X93.275 Y103.275 F7800
;TYPE:External perimeter
G1 F1800
G1 X76.725 Y103.275 E8.71303
G1 X76.725 Y86.725 E9.50903
G1 X93.275 Y86.725 E10.30503
G1 X93.275 Y88.252 E10.37847
G1 X93.275 Y103.215 E11.09814
G1 X92.879 Y103.274 F7800
G1 E9.09814 F2400
G92 E0
G1 X90.33 Y87.796 F7800
G1 E2 F2400
;TYPE:Solid infill
;WIDTH:0.47174
G1 F2297
G1 X78.958 Y87.785 E2.57779
;WIDTH:0.45
G1 X77.785 Y87.785 E2.63421
G1 X77.785 Y88.954 E2.69043
;WIDTH:0.471738
G1 X77.785 Y101.042 E3.30459
;WIDTH:0.45
G1 X77.785 Y102.215 E3.36101
G1 X78.954 Y102.215 E3.41723
;WIDTH:0.471738
G1 X91.042 Y102.215 E4.03139
;WIDTH:0.45
G1 X92.215 Y102.215 E4.08781
G1 X92.215 Y101.042 E4.14423
;WIDTH:0.471739
G1 X92.215 Y88.954 E4.7584
;WIDTH:0.45
G1 X92.215 Y87.785 E4.81462
G1 X91.046 Y87.785 E4.87084
;WIDTH:0.471738
G1 X90.522 Y87.796 E4.89747
G1 E2.89747 F2400
G92 E0
G1 X78.319 Y88.235 F7800
G1 E2 F2400
;WIDTH:0.612969
G1 F2297
G1 X78.27 Y88.186 E2.00474
G1 X78.204 Y88.204 E2.00942
G1 X78.186 Y88.27 E2.0141
G1 X78.235 Y88.319 E2.01884
G1 X78.301 Y88.301 E2.02352
G1 E.02352 F2400
G92 E0
G1 X90.33 Y88.204 F7800
G1 E2 F2400
;WIDTH:0.47174
G1 F2297
G1 X79.472 Y88.204 E2.55167
G1 X79.011 Y88.305 E2.57565
;WIDTH:0.45
G1 X78.611 Y88.56 E2.59847
G1 X78.337 Y88.938 E2.62092
;WIDTH:0.471738
G1 X78.204 Y89.478 E2.64918
G1 X78.204 Y100.528 E3.21061
G1 X78.305 Y100.989 E3.23459
;WIDTH:0.45
G1 X78.56 Y101.389 E3.25741
G1 X78.938 Y101.663 E3.27986
;WIDTH:0.471738
G1 X79.478 Y101.796 E3.30812
G1 X90.528 Y101.796 E3.86955
G1 X90.989 Y101.695 E3.89353
;WIDTH:0.45
G1 X91.417 Y101.417 E3.91808
G1 X91.665 Y101.058 E3.93907
;WIDTH:0.471739
G1 X91.796 Y100.528 E3.96681
G1 X91.796 Y89.478 E4.52824
G1 X91.692 Y89.008 E4.5527
;WIDTH:0.45
G1 X91.44 Y88.611 E4.57532
G1 X91.062 Y88.337 E4.59777
;WIDTH:0.471738
G1 X90.522 Y88.204 E4.62603
G1 X91.796 Y88.301 F7800
;WIDTH:0.612969
G1 F2297
G1 X91.73 Y88.319 E4.63071
G1 X91.681 Y88.27 E4.63545
G1 X91.699 Y88.204 E4.64013
G1 X91.765 Y88.186 E4.64481
G1 X91.814 Y88.235 E4.64955
G1 E2.64955 F2400
G92 E0
G1 X91.814 Y101.73 F7800
G1 E2 F2400
;WIDTH:0.612972
G1 F2297
G1 X91.765 Y101.681 E2.00474
G1 X91.699 Y101.699 E2.00942
G1 X91.681 Y101.765 E2.0141
G1 X91.73 Y101.814 E2.01884
G1 X91.796 Y101.796 E2.02352
G1 E.02352 F2400
G92 E0
G1 X78.319 Y101.73 F7800
G1 E2 F2400
;WIDTH:0.612969
G1 F2297
G1 X78.27 Y101.681 E2.00474
G1 X78.204 Y101.699 E2.00942
G1 X78.186 Y101.765 E2.0141
G1 X78.235 Y101.814 E2.01884
G1 X78.301 Y101.796 E2.02352
;LAYER_CHANGE
;Z:5.15
;HEIGHT:0.3
G1 E.02352 F2400
G92 E0
G1 Z5.15 F7800
G1 X74.812 Y105.221
G1 E2 F2400
;TYPE:External perimeter
;WIDTH:0.583165
G1 F1800
G1 X74.784 Y105.216 E2.00184
G1 X74.765 Y105.124 E2.00792
;WIDTH:0.545178
G1 X74.746 Y105.032 E2.01355
;WIDTH:0.507191
G1 X74.746 Y84.968 E3.12168
;WIDTH:0.545178
G1 X74.765 Y84.876 E3.12731
;WIDTH:0.583165
G1 X74.784 Y84.784 E3.13339
G1 X74.876 Y84.765 E3.13947
;WIDTH:0.545178
G1 X74.968 Y84.746 E3.1451
;WIDTH:0.507191
G1 X95.032 Y84.746 E4.25323
;WIDTH:0.545178
G1 X95.124 Y84.765 E4.25886
;WIDTH:0.583165
G1 X95.216 Y84.784 E4.26494
G1 X95.235 Y84.876 E4.27102
;WIDTH:0.545178
G1 X95.254 Y84.968 E4.27665
;WIDTH:0.507191
G1 X95.254 Y105.032 E5.38478
;WIDTH:0.545178
G1 X95.235 Y105.124 E5.39041
;WIDTH:0.583165
G1 X95.216 Y105.216 E5.39649
G1 X95.124 Y105.235 E5.40257
;WIDTH:0.545178
G1 X95.032 Y105.254 E5.4082
;WIDTH:0.507191
G1 X74.968 Y105.254 E6.51633
;WIDTH:0.545178
G1 X74.876 Y105.235 E6.52196
;WIDTH:0.583165
G1 X74.871 Y105.233 E6.52231
G1 X74.748 Y104.853 F7800
G1 E4.52231 F2400
G92 E0
G1 X95.658 Y105.658 F7800
G1 E2 F2400
G1 F1800
G1 X95.345 Y105.677 E2.02029
;WIDTH:0.545178
G1 X95.032 Y105.696 E2.03909
;WIDTH:0.507191
G1 X74.968 Y105.696 E3.14722
;WIDTH:0.545178
G1 X74.655 Y105.677 E3.16602
;WIDTH:0.583165
G1 X74.342 Y105.658 E3.18631
G1 X74.323 Y105.345 E3.2066
;WIDTH:0.545178
G1 X74.304 Y105.032 E3.2254
;WIDTH:0.507191
G1 X74.304 Y84.968 E4.33353
;WIDTH:0.545178
G1 X74.323 Y84.655 E4.35233
;WIDTH:0.583165
G1 X74.342 Y84.342 E4.37262
G1 X74.655 Y84.323 E4.39291
;WIDTH:0.545178
G1 X74.968 Y84.304 E4.41171
;WIDTH:0.507191
G1 X95.032 Y84.304 E5.51984
;WIDTH:0.545178
G1 X95.345 Y84.323 E5.53864
;WIDTH:0.583165
G1 X95.658 Y84.342 E5.55893
G1 X95.658 Y84.601 E5.57569
G1 X95.677 Y84.784 E5.58759
;WIDTH:0.545178
G1 X95.696 Y84.968 E5.59868
;WIDTH:0.507191
G1 X95.696 Y105.032 E6.70681
;WIDTH:0.510546
G1 X95.695 Y105.109 E6.7111
;WIDTH:0.546855
G1 X95.677 Y105.384 E6.72768
;WIDTH:0.583165
G1 X95.662 Y105.599 E6.74163
G1 X95.271 Y105.68 F7800
G1 E4.74163 F2400
G92 E0
G1 X78.79 Y88.783 F7800
G1 E2 F2400
;TYPE:Perimeter
;WIDTH:0.45
G1 F2281
G1 X79.085 Y88.583 E2.01714
G1 X79.468 Y88.504 E2.03595
G1 X90.532 Y88.504 E2.56809
G1 X90.915 Y88.583 E2.5869
G1 X91.214 Y88.786 E2.60428
G1 X91.417 Y89.085 E2.62166
G1 X91.496 Y89.468 E2.64047
G1 X91.496 Y100.532 E3.17261
G1 X91.417 Y100.915 E3.19142
G1 X91.214 Y101.214 E3.2088
G1 X90.915 Y101.417 E3.22618
G1 X90.532 Y101.496 E3.24499
G1 X79.468 Y101.496 E3.77713
G1 X79.085 Y101.417 E3.79594
G1 X78.786 Y101.214 E3.81332
G1 X78.583 Y100.915 E3.8307
G1 X78.504 Y100.532 E3.84951
G1 X78.504 Y89.468 E4.38165
G1 X78.583 Y89.085 E4.40046
G1 X78.755 Y88.831 E4.41521
G1 X79.057 Y89.062 F7800
G1 F2281
G1 X79.059 Y89.059 E4.41538
G1 X79.238 Y88.937 E4.4258
G1 X79.468 Y88.889 E4.4371
G1 X90.532 Y88.889 E4.96924
G1 X90.762 Y88.937 E4.98054
G1 X90.941 Y89.059 E4.99096
G1 X91.063 Y89.238 E5.00138
G1 X91.111 Y89.468 E5.01268
G1 X91.111 Y100.532 E5.54482
G1 X91.063 Y100.762 E5.55612
G1 X90.941 Y100.941 E5.56654
G1 X90.762 Y101.063 E5.57696
G1 X90.532 Y101.111 E5.58826
G1 X79.468 Y101.111 E6.1204
G1 X79.238 Y101.063 E6.1317
G1 X79.059 Y100.941 E6.14212
G1 X78.937 Y100.762 E6.15254
G1 X78.889 Y100.532 E6.16384
G1 X78.889 Y89.468 E6.69598
G1 X78.937 Y89.238 E6.70728
G1 X79.023 Y89.111 E6.71466
G1 X79.338 Y89.329 F7800
;TYPE:External perimeter
G1 F1800
G1 X79.468 Y89.275 E6.72143
G1 X90.532 Y89.275 E7.25357
G1 X90.669 Y89.331 E7.26069
G1 X90.725 Y89.468 E7.26781
G1 X90.725 Y100.532 E7.79995
G1 X90.669 Y100.669 E7.80707
G1 X90.532 Y100.725 E7.81419
G1 X79.468 Y100.725 E8.34633
G1 X79.331 Y100.669 E8.35345
G1 X79.275 Y100.532 E8.36057
G1 X79.275 Y89.468 E8.89271
G1 X79.311 Y89.38 E8.89728
G1 X79.699 Y89.282 F7800
G1 E6.89728 F2400
G92 E0
G1 X92.504 Y102.504 F7800
G1 E2 F2400
;TYPE:Perimeter
G1 F2281
G1 X77.496 Y102.504 E2.72183
G1 X77.496 Y87.496 E3.44366
G1 X92.504 Y87.496 E4.16549
G1 X92.504 Y88.252 E4.20185
G1 X92.504 Y102.444 E4.88444
G1 X92.889 Y102.889 F7800
G1 F2281
G1 X77.111 Y102.889 E5.64331
G1 X77.111 Y87.111 E6.40218
G1 X92.889 Y87.111 E7.16105
G1 X92.889 Y88.252 E7.21593
G1 X92.889 Y102.829 E7.91703
G1 X93.275 Y103.275 F7800
;TYPE:External perimeter
G1 F1800
G1 X76.725 Y103.275 E8.71303
G1 X76.725 Y86.725 E9.50903
G1 X93.275 Y86.725 E10.30503
G1 X93.275 Y88.252 E10.37847
G1 X93.275 Y103.215 E11.09814
G1 X92.879 Y103.274 F7800
G1 E9.09814 F2400
G92 E0
G1 X77.796 Y89.67 F7800
G1 E2 F2400
;TYPE:Solid infill
;WIDTH:0.47174
G1 F2281
G1 X77.785 Y101.042 E2.57779
;WIDTH:0.45
G1 X77.785 Y102.215 E2.63421
G1 X78.954 Y102.215 E2.69043
;WIDTH:0.471739
G1 X91.042 Y102.215 E3.3046
;WIDTH:0.45
G1 X92.215 Y102.215 E3.36102
G1 X92.215 Y101.042 E3.41744
;WIDTH:0.47174
G1 X92.215 Y88.954 E4.03161
;WIDTH:0.45
G1 X92.215 Y87.785 E4.08783
G1 X91.046 Y87.785 E4.14405
;WIDTH:0.471738
G1 X78.958 Y87.785 E4.75821
;WIDTH:0.45
G1 X77.785 Y87.785 E4.81463
G1 X77.785 Y88.954 E4.87085
;WIDTH:0.471738
G1 X77.796 Y89.478 E4.89748
G1 E2.89748 F2400
G92 E0
G1 X78.235 Y101.681 F7800
G1 E2 F2400
;WIDTH:0.612971
G1 F2281
G1 X78.186 Y101.73 E2.00474
G1 X78.204 Y101.796 E2.00942
G1 X78.27 Y101.814 E2.0141
G1 X78.319 Y101.765 E2.01884
G1 X78.301 Y101.699 E2.02352
G1 E.02352 F2400
G92 E0
G1 X78.204 Y89.67 F7800
G1 E2 F2400
;WIDTH:0.47174
G1 F2281
G1 X78.204 Y100.528 E2.55167
G1 X78.305 Y100.989 E2.57565
;WIDTH:0.45
G1 X78.56 Y101.389 E2.59847
G1 X78.938 Y101.663 E2.62092
;WIDTH:0.471739
G1 X79.478 Y101.796 E2.64918
G1 X90.528 Y101.796 E3.21061
G1 X90.989 Y101.695 E3.23459
;WIDTH:0.45
G1 X91.389 Y101.44 E3.25741
G1 X91.665 Y101.058 E3.28008
;WIDTH:0.47174
G1 X91.796 Y100.528 E3.30782
G1 X91.796 Y89.478 E3.86925
G1 X91.692 Y89.008 E3.89371
;WIDTH:0.45
G1 X91.417 Y88.583 E3.91806
G1 X91.062 Y88.337 E3.93883
;WIDTH:0.471738
G1 X90.522 Y88.204 E3.96709
G1 X79.472 Y88.204 E4.52852
G1 X79.011 Y88.305 E4.5525
;WIDTH:0.45
G1 X78.611 Y88.56 E4.57532
G1 X78.337 Y88.938 E4.59777
;WIDTH:0.471738
G1 X78.204 Y89.478 E4.62603
G1 X78.301 Y88.204 F7800
;WIDTH:0.612969
G1 F2281
G1 X78.319 Y88.27 E4.63071
G1 X78.27 Y88.319 E4.63545
G1 X78.204 Y88.301 E4.64013
G1 X78.186 Y88.235 E4.64481
G1 X78.235 Y88.186 E4.64955
G1 E2.64955 F2400
G92 E0
G1 X91.73 Y88.186 F7800
G1 E2 F2400
G1 F2281
G1 X91.681 Y88.235 E2.00474
G1 X91.699 Y88.301 E2.00942
G1 X91.765 Y88.319 E2.0141
G1 X91.814 Y88.27 E2.01884
G1 X91.796 Y88.204 E2.02352
G1 E.02352 F2400
G92 E0
G1 X91.73 Y101.681 F7800
G1 E2 F2400
;WIDTH:0.612971
G1 F2281
G1 X91.681 Y101.73 E2.00474
G1 X91.699 Y101.796 E2.00942
G1 X91.765 Y101.814 E2.0141
G1 X91.814 Y101.765 E2.01884
G1 X91.796 Y101.699 E2.02352
;LAYER_CHANGE
;Z:5.45
;HEIGHT:0.3
G1 E.02352 F2400
G92 E0
G1 Z5.45 F7800
G1 X74.812 Y105.221
G1 E2 F2400
;TYPE:External perimeter
;WIDTH:0.583165
G1 F1800
G1 X74.784 Y105.216 E2.00184
G1 X74.765 Y105.124 E2.00792
;WIDTH:0.545178
G1 X74.746 Y105.032 E2.01355
;WIDTH:0.507191
G1 X74.746 Y84.968 E3.12168
;WIDTH:0.545178
G1 X74.765 Y84.876 E3.12731
;WIDTH:0.583165
G1 X74.784 Y84.784 E3.13339
G1 X74.876 Y84.765 E3.13947
;WIDTH:0.545178
G1 X74.968 Y84.746 E3.1451
;WIDTH:0.507191
G1 X95.032 Y84.746 E4.25323
;WIDTH:0.545178
G1 X95.124 Y84.765 E4.25886
;WIDTH:0.583165
G1 X95.216 Y84.784 E4.26494
G1 X95.235 Y84.876 E4.27102
;WIDTH:0.545178
G1 X95.254 Y84.968 E4.27665
;WIDTH:0.507191
G1 X95.254 Y105.032 E5.38478
;WIDTH:0.545178
G1 X95.235 Y105.124 E5.39041
;WIDTH:0.583165
G1 X95.216 Y105.216 E5.39649
G1 X95.124 Y105.235 E5.40257
;WIDTH:0.545178
G1 X95.032 Y105.254 E5.4082
;WIDTH:0.507191
G1 X74.968 Y105.254 E6.51633
;WIDTH:0.545178
G1 X74.876 Y105.235 E6.52196
;WIDTH:0.583165
G1 X74.871 Y105.233 E6.52231
G1 X74.748 Y104.853 F7800
G1 E4.52231 F2400
G92 E0
G1 X95.658 Y105.658 F7800
G1 E2 F2400
G1 F1800
G1 X95.345 Y105.677 E2.02029
;WIDTH:0.545178
G1 X95.032 Y105.696 E2.03909
;WIDTH:0.507191
G1 X74.968 Y105.696 E3.14722
;WIDTH:0.545178
G1 X74.655 Y105.677 E3.16602
;WIDTH:0.583165
G1 X74.342 Y105.658 E3.18631
G1 X74.323 Y105.345 E3.2066
;WIDTH:0.545178
G1 X74.304 Y105.032 E3.2254
;WIDTH:0.507191
G1 X74.304 Y84.968 E4.33353
;WIDTH:0.545178
G1 X74.323 Y84.655 E4.35233
;WIDTH:0.583165
G1 X74.342 Y84.342 E4.37262
G1 X74.655 Y84.323 E4.39291
;WIDTH:0.545178
G1 X74.968 Y84.304 E4.41171
;WIDTH:0.507191
G1 X95.032 Y84.304 E5.51984
;WIDTH:0.545178
G1 X95.345 Y84.323 E5.53864
;WIDTH:0.583165
G1 X95.658 Y84.342 E5.55893
G1 X95.658 Y84.601 E5.57569
G1 X95.677 Y84.784 E5.58759
;WIDTH:0.545178
G1 X95.696 Y84.968 E5.59868
;WIDTH:0.507191
G1 X95.696 Y105.032 E6.70681
;WIDTH:0.510546
G1 X95.695 Y105.109 E6.7111
;WIDTH:0.546855
G1 X95.677 Y105.384 E6.72768
;WIDTH:0.583165
G1 X95.662 Y105.599 E6.74163
G1 X95.271 Y105.68 F7800
G1 E4.74163 F2400
G92 E0
G1 X78.79 Y88.783 F7800
G1 E2 F2400
;TYPE:Perimeter
;WIDTH:0.45
G1 F2297
G1 X79.085 Y88.583 E2.01714
G1 X79.468 Y88.504 E2.03595
G1 X90.532 Y88.504 E2.56809
G1 X90.915 Y88.583 E2.5869
G1 X91.214 Y88.786 E2.60428
G1 X91.417 Y89.085 E2.62166
G1 X91.496 Y89.468 E2.64047
G1 X91.496 Y100.532 E3.17261
G1 X91.417 Y100.915 E3.19142
G1 X91.214 Y101.214 E3.2088
G1 X90.915 Y101.417 E3.22618
G1 X90.532 Y101.496 E3.24499
G1 X79.468 Y101.496 E3.77713
G1 X79.085 Y101.417 E3.79594
G1 X78.786 Y101.214 E3.81332
G1 X78.583 Y100.915 E3.8307
G1 X78.504 Y100.532 E3.84951
G1 X78.504 Y89.468 E4.38165
G1 X78.583 Y89.085 E4.40046
G1 X78.755 Y88.831 E4.41521
G1 X79.057 Y89.062 F7800
G1 F2297
G1 X79.059 Y89.059 E4.41538
G1 X79.238 Y88.937 E4.4258
G1 X79.468 Y88.889 E4.4371
G1 X90.532 Y88.889 E4.96924
G1 X90.762 Y88.937 E4.98054
G1 X90.941 Y89.059 E4.99096
G1 X91.063 Y89.238 E5.00138
G1 X91.111 Y89.468 E5.01268
G1 X91.111 Y100.532 E5.54482
G1 X91.063 Y100.762 E5.55612
G1 X90.941 Y100.941 E5.56654
G1 X90.762 Y101.063 E5.57696
G1 X90.532 Y101.111 E5.58826
G1 X79.468 Y101.111 E6.1204
G1 X79.238 Y101.063 E6.1317
G1 X79.059 Y100.941 E6.14212
G1 X78.937 Y100.762 E6.15254
G1 X78.889 Y100.532 E6.16384
G1 X78.889 Y89.468 E6.69598
G1 X78.937 Y89.238 E6.70728
G1 X79.023 Y89.111 E6.71466
G1 X79.338 Y89.329 F7800
;TYPE:External perimeter
G1 F1800
G1 X79.468 Y89.275 E6.72143
G1 X90.532 Y89.275 E7.25357
G1 X90.669 Y89.331 E7.26069
G1 X90.725 Y89.468 E7.26781
G1 X90.725 Y100.532 E7.79995
G1 X90.669 Y100.669 E7.80707
G1 X90.532 Y100.725 E7.81419
G1 X79.468 Y100.725 E8.34633
G1 X79.331 Y100.669 E8.35345
G1 X79.275 Y100.532 E8.36057
G1 X79.275 Y89.468 E8.89271
G1 X79.311 Y89.38 E8.89728
G1 X79.699 Y89.282 F7800
G1 E6.89728 F2400
G92 E0
G1 X92.504 Y102.504 F7800
G1 E2 F2400
;TYPE:Perimeter
G1 F2297
G1 X77.496 Y102.504 E2.72183
G1 X77.496 Y87.496 E3.44366
G1 X92.504 Y87.496 E4.16549
G1 X92.504 Y88.252 E4.20185
G1 X92.504 Y102.444 E4.88444
G1 X92.889 Y102.889 F7800
G1 F2297
G1 X77.111 Y102.889 E5.64331
G1 X77.111 Y87.111 E6.40218
G1 X92.889 Y87.111 E7.16105
G1 X92.889 Y88.252 E7.21593
G1 X92.889 Y102.829 E7.91703
G1 X93.275 Y103.275 F7800
;TYPE:External perimeter
G1 F1800
G1 X76.725 Y103.275 E8.71303
G1 X76.725 Y86.725 E9.50903
G1 X93.275 Y86.725 E10.30503
G1 X93.275 Y88.252 E10.37847
G1 X93.275 Y103.215 E11.09814
G1 X92.879 Y103.274 F7800
G1 E9.09814 F2400
G92 E0
G1 X90.33 Y87.796 F7800
G1 E2 F2400
;TYPE:Solid infill
;WIDTH:0.47174
G1 F2297
G1 X78.958 Y87.785 E2.57779
;WIDTH:0.45
G1 X77.785 Y87.785 E2.63421
G1 X77.785 Y88.954 E2.69043
;WIDTH:0.471738
G1 X77.785 Y101.042 E3.30459
;WIDTH:0.45
G1 X77.785 Y102.215 E3.36101
G1 X78.954 Y102.215 E3.41723
;WIDTH:0.471738
G1 X91.042 Y102.215 E4.03139
;WIDTH:0.45
G1 X92.215 Y102.215 E4.08781
G1 X92.215 Y101.042 E4.14423
;WIDTH:0.471739
G1 X92.215 Y88.954 E4.7584
;WIDTH:0.45
G1 X92.215 Y87.785 E4.81462
G1 X91.046 Y87.785 E4.87084
;WIDTH:0.471738
G1 X90.522 Y87.796 E4.89747
G1 E2.89747 F2400
G92 E0
G1 X78.319 Y88.235 F7800
G1 E2 F2400
;WIDTH:0.612969
G1 F2297
G1 X78.27 Y88.186 E2.00474
G1 X78.204 Y88.204 E2.00942
G1 X78.186 Y88.27 E2.0141
G1 X78.235 Y88.319 E2.01884
G1 X78.301 Y88.301 E2.02352
G1 E.02352 F2400
G92 E0
G1 X90.33 Y88.204 F7800
G1 E2 F2400
;WIDTH:0.47174
G1 F2297
G1 X79.472 Y88.204 E2.55167
G1 X79.011 Y88.305 E2.57565
;WIDTH:0.45
G1 X78.611 Y88.56 E2.59847
G1 X78.337 Y88.938 E2.62092
;WIDTH:0.471738
G1 X78.204 Y89.478 E2.64918
G1 X78.204 Y100.528 E3.21061
G1 X78.305 Y100.989 E3.23459
;WIDTH:0.45
G1 X78.56 Y101.389 E3.25741
G1 X78.938 Y101.663 E3.27986
;WIDTH:0.471738
G1 X79.478 Y101.796 E3.30812
G1 X90.528 Y101.796 E3.86955
G1 X90.989 Y101.695 E3.89353
;WIDTH:0.45
G1 X91.417 Y101.417 E3.91808
G1 X91.665 Y101.058 E3.93907
;WIDTH:0.471739
G1 X91.796 Y100.528 E3.96681
G1 X91.796 Y89.478 E4.52824
G1 X91.692 Y89.008 E4.5527
;WIDTH:0.45
G1 X91.44 Y88.611 E4.57532
G1 X91.062 Y88.337 E4.59777
;WIDTH:0.471738
G1 X90.522 Y88.204 E4.62603
G1 X91.796 Y88.301 F7800
;WIDTH:0.612969
G1 F2297
G1 X91.73 Y88.319 E4.63071
G1 X91.681 Y88.27 E4.63545
G1 X91.699 Y88.204 E4.64013
G1 X91.765 Y88.186 E4.64481
G1 X91.814 Y88.235 E4.64955
G1 E2.64955 F2400
G92 E0
G1 X91.814 Y101.73 F7800
G1 E2 F2400
;WIDTH:0.612972
G1 F2297
G1 X91.765 Y101.681 E2.00474
G1 X91.699 Y101.699 E2.00942
G1 X91.681 Y101.765 E2.0141
G1 X91.73 Y101.814 E2.01884
G1 X91.796 Y101.796 E2.02352
G1 E.02352 F2400
G92 E0
G1 X78.319 Y101.73 F7800
G1 E2 F2400
;WIDTH:0.612969
G1 F2297
G1 X78.27 Y101.681 E2.00474
G1 X78.204 Y101.699 E2.00942
G1 X78.186 Y101.765 E2.0141
G1 X78.235 Y101.814 E2.01884
G1 X78.301 Y101.796 E2.02352
;LAYER_CHANGE
;Z:5.75
;HEIGHT:0.3
G1 E.02352 F2400
G92 E0
G1 Z5.75 F7800
G1 X74.812 Y105.221
G1 E2 F2400
;TYPE:External perimeter
;WIDTH:0.583165
G1 F1800
G1 X74.784 Y105.216 E2.00184
G1 X74.765 Y105.124 E2.00792
;WIDTH:0.545178
G1 X74.746 Y105.032 E2.01355
;WIDTH:0.507191
G1 X74.746 Y84.968 E3.12168
;WIDTH:0.545178
G1 X74.765 Y84.876 E3.12731
;WIDTH:0.583165
G1 X74.784 Y84.784 E3.13339
G1 X74.876 Y84.765 E3.13947
;WIDTH:0.545178
G1 X74.968 Y84.746 E3.1451
;WIDTH:0.507191
G1 X95.032 Y84.746 E4.25323
;WIDTH:0.545178
G1 X95.124 Y84.765 E4.25886
;WIDTH:0.583165
G1 X95.216 Y84.784 E4.26494
G1 X95.235 Y84.876 E4.27102
;WIDTH:0.545178
G1 X95.254 Y84.968 E4.27665
;WIDTH:0.507191
G1 X95.254 Y105.032 E5.38478
;WIDTH:0.545178
G1 X95.235 Y105.124 E5.39041
;WIDTH:0.583165
G1 X95.216 Y105.216 E5.39649
G1 X95.124 Y105.235 E5.40257
;WIDTH:0.545178
G1 X95.032 Y105.254 E5.4082
;WIDTH:0.507191
G1 X74.968 Y105.254 E6.51633
;WIDTH:0.545178
G1 X74.876 Y105.235 E6.52196
;WIDTH:0.583165
G1 X74.871 Y105.233 E6.52231
G1 X74.748 Y104.853 F7800
G1 E4.52231 F2400
G92 E0
G1 X95.658 Y105.658 F7800
G1 E2 F2400
G1 F1800
G1 X95.345 Y105.677 E2.02029
;WIDTH:0.545178
G1 X95.032 Y105.696 E2.03909
;WIDTH:0.507191
G1 X74.968 Y105.696 E3.14722
;WIDTH:0.545178
G1 X74.655 Y105.677 E3.16602
;WIDTH:0.583165
G1 X74.342 Y105.658 E3.18631
G1 X74.323 Y105.345 E3.2066
;WIDTH:0.545178
G1 X74.304 Y105.032 E3.2254
;WIDTH:0.507191
G1 X74.304 Y84.968 E4.33353
;WIDTH:0.545178
G1 X74.323 Y84.655 E4.35233
;WIDTH:0.583165
G1 X74.342 Y84.342 E4.37262
G1 X74.655 Y84.323 E4.39291
;WIDTH:0.545178
G1 X74.968 Y84.304 E4.41171
;WIDTH:0.507191
G1 X95.032 Y84.304 E5.51984
;WIDTH:0.545178
G1 X95.345 Y84.323 E5.53864
;WIDTH:0.583165
G1 X95.658 Y84.342 E5.55893
G1 X95.658 Y84.601 E5.57569
G1 X95.677 Y84.784 E5.58759
;WIDTH:0.545178
G1 X95.696 Y84.968 E5.59868
;WIDTH:0.507191
G1 X95.696 Y105.032 E6.70681
;WIDTH:0.510546
G1 X95.695 Y105.109 E6.7111
;WIDTH:0.546855
G1 X95.677 Y105.384 E6.72768
;WIDTH:0.583165
G1 X95.662 Y105.599 E6.74163
G1 X95.271 Y105.68 F7800
G1 E4.74163 F2400
G92 E0
G1 X78.79 Y88.783 F7800
G1 E2 F2400
;TYPE:Perimeter
;WIDTH:0.45
G1 F2281
G1 X79.085 Y88.583 E2.01714
G1 X79.468 Y88.504 E2.03595
G1 X90.532 Y88.504 E2.56809
G1 X90.915 Y88.583 E2.5869
G1 X91.214 Y88.786 E2.60428
G1 X91.417 Y89.085 E2.62166
G1 X91.496 Y89.468 E2.64047
G1 X91.496 Y100.532 E3.17261
G1 X91.417 Y100.915 E3.19142
G1 X91.214 Y101.214 E3.2088
G1 X90.915 Y101.417 E3.22618
G1 X90.532 Y101.496 E3.24499
G1 X79.468 Y101.496 E3.77713
G1 X79.085 Y101.417 E3.79594
G1 X78.786 Y101.214 E3.81332
G1 X78.583 Y100.915 E3.8307
G1 X78.504 Y100.532 E3.84951
G1 X78.504 Y89.468 E4.38165
G1 X78.583 Y89.085 E4.40046
G1 X78.755 Y88.831 E4.41521
G1 X79.057 Y89.062 F7800
G1 F2281
G1 X79.059 Y89.059 E4.41538
G1 X79.238 Y88.937 E4.4258
G1 X79.468 Y88.889 E4.4371
G1 X90.532 Y88.889 E4.96924
G1 X90.762 Y88.937 E4.98054
G1 X90.941 Y89.059 E4.99096
G1 X91.063 Y89.238 E5.00138
G1 X91.111 Y89.468 E5.01268
G1 X91.111 Y100.532 E5.54482
G1 X91.063 Y100.762 E5.55612
G1 X90.941 Y100.941 E5.56654
G1 X90.762 Y101.063 E5.57696
G1 X90.532 Y101.111 E5.58826
G1 X79.468 Y101.111 E6.1204
G1 X79.238 Y101.063 E6.1317
G1 X79.059 Y100.941 E6.14212
G1 X78.937 Y100.762 E6.15254
G1 X78.889 Y100.532 E6.16384
G1 X78.889 Y89.468 E6.69598
G1 X78.937 Y89.238 E6.70728
G1 X79.023 Y89.111 E6.71466
G1 X79.338 Y89.329 F7800
;TYPE:External perimeter
G1 F1800
G1 X79.468 Y89.275 E6.72143
G1 X90.532 Y89.275 E7.25357
G1 X90.669 Y89.331 E7.26069
G1 X90.725 Y89.468 E7.26781
G1 X90.725 Y100.532 E7.79995
G1 X90.669 Y100.669 E7.80707
G1 X90.532 Y100.725 E7.81419
G1 X79.468 Y100.725 E8.34633
G1 X79.331 Y100.669 E8.35345
G1 X79.275 Y100.532 E8.36057
G1 X79.275 Y89.468 E8.89271
G1 X79.311 Y89.38 E8.89728
G1 X79.699 Y89.282 F7800
G1 E6.89728 F2400
G92 E0
G1 X92.504 Y102.504 F7800
G1 E2 F2400
;TYPE:Perimeter
G1 F2281
G1 X77.496 Y102.504 E2.72183
G1 X77.496 Y87.496 E3.44366
G1 X92.504 Y87.496 E4.16549
G1 X92.504 Y88.252 E4.20185
G1 X92.504 Y102.444 E4.88444
G1 X92.889 Y102.889 F7800
G1 F2281
G1 X77.111 Y102.889 E5.64331
G1 X77.111 Y87.111 E6.40218
G1 X92.889 Y87.111 E7.16105
G1 X92.889 Y88.252 E7.21593
G1 X92.889 Y102.829 E7.91703
G1 X93.275 Y103.275 F7800
;TYPE:External perimeter
G1 F1800
G1 X76.725 Y103.275 E8.71303
G1 X76.725 Y86.725 E9.50903
G1 X93.275 Y86.725 E10.30503
G1 X93.275 Y88.252 E10.37847
G1 X93.275 Y103.215 E11.09814
G1 X92.879 Y103.274 F7800
G1 E9.09814 F2400
G92 E0
G1 X77.796 Y89.67 F7800
G1 E2 F2400
;TYPE:Solid infill
;WIDTH:0.47174
G1 F2281
G1 X77.785 Y101.042 E2.57779
;WIDTH:0.45
G1 X77.785 Y102.215 E2.63421
G1 X78.954 Y102.215 E2.69043
;WIDTH:0.471739
G1 X91.042 Y102.215 E3.3046
;WIDTH:0.45
G1 X92.215 Y102.215 E3.36102
G1 X92.215 Y101.042 E3.41744
;WIDTH:0.47174
G1 X92.215 Y88.954 E4.03161
;WIDTH:0.45
G1 X92.215 Y87.785 E4.08783
G1 X91.046 Y87.785 E4.14405
;WIDTH:0.471738
G1 X78.958 Y87.785 E4.75821
;WIDTH:0.45
G1 X77.785 Y87.785 E4.81463
G1 X77.785 Y88.954 E4.87085
;WIDTH:0.471738
G1 X77.796 Y89.478 E4.89748
G1 E2.89748 F2400
G92 E0
G1 X78.235 Y101.681 F7800
G1 E2 F2400
;WIDTH:0.612971
G1 F2281
G1 X78.186 Y101.73 E2.00474
G1 X78.204 Y101.796 E2.00942
G1 X78.27 Y101.814 E2.0141
G1 X78.319 Y101.765 E2.01884
G1 X78.301 Y101.699 E2.02352
G1 E.02352 F2400
G92 E0
G1 X78.204 Y89.67 F7800
G1 E2 F2400
;WIDTH:0.47174
G1 F2281
G1 X78.204 Y100.528 E2.55167
G1 X78.305 Y100.989 E2.57565
;WIDTH:0.45
G1 X78.56 Y101.389 E2.59847
G1 X78.938 Y101.663 E2.62092
;WIDTH:0.471739
G1 X79.478 Y101.796 E2.64918
G1 X90.528 Y101.796 E3.21061
G1 X90.989 Y101.695 E3.23459
;WIDTH:0.45
G1 X91.389 Y101.44 E3.25741
G1 X91.665 Y101.058 E3.28008
;WIDTH:0.47174
G1 X91.796 Y100.528 E3.30782
G1 X91.796 Y89.478 E3.86925
G1 X91.692 Y89.008 E3.89371
;WIDTH:0.45
G1 X91.417 Y88.583 E3.91806
G1 X91.062 Y88.337 E3.93883
;WIDTH:0.471738
G1 X90.522 Y88.204 E3.96709
G1 X79.472 Y88.204 E4.52852
G1 X79.011 Y88.305 E4.5525
;WIDTH:0.45
G1 X78.611 Y88.56 E4.57532
G1 X78.337 Y88.938 E4.59777
;WIDTH:0.471738
G1 X78.204 Y89.478 E4.62603
G1 X78.301 Y88.204 F7800
;WIDTH:0.612969
G1 F2281
G1 X78.319 Y88.27 E4.63071
G1 X78.27 Y88.319 E4.63545
G1 X78.204 Y88.301 E4.64013
G1 X78.186 Y88.235 E4.64481
G1 X78.235 Y88.186 E4.64955
G1 E2.64955 F2400
G92 E0
G1 X91.73 Y88.186 F7800
G1 E2 F2400
G1 F2281
G1 X91.681 Y88.235 E2.00474
G1 X91.699 Y88.301 E2.00942
G1 X91.765 Y88.319 E2.0141
G1 X91.814 Y88.27 E2.01884
G1 X91.796 Y88.204 E2.02352
G1 E.02352 F2400
G92 E0
G1 X91.73 Y101.681 F7800
G1 E2 F2400
;WIDTH:0.612971
G1 F2281
G1 X91.681 Y101.73 E2.00474
G1 X91.699 Y101.796 E2.00942
G1 X91.765 Y101.814 E2.0141
G1 X91.814 Y101.765 E2.01884
G1 X91.796 Y101.699 E2.02352
;LAYER_CHANGE
;Z:6.05
;HEIGHT:0.3
G1 E.02352 F2400
G92 E0
G1 Z6.05 F7800
G1 X74.812 Y105.221
G1 E2 F2400
;TYPE:External perimeter
;WIDTH:0.583165
G1 F1800
G1 X74.784 Y105.216 E2.00184
G1 X74.765 Y105.124 E2.00792
;WIDTH:0.545178
G1 X74.746 Y105.032 E2.01355
;WIDTH:0.507191
G1 X74.746 Y84.968 E3.12168
;WIDTH:0.545178
G1 X74.765 Y84.876 E3.12731
;WIDTH:0.583165
G1 X74.784 Y84.784 E3.13339
G1 X74.876 Y84.765 E3.13947
;WIDTH:0.545178
G1 X74.968 Y84.746 E3.1451
;WIDTH:0.507191
G1 X95.032 Y84.746 E4.25323
;WIDTH:0.545178
G1 X95.124 Y84.765 E4.25886
;WIDTH:0.583165
G1 X95.216 Y84.784 E4.26494
G1 X95.235 Y84.876 E4.27102
;WIDTH:0.545178
G1 X95.254 Y84.968 E4.27665
;WIDTH:0.507191
G1 X95.254 Y105.032 E5.38478
;WIDTH:0.545178
G1 X95.235 Y105.124 E5.39041
;WIDTH:0.583165
G1 X95.216 Y105.216 E5.39649
G1 X95.124 Y105.235 E5.40257
;WIDTH:0.545178
G1 X95.032 Y105.254 E5.4082
;WIDTH:0.507191
G1 X74.968 Y105.254 E6.51633
;WIDTH:0.545178
G1 X74.876 Y105.235 E6.52196
;WIDTH:0.583165
G1 X74.871 Y105.233 E6.52231
G1 X74.748 Y104.853 F7800
G1 E4.52231 F2400
G92 E0
G1 X95.658 Y105.658 F7800
G1 E2 F2400
G1 F1800
G1 X95.345 Y105.677 E2.02029
;WIDTH:0.545178
G1 X95.032 Y105.696 E2.03909
;WIDTH:0.507191
G1 X74.968 Y105.696 E3.14722
;WIDTH:0.545178
G1 X74.655 Y105.677 E3.16602
;WIDTH:0.583165
G1 X74.342 Y105.658 E3.18631
G1 X74.323 Y105.345 E3.2066
;WIDTH:0.545178
G1 X74.304 Y105.032 E3.2254
;WIDTH:0.507191
G1 X74.304 Y84.968 E4.33353
;WIDTH:0.545178
G1 X74.323 Y84.655 E4.35233
;WIDTH:0.583165
G1 X74.342 Y84.342 E4.37262
G1 X74.655 Y84.323 E4.39291
;WIDTH:0.545178
G1 X74.968 Y84.304 E4.41171
;WIDTH:0.507191
G1 X95.032 Y84.304 E5.51984
;WIDTH:0.545178
G1 X95.345 Y84.323 E5.53864
;WIDTH:0.583165
G1 X95.658 Y84.342 E5.55893
G1 X95.658 Y84.601 E5.57569
G1 X95.677 Y84.784 E5.58759
;WIDTH:0.545178
G1 X95.696 Y84.968 E5.59868
;WIDTH:0.507191
G1 X95.696 Y105.032 E6.70681
;WIDTH:0.510546
G1 X95.695 Y105.109 E6.7111
;WIDTH:0.546855
G1 X95.677 Y105.384 E6.72768
;WIDTH:0.583165
G1 X95.662 Y105.599 E6.74163
G1 X95.271 Y105.68 F7800
G1 E4.74163 F2400
G92 E0
G1 X78.79 Y88.783 F7800
G1 E2 F2400
;TYPE:Perimeter
;WIDTH:0.45
G1 F2297
G1 X79.085 Y88.583 E2.01714
G1 X79.468 Y88.504 E2.03595
G1 X90.532 Y88.504 E2.56809
G1 X90.915 Y88.583 E2.5869
G1 X91.214 Y88.786 E2.60428
G1 X91.417 Y89.085 E2.62166
G1 X91.496 Y89.468 E2.64047
G1 X91.496 Y100.532 E3.17261
G1 X91.417 Y100.915 E3.19142
G1 X91.214 Y101.214 E3.2088
G1 X90.915 Y101.417 E3.22618
G1 X90.532 Y101.496 E3.24499
G1 X79.468 Y101.496 E3.77713
G1 X79.085 Y101.417 E3.79594
G1 X78.786 Y101.214 E3.81332
G1 X78.583 Y100.915 E3.8307
G1 X78.504 Y100.532 E3.84951
G1 X78.504 Y89.468 E4.38165
G1 X78.583 Y89.085 E4.40046
G1 X78.755 Y88.831 E4.41521
G1 X79.057 Y89.062 F7800
G1 F2297
G1 X79.059 Y89.059 E4.41538
G1 X79.238 Y88.937 E4.4258
G1 X79.468 Y88.889 E4.4371
G1 X90.532 Y88.889 E4.96924
G1 X90.762 Y88.937 E4.98054
G1 X90.941 Y89.059 E4.99096
G1 X91.063 Y89.238 E5.00138
G1 X91.111 Y89.468 E5.01268
G1 X91.111 Y100.532 E5.54482
G1 X91.063 Y100.762 E5.55612
G1 X90.941 Y100.941 E5.56654
G1 X90.762 Y101.063 E5.57696
G1 X90.532 Y101.111 E5.58826
G1 X79.468 Y101.111 E6.1204
G1 X79.238 Y101.063 E6.1317
G1 X79.059 Y100.941 E6.14212
G1 X78.937 Y100.762 E6.15254
G1 X78.889 Y100.532 E6.16384
G1 X78.889 Y89.468 E6.69598
G1 X78.937 Y89.238 E6.70728
G1 X79.023 Y89.111 E6.71466
G1 X79.338 Y89.329 F7800
;TYPE:External perimeter
G1 F1800
G1 X79.468 Y89.275 E6.72143
G1 X90.532 Y89.275 E7.25357
G1 X90.669 Y89.331 E7.26069
G1 X90.725 Y89.468 E7.26781
G1 X90.725 Y100.532 E7.79995
G1 X90.669 Y100.669 E7.80707
G1 X90.532 Y100.725 E7.81419
G1 X79.468 Y100.725 E8.34633
G1 X79.331 Y100.669 E8.35345
G1 X79.275 Y100.532 E8.36057
G1 X79.275 Y89.468 E8.89271
G1 X79.311 Y89.38 E8.89728
G1 X79.699 Y89.282 F7800
G1 E6.89728 F2400
G92 E0
G1 X92.504 Y102.504 F7800
G1 E2 F2400
;TYPE:Perimeter
G1 F2297
G1 X77.496 Y102.504 E2.72183
G1 X77.496 Y87.496 E3.44366
G1 X92.504 Y87.496 E4.16549
G1 X92.504 Y88.252 E4.20185
G1 X92.504 Y102.444 E4.88444
G1 X92.889 Y102.889 F7800
G1 F2297
G1 X77.111 Y102.889 E5.64331
G1 X77.111 Y87.111 E6.40218
G1 X92.889 Y87.111 E7.16105
G1 X92.889 Y88.252 E7.21593
G1 X92.889 Y102.829 E7.91703
G1 X93.275 Y103.275 F7800
;TYPE:External perimeter
G1 F1800
G1 X76.725 Y103.275 E8.71303
G1 X76.725 Y86.725 E9.50903
G1 X93.275 Y86.725 E10.30503
G1 X93.275 Y88.252 E10.37847
G1 X93.275 Y103.215 E11.09814
G1 X92.879 Y103.274 F7800
G1 E9.09814 F2400
G92 E0
G1 X90.33 Y87.796 F7800
G1 E2 F2400
;TYPE:Solid infill
;WIDTH:0.47174
G1 F2297
G1 X78.958 Y87.785 E2.57779
;WIDTH:0.45
G1 X77.785 Y87.785 E2.63421
G1 X77.785 Y88.954 E2.69043
;WIDTH:0.471738
G1 X77.785 Y101.042 E3.30459
;WIDTH:0.45
G1 X77.785 Y102.215 E3.36101
G1 X78.954 Y102.215 E3.41723
;WIDTH:0.471738
G1 X91.042 Y102.215 E4.03139
;WIDTH:0.45
G1 X92.215 Y102.215 E4.08781
G1 X92.215 Y101.042 E4.14423
;WIDTH:0.471739
G1 X92.215 Y88.954 E4.7584
;WIDTH:0.45
G1 X92.215 Y87.785 E4.81462
G1 X91.046 Y87.785 E4.87084
;WIDTH:0.471738
G1 X90.522 Y87.796 E4.89747
G1 E2.89747 F2400
G92 E0
G1 X78.319 Y88.235 F7800
G1 E2 F2400
;WIDTH:0.612969
G1 F2297
G1 X78.27 Y88.186 E2.00474
G1 X78.204 Y88.204 E2.00942
G1 X78.186 Y88.27 E2.0141
G1 X78.235 Y88.319 E2.01884
G1 X78.301 Y88.301 E2.02352
G1 E.02352 F2400
G92 E0
G1 X90.33 Y88.204 F7800
G1 E2 F2400
;WIDTH:0.47174
G1 F2297
G1 X79.472 Y88.204 E2.55167
G1 X79.011 Y88.305 E2.57565
;WIDTH:0.45
G1 X78.611 Y88.56 E2.59847
G1 X78.337 Y88.938 E2.62092
;WIDTH:0.471738
G1 X78.204 Y89.478 E2.64918
G1 X78.204 Y100.528 E3.21061
G1 X78.305 Y100.989 E3.23459
;WIDTH:0.45
G1 X78.56 Y101.389 E3.25741
G1 X78.938 Y101.663 E3.27986
;WIDTH:0.471738
G1 X79.478 Y101.796 E3.30812
G1 X90.528 Y101.796 E3.86955
G1 X90.989 Y101.695 E3.89353
;WIDTH:0.45
G1 X91.417 Y101.417 E3.91808
G1 X91.665 Y101.058 E3.93907
;WIDTH:0.471739
G1 X91.796 Y100.528 E3.96681
G1 X91.796 Y89.478 E4.52824
G1 X91.692 Y89.008 E4.5527
;WIDTH:0.45
G1 X91.44 Y88.611 E4.57532
G1 X91.062 Y88.337 E4.59777
;WIDTH:0.471738
G1 X90.522 Y88.204 E4.62603
G1 X91.796 Y88.301 F7800
;WIDTH:0.612969
G1 F2297
G1 X91.73 Y88.319 E4.63071
G1 X91.681 Y88.27 E4.63545
G1 X91.699 Y88.204 E4.64013
G1 X91.765 Y88.186 E4.64481
G1 X91.814 Y88.235 E4.64955
G1 E2.64955 F2400
G92 E0
G1 X91.814 Y101.73 F7800
G1 E2 F2400
;WIDTH:0.612972
G1 F2297
G1 X91.765 Y101.681 E2.00474
G1 X91.699 Y101.699 E2.00942
G1 X91.681 Y101.765 E2.0141
G1 X91.73 Y101.814 E2.01884
G1 X91.796 Y101.796 E2.02352
G1 E.02352 F2400
G92 E0
G1 X78.319 Y101.73 F7800
G1 E2 F2400
;WIDTH:0.612969
G1 F2297
G1 X78.27 Y101.681 E2.00474
G1 X78.204 Y101.699 E2.00942
G1 X78.186 Y101.765 E2.0141
G1 X78.235 Y101.814 E2.01884
G1 X78.301 Y101.796 E2.02352
;LAYER_CHANGE
;Z:6.35
;HEIGHT:0.3
G1 E.02352 F2400
G92 E0
G1 Z6.35 F7800
G1 X74.812 Y105.221
G1 E2 F2400
;TYPE:External perimeter
;WIDTH:0.583165
G1 F1800
G1 X74.784 Y105.216 E2.00184
G1 X74.765 Y105.124 E2.00792
;WIDTH:0.545178
G1 X74.746 Y105.032 E2.01355
;WIDTH:0.507191
G1 X74.746 Y84.968 E3.12168
;WIDTH:0.545178
G1 X74.765 Y84.876 E3.12731
;WIDTH:0.583165
G1 X74.784 Y84.784 E3.13339
G1 X74.876 Y84.765 E3.13947
;WIDTH:0.545178
G1 X74.968 Y84.746 E3.1451
;WIDTH:0.507191
G1 X95.032 Y84.746 E4.25323
;WIDTH:0.545178
G1 X95.124 Y84.765 E4.25886
;WIDTH:0.583165
G1 X95.216 Y84.784 E4.26494
G1 X95.235 Y84.876 E4.27102
;WIDTH:0.545178
G1 X95.254 Y84.968 E4.27665
;WIDTH:0.507191
G1 X95.254 Y105.032 E5.38478
;WIDTH:0.545178
G1 X95.235 Y105.124 E5.39041
;WIDTH:0.583165
G1 X95.216 Y105.216 E5.39649
G1 X95.124 Y105.235 E5.40257
;WIDTH:0.545178
G1 X95.032 Y105.254 E5.4082
;WIDTH:0.507191
G1 X74.968 Y105.254 E6.51633
;WIDTH:0.545178
G1 X74.876 Y105.235 E6.52196
;WIDTH:0.583165
G1 X74.871 Y105.233 E6.52231
G1 X74.748 Y104.853 F7800
G1 E4.52231 F2400
G92 E0
G1 X95.658 Y105.658 F7800
G1 E2 F2400
G1 F1800
G1 X95.345 Y105.677 E2.02029
;WIDTH:0.545178
G1 X95.032 Y105.696 E2.03909
;WIDTH:0.507191
G1 X74.968 Y105.696 E3.14722
;WIDTH:0.545178
G1 X74.655 Y105.677 E3.16602
;WIDTH:0.583165
G1 X74.342 Y105.658 E3.18631
G1 X74.323 Y105.345 E3.2066
;WIDTH:0.545178
G1 X74.304 Y105.032 E3.2254
;WIDTH:0.507191
G1 X74.304 Y84.968 E4.33353
;WIDTH:0.545178
G1 X74.323 Y84.655 E4.35233
;WIDTH:0.583165
G1 X74.342 Y84.342 E4.37262
G1 X74.655 Y84.323 E4.39291
;WIDTH:0.545178
G1 X74.968 Y84.304 E4.41171
;WIDTH:0.507191
G1 X95.032 Y84.304 E5.51984
;WIDTH:0.545178
G1 X95.345 Y84.323 E5.53864
;WIDTH:0.583165
G1 X95.658 Y84.342 E5.55893
G1 X95.658 Y84.601 E5.57569
G1 X95.677 Y84.784 E5.58759
;WIDTH:0.545178
G1 X95.696 Y84.968 E5.59868
;WIDTH:0.507191
G1 X95.696 Y105.032 E6.70681
;WIDTH:0.510546
G1 X95.695 Y105.109 E6.7111
;WIDTH:0.546855
G1 X95.677 Y105.384 E6.72768
;WIDTH:0.583165
G1 X95.662 Y105.599 E6.74163
G1 X95.271 Y105.68 F7800
G1 E4.74163 F2400
G92 E0
G1 X78.79 Y88.783 F7800
G1 E2 F2400
;TYPE:Perimeter
;WIDTH:0.45
G1 F2281
G1 X79.085 Y88.583 E2.01714
G1 X79.468 Y88.504 E2.03595
G1 X90.532 Y88.504 E2.56809
G1 X90.915 Y88.583 E2.5869
G1 X91.214 Y88.786 E2.60428
G1 X91.417 Y89.085 E2.62166
G1 X91.496 Y89.468 E2.64047
G1 X91.496 Y100.532 E3.17261
G1 X91.417 Y100.915 E3.19142
G1 X91.214 Y101.214 E3.2088
G1 X90.915 Y101.417 E3.22618
G1 X90.532 Y101.496 E3.24499
G1 X79.468 Y101.496 E3.77713
G1 X79.085 Y101.417 E3.79594
G1 X78.786 Y101.214 E3.81332
G1 X78.583 Y100.915 E3.8307
G1 X78.504 Y100.532 E3.84951
G1 X78.504 Y89.468 E4.38165
G1 X78.583 Y89.085 E4.40046
G1 X78.755 Y88.831 E4.41521
G1 X79.057 Y89.062 F7800
G1 F2281
G1 X79.059 Y89.059 E4.41538
G1 X79.238 Y88.937 E4.4258
G1 X79.468 Y88.889 E4.4371
G1 X90.532 Y88.889 E4.96924
G1 X90.762 Y88.937 E4.98054
G1 X90.941 Y89.059 E4.99096
G1 X91.063 Y89.238 E5.00138
G1 X91.111 Y89.468 E5.01268
G1 X91.111 Y100.532 E5.54482
G1 X91.063 Y100.762 E5.55612
G1 X90.941 Y100.941 E5.56654
G1 X90.762 Y101.063 E5.57696
G1 X90.532 Y101.111 E5.58826
G1 X79.468 Y101.111 E6.1204
G1 X79.238 Y101.063 E6.1317
G1 X79.059 Y100.941 E6.14212
G1 X78.937 Y100.762 E6.15254
G1 X78.889 Y100.532 E6.16384
G1 X78.889 Y89.468 E6.69598
G1 X78.937 Y89.238 E6.70728
G1 X79.023 Y89.111 E6.71466
G1 X79.338 Y89.329 F7800
;TYPE:External perimeter
G1 F1800
G1 X79.468 Y89.275 E6.72143
G1 X90.532 Y89.275 E7.25357
G1 X90.669 Y89.331 E7.26069
G1 X90.725 Y89.468 E7.26781
G1 X90.725 Y100.532 E7.79995
G1 X90.669 Y100.669 E7.80707
G1 X90.532 Y100.725 E7.81419
G1 X79.468 Y100.725 E8.34633
G1 X79.331 Y100.669 E8.35345
G1 X79.275 Y100.532 E8.36057
G1 X79.275 Y89.468 E8.89271
G1 X79.311 Y89.38 E8.89728
G1 X79.699 Y89.282 F7800
G1 E6.89728 F2400
G92 E0
G1 X92.504 Y102.504 F7800
G1 E2 F2400
;TYPE:Perimeter
G1 F2281
G1 X77.496 Y102.504 E2.72183
G1 X77.496 Y87.496 E3.44366
G1 X92.504 Y87.496 E4.16549
G1 X92.504 Y88.252 E4.20185
G1 X92.504 Y102.444 E4.88444
G1 X92.889 Y102.889 F7800
G1 F2281
G1 X77.111 Y102.889 E5.64331
G1 X77.111 Y87.111 E6.40218
G1 X92.889 Y87.111 E7.16105
G1 X92.889 Y88.252 E7.21593
G1 X92.889 Y102.829 E7.91703
G1 X93.275 Y103.275 F7800
;TYPE:External perimeter
G1 F1800
G1 X76.725 Y103.275 E8.71303
G1 X76.725 Y86.725 E9.50903
G1 X93.275 Y86.725 E10.30503
G1 X93.275 Y88.252 E10.37847
G1 X93.275 Y103.215 E11.09814
G1 X92.879 Y103.274 F7800
G1 E9.09814 F2400
G92 E0
G1 X77.796 Y89.67 F7800
G1 E2 F2400
;TYPE:Solid infill
;WIDTH:0.47174
G1 F2281
G1 X77.785 Y101.042 E2.57779
;WIDTH:0.45
G1 X77.785 Y102.215 E2.63421
G1 X78.954 Y102.215 E2.69043
;WIDTH:0.471739
G1 X91.042 Y102.215 E3.3046
;WIDTH:0.45
G1 X92.215 Y102.215 E3.36102
G1 X92.215 Y101.042 E3.41744
;WIDTH:0.47174
G1 X92.215 Y88.954 E4.03161
;WIDTH:0.45
G1 X92.215 Y87.785 E4.08783
G1 X91.046 Y87.785 E4.14405
;WIDTH:0.471738
G1 X78.958 Y87.785 E4.75821
;WIDTH:0.45
G1 X77.785 Y87.785 E4.81463
G1 X77.785 Y88.954 E4.87085
;WIDTH:0.471738
G1 X77.796 Y89.478 E4.89748
G1 E2.89748 F2400
G92 E0
G1 X78.235 Y101.681 F7800
G1 E2 F2400
;WIDTH:0.612971
G1 F2281
G1 X78.186 Y101.73 E2.00474
G1 X78.204 Y101.796 E2.00942
G1 X78.27 Y101.814 E2.0141
G1 X78.319 Y101.765 E2.01884
G1 X78.301 Y101.699 E2.02352
G1 E.02352 F2400
G92 E0
G1 X78.204 Y89.67 F7800
G1 E2 F2400
;WIDTH:0.47174
G1 F2281
G1 X78.204 Y100.528 E2.55167
G1 X78.305 Y100.989 E2.57565
;WIDTH:0.45
G1 X78.56 Y101.389 E2.59847
G1 X78.938 Y101.663 E2.62092
;WIDTH:0.471739
G1 X79.478 Y101.796 E2.64918
G1 X90.528 Y101.796 E3.21061
G1 X90.989 Y101.695 E3.23459
;WIDTH:0.45
G1 X91.389 Y101.44 E3.25741
G1 X91.665 Y101.058 E3.28008
;WIDTH:0.47174
G1 X91.796 Y100.528 E3.30782
G1 X91.796 Y89.478 E3.86925
G1 X91.692 Y89.008 E3.89371
;WIDTH:0.45
G1 X91.417 Y88.583 E3.91806
G1 X91.062 Y88.337 E3.93883
;WIDTH:0.471738
G1 X90.522 Y88.204 E3.96709
G1 X79.472 Y88.204 E4.52852
G1 X79.011 Y88.305 E4.5525
;WIDTH:0.45
G1 X78.611 Y88.56 E4.57532
G1 X78.337 Y88.938 E4.59777
;WIDTH:0.471738
G1 X78.204 Y89.478 E4.62603
G1 X78.301 Y88.204 F7800
;WIDTH:0.612969
G1 F2281
G1 X78.319 Y88.27 E4.63071
G1 X78.27 Y88.319 E4.63545
G1 X78.204 Y88.301 E4.64013
G1 X78.186 Y88.235 E4.64481
G1 X78.235 Y88.186 E4.64955
G1 E2.64955 F2400
G92 E0
G1 X91.73 Y88.186 F7800
G1 E2 F2400
G1 F2281
G1 X91.681 Y88.235 E2.00474
G1 X91.699 Y88.301 E2.00942
G1 X91.765 Y88.319 E2.0141
G1 X91.814 Y88.27 E2.01884
G1 X91.796 Y88.204 E2.02352
G1 E.02352 F2400
G92 E0
G1 X91.73 Y101.681 F7800
G1 E2 F2400
;WIDTH:0.612971
G1 F2281
G1 X91.681 Y101.73 E2.00474
G1 X91.699 Y101.796 E2.00942
G1 X91.765 Y101.814 E2.0141
G1 X91.814 Y101.765 E2.01884
G1 X91.796 Y101.699 E2.02352
;LAYER_CHANGE
;Z:6.65
;HEIGHT:0.3
G1 E.02352 F2400
G92 E0
G1 Z6.65 F7800
G1 X74.812 Y105.221
G1 E2 F2400
;TYPE:External perimeter
;WIDTH:0.583165
G1 F1800
G1 X74.784 Y105.216 E2.00184
G1 X74.765 Y105.124 E2.00792
;WIDTH:0.545178
G1 X74.746 Y105.032 E2.01355
;WIDTH:0.507191
G1 X74.746 Y84.968 E3.12168
;WIDTH:0.545178
G1 X74.765 Y84.876 E3.12731
;WIDTH:0.583165
G1 X74.784 Y84.784 E3.13339
G1 X74.876 Y84.765 E3.13947
;WIDTH:0.545178
G1 X74.968 Y84.746 E3.1451
;WIDTH:0.507191
G1 X95.032 Y84.746 E4.25323
;WIDTH:0.545178
G1 X95.124 Y84.765 E4.25886
;WIDTH:0.583165
G1 X95.216 Y84.784 E4.26494
G1 X95.235 Y84.876 E4.27102
;WIDTH:0.545178
G1 X95.254 Y84.968 E4.27665
;WIDTH:0.507191
G1 X95.254 Y105.032 E5.38478
;WIDTH:0.545178
G1 X95.235 Y105.124 E5.39041
;WIDTH:0.583165
G1 X95.216 Y105.216 E5.39649
G1 X95.124 Y105.235 E5.40257
;WIDTH:0.545178
G1 X95.032 Y105.254 E5.4082
;WIDTH:0.507191
G1 X74.968 Y105.254 E6.51633
;WIDTH:0.545178
G1 X74.876 Y105.235 E6.52196
;WIDTH:0.583165
G1 X74.871 Y105.233 E6.52231
G1 X74.748 Y104.853 F7800
G1 E4.52231 F2400
G92 E0
G1 X95.658 Y105.658 F7800
G1 E2 F2400
G1 F1800
G1 X95.345 Y105.677 E2.02029
;WIDTH:0.545178
G1 X95.032 Y105.696 E2.03909
;WIDTH:0.507191
G1 X74.968 Y105.696 E3.14722
;WIDTH:0.545178
G1 X74.655 Y105.677 E3.16602
;WIDTH:0.583165
G1 X74.342 Y105.658 E3.18631
G1 X74.323 Y105.345 E3.2066
;WIDTH:0.545178
G1 X74.304 Y105.032 E3.2254
;WIDTH:0.507191
G1 X74.304 Y84.968 E4.33353
;WIDTH:0.545178
G1 X74.323 Y84.655 E4.35233
;WIDTH:0.583165
G1 X74.342 Y84.342 E4.37262
G1 X74.655 Y84.323 E4.39291
;WIDTH:0.545178
G1 X74.968 Y84.304 E4.41171
;WIDTH:0.507191
G1 X95.032 Y84.304 E5.51984
;WIDTH:0.545178
G1 X95.345 Y84.323 E5.53864
;WIDTH:0.583165
G1 X95.658 Y84.342 E5.55893
G1 X95.658 Y84.601 E5.57569
G1 X95.677 Y84.784 E5.58759
;WIDTH:0.545178
G1 X95.696 Y84.968 E5.59868
;WIDTH:0.507191
G1 X95.696 Y105.032 E6.70681
;WIDTH:0.510546
G1 X95.695 Y105.109 E6.7111
;WIDTH:0.546855
G1 X95.677 Y105.384 E6.72768
;WIDTH:0.583165
G1 X95.662 Y105.599 E6.74163
G1 X95.271 Y105.68 F7800
G1 E4.74163 F2400
G92 E0
G1 X78.79 Y88.783 F7800
G1 E2 F2400
;TYPE:Perimeter
;WIDTH:0.45
G1 F2297
G1 X79.085 Y88.583 E2.01714
G1 X79.468 Y88.504 E2.03595
G1 X90.532 Y88.504 E2.56809
G1 X90.915 Y88.583 E2.5869
G1 X91.214 Y88.786 E2.60428
G1 X91.417 Y89.085 E2.62166
G1 X91.496 Y89.468 E2.64047
G1 X91.496 Y100.532 E3.17261
G1 X91.417 Y100.915 E3.19142
G1 X91.214 Y101.214 E3.2088
G1 X90.915 Y101.417 E3.22618
G1 X90.532 Y101.496 E3.24499
G1 X79.468 Y101.496 E3.77713
G1 X79.085 Y101.417 E3.79594
G1 X78.786 Y101.214 E3.81332
G1 X78.583 Y100.915 E3.8307
G1 X78.504 Y100.532 E3.84951
G1 X78.504 Y89.468 E4.38165
G1 X78.583 Y89.085 E4.40046
G1 X78.755 Y88.831 E4.41521
G1 X79.057 Y89.062 F7800
G1 F2297
G1 X79.059 Y89.059 E4.41538
G1 X79.238 Y88.937 E4.4258
G1 X79.468 Y88.889 E4.4371
G1 X90.532 Y88.889 E4.96924
G1 X90.762 Y88.937 E4.98054
G1 X90.941 Y89.059 E4.99096
G1 X91.063 Y89.238 E5.00138
G1 X91.111 Y89.468 E5.01268
G1 X91.111 Y100.532 E5.54482
G1 X91.063 Y100.762 E5.55612
G1 X90.941 Y100.941 E5.56654
G1 X90.762 Y101.063 E5.57696
G1 X90.532 Y101.111 E5.58826
G1 X79.468 Y101.111 E6.1204
G1 X79.238 Y101.063 E6.1317
G1 X79.059 Y100.941 E6.14212
G1 X78.937 Y100.762 E6.15254
G1 X78.889 Y100.532 E6.16384
G1 X78.889 Y89.468 E6.69598
G1 X78.937 Y89.238 E6.70728
G1 X79.023 Y89.111 E6.71466
G1 X79.338 Y89.329 F7800
;TYPE:External perimeter
G1 F1800
G1 X79.468 Y89.275 E6.72143
G1 X90.532 Y89.275 E7.25357
G1 X90.669 Y89.331 E7.26069
G1 X90.725 Y89.468 E7.26781
G1 X90.725 Y100.532 E7.79995
G1 X90.669 Y100.669 E7.80707
G1 X90.532 Y100.725 E7.81419
G1 X79.468 Y100.725 E8.34633
G1 X79.331 Y100.669 E8.35345
G1 X79.275 Y100.532 E8.36057
G1 X79.275 Y89.468 E8.89271
G1 X79.311 Y89.38 E8.89728
G1 X79.699 Y89.282 F7800
G1 E6.89728 F2400
G92 E0
G1 X92.504 Y102.504 F7800
G1 E2 F2400
;TYPE:Perimeter
G1 F2297
G1 X77.496 Y102.504 E2.72183
G1 X77.496 Y87.496 E3.44366
G1 X92.504 Y87.496 E4.16549
G1 X92.504 Y88.252 E4.20185
G1 X92.504 Y102.444 E4.88444
G1 X92.889 Y102.889 F7800
G1 F2297
G1 X77.111 Y102.889 E5.64331
G1 X77.111 Y87.111 E6.40218
G1 X92.889 Y87.111 E7.16105
G1 X92.889 Y88.252 E7.21593
G1 X92.889 Y102.829 E7.91703
G1 X93.275 Y103.275 F7800
;TYPE:External perimeter
G1 F1800
G1 X76.725 Y103.275 E8.71303
G1 X76.725 Y86.725 E9.50903
G1 X93.275 Y86.725 E10.30503
G1 X93.275 Y88.252 E10.37847
G1 X93.275 Y103.215 E11.09814
G1 X92.879 Y103.274 F7800
G1 E9.09814 F2400
G92 E0
G1 X90.33 Y87.796 F7800
G1 E2 F2400
;TYPE:Solid infill
;WIDTH:0.47174
G1 F2297
G1 X78.958 Y87.785 E2.57779
;WIDTH:0.45
G1 X77.785 Y87.785 E2.63421
G1 X77.785 Y88.954 E2.69043
;WIDTH:0.471738
G1 X77.785 Y101.042 E3.30459
;WIDTH:0.45
G1 X77.785 Y102.215 E3.36101
G1 X78.954 Y102.215 E3.41723
;WIDTH:0.471738
G1 X91.042 Y102.215 E4.03139
;WIDTH:0.45
G1 X92.215 Y102.215 E4.08781
G1 X92.215 Y101.042 E4.14423
;WIDTH:0.471739
G1 X92.215 Y88.954 E4.7584
;WIDTH:0.45
G1 X92.215 Y87.785 E4.81462
G1 X91.046 Y87.785 E4.87084
;WIDTH:0.471738
G1 X90.522 Y87.796 E4.89747
G1 E2.89747 F2400
G92 E0
G1 X78.319 Y88.235 F7800
G1 E2 F2400
;WIDTH:0.612969
G1 F2297
G1 X78.27 Y88.186 E2.00474
G1 X78.204 Y88.204 E2.00942
G1 X78.186 Y88.27 E2.0141
G1 X78.235 Y88.319 E2.01884
G1 X78.301 Y88.301 E2.02352
G1 E.02352 F2400
G92 E0
G1 X90.33 Y88.204 F7800
G1 E2 F2400
;WIDTH:0.47174
G1 F2297
G1 X79.472 Y88.204 E2.55167
G1 X79.011 Y88.305 E2.57565
;WIDTH:0.45
G1 X78.611 Y88.56 E2.59847
G1 X78.337 Y88.938 E2.62092
;WIDTH:0.471738
G1 X78.204 Y89.478 E2.64918
G1 X78.204 Y100.528 E3.21061
G1 X78.305 Y100.989 E3.23459
;WIDTH:0.45
G1 X78.56 Y101.389 E3.25741
G1 X78.938 Y101.663 E3.27986
;WIDTH:0.471738
G1 X79.478 Y101.796 E3.30812
G1 X90.528 Y101.796 E3.86955
G1 X90.989 Y101.695 E3.89353
;WIDTH:0.45
G1 X91.417 Y101.417 E3.91808
G1 X91.665 Y101.058 E3.93907
;WIDTH:0.471739
G1 X91.796 Y100.528 E3.96681
G1 X91.796 Y89.478 E4.52824
G1 X91.692 Y89.008 E4.5527
;WIDTH:0.45
G1 X91.44 Y88.611 E4.57532
G1 X91.062 Y88.337 E4.59777
;WIDTH:0.471738
G1 X90.522 Y88.204 E4.62603
G1 X91.796 Y88.301 F7800
;WIDTH:0.612969
G1 F2297
G1 X91.73 Y88.319 E4.63071
G1 X91.681 Y88.27 E4.63545
G1 X91.699 Y88.204 E4.64013
G1 X91.765 Y88.186 E4.64481
G1 X91.814 Y88.235 E4.64955
G1 E2.64955 F2400
G92 E0
G1 X91.814 Y101.73 F7800
G1 E2 F2400
;WIDTH:0.612972
G1 F2297
G1 X91.765 Y101.681 E2.00474
G1 X91.699 Y101.699 E2.00942
G1 X91.681 Y101.765 E2.0141
G1 X91.73 Y101.814 E2.01884
G1 X91.796 Y101.796 E2.02352
G1 E.02352 F2400
G92 E0
G1 X78.319 Y101.73 F7800
G1 E2 F2400
;WIDTH:0.612969
G1 F2297
G1 X78.27 Y101.681 E2.00474
G1 X78.204 Y101.699 E2.00942
G1 X78.186 Y101.765 E2.0141
G1 X78.235 Y101.814 E2.01884
G1 X78.301 Y101.796 E2.02352
;LAYER_CHANGE
;Z:6.95
;HEIGHT:0.3
G1 E.02352 F2400
G92 E0
G1 Z6.95 F7800
G1 X74.812 Y105.221
G1 E2 F2400
;TYPE:External perimeter
;WIDTH:0.583165
G1 F1800
G1 X74.784 Y105.216 E2.00184
G1 X74.765 Y105.124 E2.00792
;WIDTH:0.545178
G1 X74.746 Y105.032 E2.01355
;WIDTH:0.507191
G1 X74.746 Y84.968 E3.12168
;WIDTH:0.545178
G1 X74.765 Y84.876 E3.12731
;WIDTH:0.583165
G1 X74.784 Y84.784 E3.13339
G1 X74.876 Y84.765 E3.13947
;WIDTH:0.545178
G1 X74.968 Y84.746 E3.1451
;WIDTH:0.507191
G1 X95.032 Y84.746 E4.25323
;WIDTH:0.545178
G1 X95.124 Y84.765 E4.25886
;WIDTH:0.583165
G1 X95.216 Y84.784 E4.26494
G1 X95.235 Y84.876 E4.27102
;WIDTH:0.545178
G1 X95.254 Y84.968 E4.27665
;WIDTH:0.507191
G1 X95.254 Y105.032 E5.38478
;WIDTH:0.545178
G1 X95.235 Y105.124 E5.39041
;WIDTH:0.583165
G1 X95.216 Y105.216 E5.39649
G1 X95.124 Y105.235 E5.40257
;WIDTH:0.545178
G1 X95.032 Y105.254 E5.4082
;WIDTH:0.507191
G1 X74.968 Y105.254 E6.51633
;WIDTH:0.545178
G1 X74.876 Y105.235 E6.52196
;WIDTH:0.583165
G1 X74.871 Y105.233 E6.52231
G1 X74.748 Y104.853 F7800
G1 E4.52231 F2400
G92 E0
G1 X95.658 Y105.658 F7800
G1 E2 F2400
G1 F1800
G1 X95.345 Y105.677 E2.02029
;WIDTH:0.545178
G1 X95.032 Y105.696 E2.03909
;WIDTH:0.507191
G1 X74.968 Y105.696 E3.14722
;WIDTH:0.545178
G1 X74.655 Y105.677 E3.16602
;WIDTH:0.583165
G1 X74.342 Y105.658 E3.18631
G1 X74.323 Y105.345 E3.2066
;WIDTH:0.545178
G1 X74.304 Y105.032 E3.2254
;WIDTH:0.507191
G1 X74.304 Y84.968 E4.33353
;WIDTH:0.545178
G1 X74.323 Y84.655 E4.35233
;WIDTH:0.583165
G1 X74.342 Y84.342 E4.37262
G1 X74.655 Y84.323 E4.39291
;WIDTH:0.545178
G1 X74.968 Y84.304 E4.41171
;WIDTH:0.507191
G1 X95.032 Y84.304 E5.51984
;WIDTH:0.545178
G1 X95.345 Y84.323 E5.53864
;WIDTH:0.583165
G1 X95.658 Y84.342 E5.55893
G1 X95.658 Y84.601 E5.57569
G1 X95.677 Y84.784 E5.58759
;WIDTH:0.545178
G1 X95.696 Y84.968 E5.59868
;WIDTH:0.507191
G1 X95.696 Y105.032 E6.70681
;WIDTH:0.510546
G1 X95.695 Y105.109 E6.7111
;WIDTH:0.546855
G1 X95.677 Y105.384 E6.72768
;WIDTH:0.583165
G1 X95.662 Y105.599 E6.74163
G1 X95.271 Y105.68 F7800
G1 E4.74163 F2400
G92 E0
G1 X78.79 Y88.783 F7800
G1 E2 F2400
;TYPE:Perimeter
;WIDTH:0.45
G1 F2281
G1 X79.085 Y88.583 E2.01714
G1 X79.468 Y88.504 E2.03595
G1 X90.532 Y88.504 E2.56809
G1 X90.915 Y88.583 E2.5869
G1 X91.214 Y88.786 E2.60428
G1 X91.417 Y89.085 E2.62166
G1 X91.496 Y89.468 E2.64047
G1 X91.496 Y100.532 E3.17261
G1 X91.417 Y100.915 E3.19142
G1 X91.214 Y101.214 E3.2088
G1 X90.915 Y101.417 E3.22618
G1 X90.532 Y101.496 E3.24499
G1 X79.468 Y101.496 E3.77713
G1 X79.085 Y101.417 E3.79594
G1 X78.786 Y101.214 E3.81332
G1 X78.583 Y100.915 E3.8307
G1 X78.504 Y100.532 E3.84951
G1 X78.504 Y89.468 E4.38165
G1 X78.583 Y89.085 E4.40046
G1 X78.755 Y88.831 E4.41521
G1 X79.057 Y89.062 F7800
G1 F2281
G1 X79.059 Y89.059 E4.41538
G1 X79.238 Y88.937 E4.4258
G1 X79.468 Y88.889 E4.4371
G1 X90.532 Y88.889 E4.96924
G1 X90.762 Y88.937 E4.98054
G1 X90.941 Y89.059 E4.99096
G1 X91.063 Y89.238 E5.00138
G1 X91.111 Y89.468 E5.01268
G1 X91.111 Y100.532 E5.54482
G1 X91.063 Y100.762 E5.55612
G1 X90.941 Y100.941 E5.56654
G1 X90.762 Y101.063 E5.57696
G1 X90.532 Y101.111 E5.58826
G1 X79.468 Y101.111 E6.1204
G1 X79.238 Y101.063 E6.1317
G1 X79.059 Y100.941 E6.14212
G1 X78.937 Y100.762 E6.15254
G1 X78.889 Y100.532 E6.16384
G1 X78.889 Y89.468 E6.69598
G1 X78.937 Y89.238 E6.70728
G1 X79.023 Y89.111 E6.71466
G1 X79.338 Y89.329 F7800
;TYPE:External perimeter
G1 F1800
G1 X79.468 Y89.275 E6.72143
G1 X90.532 Y89.275 E7.25357
G1 X90.669 Y89.331 E7.26069
G1 X90.725 Y89.468 E7.26781
G1 X90.725 Y100.532 E7.79995
G1 X90.669 Y100.669 E7.80707
G1 X90.532 Y100.725 E7.81419
G1 X79.468 Y100.725 E8.34633
G1 X79.331 Y100.669 E8.35345
G1 X79.275 Y100.532 E8.36057
G1 X79.275 Y89.468 E8.89271
G1 X79.311 Y89.38 E8.89728
G1 X79.699 Y89.282 F7800
G1 E6.89728 F2400
G92 E0
G1 X92.504 Y102.504 F7800
G1 E2 F2400
;TYPE:Perimeter
G1 F2281
G1 X77.496 Y102.504 E2.72183
G1 X77.496 Y87.496 E3.44366
G1 X92.504 Y87.496 E4.16549
G1 X92.504 Y88.252 E4.20185
G1 X92.504 Y102.444 E4.88444
G1 X92.889 Y102.889 F7800
G1 F2281
G1 X77.111 Y102.889 E5.64331
G1 X77.111 Y87.111 E6.40218
G1 X92.889 Y87.111 E7.16105
G1 X92.889 Y88.252 E7.21593
G1 X92.889 Y102.829 E7.91703
G1 X93.275 Y103.275 F7800
;TYPE:External perimeter
G1 F1800
G1 X76.725 Y103.275 E8.71303
G1 X76.725 Y86.725 E9.50903
G1 X93.275 Y86.725 E10.30503
G1 X93.275 Y88.252 E10.37847
G1 X93.275 Y103.215 E11.09814
G1 X92.879 Y103.274 F7800
G1 E9.09814 F2400
G92 E0
G1 X77.796 Y89.67 F7800
G1 E2 F2400
;TYPE:Solid infill
;WIDTH:0.47174
G1 F2281
G1 X77.785 Y101.042 E2.57779
;WIDTH:0.45
G1 X77.785 Y102.215 E2.63421
G1 X78.954 Y102.215 E2.69043
;WIDTH:0.471739
G1 X91.042 Y102.215 E3.3046
;WIDTH:0.45
G1 X92.215 Y102.215 E3.36102
G1 X92.215 Y101.042 E3.41744
;WIDTH:0.47174
G1 X92.215 Y88.954 E4.03161
;WIDTH:0.45
G1 X92.215 Y87.785 E4.08783
G1 X91.046 Y87.785 E4.14405
;WIDTH:0.471738
G1 X78.958 Y87.785 E4.75821
;WIDTH:0.45
G1 X77.785 Y87.785 E4.81463
G1 X77.785 Y88.954 E4.87085
;WIDTH:0.471738
G1 X77.796 Y89.478 E4.89748
G1 E2.89748 F2400
G92 E0
G1 X78.235 Y101.681 F7800
G1 E2 F2400
;WIDTH:0.612971
G1 F2281
G1 X78.186 Y101.73 E2.00474
G1 X78.204 Y101.796 E2.00942
G1 X78.27 Y101.814 E2.0141
G1 X78.319 Y101.765 E2.01884
G1 X78.301 Y101.699 E2.02352
G1 E.02352 F2400
G92 E0
G1 X78.204 Y89.67 F7800
G1 E2 F2400
;WIDTH:0.47174
G1 F2281
G1 X78.204 Y100.528 E2.55167
G1 X78.305 Y100.989 E2.57565
;WIDTH:0.45
G1 X78.56 Y101.389 E2.59847
G1 X78.938 Y101.663 E2.62092
;WIDTH:0.471739
G1 X79.478 Y101.796 E2.64918
G1 X90.528 Y101.796 E3.21061
G1 X90.989 Y101.695 E3.23459
;WIDTH:0.45
G1 X91.389 Y101.44 E3.25741
G1 X91.665 Y101.058 E3.28008
;WIDTH:0.47174
G1 X91.796 Y100.528 E3.30782
G1 X91.796 Y89.478 E3.86925
G1 X91.692 Y89.008 E3.89371
;WIDTH:0.45
G1 X91.417 Y88.583 E3.91806
G1 X91.062 Y88.337 E3.93883
;WIDTH:0.471738
G1 X90.522 Y88.204 E3.96709
G1 X79.472 Y88.204 E4.52852
G1 X79.011 Y88.305 E4.5525
;WIDTH:0.45
G1 X78.611 Y88.56 E4.57532
G1 X78.337 Y88.938 E4.59777
;WIDTH:0.471738
G1 X78.204 Y89.478 E4.62603
G1 X78.301 Y88.204 F7800
;WIDTH:0.612969
G1 F2281
G1 X78.319 Y88.27 E4.63071
G1 X78.27 Y88.319 E4.63545
G1 X78.204 Y88.301 E4.64013
G1 X78.186 Y88.235 E4.64481
G1 X78.235 Y88.186 E4.64955
G1 E2.64955 F2400
G92 E0
G1 X91.73 Y88.186 F7800
G1 E2 F2400
G1 F2281
G1 X91.681 Y88.235 E2.00474
G1 X91.699 Y88.301 E2.00942
G1 X91.765 Y88.319 E2.0141
G1 X91.814 Y88.27 E2.01884
G1 X91.796 Y88.204 E2.02352
G1 E.02352 F2400
G92 E0
G1 X91.73 Y101.681 F7800
G1 E2 F2400
;WIDTH:0.612971
G1 F2281
G1 X91.681 Y101.73 E2.00474
G1 X91.699 Y101.796 E2.00942
G1 X91.765 Y101.814 E2.0141
G1 X91.814 Y101.765 E2.01884
G1 X91.796 Y101.699 E2.02352
;LAYER_CHANGE
;Z:7.25
;HEIGHT:0.3
G1 E.02352 F2400
G92 E0
G1 Z7.25 F7800
G1 X74.812 Y105.221
G1 E2 F2400
;TYPE:External perimeter
;WIDTH:0.583165
G1 F1800
G1 X74.784 Y105.216 E2.00184
G1 X74.765 Y105.124 E2.00792
;WIDTH:0.545178
G1 X74.746 Y105.032 E2.01355
;WIDTH:0.507191
G1 X74.746 Y84.968 E3.12168
;WIDTH:0.545178
G1 X74.765 Y84.876 E3.12731
;WIDTH:0.583165
G1 X74.784 Y84.784 E3.13339
G1 X74.876 Y84.765 E3.13947
;WIDTH:0.545178
G1 X74.968 Y84.746 E3.1451
;WIDTH:0.507191
G1 X95.032 Y84.746 E4.25323
;WIDTH:0.545178
G1 X95.124 Y84.765 E4.25886
;WIDTH:0.583165
G1 X95.216 Y84.784 E4.26494
G1 X95.235 Y84.876 E4.27102
;WIDTH:0.545178
G1 X95.254 Y84.968 E4.27665
;WIDTH:0.507191
G1 X95.254 Y105.032 E5.38478
;WIDTH:0.545178
G1 X95.235 Y105.124 E5.39041
;WIDTH:0.583165
G1 X95.216 Y105.216 E5.39649
G1 X95.124 Y105.235 E5.40257
;WIDTH:0.545178
G1 X95.032 Y105.254 E5.4082
;WIDTH:0.507191
G1 X74.968 Y105.254 E6.51633
;WIDTH:0.545178
G1 X74.876 Y105.235 E6.52196
;WIDTH:0.583165
G1 X74.871 Y105.233 E6.52231
G1 X74.748 Y104.853 F7800
G1 E4.52231 F2400
G92 E0
G1 X95.658 Y105.658 F7800
G1 E2 F2400
G1 F1800
G1 X95.345 Y105.677 E2.02029
;WIDTH:0.545178
G1 X95.032 Y105.696 E2.03909
;WIDTH:0.507191
G1 X74.968 Y105.696 E3.14722
;WIDTH:0.545178
G1 X74.655 Y105.677 E3.16602
;WIDTH:0.583165
G1 X74.342 Y105.658 E3.18631
G1 X74.323 Y105.345 E3.2066
;WIDTH:0.545178
G1 X74.304 Y105.032 E3.2254
;WIDTH:0.507191
G1 X74.304 Y84.968 E4.33353
;WIDTH:0.545178
G1 X74.323 Y84.655 E4.35233
;WIDTH:0.583165
G1 X74.342 Y84.342 E4.37262
G1 X74.655 Y84.323 E4.39291
;WIDTH:0.545178
G1 X74.968 Y84.304 E4.41171
;WIDTH:0.507191
G1 X95.032 Y84.304 E5.51984
;WIDTH:0.545178
G1 X95.345 Y84.323 E5.53864
;WIDTH:0.583165
G1 X95.658 Y84.342 E5.55893
G1 X95.658 Y84.601 E5.57569
G1 X95.677 Y84.784 E5.58759
;WIDTH:0.545178
G1 X95.696 Y84.968 E5.59868
;WIDTH:0.507191
G1 X95.696 Y105.032 E6.70681
;WIDTH:0.510546
G1 X95.695 Y105.109 E6.7111
;WIDTH:0.546855
G1 X95.677 Y105.384 E6.72768
;WIDTH:0.583165
G1 X95.662 Y105.599 E6.74163
G1 X95.271 Y105.68 F7800
G1 E4.74163 F2400
G92 E0
G1 X78.79 Y88.783 F7800
G1 E2 F2400
;TYPE:Perimeter
;WIDTH:0.45
G1 F2297
G1 X79.085 Y88.583 E2.01714
G1 X79.468 Y88.504 E2.03595
G1 X90.532 Y88.504 E2.56809
G1 X90.915 Y88.583 E2.5869
G1 X91.214 Y88.786 E2.60428
G1 X91.417 Y89.085 E2.62166
G1 X91.496 Y89.468 E2.64047
G1 X91.496 Y100.532 E3.17261
G1 X91.417 Y100.915 E3.19142
G1 X91.214 Y101.214 E3.2088
G1 X90.915 Y101.417 E3.22618
G1 X90.532 Y101.496 E3.24499
G1 X79.468 Y101.496 E3.77713
G1 X79.085 Y101.417 E3.79594
G1 X78.786 Y101.214 E3.81332
G1 X78.583 Y100.915 E3.8307
G1 X78.504 Y100.532 E3.84951
G1 X78.504 Y89.468 E4.38165
G1 X78.583 Y89.085 E4.40046
G1 X78.755 Y88.831 E4.41521
G1 X79.057 Y89.062 F7800
G1 F2297
G1 X79.059 Y89.059 E4.41538
G1 X79.238 Y88.937 E4.4258
G1 X79.468 Y88.889 E4.4371
G1 X90.532 Y88.889 E4.96924
G1 X90.762 Y88.937 E4.98054
G1 X90.941 Y89.059 E4.99096
G1 X91.063 Y89.238 E5.00138
G1 X91.111 Y89.468 E5.01268
G1 X91.111 Y100.532 E5.54482
G1 X91.063 Y100.762 E5.55612
G1 X90.941 Y100.941 E5.56654
G1 X90.762 Y101.063 E5.57696
G1 X90.532 Y101.111 E5.58826
G1 X79.468 Y101.111 E6.1204
G1 X79.238 Y101.063 E6.1317
G1 X79.059 Y100.941 E6.14212
G1 X78.937 Y100.762 E6.15254
G1 X78.889 Y100.532 E6.16384
G1 X78.889 Y89.468 E6.69598
G1 X78.937 Y89.238 E6.70728
G1 X79.023 Y89.111 E6.71466
G1 X79.338 Y89.329 F7800
;TYPE:External perimeter
G1 F1800
G1 X79.468 Y89.275 E6.72143
G1 X90.532 Y89.275 E7.25357
G1 X90.669 Y89.331 E7.26069
G1 X90.725 Y89.468 E7.26781
G1 X90.725 Y100.532 E7.79995
G1 X90.669 Y100.669 E7.80707
G1 X90.532 Y100.725 E7.81419
G1 X79.468 Y100.725 E8.34633
G1 X79.331 Y100.669 E8.35345
G1 X79.275 Y100.532 E8.36057
G1 X79.275 Y89.468 E8.89271
G1 X79.311 Y89.38 E8.89728
G1 X79.699 Y89.282 F7800
G1 E6.89728 F2400
G92 E0
G1 X92.504 Y102.504 F7800
G1 E2 F2400
;TYPE:Perimeter
G1 F2297
G1 X77.496 Y102.504 E2.72183
G1 X77.496 Y87.496 E3.44366
G1 X92.504 Y87.496 E4.16549
G1 X92.504 Y88.252 E4.20185
G1 X92.504 Y102.444 E4.88444
G1 X92.889 Y102.889 F7800
G1 F2297
G1 X77.111 Y102.889 E5.64331
G1 X77.111 Y87.111 E6.40218
G1 X92.889 Y87.111 E7.16105
G1 X92.889 Y88.252 E7.21593
G1 X92.889 Y102.829 E7.91703
G1 X93.275 Y103.275 F7800
;TYPE:External perimeter
G1 F1800
G1 X76.725 Y103.275 E8.71303
G1 X76.725 Y86.725 E9.50903
G1 X93.275 Y86.725 E10.30503
G1 X93.275 Y88.252 E10.37847
G1 X93.275 Y103.215 E11.09814
G1 X92.879 Y103.274 F7800
G1 E9.09814 F2400
G92 E0
G1 X90.33 Y87.796 F7800
G1 E2 F2400
;TYPE:Solid infill
;WIDTH:0.47174
G1 F2297
G1 X78.958 Y87.785 E2.57779
;WIDTH:0.45
G1 X77.785 Y87.785 E2.63421
G1 X77.785 Y88.954 E2.69043
;WIDTH:0.471738
G1 X77.785 Y101.042 E3.30459
;WIDTH:0.45
G1 X77.785 Y102.215 E3.36101
G1 X78.954 Y102.215 E3.41723
;WIDTH:0.471738
G1 X91.042 Y102.215 E4.03139
;WIDTH:0.45
G1 X92.215 Y102.215 E4.08781
G1 X92.215 Y101.042 E4.14423
;WIDTH:0.471739
G1 X92.215 Y88.954 E4.7584
;WIDTH:0.45
G1 X92.215 Y87.785 E4.81462
G1 X91.046 Y87.785 E4.87084
;WIDTH:0.471738
G1 X90.522 Y87.796 E4.89747
G1 E2.89747 F2400
G92 E0
G1 X78.319 Y88.235 F7800
G1 E2 F2400
;WIDTH:0.612969
G1 F2297
G1 X78.27 Y88.186 E2.00474
G1 X78.204 Y88.204 E2.00942
G1 X78.186 Y88.27 E2.0141
G1 X78.235 Y88.319 E2.01884
G1 X78.301 Y88.301 E2.02352
G1 E.02352 F2400
G92 E0
G1 X90.33 Y88.204 F7800
G1 E2 F2400
;WIDTH:0.47174
G1 F2297
G1 X79.472 Y88.204 E2.55167
G1 X79.011 Y88.305 E2.57565
;WIDTH:0.45
G1 X78.611 Y88.56 E2.59847
G1 X78.337 Y88.938 E2.62092
;WIDTH:0.471738
G1 X78.204 Y89.478 E2.64918
G1 X78.204 Y100.528 E3.21061
G1 X78.305 Y100.989 E3.23459
;WIDTH:0.45
G1 X78.56 Y101.389 E3.25741
G1 X78.938 Y101.663 E3.27986
;WIDTH:0.471738
G1 X79.478 Y101.796 E3.30812
G1 X90.528 Y101.796 E3.86955
G1 X90.989 Y101.695 E3.89353
;WIDTH:0.45
G1 X91.417 Y101.417 E3.91808
G1 X91.665 Y101.058 E3.93907
;WIDTH:0.471739
G1 X91.796 Y100.528 E3.96681
G1 X91.796 Y89.478 E4.52824
G1 X91.692 Y89.008 E4.5527
;WIDTH:0.45
G1 X91.44 Y88.611 E4.57532
G1 X91.062 Y88.337 E4.59777
;WIDTH:0.471738
G1 X90.522 Y88.204 E4.62603
G1 X91.796 Y88.301 F7800
;WIDTH:0.612969
G1 F2297
G1 X91.73 Y88.319 E4.63071
G1 X91.681 Y88.27 E4.63545
G1 X91.699 Y88.204 E4.64013
G1 X91.765 Y88.186 E4.64481
G1 X91.814 Y88.235 E4.64955
G1 E2.64955 F2400
G92 E0
G1 X91.814 Y101.73 F7800
G1 E2 F2400
;WIDTH:0.612972
G1 F2297
G1 X91.765 Y101.681 E2.00474
G1 X91.699 Y101.699 E2.00942
G1 X91.681 Y101.765 E2.0141
G1 X91.73 Y101.814 E2.01884
G1 X91.796 Y101.796 E2.02352
G1 E.02352 F2400
G92 E0
G1 X78.319 Y101.73 F7800
G1 E2 F2400
;WIDTH:0.612969
G1 F2297
G1 X78.27 Y101.681 E2.00474
G1 X78.204 Y101.699 E2.00942
G1 X78.186 Y101.765 E2.0141
G1 X78.235 Y101.814 E2.01884
G1 X78.301 Y101.796 E2.02352
;LAYER_CHANGE
;Z:7.55
;HEIGHT:0.3
G1 E.02352 F2400
G92 E0
G1 Z7.55 F7800
G1 X74.812 Y105.221
G1 E2 F2400
;TYPE:External perimeter
;WIDTH:0.583165
G1 F1800
G1 X74.784 Y105.216 E2.00184
G1 X74.765 Y105.124 E2.00792
;WIDTH:0.545178
G1 X74.746 Y105.032 E2.01355
;WIDTH:0.507191
G1 X74.746 Y84.968 E3.12168
;WIDTH:0.545178
G1 X74.765 Y84.876 E3.12731
;WIDTH:0.583165
G1 X74.784 Y84.784 E3.13339
G1 X74.876 Y84.765 E3.13947
;WIDTH:0.545178
G1 X74.968 Y84.746 E3.1451
;WIDTH:0.507191
G1 X95.032 Y84.746 E4.25323
;WIDTH:0.545178
G1 X95.124 Y84.765 E4.25886
;WIDTH:0.583165
G1 X95.216 Y84.784 E4.26494
G1 X95.235 Y84.876 E4.27102
;WIDTH:0.545178
G1 X95.254 Y84.968 E4.27665
;WIDTH:0.507191
G1 X95.254 Y105.032 E5.38478
;WIDTH:0.545178
G1 X95.235 Y105.124 E5.39041
;WIDTH:0.583165
G1 X95.216 Y105.216 E5.39649
G1 X95.124 Y105.235 E5.40257
;WIDTH:0.545178
G1 X95.032 Y105.254 E5.4082
;WIDTH:0.507191
G1 X74.968 Y105.254 E6.51633
;WIDTH:0.545178
G1 X74.876 Y105.235 E6.52196
;WIDTH:0.583165
G1 X74.871 Y105.233 E6.52231
G1 X74.748 Y104.853 F7800
G1 E4.52231 F2400
G92 E0
G1 X95.658 Y105.658 F7800
G1 E2 F2400
G1 F1800
G1 X95.345 Y105.677 E2.02029
;WIDTH:0.545178
G1 X95.032 Y105.696 E2.03909
;WIDTH:0.507191
G1 X74.968 Y105.696 E3.14722
;WIDTH:0.545178
G1 X74.655 Y105.677 E3.16602
;WIDTH:0.583165
G1 X74.342 Y105.658 E3.18631
G1 X74.323 Y105.345 E3.2066
;WIDTH:0.545178
G1 X74.304 Y105.032 E3.2254
;WIDTH:0.507191
G1 X74.304 Y84.968 E4.33353
;WIDTH:0.545178
G1 X74.323 Y84.655 E4.35233
;WIDTH:0.583165
G1 X74.342 Y84.342 E4.37262
G1 X74.655 Y84.323 E4.39291
;WIDTH:0.545178
G1 X74.968 Y84.304 E4.41171
;WIDTH:0.507191
G1 X95.032 Y84.304 E5.51984
;WIDTH:0.545178
G1 X95.345 Y84.323 E5.53864
;WIDTH:0.583165
G1 X95.658 Y84.342 E5.55893
G1 X95.658 Y84.601 E5.57569
G1 X95.677 Y84.784 E5.58759
;WIDTH:0.545178
G1 X95.696 Y84.968 E5.59868
;WIDTH:0.507191
G1 X95.696 Y105.032 E6.70681
;WIDTH:0.510546
G1 X95.695 Y105.109 E6.7111
;WIDTH:0.546855
G1 X95.677 Y105.384 E6.72768
;WIDTH:0.583165
G1 X95.662 Y105.599 E6.74163
G1 X95.271 Y105.68 F7800
G1 E4.74163 F2400
G92 E0
G1 X78.79 Y88.783 F7800
G1 E2 F2400
;TYPE:Perimeter
;WIDTH:0.45
G1 F2281
G1 X79.085 Y88.583 E2.01714
G1 X79.468 Y88.504 E2.03595
G1 X90.532 Y88.504 E2.56809
G1 X90.915 Y88.583 E2.5869
G1 X91.214 Y88.786 E2.60428
G1 X91.417 Y89.085 E2.62166
G1 X91.496 Y89.468 E2.64047
G1 X91.496 Y100.532 E3.17261
G1 X91.417 Y100.915 E3.19142
G1 X91.214 Y101.214 E3.2088
G1 X90.915 Y101.417 E3.22618
G1 X90.532 Y101.496 E3.24499
G1 X79.468 Y101.496 E3.77713
G1 X79.085 Y101.417 E3.79594
G1 X78.786 Y101.214 E3.81332
G1 X78.583 Y100.915 E3.8307
G1 X78.504 Y100.532 E3.84951
G1 X78.504 Y89.468 E4.38165
G1 X78.583 Y89.085 E4.40046
G1 X78.755 Y88.831 E4.41521
G1 X79.057 Y89.062 F7800
G1 F2281
G1 X79.059 Y89.059 E4.41538
G1 X79.238 Y88.937 E4.4258
G1 X79.468 Y88.889 E4.4371
G1 X90.532 Y88.889 E4.96924
G1 X90.762 Y88.937 E4.98054
G1 X90.941 Y89.059 E4.99096
G1 X91.063 Y89.238 E5.00138
G1 X91.111 Y89.468 E5.01268
G1 X91.111 Y100.532 E5.54482
G1 X91.063 Y100.762 E5.55612
G1 X90.941 Y100.941 E5.56654
G1 X90.762 Y101.063 E5.57696
G1 X90.532 Y101.111 E5.58826
G1 X79.468 Y101.111 E6.1204
G1 X79.238 Y101.063 E6.1317
G1 X79.059 Y100.941 E6.14212
G1 X78.937 Y100.762 E6.15254
G1 X78.889 Y100.532 E6.16384
G1 X78.889 Y89.468 E6.69598
G1 X78.937 Y89.238 E6.70728
G1 X79.023 Y89.111 E6.71466
G1 X79.338 Y89.329 F7800
;TYPE:External perimeter
G1 F1800
G1 X79.468 Y89.275 E6.72143
G1 X90.532 Y89.275 E7.25357
G1 X90.669 Y89.331 E7.26069
G1 X90.725 Y89.468 E7.26781
G1 X90.725 Y100.532 E7.79995
G1 X90.669 Y100.669 E7.80707
G1 X90.532 Y100.725 E7.81419
G1 X79.468 Y100.725 E8.34633
G1 X79.331 Y100.669 E8.35345
G1 X79.275 Y100.532 E8.36057
G1 X79.275 Y89.468 E8.89271
G1 X79.311 Y89.38 E8.89728
G1 X79.699 Y89.282 F7800
G1 E6.89728 F2400
G92 E0
G1 X92.504 Y102.504 F7800
G1 E2 F2400
;TYPE:Perimeter
G1 F2281
G1 X77.496 Y102.504 E2.72183
G1 X77.496 Y87.496 E3.44366
G1 X92.504 Y87.496 E4.16549
G1 X92.504 Y88.252 E4.20185
G1 X92.504 Y102.444 E4.88444
G1 X92.889 Y102.889 F7800
G1 F2281
G1 X77.111 Y102.889 E5.64331
G1 X77.111 Y87.111 E6.40218
G1 X92.889 Y87.111 E7.16105
G1 X92.889 Y88.252 E7.21593
G1 X92.889 Y102.829 E7.91703
G1 X93.275 Y103.275 F7800
;TYPE:External perimeter
G1 F1800
G1 X76.725 Y103.275 E8.71303
G1 X76.725 Y86.725 E9.50903
G1 X93.275 Y86.725 E10.30503
G1 X93.275 Y88.252 E10.37847
G1 X93.275 Y103.215 E11.09814
G1 X92.879 Y103.274 F7800
G1 E9.09814 F2400
G92 E0
G1 X77.796 Y89.67 F7800
G1 E2 F2400
;TYPE:Solid infill
;WIDTH:0.47174
G1 F2281
G1 X77.785 Y101.042 E2.57779
;WIDTH:0.45
G1 X77.785 Y102.215 E2.63421
G1 X78.954 Y102.215 E2.69043
;WIDTH:0.471739
G1 X91.042 Y102.215 E3.3046
;WIDTH:0.45
G1 X92.215 Y102.215 E3.36102
G1 X92.215 Y101.042 E3.41744
;WIDTH:0.47174
G1 X92.215 Y88.954 E4.03161
;WIDTH:0.45
G1 X92.215 Y87.785 E4.08783
G1 X91.046 Y87.785 E4.14405
;WIDTH:0.471738
G1 X78.958 Y87.785 E4.75821
;WIDTH:0.45
G1 X77.785 Y87.785 E4.81463
G1 X77.785 Y88.954 E4.87085
;WIDTH:0.471738
G1 X77.796 Y89.478 E4.89748
G1 E2.89748 F2400
G92 E0
G1 X78.235 Y101.681 F7800
G1 E2 F2400
;WIDTH:0.612971
G1 F2281
G1 X78.186 Y101.73 E2.00474
G1 X78.204 Y101.796 E2.00942
G1 X78.27 Y101.814 E2.0141
G1 X78.319 Y101.765 E2.01884
G1 X78.301 Y101.699 E2.02352
G1 E.02352 F2400
G92 E0
G1 X78.204 Y89.67 F7800
G1 E2 F2400
;WIDTH:0.47174
G1 F2281
G1 X78.204 Y100.528 E2.55167
G1 X78.305 Y100.989 E2.57565
;WIDTH:0.45
G1 X78.56 Y101.389 E2.59847
G1 X78.938 Y101.663 E2.62092
;WIDTH:0.471739
G1 X79.478 Y101.796 E2.64918
G1 X90.528 Y101.796 E3.21061
G1 X90.989 Y101.695 E3.23459
;WIDTH:0.45
G1 X91.389 Y101.44 E3.25741
G1 X91.665 Y101.058 E3.28008
;WIDTH:0.47174
G1 X91.796 Y100.528 E3.30782
G1 X91.796 Y89.478 E3.86925
G1 X91.692 Y89.008 E3.89371
;WIDTH:0.45
G1 X91.417 Y88.583 E3.91806
G1 X91.062 Y88.337 E3.93883
;WIDTH:0.471738
G1 X90.522 Y88.204 E3.96709
G1 X79.472 Y88.204 E4.52852
G1 X79.011 Y88.305 E4.5525
;WIDTH:0.45
G1 X78.611 Y88.56 E4.57532
G1 X78.337 Y88.938 E4.59777
;WIDTH:0.471738
G1 X78.204 Y89.478 E4.62603
G1 X78.301 Y88.204 F7800
;WIDTH:0.612969
G1 F2281
G1 X78.319 Y88.27 E4.63071
G1 X78.27 Y88.319 E4.63545
G1 X78.204 Y88.301 E4.64013
G1 X78.186 Y88.235 E4.64481
G1 X78.235 Y88.186 E4.64955
G1 E2.64955 F2400
G92 E0
G1 X91.73 Y88.186 F7800
G1 E2 F2400
G1 F2281
G1 X91.681 Y88.235 E2.00474
G1 X91.699 Y88.301 E2.00942
G1 X91.765 Y88.319 E2.0141
G1 X91.814 Y88.27 E2.01884
G1 X91.796 Y88.204 E2.02352
G1 E.02352 F2400
G92 E0
G1 X91.73 Y101.681 F7800
G1 E2 F2400
;WIDTH:0.612971
G1 F2281
G1 X91.681 Y101.73 E2.00474
G1 X91.699 Y101.796 E2.00942
G1 X91.765 Y101.814 E2.0141
G1 X91.814 Y101.765 E2.01884
G1 X91.796 Y101.699 E2.02352
;LAYER_CHANGE
;Z:7.85
;HEIGHT:0.3
G1 E.02352 F2400
G92 E0
G1 Z7.85 F7800
G1 X74.812 Y105.221
G1 E2 F2400
;TYPE:External perimeter
;WIDTH:0.583165
G1 F1800
G1 X74.784 Y105.216 E2.00184
G1 X74.765 Y105.124 E2.00792
;WIDTH:0.545178
G1 X74.746 Y105.032 E2.01355
;WIDTH:0.507191
G1 X74.746 Y84.968 E3.12168
;WIDTH:0.545178
G1 X74.765 Y84.876 E3.12731
;WIDTH:0.583165
G1 X74.784 Y84.784 E3.13339
G1 X74.876 Y84.765 E3.13947
;WIDTH:0.545178
G1 X74.968 Y84.746 E3.1451
;WIDTH:0.507191
G1 X95.032 Y84.746 E4.25323
;WIDTH:0.545178
G1 X95.124 Y84.765 E4.25886
;WIDTH:0.583165
G1 X95.216 Y84.784 E4.26494
G1 X95.235 Y84.876 E4.27102
;WIDTH:0.545178
G1 X95.254 Y84.968 E4.27665
;WIDTH:0.507191
G1 X95.254 Y105.032 E5.38478
;WIDTH:0.545178
G1 X95.235 Y105.124 E5.39041
;WIDTH:0.583165
G1 X95.216 Y105.216 E5.39649
G1 X95.124 Y105.235 E5.40257
;WIDTH:0.545178
G1 X95.032 Y105.254 E5.4082
;WIDTH:0.507191
G1 X74.968 Y105.254 E6.51633
;WIDTH:0.545178
G1 X74.876 Y105.235 E6.52196
;WIDTH:0.583165
G1 X74.871 Y105.233 E6.52231
G1 X74.748 Y104.853 F7800
G1 E4.52231 F2400
G92 E0
G1 X95.658 Y105.658 F7800
G1 E2 F2400
G1 F1800
G1 X95.345 Y105.677 E2.02029
;WIDTH:0.545178
G1 X95.032 Y105.696 E2.03909
;WIDTH:0.507191
G1 X74.968 Y105.696 E3.14722
;WIDTH:0.545178
G1 X74.655 Y105.677 E3.16602
;WIDTH:0.583165
G1 X74.342 Y105.658 E3.18631
G1 X74.323 Y105.345 E3.2066
;WIDTH:0.545178
G1 X74.304 Y105.032 E3.2254
;WIDTH:0.507191
G1 X74.304 Y84.968 E4.33353
;WIDTH:0.545178
G1 X74.323 Y84.655 E4.35233
;WIDTH:0.583165
G1 X74.342 Y84.342 E4.37262
G1 X74.655 Y84.323 E4.39291
;WIDTH:0.545178
G1 X74.968 Y84.304 E4.41171
;WIDTH:0.507191
G1 X95.032 Y84.304 E5.51984
;WIDTH:0.545178
G1 X95.345 Y84.323 E5.53864
;WIDTH:0.583165
G1 X95.658 Y84.342 E5.55893
G1 X95.658 Y84.601 E5.57569
G1 X95.677 Y84.784 E5.58759
;WIDTH:0.545178
G1 X95.696 Y84.968 E5.59868
;WIDTH:0.507191
G1 X95.696 Y105.032 E6.70681
;WIDTH:0.510546
G1 X95.695 Y105.109 E6.7111
;WIDTH:0.546855
G1 X95.677 Y105.384 E6.72768
;WIDTH:0.583165
G1 X95.662 Y105.599 E6.74163
G1 X95.271 Y105.68 F7800
G1 E4.74163 F2400
G92 E0
G1 X78.79 Y88.783 F7800
G1 E2 F2400
;TYPE:Perimeter
;WIDTH:0.45
G1 F2297
G1 X79.085 Y88.583 E2.01714
G1 X79.468 Y88.504 E2.03595
G1 X90.532 Y88.504 E2.56809
G1 X90.915 Y88.583 E2.5869
G1 X91.214 Y88.786 E2.60428
G1 X91.417 Y89.085 E2.62166
G1 X91.496 Y89.468 E2.64047
G1 X91.496 Y100.532 E3.17261
G1 X91.417 Y100.915 E3.19142
G1 X91.214 Y101.214 E3.2088
G1 X90.915 Y101.417 E3.22618
G1 X90.532 Y101.496 E3.24499
G1 X79.468 Y101.496 E3.77713
G1 X79.085 Y101.417 E3.79594
G1 X78.786 Y101.214 E3.81332
G1 X78.583 Y100.915 E3.8307
G1 X78.504 Y100.532 E3.84951
G1 X78.504 Y89.468 E4.38165
G1 X78.583 Y89.085 E4.40046
G1 X78.755 Y88.831 E4.41521
G1 X79.057 Y89.062 F7800
G1 F2297
G1 X79.059 Y89.059 E4.41538
G1 X79.238 Y88.937 E4.4258
G1 X79.468 Y88.889 E4.4371
G1 X90.532 Y88.889 E4.96924
G1 X90.762 Y88.937 E4.98054
G1 X90.941 Y89.059 E4.99096
G1 X91.063 Y89.238 E5.00138
G1 X91.111 Y89.468 E5.01268
G1 X91.111 Y100.532 E5.54482
G1 X91.063 Y100.762 E5.55612
G1 X90.941 Y100.941 E5.56654
G1 X90.762 Y101.063 E5.57696
G1 X90.532 Y101.111 E5.58826
G1 X79.468 Y101.111 E6.1204
G1 X79.238 Y101.063 E6.1317
G1 X79.059 Y100.941 E6.14212
G1 X78.937 Y100.762 E6.15254
G1 X78.889 Y100.532 E6.16384
G1 X78.889 Y89.468 E6.69598
G1 X78.937 Y89.238 E6.70728
G1 X79.023 Y89.111 E6.71466
G1 X79.338 Y89.329 F7800
;TYPE:External perimeter
G1 F1800
G1 X79.468 Y89.275 E6.72143
G1 X90.532 Y89.275 E7.25357
G1 X90.669 Y89.331 E7.26069
G1 X90.725 Y89.468 E7.26781
G1 X90.725 Y100.532 E7.79995
G1 X90.669 Y100.669 E7.80707
G1 X90.532 Y100.725 E7.81419
G1 X79.468 Y100.725 E8.34633
G1 X79.331 Y100.669 E8.35345
G1 X79.275 Y100.532 E8.36057
G1 X79.275 Y89.468 E8.89271
G1 X79.311 Y89.38 E8.89728
G1 X79.699 Y89.282 F7800
G1 E6.89728 F2400
G92 E0
G1 X92.504 Y102.504 F7800
G1 E2 F2400
;TYPE:Perimeter
G1 F2297
G1 X77.496 Y102.504 E2.72183
G1 X77.496 Y87.496 E3.44366
G1 X92.504 Y87.496 E4.16549
G1 X92.504 Y88.252 E4.20185
G1 X92.504 Y102.444 E4.88444
G1 X92.889 Y102.889 F7800
G1 F2297
G1 X77.111 Y102.889 E5.64331
G1 X77.111 Y87.111 E6.40218
G1 X92.889 Y87.111 E7.16105
G1 X92.889 Y88.252 E7.21593
G1 X92.889 Y102.829 E7.91703
G1 X93.275 Y103.275 F7800
;TYPE:External perimeter
G1 F1800
G1 X76.725 Y103.275 E8.71303
G1 X76.725 Y86.725 E9.50903
G1 X93.275 Y86.725 E10.30503
G1 X93.275 Y88.252 E10.37847
G1 X93.275 Y103.215 E11.09814
G1 X92.879 Y103.274 F7800
G1 E9.09814 F2400
G92 E0
G1 X90.33 Y87.796 F7800
G1 E2 F2400
;TYPE:Solid infill
;WIDTH:0.47174
G1 F2297
G1 X78.958 Y87.785 E2.57779
;WIDTH:0.45
G1 X77.785 Y87.785 E2.63421
G1 X77.785 Y88.954 E2.69043
;WIDTH:0.471738
G1 X77.785 Y101.042 E3.30459
;WIDTH:0.45
G1 X77.785 Y102.215 E3.36101
G1 X78.954 Y102.215 E3.41723
;WIDTH:0.471738
G1 X91.042 Y102.215 E4.03139
;WIDTH:0.45
G1 X92.215 Y102.215 E4.08781
G1 X92.215 Y101.042 E4.14423
;WIDTH:0.471739
G1 X92.215 Y88.954 E4.7584
;WIDTH:0.45
G1 X92.215 Y87.785 E4.81462
G1 X91.046 Y87.785 E4.87084
;WIDTH:0.471738
G1 X90.522 Y87.796 E4.89747
G1 E2.89747 F2400
G92 E0
G1 X78.319 Y88.235 F7800
G1 E2 F2400
;WIDTH:0.612969
G1 F2297
G1 X78.27 Y88.186 E2.00474
G1 X78.204 Y88.204 E2.00942
G1 X78.186 Y88.27 E2.0141
G1 X78.235 Y88.319 E2.01884
G1 X78.301 Y88.301 E2.02352
G1 E.02352 F2400
G92 E0
G1 X90.33 Y88.204 F7800
G1 E2 F2400
;WIDTH:0.47174
G1 F2297
G1 X79.472 Y88.204 E2.55167
G1 X79.011 Y88.305 E2.57565
;WIDTH:0.45
G1 X78.611 Y88.56 E2.59847
G1 X78.337 Y88.938 E2.62092
;WIDTH:0.471738
G1 X78.204 Y89.478 E2.64918
G1 X78.204 Y100.528 E3.21061
G1 X78.305 Y100.989 E3.23459
;WIDTH:0.45
G1 X78.56 Y101.389 E3.25741
G1 X78.938 Y101.663 E3.27986
;WIDTH:0.471738
G1 X79.478 Y101.796 E3.30812
G1 X90.528 Y101.796 E3.86955
G1 X90.989 Y101.695 E3.89353
;WIDTH:0.45
G1 X91.417 Y101.417 E3.91808
G1 X91.665 Y101.058 E3.93907
;WIDTH:0.471739
G1 X91.796 Y100.528 E3.96681
G1 X91.796 Y89.478 E4.52824
G1 X91.692 Y89.008 E4.5527
;WIDTH:0.45
G1 X91.44 Y88.611 E4.57532
G1 X91.062 Y88.337 E4.59777
;WIDTH:0.471738
G1 X90.522 Y88.204 E4.62603
G1 X91.796 Y88.301 F7800
;WIDTH:0.612969
G1 F2297
G1 X91.73 Y88.319 E4.63071
G1 X91.681 Y88.27 E4.63545
G1 X91.699 Y88.204 E4.64013
G1 X91.765 Y88.186 E4.64481
G1 X91.814 Y88.235 E4.64955
G1 E2.64955 F2400
G92 E0
G1 X91.814 Y101.73 F7800
G1 E2 F2400
;WIDTH:0.612972
G1 F2297
G1 X91.765 Y101.681 E2.00474
G1 X91.699 Y101.699 E2.00942
G1 X91.681 Y101.765 E2.0141
G1 X91.73 Y101.814 E2.01884
G1 X91.796 Y101.796 E2.02352
G1 E.02352 F2400
G92 E0
G1 X78.319 Y101.73 F7800
G1 E2 F2400
;WIDTH:0.612969
G1 F2297
G1 X78.27 Y101.681 E2.00474
G1 X78.204 Y101.699 E2.00942
G1 X78.186 Y101.765 E2.0141
G1 X78.235 Y101.814 E2.01884
G1 X78.301 Y101.796 E2.02352
;LAYER_CHANGE
;Z:8.15
;HEIGHT:0.3
G1 E.02352 F2400
G92 E0
G1 Z8.15 F7800
G1 X74.812 Y105.221
G1 E2 F2400
;TYPE:External perimeter
;WIDTH:0.583165
G1 F1800
G1 X74.784 Y105.216 E2.00184
G1 X74.765 Y105.124 E2.00792
;WIDTH:0.545178
G1 X74.746 Y105.032 E2.01355
;WIDTH:0.507191
G1 X74.746 Y84.968 E3.12168
;WIDTH:0.545178
G1 X74.765 Y84.876 E3.12731
;WIDTH:0.583165
G1 X74.784 Y84.784 E3.13339
G1 X74.876 Y84.765 E3.13947
;WIDTH:0.545178
G1 X74.968 Y84.746 E3.1451
;WIDTH:0.507191
G1 X95.032 Y84.746 E4.25323
;WIDTH:0.545178
G1 X95.124 Y84.765 E4.25886
;WIDTH:0.583165
G1 X95.216 Y84.784 E4.26494
G1 X95.235 Y84.876 E4.27102
;WIDTH:0.545178
G1 X95.254 Y84.968 E4.27665
;WIDTH:0.507191
G1 X95.254 Y105.032 E5.38478
;WIDTH:0.545178
G1 X95.235 Y105.124 E5.39041
;WIDTH:0.583165
G1 X95.216 Y105.216 E5.39649
G1 X95.124 Y105.235 E5.40257
;WIDTH:0.545178
G1 X95.032 Y105.254 E5.4082
;WIDTH:0.507191
G1 X74.968 Y105.254 E6.51633
;WIDTH:0.545178
G1 X74.876 Y105.235 E6.52196
;WIDTH:0.583165
G1 X74.871 Y105.233 E6.52231
G1 X74.748 Y104.853 F7800
G1 E4.52231 F2400
G92 E0
G1 X95.658 Y105.658 F7800
G1 E2 F2400
G1 F1800
G1 X95.345 Y105.677 E2.02029
;WIDTH:0.545178
G1 X95.032 Y105.696 E2.03909
;WIDTH:0.507191
G1 X74.968 Y105.696 E3.14722
;WIDTH:0.545178
G1 X74.655 Y105.677 E3.16602
;WIDTH:0.583165
G1 X74.342 Y105.658 E3.18631
G1 X74.323 Y105.345 E3.2066
;WIDTH:0.545178
G1 X74.304 Y105.032 E3.2254
;WIDTH:0.507191
G1 X74.304 Y84.968 E4.33353
;WIDTH:0.545178
G1 X74.323 Y84.655 E4.35233
;WIDTH:0.583165
G1 X74.342 Y84.342 E4.37262
G1 X74.655 Y84.323 E4.39291
;WIDTH:0.545178
G1 X74.968 Y84.304 E4.41171
;WIDTH:0.507191
G1 X95.032 Y84.304 E5.51984
;WIDTH:0.545178
G1 X95.345 Y84.323 E5.53864
;WIDTH:0.583165
G1 X95.658 Y84.342 E5.55893
G1 X95.658 Y84.601 E5.57569
G1 X95.677 Y84.784 E5.58759
;WIDTH:0.545178
G1 X95.696 Y84.968 E5.59868
;WIDTH:0.507191
G1 X95.696 Y105.032 E6.70681
;WIDTH:0.510546
G1 X95.695 Y105.109 E6.7111
;WIDTH:0.546855
G1 X95.677 Y105.384 E6.72768
;WIDTH:0.583165
G1 X95.662 Y105.599 E6.74163
G1 X95.271 Y105.68 F7800
G1 E4.74163 F2400
G92 E0
G1 X78.79 Y88.783 F7800
G1 E2 F2400
;TYPE:Perimeter
;WIDTH:0.45
G1 F2281
G1 X79.085 Y88.583 E2.01714
G1 X79.468 Y88.504 E2.03595
G1 X90.532 Y88.504 E2.56809
G1 X90.915 Y88.583 E2.5869
G1 X91.214 Y88.786 E2.60428
G1 X91.417 Y89.085 E2.62166
G1 X91.496 Y89.468 E2.64047
G1 X91.496 Y100.532 E3.17261
G1 X91.417 Y100.915 E3.19142
G1 X91.214 Y101.214 E3.2088
G1 X90.915 Y101.417 E3.22618
G1 X90.532 Y101.496 E3.24499
G1 X79.468 Y101.496 E3.77713
G1 X79.085 Y101.417 E3.79594
G1 X78.786 Y101.214 E3.81332
G1 X78.583 Y100.915 E3.8307
G1 X78.504 Y100.532 E3.84951
G1 X78.504 Y89.468 E4.38165
G1 X78.583 Y89.085 E4.40046
G1 X78.755 Y88.831 E4.41521
G1 X79.057 Y89.062 F7800
G1 F2281
G1 X79.059 Y89.059 E4.41538
G1 X79.238 Y88.937 E4.4258
G1 X79.468 Y88.889 E4.4371
G1 X90.532 Y88.889 E4.96924
G1 X90.762 Y88.937 E4.98054
G1 X90.941 Y89.059 E4.99096
G1 X91.063 Y89.238 E5.00138
G1 X91.111 Y89.468 E5.01268
G1 X91.111 Y100.532 E5.54482
G1 X91.063 Y100.762 E5.55612
G1 X90.941 Y100.941 E5.56654
G1 X90.762 Y101.063 E5.57696
G1 X90.532 Y101.111 E5.58826
G1 X79.468 Y101.111 E6.1204
G1 X79.238 Y101.063 E6.1317
G1 X79.059 Y100.941 E6.14212
G1 X78.937 Y100.762 E6.15254
G1 X78.889 Y100.532 E6.16384
G1 X78.889 Y89.468 E6.69598
G1 X78.937 Y89.238 E6.70728
G1 X79.023 Y89.111 E6.71466
G1 X79.338 Y89.329 F7800
;TYPE:External perimeter
G1 F1800
G1 X79.468 Y89.275 E6.72143
G1 X90.532 Y89.275 E7.25357
G1 X90.669 Y89.331 E7.26069
G1 X90.725 Y89.468 E7.26781
G1 X90.725 Y100.532 E7.79995
G1 X90.669 Y100.669 E7.80707
G1 X90.532 Y100.725 E7.81419
G1 X79.468 Y100.725 E8.34633
G1 X79.331 Y100.669 E8.35345
G1 X79.275 Y100.532 E8.36057
G1 X79.275 Y89.468 E8.89271
G1 X79.311 Y89.38 E8.89728
G1 X79.699 Y89.282 F7800
G1 E6.89728 F2400
G92 E0
G1 X92.504 Y102.504 F7800
G1 E2 F2400
;TYPE:Perimeter
G1 F2281
G1 X77.496 Y102.504 E2.72183
G1 X77.496 Y87.496 E3.44366
G1 X92.504 Y87.496 E4.16549
G1 X92.504 Y88.252 E4.20185
G1 X92.504 Y102.444 E4.88444
G1 X92.889 Y102.889 F7800
G1 F2281
G1 X77.111 Y102.889 E5.64331
G1 X77.111 Y87.111 E6.40218
G1 X92.889 Y87.111 E7.16105
G1 X92.889 Y88.252 E7.21593
G1 X92.889 Y102.829 E7.91703
G1 X93.275 Y103.275 F7800
;TYPE:External perimeter
G1 F1800
G1 X76.725 Y103.275 E8.71303
G1 X76.725 Y86.725 E9.50903
G1 X93.275 Y86.725 E10.30503
G1 X93.275 Y88.252 E10.37847
G1 X93.275 Y103.215 E11.09814
G1 X92.879 Y103.274 F7800
G1 E9.09814 F2400
G92 E0
G1 X77.796 Y89.67 F7800
G1 E2 F2400
;TYPE:Solid infill
;WIDTH:0.47174
G1 F2281
G1 X77.785 Y101.042 E2.57779
;WIDTH:0.45
G1 X77.785 Y102.215 E2.63421
G1 X78.954 Y102.215 E2.69043
;WIDTH:0.471739
G1 X91.042 Y102.215 E3.3046
;WIDTH:0.45
G1 X92.215 Y102.215 E3.36102
G1 X92.215 Y101.042 E3.41744
;WIDTH:0.47174
G1 X92.215 Y88.954 E4.03161
;WIDTH:0.45
G1 X92.215 Y87.785 E4.08783
G1 X91.046 Y87.785 E4.14405
;WIDTH:0.471738
G1 X78.958 Y87.785 E4.75821
;WIDTH:0.45
G1 X77.785 Y87.785 E4.81463
G1 X77.785 Y88.954 E4.87085
;WIDTH:0.471738
G1 X77.796 Y89.478 E4.89748
G1 E2.89748 F2400
G92 E0
G1 X78.235 Y101.681 F7800
G1 E2 F2400
;WIDTH:0.612971
G1 F2281
G1 X78.186 Y101.73 E2.00474
G1 X78.204 Y101.796 E2.00942
G1 X78.27 Y101.814 E2.0141
G1 X78.319 Y101.765 E2.01884
G1 X78.301 Y101.699 E2.02352
G1 E.02352 F2400
G92 E0
G1 X78.204 Y89.67 F7800
G1 E2 F2400
;WIDTH:0.47174
G1 F2281
G1 X78.204 Y100.528 E2.55167
G1 X78.305 Y100.989 E2.57565
;WIDTH:0.45
G1 X78.56 Y101.389 E2.59847
G1 X78.938 Y101.663 E2.62092
;WIDTH:0.471739
G1 X79.478 Y101.796 E2.64918
G1 X90.528 Y101.796 E3.21061
G1 X90.989 Y101.695 E3.23459
;WIDTH:0.45
G1 X91.389 Y101.44 E3.25741
G1 X91.665 Y101.058 E3.28008
;WIDTH:0.47174
G1 X91.796 Y100.528 E3.30782
G1 X91.796 Y89.478 E3.86925
G1 X91.692 Y89.008 E3.89371
;WIDTH:0.45
G1 X91.417 Y88.583 E3.91806
G1 X91.062 Y88.337 E3.93883
;WIDTH:0.471738
G1 X90.522 Y88.204 E3.96709
G1 X79.472 Y88.204 E4.52852
G1 X79.011 Y88.305 E4.5525
;WIDTH:0.45
G1 X78.611 Y88.56 E4.57532
G1 X78.337 Y88.938 E4.59777
;WIDTH:0.471738
G1 X78.204 Y89.478 E4.62603
G1 X78.301 Y88.204 F7800
;WIDTH:0.612969
G1 F2281
G1 X78.319 Y88.27 E4.63071
G1 X78.27 Y88.319 E4.63545
G1 X78.204 Y88.301 E4.64013
G1 X78.186 Y88.235 E4.64481
G1 X78.235 Y88.186 E4.64955
G1 E2.64955 F2400
G92 E0
G1 X91.73 Y88.186 F7800
G1 E2 F2400
G1 F2281
G1 X91.681 Y88.235 E2.00474
G1 X91.699 Y88.301 E2.00942
G1 X91.765 Y88.319 E2.0141
G1 X91.814 Y88.27 E2.01884
G1 X91.796 Y88.204 E2.02352
G1 E.02352 F2400
G92 E0
G1 X91.73 Y101.681 F7800
G1 E2 F2400
;WIDTH:0.612971
G1 F2281
G1 X91.681 Y101.73 E2.00474
G1 X91.699 Y101.796 E2.00942
G1 X91.765 Y101.814 E2.0141
G1 X91.814 Y101.765 E2.01884
G1 X91.796 Y101.699 E2.02352
;LAYER_CHANGE
;Z:8.45
;HEIGHT:0.3
G1 E.02352 F2400
G92 E0
G1 Z8.45 F7800
G1 X74.812 Y105.221
G1 E2 F2400
;TYPE:External perimeter
;WIDTH:0.583165
G1 F1800
G1 X74.784 Y105.216 E2.00184
G1 X74.765 Y105.124 E2.00792
;WIDTH:0.545178
G1 X74.746 Y105.032 E2.01355
;WIDTH:0.507191
G1 X74.746 Y84.968 E3.12168
;WIDTH:0.545178
G1 X74.765 Y84.876 E3.12731
;WIDTH:0.583165
G1 X74.784 Y84.784 E3.13339
G1 X74.876 Y84.765 E3.13947
;WIDTH:0.545178
G1 X74.968 Y84.746 E3.1451
;WIDTH:0.507191
G1 X95.032 Y84.746 E4.25323
;WIDTH:0.545178
G1 X95.124 Y84.765 E4.25886
;WIDTH:0.583165
G1 X95.216 Y84.784 E4.26494
G1 X95.235 Y84.876 E4.27102
;WIDTH:0.545178
G1 X95.254 Y84.968 E4.27665
;WIDTH:0.507191
G1 X95.254 Y105.032 E5.38478
;WIDTH:0.545178
G1 X95.235 Y105.124 E5.39041
;WIDTH:0.583165
G1 X95.216 Y105.216 E5.39649
G1 X95.124 Y105.235 E5.40257
;WIDTH:0.545178
G1 X95.032 Y105.254 E5.4082
;WIDTH:0.507191
G1 X74.968 Y105.254 E6.51633
;WIDTH:0.545178
G1 X74.876 Y105.235 E6.52196
;WIDTH:0.583165
G1 X74.871 Y105.233 E6.52231
G1 X74.748 Y104.853 F7800
G1 E4.52231 F2400
G92 E0
G1 X95.658 Y105.658 F7800
G1 E2 F2400
G1 F1800
G1 X95.345 Y105.677 E2.02029
;WIDTH:0.545178
G1 X95.032 Y105.696 E2.03909
;WIDTH:0.507191
G1 X74.968 Y105.696 E3.14722
;WIDTH:0.545178
G1 X74.655 Y105.677 E3.16602
;WIDTH:0.583165
G1 X74.342 Y105.658 E3.18631
G1 X74.323 Y105.345 E3.2066
;WIDTH:0.545178
G1 X74.304 Y105.032 E3.2254
;WIDTH:0.507191
G1 X74.304 Y84.968 E4.33353
;WIDTH:0.545178
G1 X74.323 Y84.655 E4.35233
;WIDTH:0.583165
G1 X74.342 Y84.342 E4.37262
G1 X74.655 Y84.323 E4.39291
;WIDTH:0.545178
G1 X74.968 Y84.304 E4.41171
;WIDTH:0.507191
G1 X95.032 Y84.304 E5.51984
;WIDTH:0.545178
G1 X95.345 Y84.323 E5.53864
;WIDTH:0.583165
G1 X95.658 Y84.342 E5.55893
G1 X95.658 Y84.601 E5.57569
G1 X95.677 Y84.784 E5.58759
;WIDTH:0.545178
G1 X95.696 Y84.968 E5.59868
;WIDTH:0.507191
G1 X95.696 Y105.032 E6.70681
;WIDTH:0.510546
G1 X95.695 Y105.109 E6.7111
;WIDTH:0.546855
G1 X95.677 Y105.384 E6.72768
;WIDTH:0.583165
G1 X95.662 Y105.599 E6.74163
G1 X95.271 Y105.68 F7800
G1 E4.74163 F2400
G92 E0
G1 X78.79 Y88.783 F7800
G1 E2 F2400
;TYPE:Perimeter
;WIDTH:0.45
G1 F2297
G1 X79.085 Y88.583 E2.01714
G1 X79.468 Y88.504 E2.03595
G1 X90.532 Y88.504 E2.56809
G1 X90.915 Y88.583 E2.5869
G1 X91.214 Y88.786 E2.60428
G1 X91.417 Y89.085 E2.62166
G1 X91.496 Y89.468 E2.64047
G1 X91.496 Y100.532 E3.17261
G1 X91.417 Y100.915 E3.19142
G1 X91.214 Y101.214 E3.2088
G1 X90.915 Y101.417 E3.22618
G1 X90.532 Y101.496 E3.24499
G1 X79.468 Y101.496 E3.77713
G1 X79.085 Y101.417 E3.79594
G1 X78.786 Y101.214 E3.81332
G1 X78.583 Y100.915 E3.8307
G1 X78.504 Y100.532 E3.84951
G1 X78.504 Y89.468 E4.38165
G1 X78.583 Y89.085 E4.40046
G1 X78.755 Y88.831 E4.41521
G1 X79.057 Y89.062 F7800
G1 F2297
G1 X79.059 Y89.059 E4.41538
G1 X79.238 Y88.937 E4.4258
G1 X79.468 Y88.889 E4.4371
G1 X90.532 Y88.889 E4.96924
G1 X90.762 Y88.937 E4.98054
G1 X90.941 Y89.059 E4.99096
G1 X91.063 Y89.238 E5.00138
G1 X91.111 Y89.468 E5.01268
G1 X91.111 Y100.532 E5.54482
G1 X91.063 Y100.762 E5.55612
G1 X90.941 Y100.941 E5.56654
G1 X90.762 Y101.063 E5.57696
G1 X90.532 Y101.111 E5.58826
G1 X79.468 Y101.111 E6.1204
G1 X79.238 Y101.063 E6.1317
G1 X79.059 Y100.941 E6.14212
G1 X78.937 Y100.762 E6.15254
G1 X78.889 Y100.532 E6.16384
G1 X78.889 Y89.468 E6.69598
G1 X78.937 Y89.238 E6.70728
G1 X79.023 Y89.111 E6.71466
G1 X79.338 Y89.329 F7800
;TYPE:External perimeter
G1 F1800
G1 X79.468 Y89.275 E6.72143
G1 X90.532 Y89.275 E7.25357
G1 X90.669 Y89.331 E7.26069
G1 X90.725 Y89.468 E7.26781
G1 X90.725 Y100.532 E7.79995
G1 X90.669 Y100.669 E7.80707
G1 X90.532 Y100.725 E7.81419
G1 X79.468 Y100.725 E8.34633
G1 X79.331 Y100.669 E8.35345
G1 X79.275 Y100.532 E8.36057
G1 X79.275 Y89.468 E8.89271
G1 X79.311 Y89.38 E8.89728
G1 X79.699 Y89.282 F7800
G1 E6.89728 F2400
G92 E0
G1 X92.504 Y102.504 F7800
G1 E2 F2400
;TYPE:Perimeter
G1 F2297
G1 X77.496 Y102.504 E2.72183
G1 X77.496 Y87.496 E3.44366
G1 X92.504 Y87.496 E4.16549
G1 X92.504 Y88.252 E4.20185
G1 X92.504 Y102.444 E4.88444
G1 X92.889 Y102.889 F7800
G1 F2297
G1 X77.111 Y102.889 E5.64331
G1 X77.111 Y87.111 E6.40218
G1 X92.889 Y87.111 E7.16105
G1 X92.889 Y88.252 E7.21593
G1 X92.889 Y102.829 E7.91703
G1 X93.275 Y103.275 F7800
;TYPE:External perimeter
G1 F1800
G1 X76.725 Y103.275 E8.71303
G1 X76.725 Y86.725 E9.50903
G1 X93.275 Y86.725 E10.30503
G1 X93.275 Y88.252 E10.37847
G1 X93.275 Y103.215 E11.09814
G1 X92.879 Y103.274 F7800
G1 E9.09814 F2400
G92 E0
G1 X90.33 Y87.796 F7800
G1 E2 F2400
;TYPE:Solid infill
;WIDTH:0.47174
G1 F2297
G1 X78.958 Y87.785 E2.57779
;WIDTH:0.45
G1 X77.785 Y87.785 E2.63421
G1 X77.785 Y88.954 E2.69043
;WIDTH:0.471738
G1 X77.785 Y101.042 E3.30459
;WIDTH:0.45
G1 X77.785 Y102.215 E3.36101
G1 X78.954 Y102.215 E3.41723
;WIDTH:0.471738
G1 X91.042 Y102.215 E4.03139
;WIDTH:0.45
G1 X92.215 Y102.215 E4.08781
G1 X92.215 Y101.042 E4.14423
;WIDTH:0.471739
G1 X92.215 Y88.954 E4.7584
;WIDTH:0.45
G1 X92.215 Y87.785 E4.81462
G1 X91.046 Y87.785 E4.87084
;WIDTH:0.471738
G1 X90.522 Y87.796 E4.89747
G1 E2.89747 F2400
G92 E0
G1 X78.319 Y88.235 F7800
G1 E2 F2400
;WIDTH:0.612969
G1 F2297
G1 X78.27 Y88.186 E2.00474
G1 X78.204 Y88.204 E2.00942
G1 X78.186 Y88.27 E2.0141
G1 X78.235 Y88.319 E2.01884
G1 X78.301 Y88.301 E2.02352
G1 E.02352 F2400
G92 E0
G1 X90.33 Y88.204 F7800
G1 E2 F2400
;WIDTH:0.47174
G1 F2297
G1 X79.472 Y88.204 E2.55167
G1 X79.011 Y88.305 E2.57565
;WIDTH:0.45
G1 X78.611 Y88.56 E2.59847
G1 X78.337 Y88.938 E2.62092
;WIDTH:0.471738
G1 X78.204 Y89.478 E2.64918
G1 X78.204 Y100.528 E3.21061
G1 X78.305 Y100.989 E3.23459
;WIDTH:0.45
G1 X78.56 Y101.389 E3.25741
G1 X78.938 Y101.663 E3.27986
;WIDTH:0.471738
G1 X79.478 Y101.796 E3.30812
G1 X90.528 Y101.796 E3.86955
G1 X90.989 Y101.695 E3.89353
;WIDTH:0.45
G1 X91.417 Y101.417 E3.91808
G1 X91.665 Y101.058 E3.93907
;WIDTH:0.471739
G1 X91.796 Y100.528 E3.96681
G1 X91.796 Y89.478 E4.52824
G1 X91.692 Y89.008 E4.5527
;WIDTH:0.45
G1 X91.44 Y88.611 E4.57532
G1 X91.062 Y88.337 E4.59777
;WIDTH:0.471738
G1 X90.522 Y88.204 E4.62603
G1 X91.796 Y88.301 F7800
;WIDTH:0.612969
G1 F2297
G1 X91.73 Y88.319 E4.63071
G1 X91.681 Y88.27 E4.63545
G1 X91.699 Y88.204 E4.64013
G1 X91.765 Y88.186 E4.64481
G1 X91.814 Y88.235 E4.64955
G1 E2.64955 F2400
G92 E0
G1 X91.814 Y101.73 F7800
G1 E2 F2400
;WIDTH:0.612972
G1 F2297
G1 X91.765 Y101.681 E2.00474
G1 X91.699 Y101.699 E2.00942
G1 X91.681 Y101.765 E2.0141
G1 X91.73 Y101.814 E2.01884
G1 X91.796 Y101.796 E2.02352
G1 E.02352 F2400
G92 E0
G1 X78.319 Y101.73 F7800
G1 E2 F2400
;WIDTH:0.612969
G1 F2297
G1 X78.27 Y101.681 E2.00474
G1 X78.204 Y101.699 E2.00942
G1 X78.186 Y101.765 E2.0141
G1 X78.235 Y101.814 E2.01884
G1 X78.301 Y101.796 E2.02352
;LAYER_CHANGE
;Z:8.75
;HEIGHT:0.3
G1 E.02352 F2400
G92 E0
G1 Z8.75 F7800
G1 X74.812 Y105.221
G1 E2 F2400
;TYPE:External perimeter
;WIDTH:0.583165
G1 F1800
G1 X74.784 Y105.216 E2.00184
G1 X74.765 Y105.124 E2.00792
;WIDTH:0.545178
G1 X74.746 Y105.032 E2.01355
;WIDTH:0.507191
G1 X74.746 Y84.968 E3.12168
;WIDTH:0.545178
G1 X74.765 Y84.876 E3.12731
;WIDTH:0.583165
G1 X74.784 Y84.784 E3.13339
G1 X74.876 Y84.765 E3.13947
;WIDTH:0.545178
G1 X74.968 Y84.746 E3.1451
;WIDTH:0.507191
G1 X95.032 Y84.746 E4.25323
;WIDTH:0.545178
G1 X95.124 Y84.765 E4.25886
;WIDTH:0.583165
G1 X95.216 Y84.784 E4.26494
G1 X95.235 Y84.876 E4.27102
;WIDTH:0.545178
G1 X95.254 Y84.968 E4.27665
;WIDTH:0.507191
G1 X95.254 Y105.032 E5.38478
;WIDTH:0.545178
G1 X95.235 Y105.124 E5.39041
;WIDTH:0.583165
G1 X95.216 Y105.216 E5.39649
G1 X95.124 Y105.235 E5.40257
;WIDTH:0.545178
G1 X95.032 Y105.254 E5.4082
;WIDTH:0.507191
G1 X74.968 Y105.254 E6.51633
;WIDTH:0.545178
G1 X74.876 Y105.235 E6.52196
;WIDTH:0.583165
G1 X74.871 Y105.233 E6.52231
G1 X74.748 Y104.853 F7800
G1 E4.52231 F2400
G92 E0
G1 X95.658 Y105.658 F7800
G1 E2 F2400
G1 F1800
G1 X95.345 Y105.677 E2.02029
;WIDTH:0.545178
G1 X95.032 Y105.696 E2.03909
;WIDTH:0.507191
G1 X74.968 Y105.696 E3.14722
;WIDTH:0.545178
G1 X74.655 Y105.677 E3.16602
;WIDTH:0.583165
G1 X74.342 Y105.658 E3.18631
G1 X74.323 Y105.345 E3.2066
;WIDTH:0.545178
G1 X74.304 Y105.032 E3.2254
;WIDTH:0.507191
G1 X74.304 Y84.968 E4.33353
;WIDTH:0.545178
G1 X74.323 Y84.655 E4.35233
;WIDTH:0.583165
G1 X74.342 Y84.342 E4.37262
G1 X74.655 Y84.323 E4.39291
;WIDTH:0.545178
G1 X74.968 Y84.304 E4.41171
;WIDTH:0.507191
G1 X95.032 Y84.304 E5.51984
;WIDTH:0.545178
G1 X95.345 Y84.323 E5.53864
;WIDTH:0.583165
G1 X95.658 Y84.342 E5.55893
G1 X95.658 Y84.601 E5.57569
G1 X95.677 Y84.784 E5.58759
;WIDTH:0.545178
G1 X95.696 Y84.968 E5.59868
;WIDTH:0.507191
G1 X95.696 Y105.032 E6.70681
;WIDTH:0.510546
G1 X95.695 Y105.109 E6.7111
;WIDTH:0.546855
G1 X95.677 Y105.384 E6.72768
;WIDTH:0.583165
G1 X95.662 Y105.599 E6.74163
G1 X95.271 Y105.68 F7800
G1 E4.74163 F2400
G92 E0
G1 X78.79 Y88.783 F7800
G1 E2 F2400
;TYPE:Perimeter
;WIDTH:0.45
G1 F2281
G1 X79.085 Y88.583 E2.01714
G1 X79.468 Y88.504 E2.03595
G1 X90.532 Y88.504 E2.56809
G1 X90.915 Y88.583 E2.5869
G1 X91.214 Y88.786 E2.60428
G1 X91.417 Y89.085 E2.62166
G1 X91.496 Y89.468 E2.64047
G1 X91.496 Y100.532 E3.17261
G1 X91.417 Y100.915 E3.19142
G1 X91.214 Y101.214 E3.2088
G1 X90.915 Y101.417 E3.22618
G1 X90.532 Y101.496 E3.24499
G1 X79.468 Y101.496 E3.77713
G1 X79.085 Y101.417 E3.79594
G1 X78.786 Y101.214 E3.81332
G1 X78.583 Y100.915 E3.8307
G1 X78.504 Y100.532 E3.84951
G1 X78.504 Y89.468 E4.38165
G1 X78.583 Y89.085 E4.40046
G1 X78.755 Y88.831 E4.41521
G1 X79.057 Y89.062 F7800
G1 F2281
G1 X79.059 Y89.059 E4.41538
G1 X79.238 Y88.937 E4.4258
G1 X79.468 Y88.889 E4.4371
G1 X90.532 Y88.889 E4.96924
G1 X90.762 Y88.937 E4.98054
G1 X90.941 Y89.059 E4.99096
G1 X91.063 Y89.238 E5.00138
G1 X91.111 Y89.468 E5.01268
G1 X91.111 Y100.532 E5.54482
G1 X91.063 Y100.762 E5.55612
G1 X90.941 Y100.941 E5.56654
G1 X90.762 Y101.063 E5.57696
G1 X90.532 Y101.111 E5.58826
G1 X79.468 Y101.111 E6.1204
G1 X79.238 Y101.063 E6.1317
G1 X79.059 Y100.941 E6.14212
G1 X78.937 Y100.762 E6.15254
G1 X78.889 Y100.532 E6.16384
G1 X78.889 Y89.468 E6.69598
G1 X78.937 Y89.238 E6.70728
G1 X79.023 Y89.111 E6.71466
G1 X79.338 Y89.329 F7800
;TYPE:External perimeter
G1 F1800
G1 X79.468 Y89.275 E6.72143
G1 X90.532 Y89.275 E7.25357
G1 X90.669 Y89.331 E7.26069
G1 X90.725 Y89.468 E7.26781
G1 X90.725 Y100.532 E7.79995
G1 X90.669 Y100.669 E7.80707
G1 X90.532 Y100.725 E7.81419
G1 X79.468 Y100.725 E8.34633
G1 X79.331 Y100.669 E8.35345
G1 X79.275 Y100.532 E8.36057
G1 X79.275 Y89.468 E8.89271
G1 X79.311 Y89.38 E8.89728
G1 X79.699 Y89.282 F7800
G1 E6.89728 F2400
G92 E0
G1 X92.504 Y102.504 F7800
G1 E2 F2400
;TYPE:Perimeter
G1 F2281
G1 X77.496 Y102.504 E2.72183
G1 X77.496 Y87.496 E3.44366
G1 X92.504 Y87.496 E4.16549
G1 X92.504 Y88.252 E4.20185
G1 X92.504 Y102.444 E4.88444
G1 X92.889 Y102.889 F7800
G1 F2281
G1 X77.111 Y102.889 E5.64331
G1 X77.111 Y87.111 E6.40218
G1 X92.889 Y87.111 E7.16105
G1 X92.889 Y88.252 E7.21593
G1 X92.889 Y102.829 E7.91703
G1 X93.275 Y103.275 F7800
;TYPE:External perimeter
G1 F1800
G1 X76.725 Y103.275 E8.71303
G1 X76.725 Y86.725 E9.50903
G1 X93.275 Y86.725 E10.30503
G1 X93.275 Y88.252 E10.37847
G1 X93.275 Y103.215 E11.09814
G1 X92.879 Y103.274 F7800
G1 E9.09814 F2400
G92 E0
G1 X77.796 Y89.67 F7800
G1 E2 F2400
;TYPE:Solid infill
;WIDTH:0.47174
G1 F2281
G1 X77.785 Y101.042 E2.57779
;WIDTH:0.45
G1 X77.785 Y102.215 E2.63421
G1 X78.954 Y102.215 E2.69043
;WIDTH:0.471739
G1 X91.042 Y102.215 E3.3046
;WIDTH:0.45
G1 X92.215 Y102.215 E3.36102
G1 X92.215 Y101.042 E3.41744
;WIDTH:0.47174
G1 X92.215 Y88.954 E4.03161
;WIDTH:0.45
G1 X92.215 Y87.785 E4.08783
G1 X91.046 Y87.785 E4.14405
;WIDTH:0.471738
G1 X78.958 Y87.785 E4.75821
;WIDTH:0.45
G1 X77.785 Y87.785 E4.81463
G1 X77.785 Y88.954 E4.87085
;WIDTH:0.471738
G1 X77.796 Y89.478 E4.89748
G1 E2.89748 F2400
G92 E0
G1 X78.235 Y101.681 F7800
G1 E2 F2400
;WIDTH:0.612971
G1 F2281
G1 X78.186 Y101.73 E2.00474
G1 X78.204 Y101.796 E2.00942
G1 X78.27 Y101.814 E2.0141
G1 X78.319 Y101.765 E2.01884
G1 X78.301 Y101.699 E2.02352
G1 E.02352 F2400
G92 E0
G1 X78.204 Y89.67 F7800
G1 E2 F2400
;WIDTH:0.47174
G1 F2281
G1 X78.204 Y100.528 E2.55167
G1 X78.305 Y100.989 E2.57565
;WIDTH:0.45
G1 X78.56 Y101.389 E2.59847
G1 X78.938 Y101.663 E2.62092
;WIDTH:0.471739
G1 X79.478 Y101.796 E2.64918
G1 X90.528 Y101.796 E3.21061
G1 X90.989 Y101.695 E3.23459
;WIDTH:0.45
G1 X91.389 Y101.44 E3.25741
G1 X91.665 Y101.058 E3.28008
;WIDTH:0.47174
G1 X91.796 Y100.528 E3.30782
G1 X91.796 Y89.478 E3.86925
G1 X91.692 Y89.008 E3.89371
;WIDTH:0.45
G1 X91.417 Y88.583 E3.91806
G1 X91.062 Y88.337 E3.93883
;WIDTH:0.471738
G1 X90.522 Y88.204 E3.96709
G1 X79.472 Y88.204 E4.52852
G1 X79.011 Y88.305 E4.5525
;WIDTH:0.45
G1 X78.611 Y88.56 E4.57532
G1 X78.337 Y88.938 E4.59777
;WIDTH:0.471738
G1 X78.204 Y89.478 E4.62603
G1 X78.301 Y88.204 F7800
;WIDTH:0.612969
G1 F2281
G1 X78.319 Y88.27 E4.63071
G1 X78.27 Y88.319 E4.63545
G1 X78.204 Y88.301 E4.64013
G1 X78.186 Y88.235 E4.64481
G1 X78.235 Y88.186 E4.64955
G1 E2.64955 F2400
G92 E0
G1 X91.73 Y88.186 F7800
G1 E2 F2400
G1 F2281
G1 X91.681 Y88.235 E2.00474
G1 X91.699 Y88.301 E2.00942
G1 X91.765 Y88.319 E2.0141
G1 X91.814 Y88.27 E2.01884
G1 X91.796 Y88.204 E2.02352
G1 E.02352 F2400
G92 E0
G1 X91.73 Y101.681 F7800
G1 E2 F2400
;WIDTH:0.612971
G1 F2281
G1 X91.681 Y101.73 E2.00474
G1 X91.699 Y101.796 E2.00942
G1 X91.765 Y101.814 E2.0141
G1 X91.814 Y101.765 E2.01884
G1 X91.796 Y101.699 E2.02352
;LAYER_CHANGE
;Z:9.05
;HEIGHT:0.3
G1 E.02352 F2400
G92 E0
G1 Z9.05 F7800
G1 X74.812 Y105.221
G1 E2 F2400
;TYPE:External perimeter
;WIDTH:0.583165
G1 F1800
G1 X74.784 Y105.216 E2.00184
G1 X74.765 Y105.124 E2.00792
;WIDTH:0.545178
G1 X74.746 Y105.032 E2.01355
;WIDTH:0.507191
G1 X74.746 Y84.968 E3.12168
;WIDTH:0.545178
G1 X74.765 Y84.876 E3.12731
;WIDTH:0.583165
G1 X74.784 Y84.784 E3.13339
G1 X74.876 Y84.765 E3.13947
;WIDTH:0.545178
G1 X74.968 Y84.746 E3.1451
;WIDTH:0.507191
G1 X95.032 Y84.746 E4.25323
;WIDTH:0.545178
G1 X95.124 Y84.765 E4.25886
;WIDTH:0.583165
G1 X95.216 Y84.784 E4.26494
G1 X95.235 Y84.876 E4.27102
;WIDTH:0.545178
G1 X95.254 Y84.968 E4.27665
;WIDTH:0.507191
G1 X95.254 Y105.032 E5.38478
;WIDTH:0.545178
G1 X95.235 Y105.124 E5.39041
;WIDTH:0.583165
G1 X95.216 Y105.216 E5.39649
G1 X95.124 Y105.235 E5.40257
;WIDTH:0.545178
G1 X95.032 Y105.254 E5.4082
;WIDTH:0.507191
G1 X74.968 Y105.254 E6.51633
;WIDTH:0.545178
G1 X74.876 Y105.235 E6.52196
;WIDTH:0.583165
G1 X74.871 Y105.233 E6.52231
G1 X74.748 Y104.853 F7800
G1 E4.52231 F2400
G92 E0
G1 X95.658 Y105.658 F7800
G1 E2 F2400
G1 F1800
G1 X95.345 Y105.677 E2.02029
;WIDTH:0.545178
G1 X95.032 Y105.696 E2.03909
;WIDTH:0.507191
G1 X74.968 Y105.696 E3.14722
;WIDTH:0.545178
G1 X74.655 Y105.677 E3.16602
;WIDTH:0.583165
G1 X74.342 Y105.658 E3.18631
G1 X74.323 Y105.345 E3.2066
;WIDTH:0.545178
G1 X74.304 Y105.032 E3.2254
;WIDTH:0.507191
G1 X74.304 Y84.968 E4.33353
;WIDTH:0.545178
G1 X74.323 Y84.655 E4.35233
;WIDTH:0.583165
G1 X74.342 Y84.342 E4.37262
G1 X74.655 Y84.323 E4.39291
;WIDTH:0.545178
G1 X74.968 Y84.304 E4.41171
;WIDTH:0.507191
G1 X95.032 Y84.304 E5.51984
;WIDTH:0.545178
G1 X95.345 Y84.323 E5.53864
;WIDTH:0.583165
G1 X95.658 Y84.342 E5.55893
G1 X95.658 Y84.601 E5.57569
G1 X95.677 Y84.784 E5.58759
;WIDTH:0.545178
G1 X95.696 Y84.968 E5.59868
;WIDTH:0.507191
G1 X95.696 Y105.032 E6.70681
;WIDTH:0.510546
G1 X95.695 Y105.109 E6.7111
;WIDTH:0.546855
G1 X95.677 Y105.384 E6.72768
;WIDTH:0.583165
G1 X95.662 Y105.599 E6.74163
G1 X95.271 Y105.68 F7800
G1 E4.74163 F2400
G92 E0
G1 X78.79 Y88.783 F7800
G1 E2 F2400
;TYPE:Perimeter
;WIDTH:0.45
G1 F2297
G1 X79.085 Y88.583 E2.01714
G1 X79.468 Y88.504 E2.03595
G1 X90.532 Y88.504 E2.56809
G1 X90.915 Y88.583 E2.5869
G1 X91.214 Y88.786 E2.60428
G1 X91.417 Y89.085 E2.62166
G1 X91.496 Y89.468 E2.64047
G1 X91.496 Y100.532 E3.17261
G1 X91.417 Y100.915 E3.19142
G1 X91.214 Y101.214 E3.2088
G1 X90.915 Y101.417 E3.22618
G1 X90.532 Y101.496 E3.24499
G1 X79.468 Y101.496 E3.77713
G1 X79.085 Y101.417 E3.79594
G1 X78.786 Y101.214 E3.81332
G1 X78.583 Y100.915 E3.8307
G1 X78.504 Y100.532 E3.84951
G1 X78.504 Y89.468 E4.38165
G1 X78.583 Y89.085 E4.40046
G1 X78.755 Y88.831 E4.41521
G1 X79.057 Y89.062 F7800
G1 F2297
G1 X79.059 Y89.059 E4.41538
G1 X79.238 Y88.937 E4.4258
G1 X79.468 Y88.889 E4.4371
G1 X90.532 Y88.889 E4.96924
G1 X90.762 Y88.937 E4.98054
G1 X90.941 Y89.059 E4.99096
G1 X91.063 Y89.238 E5.00138
G1 X91.111 Y89.468 E5.01268
G1 X91.111 Y100.532 E5.54482
G1 X91.063 Y100.762 E5.55612
G1 X90.941 Y100.941 E5.56654
G1 X90.762 Y101.063 E5.57696
G1 X90.532 Y101.111 E5.58826
G1 X79.468 Y101.111 E6.1204
G1 X79.238 Y101.063 E6.1317
G1 X79.059 Y100.941 E6.14212
G1 X78.937 Y100.762 E6.15254
G1 X78.889 Y100.532 E6.16384
G1 X78.889 Y89.468 E6.69598
G1 X78.937 Y89.238 E6.70728
G1 X79.023 Y89.111 E6.71466
G1 X79.338 Y89.329 F7800
;TYPE:External perimeter
G1 F1800
G1 X79.468 Y89.275 E6.72143
G1 X90.532 Y89.275 E7.25357
G1 X90.669 Y89.331 E7.26069
G1 X90.725 Y89.468 E7.26781
G1 X90.725 Y100.532 E7.79995
G1 X90.669 Y100.669 E7.80707
G1 X90.532 Y100.725 E7.81419
G1 X79.468 Y100.725 E8.34633
G1 X79.331 Y100.669 E8.35345
G1 X79.275 Y100.532 E8.36057
G1 X79.275 Y89.468 E8.89271
G1 X79.311 Y89.38 E8.89728
G1 X79.699 Y89.282 F7800
G1 E6.89728 F2400
G92 E0
G1 X92.504 Y102.504 F7800
G1 E2 F2400
;TYPE:Perimeter
G1 F2297
G1 X77.496 Y102.504 E2.72183
G1 X77.496 Y87.496 E3.44366
G1 X92.504 Y87.496 E4.16549
G1 X92.504 Y88.252 E4.20185
G1 X92.504 Y102.444 E4.88444
G1 X92.889 Y102.889 F7800
G1 F2297
G1 X77.111 Y102.889 E5.64331
G1 X77.111 Y87.111 E6.40218
G1 X92.889 Y87.111 E7.16105
G1 X92.889 Y88.252 E7.21593
G1 X92.889 Y102.829 E7.91703
G1 X93.275 Y103.275 F7800
;TYPE:External perimeter
G1 F1800
G1 X76.725 Y103.275 E8.71303
G1 X76.725 Y86.725 E9.50903
G1 X93.275 Y86.725 E10.30503
G1 X93.275 Y88.252 E10.37847
G1 X93.275 Y103.215 E11.09814
G1 X92.879 Y103.274 F7800
G1 E9.09814 F2400
G92 E0
G1 X90.33 Y87.796 F7800
G1 E2 F2400
;TYPE:Solid infill
;WIDTH:0.47174
G1 F2297
G1 X78.958 Y87.785 E2.57779
;WIDTH:0.45
G1 X77.785 Y87.785 E2.63421
G1 X77.785 Y88.954 E2.69043
;WIDTH:0.471738
G1 X77.785 Y101.042 E3.30459
;WIDTH:0.45
G1 X77.785 Y102.215 E3.36101
G1 X78.954 Y102.215 E3.41723
;WIDTH:0.471738
G1 X91.042 Y102.215 E4.03139
;WIDTH:0.45
G1 X92.215 Y102.215 E4.08781
G1 X92.215 Y101.042 E4.14423
;WIDTH:0.471739
G1 X92.215 Y88.954 E4.7584
;WIDTH:0.45
G1 X92.215 Y87.785 E4.81462
G1 X91.046 Y87.785 E4.87084
;WIDTH:0.471738
G1 X90.522 Y87.796 E4.89747
G1 E2.89747 F2400
G92 E0
G1 X78.319 Y88.235 F7800
G1 E2 F2400
;WIDTH:0.612969
G1 F2297
G1 X78.27 Y88.186 E2.00474
G1 X78.204 Y88.204 E2.00942
G1 X78.186 Y88.27 E2.0141
G1 X78.235 Y88.319 E2.01884
G1 X78.301 Y88.301 E2.02352
G1 E.02352 F2400
G92 E0
G1 X90.33 Y88.204 F7800
G1 E2 F2400
;WIDTH:0.47174
G1 F2297
G1 X79.472 Y88.204 E2.55167
G1 X79.011 Y88.305 E2.57565
;WIDTH:0.45
G1 X78.611 Y88.56 E2.59847
G1 X78.337 Y88.938 E2.62092
;WIDTH:0.471738
G1 X78.204 Y89.478 E2.64918
G1 X78.204 Y100.528 E3.21061
G1 X78.305 Y100.989 E3.23459
;WIDTH:0.45
G1 X78.56 Y101.389 E3.25741
G1 X78.938 Y101.663 E3.27986
;WIDTH:0.471738
G1 X79.478 Y101.796 E3.30812
G1 X90.528 Y101.796 E3.86955
G1 X90.989 Y101.695 E3.89353
;WIDTH:0.45
G1 X91.417 Y101.417 E3.91808
G1 X91.665 Y101.058 E3.93907
;WIDTH:0.471739
G1 X91.796 Y100.528 E3.96681
G1 X91.796 Y89.478 E4.52824
G1 X91.692 Y89.008 E4.5527
;WIDTH:0.45
G1 X91.44 Y88.611 E4.57532
G1 X91.062 Y88.337 E4.59777
;WIDTH:0.471738
G1 X90.522 Y88.204 E4.62603
G1 X91.796 Y88.301 F7800
;WIDTH:0.612969
G1 F2297
G1 X91.73 Y88.319 E4.63071
G1 X91.681 Y88.27 E4.63545
G1 X91.699 Y88.204 E4.64013
G1 X91.765 Y88.186 E4.64481
G1 X91.814 Y88.235 E4.64955
G1 E2.64955 F2400
G92 E0
G1 X91.814 Y101.73 F7800
G1 E2 F2400
;WIDTH:0.612972
G1 F2297
G1 X91.765 Y101.681 E2.00474
G1 X91.699 Y101.699 E2.00942
G1 X91.681 Y101.765 E2.0141
G1 X91.73 Y101.814 E2.01884
G1 X91.796 Y101.796 E2.02352
G1 E.02352 F2400
G92 E0
G1 X78.319 Y101.73 F7800
G1 E2 F2400
;WIDTH:0.612969
G1 F2297
G1 X78.27 Y101.681 E2.00474
G1 X78.204 Y101.699 E2.00942
G1 X78.186 Y101.765 E2.0141
G1 X78.235 Y101.814 E2.01884
G1 X78.301 Y101.796 E2.02352
;LAYER_CHANGE
;Z:9.35
;HEIGHT:0.3
G1 E.02352 F2400
G92 E0
G1 Z9.35 F7800
G1 X74.812 Y105.221
G1 E2 F2400
;TYPE:External perimeter
;WIDTH:0.583165
G1 F1800
G1 X74.784 Y105.216 E2.00184
G1 X74.765 Y105.124 E2.00792
;WIDTH:0.545178
G1 X74.746 Y105.032 E2.01355
;WIDTH:0.507191
G1 X74.746 Y84.968 E3.12168
;WIDTH:0.545178
G1 X74.765 Y84.876 E3.12731
;WIDTH:0.583165
G1 X74.784 Y84.784 E3.13339
G1 X74.876 Y84.765 E3.13947
;WIDTH:0.545178
G1 X74.968 Y84.746 E3.1451
;WIDTH:0.507191
G1 X95.032 Y84.746 E4.25323
;WIDTH:0.545178
G1 X95.124 Y84.765 E4.25886
;WIDTH:0.583165
G1 X95.216 Y84.784 E4.26494
G1 X95.235 Y84.876 E4.27102
;WIDTH:0.545178
G1 X95.254 Y84.968 E4.27665
;WIDTH:0.507191
G1 X95.254 Y105.032 E5.38478
;WIDTH:0.545178
G1 X95.235 Y105.124 E5.39041
;WIDTH:0.583165
G1 X95.216 Y105.216 E5.39649
G1 X95.124 Y105.235 E5.40257
;WIDTH:0.545178
G1 X95.032 Y105.254 E5.4082
;WIDTH:0.507191
G1 X74.968 Y105.254 E6.51633
;WIDTH:0.545178
G1 X74.876 Y105.235 E6.52196
;WIDTH:0.583165
G1 X74.871 Y105.233 E6.52231
G1 X74.748 Y104.853 F7800
G1 E4.52231 F2400
G92 E0
G1 X95.658 Y105.658 F7800
G1 E2 F2400
G1 F1800
G1 X95.345 Y105.677 E2.02029
;WIDTH:0.545178
G1 X95.032 Y105.696 E2.03909
;WIDTH:0.507191
G1 X74.968 Y105.696 E3.14722
;WIDTH:0.545178
G1 X74.655 Y105.677 E3.16602
;WIDTH:0.583165
G1 X74.342 Y105.658 E3.18631
G1 X74.323 Y105.345 E3.2066
;WIDTH:0.545178
G1 X74.304 Y105.032 E3.2254
;WIDTH:0.507191
G1 X74.304 Y84.968 E4.33353
;WIDTH:0.545178
G1 X74.323 Y84.655 E4.35233
;WIDTH:0.583165
G1 X74.342 Y84.342 E4.37262
G1 X74.655 Y84.323 E4.39291
;WIDTH:0.545178
G1 X74.968 Y84.304 E4.41171
;WIDTH:0.507191
G1 X95.032 Y84.304 E5.51984
;WIDTH:0.545178
G1 X95.345 Y84.323 E5.53864
;WIDTH:0.583165
G1 X95.658 Y84.342 E5.55893
G1 X95.658 Y84.601 E5.57569
G1 X95.677 Y84.784 E5.58759
;WIDTH:0.545178
G1 X95.696 Y84.968 E5.59868
;WIDTH:0.507191
G1 X95.696 Y105.032 E6.70681
;WIDTH:0.510546
G1 X95.695 Y105.109 E6.7111
;WIDTH:0.546855
G1 X95.677 Y105.384 E6.72768
;WIDTH:0.583165
G1 X95.662 Y105.599 E6.74163
G1 X95.271 Y105.68 F7800
G1 E4.74163 F2400
G92 E0
G1 X78.79 Y88.783 F7800
G1 E2 F2400
;TYPE:Perimeter
;WIDTH:0.45
G1 F2281
G1 X79.085 Y88.583 E2.01714
G1 X79.468 Y88.504 E2.03595
G1 X90.532 Y88.504 E2.56809
G1 X90.915 Y88.583 E2.5869
G1 X91.214 Y88.786 E2.60428
G1 X91.417 Y89.085 E2.62166
G1 X91.496 Y89.468 E2.64047
G1 X91.496 Y100.532 E3.17261
G1 X91.417 Y100.915 E3.19142
G1 X91.214 Y101.214 E3.2088
G1 X90.915 Y101.417 E3.22618
G1 X90.532 Y101.496 E3.24499
G1 X79.468 Y101.496 E3.77713
G1 X79.085 Y101.417 E3.79594
G1 X78.786 Y101.214 E3.81332
G1 X78.583 Y100.915 E3.8307
G1 X78.504 Y100.532 E3.84951
G1 X78.504 Y89.468 E4.38165
G1 X78.583 Y89.085 E4.40046
G1 X78.755 Y88.831 E4.41521
G1 X79.057 Y89.062 F7800
G1 F2281
G1 X79.059 Y89.059 E4.41538
G1 X79.238 Y88.937 E4.4258
G1 X79.468 Y88.889 E4.4371
G1 X90.532 Y88.889 E4.96924
G1 X90.762 Y88.937 E4.98054
G1 X90.941 Y89.059 E4.99096
G1 X91.063 Y89.238 E5.00138
G1 X91.111 Y89.468 E5.01268
G1 X91.111 Y100.532 E5.54482
G1 X91.063 Y100.762 E5.55612
G1 X90.941 Y100.941 E5.56654
G1 X90.762 Y101.063 E5.57696
G1 X90.532 Y101.111 E5.58826
G1 X79.468 Y101.111 E6.1204
G1 X79.238 Y101.063 E6.1317
G1 X79.059 Y100.941 E6.14212
G1 X78.937 Y100.762 E6.15254
G1 X78.889 Y100.532 E6.16384
G1 X78.889 Y89.468 E6.69598
G1 X78.937 Y89.238 E6.70728
G1 X79.023 Y89.111 E6.71466
G1 X79.338 Y89.329 F7800
;TYPE:External perimeter
G1 F1800
G1 X79.468 Y89.275 E6.72143
G1 X90.532 Y89.275 E7.25357
G1 X90.669 Y89.331 E7.26069
G1 X90.725 Y89.468 E7.26781
G1 X90.725 Y100.532 E7.79995
G1 X90.669 Y100.669 E7.80707
G1 X90.532 Y100.725 E7.81419
G1 X79.468 Y100.725 E8.34633
G1 X79.331 Y100.669 E8.35345
G1 X79.275 Y100.532 E8.36057
G1 X79.275 Y89.468 E8.89271
G1 X79.311 Y89.38 E8.89728
G1 X79.699 Y89.282 F7800
G1 E6.89728 F2400
G92 E0
G1 X92.504 Y102.504 F7800
G1 E2 F2400
;TYPE:Perimeter
G1 F2281
G1 X77.496 Y102.504 E2.72183
G1 X77.496 Y87.496 E3.44366
G1 X92.504 Y87.496 E4.16549
G1 X92.504 Y88.252 E4.20185
G1 X92.504 Y102.444 E4.88444
G1 X92.889 Y102.889 F7800
G1 F2281
G1 X77.111 Y102.889 E5.64331
G1 X77.111 Y87.111 E6.40218
G1 X92.889 Y87.111 E7.16105
G1 X92.889 Y88.252 E7.21593
G1 X92.889 Y102.829 E7.91703
G1 X93.275 Y103.275 F7800
;TYPE:External perimeter
G1 F1800
G1 X76.725 Y103.275 E8.71303
G1 X76.725 Y86.725 E9.50903
G1 X93.275 Y86.725 E10.30503
G1 X93.275 Y88.252 E10.37847
G1 X93.275 Y103.215 E11.09814
G1 X92.879 Y103.274 F7800
G1 E9.09814 F2400
G92 E0
G1 X77.796 Y89.67 F7800
G1 E2 F2400
;TYPE:Solid infill
;WIDTH:0.47174
G1 F2281
G1 X77.785 Y101.042 E2.57779
;WIDTH:0.45
G1 X77.785 Y102.215 E2.63421
G1 X78.954 Y102.215 E2.69043
;WIDTH:0.471739
G1 X91.042 Y102.215 E3.3046
;WIDTH:0.45
G1 X92.215 Y102.215 E3.36102
G1 X92.215 Y101.042 E3.41744
;WIDTH:0.47174
G1 X92.215 Y88.954 E4.03161
;WIDTH:0.45
G1 X92.215 Y87.785 E4.08783
G1 X91.046 Y87.785 E4.14405
;WIDTH:0.471738
G1 X78.958 Y87.785 E4.75821
;WIDTH:0.45
G1 X77.785 Y87.785 E4.81463
G1 X77.785 Y88.954 E4.87085
;WIDTH:0.471738
G1 X77.796 Y89.478 E4.89748
G1 E2.89748 F2400
G92 E0
G1 X78.235 Y101.681 F7800
G1 E2 F2400
;WIDTH:0.612971
G1 F2281
G1 X78.186 Y101.73 E2.00474
G1 X78.204 Y101.796 E2.00942
G1 X78.27 Y101.814 E2.0141
G1 X78.319 Y101.765 E2.01884
G1 X78.301 Y101.699 E2.02352
G1 E.02352 F2400
G92 E0
G1 X78.204 Y89.67 F7800
G1 E2 F2400
;WIDTH:0.47174
G1 F2281
G1 X78.204 Y100.528 E2.55167
G1 X78.305 Y100.989 E2.57565
;WIDTH:0.45
G1 X78.56 Y101.389 E2.59847
G1 X78.938 Y101.663 E2.62092
;WIDTH:0.471739
G1 X79.478 Y101.796 E2.64918
G1 X90.528 Y101.796 E3.21061
G1 X90.989 Y101.695 E3.23459
;WIDTH:0.45
G1 X91.389 Y101.44 E3.25741
G1 X91.665 Y101.058 E3.28008
;WIDTH:0.47174
G1 X91.796 Y100.528 E3.30782
G1 X91.796 Y89.478 E3.86925
G1 X91.692 Y89.008 E3.89371
;WIDTH:0.45
G1 X91.417 Y88.583 E3.91806
G1 X91.062 Y88.337 E3.93883
;WIDTH:0.471738
G1 X90.522 Y88.204 E3.96709
G1 X79.472 Y88.204 E4.52852
G1 X79.011 Y88.305 E4.5525
;WIDTH:0.45
G1 X78.611 Y88.56 E4.57532
G1 X78.337 Y88.938 E4.59777
;WIDTH:0.471738
G1 X78.204 Y89.478 E4.62603
G1 X78.301 Y88.204 F7800
;WIDTH:0.612969
G1 F2281
G1 X78.319 Y88.27 E4.63071
G1 X78.27 Y88.319 E4.63545
G1 X78.204 Y88.301 E4.64013
G1 X78.186 Y88.235 E4.64481
G1 X78.235 Y88.186 E4.64955
G1 E2.64955 F2400
G92 E0
G1 X91.73 Y88.186 F7800
G1 E2 F2400
G1 F2281
G1 X91.681 Y88.235 E2.00474
G1 X91.699 Y88.301 E2.00942
G1 X91.765 Y88.319 E2.0141
G1 X91.814 Y88.27 E2.01884
G1 X91.796 Y88.204 E2.02352
G1 E.02352 F2400
G92 E0
G1 X91.73 Y101.681 F7800
G1 E2 F2400
;WIDTH:0.612971
G1 F2281
G1 X91.681 Y101.73 E2.00474
G1 X91.699 Y101.796 E2.00942
G1 X91.765 Y101.814 E2.0141
G1 X91.814 Y101.765 E2.01884
G1 X91.796 Y101.699 E2.02352
;LAYER_CHANGE
;Z:9.65
;HEIGHT:0.299999
G1 E.02352 F2400
G92 E0
G1 Z9.65 F7800
G1 X74.812 Y105.221
G1 E2 F2400
;TYPE:External perimeter
;WIDTH:0.583165
G1 F1800
G1 X74.784 Y105.216 E2.00184
G1 X74.765 Y105.124 E2.00792
;WIDTH:0.545178
G1 X74.746 Y105.032 E2.01355
;WIDTH:0.507191
G1 X74.746 Y84.968 E3.12168
;WIDTH:0.545178
G1 X74.765 Y84.876 E3.12731
;WIDTH:0.583165
G1 X74.784 Y84.784 E3.13339
G1 X74.876 Y84.765 E3.13947
;WIDTH:0.545178
G1 X74.968 Y84.746 E3.1451
;WIDTH:0.507191
G1 X95.032 Y84.746 E4.25323
;WIDTH:0.545178
G1 X95.124 Y84.765 E4.25886
;WIDTH:0.583165
G1 X95.216 Y84.784 E4.26494
G1 X95.235 Y84.876 E4.27102
;WIDTH:0.545178
G1 X95.254 Y84.968 E4.27665
;WIDTH:0.507191
G1 X95.254 Y105.032 E5.38478
;WIDTH:0.545178
G1 X95.235 Y105.124 E5.39041
;WIDTH:0.583165
G1 X95.216 Y105.216 E5.39649
G1 X95.124 Y105.235 E5.40257
;WIDTH:0.545178
G1 X95.032 Y105.254 E5.4082
;WIDTH:0.507191
G1 X74.968 Y105.254 E6.51633
;WIDTH:0.545178
G1 X74.876 Y105.235 E6.52196
;WIDTH:0.583165
G1 X74.871 Y105.233 E6.52231
G1 X74.748 Y104.853 F7800
G1 E4.52231 F2400
G92 E0
G1 X95.658 Y105.658 F7800
G1 E2 F2400
G1 F1800
G1 X95.345 Y105.677 E2.02029
;WIDTH:0.545178
G1 X95.032 Y105.696 E2.03909
;WIDTH:0.507191
G1 X74.968 Y105.696 E3.14722
;WIDTH:0.545178
G1 X74.655 Y105.677 E3.16602
;WIDTH:0.583165
G1 X74.342 Y105.658 E3.18631
G1 X74.323 Y105.345 E3.2066
;WIDTH:0.545178
G1 X74.304 Y105.032 E3.2254
;WIDTH:0.507191
G1 X74.304 Y84.968 E4.33353
;WIDTH:0.545178
G1 X74.323 Y84.655 E4.35233
;WIDTH:0.583165
G1 X74.342 Y84.342 E4.37262
G1 X74.655 Y84.323 E4.39291
;WIDTH:0.545178
G1 X74.968 Y84.304 E4.41171
;WIDTH:0.507191
G1 X95.032 Y84.304 E5.51984
;WIDTH:0.545178
G1 X95.345 Y84.323 E5.53864
;WIDTH:0.583165
G1 X95.658 Y84.342 E5.55893
G1 X95.658 Y84.601 E5.57569
G1 X95.677 Y84.784 E5.58759
;WIDTH:0.545178
G1 X95.696 Y84.968 E5.59868
;WIDTH:0.507191
G1 X95.696 Y105.032 E6.70681
;WIDTH:0.510546
G1 X95.695 Y105.109 E6.7111
;WIDTH:0.546855
G1 X95.677 Y105.384 E6.72768
;WIDTH:0.583165
G1 X95.662 Y105.599 E6.74163
G1 X95.271 Y105.68 F7800
G1 E4.74163 F2400
G92 E0
G1 X78.79 Y88.783 F7800
G1 E2 F2400
;TYPE:Perimeter
;WIDTH:0.45
G1 F2297
G1 X79.085 Y88.583 E2.01714
G1 X79.468 Y88.504 E2.03595
G1 X90.532 Y88.504 E2.56809
G1 X90.915 Y88.583 E2.5869
G1 X91.214 Y88.786 E2.60428
G1 X91.417 Y89.085 E2.62166
G1 X91.496 Y89.468 E2.64047
G1 X91.496 Y100.532 E3.17261
G1 X91.417 Y100.915 E3.19142
G1 X91.214 Y101.214 E3.2088
G1 X90.915 Y101.417 E3.22618
G1 X90.532 Y101.496 E3.24499
G1 X79.468 Y101.496 E3.77713
G1 X79.085 Y101.417 E3.79594
G1 X78.786 Y101.214 E3.81332
G1 X78.583 Y100.915 E3.8307
G1 X78.504 Y100.532 E3.84951
G1 X78.504 Y89.468 E4.38165
G1 X78.583 Y89.085 E4.40046
G1 X78.755 Y88.831 E4.41521
G1 X79.057 Y89.062 F7800
G1 F2297
G1 X79.059 Y89.059 E4.41538
G1 X79.238 Y88.937 E4.4258
G1 X79.468 Y88.889 E4.4371
G1 X90.532 Y88.889 E4.96924
G1 X90.762 Y88.937 E4.98054
G1 X90.941 Y89.059 E4.99096
G1 X91.063 Y89.238 E5.00138
G1 X91.111 Y89.468 E5.01268
G1 X91.111 Y100.532 E5.54482
G1 X91.063 Y100.762 E5.55612
G1 X90.941 Y100.941 E5.56654
G1 X90.762 Y101.063 E5.57696
G1 X90.532 Y101.111 E5.58826
G1 X79.468 Y101.111 E6.1204
G1 X79.238 Y101.063 E6.1317
G1 X79.059 Y100.941 E6.14212
G1 X78.937 Y100.762 E6.15254
G1 X78.889 Y100.532 E6.16384
G1 X78.889 Y89.468 E6.69598
G1 X78.937 Y89.238 E6.70728
G1 X79.023 Y89.111 E6.71466
G1 X79.338 Y89.329 F7800
;TYPE:External perimeter
G1 F1800
G1 X79.468 Y89.275 E6.72143
G1 X90.532 Y89.275 E7.25357
G1 X90.669 Y89.331 E7.26069
G1 X90.725 Y89.468 E7.26781
G1 X90.725 Y100.532 E7.79995
G1 X90.669 Y100.669 E7.80707
G1 X90.532 Y100.725 E7.81419
G1 X79.468 Y100.725 E8.34633
G1 X79.331 Y100.669 E8.35345
G1 X79.275 Y100.532 E8.36057
G1 X79.275 Y89.468 E8.89271
G1 X79.311 Y89.38 E8.89728
G1 X79.699 Y89.282 F7800
G1 E6.89728 F2400
G92 E0
G1 X92.504 Y102.504 F7800
G1 E2 F2400
;TYPE:Perimeter
G1 F2297
G1 X77.496 Y102.504 E2.72183
G1 X77.496 Y87.496 E3.44366
G1 X92.504 Y87.496 E4.16549
G1 X92.504 Y88.252 E4.20185
G1 X92.504 Y102.444 E4.88444
G1 X92.889 Y102.889 F7800
G1 F2297
G1 X77.111 Y102.889 E5.64331
G1 X77.111 Y87.111 E6.40218
G1 X92.889 Y87.111 E7.16105
G1 X92.889 Y88.252 E7.21593
G1 X92.889 Y102.829 E7.91703
G1 X93.275 Y103.275 F7800
;TYPE:External perimeter
G1 F1800
G1 X76.725 Y103.275 E8.71303
G1 X76.725 Y86.725 E9.50903
G1 X93.275 Y86.725 E10.30503
G1 X93.275 Y88.252 E10.37847
G1 X93.275 Y103.215 E11.09814
G1 X92.879 Y103.274 F7800
G1 E9.09814 F2400
G92 E0
G1 X90.33 Y87.796 F7800
G1 E2 F2400
;TYPE:Solid infill
;WIDTH:0.47174
G1 F2297
G1 X78.958 Y87.785 E2.57779
;WIDTH:0.45
G1 X77.785 Y87.785 E2.63421
G1 X77.785 Y88.954 E2.69043
;WIDTH:0.471738
G1 X77.785 Y101.042 E3.30459
;WIDTH:0.45
G1 X77.785 Y102.215 E3.36101
G1 X78.954 Y102.215 E3.41723
;WIDTH:0.471738
G1 X91.042 Y102.215 E4.03139
;WIDTH:0.45
G1 X92.215 Y102.215 E4.08781
G1 X92.215 Y101.042 E4.14423
;WIDTH:0.471739
G1 X92.215 Y88.954 E4.7584
;WIDTH:0.45
G1 X92.215 Y87.785 E4.81462
G1 X91.046 Y87.785 E4.87084
;WIDTH:0.471738
G1 X90.522 Y87.796 E4.89747
G1 E2.89747 F2400
G92 E0
G1 X78.319 Y88.235 F7800
G1 E2 F2400
;WIDTH:0.612969
G1 F2297
G1 X78.27 Y88.186 E2.00474
G1 X78.204 Y88.204 E2.00942
G1 X78.186 Y88.27 E2.0141
G1 X78.235 Y88.319 E2.01884
G1 X78.301 Y88.301 E2.02352
G1 E.02352 F2400
G92 E0
G1 X90.33 Y88.204 F7800
G1 E2 F2400
;WIDTH:0.47174
G1 F2297
G1 X79.472 Y88.204 E2.55167
G1 X79.011 Y88.305 E2.57565
;WIDTH:0.45
G1 X78.611 Y88.56 E2.59847
G1 X78.337 Y88.938 E2.62092
;WIDTH:0.471738
G1 X78.204 Y89.478 E2.64918
G1 X78.204 Y100.528 E3.21061
G1 X78.305 Y100.989 E3.23459
;WIDTH:0.45
G1 X78.56 Y101.389 E3.25741
G1 X78.938 Y101.663 E3.27986
;WIDTH:0.471738
G1 X79.478 Y101.796 E3.30812
G1 X90.528 Y101.796 E3.86955
G1 X90.989 Y101.695 E3.89353
;WIDTH:0.45
G1 X91.417 Y101.417 E3.91808
G1 X91.665 Y101.058 E3.93907
;WIDTH:0.471739
G1 X91.796 Y100.528 E3.96681
G1 X91.796 Y89.478 E4.52824
G1 X91.692 Y89.008 E4.5527
;WIDTH:0.45
G1 X91.44 Y88.611 E4.57532
G1 X91.062 Y88.337 E4.59777
;WIDTH:0.471738
G1 X90.522 Y88.204 E4.62603
G1 X91.796 Y88.301 F7800
;WIDTH:0.612969
G1 F2297
G1 X91.73 Y88.319 E4.63071
G1 X91.681 Y88.27 E4.63545
G1 X91.699 Y88.204 E4.64013
G1 X91.765 Y88.186 E4.64481
G1 X91.814 Y88.235 E4.64955
G1 E2.64955 F2400
G92 E0
G1 X91.814 Y101.73 F7800
G1 E2 F2400
;WIDTH:0.612972
G1 F2297
G1 X91.765 Y101.681 E2.00474
G1 X91.699 Y101.699 E2.00942
G1 X91.681 Y101.765 E2.0141
G1 X91.73 Y101.814 E2.01884
G1 X91.796 Y101.796 E2.02352
G1 E.02352 F2400
G92 E0
G1 X78.319 Y101.73 F7800
G1 E2 F2400
;WIDTH:0.612969
G1 F2297
G1 X78.27 Y101.681 E2.00474
G1 X78.204 Y101.699 E2.00942
G1 X78.186 Y101.765 E2.0141
G1 X78.235 Y101.814 E2.01884
G1 X78.301 Y101.796 E2.02352
;LAYER_CHANGE
;Z:9.95
;HEIGHT:0.3
G1 E.02352 F2400
G92 E0
G1 Z9.95 F7800
G1 X74.812 Y105.221
G1 E2 F2400
;TYPE:External perimeter
;WIDTH:0.583165
G1 F1800
G1 X74.784 Y105.216 E2.00184
G1 X74.765 Y105.124 E2.00792
;WIDTH:0.545178
G1 X74.746 Y105.032 E2.01355
;WIDTH:0.507191
G1 X74.746 Y84.968 E3.12168
;WIDTH:0.545178
G1 X74.765 Y84.876 E3.12731
;WIDTH:0.583165
G1 X74.784 Y84.784 E3.13339
G1 X74.876 Y84.765 E3.13947
;WIDTH:0.545178
G1 X74.968 Y84.746 E3.1451
;WIDTH:0.507191
G1 X95.032 Y84.746 E4.25323
;WIDTH:0.545178
G1 X95.124 Y84.765 E4.25886
;WIDTH:0.583165
G1 X95.216 Y84.784 E4.26494
G1 X95.235 Y84.876 E4.27102
;WIDTH:0.545178
G1 X95.254 Y84.968 E4.27665
;WIDTH:0.507191
G1 X95.254 Y105.032 E5.38478
;WIDTH:0.545178
G1 X95.235 Y105.124 E5.39041
;WIDTH:0.583165
G1 X95.216 Y105.216 E5.39649
G1 X95.124 Y105.235 E5.40257
;WIDTH:0.545178
G1 X95.032 Y105.254 E5.4082
;WIDTH:0.507191
G1 X74.968 Y105.254 E6.51633
;WIDTH:0.545178
G1 X74.876 Y105.235 E6.52196
;WIDTH:0.583165
G1 X74.871 Y105.233 E6.52231
G1 X74.748 Y104.853 F7800
G1 E4.52231 F2400
G92 E0
G1 X95.658 Y105.658 F7800
G1 E2 F2400
G1 F1800
G1 X95.345 Y105.677 E2.02029
;WIDTH:0.545178
G1 X95.032 Y105.696 E2.03909
;WIDTH:0.507191
G1 X74.968 Y105.696 E3.14722
;WIDTH:0.545178
G1 X74.655 Y105.677 E3.16602
;WIDTH:0.583165
G1 X74.342 Y105.658 E3.18631
G1 X74.323 Y105.345 E3.2066
;WIDTH:0.545178
G1 X74.304 Y105.032 E3.2254
;WIDTH:0.507191
G1 X74.304 Y84.968 E4.33353
;WIDTH:0.545178
G1 X74.323 Y84.655 E4.35233
;WIDTH:0.583165
G1 X74.342 Y84.342 E4.37262
G1 X74.655 Y84.323 E4.39291
;WIDTH:0.545178
G1 X74.968 Y84.304 E4.41171
;WIDTH:0.507191
G1 X95.032 Y84.304 E5.51984
;WIDTH:0.545178
G1 X95.345 Y84.323 E5.53864
;WIDTH:0.583165
G1 X95.658 Y84.342 E5.55893
G1 X95.658 Y84.601 E5.57569
G1 X95.677 Y84.784 E5.58759
;WIDTH:0.545178
G1 X95.696 Y84.968 E5.59868
;WIDTH:0.507191
G1 X95.696 Y105.032 E6.70681
;WIDTH:0.510546
G1 X95.695 Y105.109 E6.7111
;WIDTH:0.546855
G1 X95.677 Y105.384 E6.72768
;WIDTH:0.583165
G1 X95.662 Y105.599 E6.74163
G1 X95.271 Y105.68 F7800
G1 E4.74163 F2400
G92 E0
G1 X78.79 Y88.783 F7800
G1 E2 F2400
;TYPE:Perimeter
;WIDTH:0.45
G1 F2281
G1 X79.085 Y88.583 E2.01714
G1 X79.468 Y88.504 E2.03595
G1 X90.532 Y88.504 E2.56809
G1 X90.915 Y88.583 E2.5869
G1 X91.214 Y88.786 E2.60428
G1 X91.417 Y89.085 E2.62166
G1 X91.496 Y89.468 E2.64047
G1 X91.496 Y100.532 E3.17261
G1 X91.417 Y100.915 E3.19142
G1 X91.214 Y101.214 E3.2088
G1 X90.915 Y101.417 E3.22618
G1 X90.532 Y101.496 E3.24499
G1 X79.468 Y101.496 E3.77713
G1 X79.085 Y101.417 E3.79594
G1 X78.786 Y101.214 E3.81332
G1 X78.583 Y100.915 E3.8307
G1 X78.504 Y100.532 E3.84951
G1 X78.504 Y89.468 E4.38165
G1 X78.583 Y89.085 E4.40046
G1 X78.755 Y88.831 E4.41521
G1 X79.057 Y89.062 F7800
G1 F2281
G1 X79.059 Y89.059 E4.41538
G1 X79.238 Y88.937 E4.4258
G1 X79.468 Y88.889 E4.4371
G1 X90.532 Y88.889 E4.96924
G1 X90.762 Y88.937 E4.98054
G1 X90.941 Y89.059 E4.99096
G1 X91.063 Y89.238 E5.00138
G1 X91.111 Y89.468 E5.01268
G1 X91.111 Y100.532 E5.54482
G1 X91.063 Y100.762 E5.55612
G1 X90.941 Y100.941 E5.56654
G1 X90.762 Y101.063 E5.57696
G1 X90.532 Y101.111 E5.58826
G1 X79.468 Y101.111 E6.1204
G1 X79.238 Y101.063 E6.1317
G1 X79.059 Y100.941 E6.14212
G1 X78.937 Y100.762 E6.15254
G1 X78.889 Y100.532 E6.16384
G1 X78.889 Y89.468 E6.69598
G1 X78.937 Y89.238 E6.70728
G1 X79.023 Y89.111 E6.71466
G1 X79.338 Y89.329 F7800
;TYPE:External perimeter
G1 F1800
G1 X79.468 Y89.275 E6.72143
G1 X90.532 Y89.275 E7.25357
G1 X90.669 Y89.331 E7.26069
G1 X90.725 Y89.468 E7.26781
G1 X90.725 Y100.532 E7.79995
G1 X90.669 Y100.669 E7.80707
G1 X90.532 Y100.725 E7.81419
G1 X79.468 Y100.725 E8.34633
G1 X79.331 Y100.669 E8.35345
G1 X79.275 Y100.532 E8.36057
G1 X79.275 Y89.468 E8.89271
G1 X79.311 Y89.38 E8.89728
G1 X79.699 Y89.282 F7800
G1 E6.89728 F2400
G92 E0
G1 X92.504 Y102.504 F7800
G1 E2 F2400
;TYPE:Perimeter
G1 F2281
G1 X77.496 Y102.504 E2.72183
G1 X77.496 Y87.496 E3.44366
G1 X92.504 Y87.496 E4.16549
G1 X92.504 Y88.252 E4.20185
G1 X92.504 Y102.444 E4.88444
G1 X92.889 Y102.889 F7800
G1 F2281
G1 X77.111 Y102.889 E5.64331
G1 X77.111 Y87.111 E6.40218
G1 X92.889 Y87.111 E7.16105
G1 X92.889 Y88.252 E7.21593
G1 X92.889 Y102.829 E7.91703
G1 X93.275 Y103.275 F7800
;TYPE:External perimeter
G1 F1800
G1 X76.725 Y103.275 E8.71303
G1 X76.725 Y86.725 E9.50903
G1 X93.275 Y86.725 E10.30503
G1 X93.275 Y88.252 E10.37847
G1 X93.275 Y103.215 E11.09814
G1 X92.879 Y103.274 F7800
G1 E9.09814 F2400
G92 E0
G1 X77.796 Y89.67 F7800
G1 E2 F2400
;TYPE:Solid infill
;WIDTH:0.47174
G1 F2281
G1 X77.785 Y101.042 E2.57779
;WIDTH:0.45
G1 X77.785 Y102.215 E2.63421
G1 X78.954 Y102.215 E2.69043
;WIDTH:0.471739
G1 X91.042 Y102.215 E3.3046
;WIDTH:0.45
G1 X92.215 Y102.215 E3.36102
G1 X92.215 Y101.042 E3.41744
;WIDTH:0.47174
G1 X92.215 Y88.954 E4.03161
;WIDTH:0.45
G1 X92.215 Y87.785 E4.08783
G1 X91.046 Y87.785 E4.14405
;WIDTH:0.471738
G1 X78.958 Y87.785 E4.75821
;WIDTH:0.45
G1 X77.785 Y87.785 E4.81463
G1 X77.785 Y88.954 E4.87085
;WIDTH:0.471738
G1 X77.796 Y89.478 E4.89748
G1 E2.89748 F2400
G92 E0
G1 X78.235 Y101.681 F7800
G1 E2 F2400
;WIDTH:0.612971
G1 F2281
G1 X78.186 Y101.73 E2.00474
G1 X78.204 Y101.796 E2.00942
G1 X78.27 Y101.814 E2.0141
G1 X78.319 Y101.765 E2.01884
G1 X78.301 Y101.699 E2.02352
G1 E.02352 F2400
G92 E0
G1 X78.204 Y89.67 F7800
G1 E2 F2400
;WIDTH:0.47174
G1 F2281
G1 X78.204 Y100.528 E2.55167
G1 X78.305 Y100.989 E2.57565
;WIDTH:0.45
G1 X78.56 Y101.389 E2.59847
G1 X78.938 Y101.663 E2.62092
;WIDTH:0.471739
G1 X79.478 Y101.796 E2.64918
G1 X90.528 Y101.796 E3.21061
G1 X90.989 Y101.695 E3.23459
;WIDTH:0.45
G1 X91.389 Y101.44 E3.25741
G1 X91.665 Y101.058 E3.28008
;WIDTH:0.47174
G1 X91.796 Y100.528 E3.30782
G1 X91.796 Y89.478 E3.86925
G1 X91.692 Y89.008 E3.89371
;WIDTH:0.45
G1 X91.417 Y88.583 E3.91806
G1 X91.062 Y88.337 E3.93883
;WIDTH:0.471738
G1 X90.522 Y88.204 E3.96709
G1 X79.472 Y88.204 E4.52852
G1 X79.011 Y88.305 E4.5525
;WIDTH:0.45
G1 X78.611 Y88.56 E4.57532
G1 X78.337 Y88.938 E4.59777
;WIDTH:0.471738
G1 X78.204 Y89.478 E4.62603
G1 X78.301 Y88.204 F7800
;WIDTH:0.612969
G1 F2281
G1 X78.319 Y88.27 E4.63071
G1 X78.27 Y88.319 E4.63545
G1 X78.204 Y88.301 E4.64013
G1 X78.186 Y88.235 E4.64481
G1 X78.235 Y88.186 E4.64955
G1 E2.64955 F2400
G92 E0
G1 X91.73 Y88.186 F7800
G1 E2 F2400
G1 F2281
G1 X91.681 Y88.235 E2.00474
G1 X91.699 Y88.301 E2.00942
G1 X91.765 Y88.319 E2.0141
G1 X91.814 Y88.27 E2.01884
G1 X91.796 Y88.204 E2.02352
G1 E.02352 F2400
G92 E0
G1 X91.73 Y101.681 F7800
G1 E2 F2400
;WIDTH:0.612971
G1 F2281
G1 X91.681 Y101.73 E2.00474
G1 X91.699 Y101.796 E2.00942
G1 X91.765 Y101.814 E2.0141
G1 X91.814 Y101.765 E2.01884
G1 X91.796 Y101.699 E2.02352
;LAYER_CHANGE
;Z:10.25
;HEIGHT:0.3
G1 E.02352 F2400
G92 E0
G1 Z10.25 F7800
G1 X74.812 Y105.221
G1 E2 F2400
;TYPE:External perimeter
;WIDTH:0.583165
G1 F1800
G1 X74.784 Y105.216 E2.00184
G1 X74.765 Y105.124 E2.00792
;WIDTH:0.545178
G1 X74.746 Y105.032 E2.01355
;WIDTH:0.507191
G1 X74.746 Y84.968 E3.12168
;WIDTH:0.545178
G1 X74.765 Y84.876 E3.12731
;WIDTH:0.583165
G1 X74.784 Y84.784 E3.13339
G1 X74.876 Y84.765 E3.13947
;WIDTH:0.545178
G1 X74.968 Y84.746 E3.1451
;WIDTH:0.507191
G1 X95.032 Y84.746 E4.25323
;WIDTH:0.545178
G1 X95.124 Y84.765 E4.25886
;WIDTH:0.583165
G1 X95.216 Y84.784 E4.26494
G1 X95.235 Y84.876 E4.27102
;WIDTH:0.545178
G1 X95.254 Y84.968 E4.27665
;WIDTH:0.507191
G1 X95.254 Y105.032 E5.38478
;WIDTH:0.545178
G1 X95.235 Y105.124 E5.39041
;WIDTH:0.583165
G1 X95.216 Y105.216 E5.39649
G1 X95.124 Y105.235 E5.40257
;WIDTH:0.545178
G1 X95.032 Y105.254 E5.4082
;WIDTH:0.507191
G1 X74.968 Y105.254 E6.51633
;WIDTH:0.545178
G1 X74.876 Y105.235 E6.52196
;WIDTH:0.583165
G1 X74.871 Y105.233 E6.52231
G1 X74.748 Y104.853 F7800
G1 E4.52231 F2400
G92 E0
G1 X95.658 Y105.658 F7800
G1 E2 F2400
G1 F1800
G1 X95.345 Y105.677 E2.02029
;WIDTH:0.545178
G1 X95.032 Y105.696 E2.03909
;WIDTH:0.507191
G1 X74.968 Y105.696 E3.14722
;WIDTH:0.545178
G1 X74.655 Y105.677 E3.16602
;WIDTH:0.583165
G1 X74.342 Y105.658 E3.18631
G1 X74.323 Y105.345 E3.2066
;WIDTH:0.545178
G1 X74.304 Y105.032 E3.2254
;WIDTH:0.507191
G1 X74.304 Y84.968 E4.33353
;WIDTH:0.545178
G1 X74.323 Y84.655 E4.35233
;WIDTH:0.583165
G1 X74.342 Y84.342 E4.37262
G1 X74.655 Y84.323 E4.39291
;WIDTH:0.545178
G1 X74.968 Y84.304 E4.41171
;WIDTH:0.507191
G1 X95.032 Y84.304 E5.51984
;WIDTH:0.545178
G1 X95.345 Y84.323 E5.53864
;WIDTH:0.583165
G1 X95.658 Y84.342 E5.55893
G1 X95.658 Y84.601 E5.57569
G1 X95.677 Y84.784 E5.58759
;WIDTH:0.545178
G1 X95.696 Y84.968 E5.59868
;WIDTH:0.507191
G1 X95.696 Y105.032 E6.70681
;WIDTH:0.510546
G1 X95.695 Y105.109 E6.7111
;WIDTH:0.546855
G1 X95.677 Y105.384 E6.72768
;WIDTH:0.583165
G1 X95.662 Y105.599 E6.74163
G1 X95.271 Y105.68 F7800
G1 E4.74163 F2400
G92 E0
G1 X78.79 Y88.783 F7800
G1 E2 F2400
;TYPE:Perimeter
;WIDTH:0.45
G1 F2297
G1 X79.085 Y88.583 E2.01714
G1 X79.468 Y88.504 E2.03595
G1 X90.532 Y88.504 E2.56809
G1 X90.915 Y88.583 E2.5869
G1 X91.214 Y88.786 E2.60428
G1 X91.417 Y89.085 E2.62166
G1 X91.496 Y89.468 E2.64047
G1 X91.496 Y100.532 E3.17261
G1 X91.417 Y100.915 E3.19142
G1 X91.214 Y101.214 E3.2088
G1 X90.915 Y101.417 E3.22618
G1 X90.532 Y101.496 E3.24499
G1 X79.468 Y101.496 E3.77713
G1 X79.085 Y101.417 E3.79594
G1 X78.786 Y101.214 E3.81332
G1 X78.583 Y100.915 E3.8307
G1 X78.504 Y100.532 E3.84951
G1 X78.504 Y89.468 E4.38165
G1 X78.583 Y89.085 E4.40046
G1 X78.755 Y88.831 E4.41521
G1 X79.057 Y89.062 F7800
G1 F2297
G1 X79.059 Y89.059 E4.41538
G1 X79.238 Y88.937 E4.4258
G1 X79.468 Y88.889 E4.4371
G1 X90.532 Y88.889 E4.96924
G1 X90.762 Y88.937 E4.98054
G1 X90.941 Y89.059 E4.99096
G1 X91.063 Y89.238 E5.00138
G1 X91.111 Y89.468 E5.01268
G1 X91.111 Y100.532 E5.54482
G1 X91.063 Y100.762 E5.55612
G1 X90.941 Y100.941 E5.56654
G1 X90.762 Y101.063 E5.57696
G1 X90.532 Y101.111 E5.58826
G1 X79.468 Y101.111 E6.1204
G1 X79.238 Y101.063 E6.1317
G1 X79.059 Y100.941 E6.14212
G1 X78.937 Y100.762 E6.15254
G1 X78.889 Y100.532 E6.16384
G1 X78.889 Y89.468 E6.69598
G1 X78.937 Y89.238 E6.70728
G1 X79.023 Y89.111 E6.71466
G1 X79.338 Y89.329 F7800
;TYPE:External perimeter
G1 F1800
G1 X79.468 Y89.275 E6.72143
G1 X90.532 Y89.275 E7.25357
G1 X90.669 Y89.331 E7.26069
G1 X90.725 Y89.468 E7.26781
G1 X90.725 Y100.532 E7.79995
G1 X90.669 Y100.669 E7.80707
G1 X90.532 Y100.725 E7.81419
G1 X79.468 Y100.725 E8.34633
G1 X79.331 Y100.669 E8.35345
G1 X79.275 Y100.532 E8.36057
G1 X79.275 Y89.468 E8.89271
G1 X79.311 Y89.38 E8.89728
G1 X79.699 Y89.282 F7800
G1 E6.89728 F2400
G92 E0
G1 X92.504 Y102.504 F7800
G1 E2 F2400
;TYPE:Perimeter
G1 F2297
G1 X77.496 Y102.504 E2.72183
G1 X77.496 Y87.496 E3.44366
G1 X92.504 Y87.496 E4.16549
G1 X92.504 Y88.252 E4.20185
G1 X92.504 Y102.444 E4.88444
G1 X92.889 Y102.889 F7800
G1 F2297
G1 X77.111 Y102.889 E5.64331
G1 X77.111 Y87.111 E6.40218
G1 X92.889 Y87.111 E7.16105
G1 X92.889 Y88.252 E7.21593
G1 X92.889 Y102.829 E7.91703
G1 X93.275 Y103.275 F7800
;TYPE:External perimeter
G1 F1800
G1 X76.725 Y103.275 E8.71303
G1 X76.725 Y86.725 E9.50903
G1 X93.275 Y86.725 E10.30503
G1 X93.275 Y88.252 E10.37847
G1 X93.275 Y103.215 E11.09814
G1 X92.879 Y103.274 F7800
G1 E9.09814 F2400
G92 E0
G1 X90.33 Y87.796 F7800
G1 E2 F2400
;TYPE:Solid infill
;WIDTH:0.47174
G1 F2297
G1 X78.958 Y87.785 E2.57779
;WIDTH:0.45
G1 X77.785 Y87.785 E2.63421
G1 X77.785 Y88.954 E2.69043
;WIDTH:0.471738
G1 X77.785 Y101.042 E3.30459
;WIDTH:0.45
G1 X77.785 Y102.215 E3.36101
G1 X78.954 Y102.215 E3.41723
;WIDTH:0.471738
G1 X91.042 Y102.215 E4.03139
;WIDTH:0.45
G1 X92.215 Y102.215 E4.08781
G1 X92.215 Y101.042 E4.14423
;WIDTH:0.471739
G1 X92.215 Y88.954 E4.7584
;WIDTH:0.45
G1 X92.215 Y87.785 E4.81462
G1 X91.046 Y87.785 E4.87084
;WIDTH:0.471738
G1 X90.522 Y87.796 E4.89747
G1 E2.89747 F2400
G92 E0
G1 X78.319 Y88.235 F7800
G1 E2 F2400
;WIDTH:0.612969
G1 F2297
G1 X78.27 Y88.186 E2.00474
G1 X78.204 Y88.204 E2.00942
G1 X78.186 Y88.27 E2.0141
G1 X78.235 Y88.319 E2.01884
G1 X78.301 Y88.301 E2.02352
G1 E.02352 F2400
G92 E0
G1 X90.33 Y88.204 F7800
G1 E2 F2400
;WIDTH:0.47174
G1 F2297
G1 X79.472 Y88.204 E2.55167
G1 X79.011 Y88.305 E2.57565
;WIDTH:0.45
G1 X78.611 Y88.56 E2.59847
G1 X78.337 Y88.938 E2.62092
;WIDTH:0.471738
G1 X78.204 Y89.478 E2.64918
G1 X78.204 Y100.528 E3.21061
G1 X78.305 Y100.989 E3.23459
;WIDTH:0.45
G1 X78.56 Y101.389 E3.25741
G1 X78.938 Y101.663 E3.27986
;WIDTH:0.471738
G1 X79.478 Y101.796 E3.30812
G1 X90.528 Y101.796 E3.86955
G1 X90.989 Y101.695 E3.89353
;WIDTH:0.45
G1 X91.417 Y101.417 E3.91808
G1 X91.665 Y101.058 E3.93907
;WIDTH:0.471739
G1 X91.796 Y100.528 E3.96681
G1 X91.796 Y89.478 E4.52824
G1 X91.692 Y89.008 E4.5527
;WIDTH:0.45
G1 X91.44 Y88.611 E4.57532
G1 X91.062 Y88.337 E4.59777
;WIDTH:0.471738
G1 X90.522 Y88.204 E4.62603
G1 X91.796 Y88.301 F7800
;WIDTH:0.612969
G1 F2297
G1 X91.73 Y88.319 E4.63071
G1 X91.681 Y88.27 E4.63545
G1 X91.699 Y88.204 E4.64013
G1 X91.765 Y88.186 E4.64481
G1 X91.814 Y88.235 E4.64955
G1 E2.64955 F2400
G92 E0
G1 X91.814 Y101.73 F7800
G1 E2 F2400
;WIDTH:0.612972
G1 F2297
G1 X91.765 Y101.681 E2.00474
G1 X91.699 Y101.699 E2.00942
G1 X91.681 Y101.765 E2.0141
G1 X91.73 Y101.814 E2.01884
G1 X91.796 Y101.796 E2.02352
G1 E.02352 F2400
G92 E0
G1 X78.319 Y101.73 F7800
G1 E2 F2400
;WIDTH:0.612969
G1 F2297
G1 X78.27 Y101.681 E2.00474
G1 X78.204 Y101.699 E2.00942
G1 X78.186 Y101.765 E2.0141
G1 X78.235 Y101.814 E2.01884
G1 X78.301 Y101.796 E2.02352
;LAYER_CHANGE
;Z:10.55
;HEIGHT:0.3
G1 E.02352 F2400
G92 E0
G1 Z10.55 F7800
G1 X74.812 Y105.221
G1 E2 F2400
;TYPE:External perimeter
;WIDTH:0.583165
G1 F1800
G1 X74.784 Y105.216 E2.00184
G1 X74.765 Y105.124 E2.00792
;WIDTH:0.545178
G1 X74.746 Y105.032 E2.01355
;WIDTH:0.507191
G1 X74.746 Y84.968 E3.12168
;WIDTH:0.545178
G1 X74.765 Y84.876 E3.12731
;WIDTH:0.583165
G1 X74.784 Y84.784 E3.13339
G1 X74.876 Y84.765 E3.13947
;WIDTH:0.545178
G1 X74.968 Y84.746 E3.1451
;WIDTH:0.507191
G1 X95.032 Y84.746 E4.25323
;WIDTH:0.545178
G1 X95.124 Y84.765 E4.25886
;WIDTH:0.583165
G1 X95.216 Y84.784 E4.26494
G1 X95.235 Y84.876 E4.27102
;WIDTH:0.545178
G1 X95.254 Y84.968 E4.27665
;WIDTH:0.507191
G1 X95.254 Y105.032 E5.38478
;WIDTH:0.545178
G1 X95.235 Y105.124 E5.39041
;WIDTH:0.583165
G1 X95.216 Y105.216 E5.39649
G1 X95.124 Y105.235 E5.40257
;WIDTH:0.545178
G1 X95.032 Y105.254 E5.4082
;WIDTH:0.507191
G1 X74.968 Y105.254 E6.51633
;WIDTH:0.545178
G1 X74.876 Y105.235 E6.52196
;WIDTH:0.583165
G1 X74.871 Y105.233 E6.52231
G1 X74.748 Y104.853 F7800
G1 E4.52231 F2400
G92 E0
G1 X95.658 Y105.658 F7800
G1 E2 F2400
G1 F1800
G1 X95.345 Y105.677 E2.02029
;WIDTH:0.545178
G1 X95.032 Y105.696 E2.03909
;WIDTH:0.507191
G1 X74.968 Y105.696 E3.14722
;WIDTH:0.545178
G1 X74.655 Y105.677 E3.16602
;WIDTH:0.583165
G1 X74.342 Y105.658 E3.18631
G1 X74.323 Y105.345 E3.2066
;WIDTH:0.545178
G1 X74.304 Y105.032 E3.2254
;WIDTH:0.507191
G1 X74.304 Y84.968 E4.33353
;WIDTH:0.545178
G1 X74.323 Y84.655 E4.35233
;WIDTH:0.583165
G1 X74.342 Y84.342 E4.37262
G1 X74.655 Y84.323 E4.39291
;WIDTH:0.545178
G1 X74.968 Y84.304 E4.41171
;WIDTH:0.507191
G1 X95.032 Y84.304 E5.51984
;WIDTH:0.545178
G1 X95.345 Y84.323 E5.53864
;WIDTH:0.583165
G1 X95.658 Y84.342 E5.55893
G1 X95.658 Y84.601 E5.57569
G1 X95.677 Y84.784 E5.58759
;WIDTH:0.545178
G1 X95.696 Y84.968 E5.59868
;WIDTH:0.507191
G1 X95.696 Y105.032 E6.70681
;WIDTH:0.510546
G1 X95.695 Y105.109 E6.7111
;WIDTH:0.546855
G1 X95.677 Y105.384 E6.72768
;WIDTH:0.583165
G1 X95.662 Y105.599 E6.74163
G1 X95.271 Y105.68 F7800
G1 E4.74163 F2400
G92 E0
G1 X78.79 Y88.783 F7800
G1 E2 F2400
;TYPE:Perimeter
;WIDTH:0.45
G1 F2281
G1 X79.085 Y88.583 E2.01714
G1 X79.468 Y88.504 E2.03595
G1 X90.532 Y88.504 E2.56809
G1 X90.915 Y88.583 E2.5869
G1 X91.214 Y88.786 E2.60428
G1 X91.417 Y89.085 E2.62166
G1 X91.496 Y89.468 E2.64047
G1 X91.496 Y100.532 E3.17261
G1 X91.417 Y100.915 E3.19142
G1 X91.214 Y101.214 E3.2088
G1 X90.915 Y101.417 E3.22618
G1 X90.532 Y101.496 E3.24499
G1 X79.468 Y101.496 E3.77713
G1 X79.085 Y101.417 E3.79594
G1 X78.786 Y101.214 E3.81332
G1 X78.583 Y100.915 E3.8307
G1 X78.504 Y100.532 E3.84951
G1 X78.504 Y89.468 E4.38165
G1 X78.583 Y89.085 E4.40046
G1 X78.755 Y88.831 E4.41521
G1 X79.057 Y89.062 F7800
G1 F2281
G1 X79.059 Y89.059 E4.41538
G1 X79.238 Y88.937 E4.4258
G1 X79.468 Y88.889 E4.4371
G1 X90.532 Y88.889 E4.96924
G1 X90.762 Y88.937 E4.98054
G1 X90.941 Y89.059 E4.99096
G1 X91.063 Y89.238 E5.00138
G1 X91.111 Y89.468 E5.01268
G1 X91.111 Y100.532 E5.54482
G1 X91.063 Y100.762 E5.55612
G1 X90.941 Y100.941 E5.56654
G1 X90.762 Y101.063 E5.57696
G1 X90.532 Y101.111 E5.58826
G1 X79.468 Y101.111 E6.1204
G1 X79.238 Y101.063 E6.1317
G1 X79.059 Y100.941 E6.14212
G1 X78.937 Y100.762 E6.15254
G1 X78.889 Y100.532 E6.16384
G1 X78.889 Y89.468 E6.69598
G1 X78.937 Y89.238 E6.70728
G1 X79.023 Y89.111 E6.71466
G1 X79.338 Y89.329 F7800
;TYPE:External perimeter
G1 F1800
G1 X79.468 Y89.275 E6.72143
G1 X90.532 Y89.275 E7.25357
G1 X90.669 Y89.331 E7.26069
G1 X90.725 Y89.468 E7.26781
G1 X90.725 Y100.532 E7.79995
G1 X90.669 Y100.669 E7.80707
G1 X90.532 Y100.725 E7.81419
G1 X79.468 Y100.725 E8.34633
G1 X79.331 Y100.669 E8.35345
G1 X79.275 Y100.532 E8.36057
G1 X79.275 Y89.468 E8.89271
G1 X79.311 Y89.38 E8.89728
G1 X79.699 Y89.282 F7800
G1 E6.89728 F2400
G92 E0
G1 X92.504 Y102.504 F7800
G1 E2 F2400
;TYPE:Perimeter
G1 F2281
G1 X77.496 Y102.504 E2.72183
G1 X77.496 Y87.496 E3.44366
G1 X92.504 Y87.496 E4.16549
G1 X92.504 Y88.252 E4.20185
G1 X92.504 Y102.444 E4.88444
G1 X92.889 Y102.889 F7800
G1 F2281
G1 X77.111 Y102.889 E5.64331
G1 X77.111 Y87.111 E6.40218
G1 X92.889 Y87.111 E7.16105
G1 X92.889 Y88.252 E7.21593
G1 X92.889 Y102.829 E7.91703
G1 X93.275 Y103.275 F7800
;TYPE:External perimeter
G1 F1800
G1 X76.725 Y103.275 E8.71303
G1 X76.725 Y86.725 E9.50903
G1 X93.275 Y86.725 E10.30503
G1 X93.275 Y88.252 E10.37847
G1 X93.275 Y103.215 E11.09814
G1 X92.879 Y103.274 F7800
G1 E9.09814 F2400
G92 E0
G1 X77.796 Y89.67 F7800
G1 E2 F2400
;TYPE:Solid infill
;WIDTH:0.47174
G1 F2281
G1 X77.785 Y101.042 E2.57779
;WIDTH:0.45
G1 X77.785 Y102.215 E2.63421
G1 X78.954 Y102.215 E2.69043
;WIDTH:0.471739
G1 X91.042 Y102.215 E3.3046
;WIDTH:0.45
G1 X92.215 Y102.215 E3.36102
G1 X92.215 Y101.042 E3.41744
;WIDTH:0.47174
G1 X92.215 Y88.954 E4.03161
;WIDTH:0.45
G1 X92.215 Y87.785 E4.08783
G1 X91.046 Y87.785 E4.14405
;WIDTH:0.471738
G1 X78.958 Y87.785 E4.75821
;WIDTH:0.45
G1 X77.785 Y87.785 E4.81463
G1 X77.785 Y88.954 E4.87085
;WIDTH:0.471738
G1 X77.796 Y89.478 E4.89748
G1 E2.89748 F2400
G92 E0
G1 X78.235 Y101.681 F7800
G1 E2 F2400
;WIDTH:0.612971
G1 F2281
G1 X78.186 Y101.73 E2.00474
G1 X78.204 Y101.796 E2.00942
G1 X78.27 Y101.814 E2.0141
G1 X78.319 Y101.765 E2.01884
G1 X78.301 Y101.699 E2.02352
G1 E.02352 F2400
G92 E0
G1 X78.204 Y89.67 F7800
G1 E2 F2400
;WIDTH:0.47174
G1 F2281
G1 X78.204 Y100.528 E2.55167
G1 X78.305 Y100.989 E2.57565
;WIDTH:0.45
G1 X78.56 Y101.389 E2.59847
G1 X78.938 Y101.663 E2.62092
;WIDTH:0.471739
G1 X79.478 Y101.796 E2.64918
G1 X90.528 Y101.796 E3.21061
G1 X90.989 Y101.695 E3.23459
;WIDTH:0.45
G1 X91.389 Y101.44 E3.25741
G1 X91.665 Y101.058 E3.28008
;WIDTH:0.47174
G1 X91.796 Y100.528 E3.30782
G1 X91.796 Y89.478 E3.86925
G1 X91.692 Y89.008 E3.89371
;WIDTH:0.45
G1 X91.417 Y88.583 E3.91806
G1 X91.062 Y88.337 E3.93883
;WIDTH:0.471738
G1 X90.522 Y88.204 E3.96709
G1 X79.472 Y88.204 E4.52852
G1 X79.011 Y88.305 E4.5525
;WIDTH:0.45
G1 X78.611 Y88.56 E4.57532
G1 X78.337 Y88.938 E4.59777
;WIDTH:0.471738
G1 X78.204 Y89.478 E4.62603
G1 X78.301 Y88.204 F7800
;WIDTH:0.612969
G1 F2281
G1 X78.319 Y88.27 E4.63071
G1 X78.27 Y88.319 E4.63545
G1 X78.204 Y88.301 E4.64013
G1 X78.186 Y88.235 E4.64481
G1 X78.235 Y88.186 E4.64955
G1 E2.64955 F2400
G92 E0
G1 X91.73 Y88.186 F7800
G1 E2 F2400
G1 F2281
G1 X91.681 Y88.235 E2.00474
G1 X91.699 Y88.301 E2.00942
G1 X91.765 Y88.319 E2.0141
G1 X91.814 Y88.27 E2.01884
G1 X91.796 Y88.204 E2.02352
G1 E.02352 F2400
G92 E0
G1 X91.73 Y101.681 F7800
G1 E2 F2400
;WIDTH:0.612971
G1 F2281
G1 X91.681 Y101.73 E2.00474
G1 X91.699 Y101.796 E2.00942
G1 X91.765 Y101.814 E2.0141
G1 X91.814 Y101.765 E2.01884
G1 X91.796 Y101.699 E2.02352
;LAYER_CHANGE
;Z:10.85
;HEIGHT:0.3
G1 E.02352 F2400
G92 E0
G1 Z10.85 F7800
G1 X74.812 Y105.221
G1 E2 F2400
;TYPE:External perimeter
;WIDTH:0.583165
G1 F1800
G1 X74.784 Y105.216 E2.00184
G1 X74.765 Y105.124 E2.00792
;WIDTH:0.545178
G1 X74.746 Y105.032 E2.01355
;WIDTH:0.507191
G1 X74.746 Y84.968 E3.12168
;WIDTH:0.545178
G1 X74.765 Y84.876 E3.12731
;WIDTH:0.583165
G1 X74.784 Y84.784 E3.13339
G1 X74.876 Y84.765 E3.13947
;WIDTH:0.545178
G1 X74.968 Y84.746 E3.1451
;WIDTH:0.507191
G1 X95.032 Y84.746 E4.25323
;WIDTH:0.545178
G1 X95.124 Y84.765 E4.25886
;WIDTH:0.583165
G1 X95.216 Y84.784 E4.26494
G1 X95.235 Y84.876 E4.27102
;WIDTH:0.545178
G1 X95.254 Y84.968 E4.27665
;WIDTH:0.507191
G1 X95.254 Y105.032 E5.38478
;WIDTH:0.545178
G1 X95.235 Y105.124 E5.39041
;WIDTH:0.583165
G1 X95.216 Y105.216 E5.39649
G1 X95.124 Y105.235 E5.40257
;WIDTH:0.545178
G1 X95.032 Y105.254 E5.4082
;WIDTH:0.507191
G1 X74.968 Y105.254 E6.51633
;WIDTH:0.545178
G1 X74.876 Y105.235 E6.52196
;WIDTH:0.583165
G1 X74.871 Y105.233 E6.52231
G1 X74.748 Y104.853 F7800
G1 E4.52231 F2400
G92 E0
G1 X95.658 Y105.658 F7800
G1 E2 F2400
G1 F1800
G1 X95.345 Y105.677 E2.02029
;WIDTH:0.545178
G1 X95.032 Y105.696 E2.03909
;WIDTH:0.507191
G1 X74.968 Y105.696 E3.14722
;WIDTH:0.545178
G1 X74.655 Y105.677 E3.16602
;WIDTH:0.583165
G1 X74.342 Y105.658 E3.18631
G1 X74.323 Y105.345 E3.2066
;WIDTH:0.545178
G1 X74.304 Y105.032 E3.2254
;WIDTH:0.507191
G1 X74.304 Y84.968 E4.33353
;WIDTH:0.545178
G1 X74.323 Y84.655 E4.35233
;WIDTH:0.583165
G1 X74.342 Y84.342 E4.37262
G1 X74.655 Y84.323 E4.39291
;WIDTH:0.545178
G1 X74.968 Y84.304 E4.41171
;WIDTH:0.507191
G1 X95.032 Y84.304 E5.51984
;WIDTH:0.545178
G1 X95.345 Y84.323 E5.53864
;WIDTH:0.583165
G1 X95.658 Y84.342 E5.55893
G1 X95.658 Y84.601 E5.57569
G1 X95.677 Y84.784 E5.58759
;WIDTH:0.545178
G1 X95.696 Y84.968 E5.59868
;WIDTH:0.507191
G1 X95.696 Y105.032 E6.70681
;WIDTH:0.510546
G1 X95.695 Y105.109 E6.7111
;WIDTH:0.546855
G1 X95.677 Y105.384 E6.72768
;WIDTH:0.583165
G1 X95.662 Y105.599 E6.74163
G1 X95.271 Y105.68 F7800
G1 E4.74163 F2400
G92 E0
G1 X78.79 Y88.783 F7800
G1 E2 F2400
;TYPE:Perimeter
;WIDTH:0.45
G1 F2297
G1 X79.085 Y88.583 E2.01714
G1 X79.468 Y88.504 E2.03595
G1 X90.532 Y88.504 E2.56809
G1 X90.915 Y88.583 E2.5869
G1 X91.214 Y88.786 E2.60428
G1 X91.417 Y89.085 E2.62166
G1 X91.496 Y89.468 E2.64047
G1 X91.496 Y100.532 E3.17261
G1 X91.417 Y100.915 E3.19142
G1 X91.214 Y101.214 E3.2088
G1 X90.915 Y101.417 E3.22618
G1 X90.532 Y101.496 E3.24499
G1 X79.468 Y101.496 E3.77713
G1 X79.085 Y101.417 E3.79594
G1 X78.786 Y101.214 E3.81332
G1 X78.583 Y100.915 E3.8307
G1 X78.504 Y100.532 E3.84951
G1 X78.504 Y89.468 E4.38165
G1 X78.583 Y89.085 E4.40046
G1 X78.755 Y88.831 E4.41521
G1 X79.057 Y89.062 F7800
G1 F2297
G1 X79.059 Y89.059 E4.41538
G1 X79.238 Y88.937 E4.4258
G1 X79.468 Y88.889 E4.4371
G1 X90.532 Y88.889 E4.96924
G1 X90.762 Y88.937 E4.98054
G1 X90.941 Y89.059 E4.99096
G1 X91.063 Y89.238 E5.00138
G1 X91.111 Y89.468 E5.01268
G1 X91.111 Y100.532 E5.54482
G1 X91.063 Y100.762 E5.55612
G1 X90.941 Y100.941 E5.56654
G1 X90.762 Y101.063 E5.57696
G1 X90.532 Y101.111 E5.58826
G1 X79.468 Y101.111 E6.1204
G1 X79.238 Y101.063 E6.1317
G1 X79.059 Y100.941 E6.14212
G1 X78.937 Y100.762 E6.15254
G1 X78.889 Y100.532 E6.16384
G1 X78.889 Y89.468 E6.69598
G1 X78.937 Y89.238 E6.70728
G1 X79.023 Y89.111 E6.71466
G1 X79.338 Y89.329 F7800
;TYPE:External perimeter
G1 F1800
G1 X79.468 Y89.275 E6.72143
G1 X90.532 Y89.275 E7.25357
G1 X90.669 Y89.331 E7.26069
G1 X90.725 Y89.468 E7.26781
G1 X90.725 Y100.532 E7.79995
G1 X90.669 Y100.669 E7.80707
G1 X90.532 Y100.725 E7.81419
G1 X79.468 Y100.725 E8.34633
G1 X79.331 Y100.669 E8.35345
G1 X79.275 Y100.532 E8.36057
G1 X79.275 Y89.468 E8.89271
G1 X79.311 Y89.38 E8.89728
G1 X79.699 Y89.282 F7800
G1 E6.89728 F2400
G92 E0
G1 X92.504 Y102.504 F7800
G1 E2 F2400
;TYPE:Perimeter
G1 F2297
G1 X77.496 Y102.504 E2.72183
G1 X77.496 Y87.496 E3.44366
G1 X92.504 Y87.496 E4.16549
G1 X92.504 Y88.252 E4.20185
G1 X92.504 Y102.444 E4.88444
G1 X92.889 Y102.889 F7800
G1 F2297
G1 X77.111 Y102.889 E5.64331
G1 X77.111 Y87.111 E6.40218
G1 X92.889 Y87.111 E7.16105
G1 X92.889 Y88.252 E7.21593
G1 X92.889 Y102.829 E7.91703
G1 X93.275 Y103.275 F7800
;TYPE:External perimeter
G1 F1800
G1 X76.725 Y103.275 E8.71303
G1 X76.725 Y86.725 E9.50903
G1 X93.275 Y86.725 E10.30503
G1 X93.275 Y88.252 E10.37847
G1 X93.275 Y103.215 E11.09814
G1 X92.879 Y103.274 F7800
G1 E9.09814 F2400
G92 E0
G1 X90.33 Y87.796 F7800
G1 E2 F2400
;TYPE:Solid infill
;WIDTH:0.47174
G1 F2297
G1 X78.958 Y87.785 E2.57779
;WIDTH:0.45
G1 X77.785 Y87.785 E2.63421
G1 X77.785 Y88.954 E2.69043
;WIDTH:0.471738
G1 X77.785 Y101.042 E3.30459
;WIDTH:0.45
G1 X77.785 Y102.215 E3.36101
G1 X78.954 Y102.215 E3.41723
;WIDTH:0.471738
G1 X91.042 Y102.215 E4.03139
;WIDTH:0.45
G1 X92.215 Y102.215 E4.08781
G1 X92.215 Y101.042 E4.14423
;WIDTH:0.471739
G1 X92.215 Y88.954 E4.7584
;WIDTH:0.45
G1 X92.215 Y87.785 E4.81462
G1 X91.046 Y87.785 E4.87084
;WIDTH:0.471738
G1 X90.522 Y87.796 E4.89747
G1 E2.89747 F2400
G92 E0
G1 X78.319 Y88.235 F7800
G1 E2 F2400
;WIDTH:0.612969
G1 F2297
G1 X78.27 Y88.186 E2.00474
G1 X78.204 Y88.204 E2.00942
G1 X78.186 Y88.27 E2.0141
G1 X78.235 Y88.319 E2.01884
G1 X78.301 Y88.301 E2.02352
G1 E.02352 F2400
G92 E0
G1 X90.33 Y88.204 F7800
G1 E2 F2400
;WIDTH:0.47174
G1 F2297
G1 X79.472 Y88.204 E2.55167
G1 X79.011 Y88.305 E2.57565
;WIDTH:0.45
G1 X78.611 Y88.56 E2.59847
G1 X78.337 Y88.938 E2.62092
;WIDTH:0.471738
G1 X78.204 Y89.478 E2.64918
G1 X78.204 Y100.528 E3.21061
G1 X78.305 Y100.989 E3.23459
;WIDTH:0.45
G1 X78.56 Y101.389 E3.25741
G1 X78.938 Y101.663 E3.27986
;WIDTH:0.471738
G1 X79.478 Y101.796 E3.30812
G1 X90.528 Y101.796 E3.86955
G1 X90.989 Y101.695 E3.89353
;WIDTH:0.45
G1 X91.417 Y101.417 E3.91808
G1 X91.665 Y101.058 E3.93907
;WIDTH:0.471739
G1 X91.796 Y100.528 E3.96681
G1 X91.796 Y89.478 E4.52824
G1 X91.692 Y89.008 E4.5527
;WIDTH:0.45
G1 X91.44 Y88.611 E4.57532
G1 X91.062 Y88.337 E4.59777
;WIDTH:0.471738
G1 X90.522 Y88.204 E4.62603
G1 X91.796 Y88.301 F7800
;WIDTH:0.612969
G1 F2297
G1 X91.73 Y88.319 E4.63071
G1 X91.681 Y88.27 E4.63545
G1 X91.699 Y88.204 E4.64013
G1 X91.765 Y88.186 E4.64481
G1 X91.814 Y88.235 E4.64955
G1 E2.64955 F2400
G92 E0
G1 X91.814 Y101.73 F7800
G1 E2 F2400
;WIDTH:0.612972
G1 F2297
G1 X91.765 Y101.681 E2.00474
G1 X91.699 Y101.699 E2.00942
G1 X91.681 Y101.765 E2.0141
G1 X91.73 Y101.814 E2.01884
G1 X91.796 Y101.796 E2.02352
G1 E.02352 F2400
G92 E0
G1 X78.319 Y101.73 F7800
G1 E2 F2400
;WIDTH:0.612969
G1 F2297
G1 X78.27 Y101.681 E2.00474
G1 X78.204 Y101.699 E2.00942
G1 X78.186 Y101.765 E2.0141
G1 X78.235 Y101.814 E2.01884
G1 X78.301 Y101.796 E2.02352
;LAYER_CHANGE
;Z:11.15
;HEIGHT:0.299999
G1 E.02352 F2400
G92 E0
G1 Z11.15 F7800
G1 X74.812 Y105.221
G1 E2 F2400
;TYPE:External perimeter
;WIDTH:0.583165
G1 F1800
G1 X74.784 Y105.216 E2.00184
G1 X74.765 Y105.124 E2.00792
;WIDTH:0.545178
G1 X74.746 Y105.032 E2.01355
;WIDTH:0.507191
G1 X74.746 Y84.968 E3.12168
;WIDTH:0.545178
G1 X74.765 Y84.876 E3.12731
;WIDTH:0.583165
G1 X74.784 Y84.784 E3.13339
G1 X74.876 Y84.765 E3.13947
;WIDTH:0.545178
G1 X74.968 Y84.746 E3.1451
;WIDTH:0.507191
G1 X95.032 Y84.746 E4.25323
;WIDTH:0.545178
G1 X95.124 Y84.765 E4.25886
;WIDTH:0.583165
G1 X95.216 Y84.784 E4.26494
G1 X95.235 Y84.876 E4.27102
;WIDTH:0.545178
G1 X95.254 Y84.968 E4.27665
;WIDTH:0.507191
G1 X95.254 Y105.032 E5.38478
;WIDTH:0.545178
G1 X95.235 Y105.124 E5.39041
;WIDTH:0.583165
G1 X95.216 Y105.216 E5.39649
G1 X95.124 Y105.235 E5.40257
;WIDTH:0.545178
G1 X95.032 Y105.254 E5.4082
;WIDTH:0.507191
G1 X74.968 Y105.254 E6.51633
;WIDTH:0.545178
G1 X74.876 Y105.235 E6.52196
;WIDTH:0.583165
G1 X74.871 Y105.233 E6.52231
G1 X74.748 Y104.853 F7800
G1 E4.52231 F2400
G92 E0
G1 X95.658 Y105.658 F7800
G1 E2 F2400
G1 F1800
G1 X95.345 Y105.677 E2.02029
;WIDTH:0.545178
G1 X95.032 Y105.696 E2.03909
;WIDTH:0.507191
G1 X74.968 Y105.696 E3.14722
;WIDTH:0.545178
G1 X74.655 Y105.677 E3.16602
;WIDTH:0.583165
G1 X74.342 Y105.658 E3.18631
G1 X74.323 Y105.345 E3.2066
;WIDTH:0.545178
G1 X74.304 Y105.032 E3.2254
;WIDTH:0.507191
G1 X74.304 Y84.968 E4.33353
;WIDTH:0.545178
G1 X74.323 Y84.655 E4.35233
;WIDTH:0.583165
G1 X74.342 Y84.342 E4.37262
G1 X74.655 Y84.323 E4.39291
;WIDTH:0.545178
G1 X74.968 Y84.304 E4.41171
;WIDTH:0.507191
G1 X95.032 Y84.304 E5.51984
;WIDTH:0.545178
G1 X95.345 Y84.323 E5.53864
;WIDTH:0.583165
G1 X95.658 Y84.342 E5.55893
G1 X95.658 Y84.601 E5.57569
G1 X95.677 Y84.784 E5.58759
;WIDTH:0.545178
G1 X95.696 Y84.968 E5.59868
;WIDTH:0.507191
G1 X95.696 Y105.032 E6.70681
;WIDTH:0.510546
G1 X95.695 Y105.109 E6.7111
;WIDTH:0.546855
G1 X95.677 Y105.384 E6.72768
;WIDTH:0.583165
G1 X95.662 Y105.599 E6.74163
G1 X95.271 Y105.68 F7800
G1 E4.74163 F2400
G92 E0
G1 X78.79 Y88.783 F7800
G1 E2 F2400
;TYPE:Perimeter
;WIDTH:0.45
G1 F2281
G1 X79.085 Y88.583 E2.01714
G1 X79.468 Y88.504 E2.03595
G1 X90.532 Y88.504 E2.56809
G1 X90.915 Y88.583 E2.5869
G1 X91.214 Y88.786 E2.60428
G1 X91.417 Y89.085 E2.62166
G1 X91.496 Y89.468 E2.64047
G1 X91.496 Y100.532 E3.17261
G1 X91.417 Y100.915 E3.19142
G1 X91.214 Y101.214 E3.2088
G1 X90.915 Y101.417 E3.22618
G1 X90.532 Y101.496 E3.24499
G1 X79.468 Y101.496 E3.77713
G1 X79.085 Y101.417 E3.79594
G1 X78.786 Y101.214 E3.81332
G1 X78.583 Y100.915 E3.8307
G1 X78.504 Y100.532 E3.84951
G1 X78.504 Y89.468 E4.38165
G1 X78.583 Y89.085 E4.40046
G1 X78.755 Y88.831 E4.41521
G1 X79.057 Y89.062 F7800
G1 F2281
G1 X79.059 Y89.059 E4.41538
G1 X79.238 Y88.937 E4.4258
G1 X79.468 Y88.889 E4.4371
G1 X90.532 Y88.889 E4.96924
G1 X90.762 Y88.937 E4.98054
G1 X90.941 Y89.059 E4.99096
G1 X91.063 Y89.238 E5.00138
G1 X91.111 Y89.468 E5.01268
G1 X91.111 Y100.532 E5.54482
G1 X91.063 Y100.762 E5.55612
G1 X90.941 Y100.941 E5.56654
G1 X90.762 Y101.063 E5.57696
G1 X90.532 Y101.111 E5.58826
G1 X79.468 Y101.111 E6.1204
G1 X79.238 Y101.063 E6.1317
G1 X79.059 Y100.941 E6.14212
G1 X78.937 Y100.762 E6.15254
G1 X78.889 Y100.532 E6.16384
G1 X78.889 Y89.468 E6.69598
G1 X78.937 Y89.238 E6.70728
G1 X79.023 Y89.111 E6.71466
G1 X79.338 Y89.329 F7800
;TYPE:External perimeter
G1 F1800
G1 X79.468 Y89.275 E6.72143
G1 X90.532 Y89.275 E7.25357
G1 X90.669 Y89.331 E7.26069
G1 X90.725 Y89.468 E7.26781
G1 X90.725 Y100.532 E7.79995
G1 X90.669 Y100.669 E7.80707
G1 X90.532 Y100.725 E7.81419
G1 X79.468 Y100.725 E8.34633
G1 X79.331 Y100.669 E8.35345
G1 X79.275 Y100.532 E8.36057
G1 X79.275 Y89.468 E8.89271
G1 X79.311 Y89.38 E8.89728
G1 X79.699 Y89.282 F7800
G1 E6.89728 F2400
G92 E0
G1 X92.504 Y102.504 F7800
G1 E2 F2400
;TYPE:Perimeter
G1 F2281
G1 X77.496 Y102.504 E2.72183
G1 X77.496 Y87.496 E3.44366
G1 X92.504 Y87.496 E4.16549
G1 X92.504 Y88.252 E4.20185
G1 X92.504 Y102.444 E4.88444
G1 X92.889 Y102.889 F7800
G1 F2281
G1 X77.111 Y102.889 E5.64331
G1 X77.111 Y87.111 E6.40218
G1 X92.889 Y87.111 E7.16105
G1 X92.889 Y88.252 E7.21593
G1 X92.889 Y102.829 E7.91703
G1 X93.275 Y103.275 F7800
;TYPE:External perimeter
G1 F1800
G1 X76.725 Y103.275 E8.71303
G1 X76.725 Y86.725 E9.50903
G1 X93.275 Y86.725 E10.30503
G1 X93.275 Y88.252 E10.37847
G1 X93.275 Y103.215 E11.09814
G1 X92.879 Y103.274 F7800
G1 E9.09814 F2400
G92 E0
G1 X77.796 Y89.67 F7800
G1 E2 F2400
;TYPE:Solid infill
;WIDTH:0.47174
G1 F2281
G1 X77.785 Y101.042 E2.57779
;WIDTH:0.45
G1 X77.785 Y102.215 E2.63421
G1 X78.954 Y102.215 E2.69043
;WIDTH:0.471739
G1 X91.042 Y102.215 E3.3046
;WIDTH:0.45
G1 X92.215 Y102.215 E3.36102
G1 X92.215 Y101.042 E3.41744
;WIDTH:0.47174
G1 X92.215 Y88.954 E4.03161
;WIDTH:0.45
G1 X92.215 Y87.785 E4.08783
G1 X91.046 Y87.785 E4.14405
;WIDTH:0.471738
G1 X78.958 Y87.785 E4.75821
;WIDTH:0.45
G1 X77.785 Y87.785 E4.81463
G1 X77.785 Y88.954 E4.87085
;WIDTH:0.471738
G1 X77.796 Y89.478 E4.89748
G1 E2.89748 F2400
G92 E0
G1 X78.235 Y101.681 F7800
G1 E2 F2400
;WIDTH:0.612971
G1 F2281
G1 X78.186 Y101.73 E2.00474
G1 X78.204 Y101.796 E2.00942
G1 X78.27 Y101.814 E2.0141
G1 X78.319 Y101.765 E2.01884
G1 X78.301 Y101.699 E2.02352
G1 E.02352 F2400
G92 E0
G1 X78.204 Y89.67 F7800
G1 E2 F2400
;WIDTH:0.47174
G1 F2281
G1 X78.204 Y100.528 E2.55167
G1 X78.305 Y100.989 E2.57565
;WIDTH:0.45
G1 X78.56 Y101.389 E2.59847
G1 X78.938 Y101.663 E2.62092
;WIDTH:0.471739
G1 X79.478 Y101.796 E2.64918
G1 X90.528 Y101.796 E3.21061
G1 X90.989 Y101.695 E3.23459
;WIDTH:0.45
G1 X91.389 Y101.44 E3.25741
G1 X91.665 Y101.058 E3.28008
;WIDTH:0.47174
G1 X91.796 Y100.528 E3.30782
G1 X91.796 Y89.478 E3.86925
G1 X91.692 Y89.008 E3.89371
;WIDTH:0.45
G1 X91.417 Y88.583 E3.91806
G1 X91.062 Y88.337 E3.93883
;WIDTH:0.471738
G1 X90.522 Y88.204 E3.96709
G1 X79.472 Y88.204 E4.52852
G1 X79.011 Y88.305 E4.5525
;WIDTH:0.45
G1 X78.611 Y88.56 E4.57532
G1 X78.337 Y88.938 E4.59777
;WIDTH:0.471738
G1 X78.204 Y89.478 E4.62603
G1 X78.301 Y88.204 F7800
;WIDTH:0.612969
G1 F2281
G1 X78.319 Y88.27 E4.63071
G1 X78.27 Y88.319 E4.63545
G1 X78.204 Y88.301 E4.64013
G1 X78.186 Y88.235 E4.64481
G1 X78.235 Y88.186 E4.64955
G1 E2.64955 F2400
G92 E0
G1 X91.73 Y88.186 F7800
G1 E2 F2400
G1 F2281
G1 X91.681 Y88.235 E2.00474
G1 X91.699 Y88.301 E2.00942
G1 X91.765 Y88.319 E2.0141
G1 X91.814 Y88.27 E2.01884
G1 X91.796 Y88.204 E2.02352
G1 E.02352 F2400
G92 E0
G1 X91.73 Y101.681 F7800
G1 E2 F2400
;WIDTH:0.612971
G1 F2281
G1 X91.681 Y101.73 E2.00474
G1 X91.699 Y101.796 E2.00942
G1 X91.765 Y101.814 E2.0141
G1 X91.814 Y101.765 E2.01884
G1 X91.796 Y101.699 E2.02352
;LAYER_CHANGE
;Z:11.45
;HEIGHT:0.3
G1 E.02352 F2400
G92 E0
G1 Z11.45 F7800
G1 X74.812 Y105.221
G1 E2 F2400
;TYPE:External perimeter
;WIDTH:0.583165
G1 F1800
G1 X74.784 Y105.216 E2.00184
G1 X74.765 Y105.124 E2.00792
;WIDTH:0.545178
G1 X74.746 Y105.032 E2.01355
;WIDTH:0.507191
G1 X74.746 Y84.968 E3.12168
;WIDTH:0.545178
G1 X74.765 Y84.876 E3.12731
;WIDTH:0.583165
G1 X74.784 Y84.784 E3.13339
G1 X74.876 Y84.765 E3.13947
;WIDTH:0.545178
G1 X74.968 Y84.746 E3.1451
;WIDTH:0.507191
G1 X95.032 Y84.746 E4.25323
;WIDTH:0.545178
G1 X95.124 Y84.765 E4.25886
;WIDTH:0.583165
G1 X95.216 Y84.784 E4.26494
G1 X95.235 Y84.876 E4.27102
;WIDTH:0.545178
G1 X95.254 Y84.968 E4.27665
;WIDTH:0.507191
G1 X95.254 Y105.032 E5.38478
;WIDTH:0.545178
G1 X95.235 Y105.124 E5.39041
;WIDTH:0.583165
G1 X95.216 Y105.216 E5.39649
G1 X95.124 Y105.235 E5.40257
;WIDTH:0.545178
G1 X95.032 Y105.254 E5.4082
;WIDTH:0.507191
G1 X74.968 Y105.254 E6.51633
;WIDTH:0.545178
G1 X74.876 Y105.235 E6.52196
;WIDTH:0.583165
G1 X74.871 Y105.233 E6.52231
G1 X74.748 Y104.853 F7800
G1 E4.52231 F2400
G92 E0
G1 X95.658 Y105.658 F7800
G1 E2 F2400
G1 F1800
G1 X95.345 Y105.677 E2.02029
;WIDTH:0.545178
G1 X95.032 Y105.696 E2.03909
;WIDTH:0.507191
G1 X74.968 Y105.696 E3.14722
;WIDTH:0.545178
G1 X74.655 Y105.677 E3.16602
;WIDTH:0.583165
G1 X74.342 Y105.658 E3.18631
G1 X74.323 Y105.345 E3.2066
;WIDTH:0.545178
G1 X74.304 Y105.032 E3.2254
;WIDTH:0.507191
G1 X74.304 Y84.968 E4.33353
;WIDTH:0.545178
G1 X74.323 Y84.655 E4.35233
;WIDTH:0.583165
G1 X74.342 Y84.342 E4.37262
G1 X74.655 Y84.323 E4.39291
;WIDTH:0.545178
G1 X74.968 Y84.304 E4.41171
;WIDTH:0.507191
G1 X95.032 Y84.304 E5.51984
;WIDTH:0.545178
G1 X95.345 Y84.323 E5.53864
;WIDTH:0.583165
G1 X95.658 Y84.342 E5.55893
G1 X95.658 Y84.601 E5.57569
G1 X95.677 Y84.784 E5.58759
;WIDTH:0.545178
G1 X95.696 Y84.968 E5.59868
;WIDTH:0.507191
G1 X95.696 Y105.032 E6.70681
;WIDTH:0.510546
G1 X95.695 Y105.109 E6.7111
;WIDTH:0.546855
G1 X95.677 Y105.384 E6.72768
;WIDTH:0.583165
G1 X95.662 Y105.599 E6.74163
G1 X95.271 Y105.68 F7800
G1 E4.74163 F2400
G92 E0
G1 X78.79 Y88.783 F7800
G1 E2 F2400
;TYPE:Perimeter
;WIDTH:0.45
G1 F2297
G1 X79.085 Y88.583 E2.01714
G1 X79.468 Y88.504 E2.03595
G1 X90.532 Y88.504 E2.56809
G1 X90.915 Y88.583 E2.5869
G1 X91.214 Y88.786 E2.60428
G1 X91.417 Y89.085 E2.62166
G1 X91.496 Y89.468 E2.64047
G1 X91.496 Y100.532 E3.17261
G1 X91.417 Y100.915 E3.19142
G1 X91.214 Y101.214 E3.2088
G1 X90.915 Y101.417 E3.22618
G1 X90.532 Y101.496 E3.24499
G1 X79.468 Y101.496 E3.77713
G1 X79.085 Y101.417 E3.79594
G1 X78.786 Y101.214 E3.81332
G1 X78.583 Y100.915 E3.8307
G1 X78.504 Y100.532 E3.84951
G1 X78.504 Y89.468 E4.38165
G1 X78.583 Y89.085 E4.40046
G1 X78.755 Y88.831 E4.41521
G1 X79.057 Y89.062 F7800
G1 F2297
G1 X79.059 Y89.059 E4.41538
G1 X79.238 Y88.937 E4.4258
G1 X79.468 Y88.889 E4.4371
G1 X90.532 Y88.889 E4.96924
G1 X90.762 Y88.937 E4.98054
G1 X90.941 Y89.059 E4.99096
G1 X91.063 Y89.238 E5.00138
G1 X91.111 Y89.468 E5.01268
G1 X91.111 Y100.532 E5.54482
G1 X91.063 Y100.762 E5.55612
G1 X90.941 Y100.941 E5.56654
G1 X90.762 Y101.063 E5.57696
G1 X90.532 Y101.111 E5.58826
G1 X79.468 Y101.111 E6.1204
G1 X79.238 Y101.063 E6.1317
G1 X79.059 Y100.941 E6.14212
G1 X78.937 Y100.762 E6.15254
G1 X78.889 Y100.532 E6.16384
G1 X78.889 Y89.468 E6.69598
G1 X78.937 Y89.238 E6.70728
G1 X79.023 Y89.111 E6.71466
G1 X79.338 Y89.329 F7800
;TYPE:External perimeter
G1 F1800
G1 X79.468 Y89.275 E6.72143
G1 X90.532 Y89.275 E7.25357
G1 X90.669 Y89.331 E7.26069
G1 X90.725 Y89.468 E7.26781
G1 X90.725 Y100.532 E7.79995
G1 X90.669 Y100.669 E7.80707
G1 X90.532 Y100.725 E7.81419
G1 X79.468 Y100.725 E8.34633
G1 X79.331 Y100.669 E8.35345
G1 X79.275 Y100.532 E8.36057
G1 X79.275 Y89.468 E8.89271
G1 X79.311 Y89.38 E8.89728
G1 X79.699 Y89.282 F7800
G1 E6.89728 F2400
G92 E0
G1 X92.504 Y102.504 F7800
G1 E2 F2400
;TYPE:Perimeter
G1 F2297
G1 X77.496 Y102.504 E2.72183
G1 X77.496 Y87.496 E3.44366
G1 X92.504 Y87.496 E4.16549
G1 X92.504 Y88.252 E4.20185
G1 X92.504 Y102.444 E4.88444
G1 X92.889 Y102.889 F7800
G1 F2297
G1 X77.111 Y102.889 E5.64331
G1 X77.111 Y87.111 E6.40218
G1 X92.889 Y87.111 E7.16105
G1 X92.889 Y88.252 E7.21593
G1 X92.889 Y102.829 E7.91703
G1 X93.275 Y103.275 F7800
;TYPE:External perimeter
G1 F1800
G1 X76.725 Y103.275 E8.71303
G1 X76.725 Y86.725 E9.50903
G1 X93.275 Y86.725 E10.30503
G1 X93.275 Y88.252 E10.37847
G1 X93.275 Y103.215 E11.09814
G1 X92.879 Y103.274 F7800
G1 E9.09814 F2400
G92 E0
G1 X90.33 Y87.796 F7800
G1 E2 F2400
;TYPE:Solid infill
;WIDTH:0.47174
G1 F2297
G1 X78.958 Y87.785 E2.57779
;WIDTH:0.45
G1 X77.785 Y87.785 E2.63421
G1 X77.785 Y88.954 E2.69043
;WIDTH:0.471738
G1 X77.785 Y101.042 E3.30459
;WIDTH:0.45
G1 X77.785 Y102.215 E3.36101
G1 X78.954 Y102.215 E3.41723
;WIDTH:0.471738
G1 X91.042 Y102.215 E4.03139
;WIDTH:0.45
G1 X92.215 Y102.215 E4.08781
G1 X92.215 Y101.042 E4.14423
;WIDTH:0.471739
G1 X92.215 Y88.954 E4.7584
;WIDTH:0.45
G1 X92.215 Y87.785 E4.81462
G1 X91.046 Y87.785 E4.87084
;WIDTH:0.471738
G1 X90.522 Y87.796 E4.89747
G1 E2.89747 F2400
G92 E0
G1 X78.319 Y88.235 F7800
G1 E2 F2400
;WIDTH:0.612969
G1 F2297
G1 X78.27 Y88.186 E2.00474
G1 X78.204 Y88.204 E2.00942
G1 X78.186 Y88.27 E2.0141
G1 X78.235 Y88.319 E2.01884
G1 X78.301 Y88.301 E2.02352
G1 E.02352 F2400
G92 E0
G1 X90.33 Y88.204 F7800
G1 E2 F2400
;WIDTH:0.47174
G1 F2297
G1 X79.472 Y88.204 E2.55167
G1 X79.011 Y88.305 E2.57565
;WIDTH:0.45
G1 X78.611 Y88.56 E2.59847
G1 X78.337 Y88.938 E2.62092
;WIDTH:0.471738
G1 X78.204 Y89.478 E2.64918
G1 X78.204 Y100.528 E3.21061
G1 X78.305 Y100.989 E3.23459
;WIDTH:0.45
G1 X78.56 Y101.389 E3.25741
G1 X78.938 Y101.663 E3.27986
;WIDTH:0.471738
G1 X79.478 Y101.796 E3.30812
G1 X90.528 Y101.796 E3.86955
G1 X90.989 Y101.695 E3.89353
;WIDTH:0.45
G1 X91.417 Y101.417 E3.91808
G1 X91.665 Y101.058 E3.93907
;WIDTH:0.471739
G1 X91.796 Y100.528 E3.96681
G1 X91.796 Y89.478 E4.52824
G1 X91.692 Y89.008 E4.5527
;WIDTH:0.45
G1 X91.44 Y88.611 E4.57532
G1 X91.062 Y88.337 E4.59777
;WIDTH:0.471738
G1 X90.522 Y88.204 E4.62603
G1 X91.796 Y88.301 F7800
;WIDTH:0.612969
G1 F2297
G1 X91.73 Y88.319 E4.63071
G1 X91.681 Y88.27 E4.63545
G1 X91.699 Y88.204 E4.64013
G1 X91.765 Y88.186 E4.64481
G1 X91.814 Y88.235 E4.64955
G1 E2.64955 F2400
G92 E0
G1 X91.814 Y101.73 F7800
G1 E2 F2400
;WIDTH:0.612972
G1 F2297
G1 X91.765 Y101.681 E2.00474
G1 X91.699 Y101.699 E2.00942
G1 X91.681 Y101.765 E2.0141
G1 X91.73 Y101.814 E2.01884
G1 X91.796 Y101.796 E2.02352
G1 E.02352 F2400
G92 E0
G1 X78.319 Y101.73 F7800
G1 E2 F2400
;WIDTH:0.612969
G1 F2297
G1 X78.27 Y101.681 E2.00474
G1 X78.204 Y101.699 E2.00942
G1 X78.186 Y101.765 E2.0141
G1 X78.235 Y101.814 E2.01884
G1 X78.301 Y101.796 E2.02352
;LAYER_CHANGE
;Z:11.75
;HEIGHT:0.3
G1 E.02352 F2400
G92 E0
G1 Z11.75 F7800
G1 X74.812 Y105.221
G1 E2 F2400
;TYPE:External perimeter
;WIDTH:0.583165
G1 F1800
G1 X74.784 Y105.216 E2.00184
G1 X74.765 Y105.124 E2.00792
;WIDTH:0.545178
G1 X74.746 Y105.032 E2.01355
;WIDTH:0.507191
G1 X74.746 Y84.968 E3.12168
;WIDTH:0.545178
G1 X74.765 Y84.876 E3.12731
;WIDTH:0.583165
G1 X74.784 Y84.784 E3.13339
G1 X74.876 Y84.765 E3.13947
;WIDTH:0.545178
G1 X74.968 Y84.746 E3.1451
;WIDTH:0.507191
G1 X95.032 Y84.746 E4.25323
;WIDTH:0.545178
G1 X95.124 Y84.765 E4.25886
;WIDTH:0.583165
G1 X95.216 Y84.784 E4.26494
G1 X95.235 Y84.876 E4.27102
;WIDTH:0.545178
G1 X95.254 Y84.968 E4.27665
;WIDTH:0.507191
G1 X95.254 Y105.032 E5.38478
;WIDTH:0.545178
G1 X95.235 Y105.124 E5.39041
;WIDTH:0.583165
G1 X95.216 Y105.216 E5.39649
G1 X95.124 Y105.235 E5.40257
;WIDTH:0.545178
G1 X95.032 Y105.254 E5.4082
;WIDTH:0.507191
G1 X74.968 Y105.254 E6.51633
;WIDTH:0.545178
G1 X74.876 Y105.235 E6.52196
;WIDTH:0.583165
G1 X74.871 Y105.233 E6.52231
G1 X74.748 Y104.853 F7800
G1 E4.52231 F2400
G92 E0
G1 X95.658 Y105.658 F7800
G1 E2 F2400
G1 F1800
G1 X95.345 Y105.677 E2.02029
;WIDTH:0.545178
G1 X95.032 Y105.696 E2.03909
;WIDTH:0.507191
G1 X74.968 Y105.696 E3.14722
;WIDTH:0.545178
G1 X74.655 Y105.677 E3.16602
;WIDTH:0.583165
G1 X74.342 Y105.658 E3.18631
G1 X74.323 Y105.345 E3.2066
;WIDTH:0.545178
G1 X74.304 Y105.032 E3.2254
;WIDTH:0.507191
G1 X74.304 Y84.968 E4.33353
;WIDTH:0.545178
G1 X74.323 Y84.655 E4.35233
;WIDTH:0.583165
G1 X74.342 Y84.342 E4.37262
G1 X74.655 Y84.323 E4.39291
;WIDTH:0.545178
G1 X74.968 Y84.304 E4.41171
;WIDTH:0.507191
G1 X95.032 Y84.304 E5.51984
;WIDTH:0.545178
G1 X95.345 Y84.323 E5.53864
;WIDTH:0.583165
G1 X95.658 Y84.342 E5.55893
G1 X95.658 Y84.601 E5.57569
G1 X95.677 Y84.784 E5.58759
;WIDTH:0.545178
G1 X95.696 Y84.968 E5.59868
;WIDTH:0.507191
G1 X95.696 Y105.032 E6.70681
;WIDTH:0.510546
G1 X95.695 Y105.109 E6.7111
;WIDTH:0.546855
G1 X95.677 Y105.384 E6.72768
;WIDTH:0.583165
G1 X95.662 Y105.599 E6.74163
G1 X95.271 Y105.68 F7800
G1 E4.74163 F2400
G92 E0
G1 X78.79 Y88.783 F7800
G1 E2 F2400
;TYPE:Perimeter
;WIDTH:0.45
G1 F2281
G1 X79.085 Y88.583 E2.01714
G1 X79.468 Y88.504 E2.03595
G1 X90.532 Y88.504 E2.56809
G1 X90.915 Y88.583 E2.5869
G1 X91.214 Y88.786 E2.60428
G1 X91.417 Y89.085 E2.62166
G1 X91.496 Y89.468 E2.64047
G1 X91.496 Y100.532 E3.17261
G1 X91.417 Y100.915 E3.19142
G1 X91.214 Y101.214 E3.2088
G1 X90.915 Y101.417 E3.22618
G1 X90.532 Y101.496 E3.24499
G1 X79.468 Y101.496 E3.77713
G1 X79.085 Y101.417 E3.79594
G1 X78.786 Y101.214 E3.81332
G1 X78.583 Y100.915 E3.8307
G1 X78.504 Y100.532 E3.84951
G1 X78.504 Y89.468 E4.38165
G1 X78.583 Y89.085 E4.40046
G1 X78.755 Y88.831 E4.41521
G1 X79.057 Y89.062 F7800
G1 F2281
G1 X79.059 Y89.059 E4.41538
G1 X79.238 Y88.937 E4.4258
G1 X79.468 Y88.889 E4.4371
G1 X90.532 Y88.889 E4.96924
G1 X90.762 Y88.937 E4.98054
G1 X90.941 Y89.059 E4.99096
G1 X91.063 Y89.238 E5.00138
G1 X91.111 Y89.468 E5.01268
G1 X91.111 Y100.532 E5.54482
G1 X91.063 Y100.762 E5.55612
G1 X90.941 Y100.941 E5.56654
G1 X90.762 Y101.063 E5.57696
G1 X90.532 Y101.111 E5.58826
G1 X79.468 Y101.111 E6.1204
G1 X79.238 Y101.063 E6.1317
G1 X79.059 Y100.941 E6.14212
G1 X78.937 Y100.762 E6.15254
G1 X78.889 Y100.532 E6.16384
G1 X78.889 Y89.468 E6.69598
G1 X78.937 Y89.238 E6.70728
G1 X79.023 Y89.111 E6.71466
G1 X79.338 Y89.329 F7800
;TYPE:External perimeter
G1 F1800
G1 X79.468 Y89.275 E6.72143
G1 X90.532 Y89.275 E7.25357
G1 X90.669 Y89.331 E7.26069
G1 X90.725 Y89.468 E7.26781
G1 X90.725 Y100.532 E7.79995
G1 X90.669 Y100.669 E7.80707
G1 X90.532 Y100.725 E7.81419
G1 X79.468 Y100.725 E8.34633
G1 X79.331 Y100.669 E8.35345
G1 X79.275 Y100.532 E8.36057
G1 X79.275 Y89.468 E8.89271
G1 X79.311 Y89.38 E8.89728
G1 X79.699 Y89.282 F7800
G1 E6.89728 F2400
G92 E0
G1 X92.504 Y102.504 F7800
G1 E2 F2400
;TYPE:Perimeter
G1 F2281
G1 X77.496 Y102.504 E2.72183
G1 X77.496 Y87.496 E3.44366
G1 X92.504 Y87.496 E4.16549
G1 X92.504 Y88.252 E4.20185
G1 X92.504 Y102.444 E4.88444
G1 X92.889 Y102.889 F7800
G1 F2281
G1 X77.111 Y102.889 E5.64331
G1 X77.111 Y87.111 E6.40218
G1 X92.889 Y87.111 E7.16105
G1 X92.889 Y88.252 E7.21593
G1 X92.889 Y102.829 E7.91703
G1 X93.275 Y103.275 F7800
;TYPE:External perimeter
G1 F1800
G1 X76.725 Y103.275 E8.71303
G1 X76.725 Y86.725 E9.50903
G1 X93.275 Y86.725 E10.30503
G1 X93.275 Y88.252 E10.37847
G1 X93.275 Y103.215 E11.09814
G1 X92.879 Y103.274 F7800
G1 E9.09814 F2400
G92 E0
G1 X77.796 Y89.67 F7800
G1 E2 F2400
;TYPE:Solid infill
;WIDTH:0.47174
G1 F2281
G1 X77.785 Y101.042 E2.57779
;WIDTH:0.45
G1 X77.785 Y102.215 E2.63421
G1 X78.954 Y102.215 E2.69043
;WIDTH:0.471739
G1 X91.042 Y102.215 E3.3046
;WIDTH:0.45
G1 X92.215 Y102.215 E3.36102
G1 X92.215 Y101.042 E3.41744
;WIDTH:0.47174
G1 X92.215 Y88.954 E4.03161
;WIDTH:0.45
G1 X92.215 Y87.785 E4.08783
G1 X91.046 Y87.785 E4.14405
;WIDTH:0.471738
G1 X78.958 Y87.785 E4.75821
;WIDTH:0.45
G1 X77.785 Y87.785 E4.81463
G1 X77.785 Y88.954 E4.87085
;WIDTH:0.471738
G1 X77.796 Y89.478 E4.89748
G1 E2.89748 F2400
G92 E0
G1 X78.235 Y101.681 F7800
G1 E2 F2400
;WIDTH:0.612971
G1 F2281
G1 X78.186 Y101.73 E2.00474
G1 X78.204 Y101.796 E2.00942
G1 X78.27 Y101.814 E2.0141
G1 X78.319 Y101.765 E2.01884
G1 X78.301 Y101.699 E2.02352
G1 E.02352 F2400
G92 E0
G1 X78.204 Y89.67 F7800
G1 E2 F2400
;WIDTH:0.47174
G1 F2281
G1 X78.204 Y100.528 E2.55167
G1 X78.305 Y100.989 E2.57565
;WIDTH:0.45
G1 X78.56 Y101.389 E2.59847
G1 X78.938 Y101.663 E2.62092
;WIDTH:0.471739
G1 X79.478 Y101.796 E2.64918
G1 X90.528 Y101.796 E3.21061
G1 X90.989 Y101.695 E3.23459
;WIDTH:0.45
G1 X91.389 Y101.44 E3.25741
G1 X91.665 Y101.058 E3.28008
;WIDTH:0.47174
G1 X91.796 Y100.528 E3.30782
G1 X91.796 Y89.478 E3.86925
G1 X91.692 Y89.008 E3.89371
;WIDTH:0.45
G1 X91.417 Y88.583 E3.91806
G1 X91.062 Y88.337 E3.93883
;WIDTH:0.471738
G1 X90.522 Y88.204 E3.96709
G1 X79.472 Y88.204 E4.52852
G1 X79.011 Y88.305 E4.5525
;WIDTH:0.45
G1 X78.611 Y88.56 E4.57532
G1 X78.337 Y88.938 E4.59777
;WIDTH:0.471738
G1 X78.204 Y89.478 E4.62603
G1 X78.301 Y88.204 F7800
;WIDTH:0.612969
G1 F2281
G1 X78.319 Y88.27 E4.63071
G1 X78.27 Y88.319 E4.63545
G1 X78.204 Y88.301 E4.64013
G1 X78.186 Y88.235 E4.64481
G1 X78.235 Y88.186 E4.64955
G1 E2.64955 F2400
G92 E0
G1 X91.73 Y88.186 F7800
G1 E2 F2400
G1 F2281
G1 X91.681 Y88.235 E2.00474
G1 X91.699 Y88.301 E2.00942
G1 X91.765 Y88.319 E2.0141
G1 X91.814 Y88.27 E2.01884
G1 X91.796 Y88.204 E2.02352
G1 E.02352 F2400
G92 E0
G1 X91.73 Y101.681 F7800
G1 E2 F2400
;WIDTH:0.612971
G1 F2281
G1 X91.681 Y101.73 E2.00474
G1 X91.699 Y101.796 E2.00942
G1 X91.765 Y101.814 E2.0141
G1 X91.814 Y101.765 E2.01884
G1 X91.796 Y101.699 E2.02352
;LAYER_CHANGE
;Z:12.05
;HEIGHT:0.3
G1 E.02352 F2400
G92 E0
G1 Z12.05 F7800
G1 X74.812 Y105.221
G1 E2 F2400
;TYPE:External perimeter
;WIDTH:0.583165
G1 F1800
G1 X74.784 Y105.216 E2.00184
G1 X74.765 Y105.124 E2.00792
;WIDTH:0.545178
G1 X74.746 Y105.032 E2.01355
;WIDTH:0.507191
G1 X74.746 Y84.968 E3.12168
;WIDTH:0.545178
G1 X74.765 Y84.876 E3.12731
;WIDTH:0.583165
G1 X74.784 Y84.784 E3.13339
G1 X74.876 Y84.765 E3.13947
;WIDTH:0.545178
G1 X74.968 Y84.746 E3.1451
;WIDTH:0.507191
G1 X95.032 Y84.746 E4.25323
;WIDTH:0.545178
G1 X95.124 Y84.765 E4.25886
;WIDTH:0.583165
G1 X95.216 Y84.784 E4.26494
G1 X95.235 Y84.876 E4.27102
;WIDTH:0.545178
G1 X95.254 Y84.968 E4.27665
;WIDTH:0.507191
G1 X95.254 Y105.032 E5.38478
;WIDTH:0.545178
G1 X95.235 Y105.124 E5.39041
;WIDTH:0.583165
G1 X95.216 Y105.216 E5.39649
G1 X95.124 Y105.235 E5.40257
;WIDTH:0.545178
G1 X95.032 Y105.254 E5.4082
;WIDTH:0.507191
G1 X74.968 Y105.254 E6.51633
;WIDTH:0.545178
G1 X74.876 Y105.235 E6.52196
;WIDTH:0.583165
G1 X74.871 Y105.233 E6.52231
G1 X74.748 Y104.853 F7800
G1 E4.52231 F2400
G92 E0
G1 X95.658 Y105.658 F7800
G1 E2 F2400
G1 F1800
G1 X95.345 Y105.677 E2.02029
;WIDTH:0.545178
G1 X95.032 Y105.696 E2.03909
;WIDTH:0.507191
G1 X74.968 Y105.696 E3.14722
;WIDTH:0.545178
G1 X74.655 Y105.677 E3.16602
;WIDTH:0.583165
G1 X74.342 Y105.658 E3.18631
G1 X74.323 Y105.345 E3.2066
;WIDTH:0.545178
G1 X74.304 Y105.032 E3.2254
;WIDTH:0.507191
G1 X74.304 Y84.968 E4.33353
;WIDTH:0.545178
G1 X74.323 Y84.655 E4.35233
;WIDTH:0.583165
G1 X74.342 Y84.342 E4.37262
G1 X74.655 Y84.323 E4.39291
;WIDTH:0.545178
G1 X74.968 Y84.304 E4.41171
;WIDTH:0.507191
G1 X95.032 Y84.304 E5.51984
;WIDTH:0.545178
G1 X95.345 Y84.323 E5.53864
;WIDTH:0.583165
G1 X95.658 Y84.342 E5.55893
G1 X95.658 Y84.601 E5.57569
G1 X95.677 Y84.784 E5.58759
;WIDTH:0.545178
G1 X95.696 Y84.968 E5.59868
;WIDTH:0.507191
G1 X95.696 Y105.032 E6.70681
;WIDTH:0.510546
G1 X95.695 Y105.109 E6.7111
;WIDTH:0.546855
G1 X95.677 Y105.384 E6.72768
;WIDTH:0.583165
G1 X95.662 Y105.599 E6.74163
G1 X95.271 Y105.68 F7800
G1 E4.74163 F2400
G92 E0
G1 X78.79 Y88.783 F7800
G1 E2 F2400
;TYPE:Perimeter
;WIDTH:0.45
G1 F2297
G1 X79.085 Y88.583 E2.01714
G1 X79.468 Y88.504 E2.03595
G1 X90.532 Y88.504 E2.56809
G1 X90.915 Y88.583 E2.5869
G1 X91.214 Y88.786 E2.60428
G1 X91.417 Y89.085 E2.62166
G1 X91.496 Y89.468 E2.64047
G1 X91.496 Y100.532 E3.17261
G1 X91.417 Y100.915 E3.19142
G1 X91.214 Y101.214 E3.2088
G1 X90.915 Y101.417 E3.22618
G1 X90.532 Y101.496 E3.24499
G1 X79.468 Y101.496 E3.77713
G1 X79.085 Y101.417 E3.79594
G1 X78.786 Y101.214 E3.81332
G1 X78.583 Y100.915 E3.8307
G1 X78.504 Y100.532 E3.84951
G1 X78.504 Y89.468 E4.38165
G1 X78.583 Y89.085 E4.40046
G1 X78.755 Y88.831 E4.41521
G1 X79.057 Y89.062 F7800
G1 F2297
G1 X79.059 Y89.059 E4.41538
G1 X79.238 Y88.937 E4.4258
G1 X79.468 Y88.889 E4.4371
G1 X90.532 Y88.889 E4.96924
G1 X90.762 Y88.937 E4.98054
G1 X90.941 Y89.059 E4.99096
G1 X91.063 Y89.238 E5.00138
G1 X91.111 Y89.468 E5.01268
G1 X91.111 Y100.532 E5.54482
G1 X91.063 Y100.762 E5.55612
G1 X90.941 Y100.941 E5.56654
G1 X90.762 Y101.063 E5.57696
G1 X90.532 Y101.111 E5.58826
G1 X79.468 Y101.111 E6.1204
G1 X79.238 Y101.063 E6.1317
G1 X79.059 Y100.941 E6.14212
G1 X78.937 Y100.762 E6.15254
G1 X78.889 Y100.532 E6.16384
G1 X78.889 Y89.468 E6.69598
G1 X78.937 Y89.238 E6.70728
G1 X79.023 Y89.111 E6.71466
G1 X79.338 Y89.329 F7800
;TYPE:External perimeter
G1 F1800
G1 X79.468 Y89.275 E6.72143
G1 X90.532 Y89.275 E7.25357
G1 X90.669 Y89.331 E7.26069
G1 X90.725 Y89.468 E7.26781
G1 X90.725 Y100.532 E7.79995
G1 X90.669 Y100.669 E7.80707
G1 X90.532 Y100.725 E7.81419
G1 X79.468 Y100.725 E8.34633
G1 X79.331 Y100.669 E8.35345
G1 X79.275 Y100.532 E8.36057
G1 X79.275 Y89.468 E8.89271
G1 X79.311 Y89.38 E8.89728
G1 X79.699 Y89.282 F7800
G1 E6.89728 F2400
G92 E0
G1 X92.504 Y102.504 F7800
G1 E2 F2400
;TYPE:Perimeter
G1 F2297
G1 X77.496 Y102.504 E2.72183
G1 X77.496 Y87.496 E3.44366
G1 X92.504 Y87.496 E4.16549
G1 X92.504 Y88.252 E4.20185
G1 X92.504 Y102.444 E4.88444
G1 X92.889 Y102.889 F7800
G1 F2297
G1 X77.111 Y102.889 E5.64331
G1 X77.111 Y87.111 E6.40218
G1 X92.889 Y87.111 E7.16105
G1 X92.889 Y88.252 E7.21593
G1 X92.889 Y102.829 E7.91703
G1 X93.275 Y103.275 F7800
;TYPE:External perimeter
G1 F1800
G1 X76.725 Y103.275 E8.71303
G1 X76.725 Y86.725 E9.50903
G1 X93.275 Y86.725 E10.30503
G1 X93.275 Y88.252 E10.37847
G1 X93.275 Y103.215 E11.09814
G1 X92.879 Y103.274 F7800
G1 E9.09814 F2400
G92 E0
G1 X90.33 Y87.796 F7800
G1 E2 F2400
;TYPE:Solid infill
;WIDTH:0.47174
G1 F2297
G1 X78.958 Y87.785 E2.57779
;WIDTH:0.45
G1 X77.785 Y87.785 E2.63421
G1 X77.785 Y88.954 E2.69043
;WIDTH:0.471738
G1 X77.785 Y101.042 E3.30459
;WIDTH:0.45
G1 X77.785 Y102.215 E3.36101
G1 X78.954 Y102.215 E3.41723
;WIDTH:0.471738
G1 X91.042 Y102.215 E4.03139
;WIDTH:0.45
G1 X92.215 Y102.215 E4.08781
G1 X92.215 Y101.042 E4.14423
;WIDTH:0.471739
G1 X92.215 Y88.954 E4.7584
;WIDTH:0.45
G1 X92.215 Y87.785 E4.81462
G1 X91.046 Y87.785 E4.87084
;WIDTH:0.471738
G1 X90.522 Y87.796 E4.89747
G1 E2.89747 F2400
G92 E0
G1 X78.319 Y88.235 F7800
G1 E2 F2400
;WIDTH:0.612969
G1 F2297
G1 X78.27 Y88.186 E2.00474
G1 X78.204 Y88.204 E2.00942
G1 X78.186 Y88.27 E2.0141
G1 X78.235 Y88.319 E2.01884
G1 X78.301 Y88.301 E2.02352
G1 E.02352 F2400
G92 E0
G1 X90.33 Y88.204 F7800
G1 E2 F2400
;WIDTH:0.47174
G1 F2297
G1 X79.472 Y88.204 E2.55167
G1 X79.011 Y88.305 E2.57565
;WIDTH:0.45
G1 X78.611 Y88.56 E2.59847
G1 X78.337 Y88.938 E2.62092
;WIDTH:0.471738
G1 X78.204 Y89.478 E2.64918
G1 X78.204 Y100.528 E3.21061
G1 X78.305 Y100.989 E3.23459
;WIDTH:0.45
G1 X78.56 Y101.389 E3.25741
G1 X78.938 Y101.663 E3.27986
;WIDTH:0.471738
G1 X79.478 Y101.796 E3.30812
G1 X90.528 Y101.796 E3.86955
G1 X90.989 Y101.695 E3.89353
;WIDTH:0.45
G1 X91.417 Y101.417 E3.91808
G1 X91.665 Y101.058 E3.93907
;WIDTH:0.471739
G1 X91.796 Y100.528 E3.96681
G1 X91.796 Y89.478 E4.52824
G1 X91.692 Y89.008 E4.5527
;WIDTH:0.45
G1 X91.44 Y88.611 E4.57532
G1 X91.062 Y88.337 E4.59777
;WIDTH:0.471738
G1 X90.522 Y88.204 E4.62603
G1 X91.796 Y88.301 F7800
;WIDTH:0.612969
G1 F2297
G1 X91.73 Y88.319 E4.63071
G1 X91.681 Y88.27 E4.63545
G1 X91.699 Y88.204 E4.64013
G1 X91.765 Y88.186 E4.64481
G1 X91.814 Y88.235 E4.64955
G1 E2.64955 F2400
G92 E0
G1 X91.814 Y101.73 F7800
G1 E2 F2400
;WIDTH:0.612972
G1 F2297
G1 X91.765 Y101.681 E2.00474
G1 X91.699 Y101.699 E2.00942
G1 X91.681 Y101.765 E2.0141
G1 X91.73 Y101.814 E2.01884
G1 X91.796 Y101.796 E2.02352
G1 E.02352 F2400
G92 E0
G1 X78.319 Y101.73 F7800
G1 E2 F2400
;WIDTH:0.612969
G1 F2297
G1 X78.27 Y101.681 E2.00474
G1 X78.204 Y101.699 E2.00942
G1 X78.186 Y101.765 E2.0141
G1 X78.235 Y101.814 E2.01884
G1 X78.301 Y101.796 E2.02352
;LAYER_CHANGE
;Z:12.35
;HEIGHT:0.3
G1 E.02352 F2400
G92 E0
G1 Z12.35 F7800
G1 X74.812 Y105.221
G1 E2 F2400
;TYPE:External perimeter
;WIDTH:0.583165
G1 F1800
G1 X74.784 Y105.216 E2.00184
G1 X74.765 Y105.124 E2.00792
;WIDTH:0.545178
G1 X74.746 Y105.032 E2.01355
;WIDTH:0.507191
G1 X74.746 Y84.968 E3.12168
;WIDTH:0.545178
G1 X74.765 Y84.876 E3.12731
;WIDTH:0.583165
G1 X74.784 Y84.784 E3.13339
G1 X74.876 Y84.765 E3.13947
;WIDTH:0.545178
G1 X74.968 Y84.746 E3.1451
;WIDTH:0.507191
G1 X95.032 Y84.746 E4.25323
;WIDTH:0.545178
G1 X95.124 Y84.765 E4.25886
;WIDTH:0.583165
G1 X95.216 Y84.784 E4.26494
G1 X95.235 Y84.876 E4.27102
;WIDTH:0.545178
G1 X95.254 Y84.968 E4.27665
;WIDTH:0.507191
G1 X95.254 Y105.032 E5.38478
;WIDTH:0.545178
G1 X95.235 Y105.124 E5.39041
;WIDTH:0.583165
G1 X95.216 Y105.216 E5.39649
G1 X95.124 Y105.235 E5.40257
;WIDTH:0.545178
G1 X95.032 Y105.254 E5.4082
;WIDTH:0.507191
G1 X74.968 Y105.254 E6.51633
;WIDTH:0.545178
G1 X74.876 Y105.235 E6.52196
;WIDTH:0.583165
G1 X74.871 Y105.233 E6.52231
G1 X74.748 Y104.853 F7800
G1 E4.52231 F2400
G92 E0
G1 X95.658 Y105.658 F7800
G1 E2 F2400
G1 F1800
G1 X95.345 Y105.677 E2.02029
;WIDTH:0.545178
G1 X95.032 Y105.696 E2.03909
;WIDTH:0.507191
G1 X74.968 Y105.696 E3.14722
;WIDTH:0.545178
G1 X74.655 Y105.677 E3.16602
;WIDTH:0.583165
G1 X74.342 Y105.658 E3.18631
G1 X74.323 Y105.345 E3.2066
;WIDTH:0.545178
G1 X74.304 Y105.032 E3.2254
;WIDTH:0.507191
G1 X74.304 Y84.968 E4.33353
;WIDTH:0.545178
G1 X74.323 Y84.655 E4.35233
;WIDTH:0.583165
G1 X74.342 Y84.342 E4.37262
G1 X74.655 Y84.323 E4.39291
;WIDTH:0.545178
G1 X74.968 Y84.304 E4.41171
;WIDTH:0.507191
G1 X95.032 Y84.304 E5.51984
;WIDTH:0.545178
G1 X95.345 Y84.323 E5.53864
;WIDTH:0.583165
G1 X95.658 Y84.342 E5.55893
G1 X95.658 Y84.601 E5.57569
G1 X95.677 Y84.784 E5.58759
;WIDTH:0.545178
G1 X95.696 Y84.968 E5.59868
;WIDTH:0.507191
G1 X95.696 Y105.032 E6.70681
;WIDTH:0.510546
G1 X95.695 Y105.109 E6.7111
;WIDTH:0.546855
G1 X95.677 Y105.384 E6.72768
;WIDTH:0.583165
G1 X95.662 Y105.599 E6.74163
G1 X95.271 Y105.68 F7800
G1 E4.74163 F2400
G92 E0
G1 X78.79 Y88.783 F7800
G1 E2 F2400
;TYPE:Perimeter
;WIDTH:0.45
G1 F2281
G1 X79.085 Y88.583 E2.01714
G1 X79.468 Y88.504 E2.03595
G1 X90.532 Y88.504 E2.56809
G1 X90.915 Y88.583 E2.5869
G1 X91.214 Y88.786 E2.60428
G1 X91.417 Y89.085 E2.62166
G1 X91.496 Y89.468 E2.64047
G1 X91.496 Y100.532 E3.17261
G1 X91.417 Y100.915 E3.19142
G1 X91.214 Y101.214 E3.2088
G1 X90.915 Y101.417 E3.22618
G1 X90.532 Y101.496 E3.24499
G1 X79.468 Y101.496 E3.77713
G1 X79.085 Y101.417 E3.79594
G1 X78.786 Y101.214 E3.81332
G1 X78.583 Y100.915 E3.8307
G1 X78.504 Y100.532 E3.84951
G1 X78.504 Y89.468 E4.38165
G1 X78.583 Y89.085 E4.40046
G1 X78.755 Y88.831 E4.41521
G1 X79.057 Y89.062 F7800
G1 F2281
G1 X79.059 Y89.059 E4.41538
G1 X79.238 Y88.937 E4.4258
G1 X79.468 Y88.889 E4.4371
G1 X90.532 Y88.889 E4.96924
G1 X90.762 Y88.937 E4.98054
G1 X90.941 Y89.059 E4.99096
G1 X91.063 Y89.238 E5.00138
G1 X91.111 Y89.468 E5.01268
G1 X91.111 Y100.532 E5.54482
G1 X91.063 Y100.762 E5.55612
G1 X90.941 Y100.941 E5.56654
G1 X90.762 Y101.063 E5.57696
G1 X90.532 Y101.111 E5.58826
G1 X79.468 Y101.111 E6.1204
G1 X79.238 Y101.063 E6.1317
G1 X79.059 Y100.941 E6.14212
G1 X78.937 Y100.762 E6.15254
G1 X78.889 Y100.532 E6.16384
G1 X78.889 Y89.468 E6.69598
G1 X78.937 Y89.238 E6.70728
G1 X79.023 Y89.111 E6.71466
G1 X79.338 Y89.329 F7800
;TYPE:External perimeter
G1 F1800
G1 X79.468 Y89.275 E6.72143
G1 X90.532 Y89.275 E7.25357
G1 X90.669 Y89.331 E7.26069
G1 X90.725 Y89.468 E7.26781
G1 X90.725 Y100.532 E7.79995
G1 X90.669 Y100.669 E7.80707
G1 X90.532 Y100.725 E7.81419
G1 X79.468 Y100.725 E8.34633
G1 X79.331 Y100.669 E8.35345
G1 X79.275 Y100.532 E8.36057
G1 X79.275 Y89.468 E8.89271
G1 X79.311 Y89.38 E8.89728
G1 X79.699 Y89.282 F7800
G1 E6.89728 F2400
G92 E0
G1 X92.504 Y102.504 F7800
G1 E2 F2400
;TYPE:Perimeter
G1 F2281
G1 X77.496 Y102.504 E2.72183
G1 X77.496 Y87.496 E3.44366
G1 X92.504 Y87.496 E4.16549
G1 X92.504 Y88.252 E4.20185
G1 X92.504 Y102.444 E4.88444
G1 X92.889 Y102.889 F7800
G1 F2281
G1 X77.111 Y102.889 E5.64331
G1 X77.111 Y87.111 E6.40218
G1 X92.889 Y87.111 E7.16105
G1 X92.889 Y88.252 E7.21593
G1 X92.889 Y102.829 E7.91703
G1 X93.275 Y103.275 F7800
;TYPE:External perimeter
G1 F1800
G1 X76.725 Y103.275 E8.71303
G1 X76.725 Y86.725 E9.50903
G1 X93.275 Y86.725 E10.30503
G1 X93.275 Y88.252 E10.37847
G1 X93.275 Y103.215 E11.09814
G1 X92.879 Y103.274 F7800
G1 E9.09814 F2400
G92 E0
G1 X77.796 Y89.67 F7800
G1 E2 F2400
;TYPE:Solid infill
;WIDTH:0.47174
G1 F2281
G1 X77.785 Y101.042 E2.57779
;WIDTH:0.45
G1 X77.785 Y102.215 E2.63421
G1 X78.954 Y102.215 E2.69043
;WIDTH:0.471739
G1 X91.042 Y102.215 E3.3046
;WIDTH:0.45
G1 X92.215 Y102.215 E3.36102
G1 X92.215 Y101.042 E3.41744
;WIDTH:0.47174
G1 X92.215 Y88.954 E4.03161
;WIDTH:0.45
G1 X92.215 Y87.785 E4.08783
G1 X91.046 Y87.785 E4.14405
;WIDTH:0.471738
G1 X78.958 Y87.785 E4.75821
;WIDTH:0.45
G1 X77.785 Y87.785 E4.81463
G1 X77.785 Y88.954 E4.87085
;WIDTH:0.471738
G1 X77.796 Y89.478 E4.89748
G1 E2.89748 F2400
G92 E0
G1 X78.235 Y101.681 F7800
G1 E2 F2400
;WIDTH:0.612971
G1 F2281
G1 X78.186 Y101.73 E2.00474
G1 X78.204 Y101.796 E2.00942
G1 X78.27 Y101.814 E2.0141
G1 X78.319 Y101.765 E2.01884
G1 X78.301 Y101.699 E2.02352
G1 E.02352 F2400
G92 E0
G1 X78.204 Y89.67 F7800
G1 E2 F2400
;WIDTH:0.47174
G1 F2281
G1 X78.204 Y100.528 E2.55167
G1 X78.305 Y100.989 E2.57565
;WIDTH:0.45
G1 X78.56 Y101.389 E2.59847
G1 X78.938 Y101.663 E2.62092
;WIDTH:0.471739
G1 X79.478 Y101.796 E2.64918
G1 X90.528 Y101.796 E3.21061
G1 X90.989 Y101.695 E3.23459
;WIDTH:0.45
G1 X91.389 Y101.44 E3.25741
G1 X91.665 Y101.058 E3.28008
;WIDTH:0.47174
G1 X91.796 Y100.528 E3.30782
G1 X91.796 Y89.478 E3.86925
G1 X91.692 Y89.008 E3.89371
;WIDTH:0.45
G1 X91.417 Y88.583 E3.91806
G1 X91.062 Y88.337 E3.93883
;WIDTH:0.471738
G1 X90.522 Y88.204 E3.96709
G1 X79.472 Y88.204 E4.52852
G1 X79.011 Y88.305 E4.5525
;WIDTH:0.45
G1 X78.611 Y88.56 E4.57532
G1 X78.337 Y88.938 E4.59777
;WIDTH:0.471738
G1 X78.204 Y89.478 E4.62603
G1 X78.301 Y88.204 F7800
;WIDTH:0.612969
G1 F2281
G1 X78.319 Y88.27 E4.63071
G1 X78.27 Y88.319 E4.63545
G1 X78.204 Y88.301 E4.64013
G1 X78.186 Y88.235 E4.64481
G1 X78.235 Y88.186 E4.64955
G1 E2.64955 F2400
G92 E0
G1 X91.73 Y88.186 F7800
G1 E2 F2400
G1 F2281
G1 X91.681 Y88.235 E2.00474
G1 X91.699 Y88.301 E2.00942
G1 X91.765 Y88.319 E2.0141
G1 X91.814 Y88.27 E2.01884
G1 X91.796 Y88.204 E2.02352
G1 E.02352 F2400
G92 E0
G1 X91.73 Y101.681 F7800
G1 E2 F2400
;WIDTH:0.612971
G1 F2281
G1 X91.681 Y101.73 E2.00474
G1 X91.699 Y101.796 E2.00942
G1 X91.765 Y101.814 E2.0141
G1 X91.814 Y101.765 E2.01884
G1 X91.796 Y101.699 E2.02352
;LAYER_CHANGE
;Z:12.65
;HEIGHT:0.299999
G1 E.02352 F2400
G92 E0
G1 Z12.65 F7800
G1 X74.812 Y105.221
G1 E2 F2400
;TYPE:External perimeter
;WIDTH:0.583165
G1 F1800
G1 X74.784 Y105.216 E2.00184
G1 X74.765 Y105.124 E2.00792
;WIDTH:0.545178
G1 X74.746 Y105.032 E2.01355
;WIDTH:0.507191
G1 X74.746 Y84.968 E3.12168
;WIDTH:0.545178
G1 X74.765 Y84.876 E3.12731
;WIDTH:0.583165
G1 X74.784 Y84.784 E3.13339
G1 X74.876 Y84.765 E3.13947
;WIDTH:0.545178
G1 X74.968 Y84.746 E3.1451
;WIDTH:0.507191
G1 X95.032 Y84.746 E4.25323
;WIDTH:0.545178
G1 X95.124 Y84.765 E4.25886
;WIDTH:0.583165
G1 X95.216 Y84.784 E4.26494
G1 X95.235 Y84.876 E4.27102
;WIDTH:0.545178
G1 X95.254 Y84.968 E4.27665
;WIDTH:0.507191
G1 X95.254 Y105.032 E5.38478
;WIDTH:0.545178
G1 X95.235 Y105.124 E5.39041
;WIDTH:0.583165
G1 X95.216 Y105.216 E5.39649
G1 X95.124 Y105.235 E5.40257
;WIDTH:0.545178
G1 X95.032 Y105.254 E5.4082
;WIDTH:0.507191
G1 X74.968 Y105.254 E6.51633
;WIDTH:0.545178
G1 X74.876 Y105.235 E6.52196
;WIDTH:0.583165
G1 X74.871 Y105.233 E6.52231
G1 X74.748 Y104.853 F7800
G1 E4.52231 F2400
G92 E0
G1 X95.658 Y105.658 F7800
G1 E2 F2400
G1 F1800
G1 X95.345 Y105.677 E2.02029
;WIDTH:0.545178
G1 X95.032 Y105.696 E2.03909
;WIDTH:0.507191
G1 X74.968 Y105.696 E3.14722
;WIDTH:0.545178
G1 X74.655 Y105.677 E3.16602
;WIDTH:0.583165
G1 X74.342 Y105.658 E3.18631
G1 X74.323 Y105.345 E3.2066
;WIDTH:0.545178
G1 X74.304 Y105.032 E3.2254
;WIDTH:0.507191
G1 X74.304 Y84.968 E4.33353
;WIDTH:0.545178
G1 X74.323 Y84.655 E4.35233
;WIDTH:0.583165
G1 X74.342 Y84.342 E4.37262
G1 X74.655 Y84.323 E4.39291
;WIDTH:0.545178
G1 X74.968 Y84.304 E4.41171
;WIDTH:0.507191
G1 X95.032 Y84.304 E5.51984
;WIDTH:0.545178
G1 X95.345 Y84.323 E5.53864
;WIDTH:0.583165
G1 X95.658 Y84.342 E5.55893
G1 X95.658 Y84.601 E5.57569
G1 X95.677 Y84.784 E5.58759
;WIDTH:0.545178
G1 X95.696 Y84.968 E5.59868
;WIDTH:0.507191
G1 X95.696 Y105.032 E6.70681
;WIDTH:0.510546
G1 X95.695 Y105.109 E6.7111
;WIDTH:0.546855
G1 X95.677 Y105.384 E6.72768
;WIDTH:0.583165
G1 X95.662 Y105.599 E6.74163
G1 X95.271 Y105.68 F7800
G1 E4.74163 F2400
G92 E0
G1 X78.79 Y88.783 F7800
G1 E2 F2400
;TYPE:Perimeter
;WIDTH:0.45
G1 F2297
G1 X79.085 Y88.583 E2.01714
G1 X79.468 Y88.504 E2.03595
G1 X90.532 Y88.504 E2.56809
G1 X90.915 Y88.583 E2.5869
G1 X91.214 Y88.786 E2.60428
G1 X91.417 Y89.085 E2.62166
G1 X91.496 Y89.468 E2.64047
G1 X91.496 Y100.532 E3.17261
G1 X91.417 Y100.915 E3.19142
G1 X91.214 Y101.214 E3.2088
G1 X90.915 Y101.417 E3.22618
G1 X90.532 Y101.496 E3.24499
G1 X79.468 Y101.496 E3.77713
G1 X79.085 Y101.417 E3.79594
G1 X78.786 Y101.214 E3.81332
G1 X78.583 Y100.915 E3.8307
G1 X78.504 Y100.532 E3.84951
G1 X78.504 Y89.468 E4.38165
G1 X78.583 Y89.085 E4.40046
G1 X78.755 Y88.831 E4.41521
G1 X79.057 Y89.062 F7800
G1 F2297
G1 X79.059 Y89.059 E4.41538
G1 X79.238 Y88.937 E4.4258
G1 X79.468 Y88.889 E4.4371
G1 X90.532 Y88.889 E4.96924
G1 X90.762 Y88.937 E4.98054
G1 X90.941 Y89.059 E4.99096
G1 X91.063 Y89.238 E5.00138
G1 X91.111 Y89.468 E5.01268
G1 X91.111 Y100.532 E5.54482
G1 X91.063 Y100.762 E5.55612
G1 X90.941 Y100.941 E5.56654
G1 X90.762 Y101.063 E5.57696
G1 X90.532 Y101.111 E5.58826
G1 X79.468 Y101.111 E6.1204
G1 X79.238 Y101.063 E6.1317
G1 X79.059 Y100.941 E6.14212
G1 X78.937 Y100.762 E6.15254
G1 X78.889 Y100.532 E6.16384
G1 X78.889 Y89.468 E6.69598
G1 X78.937 Y89.238 E6.70728
G1 X79.023 Y89.111 E6.71466
G1 X79.338 Y89.329 F7800
;TYPE:External perimeter
G1 F1800
G1 X79.468 Y89.275 E6.72143
G1 X90.532 Y89.275 E7.25357
G1 X90.669 Y89.331 E7.26069
G1 X90.725 Y89.468 E7.26781
G1 X90.725 Y100.532 E7.79995
G1 X90.669 Y100.669 E7.80707
G1 X90.532 Y100.725 E7.81419
G1 X79.468 Y100.725 E8.34633
G1 X79.331 Y100.669 E8.35345
G1 X79.275 Y100.532 E8.36057
G1 X79.275 Y89.468 E8.89271
G1 X79.311 Y89.38 E8.89728
G1 X79.699 Y89.282 F7800
G1 E6.89728 F2400
G92 E0
G1 X92.504 Y102.504 F7800
G1 E2 F2400
;TYPE:Perimeter
G1 F2297
G1 X77.496 Y102.504 E2.72183
G1 X77.496 Y87.496 E3.44366
G1 X92.504 Y87.496 E4.16549
G1 X92.504 Y88.252 E4.20185
G1 X92.504 Y102.444 E4.88444
G1 X92.889 Y102.889 F7800
G1 F2297
G1 X77.111 Y102.889 E5.64331
G1 X77.111 Y87.111 E6.40218
G1 X92.889 Y87.111 E7.16105
G1 X92.889 Y88.252 E7.21593
G1 X92.889 Y102.829 E7.91703
G1 X93.275 Y103.275 F7800
;TYPE:External perimeter
G1 F1800
G1 X76.725 Y103.275 E8.71303
G1 X76.725 Y86.725 E9.50903
G1 X93.275 Y86.725 E10.30503
G1 X93.275 Y88.252 E10.37847
G1 X93.275 Y103.215 E11.09814
G1 X92.879 Y103.274 F7800
G1 E9.09814 F2400
G92 E0
G1 X90.33 Y87.796 F7800
G1 E2 F2400
;TYPE:Solid infill
;WIDTH:0.47174
G1 F2297
G1 X78.958 Y87.785 E2.57779
;WIDTH:0.45
G1 X77.785 Y87.785 E2.63421
G1 X77.785 Y88.954 E2.69043
;WIDTH:0.471738
G1 X77.785 Y101.042 E3.30459
;WIDTH:0.45
G1 X77.785 Y102.215 E3.36101
G1 X78.954 Y102.215 E3.41723
;WIDTH:0.471738
G1 X91.042 Y102.215 E4.03139
;WIDTH:0.45
G1 X92.215 Y102.215 E4.08781
G1 X92.215 Y101.042 E4.14423
;WIDTH:0.471739
G1 X92.215 Y88.954 E4.7584
;WIDTH:0.45
G1 X92.215 Y87.785 E4.81462
G1 X91.046 Y87.785 E4.87084
;WIDTH:0.471738
G1 X90.522 Y87.796 E4.89747
G1 E2.89747 F2400
G92 E0
G1 X78.319 Y88.235 F7800
G1 E2 F2400
;WIDTH:0.612969
G1 F2297
G1 X78.27 Y88.186 E2.00474
G1 X78.204 Y88.204 E2.00942
G1 X78.186 Y88.27 E2.0141
G1 X78.235 Y88.319 E2.01884
G1 X78.301 Y88.301 E2.02352
G1 E.02352 F2400
G92 E0
G1 X90.33 Y88.204 F7800
G1 E2 F2400
;WIDTH:0.47174
G1 F2297
G1 X79.472 Y88.204 E2.55167
G1 X79.011 Y88.305 E2.57565
;WIDTH:0.45
G1 X78.611 Y88.56 E2.59847
G1 X78.337 Y88.938 E2.62092
;WIDTH:0.471738
G1 X78.204 Y89.478 E2.64918
G1 X78.204 Y100.528 E3.21061
G1 X78.305 Y100.989 E3.23459
;WIDTH:0.45
G1 X78.56 Y101.389 E3.25741
G1 X78.938 Y101.663 E3.27986
;WIDTH:0.471738
G1 X79.478 Y101.796 E3.30812
G1 X90.528 Y101.796 E3.86955
G1 X90.989 Y101.695 E3.89353
;WIDTH:0.45
G1 X91.417 Y101.417 E3.91808
G1 X91.665 Y101.058 E3.93907
;WIDTH:0.471739
G1 X91.796 Y100.528 E3.96681
G1 X91.796 Y89.478 E4.52824
G1 X91.692 Y89.008 E4.5527
;WIDTH:0.45
G1 X91.44 Y88.611 E4.57532
G1 X91.062 Y88.337 E4.59777
;WIDTH:0.471738
G1 X90.522 Y88.204 E4.62603
G1 X91.796 Y88.301 F7800
;WIDTH:0.612969
G1 F2297
G1 X91.73 Y88.319 E4.63071
G1 X91.681 Y88.27 E4.63545
G1 X91.699 Y88.204 E4.64013
G1 X91.765 Y88.186 E4.64481
G1 X91.814 Y88.235 E4.64955
G1 E2.64955 F2400
G92 E0
G1 X91.814 Y101.73 F7800
G1 E2 F2400
;WIDTH:0.612972
G1 F2297
G1 X91.765 Y101.681 E2.00474
G1 X91.699 Y101.699 E2.00942
G1 X91.681 Y101.765 E2.0141
G1 X91.73 Y101.814 E2.01884
G1 X91.796 Y101.796 E2.02352
G1 E.02352 F2400
G92 E0
G1 X78.319 Y101.73 F7800
G1 E2 F2400
;WIDTH:0.612969
G1 F2297
G1 X78.27 Y101.681 E2.00474
G1 X78.204 Y101.699 E2.00942
G1 X78.186 Y101.765 E2.0141
G1 X78.235 Y101.814 E2.01884
G1 X78.301 Y101.796 E2.02352
;LAYER_CHANGE
;Z:12.95
;HEIGHT:0.3
G1 E.02352 F2400
G92 E0
G1 Z12.95 F7800
G1 X74.812 Y105.221
G1 E2 F2400
;TYPE:External perimeter
;WIDTH:0.583165
G1 F1800
G1 X74.784 Y105.216 E2.00184
G1 X74.765 Y105.124 E2.00792
;WIDTH:0.545178
G1 X74.746 Y105.032 E2.01355
;WIDTH:0.507191
G1 X74.746 Y84.968 E3.12168
;WIDTH:0.545178
G1 X74.765 Y84.876 E3.12731
;WIDTH:0.583165
G1 X74.784 Y84.784 E3.13339
G1 X74.876 Y84.765 E3.13947
;WIDTH:0.545178
G1 X74.968 Y84.746 E3.1451
;WIDTH:0.507191
G1 X95.032 Y84.746 E4.25323
;WIDTH:0.545178
G1 X95.124 Y84.765 E4.25886
;WIDTH:0.583165
G1 X95.216 Y84.784 E4.26494
G1 X95.235 Y84.876 E4.27102
;WIDTH:0.545178
G1 X95.254 Y84.968 E4.27665
;WIDTH:0.507191
G1 X95.254 Y105.032 E5.38478
;WIDTH:0.545178
G1 X95.235 Y105.124 E5.39041
;WIDTH:0.583165
G1 X95.216 Y105.216 E5.39649
G1 X95.124 Y105.235 E5.40257
;WIDTH:0.545178
G1 X95.032 Y105.254 E5.4082
;WIDTH:0.507191
G1 X74.968 Y105.254 E6.51633
;WIDTH:0.545178
G1 X74.876 Y105.235 E6.52196
;WIDTH:0.583165
G1 X74.871 Y105.233 E6.52231
G1 X74.748 Y104.853 F7800
G1 E4.52231 F2400
G92 E0
G1 X95.658 Y105.658 F7800
G1 E2 F2400
G1 F1800
G1 X95.345 Y105.677 E2.02029
;WIDTH:0.545178
G1 X95.032 Y105.696 E2.03909
;WIDTH:0.507191
G1 X74.968 Y105.696 E3.14722
;WIDTH:0.545178
G1 X74.655 Y105.677 E3.16602
;WIDTH:0.583165
G1 X74.342 Y105.658 E3.18631
G1 X74.323 Y105.345 E3.2066
;WIDTH:0.545178
G1 X74.304 Y105.032 E3.2254
;WIDTH:0.507191
G1 X74.304 Y84.968 E4.33353
;WIDTH:0.545178
G1 X74.323 Y84.655 E4.35233
;WIDTH:0.583165
G1 X74.342 Y84.342 E4.37262
G1 X74.655 Y84.323 E4.39291
;WIDTH:0.545178
G1 X74.968 Y84.304 E4.41171
;WIDTH:0.507191
G1 X95.032 Y84.304 E5.51984
;WIDTH:0.545178
G1 X95.345 Y84.323 E5.53864
;WIDTH:0.583165
G1 X95.658 Y84.342 E5.55893
G1 X95.658 Y84.601 E5.57569
G1 X95.677 Y84.784 E5.58759
;WIDTH:0.545178
G1 X95.696 Y84.968 E5.59868
;WIDTH:0.507191
G1 X95.696 Y105.032 E6.70681
;WIDTH:0.510546
G1 X95.695 Y105.109 E6.7111
;WIDTH:0.546855
G1 X95.677 Y105.384 E6.72768
;WIDTH:0.583165
G1 X95.662 Y105.599 E6.74163
G1 X95.271 Y105.68 F7800
G1 E4.74163 F2400
G92 E0
G1 X78.79 Y88.783 F7800
G1 E2 F2400
;TYPE:Perimeter
;WIDTH:0.45
G1 F2308
G1 X79.085 Y88.583 E2.01714
G1 X79.468 Y88.504 E2.03595
G1 X90.532 Y88.504 E2.56809
G1 X90.915 Y88.583 E2.5869
G1 X91.214 Y88.786 E2.60428
G1 X91.417 Y89.085 E2.62166
G1 X91.496 Y89.468 E2.64047
G1 X91.496 Y100.532 E3.17261
G1 X91.417 Y100.915 E3.19142
G1 X91.214 Y101.214 E3.2088
G1 X90.915 Y101.417 E3.22618
G1 X90.532 Y101.496 E3.24499
G1 X79.468 Y101.496 E3.77713
G1 X79.085 Y101.417 E3.79594
G1 X78.786 Y101.214 E3.81332
G1 X78.583 Y100.915 E3.8307
G1 X78.504 Y100.532 E3.84951
G1 X78.504 Y89.468 E4.38165
G1 X78.583 Y89.085 E4.40046
G1 X78.755 Y88.831 E4.41521
G1 X79.057 Y89.062 F7800
G1 F2308
G1 X79.059 Y89.059 E4.41538
G1 X79.238 Y88.937 E4.4258
G1 X79.468 Y88.889 E4.4371
G1 X90.532 Y88.889 E4.96924
G1 X90.762 Y88.937 E4.98054
G1 X90.941 Y89.059 E4.99096
G1 X91.063 Y89.238 E5.00138
G1 X91.111 Y89.468 E5.01268
G1 X91.111 Y100.532 E5.54482
G1 X91.063 Y100.762 E5.55612
G1 X90.941 Y100.941 E5.56654
G1 X90.762 Y101.063 E5.57696
G1 X90.532 Y101.111 E5.58826
G1 X79.468 Y101.111 E6.1204
G1 X79.238 Y101.063 E6.1317
G1 X79.059 Y100.941 E6.14212
G1 X78.937 Y100.762 E6.15254
G1 X78.889 Y100.532 E6.16384
G1 X78.889 Y89.468 E6.69598
G1 X78.937 Y89.238 E6.70728
G1 X79.023 Y89.111 E6.71466
G1 X79.338 Y89.329 F7800
;TYPE:External perimeter
G1 F1800
G1 X79.468 Y89.275 E6.72143
G1 X90.532 Y89.275 E7.25357
G1 X90.669 Y89.331 E7.26069
G1 X90.725 Y89.468 E7.26781
G1 X90.725 Y100.532 E7.79995
G1 X90.669 Y100.669 E7.80707
G1 X90.532 Y100.725 E7.81419
G1 X79.468 Y100.725 E8.34633
G1 X79.331 Y100.669 E8.35345
G1 X79.275 Y100.532 E8.36057
G1 X79.275 Y89.468 E8.89271
G1 X79.311 Y89.38 E8.89728
G1 X79.699 Y89.282 F7800
G1 E6.89728 F2400
G92 E0
G1 X92.504 Y102.504 F7800
G1 E2 F2400
;TYPE:Perimeter
G1 F2308
G1 X77.496 Y102.504 E2.72183
G1 X77.496 Y87.496 E3.44366
G1 X92.504 Y87.496 E4.16549
G1 X92.504 Y88.252 E4.20185
G1 X92.504 Y102.444 E4.88444
G1 X92.889 Y102.889 F7800
G1 F2308
G1 X77.111 Y102.889 E5.64331
G1 X77.111 Y87.111 E6.40218
G1 X92.889 Y87.111 E7.16105
G1 X92.889 Y88.252 E7.21593
G1 X92.889 Y102.829 E7.91703
G1 X93.275 Y103.275 F7800
;TYPE:External perimeter
G1 F1800
G1 X76.725 Y103.275 E8.71303
G1 X76.725 Y86.725 E9.50903
G1 X93.275 Y86.725 E10.30503
G1 X93.275 Y88.252 E10.37847
G1 X93.275 Y103.215 E11.09814
G1 X92.879 Y103.274 F7800
G1 E9.09814 F2400
G92 E0
G1 X92.391 Y88.293 F7800
G1 E2 F2400
;TYPE:Top solid infill
;WIDTH:0.402303
G1 F2308
G1 X91.858 Y87.76 E2.03177
G1 X91.38 Y87.76 E2.05192
G1 X92.24 Y88.62 E2.10318
G1 X92.24 Y89.098 E2.12333
G1 X90.902 Y87.76 E2.20308
G1 X90.425 Y87.76 E2.22318
G1 X92.391 Y89.726 E2.34036
G1 X91.596 Y89.409 F7800
G1 F2308
G1 X92.24 Y90.053 E2.37875
G1 X92.24 Y90.531 E2.3989
G1 X91.76 Y90.052 E2.42748
G1 X91.76 Y90.53 E2.44763
G1 X92.24 Y91.009 E2.47621
G1 X92.24 Y91.487 E2.49636
G1 X91.76 Y91.008 E2.52494
G1 X91.76 Y91.486 E2.54509
G1 X92.24 Y91.965 E2.57367
G1 X92.24 Y92.443 E2.59382
G1 X91.76 Y91.964 E2.6224
G1 X91.76 Y92.442 E2.64255
G1 X92.24 Y92.921 E2.67113
G1 X92.24 Y93.399 E2.69128
G1 X91.76 Y92.919 E2.71989
G1 X91.76 Y93.397 E2.74004
G1 X92.24 Y93.876 E2.76862
G1 X92.24 Y94.354 E2.78877
G1 X91.76 Y93.875 E2.81735
G1 X91.76 Y94.353 E2.8375
G1 X92.24 Y94.832 E2.86608
G1 X92.24 Y95.31 E2.88623
G1 X91.76 Y94.831 E2.91481
G1 X91.76 Y95.309 E2.93496
G1 X92.24 Y95.788 E2.96354
G1 X92.24 Y96.266 E2.98369
G1 X91.76 Y95.787 E3.01227
G1 X91.76 Y96.265 E3.03242
G1 X92.24 Y96.744 E3.061
G1 X92.24 Y97.222 E3.08115
G1 X91.76 Y96.743 E3.10973
G1 X91.76 Y97.221 E3.12988
G1 X92.24 Y97.7 E3.15846
G1 X92.24 Y98.178 E3.17861
G1 X91.76 Y97.698 E3.20722
G1 X91.76 Y98.176 E3.22737
G1 X92.24 Y98.655 E3.25595
G1 X92.24 Y99.133 E3.2761
G1 X91.76 Y98.654 E3.30468
G1 X91.76 Y99.132 E3.32483
G1 X92.24 Y99.611 E3.35341
G1 X92.24 Y100.089 E3.37356
G1 X91.76 Y99.61 E3.40214
G1 X91.76 Y100.088 E3.42229
G1 X92.24 Y100.567 E3.45087
G1 X92.24 Y101.045 E3.47102
G1 X91.758 Y100.563 E3.49975
G1 X91.742 Y100.746 E3.50749
G1 X91.678 Y100.961 E3.51694
G1 X92.24 Y101.523 E3.55044
G1 X92.24 Y102.001 E3.57059
G1 X91.498 Y101.259 E3.61482
G1 X91.402 Y101.402 E3.62208
G1 X91.259 Y101.498 E3.62934
G1 X92.001 Y102.24 E3.67357
G1 X91.523 Y102.24 E3.69372
G1 X90.961 Y101.678 E3.72722
G1 X90.746 Y101.742 E3.73667
G1 X90.563 Y101.758 E3.74441
G1 X91.045 Y102.24 E3.77314
G1 X90.567 Y102.24 E3.79329
G1 X90.088 Y101.76 E3.82187
G1 X89.61 Y101.76 E3.84202
G1 X90.089 Y102.24 E3.8706
G1 X89.611 Y102.24 E3.89075
G1 X89.132 Y101.76 E3.91933
G1 X88.654 Y101.76 E3.93948
G1 X89.133 Y102.24 E3.96806
G1 X88.655 Y102.24 E3.98821
G1 X88.176 Y101.76 E4.01679
G1 X87.698 Y101.76 E4.03694
G1 X88.177 Y102.24 E4.06552
G1 X87.699 Y102.24 E4.08567
G1 X87.22 Y101.76 E4.11425
G1 X86.743 Y101.76 E4.13435
G1 X87.222 Y102.24 E4.16293
G1 X86.744 Y102.24 E4.18308
G1 X86.265 Y101.76 E4.21166
G1 X85.787 Y101.76 E4.23181
G1 X86.266 Y102.24 E4.26039
G1 X85.788 Y102.24 E4.28054
G1 X85.309 Y101.76 E4.30912
G1 X84.831 Y101.76 E4.32927
G1 X85.31 Y102.24 E4.35785
G1 X84.832 Y102.24 E4.378
G1 X84.353 Y101.76 E4.40658
G1 X83.875 Y101.76 E4.42673
G1 X84.354 Y102.24 E4.45531
G1 X83.876 Y102.24 E4.47546
G1 X83.397 Y101.76 E4.50404
G1 X82.919 Y101.76 E4.52419
G1 X83.398 Y102.24 E4.55277
G1 X82.921 Y102.24 E4.57287
G1 X82.441 Y101.76 E4.60148
G1 X81.964 Y101.76 E4.62158
G1 X82.443 Y102.24 E4.65016
G1 X81.965 Y102.24 E4.67031
G1 X81.486 Y101.76 E4.69889
G1 X81.008 Y101.76 E4.71904
G1 X81.487 Y102.24 E4.74762
G1 X81.009 Y102.24 E4.76777
G1 X80.53 Y101.76 E4.79635
G1 X80.052 Y101.76 E4.8165
G1 X80.531 Y102.24 E4.84508
G1 X80.053 Y102.24 E4.86523
G1 X79.409 Y101.596 E4.90362
G1 E2.90362 F2400
G92 E0
G1 X90.591 Y88.404 F7800
G1 E2 F2400
G1 F2308
G1 X89.947 Y87.76 E2.03839
G1 X89.469 Y87.76 E2.05854
G1 X89.948 Y88.24 E2.08712
G1 X89.47 Y88.24 E2.10727
G1 X88.991 Y87.76 E2.13585
G1 X88.513 Y87.76 E2.156
G1 X88.992 Y88.24 E2.18458
G1 X88.514 Y88.24 E2.20473
G1 X88.035 Y87.76 E2.23331
G1 X87.557 Y87.76 E2.25346
G1 X88.036 Y88.24 E2.28204
G1 X87.558 Y88.24 E2.30219
G1 X87.079 Y87.76 E2.33077
G1 X86.601 Y87.76 E2.35092
G1 X87.081 Y88.24 E2.37953
G1 X86.603 Y88.24 E2.39968
G1 X86.124 Y87.76 E2.42826
G1 X85.646 Y87.76 E2.44841
G1 X86.125 Y88.24 E2.47699
G1 X85.647 Y88.24 E2.49714
G1 X85.168 Y87.76 E2.52572
G1 X84.69 Y87.76 E2.54587
G1 X85.169 Y88.24 E2.57445
G1 X84.691 Y88.24 E2.5946
G1 X84.212 Y87.76 E2.62318
G1 X83.734 Y87.76 E2.64333
G1 X84.213 Y88.24 E2.67191
G1 X83.735 Y88.24 E2.69206
G1 X83.256 Y87.76 E2.72064
G1 X82.778 Y87.76 E2.74079
G1 X83.257 Y88.24 E2.76937
G1 X82.779 Y88.24 E2.78952
G1 X82.3 Y87.76 E2.8181
G1 X81.822 Y87.76 E2.83825
G1 X82.302 Y88.24 E2.86686
G1 X81.824 Y88.24 E2.88701
G1 X81.345 Y87.76 E2.91559
G1 X80.867 Y87.76 E2.93574
G1 X81.346 Y88.24 E2.96432
G1 X80.868 Y88.24 E2.98447
G1 X80.389 Y87.76 E3.01305
G1 X79.911 Y87.76 E3.0332
G1 X80.39 Y88.24 E3.06178
G1 X79.912 Y88.24 E3.08193
G1 X79.433 Y87.76 E3.11051
G1 X78.955 Y87.76 E3.13066
G1 X79.437 Y88.242 E3.15939
G1 X79.254 Y88.258 E3.16713
G1 X79.039 Y88.322 E3.17658
G1 X78.477 Y87.76 E3.21008
G1 X77.999 Y87.76 E3.23023
G1 X78.741 Y88.502 E3.27446
G1 X78.598 Y88.598 E3.28172
G1 X78.502 Y88.741 E3.28898
G1 X77.76 Y87.999 E3.33321
G1 X77.76 Y88.477 E3.35336
G1 X78.326 Y89.043 E3.3871
G1 X78.244 Y89.439 E3.40414
G1 X77.76 Y88.955 E3.43299
G1 X77.76 Y89.433 E3.45314
G1 X78.24 Y89.912 E3.48172
G1 X78.24 Y90.39 E3.50187
G1 X77.76 Y89.911 E3.53045
G1 X77.76 Y90.389 E3.5506
G1 X78.24 Y90.868 E3.57918
G1 X78.24 Y91.346 E3.59933
G1 X77.76 Y90.867 E3.62791
G1 X77.76 Y91.345 E3.64806
G1 X78.24 Y91.824 E3.67664
G1 X78.24 Y92.302 E3.69679
G1 X77.76 Y91.823 E3.72537
G1 X77.76 Y92.301 E3.74552
G1 X78.24 Y92.78 E3.7741
G1 X78.24 Y93.258 E3.79425
G1 X77.76 Y92.778 E3.82286
G1 X77.76 Y93.256 E3.84301
G1 X78.24 Y93.735 E3.87159
G1 X78.24 Y94.213 E3.89174
G1 X77.76 Y93.734 E3.92032
G1 X77.76 Y94.212 E3.94047
G1 X78.24 Y94.691 E3.96905
G1 X78.24 Y95.169 E3.9892
G1 X77.76 Y94.69 E4.01778
G1 X77.76 Y95.168 E4.03793
G1 X78.24 Y95.647 E4.06651
G1 X78.24 Y96.125 E4.08666
G1 X77.76 Y95.646 E4.11524
G1 X77.76 Y96.124 E4.13539
G1 X78.24 Y96.603 E4.16397
G1 X78.24 Y97.081 E4.18412
G1 X77.76 Y96.602 E4.2127
G1 X77.76 Y97.079 E4.2328
G1 X78.24 Y97.559 E4.26141
G1 X78.24 Y98.036 E4.28151
G1 X77.76 Y97.557 E4.31009
G1 X77.76 Y98.035 E4.33024
G1 X78.24 Y98.514 E4.35882
G1 X78.24 Y98.992 E4.37897
G1 X77.76 Y98.513 E4.40755
G1 X77.76 Y98.991 E4.4277
G1 X78.24 Y99.47 E4.45628
G1 X78.24 Y99.948 E4.47643
G1 X77.76 Y99.469 E4.50501
G1 X77.76 Y99.947 E4.52516
G1 X78.395 Y100.582 E4.56301
G1 X77.609 Y100.274 F7800
G1 F2308
G1 X79.575 Y102.24 E4.68019
G1 X79.097 Y102.24 E4.70034
G1 X77.76 Y100.903 E4.78003
G1 X77.76 Y101.38 E4.80013
G1 X78.62 Y102.24 E4.85139
G1 X78.142 Y102.24 E4.87154
G1 X77.609 Y101.707 E4.90331
G1 E2.90331 F2400
G92 E0
M107
;TYPE:Custom
; Filament-specific end gcode
M104 S0 ; turn off temperature
G28 X0  ; home X axis
M84     ; disable motors
; objects_info = {"objects":[]}
; filament used [mm] = 1489.59
; filament used [cm3] = 3.58
; filament used [g] = 5.05
; filament cost = 0.15
; total filament used [g] = 5.05
; total filament cost = 0.15
; total filament used for wipe tower [g] = 0.00
; estimated printing time (normal mode) = 16m 56s
; estimated first layer printing time (normal mode) = 45s

; prusaslicer_config = begin
; arc_fitting = disabled
; autoemit_temperature_commands = 1
; automatic_extrusion_widths = 0
; automatic_infill_combination = 0
; automatic_infill_combination_max_layer_height = 100%
; avoid_crossing_curled_overhangs = 0
; avoid_crossing_perimeters = 0
; avoid_crossing_perimeters_max_detour = 0
; bed_custom_model = 
; bed_custom_texture = 
; bed_shape = 0x0,170x0,170x190,0x190
; bed_temperature = 87
; bed_temperature_extruder = 0
; before_layer_gcode = 
; between_objects_gcode = 
; binary_gcode = 0
; bottom_fill_pattern = monotonic
; bottom_solid_layers = 3
; bottom_solid_min_thickness = 0
; bridge_acceleration = 0
; bridge_angle = 0
; bridge_fan_speed = 50
; bridge_flow_ratio = 1
; bridge_speed = 60
; brim_separation = 0
; brim_type = outer_only
; brim_width = 0
; chamber_minimal_temperature = 0
; chamber_temperature = 0
; color_change_gcode = M600
; colorprint_heights = 
; compatible_printers_condition_cummulative = ;"printer_notes!~/.*NO_TEMPLATES.*/ and printer_notes!~/.*PRINTER_VENDOR_TRILAB.*/ and printer_notes!~/.*PRINTER_MODEL_MK4IS.*/ and ! (printer_notes=~/.*PRINTER_VENDOR_PRUSA3D.*/ and num_extruders>1)"
; complete_objects = 0
; cooling = 1
; cooling_perimeter_transition_distance = 0
; cooling_slowdown_logic = uniform_cooling
; cooling_tube_length = 5
; cooling_tube_retraction = 91.5
; custom_parameters_filament = ""
; custom_parameters_print = 
; custom_parameters_printer = 
; default_acceleration = 0
; default_filament_profile = 
; default_print_profile = 
; deretract_speed = 0
; disable_fan_first_layers = 3
; dont_support_bridges = 1
; draft_shield = disabled
; duplicate_distance = 6
; elefant_foot_compensation = 0
; enable_dynamic_fan_speeds = 0
; enable_dynamic_overhang_speeds = 0
; end_filament_gcode = "; Filament-specific end gcode"
; end_gcode = M104 S0 ; turn off temperature\nG28 X0  ; home X axis\nM84     ; disable motors\n
; ensure_vertical_shell_thickness = enabled
; external_perimeter_acceleration = 0
; external_perimeter_extrusion_width = 0.45
; external_perimeter_speed = 50%
; external_perimeters_first = 0
; extra_loading_move = -2
; extra_perimeters = 1
; extra_perimeters_on_overhangs = 0
; extruder_clearance_height = 20
; extruder_clearance_radius = 20
; extruder_colour = ""
; extruder_offset = 0x0
; extrusion_axis = E
; extrusion_multiplier = 1
; extrusion_width = 0.45
; fan_always_on = 1
; fan_below_layer_time = 20
; filament_abrasive = 0
; filament_colour = #FF8000
; filament_cooling_final_speed = 2
; filament_cooling_initial_speed = 3
; filament_cooling_moves = 1
; filament_cost = 29.99
; filament_density = 1.41
; filament_deretract_speed = nil
; filament_diameter = 1.75
; filament_infill_max_crossing_speed = 0
; filament_infill_max_speed = 0
; filament_load_time = 0
; filament_loading_speed = 14
; filament_loading_speed_start = 19
; filament_max_volumetric_speed = 0
; filament_minimal_purge_on_wipe_tower = 0
; filament_multitool_ramming = 0
; filament_multitool_ramming_flow = 10
; filament_multitool_ramming_volume = 10
; filament_notes = https://www.extrudr.com/en/products/catalogue/?material=199
; filament_purge_multiplier = 100%
; filament_ramming_parameters = "130 120 2.70968 2.93548 3.32258 3.83871 4.58065 5.54839 6.51613 7.35484 7.93548 8.16129| 0.05 2.66451 0.45 3.05805 0.95 4.05807 1.45 5.97742 1.95 7.69999 2.45 8.1936 2.95 11.342 3.45 11.4065 3.95 7.6 4.45 7.6 4.95 7.6"
; filament_retract_before_travel = nil
; filament_retract_before_wipe = nil
; filament_retract_layer_change = nil
; filament_retract_length = nil
; filament_retract_length_toolchange = nil
; filament_retract_lift = nil
; filament_retract_lift_above = nil
; filament_retract_lift_below = nil
; filament_retract_restart_extra = nil
; filament_retract_restart_extra_toolchange = nil
; filament_retract_speed = nil
; filament_seam_gap_distance = nil
; filament_settings_id = "Extrudr XPETG Matt @Sparkcube"
; filament_shrinkage_compensation_xy = 0%
; filament_shrinkage_compensation_z = 0%
; filament_soluble = 0
; filament_spool_weight = 262
; filament_stamping_distance = 0
; filament_stamping_loading_speed = 20
; filament_toolchange_delay = 0
; filament_travel_lift_before_obstacle = nil
; filament_travel_max_lift = nil
; filament_travel_ramping_lift = nil
; filament_travel_slope = nil
; filament_type = PETG
; filament_unload_time = 0
; filament_unloading_speed = 20
; filament_unloading_speed_start = 100
; filament_vendor = Extrudr
; filament_wipe = nil
; fill_angle = 45
; fill_density = 100%
; fill_pattern = rectilinear
; first_layer_acceleration = 0
; first_layer_acceleration_over_raft = 0
; first_layer_bed_temperature = 87
; first_layer_extrusion_width = 0.42
; first_layer_height = 0.35
; first_layer_infill_speed = 0
; first_layer_speed = 30
; first_layer_speed_over_raft = 30
; first_layer_temperature = 230
; full_fan_speed_layer = 0
; fuzzy_skin = none
; fuzzy_skin_point_dist = 0.8
; fuzzy_skin_thickness = 0.3
; gap_fill_enabled = 1
; gap_fill_speed = 20
; gcode_comments = 0
; gcode_flavor = klipper
; gcode_label_objects = disabled
; gcode_resolution = 0.0125
; gcode_substitutions = 
; high_current_on_filament_swap = 0
; host_type = prusalink
; idle_temperature = nil
; infill_acceleration = 0
; infill_anchor = 600%
; infill_anchor_max = 50
; infill_every_layers = 1
; infill_extruder = 1
; infill_extrusion_width = 0.45
; infill_first = 0
; infill_overlap = 25%
; infill_speed = 70
; inherits_cummulative = ;"Extrudr XPETG Matt @Template";
; interface_shells = 0
; interlocking_beam = 0
; interlocking_beam_layer_count = 2
; interlocking_beam_width = 0.8
; interlocking_boundary_avoidance = 2
; interlocking_depth = 2
; interlocking_orientation = 22.5
; ironing = 0
; ironing_flowrate = 15%
; ironing_spacing = 0.1
; ironing_speed = 15
; ironing_type = top
; layer_gcode = 
; layer_height = 0.3
; machine_limits_usage = time_estimate_only
; machine_max_acceleration_e = 10000,5000
; machine_max_acceleration_extruding = 1500,1250
; machine_max_acceleration_retracting = 1500,1250
; machine_max_acceleration_travel = 1500,1250
; machine_max_acceleration_x = 9000,1000
; machine_max_acceleration_y = 9000,1000
; machine_max_acceleration_z = 500,200
; machine_max_feedrate_e = 120,120
; machine_max_feedrate_x = 500,200
; machine_max_feedrate_y = 500,200
; machine_max_feedrate_z = 12,12
; machine_max_jerk_e = 2.5,2.5
; machine_max_jerk_x = 10,10
; machine_max_jerk_y = 10,10
; machine_max_jerk_z = 0.2,0.4
; machine_min_extruding_rate = 0,0
; machine_min_travel_rate = 0,0
; max_fan_speed = 50
; max_layer_height = 0
; max_print_height = 170
; max_print_speed = 80
; max_volumetric_extrusion_rate_slope_negative = 0
; max_volumetric_extrusion_rate_slope_positive = 0
; max_volumetric_speed = 0
; min_bead_width = 85%
; min_fan_speed = 30
; min_feature_size = 25%
; min_layer_height = 0.07
; min_print_speed = 10
; min_skirt_length = 0
; mmu_segmented_region_interlocking_depth = 0
; mmu_segmented_region_max_width = 0
; multimaterial_purging = 140
; notes = 
; nozzle_diameter = 0.4
; nozzle_high_flow = 0
; only_one_perimeter_first_layer = 0
; only_retract_when_crossing_perimeters = 0
; ooze_prevention = 0
; output_filename_format = [input_filename_base].gcode
; over_bridge_speed = 0
; overhang_fan_speed_0 = 0
; overhang_fan_speed_1 = 0
; overhang_fan_speed_2 = 0
; overhang_fan_speed_3 = 0
; overhang_speed_0 = 15
; overhang_speed_1 = 15
; overhang_speed_2 = 20
; overhang_speed_3 = 25
; overhangs = 1
; parking_pos_retraction = 92
; pause_print_gcode = M601
; perimeter_acceleration = 0
; perimeter_extruder = 1
; perimeter_extrusion_width = 0.45
; perimeter_generator = arachne
; perimeter_speed = 60
; perimeters = 3
; physical_printer_settings_id = 
; post_process = 
; prefer_clockwise_movements = 0
; print_settings_id = Sparkcube default
; printer_model = 
; printer_notes = 
; printer_settings_id = Sparkcube
; printer_technology = FFF
; printer_variant = 
; printer_vendor = 
; raft_contact_distance = 0.1
; raft_expansion = 1.5
; raft_first_layer_density = 90%
; raft_first_layer_expansion = 3
; raft_layers = 0
; remaining_times = 0
; resolution = 0
; retract_before_travel = 2
; retract_before_wipe = 0%
; retract_layer_change = 0
; retract_length = 2
; retract_length_toolchange = 10
; retract_lift = 0
; retract_lift_above = 0
; retract_lift_below = 0
; retract_restart_extra = 0
; retract_restart_extra_toolchange = 0
; retract_speed = 40
; scarf_seam_entire_loop = 0
; scarf_seam_length = 20
; scarf_seam_max_segment_length = 1
; scarf_seam_on_inner_perimeters = 0
; scarf_seam_only_on_smooth = 1
; scarf_seam_placement = nowhere
; scarf_seam_start_height = 0%
; seam_gap_distance = 15%
; seam_position = aligned
; silent_mode = 1
; single_extruder_multi_material = 0
; single_extruder_multi_material_priming = 1
; skirt_distance = 6
; skirt_height = 1
; skirts = 1
; slice_closing_radius = 0.049
; slicing_mode = regular
; slowdown_below_layer_time = 20
; small_perimeter_speed = 30
; solid_infill_acceleration = 0
; solid_infill_below_area = 70
; solid_infill_every_layers = 0
; solid_infill_extruder = 1
; solid_infill_extrusion_width = 0.45
; solid_infill_speed = 50
; spiral_vase = 0
; staggered_inner_seams = 0
; standby_temperature_delta = -5
; start_filament_gcode = "; Filament gcode\n"
; start_gcode = G28 ; home all axes\nG1 Z5 F5000 ; lift nozzle\n
; support_material = 0
; support_material_angle = 0
; support_material_auto = 1
; support_material_bottom_contact_distance = 0
; support_material_bottom_interface_layers = -1
; support_material_buildplate_only = 0
; support_material_closing_radius = 2
; support_material_contact_distance = 0.2
; support_material_enforce_layers = 0
; support_material_extruder = 1
; support_material_extrusion_width = 0.35
; support_material_interface_contact_loops = 0
; support_material_interface_extruder = 1
; support_material_interface_layers = 3
; support_material_interface_pattern = rectilinear
; support_material_interface_spacing = 0
; support_material_interface_speed = 100%
; support_material_pattern = rectilinear
; support_material_spacing = 2.5
; support_material_speed = 60
; support_material_style = grid
; support_material_synchronize_layers = 0
; support_material_threshold = 0
; support_material_with_sheath = 1
; support_material_xy_spacing = 50%
; support_tree_angle = 40
; support_tree_angle_slow = 25
; support_tree_branch_diameter = 2
; support_tree_branch_diameter_angle = 5
; support_tree_branch_diameter_double_wall = 3
; support_tree_branch_distance = 1
; support_tree_tip_diameter = 0.8
; support_tree_top_rate = 15%
; temperature = 230
; template_custom_gcode = 
; thick_bridges = 1
; thin_walls = 1
; thumbnails = 
; thumbnails_format = PNG
; toolchange_gcode = 
; top_fill_pattern = monotonic
; top_infill_extrusion_width = 0.4
; top_one_perimeter_type = none
; top_solid_infill_acceleration = 0
; top_solid_infill_speed = 40
; top_solid_layers = 3
; top_solid_min_thickness = 0
; travel_acceleration = 0
; travel_lift_before_obstacle = 0
; travel_max_lift = 0
; travel_ramping_lift = 0
; travel_short_distance_acceleration = 0
; travel_slope = 0
; travel_speed = 130
; travel_speed_z = 0
; use_firmware_retraction = 0
; use_relative_e_distances = 0
; use_volumetric_e = 0
; variable_layer_height = 1
; wall_distribution_count = 1
; wall_transition_angle = 10
; wall_transition_filter_deviation = 25%
; wall_transition_length = 100%
; wipe = 0
; wipe_into_infill = 0
; wipe_into_objects = 0
; wipe_tower = 0
; wipe_tower_acceleration = 0
; wipe_tower_bridging = 10
; wipe_tower_brim_width = 2
; wipe_tower_cone_angle = 0
; wipe_tower_extra_flow = 100%
; wipe_tower_extra_spacing = 100%
; wipe_tower_extruder = 0
; wipe_tower_no_sparse_layers = 0
; wipe_tower_width = 60
; wiping_volumes_matrix = 0
; wiping_volumes_use_custom_matrix = 0
; xy_size_compensation = 0
; z_offset = 0
; prusaslicer_config = end
