; generated by PrusaSlicer 2.9.3 on 2026-03-03 at 18:22:52 UTC

; 

; external perimeters extrusion width = 0.45mm
; perimeters extrusion width = 0.45mm
; infill extrusion width = 0.45mm
; solid infill extrusion width = 0.45mm
; top infill extrusion width = 0.40mm
; support material extrusion width = 0.35mm
; first layer extrusion width = 0.42mm

M190 S87 ; set bed temperature and wait for it to be reached
M104 S230 ; set temperature
;TYPE:Custom
G28 ; home all axes
G1 Z5 F5000 ; lift nozzle
M109 S230 ; set temperature and wait for it to be reached
G21 ; set units to millimeters
G90 ; use absolute coordinates
M82 ; use absolute distances for extrusion
G92 E0
; Filament gcode
M107
;LAYER_CHANGE
;Z:0.35
;HEIGHT:0.35
G1 E-2 F2400
G92 E0
G1 Z.35 F7800
G92 E0
G1 X98.252 Y108.263
G1 E2 F2400
;TYPE:Perimeter
;WIDTH:0.42
G1 F1800
G1 X98.229 Y108.297 E2.00206
G1 X97.889 Y108.49 E2.02168
G1 X97.584 Y108.525 E2.03709
G1 X72.32 Y108.525 E3.30499
G1 X71.967 Y108.449 E3.32311
G1 X71.702 Y108.264 E3.33933
G1 X71.565 Y108.078 E3.35092
G1 X71.474 Y107.827 E3.36432
G1 X71.458 Y107.663 E3.37259
G1 X71.458 Y82.337 E4.6436
G1 X71.562 Y81.928 E4.66478
G1 X71.734 Y81.705 E4.67891
G1 X71.967 Y81.551 E4.69293
G1 X72.32 Y81.475 E4.71105
G1 X97.645 Y81.475 E5.98201
G1 X97.889 Y81.51 E5.99438
G1 X98.229 Y81.703 E6.014
G1 X98.384 Y81.892 E6.02627
G1 X98.464 Y82.066 E6.03588
G1 X98.508 Y82.337 E6.04966
G1 X98.508 Y107.663 E7.32067
G1 X98.464 Y107.934 E7.33445
G1 X98.284 Y108.212 E7.35107
G1 X98.01 Y108.022 F7800
G1 F1800
G1 X97.996 Y108.043 E7.35234
G1 X97.792 Y108.159 E7.36412
G1 X97.584 Y108.18 E7.37461
G1 X72.32 Y108.18 E8.64251
G1 X72.017 Y108.082 E8.65849
G1 X71.867 Y107.912 E8.66987
G1 X71.803 Y107.663 E8.68277
G1 X71.803 Y82.337 E9.95378
G1 X71.865 Y82.092 E9.96646
G1 X72.017 Y81.918 E9.97805
G1 X72.32 Y81.82 E9.99403
G1 X97.645 Y81.82 E11.26499
G1 X97.935 Y81.909 E11.28021
G1 X98.088 Y82.07 E11.29136
G1 X98.163 Y82.337 E11.30528
G1 X98.163 Y107.663 E12.57629
G1 X98.136 Y107.826 E12.58458
G1 X98.042 Y107.972 E12.59329
G1 X97.759 Y107.772 F7800
;TYPE:External perimeter
G1 F1800
G1 X97.742 Y107.806 E12.5952
G1 X97.584 Y107.835 E12.60326
G1 X72.32 Y107.835 E13.87116
G1 X72.178 Y107.76 E13.87922
G1 X72.148 Y107.663 E13.88432
G1 X72.148 Y82.337 E15.15533
G1 X72.219 Y82.198 E15.16316
G1 X72.32 Y82.165 E15.16849
G1 X97.645 Y82.165 E16.43945
G1 X97.781 Y82.231 E16.44704
G1 X97.818 Y82.337 E16.45267
G1 X97.818 Y107.663 E17.72368
G1 X97.788 Y107.719 E17.72687
G1 X97.403 Y107.829 F7800
G1 E15.72687 F2400
G92 E0
G1 X87.969 Y73.613 F7800
G1 E2 F2400
;TYPE:Perimeter
G1 F1800
G1 X90.286 Y74.062 E2.11844
G1 X92.556 Y74.772 E2.2378
G1 X94.736 Y75.728 E2.35726
G1 X96.796 Y76.918 E2.47665
G1 X98.714 Y78.327 E2.59609
G1 X100.465 Y79.939 E2.71553
G1 X102.027 Y81.734 E2.83495
G1 X103.383 Y83.689 E2.95435
G1 X104.516 Y85.782 E3.07379
G1 X105.411 Y87.987 E3.19322
G1 X106.059 Y90.277 E3.31266
G1 X106.451 Y92.624 E3.43208
G1 X106.57 Y94.778 E3.54035
G1 X106.57 Y95.222 E3.56263
G1 X106.451 Y97.376 E3.6709
G1 X106.059 Y99.723 E3.79032
G1 X105.411 Y102.013 E3.90976
G1 X104.516 Y104.218 E4.02919
G1 X103.383 Y106.311 E4.14863
G1 X102.027 Y108.266 E4.26803
G1 X100.465 Y110.061 E4.38745
G1 X98.714 Y111.673 E4.50689
G1 X96.796 Y113.082 E4.62633
G1 X94.736 Y114.272 E4.74572
G1 X92.556 Y115.228 E4.86518
G1 X90.285 Y115.938 E4.98459
G1 X87.95 Y116.394 E5.10399
G1 X85.578 Y116.591 E5.22344
G1 X83.199 Y116.525 E5.34288
G1 X80.842 Y116.198 E5.4623
G1 X78.563 Y115.621 E5.58028
G1 X76.306 Y114.779 E5.70117
G1 X74.183 Y113.705 E5.82057
G1 X72.191 Y112.404 E5.93997
G1 X70.354 Y110.891 E6.05941
G1 X68.695 Y109.185 E6.17883
G1 X67.233 Y107.307 E6.29827
G1 X65.987 Y105.28 E6.41768
G1 X64.972 Y103.128 E6.53709
G1 X64.199 Y100.877 E6.65653
G1 X63.679 Y98.555 E6.77595
G1 X63.417 Y96.19 E6.89537
G1 X63.417 Y93.81 E7.01481
G1 X63.679 Y91.445 E7.13423
G1 X64.199 Y89.123 E7.25365
G1 X64.972 Y86.872 E7.37309
G1 X65.987 Y84.72 E7.4925
G1 X67.233 Y82.693 E7.61191
G1 X68.678 Y80.837 E7.72996
G1 X70.355 Y79.109 E7.85081
G1 X72.191 Y77.596 E7.97021
G1 X74.183 Y76.295 E8.08961
G1 X76.307 Y75.22 E8.20908
G1 X78.535 Y74.386 E8.32847
G1 X80.842 Y73.802 E8.4479
G1 X83.199 Y73.475 E8.56732
G1 X85.578 Y73.409 E8.68676
G1 X87.91 Y73.603 E8.8042
G1 X87.998 Y73.267 F7800
G1 F1800
G1 X90.37 Y73.727 E8.92546
G1 X92.677 Y74.449 E9.04678
G1 X94.891 Y75.42 E9.16811
G1 X96.985 Y76.629 E9.28946
G1 X98.933 Y78.061 E9.41079
G1 X100.712 Y79.698 E9.53212
G1 X102.3 Y81.522 E9.65349
G1 X103.678 Y83.508 E9.7748
G1 X104.828 Y85.635 E9.89615
G1 X105.738 Y87.875 E10.01749
G1 X106.396 Y90.201 E10.1388
G1 X106.794 Y92.586 E10.26015
G1 X106.914 Y94.759 E10.36937
G1 X106.914 Y95.241 E10.39356
G1 X106.794 Y97.414 E10.50278
G1 X106.396 Y99.799 E10.62413
G1 X105.738 Y102.125 E10.74544
G1 X104.828 Y104.365 E10.86678
G1 X103.678 Y106.492 E10.98813
G1 X102.3 Y108.478 E11.10944
G1 X100.712 Y110.302 E11.23081
G1 X98.933 Y111.939 E11.35214
G1 X96.985 Y113.371 E11.47347
G1 X94.891 Y114.58 E11.59482
G1 X92.677 Y115.551 E11.71615
G1 X90.37 Y116.273 E11.83747
G1 X87.997 Y116.736 E11.95881
G1 X85.588 Y116.936 E12.08012
G1 X83.171 Y116.869 E12.20147
G1 X80.776 Y116.537 E12.32281
G1 X78.46 Y115.951 E12.4427
G1 X76.168 Y115.096 E12.56547
G1 X74.011 Y114.004 E12.6868
G1 X71.987 Y112.682 E12.80812
G1 X70.12 Y111.145 E12.92948
G1 X68.435 Y109.412 E13.05079
G1 X66.95 Y107.504 E13.17213
G1 X65.684 Y105.444 E13.29348
G1 X64.652 Y103.258 E13.4148
G1 X63.867 Y100.971 E13.53615
G1 X63.338 Y98.612 E13.65748
G1 X63.072 Y96.209 E13.77881
G1 X63.072 Y93.791 E13.90016
G1 X63.338 Y91.388 E14.02149
G1 X63.867 Y89.029 E14.14282
G1 X64.652 Y86.742 E14.26417
G1 X65.684 Y84.556 E14.38549
G1 X66.95 Y82.496 E14.50684
G1 X68.417 Y80.611 E14.62671
G1 X70.121 Y78.855 E14.74951
G1 X71.987 Y77.318 E14.87083
G1 X74.011 Y75.996 E14.99215
G1 X76.168 Y74.904 E15.11348
G1 X78.432 Y74.056 E15.23481
G1 X80.776 Y73.463 E15.35615
G1 X83.171 Y73.131 E15.47749
G1 X85.588 Y73.064 E15.59884
G1 X87.939 Y73.259 E15.71723
G1 X88.027 Y72.921 F7800
;TYPE:External perimeter
G1 F1800
G1 X90.455 Y73.392 E15.84135
G1 X92.799 Y74.125 E15.9646
G1 X95.047 Y75.112 E16.08781
G1 X97.174 Y76.34 E16.21107
G1 X99.153 Y77.794 E16.33431
G1 X100.96 Y79.457 E16.45756
G1 X102.573 Y81.309 E16.58081
G1 X103.972 Y83.327 E16.70404
G1 X105.141 Y85.487 E16.8273
G1 X106.065 Y87.763 E16.95058
G1 X106.733 Y90.126 E17.07382
G1 X107.137 Y92.548 E17.19705
G1 X107.258 Y94.74 E17.30722
G1 X107.258 Y95.26 E17.33332
G1 X107.137 Y97.452 E17.44349
G1 X106.733 Y99.874 E17.56672
G1 X106.065 Y102.237 E17.68996
G1 X105.141 Y104.513 E17.81324
G1 X103.972 Y106.673 E17.9365
G1 X102.573 Y108.691 E18.05973
G1 X100.96 Y110.543 E18.18298
G1 X99.153 Y112.206 E18.30623
G1 X97.174 Y113.66 E18.42947
G1 X95.047 Y114.888 E18.55273
G1 X92.799 Y115.875 E18.67594
G1 X90.455 Y116.608 E18.79919
G1 X88.044 Y117.078 E18.92247
G1 X85.597 Y117.281 E19.0457
G1 X83.142 Y117.214 E19.16895
G1 X80.71 Y116.876 E19.29218
G1 X78.357 Y116.28 E19.414
G1 X76.029 Y115.412 E19.53869
G1 X73.838 Y114.303 E19.66193
G1 X71.782 Y112.96 E19.78517
G1 X69.887 Y111.399 E19.90838
G1 X68.174 Y109.639 E20.03164
G1 X66.666 Y107.701 E20.15488
G1 X65.38 Y105.609 E20.27812
G1 X64.332 Y103.388 E20.40137
G1 X63.534 Y101.065 E20.52464
G1 X62.997 Y98.669 E20.64787
G1 X62.727 Y96.228 E20.77112
G1 X62.727 Y93.772 E20.89438
G1 X62.997 Y91.331 E21.01763
G1 X63.534 Y88.935 E21.14086
G1 X64.332 Y86.612 E21.26413
G1 X65.38 Y84.391 E21.38738
G1 X66.666 Y82.299 E21.51062
G1 X68.156 Y80.384 E21.63239
G1 X69.887 Y78.601 E21.7571
G1 X71.782 Y77.04 E21.88031
G1 X73.838 Y75.697 E22.00355
G1 X76.029 Y74.588 E22.12679
G1 X78.329 Y73.727 E22.25004
G1 X80.71 Y73.124 E22.3733
G1 X83.142 Y72.786 E22.49653
G1 X85.597 Y72.719 E22.61978
G1 X87.967 Y72.915 E22.73913
G1 X88.361 Y72.987 F7800
G1 E20.73913 F2400
G92 E0
G1 X98.337 Y78.179 F7800
G1 E2 F2400
;TYPE:Solid infill
;WIDTH:0.421922
G1 F1800
G1 X100.286 Y80.128 E2.1391
G1 X101.823 Y81.893 E2.25721
G1 X102.417 Y82.749 E2.30979
G1 X97.213 Y77.545 E2.68119
G1 X96.655 Y77.135 E2.71613
G1 X95.844 Y76.667 E2.76338
G1 X103.352 Y84.175 E3.29922
G1 X103.931 Y85.244 E3.36057
G1 X94.684 Y75.997 E4.02052
G1 X93.794 Y75.598 E4.06974
G1 X104.414 Y86.218 E4.82768
G1 X104.749 Y87.043 E4.87262
G1 X92.92 Y75.215 E5.71681
G1 X92.465 Y75.015 E5.74189
G1 X92.123 Y74.908 E5.75997
G1 X105.085 Y87.869 E6.68502
G1 X105.166 Y88.071 E6.696
G1 X105.313 Y88.588 E6.72312
G1 X91.41 Y74.685 E7.71536
G1 X90.696 Y74.462 E7.75311
G1 X97.451 Y81.217 E8.23521
G1 X96.96 Y81.217 E8.25999
G1 X90.018 Y74.274 E8.75547
G1 X89.409 Y74.156 E8.78678
G1 X96.47 Y81.217 E9.29072
G1 X95.979 Y81.217 E9.3155
G1 X88.8 Y74.038 E9.82786
G1 X88.192 Y73.92 E9.85912
G1 X95.489 Y81.217 E10.3799
G1 X94.999 Y81.217 E10.40463
G1 X87.62 Y73.838 E10.93126
G1 X87.085 Y73.794 E10.95835
G1 X94.508 Y81.217 E11.48812
G1 X94.018 Y81.217 E11.51285
G1 X86.551 Y73.749 E12.0458
G1 X86.016 Y73.705 E12.07289
G1 X93.527 Y81.217 E12.60898
G1 X93.037 Y81.217 E12.63371
G1 X85.491 Y73.671 E13.17226
G1 X85.013 Y73.684 E13.19639
G1 X92.546 Y81.217 E13.73401
G1 X92.056 Y81.217 E13.75874
G1 X84.536 Y73.697 E14.29544
G1 X84.059 Y73.71 E14.31952
G1 X91.565 Y81.217 E14.85525
G1 X91.075 Y81.217 E14.87998
G1 X83.581 Y73.723 E15.41482
G1 X83.115 Y73.748 E15.43837
G1 X90.584 Y81.217 E15.97143
G1 X90.094 Y81.217 E15.99616
G1 X82.685 Y73.807 E16.52497
G1 X82.254 Y73.867 E16.54693
G1 X89.603 Y81.217 E17.07146
G1 X89.113 Y81.217 E17.09619
G1 X81.823 Y73.927 E17.61647
G1 X81.393 Y73.987 E17.63838
G1 X88.622 Y81.217 E18.15434
G1 X88.132 Y81.217 E18.17907
G1 X80.962 Y74.046 E18.69082
G1 X80.564 Y74.139 E18.71145
G1 X87.642 Y81.217 E19.2166
G1 X87.151 Y81.217 E19.24138
G1 X80.173 Y74.238 E19.73943
G1 X79.781 Y74.337 E19.75983
G1 X86.661 Y81.217 E20.25085
G1 X86.17 Y81.217 E20.27563
G1 X79.39 Y74.436 E20.75955
G1 X78.999 Y74.535 E20.7799
G1 X85.68 Y81.217 E21.25675
G1 X85.189 Y81.217 E21.28153
G1 X78.608 Y74.635 E21.75125
G1 X78.251 Y74.769 E21.77049
G1 X84.699 Y81.217 E22.23068
G1 X84.208 Y81.217 E22.25546
G1 X77.894 Y74.902 E22.70612
G1 X77.537 Y75.036 E22.72536
G1 X83.718 Y81.217 E23.16649
G1 X83.227 Y81.217 E23.19127
G1 X77.18 Y75.169 E23.62287
G1 X76.823 Y75.303 E23.64211
G1 X82.737 Y81.217 E24.06419
G1 X82.246 Y81.217 E24.08897
G1 X76.467 Y75.437 E24.50145
G1 X76.136 Y75.597 E24.52
G1 X81.756 Y81.217 E24.92109
G1 X81.265 Y81.217 E24.94587
G1 X75.81 Y75.761 E25.33522
G1 X75.485 Y75.926 E25.35361
G1 X80.775 Y81.217 E25.73119
G1 X80.285 Y81.217 E25.75592
G1 X75.159 Y76.091 E26.12176
G1 X74.833 Y76.256 E26.1402
G1 X79.794 Y81.217 E26.49426
G1 X79.304 Y81.217 E26.51899
G1 X74.508 Y76.421 E26.86128
G1 X74.313 Y76.519 E26.87229
G1 X74.194 Y76.597 E26.87947
G1 X78.813 Y81.217 E27.20916
G1 X78.323 Y81.217 E27.23389
G1 X73.897 Y76.791 E27.54977
G1 X73.6 Y76.985 E27.56767
G1 X77.832 Y81.217 E27.8697
G1 X77.342 Y81.217 E27.89443
G1 X73.304 Y77.179 E28.18262
G1 X73.007 Y77.372 E28.20049
G1 X76.851 Y81.217 E28.47487
G1 X76.361 Y81.217 E28.4996
G1 X72.71 Y77.566 E28.76017
G1 X72.414 Y77.76 E28.77803
G1 X75.87 Y81.217 E29.02472
G1 X75.38 Y81.217 E29.04945
G1 X72.138 Y77.975 E29.28083
G1 X71.869 Y78.197 E29.29843
G1 X74.889 Y81.217 E29.51396
G1 X74.399 Y81.217 E29.53869
G1 X71.601 Y78.418 E29.73842
G1 X71.332 Y78.64 E29.75602
G1 X73.909 Y81.217 E29.93994
G1 X73.418 Y81.217 E29.96472
G1 X71.063 Y78.861 E30.13283
G1 X70.794 Y79.083 E30.15043
G1 X72.928 Y81.217 E30.30273
G1 X72.437 Y81.217 E30.32751
G1 X70.525 Y79.305 E30.46397
G1 X70.284 Y79.554 E30.48146
G1 X72.011 Y81.281 E30.60471
G1 X71.865 Y81.312 E30.61224
G1 X71.667 Y81.427 E30.6238
G1 X70.042 Y79.803 E30.73974
G1 X69.801 Y80.051 E30.75719
G1 X71.429 Y81.68 E30.87341
G1 X71.333 Y81.804 E30.88132
G1 X71.263 Y82.004 E30.89201
G1 X69.559 Y80.3 E31.01362
G1 X69.318 Y80.549 E31.03111
G1 X71.199 Y82.431 E31.16539
G1 X71.199 Y82.922 E31.19017
G1 X69.076 Y80.798 E31.34172
G1 X68.839 Y81.051 E31.35921
G1 X71.199 Y83.412 E31.52768
G1 X71.199 Y83.903 E31.55246
G1 X68.624 Y81.327 E31.73627
G1 X68.409 Y81.603 E31.75393
G1 X71.199 Y84.393 E31.95305
G1 X71.199 Y84.884 E31.97783
G1 X68.195 Y81.879 E32.19226
G1 X67.98 Y82.155 E32.20992
G1 X71.199 Y85.374 E32.43966
G1 X71.199 Y85.864 E32.46439
G1 X67.765 Y82.43 E32.70947
G1 X67.551 Y82.706 E32.72709
G1 X71.199 Y86.355 E32.98748
G1 X71.199 Y86.845 E33.01221
G1 X67.35 Y82.996 E33.28691
G1 X67.164 Y83.3 E33.3049
G1 X71.199 Y87.336 E33.59291
G1 X71.199 Y87.826 E33.61764
G1 X66.977 Y83.604 E33.91896
G1 X66.79 Y83.908 E33.93697
G1 X71.199 Y88.317 E34.25164
G1 X71.199 Y88.807 E34.27637
G1 X66.604 Y84.211 E34.60435
G1 X66.417 Y84.515 E34.62236
G1 X71.199 Y89.298 E34.96368
G1 X71.199 Y89.788 E34.98841
G1 X66.23 Y84.819 E35.34304
G1 X66.071 Y85.15 E35.36157
G1 X71.199 Y90.279 E35.72759
G1 X71.199 Y90.769 E35.75232
G1 X65.913 Y85.483 E36.12958
G1 X65.756 Y85.816 E36.14816
G1 X71.199 Y91.26 E36.53666
G1 X71.199 Y91.75 E36.56139
G1 X65.599 Y86.149 E36.96109
G1 X65.442 Y86.483 E36.97971
G1 X71.199 Y92.241 E37.39062
G1 X71.199 Y92.731 E37.41535
G1 X65.284 Y86.816 E37.8375
G1 X65.144 Y87.166 E37.85652
G1 X71.199 Y93.221 E38.28866
G1 X71.199 Y93.712 E38.31344
G1 X65.019 Y87.531 E38.75454
G1 X64.894 Y87.896 E38.77401
G1 X71.199 Y94.202 E39.22403
G1 X71.199 Y94.693 E39.24881
G1 X64.768 Y88.262 E39.70778
G1 X64.643 Y88.627 E39.72725
G1 X71.199 Y95.183 E40.19515
G1 X71.199 Y95.674 E40.21993
G1 X64.518 Y88.992 E40.69678
G1 X64.408 Y89.373 E40.71679
G1 X71.199 Y96.164 E41.20146
G1 X71.199 Y96.655 E41.22624
G1 X64.318 Y89.774 E41.71733
G1 X64.229 Y90.174 E41.73801
G1 X71.199 Y97.145 E42.23549
G1 X71.199 Y97.636 E42.26027
G1 X64.139 Y90.575 E42.76417
G1 X64.049 Y90.976 E42.78491
G1 X71.199 Y98.126 E43.2952
G1 X71.199 Y98.617 E43.31998
G1 X63.959 Y91.376 E43.83673
G1 X63.934 Y91.488 E43.84252
G1 X63.899 Y91.806 E43.85866
G1 X71.199 Y99.107 E44.37969
G1 X71.199 Y99.598 E44.40447
G1 X63.85 Y92.248 E44.929
G1 X63.801 Y92.69 E44.95144
G1 X71.199 Y100.088 E45.47943
G1 X71.199 Y100.578 E45.50416
G1 X63.752 Y93.131 E46.03565
G1 X63.703 Y93.573 E46.05809
G1 X71.199 Y101.069 E46.59307
G1 X71.199 Y101.559 E46.6178
G1 X63.676 Y94.035 E47.15475
G1 X63.676 Y94.526 E47.17953
G1 X71.199 Y102.05 E47.71648
G1 X71.199 Y102.54 E47.74121
G1 X63.676 Y95.016 E48.27816
G1 X63.676 Y95.507 E48.30294
G1 X71.199 Y103.031 E48.83989
G1 X71.199 Y103.521 E48.86462
G1 X63.676 Y95.997 E49.40157
G1 X63.676 Y96.176 E49.4106
G1 X63.714 Y96.527 E49.42842
G1 X71.199 Y104.012 E49.96262
G1 X71.199 Y104.502 E49.98735
G1 X63.775 Y97.078 E50.51719
G1 X63.836 Y97.63 E50.54522
G1 X71.199 Y104.993 E51.07071
G1 X71.199 Y105.483 E51.09544
G1 X63.898 Y98.181 E51.61654
G1 X63.934 Y98.512 E51.63334
G1 X63.991 Y98.765 E51.64643
G1 X71.199 Y105.974 E52.16089
G1 X71.199 Y106.464 E52.18562
G1 X64.132 Y99.397 E52.68999
G1 X64.274 Y100.029 E52.72268
G1 X71.199 Y106.954 E53.21691
G1 X71.199 Y107.445 E53.24169
G1 X64.211 Y100.456 E53.74045
G1 E51.74045 F2400
G92 E0
G1 X105.731 Y89.497 F7800
G1 E2 F2400
G1 F1800
G1 X98.766 Y82.532 E2.49709
G1 X98.766 Y83.023 E2.52187
G1 X105.699 Y89.956 E3.01667
G1 X105.806 Y90.333 E3.03645
G1 X105.85 Y90.597 E3.04996
G1 X98.766 Y83.513 E3.55554
G1 X98.766 Y84.003 E3.58027
G1 X105.948 Y91.186 E4.09288
G1 X106.047 Y91.774 E4.12297
G1 X98.766 Y84.494 E4.64257
G1 X98.766 Y84.984 E4.6673
G1 X106.145 Y92.363 E5.19393
G1 X106.193 Y92.652 E5.20871
G1 X106.208 Y92.916 E5.22205
G1 X98.766 Y85.475 E5.75314
G1 X98.766 Y85.965 E5.77787
G1 X106.236 Y93.435 E6.311
G1 X106.265 Y93.954 E6.33723
G1 X98.766 Y86.456 E6.87239
G1 X98.766 Y86.946 E6.89712
G1 X106.294 Y94.474 E7.43439
G1 X106.322 Y94.993 E7.46062
G1 X98.766 Y87.437 E7.99988
G1 X98.766 Y87.927 E8.02461
G1 X106.297 Y95.458 E8.56209
G1 X106.272 Y95.923 E8.58559
G1 X98.766 Y88.418 E9.12125
G1 X98.766 Y88.908 E9.14598
G1 X106.246 Y96.388 E9.67982
G1 X106.22 Y96.853 E9.70332
G1 X98.766 Y89.399 E10.2353
G1 X98.766 Y89.889 E10.26003
G1 X106.195 Y97.318 E10.79023
G1 X106.193 Y97.348 E10.79175
G1 X106.128 Y97.741 E10.81185
G1 X98.766 Y90.38 E11.33723
G1 X98.766 Y90.87 E11.36196
G1 X106.057 Y98.161 E11.88231
G1 X105.987 Y98.581 E11.9038
G1 X98.766 Y91.36 E12.41916
G1 X98.766 Y91.851 E12.44394
G1 X105.917 Y99.002 E12.9543
G1 X105.847 Y99.422 E12.97579
G1 X98.766 Y92.341 E13.48115
G1 X98.766 Y92.832 E13.50593
G1 X105.761 Y99.826 E14.00512
G1 X105.653 Y100.209 E14.0252
G1 X98.766 Y93.322 E14.51672
G1 X98.766 Y93.813 E14.5415
G1 X105.545 Y100.591 E15.02528
G1 X105.437 Y100.974 E15.04536
G1 X98.766 Y94.303 E15.52146
G1 X98.766 Y94.794 E15.54624
G1 X105.329 Y101.356 E16.0146
G1 X105.22 Y101.738 E16.03465
G1 X98.766 Y95.284 E16.49527
G1 X98.766 Y95.775 E16.52005
G1 X105.095 Y102.104 E16.97174
G1 X104.954 Y102.453 E16.99074
G1 X98.766 Y96.265 E17.43237
G1 X98.766 Y96.756 E17.45715
G1 X104.812 Y102.801 E17.88861
G1 X104.67 Y103.15 E17.90762
G1 X98.766 Y97.246 E18.32898
G1 X98.766 Y97.736 E18.35371
G1 X104.529 Y103.499 E18.76501
G1 X104.387 Y103.848 E18.78402
G1 X98.766 Y98.227 E19.18519
G1 X98.766 Y98.717 E19.20992
G1 X104.238 Y104.189 E19.60045
G1 X104.065 Y104.507 E19.61872
G1 X98.766 Y99.208 E19.9969
G1 X98.766 Y99.698 E20.02163
G1 X103.893 Y104.825 E20.38754
G1 X103.721 Y105.143 E20.40579
G1 X98.766 Y100.189 E20.75939
G1 X98.766 Y100.679 E20.78412
G1 X103.549 Y105.462 E21.12548
G1 X103.377 Y105.78 E21.14373
G1 X98.766 Y101.17 E21.47278
G1 X98.766 Y101.66 E21.49751
G1 X103.204 Y106.098 E21.81425
G1 X103.01 Y106.395 E21.83215
G1 X98.766 Y102.151 E22.13504
G1 X98.766 Y102.641 E22.15977
G1 X102.81 Y106.684 E22.44835
G1 X102.609 Y106.974 E22.46616
G1 X98.766 Y103.132 E22.7404
G1 X98.766 Y103.622 E22.76513
G1 X102.408 Y107.264 E23.02506
G1 X102.207 Y107.553 E23.04283
G1 X98.766 Y104.113 E23.28838
G1 X98.766 Y104.603 E23.31311
G1 X102.006 Y107.843 E23.54435
G1 X101.803 Y108.13 E23.56209
G1 X98.766 Y105.093 E23.77884
G1 X98.766 Y105.584 E23.80362
G1 X101.575 Y108.392 E24.00406
G1 X101.346 Y108.654 E24.02162
G1 X98.766 Y106.074 E24.20575
G1 X98.766 Y106.565 E24.23053
G1 X101.118 Y108.917 E24.39839
G1 X100.89 Y109.179 E24.41592
G1 X98.766 Y107.055 E24.56751
G1 X98.766 Y107.546 E24.59229
G1 X100.661 Y109.441 E24.72753
G1 X100.433 Y109.703 E24.74506
G1 X98.715 Y107.985 E24.86767
G1 X98.552 Y108.312 E24.88611
G1 X100.196 Y109.956 E25.00344
G1 X99.941 Y110.192 E25.02097
G1 X98.31 Y108.561 E25.13737
G1 X98.249 Y108.608 E25.14126
G1 X97.986 Y108.728 E25.15585
G1 X99.685 Y110.427 E25.27711
G1 X99.43 Y110.662 E25.29461
G1 X97.552 Y108.783 E25.42868
G1 X97.061 Y108.783 E25.45346
G1 X99.175 Y110.897 E25.60433
G1 X98.919 Y111.132 E25.62187
G1 X96.571 Y108.783 E25.78948
G1 X96.08 Y108.783 E25.81426
G1 X98.664 Y111.367 E25.99868
G1 X98.393 Y111.587 E26.0163
G1 X95.59 Y108.783 E26.21638
G1 X95.099 Y108.783 E26.24116
G1 X98.111 Y111.795 E26.45612
G1 X97.828 Y112.003 E26.47384
G1 X94.609 Y108.783 E26.70361
G1 X94.118 Y108.783 E26.72839
G1 X97.545 Y112.21 E26.97297
G1 X97.263 Y112.418 E26.99065
G1 X93.628 Y108.783 E27.25008
G1 X93.138 Y108.783 E27.27481
G1 X96.98 Y112.626 E27.54905
G1 X96.697 Y112.834 E27.56677
G1 X92.647 Y108.783 E27.85585
G1 X92.157 Y108.783 E27.88058
G1 X96.391 Y113.017 E28.18276
G1 X96.08 Y113.197 E28.20089
G1 X91.666 Y108.783 E28.51591
G1 X91.176 Y108.783 E28.54064
G1 X95.769 Y113.376 E28.86844
G1 X95.458 Y113.556 E28.88657
G1 X90.685 Y108.783 E29.22721
G1 X90.195 Y108.783 E29.25194
G1 X95.147 Y113.736 E29.6054
G1 X94.836 Y113.915 E29.62351
G1 X89.704 Y108.783 E29.98978
G1 X89.214 Y108.783 E30.01451
G1 X94.516 Y114.086 E30.39294
G1 X94.175 Y114.235 E30.41172
G1 X88.723 Y108.783 E30.80082
G1 X88.233 Y108.783 E30.82555
G1 X93.834 Y114.385 E31.22532
G1 X93.493 Y114.534 E31.2441
G1 X87.742 Y108.783 E31.65454
G1 X87.252 Y108.783 E31.67927
G1 X93.152 Y114.684 E32.10038
G1 X92.811 Y114.833 E32.11916
G1 X86.761 Y108.783 E32.55094
G1 X86.271 Y108.783 E32.57567
G1 X92.47 Y114.983 E33.01812
G1 X92.097 Y115.1 E33.03785
G1 X85.781 Y108.783 E33.48865
G1 X85.29 Y108.783 E33.51343
G1 X91.724 Y115.217 E33.97262
G1 X91.35 Y115.334 E33.9924
G1 X84.8 Y108.783 E34.4599
G1 X84.309 Y108.783 E34.48468
G1 X90.976 Y115.451 E34.96053
G1 X90.603 Y115.568 E34.98026
G1 X83.819 Y108.783 E35.46446
G1 X83.328 Y108.783 E35.48924
G1 X90.229 Y115.684 E35.98176
G1 X89.82 Y115.765 E36.0028
G1 X82.838 Y108.783 E36.5011
G1 X82.347 Y108.783 E36.52588
G1 X89.409 Y115.845 E37.02989
G1 X88.999 Y115.926 E37.05098
G1 X81.857 Y108.783 E37.56073
G1 X81.366 Y108.783 E37.58551
G1 X88.589 Y116.006 E38.10101
G1 X88.178 Y116.086 E38.12214
G1 X80.876 Y108.783 E38.64331
G1 X80.385 Y108.783 E38.66809
G1 X87.753 Y116.151 E39.19394
G1 X87.3 Y116.188 E39.21688
G1 X79.895 Y108.783 E39.74537
G1 X79.404 Y108.783 E39.77015
G1 X86.847 Y116.226 E40.30135
G1 X86.394 Y116.263 E40.32429
G1 X78.914 Y108.783 E40.85813
G1 X78.424 Y108.783 E40.88286
G1 X85.941 Y116.301 E41.41938
G1 X85.479 Y116.329 E41.44274
G1 X77.933 Y108.783 E41.98129
G1 X77.443 Y108.783 E42.00602
G1 X84.974 Y116.315 E42.54354
G1 X84.47 Y116.301 E42.56898
G1 X76.952 Y108.783 E43.10553
G1 X76.462 Y108.783 E43.13026
G1 X83.966 Y116.287 E43.66581
G1 X83.461 Y116.274 E43.6913
G1 X75.971 Y108.783 E44.22589
G1 X75.481 Y108.783 E44.25062
G1 X82.923 Y116.226 E44.78178
G1 X82.354 Y116.147 E44.81077
G1 X74.99 Y108.783 E45.33633
G1 X74.5 Y108.783 E45.36106
G1 X81.784 Y116.068 E45.88095
G1 X81.215 Y115.989 E45.90994
G1 X74.009 Y108.783 E46.42423
G1 X73.519 Y108.783 E46.44896
G1 X80.607 Y115.872 E46.95486
G1 X79.951 Y115.706 E46.98901
G1 X73.028 Y108.783 E47.4831
G1 X72.538 Y108.783 E47.50783
G1 X79.294 Y115.539 E47.99
G1 X78.64 Y115.374 E48.02404
G1 X64.646 Y101.382 E49.02271
G1 X64.902 Y102.129 E49.06256
G1 X77.854 Y115.081 E49.98693
G1 X77.072 Y114.789 E50.02906
G1 X65.159 Y102.875 E50.87932
G1 X65.212 Y103.03 E50.88759
G1 X65.559 Y103.766 E50.92865
G1 X76.258 Y114.465 E51.69223
G1 X75.265 Y113.962 E51.7484
G1 X65.997 Y104.695 E52.40981
G1 X66.215 Y105.157 E52.43559
G1 X66.609 Y105.797 E52.47352
G1 X74.254 Y113.442 E53.01914
G1 X72.839 Y112.518 E53.10443
G1 X67.391 Y107.07 E53.49325
G1 X68.89 Y109.015 E53.61717
G1 X70.489 Y110.658 E53.73287
G1 X71.676 Y111.845 E53.81759
;LAYER_CHANGE
;Z:0.65
;HEIGHT:0.3
G1 E51.81759 F2400
G92 E0
G1 Z.65 F7800
G1 X98.313 Y108.33
G1 E2 F2400
;TYPE:Perimeter
;WIDTH:0.45
G1 F3600
G1 X98.161 Y108.469 E2.00991
G1 X97.912 Y108.582 E2.02306
G1 X97.584 Y108.621 E2.03895
G1 X72.326 Y108.621 E3.25377
G1 X71.929 Y108.536 E3.2733
G1 X71.635 Y108.329 E3.29059
G1 X71.481 Y108.122 E3.303
G1 X71.38 Y107.843 E3.31727
G1 X71.362 Y107.657 E3.32626
G1 X71.362 Y82.343 E4.54378
G1 X71.38 Y82.157 E4.55277
G1 X71.529 Y81.8 E4.57138
G1 X71.761 Y81.561 E4.5874
G1 X71.929 Y81.464 E4.59673
G1 X72.326 Y81.379 E4.61626
G1 X97.64 Y81.379 E5.83378
G1 X97.912 Y81.418 E5.847
G1 X98.293 Y81.634 E5.86806
G1 X98.466 Y81.845 E5.88118
G1 X98.555 Y82.039 E5.89145
G1 X98.604 Y82.343 E5.90626
G1 X98.604 Y107.657 E7.12378
G1 X98.555 Y107.961 E7.13859
G1 X98.4 Y108.251 E7.15441
G1 X98.357 Y108.29 E7.1572
G1 X98.047 Y108.06 F7800
G1 F3600
G1 X98.032 Y108.083 E7.15852
G1 X97.804 Y108.212 E7.17112
G1 X97.584 Y108.236 E7.18176
G1 X72.326 Y108.236 E8.39658
G1 X71.987 Y108.126 E8.41372
G1 X71.819 Y107.936 E8.42592
G1 X71.747 Y107.657 E8.43978
G1 X71.747 Y82.343 E9.6573
G1 X71.819 Y82.064 E9.67116
G1 X71.987 Y81.874 E9.68336
G1 X72.326 Y81.764 E9.7005
G1 X97.64 Y81.764 E10.91802
G1 X97.952 Y81.856 E10.93366
G1 X98.135 Y82.044 E10.94628
G1 X98.219 Y82.343 E10.96122
G1 X98.219 Y107.657 E12.17874
G1 X98.189 Y107.84 E12.18766
G1 X98.079 Y108.009 E12.19736
G1 X97.776 Y107.786 F7800
;TYPE:External perimeter
G1 F1800
G1 X97.771 Y107.799 E12.19803
G1 X97.64 Y107.85 E12.20479
G1 X72.326 Y107.85 E13.42231
G1 X72.188 Y107.792 E13.42951
G1 X72.133 Y107.657 E13.43652
G1 X72.133 Y82.343 E14.65404
G1 X72.195 Y82.201 E14.66149
G1 X72.326 Y82.15 E14.66825
G1 X97.64 Y82.15 E15.88577
G1 X97.792 Y82.224 E15.8939
G1 X97.833 Y82.343 E15.89995
G1 X97.833 Y107.657 E17.11747
G1 X97.801 Y107.731 E17.12135
G1 X97.417 Y107.844 F7800
G1 E15.12135 F2400
G92 E0
G1 X87.961 Y73.715 F7800
G1 E2 F2400
;TYPE:Perimeter
G1 F3600
G1 X90.263 Y74.156 E2.11273
G1 X92.522 Y74.863 E2.22658
G1 X94.692 Y75.815 E2.34055
G1 X96.744 Y76.999 E2.45449
G1 X98.652 Y78.402 E2.5684
G1 X100.395 Y80.007 E2.68236
G1 X101.951 Y81.793 E2.79629
G1 X103.301 Y83.74 E2.91024
G1 X104.429 Y85.823 E3.02417
G1 X105.32 Y88.018 E3.13811
G1 X105.965 Y90.298 E3.25207
G1 X106.355 Y92.635 E3.36603
G1 X106.473 Y94.783 E3.4695
G1 X106.473 Y95.217 E3.49037
G1 X106.355 Y97.365 E3.59384
G1 X105.965 Y99.702 E3.7078
G1 X105.32 Y101.982 E3.82176
G1 X104.429 Y104.177 E3.9357
G1 X103.301 Y106.26 E4.04963
G1 X101.951 Y108.207 E4.16358
G1 X100.395 Y109.993 E4.27751
G1 X98.652 Y111.598 E4.39147
G1 X96.744 Y113.001 E4.50538
G1 X94.692 Y114.185 E4.61932
G1 X92.522 Y115.137 E4.73329
G1 X90.261 Y115.844 E4.84723
G1 X87.936 Y116.298 E4.96117
G1 X85.575 Y116.494 E5.07512
G1 X83.207 Y116.429 E5.18906
G1 X80.861 Y116.103 E5.30298
G1 X78.643 Y115.542 E5.41302
G1 X76.344 Y114.69 E5.53094
G1 X74.232 Y113.621 E5.64479
G1 X72.249 Y112.326 E5.7587
G1 X70.42 Y110.82 E5.87265
G1 X68.768 Y109.122 E5.98659
G1 X67.313 Y107.252 E6.10055
G1 X66.072 Y105.234 E6.21449
G1 X65.061 Y103.091 E6.32846
G1 X64.292 Y100.851 E6.44237
G1 X63.774 Y98.539 E6.55633
G1 X63.513 Y96.185 E6.67024
G1 X63.513 Y93.815 E6.78423
G1 X63.774 Y91.461 E6.89814
G1 X64.292 Y89.149 E7.0121
G1 X65.061 Y86.909 E7.12601
G1 X66.038 Y84.839 E7.2361
G1 X67.314 Y82.746 E7.354
G1 X68.768 Y80.878 E7.46785
G1 X70.42 Y79.18 E7.58179
G1 X72.249 Y77.674 E7.69574
G1 X74.232 Y76.379 E7.80965
G1 X76.346 Y75.309 E7.92361
G1 X78.564 Y74.478 E8.03753
G1 X80.861 Y73.897 E8.15149
G1 X83.207 Y73.571 E8.26541
G1 X85.575 Y73.506 E8.37935
G1 X87.856 Y73.695 E8.48943
G1 X87.902 Y73.704 E8.49168
G1 X87.993 Y73.329 F7800
G1 F3600
G1 X90.357 Y73.782 E8.60745
G1 X92.658 Y74.501 E8.7234
G1 X94.866 Y75.47 E8.83937
G1 X96.955 Y76.676 E8.95538
G1 X98.898 Y78.104 E9.07136
G1 X100.672 Y79.737 E9.18733
G1 X102.256 Y81.556 E9.30334
G1 X103.63 Y83.538 E9.41933
G1 X104.778 Y85.659 E9.53533
G1 X105.685 Y87.893 E9.6513
G1 X106.342 Y90.213 E9.76727
G1 X106.739 Y92.592 E9.88327
G1 X106.858 Y94.762 E9.9878
G1 X106.858 Y95.238 E10.01069
G1 X106.739 Y97.408 E10.11522
G1 X106.342 Y99.787 E10.23122
G1 X105.685 Y102.107 E10.34719
G1 X104.778 Y104.341 E10.46316
G1 X103.63 Y106.462 E10.57916
G1 X102.256 Y108.444 E10.69515
G1 X100.672 Y110.263 E10.81116
G1 X98.898 Y111.896 E10.92713
G1 X96.955 Y113.324 E11.04311
G1 X94.866 Y114.53 E11.15912
G1 X92.658 Y115.499 E11.27509
G1 X90.356 Y116.219 E11.3911
G1 X87.989 Y116.681 E11.50709
G1 X85.586 Y116.88 E11.62306
G1 X83.175 Y116.814 E11.73906
G1 X80.787 Y116.482 E11.85502
G1 X78.528 Y115.91 E11.9671
G1 X76.189 Y115.044 E12.08706
G1 X74.039 Y113.956 E12.20295
G1 X72.02 Y112.637 E12.31894
G1 X70.158 Y111.104 E12.43494
G1 X68.477 Y109.375 E12.55092
G1 X66.995 Y107.472 E12.66693
G1 X65.733 Y105.418 E12.78288
G1 X64.703 Y103.237 E12.89889
G1 X63.92 Y100.956 E13.01488
G1 X63.393 Y98.603 E13.13085
G1 X63.128 Y96.206 E13.24684
G1 X63.128 Y93.794 E13.36285
G1 X63.393 Y91.397 E13.47884
G1 X63.92 Y89.044 E13.59481
G1 X64.703 Y86.763 E13.7108
G1 X65.698 Y84.656 E13.82287
G1 X66.996 Y82.527 E13.9428
G1 X68.477 Y80.625 E14.05874
G1 X70.158 Y78.896 E14.17472
G1 X72.02 Y77.363 E14.29072
G1 X74.039 Y76.044 E14.40671
G1 X76.19 Y74.955 E14.52267
G1 X78.449 Y74.11 E14.63867
G1 X80.787 Y73.518 E14.75467
G1 X83.175 Y73.186 E14.87063
G1 X85.586 Y73.12 E14.98663
G1 X87.908 Y73.312 E15.09869
G1 X87.934 Y73.317 E15.09996
G1 X88.025 Y72.942 F7800
;TYPE:External perimeter
G1 F1800
G1 X90.451 Y73.407 E15.21877
G1 X92.793 Y74.14 E15.3368
G1 X95.041 Y75.125 E15.45484
G1 X97.166 Y76.352 E15.57286
G1 X99.143 Y77.806 E15.69089
G1 X100.949 Y79.468 E15.80894
G1 X102.561 Y81.319 E15.92699
G1 X103.959 Y83.335 E16.04499
G1 X105.127 Y85.494 E16.16305
G1 X106.051 Y87.767 E16.28106
G1 X106.718 Y90.129 E16.39911
G1 X107.122 Y92.55 E16.51716
G1 X107.243 Y94.741 E16.6227
G1 X107.243 Y95.259 E16.64761
G1 X107.122 Y97.45 E16.75315
G1 X106.718 Y99.871 E16.8712
G1 X106.051 Y102.233 E16.98925
G1 X105.127 Y104.506 E17.10726
G1 X103.959 Y106.665 E17.22532
G1 X102.561 Y108.681 E17.34332
G1 X100.949 Y110.532 E17.46137
G1 X99.143 Y112.194 E17.57942
G1 X97.166 Y113.648 E17.69745
G1 X95.041 Y114.875 E17.81547
G1 X92.793 Y115.86 E17.93351
G1 X90.451 Y116.593 E18.05154
G1 X88.042 Y117.064 E18.1696
G1 X85.597 Y117.266 E18.2876
G1 X83.144 Y117.199 E18.40562
G1 X80.713 Y116.861 E18.52367
G1 X78.413 Y116.279 E18.63778
G1 X76.035 Y115.398 E18.75975
G1 X73.846 Y114.29 E18.87775
G1 X71.791 Y112.948 E18.9958
G1 X69.897 Y111.388 E19.11382
G1 X68.185 Y109.629 E19.23188
G1 X66.678 Y107.692 E19.34992
G1 X65.393 Y105.602 E19.46792
G1 X64.346 Y103.382 E19.58597
G1 X63.549 Y101.061 E19.704
G1 X63.012 Y98.666 E19.82205
G1 X62.742 Y96.227 E19.94007
G1 X62.742 Y93.773 E20.0581
G1 X63.012 Y91.334 E20.17612
G1 X63.549 Y88.939 E20.29417
G1 X64.346 Y86.618 E20.4122
G1 X65.358 Y84.473 E20.52627
G1 X66.678 Y82.307 E20.64827
G1 X68.185 Y80.371 E20.76627
G1 X69.897 Y78.612 E20.88433
G1 X71.791 Y77.052 E21.00235
G1 X73.846 Y75.71 E21.1204
G1 X76.035 Y74.601 E21.23842
G1 X78.334 Y73.741 E21.35648
G1 X80.713 Y73.139 E21.47451
G1 X83.144 Y72.801 E21.59256
G1 X85.597 Y72.734 E21.71058
G1 X87.96 Y72.93 E21.82462
G1 X87.966 Y72.931 E21.82491
G1 X88.359 Y73.006 F7800
G1 E19.82491 F2400
G92 E0
G1 X70.551 Y79.322 F7800
G1 E2 F2400
;TYPE:Solid infill
;WIDTH:0.404381
G1 F3000
G1 X68.901 Y80.995 E2.09965
G1 X70.415 Y79.46 E2.19108
G1 E.19108 F2400
G92 E0
G1 X72.475 Y77.865 F7800
G1 E2 F2400
;WIDTH:0.411399
G1 F3000
G1 X72.402 Y77.845 E2.00328
G1 X72.422 Y77.918 E2.00656
G1 X72.464 Y77.907 E2.00844
;WIDTH:0.45
G1 X72.16 Y78.121 E2.02632
G1 X68.189 Y82.092 E2.29642
G1 X67.949 Y82.365 E2.3139
;WIDTH:0.404907
G1 X67.5 Y82.873 E2.3427
G1 X66.81 Y84.105 F7800
;WIDTH:0.404381
G1 F3000
G1 X66.739 Y84.086 E2.34582
G1 X66.758 Y84.157 E2.34894
G1 X66.799 Y84.146 E2.35074
;WIDTH:0.45
G1 X66.984 Y83.844 E2.36777
G1 X73.861 Y76.966 E2.83557
G1 X74.164 Y76.775 E2.8528
;WIDTH:0.404381
G1 X74.123 Y76.786 E2.8546
G1 X74.104 Y76.715 E2.85772
G1 X74.175 Y76.734 E2.86084
G1 X75.43 Y76.045 F7800
G1 F3000
G1 X75.359 Y76.026 E2.86396
G1 X75.378 Y76.097 E2.86708
G1 X75.419 Y76.086 E2.86888
;WIDTH:0.45
G1 X75.119 Y76.254 E2.88542
G1 X66.2 Y85.172 E3.49205
G1 X66.052 Y85.434 E3.50652
;WIDTH:0.404381
G1 X65.981 Y85.415 E3.50964
G1 X66 Y85.486 E3.51276
G1 X66.041 Y85.475 E3.51456
G1 X65.562 Y86.467 F7800
G1 F3000
G1 X65.491 Y86.448 E3.51768
G1 X65.51 Y86.519 E3.5208
G1 X65.551 Y86.508 E3.5226
;WIDTH:0.45
G1 X65.713 Y86.205 E3.53913
G1 X76.223 Y75.695 E4.25401
G1 X76.523 Y75.538 E4.2703
;WIDTH:0.404381
G1 X76.482 Y75.549 E4.2721
G1 X76.463 Y75.478 E4.27522
G1 X76.534 Y75.497 E4.27834
G1 X77.456 Y75.131 F7800
G1 F3000
G1 X77.385 Y75.112 E4.28146
G1 X77.404 Y75.183 E4.28458
G1 X77.445 Y75.172 E4.28638
;WIDTH:0.45
G1 X77.145 Y75.318 E4.30243
G1 X65.269 Y87.194 E5.11022
G1 X65.143 Y87.456 E5.1242
;WIDTH:0.404381
G1 X65.072 Y87.437 E5.12732
G1 X65.091 Y87.508 E5.13044
G1 X65.132 Y87.497 E5.13224
G1 E3.13224 F2400
G92 E0
G1 X71.428 Y81.534 F7800
G1 E2 F2400
G1 F3000
G1 X71.534 Y81.423 E2.00651
;WIDTH:0.45
G1 X71.807 Y81.202 E2.0234
G1 X78.017 Y74.992 E2.4458
G1 X78.85 Y74.704 F7800
G1 F3000
G1 X72.464 Y81.09 E2.88017
G1 X73.01 Y81.09 E2.90643
G1 X79.58 Y74.519 E3.35335
G1 X80.31 Y74.334 E3.38957
G1 X73.555 Y81.09 E3.84907
G1 X74.1 Y81.09 E3.87528
G1 X81.024 Y74.166 E4.34624
G1 X81.657 Y74.078 E4.37698
G1 X74.646 Y81.09 E4.85389
G1 X75.191 Y81.09 E4.8801
G1 X82.29 Y73.99 E5.363
G1 X82.924 Y73.903 E5.39378
G1 X75.737 Y81.09 E5.88263
G1 X76.282 Y81.09 E5.90884
G1 X83.52 Y73.852 E6.40116
G1 X84.08 Y73.836 E6.42811
G1 X76.827 Y81.09 E6.92148
G1 X77.373 Y81.09 E6.94774
G1 X84.641 Y73.821 E7.44213
G1 X85.202 Y73.806 E7.46912
G1 X77.918 Y81.09 E7.96457
G1 X78.463 Y81.09 E7.99078
G1 X85.743 Y73.81 E8.48596
G1 X86.246 Y73.852 E8.51024
G1 X79.009 Y81.09 E9.00253
G1 X79.554 Y81.09 E9.02874
G1 X86.75 Y73.893 E9.51824
G1 X87.254 Y73.935 E9.54256
G1 X80.099 Y81.09 E10.02923
G1 X80.645 Y81.09 E10.05549
G1 X87.757 Y73.977 E10.53927
G1 X88.22 Y74.059 E10.56189
G1 X81.19 Y81.09 E11.0401
G1 X81.735 Y81.09 E11.06631
G1 X88.678 Y74.147 E11.53856
G1 X89.136 Y74.235 E11.56099
G1 X82.281 Y81.09 E12.02726
G1 X82.826 Y81.09 E12.05347
G1 X89.593 Y74.322 E12.51379
G1 X90.051 Y74.41 E12.53622
G1 X83.371 Y81.09 E12.99059
G1 X83.917 Y81.09 E13.01685
G1 X90.479 Y74.527 E13.46322
G1 X90.895 Y74.657 E13.48418
G1 X84.462 Y81.09 E13.92174
G1 X85.007 Y81.09 E13.94795
G1 X91.31 Y74.787 E14.37667
G1 X91.726 Y74.917 E14.39763
G1 X85.553 Y81.09 E14.81751
G1 X86.098 Y81.09 E14.84372
G1 X92.141 Y75.047 E15.25476
G1 X92.545 Y75.188 E15.27534
G1 X86.643 Y81.09 E15.67679
G1 X87.189 Y81.09 E15.70305
G1 X92.924 Y75.355 E16.09314
G1 X93.303 Y75.521 E16.11304
G1 X87.734 Y81.09 E16.49184
G1 X88.28 Y81.09 E16.5181
G1 X93.682 Y75.687 E16.88557
G1 X94.061 Y75.854 E16.90549
G1 X88.825 Y81.09 E17.26164
G1 X89.37 Y81.09 E17.28785
G1 X94.44 Y76.02 E17.63271
G1 X94.796 Y76.209 E17.6521
G1 X89.916 Y81.09 E17.98407
G1 X90.461 Y81.09 E18.01028
G1 X95.142 Y76.408 E18.32871
G1 X95.488 Y76.608 E18.34793
G1 X91.006 Y81.09 E18.65279
G1 X91.552 Y81.09 E18.67905
G1 X95.834 Y76.808 E18.97031
G1 X96.179 Y77.007 E18.98947
G1 X92.097 Y81.09 E19.26716
G1 X92.642 Y81.09 E19.29337
G1 X96.525 Y77.207 E19.55749
G1 X96.845 Y77.432 E19.5763
G1 X93.188 Y81.09 E19.82508
G1 X93.733 Y81.09 E19.85129
G1 X97.159 Y77.663 E20.08436
G1 X97.473 Y77.894 E20.10311
G1 X94.278 Y81.09 E20.32046
G1 X94.824 Y81.09 E20.34672
G1 X97.788 Y78.125 E20.54836
G1 X98.102 Y78.357 E20.56714
G1 X95.369 Y81.09 E20.75304
G1 X95.796 Y81.284 E20.7756
;WIDTH:0.404381
G1 X95.755 Y81.295 E20.7774
G1 X95.736 Y81.224 E20.78052
G1 X95.807 Y81.243 E20.78364
;WIDTH:0.45
G1 X95.914 Y81.09 E20.79262
G1 X98.416 Y78.588 E20.9628
G1 X100.188 Y80.209 E21.07831
G1 X101.655 Y81.893 E21.18573
G1 X98.893 Y84.655 E21.3736
G1 X98.893 Y82.351 E21.48441
G1 X98.835 Y81.975 E21.50271
G1 X98.606 Y81.549 E21.52597
G1 X98.345 Y81.31 E21.54299
G1 X98.02 Y81.151 E21.56039
G1 X97.633 Y81.09 E21.57923
G1 X96.46 Y81.09 E21.63565
G1 X98.569 Y78.98 E21.77914
G1 X98.716 Y79.378 E21.79955
G1 X99.911 Y80.478 E21.87767
G1 X101.128 Y81.875 E21.96678
G1 X99.279 Y83.724 E22.09255
G1 X99.272 Y82.258 E22.16306
G1 X99.155 Y81.733 E22.18893
G1 X98.868 Y81.265 E22.21533
G1 X98.527 Y80.965 E22.23717
G1 X98.022 Y80.754 E22.26349
G1 X97.391 Y80.704 E22.29393
G1 X98.58 Y79.515 E22.3748
G1 X98.729 Y79.979 E22.39824
;WIDTH:0.546059
G1 X99.191 Y80.383 E22.43511
;WIDTH:0.522473
G1 X99.818 Y80.986 E22.48481
;WIDTH:0.486236
G1 X100.019 Y81.19 E22.49988
;WIDTH:0.45
G1 X100.601 Y81.857 E22.54246
G1 X99.665 Y82.793 E22.60613
G1 X99.665 Y82.351 E22.62739
G1 X99.596 Y81.852 E22.65162
;WIDTH:0.483964
G1 X99.476 Y81.536 E22.66931
;WIDTH:0.517929
G1 X99.356 Y81.22 E22.68843
G1 X99.151 Y80.958 E22.70725
;WIDTH:0.51441
G1 X99.147 Y80.954 E22.70757
;WIDTH:0.52447
G1 X98.755 Y80.609 E22.73754
;WIDTH:0.546059
G1 X98.315 Y80.393 E22.76699
G1 X98.593 Y80.115 E22.79061
G1 E20.79061 F2400
G92 E0
G1 X100.078 Y81.822 F7800
G1 E2 F2400
;WIDTH:0.524539
G1 F3000
G1 X100.037 Y81.781 E2.00333
G1 X99.982 Y81.796 E2.0066
G1 X99.967 Y81.852 E2.00993
G1 X100.008 Y81.892 E2.01322
G1 X100.063 Y81.878 E2.01648
G1 X101.886 Y82.207 F7800
;WIDTH:0.45
G1 F3000
G1 X98.893 Y85.2 E2.22006
G1 X98.893 Y85.745 E2.24627
G1 X102.11 Y82.529 E2.46505
G1 X102.333 Y82.851 E2.48389
G1 X98.893 Y86.291 E2.71787
G1 X98.893 Y86.836 E2.74408
G1 X102.556 Y83.173 E2.99323
G1 X102.78 Y83.495 E3.0121
G1 X98.893 Y87.381 E3.27645
G1 X98.893 Y87.927 E3.30271
G1 X103.003 Y83.817 E3.58227
G1 X103.202 Y84.164 E3.60151
G1 X98.893 Y88.472 E3.89457
G1 X98.893 Y89.018 E3.92083
G1 X103.393 Y84.518 E4.22691
G1 X103.585 Y84.872 E4.24628
G1 X98.893 Y89.563 E4.56539
G1 X98.893 Y90.108 E4.5916
G1 X103.776 Y85.225 E4.92374
G1 X103.968 Y85.579 E4.94311
G1 X98.893 Y90.654 E5.28831
G1 X98.893 Y91.199 E5.31452
G1 X104.159 Y85.933 E5.67271
G1 X104.318 Y86.32 E5.69283
G1 X98.893 Y91.744 E6.0618
G1 X98.893 Y92.29 E6.08806
G1 X104.476 Y86.707 E6.46781
G1 X104.633 Y87.095 E6.48794
G1 X98.893 Y92.835 E6.87837
G1 X98.893 Y93.38 E6.90458
G1 X104.791 Y87.483 E7.30572
G1 X104.948 Y87.871 E7.32585
G1 X98.893 Y93.926 E7.7377
G1 X98.893 Y94.471 E7.76391
G1 X105.092 Y88.273 E8.18552
G1 X105.212 Y88.698 E8.20676
G1 X98.893 Y95.016 E8.63654
G1 X98.893 Y95.562 E8.6628
G1 X105.332 Y89.123 E9.10077
G1 X105.452 Y89.548 E9.12201
G1 X98.893 Y96.107 E9.56815
G1 X98.893 Y96.652 E9.59436
G1 X105.572 Y89.973 E10.04866
G1 X105.689 Y90.402 E10.07005
G1 X98.893 Y97.198 E10.53231
G1 X98.893 Y97.743 E10.55852
G1 X105.767 Y90.87 E11.02605
G1 X105.845 Y91.337 E11.04882
G1 X98.893 Y98.288 E11.52165
G1 X98.893 Y98.834 E11.54791
G1 X105.923 Y91.804 E12.02608
G1 X106.001 Y92.272 E12.0489
G1 X98.893 Y99.379 E12.53234
G1 X98.893 Y99.924 E12.55855
G1 X106.071 Y92.747 E13.04675
G1 X106.1 Y93.263 E13.07161
G1 X98.893 Y100.47 E13.56182
G1 X98.893 Y101.015 E13.58803
G1 X106.128 Y93.78 E14.08015
G1 X106.157 Y94.297 E14.10505
G1 X98.893 Y101.561 E14.59914
G1 X98.893 Y102.106 E14.62535
G1 X106.185 Y94.814 E15.12134
G1 X106.175 Y95.369 E15.14804
G1 X98.893 Y102.651 E15.64335
G1 X98.893 Y103.197 E15.66961
G1 X106.143 Y95.947 E16.16275
G1 X106.111 Y96.524 E16.19054
G1 X98.893 Y103.742 E16.6815
G1 X98.893 Y104.287 E16.70771
G1 X106.08 Y97.101 E17.19653
G1 X106.002 Y97.724 E17.22673
G1 X98.893 Y104.833 E17.71028
G1 X98.893 Y105.378 E17.73649
G1 X105.892 Y98.379 E18.21255
G1 X105.783 Y99.034 E18.24449
G1 X98.893 Y105.923 E18.71311
G1 X98.893 Y106.469 E18.73937
G1 X105.666 Y99.696 E19.20006
G1 X105.648 Y100.173 E19.22302
;WIDTH:0.404381
G1 X105.577 Y100.154 E19.22614
G1 X105.596 Y100.225 E19.22926
G1 X105.637 Y100.214 E19.23106
;WIDTH:0.45
G1 X105.451 Y100.456 E19.24574
G1 X98.893 Y107.014 E19.69181
G1 X98.893 Y107.559 E19.71802
G1 X105.236 Y101.217 E20.14943
G1 X105.422 Y100.974 E20.16415
;WIDTH:0.404381
G1 X105.381 Y100.985 E20.16595
G1 X105.362 Y100.914 E20.16907
G1 X105.433 Y100.933 E20.17219
G1 X105.207 Y101.712 F7800
G1 F3000
G1 X105.136 Y101.693 E20.17531
G1 X105.155 Y101.764 E20.17843
G1 X105.196 Y101.753 E20.18023
;WIDTH:0.45
G1 X105.002 Y101.996 E20.19519
G1 X98.698 Y108.3 E20.62398
G1 X98.531 Y108.572 E20.63933
;WIDTH:0.404381
G1 X98.455 Y108.496 E20.64389
G1 E18.64389 F2400
G92 E0
G1 X71.202 Y81.807 F7800
G1 E2 F2400
;WIDTH:0.45
G1 F3000
G1 X64.984 Y88.025 E2.42294
G1 X64.858 Y88.287 E2.43692
;WIDTH:0.404381
G1 X64.787 Y88.268 E2.44004
G1 X64.806 Y88.339 E2.44316
G1 X64.847 Y88.328 E2.44496
G1 X64.569 Y89.117 F7800
G1 F3000
G1 X64.498 Y89.098 E2.44808
G1 X64.517 Y89.169 E2.4512
G1 X64.558 Y89.158 E2.453
;WIDTH:0.45
G1 X64.699 Y88.855 E2.46907
G1 X71.072 Y82.482 E2.90255
G1 X71.072 Y83.027 E2.92876
G1 X64.484 Y89.615 E3.37687
G1 X64.326 Y90.318 E3.41153
G1 X71.072 Y83.572 E3.87038
G1 X71.072 Y84.118 E3.89664
G1 X64.169 Y91.021 E4.36617
G1 X64.039 Y91.697 E4.39928
G1 X71.072 Y84.663 E4.87769
G1 X71.072 Y85.208 E4.9039
G1 X63.971 Y92.31 E5.38694
G1 X63.903 Y92.923 E5.4166
G1 X71.072 Y85.754 E5.90423
G1 X71.072 Y86.299 E5.93044
G1 X63.835 Y93.536 E6.42269
G1 X63.803 Y94.114 E6.45053
G1 X71.072 Y86.844 E6.94499
G1 X71.072 Y87.39 E6.97125
G1 X63.803 Y94.66 E7.46571
G1 X63.803 Y95.205 E7.49192
G1 X71.072 Y87.935 E7.98638
G1 X71.072 Y88.48 E8.01259
G1 X63.803 Y95.75 E8.50705
G1 X63.815 Y96.283 E8.53269
G1 X71.072 Y89.026 E9.0263
G1 X71.072 Y89.571 E9.05251
G1 X63.87 Y96.774 E9.54242
G1 X63.924 Y97.265 E9.56618
G1 X71.072 Y90.116 E10.05241
G1 X71.072 Y90.662 E10.07867
G1 X63.978 Y97.756 E10.5612
G1 X64.033 Y98.247 E10.58496
G1 X71.072 Y91.207 E11.06378
G1 X71.072 Y91.752 E11.08999
G1 X64.11 Y98.715 E11.56357
G1 X64.21 Y99.161 E11.58555
G1 X71.072 Y92.298 E12.05233
G1 X71.072 Y92.843 E12.07854
G1 X64.309 Y99.606 E12.53855
G1 X64.409 Y100.052 E12.56053
G1 X71.072 Y93.388 E13.01377
G1 X71.072 Y93.934 E13.04003
G1 X64.509 Y100.497 E13.48644
G1 X64.624 Y100.928 E13.50789
G1 X71.072 Y94.479 E13.94651
G1 X71.072 Y95.025 E13.97277
G1 X64.763 Y101.334 E14.4019
G1 X64.903 Y101.739 E14.42251
G1 X71.072 Y95.57 E14.84212
G1 X71.072 Y96.115 E14.86833
G1 X65.042 Y102.145 E15.27848
G1 X65.182 Y102.551 E15.29914
G1 X71.072 Y96.661 E15.69977
G1 X71.072 Y97.206 E15.72598
G1 X65.321 Y102.957 E16.11716
G1 X65.494 Y103.33 E16.13694
G1 X71.072 Y97.751 E16.51638
G1 X71.072 Y98.297 E16.54264
G1 X65.668 Y103.701 E16.91021
G1 X65.843 Y104.071 E16.9299
G1 X71.072 Y98.842 E17.28557
G1 X71.072 Y99.387 E17.31178
G1 X66.018 Y104.442 E17.65558
G1 X66.193 Y104.812 E17.67527
G1 X71.072 Y99.933 E18.00713
G1 X71.072 Y100.478 E18.03334
G1 X66.375 Y105.175 E18.35282
G1 X66.583 Y105.513 E18.37191
G1 X71.072 Y101.023 E18.67728
G1 X71.072 Y101.569 E18.70354
G1 X66.791 Y105.85 E18.99473
G1 X66.998 Y106.188 E19.01379
G1 X71.072 Y102.114 E19.2909
G1 X71.072 Y102.659 E19.31711
G1 X67.206 Y106.526 E19.5801
G1 X67.414 Y106.864 E19.59919
G1 X71.072 Y103.205 E19.84804
G1 X71.072 Y103.75 E19.87425
G1 X67.632 Y107.191 E20.10827
G1 X67.87 Y107.498 E20.12695
G1 X71.072 Y104.295 E20.34478
G1 X71.072 Y104.841 E20.37104
G1 X68.109 Y107.804 E20.57258
G1 X68.348 Y108.111 E20.59129
G1 X71.072 Y105.386 E20.77661
G1 X71.072 Y105.931 E20.80282
G1 X68.586 Y108.418 E20.97195
G1 E18.97195 F2400
G92 E0
G1 X70.936 Y106.613 F7800
G1 E2 F2400
G1 F3000
G1 X68.836 Y108.715 E2.14291
G1 X69.006 Y108.952 E2.15694
G1 X70.616 Y110.607 E2.26799
G1 X71.891 Y111.657 E2.34743
G1 X74.638 Y108.91 E2.53428
G1 X72.336 Y108.91 E2.645
G1 X71.845 Y108.809 E2.66911
G1 X71.56 Y108.644 E2.68495
G1 X71.228 Y108.26 E2.70936
G1 X71.093 Y107.877 E2.72889
G1 X71.072 Y107.653 E2.73971
G1 X71.072 Y106.477 E2.79627
G1 X70.687 Y107.408 F7800
G1 F3000
G1 X70.71 Y107.914 E2.82063
G1 X70.855 Y108.367 E2.84351
G1 X70.965 Y108.552 E2.85386
G1 X71.366 Y108.985 E2.88224
G1 X71.764 Y109.186 E2.90369
G1 X72.336 Y109.296 E2.93171
G1 X73.707 Y109.296 E2.99765
G1 X71.866 Y111.137 E3.12287
G1 X70.878 Y110.322 E3.18447
G1 X69.347 Y108.749 E3.29004
G1 X70.551 Y107.545 E3.37193
G1 X70.38 Y108.328 F7800
;WIDTH:0.544782
G1 F3000
G1 X70.448 Y108.515 E3.38385
G1 X70.649 Y108.831 E3.40629
;WIDTH:0.520387
G1 X71.12 Y109.325 E3.44511
;WIDTH:0.51771
G1 X71.306 Y109.413 E3.45674
;WIDTH:0.483855
G1 X71.493 Y109.501 E3.46755
;WIDTH:0.45
G1 X72.133 Y109.66 E3.49927
G1 X72.776 Y109.682 E3.53021
G1 X71.841 Y110.616 E3.59377
G1 X71.538 Y110.367 E3.61263
;WIDTH:0.460888
G1 X71.037 Y109.925 E3.64567
;WIDTH:0.5085
G1 X70.674 Y109.518 E3.67588
;WIDTH:0.520387
G1 X70.315 Y109.141 E3.70549
;WIDTH:0.544782
G1 X69.955 Y108.753 E3.7372
G1 X70.244 Y108.464 E3.76169
G1 E1.76169 F2400
G92 E0
G1 X71.871 Y110.018 F7800
G1 E2 F2400
;WIDTH:0.543145
G1 F3000
G1 X71.828 Y109.975 E2.00363
G1 X71.771 Y109.991 E2.00717
G1 X71.755 Y110.049 E2.01076
G1 X71.797 Y110.091 E2.01431
G1 X71.855 Y110.076 E2.01789
G1 X72.19 Y111.903 F7800
;WIDTH:0.45
G1 F3000
G1 X75.183 Y108.91 E2.22147
G1 X75.728 Y108.91 E2.24768
G1 X72.496 Y112.142 E2.46752
G1 X72.826 Y112.358 E2.48649
G1 X76.274 Y108.91 E2.72102
G1 X76.819 Y108.91 E2.74723
G1 X73.156 Y112.573 E2.99638
G1 X73.486 Y112.789 E3.01535
G1 X77.364 Y108.91 E3.27916
G1 X77.91 Y108.91 E3.30542
G1 X73.816 Y113.004 E3.58389
G1 X74.146 Y113.22 E3.60286
G1 X78.455 Y108.91 E3.89599
G1 X79 Y108.91 E3.9222
G1 X74.485 Y113.426 E4.22934
G1 X74.847 Y113.609 E4.24885
G1 X79.546 Y108.91 E4.56847
G1 X80.091 Y108.91 E4.59468
G1 X75.209 Y113.792 E4.92675
G1 X75.572 Y113.975 E4.9463
G1 X80.636 Y108.91 E5.29078
G1 X81.182 Y108.91 E5.31704
G1 X75.934 Y114.159 E5.67404
G1 X76.296 Y114.342 E5.69355
G1 X81.727 Y108.91 E6.06299
G1 X82.273 Y108.91 E6.08925
G1 X76.677 Y114.505 E6.46985
G1 X77.075 Y114.653 E6.49027
G1 X82.818 Y108.91 E6.8809
G1 X83.363 Y108.91 E6.90711
G1 X77.473 Y114.8 E7.30774
G1 X77.871 Y114.948 E7.32816
G1 X83.909 Y108.91 E7.73886
G1 X84.454 Y108.91 E7.76507
G1 X78.269 Y115.095 E8.18577
G1 X78.667 Y115.242 E8.20618
G1 X84.999 Y108.91 E8.63687
G1 X85.545 Y108.91 E8.66313
G1 X79.097 Y115.358 E9.10171
G1 X79.532 Y115.469 E9.1233
G1 X86.09 Y108.91 E9.5694
G1 X86.635 Y108.91 E9.59561
G1 X79.967 Y115.579 E10.04919
G1 X80.402 Y115.689 E10.07077
G1 X87.181 Y108.91 E10.53187
G1 X87.726 Y108.91 E10.55808
G1 X80.837 Y115.799 E11.02666
G1 X81.308 Y115.873 E11.04959
G1 X88.271 Y108.91 E11.5232
G1 X88.817 Y108.91 E11.54946
G1 X81.787 Y115.94 E12.02763
G1 X82.266 Y116.006 E12.05089
G1 X89.362 Y108.91 E12.53355
G1 X89.907 Y108.91 E12.55976
G1 X82.745 Y116.073 E13.04694
G1 X83.224 Y116.139 E13.0702
G1 X90.453 Y108.91 E13.56191
G1 X90.998 Y108.91 E13.58812
G1 X83.754 Y116.155 E14.08088
G1 X84.285 Y116.169 E14.10643
G1 X91.543 Y108.91 E14.60014
G1 X92.089 Y108.91 E14.6264
G1 X84.815 Y116.184 E15.12117
G1 X85.346 Y116.198 E15.14672
G1 X92.634 Y108.91 E15.64244
G1 X93.179 Y108.91 E15.66865
G1 X85.914 Y116.176 E16.16284
G1 X86.509 Y116.127 E16.19155
G1 X93.725 Y108.91 E16.68241
G1 X94.27 Y108.91 E16.70862
G1 X87.103 Y116.077 E17.19611
G1 X87.698 Y116.028 E17.22482
G1 X94.816 Y108.91 E17.70898
G1 X95.361 Y108.91 E17.73519
G1 X88.348 Y115.923 E18.21221
G1 X89.026 Y115.791 E18.24543
G1 X95.906 Y108.91 E18.71343
G1 X96.452 Y108.91 E18.73969
G1 X89.703 Y115.659 E19.19875
G1 X89.995 Y115.747 E19.21342
;WIDTH:0.404381
G1 X90.261 Y115.688 E19.22497
;WIDTH:0.45
G1 X90.414 Y115.494 E19.23685
G1 X96.997 Y108.91 E19.68465
G1 X97.542 Y108.91 E19.71086
G1 X91.207 Y115.245 E20.14176
G1 X90.979 Y115.4 E20.15502
;WIDTH:0.404381
G1 X90.907 Y115.381 E20.15818
G1 X90.926 Y115.452 E20.1613
G1 X90.968 Y115.441 E20.16314
G1 X91.761 Y115.193 F7800
G1 F3000
G1 X91.72 Y115.204 E20.16494
G1 X91.701 Y115.133 E20.16806
G1 X91.772 Y115.152 E20.17118
;WIDTH:0.45
G1 X92.001 Y114.997 E20.18448
G1 X98.258 Y108.74 E20.61007
G1 E18.61007 F2400
G92 E0
G1 X92.649 Y114.835 F7800
G1 E2 F2400
;WIDTH:0.404381
G1 F3000
G1 X92.578 Y114.816 E2.00312
G1 X92.597 Y114.887 E2.00624
G1 X92.638 Y114.876 E2.00804
;WIDTH:0.45
G1 X92.878 Y114.665 E2.02341
G1 X104.629 Y102.914 E2.8227
G1 X104.837 Y102.672 E2.83805
;WIDTH:0.404381
G1 X104.796 Y102.683 E2.83985
G1 X104.777 Y102.611 E2.84301
G1 X104.848 Y102.63 E2.84613
G1 X104.475 Y103.549 F7800
G1 F3000
G1 X104.404 Y103.53 E2.84925
G1 X104.423 Y103.601 E2.85237
G1 X104.464 Y103.59 E2.85417
;WIDTH:0.45
G1 X104.256 Y103.833 E2.86955
G1 X93.85 Y114.239 E3.57735
G1 X93.609 Y114.456 E3.59295
;WIDTH:0.404381
G1 X93.568 Y114.467 E3.59475
G1 X93.549 Y114.396 E3.59787
G1 X93.62 Y114.415 E3.60099
G1 X94.677 Y113.916 F7800
G1 F3000
G1 X94.606 Y113.897 E3.60411
G1 X94.625 Y113.968 E3.60723
G1 X94.666 Y113.957 E3.60903
;WIDTH:0.45
G1 X103.909 Y104.714 E4.23773
;WIDTH:0.404381
G1 X103.868 Y104.725 E4.23953
G1 X103.849 Y104.653 E4.24269
G1 X103.92 Y104.673 E4.24582
G1 X103.266 Y105.879 F7800
G1 F3000
G1 X103.195 Y105.86 E4.24894
G1 X103.214 Y105.931 E4.25206
G1 X103.255 Y105.92 E4.25386
;WIDTH:0.45
G1 X95.954 Y113.222 E4.7505
;WIDTH:0.404381
G1 X95.913 Y113.233 E4.7523
G1 X95.894 Y113.162 E4.75542
G1 X95.965 Y113.181 E4.75854
;WIDTH:0.45
G1 X96.661 Y112.871 E4.79519
;WIDTH:0.404381
G1 X97.751 Y111.935 E4.85612
G1 X97.946 Y111.896 E4.86455
G1 X98.503 Y111.417 E4.8957
;WIDTH:0.437087
G1 X100.192 Y109.796 E5.00452
G1 X101.792 Y108.083 E5.11348
;WIDTH:0.404381
G1 X101.976 Y107.861 E5.12571
G1 X102.011 Y107.669 E5.13399
;WIDTH:0.45
G1 X101.783 Y107.941 E5.15106
G1 X98.024 Y111.701 E5.40678
;LAYER_CHANGE
;Z:0.95
;HEIGHT:0.3
G1 E3.40678 F2400
G92 E0
G1 Z.95 F7800
G1 X98.313 Y108.33
G1 E2 F2400
;TYPE:Perimeter
G1 F3600
G1 X98.161 Y108.469 E2.00991
G1 X97.912 Y108.582 E2.02306
G1 X97.584 Y108.621 E2.03895
G1 X72.326 Y108.621 E3.25377
G1 X71.929 Y108.536 E3.2733
G1 X71.635 Y108.329 E3.29059
G1 X71.481 Y108.122 E3.303
G1 X71.38 Y107.843 E3.31727
G1 X71.362 Y107.657 E3.32626
G1 X71.362 Y82.343 E4.54378
G1 X71.38 Y82.157 E4.55277
G1 X71.529 Y81.8 E4.57138
G1 X71.761 Y81.561 E4.5874
G1 X71.929 Y81.464 E4.59673
G1 X72.326 Y81.379 E4.61626
G1 X97.64 Y81.379 E5.83378
G1 X97.912 Y81.418 E5.847
G1 X98.293 Y81.634 E5.86806
G1 X98.466 Y81.845 E5.88118
G1 X98.555 Y82.039 E5.89145
G1 X98.604 Y82.343 E5.90626
G1 X98.604 Y107.657 E7.12378
G1 X98.555 Y107.961 E7.13859
G1 X98.4 Y108.251 E7.15441
G1 X98.357 Y108.29 E7.1572
G1 X98.047 Y108.06 F7800
G1 F3600
G1 X98.032 Y108.083 E7.15852
G1 X97.804 Y108.212 E7.17112
G1 X97.584 Y108.236 E7.18176
G1 X72.326 Y108.236 E8.39658
G1 X71.987 Y108.126 E8.41372
G1 X71.819 Y107.936 E8.42592
G1 X71.747 Y107.657 E8.43978
G1 X71.747 Y82.343 E9.6573
G1 X71.819 Y82.064 E9.67116
G1 X71.987 Y81.874 E9.68336
G1 X72.326 Y81.764 E9.7005
G1 X97.64 Y81.764 E10.91802
G1 X97.952 Y81.856 E10.93366
G1 X98.135 Y82.044 E10.94628
G1 X98.219 Y82.343 E10.96122
G1 X98.219 Y107.657 E12.17874
G1 X98.189 Y107.84 E12.18766
G1 X98.079 Y108.009 E12.19736
G1 X97.776 Y107.786 F7800
;TYPE:External perimeter
G1 F1800
G1 X97.771 Y107.799 E12.19803
G1 X97.64 Y107.85 E12.20479
G1 X72.326 Y107.85 E13.42231
G1 X72.188 Y107.792 E13.42951
G1 X72.133 Y107.657 E13.43652
G1 X72.133 Y82.343 E14.65404
G1 X72.195 Y82.201 E14.66149
G1 X72.326 Y82.15 E14.66825
G1 X97.64 Y82.15 E15.88577
G1 X97.792 Y82.224 E15.8939
G1 X97.833 Y82.343 E15.89995
G1 X97.833 Y107.657 E17.11747
G1 X97.801 Y107.731 E17.12135
G1 X97.417 Y107.844 F7800
G1 E15.12135 F2400
G92 E0
G1 X87.962 Y73.707 F7800
G1 E2 F2400
;TYPE:Perimeter
G1 F3600
G1 X90.261 Y74.156 E2.11266
G1 X92.522 Y74.863 E2.2266
G1 X94.692 Y75.815 E2.34057
G1 X96.744 Y76.999 E2.45451
G1 X98.652 Y78.402 E2.56842
G1 X100.395 Y80.007 E2.68238
G1 X101.951 Y81.793 E2.79631
G1 X103.301 Y83.74 E2.91026
G1 X104.429 Y85.823 E3.02419
G1 X105.32 Y88.018 E3.13813
G1 X105.965 Y90.298 E3.25209
G1 X106.355 Y92.635 E3.36605
G1 X106.473 Y94.783 E3.46952
G1 X106.473 Y95.217 E3.49039
G1 X106.355 Y97.365 E3.59386
G1 X105.965 Y99.702 E3.70782
G1 X105.32 Y101.982 E3.82178
G1 X104.429 Y104.177 E3.93572
G1 X103.301 Y106.26 E4.04965
G1 X101.951 Y108.207 E4.1636
G1 X100.395 Y109.993 E4.27753
G1 X98.652 Y111.598 E4.39149
G1 X96.744 Y113.001 E4.5054
G1 X94.692 Y114.185 E4.61934
G1 X92.522 Y115.137 E4.73331
G1 X90.261 Y115.844 E4.84725
G1 X87.936 Y116.298 E4.96119
G1 X85.575 Y116.494 E5.07514
G1 X83.207 Y116.429 E5.18908
G1 X80.861 Y116.103 E5.303
G1 X78.564 Y115.522 E5.41696
G1 X76.346 Y114.691 E5.53088
G1 X74.232 Y113.621 E5.64484
G1 X72.249 Y112.326 E5.75875
G1 X70.42 Y110.82 E5.8727
G1 X68.768 Y109.122 E5.98664
G1 X67.313 Y107.252 E6.1006
G1 X66.072 Y105.234 E6.21454
G1 X65.061 Y103.091 E6.32851
G1 X64.292 Y100.851 E6.44242
G1 X63.774 Y98.539 E6.55638
G1 X63.513 Y96.185 E6.67029
G1 X63.513 Y93.815 E6.78428
G1 X63.774 Y91.461 E6.89819
G1 X64.292 Y89.149 E7.01215
G1 X65.061 Y86.909 E7.12606
G1 X66.072 Y84.766 E7.24003
G1 X67.313 Y82.748 E7.35397
G1 X68.768 Y80.878 E7.46793
G1 X70.42 Y79.18 E7.58187
G1 X72.249 Y77.674 E7.69582
G1 X74.232 Y76.379 E7.80973
G1 X76.346 Y75.309 E7.92369
G1 X78.564 Y74.478 E8.03761
G1 X80.861 Y73.897 E8.15157
G1 X83.207 Y73.571 E8.26549
G1 X85.575 Y73.506 E8.37943
G1 X87.902 Y73.699 E8.49173
G1 X87.994 Y73.32 F7800
G1 F3600
G1 X90.356 Y73.781 E8.60748
G1 X92.658 Y74.501 E8.72349
G1 X94.866 Y75.47 E8.83946
G1 X96.955 Y76.676 E8.95547
G1 X98.898 Y78.104 E9.07145
G1 X100.672 Y79.737 E9.18742
G1 X102.256 Y81.556 E9.30343
G1 X103.63 Y83.538 E9.41942
G1 X104.778 Y85.659 E9.53542
G1 X105.685 Y87.893 E9.65139
G1 X106.342 Y90.213 E9.76736
G1 X106.739 Y92.592 E9.88336
G1 X106.858 Y94.762 E9.98789
G1 X106.858 Y95.238 E10.01078
G1 X106.739 Y97.408 E10.11531
G1 X106.342 Y99.787 E10.23131
G1 X105.685 Y102.107 E10.34728
G1 X104.778 Y104.341 E10.46325
G1 X103.63 Y106.462 E10.57925
G1 X102.256 Y108.444 E10.69524
G1 X100.672 Y110.263 E10.81125
G1 X98.898 Y111.896 E10.92722
G1 X96.955 Y113.324 E11.0432
G1 X94.866 Y114.53 E11.15921
G1 X92.658 Y115.499 E11.27518
G1 X90.356 Y116.219 E11.39119
G1 X87.989 Y116.681 E11.50718
G1 X85.586 Y116.88 E11.62315
G1 X83.175 Y116.814 E11.73915
G1 X80.787 Y116.482 E11.85511
G1 X78.449 Y115.89 E11.97111
G1 X76.19 Y115.045 E12.08711
G1 X74.039 Y113.956 E12.20307
G1 X72.02 Y112.637 E12.31906
G1 X70.158 Y111.104 E12.43506
G1 X68.477 Y109.375 E12.55104
G1 X66.995 Y107.472 E12.66705
G1 X65.733 Y105.418 E12.783
G1 X64.703 Y103.237 E12.89901
G1 X63.92 Y100.956 E13.015
G1 X63.393 Y98.603 E13.13097
G1 X63.128 Y96.206 E13.24696
G1 X63.128 Y93.794 E13.36297
G1 X63.393 Y91.397 E13.47896
G1 X63.92 Y89.044 E13.59493
G1 X64.703 Y86.763 E13.71092
G1 X65.733 Y84.582 E13.82693
G1 X66.995 Y82.528 E13.94288
G1 X68.477 Y80.625 E14.05889
G1 X70.158 Y78.896 E14.17487
G1 X72.02 Y77.363 E14.29087
G1 X74.039 Y76.044 E14.40686
G1 X76.19 Y74.955 E14.52282
G1 X78.449 Y74.11 E14.63882
G1 X80.787 Y73.518 E14.75482
G1 X83.175 Y73.186 E14.87078
G1 X85.586 Y73.12 E14.98678
G1 X87.934 Y73.314 E15.1001
G1 X88.026 Y72.935 F7800
;TYPE:External perimeter
G1 F1800
G1 X88.042 Y72.936 E15.10087
G1 X90.451 Y73.407 E15.21893
G1 X92.793 Y74.14 E15.33696
G1 X95.041 Y75.125 E15.455
G1 X97.166 Y76.352 E15.57302
G1 X99.143 Y77.806 E15.69105
G1 X100.949 Y79.468 E15.8091
G1 X102.561 Y81.319 E15.92715
G1 X103.959 Y83.335 E16.04515
G1 X105.127 Y85.494 E16.16321
G1 X106.051 Y87.767 E16.28122
G1 X106.718 Y90.129 E16.39927
G1 X107.122 Y92.55 E16.51732
G1 X107.243 Y94.741 E16.62286
G1 X107.243 Y95.259 E16.64777
G1 X107.122 Y97.45 E16.75331
G1 X106.718 Y99.871 E16.87136
G1 X106.051 Y102.233 E16.98941
G1 X105.127 Y104.506 E17.10742
G1 X103.959 Y106.665 E17.22548
G1 X102.561 Y108.681 E17.34348
G1 X100.949 Y110.532 E17.46153
G1 X99.143 Y112.194 E17.57958
G1 X97.166 Y113.648 E17.69761
G1 X95.041 Y114.875 E17.81563
G1 X92.793 Y115.86 E17.93367
G1 X90.451 Y116.593 E18.0517
G1 X88.042 Y117.064 E18.16976
G1 X85.597 Y117.266 E18.28776
G1 X83.144 Y117.199 E18.40578
G1 X80.713 Y116.861 E18.52383
G1 X78.334 Y116.259 E18.64186
G1 X76.035 Y115.399 E18.75992
G1 X73.846 Y114.29 E18.87794
G1 X71.791 Y112.948 E18.99599
G1 X69.897 Y111.388 E19.11401
G1 X68.185 Y109.629 E19.23207
G1 X66.678 Y107.692 E19.35011
G1 X65.393 Y105.602 E19.46811
G1 X64.346 Y103.382 E19.58616
G1 X63.549 Y101.061 E19.70419
G1 X63.012 Y98.666 E19.82224
G1 X62.742 Y96.227 E19.94026
G1 X62.742 Y93.773 E20.05829
G1 X63.012 Y91.334 E20.17631
G1 X63.549 Y88.939 E20.29436
G1 X64.346 Y86.618 E20.41239
G1 X65.393 Y84.398 E20.53044
G1 X66.678 Y82.308 E20.64844
G1 X68.185 Y80.371 E20.76648
G1 X69.897 Y78.612 E20.88454
G1 X71.791 Y77.052 E21.00256
G1 X73.846 Y75.71 E21.12061
G1 X76.035 Y74.601 E21.23863
G1 X78.334 Y73.741 E21.35669
G1 X80.713 Y73.139 E21.47472
G1 X83.144 Y72.801 E21.59277
G1 X85.597 Y72.734 E21.71079
G1 X87.966 Y72.93 E21.82512
G1 X88.36 Y73 F7800
G1 E19.82512 F2400
G92 E0
G1 X68.901 Y109.005 F7800
G1 E2 F2400
;TYPE:Solid infill
;WIDTH:0.404381
G1 F3000
G1 X70.551 Y110.678 E2.09965
G1 X69.037 Y109.143 E2.19108
G1 E.19108 F2400
G92 E0
G1 X67.498 Y107.124 F7800
G1 E2 F2400
;WIDTH:0.404907
G1 F3000
G1 X67.949 Y107.635 E2.02895
;WIDTH:0.45
G1 X68.189 Y107.908 E2.04643
G1 X72.16 Y111.879 E2.31653
G1 X72.422 Y112.082 E2.33247
;WIDTH:0.411401
G1 X72.402 Y112.155 E2.33575
G1 X72.475 Y112.135 E2.33903
G1 X72.464 Y112.093 E2.34091
G1 E.34091 F2400
G92 E0
G1 X74.164 Y113.225 F7800
G1 E2 F2400
;WIDTH:0.404381
G1 F3000
G1 X74.175 Y113.266 E2.0018
G1 X74.104 Y113.285 E2.00492
G1 X74.123 Y113.214 E2.00804
;WIDTH:0.45
G1 X73.861 Y113.034 E2.02333
G1 X66.971 Y106.144 E2.49198
G1 X66.786 Y105.841 E2.50905
;WIDTH:0.404381
G1 X66.797 Y105.882 E2.51085
G1 X66.726 Y105.901 E2.51397
G1 X66.745 Y105.83 E2.51709
G1 X65.997 Y104.516 F7800
G1 F3000
G1 X65.978 Y104.587 E2.52021
G1 X66.049 Y104.568 E2.52333
G1 X66.038 Y104.527 E2.52513
;WIDTH:0.45
G1 X66.2 Y104.828 E2.54157
G1 X75.119 Y113.746 E3.1482
G1 X75.381 Y113.9 E3.16282
;WIDTH:0.404381
G1 X75.361 Y113.971 E3.16595
G1 X75.433 Y113.952 E3.16911
G1 X75.422 Y113.911 E3.17091
G1 X76.485 Y114.456 F7800
G1 F3000
G1 X76.466 Y114.527 E3.17403
G1 X76.537 Y114.508 E3.17715
G1 X76.526 Y114.467 E3.17895
;WIDTH:0.45
G1 X76.223 Y114.305 E3.19548
G1 X65.713 Y103.795 E3.91036
G1 X65.269 Y102.806 F7800
G1 F3000
G1 X77.145 Y114.682 E4.71815
G1 X77.407 Y114.813 E4.73224
;WIDTH:0.404381
G1 X77.388 Y114.884 E4.73536
G1 X77.459 Y114.865 E4.73848
G1 X77.448 Y114.824 E4.74028
G1 X78.319 Y115.153 F7800
G1 F3000
G1 X78.33 Y115.195 E4.74212
G1 X78.259 Y115.214 E4.74524
G1 X78.278 Y115.142 E4.7484
;WIDTH:0.45
G1 X78.017 Y115.008 E4.76251
G1 X71.807 Y108.798 E5.18491
G1 X71.534 Y108.571 E5.20199
;WIDTH:0.404381
G1 X71.43 Y108.466 E5.20826
;WIDTH:0.45
G1 X71.202 Y108.193 E5.22537
G1 X64.984 Y101.975 E5.64831
G1 X64.843 Y101.675 E5.66425
;WIDTH:0.404381
G1 X64.854 Y101.716 E5.66605
G1 X64.783 Y101.735 E5.66917
G1 X64.802 Y101.664 E5.67229
;WIDTH:0.45
G1 X64.699 Y101.145 E5.69774
G1 X71.072 Y107.518 E6.13122
G1 X71.072 Y106.973 E6.15743
G1 X64.484 Y100.385 E6.60554
G1 X64.326 Y99.682 E6.6402
G1 X71.072 Y106.428 E7.09905
G1 X71.072 Y105.882 E7.12531
G1 X64.169 Y98.979 E7.59484
G1 X64.039 Y98.303 E7.62795
G1 X71.072 Y105.337 E8.10636
G1 X71.072 Y104.792 E8.13257
G1 X63.971 Y97.69 E8.61561
G1 X63.903 Y97.077 E8.64527
G1 X71.072 Y104.246 E9.1329
G1 X71.072 Y103.701 E9.15911
G1 X63.835 Y96.464 E9.65136
G1 X63.803 Y95.886 E9.6792
G1 X71.072 Y103.156 E10.17366
G1 X71.072 Y102.61 E10.19992
G1 X63.803 Y95.34 E10.69438
G1 X63.803 Y94.795 E10.72059
G1 X71.072 Y102.065 E11.21505
G1 X71.072 Y101.52 E11.24126
G1 X63.803 Y94.25 E11.73572
G1 X63.815 Y93.717 E11.76136
G1 X71.072 Y100.974 E12.25497
G1 X71.072 Y100.429 E12.28118
G1 X63.87 Y93.226 E12.77109
G1 X63.924 Y92.735 E12.79485
G1 X71.072 Y99.884 E13.28108
G1 X71.072 Y99.338 E13.30734
G1 X63.978 Y92.244 E13.78987
G1 X64.033 Y91.753 E13.81363
G1 X71.072 Y98.793 E14.29245
G1 X71.072 Y98.248 E14.31866
G1 X64.11 Y91.285 E14.79224
G1 X64.21 Y90.839 E14.81422
G1 X71.072 Y97.702 E15.281
G1 X71.072 Y97.157 E15.30721
G1 X64.309 Y90.394 E15.76722
G1 X64.409 Y89.948 E15.7892
G1 X71.072 Y96.612 E16.24244
G1 X71.072 Y96.066 E16.2687
G1 X64.509 Y89.503 E16.71511
G1 X64.624 Y89.072 E16.73656
G1 X71.072 Y95.521 E17.17518
G1 X71.072 Y94.975 E17.20144
G1 X64.763 Y88.666 E17.63057
G1 X64.903 Y88.261 E17.65118
G1 X71.072 Y94.43 E18.07079
G1 X71.072 Y93.885 E18.097
G1 X65.042 Y87.855 E18.50715
G1 X65.182 Y87.449 E18.52781
G1 X71.072 Y93.339 E18.92844
G1 X71.072 Y92.794 E18.95465
G1 X65.321 Y87.043 E19.34583
G1 X65.494 Y86.67 E19.36561
G1 X71.072 Y92.249 E19.74505
G1 X71.072 Y91.703 E19.77131
G1 X65.668 Y86.299 E20.13888
G1 X65.843 Y85.929 E20.15857
G1 X71.072 Y91.158 E20.51424
G1 X71.072 Y90.613 E20.54045
G1 X66.018 Y85.558 E20.88425
G1 X66.193 Y85.188 E20.90394
G1 X71.072 Y90.067 E21.2358
G1 X71.072 Y89.522 E21.26201
G1 X66.375 Y84.825 E21.58149
G1 X66.583 Y84.487 E21.60058
G1 X71.072 Y88.977 E21.90595
G1 X71.072 Y88.431 E21.93221
G1 X66.791 Y84.15 E22.2234
G1 X66.998 Y83.812 E22.24246
G1 X71.072 Y87.886 E22.51957
G1 X71.072 Y87.341 E22.54578
G1 X67.206 Y83.474 E22.80877
G1 X67.414 Y83.136 E22.82786
G1 X71.072 Y86.795 E23.07671
G1 X71.072 Y86.25 E23.10292
G1 X67.632 Y82.809 E23.33694
G1 X67.87 Y82.502 E23.35562
G1 X71.072 Y85.705 E23.57345
G1 X71.072 Y85.159 E23.59971
G1 X68.109 Y82.196 E23.80125
G1 X68.348 Y81.889 E23.81996
G1 X71.072 Y84.614 E24.00528
G1 X71.072 Y84.069 E24.03149
G1 X68.586 Y81.582 E24.20062
G1 X68.986 Y81.069 E24.23191
G1 X70.616 Y79.393 E24.34436
G1 X71.891 Y78.343 E24.4238
G1 X74.638 Y81.09 E24.61065
G1 X72.336 Y81.09 E24.72137
G1 X71.845 Y81.191 E24.74548
G1 X71.505 Y81.399 E24.76465
G1 X71.246 Y81.713 E24.78423
G1 X71.104 Y82.076 E24.80298
G1 X71.072 Y82.347 E24.8161
G1 X71.072 Y83.523 E24.87266
G1 X68.961 Y81.412 E25.01625
G1 X69.346 Y81.252 E25.0363
G1 X70.878 Y79.678 E25.14194
G1 X71.866 Y78.863 E25.20354
G1 X73.707 Y80.704 E25.32876
G1 X72.336 Y80.704 E25.3947
G1 X72.214 Y80.717 E25.4006
G1 X71.65 Y80.851 E25.42848
G1 X71.197 Y81.156 E25.45475
G1 X70.887 Y81.561 E25.47928
G1 X70.71 Y82.086 E25.50593
G1 X70.687 Y82.592 E25.53029
G1 X69.483 Y81.388 E25.61218
G1 X69.955 Y81.247 E25.63587
;WIDTH:0.544962
G1 X70.265 Y80.913 E25.66318
;WIDTH:0.523436
G1 X70.777 Y80.381 E25.70546
;WIDTH:0.515854
G1 X70.958 Y80.171 E25.72107
;WIDTH:0.482927
G1 X71.139 Y79.962 E25.7355
;WIDTH:0.45
G1 X71.841 Y79.384 E25.77924
G1 X72.776 Y80.318 E25.8428
G1 X72.133 Y80.34 E25.87374
G1 X71.493 Y80.499 E25.90546
;WIDTH:0.482927
G1 X71.278 Y80.613 E25.91816
;WIDTH:0.515854
G1 X71.063 Y80.727 E25.93186
G1 X70.902 Y80.869 E25.94395
;WIDTH:0.529246
G1 X70.568 Y81.267 E25.97408
;WIDTH:0.544962
G1 X70.38 Y81.672 E26.00084
G1 X70.091 Y81.384 E26.0253
G1 E24.0253 F2400
G92 E0
G1 X71.797 Y79.909 F7800
G1 E2 F2400
;WIDTH:0.543147
G1 F3000
G1 X71.755 Y79.951 E2.00355
G1 X71.771 Y80.009 E2.00714
G1 X71.828 Y80.025 E2.01068
G1 X71.871 Y79.982 E2.01431
G1 X71.855 Y79.924 E2.0179
G1 X72.19 Y78.097 F7800
;WIDTH:0.45
G1 F3000
G1 X75.183 Y81.09 E2.22148
G1 X75.728 Y81.09 E2.24769
G1 X72.497 Y77.858 E2.46749
G1 X72.826 Y77.642 E2.48642
G1 X76.274 Y81.09 E2.72095
G1 X76.819 Y81.09 E2.74716
G1 X73.156 Y77.427 E2.99631
G1 X73.486 Y77.211 E3.01528
G1 X77.364 Y81.09 E3.27909
G1 X77.91 Y81.09 E3.30535
G1 X73.816 Y76.996 E3.58382
G1 X74.146 Y76.78 E3.60279
G1 X78.455 Y81.09 E3.89592
G1 X79 Y81.09 E3.92213
G1 X74.485 Y76.574 E4.22927
G1 X74.847 Y76.391 E4.24878
G1 X79.546 Y81.09 E4.5684
G1 X80.091 Y81.09 E4.59461
G1 X75.209 Y76.208 E4.92668
G1 X75.572 Y76.025 E4.94623
G1 X80.636 Y81.09 E5.29071
G1 X81.182 Y81.09 E5.31697
G1 X75.934 Y75.841 E5.67397
G1 X76.296 Y75.658 E5.69348
G1 X81.727 Y81.09 E6.06292
G1 X82.273 Y81.09 E6.08918
G1 X76.677 Y75.494 E6.46981
G1 X77.073 Y75.345 E6.49016
G1 X82.818 Y81.09 E6.88093
G1 X83.363 Y81.09 E6.90714
G1 X77.47 Y75.197 E7.30797
G1 X77.867 Y75.048 E7.32836
G1 X83.909 Y81.09 E7.73933
G1 X84.454 Y81.09 E7.76554
G1 X78.264 Y74.899 E8.18661
G1 X78.662 Y74.752 E8.20702
G1 X84.999 Y81.09 E8.63809
G1 X85.545 Y81.09 E8.66435
G1 X79.097 Y74.642 E9.10293
G1 X79.532 Y74.531 E9.12452
G1 X86.09 Y81.09 E9.57062
G1 X86.635 Y81.09 E9.59683
G1 X79.967 Y74.421 E10.05041
G1 X80.402 Y74.311 E10.07199
G1 X87.181 Y81.09 E10.53309
G1 X87.726 Y81.09 E10.5593
G1 X80.837 Y74.201 E11.02788
G1 X81.308 Y74.127 E11.05081
G1 X88.271 Y81.09 E11.52442
G1 X88.817 Y81.09 E11.55068
G1 X81.787 Y74.06 E12.02885
G1 X82.266 Y73.994 E12.05211
G1 X89.362 Y81.09 E12.53477
G1 X89.907 Y81.09 E12.56098
G1 X82.745 Y73.927 E13.04816
G1 X83.224 Y73.861 E13.07142
G1 X90.453 Y81.09 E13.56313
G1 X90.998 Y81.09 E13.58934
G1 X83.754 Y73.845 E14.0821
G1 X84.285 Y73.831 E14.10765
G1 X91.543 Y81.09 E14.60136
G1 X92.089 Y81.09 E14.62762
G1 X84.815 Y73.816 E15.12239
G1 X85.346 Y73.802 E15.14794
G1 X92.634 Y81.09 E15.64366
G1 X93.179 Y81.09 E15.66987
G1 X85.914 Y73.824 E16.16406
G1 X86.509 Y73.873 E16.19277
G1 X93.725 Y81.09 E16.68363
G1 X94.27 Y81.09 E16.70984
G1 X87.103 Y73.923 E17.19733
G1 X87.698 Y73.972 E17.22604
G1 X94.816 Y81.09 E17.7102
G1 X95.361 Y81.09 E17.73641
G1 X88.348 Y74.077 E18.21343
G1 X89.026 Y74.209 E18.24665
G1 X95.906 Y81.09 E18.71465
G1 X96.452 Y81.09 E18.74091
G1 X89.703 Y74.341 E19.19997
G1 X90.414 Y74.506 E19.23508
G1 X96.997 Y81.09 E19.68288
G1 X97.542 Y81.09 E19.70909
G1 X91.207 Y74.755 E20.13999
G1 X90.965 Y74.563 E20.15485
;WIDTH:0.404381
G1 X90.976 Y74.604 E20.15665
G1 X90.905 Y74.623 E20.15977
G1 X90.924 Y74.552 E20.16289
G1 X91.717 Y74.8 F7800
G1 F3000
G1 X91.698 Y74.871 E20.16601
G1 X91.769 Y74.852 E20.16913
G1 X91.758 Y74.811 E20.17093
;WIDTH:0.45
G1 X92.001 Y75.003 E20.18583
G1 X98.258 Y81.26 E20.61142
G1 E18.61142 F2400
G92 E0
G1 X72.464 Y108.91 F7800
G1 E2 F2400
G1 F3000
G1 X78.85 Y115.296 E2.43437
G1 X79.58 Y115.481 E2.47059
G1 X73.01 Y108.91 E2.91751
G1 X73.555 Y108.91 E2.94372
G1 X80.31 Y115.666 E3.40322
G1 X81.024 Y115.834 E3.4385
G1 X74.1 Y108.91 E3.90946
G1 X74.646 Y108.91 E3.93572
G1 X81.657 Y115.922 E4.41263
G1 X82.29 Y116.01 E4.44337
G1 X75.191 Y108.91 E4.92627
G1 X75.737 Y108.91 E4.95253
G1 X82.924 Y116.097 E5.44138
G1 X83.52 Y116.148 E5.47015
G1 X76.282 Y108.91 E5.96247
G1 X76.827 Y108.91 E5.98868
G1 X84.08 Y116.164 E6.48205
G1 X84.641 Y116.179 E6.50904
G1 X77.373 Y108.91 E7.00343
G1 X77.918 Y108.91 E7.02964
G1 X85.202 Y116.194 E7.52509
G1 X85.743 Y116.19 E7.55111
G1 X78.463 Y108.91 E8.04629
G1 X79.009 Y108.91 E8.07255
G1 X86.246 Y116.148 E8.56484
G1 X86.75 Y116.107 E8.58916
G1 X79.554 Y108.91 E9.07866
G1 X80.099 Y108.91 E9.10487
G1 X87.254 Y116.065 E9.59154
G1 X87.757 Y116.023 E9.61582
G1 X80.645 Y108.91 E10.0996
G1 X81.19 Y108.91 E10.12581
G1 X88.227 Y115.947 E10.60446
G1 X88.683 Y115.858 E10.62681
G1 X81.735 Y108.91 E11.0994
G1 X82.281 Y108.91 E11.12566
G1 X89.139 Y115.769 E11.59217
G1 X89.595 Y115.68 E11.61452
G1 X82.826 Y108.91 E12.07497
G1 X83.371 Y108.91 E12.10118
G1 X90.052 Y115.591 E12.55561
G1 X90.479 Y115.473 E12.57692
G1 X83.917 Y108.91 E13.02329
G1 X84.462 Y108.91 E13.0495
G1 X90.895 Y115.343 E13.48706
G1 X91.31 Y115.213 E13.50798
G1 X85.007 Y108.91 E13.9367
G1 X85.553 Y108.91 E13.96296
G1 X91.726 Y115.083 E14.38284
G1 X92.141 Y114.953 E14.40376
G1 X86.098 Y108.91 E14.8148
G1 X86.643 Y108.91 E14.84101
G1 X92.545 Y114.812 E15.24246
G1 X92.924 Y114.645 E15.26238
G1 X87.189 Y108.91 E15.65247
G1 X87.734 Y108.91 E15.67868
G1 X93.303 Y114.479 E16.05748
G1 X93.682 Y114.313 E16.07738
G1 X88.28 Y108.91 E16.44485
G1 X88.825 Y108.91 E16.47106
G1 X94.061 Y114.146 E16.82721
G1 X94.44 Y113.98 E16.84711
G1 X89.37 Y108.91 E17.19197
G1 X89.916 Y108.91 E17.21823
G1 X94.796 Y113.791 E17.5502
G1 X95.142 Y113.592 E17.5694
G1 X90.461 Y108.91 E17.88783
G1 X91.006 Y108.91 E17.91404
G1 X95.488 Y113.392 E18.2189
G1 X95.834 Y113.192 E18.23812
G1 X91.552 Y108.91 E18.52938
G1 X92.097 Y108.91 E18.55559
G1 X96.179 Y112.993 E18.83328
G1 X96.525 Y112.793 E18.8525
G1 X92.642 Y108.91 E19.11662
G1 X93.188 Y108.91 E19.14288
G1 X96.845 Y112.568 E19.39166
G1 X97.159 Y112.337 E19.41041
G1 X93.733 Y108.91 E19.64348
G1 X94.278 Y108.91 E19.66969
G1 X97.473 Y112.106 E19.88704
G1 X97.788 Y111.875 E19.90583
G1 X94.824 Y108.91 E20.10747
G1 X95.369 Y108.91 E20.13368
G1 X98.102 Y111.643 E20.31958
G1 X98.416 Y111.412 E20.33833
G1 X95.914 Y108.91 E20.50851
G1 X97.633 Y108.91 E20.59119
G1 X97.966 Y108.864 E20.60736
G1 X98.453 Y108.605 E20.63389
G1 X98.614 Y108.444 E20.64484
G1 X98.836 Y108.022 E20.66777
G1 X98.893 Y107.649 E20.68592
G1 X98.893 Y105.345 E20.79673
G1 X101.655 Y108.107 E20.9846
G1 X100.188 Y109.791 E21.09202
G1 X98.705 Y111.156 E21.18896
G1 X96.596 Y109.047 E21.33241
G1 X97.391 Y109.296 F7800
G1 F3000
G1 X97.716 Y109.29 E21.34804
G1 X98.223 Y109.177 E21.37302
G1 X98.75 Y108.863 E21.40252
G1 X98.982 Y108.587 E21.41986
G1 X99.216 Y108.083 E21.44659
G1 X99.279 Y107.649 E21.46768
G1 X99.279 Y106.276 E21.53372
G1 X101.128 Y108.125 E21.65949
G1 X99.911 Y109.522 E21.7486
G1 X98.716 Y110.622 E21.82672
G1 X97.527 Y109.432 E21.90763
G1 X98.316 Y109.601 F7800
;WIDTH:0.555817
G1 F3000
G1 X98.615 Y109.46 E21.92789
G1 X99.03 Y109.168 E21.95899
;WIDTH:0.537288
G1 X99.36 Y108.79 E21.98859
G1 X99.479 Y108.467 E22.00889
;WIDTH:0.493644
G1 X99.597 Y108.145 E22.02725
;WIDTH:0.45
G1 X99.652 Y107.803 E22.04391
G1 X99.665 Y107.207 E22.07258
G1 X100.601 Y108.143 E22.13625
;WIDTH:0.45687
G1 X100.018 Y108.807 E22.17951
;WIDTH:0.486542
G1 X99.771 Y109.058 E22.19805
;WIDTH:0.516214
G1 X99.524 Y109.309 E22.2179
;WIDTH:0.52363
G1 X99.118 Y109.678 E22.24933
;WIDTH:0.555817
G1 X98.729 Y110.014 E22.28084
G1 X98.452 Y109.737 E22.30485
G1 E20.30485 F2400
G92 E0
G1 X100.008 Y108.108 F7800
G1 E2 F2400
;WIDTH:0.524539
G1 F3000
G1 X99.967 Y108.148 E2.00329
G1 X99.982 Y108.204 E2.00662
G1 X100.037 Y108.219 E2.00989
G1 X100.078 Y108.178 E2.01322
G1 X100.063 Y108.122 E2.01655
G1 X101.886 Y107.793 F7800
;WIDTH:0.45
G1 F3000
G1 X98.893 Y104.8 E2.22013
G1 X98.893 Y104.255 E2.24634
G1 X102.11 Y107.471 E2.46512
G1 X102.333 Y107.149 E2.48396
G1 X98.893 Y103.709 E2.71794
G1 X98.893 Y103.164 E2.74415
G1 X102.556 Y106.827 E2.9933
G1 X102.78 Y106.505 E3.01217
G1 X98.893 Y102.619 E3.27652
G1 X98.893 Y102.073 E3.30278
G1 X103.003 Y106.183 E3.58234
G1 X103.202 Y105.836 E3.60158
G1 X98.893 Y101.528 E3.89464
G1 X98.893 Y100.982 E3.9209
G1 X103.393 Y105.482 E4.22698
G1 X103.585 Y105.128 E4.24635
G1 X98.893 Y100.437 E4.56546
G1 X98.893 Y99.892 E4.59167
G1 X103.776 Y104.775 E4.92381
G1 X103.968 Y104.421 E4.94318
G1 X98.893 Y99.346 E5.28838
G1 X98.893 Y98.801 E5.31459
G1 X104.159 Y104.067 E5.67278
G1 X104.318 Y103.68 E5.6929
G1 X98.893 Y98.256 E6.06187
G1 X98.893 Y97.71 E6.08813
G1 X104.476 Y103.293 E6.46788
G1 X104.633 Y102.905 E6.48801
G1 X98.893 Y97.165 E6.87844
G1 X98.893 Y96.62 E6.90465
G1 X104.791 Y102.517 E7.30579
G1 X104.948 Y102.129 E7.32592
G1 X98.893 Y96.074 E7.73777
G1 X98.893 Y95.529 E7.76398
G1 X105.092 Y101.727 E8.18559
G1 X105.212 Y101.302 E8.20683
G1 X98.893 Y94.984 E8.63661
G1 X98.893 Y94.438 E8.66287
G1 X105.332 Y100.877 E9.10084
G1 X105.452 Y100.452 E9.12208
G1 X98.893 Y93.893 E9.56822
G1 X98.893 Y93.348 E9.59443
G1 X105.572 Y100.027 E10.04873
G1 X105.689 Y99.598 E10.07012
G1 X98.893 Y92.802 E10.53238
G1 X98.893 Y92.257 E10.55859
G1 X105.767 Y99.13 E11.02612
G1 X105.845 Y98.663 E11.04889
G1 X98.893 Y91.712 E11.52172
G1 X98.893 Y91.166 E11.54798
G1 X105.923 Y98.196 E12.02615
G1 X106.001 Y97.728 E12.04897
G1 X98.893 Y90.621 E12.53241
G1 X98.893 Y90.076 E12.55862
G1 X106.071 Y97.253 E13.04682
G1 X106.1 Y96.737 E13.07168
G1 X98.893 Y89.53 E13.56189
G1 X98.893 Y88.985 E13.5881
G1 X106.128 Y96.22 E14.08022
G1 X106.157 Y95.703 E14.10512
G1 X98.893 Y88.439 E14.59921
G1 X98.893 Y87.894 E14.62542
G1 X106.185 Y95.186 E15.12141
G1 X106.175 Y94.631 E15.14811
G1 X98.893 Y87.349 E15.64342
G1 X98.893 Y86.803 E15.66968
G1 X106.143 Y94.053 E16.16282
G1 X106.111 Y93.476 E16.19061
G1 X98.893 Y86.258 E16.68157
G1 X98.893 Y85.713 E16.70778
G1 X106.08 Y92.899 E17.1966
G1 X106.002 Y92.276 E17.2268
G1 X98.893 Y85.167 E17.71035
G1 X98.893 Y84.622 E17.73656
G1 X105.892 Y91.621 E18.21262
G1 X105.783 Y90.966 E18.24456
G1 X98.893 Y84.077 E18.71318
G1 X98.893 Y83.531 E18.73944
G1 X105.666 Y90.304 E19.20013
G1 X105.642 Y89.783 E19.22521
;WIDTH:0.404381
G1 X105.653 Y89.824 E19.22701
G1 X105.582 Y89.843 E19.23013
G1 X105.601 Y89.772 E19.23325
;WIDTH:0.45
G1 X105.451 Y89.544 E19.24638
G1 X98.893 Y82.986 E19.69245
G1 X98.893 Y82.441 E19.71866
G1 X105.236 Y88.783 E20.15007
G1 X105.386 Y89.012 E20.16324
;WIDTH:0.404381
G1 X105.367 Y89.083 E20.16636
G1 X105.438 Y89.064 E20.16948
G1 X105.427 Y89.023 E20.17128
G1 X105.201 Y88.244 F7800
G1 F3000
G1 X105.212 Y88.285 E20.17308
G1 X105.141 Y88.304 E20.1762
G1 X105.16 Y88.233 E20.17932
;WIDTH:0.45
G1 X105.002 Y88.004 E20.1927
G1 X98.731 Y81.733 E20.61925
G1 E18.61925 F2400
G92 E0
G1 X104.8 Y87.315 F7800
G1 E2 F2400
;WIDTH:0.404381
G1 F3000
G1 X104.781 Y87.386 E2.00312
G1 X104.852 Y87.367 E2.00624
G1 X104.841 Y87.326 E2.00804
;WIDTH:0.45
G1 X104.629 Y87.086 E2.02344
G1 X92.878 Y75.335 E2.82273
G1 X92.636 Y75.128 E2.83805
;WIDTH:0.404381
G1 X92.647 Y75.169 E2.83985
G1 X92.575 Y75.188 E2.84301
G1 X92.594 Y75.117 E2.84613
G1 X93.566 Y75.536 F7800
G1 F3000
G1 X93.547 Y75.608 E2.84929
G1 X93.618 Y75.588 E2.85242
G1 X93.607 Y75.547 E2.85422
;WIDTH:0.45
G1 X93.85 Y75.761 E2.86979
G1 X104.256 Y86.167 E3.57759
G1 X104.468 Y86.408 E3.59303
;WIDTH:0.404381
G1 X104.479 Y86.449 E3.59483
G1 X104.408 Y86.468 E3.59795
G1 X104.427 Y86.397 E3.60107
G1 X103.911 Y85.286 F7800
G1 F3000
G1 X103.922 Y85.327 E3.60287
G1 X103.851 Y85.347 E3.606
G1 X103.87 Y85.275 E3.60916
;WIDTH:0.45
G1 X103.678 Y85.044 E3.62361
G1 X94.664 Y76.033 E4.23663
;WIDTH:0.404381
G1 X94.675 Y76.074 E4.23843
G1 X94.604 Y76.093 E4.24155
G1 X94.623 Y76.022 E4.24467
G1 X95.913 Y76.767 F7800
G1 F3000
G1 X95.894 Y76.838 E4.24779
G1 X95.965 Y76.819 E4.25091
G1 X95.954 Y76.778 E4.25271
;WIDTH:0.45
G1 X103.017 Y83.837 E4.73299
G1 X103.214 Y84.069 E4.74763
;WIDTH:0.404381
G1 X103.195 Y84.14 E4.75075
G1 X103.266 Y84.121 E4.75387
G1 X103.255 Y84.08 E4.75567
G1 E2.75567 F2400
G92 E0
G1 X98.024 Y78.299 F7800
G1 E2 F2400
;WIDTH:0.45
G1 F3000
G1 X101.783 Y82.059 E2.25572
G1 X102.011 Y82.331 E2.27279
;WIDTH:0.404381
G1 X101.985 Y82.15 E2.28054
G1 X101.792 Y81.917 E2.29337
;WIDTH:0.437087
G1 X100.192 Y80.204 E2.40233
G1 X98.503 Y78.583 E2.51115
;WIDTH:0.404381
G1 X97.946 Y78.104 E2.5423
G1 X97.751 Y78.065 E2.55073
G1 X96.661 Y77.129 E2.61166
M106 S76.5
;LAYER_CHANGE
;Z:1.25
;HEIGHT:0.3
G1 E.61166 F2400
G92 E0
G1 Z1.25 F7800
G1 X98.313 Y108.33
G1 E2 F2400
;TYPE:Perimeter
;WIDTH:0.45
G1 F3600
G1 X98.161 Y108.469 E2.00991
G1 X97.912 Y108.582 E2.02306
G1 X97.584 Y108.621 E2.03895
G1 X72.326 Y108.621 E3.25377
G1 X71.929 Y108.536 E3.2733
G1 X71.635 Y108.329 E3.29059
G1 X71.481 Y108.122 E3.303
G1 X71.38 Y107.843 E3.31727
G1 X71.362 Y107.657 E3.32626
G1 X71.362 Y82.343 E4.54378
G1 X71.38 Y82.157 E4.55277
G1 X71.529 Y81.8 E4.57138
G1 X71.761 Y81.561 E4.5874
G1 X71.929 Y81.464 E4.59673
G1 X72.326 Y81.379 E4.61626
G1 X97.64 Y81.379 E5.83378
G1 X97.912 Y81.418 E5.847
G1 X98.293 Y81.634 E5.86806
G1 X98.466 Y81.845 E5.88118
G1 X98.555 Y82.039 E5.89145
G1 X98.604 Y82.343 E5.90626
G1 X98.604 Y107.657 E7.12378
G1 X98.555 Y107.961 E7.13859
G1 X98.4 Y108.251 E7.15441
G1 X98.357 Y108.29 E7.1572
G1 X98.047 Y108.06 F7800
G1 F3600
G1 X98.032 Y108.083 E7.15852
G1 X97.804 Y108.212 E7.17112
G1 X97.584 Y108.236 E7.18176
G1 X72.326 Y108.236 E8.39658
G1 X71.987 Y108.126 E8.41372
G1 X71.819 Y107.936 E8.42592
G1 X71.747 Y107.657 E8.43978
G1 X71.747 Y82.343 E9.6573
G1 X71.819 Y82.064 E9.67116
G1 X71.987 Y81.874 E9.68336
G1 X72.326 Y81.764 E9.7005
G1 X97.64 Y81.764 E10.91802
G1 X97.952 Y81.856 E10.93366
G1 X98.135 Y82.044 E10.94628
G1 X98.219 Y82.343 E10.96122
G1 X98.219 Y107.657 E12.17874
G1 X98.189 Y107.84 E12.18766
G1 X98.079 Y108.009 E12.19736
G1 X97.776 Y107.786 F7800
;TYPE:External perimeter
G1 F1800
G1 X97.771 Y107.799 E12.19803
G1 X97.64 Y107.85 E12.20479
G1 X72.326 Y107.85 E13.42231
G1 X72.188 Y107.792 E13.42951
G1 X72.133 Y107.657 E13.43652
G1 X72.133 Y82.343 E14.65404
G1 X72.195 Y82.201 E14.66149
G1 X72.326 Y82.15 E14.66825
G1 X97.64 Y82.15 E15.88577
G1 X97.792 Y82.224 E15.8939
G1 X97.833 Y82.343 E15.89995
G1 X97.833 Y107.657 E17.11747
G1 X97.801 Y107.731 E17.12135
G1 X97.417 Y107.844 F7800
G1 E15.12135 F2400
G92 E0
G1 X87.962 Y73.707 F7800
G1 E2 F2400
;TYPE:Perimeter
G1 F3600
G1 X90.261 Y74.156 E2.11266
G1 X92.522 Y74.863 E2.2266
G1 X94.692 Y75.815 E2.34057
G1 X96.744 Y76.999 E2.45451
G1 X98.652 Y78.402 E2.56842
G1 X100.395 Y80.007 E2.68238
G1 X101.951 Y81.793 E2.79631
G1 X103.301 Y83.74 E2.91026
G1 X104.429 Y85.823 E3.02419
G1 X105.32 Y88.018 E3.13813
G1 X105.965 Y90.298 E3.25209
G1 X106.355 Y92.635 E3.36605
G1 X106.473 Y94.783 E3.46952
G1 X106.473 Y95.217 E3.49039
G1 X106.355 Y97.365 E3.59386
G1 X105.965 Y99.702 E3.70782
G1 X105.32 Y101.982 E3.82178
G1 X104.429 Y104.177 E3.93572
G1 X103.301 Y106.26 E4.04965
G1 X101.951 Y108.207 E4.1636
G1 X100.395 Y109.993 E4.27753
G1 X98.652 Y111.598 E4.39149
G1 X96.744 Y113.001 E4.5054
G1 X94.692 Y114.185 E4.61934
G1 X92.522 Y115.137 E4.73331
G1 X90.261 Y115.844 E4.84725
G1 X87.936 Y116.298 E4.96119
G1 X85.575 Y116.494 E5.07514
G1 X83.207 Y116.429 E5.18908
G1 X80.861 Y116.103 E5.303
G1 X78.564 Y115.522 E5.41696
G1 X76.346 Y114.691 E5.53088
G1 X74.232 Y113.621 E5.64484
G1 X72.249 Y112.326 E5.75875
G1 X70.42 Y110.82 E5.8727
G1 X68.768 Y109.122 E5.98664
G1 X67.313 Y107.252 E6.1006
G1 X66.072 Y105.234 E6.21454
G1 X65.061 Y103.091 E6.32851
G1 X64.292 Y100.851 E6.44242
G1 X63.774 Y98.539 E6.55638
G1 X63.513 Y96.185 E6.67029
G1 X63.513 Y93.815 E6.78428
G1 X63.774 Y91.461 E6.89819
G1 X64.292 Y89.149 E7.01215
G1 X65.061 Y86.909 E7.12606
G1 X66.072 Y84.766 E7.24003
G1 X67.313 Y82.748 E7.35397
G1 X68.768 Y80.878 E7.46793
G1 X70.42 Y79.18 E7.58187
G1 X72.249 Y77.674 E7.69582
G1 X74.232 Y76.379 E7.80973
G1 X76.346 Y75.309 E7.92369
G1 X78.564 Y74.478 E8.03761
G1 X80.861 Y73.897 E8.15157
G1 X83.207 Y73.571 E8.26549
G1 X85.575 Y73.506 E8.37943
G1 X87.902 Y73.699 E8.49173
G1 X87.994 Y73.32 F7800
G1 F3600
G1 X90.356 Y73.781 E8.60748
G1 X92.658 Y74.501 E8.72349
G1 X94.866 Y75.47 E8.83946
G1 X96.955 Y76.676 E8.95547
G1 X98.898 Y78.104 E9.07145
G1 X100.672 Y79.737 E9.18742
G1 X102.256 Y81.556 E9.30343
G1 X103.63 Y83.538 E9.41942
G1 X104.778 Y85.659 E9.53542
G1 X105.685 Y87.893 E9.65139
G1 X106.342 Y90.213 E9.76736
G1 X106.739 Y92.592 E9.88336
G1 X106.858 Y94.762 E9.98789
G1 X106.858 Y95.238 E10.01078
G1 X106.739 Y97.408 E10.11531
G1 X106.342 Y99.787 E10.23131
G1 X105.685 Y102.107 E10.34728
G1 X104.778 Y104.341 E10.46325
G1 X103.63 Y106.462 E10.57925
G1 X102.256 Y108.444 E10.69524
G1 X100.672 Y110.263 E10.81125
G1 X98.898 Y111.896 E10.92722
G1 X96.955 Y113.324 E11.0432
G1 X94.866 Y114.53 E11.15921
G1 X92.658 Y115.499 E11.27518
G1 X90.356 Y116.219 E11.39119
G1 X87.989 Y116.681 E11.50718
G1 X85.586 Y116.88 E11.62315
G1 X83.175 Y116.814 E11.73915
G1 X80.787 Y116.482 E11.85511
G1 X78.449 Y115.89 E11.97111
G1 X76.19 Y115.045 E12.08711
G1 X74.039 Y113.956 E12.20307
G1 X72.02 Y112.637 E12.31906
G1 X70.158 Y111.104 E12.43506
G1 X68.477 Y109.375 E12.55104
G1 X66.995 Y107.472 E12.66705
G1 X65.733 Y105.418 E12.783
G1 X64.703 Y103.237 E12.89901
G1 X63.92 Y100.956 E13.015
G1 X63.393 Y98.603 E13.13097
G1 X63.128 Y96.206 E13.24696
G1 X63.128 Y93.794 E13.36297
G1 X63.393 Y91.397 E13.47896
G1 X63.92 Y89.044 E13.59493
G1 X64.703 Y86.763 E13.71092
G1 X65.733 Y84.582 E13.82693
G1 X66.995 Y82.528 E13.94288
G1 X68.477 Y80.625 E14.05889
G1 X70.158 Y78.896 E14.17487
G1 X72.02 Y77.363 E14.29087
G1 X74.039 Y76.044 E14.40686
G1 X76.19 Y74.955 E14.52282
G1 X78.449 Y74.11 E14.63882
G1 X80.787 Y73.518 E14.75482
G1 X83.175 Y73.186 E14.87078
G1 X85.586 Y73.12 E14.98678
G1 X87.934 Y73.314 E15.1001
G1 X88.026 Y72.935 F7800
;TYPE:External perimeter
G1 F1800
G1 X88.042 Y72.936 E15.10087
G1 X90.451 Y73.407 E15.21893
G1 X92.793 Y74.14 E15.33696
G1 X95.041 Y75.125 E15.455
G1 X97.166 Y76.352 E15.57302
G1 X99.143 Y77.806 E15.69105
G1 X100.949 Y79.468 E15.8091
G1 X102.561 Y81.319 E15.92715
G1 X103.959 Y83.335 E16.04515
G1 X105.127 Y85.494 E16.16321
G1 X106.051 Y87.767 E16.28122
G1 X106.718 Y90.129 E16.39927
G1 X107.122 Y92.55 E16.51732
G1 X107.243 Y94.741 E16.62286
G1 X107.243 Y95.259 E16.64777
G1 X107.122 Y97.45 E16.75331
G1 X106.718 Y99.871 E16.87136
G1 X106.051 Y102.233 E16.98941
G1 X105.127 Y104.506 E17.10742
G1 X103.959 Y106.665 E17.22548
G1 X102.561 Y108.681 E17.34348
G1 X100.949 Y110.532 E17.46153
G1 X99.143 Y112.194 E17.57958
G1 X97.166 Y113.648 E17.69761
G1 X95.041 Y114.875 E17.81563
G1 X92.793 Y115.86 E17.93367
G1 X90.451 Y116.593 E18.0517
G1 X88.042 Y117.064 E18.16976
G1 X85.597 Y117.266 E18.28776
G1 X83.144 Y117.199 E18.40578
G1 X80.713 Y116.861 E18.52383
G1 X78.334 Y116.259 E18.64186
G1 X76.035 Y115.399 E18.75992
G1 X73.846 Y114.29 E18.87794
G1 X71.791 Y112.948 E18.99599
G1 X69.897 Y111.388 E19.11401
G1 X68.185 Y109.629 E19.23207
G1 X66.678 Y107.692 E19.35011
G1 X65.393 Y105.602 E19.46811
G1 X64.346 Y103.382 E19.58616
G1 X63.549 Y101.061 E19.70419
G1 X63.012 Y98.666 E19.82224
G1 X62.742 Y96.227 E19.94026
G1 X62.742 Y93.773 E20.05829
G1 X63.012 Y91.334 E20.17631
G1 X63.549 Y88.939 E20.29436
G1 X64.346 Y86.618 E20.41239
G1 X65.393 Y84.398 E20.53044
G1 X66.678 Y82.308 E20.64844
G1 X68.185 Y80.371 E20.76648
G1 X69.897 Y78.612 E20.88454
G1 X71.791 Y77.052 E21.00256
G1 X73.846 Y75.71 E21.12061
G1 X76.035 Y74.601 E21.23863
G1 X78.334 Y73.741 E21.35669
G1 X80.713 Y73.139 E21.47472
G1 X83.144 Y72.801 E21.59277
G1 X85.597 Y72.734 E21.71079
G1 X87.966 Y72.93 E21.82512
G1 X88.36 Y73 F7800
G1 X88.136 Y74.035
;TYPE:Internal infill
;WIDTH:0.45
G1 F4200
G1 X85.833 Y73.818 E21.93638
G1 X73.707 Y77.067 E22.54017
G1 X72.42 Y77.908 E22.61411
G1 X71.821 Y78.401 E22.65142
G1 E20.65142 F2400
G92 E0
G1 X76.742 Y75.469 F7800
G1 E2 F2400
G1 F4200
G1 X74.664 Y76.484 E2.11123
G1 X79.27 Y81.09 E2.42452
G1 X81.043 Y81.09 E2.5098
G1 X96.211 Y77.025 E3.26507
G1 X95.859 Y76.822 E3.28461
G1 X94.716 Y81.09 E3.49712
G1 X95.63 Y81.09 E3.54108
G1 X88.683 Y74.142 E4.01364
G1 X90.485 Y74.529 E4.10229
G1 X88.727 Y81.09 E4.42898
G1 X87.45 Y81.09 E4.4904
G1 X80.617 Y74.257 E4.95517
G1 X78.425 Y74.839 E5.06425
G1 X76.751 Y81.09 E5.3755
G1 X72.315 Y81.09 E5.58886
G1 X71.815 Y81.197 E5.61345
G1 X71.451 Y81.451 E5.6348
G1 X70.013 Y80.013 E5.73261
G1 X70.616 Y79.393 E5.77421
G1 X71.387 Y78.759 E5.82222
G1 X65.086 Y102.273 E6.99306
G1 X65.448 Y103.233 E7.04241
G1 X71.072 Y101.726 E7.32245
G1 X71.072 Y102.281 E7.34914
G1 X69.225 Y109.176 E7.69246
G1 X68.563 Y108.387 E7.742
G1 X71.077 Y107.713 E7.86718
G1 X71.072 Y105.613 E7.96818
G1 X64.091 Y98.632 E8.44302
G1 X63.966 Y97.642 E8.49101
G1 X71.072 Y95.738 E8.84484
G1 X71.072 Y97.433 E8.92636
G1 X64.259 Y90.619 E9.38981
G1 X64.046 Y91.632 E9.4396
G1 X71.072 Y89.749 E9.78945
G1 X71.072 Y89.253 E9.81331
G1 X66.478 Y84.658 E10.12582
G1 X66.257 Y85.051 E10.14751
G1 X71.072 Y83.761 E10.38726
G1 X71.072 Y86.075 E10.49856
G1 E8.49856 F2400
G92 E0
G1 X85.053 Y81.09 F7800
G1 E2 F2400
G1 F4200
G1 X82.739 Y81.09 E2.1113
G1 X84.687 Y73.82 E2.4733
G1 E.4733 F2400
G92 E0
G1 X98.893 Y103.934 F7800
G1 E2 F2400
G1 F4200
G1 X98.893 Y106.248 E2.1113
G1 X103.672 Y104.968 E2.34926
G1 X103.488 Y105.308 E2.36785
G1 X98.893 Y100.713 E2.6804
G1 X98.893 Y100.26 E2.70219
G1 X105.891 Y98.385 E3.05064
G1 X105.727 Y99.367 E3.09852
G1 X98.893 Y92.533 E3.56336
G1 X98.893 Y94.271 E3.64695
G1 X106.016 Y92.363 E4.00162
G1 X105.838 Y91.298 E4.05355
G1 X98.893 Y84.353 E4.52594
G1 X98.887 Y82.296 E4.62488
G1 X101.416 Y81.619 E4.7508
G1 X100.763 Y80.869 E4.79863
G1 X98.893 Y87.847 E5.14609
G1 X98.893 Y88.283 E5.16706
G1 X104.505 Y86.78 E5.44649
G1 X104.904 Y87.763 E5.49752
G1 X98.613 Y111.241 E6.66657
G1 X99.981 Y109.981 E6.75602
G1 X98.532 Y108.532 E6.85458
G1 X98.315 Y108.714 E6.8682
G1 X97.994 Y108.86 E6.88516
G1 X97.647 Y108.91 E6.90202
G1 X93.249 Y108.91 E7.11355
G1 X91.583 Y115.128 E7.42316
G1 X90.19 Y115.563 E7.49335
G1 X89.364 Y115.725 E7.53383
G1 X82.55 Y108.91 E7.99734
G1 X81.273 Y108.91 E8.05876
G1 X79.517 Y115.465 E8.38515
G1 X81.337 Y115.877 E8.4749
G1 X74.37 Y108.91 E8.94879
G1 X75.284 Y108.91 E8.99275
G1 X74.132 Y113.211 E9.20691
G1 X73.776 Y112.978 E9.22737
G1 X88.957 Y108.91 E9.98328
G1 X90.73 Y108.91 E10.06856
G1 X95.313 Y113.493 E10.38029
G1 E8.38029 F2400
G92 E0
G1 X98.159 Y111.601 F7800
G1 E2 F2400
G1 F4200
G1 X96.273 Y112.939 E2.11122
G1 X84.223 Y116.167 E2.71122
G1 X83.231 Y116.14 E2.75895
G1 X81.922 Y115.959 E2.82251
G1 E.82251 F2400
G92 E0
G1 X87.615 Y116.035 F7800
G1 E2 F2400
G1 F4200
G1 X85.309 Y116.197 E2.11118
G1 X87.261 Y108.91 E2.47402
G1 X84.947 Y108.91 E2.58532
;LAYER_CHANGE
;Z:1.55
;HEIGHT:0.3
G1 E.58532 F2400
G92 E0
G1 Z1.55 F7800
G1 X98.313 Y108.33
G1 E2 F2400
;TYPE:Perimeter
;WIDTH:0.45
G1 F3600
G1 X98.161 Y108.469 E2.00991
G1 X97.912 Y108.582 E2.02306
G1 X97.584 Y108.621 E2.03895
G1 X72.326 Y108.621 E3.25377
G1 X71.929 Y108.536 E3.2733
G1 X71.635 Y108.329 E3.29059
G1 X71.481 Y108.122 E3.303
G1 X71.38 Y107.843 E3.31727
G1 X71.362 Y107.657 E3.32626
G1 X71.362 Y82.343 E4.54378
G1 X71.38 Y82.157 E4.55277
G1 X71.529 Y81.8 E4.57138
G1 X71.761 Y81.561 E4.5874
G1 X71.929 Y81.464 E4.59673
G1 X72.326 Y81.379 E4.61626
G1 X97.64 Y81.379 E5.83378
G1 X97.912 Y81.418 E5.847
G1 X98.293 Y81.634 E5.86806
G1 X98.466 Y81.845 E5.88118
G1 X98.555 Y82.039 E5.89145
G1 X98.604 Y82.343 E5.90626
G1 X98.604 Y107.657 E7.12378
G1 X98.555 Y107.961 E7.13859
G1 X98.4 Y108.251 E7.15441
G1 X98.357 Y108.29 E7.1572
G1 X98.047 Y108.06 F7800
G1 F3600
G1 X98.032 Y108.083 E7.15852
G1 X97.804 Y108.212 E7.17112
G1 X97.584 Y108.236 E7.18176
G1 X72.326 Y108.236 E8.39658
G1 X71.987 Y108.126 E8.41372
G1 X71.819 Y107.936 E8.42592
G1 X71.747 Y107.657 E8.43978
G1 X71.747 Y82.343 E9.6573
G1 X71.819 Y82.064 E9.67116
G1 X71.987 Y81.874 E9.68336
G1 X72.326 Y81.764 E9.7005
G1 X97.64 Y81.764 E10.91802
G1 X97.952 Y81.856 E10.93366
G1 X98.135 Y82.044 E10.94628
G1 X98.219 Y82.343 E10.96122
G1 X98.219 Y107.657 E12.17874
G1 X98.189 Y107.84 E12.18766
G1 X98.079 Y108.009 E12.19736
G1 X97.776 Y107.786 F7800
;TYPE:External perimeter
G1 F1800
G1 X97.771 Y107.799 E12.19803
G1 X97.64 Y107.85 E12.20479
G1 X72.326 Y107.85 E13.42231
G1 X72.188 Y107.792 E13.42951
G1 X72.133 Y107.657 E13.43652
G1 X72.133 Y82.343 E14.65404
G1 X72.195 Y82.201 E14.66149
G1 X72.326 Y82.15 E14.66825
G1 X97.64 Y82.15 E15.88577
G1 X97.792 Y82.224 E15.8939
G1 X97.833 Y82.343 E15.89995
G1 X97.833 Y107.657 E17.11747
G1 X97.801 Y107.731 E17.12135
G1 X97.417 Y107.844 F7800
G1 E15.12135 F2400
G92 E0
G1 X87.962 Y73.707 F7800
G1 E2 F2400
;TYPE:Perimeter
G1 F3600
G1 X90.261 Y74.156 E2.11266
G1 X92.522 Y74.863 E2.2266
G1 X94.692 Y75.815 E2.34057
G1 X96.744 Y76.999 E2.45451
G1 X98.652 Y78.402 E2.56842
G1 X100.395 Y80.007 E2.68238
G1 X101.951 Y81.793 E2.79631
G1 X103.301 Y83.74 E2.91026
G1 X104.429 Y85.823 E3.02419
G1 X105.32 Y88.018 E3.13813
G1 X105.965 Y90.298 E3.25209
G1 X106.355 Y92.635 E3.36605
G1 X106.473 Y94.783 E3.46952
G1 X106.473 Y95.217 E3.49039
G1 X106.355 Y97.365 E3.59386
G1 X105.965 Y99.702 E3.70782
G1 X105.32 Y101.982 E3.82178
G1 X104.429 Y104.177 E3.93572
G1 X103.301 Y106.26 E4.04965
G1 X101.951 Y108.207 E4.1636
G1 X100.395 Y109.993 E4.27753
G1 X98.652 Y111.598 E4.39149
G1 X96.744 Y113.001 E4.5054
G1 X94.692 Y114.185 E4.61934
G1 X92.522 Y115.137 E4.73331
G1 X90.261 Y115.844 E4.84725
G1 X87.936 Y116.298 E4.96119
G1 X85.575 Y116.494 E5.07514
G1 X83.207 Y116.429 E5.18908
G1 X80.861 Y116.103 E5.303
G1 X78.564 Y115.522 E5.41696
G1 X76.346 Y114.691 E5.53088
G1 X74.232 Y113.621 E5.64484
G1 X72.249 Y112.326 E5.75875
G1 X70.42 Y110.82 E5.8727
G1 X68.768 Y109.122 E5.98664
G1 X67.313 Y107.252 E6.1006
G1 X66.072 Y105.234 E6.21454
G1 X65.061 Y103.091 E6.32851
G1 X64.292 Y100.851 E6.44242
G1 X63.774 Y98.539 E6.55638
G1 X63.513 Y96.185 E6.67029
G1 X63.513 Y93.815 E6.78428
G1 X63.774 Y91.461 E6.89819
G1 X64.292 Y89.149 E7.01215
G1 X65.061 Y86.909 E7.12606
G1 X66.072 Y84.766 E7.24003
G1 X67.313 Y82.748 E7.35397
G1 X68.768 Y80.878 E7.46793
G1 X70.42 Y79.18 E7.58187
G1 X72.249 Y77.674 E7.69582
G1 X74.232 Y76.379 E7.80973
G1 X76.346 Y75.309 E7.92369
G1 X78.564 Y74.478 E8.03761
G1 X80.861 Y73.897 E8.15157
G1 X83.207 Y73.571 E8.26549
G1 X85.575 Y73.506 E8.37943
G1 X87.902 Y73.699 E8.49173
G1 X87.994 Y73.32 F7800
G1 F3600
G1 X90.356 Y73.781 E8.60748
G1 X92.658 Y74.501 E8.72349
G1 X94.866 Y75.47 E8.83946
G1 X96.955 Y76.676 E8.95547
G1 X98.898 Y78.104 E9.07145
G1 X100.672 Y79.737 E9.18742
G1 X102.256 Y81.556 E9.30343
G1 X103.63 Y83.538 E9.41942
G1 X104.778 Y85.659 E9.53542
G1 X105.685 Y87.893 E9.65139
G1 X106.342 Y90.213 E9.76736
G1 X106.739 Y92.592 E9.88336
G1 X106.858 Y94.762 E9.98789
G1 X106.858 Y95.238 E10.01078
G1 X106.739 Y97.408 E10.11531
G1 X106.342 Y99.787 E10.23131
G1 X105.685 Y102.107 E10.34728
G1 X104.778 Y104.341 E10.46325
G1 X103.63 Y106.462 E10.57925
G1 X102.256 Y108.444 E10.69524
G1 X100.672 Y110.263 E10.81125
G1 X98.898 Y111.896 E10.92722
G1 X96.955 Y113.324 E11.0432
G1 X94.866 Y114.53 E11.15921
G1 X92.658 Y115.499 E11.27518
G1 X90.356 Y116.219 E11.39119
G1 X87.989 Y116.681 E11.50718
G1 X85.586 Y116.88 E11.62315
G1 X83.175 Y116.814 E11.73915
G1 X80.787 Y116.482 E11.85511
G1 X78.449 Y115.89 E11.97111
G1 X76.19 Y115.045 E12.08711
G1 X74.039 Y113.956 E12.20307
G1 X72.02 Y112.637 E12.31906
G1 X70.158 Y111.104 E12.43506
G1 X68.477 Y109.375 E12.55104
G1 X66.995 Y107.472 E12.66705
G1 X65.733 Y105.418 E12.783
G1 X64.703 Y103.237 E12.89901
G1 X63.92 Y100.956 E13.015
G1 X63.393 Y98.603 E13.13097
G1 X63.128 Y96.206 E13.24696
G1 X63.128 Y93.794 E13.36297
G1 X63.393 Y91.397 E13.47896
G1 X63.92 Y89.044 E13.59493
G1 X64.703 Y86.763 E13.71092
G1 X65.733 Y84.582 E13.82693
G1 X66.995 Y82.528 E13.94288
G1 X68.477 Y80.625 E14.05889
G1 X70.158 Y78.896 E14.17487
G1 X72.02 Y77.363 E14.29087
G1 X74.039 Y76.044 E14.40686
G1 X76.19 Y74.955 E14.52282
G1 X78.449 Y74.11 E14.63882
G1 X80.787 Y73.518 E14.75482
G1 X83.175 Y73.186 E14.87078
G1 X85.586 Y73.12 E14.98678
G1 X87.934 Y73.314 E15.1001
G1 X88.026 Y72.935 F7800
;TYPE:External perimeter
G1 F1800
G1 X88.042 Y72.936 E15.10087
G1 X90.451 Y73.407 E15.21893
G1 X92.793 Y74.14 E15.33696
G1 X95.041 Y75.125 E15.455
G1 X97.166 Y76.352 E15.57302
G1 X99.143 Y77.806 E15.69105
G1 X100.949 Y79.468 E15.8091
G1 X102.561 Y81.319 E15.92715
G1 X103.959 Y83.335 E16.04515
G1 X105.127 Y85.494 E16.16321
G1 X106.051 Y87.767 E16.28122
G1 X106.718 Y90.129 E16.39927
G1 X107.122 Y92.55 E16.51732
G1 X107.243 Y94.741 E16.62286
G1 X107.243 Y95.259 E16.64777
G1 X107.122 Y97.45 E16.75331
G1 X106.718 Y99.871 E16.87136
G1 X106.051 Y102.233 E16.98941
G1 X105.127 Y104.506 E17.10742
G1 X103.959 Y106.665 E17.22548
G1 X102.561 Y108.681 E17.34348
G1 X100.949 Y110.532 E17.46153
G1 X99.143 Y112.194 E17.57958
G1 X97.166 Y113.648 E17.69761
G1 X95.041 Y114.875 E17.81563
G1 X92.793 Y115.86 E17.93367
G1 X90.451 Y116.593 E18.0517
G1 X88.042 Y117.064 E18.16976
G1 X85.597 Y117.266 E18.28776
G1 X83.144 Y117.199 E18.40578
G1 X80.713 Y116.861 E18.52383
G1 X78.334 Y116.259 E18.64186
G1 X76.035 Y115.399 E18.75992
G1 X73.846 Y114.29 E18.87794
G1 X71.791 Y112.948 E18.99599
G1 X69.897 Y111.388 E19.11401
G1 X68.185 Y109.629 E19.23207
G1 X66.678 Y107.692 E19.35011
G1 X65.393 Y105.602 E19.46811
G1 X64.346 Y103.382 E19.58616
G1 X63.549 Y101.061 E19.70419
G1 X63.012 Y98.666 E19.82224
G1 X62.742 Y96.227 E19.94026
G1 X62.742 Y93.773 E20.05829
G1 X63.012 Y91.334 E20.17631
G1 X63.549 Y88.939 E20.29436
G1 X64.346 Y86.618 E20.41239
G1 X65.393 Y84.398 E20.53044
G1 X66.678 Y82.308 E20.64844
G1 X68.185 Y80.371 E20.76648
G1 X69.897 Y78.612 E20.88454
G1 X71.791 Y77.052 E21.00256
G1 X73.846 Y75.71 E21.12061
G1 X76.035 Y74.601 E21.23863
G1 X78.334 Y73.741 E21.35669
G1 X80.713 Y73.139 E21.47472
G1 X83.144 Y72.801 E21.59277
G1 X85.597 Y72.734 E21.71079
G1 X87.966 Y72.93 E21.82512
G1 X88.36 Y73 F7800
G1 X88.136 Y74.035
;TYPE:Internal infill
;WIDTH:0.45
G1 F4200
G1 X85.833 Y73.818 E21.93638
G1 X73.707 Y77.067 E22.54017
G1 X72.42 Y77.908 E22.61411
G1 X71.821 Y78.401 E22.65142
G1 E20.65142 F2400
G92 E0
G1 X76.742 Y75.469 F7800
G1 E2 F2400
G1 F4200
G1 X74.664 Y76.484 E2.11123
G1 X79.27 Y81.09 E2.42452
G1 X81.043 Y81.09 E2.5098
G1 X96.211 Y77.025 E3.26507
G1 X95.859 Y76.822 E3.28461
G1 X94.716 Y81.09 E3.49712
G1 X95.63 Y81.09 E3.54108
G1 X88.683 Y74.142 E4.01364
G1 X90.485 Y74.529 E4.10229
G1 X88.727 Y81.09 E4.42898
G1 X87.45 Y81.09 E4.4904
G1 X80.617 Y74.257 E4.95517
G1 X78.425 Y74.839 E5.06425
G1 X76.751 Y81.09 E5.3755
G1 X72.315 Y81.09 E5.58886
G1 X71.815 Y81.197 E5.61345
G1 X71.451 Y81.451 E5.6348
G1 X70.013 Y80.013 E5.73261
G1 X70.616 Y79.393 E5.77421
G1 X71.387 Y78.759 E5.82222
G1 X65.086 Y102.273 E6.99306
G1 X65.448 Y103.233 E7.04241
G1 X71.072 Y101.726 E7.32245
G1 X71.072 Y102.281 E7.34914
G1 X69.225 Y109.176 E7.69246
G1 X68.563 Y108.387 E7.742
G1 X71.077 Y107.713 E7.86718
G1 X71.072 Y105.613 E7.96818
G1 X64.091 Y98.632 E8.44302
G1 X63.966 Y97.642 E8.49101
G1 X71.072 Y95.738 E8.84484
G1 X71.072 Y97.433 E8.92636
G1 X64.259 Y90.619 E9.38981
G1 X64.046 Y91.632 E9.4396
G1 X71.072 Y89.749 E9.78945
G1 X71.072 Y89.253 E9.81331
G1 X66.478 Y84.658 E10.12582
G1 X66.257 Y85.051 E10.14751
G1 X71.072 Y83.761 E10.38726
G1 X71.072 Y86.075 E10.49856
G1 E8.49856 F2400
G92 E0
G1 X85.053 Y81.09 F7800
G1 E2 F2400
G1 F4200
G1 X82.739 Y81.09 E2.1113
G1 X84.687 Y73.82 E2.4733
G1 E.4733 F2400
G92 E0
G1 X98.893 Y103.934 F7800
G1 E2 F2400
G1 F4200
G1 X98.893 Y106.248 E2.1113
G1 X103.672 Y104.968 E2.34926
G1 X103.488 Y105.308 E2.36785
G1 X98.893 Y100.713 E2.6804
G1 X98.893 Y100.26 E2.70219
G1 X105.891 Y98.385 E3.05064
G1 X105.727 Y99.367 E3.09852
G1 X98.893 Y92.533 E3.56336
G1 X98.893 Y94.271 E3.64695
G1 X106.016 Y92.363 E4.00162
G1 X105.838 Y91.298 E4.05355
G1 X98.893 Y84.353 E4.52594
G1 X98.887 Y82.296 E4.62488
G1 X101.416 Y81.619 E4.7508
G1 X100.763 Y80.869 E4.79863
G1 X98.893 Y87.847 E5.14609
G1 X98.893 Y88.283 E5.16706
G1 X104.505 Y86.78 E5.44649
G1 X104.904 Y87.763 E5.49752
G1 X98.613 Y111.241 E6.66657
G1 X99.981 Y109.981 E6.75602
G1 X98.532 Y108.532 E6.85458
G1 X98.338 Y108.699 E6.86689
G1 X97.995 Y108.86 E6.88511
G1 X97.647 Y108.91 E6.90202
G1 X93.249 Y108.91 E7.11355
G1 X91.583 Y115.128 E7.42316
G1 X90.19 Y115.563 E7.49335
G1 X89.364 Y115.725 E7.53383
G1 X82.55 Y108.91 E7.99734
G1 X81.273 Y108.91 E8.05876
G1 X79.517 Y115.465 E8.38515
G1 X81.337 Y115.877 E8.4749
G1 X74.37 Y108.91 E8.94879
G1 X75.284 Y108.91 E8.99275
G1 X74.132 Y113.211 E9.20691
G1 X73.776 Y112.978 E9.22737
G1 X88.957 Y108.91 E9.98328
G1 X90.73 Y108.91 E10.06856
G1 X95.313 Y113.493 E10.38029
G1 E8.38029 F2400
G92 E0
G1 X98.159 Y111.601 F7800
G1 E2 F2400
G1 F4200
G1 X96.273 Y112.939 E2.11122
G1 X84.223 Y116.167 E2.71122
G1 X83.231 Y116.14 E2.75895
G1 X81.922 Y115.959 E2.82251
G1 E.82251 F2400
G92 E0
G1 X87.615 Y116.035 F7800
G1 E2 F2400
G1 F4200
G1 X85.309 Y116.197 E2.11118
G1 X87.261 Y108.91 E2.47402
G1 X84.947 Y108.91 E2.58532
;LAYER_CHANGE
;Z:1.85
;HEIGHT:0.3
G1 E.58532 F2400
G92 E0
G1 Z1.85 F7800
G1 X98.313 Y108.33
G1 E2 F2400
;TYPE:Perimeter
;WIDTH:0.45
G1 F3600
G1 X98.161 Y108.469 E2.00991
G1 X97.912 Y108.582 E2.02306
G1 X97.584 Y108.621 E2.03895
G1 X72.326 Y108.621 E3.25377
G1 X71.929 Y108.536 E3.2733
G1 X71.635 Y108.329 E3.29059
G1 X71.481 Y108.122 E3.303
G1 X71.38 Y107.843 E3.31727
G1 X71.362 Y107.657 E3.32626
G1 X71.362 Y82.343 E4.54378
G1 X71.38 Y82.157 E4.55277
G1 X71.529 Y81.8 E4.57138
G1 X71.761 Y81.561 E4.5874
G1 X71.929 Y81.464 E4.59673
G1 X72.326 Y81.379 E4.61626
G1 X97.64 Y81.379 E5.83378
G1 X97.912 Y81.418 E5.847
G1 X98.293 Y81.634 E5.86806
G1 X98.466 Y81.845 E5.88118
G1 X98.555 Y82.039 E5.89145
G1 X98.604 Y82.343 E5.90626
G1 X98.604 Y107.657 E7.12378
G1 X98.555 Y107.961 E7.13859
G1 X98.4 Y108.251 E7.15441
G1 X98.357 Y108.29 E7.1572
G1 X98.047 Y108.06 F7800
G1 F3600
G1 X98.032 Y108.083 E7.15852
G1 X97.804 Y108.212 E7.17112
G1 X97.584 Y108.236 E7.18176
G1 X72.326 Y108.236 E8.39658
G1 X71.987 Y108.126 E8.41372
G1 X71.819 Y107.936 E8.42592
G1 X71.747 Y107.657 E8.43978
G1 X71.747 Y82.343 E9.6573
G1 X71.819 Y82.064 E9.67116
G1 X71.987 Y81.874 E9.68336
G1 X72.326 Y81.764 E9.7005
G1 X97.64 Y81.764 E10.91802
G1 X97.952 Y81.856 E10.93366
G1 X98.135 Y82.044 E10.94628
G1 X98.219 Y82.343 E10.96122
G1 X98.219 Y107.657 E12.17874
G1 X98.189 Y107.84 E12.18766
G1 X98.079 Y108.009 E12.19736
G1 X97.776 Y107.786 F7800
;TYPE:External perimeter
G1 F1800
G1 X97.771 Y107.799 E12.19803
G1 X97.64 Y107.85 E12.20479
G1 X72.326 Y107.85 E13.42231
G1 X72.188 Y107.792 E13.42951
G1 X72.133 Y107.657 E13.43652
G1 X72.133 Y82.343 E14.65404
G1 X72.195 Y82.201 E14.66149
G1 X72.326 Y82.15 E14.66825
G1 X97.64 Y82.15 E15.88577
G1 X97.792 Y82.224 E15.8939
G1 X97.833 Y82.343 E15.89995
G1 X97.833 Y107.657 E17.11747
G1 X97.801 Y107.731 E17.12135
G1 X97.417 Y107.844 F7800
G1 E15.12135 F2400
G92 E0
G1 X87.962 Y73.707 F7800
G1 E2 F2400
;TYPE:Perimeter
G1 F3600
G1 X90.261 Y74.156 E2.11266
G1 X92.522 Y74.863 E2.2266
G1 X94.692 Y75.815 E2.34057
G1 X96.744 Y76.999 E2.45451
G1 X98.652 Y78.402 E2.56842
G1 X100.395 Y80.007 E2.68238
G1 X101.951 Y81.793 E2.79631
G1 X103.301 Y83.74 E2.91026
G1 X104.429 Y85.823 E3.02419
G1 X105.32 Y88.018 E3.13813
G1 X105.965 Y90.298 E3.25209
G1 X106.355 Y92.635 E3.36605
G1 X106.473 Y94.783 E3.46952
G1 X106.473 Y95.217 E3.49039
G1 X106.355 Y97.365 E3.59386
G1 X105.965 Y99.702 E3.70782
G1 X105.32 Y101.982 E3.82178
G1 X104.429 Y104.177 E3.93572
G1 X103.301 Y106.26 E4.04965
G1 X101.951 Y108.207 E4.1636
G1 X100.395 Y109.993 E4.27753
G1 X98.652 Y111.598 E4.39149
G1 X96.744 Y113.001 E4.5054
G1 X94.692 Y114.185 E4.61934
G1 X92.522 Y115.137 E4.73331
G1 X90.261 Y115.844 E4.84725
G1 X87.936 Y116.298 E4.96119
G1 X85.575 Y116.494 E5.07514
G1 X83.207 Y116.429 E5.18908
G1 X80.861 Y116.103 E5.303
G1 X78.564 Y115.522 E5.41696
G1 X76.346 Y114.691 E5.53088
G1 X74.232 Y113.621 E5.64484
G1 X72.249 Y112.326 E5.75875
G1 X70.42 Y110.82 E5.8727
G1 X68.768 Y109.122 E5.98664
G1 X67.313 Y107.252 E6.1006
G1 X66.072 Y105.234 E6.21454
G1 X65.061 Y103.092 E6.32846
G1 X64.292 Y100.851 E6.44241
G1 X63.774 Y98.539 E6.55637
G1 X63.513 Y96.185 E6.67028
G1 X63.513 Y93.815 E6.78427
G1 X63.774 Y91.461 E6.89818
G1 X64.292 Y89.149 E7.01214
G1 X65.061 Y86.909 E7.12605
G1 X66.072 Y84.766 E7.24002
G1 X67.313 Y82.748 E7.35396
G1 X68.768 Y80.878 E7.46792
G1 X70.42 Y79.18 E7.58186
G1 X72.249 Y77.674 E7.69581
G1 X74.232 Y76.379 E7.80972
G1 X76.346 Y75.309 E7.92368
G1 X78.564 Y74.478 E8.0376
G1 X80.861 Y73.897 E8.15156
G1 X83.207 Y73.571 E8.26548
G1 X85.575 Y73.506 E8.37942
G1 X87.902 Y73.699 E8.49172
G1 X87.994 Y73.32 F7800
G1 F3600
G1 X90.356 Y73.781 E8.60747
G1 X92.658 Y74.501 E8.72348
G1 X94.866 Y75.47 E8.83945
G1 X96.955 Y76.676 E8.95546
G1 X98.898 Y78.104 E9.07144
G1 X100.672 Y79.737 E9.18741
G1 X102.256 Y81.556 E9.30342
G1 X103.63 Y83.538 E9.41941
G1 X104.778 Y85.659 E9.53541
G1 X105.685 Y87.893 E9.65138
G1 X106.342 Y90.213 E9.76735
G1 X106.739 Y92.592 E9.88335
G1 X106.858 Y94.762 E9.98788
G1 X106.858 Y95.238 E10.01077
G1 X106.739 Y97.408 E10.1153
G1 X106.342 Y99.787 E10.2313
G1 X105.685 Y102.107 E10.34727
G1 X104.778 Y104.341 E10.46324
G1 X103.63 Y106.462 E10.57924
G1 X102.256 Y108.444 E10.69523
G1 X100.672 Y110.263 E10.81124
G1 X98.898 Y111.896 E10.92721
G1 X96.955 Y113.324 E11.04319
G1 X94.866 Y114.53 E11.1592
G1 X92.658 Y115.499 E11.27517
G1 X90.356 Y116.219 E11.39118
G1 X87.989 Y116.681 E11.50717
G1 X85.586 Y116.88 E11.62314
G1 X83.175 Y116.814 E11.73914
G1 X80.787 Y116.482 E11.8551
G1 X78.449 Y115.89 E11.9711
G1 X76.19 Y115.045 E12.0871
G1 X74.039 Y113.956 E12.20306
G1 X72.02 Y112.637 E12.31905
G1 X70.158 Y111.104 E12.43505
G1 X68.477 Y109.375 E12.55103
G1 X66.995 Y107.472 E12.66704
G1 X65.733 Y105.418 E12.78299
G1 X64.703 Y103.237 E12.899
G1 X63.92 Y100.956 E13.01499
G1 X63.393 Y98.603 E13.13096
G1 X63.128 Y96.206 E13.24695
G1 X63.128 Y93.794 E13.36296
G1 X63.393 Y91.397 E13.47895
G1 X63.92 Y89.044 E13.59492
G1 X64.703 Y86.763 E13.71091
G1 X65.733 Y84.582 E13.82692
G1 X66.995 Y82.528 E13.94287
G1 X68.477 Y80.625 E14.05888
G1 X70.158 Y78.896 E14.17486
G1 X72.02 Y77.363 E14.29086
G1 X74.039 Y76.044 E14.40685
G1 X76.19 Y74.955 E14.52281
G1 X78.449 Y74.11 E14.63881
G1 X80.787 Y73.518 E14.75481
G1 X83.175 Y73.186 E14.87077
G1 X85.586 Y73.12 E14.98677
G1 X87.934 Y73.314 E15.10009
G1 X88.026 Y72.935 F7800
;TYPE:External perimeter
G1 F1800
G1 X88.042 Y72.936 E15.10086
G1 X90.451 Y73.407 E15.21892
G1 X92.793 Y74.14 E15.33695
G1 X95.041 Y75.125 E15.45499
G1 X97.166 Y76.352 E15.57301
G1 X99.143 Y77.806 E15.69104
G1 X100.949 Y79.468 E15.80909
G1 X102.561 Y81.319 E15.92714
G1 X103.959 Y83.335 E16.04514
G1 X105.127 Y85.494 E16.1632
G1 X106.051 Y87.767 E16.28121
G1 X106.718 Y90.129 E16.39926
G1 X107.122 Y92.55 E16.51731
G1 X107.243 Y94.741 E16.62285
G1 X107.243 Y95.259 E16.64776
G1 X107.122 Y97.45 E16.7533
G1 X106.718 Y99.871 E16.87135
G1 X106.051 Y102.233 E16.9894
G1 X105.127 Y104.506 E17.10741
G1 X103.959 Y106.665 E17.22547
G1 X102.561 Y108.681 E17.34347
G1 X100.949 Y110.532 E17.46152
G1 X99.143 Y112.194 E17.57957
G1 X97.166 Y113.648 E17.6976
G1 X95.041 Y114.875 E17.81562
G1 X92.793 Y115.86 E17.93366
G1 X90.451 Y116.593 E18.05169
G1 X88.042 Y117.064 E18.16975
G1 X85.597 Y117.266 E18.28775
G1 X83.144 Y117.199 E18.40577
G1 X80.713 Y116.861 E18.52382
G1 X78.334 Y116.259 E18.64185
G1 X76.035 Y115.399 E18.75991
G1 X73.846 Y114.29 E18.87793
G1 X71.791 Y112.948 E18.99598
G1 X69.897 Y111.388 E19.114
G1 X68.185 Y109.629 E19.23206
G1 X66.678 Y107.692 E19.3501
G1 X65.393 Y105.602 E19.4681
G1 X64.346 Y103.382 E19.58615
G1 X63.549 Y101.061 E19.70418
G1 X63.012 Y98.666 E19.82223
G1 X62.742 Y96.227 E19.94025
G1 X62.742 Y93.773 E20.05828
G1 X63.012 Y91.334 E20.1763
G1 X63.549 Y88.939 E20.29435
G1 X64.346 Y86.618 E20.41238
G1 X65.393 Y84.398 E20.53043
G1 X66.678 Y82.308 E20.64843
G1 X68.185 Y80.371 E20.76647
G1 X69.897 Y78.612 E20.88453
G1 X71.791 Y77.052 E21.00255
G1 X73.846 Y75.71 E21.1206
G1 X76.035 Y74.601 E21.23862
G1 X78.334 Y73.741 E21.35668
G1 X80.713 Y73.139 E21.47471
G1 X83.144 Y72.801 E21.59276
G1 X85.597 Y72.734 E21.71078
G1 X87.966 Y72.93 E21.82511
G1 X88.36 Y73 F7800
G1 X88.136 Y74.035
;TYPE:Internal infill
;WIDTH:0.45
G1 F4200
G1 X85.833 Y73.818 E21.93637
G1 X73.707 Y77.067 E22.54016
G1 X72.42 Y77.908 E22.6141
G1 X71.821 Y78.401 E22.65141
G1 E20.65141 F2400
G92 E0
G1 X76.742 Y75.469 F7800
G1 E2 F2400
G1 F4200
G1 X74.664 Y76.484 E2.11123
G1 X79.27 Y81.09 E2.42452
G1 X81.043 Y81.09 E2.5098
G1 X96.211 Y77.025 E3.26507
G1 X95.859 Y76.822 E3.28461
G1 X94.716 Y81.09 E3.49712
G1 X95.63 Y81.09 E3.54108
G1 X88.683 Y74.142 E4.01364
G1 X90.485 Y74.529 E4.10229
G1 X88.727 Y81.09 E4.42898
G1 X87.45 Y81.09 E4.4904
G1 X80.617 Y74.257 E4.95517
G1 X78.425 Y74.839 E5.06425
G1 X76.751 Y81.09 E5.3755
G1 X72.315 Y81.09 E5.58886
G1 X71.815 Y81.197 E5.61345
G1 X71.451 Y81.451 E5.6348
G1 X70.013 Y80.013 E5.73261
G1 X70.616 Y79.393 E5.77421
G1 X71.387 Y78.759 E5.82222
G1 X65.086 Y102.273 E6.99306
G1 X65.448 Y103.233 E7.04241
G1 X71.072 Y101.726 E7.32245
G1 X71.072 Y102.281 E7.34914
G1 X69.225 Y109.176 E7.69246
G1 X68.563 Y108.387 E7.742
G1 X71.077 Y107.713 E7.86718
G1 X71.072 Y105.613 E7.96818
G1 X64.091 Y98.632 E8.44302
G1 X63.966 Y97.642 E8.49101
G1 X71.072 Y95.738 E8.84484
G1 X71.072 Y97.433 E8.92636
G1 X64.259 Y90.619 E9.38981
G1 X64.046 Y91.632 E9.4396
G1 X71.072 Y89.749 E9.78945
G1 X71.072 Y89.253 E9.81331
G1 X66.478 Y84.658 E10.12582
G1 X66.257 Y85.051 E10.14751
G1 X71.072 Y83.761 E10.38726
G1 X71.072 Y86.075 E10.49856
G1 E8.49856 F2400
G92 E0
G1 X85.053 Y81.09 F7800
G1 E2 F2400
G1 F4200
G1 X82.739 Y81.09 E2.1113
G1 X84.687 Y73.82 E2.4733
G1 E.4733 F2400
G92 E0
G1 X98.893 Y103.934 F7800
G1 E2 F2400
G1 F4200
G1 X98.893 Y106.248 E2.1113
G1 X103.672 Y104.968 E2.34926
G1 X103.488 Y105.308 E2.36785
G1 X98.893 Y100.713 E2.6804
G1 X98.893 Y100.26 E2.70219
G1 X105.891 Y98.385 E3.05064
G1 X105.727 Y99.367 E3.09852
G1 X98.893 Y92.533 E3.56336
G1 X98.893 Y94.271 E3.64695
G1 X106.016 Y92.363 E4.00162
G1 X105.838 Y91.298 E4.05355
G1 X98.893 Y84.353 E4.52594
G1 X98.887 Y82.296 E4.62488
G1 X101.416 Y81.619 E4.7508
G1 X100.763 Y80.869 E4.79863
G1 X98.893 Y87.847 E5.14609
G1 X98.893 Y88.283 E5.16706
G1 X104.505 Y86.78 E5.44649
G1 X104.904 Y87.763 E5.49752
G1 X98.613 Y111.241 E6.66657
G1 X99.981 Y109.981 E6.75602
G1 X98.532 Y108.532 E6.85458
G1 X98.338 Y108.699 E6.86689
G1 X97.995 Y108.86 E6.88511
G1 X97.647 Y108.91 E6.90202
G1 X93.249 Y108.91 E7.11355
G1 X91.583 Y115.128 E7.42316
G1 X90.19 Y115.563 E7.49335
G1 X89.364 Y115.725 E7.53383
G1 X82.55 Y108.91 E7.99734
G1 X81.273 Y108.91 E8.05876
G1 X79.517 Y115.465 E8.38515
G1 X81.337 Y115.877 E8.4749
G1 X74.37 Y108.91 E8.94879
G1 X75.284 Y108.91 E8.99275
G1 X74.132 Y113.211 E9.20691
G1 X73.776 Y112.978 E9.22737
G1 X88.957 Y108.91 E9.98328
G1 X90.73 Y108.91 E10.06856
G1 X95.313 Y113.493 E10.38029
G1 E8.38029 F2400
G92 E0
G1 X98.159 Y111.601 F7800
G1 E2 F2400
G1 F4200
G1 X96.273 Y112.939 E2.11122
G1 X84.223 Y116.167 E2.71122
G1 X83.231 Y116.14 E2.75895
G1 X81.922 Y115.959 E2.82251
G1 E.82251 F2400
G92 E0
G1 X87.615 Y116.035 F7800
G1 E2 F2400
G1 F4200
G1 X85.309 Y116.197 E2.11118
G1 X87.261 Y108.91 E2.47402
G1 X84.947 Y108.91 E2.58532
;LAYER_CHANGE
;Z:2.15
;HEIGHT:0.3
G1 E.58532 F2400
G92 E0
G1 Z2.15 F7800
G1 X98.313 Y108.33
G1 E2 F2400
;TYPE:Perimeter
;WIDTH:0.45
G1 F3600
G1 X98.161 Y108.469 E2.00991
G1 X97.912 Y108.582 E2.02306
G1 X97.584 Y108.621 E2.03895
G1 X72.326 Y108.621 E3.25377
G1 X71.929 Y108.536 E3.2733
G1 X71.635 Y108.329 E3.29059
G1 X71.481 Y108.122 E3.303
G1 X71.38 Y107.843 E3.31727
G1 X71.362 Y107.657 E3.32626
G1 X71.362 Y82.343 E4.54378
G1 X71.38 Y82.157 E4.55277
G1 X71.529 Y81.8 E4.57138
G1 X71.761 Y81.561 E4.5874
G1 X71.929 Y81.464 E4.59673
G1 X72.326 Y81.379 E4.61626
G1 X97.64 Y81.379 E5.83378
G1 X97.912 Y81.418 E5.847
G1 X98.293 Y81.634 E5.86806
G1 X98.466 Y81.845 E5.88118
G1 X98.555 Y82.039 E5.89145
G1 X98.604 Y82.343 E5.90626
G1 X98.604 Y107.657 E7.12378
G1 X98.555 Y107.961 E7.13859
G1 X98.4 Y108.251 E7.15441
G1 X98.357 Y108.29 E7.1572
G1 X98.047 Y108.06 F7800
G1 F3600
G1 X98.032 Y108.083 E7.15852
G1 X97.804 Y108.212 E7.17112
G1 X97.584 Y108.236 E7.18176
G1 X72.326 Y108.236 E8.39658
G1 X71.987 Y108.126 E8.41372
G1 X71.819 Y107.936 E8.42592
G1 X71.747 Y107.657 E8.43978
G1 X71.747 Y82.343 E9.6573
G1 X71.819 Y82.064 E9.67116
G1 X71.987 Y81.874 E9.68336
G1 X72.326 Y81.764 E9.7005
G1 X97.64 Y81.764 E10.91802
G1 X97.952 Y81.856 E10.93366
G1 X98.135 Y82.044 E10.94628
G1 X98.219 Y82.343 E10.96122
G1 X98.219 Y107.657 E12.17874
G1 X98.189 Y107.84 E12.18766
G1 X98.079 Y108.009 E12.19736
G1 X97.776 Y107.786 F7800
;TYPE:External perimeter
G1 F1800
G1 X97.771 Y107.799 E12.19803
G1 X97.64 Y107.85 E12.20479
G1 X72.326 Y107.85 E13.42231
G1 X72.188 Y107.792 E13.42951
G1 X72.133 Y107.657 E13.43652
G1 X72.133 Y82.343 E14.65404
G1 X72.195 Y82.201 E14.66149
G1 X72.326 Y82.15 E14.66825
G1 X97.64 Y82.15 E15.88577
G1 X97.792 Y82.224 E15.8939
G1 X97.833 Y82.343 E15.89995
G1 X97.833 Y107.657 E17.11747
G1 X97.801 Y107.731 E17.12135
G1 X97.417 Y107.844 F7800
G1 E15.12135 F2400
G92 E0
G1 X87.962 Y73.707 F7800
G1 E2 F2400
;TYPE:Perimeter
G1 F3600
G1 X90.261 Y74.156 E2.11266
G1 X92.522 Y74.863 E2.2266
G1 X94.692 Y75.815 E2.34057
G1 X96.744 Y76.999 E2.45451
G1 X98.652 Y78.402 E2.56842
G1 X100.395 Y80.007 E2.68238
G1 X101.951 Y81.793 E2.79631
G1 X103.301 Y83.74 E2.91026
G1 X104.429 Y85.823 E3.02419
G1 X105.32 Y88.018 E3.13813
G1 X105.965 Y90.298 E3.25209
G1 X106.355 Y92.635 E3.36605
G1 X106.473 Y94.783 E3.46952
G1 X106.473 Y95.217 E3.49039
G1 X106.355 Y97.365 E3.59386
G1 X105.965 Y99.702 E3.70782
G1 X105.32 Y101.982 E3.82178
G1 X104.429 Y104.177 E3.93572
G1 X103.301 Y106.26 E4.04965
G1 X101.951 Y108.207 E4.1636
G1 X100.395 Y109.993 E4.27753
G1 X98.652 Y111.598 E4.39149
G1 X96.744 Y113.001 E4.5054
G1 X94.692 Y114.185 E4.61934
G1 X92.522 Y115.137 E4.73331
G1 X90.261 Y115.844 E4.84725
G1 X87.936 Y116.298 E4.96119
G1 X85.575 Y116.494 E5.07514
G1 X83.207 Y116.429 E5.18908
G1 X80.861 Y116.103 E5.303
G1 X78.564 Y115.522 E5.41696
G1 X76.346 Y114.691 E5.53088
G1 X74.232 Y113.621 E5.64484
G1 X72.249 Y112.326 E5.75875
G1 X70.42 Y110.82 E5.8727
G1 X68.768 Y109.122 E5.98664
G1 X67.313 Y107.252 E6.1006
G1 X66.072 Y105.234 E6.21454
G1 X65.061 Y103.091 E6.32851
G1 X64.292 Y100.851 E6.44242
G1 X63.774 Y98.539 E6.55638
G1 X63.513 Y96.185 E6.67029
G1 X63.513 Y93.815 E6.78428
G1 X63.774 Y91.461 E6.89819
G1 X64.292 Y89.149 E7.01215
G1 X65.061 Y86.909 E7.12606
G1 X66.072 Y84.766 E7.24003
G1 X67.313 Y82.748 E7.35397
G1 X68.768 Y80.878 E7.46793
G1 X70.42 Y79.18 E7.58187
G1 X72.249 Y77.674 E7.69582
G1 X74.232 Y76.379 E7.80973
G1 X76.346 Y75.309 E7.92369
G1 X78.564 Y74.478 E8.03761
G1 X80.861 Y73.897 E8.15157
G1 X83.207 Y73.571 E8.26549
G1 X85.575 Y73.506 E8.37943
G1 X87.902 Y73.699 E8.49173
G1 X87.994 Y73.32 F7800
G1 F3600
G1 X90.356 Y73.781 E8.60748
G1 X92.658 Y74.501 E8.72349
G1 X94.866 Y75.47 E8.83946
G1 X96.955 Y76.676 E8.95547
G1 X98.898 Y78.104 E9.07145
G1 X100.672 Y79.737 E9.18742
G1 X102.256 Y81.556 E9.30343
G1 X103.63 Y83.538 E9.41942
G1 X104.778 Y85.659 E9.53542
G1 X105.685 Y87.893 E9.65139
G1 X106.342 Y90.213 E9.76736
G1 X106.739 Y92.592 E9.88336
G1 X106.858 Y94.762 E9.98789
G1 X106.858 Y95.238 E10.01078
G1 X106.739 Y97.408 E10.11531
G1 X106.342 Y99.787 E10.23131
G1 X105.685 Y102.107 E10.34728
G1 X104.778 Y104.341 E10.46325
G1 X103.63 Y106.462 E10.57925
G1 X102.256 Y108.444 E10.69524
G1 X100.672 Y110.263 E10.81125
G1 X98.898 Y111.896 E10.92722
G1 X96.955 Y113.324 E11.0432
G1 X94.866 Y114.53 E11.15921
G1 X92.658 Y115.499 E11.27518
G1 X90.356 Y116.219 E11.39119
G1 X87.989 Y116.681 E11.50718
G1 X85.586 Y116.88 E11.62315
G1 X83.175 Y116.814 E11.73915
G1 X80.787 Y116.482 E11.85511
G1 X78.449 Y115.89 E11.97111
G1 X76.19 Y115.045 E12.08711
G1 X74.039 Y113.956 E12.20307
G1 X72.02 Y112.637 E12.31906
G1 X70.158 Y111.104 E12.43506
G1 X68.477 Y109.375 E12.55104
G1 X66.995 Y107.472 E12.66705
G1 X65.733 Y105.418 E12.783
G1 X64.703 Y103.237 E12.89901
G1 X63.92 Y100.956 E13.015
G1 X63.393 Y98.603 E13.13097
G1 X63.128 Y96.206 E13.24696
G1 X63.128 Y93.794 E13.36297
G1 X63.393 Y91.397 E13.47896
G1 X63.92 Y89.044 E13.59493
G1 X64.703 Y86.763 E13.71092
G1 X65.733 Y84.582 E13.82693
G1 X66.995 Y82.528 E13.94288
G1 X68.477 Y80.625 E14.05889
G1 X70.158 Y78.896 E14.17487
G1 X72.02 Y77.363 E14.29087
G1 X74.039 Y76.044 E14.40686
G1 X76.19 Y74.955 E14.52282
G1 X78.449 Y74.11 E14.63882
G1 X80.787 Y73.518 E14.75482
G1 X83.175 Y73.186 E14.87078
G1 X85.586 Y73.12 E14.98678
G1 X87.934 Y73.314 E15.1001
G1 X88.026 Y72.935 F7800
;TYPE:External perimeter
G1 F1800
G1 X88.042 Y72.936 E15.10087
G1 X90.451 Y73.407 E15.21893
G1 X92.793 Y74.14 E15.33696
G1 X95.041 Y75.125 E15.455
G1 X97.166 Y76.352 E15.57302
G1 X99.143 Y77.806 E15.69105
G1 X100.949 Y79.468 E15.8091
G1 X102.561 Y81.319 E15.92715
G1 X103.959 Y83.335 E16.04515
G1 X105.127 Y85.494 E16.16321
G1 X106.051 Y87.767 E16.28122
G1 X106.718 Y90.129 E16.39927
G1 X107.122 Y92.55 E16.51732
G1 X107.243 Y94.741 E16.62286
G1 X107.243 Y95.259 E16.64777
G1 X107.122 Y97.45 E16.75331
G1 X106.718 Y99.871 E16.87136
G1 X106.051 Y102.233 E16.98941
G1 X105.127 Y104.506 E17.10742
G1 X103.959 Y106.665 E17.22548
G1 X102.561 Y108.681 E17.34348
G1 X100.949 Y110.532 E17.46153
G1 X99.143 Y112.194 E17.57958
G1 X97.166 Y113.648 E17.69761
G1 X95.041 Y114.875 E17.81563
G1 X92.793 Y115.86 E17.93367
G1 X90.451 Y116.593 E18.0517
G1 X88.042 Y117.064 E18.16976
G1 X85.597 Y117.266 E18.28776
G1 X83.144 Y117.199 E18.40578
G1 X80.713 Y116.861 E18.52383
G1 X78.334 Y116.259 E18.64186
G1 X76.035 Y115.399 E18.75992
G1 X73.846 Y114.29 E18.87794
G1 X71.791 Y112.948 E18.99599
G1 X69.897 Y111.388 E19.11401
G1 X68.185 Y109.629 E19.23207
G1 X66.678 Y107.692 E19.35011
G1 X65.393 Y105.602 E19.46811
G1 X64.346 Y103.382 E19.58616
G1 X63.549 Y101.061 E19.70419
G1 X63.012 Y98.666 E19.82224
G1 X62.742 Y96.227 E19.94026
G1 X62.742 Y93.773 E20.05829
G1 X63.012 Y91.334 E20.17631
G1 X63.549 Y88.939 E20.29436
G1 X64.346 Y86.618 E20.41239
G1 X65.393 Y84.398 E20.53044
G1 X66.678 Y82.308 E20.64844
G1 X68.185 Y80.371 E20.76648
G1 X69.897 Y78.612 E20.88454
G1 X71.791 Y77.052 E21.00256
G1 X73.846 Y75.71 E21.12061
G1 X76.035 Y74.601 E21.23863
G1 X78.334 Y73.741 E21.35669
G1 X80.713 Y73.139 E21.47472
G1 X83.144 Y72.801 E21.59277
G1 X85.597 Y72.734 E21.71079
G1 X87.966 Y72.93 E21.82512
G1 X88.36 Y73 F7800
G1 X88.136 Y74.035
;TYPE:Internal infill
;WIDTH:0.45
G1 F4200
G1 X85.833 Y73.818 E21.93638
G1 X73.707 Y77.067 E22.54017
G1 X72.42 Y77.908 E22.61411
G1 X71.821 Y78.401 E22.65142
G1 E20.65142 F2400
G92 E0
G1 X76.742 Y75.469 F7800
G1 E2 F2400
G1 F4200
G1 X74.664 Y76.484 E2.11123
G1 X79.27 Y81.09 E2.42452
G1 X81.043 Y81.09 E2.5098
G1 X96.211 Y77.025 E3.26507
G1 X95.859 Y76.822 E3.28461
G1 X94.716 Y81.09 E3.49712
G1 X95.63 Y81.09 E3.54108
G1 X88.683 Y74.142 E4.01364
G1 X90.485 Y74.529 E4.10229
G1 X88.727 Y81.09 E4.42898
G1 X87.45 Y81.09 E4.4904
G1 X80.617 Y74.257 E4.95517
G1 X78.425 Y74.839 E5.06425
G1 X76.751 Y81.09 E5.3755
G1 X72.315 Y81.09 E5.58886
G1 X71.815 Y81.197 E5.61345
G1 X71.449 Y81.449 E5.63482
G1 X70.013 Y80.013 E5.7325
G1 X70.616 Y79.393 E5.7741
G1 X71.387 Y78.759 E5.82211
G1 X65.086 Y102.273 E6.99295
G1 X65.448 Y103.233 E7.0423
G1 X71.072 Y101.726 E7.32234
G1 X71.072 Y102.281 E7.34903
G1 X69.225 Y109.176 E7.69235
G1 X68.563 Y108.387 E7.74189
G1 X71.077 Y107.713 E7.86707
G1 X71.072 Y105.613 E7.96807
G1 X64.091 Y98.632 E8.44291
G1 X63.966 Y97.642 E8.4909
G1 X71.072 Y95.738 E8.84473
G1 X71.072 Y97.433 E8.92625
G1 X64.259 Y90.619 E9.3897
G1 X64.046 Y91.632 E9.43949
G1 X71.072 Y89.749 E9.78934
G1 X71.072 Y89.253 E9.8132
G1 X66.478 Y84.658 E10.12571
G1 X66.257 Y85.051 E10.1474
G1 X71.072 Y83.761 E10.38715
G1 X71.072 Y86.075 E10.49845
G1 E8.49845 F2400
G92 E0
G1 X85.053 Y81.09 F7800
G1 E2 F2400
G1 F4200
G1 X82.739 Y81.09 E2.1113
G1 X84.687 Y73.82 E2.4733
G1 E.4733 F2400
G92 E0
G1 X98.893 Y103.934 F7800
G1 E2 F2400
G1 F4200
G1 X98.893 Y106.248 E2.1113
G1 X103.672 Y104.968 E2.34926
G1 X103.488 Y105.308 E2.36785
G1 X98.893 Y100.713 E2.6804
G1 X98.893 Y100.26 E2.70219
G1 X105.891 Y98.385 E3.05064
G1 X105.727 Y99.367 E3.09852
G1 X98.893 Y92.533 E3.56336
G1 X98.893 Y94.271 E3.64695
G1 X106.016 Y92.363 E4.00162
G1 X105.838 Y91.298 E4.05355
G1 X98.893 Y84.353 E4.52594
G1 X98.887 Y82.296 E4.62488
G1 X101.416 Y81.619 E4.7508
G1 X100.763 Y80.869 E4.79863
G1 X98.893 Y87.847 E5.14609
G1 X98.893 Y88.283 E5.16706
G1 X104.505 Y86.78 E5.44649
G1 X104.904 Y87.763 E5.49752
G1 X98.613 Y111.241 E6.66657
G1 X99.981 Y109.981 E6.75602
G1 X98.532 Y108.532 E6.85458
G1 X98.315 Y108.714 E6.8682
G1 X97.994 Y108.86 E6.88516
G1 X97.647 Y108.91 E6.90202
G1 X93.249 Y108.91 E7.11355
G1 X91.583 Y115.128 E7.42316
G1 X90.19 Y115.563 E7.49335
G1 X89.364 Y115.725 E7.53383
G1 X82.55 Y108.91 E7.99734
G1 X81.273 Y108.91 E8.05876
G1 X79.517 Y115.465 E8.38515
G1 X81.337 Y115.877 E8.4749
G1 X74.37 Y108.91 E8.94879
G1 X75.284 Y108.91 E8.99275
G1 X74.132 Y113.211 E9.20691
G1 X73.776 Y112.978 E9.22737
G1 X88.957 Y108.91 E9.98328
G1 X90.73 Y108.91 E10.06856
G1 X95.313 Y113.493 E10.38029
G1 E8.38029 F2400
G92 E0
G1 X98.159 Y111.601 F7800
G1 E2 F2400
G1 F4200
G1 X96.273 Y112.939 E2.11122
G1 X84.223 Y116.167 E2.71122
G1 X83.231 Y116.14 E2.75895
G1 X81.922 Y115.959 E2.82251
G1 E.82251 F2400
G92 E0
G1 X87.615 Y116.035 F7800
G1 E2 F2400
G1 F4200
G1 X85.309 Y116.197 E2.11118
G1 X87.261 Y108.91 E2.47402
G1 X84.947 Y108.91 E2.58532
;LAYER_CHANGE
;Z:2.45
;HEIGHT:0.3
G1 E.58532 F2400
G92 E0
G1 Z2.45 F7800
G1 X98.313 Y108.33
G1 E2 F2400
;TYPE:Perimeter
;WIDTH:0.45
G1 F3600
G1 X98.161 Y108.469 E2.00991
G1 X97.912 Y108.582 E2.02306
G1 X97.584 Y108.621 E2.03895
G1 X72.326 Y108.621 E3.25377
G1 X71.929 Y108.536 E3.2733
G1 X71.635 Y108.329 E3.29059
G1 X71.481 Y108.122 E3.303
G1 X71.38 Y107.843 E3.31727
G1 X71.362 Y107.657 E3.32626
G1 X71.362 Y82.343 E4.54378
G1 X71.38 Y82.157 E4.55277
G1 X71.529 Y81.8 E4.57138
G1 X71.761 Y81.561 E4.5874
G1 X71.929 Y81.464 E4.59673
G1 X72.326 Y81.379 E4.61626
G1 X97.64 Y81.379 E5.83378
G1 X97.912 Y81.418 E5.847
G1 X98.293 Y81.634 E5.86806
G1 X98.466 Y81.845 E5.88118
G1 X98.555 Y82.039 E5.89145
G1 X98.604 Y82.343 E5.90626
G1 X98.604 Y107.657 E7.12378
G1 X98.555 Y107.961 E7.13859
G1 X98.4 Y108.251 E7.15441
G1 X98.357 Y108.29 E7.1572
G1 X98.047 Y108.06 F7800
G1 F3600
G1 X98.032 Y108.083 E7.15852
G1 X97.804 Y108.212 E7.17112
G1 X97.584 Y108.236 E7.18176
G1 X72.326 Y108.236 E8.39658
G1 X71.987 Y108.126 E8.41372
G1 X71.819 Y107.936 E8.42592
G1 X71.747 Y107.657 E8.43978
G1 X71.747 Y82.343 E9.6573
G1 X71.819 Y82.064 E9.67116
G1 X71.987 Y81.874 E9.68336
G1 X72.326 Y81.764 E9.7005
G1 X97.64 Y81.764 E10.91802
G1 X97.952 Y81.856 E10.93366
G1 X98.135 Y82.044 E10.94628
G1 X98.219 Y82.343 E10.96122
G1 X98.219 Y107.657 E12.17874
G1 X98.189 Y107.84 E12.18766
G1 X98.079 Y108.009 E12.19736
G1 X97.776 Y107.786 F7800
;TYPE:External perimeter
G1 F1800
G1 X97.771 Y107.799 E12.19803
G1 X97.64 Y107.85 E12.20479
G1 X72.326 Y107.85 E13.42231
G1 X72.188 Y107.792 E13.42951
G1 X72.133 Y107.657 E13.43652
G1 X72.133 Y82.343 E14.65404
G1 X72.195 Y82.201 E14.66149
G1 X72.326 Y82.15 E14.66825
G1 X97.64 Y82.15 E15.88577
G1 X97.792 Y82.224 E15.8939
G1 X97.833 Y82.343 E15.89995
G1 X97.833 Y107.657 E17.11747
G1 X97.801 Y107.731 E17.12135
G1 X97.417 Y107.844 F7800
G1 E15.12135 F2400
G92 E0
G1 X87.962 Y73.707 F7800
G1 E2 F2400
;TYPE:Perimeter
G1 F3600
G1 X90.261 Y74.156 E2.11266
G1 X92.522 Y74.863 E2.2266
G1 X94.692 Y75.815 E2.34057
G1 X96.744 Y76.999 E2.45451
G1 X98.652 Y78.402 E2.56842
G1 X100.395 Y80.007 E2.68238
G1 X101.951 Y81.793 E2.79631
G1 X103.301 Y83.74 E2.91026
G1 X104.429 Y85.823 E3.02419
G1 X105.32 Y88.018 E3.13813
G1 X105.965 Y90.298 E3.25209
G1 X106.355 Y92.635 E3.36605
G1 X106.473 Y94.783 E3.46952
G1 X106.473 Y95.217 E3.49039
G1 X106.355 Y97.365 E3.59386
G1 X105.965 Y99.702 E3.70782
G1 X105.32 Y101.982 E3.82178
G1 X104.429 Y104.177 E3.93572
G1 X103.301 Y106.26 E4.04965
G1 X101.951 Y108.207 E4.1636
G1 X100.395 Y109.993 E4.27753
G1 X98.652 Y111.598 E4.39149
G1 X96.744 Y113.001 E4.5054
G1 X94.692 Y114.185 E4.61934
G1 X92.522 Y115.137 E4.73331
G1 X90.261 Y115.844 E4.84725
G1 X87.936 Y116.298 E4.96119
G1 X85.575 Y116.494 E5.07514
G1 X83.207 Y116.429 E5.18908
G1 X80.861 Y116.103 E5.303
G1 X78.564 Y115.522 E5.41696
G1 X76.346 Y114.691 E5.53088
G1 X74.232 Y113.621 E5.64484
G1 X72.249 Y112.326 E5.75875
G1 X70.42 Y110.82 E5.8727
G1 X68.768 Y109.122 E5.98664
G1 X67.313 Y107.252 E6.1006
G1 X66.072 Y105.234 E6.21454
G1 X65.061 Y103.091 E6.32851
G1 X64.292 Y100.851 E6.44242
G1 X63.774 Y98.539 E6.55638
G1 X63.513 Y96.185 E6.67029
G1 X63.513 Y93.815 E6.78428
G1 X63.774 Y91.461 E6.89819
G1 X64.292 Y89.149 E7.01215
G1 X65.061 Y86.909 E7.12606
G1 X66.072 Y84.766 E7.24003
G1 X67.313 Y82.748 E7.35397
G1 X68.768 Y80.878 E7.46793
G1 X70.42 Y79.18 E7.58187
G1 X72.249 Y77.674 E7.69582
G1 X74.232 Y76.379 E7.80973
G1 X76.346 Y75.309 E7.92369
G1 X78.564 Y74.478 E8.03761
G1 X80.861 Y73.897 E8.15157
G1 X83.207 Y73.571 E8.26549
G1 X85.575 Y73.506 E8.37943
G1 X87.902 Y73.699 E8.49173
G1 X87.994 Y73.32 F7800
G1 F3600
G1 X90.356 Y73.781 E8.60748
G1 X92.658 Y74.501 E8.72349
G1 X94.866 Y75.47 E8.83946
G1 X96.955 Y76.676 E8.95547
G1 X98.898 Y78.104 E9.07145
G1 X100.672 Y79.737 E9.18742
G1 X102.256 Y81.556 E9.30343
G1 X103.63 Y83.538 E9.41942
G1 X104.778 Y85.659 E9.53542
G1 X105.685 Y87.893 E9.65139
G1 X106.342 Y90.213 E9.76736
G1 X106.739 Y92.592 E9.88336
G1 X106.858 Y94.762 E9.98789
G1 X106.858 Y95.238 E10.01078
G1 X106.739 Y97.408 E10.11531
G1 X106.342 Y99.787 E10.23131
G1 X105.685 Y102.107 E10.34728
G1 X104.778 Y104.341 E10.46325
G1 X103.63 Y106.462 E10.57925
G1 X102.256 Y108.444 E10.69524
G1 X100.672 Y110.263 E10.81125
G1 X98.898 Y111.896 E10.92722
G1 X96.955 Y113.324 E11.0432
G1 X94.866 Y114.53 E11.15921
G1 X92.658 Y115.499 E11.27518
G1 X90.356 Y116.219 E11.39119
G1 X87.989 Y116.681 E11.50718
G1 X85.586 Y116.88 E11.62315
G1 X83.175 Y116.814 E11.73915
G1 X80.787 Y116.482 E11.85511
G1 X78.449 Y115.89 E11.97111
G1 X76.19 Y115.045 E12.08711
G1 X74.039 Y113.956 E12.20307
G1 X72.02 Y112.637 E12.31906
G1 X70.158 Y111.104 E12.43506
G1 X68.477 Y109.375 E12.55104
G1 X66.995 Y107.472 E12.66705
G1 X65.733 Y105.418 E12.783
G1 X64.703 Y103.237 E12.89901
G1 X63.92 Y100.956 E13.015
G1 X63.393 Y98.603 E13.13097
G1 X63.128 Y96.206 E13.24696
G1 X63.128 Y93.794 E13.36297
G1 X63.393 Y91.397 E13.47896
G1 X63.92 Y89.044 E13.59493
G1 X64.703 Y86.763 E13.71092
G1 X65.733 Y84.582 E13.82693
G1 X66.995 Y82.528 E13.94288
G1 X68.477 Y80.625 E14.05889
G1 X70.158 Y78.896 E14.17487
G1 X72.02 Y77.363 E14.29087
G1 X74.039 Y76.044 E14.40686
G1 X76.19 Y74.955 E14.52282
G1 X78.449 Y74.11 E14.63882
G1 X80.787 Y73.518 E14.75482
G1 X83.175 Y73.186 E14.87078
G1 X85.586 Y73.12 E14.98678
G1 X87.934 Y73.314 E15.1001
G1 X88.026 Y72.935 F7800
;TYPE:External perimeter
G1 F1800
G1 X88.042 Y72.936 E15.10087
G1 X90.451 Y73.407 E15.21893
G1 X92.793 Y74.14 E15.33696
G1 X95.041 Y75.125 E15.455
G1 X97.166 Y76.352 E15.57302
G1 X99.143 Y77.806 E15.69105
G1 X100.949 Y79.468 E15.8091
G1 X102.561 Y81.319 E15.92715
G1 X103.959 Y83.335 E16.04515
G1 X105.127 Y85.494 E16.16321
G1 X106.051 Y87.767 E16.28122
G1 X106.718 Y90.129 E16.39927
G1 X107.122 Y92.55 E16.51732
G1 X107.243 Y94.741 E16.62286
G1 X107.243 Y95.259 E16.64777
G1 X107.122 Y97.45 E16.75331
G1 X106.718 Y99.871 E16.87136
G1 X106.051 Y102.233 E16.98941
G1 X105.127 Y104.506 E17.10742
G1 X103.959 Y106.665 E17.22548
G1 X102.561 Y108.681 E17.34348
G1 X100.949 Y110.532 E17.46153
G1 X99.143 Y112.194 E17.57958
G1 X97.166 Y113.648 E17.69761
G1 X95.041 Y114.875 E17.81563
G1 X92.793 Y115.86 E17.93367
G1 X90.451 Y116.593 E18.0517
G1 X88.042 Y117.064 E18.16976
G1 X85.597 Y117.266 E18.28776
G1 X83.144 Y117.199 E18.40578
G1 X80.713 Y116.861 E18.52383
G1 X78.334 Y116.259 E18.64186
G1 X76.035 Y115.399 E18.75992
G1 X73.846 Y114.29 E18.87794
G1 X71.791 Y112.948 E18.99599
G1 X69.897 Y111.388 E19.11401
G1 X68.185 Y109.629 E19.23207
G1 X66.678 Y107.692 E19.35011
G1 X65.393 Y105.602 E19.46811
G1 X64.346 Y103.382 E19.58616
G1 X63.549 Y101.061 E19.70419
G1 X63.012 Y98.666 E19.82224
G1 X62.742 Y96.227 E19.94026
G1 X62.742 Y93.773 E20.05829
G1 X63.012 Y91.334 E20.17631
G1 X63.549 Y88.939 E20.29436
G1 X64.346 Y86.618 E20.41239
G1 X65.393 Y84.398 E20.53044
G1 X66.678 Y82.308 E20.64844
G1 X68.185 Y80.371 E20.76648
G1 X69.897 Y78.612 E20.88454
G1 X71.791 Y77.052 E21.00256
G1 X73.846 Y75.71 E21.12061
G1 X76.035 Y74.601 E21.23863
G1 X78.334 Y73.741 E21.35669
G1 X80.713 Y73.139 E21.47472
G1 X83.144 Y72.801 E21.59277
G1 X85.597 Y72.734 E21.71079
G1 X87.966 Y72.93 E21.82512
G1 X88.36 Y73 F7800
G1 X88.136 Y74.035
;TYPE:Internal infill
;WIDTH:0.45
G1 F4200
G1 X85.833 Y73.818 E21.93638
G1 X73.707 Y77.067 E22.54017
G1 X72.42 Y77.908 E22.61411
G1 X71.821 Y78.401 E22.65142
G1 E20.65142 F2400
G92 E0
G1 X76.742 Y75.469 F7800
G1 E2 F2400
G1 F4200
G1 X74.664 Y76.484 E2.11123
G1 X79.27 Y81.09 E2.42452
G1 X81.043 Y81.09 E2.5098
G1 X96.211 Y77.025 E3.26507
G1 X95.859 Y76.822 E3.28461
G1 X94.716 Y81.09 E3.49712
G1 X95.63 Y81.09 E3.54108
G1 X88.683 Y74.142 E4.01364
G1 X90.485 Y74.529 E4.10229
G1 X88.727 Y81.09 E4.42898
G1 X87.45 Y81.09 E4.4904
G1 X80.617 Y74.257 E4.95517
G1 X78.425 Y74.839 E5.06425
G1 X76.751 Y81.09 E5.3755
G1 X72.315 Y81.09 E5.58886
G1 X71.815 Y81.197 E5.61345
G1 X71.451 Y81.451 E5.6348
G1 X70.013 Y80.013 E5.73261
G1 X70.616 Y79.393 E5.77421
G1 X71.387 Y78.759 E5.82222
G1 X65.086 Y102.273 E6.99306
G1 X65.448 Y103.233 E7.04241
G1 X71.072 Y101.726 E7.32245
G1 X71.072 Y102.281 E7.34914
G1 X69.225 Y109.176 E7.69246
G1 X68.563 Y108.387 E7.742
G1 X71.077 Y107.713 E7.86718
G1 X71.072 Y105.613 E7.96818
G1 X64.091 Y98.632 E8.44302
G1 X63.966 Y97.642 E8.49101
G1 X71.072 Y95.738 E8.84484
G1 X71.072 Y97.433 E8.92636
G1 X64.259 Y90.619 E9.38981
G1 X64.046 Y91.632 E9.4396
G1 X71.072 Y89.749 E9.78945
G1 X71.072 Y89.253 E9.81331
G1 X66.478 Y84.658 E10.12582
G1 X66.257 Y85.051 E10.14751
G1 X71.072 Y83.761 E10.38726
G1 X71.072 Y86.075 E10.49856
G1 E8.49856 F2400
G92 E0
G1 X85.053 Y81.09 F7800
G1 E2 F2400
G1 F4200
G1 X82.739 Y81.09 E2.1113
G1 X84.687 Y73.82 E2.4733
G1 E.4733 F2400
G92 E0
G1 X98.893 Y103.934 F7800
G1 E2 F2400
G1 F4200
G1 X98.893 Y106.248 E2.1113
G1 X103.672 Y104.968 E2.34926
G1 X103.488 Y105.308 E2.36785
G1 X98.893 Y100.713 E2.6804
G1 X98.893 Y100.26 E2.70219
G1 X105.891 Y98.385 E3.05064
G1 X105.727 Y99.367 E3.09852
G1 X98.893 Y92.533 E3.56336
G1 X98.893 Y94.271 E3.64695
G1 X106.016 Y92.363 E4.00162
G1 X105.838 Y91.298 E4.05355
G1 X98.893 Y84.353 E4.52594
G1 X98.887 Y82.296 E4.62488
G1 X101.416 Y81.619 E4.7508
G1 X100.763 Y80.869 E4.79863
G1 X98.893 Y87.847 E5.14609
G1 X98.893 Y88.283 E5.16706
G1 X104.505 Y86.78 E5.44649
G1 X104.904 Y87.763 E5.49752
G1 X98.613 Y111.241 E6.66657
G1 X99.981 Y109.981 E6.75602
G1 X98.532 Y108.532 E6.85458
G1 X98.338 Y108.699 E6.86689
G1 X97.995 Y108.86 E6.88511
G1 X97.647 Y108.91 E6.90202
G1 X93.249 Y108.91 E7.11355
G1 X91.583 Y115.128 E7.42316
G1 X90.19 Y115.563 E7.49335
G1 X89.364 Y115.725 E7.53383
G1 X82.55 Y108.91 E7.99734
G1 X81.273 Y108.91 E8.05876
G1 X79.517 Y115.465 E8.38515
G1 X81.337 Y115.877 E8.4749
G1 X74.37 Y108.91 E8.94879
G1 X75.284 Y108.91 E8.99275
G1 X74.132 Y113.211 E9.20691
G1 X73.776 Y112.978 E9.22737
G1 X88.957 Y108.91 E9.98328
G1 X90.73 Y108.91 E10.06856
G1 X95.313 Y113.493 E10.38029
G1 E8.38029 F2400
G92 E0
G1 X98.159 Y111.601 F7800
G1 E2 F2400
G1 F4200
G1 X96.273 Y112.939 E2.11122
G1 X84.223 Y116.167 E2.71122
G1 X83.231 Y116.14 E2.75895
G1 X81.922 Y115.959 E2.82251
G1 E.82251 F2400
G92 E0
G1 X87.615 Y116.035 F7800
G1 E2 F2400
G1 F4200
G1 X85.309 Y116.197 E2.11118
G1 X87.261 Y108.91 E2.47402
G1 X84.947 Y108.91 E2.58532
;LAYER_CHANGE
;Z:2.75
;HEIGHT:0.3
G1 E.58532 F2400
G92 E0
G1 Z2.75 F7800
G1 X98.313 Y108.33
G1 E2 F2400
;TYPE:Perimeter
;WIDTH:0.45
G1 F3600
G1 X98.161 Y108.469 E2.00991
G1 X97.912 Y108.582 E2.02306
G1 X97.584 Y108.621 E2.03895
G1 X72.326 Y108.621 E3.25377
G1 X71.929 Y108.536 E3.2733
G1 X71.635 Y108.329 E3.29059
G1 X71.481 Y108.122 E3.303
G1 X71.38 Y107.843 E3.31727
G1 X71.362 Y107.657 E3.32626
G1 X71.362 Y82.343 E4.54378
G1 X71.38 Y82.157 E4.55277
G1 X71.529 Y81.8 E4.57138
G1 X71.761 Y81.561 E4.5874
G1 X71.929 Y81.464 E4.59673
G1 X72.326 Y81.379 E4.61626
G1 X97.64 Y81.379 E5.83378
G1 X97.912 Y81.418 E5.847
G1 X98.293 Y81.634 E5.86806
G1 X98.466 Y81.845 E5.88118
G1 X98.555 Y82.039 E5.89145
G1 X98.604 Y82.343 E5.90626
G1 X98.604 Y107.657 E7.12378
G1 X98.555 Y107.961 E7.13859
G1 X98.4 Y108.251 E7.15441
G1 X98.357 Y108.29 E7.1572
G1 X98.047 Y108.06 F7800
G1 F3600
G1 X98.032 Y108.083 E7.15852
G1 X97.804 Y108.212 E7.17112
G1 X97.584 Y108.236 E7.18176
G1 X72.326 Y108.236 E8.39658
G1 X71.987 Y108.126 E8.41372
G1 X71.819 Y107.936 E8.42592
G1 X71.747 Y107.657 E8.43978
G1 X71.747 Y82.343 E9.6573
G1 X71.819 Y82.064 E9.67116
G1 X71.987 Y81.874 E9.68336
G1 X72.326 Y81.764 E9.7005
G1 X97.64 Y81.764 E10.91802
G1 X97.952 Y81.856 E10.93366
G1 X98.135 Y82.044 E10.94628
G1 X98.219 Y82.343 E10.96122
G1 X98.219 Y107.657 E12.17874
G1 X98.189 Y107.84 E12.18766
G1 X98.079 Y108.009 E12.19736
G1 X97.776 Y107.786 F7800
;TYPE:External perimeter
G1 F1800
G1 X97.771 Y107.799 E12.19803
G1 X97.64 Y107.85 E12.20479
G1 X72.326 Y107.85 E13.42231
G1 X72.188 Y107.792 E13.42951
G1 X72.133 Y107.657 E13.43652
G1 X72.133 Y82.343 E14.65404
G1 X72.195 Y82.201 E14.66149
G1 X72.326 Y82.15 E14.66825
G1 X97.64 Y82.15 E15.88577
G1 X97.792 Y82.224 E15.8939
G1 X97.833 Y82.343 E15.89995
G1 X97.833 Y107.657 E17.11747
G1 X97.801 Y107.731 E17.12135
G1 X97.417 Y107.844 F7800
G1 E15.12135 F2400
G92 E0
G1 X87.962 Y73.707 F7800
G1 E2 F2400
;TYPE:Perimeter
G1 F3600
G1 X90.261 Y74.156 E2.11266
G1 X92.522 Y74.863 E2.2266
G1 X94.692 Y75.815 E2.34057
G1 X96.744 Y76.999 E2.45451
G1 X98.652 Y78.402 E2.56842
G1 X100.395 Y80.007 E2.68238
G1 X101.951 Y81.793 E2.79631
G1 X103.301 Y83.74 E2.91026
G1 X104.429 Y85.823 E3.02419
G1 X105.32 Y88.018 E3.13813
G1 X105.965 Y90.298 E3.25209
G1 X106.355 Y92.635 E3.36605
G1 X106.473 Y94.783 E3.46952
G1 X106.473 Y95.217 E3.49039
G1 X106.355 Y97.365 E3.59386
G1 X105.965 Y99.702 E3.70782
G1 X105.32 Y101.982 E3.82178
G1 X104.429 Y104.177 E3.93572
G1 X103.301 Y106.26 E4.04965
G1 X101.951 Y108.207 E4.1636
G1 X100.395 Y109.993 E4.27753
G1 X98.652 Y111.598 E4.39149
G1 X96.744 Y113.001 E4.5054
G1 X94.692 Y114.185 E4.61934
G1 X92.522 Y115.137 E4.73331
G1 X90.261 Y115.844 E4.84725
G1 X87.936 Y116.298 E4.96119
G1 X85.575 Y116.494 E5.07514
G1 X83.207 Y116.429 E5.18908
G1 X80.861 Y116.103 E5.303
G1 X78.564 Y115.522 E5.41696
G1 X76.346 Y114.691 E5.53088
G1 X74.232 Y113.621 E5.64484
G1 X72.249 Y112.326 E5.75875
G1 X70.42 Y110.82 E5.8727
G1 X68.768 Y109.122 E5.98664
G1 X67.313 Y107.252 E6.1006
G1 X66.072 Y105.234 E6.21454
G1 X65.061 Y103.091 E6.32851
G1 X64.292 Y100.851 E6.44242
G1 X63.774 Y98.539 E6.55638
G1 X63.513 Y96.185 E6.67029
G1 X63.513 Y93.815 E6.78428
G1 X63.774 Y91.461 E6.89819
G1 X64.292 Y89.149 E7.01215
G1 X65.061 Y86.909 E7.12606
G1 X66.072 Y84.766 E7.24003
G1 X67.313 Y82.748 E7.35397
G1 X68.768 Y80.878 E7.46793
G1 X70.42 Y79.18 E7.58187
G1 X72.249 Y77.674 E7.69582
G1 X74.232 Y76.379 E7.80973
G1 X76.346 Y75.309 E7.92369
G1 X78.564 Y74.478 E8.03761
G1 X80.861 Y73.897 E8.15157
G1 X83.207 Y73.571 E8.26549
G1 X85.575 Y73.506 E8.37943
G1 X87.902 Y73.699 E8.49173
G1 X87.994 Y73.32 F7800
G1 F3600
G1 X90.356 Y73.781 E8.60748
G1 X92.658 Y74.501 E8.72349
G1 X94.866 Y75.47 E8.83946
G1 X96.955 Y76.676 E8.95547
G1 X98.898 Y78.104 E9.07145
G1 X100.672 Y79.737 E9.18742
G1 X102.256 Y81.556 E9.30343
G1 X103.63 Y83.538 E9.41942
G1 X104.778 Y85.659 E9.53542
G1 X105.685 Y87.893 E9.65139
G1 X106.342 Y90.213 E9.76736
G1 X106.739 Y92.592 E9.88336
G1 X106.858 Y94.762 E9.98789
G1 X106.858 Y95.238 E10.01078
G1 X106.739 Y97.408 E10.11531
G1 X106.342 Y99.787 E10.23131
G1 X105.685 Y102.107 E10.34728
G1 X104.778 Y104.341 E10.46325
G1 X103.63 Y106.462 E10.57925
G1 X102.256 Y108.444 E10.69524
G1 X100.672 Y110.263 E10.81125
G1 X98.898 Y111.896 E10.92722
G1 X96.955 Y113.324 E11.0432
G1 X94.866 Y114.53 E11.15921
G1 X92.658 Y115.499 E11.27518
G1 X90.356 Y116.219 E11.39119
G1 X87.989 Y116.681 E11.50718
G1 X85.586 Y116.88 E11.62315
G1 X83.175 Y116.814 E11.73915
G1 X80.787 Y116.482 E11.85511
G1 X78.449 Y115.89 E11.97111
G1 X76.19 Y115.045 E12.08711
G1 X74.039 Y113.956 E12.20307
G1 X72.02 Y112.637 E12.31906
G1 X70.158 Y111.104 E12.43506
G1 X68.477 Y109.375 E12.55104
G1 X66.995 Y107.472 E12.66705
G1 X65.733 Y105.418 E12.783
G1 X64.703 Y103.237 E12.89901
G1 X63.92 Y100.956 E13.015
G1 X63.393 Y98.603 E13.13097
G1 X63.128 Y96.206 E13.24696
G1 X63.128 Y93.794 E13.36297
G1 X63.393 Y91.397 E13.47896
G1 X63.92 Y89.044 E13.59493
G1 X64.703 Y86.763 E13.71092
G1 X65.733 Y84.582 E13.82693
G1 X66.995 Y82.528 E13.94288
G1 X68.477 Y80.625 E14.05889
G1 X70.158 Y78.896 E14.17487
G1 X72.02 Y77.363 E14.29087
G1 X74.039 Y76.044 E14.40686
G1 X76.19 Y74.955 E14.52282
G1 X78.449 Y74.11 E14.63882
G1 X80.787 Y73.518 E14.75482
G1 X83.175 Y73.186 E14.87078
G1 X85.586 Y73.12 E14.98678
G1 X87.934 Y73.314 E15.1001
G1 X88.026 Y72.935 F7800
;TYPE:External perimeter
G1 F1800
G1 X88.042 Y72.936 E15.10087
G1 X90.451 Y73.407 E15.21893
G1 X92.793 Y74.14 E15.33696
G1 X95.041 Y75.125 E15.455
G1 X97.166 Y76.352 E15.57302
G1 X99.143 Y77.806 E15.69105
G1 X100.949 Y79.468 E15.8091
G1 X102.561 Y81.319 E15.92715
G1 X103.959 Y83.335 E16.04515
G1 X105.127 Y85.494 E16.16321
G1 X106.051 Y87.767 E16.28122
G1 X106.718 Y90.129 E16.39927
G1 X107.122 Y92.55 E16.51732
G1 X107.243 Y94.741 E16.62286
G1 X107.243 Y95.259 E16.64777
G1 X107.122 Y97.45 E16.75331
G1 X106.718 Y99.871 E16.87136
G1 X106.051 Y102.233 E16.98941
G1 X105.127 Y104.506 E17.10742
G1 X103.959 Y106.665 E17.22548
G1 X102.561 Y108.681 E17.34348
G1 X100.949 Y110.532 E17.46153
G1 X99.143 Y112.194 E17.57958
G1 X97.166 Y113.648 E17.69761
G1 X95.041 Y114.875 E17.81563
G1 X92.793 Y115.86 E17.93367
G1 X90.451 Y116.593 E18.0517
G1 X88.042 Y117.064 E18.16976
G1 X85.597 Y117.266 E18.28776
G1 X83.144 Y117.199 E18.40578
G1 X80.713 Y116.861 E18.52383
G1 X78.334 Y116.259 E18.64186
G1 X76.035 Y115.399 E18.75992
G1 X73.846 Y114.29 E18.87794
G1 X71.791 Y112.948 E18.99599
G1 X69.897 Y111.388 E19.11401
G1 X68.185 Y109.629 E19.23207
G1 X66.678 Y107.692 E19.35011
G1 X65.393 Y105.602 E19.46811
G1 X64.346 Y103.382 E19.58616
G1 X63.549 Y101.061 E19.70419
G1 X63.012 Y98.666 E19.82224
G1 X62.742 Y96.227 E19.94026
G1 X62.742 Y93.773 E20.05829
G1 X63.012 Y91.334 E20.17631
G1 X63.549 Y88.939 E20.29436
G1 X64.346 Y86.618 E20.41239
G1 X65.393 Y84.398 E20.53044
G1 X66.678 Y82.308 E20.64844
G1 X68.185 Y80.371 E20.76648
G1 X69.897 Y78.612 E20.88454
G1 X71.791 Y77.052 E21.00256
G1 X73.846 Y75.71 E21.12061
G1 X76.035 Y74.601 E21.23863
G1 X78.334 Y73.741 E21.35669
G1 X80.713 Y73.139 E21.47472
G1 X83.144 Y72.801 E21.59277
G1 X85.597 Y72.734 E21.71079
G1 X87.966 Y72.93 E21.82512
G1 X88.36 Y73 F7800
G1 X88.136 Y74.035
;TYPE:Internal infill
;WIDTH:0.45
G1 F4200
G1 X85.833 Y73.818 E21.93638
G1 X73.707 Y77.067 E22.54017
G1 X72.42 Y77.908 E22.61411
G1 X71.821 Y78.401 E22.65142
G1 E20.65142 F2400
G92 E0
G1 X76.742 Y75.469 F7800
G1 E2 F2400
G1 F4200
G1 X74.664 Y76.484 E2.11123
G1 X79.27 Y81.09 E2.42452
G1 X81.043 Y81.09 E2.5098
G1 X96.211 Y77.025 E3.26507
G1 X95.859 Y76.822 E3.28461
G1 X94.716 Y81.09 E3.49712
G1 X95.63 Y81.09 E3.54108
G1 X88.683 Y74.142 E4.01364
G1 X90.485 Y74.529 E4.10229
G1 X88.727 Y81.09 E4.42898
G1 X87.45 Y81.09 E4.4904
G1 X80.617 Y74.257 E4.95517
G1 X78.425 Y74.839 E5.06425
G1 X76.751 Y81.09 E5.3755
G1 X72.315 Y81.09 E5.58886
G1 X71.815 Y81.197 E5.61345
G1 X71.451 Y81.451 E5.6348
G1 X70.013 Y80.013 E5.73261
G1 X70.616 Y79.393 E5.77421
G1 X71.387 Y78.759 E5.82222
G1 X65.086 Y102.273 E6.99306
G1 X65.448 Y103.233 E7.04241
G1 X71.072 Y101.726 E7.32245
G1 X71.072 Y102.281 E7.34914
G1 X69.225 Y109.176 E7.69246
G1 X68.563 Y108.387 E7.742
G1 X71.077 Y107.713 E7.86718
G1 X71.072 Y105.613 E7.96818
G1 X64.091 Y98.632 E8.44302
G1 X63.966 Y97.642 E8.49101
G1 X71.072 Y95.738 E8.84484
G1 X71.072 Y97.433 E8.92636
G1 X64.259 Y90.619 E9.38981
G1 X64.046 Y91.632 E9.4396
G1 X71.072 Y89.749 E9.78945
G1 X71.072 Y89.253 E9.81331
G1 X66.478 Y84.658 E10.12582
G1 X66.258 Y85.051 E10.14748
G1 X71.072 Y83.761 E10.38719
G1 X71.072 Y86.075 E10.49849
G1 E8.49849 F2400
G92 E0
G1 X85.053 Y81.09 F7800
G1 E2 F2400
G1 F4200
G1 X82.739 Y81.09 E2.1113
G1 X84.687 Y73.82 E2.4733
G1 E.4733 F2400
G92 E0
G1 X98.893 Y103.934 F7800
G1 E2 F2400
G1 F4200
G1 X98.893 Y106.248 E2.1113
G1 X103.672 Y104.968 E2.34926
G1 X103.488 Y105.308 E2.36785
G1 X98.893 Y100.713 E2.6804
G1 X98.893 Y100.26 E2.70219
G1 X105.891 Y98.385 E3.05064
G1 X105.727 Y99.367 E3.09852
G1 X98.893 Y92.533 E3.56336
G1 X98.893 Y94.271 E3.64695
G1 X106.016 Y92.363 E4.00162
G1 X105.838 Y91.298 E4.05355
G1 X98.893 Y84.353 E4.52594
G1 X98.887 Y82.296 E4.62488
G1 X101.416 Y81.619 E4.7508
G1 X100.763 Y80.869 E4.79863
G1 X98.893 Y87.847 E5.14609
G1 X98.893 Y88.283 E5.16706
G1 X104.505 Y86.78 E5.44649
G1 X104.904 Y87.763 E5.49752
G1 X98.613 Y111.241 E6.66657
G1 X99.981 Y109.981 E6.75602
G1 X98.532 Y108.532 E6.85458
G1 X98.338 Y108.699 E6.86689
G1 X97.995 Y108.86 E6.88511
G1 X97.647 Y108.91 E6.90202
G1 X93.249 Y108.91 E7.11355
G1 X91.583 Y115.128 E7.42316
G1 X90.19 Y115.563 E7.49335
G1 X89.364 Y115.725 E7.53383
G1 X82.55 Y108.91 E7.99734
G1 X81.273 Y108.91 E8.05876
G1 X79.517 Y115.465 E8.38515
G1 X81.337 Y115.877 E8.4749
G1 X74.37 Y108.91 E8.94879
G1 X75.284 Y108.91 E8.99275
G1 X74.132 Y113.211 E9.20691
G1 X73.776 Y112.978 E9.22737
G1 X88.957 Y108.91 E9.98328
G1 X90.73 Y108.91 E10.06856
G1 X95.313 Y113.493 E10.38029
G1 E8.38029 F2400
G92 E0
G1 X98.159 Y111.601 F7800
G1 E2 F2400
G1 F4200
G1 X96.273 Y112.939 E2.11122
G1 X84.223 Y116.167 E2.71122
G1 X83.231 Y116.14 E2.75895
G1 X81.922 Y115.959 E2.82251
G1 E.82251 F2400
G92 E0
G1 X87.615 Y116.035 F7800
G1 E2 F2400
G1 F4200
G1 X85.309 Y116.197 E2.11118
G1 X87.261 Y108.91 E2.47402
G1 X84.947 Y108.91 E2.58532
;LAYER_CHANGE
;Z:3.05
;HEIGHT:0.3
G1 E.58532 F2400
G92 E0
G1 Z3.05 F7800
G1 X98.313 Y108.33
G1 E2 F2400
;TYPE:Perimeter
;WIDTH:0.45
G1 F3600
G1 X98.161 Y108.469 E2.00991
G1 X97.912 Y108.582 E2.02306
G1 X97.584 Y108.621 E2.03895
G1 X72.326 Y108.621 E3.25377
G1 X71.929 Y108.536 E3.2733
G1 X71.635 Y108.329 E3.29059
G1 X71.481 Y108.122 E3.303
G1 X71.38 Y107.843 E3.31727
G1 X71.362 Y107.657 E3.32626
G1 X71.362 Y82.343 E4.54378
G1 X71.38 Y82.157 E4.55277
G1 X71.529 Y81.8 E4.57138
G1 X71.761 Y81.561 E4.5874
G1 X71.929 Y81.464 E4.59673
G1 X72.326 Y81.379 E4.61626
G1 X97.64 Y81.379 E5.83378
G1 X97.912 Y81.418 E5.847
G1 X98.293 Y81.634 E5.86806
G1 X98.466 Y81.845 E5.88118
G1 X98.555 Y82.039 E5.89145
G1 X98.604 Y82.343 E5.90626
G1 X98.604 Y107.657 E7.12378
G1 X98.555 Y107.961 E7.13859
G1 X98.4 Y108.251 E7.15441
G1 X98.357 Y108.29 E7.1572
G1 X98.047 Y108.06 F7800
G1 F3600
G1 X98.032 Y108.083 E7.15852
G1 X97.804 Y108.212 E7.17112
G1 X97.584 Y108.236 E7.18176
G1 X72.326 Y108.236 E8.39658
G1 X71.987 Y108.126 E8.41372
G1 X71.819 Y107.936 E8.42592
G1 X71.747 Y107.657 E8.43978
G1 X71.747 Y82.343 E9.6573
G1 X71.819 Y82.064 E9.67116
G1 X71.987 Y81.874 E9.68336
G1 X72.326 Y81.764 E9.7005
G1 X97.64 Y81.764 E10.91802
G1 X97.952 Y81.856 E10.93366
G1 X98.135 Y82.044 E10.94628
G1 X98.219 Y82.343 E10.96122
G1 X98.219 Y107.657 E12.17874
G1 X98.189 Y107.84 E12.18766
G1 X98.079 Y108.009 E12.19736
G1 X97.776 Y107.786 F7800
;TYPE:External perimeter
G1 F1800
G1 X97.771 Y107.799 E12.19803
G1 X97.64 Y107.85 E12.20479
G1 X72.326 Y107.85 E13.42231
G1 X72.188 Y107.792 E13.42951
G1 X72.133 Y107.657 E13.43652
G1 X72.133 Y82.343 E14.65404
G1 X72.195 Y82.201 E14.66149
G1 X72.326 Y82.15 E14.66825
G1 X97.64 Y82.15 E15.88577
G1 X97.792 Y82.224 E15.8939
G1 X97.833 Y82.343 E15.89995
G1 X97.833 Y107.657 E17.11747
G1 X97.801 Y107.731 E17.12135
G1 X97.417 Y107.844 F7800
G1 E15.12135 F2400
G92 E0
G1 X87.962 Y73.707 F7800
G1 E2 F2400
;TYPE:Perimeter
G1 F3600
G1 X90.261 Y74.156 E2.11266
G1 X92.522 Y74.863 E2.2266
G1 X94.692 Y75.815 E2.34057
G1 X96.744 Y76.999 E2.45451
G1 X98.652 Y78.402 E2.56842
G1 X100.395 Y80.007 E2.68238
G1 X101.951 Y81.793 E2.79631
G1 X103.301 Y83.74 E2.91026
G1 X104.429 Y85.823 E3.02419
G1 X105.32 Y88.018 E3.13813
G1 X105.965 Y90.298 E3.25209
G1 X106.355 Y92.635 E3.36605
G1 X106.473 Y94.783 E3.46952
G1 X106.473 Y95.217 E3.49039
G1 X106.355 Y97.365 E3.59386
G1 X105.965 Y99.702 E3.70782
G1 X105.32 Y101.982 E3.82178
G1 X104.429 Y104.177 E3.93572
G1 X103.301 Y106.26 E4.04965
G1 X101.951 Y108.207 E4.1636
G1 X100.395 Y109.993 E4.27753
G1 X98.652 Y111.598 E4.39149
G1 X96.744 Y113.001 E4.5054
G1 X94.692 Y114.185 E4.61934
G1 X92.522 Y115.137 E4.73331
G1 X90.261 Y115.844 E4.84725
G1 X87.936 Y116.298 E4.96119
G1 X85.575 Y116.494 E5.07514
G1 X83.207 Y116.429 E5.18908
G1 X80.861 Y116.103 E5.303
G1 X78.564 Y115.522 E5.41696
G1 X76.346 Y114.691 E5.53088
G1 X74.232 Y113.621 E5.64484
G1 X72.249 Y112.326 E5.75875
G1 X70.42 Y110.82 E5.8727
G1 X68.768 Y109.122 E5.98664
G1 X67.313 Y107.252 E6.1006
G1 X66.072 Y105.234 E6.21454
G1 X65.061 Y103.091 E6.32851
G1 X64.292 Y100.851 E6.44242
G1 X63.774 Y98.539 E6.55638
G1 X63.513 Y96.185 E6.67029
G1 X63.513 Y93.815 E6.78428
G1 X63.774 Y91.461 E6.89819
G1 X64.292 Y89.149 E7.01215
G1 X65.061 Y86.909 E7.12606
G1 X66.072 Y84.766 E7.24003
G1 X67.313 Y82.748 E7.35397
G1 X68.768 Y80.878 E7.46793
G1 X70.42 Y79.18 E7.58187
G1 X72.249 Y77.674 E7.69582
G1 X74.232 Y76.379 E7.80973
G1 X76.346 Y75.309 E7.92369
G1 X78.564 Y74.478 E8.03761
G1 X80.861 Y73.897 E8.15157
G1 X83.207 Y73.571 E8.26549
G1 X85.575 Y73.506 E8.37943
G1 X87.902 Y73.699 E8.49173
G1 X87.994 Y73.32 F7800
G1 F3600
G1 X90.356 Y73.781 E8.60748
G1 X92.658 Y74.501 E8.72349
G1 X94.866 Y75.47 E8.83946
G1 X96.955 Y76.676 E8.95547
G1 X98.898 Y78.104 E9.07145
G1 X100.672 Y79.737 E9.18742
G1 X102.256 Y81.556 E9.30343
G1 X103.63 Y83.538 E9.41942
G1 X104.778 Y85.659 E9.53542
G1 X105.685 Y87.893 E9.65139
G1 X106.342 Y90.213 E9.76736
G1 X106.739 Y92.592 E9.88336
G1 X106.858 Y94.762 E9.98789
G1 X106.858 Y95.238 E10.01078
G1 X106.739 Y97.408 E10.11531
G1 X106.342 Y99.787 E10.23131
G1 X105.685 Y102.107 E10.34728
G1 X104.778 Y104.341 E10.46325
G1 X103.63 Y106.462 E10.57925
G1 X102.256 Y108.444 E10.69524
G1 X100.672 Y110.263 E10.81125
G1 X98.898 Y111.896 E10.92722
G1 X96.955 Y113.324 E11.0432
G1 X94.866 Y114.53 E11.15921
G1 X92.658 Y115.499 E11.27518
G1 X90.356 Y116.219 E11.39119
G1 X87.989 Y116.681 E11.50718
G1 X85.586 Y116.88 E11.62315
G1 X83.175 Y116.814 E11.73915
G1 X80.787 Y116.482 E11.85511
G1 X78.449 Y115.89 E11.97111
G1 X76.19 Y115.045 E12.08711
G1 X74.039 Y113.956 E12.20307
G1 X72.02 Y112.637 E12.31906
G1 X70.158 Y111.104 E12.43506
G1 X68.477 Y109.375 E12.55104
G1 X66.995 Y107.472 E12.66705
G1 X65.733 Y105.418 E12.783
G1 X64.703 Y103.237 E12.89901
G1 X63.92 Y100.956 E13.015
G1 X63.393 Y98.603 E13.13097
G1 X63.128 Y96.206 E13.24696
G1 X63.128 Y93.794 E13.36297
G1 X63.393 Y91.397 E13.47896
G1 X63.92 Y89.044 E13.59493
G1 X64.703 Y86.763 E13.71092
G1 X65.733 Y84.582 E13.82693
G1 X66.995 Y82.528 E13.94288
G1 X68.477 Y80.625 E14.05889
G1 X70.158 Y78.896 E14.17487
G1 X72.02 Y77.363 E14.29087
G1 X74.039 Y76.044 E14.40686
G1 X76.19 Y74.955 E14.52282
G1 X78.449 Y74.11 E14.63882
G1 X80.787 Y73.518 E14.75482
G1 X83.175 Y73.186 E14.87078
G1 X85.586 Y73.12 E14.98678
G1 X87.934 Y73.314 E15.1001
G1 X88.026 Y72.935 F7800
;TYPE:External perimeter
G1 F1800
G1 X88.042 Y72.936 E15.10087
G1 X90.451 Y73.407 E15.21893
G1 X92.793 Y74.14 E15.33696
G1 X95.041 Y75.125 E15.455
G1 X97.166 Y76.352 E15.57302
G1 X99.143 Y77.806 E15.69105
G1 X100.949 Y79.468 E15.8091
G1 X102.561 Y81.319 E15.92715
G1 X103.959 Y83.335 E16.04515
G1 X105.127 Y85.494 E16.16321
G1 X106.051 Y87.767 E16.28122
G1 X106.718 Y90.129 E16.39927
G1 X107.122 Y92.55 E16.51732
G1 X107.243 Y94.741 E16.62286
G1 X107.243 Y95.259 E16.64777
G1 X107.122 Y97.45 E16.75331
G1 X106.718 Y99.871 E16.87136
G1 X106.051 Y102.233 E16.98941
G1 X105.127 Y104.506 E17.10742
G1 X103.959 Y106.665 E17.22548
G1 X102.561 Y108.681 E17.34348
G1 X100.949 Y110.532 E17.46153
G1 X99.143 Y112.194 E17.57958
G1 X97.166 Y113.648 E17.69761
G1 X95.041 Y114.875 E17.81563
G1 X92.793 Y115.86 E17.93367
G1 X90.451 Y116.593 E18.0517
G1 X88.042 Y117.064 E18.16976
G1 X85.597 Y117.266 E18.28776
G1 X83.144 Y117.199 E18.40578
G1 X80.713 Y116.861 E18.52383
G1 X78.334 Y116.259 E18.64186
G1 X76.035 Y115.399 E18.75992
G1 X73.846 Y114.29 E18.87794
G1 X71.791 Y112.948 E18.99599
G1 X69.897 Y111.388 E19.11401
G1 X68.185 Y109.629 E19.23207
G1 X66.678 Y107.692 E19.35011
G1 X65.393 Y105.602 E19.46811
G1 X64.346 Y103.382 E19.58616
G1 X63.549 Y101.061 E19.70419
G1 X63.012 Y98.666 E19.82224
G1 X62.742 Y96.227 E19.94026
G1 X62.742 Y93.773 E20.05829
G1 X63.012 Y91.334 E20.17631
G1 X63.549 Y88.939 E20.29436
G1 X64.346 Y86.618 E20.41239
G1 X65.393 Y84.398 E20.53044
G1 X66.678 Y82.308 E20.64844
G1 X68.185 Y80.371 E20.76648
G1 X69.897 Y78.612 E20.88454
G1 X71.791 Y77.052 E21.00256
G1 X73.846 Y75.71 E21.12061
G1 X76.035 Y74.601 E21.23863
G1 X78.334 Y73.741 E21.35669
G1 X80.713 Y73.139 E21.47472
G1 X83.144 Y72.801 E21.59277
G1 X85.597 Y72.734 E21.71079
G1 X87.966 Y72.93 E21.82512
G1 X88.36 Y73 F7800
G1 X88.136 Y74.035
;TYPE:Internal infill
;WIDTH:0.45
G1 F4200
G1 X85.833 Y73.818 E21.93638
G1 X73.707 Y77.067 E22.54017
G1 X72.42 Y77.908 E22.61411
G1 X71.821 Y78.401 E22.65142
G1 E20.65142 F2400
G92 E0
G1 X76.742 Y75.469 F7800
G1 E2 F2400
G1 F4200
G1 X74.664 Y76.484 E2.11123
G1 X79.27 Y81.09 E2.42452
G1 X81.043 Y81.09 E2.5098
G1 X96.211 Y77.025 E3.26507
G1 X95.859 Y76.822 E3.28461
G1 X94.716 Y81.09 E3.49712
G1 X95.63 Y81.09 E3.54108
G1 X88.683 Y74.142 E4.01364
G1 X90.485 Y74.529 E4.10229
G1 X88.727 Y81.09 E4.42898
G1 X87.45 Y81.09 E4.4904
G1 X80.617 Y74.257 E4.95517
G1 X78.425 Y74.839 E5.06425
G1 X76.751 Y81.09 E5.3755
G1 X72.315 Y81.09 E5.58886
G1 X71.815 Y81.197 E5.61345
G1 X71.451 Y81.451 E5.6348
G1 X70.013 Y80.013 E5.73261
G1 X70.616 Y79.393 E5.77421
G1 X71.387 Y78.759 E5.82222
G1 X65.086 Y102.273 E6.99306
G1 X65.448 Y103.233 E7.04241
G1 X71.072 Y101.726 E7.32245
G1 X71.072 Y102.281 E7.34914
G1 X69.225 Y109.176 E7.69246
G1 X68.563 Y108.387 E7.742
G1 X71.077 Y107.713 E7.86718
G1 X71.072 Y105.613 E7.96818
G1 X64.091 Y98.632 E8.44302
G1 X63.966 Y97.642 E8.49101
G1 X71.072 Y95.738 E8.84484
G1 X71.072 Y97.433 E8.92636
G1 X64.259 Y90.619 E9.38981
G1 X64.046 Y91.632 E9.4396
G1 X71.072 Y89.749 E9.78945
G1 X71.072 Y89.253 E9.81331
G1 X66.478 Y84.658 E10.12582
G1 X66.257 Y85.051 E10.14751
G1 X71.072 Y83.761 E10.38726
G1 X71.072 Y86.075 E10.49856
G1 E8.49856 F2400
G92 E0
G1 X85.053 Y81.09 F7800
G1 E2 F2400
G1 F4200
G1 X82.739 Y81.09 E2.1113
G1 X84.687 Y73.82 E2.4733
G1 E.4733 F2400
G92 E0
G1 X98.893 Y103.934 F7800
G1 E2 F2400
G1 F4200
G1 X98.893 Y106.248 E2.1113
G1 X103.672 Y104.968 E2.34926
G1 X103.488 Y105.308 E2.36785
G1 X98.893 Y100.713 E2.6804
G1 X98.893 Y100.26 E2.70219
G1 X105.891 Y98.385 E3.05064
G1 X105.727 Y99.367 E3.09852
G1 X98.893 Y92.533 E3.56336
G1 X98.893 Y94.271 E3.64695
G1 X106.016 Y92.363 E4.00162
G1 X105.838 Y91.298 E4.05355
G1 X98.893 Y84.353 E4.52594
G1 X98.887 Y82.296 E4.62488
G1 X101.416 Y81.619 E4.7508
G1 X100.763 Y80.869 E4.79863
G1 X98.893 Y87.847 E5.14609
G1 X98.893 Y88.283 E5.16706
G1 X104.505 Y86.78 E5.44649
G1 X104.904 Y87.763 E5.49752
G1 X98.613 Y111.241 E6.66657
G1 X99.981 Y109.981 E6.75602
G1 X98.532 Y108.532 E6.85458
G1 X98.315 Y108.714 E6.8682
G1 X97.994 Y108.86 E6.88516
G1 X97.647 Y108.91 E6.90202
G1 X93.249 Y108.91 E7.11355
G1 X91.583 Y115.128 E7.42316
G1 X90.19 Y115.563 E7.49335
G1 X89.364 Y115.725 E7.53383
G1 X82.55 Y108.91 E7.99734
G1 X81.273 Y108.91 E8.05876
G1 X79.517 Y115.465 E8.38515
G1 X81.337 Y115.877 E8.4749
G1 X74.37 Y108.91 E8.94879
G1 X75.284 Y108.91 E8.99275
G1 X74.132 Y113.211 E9.20691
G1 X73.776 Y112.978 E9.22737
G1 X88.957 Y108.91 E9.98328
G1 X90.73 Y108.91 E10.06856
G1 X95.313 Y113.493 E10.38029
G1 E8.38029 F2400
G92 E0
G1 X98.159 Y111.601 F7800
G1 E2 F2400
G1 F4200
G1 X96.273 Y112.939 E2.11122
G1 X84.223 Y116.167 E2.71122
G1 X83.231 Y116.14 E2.75895
G1 X81.922 Y115.959 E2.82251
G1 E.82251 F2400
G92 E0
G1 X87.615 Y116.035 F7800
G1 E2 F2400
G1 F4200
G1 X85.309 Y116.197 E2.11118
G1 X87.261 Y108.91 E2.47402
G1 X84.947 Y108.91 E2.58532
;LAYER_CHANGE
;Z:3.35
;HEIGHT:0.3
G1 E.58532 F2400
G92 E0
G1 Z3.35 F7800
G1 X98.313 Y108.33
G1 E2 F2400
;TYPE:Perimeter
;WIDTH:0.45
G1 F3600
G1 X98.161 Y108.469 E2.00991
G1 X97.912 Y108.582 E2.02306
G1 X97.584 Y108.621 E2.03895
G1 X72.326 Y108.621 E3.25377
G1 X71.929 Y108.536 E3.2733
G1 X71.635 Y108.329 E3.29059
G1 X71.481 Y108.122 E3.303
G1 X71.38 Y107.843 E3.31727
G1 X71.362 Y107.657 E3.32626
G1 X71.362 Y82.343 E4.54378
G1 X71.38 Y82.157 E4.55277
G1 X71.529 Y81.8 E4.57138
G1 X71.761 Y81.561 E4.5874
G1 X71.929 Y81.464 E4.59673
G1 X72.326 Y81.379 E4.61626
G1 X97.64 Y81.379 E5.83378
G1 X97.912 Y81.418 E5.847
G1 X98.293 Y81.634 E5.86806
G1 X98.466 Y81.845 E5.88118
G1 X98.555 Y82.039 E5.89145
G1 X98.604 Y82.343 E5.90626
G1 X98.604 Y107.657 E7.12378
G1 X98.555 Y107.961 E7.13859
G1 X98.4 Y108.251 E7.15441
G1 X98.357 Y108.29 E7.1572
G1 X98.047 Y108.06 F7800
G1 F3600
G1 X98.032 Y108.083 E7.15852
G1 X97.804 Y108.212 E7.17112
G1 X97.584 Y108.236 E7.18176
G1 X72.326 Y108.236 E8.39658
G1 X71.987 Y108.126 E8.41372
G1 X71.819 Y107.936 E8.42592
G1 X71.747 Y107.657 E8.43978
G1 X71.747 Y82.343 E9.6573
G1 X71.819 Y82.064 E9.67116
G1 X71.987 Y81.874 E9.68336
G1 X72.326 Y81.764 E9.7005
G1 X97.64 Y81.764 E10.91802
G1 X97.952 Y81.856 E10.93366
G1 X98.135 Y82.044 E10.94628
G1 X98.219 Y82.343 E10.96122
G1 X98.219 Y107.657 E12.17874
G1 X98.189 Y107.84 E12.18766
G1 X98.079 Y108.009 E12.19736
G1 X97.776 Y107.786 F7800
;TYPE:External perimeter
G1 F1800
G1 X97.771 Y107.799 E12.19803
G1 X97.64 Y107.85 E12.20479
G1 X72.326 Y107.85 E13.42231
G1 X72.188 Y107.792 E13.42951
G1 X72.133 Y107.657 E13.43652
G1 X72.133 Y82.343 E14.65404
G1 X72.195 Y82.201 E14.66149
G1 X72.326 Y82.15 E14.66825
G1 X97.64 Y82.15 E15.88577
G1 X97.792 Y82.224 E15.8939
G1 X97.833 Y82.343 E15.89995
G1 X97.833 Y107.657 E17.11747
G1 X97.801 Y107.731 E17.12135
G1 X97.417 Y107.844 F7800
G1 E15.12135 F2400
G92 E0
G1 X87.962 Y73.707 F7800
G1 E2 F2400
;TYPE:Perimeter
G1 F3600
G1 X90.261 Y74.156 E2.11266
G1 X92.522 Y74.863 E2.2266
G1 X94.692 Y75.815 E2.34057
G1 X96.744 Y76.999 E2.45451
G1 X98.652 Y78.402 E2.56842
G1 X100.395 Y80.007 E2.68238
G1 X101.951 Y81.793 E2.79631
G1 X103.301 Y83.74 E2.91026
G1 X104.429 Y85.823 E3.02419
G1 X105.32 Y88.018 E3.13813
G1 X105.965 Y90.298 E3.25209
G1 X106.355 Y92.635 E3.36605
G1 X106.473 Y94.783 E3.46952
G1 X106.473 Y95.217 E3.49039
G1 X106.355 Y97.365 E3.59386
G1 X105.965 Y99.702 E3.70782
G1 X105.32 Y101.982 E3.82178
G1 X104.429 Y104.177 E3.93572
G1 X103.301 Y106.26 E4.04965
G1 X101.951 Y108.207 E4.1636
G1 X100.395 Y109.993 E4.27753
G1 X98.652 Y111.598 E4.39149
G1 X96.744 Y113.001 E4.5054
G1 X94.692 Y114.185 E4.61934
G1 X92.522 Y115.137 E4.73331
G1 X90.261 Y115.844 E4.84725
G1 X87.936 Y116.298 E4.96119
G1 X85.575 Y116.494 E5.07514
G1 X83.207 Y116.429 E5.18908
G1 X80.861 Y116.103 E5.303
G1 X78.564 Y115.522 E5.41696
G1 X76.346 Y114.691 E5.53088
G1 X74.232 Y113.621 E5.64484
G1 X72.249 Y112.326 E5.75875
G1 X70.42 Y110.82 E5.8727
G1 X68.768 Y109.122 E5.98664
G1 X67.313 Y107.252 E6.1006
G1 X66.072 Y105.234 E6.21454
G1 X65.061 Y103.092 E6.32846
G1 X64.292 Y100.851 E6.44241
G1 X63.774 Y98.539 E6.55637
G1 X63.513 Y96.185 E6.67028
G1 X63.513 Y93.815 E6.78427
G1 X63.774 Y91.461 E6.89818
G1 X64.292 Y89.149 E7.01214
G1 X65.061 Y86.909 E7.12605
G1 X66.072 Y84.766 E7.24002
G1 X67.313 Y82.748 E7.35396
G1 X68.768 Y80.878 E7.46792
G1 X70.42 Y79.18 E7.58186
G1 X72.249 Y77.674 E7.69581
G1 X74.232 Y76.379 E7.80972
G1 X76.346 Y75.309 E7.92368
G1 X78.564 Y74.478 E8.0376
G1 X80.861 Y73.897 E8.15156
G1 X83.207 Y73.571 E8.26548
G1 X85.575 Y73.506 E8.37942
G1 X87.902 Y73.699 E8.49172
G1 X87.994 Y73.32 F7800
G1 F3600
G1 X90.356 Y73.781 E8.60747
G1 X92.658 Y74.501 E8.72348
G1 X94.866 Y75.47 E8.83945
G1 X96.955 Y76.676 E8.95546
G1 X98.898 Y78.104 E9.07144
G1 X100.672 Y79.737 E9.18741
G1 X102.256 Y81.556 E9.30342
G1 X103.63 Y83.538 E9.41941
G1 X104.778 Y85.659 E9.53541
G1 X105.685 Y87.893 E9.65138
G1 X106.342 Y90.213 E9.76735
G1 X106.739 Y92.592 E9.88335
G1 X106.858 Y94.762 E9.98788
G1 X106.858 Y95.238 E10.01077
G1 X106.739 Y97.408 E10.1153
G1 X106.342 Y99.787 E10.2313
G1 X105.685 Y102.107 E10.34727
G1 X104.778 Y104.341 E10.46324
G1 X103.63 Y106.462 E10.57924
G1 X102.256 Y108.444 E10.69523
G1 X100.672 Y110.263 E10.81124
G1 X98.898 Y111.896 E10.92721
G1 X96.955 Y113.324 E11.04319
G1 X94.866 Y114.53 E11.1592
G1 X92.658 Y115.499 E11.27517
G1 X90.356 Y116.219 E11.39118
G1 X87.989 Y116.681 E11.50717
G1 X85.586 Y116.88 E11.62314
G1 X83.175 Y116.814 E11.73914
G1 X80.787 Y116.482 E11.8551
G1 X78.449 Y115.89 E11.9711
G1 X76.19 Y115.045 E12.0871
G1 X74.039 Y113.956 E12.20306
G1 X72.02 Y112.637 E12.31905
G1 X70.158 Y111.104 E12.43505
G1 X68.477 Y109.375 E12.55103
G1 X66.995 Y107.472 E12.66704
G1 X65.733 Y105.418 E12.78299
G1 X64.703 Y103.237 E12.899
G1 X63.92 Y100.956 E13.01499
G1 X63.393 Y98.603 E13.13096
G1 X63.128 Y96.206 E13.24695
G1 X63.128 Y93.794 E13.36296
G1 X63.393 Y91.397 E13.47895
G1 X63.92 Y89.044 E13.59492
G1 X64.703 Y86.763 E13.71091
G1 X65.733 Y84.582 E13.82692
G1 X66.995 Y82.528 E13.94287
G1 X68.477 Y80.625 E14.05888
G1 X70.158 Y78.896 E14.17486
G1 X72.02 Y77.363 E14.29086
G1 X74.039 Y76.044 E14.40685
G1 X76.19 Y74.955 E14.52281
G1 X78.449 Y74.11 E14.63881
G1 X80.787 Y73.518 E14.75481
G1 X83.175 Y73.186 E14.87077
G1 X85.586 Y73.12 E14.98677
G1 X87.934 Y73.314 E15.10009
G1 X88.026 Y72.935 F7800
;TYPE:External perimeter
G1 F1800
G1 X88.042 Y72.936 E15.10086
G1 X90.451 Y73.407 E15.21892
G1 X92.793 Y74.14 E15.33695
G1 X95.041 Y75.125 E15.45499
G1 X97.166 Y76.352 E15.57301
G1 X99.143 Y77.806 E15.69104
G1 X100.949 Y79.468 E15.80909
G1 X102.561 Y81.319 E15.92714
G1 X103.959 Y83.335 E16.04514
G1 X105.127 Y85.494 E16.1632
G1 X106.051 Y87.767 E16.28121
G1 X106.718 Y90.129 E16.39926
G1 X107.122 Y92.55 E16.51731
G1 X107.243 Y94.741 E16.62285
G1 X107.243 Y95.259 E16.64776
G1 X107.122 Y97.45 E16.7533
G1 X106.718 Y99.871 E16.87135
G1 X106.051 Y102.233 E16.9894
G1 X105.127 Y104.506 E17.10741
G1 X103.959 Y106.665 E17.22547
G1 X102.561 Y108.681 E17.34347
G1 X100.949 Y110.532 E17.46152
G1 X99.143 Y112.194 E17.57957
G1 X97.166 Y113.648 E17.6976
G1 X95.041 Y114.875 E17.81562
G1 X92.793 Y115.86 E17.93366
G1 X90.451 Y116.593 E18.05169
G1 X88.042 Y117.064 E18.16975
G1 X85.597 Y117.266 E18.28775
G1 X83.144 Y117.199 E18.40577
G1 X80.713 Y116.861 E18.52382
G1 X78.334 Y116.259 E18.64185
G1 X76.035 Y115.399 E18.75991
G1 X73.846 Y114.29 E18.87793
G1 X71.791 Y112.948 E18.99598
G1 X69.897 Y111.388 E19.114
G1 X68.185 Y109.629 E19.23206
G1 X66.678 Y107.692 E19.3501
G1 X65.393 Y105.602 E19.4681
G1 X64.346 Y103.382 E19.58615
G1 X63.549 Y101.061 E19.70418
G1 X63.012 Y98.666 E19.82223
G1 X62.742 Y96.227 E19.94025
G1 X62.742 Y93.773 E20.05828
G1 X63.012 Y91.334 E20.1763
G1 X63.549 Y88.939 E20.29435
G1 X64.346 Y86.618 E20.41238
G1 X65.393 Y84.398 E20.53043
G1 X66.678 Y82.308 E20.64843
G1 X68.185 Y80.371 E20.76647
G1 X69.897 Y78.612 E20.88453
G1 X71.791 Y77.052 E21.00255
G1 X73.846 Y75.71 E21.1206
G1 X76.035 Y74.601 E21.23862
G1 X78.334 Y73.741 E21.35668
G1 X80.713 Y73.139 E21.47471
G1 X83.144 Y72.801 E21.59276
G1 X85.597 Y72.734 E21.71078
G1 X87.966 Y72.93 E21.82511
G1 X88.36 Y73 F7800
G1 X88.136 Y74.035
;TYPE:Internal infill
;WIDTH:0.45
G1 F4200
G1 X85.833 Y73.818 E21.93637
G1 X73.707 Y77.067 E22.54016
G1 X72.42 Y77.908 E22.6141
G1 X71.821 Y78.401 E22.65141
G1 E20.65141 F2400
G92 E0
G1 X76.742 Y75.469 F7800
G1 E2 F2400
G1 F4200
G1 X74.664 Y76.484 E2.11123
G1 X79.27 Y81.09 E2.42452
G1 X81.043 Y81.09 E2.5098
G1 X96.211 Y77.025 E3.26507
G1 X95.859 Y76.822 E3.28461
G1 X94.716 Y81.09 E3.49712
G1 X95.63 Y81.09 E3.54108
G1 X88.683 Y74.142 E4.01364
G1 X90.485 Y74.529 E4.10229
G1 X88.727 Y81.09 E4.42898
G1 X87.45 Y81.09 E4.4904
G1 X80.617 Y74.257 E4.95517
G1 X78.425 Y74.839 E5.06425
G1 X76.751 Y81.09 E5.3755
G1 X72.315 Y81.09 E5.58886
G1 X71.815 Y81.197 E5.61345
G1 X71.451 Y81.451 E5.6348
G1 X70.013 Y80.013 E5.73261
G1 X70.616 Y79.393 E5.77421
G1 X71.387 Y78.759 E5.82222
G1 X65.086 Y102.273 E6.99306
G1 X65.448 Y103.233 E7.04241
G1 X71.072 Y101.726 E7.32245
G1 X71.072 Y102.281 E7.34914
G1 X69.225 Y109.176 E7.69246
G1 X68.563 Y108.387 E7.742
G1 X71.077 Y107.713 E7.86718
G1 X71.072 Y105.613 E7.96818
G1 X64.091 Y98.632 E8.44302
G1 X63.966 Y97.642 E8.49101
G1 X71.072 Y95.738 E8.84484
G1 X71.072 Y97.433 E8.92636
G1 X64.259 Y90.619 E9.38981
G1 X64.046 Y91.632 E9.4396
G1 X71.072 Y89.749 E9.78945
G1 X71.072 Y89.253 E9.81331
G1 X66.478 Y84.658 E10.12582
G1 X66.257 Y85.051 E10.14751
G1 X71.072 Y83.761 E10.38726
G1 X71.072 Y86.075 E10.49856
G1 E8.49856 F2400
G92 E0
G1 X85.053 Y81.09 F7800
G1 E2 F2400
G1 F4200
G1 X82.739 Y81.09 E2.1113
G1 X84.687 Y73.82 E2.4733
G1 E.4733 F2400
G92 E0
G1 X98.893 Y103.934 F7800
G1 E2 F2400
G1 F4200
G1 X98.893 Y106.248 E2.1113
G1 X103.672 Y104.968 E2.34926
G1 X103.488 Y105.308 E2.36785
G1 X98.893 Y100.713 E2.6804
G1 X98.893 Y100.26 E2.70219
G1 X105.891 Y98.385 E3.05064
G1 X105.727 Y99.367 E3.09852
G1 X98.893 Y92.533 E3.56336
G1 X98.893 Y94.271 E3.64695
G1 X106.016 Y92.363 E4.00162
G1 X105.838 Y91.298 E4.05355
G1 X98.893 Y84.353 E4.52594
G1 X98.887 Y82.296 E4.62488
G1 X101.416 Y81.619 E4.7508
G1 X100.763 Y80.869 E4.79863
G1 X98.893 Y87.847 E5.14609
G1 X98.893 Y88.283 E5.16706
G1 X104.505 Y86.78 E5.44649
G1 X104.904 Y87.763 E5.49752
G1 X98.613 Y111.241 E6.66657
G1 X99.981 Y109.981 E6.75602
G1 X98.532 Y108.532 E6.85458
G1 X98.338 Y108.699 E6.86689
G1 X97.995 Y108.86 E6.88511
G1 X97.647 Y108.91 E6.90202
G1 X93.249 Y108.91 E7.11355
G1 X91.583 Y115.128 E7.42316
G1 X90.19 Y115.563 E7.49335
G1 X89.364 Y115.725 E7.53383
G1 X82.55 Y108.91 E7.99734
G1 X81.273 Y108.91 E8.05876
G1 X79.517 Y115.465 E8.38515
G1 X81.337 Y115.877 E8.4749
G1 X74.37 Y108.91 E8.94879
G1 X75.284 Y108.91 E8.99275
G1 X74.132 Y113.211 E9.20691
G1 X73.776 Y112.978 E9.22737
G1 X88.957 Y108.91 E9.98328
G1 X90.73 Y108.91 E10.06856
G1 X95.313 Y113.493 E10.38029
G1 E8.38029 F2400
G92 E0
G1 X98.159 Y111.601 F7800
G1 E2 F2400
G1 F4200
G1 X96.273 Y112.939 E2.11122
G1 X84.223 Y116.167 E2.71122
G1 X83.231 Y116.14 E2.75895
G1 X81.922 Y115.959 E2.82251
G1 E.82251 F2400
G92 E0
G1 X87.615 Y116.035 F7800
G1 E2 F2400
G1 F4200
G1 X85.309 Y116.197 E2.11118
G1 X87.261 Y108.91 E2.47402
G1 X84.947 Y108.91 E2.58532
;LAYER_CHANGE
;Z:3.65
;HEIGHT:0.3
G1 E.58532 F2400
G92 E0
G1 Z3.65 F7800
G1 X98.313 Y108.33
G1 E2 F2400
;TYPE:Perimeter
;WIDTH:0.45
G1 F3600
G1 X98.161 Y108.469 E2.00991
G1 X97.912 Y108.582 E2.02306
G1 X97.584 Y108.621 E2.03895
G1 X72.326 Y108.621 E3.25377
G1 X71.929 Y108.536 E3.2733
G1 X71.635 Y108.329 E3.29059
G1 X71.481 Y108.122 E3.303
G1 X71.38 Y107.843 E3.31727
G1 X71.362 Y107.657 E3.32626
G1 X71.362 Y82.343 E4.54378
G1 X71.38 Y82.157 E4.55277
G1 X71.529 Y81.8 E4.57138
G1 X71.761 Y81.561 E4.5874
G1 X71.929 Y81.464 E4.59673
G1 X72.326 Y81.379 E4.61626
G1 X97.64 Y81.379 E5.83378
G1 X97.912 Y81.418 E5.847
G1 X98.293 Y81.634 E5.86806
G1 X98.466 Y81.845 E5.88118
G1 X98.555 Y82.039 E5.89145
G1 X98.604 Y82.343 E5.90626
G1 X98.604 Y107.657 E7.12378
G1 X98.555 Y107.961 E7.13859
G1 X98.4 Y108.251 E7.15441
G1 X98.357 Y108.29 E7.1572
G1 X98.047 Y108.06 F7800
G1 F3600
G1 X98.032 Y108.083 E7.15852
G1 X97.804 Y108.212 E7.17112
G1 X97.584 Y108.236 E7.18176
G1 X72.326 Y108.236 E8.39658
G1 X71.987 Y108.126 E8.41372
G1 X71.819 Y107.936 E8.42592
G1 X71.747 Y107.657 E8.43978
G1 X71.747 Y82.343 E9.6573
G1 X71.819 Y82.064 E9.67116
G1 X71.987 Y81.874 E9.68336
G1 X72.326 Y81.764 E9.7005
G1 X97.64 Y81.764 E10.91802
G1 X97.952 Y81.856 E10.93366
G1 X98.135 Y82.044 E10.94628
G1 X98.219 Y82.343 E10.96122
G1 X98.219 Y107.657 E12.17874
G1 X98.189 Y107.84 E12.18766
G1 X98.079 Y108.009 E12.19736
G1 X97.776 Y107.786 F7800
;TYPE:External perimeter
G1 F1800
G1 X97.771 Y107.799 E12.19803
G1 X97.64 Y107.85 E12.20479
G1 X72.326 Y107.85 E13.42231
G1 X72.188 Y107.792 E13.42951
G1 X72.133 Y107.657 E13.43652
G1 X72.133 Y82.343 E14.65404
G1 X72.195 Y82.201 E14.66149
G1 X72.326 Y82.15 E14.66825
G1 X97.64 Y82.15 E15.88577
G1 X97.792 Y82.224 E15.8939
G1 X97.833 Y82.343 E15.89995
G1 X97.833 Y107.657 E17.11747
G1 X97.801 Y107.731 E17.12135
G1 X97.417 Y107.844 F7800
G1 E15.12135 F2400
G92 E0
G1 X87.962 Y73.707 F7800
G1 E2 F2400
;TYPE:Perimeter
G1 F3600
G1 X90.261 Y74.156 E2.11266
G1 X92.522 Y74.863 E2.2266
G1 X94.692 Y75.815 E2.34057
G1 X96.744 Y76.999 E2.45451
G1 X98.652 Y78.402 E2.56842
G1 X100.395 Y80.007 E2.68238
G1 X101.951 Y81.793 E2.79631
G1 X103.301 Y83.74 E2.91026
G1 X104.429 Y85.823 E3.02419
G1 X105.32 Y88.018 E3.13813
G1 X105.965 Y90.298 E3.25209
G1 X106.355 Y92.635 E3.36605
G1 X106.473 Y94.783 E3.46952
G1 X106.473 Y95.217 E3.49039
G1 X106.355 Y97.365 E3.59386
G1 X105.965 Y99.702 E3.70782
G1 X105.32 Y101.982 E3.82178
G1 X104.429 Y104.177 E3.93572
G1 X103.301 Y106.26 E4.04965
G1 X101.951 Y108.207 E4.1636
G1 X100.395 Y109.993 E4.27753
G1 X98.652 Y111.598 E4.39149
G1 X96.744 Y113.001 E4.5054
G1 X94.692 Y114.185 E4.61934
G1 X92.522 Y115.137 E4.73331
G1 X90.261 Y115.844 E4.84725
G1 X87.936 Y116.298 E4.96119
G1 X85.575 Y116.494 E5.07514
G1 X83.207 Y116.429 E5.18908
G1 X80.861 Y116.103 E5.303
G1 X78.564 Y115.522 E5.41696
G1 X76.346 Y114.691 E5.53088
G1 X74.232 Y113.621 E5.64484
G1 X72.249 Y112.326 E5.75875
G1 X70.42 Y110.82 E5.8727
G1 X68.768 Y109.122 E5.98664
G1 X67.313 Y107.252 E6.1006
G1 X66.072 Y105.234 E6.21454
G1 X65.061 Y103.092 E6.32846
G1 X64.292 Y100.851 E6.44241
G1 X63.774 Y98.539 E6.55637
G1 X63.513 Y96.185 E6.67028
G1 X63.513 Y93.815 E6.78427
G1 X63.774 Y91.461 E6.89818
G1 X64.292 Y89.149 E7.01214
G1 X65.061 Y86.909 E7.12605
G1 X66.072 Y84.766 E7.24002
G1 X67.313 Y82.748 E7.35396
G1 X68.768 Y80.878 E7.46792
G1 X70.42 Y79.18 E7.58186
G1 X72.249 Y77.674 E7.69581
G1 X74.232 Y76.379 E7.80972
G1 X76.346 Y75.309 E7.92368
G1 X78.564 Y74.478 E8.0376
G1 X80.861 Y73.897 E8.15156
G1 X83.207 Y73.571 E8.26548
G1 X85.575 Y73.506 E8.37942
G1 X87.902 Y73.699 E8.49172
G1 X87.994 Y73.32 F7800
G1 F3600
G1 X90.356 Y73.781 E8.60747
G1 X92.658 Y74.501 E8.72348
G1 X94.866 Y75.47 E8.83945
G1 X96.955 Y76.676 E8.95546
G1 X98.898 Y78.104 E9.07144
G1 X100.672 Y79.737 E9.18741
G1 X102.256 Y81.556 E9.30342
G1 X103.63 Y83.538 E9.41941
G1 X104.778 Y85.659 E9.53541
G1 X105.685 Y87.893 E9.65138
G1 X106.342 Y90.213 E9.76735
G1 X106.739 Y92.592 E9.88335
G1 X106.858 Y94.762 E9.98788
G1 X106.858 Y95.238 E10.01077
G1 X106.739 Y97.408 E10.1153
G1 X106.342 Y99.787 E10.2313
G1 X105.685 Y102.107 E10.34727
G1 X104.778 Y104.341 E10.46324
G1 X103.63 Y106.462 E10.57924
G1 X102.256 Y108.444 E10.69523
G1 X100.672 Y110.263 E10.81124
G1 X98.898 Y111.896 E10.92721
G1 X96.955 Y113.324 E11.04319
G1 X94.866 Y114.53 E11.1592
G1 X92.658 Y115.499 E11.27517
G1 X90.356 Y116.219 E11.39118
G1 X87.989 Y116.681 E11.50717
G1 X85.586 Y116.88 E11.62314
G1 X83.175 Y116.814 E11.73914
G1 X80.787 Y116.482 E11.8551
G1 X78.449 Y115.89 E11.9711
G1 X76.19 Y115.045 E12.0871
G1 X74.039 Y113.956 E12.20306
G1 X72.02 Y112.637 E12.31905
G1 X70.158 Y111.104 E12.43505
G1 X68.477 Y109.375 E12.55103
G1 X66.995 Y107.472 E12.66704
G1 X65.733 Y105.418 E12.78299
G1 X64.703 Y103.237 E12.899
G1 X63.92 Y100.956 E13.01499
G1 X63.393 Y98.603 E13.13096
G1 X63.128 Y96.206 E13.24695
G1 X63.128 Y93.794 E13.36296
G1 X63.393 Y91.397 E13.47895
G1 X63.92 Y89.044 E13.59492
G1 X64.703 Y86.763 E13.71091
G1 X65.733 Y84.582 E13.82692
G1 X66.995 Y82.528 E13.94287
G1 X68.477 Y80.625 E14.05888
G1 X70.158 Y78.896 E14.17486
G1 X72.02 Y77.363 E14.29086
G1 X74.039 Y76.044 E14.40685
G1 X76.19 Y74.955 E14.52281
G1 X78.449 Y74.11 E14.63881
G1 X80.787 Y73.518 E14.75481
G1 X83.175 Y73.186 E14.87077
G1 X85.586 Y73.12 E14.98677
G1 X87.934 Y73.314 E15.10009
G1 X88.026 Y72.935 F7800
;TYPE:External perimeter
G1 F1800
G1 X88.042 Y72.936 E15.10086
G1 X90.451 Y73.407 E15.21892
G1 X92.793 Y74.14 E15.33695
G1 X95.041 Y75.125 E15.45499
G1 X97.166 Y76.352 E15.57301
G1 X99.143 Y77.806 E15.69104
G1 X100.949 Y79.468 E15.80909
G1 X102.561 Y81.319 E15.92714
G1 X103.959 Y83.335 E16.04514
G1 X105.127 Y85.494 E16.1632
G1 X106.051 Y87.767 E16.28121
G1 X106.718 Y90.129 E16.39926
G1 X107.122 Y92.55 E16.51731
G1 X107.243 Y94.741 E16.62285
G1 X107.243 Y95.259 E16.64776
G1 X107.122 Y97.45 E16.7533
G1 X106.718 Y99.871 E16.87135
G1 X106.051 Y102.233 E16.9894
G1 X105.127 Y104.506 E17.10741
G1 X103.959 Y106.665 E17.22547
G1 X102.561 Y108.681 E17.34347
G1 X100.949 Y110.532 E17.46152
G1 X99.143 Y112.194 E17.57957
G1 X97.166 Y113.648 E17.6976
G1 X95.041 Y114.875 E17.81562
G1 X92.793 Y115.86 E17.93366
G1 X90.451 Y116.593 E18.05169
G1 X88.042 Y117.064 E18.16975
G1 X85.597 Y117.266 E18.28775
G1 X83.144 Y117.199 E18.40577
G1 X80.713 Y116.861 E18.52382
G1 X78.334 Y116.259 E18.64185
G1 X76.035 Y115.399 E18.75991
G1 X73.846 Y114.29 E18.87793
G1 X71.791 Y112.948 E18.99598
G1 X69.897 Y111.388 E19.114
G1 X68.185 Y109.629 E19.23206
G1 X66.678 Y107.692 E19.3501
G1 X65.393 Y105.602 E19.4681
G1 X64.346 Y103.382 E19.58615
G1 X63.549 Y101.061 E19.70418
G1 X63.012 Y98.666 E19.82223
G1 X62.742 Y96.227 E19.94025
G1 X62.742 Y93.773 E20.05828
G1 X63.012 Y91.334 E20.1763
G1 X63.549 Y88.939 E20.29435
G1 X64.346 Y86.618 E20.41238
G1 X65.393 Y84.398 E20.53043
G1 X66.678 Y82.308 E20.64843
G1 X68.185 Y80.371 E20.76647
G1 X69.897 Y78.612 E20.88453
G1 X71.791 Y77.052 E21.00255
G1 X73.846 Y75.71 E21.1206
G1 X76.035 Y74.601 E21.23862
G1 X78.334 Y73.741 E21.35668
G1 X80.713 Y73.139 E21.47471
G1 X83.144 Y72.801 E21.59276
G1 X85.597 Y72.734 E21.71078
G1 X87.966 Y72.93 E21.82511
G1 X88.36 Y73 F7800
G1 X88.136 Y74.035
;TYPE:Internal infill
;WIDTH:0.45
G1 F4200
G1 X85.833 Y73.818 E21.93637
G1 X73.707 Y77.067 E22.54016
G1 X72.42 Y77.908 E22.6141
G1 X71.821 Y78.401 E22.65141
G1 E20.65141 F2400
G92 E0
G1 X76.742 Y75.469 F7800
G1 E2 F2400
G1 F4200
G1 X74.664 Y76.484 E2.11123
G1 X79.27 Y81.09 E2.42452
G1 X81.043 Y81.09 E2.5098
G1 X96.211 Y77.025 E3.26507
G1 X95.859 Y76.822 E3.28461
G1 X94.716 Y81.09 E3.49712
G1 X95.63 Y81.09 E3.54108
G1 X88.683 Y74.142 E4.01364
G1 X90.485 Y74.529 E4.10229
G1 X88.727 Y81.09 E4.42898
G1 X87.45 Y81.09 E4.4904
G1 X80.617 Y74.257 E4.95517
G1 X78.425 Y74.839 E5.06425
G1 X76.751 Y81.09 E5.3755
G1 X72.315 Y81.09 E5.58886
G1 X71.815 Y81.197 E5.61345
G1 X71.451 Y81.451 E5.6348
G1 X70.013 Y80.013 E5.73261
G1 X70.616 Y79.393 E5.77421
G1 X71.387 Y78.759 E5.82222
G1 X65.086 Y102.273 E6.99306
G1 X65.448 Y103.233 E7.04241
G1 X71.072 Y101.726 E7.32245
G1 X71.072 Y102.281 E7.34914
G1 X69.225 Y109.176 E7.69246
G1 X68.563 Y108.387 E7.742
G1 X71.077 Y107.713 E7.86718
G1 X71.072 Y105.613 E7.96818
G1 X64.091 Y98.632 E8.44302
G1 X63.966 Y97.642 E8.49101
G1 X71.072 Y95.738 E8.84484
G1 X71.072 Y97.433 E8.92636
G1 X64.259 Y90.619 E9.38981
G1 X64.046 Y91.632 E9.4396
G1 X71.072 Y89.749 E9.78945
G1 X71.072 Y89.253 E9.81331
G1 X66.478 Y84.658 E10.12582
G1 X66.257 Y85.051 E10.14751
G1 X71.072 Y83.761 E10.38726
G1 X71.072 Y86.075 E10.49856
G1 E8.49856 F2400
G92 E0
G1 X85.053 Y81.09 F7800
G1 E2 F2400
G1 F4200
G1 X82.739 Y81.09 E2.1113
G1 X84.687 Y73.82 E2.4733
G1 E.4733 F2400
G92 E0
G1 X98.893 Y103.934 F7800
G1 E2 F2400
G1 F4200
G1 X98.893 Y106.248 E2.1113
G1 X103.672 Y104.968 E2.34926
G1 X103.488 Y105.308 E2.36785
G1 X98.893 Y100.713 E2.6804
G1 X98.893 Y100.26 E2.70219
G1 X105.891 Y98.385 E3.05064
G1 X105.727 Y99.367 E3.09852
G1 X98.893 Y92.533 E3.56336
G1 X98.893 Y94.271 E3.64695
G1 X106.016 Y92.363 E4.00162
G1 X105.838 Y91.298 E4.05355
G1 X98.893 Y84.353 E4.52594
G1 X98.887 Y82.296 E4.62488
G1 X101.416 Y81.619 E4.7508
G1 X100.763 Y80.869 E4.79863
G1 X98.893 Y87.847 E5.14609
G1 X98.893 Y88.283 E5.16706
G1 X104.505 Y86.78 E5.44649
G1 X104.904 Y87.763 E5.49752
G1 X98.613 Y111.241 E6.66657
G1 X99.981 Y109.981 E6.75602
G1 X98.532 Y108.532 E6.85458
G1 X98.338 Y108.699 E6.86689
G1 X97.995 Y108.86 E6.88511
G1 X97.647 Y108.91 E6.90202
G1 X93.249 Y108.91 E7.11355
G1 X91.583 Y115.128 E7.42316
G1 X90.19 Y115.563 E7.49335
G1 X89.364 Y115.725 E7.53383
G1 X82.55 Y108.91 E7.99734
G1 X81.273 Y108.91 E8.05876
G1 X79.517 Y115.465 E8.38515
G1 X81.337 Y115.877 E8.4749
G1 X74.37 Y108.91 E8.94879
G1 X75.284 Y108.91 E8.99275
G1 X74.132 Y113.211 E9.20691
G1 X73.776 Y112.978 E9.22737
G1 X88.957 Y108.91 E9.98328
G1 X90.73 Y108.91 E10.06856
G1 X95.313 Y113.493 E10.38029
G1 E8.38029 F2400
G92 E0
G1 X98.159 Y111.601 F7800
G1 E2 F2400
G1 F4200
G1 X96.273 Y112.939 E2.11122
G1 X84.223 Y116.167 E2.71122
G1 X83.231 Y116.14 E2.75895
G1 X81.922 Y115.959 E2.82251
G1 E.82251 F2400
G92 E0
G1 X87.615 Y116.035 F7800
G1 E2 F2400
G1 F4200
G1 X85.309 Y116.197 E2.11118
G1 X87.261 Y108.91 E2.47402
G1 X84.947 Y108.91 E2.58532
;LAYER_CHANGE
;Z:3.95
;HEIGHT:0.3
G1 E.58532 F2400
G92 E0
G1 Z3.95 F7800
G1 X98.313 Y108.33
G1 E2 F2400
;TYPE:Perimeter
;WIDTH:0.45
G1 F3600
G1 X98.161 Y108.469 E2.00991
G1 X97.912 Y108.582 E2.02306
G1 X97.584 Y108.621 E2.03895
G1 X72.326 Y108.621 E3.25377
G1 X71.929 Y108.536 E3.2733
G1 X71.635 Y108.329 E3.29059
G1 X71.481 Y108.122 E3.303
G1 X71.38 Y107.843 E3.31727
G1 X71.362 Y107.657 E3.32626
G1 X71.362 Y82.343 E4.54378
G1 X71.38 Y82.157 E4.55277
G1 X71.529 Y81.8 E4.57138
G1 X71.761 Y81.561 E4.5874
G1 X71.929 Y81.464 E4.59673
G1 X72.326 Y81.379 E4.61626
G1 X97.64 Y81.379 E5.83378
G1 X97.912 Y81.418 E5.847
G1 X98.293 Y81.634 E5.86806
G1 X98.466 Y81.845 E5.88118
G1 X98.555 Y82.039 E5.89145
G1 X98.604 Y82.343 E5.90626
G1 X98.604 Y107.657 E7.12378
G1 X98.555 Y107.961 E7.13859
G1 X98.4 Y108.251 E7.15441
G1 X98.357 Y108.29 E7.1572
G1 X98.047 Y108.06 F7800
G1 F3600
G1 X98.032 Y108.083 E7.15852
G1 X97.804 Y108.212 E7.17112
G1 X97.584 Y108.236 E7.18176
G1 X72.326 Y108.236 E8.39658
G1 X71.987 Y108.126 E8.41372
G1 X71.819 Y107.936 E8.42592
G1 X71.747 Y107.657 E8.43978
G1 X71.747 Y82.343 E9.6573
G1 X71.819 Y82.064 E9.67116
G1 X71.987 Y81.874 E9.68336
G1 X72.326 Y81.764 E9.7005
G1 X97.64 Y81.764 E10.91802
G1 X97.952 Y81.856 E10.93366
G1 X98.135 Y82.044 E10.94628
G1 X98.219 Y82.343 E10.96122
G1 X98.219 Y107.657 E12.17874
G1 X98.189 Y107.84 E12.18766
G1 X98.079 Y108.009 E12.19736
G1 X97.776 Y107.786 F7800
;TYPE:External perimeter
G1 F1800
G1 X97.771 Y107.799 E12.19803
G1 X97.64 Y107.85 E12.20479
G1 X72.326 Y107.85 E13.42231
G1 X72.188 Y107.792 E13.42951
G1 X72.133 Y107.657 E13.43652
G1 X72.133 Y82.343 E14.65404
G1 X72.195 Y82.201 E14.66149
G1 X72.326 Y82.15 E14.66825
G1 X97.64 Y82.15 E15.88577
G1 X97.792 Y82.224 E15.8939
G1 X97.833 Y82.343 E15.89995
G1 X97.833 Y107.657 E17.11747
G1 X97.801 Y107.731 E17.12135
G1 X97.417 Y107.844 F7800
G1 E15.12135 F2400
G92 E0
G1 X87.962 Y73.707 F7800
G1 E2 F2400
;TYPE:Perimeter
G1 F3600
G1 X90.261 Y74.156 E2.11266
G1 X92.522 Y74.863 E2.2266
G1 X94.692 Y75.815 E2.34057
G1 X96.744 Y76.999 E2.45451
G1 X98.652 Y78.402 E2.56842
G1 X100.395 Y80.007 E2.68238
G1 X101.951 Y81.793 E2.79631
G1 X103.301 Y83.74 E2.91026
G1 X104.429 Y85.823 E3.02419
G1 X105.32 Y88.018 E3.13813
G1 X105.965 Y90.298 E3.25209
G1 X106.355 Y92.635 E3.36605
G1 X106.473 Y94.783 E3.46952
G1 X106.473 Y95.217 E3.49039
G1 X106.355 Y97.365 E3.59386
G1 X105.965 Y99.702 E3.70782
G1 X105.32 Y101.982 E3.82178
G1 X104.429 Y104.177 E3.93572
G1 X103.301 Y106.26 E4.04965
G1 X101.951 Y108.207 E4.1636
G1 X100.395 Y109.993 E4.27753
G1 X98.652 Y111.598 E4.39149
G1 X96.744 Y113.001 E4.5054
G1 X94.692 Y114.185 E4.61934
G1 X92.522 Y115.137 E4.73331
G1 X90.261 Y115.844 E4.84725
G1 X87.936 Y116.298 E4.96119
G1 X85.575 Y116.494 E5.07514
G1 X83.207 Y116.429 E5.18908
G1 X80.861 Y116.103 E5.303
G1 X78.564 Y115.522 E5.41696
G1 X76.346 Y114.691 E5.53088
G1 X74.232 Y113.621 E5.64484
G1 X72.249 Y112.326 E5.75875
G1 X70.42 Y110.82 E5.8727
G1 X68.768 Y109.122 E5.98664
G1 X67.313 Y107.252 E6.1006
G1 X66.072 Y105.234 E6.21454
G1 X65.061 Y103.091 E6.32851
G1 X64.292 Y100.851 E6.44242
G1 X63.774 Y98.539 E6.55638
G1 X63.513 Y96.185 E6.67029
G1 X63.513 Y93.815 E6.78428
G1 X63.774 Y91.461 E6.89819
G1 X64.292 Y89.149 E7.01215
G1 X65.061 Y86.909 E7.12606
G1 X66.072 Y84.766 E7.24003
G1 X67.313 Y82.748 E7.35397
G1 X68.768 Y80.878 E7.46793
G1 X70.42 Y79.18 E7.58187
G1 X72.249 Y77.674 E7.69582
G1 X74.232 Y76.379 E7.80973
G1 X76.346 Y75.309 E7.92369
G1 X78.564 Y74.478 E8.03761
G1 X80.861 Y73.897 E8.15157
G1 X83.207 Y73.571 E8.26549
G1 X85.575 Y73.506 E8.37943
G1 X87.902 Y73.699 E8.49173
G1 X87.994 Y73.32 F7800
G1 F3600
G1 X90.356 Y73.781 E8.60748
G1 X92.658 Y74.501 E8.72349
G1 X94.866 Y75.47 E8.83946
G1 X96.955 Y76.676 E8.95547
G1 X98.898 Y78.104 E9.07145
G1 X100.672 Y79.737 E9.18742
G1 X102.256 Y81.556 E9.30343
G1 X103.63 Y83.538 E9.41942
G1 X104.778 Y85.659 E9.53542
G1 X105.685 Y87.893 E9.65139
G1 X106.342 Y90.213 E9.76736
G1 X106.739 Y92.592 E9.88336
G1 X106.858 Y94.762 E9.98789
G1 X106.858 Y95.238 E10.01078
G1 X106.739 Y97.408 E10.11531
G1 X106.342 Y99.787 E10.23131
G1 X105.685 Y102.107 E10.34728
G1 X104.778 Y104.341 E10.46325
G1 X103.63 Y106.462 E10.57925
G1 X102.256 Y108.444 E10.69524
G1 X100.672 Y110.263 E10.81125
G1 X98.898 Y111.896 E10.92722
G1 X96.955 Y113.324 E11.0432
G1 X94.866 Y114.53 E11.15921
G1 X92.658 Y115.499 E11.27518
G1 X90.356 Y116.219 E11.39119
G1 X87.989 Y116.681 E11.50718
G1 X85.586 Y116.88 E11.62315
G1 X83.175 Y116.814 E11.73915
G1 X80.787 Y116.482 E11.85511
G1 X78.449 Y115.89 E11.97111
G1 X76.19 Y115.045 E12.08711
G1 X74.039 Y113.956 E12.20307
G1 X72.02 Y112.637 E12.31906
G1 X70.158 Y111.104 E12.43506
G1 X68.477 Y109.375 E12.55104
G1 X66.995 Y107.472 E12.66705
G1 X65.733 Y105.418 E12.783
G1 X64.703 Y103.237 E12.89901
G1 X63.92 Y100.956 E13.015
G1 X63.393 Y98.603 E13.13097
G1 X63.128 Y96.206 E13.24696
G1 X63.128 Y93.794 E13.36297
G1 X63.393 Y91.397 E13.47896
G1 X63.92 Y89.044 E13.59493
G1 X64.703 Y86.763 E13.71092
G1 X65.733 Y84.582 E13.82693
G1 X66.995 Y82.528 E13.94288
G1 X68.477 Y80.625 E14.05889
G1 X70.158 Y78.896 E14.17487
G1 X72.02 Y77.363 E14.29087
G1 X74.039 Y76.044 E14.40686
G1 X76.19 Y74.955 E14.52282
G1 X78.449 Y74.11 E14.63882
G1 X80.787 Y73.518 E14.75482
G1 X83.175 Y73.186 E14.87078
G1 X85.586 Y73.12 E14.98678
G1 X87.934 Y73.314 E15.1001
G1 X88.026 Y72.935 F7800
;TYPE:External perimeter
G1 F1800
G1 X88.042 Y72.936 E15.10087
G1 X90.451 Y73.407 E15.21893
G1 X92.793 Y74.14 E15.33696
G1 X95.041 Y75.125 E15.455
G1 X97.166 Y76.352 E15.57302
G1 X99.143 Y77.806 E15.69105
G1 X100.949 Y79.468 E15.8091
G1 X102.561 Y81.319 E15.92715
G1 X103.959 Y83.335 E16.04515
G1 X105.127 Y85.494 E16.16321
G1 X106.051 Y87.767 E16.28122
G1 X106.718 Y90.129 E16.39927
G1 X107.122 Y92.55 E16.51732
G1 X107.243 Y94.741 E16.62286
G1 X107.243 Y95.259 E16.64777
G1 X107.122 Y97.45 E16.75331
G1 X106.718 Y99.871 E16.87136
G1 X106.051 Y102.233 E16.98941
G1 X105.127 Y104.506 E17.10742
G1 X103.959 Y106.665 E17.22548
G1 X102.561 Y108.681 E17.34348
G1 X100.949 Y110.532 E17.46153
G1 X99.143 Y112.194 E17.57958
G1 X97.166 Y113.648 E17.69761
G1 X95.041 Y114.875 E17.81563
G1 X92.793 Y115.86 E17.93367
G1 X90.451 Y116.593 E18.0517
G1 X88.042 Y117.064 E18.16976
G1 X85.597 Y117.266 E18.28776
G1 X83.144 Y117.199 E18.40578
G1 X80.713 Y116.861 E18.52383
G1 X78.334 Y116.259 E18.64186
G1 X76.035 Y115.399 E18.75992
G1 X73.846 Y114.29 E18.87794
G1 X71.791 Y112.948 E18.99599
G1 X69.897 Y111.388 E19.11401
G1 X68.185 Y109.629 E19.23207
G1 X66.678 Y107.692 E19.35011
G1 X65.393 Y105.602 E19.46811
G1 X64.346 Y103.382 E19.58616
G1 X63.549 Y101.061 E19.70419
G1 X63.012 Y98.666 E19.82224
G1 X62.742 Y96.227 E19.94026
G1 X62.742 Y93.773 E20.05829
G1 X63.012 Y91.334 E20.17631
G1 X63.549 Y88.939 E20.29436
G1 X64.346 Y86.618 E20.41239
G1 X65.393 Y84.398 E20.53044
G1 X66.678 Y82.308 E20.64844
G1 X68.185 Y80.371 E20.76648
G1 X69.897 Y78.612 E20.88454
G1 X71.791 Y77.052 E21.00256
G1 X73.846 Y75.71 E21.12061
G1 X76.035 Y74.601 E21.23863
G1 X78.334 Y73.741 E21.35669
G1 X80.713 Y73.139 E21.47472
G1 X83.144 Y72.801 E21.59277
G1 X85.597 Y72.734 E21.71079
G1 X87.966 Y72.93 E21.82512
G1 X88.36 Y73 F7800
G1 X88.136 Y74.035
;TYPE:Internal infill
;WIDTH:0.45
G1 F4200
G1 X85.833 Y73.818 E21.93638
G1 X73.707 Y77.067 E22.54017
G1 X72.42 Y77.908 E22.61411
G1 X71.821 Y78.401 E22.65142
G1 E20.65142 F2400
G92 E0
G1 X76.742 Y75.469 F7800
G1 E2 F2400
G1 F4200
G1 X74.664 Y76.484 E2.11123
G1 X79.27 Y81.09 E2.42452
G1 X81.043 Y81.09 E2.5098
G1 X96.211 Y77.025 E3.26507
G1 X95.859 Y76.822 E3.28461
G1 X94.716 Y81.09 E3.49712
G1 X95.63 Y81.09 E3.54108
G1 X88.683 Y74.142 E4.01364
G1 X90.485 Y74.529 E4.10229
G1 X88.727 Y81.09 E4.42898
G1 X87.45 Y81.09 E4.4904
G1 X80.617 Y74.257 E4.95517
G1 X78.425 Y74.839 E5.06425
G1 X76.751 Y81.09 E5.3755
G1 X72.315 Y81.09 E5.58886
G1 X71.815 Y81.197 E5.61345
G1 X71.451 Y81.451 E5.6348
G1 X70.013 Y80.013 E5.73261
G1 X70.616 Y79.393 E5.77421
G1 X71.387 Y78.759 E5.82222
G1 X65.086 Y102.273 E6.99306
G1 X65.448 Y103.233 E7.04241
G1 X71.072 Y101.726 E7.32245
G1 X71.072 Y102.281 E7.34914
G1 X69.225 Y109.176 E7.69246
G1 X68.563 Y108.387 E7.742
G1 X71.077 Y107.713 E7.86718
G1 X71.072 Y105.613 E7.96818
G1 X64.091 Y98.632 E8.44302
G1 X63.966 Y97.642 E8.49101
G1 X71.072 Y95.738 E8.84484
G1 X71.072 Y97.433 E8.92636
G1 X64.259 Y90.619 E9.38981
G1 X64.046 Y91.632 E9.4396
G1 X71.072 Y89.749 E9.78945
G1 X71.072 Y89.253 E9.81331
G1 X66.478 Y84.658 E10.12582
G1 X66.257 Y85.051 E10.14751
G1 X71.072 Y83.761 E10.38726
G1 X71.072 Y86.075 E10.49856
G1 E8.49856 F2400
G92 E0
G1 X85.053 Y81.09 F7800
G1 E2 F2400
G1 F4200
G1 X82.739 Y81.09 E2.1113
G1 X84.687 Y73.82 E2.4733
G1 E.4733 F2400
G92 E0
G1 X98.893 Y103.934 F7800
G1 E2 F2400
G1 F4200
G1 X98.893 Y106.248 E2.1113
G1 X103.672 Y104.968 E2.34926
G1 X103.488 Y105.308 E2.36785
G1 X98.893 Y100.713 E2.6804
G1 X98.893 Y100.26 E2.70219
G1 X105.891 Y98.385 E3.05064
G1 X105.727 Y99.367 E3.09852
G1 X98.893 Y92.533 E3.56336
G1 X98.893 Y94.271 E3.64695
G1 X106.016 Y92.363 E4.00162
G1 X105.838 Y91.298 E4.05355
G1 X98.893 Y84.353 E4.52594
G1 X98.887 Y82.296 E4.62488
G1 X101.416 Y81.619 E4.7508
G1 X100.763 Y80.869 E4.79863
G1 X98.893 Y87.847 E5.14609
G1 X98.893 Y88.283 E5.16706
G1 X104.505 Y86.78 E5.44649
G1 X104.904 Y87.763 E5.49752
G1 X98.613 Y111.241 E6.66657
G1 X99.981 Y109.981 E6.75602
G1 X98.532 Y108.532 E6.85458
G1 X98.338 Y108.699 E6.86689
G1 X97.995 Y108.86 E6.88511
G1 X97.647 Y108.91 E6.90202
G1 X93.249 Y108.91 E7.11355
G1 X91.583 Y115.128 E7.42316
G1 X90.19 Y115.563 E7.49335
G1 X89.364 Y115.725 E7.53383
G1 X82.55 Y108.91 E7.99734
G1 X81.273 Y108.91 E8.05876
G1 X79.517 Y115.465 E8.38515
G1 X81.337 Y115.877 E8.4749
G1 X74.37 Y108.91 E8.94879
G1 X75.284 Y108.91 E8.99275
G1 X74.132 Y113.211 E9.20691
G1 X73.776 Y112.978 E9.22737
G1 X88.957 Y108.91 E9.98328
G1 X90.73 Y108.91 E10.06856
G1 X95.313 Y113.493 E10.38029
G1 E8.38029 F2400
G92 E0
G1 X98.159 Y111.601 F7800
G1 E2 F2400
G1 F4200
G1 X96.273 Y112.939 E2.11122
G1 X84.223 Y116.167 E2.71122
G1 X83.231 Y116.14 E2.75895
G1 X81.922 Y115.959 E2.82251
G1 E.82251 F2400
G92 E0
G1 X87.615 Y116.035 F7800
G1 E2 F2400
G1 F4200
G1 X85.309 Y116.197 E2.11118
G1 X87.261 Y108.91 E2.47402
G1 X84.947 Y108.91 E2.58532
;LAYER_CHANGE
;Z:4.25
;HEIGHT:0.3
G1 E.58532 F2400
G92 E0
G1 Z4.25 F7800
G1 X98.313 Y108.33
G1 E2 F2400
;TYPE:Perimeter
;WIDTH:0.45
G1 F3600
G1 X98.161 Y108.469 E2.00991
G1 X97.912 Y108.582 E2.02306
G1 X97.584 Y108.621 E2.03895
G1 X72.326 Y108.621 E3.25377
G1 X71.929 Y108.536 E3.2733
G1 X71.635 Y108.329 E3.29059
G1 X71.481 Y108.122 E3.303
G1 X71.38 Y107.843 E3.31727
G1 X71.362 Y107.657 E3.32626
G1 X71.362 Y82.343 E4.54378
G1 X71.38 Y82.157 E4.55277
G1 X71.529 Y81.8 E4.57138
G1 X71.761 Y81.561 E4.5874
G1 X71.929 Y81.464 E4.59673
G1 X72.326 Y81.379 E4.61626
G1 X97.64 Y81.379 E5.83378
G1 X97.912 Y81.418 E5.847
G1 X98.293 Y81.634 E5.86806
G1 X98.466 Y81.845 E5.88118
G1 X98.555 Y82.039 E5.89145
G1 X98.604 Y82.343 E5.90626
G1 X98.604 Y107.657 E7.12378
G1 X98.555 Y107.961 E7.13859
G1 X98.4 Y108.251 E7.15441
G1 X98.357 Y108.29 E7.1572
G1 X98.047 Y108.06 F7800
G1 F3600
G1 X98.032 Y108.083 E7.15852
G1 X97.804 Y108.212 E7.17112
G1 X97.584 Y108.236 E7.18176
G1 X72.326 Y108.236 E8.39658
G1 X71.987 Y108.126 E8.41372
G1 X71.819 Y107.936 E8.42592
G1 X71.747 Y107.657 E8.43978
G1 X71.747 Y82.343 E9.6573
G1 X71.819 Y82.064 E9.67116
G1 X71.987 Y81.874 E9.68336
G1 X72.326 Y81.764 E9.7005
G1 X97.64 Y81.764 E10.91802
G1 X97.952 Y81.856 E10.93366
G1 X98.135 Y82.044 E10.94628
G1 X98.219 Y82.343 E10.96122
G1 X98.219 Y107.657 E12.17874
G1 X98.189 Y107.84 E12.18766
G1 X98.079 Y108.009 E12.19736
G1 X97.776 Y107.786 F7800
;TYPE:External perimeter
G1 F1800
G1 X97.771 Y107.799 E12.19803
G1 X97.64 Y107.85 E12.20479
G1 X72.326 Y107.85 E13.42231
G1 X72.188 Y107.792 E13.42951
G1 X72.133 Y107.657 E13.43652
G1 X72.133 Y82.343 E14.65404
G1 X72.195 Y82.201 E14.66149
G1 X72.326 Y82.15 E14.66825
G1 X97.64 Y82.15 E15.88577
G1 X97.792 Y82.224 E15.8939
G1 X97.833 Y82.343 E15.89995
G1 X97.833 Y107.657 E17.11747
G1 X97.801 Y107.731 E17.12135
G1 X97.417 Y107.844 F7800
G1 E15.12135 F2400
G92 E0
G1 X87.962 Y73.707 F7800
G1 E2 F2400
;TYPE:Perimeter
G1 F3600
G1 X90.261 Y74.156 E2.11266
G1 X92.522 Y74.863 E2.2266
G1 X94.692 Y75.815 E2.34057
G1 X96.744 Y76.999 E2.45451
G1 X98.652 Y78.402 E2.56842
G1 X100.395 Y80.007 E2.68238
G1 X101.951 Y81.793 E2.79631
G1 X103.301 Y83.74 E2.91026
G1 X104.429 Y85.823 E3.02419
G1 X105.32 Y88.018 E3.13813
G1 X105.965 Y90.298 E3.25209
G1 X106.355 Y92.635 E3.36605
G1 X106.473 Y94.783 E3.46952
G1 X106.473 Y95.217 E3.49039
G1 X106.355 Y97.365 E3.59386
G1 X105.965 Y99.702 E3.70782
G1 X105.32 Y101.982 E3.82178
G1 X104.429 Y104.177 E3.93572
G1 X103.301 Y106.26 E4.04965
G1 X101.951 Y108.207 E4.1636
G1 X100.395 Y109.993 E4.27753
G1 X98.652 Y111.598 E4.39149
G1 X96.744 Y113.001 E4.5054
G1 X94.692 Y114.185 E4.61934
G1 X92.522 Y115.137 E4.73331
G1 X90.261 Y115.844 E4.84725
G1 X87.936 Y116.298 E4.96119
G1 X85.575 Y116.494 E5.07514
G1 X83.207 Y116.429 E5.18908
G1 X80.861 Y116.103 E5.303
G1 X78.564 Y115.522 E5.41696
G1 X76.346 Y114.691 E5.53088
G1 X74.232 Y113.621 E5.64484
G1 X72.249 Y112.326 E5.75875
G1 X70.42 Y110.82 E5.8727
G1 X68.768 Y109.122 E5.98664
G1 X67.313 Y107.252 E6.1006
G1 X66.072 Y105.234 E6.21454
G1 X65.061 Y103.091 E6.32851
G1 X64.292 Y100.851 E6.44242
G1 X63.774 Y98.539 E6.55638
G1 X63.513 Y96.185 E6.67029
G1 X63.513 Y93.815 E6.78428
G1 X63.774 Y91.461 E6.89819
G1 X64.292 Y89.149 E7.01215
G1 X65.061 Y86.909 E7.12606
G1 X66.072 Y84.766 E7.24003
G1 X67.313 Y82.748 E7.35397
G1 X68.768 Y80.878 E7.46793
G1 X70.42 Y79.18 E7.58187
G1 X72.249 Y77.674 E7.69582
G1 X74.232 Y76.379 E7.80973
G1 X76.346 Y75.309 E7.92369
G1 X78.564 Y74.478 E8.03761
G1 X80.861 Y73.897 E8.15157
G1 X83.207 Y73.571 E8.26549
G1 X85.575 Y73.506 E8.37943
G1 X87.902 Y73.699 E8.49173
G1 X87.994 Y73.32 F7800
G1 F3600
G1 X90.356 Y73.781 E8.60748
G1 X92.658 Y74.501 E8.72349
G1 X94.866 Y75.47 E8.83946
G1 X96.955 Y76.676 E8.95547
G1 X98.898 Y78.104 E9.07145
G1 X100.672 Y79.737 E9.18742
G1 X102.256 Y81.556 E9.30343
G1 X103.63 Y83.538 E9.41942
G1 X104.778 Y85.659 E9.53542
G1 X105.685 Y87.893 E9.65139
G1 X106.342 Y90.213 E9.76736
G1 X106.739 Y92.592 E9.88336
G1 X106.858 Y94.762 E9.98789
G1 X106.858 Y95.238 E10.01078
G1 X106.739 Y97.408 E10.11531
G1 X106.342 Y99.787 E10.23131
G1 X105.685 Y102.107 E10.34728
G1 X104.778 Y104.341 E10.46325
G1 X103.63 Y106.462 E10.57925
G1 X102.256 Y108.444 E10.69524
G1 X100.672 Y110.263 E10.81125
G1 X98.898 Y111.896 E10.92722
G1 X96.955 Y113.324 E11.0432
G1 X94.866 Y114.53 E11.15921
G1 X92.658 Y115.499 E11.27518
G1 X90.356 Y116.219 E11.39119
G1 X87.989 Y116.681 E11.50718
G1 X85.586 Y116.88 E11.62315
G1 X83.175 Y116.814 E11.73915
G1 X80.787 Y116.482 E11.85511
G1 X78.449 Y115.89 E11.97111
G1 X76.19 Y115.045 E12.08711
G1 X74.039 Y113.956 E12.20307
G1 X72.02 Y112.637 E12.31906
G1 X70.158 Y111.104 E12.43506
G1 X68.477 Y109.375 E12.55104
G1 X66.995 Y107.472 E12.66705
G1 X65.733 Y105.418 E12.783
G1 X64.703 Y103.237 E12.89901
G1 X63.92 Y100.956 E13.015
G1 X63.393 Y98.603 E13.13097
G1 X63.128 Y96.206 E13.24696
G1 X63.128 Y93.794 E13.36297
G1 X63.393 Y91.397 E13.47896
G1 X63.92 Y89.044 E13.59493
G1 X64.703 Y86.763 E13.71092
G1 X65.733 Y84.582 E13.82693
G1 X66.995 Y82.528 E13.94288
G1 X68.477 Y80.625 E14.05889
G1 X70.158 Y78.896 E14.17487
G1 X72.02 Y77.363 E14.29087
G1 X74.039 Y76.044 E14.40686
G1 X76.19 Y74.955 E14.52282
G1 X78.449 Y74.11 E14.63882
G1 X80.787 Y73.518 E14.75482
G1 X83.175 Y73.186 E14.87078
G1 X85.586 Y73.12 E14.98678
G1 X87.934 Y73.314 E15.1001
G1 X88.026 Y72.935 F7800
;TYPE:External perimeter
G1 F1800
G1 X88.042 Y72.936 E15.10087
G1 X90.451 Y73.407 E15.21893
G1 X92.793 Y74.14 E15.33696
G1 X95.041 Y75.125 E15.455
G1 X97.166 Y76.352 E15.57302
G1 X99.143 Y77.806 E15.69105
G1 X100.949 Y79.468 E15.8091
G1 X102.561 Y81.319 E15.92715
G1 X103.959 Y83.335 E16.04515
G1 X105.127 Y85.494 E16.16321
G1 X106.051 Y87.767 E16.28122
G1 X106.718 Y90.129 E16.39927
G1 X107.122 Y92.55 E16.51732
G1 X107.243 Y94.741 E16.62286
G1 X107.243 Y95.259 E16.64777
G1 X107.122 Y97.45 E16.75331
G1 X106.718 Y99.871 E16.87136
G1 X106.051 Y102.233 E16.98941
G1 X105.127 Y104.506 E17.10742
G1 X103.959 Y106.665 E17.22548
G1 X102.561 Y108.681 E17.34348
G1 X100.949 Y110.532 E17.46153
G1 X99.143 Y112.194 E17.57958
G1 X97.166 Y113.648 E17.69761
G1 X95.041 Y114.875 E17.81563
G1 X92.793 Y115.86 E17.93367
G1 X90.451 Y116.593 E18.0517
G1 X88.042 Y117.064 E18.16976
G1 X85.597 Y117.266 E18.28776
G1 X83.144 Y117.199 E18.40578
G1 X80.713 Y116.861 E18.52383
G1 X78.334 Y116.259 E18.64186
G1 X76.035 Y115.399 E18.75992
G1 X73.846 Y114.29 E18.87794
G1 X71.791 Y112.948 E18.99599
G1 X69.897 Y111.388 E19.11401
G1 X68.185 Y109.629 E19.23207
G1 X66.678 Y107.692 E19.35011
G1 X65.393 Y105.602 E19.46811
G1 X64.346 Y103.382 E19.58616
G1 X63.549 Y101.061 E19.70419
G1 X63.012 Y98.666 E19.82224
G1 X62.742 Y96.227 E19.94026
G1 X62.742 Y93.773 E20.05829
G1 X63.012 Y91.334 E20.17631
G1 X63.549 Y88.939 E20.29436
G1 X64.346 Y86.618 E20.41239
G1 X65.393 Y84.398 E20.53044
G1 X66.678 Y82.308 E20.64844
G1 X68.185 Y80.371 E20.76648
G1 X69.897 Y78.612 E20.88454
G1 X71.791 Y77.052 E21.00256
G1 X73.846 Y75.71 E21.12061
G1 X76.035 Y74.601 E21.23863
G1 X78.334 Y73.741 E21.35669
G1 X80.713 Y73.139 E21.47472
G1 X83.144 Y72.801 E21.59277
G1 X85.597 Y72.734 E21.71079
G1 X87.966 Y72.93 E21.82512
G1 X88.36 Y73 F7800
G1 X88.136 Y74.035
;TYPE:Internal infill
;WIDTH:0.45
G1 F4200
G1 X85.833 Y73.818 E21.93638
G1 X73.707 Y77.067 E22.54017
G1 X72.42 Y77.908 E22.61411
G1 X71.821 Y78.401 E22.65142
G1 E20.65142 F2400
G92 E0
G1 X76.742 Y75.469 F7800
G1 E2 F2400
G1 F4200
G1 X74.664 Y76.484 E2.11123
G1 X79.27 Y81.09 E2.42452
G1 X81.043 Y81.09 E2.5098
G1 X96.211 Y77.025 E3.26507
G1 X95.859 Y76.822 E3.28461
G1 X94.716 Y81.09 E3.49712
G1 X95.63 Y81.09 E3.54108
G1 X88.683 Y74.142 E4.01364
G1 X90.485 Y74.529 E4.10229
G1 X88.727 Y81.09 E4.42898
G1 X87.45 Y81.09 E4.4904
G1 X80.617 Y74.257 E4.95517
G1 X78.425 Y74.839 E5.06425
G1 X76.751 Y81.09 E5.3755
G1 X72.315 Y81.09 E5.58886
G1 X71.815 Y81.197 E5.61345
G1 X71.451 Y81.451 E5.6348
G1 X70.013 Y80.013 E5.73261
G1 X70.616 Y79.393 E5.77421
G1 X71.387 Y78.759 E5.82222
G1 X65.086 Y102.273 E6.99306
G1 X65.448 Y103.233 E7.04241
G1 X71.072 Y101.726 E7.32245
G1 X71.072 Y102.281 E7.34914
G1 X69.225 Y109.176 E7.69246
G1 X68.563 Y108.387 E7.742
G1 X71.077 Y107.713 E7.86718
G1 X71.072 Y105.613 E7.96818
G1 X64.091 Y98.632 E8.44302
G1 X63.966 Y97.642 E8.49101
G1 X71.072 Y95.738 E8.84484
G1 X71.072 Y97.433 E8.92636
G1 X64.259 Y90.619 E9.38981
G1 X64.046 Y91.632 E9.4396
G1 X71.072 Y89.749 E9.78945
G1 X71.072 Y89.253 E9.81331
G1 X66.478 Y84.658 E10.12582
G1 X66.257 Y85.051 E10.14751
G1 X71.072 Y83.761 E10.38726
G1 X71.072 Y86.075 E10.49856
G1 E8.49856 F2400
G92 E0
G1 X85.053 Y81.09 F7800
G1 E2 F2400
G1 F4200
G1 X82.739 Y81.09 E2.1113
G1 X84.687 Y73.82 E2.4733
G1 E.4733 F2400
G92 E0
G1 X98.893 Y103.934 F7800
G1 E2 F2400
G1 F4200
G1 X98.893 Y106.248 E2.1113
G1 X103.672 Y104.968 E2.34926
G1 X103.488 Y105.308 E2.36785
G1 X98.893 Y100.713 E2.6804
G1 X98.893 Y100.26 E2.70219
G1 X105.891 Y98.385 E3.05064
G1 X105.727 Y99.367 E3.09852
G1 X98.893 Y92.533 E3.56336
G1 X98.893 Y94.271 E3.64695
G1 X106.016 Y92.363 E4.00162
G1 X105.838 Y91.298 E4.05355
G1 X98.893 Y84.353 E4.52594
G1 X98.887 Y82.296 E4.62488
G1 X101.416 Y81.619 E4.7508
G1 X100.763 Y80.869 E4.79863
G1 X98.893 Y87.847 E5.14609
G1 X98.893 Y88.283 E5.16706
G1 X104.505 Y86.78 E5.44649
G1 X104.904 Y87.763 E5.49752
G1 X98.613 Y111.241 E6.66657
G1 X99.981 Y109.981 E6.75602
G1 X98.532 Y108.532 E6.85458
G1 X98.338 Y108.699 E6.86689
G1 X97.995 Y108.86 E6.88511
G1 X97.647 Y108.91 E6.90202
G1 X93.249 Y108.91 E7.11355
G1 X91.583 Y115.128 E7.42316
G1 X90.19 Y115.563 E7.49335
G1 X89.364 Y115.725 E7.53383
G1 X82.55 Y108.91 E7.99734
G1 X81.273 Y108.91 E8.05876
G1 X79.517 Y115.465 E8.38515
G1 X81.337 Y115.877 E8.4749
G1 X74.37 Y108.91 E8.94879
G1 X75.284 Y108.91 E8.99275
G1 X74.132 Y113.211 E9.20691
G1 X73.776 Y112.978 E9.22737
G1 X88.957 Y108.91 E9.98328
G1 X90.73 Y108.91 E10.06856
G1 X95.313 Y113.493 E10.38029
G1 E8.38029 F2400
G92 E0
G1 X98.159 Y111.601 F7800
G1 E2 F2400
G1 F4200
G1 X96.273 Y112.939 E2.11122
G1 X84.223 Y116.167 E2.71122
G1 X83.231 Y116.14 E2.75895
G1 X81.922 Y115.959 E2.82251
G1 E.82251 F2400
G92 E0
G1 X87.615 Y116.035 F7800
G1 E2 F2400
G1 F4200
G1 X85.309 Y116.197 E2.11118
G1 X87.261 Y108.91 E2.47402
G1 X84.947 Y108.91 E2.58532
;LAYER_CHANGE
;Z:4.55
;HEIGHT:0.3
G1 E.58532 F2400
G92 E0
G1 Z4.55 F7800
G1 X98.313 Y108.33
G1 E2 F2400
;TYPE:Perimeter
;WIDTH:0.45
G1 F3600
G1 X98.161 Y108.469 E2.00991
G1 X97.912 Y108.582 E2.02306
G1 X97.584 Y108.621 E2.03895
G1 X72.326 Y108.621 E3.25377
G1 X71.929 Y108.536 E3.2733
G1 X71.635 Y108.329 E3.29059
G1 X71.481 Y108.122 E3.303
G1 X71.38 Y107.843 E3.31727
G1 X71.362 Y107.657 E3.32626
G1 X71.362 Y82.343 E4.54378
G1 X71.38 Y82.157 E4.55277
G1 X71.529 Y81.8 E4.57138
G1 X71.761 Y81.561 E4.5874
G1 X71.929 Y81.464 E4.59673
G1 X72.326 Y81.379 E4.61626
G1 X97.64 Y81.379 E5.83378
G1 X97.912 Y81.418 E5.847
G1 X98.293 Y81.634 E5.86806
G1 X98.466 Y81.845 E5.88118
G1 X98.555 Y82.039 E5.89145
G1 X98.604 Y82.343 E5.90626
G1 X98.604 Y107.657 E7.12378
G1 X98.555 Y107.961 E7.13859
G1 X98.4 Y108.251 E7.15441
G1 X98.357 Y108.29 E7.1572
G1 X98.047 Y108.06 F7800
G1 F3600
G1 X98.032 Y108.083 E7.15852
G1 X97.804 Y108.212 E7.17112
G1 X97.584 Y108.236 E7.18176
G1 X72.326 Y108.236 E8.39658
G1 X71.987 Y108.126 E8.41372
G1 X71.819 Y107.936 E8.42592
G1 X71.747 Y107.657 E8.43978
G1 X71.747 Y82.343 E9.6573
G1 X71.819 Y82.064 E9.67116
G1 X71.987 Y81.874 E9.68336
G1 X72.326 Y81.764 E9.7005
G1 X97.64 Y81.764 E10.91802
G1 X97.952 Y81.856 E10.93366
G1 X98.135 Y82.044 E10.94628
G1 X98.219 Y82.343 E10.96122
G1 X98.219 Y107.657 E12.17874
G1 X98.189 Y107.84 E12.18766
G1 X98.079 Y108.009 E12.19736
G1 X97.776 Y107.786 F7800
;TYPE:External perimeter
G1 F1800
G1 X97.771 Y107.799 E12.19803
G1 X97.64 Y107.85 E12.20479
G1 X72.326 Y107.85 E13.42231
G1 X72.188 Y107.792 E13.42951
G1 X72.133 Y107.657 E13.43652
G1 X72.133 Y82.343 E14.65404
G1 X72.195 Y82.201 E14.66149
G1 X72.326 Y82.15 E14.66825
G1 X97.64 Y82.15 E15.88577
G1 X97.792 Y82.224 E15.8939
G1 X97.833 Y82.343 E15.89995
G1 X97.833 Y107.657 E17.11747
G1 X97.801 Y107.731 E17.12135
G1 X97.417 Y107.844 F7800
G1 E15.12135 F2400
G92 E0
G1 X87.962 Y73.707 F7800
G1 E2 F2400
;TYPE:Perimeter
G1 F3600
G1 X90.261 Y74.156 E2.11266
G1 X92.522 Y74.863 E2.2266
G1 X94.692 Y75.815 E2.34057
G1 X96.744 Y76.999 E2.45451
G1 X98.652 Y78.402 E2.56842
G1 X100.395 Y80.007 E2.68238
G1 X101.951 Y81.793 E2.79631
G1 X103.301 Y83.74 E2.91026
G1 X104.429 Y85.823 E3.02419
G1 X105.32 Y88.018 E3.13813
G1 X105.965 Y90.298 E3.25209
G1 X106.355 Y92.635 E3.36605
G1 X106.473 Y94.783 E3.46952
G1 X106.473 Y95.217 E3.49039
G1 X106.355 Y97.365 E3.59386
G1 X105.965 Y99.702 E3.70782
G1 X105.32 Y101.982 E3.82178
G1 X104.429 Y104.177 E3.93572
G1 X103.301 Y106.26 E4.04965
G1 X101.951 Y108.207 E4.1636
G1 X100.395 Y109.993 E4.27753
G1 X98.652 Y111.598 E4.39149
G1 X96.744 Y113.001 E4.5054
G1 X94.692 Y114.185 E4.61934
G1 X92.522 Y115.137 E4.73331
G1 X90.261 Y115.844 E4.84725
G1 X87.936 Y116.298 E4.96119
G1 X85.575 Y116.494 E5.07514
G1 X83.207 Y116.429 E5.18908
G1 X80.861 Y116.103 E5.303
G1 X78.564 Y115.522 E5.41696
G1 X76.346 Y114.691 E5.53088
G1 X74.232 Y113.621 E5.64484
G1 X72.249 Y112.326 E5.75875
G1 X70.42 Y110.82 E5.8727
G1 X68.768 Y109.122 E5.98664
G1 X67.313 Y107.252 E6.1006
G1 X66.072 Y105.234 E6.21454
G1 X65.061 Y103.091 E6.32851
G1 X64.292 Y100.851 E6.44242
G1 X63.774 Y98.539 E6.55638
G1 X63.513 Y96.185 E6.67029
G1 X63.513 Y93.815 E6.78428
G1 X63.774 Y91.461 E6.89819
G1 X64.292 Y89.149 E7.01215
G1 X65.061 Y86.909 E7.12606
G1 X66.072 Y84.766 E7.24003
G1 X67.313 Y82.748 E7.35397
G1 X68.768 Y80.878 E7.46793
G1 X70.42 Y79.18 E7.58187
G1 X72.249 Y77.674 E7.69582
G1 X74.232 Y76.379 E7.80973
G1 X76.346 Y75.309 E7.92369
G1 X78.564 Y74.478 E8.03761
G1 X80.861 Y73.897 E8.15157
G1 X83.207 Y73.571 E8.26549
G1 X85.575 Y73.506 E8.37943
G1 X87.902 Y73.699 E8.49173
G1 X87.994 Y73.32 F7800
G1 F3600
G1 X90.356 Y73.781 E8.60748
G1 X92.658 Y74.501 E8.72349
G1 X94.866 Y75.47 E8.83946
G1 X96.955 Y76.676 E8.95547
G1 X98.898 Y78.104 E9.07145
G1 X100.672 Y79.737 E9.18742
G1 X102.256 Y81.556 E9.30343
G1 X103.63 Y83.538 E9.41942
G1 X104.778 Y85.659 E9.53542
G1 X105.685 Y87.893 E9.65139
G1 X106.342 Y90.213 E9.76736
G1 X106.739 Y92.592 E9.88336
G1 X106.858 Y94.762 E9.98789
G1 X106.858 Y95.238 E10.01078
G1 X106.739 Y97.408 E10.11531
G1 X106.342 Y99.787 E10.23131
G1 X105.685 Y102.107 E10.34728
G1 X104.778 Y104.341 E10.46325
G1 X103.63 Y106.462 E10.57925
G1 X102.256 Y108.444 E10.69524
G1 X100.672 Y110.263 E10.81125
G1 X98.898 Y111.896 E10.92722
G1 X96.955 Y113.324 E11.0432
G1 X94.866 Y114.53 E11.15921
G1 X92.658 Y115.499 E11.27518
G1 X90.356 Y116.219 E11.39119
G1 X87.989 Y116.681 E11.50718
G1 X85.586 Y116.88 E11.62315
G1 X83.175 Y116.814 E11.73915
G1 X80.787 Y116.482 E11.85511
G1 X78.449 Y115.89 E11.97111
G1 X76.19 Y115.045 E12.08711
G1 X74.039 Y113.956 E12.20307
G1 X72.02 Y112.637 E12.31906
G1 X70.158 Y111.104 E12.43506
G1 X68.477 Y109.375 E12.55104
G1 X66.995 Y107.472 E12.66705
G1 X65.733 Y105.418 E12.783
G1 X64.703 Y103.237 E12.89901
G1 X63.92 Y100.956 E13.015
G1 X63.393 Y98.603 E13.13097
G1 X63.128 Y96.206 E13.24696
G1 X63.128 Y93.794 E13.36297
G1 X63.393 Y91.397 E13.47896
G1 X63.92 Y89.044 E13.59493
G1 X64.703 Y86.763 E13.71092
G1 X65.733 Y84.582 E13.82693
G1 X66.995 Y82.528 E13.94288
G1 X68.477 Y80.625 E14.05889
G1 X70.158 Y78.896 E14.17487
G1 X72.02 Y77.363 E14.29087
G1 X74.039 Y76.044 E14.40686
G1 X76.19 Y74.955 E14.52282
G1 X78.449 Y74.11 E14.63882
G1 X80.787 Y73.518 E14.75482
G1 X83.175 Y73.186 E14.87078
G1 X85.586 Y73.12 E14.98678
G1 X87.934 Y73.314 E15.1001
G1 X88.026 Y72.935 F7800
;TYPE:External perimeter
G1 F1800
G1 X88.042 Y72.936 E15.10087
G1 X90.451 Y73.407 E15.21893
G1 X92.793 Y74.14 E15.33696
G1 X95.041 Y75.125 E15.455
G1 X97.166 Y76.352 E15.57302
G1 X99.143 Y77.806 E15.69105
G1 X100.949 Y79.468 E15.8091
G1 X102.561 Y81.319 E15.92715
G1 X103.959 Y83.335 E16.04515
G1 X105.127 Y85.494 E16.16321
G1 X106.051 Y87.767 E16.28122
G1 X106.718 Y90.129 E16.39927
G1 X107.122 Y92.55 E16.51732
G1 X107.243 Y94.741 E16.62286
G1 X107.243 Y95.259 E16.64777
G1 X107.122 Y97.45 E16.75331
G1 X106.718 Y99.871 E16.87136
G1 X106.051 Y102.233 E16.98941
G1 X105.127 Y104.506 E17.10742
G1 X103.959 Y106.665 E17.22548
G1 X102.561 Y108.681 E17.34348
G1 X100.949 Y110.532 E17.46153
G1 X99.143 Y112.194 E17.57958
G1 X97.166 Y113.648 E17.69761
G1 X95.041 Y114.875 E17.81563
G1 X92.793 Y115.86 E17.93367
G1 X90.451 Y116.593 E18.0517
G1 X88.042 Y117.064 E18.16976
G1 X85.597 Y117.266 E18.28776
G1 X83.144 Y117.199 E18.40578
G1 X80.713 Y116.861 E18.52383
G1 X78.334 Y116.259 E18.64186
G1 X76.035 Y115.399 E18.75992
G1 X73.846 Y114.29 E18.87794
G1 X71.791 Y112.948 E18.99599
G1 X69.897 Y111.388 E19.11401
G1 X68.185 Y109.629 E19.23207
G1 X66.678 Y107.692 E19.35011
G1 X65.393 Y105.602 E19.46811
G1 X64.346 Y103.382 E19.58616
G1 X63.549 Y101.061 E19.70419
G1 X63.012 Y98.666 E19.82224
G1 X62.742 Y96.227 E19.94026
G1 X62.742 Y93.773 E20.05829
G1 X63.012 Y91.334 E20.17631
G1 X63.549 Y88.939 E20.29436
G1 X64.346 Y86.618 E20.41239
G1 X65.393 Y84.398 E20.53044
G1 X66.678 Y82.308 E20.64844
G1 X68.185 Y80.371 E20.76648
G1 X69.897 Y78.612 E20.88454
G1 X71.791 Y77.052 E21.00256
G1 X73.846 Y75.71 E21.12061
G1 X76.035 Y74.601 E21.23863
G1 X78.334 Y73.741 E21.35669
G1 X80.713 Y73.139 E21.47472
G1 X83.144 Y72.801 E21.59277
G1 X85.597 Y72.734 E21.71079
G1 X87.966 Y72.93 E21.82512
G1 X88.36 Y73 F7800
G1 X88.136 Y74.035
;TYPE:Internal infill
;WIDTH:0.45
G1 F4200
G1 X85.833 Y73.818 E21.93638
G1 X73.707 Y77.067 E22.54017
G1 X72.42 Y77.908 E22.61411
G1 X71.821 Y78.401 E22.65142
G1 E20.65142 F2400
G92 E0
G1 X76.742 Y75.469 F7800
G1 E2 F2400
G1 F4200
G1 X74.664 Y76.484 E2.11123
G1 X79.27 Y81.09 E2.42452
G1 X81.043 Y81.09 E2.5098
G1 X96.211 Y77.025 E3.26507
G1 X95.859 Y76.822 E3.28461
G1 X94.716 Y81.09 E3.49712
G1 X95.63 Y81.09 E3.54108
G1 X88.683 Y74.142 E4.01364
G1 X90.485 Y74.529 E4.10229
G1 X88.727 Y81.09 E4.42898
G1 X87.45 Y81.09 E4.4904
G1 X80.617 Y74.257 E4.95517
G1 X78.425 Y74.839 E5.06425
G1 X76.751 Y81.09 E5.3755
G1 X72.315 Y81.09 E5.58886
G1 X71.815 Y81.197 E5.61345
G1 X71.451 Y81.451 E5.6348
G1 X70.013 Y80.013 E5.73261
G1 X70.616 Y79.393 E5.77421
G1 X71.387 Y78.759 E5.82222
G1 X65.086 Y102.273 E6.99306
G1 X65.448 Y103.233 E7.04241
G1 X71.072 Y101.726 E7.32245
G1 X71.072 Y102.281 E7.34914
G1 X69.225 Y109.176 E7.69246
G1 X68.563 Y108.387 E7.742
G1 X71.077 Y107.713 E7.86718
G1 X71.072 Y105.613 E7.96818
G1 X64.091 Y98.632 E8.44302
G1 X63.966 Y97.642 E8.49101
G1 X71.072 Y95.738 E8.84484
G1 X71.072 Y97.433 E8.92636
G1 X64.259 Y90.619 E9.38981
G1 X64.046 Y91.632 E9.4396
G1 X71.072 Y89.749 E9.78945
G1 X71.072 Y89.253 E9.81331
G1 X66.478 Y84.658 E10.12582
G1 X66.257 Y85.051 E10.14751
G1 X71.072 Y83.761 E10.38726
G1 X71.072 Y86.075 E10.49856
G1 E8.49856 F2400
G92 E0
G1 X85.053 Y81.09 F7800
G1 E2 F2400
G1 F4200
G1 X82.739 Y81.09 E2.1113
G1 X84.687 Y73.82 E2.4733
G1 E.4733 F2400
G92 E0
G1 X98.893 Y103.934 F7800
G1 E2 F2400
G1 F4200
G1 X98.893 Y106.248 E2.1113
G1 X103.672 Y104.968 E2.34926
G1 X103.488 Y105.308 E2.36785
G1 X98.893 Y100.713 E2.6804
G1 X98.893 Y100.26 E2.70219
G1 X105.891 Y98.385 E3.05064
G1 X105.727 Y99.367 E3.09852
G1 X98.893 Y92.533 E3.56336
G1 X98.893 Y94.271 E3.64695
G1 X106.016 Y92.363 E4.00162
G1 X105.838 Y91.298 E4.05355
G1 X98.893 Y84.353 E4.52594
G1 X98.887 Y82.296 E4.62488
G1 X101.416 Y81.619 E4.7508
G1 X100.763 Y80.869 E4.79863
G1 X98.893 Y87.847 E5.14609
G1 X98.893 Y88.283 E5.16706
G1 X104.505 Y86.78 E5.44649
G1 X104.904 Y87.763 E5.49752
G1 X98.614 Y111.24 E6.66651
G1 X99.977 Y109.977 E6.75588
G1 X98.532 Y108.532 E6.85417
G1 X98.338 Y108.699 E6.86648
G1 X97.995 Y108.86 E6.8847
G1 X97.647 Y108.91 E6.90161
G1 X93.249 Y108.91 E7.11314
G1 X91.583 Y115.128 E7.42275
G1 X90.19 Y115.563 E7.49294
G1 X89.364 Y115.725 E7.53342
G1 X82.55 Y108.91 E7.99693
G1 X81.273 Y108.91 E8.05835
G1 X79.517 Y115.465 E8.38474
G1 X81.337 Y115.877 E8.47449
G1 X74.37 Y108.91 E8.94838
G1 X75.284 Y108.91 E8.99234
G1 X74.132 Y113.211 E9.2065
G1 X73.776 Y112.978 E9.22696
G1 X88.957 Y108.91 E9.98287
G1 X90.73 Y108.91 E10.06815
G1 X95.313 Y113.493 E10.37988
G1 E8.37988 F2400
G92 E0
G1 X98.159 Y111.601 F7800
G1 E2 F2400
G1 F4200
G1 X96.273 Y112.939 E2.11122
G1 X84.223 Y116.167 E2.71122
G1 X83.231 Y116.14 E2.75895
G1 X81.922 Y115.959 E2.82251
G1 E.82251 F2400
G92 E0
G1 X87.615 Y116.035 F7800
G1 E2 F2400
G1 F4200
G1 X85.309 Y116.197 E2.11118
G1 X87.261 Y108.91 E2.47402
G1 X84.947 Y108.91 E2.58532
;LAYER_CHANGE
;Z:4.85
;HEIGHT:0.3
G1 E.58532 F2400
G92 E0
G1 Z4.85 F7800
G1 X98.313 Y108.33
G1 E2 F2400
;TYPE:Perimeter
;WIDTH:0.45
G1 F3600
G1 X98.161 Y108.469 E2.00991
G1 X97.912 Y108.582 E2.02306
G1 X97.584 Y108.621 E2.03895
G1 X72.326 Y108.621 E3.25377
G1 X71.929 Y108.536 E3.2733
G1 X71.635 Y108.329 E3.29059
G1 X71.481 Y108.122 E3.303
G1 X71.38 Y107.843 E3.31727
G1 X71.362 Y107.657 E3.32626
G1 X71.362 Y82.343 E4.54378
G1 X71.38 Y82.157 E4.55277
G1 X71.529 Y81.8 E4.57138
G1 X71.761 Y81.561 E4.5874
G1 X71.929 Y81.464 E4.59673
G1 X72.326 Y81.379 E4.61626
G1 X97.64 Y81.379 E5.83378
G1 X97.912 Y81.418 E5.847
G1 X98.293 Y81.634 E5.86806
G1 X98.466 Y81.845 E5.88118
G1 X98.555 Y82.039 E5.89145
G1 X98.604 Y82.343 E5.90626
G1 X98.604 Y107.657 E7.12378
G1 X98.555 Y107.961 E7.13859
G1 X98.4 Y108.251 E7.15441
G1 X98.357 Y108.29 E7.1572
G1 X98.047 Y108.06 F7800
G1 F3600
G1 X98.032 Y108.083 E7.15852
G1 X97.804 Y108.212 E7.17112
G1 X97.584 Y108.236 E7.18176
G1 X72.326 Y108.236 E8.39658
G1 X71.987 Y108.126 E8.41372
G1 X71.819 Y107.936 E8.42592
G1 X71.747 Y107.657 E8.43978
G1 X71.747 Y82.343 E9.6573
G1 X71.819 Y82.064 E9.67116
G1 X71.987 Y81.874 E9.68336
G1 X72.326 Y81.764 E9.7005
G1 X97.64 Y81.764 E10.91802
G1 X97.952 Y81.856 E10.93366
G1 X98.135 Y82.044 E10.94628
G1 X98.219 Y82.343 E10.96122
G1 X98.219 Y107.657 E12.17874
G1 X98.189 Y107.84 E12.18766
G1 X98.079 Y108.009 E12.19736
G1 X97.776 Y107.786 F7800
;TYPE:External perimeter
G1 F1800
G1 X97.771 Y107.799 E12.19803
G1 X97.64 Y107.85 E12.20479
G1 X72.326 Y107.85 E13.42231
G1 X72.188 Y107.792 E13.42951
G1 X72.133 Y107.657 E13.43652
G1 X72.133 Y82.343 E14.65404
G1 X72.195 Y82.201 E14.66149
G1 X72.326 Y82.15 E14.66825
G1 X97.64 Y82.15 E15.88577
G1 X97.792 Y82.224 E15.8939
G1 X97.833 Y82.343 E15.89995
G1 X97.833 Y107.657 E17.11747
G1 X97.801 Y107.731 E17.12135
G1 X97.417 Y107.844 F7800
G1 E15.12135 F2400
G92 E0
G1 X87.962 Y73.707 F7800
G1 E2 F2400
;TYPE:Perimeter
G1 F3600
G1 X90.261 Y74.156 E2.11266
G1 X92.522 Y74.863 E2.2266
G1 X94.692 Y75.815 E2.34057
G1 X96.744 Y76.999 E2.45451
G1 X98.652 Y78.402 E2.56842
G1 X100.395 Y80.007 E2.68238
G1 X101.951 Y81.793 E2.79631
G1 X103.301 Y83.74 E2.91026
G1 X104.429 Y85.823 E3.02419
G1 X105.32 Y88.018 E3.13813
G1 X105.965 Y90.298 E3.25209
G1 X106.355 Y92.635 E3.36605
G1 X106.473 Y94.783 E3.46952
G1 X106.473 Y95.217 E3.49039
G1 X106.355 Y97.365 E3.59386
G1 X105.965 Y99.702 E3.70782
G1 X105.32 Y101.982 E3.82178
G1 X104.429 Y104.177 E3.93572
G1 X103.301 Y106.26 E4.04965
G1 X101.951 Y108.207 E4.1636
G1 X100.395 Y109.993 E4.27753
G1 X98.652 Y111.598 E4.39149
G1 X96.744 Y113.001 E4.5054
G1 X94.692 Y114.185 E4.61934
G1 X92.522 Y115.137 E4.73331
G1 X90.261 Y115.844 E4.84725
G1 X87.936 Y116.298 E4.96119
G1 X85.575 Y116.494 E5.07514
G1 X83.207 Y116.429 E5.18908
G1 X80.861 Y116.103 E5.303
G1 X78.564 Y115.522 E5.41696
G1 X76.346 Y114.691 E5.53088
G1 X74.232 Y113.621 E5.64484
G1 X72.249 Y112.326 E5.75875
G1 X70.42 Y110.82 E5.8727
G1 X68.768 Y109.122 E5.98664
G1 X67.313 Y107.252 E6.1006
G1 X66.072 Y105.234 E6.21454
G1 X65.061 Y103.091 E6.32851
G1 X64.292 Y100.851 E6.44242
G1 X63.774 Y98.539 E6.55638
G1 X63.513 Y96.185 E6.67029
G1 X63.513 Y93.815 E6.78428
G1 X63.774 Y91.461 E6.89819
G1 X64.292 Y89.149 E7.01215
G1 X65.061 Y86.909 E7.12606
G1 X66.072 Y84.766 E7.24003
G1 X67.313 Y82.748 E7.35397
G1 X68.768 Y80.878 E7.46793
G1 X70.42 Y79.18 E7.58187
G1 X72.249 Y77.674 E7.69582
G1 X74.232 Y76.379 E7.80973
G1 X76.346 Y75.309 E7.92369
G1 X78.564 Y74.478 E8.03761
G1 X80.861 Y73.897 E8.15157
G1 X83.207 Y73.571 E8.26549
G1 X85.575 Y73.506 E8.37943
G1 X87.902 Y73.699 E8.49173
G1 X87.994 Y73.32 F7800
G1 F3600
G1 X90.356 Y73.781 E8.60748
G1 X92.658 Y74.501 E8.72349
G1 X94.866 Y75.47 E8.83946
G1 X96.955 Y76.676 E8.95547
G1 X98.898 Y78.104 E9.07145
G1 X100.672 Y79.737 E9.18742
G1 X102.256 Y81.556 E9.30343
G1 X103.63 Y83.538 E9.41942
G1 X104.778 Y85.659 E9.53542
G1 X105.685 Y87.893 E9.65139
G1 X106.342 Y90.213 E9.76736
G1 X106.739 Y92.592 E9.88336
G1 X106.858 Y94.762 E9.98789
G1 X106.858 Y95.238 E10.01078
G1 X106.739 Y97.408 E10.11531
G1 X106.342 Y99.787 E10.23131
G1 X105.685 Y102.107 E10.34728
G1 X104.778 Y104.341 E10.46325
G1 X103.63 Y106.462 E10.57925
G1 X102.256 Y108.444 E10.69524
G1 X100.672 Y110.263 E10.81125
G1 X98.898 Y111.896 E10.92722
G1 X96.955 Y113.324 E11.0432
G1 X94.866 Y114.53 E11.15921
G1 X92.658 Y115.499 E11.27518
G1 X90.356 Y116.219 E11.39119
G1 X87.989 Y116.681 E11.50718
G1 X85.586 Y116.88 E11.62315
G1 X83.175 Y116.814 E11.73915
G1 X80.787 Y116.482 E11.85511
G1 X78.449 Y115.89 E11.97111
G1 X76.19 Y115.045 E12.08711
G1 X74.039 Y113.956 E12.20307
G1 X72.02 Y112.637 E12.31906
G1 X70.158 Y111.104 E12.43506
G1 X68.477 Y109.375 E12.55104
G1 X66.995 Y107.472 E12.66705
G1 X65.733 Y105.418 E12.783
G1 X64.703 Y103.237 E12.89901
G1 X63.92 Y100.956 E13.015
G1 X63.393 Y98.603 E13.13097
G1 X63.128 Y96.206 E13.24696
G1 X63.128 Y93.794 E13.36297
G1 X63.393 Y91.397 E13.47896
G1 X63.92 Y89.044 E13.59493
G1 X64.703 Y86.763 E13.71092
G1 X65.733 Y84.582 E13.82693
G1 X66.995 Y82.528 E13.94288
G1 X68.477 Y80.625 E14.05889
G1 X70.158 Y78.896 E14.17487
G1 X72.02 Y77.363 E14.29087
G1 X74.039 Y76.044 E14.40686
G1 X76.19 Y74.955 E14.52282
G1 X78.449 Y74.11 E14.63882
G1 X80.787 Y73.518 E14.75482
G1 X83.175 Y73.186 E14.87078
G1 X85.586 Y73.12 E14.98678
G1 X87.934 Y73.314 E15.1001
G1 X88.026 Y72.935 F7800
;TYPE:External perimeter
G1 F1800
G1 X88.042 Y72.936 E15.10087
G1 X90.451 Y73.407 E15.21893
G1 X92.793 Y74.14 E15.33696
G1 X95.041 Y75.125 E15.455
G1 X97.166 Y76.352 E15.57302
G1 X99.143 Y77.806 E15.69105
G1 X100.949 Y79.468 E15.8091
G1 X102.561 Y81.319 E15.92715
G1 X103.959 Y83.335 E16.04515
G1 X105.127 Y85.494 E16.16321
G1 X106.051 Y87.767 E16.28122
G1 X106.718 Y90.129 E16.39927
G1 X107.122 Y92.55 E16.51732
G1 X107.243 Y94.741 E16.62286
G1 X107.243 Y95.259 E16.64777
G1 X107.122 Y97.45 E16.75331
G1 X106.718 Y99.871 E16.87136
G1 X106.051 Y102.233 E16.98941
G1 X105.127 Y104.506 E17.10742
G1 X103.959 Y106.665 E17.22548
G1 X102.561 Y108.681 E17.34348
G1 X100.949 Y110.532 E17.46153
G1 X99.143 Y112.194 E17.57958
G1 X97.166 Y113.648 E17.69761
G1 X95.041 Y114.875 E17.81563
G1 X92.793 Y115.86 E17.93367
G1 X90.451 Y116.593 E18.0517
G1 X88.042 Y117.064 E18.16976
G1 X85.597 Y117.266 E18.28776
G1 X83.144 Y117.199 E18.40578
G1 X80.713 Y116.861 E18.52383
G1 X78.334 Y116.259 E18.64186
G1 X76.035 Y115.399 E18.75992
G1 X73.846 Y114.29 E18.87794
G1 X71.791 Y112.948 E18.99599
G1 X69.897 Y111.388 E19.11401
G1 X68.185 Y109.629 E19.23207
G1 X66.678 Y107.692 E19.35011
G1 X65.393 Y105.602 E19.46811
G1 X64.346 Y103.382 E19.58616
G1 X63.549 Y101.061 E19.70419
G1 X63.012 Y98.666 E19.82224
G1 X62.742 Y96.227 E19.94026
G1 X62.742 Y93.773 E20.05829
G1 X63.012 Y91.334 E20.17631
G1 X63.549 Y88.939 E20.29436
G1 X64.346 Y86.618 E20.41239
G1 X65.393 Y84.398 E20.53044
G1 X66.678 Y82.308 E20.64844
G1 X68.185 Y80.371 E20.76648
G1 X69.897 Y78.612 E20.88454
G1 X71.791 Y77.052 E21.00256
G1 X73.846 Y75.71 E21.12061
G1 X76.035 Y74.601 E21.23863
G1 X78.334 Y73.741 E21.35669
G1 X80.713 Y73.139 E21.47472
G1 X83.144 Y72.801 E21.59277
G1 X85.597 Y72.734 E21.71079
G1 X87.966 Y72.93 E21.82512
G1 X88.36 Y73 F7800
G1 X88.136 Y74.035
;TYPE:Internal infill
;WIDTH:0.45
G1 F4200
G1 X85.833 Y73.818 E21.93638
G1 X73.707 Y77.067 E22.54017
G1 X72.42 Y77.908 E22.61411
G1 X71.821 Y78.401 E22.65142
G1 E20.65142 F2400
G92 E0
G1 X76.742 Y75.469 F7800
G1 E2 F2400
G1 F4200
G1 X74.664 Y76.484 E2.11123
G1 X79.27 Y81.09 E2.42452
G1 X81.043 Y81.09 E2.5098
G1 X96.211 Y77.025 E3.26507
G1 X95.859 Y76.822 E3.28461
G1 X94.716 Y81.09 E3.49712
G1 X95.63 Y81.09 E3.54108
G1 X88.683 Y74.142 E4.01364
G1 X90.485 Y74.529 E4.10229
G1 X88.727 Y81.09 E4.42898
G1 X87.45 Y81.09 E4.4904
G1 X80.617 Y74.257 E4.95517
G1 X78.425 Y74.839 E5.06425
G1 X76.751 Y81.09 E5.3755
G1 X72.315 Y81.09 E5.58886
G1 X71.815 Y81.197 E5.61345
G1 X71.451 Y81.451 E5.6348
G1 X70.013 Y80.013 E5.73261
G1 X70.616 Y79.393 E5.77421
G1 X71.387 Y78.759 E5.82222
G1 X65.086 Y102.273 E6.99306
G1 X65.448 Y103.233 E7.04241
G1 X71.072 Y101.726 E7.32245
G1 X71.072 Y102.281 E7.34914
G1 X69.225 Y109.176 E7.69246
G1 X68.563 Y108.387 E7.742
G1 X71.077 Y107.713 E7.86718
G1 X71.072 Y105.613 E7.96818
G1 X64.091 Y98.632 E8.44302
G1 X63.966 Y97.642 E8.49101
G1 X71.072 Y95.738 E8.84484
G1 X71.072 Y97.433 E8.92636
G1 X64.259 Y90.619 E9.38981
G1 X64.046 Y91.632 E9.4396
G1 X71.072 Y89.749 E9.78945
G1 X71.072 Y89.253 E9.81331
G1 X66.478 Y84.658 E10.12582
G1 X66.257 Y85.051 E10.14751
G1 X71.072 Y83.761 E10.38726
G1 X71.072 Y86.075 E10.49856
G1 E8.49856 F2400
G92 E0
G1 X85.053 Y81.09 F7800
G1 E2 F2400
G1 F4200
G1 X82.739 Y81.09 E2.1113
G1 X84.687 Y73.82 E2.4733
G1 E.4733 F2400
G92 E0
G1 X98.893 Y103.934 F7800
G1 E2 F2400
G1 F4200
G1 X98.893 Y106.248 E2.1113
G1 X103.672 Y104.968 E2.34926
G1 X103.488 Y105.308 E2.36785
G1 X98.893 Y100.713 E2.6804
G1 X98.893 Y100.26 E2.70219
G1 X105.891 Y98.385 E3.05064
G1 X105.727 Y99.367 E3.09852
G1 X98.893 Y92.533 E3.56336
G1 X98.893 Y94.271 E3.64695
G1 X106.016 Y92.363 E4.00162
G1 X105.838 Y91.298 E4.05355
G1 X98.893 Y84.353 E4.52594
G1 X98.887 Y82.296 E4.62488
G1 X101.416 Y81.619 E4.7508
G1 X100.763 Y80.869 E4.79863
G1 X98.893 Y87.847 E5.14609
G1 X98.893 Y88.283 E5.16706
G1 X104.505 Y86.78 E5.44649
G1 X104.904 Y87.763 E5.49752
G1 X98.613 Y111.241 E6.66657
G1 X99.981 Y109.981 E6.75602
G1 X98.532 Y108.532 E6.85458
G1 X98.338 Y108.699 E6.86689
G1 X97.995 Y108.86 E6.88511
G1 X97.647 Y108.91 E6.90202
G1 X93.249 Y108.91 E7.11355
G1 X91.583 Y115.128 E7.42316
G1 X90.19 Y115.563 E7.49335
G1 X89.364 Y115.725 E7.53383
G1 X82.55 Y108.91 E7.99734
G1 X81.273 Y108.91 E8.05876
G1 X79.517 Y115.465 E8.38515
G1 X81.337 Y115.877 E8.4749
G1 X74.37 Y108.91 E8.94879
G1 X75.284 Y108.91 E8.99275
G1 X74.132 Y113.211 E9.20691
G1 X73.776 Y112.978 E9.22737
G1 X88.957 Y108.91 E9.98328
G1 X90.73 Y108.91 E10.06856
G1 X95.313 Y113.493 E10.38029
G1 E8.38029 F2400
G92 E0
G1 X98.159 Y111.601 F7800
G1 E2 F2400
G1 F4200
G1 X96.273 Y112.939 E2.11122
G1 X84.223 Y116.167 E2.71122
G1 X83.231 Y116.14 E2.75895
G1 X81.922 Y115.959 E2.82251
G1 E.82251 F2400
G92 E0
G1 X87.615 Y116.035 F7800
G1 E2 F2400
G1 F4200
G1 X85.309 Y116.197 E2.11118
G1 X87.261 Y108.91 E2.47402
G1 X84.947 Y108.91 E2.58532
;LAYER_CHANGE
;Z:5.15
;HEIGHT:0.3
G1 E.58532 F2400
G92 E0
G1 Z5.15 F7800
G1 X98.313 Y108.33
G1 E2 F2400
;TYPE:Perimeter
;WIDTH:0.45
G1 F3600
G1 X98.161 Y108.469 E2.00991
G1 X97.912 Y108.582 E2.02306
G1 X97.584 Y108.621 E2.03895
G1 X72.326 Y108.621 E3.25377
G1 X71.929 Y108.536 E3.2733
G1 X71.635 Y108.329 E3.29059
G1 X71.481 Y108.122 E3.303
G1 X71.38 Y107.843 E3.31727
G1 X71.362 Y107.657 E3.32626
G1 X71.362 Y82.343 E4.54378
G1 X71.38 Y82.157 E4.55277
G1 X71.529 Y81.8 E4.57138
G1 X71.761 Y81.561 E4.5874
G1 X71.929 Y81.464 E4.59673
G1 X72.326 Y81.379 E4.61626
G1 X97.64 Y81.379 E5.83378
G1 X97.912 Y81.418 E5.847
G1 X98.293 Y81.634 E5.86806
G1 X98.466 Y81.845 E5.88118
G1 X98.555 Y82.039 E5.89145
G1 X98.604 Y82.343 E5.90626
G1 X98.604 Y107.657 E7.12378
G1 X98.555 Y107.961 E7.13859
G1 X98.4 Y108.251 E7.15441
G1 X98.357 Y108.29 E7.1572
G1 X98.047 Y108.06 F7800
G1 F3600
G1 X98.032 Y108.083 E7.15852
G1 X97.804 Y108.212 E7.17112
G1 X97.584 Y108.236 E7.18176
G1 X72.326 Y108.236 E8.39658
G1 X71.987 Y108.126 E8.41372
G1 X71.819 Y107.936 E8.42592
G1 X71.747 Y107.657 E8.43978
G1 X71.747 Y82.343 E9.6573
G1 X71.819 Y82.064 E9.67116
G1 X71.987 Y81.874 E9.68336
G1 X72.326 Y81.764 E9.7005
G1 X97.64 Y81.764 E10.91802
G1 X97.952 Y81.856 E10.93366
G1 X98.135 Y82.044 E10.94628
G1 X98.219 Y82.343 E10.96122
G1 X98.219 Y107.657 E12.17874
G1 X98.189 Y107.84 E12.18766
G1 X98.079 Y108.009 E12.19736
G1 X97.776 Y107.786 F7800
;TYPE:External perimeter
G1 F1800
G1 X97.771 Y107.799 E12.19803
G1 X97.64 Y107.85 E12.20479
G1 X72.326 Y107.85 E13.42231
G1 X72.188 Y107.792 E13.42951
G1 X72.133 Y107.657 E13.43652
G1 X72.133 Y82.343 E14.65404
G1 X72.195 Y82.201 E14.66149
G1 X72.326 Y82.15 E14.66825
G1 X97.64 Y82.15 E15.88577
G1 X97.792 Y82.224 E15.8939
G1 X97.833 Y82.343 E15.89995
G1 X97.833 Y107.657 E17.11747
G1 X97.801 Y107.731 E17.12135
G1 X97.417 Y107.844 F7800
G1 E15.12135 F2400
G92 E0
G1 X87.962 Y73.707 F7800
G1 E2 F2400
;TYPE:Perimeter
G1 F3600
G1 X90.261 Y74.156 E2.11266
G1 X92.522 Y74.863 E2.2266
G1 X94.692 Y75.815 E2.34057
G1 X96.744 Y76.999 E2.45451
G1 X98.652 Y78.402 E2.56842
G1 X100.395 Y80.007 E2.68238
G1 X101.951 Y81.793 E2.79631
G1 X103.301 Y83.74 E2.91026
G1 X104.429 Y85.823 E3.02419
G1 X105.32 Y88.018 E3.13813
G1 X105.965 Y90.298 E3.25209
G1 X106.355 Y92.635 E3.36605
G1 X106.473 Y94.783 E3.46952
G1 X106.473 Y95.217 E3.49039
G1 X106.355 Y97.365 E3.59386
G1 X105.965 Y99.702 E3.70782
G1 X105.32 Y101.982 E3.82178
G1 X104.429 Y104.177 E3.93572
G1 X103.301 Y106.26 E4.04965
G1 X101.951 Y108.207 E4.1636
G1 X100.395 Y109.993 E4.27753
G1 X98.652 Y111.598 E4.39149
G1 X96.744 Y113.001 E4.5054
G1 X94.692 Y114.185 E4.61934
G1 X92.522 Y115.137 E4.73331
G1 X90.261 Y115.844 E4.84725
G1 X87.936 Y116.298 E4.96119
G1 X85.575 Y116.494 E5.07514
G1 X83.207 Y116.429 E5.18908
G1 X80.861 Y116.103 E5.303
G1 X78.564 Y115.522 E5.41696
G1 X76.346 Y114.691 E5.53088
G1 X74.232 Y113.621 E5.64484
G1 X72.249 Y112.326 E5.75875
G1 X70.42 Y110.82 E5.8727
G1 X68.768 Y109.122 E5.98664
G1 X67.313 Y107.252 E6.1006
G1 X66.072 Y105.234 E6.21454
G1 X65.061 Y103.092 E6.32846
G1 X64.292 Y100.851 E6.44241
G1 X63.774 Y98.539 E6.55637
G1 X63.513 Y96.185 E6.67028
G1 X63.513 Y93.815 E6.78427
G1 X63.774 Y91.461 E6.89818
G1 X64.292 Y89.149 E7.01214
G1 X65.061 Y86.909 E7.12605
G1 X66.072 Y84.766 E7.24002
G1 X67.313 Y82.748 E7.35396
G1 X68.768 Y80.878 E7.46792
G1 X70.42 Y79.18 E7.58186
G1 X72.249 Y77.674 E7.69581
G1 X74.232 Y76.379 E7.80972
G1 X76.346 Y75.309 E7.92368
G1 X78.564 Y74.478 E8.0376
G1 X80.861 Y73.897 E8.15156
G1 X83.207 Y73.571 E8.26548
G1 X85.575 Y73.506 E8.37942
G1 X87.902 Y73.699 E8.49172
G1 X87.994 Y73.32 F7800
G1 F3600
G1 X90.356 Y73.781 E8.60747
G1 X92.658 Y74.501 E8.72348
G1 X94.866 Y75.47 E8.83945
G1 X96.955 Y76.676 E8.95546
G1 X98.898 Y78.104 E9.07144
G1 X100.672 Y79.737 E9.18741
G1 X102.256 Y81.556 E9.30342
G1 X103.63 Y83.538 E9.41941
G1 X104.778 Y85.659 E9.53541
G1 X105.685 Y87.893 E9.65138
G1 X106.342 Y90.213 E9.76735
G1 X106.739 Y92.592 E9.88335
G1 X106.858 Y94.762 E9.98788
G1 X106.858 Y95.238 E10.01077
G1 X106.739 Y97.408 E10.1153
G1 X106.342 Y99.787 E10.2313
G1 X105.685 Y102.107 E10.34727
G1 X104.778 Y104.341 E10.46324
G1 X103.63 Y106.462 E10.57924
G1 X102.256 Y108.444 E10.69523
G1 X100.672 Y110.263 E10.81124
G1 X98.898 Y111.896 E10.92721
G1 X96.955 Y113.324 E11.04319
G1 X94.866 Y114.53 E11.1592
G1 X92.658 Y115.499 E11.27517
G1 X90.356 Y116.219 E11.39118
G1 X87.989 Y116.681 E11.50717
G1 X85.586 Y116.88 E11.62314
G1 X83.175 Y116.814 E11.73914
G1 X80.787 Y116.482 E11.8551
G1 X78.449 Y115.89 E11.9711
G1 X76.19 Y115.045 E12.0871
G1 X74.039 Y113.956 E12.20306
G1 X72.02 Y112.637 E12.31905
G1 X70.158 Y111.104 E12.43505
G1 X68.477 Y109.375 E12.55103
G1 X66.995 Y107.472 E12.66704
G1 X65.733 Y105.418 E12.78299
G1 X64.703 Y103.237 E12.899
G1 X63.92 Y100.956 E13.01499
G1 X63.393 Y98.603 E13.13096
G1 X63.128 Y96.206 E13.24695
G1 X63.128 Y93.794 E13.36296
G1 X63.393 Y91.397 E13.47895
G1 X63.92 Y89.044 E13.59492
G1 X64.703 Y86.763 E13.71091
G1 X65.733 Y84.582 E13.82692
G1 X66.995 Y82.528 E13.94287
G1 X68.477 Y80.625 E14.05888
G1 X70.158 Y78.896 E14.17486
G1 X72.02 Y77.363 E14.29086
G1 X74.039 Y76.044 E14.40685
G1 X76.19 Y74.955 E14.52281
G1 X78.449 Y74.11 E14.63881
G1 X80.787 Y73.518 E14.75481
G1 X83.175 Y73.186 E14.87077
G1 X85.586 Y73.12 E14.98677
G1 X87.934 Y73.314 E15.10009
G1 X88.026 Y72.935 F7800
;TYPE:External perimeter
G1 F1800
G1 X88.042 Y72.936 E15.10086
G1 X90.451 Y73.407 E15.21892
G1 X92.793 Y74.14 E15.33695
G1 X95.041 Y75.125 E15.45499
G1 X97.166 Y76.352 E15.57301
G1 X99.143 Y77.806 E15.69104
G1 X100.949 Y79.468 E15.80909
G1 X102.561 Y81.319 E15.92714
G1 X103.959 Y83.335 E16.04514
G1 X105.127 Y85.494 E16.1632
G1 X106.051 Y87.767 E16.28121
G1 X106.718 Y90.129 E16.39926
G1 X107.122 Y92.55 E16.51731
G1 X107.243 Y94.741 E16.62285
G1 X107.243 Y95.259 E16.64776
G1 X107.122 Y97.45 E16.7533
G1 X106.718 Y99.871 E16.87135
G1 X106.051 Y102.233 E16.9894
G1 X105.127 Y104.506 E17.10741
G1 X103.959 Y106.665 E17.22547
G1 X102.561 Y108.681 E17.34347
G1 X100.949 Y110.532 E17.46152
G1 X99.143 Y112.194 E17.57957
G1 X97.166 Y113.648 E17.6976
G1 X95.041 Y114.875 E17.81562
G1 X92.793 Y115.86 E17.93366
G1 X90.451 Y116.593 E18.05169
G1 X88.042 Y117.064 E18.16975
G1 X85.597 Y117.266 E18.28775
G1 X83.144 Y117.199 E18.40577
G1 X80.713 Y116.861 E18.52382
G1 X78.334 Y116.259 E18.64185
G1 X76.035 Y115.399 E18.75991
G1 X73.846 Y114.29 E18.87793
G1 X71.791 Y112.948 E18.99598
G1 X69.897 Y111.388 E19.114
G1 X68.185 Y109.629 E19.23206
G1 X66.678 Y107.692 E19.3501
G1 X65.393 Y105.602 E19.4681
G1 X64.346 Y103.382 E19.58615
G1 X63.549 Y101.061 E19.70418
G1 X63.012 Y98.666 E19.82223
G1 X62.742 Y96.227 E19.94025
G1 X62.742 Y93.773 E20.05828
G1 X63.012 Y91.334 E20.1763
G1 X63.549 Y88.939 E20.29435
G1 X64.346 Y86.618 E20.41238
G1 X65.393 Y84.398 E20.53043
G1 X66.678 Y82.308 E20.64843
G1 X68.185 Y80.371 E20.76647
G1 X69.897 Y78.612 E20.88453
G1 X71.791 Y77.052 E21.00255
G1 X73.846 Y75.71 E21.1206
G1 X76.035 Y74.601 E21.23862
G1 X78.334 Y73.741 E21.35668
G1 X80.713 Y73.139 E21.47471
G1 X83.144 Y72.801 E21.59276
G1 X85.597 Y72.734 E21.71078
G1 X87.966 Y72.93 E21.82511
G1 X88.36 Y73 F7800
G1 X88.136 Y74.035
;TYPE:Internal infill
;WIDTH:0.45
G1 F4200
G1 X85.833 Y73.818 E21.93637
G1 X73.707 Y77.067 E22.54016
G1 X72.42 Y77.908 E22.6141
G1 X71.821 Y78.401 E22.65141
G1 E20.65141 F2400
G92 E0
G1 X76.742 Y75.469 F7800
G1 E2 F2400
G1 F4200
G1 X74.664 Y76.484 E2.11123
G1 X79.27 Y81.09 E2.42452
G1 X81.043 Y81.09 E2.5098
G1 X96.211 Y77.025 E3.26507
G1 X95.859 Y76.822 E3.28461
G1 X94.716 Y81.09 E3.49712
G1 X95.63 Y81.09 E3.54108
G1 X88.683 Y74.142 E4.01364
G1 X90.485 Y74.529 E4.10229
G1 X88.727 Y81.09 E4.42898
G1 X87.45 Y81.09 E4.4904
G1 X80.617 Y74.257 E4.95517
G1 X78.425 Y74.839 E5.06425
G1 X76.751 Y81.09 E5.3755
G1 X72.315 Y81.09 E5.58886
G1 X71.815 Y81.197 E5.61345
G1 X71.451 Y81.451 E5.6348
G1 X70.013 Y80.013 E5.73261
G1 X70.616 Y79.393 E5.77421
G1 X71.387 Y78.759 E5.82222
G1 X65.086 Y102.273 E6.99306
G1 X65.448 Y103.233 E7.04241
G1 X71.072 Y101.726 E7.32245
G1 X71.072 Y102.281 E7.34914
G1 X69.225 Y109.176 E7.69246
G1 X68.563 Y108.387 E7.742
G1 X71.077 Y107.713 E7.86718
G1 X71.072 Y105.613 E7.96818
G1 X64.091 Y98.632 E8.44302
G1 X63.966 Y97.642 E8.49101
G1 X71.072 Y95.738 E8.84484
G1 X71.072 Y97.433 E8.92636
G1 X64.259 Y90.619 E9.38981
G1 X64.046 Y91.632 E9.4396
G1 X71.072 Y89.749 E9.78945
G1 X71.072 Y89.253 E9.81331
G1 X66.478 Y84.658 E10.12582
G1 X66.257 Y85.051 E10.14751
G1 X71.072 Y83.761 E10.38726
G1 X71.072 Y86.075 E10.49856
G1 E8.49856 F2400
G92 E0
G1 X85.053 Y81.09 F7800
G1 E2 F2400
G1 F4200
G1 X82.739 Y81.09 E2.1113
G1 X84.687 Y73.82 E2.4733
G1 E.4733 F2400
G92 E0
G1 X98.893 Y103.934 F7800
G1 E2 F2400
G1 F4200
G1 X98.893 Y106.248 E2.1113
G1 X103.672 Y104.968 E2.34926
G1 X103.488 Y105.308 E2.36785
G1 X98.893 Y100.713 E2.6804
G1 X98.893 Y100.26 E2.70219
G1 X105.891 Y98.385 E3.05064
G1 X105.727 Y99.367 E3.09852
G1 X98.893 Y92.533 E3.56336
G1 X98.893 Y94.271 E3.64695
G1 X106.016 Y92.363 E4.00162
G1 X105.838 Y91.298 E4.05355
G1 X98.893 Y84.353 E4.52594
G1 X98.887 Y82.296 E4.62488
G1 X101.416 Y81.619 E4.7508
G1 X100.763 Y80.869 E4.79863
G1 X98.893 Y87.847 E5.14609
G1 X98.893 Y88.283 E5.16706
G1 X104.505 Y86.78 E5.44649
G1 X104.904 Y87.763 E5.49752
G1 X98.613 Y111.241 E6.66657
G1 X99.981 Y109.981 E6.75602
G1 X98.532 Y108.532 E6.85458
G1 X98.338 Y108.699 E6.86689
G1 X97.995 Y108.86 E6.88511
G1 X97.647 Y108.91 E6.90202
G1 X93.249 Y108.91 E7.11355
G1 X91.583 Y115.128 E7.42316
G1 X90.19 Y115.563 E7.49335
G1 X89.364 Y115.725 E7.53383
G1 X82.55 Y108.91 E7.99734
G1 X81.273 Y108.91 E8.05876
G1 X79.517 Y115.465 E8.38515
G1 X81.337 Y115.877 E8.4749
G1 X74.37 Y108.91 E8.94879
G1 X75.284 Y108.91 E8.99275
G1 X74.132 Y113.211 E9.20691
G1 X73.776 Y112.978 E9.22737
G1 X88.957 Y108.91 E9.98328
G1 X90.73 Y108.91 E10.06856
G1 X95.313 Y113.493 E10.38029
G1 E8.38029 F2400
G92 E0
G1 X98.159 Y111.601 F7800
G1 E2 F2400
G1 F4200
G1 X96.273 Y112.939 E2.11122
G1 X84.223 Y116.167 E2.71122
G1 X83.231 Y116.14 E2.75895
G1 X81.922 Y115.959 E2.82251
G1 E.82251 F2400
G92 E0
G1 X87.615 Y116.035 F7800
G1 E2 F2400
G1 F4200
G1 X85.309 Y116.197 E2.11118
G1 X87.261 Y108.91 E2.47402
G1 X84.947 Y108.91 E2.58532
;LAYER_CHANGE
;Z:5.45
;HEIGHT:0.3
G1 E.58532 F2400
G92 E0
G1 Z5.45 F7800
G1 X98.313 Y108.33
G1 E2 F2400
;TYPE:Perimeter
;WIDTH:0.45
G1 F3600
G1 X98.161 Y108.469 E2.00991
G1 X97.912 Y108.582 E2.02306
G1 X97.584 Y108.621 E2.03895
G1 X72.326 Y108.621 E3.25377
G1 X71.929 Y108.536 E3.2733
G1 X71.635 Y108.329 E3.29059
G1 X71.481 Y108.122 E3.303
G1 X71.38 Y107.843 E3.31727
G1 X71.362 Y107.657 E3.32626
G1 X71.362 Y82.343 E4.54378
G1 X71.38 Y82.157 E4.55277
G1 X71.529 Y81.8 E4.57138
G1 X71.761 Y81.561 E4.5874
G1 X71.929 Y81.464 E4.59673
G1 X72.326 Y81.379 E4.61626
G1 X97.64 Y81.379 E5.83378
G1 X97.912 Y81.418 E5.847
G1 X98.293 Y81.634 E5.86806
G1 X98.466 Y81.845 E5.88118
G1 X98.555 Y82.039 E5.89145
G1 X98.604 Y82.343 E5.90626
G1 X98.604 Y107.657 E7.12378
G1 X98.555 Y107.961 E7.13859
G1 X98.4 Y108.251 E7.15441
G1 X98.357 Y108.29 E7.1572
G1 X98.047 Y108.06 F7800
G1 F3600
G1 X98.032 Y108.083 E7.15852
G1 X97.804 Y108.212 E7.17112
G1 X97.584 Y108.236 E7.18176
G1 X72.326 Y108.236 E8.39658
G1 X71.987 Y108.126 E8.41372
G1 X71.819 Y107.936 E8.42592
G1 X71.747 Y107.657 E8.43978
G1 X71.747 Y82.343 E9.6573
G1 X71.819 Y82.064 E9.67116
G1 X71.987 Y81.874 E9.68336
G1 X72.326 Y81.764 E9.7005
G1 X97.64 Y81.764 E10.91802
G1 X97.952 Y81.856 E10.93366
G1 X98.135 Y82.044 E10.94628
G1 X98.219 Y82.343 E10.96122
G1 X98.219 Y107.657 E12.17874
G1 X98.189 Y107.84 E12.18766
G1 X98.079 Y108.009 E12.19736
G1 X97.776 Y107.786 F7800
;TYPE:External perimeter
G1 F1800
G1 X97.771 Y107.799 E12.19803
G1 X97.64 Y107.85 E12.20479
G1 X72.326 Y107.85 E13.42231
G1 X72.188 Y107.792 E13.42951
G1 X72.133 Y107.657 E13.43652
G1 X72.133 Y82.343 E14.65404
G1 X72.195 Y82.201 E14.66149
G1 X72.326 Y82.15 E14.66825
G1 X97.64 Y82.15 E15.88577
G1 X97.792 Y82.224 E15.8939
G1 X97.833 Y82.343 E15.89995
G1 X97.833 Y107.657 E17.11747
G1 X97.801 Y107.731 E17.12135
G1 X97.417 Y107.844 F7800
G1 E15.12135 F2400
G92 E0
G1 X87.962 Y73.707 F7800
G1 E2 F2400
;TYPE:Perimeter
G1 F3600
G1 X90.261 Y74.156 E2.11266
G1 X92.522 Y74.863 E2.2266
G1 X94.692 Y75.815 E2.34057
G1 X96.744 Y76.999 E2.45451
G1 X98.652 Y78.402 E2.56842
G1 X100.395 Y80.007 E2.68238
G1 X101.951 Y81.793 E2.79631
G1 X103.301 Y83.74 E2.91026
G1 X104.429 Y85.823 E3.02419
G1 X105.32 Y88.018 E3.13813
G1 X105.965 Y90.298 E3.25209
G1 X106.355 Y92.635 E3.36605
G1 X106.473 Y94.783 E3.46952
G1 X106.473 Y95.217 E3.49039
G1 X106.355 Y97.365 E3.59386
G1 X105.965 Y99.702 E3.70782
G1 X105.32 Y101.982 E3.82178
G1 X104.429 Y104.177 E3.93572
G1 X103.301 Y106.26 E4.04965
G1 X101.951 Y108.207 E4.1636
G1 X100.395 Y109.993 E4.27753
G1 X98.652 Y111.598 E4.39149
G1 X96.744 Y113.001 E4.5054
G1 X94.692 Y114.185 E4.61934
G1 X92.522 Y115.137 E4.73331
G1 X90.261 Y115.844 E4.84725
G1 X87.936 Y116.298 E4.96119
G1 X85.575 Y116.494 E5.07514
G1 X83.207 Y116.429 E5.18908
G1 X80.861 Y116.103 E5.303
G1 X78.564 Y115.522 E5.41696
G1 X76.346 Y114.691 E5.53088
G1 X74.232 Y113.621 E5.64484
G1 X72.249 Y112.326 E5.75875
G1 X70.42 Y110.82 E5.8727
G1 X68.768 Y109.122 E5.98664
G1 X67.313 Y107.252 E6.1006
G1 X66.072 Y105.234 E6.21454
G1 X65.061 Y103.092 E6.32846
G1 X64.292 Y100.851 E6.44241
G1 X63.774 Y98.539 E6.55637
G1 X63.513 Y96.185 E6.67028
G1 X63.513 Y93.815 E6.78427
G1 X63.774 Y91.461 E6.89818
G1 X64.292 Y89.149 E7.01214
G1 X65.061 Y86.909 E7.12605
G1 X66.072 Y84.766 E7.24002
G1 X67.313 Y82.748 E7.35396
G1 X68.768 Y80.878 E7.46792
G1 X70.42 Y79.18 E7.58186
G1 X72.249 Y77.674 E7.69581
G1 X74.232 Y76.379 E7.80972
G1 X76.346 Y75.309 E7.92368
G1 X78.564 Y74.478 E8.0376
G1 X80.861 Y73.897 E8.15156
G1 X83.207 Y73.571 E8.26548
G1 X85.575 Y73.506 E8.37942
G1 X87.902 Y73.699 E8.49172
G1 X87.994 Y73.32 F7800
G1 F3600
G1 X90.356 Y73.781 E8.60747
G1 X92.658 Y74.501 E8.72348
G1 X94.866 Y75.47 E8.83945
G1 X96.955 Y76.676 E8.95546
G1 X98.898 Y78.104 E9.07144
G1 X100.672 Y79.737 E9.18741
G1 X102.256 Y81.556 E9.30342
G1 X103.63 Y83.538 E9.41941
G1 X104.778 Y85.659 E9.53541
G1 X105.685 Y87.893 E9.65138
G1 X106.342 Y90.213 E9.76735
G1 X106.739 Y92.592 E9.88335
G1 X106.858 Y94.762 E9.98788
G1 X106.858 Y95.238 E10.01077
G1 X106.739 Y97.408 E10.1153
G1 X106.342 Y99.787 E10.2313
G1 X105.685 Y102.107 E10.34727
G1 X104.778 Y104.341 E10.46324
G1 X103.63 Y106.462 E10.57924
G1 X102.256 Y108.444 E10.69523
G1 X100.672 Y110.263 E10.81124
G1 X98.898 Y111.896 E10.92721
G1 X96.955 Y113.324 E11.04319
G1 X94.866 Y114.53 E11.1592
G1 X92.658 Y115.499 E11.27517
G1 X90.356 Y116.219 E11.39118
G1 X87.989 Y116.681 E11.50717
G1 X85.586 Y116.88 E11.62314
G1 X83.175 Y116.814 E11.73914
G1 X80.787 Y116.482 E11.8551
G1 X78.449 Y115.89 E11.9711
G1 X76.19 Y115.045 E12.0871
G1 X74.039 Y113.956 E12.20306
G1 X72.02 Y112.637 E12.31905
G1 X70.158 Y111.104 E12.43505
G1 X68.477 Y109.375 E12.55103
G1 X66.995 Y107.472 E12.66704
G1 X65.733 Y105.418 E12.78299
G1 X64.703 Y103.237 E12.899
G1 X63.92 Y100.956 E13.01499
G1 X63.393 Y98.603 E13.13096
G1 X63.128 Y96.206 E13.24695
G1 X63.128 Y93.794 E13.36296
G1 X63.393 Y91.397 E13.47895
G1 X63.92 Y89.044 E13.59492
G1 X64.703 Y86.763 E13.71091
G1 X65.733 Y84.582 E13.82692
G1 X66.995 Y82.528 E13.94287
G1 X68.477 Y80.625 E14.05888
G1 X70.158 Y78.896 E14.17486
G1 X72.02 Y77.363 E14.29086
G1 X74.039 Y76.044 E14.40685
G1 X76.19 Y74.955 E14.52281
G1 X78.449 Y74.11 E14.63881
G1 X80.787 Y73.518 E14.75481
G1 X83.175 Y73.186 E14.87077
G1 X85.586 Y73.12 E14.98677
G1 X87.934 Y73.314 E15.10009
G1 X88.026 Y72.935 F7800
;TYPE:External perimeter
G1 F1800
G1 X88.042 Y72.936 E15.10086
G1 X90.451 Y73.407 E15.21892
G1 X92.793 Y74.14 E15.33695
G1 X95.041 Y75.125 E15.45499
G1 X97.166 Y76.352 E15.57301
G1 X99.143 Y77.806 E15.69104
G1 X100.949 Y79.468 E15.80909
G1 X102.561 Y81.319 E15.92714
G1 X103.959 Y83.335 E16.04514
G1 X105.127 Y85.494 E16.1632
G1 X106.051 Y87.767 E16.28121
G1 X106.718 Y90.129 E16.39926
G1 X107.122 Y92.55 E16.51731
G1 X107.243 Y94.741 E16.62285
G1 X107.243 Y95.259 E16.64776
G1 X107.122 Y97.45 E16.7533
G1 X106.718 Y99.871 E16.87135
G1 X106.051 Y102.233 E16.9894
G1 X105.127 Y104.506 E17.10741
G1 X103.959 Y106.665 E17.22547
G1 X102.561 Y108.681 E17.34347
G1 X100.949 Y110.532 E17.46152
G1 X99.143 Y112.194 E17.57957
G1 X97.166 Y113.648 E17.6976
G1 X95.041 Y114.875 E17.81562
G1 X92.793 Y115.86 E17.93366
G1 X90.451 Y116.593 E18.05169
G1 X88.042 Y117.064 E18.16975
G1 X85.597 Y117.266 E18.28775
G1 X83.144 Y117.199 E18.40577
G1 X80.713 Y116.861 E18.52382
G1 X78.334 Y116.259 E18.64185
G1 X76.035 Y115.399 E18.75991
G1 X73.846 Y114.29 E18.87793
G1 X71.791 Y112.948 E18.99598
G1 X69.897 Y111.388 E19.114
G1 X68.185 Y109.629 E19.23206
G1 X66.678 Y107.692 E19.3501
G1 X65.393 Y105.602 E19.4681
G1 X64.346 Y103.382 E19.58615
G1 X63.549 Y101.061 E19.70418
G1 X63.012 Y98.666 E19.82223
G1 X62.742 Y96.227 E19.94025
G1 X62.742 Y93.773 E20.05828
G1 X63.012 Y91.334 E20.1763
G1 X63.549 Y88.939 E20.29435
G1 X64.346 Y86.618 E20.41238
G1 X65.393 Y84.398 E20.53043
G1 X66.678 Y82.308 E20.64843
G1 X68.185 Y80.371 E20.76647
G1 X69.897 Y78.612 E20.88453
G1 X71.791 Y77.052 E21.00255
G1 X73.846 Y75.71 E21.1206
G1 X76.035 Y74.601 E21.23862
G1 X78.334 Y73.741 E21.35668
G1 X80.713 Y73.139 E21.47471
G1 X83.144 Y72.801 E21.59276
G1 X85.597 Y72.734 E21.71078
G1 X87.966 Y72.93 E21.82511
G1 X88.36 Y73 F7800
G1 X88.136 Y74.035
;TYPE:Internal infill
;WIDTH:0.45
G1 F4200
G1 X85.833 Y73.818 E21.93637
G1 X73.707 Y77.067 E22.54016
G1 X72.42 Y77.908 E22.6141
G1 X71.821 Y78.401 E22.65141
G1 E20.65141 F2400
G92 E0
G1 X76.742 Y75.469 F7800
G1 E2 F2400
G1 F4200
G1 X74.664 Y76.484 E2.11123
G1 X79.27 Y81.09 E2.42452
G1 X81.043 Y81.09 E2.5098
G1 X96.211 Y77.025 E3.26507
G1 X95.859 Y76.822 E3.28461
G1 X94.716 Y81.09 E3.49712
G1 X95.63 Y81.09 E3.54108
G1 X88.683 Y74.142 E4.01364
G1 X90.485 Y74.529 E4.10229
G1 X88.727 Y81.09 E4.42898
G1 X87.45 Y81.09 E4.4904
G1 X80.617 Y74.257 E4.95517
G1 X78.425 Y74.839 E5.06425
G1 X76.751 Y81.09 E5.3755
G1 X72.315 Y81.09 E5.58886
G1 X71.815 Y81.197 E5.61345
G1 X71.451 Y81.451 E5.6348
G1 X70.013 Y80.013 E5.73261
G1 X70.616 Y79.393 E5.77421
G1 X71.387 Y78.759 E5.82222
G1 X65.086 Y102.273 E6.99306
G1 X65.448 Y103.233 E7.04241
G1 X71.072 Y101.726 E7.32245
G1 X71.072 Y102.281 E7.34914
G1 X69.225 Y109.176 E7.69246
G1 X68.563 Y108.387 E7.742
G1 X71.077 Y107.713 E7.86718
G1 X71.072 Y105.613 E7.96818
G1 X64.091 Y98.632 E8.44302
G1 X63.966 Y97.642 E8.49101
G1 X71.072 Y95.738 E8.84484
G1 X71.072 Y97.433 E8.92636
G1 X64.259 Y90.619 E9.38981
G1 X64.046 Y91.632 E9.4396
G1 X71.072 Y89.749 E9.78945
G1 X71.072 Y89.253 E9.81331
G1 X66.478 Y84.658 E10.12582
G1 X66.257 Y85.051 E10.14751
G1 X71.072 Y83.761 E10.38726
G1 X71.072 Y86.075 E10.49856
G1 E8.49856 F2400
G92 E0
G1 X85.053 Y81.09 F7800
G1 E2 F2400
G1 F4200
G1 X82.739 Y81.09 E2.1113
G1 X84.687 Y73.82 E2.4733
G1 E.4733 F2400
G92 E0
G1 X98.893 Y103.934 F7800
G1 E2 F2400
G1 F4200
G1 X98.893 Y106.248 E2.1113
G1 X103.672 Y104.968 E2.34926
G1 X103.488 Y105.308 E2.36785
G1 X98.893 Y100.713 E2.6804
G1 X98.893 Y100.26 E2.70219
G1 X105.891 Y98.385 E3.05064
G1 X105.727 Y99.367 E3.09852
G1 X98.893 Y92.533 E3.56336
G1 X98.893 Y94.271 E3.64695
G1 X106.016 Y92.363 E4.00162
G1 X105.838 Y91.298 E4.05355
G1 X98.893 Y84.353 E4.52594
G1 X98.887 Y82.296 E4.62488
G1 X101.416 Y81.619 E4.7508
G1 X100.763 Y80.869 E4.79863
G1 X98.893 Y87.847 E5.14609
G1 X98.893 Y88.283 E5.16706
G1 X104.505 Y86.78 E5.44649
G1 X104.904 Y87.763 E5.49752
G1 X98.613 Y111.241 E6.66657
G1 X99.981 Y109.981 E6.75602
G1 X98.532 Y108.532 E6.85458
G1 X98.338 Y108.699 E6.86689
G1 X97.995 Y108.86 E6.88511
G1 X97.647 Y108.91 E6.90202
G1 X93.249 Y108.91 E7.11355
G1 X91.583 Y115.128 E7.42316
G1 X90.19 Y115.563 E7.49335
G1 X89.364 Y115.725 E7.53383
G1 X82.55 Y108.91 E7.99734
G1 X81.273 Y108.91 E8.05876
G1 X79.517 Y115.465 E8.38515
G1 X81.337 Y115.877 E8.4749
G1 X74.37 Y108.91 E8.94879
G1 X75.284 Y108.91 E8.99275
G1 X74.132 Y113.211 E9.20691
G1 X73.776 Y112.978 E9.22737
G1 X88.957 Y108.91 E9.98328
G1 X90.73 Y108.91 E10.06856
G1 X95.313 Y113.493 E10.38029
G1 E8.38029 F2400
G92 E0
G1 X98.159 Y111.601 F7800
G1 E2 F2400
G1 F4200
G1 X96.273 Y112.939 E2.11122
G1 X84.223 Y116.167 E2.71122
G1 X83.231 Y116.14 E2.75895
G1 X81.922 Y115.959 E2.82251
G1 E.82251 F2400
G92 E0
G1 X87.615 Y116.035 F7800
G1 E2 F2400
G1 F4200
G1 X85.309 Y116.197 E2.11118
G1 X87.261 Y108.91 E2.47402
G1 X84.947 Y108.91 E2.58532
;LAYER_CHANGE
;Z:5.75
;HEIGHT:0.3
G1 E.58532 F2400
G92 E0
G1 Z5.75 F7800
G1 X98.313 Y108.33
G1 E2 F2400
;TYPE:Perimeter
;WIDTH:0.45
G1 F3600
G1 X98.161 Y108.469 E2.00991
G1 X97.912 Y108.582 E2.02306
G1 X97.584 Y108.621 E2.03895
G1 X72.326 Y108.621 E3.25377
G1 X71.929 Y108.536 E3.2733
G1 X71.635 Y108.329 E3.29059
G1 X71.481 Y108.122 E3.303
G1 X71.38 Y107.843 E3.31727
G1 X71.362 Y107.657 E3.32626
G1 X71.362 Y82.343 E4.54378
G1 X71.38 Y82.157 E4.55277
G1 X71.529 Y81.8 E4.57138
G1 X71.761 Y81.561 E4.5874
G1 X71.929 Y81.464 E4.59673
G1 X72.326 Y81.379 E4.61626
G1 X97.64 Y81.379 E5.83378
G1 X97.912 Y81.418 E5.847
G1 X98.293 Y81.634 E5.86806
G1 X98.466 Y81.845 E5.88118
G1 X98.555 Y82.039 E5.89145
G1 X98.604 Y82.343 E5.90626
G1 X98.604 Y107.657 E7.12378
G1 X98.555 Y107.961 E7.13859
G1 X98.4 Y108.251 E7.15441
G1 X98.357 Y108.29 E7.1572
G1 X98.047 Y108.06 F7800
G1 F3600
G1 X98.032 Y108.083 E7.15852
G1 X97.804 Y108.212 E7.17112
G1 X97.584 Y108.236 E7.18176
G1 X72.326 Y108.236 E8.39658
G1 X71.987 Y108.126 E8.41372
G1 X71.819 Y107.936 E8.42592
G1 X71.747 Y107.657 E8.43978
G1 X71.747 Y82.343 E9.6573
G1 X71.819 Y82.064 E9.67116
G1 X71.987 Y81.874 E9.68336
G1 X72.326 Y81.764 E9.7005
G1 X97.64 Y81.764 E10.91802
G1 X97.952 Y81.856 E10.93366
G1 X98.135 Y82.044 E10.94628
G1 X98.219 Y82.343 E10.96122
G1 X98.219 Y107.657 E12.17874
G1 X98.189 Y107.84 E12.18766
G1 X98.079 Y108.009 E12.19736
G1 X97.776 Y107.786 F7800
;TYPE:External perimeter
G1 F1800
G1 X97.771 Y107.799 E12.19803
G1 X97.64 Y107.85 E12.20479
G1 X72.326 Y107.85 E13.42231
G1 X72.188 Y107.792 E13.42951
G1 X72.133 Y107.657 E13.43652
G1 X72.133 Y82.343 E14.65404
G1 X72.195 Y82.201 E14.66149
G1 X72.326 Y82.15 E14.66825
G1 X97.64 Y82.15 E15.88577
G1 X97.792 Y82.224 E15.8939
G1 X97.833 Y82.343 E15.89995
G1 X97.833 Y107.657 E17.11747
G1 X97.801 Y107.731 E17.12135
G1 X97.417 Y107.844 F7800
G1 E15.12135 F2400
G92 E0
G1 X87.962 Y73.707 F7800
G1 E2 F2400
;TYPE:Perimeter
G1 F3600
G1 X90.261 Y74.156 E2.11266
G1 X92.522 Y74.863 E2.2266
G1 X94.692 Y75.815 E2.34057
G1 X96.744 Y76.999 E2.45451
G1 X98.652 Y78.402 E2.56842
G1 X100.395 Y80.007 E2.68238
G1 X101.951 Y81.793 E2.79631
G1 X103.301 Y83.74 E2.91026
G1 X104.429 Y85.823 E3.02419
G1 X105.32 Y88.018 E3.13813
G1 X105.965 Y90.298 E3.25209
G1 X106.355 Y92.635 E3.36605
G1 X106.473 Y94.783 E3.46952
G1 X106.473 Y95.217 E3.49039
G1 X106.355 Y97.365 E3.59386
G1 X105.965 Y99.702 E3.70782
G1 X105.32 Y101.982 E3.82178
G1 X104.429 Y104.177 E3.93572
G1 X103.301 Y106.26 E4.04965
G1 X101.951 Y108.207 E4.1636
G1 X100.395 Y109.993 E4.27753
G1 X98.652 Y111.598 E4.39149
G1 X96.744 Y113.001 E4.5054
G1 X94.692 Y114.185 E4.61934
G1 X92.522 Y115.137 E4.73331
G1 X90.261 Y115.844 E4.84725
G1 X87.936 Y116.298 E4.96119
G1 X85.575 Y116.494 E5.07514
G1 X83.207 Y116.429 E5.18908
G1 X80.861 Y116.103 E5.303
G1 X78.564 Y115.522 E5.41696
G1 X76.346 Y114.691 E5.53088
G1 X74.232 Y113.621 E5.64484
G1 X72.249 Y112.326 E5.75875
G1 X70.42 Y110.82 E5.8727
G1 X68.768 Y109.122 E5.98664
G1 X67.313 Y107.252 E6.1006
G1 X66.072 Y105.234 E6.21454
G1 X65.061 Y103.092 E6.32846
G1 X64.292 Y100.851 E6.44241
G1 X63.774 Y98.539 E6.55637
G1 X63.513 Y96.185 E6.67028
G1 X63.513 Y93.815 E6.78427
G1 X63.774 Y91.461 E6.89818
G1 X64.292 Y89.149 E7.01214
G1 X65.061 Y86.909 E7.12605
G1 X66.072 Y84.766 E7.24002
G1 X67.313 Y82.748 E7.35396
G1 X68.768 Y80.878 E7.46792
G1 X70.42 Y79.18 E7.58186
G1 X72.249 Y77.674 E7.69581
G1 X74.232 Y76.379 E7.80972
G1 X76.346 Y75.309 E7.92368
G1 X78.564 Y74.478 E8.0376
G1 X80.861 Y73.897 E8.15156
G1 X83.207 Y73.571 E8.26548
G1 X85.575 Y73.506 E8.37942
G1 X87.902 Y73.699 E8.49172
G1 X87.994 Y73.32 F7800
G1 F3600
G1 X90.356 Y73.781 E8.60747
G1 X92.658 Y74.501 E8.72348
G1 X94.866 Y75.47 E8.83945
G1 X96.955 Y76.676 E8.95546
G1 X98.898 Y78.104 E9.07144
G1 X100.672 Y79.737 E9.18741
G1 X102.256 Y81.556 E9.30342
G1 X103.63 Y83.538 E9.41941
G1 X104.778 Y85.659 E9.53541
G1 X105.685 Y87.893 E9.65138
G1 X106.342 Y90.213 E9.76735
G1 X106.739 Y92.592 E9.88335
G1 X106.858 Y94.762 E9.98788
G1 X106.858 Y95.238 E10.01077
G1 X106.739 Y97.408 E10.1153
G1 X106.342 Y99.787 E10.2313
G1 X105.685 Y102.107 E10.34727
G1 X104.778 Y104.341 E10.46324
G1 X103.63 Y106.462 E10.57924
G1 X102.256 Y108.444 E10.69523
G1 X100.672 Y110.263 E10.81124
G1 X98.898 Y111.896 E10.92721
G1 X96.955 Y113.324 E11.04319
G1 X94.866 Y114.53 E11.1592
G1 X92.658 Y115.499 E11.27517
G1 X90.356 Y116.219 E11.39118
G1 X87.989 Y116.681 E11.50717
G1 X85.586 Y116.88 E11.62314
G1 X83.175 Y116.814 E11.73914
G1 X80.787 Y116.482 E11.8551
G1 X78.449 Y115.89 E11.9711
G1 X76.19 Y115.045 E12.0871
G1 X74.039 Y113.956 E12.20306
G1 X72.02 Y112.637 E12.31905
G1 X70.158 Y111.104 E12.43505
G1 X68.477 Y109.375 E12.55103
G1 X66.995 Y107.472 E12.66704
G1 X65.733 Y105.418 E12.78299
G1 X64.703 Y103.237 E12.899
G1 X63.92 Y100.956 E13.01499
G1 X63.393 Y98.603 E13.13096
G1 X63.128 Y96.206 E13.24695
G1 X63.128 Y93.794 E13.36296
G1 X63.393 Y91.397 E13.47895
G1 X63.92 Y89.044 E13.59492
G1 X64.703 Y86.763 E13.71091
G1 X65.733 Y84.582 E13.82692
G1 X66.995 Y82.528 E13.94287
G1 X68.477 Y80.625 E14.05888
G1 X70.158 Y78.896 E14.17486
G1 X72.02 Y77.363 E14.29086
G1 X74.039 Y76.044 E14.40685
G1 X76.19 Y74.955 E14.52281
G1 X78.449 Y74.11 E14.63881
G1 X80.787 Y73.518 E14.75481
G1 X83.175 Y73.186 E14.87077
G1 X85.586 Y73.12 E14.98677
G1 X87.934 Y73.314 E15.10009
G1 X88.026 Y72.935 F7800
;TYPE:External perimeter
G1 F1800
G1 X88.042 Y72.936 E15.10086
G1 X90.451 Y73.407 E15.21892
G1 X92.793 Y74.14 E15.33695
G1 X95.041 Y75.125 E15.45499
G1 X97.166 Y76.352 E15.57301
G1 X99.143 Y77.806 E15.69104
G1 X100.949 Y79.468 E15.80909
G1 X102.561 Y81.319 E15.92714
G1 X103.959 Y83.335 E16.04514
G1 X105.127 Y85.494 E16.1632
G1 X106.051 Y87.767 E16.28121
G1 X106.718 Y90.129 E16.39926
G1 X107.122 Y92.55 E16.51731
G1 X107.243 Y94.741 E16.62285
G1 X107.243 Y95.259 E16.64776
G1 X107.122 Y97.45 E16.7533
G1 X106.718 Y99.871 E16.87135
G1 X106.051 Y102.233 E16.9894
G1 X105.127 Y104.506 E17.10741
G1 X103.959 Y106.665 E17.22547
G1 X102.561 Y108.681 E17.34347
G1 X100.949 Y110.532 E17.46152
G1 X99.143 Y112.194 E17.57957
G1 X97.166 Y113.648 E17.6976
G1 X95.041 Y114.875 E17.81562
G1 X92.793 Y115.86 E17.93366
G1 X90.451 Y116.593 E18.05169
G1 X88.042 Y117.064 E18.16975
G1 X85.597 Y117.266 E18.28775
G1 X83.144 Y117.199 E18.40577
G1 X80.713 Y116.861 E18.52382
G1 X78.334 Y116.259 E18.64185
G1 X76.035 Y115.399 E18.75991
G1 X73.846 Y114.29 E18.87793
G1 X71.791 Y112.948 E18.99598
G1 X69.897 Y111.388 E19.114
G1 X68.185 Y109.629 E19.23206
G1 X66.678 Y107.692 E19.3501
G1 X65.393 Y105.602 E19.4681
G1 X64.346 Y103.382 E19.58615
G1 X63.549 Y101.061 E19.70418
G1 X63.012 Y98.666 E19.82223
G1 X62.742 Y96.227 E19.94025
G1 X62.742 Y93.773 E20.05828
G1 X63.012 Y91.334 E20.1763
G1 X63.549 Y88.939 E20.29435
G1 X64.346 Y86.618 E20.41238
G1 X65.393 Y84.398 E20.53043
G1 X66.678 Y82.308 E20.64843
G1 X68.185 Y80.371 E20.76647
G1 X69.897 Y78.612 E20.88453
G1 X71.791 Y77.052 E21.00255
G1 X73.846 Y75.71 E21.1206
G1 X76.035 Y74.601 E21.23862
G1 X78.334 Y73.741 E21.35668
G1 X80.713 Y73.139 E21.47471
G1 X83.144 Y72.801 E21.59276
G1 X85.597 Y72.734 E21.71078
G1 X87.966 Y72.93 E21.82511
G1 X88.36 Y73 F7800
G1 X88.136 Y74.035
;TYPE:Internal infill
;WIDTH:0.45
G1 F4200
G1 X85.833 Y73.818 E21.93637
G1 X73.707 Y77.067 E22.54016
G1 X72.42 Y77.908 E22.6141
G1 X71.821 Y78.401 E22.65141
G1 E20.65141 F2400
G92 E0
G1 X76.742 Y75.469 F7800
G1 E2 F2400
G1 F4200
G1 X74.664 Y76.484 E2.11123
G1 X79.27 Y81.09 E2.42452
G1 X81.043 Y81.09 E2.5098
G1 X96.211 Y77.025 E3.26507
G1 X95.859 Y76.822 E3.28461
G1 X94.716 Y81.09 E3.49712
G1 X95.63 Y81.09 E3.54108
G1 X88.683 Y74.142 E4.01364
G1 X90.485 Y74.529 E4.10229
G1 X88.727 Y81.09 E4.42898
G1 X87.45 Y81.09 E4.4904
G1 X80.617 Y74.257 E4.95517
G1 X78.425 Y74.839 E5.06425
G1 X76.751 Y81.09 E5.3755
G1 X72.315 Y81.09 E5.58886
G1 X71.815 Y81.197 E5.61345
G1 X71.451 Y81.451 E5.6348
G1 X70.013 Y80.013 E5.73261
G1 X70.616 Y79.393 E5.77421
G1 X71.387 Y78.759 E5.82222
G1 X65.086 Y102.273 E6.99306
G1 X65.448 Y103.233 E7.04241
G1 X71.072 Y101.726 E7.32245
G1 X71.072 Y102.281 E7.34914
G1 X69.225 Y109.176 E7.69246
G1 X68.563 Y108.387 E7.742
G1 X71.077 Y107.713 E7.86718
G1 X71.072 Y105.613 E7.96818
G1 X64.091 Y98.632 E8.44302
G1 X63.966 Y97.642 E8.49101
G1 X71.072 Y95.738 E8.84484
G1 X71.072 Y97.433 E8.92636
G1 X64.259 Y90.619 E9.38981
G1 X64.046 Y91.632 E9.4396
G1 X71.072 Y89.749 E9.78945
G1 X71.072 Y89.253 E9.81331
G1 X66.478 Y84.658 E10.12582
G1 X66.257 Y85.051 E10.14751
G1 X71.072 Y83.761 E10.38726
G1 X71.072 Y86.075 E10.49856
G1 E8.49856 F2400
G92 E0
G1 X85.053 Y81.09 F7800
G1 E2 F2400
G1 F4200
G1 X82.739 Y81.09 E2.1113
G1 X84.687 Y73.82 E2.4733
G1 E.4733 F2400
G92 E0
G1 X98.893 Y103.934 F7800
G1 E2 F2400
G1 F4200
G1 X98.893 Y106.248 E2.1113
G1 X103.672 Y104.968 E2.34926
G1 X103.488 Y105.308 E2.36785
G1 X98.893 Y100.713 E2.6804
G1 X98.893 Y100.26 E2.70219
G1 X105.891 Y98.385 E3.05064
G1 X105.727 Y99.367 E3.09852
G1 X98.893 Y92.533 E3.56336
G1 X98.893 Y94.271 E3.64695
G1 X106.016 Y92.363 E4.00162
G1 X105.838 Y91.298 E4.05355
G1 X98.893 Y84.353 E4.52594
G1 X98.887 Y82.296 E4.62488
G1 X101.416 Y81.619 E4.7508
G1 X100.763 Y80.869 E4.79863
G1 X98.893 Y87.847 E5.14609
G1 X98.893 Y88.283 E5.16706
G1 X104.505 Y86.78 E5.44649
G1 X104.904 Y87.763 E5.49752
G1 X98.613 Y111.241 E6.66657
G1 X99.981 Y109.981 E6.75602
G1 X98.532 Y108.532 E6.85458
G1 X98.338 Y108.699 E6.86689
G1 X97.995 Y108.86 E6.88511
G1 X97.647 Y108.91 E6.90202
G1 X93.249 Y108.91 E7.11355
G1 X91.583 Y115.128 E7.42316
G1 X90.19 Y115.563 E7.49335
G1 X89.364 Y115.725 E7.53383
G1 X82.55 Y108.91 E7.99734
G1 X81.273 Y108.91 E8.05876
G1 X79.517 Y115.465 E8.38515
G1 X81.337 Y115.877 E8.4749
G1 X74.37 Y108.91 E8.94879
G1 X75.284 Y108.91 E8.99275
G1 X74.132 Y113.211 E9.20691
G1 X73.776 Y112.978 E9.22737
G1 X88.957 Y108.91 E9.98328
G1 X90.73 Y108.91 E10.06856
G1 X95.313 Y113.493 E10.38029
G1 E8.38029 F2400
G92 E0
G1 X98.159 Y111.601 F7800
G1 E2 F2400
G1 F4200
G1 X96.273 Y112.939 E2.11122
G1 X84.223 Y116.167 E2.71122
G1 X83.231 Y116.14 E2.75895
G1 X81.922 Y115.959 E2.82251
G1 E.82251 F2400
G92 E0
G1 X87.615 Y116.035 F7800
G1 E2 F2400
G1 F4200
G1 X85.309 Y116.197 E2.11118
G1 X87.261 Y108.91 E2.47402
G1 X84.947 Y108.91 E2.58532
;LAYER_CHANGE
;Z:6.05
;HEIGHT:0.3
G1 E.58532 F2400
G92 E0
G1 Z6.05 F7800
G1 X98.313 Y108.33
G1 E2 F2400
;TYPE:Perimeter
;WIDTH:0.45
G1 F3600
G1 X98.161 Y108.469 E2.00991
G1 X97.912 Y108.582 E2.02306
G1 X97.584 Y108.621 E2.03895
G1 X72.326 Y108.621 E3.25377
G1 X71.929 Y108.536 E3.2733
G1 X71.635 Y108.329 E3.29059
G1 X71.481 Y108.122 E3.303
G1 X71.38 Y107.843 E3.31727
G1 X71.362 Y107.657 E3.32626
G1 X71.362 Y82.343 E4.54378
G1 X71.38 Y82.157 E4.55277
G1 X71.529 Y81.8 E4.57138
G1 X71.761 Y81.561 E4.5874
G1 X71.929 Y81.464 E4.59673
G1 X72.326 Y81.379 E4.61626
G1 X97.64 Y81.379 E5.83378
G1 X97.912 Y81.418 E5.847
G1 X98.293 Y81.634 E5.86806
G1 X98.466 Y81.845 E5.88118
G1 X98.555 Y82.039 E5.89145
G1 X98.604 Y82.343 E5.90626
G1 X98.604 Y107.657 E7.12378
G1 X98.555 Y107.961 E7.13859
G1 X98.4 Y108.251 E7.15441
G1 X98.357 Y108.29 E7.1572
G1 X98.047 Y108.06 F7800
G1 F3600
G1 X98.032 Y108.083 E7.15852
G1 X97.804 Y108.212 E7.17112
G1 X97.584 Y108.236 E7.18176
G1 X72.326 Y108.236 E8.39658
G1 X71.987 Y108.126 E8.41372
G1 X71.819 Y107.936 E8.42592
G1 X71.747 Y107.657 E8.43978
G1 X71.747 Y82.343 E9.6573
G1 X71.819 Y82.064 E9.67116
G1 X71.987 Y81.874 E9.68336
G1 X72.326 Y81.764 E9.7005
G1 X97.64 Y81.764 E10.91802
G1 X97.952 Y81.856 E10.93366
G1 X98.135 Y82.044 E10.94628
G1 X98.219 Y82.343 E10.96122
G1 X98.219 Y107.657 E12.17874
G1 X98.189 Y107.84 E12.18766
G1 X98.079 Y108.009 E12.19736
G1 X97.776 Y107.786 F7800
;TYPE:External perimeter
G1 F1800
G1 X97.771 Y107.799 E12.19803
G1 X97.64 Y107.85 E12.20479
G1 X72.326 Y107.85 E13.42231
G1 X72.188 Y107.792 E13.42951
G1 X72.133 Y107.657 E13.43652
G1 X72.133 Y82.343 E14.65404
G1 X72.195 Y82.201 E14.66149
G1 X72.326 Y82.15 E14.66825
G1 X97.64 Y82.15 E15.88577
G1 X97.792 Y82.224 E15.8939
G1 X97.833 Y82.343 E15.89995
G1 X97.833 Y107.657 E17.11747
G1 X97.801 Y107.731 E17.12135
G1 X97.417 Y107.844 F7800
G1 E15.12135 F2400
G92 E0
G1 X87.962 Y73.707 F7800
G1 E2 F2400
;TYPE:Perimeter
G1 F3600
G1 X90.261 Y74.156 E2.11266
G1 X92.522 Y74.863 E2.2266
G1 X94.692 Y75.815 E2.34057
G1 X96.744 Y76.999 E2.45451
G1 X98.652 Y78.402 E2.56842
G1 X100.395 Y80.007 E2.68238
G1 X101.951 Y81.793 E2.79631
G1 X103.301 Y83.74 E2.91026
G1 X104.429 Y85.823 E3.02419
G1 X105.32 Y88.018 E3.13813
G1 X105.965 Y90.298 E3.25209
G1 X106.355 Y92.635 E3.36605
G1 X106.473 Y94.783 E3.46952
G1 X106.473 Y95.217 E3.49039
G1 X106.355 Y97.365 E3.59386
G1 X105.965 Y99.702 E3.70782
G1 X105.32 Y101.982 E3.82178
G1 X104.429 Y104.177 E3.93572
G1 X103.301 Y106.26 E4.04965
G1 X101.951 Y108.207 E4.1636
G1 X100.395 Y109.993 E4.27753
G1 X98.652 Y111.598 E4.39149
G1 X96.744 Y113.001 E4.5054
G1 X94.692 Y114.185 E4.61934
G1 X92.522 Y115.137 E4.73331
G1 X90.261 Y115.844 E4.84725
G1 X87.936 Y116.298 E4.96119
G1 X85.575 Y116.494 E5.07514
G1 X83.207 Y116.429 E5.18908
G1 X80.861 Y116.103 E5.303
G1 X78.564 Y115.522 E5.41696
G1 X76.346 Y114.691 E5.53088
G1 X74.232 Y113.621 E5.64484
G1 X72.249 Y112.326 E5.75875
G1 X70.42 Y110.82 E5.8727
G1 X68.768 Y109.122 E5.98664
G1 X67.313 Y107.252 E6.1006
G1 X66.072 Y105.234 E6.21454
G1 X65.061 Y103.091 E6.32851
G1 X64.292 Y100.851 E6.44242
G1 X63.774 Y98.539 E6.55638
G1 X63.513 Y96.185 E6.67029
G1 X63.513 Y93.815 E6.78428
G1 X63.774 Y91.461 E6.89819
G1 X64.292 Y89.149 E7.01215
G1 X65.061 Y86.909 E7.12606
G1 X66.072 Y84.766 E7.24003
G1 X67.313 Y82.748 E7.35397
G1 X68.768 Y80.878 E7.46793
G1 X70.42 Y79.18 E7.58187
G1 X72.249 Y77.674 E7.69582
G1 X74.232 Y76.379 E7.80973
G1 X76.346 Y75.309 E7.92369
G1 X78.564 Y74.478 E8.03761
G1 X80.861 Y73.897 E8.15157
G1 X83.207 Y73.571 E8.26549
G1 X85.575 Y73.506 E8.37943
G1 X87.902 Y73.699 E8.49173
G1 X87.994 Y73.32 F7800
G1 F3600
G1 X90.356 Y73.781 E8.60748
G1 X92.658 Y74.501 E8.72349
G1 X94.866 Y75.47 E8.83946
G1 X96.955 Y76.676 E8.95547
G1 X98.898 Y78.104 E9.07145
G1 X100.672 Y79.737 E9.18742
G1 X102.256 Y81.556 E9.30343
G1 X103.63 Y83.538 E9.41942
G1 X104.778 Y85.659 E9.53542
G1 X105.685 Y87.893 E9.65139
G1 X106.342 Y90.213 E9.76736
G1 X106.739 Y92.592 E9.88336
G1 X106.858 Y94.762 E9.98789
G1 X106.858 Y95.238 E10.01078
G1 X106.739 Y97.408 E10.11531
G1 X106.342 Y99.787 E10.23131
G1 X105.685 Y102.107 E10.34728
G1 X104.778 Y104.341 E10.46325
G1 X103.63 Y106.462 E10.57925
G1 X102.256 Y108.444 E10.69524
G1 X100.672 Y110.263 E10.81125
G1 X98.898 Y111.896 E10.92722
G1 X96.955 Y113.324 E11.0432
G1 X94.866 Y114.53 E11.15921
G1 X92.658 Y115.499 E11.27518
G1 X90.356 Y116.219 E11.39119
G1 X87.989 Y116.681 E11.50718
G1 X85.586 Y116.88 E11.62315
G1 X83.175 Y116.814 E11.73915
G1 X80.787 Y116.482 E11.85511
G1 X78.449 Y115.89 E11.97111
G1 X76.19 Y115.045 E12.08711
G1 X74.039 Y113.956 E12.20307
G1 X72.02 Y112.637 E12.31906
G1 X70.158 Y111.104 E12.43506
G1 X68.477 Y109.375 E12.55104
G1 X66.995 Y107.472 E12.66705
G1 X65.733 Y105.418 E12.783
G1 X64.703 Y103.237 E12.89901
G1 X63.92 Y100.956 E13.015
G1 X63.393 Y98.603 E13.13097
G1 X63.128 Y96.206 E13.24696
G1 X63.128 Y93.794 E13.36297
G1 X63.393 Y91.397 E13.47896
G1 X63.92 Y89.044 E13.59493
G1 X64.703 Y86.763 E13.71092
G1 X65.733 Y84.582 E13.82693
G1 X66.995 Y82.528 E13.94288
G1 X68.477 Y80.625 E14.05889
G1 X70.158 Y78.896 E14.17487
G1 X72.02 Y77.363 E14.29087
G1 X74.039 Y76.044 E14.40686
G1 X76.19 Y74.955 E14.52282
G1 X78.449 Y74.11 E14.63882
G1 X80.787 Y73.518 E14.75482
G1 X83.175 Y73.186 E14.87078
G1 X85.586 Y73.12 E14.98678
G1 X87.934 Y73.314 E15.1001
G1 X88.026 Y72.935 F7800
;TYPE:External perimeter
G1 F1800
G1 X88.042 Y72.936 E15.10087
G1 X90.451 Y73.407 E15.21893
G1 X92.793 Y74.14 E15.33696
G1 X95.041 Y75.125 E15.455
G1 X97.166 Y76.352 E15.57302
G1 X99.143 Y77.806 E15.69105
G1 X100.949 Y79.468 E15.8091
G1 X102.561 Y81.319 E15.92715
G1 X103.959 Y83.335 E16.04515
G1 X105.127 Y85.494 E16.16321
G1 X106.051 Y87.767 E16.28122
G1 X106.718 Y90.129 E16.39927
G1 X107.122 Y92.55 E16.51732
G1 X107.243 Y94.741 E16.62286
G1 X107.243 Y95.259 E16.64777
G1 X107.122 Y97.45 E16.75331
G1 X106.718 Y99.871 E16.87136
G1 X106.051 Y102.233 E16.98941
G1 X105.127 Y104.506 E17.10742
G1 X103.959 Y106.665 E17.22548
G1 X102.561 Y108.681 E17.34348
G1 X100.949 Y110.532 E17.46153
G1 X99.143 Y112.194 E17.57958
G1 X97.166 Y113.648 E17.69761
G1 X95.041 Y114.875 E17.81563
G1 X92.793 Y115.86 E17.93367
G1 X90.451 Y116.593 E18.0517
G1 X88.042 Y117.064 E18.16976
G1 X85.597 Y117.266 E18.28776
G1 X83.144 Y117.199 E18.40578
G1 X80.713 Y116.861 E18.52383
G1 X78.334 Y116.259 E18.64186
G1 X76.035 Y115.399 E18.75992
G1 X73.846 Y114.29 E18.87794
G1 X71.791 Y112.948 E18.99599
G1 X69.897 Y111.388 E19.11401
G1 X68.185 Y109.629 E19.23207
G1 X66.678 Y107.692 E19.35011
G1 X65.393 Y105.602 E19.46811
G1 X64.346 Y103.382 E19.58616
G1 X63.549 Y101.061 E19.70419
G1 X63.012 Y98.666 E19.82224
G1 X62.742 Y96.227 E19.94026
G1 X62.742 Y93.773 E20.05829
G1 X63.012 Y91.334 E20.17631
G1 X63.549 Y88.939 E20.29436
G1 X64.346 Y86.618 E20.41239
G1 X65.393 Y84.398 E20.53044
G1 X66.678 Y82.308 E20.64844
G1 X68.185 Y80.371 E20.76648
G1 X69.897 Y78.612 E20.88454
G1 X71.791 Y77.052 E21.00256
G1 X73.846 Y75.71 E21.12061
G1 X76.035 Y74.601 E21.23863
G1 X78.334 Y73.741 E21.35669
G1 X80.713 Y73.139 E21.47472
G1 X83.144 Y72.801 E21.59277
G1 X85.597 Y72.734 E21.71079
G1 X87.966 Y72.93 E21.82512
G1 X88.36 Y73 F7800
G1 X88.136 Y74.035
;TYPE:Internal infill
;WIDTH:0.45
G1 F4200
G1 X85.833 Y73.818 E21.93638
G1 X73.707 Y77.067 E22.54017
G1 X72.42 Y77.908 E22.61411
G1 X71.821 Y78.401 E22.65142
G1 E20.65142 F2400
G92 E0
G1 X76.742 Y75.469 F7800
G1 E2 F2400
G1 F4200
G1 X74.664 Y76.484 E2.11123
G1 X79.27 Y81.09 E2.42452
G1 X81.043 Y81.09 E2.5098
G1 X96.211 Y77.025 E3.26507
G1 X95.859 Y76.822 E3.28461
G1 X94.716 Y81.09 E3.49712
G1 X95.63 Y81.09 E3.54108
G1 X88.683 Y74.142 E4.01364
G1 X90.485 Y74.529 E4.10229
G1 X88.727 Y81.09 E4.42898
G1 X87.45 Y81.09 E4.4904
G1 X80.617 Y74.257 E4.95517
G1 X78.425 Y74.839 E5.06425
G1 X76.751 Y81.09 E5.3755
G1 X72.315 Y81.09 E5.58886
G1 X71.815 Y81.197 E5.61345
G1 X71.451 Y81.451 E5.6348
G1 X70.013 Y80.013 E5.73261
G1 X70.616 Y79.393 E5.77421
G1 X71.387 Y78.759 E5.82222
G1 X65.086 Y102.273 E6.99306
G1 X65.448 Y103.233 E7.04241
G1 X71.072 Y101.726 E7.32245
G1 X71.072 Y102.281 E7.34914
G1 X69.225 Y109.176 E7.69246
G1 X68.563 Y108.387 E7.742
G1 X71.077 Y107.713 E7.86718
G1 X71.072 Y105.613 E7.96818
G1 X64.091 Y98.632 E8.44302
G1 X63.966 Y97.642 E8.49101
G1 X71.072 Y95.738 E8.84484
G1 X71.072 Y97.433 E8.92636
G1 X64.259 Y90.619 E9.38981
G1 X64.046 Y91.632 E9.4396
G1 X71.072 Y89.749 E9.78945
G1 X71.072 Y89.253 E9.81331
G1 X66.478 Y84.658 E10.12582
G1 X66.257 Y85.051 E10.14751
G1 X71.072 Y83.761 E10.38726
G1 X71.072 Y86.075 E10.49856
G1 E8.49856 F2400
G92 E0
G1 X85.053 Y81.09 F7800
G1 E2 F2400
G1 F4200
G1 X82.739 Y81.09 E2.1113
G1 X84.687 Y73.82 E2.4733
G1 E.4733 F2400
G92 E0
G1 X98.893 Y103.934 F7800
G1 E2 F2400
G1 F4200
G1 X98.893 Y106.248 E2.1113
G1 X103.672 Y104.968 E2.34926
G1 X103.488 Y105.308 E2.36785
G1 X98.893 Y100.713 E2.6804
G1 X98.893 Y100.26 E2.70219
G1 X105.891 Y98.385 E3.05064
G1 X105.727 Y99.367 E3.09852
G1 X98.893 Y92.533 E3.56336
G1 X98.893 Y94.271 E3.64695
G1 X106.016 Y92.363 E4.00162
G1 X105.838 Y91.298 E4.05355
G1 X98.893 Y84.353 E4.52594
G1 X98.887 Y82.296 E4.62488
G1 X101.416 Y81.619 E4.7508
G1 X100.763 Y80.869 E4.79863
G1 X98.893 Y87.847 E5.14609
G1 X98.893 Y88.283 E5.16706
G1 X104.505 Y86.78 E5.44649
G1 X104.904 Y87.763 E5.49752
G1 X98.613 Y111.241 E6.66657
G1 X99.981 Y109.981 E6.75602
G1 X98.532 Y108.532 E6.85458
G1 X98.338 Y108.699 E6.86689
G1 X97.995 Y108.86 E6.88511
G1 X97.647 Y108.91 E6.90202
G1 X93.249 Y108.91 E7.11355
G1 X91.583 Y115.128 E7.42316
G1 X90.19 Y115.563 E7.49335
G1 X89.364 Y115.725 E7.53383
G1 X82.55 Y108.91 E7.99734
G1 X81.273 Y108.91 E8.05876
G1 X79.517 Y115.465 E8.38515
G1 X81.337 Y115.877 E8.4749
G1 X74.37 Y108.91 E8.94879
G1 X75.284 Y108.91 E8.99275
G1 X74.132 Y113.211 E9.20691
G1 X73.776 Y112.978 E9.22737
G1 X88.957 Y108.91 E9.98328
G1 X90.73 Y108.91 E10.06856
G1 X95.313 Y113.493 E10.38029
G1 E8.38029 F2400
G92 E0
G1 X98.159 Y111.601 F7800
G1 E2 F2400
G1 F4200
G1 X96.273 Y112.939 E2.11122
G1 X84.223 Y116.167 E2.71122
G1 X83.231 Y116.14 E2.75895
G1 X81.922 Y115.959 E2.82251
G1 E.82251 F2400
G92 E0
G1 X87.615 Y116.035 F7800
G1 E2 F2400
G1 F4200
G1 X85.309 Y116.197 E2.11118
G1 X87.261 Y108.91 E2.47402
G1 X84.947 Y108.91 E2.58532
;LAYER_CHANGE
;Z:6.35
;HEIGHT:0.3
G1 E.58532 F2400
G92 E0
G1 Z6.35 F7800
G1 X98.313 Y108.33
G1 E2 F2400
;TYPE:Perimeter
;WIDTH:0.45
G1 F3600
G1 X98.161 Y108.469 E2.00991
G1 X97.912 Y108.582 E2.02306
G1 X97.584 Y108.621 E2.03895
G1 X72.326 Y108.621 E3.25377
G1 X71.929 Y108.536 E3.2733
G1 X71.635 Y108.329 E3.29059
G1 X71.481 Y108.122 E3.303
G1 X71.38 Y107.843 E3.31727
G1 X71.362 Y107.657 E3.32626
G1 X71.362 Y82.343 E4.54378
G1 X71.38 Y82.157 E4.55277
G1 X71.529 Y81.8 E4.57138
G1 X71.761 Y81.561 E4.5874
G1 X71.929 Y81.464 E4.59673
G1 X72.326 Y81.379 E4.61626
G1 X97.64 Y81.379 E5.83378
G1 X97.912 Y81.418 E5.847
G1 X98.293 Y81.634 E5.86806
G1 X98.466 Y81.845 E5.88118
G1 X98.555 Y82.039 E5.89145
G1 X98.604 Y82.343 E5.90626
G1 X98.604 Y107.657 E7.12378
G1 X98.555 Y107.961 E7.13859
G1 X98.4 Y108.251 E7.15441
G1 X98.357 Y108.29 E7.1572
G1 X98.047 Y108.06 F7800
G1 F3600
G1 X98.032 Y108.083 E7.15852
G1 X97.804 Y108.212 E7.17112
G1 X97.584 Y108.236 E7.18176
G1 X72.326 Y108.236 E8.39658
G1 X71.987 Y108.126 E8.41372
G1 X71.819 Y107.936 E8.42592
G1 X71.747 Y107.657 E8.43978
G1 X71.747 Y82.343 E9.6573
G1 X71.819 Y82.064 E9.67116
G1 X71.987 Y81.874 E9.68336
G1 X72.326 Y81.764 E9.7005
G1 X97.64 Y81.764 E10.91802
G1 X97.952 Y81.856 E10.93366
G1 X98.135 Y82.044 E10.94628
G1 X98.219 Y82.343 E10.96122
G1 X98.219 Y107.657 E12.17874
G1 X98.189 Y107.84 E12.18766
G1 X98.079 Y108.009 E12.19736
G1 X97.776 Y107.786 F7800
;TYPE:External perimeter
G1 F1800
G1 X97.771 Y107.799 E12.19803
G1 X97.64 Y107.85 E12.20479
G1 X72.326 Y107.85 E13.42231
G1 X72.188 Y107.792 E13.42951
G1 X72.133 Y107.657 E13.43652
G1 X72.133 Y82.343 E14.65404
G1 X72.195 Y82.201 E14.66149
G1 X72.326 Y82.15 E14.66825
G1 X97.64 Y82.15 E15.88577
G1 X97.792 Y82.224 E15.8939
G1 X97.833 Y82.343 E15.89995
G1 X97.833 Y107.657 E17.11747
G1 X97.801 Y107.731 E17.12135
G1 X97.417 Y107.844 F7800
G1 E15.12135 F2400
G92 E0
G1 X87.962 Y73.707 F7800
G1 E2 F2400
;TYPE:Perimeter
G1 F3600
G1 X90.261 Y74.156 E2.11266
G1 X92.522 Y74.863 E2.2266
G1 X94.692 Y75.815 E2.34057
G1 X96.744 Y76.999 E2.45451
G1 X98.652 Y78.402 E2.56842
G1 X100.395 Y80.007 E2.68238
G1 X101.951 Y81.793 E2.79631
G1 X103.301 Y83.74 E2.91026
G1 X104.429 Y85.823 E3.02419
G1 X105.32 Y88.018 E3.13813
G1 X105.965 Y90.298 E3.25209
G1 X106.355 Y92.635 E3.36605
G1 X106.473 Y94.783 E3.46952
G1 X106.473 Y95.217 E3.49039
G1 X106.355 Y97.365 E3.59386
G1 X105.965 Y99.702 E3.70782
G1 X105.32 Y101.982 E3.82178
G1 X104.429 Y104.177 E3.93572
G1 X103.301 Y106.26 E4.04965
G1 X101.951 Y108.207 E4.1636
G1 X100.395 Y109.993 E4.27753
G1 X98.652 Y111.598 E4.39149
G1 X96.744 Y113.001 E4.5054
G1 X94.692 Y114.185 E4.61934
G1 X92.522 Y115.137 E4.73331
G1 X90.261 Y115.844 E4.84725
G1 X87.936 Y116.298 E4.96119
G1 X85.575 Y116.494 E5.07514
G1 X83.207 Y116.429 E5.18908
G1 X80.861 Y116.103 E5.303
G1 X78.564 Y115.522 E5.41696
G1 X76.346 Y114.691 E5.53088
G1 X74.232 Y113.621 E5.64484
G1 X72.249 Y112.326 E5.75875
G1 X70.42 Y110.82 E5.8727
G1 X68.768 Y109.122 E5.98664
G1 X67.313 Y107.252 E6.1006
G1 X66.072 Y105.234 E6.21454
G1 X65.061 Y103.091 E6.32851
G1 X64.292 Y100.851 E6.44242
G1 X63.774 Y98.539 E6.55638
G1 X63.513 Y96.185 E6.67029
G1 X63.513 Y93.815 E6.78428
G1 X63.774 Y91.461 E6.89819
G1 X64.292 Y89.149 E7.01215
G1 X65.061 Y86.909 E7.12606
G1 X66.072 Y84.766 E7.24003
G1 X67.313 Y82.748 E7.35397
G1 X68.768 Y80.878 E7.46793
G1 X70.42 Y79.18 E7.58187
G1 X72.249 Y77.674 E7.69582
G1 X74.232 Y76.379 E7.80973
G1 X76.346 Y75.309 E7.92369
G1 X78.564 Y74.478 E8.03761
G1 X80.861 Y73.897 E8.15157
G1 X83.207 Y73.571 E8.26549
G1 X85.575 Y73.506 E8.37943
G1 X87.902 Y73.699 E8.49173
G1 X87.994 Y73.32 F7800
G1 F3600
G1 X90.356 Y73.781 E8.60748
G1 X92.658 Y74.501 E8.72349
G1 X94.866 Y75.47 E8.83946
G1 X96.955 Y76.676 E8.95547
G1 X98.898 Y78.104 E9.07145
G1 X100.672 Y79.737 E9.18742
G1 X102.256 Y81.556 E9.30343
G1 X103.63 Y83.538 E9.41942
G1 X104.778 Y85.659 E9.53542
G1 X105.685 Y87.893 E9.65139
G1 X106.342 Y90.213 E9.76736
G1 X106.739 Y92.592 E9.88336
G1 X106.858 Y94.762 E9.98789
G1 X106.858 Y95.238 E10.01078
G1 X106.739 Y97.408 E10.11531
G1 X106.342 Y99.787 E10.23131
G1 X105.685 Y102.107 E10.34728
G1 X104.778 Y104.341 E10.46325
G1 X103.63 Y106.462 E10.57925
G1 X102.256 Y108.444 E10.69524
G1 X100.672 Y110.263 E10.81125
G1 X98.898 Y111.896 E10.92722
G1 X96.955 Y113.324 E11.0432
G1 X94.866 Y114.53 E11.15921
G1 X92.658 Y115.499 E11.27518
G1 X90.356 Y116.219 E11.39119
G1 X87.989 Y116.681 E11.50718
G1 X85.586 Y116.88 E11.62315
G1 X83.175 Y116.814 E11.73915
G1 X80.787 Y116.482 E11.85511
G1 X78.449 Y115.89 E11.97111
G1 X76.19 Y115.045 E12.08711
G1 X74.039 Y113.956 E12.20307
G1 X72.02 Y112.637 E12.31906
G1 X70.158 Y111.104 E12.43506
G1 X68.477 Y109.375 E12.55104
G1 X66.995 Y107.472 E12.66705
G1 X65.733 Y105.418 E12.783
G1 X64.703 Y103.237 E12.89901
G1 X63.92 Y100.956 E13.015
G1 X63.393 Y98.603 E13.13097
G1 X63.128 Y96.206 E13.24696
G1 X63.128 Y93.794 E13.36297
G1 X63.393 Y91.397 E13.47896
G1 X63.92 Y89.044 E13.59493
G1 X64.703 Y86.763 E13.71092
G1 X65.733 Y84.582 E13.82693
G1 X66.995 Y82.528 E13.94288
G1 X68.477 Y80.625 E14.05889
G1 X70.158 Y78.896 E14.17487
G1 X72.02 Y77.363 E14.29087
G1 X74.039 Y76.044 E14.40686
G1 X76.19 Y74.955 E14.52282
G1 X78.449 Y74.11 E14.63882
G1 X80.787 Y73.518 E14.75482
G1 X83.175 Y73.186 E14.87078
G1 X85.586 Y73.12 E14.98678
G1 X87.934 Y73.314 E15.1001
G1 X88.026 Y72.935 F7800
;TYPE:External perimeter
G1 F1800
G1 X88.042 Y72.936 E15.10087
G1 X90.451 Y73.407 E15.21893
G1 X92.793 Y74.14 E15.33696
G1 X95.041 Y75.125 E15.455
G1 X97.166 Y76.352 E15.57302
G1 X99.143 Y77.806 E15.69105
G1 X100.949 Y79.468 E15.8091
G1 X102.561 Y81.319 E15.92715
G1 X103.959 Y83.335 E16.04515
G1 X105.127 Y85.494 E16.16321
G1 X106.051 Y87.767 E16.28122
G1 X106.718 Y90.129 E16.39927
G1 X107.122 Y92.55 E16.51732
G1 X107.243 Y94.741 E16.62286
G1 X107.243 Y95.259 E16.64777
G1 X107.122 Y97.45 E16.75331
G1 X106.718 Y99.871 E16.87136
G1 X106.051 Y102.233 E16.98941
G1 X105.127 Y104.506 E17.10742
G1 X103.959 Y106.665 E17.22548
G1 X102.561 Y108.681 E17.34348
G1 X100.949 Y110.532 E17.46153
G1 X99.143 Y112.194 E17.57958
G1 X97.166 Y113.648 E17.69761
G1 X95.041 Y114.875 E17.81563
G1 X92.793 Y115.86 E17.93367
G1 X90.451 Y116.593 E18.0517
G1 X88.042 Y117.064 E18.16976
G1 X85.597 Y117.266 E18.28776
G1 X83.144 Y117.199 E18.40578
G1 X80.713 Y116.861 E18.52383
G1 X78.334 Y116.259 E18.64186
G1 X76.035 Y115.399 E18.75992
G1 X73.846 Y114.29 E18.87794
G1 X71.791 Y112.948 E18.99599
G1 X69.897 Y111.388 E19.11401
G1 X68.185 Y109.629 E19.23207
G1 X66.678 Y107.692 E19.35011
G1 X65.393 Y105.602 E19.46811
G1 X64.346 Y103.382 E19.58616
G1 X63.549 Y101.061 E19.70419
G1 X63.012 Y98.666 E19.82224
G1 X62.742 Y96.227 E19.94026
G1 X62.742 Y93.773 E20.05829
G1 X63.012 Y91.334 E20.17631
G1 X63.549 Y88.939 E20.29436
G1 X64.346 Y86.618 E20.41239
G1 X65.393 Y84.398 E20.53044
G1 X66.678 Y82.308 E20.64844
G1 X68.185 Y80.371 E20.76648
G1 X69.897 Y78.612 E20.88454
G1 X71.791 Y77.052 E21.00256
G1 X73.846 Y75.71 E21.12061
G1 X76.035 Y74.601 E21.23863
G1 X78.334 Y73.741 E21.35669
G1 X80.713 Y73.139 E21.47472
G1 X83.144 Y72.801 E21.59277
G1 X85.597 Y72.734 E21.71079
G1 X87.966 Y72.93 E21.82512
G1 X88.36 Y73 F7800
G1 X88.136 Y74.035
;TYPE:Internal infill
;WIDTH:0.45
G1 F4200
G1 X85.833 Y73.818 E21.93638
G1 X73.707 Y77.067 E22.54017
G1 X72.42 Y77.908 E22.61411
G1 X71.821 Y78.401 E22.65142
G1 E20.65142 F2400
G92 E0
G1 X76.742 Y75.469 F7800
G1 E2 F2400
G1 F4200
G1 X74.664 Y76.484 E2.11123
G1 X79.27 Y81.09 E2.42452
G1 X81.043 Y81.09 E2.5098
G1 X96.211 Y77.025 E3.26507
G1 X95.859 Y76.822 E3.28461
G1 X94.716 Y81.09 E3.49712
G1 X95.63 Y81.09 E3.54108
G1 X88.683 Y74.142 E4.01364
G1 X90.485 Y74.529 E4.10229
G1 X88.727 Y81.09 E4.42898
G1 X87.45 Y81.09 E4.4904
G1 X80.617 Y74.257 E4.95517
G1 X78.425 Y74.839 E5.06425
G1 X76.751 Y81.09 E5.3755
G1 X72.315 Y81.09 E5.58886
G1 X71.815 Y81.197 E5.61345
G1 X71.451 Y81.451 E5.6348
G1 X70.013 Y80.013 E5.73261
G1 X70.616 Y79.393 E5.77421
G1 X71.387 Y78.759 E5.82222
G1 X65.086 Y102.273 E6.99306
G1 X65.448 Y103.233 E7.04241
G1 X71.072 Y101.726 E7.32245
G1 X71.072 Y102.281 E7.34914
G1 X69.225 Y109.176 E7.69246
G1 X68.563 Y108.387 E7.742
G1 X71.077 Y107.713 E7.86718
G1 X71.072 Y105.613 E7.96818
G1 X64.091 Y98.632 E8.44302
G1 X63.966 Y97.642 E8.49101
G1 X71.072 Y95.738 E8.84484
G1 X71.072 Y97.433 E8.92636
G1 X64.259 Y90.619 E9.38981
G1 X64.046 Y91.632 E9.4396
G1 X71.072 Y89.749 E9.78945
G1 X71.072 Y89.253 E9.81331
G1 X66.478 Y84.658 E10.12582
G1 X66.257 Y85.051 E10.14751
G1 X71.072 Y83.761 E10.38726
G1 X71.072 Y86.075 E10.49856
G1 E8.49856 F2400
G92 E0
G1 X85.053 Y81.09 F7800
G1 E2 F2400
G1 F4200
G1 X82.739 Y81.09 E2.1113
G1 X84.687 Y73.82 E2.4733
G1 E.4733 F2400
G92 E0
G1 X98.893 Y103.934 F7800
G1 E2 F2400
G1 F4200
G1 X98.893 Y106.248 E2.1113
G1 X103.672 Y104.968 E2.34926
G1 X103.488 Y105.308 E2.36785
G1 X98.893 Y100.713 E2.6804
G1 X98.893 Y100.26 E2.70219
G1 X105.891 Y98.385 E3.05064
G1 X105.727 Y99.367 E3.09852
G1 X98.893 Y92.533 E3.56336
G1 X98.893 Y94.271 E3.64695
G1 X106.016 Y92.363 E4.00162
G1 X105.838 Y91.298 E4.05355
G1 X98.893 Y84.353 E4.52594
G1 X98.887 Y82.296 E4.62488
G1 X101.416 Y81.619 E4.7508
G1 X100.763 Y80.869 E4.79863
G1 X98.893 Y87.847 E5.14609
G1 X98.893 Y88.283 E5.16706
G1 X104.505 Y86.78 E5.44649
G1 X104.904 Y87.763 E5.49752
G1 X98.613 Y111.241 E6.66657
G1 X99.981 Y109.981 E6.75602
G1 X98.532 Y108.532 E6.85458
G1 X98.338 Y108.699 E6.86689
G1 X97.995 Y108.86 E6.88511
G1 X97.647 Y108.91 E6.90202
G1 X93.249 Y108.91 E7.11355
G1 X91.583 Y115.128 E7.42316
G1 X90.19 Y115.563 E7.49335
G1 X89.364 Y115.725 E7.53383
G1 X82.55 Y108.91 E7.99734
G1 X81.273 Y108.91 E8.05876
G1 X79.517 Y115.465 E8.38515
G1 X81.337 Y115.877 E8.4749
G1 X74.37 Y108.91 E8.94879
G1 X75.284 Y108.91 E8.99275
G1 X74.132 Y113.211 E9.20691
G1 X73.776 Y112.978 E9.22737
G1 X88.957 Y108.91 E9.98328
G1 X90.73 Y108.91 E10.06856
G1 X95.313 Y113.493 E10.38029
G1 E8.38029 F2400
G92 E0
G1 X98.159 Y111.601 F7800
G1 E2 F2400
G1 F4200
G1 X96.273 Y112.939 E2.11122
G1 X84.223 Y116.167 E2.71122
G1 X83.231 Y116.14 E2.75895
G1 X81.922 Y115.959 E2.82251
G1 E.82251 F2400
G92 E0
G1 X87.615 Y116.035 F7800
G1 E2 F2400
G1 F4200
G1 X85.309 Y116.197 E2.11118
G1 X87.261 Y108.91 E2.47402
G1 X84.947 Y108.91 E2.58532
;LAYER_CHANGE
;Z:6.65
;HEIGHT:0.3
G1 E.58532 F2400
G92 E0
G1 Z6.65 F7800
G1 X98.313 Y108.33
G1 E2 F2400
;TYPE:Perimeter
;WIDTH:0.45
G1 F3600
G1 X98.161 Y108.469 E2.00991
G1 X97.912 Y108.582 E2.02306
G1 X97.584 Y108.621 E2.03895
G1 X72.326 Y108.621 E3.25377
G1 X71.929 Y108.536 E3.2733
G1 X71.635 Y108.329 E3.29059
G1 X71.481 Y108.122 E3.303
G1 X71.38 Y107.843 E3.31727
G1 X71.362 Y107.657 E3.32626
G1 X71.362 Y82.343 E4.54378
G1 X71.38 Y82.157 E4.55277
G1 X71.529 Y81.8 E4.57138
G1 X71.761 Y81.561 E4.5874
G1 X71.929 Y81.464 E4.59673
G1 X72.326 Y81.379 E4.61626
G1 X97.64 Y81.379 E5.83378
G1 X97.912 Y81.418 E5.847
G1 X98.293 Y81.634 E5.86806
G1 X98.466 Y81.845 E5.88118
G1 X98.555 Y82.039 E5.89145
G1 X98.604 Y82.343 E5.90626
G1 X98.604 Y107.657 E7.12378
G1 X98.555 Y107.961 E7.13859
G1 X98.4 Y108.251 E7.15441
G1 X98.357 Y108.29 E7.1572
G1 X98.047 Y108.06 F7800
G1 F3600
G1 X98.032 Y108.083 E7.15852
G1 X97.804 Y108.212 E7.17112
G1 X97.584 Y108.236 E7.18176
G1 X72.326 Y108.236 E8.39658
G1 X71.987 Y108.126 E8.41372
G1 X71.819 Y107.936 E8.42592
G1 X71.747 Y107.657 E8.43978
G1 X71.747 Y82.343 E9.6573
G1 X71.819 Y82.064 E9.67116
G1 X71.987 Y81.874 E9.68336
G1 X72.326 Y81.764 E9.7005
G1 X97.64 Y81.764 E10.91802
G1 X97.952 Y81.856 E10.93366
G1 X98.135 Y82.044 E10.94628
G1 X98.219 Y82.343 E10.96122
G1 X98.219 Y107.657 E12.17874
G1 X98.189 Y107.84 E12.18766
G1 X98.079 Y108.009 E12.19736
G1 X97.776 Y107.786 F7800
;TYPE:External perimeter
G1 F1800
G1 X97.771 Y107.799 E12.19803
G1 X97.64 Y107.85 E12.20479
G1 X72.326 Y107.85 E13.42231
G1 X72.188 Y107.792 E13.42951
G1 X72.133 Y107.657 E13.43652
G1 X72.133 Y82.343 E14.65404
G1 X72.195 Y82.201 E14.66149
G1 X72.326 Y82.15 E14.66825
G1 X97.64 Y82.15 E15.88577
G1 X97.792 Y82.224 E15.8939
G1 X97.833 Y82.343 E15.89995
G1 X97.833 Y107.657 E17.11747
G1 X97.801 Y107.731 E17.12135
G1 X97.417 Y107.844 F7800
G1 E15.12135 F2400
G92 E0
G1 X87.962 Y73.707 F7800
G1 E2 F2400
;TYPE:Perimeter
G1 F3600
G1 X90.261 Y74.156 E2.11266
G1 X92.522 Y74.863 E2.2266
G1 X94.692 Y75.815 E2.34057
G1 X96.744 Y76.999 E2.45451
G1 X98.652 Y78.402 E2.56842
G1 X100.395 Y80.007 E2.68238
G1 X101.951 Y81.793 E2.79631
G1 X103.301 Y83.74 E2.91026
G1 X104.429 Y85.823 E3.02419
G1 X105.32 Y88.018 E3.13813
G1 X105.965 Y90.298 E3.25209
G1 X106.355 Y92.635 E3.36605
G1 X106.473 Y94.783 E3.46952
G1 X106.473 Y95.217 E3.49039
G1 X106.355 Y97.365 E3.59386
G1 X105.965 Y99.702 E3.70782
G1 X105.32 Y101.982 E3.82178
G1 X104.429 Y104.177 E3.93572
G1 X103.301 Y106.26 E4.04965
G1 X101.951 Y108.207 E4.1636
G1 X100.395 Y109.993 E4.27753
G1 X98.652 Y111.598 E4.39149
G1 X96.744 Y113.001 E4.5054
G1 X94.692 Y114.185 E4.61934
G1 X92.522 Y115.137 E4.73331
G1 X90.261 Y115.844 E4.84725
G1 X87.936 Y116.298 E4.96119
G1 X85.575 Y116.494 E5.07514
G1 X83.207 Y116.429 E5.18908
G1 X80.861 Y116.103 E5.303
G1 X78.564 Y115.522 E5.41696
G1 X76.346 Y114.691 E5.53088
G1 X74.232 Y113.621 E5.64484
G1 X72.249 Y112.326 E5.75875
G1 X70.42 Y110.82 E5.8727
G1 X68.768 Y109.122 E5.98664
G1 X67.313 Y107.252 E6.1006
G1 X66.072 Y105.234 E6.21454
G1 X65.061 Y103.091 E6.32851
G1 X64.292 Y100.851 E6.44242
G1 X63.774 Y98.539 E6.55638
G1 X63.513 Y96.185 E6.67029
G1 X63.513 Y93.815 E6.78428
G1 X63.774 Y91.461 E6.89819
G1 X64.292 Y89.149 E7.01215
G1 X65.061 Y86.909 E7.12606
G1 X66.072 Y84.766 E7.24003
G1 X67.313 Y82.748 E7.35397
G1 X68.768 Y80.878 E7.46793
G1 X70.42 Y79.18 E7.58187
G1 X72.249 Y77.674 E7.69582
G1 X74.232 Y76.379 E7.80973
G1 X76.346 Y75.309 E7.92369
G1 X78.564 Y74.478 E8.03761
G1 X80.861 Y73.897 E8.15157
G1 X83.207 Y73.571 E8.26549
G1 X85.575 Y73.506 E8.37943
G1 X87.902 Y73.699 E8.49173
G1 X87.994 Y73.32 F7800
G1 F3600
G1 X90.356 Y73.781 E8.60748
G1 X92.658 Y74.501 E8.72349
G1 X94.866 Y75.47 E8.83946
G1 X96.955 Y76.676 E8.95547
G1 X98.898 Y78.104 E9.07145
G1 X100.672 Y79.737 E9.18742
G1 X102.256 Y81.556 E9.30343
G1 X103.63 Y83.538 E9.41942
G1 X104.778 Y85.659 E9.53542
G1 X105.685 Y87.893 E9.65139
G1 X106.342 Y90.213 E9.76736
G1 X106.739 Y92.592 E9.88336
G1 X106.858 Y94.762 E9.98789
G1 X106.858 Y95.238 E10.01078
G1 X106.739 Y97.408 E10.11531
G1 X106.342 Y99.787 E10.23131
G1 X105.685 Y102.107 E10.34728
G1 X104.778 Y104.341 E10.46325
G1 X103.63 Y106.462 E10.57925
G1 X102.256 Y108.444 E10.69524
G1 X100.672 Y110.263 E10.81125
G1 X98.898 Y111.896 E10.92722
G1 X96.955 Y113.324 E11.0432
G1 X94.866 Y114.53 E11.15921
G1 X92.658 Y115.499 E11.27518
G1 X90.356 Y116.219 E11.39119
G1 X87.989 Y116.681 E11.50718
G1 X85.586 Y116.88 E11.62315
G1 X83.175 Y116.814 E11.73915
G1 X80.787 Y116.482 E11.85511
G1 X78.449 Y115.89 E11.97111
G1 X76.19 Y115.045 E12.08711
G1 X74.039 Y113.956 E12.20307
G1 X72.02 Y112.637 E12.31906
G1 X70.158 Y111.104 E12.43506
G1 X68.477 Y109.375 E12.55104
G1 X66.995 Y107.472 E12.66705
G1 X65.733 Y105.418 E12.783
G1 X64.703 Y103.237 E12.89901
G1 X63.92 Y100.956 E13.015
G1 X63.393 Y98.603 E13.13097
G1 X63.128 Y96.206 E13.24696
G1 X63.128 Y93.794 E13.36297
G1 X63.393 Y91.397 E13.47896
G1 X63.92 Y89.044 E13.59493
G1 X64.703 Y86.763 E13.71092
G1 X65.733 Y84.582 E13.82693
G1 X66.995 Y82.528 E13.94288
G1 X68.477 Y80.625 E14.05889
G1 X70.158 Y78.896 E14.17487
G1 X72.02 Y77.363 E14.29087
G1 X74.039 Y76.044 E14.40686
G1 X76.19 Y74.955 E14.52282
G1 X78.449 Y74.11 E14.63882
G1 X80.787 Y73.518 E14.75482
G1 X83.175 Y73.186 E14.87078
G1 X85.586 Y73.12 E14.98678
G1 X87.934 Y73.314 E15.1001
G1 X88.026 Y72.935 F7800
;TYPE:External perimeter
G1 F1800
G1 X88.042 Y72.936 E15.10087
G1 X90.451 Y73.407 E15.21893
G1 X92.793 Y74.14 E15.33696
G1 X95.041 Y75.125 E15.455
G1 X97.166 Y76.352 E15.57302
G1 X99.143 Y77.806 E15.69105
G1 X100.949 Y79.468 E15.8091
G1 X102.561 Y81.319 E15.92715
G1 X103.959 Y83.335 E16.04515
G1 X105.127 Y85.494 E16.16321
G1 X106.051 Y87.767 E16.28122
G1 X106.718 Y90.129 E16.39927
G1 X107.122 Y92.55 E16.51732
G1 X107.243 Y94.741 E16.62286
G1 X107.243 Y95.259 E16.64777
G1 X107.122 Y97.45 E16.75331
G1 X106.718 Y99.871 E16.87136
G1 X106.051 Y102.233 E16.98941
G1 X105.127 Y104.506 E17.10742
G1 X103.959 Y106.665 E17.22548
G1 X102.561 Y108.681 E17.34348
G1 X100.949 Y110.532 E17.46153
G1 X99.143 Y112.194 E17.57958
G1 X97.166 Y113.648 E17.69761
G1 X95.041 Y114.875 E17.81563
G1 X92.793 Y115.86 E17.93367
G1 X90.451 Y116.593 E18.0517
G1 X88.042 Y117.064 E18.16976
G1 X85.597 Y117.266 E18.28776
G1 X83.144 Y117.199 E18.40578
G1 X80.713 Y116.861 E18.52383
G1 X78.334 Y116.259 E18.64186
G1 X76.035 Y115.399 E18.75992
G1 X73.846 Y114.29 E18.87794
G1 X71.791 Y112.948 E18.99599
G1 X69.897 Y111.388 E19.11401
G1 X68.185 Y109.629 E19.23207
G1 X66.678 Y107.692 E19.35011
G1 X65.393 Y105.602 E19.46811
G1 X64.346 Y103.382 E19.58616
G1 X63.549 Y101.061 E19.70419
G1 X63.012 Y98.666 E19.82224
G1 X62.742 Y96.227 E19.94026
G1 X62.742 Y93.773 E20.05829
G1 X63.012 Y91.334 E20.17631
G1 X63.549 Y88.939 E20.29436
G1 X64.346 Y86.618 E20.41239
G1 X65.393 Y84.398 E20.53044
G1 X66.678 Y82.308 E20.64844
G1 X68.185 Y80.371 E20.76648
G1 X69.897 Y78.612 E20.88454
G1 X71.791 Y77.052 E21.00256
G1 X73.846 Y75.71 E21.12061
G1 X76.035 Y74.601 E21.23863
G1 X78.334 Y73.741 E21.35669
G1 X80.713 Y73.139 E21.47472
G1 X83.144 Y72.801 E21.59277
G1 X85.597 Y72.734 E21.71079
G1 X87.966 Y72.93 E21.82512
G1 X88.36 Y73 F7800
G1 X88.136 Y74.035
;TYPE:Internal infill
;WIDTH:0.45
G1 F4200
G1 X85.833 Y73.818 E21.93638
G1 X73.707 Y77.067 E22.54017
G1 X72.42 Y77.908 E22.61411
G1 X71.821 Y78.401 E22.65142
G1 E20.65142 F2400
G92 E0
G1 X76.742 Y75.469 F7800
G1 E2 F2400
G1 F4200
G1 X74.664 Y76.484 E2.11123
G1 X79.27 Y81.09 E2.42452
G1 X81.043 Y81.09 E2.5098
G1 X96.211 Y77.025 E3.26507
G1 X95.859 Y76.822 E3.28461
G1 X94.716 Y81.09 E3.49712
G1 X95.63 Y81.09 E3.54108
G1 X88.683 Y74.142 E4.01364
G1 X90.485 Y74.529 E4.10229
G1 X88.727 Y81.09 E4.42898
G1 X87.45 Y81.09 E4.4904
G1 X80.617 Y74.257 E4.95517
G1 X78.425 Y74.839 E5.06425
G1 X76.751 Y81.09 E5.3755
G1 X72.315 Y81.09 E5.58886
G1 X71.815 Y81.197 E5.61345
G1 X71.451 Y81.451 E5.6348
G1 X70.013 Y80.013 E5.73261
G1 X70.616 Y79.393 E5.77421
G1 X71.387 Y78.759 E5.82222
G1 X65.086 Y102.273 E6.99306
G1 X65.448 Y103.233 E7.04241
G1 X71.072 Y101.726 E7.32245
G1 X71.072 Y102.281 E7.34914
G1 X69.225 Y109.176 E7.69246
G1 X68.563 Y108.387 E7.742
G1 X71.077 Y107.713 E7.86718
G1 X71.072 Y105.613 E7.96818
G1 X64.091 Y98.632 E8.44302
G1 X63.966 Y97.642 E8.49101
G1 X71.072 Y95.738 E8.84484
G1 X71.072 Y97.433 E8.92636
G1 X64.259 Y90.619 E9.38981
G1 X64.046 Y91.632 E9.4396
G1 X71.072 Y89.749 E9.78945
G1 X71.072 Y89.253 E9.81331
G1 X66.478 Y84.658 E10.12582
G1 X66.257 Y85.051 E10.14751
G1 X71.072 Y83.761 E10.38726
G1 X71.072 Y86.075 E10.49856
G1 E8.49856 F2400
G92 E0
G1 X85.053 Y81.09 F7800
G1 E2 F2400
G1 F4200
G1 X82.739 Y81.09 E2.1113
G1 X84.687 Y73.82 E2.4733
G1 E.4733 F2400
G92 E0
G1 X98.893 Y103.934 F7800
G1 E2 F2400
G1 F4200
G1 X98.893 Y106.248 E2.1113
G1 X103.672 Y104.968 E2.34926
G1 X103.488 Y105.308 E2.36785
G1 X98.893 Y100.713 E2.6804
G1 X98.893 Y100.26 E2.70219
G1 X105.891 Y98.385 E3.05064
G1 X105.727 Y99.367 E3.09852
G1 X98.893 Y92.533 E3.56336
G1 X98.893 Y94.271 E3.64695
G1 X106.016 Y92.363 E4.00162
G1 X105.838 Y91.298 E4.05355
G1 X98.893 Y84.353 E4.52594
G1 X98.887 Y82.296 E4.62488
G1 X101.416 Y81.619 E4.7508
G1 X100.763 Y80.869 E4.79863
G1 X98.893 Y87.847 E5.14609
G1 X98.893 Y88.283 E5.16706
G1 X104.505 Y86.78 E5.44649
G1 X104.904 Y87.763 E5.49752
G1 X98.613 Y111.241 E6.66657
G1 X99.981 Y109.981 E6.75602
G1 X98.532 Y108.532 E6.85458
G1 X98.338 Y108.699 E6.86689
G1 X97.995 Y108.86 E6.88511
G1 X97.647 Y108.91 E6.90202
G1 X93.249 Y108.91 E7.11355
G1 X91.583 Y115.128 E7.42316
G1 X90.19 Y115.563 E7.49335
G1 X89.364 Y115.725 E7.53383
G1 X82.55 Y108.91 E7.99734
G1 X81.273 Y108.91 E8.05876
G1 X79.517 Y115.465 E8.38515
G1 X81.337 Y115.877 E8.4749
G1 X74.37 Y108.91 E8.94879
G1 X75.284 Y108.91 E8.99275
G1 X74.132 Y113.211 E9.20691
G1 X73.776 Y112.978 E9.22737
G1 X88.957 Y108.91 E9.98328
G1 X90.73 Y108.91 E10.06856
G1 X95.313 Y113.493 E10.38029
G1 E8.38029 F2400
G92 E0
G1 X98.159 Y111.601 F7800
G1 E2 F2400
G1 F4200
G1 X96.273 Y112.939 E2.11122
G1 X84.223 Y116.167 E2.71122
G1 X83.231 Y116.14 E2.75895
G1 X81.922 Y115.959 E2.82251
G1 E.82251 F2400
G92 E0
G1 X87.615 Y116.035 F7800
G1 E2 F2400
G1 F4200
G1 X85.309 Y116.197 E2.11118
G1 X87.261 Y108.91 E2.47402
G1 X84.947 Y108.91 E2.58532
;LAYER_CHANGE
;Z:6.95
;HEIGHT:0.3
G1 E.58532 F2400
G92 E0
G1 Z6.95 F7800
G1 X98.313 Y108.33
G1 E2 F2400
;TYPE:Perimeter
;WIDTH:0.45
G1 F3600
G1 X98.161 Y108.469 E2.00991
G1 X97.912 Y108.582 E2.02306
G1 X97.584 Y108.621 E2.03895
G1 X72.326 Y108.621 E3.25377
G1 X71.929 Y108.536 E3.2733
G1 X71.635 Y108.329 E3.29059
G1 X71.481 Y108.122 E3.303
G1 X71.38 Y107.843 E3.31727
G1 X71.362 Y107.657 E3.32626
G1 X71.362 Y82.343 E4.54378
G1 X71.38 Y82.157 E4.55277
G1 X71.529 Y81.8 E4.57138
G1 X71.761 Y81.561 E4.5874
G1 X71.929 Y81.464 E4.59673
G1 X72.326 Y81.379 E4.61626
G1 X97.64 Y81.379 E5.83378
G1 X97.912 Y81.418 E5.847
G1 X98.293 Y81.634 E5.86806
G1 X98.466 Y81.845 E5.88118
G1 X98.555 Y82.039 E5.89145
G1 X98.604 Y82.343 E5.90626
G1 X98.604 Y107.657 E7.12378
G1 X98.555 Y107.961 E7.13859
G1 X98.4 Y108.251 E7.15441
G1 X98.357 Y108.29 E7.1572
G1 X98.047 Y108.06 F7800
G1 F3600
G1 X98.032 Y108.083 E7.15852
G1 X97.804 Y108.212 E7.17112
G1 X97.584 Y108.236 E7.18176
G1 X72.326 Y108.236 E8.39658
G1 X71.987 Y108.126 E8.41372
G1 X71.819 Y107.936 E8.42592
G1 X71.747 Y107.657 E8.43978
G1 X71.747 Y82.343 E9.6573
G1 X71.819 Y82.064 E9.67116
G1 X71.987 Y81.874 E9.68336
G1 X72.326 Y81.764 E9.7005
G1 X97.64 Y81.764 E10.91802
G1 X97.952 Y81.856 E10.93366
G1 X98.135 Y82.044 E10.94628
G1 X98.219 Y82.343 E10.96122
G1 X98.219 Y107.657 E12.17874
G1 X98.189 Y107.84 E12.18766
G1 X98.079 Y108.009 E12.19736
G1 X97.776 Y107.786 F7800
;TYPE:External perimeter
G1 F1800
G1 X97.771 Y107.799 E12.19803
G1 X97.64 Y107.85 E12.20479
G1 X72.326 Y107.85 E13.42231
G1 X72.188 Y107.792 E13.42951
G1 X72.133 Y107.657 E13.43652
G1 X72.133 Y82.343 E14.65404
G1 X72.195 Y82.201 E14.66149
G1 X72.326 Y82.15 E14.66825
G1 X97.64 Y82.15 E15.88577
G1 X97.792 Y82.224 E15.8939
G1 X97.833 Y82.343 E15.89995
G1 X97.833 Y107.657 E17.11747
G1 X97.801 Y107.731 E17.12135
G1 X97.417 Y107.844 F7800
G1 E15.12135 F2400
G92 E0
G1 X87.962 Y73.707 F7800
G1 E2 F2400
;TYPE:Perimeter
G1 F3600
G1 X90.261 Y74.156 E2.11266
G1 X92.522 Y74.863 E2.2266
G1 X94.692 Y75.815 E2.34057
G1 X96.744 Y76.999 E2.45451
G1 X98.652 Y78.402 E2.56842
G1 X100.395 Y80.007 E2.68238
G1 X101.951 Y81.793 E2.79631
G1 X103.301 Y83.74 E2.91026
G1 X104.429 Y85.823 E3.02419
G1 X105.32 Y88.018 E3.13813
G1 X105.965 Y90.298 E3.25209
G1 X106.355 Y92.635 E3.36605
G1 X106.473 Y94.783 E3.46952
G1 X106.473 Y95.217 E3.49039
G1 X106.355 Y97.365 E3.59386
G1 X105.965 Y99.702 E3.70782
G1 X105.32 Y101.982 E3.82178
G1 X104.429 Y104.177 E3.93572
G1 X103.301 Y106.26 E4.04965
G1 X101.951 Y108.207 E4.1636
G1 X100.395 Y109.993 E4.27753
G1 X98.652 Y111.598 E4.39149
G1 X96.744 Y113.001 E4.5054
G1 X94.692 Y114.185 E4.61934
G1 X92.522 Y115.137 E4.73331
G1 X90.261 Y115.844 E4.84725
G1 X87.936 Y116.298 E4.96119
G1 X85.575 Y116.494 E5.07514
G1 X83.207 Y116.429 E5.18908
G1 X80.861 Y116.103 E5.303
G1 X78.564 Y115.522 E5.41696
G1 X76.346 Y114.691 E5.53088
G1 X74.232 Y113.621 E5.64484
G1 X72.249 Y112.326 E5.75875
G1 X70.42 Y110.82 E5.8727
G1 X68.768 Y109.122 E5.98664
G1 X67.313 Y107.252 E6.1006
G1 X66.072 Y105.234 E6.21454
G1 X65.061 Y103.092 E6.32846
G1 X64.292 Y100.851 E6.44241
G1 X63.774 Y98.539 E6.55637
G1 X63.513 Y96.185 E6.67028
G1 X63.513 Y93.815 E6.78427
G1 X63.774 Y91.461 E6.89818
G1 X64.292 Y89.149 E7.01214
G1 X65.061 Y86.909 E7.12605
G1 X66.072 Y84.766 E7.24002
G1 X67.313 Y82.748 E7.35396
G1 X68.768 Y80.878 E7.46792
G1 X70.42 Y79.18 E7.58186
G1 X72.249 Y77.674 E7.69581
G1 X74.232 Y76.379 E7.80972
G1 X76.346 Y75.309 E7.92368
G1 X78.564 Y74.478 E8.0376
G1 X80.861 Y73.897 E8.15156
G1 X83.207 Y73.571 E8.26548
G1 X85.575 Y73.506 E8.37942
G1 X87.902 Y73.699 E8.49172
G1 X87.994 Y73.32 F7800
G1 F3600
G1 X90.356 Y73.781 E8.60747
G1 X92.658 Y74.501 E8.72348
G1 X94.866 Y75.47 E8.83945
G1 X96.955 Y76.676 E8.95546
G1 X98.898 Y78.104 E9.07144
G1 X100.672 Y79.737 E9.18741
G1 X102.256 Y81.556 E9.30342
G1 X103.63 Y83.538 E9.41941
G1 X104.778 Y85.659 E9.53541
G1 X105.685 Y87.893 E9.65138
G1 X106.342 Y90.213 E9.76735
G1 X106.739 Y92.592 E9.88335
G1 X106.858 Y94.762 E9.98788
G1 X106.858 Y95.238 E10.01077
G1 X106.739 Y97.408 E10.1153
G1 X106.342 Y99.787 E10.2313
G1 X105.685 Y102.107 E10.34727
G1 X104.778 Y104.341 E10.46324
G1 X103.63 Y106.462 E10.57924
G1 X102.256 Y108.444 E10.69523
G1 X100.672 Y110.263 E10.81124
G1 X98.898 Y111.896 E10.92721
G1 X96.955 Y113.324 E11.04319
G1 X94.866 Y114.53 E11.1592
G1 X92.658 Y115.499 E11.27517
G1 X90.356 Y116.219 E11.39118
G1 X87.989 Y116.681 E11.50717
G1 X85.586 Y116.88 E11.62314
G1 X83.175 Y116.814 E11.73914
G1 X80.787 Y116.482 E11.8551
G1 X78.449 Y115.89 E11.9711
G1 X76.19 Y115.045 E12.0871
G1 X74.039 Y113.956 E12.20306
G1 X72.02 Y112.637 E12.31905
G1 X70.158 Y111.104 E12.43505
G1 X68.477 Y109.375 E12.55103
G1 X66.995 Y107.472 E12.66704
G1 X65.733 Y105.418 E12.78299
G1 X64.703 Y103.237 E12.899
G1 X63.92 Y100.956 E13.01499
G1 X63.393 Y98.603 E13.13096
G1 X63.128 Y96.206 E13.24695
G1 X63.128 Y93.794 E13.36296
G1 X63.393 Y91.397 E13.47895
G1 X63.92 Y89.044 E13.59492
G1 X64.703 Y86.763 E13.71091
G1 X65.733 Y84.582 E13.82692
G1 X66.995 Y82.528 E13.94287
G1 X68.477 Y80.625 E14.05888
G1 X70.158 Y78.896 E14.17486
G1 X72.02 Y77.363 E14.29086
G1 X74.039 Y76.044 E14.40685
G1 X76.19 Y74.955 E14.52281
G1 X78.449 Y74.11 E14.63881
G1 X80.787 Y73.518 E14.75481
G1 X83.175 Y73.186 E14.87077
G1 X85.586 Y73.12 E14.98677
G1 X87.934 Y73.314 E15.10009
G1 X88.026 Y72.935 F7800
;TYPE:External perimeter
G1 F1800
G1 X88.042 Y72.936 E15.10086
G1 X90.451 Y73.407 E15.21892
G1 X92.793 Y74.14 E15.33695
G1 X95.041 Y75.125 E15.45499
G1 X97.166 Y76.352 E15.57301
G1 X99.143 Y77.806 E15.69104
G1 X100.949 Y79.468 E15.80909
G1 X102.561 Y81.319 E15.92714
G1 X103.959 Y83.335 E16.04514
G1 X105.127 Y85.494 E16.1632
G1 X106.051 Y87.767 E16.28121
G1 X106.718 Y90.129 E16.39926
G1 X107.122 Y92.55 E16.51731
G1 X107.243 Y94.741 E16.62285
G1 X107.243 Y95.259 E16.64776
G1 X107.122 Y97.45 E16.7533
G1 X106.718 Y99.871 E16.87135
G1 X106.051 Y102.233 E16.9894
G1 X105.127 Y104.506 E17.10741
G1 X103.959 Y106.665 E17.22547
G1 X102.561 Y108.681 E17.34347
G1 X100.949 Y110.532 E17.46152
G1 X99.143 Y112.194 E17.57957
G1 X97.166 Y113.648 E17.6976
G1 X95.041 Y114.875 E17.81562
G1 X92.793 Y115.86 E17.93366
G1 X90.451 Y116.593 E18.05169
G1 X88.042 Y117.064 E18.16975
G1 X85.597 Y117.266 E18.28775
G1 X83.144 Y117.199 E18.40577
G1 X80.713 Y116.861 E18.52382
G1 X78.334 Y116.259 E18.64185
G1 X76.035 Y115.399 E18.75991
G1 X73.846 Y114.29 E18.87793
G1 X71.791 Y112.948 E18.99598
G1 X69.897 Y111.388 E19.114
G1 X68.185 Y109.629 E19.23206
G1 X66.678 Y107.692 E19.3501
G1 X65.393 Y105.602 E19.4681
G1 X64.346 Y103.382 E19.58615
G1 X63.549 Y101.061 E19.70418
G1 X63.012 Y98.666 E19.82223
G1 X62.742 Y96.227 E19.94025
G1 X62.742 Y93.773 E20.05828
G1 X63.012 Y91.334 E20.1763
G1 X63.549 Y88.939 E20.29435
G1 X64.346 Y86.618 E20.41238
G1 X65.393 Y84.398 E20.53043
G1 X66.678 Y82.308 E20.64843
G1 X68.185 Y80.371 E20.76647
G1 X69.897 Y78.612 E20.88453
G1 X71.791 Y77.052 E21.00255
G1 X73.846 Y75.71 E21.1206
G1 X76.035 Y74.601 E21.23862
G1 X78.334 Y73.741 E21.35668
G1 X80.713 Y73.139 E21.47471
G1 X83.144 Y72.801 E21.59276
G1 X85.597 Y72.734 E21.71078
G1 X87.966 Y72.93 E21.82511
G1 X88.36 Y73 F7800
G1 X88.136 Y74.035
;TYPE:Internal infill
;WIDTH:0.45
G1 F4200
G1 X85.833 Y73.818 E21.93637
G1 X73.707 Y77.067 E22.54016
G1 X72.42 Y77.908 E22.6141
G1 X71.821 Y78.401 E22.65141
G1 E20.65141 F2400
G92 E0
G1 X76.742 Y75.469 F7800
G1 E2 F2400
G1 F4200
G1 X74.664 Y76.484 E2.11123
G1 X79.27 Y81.09 E2.42452
G1 X81.043 Y81.09 E2.5098
G1 X96.211 Y77.025 E3.26507
G1 X95.859 Y76.822 E3.28461
G1 X94.716 Y81.09 E3.49712
G1 X95.63 Y81.09 E3.54108
G1 X88.683 Y74.142 E4.01364
G1 X90.485 Y74.529 E4.10229
G1 X88.727 Y81.09 E4.42898
G1 X87.45 Y81.09 E4.4904
G1 X80.617 Y74.257 E4.95517
G1 X78.425 Y74.839 E5.06425
G1 X76.751 Y81.09 E5.3755
G1 X72.315 Y81.09 E5.58886
G1 X71.815 Y81.197 E5.61345
G1 X71.451 Y81.451 E5.6348
G1 X70.013 Y80.013 E5.73261
G1 X70.616 Y79.393 E5.77421
G1 X71.387 Y78.759 E5.82222
G1 X65.086 Y102.273 E6.99306
G1 X65.448 Y103.233 E7.04241
G1 X71.072 Y101.726 E7.32245
G1 X71.072 Y102.281 E7.34914
G1 X69.225 Y109.176 E7.69246
G1 X68.563 Y108.387 E7.742
G1 X71.077 Y107.713 E7.86718
G1 X71.072 Y105.613 E7.96818
G1 X64.091 Y98.632 E8.44302
G1 X63.966 Y97.642 E8.49101
G1 X71.072 Y95.738 E8.84484
G1 X71.072 Y97.433 E8.92636
G1 X64.259 Y90.619 E9.38981
G1 X64.046 Y91.632 E9.4396
G1 X71.072 Y89.749 E9.78945
G1 X71.072 Y89.253 E9.81331
G1 X66.478 Y84.658 E10.12582
G1 X66.257 Y85.051 E10.14751
G1 X71.072 Y83.761 E10.38726
G1 X71.072 Y86.075 E10.49856
G1 E8.49856 F2400
G92 E0
G1 X85.053 Y81.09 F7800
G1 E2 F2400
G1 F4200
G1 X82.739 Y81.09 E2.1113
G1 X84.687 Y73.82 E2.4733
G1 E.4733 F2400
G92 E0
G1 X98.893 Y103.934 F7800
G1 E2 F2400
G1 F4200
G1 X98.893 Y106.248 E2.1113
G1 X103.672 Y104.968 E2.34926
G1 X103.488 Y105.308 E2.36785
G1 X98.893 Y100.713 E2.6804
G1 X98.893 Y100.26 E2.70219
G1 X105.891 Y98.385 E3.05064
G1 X105.727 Y99.367 E3.09852
G1 X98.893 Y92.533 E3.56336
G1 X98.893 Y94.271 E3.64695
G1 X106.016 Y92.363 E4.00162
G1 X105.838 Y91.298 E4.05355
G1 X98.893 Y84.353 E4.52594
G1 X98.887 Y82.296 E4.62488
G1 X101.416 Y81.619 E4.7508
G1 X100.763 Y80.869 E4.79863
G1 X98.893 Y87.847 E5.14609
G1 X98.893 Y88.283 E5.16706
G1 X104.505 Y86.78 E5.44649
G1 X104.904 Y87.763 E5.49752
G1 X98.613 Y111.241 E6.66657
G1 X99.981 Y109.981 E6.75602
G1 X98.532 Y108.532 E6.85458
G1 X98.338 Y108.699 E6.86689
G1 X97.995 Y108.86 E6.88511
G1 X97.647 Y108.91 E6.90202
G1 X93.249 Y108.91 E7.11355
G1 X91.583 Y115.128 E7.42316
G1 X90.19 Y115.563 E7.49335
G1 X89.364 Y115.725 E7.53383
G1 X82.55 Y108.91 E7.99734
G1 X81.273 Y108.91 E8.05876
G1 X79.517 Y115.465 E8.38515
G1 X81.337 Y115.877 E8.4749
G1 X74.37 Y108.91 E8.94879
G1 X75.284 Y108.91 E8.99275
G1 X74.132 Y113.211 E9.20691
G1 X73.776 Y112.978 E9.22737
G1 X88.957 Y108.91 E9.98328
G1 X90.73 Y108.91 E10.06856
G1 X95.313 Y113.493 E10.38029
G1 E8.38029 F2400
G92 E0
G1 X98.159 Y111.601 F7800
G1 E2 F2400
G1 F4200
G1 X96.273 Y112.939 E2.11122
G1 X84.223 Y116.167 E2.71122
G1 X83.231 Y116.14 E2.75895
G1 X81.922 Y115.959 E2.82251
G1 E.82251 F2400
G92 E0
G1 X87.615 Y116.035 F7800
G1 E2 F2400
G1 F4200
G1 X85.309 Y116.197 E2.11118
G1 X87.261 Y108.91 E2.47402
G1 X84.947 Y108.91 E2.58532
;LAYER_CHANGE
;Z:7.25
;HEIGHT:0.3
G1 E.58532 F2400
G92 E0
G1 Z7.25 F7800
G1 X98.313 Y108.33
G1 E2 F2400
;TYPE:Perimeter
;WIDTH:0.45
G1 F3600
G1 X98.161 Y108.469 E2.00991
G1 X97.912 Y108.582 E2.02306
G1 X97.584 Y108.621 E2.03895
G1 X72.326 Y108.621 E3.25377
G1 X71.929 Y108.536 E3.2733
G1 X71.635 Y108.329 E3.29059
G1 X71.481 Y108.122 E3.303
G1 X71.38 Y107.843 E3.31727
G1 X71.362 Y107.657 E3.32626
G1 X71.362 Y82.343 E4.54378
G1 X71.38 Y82.157 E4.55277
G1 X71.529 Y81.8 E4.57138
G1 X71.761 Y81.561 E4.5874
G1 X71.929 Y81.464 E4.59673
G1 X72.326 Y81.379 E4.61626
G1 X97.64 Y81.379 E5.83378
G1 X97.912 Y81.418 E5.847
G1 X98.293 Y81.634 E5.86806
G1 X98.466 Y81.845 E5.88118
G1 X98.555 Y82.039 E5.89145
G1 X98.604 Y82.343 E5.90626
G1 X98.604 Y107.657 E7.12378
G1 X98.555 Y107.961 E7.13859
G1 X98.4 Y108.251 E7.15441
G1 X98.357 Y108.29 E7.1572
G1 X98.047 Y108.06 F7800
G1 F3600
G1 X98.032 Y108.083 E7.15852
G1 X97.804 Y108.212 E7.17112
G1 X97.584 Y108.236 E7.18176
G1 X72.326 Y108.236 E8.39658
G1 X71.987 Y108.126 E8.41372
G1 X71.819 Y107.936 E8.42592
G1 X71.747 Y107.657 E8.43978
G1 X71.747 Y82.343 E9.6573
G1 X71.819 Y82.064 E9.67116
G1 X71.987 Y81.874 E9.68336
G1 X72.326 Y81.764 E9.7005
G1 X97.64 Y81.764 E10.91802
G1 X97.952 Y81.856 E10.93366
G1 X98.135 Y82.044 E10.94628
G1 X98.219 Y82.343 E10.96122
G1 X98.219 Y107.657 E12.17874
G1 X98.189 Y107.84 E12.18766
G1 X98.079 Y108.009 E12.19736
G1 X97.776 Y107.786 F7800
;TYPE:External perimeter
G1 F1800
G1 X97.771 Y107.799 E12.19803
G1 X97.64 Y107.85 E12.20479
G1 X72.326 Y107.85 E13.42231
G1 X72.188 Y107.792 E13.42951
G1 X72.133 Y107.657 E13.43652
G1 X72.133 Y82.343 E14.65404
G1 X72.195 Y82.201 E14.66149
G1 X72.326 Y82.15 E14.66825
G1 X97.64 Y82.15 E15.88577
G1 X97.792 Y82.224 E15.8939
G1 X97.833 Y82.343 E15.89995
G1 X97.833 Y107.657 E17.11747
G1 X97.801 Y107.731 E17.12135
G1 X97.417 Y107.844 F7800
G1 E15.12135 F2400
G92 E0
G1 X87.962 Y73.707 F7800
G1 E2 F2400
;TYPE:Perimeter
G1 F3600
G1 X90.261 Y74.156 E2.11266
G1 X92.522 Y74.863 E2.2266
G1 X94.692 Y75.815 E2.34057
G1 X96.744 Y76.999 E2.45451
G1 X98.652 Y78.402 E2.56842
G1 X100.395 Y80.007 E2.68238
G1 X101.951 Y81.793 E2.79631
G1 X103.301 Y83.74 E2.91026
G1 X104.429 Y85.823 E3.02419
G1 X105.32 Y88.018 E3.13813
G1 X105.965 Y90.298 E3.25209
G1 X106.355 Y92.635 E3.36605
G1 X106.473 Y94.783 E3.46952
G1 X106.473 Y95.217 E3.49039
G1 X106.355 Y97.365 E3.59386
G1 X105.965 Y99.702 E3.70782
G1 X105.32 Y101.982 E3.82178
G1 X104.429 Y104.177 E3.93572
G1 X103.301 Y106.26 E4.04965
G1 X101.951 Y108.207 E4.1636
G1 X100.395 Y109.993 E4.27753
G1 X98.652 Y111.598 E4.39149
G1 X96.744 Y113.001 E4.5054
G1 X94.692 Y114.185 E4.61934
G1 X92.522 Y115.137 E4.73331
G1 X90.261 Y115.844 E4.84725
G1 X87.936 Y116.298 E4.96119
G1 X85.575 Y116.494 E5.07514
G1 X83.207 Y116.429 E5.18908
G1 X80.861 Y116.103 E5.303
G1 X78.564 Y115.522 E5.41696
G1 X76.346 Y114.691 E5.53088
G1 X74.232 Y113.621 E5.64484
G1 X72.249 Y112.326 E5.75875
G1 X70.42 Y110.82 E5.8727
G1 X68.768 Y109.122 E5.98664
G1 X67.313 Y107.252 E6.1006
G1 X66.072 Y105.234 E6.21454
G1 X65.061 Y103.092 E6.32846
G1 X64.292 Y100.851 E6.44241
G1 X63.774 Y98.539 E6.55637
G1 X63.513 Y96.185 E6.67028
G1 X63.513 Y93.815 E6.78427
G1 X63.774 Y91.461 E6.89818
G1 X64.292 Y89.149 E7.01214
G1 X65.061 Y86.909 E7.12605
G1 X66.072 Y84.766 E7.24002
G1 X67.313 Y82.748 E7.35396
G1 X68.768 Y80.878 E7.46792
G1 X70.42 Y79.18 E7.58186
G1 X72.249 Y77.674 E7.69581
G1 X74.232 Y76.379 E7.80972
G1 X76.346 Y75.309 E7.92368
G1 X78.564 Y74.478 E8.0376
G1 X80.861 Y73.897 E8.15156
G1 X83.207 Y73.571 E8.26548
G1 X85.575 Y73.506 E8.37942
G1 X87.902 Y73.699 E8.49172
G1 X87.994 Y73.32 F7800
G1 F3600
G1 X90.356 Y73.781 E8.60747
G1 X92.658 Y74.501 E8.72348
G1 X94.866 Y75.47 E8.83945
G1 X96.955 Y76.676 E8.95546
G1 X98.898 Y78.104 E9.07144
G1 X100.672 Y79.737 E9.18741
G1 X102.256 Y81.556 E9.30342
G1 X103.63 Y83.538 E9.41941
G1 X104.778 Y85.659 E9.53541
G1 X105.685 Y87.893 E9.65138
G1 X106.342 Y90.213 E9.76735
G1 X106.739 Y92.592 E9.88335
G1 X106.858 Y94.762 E9.98788
G1 X106.858 Y95.238 E10.01077
G1 X106.739 Y97.408 E10.1153
G1 X106.342 Y99.787 E10.2313
G1 X105.685 Y102.107 E10.34727
G1 X104.778 Y104.341 E10.46324
G1 X103.63 Y106.462 E10.57924
G1 X102.256 Y108.444 E10.69523
G1 X100.672 Y110.263 E10.81124
G1 X98.898 Y111.896 E10.92721
G1 X96.955 Y113.324 E11.04319
G1 X94.866 Y114.53 E11.1592
G1 X92.658 Y115.499 E11.27517
G1 X90.356 Y116.219 E11.39118
G1 X87.989 Y116.681 E11.50717
G1 X85.586 Y116.88 E11.62314
G1 X83.175 Y116.814 E11.73914
G1 X80.787 Y116.482 E11.8551
G1 X78.449 Y115.89 E11.9711
G1 X76.19 Y115.045 E12.0871
G1 X74.039 Y113.956 E12.20306
G1 X72.02 Y112.637 E12.31905
G1 X70.158 Y111.104 E12.43505
G1 X68.477 Y109.375 E12.55103
G1 X66.995 Y107.472 E12.66704
G1 X65.733 Y105.418 E12.78299
G1 X64.703 Y103.237 E12.899
G1 X63.92 Y100.956 E13.01499
G1 X63.393 Y98.603 E13.13096
G1 X63.128 Y96.206 E13.24695
G1 X63.128 Y93.794 E13.36296
G1 X63.393 Y91.397 E13.47895
G1 X63.92 Y89.044 E13.59492
G1 X64.703 Y86.763 E13.71091
G1 X65.733 Y84.582 E13.82692
G1 X66.995 Y82.528 E13.94287
G1 X68.477 Y80.625 E14.05888
G1 X70.158 Y78.896 E14.17486
G1 X72.02 Y77.363 E14.29086
G1 X74.039 Y76.044 E14.40685
G1 X76.19 Y74.955 E14.52281
G1 X78.449 Y74.11 E14.63881
G1 X80.787 Y73.518 E14.75481
G1 X83.175 Y73.186 E14.87077
G1 X85.586 Y73.12 E14.98677
G1 X87.934 Y73.314 E15.10009
G1 X88.026 Y72.935 F7800
;TYPE:External perimeter
G1 F1800
G1 X88.042 Y72.936 E15.10086
G1 X90.451 Y73.407 E15.21892
G1 X92.793 Y74.14 E15.33695
G1 X95.041 Y75.125 E15.45499
G1 X97.166 Y76.352 E15.57301
G1 X99.143 Y77.806 E15.69104
G1 X100.949 Y79.468 E15.80909
G1 X102.561 Y81.319 E15.92714
G1 X103.959 Y83.335 E16.04514
G1 X105.127 Y85.494 E16.1632
G1 X106.051 Y87.767 E16.28121
G1 X106.718 Y90.129 E16.39926
G1 X107.122 Y92.55 E16.51731
G1 X107.243 Y94.741 E16.62285
G1 X107.243 Y95.259 E16.64776
G1 X107.122 Y97.45 E16.7533
G1 X106.718 Y99.871 E16.87135
G1 X106.051 Y102.233 E16.9894
G1 X105.127 Y104.506 E17.10741
G1 X103.959 Y106.665 E17.22547
G1 X102.561 Y108.681 E17.34347
G1 X100.949 Y110.532 E17.46152
G1 X99.143 Y112.194 E17.57957
G1 X97.166 Y113.648 E17.6976
G1 X95.041 Y114.875 E17.81562
G1 X92.793 Y115.86 E17.93366
G1 X90.451 Y116.593 E18.05169
G1 X88.042 Y117.064 E18.16975
G1 X85.597 Y117.266 E18.28775
G1 X83.144 Y117.199 E18.40577
G1 X80.713 Y116.861 E18.52382
G1 X78.334 Y116.259 E18.64185
G1 X76.035 Y115.399 E18.75991
G1 X73.846 Y114.29 E18.87793
G1 X71.791 Y112.948 E18.99598
G1 X69.897 Y111.388 E19.114
G1 X68.185 Y109.629 E19.23206
G1 X66.678 Y107.692 E19.3501
G1 X65.393 Y105.602 E19.4681
G1 X64.346 Y103.382 E19.58615
G1 X63.549 Y101.061 E19.70418
G1 X63.012 Y98.666 E19.82223
G1 X62.742 Y96.227 E19.94025
G1 X62.742 Y93.773 E20.05828
G1 X63.012 Y91.334 E20.1763
G1 X63.549 Y88.939 E20.29435
G1 X64.346 Y86.618 E20.41238
G1 X65.393 Y84.398 E20.53043
G1 X66.678 Y82.308 E20.64843
G1 X68.185 Y80.371 E20.76647
G1 X69.897 Y78.612 E20.88453
G1 X71.791 Y77.052 E21.00255
G1 X73.846 Y75.71 E21.1206
G1 X76.035 Y74.601 E21.23862
G1 X78.334 Y73.741 E21.35668
G1 X80.713 Y73.139 E21.47471
G1 X83.144 Y72.801 E21.59276
G1 X85.597 Y72.734 E21.71078
G1 X87.966 Y72.93 E21.82511
G1 X88.36 Y73 F7800
G1 X88.136 Y74.035
;TYPE:Internal infill
;WIDTH:0.45
G1 F4200
G1 X85.833 Y73.818 E21.93637
G1 X73.707 Y77.067 E22.54016
G1 X72.42 Y77.908 E22.6141
G1 X71.821 Y78.401 E22.65141
G1 E20.65141 F2400
G92 E0
G1 X76.742 Y75.469 F7800
G1 E2 F2400
G1 F4200
G1 X74.664 Y76.484 E2.11123
G1 X79.27 Y81.09 E2.42452
G1 X81.043 Y81.09 E2.5098
G1 X96.211 Y77.025 E3.26507
G1 X95.859 Y76.822 E3.28461
G1 X94.716 Y81.09 E3.49712
G1 X95.63 Y81.09 E3.54108
G1 X88.683 Y74.142 E4.01364
G1 X90.485 Y74.529 E4.10229
G1 X88.727 Y81.09 E4.42898
G1 X87.45 Y81.09 E4.4904
G1 X80.617 Y74.257 E4.95517
G1 X78.425 Y74.839 E5.06425
G1 X76.751 Y81.09 E5.3755
G1 X72.315 Y81.09 E5.58886
G1 X71.815 Y81.197 E5.61345
G1 X71.451 Y81.451 E5.6348
G1 X70.013 Y80.013 E5.73261
G1 X70.616 Y79.393 E5.77421
G1 X71.387 Y78.759 E5.82222
G1 X65.086 Y102.273 E6.99306
G1 X65.448 Y103.233 E7.04241
G1 X71.072 Y101.726 E7.32245
G1 X71.072 Y102.281 E7.34914
G1 X69.225 Y109.176 E7.69246
G1 X68.563 Y108.387 E7.742
G1 X71.077 Y107.713 E7.86718
G1 X71.072 Y105.613 E7.96818
G1 X64.091 Y98.632 E8.44302
G1 X63.966 Y97.642 E8.49101
G1 X71.072 Y95.738 E8.84484
G1 X71.072 Y97.433 E8.92636
G1 X64.259 Y90.619 E9.38981
G1 X64.046 Y91.632 E9.4396
G1 X71.072 Y89.749 E9.78945
G1 X71.072 Y89.253 E9.81331
G1 X66.478 Y84.658 E10.12582
G1 X66.257 Y85.051 E10.14751
G1 X71.072 Y83.761 E10.38726
G1 X71.072 Y86.075 E10.49856
G1 E8.49856 F2400
G92 E0
G1 X85.053 Y81.09 F7800
G1 E2 F2400
G1 F4200
G1 X82.739 Y81.09 E2.1113
G1 X84.687 Y73.82 E2.4733
G1 E.4733 F2400
G92 E0
G1 X98.893 Y103.934 F7800
G1 E2 F2400
G1 F4200
G1 X98.893 Y106.248 E2.1113
G1 X103.672 Y104.968 E2.34926
G1 X103.488 Y105.308 E2.36785
G1 X98.893 Y100.713 E2.6804
G1 X98.893 Y100.26 E2.70219
G1 X105.891 Y98.385 E3.05064
G1 X105.727 Y99.367 E3.09852
G1 X98.893 Y92.533 E3.56336
G1 X98.893 Y94.271 E3.64695
G1 X106.016 Y92.363 E4.00162
G1 X105.838 Y91.298 E4.05355
G1 X98.893 Y84.353 E4.52594
G1 X98.887 Y82.296 E4.62488
G1 X101.416 Y81.619 E4.7508
G1 X100.763 Y80.869 E4.79863
G1 X98.893 Y87.847 E5.14609
G1 X98.893 Y88.283 E5.16706
G1 X104.505 Y86.78 E5.44649
G1 X104.904 Y87.763 E5.49752
G1 X98.613 Y111.241 E6.66657
G1 X99.981 Y109.981 E6.75602
G1 X98.532 Y108.532 E6.85458
G1 X98.338 Y108.699 E6.86689
G1 X97.995 Y108.86 E6.88511
G1 X97.647 Y108.91 E6.90202
G1 X93.249 Y108.91 E7.11355
G1 X91.583 Y115.128 E7.42316
G1 X90.19 Y115.563 E7.49335
G1 X89.364 Y115.725 E7.53383
G1 X82.55 Y108.91 E7.99734
G1 X81.273 Y108.91 E8.05876
G1 X79.517 Y115.465 E8.38515
G1 X81.337 Y115.877 E8.4749
G1 X74.37 Y108.91 E8.94879
G1 X75.284 Y108.91 E8.99275
G1 X74.132 Y113.211 E9.20691
G1 X73.776 Y112.978 E9.22737
G1 X88.957 Y108.91 E9.98328
G1 X90.73 Y108.91 E10.06856
G1 X95.313 Y113.493 E10.38029
G1 E8.38029 F2400
G92 E0
G1 X98.159 Y111.601 F7800
G1 E2 F2400
G1 F4200
G1 X96.273 Y112.939 E2.11122
G1 X84.223 Y116.167 E2.71122
G1 X83.231 Y116.14 E2.75895
G1 X81.922 Y115.959 E2.82251
G1 E.82251 F2400
G92 E0
G1 X87.615 Y116.035 F7800
G1 E2 F2400
G1 F4200
G1 X85.309 Y116.197 E2.11118
G1 X87.261 Y108.91 E2.47402
G1 X84.947 Y108.91 E2.58532
;LAYER_CHANGE
;Z:7.55
;HEIGHT:0.3
G1 E.58532 F2400
G92 E0
G1 Z7.55 F7800
G1 X98.313 Y108.33
G1 E2 F2400
;TYPE:Perimeter
;WIDTH:0.45
G1 F3600
G1 X98.161 Y108.469 E2.00991
G1 X97.912 Y108.582 E2.02306
G1 X97.584 Y108.621 E2.03895
G1 X72.326 Y108.621 E3.25377
G1 X71.929 Y108.536 E3.2733
G1 X71.635 Y108.329 E3.29059
G1 X71.481 Y108.122 E3.303
G1 X71.38 Y107.843 E3.31727
G1 X71.362 Y107.657 E3.32626
G1 X71.362 Y82.343 E4.54378
G1 X71.38 Y82.157 E4.55277
G1 X71.529 Y81.8 E4.57138
G1 X71.761 Y81.561 E4.5874
G1 X71.929 Y81.464 E4.59673
G1 X72.326 Y81.379 E4.61626
G1 X97.64 Y81.379 E5.83378
G1 X97.912 Y81.418 E5.847
G1 X98.293 Y81.634 E5.86806
G1 X98.466 Y81.845 E5.88118
G1 X98.555 Y82.039 E5.89145
G1 X98.604 Y82.343 E5.90626
G1 X98.604 Y107.657 E7.12378
G1 X98.555 Y107.961 E7.13859
G1 X98.4 Y108.251 E7.15441
G1 X98.357 Y108.29 E7.1572
G1 X98.047 Y108.06 F7800
G1 F3600
G1 X98.032 Y108.083 E7.15852
G1 X97.804 Y108.212 E7.17112
G1 X97.584 Y108.236 E7.18176
G1 X72.326 Y108.236 E8.39658
G1 X71.987 Y108.126 E8.41372
G1 X71.819 Y107.936 E8.42592
G1 X71.747 Y107.657 E8.43978
G1 X71.747 Y82.343 E9.6573
G1 X71.819 Y82.064 E9.67116
G1 X71.987 Y81.874 E9.68336
G1 X72.326 Y81.764 E9.7005
G1 X97.64 Y81.764 E10.91802
G1 X97.952 Y81.856 E10.93366
G1 X98.135 Y82.044 E10.94628
G1 X98.219 Y82.343 E10.96122
G1 X98.219 Y107.657 E12.17874
G1 X98.189 Y107.84 E12.18766
G1 X98.079 Y108.009 E12.19736
G1 X97.776 Y107.786 F7800
;TYPE:External perimeter
G1 F1800
G1 X97.771 Y107.799 E12.19803
G1 X97.64 Y107.85 E12.20479
G1 X72.326 Y107.85 E13.42231
G1 X72.188 Y107.792 E13.42951
G1 X72.133 Y107.657 E13.43652
G1 X72.133 Y82.343 E14.65404
G1 X72.195 Y82.201 E14.66149
G1 X72.326 Y82.15 E14.66825
G1 X97.64 Y82.15 E15.88577
G1 X97.792 Y82.224 E15.8939
G1 X97.833 Y82.343 E15.89995
G1 X97.833 Y107.657 E17.11747
G1 X97.801 Y107.731 E17.12135
G1 X97.417 Y107.844 F7800
G1 E15.12135 F2400
G92 E0
G1 X87.962 Y73.707 F7800
G1 E2 F2400
;TYPE:Perimeter
G1 F3600
G1 X90.261 Y74.156 E2.11266
G1 X92.522 Y74.863 E2.2266
G1 X94.692 Y75.815 E2.34057
G1 X96.744 Y76.999 E2.45451
G1 X98.652 Y78.402 E2.56842
G1 X100.395 Y80.007 E2.68238
G1 X101.951 Y81.793 E2.79631
G1 X103.301 Y83.74 E2.91026
G1 X104.429 Y85.823 E3.02419
G1 X105.32 Y88.018 E3.13813
G1 X105.965 Y90.298 E3.25209
G1 X106.355 Y92.635 E3.36605
G1 X106.473 Y94.783 E3.46952
G1 X106.473 Y95.217 E3.49039
G1 X106.355 Y97.365 E3.59386
G1 X105.965 Y99.702 E3.70782
G1 X105.32 Y101.982 E3.82178
G1 X104.429 Y104.177 E3.93572
G1 X103.301 Y106.26 E4.04965
G1 X101.951 Y108.207 E4.1636
G1 X100.395 Y109.993 E4.27753
G1 X98.652 Y111.598 E4.39149
G1 X96.744 Y113.001 E4.5054
G1 X94.692 Y114.185 E4.61934
G1 X92.522 Y115.137 E4.73331
G1 X90.261 Y115.844 E4.84725
G1 X87.936 Y116.298 E4.96119
G1 X85.575 Y116.494 E5.07514
G1 X83.207 Y116.429 E5.18908
G1 X80.861 Y116.103 E5.303
G1 X78.564 Y115.522 E5.41696
G1 X76.346 Y114.691 E5.53088
G1 X74.232 Y113.621 E5.64484
G1 X72.249 Y112.326 E5.75875
G1 X70.42 Y110.82 E5.8727
G1 X68.768 Y109.122 E5.98664
G1 X67.313 Y107.252 E6.1006
G1 X66.072 Y105.234 E6.21454
G1 X65.061 Y103.092 E6.32846
G1 X64.292 Y100.851 E6.44241
G1 X63.774 Y98.539 E6.55637
G1 X63.513 Y96.185 E6.67028
G1 X63.513 Y93.815 E6.78427
G1 X63.774 Y91.461 E6.89818
G1 X64.292 Y89.149 E7.01214
G1 X65.061 Y86.909 E7.12605
G1 X66.072 Y84.766 E7.24002
G1 X67.313 Y82.748 E7.35396
G1 X68.768 Y80.878 E7.46792
G1 X70.42 Y79.18 E7.58186
G1 X72.249 Y77.674 E7.69581
G1 X74.232 Y76.379 E7.80972
G1 X76.346 Y75.309 E7.92368
G1 X78.564 Y74.478 E8.0376
G1 X80.861 Y73.897 E8.15156
G1 X83.207 Y73.571 E8.26548
G1 X85.575 Y73.506 E8.37942
G1 X87.902 Y73.699 E8.49172
G1 X87.994 Y73.32 F7800
G1 F3600
G1 X90.356 Y73.781 E8.60747
G1 X92.658 Y74.501 E8.72348
G1 X94.866 Y75.47 E8.83945
G1 X96.955 Y76.676 E8.95546
G1 X98.898 Y78.104 E9.07144
G1 X100.672 Y79.737 E9.18741
G1 X102.256 Y81.556 E9.30342
G1 X103.63 Y83.538 E9.41941
G1 X104.778 Y85.659 E9.53541
G1 X105.685 Y87.893 E9.65138
G1 X106.342 Y90.213 E9.76735
G1 X106.739 Y92.592 E9.88335
G1 X106.858 Y94.762 E9.98788
G1 X106.858 Y95.238 E10.01077
G1 X106.739 Y97.408 E10.1153
G1 X106.342 Y99.787 E10.2313
G1 X105.685 Y102.107 E10.34727
G1 X104.778 Y104.341 E10.46324
G1 X103.63 Y106.462 E10.57924
G1 X102.256 Y108.444 E10.69523
G1 X100.672 Y110.263 E10.81124
G1 X98.898 Y111.896 E10.92721
G1 X96.955 Y113.324 E11.04319
G1 X94.866 Y114.53 E11.1592
G1 X92.658 Y115.499 E11.27517
G1 X90.356 Y116.219 E11.39118
G1 X87.989 Y116.681 E11.50717
G1 X85.586 Y116.88 E11.62314
G1 X83.175 Y116.814 E11.73914
G1 X80.787 Y116.482 E11.8551
G1 X78.449 Y115.89 E11.9711
G1 X76.19 Y115.045 E12.0871
G1 X74.039 Y113.956 E12.20306
G1 X72.02 Y112.637 E12.31905
G1 X70.158 Y111.104 E12.43505
G1 X68.477 Y109.375 E12.55103
G1 X66.995 Y107.472 E12.66704
G1 X65.733 Y105.418 E12.78299
G1 X64.703 Y103.237 E12.899
G1 X63.92 Y100.956 E13.01499
G1 X63.393 Y98.603 E13.13096
G1 X63.128 Y96.206 E13.24695
G1 X63.128 Y93.794 E13.36296
G1 X63.393 Y91.397 E13.47895
G1 X63.92 Y89.044 E13.59492
G1 X64.703 Y86.763 E13.71091
G1 X65.733 Y84.582 E13.82692
G1 X66.995 Y82.528 E13.94287
G1 X68.477 Y80.625 E14.05888
G1 X70.158 Y78.896 E14.17486
G1 X72.02 Y77.363 E14.29086
G1 X74.039 Y76.044 E14.40685
G1 X76.19 Y74.955 E14.52281
G1 X78.449 Y74.11 E14.63881
G1 X80.787 Y73.518 E14.75481
G1 X83.175 Y73.186 E14.87077
G1 X85.586 Y73.12 E14.98677
G1 X87.934 Y73.314 E15.10009
G1 X88.026 Y72.935 F7800
;TYPE:External perimeter
G1 F1800
G1 X88.042 Y72.936 E15.10086
G1 X90.451 Y73.407 E15.21892
G1 X92.793 Y74.14 E15.33695
G1 X95.041 Y75.125 E15.45499
G1 X97.166 Y76.352 E15.57301
G1 X99.143 Y77.806 E15.69104
G1 X100.949 Y79.468 E15.80909
G1 X102.561 Y81.319 E15.92714
G1 X103.959 Y83.335 E16.04514
G1 X105.127 Y85.494 E16.1632
G1 X106.051 Y87.767 E16.28121
G1 X106.718 Y90.129 E16.39926
G1 X107.122 Y92.55 E16.51731
G1 X107.243 Y94.741 E16.62285
G1 X107.243 Y95.259 E16.64776
G1 X107.122 Y97.45 E16.7533
G1 X106.718 Y99.871 E16.87135
G1 X106.051 Y102.233 E16.9894
G1 X105.127 Y104.506 E17.10741
G1 X103.959 Y106.665 E17.22547
G1 X102.561 Y108.681 E17.34347
G1 X100.949 Y110.532 E17.46152
G1 X99.143 Y112.194 E17.57957
G1 X97.166 Y113.648 E17.6976
G1 X95.041 Y114.875 E17.81562
G1 X92.793 Y115.86 E17.93366
G1 X90.451 Y116.593 E18.05169
G1 X88.042 Y117.064 E18.16975
G1 X85.597 Y117.266 E18.28775
G1 X83.144 Y117.199 E18.40577
G1 X80.713 Y116.861 E18.52382
G1 X78.334 Y116.259 E18.64185
G1 X76.035 Y115.399 E18.75991
G1 X73.846 Y114.29 E18.87793
G1 X71.791 Y112.948 E18.99598
G1 X69.897 Y111.388 E19.114
G1 X68.185 Y109.629 E19.23206
G1 X66.678 Y107.692 E19.3501
G1 X65.393 Y105.602 E19.4681
G1 X64.346 Y103.382 E19.58615
G1 X63.549 Y101.061 E19.70418
G1 X63.012 Y98.666 E19.82223
G1 X62.742 Y96.227 E19.94025
G1 X62.742 Y93.773 E20.05828
G1 X63.012 Y91.334 E20.1763
G1 X63.549 Y88.939 E20.29435
G1 X64.346 Y86.618 E20.41238
G1 X65.393 Y84.398 E20.53043
G1 X66.678 Y82.308 E20.64843
G1 X68.185 Y80.371 E20.76647
G1 X69.897 Y78.612 E20.88453
G1 X71.791 Y77.052 E21.00255
G1 X73.846 Y75.71 E21.1206
G1 X76.035 Y74.601 E21.23862
G1 X78.334 Y73.741 E21.35668
G1 X80.713 Y73.139 E21.47471
G1 X83.144 Y72.801 E21.59276
G1 X85.597 Y72.734 E21.71078
G1 X87.966 Y72.93 E21.82511
G1 X88.36 Y73 F7800
G1 X88.136 Y74.035
;TYPE:Internal infill
;WIDTH:0.45
G1 F4200
G1 X85.833 Y73.818 E21.93637
G1 X73.707 Y77.067 E22.54016
G1 X72.42 Y77.908 E22.6141
G1 X71.821 Y78.401 E22.65141
G1 E20.65141 F2400
G92 E0
G1 X76.742 Y75.469 F7800
G1 E2 F2400
G1 F4200
G1 X74.664 Y76.484 E2.11123
G1 X79.27 Y81.09 E2.42452
G1 X81.043 Y81.09 E2.5098
G1 X96.211 Y77.025 E3.26507
G1 X95.859 Y76.822 E3.28461
G1 X94.716 Y81.09 E3.49712
G1 X95.63 Y81.09 E3.54108
G1 X88.683 Y74.142 E4.01364
G1 X90.485 Y74.529 E4.10229
G1 X88.727 Y81.09 E4.42898
G1 X87.45 Y81.09 E4.4904
G1 X80.617 Y74.257 E4.95517
G1 X78.425 Y74.839 E5.06425
G1 X76.751 Y81.09 E5.3755
G1 X72.315 Y81.09 E5.58886
G1 X71.815 Y81.197 E5.61345
G1 X71.451 Y81.451 E5.6348
G1 X70.013 Y80.013 E5.73261
G1 X70.616 Y79.393 E5.77421
G1 X71.387 Y78.759 E5.82222
G1 X65.086 Y102.273 E6.99306
G1 X65.448 Y103.233 E7.04241
G1 X71.072 Y101.726 E7.32245
G1 X71.072 Y102.281 E7.34914
G1 X69.225 Y109.176 E7.69246
G1 X68.563 Y108.387 E7.742
G1 X71.077 Y107.713 E7.86718
G1 X71.072 Y105.613 E7.96818
G1 X64.091 Y98.632 E8.44302
G1 X63.966 Y97.642 E8.49101
G1 X71.072 Y95.738 E8.84484
G1 X71.072 Y97.433 E8.92636
G1 X64.259 Y90.619 E9.38981
G1 X64.046 Y91.632 E9.4396
G1 X71.072 Y89.749 E9.78945
G1 X71.072 Y89.253 E9.81331
G1 X66.478 Y84.658 E10.12582
G1 X66.257 Y85.051 E10.14751
G1 X71.072 Y83.761 E10.38726
G1 X71.072 Y86.075 E10.49856
G1 E8.49856 F2400
G92 E0
G1 X85.053 Y81.09 F7800
G1 E2 F2400
G1 F4200
G1 X82.739 Y81.09 E2.1113
G1 X84.687 Y73.82 E2.4733
G1 E.4733 F2400
G92 E0
G1 X98.893 Y103.934 F7800
G1 E2 F2400
G1 F4200
G1 X98.893 Y106.248 E2.1113
G1 X103.672 Y104.968 E2.34926
G1 X103.488 Y105.308 E2.36785
G1 X98.893 Y100.713 E2.6804
G1 X98.893 Y100.26 E2.70219
G1 X105.891 Y98.385 E3.05064
G1 X105.727 Y99.367 E3.09852
G1 X98.893 Y92.533 E3.56336
G1 X98.893 Y94.271 E3.64695
G1 X106.016 Y92.363 E4.00162
G1 X105.838 Y91.298 E4.05355
G1 X98.893 Y84.353 E4.52594
G1 X98.887 Y82.296 E4.62488
G1 X101.416 Y81.619 E4.7508
G1 X100.763 Y80.869 E4.79863
G1 X98.893 Y87.847 E5.14609
G1 X98.893 Y88.283 E5.16706
G1 X104.505 Y86.78 E5.44649
G1 X104.904 Y87.763 E5.49752
G1 X98.613 Y111.241 E6.66657
G1 X99.981 Y109.981 E6.75602
G1 X98.532 Y108.532 E6.85458
G1 X98.338 Y108.699 E6.86689
G1 X97.995 Y108.86 E6.88511
G1 X97.647 Y108.91 E6.90202
G1 X93.249 Y108.91 E7.11355
G1 X91.583 Y115.128 E7.42316
G1 X90.19 Y115.563 E7.49335
G1 X89.364 Y115.725 E7.53383
G1 X82.55 Y108.91 E7.99734
G1 X81.273 Y108.91 E8.05876
G1 X79.517 Y115.465 E8.38515
G1 X81.337 Y115.877 E8.4749
G1 X74.37 Y108.91 E8.94879
G1 X75.284 Y108.91 E8.99275
G1 X74.132 Y113.211 E9.20691
G1 X73.776 Y112.978 E9.22737
G1 X88.957 Y108.91 E9.98328
G1 X90.73 Y108.91 E10.06856
G1 X95.313 Y113.493 E10.38029
G1 E8.38029 F2400
G92 E0
G1 X98.159 Y111.601 F7800
G1 E2 F2400
G1 F4200
G1 X96.273 Y112.939 E2.11122
G1 X84.223 Y116.167 E2.71122
G1 X83.231 Y116.14 E2.75895
G1 X81.922 Y115.959 E2.82251
G1 E.82251 F2400
G92 E0
G1 X87.615 Y116.035 F7800
G1 E2 F2400
G1 F4200
G1 X85.309 Y116.197 E2.11118
G1 X87.261 Y108.91 E2.47402
G1 X84.947 Y108.91 E2.58532
;LAYER_CHANGE
;Z:7.85
;HEIGHT:0.3
G1 E.58532 F2400
G92 E0
G1 Z7.85 F7800
G1 X98.313 Y108.33
G1 E2 F2400
;TYPE:Perimeter
;WIDTH:0.45
G1 F3600
G1 X98.161 Y108.469 E2.00991
G1 X97.912 Y108.582 E2.02306
G1 X97.584 Y108.621 E2.03895
G1 X72.326 Y108.621 E3.25377
G1 X71.929 Y108.536 E3.2733
G1 X71.635 Y108.329 E3.29059
G1 X71.481 Y108.122 E3.303
G1 X71.38 Y107.843 E3.31727
G1 X71.362 Y107.657 E3.32626
G1 X71.362 Y82.343 E4.54378
G1 X71.38 Y82.157 E4.55277
G1 X71.529 Y81.8 E4.57138
G1 X71.761 Y81.561 E4.5874
G1 X71.929 Y81.464 E4.59673
G1 X72.326 Y81.379 E4.61626
G1 X97.64 Y81.379 E5.83378
G1 X97.912 Y81.418 E5.847
G1 X98.293 Y81.634 E5.86806
G1 X98.466 Y81.845 E5.88118
G1 X98.555 Y82.039 E5.89145
G1 X98.604 Y82.343 E5.90626
G1 X98.604 Y107.657 E7.12378
G1 X98.555 Y107.961 E7.13859
G1 X98.4 Y108.251 E7.15441
G1 X98.357 Y108.29 E7.1572
G1 X98.047 Y108.06 F7800
G1 F3600
G1 X98.032 Y108.083 E7.15852
G1 X97.804 Y108.212 E7.17112
G1 X97.584 Y108.236 E7.18176
G1 X72.326 Y108.236 E8.39658
G1 X71.987 Y108.126 E8.41372
G1 X71.819 Y107.936 E8.42592
G1 X71.747 Y107.657 E8.43978
G1 X71.747 Y82.343 E9.6573
G1 X71.819 Y82.064 E9.67116
G1 X71.987 Y81.874 E9.68336
G1 X72.326 Y81.764 E9.7005
G1 X97.64 Y81.764 E10.91802
G1 X97.952 Y81.856 E10.93366
G1 X98.135 Y82.044 E10.94628
G1 X98.219 Y82.343 E10.96122
G1 X98.219 Y107.657 E12.17874
G1 X98.189 Y107.84 E12.18766
G1 X98.079 Y108.009 E12.19736
G1 X97.776 Y107.786 F7800
;TYPE:External perimeter
G1 F1800
G1 X97.771 Y107.799 E12.19803
G1 X97.64 Y107.85 E12.20479
G1 X72.326 Y107.85 E13.42231
G1 X72.188 Y107.792 E13.42951
G1 X72.133 Y107.657 E13.43652
G1 X72.133 Y82.343 E14.65404
G1 X72.195 Y82.201 E14.66149
G1 X72.326 Y82.15 E14.66825
G1 X97.64 Y82.15 E15.88577
G1 X97.792 Y82.224 E15.8939
G1 X97.833 Y82.343 E15.89995
G1 X97.833 Y107.657 E17.11747
G1 X97.801 Y107.731 E17.12135
G1 X97.417 Y107.844 F7800
G1 E15.12135 F2400
G92 E0
G1 X87.962 Y73.707 F7800
G1 E2 F2400
;TYPE:Perimeter
G1 F3600
G1 X90.261 Y74.156 E2.11266
G1 X92.522 Y74.863 E2.2266
G1 X94.692 Y75.815 E2.34057
G1 X96.744 Y76.999 E2.45451
G1 X98.652 Y78.402 E2.56842
G1 X100.395 Y80.007 E2.68238
G1 X101.951 Y81.793 E2.79631
G1 X103.301 Y83.74 E2.91026
G1 X104.429 Y85.823 E3.02419
G1 X105.32 Y88.018 E3.13813
G1 X105.965 Y90.298 E3.25209
G1 X106.355 Y92.635 E3.36605
G1 X106.473 Y94.783 E3.46952
G1 X106.473 Y95.217 E3.49039
G1 X106.355 Y97.365 E3.59386
G1 X105.965 Y99.702 E3.70782
G1 X105.32 Y101.982 E3.82178
G1 X104.429 Y104.177 E3.93572
G1 X103.301 Y106.26 E4.04965
G1 X101.951 Y108.207 E4.1636
G1 X100.395 Y109.993 E4.27753
G1 X98.652 Y111.598 E4.39149
G1 X96.744 Y113.001 E4.5054
G1 X94.692 Y114.185 E4.61934
G1 X92.522 Y115.137 E4.73331
G1 X90.261 Y115.844 E4.84725
G1 X87.936 Y116.298 E4.96119
G1 X85.575 Y116.494 E5.07514
G1 X83.207 Y116.429 E5.18908
G1 X80.861 Y116.103 E5.303
G1 X78.564 Y115.522 E5.41696
G1 X76.346 Y114.691 E5.53088
G1 X74.232 Y113.621 E5.64484
G1 X72.249 Y112.326 E5.75875
G1 X70.42 Y110.82 E5.8727
G1 X68.768 Y109.122 E5.98664
G1 X67.313 Y107.252 E6.1006
G1 X66.072 Y105.234 E6.21454
G1 X65.061 Y103.091 E6.32851
G1 X64.292 Y100.851 E6.44242
G1 X63.774 Y98.539 E6.55638
G1 X63.513 Y96.185 E6.67029
G1 X63.513 Y93.815 E6.78428
G1 X63.774 Y91.461 E6.89819
G1 X64.292 Y89.149 E7.01215
G1 X65.061 Y86.909 E7.12606
G1 X66.072 Y84.766 E7.24003
G1 X67.313 Y82.748 E7.35397
G1 X68.768 Y80.878 E7.46793
G1 X70.42 Y79.18 E7.58187
G1 X72.249 Y77.674 E7.69582
G1 X74.232 Y76.379 E7.80973
G1 X76.346 Y75.309 E7.92369
G1 X78.564 Y74.478 E8.03761
G1 X80.861 Y73.897 E8.15157
G1 X83.207 Y73.571 E8.26549
G1 X85.575 Y73.506 E8.37943
G1 X87.902 Y73.699 E8.49173
G1 X87.994 Y73.32 F7800
G1 F3600
G1 X90.356 Y73.781 E8.60748
G1 X92.658 Y74.501 E8.72349
G1 X94.866 Y75.47 E8.83946
G1 X96.955 Y76.676 E8.95547
G1 X98.898 Y78.104 E9.07145
G1 X100.672 Y79.737 E9.18742
G1 X102.256 Y81.556 E9.30343
G1 X103.63 Y83.538 E9.41942
G1 X104.778 Y85.659 E9.53542
G1 X105.685 Y87.893 E9.65139
G1 X106.342 Y90.213 E9.76736
G1 X106.739 Y92.592 E9.88336
G1 X106.858 Y94.762 E9.98789
G1 X106.858 Y95.238 E10.01078
G1 X106.739 Y97.408 E10.11531
G1 X106.342 Y99.787 E10.23131
G1 X105.685 Y102.107 E10.34728
G1 X104.778 Y104.341 E10.46325
G1 X103.63 Y106.462 E10.57925
G1 X102.256 Y108.444 E10.69524
G1 X100.672 Y110.263 E10.81125
G1 X98.898 Y111.896 E10.92722
G1 X96.955 Y113.324 E11.0432
G1 X94.866 Y114.53 E11.15921
G1 X92.658 Y115.499 E11.27518
G1 X90.356 Y116.219 E11.39119
G1 X87.989 Y116.681 E11.50718
G1 X85.586 Y116.88 E11.62315
G1 X83.175 Y116.814 E11.73915
G1 X80.787 Y116.482 E11.85511
G1 X78.449 Y115.89 E11.97111
G1 X76.19 Y115.045 E12.08711
G1 X74.039 Y113.956 E12.20307
G1 X72.02 Y112.637 E12.31906
G1 X70.158 Y111.104 E12.43506
G1 X68.477 Y109.375 E12.55104
G1 X66.995 Y107.472 E12.66705
G1 X65.733 Y105.418 E12.783
G1 X64.703 Y103.237 E12.89901
G1 X63.92 Y100.956 E13.015
G1 X63.393 Y98.603 E13.13097
G1 X63.128 Y96.206 E13.24696
G1 X63.128 Y93.794 E13.36297
G1 X63.393 Y91.397 E13.47896
G1 X63.92 Y89.044 E13.59493
G1 X64.703 Y86.763 E13.71092
G1 X65.733 Y84.582 E13.82693
G1 X66.995 Y82.528 E13.94288
G1 X68.477 Y80.625 E14.05889
G1 X70.158 Y78.896 E14.17487
G1 X72.02 Y77.363 E14.29087
G1 X74.039 Y76.044 E14.40686
G1 X76.19 Y74.955 E14.52282
G1 X78.449 Y74.11 E14.63882
G1 X80.787 Y73.518 E14.75482
G1 X83.175 Y73.186 E14.87078
G1 X85.586 Y73.12 E14.98678
G1 X87.934 Y73.314 E15.1001
G1 X88.026 Y72.935 F7800
;TYPE:External perimeter
G1 F1800
G1 X88.042 Y72.936 E15.10087
G1 X90.451 Y73.407 E15.21893
G1 X92.793 Y74.14 E15.33696
G1 X95.041 Y75.125 E15.455
G1 X97.166 Y76.352 E15.57302
G1 X99.143 Y77.806 E15.69105
G1 X100.949 Y79.468 E15.8091
G1 X102.561 Y81.319 E15.92715
G1 X103.959 Y83.335 E16.04515
G1 X105.127 Y85.494 E16.16321
G1 X106.051 Y87.767 E16.28122
G1 X106.718 Y90.129 E16.39927
G1 X107.122 Y92.55 E16.51732
G1 X107.243 Y94.741 E16.62286
G1 X107.243 Y95.259 E16.64777
G1 X107.122 Y97.45 E16.75331
G1 X106.718 Y99.871 E16.87136
G1 X106.051 Y102.233 E16.98941
G1 X105.127 Y104.506 E17.10742
G1 X103.959 Y106.665 E17.22548
G1 X102.561 Y108.681 E17.34348
G1 X100.949 Y110.532 E17.46153
G1 X99.143 Y112.194 E17.57958
G1 X97.166 Y113.648 E17.69761
G1 X95.041 Y114.875 E17.81563
G1 X92.793 Y115.86 E17.93367
G1 X90.451 Y116.593 E18.0517
G1 X88.042 Y117.064 E18.16976
G1 X85.597 Y117.266 E18.28776
G1 X83.144 Y117.199 E18.40578
G1 X80.713 Y116.861 E18.52383
G1 X78.334 Y116.259 E18.64186
G1 X76.035 Y115.399 E18.75992
G1 X73.846 Y114.29 E18.87794
G1 X71.791 Y112.948 E18.99599
G1 X69.897 Y111.388 E19.11401
G1 X68.185 Y109.629 E19.23207
G1 X66.678 Y107.692 E19.35011
G1 X65.393 Y105.602 E19.46811
G1 X64.346 Y103.382 E19.58616
G1 X63.549 Y101.061 E19.70419
G1 X63.012 Y98.666 E19.82224
G1 X62.742 Y96.227 E19.94026
G1 X62.742 Y93.773 E20.05829
G1 X63.012 Y91.334 E20.17631
G1 X63.549 Y88.939 E20.29436
G1 X64.346 Y86.618 E20.41239
G1 X65.393 Y84.398 E20.53044
G1 X66.678 Y82.308 E20.64844
G1 X68.185 Y80.371 E20.76648
G1 X69.897 Y78.612 E20.88454
G1 X71.791 Y77.052 E21.00256
G1 X73.846 Y75.71 E21.12061
G1 X76.035 Y74.601 E21.23863
G1 X78.334 Y73.741 E21.35669
G1 X80.713 Y73.139 E21.47472
G1 X83.144 Y72.801 E21.59277
G1 X85.597 Y72.734 E21.71079
G1 X87.966 Y72.93 E21.82512
G1 X88.36 Y73 F7800
G1 X88.136 Y74.035
;TYPE:Internal infill
;WIDTH:0.45
G1 F4200
G1 X85.833 Y73.818 E21.93638
G1 X73.707 Y77.067 E22.54017
G1 X72.42 Y77.908 E22.61411
G1 X71.821 Y78.401 E22.65142
G1 E20.65142 F2400
G92 E0
G1 X76.742 Y75.469 F7800
G1 E2 F2400
G1 F4200
G1 X74.664 Y76.484 E2.11123
G1 X79.27 Y81.09 E2.42452
G1 X81.043 Y81.09 E2.5098
G1 X96.211 Y77.025 E3.26507
G1 X95.859 Y76.822 E3.28461
G1 X94.716 Y81.09 E3.49712
G1 X95.63 Y81.09 E3.54108
G1 X88.683 Y74.142 E4.01364
G1 X90.485 Y74.529 E4.10229
G1 X88.727 Y81.09 E4.42898
G1 X87.45 Y81.09 E4.4904
G1 X80.617 Y74.257 E4.95517
G1 X78.425 Y74.839 E5.06425
G1 X76.751 Y81.09 E5.3755
G1 X72.315 Y81.09 E5.58886
G1 X71.815 Y81.197 E5.61345
G1 X71.451 Y81.451 E5.6348
G1 X70.013 Y80.013 E5.73261
G1 X70.616 Y79.393 E5.77421
G1 X71.387 Y78.759 E5.82222
G1 X65.086 Y102.273 E6.99306
G1 X65.448 Y103.233 E7.04241
G1 X71.072 Y101.726 E7.32245
G1 X71.072 Y102.281 E7.34914
G1 X69.225 Y109.176 E7.69246
G1 X68.563 Y108.387 E7.742
G1 X71.077 Y107.713 E7.86718
G1 X71.072 Y105.613 E7.96818
G1 X64.091 Y98.632 E8.44302
G1 X63.966 Y97.642 E8.49101
G1 X71.072 Y95.738 E8.84484
G1 X71.072 Y97.433 E8.92636
G1 X64.259 Y90.619 E9.38981
G1 X64.046 Y91.632 E9.4396
G1 X71.072 Y89.749 E9.78945
G1 X71.072 Y89.253 E9.81331
G1 X66.478 Y84.658 E10.12582
G1 X66.257 Y85.051 E10.14751
G1 X71.072 Y83.761 E10.38726
G1 X71.072 Y86.075 E10.49856
G1 E8.49856 F2400
G92 E0
G1 X85.053 Y81.09 F7800
G1 E2 F2400
G1 F4200
G1 X82.739 Y81.09 E2.1113
G1 X84.687 Y73.82 E2.4733
G1 E.4733 F2400
G92 E0
G1 X98.893 Y103.934 F7800
G1 E2 F2400
G1 F4200
G1 X98.893 Y106.248 E2.1113
G1 X103.672 Y104.968 E2.34926
G1 X103.488 Y105.308 E2.36785
G1 X98.893 Y100.713 E2.6804
G1 X98.893 Y100.26 E2.70219
G1 X105.891 Y98.385 E3.05064
G1 X105.727 Y99.367 E3.09852
G1 X98.893 Y92.533 E3.56336
G1 X98.893 Y94.271 E3.64695
G1 X106.016 Y92.363 E4.00162
G1 X105.838 Y91.298 E4.05355
G1 X98.893 Y84.353 E4.52594
G1 X98.887 Y82.296 E4.62488
G1 X101.416 Y81.619 E4.7508
G1 X100.763 Y80.869 E4.79863
G1 X98.893 Y87.847 E5.14609
G1 X98.893 Y88.283 E5.16706
G1 X104.505 Y86.78 E5.44649
G1 X104.904 Y87.763 E5.49752
G1 X98.613 Y111.241 E6.66657
G1 X99.981 Y109.981 E6.75602
G1 X98.532 Y108.532 E6.85458
G1 X98.338 Y108.699 E6.86689
G1 X97.995 Y108.86 E6.88511
G1 X97.647 Y108.91 E6.90202
G1 X93.249 Y108.91 E7.11355
G1 X91.583 Y115.128 E7.42316
G1 X90.19 Y115.563 E7.49335
G1 X89.364 Y115.725 E7.53383
G1 X82.55 Y108.91 E7.99734
G1 X81.273 Y108.91 E8.05876
G1 X79.517 Y115.465 E8.38515
G1 X81.337 Y115.877 E8.4749
G1 X74.37 Y108.91 E8.94879
G1 X75.284 Y108.91 E8.99275
G1 X74.132 Y113.211 E9.20691
G1 X73.776 Y112.978 E9.22737
G1 X88.957 Y108.91 E9.98328
G1 X90.73 Y108.91 E10.06856
G1 X95.313 Y113.493 E10.38029
G1 E8.38029 F2400
G92 E0
G1 X98.159 Y111.601 F7800
G1 E2 F2400
G1 F4200
G1 X96.273 Y112.939 E2.11122
G1 X84.223 Y116.167 E2.71122
G1 X83.231 Y116.14 E2.75895
G1 X81.922 Y115.959 E2.82251
G1 E.82251 F2400
G92 E0
G1 X87.615 Y116.035 F7800
G1 E2 F2400
G1 F4200
G1 X85.309 Y116.197 E2.11118
G1 X87.261 Y108.91 E2.47402
G1 X84.947 Y108.91 E2.58532
;LAYER_CHANGE
;Z:8.15
;HEIGHT:0.3
G1 E.58532 F2400
G92 E0
G1 Z8.15 F7800
G1 X98.313 Y108.33
G1 E2 F2400
;TYPE:Perimeter
;WIDTH:0.45
G1 F3600
G1 X98.161 Y108.469 E2.00991
G1 X97.912 Y108.582 E2.02306
G1 X97.584 Y108.621 E2.03895
G1 X72.326 Y108.621 E3.25377
G1 X71.929 Y108.536 E3.2733
G1 X71.635 Y108.329 E3.29059
G1 X71.481 Y108.122 E3.303
G1 X71.38 Y107.843 E3.31727
G1 X71.362 Y107.657 E3.32626
G1 X71.362 Y82.343 E4.54378
G1 X71.38 Y82.157 E4.55277
G1 X71.529 Y81.8 E4.57138
G1 X71.761 Y81.561 E4.5874
G1 X71.929 Y81.464 E4.59673
G1 X72.326 Y81.379 E4.61626
G1 X97.64 Y81.379 E5.83378
G1 X97.912 Y81.418 E5.847
G1 X98.293 Y81.634 E5.86806
G1 X98.466 Y81.845 E5.88118
G1 X98.555 Y82.039 E5.89145
G1 X98.604 Y82.343 E5.90626
G1 X98.604 Y107.657 E7.12378
G1 X98.555 Y107.961 E7.13859
G1 X98.4 Y108.251 E7.15441
G1 X98.357 Y108.29 E7.1572
G1 X98.047 Y108.06 F7800
G1 F3600
G1 X98.032 Y108.083 E7.15852
G1 X97.804 Y108.212 E7.17112
G1 X97.584 Y108.236 E7.18176
G1 X72.326 Y108.236 E8.39658
G1 X71.987 Y108.126 E8.41372
G1 X71.819 Y107.936 E8.42592
G1 X71.747 Y107.657 E8.43978
G1 X71.747 Y82.343 E9.6573
G1 X71.819 Y82.064 E9.67116
G1 X71.987 Y81.874 E9.68336
G1 X72.326 Y81.764 E9.7005
G1 X97.64 Y81.764 E10.91802
G1 X97.952 Y81.856 E10.93366
G1 X98.135 Y82.044 E10.94628
G1 X98.219 Y82.343 E10.96122
G1 X98.219 Y107.657 E12.17874
G1 X98.189 Y107.84 E12.18766
G1 X98.079 Y108.009 E12.19736
G1 X97.776 Y107.786 F7800
;TYPE:External perimeter
G1 F1800
G1 X97.771 Y107.799 E12.19803
G1 X97.64 Y107.85 E12.20479
G1 X72.326 Y107.85 E13.42231
G1 X72.188 Y107.792 E13.42951
G1 X72.133 Y107.657 E13.43652
G1 X72.133 Y82.343 E14.65404
G1 X72.195 Y82.201 E14.66149
G1 X72.326 Y82.15 E14.66825
G1 X97.64 Y82.15 E15.88577
G1 X97.792 Y82.224 E15.8939
G1 X97.833 Y82.343 E15.89995
G1 X97.833 Y107.657 E17.11747
G1 X97.801 Y107.731 E17.12135
G1 X97.417 Y107.844 F7800
G1 E15.12135 F2400
G92 E0
G1 X87.962 Y73.707 F7800
G1 E2 F2400
;TYPE:Perimeter
G1 F3600
G1 X90.261 Y74.156 E2.11266
G1 X92.522 Y74.863 E2.2266
G1 X94.692 Y75.815 E2.34057
G1 X96.744 Y76.999 E2.45451
G1 X98.652 Y78.402 E2.56842
G1 X100.395 Y80.007 E2.68238
G1 X101.951 Y81.793 E2.79631
G1 X103.301 Y83.74 E2.91026
G1 X104.429 Y85.823 E3.02419
G1 X105.32 Y88.018 E3.13813
G1 X105.965 Y90.298 E3.25209
G1 X106.355 Y92.635 E3.36605
G1 X106.473 Y94.783 E3.46952
G1 X106.473 Y95.217 E3.49039
G1 X106.355 Y97.365 E3.59386
G1 X105.965 Y99.702 E3.70782
G1 X105.32 Y101.982 E3.82178
G1 X104.429 Y104.177 E3.93572
G1 X103.301 Y106.26 E4.04965
G1 X101.951 Y108.207 E4.1636
G1 X100.395 Y109.993 E4.27753
G1 X98.652 Y111.598 E4.39149
G1 X96.744 Y113.001 E4.5054
G1 X94.692 Y114.185 E4.61934
G1 X92.522 Y115.137 E4.73331
G1 X90.261 Y115.844 E4.84725
G1 X87.936 Y116.298 E4.96119
G1 X85.575 Y116.494 E5.07514
G1 X83.207 Y116.429 E5.18908
G1 X80.861 Y116.103 E5.303
G1 X78.564 Y115.522 E5.41696
G1 X76.346 Y114.691 E5.53088
G1 X74.232 Y113.621 E5.64484
G1 X72.249 Y112.326 E5.75875
G1 X70.42 Y110.82 E5.8727
G1 X68.768 Y109.122 E5.98664
G1 X67.313 Y107.252 E6.1006
G1 X66.072 Y105.234 E6.21454
G1 X65.061 Y103.091 E6.32851
G1 X64.292 Y100.851 E6.44242
G1 X63.774 Y98.539 E6.55638
G1 X63.513 Y96.185 E6.67029
G1 X63.513 Y93.815 E6.78428
G1 X63.774 Y91.461 E6.89819
G1 X64.292 Y89.149 E7.01215
G1 X65.061 Y86.909 E7.12606
G1 X66.072 Y84.766 E7.24003
G1 X67.313 Y82.748 E7.35397
G1 X68.768 Y80.878 E7.46793
G1 X70.42 Y79.18 E7.58187
G1 X72.249 Y77.674 E7.69582
G1 X74.232 Y76.379 E7.80973
G1 X76.346 Y75.309 E7.92369
G1 X78.564 Y74.478 E8.03761
G1 X80.861 Y73.897 E8.15157
G1 X83.207 Y73.571 E8.26549
G1 X85.575 Y73.506 E8.37943
G1 X87.902 Y73.699 E8.49173
G1 X87.994 Y73.32 F7800
G1 F3600
G1 X90.356 Y73.781 E8.60748
G1 X92.658 Y74.501 E8.72349
G1 X94.866 Y75.47 E8.83946
G1 X96.955 Y76.676 E8.95547
G1 X98.898 Y78.104 E9.07145
G1 X100.672 Y79.737 E9.18742
G1 X102.256 Y81.556 E9.30343
G1 X103.63 Y83.538 E9.41942
G1 X104.778 Y85.659 E9.53542
G1 X105.685 Y87.893 E9.65139
G1 X106.342 Y90.213 E9.76736
G1 X106.739 Y92.592 E9.88336
G1 X106.858 Y94.762 E9.98789
G1 X106.858 Y95.238 E10.01078
G1 X106.739 Y97.408 E10.11531
G1 X106.342 Y99.787 E10.23131
G1 X105.685 Y102.107 E10.34728
G1 X104.778 Y104.341 E10.46325
G1 X103.63 Y106.462 E10.57925
G1 X102.256 Y108.444 E10.69524
G1 X100.672 Y110.263 E10.81125
G1 X98.898 Y111.896 E10.92722
G1 X96.955 Y113.324 E11.0432
G1 X94.866 Y114.53 E11.15921
G1 X92.658 Y115.499 E11.27518
G1 X90.356 Y116.219 E11.39119
G1 X87.989 Y116.681 E11.50718
G1 X85.586 Y116.88 E11.62315
G1 X83.175 Y116.814 E11.73915
G1 X80.787 Y116.482 E11.85511
G1 X78.449 Y115.89 E11.97111
G1 X76.19 Y115.045 E12.08711
G1 X74.039 Y113.956 E12.20307
G1 X72.02 Y112.637 E12.31906
G1 X70.158 Y111.104 E12.43506
G1 X68.477 Y109.375 E12.55104
G1 X66.995 Y107.472 E12.66705
G1 X65.733 Y105.418 E12.783
G1 X64.703 Y103.237 E12.89901
G1 X63.92 Y100.956 E13.015
G1 X63.393 Y98.603 E13.13097
G1 X63.128 Y96.206 E13.24696
G1 X63.128 Y93.794 E13.36297
G1 X63.393 Y91.397 E13.47896
G1 X63.92 Y89.044 E13.59493
G1 X64.703 Y86.763 E13.71092
G1 X65.733 Y84.582 E13.82693
G1 X66.995 Y82.528 E13.94288
G1 X68.477 Y80.625 E14.05889
G1 X70.158 Y78.896 E14.17487
G1 X72.02 Y77.363 E14.29087
G1 X74.039 Y76.044 E14.40686
G1 X76.19 Y74.955 E14.52282
G1 X78.449 Y74.11 E14.63882
G1 X80.787 Y73.518 E14.75482
G1 X83.175 Y73.186 E14.87078
G1 X85.586 Y73.12 E14.98678
G1 X87.934 Y73.314 E15.1001
G1 X88.026 Y72.935 F7800
;TYPE:External perimeter
G1 F1800
G1 X88.042 Y72.936 E15.10087
G1 X90.451 Y73.407 E15.21893
G1 X92.793 Y74.14 E15.33696
G1 X95.041 Y75.125 E15.455
G1 X97.166 Y76.352 E15.57302
G1 X99.143 Y77.806 E15.69105
G1 X100.949 Y79.468 E15.8091
G1 X102.561 Y81.319 E15.92715
G1 X103.959 Y83.335 E16.04515
G1 X105.127 Y85.494 E16.16321
G1 X106.051 Y87.767 E16.28122
G1 X106.718 Y90.129 E16.39927
G1 X107.122 Y92.55 E16.51732
G1 X107.243 Y94.741 E16.62286
G1 X107.243 Y95.259 E16.64777
G1 X107.122 Y97.45 E16.75331
G1 X106.718 Y99.871 E16.87136
G1 X106.051 Y102.233 E16.98941
G1 X105.127 Y104.506 E17.10742
G1 X103.959 Y106.665 E17.22548
G1 X102.561 Y108.681 E17.34348
G1 X100.949 Y110.532 E17.46153
G1 X99.143 Y112.194 E17.57958
G1 X97.166 Y113.648 E17.69761
G1 X95.041 Y114.875 E17.81563
G1 X92.793 Y115.86 E17.93367
G1 X90.451 Y116.593 E18.0517
G1 X88.042 Y117.064 E18.16976
G1 X85.597 Y117.266 E18.28776
G1 X83.144 Y117.199 E18.40578
G1 X80.713 Y116.861 E18.52383
G1 X78.334 Y116.259 E18.64186
G1 X76.035 Y115.399 E18.75992
G1 X73.846 Y114.29 E18.87794
G1 X71.791 Y112.948 E18.99599
G1 X69.897 Y111.388 E19.11401
G1 X68.185 Y109.629 E19.23207
G1 X66.678 Y107.692 E19.35011
G1 X65.393 Y105.602 E19.46811
G1 X64.346 Y103.382 E19.58616
G1 X63.549 Y101.061 E19.70419
G1 X63.012 Y98.666 E19.82224
G1 X62.742 Y96.227 E19.94026
G1 X62.742 Y93.773 E20.05829
G1 X63.012 Y91.334 E20.17631
G1 X63.549 Y88.939 E20.29436
G1 X64.346 Y86.618 E20.41239
G1 X65.393 Y84.398 E20.53044
G1 X66.678 Y82.308 E20.64844
G1 X68.185 Y80.371 E20.76648
G1 X69.897 Y78.612 E20.88454
G1 X71.791 Y77.052 E21.00256
G1 X73.846 Y75.71 E21.12061
G1 X76.035 Y74.601 E21.23863
G1 X78.334 Y73.741 E21.35669
G1 X80.713 Y73.139 E21.47472
G1 X83.144 Y72.801 E21.59277
G1 X85.597 Y72.734 E21.71079
G1 X87.966 Y72.93 E21.82512
G1 X88.36 Y73 F7800
G1 X88.136 Y74.035
;TYPE:Internal infill
;WIDTH:0.45
G1 F4200
G1 X85.833 Y73.818 E21.93638
G1 X73.707 Y77.067 E22.54017
G1 X72.42 Y77.908 E22.61411
G1 X71.821 Y78.401 E22.65142
G1 E20.65142 F2400
G92 E0
G1 X76.742 Y75.469 F7800
G1 E2 F2400
G1 F4200
G1 X74.664 Y76.484 E2.11123
G1 X79.27 Y81.09 E2.42452
G1 X81.043 Y81.09 E2.5098
G1 X96.211 Y77.025 E3.26507
G1 X95.859 Y76.822 E3.28461
G1 X94.716 Y81.09 E3.49712
G1 X95.63 Y81.09 E3.54108
G1 X88.683 Y74.142 E4.01364
G1 X90.485 Y74.529 E4.10229
G1 X88.727 Y81.09 E4.42898
G1 X87.45 Y81.09 E4.4904
G1 X80.617 Y74.257 E4.95517
G1 X78.425 Y74.839 E5.06425
G1 X76.751 Y81.09 E5.3755
G1 X72.315 Y81.09 E5.58886
G1 X71.815 Y81.197 E5.61345
G1 X71.451 Y81.451 E5.6348
G1 X70.013 Y80.013 E5.73261
G1 X70.616 Y79.393 E5.77421
G1 X71.387 Y78.759 E5.82222
G1 X65.086 Y102.273 E6.99306
G1 X65.448 Y103.233 E7.04241
G1 X71.072 Y101.726 E7.32245
G1 X71.072 Y102.281 E7.34914
G1 X69.225 Y109.176 E7.69246
G1 X68.563 Y108.387 E7.742
G1 X71.077 Y107.713 E7.86718
G1 X71.072 Y105.613 E7.96818
G1 X64.091 Y98.632 E8.44302
G1 X63.966 Y97.642 E8.49101
G1 X71.072 Y95.738 E8.84484
G1 X71.072 Y97.433 E8.92636
G1 X64.259 Y90.619 E9.38981
G1 X64.046 Y91.632 E9.4396
G1 X71.072 Y89.749 E9.78945
G1 X71.072 Y89.253 E9.81331
G1 X66.478 Y84.658 E10.12582
G1 X66.257 Y85.051 E10.14751
G1 X71.072 Y83.761 E10.38726
G1 X71.072 Y86.075 E10.49856
G1 E8.49856 F2400
G92 E0
G1 X85.053 Y81.09 F7800
G1 E2 F2400
G1 F4200
G1 X82.739 Y81.09 E2.1113
G1 X84.687 Y73.82 E2.4733
G1 E.4733 F2400
G92 E0
G1 X98.893 Y103.934 F7800
G1 E2 F2400
G1 F4200
G1 X98.893 Y106.248 E2.1113
G1 X103.672 Y104.968 E2.34926
G1 X103.488 Y105.308 E2.36785
G1 X98.893 Y100.713 E2.6804
G1 X98.893 Y100.26 E2.70219
G1 X105.891 Y98.385 E3.05064
G1 X105.727 Y99.367 E3.09852
G1 X98.893 Y92.533 E3.56336
G1 X98.893 Y94.271 E3.64695
G1 X106.016 Y92.363 E4.00162
G1 X105.838 Y91.298 E4.05355
G1 X98.893 Y84.353 E4.52594
G1 X98.887 Y82.296 E4.62488
G1 X101.416 Y81.619 E4.7508
G1 X100.763 Y80.869 E4.79863
G1 X98.893 Y87.847 E5.14609
G1 X98.893 Y88.283 E5.16706
G1 X104.505 Y86.78 E5.44649
G1 X104.904 Y87.763 E5.49752
G1 X98.613 Y111.241 E6.66657
G1 X99.981 Y109.981 E6.75602
G1 X98.532 Y108.532 E6.85458
G1 X98.338 Y108.699 E6.86689
G1 X97.995 Y108.86 E6.88511
G1 X97.647 Y108.91 E6.90202
G1 X93.249 Y108.91 E7.11355
G1 X91.583 Y115.128 E7.42316
G1 X90.19 Y115.563 E7.49335
G1 X89.364 Y115.725 E7.53383
G1 X82.55 Y108.91 E7.99734
G1 X81.273 Y108.91 E8.05876
G1 X79.517 Y115.465 E8.38515
G1 X81.337 Y115.877 E8.4749
G1 X74.37 Y108.91 E8.94879
G1 X75.284 Y108.91 E8.99275
G1 X74.132 Y113.211 E9.20691
G1 X73.776 Y112.978 E9.22737
G1 X88.957 Y108.91 E9.98328
G1 X90.73 Y108.91 E10.06856
G1 X95.313 Y113.493 E10.38029
G1 E8.38029 F2400
G92 E0
G1 X98.159 Y111.601 F7800
G1 E2 F2400
G1 F4200
G1 X96.273 Y112.939 E2.11122
G1 X84.223 Y116.167 E2.71122
G1 X83.231 Y116.14 E2.75895
G1 X81.922 Y115.959 E2.82251
G1 E.82251 F2400
G92 E0
G1 X87.615 Y116.035 F7800
G1 E2 F2400
G1 F4200
G1 X85.309 Y116.197 E2.11118
G1 X87.261 Y108.91 E2.47402
G1 X84.947 Y108.91 E2.58532
;LAYER_CHANGE
;Z:8.45
;HEIGHT:0.3
G1 E.58532 F2400
G92 E0
G1 Z8.45 F7800
G1 X98.313 Y108.33
G1 E2 F2400
;TYPE:Perimeter
;WIDTH:0.45
G1 F3600
G1 X98.161 Y108.469 E2.00991
G1 X97.912 Y108.582 E2.02306
G1 X97.584 Y108.621 E2.03895
G1 X72.326 Y108.621 E3.25377
G1 X71.929 Y108.536 E3.2733
G1 X71.635 Y108.329 E3.29059
G1 X71.481 Y108.122 E3.303
G1 X71.38 Y107.843 E3.31727
G1 X71.362 Y107.657 E3.32626
G1 X71.362 Y82.343 E4.54378
G1 X71.38 Y82.157 E4.55277
G1 X71.529 Y81.8 E4.57138
G1 X71.761 Y81.561 E4.5874
G1 X71.929 Y81.464 E4.59673
G1 X72.326 Y81.379 E4.61626
G1 X97.64 Y81.379 E5.83378
G1 X97.912 Y81.418 E5.847
G1 X98.293 Y81.634 E5.86806
G1 X98.466 Y81.845 E5.88118
G1 X98.555 Y82.039 E5.89145
G1 X98.604 Y82.343 E5.90626
G1 X98.604 Y107.657 E7.12378
G1 X98.555 Y107.961 E7.13859
G1 X98.4 Y108.251 E7.15441
G1 X98.357 Y108.29 E7.1572
G1 X98.047 Y108.06 F7800
G1 F3600
G1 X98.032 Y108.083 E7.15852
G1 X97.804 Y108.212 E7.17112
G1 X97.584 Y108.236 E7.18176
G1 X72.326 Y108.236 E8.39658
G1 X71.987 Y108.126 E8.41372
G1 X71.819 Y107.936 E8.42592
G1 X71.747 Y107.657 E8.43978
G1 X71.747 Y82.343 E9.6573
G1 X71.819 Y82.064 E9.67116
G1 X71.987 Y81.874 E9.68336
G1 X72.326 Y81.764 E9.7005
G1 X97.64 Y81.764 E10.91802
G1 X97.952 Y81.856 E10.93366
G1 X98.135 Y82.044 E10.94628
G1 X98.219 Y82.343 E10.96122
G1 X98.219 Y107.657 E12.17874
G1 X98.189 Y107.84 E12.18766
G1 X98.079 Y108.009 E12.19736
G1 X97.776 Y107.786 F7800
;TYPE:External perimeter
G1 F1800
G1 X97.771 Y107.799 E12.19803
G1 X97.64 Y107.85 E12.20479
G1 X72.326 Y107.85 E13.42231
G1 X72.188 Y107.792 E13.42951
G1 X72.133 Y107.657 E13.43652
G1 X72.133 Y82.343 E14.65404
G1 X72.195 Y82.201 E14.66149
G1 X72.326 Y82.15 E14.66825
G1 X97.64 Y82.15 E15.88577
G1 X97.792 Y82.224 E15.8939
G1 X97.833 Y82.343 E15.89995
G1 X97.833 Y107.657 E17.11747
G1 X97.801 Y107.731 E17.12135
G1 X97.417 Y107.844 F7800
G1 E15.12135 F2400
G92 E0
G1 X87.962 Y73.707 F7800
G1 E2 F2400
;TYPE:Perimeter
G1 F3600
G1 X90.261 Y74.156 E2.11266
G1 X92.522 Y74.863 E2.2266
G1 X94.692 Y75.815 E2.34057
G1 X96.744 Y76.999 E2.45451
G1 X98.652 Y78.402 E2.56842
G1 X100.395 Y80.007 E2.68238
G1 X101.951 Y81.793 E2.79631
G1 X103.301 Y83.74 E2.91026
G1 X104.429 Y85.823 E3.02419
G1 X105.32 Y88.018 E3.13813
G1 X105.965 Y90.298 E3.25209
G1 X106.355 Y92.635 E3.36605
G1 X106.473 Y94.783 E3.46952
G1 X106.473 Y95.217 E3.49039
G1 X106.355 Y97.365 E3.59386
G1 X105.965 Y99.702 E3.70782
G1 X105.32 Y101.982 E3.82178
G1 X104.429 Y104.177 E3.93572
G1 X103.301 Y106.26 E4.04965
G1 X101.951 Y108.207 E4.1636
G1 X100.395 Y109.993 E4.27753
G1 X98.652 Y111.598 E4.39149
G1 X96.744 Y113.001 E4.5054
G1 X94.692 Y114.185 E4.61934
G1 X92.522 Y115.137 E4.73331
G1 X90.261 Y115.844 E4.84725
G1 X87.936 Y116.298 E4.96119
G1 X85.575 Y116.494 E5.07514
G1 X83.207 Y116.429 E5.18908
G1 X80.861 Y116.103 E5.303
G1 X78.564 Y115.522 E5.41696
G1 X76.346 Y114.691 E5.53088
G1 X74.232 Y113.621 E5.64484
G1 X72.249 Y112.326 E5.75875
G1 X70.42 Y110.82 E5.8727
G1 X68.768 Y109.122 E5.98664
G1 X67.313 Y107.252 E6.1006
G1 X66.072 Y105.234 E6.21454
G1 X65.061 Y103.091 E6.32851
G1 X64.292 Y100.851 E6.44242
G1 X63.774 Y98.539 E6.55638
G1 X63.513 Y96.185 E6.67029
G1 X63.513 Y93.815 E6.78428
G1 X63.774 Y91.461 E6.89819
G1 X64.292 Y89.149 E7.01215
G1 X65.061 Y86.909 E7.12606
G1 X66.072 Y84.766 E7.24003
G1 X67.313 Y82.748 E7.35397
G1 X68.768 Y80.878 E7.46793
G1 X70.42 Y79.18 E7.58187
G1 X72.249 Y77.674 E7.69582
G1 X74.232 Y76.379 E7.80973
G1 X76.346 Y75.309 E7.92369
G1 X78.564 Y74.478 E8.03761
G1 X80.861 Y73.897 E8.15157
G1 X83.207 Y73.571 E8.26549
G1 X85.575 Y73.506 E8.37943
G1 X87.902 Y73.699 E8.49173
G1 X87.994 Y73.32 F7800
G1 F3600
G1 X90.356 Y73.781 E8.60748
G1 X92.658 Y74.501 E8.72349
G1 X94.866 Y75.47 E8.83946
G1 X96.955 Y76.676 E8.95547
G1 X98.898 Y78.104 E9.07145
G1 X100.672 Y79.737 E9.18742
G1 X102.256 Y81.556 E9.30343
G1 X103.63 Y83.538 E9.41942
G1 X104.778 Y85.659 E9.53542
G1 X105.685 Y87.893 E9.65139
G1 X106.342 Y90.213 E9.76736
G1 X106.739 Y92.592 E9.88336
G1 X106.858 Y94.762 E9.98789
G1 X106.858 Y95.238 E10.01078
G1 X106.739 Y97.408 E10.11531
G1 X106.342 Y99.787 E10.23131
G1 X105.685 Y102.107 E10.34728
G1 X104.778 Y104.341 E10.46325
G1 X103.63 Y106.462 E10.57925
G1 X102.256 Y108.444 E10.69524
G1 X100.672 Y110.263 E10.81125
G1 X98.898 Y111.896 E10.92722
G1 X96.955 Y113.324 E11.0432
G1 X94.866 Y114.53 E11.15921
G1 X92.658 Y115.499 E11.27518
G1 X90.356 Y116.219 E11.39119
G1 X87.989 Y116.681 E11.50718
G1 X85.586 Y116.88 E11.62315
G1 X83.175 Y116.814 E11.73915
G1 X80.787 Y116.482 E11.85511
G1 X78.449 Y115.89 E11.97111
G1 X76.19 Y115.045 E12.08711
G1 X74.039 Y113.956 E12.20307
G1 X72.02 Y112.637 E12.31906
G1 X70.158 Y111.104 E12.43506
G1 X68.477 Y109.375 E12.55104
G1 X66.995 Y107.472 E12.66705
G1 X65.733 Y105.418 E12.783
G1 X64.703 Y103.237 E12.89901
G1 X63.92 Y100.956 E13.015
G1 X63.393 Y98.603 E13.13097
G1 X63.128 Y96.206 E13.24696
G1 X63.128 Y93.794 E13.36297
G1 X63.393 Y91.397 E13.47896
G1 X63.92 Y89.044 E13.59493
G1 X64.703 Y86.763 E13.71092
G1 X65.733 Y84.582 E13.82693
G1 X66.995 Y82.528 E13.94288
G1 X68.477 Y80.625 E14.05889
G1 X70.158 Y78.896 E14.17487
G1 X72.02 Y77.363 E14.29087
G1 X74.039 Y76.044 E14.40686
G1 X76.19 Y74.955 E14.52282
G1 X78.449 Y74.11 E14.63882
G1 X80.787 Y73.518 E14.75482
G1 X83.175 Y73.186 E14.87078
G1 X85.586 Y73.12 E14.98678
G1 X87.934 Y73.314 E15.1001
G1 X88.026 Y72.935 F7800
;TYPE:External perimeter
G1 F1800
G1 X88.042 Y72.936 E15.10087
G1 X90.451 Y73.407 E15.21893
G1 X92.793 Y74.14 E15.33696
G1 X95.041 Y75.125 E15.455
G1 X97.166 Y76.352 E15.57302
G1 X99.143 Y77.806 E15.69105
G1 X100.949 Y79.468 E15.8091
G1 X102.561 Y81.319 E15.92715
G1 X103.959 Y83.335 E16.04515
G1 X105.127 Y85.494 E16.16321
G1 X106.051 Y87.767 E16.28122
G1 X106.718 Y90.129 E16.39927
G1 X107.122 Y92.55 E16.51732
G1 X107.243 Y94.741 E16.62286
G1 X107.243 Y95.259 E16.64777
G1 X107.122 Y97.45 E16.75331
G1 X106.718 Y99.871 E16.87136
G1 X106.051 Y102.233 E16.98941
G1 X105.127 Y104.506 E17.10742
G1 X103.959 Y106.665 E17.22548
G1 X102.561 Y108.681 E17.34348
G1 X100.949 Y110.532 E17.46153
G1 X99.143 Y112.194 E17.57958
G1 X97.166 Y113.648 E17.69761
G1 X95.041 Y114.875 E17.81563
G1 X92.793 Y115.86 E17.93367
G1 X90.451 Y116.593 E18.0517
G1 X88.042 Y117.064 E18.16976
G1 X85.597 Y117.266 E18.28776
G1 X83.144 Y117.199 E18.40578
G1 X80.713 Y116.861 E18.52383
G1 X78.334 Y116.259 E18.64186
G1 X76.035 Y115.399 E18.75992
G1 X73.846 Y114.29 E18.87794
G1 X71.791 Y112.948 E18.99599
G1 X69.897 Y111.388 E19.11401
G1 X68.185 Y109.629 E19.23207
G1 X66.678 Y107.692 E19.35011
G1 X65.393 Y105.602 E19.46811
G1 X64.346 Y103.382 E19.58616
G1 X63.549 Y101.061 E19.70419
G1 X63.012 Y98.666 E19.82224
G1 X62.742 Y96.227 E19.94026
G1 X62.742 Y93.773 E20.05829
G1 X63.012 Y91.334 E20.17631
G1 X63.549 Y88.939 E20.29436
G1 X64.346 Y86.618 E20.41239
G1 X65.393 Y84.398 E20.53044
G1 X66.678 Y82.308 E20.64844
G1 X68.185 Y80.371 E20.76648
G1 X69.897 Y78.612 E20.88454
G1 X71.791 Y77.052 E21.00256
G1 X73.846 Y75.71 E21.12061
G1 X76.035 Y74.601 E21.23863
G1 X78.334 Y73.741 E21.35669
G1 X80.713 Y73.139 E21.47472
G1 X83.144 Y72.801 E21.59277
G1 X85.597 Y72.734 E21.71079
G1 X87.966 Y72.93 E21.82512
G1 X88.36 Y73 F7800
G1 X88.136 Y74.035
;TYPE:Internal infill
;WIDTH:0.45
G1 F4200
G1 X85.833 Y73.818 E21.93638
G1 X73.707 Y77.067 E22.54017
G1 X72.42 Y77.908 E22.61411
G1 X71.821 Y78.401 E22.65142
G1 E20.65142 F2400
G92 E0
G1 X76.742 Y75.469 F7800
G1 E2 F2400
G1 F4200
G1 X74.664 Y76.484 E2.11123
G1 X79.27 Y81.09 E2.42452
G1 X81.043 Y81.09 E2.5098
G1 X96.211 Y77.025 E3.26507
G1 X95.859 Y76.822 E3.28461
G1 X94.716 Y81.09 E3.49712
G1 X95.63 Y81.09 E3.54108
G1 X88.683 Y74.142 E4.01364
G1 X90.485 Y74.529 E4.10229
G1 X88.727 Y81.09 E4.42898
G1 X87.45 Y81.09 E4.4904
G1 X80.617 Y74.257 E4.95517
G1 X78.425 Y74.839 E5.06425
G1 X76.751 Y81.09 E5.3755
G1 X72.315 Y81.09 E5.58886
G1 X71.815 Y81.197 E5.61345
G1 X71.451 Y81.451 E5.6348
G1 X70.013 Y80.013 E5.73261
G1 X70.616 Y79.393 E5.77421
G1 X71.387 Y78.759 E5.82222
G1 X65.086 Y102.273 E6.99306
G1 X65.448 Y103.233 E7.04241
G1 X71.072 Y101.726 E7.32245
G1 X71.072 Y102.281 E7.34914
G1 X69.225 Y109.176 E7.69246
G1 X68.563 Y108.387 E7.742
G1 X71.077 Y107.713 E7.86718
G1 X71.072 Y105.613 E7.96818
G1 X64.091 Y98.632 E8.44302
G1 X63.966 Y97.642 E8.49101
G1 X71.072 Y95.738 E8.84484
G1 X71.072 Y97.433 E8.92636
G1 X64.259 Y90.619 E9.38981
G1 X64.046 Y91.632 E9.4396
G1 X71.072 Y89.749 E9.78945
G1 X71.072 Y89.253 E9.81331
G1 X66.478 Y84.658 E10.12582
G1 X66.257 Y85.051 E10.14751
G1 X71.072 Y83.761 E10.38726
G1 X71.072 Y86.075 E10.49856
G1 E8.49856 F2400
G92 E0
G1 X85.053 Y81.09 F7800
G1 E2 F2400
G1 F4200
G1 X82.739 Y81.09 E2.1113
G1 X84.687 Y73.82 E2.4733
G1 E.4733 F2400
G92 E0
G1 X98.893 Y103.934 F7800
G1 E2 F2400
G1 F4200
G1 X98.893 Y106.248 E2.1113
G1 X103.672 Y104.968 E2.34926
G1 X103.488 Y105.308 E2.36785
G1 X98.893 Y100.713 E2.6804
G1 X98.893 Y100.26 E2.70219
G1 X105.891 Y98.385 E3.05064
G1 X105.727 Y99.367 E3.09852
G1 X98.893 Y92.533 E3.56336
G1 X98.893 Y94.271 E3.64695
G1 X106.016 Y92.363 E4.00162
G1 X105.838 Y91.298 E4.05355
G1 X98.893 Y84.353 E4.52594
G1 X98.887 Y82.296 E4.62488
G1 X101.416 Y81.619 E4.7508
G1 X100.763 Y80.869 E4.79863
G1 X98.893 Y87.847 E5.14609
G1 X98.893 Y88.283 E5.16706
G1 X104.505 Y86.78 E5.44649
G1 X104.904 Y87.763 E5.49752
G1 X98.613 Y111.241 E6.66657
G1 X99.981 Y109.981 E6.75602
G1 X98.532 Y108.532 E6.85458
G1 X98.338 Y108.699 E6.86689
G1 X97.995 Y108.86 E6.88511
G1 X97.647 Y108.91 E6.90202
G1 X93.249 Y108.91 E7.11355
G1 X91.583 Y115.128 E7.42316
G1 X90.19 Y115.563 E7.49335
G1 X89.364 Y115.725 E7.53383
G1 X82.55 Y108.91 E7.99734
G1 X81.273 Y108.91 E8.05876
G1 X79.517 Y115.465 E8.38515
G1 X81.337 Y115.877 E8.4749
G1 X74.37 Y108.91 E8.94879
G1 X75.284 Y108.91 E8.99275
G1 X74.132 Y113.211 E9.20691
G1 X73.776 Y112.978 E9.22737
G1 X88.957 Y108.91 E9.98328
G1 X90.73 Y108.91 E10.06856
G1 X95.313 Y113.493 E10.38029
G1 E8.38029 F2400
G92 E0
G1 X98.159 Y111.601 F7800
G1 E2 F2400
G1 F4200
G1 X96.273 Y112.939 E2.11122
G1 X84.223 Y116.167 E2.71122
G1 X83.231 Y116.14 E2.75895
G1 X81.922 Y115.959 E2.82251
G1 E.82251 F2400
G92 E0
G1 X87.615 Y116.035 F7800
G1 E2 F2400
G1 F4200
G1 X85.309 Y116.197 E2.11118
G1 X87.261 Y108.91 E2.47402
G1 X84.947 Y108.91 E2.58532
;LAYER_CHANGE
;Z:8.75
;HEIGHT:0.3
G1 E.58532 F2400
G92 E0
G1 Z8.75 F7800
G1 X98.313 Y108.33
G1 E2 F2400
;TYPE:Perimeter
;WIDTH:0.45
G1 F3600
G1 X98.161 Y108.469 E2.00991
G1 X97.912 Y108.582 E2.02306
G1 X97.584 Y108.621 E2.03895
G1 X72.326 Y108.621 E3.25377
G1 X71.929 Y108.536 E3.2733
G1 X71.635 Y108.329 E3.29059
G1 X71.481 Y108.122 E3.303
G1 X71.38 Y107.843 E3.31727
G1 X71.362 Y107.657 E3.32626
G1 X71.362 Y82.343 E4.54378
G1 X71.38 Y82.157 E4.55277
G1 X71.529 Y81.8 E4.57138
G1 X71.761 Y81.561 E4.5874
G1 X71.929 Y81.464 E4.59673
G1 X72.326 Y81.379 E4.61626
G1 X97.64 Y81.379 E5.83378
G1 X97.912 Y81.418 E5.847
G1 X98.293 Y81.634 E5.86806
G1 X98.466 Y81.845 E5.88118
G1 X98.555 Y82.039 E5.89145
G1 X98.604 Y82.343 E5.90626
G1 X98.604 Y107.657 E7.12378
G1 X98.555 Y107.961 E7.13859
G1 X98.4 Y108.251 E7.15441
G1 X98.357 Y108.29 E7.1572
G1 X98.047 Y108.06 F7800
G1 F3600
G1 X98.032 Y108.083 E7.15852
G1 X97.804 Y108.212 E7.17112
G1 X97.584 Y108.236 E7.18176
G1 X72.326 Y108.236 E8.39658
G1 X71.987 Y108.126 E8.41372
G1 X71.819 Y107.936 E8.42592
G1 X71.747 Y107.657 E8.43978
G1 X71.747 Y82.343 E9.6573
G1 X71.819 Y82.064 E9.67116
G1 X71.987 Y81.874 E9.68336
G1 X72.326 Y81.764 E9.7005
G1 X97.64 Y81.764 E10.91802
G1 X97.952 Y81.856 E10.93366
G1 X98.135 Y82.044 E10.94628
G1 X98.219 Y82.343 E10.96122
G1 X98.219 Y107.657 E12.17874
G1 X98.189 Y107.84 E12.18766
G1 X98.079 Y108.009 E12.19736
G1 X97.776 Y107.786 F7800
;TYPE:External perimeter
G1 F1800
G1 X97.771 Y107.799 E12.19803
G1 X97.64 Y107.85 E12.20479
G1 X72.326 Y107.85 E13.42231
G1 X72.188 Y107.792 E13.42951
G1 X72.133 Y107.657 E13.43652
G1 X72.133 Y82.343 E14.65404
G1 X72.195 Y82.201 E14.66149
G1 X72.326 Y82.15 E14.66825
G1 X97.64 Y82.15 E15.88577
G1 X97.792 Y82.224 E15.8939
G1 X97.833 Y82.343 E15.89995
G1 X97.833 Y107.657 E17.11747
G1 X97.801 Y107.731 E17.12135
G1 X97.417 Y107.844 F7800
G1 E15.12135 F2400
G92 E0
G1 X87.962 Y73.707 F7800
G1 E2 F2400
;TYPE:Perimeter
G1 F3600
G1 X90.261 Y74.156 E2.11266
G1 X92.522 Y74.863 E2.2266
G1 X94.692 Y75.815 E2.34057
G1 X96.744 Y76.999 E2.45451
G1 X98.652 Y78.402 E2.56842
G1 X100.395 Y80.007 E2.68238
G1 X101.951 Y81.793 E2.79631
G1 X103.301 Y83.74 E2.91026
G1 X104.429 Y85.823 E3.02419
G1 X105.32 Y88.018 E3.13813
G1 X105.965 Y90.298 E3.25209
G1 X106.355 Y92.635 E3.36605
G1 X106.473 Y94.783 E3.46952
G1 X106.473 Y95.217 E3.49039
G1 X106.355 Y97.365 E3.59386
G1 X105.965 Y99.702 E3.70782
G1 X105.32 Y101.982 E3.82178
G1 X104.429 Y104.177 E3.93572
G1 X103.301 Y106.26 E4.04965
G1 X101.951 Y108.207 E4.1636
G1 X100.395 Y109.993 E4.27753
G1 X98.652 Y111.598 E4.39149
G1 X96.744 Y113.001 E4.5054
G1 X94.692 Y114.185 E4.61934
G1 X92.522 Y115.137 E4.73331
G1 X90.261 Y115.844 E4.84725
G1 X87.936 Y116.298 E4.96119
G1 X85.575 Y116.494 E5.07514
G1 X83.207 Y116.429 E5.18908
G1 X80.861 Y116.103 E5.303
G1 X78.564 Y115.522 E5.41696
G1 X76.346 Y114.691 E5.53088
G1 X74.232 Y113.621 E5.64484
G1 X72.249 Y112.326 E5.75875
G1 X70.42 Y110.82 E5.8727
G1 X68.768 Y109.122 E5.98664
G1 X67.313 Y107.252 E6.1006
G1 X66.072 Y105.234 E6.21454
G1 X65.061 Y103.091 E6.32851
G1 X64.292 Y100.851 E6.44242
G1 X63.774 Y98.539 E6.55638
G1 X63.513 Y96.185 E6.67029
G1 X63.513 Y93.815 E6.78428
G1 X63.774 Y91.461 E6.89819
G1 X64.292 Y89.149 E7.01215
G1 X65.061 Y86.909 E7.12606
G1 X66.072 Y84.766 E7.24003
G1 X67.313 Y82.748 E7.35397
G1 X68.768 Y80.878 E7.46793
G1 X70.42 Y79.18 E7.58187
G1 X72.249 Y77.674 E7.69582
G1 X74.232 Y76.379 E7.80973
G1 X76.346 Y75.309 E7.92369
G1 X78.564 Y74.478 E8.03761
G1 X80.861 Y73.897 E8.15157
G1 X83.207 Y73.571 E8.26549
G1 X85.575 Y73.506 E8.37943
G1 X87.902 Y73.699 E8.49173
G1 X87.994 Y73.32 F7800
G1 F3600
G1 X90.356 Y73.781 E8.60748
G1 X92.658 Y74.501 E8.72349
G1 X94.866 Y75.47 E8.83946
G1 X96.955 Y76.676 E8.95547
G1 X98.898 Y78.104 E9.07145
G1 X100.672 Y79.737 E9.18742
G1 X102.256 Y81.556 E9.30343
G1 X103.63 Y83.538 E9.41942
G1 X104.778 Y85.659 E9.53542
G1 X105.685 Y87.893 E9.65139
G1 X106.342 Y90.213 E9.76736
G1 X106.739 Y92.592 E9.88336
G1 X106.858 Y94.762 E9.98789
G1 X106.858 Y95.238 E10.01078
G1 X106.739 Y97.408 E10.11531
G1 X106.342 Y99.787 E10.23131
G1 X105.685 Y102.107 E10.34728
G1 X104.778 Y104.341 E10.46325
G1 X103.63 Y106.462 E10.57925
G1 X102.256 Y108.444 E10.69524
G1 X100.672 Y110.263 E10.81125
G1 X98.898 Y111.896 E10.92722
G1 X96.955 Y113.324 E11.0432
G1 X94.866 Y114.53 E11.15921
G1 X92.658 Y115.499 E11.27518
G1 X90.356 Y116.219 E11.39119
G1 X87.989 Y116.681 E11.50718
G1 X85.586 Y116.88 E11.62315
G1 X83.175 Y116.814 E11.73915
G1 X80.787 Y116.482 E11.85511
G1 X78.449 Y115.89 E11.97111
G1 X76.19 Y115.045 E12.08711
G1 X74.039 Y113.956 E12.20307
G1 X72.02 Y112.637 E12.31906
G1 X70.158 Y111.104 E12.43506
G1 X68.477 Y109.375 E12.55104
G1 X66.995 Y107.472 E12.66705
G1 X65.733 Y105.418 E12.783
G1 X64.703 Y103.237 E12.89901
G1 X63.92 Y100.956 E13.015
G1 X63.393 Y98.603 E13.13097
G1 X63.128 Y96.206 E13.24696
G1 X63.128 Y93.794 E13.36297
G1 X63.393 Y91.397 E13.47896
G1 X63.92 Y89.044 E13.59493
G1 X64.703 Y86.763 E13.71092
G1 X65.733 Y84.582 E13.82693
G1 X66.995 Y82.528 E13.94288
G1 X68.477 Y80.625 E14.05889
G1 X70.158 Y78.896 E14.17487
G1 X72.02 Y77.363 E14.29087
G1 X74.039 Y76.044 E14.40686
G1 X76.19 Y74.955 E14.52282
G1 X78.449 Y74.11 E14.63882
G1 X80.787 Y73.518 E14.75482
G1 X83.175 Y73.186 E14.87078
G1 X85.586 Y73.12 E14.98678
G1 X87.934 Y73.314 E15.1001
G1 X88.026 Y72.935 F7800
;TYPE:External perimeter
G1 F1800
G1 X88.042 Y72.936 E15.10087
G1 X90.451 Y73.407 E15.21893
G1 X92.793 Y74.14 E15.33696
G1 X95.041 Y75.125 E15.455
G1 X97.166 Y76.352 E15.57302
G1 X99.143 Y77.806 E15.69105
G1 X100.949 Y79.468 E15.8091
G1 X102.561 Y81.319 E15.92715
G1 X103.959 Y83.335 E16.04515
G1 X105.127 Y85.494 E16.16321
G1 X106.051 Y87.767 E16.28122
G1 X106.718 Y90.129 E16.39927
G1 X107.122 Y92.55 E16.51732
G1 X107.243 Y94.741 E16.62286
G1 X107.243 Y95.259 E16.64777
G1 X107.122 Y97.45 E16.75331
G1 X106.718 Y99.871 E16.87136
G1 X106.051 Y102.233 E16.98941
G1 X105.127 Y104.506 E17.10742
G1 X103.959 Y106.665 E17.22548
G1 X102.561 Y108.681 E17.34348
G1 X100.949 Y110.532 E17.46153
G1 X99.143 Y112.194 E17.57958
G1 X97.166 Y113.648 E17.69761
G1 X95.041 Y114.875 E17.81563
G1 X92.793 Y115.86 E17.93367
G1 X90.451 Y116.593 E18.0517
G1 X88.042 Y117.064 E18.16976
G1 X85.597 Y117.266 E18.28776
G1 X83.144 Y117.199 E18.40578
G1 X80.713 Y116.861 E18.52383
G1 X78.334 Y116.259 E18.64186
G1 X76.035 Y115.399 E18.75992
G1 X73.846 Y114.29 E18.87794
G1 X71.791 Y112.948 E18.99599
G1 X69.897 Y111.388 E19.11401
G1 X68.185 Y109.629 E19.23207
G1 X66.678 Y107.692 E19.35011
G1 X65.393 Y105.602 E19.46811
G1 X64.346 Y103.382 E19.58616
G1 X63.549 Y101.061 E19.70419
G1 X63.012 Y98.666 E19.82224
G1 X62.742 Y96.227 E19.94026
G1 X62.742 Y93.773 E20.05829
G1 X63.012 Y91.334 E20.17631
G1 X63.549 Y88.939 E20.29436
G1 X64.346 Y86.618 E20.41239
G1 X65.393 Y84.398 E20.53044
G1 X66.678 Y82.308 E20.64844
G1 X68.185 Y80.371 E20.76648
G1 X69.897 Y78.612 E20.88454
G1 X71.791 Y77.052 E21.00256
G1 X73.846 Y75.71 E21.12061
G1 X76.035 Y74.601 E21.23863
G1 X78.334 Y73.741 E21.35669
G1 X80.713 Y73.139 E21.47472
G1 X83.144 Y72.801 E21.59277
G1 X85.597 Y72.734 E21.71079
G1 X87.966 Y72.93 E21.82512
G1 X88.36 Y73 F7800
G1 X88.136 Y74.035
;TYPE:Internal infill
;WIDTH:0.45
G1 F4200
G1 X85.833 Y73.818 E21.93638
G1 X73.707 Y77.067 E22.54017
G1 X72.42 Y77.908 E22.61411
G1 X71.821 Y78.401 E22.65142
G1 E20.65142 F2400
G92 E0
G1 X76.742 Y75.469 F7800
G1 E2 F2400
G1 F4200
G1 X74.664 Y76.484 E2.11123
G1 X79.27 Y81.09 E2.42452
G1 X81.043 Y81.09 E2.5098
G1 X96.211 Y77.025 E3.26507
G1 X95.859 Y76.822 E3.28461
G1 X94.716 Y81.09 E3.49712
G1 X95.63 Y81.09 E3.54108
G1 X88.683 Y74.142 E4.01364
G1 X90.485 Y74.529 E4.10229
G1 X88.727 Y81.09 E4.42898
G1 X87.45 Y81.09 E4.4904
G1 X80.617 Y74.257 E4.95517
G1 X78.425 Y74.839 E5.06425
G1 X76.751 Y81.09 E5.3755
G1 X72.315 Y81.09 E5.58886
G1 X71.815 Y81.197 E5.61345
G1 X71.451 Y81.451 E5.6348
G1 X70.013 Y80.013 E5.73261
G1 X70.616 Y79.393 E5.77421
G1 X71.387 Y78.759 E5.82222
G1 X65.086 Y102.273 E6.99306
G1 X65.448 Y103.233 E7.04241
G1 X71.072 Y101.726 E7.32245
G1 X71.072 Y102.281 E7.34914
G1 X69.225 Y109.176 E7.69246
G1 X68.563 Y108.387 E7.742
G1 X71.077 Y107.713 E7.86718
G1 X71.072 Y105.613 E7.96818
G1 X64.091 Y98.632 E8.44302
G1 X63.966 Y97.642 E8.49101
G1 X71.072 Y95.738 E8.84484
G1 X71.072 Y97.433 E8.92636
G1 X64.259 Y90.619 E9.38981
G1 X64.046 Y91.632 E9.4396
G1 X71.072 Y89.749 E9.78945
G1 X71.072 Y89.253 E9.81331
G1 X66.478 Y84.658 E10.12582
G1 X66.257 Y85.051 E10.14751
G1 X71.072 Y83.761 E10.38726
G1 X71.072 Y86.075 E10.49856
G1 E8.49856 F2400
G92 E0
G1 X85.053 Y81.09 F7800
G1 E2 F2400
G1 F4200
G1 X82.739 Y81.09 E2.1113
G1 X84.687 Y73.82 E2.4733
G1 E.4733 F2400
G92 E0
G1 X98.893 Y103.934 F7800
G1 E2 F2400
G1 F4200
G1 X98.893 Y106.248 E2.1113
G1 X103.672 Y104.968 E2.34926
G1 X103.488 Y105.308 E2.36785
G1 X98.893 Y100.713 E2.6804
G1 X98.893 Y100.26 E2.70219
G1 X105.891 Y98.385 E3.05064
G1 X105.727 Y99.367 E3.09852
G1 X98.893 Y92.533 E3.56336
G1 X98.893 Y94.271 E3.64695
G1 X106.016 Y92.363 E4.00162
G1 X105.838 Y91.298 E4.05355
G1 X98.893 Y84.353 E4.52594
G1 X98.887 Y82.296 E4.62488
G1 X101.416 Y81.619 E4.7508
G1 X100.763 Y80.869 E4.79863
G1 X98.893 Y87.847 E5.14609
G1 X98.893 Y88.283 E5.16706
G1 X104.505 Y86.78 E5.44649
G1 X104.904 Y87.763 E5.49752
G1 X98.613 Y111.241 E6.66657
G1 X99.981 Y109.981 E6.75602
G1 X98.532 Y108.532 E6.85458
G1 X98.338 Y108.699 E6.86689
G1 X97.995 Y108.86 E6.88511
G1 X97.647 Y108.91 E6.90202
G1 X93.249 Y108.91 E7.11355
G1 X91.583 Y115.128 E7.42316
G1 X90.19 Y115.563 E7.49335
G1 X89.364 Y115.725 E7.53383
G1 X82.55 Y108.91 E7.99734
G1 X81.273 Y108.91 E8.05876
G1 X79.517 Y115.465 E8.38515
G1 X81.337 Y115.877 E8.4749
G1 X74.37 Y108.91 E8.94879
G1 X75.284 Y108.91 E8.99275
G1 X74.132 Y113.211 E9.20691
G1 X73.776 Y112.978 E9.22737
G1 X88.957 Y108.91 E9.98328
G1 X90.73 Y108.91 E10.06856
G1 X95.313 Y113.493 E10.38029
G1 E8.38029 F2400
G92 E0
G1 X98.159 Y111.601 F7800
G1 E2 F2400
G1 F4200
G1 X96.273 Y112.939 E2.11122
G1 X84.223 Y116.167 E2.71122
G1 X83.231 Y116.14 E2.75895
G1 X81.922 Y115.959 E2.82251
G1 E.82251 F2400
G92 E0
G1 X87.615 Y116.035 F7800
G1 E2 F2400
G1 F4200
G1 X85.309 Y116.197 E2.11118
G1 X87.261 Y108.91 E2.47402
G1 X84.947 Y108.91 E2.58532
;LAYER_CHANGE
;Z:9.05
;HEIGHT:0.3
G1 E.58532 F2400
G92 E0
G1 Z9.05 F7800
G1 X98.313 Y108.33
G1 E2 F2400
;TYPE:Perimeter
;WIDTH:0.45
G1 F3600
G1 X98.161 Y108.469 E2.00991
G1 X97.912 Y108.582 E2.02306
G1 X97.584 Y108.621 E2.03895
G1 X72.326 Y108.621 E3.25377
G1 X71.929 Y108.536 E3.2733
G1 X71.635 Y108.329 E3.29059
G1 X71.481 Y108.122 E3.303
G1 X71.38 Y107.843 E3.31727
G1 X71.362 Y107.657 E3.32626
G1 X71.362 Y82.343 E4.54378
G1 X71.38 Y82.157 E4.55277
G1 X71.529 Y81.8 E4.57138
G1 X71.761 Y81.561 E4.5874
G1 X71.929 Y81.464 E4.59673
G1 X72.326 Y81.379 E4.61626
G1 X97.64 Y81.379 E5.83378
G1 X97.912 Y81.418 E5.847
G1 X98.293 Y81.634 E5.86806
G1 X98.466 Y81.845 E5.88118
G1 X98.555 Y82.039 E5.89145
G1 X98.604 Y82.343 E5.90626
G1 X98.604 Y107.657 E7.12378
G1 X98.555 Y107.961 E7.13859
G1 X98.4 Y108.251 E7.15441
G1 X98.357 Y108.29 E7.1572
G1 X98.047 Y108.06 F7800
G1 F3600
G1 X98.032 Y108.083 E7.15852
G1 X97.804 Y108.212 E7.17112
G1 X97.584 Y108.236 E7.18176
G1 X72.326 Y108.236 E8.39658
G1 X71.987 Y108.126 E8.41372
G1 X71.819 Y107.936 E8.42592
G1 X71.747 Y107.657 E8.43978
G1 X71.747 Y82.343 E9.6573
G1 X71.819 Y82.064 E9.67116
G1 X71.987 Y81.874 E9.68336
G1 X72.326 Y81.764 E9.7005
G1 X97.64 Y81.764 E10.91802
G1 X97.952 Y81.856 E10.93366
G1 X98.135 Y82.044 E10.94628
G1 X98.219 Y82.343 E10.96122
G1 X98.219 Y107.657 E12.17874
G1 X98.189 Y107.84 E12.18766
G1 X98.079 Y108.009 E12.19736
G1 X97.776 Y107.786 F7800
;TYPE:External perimeter
G1 F1800
G1 X97.771 Y107.799 E12.19803
G1 X97.64 Y107.85 E12.20479
G1 X72.326 Y107.85 E13.42231
G1 X72.188 Y107.792 E13.42951
G1 X72.133 Y107.657 E13.43652
G1 X72.133 Y82.343 E14.65404
G1 X72.195 Y82.201 E14.66149
G1 X72.326 Y82.15 E14.66825
G1 X97.64 Y82.15 E15.88577
G1 X97.792 Y82.224 E15.8939
G1 X97.833 Y82.343 E15.89995
G1 X97.833 Y107.657 E17.11747
G1 X97.801 Y107.731 E17.12135
G1 X97.417 Y107.844 F7800
G1 E15.12135 F2400
G92 E0
G1 X87.962 Y73.707 F7800
G1 E2 F2400
;TYPE:Perimeter
G1 F3600
G1 X90.261 Y74.156 E2.11266
G1 X92.522 Y74.863 E2.2266
G1 X94.692 Y75.815 E2.34057
G1 X96.744 Y76.999 E2.45451
G1 X98.652 Y78.402 E2.56842
G1 X100.395 Y80.007 E2.68238
G1 X101.951 Y81.793 E2.79631
G1 X103.301 Y83.74 E2.91026
G1 X104.429 Y85.823 E3.02419
G1 X105.32 Y88.018 E3.13813
G1 X105.965 Y90.298 E3.25209
G1 X106.355 Y92.635 E3.36605
G1 X106.473 Y94.783 E3.46952
G1 X106.473 Y95.217 E3.49039
G1 X106.355 Y97.365 E3.59386
G1 X105.965 Y99.702 E3.70782
G1 X105.32 Y101.982 E3.82178
G1 X104.429 Y104.177 E3.93572
G1 X103.301 Y106.26 E4.04965
G1 X101.951 Y108.207 E4.1636
G1 X100.395 Y109.993 E4.27753
G1 X98.652 Y111.598 E4.39149
G1 X96.744 Y113.001 E4.5054
G1 X94.692 Y114.185 E4.61934
G1 X92.522 Y115.137 E4.73331
G1 X90.261 Y115.844 E4.84725
G1 X87.936 Y116.298 E4.96119
G1 X85.575 Y116.494 E5.07514
G1 X83.207 Y116.429 E5.18908
G1 X80.861 Y116.103 E5.303
G1 X78.564 Y115.522 E5.41696
G1 X76.346 Y114.691 E5.53088
G1 X74.232 Y113.621 E5.64484
G1 X72.249 Y112.326 E5.75875
G1 X70.42 Y110.82 E5.8727
G1 X68.768 Y109.122 E5.98664
G1 X67.313 Y107.252 E6.1006
G1 X66.072 Y105.234 E6.21454
G1 X65.061 Y103.091 E6.32851
G1 X64.292 Y100.851 E6.44242
G1 X63.774 Y98.539 E6.55638
G1 X63.513 Y96.185 E6.67029
G1 X63.513 Y93.815 E6.78428
G1 X63.774 Y91.461 E6.89819
G1 X64.292 Y89.149 E7.01215
G1 X65.061 Y86.909 E7.12606
G1 X66.072 Y84.766 E7.24003
G1 X67.313 Y82.748 E7.35397
G1 X68.768 Y80.878 E7.46793
G1 X70.42 Y79.18 E7.58187
G1 X72.249 Y77.674 E7.69582
G1 X74.232 Y76.379 E7.80973
G1 X76.346 Y75.309 E7.92369
G1 X78.564 Y74.478 E8.03761
G1 X80.861 Y73.897 E8.15157
G1 X83.207 Y73.571 E8.26549
G1 X85.575 Y73.506 E8.37943
G1 X87.902 Y73.699 E8.49173
G1 X87.994 Y73.32 F7800
G1 F3600
G1 X90.356 Y73.781 E8.60748
G1 X92.658 Y74.501 E8.72349
G1 X94.866 Y75.47 E8.83946
G1 X96.955 Y76.676 E8.95547
G1 X98.898 Y78.104 E9.07145
G1 X100.672 Y79.737 E9.18742
G1 X102.256 Y81.556 E9.30343
G1 X103.63 Y83.538 E9.41942
G1 X104.778 Y85.659 E9.53542
G1 X105.685 Y87.893 E9.65139
G1 X106.342 Y90.213 E9.76736
G1 X106.739 Y92.592 E9.88336
G1 X106.858 Y94.762 E9.98789
G1 X106.858 Y95.238 E10.01078
G1 X106.739 Y97.408 E10.11531
G1 X106.342 Y99.787 E10.23131
G1 X105.685 Y102.107 E10.34728
G1 X104.778 Y104.341 E10.46325
G1 X103.63 Y106.462 E10.57925
G1 X102.256 Y108.444 E10.69524
G1 X100.672 Y110.263 E10.81125
G1 X98.898 Y111.896 E10.92722
G1 X96.955 Y113.324 E11.0432
G1 X94.866 Y114.53 E11.15921
G1 X92.658 Y115.499 E11.27518
G1 X90.356 Y116.219 E11.39119
G1 X87.989 Y116.681 E11.50718
G1 X85.586 Y116.88 E11.62315
G1 X83.175 Y116.814 E11.73915
G1 X80.787 Y116.482 E11.85511
G1 X78.449 Y115.89 E11.97111
G1 X76.19 Y115.045 E12.08711
G1 X74.039 Y113.956 E12.20307
G1 X72.02 Y112.637 E12.31906
G1 X70.158 Y111.104 E12.43506
G1 X68.477 Y109.375 E12.55104
G1 X66.995 Y107.472 E12.66705
G1 X65.733 Y105.418 E12.783
G1 X64.703 Y103.237 E12.89901
G1 X63.92 Y100.956 E13.015
G1 X63.393 Y98.603 E13.13097
G1 X63.128 Y96.206 E13.24696
G1 X63.128 Y93.794 E13.36297
G1 X63.393 Y91.397 E13.47896
G1 X63.92 Y89.044 E13.59493
G1 X64.703 Y86.763 E13.71092
G1 X65.733 Y84.582 E13.82693
G1 X66.995 Y82.528 E13.94288
G1 X68.477 Y80.625 E14.05889
G1 X70.158 Y78.896 E14.17487
G1 X72.02 Y77.363 E14.29087
G1 X74.039 Y76.044 E14.40686
G1 X76.19 Y74.955 E14.52282
G1 X78.449 Y74.11 E14.63882
G1 X80.787 Y73.518 E14.75482
G1 X83.175 Y73.186 E14.87078
G1 X85.586 Y73.12 E14.98678
G1 X87.934 Y73.314 E15.1001
G1 X88.026 Y72.935 F7800
;TYPE:External perimeter
G1 F1800
G1 X88.042 Y72.936 E15.10087
G1 X90.451 Y73.407 E15.21893
G1 X92.793 Y74.14 E15.33696
G1 X95.041 Y75.125 E15.455
G1 X97.166 Y76.352 E15.57302
G1 X99.143 Y77.806 E15.69105
G1 X100.949 Y79.468 E15.8091
G1 X102.561 Y81.319 E15.92715
G1 X103.959 Y83.335 E16.04515
G1 X105.127 Y85.494 E16.16321
G1 X106.051 Y87.767 E16.28122
G1 X106.718 Y90.129 E16.39927
G1 X107.122 Y92.55 E16.51732
G1 X107.243 Y94.741 E16.62286
G1 X107.243 Y95.259 E16.64777
G1 X107.122 Y97.45 E16.75331
G1 X106.718 Y99.871 E16.87136
G1 X106.051 Y102.233 E16.98941
G1 X105.127 Y104.506 E17.10742
G1 X103.959 Y106.665 E17.22548
G1 X102.561 Y108.681 E17.34348
G1 X100.949 Y110.532 E17.46153
G1 X99.143 Y112.194 E17.57958
G1 X97.166 Y113.648 E17.69761
G1 X95.041 Y114.875 E17.81563
G1 X92.793 Y115.86 E17.93367
G1 X90.451 Y116.593 E18.0517
G1 X88.042 Y117.064 E18.16976
G1 X85.597 Y117.266 E18.28776
G1 X83.144 Y117.199 E18.40578
G1 X80.713 Y116.861 E18.52383
G1 X78.334 Y116.259 E18.64186
G1 X76.035 Y115.399 E18.75992
G1 X73.846 Y114.29 E18.87794
G1 X71.791 Y112.948 E18.99599
G1 X69.897 Y111.388 E19.11401
G1 X68.185 Y109.629 E19.23207
G1 X66.678 Y107.692 E19.35011
G1 X65.393 Y105.602 E19.46811
G1 X64.346 Y103.382 E19.58616
G1 X63.549 Y101.061 E19.70419
G1 X63.012 Y98.666 E19.82224
G1 X62.742 Y96.227 E19.94026
G1 X62.742 Y93.773 E20.05829
G1 X63.012 Y91.334 E20.17631
G1 X63.549 Y88.939 E20.29436
G1 X64.346 Y86.618 E20.41239
G1 X65.393 Y84.398 E20.53044
G1 X66.678 Y82.308 E20.64844
G1 X68.185 Y80.371 E20.76648
G1 X69.897 Y78.612 E20.88454
G1 X71.791 Y77.052 E21.00256
G1 X73.846 Y75.71 E21.12061
G1 X76.035 Y74.601 E21.23863
G1 X78.334 Y73.741 E21.35669
G1 X80.713 Y73.139 E21.47472
G1 X83.144 Y72.801 E21.59277
G1 X85.597 Y72.734 E21.71079
G1 X87.966 Y72.93 E21.82512
G1 X88.36 Y73 F7800
G1 X88.136 Y74.035
;TYPE:Internal infill
;WIDTH:0.45
G1 F4200
G1 X85.833 Y73.818 E21.93638
G1 X73.707 Y77.067 E22.54017
G1 X72.42 Y77.908 E22.61411
G1 X71.821 Y78.401 E22.65142
G1 E20.65142 F2400
G92 E0
G1 X76.742 Y75.469 F7800
G1 E2 F2400
G1 F4200
G1 X74.664 Y76.484 E2.11123
G1 X79.27 Y81.09 E2.42452
G1 X81.043 Y81.09 E2.5098
G1 X96.211 Y77.025 E3.26507
G1 X95.859 Y76.822 E3.28461
G1 X94.716 Y81.09 E3.49712
G1 X95.63 Y81.09 E3.54108
G1 X88.683 Y74.142 E4.01364
G1 X90.485 Y74.529 E4.10229
G1 X88.727 Y81.09 E4.42898
G1 X87.45 Y81.09 E4.4904
G1 X80.617 Y74.257 E4.95517
G1 X78.425 Y74.839 E5.06425
G1 X76.751 Y81.09 E5.3755
G1 X72.315 Y81.09 E5.58886
G1 X71.815 Y81.197 E5.61345
G1 X71.451 Y81.451 E5.6348
G1 X70.013 Y80.013 E5.73261
G1 X70.616 Y79.393 E5.77421
G1 X71.387 Y78.759 E5.82222
G1 X65.086 Y102.273 E6.99306
G1 X65.448 Y103.233 E7.04241
G1 X71.072 Y101.726 E7.32245
G1 X71.072 Y102.281 E7.34914
G1 X69.225 Y109.176 E7.69246
G1 X68.563 Y108.387 E7.742
G1 X71.077 Y107.713 E7.86718
G1 X71.072 Y105.613 E7.96818
G1 X64.091 Y98.632 E8.44302
G1 X63.966 Y97.642 E8.49101
G1 X71.072 Y95.738 E8.84484
G1 X71.072 Y97.433 E8.92636
G1 X64.259 Y90.619 E9.38981
G1 X64.046 Y91.632 E9.4396
G1 X71.072 Y89.749 E9.78945
G1 X71.072 Y89.253 E9.81331
G1 X66.478 Y84.658 E10.12582
G1 X66.257 Y85.051 E10.14751
G1 X71.072 Y83.761 E10.38726
G1 X71.072 Y86.075 E10.49856
G1 E8.49856 F2400
G92 E0
G1 X85.053 Y81.09 F7800
G1 E2 F2400
G1 F4200
G1 X82.739 Y81.09 E2.1113
G1 X84.687 Y73.82 E2.4733
G1 E.4733 F2400
G92 E0
G1 X98.893 Y103.934 F7800
G1 E2 F2400
G1 F4200
G1 X98.893 Y106.248 E2.1113
G1 X103.672 Y104.968 E2.34926
G1 X103.488 Y105.308 E2.36785
G1 X98.893 Y100.713 E2.6804
G1 X98.893 Y100.26 E2.70219
G1 X105.891 Y98.385 E3.05064
G1 X105.727 Y99.367 E3.09852
G1 X98.893 Y92.533 E3.56336
G1 X98.893 Y94.271 E3.64695
G1 X106.016 Y92.363 E4.00162
G1 X105.838 Y91.298 E4.05355
G1 X98.893 Y84.353 E4.52594
G1 X98.887 Y82.296 E4.62488
G1 X101.416 Y81.619 E4.7508
G1 X100.763 Y80.869 E4.79863
G1 X98.893 Y87.847 E5.14609
G1 X98.893 Y88.283 E5.16706
G1 X104.505 Y86.78 E5.44649
G1 X104.904 Y87.763 E5.49752
G1 X98.613 Y111.241 E6.66657
G1 X99.981 Y109.981 E6.75602
G1 X98.532 Y108.532 E6.85458
G1 X98.338 Y108.699 E6.86689
G1 X97.995 Y108.86 E6.88511
G1 X97.647 Y108.91 E6.90202
G1 X93.249 Y108.91 E7.11355
G1 X91.583 Y115.128 E7.42316
G1 X90.19 Y115.563 E7.49335
G1 X89.364 Y115.725 E7.53383
G1 X82.55 Y108.91 E7.99734
G1 X81.273 Y108.91 E8.05876
G1 X79.517 Y115.465 E8.38515
G1 X81.337 Y115.877 E8.4749
G1 X74.37 Y108.91 E8.94879
G1 X75.284 Y108.91 E8.99275
G1 X74.132 Y113.211 E9.20691
G1 X73.776 Y112.978 E9.22737
G1 X88.957 Y108.91 E9.98328
G1 X90.73 Y108.91 E10.06856
G1 X95.313 Y113.493 E10.38029
G1 E8.38029 F2400
G92 E0
G1 X98.159 Y111.601 F7800
G1 E2 F2400
G1 F4200
G1 X96.273 Y112.939 E2.11122
G1 X84.223 Y116.167 E2.71122
G1 X83.231 Y116.14 E2.75895
G1 X81.922 Y115.959 E2.82251
G1 E.82251 F2400
G92 E0
G1 X87.615 Y116.035 F7800
G1 E2 F2400
G1 F4200
G1 X85.309 Y116.197 E2.11118
G1 X87.261 Y108.91 E2.47402
G1 X84.947 Y108.91 E2.58532
;LAYER_CHANGE
;Z:9.35
;HEIGHT:0.3
G1 E.58532 F2400
G92 E0
G1 Z9.35 F7800
G1 X98.313 Y108.33
G1 E2 F2400
;TYPE:Perimeter
;WIDTH:0.45
G1 F3600
G1 X98.161 Y108.469 E2.00991
G1 X97.912 Y108.582 E2.02306
G1 X97.584 Y108.621 E2.03895
G1 X72.326 Y108.621 E3.25377
G1 X71.929 Y108.536 E3.2733
G1 X71.635 Y108.329 E3.29059
G1 X71.481 Y108.122 E3.303
G1 X71.38 Y107.843 E3.31727
G1 X71.362 Y107.657 E3.32626
G1 X71.362 Y82.343 E4.54378
G1 X71.38 Y82.157 E4.55277
G1 X71.529 Y81.8 E4.57138
G1 X71.761 Y81.561 E4.5874
G1 X71.929 Y81.464 E4.59673
G1 X72.326 Y81.379 E4.61626
G1 X97.64 Y81.379 E5.83378
G1 X97.912 Y81.418 E5.847
G1 X98.293 Y81.634 E5.86806
G1 X98.466 Y81.845 E5.88118
G1 X98.555 Y82.039 E5.89145
G1 X98.604 Y82.343 E5.90626
G1 X98.604 Y107.657 E7.12378
G1 X98.555 Y107.961 E7.13859
G1 X98.4 Y108.251 E7.15441
G1 X98.357 Y108.29 E7.1572
G1 X98.047 Y108.06 F7800
G1 F3600
G1 X98.032 Y108.083 E7.15852
G1 X97.804 Y108.212 E7.17112
G1 X97.584 Y108.236 E7.18176
G1 X72.326 Y108.236 E8.39658
G1 X71.987 Y108.126 E8.41372
G1 X71.819 Y107.936 E8.42592
G1 X71.747 Y107.657 E8.43978
G1 X71.747 Y82.343 E9.6573
G1 X71.819 Y82.064 E9.67116
G1 X71.987 Y81.874 E9.68336
G1 X72.326 Y81.764 E9.7005
G1 X97.64 Y81.764 E10.91802
G1 X97.952 Y81.856 E10.93366
G1 X98.135 Y82.044 E10.94628
G1 X98.219 Y82.343 E10.96122
G1 X98.219 Y107.657 E12.17874
G1 X98.189 Y107.84 E12.18766
G1 X98.079 Y108.009 E12.19736
G1 X97.776 Y107.786 F7800
;TYPE:External perimeter
G1 F1800
G1 X97.771 Y107.799 E12.19803
G1 X97.64 Y107.85 E12.20479
G1 X72.326 Y107.85 E13.42231
G1 X72.188 Y107.792 E13.42951
G1 X72.133 Y107.657 E13.43652
G1 X72.133 Y82.343 E14.65404
G1 X72.195 Y82.201 E14.66149
G1 X72.326 Y82.15 E14.66825
G1 X97.64 Y82.15 E15.88577
G1 X97.792 Y82.224 E15.8939
G1 X97.833 Y82.343 E15.89995
G1 X97.833 Y107.657 E17.11747
G1 X97.801 Y107.731 E17.12135
G1 X97.417 Y107.844 F7800
G1 E15.12135 F2400
G92 E0
G1 X87.962 Y73.707 F7800
G1 E2 F2400
;TYPE:Perimeter
G1 F3600
G1 X90.261 Y74.156 E2.11266
G1 X92.522 Y74.863 E2.2266
G1 X94.692 Y75.815 E2.34057
G1 X96.744 Y76.999 E2.45451
G1 X98.652 Y78.402 E2.56842
G1 X100.395 Y80.007 E2.68238
G1 X101.951 Y81.793 E2.79631
G1 X103.301 Y83.74 E2.91026
G1 X104.429 Y85.823 E3.02419
G1 X105.32 Y88.018 E3.13813
G1 X105.965 Y90.298 E3.25209
G1 X106.355 Y92.635 E3.36605
G1 X106.473 Y94.783 E3.46952
G1 X106.473 Y95.217 E3.49039
G1 X106.355 Y97.365 E3.59386
G1 X105.965 Y99.702 E3.70782
G1 X105.32 Y101.982 E3.82178
G1 X104.429 Y104.177 E3.93572
G1 X103.301 Y106.26 E4.04965
G1 X101.951 Y108.207 E4.1636
G1 X100.395 Y109.993 E4.27753
G1 X98.652 Y111.598 E4.39149
G1 X96.744 Y113.001 E4.5054
G1 X94.692 Y114.185 E4.61934
G1 X92.522 Y115.137 E4.73331
G1 X90.261 Y115.844 E4.84725
G1 X87.936 Y116.298 E4.96119
G1 X85.575 Y116.494 E5.07514
G1 X83.207 Y116.429 E5.18908
G1 X80.861 Y116.103 E5.303
G1 X78.564 Y115.522 E5.41696
G1 X76.346 Y114.691 E5.53088
G1 X74.232 Y113.621 E5.64484
G1 X72.249 Y112.326 E5.75875
G1 X70.42 Y110.82 E5.8727
G1 X68.768 Y109.122 E5.98664
G1 X67.313 Y107.252 E6.1006
G1 X66.072 Y105.234 E6.21454
G1 X65.061 Y103.091 E6.32851
G1 X64.292 Y100.851 E6.44242
G1 X63.774 Y98.539 E6.55638
G1 X63.513 Y96.185 E6.67029
G1 X63.513 Y93.815 E6.78428
G1 X63.774 Y91.461 E6.89819
G1 X64.292 Y89.149 E7.01215
G1 X65.061 Y86.909 E7.12606
G1 X66.072 Y84.766 E7.24003
G1 X67.313 Y82.748 E7.35397
G1 X68.768 Y80.878 E7.46793
G1 X70.42 Y79.18 E7.58187
G1 X72.249 Y77.674 E7.69582
G1 X74.232 Y76.379 E7.80973
G1 X76.346 Y75.309 E7.92369
G1 X78.564 Y74.478 E8.03761
G1 X80.861 Y73.897 E8.15157
G1 X83.207 Y73.571 E8.26549
G1 X85.575 Y73.506 E8.37943
G1 X87.902 Y73.699 E8.49173
G1 X87.994 Y73.32 F7800
G1 F3600
G1 X90.356 Y73.781 E8.60748
G1 X92.658 Y74.501 E8.72349
G1 X94.866 Y75.47 E8.83946
G1 X96.955 Y76.676 E8.95547
G1 X98.898 Y78.104 E9.07145
G1 X100.672 Y79.737 E9.18742
G1 X102.256 Y81.556 E9.30343
G1 X103.63 Y83.538 E9.41942
G1 X104.778 Y85.659 E9.53542
G1 X105.685 Y87.893 E9.65139
G1 X106.342 Y90.213 E9.76736
G1 X106.739 Y92.592 E9.88336
G1 X106.858 Y94.762 E9.98789
G1 X106.858 Y95.238 E10.01078
G1 X106.739 Y97.408 E10.11531
G1 X106.342 Y99.787 E10.23131
G1 X105.685 Y102.107 E10.34728
G1 X104.778 Y104.341 E10.46325
G1 X103.63 Y106.462 E10.57925
G1 X102.256 Y108.444 E10.69524
G1 X100.672 Y110.263 E10.81125
G1 X98.898 Y111.896 E10.92722
G1 X96.955 Y113.324 E11.0432
G1 X94.866 Y114.53 E11.15921
G1 X92.658 Y115.499 E11.27518
G1 X90.356 Y116.219 E11.39119
G1 X87.989 Y116.681 E11.50718
G1 X85.586 Y116.88 E11.62315
G1 X83.175 Y116.814 E11.73915
G1 X80.787 Y116.482 E11.85511
G1 X78.449 Y115.89 E11.97111
G1 X76.19 Y115.045 E12.08711
G1 X74.039 Y113.956 E12.20307
G1 X72.02 Y112.637 E12.31906
G1 X70.158 Y111.104 E12.43506
G1 X68.477 Y109.375 E12.55104
G1 X66.995 Y107.472 E12.66705
G1 X65.733 Y105.418 E12.783
G1 X64.703 Y103.237 E12.89901
G1 X63.92 Y100.956 E13.015
G1 X63.393 Y98.603 E13.13097
G1 X63.128 Y96.206 E13.24696
G1 X63.128 Y93.794 E13.36297
G1 X63.393 Y91.397 E13.47896
G1 X63.92 Y89.044 E13.59493
G1 X64.703 Y86.763 E13.71092
G1 X65.733 Y84.582 E13.82693
G1 X66.995 Y82.528 E13.94288
G1 X68.477 Y80.625 E14.05889
G1 X70.158 Y78.896 E14.17487
G1 X72.02 Y77.363 E14.29087
G1 X74.039 Y76.044 E14.40686
G1 X76.19 Y74.955 E14.52282
G1 X78.449 Y74.11 E14.63882
G1 X80.787 Y73.518 E14.75482
G1 X83.175 Y73.186 E14.87078
G1 X85.586 Y73.12 E14.98678
G1 X87.934 Y73.314 E15.1001
G1 X88.026 Y72.935 F7800
;TYPE:External perimeter
G1 F1800
G1 X88.042 Y72.936 E15.10087
G1 X90.451 Y73.407 E15.21893
G1 X92.793 Y74.14 E15.33696
G1 X95.041 Y75.125 E15.455
G1 X97.166 Y76.352 E15.57302
G1 X99.143 Y77.806 E15.69105
G1 X100.949 Y79.468 E15.8091
G1 X102.561 Y81.319 E15.92715
G1 X103.959 Y83.335 E16.04515
G1 X105.127 Y85.494 E16.16321
G1 X106.051 Y87.767 E16.28122
G1 X106.718 Y90.129 E16.39927
G1 X107.122 Y92.55 E16.51732
G1 X107.243 Y94.741 E16.62286
G1 X107.243 Y95.259 E16.64777
G1 X107.122 Y97.45 E16.75331
G1 X106.718 Y99.871 E16.87136
G1 X106.051 Y102.233 E16.98941
G1 X105.127 Y104.506 E17.10742
G1 X103.959 Y106.665 E17.22548
G1 X102.561 Y108.681 E17.34348
G1 X100.949 Y110.532 E17.46153
G1 X99.143 Y112.194 E17.57958
G1 X97.166 Y113.648 E17.69761
G1 X95.041 Y114.875 E17.81563
G1 X92.793 Y115.86 E17.93367
G1 X90.451 Y116.593 E18.0517
G1 X88.042 Y117.064 E18.16976
G1 X85.597 Y117.266 E18.28776
G1 X83.144 Y117.199 E18.40578
G1 X80.713 Y116.861 E18.52383
G1 X78.334 Y116.259 E18.64186
G1 X76.035 Y115.399 E18.75992
G1 X73.846 Y114.29 E18.87794
G1 X71.791 Y112.948 E18.99599
G1 X69.897 Y111.388 E19.11401
G1 X68.185 Y109.629 E19.23207
G1 X66.678 Y107.692 E19.35011
G1 X65.393 Y105.602 E19.46811
G1 X64.346 Y103.382 E19.58616
G1 X63.549 Y101.061 E19.70419
G1 X63.012 Y98.666 E19.82224
G1 X62.742 Y96.227 E19.94026
G1 X62.742 Y93.773 E20.05829
G1 X63.012 Y91.334 E20.17631
G1 X63.549 Y88.939 E20.29436
G1 X64.346 Y86.618 E20.41239
G1 X65.393 Y84.398 E20.53044
G1 X66.678 Y82.308 E20.64844
G1 X68.185 Y80.371 E20.76648
G1 X69.897 Y78.612 E20.88454
G1 X71.791 Y77.052 E21.00256
G1 X73.846 Y75.71 E21.12061
G1 X76.035 Y74.601 E21.23863
G1 X78.334 Y73.741 E21.35669
G1 X80.713 Y73.139 E21.47472
G1 X83.144 Y72.801 E21.59277
G1 X85.597 Y72.734 E21.71079
G1 X87.966 Y72.93 E21.82512
G1 X88.36 Y73 F7800
G1 X88.136 Y74.035
;TYPE:Internal infill
;WIDTH:0.45
G1 F4200
G1 X85.833 Y73.818 E21.93638
G1 X73.707 Y77.067 E22.54017
G1 X72.42 Y77.908 E22.61411
G1 X71.821 Y78.401 E22.65142
G1 E20.65142 F2400
G92 E0
G1 X76.742 Y75.469 F7800
G1 E2 F2400
G1 F4200
G1 X74.664 Y76.484 E2.11123
G1 X79.27 Y81.09 E2.42452
G1 X81.043 Y81.09 E2.5098
G1 X96.211 Y77.025 E3.26507
G1 X95.859 Y76.822 E3.28461
G1 X94.716 Y81.09 E3.49712
G1 X95.63 Y81.09 E3.54108
G1 X88.683 Y74.142 E4.01364
G1 X90.485 Y74.529 E4.10229
G1 X88.727 Y81.09 E4.42898
G1 X87.45 Y81.09 E4.4904
G1 X80.617 Y74.257 E4.95517
G1 X78.425 Y74.839 E5.06425
G1 X76.751 Y81.09 E5.3755
G1 X72.315 Y81.09 E5.58886
G1 X71.815 Y81.197 E5.61345
G1 X71.451 Y81.451 E5.6348
G1 X70.013 Y80.013 E5.73261
G1 X70.616 Y79.393 E5.77421
G1 X71.387 Y78.759 E5.82222
G1 X65.086 Y102.273 E6.99306
G1 X65.448 Y103.233 E7.04241
G1 X71.072 Y101.726 E7.32245
G1 X71.072 Y102.281 E7.34914
G1 X69.225 Y109.176 E7.69246
G1 X68.563 Y108.387 E7.742
G1 X71.077 Y107.713 E7.86718
G1 X71.072 Y105.613 E7.96818
G1 X64.091 Y98.632 E8.44302
G1 X63.966 Y97.642 E8.49101
G1 X71.072 Y95.738 E8.84484
G1 X71.072 Y97.433 E8.92636
G1 X64.259 Y90.619 E9.38981
G1 X64.046 Y91.632 E9.4396
G1 X71.072 Y89.749 E9.78945
G1 X71.072 Y89.253 E9.81331
G1 X66.478 Y84.658 E10.12582
G1 X66.257 Y85.051 E10.14751
G1 X71.072 Y83.761 E10.38726
G1 X71.072 Y86.075 E10.49856
G1 E8.49856 F2400
G92 E0
G1 X85.053 Y81.09 F7800
G1 E2 F2400
G1 F4200
G1 X82.739 Y81.09 E2.1113
G1 X84.687 Y73.82 E2.4733
G1 E.4733 F2400
G92 E0
G1 X98.893 Y103.934 F7800
G1 E2 F2400
G1 F4200
G1 X98.893 Y106.248 E2.1113
G1 X103.672 Y104.968 E2.34926
G1 X103.488 Y105.308 E2.36785
G1 X98.893 Y100.713 E2.6804
G1 X98.893 Y100.26 E2.70219
G1 X105.891 Y98.385 E3.05064
G1 X105.727 Y99.367 E3.09852
G1 X98.893 Y92.533 E3.56336
G1 X98.893 Y94.271 E3.64695
G1 X106.016 Y92.363 E4.00162
G1 X105.838 Y91.298 E4.05355
G1 X98.893 Y84.353 E4.52594
G1 X98.887 Y82.296 E4.62488
G1 X101.416 Y81.619 E4.7508
G1 X100.763 Y80.869 E4.79863
G1 X98.893 Y87.847 E5.14609
G1 X98.893 Y88.283 E5.16706
G1 X104.505 Y86.78 E5.44649
G1 X104.904 Y87.763 E5.49752
G1 X98.613 Y111.241 E6.66657
G1 X99.981 Y109.981 E6.75602
G1 X98.532 Y108.532 E6.85458
G1 X98.338 Y108.699 E6.86689
G1 X97.995 Y108.86 E6.88511
G1 X97.647 Y108.91 E6.90202
G1 X93.249 Y108.91 E7.11355
G1 X91.583 Y115.128 E7.42316
G1 X90.19 Y115.563 E7.49335
G1 X89.364 Y115.725 E7.53383
G1 X82.55 Y108.91 E7.99734
G1 X81.273 Y108.91 E8.05876
G1 X79.517 Y115.465 E8.38515
G1 X81.337 Y115.877 E8.4749
G1 X74.37 Y108.91 E8.94879
G1 X75.284 Y108.91 E8.99275
G1 X74.132 Y113.211 E9.20691
G1 X73.776 Y112.978 E9.22737
G1 X88.957 Y108.91 E9.98328
G1 X90.73 Y108.91 E10.06856
G1 X95.313 Y113.493 E10.38029
G1 E8.38029 F2400
G92 E0
G1 X98.159 Y111.601 F7800
G1 E2 F2400
G1 F4200
G1 X96.273 Y112.939 E2.11122
G1 X84.223 Y116.167 E2.71122
G1 X83.231 Y116.14 E2.75895
G1 X81.922 Y115.959 E2.82251
G1 E.82251 F2400
G92 E0
G1 X87.615 Y116.035 F7800
G1 E2 F2400
G1 F4200
G1 X85.309 Y116.197 E2.11118
G1 X87.261 Y108.91 E2.47402
G1 X84.947 Y108.91 E2.58532
;LAYER_CHANGE
;Z:9.65
;HEIGHT:0.299999
G1 E.58532 F2400
G92 E0
G1 Z9.65 F7800
G1 X98.313 Y108.33
G1 E2 F2400
;TYPE:Perimeter
;WIDTH:0.45
G1 F3600
G1 X98.161 Y108.469 E2.00991
G1 X97.912 Y108.582 E2.02306
G1 X97.584 Y108.621 E2.03895
G1 X72.326 Y108.621 E3.25377
G1 X71.929 Y108.536 E3.2733
G1 X71.635 Y108.329 E3.29059
G1 X71.481 Y108.122 E3.303
G1 X71.38 Y107.843 E3.31727
G1 X71.362 Y107.657 E3.32626
G1 X71.362 Y82.343 E4.54378
G1 X71.38 Y82.157 E4.55277
G1 X71.529 Y81.8 E4.57138
G1 X71.761 Y81.561 E4.5874
G1 X71.929 Y81.464 E4.59673
G1 X72.326 Y81.379 E4.61626
G1 X97.64 Y81.379 E5.83378
G1 X97.912 Y81.418 E5.847
G1 X98.293 Y81.634 E5.86806
G1 X98.466 Y81.845 E5.88118
G1 X98.555 Y82.039 E5.89145
G1 X98.604 Y82.343 E5.90626
G1 X98.604 Y107.657 E7.12378
G1 X98.555 Y107.961 E7.13859
G1 X98.4 Y108.251 E7.15441
G1 X98.357 Y108.29 E7.1572
G1 X98.047 Y108.06 F7800
G1 F3600
G1 X98.032 Y108.083 E7.15852
G1 X97.804 Y108.212 E7.17112
G1 X97.584 Y108.236 E7.18176
G1 X72.326 Y108.236 E8.39658
G1 X71.987 Y108.126 E8.41372
G1 X71.819 Y107.936 E8.42592
G1 X71.747 Y107.657 E8.43978
G1 X71.747 Y82.343 E9.6573
G1 X71.819 Y82.064 E9.67116
G1 X71.987 Y81.874 E9.68336
G1 X72.326 Y81.764 E9.7005
G1 X97.64 Y81.764 E10.91802
G1 X97.952 Y81.856 E10.93366
G1 X98.135 Y82.044 E10.94628
G1 X98.219 Y82.343 E10.96122
G1 X98.219 Y107.657 E12.17874
G1 X98.189 Y107.84 E12.18766
G1 X98.079 Y108.009 E12.19736
G1 X97.776 Y107.786 F7800
;TYPE:External perimeter
G1 F1800
G1 X97.771 Y107.799 E12.19803
G1 X97.64 Y107.85 E12.20479
G1 X72.326 Y107.85 E13.42231
G1 X72.188 Y107.792 E13.42951
G1 X72.133 Y107.657 E13.43652
G1 X72.133 Y82.343 E14.65404
G1 X72.195 Y82.201 E14.66149
G1 X72.326 Y82.15 E14.66825
G1 X97.64 Y82.15 E15.88577
G1 X97.792 Y82.224 E15.8939
G1 X97.833 Y82.343 E15.89995
G1 X97.833 Y107.657 E17.11747
G1 X97.801 Y107.731 E17.12135
G1 X97.417 Y107.844 F7800
G1 E15.12135 F2400
G92 E0
G1 X87.962 Y73.707 F7800
G1 E2 F2400
;TYPE:Perimeter
G1 F3600
G1 X90.261 Y74.156 E2.11266
G1 X92.522 Y74.863 E2.2266
G1 X94.692 Y75.815 E2.34057
G1 X96.744 Y76.999 E2.45451
G1 X98.652 Y78.402 E2.56842
G1 X100.395 Y80.007 E2.68238
G1 X101.951 Y81.793 E2.79631
G1 X103.301 Y83.74 E2.91026
G1 X104.429 Y85.823 E3.02419
G1 X105.32 Y88.018 E3.13813
G1 X105.965 Y90.298 E3.25209
G1 X106.355 Y92.635 E3.36605
G1 X106.473 Y94.783 E3.46952
G1 X106.473 Y95.217 E3.49039
G1 X106.355 Y97.365 E3.59386
G1 X105.965 Y99.702 E3.70782
G1 X105.32 Y101.982 E3.82178
G1 X104.429 Y104.177 E3.93572
G1 X103.301 Y106.26 E4.04965
G1 X101.951 Y108.207 E4.1636
G1 X100.395 Y109.993 E4.27753
G1 X98.652 Y111.598 E4.39149
G1 X96.744 Y113.001 E4.5054
G1 X94.692 Y114.185 E4.61934
G1 X92.522 Y115.137 E4.73331
G1 X90.261 Y115.844 E4.84725
G1 X87.936 Y116.298 E4.96119
G1 X85.575 Y116.494 E5.07514
G1 X83.207 Y116.429 E5.18908
G1 X80.861 Y116.103 E5.303
G1 X78.564 Y115.522 E5.41696
G1 X76.346 Y114.691 E5.53088
G1 X74.232 Y113.621 E5.64484
G1 X72.249 Y112.326 E5.75875
G1 X70.42 Y110.82 E5.8727
G1 X68.768 Y109.122 E5.98664
G1 X67.313 Y107.252 E6.1006
G1 X66.072 Y105.234 E6.21454
G1 X65.061 Y103.091 E6.32851
G1 X64.292 Y100.851 E6.44242
G1 X63.774 Y98.539 E6.55638
G1 X63.513 Y96.185 E6.67029
G1 X63.513 Y93.815 E6.78428
G1 X63.774 Y91.461 E6.89819
G1 X64.292 Y89.149 E7.01215
G1 X65.061 Y86.909 E7.12606
G1 X66.072 Y84.766 E7.24003
G1 X67.313 Y82.748 E7.35397
G1 X68.768 Y80.878 E7.46793
G1 X70.42 Y79.18 E7.58187
G1 X72.249 Y77.674 E7.69582
G1 X74.232 Y76.379 E7.80973
G1 X76.346 Y75.309 E7.92369
G1 X78.564 Y74.478 E8.03761
G1 X80.861 Y73.897 E8.15157
G1 X83.207 Y73.571 E8.26549
G1 X85.575 Y73.506 E8.37943
G1 X87.902 Y73.699 E8.49173
G1 X87.994 Y73.32 F7800
G1 F3600
G1 X90.356 Y73.781 E8.60748
G1 X92.658 Y74.501 E8.72349
G1 X94.866 Y75.47 E8.83946
G1 X96.955 Y76.676 E8.95547
G1 X98.898 Y78.104 E9.07145
G1 X100.672 Y79.737 E9.18742
G1 X102.256 Y81.556 E9.30343
G1 X103.63 Y83.538 E9.41942
G1 X104.778 Y85.659 E9.53542
G1 X105.685 Y87.893 E9.65139
G1 X106.342 Y90.213 E9.76736
G1 X106.739 Y92.592 E9.88336
G1 X106.858 Y94.762 E9.98789
G1 X106.858 Y95.238 E10.01078
G1 X106.739 Y97.408 E10.11531
G1 X106.342 Y99.787 E10.23131
G1 X105.685 Y102.107 E10.34728
G1 X104.778 Y104.341 E10.46325
G1 X103.63 Y106.462 E10.57925
G1 X102.256 Y108.444 E10.69524
G1 X100.672 Y110.263 E10.81125
G1 X98.898 Y111.896 E10.92722
G1 X96.955 Y113.324 E11.0432
G1 X94.866 Y114.53 E11.15921
G1 X92.658 Y115.499 E11.27518
G1 X90.356 Y116.219 E11.39119
G1 X87.989 Y116.681 E11.50718
G1 X85.586 Y116.88 E11.62315
G1 X83.175 Y116.814 E11.73915
G1 X80.787 Y116.482 E11.85511
G1 X78.449 Y115.89 E11.97111
G1 X76.19 Y115.045 E12.08711
G1 X74.039 Y113.956 E12.20307
G1 X72.02 Y112.637 E12.31906
G1 X70.158 Y111.104 E12.43506
G1 X68.477 Y109.375 E12.55104
G1 X66.995 Y107.472 E12.66705
G1 X65.733 Y105.418 E12.783
G1 X64.703 Y103.237 E12.89901
G1 X63.92 Y100.956 E13.015
G1 X63.393 Y98.603 E13.13097
G1 X63.128 Y96.206 E13.24696
G1 X63.128 Y93.794 E13.36297
G1 X63.393 Y91.397 E13.47896
G1 X63.92 Y89.044 E13.59493
G1 X64.703 Y86.763 E13.71092
G1 X65.733 Y84.582 E13.82693
G1 X66.995 Y82.528 E13.94288
G1 X68.477 Y80.625 E14.05889
G1 X70.158 Y78.896 E14.17487
G1 X72.02 Y77.363 E14.29087
G1 X74.039 Y76.044 E14.40686
G1 X76.19 Y74.955 E14.52282
G1 X78.449 Y74.11 E14.63882
G1 X80.787 Y73.518 E14.75482
G1 X83.175 Y73.186 E14.87078
G1 X85.586 Y73.12 E14.98678
G1 X87.934 Y73.314 E15.1001
G1 X88.026 Y72.935 F7800
;TYPE:External perimeter
G1 F1800
G1 X88.042 Y72.936 E15.10087
G1 X90.451 Y73.407 E15.21893
G1 X92.793 Y74.14 E15.33696
G1 X95.041 Y75.125 E15.455
G1 X97.166 Y76.352 E15.57302
G1 X99.143 Y77.806 E15.69105
G1 X100.949 Y79.468 E15.8091
G1 X102.561 Y81.319 E15.92715
G1 X103.959 Y83.335 E16.04515
G1 X105.127 Y85.494 E16.16321
G1 X106.051 Y87.767 E16.28122
G1 X106.718 Y90.129 E16.39927
G1 X107.122 Y92.55 E16.51732
G1 X107.243 Y94.741 E16.62286
G1 X107.243 Y95.259 E16.64777
G1 X107.122 Y97.45 E16.75331
G1 X106.718 Y99.871 E16.87136
G1 X106.051 Y102.233 E16.98941
G1 X105.127 Y104.506 E17.10742
G1 X103.959 Y106.665 E17.22548
G1 X102.561 Y108.681 E17.34348
G1 X100.949 Y110.532 E17.46153
G1 X99.143 Y112.194 E17.57958
G1 X97.166 Y113.648 E17.69761
G1 X95.041 Y114.875 E17.81563
G1 X92.793 Y115.86 E17.93367
G1 X90.451 Y116.593 E18.0517
G1 X88.042 Y117.064 E18.16976
G1 X85.597 Y117.266 E18.28776
G1 X83.144 Y117.199 E18.40578
G1 X80.713 Y116.861 E18.52383
G1 X78.334 Y116.259 E18.64186
G1 X76.035 Y115.399 E18.75992
G1 X73.846 Y114.29 E18.87794
G1 X71.791 Y112.948 E18.99599
G1 X69.897 Y111.388 E19.11401
G1 X68.185 Y109.629 E19.23207
G1 X66.678 Y107.692 E19.35011
G1 X65.393 Y105.602 E19.46811
G1 X64.346 Y103.382 E19.58616
G1 X63.549 Y101.061 E19.70419
G1 X63.012 Y98.666 E19.82224
G1 X62.742 Y96.227 E19.94026
G1 X62.742 Y93.773 E20.05829
G1 X63.012 Y91.334 E20.17631
G1 X63.549 Y88.939 E20.29436
G1 X64.346 Y86.618 E20.41239
G1 X65.393 Y84.398 E20.53044
G1 X66.678 Y82.308 E20.64844
G1 X68.185 Y80.371 E20.76648
G1 X69.897 Y78.612 E20.88454
G1 X71.791 Y77.052 E21.00256
G1 X73.846 Y75.71 E21.12061
G1 X76.035 Y74.601 E21.23863
G1 X78.334 Y73.741 E21.35669
G1 X80.713 Y73.139 E21.47472
G1 X83.144 Y72.801 E21.59277
G1 X85.597 Y72.734 E21.71079
G1 X87.966 Y72.93 E21.82512
G1 X88.36 Y73 F7800
G1 X88.136 Y74.035
;TYPE:Internal infill
;WIDTH:0.45
G1 F4200
G1 X85.833 Y73.818 E21.93638
G1 X73.707 Y77.067 E22.54017
G1 X72.42 Y77.908 E22.61411
G1 X71.821 Y78.401 E22.65142
G1 E20.65142 F2400
G92 E0
G1 X76.742 Y75.469 F7800
G1 E2 F2400
G1 F4200
G1 X74.664 Y76.484 E2.11123
G1 X79.27 Y81.09 E2.42452
G1 X81.043 Y81.09 E2.5098
G1 X96.211 Y77.025 E3.26507
G1 X95.859 Y76.822 E3.28461
G1 X94.716 Y81.09 E3.49712
G1 X95.63 Y81.09 E3.54108
G1 X88.683 Y74.142 E4.01364
G1 X90.485 Y74.529 E4.10229
G1 X88.727 Y81.09 E4.42898
G1 X87.45 Y81.09 E4.4904
G1 X80.617 Y74.257 E4.95517
G1 X78.425 Y74.839 E5.06425
G1 X76.751 Y81.09 E5.3755
G1 X72.315 Y81.09 E5.58886
G1 X71.815 Y81.197 E5.61345
G1 X71.451 Y81.451 E5.6348
G1 X70.013 Y80.013 E5.73261
G1 X70.616 Y79.393 E5.77421
G1 X71.387 Y78.759 E5.82222
G1 X65.086 Y102.273 E6.99306
G1 X65.448 Y103.233 E7.04241
G1 X71.072 Y101.726 E7.32245
G1 X71.072 Y102.281 E7.34914
G1 X69.225 Y109.176 E7.69246
G1 X68.563 Y108.387 E7.742
G1 X71.077 Y107.713 E7.86718
G1 X71.072 Y105.613 E7.96818
G1 X64.091 Y98.632 E8.44302
G1 X63.966 Y97.642 E8.49101
G1 X71.072 Y95.738 E8.84484
G1 X71.072 Y97.433 E8.92636
G1 X64.259 Y90.619 E9.38981
G1 X64.046 Y91.632 E9.4396
G1 X71.072 Y89.749 E9.78945
G1 X71.072 Y89.253 E9.81331
G1 X66.478 Y84.658 E10.12582
G1 X66.257 Y85.051 E10.14751
G1 X71.072 Y83.761 E10.38726
G1 X71.072 Y86.075 E10.49856
G1 E8.49856 F2400
G92 E0
G1 X85.053 Y81.09 F7800
G1 E2 F2400
G1 F4200
G1 X82.739 Y81.09 E2.1113
G1 X84.687 Y73.82 E2.4733
G1 E.4733 F2400
G92 E0
G1 X98.893 Y103.934 F7800
G1 E2 F2400
G1 F4200
G1 X98.893 Y106.248 E2.1113
G1 X103.672 Y104.968 E2.34926
G1 X103.488 Y105.308 E2.36785
G1 X98.893 Y100.713 E2.6804
G1 X98.893 Y100.26 E2.70219
G1 X105.891 Y98.385 E3.05064
G1 X105.727 Y99.367 E3.09852
G1 X98.893 Y92.533 E3.56336
G1 X98.893 Y94.271 E3.64695
G1 X106.016 Y92.363 E4.00162
G1 X105.838 Y91.298 E4.05355
G1 X98.893 Y84.353 E4.52594
G1 X98.887 Y82.296 E4.62488
G1 X101.416 Y81.619 E4.7508
G1 X100.763 Y80.869 E4.79863
G1 X98.893 Y87.847 E5.14609
G1 X98.893 Y88.283 E5.16706
G1 X104.505 Y86.78 E5.44649
G1 X104.904 Y87.763 E5.49752
G1 X98.613 Y111.241 E6.66657
G1 X99.981 Y109.981 E6.75602
G1 X98.532 Y108.532 E6.85458
G1 X98.338 Y108.699 E6.86689
G1 X97.995 Y108.86 E6.88511
G1 X97.647 Y108.91 E6.90202
G1 X93.249 Y108.91 E7.11355
G1 X91.583 Y115.128 E7.42316
G1 X90.19 Y115.563 E7.49335
G1 X89.364 Y115.725 E7.53383
G1 X82.55 Y108.91 E7.99734
G1 X81.273 Y108.91 E8.05876
G1 X79.517 Y115.465 E8.38515
G1 X81.337 Y115.877 E8.4749
G1 X74.37 Y108.91 E8.94879
G1 X75.284 Y108.91 E8.99275
G1 X74.132 Y113.211 E9.20691
G1 X73.776 Y112.978 E9.22737
G1 X88.957 Y108.91 E9.98328
G1 X90.73 Y108.91 E10.06856
G1 X95.313 Y113.493 E10.38029
G1 E8.38029 F2400
G92 E0
G1 X98.159 Y111.601 F7800
G1 E2 F2400
G1 F4200
G1 X96.273 Y112.939 E2.11122
G1 X84.223 Y116.167 E2.71122
G1 X83.231 Y116.14 E2.75895
G1 X81.922 Y115.959 E2.82251
G1 E.82251 F2400
G92 E0
G1 X87.615 Y116.035 F7800
G1 E2 F2400
G1 F4200
G1 X85.309 Y116.197 E2.11118
G1 X87.261 Y108.91 E2.47402
G1 X84.947 Y108.91 E2.58532
;LAYER_CHANGE
;Z:9.95
;HEIGHT:0.3
G1 E.58532 F2400
G92 E0
G1 Z9.95 F7800
G1 X98.313 Y108.33
G1 E2 F2400
;TYPE:Perimeter
;WIDTH:0.45
G1 F3600
G1 X98.161 Y108.469 E2.00991
G1 X97.912 Y108.582 E2.02306
G1 X97.584 Y108.621 E2.03895
G1 X72.326 Y108.621 E3.25377
G1 X71.929 Y108.536 E3.2733
G1 X71.635 Y108.329 E3.29059
G1 X71.481 Y108.122 E3.303
G1 X71.38 Y107.843 E3.31727
G1 X71.362 Y107.657 E3.32626
G1 X71.362 Y82.343 E4.54378
G1 X71.38 Y82.157 E4.55277
G1 X71.529 Y81.8 E4.57138
G1 X71.761 Y81.561 E4.5874
G1 X71.929 Y81.464 E4.59673
G1 X72.326 Y81.379 E4.61626
G1 X97.64 Y81.379 E5.83378
G1 X97.912 Y81.418 E5.847
G1 X98.293 Y81.634 E5.86806
G1 X98.466 Y81.845 E5.88118
G1 X98.555 Y82.039 E5.89145
G1 X98.604 Y82.343 E5.90626
G1 X98.604 Y107.657 E7.12378
G1 X98.555 Y107.961 E7.13859
G1 X98.4 Y108.251 E7.15441
G1 X98.357 Y108.29 E7.1572
G1 X98.047 Y108.06 F7800
G1 F3600
G1 X98.032 Y108.083 E7.15852
G1 X97.804 Y108.212 E7.17112
G1 X97.584 Y108.236 E7.18176
G1 X72.326 Y108.236 E8.39658
G1 X71.987 Y108.126 E8.41372
G1 X71.819 Y107.936 E8.42592
G1 X71.747 Y107.657 E8.43978
G1 X71.747 Y82.343 E9.6573
G1 X71.819 Y82.064 E9.67116
G1 X71.987 Y81.874 E9.68336
G1 X72.326 Y81.764 E9.7005
G1 X97.64 Y81.764 E10.91802
G1 X97.952 Y81.856 E10.93366
G1 X98.135 Y82.044 E10.94628
G1 X98.219 Y82.343 E10.96122
G1 X98.219 Y107.657 E12.17874
G1 X98.189 Y107.84 E12.18766
G1 X98.079 Y108.009 E12.19736
G1 X97.776 Y107.786 F7800
;TYPE:External perimeter
G1 F1800
G1 X97.771 Y107.799 E12.19803
G1 X97.64 Y107.85 E12.20479
G1 X72.326 Y107.85 E13.42231
G1 X72.188 Y107.792 E13.42951
G1 X72.133 Y107.657 E13.43652
G1 X72.133 Y82.343 E14.65404
G1 X72.195 Y82.201 E14.66149
G1 X72.326 Y82.15 E14.66825
G1 X97.64 Y82.15 E15.88577
G1 X97.792 Y82.224 E15.8939
G1 X97.833 Y82.343 E15.89995
G1 X97.833 Y107.657 E17.11747
G1 X97.801 Y107.731 E17.12135
G1 X97.417 Y107.844 F7800
G1 E15.12135 F2400
G92 E0
G1 X87.962 Y73.707 F7800
G1 E2 F2400
;TYPE:Perimeter
G1 F3600
G1 X90.261 Y74.156 E2.11266
G1 X92.522 Y74.863 E2.2266
G1 X94.692 Y75.815 E2.34057
G1 X96.744 Y76.999 E2.45451
G1 X98.652 Y78.402 E2.56842
G1 X100.395 Y80.007 E2.68238
G1 X101.951 Y81.793 E2.79631
G1 X103.301 Y83.74 E2.91026
G1 X104.429 Y85.823 E3.02419
G1 X105.32 Y88.018 E3.13813
G1 X105.965 Y90.298 E3.25209
G1 X106.355 Y92.635 E3.36605
G1 X106.473 Y94.783 E3.46952
G1 X106.473 Y95.217 E3.49039
G1 X106.355 Y97.365 E3.59386
G1 X105.965 Y99.702 E3.70782
G1 X105.32 Y101.982 E3.82178
G1 X104.429 Y104.177 E3.93572
G1 X103.301 Y106.26 E4.04965
G1 X101.951 Y108.207 E4.1636
G1 X100.395 Y109.993 E4.27753
G1 X98.652 Y111.598 E4.39149
G1 X96.744 Y113.001 E4.5054
G1 X94.692 Y114.185 E4.61934
G1 X92.522 Y115.137 E4.73331
G1 X90.261 Y115.844 E4.84725
G1 X87.936 Y116.298 E4.96119
G1 X85.575 Y116.494 E5.07514
G1 X83.207 Y116.429 E5.18908
G1 X80.861 Y116.103 E5.303
G1 X78.564 Y115.522 E5.41696
G1 X76.346 Y114.691 E5.53088
G1 X74.232 Y113.621 E5.64484
G1 X72.249 Y112.326 E5.75875
G1 X70.42 Y110.82 E5.8727
G1 X68.768 Y109.122 E5.98664
G1 X67.313 Y107.252 E6.1006
G1 X66.072 Y105.234 E6.21454
G1 X65.061 Y103.091 E6.32851
G1 X64.292 Y100.851 E6.44242
G1 X63.774 Y98.539 E6.55638
G1 X63.513 Y96.185 E6.67029
G1 X63.513 Y93.815 E6.78428
G1 X63.774 Y91.461 E6.89819
G1 X64.292 Y89.149 E7.01215
G1 X65.061 Y86.909 E7.12606
G1 X66.072 Y84.766 E7.24003
G1 X67.313 Y82.748 E7.35397
G1 X68.768 Y80.878 E7.46793
G1 X70.42 Y79.18 E7.58187
G1 X72.249 Y77.674 E7.69582
G1 X74.232 Y76.379 E7.80973
G1 X76.346 Y75.309 E7.92369
G1 X78.564 Y74.478 E8.03761
G1 X80.861 Y73.897 E8.15157
G1 X83.207 Y73.571 E8.26549
G1 X85.575 Y73.506 E8.37943
G1 X87.902 Y73.699 E8.49173
G1 X87.994 Y73.32 F7800
G1 F3600
G1 X90.356 Y73.781 E8.60748
G1 X92.658 Y74.501 E8.72349
G1 X94.866 Y75.47 E8.83946
G1 X96.955 Y76.676 E8.95547
G1 X98.898 Y78.104 E9.07145
G1 X100.672 Y79.737 E9.18742
G1 X102.256 Y81.556 E9.30343
G1 X103.63 Y83.538 E9.41942
G1 X104.778 Y85.659 E9.53542
G1 X105.685 Y87.893 E9.65139
G1 X106.342 Y90.213 E9.76736
G1 X106.739 Y92.592 E9.88336
G1 X106.858 Y94.762 E9.98789
G1 X106.858 Y95.238 E10.01078
G1 X106.739 Y97.408 E10.11531
G1 X106.342 Y99.787 E10.23131
G1 X105.685 Y102.107 E10.34728
G1 X104.778 Y104.341 E10.46325
G1 X103.63 Y106.462 E10.57925
G1 X102.256 Y108.444 E10.69524
G1 X100.672 Y110.263 E10.81125
G1 X98.898 Y111.896 E10.92722
G1 X96.955 Y113.324 E11.0432
G1 X94.866 Y114.53 E11.15921
G1 X92.658 Y115.499 E11.27518
G1 X90.356 Y116.219 E11.39119
G1 X87.989 Y116.681 E11.50718
G1 X85.586 Y116.88 E11.62315
G1 X83.175 Y116.814 E11.73915
G1 X80.787 Y116.482 E11.85511
G1 X78.449 Y115.89 E11.97111
G1 X76.19 Y115.045 E12.08711
G1 X74.039 Y113.956 E12.20307
G1 X72.02 Y112.637 E12.31906
G1 X70.158 Y111.104 E12.43506
G1 X68.477 Y109.375 E12.55104
G1 X66.995 Y107.472 E12.66705
G1 X65.733 Y105.418 E12.783
G1 X64.703 Y103.237 E12.89901
G1 X63.92 Y100.956 E13.015
G1 X63.393 Y98.603 E13.13097
G1 X63.128 Y96.206 E13.24696
G1 X63.128 Y93.794 E13.36297
G1 X63.393 Y91.397 E13.47896
G1 X63.92 Y89.044 E13.59493
G1 X64.703 Y86.763 E13.71092
G1 X65.733 Y84.582 E13.82693
G1 X66.995 Y82.528 E13.94288
G1 X68.477 Y80.625 E14.05889
G1 X70.158 Y78.896 E14.17487
G1 X72.02 Y77.363 E14.29087
G1 X74.039 Y76.044 E14.40686
G1 X76.19 Y74.955 E14.52282
G1 X78.449 Y74.11 E14.63882
G1 X80.787 Y73.518 E14.75482
G1 X83.175 Y73.186 E14.87078
G1 X85.586 Y73.12 E14.98678
G1 X87.934 Y73.314 E15.1001
G1 X88.026 Y72.935 F7800
;TYPE:External perimeter
G1 F1800
G1 X88.042 Y72.936 E15.10087
G1 X90.451 Y73.407 E15.21893
G1 X92.793 Y74.14 E15.33696
G1 X95.041 Y75.125 E15.455
G1 X97.166 Y76.352 E15.57302
G1 X99.143 Y77.806 E15.69105
G1 X100.949 Y79.468 E15.8091
G1 X102.561 Y81.319 E15.92715
G1 X103.959 Y83.335 E16.04515
G1 X105.127 Y85.494 E16.16321
G1 X106.051 Y87.767 E16.28122
G1 X106.718 Y90.129 E16.39927
G1 X107.122 Y92.55 E16.51732
G1 X107.243 Y94.741 E16.62286
G1 X107.243 Y95.259 E16.64777
G1 X107.122 Y97.45 E16.75331
G1 X106.718 Y99.871 E16.87136
G1 X106.051 Y102.233 E16.98941
G1 X105.127 Y104.506 E17.10742
G1 X103.959 Y106.665 E17.22548
G1 X102.561 Y108.681 E17.34348
G1 X100.949 Y110.532 E17.46153
G1 X99.143 Y112.194 E17.57958
G1 X97.166 Y113.648 E17.69761
G1 X95.041 Y114.875 E17.81563
G1 X92.793 Y115.86 E17.93367
G1 X90.451 Y116.593 E18.0517
G1 X88.042 Y117.064 E18.16976
G1 X85.597 Y117.266 E18.28776
G1 X83.144 Y117.199 E18.40578
G1 X80.713 Y116.861 E18.52383
G1 X78.334 Y116.259 E18.64186
G1 X76.035 Y115.399 E18.75992
G1 X73.846 Y114.29 E18.87794
G1 X71.791 Y112.948 E18.99599
G1 X69.897 Y111.388 E19.11401
G1 X68.185 Y109.629 E19.23207
G1 X66.678 Y107.692 E19.35011
G1 X65.393 Y105.602 E19.46811
G1 X64.346 Y103.382 E19.58616
G1 X63.549 Y101.061 E19.70419
G1 X63.012 Y98.666 E19.82224
G1 X62.742 Y96.227 E19.94026
G1 X62.742 Y93.773 E20.05829
G1 X63.012 Y91.334 E20.17631
G1 X63.549 Y88.939 E20.29436
G1 X64.346 Y86.618 E20.41239
G1 X65.393 Y84.398 E20.53044
G1 X66.678 Y82.308 E20.64844
G1 X68.185 Y80.371 E20.76648
G1 X69.897 Y78.612 E20.88454
G1 X71.791 Y77.052 E21.00256
G1 X73.846 Y75.71 E21.12061
G1 X76.035 Y74.601 E21.23863
G1 X78.334 Y73.741 E21.35669
G1 X80.713 Y73.139 E21.47472
G1 X83.144 Y72.801 E21.59277
G1 X85.597 Y72.734 E21.71079
G1 X87.966 Y72.93 E21.82512
G1 X88.36 Y73 F7800
G1 X88.136 Y74.035
;TYPE:Internal infill
;WIDTH:0.45
G1 F4200
G1 X85.833 Y73.818 E21.93638
G1 X73.707 Y77.067 E22.54017
G1 X72.42 Y77.908 E22.61411
G1 X71.821 Y78.401 E22.65142
G1 E20.65142 F2400
G92 E0
G1 X76.742 Y75.469 F7800
G1 E2 F2400
G1 F4200
G1 X74.664 Y76.484 E2.11123
G1 X79.27 Y81.09 E2.42452
G1 X81.043 Y81.09 E2.5098
G1 X96.211 Y77.025 E3.26507
G1 X95.859 Y76.822 E3.28461
G1 X94.716 Y81.09 E3.49712
G1 X95.63 Y81.09 E3.54108
G1 X88.683 Y74.142 E4.01364
G1 X90.485 Y74.529 E4.10229
G1 X88.727 Y81.09 E4.42898
G1 X87.45 Y81.09 E4.4904
G1 X80.617 Y74.257 E4.95517
G1 X78.425 Y74.839 E5.06425
G1 X76.751 Y81.09 E5.3755
G1 X72.315 Y81.09 E5.58886
G1 X71.815 Y81.197 E5.61345
G1 X71.451 Y81.451 E5.6348
G1 X70.013 Y80.013 E5.73261
G1 X70.616 Y79.393 E5.77421
G1 X71.387 Y78.759 E5.82222
G1 X65.086 Y102.273 E6.99306
G1 X65.448 Y103.233 E7.04241
G1 X71.072 Y101.726 E7.32245
G1 X71.072 Y102.281 E7.34914
G1 X69.225 Y109.176 E7.69246
G1 X68.563 Y108.387 E7.742
G1 X71.077 Y107.713 E7.86718
G1 X71.072 Y105.613 E7.96818
G1 X64.091 Y98.632 E8.44302
G1 X63.966 Y97.642 E8.49101
G1 X71.072 Y95.738 E8.84484
G1 X71.072 Y97.433 E8.92636
G1 X64.259 Y90.619 E9.38981
G1 X64.046 Y91.632 E9.4396
G1 X71.072 Y89.749 E9.78945
G1 X71.072 Y89.253 E9.81331
G1 X66.478 Y84.658 E10.12582
G1 X66.257 Y85.051 E10.14751
G1 X71.072 Y83.761 E10.38726
G1 X71.072 Y86.075 E10.49856
G1 E8.49856 F2400
G92 E0
G1 X85.053 Y81.09 F7800
G1 E2 F2400
G1 F4200
G1 X82.739 Y81.09 E2.1113
G1 X84.687 Y73.82 E2.4733
G1 E.4733 F2400
G92 E0
G1 X98.893 Y103.934 F7800
G1 E2 F2400
G1 F4200
G1 X98.893 Y106.248 E2.1113
G1 X103.672 Y104.968 E2.34926
G1 X103.488 Y105.308 E2.36785
G1 X98.893 Y100.713 E2.6804
G1 X98.893 Y100.26 E2.70219
G1 X105.891 Y98.385 E3.05064
G1 X105.727 Y99.367 E3.09852
G1 X98.893 Y92.533 E3.56336
G1 X98.893 Y94.271 E3.64695
G1 X106.016 Y92.363 E4.00162
G1 X105.838 Y91.298 E4.05355
G1 X98.893 Y84.353 E4.52594
G1 X98.887 Y82.296 E4.62488
G1 X101.416 Y81.619 E4.7508
G1 X100.763 Y80.869 E4.79863
G1 X98.893 Y87.847 E5.14609
G1 X98.893 Y88.283 E5.16706
G1 X104.505 Y86.78 E5.44649
G1 X104.904 Y87.763 E5.49752
G1 X98.613 Y111.241 E6.66657
G1 X99.981 Y109.981 E6.75602
G1 X98.532 Y108.532 E6.85458
G1 X98.338 Y108.699 E6.86689
G1 X97.995 Y108.86 E6.88511
G1 X97.647 Y108.91 E6.90202
G1 X93.249 Y108.91 E7.11355
G1 X91.583 Y115.128 E7.42316
G1 X90.19 Y115.563 E7.49335
G1 X89.364 Y115.725 E7.53383
G1 X82.55 Y108.91 E7.99734
G1 X81.273 Y108.91 E8.05876
G1 X79.517 Y115.465 E8.38515
G1 X81.337 Y115.877 E8.4749
G1 X74.37 Y108.91 E8.94879
G1 X75.284 Y108.91 E8.99275
G1 X74.132 Y113.211 E9.20691
G1 X73.776 Y112.978 E9.22737
G1 X88.957 Y108.91 E9.98328
G1 X90.73 Y108.91 E10.06856
G1 X95.313 Y113.493 E10.38029
G1 E8.38029 F2400
G92 E0
G1 X98.159 Y111.601 F7800
G1 E2 F2400
G1 F4200
G1 X96.273 Y112.939 E2.11122
G1 X84.223 Y116.167 E2.71122
G1 X83.231 Y116.14 E2.75895
G1 X81.922 Y115.959 E2.82251
G1 E.82251 F2400
G92 E0
G1 X87.615 Y116.035 F7800
G1 E2 F2400
G1 F4200
G1 X85.309 Y116.197 E2.11118
G1 X87.261 Y108.91 E2.47402
G1 X84.947 Y108.91 E2.58532
;LAYER_CHANGE
;Z:10.25
;HEIGHT:0.3
G1 E.58532 F2400
G92 E0
G1 Z10.25 F7800
G1 X98.313 Y108.33
G1 E2 F2400
;TYPE:Perimeter
;WIDTH:0.45
G1 F3600
G1 X98.161 Y108.469 E2.00991
G1 X97.912 Y108.582 E2.02306
G1 X97.584 Y108.621 E2.03895
G1 X72.326 Y108.621 E3.25377
G1 X71.929 Y108.536 E3.2733
G1 X71.635 Y108.329 E3.29059
G1 X71.481 Y108.122 E3.303
G1 X71.38 Y107.843 E3.31727
G1 X71.362 Y107.657 E3.32626
G1 X71.362 Y82.343 E4.54378
G1 X71.38 Y82.157 E4.55277
G1 X71.529 Y81.8 E4.57138
G1 X71.761 Y81.561 E4.5874
G1 X71.929 Y81.464 E4.59673
G1 X72.326 Y81.379 E4.61626
G1 X97.64 Y81.379 E5.83378
G1 X97.912 Y81.418 E5.847
G1 X98.293 Y81.634 E5.86806
G1 X98.466 Y81.845 E5.88118
G1 X98.555 Y82.039 E5.89145
G1 X98.604 Y82.343 E5.90626
G1 X98.604 Y107.657 E7.12378
G1 X98.555 Y107.961 E7.13859
G1 X98.4 Y108.251 E7.15441
G1 X98.357 Y108.29 E7.1572
G1 X98.047 Y108.06 F7800
G1 F3600
G1 X98.032 Y108.083 E7.15852
G1 X97.804 Y108.212 E7.17112
G1 X97.584 Y108.236 E7.18176
G1 X72.326 Y108.236 E8.39658
G1 X71.987 Y108.126 E8.41372
G1 X71.819 Y107.936 E8.42592
G1 X71.747 Y107.657 E8.43978
G1 X71.747 Y82.343 E9.6573
G1 X71.819 Y82.064 E9.67116
G1 X71.987 Y81.874 E9.68336
G1 X72.326 Y81.764 E9.7005
G1 X97.64 Y81.764 E10.91802
G1 X97.952 Y81.856 E10.93366
G1 X98.135 Y82.044 E10.94628
G1 X98.219 Y82.343 E10.96122
G1 X98.219 Y107.657 E12.17874
G1 X98.189 Y107.84 E12.18766
G1 X98.079 Y108.009 E12.19736
G1 X97.776 Y107.786 F7800
;TYPE:External perimeter
G1 F1800
G1 X97.771 Y107.799 E12.19803
G1 X97.64 Y107.85 E12.20479
G1 X72.326 Y107.85 E13.42231
G1 X72.188 Y107.792 E13.42951
G1 X72.133 Y107.657 E13.43652
G1 X72.133 Y82.343 E14.65404
G1 X72.195 Y82.201 E14.66149
G1 X72.326 Y82.15 E14.66825
G1 X97.64 Y82.15 E15.88577
G1 X97.792 Y82.224 E15.8939
G1 X97.833 Y82.343 E15.89995
G1 X97.833 Y107.657 E17.11747
G1 X97.801 Y107.731 E17.12135
G1 X97.417 Y107.844 F7800
G1 E15.12135 F2400
G92 E0
G1 X87.962 Y73.707 F7800
G1 E2 F2400
;TYPE:Perimeter
G1 F3600
G1 X90.261 Y74.156 E2.11266
G1 X92.522 Y74.863 E2.2266
G1 X94.692 Y75.815 E2.34057
G1 X96.744 Y76.999 E2.45451
G1 X98.652 Y78.402 E2.56842
G1 X100.395 Y80.007 E2.68238
G1 X101.951 Y81.793 E2.79631
G1 X103.301 Y83.74 E2.91026
G1 X104.429 Y85.823 E3.02419
G1 X105.32 Y88.018 E3.13813
G1 X105.965 Y90.298 E3.25209
G1 X106.355 Y92.635 E3.36605
G1 X106.473 Y94.783 E3.46952
G1 X106.473 Y95.217 E3.49039
G1 X106.355 Y97.365 E3.59386
G1 X105.965 Y99.702 E3.70782
G1 X105.32 Y101.982 E3.82178
G1 X104.429 Y104.177 E3.93572
G1 X103.301 Y106.26 E4.04965
G1 X101.951 Y108.207 E4.1636
G1 X100.395 Y109.993 E4.27753
G1 X98.652 Y111.598 E4.39149
G1 X96.744 Y113.001 E4.5054
G1 X94.692 Y114.185 E4.61934
G1 X92.522 Y115.137 E4.73331
G1 X90.261 Y115.844 E4.84725
G1 X87.936 Y116.298 E4.96119
G1 X85.575 Y116.494 E5.07514
G1 X83.207 Y116.429 E5.18908
G1 X80.861 Y116.103 E5.303
G1 X78.564 Y115.522 E5.41696
G1 X76.346 Y114.691 E5.53088
G1 X74.232 Y113.621 E5.64484
G1 X72.249 Y112.326 E5.75875
G1 X70.42 Y110.82 E5.8727
G1 X68.768 Y109.122 E5.98664
G1 X67.313 Y107.252 E6.1006
G1 X66.072 Y105.234 E6.21454
G1 X65.061 Y103.091 E6.32851
G1 X64.292 Y100.851 E6.44242
G1 X63.774 Y98.539 E6.55638
G1 X63.513 Y96.185 E6.67029
G1 X63.513 Y93.815 E6.78428
G1 X63.774 Y91.461 E6.89819
G1 X64.292 Y89.149 E7.01215
G1 X65.061 Y86.909 E7.12606
G1 X66.072 Y84.766 E7.24003
G1 X67.313 Y82.748 E7.35397
G1 X68.768 Y80.878 E7.46793
G1 X70.42 Y79.18 E7.58187
G1 X72.249 Y77.674 E7.69582
G1 X74.232 Y76.379 E7.80973
G1 X76.346 Y75.309 E7.92369
G1 X78.564 Y74.478 E8.03761
G1 X80.861 Y73.897 E8.15157
G1 X83.207 Y73.571 E8.26549
G1 X85.575 Y73.506 E8.37943
G1 X87.902 Y73.699 E8.49173
G1 X87.994 Y73.32 F7800
G1 F3600
G1 X90.356 Y73.781 E8.60748
G1 X92.658 Y74.501 E8.72349
G1 X94.866 Y75.47 E8.83946
G1 X96.955 Y76.676 E8.95547
G1 X98.898 Y78.104 E9.07145
G1 X100.672 Y79.737 E9.18742
G1 X102.256 Y81.556 E9.30343
G1 X103.63 Y83.538 E9.41942
G1 X104.778 Y85.659 E9.53542
G1 X105.685 Y87.893 E9.65139
G1 X106.342 Y90.213 E9.76736
G1 X106.739 Y92.592 E9.88336
G1 X106.858 Y94.762 E9.98789
G1 X106.858 Y95.238 E10.01078
G1 X106.739 Y97.408 E10.11531
G1 X106.342 Y99.787 E10.23131
G1 X105.685 Y102.107 E10.34728
G1 X104.778 Y104.341 E10.46325
G1 X103.63 Y106.462 E10.57925
G1 X102.256 Y108.444 E10.69524
G1 X100.672 Y110.263 E10.81125
G1 X98.898 Y111.896 E10.92722
G1 X96.955 Y113.324 E11.0432
G1 X94.866 Y114.53 E11.15921
G1 X92.658 Y115.499 E11.27518
G1 X90.356 Y116.219 E11.39119
G1 X87.989 Y116.681 E11.50718
G1 X85.586 Y116.88 E11.62315
G1 X83.175 Y116.814 E11.73915
G1 X80.787 Y116.482 E11.85511
G1 X78.449 Y115.89 E11.97111
G1 X76.19 Y115.045 E12.08711
G1 X74.039 Y113.956 E12.20307
G1 X72.02 Y112.637 E12.31906
G1 X70.158 Y111.104 E12.43506
G1 X68.477 Y109.375 E12.55104
G1 X66.995 Y107.472 E12.66705
G1 X65.733 Y105.418 E12.783
G1 X64.703 Y103.237 E12.89901
G1 X63.92 Y100.956 E13.015
G1 X63.393 Y98.603 E13.13097
G1 X63.128 Y96.206 E13.24696
G1 X63.128 Y93.794 E13.36297
G1 X63.393 Y91.397 E13.47896
G1 X63.92 Y89.044 E13.59493
G1 X64.703 Y86.763 E13.71092
G1 X65.733 Y84.582 E13.82693
G1 X66.995 Y82.528 E13.94288
G1 X68.477 Y80.625 E14.05889
G1 X70.158 Y78.896 E14.17487
G1 X72.02 Y77.363 E14.29087
G1 X74.039 Y76.044 E14.40686
G1 X76.19 Y74.955 E14.52282
G1 X78.449 Y74.11 E14.63882
G1 X80.787 Y73.518 E14.75482
G1 X83.175 Y73.186 E14.87078
G1 X85.586 Y73.12 E14.98678
G1 X87.934 Y73.314 E15.1001
G1 X88.026 Y72.935 F7800
;TYPE:External perimeter
G1 F1800
G1 X88.042 Y72.936 E15.10087
G1 X90.451 Y73.407 E15.21893
G1 X92.793 Y74.14 E15.33696
G1 X95.041 Y75.125 E15.455
G1 X97.166 Y76.352 E15.57302
G1 X99.143 Y77.806 E15.69105
G1 X100.949 Y79.468 E15.8091
G1 X102.561 Y81.319 E15.92715
G1 X103.959 Y83.335 E16.04515
G1 X105.127 Y85.494 E16.16321
G1 X106.051 Y87.767 E16.28122
G1 X106.718 Y90.129 E16.39927
G1 X107.122 Y92.55 E16.51732
G1 X107.243 Y94.741 E16.62286
G1 X107.243 Y95.259 E16.64777
G1 X107.122 Y97.45 E16.75331
G1 X106.718 Y99.871 E16.87136
G1 X106.051 Y102.233 E16.98941
G1 X105.127 Y104.506 E17.10742
G1 X103.959 Y106.665 E17.22548
G1 X102.561 Y108.681 E17.34348
G1 X100.949 Y110.532 E17.46153
G1 X99.143 Y112.194 E17.57958
G1 X97.166 Y113.648 E17.69761
G1 X95.041 Y114.875 E17.81563
G1 X92.793 Y115.86 E17.93367
G1 X90.451 Y116.593 E18.0517
G1 X88.042 Y117.064 E18.16976
G1 X85.597 Y117.266 E18.28776
G1 X83.144 Y117.199 E18.40578
G1 X80.713 Y116.861 E18.52383
G1 X78.334 Y116.259 E18.64186
G1 X76.035 Y115.399 E18.75992
G1 X73.846 Y114.29 E18.87794
G1 X71.791 Y112.948 E18.99599
G1 X69.897 Y111.388 E19.11401
G1 X68.185 Y109.629 E19.23207
G1 X66.678 Y107.692 E19.35011
G1 X65.393 Y105.602 E19.46811
G1 X64.346 Y103.382 E19.58616
G1 X63.549 Y101.061 E19.70419
G1 X63.012 Y98.666 E19.82224
G1 X62.742 Y96.227 E19.94026
G1 X62.742 Y93.773 E20.05829
G1 X63.012 Y91.334 E20.17631
G1 X63.549 Y88.939 E20.29436
G1 X64.346 Y86.618 E20.41239
G1 X65.393 Y84.398 E20.53044
G1 X66.678 Y82.308 E20.64844
G1 X68.185 Y80.371 E20.76648
G1 X69.897 Y78.612 E20.88454
G1 X71.791 Y77.052 E21.00256
G1 X73.846 Y75.71 E21.12061
G1 X76.035 Y74.601 E21.23863
G1 X78.334 Y73.741 E21.35669
G1 X80.713 Y73.139 E21.47472
G1 X83.144 Y72.801 E21.59277
G1 X85.597 Y72.734 E21.71079
G1 X87.966 Y72.93 E21.82512
G1 X88.36 Y73 F7800
G1 X88.136 Y74.035
;TYPE:Internal infill
;WIDTH:0.45
G1 F4200
G1 X85.833 Y73.818 E21.93638
G1 X73.707 Y77.067 E22.54017
G1 X72.42 Y77.908 E22.61411
G1 X71.821 Y78.401 E22.65142
G1 E20.65142 F2400
G92 E0
G1 X76.742 Y75.469 F7800
G1 E2 F2400
G1 F4200
G1 X74.664 Y76.484 E2.11123
G1 X79.27 Y81.09 E2.42452
G1 X81.043 Y81.09 E2.5098
G1 X96.211 Y77.025 E3.26507
G1 X95.859 Y76.822 E3.28461
G1 X94.716 Y81.09 E3.49712
G1 X95.63 Y81.09 E3.54108
G1 X88.683 Y74.142 E4.01364
G1 X90.485 Y74.529 E4.10229
G1 X88.727 Y81.09 E4.42898
G1 X87.45 Y81.09 E4.4904
G1 X80.617 Y74.257 E4.95517
G1 X78.425 Y74.839 E5.06425
G1 X76.751 Y81.09 E5.3755
G1 X72.315 Y81.09 E5.58886
G1 X71.815 Y81.197 E5.61345
G1 X71.451 Y81.451 E5.6348
G1 X70.013 Y80.013 E5.73261
G1 X70.616 Y79.393 E5.77421
G1 X71.387 Y78.759 E5.82222
G1 X65.086 Y102.273 E6.99306
G1 X65.448 Y103.233 E7.04241
G1 X71.072 Y101.726 E7.32245
G1 X71.072 Y102.281 E7.34914
G1 X69.225 Y109.176 E7.69246
G1 X68.563 Y108.387 E7.742
G1 X71.077 Y107.713 E7.86718
G1 X71.072 Y105.613 E7.96818
G1 X64.091 Y98.632 E8.44302
G1 X63.966 Y97.642 E8.49101
G1 X71.072 Y95.738 E8.84484
G1 X71.072 Y97.433 E8.92636
G1 X64.259 Y90.619 E9.38981
G1 X64.046 Y91.632 E9.4396
G1 X71.072 Y89.749 E9.78945
G1 X71.072 Y89.253 E9.81331
G1 X66.478 Y84.658 E10.12582
G1 X66.257 Y85.051 E10.14751
G1 X71.072 Y83.761 E10.38726
G1 X71.072 Y86.075 E10.49856
G1 E8.49856 F2400
G92 E0
G1 X85.053 Y81.09 F7800
G1 E2 F2400
G1 F4200
G1 X82.739 Y81.09 E2.1113
G1 X84.687 Y73.82 E2.4733
G1 E.4733 F2400
G92 E0
G1 X98.893 Y103.934 F7800
G1 E2 F2400
G1 F4200
G1 X98.893 Y106.248 E2.1113
G1 X103.672 Y104.968 E2.34926
G1 X103.488 Y105.308 E2.36785
G1 X98.893 Y100.713 E2.6804
G1 X98.893 Y100.26 E2.70219
G1 X105.891 Y98.385 E3.05064
G1 X105.727 Y99.367 E3.09852
G1 X98.893 Y92.533 E3.56336
G1 X98.893 Y94.271 E3.64695
G1 X106.016 Y92.363 E4.00162
G1 X105.838 Y91.298 E4.05355
G1 X98.893 Y84.353 E4.52594
G1 X98.887 Y82.296 E4.62488
G1 X101.416 Y81.619 E4.7508
G1 X100.763 Y80.869 E4.79863
G1 X98.893 Y87.847 E5.14609
G1 X98.893 Y88.283 E5.16706
G1 X104.505 Y86.78 E5.44649
G1 X104.904 Y87.763 E5.49752
G1 X98.613 Y111.241 E6.66657
G1 X99.981 Y109.981 E6.75602
G1 X98.532 Y108.532 E6.85458
G1 X98.338 Y108.699 E6.86689
G1 X97.995 Y108.86 E6.88511
G1 X97.647 Y108.91 E6.90202
G1 X93.249 Y108.91 E7.11355
G1 X91.583 Y115.128 E7.42316
G1 X90.19 Y115.563 E7.49335
G1 X89.364 Y115.725 E7.53383
G1 X82.55 Y108.91 E7.99734
G1 X81.273 Y108.91 E8.05876
G1 X79.517 Y115.465 E8.38515
G1 X81.337 Y115.877 E8.4749
G1 X74.37 Y108.91 E8.94879
G1 X75.284 Y108.91 E8.99275
G1 X74.132 Y113.211 E9.20691
G1 X73.776 Y112.978 E9.22737
G1 X88.957 Y108.91 E9.98328
G1 X90.73 Y108.91 E10.06856
G1 X95.313 Y113.493 E10.38029
G1 E8.38029 F2400
G92 E0
G1 X98.159 Y111.601 F7800
G1 E2 F2400
G1 F4200
G1 X96.273 Y112.939 E2.11122
G1 X84.223 Y116.167 E2.71122
G1 X83.231 Y116.14 E2.75895
G1 X81.922 Y115.959 E2.82251
G1 E.82251 F2400
G92 E0
G1 X87.615 Y116.035 F7800
G1 E2 F2400
G1 F4200
G1 X85.309 Y116.197 E2.11118
G1 X87.261 Y108.91 E2.47402
G1 X84.947 Y108.91 E2.58532
;LAYER_CHANGE
;Z:10.55
;HEIGHT:0.3
G1 E.58532 F2400
G92 E0
G1 Z10.55 F7800
G1 X98.313 Y108.33
G1 E2 F2400
;TYPE:Perimeter
;WIDTH:0.45
G1 F3600
G1 X98.161 Y108.469 E2.00991
G1 X97.912 Y108.582 E2.02306
G1 X97.584 Y108.621 E2.03895
G1 X72.326 Y108.621 E3.25377
G1 X71.929 Y108.536 E3.2733
G1 X71.635 Y108.329 E3.29059
G1 X71.481 Y108.122 E3.303
G1 X71.38 Y107.843 E3.31727
G1 X71.362 Y107.657 E3.32626
G1 X71.362 Y82.343 E4.54378
G1 X71.38 Y82.157 E4.55277
G1 X71.529 Y81.8 E4.57138
G1 X71.761 Y81.561 E4.5874
G1 X71.929 Y81.464 E4.59673
G1 X72.326 Y81.379 E4.61626
G1 X97.64 Y81.379 E5.83378
G1 X97.912 Y81.418 E5.847
G1 X98.293 Y81.634 E5.86806
G1 X98.466 Y81.845 E5.88118
G1 X98.555 Y82.039 E5.89145
G1 X98.604 Y82.343 E5.90626
G1 X98.604 Y107.657 E7.12378
G1 X98.555 Y107.961 E7.13859
G1 X98.4 Y108.251 E7.15441
G1 X98.357 Y108.29 E7.1572
G1 X98.047 Y108.06 F7800
G1 F3600
G1 X98.032 Y108.083 E7.15852
G1 X97.804 Y108.212 E7.17112
G1 X97.584 Y108.236 E7.18176
G1 X72.326 Y108.236 E8.39658
G1 X71.987 Y108.126 E8.41372
G1 X71.819 Y107.936 E8.42592
G1 X71.747 Y107.657 E8.43978
G1 X71.747 Y82.343 E9.6573
G1 X71.819 Y82.064 E9.67116
G1 X71.987 Y81.874 E9.68336
G1 X72.326 Y81.764 E9.7005
G1 X97.64 Y81.764 E10.91802
G1 X97.952 Y81.856 E10.93366
G1 X98.135 Y82.044 E10.94628
G1 X98.219 Y82.343 E10.96122
G1 X98.219 Y107.657 E12.17874
G1 X98.189 Y107.84 E12.18766
G1 X98.079 Y108.009 E12.19736
G1 X97.776 Y107.786 F7800
;TYPE:External perimeter
G1 F1800
G1 X97.771 Y107.799 E12.19803
G1 X97.64 Y107.85 E12.20479
G1 X72.326 Y107.85 E13.42231
G1 X72.188 Y107.792 E13.42951
G1 X72.133 Y107.657 E13.43652
G1 X72.133 Y82.343 E14.65404
G1 X72.195 Y82.201 E14.66149
G1 X72.326 Y82.15 E14.66825
G1 X97.64 Y82.15 E15.88577
G1 X97.792 Y82.224 E15.8939
G1 X97.833 Y82.343 E15.89995
G1 X97.833 Y107.657 E17.11747
G1 X97.801 Y107.731 E17.12135
G1 X97.417 Y107.844 F7800
G1 E15.12135 F2400
G92 E0
G1 X87.962 Y73.707 F7800
G1 E2 F2400
;TYPE:Perimeter
G1 F3600
G1 X90.261 Y74.156 E2.11266
G1 X92.522 Y74.863 E2.2266
G1 X94.692 Y75.815 E2.34057
G1 X96.744 Y76.999 E2.45451
G1 X98.652 Y78.402 E2.56842
G1 X100.395 Y80.007 E2.68238
G1 X101.951 Y81.793 E2.79631
G1 X103.301 Y83.74 E2.91026
G1 X104.429 Y85.823 E3.02419
G1 X105.32 Y88.018 E3.13813
G1 X105.965 Y90.298 E3.25209
G1 X106.355 Y92.635 E3.36605
G1 X106.473 Y94.783 E3.46952
G1 X106.473 Y95.217 E3.49039
G1 X106.355 Y97.365 E3.59386
G1 X105.965 Y99.702 E3.70782
G1 X105.32 Y101.982 E3.82178
G1 X104.429 Y104.177 E3.93572
G1 X103.301 Y106.26 E4.04965
G1 X101.951 Y108.207 E4.1636
G1 X100.395 Y109.993 E4.27753
G1 X98.652 Y111.598 E4.39149
G1 X96.744 Y113.001 E4.5054
G1 X94.692 Y114.185 E4.61934
G1 X92.522 Y115.137 E4.73331
G1 X90.261 Y115.844 E4.84725
G1 X87.936 Y116.298 E4.96119
G1 X85.575 Y116.494 E5.07514
G1 X83.207 Y116.429 E5.18908
G1 X80.861 Y116.103 E5.303
G1 X78.564 Y115.522 E5.41696
G1 X76.346 Y114.691 E5.53088
G1 X74.232 Y113.621 E5.64484
G1 X72.249 Y112.326 E5.75875
G1 X70.42 Y110.82 E5.8727
G1 X68.768 Y109.122 E5.98664
G1 X67.313 Y107.252 E6.1006
G1 X66.072 Y105.234 E6.21454
G1 X65.061 Y103.091 E6.32851
G1 X64.292 Y100.851 E6.44242
G1 X63.774 Y98.539 E6.55638
G1 X63.513 Y96.185 E6.67029
G1 X63.513 Y93.815 E6.78428
G1 X63.774 Y91.461 E6.89819
G1 X64.292 Y89.149 E7.01215
G1 X65.061 Y86.909 E7.12606
G1 X66.072 Y84.766 E7.24003
G1 X67.313 Y82.748 E7.35397
G1 X68.768 Y80.878 E7.46793
G1 X70.42 Y79.18 E7.58187
G1 X72.249 Y77.674 E7.69582
G1 X74.232 Y76.379 E7.80973
G1 X76.346 Y75.309 E7.92369
G1 X78.564 Y74.478 E8.03761
G1 X80.861 Y73.897 E8.15157
G1 X83.207 Y73.571 E8.26549
G1 X85.575 Y73.506 E8.37943
G1 X87.902 Y73.699 E8.49173
G1 X87.994 Y73.32 F7800
G1 F3600
G1 X90.356 Y73.781 E8.60748
G1 X92.658 Y74.501 E8.72349
G1 X94.866 Y75.47 E8.83946
G1 X96.955 Y76.676 E8.95547
G1 X98.898 Y78.104 E9.07145
G1 X100.672 Y79.737 E9.18742
G1 X102.256 Y81.556 E9.30343
G1 X103.63 Y83.538 E9.41942
G1 X104.778 Y85.659 E9.53542
G1 X105.685 Y87.893 E9.65139
G1 X106.342 Y90.213 E9.76736
G1 X106.739 Y92.592 E9.88336
G1 X106.858 Y94.762 E9.98789
G1 X106.858 Y95.238 E10.01078
G1 X106.739 Y97.408 E10.11531
G1 X106.342 Y99.787 E10.23131
G1 X105.685 Y102.107 E10.34728
G1 X104.778 Y104.341 E10.46325
G1 X103.63 Y106.462 E10.57925
G1 X102.256 Y108.444 E10.69524
G1 X100.672 Y110.263 E10.81125
G1 X98.898 Y111.896 E10.92722
G1 X96.955 Y113.324 E11.0432
G1 X94.866 Y114.53 E11.15921
G1 X92.658 Y115.499 E11.27518
G1 X90.356 Y116.219 E11.39119
G1 X87.989 Y116.681 E11.50718
G1 X85.586 Y116.88 E11.62315
G1 X83.175 Y116.814 E11.73915
G1 X80.787 Y116.482 E11.85511
G1 X78.449 Y115.89 E11.97111
G1 X76.19 Y115.045 E12.08711
G1 X74.039 Y113.956 E12.20307
G1 X72.02 Y112.637 E12.31906
G1 X70.158 Y111.104 E12.43506
G1 X68.477 Y109.375 E12.55104
G1 X66.995 Y107.472 E12.66705
G1 X65.733 Y105.418 E12.783
G1 X64.703 Y103.237 E12.89901
G1 X63.92 Y100.956 E13.015
G1 X63.393 Y98.603 E13.13097
G1 X63.128 Y96.206 E13.24696
G1 X63.128 Y93.794 E13.36297
G1 X63.393 Y91.397 E13.47896
G1 X63.92 Y89.044 E13.59493
G1 X64.703 Y86.763 E13.71092
G1 X65.733 Y84.582 E13.82693
G1 X66.995 Y82.528 E13.94288
G1 X68.477 Y80.625 E14.05889
G1 X70.158 Y78.896 E14.17487
G1 X72.02 Y77.363 E14.29087
G1 X74.039 Y76.044 E14.40686
G1 X76.19 Y74.955 E14.52282
G1 X78.449 Y74.11 E14.63882
G1 X80.787 Y73.518 E14.75482
G1 X83.175 Y73.186 E14.87078
G1 X85.586 Y73.12 E14.98678
G1 X87.934 Y73.314 E15.1001
G1 X88.026 Y72.935 F7800
;TYPE:External perimeter
G1 F1800
G1 X88.042 Y72.936 E15.10087
G1 X90.451 Y73.407 E15.21893
G1 X92.793 Y74.14 E15.33696
G1 X95.041 Y75.125 E15.455
G1 X97.166 Y76.352 E15.57302
G1 X99.143 Y77.806 E15.69105
G1 X100.949 Y79.468 E15.8091
G1 X102.561 Y81.319 E15.92715
G1 X103.959 Y83.335 E16.04515
G1 X105.127 Y85.494 E16.16321
G1 X106.051 Y87.767 E16.28122
G1 X106.718 Y90.129 E16.39927
G1 X107.122 Y92.55 E16.51732
G1 X107.243 Y94.741 E16.62286
G1 X107.243 Y95.259 E16.64777
G1 X107.122 Y97.45 E16.75331
G1 X106.718 Y99.871 E16.87136
G1 X106.051 Y102.233 E16.98941
G1 X105.127 Y104.506 E17.10742
G1 X103.959 Y106.665 E17.22548
G1 X102.561 Y108.681 E17.34348
G1 X100.949 Y110.532 E17.46153
G1 X99.143 Y112.194 E17.57958
G1 X97.166 Y113.648 E17.69761
G1 X95.041 Y114.875 E17.81563
G1 X92.793 Y115.86 E17.93367
G1 X90.451 Y116.593 E18.0517
G1 X88.042 Y117.064 E18.16976
G1 X85.597 Y117.266 E18.28776
G1 X83.144 Y117.199 E18.40578
G1 X80.713 Y116.861 E18.52383
G1 X78.334 Y116.259 E18.64186
G1 X76.035 Y115.399 E18.75992
G1 X73.846 Y114.29 E18.87794
G1 X71.791 Y112.948 E18.99599
G1 X69.897 Y111.388 E19.11401
G1 X68.185 Y109.629 E19.23207
G1 X66.678 Y107.692 E19.35011
G1 X65.393 Y105.602 E19.46811
G1 X64.346 Y103.382 E19.58616
G1 X63.549 Y101.061 E19.70419
G1 X63.012 Y98.666 E19.82224
G1 X62.742 Y96.227 E19.94026
G1 X62.742 Y93.773 E20.05829
G1 X63.012 Y91.334 E20.17631
G1 X63.549 Y88.939 E20.29436
G1 X64.346 Y86.618 E20.41239
G1 X65.393 Y84.398 E20.53044
G1 X66.678 Y82.308 E20.64844
G1 X68.185 Y80.371 E20.76648
G1 X69.897 Y78.612 E20.88454
G1 X71.791 Y77.052 E21.00256
G1 X73.846 Y75.71 E21.12061
G1 X76.035 Y74.601 E21.23863
G1 X78.334 Y73.741 E21.35669
G1 X80.713 Y73.139 E21.47472
G1 X83.144 Y72.801 E21.59277
G1 X85.597 Y72.734 E21.71079
G1 X87.966 Y72.93 E21.82512
G1 X88.36 Y73 F7800
G1 X88.136 Y74.035
;TYPE:Internal infill
;WIDTH:0.45
G1 F4200
G1 X85.833 Y73.818 E21.93638
G1 X73.707 Y77.067 E22.54017
G1 X72.42 Y77.908 E22.61411
G1 X71.821 Y78.401 E22.65142
G1 E20.65142 F2400
G92 E0
G1 X76.742 Y75.469 F7800
G1 E2 F2400
G1 F4200
G1 X74.664 Y76.484 E2.11123
G1 X79.27 Y81.09 E2.42452
G1 X81.043 Y81.09 E2.5098
G1 X96.211 Y77.025 E3.26507
G1 X95.859 Y76.822 E3.28461
G1 X94.716 Y81.09 E3.49712
G1 X95.63 Y81.09 E3.54108
G1 X88.683 Y74.142 E4.01364
G1 X90.485 Y74.529 E4.10229
G1 X88.727 Y81.09 E4.42898
G1 X87.45 Y81.09 E4.4904
G1 X80.617 Y74.257 E4.95517
G1 X78.425 Y74.839 E5.06425
G1 X76.751 Y81.09 E5.3755
G1 X72.315 Y81.09 E5.58886
G1 X71.815 Y81.197 E5.61345
G1 X71.451 Y81.451 E5.6348
G1 X70.013 Y80.013 E5.73261
G1 X70.616 Y79.393 E5.77421
G1 X71.387 Y78.759 E5.82222
G1 X65.086 Y102.273 E6.99306
G1 X65.448 Y103.233 E7.04241
G1 X71.072 Y101.726 E7.32245
G1 X71.072 Y102.281 E7.34914
G1 X69.225 Y109.176 E7.69246
G1 X68.563 Y108.387 E7.742
G1 X71.077 Y107.713 E7.86718
G1 X71.072 Y105.613 E7.96818
G1 X64.091 Y98.632 E8.44302
G1 X63.966 Y97.642 E8.49101
G1 X71.072 Y95.738 E8.84484
G1 X71.072 Y97.433 E8.92636
G1 X64.259 Y90.619 E9.38981
G1 X64.046 Y91.632 E9.4396
G1 X71.072 Y89.749 E9.78945
G1 X71.072 Y89.253 E9.81331
G1 X66.478 Y84.658 E10.12582
G1 X66.257 Y85.051 E10.14751
G1 X71.072 Y83.761 E10.38726
G1 X71.072 Y86.075 E10.49856
G1 E8.49856 F2400
G92 E0
G1 X85.053 Y81.09 F7800
G1 E2 F2400
G1 F4200
G1 X82.739 Y81.09 E2.1113
G1 X84.687 Y73.82 E2.4733
G1 E.4733 F2400
G92 E0
G1 X98.893 Y103.934 F7800
G1 E2 F2400
G1 F4200
G1 X98.893 Y106.248 E2.1113
G1 X103.672 Y104.968 E2.34926
G1 X103.488 Y105.308 E2.36785
G1 X98.893 Y100.713 E2.6804
G1 X98.893 Y100.26 E2.70219
G1 X105.891 Y98.385 E3.05064
G1 X105.727 Y99.367 E3.09852
G1 X98.893 Y92.533 E3.56336
G1 X98.893 Y94.271 E3.64695
G1 X106.016 Y92.363 E4.00162
G1 X105.838 Y91.298 E4.05355
G1 X98.893 Y84.353 E4.52594
G1 X98.887 Y82.296 E4.62488
G1 X101.416 Y81.619 E4.7508
G1 X100.763 Y80.869 E4.79863
G1 X98.893 Y87.847 E5.14609
G1 X98.893 Y88.283 E5.16706
G1 X104.505 Y86.78 E5.44649
G1 X104.904 Y87.763 E5.49752
G1 X98.613 Y111.241 E6.66657
G1 X99.981 Y109.981 E6.75602
G1 X98.532 Y108.532 E6.85458
G1 X98.338 Y108.699 E6.86689
G1 X97.995 Y108.86 E6.88511
G1 X97.647 Y108.91 E6.90202
G1 X93.249 Y108.91 E7.11355
G1 X91.583 Y115.128 E7.42316
G1 X90.19 Y115.563 E7.49335
G1 X89.364 Y115.725 E7.53383
G1 X82.55 Y108.91 E7.99734
G1 X81.273 Y108.91 E8.05876
G1 X79.517 Y115.465 E8.38515
G1 X81.337 Y115.877 E8.4749
G1 X74.37 Y108.91 E8.94879
G1 X75.284 Y108.91 E8.99275
G1 X74.132 Y113.211 E9.20691
G1 X73.776 Y112.978 E9.22737
G1 X88.957 Y108.91 E9.98328
G1 X90.73 Y108.91 E10.06856
G1 X95.313 Y113.493 E10.38029
G1 E8.38029 F2400
G92 E0
G1 X98.159 Y111.601 F7800
G1 E2 F2400
G1 F4200
G1 X96.273 Y112.939 E2.11122
G1 X84.223 Y116.167 E2.71122
G1 X83.231 Y116.14 E2.75895
G1 X81.922 Y115.959 E2.82251
G1 E.82251 F2400
G92 E0
G1 X87.615 Y116.035 F7800
G1 E2 F2400
G1 F4200
G1 X85.309 Y116.197 E2.11118
G1 X87.261 Y108.91 E2.47402
G1 X84.947 Y108.91 E2.58532
;LAYER_CHANGE
;Z:10.85
;HEIGHT:0.3
G1 E.58532 F2400
G92 E0
G1 Z10.85 F7800
G1 X98.313 Y108.33
G1 E2 F2400
;TYPE:Perimeter
;WIDTH:0.45
G1 F3600
G1 X98.161 Y108.469 E2.00991
G1 X97.912 Y108.582 E2.02306
G1 X97.584 Y108.621 E2.03895
G1 X72.326 Y108.621 E3.25377
G1 X71.929 Y108.536 E3.2733
G1 X71.635 Y108.329 E3.29059
G1 X71.481 Y108.122 E3.303
G1 X71.38 Y107.843 E3.31727
G1 X71.362 Y107.657 E3.32626
G1 X71.362 Y82.343 E4.54378
G1 X71.38 Y82.157 E4.55277
G1 X71.529 Y81.8 E4.57138
G1 X71.761 Y81.561 E4.5874
G1 X71.929 Y81.464 E4.59673
G1 X72.326 Y81.379 E4.61626
G1 X97.64 Y81.379 E5.83378
G1 X97.912 Y81.418 E5.847
G1 X98.293 Y81.634 E5.86806
G1 X98.466 Y81.845 E5.88118
G1 X98.555 Y82.039 E5.89145
G1 X98.604 Y82.343 E5.90626
G1 X98.604 Y107.657 E7.12378
G1 X98.555 Y107.961 E7.13859
G1 X98.4 Y108.251 E7.15441
G1 X98.357 Y108.29 E7.1572
G1 X98.047 Y108.06 F7800
G1 F3600
G1 X98.032 Y108.083 E7.15852
G1 X97.804 Y108.212 E7.17112
G1 X97.584 Y108.236 E7.18176
G1 X72.326 Y108.236 E8.39658
G1 X71.987 Y108.126 E8.41372
G1 X71.819 Y107.936 E8.42592
G1 X71.747 Y107.657 E8.43978
G1 X71.747 Y82.343 E9.6573
G1 X71.819 Y82.064 E9.67116
G1 X71.987 Y81.874 E9.68336
G1 X72.326 Y81.764 E9.7005
G1 X97.64 Y81.764 E10.91802
G1 X97.952 Y81.856 E10.93366
G1 X98.135 Y82.044 E10.94628
G1 X98.219 Y82.343 E10.96122
G1 X98.219 Y107.657 E12.17874
G1 X98.189 Y107.84 E12.18766
G1 X98.079 Y108.009 E12.19736
G1 X97.776 Y107.786 F7800
;TYPE:External perimeter
G1 F1800
G1 X97.771 Y107.799 E12.19803
G1 X97.64 Y107.85 E12.20479
G1 X72.326 Y107.85 E13.42231
G1 X72.188 Y107.792 E13.42951
G1 X72.133 Y107.657 E13.43652
G1 X72.133 Y82.343 E14.65404
G1 X72.195 Y82.201 E14.66149
G1 X72.326 Y82.15 E14.66825
G1 X97.64 Y82.15 E15.88577
G1 X97.792 Y82.224 E15.8939
G1 X97.833 Y82.343 E15.89995
G1 X97.833 Y107.657 E17.11747
G1 X97.801 Y107.731 E17.12135
G1 X97.417 Y107.844 F7800
G1 E15.12135 F2400
G92 E0
G1 X87.962 Y73.707 F7800
G1 E2 F2400
;TYPE:Perimeter
G1 F3600
G1 X90.261 Y74.156 E2.11266
G1 X92.522 Y74.863 E2.2266
G1 X94.692 Y75.815 E2.34057
G1 X96.744 Y76.999 E2.45451
G1 X98.652 Y78.402 E2.56842
G1 X100.395 Y80.007 E2.68238
G1 X101.951 Y81.793 E2.79631
G1 X103.301 Y83.74 E2.91026
G1 X104.429 Y85.823 E3.02419
G1 X105.32 Y88.018 E3.13813
G1 X105.965 Y90.298 E3.25209
G1 X106.355 Y92.635 E3.36605
G1 X106.473 Y94.783 E3.46952
G1 X106.473 Y95.217 E3.49039
G1 X106.355 Y97.365 E3.59386
G1 X105.965 Y99.702 E3.70782
G1 X105.32 Y101.982 E3.82178
G1 X104.429 Y104.177 E3.93572
G1 X103.301 Y106.26 E4.04965
G1 X101.951 Y108.207 E4.1636
G1 X100.395 Y109.993 E4.27753
G1 X98.652 Y111.598 E4.39149
G1 X96.744 Y113.001 E4.5054
G1 X94.692 Y114.185 E4.61934
G1 X92.522 Y115.137 E4.73331
G1 X90.261 Y115.844 E4.84725
G1 X87.936 Y116.298 E4.96119
G1 X85.575 Y116.494 E5.07514
G1 X83.207 Y116.429 E5.18908
G1 X80.861 Y116.103 E5.303
G1 X78.564 Y115.522 E5.41696
G1 X76.346 Y114.691 E5.53088
G1 X74.232 Y113.621 E5.64484
G1 X72.249 Y112.326 E5.75875
G1 X70.42 Y110.82 E5.8727
G1 X68.768 Y109.122 E5.98664
G1 X67.313 Y107.252 E6.1006
G1 X66.072 Y105.234 E6.21454
G1 X65.061 Y103.091 E6.32851
G1 X64.292 Y100.851 E6.44242
G1 X63.774 Y98.539 E6.55638
G1 X63.513 Y96.185 E6.67029
G1 X63.513 Y93.815 E6.78428
G1 X63.774 Y91.461 E6.89819
G1 X64.292 Y89.149 E7.01215
G1 X65.061 Y86.909 E7.12606
G1 X66.072 Y84.766 E7.24003
G1 X67.313 Y82.748 E7.35397
G1 X68.768 Y80.878 E7.46793
G1 X70.42 Y79.18 E7.58187
G1 X72.249 Y77.674 E7.69582
G1 X74.232 Y76.379 E7.80973
G1 X76.346 Y75.309 E7.92369
G1 X78.564 Y74.478 E8.03761
G1 X80.861 Y73.897 E8.15157
G1 X83.207 Y73.571 E8.26549
G1 X85.575 Y73.506 E8.37943
G1 X87.902 Y73.699 E8.49173
G1 X87.994 Y73.32 F7800
G1 F3600
G1 X90.356 Y73.781 E8.60748
G1 X92.658 Y74.501 E8.72349
G1 X94.866 Y75.47 E8.83946
G1 X96.955 Y76.676 E8.95547
G1 X98.898 Y78.104 E9.07145
G1 X100.672 Y79.737 E9.18742
G1 X102.256 Y81.556 E9.30343
G1 X103.63 Y83.538 E9.41942
G1 X104.778 Y85.659 E9.53542
G1 X105.685 Y87.893 E9.65139
G1 X106.342 Y90.213 E9.76736
G1 X106.739 Y92.592 E9.88336
G1 X106.858 Y94.762 E9.98789
G1 X106.858 Y95.238 E10.01078
G1 X106.739 Y97.408 E10.11531
G1 X106.342 Y99.787 E10.23131
G1 X105.685 Y102.107 E10.34728
G1 X104.778 Y104.341 E10.46325
G1 X103.63 Y106.462 E10.57925
G1 X102.256 Y108.444 E10.69524
G1 X100.672 Y110.263 E10.81125
G1 X98.898 Y111.896 E10.92722
G1 X96.955 Y113.324 E11.0432
G1 X94.866 Y114.53 E11.15921
G1 X92.658 Y115.499 E11.27518
G1 X90.356 Y116.219 E11.39119
G1 X87.989 Y116.681 E11.50718
G1 X85.586 Y116.88 E11.62315
G1 X83.175 Y116.814 E11.73915
G1 X80.787 Y116.482 E11.85511
G1 X78.449 Y115.89 E11.97111
G1 X76.19 Y115.045 E12.08711
G1 X74.039 Y113.956 E12.20307
G1 X72.02 Y112.637 E12.31906
G1 X70.158 Y111.104 E12.43506
G1 X68.477 Y109.375 E12.55104
G1 X66.995 Y107.472 E12.66705
G1 X65.733 Y105.418 E12.783
G1 X64.703 Y103.237 E12.89901
G1 X63.92 Y100.956 E13.015
G1 X63.393 Y98.603 E13.13097
G1 X63.128 Y96.206 E13.24696
G1 X63.128 Y93.794 E13.36297
G1 X63.393 Y91.397 E13.47896
G1 X63.92 Y89.044 E13.59493
G1 X64.703 Y86.763 E13.71092
G1 X65.733 Y84.582 E13.82693
G1 X66.995 Y82.528 E13.94288
G1 X68.477 Y80.625 E14.05889
G1 X70.158 Y78.896 E14.17487
G1 X72.02 Y77.363 E14.29087
G1 X74.039 Y76.044 E14.40686
G1 X76.19 Y74.955 E14.52282
G1 X78.449 Y74.11 E14.63882
G1 X80.787 Y73.518 E14.75482
G1 X83.175 Y73.186 E14.87078
G1 X85.586 Y73.12 E14.98678
G1 X87.934 Y73.314 E15.1001
G1 X88.026 Y72.935 F7800
;TYPE:External perimeter
G1 F1800
G1 X88.042 Y72.936 E15.10087
G1 X90.451 Y73.407 E15.21893
G1 X92.793 Y74.14 E15.33696
G1 X95.041 Y75.125 E15.455
G1 X97.166 Y76.352 E15.57302
G1 X99.143 Y77.806 E15.69105
G1 X100.949 Y79.468 E15.8091
G1 X102.561 Y81.319 E15.92715
G1 X103.959 Y83.335 E16.04515
G1 X105.127 Y85.494 E16.16321
G1 X106.051 Y87.767 E16.28122
G1 X106.718 Y90.129 E16.39927
G1 X107.122 Y92.55 E16.51732
G1 X107.243 Y94.741 E16.62286
G1 X107.243 Y95.259 E16.64777
G1 X107.122 Y97.45 E16.75331
G1 X106.718 Y99.871 E16.87136
G1 X106.051 Y102.233 E16.98941
G1 X105.127 Y104.506 E17.10742
G1 X103.959 Y106.665 E17.22548
G1 X102.561 Y108.681 E17.34348
G1 X100.949 Y110.532 E17.46153
G1 X99.143 Y112.194 E17.57958
G1 X97.166 Y113.648 E17.69761
G1 X95.041 Y114.875 E17.81563
G1 X92.793 Y115.86 E17.93367
G1 X90.451 Y116.593 E18.0517
G1 X88.042 Y117.064 E18.16976
G1 X85.597 Y117.266 E18.28776
G1 X83.144 Y117.199 E18.40578
G1 X80.713 Y116.861 E18.52383
G1 X78.334 Y116.259 E18.64186
G1 X76.035 Y115.399 E18.75992
G1 X73.846 Y114.29 E18.87794
G1 X71.791 Y112.948 E18.99599
G1 X69.897 Y111.388 E19.11401
G1 X68.185 Y109.629 E19.23207
G1 X66.678 Y107.692 E19.35011
G1 X65.393 Y105.602 E19.46811
G1 X64.346 Y103.382 E19.58616
G1 X63.549 Y101.061 E19.70419
G1 X63.012 Y98.666 E19.82224
G1 X62.742 Y96.227 E19.94026
G1 X62.742 Y93.773 E20.05829
G1 X63.012 Y91.334 E20.17631
G1 X63.549 Y88.939 E20.29436
G1 X64.346 Y86.618 E20.41239
G1 X65.393 Y84.398 E20.53044
G1 X66.678 Y82.308 E20.64844
G1 X68.185 Y80.371 E20.76648
G1 X69.897 Y78.612 E20.88454
G1 X71.791 Y77.052 E21.00256
G1 X73.846 Y75.71 E21.12061
G1 X76.035 Y74.601 E21.23863
G1 X78.334 Y73.741 E21.35669
G1 X80.713 Y73.139 E21.47472
G1 X83.144 Y72.801 E21.59277
G1 X85.597 Y72.734 E21.71079
G1 X87.966 Y72.93 E21.82512
G1 X88.36 Y73 F7800
G1 X88.136 Y74.035
;TYPE:Internal infill
;WIDTH:0.45
G1 F4200
G1 X85.833 Y73.818 E21.93638
G1 X73.707 Y77.067 E22.54017
G1 X72.42 Y77.908 E22.61411
G1 X71.821 Y78.401 E22.65142
G1 E20.65142 F2400
G92 E0
G1 X76.742 Y75.469 F7800
G1 E2 F2400
G1 F4200
G1 X74.664 Y76.484 E2.11123
G1 X79.27 Y81.09 E2.42452
G1 X81.043 Y81.09 E2.5098
G1 X96.211 Y77.025 E3.26507
G1 X95.859 Y76.822 E3.28461
G1 X94.716 Y81.09 E3.49712
G1 X95.63 Y81.09 E3.54108
G1 X88.683 Y74.142 E4.01364
G1 X90.485 Y74.529 E4.10229
G1 X88.727 Y81.09 E4.42898
G1 X87.45 Y81.09 E4.4904
G1 X80.617 Y74.257 E4.95517
G1 X78.425 Y74.839 E5.06425
G1 X76.751 Y81.09 E5.3755
G1 X72.315 Y81.09 E5.58886
G1 X71.815 Y81.197 E5.61345
G1 X71.451 Y81.451 E5.6348
G1 X70.013 Y80.013 E5.73261
G1 X70.616 Y79.393 E5.77421
G1 X71.387 Y78.759 E5.82222
G1 X65.086 Y102.273 E6.99306
G1 X65.448 Y103.233 E7.04241
G1 X71.072 Y101.726 E7.32245
G1 X71.072 Y102.281 E7.34914
G1 X69.225 Y109.176 E7.69246
G1 X68.563 Y108.387 E7.742
G1 X71.077 Y107.713 E7.86718
G1 X71.072 Y105.613 E7.96818
G1 X64.091 Y98.632 E8.44302
G1 X63.966 Y97.642 E8.49101
G1 X71.072 Y95.738 E8.84484
G1 X71.072 Y97.433 E8.92636
G1 X64.259 Y90.619 E9.38981
G1 X64.046 Y91.632 E9.4396
G1 X71.072 Y89.749 E9.78945
G1 X71.072 Y89.253 E9.81331
G1 X66.478 Y84.658 E10.12582
G1 X66.257 Y85.051 E10.14751
G1 X71.072 Y83.761 E10.38726
G1 X71.072 Y86.075 E10.49856
G1 E8.49856 F2400
G92 E0
G1 X85.053 Y81.09 F7800
G1 E2 F2400
G1 F4200
G1 X82.739 Y81.09 E2.1113
G1 X84.687 Y73.82 E2.4733
G1 E.4733 F2400
G92 E0
G1 X98.893 Y103.934 F7800
G1 E2 F2400
G1 F4200
G1 X98.893 Y106.248 E2.1113
G1 X103.672 Y104.968 E2.34926
G1 X103.488 Y105.308 E2.36785
G1 X98.893 Y100.713 E2.6804
G1 X98.893 Y100.26 E2.70219
G1 X105.891 Y98.385 E3.05064
G1 X105.727 Y99.367 E3.09852
G1 X98.893 Y92.533 E3.56336
G1 X98.893 Y94.271 E3.64695
G1 X106.016 Y92.363 E4.00162
G1 X105.838 Y91.298 E4.05355
G1 X98.893 Y84.353 E4.52594
G1 X98.887 Y82.296 E4.62488
G1 X101.416 Y81.619 E4.7508
G1 X100.763 Y80.869 E4.79863
G1 X98.893 Y87.847 E5.14609
G1 X98.893 Y88.283 E5.16706
G1 X104.505 Y86.78 E5.44649
G1 X104.904 Y87.763 E5.49752
G1 X98.613 Y111.241 E6.66657
G1 X99.981 Y109.981 E6.75602
G1 X98.532 Y108.532 E6.85458
G1 X98.338 Y108.699 E6.86689
G1 X97.995 Y108.86 E6.88511
G1 X97.647 Y108.91 E6.90202
G1 X93.249 Y108.91 E7.11355
G1 X91.583 Y115.128 E7.42316
G1 X90.19 Y115.563 E7.49335
G1 X89.364 Y115.725 E7.53383
G1 X82.55 Y108.91 E7.99734
G1 X81.273 Y108.91 E8.05876
G1 X79.517 Y115.465 E8.38515
G1 X81.337 Y115.877 E8.4749
G1 X74.37 Y108.91 E8.94879
G1 X75.284 Y108.91 E8.99275
G1 X74.132 Y113.211 E9.20691
G1 X73.776 Y112.978 E9.22737
G1 X88.957 Y108.91 E9.98328
G1 X90.73 Y108.91 E10.06856
G1 X95.313 Y113.493 E10.38029
G1 E8.38029 F2400
G92 E0
G1 X98.159 Y111.601 F7800
G1 E2 F2400
G1 F4200
G1 X96.273 Y112.939 E2.11122
G1 X84.223 Y116.167 E2.71122
G1 X83.231 Y116.14 E2.75895
G1 X81.922 Y115.959 E2.82251
G1 E.82251 F2400
G92 E0
G1 X87.615 Y116.035 F7800
G1 E2 F2400
G1 F4200
G1 X85.309 Y116.197 E2.11118
G1 X87.261 Y108.91 E2.47402
G1 X84.947 Y108.91 E2.58532
;LAYER_CHANGE
;Z:11.15
;HEIGHT:0.299999
G1 E.58532 F2400
G92 E0
G1 Z11.15 F7800
G1 X98.313 Y108.33
G1 E2 F2400
;TYPE:Perimeter
;WIDTH:0.45
G1 F3600
G1 X98.161 Y108.469 E2.00991
G1 X97.912 Y108.582 E2.02306
G1 X97.584 Y108.621 E2.03895
G1 X72.326 Y108.621 E3.25377
G1 X71.929 Y108.536 E3.2733
G1 X71.635 Y108.329 E3.29059
G1 X71.481 Y108.122 E3.303
G1 X71.38 Y107.843 E3.31727
G1 X71.362 Y107.657 E3.32626
G1 X71.362 Y82.343 E4.54378
G1 X71.38 Y82.157 E4.55277
G1 X71.529 Y81.8 E4.57138
G1 X71.761 Y81.561 E4.5874
G1 X71.929 Y81.464 E4.59673
G1 X72.326 Y81.379 E4.61626
G1 X97.64 Y81.379 E5.83378
G1 X97.912 Y81.418 E5.847
G1 X98.293 Y81.634 E5.86806
G1 X98.466 Y81.845 E5.88118
G1 X98.555 Y82.039 E5.89145
G1 X98.604 Y82.343 E5.90626
G1 X98.604 Y107.657 E7.12378
G1 X98.555 Y107.961 E7.13859
G1 X98.4 Y108.251 E7.15441
G1 X98.357 Y108.29 E7.1572
G1 X98.047 Y108.06 F7800
G1 F3600
G1 X98.032 Y108.083 E7.15852
G1 X97.804 Y108.212 E7.17112
G1 X97.584 Y108.236 E7.18176
G1 X72.326 Y108.236 E8.39658
G1 X71.987 Y108.126 E8.41372
G1 X71.819 Y107.936 E8.42592
G1 X71.747 Y107.657 E8.43978
G1 X71.747 Y82.343 E9.6573
G1 X71.819 Y82.064 E9.67116
G1 X71.987 Y81.874 E9.68336
G1 X72.326 Y81.764 E9.7005
G1 X97.64 Y81.764 E10.91802
G1 X97.952 Y81.856 E10.93366
G1 X98.135 Y82.044 E10.94628
G1 X98.219 Y82.343 E10.96122
G1 X98.219 Y107.657 E12.17874
G1 X98.189 Y107.84 E12.18766
G1 X98.079 Y108.009 E12.19736
G1 X97.776 Y107.786 F7800
;TYPE:External perimeter
G1 F1800
G1 X97.771 Y107.799 E12.19803
G1 X97.64 Y107.85 E12.20479
G1 X72.326 Y107.85 E13.42231
G1 X72.188 Y107.792 E13.42951
G1 X72.133 Y107.657 E13.43652
G1 X72.133 Y82.343 E14.65404
G1 X72.195 Y82.201 E14.66149
G1 X72.326 Y82.15 E14.66825
G1 X97.64 Y82.15 E15.88577
G1 X97.792 Y82.224 E15.8939
G1 X97.833 Y82.343 E15.89995
G1 X97.833 Y107.657 E17.11747
G1 X97.801 Y107.731 E17.12135
G1 X97.417 Y107.844 F7800
G1 E15.12135 F2400
G92 E0
G1 X87.962 Y73.707 F7800
G1 E2 F2400
;TYPE:Perimeter
G1 F3600
G1 X90.261 Y74.156 E2.11266
G1 X92.522 Y74.863 E2.2266
G1 X94.692 Y75.815 E2.34057
G1 X96.744 Y76.999 E2.45451
G1 X98.652 Y78.402 E2.56842
G1 X100.395 Y80.007 E2.68238
G1 X101.951 Y81.793 E2.79631
G1 X103.301 Y83.74 E2.91026
G1 X104.429 Y85.823 E3.02419
G1 X105.32 Y88.018 E3.13813
G1 X105.965 Y90.298 E3.25209
G1 X106.355 Y92.635 E3.36605
G1 X106.473 Y94.783 E3.46952
G1 X106.473 Y95.217 E3.49039
G1 X106.355 Y97.365 E3.59386
G1 X105.965 Y99.702 E3.70782
G1 X105.32 Y101.982 E3.82178
G1 X104.429 Y104.177 E3.93572
G1 X103.301 Y106.26 E4.04965
G1 X101.951 Y108.207 E4.1636
G1 X100.395 Y109.993 E4.27753
G1 X98.652 Y111.598 E4.39149
G1 X96.744 Y113.001 E4.5054
G1 X94.692 Y114.185 E4.61934
G1 X92.522 Y115.137 E4.73331
G1 X90.261 Y115.844 E4.84725
G1 X87.936 Y116.298 E4.96119
G1 X85.575 Y116.494 E5.07514
G1 X83.207 Y116.429 E5.18908
G1 X80.861 Y116.103 E5.303
G1 X78.564 Y115.522 E5.41696
G1 X76.346 Y114.691 E5.53088
G1 X74.232 Y113.621 E5.64484
G1 X72.249 Y112.326 E5.75875
G1 X70.42 Y110.82 E5.8727
G1 X68.768 Y109.122 E5.98664
G1 X67.313 Y107.252 E6.1006
G1 X66.072 Y105.234 E6.21454
G1 X65.061 Y103.091 E6.32851
G1 X64.292 Y100.851 E6.44242
G1 X63.774 Y98.539 E6.55638
G1 X63.513 Y96.185 E6.67029
G1 X63.513 Y93.815 E6.78428
G1 X63.774 Y91.461 E6.89819
G1 X64.292 Y89.149 E7.01215
G1 X65.061 Y86.909 E7.12606
G1 X66.072 Y84.766 E7.24003
G1 X67.313 Y82.748 E7.35397
G1 X68.768 Y80.878 E7.46793
G1 X70.42 Y79.18 E7.58187
G1 X72.249 Y77.674 E7.69582
G1 X74.232 Y76.379 E7.80973
G1 X76.346 Y75.309 E7.92369
G1 X78.564 Y74.478 E8.03761
G1 X80.861 Y73.897 E8.15157
G1 X83.207 Y73.571 E8.26549
G1 X85.575 Y73.506 E8.37943
G1 X87.902 Y73.699 E8.49173
G1 X87.994 Y73.32 F7800
G1 F3600
G1 X90.356 Y73.781 E8.60748
G1 X92.658 Y74.501 E8.72349
G1 X94.866 Y75.47 E8.83946
G1 X96.955 Y76.676 E8.95547
G1 X98.898 Y78.104 E9.07145
G1 X100.672 Y79.737 E9.18742
G1 X102.256 Y81.556 E9.30343
G1 X103.63 Y83.538 E9.41942
G1 X104.778 Y85.659 E9.53542
G1 X105.685 Y87.893 E9.65139
G1 X106.342 Y90.213 E9.76736
G1 X106.739 Y92.592 E9.88336
G1 X106.858 Y94.762 E9.98789
G1 X106.858 Y95.238 E10.01078
G1 X106.739 Y97.408 E10.11531
G1 X106.342 Y99.787 E10.23131
G1 X105.685 Y102.107 E10.34728
G1 X104.778 Y104.341 E10.46325
G1 X103.63 Y106.462 E10.57925
G1 X102.256 Y108.444 E10.69524
G1 X100.672 Y110.263 E10.81125
G1 X98.898 Y111.896 E10.92722
G1 X96.955 Y113.324 E11.0432
G1 X94.866 Y114.53 E11.15921
G1 X92.658 Y115.499 E11.27518
G1 X90.356 Y116.219 E11.39119
G1 X87.989 Y116.681 E11.50718
G1 X85.586 Y116.88 E11.62315
G1 X83.175 Y116.814 E11.73915
G1 X80.787 Y116.482 E11.85511
G1 X78.449 Y115.89 E11.97111
G1 X76.19 Y115.045 E12.08711
G1 X74.039 Y113.956 E12.20307
G1 X72.02 Y112.637 E12.31906
G1 X70.158 Y111.104 E12.43506
G1 X68.477 Y109.375 E12.55104
G1 X66.995 Y107.472 E12.66705
G1 X65.733 Y105.418 E12.783
G1 X64.703 Y103.237 E12.89901
G1 X63.92 Y100.956 E13.015
G1 X63.393 Y98.603 E13.13097
G1 X63.128 Y96.206 E13.24696
G1 X63.128 Y93.794 E13.36297
G1 X63.393 Y91.397 E13.47896
G1 X63.92 Y89.044 E13.59493
G1 X64.703 Y86.763 E13.71092
G1 X65.733 Y84.582 E13.82693
G1 X66.995 Y82.528 E13.94288
G1 X68.477 Y80.625 E14.05889
G1 X70.158 Y78.896 E14.17487
G1 X72.02 Y77.363 E14.29087
G1 X74.039 Y76.044 E14.40686
G1 X76.19 Y74.955 E14.52282
G1 X78.449 Y74.11 E14.63882
G1 X80.787 Y73.518 E14.75482
G1 X83.175 Y73.186 E14.87078
G1 X85.586 Y73.12 E14.98678
G1 X87.934 Y73.314 E15.1001
G1 X88.026 Y72.935 F7800
;TYPE:External perimeter
G1 F1800
G1 X88.042 Y72.936 E15.10087
G1 X90.451 Y73.407 E15.21893
G1 X92.793 Y74.14 E15.33696
G1 X95.041 Y75.125 E15.455
G1 X97.166 Y76.352 E15.57302
G1 X99.143 Y77.806 E15.69105
G1 X100.949 Y79.468 E15.8091
G1 X102.561 Y81.319 E15.92715
G1 X103.959 Y83.335 E16.04515
G1 X105.127 Y85.494 E16.16321
G1 X106.051 Y87.767 E16.28122
G1 X106.718 Y90.129 E16.39927
G1 X107.122 Y92.55 E16.51732
G1 X107.243 Y94.741 E16.62286
G1 X107.243 Y95.259 E16.64777
G1 X107.122 Y97.45 E16.75331
G1 X106.718 Y99.871 E16.87136
G1 X106.051 Y102.233 E16.98941
G1 X105.127 Y104.506 E17.10742
G1 X103.959 Y106.665 E17.22548
G1 X102.561 Y108.681 E17.34348
G1 X100.949 Y110.532 E17.46153
G1 X99.143 Y112.194 E17.57958
G1 X97.166 Y113.648 E17.69761
G1 X95.041 Y114.875 E17.81563
G1 X92.793 Y115.86 E17.93367
G1 X90.451 Y116.593 E18.0517
G1 X88.042 Y117.064 E18.16976
G1 X85.597 Y117.266 E18.28776
G1 X83.144 Y117.199 E18.40578
G1 X80.713 Y116.861 E18.52383
G1 X78.334 Y116.259 E18.64186
G1 X76.035 Y115.399 E18.75992
G1 X73.846 Y114.29 E18.87794
G1 X71.791 Y112.948 E18.99599
G1 X69.897 Y111.388 E19.11401
G1 X68.185 Y109.629 E19.23207
G1 X66.678 Y107.692 E19.35011
G1 X65.393 Y105.602 E19.46811
G1 X64.346 Y103.382 E19.58616
G1 X63.549 Y101.061 E19.70419
G1 X63.012 Y98.666 E19.82224
G1 X62.742 Y96.227 E19.94026
G1 X62.742 Y93.773 E20.05829
G1 X63.012 Y91.334 E20.17631
G1 X63.549 Y88.939 E20.29436
G1 X64.346 Y86.618 E20.41239
G1 X65.393 Y84.398 E20.53044
G1 X66.678 Y82.308 E20.64844
G1 X68.185 Y80.371 E20.76648
G1 X69.897 Y78.612 E20.88454
G1 X71.791 Y77.052 E21.00256
G1 X73.846 Y75.71 E21.12061
G1 X76.035 Y74.601 E21.23863
G1 X78.334 Y73.741 E21.35669
G1 X80.713 Y73.139 E21.47472
G1 X83.144 Y72.801 E21.59277
G1 X85.597 Y72.734 E21.71079
G1 X87.966 Y72.93 E21.82512
G1 X88.36 Y73 F7800
G1 X88.136 Y74.035
;TYPE:Internal infill
;WIDTH:0.45
G1 F4200
G1 X85.833 Y73.818 E21.93638
G1 X73.707 Y77.067 E22.54017
G1 X72.42 Y77.908 E22.61411
G1 X71.821 Y78.401 E22.65142
G1 E20.65142 F2400
G92 E0
G1 X76.742 Y75.469 F7800
G1 E2 F2400
G1 F4200
G1 X74.664 Y76.484 E2.11123
G1 X79.27 Y81.09 E2.42452
G1 X81.043 Y81.09 E2.5098
G1 X96.211 Y77.025 E3.26507
G1 X95.859 Y76.822 E3.28461
G1 X94.716 Y81.09 E3.49712
G1 X95.63 Y81.09 E3.54108
G1 X88.683 Y74.142 E4.01364
G1 X90.485 Y74.529 E4.10229
G1 X88.727 Y81.09 E4.42898
G1 X87.45 Y81.09 E4.4904
G1 X80.617 Y74.257 E4.95517
G1 X78.425 Y74.839 E5.06425
G1 X76.751 Y81.09 E5.3755
G1 X72.315 Y81.09 E5.58886
G1 X71.815 Y81.197 E5.61345
G1 X71.451 Y81.451 E5.6348
G1 X70.013 Y80.013 E5.73261
G1 X70.616 Y79.393 E5.77421
G1 X71.387 Y78.759 E5.82222
G1 X65.086 Y102.273 E6.99306
G1 X65.448 Y103.233 E7.04241
G1 X71.072 Y101.726 E7.32245
G1 X71.072 Y102.281 E7.34914
G1 X69.225 Y109.176 E7.69246
G1 X68.563 Y108.387 E7.742
G1 X71.077 Y107.713 E7.86718
G1 X71.072 Y105.613 E7.96818
G1 X64.091 Y98.632 E8.44302
G1 X63.966 Y97.642 E8.49101
G1 X71.072 Y95.738 E8.84484
G1 X71.072 Y97.433 E8.92636
G1 X64.259 Y90.619 E9.38981
G1 X64.046 Y91.632 E9.4396
G1 X71.072 Y89.749 E9.78945
G1 X71.072 Y89.253 E9.81331
G1 X66.478 Y84.658 E10.12582
G1 X66.257 Y85.051 E10.14751
G1 X71.072 Y83.761 E10.38726
G1 X71.072 Y86.075 E10.49856
G1 E8.49856 F2400
G92 E0
G1 X85.053 Y81.09 F7800
G1 E2 F2400
G1 F4200
G1 X82.739 Y81.09 E2.1113
G1 X84.687 Y73.82 E2.4733
G1 E.4733 F2400
G92 E0
G1 X98.893 Y103.934 F7800
G1 E2 F2400
G1 F4200
G1 X98.893 Y106.248 E2.1113
G1 X103.672 Y104.968 E2.34926
G1 X103.488 Y105.308 E2.36785
G1 X98.893 Y100.713 E2.6804
G1 X98.893 Y100.26 E2.70219
G1 X105.891 Y98.385 E3.05064
G1 X105.727 Y99.367 E3.09852
G1 X98.893 Y92.533 E3.56336
G1 X98.893 Y94.271 E3.64695
G1 X106.016 Y92.363 E4.00162
G1 X105.838 Y91.298 E4.05355
G1 X98.893 Y84.353 E4.52594
G1 X98.887 Y82.296 E4.62488
G1 X101.416 Y81.619 E4.7508
G1 X100.763 Y80.869 E4.79863
G1 X98.893 Y87.847 E5.14609
G1 X98.893 Y88.283 E5.16706
G1 X104.505 Y86.78 E5.44649
G1 X104.904 Y87.763 E5.49752
G1 X98.613 Y111.241 E6.66657
G1 X99.981 Y109.981 E6.75602
G1 X98.532 Y108.532 E6.85458
G1 X98.338 Y108.699 E6.86689
G1 X97.995 Y108.86 E6.88511
G1 X97.647 Y108.91 E6.90202
G1 X93.249 Y108.91 E7.11355
G1 X91.583 Y115.128 E7.42316
G1 X90.19 Y115.563 E7.49335
G1 X89.364 Y115.725 E7.53383
G1 X82.55 Y108.91 E7.99734
G1 X81.273 Y108.91 E8.05876
G1 X79.517 Y115.465 E8.38515
G1 X81.337 Y115.877 E8.4749
G1 X74.37 Y108.91 E8.94879
G1 X75.284 Y108.91 E8.99275
G1 X74.132 Y113.211 E9.20691
G1 X73.776 Y112.978 E9.22737
G1 X88.957 Y108.91 E9.98328
G1 X90.73 Y108.91 E10.06856
G1 X95.313 Y113.493 E10.38029
G1 E8.38029 F2400
G92 E0
G1 X98.159 Y111.601 F7800
G1 E2 F2400
G1 F4200
G1 X96.273 Y112.939 E2.11122
G1 X84.223 Y116.167 E2.71122
G1 X83.231 Y116.14 E2.75895
G1 X81.922 Y115.959 E2.82251
G1 E.82251 F2400
G92 E0
G1 X87.615 Y116.035 F7800
G1 E2 F2400
G1 F4200
G1 X85.309 Y116.197 E2.11118
G1 X87.261 Y108.91 E2.47402
G1 X84.947 Y108.91 E2.58532
;LAYER_CHANGE
;Z:11.45
;HEIGHT:0.3
G1 E.58532 F2400
G92 E0
G1 Z11.45 F7800
G1 X98.313 Y108.33
G1 E2 F2400
;TYPE:Perimeter
;WIDTH:0.45
G1 F3600
G1 X98.161 Y108.469 E2.00991
G1 X97.912 Y108.582 E2.02306
G1 X97.584 Y108.621 E2.03895
G1 X72.326 Y108.621 E3.25377
G1 X71.929 Y108.536 E3.2733
G1 X71.635 Y108.329 E3.29059
G1 X71.481 Y108.122 E3.303
G1 X71.38 Y107.843 E3.31727
G1 X71.362 Y107.657 E3.32626
G1 X71.362 Y82.343 E4.54378
G1 X71.38 Y82.157 E4.55277
G1 X71.529 Y81.8 E4.57138
G1 X71.761 Y81.561 E4.5874
G1 X71.929 Y81.464 E4.59673
G1 X72.326 Y81.379 E4.61626
G1 X97.64 Y81.379 E5.83378
G1 X97.912 Y81.418 E5.847
G1 X98.293 Y81.634 E5.86806
G1 X98.466 Y81.845 E5.88118
G1 X98.555 Y82.039 E5.89145
G1 X98.604 Y82.343 E5.90626
G1 X98.604 Y107.657 E7.12378
G1 X98.555 Y107.961 E7.13859
G1 X98.4 Y108.251 E7.15441
G1 X98.357 Y108.29 E7.1572
G1 X98.047 Y108.06 F7800
G1 F3600
G1 X98.032 Y108.083 E7.15852
G1 X97.804 Y108.212 E7.17112
G1 X97.584 Y108.236 E7.18176
G1 X72.326 Y108.236 E8.39658
G1 X71.987 Y108.126 E8.41372
G1 X71.819 Y107.936 E8.42592
G1 X71.747 Y107.657 E8.43978
G1 X71.747 Y82.343 E9.6573
G1 X71.819 Y82.064 E9.67116
G1 X71.987 Y81.874 E9.68336
G1 X72.326 Y81.764 E9.7005
G1 X97.64 Y81.764 E10.91802
G1 X97.952 Y81.856 E10.93366
G1 X98.135 Y82.044 E10.94628
G1 X98.219 Y82.343 E10.96122
G1 X98.219 Y107.657 E12.17874
G1 X98.189 Y107.84 E12.18766
G1 X98.079 Y108.009 E12.19736
G1 X97.776 Y107.786 F7800
;TYPE:External perimeter
G1 F1800
G1 X97.771 Y107.799 E12.19803
G1 X97.64 Y107.85 E12.20479
G1 X72.326 Y107.85 E13.42231
G1 X72.188 Y107.792 E13.42951
G1 X72.133 Y107.657 E13.43652
G1 X72.133 Y82.343 E14.65404
G1 X72.195 Y82.201 E14.66149
G1 X72.326 Y82.15 E14.66825
G1 X97.64 Y82.15 E15.88577
G1 X97.792 Y82.224 E15.8939
G1 X97.833 Y82.343 E15.89995
G1 X97.833 Y107.657 E17.11747
G1 X97.801 Y107.731 E17.12135
G1 X97.417 Y107.844 F7800
G1 E15.12135 F2400
G92 E0
G1 X87.962 Y73.707 F7800
G1 E2 F2400
;TYPE:Perimeter
G1 F3600
G1 X90.261 Y74.156 E2.11266
G1 X92.522 Y74.863 E2.2266
G1 X94.692 Y75.815 E2.34057
G1 X96.744 Y76.999 E2.45451
G1 X98.652 Y78.402 E2.56842
G1 X100.395 Y80.007 E2.68238
G1 X101.951 Y81.793 E2.79631
G1 X103.301 Y83.74 E2.91026
G1 X104.429 Y85.823 E3.02419
G1 X105.32 Y88.018 E3.13813
G1 X105.965 Y90.298 E3.25209
G1 X106.355 Y92.635 E3.36605
G1 X106.473 Y94.783 E3.46952
G1 X106.473 Y95.217 E3.49039
G1 X106.355 Y97.365 E3.59386
G1 X105.965 Y99.702 E3.70782
G1 X105.32 Y101.982 E3.82178
G1 X104.429 Y104.177 E3.93572
G1 X103.301 Y106.26 E4.04965
G1 X101.951 Y108.207 E4.1636
G1 X100.395 Y109.993 E4.27753
G1 X98.652 Y111.598 E4.39149
G1 X96.744 Y113.001 E4.5054
G1 X94.692 Y114.185 E4.61934
G1 X92.522 Y115.137 E4.73331
G1 X90.261 Y115.844 E4.84725
G1 X87.936 Y116.298 E4.96119
G1 X85.575 Y116.494 E5.07514
G1 X83.207 Y116.429 E5.18908
G1 X80.861 Y116.103 E5.303
G1 X78.564 Y115.522 E5.41696
G1 X76.346 Y114.691 E5.53088
G1 X74.232 Y113.621 E5.64484
G1 X72.249 Y112.326 E5.75875
G1 X70.42 Y110.82 E5.8727
G1 X68.768 Y109.122 E5.98664
G1 X67.313 Y107.252 E6.1006
G1 X66.072 Y105.234 E6.21454
G1 X65.061 Y103.091 E6.32851
G1 X64.292 Y100.851 E6.44242
G1 X63.774 Y98.539 E6.55638
G1 X63.513 Y96.185 E6.67029
G1 X63.513 Y93.815 E6.78428
G1 X63.774 Y91.461 E6.89819
G1 X64.292 Y89.149 E7.01215
G1 X65.061 Y86.909 E7.12606
G1 X66.072 Y84.766 E7.24003
G1 X67.313 Y82.748 E7.35397
G1 X68.768 Y80.878 E7.46793
G1 X70.42 Y79.18 E7.58187
G1 X72.249 Y77.674 E7.69582
G1 X74.232 Y76.379 E7.80973
G1 X76.346 Y75.309 E7.92369
G1 X78.564 Y74.478 E8.03761
G1 X80.861 Y73.897 E8.15157
G1 X83.207 Y73.571 E8.26549
G1 X85.575 Y73.506 E8.37943
G1 X87.902 Y73.699 E8.49173
G1 X87.994 Y73.32 F7800
G1 F3600
G1 X90.356 Y73.781 E8.60748
G1 X92.658 Y74.501 E8.72349
G1 X94.866 Y75.47 E8.83946
G1 X96.955 Y76.676 E8.95547
G1 X98.898 Y78.104 E9.07145
G1 X100.672 Y79.737 E9.18742
G1 X102.256 Y81.556 E9.30343
G1 X103.63 Y83.538 E9.41942
G1 X104.778 Y85.659 E9.53542
G1 X105.685 Y87.893 E9.65139
G1 X106.342 Y90.213 E9.76736
G1 X106.739 Y92.592 E9.88336
G1 X106.858 Y94.762 E9.98789
G1 X106.858 Y95.238 E10.01078
G1 X106.739 Y97.408 E10.11531
G1 X106.342 Y99.787 E10.23131
G1 X105.685 Y102.107 E10.34728
G1 X104.778 Y104.341 E10.46325
G1 X103.63 Y106.462 E10.57925
G1 X102.256 Y108.444 E10.69524
G1 X100.672 Y110.263 E10.81125
G1 X98.898 Y111.896 E10.92722
G1 X96.955 Y113.324 E11.0432
G1 X94.866 Y114.53 E11.15921
G1 X92.658 Y115.499 E11.27518
G1 X90.356 Y116.219 E11.39119
G1 X87.989 Y116.681 E11.50718
G1 X85.586 Y116.88 E11.62315
G1 X83.175 Y116.814 E11.73915
G1 X80.787 Y116.482 E11.85511
G1 X78.449 Y115.89 E11.97111
G1 X76.19 Y115.045 E12.08711
G1 X74.039 Y113.956 E12.20307
G1 X72.02 Y112.637 E12.31906
G1 X70.158 Y111.104 E12.43506
G1 X68.477 Y109.375 E12.55104
G1 X66.995 Y107.472 E12.66705
G1 X65.733 Y105.418 E12.783
G1 X64.703 Y103.237 E12.89901
G1 X63.92 Y100.956 E13.015
G1 X63.393 Y98.603 E13.13097
G1 X63.128 Y96.206 E13.24696
G1 X63.128 Y93.794 E13.36297
G1 X63.393 Y91.397 E13.47896
G1 X63.92 Y89.044 E13.59493
G1 X64.703 Y86.763 E13.71092
G1 X65.733 Y84.582 E13.82693
G1 X66.995 Y82.528 E13.94288
G1 X68.477 Y80.625 E14.05889
G1 X70.158 Y78.896 E14.17487
G1 X72.02 Y77.363 E14.29087
G1 X74.039 Y76.044 E14.40686
G1 X76.19 Y74.955 E14.52282
G1 X78.449 Y74.11 E14.63882
G1 X80.787 Y73.518 E14.75482
G1 X83.175 Y73.186 E14.87078
G1 X85.586 Y73.12 E14.98678
G1 X87.934 Y73.314 E15.1001
G1 X88.026 Y72.935 F7800
;TYPE:External perimeter
G1 F1800
G1 X88.042 Y72.936 E15.10087
G1 X90.451 Y73.407 E15.21893
G1 X92.793 Y74.14 E15.33696
G1 X95.041 Y75.125 E15.455
G1 X97.166 Y76.352 E15.57302
G1 X99.143 Y77.806 E15.69105
G1 X100.949 Y79.468 E15.8091
G1 X102.561 Y81.319 E15.92715
G1 X103.959 Y83.335 E16.04515
G1 X105.127 Y85.494 E16.16321
G1 X106.051 Y87.767 E16.28122
G1 X106.718 Y90.129 E16.39927
G1 X107.122 Y92.55 E16.51732
G1 X107.243 Y94.741 E16.62286
G1 X107.243 Y95.259 E16.64777
G1 X107.122 Y97.45 E16.75331
G1 X106.718 Y99.871 E16.87136
G1 X106.051 Y102.233 E16.98941
G1 X105.127 Y104.506 E17.10742
G1 X103.959 Y106.665 E17.22548
G1 X102.561 Y108.681 E17.34348
G1 X100.949 Y110.532 E17.46153
G1 X99.143 Y112.194 E17.57958
G1 X97.166 Y113.648 E17.69761
G1 X95.041 Y114.875 E17.81563
G1 X92.793 Y115.86 E17.93367
G1 X90.451 Y116.593 E18.0517
G1 X88.042 Y117.064 E18.16976
G1 X85.597 Y117.266 E18.28776
G1 X83.144 Y117.199 E18.40578
G1 X80.713 Y116.861 E18.52383
G1 X78.334 Y116.259 E18.64186
G1 X76.035 Y115.399 E18.75992
G1 X73.846 Y114.29 E18.87794
G1 X71.791 Y112.948 E18.99599
G1 X69.897 Y111.388 E19.11401
G1 X68.185 Y109.629 E19.23207
G1 X66.678 Y107.692 E19.35011
G1 X65.393 Y105.602 E19.46811
G1 X64.346 Y103.382 E19.58616
G1 X63.549 Y101.061 E19.70419
G1 X63.012 Y98.666 E19.82224
G1 X62.742 Y96.227 E19.94026
G1 X62.742 Y93.773 E20.05829
G1 X63.012 Y91.334 E20.17631
G1 X63.549 Y88.939 E20.29436
G1 X64.346 Y86.618 E20.41239
G1 X65.393 Y84.398 E20.53044
G1 X66.678 Y82.308 E20.64844
G1 X68.185 Y80.371 E20.76648
G1 X69.897 Y78.612 E20.88454
G1 X71.791 Y77.052 E21.00256
G1 X73.846 Y75.71 E21.12061
G1 X76.035 Y74.601 E21.23863
G1 X78.334 Y73.741 E21.35669
G1 X80.713 Y73.139 E21.47472
G1 X83.144 Y72.801 E21.59277
G1 X85.597 Y72.734 E21.71079
G1 X87.966 Y72.93 E21.82512
G1 X88.36 Y73 F7800
G1 X88.136 Y74.035
;TYPE:Internal infill
;WIDTH:0.45
G1 F4200
G1 X85.833 Y73.818 E21.93638
G1 X73.707 Y77.067 E22.54017
G1 X72.42 Y77.908 E22.61411
G1 X71.821 Y78.401 E22.65142
G1 E20.65142 F2400
G92 E0
G1 X76.742 Y75.469 F7800
G1 E2 F2400
G1 F4200
G1 X74.664 Y76.484 E2.11123
G1 X79.27 Y81.09 E2.42452
G1 X81.043 Y81.09 E2.5098
G1 X96.211 Y77.025 E3.26507
G1 X95.859 Y76.822 E3.28461
G1 X94.716 Y81.09 E3.49712
G1 X95.63 Y81.09 E3.54108
G1 X88.683 Y74.142 E4.01364
G1 X90.485 Y74.529 E4.10229
G1 X88.727 Y81.09 E4.42898
G1 X87.45 Y81.09 E4.4904
G1 X80.617 Y74.257 E4.95517
G1 X78.425 Y74.839 E5.06425
G1 X76.751 Y81.09 E5.3755
G1 X72.315 Y81.09 E5.58886
G1 X71.815 Y81.197 E5.61345
G1 X71.451 Y81.451 E5.6348
G1 X70.013 Y80.013 E5.73261
G1 X70.616 Y79.393 E5.77421
G1 X71.387 Y78.759 E5.82222
G1 X65.086 Y102.273 E6.99306
G1 X65.448 Y103.233 E7.04241
G1 X71.072 Y101.726 E7.32245
G1 X71.072 Y102.281 E7.34914
G1 X69.225 Y109.176 E7.69246
G1 X68.563 Y108.387 E7.742
G1 X71.077 Y107.713 E7.86718
G1 X71.072 Y105.613 E7.96818
G1 X64.091 Y98.632 E8.44302
G1 X63.966 Y97.642 E8.49101
G1 X71.072 Y95.738 E8.84484
G1 X71.072 Y97.433 E8.92636
G1 X64.259 Y90.619 E9.38981
G1 X64.046 Y91.632 E9.4396
G1 X71.072 Y89.749 E9.78945
G1 X71.072 Y89.253 E9.81331
G1 X66.478 Y84.658 E10.12582
G1 X66.257 Y85.051 E10.14751
G1 X71.072 Y83.761 E10.38726
G1 X71.072 Y86.075 E10.49856
G1 E8.49856 F2400
G92 E0
G1 X85.053 Y81.09 F7800
G1 E2 F2400
G1 F4200
G1 X82.739 Y81.09 E2.1113
G1 X84.687 Y73.82 E2.4733
G1 E.4733 F2400
G92 E0
G1 X98.893 Y103.934 F7800
G1 E2 F2400
G1 F4200
G1 X98.893 Y106.248 E2.1113
G1 X103.672 Y104.968 E2.34926
G1 X103.488 Y105.308 E2.36785
G1 X98.893 Y100.713 E2.6804
G1 X98.893 Y100.26 E2.70219
G1 X105.891 Y98.385 E3.05064
G1 X105.727 Y99.367 E3.09852
G1 X98.893 Y92.533 E3.56336
G1 X98.893 Y94.271 E3.64695
G1 X106.016 Y92.363 E4.00162
G1 X105.838 Y91.298 E4.05355
G1 X98.893 Y84.353 E4.52594
G1 X98.887 Y82.296 E4.62488
G1 X101.416 Y81.619 E4.7508
G1 X100.763 Y80.869 E4.79863
G1 X98.893 Y87.847 E5.14609
G1 X98.893 Y88.283 E5.16706
G1 X104.505 Y86.78 E5.44649
G1 X104.904 Y87.763 E5.49752
G1 X98.613 Y111.241 E6.66657
G1 X99.981 Y109.981 E6.75602
G1 X98.532 Y108.532 E6.85458
G1 X98.338 Y108.699 E6.86689
G1 X97.995 Y108.86 E6.88511
G1 X97.647 Y108.91 E6.90202
G1 X93.249 Y108.91 E7.11355
G1 X91.583 Y115.128 E7.42316
G1 X90.19 Y115.563 E7.49335
G1 X89.364 Y115.725 E7.53383
G1 X82.55 Y108.91 E7.99734
G1 X81.273 Y108.91 E8.05876
G1 X79.517 Y115.465 E8.38515
G1 X81.337 Y115.877 E8.4749
G1 X74.37 Y108.91 E8.94879
G1 X75.284 Y108.91 E8.99275
G1 X74.132 Y113.211 E9.20691
G1 X73.776 Y112.978 E9.22737
G1 X88.957 Y108.91 E9.98328
G1 X90.73 Y108.91 E10.06856
G1 X95.313 Y113.493 E10.38029
G1 E8.38029 F2400
G92 E0
G1 X98.159 Y111.601 F7800
G1 E2 F2400
G1 F4200
G1 X96.273 Y112.939 E2.11122
G1 X84.223 Y116.167 E2.71122
G1 X83.231 Y116.14 E2.75895
G1 X81.922 Y115.959 E2.82251
G1 E.82251 F2400
G92 E0
G1 X87.615 Y116.035 F7800
G1 E2 F2400
G1 F4200
G1 X85.309 Y116.197 E2.11118
G1 X87.261 Y108.91 E2.47402
G1 X84.947 Y108.91 E2.58532
;LAYER_CHANGE
;Z:11.75
;HEIGHT:0.3
G1 E.58532 F2400
G92 E0
G1 Z11.75 F7800
G1 X98.313 Y108.33
G1 E2 F2400
;TYPE:Perimeter
;WIDTH:0.45
G1 F3600
G1 X98.161 Y108.469 E2.00991
G1 X97.912 Y108.582 E2.02306
G1 X97.584 Y108.621 E2.03895
G1 X72.326 Y108.621 E3.25377
G1 X71.929 Y108.536 E3.2733
G1 X71.635 Y108.329 E3.29059
G1 X71.481 Y108.122 E3.303
G1 X71.38 Y107.843 E3.31727
G1 X71.362 Y107.657 E3.32626
G1 X71.362 Y82.343 E4.54378
G1 X71.38 Y82.157 E4.55277
G1 X71.529 Y81.8 E4.57138
G1 X71.761 Y81.561 E4.5874
G1 X71.929 Y81.464 E4.59673
G1 X72.326 Y81.379 E4.61626
G1 X97.64 Y81.379 E5.83378
G1 X97.912 Y81.418 E5.847
G1 X98.293 Y81.634 E5.86806
G1 X98.466 Y81.845 E5.88118
G1 X98.555 Y82.039 E5.89145
G1 X98.604 Y82.343 E5.90626
G1 X98.604 Y107.657 E7.12378
G1 X98.555 Y107.961 E7.13859
G1 X98.4 Y108.251 E7.15441
G1 X98.357 Y108.29 E7.1572
G1 X98.047 Y108.06 F7800
G1 F3600
G1 X98.032 Y108.083 E7.15852
G1 X97.804 Y108.212 E7.17112
G1 X97.584 Y108.236 E7.18176
G1 X72.326 Y108.236 E8.39658
G1 X71.987 Y108.126 E8.41372
G1 X71.819 Y107.936 E8.42592
G1 X71.747 Y107.657 E8.43978
G1 X71.747 Y82.343 E9.6573
G1 X71.819 Y82.064 E9.67116
G1 X71.987 Y81.874 E9.68336
G1 X72.326 Y81.764 E9.7005
G1 X97.64 Y81.764 E10.91802
G1 X97.952 Y81.856 E10.93366
G1 X98.135 Y82.044 E10.94628
G1 X98.219 Y82.343 E10.96122
G1 X98.219 Y107.657 E12.17874
G1 X98.189 Y107.84 E12.18766
G1 X98.079 Y108.009 E12.19736
G1 X97.776 Y107.786 F7800
;TYPE:External perimeter
G1 F1800
G1 X97.771 Y107.799 E12.19803
G1 X97.64 Y107.85 E12.20479
G1 X72.326 Y107.85 E13.42231
G1 X72.188 Y107.792 E13.42951
G1 X72.133 Y107.657 E13.43652
G1 X72.133 Y82.343 E14.65404
G1 X72.195 Y82.201 E14.66149
G1 X72.326 Y82.15 E14.66825
G1 X97.64 Y82.15 E15.88577
G1 X97.792 Y82.224 E15.8939
G1 X97.833 Y82.343 E15.89995
G1 X97.833 Y107.657 E17.11747
G1 X97.801 Y107.731 E17.12135
G1 X97.417 Y107.844 F7800
G1 E15.12135 F2400
G92 E0
G1 X87.962 Y73.707 F7800
G1 E2 F2400
;TYPE:Perimeter
G1 F3600
G1 X90.261 Y74.156 E2.11266
G1 X92.522 Y74.863 E2.2266
G1 X94.692 Y75.815 E2.34057
G1 X96.744 Y76.999 E2.45451
G1 X98.652 Y78.402 E2.56842
G1 X100.395 Y80.007 E2.68238
G1 X101.951 Y81.793 E2.79631
G1 X103.301 Y83.74 E2.91026
G1 X104.429 Y85.823 E3.02419
G1 X105.32 Y88.018 E3.13813
G1 X105.965 Y90.298 E3.25209
G1 X106.355 Y92.635 E3.36605
G1 X106.473 Y94.783 E3.46952
G1 X106.473 Y95.217 E3.49039
G1 X106.355 Y97.365 E3.59386
G1 X105.965 Y99.702 E3.70782
G1 X105.32 Y101.982 E3.82178
G1 X104.429 Y104.177 E3.93572
G1 X103.301 Y106.26 E4.04965
G1 X101.951 Y108.207 E4.1636
G1 X100.395 Y109.993 E4.27753
G1 X98.652 Y111.598 E4.39149
G1 X96.744 Y113.001 E4.5054
G1 X94.692 Y114.185 E4.61934
G1 X92.522 Y115.137 E4.73331
G1 X90.261 Y115.844 E4.84725
G1 X87.936 Y116.298 E4.96119
G1 X85.575 Y116.494 E5.07514
G1 X83.207 Y116.429 E5.18908
G1 X80.861 Y116.103 E5.303
G1 X78.564 Y115.522 E5.41696
G1 X76.346 Y114.691 E5.53088
G1 X74.232 Y113.621 E5.64484
G1 X72.249 Y112.326 E5.75875
G1 X70.42 Y110.82 E5.8727
G1 X68.768 Y109.122 E5.98664
G1 X67.313 Y107.252 E6.1006
G1 X66.072 Y105.234 E6.21454
G1 X65.061 Y103.091 E6.32851
G1 X64.292 Y100.851 E6.44242
G1 X63.774 Y98.539 E6.55638
G1 X63.513 Y96.185 E6.67029
G1 X63.513 Y93.815 E6.78428
G1 X63.774 Y91.461 E6.89819
G1 X64.292 Y89.149 E7.01215
G1 X65.061 Y86.909 E7.12606
G1 X66.072 Y84.766 E7.24003
G1 X67.313 Y82.748 E7.35397
G1 X68.768 Y80.878 E7.46793
G1 X70.42 Y79.18 E7.58187
G1 X72.249 Y77.674 E7.69582
G1 X74.232 Y76.379 E7.80973
G1 X76.346 Y75.309 E7.92369
G1 X78.564 Y74.478 E8.03761
G1 X80.861 Y73.897 E8.15157
G1 X83.207 Y73.571 E8.26549
G1 X85.575 Y73.506 E8.37943
G1 X87.902 Y73.699 E8.49173
G1 X87.994 Y73.32 F7800
G1 F3600
G1 X90.356 Y73.781 E8.60748
G1 X92.658 Y74.501 E8.72349
G1 X94.866 Y75.47 E8.83946
G1 X96.955 Y76.676 E8.95547
G1 X98.898 Y78.104 E9.07145
G1 X100.672 Y79.737 E9.18742
G1 X102.256 Y81.556 E9.30343
G1 X103.63 Y83.538 E9.41942
G1 X104.778 Y85.659 E9.53542
G1 X105.685 Y87.893 E9.65139
G1 X106.342 Y90.213 E9.76736
G1 X106.739 Y92.592 E9.88336
G1 X106.858 Y94.762 E9.98789
G1 X106.858 Y95.238 E10.01078
G1 X106.739 Y97.408 E10.11531
G1 X106.342 Y99.787 E10.23131
G1 X105.685 Y102.107 E10.34728
G1 X104.778 Y104.341 E10.46325
G1 X103.63 Y106.462 E10.57925
G1 X102.256 Y108.444 E10.69524
G1 X100.672 Y110.263 E10.81125
G1 X98.898 Y111.896 E10.92722
G1 X96.955 Y113.324 E11.0432
G1 X94.866 Y114.53 E11.15921
G1 X92.658 Y115.499 E11.27518
G1 X90.356 Y116.219 E11.39119
G1 X87.989 Y116.681 E11.50718
G1 X85.586 Y116.88 E11.62315
G1 X83.175 Y116.814 E11.73915
G1 X80.787 Y116.482 E11.85511
G1 X78.449 Y115.89 E11.97111
G1 X76.19 Y115.045 E12.08711
G1 X74.039 Y113.956 E12.20307
G1 X72.02 Y112.637 E12.31906
G1 X70.158 Y111.104 E12.43506
G1 X68.477 Y109.375 E12.55104
G1 X66.995 Y107.472 E12.66705
G1 X65.733 Y105.418 E12.783
G1 X64.703 Y103.237 E12.89901
G1 X63.92 Y100.956 E13.015
G1 X63.393 Y98.603 E13.13097
G1 X63.128 Y96.206 E13.24696
G1 X63.128 Y93.794 E13.36297
G1 X63.393 Y91.397 E13.47896
G1 X63.92 Y89.044 E13.59493
G1 X64.703 Y86.763 E13.71092
G1 X65.733 Y84.582 E13.82693
G1 X66.995 Y82.528 E13.94288
G1 X68.477 Y80.625 E14.05889
G1 X70.158 Y78.896 E14.17487
G1 X72.02 Y77.363 E14.29087
G1 X74.039 Y76.044 E14.40686
G1 X76.19 Y74.955 E14.52282
G1 X78.449 Y74.11 E14.63882
G1 X80.787 Y73.518 E14.75482
G1 X83.175 Y73.186 E14.87078
G1 X85.586 Y73.12 E14.98678
G1 X87.934 Y73.314 E15.1001
G1 X88.026 Y72.935 F7800
;TYPE:External perimeter
G1 F1800
G1 X88.042 Y72.936 E15.10087
G1 X90.451 Y73.407 E15.21893
G1 X92.793 Y74.14 E15.33696
G1 X95.041 Y75.125 E15.455
G1 X97.166 Y76.352 E15.57302
G1 X99.143 Y77.806 E15.69105
G1 X100.949 Y79.468 E15.8091
G1 X102.561 Y81.319 E15.92715
G1 X103.959 Y83.335 E16.04515
G1 X105.127 Y85.494 E16.16321
G1 X106.051 Y87.767 E16.28122
G1 X106.718 Y90.129 E16.39927
G1 X107.122 Y92.55 E16.51732
G1 X107.243 Y94.741 E16.62286
G1 X107.243 Y95.259 E16.64777
G1 X107.122 Y97.45 E16.75331
G1 X106.718 Y99.871 E16.87136
G1 X106.051 Y102.233 E16.98941
G1 X105.127 Y104.506 E17.10742
G1 X103.959 Y106.665 E17.22548
G1 X102.561 Y108.681 E17.34348
G1 X100.949 Y110.532 E17.46153
G1 X99.143 Y112.194 E17.57958
G1 X97.166 Y113.648 E17.69761
G1 X95.041 Y114.875 E17.81563
G1 X92.793 Y115.86 E17.93367
G1 X90.451 Y116.593 E18.0517
G1 X88.042 Y117.064 E18.16976
G1 X85.597 Y117.266 E18.28776
G1 X83.144 Y117.199 E18.40578
G1 X80.713 Y116.861 E18.52383
G1 X78.334 Y116.259 E18.64186
G1 X76.035 Y115.399 E18.75992
G1 X73.846 Y114.29 E18.87794
G1 X71.791 Y112.948 E18.99599
G1 X69.897 Y111.388 E19.11401
G1 X68.185 Y109.629 E19.23207
G1 X66.678 Y107.692 E19.35011
G1 X65.393 Y105.602 E19.46811
G1 X64.346 Y103.382 E19.58616
G1 X63.549 Y101.061 E19.70419
G1 X63.012 Y98.666 E19.82224
G1 X62.742 Y96.227 E19.94026
G1 X62.742 Y93.773 E20.05829
G1 X63.012 Y91.334 E20.17631
G1 X63.549 Y88.939 E20.29436
G1 X64.346 Y86.618 E20.41239
G1 X65.393 Y84.398 E20.53044
G1 X66.678 Y82.308 E20.64844
G1 X68.185 Y80.371 E20.76648
G1 X69.897 Y78.612 E20.88454
G1 X71.791 Y77.052 E21.00256
G1 X73.846 Y75.71 E21.12061
G1 X76.035 Y74.601 E21.23863
G1 X78.334 Y73.741 E21.35669
G1 X80.713 Y73.139 E21.47472
G1 X83.144 Y72.801 E21.59277
G1 X85.597 Y72.734 E21.71079
G1 X87.966 Y72.93 E21.82512
G1 X88.36 Y73 F7800
G1 X88.136 Y74.035
;TYPE:Internal infill
;WIDTH:0.45
G1 F4200
G1 X85.833 Y73.818 E21.93638
G1 X73.707 Y77.067 E22.54017
G1 X72.42 Y77.908 E22.61411
G1 X71.821 Y78.401 E22.65142
G1 E20.65142 F2400
G92 E0
G1 X76.742 Y75.469 F7800
G1 E2 F2400
G1 F4200
G1 X74.664 Y76.484 E2.11123
G1 X79.27 Y81.09 E2.42452
G1 X81.043 Y81.09 E2.5098
G1 X96.211 Y77.025 E3.26507
G1 X95.859 Y76.822 E3.28461
G1 X94.716 Y81.09 E3.49712
G1 X95.63 Y81.09 E3.54108
G1 X88.683 Y74.142 E4.01364
G1 X90.485 Y74.529 E4.10229
G1 X88.727 Y81.09 E4.42898
G1 X87.45 Y81.09 E4.4904
G1 X80.617 Y74.257 E4.95517
G1 X78.425 Y74.839 E5.06425
G1 X76.751 Y81.09 E5.3755
G1 X72.315 Y81.09 E5.58886
G1 X71.815 Y81.197 E5.61345
G1 X71.451 Y81.451 E5.6348
G1 X70.013 Y80.013 E5.73261
G1 X70.616 Y79.393 E5.77421
G1 X71.387 Y78.759 E5.82222
G1 X65.086 Y102.273 E6.99306
G1 X65.448 Y103.233 E7.04241
G1 X71.072 Y101.726 E7.32245
G1 X71.072 Y102.281 E7.34914
G1 X69.225 Y109.176 E7.69246
G1 X68.563 Y108.387 E7.742
G1 X71.077 Y107.713 E7.86718
G1 X71.072 Y105.613 E7.96818
G1 X64.091 Y98.632 E8.44302
G1 X63.966 Y97.642 E8.49101
G1 X71.072 Y95.738 E8.84484
G1 X71.072 Y97.433 E8.92636
G1 X64.259 Y90.619 E9.38981
G1 X64.046 Y91.632 E9.4396
G1 X71.072 Y89.749 E9.78945
G1 X71.072 Y89.253 E9.81331
G1 X66.478 Y84.658 E10.12582
G1 X66.257 Y85.051 E10.14751
G1 X71.072 Y83.761 E10.38726
G1 X71.072 Y86.075 E10.49856
G1 E8.49856 F2400
G92 E0
G1 X85.053 Y81.09 F7800
G1 E2 F2400
G1 F4200
G1 X82.739 Y81.09 E2.1113
G1 X84.687 Y73.82 E2.4733
G1 E.4733 F2400
G92 E0
G1 X98.893 Y103.934 F7800
G1 E2 F2400
G1 F4200
G1 X98.893 Y106.248 E2.1113
G1 X103.672 Y104.968 E2.34926
G1 X103.488 Y105.308 E2.36785
G1 X98.893 Y100.713 E2.6804
G1 X98.893 Y100.26 E2.70219
G1 X105.891 Y98.385 E3.05064
G1 X105.727 Y99.367 E3.09852
G1 X98.893 Y92.533 E3.56336
G1 X98.893 Y94.271 E3.64695
G1 X106.016 Y92.363 E4.00162
G1 X105.838 Y91.298 E4.05355
G1 X98.893 Y84.353 E4.52594
G1 X98.887 Y82.296 E4.62488
G1 X101.416 Y81.619 E4.7508
G1 X100.763 Y80.869 E4.79863
G1 X98.893 Y87.847 E5.14609
G1 X98.893 Y88.283 E5.16706
G1 X104.505 Y86.78 E5.44649
G1 X104.904 Y87.763 E5.49752
G1 X98.613 Y111.241 E6.66657
G1 X99.981 Y109.981 E6.75602
G1 X98.532 Y108.532 E6.85458
G1 X98.338 Y108.699 E6.86689
G1 X97.995 Y108.86 E6.88511
G1 X97.647 Y108.91 E6.90202
G1 X93.249 Y108.91 E7.11355
G1 X91.583 Y115.128 E7.42316
G1 X90.19 Y115.563 E7.49335
G1 X89.364 Y115.725 E7.53383
G1 X82.55 Y108.91 E7.99734
G1 X81.273 Y108.91 E8.05876
G1 X79.517 Y115.465 E8.38515
G1 X81.337 Y115.877 E8.4749
G1 X74.37 Y108.91 E8.94879
G1 X75.284 Y108.91 E8.99275
G1 X74.132 Y113.211 E9.20691
G1 X73.776 Y112.978 E9.22737
G1 X88.957 Y108.91 E9.98328
G1 X90.73 Y108.91 E10.06856
G1 X95.313 Y113.493 E10.38029
G1 E8.38029 F2400
G92 E0
G1 X98.159 Y111.601 F7800
G1 E2 F2400
G1 F4200
G1 X96.273 Y112.939 E2.11122
G1 X84.223 Y116.167 E2.71122
G1 X83.231 Y116.14 E2.75895
G1 X81.922 Y115.959 E2.82251
G1 E.82251 F2400
G92 E0
G1 X87.615 Y116.035 F7800
G1 E2 F2400
G1 F4200
G1 X85.309 Y116.197 E2.11118
G1 X87.261 Y108.91 E2.47402
G1 X84.947 Y108.91 E2.58532
;LAYER_CHANGE
;Z:12.05
;HEIGHT:0.3
G1 E.58532 F2400
G92 E0
G1 Z12.05 F7800
G1 X98.313 Y108.33
G1 E2 F2400
;TYPE:Perimeter
;WIDTH:0.45
G1 F3600
G1 X98.161 Y108.469 E2.00991
G1 X97.912 Y108.582 E2.02306
G1 X97.584 Y108.621 E2.03895
G1 X72.326 Y108.621 E3.25377
G1 X71.929 Y108.536 E3.2733
G1 X71.635 Y108.329 E3.29059
G1 X71.481 Y108.122 E3.303
G1 X71.38 Y107.843 E3.31727
G1 X71.362 Y107.657 E3.32626
G1 X71.362 Y82.343 E4.54378
G1 X71.38 Y82.157 E4.55277
G1 X71.529 Y81.8 E4.57138
G1 X71.761 Y81.561 E4.5874
G1 X71.929 Y81.464 E4.59673
G1 X72.326 Y81.379 E4.61626
G1 X97.64 Y81.379 E5.83378
G1 X97.912 Y81.418 E5.847
G1 X98.293 Y81.634 E5.86806
G1 X98.466 Y81.845 E5.88118
G1 X98.555 Y82.039 E5.89145
G1 X98.604 Y82.343 E5.90626
G1 X98.604 Y107.657 E7.12378
G1 X98.555 Y107.961 E7.13859
G1 X98.4 Y108.251 E7.15441
G1 X98.357 Y108.29 E7.1572
G1 X98.047 Y108.06 F7800
G1 F3600
G1 X98.032 Y108.083 E7.15852
G1 X97.804 Y108.212 E7.17112
G1 X97.584 Y108.236 E7.18176
G1 X72.326 Y108.236 E8.39658
G1 X71.987 Y108.126 E8.41372
G1 X71.819 Y107.936 E8.42592
G1 X71.747 Y107.657 E8.43978
G1 X71.747 Y82.343 E9.6573
G1 X71.819 Y82.064 E9.67116
G1 X71.987 Y81.874 E9.68336
G1 X72.326 Y81.764 E9.7005
G1 X97.64 Y81.764 E10.91802
G1 X97.952 Y81.856 E10.93366
G1 X98.135 Y82.044 E10.94628
G1 X98.219 Y82.343 E10.96122
G1 X98.219 Y107.657 E12.17874
G1 X98.189 Y107.84 E12.18766
G1 X98.079 Y108.009 E12.19736
G1 X97.776 Y107.786 F7800
;TYPE:External perimeter
G1 F1800
G1 X97.771 Y107.799 E12.19803
G1 X97.64 Y107.85 E12.20479
G1 X72.326 Y107.85 E13.42231
G1 X72.188 Y107.792 E13.42951
G1 X72.133 Y107.657 E13.43652
G1 X72.133 Y82.343 E14.65404
G1 X72.195 Y82.201 E14.66149
G1 X72.326 Y82.15 E14.66825
G1 X97.64 Y82.15 E15.88577
G1 X97.792 Y82.224 E15.8939
G1 X97.833 Y82.343 E15.89995
G1 X97.833 Y107.657 E17.11747
G1 X97.801 Y107.731 E17.12135
G1 X97.417 Y107.844 F7800
G1 E15.12135 F2400
G92 E0
G1 X87.962 Y73.707 F7800
G1 E2 F2400
;TYPE:Perimeter
G1 F3600
G1 X90.261 Y74.156 E2.11266
G1 X92.522 Y74.863 E2.2266
G1 X94.692 Y75.815 E2.34057
G1 X96.744 Y76.999 E2.45451
G1 X98.652 Y78.402 E2.56842
G1 X100.395 Y80.007 E2.68238
G1 X101.951 Y81.793 E2.79631
G1 X103.301 Y83.74 E2.91026
G1 X104.429 Y85.823 E3.02419
G1 X105.32 Y88.018 E3.13813
G1 X105.965 Y90.298 E3.25209
G1 X106.355 Y92.635 E3.36605
G1 X106.473 Y94.783 E3.46952
G1 X106.473 Y95.217 E3.49039
G1 X106.355 Y97.365 E3.59386
G1 X105.965 Y99.702 E3.70782
G1 X105.32 Y101.982 E3.82178
G1 X104.429 Y104.177 E3.93572
G1 X103.301 Y106.26 E4.04965
G1 X101.951 Y108.207 E4.1636
G1 X100.395 Y109.993 E4.27753
G1 X98.652 Y111.598 E4.39149
G1 X96.744 Y113.001 E4.5054
G1 X94.692 Y114.185 E4.61934
G1 X92.522 Y115.137 E4.73331
G1 X90.261 Y115.844 E4.84725
G1 X87.936 Y116.298 E4.96119
G1 X85.575 Y116.494 E5.07514
G1 X83.207 Y116.429 E5.18908
G1 X80.861 Y116.103 E5.303
G1 X78.564 Y115.522 E5.41696
G1 X76.346 Y114.691 E5.53088
G1 X74.232 Y113.621 E5.64484
G1 X72.249 Y112.326 E5.75875
G1 X70.42 Y110.82 E5.8727
G1 X68.768 Y109.122 E5.98664
G1 X67.313 Y107.252 E6.1006
G1 X66.072 Y105.234 E6.21454
G1 X65.061 Y103.091 E6.32851
G1 X64.292 Y100.851 E6.44242
G1 X63.774 Y98.539 E6.55638
G1 X63.513 Y96.185 E6.67029
G1 X63.513 Y93.815 E6.78428
G1 X63.774 Y91.461 E6.89819
G1 X64.292 Y89.149 E7.01215
G1 X65.061 Y86.909 E7.12606
G1 X66.072 Y84.766 E7.24003
G1 X67.313 Y82.748 E7.35397
G1 X68.768 Y80.878 E7.46793
G1 X70.42 Y79.18 E7.58187
G1 X72.249 Y77.674 E7.69582
G1 X74.232 Y76.379 E7.80973
G1 X76.346 Y75.309 E7.92369
G1 X78.564 Y74.478 E8.03761
G1 X80.861 Y73.897 E8.15157
G1 X83.207 Y73.571 E8.26549
G1 X85.575 Y73.506 E8.37943
G1 X87.902 Y73.699 E8.49173
G1 X87.994 Y73.32 F7800
G1 F3600
G1 X90.356 Y73.781 E8.60748
G1 X92.658 Y74.501 E8.72349
G1 X94.866 Y75.47 E8.83946
G1 X96.955 Y76.676 E8.95547
G1 X98.898 Y78.104 E9.07145
G1 X100.672 Y79.737 E9.18742
G1 X102.256 Y81.556 E9.30343
G1 X103.63 Y83.538 E9.41942
G1 X104.778 Y85.659 E9.53542
G1 X105.685 Y87.893 E9.65139
G1 X106.342 Y90.213 E9.76736
G1 X106.739 Y92.592 E9.88336
G1 X106.858 Y94.762 E9.98789
G1 X106.858 Y95.238 E10.01078
G1 X106.739 Y97.408 E10.11531
G1 X106.342 Y99.787 E10.23131
G1 X105.685 Y102.107 E10.34728
G1 X104.778 Y104.341 E10.46325
G1 X103.63 Y106.462 E10.57925
G1 X102.256 Y108.444 E10.69524
G1 X100.672 Y110.263 E10.81125
G1 X98.898 Y111.896 E10.92722
G1 X96.955 Y113.324 E11.0432
G1 X94.866 Y114.53 E11.15921
G1 X92.658 Y115.499 E11.27518
G1 X90.356 Y116.219 E11.39119
G1 X87.989 Y116.681 E11.50718
G1 X85.586 Y116.88 E11.62315
G1 X83.175 Y116.814 E11.73915
G1 X80.787 Y116.482 E11.85511
G1 X78.449 Y115.89 E11.97111
G1 X76.19 Y115.045 E12.08711
G1 X74.039 Y113.956 E12.20307
G1 X72.02 Y112.637 E12.31906
G1 X70.158 Y111.104 E12.43506
G1 X68.477 Y109.375 E12.55104
G1 X66.995 Y107.472 E12.66705
G1 X65.733 Y105.418 E12.783
G1 X64.703 Y103.237 E12.89901
G1 X63.92 Y100.956 E13.015
G1 X63.393 Y98.603 E13.13097
G1 X63.128 Y96.206 E13.24696
G1 X63.128 Y93.794 E13.36297
G1 X63.393 Y91.397 E13.47896
G1 X63.92 Y89.044 E13.59493
G1 X64.703 Y86.763 E13.71092
G1 X65.733 Y84.582 E13.82693
G1 X66.995 Y82.528 E13.94288
G1 X68.477 Y80.625 E14.05889
G1 X70.158 Y78.896 E14.17487
G1 X72.02 Y77.363 E14.29087
G1 X74.039 Y76.044 E14.40686
G1 X76.19 Y74.955 E14.52282
G1 X78.449 Y74.11 E14.63882
G1 X80.787 Y73.518 E14.75482
G1 X83.175 Y73.186 E14.87078
G1 X85.586 Y73.12 E14.98678
G1 X87.934 Y73.314 E15.1001
G1 X88.026 Y72.935 F7800
;TYPE:External perimeter
G1 F1800
G1 X88.042 Y72.936 E15.10087
G1 X90.451 Y73.407 E15.21893
G1 X92.793 Y74.14 E15.33696
G1 X95.041 Y75.125 E15.455
G1 X97.166 Y76.352 E15.57302
G1 X99.143 Y77.806 E15.69105
G1 X100.949 Y79.468 E15.8091
G1 X102.561 Y81.319 E15.92715
G1 X103.959 Y83.335 E16.04515
G1 X105.127 Y85.494 E16.16321
G1 X106.051 Y87.767 E16.28122
G1 X106.718 Y90.129 E16.39927
G1 X107.122 Y92.55 E16.51732
G1 X107.243 Y94.741 E16.62286
G1 X107.243 Y95.259 E16.64777
G1 X107.122 Y97.45 E16.75331
G1 X106.718 Y99.871 E16.87136
G1 X106.051 Y102.233 E16.98941
G1 X105.127 Y104.506 E17.10742
G1 X103.959 Y106.665 E17.22548
G1 X102.561 Y108.681 E17.34348
G1 X100.949 Y110.532 E17.46153
G1 X99.143 Y112.194 E17.57958
G1 X97.166 Y113.648 E17.69761
G1 X95.041 Y114.875 E17.81563
G1 X92.793 Y115.86 E17.93367
G1 X90.451 Y116.593 E18.0517
G1 X88.042 Y117.064 E18.16976
G1 X85.597 Y117.266 E18.28776
G1 X83.144 Y117.199 E18.40578
G1 X80.713 Y116.861 E18.52383
G1 X78.334 Y116.259 E18.64186
G1 X76.035 Y115.399 E18.75992
G1 X73.846 Y114.29 E18.87794
G1 X71.791 Y112.948 E18.99599
G1 X69.897 Y111.388 E19.11401
G1 X68.185 Y109.629 E19.23207
G1 X66.678 Y107.692 E19.35011
G1 X65.393 Y105.602 E19.46811
G1 X64.346 Y103.382 E19.58616
G1 X63.549 Y101.061 E19.70419
G1 X63.012 Y98.666 E19.82224
G1 X62.742 Y96.227 E19.94026
G1 X62.742 Y93.773 E20.05829
G1 X63.012 Y91.334 E20.17631
G1 X63.549 Y88.939 E20.29436
G1 X64.346 Y86.618 E20.41239
G1 X65.393 Y84.398 E20.53044
G1 X66.678 Y82.308 E20.64844
G1 X68.185 Y80.371 E20.76648
G1 X69.897 Y78.612 E20.88454
G1 X71.791 Y77.052 E21.00256
G1 X73.846 Y75.71 E21.12061
G1 X76.035 Y74.601 E21.23863
G1 X78.334 Y73.741 E21.35669
G1 X80.713 Y73.139 E21.47472
G1 X83.144 Y72.801 E21.59277
G1 X85.597 Y72.734 E21.71079
G1 X87.966 Y72.93 E21.82512
G1 X88.36 Y73 F7800
G1 X88.136 Y74.035
;TYPE:Internal infill
;WIDTH:0.45
G1 F4200
G1 X85.833 Y73.818 E21.93638
G1 X73.707 Y77.067 E22.54017
G1 X72.42 Y77.908 E22.61411
G1 X71.821 Y78.401 E22.65142
G1 E20.65142 F2400
G92 E0
G1 X76.742 Y75.469 F7800
G1 E2 F2400
G1 F4200
G1 X74.664 Y76.484 E2.11123
G1 X79.27 Y81.09 E2.42452
G1 X81.043 Y81.09 E2.5098
G1 X96.211 Y77.025 E3.26507
G1 X95.859 Y76.822 E3.28461
G1 X94.716 Y81.09 E3.49712
G1 X95.63 Y81.09 E3.54108
G1 X88.683 Y74.142 E4.01364
G1 X90.485 Y74.529 E4.10229
G1 X88.727 Y81.09 E4.42898
G1 X87.45 Y81.09 E4.4904
G1 X80.617 Y74.257 E4.95517
G1 X78.425 Y74.839 E5.06425
G1 X76.751 Y81.09 E5.3755
G1 X72.315 Y81.09 E5.58886
G1 X71.815 Y81.197 E5.61345
G1 X71.451 Y81.451 E5.6348
G1 X70.013 Y80.013 E5.73261
G1 X70.616 Y79.393 E5.77421
G1 X71.387 Y78.759 E5.82222
G1 X65.086 Y102.273 E6.99306
G1 X65.448 Y103.233 E7.04241
G1 X71.072 Y101.726 E7.32245
G1 X71.072 Y102.281 E7.34914
G1 X69.225 Y109.176 E7.69246
G1 X68.563 Y108.387 E7.742
G1 X71.077 Y107.713 E7.86718
G1 X71.072 Y105.613 E7.96818
G1 X64.091 Y98.632 E8.44302
G1 X63.966 Y97.642 E8.49101
G1 X71.072 Y95.738 E8.84484
G1 X71.072 Y97.433 E8.92636
G1 X64.259 Y90.619 E9.38981
G1 X64.046 Y91.632 E9.4396
G1 X71.072 Y89.749 E9.78945
G1 X71.072 Y89.253 E9.81331
G1 X66.478 Y84.658 E10.12582
G1 X66.257 Y85.051 E10.14751
G1 X71.072 Y83.761 E10.38726
G1 X71.072 Y86.075 E10.49856
G1 E8.49856 F2400
G92 E0
G1 X85.053 Y81.09 F7800
G1 E2 F2400
G1 F4200
G1 X82.739 Y81.09 E2.1113
G1 X84.687 Y73.82 E2.4733
G1 E.4733 F2400
G92 E0
G1 X98.893 Y103.934 F7800
G1 E2 F2400
G1 F4200
G1 X98.893 Y106.248 E2.1113
G1 X103.672 Y104.968 E2.34926
G1 X103.488 Y105.308 E2.36785
G1 X98.893 Y100.713 E2.6804
G1 X98.893 Y100.26 E2.70219
G1 X105.891 Y98.385 E3.05064
G1 X105.727 Y99.367 E3.09852
G1 X98.893 Y92.533 E3.56336
G1 X98.893 Y94.271 E3.64695
G1 X106.016 Y92.363 E4.00162
G1 X105.838 Y91.298 E4.05355
G1 X98.893 Y84.353 E4.52594
G1 X98.887 Y82.296 E4.62488
G1 X101.416 Y81.619 E4.7508
G1 X100.763 Y80.869 E4.79863
G1 X98.893 Y87.847 E5.14609
G1 X98.893 Y88.283 E5.16706
G1 X104.505 Y86.78 E5.44649
G1 X104.904 Y87.763 E5.49752
G1 X98.613 Y111.241 E6.66657
G1 X99.981 Y109.981 E6.75602
G1 X98.532 Y108.532 E6.85458
G1 X98.338 Y108.699 E6.86689
G1 X97.995 Y108.86 E6.88511
G1 X97.647 Y108.91 E6.90202
G1 X93.249 Y108.91 E7.11355
G1 X91.583 Y115.128 E7.42316
G1 X90.19 Y115.563 E7.49335
G1 X89.364 Y115.725 E7.53383
G1 X82.55 Y108.91 E7.99734
G1 X81.273 Y108.91 E8.05876
G1 X79.517 Y115.465 E8.38515
G1 X81.337 Y115.877 E8.4749
G1 X74.37 Y108.91 E8.94879
G1 X75.284 Y108.91 E8.99275
G1 X74.132 Y113.211 E9.20691
G1 X73.776 Y112.978 E9.22737
G1 X88.957 Y108.91 E9.98328
G1 X90.73 Y108.91 E10.06856
G1 X95.313 Y113.493 E10.38029
G1 E8.38029 F2400
G92 E0
G1 X98.159 Y111.601 F7800
G1 E2 F2400
G1 F4200
G1 X96.273 Y112.939 E2.11122
G1 X84.223 Y116.167 E2.71122
G1 X83.231 Y116.14 E2.75895
G1 X81.922 Y115.959 E2.82251
G1 E.82251 F2400
G92 E0
G1 X87.615 Y116.035 F7800
G1 E2 F2400
G1 F4200
G1 X85.309 Y116.197 E2.11118
G1 X87.261 Y108.91 E2.47402
G1 X84.947 Y108.91 E2.58532
;LAYER_CHANGE
;Z:12.35
;HEIGHT:0.3
G1 E.58532 F2400
G92 E0
G1 Z12.35 F7800
G1 X98.313 Y108.33
G1 E2 F2400
;TYPE:Perimeter
;WIDTH:0.45
G1 F3600
G1 X98.161 Y108.469 E2.00991
G1 X97.912 Y108.582 E2.02306
G1 X97.584 Y108.621 E2.03895
G1 X72.326 Y108.621 E3.25377
G1 X71.929 Y108.536 E3.2733
G1 X71.635 Y108.329 E3.29059
G1 X71.481 Y108.122 E3.303
G1 X71.38 Y107.843 E3.31727
G1 X71.362 Y107.657 E3.32626
G1 X71.362 Y82.343 E4.54378
G1 X71.38 Y82.157 E4.55277
G1 X71.529 Y81.8 E4.57138
G1 X71.761 Y81.561 E4.5874
G1 X71.929 Y81.464 E4.59673
G1 X72.326 Y81.379 E4.61626
G1 X97.64 Y81.379 E5.83378
G1 X97.912 Y81.418 E5.847
G1 X98.293 Y81.634 E5.86806
G1 X98.466 Y81.845 E5.88118
G1 X98.555 Y82.039 E5.89145
G1 X98.604 Y82.343 E5.90626
G1 X98.604 Y107.657 E7.12378
G1 X98.555 Y107.961 E7.13859
G1 X98.4 Y108.251 E7.15441
G1 X98.357 Y108.29 E7.1572
G1 X98.047 Y108.06 F7800
G1 F3600
G1 X98.032 Y108.083 E7.15852
G1 X97.804 Y108.212 E7.17112
G1 X97.584 Y108.236 E7.18176
G1 X72.326 Y108.236 E8.39658
G1 X71.987 Y108.126 E8.41372
G1 X71.819 Y107.936 E8.42592
G1 X71.747 Y107.657 E8.43978
G1 X71.747 Y82.343 E9.6573
G1 X71.819 Y82.064 E9.67116
G1 X71.987 Y81.874 E9.68336
G1 X72.326 Y81.764 E9.7005
G1 X97.64 Y81.764 E10.91802
G1 X97.952 Y81.856 E10.93366
G1 X98.135 Y82.044 E10.94628
G1 X98.219 Y82.343 E10.96122
G1 X98.219 Y107.657 E12.17874
G1 X98.189 Y107.84 E12.18766
G1 X98.079 Y108.009 E12.19736
G1 X97.776 Y107.786 F7800
;TYPE:External perimeter
G1 F1800
G1 X97.771 Y107.799 E12.19803
G1 X97.64 Y107.85 E12.20479
G1 X72.326 Y107.85 E13.42231
G1 X72.188 Y107.792 E13.42951
G1 X72.133 Y107.657 E13.43652
G1 X72.133 Y82.343 E14.65404
G1 X72.195 Y82.201 E14.66149
G1 X72.326 Y82.15 E14.66825
G1 X97.64 Y82.15 E15.88577
G1 X97.792 Y82.224 E15.8939
G1 X97.833 Y82.343 E15.89995
G1 X97.833 Y107.657 E17.11747
G1 X97.801 Y107.731 E17.12135
G1 X97.417 Y107.844 F7800
G1 E15.12135 F2400
G92 E0
G1 X87.962 Y73.707 F7800
G1 E2 F2400
;TYPE:Perimeter
G1 F3600
G1 X90.261 Y74.156 E2.11266
G1 X92.522 Y74.863 E2.2266
G1 X94.692 Y75.815 E2.34057
G1 X96.744 Y76.999 E2.45451
G1 X98.652 Y78.402 E2.56842
G1 X100.395 Y80.007 E2.68238
G1 X101.951 Y81.793 E2.79631
G1 X103.301 Y83.74 E2.91026
G1 X104.429 Y85.823 E3.02419
G1 X105.32 Y88.018 E3.13813
G1 X105.965 Y90.298 E3.25209
G1 X106.355 Y92.635 E3.36605
G1 X106.473 Y94.783 E3.46952
G1 X106.473 Y95.217 E3.49039
G1 X106.355 Y97.365 E3.59386
G1 X105.965 Y99.702 E3.70782
G1 X105.32 Y101.982 E3.82178
G1 X104.429 Y104.177 E3.93572
G1 X103.301 Y106.26 E4.04965
G1 X101.951 Y108.207 E4.1636
G1 X100.395 Y109.993 E4.27753
G1 X98.652 Y111.598 E4.39149
G1 X96.744 Y113.001 E4.5054
G1 X94.692 Y114.185 E4.61934
G1 X92.522 Y115.137 E4.73331
G1 X90.261 Y115.844 E4.84725
G1 X87.936 Y116.298 E4.96119
G1 X85.575 Y116.494 E5.07514
G1 X83.207 Y116.429 E5.18908
G1 X80.861 Y116.103 E5.303
G1 X78.564 Y115.522 E5.41696
G1 X76.346 Y114.691 E5.53088
G1 X74.232 Y113.621 E5.64484
G1 X72.249 Y112.326 E5.75875
G1 X70.42 Y110.82 E5.8727
G1 X68.768 Y109.122 E5.98664
G1 X67.313 Y107.252 E6.1006
G1 X66.072 Y105.234 E6.21454
G1 X65.061 Y103.091 E6.32851
G1 X64.292 Y100.851 E6.44242
G1 X63.774 Y98.539 E6.55638
G1 X63.513 Y96.185 E6.67029
G1 X63.513 Y93.815 E6.78428
G1 X63.774 Y91.461 E6.89819
G1 X64.292 Y89.149 E7.01215
G1 X65.061 Y86.909 E7.12606
G1 X66.072 Y84.766 E7.24003
G1 X67.313 Y82.748 E7.35397
G1 X68.768 Y80.878 E7.46793
G1 X70.42 Y79.18 E7.58187
G1 X72.249 Y77.674 E7.69582
G1 X74.232 Y76.379 E7.80973
G1 X76.346 Y75.309 E7.92369
G1 X78.564 Y74.478 E8.03761
G1 X80.861 Y73.897 E8.15157
G1 X83.207 Y73.571 E8.26549
G1 X85.575 Y73.506 E8.37943
G1 X87.902 Y73.699 E8.49173
G1 X87.994 Y73.32 F7800
G1 F3600
G1 X90.356 Y73.781 E8.60748
G1 X92.658 Y74.501 E8.72349
G1 X94.866 Y75.47 E8.83946
G1 X96.955 Y76.676 E8.95547
G1 X98.898 Y78.104 E9.07145
G1 X100.672 Y79.737 E9.18742
G1 X102.256 Y81.556 E9.30343
G1 X103.63 Y83.538 E9.41942
G1 X104.778 Y85.659 E9.53542
G1 X105.685 Y87.893 E9.65139
G1 X106.342 Y90.213 E9.76736
G1 X106.739 Y92.592 E9.88336
G1 X106.858 Y94.762 E9.98789
G1 X106.858 Y95.238 E10.01078
G1 X106.739 Y97.408 E10.11531
G1 X106.342 Y99.787 E10.23131
G1 X105.685 Y102.107 E10.34728
G1 X104.778 Y104.341 E10.46325
G1 X103.63 Y106.462 E10.57925
G1 X102.256 Y108.444 E10.69524
G1 X100.672 Y110.263 E10.81125
G1 X98.898 Y111.896 E10.92722
G1 X96.955 Y113.324 E11.0432
G1 X94.866 Y114.53 E11.15921
G1 X92.658 Y115.499 E11.27518
G1 X90.356 Y116.219 E11.39119
G1 X87.989 Y116.681 E11.50718
G1 X85.586 Y116.88 E11.62315
G1 X83.175 Y116.814 E11.73915
G1 X80.787 Y116.482 E11.85511
G1 X78.449 Y115.89 E11.97111
G1 X76.19 Y115.045 E12.08711
G1 X74.039 Y113.956 E12.20307
G1 X72.02 Y112.637 E12.31906
G1 X70.158 Y111.104 E12.43506
G1 X68.477 Y109.375 E12.55104
G1 X66.995 Y107.472 E12.66705
G1 X65.733 Y105.418 E12.783
G1 X64.703 Y103.237 E12.89901
G1 X63.92 Y100.956 E13.015
G1 X63.393 Y98.603 E13.13097
G1 X63.128 Y96.206 E13.24696
G1 X63.128 Y93.794 E13.36297
G1 X63.393 Y91.397 E13.47896
G1 X63.92 Y89.044 E13.59493
G1 X64.703 Y86.763 E13.71092
G1 X65.733 Y84.582 E13.82693
G1 X66.995 Y82.528 E13.94288
G1 X68.477 Y80.625 E14.05889
G1 X70.158 Y78.896 E14.17487
G1 X72.02 Y77.363 E14.29087
G1 X74.039 Y76.044 E14.40686
G1 X76.19 Y74.955 E14.52282
G1 X78.449 Y74.11 E14.63882
G1 X80.787 Y73.518 E14.75482
G1 X83.175 Y73.186 E14.87078
G1 X85.586 Y73.12 E14.98678
G1 X87.934 Y73.314 E15.1001
G1 X88.026 Y72.935 F7800
;TYPE:External perimeter
G1 F1800
G1 X88.042 Y72.936 E15.10087
G1 X90.451 Y73.407 E15.21893
G1 X92.793 Y74.14 E15.33696
G1 X95.041 Y75.125 E15.455
G1 X97.166 Y76.352 E15.57302
G1 X99.143 Y77.806 E15.69105
G1 X100.949 Y79.468 E15.8091
G1 X102.561 Y81.319 E15.92715
G1 X103.959 Y83.335 E16.04515
G1 X105.127 Y85.494 E16.16321
G1 X106.051 Y87.767 E16.28122
G1 X106.718 Y90.129 E16.39927
G1 X107.122 Y92.55 E16.51732
G1 X107.243 Y94.741 E16.62286
G1 X107.243 Y95.259 E16.64777
G1 X107.122 Y97.45 E16.75331
G1 X106.718 Y99.871 E16.87136
G1 X106.051 Y102.233 E16.98941
G1 X105.127 Y104.506 E17.10742
G1 X103.959 Y106.665 E17.22548
G1 X102.561 Y108.681 E17.34348
G1 X100.949 Y110.532 E17.46153
G1 X99.143 Y112.194 E17.57958
G1 X97.166 Y113.648 E17.69761
G1 X95.041 Y114.875 E17.81563
G1 X92.793 Y115.86 E17.93367
G1 X90.451 Y116.593 E18.0517
G1 X88.042 Y117.064 E18.16976
G1 X85.597 Y117.266 E18.28776
G1 X83.144 Y117.199 E18.40578
G1 X80.713 Y116.861 E18.52383
G1 X78.334 Y116.259 E18.64186
G1 X76.035 Y115.399 E18.75992
G1 X73.846 Y114.29 E18.87794
G1 X71.791 Y112.948 E18.99599
G1 X69.897 Y111.388 E19.11401
G1 X68.185 Y109.629 E19.23207
G1 X66.678 Y107.692 E19.35011
G1 X65.393 Y105.602 E19.46811
G1 X64.346 Y103.382 E19.58616
G1 X63.549 Y101.061 E19.70419
G1 X63.012 Y98.666 E19.82224
G1 X62.742 Y96.227 E19.94026
G1 X62.742 Y93.773 E20.05829
G1 X63.012 Y91.334 E20.17631
G1 X63.549 Y88.939 E20.29436
G1 X64.346 Y86.618 E20.41239
G1 X65.393 Y84.398 E20.53044
G1 X66.678 Y82.308 E20.64844
G1 X68.185 Y80.371 E20.76648
G1 X69.897 Y78.612 E20.88454
G1 X71.791 Y77.052 E21.00256
G1 X73.846 Y75.71 E21.12061
G1 X76.035 Y74.601 E21.23863
G1 X78.334 Y73.741 E21.35669
G1 X80.713 Y73.139 E21.47472
G1 X83.144 Y72.801 E21.59277
G1 X85.597 Y72.734 E21.71079
G1 X87.966 Y72.93 E21.82512
G1 X88.36 Y73 F7800
G1 X88.136 Y74.035
;TYPE:Internal infill
;WIDTH:0.45
G1 F4200
G1 X85.833 Y73.818 E21.93638
G1 X73.707 Y77.067 E22.54017
G1 X72.42 Y77.908 E22.61411
G1 X71.821 Y78.401 E22.65142
G1 E20.65142 F2400
G92 E0
G1 X76.742 Y75.469 F7800
G1 E2 F2400
G1 F4200
G1 X74.664 Y76.484 E2.11123
G1 X79.27 Y81.09 E2.42452
G1 X81.043 Y81.09 E2.5098
G1 X96.211 Y77.025 E3.26507
G1 X95.859 Y76.822 E3.28461
G1 X94.716 Y81.09 E3.49712
G1 X95.63 Y81.09 E3.54108
G1 X88.683 Y74.142 E4.01364
G1 X90.485 Y74.529 E4.10229
G1 X88.727 Y81.09 E4.42898
G1 X87.45 Y81.09 E4.4904
G1 X80.617 Y74.257 E4.95517
G1 X78.425 Y74.839 E5.06425
G1 X76.751 Y81.09 E5.3755
G1 X72.315 Y81.09 E5.58886
G1 X71.815 Y81.197 E5.61345
G1 X71.451 Y81.451 E5.6348
G1 X70.013 Y80.013 E5.73261
G1 X70.616 Y79.393 E5.77421
G1 X71.387 Y78.759 E5.82222
G1 X65.086 Y102.273 E6.99306
G1 X65.448 Y103.233 E7.04241
G1 X71.072 Y101.726 E7.32245
G1 X71.072 Y102.281 E7.34914
G1 X69.225 Y109.176 E7.69246
G1 X68.563 Y108.387 E7.742
G1 X71.077 Y107.713 E7.86718
G1 X71.072 Y105.613 E7.96818
G1 X64.091 Y98.632 E8.44302
G1 X63.966 Y97.642 E8.49101
G1 X71.072 Y95.738 E8.84484
G1 X71.072 Y97.433 E8.92636
G1 X64.259 Y90.619 E9.38981
G1 X64.046 Y91.632 E9.4396
G1 X71.072 Y89.749 E9.78945
G1 X71.072 Y89.253 E9.81331
G1 X66.478 Y84.658 E10.12582
G1 X66.257 Y85.051 E10.14751
G1 X71.072 Y83.761 E10.38726
G1 X71.072 Y86.075 E10.49856
G1 E8.49856 F2400
G92 E0
G1 X85.053 Y81.09 F7800
G1 E2 F2400
G1 F4200
G1 X82.739 Y81.09 E2.1113
G1 X84.687 Y73.82 E2.4733
G1 E.4733 F2400
G92 E0
G1 X98.893 Y103.934 F7800
G1 E2 F2400
G1 F4200
G1 X98.893 Y106.248 E2.1113
G1 X103.672 Y104.968 E2.34926
G1 X103.488 Y105.308 E2.36785
G1 X98.893 Y100.713 E2.6804
G1 X98.893 Y100.26 E2.70219
G1 X105.891 Y98.385 E3.05064
G1 X105.727 Y99.367 E3.09852
G1 X98.893 Y92.533 E3.56336
G1 X98.893 Y94.271 E3.64695
G1 X106.016 Y92.363 E4.00162
G1 X105.838 Y91.298 E4.05355
G1 X98.893 Y84.353 E4.52594
G1 X98.887 Y82.296 E4.62488
G1 X101.416 Y81.619 E4.7508
G1 X100.763 Y80.869 E4.79863
G1 X98.893 Y87.847 E5.14609
G1 X98.893 Y88.283 E5.16706
G1 X104.505 Y86.78 E5.44649
G1 X104.904 Y87.763 E5.49752
G1 X98.613 Y111.241 E6.66657
G1 X99.981 Y109.981 E6.75602
G1 X98.532 Y108.532 E6.85458
G1 X98.338 Y108.699 E6.86689
G1 X97.995 Y108.86 E6.88511
G1 X97.647 Y108.91 E6.90202
G1 X93.249 Y108.91 E7.11355
G1 X91.583 Y115.128 E7.42316
G1 X90.19 Y115.563 E7.49335
G1 X89.364 Y115.725 E7.53383
G1 X82.55 Y108.91 E7.99734
G1 X81.273 Y108.91 E8.05876
G1 X79.517 Y115.465 E8.38515
G1 X81.337 Y115.877 E8.4749
G1 X74.37 Y108.91 E8.94879
G1 X75.284 Y108.91 E8.99275
G1 X74.132 Y113.211 E9.20691
G1 X73.776 Y112.978 E9.22737
G1 X88.957 Y108.91 E9.98328
G1 X90.73 Y108.91 E10.06856
G1 X95.313 Y113.493 E10.38029
G1 E8.38029 F2400
G92 E0
G1 X98.159 Y111.601 F7800
G1 E2 F2400
G1 F4200
G1 X96.273 Y112.939 E2.11122
G1 X84.223 Y116.167 E2.71122
G1 X83.231 Y116.14 E2.75895
G1 X81.922 Y115.959 E2.82251
G1 E.82251 F2400
G92 E0
G1 X87.615 Y116.035 F7800
G1 E2 F2400
G1 F4200
G1 X85.309 Y116.197 E2.11118
G1 X87.261 Y108.91 E2.47402
G1 X84.947 Y108.91 E2.58532
;LAYER_CHANGE
;Z:12.65
;HEIGHT:0.299999
G1 E.58532 F2400
G92 E0
G1 Z12.65 F7800
G1 X98.313 Y108.33
G1 E2 F2400
;TYPE:Perimeter
;WIDTH:0.45
G1 F3600
G1 X98.161 Y108.469 E2.00991
G1 X97.912 Y108.582 E2.02306
G1 X97.584 Y108.621 E2.03895
G1 X72.326 Y108.621 E3.25377
G1 X71.929 Y108.536 E3.2733
G1 X71.635 Y108.329 E3.29059
G1 X71.481 Y108.122 E3.303
G1 X71.38 Y107.843 E3.31727
G1 X71.362 Y107.657 E3.32626
G1 X71.362 Y82.343 E4.54378
G1 X71.38 Y82.157 E4.55277
G1 X71.529 Y81.8 E4.57138
G1 X71.761 Y81.561 E4.5874
G1 X71.929 Y81.464 E4.59673
G1 X72.326 Y81.379 E4.61626
G1 X97.64 Y81.379 E5.83378
G1 X97.912 Y81.418 E5.847
G1 X98.293 Y81.634 E5.86806
G1 X98.466 Y81.845 E5.88118
G1 X98.555 Y82.039 E5.89145
G1 X98.604 Y82.343 E5.90626
G1 X98.604 Y107.657 E7.12378
G1 X98.555 Y107.961 E7.13859
G1 X98.4 Y108.251 E7.15441
G1 X98.357 Y108.29 E7.1572
G1 X98.047 Y108.06 F7800
G1 F3600
G1 X98.032 Y108.083 E7.15852
G1 X97.804 Y108.212 E7.17112
G1 X97.584 Y108.236 E7.18176
G1 X72.326 Y108.236 E8.39658
G1 X71.987 Y108.126 E8.41372
G1 X71.819 Y107.936 E8.42592
G1 X71.747 Y107.657 E8.43978
G1 X71.747 Y82.343 E9.6573
G1 X71.819 Y82.064 E9.67116
G1 X71.987 Y81.874 E9.68336
G1 X72.326 Y81.764 E9.7005
G1 X97.64 Y81.764 E10.91802
G1 X97.952 Y81.856 E10.93366
G1 X98.135 Y82.044 E10.94628
G1 X98.219 Y82.343 E10.96122
G1 X98.219 Y107.657 E12.17874
G1 X98.189 Y107.84 E12.18766
G1 X98.079 Y108.009 E12.19736
G1 X97.776 Y107.786 F7800
;TYPE:External perimeter
G1 F1800
G1 X97.771 Y107.799 E12.19803
G1 X97.64 Y107.85 E12.20479
G1 X72.326 Y107.85 E13.42231
G1 X72.188 Y107.792 E13.42951
G1 X72.133 Y107.657 E13.43652
G1 X72.133 Y82.343 E14.65404
G1 X72.195 Y82.201 E14.66149
G1 X72.326 Y82.15 E14.66825
G1 X97.64 Y82.15 E15.88577
G1 X97.792 Y82.224 E15.8939
G1 X97.833 Y82.343 E15.89995
G1 X97.833 Y107.657 E17.11747
G1 X97.801 Y107.731 E17.12135
G1 X97.417 Y107.844 F7800
G1 E15.12135 F2400
G92 E0
G1 X87.962 Y73.707 F7800
G1 E2 F2400
;TYPE:Perimeter
G1 F3600
G1 X90.261 Y74.156 E2.11266
G1 X92.522 Y74.863 E2.2266
G1 X94.692 Y75.815 E2.34057
G1 X96.744 Y76.999 E2.45451
G1 X98.652 Y78.402 E2.56842
G1 X100.395 Y80.007 E2.68238
G1 X101.951 Y81.793 E2.79631
G1 X103.301 Y83.74 E2.91026
G1 X104.429 Y85.823 E3.02419
G1 X105.32 Y88.018 E3.13813
G1 X105.965 Y90.298 E3.25209
G1 X106.355 Y92.635 E3.36605
G1 X106.473 Y94.783 E3.46952
G1 X106.473 Y95.217 E3.49039
G1 X106.355 Y97.365 E3.59386
G1 X105.965 Y99.702 E3.70782
G1 X105.32 Y101.982 E3.82178
G1 X104.429 Y104.177 E3.93572
G1 X103.301 Y106.26 E4.04965
G1 X101.951 Y108.207 E4.1636
G1 X100.395 Y109.993 E4.27753
G1 X98.652 Y111.598 E4.39149
G1 X96.744 Y113.001 E4.5054
G1 X94.692 Y114.185 E4.61934
G1 X92.522 Y115.137 E4.73331
G1 X90.261 Y115.844 E4.84725
G1 X87.936 Y116.298 E4.96119
G1 X85.575 Y116.494 E5.07514
G1 X83.207 Y116.429 E5.18908
G1 X80.861 Y116.103 E5.303
G1 X78.564 Y115.522 E5.41696
G1 X76.346 Y114.691 E5.53088
G1 X74.232 Y113.621 E5.64484
G1 X72.249 Y112.326 E5.75875
G1 X70.42 Y110.82 E5.8727
G1 X68.768 Y109.122 E5.98664
G1 X67.313 Y107.252 E6.1006
G1 X66.072 Y105.234 E6.21454
G1 X65.061 Y103.091 E6.32851
G1 X64.292 Y100.851 E6.44242
G1 X63.774 Y98.539 E6.55638
G1 X63.513 Y96.185 E6.67029
G1 X63.513 Y93.815 E6.78428
G1 X63.774 Y91.461 E6.89819
G1 X64.292 Y89.149 E7.01215
G1 X65.061 Y86.909 E7.12606
G1 X66.072 Y84.766 E7.24003
G1 X67.313 Y82.748 E7.35397
G1 X68.768 Y80.878 E7.46793
G1 X70.42 Y79.18 E7.58187
G1 X72.249 Y77.674 E7.69582
G1 X74.232 Y76.379 E7.80973
G1 X76.346 Y75.309 E7.92369
G1 X78.564 Y74.478 E8.03761
G1 X80.861 Y73.897 E8.15157
G1 X83.207 Y73.571 E8.26549
G1 X85.575 Y73.506 E8.37943
G1 X87.902 Y73.699 E8.49173
G1 X87.994 Y73.32 F7800
G1 F3600
G1 X90.356 Y73.781 E8.60748
G1 X92.658 Y74.501 E8.72349
G1 X94.866 Y75.47 E8.83946
G1 X96.955 Y76.676 E8.95547
G1 X98.898 Y78.104 E9.07145
G1 X100.672 Y79.737 E9.18742
G1 X102.256 Y81.556 E9.30343
G1 X103.63 Y83.538 E9.41942
G1 X104.778 Y85.659 E9.53542
G1 X105.685 Y87.893 E9.65139
G1 X106.342 Y90.213 E9.76736
G1 X106.739 Y92.592 E9.88336
G1 X106.858 Y94.762 E9.98789
G1 X106.858 Y95.238 E10.01078
G1 X106.739 Y97.408 E10.11531
G1 X106.342 Y99.787 E10.23131
G1 X105.685 Y102.107 E10.34728
G1 X104.778 Y104.341 E10.46325
G1 X103.63 Y106.462 E10.57925
G1 X102.256 Y108.444 E10.69524
G1 X100.672 Y110.263 E10.81125
G1 X98.898 Y111.896 E10.92722
G1 X96.955 Y113.324 E11.0432
G1 X94.866 Y114.53 E11.15921
G1 X92.658 Y115.499 E11.27518
G1 X90.356 Y116.219 E11.39119
G1 X87.989 Y116.681 E11.50718
G1 X85.586 Y116.88 E11.62315
G1 X83.175 Y116.814 E11.73915
G1 X80.787 Y116.482 E11.85511
G1 X78.449 Y115.89 E11.97111
G1 X76.19 Y115.045 E12.08711
G1 X74.039 Y113.956 E12.20307
G1 X72.02 Y112.637 E12.31906
G1 X70.158 Y111.104 E12.43506
G1 X68.477 Y109.375 E12.55104
G1 X66.995 Y107.472 E12.66705
G1 X65.733 Y105.418 E12.783
G1 X64.703 Y103.237 E12.89901
G1 X63.92 Y100.956 E13.015
G1 X63.393 Y98.603 E13.13097
G1 X63.128 Y96.206 E13.24696
G1 X63.128 Y93.794 E13.36297
G1 X63.393 Y91.397 E13.47896
G1 X63.92 Y89.044 E13.59493
G1 X64.703 Y86.763 E13.71092
G1 X65.733 Y84.582 E13.82693
G1 X66.995 Y82.528 E13.94288
G1 X68.477 Y80.625 E14.05889
G1 X70.158 Y78.896 E14.17487
G1 X72.02 Y77.363 E14.29087
G1 X74.039 Y76.044 E14.40686
G1 X76.19 Y74.955 E14.52282
G1 X78.449 Y74.11 E14.63882
G1 X80.787 Y73.518 E14.75482
G1 X83.175 Y73.186 E14.87078
G1 X85.586 Y73.12 E14.98678
G1 X87.934 Y73.314 E15.1001
G1 X88.026 Y72.935 F7800
;TYPE:External perimeter
G1 F1800
G1 X88.042 Y72.936 E15.10087
G1 X90.451 Y73.407 E15.21893
G1 X92.793 Y74.14 E15.33696
G1 X95.041 Y75.125 E15.455
G1 X97.166 Y76.352 E15.57302
G1 X99.143 Y77.806 E15.69105
G1 X100.949 Y79.468 E15.8091
G1 X102.561 Y81.319 E15.92715
G1 X103.959 Y83.335 E16.04515
G1 X105.127 Y85.494 E16.16321
G1 X106.051 Y87.767 E16.28122
G1 X106.718 Y90.129 E16.39927
G1 X107.122 Y92.55 E16.51732
G1 X107.243 Y94.741 E16.62286
G1 X107.243 Y95.259 E16.64777
G1 X107.122 Y97.45 E16.75331
G1 X106.718 Y99.871 E16.87136
G1 X106.051 Y102.233 E16.98941
G1 X105.127 Y104.506 E17.10742
G1 X103.959 Y106.665 E17.22548
G1 X102.561 Y108.681 E17.34348
G1 X100.949 Y110.532 E17.46153
G1 X99.143 Y112.194 E17.57958
G1 X97.166 Y113.648 E17.69761
G1 X95.041 Y114.875 E17.81563
G1 X92.793 Y115.86 E17.93367
G1 X90.451 Y116.593 E18.0517
G1 X88.042 Y117.064 E18.16976
G1 X85.597 Y117.266 E18.28776
G1 X83.144 Y117.199 E18.40578
G1 X80.713 Y116.861 E18.52383
G1 X78.334 Y116.259 E18.64186
G1 X76.035 Y115.399 E18.75992
G1 X73.846 Y114.29 E18.87794
G1 X71.791 Y112.948 E18.99599
G1 X69.897 Y111.388 E19.11401
G1 X68.185 Y109.629 E19.23207
G1 X66.678 Y107.692 E19.35011
G1 X65.393 Y105.602 E19.46811
G1 X64.346 Y103.382 E19.58616
G1 X63.549 Y101.061 E19.70419
G1 X63.012 Y98.666 E19.82224
G1 X62.742 Y96.227 E19.94026
G1 X62.742 Y93.773 E20.05829
G1 X63.012 Y91.334 E20.17631
G1 X63.549 Y88.939 E20.29436
G1 X64.346 Y86.618 E20.41239
G1 X65.393 Y84.398 E20.53044
G1 X66.678 Y82.308 E20.64844
G1 X68.185 Y80.371 E20.76648
G1 X69.897 Y78.612 E20.88454
G1 X71.791 Y77.052 E21.00256
G1 X73.846 Y75.71 E21.12061
G1 X76.035 Y74.601 E21.23863
G1 X78.334 Y73.741 E21.35669
G1 X80.713 Y73.139 E21.47472
G1 X83.144 Y72.801 E21.59277
G1 X85.597 Y72.734 E21.71079
G1 X87.966 Y72.93 E21.82512
G1 X88.36 Y73 F7800
G1 X88.136 Y74.035
;TYPE:Internal infill
;WIDTH:0.45
G1 F4200
G1 X85.833 Y73.818 E21.93638
G1 X73.707 Y77.067 E22.54017
G1 X72.42 Y77.908 E22.61411
G1 X71.821 Y78.401 E22.65142
G1 E20.65142 F2400
G92 E0
G1 X76.742 Y75.469 F7800
G1 E2 F2400
G1 F4200
G1 X74.664 Y76.484 E2.11123
G1 X79.27 Y81.09 E2.42452
G1 X81.043 Y81.09 E2.5098
G1 X96.211 Y77.025 E3.26507
G1 X95.859 Y76.822 E3.28461
G1 X94.716 Y81.09 E3.49712
G1 X95.63 Y81.09 E3.54108
G1 X88.683 Y74.142 E4.01364
G1 X90.485 Y74.529 E4.10229
G1 X88.727 Y81.09 E4.42898
G1 X87.45 Y81.09 E4.4904
G1 X80.617 Y74.257 E4.95517
G1 X78.425 Y74.839 E5.06425
G1 X76.751 Y81.09 E5.3755
G1 X72.315 Y81.09 E5.58886
G1 X71.815 Y81.197 E5.61345
G1 X71.451 Y81.451 E5.6348
G1 X70.013 Y80.013 E5.73261
G1 X70.616 Y79.393 E5.77421
G1 X71.387 Y78.759 E5.82222
G1 X65.086 Y102.273 E6.99306
G1 X65.448 Y103.233 E7.04241
G1 X71.072 Y101.726 E7.32245
G1 X71.072 Y102.281 E7.34914
G1 X69.225 Y109.176 E7.69246
G1 X68.563 Y108.387 E7.742
G1 X71.077 Y107.713 E7.86718
G1 X71.072 Y105.613 E7.96818
G1 X64.091 Y98.632 E8.44302
G1 X63.966 Y97.642 E8.49101
G1 X71.072 Y95.738 E8.84484
G1 X71.072 Y97.433 E8.92636
G1 X64.259 Y90.619 E9.38981
G1 X64.046 Y91.632 E9.4396
G1 X71.072 Y89.749 E9.78945
G1 X71.072 Y89.253 E9.81331
G1 X66.478 Y84.658 E10.12582
G1 X66.257 Y85.051 E10.14751
G1 X71.072 Y83.761 E10.38726
G1 X71.072 Y86.075 E10.49856
G1 E8.49856 F2400
G92 E0
G1 X85.053 Y81.09 F7800
G1 E2 F2400
G1 F4200
G1 X82.739 Y81.09 E2.1113
G1 X84.687 Y73.82 E2.4733
G1 E.4733 F2400
G92 E0
G1 X98.893 Y103.934 F7800
G1 E2 F2400
G1 F4200
G1 X98.893 Y106.248 E2.1113
G1 X103.672 Y104.968 E2.34926
G1 X103.488 Y105.308 E2.36785
G1 X98.893 Y100.713 E2.6804
G1 X98.893 Y100.26 E2.70219
G1 X105.891 Y98.385 E3.05064
G1 X105.727 Y99.367 E3.09852
G1 X98.893 Y92.533 E3.56336
G1 X98.893 Y94.271 E3.64695
G1 X106.016 Y92.363 E4.00162
G1 X105.838 Y91.298 E4.05355
G1 X98.893 Y84.353 E4.52594
G1 X98.887 Y82.296 E4.62488
G1 X101.416 Y81.619 E4.7508
G1 X100.763 Y80.869 E4.79863
G1 X98.893 Y87.847 E5.14609
G1 X98.893 Y88.283 E5.16706
G1 X104.505 Y86.78 E5.44649
G1 X104.904 Y87.763 E5.49752
G1 X98.613 Y111.241 E6.66657
G1 X99.981 Y109.981 E6.75602
G1 X98.532 Y108.532 E6.85458
G1 X98.338 Y108.699 E6.86689
G1 X97.995 Y108.86 E6.88511
G1 X97.647 Y108.91 E6.90202
G1 X93.249 Y108.91 E7.11355
G1 X91.583 Y115.128 E7.42316
G1 X90.19 Y115.563 E7.49335
G1 X89.364 Y115.725 E7.53383
G1 X82.55 Y108.91 E7.99734
G1 X81.273 Y108.91 E8.05876
G1 X79.517 Y115.465 E8.38515
G1 X81.337 Y115.877 E8.4749
G1 X74.37 Y108.91 E8.94879
G1 X75.284 Y108.91 E8.99275
G1 X74.132 Y113.211 E9.20691
G1 X73.776 Y112.978 E9.22737
G1 X88.957 Y108.91 E9.98328
G1 X90.73 Y108.91 E10.06856
G1 X95.313 Y113.493 E10.38029
G1 E8.38029 F2400
G92 E0
G1 X98.159 Y111.601 F7800
G1 E2 F2400
G1 F4200
G1 X96.273 Y112.939 E2.11122
G1 X84.223 Y116.167 E2.71122
G1 X83.231 Y116.14 E2.75895
G1 X81.922 Y115.959 E2.82251
G1 E.82251 F2400
G92 E0
G1 X87.615 Y116.035 F7800
G1 E2 F2400
G1 F4200
G1 X85.309 Y116.197 E2.11118
G1 X87.261 Y108.91 E2.47402
G1 X84.947 Y108.91 E2.58532
;LAYER_CHANGE
;Z:12.95
;HEIGHT:0.3
G1 E.58532 F2400
G92 E0
G1 Z12.95 F7800
G1 X98.313 Y108.33
G1 E2 F2400
;TYPE:Perimeter
;WIDTH:0.45
G1 F3600
G1 X98.161 Y108.469 E2.00991
G1 X97.912 Y108.582 E2.02306
G1 X97.584 Y108.621 E2.03895
G1 X72.326 Y108.621 E3.25377
G1 X71.929 Y108.536 E3.2733
G1 X71.635 Y108.329 E3.29059
G1 X71.481 Y108.122 E3.303
G1 X71.38 Y107.843 E3.31727
G1 X71.362 Y107.657 E3.32626
G1 X71.362 Y82.343 E4.54378
G1 X71.38 Y82.157 E4.55277
G1 X71.529 Y81.8 E4.57138
G1 X71.761 Y81.561 E4.5874
G1 X71.929 Y81.464 E4.59673
G1 X72.326 Y81.379 E4.61626
G1 X97.64 Y81.379 E5.83378
G1 X97.912 Y81.418 E5.847
G1 X98.293 Y81.634 E5.86806
G1 X98.466 Y81.845 E5.88118
G1 X98.555 Y82.039 E5.89145
G1 X98.604 Y82.343 E5.90626
G1 X98.604 Y107.657 E7.12378
G1 X98.555 Y107.961 E7.13859
G1 X98.4 Y108.251 E7.15441
G1 X98.357 Y108.29 E7.1572
G1 X98.047 Y108.06 F7800
G1 F3600
G1 X98.032 Y108.083 E7.15852
G1 X97.804 Y108.212 E7.17112
G1 X97.584 Y108.236 E7.18176
G1 X72.326 Y108.236 E8.39658
G1 X71.987 Y108.126 E8.41372
G1 X71.819 Y107.936 E8.42592
G1 X71.747 Y107.657 E8.43978
G1 X71.747 Y82.343 E9.6573
G1 X71.819 Y82.064 E9.67116
G1 X71.987 Y81.874 E9.68336
G1 X72.326 Y81.764 E9.7005
G1 X97.64 Y81.764 E10.91802
G1 X97.952 Y81.856 E10.93366
G1 X98.135 Y82.044 E10.94628
G1 X98.219 Y82.343 E10.96122
G1 X98.219 Y107.657 E12.17874
G1 X98.189 Y107.84 E12.18766
G1 X98.079 Y108.009 E12.19736
G1 X97.776 Y107.786 F7800
;TYPE:External perimeter
G1 F1800
G1 X97.771 Y107.799 E12.19803
G1 X97.64 Y107.85 E12.20479
G1 X72.326 Y107.85 E13.42231
G1 X72.188 Y107.792 E13.42951
G1 X72.133 Y107.657 E13.43652
G1 X72.133 Y82.343 E14.65404
G1 X72.195 Y82.201 E14.66149
G1 X72.326 Y82.15 E14.66825
G1 X97.64 Y82.15 E15.88577
G1 X97.792 Y82.224 E15.8939
G1 X97.833 Y82.343 E15.89995
G1 X97.833 Y107.657 E17.11747
G1 X97.801 Y107.731 E17.12135
G1 X97.417 Y107.844 F7800
G1 E15.12135 F2400
G92 E0
G1 X87.962 Y73.707 F7800
G1 E2 F2400
;TYPE:Perimeter
G1 F3600
G1 X90.261 Y74.156 E2.11266
G1 X92.522 Y74.863 E2.2266
G1 X94.692 Y75.815 E2.34057
G1 X96.744 Y76.999 E2.45451
G1 X98.652 Y78.402 E2.56842
G1 X100.395 Y80.007 E2.68238
G1 X101.951 Y81.793 E2.79631
G1 X103.301 Y83.74 E2.91026
G1 X104.429 Y85.823 E3.02419
G1 X105.32 Y88.018 E3.13813
G1 X105.965 Y90.298 E3.25209
G1 X106.355 Y92.635 E3.36605
G1 X106.473 Y94.783 E3.46952
G1 X106.473 Y95.217 E3.49039
G1 X106.355 Y97.365 E3.59386
G1 X105.965 Y99.702 E3.70782
G1 X105.32 Y101.982 E3.82178
G1 X104.429 Y104.177 E3.93572
G1 X103.301 Y106.26 E4.04965
G1 X101.951 Y108.207 E4.1636
G1 X100.395 Y109.993 E4.27753
G1 X98.652 Y111.598 E4.39149
G1 X96.744 Y113.001 E4.5054
G1 X94.692 Y114.185 E4.61934
G1 X92.522 Y115.137 E4.73331
G1 X90.261 Y115.844 E4.84725
G1 X87.936 Y116.298 E4.96119
G1 X85.575 Y116.494 E5.07514
G1 X83.207 Y116.429 E5.18908
G1 X80.861 Y116.103 E5.303
G1 X78.564 Y115.522 E5.41696
G1 X76.346 Y114.691 E5.53088
G1 X74.232 Y113.621 E5.64484
G1 X72.249 Y112.326 E5.75875
G1 X70.42 Y110.82 E5.8727
G1 X68.768 Y109.122 E5.98664
G1 X67.313 Y107.252 E6.1006
G1 X66.072 Y105.234 E6.21454
G1 X65.061 Y103.091 E6.32851
G1 X64.292 Y100.851 E6.44242
G1 X63.774 Y98.539 E6.55638
G1 X63.513 Y96.185 E6.67029
G1 X63.513 Y93.815 E6.78428
G1 X63.774 Y91.461 E6.89819
G1 X64.292 Y89.149 E7.01215
G1 X65.061 Y86.909 E7.12606
G1 X66.072 Y84.766 E7.24003
G1 X67.313 Y82.748 E7.35397
G1 X68.768 Y80.878 E7.46793
G1 X70.42 Y79.18 E7.58187
G1 X72.249 Y77.674 E7.69582
G1 X74.232 Y76.379 E7.80973
G1 X76.346 Y75.309 E7.92369
G1 X78.564 Y74.478 E8.03761
G1 X80.861 Y73.897 E8.15157
G1 X83.207 Y73.571 E8.26549
G1 X85.575 Y73.506 E8.37943
G1 X87.902 Y73.699 E8.49173
G1 X87.994 Y73.32 F7800
G1 F3600
G1 X90.356 Y73.781 E8.60748
G1 X92.658 Y74.501 E8.72349
G1 X94.866 Y75.47 E8.83946
G1 X96.955 Y76.676 E8.95547
G1 X98.898 Y78.104 E9.07145
G1 X100.672 Y79.737 E9.18742
G1 X102.256 Y81.556 E9.30343
G1 X103.63 Y83.538 E9.41942
G1 X104.778 Y85.659 E9.53542
G1 X105.685 Y87.893 E9.65139
G1 X106.342 Y90.213 E9.76736
G1 X106.739 Y92.592 E9.88336
G1 X106.858 Y94.762 E9.98789
G1 X106.858 Y95.238 E10.01078
G1 X106.739 Y97.408 E10.11531
G1 X106.342 Y99.787 E10.23131
G1 X105.685 Y102.107 E10.34728
G1 X104.778 Y104.341 E10.46325
G1 X103.63 Y106.462 E10.57925
G1 X102.256 Y108.444 E10.69524
G1 X100.672 Y110.263 E10.81125
G1 X98.898 Y111.896 E10.92722
G1 X96.955 Y113.324 E11.0432
G1 X94.866 Y114.53 E11.15921
G1 X92.658 Y115.499 E11.27518
G1 X90.356 Y116.219 E11.39119
G1 X87.989 Y116.681 E11.50718
G1 X85.586 Y116.88 E11.62315
G1 X83.175 Y116.814 E11.73915
G1 X80.787 Y116.482 E11.85511
G1 X78.449 Y115.89 E11.97111
G1 X76.19 Y115.045 E12.08711
G1 X74.039 Y113.956 E12.20307
G1 X72.02 Y112.637 E12.31906
G1 X70.158 Y111.104 E12.43506
G1 X68.477 Y109.375 E12.55104
G1 X66.995 Y107.472 E12.66705
G1 X65.733 Y105.418 E12.783
G1 X64.703 Y103.237 E12.89901
G1 X63.92 Y100.956 E13.015
G1 X63.393 Y98.603 E13.13097
G1 X63.128 Y96.206 E13.24696
G1 X63.128 Y93.794 E13.36297
G1 X63.393 Y91.397 E13.47896
G1 X63.92 Y89.044 E13.59493
G1 X64.703 Y86.763 E13.71092
G1 X65.733 Y84.582 E13.82693
G1 X66.995 Y82.528 E13.94288
G1 X68.477 Y80.625 E14.05889
G1 X70.158 Y78.896 E14.17487
G1 X72.02 Y77.363 E14.29087
G1 X74.039 Y76.044 E14.40686
G1 X76.19 Y74.955 E14.52282
G1 X78.449 Y74.11 E14.63882
G1 X80.787 Y73.518 E14.75482
G1 X83.175 Y73.186 E14.87078
G1 X85.586 Y73.12 E14.98678
G1 X87.934 Y73.314 E15.1001
G1 X88.026 Y72.935 F7800
;TYPE:External perimeter
G1 F1800
G1 X88.042 Y72.936 E15.10087
G1 X90.451 Y73.407 E15.21893
G1 X92.793 Y74.14 E15.33696
G1 X95.041 Y75.125 E15.455
G1 X97.166 Y76.352 E15.57302
G1 X99.143 Y77.806 E15.69105
G1 X100.949 Y79.468 E15.8091
G1 X102.561 Y81.319 E15.92715
G1 X103.959 Y83.335 E16.04515
G1 X105.127 Y85.494 E16.16321
G1 X106.051 Y87.767 E16.28122
G1 X106.718 Y90.129 E16.39927
G1 X107.122 Y92.55 E16.51732
G1 X107.243 Y94.741 E16.62286
G1 X107.243 Y95.259 E16.64777
G1 X107.122 Y97.45 E16.75331
G1 X106.718 Y99.871 E16.87136
G1 X106.051 Y102.233 E16.98941
G1 X105.127 Y104.506 E17.10742
G1 X103.959 Y106.665 E17.22548
G1 X102.561 Y108.681 E17.34348
G1 X100.949 Y110.532 E17.46153
G1 X99.143 Y112.194 E17.57958
G1 X97.166 Y113.648 E17.69761
G1 X95.041 Y114.875 E17.81563
G1 X92.793 Y115.86 E17.93367
G1 X90.451 Y116.593 E18.0517
G1 X88.042 Y117.064 E18.16976
G1 X85.597 Y117.266 E18.28776
G1 X83.144 Y117.199 E18.40578
G1 X80.713 Y116.861 E18.52383
G1 X78.334 Y116.259 E18.64186
G1 X76.035 Y115.399 E18.75992
G1 X73.846 Y114.29 E18.87794
G1 X71.791 Y112.948 E18.99599
G1 X69.897 Y111.388 E19.11401
G1 X68.185 Y109.629 E19.23207
G1 X66.678 Y107.692 E19.35011
G1 X65.393 Y105.602 E19.46811
G1 X64.346 Y103.382 E19.58616
G1 X63.549 Y101.061 E19.70419
G1 X63.012 Y98.666 E19.82224
G1 X62.742 Y96.227 E19.94026
G1 X62.742 Y93.773 E20.05829
G1 X63.012 Y91.334 E20.17631
G1 X63.549 Y88.939 E20.29436
G1 X64.346 Y86.618 E20.41239
G1 X65.393 Y84.398 E20.53044
G1 X66.678 Y82.308 E20.64844
G1 X68.185 Y80.371 E20.76648
G1 X69.897 Y78.612 E20.88454
G1 X71.791 Y77.052 E21.00256
G1 X73.846 Y75.71 E21.12061
G1 X76.035 Y74.601 E21.23863
G1 X78.334 Y73.741 E21.35669
G1 X80.713 Y73.139 E21.47472
G1 X83.144 Y72.801 E21.59277
G1 X85.597 Y72.734 E21.71079
G1 X87.966 Y72.93 E21.82512
G1 X88.36 Y73 F7800
G1 X88.136 Y74.035
;TYPE:Internal infill
;WIDTH:0.45
G1 F4200
G1 X85.833 Y73.818 E21.93638
G1 X73.707 Y77.067 E22.54017
G1 X72.42 Y77.908 E22.61411
G1 X71.821 Y78.401 E22.65142
G1 E20.65142 F2400
G92 E0
G1 X76.742 Y75.469 F7800
G1 E2 F2400
G1 F4200
G1 X74.664 Y76.484 E2.11123
G1 X79.27 Y81.09 E2.42452
G1 X81.043 Y81.09 E2.5098
G1 X96.211 Y77.025 E3.26507
G1 X95.859 Y76.822 E3.28461
G1 X94.716 Y81.09 E3.49712
G1 X95.63 Y81.09 E3.54108
G1 X88.683 Y74.142 E4.01364
G1 X90.485 Y74.529 E4.10229
G1 X88.727 Y81.09 E4.42898
G1 X87.45 Y81.09 E4.4904
G1 X80.617 Y74.257 E4.95517
G1 X78.425 Y74.839 E5.06425
G1 X76.751 Y81.09 E5.3755
G1 X72.315 Y81.09 E5.58886
G1 X71.815 Y81.197 E5.61345
G1 X71.451 Y81.451 E5.6348
G1 X70.013 Y80.013 E5.73261
G1 X70.616 Y79.393 E5.77421
G1 X71.387 Y78.759 E5.82222
G1 X65.086 Y102.273 E6.99306
G1 X65.448 Y103.233 E7.04241
G1 X71.072 Y101.726 E7.32245
G1 X71.072 Y102.281 E7.34914
G1 X69.225 Y109.176 E7.69246
G1 X68.563 Y108.387 E7.742
G1 X71.077 Y107.713 E7.86718
G1 X71.072 Y105.613 E7.96818
G1 X64.091 Y98.632 E8.44302
G1 X63.966 Y97.642 E8.49101
G1 X71.072 Y95.738 E8.84484
G1 X71.072 Y97.433 E8.92636
G1 X64.259 Y90.619 E9.38981
G1 X64.046 Y91.632 E9.4396
G1 X71.072 Y89.749 E9.78945
G1 X71.072 Y89.253 E9.81331
G1 X66.478 Y84.658 E10.12582
G1 X66.257 Y85.051 E10.14751
G1 X71.072 Y83.761 E10.38726
G1 X71.072 Y86.075 E10.49856
G1 E8.49856 F2400
G92 E0
G1 X85.053 Y81.09 F7800
G1 E2 F2400
G1 F4200
G1 X82.739 Y81.09 E2.1113
G1 X84.687 Y73.82 E2.4733
G1 E.4733 F2400
G92 E0
G1 X98.893 Y103.934 F7800
G1 E2 F2400
G1 F4200
G1 X98.893 Y106.248 E2.1113
G1 X103.672 Y104.968 E2.34926
G1 X103.488 Y105.308 E2.36785
G1 X98.893 Y100.713 E2.6804
G1 X98.893 Y100.26 E2.70219
G1 X105.891 Y98.385 E3.05064
G1 X105.727 Y99.367 E3.09852
G1 X98.893 Y92.533 E3.56336
G1 X98.893 Y94.271 E3.64695
G1 X106.016 Y92.363 E4.00162
G1 X105.838 Y91.298 E4.05355
G1 X98.893 Y84.353 E4.52594
G1 X98.887 Y82.296 E4.62488
G1 X101.416 Y81.619 E4.7508
G1 X100.763 Y80.869 E4.79863
G1 X98.893 Y87.847 E5.14609
G1 X98.893 Y88.283 E5.16706
G1 X104.505 Y86.78 E5.44649
G1 X104.904 Y87.763 E5.49752
G1 X98.613 Y111.241 E6.66657
G1 X99.981 Y109.981 E6.75602
G1 X98.532 Y108.532 E6.85458
G1 X98.338 Y108.699 E6.86689
G1 X97.995 Y108.86 E6.88511
G1 X97.647 Y108.91 E6.90202
G1 X93.249 Y108.91 E7.11355
G1 X91.583 Y115.128 E7.42316
G1 X90.19 Y115.563 E7.49335
G1 X89.364 Y115.725 E7.53383
G1 X82.55 Y108.91 E7.99734
G1 X81.273 Y108.91 E8.05876
G1 X79.517 Y115.465 E8.38515
G1 X81.337 Y115.877 E8.4749
G1 X74.37 Y108.91 E8.94879
G1 X75.284 Y108.91 E8.99275
G1 X74.132 Y113.211 E9.20691
G1 X73.776 Y112.978 E9.22737
G1 X88.957 Y108.91 E9.98328
G1 X90.73 Y108.91 E10.06856
G1 X95.313 Y113.493 E10.38029
G1 E8.38029 F2400
G92 E0
G1 X98.159 Y111.601 F7800
G1 E2 F2400
G1 F4200
G1 X96.273 Y112.939 E2.11122
G1 X84.223 Y116.167 E2.71122
G1 X83.231 Y116.14 E2.75895
G1 X81.922 Y115.959 E2.82251
G1 E.82251 F2400
G92 E0
G1 X87.615 Y116.035 F7800
G1 E2 F2400
G1 F4200
G1 X85.309 Y116.197 E2.11118
G1 X87.261 Y108.91 E2.47402
G1 X84.947 Y108.91 E2.58532
;LAYER_CHANGE
;Z:13.25
;HEIGHT:0.3
G1 E.58532 F2400
G92 E0
G1 Z13.25 F7800
G1 X98.313 Y108.33
G1 E2 F2400
;TYPE:Perimeter
;WIDTH:0.45
G1 F3600
G1 X98.161 Y108.469 E2.00991
G1 X97.912 Y108.582 E2.02306
G1 X97.584 Y108.621 E2.03895
G1 X72.326 Y108.621 E3.25377
G1 X71.929 Y108.536 E3.2733
G1 X71.635 Y108.329 E3.29059
G1 X71.481 Y108.122 E3.303
G1 X71.38 Y107.843 E3.31727
G1 X71.362 Y107.657 E3.32626
G1 X71.362 Y82.343 E4.54378
G1 X71.38 Y82.157 E4.55277
G1 X71.529 Y81.8 E4.57138
G1 X71.761 Y81.561 E4.5874
G1 X71.929 Y81.464 E4.59673
G1 X72.326 Y81.379 E4.61626
G1 X97.64 Y81.379 E5.83378
G1 X97.912 Y81.418 E5.847
G1 X98.293 Y81.634 E5.86806
G1 X98.466 Y81.845 E5.88118
G1 X98.555 Y82.039 E5.89145
G1 X98.604 Y82.343 E5.90626
G1 X98.604 Y107.657 E7.12378
G1 X98.555 Y107.961 E7.13859
G1 X98.4 Y108.251 E7.15441
G1 X98.357 Y108.29 E7.1572
G1 X98.047 Y108.06 F7800
G1 F3600
G1 X98.032 Y108.083 E7.15852
G1 X97.804 Y108.212 E7.17112
G1 X97.584 Y108.236 E7.18176
G1 X72.326 Y108.236 E8.39658
G1 X71.987 Y108.126 E8.41372
G1 X71.819 Y107.936 E8.42592
G1 X71.747 Y107.657 E8.43978
G1 X71.747 Y82.343 E9.6573
G1 X71.819 Y82.064 E9.67116
G1 X71.987 Y81.874 E9.68336
G1 X72.326 Y81.764 E9.7005
G1 X97.64 Y81.764 E10.91802
G1 X97.952 Y81.856 E10.93366
G1 X98.135 Y82.044 E10.94628
G1 X98.219 Y82.343 E10.96122
G1 X98.219 Y107.657 E12.17874
G1 X98.189 Y107.84 E12.18766
G1 X98.079 Y108.009 E12.19736
G1 X97.776 Y107.786 F7800
;TYPE:External perimeter
G1 F1800
G1 X97.771 Y107.799 E12.19803
G1 X97.64 Y107.85 E12.20479
G1 X72.326 Y107.85 E13.42231
G1 X72.188 Y107.792 E13.42951
G1 X72.133 Y107.657 E13.43652
G1 X72.133 Y82.343 E14.65404
G1 X72.195 Y82.201 E14.66149
G1 X72.326 Y82.15 E14.66825
G1 X97.64 Y82.15 E15.88577
G1 X97.792 Y82.224 E15.8939
G1 X97.833 Y82.343 E15.89995
G1 X97.833 Y107.657 E17.11747
G1 X97.801 Y107.731 E17.12135
G1 X97.417 Y107.844 F7800
G1 E15.12135 F2400
G92 E0
G1 X87.962 Y73.707 F7800
G1 E2 F2400
;TYPE:Perimeter
G1 F3600
G1 X90.261 Y74.156 E2.11266
G1 X92.522 Y74.863 E2.2266
G1 X94.692 Y75.815 E2.34057
G1 X96.744 Y76.999 E2.45451
G1 X98.652 Y78.402 E2.56842
G1 X100.395 Y80.007 E2.68238
G1 X101.951 Y81.793 E2.79631
G1 X103.301 Y83.74 E2.91026
G1 X104.429 Y85.823 E3.02419
G1 X105.32 Y88.018 E3.13813
G1 X105.965 Y90.298 E3.25209
G1 X106.355 Y92.635 E3.36605
G1 X106.473 Y94.783 E3.46952
G1 X106.473 Y95.217 E3.49039
G1 X106.355 Y97.365 E3.59386
G1 X105.965 Y99.702 E3.70782
G1 X105.32 Y101.982 E3.82178
G1 X104.429 Y104.177 E3.93572
G1 X103.301 Y106.26 E4.04965
G1 X101.951 Y108.207 E4.1636
G1 X100.395 Y109.993 E4.27753
G1 X98.652 Y111.598 E4.39149
G1 X96.744 Y113.001 E4.5054
G1 X94.692 Y114.185 E4.61934
G1 X92.522 Y115.137 E4.73331
G1 X90.261 Y115.844 E4.84725
G1 X87.936 Y116.298 E4.96119
G1 X85.575 Y116.494 E5.07514
G1 X83.207 Y116.429 E5.18908
G1 X80.861 Y116.103 E5.303
G1 X78.564 Y115.522 E5.41696
G1 X76.346 Y114.691 E5.53088
G1 X74.232 Y113.621 E5.64484
G1 X72.249 Y112.326 E5.75875
G1 X70.42 Y110.82 E5.8727
G1 X68.768 Y109.122 E5.98664
G1 X67.313 Y107.252 E6.1006
G1 X66.072 Y105.234 E6.21454
G1 X65.061 Y103.091 E6.32851
G1 X64.292 Y100.851 E6.44242
G1 X63.774 Y98.539 E6.55638
G1 X63.513 Y96.185 E6.67029
G1 X63.513 Y93.815 E6.78428
G1 X63.774 Y91.461 E6.89819
G1 X64.292 Y89.149 E7.01215
G1 X65.061 Y86.909 E7.12606
G1 X66.072 Y84.766 E7.24003
G1 X67.313 Y82.748 E7.35397
G1 X68.768 Y80.878 E7.46793
G1 X70.42 Y79.18 E7.58187
G1 X72.249 Y77.674 E7.69582
G1 X74.232 Y76.379 E7.80973
G1 X76.346 Y75.309 E7.92369
G1 X78.564 Y74.478 E8.03761
G1 X80.861 Y73.897 E8.15157
G1 X83.207 Y73.571 E8.26549
G1 X85.575 Y73.506 E8.37943
G1 X87.902 Y73.699 E8.49173
G1 X87.994 Y73.32 F7800
G1 F3600
G1 X90.356 Y73.781 E8.60748
G1 X92.658 Y74.501 E8.72349
G1 X94.866 Y75.47 E8.83946
G1 X96.955 Y76.676 E8.95547
G1 X98.898 Y78.104 E9.07145
G1 X100.672 Y79.737 E9.18742
G1 X102.256 Y81.556 E9.30343
G1 X103.63 Y83.538 E9.41942
G1 X104.778 Y85.659 E9.53542
G1 X105.685 Y87.893 E9.65139
G1 X106.342 Y90.213 E9.76736
G1 X106.739 Y92.592 E9.88336
G1 X106.858 Y94.762 E9.98789
G1 X106.858 Y95.238 E10.01078
G1 X106.739 Y97.408 E10.11531
G1 X106.342 Y99.787 E10.23131
G1 X105.685 Y102.107 E10.34728
G1 X104.778 Y104.341 E10.46325
G1 X103.63 Y106.462 E10.57925
G1 X102.256 Y108.444 E10.69524
G1 X100.672 Y110.263 E10.81125
G1 X98.898 Y111.896 E10.92722
G1 X96.955 Y113.324 E11.0432
G1 X94.866 Y114.53 E11.15921
G1 X92.658 Y115.499 E11.27518
G1 X90.356 Y116.219 E11.39119
G1 X87.989 Y116.681 E11.50718
G1 X85.586 Y116.88 E11.62315
G1 X83.175 Y116.814 E11.73915
G1 X80.787 Y116.482 E11.85511
G1 X78.449 Y115.89 E11.97111
G1 X76.19 Y115.045 E12.08711
G1 X74.039 Y113.956 E12.20307
G1 X72.02 Y112.637 E12.31906
G1 X70.158 Y111.104 E12.43506
G1 X68.477 Y109.375 E12.55104
G1 X66.995 Y107.472 E12.66705
G1 X65.733 Y105.418 E12.783
G1 X64.703 Y103.237 E12.89901
G1 X63.92 Y100.956 E13.015
G1 X63.393 Y98.603 E13.13097
G1 X63.128 Y96.206 E13.24696
G1 X63.128 Y93.794 E13.36297
G1 X63.393 Y91.397 E13.47896
G1 X63.92 Y89.044 E13.59493
G1 X64.703 Y86.763 E13.71092
G1 X65.733 Y84.582 E13.82693
G1 X66.995 Y82.528 E13.94288
G1 X68.477 Y80.625 E14.05889
G1 X70.158 Y78.896 E14.17487
G1 X72.02 Y77.363 E14.29087
G1 X74.039 Y76.044 E14.40686
G1 X76.19 Y74.955 E14.52282
G1 X78.449 Y74.11 E14.63882
G1 X80.787 Y73.518 E14.75482
G1 X83.175 Y73.186 E14.87078
G1 X85.586 Y73.12 E14.98678
G1 X87.934 Y73.314 E15.1001
G1 X88.026 Y72.935 F7800
;TYPE:External perimeter
G1 F1800
G1 X88.042 Y72.936 E15.10087
G1 X90.451 Y73.407 E15.21893
G1 X92.793 Y74.14 E15.33696
G1 X95.041 Y75.125 E15.455
G1 X97.166 Y76.352 E15.57302
G1 X99.143 Y77.806 E15.69105
G1 X100.949 Y79.468 E15.8091
G1 X102.561 Y81.319 E15.92715
G1 X103.959 Y83.335 E16.04515
G1 X105.127 Y85.494 E16.16321
G1 X106.051 Y87.767 E16.28122
G1 X106.718 Y90.129 E16.39927
G1 X107.122 Y92.55 E16.51732
G1 X107.243 Y94.741 E16.62286
G1 X107.243 Y95.259 E16.64777
G1 X107.122 Y97.45 E16.75331
G1 X106.718 Y99.871 E16.87136
G1 X106.051 Y102.233 E16.98941
G1 X105.127 Y104.506 E17.10742
G1 X103.959 Y106.665 E17.22548
G1 X102.561 Y108.681 E17.34348
G1 X100.949 Y110.532 E17.46153
G1 X99.143 Y112.194 E17.57958
G1 X97.166 Y113.648 E17.69761
G1 X95.041 Y114.875 E17.81563
G1 X92.793 Y115.86 E17.93367
G1 X90.451 Y116.593 E18.0517
G1 X88.042 Y117.064 E18.16976
G1 X85.597 Y117.266 E18.28776
G1 X83.144 Y117.199 E18.40578
G1 X80.713 Y116.861 E18.52383
G1 X78.334 Y116.259 E18.64186
G1 X76.035 Y115.399 E18.75992
G1 X73.846 Y114.29 E18.87794
G1 X71.791 Y112.948 E18.99599
G1 X69.897 Y111.388 E19.11401
G1 X68.185 Y109.629 E19.23207
G1 X66.678 Y107.692 E19.35011
G1 X65.393 Y105.602 E19.46811
G1 X64.346 Y103.382 E19.58616
G1 X63.549 Y101.061 E19.70419
G1 X63.012 Y98.666 E19.82224
G1 X62.742 Y96.227 E19.94026
G1 X62.742 Y93.773 E20.05829
G1 X63.012 Y91.334 E20.17631
G1 X63.549 Y88.939 E20.29436
G1 X64.346 Y86.618 E20.41239
G1 X65.393 Y84.398 E20.53044
G1 X66.678 Y82.308 E20.64844
G1 X68.185 Y80.371 E20.76648
G1 X69.897 Y78.612 E20.88454
G1 X71.791 Y77.052 E21.00256
G1 X73.846 Y75.71 E21.12061
G1 X76.035 Y74.601 E21.23863
G1 X78.334 Y73.741 E21.35669
G1 X80.713 Y73.139 E21.47472
G1 X83.144 Y72.801 E21.59277
G1 X85.597 Y72.734 E21.71079
G1 X87.966 Y72.93 E21.82512
G1 X88.36 Y73 F7800
G1 X88.136 Y74.035
;TYPE:Internal infill
;WIDTH:0.45
G1 F4200
G1 X85.833 Y73.818 E21.93638
G1 X73.707 Y77.067 E22.54017
G1 X72.42 Y77.908 E22.61411
G1 X71.821 Y78.401 E22.65142
G1 E20.65142 F2400
G92 E0
G1 X76.742 Y75.469 F7800
G1 E2 F2400
G1 F4200
G1 X74.664 Y76.484 E2.11123
G1 X79.27 Y81.09 E2.42452
G1 X81.043 Y81.09 E2.5098
G1 X96.211 Y77.025 E3.26507
G1 X95.859 Y76.822 E3.28461
G1 X94.716 Y81.09 E3.49712
G1 X95.63 Y81.09 E3.54108
G1 X88.683 Y74.142 E4.01364
G1 X90.485 Y74.529 E4.10229
G1 X88.727 Y81.09 E4.42898
G1 X87.45 Y81.09 E4.4904
G1 X80.617 Y74.257 E4.95517
G1 X78.425 Y74.839 E5.06425
G1 X76.751 Y81.09 E5.3755
G1 X72.315 Y81.09 E5.58886
G1 X71.815 Y81.197 E5.61345
G1 X71.451 Y81.451 E5.6348
G1 X70.013 Y80.013 E5.73261
G1 X70.616 Y79.393 E5.77421
G1 X71.387 Y78.759 E5.82222
G1 X65.086 Y102.273 E6.99306
G1 X65.448 Y103.233 E7.04241
G1 X71.072 Y101.726 E7.32245
G1 X71.072 Y102.281 E7.34914
G1 X69.225 Y109.176 E7.69246
G1 X68.563 Y108.387 E7.742
G1 X71.077 Y107.713 E7.86718
G1 X71.072 Y105.613 E7.96818
G1 X64.091 Y98.632 E8.44302
G1 X63.966 Y97.642 E8.49101
G1 X71.072 Y95.738 E8.84484
G1 X71.072 Y97.433 E8.92636
G1 X64.259 Y90.619 E9.38981
G1 X64.046 Y91.632 E9.4396
G1 X71.072 Y89.749 E9.78945
G1 X71.072 Y89.253 E9.81331
G1 X66.478 Y84.658 E10.12582
G1 X66.257 Y85.051 E10.14751
G1 X71.072 Y83.761 E10.38726
G1 X71.072 Y86.075 E10.49856
G1 E8.49856 F2400
G92 E0
G1 X85.053 Y81.09 F7800
G1 E2 F2400
G1 F4200
G1 X82.739 Y81.09 E2.1113
G1 X84.687 Y73.82 E2.4733
G1 E.4733 F2400
G92 E0
G1 X98.893 Y103.934 F7800
G1 E2 F2400
G1 F4200
G1 X98.893 Y106.248 E2.1113
G1 X103.672 Y104.968 E2.34926
G1 X103.488 Y105.308 E2.36785
G1 X98.893 Y100.713 E2.6804
G1 X98.893 Y100.26 E2.70219
G1 X105.891 Y98.385 E3.05064
G1 X105.727 Y99.367 E3.09852
G1 X98.893 Y92.533 E3.56336
G1 X98.893 Y94.271 E3.64695
G1 X106.016 Y92.363 E4.00162
G1 X105.838 Y91.298 E4.05355
G1 X98.893 Y84.353 E4.52594
G1 X98.887 Y82.296 E4.62488
G1 X101.416 Y81.619 E4.7508
G1 X100.763 Y80.869 E4.79863
G1 X98.893 Y87.847 E5.14609
G1 X98.893 Y88.283 E5.16706
G1 X104.505 Y86.78 E5.44649
G1 X104.904 Y87.763 E5.49752
G1 X98.613 Y111.241 E6.66657
G1 X99.981 Y109.981 E6.75602
G1 X98.532 Y108.532 E6.85458
G1 X98.338 Y108.699 E6.86689
G1 X97.995 Y108.86 E6.88511
G1 X97.647 Y108.91 E6.90202
G1 X93.249 Y108.91 E7.11355
G1 X91.583 Y115.128 E7.42316
G1 X90.19 Y115.563 E7.49335
G1 X89.364 Y115.725 E7.53383
G1 X82.55 Y108.91 E7.99734
G1 X81.273 Y108.91 E8.05876
G1 X79.517 Y115.465 E8.38515
G1 X81.337 Y115.877 E8.4749
G1 X74.37 Y108.91 E8.94879
G1 X75.284 Y108.91 E8.99275
G1 X74.132 Y113.211 E9.20691
G1 X73.776 Y112.978 E9.22737
G1 X88.957 Y108.91 E9.98328
G1 X90.73 Y108.91 E10.06856
G1 X95.313 Y113.493 E10.38029
G1 E8.38029 F2400
G92 E0
G1 X98.159 Y111.601 F7800
G1 E2 F2400
G1 F4200
G1 X96.273 Y112.939 E2.11122
G1 X84.223 Y116.167 E2.71122
G1 X83.231 Y116.14 E2.75895
G1 X81.922 Y115.959 E2.82251
G1 E.82251 F2400
G92 E0
G1 X87.615 Y116.035 F7800
G1 E2 F2400
G1 F4200
G1 X85.309 Y116.197 E2.11118
G1 X87.261 Y108.91 E2.47402
G1 X84.947 Y108.91 E2.58532
;LAYER_CHANGE
;Z:13.55
;HEIGHT:0.3
G1 E.58532 F2400
G92 E0
G1 Z13.55 F7800
G1 X98.313 Y108.33
G1 E2 F2400
;TYPE:Perimeter
;WIDTH:0.45
G1 F3600
G1 X98.161 Y108.469 E2.00991
G1 X97.912 Y108.582 E2.02306
G1 X97.584 Y108.621 E2.03895
G1 X72.326 Y108.621 E3.25377
G1 X71.929 Y108.536 E3.2733
G1 X71.635 Y108.329 E3.29059
G1 X71.481 Y108.122 E3.303
G1 X71.38 Y107.843 E3.31727
G1 X71.362 Y107.657 E3.32626
G1 X71.362 Y82.343 E4.54378
G1 X71.38 Y82.157 E4.55277
G1 X71.529 Y81.8 E4.57138
G1 X71.761 Y81.561 E4.5874
G1 X71.929 Y81.464 E4.59673
G1 X72.326 Y81.379 E4.61626
G1 X97.64 Y81.379 E5.83378
G1 X97.912 Y81.418 E5.847
G1 X98.293 Y81.634 E5.86806
G1 X98.466 Y81.845 E5.88118
G1 X98.555 Y82.039 E5.89145
G1 X98.604 Y82.343 E5.90626
G1 X98.604 Y107.657 E7.12378
G1 X98.555 Y107.961 E7.13859
G1 X98.4 Y108.251 E7.15441
G1 X98.357 Y108.29 E7.1572
G1 X98.047 Y108.06 F7800
G1 F3600
G1 X98.032 Y108.083 E7.15852
G1 X97.804 Y108.212 E7.17112
G1 X97.584 Y108.236 E7.18176
G1 X72.326 Y108.236 E8.39658
G1 X71.987 Y108.126 E8.41372
G1 X71.819 Y107.936 E8.42592
G1 X71.747 Y107.657 E8.43978
G1 X71.747 Y82.343 E9.6573
G1 X71.819 Y82.064 E9.67116
G1 X71.987 Y81.874 E9.68336
G1 X72.326 Y81.764 E9.7005
G1 X97.64 Y81.764 E10.91802
G1 X97.952 Y81.856 E10.93366
G1 X98.135 Y82.044 E10.94628
G1 X98.219 Y82.343 E10.96122
G1 X98.219 Y107.657 E12.17874
G1 X98.189 Y107.84 E12.18766
G1 X98.079 Y108.009 E12.19736
G1 X97.776 Y107.786 F7800
;TYPE:External perimeter
G1 F1800
G1 X97.771 Y107.799 E12.19803
G1 X97.64 Y107.85 E12.20479
G1 X72.326 Y107.85 E13.42231
G1 X72.188 Y107.792 E13.42951
G1 X72.133 Y107.657 E13.43652
G1 X72.133 Y82.343 E14.65404
G1 X72.195 Y82.201 E14.66149
G1 X72.326 Y82.15 E14.66825
G1 X97.64 Y82.15 E15.88577
G1 X97.792 Y82.224 E15.8939
G1 X97.833 Y82.343 E15.89995
G1 X97.833 Y107.657 E17.11747
G1 X97.801 Y107.731 E17.12135
G1 X97.417 Y107.844 F7800
G1 E15.12135 F2400
G92 E0
G1 X87.962 Y73.707 F7800
G1 E2 F2400
;TYPE:Perimeter
G1 F3600
G1 X90.261 Y74.156 E2.11266
G1 X92.522 Y74.863 E2.2266
G1 X94.692 Y75.815 E2.34057
G1 X96.744 Y76.999 E2.45451
G1 X98.652 Y78.402 E2.56842
G1 X100.395 Y80.007 E2.68238
G1 X101.951 Y81.793 E2.79631
G1 X103.301 Y83.74 E2.91026
G1 X104.429 Y85.823 E3.02419
G1 X105.32 Y88.018 E3.13813
G1 X105.965 Y90.298 E3.25209
G1 X106.355 Y92.635 E3.36605
G1 X106.473 Y94.783 E3.46952
G1 X106.473 Y95.217 E3.49039
G1 X106.355 Y97.365 E3.59386
G1 X105.965 Y99.702 E3.70782
G1 X105.32 Y101.982 E3.82178
G1 X104.429 Y104.177 E3.93572
G1 X103.301 Y106.26 E4.04965
G1 X101.951 Y108.207 E4.1636
G1 X100.395 Y109.993 E4.27753
G1 X98.652 Y111.598 E4.39149
G1 X96.744 Y113.001 E4.5054
G1 X94.692 Y114.185 E4.61934
G1 X92.522 Y115.137 E4.73331
G1 X90.261 Y115.844 E4.84725
G1 X87.936 Y116.298 E4.96119
G1 X85.575 Y116.494 E5.07514
G1 X83.207 Y116.429 E5.18908
G1 X80.861 Y116.103 E5.303
G1 X78.564 Y115.522 E5.41696
G1 X76.346 Y114.691 E5.53088
G1 X74.232 Y113.621 E5.64484
G1 X72.249 Y112.326 E5.75875
G1 X70.42 Y110.82 E5.8727
G1 X68.768 Y109.122 E5.98664
G1 X67.313 Y107.252 E6.1006
G1 X66.072 Y105.234 E6.21454
G1 X65.061 Y103.092 E6.32846
G1 X64.292 Y100.851 E6.44241
G1 X63.774 Y98.539 E6.55637
G1 X63.513 Y96.185 E6.67028
G1 X63.513 Y93.815 E6.78427
G1 X63.774 Y91.461 E6.89818
G1 X64.292 Y89.149 E7.01214
G1 X65.061 Y86.909 E7.12605
G1 X66.072 Y84.766 E7.24002
G1 X67.313 Y82.748 E7.35396
G1 X68.768 Y80.878 E7.46792
G1 X70.42 Y79.18 E7.58186
G1 X72.249 Y77.674 E7.69581
G1 X74.232 Y76.379 E7.80972
G1 X76.346 Y75.309 E7.92368
G1 X78.564 Y74.478 E8.0376
G1 X80.861 Y73.897 E8.15156
G1 X83.207 Y73.571 E8.26548
G1 X85.575 Y73.506 E8.37942
G1 X87.902 Y73.699 E8.49172
G1 X87.994 Y73.32 F7800
G1 F3600
G1 X90.356 Y73.781 E8.60747
G1 X92.658 Y74.501 E8.72348
G1 X94.866 Y75.47 E8.83945
G1 X96.955 Y76.676 E8.95546
G1 X98.898 Y78.104 E9.07144
G1 X100.672 Y79.737 E9.18741
G1 X102.256 Y81.556 E9.30342
G1 X103.63 Y83.538 E9.41941
G1 X104.778 Y85.659 E9.53541
G1 X105.685 Y87.893 E9.65138
G1 X106.342 Y90.213 E9.76735
G1 X106.739 Y92.592 E9.88335
G1 X106.858 Y94.762 E9.98788
G1 X106.858 Y95.238 E10.01077
G1 X106.739 Y97.408 E10.1153
G1 X106.342 Y99.787 E10.2313
G1 X105.685 Y102.107 E10.34727
G1 X104.778 Y104.341 E10.46324
G1 X103.63 Y106.462 E10.57924
G1 X102.256 Y108.444 E10.69523
G1 X100.672 Y110.263 E10.81124
G1 X98.898 Y111.896 E10.92721
G1 X96.955 Y113.324 E11.04319
G1 X94.866 Y114.53 E11.1592
G1 X92.658 Y115.499 E11.27517
G1 X90.356 Y116.219 E11.39118
G1 X87.989 Y116.681 E11.50717
G1 X85.586 Y116.88 E11.62314
G1 X83.175 Y116.814 E11.73914
G1 X80.787 Y116.482 E11.8551
G1 X78.449 Y115.89 E11.9711
G1 X76.19 Y115.045 E12.0871
G1 X74.039 Y113.956 E12.20306
G1 X72.02 Y112.637 E12.31905
G1 X70.158 Y111.104 E12.43505
G1 X68.477 Y109.375 E12.55103
G1 X66.995 Y107.472 E12.66704
G1 X65.733 Y105.418 E12.78299
G1 X64.703 Y103.237 E12.899
G1 X63.92 Y100.956 E13.01499
G1 X63.393 Y98.603 E13.13096
G1 X63.128 Y96.206 E13.24695
G1 X63.128 Y93.794 E13.36296
G1 X63.393 Y91.397 E13.47895
G1 X63.92 Y89.044 E13.59492
G1 X64.703 Y86.763 E13.71091
G1 X65.733 Y84.582 E13.82692
G1 X66.995 Y82.528 E13.94287
G1 X68.477 Y80.625 E14.05888
G1 X70.158 Y78.896 E14.17486
G1 X72.02 Y77.363 E14.29086
G1 X74.039 Y76.044 E14.40685
G1 X76.19 Y74.955 E14.52281
G1 X78.449 Y74.11 E14.63881
G1 X80.787 Y73.518 E14.75481
G1 X83.175 Y73.186 E14.87077
G1 X85.586 Y73.12 E14.98677
G1 X87.934 Y73.314 E15.10009
G1 X88.026 Y72.935 F7800
;TYPE:External perimeter
G1 F1800
G1 X88.042 Y72.936 E15.10086
G1 X90.451 Y73.407 E15.21892
G1 X92.793 Y74.14 E15.33695
G1 X95.041 Y75.125 E15.45499
G1 X97.166 Y76.352 E15.57301
G1 X99.143 Y77.806 E15.69104
G1 X100.949 Y79.468 E15.80909
G1 X102.561 Y81.319 E15.92714
G1 X103.959 Y83.335 E16.04514
G1 X105.127 Y85.494 E16.1632
G1 X106.051 Y87.767 E16.28121
G1 X106.718 Y90.129 E16.39926
G1 X107.122 Y92.55 E16.51731
G1 X107.243 Y94.741 E16.62285
G1 X107.243 Y95.259 E16.64776
G1 X107.122 Y97.45 E16.7533
G1 X106.718 Y99.871 E16.87135
G1 X106.051 Y102.233 E16.9894
G1 X105.127 Y104.506 E17.10741
G1 X103.959 Y106.665 E17.22547
G1 X102.561 Y108.681 E17.34347
G1 X100.949 Y110.532 E17.46152
G1 X99.143 Y112.194 E17.57957
G1 X97.166 Y113.648 E17.6976
G1 X95.041 Y114.875 E17.81562
G1 X92.793 Y115.86 E17.93366
G1 X90.451 Y116.593 E18.05169
G1 X88.042 Y117.064 E18.16975
G1 X85.597 Y117.266 E18.28775
G1 X83.144 Y117.199 E18.40577
G1 X80.713 Y116.861 E18.52382
G1 X78.334 Y116.259 E18.64185
G1 X76.035 Y115.399 E18.75991
G1 X73.846 Y114.29 E18.87793
G1 X71.791 Y112.948 E18.99598
G1 X69.897 Y111.388 E19.114
G1 X68.185 Y109.629 E19.23206
G1 X66.678 Y107.692 E19.3501
G1 X65.393 Y105.602 E19.4681
G1 X64.346 Y103.382 E19.58615
G1 X63.549 Y101.061 E19.70418
G1 X63.012 Y98.666 E19.82223
G1 X62.742 Y96.227 E19.94025
G1 X62.742 Y93.773 E20.05828
G1 X63.012 Y91.334 E20.1763
G1 X63.549 Y88.939 E20.29435
G1 X64.346 Y86.618 E20.41238
G1 X65.393 Y84.398 E20.53043
G1 X66.678 Y82.308 E20.64843
G1 X68.185 Y80.371 E20.76647
G1 X69.897 Y78.612 E20.88453
G1 X71.791 Y77.052 E21.00255
G1 X73.846 Y75.71 E21.1206
G1 X76.035 Y74.601 E21.23862
G1 X78.334 Y73.741 E21.35668
G1 X80.713 Y73.139 E21.47471
G1 X83.144 Y72.801 E21.59276
G1 X85.597 Y72.734 E21.71078
G1 X87.966 Y72.93 E21.82511
G1 X88.36 Y73 F7800
G1 X88.136 Y74.035
;TYPE:Internal infill
;WIDTH:0.45
G1 F4200
G1 X85.833 Y73.818 E21.93637
G1 X73.707 Y77.067 E22.54016
G1 X72.42 Y77.908 E22.6141
G1 X71.821 Y78.401 E22.65141
G1 E20.65141 F2400
G92 E0
G1 X76.742 Y75.469 F7800
G1 E2 F2400
G1 F4200
G1 X74.664 Y76.484 E2.11123
G1 X79.27 Y81.09 E2.42452
G1 X81.043 Y81.09 E2.5098
G1 X96.211 Y77.025 E3.26507
G1 X95.859 Y76.822 E3.28461
G1 X94.716 Y81.09 E3.49712
G1 X95.63 Y81.09 E3.54108
G1 X88.683 Y74.142 E4.01364
G1 X90.485 Y74.529 E4.10229
G1 X88.727 Y81.09 E4.42898
G1 X87.45 Y81.09 E4.4904
G1 X80.617 Y74.257 E4.95517
G1 X78.425 Y74.839 E5.06425
G1 X76.751 Y81.09 E5.3755
G1 X72.315 Y81.09 E5.58886
G1 X71.815 Y81.197 E5.61345
G1 X71.451 Y81.451 E5.6348
G1 X70.013 Y80.013 E5.73261
G1 X70.616 Y79.393 E5.77421
G1 X71.387 Y78.759 E5.82222
G1 X65.086 Y102.273 E6.99306
G1 X65.448 Y103.233 E7.04241
G1 X71.072 Y101.726 E7.32245
G1 X71.072 Y102.281 E7.34914
G1 X69.225 Y109.176 E7.69246
G1 X68.563 Y108.387 E7.742
G1 X71.077 Y107.713 E7.86718
G1 X71.072 Y105.613 E7.96818
G1 X64.091 Y98.632 E8.44302
G1 X63.966 Y97.642 E8.49101
G1 X71.072 Y95.738 E8.84484
G1 X71.072 Y97.433 E8.92636
G1 X64.259 Y90.619 E9.38981
G1 X64.046 Y91.632 E9.4396
G1 X71.072 Y89.749 E9.78945
G1 X71.072 Y89.253 E9.81331
G1 X66.478 Y84.658 E10.12582
G1 X66.257 Y85.051 E10.14751
G1 X71.072 Y83.761 E10.38726
G1 X71.072 Y86.075 E10.49856
G1 E8.49856 F2400
G92 E0
G1 X85.053 Y81.09 F7800
G1 E2 F2400
G1 F4200
G1 X82.739 Y81.09 E2.1113
G1 X84.687 Y73.82 E2.4733
G1 E.4733 F2400
G92 E0
G1 X98.893 Y103.934 F7800
G1 E2 F2400
G1 F4200
G1 X98.893 Y106.248 E2.1113
G1 X103.672 Y104.968 E2.34926
G1 X103.488 Y105.308 E2.36785
G1 X98.893 Y100.713 E2.6804
G1 X98.893 Y100.26 E2.70219
G1 X105.891 Y98.385 E3.05064
G1 X105.727 Y99.367 E3.09852
G1 X98.893 Y92.533 E3.56336
G1 X98.893 Y94.271 E3.64695
G1 X106.016 Y92.363 E4.00162
G1 X105.838 Y91.298 E4.05355
G1 X98.893 Y84.353 E4.52594
G1 X98.887 Y82.296 E4.62488
G1 X101.416 Y81.619 E4.7508
G1 X100.763 Y80.869 E4.79863
G1 X98.893 Y87.847 E5.14609
G1 X98.893 Y88.283 E5.16706
G1 X104.505 Y86.78 E5.44649
G1 X104.904 Y87.763 E5.49752
G1 X98.613 Y111.241 E6.66657
G1 X99.981 Y109.981 E6.75602
G1 X98.532 Y108.532 E6.85458
G1 X98.338 Y108.699 E6.86689
G1 X97.995 Y108.86 E6.88511
G1 X97.647 Y108.91 E6.90202
G1 X93.249 Y108.91 E7.11355
G1 X91.583 Y115.128 E7.42316
G1 X90.19 Y115.563 E7.49335
G1 X89.364 Y115.725 E7.53383
G1 X82.55 Y108.91 E7.99734
G1 X81.273 Y108.91 E8.05876
G1 X79.517 Y115.465 E8.38515
G1 X81.337 Y115.877 E8.4749
G1 X74.37 Y108.91 E8.94879
G1 X75.284 Y108.91 E8.99275
G1 X74.132 Y113.211 E9.20691
G1 X73.776 Y112.978 E9.22737
G1 X88.957 Y108.91 E9.98328
G1 X90.73 Y108.91 E10.06856
G1 X95.313 Y113.493 E10.38029
G1 E8.38029 F2400
G92 E0
G1 X98.159 Y111.601 F7800
G1 E2 F2400
G1 F4200
G1 X96.273 Y112.939 E2.11122
G1 X84.223 Y116.167 E2.71122
G1 X83.231 Y116.14 E2.75895
G1 X81.922 Y115.959 E2.82251
G1 E.82251 F2400
G92 E0
G1 X87.615 Y116.035 F7800
G1 E2 F2400
G1 F4200
G1 X85.309 Y116.197 E2.11118
G1 X87.261 Y108.91 E2.47402
G1 X84.947 Y108.91 E2.58532
;LAYER_CHANGE
;Z:13.85
;HEIGHT:0.3
G1 E.58532 F2400
G92 E0
G1 Z13.85 F7800
G1 X98.313 Y108.33
G1 E2 F2400
;TYPE:Perimeter
;WIDTH:0.45
G1 F3600
G1 X98.161 Y108.469 E2.00991
G1 X97.912 Y108.582 E2.02306
G1 X97.584 Y108.621 E2.03895
G1 X72.326 Y108.621 E3.25377
G1 X71.929 Y108.536 E3.2733
G1 X71.635 Y108.329 E3.29059
G1 X71.481 Y108.122 E3.303
G1 X71.38 Y107.843 E3.31727
G1 X71.362 Y107.657 E3.32626
G1 X71.362 Y82.343 E4.54378
G1 X71.38 Y82.157 E4.55277
G1 X71.529 Y81.8 E4.57138
G1 X71.761 Y81.561 E4.5874
G1 X71.929 Y81.464 E4.59673
G1 X72.326 Y81.379 E4.61626
G1 X97.64 Y81.379 E5.83378
G1 X97.912 Y81.418 E5.847
G1 X98.293 Y81.634 E5.86806
G1 X98.466 Y81.845 E5.88118
G1 X98.555 Y82.039 E5.89145
G1 X98.604 Y82.343 E5.90626
G1 X98.604 Y107.657 E7.12378
G1 X98.555 Y107.961 E7.13859
G1 X98.4 Y108.251 E7.15441
G1 X98.357 Y108.29 E7.1572
G1 X98.047 Y108.06 F7800
G1 F3600
G1 X98.032 Y108.083 E7.15852
G1 X97.804 Y108.212 E7.17112
G1 X97.584 Y108.236 E7.18176
G1 X72.326 Y108.236 E8.39658
G1 X71.987 Y108.126 E8.41372
G1 X71.819 Y107.936 E8.42592
G1 X71.747 Y107.657 E8.43978
G1 X71.747 Y82.343 E9.6573
G1 X71.819 Y82.064 E9.67116
G1 X71.987 Y81.874 E9.68336
G1 X72.326 Y81.764 E9.7005
G1 X97.64 Y81.764 E10.91802
G1 X97.952 Y81.856 E10.93366
G1 X98.135 Y82.044 E10.94628
G1 X98.219 Y82.343 E10.96122
G1 X98.219 Y107.657 E12.17874
G1 X98.189 Y107.84 E12.18766
G1 X98.079 Y108.009 E12.19736
G1 X97.776 Y107.786 F7800
;TYPE:External perimeter
G1 F1800
G1 X97.771 Y107.799 E12.19803
G1 X97.64 Y107.85 E12.20479
G1 X72.326 Y107.85 E13.42231
G1 X72.188 Y107.792 E13.42951
G1 X72.133 Y107.657 E13.43652
G1 X72.133 Y82.343 E14.65404
G1 X72.195 Y82.201 E14.66149
G1 X72.326 Y82.15 E14.66825
G1 X97.64 Y82.15 E15.88577
G1 X97.792 Y82.224 E15.8939
G1 X97.833 Y82.343 E15.89995
G1 X97.833 Y107.657 E17.11747
G1 X97.801 Y107.731 E17.12135
G1 X97.417 Y107.844 F7800
G1 E15.12135 F2400
G92 E0
G1 X87.962 Y73.707 F7800
G1 E2 F2400
;TYPE:Perimeter
G1 F3600
G1 X90.261 Y74.156 E2.11266
G1 X92.522 Y74.863 E2.2266
G1 X94.692 Y75.815 E2.34057
G1 X96.744 Y76.999 E2.45451
G1 X98.652 Y78.402 E2.56842
G1 X100.395 Y80.007 E2.68238
G1 X101.951 Y81.793 E2.79631
G1 X103.301 Y83.74 E2.91026
G1 X104.429 Y85.823 E3.02419
G1 X105.32 Y88.018 E3.13813
G1 X105.965 Y90.298 E3.25209
G1 X106.355 Y92.635 E3.36605
G1 X106.473 Y94.783 E3.46952
G1 X106.473 Y95.217 E3.49039
G1 X106.355 Y97.365 E3.59386
G1 X105.965 Y99.702 E3.70782
G1 X105.32 Y101.982 E3.82178
G1 X104.429 Y104.177 E3.93572
G1 X103.301 Y106.26 E4.04965
G1 X101.951 Y108.207 E4.1636
G1 X100.395 Y109.993 E4.27753
G1 X98.652 Y111.598 E4.39149
G1 X96.744 Y113.001 E4.5054
G1 X94.692 Y114.185 E4.61934
G1 X92.522 Y115.137 E4.73331
G1 X90.261 Y115.844 E4.84725
G1 X87.936 Y116.298 E4.96119
G1 X85.575 Y116.494 E5.07514
G1 X83.207 Y116.429 E5.18908
G1 X80.861 Y116.103 E5.303
G1 X78.564 Y115.522 E5.41696
G1 X76.346 Y114.691 E5.53088
G1 X74.232 Y113.621 E5.64484
G1 X72.249 Y112.326 E5.75875
G1 X70.42 Y110.82 E5.8727
G1 X68.768 Y109.122 E5.98664
G1 X67.313 Y107.252 E6.1006
G1 X66.072 Y105.234 E6.21454
G1 X65.061 Y103.092 E6.32846
G1 X64.292 Y100.851 E6.44241
G1 X63.774 Y98.539 E6.55637
G1 X63.513 Y96.185 E6.67028
G1 X63.513 Y93.815 E6.78427
G1 X63.774 Y91.461 E6.89818
G1 X64.292 Y89.149 E7.01214
G1 X65.061 Y86.909 E7.12605
G1 X66.072 Y84.766 E7.24002
G1 X67.313 Y82.748 E7.35396
G1 X68.768 Y80.878 E7.46792
G1 X70.42 Y79.18 E7.58186
G1 X72.249 Y77.674 E7.69581
G1 X74.232 Y76.379 E7.80972
G1 X76.346 Y75.309 E7.92368
G1 X78.564 Y74.478 E8.0376
G1 X80.861 Y73.897 E8.15156
G1 X83.207 Y73.571 E8.26548
G1 X85.575 Y73.506 E8.37942
G1 X87.902 Y73.699 E8.49172
G1 X87.994 Y73.32 F7800
G1 F3600
G1 X90.356 Y73.781 E8.60747
G1 X92.658 Y74.501 E8.72348
G1 X94.866 Y75.47 E8.83945
G1 X96.955 Y76.676 E8.95546
G1 X98.898 Y78.104 E9.07144
G1 X100.672 Y79.737 E9.18741
G1 X102.256 Y81.556 E9.30342
G1 X103.63 Y83.538 E9.41941
G1 X104.778 Y85.659 E9.53541
G1 X105.685 Y87.893 E9.65138
G1 X106.342 Y90.213 E9.76735
G1 X106.739 Y92.592 E9.88335
G1 X106.858 Y94.762 E9.98788
G1 X106.858 Y95.238 E10.01077
G1 X106.739 Y97.408 E10.1153
G1 X106.342 Y99.787 E10.2313
G1 X105.685 Y102.107 E10.34727
G1 X104.778 Y104.341 E10.46324
G1 X103.63 Y106.462 E10.57924
G1 X102.256 Y108.444 E10.69523
G1 X100.672 Y110.263 E10.81124
G1 X98.898 Y111.896 E10.92721
G1 X96.955 Y113.324 E11.04319
G1 X94.866 Y114.53 E11.1592
G1 X92.658 Y115.499 E11.27517
G1 X90.356 Y116.219 E11.39118
G1 X87.989 Y116.681 E11.50717
G1 X85.586 Y116.88 E11.62314
G1 X83.175 Y116.814 E11.73914
G1 X80.787 Y116.482 E11.8551
G1 X78.449 Y115.89 E11.9711
G1 X76.19 Y115.045 E12.0871
G1 X74.039 Y113.956 E12.20306
G1 X72.02 Y112.637 E12.31905
G1 X70.158 Y111.104 E12.43505
G1 X68.477 Y109.375 E12.55103
G1 X66.995 Y107.472 E12.66704
G1 X65.733 Y105.418 E12.78299
G1 X64.703 Y103.237 E12.899
G1 X63.92 Y100.956 E13.01499
G1 X63.393 Y98.603 E13.13096
G1 X63.128 Y96.206 E13.24695
G1 X63.128 Y93.794 E13.36296
G1 X63.393 Y91.397 E13.47895
G1 X63.92 Y89.044 E13.59492
G1 X64.703 Y86.763 E13.71091
G1 X65.733 Y84.582 E13.82692
G1 X66.995 Y82.528 E13.94287
G1 X68.477 Y80.625 E14.05888
G1 X70.158 Y78.896 E14.17486
G1 X72.02 Y77.363 E14.29086
G1 X74.039 Y76.044 E14.40685
G1 X76.19 Y74.955 E14.52281
G1 X78.449 Y74.11 E14.63881
G1 X80.787 Y73.518 E14.75481
G1 X83.175 Y73.186 E14.87077
G1 X85.586 Y73.12 E14.98677
G1 X87.934 Y73.314 E15.10009
G1 X88.026 Y72.935 F7800
;TYPE:External perimeter
G1 F1800
G1 X88.042 Y72.936 E15.10086
G1 X90.451 Y73.407 E15.21892
G1 X92.793 Y74.14 E15.33695
G1 X95.041 Y75.125 E15.45499
G1 X97.166 Y76.352 E15.57301
G1 X99.143 Y77.806 E15.69104
G1 X100.949 Y79.468 E15.80909
G1 X102.561 Y81.319 E15.92714
G1 X103.959 Y83.335 E16.04514
G1 X105.127 Y85.494 E16.1632
G1 X106.051 Y87.767 E16.28121
G1 X106.718 Y90.129 E16.39926
G1 X107.122 Y92.55 E16.51731
G1 X107.243 Y94.741 E16.62285
G1 X107.243 Y95.259 E16.64776
G1 X107.122 Y97.45 E16.7533
G1 X106.718 Y99.871 E16.87135
G1 X106.051 Y102.233 E16.9894
G1 X105.127 Y104.506 E17.10741
G1 X103.959 Y106.665 E17.22547
G1 X102.561 Y108.681 E17.34347
G1 X100.949 Y110.532 E17.46152
G1 X99.143 Y112.194 E17.57957
G1 X97.166 Y113.648 E17.6976
G1 X95.041 Y114.875 E17.81562
G1 X92.793 Y115.86 E17.93366
G1 X90.451 Y116.593 E18.05169
G1 X88.042 Y117.064 E18.16975
G1 X85.597 Y117.266 E18.28775
G1 X83.144 Y117.199 E18.40577
G1 X80.713 Y116.861 E18.52382
G1 X78.334 Y116.259 E18.64185
G1 X76.035 Y115.399 E18.75991
G1 X73.846 Y114.29 E18.87793
G1 X71.791 Y112.948 E18.99598
G1 X69.897 Y111.388 E19.114
G1 X68.185 Y109.629 E19.23206
G1 X66.678 Y107.692 E19.3501
G1 X65.393 Y105.602 E19.4681
G1 X64.346 Y103.382 E19.58615
G1 X63.549 Y101.061 E19.70418
G1 X63.012 Y98.666 E19.82223
G1 X62.742 Y96.227 E19.94025
G1 X62.742 Y93.773 E20.05828
G1 X63.012 Y91.334 E20.1763
G1 X63.549 Y88.939 E20.29435
G1 X64.346 Y86.618 E20.41238
G1 X65.393 Y84.398 E20.53043
G1 X66.678 Y82.308 E20.64843
G1 X68.185 Y80.371 E20.76647
G1 X69.897 Y78.612 E20.88453
G1 X71.791 Y77.052 E21.00255
G1 X73.846 Y75.71 E21.1206
G1 X76.035 Y74.601 E21.23862
G1 X78.334 Y73.741 E21.35668
G1 X80.713 Y73.139 E21.47471
G1 X83.144 Y72.801 E21.59276
G1 X85.597 Y72.734 E21.71078
G1 X87.966 Y72.93 E21.82511
G1 X88.36 Y73 F7800
G1 E19.82511 F2400
G92 E0
G1 X85.557 Y73.796 F7800
G1 E2 F2400
;TYPE:Solid infill
;WIDTH:0.450031
G1 F3000
G1 X87.886 Y73.988 E2.11241
G1 X90.2 Y74.44 E2.22582
G1 X92.411 Y75.131 E2.33724
G1 X94.551 Y76.069 E2.44963
G1 X96.576 Y77.236 E2.56205
G1 X98.476 Y78.633 E2.67549
G1 X100.195 Y80.217 E2.78793
G1 X101.716 Y81.963 E2.89931
G1 X103.048 Y83.883 E3.01171
G1 X104.171 Y85.957 E3.12516
G1 X105.042 Y88.102 E3.23652
G1 X105.679 Y90.351 E3.34895
G1 X106.065 Y92.656 E3.46137
G1 X106.195 Y94.989 E3.57376
G1 X106.065 Y97.344 E3.68721
G1 X105.684 Y99.628 E3.79859
G1 X105.049 Y101.877 E3.911
G1 X104.162 Y104.062 E4.02443
G1 X103.048 Y106.117 E4.13687
G1 X101.729 Y108.02 E4.24824
G1 X100.195 Y109.783 E4.36065
;WIDTH:0.450321
G1 X100.18 Y109.799 E4.36171
;WIDTH:0.450029
G1 X98.46 Y111.381 E4.47412
G1 X96.576 Y112.764 E4.58654
G1 X94.57 Y113.922 E4.69795
G1 X92.431 Y114.862 E4.81033
G1 X90.2 Y115.56 E4.92277
G1 X87.907 Y116.01 E5.03517
G1 X85.578 Y116.204 E5.14758
G1 X83.242 Y116.14 E5.25998
G1 X80.927 Y115.821 E5.37238
G1 X78.661 Y115.248 E5.48481
G1 X76.472 Y114.43 E5.59721
G1 X74.386 Y113.375 E5.70965
G1 X72.412 Y112.086 E5.82305
G1 X70.609 Y110.599 E5.93546
G1 X68.98 Y108.923 E6.04788
G1 X67.557 Y107.096 E6.15927
G1 X66.333 Y105.105 E6.27169
G1 X65.334 Y102.992 E6.38411
G1 X64.568 Y100.762 E6.49752
G1 X64.058 Y98.481 E6.60995
G1 X63.803 Y96.158 E6.72236
G1 X63.804 Y93.821 E6.83477
G1 X64.062 Y91.498 E6.94719
G1 X64.568 Y89.238 E7.05859
G1 X65.326 Y87.028 E7.17097
G1 X66.322 Y84.914 E7.28337
G1 X67.545 Y82.922 E7.3958
G1 X68.98 Y81.077 E7.50823
G1 X70.624 Y79.387 E7.62164
G1 X72.429 Y77.902 E7.73407
G1 X74.386 Y76.625 E7.84647
G1 X76.472 Y75.57 E7.95891
G1 X78.661 Y74.752 E8.07131
G1 X80.927 Y74.179 E8.18374
G1 X83.221 Y73.861 E8.29514
G1 X85.364 Y73.801 E8.39826
G1 E6.39826 F2400
G92 E0
G1 X78.694 Y75.15 F7800
G1 E2 F2400
;TYPE:Internal infill
;WIDTH:0.45
G1 F4200
G1 X80.934 Y74.574 E2.11124
G1 X87.064 Y80.704 E2.5282
G1 X88.831 Y80.704 E2.61319
G1 X90.385 Y74.902 E2.90208
G1 X89.171 Y74.63 E2.96192
G1 X95.245 Y80.704 E3.37507
G1 X94.819 Y80.704 E3.39556
G1 X95.756 Y77.208 E3.56964
G1 X95.684 Y77.166 E3.57365
G1 X82.482 Y80.704 E4.23103
G1 X82.842 Y80.704 E4.24834
G1 X84.583 Y74.208 E4.5718
G1 X84.351 Y74.215 E4.58296
G1 X74.951 Y76.771 E5.05148
G1 X78.884 Y80.704 E5.319
G1 X76.854 Y80.704 E5.41664
G1 X78.303 Y75.297 E5.68587
G1 X76.45 Y76.013 E5.78141
G1 E3.78141 F2400
G92 E0
G1 X73.366 Y80.704 F7800
G1 E2 F2400
G1 F4200
G1 X72.274 Y80.704 E2.05252
G1 X71.674 Y80.833 E2.08204
G1 X71.177 Y81.177 E2.11111
G1 X70.286 Y80.286 E2.17171
G1 X71.215 Y79.4 E2.23345
G1 X65.265 Y101.606 E3.33916
G1 X65.826 Y103.132 E3.41736
G1 X70.687 Y101.829 E3.65941
G1 X70.687 Y103.72 E3.75036
G1 X69.341 Y108.743 E4.00047
G1 X68.967 Y108.279 E4.02913
G1 X70.7 Y107.814 E4.11543
G1 X70.687 Y105.228 E4.23981
G1 X64.6 Y99.141 E4.65384
G1 X64.441 Y98.428 E4.68898
G1 X64.342 Y97.541 E4.73191
G1 X70.687 Y95.841 E5.04785
G1 X70.687 Y97.047 E5.10585
G1 X64.582 Y90.942 E5.52111
G1 X64.451 Y91.523 E5.54976
G1 X70.687 Y89.853 E5.86026
G1 X70.687 Y88.867 E5.90768
G1 X66.774 Y84.913 E6.17524
G1 X70.687 Y83.864 E6.37009
G1 X70.687 Y86.178 E6.48139
G1 E4.48139 F2400
G92 E0
G1 X72.336 Y81.09 F7800
G1 E2 F2400
;TYPE:Solid infill
;WIDTH:0.450031
G1 F3000
G1 X97.633 Y81.09 E3.2168
G1 X97.967 Y81.136 E3.23302
G1 X98.295 Y81.277 E3.25019
G1 X98.474 Y81.409 E3.26089
G1 X98.698 Y81.675 E3.27762
G1 X98.82 Y81.926 E3.29104
G1 X98.893 Y82.351 E3.31178
G1 X98.893 Y107.649 E4.52862
G1 X98.836 Y108.022 E4.54677
;WIDTH:0.450723
G1 X98.634 Y108.419 E4.56823
G1 X98.365 Y108.672 E4.58602
;WIDTH:0.449453
G1 X98.022 Y108.848 E4.60454
;WIDTH:0.450031
G1 X97.633 Y108.91 E4.62349
G1 X72.336 Y108.91 E5.84029
G1 X71.845 Y108.809 E5.8644
G1 X71.613 Y108.674 E5.87731
;WIDTH:0.435853
G1 X71.314 Y108.381 E5.89671
;WIDTH:0.450209
G1 X71.107 Y107.932 E5.9205
G1 X71.072 Y107.653 E5.93403
;WIDTH:0.450029
G1 X71.072 Y82.347 E7.15125
G1 X71.093 Y82.123 E7.16207
G1 X71.222 Y81.762 E7.18051
;WIDTH:0.448207
G1 X71.459 Y81.442 E7.19957
;WIDTH:0.450035
G1 X71.845 Y81.191 E7.22172
G1 X72.147 Y81.128 E7.23656
G1 E5.23656 F2400
G92 E0
G1 X99.279 Y103.831 F7800
G1 E2 F2400
;TYPE:Internal infill
;WIDTH:0.45
G1 F4200
G1 X99.279 Y106.145 E2.1113
G1 X103.159 Y105.105 E2.3045
G1 X103.203 Y105.023 E2.30898
G1 X99.279 Y101.099 E2.57589
G1 X99.279 Y100.156 E2.62125
G1 X105.482 Y98.494 E2.93012
G1 X105.392 Y99.032 E2.95636
G1 X99.279 Y92.919 E3.37216
G1 X99.279 Y94.168 E3.43223
G1 X105.642 Y92.463 E3.74906
G1 X105.369 Y90.828 E3.82879
G1 X99.279 Y84.738 E4.24302
G1 X99.262 Y82.196 E4.36528
G1 X101.001 Y81.73 E4.45187
G1 X100.643 Y81.318 E4.47812
G1 X99.279 Y86.408 E4.73157
G1 X99.279 Y88.18 E4.8168
G1 X104.129 Y86.88 E5.0583
G1 X104.73 Y88.412 E5.13745
G1 X98.8 Y110.545 E6.23952
G1 X99.708 Y109.708 E6.29892
G1 X98.805 Y108.805 E6.36034
G1 X98.531 Y109.034 E6.37752
G1 X98.104 Y109.234 E6.4002
G1 X97.675 Y109.296 E6.42105
G1 X96.624 Y109.296 E6.4716
G1 E4.4716 F2400
G92 E0
G1 X93.326 Y114.047 F7800
G1 E2 F2400
G1 F4200
G1 X92.285 Y114.504 E2.05468
G1 X91.702 Y114.687 E2.08407
G1 X93.146 Y109.296 E2.3525
G1 X91.116 Y109.296 E2.45014
G1 X95.031 Y113.211 E2.71643
G1 X94.834 Y113.324 E2.72735
G1 X85.528 Y115.818 E3.19073
G1 X85.411 Y115.814 E3.19636
G1 X87.158 Y109.296 E3.52092
G1 X87.518 Y109.296 E3.53823
G1 X74.276 Y112.844 E4.19759
G1 X74.237 Y112.819 E4.19982
G1 X75.181 Y109.296 E4.37524
G1 X74.755 Y109.296 E4.39573
G1 X80.869 Y115.409 E4.81156
G1 X79.616 Y115.092 E4.87372
G1 X81.169 Y109.296 E5.16232
G1 X82.936 Y109.296 E5.24731
G1 X89.036 Y115.396 E5.66222
G1 X90.095 Y115.189 E5.71412
G1 X91.273 Y114.821 E5.77348
;LAYER_CHANGE
;Z:14.15
;HEIGHT:0.299999
G1 E3.77348 F2400
G92 E0
G1 Z14.15 F7800
G1 X98.313 Y108.33
G1 E2 F2400
;TYPE:Perimeter
;WIDTH:0.45
G1 F3600
G1 X98.161 Y108.469 E2.00991
G1 X97.912 Y108.582 E2.02306
G1 X97.584 Y108.621 E2.03895
G1 X72.326 Y108.621 E3.25377
G1 X71.929 Y108.536 E3.2733
G1 X71.635 Y108.329 E3.29059
G1 X71.481 Y108.122 E3.303
G1 X71.38 Y107.843 E3.31727
G1 X71.362 Y107.657 E3.32626
G1 X71.362 Y82.343 E4.54378
G1 X71.38 Y82.157 E4.55277
G1 X71.529 Y81.8 E4.57138
G1 X71.761 Y81.561 E4.5874
G1 X71.929 Y81.464 E4.59673
G1 X72.326 Y81.379 E4.61626
G1 X97.64 Y81.379 E5.83378
G1 X97.912 Y81.418 E5.847
G1 X98.293 Y81.634 E5.86806
G1 X98.466 Y81.845 E5.88118
G1 X98.555 Y82.039 E5.89145
G1 X98.604 Y82.343 E5.90626
G1 X98.604 Y107.657 E7.12378
G1 X98.555 Y107.961 E7.13859
G1 X98.4 Y108.251 E7.15441
G1 X98.357 Y108.29 E7.1572
G1 X98.047 Y108.06 F7800
G1 F3600
G1 X98.032 Y108.083 E7.15852
G1 X97.804 Y108.212 E7.17112
G1 X97.584 Y108.236 E7.18176
G1 X72.326 Y108.236 E8.39658
G1 X71.987 Y108.126 E8.41372
G1 X71.819 Y107.936 E8.42592
G1 X71.747 Y107.657 E8.43978
G1 X71.747 Y82.343 E9.6573
G1 X71.819 Y82.064 E9.67116
G1 X71.987 Y81.874 E9.68336
G1 X72.326 Y81.764 E9.7005
G1 X97.64 Y81.764 E10.91802
G1 X97.952 Y81.856 E10.93366
G1 X98.135 Y82.044 E10.94628
G1 X98.219 Y82.343 E10.96122
G1 X98.219 Y107.657 E12.17874
G1 X98.189 Y107.84 E12.18766
G1 X98.079 Y108.009 E12.19736
G1 X97.776 Y107.786 F7800
;TYPE:External perimeter
G1 F1800
G1 X97.771 Y107.799 E12.19803
G1 X97.64 Y107.85 E12.20479
G1 X72.326 Y107.85 E13.42231
G1 X72.188 Y107.792 E13.42951
G1 X72.133 Y107.657 E13.43652
G1 X72.133 Y82.343 E14.65404
G1 X72.195 Y82.201 E14.66149
G1 X72.326 Y82.15 E14.66825
G1 X97.64 Y82.15 E15.88577
G1 X97.792 Y82.224 E15.8939
G1 X97.833 Y82.343 E15.89995
G1 X97.833 Y107.657 E17.11747
G1 X97.801 Y107.731 E17.12135
G1 X97.417 Y107.844 F7800
G1 E15.12135 F2400
G92 E0
G1 X87.962 Y73.707 F7800
G1 E2 F2400
;TYPE:Perimeter
G1 F3600
G1 X90.261 Y74.156 E2.11266
G1 X92.522 Y74.863 E2.2266
G1 X94.692 Y75.815 E2.34057
G1 X96.744 Y76.999 E2.45451
G1 X98.652 Y78.402 E2.56842
G1 X100.395 Y80.007 E2.68238
G1 X101.951 Y81.793 E2.79631
G1 X103.301 Y83.74 E2.91026
G1 X104.429 Y85.823 E3.02419
G1 X105.32 Y88.018 E3.13813
G1 X105.965 Y90.298 E3.25209
G1 X106.355 Y92.635 E3.36605
G1 X106.473 Y94.783 E3.46952
G1 X106.473 Y95.217 E3.49039
G1 X106.355 Y97.365 E3.59386
G1 X105.965 Y99.702 E3.70782
G1 X105.32 Y101.982 E3.82178
G1 X104.429 Y104.177 E3.93572
G1 X103.301 Y106.26 E4.04965
G1 X101.951 Y108.207 E4.1636
G1 X100.395 Y109.993 E4.27753
G1 X98.652 Y111.598 E4.39149
G1 X96.744 Y113.001 E4.5054
G1 X94.692 Y114.185 E4.61934
G1 X92.522 Y115.137 E4.73331
G1 X90.261 Y115.844 E4.84725
G1 X87.936 Y116.298 E4.96119
G1 X85.575 Y116.494 E5.07514
G1 X83.207 Y116.429 E5.18908
G1 X80.861 Y116.103 E5.303
G1 X78.564 Y115.522 E5.41696
G1 X76.346 Y114.691 E5.53088
G1 X74.232 Y113.621 E5.64484
G1 X72.249 Y112.326 E5.75875
G1 X70.42 Y110.82 E5.8727
G1 X68.768 Y109.122 E5.98664
G1 X67.313 Y107.252 E6.1006
G1 X66.072 Y105.234 E6.21454
G1 X65.061 Y103.091 E6.32851
G1 X64.292 Y100.851 E6.44242
G1 X63.774 Y98.539 E6.55638
G1 X63.513 Y96.185 E6.67029
G1 X63.513 Y93.815 E6.78428
G1 X63.774 Y91.461 E6.89819
G1 X64.292 Y89.149 E7.01215
G1 X65.061 Y86.909 E7.12606
G1 X66.072 Y84.766 E7.24003
G1 X67.313 Y82.748 E7.35397
G1 X68.768 Y80.878 E7.46793
G1 X70.42 Y79.18 E7.58187
G1 X72.249 Y77.674 E7.69582
G1 X74.232 Y76.379 E7.80973
G1 X76.346 Y75.309 E7.92369
G1 X78.564 Y74.478 E8.03761
G1 X80.861 Y73.897 E8.15157
G1 X83.207 Y73.571 E8.26549
G1 X85.575 Y73.506 E8.37943
G1 X87.902 Y73.699 E8.49173
G1 X87.994 Y73.32 F7800
G1 F3600
G1 X90.356 Y73.781 E8.60748
G1 X92.658 Y74.501 E8.72349
G1 X94.866 Y75.47 E8.83946
G1 X96.955 Y76.676 E8.95547
G1 X98.898 Y78.104 E9.07145
G1 X100.672 Y79.737 E9.18742
G1 X102.256 Y81.556 E9.30343
G1 X103.63 Y83.538 E9.41942
G1 X104.778 Y85.659 E9.53542
G1 X105.685 Y87.893 E9.65139
G1 X106.342 Y90.213 E9.76736
G1 X106.739 Y92.592 E9.88336
G1 X106.858 Y94.762 E9.98789
G1 X106.858 Y95.238 E10.01078
G1 X106.739 Y97.408 E10.11531
G1 X106.342 Y99.787 E10.23131
G1 X105.685 Y102.107 E10.34728
G1 X104.778 Y104.341 E10.46325
G1 X103.63 Y106.462 E10.57925
G1 X102.256 Y108.444 E10.69524
G1 X100.672 Y110.263 E10.81125
G1 X98.898 Y111.896 E10.92722
G1 X96.955 Y113.324 E11.0432
G1 X94.866 Y114.53 E11.15921
G1 X92.658 Y115.499 E11.27518
G1 X90.356 Y116.219 E11.39119
G1 X87.989 Y116.681 E11.50718
G1 X85.586 Y116.88 E11.62315
G1 X83.175 Y116.814 E11.73915
G1 X80.787 Y116.482 E11.85511
G1 X78.449 Y115.89 E11.97111
G1 X76.19 Y115.045 E12.08711
G1 X74.039 Y113.956 E12.20307
G1 X72.02 Y112.637 E12.31906
G1 X70.158 Y111.104 E12.43506
G1 X68.477 Y109.375 E12.55104
G1 X66.995 Y107.472 E12.66705
G1 X65.733 Y105.418 E12.783
G1 X64.703 Y103.237 E12.89901
G1 X63.92 Y100.956 E13.015
G1 X63.393 Y98.603 E13.13097
G1 X63.128 Y96.206 E13.24696
G1 X63.128 Y93.794 E13.36297
G1 X63.393 Y91.397 E13.47896
G1 X63.92 Y89.044 E13.59493
G1 X64.703 Y86.763 E13.71092
G1 X65.733 Y84.582 E13.82693
G1 X66.995 Y82.528 E13.94288
G1 X68.477 Y80.625 E14.05889
G1 X70.158 Y78.896 E14.17487
G1 X72.02 Y77.363 E14.29087
G1 X74.039 Y76.044 E14.40686
G1 X76.19 Y74.955 E14.52282
G1 X78.449 Y74.11 E14.63882
G1 X80.787 Y73.518 E14.75482
G1 X83.175 Y73.186 E14.87078
G1 X85.586 Y73.12 E14.98678
G1 X87.934 Y73.314 E15.1001
G1 X88.026 Y72.935 F7800
;TYPE:External perimeter
G1 F1800
G1 X88.042 Y72.936 E15.10087
G1 X90.451 Y73.407 E15.21893
G1 X92.793 Y74.14 E15.33696
G1 X95.041 Y75.125 E15.455
G1 X97.166 Y76.352 E15.57302
G1 X99.143 Y77.806 E15.69105
G1 X100.949 Y79.468 E15.8091
G1 X102.561 Y81.319 E15.92715
G1 X103.959 Y83.335 E16.04515
G1 X105.127 Y85.494 E16.16321
G1 X106.051 Y87.767 E16.28122
G1 X106.718 Y90.129 E16.39927
G1 X107.122 Y92.55 E16.51732
G1 X107.243 Y94.741 E16.62286
G1 X107.243 Y95.259 E16.64777
G1 X107.122 Y97.45 E16.75331
G1 X106.718 Y99.871 E16.87136
G1 X106.051 Y102.233 E16.98941
G1 X105.127 Y104.506 E17.10742
G1 X103.959 Y106.665 E17.22548
G1 X102.561 Y108.681 E17.34348
G1 X100.949 Y110.532 E17.46153
G1 X99.143 Y112.194 E17.57958
G1 X97.166 Y113.648 E17.69761
G1 X95.041 Y114.875 E17.81563
G1 X92.793 Y115.86 E17.93367
G1 X90.451 Y116.593 E18.0517
G1 X88.042 Y117.064 E18.16976
G1 X85.597 Y117.266 E18.28776
G1 X83.144 Y117.199 E18.40578
G1 X80.713 Y116.861 E18.52383
G1 X78.334 Y116.259 E18.64186
G1 X76.035 Y115.399 E18.75992
G1 X73.846 Y114.29 E18.87794
G1 X71.791 Y112.948 E18.99599
G1 X69.897 Y111.388 E19.11401
G1 X68.185 Y109.629 E19.23207
G1 X66.678 Y107.692 E19.35011
G1 X65.393 Y105.602 E19.46811
G1 X64.346 Y103.382 E19.58616
G1 X63.549 Y101.061 E19.70419
G1 X63.012 Y98.666 E19.82224
G1 X62.742 Y96.227 E19.94026
G1 X62.742 Y93.773 E20.05829
G1 X63.012 Y91.334 E20.17631
G1 X63.549 Y88.939 E20.29436
G1 X64.346 Y86.618 E20.41239
G1 X65.393 Y84.398 E20.53044
G1 X66.678 Y82.308 E20.64844
G1 X68.185 Y80.371 E20.76648
G1 X69.897 Y78.612 E20.88454
G1 X71.791 Y77.052 E21.00256
G1 X73.846 Y75.71 E21.12061
G1 X76.035 Y74.601 E21.23863
G1 X78.334 Y73.741 E21.35669
G1 X80.713 Y73.139 E21.47472
G1 X83.144 Y72.801 E21.59277
G1 X85.597 Y72.734 E21.71079
G1 X87.966 Y72.93 E21.82512
G1 X88.36 Y73 F7800
G1 E19.82512 F2400
G92 E0
G1 X66.308 Y105.39 F7800
G1 E2 F2400
;TYPE:Bridge infill
;WIDTH:0.400432
;HEIGHT:0.4
M106 S127.5
G1 F3600
G1 X63.835 Y96.161 E2.50026
G1 X63.835 Y94.42 E2.59141
G1 X66.951 Y106.049 E3.22176
G1 X67.577 Y107.069 E3.28442
G1 X67.749 Y107.29 E3.29908
G1 X63.925 Y93.017 E4.07274
G1 X64.061 Y91.785 E4.13764
G1 X68.461 Y108.203 E5.02759
G1 X69.011 Y108.91 E5.07449
G1 X69.156 Y109.06 E5.08541
G1 X64.257 Y90.775 E6.07654
G1 X64.469 Y89.827 E6.1274
G1 X69.8 Y109.722 E7.20581
G1 X70.444 Y110.383 E7.25413
G1 X64.7 Y88.949 E8.41597
G1 X64.962 Y88.186 E8.45821
G1 X71.056 Y110.927 E9.69089
G1 X71.654 Y111.42 E9.73147
G1 X65.224 Y87.424 E11.03217
G1 X65.359 Y87.03 E11.05398
G1 X65.503 Y86.725 E11.07164
G1 X72.252 Y111.913 E12.43695
G1 X72.439 Y112.066 E12.4496
G1 X72.828 Y112.32 E12.47392
G1 X71.899 Y108.854 E12.6618
G1 X72.312 Y108.943 E12.68392
G1 X72.389 Y108.943 E12.68795
G1 X73.393 Y112.69 E12.89106
G1 X73.959 Y113.059 E12.92644
G1 X72.856 Y108.943 E13.14955
G1 X73.322 Y108.943 E13.17395
G1 X74.518 Y113.406 E13.41587
G1 X75.057 Y113.679 E13.4475
G1 X73.788 Y108.943 E13.70421
G1 X74.254 Y108.943 E13.72861
G1 X75.597 Y113.952 E14.00013
G1 X76.136 Y114.225 E14.03176
G1 X74.721 Y108.943 E14.31807
G1 X75.187 Y108.943 E14.34247
G1 X76.668 Y114.469 E14.64201
G1 X77.186 Y114.663 E14.67097
G1 X75.653 Y108.943 E14.98103
G1 X76.12 Y108.943 E15.00548
G1 X77.704 Y114.857 E15.32604
G1 X78.223 Y115.051 E15.35505
G1 X76.586 Y108.943 E15.68614
G1 X77.052 Y108.943 E15.71054
G1 X78.738 Y115.234 E16.05155
G1 X79.239 Y115.361 E16.07861
G1 X77.519 Y108.943 E16.4265
G1 X77.985 Y108.943 E16.4509
G1 X79.739 Y115.488 E16.80567
G1 X80.239 Y115.614 E16.83267
G1 X78.451 Y108.943 E17.19428
G1 X78.918 Y108.943 E17.21873
G1 X80.739 Y115.741 E17.58721
G1 X80.922 Y115.787 E17.59709
G1 X81.23 Y115.83 E17.61337
G1 X79.384 Y108.943 E17.98669
G1 X79.85 Y108.943 E18.01109
G1 X81.714 Y115.897 E18.38804
G1 X82.198 Y115.964 E18.41362
G1 X80.317 Y108.943 E18.79419
G1 X80.783 Y108.943 E18.81859
G1 X82.682 Y116.032 E19.20284
G1 X83.167 Y116.099 E19.22847
G1 X81.249 Y108.943 E19.61637
G1 X81.716 Y108.943 E19.64082
G1 X83.639 Y116.119 E20.0298
G1 X84.108 Y116.132 E20.05437
G1 X82.182 Y108.943 E20.44404
G1 X82.648 Y108.943 E20.46844
G1 X84.578 Y116.145 E20.85883
G1 X85.048 Y116.158 E20.88345
G1 X83.115 Y108.943 E21.27453
G1 X83.581 Y108.943 E21.29893
G1 X85.518 Y116.171 E21.69073
G1 X85.975 Y116.138 E21.71472
G1 X84.047 Y108.943 E22.10472
G1 X84.514 Y108.943 E22.12917
G1 X86.432 Y116.101 E22.51717
G1 X86.888 Y116.063 E22.54113
G1 X84.98 Y108.943 E22.92707
G1 X85.446 Y108.943 E22.95147
G1 X87.344 Y116.025 E23.33535
G1 X87.8 Y115.987 E23.35931
G1 X85.913 Y108.943 E23.74112
G1 X86.379 Y108.943 E23.76552
G1 X88.246 Y115.911 E24.14322
G1 X88.689 Y115.824 E24.16686
G1 X86.845 Y108.943 E24.53985
G1 X87.311 Y108.943 E24.56425
G1 X89.132 Y115.737 E24.93252
G1 X89.575 Y115.651 E24.95615
G1 X87.778 Y108.943 E25.31975
G1 X88.244 Y108.943 E25.34415
G1 X90.018 Y115.564 E25.70304
G1 X90.453 Y115.447 E25.72663
G1 X88.71 Y108.943 E26.07918
G1 X89.177 Y108.943 E26.10363
G1 X90.884 Y115.313 E26.44892
G1 X91.314 Y115.178 E26.47252
G1 X89.643 Y108.943 E26.81049
G1 X90.109 Y108.943 E26.83489
G1 X91.744 Y115.044 E27.1656
G1 X92.174 Y114.909 E27.1892
G1 X90.576 Y108.943 E27.51258
G1 X91.042 Y108.943 E27.53698
G1 X92.599 Y114.753 E27.85191
G1 X93.016 Y114.57 E27.87575
G1 X91.508 Y108.943 E28.18076
G1 X91.975 Y108.943 E28.20521
G1 X93.433 Y114.387 E28.50029
G1 X93.851 Y114.204 E28.52418
G1 X92.441 Y108.943 E28.80936
G1 X92.907 Y108.943 E28.83376
G1 X94.268 Y114.02 E29.10897
G1 X94.681 Y113.821 E29.13297
G1 X93.374 Y108.943 E29.39738
G1 X93.84 Y108.943 E29.42178
G1 X95.085 Y113.588 E29.67357
G1 X95.488 Y113.354 E29.69797
G1 X94.306 Y108.943 E29.93707
G1 X94.773 Y108.943 E29.96152
G1 X95.892 Y113.121 E30.18798
G1 X96.296 Y112.888 E30.2124
G1 X95.239 Y108.943 E30.42624
G1 X95.705 Y108.943 E30.45064
G1 X96.695 Y112.638 E30.65093
G1 X97.085 Y112.351 E30.67628
G1 X96.172 Y108.943 E30.86101
G1 X96.638 Y108.943 E30.88541
G1 X97.475 Y112.065 E31.05464
G1 X97.864 Y111.778 E31.07995
G1 X97.104 Y108.943 E31.23363
G1 X97.571 Y108.943 E31.25808
G1 X98.254 Y111.492 E31.39625
G1 X98.448 Y111.349 E31.40887
G1 X98.635 Y111.177 E31.42217
G1 X98.021 Y108.884 E31.54646
G1 X98.332 Y108.742 E31.56436
G1 X98.429 Y108.666 E31.57081
G1 X99.01 Y110.832 E31.68823
G1 X99.384 Y110.488 E31.71484
G1 X98.776 Y108.222 E31.83768
G1 X98.861 Y108.064 E31.84707
G1 X98.926 Y107.668 E31.86808
G1 X98.926 Y107.038 E31.90107
G1 X99.758 Y110.144 E32.06943
G1 X100.132 Y109.799 E32.09607
G1 X98.926 Y105.298 E32.34005
G1 X98.926 Y103.558 E32.43115
G1 X100.49 Y109.396 E32.74759
G1 X100.846 Y108.986 E32.77602
G1 X98.926 Y101.817 E33.1646
G1 X98.926 Y100.077 E33.2557
G1 X101.203 Y108.577 E33.71643
G1 X101.56 Y108.167 E33.74489
G1 X98.926 Y98.337 E34.27772
G1 X98.926 Y96.596 E34.36887
G1 X101.904 Y107.711 E34.97135
G1 X102.24 Y107.226 E35.00224
G1 X98.926 Y94.856 E35.67275
G1 X98.926 Y93.116 E35.76385
G1 X102.577 Y106.741 E36.50239
G1 X102.913 Y106.256 E36.53328
G1 X98.926 Y91.375 E37.3399
G1 X98.926 Y89.635 E37.431
G1 X103.233 Y105.711 E38.30239
G1 X103.545 Y105.134 E38.33673
G1 X98.926 Y87.895 E39.27116
G1 X98.926 Y86.154 E39.36231
G1 X103.857 Y104.558 E40.35989
G1 X104.166 Y103.97 E40.39467
G1 X98.723 Y83.658 E41.49568
M106 S76.5
G1 E39.49568 F2400
G92 E0
G1 X71.243 Y106.404 F7800
G1 E2 F2400
M106 S127.5
G1 F3600
G1 X65.801 Y86.095 E3.10085
G1 X66.098 Y85.464 E3.13736
G1 X71.04 Y103.908 E4.13711
G1 X71.04 Y102.168 E4.22821
G1 X66.399 Y84.848 E5.16704
G1 X66.724 Y84.319 E5.19955
G1 X71.04 Y100.428 E6.07273
G1 X71.04 Y98.687 E6.16388
G1 X67.049 Y83.791 E6.97131
G1 X67.374 Y83.263 E7.00377
G1 X71.04 Y96.947 E7.7455
G1 X71.04 Y95.207 E7.8366
G1 X67.707 Y82.765 E8.511
G1 X68.053 Y82.32 E8.54051
G1 X71.04 Y93.466 E9.14468
G1 X71.04 Y91.726 E9.23578
G1 X68.4 Y81.874 E9.76981
G1 X68.747 Y81.428 E9.7994
G1 X71.04 Y89.986 E10.26328
G1 X71.04 Y88.245 E10.35443
G1 X69.099 Y80.999 E10.74719
G1 X69.464 Y80.623 E10.77463
G1 X71.04 Y86.505 E11.09346
G1 X71.04 Y84.765 E11.18456
G1 X69.83 Y80.248 E11.4294
G1 X70.196 Y79.872 E11.45687
G1 X71.04 Y83.024 E11.62772
G1 X71.04 Y82.337 E11.66369
G1 X71.064 Y82.091 E11.67663
G1 X71.175 Y81.787 E11.69357
G1 X70.561 Y79.496 E11.81775
G1 X70.94 Y79.168 E11.84399
G1 X71.522 Y81.342 E11.96182
G1 X71.803 Y81.167 E11.97915
G1 X71.934 Y81.139 E11.98616
G1 X71.322 Y78.854 E12.11001
G1 X71.704 Y78.539 E12.13593
G1 X72.379 Y81.057 E12.27242
G1 X72.845 Y81.057 E12.29682
G1 X72.086 Y78.225 E12.45033
G1 X72.469 Y77.914 E12.47616
G1 X73.311 Y81.057 E12.64652
G1 X73.777 Y81.057 E12.67092
G1 X72.866 Y77.655 E12.85532
G1 X73.263 Y77.396 E12.88014
G1 X74.244 Y81.057 E13.07858
G1 X74.71 Y81.057 E13.10298
G1 X73.659 Y77.136 E13.31552
G1 X74.056 Y76.877 E13.34034
G1 X75.176 Y81.057 E13.56692
G1 X75.643 Y81.057 E13.59137
G1 X74.455 Y76.626 E13.83156
G1 X74.866 Y76.418 E13.85568
G1 X76.109 Y81.057 E14.10714
G1 X76.575 Y81.057 E14.13154
G1 X75.277 Y76.21 E14.39426
G1 X75.687 Y76.002 E14.41833
G1 X77.042 Y81.057 E14.69234
G1 X77.508 Y81.057 E14.71674
G1 X76.098 Y75.794 E15.00202
G1 X76.475 Y75.604 E15.02412
G1 X76.51 Y75.591 E15.02607
G1 X77.974 Y81.057 E15.32235
G1 X78.441 Y81.057 E15.3468
G1 X76.933 Y75.432 E15.65171
G1 X77.357 Y75.273 E15.67542
G1 X78.907 Y81.057 E15.98894
G1 X79.373 Y81.057 E16.01334
G1 X77.781 Y75.115 E16.33542
G1 X78.205 Y74.956 E16.35913
G1 X79.84 Y81.057 E16.68984
G1 X80.306 Y81.057 E16.71424
G1 X78.629 Y74.797 E17.05356
G1 X79.064 Y74.683 E17.0771
G1 X80.772 Y81.057 E17.4226
G1 X81.239 Y81.057 E17.44705
G1 X79.501 Y74.572 E17.79857
G1 X79.938 Y74.462 E17.82216
G1 X81.705 Y81.057 E18.17964
G1 X82.171 Y81.057 E18.20404
G1 X80.374 Y74.351 E18.56754
G1 X80.811 Y74.241 E18.59113
G1 X82.638 Y81.057 E18.9606
G1 X83.104 Y81.057 E18.985
G1 X81.257 Y74.166 E19.35853
G1 X81.707 Y74.104 E19.38231
G1 X83.57 Y81.057 E19.7592
G1 X84.037 Y81.057 E19.78365
G1 X82.157 Y74.041 E20.16395
G1 X82.606 Y73.979 E20.18768
G1 X84.503 Y81.057 E20.57135
G1 X84.969 Y81.057 E20.59575
G1 X83.056 Y73.917 E20.98277
G1 X83.513 Y73.884 E21.00676
G1 X85.436 Y81.057 E21.39558
G1 X85.902 Y81.057 E21.41998
G1 X83.976 Y73.872 E21.80945
G1 X84.439 Y73.859 E21.8337
G1 X86.368 Y81.057 E22.22387
G1 X86.834 Y81.057 E22.24827
G1 X84.902 Y73.846 E22.63914
G1 X85.365 Y73.833 E22.66339
G1 X87.301 Y81.057 E23.05497
G1 X87.767 Y81.057 E23.07937
G1 X85.836 Y73.85 E23.47002
G1 X86.313 Y73.89 E23.49508
G1 X88.233 Y81.057 E23.88356
G1 X88.7 Y81.057 E23.90801
G1 X86.79 Y73.929 E24.29438
G1 X87.267 Y73.969 E24.31944
G1 X89.166 Y81.057 E24.70364
G1 X89.632 Y81.057 E24.72804
G1 X87.744 Y74.008 E25.11012
G1 X88.231 Y74.087 E25.13595
G1 X90.099 Y81.057 E25.51376
G1 X90.565 Y81.057 E25.53816
G1 X88.723 Y74.183 E25.91077
G1 X89.215 Y74.279 E25.93702
G1 X91.031 Y81.057 E26.30442
G1 X91.498 Y81.057 E26.32887
G1 X89.707 Y74.375 E26.69107
G1 X90.2 Y74.473 E26.71739
G1 X91.964 Y81.057 E27.07427
G1 X92.43 Y81.057 E27.09867
G1 X90.709 Y74.632 E27.44693
G1 X91.218 Y74.792 E27.47487
G1 X92.897 Y81.057 E27.81447
G1 X93.363 Y81.057 E27.83887
G1 X91.727 Y74.951 E28.16984
G1 X92.236 Y75.11 E28.19776
G1 X93.829 Y81.057 E28.52011
G1 X94.296 Y81.057 E28.54456
G1 X92.757 Y75.317 E28.85571
G1 X93.286 Y75.549 E28.88595
G1 X94.762 Y81.057 E29.18451
G1 X95.228 Y81.057 E29.20891
G1 X93.814 Y75.781 E29.4949
G1 X94.343 Y76.012 E29.52512
G1 X95.695 Y81.057 E29.79859
G1 X96.161 Y81.057 E29.82299
G1 X94.885 Y76.297 E30.08101
G1 X95.437 Y76.616 E30.11439
G1 X96.627 Y81.057 E30.35511
G1 X97.094 Y81.057 E30.37956
G1 X95.989 Y76.934 E30.60305
G1 X96.54 Y77.253 E30.63639
G1 X97.56 Y81.057 E30.84259
G1 X98.004 Y81.108 E30.86599
G1 X98.045 Y81.127 E30.86836
G1 X97.12 Y77.674 E31.05553
G1 X97.7 Y78.101 E31.09324
G1 X104.447 Y103.278 E32.45797
G1 X104.728 Y102.587 E32.49703
G1 X98.281 Y78.528 E33.80115
G1 X98.448 Y78.651 E33.81201
G1 X98.889 Y79.057 E33.84339
G1 X105.009 Y101.895 E35.08133
G1 X105.249 Y101.052 E35.12722
G1 X99.508 Y79.627 E36.28856
G1 X100.127 Y80.197 E36.33262
G1 X105.488 Y100.205 E37.41715
G1 X105.651 Y99.632 E37.44834
G1 X105.708 Y99.286 E37.4667
G1 X100.797 Y80.958 E38.46017
G1 X101.471 Y81.731 E38.51387
G1 X105.887 Y98.213 E39.40727
G1 X106.035 Y97.33 E39.45415
G1 X106.049 Y97.075 E39.46752
G1 X102.202 Y82.719 E40.24569
G1 X102.962 Y83.815 E40.31552
G1 X106.128 Y95.632 E40.95605
G1 X106.163 Y95 E40.98919
G1 X106.095 Y93.768 E41.05379
G1 X103.872 Y85.469 E41.50363
G1 X104.138 Y85.961 E41.53291
G1 X105.016 Y88.123 E41.65509
G1 X105.65 Y90.365 E41.77708
G1 X106.195 Y92.4 E41.88738
M106 S76.5
;LAYER_CHANGE
;Z:14.45
;HEIGHT:0.3
G1 E39.88738 F2400
G92 E0
G1 Z14.45 F7800
G1 X98.313 Y108.33
G1 E2 F2400
;TYPE:Perimeter
;WIDTH:0.45
G1 F3600
G1 X98.161 Y108.469 E2.00991
G1 X97.912 Y108.582 E2.02306
G1 X97.584 Y108.621 E2.03895
G1 X72.326 Y108.621 E3.25377
G1 X71.929 Y108.536 E3.2733
G1 X71.635 Y108.329 E3.29059
G1 X71.481 Y108.122 E3.303
G1 X71.38 Y107.843 E3.31727
G1 X71.362 Y107.657 E3.32626
G1 X71.362 Y82.343 E4.54378
G1 X71.38 Y82.157 E4.55277
G1 X71.529 Y81.8 E4.57138
G1 X71.761 Y81.561 E4.5874
G1 X71.929 Y81.464 E4.59673
G1 X72.326 Y81.379 E4.61626
G1 X97.64 Y81.379 E5.83378
G1 X97.912 Y81.418 E5.847
G1 X98.293 Y81.634 E5.86806
G1 X98.466 Y81.845 E5.88118
G1 X98.555 Y82.039 E5.89145
G1 X98.604 Y82.343 E5.90626
G1 X98.604 Y107.657 E7.12378
G1 X98.555 Y107.961 E7.13859
G1 X98.4 Y108.251 E7.15441
G1 X98.357 Y108.29 E7.1572
G1 X98.047 Y108.06 F7800
G1 F3600
G1 X98.032 Y108.083 E7.15852
G1 X97.804 Y108.212 E7.17112
G1 X97.584 Y108.236 E7.18176
G1 X72.326 Y108.236 E8.39658
G1 X71.987 Y108.126 E8.41372
G1 X71.819 Y107.936 E8.42592
G1 X71.747 Y107.657 E8.43978
G1 X71.747 Y82.343 E9.6573
G1 X71.819 Y82.064 E9.67116
G1 X71.987 Y81.874 E9.68336
G1 X72.326 Y81.764 E9.7005
G1 X97.64 Y81.764 E10.91802
G1 X97.952 Y81.856 E10.93366
G1 X98.135 Y82.044 E10.94628
G1 X98.219 Y82.343 E10.96122
G1 X98.219 Y107.657 E12.17874
G1 X98.189 Y107.84 E12.18766
G1 X98.079 Y108.009 E12.19736
G1 X97.776 Y107.786 F7800
;TYPE:External perimeter
G1 F1800
G1 X97.771 Y107.799 E12.19803
G1 X97.64 Y107.85 E12.20479
G1 X72.326 Y107.85 E13.42231
G1 X72.188 Y107.792 E13.42951
G1 X72.133 Y107.657 E13.43652
G1 X72.133 Y82.343 E14.65404
G1 X72.195 Y82.201 E14.66149
G1 X72.326 Y82.15 E14.66825
G1 X97.64 Y82.15 E15.88577
G1 X97.792 Y82.224 E15.8939
G1 X97.833 Y82.343 E15.89995
G1 X97.833 Y107.657 E17.11747
G1 X97.801 Y107.731 E17.12135
G1 X97.417 Y107.844 F7800
G1 E15.12135 F2400
G92 E0
G1 X87.962 Y73.707 F7800
G1 E2 F2400
;TYPE:Perimeter
G1 F3600
G1 X90.261 Y74.156 E2.11266
G1 X92.522 Y74.863 E2.2266
G1 X94.692 Y75.815 E2.34057
G1 X96.744 Y76.999 E2.45451
G1 X98.652 Y78.402 E2.56842
G1 X100.395 Y80.007 E2.68238
G1 X101.951 Y81.793 E2.79631
G1 X103.301 Y83.74 E2.91026
G1 X104.429 Y85.823 E3.02419
G1 X105.32 Y88.018 E3.13813
G1 X105.965 Y90.298 E3.25209
G1 X106.355 Y92.635 E3.36605
G1 X106.473 Y94.783 E3.46952
G1 X106.473 Y95.217 E3.49039
G1 X106.355 Y97.365 E3.59386
G1 X105.965 Y99.702 E3.70782
G1 X105.32 Y101.982 E3.82178
G1 X104.429 Y104.177 E3.93572
G1 X103.301 Y106.26 E4.04965
G1 X101.951 Y108.207 E4.1636
G1 X100.395 Y109.993 E4.27753
G1 X98.652 Y111.598 E4.39149
G1 X96.744 Y113.001 E4.5054
G1 X94.692 Y114.185 E4.61934
G1 X92.522 Y115.137 E4.73331
G1 X90.261 Y115.844 E4.84725
G1 X87.936 Y116.298 E4.96119
G1 X85.575 Y116.494 E5.07514
G1 X83.207 Y116.429 E5.18908
G1 X80.861 Y116.103 E5.303
G1 X78.564 Y115.522 E5.41696
G1 X76.346 Y114.691 E5.53088
G1 X74.232 Y113.621 E5.64484
G1 X72.249 Y112.326 E5.75875
G1 X70.42 Y110.82 E5.8727
G1 X68.768 Y109.122 E5.98664
G1 X67.313 Y107.252 E6.1006
G1 X66.072 Y105.234 E6.21454
G1 X65.061 Y103.091 E6.32851
G1 X64.292 Y100.851 E6.44242
G1 X63.774 Y98.539 E6.55638
G1 X63.513 Y96.185 E6.67029
G1 X63.513 Y93.815 E6.78428
G1 X63.774 Y91.461 E6.89819
G1 X64.291 Y89.152 E7.01199
G1 X65.11 Y86.806 E7.1315
G1 X66.072 Y84.766 E7.23998
G1 X67.313 Y82.748 E7.35392
G1 X68.768 Y80.878 E7.46788
G1 X70.42 Y79.18 E7.58182
G1 X72.249 Y77.674 E7.69577
G1 X74.232 Y76.379 E7.80968
G1 X76.346 Y75.309 E7.92364
G1 X78.564 Y74.478 E8.03756
G1 X80.861 Y73.897 E8.15152
G1 X83.205 Y73.572 E8.26534
G1 X85.688 Y73.515 E8.3848
G1 X87.902 Y73.699 E8.49165
G1 X87.994 Y73.32 F7800
G1 F3600
G1 X90.356 Y73.781 E8.6074
G1 X92.658 Y74.501 E8.72341
G1 X94.866 Y75.47 E8.83938
G1 X96.955 Y76.676 E8.95539
G1 X98.898 Y78.104 E9.07137
G1 X100.672 Y79.737 E9.18734
G1 X102.256 Y81.556 E9.30335
G1 X103.63 Y83.538 E9.41934
G1 X104.778 Y85.659 E9.53534
G1 X105.685 Y87.893 E9.65131
G1 X106.342 Y90.213 E9.76728
G1 X106.739 Y92.592 E9.88328
G1 X106.858 Y94.762 E9.98781
G1 X106.858 Y95.238 E10.0107
G1 X106.739 Y97.408 E10.11523
G1 X106.342 Y99.787 E10.23123
G1 X105.685 Y102.107 E10.3472
G1 X104.778 Y104.341 E10.46317
G1 X103.63 Y106.462 E10.57917
G1 X102.256 Y108.444 E10.69516
G1 X100.672 Y110.263 E10.81117
G1 X98.898 Y111.896 E10.92714
G1 X96.955 Y113.324 E11.04312
G1 X94.866 Y114.53 E11.15913
G1 X92.658 Y115.499 E11.2751
G1 X90.356 Y116.219 E11.39111
G1 X87.989 Y116.681 E11.5071
G1 X85.586 Y116.88 E11.62307
G1 X83.175 Y116.814 E11.73907
G1 X80.787 Y116.482 E11.85503
G1 X78.449 Y115.89 E11.97103
G1 X76.19 Y115.045 E12.08703
G1 X74.039 Y113.956 E12.20299
G1 X72.02 Y112.637 E12.31898
G1 X70.158 Y111.104 E12.43498
G1 X68.477 Y109.375 E12.55096
G1 X66.995 Y107.472 E12.66697
G1 X65.733 Y105.418 E12.78292
G1 X64.703 Y103.237 E12.89893
G1 X63.92 Y100.956 E13.01492
G1 X63.393 Y98.603 E13.13089
G1 X63.128 Y96.206 E13.24688
G1 X63.128 Y93.794 E13.36289
G1 X63.393 Y91.397 E13.47888
G1 X63.92 Y89.046 E13.59476
G1 X64.752 Y86.66 E13.7163
G1 X65.733 Y84.582 E13.82682
G1 X66.995 Y82.528 E13.94277
G1 X68.477 Y80.625 E14.05878
G1 X70.158 Y78.896 E14.17476
G1 X72.02 Y77.363 E14.29076
G1 X74.039 Y76.044 E14.40675
G1 X76.19 Y74.955 E14.52271
G1 X78.449 Y74.11 E14.63871
G1 X80.787 Y73.518 E14.75471
G1 X83.174 Y73.187 E14.87061
G1 X85.7 Y73.129 E14.99213
G1 X87.934 Y73.314 E15.09995
G1 X88.026 Y72.935 F7800
;TYPE:External perimeter
G1 F1800
G1 X88.042 Y72.936 E15.10072
G1 X90.451 Y73.407 E15.21878
G1 X92.793 Y74.14 E15.33681
G1 X95.041 Y75.125 E15.45485
G1 X97.166 Y76.352 E15.57287
G1 X99.143 Y77.806 E15.6909
G1 X100.949 Y79.468 E15.80895
G1 X102.561 Y81.319 E15.927
G1 X103.959 Y83.335 E16.045
G1 X105.127 Y85.494 E16.16306
G1 X106.051 Y87.767 E16.28107
G1 X106.718 Y90.129 E16.39912
G1 X107.122 Y92.55 E16.51717
G1 X107.243 Y94.741 E16.62271
G1 X107.243 Y95.259 E16.64762
G1 X107.122 Y97.45 E16.75316
G1 X106.718 Y99.871 E16.87121
G1 X106.051 Y102.233 E16.98926
G1 X105.127 Y104.506 E17.10727
G1 X103.959 Y106.665 E17.22533
G1 X102.561 Y108.681 E17.34333
G1 X100.949 Y110.532 E17.46138
G1 X99.143 Y112.194 E17.57943
G1 X97.166 Y113.648 E17.69746
G1 X95.041 Y114.875 E17.81548
G1 X92.793 Y115.86 E17.93352
G1 X90.451 Y116.593 E18.05155
G1 X88.042 Y117.064 E18.16961
G1 X85.597 Y117.266 E18.28761
G1 X83.144 Y117.199 E18.40563
G1 X80.713 Y116.861 E18.52368
G1 X78.334 Y116.259 E18.64171
G1 X76.035 Y115.399 E18.75977
G1 X73.846 Y114.29 E18.87779
G1 X71.791 Y112.948 E18.99584
G1 X69.897 Y111.388 E19.11386
G1 X68.185 Y109.629 E19.23192
G1 X66.678 Y107.692 E19.34996
G1 X65.393 Y105.602 E19.46796
G1 X64.346 Y103.382 E19.58601
G1 X63.549 Y101.061 E19.70404
G1 X63.012 Y98.666 E19.82209
G1 X62.742 Y96.227 E19.94011
G1 X62.742 Y93.773 E20.05814
G1 X63.012 Y91.334 E20.17616
G1 X63.549 Y88.94 E20.29416
G1 X64.395 Y86.514 E20.41773
G1 X65.393 Y84.398 E20.53025
G1 X66.678 Y82.308 E20.64825
G1 X68.185 Y80.371 E20.76629
G1 X69.897 Y78.612 E20.88435
G1 X71.791 Y77.052 E21.00237
G1 X73.846 Y75.71 E21.12042
G1 X76.035 Y74.601 E21.23844
G1 X78.334 Y73.741 E21.3565
G1 X80.713 Y73.139 E21.47453
G1 X83.143 Y72.801 E21.59253
G1 X85.711 Y72.743 E21.71607
G1 X87.966 Y72.93 E21.8249
G1 X88.36 Y73 F7800
G1 E19.8249 F2400
G92 E0
G1 X70.551 Y79.322 F7800
G1 E2 F2400
;TYPE:Solid infill
;WIDTH:0.404381
G1 F3000
G1 X68.901 Y80.995 E2.09965
G1 X70.415 Y79.46 E2.19108
G1 E.19108 F2400
G92 E0
G1 X72.475 Y77.865 F7800
G1 E2 F2400
;WIDTH:0.411403
G1 F3000
G1 X72.402 Y77.845 E2.00328
G1 X72.422 Y77.918 E2.00656
G1 X72.464 Y77.907 E2.00844
;WIDTH:0.45
G1 X72.16 Y78.121 E2.02632
G1 X68.189 Y82.092 E2.29642
G1 X67.949 Y82.365 E2.3139
;WIDTH:0.404907
G1 X67.498 Y82.876 E2.34285
G1 X66.797 Y84.118 F7800
;WIDTH:0.404381
G1 F3000
G1 X66.726 Y84.099 E2.34597
G1 X66.745 Y84.17 E2.34909
G1 X66.786 Y84.159 E2.35089
;WIDTH:0.45
G1 X66.971 Y83.856 E2.36796
G1 X73.861 Y76.966 E2.83661
G1 X74.164 Y76.775 E2.85384
;WIDTH:0.404381
G1 X74.123 Y76.786 E2.85564
G1 X74.104 Y76.715 E2.85876
G1 X74.175 Y76.734 E2.86188
G1 X75.43 Y76.045 F7800
G1 F3000
G1 X75.359 Y76.026 E2.865
G1 X75.378 Y76.097 E2.86812
G1 X75.419 Y76.086 E2.86992
;WIDTH:0.45
G1 X75.119 Y76.254 E2.88646
G1 X66.2 Y85.172 E3.49309
G1 X66.052 Y85.434 E3.50756
;WIDTH:0.404381
G1 X65.981 Y85.415 E3.51068
G1 X66 Y85.486 E3.5138
G1 X66.041 Y85.475 E3.5156
G1 X65.562 Y86.467 F7800
G1 F3000
G1 X65.491 Y86.448 E3.51872
G1 X65.51 Y86.519 E3.52184
G1 X65.551 Y86.508 E3.52364
;WIDTH:0.45
G1 X65.713 Y86.205 E3.54017
G1 X76.223 Y75.695 E4.25505
G1 X76.523 Y75.538 E4.27134
;WIDTH:0.404381
G1 X76.482 Y75.549 E4.27314
G1 X76.463 Y75.478 E4.27626
G1 X76.534 Y75.497 E4.27938
G1 X77.456 Y75.131 F7800
G1 F3000
G1 X77.385 Y75.112 E4.2825
G1 X77.404 Y75.183 E4.28562
G1 X77.445 Y75.172 E4.28742
;WIDTH:0.45
G1 X77.145 Y75.318 E4.30347
G1 X65.287 Y87.177 E5.11007
G1 X65.16 Y87.438 E5.12403
;WIDTH:0.404381
G1 X65.089 Y87.419 E5.12715
G1 X65.108 Y87.49 E5.13027
G1 X65.149 Y87.479 E5.13207
G1 E3.13207 F2400
G92 E0
G1 X71.423 Y81.534 F7800
G1 E2 F2400
G1 F3000
G1 X71.534 Y81.429 E2.00648
;WIDTH:0.45
G1 X71.807 Y81.202 E2.02356
G1 X78.017 Y74.992 E2.44596
G1 X78.85 Y74.704 F7800
G1 F3000
G1 X72.464 Y81.09 E2.88033
G1 X73.01 Y81.09 E2.90659
G1 X79.58 Y74.519 E3.35351
G1 X80.31 Y74.334 E3.38973
G1 X73.555 Y81.09 E3.84923
G1 X74.1 Y81.09 E3.87544
G1 X81.024 Y74.166 E4.3464
G1 X81.657 Y74.078 E4.37714
G1 X74.646 Y81.09 E4.85405
G1 X75.191 Y81.09 E4.88026
G1 X82.29 Y73.99 E5.36316
G1 X82.924 Y73.903 E5.39394
G1 X75.737 Y81.09 E5.88279
G1 X76.282 Y81.09 E5.909
G1 X83.518 Y73.854 E6.40118
G1 X84.076 Y73.841 E6.42803
G1 X76.827 Y81.09 E6.9211
G1 X77.373 Y81.09 E6.94736
G1 X84.634 Y73.828 E7.44128
G1 X85.192 Y73.816 E7.46812
G1 X77.918 Y81.09 E7.96289
G1 X78.463 Y81.09 E7.9891
G1 X85.743 Y73.81 E8.48428
G1 X86.246 Y73.852 E8.50856
G1 X79.009 Y81.09 E9.00085
G1 X79.554 Y81.09 E9.02706
G1 X86.75 Y73.893 E9.51656
G1 X87.254 Y73.935 E9.54088
G1 X80.099 Y81.09 E10.02755
G1 X80.645 Y81.09 E10.05381
G1 X87.757 Y73.977 E10.53759
G1 X88.227 Y74.053 E10.56049
G1 X81.19 Y81.09 E11.03914
G1 X81.735 Y81.09 E11.06535
G1 X88.683 Y74.142 E11.53794
G1 X89.139 Y74.231 E11.56029
G1 X82.281 Y81.09 E12.0268
G1 X82.826 Y81.09 E12.05301
G1 X89.595 Y74.32 E12.51346
G1 X90.052 Y74.409 E12.53585
G1 X83.371 Y81.09 E12.99028
G1 X83.917 Y81.09 E13.01654
G1 X90.479 Y74.527 E13.46291
G1 X90.895 Y74.657 E13.48387
G1 X84.462 Y81.09 E13.92143
G1 X85.007 Y81.09 E13.94764
G1 X91.31 Y74.787 E14.37636
G1 X91.726 Y74.917 E14.39732
G1 X85.553 Y81.09 E14.8172
G1 X86.098 Y81.09 E14.84341
G1 X92.141 Y75.047 E15.25445
G1 X92.545 Y75.188 E15.27503
G1 X86.643 Y81.09 E15.67648
G1 X87.189 Y81.09 E15.70274
G1 X92.924 Y75.355 E16.09283
G1 X93.303 Y75.521 E16.11273
G1 X87.734 Y81.09 E16.49153
G1 X88.28 Y81.09 E16.51779
G1 X93.682 Y75.687 E16.88526
G1 X94.061 Y75.854 E16.90518
G1 X88.825 Y81.09 E17.26133
G1 X89.37 Y81.09 E17.28754
G1 X94.44 Y76.02 E17.6324
G1 X94.796 Y76.209 E17.65179
G1 X89.916 Y81.09 E17.98376
G1 X90.461 Y81.09 E18.00997
G1 X95.142 Y76.408 E18.3284
G1 X95.488 Y76.608 E18.34762
G1 X91.006 Y81.09 E18.65248
G1 X91.552 Y81.09 E18.67874
G1 X95.834 Y76.808 E18.97
G1 X96.179 Y77.007 E18.98916
G1 X92.097 Y81.09 E19.26685
G1 X92.642 Y81.09 E19.29306
G1 X96.525 Y77.207 E19.55718
G1 X96.845 Y77.432 E19.57599
G1 X93.188 Y81.09 E19.82477
G1 X93.733 Y81.09 E19.85098
G1 X97.159 Y77.663 E20.08405
G1 X97.473 Y77.894 E20.1028
G1 X94.278 Y81.09 E20.32015
G1 X94.824 Y81.09 E20.34641
G1 X97.788 Y78.125 E20.54805
G1 X98.102 Y78.357 E20.56683
G1 X95.369 Y81.09 E20.75273
G1 X95.914 Y81.09 E20.77894
G1 X98.416 Y78.588 E20.94912
G1 X100.188 Y80.209 E21.06463
G1 X101.655 Y81.893 E21.17205
G1 X98.893 Y84.655 E21.35992
G1 X98.893 Y82.351 E21.47073
G1 X98.82 Y81.926 E21.49147
G1 X98.633 Y81.595 E21.50975
G1 X98.332 Y81.3 E21.53002
G1 X98.02 Y81.151 E21.54665
G1 X97.633 Y81.09 E21.56549
G1 X96.46 Y81.09 E21.62191
G1 X98.569 Y78.98 E21.7654
G1 X98.716 Y79.378 E21.78581
G1 X99.911 Y80.478 E21.86393
G1 X101.128 Y81.875 E21.95304
G1 X99.279 Y83.724 E22.07881
G1 X99.279 Y82.351 E22.14485
G1 X99.224 Y81.966 E22.16356
G1 X99.074 Y81.555 E22.1846
G1 X98.804 Y81.195 E22.20624
G1 X98.527 Y80.965 E22.22356
G1 X98.022 Y80.754 E22.24988
G1 X97.391 Y80.704 E22.28032
G1 X98.58 Y79.515 E22.36119
G1 X98.729 Y79.979 E22.38463
;WIDTH:0.546059
G1 X99.328 Y80.505 E22.43252
;WIDTH:0.52955
G1 X99.874 Y81.056 E22.47753
;WIDTH:0.492757
G1 X100.067 Y81.249 E22.49211
;WIDTH:0.455964
G1 X100.601 Y81.857 E22.53163
;WIDTH:0.45
G1 X99.665 Y82.793 E22.5953
G1 X99.665 Y82.351 E22.61656
G1 X99.597 Y81.852 E22.64078
;WIDTH:0.494301
G1 X99.504 Y81.564 E22.65701
;WIDTH:0.538603
G1 X99.412 Y81.276 E22.67489
G1 X99.127 Y80.931 E22.70136
;WIDTH:0.524469
G1 X98.755 Y80.609 E22.72959
;WIDTH:0.546059
G1 X98.315 Y80.393 E22.75904
G1 X98.593 Y80.115 E22.78266
G1 E20.78266 F2400
G92 E0
G1 X100.078 Y81.822 F7800
G1 E2 F2400
;WIDTH:0.524539
G1 F3000
G1 X100.037 Y81.781 E2.00333
G1 X99.982 Y81.796 E2.0066
G1 X99.967 Y81.852 E2.00993
G1 X100.008 Y81.892 E2.01322
G1 X100.063 Y81.878 E2.01648
G1 X101.886 Y82.207 F7800
;WIDTH:0.45
G1 F3000
G1 X98.893 Y85.2 E2.22006
G1 X98.893 Y85.745 E2.24627
G1 X102.11 Y82.529 E2.46505
G1 X102.333 Y82.851 E2.48389
G1 X98.893 Y86.291 E2.71787
G1 X98.893 Y86.836 E2.74408
G1 X102.556 Y83.173 E2.99323
G1 X102.78 Y83.495 E3.0121
G1 X98.893 Y87.381 E3.27645
G1 X98.893 Y87.927 E3.30271
G1 X103.003 Y83.817 E3.58227
G1 X103.202 Y84.164 E3.60151
G1 X98.893 Y88.472 E3.89457
G1 X98.893 Y89.018 E3.92083
G1 X103.393 Y84.518 E4.22691
G1 X103.585 Y84.872 E4.24628
G1 X98.893 Y89.563 E4.56539
G1 X98.893 Y90.108 E4.5916
G1 X103.776 Y85.225 E4.92374
G1 X103.968 Y85.579 E4.94311
G1 X98.893 Y90.654 E5.28831
G1 X98.893 Y91.199 E5.31452
G1 X104.159 Y85.933 E5.67271
G1 X104.318 Y86.32 E5.69283
G1 X98.893 Y91.744 E6.0618
G1 X98.893 Y92.29 E6.08806
G1 X104.476 Y86.707 E6.46781
G1 X104.633 Y87.095 E6.48794
G1 X98.893 Y92.835 E6.87837
G1 X98.893 Y93.38 E6.90458
G1 X104.791 Y87.483 E7.30572
G1 X104.948 Y87.871 E7.32585
G1 X98.893 Y93.926 E7.7377
G1 X98.893 Y94.471 E7.76391
G1 X105.092 Y88.273 E8.18552
G1 X105.212 Y88.698 E8.20676
G1 X98.893 Y95.016 E8.63654
G1 X98.893 Y95.562 E8.6628
G1 X105.332 Y89.123 E9.10077
G1 X105.452 Y89.548 E9.12201
G1 X98.893 Y96.107 E9.56815
G1 X98.893 Y96.652 E9.59436
G1 X105.572 Y89.973 E10.04866
G1 X105.689 Y90.402 E10.07005
G1 X98.893 Y97.198 E10.53231
G1 X98.893 Y97.743 E10.55852
G1 X105.767 Y90.87 E11.02605
G1 X105.845 Y91.337 E11.04882
G1 X98.893 Y98.288 E11.52165
G1 X98.893 Y98.834 E11.54791
G1 X105.923 Y91.804 E12.02608
G1 X106.001 Y92.272 E12.0489
G1 X98.893 Y99.379 E12.53234
G1 X98.893 Y99.924 E12.55855
G1 X106.071 Y92.747 E13.04675
G1 X106.1 Y93.263 E13.07161
G1 X98.893 Y100.47 E13.56182
G1 X98.893 Y101.015 E13.58803
G1 X106.128 Y93.78 E14.08015
G1 X106.157 Y94.297 E14.10505
G1 X98.893 Y101.561 E14.59914
G1 X98.893 Y102.106 E14.62535
G1 X106.185 Y94.814 E15.12134
G1 X106.175 Y95.369 E15.14804
G1 X98.893 Y102.651 E15.64335
G1 X98.893 Y103.197 E15.66961
G1 X106.143 Y95.947 E16.16275
G1 X106.111 Y96.524 E16.19054
G1 X98.893 Y103.742 E16.6815
G1 X98.893 Y104.287 E16.70771
G1 X106.08 Y97.101 E17.19653
G1 X106.002 Y97.724 E17.22673
G1 X98.893 Y104.833 E17.71028
G1 X98.893 Y105.378 E17.73649
G1 X105.892 Y98.379 E18.21255
G1 X105.783 Y99.034 E18.24449
G1 X98.893 Y105.923 E18.71311
G1 X98.893 Y106.469 E18.73937
G1 X105.666 Y99.696 E19.20006
G1 X105.648 Y100.173 E19.22302
;WIDTH:0.404381
G1 X105.577 Y100.154 E19.22614
G1 X105.596 Y100.225 E19.22926
G1 X105.637 Y100.214 E19.23106
;WIDTH:0.45
G1 X105.451 Y100.456 E19.24574
G1 X98.893 Y107.014 E19.69181
G1 X98.893 Y107.559 E19.71802
G1 X105.236 Y101.217 E20.14943
G1 X105.422 Y100.974 E20.16415
;WIDTH:0.404381
G1 X105.381 Y100.985 E20.16595
G1 X105.362 Y100.914 E20.16907
G1 X105.433 Y100.933 E20.17219
G1 X105.207 Y101.712 F7800
G1 F3000
G1 X105.136 Y101.693 E20.17531
G1 X105.155 Y101.764 E20.17843
G1 X105.196 Y101.753 E20.18023
;WIDTH:0.45
G1 X105.002 Y101.996 E20.19519
G1 X98.698 Y108.3 E20.62398
G1 X98.531 Y108.572 E20.63933
;WIDTH:0.404381
G1 X98.455 Y108.496 E20.64389
G1 E18.64389 F2400
G92 E0
G1 X71.202 Y81.807 F7800
G1 E2 F2400
;WIDTH:0.45
G1 F3000
G1 X64.994 Y88.014 E2.42223
G1 X64.868 Y88.276 E2.43621
;WIDTH:0.404381
G1 X64.797 Y88.257 E2.43933
G1 X64.816 Y88.328 E2.44245
G1 X64.857 Y88.317 E2.44425
G1 X64.572 Y89.113 F7800
G1 F3000
G1 X64.501 Y89.094 E2.44737
G1 X64.52 Y89.165 E2.45049
G1 X64.561 Y89.154 E2.45229
;WIDTH:0.45
G1 X64.702 Y88.852 E2.46832
G1 X71.072 Y82.482 E2.9016
G1 X71.072 Y83.027 E2.92781
G1 X64.484 Y89.615 E3.37592
G1 X64.326 Y90.318 E3.41058
G1 X71.072 Y83.572 E3.86943
G1 X71.072 Y84.118 E3.89569
G1 X64.169 Y91.021 E4.36522
G1 X64.039 Y91.697 E4.39833
G1 X71.072 Y84.663 E4.87674
G1 X71.072 Y85.208 E4.90295
G1 X63.971 Y92.31 E5.38599
G1 X63.903 Y92.923 E5.41565
G1 X71.072 Y85.754 E5.90328
G1 X71.072 Y86.299 E5.92949
G1 X63.835 Y93.536 E6.42174
G1 X63.803 Y94.114 E6.44958
G1 X71.072 Y86.844 E6.94404
G1 X71.072 Y87.39 E6.9703
G1 X63.803 Y94.66 E7.46476
G1 X63.803 Y95.205 E7.49097
G1 X71.072 Y87.935 E7.98543
G1 X71.072 Y88.48 E8.01164
G1 X63.803 Y95.75 E8.5061
G1 X63.815 Y96.283 E8.53174
G1 X71.072 Y89.026 E9.02535
G1 X71.072 Y89.571 E9.05156
G1 X63.87 Y96.774 E9.54147
G1 X63.924 Y97.265 E9.56523
G1 X71.072 Y90.116 E10.05146
G1 X71.072 Y90.662 E10.07772
G1 X63.978 Y97.756 E10.56025
G1 X64.033 Y98.247 E10.58401
G1 X71.072 Y91.207 E11.06283
G1 X71.072 Y91.752 E11.08904
G1 X64.11 Y98.715 E11.56262
G1 X64.21 Y99.161 E11.5846
G1 X71.072 Y92.298 E12.05138
G1 X71.072 Y92.843 E12.07759
G1 X64.309 Y99.606 E12.5376
G1 X64.409 Y100.052 E12.55958
G1 X71.072 Y93.388 E13.01282
G1 X71.072 Y93.934 E13.03908
G1 X64.509 Y100.497 E13.48549
G1 X64.624 Y100.928 E13.50694
G1 X71.072 Y94.479 E13.94556
G1 X71.072 Y95.025 E13.97182
G1 X64.763 Y101.334 E14.40095
G1 X64.903 Y101.739 E14.42156
G1 X71.072 Y95.57 E14.84117
G1 X71.072 Y96.115 E14.86738
G1 X65.042 Y102.145 E15.27753
G1 X65.182 Y102.551 E15.29819
G1 X71.072 Y96.661 E15.69882
G1 X71.072 Y97.206 E15.72503
G1 X65.321 Y102.957 E16.11621
G1 X65.494 Y103.33 E16.13599
G1 X71.072 Y97.751 E16.51543
G1 X71.072 Y98.297 E16.54169
G1 X65.668 Y103.701 E16.90926
G1 X65.843 Y104.071 E16.92895
G1 X71.072 Y98.842 E17.28462
G1 X71.072 Y99.387 E17.31083
G1 X66.018 Y104.442 E17.65463
G1 X66.193 Y104.812 E17.67432
G1 X71.072 Y99.933 E18.00618
G1 X71.072 Y100.478 E18.03239
G1 X66.375 Y105.175 E18.35187
G1 X66.583 Y105.513 E18.37096
G1 X71.072 Y101.023 E18.67633
G1 X71.072 Y101.569 E18.70259
G1 X66.791 Y105.85 E18.99378
G1 X66.998 Y106.188 E19.01284
G1 X71.072 Y102.114 E19.28995
G1 X71.072 Y102.659 E19.31616
G1 X67.206 Y106.526 E19.57915
G1 X67.414 Y106.864 E19.59824
G1 X71.072 Y103.205 E19.84709
G1 X71.072 Y103.75 E19.8733
G1 X67.632 Y107.191 E20.10732
G1 X67.87 Y107.498 E20.126
G1 X71.072 Y104.295 E20.34383
G1 X71.072 Y104.841 E20.37009
G1 X68.109 Y107.804 E20.57163
G1 X68.348 Y108.111 E20.59034
G1 X71.072 Y105.386 E20.77566
G1 X71.072 Y105.931 E20.80187
G1 X68.586 Y108.418 E20.971
G1 E18.971 F2400
G92 E0
G1 X70.936 Y106.613 F7800
G1 E2 F2400
G1 F3000
G1 X68.836 Y108.715 E2.14291
G1 X69.006 Y108.952 E2.15694
G1 X70.616 Y110.607 E2.26799
G1 X71.891 Y111.657 E2.34743
G1 X74.638 Y108.91 E2.53428
G1 X72.336 Y108.91 E2.645
G1 X71.845 Y108.809 E2.66911
G1 X71.56 Y108.644 E2.68495
G1 X71.228 Y108.26 E2.70936
G1 X71.093 Y107.877 E2.72889
G1 X71.072 Y107.653 E2.73971
G1 X71.072 Y106.477 E2.79627
G1 X70.687 Y107.408 F7800
G1 F3000
G1 X70.71 Y107.914 E2.82063
G1 X70.855 Y108.367 E2.84351
G1 X70.965 Y108.552 E2.85386
G1 X71.366 Y108.985 E2.88224
G1 X71.764 Y109.186 E2.90369
G1 X72.336 Y109.296 E2.93171
G1 X73.707 Y109.296 E2.99765
G1 X71.866 Y111.137 E3.12287
G1 X70.878 Y110.322 E3.18447
G1 X69.347 Y108.749 E3.29004
G1 X70.551 Y107.545 E3.37193
G1 X70.38 Y108.328 F7800
;WIDTH:0.544782
G1 F3000
G1 X70.448 Y108.515 E3.38385
G1 X70.649 Y108.831 E3.40629
;WIDTH:0.520385
G1 X71.12 Y109.325 E3.44511
;WIDTH:0.51771
G1 X71.306 Y109.413 E3.45674
;WIDTH:0.483855
G1 X71.493 Y109.501 E3.46755
;WIDTH:0.45
G1 X72.133 Y109.66 E3.49927
G1 X72.776 Y109.682 E3.53021
G1 X71.841 Y110.616 E3.59377
G1 X71.538 Y110.367 E3.61263
;WIDTH:0.460885
G1 X71.037 Y109.925 E3.64567
;WIDTH:0.5085
G1 X70.674 Y109.518 E3.67588
;WIDTH:0.520385
G1 X70.315 Y109.141 E3.70549
;WIDTH:0.544782
G1 X69.955 Y108.753 E3.7372
G1 X70.244 Y108.464 E3.76169
G1 E1.76169 F2400
G92 E0
G1 X71.871 Y110.018 F7800
G1 E2 F2400
;WIDTH:0.543143
G1 F3000
G1 X71.828 Y109.975 E2.00363
G1 X71.771 Y109.991 E2.00717
G1 X71.755 Y110.049 E2.01076
G1 X71.797 Y110.091 E2.01431
G1 X71.855 Y110.076 E2.01789
G1 X72.19 Y111.903 F7800
;WIDTH:0.45
G1 F3000
G1 X75.183 Y108.91 E2.22147
G1 X75.728 Y108.91 E2.24768
G1 X72.496 Y112.142 E2.46752
G1 X72.826 Y112.358 E2.48649
G1 X76.274 Y108.91 E2.72102
G1 X76.819 Y108.91 E2.74723
G1 X73.156 Y112.573 E2.99638
G1 X73.486 Y112.789 E3.01535
G1 X77.364 Y108.91 E3.27916
G1 X77.91 Y108.91 E3.30542
G1 X73.816 Y113.004 E3.58389
G1 X74.146 Y113.22 E3.60286
G1 X78.455 Y108.91 E3.89599
G1 X79 Y108.91 E3.9222
G1 X74.485 Y113.426 E4.22934
G1 X74.847 Y113.609 E4.24885
G1 X79.546 Y108.91 E4.56847
G1 X80.091 Y108.91 E4.59468
G1 X75.209 Y113.792 E4.92675
G1 X75.572 Y113.975 E4.9463
G1 X80.636 Y108.91 E5.29078
G1 X81.182 Y108.91 E5.31704
G1 X75.934 Y114.159 E5.67404
G1 X76.296 Y114.342 E5.69355
G1 X81.727 Y108.91 E6.06299
G1 X82.273 Y108.91 E6.08925
G1 X76.677 Y114.506 E6.46988
G1 X77.073 Y114.655 E6.49023
G1 X82.818 Y108.91 E6.881
G1 X83.363 Y108.91 E6.90721
G1 X77.47 Y114.803 E7.30804
G1 X77.867 Y114.952 E7.32843
G1 X83.909 Y108.91 E7.7394
G1 X84.454 Y108.91 E7.76561
G1 X78.264 Y115.101 E8.18668
G1 X78.662 Y115.248 E8.20709
G1 X84.999 Y108.91 E8.63816
G1 X85.545 Y108.91 E8.66442
G1 X79.097 Y115.358 E9.103
G1 X79.532 Y115.469 E9.12459
G1 X86.09 Y108.91 E9.57069
G1 X86.635 Y108.91 E9.5969
G1 X79.967 Y115.579 E10.05048
G1 X80.402 Y115.689 E10.07206
G1 X87.181 Y108.91 E10.53316
G1 X87.726 Y108.91 E10.55937
G1 X80.837 Y115.799 E11.02795
G1 X81.308 Y115.873 E11.05088
G1 X88.271 Y108.91 E11.52449
G1 X88.817 Y108.91 E11.55075
G1 X81.787 Y115.94 E12.02892
G1 X82.266 Y116.006 E12.05218
G1 X89.362 Y108.91 E12.53484
G1 X89.907 Y108.91 E12.56105
G1 X82.745 Y116.073 E13.04823
G1 X83.224 Y116.139 E13.07149
G1 X90.453 Y108.91 E13.5632
G1 X90.998 Y108.91 E13.58941
G1 X83.754 Y116.155 E14.08217
G1 X84.285 Y116.169 E14.10772
G1 X91.543 Y108.91 E14.60143
G1 X92.089 Y108.91 E14.62769
G1 X84.815 Y116.184 E15.12246
G1 X85.346 Y116.198 E15.14801
G1 X92.634 Y108.91 E15.64373
G1 X93.179 Y108.91 E15.66994
G1 X85.914 Y116.176 E16.16413
G1 X86.509 Y116.127 E16.19284
G1 X93.725 Y108.91 E16.6837
G1 X94.27 Y108.91 E16.70991
G1 X87.103 Y116.077 E17.1974
G1 X87.698 Y116.028 E17.22611
G1 X94.816 Y108.91 E17.71027
G1 X95.361 Y108.91 E17.73648
G1 X88.348 Y115.923 E18.2135
G1 X89.026 Y115.791 E18.24672
G1 X95.906 Y108.91 E18.71472
G1 X96.452 Y108.91 E18.74098
G1 X89.703 Y115.659 E19.20004
G1 X89.995 Y115.747 E19.21471
;WIDTH:0.404381
G1 X90.261 Y115.688 E19.22626
;WIDTH:0.45
G1 X90.414 Y115.494 E19.23814
G1 X96.997 Y108.91 E19.68594
G1 X97.542 Y108.91 E19.71215
G1 X91.207 Y115.245 E20.14305
G1 X90.979 Y115.4 E20.15631
;WIDTH:0.404381
G1 X90.907 Y115.381 E20.15947
G1 X90.926 Y115.452 E20.16259
G1 X90.968 Y115.441 E20.16443
G1 X91.761 Y115.193 F7800
G1 F3000
G1 X91.72 Y115.204 E20.16623
G1 X91.701 Y115.133 E20.16935
G1 X91.772 Y115.152 E20.17247
;WIDTH:0.45
G1 X92.001 Y114.997 E20.18577
G1 X98.258 Y108.74 E20.61136
G1 E18.61136 F2400
G92 E0
G1 X92.649 Y114.835 F7800
G1 E2 F2400
;WIDTH:0.404381
G1 F3000
G1 X92.578 Y114.816 E2.00312
G1 X92.597 Y114.887 E2.00624
G1 X92.638 Y114.876 E2.00804
;WIDTH:0.45
G1 X92.878 Y114.665 E2.02341
G1 X104.629 Y102.914 E2.8227
G1 X104.837 Y102.672 E2.83805
;WIDTH:0.404381
G1 X104.796 Y102.683 E2.83985
G1 X104.777 Y102.611 E2.84301
G1 X104.848 Y102.63 E2.84613
G1 X104.475 Y103.549 F7800
G1 F3000
G1 X104.404 Y103.53 E2.84925
G1 X104.423 Y103.601 E2.85237
G1 X104.464 Y103.59 E2.85417
;WIDTH:0.45
G1 X104.256 Y103.832 E2.86952
G1 X93.85 Y114.239 E3.57736
G1 X93.609 Y114.456 E3.59296
;WIDTH:0.404381
G1 X93.568 Y114.467 E3.59476
G1 X93.549 Y114.396 E3.59788
G1 X93.62 Y114.415 E3.601
G1 X94.677 Y113.916 F7800
G1 F3000
G1 X94.606 Y113.897 E3.60412
G1 X94.625 Y113.968 E3.60724
G1 X94.666 Y113.957 E3.60904
;WIDTH:0.45
G1 X103.909 Y104.714 E4.23774
;WIDTH:0.404381
G1 X103.868 Y104.725 E4.23954
G1 X103.849 Y104.653 E4.2427
G1 X103.92 Y104.673 E4.24583
G1 X103.266 Y105.879 F7800
G1 F3000
G1 X103.195 Y105.86 E4.24895
G1 X103.214 Y105.931 E4.25207
G1 X103.255 Y105.92 E4.25387
;WIDTH:0.45
G1 X95.954 Y113.222 E4.75051
;WIDTH:0.404381
G1 X95.913 Y113.233 E4.75231
G1 X95.894 Y113.162 E4.75543
G1 X95.965 Y113.181 E4.75855
;WIDTH:0.45
G1 X96.661 Y112.871 E4.7952
;WIDTH:0.404381
G1 X97.751 Y111.935 E4.85613
G1 X97.946 Y111.896 E4.86456
G1 X98.503 Y111.417 E4.89571
;WIDTH:0.437087
G1 X100.192 Y109.796 E5.00453
G1 X101.792 Y108.083 E5.11349
;WIDTH:0.404381
G1 X101.976 Y107.861 E5.12572
G1 X102.011 Y107.669 E5.134
;WIDTH:0.45
G1 X101.783 Y107.941 E5.15107
G1 X98.024 Y111.701 E5.40679
;LAYER_CHANGE
;Z:14.75
;HEIGHT:0.3
G1 E3.40679 F2400
G92 E0
G1 Z14.75 F7800
G1 X98.313 Y108.33
G1 E2 F2400
;TYPE:Perimeter
G1 F3600
G1 X98.161 Y108.469 E2.00991
G1 X97.912 Y108.582 E2.02306
G1 X97.584 Y108.621 E2.03895
G1 X72.326 Y108.621 E3.25377
G1 X71.929 Y108.536 E3.2733
G1 X71.635 Y108.329 E3.29059
G1 X71.481 Y108.122 E3.303
G1 X71.38 Y107.843 E3.31727
G1 X71.362 Y107.657 E3.32626
G1 X71.362 Y82.343 E4.54378
G1 X71.38 Y82.157 E4.55277
G1 X71.529 Y81.8 E4.57138
G1 X71.761 Y81.561 E4.5874
G1 X71.929 Y81.464 E4.59673
G1 X72.326 Y81.379 E4.61626
G1 X97.64 Y81.379 E5.83378
G1 X97.912 Y81.418 E5.847
G1 X98.293 Y81.634 E5.86806
G1 X98.466 Y81.845 E5.88118
G1 X98.555 Y82.039 E5.89145
G1 X98.604 Y82.343 E5.90626
G1 X98.604 Y107.657 E7.12378
G1 X98.555 Y107.961 E7.13859
G1 X98.4 Y108.251 E7.15441
G1 X98.357 Y108.29 E7.1572
G1 X98.047 Y108.06 F7800
G1 F3600
G1 X98.032 Y108.083 E7.15852
G1 X97.804 Y108.212 E7.17112
G1 X97.584 Y108.236 E7.18176
G1 X72.326 Y108.236 E8.39658
G1 X71.987 Y108.126 E8.41372
G1 X71.819 Y107.936 E8.42592
G1 X71.747 Y107.657 E8.43978
G1 X71.747 Y82.343 E9.6573
G1 X71.819 Y82.064 E9.67116
G1 X71.987 Y81.874 E9.68336
G1 X72.326 Y81.764 E9.7005
G1 X97.64 Y81.764 E10.91802
G1 X97.952 Y81.856 E10.93366
G1 X98.135 Y82.044 E10.94628
G1 X98.219 Y82.343 E10.96122
G1 X98.219 Y107.657 E12.17874
G1 X98.189 Y107.84 E12.18766
G1 X98.079 Y108.009 E12.19736
G1 X97.776 Y107.786 F7800
;TYPE:External perimeter
G1 F1800
G1 X97.771 Y107.799 E12.19803
G1 X97.64 Y107.85 E12.20479
G1 X72.326 Y107.85 E13.42231
G1 X72.188 Y107.792 E13.42951
G1 X72.133 Y107.657 E13.43652
G1 X72.133 Y82.343 E14.65404
G1 X72.195 Y82.201 E14.66149
G1 X72.326 Y82.15 E14.66825
G1 X97.64 Y82.15 E15.88577
G1 X97.792 Y82.224 E15.8939
G1 X97.833 Y82.343 E15.89995
G1 X97.833 Y107.657 E17.11747
G1 X97.801 Y107.731 E17.12135
G1 X97.417 Y107.844 F7800
G1 E15.12135 F2400
G92 E0
G1 X87.962 Y73.707 F7800
G1 E2 F2400
;TYPE:Perimeter
G1 F3600
G1 X90.261 Y74.156 E2.11266
G1 X92.522 Y74.863 E2.2266
G1 X94.692 Y75.815 E2.34057
G1 X96.744 Y76.999 E2.45451
G1 X98.652 Y78.402 E2.56842
G1 X100.395 Y80.007 E2.68238
G1 X101.951 Y81.793 E2.79631
G1 X103.301 Y83.74 E2.91026
G1 X104.429 Y85.823 E3.02419
G1 X105.32 Y88.018 E3.13813
G1 X105.965 Y90.298 E3.25209
G1 X106.355 Y92.635 E3.36605
G1 X106.473 Y94.783 E3.46952
G1 X106.473 Y95.217 E3.49039
G1 X106.355 Y97.365 E3.59386
G1 X105.965 Y99.702 E3.70782
G1 X105.32 Y101.982 E3.82178
G1 X104.429 Y104.177 E3.93572
G1 X103.301 Y106.26 E4.04965
G1 X101.951 Y108.207 E4.1636
G1 X100.395 Y109.993 E4.27753
G1 X98.652 Y111.598 E4.39149
G1 X96.744 Y113.001 E4.5054
G1 X94.692 Y114.185 E4.61934
G1 X92.522 Y115.137 E4.73331
G1 X90.261 Y115.844 E4.84725
G1 X87.936 Y116.298 E4.96119
G1 X85.575 Y116.494 E5.07514
G1 X83.207 Y116.429 E5.18908
G1 X80.861 Y116.103 E5.303
G1 X78.564 Y115.522 E5.41696
G1 X76.346 Y114.691 E5.53088
G1 X74.232 Y113.621 E5.64484
G1 X72.249 Y112.326 E5.75875
G1 X70.42 Y110.82 E5.8727
G1 X68.768 Y109.122 E5.98664
G1 X67.313 Y107.252 E6.1006
G1 X66.073 Y105.235 E6.21448
G1 X65.04 Y103.03 E6.33159
G1 X64.292 Y100.851 E6.4424
G1 X63.774 Y98.539 E6.55636
G1 X63.513 Y96.185 E6.67027
G1 X63.513 Y93.815 E6.78426
G1 X63.774 Y91.461 E6.89817
G1 X64.292 Y89.151 E7.01203
G1 X65.089 Y86.85 E7.12915
G1 X66.072 Y84.766 E7.23997
G1 X67.313 Y82.748 E7.35391
G1 X68.768 Y80.878 E7.46787
G1 X70.42 Y79.18 E7.58181
G1 X72.249 Y77.674 E7.69576
G1 X74.232 Y76.379 E7.80967
G1 X76.346 Y75.309 E7.92363
G1 X78.564 Y74.478 E8.03755
G1 X80.861 Y73.897 E8.15151
G1 X83.206 Y73.571 E8.26538
G1 X85.64 Y73.511 E8.38248
G1 X87.902 Y73.699 E8.49165
G1 X87.994 Y73.32 F7800
G1 F3600
G1 X90.356 Y73.781 E8.6074
G1 X92.658 Y74.501 E8.72341
G1 X94.866 Y75.47 E8.83938
G1 X96.955 Y76.676 E8.95539
G1 X98.898 Y78.104 E9.07137
G1 X100.672 Y79.737 E9.18734
G1 X102.256 Y81.556 E9.30335
G1 X103.63 Y83.538 E9.41934
G1 X104.778 Y85.659 E9.53534
G1 X105.685 Y87.893 E9.65131
G1 X106.342 Y90.213 E9.76728
G1 X106.739 Y92.592 E9.88328
G1 X106.858 Y94.762 E9.98781
G1 X106.858 Y95.238 E10.0107
G1 X106.739 Y97.408 E10.11523
G1 X106.342 Y99.787 E10.23123
G1 X105.685 Y102.107 E10.3472
G1 X104.778 Y104.341 E10.46317
G1 X103.63 Y106.462 E10.57917
G1 X102.256 Y108.444 E10.69516
G1 X100.672 Y110.263 E10.81117
G1 X98.898 Y111.896 E10.92714
G1 X96.955 Y113.324 E11.04312
G1 X94.866 Y114.53 E11.15913
G1 X92.658 Y115.499 E11.2751
G1 X90.356 Y116.219 E11.39111
G1 X87.989 Y116.681 E11.5071
G1 X85.586 Y116.88 E11.62307
G1 X83.175 Y116.814 E11.73907
G1 X80.787 Y116.482 E11.85503
G1 X78.449 Y115.89 E11.97103
G1 X76.19 Y115.045 E12.08703
G1 X74.039 Y113.956 E12.20299
G1 X72.02 Y112.637 E12.31898
G1 X70.158 Y111.104 E12.43498
G1 X68.477 Y109.375 E12.55096
G1 X66.995 Y107.472 E12.66697
G1 X65.733 Y105.419 E12.78288
G1 X64.682 Y103.175 E12.90206
G1 X63.92 Y100.956 E13.0149
G1 X63.393 Y98.603 E13.13087
G1 X63.128 Y96.206 E13.24686
G1 X63.128 Y93.794 E13.36287
G1 X63.393 Y91.397 E13.47886
G1 X63.92 Y89.045 E13.59479
G1 X64.731 Y86.704 E13.71395
G1 X65.733 Y84.582 E13.82682
G1 X66.995 Y82.528 E13.94277
G1 X68.477 Y80.625 E14.05878
G1 X70.158 Y78.896 E14.17476
G1 X72.02 Y77.363 E14.29076
G1 X74.039 Y76.044 E14.40675
G1 X76.19 Y74.955 E14.52271
G1 X78.449 Y74.11 E14.63871
G1 X80.787 Y73.518 E14.75471
G1 X83.175 Y73.186 E14.87067
G1 X85.651 Y73.125 E14.98979
G1 X87.934 Y73.314 E15.09997
G1 X88.026 Y72.935 F7800
;TYPE:External perimeter
G1 F1800
G1 X88.042 Y72.936 E15.10074
G1 X90.451 Y73.407 E15.2188
G1 X92.793 Y74.14 E15.33683
G1 X95.041 Y75.125 E15.45487
G1 X97.166 Y76.352 E15.57289
G1 X99.143 Y77.806 E15.69092
G1 X100.949 Y79.468 E15.80897
G1 X102.561 Y81.319 E15.92702
G1 X103.959 Y83.335 E16.04502
G1 X105.127 Y85.494 E16.16308
G1 X106.051 Y87.767 E16.28109
G1 X106.718 Y90.129 E16.39914
G1 X107.122 Y92.55 E16.51719
G1 X107.243 Y94.741 E16.62273
G1 X107.243 Y95.259 E16.64764
G1 X107.122 Y97.45 E16.75318
G1 X106.718 Y99.871 E16.87123
G1 X106.051 Y102.233 E16.98928
G1 X105.127 Y104.506 E17.10729
G1 X103.959 Y106.665 E17.22535
G1 X102.561 Y108.681 E17.34335
G1 X100.949 Y110.532 E17.4614
G1 X99.143 Y112.194 E17.57945
G1 X97.166 Y113.648 E17.69748
G1 X95.041 Y114.875 E17.8155
G1 X92.793 Y115.86 E17.93354
G1 X90.451 Y116.593 E18.05157
G1 X88.042 Y117.064 E18.16963
G1 X85.597 Y117.266 E18.28763
G1 X83.144 Y117.199 E18.40565
G1 X80.713 Y116.861 E18.5237
G1 X78.334 Y116.259 E18.64173
G1 X76.035 Y115.399 E18.75979
G1 X73.846 Y114.29 E18.87781
G1 X71.791 Y112.948 E18.99586
G1 X69.897 Y111.388 E19.11388
G1 X68.185 Y109.629 E19.23194
G1 X66.678 Y107.692 E19.34998
G1 X65.393 Y105.602 E19.46798
G1 X64.324 Y103.32 E19.58918
G1 X63.549 Y101.061 E19.70405
G1 X63.012 Y98.666 E19.8221
G1 X62.742 Y96.227 E19.94012
G1 X62.742 Y93.773 E20.05815
G1 X63.012 Y91.334 E20.17617
G1 X63.549 Y88.939 E20.29422
G1 X64.374 Y86.558 E20.41542
G1 X65.393 Y84.398 E20.53029
G1 X66.678 Y82.308 E20.64829
G1 X68.185 Y80.371 E20.76633
G1 X69.897 Y78.612 E20.88439
G1 X71.791 Y77.052 E21.00241
G1 X73.846 Y75.71 E21.12046
G1 X76.035 Y74.601 E21.23848
G1 X78.334 Y73.741 E21.35654
G1 X80.713 Y73.139 E21.47457
G1 X83.143 Y72.801 E21.59257
G1 X85.662 Y72.739 E21.71376
G1 X87.966 Y72.93 E21.82495
G1 X88.36 Y73 F7800
G1 E19.82495 F2400
G92 E0
G1 X68.901 Y109.005 F7800
G1 E2 F2400
;TYPE:Solid infill
;WIDTH:0.404381
G1 F3000
G1 X70.551 Y110.678 E2.09965
G1 X69.037 Y109.143 E2.19108
G1 E.19108 F2400
G92 E0
G1 X67.498 Y107.124 F7800
G1 E2 F2400
;WIDTH:0.404907
G1 F3000
G1 X67.949 Y107.635 E2.02895
;WIDTH:0.45
G1 X68.189 Y107.908 E2.04643
G1 X72.16 Y111.879 E2.31653
G1 X72.422 Y112.082 E2.33247
;WIDTH:0.411403
G1 X72.402 Y112.155 E2.33575
G1 X72.475 Y112.135 E2.33903
G1 X72.464 Y112.093 E2.34091
G1 E.34091 F2400
G92 E0
G1 X74.164 Y113.225 F7800
G1 E2 F2400
;WIDTH:0.404381
G1 F3000
G1 X74.175 Y113.266 E2.0018
G1 X74.104 Y113.285 E2.00492
G1 X74.123 Y113.214 E2.00804
;WIDTH:0.45
G1 X73.861 Y113.034 E2.02333
G1 X66.971 Y106.144 E2.49198
G1 X66.786 Y105.841 E2.50905
;WIDTH:0.404381
G1 X66.797 Y105.882 E2.51085
G1 X66.726 Y105.901 E2.51397
G1 X66.745 Y105.83 E2.51709
G1 X66 Y104.519 F7800
G1 F3000
G1 X65.981 Y104.59 E2.52021
G1 X66.052 Y104.571 E2.52333
G1 X66.041 Y104.53 E2.52513
;WIDTH:0.45
G1 X66.203 Y104.83 E2.54153
G1 X75.119 Y113.746 E3.14799
G1 X75.381 Y113.9 E3.16261
;WIDTH:0.404381
G1 X75.361 Y113.971 E3.16574
G1 X75.433 Y113.952 E3.1689
G1 X75.422 Y113.911 E3.1707
G1 X76.485 Y114.456 F7800
G1 F3000
G1 X76.466 Y114.527 E3.17382
G1 X76.537 Y114.508 E3.17694
G1 X76.526 Y114.467 E3.17874
;WIDTH:0.45
G1 X76.223 Y114.305 E3.19527
G1 X65.722 Y103.804 E3.90953
G1 X65.269 Y102.806 F7800
G1 F3000
G1 X77.145 Y114.682 E4.71732
G1 X77.407 Y114.813 E4.73141
;WIDTH:0.404381
G1 X77.388 Y114.884 E4.73453
G1 X77.459 Y114.865 E4.73765
G1 X77.448 Y114.824 E4.73945
G1 X78.319 Y115.153 F7800
G1 F3000
G1 X78.33 Y115.195 E4.74129
G1 X78.259 Y115.214 E4.74441
G1 X78.278 Y115.142 E4.74757
;WIDTH:0.45
G1 X78.017 Y115.008 E4.76168
G1 X71.807 Y108.798 E5.18408
G1 X71.534 Y108.568 E5.20125
;WIDTH:0.404381
G1 X71.438 Y108.466 E5.20719
;WIDTH:0.45
G1 X71.202 Y108.193 E5.22455
G1 X64.984 Y101.975 E5.64749
G1 X64.843 Y101.675 E5.66343
;WIDTH:0.404381
G1 X64.854 Y101.716 E5.66523
G1 X64.783 Y101.735 E5.66835
G1 X64.802 Y101.664 E5.67147
;WIDTH:0.45
G1 X64.699 Y101.145 E5.69692
G1 X71.072 Y107.518 E6.1304
G1 X71.072 Y106.973 E6.15661
G1 X64.484 Y100.385 E6.60472
G1 X64.326 Y99.682 E6.63938
G1 X71.072 Y106.428 E7.09823
G1 X71.072 Y105.882 E7.12449
G1 X64.169 Y98.979 E7.59402
G1 X64.039 Y98.303 E7.62713
G1 X71.072 Y105.337 E8.10554
G1 X71.072 Y104.792 E8.13175
G1 X63.971 Y97.69 E8.61479
G1 X63.903 Y97.077 E8.64445
G1 X71.072 Y104.246 E9.13208
G1 X71.072 Y103.701 E9.15829
G1 X63.835 Y96.464 E9.65054
G1 X63.803 Y95.886 E9.67838
G1 X71.072 Y103.156 E10.17284
G1 X71.072 Y102.61 E10.1991
G1 X63.803 Y95.34 E10.69356
G1 X63.803 Y94.795 E10.71977
G1 X71.072 Y102.065 E11.21423
G1 X71.072 Y101.52 E11.24044
G1 X63.803 Y94.25 E11.7349
G1 X63.815 Y93.717 E11.76054
G1 X71.072 Y100.974 E12.25415
G1 X71.072 Y100.429 E12.28036
G1 X63.87 Y93.226 E12.77027
G1 X63.924 Y92.735 E12.79403
G1 X71.072 Y99.884 E13.28026
G1 X71.072 Y99.338 E13.30652
G1 X63.978 Y92.244 E13.78905
G1 X64.033 Y91.753 E13.81281
G1 X71.072 Y98.793 E14.29163
G1 X71.072 Y98.248 E14.31784
G1 X64.11 Y91.285 E14.79142
G1 X64.21 Y90.839 E14.8134
G1 X71.072 Y97.702 E15.28018
G1 X71.072 Y97.157 E15.30639
G1 X64.309 Y90.394 E15.7664
G1 X64.409 Y89.948 E15.78838
G1 X71.072 Y96.612 E16.24162
G1 X71.072 Y96.066 E16.26788
G1 X64.509 Y89.503 E16.71429
G1 X64.625 Y89.073 E16.73571
G1 X71.072 Y95.521 E17.17426
G1 X71.072 Y94.975 E17.20052
G1 X64.765 Y88.668 E17.62951
G1 X64.905 Y88.263 E17.65012
G1 X71.072 Y94.43 E18.06959
G1 X71.072 Y93.885 E18.0958
G1 X65.046 Y87.858 E18.50572
G1 X65.186 Y87.453 E18.52633
G1 X71.072 Y93.339 E18.92669
G1 X71.072 Y92.794 E18.9529
G1 X65.326 Y87.048 E19.34374
G1 X65.494 Y86.67 E19.36364
G1 X71.072 Y92.249 E19.74308
G1 X71.072 Y91.703 E19.76934
G1 X65.668 Y86.299 E20.13691
G1 X65.843 Y85.929 E20.1566
G1 X71.072 Y91.158 E20.51227
G1 X71.072 Y90.613 E20.53848
G1 X66.018 Y85.558 E20.88228
G1 X66.193 Y85.188 E20.90197
G1 X71.072 Y90.067 E21.23383
G1 X71.072 Y89.522 E21.26004
G1 X66.375 Y84.825 E21.57952
G1 X66.583 Y84.487 E21.59861
G1 X71.072 Y88.977 E21.90398
G1 X71.072 Y88.431 E21.93024
G1 X66.791 Y84.15 E22.22143
G1 X66.998 Y83.812 E22.24049
G1 X71.072 Y87.886 E22.5176
G1 X71.072 Y87.341 E22.54381
G1 X67.206 Y83.474 E22.8068
G1 X67.414 Y83.136 E22.82589
G1 X71.072 Y86.795 E23.07474
G1 X71.072 Y86.25 E23.10095
G1 X67.632 Y82.809 E23.33497
G1 X67.87 Y82.502 E23.35365
G1 X71.072 Y85.705 E23.57148
G1 X71.072 Y85.159 E23.59774
G1 X68.109 Y82.196 E23.79928
G1 X68.348 Y81.889 E23.81799
G1 X71.072 Y84.614 E24.00331
G1 X71.072 Y84.069 E24.02952
G1 X68.586 Y81.582 E24.19865
G1 X68.942 Y81.126 E24.22647
G1 X70.616 Y79.393 E24.34236
G1 X71.891 Y78.343 E24.4218
G1 X74.638 Y81.09 E24.60865
G1 X72.336 Y81.09 E24.71937
G1 X71.845 Y81.191 E24.74348
G1 X71.505 Y81.399 E24.76265
G1 X71.246 Y81.713 E24.78223
G1 X71.104 Y82.076 E24.80098
G1 X71.072 Y82.347 E24.8141
G1 X71.072 Y83.523 E24.87066
G1 X68.961 Y81.412 E25.01425
G1 X69.351 Y81.257 E25.03443
G1 X70.878 Y79.677 E25.14011
G1 X71.866 Y78.863 E25.20168
G1 X73.707 Y80.704 E25.3269
G1 X72.336 Y80.704 E25.39284
G1 X72.214 Y80.717 E25.39874
G1 X71.65 Y80.851 E25.42662
G1 X71.195 Y81.158 E25.45302
G1 X70.886 Y81.562 E25.47748
G1 X70.71 Y82.086 E25.50407
G1 X70.687 Y82.592 E25.52843
G1 X69.488 Y81.393 E25.60998
G1 X69.957 Y81.252 E25.63353
;WIDTH:0.542766
G1 X70.267 Y80.915 E25.66085
;WIDTH:0.521226
G1 X70.777 Y80.383 E25.70284
;WIDTH:0.514851
G1 X70.959 Y80.172 E25.7185
;WIDTH:0.482425
G1 X71.14 Y79.961 E25.73299
;WIDTH:0.45
G1 X71.841 Y79.384 E25.77666
G1 X72.776 Y80.318 E25.84022
G1 X72.133 Y80.34 E25.87116
G1 X71.494 Y80.498 E25.90282
;WIDTH:0.482425
G1 X71.279 Y80.613 E25.91553
;WIDTH:0.514851
G1 X71.063 Y80.727 E25.92925
G1 X70.9 Y80.872 E25.94151
;WIDTH:0.527238
G1 X70.567 Y81.27 E25.97147
;WIDTH:0.542766
G1 X70.38 Y81.674 E25.99803
G1 X70.094 Y81.388 E26.02216
G1 E24.02216 F2400
G92 E0
G1 X71.797 Y79.909 F7800
G1 E2 F2400
;WIDTH:0.543145
G1 F3000
G1 X71.755 Y79.951 E2.00355
G1 X71.771 Y80.009 E2.00714
G1 X71.828 Y80.025 E2.01068
G1 X71.871 Y79.982 E2.01431
G1 X71.855 Y79.924 E2.0179
G1 X72.19 Y78.097 F7800
;WIDTH:0.45
G1 F3000
G1 X75.183 Y81.09 E2.22148
G1 X75.728 Y81.09 E2.24769
G1 X72.497 Y77.858 E2.46749
G1 X72.826 Y77.642 E2.48642
G1 X76.274 Y81.09 E2.72095
G1 X76.819 Y81.09 E2.74716
G1 X73.156 Y77.427 E2.99631
G1 X73.486 Y77.211 E3.01528
G1 X77.364 Y81.09 E3.27909
G1 X77.91 Y81.09 E3.30535
G1 X73.816 Y76.996 E3.58382
G1 X74.146 Y76.78 E3.60279
G1 X78.455 Y81.09 E3.89592
G1 X79 Y81.09 E3.92213
G1 X74.485 Y76.574 E4.22927
G1 X74.847 Y76.391 E4.24878
G1 X79.546 Y81.09 E4.5684
G1 X80.091 Y81.09 E4.59461
G1 X75.209 Y76.208 E4.92668
G1 X75.572 Y76.025 E4.94623
G1 X80.636 Y81.09 E5.29071
G1 X81.182 Y81.09 E5.31697
G1 X75.934 Y75.841 E5.67397
G1 X76.296 Y75.658 E5.69348
G1 X81.727 Y81.09 E6.06292
G1 X82.273 Y81.09 E6.08918
G1 X76.677 Y75.494 E6.46981
G1 X77.073 Y75.345 E6.49016
G1 X82.818 Y81.09 E6.88093
G1 X83.363 Y81.09 E6.90714
G1 X77.47 Y75.197 E7.30797
G1 X77.867 Y75.048 E7.32836
G1 X83.909 Y81.09 E7.73933
G1 X84.454 Y81.09 E7.76554
G1 X78.264 Y74.899 E8.18661
G1 X78.662 Y74.752 E8.20702
G1 X84.999 Y81.09 E8.63809
G1 X85.545 Y81.09 E8.66435
G1 X79.097 Y74.642 E9.10293
G1 X79.532 Y74.531 E9.12452
G1 X86.09 Y81.09 E9.57062
G1 X86.635 Y81.09 E9.59683
G1 X79.967 Y74.421 E10.05041
G1 X80.402 Y74.311 E10.07199
G1 X87.181 Y81.09 E10.53309
G1 X87.726 Y81.09 E10.5593
G1 X80.837 Y74.201 E11.02788
G1 X81.308 Y74.127 E11.05081
G1 X88.271 Y81.09 E11.52442
G1 X88.817 Y81.09 E11.55068
G1 X81.787 Y74.06 E12.02885
G1 X82.266 Y73.994 E12.05211
G1 X89.362 Y81.09 E12.53477
G1 X89.907 Y81.09 E12.56098
G1 X82.745 Y73.927 E13.04816
G1 X83.224 Y73.861 E13.07142
G1 X90.453 Y81.09 E13.56313
G1 X90.998 Y81.09 E13.58934
G1 X83.756 Y73.847 E14.08197
G1 X84.288 Y73.834 E14.10756
G1 X91.543 Y81.09 E14.60107
G1 X92.089 Y81.09 E14.62733
G1 X84.82 Y73.821 E15.12176
G1 X85.352 Y73.808 E15.14735
G1 X92.634 Y81.09 E15.64266
G1 X93.179 Y81.09 E15.66887
G1 X85.914 Y73.824 E16.16306
G1 X86.509 Y73.873 E16.19177
G1 X93.725 Y81.09 E16.68263
G1 X94.27 Y81.09 E16.70884
G1 X87.103 Y73.923 E17.19633
G1 X87.698 Y73.972 E17.22504
G1 X94.816 Y81.09 E17.7092
G1 X95.361 Y81.09 E17.73541
G1 X88.348 Y74.077 E18.21243
G1 X89.026 Y74.209 E18.24565
G1 X95.906 Y81.09 E18.71365
G1 X96.452 Y81.09 E18.73991
G1 X89.703 Y74.341 E19.19897
G1 X90.414 Y74.506 E19.23408
G1 X96.997 Y81.09 E19.68188
G1 X97.542 Y81.09 E19.70809
G1 X91.207 Y74.755 E20.13899
G1 X90.965 Y74.563 E20.15385
;WIDTH:0.404381
G1 X90.976 Y74.604 E20.15565
G1 X90.905 Y74.623 E20.15877
G1 X90.924 Y74.552 E20.16189
G1 X91.717 Y74.8 F7800
G1 F3000
G1 X91.698 Y74.871 E20.16501
G1 X91.769 Y74.852 E20.16813
G1 X91.758 Y74.811 E20.16993
;WIDTH:0.45
G1 X92.001 Y75.003 E20.18483
G1 X98.258 Y81.26 E20.61042
G1 E18.61042 F2400
G92 E0
G1 X72.464 Y108.91 F7800
G1 E2 F2400
G1 F3000
G1 X78.85 Y115.296 E2.43437
G1 X79.58 Y115.481 E2.47059
G1 X73.01 Y108.91 E2.91751
G1 X73.555 Y108.91 E2.94372
G1 X80.31 Y115.666 E3.40322
G1 X81.024 Y115.834 E3.4385
G1 X74.1 Y108.91 E3.90946
G1 X74.646 Y108.91 E3.93572
G1 X81.657 Y115.922 E4.41263
G1 X82.29 Y116.01 E4.44337
G1 X75.191 Y108.91 E4.92627
G1 X75.737 Y108.91 E4.95253
G1 X82.924 Y116.097 E5.44138
G1 X83.52 Y116.148 E5.47015
G1 X76.282 Y108.91 E5.96247
G1 X76.827 Y108.91 E5.98868
G1 X84.08 Y116.164 E6.48205
G1 X84.641 Y116.179 E6.50904
G1 X77.373 Y108.91 E7.00343
G1 X77.918 Y108.91 E7.02964
G1 X85.202 Y116.194 E7.52509
G1 X85.743 Y116.19 E7.55111
G1 X78.463 Y108.91 E8.04629
G1 X79.009 Y108.91 E8.07255
G1 X86.246 Y116.148 E8.56484
G1 X86.75 Y116.107 E8.58916
G1 X79.554 Y108.91 E9.07866
G1 X80.099 Y108.91 E9.10487
G1 X87.254 Y116.065 E9.59154
G1 X87.757 Y116.023 E9.61582
G1 X80.645 Y108.91 E10.0996
G1 X81.19 Y108.91 E10.12581
G1 X88.227 Y115.947 E10.60446
G1 X88.683 Y115.858 E10.62681
G1 X81.735 Y108.91 E11.0994
G1 X82.281 Y108.91 E11.12566
G1 X89.139 Y115.769 E11.59217
G1 X89.595 Y115.68 E11.61452
G1 X82.826 Y108.91 E12.07497
G1 X83.371 Y108.91 E12.10118
G1 X90.052 Y115.591 E12.55561
G1 X90.479 Y115.473 E12.57692
G1 X83.917 Y108.91 E13.02329
G1 X84.462 Y108.91 E13.0495
G1 X90.895 Y115.343 E13.48706
G1 X91.31 Y115.213 E13.50798
G1 X85.007 Y108.91 E13.9367
G1 X85.553 Y108.91 E13.96296
G1 X91.726 Y115.083 E14.38284
G1 X92.141 Y114.953 E14.40376
G1 X86.098 Y108.91 E14.8148
G1 X86.643 Y108.91 E14.84101
G1 X92.545 Y114.812 E15.24246
G1 X92.924 Y114.645 E15.26238
G1 X87.189 Y108.91 E15.65247
G1 X87.734 Y108.91 E15.67868
G1 X93.303 Y114.479 E16.05748
G1 X93.682 Y114.313 E16.07738
G1 X88.28 Y108.91 E16.44485
G1 X88.825 Y108.91 E16.47106
G1 X94.061 Y114.146 E16.82721
G1 X94.44 Y113.98 E16.84711
G1 X89.37 Y108.91 E17.19197
G1 X89.916 Y108.91 E17.21823
G1 X94.796 Y113.791 E17.5502
G1 X95.142 Y113.592 E17.5694
G1 X90.461 Y108.91 E17.88783
G1 X91.006 Y108.91 E17.91404
G1 X95.488 Y113.392 E18.2189
G1 X95.834 Y113.192 E18.23812
G1 X91.552 Y108.91 E18.52938
G1 X92.097 Y108.91 E18.55559
G1 X96.179 Y112.993 E18.83328
G1 X96.525 Y112.793 E18.8525
G1 X92.642 Y108.91 E19.11662
G1 X93.188 Y108.91 E19.14288
G1 X96.845 Y112.568 E19.39166
G1 X97.159 Y112.337 E19.41041
G1 X93.733 Y108.91 E19.64348
G1 X94.278 Y108.91 E19.66969
G1 X97.473 Y112.106 E19.88704
G1 X97.788 Y111.875 E19.90583
G1 X94.824 Y108.91 E20.10747
G1 X95.369 Y108.91 E20.13368
G1 X98.102 Y111.643 E20.31958
G1 X98.416 Y111.412 E20.33833
G1 X95.914 Y108.91 E20.50851
G1 X97.633 Y108.91 E20.59119
G1 X97.967 Y108.864 E20.60741
G1 X98.295 Y108.723 E20.62458
G1 X98.602 Y108.456 E20.64415
G1 X98.836 Y108.022 E20.66786
G1 X98.893 Y107.649 E20.68601
G1 X98.893 Y105.345 E20.79682
G1 X101.655 Y108.107 E20.98469
G1 X100.188 Y109.791 E21.09211
G1 X98.705 Y111.156 E21.18905
G1 X96.596 Y109.047 E21.3325
G1 X97.391 Y109.296 F7800
G1 F3000
G1 X97.633 Y109.296 E21.34414
G1 X98.18 Y109.2 E21.37085
G1 X98.604 Y108.976 E21.39391
G1 X98.982 Y108.587 E21.42
G1 X99.216 Y108.083 E21.44673
G1 X99.279 Y107.649 E21.46782
G1 X99.279 Y106.276 E21.53386
G1 X101.128 Y108.125 E21.65963
G1 X99.911 Y109.522 E21.74874
G1 X98.716 Y110.622 E21.82686
G1 X97.527 Y109.432 E21.90777
G1 X98.315 Y109.607 F7800
;WIDTH:0.546059
G1 F3000
G1 X98.636 Y109.468 E21.92879
G1 X99.143 Y109.05 E21.96827
;WIDTH:0.537287
G1 X99.36 Y108.79 E21.98825
G1 X99.479 Y108.467 E22.00855
;WIDTH:0.493643
G1 X99.597 Y108.145 E22.02691
;WIDTH:0.45
G1 X99.652 Y107.803 E22.04357
G1 X99.665 Y107.207 E22.07224
G1 X100.601 Y108.143 E22.13591
;WIDTH:0.45687
G1 X100.018 Y108.807 E22.17917
;WIDTH:0.489783
G1 X99.808 Y109.022 E22.19512
;WIDTH:0.522696
G1 X99.19 Y109.618 E22.2442
;WIDTH:0.546059
G1 X98.729 Y110.021 E22.28099
G1 X98.451 Y109.744 E22.30457
G1 E20.30457 F2400
G92 E0
G1 X100.008 Y108.108 F7800
G1 E2 F2400
;WIDTH:0.524537
G1 F3000
G1 X99.967 Y108.148 E2.00329
G1 X99.982 Y108.204 E2.00662
G1 X100.037 Y108.219 E2.00989
G1 X100.078 Y108.178 E2.01322
G1 X100.063 Y108.122 E2.01655
G1 X101.886 Y107.793 F7800
;WIDTH:0.45
G1 F3000
G1 X98.893 Y104.8 E2.22013
G1 X98.893 Y104.255 E2.24634
G1 X102.11 Y107.471 E2.46512
G1 X102.333 Y107.149 E2.48396
G1 X98.893 Y103.709 E2.71794
G1 X98.893 Y103.164 E2.74415
G1 X102.556 Y106.827 E2.9933
G1 X102.78 Y106.505 E3.01217
G1 X98.893 Y102.619 E3.27652
G1 X98.893 Y102.073 E3.30278
G1 X103.003 Y106.183 E3.58234
G1 X103.202 Y105.836 E3.60158
G1 X98.893 Y101.528 E3.89464
G1 X98.893 Y100.982 E3.9209
G1 X103.393 Y105.482 E4.22698
G1 X103.585 Y105.128 E4.24635
G1 X98.893 Y100.437 E4.56546
G1 X98.893 Y99.892 E4.59167
G1 X103.776 Y104.775 E4.92381
G1 X103.968 Y104.421 E4.94318
G1 X98.893 Y99.346 E5.28838
G1 X98.893 Y98.801 E5.31459
G1 X104.159 Y104.067 E5.67278
G1 X104.318 Y103.68 E5.6929
G1 X98.893 Y98.256 E6.06187
G1 X98.893 Y97.71 E6.08813
G1 X104.476 Y103.293 E6.46788
G1 X104.633 Y102.905 E6.48801
G1 X98.893 Y97.165 E6.87844
G1 X98.893 Y96.62 E6.90465
G1 X104.791 Y102.517 E7.30579
G1 X104.948 Y102.129 E7.32592
G1 X98.893 Y96.074 E7.73777
G1 X98.893 Y95.529 E7.76398
G1 X105.092 Y101.727 E8.18559
G1 X105.212 Y101.302 E8.20683
G1 X98.893 Y94.984 E8.63661
G1 X98.893 Y94.438 E8.66287
G1 X105.332 Y100.877 E9.10084
G1 X105.452 Y100.452 E9.12208
G1 X98.893 Y93.893 E9.56822
G1 X98.893 Y93.348 E9.59443
G1 X105.572 Y100.027 E10.04873
G1 X105.689 Y99.598 E10.07012
G1 X98.893 Y92.802 E10.53238
G1 X98.893 Y92.257 E10.55859
G1 X105.767 Y99.13 E11.02612
G1 X105.845 Y98.663 E11.04889
G1 X98.893 Y91.712 E11.52172
G1 X98.893 Y91.166 E11.54798
G1 X105.923 Y98.196 E12.02615
G1 X106.001 Y97.728 E12.04897
G1 X98.893 Y90.621 E12.53241
G1 X98.893 Y90.076 E12.55862
G1 X106.071 Y97.253 E13.04682
G1 X106.1 Y96.737 E13.07168
G1 X98.893 Y89.53 E13.56189
G1 X98.893 Y88.985 E13.5881
G1 X106.128 Y96.22 E14.08022
G1 X106.157 Y95.703 E14.10512
G1 X98.893 Y88.439 E14.59921
G1 X98.893 Y87.894 E14.62542
G1 X106.185 Y95.186 E15.12141
G1 X106.175 Y94.631 E15.14811
G1 X98.893 Y87.349 E15.64342
G1 X98.893 Y86.803 E15.66968
G1 X106.143 Y94.053 E16.16282
G1 X106.111 Y93.476 E16.19061
G1 X98.893 Y86.258 E16.68157
G1 X98.893 Y85.713 E16.70778
G1 X106.08 Y92.899 E17.1966
G1 X106.002 Y92.276 E17.2268
G1 X98.893 Y85.167 E17.71035
G1 X98.893 Y84.622 E17.73656
G1 X105.892 Y91.621 E18.21262
G1 X105.783 Y90.966 E18.24456
G1 X98.893 Y84.077 E18.71318
G1 X98.893 Y83.531 E18.73944
G1 X105.666 Y90.304 E19.20013
G1 X105.642 Y89.783 E19.22521
;WIDTH:0.404381
G1 X105.653 Y89.824 E19.22701
G1 X105.582 Y89.843 E19.23013
G1 X105.601 Y89.772 E19.23325
;WIDTH:0.45
G1 X105.451 Y89.544 E19.24638
G1 X98.893 Y82.986 E19.69245
G1 X98.893 Y82.441 E19.71866
G1 X105.236 Y88.783 E20.15007
G1 X105.386 Y89.012 E20.16324
;WIDTH:0.404381
G1 X105.367 Y89.083 E20.16636
G1 X105.438 Y89.064 E20.16948
G1 X105.427 Y89.023 E20.17128
G1 X105.201 Y88.244 F7800
G1 F3000
G1 X105.212 Y88.285 E20.17308
G1 X105.141 Y88.304 E20.1762
G1 X105.16 Y88.233 E20.17932
;WIDTH:0.45
G1 X105.002 Y88.004 E20.1927
G1 X98.731 Y81.733 E20.61925
G1 E18.61925 F2400
G92 E0
G1 X104.8 Y87.315 F7800
G1 E2 F2400
;WIDTH:0.404381
G1 F3000
G1 X104.781 Y87.386 E2.00312
G1 X104.852 Y87.367 E2.00624
G1 X104.841 Y87.326 E2.00804
;WIDTH:0.45
G1 X104.629 Y87.086 E2.02344
G1 X92.878 Y75.335 E2.82273
G1 X92.636 Y75.128 E2.83805
;WIDTH:0.404381
G1 X92.647 Y75.169 E2.83985
G1 X92.575 Y75.188 E2.84301
G1 X92.594 Y75.117 E2.84613
G1 X93.566 Y75.536 F7800
G1 F3000
G1 X93.547 Y75.608 E2.84929
G1 X93.618 Y75.588 E2.85242
G1 X93.607 Y75.547 E2.85422
;WIDTH:0.45
G1 X93.85 Y75.761 E2.86979
G1 X104.256 Y86.168 E3.57763
G1 X104.468 Y86.408 E3.59303
;WIDTH:0.404381
G1 X104.479 Y86.449 E3.59483
G1 X104.408 Y86.468 E3.59795
G1 X104.427 Y86.397 E3.60107
G1 X103.911 Y85.286 F7800
G1 F3000
G1 X103.922 Y85.327 E3.60287
G1 X103.851 Y85.347 E3.606
G1 X103.87 Y85.275 E3.60916
;WIDTH:0.45
G1 X103.678 Y85.044 E3.62361
G1 X94.664 Y76.033 E4.23663
;WIDTH:0.404381
G1 X94.675 Y76.074 E4.23843
G1 X94.604 Y76.093 E4.24155
G1 X94.623 Y76.022 E4.24467
G1 X95.913 Y76.767 F7800
G1 F3000
G1 X95.894 Y76.838 E4.24779
G1 X95.965 Y76.819 E4.25091
G1 X95.954 Y76.778 E4.25271
;WIDTH:0.45
G1 X103.017 Y83.837 E4.73299
G1 X103.214 Y84.069 E4.74763
;WIDTH:0.404381
G1 X103.195 Y84.14 E4.75075
G1 X103.266 Y84.121 E4.75387
G1 X103.255 Y84.08 E4.75567
G1 E2.75567 F2400
G92 E0
G1 X98.024 Y78.299 F7800
G1 E2 F2400
;WIDTH:0.45
G1 F3000
G1 X101.783 Y82.059 E2.25572
G1 X102.011 Y82.331 E2.27279
;WIDTH:0.404381
G1 X101.985 Y82.15 E2.28054
G1 X101.792 Y81.917 E2.29337
;WIDTH:0.437087
G1 X100.192 Y80.204 E2.40233
G1 X98.503 Y78.583 E2.51115
;WIDTH:0.404381
G1 X97.946 Y78.104 E2.5423
G1 X97.751 Y78.065 E2.55073
G1 X96.661 Y77.129 E2.61166
;LAYER_CHANGE
;Z:15.05
;HEIGHT:0.3
G1 E.61166 F2400
G92 E0
G1 Z15.05 F7800
G1 X98.313 Y108.33
G1 E2 F2400
;TYPE:Perimeter
;WIDTH:0.45
G1 F3600
G1 X98.161 Y108.469 E2.00991
G1 X97.912 Y108.582 E2.02306
G1 X97.584 Y108.621 E2.03895
G1 X72.326 Y108.621 E3.25377
G1 X71.929 Y108.536 E3.2733
G1 X71.635 Y108.329 E3.29059
G1 X71.481 Y108.122 E3.303
G1 X71.38 Y107.843 E3.31727
G1 X71.362 Y107.657 E3.32626
G1 X71.362 Y82.343 E4.54378
G1 X71.38 Y82.157 E4.55277
G1 X71.529 Y81.8 E4.57138
G1 X71.761 Y81.561 E4.5874
G1 X71.929 Y81.464 E4.59673
G1 X72.326 Y81.379 E4.61626
G1 X97.64 Y81.379 E5.83378
G1 X97.912 Y81.418 E5.847
G1 X98.293 Y81.634 E5.86806
G1 X98.466 Y81.845 E5.88118
G1 X98.555 Y82.039 E5.89145
G1 X98.604 Y82.343 E5.90626
G1 X98.604 Y107.657 E7.12378
G1 X98.555 Y107.961 E7.13859
G1 X98.4 Y108.251 E7.15441
G1 X98.357 Y108.29 E7.1572
G1 X98.047 Y108.06 F7800
G1 F3600
G1 X98.032 Y108.083 E7.15852
G1 X97.804 Y108.212 E7.17112
G1 X97.584 Y108.236 E7.18176
G1 X72.326 Y108.236 E8.39658
G1 X71.987 Y108.126 E8.41372
G1 X71.819 Y107.936 E8.42592
G1 X71.747 Y107.657 E8.43978
G1 X71.747 Y82.343 E9.6573
G1 X71.819 Y82.064 E9.67116
G1 X71.987 Y81.874 E9.68336
G1 X72.326 Y81.764 E9.7005
G1 X97.64 Y81.764 E10.91802
G1 X97.952 Y81.856 E10.93366
G1 X98.135 Y82.044 E10.94628
G1 X98.219 Y82.343 E10.96122
G1 X98.219 Y107.657 E12.17874
G1 X98.189 Y107.84 E12.18766
G1 X98.079 Y108.009 E12.19736
G1 X97.776 Y107.786 F7800
;TYPE:External perimeter
G1 F1800
G1 X97.771 Y107.799 E12.19803
G1 X97.64 Y107.85 E12.20479
G1 X72.326 Y107.85 E13.42231
G1 X72.188 Y107.792 E13.42951
G1 X72.133 Y107.657 E13.43652
G1 X72.133 Y82.343 E14.65404
G1 X72.195 Y82.201 E14.66149
G1 X72.326 Y82.15 E14.66825
G1 X97.64 Y82.15 E15.88577
G1 X97.792 Y82.224 E15.8939
G1 X97.833 Y82.343 E15.89995
G1 X97.833 Y107.657 E17.11747
G1 X97.801 Y107.731 E17.12135
G1 X97.417 Y107.844 F7800
G1 E15.12135 F2400
G92 E0
G1 X87.962 Y73.707 F7800
G1 E2 F2400
;TYPE:Perimeter
G1 F3600
G1 X90.261 Y74.156 E2.11266
G1 X92.522 Y74.863 E2.2266
G1 X94.692 Y75.815 E2.34057
G1 X96.744 Y76.999 E2.45451
G1 X98.652 Y78.402 E2.56842
G1 X100.395 Y80.007 E2.68238
G1 X101.951 Y81.793 E2.79631
G1 X103.301 Y83.74 E2.91026
G1 X104.429 Y85.823 E3.02419
G1 X105.32 Y88.018 E3.13813
G1 X105.965 Y90.298 E3.25209
G1 X106.355 Y92.635 E3.36605
G1 X106.473 Y94.783 E3.46952
G1 X106.473 Y95.217 E3.49039
G1 X106.355 Y97.365 E3.59386
G1 X105.965 Y99.702 E3.70782
G1 X105.32 Y101.982 E3.82178
G1 X104.429 Y104.177 E3.93572
G1 X103.301 Y106.26 E4.04965
G1 X101.951 Y108.207 E4.1636
G1 X100.395 Y109.993 E4.27753
G1 X98.652 Y111.598 E4.39149
G1 X96.744 Y113.001 E4.5054
G1 X94.692 Y114.185 E4.61934
G1 X92.522 Y115.137 E4.73331
G1 X90.261 Y115.844 E4.84725
G1 X87.936 Y116.298 E4.96119
G1 X85.575 Y116.494 E5.07514
G1 X83.207 Y116.429 E5.18908
G1 X80.861 Y116.103 E5.303
G1 X78.564 Y115.522 E5.41696
G1 X76.346 Y114.691 E5.53088
G1 X74.232 Y113.621 E5.64484
G1 X72.249 Y112.326 E5.75875
G1 X70.42 Y110.82 E5.8727
G1 X68.768 Y109.122 E5.98664
G1 X67.313 Y107.252 E6.1006
G1 X66.072 Y105.234 E6.21454
G1 X65.056 Y103.076 E6.32926
G1 X64.292 Y100.851 E6.44241
G1 X63.774 Y98.539 E6.55637
G1 X63.513 Y96.185 E6.67028
G1 X63.513 Y93.815 E6.78427
G1 X63.774 Y91.461 E6.89818
G1 X64.292 Y89.149 E7.01214
G1 X65.061 Y86.909 E7.12605
G1 X66.072 Y84.766 E7.24002
G1 X67.313 Y82.748 E7.35396
G1 X68.768 Y80.878 E7.46792
G1 X70.42 Y79.18 E7.58186
G1 X72.249 Y77.674 E7.69581
G1 X74.232 Y76.379 E7.80972
G1 X76.346 Y75.309 E7.92368
G1 X78.564 Y74.478 E8.0376
G1 X80.861 Y73.897 E8.15156
G1 X83.207 Y73.571 E8.26548
G1 X85.592 Y73.507 E8.38023
G1 X87.902 Y73.699 E8.49172
G1 X87.994 Y73.32 F7800
G1 F3600
G1 X90.356 Y73.781 E8.60747
G1 X92.658 Y74.501 E8.72348
G1 X94.866 Y75.47 E8.83945
G1 X96.955 Y76.676 E8.95546
G1 X98.898 Y78.104 E9.07144
G1 X100.672 Y79.737 E9.18741
G1 X102.256 Y81.556 E9.30342
G1 X103.63 Y83.538 E9.41941
G1 X104.778 Y85.659 E9.53541
G1 X105.685 Y87.893 E9.65138
G1 X106.342 Y90.213 E9.76735
G1 X106.739 Y92.592 E9.88335
G1 X106.858 Y94.762 E9.98788
G1 X106.858 Y95.238 E10.01077
G1 X106.739 Y97.408 E10.1153
G1 X106.342 Y99.787 E10.2313
G1 X105.685 Y102.107 E10.34727
G1 X104.778 Y104.341 E10.46324
G1 X103.63 Y106.462 E10.57924
G1 X102.256 Y108.444 E10.69523
G1 X100.672 Y110.263 E10.81124
G1 X98.898 Y111.896 E10.92721
G1 X96.955 Y113.324 E11.04319
G1 X94.866 Y114.53 E11.1592
G1 X92.658 Y115.499 E11.27517
G1 X90.356 Y116.219 E11.39118
G1 X87.989 Y116.681 E11.50717
G1 X85.586 Y116.88 E11.62314
G1 X83.175 Y116.814 E11.73914
G1 X80.787 Y116.482 E11.8551
G1 X78.449 Y115.89 E11.9711
G1 X76.19 Y115.045 E12.0871
G1 X74.039 Y113.956 E12.20306
G1 X72.02 Y112.637 E12.31905
G1 X70.158 Y111.104 E12.43505
G1 X68.477 Y109.375 E12.55103
G1 X66.995 Y107.472 E12.66704
G1 X65.733 Y105.418 E12.78299
G1 X64.698 Y103.221 E12.8998
G1 X63.92 Y100.956 E13.01499
G1 X63.393 Y98.603 E13.13096
G1 X63.128 Y96.206 E13.24695
G1 X63.128 Y93.794 E13.36296
G1 X63.393 Y91.397 E13.47895
G1 X63.92 Y89.044 E13.59492
G1 X64.703 Y86.763 E13.71091
G1 X65.733 Y84.582 E13.82692
G1 X66.995 Y82.528 E13.94287
G1 X68.477 Y80.625 E14.05888
G1 X70.158 Y78.896 E14.17486
G1 X72.02 Y77.363 E14.29086
G1 X74.039 Y76.044 E14.40685
G1 X76.19 Y74.955 E14.52281
G1 X78.449 Y74.11 E14.63881
G1 X80.787 Y73.518 E14.75481
G1 X83.175 Y73.186 E14.87077
G1 X85.602 Y73.121 E14.98754
G1 X87.934 Y73.314 E15.10008
G1 X88.026 Y72.935 F7800
;TYPE:External perimeter
G1 F1800
G1 X88.042 Y72.936 E15.10085
G1 X90.451 Y73.407 E15.21891
G1 X92.793 Y74.14 E15.33694
G1 X95.041 Y75.125 E15.45498
G1 X97.166 Y76.352 E15.573
G1 X99.143 Y77.806 E15.69103
G1 X100.949 Y79.468 E15.80908
G1 X102.561 Y81.319 E15.92713
G1 X103.959 Y83.335 E16.04513
G1 X105.127 Y85.494 E16.16319
G1 X106.051 Y87.767 E16.2812
G1 X106.718 Y90.129 E16.39925
G1 X107.122 Y92.55 E16.5173
G1 X107.243 Y94.741 E16.62284
G1 X107.243 Y95.259 E16.64775
G1 X107.122 Y97.45 E16.75329
G1 X106.718 Y99.871 E16.87134
G1 X106.051 Y102.233 E16.98939
G1 X105.127 Y104.506 E17.1074
G1 X103.959 Y106.665 E17.22546
G1 X102.561 Y108.681 E17.34346
G1 X100.949 Y110.532 E17.46151
G1 X99.143 Y112.194 E17.57956
G1 X97.166 Y113.648 E17.69759
G1 X95.041 Y114.875 E17.81561
G1 X92.793 Y115.86 E17.93365
G1 X90.451 Y116.593 E18.05168
G1 X88.042 Y117.064 E18.16974
G1 X85.597 Y117.266 E18.28774
G1 X83.144 Y117.199 E18.40576
G1 X80.713 Y116.861 E18.52381
G1 X78.334 Y116.259 E18.64184
G1 X76.035 Y115.399 E18.7599
G1 X73.846 Y114.29 E18.87792
G1 X71.791 Y112.948 E18.99597
G1 X69.897 Y111.388 E19.11399
G1 X68.185 Y109.629 E19.23205
G1 X66.678 Y107.692 E19.35009
G1 X65.393 Y105.602 E19.46809
G1 X64.34 Y103.367 E19.58692
G1 X63.549 Y101.061 E19.70417
G1 X63.012 Y98.666 E19.82222
G1 X62.742 Y96.227 E19.94024
G1 X62.742 Y93.773 E20.05827
G1 X63.012 Y91.334 E20.17629
G1 X63.549 Y88.939 E20.29434
G1 X64.346 Y86.618 E20.41237
G1 X65.393 Y84.398 E20.53042
G1 X66.678 Y82.308 E20.64842
G1 X68.185 Y80.371 E20.76646
G1 X69.897 Y78.612 E20.88452
G1 X71.791 Y77.052 E21.00254
G1 X73.846 Y75.71 E21.12059
G1 X76.035 Y74.601 E21.23861
G1 X78.334 Y73.741 E21.35667
G1 X80.713 Y73.139 E21.4747
G1 X83.143 Y72.801 E21.5927
G1 X85.613 Y72.735 E21.71154
G1 X87.966 Y72.93 E21.8251
G1 X88.36 Y73 F7800
G1 E19.8251 F2400
G92 E0
G1 X101.802 Y108.205 F7800
G1 E2 F2400
;TYPE:Top solid infill
;WIDTH:0.401284
G1 X100.238 Y109.77 E2.09297
G1 X98.484 Y111.394 E2.19341
G1 X97.177 Y112.355 E2.26158
G1 X102.32 Y107.211 E2.56724
G1 X103.076 Y106.122 E2.62295
G1 X103.243 Y105.811 E2.63778
G1 X95.834 Y113.221 E3.0781
G1 X94.707 Y113.872 E3.13279
G1 X103.805 Y104.773 E3.67348
G1 X104.189 Y104.064 E3.70736
G1 X104.293 Y103.809 E3.71893
G1 X93.825 Y114.277 E4.341
G1 X92.976 Y114.65 E4.37997
G1 X104.618 Y103.007 E5.07184
G1 X104.944 Y102.205 E5.10822
G1 X92.183 Y114.967 E5.86658
G1 X91.489 Y115.183 E5.89712
G1 X97.811 Y108.862 E6.27278
G1 X97.987 Y108.836 E6.28026
G1 X98.302 Y108.692 E6.29481
G1 X98.472 Y108.561 E6.30383
G1 X98.61 Y108.412 E6.31236
G1 X98.806 Y108.045 E6.32984
G1 X98.841 Y107.832 E6.33891
G1 X105.185 Y101.487 E6.71594
G1 X105.373 Y100.823 E6.74494
G1 X98.868 Y107.328 E7.1315
G1 X98.868 Y106.851 E7.15154
G1 X105.561 Y100.159 E7.54925
G1 X105.707 Y99.644 E7.57174
G1 X105.728 Y99.515 E7.57723
G1 X98.868 Y106.375 E7.98489
G1 X98.868 Y105.899 E8.00489
G1 X105.823 Y98.943 E8.41823
G1 X105.919 Y98.372 E8.44256
G1 X98.868 Y105.422 E8.86154
G1 X98.868 Y104.946 E8.88154
G1 X106.014 Y97.8 E9.3062
G1 X106.097 Y97.241 E9.32995
G1 X98.868 Y104.469 E9.75951
G1 X98.868 Y103.993 E9.77951
G1 X106.125 Y96.736 E10.21076
G1 X106.153 Y96.232 E10.23197
G1 X98.868 Y103.516 E10.66486
G1 X98.868 Y103.04 E10.68486
G1 X106.18 Y95.728 E11.11938
G1 X106.208 Y95.224 E11.14059
G1 X98.868 Y102.563 E11.57675
G1 X98.868 Y102.087 E11.59675
G1 X106.207 Y94.749 E12.03285
G1 X106.182 Y94.297 E12.05187
G1 X98.868 Y101.61 E12.48648
G1 X98.868 Y101.134 E12.50648
G1 X106.157 Y93.846 E12.93961
G1 X106.132 Y93.394 E12.95863
G1 X98.868 Y100.658 E13.3903
G1 X98.868 Y100.181 E13.41034
G1 X106.107 Y92.942 E13.84052
G1 X106.066 Y92.507 E13.85888
G1 X98.868 Y99.705 E14.28663
G1 X98.868 Y99.228 E14.30667
G1 X105.997 Y92.099 E14.73032
G1 X105.929 Y91.691 E14.7477
G1 X98.868 Y98.752 E15.16731
G1 X98.868 Y98.275 E15.18735
G1 X105.861 Y91.282 E15.60291
G1 X105.793 Y90.874 E15.62029
G1 X98.868 Y97.799 E16.03181
G1 X98.868 Y97.322 E16.05185
G1 X105.725 Y90.466 E16.4593
G1 X105.63 Y90.084 E16.47584
G1 X98.868 Y96.846 E16.87768
G1 X98.868 Y96.369 E16.89772
G1 X105.525 Y89.713 E17.29329
G1 X105.42 Y89.342 E17.30949
G1 X98.868 Y95.893 E17.69882
G1 X98.868 Y95.417 E17.71882
G1 X105.315 Y88.97 E18.10194
G1 X105.21 Y88.599 E18.11814
G1 X98.868 Y94.94 E18.49499
G1 X98.868 Y94.464 E18.51499
G1 X105.105 Y88.227 E18.88563
G1 X104.978 Y87.878 E18.90124
G1 X98.868 Y93.987 E19.2643
G1 X98.868 Y93.511 E19.2843
G1 X104.84 Y87.539 E19.63919
G1 X104.703 Y87.2 E19.65455
G1 X98.868 Y93.034 E20.00127
G1 X98.868 Y92.558 E20.02127
G1 X104.565 Y86.861 E20.35982
G1 X104.427 Y86.522 E20.3752
G1 X98.868 Y92.081 E20.70555
G1 X98.868 Y91.605 E20.72555
G1 X104.29 Y86.184 E21.04773
G1 X104.144 Y85.853 E21.06293
G1 X98.868 Y91.128 E21.37643
G1 X98.868 Y90.652 E21.39643
G1 X103.977 Y85.544 E21.70001
G1 X103.81 Y85.234 E21.71481
G1 X98.868 Y90.176 E22.00849
G1 X98.868 Y89.699 E22.02853
G1 X103.642 Y84.925 E22.31223
G1 X103.475 Y84.616 E22.32699
G1 X98.868 Y89.223 E22.60076
G1 X98.868 Y88.746 E22.6208
G1 X103.308 Y84.307 E22.88462
G1 X103.14 Y83.998 E22.8994
G1 X98.868 Y88.27 E23.15327
G1 X98.868 Y87.793 E23.17331
G1 X102.956 Y83.706 E23.41621
G1 X102.761 Y83.424 E23.43062
G1 X98.868 Y87.317 E23.66196
G1 X98.868 Y86.84 E23.682
G1 X102.566 Y83.143 E23.90173
G1 X102.371 Y82.862 E23.9161
G1 X98.868 Y86.364 E24.12424
G1 X98.868 Y85.888 E24.14424
G1 X102.176 Y82.58 E24.34082
G1 X101.98 Y82.299 E24.35522
G1 X98.868 Y85.411 E24.54015
G1 X98.868 Y84.935 E24.56015
G1 X101.785 Y82.018 E24.7335
G1 X101.569 Y81.757 E24.74774
G1 X98.868 Y84.458 E24.90825
G1 X98.868 Y83.982 E24.92825
G1 X101.348 Y81.502 E25.07563
G1 X101.126 Y81.248 E25.08981
G1 X98.868 Y83.505 E25.22396
G1 X98.868 Y83.029 E25.24396
G1 X100.904 Y80.993 E25.36495
G1 X100.682 Y80.738 E25.37916
G1 X98.868 Y82.552 E25.48696
G1 X98.868 Y82.337 E25.49599
G1 X98.832 Y82.112 E25.50556
G1 X100.461 Y80.484 E25.60233
G1 X100.239 Y80.229 E25.61654
G1 X98.713 Y81.754 E25.70719
G1 X98.607 Y81.585 E25.71557
G1 X98.511 Y81.481 E25.72152
G1 X99.995 Y79.997 E25.80971
G1 X99.747 Y79.768 E25.82389
G1 X98.237 Y81.278 E25.91362
G1 X97.987 Y81.164 E25.92517
G1 X97.889 Y81.15 E25.92933
G1 X99.498 Y79.54 E26.02498
G1 X99.25 Y79.312 E26.03914
G1 X97.447 Y81.115 E26.14628
G1 X96.971 Y81.115 E26.16628
G1 X99.002 Y79.083 E26.287
G1 X98.754 Y78.855 E26.30116
G1 X96.495 Y81.115 E26.43543
G1 X96.018 Y81.115 E26.45547
G1 X98.506 Y78.627 E26.60332
G1 X98.484 Y78.606 E26.6046
G1 X98.234 Y78.422 E26.61764
G1 X95.542 Y81.115 E26.77764
G1 X95.065 Y81.115 E26.79768
G1 X97.959 Y78.22 E26.96969
G1 X97.685 Y78.019 E26.98397
G1 X94.589 Y81.115 E27.16795
G1 X94.112 Y81.115 E27.18799
G1 X97.41 Y77.817 E27.38398
G1 X97.135 Y77.615 E27.39832
G1 X93.636 Y81.115 E27.60628
G1 X93.159 Y81.115 E27.62632
G1 X96.861 Y77.413 E27.84631
G1 X96.585 Y77.213 E27.86063
G1 X92.683 Y81.115 E28.09251
G1 X92.206 Y81.115 E28.11255
G1 X96.283 Y77.038 E28.35483
G1 X95.981 Y76.864 E28.36948
G1 X91.73 Y81.115 E28.6221
G1 X91.254 Y81.115 E28.6421
G1 X95.679 Y76.689 E28.90509
G1 X95.377 Y76.515 E28.91974
G1 X90.777 Y81.115 E29.1931
G1 X90.301 Y81.115 E29.2131
G1 X95.075 Y76.341 E29.4968
G1 X94.773 Y76.166 E29.51147
G1 X89.824 Y81.115 E29.80557
G1 X89.348 Y81.115 E29.82557
G1 X94.461 Y76.002 E30.12941
G1 X94.129 Y75.856 E30.14465
G1 X88.871 Y81.115 E30.45714
G1 X88.395 Y81.115 E30.47714
G1 X93.798 Y75.711 E30.79825
G1 X93.467 Y75.566 E30.81343
G1 X87.918 Y81.115 E31.14318
G1 X87.442 Y81.115 E31.16318
G1 X93.136 Y75.421 E31.50155
G1 X92.805 Y75.275 E31.51675
G1 X86.965 Y81.115 E31.8638
G1 X86.489 Y81.115 E31.8838
G1 X92.474 Y75.13 E32.23946
G1 X92.115 Y75.012 E32.25534
G1 X86.013 Y81.115 E32.61799
G1 X85.536 Y81.115 E32.63803
G1 X91.752 Y74.899 E33.00742
G1 X91.389 Y74.785 E33.02341
G1 X85.06 Y81.115 E33.39955
G1 X84.583 Y81.115 E33.41959
G1 X91.026 Y74.672 E33.80247
G1 X90.663 Y74.558 E33.81846
G1 X84.107 Y81.115 E34.20809
G1 X83.63 Y81.115 E34.22813
G1 X90.3 Y74.445 E34.6245
G1 X89.912 Y74.357 E34.64122
G1 X83.154 Y81.115 E35.04282
G1 X82.677 Y81.115 E35.06286
G1 X89.513 Y74.279 E35.46909
G1 X89.115 Y74.201 E35.48613
G1 X82.201 Y81.115 E35.897
G1 X81.724 Y81.115 E35.91704
G1 X88.716 Y74.123 E36.33255
G1 X88.317 Y74.045 E36.34963
G1 X81.248 Y81.115 E36.76974
G1 X80.772 Y81.115 E36.78974
G1 X87.919 Y73.967 E37.21449
G1 X87.481 Y73.929 E37.23296
G1 X80.295 Y81.115 E37.65999
G1 X79.819 Y81.115 E37.67999
G1 X87.041 Y73.892 E38.10919
G1 X86.601 Y73.856 E38.12774
G1 X79.342 Y81.115 E38.55911
G1 X78.866 Y81.115 E38.57911
G1 X86.161 Y73.82 E39.01262
G1 X85.721 Y73.783 E39.03117
G1 X78.389 Y81.115 E39.46688
G1 X77.913 Y81.115 E39.48688
G1 X85.247 Y73.781 E39.92271
G1 X84.757 Y73.794 E39.94331
G1 X77.436 Y81.115 E40.37837
G1 X76.96 Y81.115 E40.39837
G1 X84.267 Y73.807 E40.83262
G1 X83.778 Y73.82 E40.85318
G1 X76.484 Y81.115 E41.28666
G1 X76.007 Y81.115 E41.3067
G1 X83.288 Y73.833 E41.73941
G1 X83.229 Y73.835 E41.74189
G1 X82.743 Y73.902 E41.76251
G1 X75.531 Y81.115 E42.19112
G1 X75.054 Y81.115 E42.21116
G1 X82.19 Y73.979 E42.63522
G1 X81.637 Y74.056 E42.65868
G1 X74.578 Y81.115 E43.07817
G1 X74.101 Y81.115 E43.09821
G1 X81.083 Y74.132 E43.51315
G1 X80.911 Y74.156 E43.52045
G1 X80.472 Y74.268 E43.53949
G1 X73.625 Y81.115 E43.94638
G1 X73.148 Y81.115 E43.96642
G1 X79.834 Y74.429 E44.36374
G1 X79.196 Y74.591 E44.3914
G1 X72.521 Y81.266 E44.78807
G1 E42.78807
G92 E0
G1 X97.462 Y108.734 F7800
G1 E2 F2400
G1 X90.796 Y115.4 E2.39613
G1 X90.116 Y115.603 E2.42595
G1 X96.834 Y108.885 E2.82517
G1 X96.358 Y108.885 E2.84517
G1 X89.524 Y115.719 E3.25129
G1 X88.932 Y115.835 E3.27664
G1 X95.881 Y108.885 E3.68962
G1 X95.405 Y108.885 E3.70962
G1 X88.34 Y115.95 E4.12946
G1 X87.767 Y116.047 E4.15388
G1 X94.929 Y108.885 E4.57949
G1 X94.452 Y108.885 E4.59953
G1 X87.247 Y116.09 E5.02769
G1 X86.728 Y116.133 E5.04957
G1 X93.976 Y108.885 E5.48029
G1 X93.499 Y108.885 E5.50033
G1 X86.208 Y116.177 E5.93363
G1 X85.689 Y116.22 E5.95551
G1 X93.023 Y108.885 E6.39137
G1 X92.546 Y108.885 E6.41141
G1 X85.212 Y116.22 E6.84727
G1 X84.748 Y116.207 E6.86678
G1 X92.07 Y108.885 E7.3019
G1 X91.593 Y108.885 E7.32194
G1 X84.285 Y116.194 E7.75625
G1 X83.821 Y116.181 E7.77576
G1 X91.117 Y108.885 E8.20933
G1 X90.64 Y108.885 E8.22937
G1 X83.357 Y116.169 E8.6622
G1 X82.926 Y116.123 E8.68041
G1 X90.164 Y108.885 E9.11053
G1 X89.688 Y108.885 E9.13053
G1 X82.508 Y116.065 E9.55721
G1 X82.089 Y116.007 E9.57498
G1 X89.211 Y108.885 E9.99821
G1 X88.735 Y108.885 E10.01821
G1 X81.671 Y115.949 E10.43799
G1 X81.253 Y115.891 E10.45572
G1 X88.258 Y108.885 E10.87203
G1 X87.782 Y108.885 E10.89203
G1 X80.841 Y115.826 E11.3045
G1 X80.461 Y115.73 E11.32097
G1 X87.305 Y108.885 E11.72771
G1 X86.829 Y108.885 E11.74771
G1 X80.081 Y115.633 E12.14872
G1 X79.701 Y115.537 E12.16519
G1 X86.352 Y108.885 E12.56046
G1 X85.876 Y108.885 E12.58046
G1 X79.321 Y115.441 E12.97003
G1 X78.94 Y115.345 E12.98654
G1 X85.399 Y108.885 E13.3704
G1 X84.923 Y108.885 E13.3904
G1 X78.568 Y115.241 E13.76808
G1 X78.221 Y115.111 E13.78365
G1 X84.447 Y108.885 E14.15364
G1 X83.97 Y108.885 E14.17368
G1 X77.874 Y114.981 E14.53594
G1 X77.528 Y114.852 E14.55146
G1 X83.494 Y108.885 E14.90602
G1 X83.017 Y108.885 E14.92606
G1 X77.181 Y114.722 E15.2729
G1 X76.834 Y114.592 E15.28847
G1 X82.541 Y108.885 E15.62761
G1 X82.064 Y108.885 E15.64765
G1 X76.488 Y114.462 E15.97904
G1 X76.168 Y114.305 E15.99402
G1 X81.588 Y108.885 E16.31611
G1 X81.111 Y108.885 E16.33615
G1 X75.852 Y114.145 E16.6487
G1 X75.535 Y113.985 E16.66362
G1 X80.635 Y108.885 E16.96669
G1 X80.158 Y108.885 E16.98673
G1 X75.219 Y113.825 E17.28026
G1 X74.903 Y113.665 E17.29514
G1 X79.682 Y108.885 E17.57917
G1 X79.206 Y108.885 E17.59917
G1 X74.586 Y113.505 E17.87372
G1 X74.278 Y113.336 E17.88848
G1 X78.729 Y108.885 E18.15298
G1 X78.253 Y108.885 E18.17298
G1 X73.99 Y113.148 E18.42631
G1 X73.702 Y112.96 E18.44076
G1 X77.776 Y108.885 E18.68289
G1 X77.3 Y108.885 E18.70289
G1 X73.414 Y112.771 E18.93382
G1 X73.126 Y112.583 E18.94827
G1 X76.823 Y108.885 E19.168
G1 X76.347 Y108.885 E19.188
G1 X72.837 Y112.395 E19.39658
G1 X72.549 Y112.207 E19.41103
G1 X75.87 Y108.885 E19.60841
G1 X75.394 Y108.885 E19.62841
G1 X72.275 Y112.005 E19.81379
G1 X72.013 Y111.79 E19.82803
G1 X74.918 Y108.885 E20.00066
G1 X74.441 Y108.885 E20.0207
G1 X71.752 Y111.575 E20.18053
G1 X71.491 Y111.359 E20.19477
G1 X73.965 Y108.885 E20.34179
G1 X73.488 Y108.885 E20.36183
G1 X71.229 Y111.144 E20.49607
G1 X70.968 Y110.929 E20.51028
G1 X73.012 Y108.885 E20.63175
G1 X72.535 Y108.885 E20.65179
G1 X70.707 Y110.714 E20.76045
G1 X70.599 Y110.625 E20.76633
G1 X70.461 Y110.483 E20.77465
G1 X72.105 Y108.84 E20.87232
G1 X71.824 Y108.779 E20.8844
G1 X71.738 Y108.73 E20.88856
G1 X70.226 Y110.242 E20.97841
G1 X69.991 Y110 E20.99258
G1 X71.463 Y108.529 E21.08003
G1 X71.256 Y108.259 E21.09433
G1 X69.756 Y109.759 E21.18347
G1 X69.521 Y109.517 E21.19764
G1 X71.126 Y107.912 E21.29302
G1 X71.097 Y107.661 E21.30364
G1 X71.097 Y107.465 E21.31188
G1 X69.286 Y109.276 E21.4195
G1 X69.051 Y109.034 E21.43367
G1 X71.097 Y106.988 E21.55526
G1 X71.097 Y106.512 E21.57526
G1 X68.833 Y108.776 E21.7098
G1 X68.625 Y108.508 E21.72406
G1 X71.097 Y106.035 E21.87099
G1 X71.097 Y105.559 E21.89099
G1 X68.416 Y108.24 E22.05031
G1 X68.208 Y107.972 E22.06457
G1 X71.097 Y105.082 E22.23628
G1 X71.097 Y104.606 E22.25628
G1 X67.999 Y107.704 E22.44038
G1 X67.791 Y107.436 E22.45464
G1 X71.097 Y104.129 E22.65113
G1 X71.097 Y103.653 E22.67113
G1 X67.582 Y107.168 E22.88001
G1 X67.394 Y106.88 E22.89446
G1 X71.097 Y103.176 E23.11454
G1 X71.097 Y102.7 E23.13454
G1 X67.213 Y106.585 E23.36538
G1 X67.031 Y106.29 E23.37995
G1 X71.097 Y102.224 E23.62158
G1 X71.097 Y101.747 E23.64162
G1 X66.85 Y105.995 E23.89403
G1 X66.669 Y105.7 E23.90857
G1 X71.097 Y101.271 E24.17174
G1 X71.097 Y100.794 E24.19178
G1 X66.487 Y105.404 E24.46573
G1 X66.306 Y105.109 E24.48027
G1 X71.097 Y100.318 E24.76498
G1 X71.097 Y99.841 E24.78502
G1 X66.153 Y104.786 E25.07885
G1 X66.001 Y104.462 E25.09389
G1 X71.097 Y99.365 E25.39675
G1 X71.097 Y98.888 E25.41679
G1 X65.848 Y104.138 E25.72875
G1 X65.695 Y103.814 E25.74381
G1 X71.097 Y98.412 E26.06483
G1 X71.097 Y97.935 E26.08487
G1 X65.543 Y103.49 E26.41495
G1 X65.39 Y103.166 E26.43001
G1 X71.097 Y97.459 E26.76915
G1 X71.097 Y96.983 E26.78915
G1 X65.251 Y102.829 E27.13655
G1 X65.129 Y102.475 E27.15228
G1 X71.097 Y96.506 E27.50696
G1 X71.097 Y96.03 E27.52696
G1 X65.007 Y102.12 E27.88886
G1 X64.885 Y101.765 E27.90463
G1 X71.097 Y95.553 E28.27378
G1 X71.097 Y95.077 E28.29378
G1 X64.764 Y101.411 E28.67015
G1 X64.642 Y101.056 E28.68592
G1 X71.097 Y94.6 E29.06954
G1 X71.097 Y94.124 E29.08954
G1 X64.528 Y100.694 E29.47994
G1 X64.44 Y100.305 E29.4967
G1 X71.097 Y93.647 E29.89233
G1 X71.097 Y93.171 E29.91233
G1 X64.353 Y99.915 E30.3131
G1 X64.266 Y99.526 E30.32985
G1 X71.097 Y92.694 E30.73582
G1 X71.097 Y92.218 E30.75582
G1 X64.179 Y99.137 E31.16696
G1 X64.091 Y98.748 E31.18372
G1 X71.097 Y91.742 E31.60006
G1 X71.097 Y91.265 E31.6201
G1 X64.018 Y98.344 E32.04078
G1 X63.971 Y97.915 E32.05891
G1 X71.097 Y90.789 E32.48238
G1 X71.097 Y90.312 E32.50242
G1 X63.923 Y97.486 E32.92874
G1 X63.876 Y97.057 E32.94687
G1 X71.097 Y89.836 E33.37598
G1 X71.097 Y89.359 E33.39602
G1 X63.828 Y96.628 E33.82799
G1 X63.781 Y96.2 E33.84608
G1 X71.097 Y88.883 E34.28087
G1 X71.097 Y88.406 E34.30091
G1 X63.778 Y95.726 E34.73588
G1 X63.778 Y95.25 E34.75588
G1 X71.097 Y87.93 E35.19085
G1 X71.097 Y87.454 E35.21085
G1 X63.778 Y94.773 E35.64579
G1 X63.778 Y94.297 E35.66579
G1 X71.097 Y86.977 E36.10076
G1 X71.097 Y86.501 E36.12076
G1 X63.779 Y93.819 E36.55564
G1 X63.838 Y93.284 E36.57826
G1 X71.097 Y86.024 E37.00966
G1 X71.097 Y85.548 E37.02966
G1 X63.897 Y92.748 E37.45753
G1 X63.957 Y92.212 E37.48019
G1 X71.097 Y85.071 E37.90452
G1 X71.097 Y84.595 E37.92452
G1 X64.016 Y91.676 E38.34531
G1 X64.035 Y91.504 E38.35258
G1 X64.128 Y91.087 E38.37053
G1 X71.097 Y84.118 E38.78467
G1 X71.097 Y83.642 E38.80467
G1 X64.266 Y90.473 E39.21061
G1 X64.404 Y89.859 E39.23705
G1 X71.097 Y83.165 E39.63482
G1 X71.097 Y82.689 E39.65482
G1 X64.541 Y89.245 E40.04442
G1 X64.786 Y88.524 E40.07642
G1 X71.111 Y82.199 E40.45229
G1 X71.12 Y82.104 E40.4563
G1 X71.249 Y81.75 E40.47213
G1 X71.491 Y81.441 E40.48862
G1 X71.608 Y81.346 E40.49495
G1 X71.824 Y81.221 E40.50544
G1 X72.162 Y81.148 E40.51997
G1 X78.541 Y74.769 E40.89905
G1 X77.779 Y75.054 E40.93324
G1 X65.035 Y87.799 E41.69059
G1 X65.284 Y87.073 E41.72284
G1 X77.018 Y75.339 E42.42014
G1 X76.452 Y75.551 E42.44554
G1 X76.204 Y75.677 E42.45723
G1 X65.694 Y86.187 E43.0818
G1 X66.12 Y85.284 E43.12375
G1 X75.24 Y76.165 E43.66568
G1 X74.364 Y76.608 E43.70693
G1 X74.237 Y76.691 E43.71331
G1 X66.735 Y84.193 E44.15912
G1 X67.495 Y82.957 E44.22009
G1 X72.863 Y77.589 E44.53909
G1 X72.405 Y77.887 E44.56205
G1 X70.604 Y79.371 E44.66011
G1 X68.261 Y81.713 E44.79931
G1 E42.79931 F2400
G92 E0
M107
;TYPE:Custom
; Filament-specific end gcode
M104 S0 ; turn off temperature
G28 X0  ; home X axis
M84     ; disable motors
; objects_info = {"objects":[]}
; filament used [mm] = 3210.06
; filament used [cm3] = 7.72
; filament used [g] = 10.89
; filament cost = 0.33
; total filament used [g] = 10.89
; total filament cost = 0.33
; total filament used for wipe tower [g] = 0.00
; estimated printing time (normal mode) = 27m 37s
; estimated first layer printing time (normal mode) = 1m 39s

; prusaslicer_config = begin
; arc_fitting = disabled
; autoemit_temperature_commands = 1
; automatic_extrusion_widths = 0
; automatic_infill_combination = 0
; automatic_infill_combination_max_layer_height = 100%
; avoid_crossing_curled_overhangs = 0
; avoid_crossing_perimeters = 0
; avoid_crossing_perimeters_max_detour = 0
; bed_custom_model = 
; bed_custom_texture = 
; bed_shape = 0x0,170x0,170x190,0x190
; bed_temperature = 87
; bed_temperature_extruder = 0
; before_layer_gcode = 
; between_objects_gcode = 
; binary_gcode = 0
; bottom_fill_pattern = monotonic
; bottom_solid_layers = 3
; bottom_solid_min_thickness = 0
; bridge_acceleration = 0
; bridge_angle = 0
; bridge_fan_speed = 50
; bridge_flow_ratio = 1
; bridge_speed = 60
; brim_separation = 0
; brim_type = outer_only
; brim_width = 0
; chamber_minimal_temperature = 0
; chamber_temperature = 0
; color_change_gcode = M600
; colorprint_heights = 
; compatible_printers_condition_cummulative = ;"printer_notes!~/.*NO_TEMPLATES.*/ and printer_notes!~/.*PRINTER_VENDOR_TRILAB.*/ and printer_notes!~/.*PRINTER_MODEL_MK4IS.*/ and ! (printer_notes=~/.*PRINTER_VENDOR_PRUSA3D.*/ and num_extruders>1)"
; complete_objects = 0
; cooling = 1
; cooling_perimeter_transition_distance = 0
; cooling_slowdown_logic = uniform_cooling
; cooling_tube_length = 5
; cooling_tube_retraction = 91.5
; custom_parameters_filament = ""
; custom_parameters_print = 
; custom_parameters_printer = 
; default_acceleration = 0
; default_filament_profile = 
; default_print_profile = 
; deretract_speed = 0
; disable_fan_first_layers = 3
; dont_support_bridges = 1
; draft_shield = disabled
; duplicate_distance = 6
; elefant_foot_compensation = 0
; enable_dynamic_fan_speeds = 0
; enable_dynamic_overhang_speeds = 0
; end_filament_gcode = "; Filament-specific end gcode"
; end_gcode = M104 S0 ; turn off temperature\nG28 X0  ; home X axis\nM84     ; disable motors\n
; ensure_vertical_shell_thickness = enabled
; external_perimeter_acceleration = 0
; external_perimeter_extrusion_width = 0.45
; external_perimeter_speed = 50%
; external_perimeters_first = 0
; extra_loading_move = -2
; extra_perimeters = 1
; extra_perimeters_on_overhangs = 0
; extruder_clearance_height = 20
; extruder_clearance_radius = 20
; extruder_colour = ""
; extruder_offset = 0x0
; extrusion_axis = E
; extrusion_multiplier = 1
; extrusion_width = 0.45
; fan_always_on = 1
; fan_below_layer_time = 20
; filament_abrasive = 0
; filament_colour = #FF8000
; filament_cooling_final_speed = 2
; filament_cooling_initial_speed = 3
; filament_cooling_moves = 1
; filament_cost = 29.99
; filament_density = 1.41
; filament_deretract_speed = nil
; filament_diameter = 1.75
; filament_infill_max_crossing_speed = 0
; filament_infill_max_speed = 0
; filament_load_time = 0
; filament_loading_speed = 14
; filament_loading_speed_start = 19
; filament_max_volumetric_speed = 0
; filament_minimal_purge_on_wipe_tower = 0
; filament_multitool_ramming = 0
; filament_multitool_ramming_flow = 10
; filament_multitool_ramming_volume = 10
; filament_notes = https://www.extrudr.com/en/products/catalogue/?material=199
; filament_purge_multiplier = 100%
; filament_ramming_parameters = "130 120 2.70968 2.93548 3.32258 3.83871 4.58065 5.54839 6.51613 7.35484 7.93548 8.16129| 0.05 2.66451 0.45 3.05805 0.95 4.05807 1.45 5.97742 1.95 7.69999 2.45 8.1936 2.95 11.342 3.45 11.4065 3.95 7.6 4.45 7.6 4.95 7.6"
; filament_retract_before_travel = nil
; filament_retract_before_wipe = nil
; filament_retract_layer_change = nil
; filament_retract_length = nil
; filament_retract_length_toolchange = nil
; filament_retract_lift = nil
; filament_retract_lift_above = nil
; filament_retract_lift_below = nil
; filament_retract_restart_extra = nil
; filament_retract_restart_extra_toolchange = nil
; filament_retract_speed = nil
; filament_seam_gap_distance = nil
; filament_settings_id = "Extrudr XPETG Matt @Sparkcube"
; filament_shrinkage_compensation_xy = 0%
; filament_shrinkage_compensation_z = 0%
; filament_soluble = 0
; filament_spool_weight = 262
; filament_stamping_distance = 0
; filament_stamping_loading_speed = 20
; filament_toolchange_delay = 0
; filament_travel_lift_before_obstacle = nil
; filament_travel_max_lift = nil
; filament_travel_ramping_lift = nil
; filament_travel_slope = nil
; filament_type = PETG
; filament_unload_time = 0
; filament_unloading_speed = 20
; filament_unloading_speed_start = 100
; filament_vendor = Extrudr
; filament_wipe = nil
; fill_angle = 45
; fill_density = 20%
; fill_pattern = stars
; first_layer_acceleration = 0
; first_layer_acceleration_over_raft = 0
; first_layer_bed_temperature = 87
; first_layer_extrusion_width = 0.42
; first_layer_height = 0.35
; first_layer_infill_speed = 0
; first_layer_speed = 30
; first_layer_speed_over_raft = 30
; first_layer_temperature = 230
; full_fan_speed_layer = 0
; fuzzy_skin = none
; fuzzy_skin_point_dist = 0.8
; fuzzy_skin_thickness = 0.3
; gap_fill_enabled = 1
; gap_fill_speed = 20
; gcode_comments = 0
; gcode_flavor = klipper
; gcode_label_objects = disabled
; gcode_resolution = 0.0125
; gcode_substitutions = 
; high_current_on_filament_swap = 0
; host_type = prusalink
; idle_temperature = nil
; infill_acceleration = 0
; infill_anchor = 600%
; infill_anchor_max = 50
; infill_every_layers = 1
; infill_extruder = 1
; infill_extrusion_width = 0.45
; infill_first = 0
; infill_overlap = 25%
; infill_speed = 70
; inherits_cummulative = ;"Extrudr XPETG Matt @Template";
; interface_shells = 0
; interlocking_beam = 0
; interlocking_beam_layer_count = 2
; interlocking_beam_width = 0.8
; interlocking_boundary_avoidance = 2
; interlocking_depth = 2
; interlocking_orientation = 22.5
; ironing = 0
; ironing_flowrate = 15%
; ironing_spacing = 0.1
; ironing_speed = 15
; ironing_type = top
; layer_gcode = 
; layer_height = 0.3
; machine_limits_usage = time_estimate_only
; machine_max_acceleration_e = 10000,5000
; machine_max_acceleration_extruding = 1500,1250
; machine_max_acceleration_retracting = 1500,1250
; machine_max_acceleration_travel = 1500,1250
; machine_max_acceleration_x = 9000,1000
; machine_max_acceleration_y = 9000,1000
; machine_max_acceleration_z = 500,200
; machine_max_feedrate_e = 120,120
; machine_max_feedrate_x = 500,200
; machine_max_feedrate_y = 500,200
; machine_max_feedrate_z = 12,12
; machine_max_jerk_e = 2.5,2.5
; machine_max_jerk_x = 10,10
; machine_max_jerk_y = 10,10
; machine_max_jerk_z = 0.2,0.4
; machine_min_extruding_rate = 0,0
; machine_min_travel_rate = 0,0
; max_fan_speed = 50
; max_layer_height = 0
; max_print_height = 170
; max_print_speed = 80
; max_volumetric_extrusion_rate_slope_negative = 0
; max_volumetric_extrusion_rate_slope_positive = 0
; max_volumetric_speed = 0
; min_bead_width = 85%
; min_fan_speed = 30
; min_feature_size = 25%
; min_layer_height = 0.07
; min_print_speed = 10
; min_skirt_length = 0
; mmu_segmented_region_interlocking_depth = 0
; mmu_segmented_region_max_width = 0
; multimaterial_purging = 140
; notes = 
; nozzle_diameter = 0.4
; nozzle_high_flow = 0
; only_one_perimeter_first_layer = 0
; only_retract_when_crossing_perimeters = 0
; ooze_prevention = 0
; output_filename_format = [input_filename_base].gcode
; over_bridge_speed = 0
; overhang_fan_speed_0 = 0
; overhang_fan_speed_1 = 0
; overhang_fan_speed_2 = 0
; overhang_fan_speed_3 = 0
; overhang_speed_0 = 15
; overhang_speed_1 = 15
; overhang_speed_2 = 20
; overhang_speed_3 = 25
; overhangs = 1
; parking_pos_retraction = 92
; pause_print_gcode = M601
; perimeter_acceleration = 0
; perimeter_extruder = 1
; perimeter_extrusion_width = 0.45
; perimeter_generator = arachne
; perimeter_speed = 60
; perimeters = 3
; physical_printer_settings_id = 
; post_process = 
; prefer_clockwise_movements = 0
; print_settings_id = Sparkcube default
; printer_model = 
; printer_notes = 
; printer_settings_id = Sparkcube
; printer_technology = FFF
; printer_variant = 
; printer_vendor = 
; raft_contact_distance = 0.1
; raft_expansion = 1.5
; raft_first_layer_density = 90%
; raft_first_layer_expansion = 3
; raft_layers = 0
; remaining_times = 0
; resolution = 0
; retract_before_travel = 2
; retract_before_wipe = 0%
; retract_layer_change = 0
; retract_length = 2
; retract_length_toolchange = 10
; retract_lift = 0
; retract_lift_above = 0
; retract_lift_below = 0
; retract_restart_extra = 0
; retract_restart_extra_toolchange = 0
; retract_speed = 40
; scarf_seam_entire_loop = 0
; scarf_seam_length = 20
; scarf_seam_max_segment_length = 1
; scarf_seam_on_inner_perimeters = 0
; scarf_seam_only_on_smooth = 1
; scarf_seam_placement = nowhere
; scarf_seam_start_height = 0%
; seam_gap_distance = 15%
; seam_position = aligned
; silent_mode = 1
; single_extruder_multi_material = 0
; single_extruder_multi_material_priming = 1
; skirt_distance = 6
; skirt_height = 1
; skirts = 0
; slice_closing_radius = 0.049
; slicing_mode = regular
; slowdown_below_layer_time = 20
; small_perimeter_speed = 30
; solid_infill_acceleration = 0
; solid_infill_below_area = 70
; solid_infill_every_layers = 0
; solid_infill_extruder = 1
; solid_infill_extrusion_width = 0.45
; solid_infill_speed = 50
; spiral_vase = 0
; staggered_inner_seams = 0
; standby_temperature_delta = -5
; start_filament_gcode = "; Filament gcode\n"
; start_gcode = G28 ; home all axes\nG1 Z5 F5000 ; lift nozzle\n
; support_material = 1
; support_material_angle = 0
; support_material_auto = 1
; support_material_bottom_contact_distance = 0
; support_material_bottom_interface_layers = -1
; support_material_buildplate_only = 0
; support_material_closing_radius = 2
; support_material_contact_distance = 0.2
; support_material_enforce_layers = 0
; support_material_extruder = 1
; support_material_extrusion_width = 0.35
; support_material_interface_contact_loops = 0
; support_material_interface_extruder = 1
; support_material_interface_layers = 3
; support_material_interface_pattern = rectilinear
; support_material_interface_spacing = 0
; support_material_interface_speed = 100%
; support_material_pattern = rectilinear
; support_material_spacing = 2.5
; support_material_speed = 60
; support_material_style = grid
; support_material_synchronize_layers = 0
; support_material_threshold = 0
; support_material_with_sheath = 1
; support_material_xy_spacing = 50%
; support_tree_angle = 40
; support_tree_angle_slow = 25
; support_tree_branch_diameter = 2
; support_tree_branch_diameter_angle = 5
; support_tree_branch_diameter_double_wall = 3
; support_tree_branch_distance = 1
; support_tree_tip_diameter = 0.8
; support_tree_top_rate = 15%
; temperature = 230
; template_custom_gcode = 
; thick_bridges = 1
; thin_walls = 1
; thumbnails = 
; thumbnails_format = PNG
; toolchange_gcode = 
; top_fill_pattern = monotonic
; top_infill_extrusion_width = 0.4
; top_one_perimeter_type = none
; top_solid_infill_acceleration = 0
; top_solid_infill_speed = 40
; top_solid_layers = 4
; top_solid_min_thickness = 0
; travel_acceleration = 0
; travel_lift_before_obstacle = 0
; travel_max_lift = 0
; travel_ramping_lift = 0
; travel_short_distance_acceleration = 0
; travel_slope = 0
; travel_speed = 130
; travel_speed_z = 0
; use_firmware_retraction = 0
; use_relative_e_distances = 0
; use_volumetric_e = 0
; variable_layer_height = 1
; wall_distribution_count = 1
; wall_transition_angle = 10
; wall_transition_filter_deviation = 25%
; wall_transition_length = 100%
; wipe = 0
; wipe_into_infill = 0
; wipe_into_objects = 0
; wipe_tower = 0
; wipe_tower_acceleration = 0
; wipe_tower_bridging = 10
; wipe_tower_brim_width = 2
; wipe_tower_cone_angle = 0
; wipe_tower_extra_flow = 100%
; wipe_tower_extra_spacing = 100%
; wipe_tower_extruder = 0
; wipe_tower_no_sparse_layers = 0
; wipe_tower_width = 60
; wiping_volumes_matrix = 0
; wiping_volumes_use_custom_matrix = 0
; xy_size_compensation = 0
; z_offset = 0
; prusaslicer_config = end
