; generated by PrusaSlicer 2.9.3 on 2026-02-26 at 17:42:49 UTC

; 

; external perimeters extrusion width = 0.45mm
; perimeters extrusion width = 0.45mm
; infill extrusion width = 0.45mm
; solid infill extrusion width = 0.45mm
; top infill extrusion width = 0.40mm
; support material extrusion width = 0.35mm
; first layer extrusion width = 0.42mm

M190 S67 ; set bed temperature and wait for it to be reached
M104 S220 ; set temperature
;TYPE:Custom
G28 ; home all axes
G1 Z5 F5000 ; lift nozzle
M109 S220 ; set temperature and wait for it to be reached
G21 ; set units to millimeters
G90 ; use absolute coordinates
M82 ; use absolute distances for extrusion
G92 E0
; Filament gcode
M107
;LAYER_CHANGE
;Z:0.35
;HEIGHT:0.35
G1 E-2 F2400
G92 E0
G1 Z.35 F7800
G92 E0
G1 X90.718 Y86.496
G1 E2 F2400
;TYPE:Support material
;WIDTH:0.42
G1 F1800
G1 X93.504 Y86.496 E2.13982
G1 X93.504 Y89.282 E2.27964
G1 X96.29 Y89.282 E2.41946
G1 X96.29 Y100.718 E2.99339
G1 X93.504 Y100.718 E3.13321
G1 X93.504 Y103.504 E3.27303
G1 X90.718 Y103.504 E3.41285
G1 X90.718 Y105.995 E3.53786
G1 X91.815 Y105.995 E3.59291
G1 X91.815 Y106.705 E3.62854
G1 X91.201 Y107.064 E3.66423
G1 X89.705 Y107.732 E3.74645
G1 X89.565 Y107.948 E3.75937
G1 X89.565 Y110.428 E3.88383
G1 X89.943 Y110.687 E3.90683
G1 X91.734 Y109.992 E4.00324
G1 X93.504 Y109.05 E4.10387
G1 X93.504 Y114.646 E4.38471
G1 X76.496 Y114.646 E5.23827
G1 X76.496 Y109.059 E5.51866
G1 X78.191 Y109.958 E5.61495
G1 X80.056 Y110.687 E5.71544
G1 X80.435 Y110.428 E5.73848
G1 X80.435 Y107.948 E5.86294
G1 X80.296 Y107.733 E5.87579
G1 X78.704 Y107.014 E5.96346
G1 X78.185 Y106.702 E5.99385
G1 X78.185 Y105.995 E6.02933
G1 X79.282 Y105.995 E6.08438
G1 X79.282 Y103.504 E6.20939
G1 X76.496 Y103.504 E6.34921
G1 X76.496 Y100.718 E6.48903
G1 X73.71 Y100.718 E6.62885
G1 X73.71 Y89.282 E7.20278
G1 X76.496 Y89.282 E7.3426
G1 X76.496 Y86.496 E7.48242
G1 X79.282 Y86.496 E7.62224
G1 X79.282 Y83.71 E7.76206
G1 X90.718 Y83.71 E8.33599
G1 X90.718 Y86.444 E8.4732
G1 X95.73 Y100.563 F7800
G1 F1800
G1 X95.73 Y89.592 E9.02379
G1 X95.347 Y89.592 E9.04301
G1 X95.347 Y100.408 E9.58582
G1 X94.963 Y100.408 E9.60509
G1 X94.963 Y89.592 E10.1479
G1 X94.58 Y89.592 E10.16712
G1 X94.58 Y100.408 E10.70993
G1 X94.197 Y100.408 E10.72915
G1 X94.197 Y89.592 E11.27196
G1 X93.814 Y89.592 E11.29118
G1 X93.814 Y100.408 E11.83399
G1 X93.431 Y100.408 E11.85321
G1 X93.431 Y89.592 E12.39602
G1 X93.194 Y89.592 E12.40791
G1 X93.194 Y86.806 E12.54773
G1 X93.047 Y86.806 E12.55511
G1 X93.047 Y103.194 E13.37756
G1 X92.664 Y103.194 E13.39678
G1 X92.664 Y86.806 E14.21923
G1 X92.281 Y86.806 E14.23845
G1 X92.281 Y103.194 E15.0609
G1 X91.898 Y103.194 E15.08012
G1 X91.898 Y86.806 E15.90257
G1 X91.515 Y86.806 E15.92179
G1 X91.515 Y103.194 E16.74424
G1 X91.131 Y103.194 E16.76351
G1 X91.131 Y86.806 E17.58596
G1 X90.748 Y86.806 E17.60518
G1 X90.748 Y103.194 E18.42763
G1 X90.408 Y103.194 E18.44469
G1 X90.408 Y106.306 E18.60087
G1 X90.748 Y106.306 E18.61793
G1 X90.748 Y106.926 E18.64905
G1 X90.365 Y107.097 E18.6701
G1 X90.365 Y84.021 E19.82819
G1 X89.982 Y84.021 E19.84741
G1 X89.982 Y107.269 E21.01413
G1 X89.599 Y107.44 E21.03518
G1 X89.599 Y84.021 E22.21048
G1 X89.215 Y84.021 E22.22975
G1 X89.215 Y114.336 E23.75114
G1 X89.599 Y114.336 E23.77041
G1 X89.599 Y110.827 E23.94651
G1 X89.903 Y111.036 E23.96502
G1 X89.982 Y111.005 E23.96928
G1 X89.982 Y114.336 E24.13645
G1 X90.365 Y114.336 E24.15567
G1 X90.365 Y110.857 E24.33027
G1 X90.748 Y110.708 E24.35089
G1 X90.748 Y114.336 E24.53296
G1 X91.131 Y114.336 E24.55218
G1 X91.131 Y110.559 E24.74173
G1 X91.515 Y110.411 E24.76238
G1 X91.515 Y114.336 E24.95936
G1 X91.898 Y114.336 E24.97858
G1 X91.898 Y110.257 E25.18329
G1 X92.281 Y110.061 E25.20488
G1 X92.281 Y114.336 E25.41942
G1 X92.664 Y114.336 E25.43864
G1 X92.664 Y109.865 E25.66302
G1 X93.047 Y109.668 E25.68463
G1 X93.047 Y114.491 E25.92668
G1 E23.92668 F2400
G92 E0
G1 X91.131 Y106.925 F7800
G1 E2 F2400
G1 F1800
G1 X91.131 Y106.151 E2.03884
G1 E.03884 F2400
G92 E0
G1 X88.832 Y114.491 F7800
G1 E2 F2400
G1 F1800
G1 X88.832 Y84.021 E3.52916
G1 X88.449 Y84.021 E3.54838
G1 X88.449 Y114.336 E5.06977
G1 X88.066 Y114.336 E5.08899
G1 X88.066 Y84.021 E6.61038
G1 X87.682 Y84.021 E6.62965
G1 X87.682 Y114.336 E8.15104
G1 X87.299 Y114.336 E8.17026
G1 X87.299 Y84.021 E9.69165
G1 X86.916 Y84.021 E9.71087
G1 X86.916 Y114.336 E11.23226
G1 X86.533 Y114.336 E11.25148
G1 X86.533 Y84.021 E12.77287
G1 X86.15 Y84.021 E12.79209
G1 X86.15 Y114.336 E14.31348
G1 X85.766 Y114.336 E14.33275
G1 X85.766 Y84.021 E15.85414
G1 X85.383 Y84.021 E15.87336
G1 X85.383 Y114.336 E17.39475
G1 X85 Y114.336 E17.41397
G1 X85 Y84.021 E18.93536
G1 X84.617 Y84.021 E18.95458
G1 X84.617 Y114.336 E20.47597
G1 X84.234 Y114.336 E20.49519
G1 X84.234 Y84.021 E22.01658
G1 X83.85 Y84.021 E22.03585
G1 X83.85 Y114.336 E23.55724
G1 X83.467 Y114.336 E23.57646
G1 X83.467 Y84.021 E25.09785
G1 X83.084 Y84.021 E25.11707
G1 X83.084 Y114.336 E26.63846
G1 X82.701 Y114.336 E26.65768
G1 X82.701 Y84.021 E28.17907
G1 X82.318 Y84.021 E28.19829
G1 X82.318 Y114.336 E29.71968
G1 X81.934 Y114.336 E29.73895
G1 X81.934 Y84.021 E31.26034
G1 X81.551 Y84.021 E31.27956
G1 X81.551 Y114.336 E32.80095
G1 X81.168 Y114.336 E32.82017
G1 X81.168 Y84.021 E34.34156
G1 X80.785 Y84.021 E34.36078
G1 X80.785 Y114.336 E35.88217
G1 X80.401 Y114.336 E35.90144
G1 X80.401 Y110.827 E36.07754
G1 X80.095 Y111.036 E36.09614
G1 X80.018 Y111.006 E36.10029
G1 X80.018 Y114.336 E36.26741
G1 X79.635 Y114.336 E36.28663
G1 X79.635 Y110.856 E36.46128
G1 X79.252 Y110.706 E36.48192
G1 X79.252 Y114.336 E36.66409
G1 X78.869 Y114.336 E36.68331
G1 X78.869 Y110.557 E36.87296
G1 X78.485 Y110.407 E36.89365
G1 X78.485 Y114.336 E37.09083
G1 X78.102 Y114.336 E37.11005
G1 X78.102 Y110.258 E37.31471
G1 X77.719 Y110.064 E37.33626
G1 X77.719 Y114.336 E37.55065
G1 X77.336 Y114.336 E37.56987
G1 X77.336 Y109.863 E37.79435
G1 X76.953 Y109.662 E37.81606
G1 X76.953 Y114.491 E38.05841
G1 E36.05841 F2400
G92 E0
G1 X80.401 Y107.61 F7800
G1 E2 F2400
G1 F1800
G1 X80.401 Y84.021 E3.18384
G1 X80.018 Y84.021 E3.20306
G1 X80.018 Y107.267 E4.36968
G1 X79.635 Y107.094 E4.39077
G1 X79.635 Y84.021 E5.54871
G1 X79.592 Y86.806 E5.68849
G1 X79.252 Y86.806 E5.70555
G1 X79.252 Y103.194 E6.528
G1 X78.869 Y103.194 E6.54722
G1 X78.869 Y86.806 E7.36967
G1 X78.485 Y86.806 E7.38894
G1 X78.485 Y103.194 E8.21139
G1 X78.102 Y103.194 E8.23061
G1 X78.102 Y86.806 E9.05306
G1 X77.719 Y86.806 E9.07228
G1 X77.719 Y103.194 E9.89473
G1 X77.336 Y103.194 E9.91395
G1 X77.336 Y86.806 E10.7364
G1 X76.953 Y86.806 E10.75562
G1 X76.953 Y103.194 E11.57807
G1 X76.806 Y103.194 E11.58545
G1 X76.806 Y100.408 E11.72527
G1 X76.569 Y100.408 E11.73716
G1 X76.569 Y89.592 E12.27997
G1 X76.186 Y89.592 E12.29919
G1 X76.186 Y100.408 E12.842
G1 X75.803 Y100.408 E12.86122
G1 X75.803 Y89.592 E13.40403
G1 X75.42 Y89.592 E13.42325
G1 X75.42 Y100.408 E13.96606
G1 X75.037 Y100.408 E13.98528
G1 X75.037 Y89.592 E14.52809
G1 X74.653 Y89.592 E14.54736
G1 X74.653 Y100.408 E15.09017
G1 X74.27 Y100.408 E15.10939
G1 X74.27 Y89.437 E15.65998
G1 E13.65998 F2400
G92 E0
G1 X79.252 Y107.092 F7800
G1 E2 F2400
G1 F1800
G1 X79.252 Y106.306 E2.03945
G1 X78.869 Y106.306 E2.05867
G1 X78.869 Y106.919 E2.08943
G1 X78.994 Y108.726 F7800
;TYPE:Perimeter
;WIDTH:0.631815
G1 F1800
G1 X78.093 Y108.301 E2.17013
;WIDTH:0.642553
G1 X77.344 Y107.884 E2.24091
G1 X76.582 Y107.398 E2.31554
;WIDTH:0.640271
G1 X75.907 Y106.912 E2.38394
G1 X75.186 Y106.327 E2.4603
;WIDTH:0.640453
G1 X74.699 Y105.888 E2.51424
G1 X73.925 Y105.1 E2.60511
;WIDTH:0.637103
G1 X73.581 Y104.712 E2.64751
G1 X72.816 Y103.733 E2.74911
;WIDTH:0.633133
G1 X72.587 Y103.407 E2.78146
G1 X71.875 Y102.245 E2.89212
;WIDTH:0.628173
G1 X71.741 Y102.001 E2.91452
G1 X71.11 Y100.648 E3.03467
;WIDTH:0.622209
G1 X70.543 Y98.989 E3.17424
;WIDTH:0.617471
G1 X70.515 Y98.883 E3.18289
;WIDTH:0.618699
G1 X70.161 Y97.158 E3.32218
;WIDTH:0.625277
G1 X70.018 Y95.626 E3.44536
G1 X70.012 Y95.404 E3.46314
;WIDTH:0.632933
G1 X70.038 Y94.08 E3.57063
G1 X70.073 Y93.645 E3.60605
;WIDTH:0.635047
G1 X70.244 Y92.357 E3.71191
G1 X70.334 Y91.904 E3.74954
;WIDTH:0.638693
G1 X70.622 Y90.763 E3.84605
G1 X70.785 Y90.243 E3.89074
;WIDTH:0.639347
G1 X71.138 Y89.305 E3.97303
G1 X71.414 Y88.677 E4.02935
;WIDTH:0.642457
G1 X71.888 Y87.74 E4.11604
G1 X72.247 Y87.127 E4.17469
;WIDTH:0.643067
G1 X72.759 Y86.353 E4.25139
G1 X73.258 Y85.687 E4.32017
;WIDTH:0.642509
G1 X73.776 Y85.067 E4.38687
G1 X74.43 Y84.374 E4.46554
;WIDTH:0.641263
G1 X74.944 Y83.887 E4.52387
G1 X75.748 Y83.208 E4.61057
;WIDTH:0.632615
G1 X76.142 Y82.909 E4.65069
G1 X77.194 Y82.205 E4.75338
;WIDTH:0.635679
G1 X77.598 Y81.964 E4.79175
G1 X78.747 Y81.376 E4.89703
;WIDTH:0.631487
G1 X79.063 Y81.233 E4.92511
G1 X80.386 Y80.734 E5.03959
;WIDTH:0.626227
G1 X80.602 Y80.664 E5.0578
G1 X82.096 Y80.288 E5.18135
;WIDTH:0.619969
G1 X82.2 Y80.265 E5.18979
;WIDTH:0.620821
G1 X83.946 Y80.042 E5.32956
;WIDTH:0.620421
G1 X85.707 Y80.023 E5.4693
;WIDTH:0.631615
G1 X87.095 Y80.155 E5.58221
G1 X87.457 Y80.212 E5.61189
;WIDTH:0.635331
G1 X88.703 Y80.475 E5.7157
G1 X89.172 Y80.605 E5.75537
;WIDTH:0.635911
G1 X90.355 Y81 E5.85715
G1 X90.831 Y81.193 E5.89906
;WIDTH:0.639195
G1 X91.851 Y81.669 E5.99145
G1 X92.312 Y81.916 E6.03438
;WIDTH:0.600121
G1 X92.409 Y81.972 E6.04294
;WIDTH:0.641361
G1 X93.266 Y82.498 E6.12579
G1 X93.795 Y82.864 E6.17879
;WIDTH:0.642553
G1 X94.583 Y83.477 E6.26122
G1 X95.157 Y83.979 E6.32418
;WIDTH:0.642833
G1 X95.772 Y84.579 E6.39516
G1 X96.378 Y85.246 E6.46961
;WIDTH:0.641519
G1 X96.869 Y85.849 E6.5337
G1 X97.444 Y86.647 E6.61477
;WIDTH:0.639983
G1 X97.798 Y87.199 E6.66867
G1 X98.338 Y88.163 E6.75949
;WIDTH:0.637435
G1 X98.575 Y88.644 E6.80337
G1 X99.049 Y89.773 E6.90356
;WIDTH:0.633881
G1 X99.19 Y90.164 E6.93736
G1 X99.567 Y91.455 E7.04671
;WIDTH:0.629331
G1 X99.636 Y91.743 E7.07059
G1 X99.884 Y93.187 E7.18875
;WIDTH:0.623779
G1 X99.997 Y94.947 E7.32955
;WIDTH:0.617717
G1 X99.997 Y95.053 E7.33792
;WIDTH:0.621687
G1 X99.9 Y96.692 E7.4685
;WIDTH:0.625383
G1 X99.624 Y98.312 E7.60009
;WIDTH:0.628623
G1 X99.267 Y99.615 E7.70891
G1 X99.172 Y99.89 E7.73234
;WIDTH:0.623951
G1 X98.668 Y101.163 E7.84168
G1 X98.552 Y101.411 E7.86355
;WIDTH:0.633981
G1 X97.997 Y102.472 E7.96093
G1 X97.768 Y102.854 E7.99715
;WIDTH:0.636001
G1 X97.148 Y103.784 E8.08837
G1 X96.832 Y104.203 E8.1312
;WIDTH:0.637605
G1 X96.166 Y105.001 E8.21628
G1 X95.78 Y105.416 E8.26267
;WIDTH:0.638509
G1 X95.049 Y106.123 E8.34604
G1 X94.628 Y106.489 E8.39177
;WIDTH:0.639443
G1 X93.835 Y107.108 E8.47438
G1 X93.313 Y107.472 E8.52664
;WIDTH:0.639953
G1 X92.526 Y107.962 E8.60284
G1 X91.899 Y108.307 E8.66166
;WIDTH:0.635861
G1 X91.002 Y108.727 E8.74248
G1 E6.74248 F2400
G92 E0
G1 X79.445 Y108.435 F7800
G1 E2 F2400
;WIDTH:0.42
G1 F1800
G1 X79.445 Y109.386 E2.04773
G1 X78.606 Y109.059 E2.09292
G1 X77.11 Y108.276 E2.17766
G1 X75.632 Y107.275 E2.26725
G1 X74.386 Y106.219 E2.34922
G1 X73.235 Y105.006 E2.43314
G1 X72.213 Y103.66 E2.51796
G1 X71.343 Y102.211 E2.60278
G1 X70.637 Y100.676 E2.68757
G1 X70.104 Y99.073 E2.77235
G1 X69.733 Y97.328 E2.86188
G1 X69.57 Y95.646 E2.94669
G1 X69.587 Y94.051 E3.02674
G1 X69.798 Y92.278 E3.11635
G1 X70.186 Y90.634 E3.20112
G1 X70.718 Y89.131 E3.28114
G1 X71.488 Y87.52 E3.37075
G1 X72.385 Y86.089 E3.45551
G1 X73.434 Y84.765 E3.54028
G1 X74.637 Y83.549 E3.62612
G1 X75.876 Y82.544 E3.70618
G1 X77.373 Y81.57 E3.79581
G1 X78.885 Y80.818 E3.88056
G1 X80.471 Y80.235 E3.96536
G1 X82.111 Y79.828 E4.05016
G1 X83.785 Y79.604 E4.13492
G1 X85.57 Y79.568 E4.22452
G1 X87.159 Y79.708 E4.30457
G1 X88.816 Y80.036 E4.38934
G1 X90.517 Y80.576 E4.4789
G1 X92.059 Y81.264 E4.56364
G1 X93.518 Y82.118 E4.64848
G1 X94.875 Y83.125 E4.73329
G1 X96.1 Y84.262 E4.81717
G1 X97.23 Y85.57 E4.90392
G1 X98.187 Y86.962 E4.9887
G1 X98.987 Y88.451 E5.07353
G1 X99.619 Y90.018 E5.15833
G1 X100.075 Y91.645 E5.24313
G1 X100.352 Y93.313 E5.32799
G1 X100.443 Y95.024 E5.41398
G1 X100.36 Y96.609 E5.49363
G1 X100.109 Y98.2 E5.57446
G1 X99.694 Y99.755 E5.65523
G1 X99.076 Y101.345 E5.74084
G1 X98.39 Y102.697 E5.81693
G1 X97.515 Y104.05 E5.89779
G1 X96.504 Y105.304 E5.97863
G1 X95.354 Y106.46 E6.06046
G1 X94.104 Y107.476 E6.1413
G1 X92.755 Y108.356 E6.22213
G1 X91.406 Y109.049 E6.29824
G1 X90.555 Y109.384 E6.34414
G1 X90.555 Y108.437 E6.39167
G1 X91.679 Y107.931 E6.45353
G1 X93.053 Y107.123 E6.53352
G1 X94.331 Y106.17 E6.61353
G1 X95.497 Y105.082 E6.69357
G1 X96.502 Y103.918 E6.77075
G1 X97.408 Y102.607 E6.85073
G1 X98.166 Y101.204 E6.93076
G1 X98.784 Y99.673 E7.01362
G1 X99.212 Y98.137 E7.09364
G1 X99.47 Y96.564 E7.17364
G1 X99.554 Y94.972 E7.25365
G1 X99.461 Y93.388 E7.33328
G1 X99.147 Y91.582 E7.42528
G1 X98.649 Y89.947 E7.51106
G1 X98.159 Y88.825 E7.5725
G1 X97.962 Y88.382 E7.59683
G1 X97.097 Y86.908 E7.6826
G1 X96.065 Y85.546 E7.76836
G1 X95.442 Y84.895 E7.81358
G1 X94.881 Y84.314 E7.85411
G1 X93.56 Y83.229 E7.9399
G1 X92.174 Y82.337 E8.02262
G1 X90.64 Y81.583 E8.1084
G1 X88.97 Y80.998 E8.1972
G1 X87.302 Y80.629 E8.28293
G1 X85.662 Y80.461 E8.36567
G1 X83.953 Y80.484 E8.45145
G1 X82.203 Y80.717 E8.54005
G1 X80.544 Y81.145 E8.62603
G1 X79.225 Y81.653 E8.69696
G1 X78.951 Y81.763 E8.71178
G1 X77.441 Y82.563 E8.79754
G1 X76.035 Y83.535 E8.88332
G1 X74.753 Y84.665 E8.96908
G1 X74.115 Y85.373 E9.01691
G1 X73.612 Y85.937 E9.05484
G1 X72.628 Y87.335 E9.14064
G1 X71.815 Y88.838 E9.2264
G1 X71.56 Y89.474 E9.26079
G1 X71.183 Y90.426 E9.31218
G1 X70.742 Y92.077 E9.39794
G1 X70.503 Y93.708 E9.48067
G1 X70.452 Y95.416 E9.56643
G1 X70.609 Y97.173 E9.65496
G1 X70.964 Y98.849 E9.74094
G1 X71.475 Y100.369 E9.82142
G1 X72.247 Y102.012 E9.91252
G1 X73.157 Y103.459 E9.99831
G1 X73.935 Y104.428 E10.06067
G1 X74.23 Y104.789 E10.08407
G1 X75.452 Y105.984 E10.16985
G1 X76.805 Y107.028 E10.25562
G1 X78.271 Y107.905 E10.34135
G1 X79.39 Y108.41 E10.40296
G1 X79.79 Y108.212 F7800
;TYPE:External perimeter
G1 F1800
G1 X79.79 Y109.891 E10.48722
G1 X78.463 Y109.373 E10.55871
G1 X76.933 Y108.573 E10.64536
G1 X75.423 Y107.55 E10.73689
G1 X74.148 Y106.47 E10.82075
G1 X72.972 Y105.229 E10.90655
G1 X71.927 Y103.854 E10.99322
G1 X71.038 Y102.372 E11.07995
G1 X70.316 Y100.803 E11.16663
G1 X69.77 Y99.164 E11.25333
G1 X69.392 Y97.38 E11.34485
G1 X69.225 Y95.661 E11.43153
G1 X69.242 Y94.029 E11.51344
G1 X69.458 Y92.218 E11.60497
G1 X69.854 Y90.537 E11.69164
G1 X70.399 Y88.998 E11.77358
G1 X71.186 Y87.353 E11.8651
G1 X72.103 Y85.89 E11.95175
G1 X73.176 Y84.536 E12.03845
G1 X74.405 Y83.293 E12.12617
G1 X75.673 Y82.265 E12.20809
G1 X77.202 Y81.271 E12.29961
G1 X78.748 Y80.501 E12.38629
G1 X80.369 Y79.905 E12.47297
G1 X82.046 Y79.489 E12.55968
G1 X83.758 Y79.26 E12.64636
G1 X85.582 Y79.223 E12.73792
G1 X87.207 Y79.366 E12.81979
G1 X88.902 Y79.701 E12.9065
G1 X90.64 Y80.253 E12.99802
G1 X92.217 Y80.957 E13.08469
G1 X93.708 Y81.83 E13.1714
G1 X95.095 Y82.86 E13.2581
G1 X96.349 Y84.022 E13.3439
G1 X97.503 Y85.359 E13.43254
G1 X98.482 Y86.782 E13.51922
G1 X99.299 Y88.305 E13.60596
G1 X99.946 Y89.907 E13.69267
G1 X100.413 Y91.57 E13.77936
G1 X100.695 Y93.275 E13.86609
G1 X100.787 Y95.042 E13.95489
G1 X100.704 Y96.645 E14.03545
G1 X100.447 Y98.271 E14.11807
G1 X100.023 Y99.862 E14.2007
G1 X99.391 Y101.486 E14.28816
G1 X98.689 Y102.869 E14.366
G1 X97.795 Y104.252 E14.44865
G1 X96.762 Y105.535 E14.53131
G1 X95.585 Y106.716 E14.61499
G1 X94.307 Y107.755 E14.69765
G1 X92.928 Y108.655 E14.78029
G1 X91.548 Y109.364 E14.85815
G1 X90.21 Y109.89 E14.9303
G1 X90.21 Y108.213 E15.01446
G1 X91.505 Y107.634 E15.08565
G1 X92.847 Y106.846 E15.16375
G1 X94.096 Y105.917 E15.24187
G1 X95.236 Y104.856 E15.32003
G1 X96.252 Y103.678 E15.3981
G1 X97.124 Y102.411 E15.47529
G1 X97.862 Y101.04 E15.55343
G1 X98.446 Y99.597 E15.63155
G1 X98.868 Y98.099 E15.70965
G1 X99.124 Y96.564 E15.78775
G1 X99.21 Y94.99 E15.86686
G1 X99.111 Y93.326 E15.95052
G1 X98.854 Y91.882 E16.02413
G1 X98.817 Y91.682 E16.03434
G1 X98.333 Y90.085 E16.11809
G1 X97.665 Y88.556 E16.20183
G1 X96.822 Y87.116 E16.28557
G1 X95.816 Y85.784 E16.36934
G1 X94.661 Y84.58 E16.45307
G1 X93.373 Y83.519 E16.53682
G1 X91.97 Y82.617 E16.62053
G1 X90.489 Y81.893 E16.70326
G1 X88.915 Y81.34 E16.78699
G1 X87.286 Y80.975 E16.87077
G1 X85.627 Y80.804 E16.95447
G1 X83.958 Y80.828 E17.03824
G1 X82.286 Y81.052 E17.1229
G1 X80.799 Y81.432 E17.19992
G1 X80.671 Y81.466 E17.20657
G1 X79.112 Y82.068 E17.29044
G1 X77.636 Y82.847 E17.3742
G1 X76.262 Y83.794 E17.45795
G1 X75.009 Y84.896 E17.54169
G1 X73.894 Y86.136 E17.62538
G1 X72.931 Y87.499 E17.70913
G1 X72.135 Y88.966 E17.79289
G1 X71.516 Y90.515 E17.87661
G1 X71.084 Y92.127 E17.96036
G1 X70.843 Y93.778 E18.04409
G1 X70.797 Y95.426 E18.12683
G1 X70.947 Y97.106 E18.21148
G1 X71.291 Y98.74 E18.29528
G1 X71.824 Y100.32 E18.37896
G1 X72.537 Y101.827 E18.46263
G1 X73.262 Y102.984 E18.53115
G1 X73.425 Y103.243 E18.54651
G1 X74.471 Y104.543 E18.63025
G1 X75.663 Y105.711 E18.714
G1 X76.983 Y106.732 E18.79775
G1 X78.413 Y107.591 E18.88147
G1 X79.735 Y108.188 E18.95427
G1 X79.786 Y108.584 F7800
M106 S226.95
;LAYER_CHANGE
;Z:0.65
;HEIGHT:0.3
G1 E16.95427 F2400
G92 E0
G1 Z.65 F7800
G1 X89.6 Y110.41
G1 E2 F2400
;TYPE:Support material
;WIDTH:0.35
G1 F1900
G1 X89.948 Y110.648 E2.01502
G1 X90.539 Y110.419 E2.0376
G1 X90.539 Y111.682 E2.08259
G1 X79.461 Y111.682 E2.47723
G1 X79.461 Y110.417 E2.52229
G1 X80.051 Y110.648 E2.54486
G1 X80.4 Y110.41 E2.55991
G1 X80.4 Y108.96 E2.61156
G1 X89.6 Y108.96 E2.9393
G1 X89.6 Y110.367 E2.98942
G1 E.98942 F2400
G92 E0
G1 X87.625 Y100.571 F7800
G1 E2 F2400
G1 F1900
G1 X82.375 Y100.571 E2.18703
G1 X82.182 Y92.182 F7800
G1 F1900
G1 X87.818 Y92.182 E2.38781
G1 X87.818 Y97.818 E2.58859
G1 X82.182 Y97.818 E2.78937
G1 X82.182 Y92.225 E2.98862
G1 X87.625 Y89.429 F7800
G1 F1900
G1 X82.504 Y89.429 E3.17105
G1 X82.504 Y89.718 E3.18135
G1 X79.718 Y89.718 E3.2806
G1 X79.718 Y92.214 E3.36952
G1 X81.925 Y92.214 E3.44814
G1 X81.925 Y95 E3.54739
G1 X76.932 Y95 E3.72526
G1 X76.932 Y97.496 E3.81418
G1 X79.718 Y97.496 E3.91343
G1 X79.718 Y97.786 E3.92376
G1 X81.925 Y97.786 E4.00238
G1 X81.925 Y98.075 E4.01268
G1 X88.075 Y98.075 E4.23177
G1 X88.075 Y97.786 E4.24207
G1 X90.282 Y97.786 E4.32069
G1 X90.282 Y97.496 E4.33102
G1 X93.068 Y97.496 E4.43027
G1 X93.068 Y95 E4.51919
G1 X88.075 Y95 E4.69706
G1 X88.075 Y92.214 E4.79631
G1 X90.411 Y92.214 E4.87953
G1 X87.753 Y89.461 F7800
G1 F1900
G1 X90.539 Y89.461 E4.97878
G1 X90.539 Y92.247 E5.07803
G1 X93.325 Y92.247 E5.17728
G1 X93.325 Y97.753 E5.37343
G1 X90.539 Y97.753 E5.47268
G1 X90.539 Y100.539 E5.57193
G1 X87.753 Y100.539 E5.67118
G1 X87.753 Y103.325 E5.77043
G1 X82.247 Y103.325 E5.96658
G1 X82.247 Y100.539 E6.06583
G1 X79.461 Y100.539 E6.16508
G1 X79.461 Y97.753 E6.26433
G1 X76.675 Y97.753 E6.36358
G1 X76.675 Y92.247 E6.55973
G1 X79.461 Y92.247 E6.65898
G1 X79.461 Y89.461 E6.75823
G1 X82.247 Y89.461 E6.85748
G1 X82.247 Y86.675 E6.95673
G1 X87.753 Y86.675 E7.15288
G1 X87.753 Y89.418 E7.2506
G1 E5.2506 F2400
G92 E0
G1 X78.994 Y108.727 F7800
G1 E2 F2400
;TYPE:Perimeter
;WIDTH:0.469961
G1 F1900
G1 X78.093 Y108.301 E2.05042
;WIDTH:0.479255
G1 X77.372 Y107.901 E2.09309
G1 X76.582 Y107.4 E2.1415
;WIDTH:0.478285
G1 X76.006 Y106.989 E2.17803
G1 X75.186 Y106.328 E2.2324
;WIDTH:0.477785
G1 X74.691 Y105.88 E2.26682
G1 X73.924 Y105.1 E2.32323
;WIDTH:0.473071
G1 X73.602 Y104.736 E2.348
G1 X72.816 Y103.733 E2.41296
;WIDTH:0.468229
G1 X72.61 Y103.442 E2.43092
G1 X71.875 Y102.246 E2.50163
;WIDTH:0.462165
G1 X71.765 Y102.048 E2.51287
G1 X71.11 Y100.652 E2.58938
;WIDTH:0.454885
G1 X71.069 Y100.554 E2.59455
;WIDTH:0.457155
G1 X70.518 Y98.882 E2.68079
;WIDTH:0.462985
G1 X70.16 Y97.158 E2.76833
;WIDTH:0.457429
G1 X70.011 Y95.403 E2.85468
;WIDTH:0.471131
G1 X70.035 Y94.16 E2.91775
G1 X70.07 Y93.644 E2.94399
;WIDTH:0.469961
G1 X70.252 Y92.309 E3.01215
G1 X70.334 Y91.904 E3.03305
;WIDTH:0.474371
G1 X70.633 Y90.725 E3.09525
G1 X70.787 Y90.24 E3.12127
;WIDTH:0.437261
G1 X70.799 Y90.206 E3.12295
;WIDTH:0.477559
G1 X71.183 Y89.191 E3.17888
G1 X71.411 Y88.676 E3.2079
;WIDTH:0.479465
G1 X71.896 Y87.726 E3.26312
G1 X72.247 Y87.127 E3.29906
;WIDTH:0.480151
G1 X72.763 Y86.347 E3.34756
G1 X73.257 Y85.687 E3.39031
;WIDTH:0.479539
G1 X73.774 Y85.07 E3.43199
G1 X74.431 Y84.375 E3.48151
;WIDTH:0.478519
G1 X74.96 Y83.872 E3.51922
G1 X75.748 Y83.208 E3.57245
;WIDTH:0.476331
G1 X76.226 Y82.847 E3.60323
G1 X77.193 Y82.204 E3.6629
;WIDTH:0.472859
G1 X77.596 Y81.965 E3.68677
G1 X78.746 Y81.375 E3.75262
;WIDTH:0.468159
G1 X79.054 Y81.236 E3.76964
G1 X80.386 Y80.734 E3.84133
;WIDTH:0.462211
G1 X80.582 Y80.67 E3.85156
G1 X82.094 Y80.288 E3.92894
;WIDTH:0.455133
G1 X82.2 Y80.266 E3.93422
;WIDTH:0.459705
G1 X83.947 Y80.043 E4.02106
;WIDTH:0.465595
G1 X85.423 Y80.012 E4.09494
G1 X85.707 Y80.022 E4.10916
;WIDTH:0.470141
G1 X87.029 Y80.147 E4.17636
G1 X87.457 Y80.214 E4.19828
;WIDTH:0.473717
G1 X88.652 Y80.463 E4.2606
G1 X89.147 Y80.592 E4.28672
;WIDTH:0.443663
G1 X89.174 Y80.601 E4.28807
;WIDTH:0.476091
G1 X90.207 Y80.946 E4.344
G1 X90.729 Y81.148 E4.37274
;WIDTH:0.440821
G1 X90.832 Y81.193 E4.37802
;WIDTH:0.473377
G1 X91.915 Y81.702 E4.43906
G1 X92.378 Y81.953 E4.46593
;WIDTH:0.435521
G1 X92.41 Y81.972 E4.46765
;WIDTH:0.476657
G1 X93.317 Y82.532 E4.52246
G1 X93.795 Y82.864 E4.55239
;WIDTH:0.478755
G1 X94.622 Y83.51 E4.60663
G1 X95.157 Y83.979 E4.6434
;WIDTH:0.479891
G1 X95.775 Y84.583 E4.68818
G1 X96.377 Y85.247 E4.73463
;WIDTH:0.478071
G1 X96.908 Y85.901 E4.7781
G1 X97.443 Y86.647 E4.82547
;WIDTH:0.477259
G1 X97.826 Y87.246 E4.86208
G1 X98.337 Y88.163 E4.91614
;WIDTH:0.475151
G1 X98.593 Y88.683 E4.94583
G1 X99.048 Y89.773 E5.00634
;WIDTH:0.471805
G1 X99.2 Y90.195 E5.02913
G1 X99.566 Y91.455 E5.0958
;WIDTH:0.467219
G1 X99.64 Y91.764 E5.11176
G1 X99.884 Y93.186 E5.18425
;WIDTH:0.461391
G1 X99.997 Y94.947 E5.27163
;WIDTH:0.454803
G1 X99.997 Y95.053 E5.27679
;WIDTH:0.458865
G1 X99.9 Y96.693 E5.35762
;WIDTH:0.462629
G1 X99.624 Y98.312 E5.4392
;WIDTH:0.465953
G1 X99.267 Y99.612 E5.50672
G1 X99.172 Y99.891 E5.52148
;WIDTH:0.468845
G1 X98.709 Y101.071 E5.58543
G1 X98.551 Y101.411 E5.60434
;WIDTH:0.471295
G1 X98.002 Y102.463 E5.66456
G1 X97.768 Y102.854 E5.68769
;WIDTH:0.473311
G1 X97.154 Y103.775 E5.74415
G1 X96.853 Y104.177 E5.76976
;WIDTH:0.439041
G1 X96.831 Y104.203 E5.77135
;WIDTH:0.474857
G1 X96.175 Y104.99 E5.8238
G1 X95.826 Y105.366 E5.85006
;WIDTH:0.438371
G1 X95.753 Y105.441 E5.85494
;WIDTH:0.475137
G1 X95.033 Y106.137 E5.90624
G1 X94.628 Y106.489 E5.93373
;WIDTH:0.476257
G1 X93.82 Y107.119 E5.98636
G1 X93.313 Y107.472 E6.0181
;WIDTH:0.476883
G1 X92.511 Y107.971 E6.0667
G1 X91.899 Y108.306 E6.1026
;WIDTH:0.477091
G1 X91.007 Y108.73 E6.15344
G1 E4.15344 F2400
G92 E0
G1 X79.389 Y108.471 F7800
G1 E2 F2400
;WIDTH:0.45
G1 F1900
G1 X79.389 Y109.305 E2.04011
G1 X78.652 Y109.018 E2.07815
G1 X77.168 Y108.246 E2.15861
G1 X75.582 Y107.164 E2.25095
G1 X74.415 Y106.17 E2.32468
G1 X73.299 Y104.994 E2.40266
G1 X72.283 Y103.664 E2.48316
G1 X71.418 Y102.232 E2.56362
G1 X70.714 Y100.715 E2.64406
G1 X70.179 Y99.131 E2.72447
G1 X69.818 Y97.495 E2.80505
G1 X69.779 Y97.249 E2.81703
G1 X69.624 Y95.568 E2.89822
G1 X69.651 Y93.908 E2.97807
G1 X69.863 Y92.238 E3.05904
G1 X70.251 Y90.611 E3.13949
G1 X70.814 Y89.036 E3.21994
G1 X71.546 Y87.531 E3.30043
G1 X72.436 Y86.115 E3.38087
G1 X73.474 Y84.804 E3.4613
G1 X74.692 Y83.575 E3.54452
G1 X75.992 Y82.523 E3.62495
G1 X77.4 Y81.619 E3.70543
G1 X78.897 Y80.873 E3.78588
G1 X80.467 Y80.295 E3.86635
G1 X82.09 Y79.89 E3.9468
G1 X83.747 Y79.663 E4.02724
G1 X85.413 Y79.619 E4.1074
G1 X87.084 Y79.755 E4.18804
G1 X88.728 Y80.072 E4.26857
G1 X88.973 Y80.136 E4.28075
G1 X90.562 Y80.654 E4.36113
G1 X92.098 Y81.349 E4.44222
G1 X93.539 Y82.2 E4.52271
G1 X94.878 Y83.202 E4.60315
G1 X96.065 Y84.305 E4.68108
G1 X97.226 Y85.657 E4.76679
G1 X98.168 Y87.039 E4.84723
G1 X98.954 Y88.515 E4.92766
G1 X99.576 Y90.068 E5.00812
G1 X100.026 Y91.679 E5.08857
G1 X100.298 Y93.33 E5.16905
G1 X100.387 Y95.021 E5.25049
G1 X100.305 Y96.601 E5.32658
G1 X100.055 Y98.184 E5.40366
G1 X99.642 Y99.733 E5.48076
G1 X99.071 Y101.231 E5.55787
G1 X98.346 Y102.661 E5.63498
G1 X97.477 Y104.008 E5.71208
G1 X96.472 Y105.256 E5.78915
G1 X95.3 Y106.433 E5.86904
G1 X94.055 Y107.442 E5.94612
G1 X92.712 Y108.317 E6.02321
G1 X91.285 Y109.047 E6.1003
G1 X90.611 Y109.308 E6.13506
G1 X90.611 Y108.473 E6.17522
G1 X91.707 Y107.979 E6.23304
G1 X93.087 Y107.168 E6.31003
G1 X94.369 Y106.21 E6.387
G1 X95.539 Y105.118 E6.46397
G1 X96.583 Y103.905 E6.54094
G1 X97.487 Y102.584 E6.61793
G1 X98.215 Y101.23 E6.69187
G1 X98.837 Y99.688 E6.77184
G1 X99.267 Y98.146 E6.84883
G1 X99.526 Y96.567 E6.92579
G1 X99.61 Y94.968 E7.0028
G1 X99.517 Y93.395 E7.07859
G1 X99.2 Y91.565 E7.16792
G1 X98.7 Y89.925 E7.25038
G1 X98.228 Y88.842 E7.3072
G1 X98.01 Y88.354 E7.33291
G1 X97.142 Y86.874 E7.41543
G1 X96.105 Y85.507 E7.49796
G1 X95.486 Y84.86 E7.54103
G1 X94.916 Y84.271 E7.58045
G1 X93.59 Y83.182 E7.66298
G1 X92.205 Y82.29 E7.74221
G1 X90.665 Y81.533 E7.82474
G1 X89.048 Y80.962 E7.90722
G1 X87.307 Y80.574 E7.99301
G1 X85.668 Y80.406 E8.07225
G1 X83.953 Y80.428 E8.15474
G1 X82.188 Y80.663 E8.24038
G1 X80.524 Y81.093 E8.32304
G1 X78.924 Y81.713 E8.40557
G1 X77.781 Y82.316 E8.46773
G1 X77.409 Y82.517 E8.48807
G1 X75.998 Y83.493 E8.57059
G1 X74.711 Y84.628 E8.65312
G1 X74.072 Y85.338 E8.69906
G1 X73.566 Y85.905 E8.73561
G1 X72.579 Y87.308 E8.81811
G1 X71.763 Y88.817 E8.90062
G1 X71.151 Y90.347 E8.97988
G1 X70.687 Y92.069 E9.06566
G1 X70.448 Y93.699 E9.1449
G1 X70.396 Y95.414 E9.22742
G1 X70.555 Y97.19 E9.31318
G1 X70.894 Y98.803 E9.39245
G1 X71.437 Y100.43 E9.47495
G1 X72.2 Y102.042 E9.56073
G1 X73.113 Y103.494 E9.64322
G1 X73.911 Y104.487 E9.70449
G1 X74.191 Y104.829 E9.72575
G1 X75.418 Y106.028 E9.80826
G1 X76.777 Y107.076 E9.8908
G1 X78.249 Y107.956 E9.97328
G1 X79.335 Y108.446 E10.03058
G1 X79.775 Y108.222 F7800
;TYPE:External perimeter
G1 F1800
G1 X79.775 Y109.869 E10.10979
G1 X78.493 Y109.37 E10.17596
G1 X76.971 Y108.578 E10.25848
G1 X75.337 Y107.461 E10.35368
G1 X74.15 Y106.45 E10.42867
G1 X73.005 Y105.244 E10.50865
G1 X71.964 Y103.882 E10.5911
G1 X71.077 Y102.414 E10.67359
G1 X70.355 Y100.859 E10.75605
G1 X69.807 Y99.234 E10.83853
G1 X69.442 Y97.578 E10.92009
G1 X69.396 Y97.297 E10.93379
G1 X69.238 Y95.584 E11.01653
G1 X69.267 Y93.874 E11.09879
G1 X69.483 Y92.169 E11.18145
G1 X69.881 Y90.501 E11.26393
G1 X70.458 Y88.887 E11.34637
G1 X71.208 Y87.344 E11.42889
G1 X72.12 Y85.892 E11.51136
G1 X73.185 Y84.548 E11.59384
G1 X74.433 Y83.288 E11.67914
G1 X75.766 Y82.21 E11.76159
G1 X77.209 Y81.284 E11.84405
G1 X78.744 Y80.519 E11.92654
G1 X80.353 Y79.926 E12.00902
G1 X82.017 Y79.51 E12.09152
G1 X83.716 Y79.278 E12.17399
G1 X85.403 Y79.233 E12.25516
G1 X87.138 Y79.373 E12.33888
G1 X88.801 Y79.694 E12.42034
G1 X89.08 Y79.766 E12.4342
G1 X90.71 Y80.298 E12.51667
G1 X92.277 Y81.006 E12.59937
G1 X93.753 Y81.878 E12.68182
G1 X95.126 Y82.906 E12.76432
G1 X96.343 Y84.038 E12.84426
G1 X97.532 Y85.422 E12.93202
G1 X98.498 Y86.839 E13.0145
G1 X99.305 Y88.352 E13.09697
G1 X99.942 Y89.944 E13.17944
G1 X100.403 Y91.596 E13.26193
G1 X100.681 Y93.288 E13.3444
G1 X100.773 Y95.041 E13.42883
G1 X100.689 Y96.641 E13.50589
G1 X100.433 Y98.264 E13.58492
G1 X100.01 Y99.852 E13.66396
G1 X99.424 Y101.387 E13.74299
G1 X98.681 Y102.853 E13.82204
G1 X97.79 Y104.234 E13.90109
G1 X96.76 Y105.514 E13.98011
G1 X95.559 Y106.72 E14.06197
G1 X94.282 Y107.754 E14.141
G1 X92.905 Y108.651 E14.22004
G1 X91.442 Y109.399 E14.29907
G1 X90.225 Y109.87 E14.36183
G1 X90.225 Y108.223 E14.44104
G1 X91.512 Y107.646 E14.50888
G1 X92.857 Y106.858 E14.58385
G1 X94.107 Y105.928 E14.65878
G1 X95.247 Y104.866 E14.73372
G1 X96.265 Y103.686 E14.80868
G1 X97.136 Y102.42 E14.88259
G1 X97.875 Y101.048 E14.95754
G1 X98.459 Y99.603 E15.0325
G1 X98.882 Y98.103 E15.10746
G1 X99.138 Y96.566 E15.1824
G1 X99.225 Y94.989 E15.25836
G1 X99.126 Y93.324 E15.33858
G1 X98.872 Y91.901 E15.4081
G1 X98.831 Y91.677 E15.41905
G1 X98.346 Y90.079 E15.49937
G1 X97.677 Y88.548 E15.57973
G1 X96.834 Y87.107 E15.66003
G1 X95.827 Y85.774 E15.74038
G1 X94.671 Y84.568 E15.82073
G1 X93.381 Y83.507 E15.90106
G1 X91.976 Y82.603 E15.98141
G1 X90.475 Y81.871 E16.06173
G1 X88.92 Y81.326 E16.14098
G1 X87.29 Y80.961 E16.22132
G1 X85.629 Y80.789 E16.30164
G1 X83.958 Y80.813 E16.38202
G1 X82.282 Y81.037 E16.46335
G1 X80.775 Y81.423 E16.53817
G1 X79.104 Y82.055 E16.6241
G1 X77.628 Y82.835 E16.70439
G1 X76.252 Y83.783 E16.78476
G1 X74.998 Y84.886 E16.86508
G1 X73.881 Y86.128 E16.94542
G1 X72.918 Y87.492 E17.02573
G1 X72.121 Y88.961 E17.10611
G1 X71.502 Y90.512 E17.18643
G1 X71.069 Y92.125 E17.26676
G1 X70.83 Y93.755 E17.346
G1 X70.782 Y95.425 E17.42635
G1 X70.933 Y97.111 E17.50777
G1 X71.271 Y98.724 E17.58703
G1 X71.802 Y100.307 E17.66734
G1 X72.525 Y101.835 E17.74864
G1 X73.271 Y103.028 E17.81631
G1 X73.414 Y103.253 E17.82913
G1 X74.461 Y104.554 E17.90945
G1 X75.654 Y105.723 E17.98978
G1 X76.975 Y106.745 E18.07011
G1 X78.407 Y107.605 E18.15045
G1 X79.72 Y108.197 E18.21972
G1 X79.771 Y108.594 F7800
;LAYER_CHANGE
;Z:0.95
;HEIGHT:0.3
G1 E16.21972 F2400
G92 E0
G1 Z.95 F7800
G1 X89.6 Y110.41
G1 E2 F2400
;TYPE:Support material
;WIDTH:0.35
G1 F1900
G1 X89.948 Y110.648 E2.01502
G1 X90.539 Y110.419 E2.0376
G1 X90.539 Y111.682 E2.08259
G1 X79.461 Y111.682 E2.47723
G1 X79.461 Y110.417 E2.52229
G1 X80.051 Y110.648 E2.54486
G1 X80.4 Y110.41 E2.55991
G1 X80.4 Y108.96 E2.61156
G1 X89.6 Y108.96 E2.9393
G1 X89.6 Y110.367 E2.98942
G1 E.98942 F2400
G92 E0
G1 X87.625 Y100.571 F7800
G1 E2 F2400
G1 F1900
G1 X82.375 Y100.571 E2.18703
G1 X82.182 Y92.182 F7800
G1 F1900
G1 X87.818 Y92.182 E2.38781
G1 X87.818 Y97.818 E2.58859
G1 X82.182 Y97.818 E2.78937
G1 X82.182 Y92.225 E2.98862
G1 X87.625 Y89.429 F7800
G1 F1900
G1 X82.504 Y89.429 E3.17105
G1 X82.504 Y89.718 E3.18135
G1 X79.718 Y89.718 E3.2806
G1 X79.718 Y92.214 E3.36952
G1 X81.925 Y92.214 E3.44814
G1 X81.925 Y95 E3.54739
G1 X76.932 Y95 E3.72526
G1 X76.932 Y97.496 E3.81418
G1 X79.718 Y97.496 E3.91343
G1 X79.718 Y97.786 E3.92376
G1 X81.925 Y97.786 E4.00238
G1 X81.925 Y98.075 E4.01268
G1 X88.075 Y98.075 E4.23177
G1 X88.075 Y97.786 E4.24207
G1 X90.282 Y97.786 E4.32069
G1 X90.282 Y97.496 E4.33102
G1 X93.068 Y97.496 E4.43027
G1 X93.068 Y95 E4.51919
G1 X88.075 Y95 E4.69706
G1 X88.075 Y92.214 E4.79631
G1 X90.411 Y92.214 E4.87953
G1 X87.753 Y89.461 F7800
G1 F1900
G1 X90.539 Y89.461 E4.97878
G1 X90.539 Y92.247 E5.07803
G1 X93.325 Y92.247 E5.17728
G1 X93.325 Y97.753 E5.37343
G1 X90.539 Y97.753 E5.47268
G1 X90.539 Y100.539 E5.57193
G1 X87.753 Y100.539 E5.67118
G1 X87.753 Y103.325 E5.77043
G1 X82.247 Y103.325 E5.96658
G1 X82.247 Y100.539 E6.06583
G1 X79.461 Y100.539 E6.16508
G1 X79.461 Y97.753 E6.26433
G1 X76.675 Y97.753 E6.36358
G1 X76.675 Y92.247 E6.55973
G1 X79.461 Y92.247 E6.65898
G1 X79.461 Y89.461 E6.75823
G1 X82.247 Y89.461 E6.85748
G1 X82.247 Y86.675 E6.95673
G1 X87.753 Y86.675 E7.15288
G1 X87.753 Y89.418 E7.2506
G1 E5.2506 F2400
G92 E0
G1 X78.993 Y108.727 F7800
G1 E2 F2400
;TYPE:Perimeter
;WIDTH:0.470973
G1 F1900
G1 X78.093 Y108.301 E2.0505
;WIDTH:0.478793
G1 X77.4 Y107.917 E2.09145
G1 X76.582 Y107.4 E2.14147
;WIDTH:0.477131
G1 X76.04 Y107.015 E2.1757
G1 X75.185 Y106.328 E2.23216
;WIDTH:0.478019
G1 X74.683 Y105.872 E2.26715
G1 X73.924 Y105.101 E2.32297
;WIDTH:0.472047
G1 X73.62 Y104.758 E2.34627
G1 X72.816 Y103.733 E2.41251
;WIDTH:0.466403
G1 X72.631 Y103.474 E2.42847
G1 X71.874 Y102.246 E2.5008
;WIDTH:0.459327
G1 X71.111 Y100.655 E2.58772
;WIDTH:0.466655
G1 X70.57 Y99.079 E2.67132
;WIDTH:0.462491
G1 X70.473 Y98.707 E2.69041
;WIDTH:0.465399
G1 X70.154 Y97.117 E2.77152
;WIDTH:0.469225
G1 X70.038 Y95.885 E2.834
G1 X70.01 Y95.403 E2.85838
;WIDTH:0.471617
G1 X70.057 Y93.756 E2.94207
;WIDTH:0.449697
G1 X70.069 Y93.644 E2.94748
;WIDTH:0.467825
G1 X70.26 Y92.263 E3.01763
G1 X70.333 Y91.904 E3.03606
;WIDTH:0.473099
G1 X70.643 Y90.689 E3.09998
G1 X70.799 Y90.206 E3.12585
;WIDTH:0.476911
G1 X71.194 Y89.166 E3.18309
G1 X71.411 Y88.676 E3.21066
;WIDTH:0.479267
G1 X71.904 Y87.711 E3.26673
G1 X72.246 Y87.127 E3.30175
;WIDTH:0.479977
G1 X72.765 Y86.344 E3.35044
G1 X73.013 Y86.016 E3.37175
;WIDTH:0.454794
G1 X73.26 Y85.689 E3.39171
;WIDTH:0.477659
G1 X73.888 Y84.945 E3.4419
G1 X74.43 Y84.374 E3.48248
;WIDTH:0.478781
G1 X74.974 Y83.859 E3.5212
G1 X75.748 Y83.208 E3.57347
;WIDTH:0.476553
G1 X76.235 Y82.841 E3.60482
G1 X77.193 Y82.204 E3.66396
;WIDTH:0.472897
G1 X77.597 Y81.965 E3.68788
G1 X78.746 Y81.375 E3.75369
;WIDTH:0.467781
G1 X79.045 Y81.24 E3.7702
G1 X80.385 Y80.734 E3.84227
;WIDTH:0.461203
G1 X82.093 Y80.287 E3.92965
;WIDTH:0.454517
G1 X82.2 Y80.267 E3.93495
;WIDTH:0.461377
G1 X83.74 Y80.058 E4.0119
G1 X83.947 Y80.044 E4.02217
;WIDTH:0.467153
G1 X85.373 Y80.012 E4.09382
G1 X85.754 Y80.025 E4.11297
;WIDTH:0.471709
G1 X86.985 Y80.142 E4.17579
G1 X87.458 Y80.208 E4.20005
;WIDTH:0.474571
G1 X88.577 Y80.445 E4.25857
G1 X89.066 Y80.567 E4.28435
;WIDTH:0.449351
G1 X89.174 Y80.6 E4.28977
;WIDTH:0.475997
G1 X90.128 Y80.918 E4.3414
G1 X90.729 Y81.145 E4.37438
G1 X91.618 Y81.555 E4.42464
G1 X92.313 Y81.913 E4.46478
;WIDTH:0.474535
G1 X93.031 Y82.349 E4.50775
G1 X93.795 Y82.864 E4.55488
;WIDTH:0.477949
G1 X94.658 Y83.54 E4.61143
G1 X95.157 Y83.978 E4.64568
;WIDTH:0.480189
G1 X95.783 Y84.591 E4.69112
G1 X96.38 Y85.244 E4.73701
;WIDTH:0.469091
G1 X96.702 Y85.635 E4.76258
G1 X97.443 Y86.647 E4.82589
;WIDTH:0.477443
G1 X97.851 Y87.289 E4.86508
G1 X98.337 Y88.163 E4.9166
;WIDTH:0.475745
G1 X98.609 Y88.719 E4.94836
G1 X99.048 Y89.773 E5.00694
;WIDTH:0.472585
G1 X99.209 Y90.224 E5.03132
G1 X99.566 Y91.455 E5.09658
;WIDTH:0.467965
G1 X99.644 Y91.784 E5.1136
G1 X99.884 Y93.186 E5.1852
;WIDTH:0.461881
G1 X99.997 Y94.948 E5.27274
;WIDTH:0.454809
G1 X99.997 Y95.053 E5.27785
;WIDTH:0.458953
G1 X99.9 Y96.693 E5.3587
;WIDTH:0.462785
G1 X99.623 Y98.312 E5.44032
;WIDTH:0.466155
G1 X99.269 Y99.607 E5.5076
G1 X99.172 Y99.891 E5.52264
;WIDTH:0.469069
G1 X98.712 Y101.064 E5.58624
G1 X98.551 Y101.411 E5.60555
;WIDTH:0.471525
G1 X98.006 Y102.456 E5.6654
G1 X97.768 Y102.854 E5.68895
;WIDTH:0.473523
G1 X97.16 Y103.766 E5.74488
G1 X96.853 Y104.177 E5.77106
;WIDTH:0.438881
G1 X96.831 Y104.203 E5.77265
;WIDTH:0.475011
G1 X96.184 Y104.981 E5.82447
G1 X95.826 Y105.366 E5.8514
;WIDTH:0.437481
G1 X95.753 Y105.441 E5.85627
;WIDTH:0.474723
G1 X95.018 Y106.15 E5.90854
G1 X94.628 Y106.489 E5.93499
;WIDTH:0.476015
G1 X93.806 Y107.13 E5.98851
G1 X93.313 Y107.472 E6.01932
;WIDTH:0.476755
G1 X92.498 Y107.979 E6.06869
G1 X91.899 Y108.307 E6.10382
;WIDTH:0.477069
G1 X91.007 Y108.73 E6.15463
G1 E4.15463 F2400
G92 E0
G1 X79.389 Y108.471 F7800
G1 E2 F2400
;WIDTH:0.45
G1 F1900
G1 X79.389 Y109.306 E2.04016
G1 X78.673 Y109.027 E2.07712
G1 X77.196 Y108.262 E2.15712
G1 X76.279 Y107.653 E2.21006
G1 X75.49 Y107.088 E2.25673
G1 X74.407 Y106.162 E2.32526
G1 X73.318 Y105.016 E2.4013
G1 X72.306 Y103.697 E2.48126
G1 X71.442 Y102.276 E2.56125
G1 X70.762 Y100.823 E2.63841
G1 X70.59 Y100.384 E2.66109
G1 X70.2 Y99.202 E2.72095
G1 X70.092 Y98.797 E2.74111
G1 X69.833 Y97.578 E2.80105
G1 X69.768 Y97.166 E2.82111
G1 X69.644 Y95.925 E2.8811
G1 X69.622 Y95.509 E2.90114
G1 X69.635 Y94.26 E2.96122
G1 X69.656 Y93.849 E2.98101
G1 X69.872 Y92.191 E3.06143
G1 X70.262 Y90.575 E3.14139
G1 X70.826 Y89.011 E3.22135
G1 X71.554 Y87.516 E3.30133
G1 X72.439 Y86.111 E3.38119
G1 X73.59 Y84.678 E3.46959
G1 X74.707 Y83.561 E3.54557
G1 X76.001 Y82.517 E3.62554
G1 X77.4 Y81.619 E3.7055
G1 X78.888 Y80.877 E3.78547
G1 X80.448 Y80.301 E3.86545
G1 X82.06 Y79.896 E3.94539
G1 X83.707 Y79.667 E4.02537
G1 X85.361 Y79.618 E4.10496
G1 X87.02 Y79.747 E4.18499
G1 X87.435 Y79.811 E4.20519
G1 X88.655 Y80.055 E4.26503
G1 X89.061 Y80.161 E4.28521
G1 X90.248 Y80.538 E4.34511
G1 X90.988 Y80.84 E4.38355
G1 X92.152 Y81.377 E4.4452
G1 X93.579 Y82.227 E4.52509
G1 X94.915 Y83.233 E4.60553
G1 X96.071 Y84.312 E4.68159
G1 X97.256 Y85.698 E4.76929
G1 X98.194 Y87.083 E4.84974
G1 X98.971 Y88.552 E4.92967
G1 X99.586 Y90.097 E5.00965
G1 X100.03 Y91.699 E5.08961
G1 X100.299 Y93.34 E5.16959
G1 X100.387 Y95.021 E5.25055
G1 X100.305 Y96.599 E5.32655
G1 X100.056 Y98.181 E5.40358
G1 X99.644 Y99.728 E5.48058
G1 X99.073 Y101.224 E5.5576
G1 X98.351 Y102.653 E5.6346
G1 X97.483 Y103.999 E5.71163
G1 X96.481 Y105.247 E5.78861
G1 X95.285 Y106.446 E5.87006
G1 X94.041 Y107.453 E5.94704
G1 X92.698 Y108.325 E6.02406
G1 X91.271 Y109.053 E6.10111
G1 X90.611 Y109.308 E6.13514
G1 X90.611 Y108.473 E6.1753
G1 X91.707 Y107.979 E6.23312
G1 X93.087 Y107.168 E6.31011
G1 X94.369 Y106.21 E6.38708
G1 X95.539 Y105.118 E6.46405
G1 X96.583 Y103.905 E6.54102
G1 X97.454 Y102.638 E6.61497
G1 X98.215 Y101.23 E6.69195
G1 X98.837 Y99.688 E6.77192
G1 X99.267 Y98.146 E6.84891
G1 X99.526 Y96.567 E6.92587
G1 X99.61 Y94.969 E7.00283
G1 X99.518 Y93.405 E7.07818
G1 X99.505 Y93.254 E7.08547
G1 X99.2 Y91.565 E7.16802
G1 X98.7 Y89.925 E7.25048
G1 X98.244 Y88.879 E7.30536
G1 X98.01 Y88.354 E7.33301
G1 X97.142 Y86.874 E7.41553
G1 X96.105 Y85.507 E7.49806
G1 X95.493 Y84.868 E7.54062
G1 X94.916 Y84.271 E7.58055
G1 X93.59 Y83.182 E7.66308
G1 X92.146 Y82.257 E7.74556
G1 X90.602 Y81.507 E7.82812
G1 X89.048 Y80.962 E7.90733
G1 X87.307 Y80.574 E7.99312
G1 X85.6 Y80.403 E8.07563
G1 X83.953 Y80.428 E8.15485
G1 X82.187 Y80.663 E8.24054
G1 X80.524 Y81.093 E8.32316
G1 X79.187 Y81.608 E8.39207
G1 X78.924 Y81.713 E8.40569
G1 X77.409 Y82.517 E8.48818
G1 X75.998 Y83.493 E8.5707
G1 X74.711 Y84.628 E8.65323
G1 X74.185 Y85.212 E8.69103
G1 X73.566 Y85.905 E8.73572
G1 X72.579 Y87.308 E8.81822
G1 X71.763 Y88.817 E8.90073
G1 X71.151 Y90.347 E8.97999
G1 X70.687 Y92.069 E9.06577
G1 X70.442 Y93.767 E9.14828
G1 X70.396 Y95.414 E9.22753
G1 X70.555 Y97.19 E9.31329
G1 X70.912 Y98.868 E9.3958
G1 X71.461 Y100.491 E9.47821
G1 X72.139 Y101.925 E9.5545
G1 X73.113 Y103.494 E9.64332
G1 X74.191 Y104.829 E9.72585
G1 X75.418 Y106.028 E9.80836
G1 X76.777 Y107.076 E9.8909
G1 X78.249 Y107.956 E9.97338
G1 X79.335 Y108.446 E10.03068
G1 X79.775 Y108.222 F7800
;TYPE:External perimeter
G1 F1800
G1 X79.775 Y109.87 E10.10994
G1 X78.514 Y109.379 E10.17503
G1 X77 Y108.595 E10.25703
G1 X76.065 Y107.974 E10.31102
G1 X75.244 Y107.385 E10.35962
G1 X74.142 Y106.443 E10.42935
G1 X73.025 Y105.267 E10.50736
G1 X71.987 Y103.915 E10.58934
G1 X71.102 Y102.459 E10.67129
G1 X70.411 Y100.983 E10.74967
G1 X70.227 Y100.513 E10.77395
G1 X69.833 Y99.323 E10.83424
G1 X69.717 Y98.887 E10.85594
G1 X69.456 Y97.658 E10.91637
G1 X69.385 Y97.215 E10.93795
G1 X69.261 Y95.963 E10.99846
G1 X69.237 Y95.517 E11.01994
G1 X69.25 Y94.256 E11.08059
G1 X69.272 Y93.814 E11.10187
G1 X69.492 Y92.12 E11.18403
G1 X69.893 Y90.464 E11.26598
G1 X70.47 Y88.86 E11.34797
G1 X71.217 Y87.328 E11.42995
G1 X72.124 Y85.887 E11.51184
G1 X73.303 Y84.42 E11.60236
G1 X74.449 Y83.274 E11.68031
G1 X75.775 Y82.204 E11.76226
G1 X77.21 Y81.283 E11.84427
G1 X78.735 Y80.523 E11.92622
G1 X80.333 Y79.932 E12.00817
G1 X81.986 Y79.516 E12.09015
G1 X83.675 Y79.282 E12.17216
G1 X85.349 Y79.232 E12.25271
G1 X85.808 Y79.253 E12.27481
G1 X87.053 Y79.363 E12.33492
G1 X87.502 Y79.431 E12.35676
G1 X88.731 Y79.677 E12.41704
G1 X89.168 Y79.791 E12.43876
G1 X90.365 Y80.171 E12.49916
G1 X91.144 Y80.488 E12.53961
G1 X92.335 Y81.038 E12.60271
G1 X93.799 Y81.91 E12.68467
G1 X95.163 Y82.937 E12.76679
G1 X96.349 Y84.043 E12.84479
G1 X97.567 Y85.47 E12.93503
G1 X98.525 Y86.884 E13.01718
G1 X99.322 Y88.39 E13.09913
G1 X99.952 Y89.974 E13.18112
G1 X100.407 Y91.616 E13.26307
G1 X100.683 Y93.298 E13.34505
G1 X100.773 Y95.041 E13.42899
G1 X100.689 Y96.639 E13.50595
G1 X100.434 Y98.261 E13.58492
G1 X100.012 Y99.847 E13.66386
G1 X99.427 Y101.381 E13.74282
G1 X98.686 Y102.845 E13.82174
G1 X97.796 Y104.225 E13.90072
G1 X96.768 Y105.504 E13.97964
G1 X95.544 Y106.733 E14.06307
G1 X94.268 Y107.765 E14.142
G1 X92.891 Y108.659 E14.22096
G1 X91.429 Y109.405 E14.2999
G1 X90.225 Y109.87 E14.36198
G1 X90.225 Y108.223 E14.44119
G1 X91.512 Y107.646 E14.50903
G1 X92.857 Y106.858 E14.584
G1 X94.107 Y105.928 E14.65893
G1 X95.247 Y104.866 E14.73387
G1 X96.252 Y103.703 E14.8078
G1 X97.136 Y102.42 E14.88274
G1 X97.875 Y101.048 E14.95769
G1 X98.459 Y99.603 E15.03265
G1 X98.882 Y98.103 E15.10761
G1 X99.138 Y96.566 E15.18255
G1 X99.225 Y94.99 E15.25847
G1 X99.126 Y93.324 E15.33874
G1 X98.876 Y91.921 E15.40728
G1 X98.831 Y91.677 E15.41921
G1 X98.346 Y90.079 E15.49953
G1 X97.677 Y88.548 E15.57989
G1 X96.834 Y87.107 E15.66019
G1 X95.827 Y85.774 E15.74054
G1 X94.671 Y84.568 E15.82089
G1 X93.381 Y83.507 E15.90122
G1 X91.976 Y82.603 E15.98157
G1 X90.475 Y81.871 E16.06189
G1 X88.92 Y81.326 E16.14114
G1 X87.29 Y80.961 E16.22148
G1 X85.606 Y80.788 E16.3029
G1 X83.958 Y80.813 E16.38217
G1 X82.303 Y81.033 E16.46247
G1 X80.756 Y81.427 E16.53925
G1 X79.104 Y82.055 E16.62425
G1 X77.628 Y82.835 E16.70454
G1 X76.252 Y83.783 E16.78491
G1 X74.998 Y84.886 E16.86523
G1 X73.881 Y86.128 E16.94557
G1 X72.918 Y87.492 E17.02588
G1 X72.121 Y88.961 E17.10626
G1 X71.502 Y90.512 E17.18658
G1 X71.069 Y92.125 E17.26691
G1 X70.828 Y93.778 E17.34725
G1 X70.782 Y95.425 E17.4265
G1 X70.933 Y97.111 E17.50792
G1 X71.277 Y98.746 E17.58828
G1 X71.811 Y100.328 E17.66859
G1 X72.525 Y101.835 E17.7488
G1 X73.292 Y103.06 E17.81831
G1 X73.414 Y103.253 E17.82929
G1 X74.461 Y104.554 E17.90961
G1 X75.654 Y105.723 E17.98994
G1 X76.975 Y106.745 E18.07027
G1 X78.407 Y107.605 E18.15061
G1 X79.72 Y108.197 E18.21988
G1 X79.771 Y108.594 F7800
M106 S224.4
;LAYER_CHANGE
;Z:1.25
;HEIGHT:0.3
G1 E16.21988 F2400
G92 E0
G1 Z1.25 F7800
G1 X90.57 Y111.842
G1 E2 F2400
;TYPE:Support material interface
;WIDTH:0.35
G1 F3600
G1 X90.57 Y110.374 E2.0523
G1 X90.284 Y110.484 E2.06322
G1 X90.284 Y111.714 E2.10704
G1 X89.998 Y111.714 E2.11723
G1 X89.998 Y110.593 E2.15716
G1 X89.713 Y110.448 E2.16855
G1 X89.713 Y111.714 E2.21365
G1 X89.427 Y111.714 E2.22384
G1 X89.427 Y108.928 E2.32309
G1 X89.141 Y108.928 E2.33328
G1 X89.141 Y111.714 E2.43253
G1 X88.856 Y111.714 E2.44268
G1 X88.856 Y108.928 E2.54193
G1 X88.57 Y108.928 E2.55212
G1 X88.57 Y111.714 E2.65137
G1 X88.285 Y111.714 E2.66152
G1 X88.285 Y108.928 E2.76077
G1 X87.999 Y108.928 E2.77096
G1 X87.999 Y111.714 E2.87021
G1 X87.713 Y111.714 E2.8804
G1 X87.713 Y108.928 E2.97965
G1 X87.428 Y108.928 E2.9898
G1 X87.428 Y111.714 E3.08905
G1 X87.142 Y111.714 E3.09924
G1 X87.142 Y108.928 E3.19849
G1 X86.856 Y108.928 E3.20868
G1 X86.856 Y111.714 E3.30793
G1 X86.571 Y111.714 E3.31808
G1 X86.571 Y108.928 E3.41733
G1 X86.285 Y108.928 E3.42752
G1 X86.285 Y111.714 E3.52677
G1 X86 Y111.714 E3.53692
G1 X86 Y108.928 E3.63617
G1 X85.714 Y108.928 E3.64636
G1 X85.714 Y111.714 E3.74561
G1 X85.428 Y111.714 E3.7558
G1 X85.428 Y108.928 E3.85505
G1 X85.143 Y108.928 E3.8652
G1 X85.143 Y111.714 E3.96445
G1 X84.857 Y111.714 E3.97464
G1 X84.857 Y108.928 E4.07389
G1 X84.572 Y108.928 E4.08404
G1 X84.572 Y111.714 E4.18329
G1 X84.286 Y111.714 E4.19348
G1 X84.286 Y108.928 E4.29273
G1 X84 Y108.928 E4.30292
G1 X84 Y111.714 E4.40217
G1 X83.715 Y111.714 E4.41232
G1 X83.715 Y108.928 E4.51157
G1 X83.429 Y108.928 E4.52176
G1 X83.429 Y111.714 E4.62101
G1 X83.143 Y111.714 E4.6312
G1 X83.143 Y108.928 E4.73045
G1 X82.858 Y108.928 E4.7406
G1 X82.858 Y111.714 E4.83985
G1 X82.572 Y111.714 E4.85004
G1 X82.572 Y108.928 E4.94929
G1 X82.287 Y108.928 E4.95944
G1 X82.287 Y111.714 E5.05869
G1 X82.001 Y111.714 E5.06888
G1 X82.001 Y108.928 E5.16813
G1 X81.715 Y108.928 E5.17832
G1 X81.715 Y111.714 E5.27757
G1 X81.43 Y111.714 E5.28772
G1 X81.43 Y108.928 E5.38697
G1 X81.144 Y108.928 E5.39716
G1 X81.144 Y111.714 E5.49641
G1 X80.858 Y111.714 E5.5066
G1 X80.858 Y108.928 E5.60585
G1 X80.573 Y108.928 E5.616
G1 X80.573 Y111.714 E5.71525
G1 X80.287 Y111.714 E5.72544
G1 X80.287 Y110.448 E5.77054
G1 X80.002 Y110.594 E5.78195
G1 X80.002 Y111.714 E5.82185
G1 X79.716 Y111.714 E5.83204
G1 X79.716 Y110.483 E5.87589
G1 X79.43 Y110.373 E5.88681
G1 X79.43 Y111.842 E5.93914
G1 E3.93914 F2400
G92 E0
G1 X82.001 Y100.7 F7800
G1 E2 F2400
G1 F3600
G1 X82.001 Y89.429 E2.40152
G1 X81.715 Y89.429 E2.41171
G1 X81.715 Y100.571 E2.80863
G1 X81.43 Y100.571 E2.81878
G1 X81.43 Y89.429 E3.2157
G1 X81.144 Y89.429 E3.22589
G1 X81.144 Y100.571 E3.62281
G1 X80.858 Y100.571 E3.633
G1 X80.858 Y89.429 E4.02992
G1 X80.573 Y89.429 E4.04007
G1 X80.573 Y100.571 E4.43699
G1 X80.287 Y100.571 E4.44718
G1 X80.287 Y89.429 E4.8441
G1 X80.002 Y89.429 E4.85425
G1 X80.002 Y100.571 E5.25117
G1 X79.716 Y100.571 E5.26136
G1 X79.716 Y89.429 E5.65828
G1 X79.43 Y89.429 E5.66847
G1 X79.43 Y100.571 E6.06539
G1 X79.429 Y97.786 E6.1646
G1 X79.145 Y97.786 E6.17472
G1 X79.145 Y92.214 E6.37322
G1 X78.859 Y92.214 E6.38341
G1 X78.859 Y97.786 E6.58191
G1 X78.574 Y97.786 E6.59206
G1 X78.574 Y92.214 E6.79056
G1 X78.288 Y92.214 E6.80075
G1 X78.288 Y97.786 E6.99925
G1 X78.002 Y97.786 E7.00944
G1 X78.002 Y92.214 E7.20794
G1 X77.717 Y92.214 E7.21809
G1 X77.717 Y97.786 E7.41659
G1 X77.431 Y97.786 E7.42678
G1 X77.431 Y92.214 E7.62528
G1 X77.145 Y92.214 E7.63547
G1 X77.145 Y97.786 E7.83397
G1 X76.86 Y97.786 E7.84412
G1 X76.86 Y92.086 E8.04718
G1 E6.04718 F2400
G92 E0
G1 X87.428 Y86.515 F7800
G1 E2 F2400
G1 F3600
G1 X87.428 Y92.214 E2.20302
G1 X87.142 Y92.214 E2.21321
G1 X87.142 Y86.643 E2.41167
G1 X86.856 Y86.643 E2.42186
G1 X86.856 Y92.214 E2.62032
G1 X86.571 Y92.214 E2.63047
G1 X86.571 Y86.643 E2.82893
G1 X86.285 Y86.643 E2.83912
G1 X86.285 Y92.214 E3.03758
G1 X86 Y92.214 E3.04773
G1 X86 Y86.643 E3.24619
G1 X85.714 Y86.643 E3.25638
G1 X85.714 Y92.214 E3.45484
G1 X85.428 Y92.214 E3.46503
G1 X85.428 Y86.643 E3.66349
G1 X85.143 Y86.643 E3.67364
G1 X85.143 Y92.214 E3.8721
G1 X84.857 Y92.214 E3.88229
G1 X84.857 Y86.643 E4.08075
G1 X84.572 Y86.643 E4.0909
G1 X84.572 Y92.214 E4.28936
G1 X84.286 Y92.214 E4.29955
G1 X84.286 Y86.643 E4.49801
G1 X84 Y86.643 E4.5082
G1 X84 Y92.214 E4.70666
G1 X83.715 Y92.214 E4.71681
G1 X83.715 Y86.643 E4.91527
G1 X83.429 Y86.643 E4.92546
G1 X83.429 Y92.214 E5.12392
G1 X83.143 Y92.214 E5.13411
G1 X83.143 Y86.643 E5.33257
G1 X82.858 Y86.643 E5.34272
G1 X82.858 Y92.214 E5.54118
G1 X82.572 Y92.214 E5.55137
G1 X82.572 Y86.643 E5.74983
G1 X82.287 Y86.643 E5.75998
G1 X82.287 Y103.357 E6.3554
G1 X82.572 Y103.357 E6.36555
G1 X82.572 Y97.786 E6.56401
G1 X82.858 Y97.786 E6.5742
G1 X82.858 Y103.357 E6.77266
G1 X83.143 Y103.357 E6.78281
G1 X83.143 Y97.786 E6.98127
G1 X83.429 Y97.786 E6.99146
G1 X83.429 Y103.357 E7.18992
G1 X83.715 Y103.357 E7.20011
G1 X83.715 Y97.786 E7.39857
G1 X84 Y97.786 E7.40872
G1 X84 Y103.357 E7.60718
G1 X84.286 Y103.357 E7.61737
G1 X84.286 Y97.786 E7.81583
G1 X84.572 Y97.786 E7.82602
G1 X84.572 Y103.357 E8.02448
G1 X84.857 Y103.357 E8.03463
G1 X84.857 Y97.786 E8.23309
G1 X85.143 Y97.786 E8.24328
G1 X85.143 Y103.357 E8.44174
G1 X85.428 Y103.357 E8.45189
G1 X85.428 Y97.786 E8.65035
G1 X85.714 Y97.786 E8.66054
G1 X85.714 Y103.357 E8.859
G1 X86 Y103.357 E8.86919
G1 X86 Y97.786 E9.06765
G1 X86.285 Y97.786 E9.0778
G1 X86.285 Y103.357 E9.27626
G1 X86.571 Y103.357 E9.28645
G1 X86.571 Y97.786 E9.48491
G1 X86.856 Y97.786 E9.49506
G1 X86.856 Y103.357 E9.69352
G1 X87.142 Y103.357 E9.70371
G1 X87.142 Y97.786 E9.90217
G1 X87.428 Y97.786 E9.91236
G1 X87.428 Y103.357 E10.11082
G1 X87.713 Y103.357 E10.12097
G1 X87.713 Y86.643 E10.71639
G1 X87.786 Y86.643 E10.71899
G1 X87.786 Y89.429 E10.81824
G1 X87.999 Y89.429 E10.82583
G1 X87.999 Y100.571 E11.22275
G1 X88.285 Y100.571 E11.23294
G1 X88.285 Y89.429 E11.62986
G1 X88.57 Y89.429 E11.64001
G1 X88.57 Y100.571 E12.03693
G1 X88.856 Y100.571 E12.04712
G1 X88.856 Y89.429 E12.44404
G1 X89.141 Y89.429 E12.45419
G1 X89.141 Y100.571 E12.85111
G1 X89.427 Y100.571 E12.8613
G1 X89.427 Y89.429 E13.25822
G1 X89.713 Y89.429 E13.26841
G1 X89.713 Y100.571 E13.66533
G1 X89.998 Y100.571 E13.67548
G1 X89.998 Y89.429 E14.0724
G1 X90.284 Y89.429 E14.08259
G1 X90.284 Y100.571 E14.47951
G1 X90.57 Y100.571 E14.4897
G1 X90.57 Y89.429 E14.88662
G1 X90.571 Y92.214 E14.98583
G1 X90.855 Y92.214 E14.99595
G1 X90.855 Y97.786 E15.19445
G1 X91.141 Y97.786 E15.20464
G1 X91.141 Y92.214 E15.40314
G1 X91.426 Y92.214 E15.41329
G1 X91.426 Y97.786 E15.61179
G1 X91.712 Y97.786 E15.62198
G1 X91.712 Y92.214 E15.82048
G1 X91.998 Y92.214 E15.83067
G1 X91.998 Y97.786 E16.02917
G1 X92.283 Y97.786 E16.03932
G1 X92.283 Y92.214 E16.23782
G1 X92.569 Y92.214 E16.24801
G1 X92.569 Y97.786 E16.44651
G1 X92.854 Y97.786 E16.45666
G1 X92.854 Y92.214 E16.65516
G1 X93.14 Y92.214 E16.66535
G1 X93.14 Y97.914 E16.86841
G1 E14.86841 F2400
G92 E0
G1 X78.993 Y108.727 F7800
G1 E2 F2400
;TYPE:Perimeter
;WIDTH:0.472013
G1 F3600
G1 X78.093 Y108.301 E2.05062
;WIDTH:0.478337
G1 X77.427 Y107.933 E2.08991
G1 X76.581 Y107.4 E2.14154
;WIDTH:0.475979
G1 X76.075 Y107.042 E2.17336
G1 X75.649 Y106.707 E2.20118
;WIDTH:0.469379
G1 X75.185 Y106.329 E2.23141
;WIDTH:0.478259
G1 X74.675 Y105.865 E2.267
G1 X73.924 Y105.101 E2.3223
;WIDTH:0.471023
G1 X73.639 Y104.781 E2.34403
G1 X72.815 Y103.734 E2.41161
;WIDTH:0.464587
G1 X72.653 Y103.506 E2.42557
G1 X71.868 Y102.238 E2.50001
;WIDTH:0.470127
G1 X71.117 Y100.672 E2.5879
;WIDTH:0.468455
G1 X70.592 Y99.149 E2.66909
;WIDTH:0.465115
G1 X70.453 Y98.616 E2.69662
;WIDTH:0.467611
G1 X70.234 Y97.578 E2.74997
G1 X70.145 Y97.035 E2.77764
;WIDTH:0.470689
G1 X70.01 Y95.48 E2.85674
;WIDTH:0.453889
G1 X70.009 Y95.403 E2.86048
;WIDTH:0.472101
G1 X70.051 Y93.819 E2.94106
;WIDTH:0.471837
G1 X70.266 Y92.228 E3.02265
;WIDTH:0.466763
G1 X70.333 Y91.903 E3.0393
;WIDTH:0.471833
G1 X70.654 Y90.654 E3.10484
G1 X70.798 Y90.206 E3.12875
;WIDTH:0.476289
G1 X71.204 Y89.141 E3.18731
G1 X71.41 Y88.676 E3.21344
;WIDTH:0.479067
G1 X71.913 Y87.696 E3.27041
G1 X72.246 Y87.127 E3.30451
;WIDTH:0.480167
G1 X72.772 Y86.335 E3.35382
G1 X73.257 Y85.687 E3.39579
;WIDTH:0.480671
G1 X73.782 Y85.06 E3.43825
G1 X74.429 Y84.374 E3.48721
;WIDTH:0.479003
G1 X74.989 Y83.846 E3.52701
G1 X75.748 Y83.208 E3.57829
;WIDTH:0.476783
G1 X76.243 Y82.835 E3.61017
G1 X77.193 Y82.204 E3.66883
;WIDTH:0.472931
G1 X77.597 Y81.965 E3.69275
G1 X78.746 Y81.375 E3.75857
;WIDTH:0.467405
G1 X79.036 Y81.243 E3.77459
G1 X80.385 Y80.733 E3.84708
;WIDTH:0.460193
G1 X82.091 Y80.287 E3.93413
;WIDTH:0.455943
G1 X82.2 Y80.268 E3.93953
;WIDTH:0.463049
G1 X83.701 Y80.062 E4.01487
G1 X83.947 Y80.045 E4.02713
;WIDTH:0.468713
G1 X85.322 Y80.012 E4.09649
G1 X85.866 Y80.034 E4.12395
;WIDTH:0.473013
G1 X86.922 Y80.135 E4.17802
G1 X87.458 Y80.208 E4.20559
;WIDTH:0.451791
G1 X87.468 Y80.209 E4.20608
;WIDTH:0.475291
G1 X89.041 Y80.559 E4.28867
;WIDTH:0.475903
G1 X90.565 Y81.079 E4.37132
;WIDTH:0.474843
G1 X91.533 Y81.514 E4.42565
G1 X92.026 Y81.758 E4.45381
;WIDTH:0.472117
G1 X92.942 Y82.293 E4.50776
;WIDTH:0.474455
G1 X93.848 Y82.897 E4.56345
;WIDTH:0.467719
G1 X94.26 Y83.218 E4.58972
;WIDTH:0.477845
G1 X95.158 Y83.978 E4.65039
;WIDTH:0.480299
G1 X95.788 Y84.596 E4.69617
G1 X96.381 Y85.243 E4.7417
;WIDTH:0.478197
G1 X96.975 Y85.989 E4.79092
G1 X97.447 Y86.644 E4.83259
G1 X97.87 Y87.321 E4.87379
G1 X98.337 Y88.163 E4.92349
;WIDTH:0.476343
G1 X98.625 Y88.756 E4.95736
G1 X99.048 Y89.773 E5.01396
;WIDTH:0.473367
G1 X99.218 Y90.252 E5.03989
G1 X99.566 Y91.455 E5.10377
;WIDTH:0.468711
G1 X99.648 Y91.803 E5.1218
G1 X99.884 Y93.186 E5.19255
;WIDTH:0.462377
G1 X99.91 Y93.392 E5.20286
G1 X99.997 Y94.948 E5.28022
;WIDTH:0.454821
G1 X99.997 Y95.053 E5.28533
;WIDTH:0.459043
G1 X99.9 Y96.693 E5.3662
;WIDTH:0.462937
G1 X99.623 Y98.312 E5.44785
;WIDTH:0.466353
G1 X99.27 Y99.602 E5.5149
G1 X99.172 Y99.891 E5.5302
;WIDTH:0.469291
G1 X98.714 Y101.058 E5.59351
G1 X98.551 Y101.411 E5.61315
;WIDTH:0.471757
G1 X98.01 Y102.448 E5.67258
G1 X97.768 Y102.854 E5.6966
;WIDTH:0.473737
G1 X97.166 Y103.758 E5.75205
G1 X96.853 Y104.176 E5.77871
;WIDTH:0.475169
G1 X96.192 Y104.971 E5.83168
G1 X95.826 Y105.366 E5.85927
;WIDTH:0.436591
G1 X95.752 Y105.441 E5.86416
;WIDTH:0.474305
G1 X95.004 Y106.163 E5.91731
G1 X94.577 Y106.532 E5.94616
;WIDTH:0.475773
G1 X93.792 Y107.14 E5.99711
G1 X93.313 Y107.472 E6.02701
;WIDTH:0.476629
G1 X92.484 Y107.987 E6.07719
G1 X91.899 Y108.307 E6.11148
;WIDTH:0.477049
G1 X91.007 Y108.73 E6.16229
G1 E4.16229 F2400
G92 E0
G1 X79.389 Y108.471 F7800
G1 E2 F2400
;WIDTH:0.45
G1 F3600
G1 X79.389 Y109.307 E2.04021
G1 X78.694 Y109.037 E2.07607
G1 X77.225 Y108.279 E2.15558
G1 X75.841 Y107.365 E2.23535
G1 X75.397 Y107.012 E2.26263
G1 X74.399 Y106.155 E2.3259
G1 X73.338 Y105.039 E2.39996
G1 X72.328 Y103.729 E2.47952
G1 X71.462 Y102.314 E2.55931
G1 X71.208 Y101.805 E2.58667
G1 X70.758 Y100.822 E2.63867
G1 X70.556 Y100.287 E2.66617
G1 X70.216 Y99.261 E2.71816
G1 X70.07 Y98.708 E2.74567
G1 X69.846 Y97.65 E2.79768
G1 X69.758 Y97.085 E2.82518
G1 X69.65 Y96.009 E2.87719
G1 X69.621 Y95.438 E2.90469
G1 X69.632 Y94.357 E2.95669
G1 X69.662 Y93.786 E2.98419
G1 X69.791 Y92.712 E3.03622
G1 X69.879 Y92.15 E3.06358
G1 X70.274 Y90.539 E3.14336
G1 X70.836 Y88.985 E3.22284
G1 X71.563 Y87.501 E3.30232
G1 X72.444 Y86.103 E3.3818
G1 X73.619 Y84.646 E3.47183
G1 X74.722 Y83.547 E3.54672
G1 X76.01 Y82.511 E3.62622
G1 X77.401 Y81.619 E3.7057
G1 X78.879 Y80.881 E3.78516
G1 X80.429 Y80.306 E3.86467
G1 X82.031 Y79.901 E3.94414
G1 X83.667 Y79.671 E4.0236
G1 X85.325 Y79.617 E4.10339
G1 X85.893 Y79.646 E4.13074
G1 X86.97 Y79.741 E4.18274
G1 X87.536 Y79.829 E4.21029
G1 X88.596 Y80.041 E4.26228
G1 X89.149 Y80.187 E4.28979
G1 X90.179 Y80.514 E4.34177
G1 X90.714 Y80.716 E4.36927
G1 X91.703 Y81.154 E4.42129
G1 X92.214 Y81.411 E4.4488
G1 X93.148 Y81.954 E4.50076
G1 X93.63 Y82.262 E4.52827
G1 X94.5 Y82.905 E4.5803
G1 X94.946 Y83.26 E4.60772
G1 X96.076 Y84.317 E4.68214
G1 X96.941 Y85.304 E4.74526
G1 X97.296 Y85.751 E4.77271
G1 X97.91 Y86.641 E4.82471
G1 X98.216 Y87.12 E4.85205
G1 X98.988 Y88.589 E4.93187
G1 X99.595 Y90.126 E5.01135
G1 X100.034 Y91.719 E5.09082
G1 X100.3 Y93.35 E5.1703
G1 X100.387 Y95.021 E5.25078
G1 X100.305 Y96.597 E5.32668
G1 X100.057 Y98.177 E5.4036
G1 X99.646 Y99.723 E5.48054
G1 X99.076 Y101.218 E5.55749
G1 X98.355 Y102.645 E5.63439
G1 X97.489 Y103.99 E5.71133
G1 X96.489 Y105.237 E5.78821
G1 X95.27 Y106.459 E5.87123
G1 X94.026 Y107.463 E5.94812
G1 X92.684 Y108.333 E6.02504
G1 X91.258 Y109.058 E6.10198
G1 X90.611 Y109.308 E6.13534
G1 X90.611 Y108.473 E6.1755
G1 X91.707 Y107.979 E6.23332
G1 X93.087 Y107.168 E6.31031
G1 X94.369 Y106.21 E6.38728
G1 X95.495 Y105.164 E6.4612
G1 X95.891 Y104.711 E6.49014
G1 X96.583 Y103.905 E6.54123
G1 X97.487 Y102.584 E6.61822
G1 X98.242 Y101.173 E6.69519
G1 X98.817 Y99.748 E6.7691
G1 X99.267 Y98.146 E6.84913
G1 X99.526 Y96.567 E6.92609
G1 X99.61 Y95.032 E7.00003
G1 X99.505 Y93.254 E7.08569
G1 X99.2 Y91.565 E7.16824
G1 X98.838 Y90.367 E7.22843
G1 X98.7 Y89.925 E7.2507
G1 X98.01 Y88.354 E7.33323
G1 X97.142 Y86.874 E7.41575
G1 X96.655 Y86.23 E7.45458
G1 X96.105 Y85.507 E7.49827
G1 X94.916 Y84.271 E7.58076
G1 X93.59 Y83.182 E7.66329
G1 X92.727 Y82.627 E7.71264
G1 X92.146 Y82.257 E7.74577
G1 X90.602 Y81.507 E7.82833
G1 X88.982 Y80.943 E7.91083
G1 X87.384 Y80.587 E7.98957
G1 X85.6 Y80.403 E8.07583
G1 X83.885 Y80.433 E8.15833
G1 X82.252 Y80.651 E8.23757
G1 X80.524 Y81.093 E8.32336
G1 X78.924 Y81.713 E8.40589
G1 X77.782 Y82.316 E8.468
G1 X77.409 Y82.517 E8.48838
G1 X75.998 Y83.493 E8.5709
G1 X74.711 Y84.628 E8.65343
G1 X74.08 Y85.329 E8.69879
G1 X73.566 Y85.905 E8.73592
G1 X72.579 Y87.308 E8.81842
G1 X71.763 Y88.817 E8.90093
G1 X71.13 Y90.412 E8.98346
G1 X70.701 Y92.003 E9.06271
G1 X70.442 Y93.767 E9.14846
G1 X70.396 Y95.414 E9.22771
G1 X70.555 Y97.19 E9.31347
G1 X70.912 Y98.868 E9.39598
G1 X71.302 Y100.029 E9.45489
G1 X71.462 Y100.493 E9.4785
G1 X72.196 Y102.037 E9.56073
G1 X73.113 Y103.494 E9.64353
G1 X73.948 Y104.533 E9.70764
G1 X74.191 Y104.829 E9.72606
G1 X75.418 Y106.028 E9.80857
G1 X76.777 Y107.076 E9.89111
G1 X78.249 Y107.956 E9.97359
G1 X79.335 Y108.446 E10.03089
G1 X79.775 Y108.222 F7800
;TYPE:External perimeter
G1 F1800
G1 X79.775 Y109.87 E10.11015
G1 X78.535 Y109.389 E10.17412
G1 X77.029 Y108.612 E10.25563
G1 X75.614 Y107.677 E10.3372
G1 X75.151 Y107.309 E10.36565
G1 X74.133 Y106.435 E10.43018
G1 X73.045 Y105.29 E10.50615
G1 X72.01 Y103.948 E10.58766
G1 X71.125 Y102.501 E10.66924
G1 X70.86 Y101.972 E10.6977
G1 X70.402 Y100.971 E10.75064
G1 X70.192 Y100.416 E10.77918
G1 X69.847 Y99.37 E10.83215
G1 X69.695 Y98.797 E10.86066
G1 X69.466 Y97.72 E10.91362
G1 X69.375 Y97.134 E10.94214
G1 X69.266 Y96.038 E10.99511
G1 X69.235 Y95.446 E11.02362
G1 X69.247 Y94.345 E11.07658
G1 X69.277 Y93.752 E11.10514
G1 X69.409 Y92.659 E11.15809
G1 X69.501 Y92.074 E11.18657
G1 X69.904 Y90.427 E11.26812
G1 X70.481 Y88.834 E11.34961
G1 X71.226 Y87.313 E11.43107
G1 X72.129 Y85.88 E11.51254
G1 X73.341 Y84.379 E11.60533
G1 X74.464 Y83.26 E11.68158
G1 X75.784 Y82.197 E11.76309
G1 X77.21 Y81.283 E11.84455
G1 X78.726 Y80.527 E11.92603
G1 X80.314 Y79.938 E12.00749
G1 X81.956 Y79.522 E12.08896
G1 X83.634 Y79.286 E12.17046
G1 X85.329 Y79.231 E12.25203
G1 X85.92 Y79.261 E12.28049
G1 X87.017 Y79.358 E12.33346
G1 X87.603 Y79.449 E12.36198
G1 X88.683 Y79.665 E12.41495
G1 X89.256 Y79.816 E12.44345
G1 X90.306 Y80.15 E12.49644
G1 X90.861 Y80.359 E12.52496
G1 X91.867 Y80.805 E12.57789
G1 X92.397 Y81.071 E12.60641
G1 X93.349 Y81.625 E12.65939
G1 X93.849 Y81.944 E12.68792
G1 X94.734 Y82.599 E12.74088
G1 X95.198 Y82.967 E12.76936
G1 X96.354 Y84.049 E12.84551
G1 X97.237 Y85.057 E12.90996
G1 X97.606 Y85.521 E12.93847
G1 X98.232 Y86.427 E12.99144
G1 X98.55 Y86.926 E13.0199
G1 X99.339 Y88.428 E13.1015
G1 X99.962 Y90.003 E13.18296
G1 X100.412 Y91.637 E13.26448
G1 X100.684 Y93.308 E13.34591
G1 X100.773 Y95.041 E13.42937
G1 X100.689 Y96.637 E13.50624
G1 X100.435 Y98.257 E13.58511
G1 X100.013 Y99.842 E13.664
G1 X99.43 Y101.374 E13.74284
G1 X98.69 Y102.837 E13.82169
G1 X97.803 Y104.216 E13.90055
G1 X96.777 Y105.495 E13.97941
G1 X95.529 Y106.746 E14.0644
G1 X94.253 Y107.776 E14.14327
G1 X92.877 Y108.667 E14.22211
G1 X91.416 Y109.411 E14.30097
G1 X90.225 Y109.871 E14.36238
G1 X90.225 Y108.223 E14.44164
G1 X91.512 Y107.646 E14.50948
G1 X92.857 Y106.858 E14.58445
G1 X94.107 Y105.928 E14.65938
G1 X95.247 Y104.866 E14.73432
G1 X96.265 Y103.686 E14.80928
G1 X97.136 Y102.42 E14.88319
G1 X97.875 Y101.048 E14.95814
G1 X98.459 Y99.603 E15.0331
G1 X98.882 Y98.103 E15.10806
G1 X99.138 Y96.566 E15.183
G1 X99.225 Y94.99 E15.25892
G1 X99.126 Y93.324 E15.33919
G1 X98.879 Y91.94 E15.40681
G1 X98.831 Y91.677 E15.41967
G1 X98.346 Y90.079 E15.49999
G1 X97.677 Y88.548 E15.58035
G1 X96.834 Y87.107 E15.66065
G1 X95.827 Y85.774 E15.741
G1 X94.671 Y84.568 E15.82135
G1 X93.381 Y83.507 E15.90168
G1 X91.976 Y82.603 E15.98203
G1 X90.475 Y81.871 E16.06235
G1 X88.898 Y81.32 E16.14269
G1 X87.268 Y80.957 E16.22301
G1 X85.606 Y80.788 E16.30336
G1 X83.958 Y80.813 E16.38263
G1 X82.303 Y81.033 E16.46293
G1 X80.737 Y81.432 E16.54066
G1 X79.104 Y82.055 E16.62472
G1 X77.628 Y82.835 E16.70501
G1 X76.252 Y83.783 E16.78538
G1 X74.998 Y84.886 E16.8657
G1 X73.881 Y86.128 E16.94604
G1 X72.918 Y87.492 E17.02635
G1 X72.121 Y88.961 E17.10673
G1 X71.502 Y90.512 E17.18705
G1 X71.069 Y92.125 E17.26738
G1 X70.828 Y93.778 E17.34772
G1 X70.782 Y95.425 E17.42697
G1 X70.933 Y97.111 E17.50839
G1 X71.277 Y98.746 E17.58875
G1 X71.811 Y100.328 E17.66906
G1 X72.525 Y101.836 E17.74931
G1 X73.312 Y103.093 E17.82064
G1 X73.414 Y103.253 E17.82977
G1 X74.461 Y104.554 E17.91009
G1 X75.654 Y105.723 E17.99042
G1 X76.975 Y106.745 E18.07075
G1 X78.407 Y107.605 E18.15109
G1 X79.72 Y108.197 E18.22036
G1 X79.771 Y108.594 F7800
;LAYER_CHANGE
;Z:1.55
;HEIGHT:0.3
G1 E16.22036 F2400
G92 E0
G1 Z1.55 F7800
G1 X90.57 Y111.842
G1 E2 F2400
;TYPE:Support material interface
;WIDTH:0.35
G1 F3600
G1 X90.57 Y110.374 E2.0523
G1 X90.284 Y110.484 E2.06322
G1 X90.284 Y111.714 E2.10704
G1 X89.998 Y111.714 E2.11723
G1 X89.998 Y110.593 E2.15716
G1 X89.713 Y110.448 E2.16855
G1 X89.713 Y111.714 E2.21365
G1 X89.427 Y111.714 E2.22384
G1 X89.427 Y108.928 E2.32309
G1 X89.141 Y108.928 E2.33328
G1 X89.141 Y111.714 E2.43253
G1 X88.856 Y111.714 E2.44268
G1 X88.856 Y108.928 E2.54193
G1 X88.57 Y108.928 E2.55212
G1 X88.57 Y111.714 E2.65137
G1 X88.285 Y111.714 E2.66152
G1 X88.285 Y108.928 E2.76077
G1 X87.999 Y108.928 E2.77096
G1 X87.999 Y111.714 E2.87021
G1 X87.713 Y111.714 E2.8804
G1 X87.713 Y108.928 E2.97965
G1 X87.428 Y108.928 E2.9898
G1 X87.428 Y111.714 E3.08905
G1 X87.142 Y111.714 E3.09924
G1 X87.142 Y108.928 E3.19849
G1 X86.856 Y108.928 E3.20868
G1 X86.856 Y111.714 E3.30793
G1 X86.571 Y111.714 E3.31808
G1 X86.571 Y108.928 E3.41733
G1 X86.285 Y108.928 E3.42752
G1 X86.285 Y111.714 E3.52677
G1 X86 Y111.714 E3.53692
G1 X86 Y108.928 E3.63617
G1 X85.714 Y108.928 E3.64636
G1 X85.714 Y111.714 E3.74561
G1 X85.428 Y111.714 E3.7558
G1 X85.428 Y108.928 E3.85505
G1 X85.143 Y108.928 E3.8652
G1 X85.143 Y111.714 E3.96445
G1 X84.857 Y111.714 E3.97464
G1 X84.857 Y108.928 E4.07389
G1 X84.572 Y108.928 E4.08404
G1 X84.572 Y111.714 E4.18329
G1 X84.286 Y111.714 E4.19348
G1 X84.286 Y108.928 E4.29273
G1 X84 Y108.928 E4.30292
G1 X84 Y111.714 E4.40217
G1 X83.715 Y111.714 E4.41232
G1 X83.715 Y108.928 E4.51157
G1 X83.429 Y108.928 E4.52176
G1 X83.429 Y111.714 E4.62101
G1 X83.143 Y111.714 E4.6312
G1 X83.143 Y108.928 E4.73045
G1 X82.858 Y108.928 E4.7406
G1 X82.858 Y111.714 E4.83985
G1 X82.572 Y111.714 E4.85004
G1 X82.572 Y108.928 E4.94929
G1 X82.287 Y108.928 E4.95944
G1 X82.287 Y111.714 E5.05869
G1 X82.001 Y111.714 E5.06888
G1 X82.001 Y108.928 E5.16813
G1 X81.715 Y108.928 E5.17832
G1 X81.715 Y111.714 E5.27757
G1 X81.43 Y111.714 E5.28772
G1 X81.43 Y108.928 E5.38697
G1 X81.144 Y108.928 E5.39716
G1 X81.144 Y111.714 E5.49641
G1 X80.858 Y111.714 E5.5066
G1 X80.858 Y108.928 E5.60585
G1 X80.573 Y108.928 E5.616
G1 X80.573 Y111.714 E5.71525
G1 X80.287 Y111.714 E5.72544
G1 X80.287 Y110.448 E5.77054
G1 X80.002 Y110.594 E5.78195
G1 X80.002 Y111.714 E5.82185
G1 X79.716 Y111.714 E5.83204
G1 X79.716 Y110.483 E5.87589
G1 X79.43 Y110.373 E5.88681
G1 X79.43 Y111.842 E5.93914
G1 E3.93914 F2400
G92 E0
G1 X82.001 Y100.7 F7800
G1 E2 F2400
G1 F3600
G1 X82.001 Y89.429 E2.40152
G1 X81.715 Y89.429 E2.41171
G1 X81.715 Y100.571 E2.80863
G1 X81.43 Y100.571 E2.81878
G1 X81.43 Y89.429 E3.2157
G1 X81.144 Y89.429 E3.22589
G1 X81.144 Y100.571 E3.62281
G1 X80.858 Y100.571 E3.633
G1 X80.858 Y89.429 E4.02992
G1 X80.573 Y89.429 E4.04007
G1 X80.573 Y100.571 E4.43699
G1 X80.287 Y100.571 E4.44718
G1 X80.287 Y89.429 E4.8441
G1 X80.002 Y89.429 E4.85425
G1 X80.002 Y100.571 E5.25117
G1 X79.716 Y100.571 E5.26136
G1 X79.716 Y89.429 E5.65828
G1 X79.43 Y89.429 E5.66847
G1 X79.43 Y100.571 E6.06539
G1 X79.429 Y97.786 E6.1646
G1 X79.145 Y97.786 E6.17472
G1 X79.145 Y92.214 E6.37322
G1 X78.859 Y92.214 E6.38341
G1 X78.859 Y97.786 E6.58191
G1 X78.574 Y97.786 E6.59206
G1 X78.574 Y92.214 E6.79056
G1 X78.288 Y92.214 E6.80075
G1 X78.288 Y97.786 E6.99925
G1 X78.002 Y97.786 E7.00944
G1 X78.002 Y92.214 E7.20794
G1 X77.717 Y92.214 E7.21809
G1 X77.717 Y97.786 E7.41659
G1 X77.431 Y97.786 E7.42678
G1 X77.431 Y92.214 E7.62528
G1 X77.145 Y92.214 E7.63547
G1 X77.145 Y97.786 E7.83397
G1 X76.86 Y97.786 E7.84412
G1 X76.86 Y92.086 E8.04718
G1 E6.04718 F2400
G92 E0
G1 X87.428 Y86.515 F7800
G1 E2 F2400
G1 F3600
G1 X87.428 Y92.214 E2.20302
G1 X87.142 Y92.214 E2.21321
G1 X87.142 Y86.643 E2.41167
G1 X86.856 Y86.643 E2.42186
G1 X86.856 Y92.214 E2.62032
G1 X86.571 Y92.214 E2.63047
G1 X86.571 Y86.643 E2.82893
G1 X86.285 Y86.643 E2.83912
G1 X86.285 Y92.214 E3.03758
G1 X86 Y92.214 E3.04773
G1 X86 Y86.643 E3.24619
G1 X85.714 Y86.643 E3.25638
G1 X85.714 Y92.214 E3.45484
G1 X85.428 Y92.214 E3.46503
G1 X85.428 Y86.643 E3.66349
G1 X85.143 Y86.643 E3.67364
G1 X85.143 Y92.214 E3.8721
G1 X84.857 Y92.214 E3.88229
G1 X84.857 Y86.643 E4.08075
G1 X84.572 Y86.643 E4.0909
G1 X84.572 Y92.214 E4.28936
G1 X84.286 Y92.214 E4.29955
G1 X84.286 Y86.643 E4.49801
G1 X84 Y86.643 E4.5082
G1 X84 Y92.214 E4.70666
G1 X83.715 Y92.214 E4.71681
G1 X83.715 Y86.643 E4.91527
G1 X83.429 Y86.643 E4.92546
G1 X83.429 Y92.214 E5.12392
G1 X83.143 Y92.214 E5.13411
G1 X83.143 Y86.643 E5.33257
G1 X82.858 Y86.643 E5.34272
G1 X82.858 Y92.214 E5.54118
G1 X82.572 Y92.214 E5.55137
G1 X82.572 Y86.643 E5.74983
G1 X82.287 Y86.643 E5.75998
G1 X82.287 Y103.357 E6.3554
G1 X82.572 Y103.357 E6.36555
G1 X82.572 Y97.786 E6.56401
G1 X82.858 Y97.786 E6.5742
G1 X82.858 Y103.357 E6.77266
G1 X83.143 Y103.357 E6.78281
G1 X83.143 Y97.786 E6.98127
G1 X83.429 Y97.786 E6.99146
G1 X83.429 Y103.357 E7.18992
G1 X83.715 Y103.357 E7.20011
G1 X83.715 Y97.786 E7.39857
G1 X84 Y97.786 E7.40872
G1 X84 Y103.357 E7.60718
G1 X84.286 Y103.357 E7.61737
G1 X84.286 Y97.786 E7.81583
G1 X84.572 Y97.786 E7.82602
G1 X84.572 Y103.357 E8.02448
G1 X84.857 Y103.357 E8.03463
G1 X84.857 Y97.786 E8.23309
G1 X85.143 Y97.786 E8.24328
G1 X85.143 Y103.357 E8.44174
G1 X85.428 Y103.357 E8.45189
G1 X85.428 Y97.786 E8.65035
G1 X85.714 Y97.786 E8.66054
G1 X85.714 Y103.357 E8.859
G1 X86 Y103.357 E8.86919
G1 X86 Y97.786 E9.06765
G1 X86.285 Y97.786 E9.0778
G1 X86.285 Y103.357 E9.27626
G1 X86.571 Y103.357 E9.28645
G1 X86.571 Y97.786 E9.48491
G1 X86.856 Y97.786 E9.49506
G1 X86.856 Y103.357 E9.69352
G1 X87.142 Y103.357 E9.70371
G1 X87.142 Y97.786 E9.90217
G1 X87.428 Y97.786 E9.91236
G1 X87.428 Y103.357 E10.11082
G1 X87.713 Y103.357 E10.12097
G1 X87.713 Y86.643 E10.71639
G1 X87.786 Y86.643 E10.71899
G1 X87.786 Y89.429 E10.81824
G1 X87.999 Y89.429 E10.82583
G1 X87.999 Y100.571 E11.22275
G1 X88.285 Y100.571 E11.23294
G1 X88.285 Y89.429 E11.62986
G1 X88.57 Y89.429 E11.64001
G1 X88.57 Y100.571 E12.03693
G1 X88.856 Y100.571 E12.04712
G1 X88.856 Y89.429 E12.44404
G1 X89.141 Y89.429 E12.45419
G1 X89.141 Y100.571 E12.85111
G1 X89.427 Y100.571 E12.8613
G1 X89.427 Y89.429 E13.25822
G1 X89.713 Y89.429 E13.26841
G1 X89.713 Y100.571 E13.66533
G1 X89.998 Y100.571 E13.67548
G1 X89.998 Y89.429 E14.0724
G1 X90.284 Y89.429 E14.08259
G1 X90.284 Y100.571 E14.47951
G1 X90.57 Y100.571 E14.4897
G1 X90.57 Y89.429 E14.88662
G1 X90.571 Y92.214 E14.98583
G1 X90.855 Y92.214 E14.99595
G1 X90.855 Y97.786 E15.19445
G1 X91.141 Y97.786 E15.20464
G1 X91.141 Y92.214 E15.40314
G1 X91.426 Y92.214 E15.41329
G1 X91.426 Y97.786 E15.61179
G1 X91.712 Y97.786 E15.62198
G1 X91.712 Y92.214 E15.82048
G1 X91.998 Y92.214 E15.83067
G1 X91.998 Y97.786 E16.02917
G1 X92.283 Y97.786 E16.03932
G1 X92.283 Y92.214 E16.23782
G1 X92.569 Y92.214 E16.24801
G1 X92.569 Y97.786 E16.44651
G1 X92.854 Y97.786 E16.45666
G1 X92.854 Y92.214 E16.65516
G1 X93.14 Y92.214 E16.66535
G1 X93.14 Y97.914 E16.86841
G1 E14.86841 F2400
G92 E0
G1 X78.992 Y108.728 F7800
G1 E2 F2400
;TYPE:Perimeter
;WIDTH:0.473083
G1 F3600
G1 X78.093 Y108.301 E2.05073
;WIDTH:0.477885
G1 X77.455 Y107.95 E2.08829
G1 X76.581 Y107.4 E2.14155
;WIDTH:0.474825
G1 X76.11 Y107.068 E2.17105
G1 X75.555 Y106.633 E2.20715
;WIDTH:0.466247
G1 X75.145 Y106.296 E2.23375
;WIDTH:0.478505
G1 X74.668 Y105.858 E2.2672
G1 X73.923 Y105.102 E2.32202
;WIDTH:0.470005
G1 X73.658 Y104.803 E2.34223
G1 X72.815 Y103.734 E2.41111
;WIDTH:0.462777
G1 X72.674 Y103.538 E2.42311
G1 X71.868 Y102.241 E2.49899
;WIDTH:0.470873
G1 X71.142 Y100.729 E2.58403
;WIDTH:0.470255
G1 X70.894 Y100.058 E2.62024
G1 X70.614 Y99.218 E2.66506
;WIDTH:0.467739
G1 X70.433 Y98.526 E2.70105
;WIDTH:0.469821
G1 X70.161 Y97.158 E2.77158
;WIDTH:0.472151
G1 X70.014 Y95.517 E2.85537
;WIDTH:0.472585
G1 X70.054 Y93.759 E2.9449
;WIDTH:0.471111
G1 X70.274 Y92.18 E3.02578
;WIDTH:0.464511
G1 X70.332 Y91.903 E3.0399
;WIDTH:0.470575
G1 X70.664 Y90.618 E3.10714
G1 X70.798 Y90.206 E3.12909
;WIDTH:0.475671
G1 X71.214 Y89.116 E3.18894
G1 X71.441 Y88.61 E3.21739
;WIDTH:0.437137
G1 X71.459 Y88.575 E3.21922
;WIDTH:0.478871
G1 X71.921 Y87.681 E3.27124
G1 X72.246 Y87.127 E3.30444
;WIDTH:0.480173
G1 X72.776 Y86.329 E3.35412
G1 X73.257 Y85.687 E3.39572
;WIDTH:0.479787
G1 X73.771 Y85.073 E3.43721
G1 X74.427 Y84.372 E3.48695
;WIDTH:0.479581
G1 X74.998 Y83.838 E3.52744
G1 X75.748 Y83.208 E3.57816
;WIDTH:0.477009
G1 X76.252 Y82.829 E3.61061
G1 X77.193 Y82.204 E3.66875
;WIDTH:0.472967
G1 X77.598 Y81.964 E3.69274
G1 X78.746 Y81.375 E3.75849
;WIDTH:0.467027
G1 X79.028 Y81.247 E3.77404
G1 X80.385 Y80.733 E3.84691
;WIDTH:0.459187
G1 X82.077 Y80.29 E3.93304
;WIDTH:0.457475
G1 X82.2 Y80.269 E3.93916
;WIDTH:0.464725
G1 X83.662 Y80.066 E4.01286
G1 X83.947 Y80.046 E4.02713
;WIDTH:0.470271
G1 X85.271 Y80.012 E4.09418
G1 X85.979 Y80.044 E4.13006
;WIDTH:0.474317
G1 X87.397 Y80.198 E4.20299
;WIDTH:0.476013
G1 X88.434 Y80.413 E4.25736
G1 X89.066 Y80.567 E4.29076
;WIDTH:0.475809
G1 X89.969 Y80.863 E4.33952
G1 X90.641 Y81.108 E4.37622
;WIDTH:0.473703
G1 X91.447 Y81.473 E4.42139
G1 X92.088 Y81.791 E4.45792
;WIDTH:0.469695
G1 X92.853 Y82.237 E4.50269
;WIDTH:0.472739
G1 X93.889 Y82.927 E4.56609
;WIDTH:0.476955
G1 X94.722 Y83.594 E4.621
G1 X95.158 Y83.977 E4.65086
;WIDTH:0.480413
G1 X95.793 Y84.601 E4.69706
G1 X96.382 Y85.243 E4.74227
;WIDTH:0.477759
G1 X97.013 Y86.04 E4.79468
G1 X97.448 Y86.643 E4.83302
;WIDTH:0.478601
G1 X97.9 Y87.371 E4.87729
G1 X98.333 Y88.143 E4.92302
;WIDTH:0.477257
G1 X98.638 Y88.784 E4.95958
G1 X99.048 Y89.773 E5.01471
;WIDTH:0.474151
G1 X99.227 Y90.28 E5.04219
G1 X99.565 Y91.455 E5.10468
;WIDTH:0.469455
G1 X99.652 Y91.823 E5.12379
G1 X99.883 Y93.186 E5.19363
;WIDTH:0.462867
G1 X99.91 Y93.402 E5.20445
G1 X99.997 Y94.948 E5.28141
;WIDTH:0.454825
G1 X99.997 Y95.053 E5.28652
;WIDTH:0.459131
G1 X99.9 Y96.693 E5.36741
;WIDTH:0.463091
G1 X99.673 Y98.093 E5.43794
G1 X99.623 Y98.312 E5.44911
;WIDTH:0.466551
G1 X99.272 Y99.597 E5.51593
G1 X99.172 Y99.891 E5.53151
;WIDTH:0.469519
G1 X98.717 Y101.051 E5.59447
G1 X98.551 Y101.411 E5.6145
;WIDTH:0.471985
G1 X98.015 Y102.44 E5.67348
G1 X97.768 Y102.854 E5.69799
;WIDTH:0.473951
G1 X97.172 Y103.749 E5.75292
G1 X96.854 Y104.176 E5.78012
;WIDTH:0.475537
G1 X96.197 Y104.966 E5.83281
G1 X95.828 Y105.368 E5.86079
;WIDTH:0.465835
G1 X95.407 Y105.783 E5.89039
;WIDTH:0.474679
G1 X94.998 Y106.169 E5.91917
G1 X94.576 Y106.533 E5.94769
;WIDTH:0.475537
G1 X93.778 Y107.15 E5.99942
G1 X93.313 Y107.473 E6.02845
;WIDTH:0.476505
G1 X92.471 Y107.994 E6.07935
G1 X91.899 Y108.307 E6.11287
;WIDTH:0.477025
G1 X91.008 Y108.73 E6.16363
G1 E4.16363 F2400
G92 E0
G1 X79.389 Y108.471 F7800
G1 E2 F2400
;WIDTH:0.45
G1 F3600
G1 X79.389 Y109.307 E2.04021
G1 X78.714 Y109.046 E2.07502
G1 X77.253 Y108.295 E2.15403
G1 X75.876 Y107.391 E2.23326
G1 X75.304 Y106.936 E2.26841
G1 X74.391 Y106.147 E2.32645
G1 X73.357 Y105.061 E2.39857
G1 X72.351 Y103.762 E2.47759
G1 X71.487 Y102.358 E2.55688
G1 X71.158 Y101.703 E2.59213
G1 X70.782 Y100.88 E2.63565
G1 X70.521 Y100.19 E2.67113
G1 X70.237 Y99.33 E2.71469
G1 X70.049 Y98.618 E2.75011
G1 X69.861 Y97.732 E2.79367
G1 X69.747 Y97.004 E2.82911
G1 X69.657 Y96.103 E2.87266
G1 X69.619 Y95.367 E2.90811
G1 X69.629 Y94.461 E2.95169
G1 X69.667 Y93.725 E2.98714
G1 X69.775 Y92.826 E3.03069
G1 X69.889 Y92.102 E3.06594
G1 X70.285 Y90.502 E3.14522
G1 X70.847 Y88.96 E3.22416
G1 X71.571 Y87.485 E3.30319
G1 X72.448 Y86.097 E3.38216
G1 X73.47 Y84.809 E3.46124
G1 X74.311 Y83.942 E3.51933
G1 X74.734 Y83.537 E3.5475
G1 X76.019 Y82.505 E3.62677
G1 X77.401 Y81.618 E3.70575
G1 X78.871 Y80.885 E3.78475
G1 X80.41 Y80.312 E3.86373
G1 X82.001 Y79.907 E3.94269
G1 X83.627 Y79.674 E4.02169
G1 X85.274 Y79.616 E4.10095
G1 X86.006 Y79.654 E4.1362
G1 X86.908 Y79.733 E4.17975
G1 X87.636 Y79.846 E4.21518
G1 X88.524 Y80.024 E4.25874
G1 X89.237 Y80.212 E4.2942
G1 X90.1 Y80.486 E4.33775
G1 X90.789 Y80.747 E4.37319
G1 X91.617 Y81.114 E4.41675
G1 X92.276 Y81.444 E4.4522
G1 X93.059 Y81.9 E4.49578
G1 X93.68 Y82.296 E4.5312
G1 X94.408 Y82.834 E4.57474
G1 X94.983 Y83.291 E4.61007
G1 X96.081 Y84.322 E4.68251
G1 X96.877 Y85.227 E4.74048
G1 X97.334 Y85.802 E4.77581
G1 X97.848 Y86.547 E4.81934
G1 X98.245 Y87.169 E4.85483
G1 X99.003 Y88.622 E4.93365
G1 X99.605 Y90.155 E5.01286
G1 X100.039 Y91.739 E5.09185
G1 X100.301 Y93.36 E5.17083
G1 X100.387 Y95.021 E5.25083
G1 X100.306 Y96.596 E5.32668
G1 X100.058 Y98.174 E5.40351
G1 X99.647 Y99.718 E5.48036
G1 X99.079 Y101.211 E5.55719
G1 X98.359 Y102.638 E5.63407
G1 X97.495 Y103.982 E5.71092
G1 X96.496 Y105.23 E5.78781
G1 X95.684 Y106.062 E5.84373
G1 X95.261 Y106.468 E5.87193
G1 X94.012 Y107.473 E5.94903
G1 X92.67 Y108.341 E6.0259
G1 X91.245 Y109.064 E6.10275
G1 X90.611 Y109.309 E6.13544
G1 X90.611 Y108.473 E6.17565
G1 X91.707 Y107.979 E6.23347
G1 X93.087 Y107.168 E6.31046
G1 X94.369 Y106.21 E6.38743
G1 X95.539 Y105.118 E6.4644
G1 X95.895 Y104.706 E6.49059
G1 X96.583 Y103.905 E6.54138
G1 X97.487 Y102.584 E6.61837
G1 X98.215 Y101.23 E6.69231
G1 X98.817 Y99.748 E6.76925
G1 X99.267 Y98.146 E6.84928
G1 X99.526 Y96.567 E6.92624
G1 X99.61 Y95.032 E7.00018
G1 X99.505 Y93.254 E7.08584
G1 X99.2 Y91.565 E7.16839
G1 X98.846 Y90.396 E7.22714
G1 X98.7 Y89.925 E7.25086
G1 X98.01 Y88.354 E7.33339
G1 X97.142 Y86.874 E7.41591
G1 X96.694 Y86.281 E7.45166
G1 X96.105 Y85.507 E7.49844
G1 X94.916 Y84.271 E7.58093
G1 X93.59 Y83.182 E7.66346
G1 X92.639 Y82.57 E7.71785
G1 X92.146 Y82.257 E7.74594
G1 X90.602 Y81.507 E7.8285
G1 X88.982 Y80.943 E7.911
G1 X87.337 Y80.577 E7.99205
G1 X85.6 Y80.403 E8.07601
G1 X83.885 Y80.433 E8.15851
G1 X82.252 Y80.651 E8.23775
G1 X80.524 Y81.093 E8.32354
G1 X78.924 Y81.713 E8.40607
G1 X77.783 Y82.315 E8.46812
G1 X77.409 Y82.517 E8.48856
G1 X75.998 Y83.493 E8.57108
G1 X74.711 Y84.628 E8.65361
G1 X74.069 Y85.341 E8.69976
G1 X73.566 Y85.905 E8.73611
G1 X72.579 Y87.308 E8.81861
G1 X71.763 Y88.817 E8.90112
G1 X71.151 Y90.347 E8.98038
G1 X70.701 Y92.003 E9.06292
G1 X70.442 Y93.767 E9.14867
G1 X70.398 Y95.482 E9.23118
G1 X70.527 Y96.919 E9.30057
G1 X70.637 Y97.579 E9.33275
G1 X70.912 Y98.868 E9.39614
G1 X71.462 Y100.493 E9.47865
G1 X72.197 Y102.039 E9.56098
G1 X73.113 Y103.494 E9.64367
G1 X73.966 Y104.555 E9.70915
G1 X74.191 Y104.829 E9.7262
G1 X75.418 Y106.028 E9.80871
G1 X76.777 Y107.076 E9.89125
G1 X78.249 Y107.956 E9.97373
G1 X79.335 Y108.446 E10.03103
G1 X79.775 Y108.222 F7800
;TYPE:External perimeter
G1 F1800
G1 X79.775 Y109.87 E10.11029
G1 X78.556 Y109.398 E10.17316
G1 X77.059 Y108.629 E10.2541
G1 X75.65 Y107.703 E10.33519
G1 X75.058 Y107.233 E10.37155
G1 X74.125 Y106.427 E10.43085
G1 X73.064 Y105.313 E10.50484
G1 X72.033 Y103.981 E10.58585
G1 X71.15 Y102.546 E10.66689
G1 X70.811 Y101.87 E10.70326
G1 X70.426 Y101.028 E10.74779
G1 X70.158 Y100.319 E10.78425
G1 X69.867 Y99.44 E10.82878
G1 X69.674 Y98.707 E10.86524
G1 X69.481 Y97.802 E10.90975
G1 X69.364 Y97.053 E10.94621
G1 X69.273 Y96.132 E10.99072
G1 X69.233 Y95.375 E11.02718
G1 X69.243 Y94.449 E11.07172
G1 X69.282 Y93.692 E11.10818
G1 X69.393 Y92.773 E11.1527
G1 X69.51 Y92.026 E11.18907
G1 X69.915 Y90.39 E11.27013
G1 X70.492 Y88.808 E11.35112
G1 X71.234 Y87.297 E11.43208
G1 X72.133 Y85.874 E11.51304
G1 X73.18 Y84.554 E11.59407
G1 X74.039 Y83.669 E11.65339
G1 X74.479 Y83.247 E11.68271
G1 X75.793 Y82.191 E11.76379
G1 X77.211 Y81.283 E11.84478
G1 X78.717 Y80.531 E11.92574
G1 X80.295 Y79.944 E12.00672
G1 X81.926 Y79.528 E12.08768
G1 X83.593 Y79.29 E12.16867
G1 X85.277 Y79.23 E12.24972
G1 X86.033 Y79.269 E12.28613
G1 X86.955 Y79.35 E12.33065
G1 X87.704 Y79.467 E12.36711
G1 X88.611 Y79.648 E12.41159
G1 X89.344 Y79.842 E12.44806
G1 X90.226 Y80.122 E12.49257
G1 X90.936 Y80.39 E12.52907
G1 X91.782 Y80.765 E12.57358
G1 X92.46 Y81.105 E12.61006
G1 X93.259 Y81.57 E12.65452
G1 X93.899 Y81.978 E12.69102
G1 X94.643 Y82.528 E12.73552
G1 X95.236 Y82.999 E12.77194
G1 X96.359 Y84.054 E12.84605
G1 X97.173 Y84.979 E12.90531
G1 X97.644 Y85.572 E12.94173
G1 X98.17 Y86.334 E12.98626
G1 X98.577 Y86.973 E13.0227
G1 X99.356 Y88.464 E13.10361
G1 X99.972 Y90.033 E13.18468
G1 X100.416 Y91.657 E13.26566
G1 X100.685 Y93.319 E13.34664
G1 X100.773 Y95.041 E13.42957
G1 X100.69 Y96.636 E13.50639
G1 X100.436 Y98.254 E13.58516
G1 X100.015 Y99.836 E13.6639
G1 X99.433 Y101.367 E13.74268
G1 X98.695 Y102.829 E13.82145
G1 X97.809 Y104.207 E13.90024
G1 X96.785 Y105.486 E13.97904
G1 X95.956 Y106.336 E14.03615
G1 X95.515 Y106.758 E14.06551
G1 X94.238 Y107.786 E14.14436
G1 X92.862 Y108.675 E14.22315
G1 X91.402 Y109.417 E14.30192
G1 X90.225 Y109.871 E14.36259
G1 X90.225 Y108.223 E14.44185
G1 X91.512 Y107.646 E14.50969
G1 X92.857 Y106.858 E14.58466
G1 X94.107 Y105.928 E14.65959
G1 X95.247 Y104.866 E14.73453
G1 X95.604 Y104.453 E14.76079
G1 X96.265 Y103.686 E14.80949
G1 X97.136 Y102.42 E14.8834
G1 X97.875 Y101.048 E14.95835
G1 X98.459 Y99.603 E15.03331
G1 X98.882 Y98.103 E15.10827
G1 X99.138 Y96.566 E15.18321
G1 X99.225 Y94.99 E15.25913
G1 X99.126 Y93.324 E15.3394
G1 X98.883 Y91.96 E15.40604
G1 X98.831 Y91.677 E15.41988
G1 X98.346 Y90.079 E15.5002
G1 X97.677 Y88.548 E15.58056
G1 X96.834 Y87.107 E15.66086
G1 X95.827 Y85.774 E15.74121
G1 X94.671 Y84.568 E15.82156
G1 X93.381 Y83.507 E15.90189
G1 X91.976 Y82.603 E15.98224
G1 X90.475 Y81.871 E16.06256
G1 X88.898 Y81.32 E16.1429
G1 X87.278 Y80.959 E16.22273
G1 X85.606 Y80.788 E16.30357
G1 X83.958 Y80.813 E16.38284
G1 X82.28 Y81.038 E16.46427
G1 X80.665 Y81.452 E16.54446
G1 X79.104 Y82.055 E16.62495
G1 X77.628 Y82.835 E16.70524
G1 X76.252 Y83.783 E16.78561
G1 X74.998 Y84.886 E16.86593
G1 X73.881 Y86.128 E16.94627
G1 X72.918 Y87.492 E17.02658
G1 X72.131 Y88.94 E17.10585
G1 X71.509 Y90.49 E17.18618
G1 X71.073 Y92.103 E17.26654
G1 X70.828 Y93.778 E17.34796
G1 X70.782 Y95.448 E17.42831
G1 X70.911 Y96.885 E17.4977
G1 X71.014 Y97.5 E17.52769
G1 X71.277 Y98.746 E17.58894
G1 X71.811 Y100.328 E17.66925
G1 X72.526 Y101.836 E17.74952
G1 X73.333 Y103.126 E17.8227
G1 X73.412 Y103.25 E17.82977
G1 X74.461 Y104.554 E17.91026
G1 X75.637 Y105.708 E17.98951
G1 X76.975 Y106.745 E18.07093
G1 X78.407 Y107.605 E18.15127
G1 X79.72 Y108.197 E18.22054
G1 X79.771 Y108.594 F7800
;LAYER_CHANGE
;Z:1.85
;HEIGHT:0.3
G1 E16.22054 F2400
G92 E0
G1 Z1.85 F7800
G1 X90.57 Y111.842
G1 E2 F2400
;TYPE:Support material interface
;WIDTH:0.35
G1 F3600
G1 X90.57 Y110.374 E2.0523
G1 X90.284 Y110.484 E2.06322
G1 X90.284 Y111.714 E2.10704
G1 X89.998 Y111.714 E2.11723
G1 X89.998 Y110.593 E2.15716
G1 X89.713 Y110.448 E2.16855
G1 X89.713 Y111.714 E2.21365
G1 X89.427 Y111.714 E2.22384
G1 X89.427 Y108.928 E2.32309
G1 X89.141 Y108.928 E2.33328
G1 X89.141 Y111.714 E2.43253
G1 X88.856 Y111.714 E2.44268
G1 X88.856 Y108.928 E2.54193
G1 X88.57 Y108.928 E2.55212
G1 X88.57 Y111.714 E2.65137
G1 X88.285 Y111.714 E2.66152
G1 X88.285 Y108.928 E2.76077
G1 X87.999 Y108.928 E2.77096
G1 X87.999 Y111.714 E2.87021
G1 X87.713 Y111.714 E2.8804
G1 X87.713 Y108.928 E2.97965
G1 X87.428 Y108.928 E2.9898
G1 X87.428 Y111.714 E3.08905
G1 X87.142 Y111.714 E3.09924
G1 X87.142 Y108.928 E3.19849
G1 X86.856 Y108.928 E3.20868
G1 X86.856 Y111.714 E3.30793
G1 X86.571 Y111.714 E3.31808
G1 X86.571 Y108.928 E3.41733
G1 X86.285 Y108.928 E3.42752
G1 X86.285 Y111.714 E3.52677
G1 X86 Y111.714 E3.53692
G1 X86 Y108.928 E3.63617
G1 X85.714 Y108.928 E3.64636
G1 X85.714 Y111.714 E3.74561
G1 X85.428 Y111.714 E3.7558
G1 X85.428 Y108.928 E3.85505
G1 X85.143 Y108.928 E3.8652
G1 X85.143 Y111.714 E3.96445
G1 X84.857 Y111.714 E3.97464
G1 X84.857 Y108.928 E4.07389
G1 X84.572 Y108.928 E4.08404
G1 X84.572 Y111.714 E4.18329
G1 X84.286 Y111.714 E4.19348
G1 X84.286 Y108.928 E4.29273
G1 X84 Y108.928 E4.30292
G1 X84 Y111.714 E4.40217
G1 X83.715 Y111.714 E4.41232
G1 X83.715 Y108.928 E4.51157
G1 X83.429 Y108.928 E4.52176
G1 X83.429 Y111.714 E4.62101
G1 X83.143 Y111.714 E4.6312
G1 X83.143 Y108.928 E4.73045
G1 X82.858 Y108.928 E4.7406
G1 X82.858 Y111.714 E4.83985
G1 X82.572 Y111.714 E4.85004
G1 X82.572 Y108.928 E4.94929
G1 X82.287 Y108.928 E4.95944
G1 X82.287 Y111.714 E5.05869
G1 X82.001 Y111.714 E5.06888
G1 X82.001 Y108.928 E5.16813
G1 X81.715 Y108.928 E5.17832
G1 X81.715 Y111.714 E5.27757
G1 X81.43 Y111.714 E5.28772
G1 X81.43 Y108.928 E5.38697
G1 X81.144 Y108.928 E5.39716
G1 X81.144 Y111.714 E5.49641
G1 X80.858 Y111.714 E5.5066
G1 X80.858 Y108.928 E5.60585
G1 X80.573 Y108.928 E5.616
G1 X80.573 Y111.714 E5.71525
G1 X80.287 Y111.714 E5.72544
G1 X80.287 Y110.448 E5.77054
G1 X80.002 Y110.594 E5.78195
G1 X80.002 Y111.714 E5.82185
G1 X79.716 Y111.714 E5.83204
G1 X79.716 Y110.483 E5.87589
G1 X79.43 Y110.373 E5.88681
G1 X79.43 Y111.842 E5.93914
G1 E3.93914 F2400
G92 E0
G1 X82.001 Y100.7 F7800
G1 E2 F2400
G1 F3600
G1 X82.001 Y89.429 E2.40152
G1 X81.715 Y89.429 E2.41171
G1 X81.715 Y100.571 E2.80863
G1 X81.43 Y100.571 E2.81878
G1 X81.43 Y89.429 E3.2157
G1 X81.144 Y89.429 E3.22589
G1 X81.144 Y100.571 E3.62281
G1 X80.858 Y100.571 E3.633
G1 X80.858 Y89.429 E4.02992
G1 X80.573 Y89.429 E4.04007
G1 X80.573 Y100.571 E4.43699
G1 X80.287 Y100.571 E4.44718
G1 X80.287 Y89.429 E4.8441
G1 X80.002 Y89.429 E4.85425
G1 X80.002 Y100.571 E5.25117
G1 X79.716 Y100.571 E5.26136
G1 X79.716 Y89.429 E5.65828
G1 X79.43 Y89.429 E5.66847
G1 X79.43 Y100.571 E6.06539
G1 X79.429 Y97.786 E6.1646
G1 X79.145 Y97.786 E6.17472
G1 X79.145 Y92.214 E6.37322
G1 X78.859 Y92.214 E6.38341
G1 X78.859 Y97.786 E6.58191
G1 X78.574 Y97.786 E6.59206
G1 X78.574 Y92.214 E6.79056
G1 X78.288 Y92.214 E6.80075
G1 X78.288 Y97.786 E6.99925
G1 X78.002 Y97.786 E7.00944
G1 X78.002 Y92.214 E7.20794
G1 X77.717 Y92.214 E7.21809
G1 X77.717 Y97.786 E7.41659
G1 X77.431 Y97.786 E7.42678
G1 X77.431 Y92.214 E7.62528
G1 X77.145 Y92.214 E7.63547
G1 X77.145 Y97.786 E7.83397
G1 X76.86 Y97.786 E7.84412
G1 X76.86 Y92.086 E8.04718
G1 E6.04718 F2400
G92 E0
G1 X87.428 Y86.515 F7800
G1 E2 F2400
G1 F3600
G1 X87.428 Y92.214 E2.20302
G1 X87.142 Y92.214 E2.21321
G1 X87.142 Y86.643 E2.41167
G1 X86.856 Y86.643 E2.42186
G1 X86.856 Y92.214 E2.62032
G1 X86.571 Y92.214 E2.63047
G1 X86.571 Y86.643 E2.82893
G1 X86.285 Y86.643 E2.83912
G1 X86.285 Y92.214 E3.03758
G1 X86 Y92.214 E3.04773
G1 X86 Y86.643 E3.24619
G1 X85.714 Y86.643 E3.25638
G1 X85.714 Y92.214 E3.45484
G1 X85.428 Y92.214 E3.46503
G1 X85.428 Y86.643 E3.66349
G1 X85.143 Y86.643 E3.67364
G1 X85.143 Y92.214 E3.8721
G1 X84.857 Y92.214 E3.88229
G1 X84.857 Y86.643 E4.08075
G1 X84.572 Y86.643 E4.0909
G1 X84.572 Y92.214 E4.28936
G1 X84.286 Y92.214 E4.29955
G1 X84.286 Y86.643 E4.49801
G1 X84 Y86.643 E4.5082
G1 X84 Y92.214 E4.70666
G1 X83.715 Y92.214 E4.71681
G1 X83.715 Y86.643 E4.91527
G1 X83.429 Y86.643 E4.92546
G1 X83.429 Y92.214 E5.12392
G1 X83.143 Y92.214 E5.13411
G1 X83.143 Y86.643 E5.33257
G1 X82.858 Y86.643 E5.34272
G1 X82.858 Y92.214 E5.54118
G1 X82.572 Y92.214 E5.55137
G1 X82.572 Y86.643 E5.74983
G1 X82.287 Y86.643 E5.75998
G1 X82.287 Y103.357 E6.3554
G1 X82.572 Y103.357 E6.36555
G1 X82.572 Y97.786 E6.56401
G1 X82.858 Y97.786 E6.5742
G1 X82.858 Y103.357 E6.77266
G1 X83.143 Y103.357 E6.78281
G1 X83.143 Y97.786 E6.98127
G1 X83.429 Y97.786 E6.99146
G1 X83.429 Y103.357 E7.18992
G1 X83.715 Y103.357 E7.20011
G1 X83.715 Y97.786 E7.39857
G1 X84 Y97.786 E7.40872
G1 X84 Y103.357 E7.60718
G1 X84.286 Y103.357 E7.61737
G1 X84.286 Y97.786 E7.81583
G1 X84.572 Y97.786 E7.82602
G1 X84.572 Y103.357 E8.02448
G1 X84.857 Y103.357 E8.03463
G1 X84.857 Y97.786 E8.23309
G1 X85.143 Y97.786 E8.24328
G1 X85.143 Y103.357 E8.44174
G1 X85.428 Y103.357 E8.45189
G1 X85.428 Y97.786 E8.65035
G1 X85.714 Y97.786 E8.66054
G1 X85.714 Y103.357 E8.859
G1 X86 Y103.357 E8.86919
G1 X86 Y97.786 E9.06765
G1 X86.285 Y97.786 E9.0778
G1 X86.285 Y103.357 E9.27626
G1 X86.571 Y103.357 E9.28645
G1 X86.571 Y97.786 E9.48491
G1 X86.856 Y97.786 E9.49506
G1 X86.856 Y103.357 E9.69352
G1 X87.142 Y103.357 E9.70371
G1 X87.142 Y97.786 E9.90217
G1 X87.428 Y97.786 E9.91236
G1 X87.428 Y103.357 E10.11082
G1 X87.713 Y103.357 E10.12097
G1 X87.713 Y86.643 E10.71639
G1 X87.786 Y86.643 E10.71899
G1 X87.786 Y89.429 E10.81824
G1 X87.999 Y89.429 E10.82583
G1 X87.999 Y100.571 E11.22275
G1 X88.285 Y100.571 E11.23294
G1 X88.285 Y89.429 E11.62986
G1 X88.57 Y89.429 E11.64001
G1 X88.57 Y100.571 E12.03693
G1 X88.856 Y100.571 E12.04712
G1 X88.856 Y89.429 E12.44404
G1 X89.141 Y89.429 E12.45419
G1 X89.141 Y100.571 E12.85111
G1 X89.427 Y100.571 E12.8613
G1 X89.427 Y89.429 E13.25822
G1 X89.713 Y89.429 E13.26841
G1 X89.713 Y100.571 E13.66533
G1 X89.998 Y100.571 E13.67548
G1 X89.998 Y89.429 E14.0724
G1 X90.284 Y89.429 E14.08259
G1 X90.284 Y100.571 E14.47951
G1 X90.57 Y100.571 E14.4897
G1 X90.57 Y89.429 E14.88662
G1 X90.571 Y92.214 E14.98583
G1 X90.855 Y92.214 E14.99595
G1 X90.855 Y97.786 E15.19445
G1 X91.141 Y97.786 E15.20464
G1 X91.141 Y92.214 E15.40314
G1 X91.426 Y92.214 E15.41329
G1 X91.426 Y97.786 E15.61179
G1 X91.712 Y97.786 E15.62198
G1 X91.712 Y92.214 E15.82048
G1 X91.998 Y92.214 E15.83067
G1 X91.998 Y97.786 E16.02917
G1 X92.283 Y97.786 E16.03932
G1 X92.283 Y92.214 E16.23782
G1 X92.569 Y92.214 E16.24801
G1 X92.569 Y97.786 E16.44651
G1 X92.854 Y97.786 E16.45666
G1 X92.854 Y92.214 E16.65516
G1 X93.14 Y92.214 E16.66535
G1 X93.14 Y97.914 E16.86841
G1 E14.86841 F2400
G92 E0
G1 X78.992 Y108.728 F7800
G1 E2 F2400
;TYPE:Perimeter
;WIDTH:0.474185
G1 F3600
G1 X78.093 Y108.301 E2.05087
;WIDTH:0.477441
G1 X77.482 Y107.966 E2.08677
G1 X76.581 Y107.401 E2.14156
;WIDTH:0.473673
G1 X76.145 Y107.094 E2.16878
G1 X75.463 Y106.559 E2.21303
;WIDTH:0.478757
G1 X74.66 Y105.851 E2.26836
G1 X73.923 Y105.102 E2.32267
;WIDTH:0.468987
G1 X73.676 Y104.826 E2.34136
G1 X72.814 Y103.735 E2.41153
;WIDTH:0.460973
G1 X71.869 Y102.244 E2.49885
;WIDTH:0.471619
G1 X71.167 Y100.786 E2.58104
;WIDTH:0.472057
G1 X70.861 Y99.961 E2.62578
G1 X70.636 Y99.288 E2.66186
;WIDTH:0.470365
G1 X70.413 Y98.436 E2.70646
;WIDTH:0.472033
G1 X70.171 Y97.22 E2.7695
;WIDTH:0.473615
G1 X70.061 Y96.167 E2.82354
G1 X70.015 Y95.516 E2.85685
;WIDTH:0.473069
G1 X70.022 Y94.578 E2.90466
G1 X70.055 Y93.756 E2.94659
;WIDTH:0.470383
G1 X70.282 Y92.132 E3.02963
;WIDTH:0.462259
G1 X70.331 Y91.903 E3.04125
;WIDTH:0.469327
G1 X70.674 Y90.583 E3.11013
G1 X70.797 Y90.206 E3.13016
;WIDTH:0.475059
G1 X71.225 Y89.091 E3.19134
G1 X71.441 Y88.609 E3.21839
;WIDTH:0.437737
G1 X71.459 Y88.575 E3.22018
;WIDTH:0.478673
G1 X71.929 Y87.666 E3.27306
G1 X72.246 Y87.127 E3.30537
;WIDTH:0.480177
G1 X72.78 Y86.323 E3.35542
G1 X73.257 Y85.687 E3.39665
;WIDTH:0.479855
G1 X73.77 Y85.074 E3.43807
G1 X74.426 Y84.371 E3.4879
G1 X75.014 Y83.824 E3.52952
G1 X75.748 Y83.208 E3.57918
;WIDTH:0.477241
G1 X76.26 Y82.823 E3.61217
G1 X77.193 Y82.204 E3.66983
;WIDTH:0.473005
G1 X77.598 Y81.964 E3.69382
G1 X78.746 Y81.375 E3.75958
;WIDTH:0.466651
G1 X79.019 Y81.251 E3.77462
G1 X80.395 Y80.729 E3.84846
;WIDTH:0.458187
G1 X80.508 Y80.691 E3.85432
;WIDTH:0.459057
G1 X82.201 Y80.269 E3.94021
;WIDTH:0.466409
G1 X83.623 Y80.071 E4.0122
G1 X83.947 Y80.046 E4.02849
;WIDTH:0.471829
G1 X85.22 Y80.012 E4.09321
G1 X86.091 Y80.054 E4.13752
;WIDTH:0.475623
G1 X87.346 Y80.192 E4.20228
;WIDTH:0.476733
G1 X88.362 Y80.396 E4.25558
G1 X89.066 Y80.568 E4.29285
;WIDTH:0.475715
G1 X89.89 Y80.835 E4.33729
G1 X90.717 Y81.136 E4.38244
;WIDTH:0.472563
G1 X92.151 Y81.823 E4.46339
;WIDTH:0.467277
G1 X92.764 Y82.181 E4.49906
;WIDTH:0.471021
G1 X93.505 Y82.656 E4.5437
G1 X94.078 Y83.074 E4.57967
;WIDTH:0.476065
G1 X94.759 Y83.625 E4.62465
G1 X95.159 Y83.977 E4.65201
;WIDTH:0.480537
G1 X95.798 Y84.607 E4.69859
G1 X96.383 Y85.242 E4.7434
;WIDTH:0.477325
G1 X97.051 Y86.091 E4.79904
G1 X97.449 Y86.643 E4.83409
;WIDTH:0.478491
G1 X97.922 Y87.41 E4.88063
G1 X98.337 Y88.163 E4.92504
;WIDTH:0.477563
G1 X98.657 Y88.828 E4.96307
G1 X99.047 Y89.773 E5.01575
;WIDTH:0.474939
G1 X99.236 Y90.309 E5.04485
G1 X99.565 Y91.455 E5.1059
;WIDTH:0.470205
G1 X99.656 Y91.842 E5.12602
G1 X99.883 Y93.186 E5.19501
;WIDTH:0.463359
G1 X99.911 Y93.412 E5.20634
G1 X99.997 Y94.949 E5.28294
;WIDTH:0.454829
G1 X99.997 Y95.053 E5.288
;WIDTH:0.459223
G1 X99.9 Y96.693 E5.36891
;WIDTH:0.463247
G1 X99.674 Y98.089 E5.43926
G1 X99.623 Y98.312 E5.45064
;WIDTH:0.466751
G1 X99.274 Y99.592 E5.51722
G1 X99.172 Y99.891 E5.53307
;WIDTH:0.469739
G1 X98.72 Y101.045 E5.59573
G1 X98.551 Y101.411 E5.61611
;WIDTH:0.472217
G1 X98.019 Y102.433 E5.67472
G1 X97.768 Y102.854 E5.69965
;WIDTH:0.474169
G1 X97.178 Y103.741 E5.7541
G1 X96.854 Y104.175 E5.78178
;WIDTH:0.475767
G1 X96.204 Y104.958 E5.834
G1 X95.829 Y105.368 E5.86251
;WIDTH:0.474267
G1 X94.983 Y106.183 E5.92256
G1 X94.575 Y106.533 E5.95004
;WIDTH:0.475299
G1 X93.764 Y107.16 E6.00258
G1 X93.313 Y107.473 E6.03072
;WIDTH:0.476381
G1 X92.457 Y108.002 E6.08243
G1 X91.899 Y108.307 E6.11511
;WIDTH:0.477003
G1 X91.008 Y108.73 E6.16587
G1 E4.16587 F2400
G92 E0
G1 X79.389 Y108.471 F7800
G1 E2 F2400
;WIDTH:0.45
G1 F3600
G1 X79.389 Y109.308 E2.04026
G1 X78.735 Y109.055 E2.07399
G1 X77.281 Y108.312 E2.15252
G1 X75.912 Y107.417 E2.23119
G1 X75.212 Y106.861 E2.27419
G1 X74.384 Y106.14 E2.327
G1 X73.377 Y105.084 E2.39718
G1 X72.374 Y103.794 E2.47577
G1 X71.511 Y102.403 E2.5545
G1 X71.109 Y101.601 E2.59765
G1 X70.806 Y100.937 E2.63275
G1 X70.487 Y100.093 E2.67615
G1 X70.258 Y99.4 E2.71125
G1 X70.027 Y98.528 E2.75464
G1 X69.876 Y97.814 E2.78974
G1 X69.737 Y96.923 E2.83311
G1 X69.664 Y96.197 E2.8682
G1 X69.618 Y95.296 E2.91159
G1 X69.625 Y94.566 E2.9467
G1 X69.672 Y93.665 E2.99009
G1 X69.759 Y92.94 E3.02521
G1 X69.898 Y92.054 E3.06834
G1 X70.296 Y90.466 E3.14708
G1 X70.858 Y88.934 E3.22557
G1 X71.58 Y87.47 E3.30408
G1 X72.453 Y86.091 E3.38258
G1 X73.468 Y84.81 E3.46119
G1 X74.231 Y84.02 E3.51401
G1 X74.75 Y83.522 E3.5486
G1 X76.027 Y82.498 E3.62733
G1 X77.402 Y81.618 E3.70585
G1 X78.862 Y80.889 E3.78434
G1 X80.391 Y80.318 E3.86284
G1 X81.972 Y79.913 E3.94134
G1 X83.587 Y79.678 E4.01983
G1 X85.223 Y79.615 E4.09857
G1 X86.119 Y79.661 E4.14172
G1 X86.846 Y79.725 E4.17682
G1 X87.737 Y79.864 E4.22019
G1 X88.453 Y80.007 E4.25531
G1 X89.325 Y80.238 E4.2987
G1 X90.02 Y80.459 E4.33378
G1 X90.864 Y80.777 E4.37716
G1 X91.532 Y81.073 E4.4123
G1 X92.338 Y81.477 E4.45566
G1 X92.969 Y81.845 E4.49079
G1 X93.729 Y82.33 E4.53415
G1 X94.316 Y82.764 E4.56926
G1 X95.02 Y83.323 E4.6125
G1 X96.087 Y84.328 E4.683
G1 X96.813 Y85.149 E4.73571
G1 X97.372 Y85.853 E4.77895
G1 X97.786 Y86.454 E4.81405
G1 X98.269 Y87.21 E4.8572
G1 X99.022 Y88.663 E4.93591
G1 X99.615 Y90.184 E5.01443
G1 X100.043 Y91.759 E5.09293
G1 X100.302 Y93.37 E5.17141
G1 X100.387 Y95.021 E5.25092
G1 X100.306 Y96.594 E5.32668
G1 X100.058 Y98.17 E5.40341
G1 X99.649 Y99.713 E5.48019
G1 X99.082 Y101.205 E5.55696
G1 X98.364 Y102.63 E5.63371
G1 X97.502 Y103.973 E5.71046
G1 X96.504 Y105.221 E5.78732
G1 X95.765 Y105.984 E5.83841
G1 X95.246 Y106.482 E5.873
G1 X93.997 Y107.484 E5.95001
G1 X92.656 Y108.349 E6.02676
G1 X91.232 Y109.07 E6.10353
G1 X90.611 Y109.309 E6.13553
G1 X90.611 Y108.473 E6.17574
G1 X91.707 Y107.979 E6.23356
G1 X93.087 Y107.168 E6.31055
G1 X94.337 Y106.238 E6.38548
G1 X95.539 Y105.118 E6.4645
G1 X95.903 Y104.697 E6.49127
G1 X96.583 Y103.905 E6.54148
G1 X97.487 Y102.584 E6.61847
G1 X98.242 Y101.173 E6.69544
G1 X98.817 Y99.748 E6.76935
G1 X99.267 Y98.146 E6.84938
G1 X99.519 Y96.63 E6.92329
G1 X99.61 Y95.032 E7.00027
G1 X99.505 Y93.254 E7.08593
G1 X99.2 Y91.565 E7.16848
G1 X98.855 Y90.424 E7.22581
G1 X98.7 Y89.925 E7.25094
G1 X98.01 Y88.354 E7.33347
G1 X97.142 Y86.874 E7.41599
G1 X96.732 Y86.331 E7.44872
G1 X96.105 Y85.507 E7.49852
G1 X94.916 Y84.271 E7.58101
G1 X93.83 Y83.375 E7.64873
G1 X93.29 Y82.989 E7.68066
G1 X92.146 Y82.257 E7.74598
G1 X90.602 Y81.507 E7.82854
G1 X88.982 Y80.943 E7.91104
G1 X88.276 Y80.786 E7.94583
G1 X87.307 Y80.574 E7.99354
G1 X85.6 Y80.403 E8.07605
G1 X83.953 Y80.428 E8.15527
G1 X82.252 Y80.651 E8.23778
G1 X80.524 Y81.093 E8.32357
G1 X78.924 Y81.713 E8.4061
G1 X77.783 Y82.315 E8.46815
G1 X77.409 Y82.517 E8.48859
G1 X75.998 Y83.493 E8.57111
G1 X74.711 Y84.628 E8.65364
G1 X74.068 Y85.342 E8.69985
G1 X73.566 Y85.905 E8.73613
G1 X72.579 Y87.308 E8.81863
G1 X71.763 Y88.817 E8.90114
G1 X71.13 Y90.412 E8.98367
G1 X70.701 Y92.003 E9.06292
G1 X70.442 Y93.767 E9.14867
G1 X70.398 Y95.482 E9.23118
G1 X70.555 Y97.19 E9.31368
G1 X70.912 Y98.868 E9.39619
G1 X71.237 Y99.834 E9.44521
G1 X71.462 Y100.493 E9.4787
G1 X72.198 Y102.04 E9.5611
G1 X73.113 Y103.494 E9.64373
G1 X74.191 Y104.829 E9.72626
G1 X75.367 Y105.984 E9.80554
G1 X76.777 Y107.076 E9.89132
G1 X78.249 Y107.956 E9.9738
G1 X79.335 Y108.446 E10.0311
G1 X79.775 Y108.222 F7800
;TYPE:External perimeter
G1 F1800
G1 X79.775 Y109.87 E10.11036
G1 X78.577 Y109.408 E10.17212
G1 X77.088 Y108.646 E10.25257
G1 X75.686 Y107.73 E10.33312
G1 X74.965 Y107.157 E10.37742
G1 X74.117 Y106.419 E10.43149
G1 X73.084 Y105.336 E10.50347
G1 X72.057 Y104.015 E10.58395
G1 X71.174 Y102.591 E10.66454
G1 X70.761 Y101.767 E10.70887
G1 X70.449 Y101.086 E10.7449
G1 X70.123 Y100.222 E10.78932
G1 X69.888 Y99.51 E10.82538
G1 X69.652 Y98.617 E10.8698
G1 X69.496 Y97.884 E10.90584
G1 X69.354 Y96.972 E10.95023
G1 X69.28 Y96.226 E10.98629
G1 X69.232 Y95.304 E11.0307
G1 X69.24 Y94.554 E11.06677
G1 X69.287 Y93.632 E11.11117
G1 X69.377 Y92.887 E11.14726
G1 X69.52 Y91.977 E11.19156
G1 X69.927 Y90.352 E11.27213
G1 X70.503 Y88.782 E11.35256
G1 X71.243 Y87.281 E11.43305
G1 X72.138 Y85.868 E11.5135
G1 X73.178 Y84.556 E11.59402
G1 X73.959 Y83.746 E11.64814
G1 X74.495 Y83.232 E11.68386
G1 X75.802 Y82.185 E11.7644
G1 X77.211 Y81.282 E11.84489
G1 X78.708 Y80.535 E11.92536
G1 X80.275 Y79.95 E12.00581
G1 X81.896 Y79.534 E12.0863
G1 X83.552 Y79.293 E12.16679
G1 X85.225 Y79.229 E12.24731
G1 X86.145 Y79.276 E12.29162
G1 X86.892 Y79.342 E12.32769
G1 X87.805 Y79.485 E12.37214
G1 X88.54 Y79.632 E12.40819
G1 X89.433 Y79.867 E12.4526
G1 X90.147 Y80.094 E12.48863
G1 X91.011 Y80.421 E12.53306
G1 X91.696 Y80.724 E12.56909
G1 X92.522 Y81.138 E12.61353
G1 X93.17 Y81.515 E12.64959
G1 X93.948 Y82.012 E12.69399
G1 X94.551 Y82.458 E12.73006
G1 X95.273 Y83.031 E12.77439
G1 X96.364 Y84.059 E12.84649
G1 X97.108 Y84.901 E12.90053
G1 X97.682 Y85.623 E12.94489
G1 X98.108 Y86.24 E12.98095
G1 X98.603 Y87.017 E13.02526
G1 X99.374 Y88.504 E13.10582
G1 X99.981 Y90.063 E13.18629
G1 X100.42 Y91.677 E13.26674
G1 X100.686 Y93.329 E13.34722
G1 X100.773 Y95.041 E13.42967
G1 X100.69 Y96.634 E13.50639
G1 X100.436 Y98.25 E13.58507
G1 X100.017 Y99.831 E13.66374
G1 X99.436 Y101.36 E13.74241
G1 X98.699 Y102.821 E13.82111
G1 X97.815 Y104.198 E13.89981
G1 X96.793 Y105.476 E13.97851
G1 X96.037 Y106.257 E14.03079
G1 X95.5 Y106.772 E14.06658
G1 X94.223 Y107.797 E14.14534
G1 X92.848 Y108.684 E14.22404
G1 X91.389 Y109.423 E14.3027
G1 X90.225 Y109.871 E14.36269
G1 X90.225 Y108.223 E14.44195
G1 X91.512 Y107.646 E14.50979
G1 X92.857 Y106.858 E14.58476
G1 X94.09 Y105.941 E14.65867
G1 X95.247 Y104.866 E14.73463
G1 X96.265 Y103.686 E14.80959
G1 X97.136 Y102.42 E14.8835
G1 X97.884 Y101.029 E14.95946
G1 X98.466 Y99.583 E15.03443
G1 X98.887 Y98.083 E15.10936
G1 X99.141 Y96.545 E15.18433
G1 X99.225 Y94.99 E15.25923
G1 X99.135 Y93.458 E15.33304
G1 X99.126 Y93.325 E15.33945
G1 X98.831 Y91.677 E15.41997
G1 X98.346 Y90.079 E15.50029
G1 X97.677 Y88.548 E15.58065
G1 X96.834 Y87.107 E15.66095
G1 X95.827 Y85.774 E15.7413
G1 X94.671 Y84.568 E15.82165
G1 X93.585 Y83.673 E15.88934
G1 X93.082 Y83.314 E15.91906
G1 X91.976 Y82.603 E15.9823
G1 X90.475 Y81.871 E16.06262
G1 X88.898 Y81.32 E16.14296
G1 X87.268 Y80.957 E16.22328
G1 X85.606 Y80.788 E16.30363
G1 X83.958 Y80.813 E16.3829
G1 X82.303 Y81.033 E16.4632
G1 X80.7 Y81.442 E16.54277
G1 X79.104 Y82.055 E16.625
G1 X77.628 Y82.835 E16.70529
G1 X76.252 Y83.783 E16.78566
G1 X74.998 Y84.886 E16.86598
G1 X73.881 Y86.128 E16.94632
G1 X72.918 Y87.492 E17.02663
G1 X72.131 Y88.94 E17.1059
G1 X71.509 Y90.49 E17.18623
G1 X71.073 Y92.103 E17.26659
G1 X70.828 Y93.778 E17.34801
G1 X70.805 Y94.6 E17.38756
G1 X70.782 Y95.448 E17.42836
G1 X70.929 Y97.089 E17.5076
G1 X71.277 Y98.746 E17.58903
G1 X71.811 Y100.328 E17.66934
G1 X72.526 Y101.837 E17.74965
G1 X73.353 Y103.158 E17.82461
G1 X74.461 Y104.554 E17.91033
G1 X75.637 Y105.709 E17.98961
G1 X76.975 Y106.745 E18.071
G1 X78.407 Y107.605 E18.15134
G1 X79.72 Y108.197 E18.22061
G1 X79.771 Y108.594 F7800
M106 S226.95
;LAYER_CHANGE
;Z:1.95
;HEIGHT:0.1
G1 E16.22061 F2400
G92 E0
G1 Z1.95 F7800
G1 X90.57 Y111.842
G1 E2 F2400
;TYPE:Support material interface
;WIDTH:0.35
G1 F2248
G1 X90.57 Y110.374 E2.02005
G1 X90.284 Y110.484 E2.02424
G1 X90.284 Y111.714 E2.04104
G1 X89.998 Y111.714 E2.04495
G1 X89.998 Y110.593 E2.06026
G1 X89.713 Y110.448 E2.06463
G1 X89.713 Y111.714 E2.08192
G1 X89.427 Y111.714 E2.08583
G1 X89.427 Y110.311 E2.10499
G1 X89.141 Y110.387 E2.10903
G1 X89.141 Y111.714 E2.12716
G1 X88.856 Y111.714 E2.13105
G1 X88.856 Y110.464 E2.14812
G1 X88.57 Y110.541 E2.15217
G1 X88.57 Y111.714 E2.16819
G1 X88.285 Y111.714 E2.17208
G1 X88.285 Y110.613 E2.18712
G1 X87.999 Y110.658 E2.19107
G1 X87.999 Y111.714 E2.20549
G1 X87.713 Y111.714 E2.2094
G1 X87.713 Y110.704 E2.2232
G1 X87.428 Y110.749 E2.22714
G1 X87.428 Y111.714 E2.24032
G1 X87.142 Y111.714 E2.24423
G1 X87.142 Y110.795 E2.25678
G1 X86.856 Y110.84 E2.26073
G1 X86.856 Y111.714 E2.27267
G1 X86.571 Y111.714 E2.27656
G1 X86.571 Y110.874 E2.28803
G1 X86.285 Y110.889 E2.29194
G1 X86.285 Y111.714 E2.30321
G1 X86 Y111.714 E2.3071
G1 X86 Y110.905 E2.31815
G1 X85.714 Y110.92 E2.32206
G1 X85.714 Y111.714 E2.33291
G1 X85.428 Y111.714 E2.33682
G1 X85.428 Y110.935 E2.34746
G1 X85.143 Y110.95 E2.35136
G1 X85.143 Y111.714 E2.3618
G1 X84.857 Y111.714 E2.36571
G1 X84.857 Y110.95 E2.37615
G1 X84.572 Y110.935 E2.38005
G1 X84.572 Y111.714 E2.39069
G1 X84.286 Y111.714 E2.3946
G1 X84.286 Y110.92 E2.40545
G1 X84 Y110.905 E2.40936
G1 X84 Y111.714 E2.42041
G1 X83.715 Y111.714 E2.4243
G1 X83.715 Y110.889 E2.43557
G1 X83.429 Y110.874 E2.43948
G1 X83.429 Y111.714 E2.45095
G1 X83.143 Y111.714 E2.45486
G1 X83.143 Y110.84 E2.4668
G1 X82.858 Y110.795 E2.47074
G1 X82.858 Y111.714 E2.48329
G1 X82.572 Y111.714 E2.4872
G1 X82.572 Y110.749 E2.50038
G1 X82.287 Y110.704 E2.50432
G1 X82.287 Y111.714 E2.51812
G1 X82.001 Y111.714 E2.52203
G1 X82.001 Y110.658 E2.53645
G1 X81.715 Y110.613 E2.5404
G1 X81.715 Y111.714 E2.55544
G1 X81.43 Y111.714 E2.55933
G1 X81.43 Y110.541 E2.57535
G1 X81.144 Y110.464 E2.5794
G1 X81.144 Y111.714 E2.59647
G1 X80.858 Y111.714 E2.60038
G1 X80.858 Y110.387 E2.61851
G1 X80.573 Y110.311 E2.62254
G1 X80.573 Y111.714 E2.6417
G1 X80.287 Y111.714 E2.64561
G1 X80.287 Y110.448 E2.6629
G1 X80.002 Y110.594 E2.66727
G1 X80.002 Y111.714 E2.68257
G1 X79.716 Y111.714 E2.68648
G1 X79.716 Y110.483 E2.70329
G1 X79.43 Y110.373 E2.70748
G1 X79.43 Y111.842 E2.72755
G1 E.72755 F2400
G92 E0
G1 X80.002 Y96.254 F7800
G1 E2 F2400
G1 F2248
G1 X80.002 Y94.547 E2.02332
G1 X80.049 Y94.068 E2.02989
G1 X80.287 Y93.249 E2.04154
G1 X80.287 Y96.738 E2.0892
G1 X80.573 Y97.354 E2.09848
G1 X80.573 Y92.639 E2.16288
G1 X80.858 Y92.135 E2.17079
G1 X80.858 Y97.865 E2.24906
G1 X81.144 Y98.213 E2.25521
G1 X81.144 Y91.787 E2.34298
G1 X81.43 Y91.451 E2.34901
G1 X81.43 Y98.532 E2.44573
G1 X81.715 Y98.795 E2.45103
G1 X81.715 Y91.211 E2.55462
G1 X82.001 Y90.972 E2.55971
G1 X82.001 Y99.188 E2.67193
G1 E.67193 F2400
G92 E0
G1 X87.428 Y99.533 F7800
G1 E2 F2400
G1 F2248
G1 X87.428 Y97.786 E2.02386
G1 X87.142 Y97.786 E2.02777
G1 X87.142 Y99.543 E2.05177
G1 X86.856 Y99.672 E2.05606
G1 X86.856 Y97.786 E2.08182
G1 X86.571 Y97.786 E2.08571
G1 X86.571 Y99.762 E2.1127
G1 X86.285 Y99.851 E2.11679
G1 X86.285 Y97.786 E2.145
G1 X86 Y97.786 E2.14889
G1 X86 Y99.935 E2.17824
G1 X85.714 Y99.969 E2.18217
G1 X85.714 Y97.786 E2.21199
G1 X85.428 Y97.786 E2.2159
G1 X85.428 Y100.001 E2.24615
G1 X85.143 Y100.029 E2.25006
G1 X85.143 Y97.786 E2.2807
G1 X84.857 Y97.786 E2.28461
G1 X84.857 Y100.022 E2.31515
G1 X84.572 Y99.999 E2.31906
G1 X84.572 Y97.786 E2.34929
G1 X84.286 Y97.786 E2.3532
G1 X84.286 Y99.97 E2.38303
G1 X84 Y99.938 E2.38696
G1 X84 Y97.786 E2.41635
G1 X83.715 Y97.786 E2.42024
G1 X83.715 Y99.855 E2.4485
G1 X83.429 Y99.768 E2.45258
G1 X83.429 Y97.786 E2.47965
G1 X83.143 Y97.786 E2.48356
G1 X83.143 Y99.675 E2.50936
G1 X82.858 Y99.546 E2.51363
G1 X82.858 Y97.786 E2.53767
G1 X82.572 Y97.786 E2.54158
G1 X82.572 Y99.393 E2.56353
G1 X82.287 Y99.24 E2.56795
G1 X82.287 Y90.77 E2.68364
G1 X82.572 Y90.614 E2.68808
G1 X82.572 Y92.214 E2.70993
G1 X82.858 Y92.214 E2.71384
G1 X82.858 Y90.457 E2.73784
G1 X83.143 Y90.328 E2.74211
G1 X83.143 Y92.214 E2.76787
G1 X83.429 Y92.214 E2.77178
G1 X83.429 Y90.238 E2.79877
G1 X83.715 Y90.149 E2.80286
G1 X83.715 Y92.214 E2.83107
G1 X84 Y92.214 E2.83496
G1 X84 Y90.065 E2.86431
G1 X84.286 Y90.032 E2.86824
G1 X84.286 Y92.214 E2.89804
G1 X84.572 Y92.214 E2.90195
G1 X84.572 Y89.999 E2.9322
G1 X84.857 Y89.972 E2.93611
G1 X84.857 Y92.214 E2.96673
G1 X85.143 Y92.214 E2.97064
G1 X85.143 Y89.975 E3.00122
G1 X85.428 Y90 E3.00513
G1 X85.428 Y92.214 E3.03537
G1 X85.714 Y92.214 E3.03928
G1 X85.714 Y90.027 E3.06915
G1 X85.932 Y90.049 E3.07214
G1 X86 Y90.068 E3.0731
G1 X86 Y92.214 E3.10241
G1 X86.285 Y92.214 E3.1063
G1 X86.285 Y90.15 E3.13449
G1 X86.571 Y90.233 E3.13856
G1 X86.571 Y92.214 E3.16562
G1 X86.856 Y92.214 E3.16951
G1 X86.856 Y90.326 E3.1953
G1 X87.142 Y90.454 E3.19958
G1 X87.142 Y92.214 E3.22362
G1 X87.428 Y92.214 E3.22753
G1 X87.428 Y90.607 E3.24948
G1 X87.713 Y90.76 E3.2539
G1 X87.713 Y99.23 E3.36959
G1 X87.999 Y99.027 E3.37438
G1 X87.999 Y90.978 E3.48432
G1 X88.285 Y91.207 E3.48932
G1 X88.285 Y98.787 E3.59286
G1 X88.57 Y98.547 E3.59795
G1 X88.57 Y91.467 E3.69466
G1 X88.856 Y91.787 E3.70052
G1 X88.856 Y98.205 E3.78818
G1 X89.141 Y97.85 E3.7944
G1 X89.141 Y92.135 E3.87246
G1 X89.427 Y92.646 E3.88046
G1 X89.427 Y97.364 E3.9449
G1 X89.713 Y96.741 E3.95426
G1 X89.713 Y93.274 E4.00162
G1 X89.932 Y93.97 E4.01159
G1 X89.998 Y94.546 E4.01951
G1 X89.998 Y96.251 E4.0428
;LAYER_CHANGE
;Z:2.15
;HEIGHT:0.2
G1 E2.0428 F2400
G92 E0
G1 Z2.15 F7800
G1 X78.991 Y108.728
G1 E2 F2400
;TYPE:Perimeter
;WIDTH:0.475317
;HEIGHT:0.3
G1 F2248
G1 X78.093 Y108.302 E2.05094
;WIDTH:0.476999
G1 X77.51 Y107.982 E2.08517
G1 X76.581 Y107.401 E2.14156
;WIDTH:0.472519
G1 X76.179 Y107.12 E2.16653
G1 X75.37 Y106.485 E2.21888
;WIDTH:0.479025
G1 X74.653 Y105.844 E2.26862
G1 X73.922 Y105.102 E2.32249
;WIDTH:0.467971
G1 X73.695 Y104.848 E2.33964
G1 X72.813 Y103.735 E2.41113
;WIDTH:0.459179
G1 X71.875 Y102.257 E2.49733
;WIDTH:0.472363
G1 X71.193 Y100.843 E2.57721
;WIDTH:0.473857
G1 X70.827 Y99.864 E2.63059
G1 X70.658 Y99.357 E2.65788
;WIDTH:0.472987
G1 X70.392 Y98.346 E2.71116
;WIDTH:0.474243
G1 X70.181 Y97.269 E2.76726
;WIDTH:0.475075
G1 X70.068 Y96.26 E2.81927
G1 X70.016 Y95.516 E2.85747
;WIDTH:0.473551
G1 X70.019 Y94.683 E2.89998
G1 X70.056 Y93.756 E2.94733
;WIDTH:0.469659
G1 X70.29 Y92.084 E3.03267
;WIDTH:0.460009
G1 X70.33 Y91.903 E3.04182
;WIDTH:0.468083
G1 X70.684 Y90.547 E3.11239
G1 X70.797 Y90.205 E3.13053
;WIDTH:0.474451
G1 X71.235 Y89.066 E3.19294
G1 X71.442 Y88.607 E3.21869
;WIDTH:0.438413
G1 X71.458 Y88.574 E3.2204
;WIDTH:0.478481
G1 X71.937 Y87.651 E3.27411
G1 X72.246 Y87.127 E3.30553
;WIDTH:0.480185
G1 X72.784 Y86.318 E3.35592
G1 X73.257 Y85.686 E3.39686
;WIDTH:0.479945
G1 X73.769 Y85.075 E3.43818
G1 X74.425 Y84.369 E3.48813
G1 X75.03 Y83.81 E3.53082
G1 X75.748 Y83.208 E3.57938
;WIDTH:0.477469
G1 X76.269 Y82.817 E3.61294
G1 X77.193 Y82.204 E3.67007
;WIDTH:0.473035
G1 X77.599 Y81.964 E3.69411
G1 X78.746 Y81.375 E3.75983
;WIDTH:0.466279
G1 X79.011 Y81.254 E3.77443
G1 X80.394 Y80.729 E3.84858
;WIDTH:0.457189
G1 X80.492 Y80.695 E3.85366
;WIDTH:0.460641
G1 X82.201 Y80.27 E3.9407
;WIDTH:0.468099
G1 X83.584 Y80.075 E4.01103
G1 X83.947 Y80.047 E4.02936
;WIDTH:0.473385
G1 X85.169 Y80.012 E4.09172
G1 X85.707 Y80.025 E4.11917
;WIDTH:0.476927
G1 X86.735 Y80.114 E4.17226
G1 X87.346 Y80.193 E4.20396
;WIDTH:0.477453
G1 X88.291 Y80.38 E4.25359
G1 X89.066 Y80.569 E4.29469
;WIDTH:0.475619
G1 X89.81 Y80.807 E4.33476
G1 X90.73 Y81.142 E4.38498
;WIDTH:0.471421
G1 X92.214 Y81.855 E4.46856
;WIDTH:0.464857
G1 X92.674 Y82.125 E4.4952
;WIDTH:0.469305
G1 X93.555 Y82.69 E4.54806
G1 X93.988 Y83.002 E4.57501
;WIDTH:0.475175
G1 X94.796 Y83.656 E4.62827
G1 X95.207 Y84.02 E4.6564
;WIDTH:0.480671
G1 X95.804 Y84.613 E4.70009
G1 X96.384 Y85.241 E4.74448
;WIDTH:0.451209
G1 X96.458 Y85.326 E4.74992
;WIDTH:0.476889
G1 X97.401 Y86.575 E4.83044
;WIDTH:0.478647
G1 X97.948 Y87.454 E4.88393
G1 X98.337 Y88.163 E4.92572
;WIDTH:0.478181
G1 X98.674 Y88.864 E4.96586
G1 X99.047 Y89.773 E5.01657
;WIDTH:0.475733
G1 X99.245 Y90.337 E5.04724
G1 X99.565 Y91.455 E5.1069
;WIDTH:0.470955
G1 X99.659 Y91.862 E5.12808
G1 X99.883 Y93.186 E5.19617
;WIDTH:0.463851
G1 X99.912 Y93.422 E5.20802
G1 X99.997 Y94.949 E5.28422
;WIDTH:0.454839
G1 X99.997 Y95.053 E5.28928
;WIDTH:0.459311
G1 X99.899 Y96.693 E5.37021
;WIDTH:0.463403
G1 X99.675 Y98.086 E5.44043
G1 X99.623 Y98.312 E5.45197
;WIDTH:0.466953
G1 X99.275 Y99.587 E5.51833
G1 X99.172 Y99.891 E5.53445
;WIDTH:0.469967
G1 X98.723 Y101.039 E5.59681
G1 X98.551 Y101.411 E5.61754
;WIDTH:0.472447
G1 X98.023 Y102.425 E5.67573
G1 X97.767 Y102.854 E5.70116
;WIDTH:0.474387
G1 X97.184 Y103.732 E5.75506
G1 X96.855 Y104.174 E5.78324
;WIDTH:0.476013
G1 X96.211 Y104.95 E5.83501
G1 X95.829 Y105.369 E5.86412
;WIDTH:0.473859
G1 X94.968 Y106.196 E5.92509
G1 X94.574 Y106.534 E5.9516
;WIDTH:0.438841
G1 X94.547 Y106.556 E5.95323
;WIDTH:0.475061
G1 X93.75 Y107.171 E6.0048
G1 X93.313 Y107.473 E6.03201
;WIDTH:0.476257
G1 X92.444 Y108.01 E6.08449
G1 X91.899 Y108.307 E6.11637
;WIDTH:0.476983
G1 X91.008 Y108.731 E6.16715
G1 E4.16715 F2400
G92 E0
G1 X79.389 Y108.471 F7800
G1 E2 F2400
;WIDTH:0.45
G1 F2248
G1 X79.389 Y109.309 E2.0403
G1 X78.756 Y109.064 E2.07295
G1 X77.31 Y108.328 E2.15099
G1 X75.947 Y107.442 E2.22918
G1 X75.119 Y106.785 E2.28002
G1 X74.376 Y106.133 E2.32756
G1 X73.396 Y105.106 E2.39584
G1 X72.396 Y103.827 E2.47393
G1 X71.536 Y102.448 E2.5521
G1 X71.06 Y101.499 E2.60316
G1 X70.829 Y100.995 E2.62983
G1 X70.452 Y99.996 E2.68119
G1 X70.278 Y99.47 E2.70784
G1 X70.006 Y98.438 E2.75917
G1 X69.891 Y97.896 E2.78582
G1 X69.726 Y96.842 E2.83713
G1 X69.671 Y96.29 E2.86381
G1 X69.616 Y95.224 E2.91515
G1 X69.622 Y94.67 E2.9418
G1 X69.677 Y93.605 E2.99309
G1 X69.743 Y93.054 E3.01978
G1 X69.907 Y92.005 E3.07085
G1 X70.307 Y90.43 E3.14901
G1 X70.869 Y88.909 E3.227
G1 X71.588 Y87.455 E3.30502
G1 X72.457 Y86.085 E3.38305
G1 X73.467 Y84.811 E3.46124
G1 X74.152 Y84.097 E3.50883
G1 X74.766 Y83.508 E3.54975
G1 X76.036 Y82.492 E3.62797
G1 X77.402 Y81.618 E3.70597
G1 X78.853 Y80.893 E3.78398
G1 X80.372 Y80.324 E3.862
G1 X81.943 Y79.919 E3.94003
G1 X83.547 Y79.681 E4.01802
G1 X85.171 Y79.614 E4.0962
G1 X86.231 Y79.669 E4.14725
G1 X86.783 Y79.717 E4.1739
G1 X87.838 Y79.882 E4.22526
G1 X88.381 Y79.991 E4.2519
G1 X89.413 Y80.263 E4.30323
G1 X89.941 Y80.431 E4.32988
G1 X90.939 Y80.808 E4.38119
G1 X91.446 Y81.033 E4.40787
G1 X92.4 Y81.511 E4.45919
G1 X92.879 Y81.79 E4.48585
G1 X93.779 Y82.364 E4.53719
G1 X95.058 Y83.355 E4.61501
G1 X96.092 Y84.333 E4.68346
G1 X96.748 Y85.071 E4.73095
G1 X97.41 Y85.904 E4.78213
G1 X97.724 Y86.36 E4.80876
G1 X98.295 Y87.255 E4.85982
G1 X99.039 Y88.7 E4.93799
G1 X99.624 Y90.213 E5.01601
G1 X100.047 Y91.779 E5.09403
G1 X100.303 Y93.38 E5.17201
G1 X100.387 Y95.021 E5.25104
G1 X100.306 Y96.592 E5.3267
G1 X100.059 Y98.167 E5.40338
G1 X99.651 Y99.708 E5.48005
G1 X99.085 Y101.198 E5.55671
G1 X98.368 Y102.622 E5.63339
G1 X97.508 Y103.964 E5.71005
G1 X96.511 Y105.213 E5.78691
G1 X95.845 Y105.906 E5.83314
G1 X95.231 Y106.495 E5.87406
G1 X93.983 Y107.494 E5.95095
G1 X92.642 Y108.357 E6.02765
G1 X91.219 Y109.076 E6.10433
G1 X90.611 Y109.31 E6.13566
G1 X90.611 Y108.473 E6.17592
G1 X91.707 Y107.979 E6.23374
G1 X93.087 Y107.168 E6.31073
G1 X94.32 Y106.251 E6.38464
G1 X95.539 Y105.118 E6.46468
G1 X95.91 Y104.689 E6.49196
G1 X96.583 Y103.905 E6.54166
G1 X97.487 Y102.584 E6.61865
G1 X98.242 Y101.173 E6.69562
G1 X98.817 Y99.748 E6.76953
G1 X99.267 Y98.146 E6.84956
G1 X99.526 Y96.567 E6.92652
G1 X99.61 Y95.032 E7.00046
G1 X99.505 Y93.254 E7.08612
G1 X99.2 Y91.565 E7.16867
G1 X98.864 Y90.452 E7.22459
G1 X98.7 Y89.925 E7.25114
G1 X98.01 Y88.354 E7.33367
G1 X97.142 Y86.874 E7.41619
G1 X96.149 Y85.559 E7.49544
G1 X94.916 Y84.271 E7.5812
G1 X93.59 Y83.182 E7.66373
G1 X92.462 Y82.456 E7.72825
G1 X92.146 Y82.257 E7.74621
G1 X90.602 Y81.507 E7.82877
G1 X88.982 Y80.943 E7.91127
G1 X88.204 Y80.77 E7.9496
G1 X87.307 Y80.574 E7.99376
G1 X85.6 Y80.403 E8.07627
G1 X83.885 Y80.433 E8.15877
G1 X82.252 Y80.651 E8.23801
G1 X80.529 Y81.091 E8.32354
G1 X78.924 Y81.713 E8.40633
G1 X77.784 Y82.315 E8.46834
G1 X77.409 Y82.517 E8.48883
G1 X75.998 Y83.493 E8.57135
G1 X74.711 Y84.628 E8.65388
G1 X74.067 Y85.343 E8.70016
G1 X73.566 Y85.905 E8.73637
G1 X72.579 Y87.308 E8.81887
G1 X71.763 Y88.817 E8.90138
G1 X71.151 Y90.347 E8.98064
G1 X70.701 Y92.003 E9.06318
G1 X70.442 Y93.767 E9.14893
G1 X70.416 Y94.694 E9.19353
G1 X70.398 Y95.482 E9.23144
G1 X70.555 Y97.19 E9.31394
G1 X70.912 Y98.868 E9.39645
G1 X71.204 Y99.737 E9.44054
G1 X71.462 Y100.493 E9.47896
G1 X72.2 Y102.042 E9.56149
G1 X73.113 Y103.494 E9.64398
G1 X74.002 Y104.601 E9.71227
G1 X74.191 Y104.829 E9.72651
G1 X75.418 Y106.028 E9.80902
G1 X76.777 Y107.076 E9.89156
G1 X78.249 Y107.956 E9.97404
G1 X79.335 Y108.446 E10.03134
G1 X79.775 Y108.222 F7800
;TYPE:External perimeter
G1 F1800
G1 X79.775 Y109.871 E10.11065
G1 X78.599 Y109.417 E10.17128
G1 X77.117 Y108.663 E10.25125
G1 X75.722 Y107.756 E10.33128
G1 X74.872 Y107.081 E10.38348
G1 X74.109 Y106.412 E10.43229
G1 X73.104 Y105.359 E10.5023
G1 X72.08 Y104.048 E10.58231
G1 X71.199 Y102.636 E10.66236
G1 X70.712 Y101.665 E10.71461
G1 X70.473 Y101.143 E10.74222
G1 X70.089 Y100.125 E10.79455
G1 X69.908 Y99.58 E10.82217
G1 X69.631 Y98.528 E10.87449
G1 X69.511 Y97.966 E10.90213
G1 X69.343 Y96.891 E10.95446
G1 X69.286 Y96.319 E10.98211
G1 X69.23 Y95.232 E11.03446
G1 X69.236 Y94.658 E11.06207
G1 X69.293 Y93.571 E11.11442
G1 X69.361 Y93.002 E11.14198
G1 X69.529 Y91.928 E11.19426
G1 X69.938 Y90.315 E11.27429
G1 X70.514 Y88.756 E11.35423
G1 X71.252 Y87.266 E11.4342
G1 X72.142 Y85.861 E11.51419
G1 X73.176 Y84.558 E11.59419
G1 X73.879 Y83.824 E11.64307
G1 X74.511 Y83.218 E11.68518
G1 X75.811 Y82.178 E11.76525
G1 X77.212 Y81.282 E11.84524
G1 X78.699 Y80.539 E11.92519
G1 X80.256 Y79.956 E12.00515
G1 X81.866 Y79.54 E12.08513
G1 X83.511 Y79.297 E12.16511
G1 X85.173 Y79.228 E12.24512
G1 X86.258 Y79.284 E12.29737
G1 X86.83 Y79.334 E12.32499
G1 X87.905 Y79.502 E12.37732
G1 X88.468 Y79.615 E12.40494
G1 X89.521 Y79.893 E12.45732
G1 X90.068 Y80.066 E12.48491
G1 X91.086 Y80.451 E12.53726
G1 X91.611 Y80.684 E12.56489
G1 X92.584 Y81.172 E12.61724
G1 X93.08 Y81.46 E12.64483
G1 X93.997 Y82.046 E12.69717
G1 X94.459 Y82.387 E12.72479
G1 X95.31 Y83.063 E12.77706
G1 X96.369 Y84.064 E12.84715
G1 X97.044 Y84.823 E12.896
G1 X97.72 Y85.674 E12.94827
G1 X98.046 Y86.147 E12.9759
G1 X98.63 Y87.062 E13.02811
G1 X99.391 Y88.542 E13.10815
G1 X99.991 Y90.093 E13.18813
G1 X100.425 Y91.698 E13.2681
G1 X100.687 Y93.34 E13.34807
G1 X100.773 Y95.041 E13.42999
G1 X100.69 Y96.632 E13.50662
G1 X100.437 Y98.246 E13.5852
G1 X100.018 Y99.826 E13.66382
G1 X99.439 Y101.354 E13.74241
G1 X98.704 Y102.813 E13.82098
G1 X97.822 Y104.189 E13.89959
G1 X96.802 Y105.467 E13.97823
G1 X96.118 Y106.179 E14.02572
G1 X95.485 Y106.785 E14.06787
G1 X94.208 Y107.808 E14.14657
G1 X92.834 Y108.692 E14.22515
G1 X91.375 Y109.429 E14.30377
G1 X90.225 Y109.871 E14.36303
G1 X90.225 Y108.223 E14.44229
G1 X91.512 Y107.646 E14.51013
G1 X92.857 Y106.858 E14.5851
G1 X94.09 Y105.941 E14.65901
G1 X95.247 Y104.866 E14.73497
G1 X96.265 Y103.686 E14.80993
G1 X97.136 Y102.42 E14.88384
G1 X97.875 Y101.048 E14.95879
G1 X98.459 Y99.603 E15.03375
G1 X98.882 Y98.103 E15.10871
G1 X99.138 Y96.566 E15.18365
G1 X99.225 Y94.99 E15.25957
G1 X99.126 Y93.325 E15.33979
G1 X98.89 Y91.999 E15.40457
G1 X98.831 Y91.677 E15.42031
G1 X98.346 Y90.079 E15.50063
G1 X97.677 Y88.548 E15.58099
G1 X96.834 Y87.107 E15.66129
G1 X95.827 Y85.774 E15.74164
G1 X94.671 Y84.568 E15.82199
G1 X93.381 Y83.507 E15.90232
G1 X91.976 Y82.603 E15.98267
G1 X90.475 Y81.871 E16.06299
G1 X88.898 Y81.32 E16.14333
G1 X88.12 Y81.146 E16.18167
G1 X87.268 Y80.957 E16.22364
G1 X85.606 Y80.788 E16.30399
G1 X83.936 Y80.815 E16.38432
G1 X82.28 Y81.038 E16.46469
G1 X80.664 Y81.452 E16.54492
G1 X79.104 Y82.055 E16.62536
G1 X77.628 Y82.835 E16.70565
G1 X76.252 Y83.783 E16.78602
G1 X74.998 Y84.886 E16.86634
G1 X73.881 Y86.128 E16.94668
G1 X72.918 Y87.492 E17.02699
G1 X72.131 Y88.94 E17.10626
G1 X71.509 Y90.49 E17.18659
G1 X71.073 Y92.103 E17.26695
G1 X70.828 Y93.778 E17.34837
G1 X70.802 Y94.705 E17.39297
G1 X70.782 Y95.448 E17.42872
G1 X70.933 Y97.111 E17.50903
G1 X71.277 Y98.746 E17.58939
G1 X71.811 Y100.328 E17.6697
G1 X72.526 Y101.838 E17.75006
G1 X73.374 Y103.191 E17.82686
G1 X74.461 Y104.554 E17.91071
G1 X75.654 Y105.723 E17.99104
G1 X76.975 Y106.745 E18.07137
G1 X78.407 Y107.605 E18.15171
G1 X79.72 Y108.197 E18.22098
G1 X79.771 Y108.594 F7800
M106 S204
;LAYER_CHANGE
;Z:2.45
;HEIGHT:0.3
G1 E16.22098 F2400
G92 E0
G1 Z2.45 F7800
G1 X79.016 Y95
G1 E2 F2400
;TYPE:Overhang perimeter
;WIDTH:0.4
;HEIGHT:0.4
M106 S255
G1 F1800
G1 X79.105 Y93.924 E2.05641
G1 X79.447 Y92.738 E2.1209
G1 X79.846 Y91.974 E2.16593
G1 X80.071 Y91.593 E2.18905
G1 X80.696 Y90.83 E2.24058
G1 X81.593 Y90.071 E2.30197
G1 X82.62 Y89.501 E2.36334
G1 X83.738 Y89.142 E2.42469
G1 X84.957 Y89.005 E2.48878
G1 X86.076 Y89.105 E2.54748
G1 X87.32 Y89.471 E2.61523
G1 X88.407 Y90.071 E2.6801
G1 X89.17 Y90.696 E2.73163
G1 X89.929 Y91.593 E2.79302
G1 X90.499 Y92.62 E2.85439
G1 X90.858 Y93.738 E2.91574
G1 X90.992 Y94.906 E2.97716
G1 X90.877 Y96.189 E3.04446
G1 X90.499 Y97.38 E3.10974
G1 X90.034 Y98.25 E3.16128
G1 X89.31 Y99.162 E3.22212
G1 X88.407 Y99.929 E3.28402
G1 X87.38 Y100.499 E3.34539
G1 X86.262 Y100.858 E3.40674
G1 X85.094 Y100.992 E3.46816
G1 X83.805 Y100.876 E3.53578
G1 X83.052 Y100.65 E3.57685
G1 X82.62 Y100.499 E3.60076
G1 X81.75 Y100.034 E3.6523
G1 X81.036 Y99.473 E3.69974
G1 X80.696 Y99.17 E3.72353
G1 X80.071 Y98.407 E3.77506
G1 X79.501 Y97.38 E3.83643
G1 X79.142 Y96.262 E3.89778
G1 X79.008 Y95.094 E3.9592
G1 X79.011 Y95.06 E3.96098
M106 S204
G1 X79.393 Y95 F7800
M106 S255
G1 F1800
G1 X79.489 Y93.962 E4.01544
G1 X79.809 Y92.873 E4.07474
G1 X80.369 Y91.837 E4.13627
G1 X80.994 Y91.075 E4.18776
G1 X81.837 Y90.369 E4.24521
G1 X82.802 Y89.841 E4.30268
G1 X83.85 Y89.511 E4.36008
G1 X84.974 Y89.39 E4.41914
G1 X86.038 Y89.489 E4.47497
G1 X87.198 Y89.841 E4.5383
G1 X88.068 Y90.306 E4.58984
G1 X88.823 Y90.911 E4.64039
G1 X89.156 Y91.258 E4.66552
G1 X89.631 Y91.837 E4.70465
G1 X90.159 Y92.802 E4.76212
G1 X90.489 Y93.85 E4.81952
G1 X90.608 Y94.943 E4.87696
G1 X90.501 Y96.106 E4.93798
G1 X90.159 Y97.198 E4.99776
G1 X89.694 Y98.068 E5.0493
G1 X89.012 Y98.917 E5.10619
G1 X88.163 Y99.631 E5.16415
G1 X87.198 Y100.159 E5.22162
G1 X86.15 Y100.489 E5.27902
G1 X85.057 Y100.608 E5.33646
G1 X83.868 Y100.494 E5.39886
G1 X82.802 Y100.159 E5.45724
G1 X81.932 Y99.694 E5.50878
G1 X81.281 Y99.175 E5.55228
G1 X80.902 Y98.813 E5.57966
G1 X80.369 Y98.163 E5.62358
G1 X79.841 Y97.198 E5.68105
G1 X79.511 Y96.15 E5.73845
G1 X79.393 Y95.06 E5.79573
M106 S204
G1 X79.775 Y95 F7800
M106 S255
G1 F1800
G1 X79.775 Y94.998 E5.79583
G1 X79.872 Y93.999 E5.84827
G1 X80.17 Y93.007 E5.90238
G1 X80.667 Y92.082 E5.95724
G1 X81.293 Y91.319 E6.0088
G1 X82.082 Y90.667 E6.06227
G1 X82.983 Y90.181 E6.11575
G1 X83.962 Y89.88 E6.16926
G1 X85.004 Y89.775 E6.22397
G1 X86.038 Y89.88 E6.27827
G1 X86.982 Y90.166 E6.3298
G1 X87.918 Y90.667 E6.38527
G1 X88.681 Y91.293 E6.43683
G1 X89.333 Y92.082 E6.4903
G1 X89.819 Y92.983 E6.54378
G1 X90.12 Y93.962 E6.59729
G1 X90.224 Y94.981 E6.6508
G1 X90.12 Y96.038 E6.70629
G1 X89.834 Y96.982 E6.75782
G1 X89.333 Y97.918 E6.81329
G1 X88.707 Y98.681 E6.86485
G1 X87.918 Y99.333 E6.91832
G1 X87.017 Y99.819 E6.9718
G1 X86.038 Y100.12 E7.02531
G1 X85.019 Y100.224 E7.07882
G1 X83.962 Y100.12 E7.13431
G1 X83.018 Y99.834 E7.18584
G1 X82.082 Y99.333 E7.24131
G1 X81.319 Y98.707 E7.29287
G1 X80.667 Y97.918 E7.34634
G1 X80.181 Y97.017 E7.39982
G1 X79.88 Y96.038 E7.45333
G1 X79.781 Y95.06 E7.50469
M106 S204
G1 X79.809 Y94.661 F7800
G1 E5.50469 F2400
G92 E0
G1 X80.345 Y109.262 F7800
G1 E2 F2400
M106 S255
G1 F3600
G1 X80.2 Y109.206 E2.00812
M106 S204
;TYPE:Perimeter
;WIDTH:0.45
;HEIGHT:0.3
G1 X78.931 Y108.72 E2.07348
G1 X77.536 Y108.014 E2.14868
G1 X76.208 Y107.155 E2.22475
G1 X75.275 Y106.414 E2.28205
G1 X74.636 Y105.848 E2.32311
G1 X73.707 Y104.876 E2.38778
G1 X72.734 Y103.637 E2.46355
G1 X71.899 Y102.306 E2.53912
G1 X71.205 Y100.891 E2.61492
G1 X70.669 Y99.43 E2.68977
G1 X70.285 Y97.908 E2.76527
G1 X70.176 Y97.212 E2.79915
G1 X70.063 Y96.355 E2.84073
G1 X70.019 Y95.514 E2.88123
G1 X70.004 Y94.787 E2.9162
G1 X70.066 Y93.59 E2.97385
G1 X70.296 Y92.031 E3.04964
G1 X70.686 Y90.509 E3.12521
G1 X71.234 Y89.037 E3.20076
G1 X71.933 Y87.629 E3.27637
G1 X72.776 Y86.303 E3.35194
G1 X73.757 Y85.066 E3.42787
G1 X74.346 Y84.446 E3.469
G1 X75.036 Y83.784 E3.51499
G1 X76.27 Y82.8 E3.5909
G1 X77.593 Y81.953 E3.66646
G1 X78.999 Y81.25 E3.74207
G1 X80.47 Y80.698 E3.81764
G1 X81.991 Y80.303 E3.89322
G1 X83.544 Y80.069 E3.96876
G1 X85.118 Y79.999 E4.04454
G1 X85.768 Y80.033 E4.07585
G1 X86.674 Y80.093 E4.11952
G1 X88.222 Y80.35 E4.19499
G1 X89.735 Y80.767 E4.27047
G1 X90.983 Y81.247 E4.33478
G1 X91.521 Y81.504 E4.36346
G1 X92.589 Y82.064 E4.42146
G1 X93.599 Y82.709 E4.4791
G1 X94.85 Y83.685 E4.55541
G1 X95.416 Y84.208 E4.59248
G1 X95.812 Y84.598 E4.61921
G1 X96.389 Y85.243 E4.66083
G1 X97.129 Y86.174 E4.71803
G1 X97.989 Y87.495 E4.79384
G1 X98.703 Y88.895 E4.86943
G1 X99.267 Y90.361 E4.94498
G1 X99.674 Y91.879 E5.02057
G1 X99.92 Y93.431 E5.09615
G1 X99.975 Y94.478 E5.14658
G1 X99.99 Y95.235 E5.183
G1 X99.922 Y96.55 E5.24633
G1 X99.682 Y98.084 E5.32101
G1 X99.285 Y99.585 E5.39569
G1 X98.735 Y101.036 E5.47032
G1 X98.037 Y102.423 E5.545
G1 X97.2 Y103.731 E5.61969
G1 X96.322 Y104.833 E5.68746
G1 X95.913 Y105.294 E5.7171
G1 X95.374 Y105.834 E5.7538
G1 X94.97 Y106.212 E5.78041
G1 X93.744 Y107.191 E5.85587
G1 X92.437 Y108.029 E5.93054
G1 X91.05 Y108.728 E6.00524
G1 X89.8 Y109.206 E6.06961
;TYPE:Overhang perimeter
;WIDTH:0.4
;HEIGHT:0.4
M106 S255
G1 X89.655 Y109.262 E6.07773
G1 X88.131 Y109.672 E6.16018
G1 X86.574 Y109.92 E6.24255
G1 X85 Y110.002 E6.32489
G1 X83.426 Y109.92 E6.40723
G1 X81.869 Y109.672 E6.4896
G1 X80.403 Y109.278 E6.56891
M106 S204
G1 X80.226 Y109.626 F7800
M106 S255
G1 F3600
G1 X80.2 Y109.619 E6.57032
M106 S204
;TYPE:Perimeter
;WIDTH:0.45
;HEIGHT:0.3
G1 X78.775 Y109.073 E6.64372
G1 X77.342 Y108.347 E6.72098
G1 X75.983 Y107.468 E6.79882
G1 X75.027 Y106.71 E6.8575
G1 X74.369 Y106.126 E6.89981
G1 X73.415 Y105.129 E6.96618
G1 X72.419 Y103.859 E7.04381
G1 X71.561 Y102.494 E7.12135
G1 X70.85 Y101.044 E7.19902
G1 X70.299 Y99.54 E7.27606
G1 X69.906 Y97.978 E7.35353
G1 X69.737 Y96.895 E7.40625
G1 X69.678 Y96.384 E7.43099
G1 X69.622 Y95.305 E7.48296
G1 X69.618 Y94.775 E7.50845
G1 X69.682 Y93.552 E7.56735
G1 X69.917 Y91.955 E7.64499
G1 X70.318 Y90.394 E7.72251
G1 X70.88 Y88.883 E7.80005
G1 X71.597 Y87.44 E7.87755
G1 X72.461 Y86.079 E7.95509
G1 X73.466 Y84.813 E8.03283
G1 X74.073 Y84.174 E8.07522
G1 X74.782 Y83.494 E8.12247
G1 X76.045 Y82.486 E8.20019
G1 X77.403 Y81.618 E8.27771
G1 X78.844 Y80.896 E8.35523
G1 X80.353 Y80.33 E8.43275
G1 X81.913 Y79.925 E8.51027
G1 X83.507 Y79.685 E8.5878
G1 X85.12 Y79.613 E8.66546
G1 X85.788 Y79.648 E8.69763
G1 X86.721 Y79.71 E8.7426
G1 X88.309 Y79.974 E8.82003
G1 X89.862 Y80.403 E8.89752
G1 X90.887 Y80.791 E8.95023
G1 X91.361 Y80.992 E8.97499
G1 X92.325 Y81.476 E9.02687
G1 X92.789 Y81.735 E9.05243
G1 X93.822 Y82.393 E9.11134
G1 X95.1 Y83.391 E9.18933
G1 X95.678 Y83.924 E9.22715
G1 X96.092 Y84.333 E9.25514
G1 X96.684 Y84.994 E9.29782
G1 X97.442 Y85.948 E9.35642
G1 X98.323 Y87.302 E9.43411
G1 X99.055 Y88.737 E9.51159
G1 X99.634 Y90.242 E9.58915
G1 X100.052 Y91.799 E9.66669
G1 X100.304 Y93.39 E9.74417
G1 X100.375 Y94.746 E9.80948
G1 X100.375 Y95.255 E9.83396
G1 X100.306 Y96.59 E9.89825
G1 X100.06 Y98.163 E9.97483
G1 X99.652 Y99.703 E10.05145
G1 X99.088 Y101.192 E10.12803
G1 X98.373 Y102.614 E10.20458
G1 X97.514 Y103.955 E10.28118
G1 X96.624 Y105.073 E10.34991
G1 X96.192 Y105.56 E10.38122
G1 X95.647 Y106.107 E10.41836
G1 X95.221 Y106.505 E10.4464
G1 X93.969 Y107.505 E10.52347
G1 X92.628 Y108.365 E10.60009
G1 X91.206 Y109.082 E10.67669
G1 X89.8 Y109.619 E10.74908
;TYPE:Overhang perimeter
;WIDTH:0.4
;HEIGHT:0.4
M106 S255
G1 X88.212 Y110.05 E10.83505
G1 X86.615 Y110.304 E10.91953
G1 X85 Y110.389 E11.00402
G1 X83.385 Y110.304 E11.08851
G1 X81.788 Y110.05 E11.17299
G1 X80.284 Y109.642 E11.25441
M106 S204
G1 X80.11 Y109.988 F7800
;TYPE:External perimeter
;WIDTH:0.45
;HEIGHT:0.3
G1 F1800
G1 X78.619 Y109.426 E11.33105
G1 X78.135 Y109.184 E11.35708
G1 X77.147 Y108.68 E11.41043
G1 X75.757 Y107.782 E11.49002
G1 X74.779 Y107.005 E11.5501
G1 X74.101 Y106.404 E11.59368
G1 X73.124 Y105.382 E11.66168
G1 X72.103 Y104.081 E11.74122
G1 X71.224 Y102.682 E11.82069
G1 X70.496 Y101.198 E11.90019
G1 X70.094 Y100.132 E11.95499
G1 X69.929 Y99.65 E11.97949
G1 X69.642 Y98.562 E12.03361
G1 X69.526 Y98.048 E12.05895
G1 X69.356 Y96.954 E12.1122
G1 X69.293 Y96.413 E12.1384
G1 X69.237 Y95.325 E12.1908
G1 X69.233 Y94.763 E12.21783
G1 X69.297 Y93.514 E12.27798
G1 X69.539 Y91.878 E12.35752
G1 X69.949 Y90.278 E12.43696
G1 X70.526 Y88.73 E12.51642
G1 X71.261 Y87.25 E12.5959
G1 X72.146 Y85.855 E12.67536
G1 X73.175 Y84.56 E12.75491
G1 X73.799 Y83.902 E12.79853
G1 X74.527 Y83.203 E12.84707
G1 X75.82 Y82.172 E12.92661
G1 X77.212 Y81.282 E13.00608
G1 X78.69 Y80.542 E13.08558
G1 X80.237 Y79.962 E13.16504
G1 X81.836 Y79.546 E13.24451
G1 X83.47 Y79.301 E13.32398
G1 X85.121 Y79.227 E13.40347
G1 X85.808 Y79.263 E13.43656
G1 X86.767 Y79.327 E13.48279
G1 X88.397 Y79.598 E13.56226
G1 X89.483 Y79.885 E13.61629
G1 X89.988 Y80.039 E13.64168
G1 X91.023 Y80.43 E13.69489
G1 X91.525 Y80.643 E13.72112
G1 X92.498 Y81.131 E13.77347
G1 X92.99 Y81.405 E13.80056
G1 X94.044 Y82.078 E13.86071
G1 X95.35 Y83.097 E13.94038
G1 X96.018 Y83.713 E13.98408
G1 X96.372 Y84.068 E14.00819
G1 X96.979 Y84.745 E14.05192
G1 X97.756 Y85.723 E14.112
G1 X98.657 Y87.109 E14.19151
G1 X99.408 Y88.58 E14.27095
G1 X100.001 Y90.122 E14.35041
G1 X100.429 Y91.718 E14.42988
G1 X100.688 Y93.35 E14.50936
G1 X100.76 Y94.726 E14.57563
G1 X100.76 Y95.275 E14.60203
G1 X100.69 Y96.63 E14.66729
G1 X100.438 Y98.243 E14.74581
G1 X100.02 Y99.821 E14.82432
G1 X99.442 Y101.347 E14.9028
G1 X98.708 Y102.805 E14.98131
G1 X97.828 Y104.18 E15.05983
G1 X96.925 Y105.313 E15.12951
G1 X96.47 Y105.827 E15.16253
G1 X95.92 Y106.379 E15.20001
G1 X95.472 Y106.797 E15.22948
G1 X94.194 Y107.818 E15.30815
G1 X92.82 Y108.7 E15.38668
G1 X91.362 Y109.435 E15.46521
G1 X89.8 Y110.022 E15.54547
;TYPE:Overhang perimeter
;WIDTH:0.4
;HEIGHT:0.4
M106 S255
G1 F3600
G1 X88.292 Y110.427 E15.62705
G1 X86.655 Y110.688 E15.71366
G1 X85 Y110.775 E15.80024
G1 X83.345 Y110.688 E15.88682
G1 X81.708 Y110.427 E15.97343
G1 X80.2 Y110.022 E16.05501
M106 S204
;TYPE:External perimeter
;WIDTH:0.45
;HEIGHT:0.3
G1 F1800
G1 X80.166 Y110.009 E16.05676
G1 X79.791 Y109.868 F7800
G1 X81.713 Y109.507
;TYPE:Bridge infill
;WIDTH:0.401138
;HEIGHT:0.4
M106 S255
G1 F3600
G1 X85.006 Y109.68 E16.23002
G1 X86.541 Y109.599 E16.31079
G1 X87.912 Y109.381 E16.38373
G1 X80.595 Y108.996 E16.76872
G1 X80.445 Y108.956 E16.77688
G1 X79.177 Y108.47 E16.84823
G1 X89.368 Y109.006 E17.38443
G1 X89.556 Y108.956 E17.39465
G1 X90.455 Y108.612 E17.44523
G1 X78.15 Y107.964 E18.09266
G1 X77.697 Y107.735 E18.11933
G1 X77.282 Y107.467 E18.14529
G1 X91.368 Y108.208 E18.88643
G1 X92.18 Y107.799 E18.9342
G1 X76.521 Y106.975 E19.7581
G1 X75.887 Y106.49 E19.80004
G1 X92.85 Y107.382 E20.69255
G1 X93.501 Y106.965 E20.73317
G1 X75.3 Y106.007 E21.69082
G1 X74.775 Y105.528 E21.72816
G1 X94.041 Y106.542 E22.74185
G1 X94.572 Y106.118 E22.77755
G1 X74.32 Y105.052 E23.84312
G1 X73.881 Y104.577 E23.8771
G1 X95.06 Y105.692 E24.99144
G1 X95.479 Y105.262 E25.02299
G1 X73.511 Y104.106 E26.17884
G1 X73.141 Y103.635 E26.21031
G1 X95.897 Y104.832 E27.40762
G1 X96.256 Y104.399 E27.43717
G1 X72.818 Y103.166 E28.67037
G1 X72.525 Y102.699 E28.69934
G1 X96.602 Y103.966 E29.96616
G1 X96.946 Y103.532 E29.99526
G1 X72.231 Y102.232 E31.29565
G1 X71.992 Y101.767 E31.32312
G1 X97.225 Y103.095 E32.65076
G1 X97.505 Y102.658 E32.67803
G1 X71.765 Y101.303 E34.03235
G1 X71.538 Y100.84 E34.05944
G1 X97.779 Y102.221 E35.44012
G1 X98.001 Y101.781 E35.46601
G1 X86.341 Y101.167 E36.07951
G1 X86.263 Y101.191 E36.0838
G1 X85 Y101.318 E36.1505
G1 X83.737 Y101.191 E36.2172
G1 X83.097 Y100.996 E36.25235
G1 X71.359 Y100.379 E36.86995
G1 X71.19 Y99.918 E36.89575
G1 X81.919 Y100.483 E37.46026
G1 X81.504 Y100.263 E37.48494
G1 X81.174 Y99.992 E37.50738
G1 X71.021 Y99.457 E38.04159
G1 X70.887 Y98.998 E38.06671
G1 X80.587 Y99.509 E38.57708
G1 X80.514 Y99.449 E38.58204
G1 X80.178 Y99.036 E38.61001
G1 X70.766 Y98.54 E39.10523
G1 X70.651 Y98.083 E39.12999
G1 X79.794 Y98.564 E39.61105
G1 X79.728 Y98.483 E39.61654
G1 X79.523 Y98.098 E39.63946
G1 X70.566 Y97.626 E40.11074
G1 X70.495 Y97.171 E40.13494
G1 X79.275 Y97.633 E40.5969
G1 X79.17 Y97.436 E40.60863
G1 X79.089 Y97.171 E40.62319
G1 X70.424 Y96.715 E41.0791
G1 X70.38 Y96.261 E41.10307
G1 X78.949 Y96.712 E41.55393
G1 X78.808 Y96.253 E41.57916
G1 X70.356 Y95.808 E42.02387
G1 X70.333 Y95.355 E42.0477
G1 X78.761 Y95.799 E42.49114
G1 X78.715 Y95.345 E42.51512
G1 X70.324 Y94.903 E42.95662
G1 X70.343 Y94.452 E42.98034
G1 X78.693 Y94.892 E43.41968
G1 X78.737 Y94.442 E43.44344
G1 X70.366 Y94.002 E43.88388
G1 X70.396 Y93.552 E43.90758
G1 X78.782 Y93.993 E44.34881
G1 X78.804 Y93.76 E44.36111
G1 X78.87 Y93.546 E44.37288
G1 X70.462 Y93.103 E44.81527
G1 X70.529 Y92.655 E44.83907
G1 X79.007 Y93.101 E45.28514
G1 X79.144 Y92.657 E45.30955
G1 X70.595 Y92.207 E45.75936
G1 X70.697 Y91.76 E45.78345
G1 X79.355 Y92.216 E46.23899
G1 X79.59 Y91.777 E46.26515
G1 X70.812 Y91.315 E46.72701
G1 X70.926 Y90.869 E46.7512
G1 X79.872 Y91.34 E47.2219
G1 X80.226 Y90.906 E47.25133
G1 X71.061 Y90.424 E47.73355
G1 X71.226 Y89.981 E47.75839
G1 X80.605 Y90.475 E48.25187
G1 X81.123 Y90.05 E48.28708
G1 X71.391 Y89.538 E48.79913
G1 X71.564 Y89.095 E48.82412
G1 X81.705 Y89.629 E49.35769
G1 X82.472 Y89.218 E49.40341
G1 X71.562 Y88.643 E49.97745
M106 S204
G1 E47.97745 F2400
G92 E0
G1 X87.015 Y100.751 F7800
G1 E2 F2400
M106 S255
G1 F3600
G1 X98.222 Y101.34 E2.58966
G1 X98.442 Y100.9 E2.61551
G1 X88.301 Y100.367 E3.14908
G1 X88.492 Y100.266 E3.16043
G1 X88.883 Y99.946 E3.18698
G1 X98.61 Y100.457 E3.69877
G1 X98.778 Y100.014 E3.72366
G1 X89.403 Y99.521 E4.21693
G1 X89.469 Y99.467 E4.22141
G1 X89.778 Y99.089 E4.24706
G1 X98.946 Y99.571 E4.72944
G1 X99.074 Y99.126 E4.75377
G1 X90.131 Y98.656 E5.22431
G1 X90.266 Y98.491 E5.23551
G1 X90.41 Y98.219 E5.25168
G1 X99.192 Y98.681 E5.71375
G1 X99.309 Y98.235 E5.73798
G1 X90.642 Y97.779 E6.194
G1 X90.864 Y97.339 E6.21989
G1 X99.403 Y97.788 E6.66917
G1 X99.473 Y97.34 E6.69299
G1 X90.999 Y96.894 E7.13885
G1 X91.133 Y96.45 E7.16322
G1 X99.543 Y96.892 E7.60571
G1 X99.602 Y96.517 E7.62566
G1 X99.606 Y96.444 E7.6295
G1 X91.218 Y96.002 E8.07084
G1 X91.263 Y95.553 E8.09455
G1 X99.629 Y95.993 E8.53473
G1 X99.652 Y95.543 E8.55841
G1 X91.308 Y95.104 E8.99743
G1 X91.318 Y95 E9.00292
G1 X91.283 Y94.651 E9.02135
G1 X99.676 Y95.092 E9.46295
G1 X99.681 Y95 E9.46779
G1 X99.662 Y94.64 E9.48673
G1 X91.237 Y94.196 E9.93002
G1 X91.191 Y93.742 E9.954
G1 X99.638 Y94.187 E10.39844
G1 X99.614 Y93.734 E10.42228
G1 X91.053 Y93.283 E10.87272
G1 X90.914 Y92.824 E10.89792
G1 X99.571 Y93.28 E11.35341
G1 X99.498 Y92.824 E11.37767
G1 X90.717 Y92.362 E11.83968
G1 X90.471 Y91.897 E11.86732
G1 X99.426 Y92.369 E12.33849
G1 X99.35 Y91.913 E12.36278
G1 X90.204 Y91.432 E12.844
G1 X89.818 Y90.959 E12.87608
G1 X99.227 Y91.455 E13.37114
G1 X99.104 Y90.996 E13.39611
G1 X89.412 Y90.486 E13.90606
G1 X88.821 Y90.003 E13.94616
G1 X98.981 Y90.538 E14.48073
G1 X98.813 Y90.078 E14.50646
G1 X87.59 Y89.487 E15.09696
M106 S204
G1 E13.09696 F2400
G92 E0
G1 X98.857 Y89.628 F7800
G1 E2 F2400
M106 S255
G1 F3600
G1 X86.882 Y88.998 E2.63007
G1 X86.239 Y88.804 E2.66536
G1 X84.948 Y88.683 E2.73349
G1 X83.754 Y88.806 E2.79656
G1 X83.678 Y88.829 E2.80073
G1 X72.001 Y88.215 E3.41512
G1 X72.222 Y87.775 E3.44099
G1 X98.459 Y89.155 E4.82146
G1 X98.238 Y88.692 E4.84842
G1 X72.499 Y87.338 E6.20268
G1 X72.777 Y86.9 E6.22994
G1 X98.002 Y88.228 E7.55716
G1 X97.765 Y87.764 E7.58454
G1 X73.059 Y86.463 E8.88446
G1 X73.403 Y86.03 E8.91352
G1 X97.476 Y87.297 E10.18013
G1 X97.172 Y86.829 E10.20945
G1 X73.747 Y85.596 E11.44196
G1 X74.108 Y85.163 E11.47158
G1 X96.867 Y86.361 E12.66905
G1 X96.493 Y85.89 E12.70065
G1 X74.517 Y84.733 E13.85693
G1 X74.958 Y84.305 E13.88922
G1 X96.115 Y85.418 E15.0024
G1 X95.69 Y84.944 E15.03585
G1 X75.434 Y83.878 E16.10163
G1 X75.965 Y83.454 E16.13733
G1 X95.207 Y84.467 E17.14975
G1 X94.703 Y83.988 E17.18628
G1 X76.505 Y83.031 E18.14377
G1 X77.158 Y82.613 E18.18451
G1 X94.096 Y83.505 E19.07571
G1 X93.476 Y83.02 E19.11707
G1 X77.826 Y82.197 E19.9405
G1 X78.643 Y81.788 E19.98851
G1 X92.703 Y82.528 E20.72828
G1 X92.124 Y82.166 E20.76416
G1 X91.856 Y82.031 E20.77993
G1 X79.557 Y81.384 E21.42704
G1 X80.629 Y80.989 E21.48707
G1 X90.818 Y81.525 E22.02317
G1 X89.401 Y80.999 E22.10259
G1 X82.086 Y80.614 E22.48747
G1 X83.576 Y80.39 E22.56664
G1 X85.113 Y80.321 E22.64748
G1 X88.28 Y80.488 E22.81411
M106 S204
M106 S186.15
;LAYER_CHANGE
;Z:2.75
;HEIGHT:0.3
G1 E20.81411 F2400
G92 E0
G1 Z2.75 F7800
G1 X79.016 Y95
G1 E2 F2400
;TYPE:Perimeter
;WIDTH:0.45
G1 F1800
G1 X79.111 Y93.874 E2.05435
G1 X79.488 Y92.644 E2.11623
G1 X80.071 Y91.593 E2.17404
G1 X80.696 Y90.83 E2.22148
G1 X81.593 Y90.071 E2.27799
G1 X82.62 Y89.501 E2.33448
G1 X83.738 Y89.142 E2.39096
G1 X84.906 Y89.008 E2.44751
G1 X86.136 Y89.113 E2.50688
G1 X87.318 Y89.47 E2.56627
G1 X88.407 Y90.071 E2.62609
G1 X89.17 Y90.696 E2.67353
G1 X89.929 Y91.593 E2.73004
G1 X90.499 Y92.62 E2.78653
G1 X90.858 Y93.738 E2.84301
G1 X90.992 Y94.906 E2.89956
G1 X90.877 Y96.189 E2.96152
G1 X90.499 Y97.38 E3.02162
G1 X90.034 Y98.25 E3.06907
G1 X89.317 Y99.153 E3.12453
G1 X88.407 Y99.929 E3.18205
G1 X87.38 Y100.499 E3.23854
G1 X86.262 Y100.858 E3.29502
G1 X85.094 Y100.992 E3.35157
G1 X83.808 Y100.876 E3.41367
G1 X82.62 Y100.499 E3.47362
G1 X81.75 Y100.034 E3.52107
G1 X80.957 Y99.408 E3.56966
G1 X80.646 Y99.108 E3.59044
G1 X80.071 Y98.407 E3.63405
G1 X79.487 Y97.353 E3.69201
G1 X79.142 Y96.262 E3.74704
G1 X79.008 Y95.094 E3.80359
G1 X79.011 Y95.06 E3.80523
G1 X79.397 Y95 F7800
G1 F1800
G1 X79.492 Y93.932 E3.8568
G1 X79.841 Y92.802 E3.91368
G1 X80.306 Y91.932 E3.96113
G1 X80.956 Y91.121 E4.01112
G1 X81.837 Y90.369 E4.06683
G1 X82.802 Y89.841 E4.11974
G1 X83.85 Y89.511 E4.17259
G1 X84.943 Y89.392 E4.22547
G1 X86.114 Y89.501 E4.28203
G1 X87.161 Y89.822 E4.3347
G1 X88.163 Y90.369 E4.38961
G1 X88.925 Y90.994 E4.43701
G1 X89.631 Y91.837 E4.4899
G1 X90.159 Y92.802 E4.54281
G1 X90.489 Y93.85 E4.59566
G1 X90.608 Y94.943 E4.64854
G1 X90.501 Y96.106 E4.70471
G1 X90.159 Y97.198 E4.75975
G1 X89.694 Y98.068 E4.8072
G1 X89.019 Y98.909 E4.85907
G1 X88.163 Y99.631 E4.91293
G1 X87.198 Y100.159 E4.96584
G1 X86.15 Y100.489 E5.01869
G1 X85.057 Y100.608 E5.07157
G1 X83.869 Y100.495 E5.12897
G1 X82.802 Y100.159 E5.18277
G1 X81.932 Y99.694 E5.23022
G1 X81.201 Y99.11 E5.27522
G1 X80.944 Y98.863 E5.29236
G1 X80.369 Y98.163 E5.33593
G1 X79.832 Y97.182 E5.38972
G1 X79.511 Y96.15 E5.4417
G1 X79.392 Y95.06 E5.49444
G1 X79.778 Y95 F7800
;TYPE:External perimeter
G1 F1800
G1 X79.874 Y93.989 E5.54328
G1 X80.181 Y92.983 E5.59387
G1 X80.646 Y92.113 E5.64132
G1 X81.254 Y91.366 E5.68764
G1 X82.082 Y90.667 E5.73976
G1 X82.983 Y90.181 E5.789
G1 X83.962 Y89.88 E5.83826
G1 X84.981 Y89.776 E5.88752
G1 X86.038 Y89.88 E5.9386
G1 X86.982 Y90.166 E5.98604
G1 X87.918 Y90.667 E6.0371
G1 X88.681 Y91.293 E6.08457
G1 X89.333 Y92.082 E6.1338
G1 X89.819 Y92.983 E6.18304
G1 X90.12 Y93.962 E6.2323
G1 X90.224 Y94.981 E6.28156
G1 X90.12 Y96.038 E6.33264
G1 X89.834 Y96.982 E6.38008
G1 X89.333 Y97.918 E6.43114
G1 X88.707 Y98.681 E6.47861
G1 X87.918 Y99.333 E6.52784
G1 X87.017 Y99.819 E6.57708
G1 X86.038 Y100.12 E6.62634
G1 X85.019 Y100.224 E6.6756
G1 X83.962 Y100.12 E6.72668
G1 X83.018 Y99.834 E6.77412
G1 X82.082 Y99.333 E6.82518
G1 X81.319 Y98.707 E6.87265
G1 X80.667 Y97.918 E6.92188
G1 X80.178 Y97.011 E6.97144
G1 X79.88 Y96.038 E7.02038
G1 X79.78 Y95.06 E7.06766
G1 X79.811 Y94.661 F7800
G1 E5.06766 F2400
G92 E0
G1 X80.39 Y109.276 F7800
G1 E2 F2400
;TYPE:Perimeter
G1 F3600
G1 X80.38 Y109.273 E2.0005
G1 X78.952 Y108.729 E2.074
G1 X77.558 Y108.026 E2.14909
G1 X76.243 Y107.18 E2.2243
G1 X75.185 Y106.34 E2.28927
G1 X74.622 Y105.835 E2.32565
G1 X73.731 Y104.904 E2.38763
G1 X72.756 Y103.669 E2.46331
G1 X71.922 Y102.349 E2.53841
G1 X71.229 Y100.95 E2.6135
G1 X70.686 Y99.486 E2.6886
G1 X70.297 Y97.97 E2.76388
G1 X70.091 Y96.651 E2.82809
G1 X70 Y95.089 E2.90334
G1 X70.071 Y93.529 E2.97845
G1 X70.305 Y91.985 E3.05356
G1 X70.697 Y90.474 E3.12864
G1 X71.245 Y89.012 E3.20373
G1 X71.942 Y87.614 E3.27886
G1 X72.78 Y86.297 E3.35394
G1 X73.757 Y85.066 E3.42953
G1 X74.268 Y84.522 E3.46543
G1 X75.052 Y83.77 E3.51768
G1 X76.278 Y82.794 E3.59305
G1 X77.594 Y81.953 E3.66817
G1 X78.99 Y81.254 E3.74326
G1 X80.452 Y80.704 E3.81839
G1 X81.962 Y80.309 E3.89346
G1 X83.506 Y80.073 E3.96858
G1 X85.068 Y79.999 E4.04379
G1 X86.609 Y80.085 E4.11802
G1 X88.168 Y80.338 E4.19398
G1 X89.459 Y80.679 E4.2582
G1 X90.928 Y81.221 E4.33351
G1 X92.328 Y81.911 E4.40858
G1 X93.649 Y82.743 E4.48367
G1 X94.887 Y83.716 E4.5594
G1 X95.441 Y84.227 E4.59565
G1 X95.819 Y84.605 E4.62136
G1 X96.326 Y85.166 E4.65773
G1 X97.166 Y86.223 E4.72267
G1 X98.014 Y87.538 E4.79793
G1 X98.719 Y88.931 E4.87302
G1 X99.276 Y90.39 E4.94813
G1 X99.678 Y91.898 E5.02319
G1 X99.921 Y93.441 E5.09832
G1 X99.975 Y94.482 E5.14846
G1 X99.99 Y95.234 E5.18464
G1 X99.922 Y96.549 E5.24797
G1 X99.683 Y98.081 E5.32255
G1 X99.286 Y99.58 E5.39713
G1 X98.737 Y101.03 E5.4717
G1 X98.042 Y102.416 E5.54627
G1 X97.206 Y103.722 E5.62085
G1 X96.231 Y104.948 E5.69619
G1 X95.877 Y105.333 E5.72135
G1 X95.346 Y105.865 E5.7575
G1 X94.789 Y106.36 E5.79334
G1 X93.73 Y107.201 E5.85838
G1 X92.423 Y108.037 E5.933
G1 X91.038 Y108.734 E6.00757
G1 X89.62 Y109.273 E6.08053
G1 X88.108 Y109.677 E6.1558
G1 X86.562 Y109.921 E6.23108
G1 X85 Y110.002 E6.30631
G1 X83.438 Y109.921 E6.38154
G1 X81.892 Y109.677 E6.45682
G1 X80.448 Y109.291 E6.52871
G1 X80.253 Y109.638 F7800
G1 F3600
G1 X78.797 Y109.083 E6.60365
G1 X77.367 Y108.361 E6.6807
G1 X76.018 Y107.494 E6.75783
G1 X74.936 Y106.635 E6.82428
G1 X74.356 Y106.115 E6.86175
G1 X73.438 Y105.155 E6.92564
G1 X72.441 Y103.892 E7.00303
G1 X71.585 Y102.538 E7.08008
G1 X70.875 Y101.103 E7.15708
G1 X70.317 Y99.601 E7.23415
G1 X69.919 Y98.048 E7.31126
G1 X69.707 Y96.692 E7.37727
G1 X69.614 Y95.091 E7.4544
G1 X69.687 Y93.491 E7.53143
G1 X69.926 Y91.908 E7.60843
G1 X70.329 Y90.358 E7.68546
G1 X70.891 Y88.858 E7.7625
G1 X71.605 Y87.424 E7.83955
G1 X72.465 Y86.073 E7.91658
G1 X73.465 Y84.814 E7.99391
G1 X73.994 Y84.251 E8.03107
G1 X74.798 Y83.48 E8.08465
G1 X76.054 Y82.479 E8.1619
G1 X77.403 Y81.617 E8.2389
G1 X78.836 Y80.9 E8.31597
G1 X80.334 Y80.336 E8.39296
G1 X81.884 Y79.931 E8.47001
G1 X83.467 Y79.689 E8.54703
G1 X85.068 Y79.613 E8.62412
G1 X86.657 Y79.702 E8.70067
G1 X88.249 Y79.96 E8.77824
G1 X89.575 Y80.31 E8.8442
G1 X91.08 Y80.866 E8.92137
G1 X92.517 Y81.574 E8.99842
G1 X93.872 Y82.428 E9.07545
G1 X95.137 Y83.422 E9.15283
G1 X95.708 Y83.949 E9.1902
G1 X96.098 Y84.339 E9.21673
G1 X96.62 Y84.916 E9.25415
G1 X97.479 Y85.998 E9.3206
G1 X98.349 Y87.346 E9.39776
G1 X99.072 Y88.774 E9.47474
G1 X99.643 Y90.271 E9.5518
G1 X100.056 Y91.818 E9.62881
G1 X100.305 Y93.401 E9.70588
G1 X100.375 Y94.747 E9.77071
G1 X100.375 Y95.254 E9.79509
G1 X100.306 Y96.588 E9.85934
G1 X100.061 Y98.16 E9.93586
G1 X99.654 Y99.697 E10.01233
G1 X99.091 Y101.185 E10.08885
G1 X98.377 Y102.606 E10.16534
G1 X97.521 Y103.947 E10.24186
G1 X96.524 Y105.199 E10.31884
G1 X96.155 Y105.6 E10.34505
G1 X95.61 Y106.145 E10.38212
G1 X95.038 Y106.655 E10.41898
G1 X93.955 Y107.515 E10.48549
G1 X92.615 Y108.373 E10.56202
G1 X91.193 Y109.087 E10.63855
G1 X89.738 Y109.641 E10.71343
G1 X88.188 Y110.055 E10.79059
G1 X86.602 Y110.305 E10.86781
G1 X85 Y110.389 E10.94497
G1 X83.398 Y110.305 E11.02213
G1 X81.812 Y110.055 E11.09935
G1 X80.311 Y109.654 E11.17407
G1 X80.117 Y109.998 F7800
;TYPE:External perimeter
G1 F1800
G1 X78.641 Y109.436 E11.25003
G1 X77.175 Y108.697 E11.32899
G1 X75.793 Y107.808 E11.40802
G1 X74.687 Y106.93 E11.47594
G1 X74.091 Y106.395 E11.51446
G1 X73.144 Y105.406 E11.58032
G1 X72.126 Y104.115 E11.65939
G1 X71.248 Y102.727 E11.73838
G1 X70.52 Y101.256 E11.81732
G1 X69.949 Y99.717 E11.89627
G1 X69.541 Y98.126 E11.97527
G1 X69.323 Y96.733 E12.04308
G1 X69.227 Y95.093 E12.12209
G1 X69.303 Y93.453 E12.20105
G1 X69.548 Y91.83 E12.28
G1 X69.961 Y90.241 E12.35896
G1 X70.537 Y88.704 E12.4379
G1 X71.269 Y87.234 E12.51688
G1 X72.151 Y85.849 E12.59585
G1 X73.173 Y84.561 E12.67493
G1 X73.72 Y83.979 E12.71335
G1 X74.544 Y83.189 E12.76825
G1 X75.829 Y82.165 E12.84728
G1 X77.213 Y81.281 E12.92627
G1 X78.681 Y80.546 E13.00523
G1 X80.217 Y79.968 E13.08416
G1 X81.806 Y79.552 E13.16316
G1 X83.429 Y79.304 E13.24213
G1 X85.069 Y79.226 E13.3211
G1 X86.704 Y79.319 E13.39986
G1 X88.329 Y79.583 E13.47904
G1 X89.692 Y79.942 E13.54683
G1 X91.233 Y80.511 E13.62584
G1 X92.705 Y81.237 E13.70478
G1 X94.094 Y82.112 E13.78374
G1 X95.387 Y83.129 E13.86286
G1 X95.975 Y83.671 E13.90132
G1 X96.378 Y84.073 E13.9287
G1 X96.915 Y84.667 E13.96721
G1 X97.793 Y85.773 E14.03513
G1 X98.684 Y87.154 E14.11418
G1 X99.425 Y88.618 E14.1931
G1 X100.011 Y90.152 E14.27208
G1 X100.434 Y91.739 E14.35107
G1 X100.689 Y93.36 E14.42999
G1 X100.76 Y94.727 E14.49583
G1 X100.761 Y95.273 E14.52209
G1 X100.69 Y96.628 E14.58735
G1 X100.439 Y98.239 E14.66577
G1 X100.022 Y99.815 E14.74418
G1 X99.444 Y101.34 E14.82262
G1 X98.713 Y102.797 E14.90102
G1 X97.835 Y104.171 E14.97944
G1 X96.817 Y105.45 E15.05806
G1 X96.434 Y105.867 E15.08529
G1 X95.875 Y106.426 E15.12331
G1 X95.286 Y106.95 E15.16123
G1 X94.179 Y107.829 E15.22922
G1 X92.806 Y108.708 E15.30763
G1 X91.349 Y109.441 E15.38608
G1 X89.857 Y110.008 E15.46285
G1 X88.268 Y110.433 E15.54196
G1 X86.643 Y110.689 E15.62108
G1 X85 Y110.775 E15.70021
G1 X83.357 Y110.689 E15.77934
G1 X81.732 Y110.433 E15.85846
G1 X80.174 Y110.017 E15.93602
G1 X79.799 Y109.877 F7800
G1 E13.93602 F2400
G92 E0
G1 X73.867 Y104.788 F7800
G1 E2 F2400
;TYPE:Solid infill
;WIDTH:0.404381
G1 F3000
G1 X74.754 Y105.695 E2.0538
G1 X74.002 Y104.925 E2.09944
G1 E.09944 F2400
G92 E0
G1 X72.84 Y103.296 F7800
G1 E2 F2400
G1 F3000
G1 X72.821 Y103.367 E2.00312
G1 X72.892 Y103.348 E2.00624
G1 X72.881 Y103.307 E2.00804
;WIDTH:0.45
G1 X73.078 Y103.609 E2.02538
G1 X76.418 Y106.949 E2.25256
G1 X76.72 Y107.139 E2.26972
;WIDTH:0.404381
G1 X76.731 Y107.18 E2.27152
G1 X76.66 Y107.199 E2.27464
G1 X76.679 Y107.128 E2.27776
G1 X78.138 Y108.017 F7800
G1 F3000
G1 X78.119 Y108.088 E2.28088
G1 X78.19 Y108.069 E2.284
G1 X78.179 Y108.028 E2.2858
;WIDTH:0.45
G1 X77.877 Y107.863 E2.30235
G1 X72.129 Y102.115 E2.69332
G1 X71.398 Y100.724 F7800
;WIDTH:0.404381
G1 F3000
G1 X71.379 Y100.795 E2.69644
G1 X71.45 Y100.776 E2.69956
G1 X71.439 Y100.735 E2.70136
;WIDTH:0.45
G1 X71.594 Y101.035 E2.7176
G1 X78.977 Y108.418 E3.21978
G1 X79.239 Y108.557 E3.23404
;WIDTH:0.404381
G1 X79.22 Y108.628 E3.23716
G1 X79.291 Y108.609 E3.24028
G1 X79.28 Y108.568 E3.24208
G1 X80.138 Y108.907 F7800
G1 F3000
G1 X80.119 Y108.979 E3.24524
G1 X80.19 Y108.959 E3.24837
G1 X80.179 Y108.918 E3.25017
;WIDTH:0.45
G1 X79.876 Y108.772 E3.26635
G1 X71.233 Y100.128 E3.85427
G1 X71.088 Y99.828 E3.8703
;WIDTH:0.404381
G1 X71.099 Y99.869 E3.8721
G1 X71.028 Y99.888 E3.87522
G1 X71.047 Y99.817 E3.87834
;WIDTH:0.45
G1 X70.932 Y99.282 E3.90466
G1 X80.713 Y109.063 E4.56995
G1 X81.457 Y109.261 E4.60698
G1 X70.744 Y98.549 E5.33563
G1 X70.567 Y97.827 E5.37138
G1 X82.168 Y109.428 E6.16047
G1 X82.816 Y109.53 E6.19202
G1 X70.466 Y97.18 E7.03205
G1 X70.374 Y96.543 E7.06301
G1 X83.463 Y109.632 E7.95331
G1 X84.039 Y109.663 E7.98105
G1 X70.341 Y95.964 E8.9128
G1 X70.307 Y95.385 E8.9407
G1 X84.615 Y109.693 E9.91391
G1 X85.171 Y109.704 E9.94066
G1 X70.301 Y94.834 E10.9521
G1 X70.325 Y94.312 E10.97723
G1 X85.69 Y109.677 E12.02234
G1 X86.208 Y109.65 E12.04729
G1 X70.349 Y93.791 E13.126
G1 X70.399 Y93.296 E13.14993
G1 X86.708 Y109.605 E14.25925
G1 X87.179 Y109.531 E14.28218
G1 X70.471 Y92.822 E15.41867
G1 X70.542 Y92.348 E15.44172
G1 X87.65 Y109.456 E16.60538
G1 X88.115 Y109.376 E16.62807
G1 X70.628 Y91.889 E17.81751
G1 X70.741 Y91.456 E17.83903
G1 X88.546 Y109.261 E19.0501
G1 X88.976 Y109.146 E19.07151
G1 X70.853 Y91.023 E20.30421
G1 X70.966 Y90.59 E20.32573
G1 X89.406 Y109.031 E21.58003
G1 X89.812 Y108.891 E21.60069
G1 X71.112 Y90.191 E22.87264
G1 X71.261 Y89.794 E22.89303
G1 X79.554 Y98.088 E23.45714
G1 X79.757 Y98.361 E23.4735
;WIDTH:0.404381
G1 X80.64 Y99.351 E23.52976
G1 X81.633 Y100.238 E23.58622
;WIDTH:0.45
G1 X81.905 Y100.439 E23.60249
G1 X90.207 Y108.741 E24.16718
G1 X90.602 Y108.59 E24.18752
G1 X82.921 Y100.909 E24.70997
G1 X82.678 Y100.715 E24.72493
;WIDTH:0.404381
G1 X82.689 Y100.756 E24.72673
G1 X82.618 Y100.775 E24.72985
G1 X82.637 Y100.704 E24.73297
G1 X83.42 Y100.947 F7800
G1 F3000
G1 X83.401 Y101.018 E24.73609
G1 X83.472 Y100.999 E24.73921
G1 X83.461 Y100.958 E24.74101
;WIDTH:0.45
G1 X83.703 Y101.146 E24.75575
G1 X90.991 Y108.434 E25.25147
G1 X91.354 Y108.251 E25.27102
G1 X84.32 Y101.217 E25.74946
G1 X84.926 Y101.279 E25.77876
G1 X91.716 Y108.069 E26.24061
G1 X92.079 Y107.886 E26.26016
G1 X85.435 Y101.242 E26.71208
G1 X85.93 Y101.192 E26.73601
G1 X92.429 Y107.69 E27.17803
G1 X92.761 Y107.477 E27.197
G1 X86.399 Y101.115 E27.62974
G1 X86.818 Y100.989 E27.65078
G1 X93.094 Y107.265 E28.07767
G1 X93.426 Y107.052 E28.09664
G1 X87.236 Y100.862 E28.51768
G1 X87.613 Y100.694 E28.53753
G1 X93.742 Y106.822 E28.95438
G1 X94.046 Y106.581 E28.97304
G1 X87.97 Y100.505 E29.38632
G1 X88.327 Y100.317 E29.40573
G1 X94.35 Y106.339 E29.81537
G1 X94.651 Y106.095 E29.83401
G1 X88.65 Y100.094 E30.24219
G1 X88.95 Y99.849 E30.26082
G1 X94.94 Y105.839 E30.66825
G1 X95.223 Y105.576 E30.68683
G1 X89.25 Y99.604 E31.09307
G1 X89.531 Y99.339 E31.11165
G1 X95.49 Y105.299 E31.51701
G1 X95.758 Y105.021 E31.53558
G1 X89.776 Y99.039 E31.94247
G1 X90.022 Y98.739 E31.96113
G1 X96.025 Y104.742 E32.36945
G1 X96.267 Y104.439 E32.3881
G1 X90.261 Y98.433 E32.79662
G1 X90.449 Y98.076 E32.81603
G1 X96.508 Y104.135 E33.22816
G1 X96.75 Y103.831 E33.24685
G1 X90.638 Y97.719 E33.66258
G1 X90.824 Y97.36 E33.68203
G1 X96.989 Y103.525 E34.10137
G1 X97.202 Y103.192 E34.12038
G1 X90.951 Y96.942 E34.54553
G1 X91.078 Y96.523 E34.56659
G1 X97.414 Y102.86 E34.99759
G1 X97.627 Y102.527 E35.0166
G1 X91.178 Y96.078 E35.45525
G1 X91.228 Y95.582 E35.47923
G1 X97.833 Y102.187 E35.92849
G1 X98.015 Y101.824 E35.94802
G1 X91.277 Y95.087 E36.4063
G1 X91.236 Y94.5 E36.4346
G1 X98.197 Y101.461 E36.90808
G1 X98.379 Y101.098 E36.92761
G1 X91.174 Y93.893 E37.41769
G1 X90.806 Y93.072 F7800
;WIDTH:0.404381
G1 F3000
G1 X90.816 Y92.883 E37.42572
;WIDTH:0.45
G1 X90.98 Y93.153 E37.44091
G1 X98.546 Y100.719 E37.95554
G1 X98.695 Y100.323 E37.97589
G1 X90.621 Y92.249 E38.52507
G1 X90.419 Y91.976 E38.5414
;WIDTH:0.404381
G1 X89.856 Y91.283 E38.57926
G1 E36.57926 F2400
G92 E0
G1 X79.293 Y97.327 F7800
G1 E2 F2400
G1 F3000
G1 X79.304 Y97.368 E2.0018
G1 X79.233 Y97.388 E2.00493
G1 X79.252 Y97.316 E2.00809
;WIDTH:0.45
G1 X79.099 Y97.087 E2.02134
G1 X71.409 Y89.398 E2.54437
G1 X71.568 Y89.011 E2.56449
G1 X78.857 Y96.3 E3.06028
G1 X79.011 Y96.529 E3.07355
;WIDTH:0.404381
G1 X78.992 Y96.6 E3.07667
G1 X79.063 Y96.581 E3.07979
G1 X79.052 Y96.54 E3.08159
G1 X78.78 Y95.678 F7800
;WIDTH:0.45
G1 F3000
G1 X71.75 Y88.647 E3.5598
G1 X71.931 Y88.284 E3.57931
G1 X78.72 Y95.072 E4.04106
G1 X78.758 Y94.565 E4.06551
G1 X72.113 Y87.92 E4.51749
G1 X72.311 Y87.573 E4.53671
G1 X78.807 Y94.069 E4.97856
G1 X78.885 Y93.602 E5.00133
G1 X72.523 Y87.239 E5.4341
G1 X72.735 Y86.906 E5.45309
G1 X79.012 Y93.183 E5.88004
G1 X79.138 Y92.764 E5.90108
G1 X72.947 Y86.573 E6.32218
G1 X73.179 Y86.259 E6.34096
G1 X79.307 Y92.387 E6.75778
G1 X79.495 Y92.03 E6.77719
G1 X73.42 Y85.955 E7.1904
G1 X73.662 Y85.651 E7.20909
G1 X79.683 Y91.673 E7.61866
G1 X79.905 Y91.35 E7.63751
G1 X73.903 Y85.347 E8.04579
G1 X74.16 Y85.059 E8.06436
G1 X80.15 Y91.049 E8.47179
G1 X80.394 Y90.748 E8.49043
G1 X74.424 Y84.778 E8.8965
G1 X74.7 Y84.508 E8.91507
G1 X80.663 Y90.471 E9.32067
G1 X80.962 Y90.225 E9.33929
G1 X74.978 Y84.241 E9.74631
G1 X75.258 Y83.976 E9.76485
G1 X81.262 Y89.979 E10.1732
G1 X81.567 Y89.739 E10.19187
G1 X75.562 Y83.734 E10.60032
G1 X75.865 Y83.492 E10.61897
G1 X81.922 Y89.549 E11.03096
G1 X82.277 Y89.359 E11.05033
G1 X76.169 Y83.25 E11.46582
G1 X76.475 Y83.011 E11.48449
G1 X82.646 Y89.182 E11.90423
G1 X83.062 Y89.053 E11.92518
G1 X76.808 Y82.798 E12.3506
G1 X77.14 Y82.586 E12.36955
G1 X83.479 Y88.924 E12.80069
G1 X83.921 Y88.821 E12.82252
G1 X77.473 Y82.373 E13.2611
G1 X77.812 Y82.167 E13.28018
G1 X84.415 Y88.77 E13.72931
G1 X84.909 Y88.719 E13.7532
G1 X78.176 Y81.985 E14.2112
G1 X78.539 Y81.803 E14.23073
G1 X85.501 Y88.766 E14.70431
G1 X86.36 Y88.932 F7800
;WIDTH:0.404381
G1 F3000
G1 X86.341 Y89.003 E14.70743
G1 X86.412 Y88.984 E14.71055
G1 X86.401 Y88.943 E14.71235
;WIDTH:0.45
G1 X86.101 Y88.82 E14.72794
G1 X78.903 Y81.621 E15.21757
G1 X79.28 Y81.454 E15.2374
G1 X86.857 Y89.03 E15.75274
G1 X87.159 Y89.167 E15.76869
;WIDTH:0.404381
G1 X87.17 Y89.208 E15.77049
G1 X87.099 Y89.227 E15.77361
G1 X87.118 Y89.156 E15.77673
;WIDTH:0.45
G1 X87.74 Y89.368 E15.80834
G1 X79.677 Y81.305 E16.35678
G1 E14.35678 F2400
G92 E0
G1 X88.013 Y89.571 F7800
G1 E2 F2400
;WIDTH:0.404381
G1 F3000
G1 X88.724 Y90.15 E2.03888
G1 E.03888 F2400
G92 E0
G1 X80.073 Y81.155 F7800
G1 E2 F2400
;WIDTH:0.45
G1 F3000
G1 X98.845 Y99.928 E3.27688
G1 X98.995 Y99.532 E3.29725
G1 X80.469 Y81.006 E4.55737
G1 X80.895 Y80.887 E4.57864
G1 X99.113 Y99.105 E5.81781
G1 X99.227 Y98.673 E5.8393
G1 X81.327 Y80.774 E7.0568
G1 X81.759 Y80.661 E7.07828
G1 X99.341 Y98.242 E8.27415
G1 X99.435 Y97.791 E8.29631
G1 X82.208 Y80.564 E9.46807
G1 X82.681 Y80.491 E9.49109
G1 X99.509 Y97.32 E10.63574
G1 X99.583 Y96.848 E10.65872
G1 X83.154 Y80.419 E11.7762
G1 X83.636 Y80.356 E11.79958
G1 X99.642 Y96.362 E12.88829
G1 X99.669 Y95.844 E12.91324
G1 X84.157 Y80.331 E13.96838
G1 X84.677 Y80.307 E13.99342
G1 X99.696 Y95.325 E15.01496
G1 X99.702 Y94.785 E15.04093
G1 X85.212 Y80.296 E16.02649
G1 X85.789 Y80.328 E16.05428
G1 X99.672 Y94.21 E16.99855
G1 X99.642 Y93.635 E17.02624
G1 X86.367 Y80.36 E17.92919
G1 X86.992 Y80.44 E17.9595
G1 X99.56 Y93.008 E18.81436
G1 X99.458 Y92.361 E18.84586
G1 X87.643 Y80.546 E19.6495
G1 X88.32 Y80.677 E19.68267
G1 X99.32 Y91.677 E20.43088
G1 X99.122 Y90.933 E20.46791
G1 X89.061 Y80.872 E21.15225
G1 X89.59 Y80.932 E21.17786
;WIDTH:0.404381
G1 X89.571 Y81.003 E21.18098
G1 X89.642 Y80.984 E21.1841
G1 X89.631 Y80.943 E21.1859
;WIDTH:0.45
G1 X89.873 Y81.14 E21.20091
G1 X98.87 Y90.136 E21.81284
G1 X99.07 Y90.376 E21.82787
;WIDTH:0.404381
G1 X99.081 Y90.417 E21.82967
G1 X99.01 Y90.436 E21.83279
G1 X99.029 Y90.365 E21.83591
G1 X98.699 Y89.483 F7800
G1 F3000
G1 X98.68 Y89.554 E21.83903
G1 X98.751 Y89.535 E21.84215
G1 X98.74 Y89.494 E21.84395
;WIDTH:0.45
G1 X98.533 Y89.254 E21.85919
G1 X90.738 Y81.459 E22.3894
G1 X90.496 Y81.258 E22.40453
;WIDTH:0.404381
G1 X90.507 Y81.299 E22.40633
G1 X90.435 Y81.318 E22.40949
G1 X90.454 Y81.247 E22.41261
G1 X91.512 Y81.737 F7800
G1 F3000
G1 X91.493 Y81.808 E22.41573
G1 X91.564 Y81.789 E22.41885
G1 X91.553 Y81.748 E22.42065
;WIDTH:0.45
G1 X91.795 Y81.971 E22.43648
G1 X98.253 Y88.444 E22.87626
;WIDTH:0.404381
G1 X98.264 Y88.485 E22.87806
G1 X98.193 Y88.504 E22.88118
G1 X98.212 Y88.433 E22.8843
G1 X97.446 Y87.099 F7800
G1 F3000
G1 X97.427 Y87.17 E22.88742
G1 X97.498 Y87.151 E22.89054
G1 X97.487 Y87.11 E22.89234
;WIDTH:0.45
G1 X92.881 Y82.507 E23.20553
;WIDTH:0.404381
G1 X92.892 Y82.548 E23.20733
G1 X92.821 Y82.567 E23.21045
G1 X92.84 Y82.496 E23.21357
G1 X93.624 Y82.911 F7800
G1 F3000
G1 X94.734 Y83.895 E23.27647
G1 X95.268 Y84.408 E23.30787
G1 X96.149 Y85.316 E23.36152
G1 X97.038 Y86.313 E23.41817
M106 S175.95
;LAYER_CHANGE
;Z:3.05
;HEIGHT:0.3
G1 E21.41817 F2400
G92 E0
G1 Z3.05 F7800
G1 X79.016 Y95
G1 E2 F2400
;TYPE:Perimeter
;WIDTH:0.45
G1 F1800
G1 X79.112 Y93.871 E2.0545
G1 X79.449 Y92.734 E2.11154
G1 X79.857 Y91.954 E2.15388
G1 X80.071 Y91.593 E2.17406
G1 X80.696 Y90.83 E2.2215
G1 X81.593 Y90.071 E2.27801
G1 X82.62 Y89.501 E2.3345
G1 X83.738 Y89.142 E2.39098
G1 X84.906 Y89.008 E2.44753
G1 X86.13 Y89.112 E2.50661
G1 X86.909 Y89.338 E2.54562
G1 X87.38 Y89.501 E2.56959
G1 X88.25 Y89.966 E2.61704
G1 X89.131 Y90.665 E2.67113
G1 X89.929 Y91.593 E2.73
G1 X90.499 Y92.62 E2.78649
G1 X90.858 Y93.738 E2.84297
G1 X90.992 Y94.906 E2.89952
G1 X90.877 Y96.188 E2.96143
G1 X90.499 Y97.38 E3.02157
G1 X90.034 Y98.25 E3.06902
G1 X89.324 Y99.145 E3.12397
G1 X88.407 Y99.929 E3.182
G1 X87.38 Y100.499 E3.23849
G1 X86.262 Y100.858 E3.29497
G1 X85.094 Y100.992 E3.35152
G1 X83.811 Y100.877 E3.41348
G1 X82.62 Y100.499 E3.47358
G1 X81.75 Y100.034 E3.52103
G1 X80.882 Y99.346 E3.5743
G1 X80.666 Y99.133 E3.58889
G1 X80.071 Y98.407 E3.63404
G1 X79.501 Y97.38 E3.69053
G1 X79.142 Y96.262 E3.74701
G1 X79.008 Y95.094 E3.80356
G1 X79.011 Y95.06 E3.8052
G1 X79.397 Y95 F7800
G1 F1800
G1 X79.499 Y93.895 E3.85857
G1 X79.809 Y92.87 E3.91007
G1 X80.369 Y91.837 E3.96658
G1 X80.994 Y91.075 E4.01398
G1 X81.837 Y90.369 E4.06687
G1 X82.802 Y89.841 E4.11978
G1 X83.85 Y89.511 E4.17263
G1 X84.943 Y89.392 E4.22551
G1 X86.071 Y89.493 E4.27998
G1 X87.198 Y89.841 E4.33671
G1 X88.068 Y90.306 E4.38416
G1 X88.887 Y90.963 E4.43466
G1 X89.631 Y91.837 E4.48986
G1 X90.159 Y92.802 E4.54277
G1 X90.489 Y93.85 E4.59562
G1 X90.608 Y94.943 E4.6485
G1 X90.501 Y96.106 E4.70467
G1 X90.159 Y97.198 E4.75971
G1 X89.694 Y98.068 E4.80716
G1 X89.026 Y98.9 E4.85848
G1 X88.163 Y99.631 E4.91288
G1 X87.198 Y100.159 E4.96579
G1 X86.15 Y100.489 E5.01864
G1 X85.057 Y100.608 E5.07152
G1 X83.894 Y100.501 E5.12769
G1 X82.802 Y100.159 E5.18273
G1 X81.932 Y99.694 E5.23018
G1 X81.126 Y99.048 E5.27986
G1 X80.369 Y98.163 E5.33587
G1 X79.841 Y97.198 E5.38878
G1 X79.511 Y96.15 E5.44163
G1 X79.392 Y95.06 E5.49437
G1 X79.778 Y95 F7800
;TYPE:External perimeter
G1 F1800
G1 X79.88 Y93.962 E5.54453
G1 X80.17 Y93.006 E5.59258
G1 X80.667 Y92.082 E5.64304
G1 X81.293 Y91.319 E5.69051
G1 X82.082 Y90.667 E5.73974
G1 X82.983 Y90.181 E5.78898
G1 X83.962 Y89.88 E5.83824
G1 X84.981 Y89.776 E5.8875
G1 X86.031 Y89.878 E5.93824
G1 X87.017 Y90.181 E5.98785
G1 X87.887 Y90.646 E6.0353
G1 X88.642 Y91.261 E6.08214
G1 X89.333 Y92.082 E6.13375
G1 X89.819 Y92.983 E6.18299
G1 X90.12 Y93.962 E6.23225
G1 X90.224 Y94.981 E6.28151
G1 X90.12 Y96.038 E6.33259
G1 X89.834 Y96.982 E6.38003
G1 X89.333 Y97.918 E6.43109
G1 X88.707 Y98.681 E6.47856
G1 X87.918 Y99.333 E6.52779
G1 X87.017 Y99.819 E6.57703
G1 X86.038 Y100.12 E6.62629
G1 X85.019 Y100.224 E6.67555
G1 X83.962 Y100.12 E6.72663
G1 X83.018 Y99.834 E6.77407
G1 X82.082 Y99.333 E6.82513
G1 X81.319 Y98.707 E6.8726
G1 X80.667 Y97.918 E6.92183
G1 X80.181 Y97.017 E6.97107
G1 X79.88 Y96.038 E7.02033
G1 X79.78 Y95.06 E7.06761
G1 X79.812 Y94.661 F7800
G1 E5.06761 F2400
G92 E0
G1 X80.391 Y109.275 F7800
G1 E2 F2400
;TYPE:Perimeter
G1 F3600
G1 X78.972 Y108.738 E2.07297
G1 X77.636 Y108.068 E2.14485
G1 X76.277 Y107.205 E2.22228
G1 X75.095 Y106.267 E2.29486
G1 X74.616 Y105.83 E2.32605
G1 X74.19 Y105.403 E2.35506
G1 X73.751 Y104.927 E2.3862
G1 X72.778 Y103.7 E2.46152
G1 X71.945 Y102.391 E2.53615
G1 X71.251 Y101.003 E2.61079
G1 X70.705 Y99.551 E2.6854
G1 X70.311 Y98.049 E2.76009
G1 X70.081 Y96.572 E2.83198
G1 X69.998 Y95.022 E2.90664
G1 X70.076 Y93.473 E2.98124
G1 X70.313 Y91.939 E3.0559
G1 X70.708 Y90.439 E3.1305
G1 X71.255 Y88.987 E3.20513
G1 X71.95 Y87.6 E3.27975
G1 X72.784 Y86.291 E3.3544
G1 X73.757 Y85.065 E3.42968
G1 X74.197 Y84.59 E3.46082
G1 X75.06 Y83.762 E3.51834
G1 X76.287 Y82.787 E3.59372
G1 X77.594 Y81.953 E3.66829
G1 X78.982 Y81.258 E3.74295
G1 X80.433 Y80.71 E3.81755
G1 X81.934 Y80.314 E3.89221
G1 X83.467 Y80.076 E3.96683
G1 X85.017 Y79.998 E4.04147
G1 X86.509 Y80.075 E4.11333
G1 X88.099 Y80.322 E4.19072
G1 X89.599 Y80.72 E4.26536
G1 X90.997 Y81.249 E4.33725
G1 X92.386 Y81.942 E4.41191
G1 X93.695 Y82.775 E4.48654
G1 X94.923 Y83.747 E4.56187
G1 X95.399 Y84.186 E4.59301
G1 X95.826 Y84.612 E4.62202
G1 X96.263 Y85.09 E4.65317
G1 X97.202 Y86.273 E4.72581
G1 X98.039 Y87.58 E4.80046
G1 X98.736 Y88.967 E4.87512
G1 X99.285 Y90.418 E4.94974
G1 X99.682 Y91.918 E5.02437
G1 X99.922 Y93.451 E5.099
G1 X99.976 Y94.485 E5.1488
G1 X99.99 Y95.233 E5.18478
G1 X99.922 Y96.547 E5.24806
G1 X99.683 Y98.077 E5.32254
G1 X99.288 Y99.575 E5.39705
G1 X98.74 Y101.023 E5.47151
G1 X98.046 Y102.408 E5.54602
G1 X97.213 Y103.714 E5.62052
G1 X96.239 Y104.938 E5.69575
G1 X95.841 Y105.372 E5.72407
G1 X95.375 Y105.837 E5.75573
G1 X94.899 Y106.271 E5.78671
G1 X93.716 Y107.211 E5.85938
G1 X92.41 Y108.045 E5.93391
G1 X91.025 Y108.739 E6.00842
G1 X89.585 Y109.285 E6.08249
G1 X88.084 Y109.682 E6.15717
G1 X86.55 Y109.922 E6.23185
G1 X85 Y110.002 E6.3065
G1 X83.45 Y109.922 E6.38115
G1 X81.916 Y109.682 E6.45583
G1 X80.448 Y109.293 E6.52887
G1 X80.254 Y109.636 F7800
G1 F3600
G1 X78.817 Y109.092 E6.60277
G1 X77.445 Y108.404 E6.67659
G1 X76.053 Y107.52 E6.7559
G1 X74.844 Y106.56 E6.83015
G1 X74.35 Y106.109 E6.86232
G1 X73.912 Y105.67 E6.89215
G1 X73.458 Y105.178 E6.92435
G1 X72.464 Y103.924 E7.00131
G1 X71.609 Y102.581 E7.07788
G1 X70.898 Y101.158 E7.15439
G1 X70.337 Y99.668 E7.23097
G1 X69.933 Y98.128 E7.30754
G1 X69.697 Y96.613 E7.38129
G1 X69.612 Y95.023 E7.45787
G1 X69.692 Y93.433 E7.53444
G1 X69.935 Y91.861 E7.61095
G1 X70.34 Y90.321 E7.68754
G1 X70.902 Y88.832 E7.76409
G1 X71.614 Y87.409 E7.84062
G1 X72.47 Y86.067 E7.91718
G1 X73.465 Y84.814 E7.99413
G1 X73.919 Y84.322 E8.02633
G1 X74.359 Y83.883 E8.05622
G1 X74.809 Y83.469 E8.08563
G1 X76.062 Y82.473 E8.16261
G1 X77.404 Y81.617 E8.23917
G1 X78.827 Y80.904 E8.31572
G1 X80.316 Y80.342 E8.39227
G1 X81.855 Y79.936 E8.46882
G1 X83.427 Y79.692 E8.54533
G1 X85.017 Y79.612 E8.6219
G1 X86.549 Y79.691 E8.69568
G1 X88.179 Y79.944 E8.77502
G1 X89.717 Y80.353 E8.85156
G1 X91.152 Y80.895 E8.92534
G1 X92.576 Y81.606 E9.00189
G1 X93.919 Y82.46 E9.07844
G1 X95.174 Y83.454 E9.15544
G1 X95.666 Y83.907 E9.18761
G1 X96.105 Y84.346 E9.21747
G1 X96.557 Y84.84 E9.24967
G1 X97.517 Y86.048 E9.32388
G1 X98.375 Y87.389 E9.40045
G1 X99.089 Y88.811 E9.47698
G1 X99.653 Y90.3 E9.55356
G1 X100.06 Y91.838 E9.63008
G1 X100.306 Y93.411 E9.70666
G1 X100.375 Y94.748 E9.77105
G1 X100.376 Y95.252 E9.79529
G1 X100.307 Y96.587 E9.85958
G1 X100.061 Y98.156 E9.93597
G1 X99.656 Y99.692 E10.01237
G1 X99.094 Y101.178 E10.08878
G1 X98.382 Y102.599 E10.16522
G1 X97.527 Y103.938 E10.24163
G1 X96.533 Y105.189 E10.31848
G1 X96.119 Y105.639 E10.34789
G1 X95.642 Y106.116 E10.38033
G1 X95.149 Y106.565 E10.4124
G1 X93.94 Y107.525 E10.48665
G1 X92.601 Y108.38 E10.56306
G1 X91.18 Y109.093 E10.63953
G1 X89.703 Y109.652 E10.71549
G1 X88.163 Y110.06 E10.79211
G1 X86.59 Y110.306 E10.86869
G1 X85 Y110.389 E10.94527
G1 X83.41 Y110.306 E11.02185
G1 X81.837 Y110.06 E11.09843
G1 X80.311 Y109.656 E11.17435
G1 X80.118 Y109.997 F7800
;TYPE:External perimeter
G1 F1800
G1 X78.662 Y109.445 E11.24924
G1 X77.255 Y108.74 E11.32493
G1 X75.829 Y107.834 E11.40619
G1 X74.594 Y106.854 E11.48202
G1 X74.083 Y106.388 E11.51528
G1 X73.633 Y105.937 E11.54592
G1 X73.164 Y105.429 E11.57917
G1 X72.149 Y104.148 E11.65778
G1 X71.273 Y102.772 E11.73623
G1 X70.544 Y101.312 E11.81472
G1 X69.969 Y99.785 E11.8932
G1 X69.555 Y98.207 E11.97166
G1 X69.313 Y96.653 E12.0473
G1 X69.226 Y95.023 E12.12581
G1 X69.308 Y93.394 E12.20426
G1 X69.557 Y91.782 E12.28271
G1 X69.972 Y90.204 E12.36119
G1 X70.548 Y88.678 E12.43964
G1 X71.278 Y87.219 E12.51811
G1 X72.155 Y85.843 E12.59659
G1 X73.172 Y84.563 E12.67522
G1 X73.641 Y84.055 E12.70847
G1 X74.092 Y83.605 E12.73911
G1 X74.558 Y83.176 E12.76957
G1 X75.838 Y82.159 E12.8482
G1 X77.213 Y81.281 E12.92667
G1 X78.672 Y80.55 E13.00516
G1 X80.198 Y79.974 E13.08361
G1 X81.776 Y79.558 E13.1621
G1 X83.388 Y79.308 E13.24056
G1 X85.017 Y79.226 E13.31901
G1 X86.588 Y79.307 E13.39467
G1 X88.258 Y79.566 E13.47595
G1 X89.835 Y79.985 E13.55443
G1 X91.306 Y80.541 E13.63007
G1 X92.766 Y81.27 E13.70856
G1 X94.143 Y82.145 E13.78703
G1 X95.424 Y83.161 E13.86567
G1 X95.933 Y83.629 E13.89893
G1 X96.383 Y84.079 E13.92954
G1 X96.85 Y84.589 E13.9628
G1 X97.831 Y85.824 E14.03866
G1 X98.71 Y87.198 E14.11711
G1 X99.443 Y88.656 E14.1956
G1 X100.021 Y90.182 E14.27408
G1 X100.438 Y91.759 E14.35254
G1 X100.69 Y93.371 E14.43101
G1 X100.761 Y94.728 E14.49637
G1 X100.761 Y95.272 E14.52253
G1 X100.691 Y96.626 E14.58774
G1 X100.439 Y98.235 E14.66607
G1 X100.023 Y99.81 E14.74442
G1 X99.447 Y101.333 E14.82273
G1 X98.717 Y102.789 E14.90107
G1 X97.841 Y104.162 E14.9794
G1 X96.826 Y105.44 E15.05789
G1 X96.397 Y105.906 E15.08835
G1 X95.908 Y106.395 E15.12161
G1 X95.399 Y106.859 E15.15474
G1 X94.164 Y107.84 E15.2306
G1 X92.791 Y108.716 E15.30893
G1 X91.336 Y109.446 E15.38722
G1 X89.821 Y110.02 E15.46514
G1 X88.243 Y110.438 E15.54365
G1 X86.63 Y110.69 E15.62217
G1 X85 Y110.775 E15.70067
G1 X83.37 Y110.69 E15.77917
G1 X81.757 Y110.438 E15.85769
G1 X80.18 Y110.02 E15.93616
G1 X80.174 Y110.018 E15.93646
G1 X79.8 Y109.876 F7800
G1 E13.93646 F2400
G92 E0
G1 X74.937 Y103.632 F7800
G1 E2 F2400
;TYPE:Top solid infill
;WIDTH:0.406888
G1 X74.47 Y104.1 E2.02824
G1 X74.446 Y104.07 E2.02988
G1 X74.006 Y104.226 E2.04982
G1 X74.006 Y104.564 E2.06426
G1 X73.891 Y104.679 E2.07121
G1 X73.677 Y104.408 E2.08596
G1 X74.786 Y103.299 E2.15296
G1 X74.786 Y102.814 E2.17368
G1 X73.462 Y104.138 E2.25367
G1 X73.248 Y103.868 E2.26839
G1 X74.786 Y102.33 E2.36131
G1 X74.786 Y101.845 E2.38203
G1 X73.034 Y103.598 E2.48791
G1 X72.841 Y103.307 E2.50283
G1 X74.786 Y101.361 E2.62037
G1 X74.786 Y100.877 E2.64105
G1 X72.652 Y103.011 E2.76997
G1 X72.464 Y102.715 E2.78495
G1 X74.786 Y100.392 E2.92526
G1 X74.786 Y99.908 E2.94594
G1 X72.276 Y102.419 E3.09761
G1 X72.1 Y102.11 E3.1128
G1 X74.786 Y99.424 E3.27507
G1 X74.786 Y98.939 E3.29579
G1 X71.938 Y101.787 E3.46785
G1 X71.777 Y101.464 E3.48327
G1 X74.786 Y98.455 E3.66506
G1 X74.786 Y97.97 E3.68578
G1 X71.616 Y101.141 E3.87732
G1 X71.461 Y100.811 E3.8929
G1 X74.786 Y97.486 E4.09378
G1 X74.786 Y97.002 E4.11446
G1 X71.329 Y100.459 E4.32331
G1 X71.197 Y100.107 E4.33937
G1 X74.786 Y96.517 E4.55623
G1 X74.786 Y96.033 E4.57691
G1 X71.064 Y99.755 E4.80177
G1 X70.938 Y99.397 E4.81798
G1 X74.786 Y95.549 E5.05045
G1 X74.786 Y95.064 E5.07117
G1 X70.837 Y99.013 E5.30975
G1 X70.737 Y98.63 E5.32666
G1 X74.786 Y94.58 E5.57131
G1 X74.786 Y94.095 E5.59203
G1 X70.636 Y98.246 E5.84278
G1 X70.548 Y97.85 E5.86011
G1 X74.786 Y93.611 E6.11618
G1 X74.786 Y93.127 E6.13686
G1 X70.482 Y97.431 E6.39688
G1 X70.417 Y97.012 E6.41499
G1 X74.786 Y92.642 E6.67897
G1 X74.786 Y92.158 E6.69965
G1 X70.351 Y96.593 E6.96759
G1 X70.344 Y96.545 E6.96966
G1 X70.322 Y96.138 E6.98707
G1 X74.786 Y91.673 E7.25679
G1 X74.786 Y91.189 E7.27747
G1 X70.298 Y95.678 E7.54864
G1 X70.273 Y95.218 E7.56832
G1 X74.786 Y90.705 E7.84097
G1 X74.786 Y90.22 E7.86169
G1 X70.277 Y94.729 E8.1341
G1 X70.303 Y94.22 E8.15587
G1 X74.786 Y89.736 E8.42674
G1 X74.786 Y89.252 E8.44742
G1 X70.329 Y93.71 E8.71672
G1 X70.339 Y93.499 E8.72574
G1 X70.391 Y93.162 E8.74031
G1 X74.786 Y88.767 E9.00583
G1 X74.786 Y88.283 E9.02651
G1 X70.48 Y92.589 E9.28665
G1 X70.569 Y92.016 E9.31142
G1 X74.786 Y87.798 E9.56622
G1 X74.786 Y87.314 E9.5869
G1 X70.738 Y91.362 E9.83146
G1 X70.911 Y90.705 E9.86048
G1 X74.786 Y86.83 E10.09459
G1 X74.786 Y86.345 E10.11531
G1 X71.17 Y89.962 E10.3338
G1 X71.463 Y89.184 E10.36931
G1 X74.753 Y85.894 E10.56807
G1 X74.682 Y85.674 E10.57795
G1 X74.429 Y85.955 E10.5941
G1 X74.27 Y85.893 E10.60139
G1 X71.926 Y88.237 E10.743
G1 X72.18 Y87.73 E10.76722
G1 X72.587 Y87.092 E10.79955
G1 X74.006 Y85.673 E10.88528
G1 X74.006 Y85.188 E10.906
G1 X73.027 Y86.168 E10.96518
G1 E8.96518
G92 E0
G1 X75.033 Y85.572 F7800
G1 E2 F2400
;TYPE:Solid infill
;WIDTH:0.45
G1 F3000
G1 X75.572 Y85.033 E2.03666
G1 X75.435 Y84.778 E2.05058
;WIDTH:0.404381
G1 X75.166 Y85.031 E2.06624
G1 X74.78 Y85.437 E2.09
;WIDTH:0.45
G1 X75.138 Y86.012 E2.12258
G1 X76.012 Y85.138 E2.18203
G1 X76.549 Y85.147 E2.20786
G1 X75.147 Y86.549 E2.30322
G1 X75.147 Y87.094 E2.32943
G1 X77.094 Y85.147 E2.46186
G1 X77.64 Y85.147 E2.48812
G1 X75.147 Y87.64 E2.65769
G1 X75.147 Y88.185 E2.6839
G1 X78.185 Y85.147 E2.89054
G1 X78.73 Y85.147 E2.91675
G1 X75.147 Y88.73 E3.16046
G1 X75.147 Y89.276 E3.18672
G1 X79.276 Y85.147 E3.46757
G1 X79.821 Y85.147 E3.49378
G1 X75.147 Y89.821 E3.8117
G1 X75.147 Y90.366 E3.83791
G1 X80.366 Y85.147 E4.1929
G1 X80.912 Y85.147 E4.21916
G1 X75.147 Y90.912 E4.61129
G1 X75.147 Y91.457 E4.6375
G1 X81.457 Y85.147 E5.0667
G1 X82.002 Y85.147 E5.09291
G1 X75.147 Y92.002 E5.55918
G1 X75.147 Y92.548 E5.58544
G1 X82.548 Y85.147 E6.08885
G1 X83.093 Y85.147 E6.11506
G1 X75.147 Y93.093 E6.65554
G1 X75.147 Y93.638 E6.68175
G1 X83.638 Y85.147 E7.2593
G1 X84.184 Y85.147 E7.28556
G1 X75.147 Y94.184 E7.90025
G1 X75.147 Y94.729 E7.92646
G1 X84.729 Y85.147 E8.57822
G1 X85.274 Y85.147 E8.60443
G1 X75.147 Y95.274 E9.29326
G1 X75.064 Y96.122 F7800
;WIDTH:0.404381
G1 F3000
G1 X75.023 Y96.133 E9.29506
G1 X75.004 Y96.062 E9.29818
G1 X75.075 Y96.081 E9.3013
;WIDTH:0.45
G1 X75.147 Y95.82 E9.31432
G1 X85.82 Y85.147 E10.04028
G1 X86.365 Y85.147 E10.06649
G1 X82.011 Y89.501 E10.36264
G1 X81.738 Y89.704 E10.379
;WIDTH:0.404381
G1 X81.564 Y89.834 E10.38821
G1 X80.66 Y90.652 E10.43991
G1 X79.834 Y91.565 E10.49212
G1 X79.71 Y91.73 E10.50087
;WIDTH:0.45
G1 X79.509 Y92.003 E10.51718
G1 X75.147 Y96.365 E10.81388
G1 X75.147 Y96.91 E10.84009
G1 X79.071 Y92.987 E11.10696
G1 X79.264 Y92.744 E11.12189
;WIDTH:0.404381
G1 X79.223 Y92.755 E11.12369
G1 X79.204 Y92.684 E11.12681
G1 X79.275 Y92.703 E11.12993
G1 X79.036 Y93.481 F7800
G1 F3000
G1 X78.965 Y93.462 E11.13305
G1 X78.984 Y93.534 E11.13621
G1 X79.025 Y93.523 E11.13801
;WIDTH:0.45
G1 X78.838 Y93.765 E11.15272
G1 X75.147 Y97.456 E11.40378
G1 X75.147 Y98.001 E11.42999
G1 X78.777 Y94.371 E11.6769
G1 X78.717 Y94.977 E11.70619
G1 X75.147 Y98.546 E11.94898
G1 X75.147 Y99.092 E11.97524
G1 X78.761 Y95.477 E12.22109
G1 X78.811 Y95.973 E12.24507
G1 X75.147 Y99.637 E12.49429
G1 X75.147 Y100.183 E12.52055
G1 X78.896 Y96.434 E12.77555
G1 X79.022 Y96.853 E12.79659
G1 X75.147 Y100.728 E13.06016
G1 X75.147 Y101.273 E13.08637
G1 X79.149 Y97.272 E13.35855
G1 X79.323 Y97.643 E13.37826
G1 X75.147 Y101.819 E13.66231
G1 X75.147 Y102.364 E13.68852
G1 X79.511 Y98 E13.98535
G1 X79.699 Y98.357 E14.00476
G1 X75.147 Y102.909 E14.31438
G1 X75.147 Y103.455 E14.34064
G1 X79.926 Y98.675 E14.66574
G1 X80.172 Y98.975 E14.6844
G1 X75.135 Y104.012 E15.02701
G1 X74.942 Y104.18 E15.03932
;WIDTH:0.404381
G1 X74.822 Y104.591 E15.05748
;WIDTH:0.45
G1 X75.027 Y104.665 E15.06796
G1 X80.417 Y99.276 E15.43455
G1 X80.686 Y99.552 E15.45309
G1 X75.303 Y104.935 E15.81923
G1 X75.436 Y105.187 E15.83293
;WIDTH:0.404381
G1 X75.395 Y105.198 E15.83473
G1 X75.376 Y105.127 E15.83785
G1 X75.447 Y105.146 E15.84097
;WIDTH:0.45
G1 X75.905 Y104.878 E15.86649
G1 X80.986 Y99.797 E16.21209
G1 X81.286 Y100.042 E16.23072
G1 X76.475 Y104.853 E16.55796
G1 X77.021 Y104.853 E16.58422
G1 X81.597 Y100.277 E16.89547
G1 X81.954 Y100.465 E16.91488
G1 X77.566 Y104.853 E17.21335
G1 X78.112 Y104.853 E17.23961
G1 X82.311 Y100.654 E17.52522
G1 X82.675 Y100.835 E17.54477
G1 X78.657 Y104.853 E17.81807
G1 X79.202 Y104.853 E17.84428
G1 X83.093 Y100.962 E18.10894
G1 X83.512 Y101.088 E18.12998
G1 X79.748 Y104.853 E18.38604
G1 X80.293 Y104.853 E18.41225
G1 X84.146 Y101.013 E18.67388
;WIDTH:0.404381
G1 X84.075 Y100.994 E18.677
G1 X84.094 Y101.065 E18.68012
G1 X84.135 Y101.054 E18.68192
;WIDTH:0.45
G1 X84.459 Y101.232 E18.6997
G1 X80.838 Y104.853 E18.946
G1 X81.384 Y104.853 E18.97226
G1 X84.955 Y101.282 E19.21515
G1 X85.551 Y101.231 E19.24392
G1 X81.929 Y104.853 E19.49028
G1 X82.474 Y104.853 E19.51649
G1 X86.158 Y101.17 E19.76704
G1 X86.457 Y101.046 E19.78261
;WIDTH:0.404381
G1 X86.416 Y101.057 E19.78441
G1 X86.397 Y100.986 E19.78753
G1 X86.468 Y101.005 E19.79065
G1 X87.224 Y100.785 F7800
G1 F3000
G1 X87.153 Y100.766 E19.79377
G1 X87.172 Y100.837 E19.79689
G1 X87.213 Y100.826 E19.79869
;WIDTH:0.45
G1 X86.913 Y100.96 E19.81449
G1 X83.02 Y104.853 E20.07929
G1 X83.868 Y104.996 F7800
;WIDTH:0.404381
G1 F3000
G1 X83.827 Y105.007 E20.08109
G1 X83.808 Y104.936 E20.08421
G1 X83.879 Y104.955 E20.08733
;WIDTH:0.45
G1 X83.565 Y104.853 E20.10321
G1 X87.849 Y100.569 E20.3946
G1 X88.122 Y100.368 E20.41091
;WIDTH:0.404381
G1 X88.42 Y100.146 E20.42667
G1 E18.42667 F2400
G92 E0
G1 X82.736 Y89.273 F7800
G1 E2 F2400
G1 F3000
G1 X82.695 Y89.284 E2.0018
G1 X82.676 Y89.213 E2.00492
G1 X82.747 Y89.232 E2.00804
;WIDTH:0.45
G1 X82.979 Y89.079 E2.02141
G1 X86.91 Y85.147 E2.28883
G1 X87.456 Y85.147 E2.31509
G1 X83.765 Y88.838 E2.56615
G1 X83.536 Y88.991 E2.5794
;WIDTH:0.404381
G1 X83.465 Y88.971 E2.58253
G1 X83.484 Y89.043 E2.58569
G1 X83.525 Y89.032 E2.58749
G1 X84.374 Y88.774 F7800
;WIDTH:0.45
G1 F3000
G1 X88.001 Y85.147 E2.83419
G1 X88.546 Y85.147 E2.8604
G1 X84.975 Y88.719 E3.10333
G1 X85.473 Y88.766 E3.12739
G1 X89.092 Y85.147 E3.37355
G1 X89.637 Y85.147 E3.39976
G1 X85.971 Y88.813 E3.64912
G1 X86.434 Y88.895 E3.67174
G1 X90.183 Y85.147 E3.92671
G1 X90.728 Y85.147 E3.95292
G1 X86.853 Y89.022 E4.21649
G1 X87.272 Y89.149 E4.23755
G1 X91.273 Y85.147 E4.50973
G1 X91.819 Y85.147 E4.53599
G1 X87.643 Y89.322 E4.82
G1 X88 Y89.511 E4.83943
G1 X92.364 Y85.147 E5.13626
G1 X92.909 Y85.147 E5.16247
G1 X88.357 Y89.699 E5.47209
G1 X88.675 Y89.926 E5.49088
G1 X93.455 Y85.147 E5.81598
G1 X94.586 Y84.818 F7800
;WIDTH:0.404381
G1 F3000
G1 X94.307 Y84.92 E5.82858
;WIDTH:0.45
G1 X94.012 Y85.135 E5.84614
G1 X88.975 Y90.172 E6.18875
G1 X89.276 Y90.417 E6.20742
G1 X94.669 Y85.024 E6.57425
G1 X94.936 Y85.302 E6.59279
G1 X89.552 Y90.686 E6.959
G1 X89.797 Y90.986 E6.97763
G1 X94.878 Y85.906 E7.3232
G1 X94.853 Y86.475 E7.35059
G1 X90.042 Y91.286 E7.67783
G1 X90.276 Y91.597 E7.69655
G1 X94.853 Y87.021 E8.00784
G1 X94.853 Y87.566 E8.03405
G1 X90.465 Y91.954 E8.33252
G1 X90.653 Y92.311 E8.35193
G1 X94.853 Y88.112 E8.63757
G1 X94.853 Y88.657 E8.66378
G1 X90.835 Y92.675 E8.93708
G1 X90.962 Y93.094 E8.95814
G1 X94.853 Y89.202 E9.22284
G1 X94.853 Y89.748 E9.2491
G1 X91.088 Y93.512 E9.50516
G1 X91.182 Y93.964 E9.52736
G1 X94.853 Y90.293 E9.77706
G1 X94.853 Y90.838 E9.80327
G1 X91.232 Y94.459 E10.04957
G1 X91.282 Y94.955 E10.07355
G1 X94.853 Y91.384 E10.31644
G1 X94.853 Y91.929 E10.34265
G1 X91.231 Y95.551 E10.58901
G1 X91.046 Y96.457 F7800
;WIDTH:0.404381
G1 F3000
G1 X91.005 Y96.468 E10.59081
G1 X90.986 Y96.397 E10.59393
G1 X91.057 Y96.416 E10.59705
;WIDTH:0.45
G1 X91.17 Y96.157 E10.61064
G1 X94.853 Y92.474 E10.86115
G1 X94.853 Y93.02 E10.88741
G1 X90.96 Y96.913 E11.15221
G1 X90.818 Y97.216 E11.1683
;WIDTH:0.404381
G1 X90.776 Y97.227 E11.17014
G1 X90.757 Y97.155 E11.1733
G1 X90.829 Y97.175 E11.17647
G1 X90.147 Y98.42 F7800
G1 F3000
G1 X90.368 Y98.122 E11.1922
;WIDTH:0.45
G1 X90.569 Y97.849 E11.20851
G1 X94.853 Y93.565 E11.4999
G1 X94.853 Y94.11 E11.52611
G1 X84.11 Y104.853 E12.25684
G1 X84.656 Y104.853 E12.2831
G1 X94.853 Y94.656 E12.97669
G1 X94.853 Y95.201 E13.0029
G1 X85.201 Y104.853 E13.65942
G1 X85.746 Y104.853 E13.68563
G1 X94.853 Y95.746 E14.30508
G1 X94.853 Y96.292 E14.33134
G1 X86.292 Y104.853 E14.91365
G1 X86.837 Y104.853 E14.93986
G1 X94.853 Y96.837 E15.4851
G1 X94.853 Y97.382 E15.51131
G1 X87.382 Y104.853 E16.01948
G1 X87.928 Y104.853 E16.04574
G1 X94.853 Y97.928 E16.51677
G1 X94.853 Y98.473 E16.54298
G1 X88.473 Y104.853 E16.97694
G1 X89.018 Y104.853 E17.00315
G1 X94.853 Y99.018 E17.40004
G1 X94.853 Y99.564 E17.4263
G1 X89.564 Y104.853 E17.78605
G1 X90.109 Y104.853 E17.81226
G1 X94.853 Y100.109 E18.13494
G1 X94.853 Y100.655 E18.1612
G1 X90.655 Y104.853 E18.44674
G1 X91.2 Y104.853 E18.47295
G1 X94.853 Y101.2 E18.72142
G1 X94.853 Y101.745 E18.74763
G1 X91.745 Y104.853 E18.95903
G1 X92.291 Y104.853 E18.98529
G1 X94.853 Y102.291 E19.15955
G1 X94.853 Y102.836 E19.18576
G1 X92.836 Y104.853 E19.32295
G1 X92.729 Y105.007 E19.33197
;WIDTH:0.404381
G1 X92.658 Y104.987 E19.3351
G1 X92.677 Y105.059 E19.33826
G1 X92.718 Y105.048 E19.34006
G1 E17.34006 F2400
G92 E0
G1 X94.717 Y103.517 F7800
G1 E2 F2400
;WIDTH:0.45
G1 F3000
G1 X93.379 Y104.855 E2.09101
G1 X93.951 Y104.859 E2.11852
G1 X94.505 Y104.993 E2.14593
G1 X94.574 Y105.06 E2.15056
G1 X95.007 Y104.657 E2.17901
G1 X95.059 Y104.598 E2.18279
G1 X95.006 Y104.538 E2.18664
G1 X94.857 Y103.923 E2.21708
G1 X94.853 Y103.381 E2.24315
G1 X94.549 Y104.171 F7800
;WIDTH:0.366541
G1 F3000
G1 X94.64 Y104.529 E2.25707
G1 X94.518 Y104.642 E2.26334
G1 X94.168 Y104.553 E2.27695
G1 X94.413 Y104.307 E2.29003
G1 X95.099 Y105.099 F7800
;TYPE:Internal infill
;WIDTH:0.45
G1 F4200
G1 X95.402 Y105.402 E2.31064
G1 E.31064 F2400
G92 E0
G1 X97.897 Y102.432 F7800
G1 E2 F2400
;TYPE:Top solid infill
;WIDTH:0.406967
G1 X95.994 Y104.334 E2.11496
G1 X95.994 Y104.211 E2.12022
G1 X95.731 Y104.113 E2.13221
G1 X98.067 Y101.777 E2.27337
G1 X98.532 Y100.827 E2.31856
G1 X95.248 Y104.111 E2.51701
G1 X95.214 Y103.881 E2.52694
G1 X95.214 Y103.661 E2.53634
G1 X98.826 Y100.048 E2.75464
G1 X99.036 Y99.494 E2.77996
G1 X99.086 Y99.304 E2.78835
G1 X95.214 Y103.177 E3.02236
G1 X95.214 Y102.692 E3.04308
G1 X99.26 Y98.646 E3.28757
G1 X99.429 Y97.992 E3.31643
G1 X95.214 Y102.208 E3.57117
G1 X95.214 Y101.723 E3.59189
G1 X99.519 Y97.418 E3.85203
G1 X99.609 Y96.843 E3.8769
G1 X95.214 Y101.239 E4.14251
G1 X95.214 Y100.754 E4.16323
G1 X99.671 Y96.297 E4.43256
G1 X99.697 Y95.786 E4.45442
G1 X95.214 Y100.27 E4.72535
G1 X95.214 Y99.785 E4.74607
G1 X99.724 Y95.275 E5.0186
G1 X99.738 Y95 E5.03037
G1 X99.727 Y94.787 E5.03948
G1 X95.214 Y99.301 E5.31222
G1 X95.214 Y98.816 E5.33294
G1 X99.703 Y94.327 E5.6042
G1 X99.679 Y93.866 E5.62392
G1 X95.214 Y98.332 E5.89376
G1 X95.214 Y97.847 E5.91448
G1 X99.649 Y93.412 E6.18248
G1 X99.583 Y92.993 E6.2006
G1 X95.214 Y97.363 E6.46464
G1 X95.214 Y96.878 E6.48536
G1 X99.518 Y92.574 E6.74544
G1 X99.452 Y92.155 E6.76356
G1 X95.214 Y96.394 E7.01969
G1 X95.214 Y95.909 E7.04041
G1 X99.366 Y91.756 E7.29134
G1 X99.265 Y91.373 E7.30826
G1 X95.214 Y95.425 E7.55308
G1 X95.214 Y94.94 E7.5738
G1 X99.164 Y90.99 E7.81249
G1 X99.062 Y90.607 E7.82943
G1 X95.214 Y94.456 E8.06199
G1 X95.214 Y93.971 E8.08271
G1 X98.938 Y90.247 E8.30774
G1 X98.805 Y89.895 E8.32382
G1 X95.214 Y93.487 E8.54085
G1 X95.214 Y93.002 E8.56157
G1 X98.672 Y89.544 E8.77053
G1 X98.539 Y89.193 E8.78657
G1 X95.214 Y92.518 E8.98749
G1 X95.214 Y92.033 E9.00821
G1 X98.387 Y88.86 E9.19995
G1 X98.224 Y88.538 E9.21537
G1 X95.214 Y91.549 E9.39729
G1 X95.214 Y91.064 E9.41801
G1 X98.062 Y88.216 E9.59011
G1 X97.9 Y87.893 E9.60555
G1 X95.214 Y90.58 E9.76789
G1 X95.214 Y90.095 E9.78861
G1 X97.727 Y87.582 E9.94047
G1 X97.538 Y87.287 E9.95544
G1 X95.214 Y89.611 E10.09588
G1 X95.214 Y89.126 E10.1166
G1 X97.349 Y86.991 E10.24561
G1 X97.159 Y86.696 E10.2606
G1 X95.214 Y88.642 E10.37816
G1 X95.214 Y88.157 E10.39888
G1 X96.968 Y86.403 E10.50487
G1 X96.754 Y86.133 E10.51959
G1 X95.214 Y87.673 E10.61265
G1 X95.214 Y87.188 E10.63337
G1 X96.539 Y85.863 E10.71344
G1 X96.325 Y85.593 E10.72816
G1 X95.214 Y86.704 E10.7953
G1 X95.214 Y86.219 E10.81602
G1 X95.538 Y85.895 E10.8356
G1 X95.58 Y85.939 E10.8382
G1 X95.994 Y85.773 E10.85726
G1 X95.994 Y85.439 E10.87153
G1 X96.218 Y85.215 E10.88507
G1 E8.88507
G92 E0
G1 X94.783 Y83.781 F7800
G1 E2 F2400
;WIDTH:0.406922
G1 X94.558 Y84.006 E2.01359
G1 X94.215 Y84.006 E2.02824
G1 X94.058 Y84.442 E2.04804
G1 X94.093 Y84.471 E2.04998
G1 X93.778 Y84.786 E2.06901
G1 X93.293 Y84.786 E2.08973
G1 X94.405 Y83.674 E2.15692
G1 X94.135 Y83.46 E2.17164
G1 X92.809 Y84.786 E2.25176
G1 X92.325 Y84.786 E2.27244
G1 X93.865 Y83.246 E2.36549
G1 X93.594 Y83.032 E2.38024
G1 X91.84 Y84.786 E2.48622
G1 X91.356 Y84.786 E2.5069
G1 X93.303 Y82.839 E2.62454
G1 X93.007 Y82.65 E2.63954
G1 X90.871 Y84.786 E2.7686
G1 X90.387 Y84.786 E2.78928
G1 X92.711 Y82.462 E2.9297
G1 X92.415 Y82.274 E2.94468
G1 X89.902 Y84.786 E3.09649
G1 X89.418 Y84.786 E3.11717
G1 X92.106 Y82.098 E3.27958
G1 X91.783 Y81.937 E3.295
G1 X88.934 Y84.786 E3.46714
G1 X88.449 Y84.786 E3.48786
G1 X91.46 Y81.775 E3.66979
G1 X91.137 Y81.614 E3.68521
G1 X87.965 Y84.786 E3.87686
G1 X87.48 Y84.786 E3.89758
G1 X90.807 Y81.46 E4.09857
G1 X90.456 Y81.327 E4.11461
G1 X86.996 Y84.786 E4.32363
G1 X86.511 Y84.786 E4.34435
G1 X90.104 Y81.194 E4.56141
G1 X89.752 Y81.061 E4.57749
G1 X86.027 Y84.786 E4.80256
G1 X85.543 Y84.786 E4.82324
G1 X89.391 Y80.938 E5.05574
G1 X89.008 Y80.837 E5.07266
G1 X85.058 Y84.786 E5.31129
G1 X84.574 Y84.786 E5.33197
G1 X88.625 Y80.735 E5.57673
G1 X88.242 Y80.633 E5.59366
G1 X84.089 Y84.786 E5.84459
G1 X83.605 Y84.786 E5.86527
G1 X87.842 Y80.549 E6.12127
G1 X87.423 Y80.484 E6.13939
G1 X83.12 Y84.786 E6.39935
G1 X82.636 Y84.786 E6.42003
G1 X87.003 Y80.419 E6.68389
G1 X86.584 Y80.354 E6.70201
G1 X82.152 Y84.786 E6.96979
G1 X81.667 Y84.786 E6.99051
G1 X86.134 Y80.32 E7.26038
G1 X85.673 Y80.296 E7.2801
G1 X81.183 Y84.786 E7.55139
G1 X80.698 Y84.786 E7.57211
G1 X85.212 Y80.272 E7.84485
G1 X84.723 Y80.277 E7.86574
G1 X80.214 Y84.786 E8.13818
G1 X79.729 Y84.786 E8.1589
G1 X84.213 Y80.303 E8.42979
G1 X83.703 Y80.329 E8.45161
G1 X79.245 Y84.786 E8.72093
G1 X78.761 Y84.786 E8.74161
G1 X83.155 Y80.392 E9.0071
G1 X82.581 Y80.481 E9.03192
G1 X78.276 Y84.786 E9.29203
G1 X77.792 Y84.786 E9.31271
G1 X82.008 Y80.57 E9.56744
G1 X81.353 Y80.74 E9.59635
G1 X77.307 Y84.786 E9.84081
G1 X76.823 Y84.786 E9.86149
G1 X80.696 Y80.914 E10.09547
G1 X80.514 Y80.962 E10.10351
G1 X79.951 Y81.174 E10.12921
G1 X76.338 Y84.786 E10.34748
G1 X76.119 Y84.786 E10.35684
G1 X75.889 Y84.752 E10.36677
G1 X79.172 Y81.468 E10.56516
G1 X78.222 Y81.934 E10.61037
G1 X75.892 Y84.264 E10.75115
G1 X75.794 Y84.006 E10.76294
G1 X75.666 Y84.006 E10.76841
G1 X77.567 Y82.104 E10.8833
G1 E8.8833
G92 E0
G1 X74.896 Y84.896 F7800
G1 E2 F2400
;TYPE:Internal infill
;WIDTH:0.45
G1 F4200
G1 X74.603 Y84.603 E2.01993
G1 E.01993 F2400
G92 E0
G1 X92.423 Y107.902 F7800
G1 E2 F2400
;TYPE:Top solid infill
;WIDTH:0.406999
G1 X94.331 Y105.994 E2.11531
G1 X94.22 Y105.994 E2.12005
G1 X94.114 Y105.726 E2.13237
G1 X91.771 Y108.07 E2.274
G1 X90.823 Y108.534 E2.3191
G1 X94.109 Y105.247 E2.51772
G1 X93.882 Y105.214 E2.52752
G1 X93.658 Y105.214 E2.53709
G1 X90.043 Y108.829 E2.75556
G1 X89.504 Y109.033 E2.78019
G1 X89.3 Y109.087 E2.78921
G1 X93.174 Y105.214 E3.0233
G1 X92.689 Y105.214 E3.04403
G1 X88.641 Y109.261 E3.28864
G1 X87.988 Y109.43 E3.31746
G1 X92.204 Y105.214 E3.57225
G1 X91.72 Y105.214 E3.59293
G1 X87.414 Y109.519 E3.85313
G1 X86.84 Y109.609 E3.87796
G1 X91.235 Y105.214 E4.14357
G1 X90.751 Y105.214 E4.16425
G1 X86.294 Y109.671 E4.4336
G1 X85.783 Y109.697 E4.45546
G1 X90.266 Y105.214 E4.72639
G1 X89.782 Y105.214 E4.74707
G1 X85.272 Y109.724 E5.01963
G1 X85 Y109.738 E5.03127
G1 X84.784 Y109.727 E5.04051
G1 X89.297 Y105.214 E5.31325
G1 X88.813 Y105.214 E5.33393
G1 X84.323 Y109.703 E5.60525
G1 X83.863 Y109.679 E5.62493
G1 X88.328 Y105.214 E5.89477
G1 X87.844 Y105.214 E5.91545
G1 X83.409 Y109.648 E6.18344
G1 X82.99 Y109.583 E6.20156
G1 X87.359 Y105.214 E6.4656
G1 X86.875 Y105.214 E6.48628
G1 X82.571 Y109.517 E6.74636
G1 X82.152 Y109.452 E6.76448
G1 X86.39 Y105.214 E7.0206
G1 X85.906 Y105.214 E7.04128
G1 X81.753 Y109.366 E7.29223
G1 X81.37 Y109.264 E7.30917
G1 X85.421 Y105.214 E7.55396
G1 X84.936 Y105.214 E7.57469
G1 X80.987 Y109.163 E7.81334
G1 X80.604 Y109.061 E7.83028
G1 X84.452 Y105.214 E8.0628
G1 X83.967 Y105.214 E8.08353
G1 X80.244 Y108.937 E8.30853
G1 X79.892 Y108.804 E8.32461
G1 X83.483 Y105.214 E8.5416
G1 X82.998 Y105.214 E8.56233
G1 X79.541 Y108.671 E8.77125
G1 X79.189 Y108.538 E8.78733
G1 X82.514 Y105.214 E8.98824
G1 X82.029 Y105.214 E9.00897
G1 X78.858 Y108.385 E9.20061
G1 X78.535 Y108.223 E9.21605
G1 X81.545 Y105.214 E9.39793
G1 X81.06 Y105.214 E9.41866
G1 X78.212 Y108.062 E9.59078
G1 X77.889 Y107.9 E9.60622
G1 X80.576 Y105.214 E9.76858
G1 X80.091 Y105.214 E9.78931
G1 X77.583 Y107.722 E9.94088
G1 X77.287 Y107.534 E9.95586
G1 X79.607 Y105.214 E10.09607
G1 X79.122 Y105.214 E10.1168
G1 X76.99 Y107.345 E10.24561
G1 X76.694 Y107.157 E10.26059
G1 X78.637 Y105.214 E10.37801
G1 X78.153 Y105.214 E10.39869
G1 X76.4 Y106.966 E10.5046
G1 X76.13 Y106.752 E10.51932
G1 X77.668 Y105.214 E10.61227
G1 X77.184 Y105.214 E10.63295
G1 X75.86 Y106.537 E10.71293
G1 X75.59 Y106.323 E10.72765
G1 X76.699 Y105.214 E10.79467
G1 X76.215 Y105.214 E10.81535
G1 X75.886 Y105.543 E10.83523
G1 X75.928 Y105.584 E10.83774
G1 X75.76 Y105.994 E10.85667
G1 X75.434 Y105.994 E10.8706
G1 X75.213 Y106.216 E10.88399
M106 S226.95
;LAYER_CHANGE
;Z:3.35
;HEIGHT:0.3
G1 E8.88399 F2400
G92 E0
G1 Z3.35 F7800
G1 X79.016 Y95
G1 E2 F2400
;TYPE:Perimeter
;WIDTH:0.45
G1 F1800
G1 X79.105 Y93.924 E2.05193
G1 X79.428 Y92.794 E2.10846
G1 X79.966 Y91.75 E2.16495
G1 X80.696 Y90.83 E2.22144
G1 X81.593 Y90.071 E2.27795
G1 X82.62 Y89.501 E2.33444
G1 X83.738 Y89.142 E2.39092
G1 X84.906 Y89.008 E2.44747
G1 X86.076 Y89.105 E2.50394
G1 X87.206 Y89.428 E2.56047
G1 X88.25 Y89.966 E2.61696
G1 X89.17 Y90.696 E2.67345
G1 X89.929 Y91.593 E2.72996
G1 X90.499 Y92.62 E2.78645
G1 X90.858 Y93.738 E2.84293
G1 X90.992 Y94.906 E2.89948
G1 X90.895 Y96.076 E2.95595
G1 X90.572 Y97.206 E3.01248
G1 X90.034 Y98.25 E3.06897
G1 X89.304 Y99.17 E3.12546
G1 X88.407 Y99.929 E3.18197
G1 X87.38 Y100.499 E3.23846
G1 X86.262 Y100.858 E3.29494
G1 X85.094 Y100.992 E3.35149
G1 X83.924 Y100.895 E3.40796
G1 X82.794 Y100.572 E3.46449
G1 X81.75 Y100.034 E3.52098
G1 X80.83 Y99.304 E3.57747
G1 X80.071 Y98.407 E3.63398
G1 X79.501 Y97.38 E3.69047
G1 X79.142 Y96.262 E3.74695
G1 X79.008 Y95.094 E3.8035
G1 X79.011 Y95.06 E3.80514
G1 X79.397 Y95 F7800
G1 F1800
G1 X79.489 Y93.962 E3.85526
G1 X79.797 Y92.906 E3.90817
G1 X80.306 Y91.932 E3.96103
G1 X80.994 Y91.075 E4.01389
G1 X81.837 Y90.369 E4.06678
G1 X82.802 Y89.841 E4.11969
G1 X83.85 Y89.511 E4.17254
G1 X84.943 Y89.392 E4.22542
G1 X86.038 Y89.489 E4.27829
G1 X87.094 Y89.797 E4.3312
G1 X88.068 Y90.306 E4.38406
G1 X88.925 Y90.994 E4.43692
G1 X89.631 Y91.837 E4.48981
G1 X90.159 Y92.802 E4.54272
G1 X90.489 Y93.85 E4.59557
G1 X90.608 Y94.943 E4.64845
G1 X90.511 Y96.038 E4.70132
G1 X90.203 Y97.094 E4.75423
G1 X89.694 Y98.068 E4.80709
G1 X89.006 Y98.925 E4.85995
G1 X88.163 Y99.631 E4.91284
G1 X87.198 Y100.159 E4.96575
G1 X86.15 Y100.489 E5.0186
G1 X85.057 Y100.608 E5.07148
G1 X83.962 Y100.511 E5.12435
G1 X82.906 Y100.203 E5.17726
G1 X81.932 Y99.694 E5.23012
G1 X81.075 Y99.006 E5.28298
G1 X80.369 Y98.163 E5.33587
G1 X79.841 Y97.198 E5.38878
G1 X79.511 Y96.15 E5.44163
G1 X79.392 Y95.06 E5.49437
G1 X79.778 Y95 F7800
;TYPE:External perimeter
G1 F1800
G1 X79.872 Y93.999 E5.54273
G1 X80.166 Y93.018 E5.59199
G1 X80.646 Y92.113 E5.64126
G1 X81.293 Y91.319 E5.69052
G1 X82.082 Y90.667 E5.73975
G1 X82.983 Y90.181 E5.78899
G1 X83.962 Y89.88 E5.83825
G1 X84.981 Y89.776 E5.88751
G1 X86.001 Y89.872 E5.93679
G1 X86.982 Y90.166 E5.98605
G1 X87.887 Y90.646 E6.03532
G1 X88.681 Y91.293 E6.08458
G1 X89.333 Y92.082 E6.13381
G1 X89.819 Y92.983 E6.18305
G1 X90.12 Y93.962 E6.23231
G1 X90.224 Y94.981 E6.28157
G1 X90.128 Y96.001 E6.33085
G1 X89.834 Y96.982 E6.38011
G1 X89.354 Y97.887 E6.42938
G1 X88.707 Y98.681 E6.47864
G1 X87.918 Y99.333 E6.52787
G1 X87.017 Y99.819 E6.57711
G1 X86.038 Y100.12 E6.62637
G1 X85.019 Y100.224 E6.67563
G1 X83.999 Y100.128 E6.72491
G1 X83.018 Y99.834 E6.77417
G1 X82.113 Y99.354 E6.82344
G1 X81.319 Y98.707 E6.8727
G1 X80.667 Y97.918 E6.92193
G1 X80.181 Y97.017 E6.97117
G1 X79.88 Y96.038 E7.02043
G1 X79.78 Y95.06 E7.06771
G1 X79.811 Y94.661 F7800
G1 E5.06771 F2400
G92 E0
G1 X96.004 Y84.813 F7800
G1 E2 F2400
;TYPE:Perimeter
G1 F2024
G1 X96.004 Y85.39 E2.02775
G1 X96.004 Y105.187 E2.97992
G1 X95.187 Y106.004 E3.03549
G1 X74.813 Y106.004 E4.01541
G1 X73.996 Y105.187 E4.07098
G1 X73.996 Y84.813 E5.0509
G1 X74.813 Y83.996 E5.10647
G1 X95.187 Y83.996 E6.08639
G1 X95.961 Y84.77 E6.13904
G1 X96.389 Y84.653 F7800
G1 F2024
G1 X96.389 Y85.39 E6.17449
G1 X96.389 Y105.347 E7.13435
G1 X95.347 Y106.389 E7.20523
G1 X74.653 Y106.389 E8.20054
G1 X73.611 Y105.347 E8.27142
G1 X73.611 Y84.653 E9.26673
G1 X74.653 Y83.611 E9.33761
G1 X95.347 Y83.611 E10.33292
G1 X96.347 Y84.611 E10.40094
G1 X96.775 Y84.493 F7800
;TYPE:External perimeter
G1 F1800
G1 X96.775 Y85.39 E10.44408
G1 X96.775 Y105.507 E11.41164
G1 X95.507 Y106.775 E11.49789
G1 X74.493 Y106.775 E12.50859
G1 X73.225 Y105.507 E12.59484
G1 X73.225 Y84.493 E13.60554
G1 X74.493 Y83.225 E13.69179
G1 X95.507 Y83.225 E14.70249
G1 X96.733 Y84.451 E14.78588
G1 X96.771 Y84.849 F7800
G1 E12.78588 F2400
G92 E0
G1 X90.646 Y84.285 F7800
G1 E2 F2400
;TYPE:Internal infill
;WIDTH:0.45
G1 F2024
G1 X95.715 Y89.354 E2.34479
G1 X95.715 Y89.135 E2.35532
G1 X89.621 Y90.768 E2.65876
G1 X90.287 Y91.609 E2.71036
G1 X90.82 Y92.639 E2.76614
G1 X95.715 Y97.534 E3.09909
G1 X95.715 Y99.71 E3.20375
G1 X94.106 Y105.715 E3.50276
G1 X95.068 Y105.715 E3.54903
G1 X95.391 Y105.391 E3.57103
G1 X89.445 Y99.445 E3.97547
G1 X88.587 Y100.156 E4.02906
G1 X87.512 Y100.757 E4.0883
G1 X86.2 Y101.17 E4.15446
G1 X85 Y101.286 E4.21244
G1 X83.891 Y101.182 E4.26601
G1 X83.379 Y101.051 E4.29143
G1 X82.129 Y105.715 E4.52367
G1 X84.443 Y105.715 E4.63497
G1 E2.63497 F2400
G92 E0
G1 X79.354 Y105.715 F7800
G1 E2 F2400
G1 F2024
G1 X74.285 Y100.646 E2.34479
G1 X74.285 Y100.865 E2.35532
G1 X80.379 Y99.232 E2.65876
G1 X79.713 Y98.391 E2.71036
G1 X79.18 Y97.361 E2.76614
G1 X74.285 Y92.466 E3.09909
G1 X74.285 Y90.29 E3.20375
G1 X75.894 Y84.285 E3.50276
G1 X74.932 Y84.285 E3.54903
G1 X74.609 Y84.609 E3.57103
G1 X80.555 Y90.555 E3.97547
G1 X81.413 Y89.844 E4.02906
G1 X82.488 Y89.243 E4.0883
G1 X83.8 Y88.83 E4.15446
G1 X85.118 Y88.72 E4.21807
G1 X86.109 Y88.818 E4.26597
G1 X86.621 Y88.949 E4.29139
G1 X87.871 Y84.285 E4.52363
G1 X85.557 Y84.285 E4.63493
G1 E2.63493 F2400
G92 E0
G1 X89.293 Y90.429 F7800
G1 E2 F2400
G1 F2024
G1 X88.391 Y89.713 E2.05539
G1 X87.361 Y89.18 E2.11117
G1 X82.466 Y84.285 E2.44412
G1 X81.883 Y84.285 E2.47216
G1 X80.034 Y91.183 E2.81564
G1 X79.713 Y91.609 E2.84129
G1 X79.243 Y92.488 E2.88923
G1 X78.994 Y93.229 E2.92683
G1 E.92683 F2400
G92 E0
G1 X74.285 Y97.191 F7800
G1 E2 F2400
G1 F2024
G1 X74.285 Y94.877 E2.1113
G1 X78.867 Y93.649 E2.33946
G1 X78.714 Y95 E2.40485
G1 X78.793 Y95.817 E2.44433
G1 X76.141 Y105.715 E2.93718
G1 X78.536 Y105.715 E3.05237
G1 X95.715 Y101.112 E3.90777
G1 X95.715 Y103.425 E4.01902
G1 E2.01902 F2400
G92 E0
G1 X80.707 Y99.571 F7800
G1 E2 F2400
G1 F2024
G1 X81.609 Y100.287 E2.05539
G1 X82.639 Y100.82 E2.11117
G1 X87.534 Y105.715 E2.44412
G1 X88.117 Y105.715 E2.47216
G1 X89.966 Y98.817 E2.81564
G1 X90.287 Y98.391 E2.84129
G1 X90.757 Y97.512 E2.88923
G1 X91.002 Y96.77 E2.92681
G1 E.92681 F2400
G92 E0
G1 X95.715 Y92.809 F7800
G1 E2 F2400
G1 F2024
G1 X95.715 Y95.123 E2.1113
G1 X91.125 Y96.353 E2.33985
G1 X91.286 Y95 E2.40538
G1 X91.209 Y94.176 E2.44518
G1 X93.859 Y84.285 E2.93768
G1 X91.464 Y84.285 E3.05287
G1 X74.285 Y88.888 E3.90827
G1 X74.285 Y86.575 E4.01952
;LAYER_CHANGE
;Z:3.65
;HEIGHT:0.3
G1 E2.01952 F2400
G92 E0
G1 Z3.65 F7800
G1 X79.016 Y95
G1 E2 F2400
;TYPE:Perimeter
;WIDTH:0.45
G1 F1800
G1 X79.105 Y93.924 E2.05193
G1 X79.428 Y92.794 E2.10846
G1 X79.966 Y91.75 E2.16495
G1 X80.696 Y90.83 E2.22144
G1 X81.593 Y90.071 E2.27795
G1 X82.62 Y89.501 E2.33444
G1 X83.738 Y89.142 E2.39092
G1 X84.906 Y89.008 E2.44747
G1 X86.076 Y89.105 E2.50394
G1 X87.206 Y89.428 E2.56047
G1 X88.25 Y89.966 E2.61696
G1 X89.17 Y90.696 E2.67345
G1 X89.929 Y91.593 E2.72996
G1 X90.499 Y92.62 E2.78645
G1 X90.858 Y93.738 E2.84293
G1 X90.992 Y94.906 E2.89948
G1 X90.895 Y96.076 E2.95595
G1 X90.572 Y97.206 E3.01248
G1 X90.034 Y98.25 E3.06897
G1 X89.304 Y99.17 E3.12546
G1 X88.407 Y99.929 E3.18197
G1 X87.38 Y100.499 E3.23846
G1 X86.262 Y100.858 E3.29494
G1 X85.094 Y100.992 E3.35149
G1 X83.924 Y100.895 E3.40796
G1 X82.794 Y100.572 E3.46449
G1 X81.75 Y100.034 E3.52098
G1 X80.83 Y99.304 E3.57747
G1 X80.071 Y98.407 E3.63398
G1 X79.501 Y97.38 E3.69047
G1 X79.142 Y96.262 E3.74695
G1 X79.008 Y95.094 E3.8035
G1 X79.011 Y95.06 E3.80514
G1 X79.397 Y95 F7800
G1 F1800
G1 X79.489 Y93.962 E3.85526
G1 X79.797 Y92.906 E3.90817
G1 X80.306 Y91.932 E3.96103
G1 X80.994 Y91.075 E4.01389
G1 X81.837 Y90.369 E4.06678
G1 X82.802 Y89.841 E4.11969
G1 X83.85 Y89.511 E4.17254
G1 X84.943 Y89.392 E4.22542
G1 X86.038 Y89.489 E4.27829
G1 X87.094 Y89.797 E4.3312
G1 X88.068 Y90.306 E4.38406
G1 X88.925 Y90.994 E4.43692
G1 X89.631 Y91.837 E4.48981
G1 X90.159 Y92.802 E4.54272
G1 X90.489 Y93.85 E4.59557
G1 X90.608 Y94.943 E4.64845
G1 X90.511 Y96.038 E4.70132
G1 X90.203 Y97.094 E4.75423
G1 X89.694 Y98.068 E4.80709
G1 X89.006 Y98.925 E4.85995
G1 X88.163 Y99.631 E4.91284
G1 X87.198 Y100.159 E4.96575
G1 X86.15 Y100.489 E5.0186
G1 X85.057 Y100.608 E5.07148
G1 X83.962 Y100.511 E5.12435
G1 X82.906 Y100.203 E5.17726
G1 X81.932 Y99.694 E5.23012
G1 X81.075 Y99.006 E5.28298
G1 X80.369 Y98.163 E5.33587
G1 X79.841 Y97.198 E5.38878
G1 X79.511 Y96.15 E5.44163
G1 X79.392 Y95.06 E5.49437
G1 X79.778 Y95 F7800
;TYPE:External perimeter
G1 F1800
G1 X79.872 Y93.999 E5.54273
G1 X80.166 Y93.018 E5.59199
G1 X80.646 Y92.113 E5.64126
G1 X81.293 Y91.319 E5.69052
G1 X82.082 Y90.667 E5.73975
G1 X82.983 Y90.181 E5.78899
G1 X83.962 Y89.88 E5.83825
G1 X84.981 Y89.776 E5.88751
G1 X86.001 Y89.872 E5.93679
G1 X86.982 Y90.166 E5.98605
G1 X87.887 Y90.646 E6.03532
G1 X88.681 Y91.293 E6.08458
G1 X89.333 Y92.082 E6.13381
G1 X89.819 Y92.983 E6.18305
G1 X90.12 Y93.962 E6.23231
G1 X90.224 Y94.981 E6.28157
G1 X90.128 Y96.001 E6.33085
G1 X89.834 Y96.982 E6.38011
G1 X89.354 Y97.887 E6.42938
G1 X88.707 Y98.681 E6.47864
G1 X87.918 Y99.333 E6.52787
G1 X87.017 Y99.819 E6.57711
G1 X86.038 Y100.12 E6.62637
G1 X85.019 Y100.224 E6.67563
G1 X83.999 Y100.128 E6.72491
G1 X83.018 Y99.834 E6.77417
G1 X82.113 Y99.354 E6.82344
G1 X81.319 Y98.707 E6.8727
G1 X80.667 Y97.918 E6.92193
G1 X80.181 Y97.017 E6.97117
G1 X79.88 Y96.038 E7.02043
G1 X79.78 Y95.06 E7.06771
G1 X79.811 Y94.661 F7800
G1 E5.06771 F2400
G92 E0
G1 X96.004 Y84.813 F7800
G1 E2 F2400
;TYPE:Perimeter
G1 F2022
G1 X96.004 Y85.39 E2.02775
G1 X96.004 Y105.187 E2.97992
G1 X95.187 Y106.004 E3.03549
G1 X74.813 Y106.004 E4.01541
G1 X73.996 Y105.187 E4.07098
G1 X73.996 Y84.813 E5.0509
G1 X74.813 Y83.996 E5.10647
G1 X95.187 Y83.996 E6.08639
G1 X95.961 Y84.77 E6.13904
G1 X96.389 Y84.653 F7800
G1 F2022
G1 X96.389 Y85.39 E6.17449
G1 X96.389 Y105.347 E7.13435
G1 X95.347 Y106.389 E7.20523
G1 X74.653 Y106.389 E8.20054
G1 X73.611 Y105.347 E8.27142
G1 X73.611 Y84.653 E9.26673
G1 X74.653 Y83.611 E9.33761
G1 X95.347 Y83.611 E10.33292
G1 X96.347 Y84.611 E10.40094
G1 X96.775 Y84.493 F7800
;TYPE:External perimeter
G1 F1800
G1 X96.775 Y85.39 E10.44408
G1 X96.775 Y105.507 E11.41164
G1 X95.507 Y106.775 E11.49789
G1 X74.493 Y106.775 E12.50859
G1 X73.225 Y105.507 E12.59484
G1 X73.225 Y84.493 E13.60554
G1 X74.493 Y83.225 E13.69179
G1 X95.507 Y83.225 E14.70249
G1 X96.733 Y84.451 E14.78588
G1 X96.771 Y84.849 F7800
G1 E12.78588 F2400
G92 E0
G1 X90.646 Y84.285 F7800
G1 E2 F2400
;TYPE:Internal infill
;WIDTH:0.45
G1 F2022
G1 X95.715 Y89.354 E2.34479
G1 X95.715 Y89.135 E2.35532
G1 X89.621 Y90.768 E2.65876
G1 X90.287 Y91.609 E2.71036
G1 X90.82 Y92.639 E2.76614
G1 X95.715 Y97.534 E3.09909
G1 X95.715 Y99.71 E3.20375
G1 X94.106 Y105.715 E3.50276
G1 X95.068 Y105.715 E3.54903
G1 X95.391 Y105.391 E3.57103
G1 X89.445 Y99.445 E3.97547
G1 X88.587 Y100.156 E4.02906
G1 X87.512 Y100.757 E4.0883
G1 X86.2 Y101.17 E4.15446
G1 X85 Y101.286 E4.21244
G1 X83.891 Y101.182 E4.26601
G1 X83.379 Y101.051 E4.29143
G1 X82.129 Y105.715 E4.52367
G1 X84.443 Y105.715 E4.63497
G1 E2.63497 F2400
G92 E0
G1 X79.354 Y105.715 F7800
G1 E2 F2400
G1 F2022
G1 X74.285 Y100.646 E2.34479
G1 X74.285 Y100.865 E2.35532
G1 X80.379 Y99.232 E2.65876
G1 X79.713 Y98.391 E2.71036
G1 X79.18 Y97.361 E2.76614
G1 X74.285 Y92.466 E3.09909
G1 X74.285 Y90.29 E3.20375
G1 X75.894 Y84.285 E3.50276
G1 X74.932 Y84.285 E3.54903
G1 X74.609 Y84.609 E3.57103
G1 X80.555 Y90.555 E3.97547
G1 X81.413 Y89.844 E4.02906
G1 X82.488 Y89.243 E4.0883
G1 X83.8 Y88.83 E4.15446
G1 X85.118 Y88.72 E4.21807
G1 X86.109 Y88.818 E4.26597
G1 X86.621 Y88.949 E4.29139
G1 X87.871 Y84.285 E4.52363
G1 X85.557 Y84.285 E4.63493
G1 E2.63493 F2400
G92 E0
G1 X89.293 Y90.429 F7800
G1 E2 F2400
G1 F2022
G1 X88.391 Y89.713 E2.05539
G1 X87.361 Y89.18 E2.11117
G1 X82.466 Y84.285 E2.44412
G1 X81.883 Y84.285 E2.47216
G1 X80.034 Y91.183 E2.81564
G1 X79.713 Y91.609 E2.84129
G1 X79.243 Y92.488 E2.88923
G1 X78.994 Y93.229 E2.92683
G1 E.92683 F2400
G92 E0
G1 X74.285 Y97.191 F7800
G1 E2 F2400
G1 F2022
G1 X74.285 Y94.877 E2.1113
G1 X78.867 Y93.649 E2.33946
G1 X78.714 Y95 E2.40485
G1 X78.793 Y95.817 E2.44433
G1 X76.141 Y105.715 E2.93718
G1 X78.536 Y105.715 E3.05237
G1 X95.715 Y101.112 E3.90777
G1 X95.715 Y103.425 E4.01902
G1 E2.01902 F2400
G92 E0
G1 X80.707 Y99.571 F7800
G1 E2 F2400
G1 F2022
G1 X81.609 Y100.287 E2.05539
G1 X82.639 Y100.82 E2.11117
G1 X87.534 Y105.715 E2.44412
G1 X88.117 Y105.715 E2.47216
G1 X89.966 Y98.817 E2.81564
G1 X90.287 Y98.391 E2.84129
G1 X90.757 Y97.512 E2.88923
G1 X91.002 Y96.77 E2.92681
G1 E.92681 F2400
G92 E0
G1 X95.715 Y92.809 F7800
G1 E2 F2400
G1 F2022
G1 X95.715 Y95.123 E2.1113
G1 X91.125 Y96.353 E2.33985
G1 X91.286 Y95 E2.40538
G1 X91.209 Y94.176 E2.44518
G1 X93.859 Y84.285 E2.93768
G1 X91.464 Y84.285 E3.05287
G1 X74.285 Y88.888 E3.90827
G1 X74.285 Y86.575 E4.01952
;LAYER_CHANGE
;Z:3.95
;HEIGHT:0.3
G1 E2.01952 F2400
G92 E0
G1 Z3.95 F7800
G1 X79.016 Y95
G1 E2 F2400
;TYPE:Perimeter
;WIDTH:0.45
G1 F1800
G1 X79.105 Y93.924 E2.05193
G1 X79.428 Y92.794 E2.10846
G1 X79.966 Y91.75 E2.16495
G1 X80.696 Y90.83 E2.22144
G1 X81.593 Y90.071 E2.27795
G1 X82.62 Y89.501 E2.33444
G1 X83.738 Y89.142 E2.39092
G1 X84.906 Y89.008 E2.44747
G1 X86.076 Y89.105 E2.50394
G1 X87.206 Y89.428 E2.56047
G1 X88.25 Y89.966 E2.61696
G1 X89.17 Y90.696 E2.67345
G1 X89.929 Y91.593 E2.72996
G1 X90.499 Y92.62 E2.78645
G1 X90.858 Y93.738 E2.84293
G1 X90.992 Y94.906 E2.89948
G1 X90.895 Y96.076 E2.95595
G1 X90.572 Y97.206 E3.01248
G1 X90.034 Y98.25 E3.06897
G1 X89.304 Y99.17 E3.12546
G1 X88.407 Y99.929 E3.18197
G1 X87.38 Y100.499 E3.23846
G1 X86.262 Y100.858 E3.29494
G1 X85.094 Y100.992 E3.35149
G1 X83.924 Y100.895 E3.40796
G1 X82.794 Y100.572 E3.46449
G1 X81.75 Y100.034 E3.52098
G1 X80.83 Y99.304 E3.57747
G1 X80.071 Y98.407 E3.63398
G1 X79.501 Y97.38 E3.69047
G1 X79.142 Y96.262 E3.74695
G1 X79.008 Y95.094 E3.8035
G1 X79.011 Y95.06 E3.80514
G1 X79.397 Y95 F7800
G1 F1800
G1 X79.489 Y93.962 E3.85526
G1 X79.797 Y92.906 E3.90817
G1 X80.306 Y91.932 E3.96103
G1 X80.994 Y91.075 E4.01389
G1 X81.837 Y90.369 E4.06678
G1 X82.802 Y89.841 E4.11969
G1 X83.85 Y89.511 E4.17254
G1 X84.943 Y89.392 E4.22542
G1 X86.038 Y89.489 E4.27829
G1 X87.094 Y89.797 E4.3312
G1 X88.068 Y90.306 E4.38406
G1 X88.925 Y90.994 E4.43692
G1 X89.631 Y91.837 E4.48981
G1 X90.159 Y92.802 E4.54272
G1 X90.489 Y93.85 E4.59557
G1 X90.608 Y94.943 E4.64845
G1 X90.511 Y96.038 E4.70132
G1 X90.203 Y97.094 E4.75423
G1 X89.694 Y98.068 E4.80709
G1 X89.006 Y98.925 E4.85995
G1 X88.163 Y99.631 E4.91284
G1 X87.198 Y100.159 E4.96575
G1 X86.15 Y100.489 E5.0186
G1 X85.057 Y100.608 E5.07148
G1 X83.962 Y100.511 E5.12435
G1 X82.906 Y100.203 E5.17726
G1 X81.932 Y99.694 E5.23012
G1 X81.075 Y99.006 E5.28298
G1 X80.369 Y98.163 E5.33587
G1 X79.841 Y97.198 E5.38878
G1 X79.511 Y96.15 E5.44163
G1 X79.392 Y95.06 E5.49437
G1 X79.778 Y95 F7800
;TYPE:External perimeter
G1 F1800
G1 X79.872 Y93.999 E5.54273
G1 X80.166 Y93.018 E5.59199
G1 X80.646 Y92.113 E5.64126
G1 X81.293 Y91.319 E5.69052
G1 X82.082 Y90.667 E5.73975
G1 X82.983 Y90.181 E5.78899
G1 X83.962 Y89.88 E5.83825
G1 X84.981 Y89.776 E5.88751
G1 X86.001 Y89.872 E5.93679
G1 X86.982 Y90.166 E5.98605
G1 X87.887 Y90.646 E6.03532
G1 X88.681 Y91.293 E6.08458
G1 X89.333 Y92.082 E6.13381
G1 X89.819 Y92.983 E6.18305
G1 X90.12 Y93.962 E6.23231
G1 X90.224 Y94.981 E6.28157
G1 X90.128 Y96.001 E6.33085
G1 X89.834 Y96.982 E6.38011
G1 X89.354 Y97.887 E6.42938
G1 X88.707 Y98.681 E6.47864
G1 X87.918 Y99.333 E6.52787
G1 X87.017 Y99.819 E6.57711
G1 X86.038 Y100.12 E6.62637
G1 X85.019 Y100.224 E6.67563
G1 X83.999 Y100.128 E6.72491
G1 X83.018 Y99.834 E6.77417
G1 X82.113 Y99.354 E6.82344
G1 X81.319 Y98.707 E6.8727
G1 X80.667 Y97.918 E6.92193
G1 X80.181 Y97.017 E6.97117
G1 X79.88 Y96.038 E7.02043
G1 X79.78 Y95.06 E7.06771
G1 X79.811 Y94.661 F7800
G1 E5.06771 F2400
G92 E0
G1 X96.004 Y84.813 F7800
G1 E2 F2400
;TYPE:Perimeter
G1 F2022
G1 X96.004 Y85.39 E2.02775
G1 X96.004 Y105.187 E2.97992
G1 X95.187 Y106.004 E3.03549
G1 X74.813 Y106.004 E4.01541
G1 X73.996 Y105.187 E4.07098
G1 X73.996 Y84.813 E5.0509
G1 X74.813 Y83.996 E5.10647
G1 X95.187 Y83.996 E6.08639
G1 X95.961 Y84.77 E6.13904
G1 X96.389 Y84.653 F7800
G1 F2022
G1 X96.389 Y85.39 E6.17449
G1 X96.389 Y105.347 E7.13435
G1 X95.347 Y106.389 E7.20523
G1 X74.653 Y106.389 E8.20054
G1 X73.611 Y105.347 E8.27142
G1 X73.611 Y84.653 E9.26673
G1 X74.653 Y83.611 E9.33761
G1 X95.347 Y83.611 E10.33292
G1 X96.347 Y84.611 E10.40094
G1 X96.775 Y84.493 F7800
;TYPE:External perimeter
G1 F1800
G1 X96.775 Y85.39 E10.44408
G1 X96.775 Y105.507 E11.41164
G1 X95.507 Y106.775 E11.49789
G1 X74.493 Y106.775 E12.50859
G1 X73.225 Y105.507 E12.59484
G1 X73.225 Y84.493 E13.60554
G1 X74.493 Y83.225 E13.69179
G1 X95.507 Y83.225 E14.70249
G1 X96.733 Y84.451 E14.78588
G1 X96.771 Y84.849 F7800
G1 E12.78588 F2400
G92 E0
G1 X90.646 Y84.285 F7800
G1 E2 F2400
;TYPE:Internal infill
;WIDTH:0.45
G1 F2022
G1 X95.715 Y89.354 E2.34479
G1 X95.715 Y89.135 E2.35532
G1 X89.621 Y90.768 E2.65876
G1 X90.287 Y91.609 E2.71036
G1 X90.82 Y92.639 E2.76614
G1 X95.715 Y97.534 E3.09909
G1 X95.715 Y99.71 E3.20375
G1 X94.106 Y105.715 E3.50276
G1 X95.068 Y105.715 E3.54903
G1 X95.391 Y105.391 E3.57103
G1 X89.445 Y99.445 E3.97547
G1 X88.587 Y100.156 E4.02906
G1 X87.512 Y100.757 E4.0883
G1 X86.2 Y101.17 E4.15446
G1 X85 Y101.286 E4.21244
G1 X83.891 Y101.182 E4.26601
G1 X83.379 Y101.051 E4.29143
G1 X82.129 Y105.715 E4.52367
G1 X84.443 Y105.715 E4.63497
G1 E2.63497 F2400
G92 E0
G1 X79.354 Y105.715 F7800
G1 E2 F2400
G1 F2022
G1 X74.285 Y100.646 E2.34479
G1 X74.285 Y100.865 E2.35532
G1 X80.379 Y99.232 E2.65876
G1 X79.713 Y98.391 E2.71036
G1 X79.18 Y97.361 E2.76614
G1 X74.285 Y92.466 E3.09909
G1 X74.285 Y90.29 E3.20375
G1 X75.894 Y84.285 E3.50276
G1 X74.932 Y84.285 E3.54903
G1 X74.609 Y84.609 E3.57103
G1 X80.555 Y90.555 E3.97547
G1 X81.413 Y89.844 E4.02906
G1 X82.488 Y89.243 E4.0883
G1 X83.8 Y88.83 E4.15446
G1 X85.118 Y88.72 E4.21807
G1 X86.109 Y88.818 E4.26597
G1 X86.621 Y88.949 E4.29139
G1 X87.871 Y84.285 E4.52363
G1 X85.557 Y84.285 E4.63493
G1 E2.63493 F2400
G92 E0
G1 X89.293 Y90.429 F7800
G1 E2 F2400
G1 F2022
G1 X88.391 Y89.713 E2.05539
G1 X87.361 Y89.18 E2.11117
G1 X82.466 Y84.285 E2.44412
G1 X81.883 Y84.285 E2.47216
G1 X80.034 Y91.183 E2.81564
G1 X79.713 Y91.609 E2.84129
G1 X79.243 Y92.488 E2.88923
G1 X78.994 Y93.229 E2.92683
G1 E.92683 F2400
G92 E0
G1 X74.285 Y97.191 F7800
G1 E2 F2400
G1 F2022
G1 X74.285 Y94.877 E2.1113
G1 X78.867 Y93.649 E2.33946
G1 X78.714 Y95 E2.40485
G1 X78.793 Y95.817 E2.44433
G1 X76.141 Y105.715 E2.93718
G1 X78.536 Y105.715 E3.05237
G1 X95.715 Y101.112 E3.90777
G1 X95.715 Y103.425 E4.01902
G1 E2.01902 F2400
G92 E0
G1 X80.707 Y99.571 F7800
G1 E2 F2400
G1 F2022
G1 X81.609 Y100.287 E2.05539
G1 X82.639 Y100.82 E2.11117
G1 X87.534 Y105.715 E2.44412
G1 X88.117 Y105.715 E2.47216
G1 X89.966 Y98.817 E2.81564
G1 X90.287 Y98.391 E2.84129
G1 X90.757 Y97.512 E2.88923
G1 X91.002 Y96.77 E2.92681
G1 E.92681 F2400
G92 E0
G1 X95.715 Y92.809 F7800
G1 E2 F2400
G1 F2022
G1 X95.715 Y95.123 E2.1113
G1 X91.125 Y96.353 E2.33985
G1 X91.286 Y95 E2.40538
G1 X91.209 Y94.176 E2.44518
G1 X93.859 Y84.285 E2.93768
G1 X91.464 Y84.285 E3.05287
G1 X74.285 Y88.888 E3.90827
G1 X74.285 Y86.575 E4.01952
;LAYER_CHANGE
;Z:4.25
;HEIGHT:0.3
G1 E2.01952 F2400
G92 E0
G1 Z4.25 F7800
G1 X79.016 Y95
G1 E2 F2400
;TYPE:Perimeter
;WIDTH:0.45
G1 F1800
G1 X79.105 Y93.924 E2.05193
G1 X79.428 Y92.794 E2.10846
G1 X79.966 Y91.75 E2.16495
G1 X80.696 Y90.83 E2.22144
G1 X81.593 Y90.071 E2.27795
G1 X82.62 Y89.501 E2.33444
G1 X83.738 Y89.142 E2.39092
G1 X84.906 Y89.008 E2.44747
G1 X86.076 Y89.105 E2.50394
G1 X87.206 Y89.428 E2.56047
G1 X88.25 Y89.966 E2.61696
G1 X89.17 Y90.696 E2.67345
G1 X89.929 Y91.593 E2.72996
G1 X90.499 Y92.62 E2.78645
G1 X90.858 Y93.738 E2.84293
G1 X90.992 Y94.906 E2.89948
G1 X90.895 Y96.076 E2.95595
G1 X90.572 Y97.206 E3.01248
G1 X90.034 Y98.25 E3.06897
G1 X89.304 Y99.17 E3.12546
G1 X88.407 Y99.929 E3.18197
G1 X87.38 Y100.499 E3.23846
G1 X86.262 Y100.858 E3.29494
G1 X85.094 Y100.992 E3.35149
G1 X83.924 Y100.895 E3.40796
G1 X82.794 Y100.572 E3.46449
G1 X81.75 Y100.034 E3.52098
G1 X80.83 Y99.304 E3.57747
G1 X80.071 Y98.407 E3.63398
G1 X79.501 Y97.38 E3.69047
G1 X79.142 Y96.262 E3.74695
G1 X79.008 Y95.094 E3.8035
G1 X79.011 Y95.06 E3.80514
G1 X79.397 Y95 F7800
G1 F1800
G1 X79.489 Y93.962 E3.85526
G1 X79.797 Y92.906 E3.90817
G1 X80.306 Y91.932 E3.96103
G1 X80.994 Y91.075 E4.01389
G1 X81.837 Y90.369 E4.06678
G1 X82.802 Y89.841 E4.11969
G1 X83.85 Y89.511 E4.17254
G1 X84.943 Y89.392 E4.22542
G1 X86.038 Y89.489 E4.27829
G1 X87.094 Y89.797 E4.3312
G1 X88.068 Y90.306 E4.38406
G1 X88.925 Y90.994 E4.43692
G1 X89.631 Y91.837 E4.48981
G1 X90.159 Y92.802 E4.54272
G1 X90.489 Y93.85 E4.59557
G1 X90.608 Y94.943 E4.64845
G1 X90.511 Y96.038 E4.70132
G1 X90.203 Y97.094 E4.75423
G1 X89.694 Y98.068 E4.80709
G1 X89.006 Y98.925 E4.85995
G1 X88.163 Y99.631 E4.91284
G1 X87.198 Y100.159 E4.96575
G1 X86.15 Y100.489 E5.0186
G1 X85.057 Y100.608 E5.07148
G1 X83.962 Y100.511 E5.12435
G1 X82.906 Y100.203 E5.17726
G1 X81.932 Y99.694 E5.23012
G1 X81.075 Y99.006 E5.28298
G1 X80.369 Y98.163 E5.33587
G1 X79.841 Y97.198 E5.38878
G1 X79.511 Y96.15 E5.44163
G1 X79.392 Y95.06 E5.49437
G1 X79.778 Y95 F7800
;TYPE:External perimeter
G1 F1800
G1 X79.872 Y93.999 E5.54273
G1 X80.166 Y93.018 E5.59199
G1 X80.646 Y92.113 E5.64126
G1 X81.293 Y91.319 E5.69052
G1 X82.082 Y90.667 E5.73975
G1 X82.983 Y90.181 E5.78899
G1 X83.962 Y89.88 E5.83825
G1 X84.981 Y89.776 E5.88751
G1 X86.001 Y89.872 E5.93679
G1 X86.982 Y90.166 E5.98605
G1 X87.887 Y90.646 E6.03532
G1 X88.681 Y91.293 E6.08458
G1 X89.333 Y92.082 E6.13381
G1 X89.819 Y92.983 E6.18305
G1 X90.12 Y93.962 E6.23231
G1 X90.224 Y94.981 E6.28157
G1 X90.128 Y96.001 E6.33085
G1 X89.834 Y96.982 E6.38011
G1 X89.354 Y97.887 E6.42938
G1 X88.707 Y98.681 E6.47864
G1 X87.918 Y99.333 E6.52787
G1 X87.017 Y99.819 E6.57711
G1 X86.038 Y100.12 E6.62637
G1 X85.019 Y100.224 E6.67563
G1 X83.999 Y100.128 E6.72491
G1 X83.018 Y99.834 E6.77417
G1 X82.113 Y99.354 E6.82344
G1 X81.319 Y98.707 E6.8727
G1 X80.667 Y97.918 E6.92193
G1 X80.181 Y97.017 E6.97117
G1 X79.88 Y96.038 E7.02043
G1 X79.78 Y95.06 E7.06771
G1 X79.811 Y94.661 F7800
G1 E5.06771 F2400
G92 E0
G1 X96.004 Y84.813 F7800
G1 E2 F2400
;TYPE:Perimeter
G1 F2379
G1 X96.004 Y85.39 E2.02775
G1 X96.004 Y105.187 E2.97992
G1 X95.187 Y106.004 E3.03549
G1 X74.813 Y106.004 E4.01541
G1 X73.996 Y105.187 E4.07098
G1 X73.996 Y84.813 E5.0509
G1 X74.813 Y83.996 E5.10647
G1 X95.187 Y83.996 E6.08639
G1 X95.961 Y84.77 E6.13904
G1 X96.389 Y84.653 F7800
G1 F2379
G1 X96.389 Y85.39 E6.17449
G1 X96.389 Y105.347 E7.13435
G1 X95.347 Y106.389 E7.20523
G1 X74.653 Y106.389 E8.20054
G1 X73.611 Y105.347 E8.27142
G1 X73.611 Y84.653 E9.26673
G1 X74.653 Y83.611 E9.33761
G1 X95.347 Y83.611 E10.33292
G1 X96.347 Y84.611 E10.40094
G1 X96.775 Y84.493 F7800
;TYPE:External perimeter
G1 F1800
G1 X96.775 Y85.39 E10.44408
G1 X96.775 Y105.507 E11.41164
G1 X95.507 Y106.775 E11.49789
G1 X74.493 Y106.775 E12.50859
G1 X73.225 Y105.507 E12.59484
G1 X73.225 Y84.493 E13.60554
G1 X74.493 Y83.225 E13.69179
G1 X95.507 Y83.225 E14.70249
G1 X96.733 Y84.451 E14.78588
G1 X96.771 Y84.849 F7800
G1 E12.78588 F2400
G92 E0
G1 X94.06 Y84.285 F7800
G1 E2 F2400
;TYPE:Solid infill
;WIDTH:0.450031
G1 F2379
G1 X94.593 Y84.285 E2.02564
G1 E.02564 F2400
G92 E0
G1 X90.839 Y84.671 F7800
G1 E2 F2400
;TYPE:Internal infill
;WIDTH:0.45
G1 F2379
G1 X90.025 Y84.671 E2.03915
G1 X74.671 Y88.785 E2.80367
G1 X74.671 Y88.85 E2.8068
G1 X75.894 Y84.285 E3.0341
G1 X74.932 Y84.285 E3.08037
G1 X74.609 Y84.609 E3.10237
G1 X80.274 Y90.29 E3.48824
G1 X81.779 Y84.671 E3.76802
G1 X82.851 Y84.671 E3.81958
G1 X86.772 Y88.591 E4.08625
G1 X86.721 Y88.576 E4.08881
G1 X87.768 Y84.671 E4.28326
G1 X85.454 Y84.671 E4.39456
G1 E2.39456 F2400
G92 E0
G1 X84.872 Y88.721 F7800
G1 E2 F2400
;TYPE:Solid infill
;WIDTH:0.450061
G1 F2379
G1 X85.131 Y88.721 E2.01246
G1 X86.353 Y88.867 E2.07166
G1 X87.524 Y89.249 E2.13091
G1 X88.595 Y89.85 E2.18999
G1 X89.431 Y90.544 E2.24226
G1 X90.15 Y91.405 E2.29622
G1 X90.293 Y91.621 E2.30868
G1 X90.851 Y92.718 E2.36788
G1 X91.183 Y93.901 E2.42699
G1 X91.284 Y94.982 E2.47922
G1 X91.165 Y96.218 E2.53895
G1 X90.85 Y97.284 E2.59242
G1 X90.751 Y97.524 E2.60491
G1 X90.15 Y98.595 E2.66399
G1 X89.456 Y99.431 E2.71626
;WIDTH:0.450863
G1 X89.431 Y99.456 E2.71796
;WIDTH:0.450029
G1 X88.595 Y100.15 E2.77022
G1 X88.379 Y100.293 E2.78268
G1 X87.284 Y100.85 E2.84177
G1 X86.218 Y101.165 E2.89524
G1 X84.982 Y101.284 E2.95497
G1 X83.901 Y101.183 E3.00719
G1 X83.647 Y101.133 E3.01964
G1 X82.476 Y100.751 E3.07889
G1 X81.405 Y100.15 E3.13796
G1 X80.569 Y99.456 E3.19022
G1 X79.85 Y98.595 E3.24418
G1 X79.707 Y98.379 E3.25664
G1 X79.15 Y97.284 E3.31573
G1 X78.828 Y96.182 E3.37095
G1 X78.716 Y95.018 E3.4272
G1 X78.817 Y93.901 E3.48115
G1 X78.867 Y93.647 E3.4936
G1 X79.249 Y92.476 E3.55285
G1 X79.85 Y91.405 E3.61192
G1 X80.569 Y90.544 E3.66588
G1 X81.405 Y89.85 E3.71814
G1 X81.621 Y89.707 E3.7306
G1 X82.716 Y89.15 E3.78969
G1 X83.782 Y88.835 E3.84316
G1 X84.68 Y88.74 E3.88659
G1 E1.88659 F2400
G92 E0
G1 X88.255 Y89.203 F7800
G1 E2 F2400
;TYPE:Internal infill
;WIDTH:0.45
G1 F2379
G1 X88.818 Y89.535 E2.03144
G1 X89.719 Y90.281 E2.0877
G1 X90.031 Y90.658 E2.11124
G1 X95.329 Y89.238 E2.37505
G1 X95.329 Y88.969 E2.38799
G1 X91.032 Y84.671 E2.6803
G1 X91.588 Y84.671 E2.70704
G1 X91.388 Y84.306 E2.72706
G1 X91.464 Y84.285 E2.73085
G1 X93.661 Y84.285 E2.83652
G1 X93.76 Y84.656 E2.85499
G1 X91.438 Y93.324 E3.28659
G1 X91.409 Y93.228 E3.29141
G1 X95.329 Y97.149 E3.55808
G1 X95.329 Y95.227 E3.65052
G1 X91.554 Y96.238 E3.83848
G1 X91.211 Y97.423 E3.89781
G1 X90.727 Y98.387 E3.94969
G1 E1.94969 F2400
G92 E0
G1 X84.546 Y105.329 F7800
G1 E2 F2400
G1 F2379
G1 X82.232 Y105.329 E2.1113
G1 X83.279 Y101.424 E2.30575
G1 X83.228 Y101.409 E2.30831
G1 X87.149 Y105.329 E2.57498
G1 X88.221 Y105.329 E2.62654
G1 X89.726 Y99.71 E2.90632
G1 X95.391 Y105.391 E3.29219
G1 X95.068 Y105.715 E3.31419
G1 X94.106 Y105.715 E3.36046
G1 X95.329 Y101.15 E3.58776
G1 X95.329 Y101.215 E3.59089
G1 X79.975 Y105.329 E4.35541
G1 X78.968 Y105.329 E4.40384
G1 X74.671 Y101.032 E4.69612
G1 X74.671 Y100.762 E4.70911
G1 X79.969 Y99.342 E4.97292
G1 X80.281 Y99.719 E4.99646
G1 X81.182 Y100.465 E5.05272
G1 X81.745 Y100.797 E5.08416
G1 E3.08416 F2400
G92 E0
G1 X78.838 Y105.715 F7800
G1 E2 F2400
;TYPE:Solid infill
;WIDTH:0.450031
G1 F2379
G1 X91.949 Y105.715 E2.63064
G1 E.63064 F2400
G92 E0
G1 X95.715 Y88.472 F7800
G1 E2 F2400
;WIDTH:0.450033
G1 F2379
G1 X95.715 Y101.444 E2.62396
G1 E.62396 F2400
G92 E0
G1 X79.274 Y91.612 F7800
G1 E2 F2400
;TYPE:Internal infill
;WIDTH:0.45
G1 F2379
G1 X78.789 Y92.576 E2.0519
G1 X78.45 Y93.761 E2.11118
G1 X74.671 Y94.773 E2.29934
G1 X74.671 Y92.851 E2.39178
G1 X78.599 Y96.779 E2.65896
G1 X78.565 Y96.666 E2.66464
G1 X76.141 Y105.715 E3.11521
G1 X74.932 Y105.715 E3.17336
G1 X74.285 Y105.068 E3.21737
G1 X74.285 Y104.877 E3.22656
G1 E1.22656 F2400
G92 E0
G1 X74.285 Y88.476 F7800
G1 E2 F2400
;TYPE:Solid infill
;WIDTH:0.450031
G1 F2379
G1 X74.285 Y101.609 E2.6317
G1 E.6317 F2400
G92 E0
G1 X78.22 Y84.285 F7800
G1 E2 F2400
G1 F2379
G1 X90.938 Y84.285 E2.61174
M106 S221.85
;LAYER_CHANGE
;Z:4.55
;HEIGHT:0.3
G1 E.61174 F2400
G92 E0
G1 Z4.55 F7800
G1 X79.016 Y95
G1 E2 F2400
;TYPE:Perimeter
;WIDTH:0.45
G1 F1800
G1 X79.105 Y93.924 E2.05193
G1 X79.428 Y92.794 E2.10846
G1 X79.966 Y91.75 E2.16495
G1 X80.696 Y90.83 E2.22144
G1 X81.593 Y90.071 E2.27795
G1 X82.62 Y89.501 E2.33444
G1 X83.738 Y89.142 E2.39092
G1 X84.906 Y89.008 E2.44747
G1 X86.076 Y89.105 E2.50394
G1 X87.206 Y89.428 E2.56047
G1 X88.25 Y89.966 E2.61696
G1 X89.17 Y90.696 E2.67345
G1 X89.929 Y91.593 E2.72996
G1 X90.499 Y92.62 E2.78645
G1 X90.858 Y93.738 E2.84293
G1 X90.992 Y94.906 E2.89948
G1 X90.895 Y96.076 E2.95595
G1 X90.572 Y97.206 E3.01248
G1 X90.034 Y98.25 E3.06897
G1 X89.304 Y99.17 E3.12546
G1 X88.407 Y99.929 E3.18197
G1 X87.38 Y100.499 E3.23846
G1 X86.262 Y100.858 E3.29494
G1 X85.094 Y100.992 E3.35149
G1 X83.924 Y100.895 E3.40796
G1 X82.794 Y100.572 E3.46449
G1 X81.75 Y100.034 E3.52098
G1 X80.83 Y99.304 E3.57747
G1 X80.071 Y98.407 E3.63398
G1 X79.501 Y97.38 E3.69047
G1 X79.142 Y96.262 E3.74695
G1 X79.008 Y95.094 E3.8035
G1 X79.011 Y95.06 E3.80514
G1 X79.397 Y95 F7800
G1 F1800
G1 X79.489 Y93.962 E3.85526
G1 X79.797 Y92.906 E3.90817
G1 X80.306 Y91.932 E3.96103
G1 X80.994 Y91.075 E4.01389
G1 X81.837 Y90.369 E4.06678
G1 X82.802 Y89.841 E4.11969
G1 X83.85 Y89.511 E4.17254
G1 X84.943 Y89.392 E4.22542
G1 X86.038 Y89.489 E4.27829
G1 X87.094 Y89.797 E4.3312
G1 X88.068 Y90.306 E4.38406
G1 X88.925 Y90.994 E4.43692
G1 X89.631 Y91.837 E4.48981
G1 X90.159 Y92.802 E4.54272
G1 X90.489 Y93.85 E4.59557
G1 X90.608 Y94.943 E4.64845
G1 X90.511 Y96.038 E4.70132
G1 X90.203 Y97.094 E4.75423
G1 X89.694 Y98.068 E4.80709
G1 X89.006 Y98.925 E4.85995
G1 X88.163 Y99.631 E4.91284
G1 X87.198 Y100.159 E4.96575
G1 X86.15 Y100.489 E5.0186
G1 X85.057 Y100.608 E5.07148
G1 X83.962 Y100.511 E5.12435
G1 X82.906 Y100.203 E5.17726
G1 X81.932 Y99.694 E5.23012
G1 X81.075 Y99.006 E5.28298
G1 X80.369 Y98.163 E5.33587
G1 X79.841 Y97.198 E5.38878
G1 X79.511 Y96.15 E5.44163
G1 X79.392 Y95.06 E5.49437
G1 X79.778 Y95 F7800
;TYPE:External perimeter
G1 F1800
G1 X79.872 Y93.999 E5.54273
G1 X80.166 Y93.018 E5.59199
G1 X80.646 Y92.113 E5.64126
G1 X81.293 Y91.319 E5.69052
G1 X82.082 Y90.667 E5.73975
G1 X82.983 Y90.181 E5.78899
G1 X83.962 Y89.88 E5.83825
G1 X84.981 Y89.776 E5.88751
G1 X86.001 Y89.872 E5.93679
G1 X86.982 Y90.166 E5.98605
G1 X87.887 Y90.646 E6.03532
G1 X88.681 Y91.293 E6.08458
G1 X89.333 Y92.082 E6.13381
G1 X89.819 Y92.983 E6.18305
G1 X90.12 Y93.962 E6.23231
G1 X90.224 Y94.981 E6.28157
G1 X90.128 Y96.001 E6.33085
G1 X89.834 Y96.982 E6.38011
G1 X89.354 Y97.887 E6.42938
G1 X88.707 Y98.681 E6.47864
G1 X87.918 Y99.333 E6.52787
G1 X87.017 Y99.819 E6.57711
G1 X86.038 Y100.12 E6.62637
G1 X85.019 Y100.224 E6.67563
G1 X83.999 Y100.128 E6.72491
G1 X83.018 Y99.834 E6.77417
G1 X82.113 Y99.354 E6.82344
G1 X81.319 Y98.707 E6.8727
G1 X80.667 Y97.918 E6.92193
G1 X80.181 Y97.017 E6.97117
G1 X79.88 Y96.038 E7.02043
G1 X79.78 Y95.06 E7.06771
G1 X79.811 Y94.661 F7800
G1 E5.06771 F2400
G92 E0
G1 X96.004 Y84.813 F7800
G1 E2 F2400
;TYPE:Perimeter
G1 F3600
G1 X96.004 Y85.39 E2.02775
G1 X96.004 Y105.187 E2.97992
G1 X95.187 Y106.004 E3.03549
G1 X74.813 Y106.004 E4.01541
G1 X73.996 Y105.187 E4.07098
G1 X73.996 Y84.813 E5.0509
G1 X74.813 Y83.996 E5.10647
G1 X95.187 Y83.996 E6.08639
G1 X95.961 Y84.77 E6.13904
G1 X96.389 Y84.653 F7800
G1 F3600
G1 X96.389 Y85.39 E6.17449
G1 X96.389 Y105.347 E7.13435
G1 X95.347 Y106.389 E7.20523
G1 X74.653 Y106.389 E8.20054
G1 X73.611 Y105.347 E8.27142
G1 X73.611 Y84.653 E9.26673
G1 X74.653 Y83.611 E9.33761
G1 X95.347 Y83.611 E10.33292
G1 X96.347 Y84.611 E10.40094
G1 X96.775 Y84.493 F7800
;TYPE:External perimeter
G1 F1800
G1 X96.775 Y85.39 E10.44408
G1 X96.775 Y105.507 E11.41164
G1 X95.507 Y106.775 E11.49789
G1 X74.493 Y106.775 E12.50859
G1 X73.225 Y105.507 E12.59484
G1 X73.225 Y84.493 E13.60554
G1 X74.493 Y83.225 E13.69179
G1 X95.507 Y83.225 E14.70249
G1 X96.733 Y84.451 E14.78588
G1 X96.771 Y84.849 F7800
G1 E12.78588 F2400
G92 E0
G1 X94.359 Y86.89 F7800
G1 E2 F2400
;TYPE:Internal infill
;WIDTH:0.45
G1 F4200
G1 X93.76 Y84.656 E2.11124
G1 X93.298 Y86.382 E2.19718
G1 X92.977 Y86.061 E2.21901
G1 X92.859 Y86.499 E2.24083
G1 X92.128 Y85.768 E2.29055
G1 X91.787 Y84.496 E2.35389
G1 X91.53 Y84.565 E2.36669
G1 X91.377 Y84.285 E2.38204
G1 X91.79 Y84.285 E2.4019
G1 E.4019 F2400
G92 E0
G1 X78.423 Y86.531 F7800
G1 E2 F2400
G1 F4200
G1 X78.582 Y87.124 E2.02953
G1 X78.454 Y87.158 E2.0359
G1 X78.244 Y87.725 E2.06498
G1 X77.777 Y87.339 E2.09412
G1 X77.432 Y87.432 E2.11131
G1 X74.609 Y84.609 E2.30333
G1 X74.932 Y84.285 E2.32533
G1 X75.894 Y84.285 E2.3716
G1 X74.867 Y88.119 E2.5625
G1 X74.608 Y88.188 E2.57539
G1 X74.451 Y87.603 E2.60452
G1 X74.285 Y87.478 E2.61451
G1 X74.285 Y86.246 E2.67376
G1 E.67376 F2400
G92 E0
G1 X74.762 Y101.658 F7800
G1 E2 F2400
;TYPE:Bridge infill
;WIDTH:0.404166
;HEIGHT:0.4
M106 S255
G1 F3600
G1 X74.318 Y99.998 E2.09165
G1 X74.318 Y98.243 E2.18526
G1 X75.196 Y101.521 E2.36627
G1 X75.838 Y102.163 E2.4147
G1 X74.318 Y96.488 E2.72807
G1 X74.318 Y94.734 E2.82163
G1 X76.481 Y102.806 E3.26737
G1 X76.788 Y103.113 E3.29053
G1 X76.922 Y102.698 E3.31379
G1 X74.318 Y92.979 E3.85047
G1 X74.318 Y91.224 E3.94408
G1 X77.331 Y102.471 E4.56514
G1 X77.805 Y102.483 E4.59043
G1 X74.318 Y89.469 E5.30907
G1 X74.318 Y88.699 E5.35014
G1 X74.564 Y88.633 E5.36373
G1 X79.132 Y105.682 E6.30518
G1 X79.602 Y105.682 E6.33025
G1 X75.002 Y88.515 E7.27822
G1 X75.441 Y88.398 E7.30245
G1 X80.072 Y105.682 E8.25688
G1 X80.543 Y105.682 E8.282
G1 X75.88 Y88.28 E9.24295
G1 X76.318 Y88.163 E9.26713
G1 X81.013 Y105.682 E10.23455
G1 X81.483 Y105.682 E10.25962
G1 X76.757 Y88.045 E11.23354
G1 X77.196 Y87.927 E11.25779
G1 X78.789 Y93.872 E11.58608
G1 X78.832 Y93.651 E11.59809
G1 X79.027 Y93.008 E11.63393
G1 X77.634 Y87.81 E11.92097
G1 X77.677 Y87.798 E11.92335
G1 X78.223 Y88.25 E11.96116
G1 X79.308 Y92.299 E12.18475
G1 X79.621 Y91.713 E12.22019
G1 X78.61 Y87.94 E12.42854
G1 X78.771 Y87.505 E12.45328
G1 X78.951 Y87.457 E12.46322
G1 X79.96 Y91.223 E12.67118
G1 X80.315 Y90.794 E12.70088
G1 X78.58 Y84.318 E13.05848
G1 X79.05 Y84.318 E13.08355
G1 X80.682 Y90.408 E13.41984
G1 X81.066 Y90.089 E13.44647
G1 X79.52 Y84.318 E13.76514
G1 X79.99 Y84.318 E13.79021
G1 X81.453 Y89.778 E14.09171
G1 X81.86 Y89.542 E14.1168
G1 X80.46 Y84.318 E14.40527
G1 X80.93 Y84.318 E14.43034
G1 X82.271 Y89.322 E14.70667
G1 X82.689 Y89.125 E14.73132
G1 X81.401 Y84.318 E14.99676
G1 X81.871 Y84.318 E15.02183
G1 X83.124 Y88.996 E15.28014
G1 X83.56 Y88.867 E15.30439
G1 X82.341 Y84.318 E15.55559
G1 X82.811 Y84.318 E15.58066
G1 X84.006 Y88.777 E15.82689
G1 X84.464 Y88.73 E15.85145
G1 X83.281 Y84.318 E16.09509
G1 X83.752 Y84.318 E16.12021
G1 X84.923 Y88.688 E16.36152
G1 X85.4 Y88.715 E16.387
G1 X84.222 Y84.318 E16.6298
G1 X84.692 Y84.318 E16.65487
G1 X85.883 Y88.763 E16.90032
G1 X86.114 Y88.786 E16.9127
G1 X86.374 Y88.84 E16.92686
G1 X85.162 Y84.318 E17.17657
G1 X85.632 Y84.318 E17.20164
G1 X86.886 Y88.995 E17.45992
G1 X87.401 Y89.162 E17.4888
G1 X86.103 Y84.318 E17.75629
G1 X86.573 Y84.318 E17.78136
G1 X87.945 Y89.438 E18.06409
G1 X88.497 Y89.745 E18.09778
G1 X87.043 Y84.318 E18.39746
G1 X87.513 Y84.318 E18.42253
G1 X89.096 Y90.224 E18.74867
G1 X89.468 Y90.532 E18.77443
G1 X89.735 Y90.854 E18.79674
G1 X87.929 Y84.115 E19.16887
M106 S221.85
G1 E17.16887 F2400
G92 E0
G1 X80.046 Y98.564 F7800
G1 E2 F2400
M106 S255
G1 F3600
G1 X81.953 Y105.682 E2.39306
G1 X82.423 Y105.682 E2.41813
G1 X80.823 Y99.709 E2.74796
G1 X81.425 Y100.203 E2.7895
G1 X82.894 Y105.682 E3.09207
G1 X83.364 Y105.682 E3.11714
G1 X81.981 Y100.523 E3.40203
G1 X82.528 Y100.808 E3.43493
G1 X83.834 Y105.682 E3.70407
G1 X84.304 Y105.682 E3.72914
G1 X83.045 Y100.984 E3.98857
G1 X83.557 Y101.139 E4.0171
G1 X84.774 Y105.682 E4.26796
G1 X85.245 Y105.682 E4.29308
G1 X84.051 Y101.23 E4.53894
G1 X84.534 Y101.275 E4.56481
G1 X85.715 Y105.682 E4.80817
G1 X86.185 Y105.682 E4.83324
G1 X85.015 Y101.317 E5.07428
G1 X85.474 Y101.273 E5.09887
G1 X86.655 Y105.682 E5.34233
G1 X87.125 Y105.682 E5.3674
G1 X85.932 Y101.228 E5.61335
G1 X86.206 Y101.202 E5.62803
G1 X86.381 Y101.15 E5.63777
G1 X87.595 Y105.682 E5.88802
G1 X88.066 Y105.682 E5.91314
G1 X86.817 Y101.022 E6.17047
G1 X87.253 Y100.893 E6.19472
G1 X88.536 Y105.682 E6.45917
G1 X89.006 Y105.682 E6.48424
G1 X87.673 Y100.707 E6.75896
G1 X88.084 Y100.488 E6.7838
G1 X89.476 Y105.682 E7.07062
G1 X89.946 Y105.682 E7.09569
G1 X88.493 Y100.258 E7.3952
G1 X88.882 Y99.954 E7.42153
G1 X90.417 Y105.682 E7.73784
G1 X90.887 Y105.682 E7.76291
G1 X89.266 Y99.635 E8.09684
G1 X89.468 Y99.468 E8.11082
G1 X89.637 Y99.264 E8.12495
G1 X91.357 Y105.682 E8.47936
G1 X91.827 Y105.682 E8.50443
G1 X89.992 Y98.835 E8.88253
G1 X90.182 Y98.607 E8.89836
G1 X90.337 Y98.366 E8.91364
G1 X91.217 Y101.65 E9.09498
G1 X91.747 Y101.875 E9.12569
G1 X90.65 Y97.78 E9.35181
G1 X90.786 Y97.526 E9.36718
G1 X90.938 Y97.1 E9.39131
G1 X92.278 Y102.099 E9.66736
G1 X92.443 Y102.169 E9.67692
G1 X92.745 Y102.088 E9.6936
G1 X91.044 Y95.739 E10.04419
M106 S221.85
G1 E8.04419 F2400
G92 E0
G1 X93.236 Y102.167 F7800
G1 E2 F2400
M106 S255
G1 F3600
G1 X91.318 Y95.007 E2.39537
G1 X91.214 Y93.886 E2.45542
G1 X91.168 Y93.651 E2.46819
G1 X90.878 Y92.695 E2.52148
G1 X90.786 Y92.474 E2.53425
G1 X90.491 Y91.922 E2.56763
G1 X88.453 Y84.318 E2.98753
G1 X88.924 Y84.318 E3.01265
G1 X93.622 Y101.853 E3.98093
G1 X94.061 Y101.736 E4.00516
G1 X89.394 Y84.318 E4.96699
G1 X89.864 Y84.318 E4.99206
G1 X94.5 Y101.618 E5.94738
G1 X94.938 Y101.501 E5.97156
G1 X90.334 Y84.318 E6.92041
G1 X90.804 Y84.318 E6.94548
G1 X95.352 Y101.289 E7.88263
G1 X95.458 Y101.233 E7.88902
G1 X95.682 Y101.383 E7.9034
G1 X95.682 Y100.768 E7.9362
G1 X91.462 Y85.016 E8.80602
G1 X91.492 Y85.008 E8.80768
G1 X92.074 Y87.18 E8.92762
G1 X92.512 Y87.18 E8.95098
G1 X95.682 Y99.013 E9.60439
G1 X95.682 Y97.258 E9.698
G1 X92.982 Y87.18 E10.25451
G1 X93.11 Y87.18 E10.26134
G1 X93.193 Y86.868 E10.27856
G1 X93.433 Y87.108 E10.29666
G1 X95.682 Y95.504 E10.76028
G1 X95.682 Y93.749 E10.85389
G1 X94.03 Y87.584 E11.19433
G1 X94.438 Y87.349 E11.21944
G1 X95.682 Y91.994 E11.47593
G1 X95.682 Y90.239 E11.56954
G1 X94.102 Y84.318 E11.89641
G1 X94.566 Y84.318 E11.92116
G1 X95.885 Y89.24 E12.19296
M106 S221.85
G1 E10.19296 F2400
G92 E0
G1 X95.715 Y103.546 F7800
G1 E2 F2400
;TYPE:Internal infill
;WIDTH:0.45
;HEIGHT:0.3
G1 F4200
G1 X95.715 Y101.907 E2.07883
G1 X95.431 Y101.718 E2.09524
G1 X95.135 Y101.873 E2.11131
G1 X94.106 Y105.715 E2.30261
G1 X95.068 Y105.715 E2.34888
G1 X95.391 Y105.391 E2.37088
G1 X92.568 Y102.568 E2.5629
G1 X92.413 Y102.61 E2.57062
G1 X91.525 Y102.234 E2.617
G1 X91.423 Y102.261 E2.62207
G1 X92.022 Y104.496 E2.73336
G1 E.73336 F2400
G92 E0
G1 X77.42 Y105.715 F7800
G1 E2 F2400
G1 F4200
G1 X78.439 Y105.715 E2.04901
G1 X78.103 Y104.464 E2.11131
G1 X77.111 Y103.471 E2.17882
G1 X76.975 Y103.891 E2.20005
G1 X76.702 Y103.618 E2.21862
G1 X76.141 Y105.715 E2.32303
G1 X74.932 Y105.715 E2.38118
G1 X74.285 Y105.068 E2.42519
G1 X74.285 Y104.877 E2.43438
M106 S211.65
;LAYER_CHANGE
;Z:4.85
;HEIGHT:0.3
G1 E.43438 F2400
G92 E0
G1 Z4.85 F7800
G1 X79.016 Y95
G1 E2 F2400
;TYPE:Perimeter
;WIDTH:0.45
G1 F1800
G1 X79.105 Y93.924 E2.05193
G1 X79.428 Y92.794 E2.10846
G1 X79.966 Y91.75 E2.16495
G1 X80.696 Y90.83 E2.22144
G1 X81.593 Y90.071 E2.27795
G1 X82.62 Y89.501 E2.33444
G1 X83.738 Y89.142 E2.39092
G1 X84.906 Y89.008 E2.44747
G1 X86.076 Y89.105 E2.50394
G1 X87.206 Y89.428 E2.56047
G1 X88.25 Y89.966 E2.61696
G1 X89.17 Y90.696 E2.67345
G1 X89.929 Y91.593 E2.72996
G1 X90.499 Y92.62 E2.78645
G1 X90.858 Y93.738 E2.84293
G1 X90.992 Y94.906 E2.89948
G1 X90.895 Y96.076 E2.95595
G1 X90.572 Y97.206 E3.01248
G1 X90.034 Y98.25 E3.06897
G1 X89.304 Y99.17 E3.12546
G1 X88.407 Y99.929 E3.18197
G1 X87.38 Y100.499 E3.23846
G1 X86.262 Y100.858 E3.29494
G1 X85.094 Y100.992 E3.35149
G1 X83.924 Y100.895 E3.40796
G1 X82.794 Y100.572 E3.46449
G1 X81.75 Y100.034 E3.52098
G1 X80.83 Y99.304 E3.57747
G1 X80.071 Y98.407 E3.63398
G1 X79.501 Y97.38 E3.69047
G1 X79.142 Y96.262 E3.74695
G1 X79.008 Y95.094 E3.8035
G1 X79.011 Y95.06 E3.80514
G1 X79.397 Y95 F7800
G1 F1800
G1 X79.489 Y93.962 E3.85526
G1 X79.797 Y92.906 E3.90817
G1 X80.306 Y91.932 E3.96103
G1 X80.994 Y91.075 E4.01389
G1 X81.837 Y90.369 E4.06678
G1 X82.802 Y89.841 E4.11969
G1 X83.85 Y89.511 E4.17254
G1 X84.943 Y89.392 E4.22542
G1 X86.038 Y89.489 E4.27829
G1 X87.094 Y89.797 E4.3312
G1 X88.068 Y90.306 E4.38406
G1 X88.925 Y90.994 E4.43692
G1 X89.631 Y91.837 E4.48981
G1 X90.159 Y92.802 E4.54272
G1 X90.489 Y93.85 E4.59557
G1 X90.608 Y94.943 E4.64845
G1 X90.511 Y96.038 E4.70132
G1 X90.203 Y97.094 E4.75423
G1 X89.694 Y98.068 E4.80709
G1 X89.006 Y98.925 E4.85995
G1 X88.163 Y99.631 E4.91284
G1 X87.198 Y100.159 E4.96575
G1 X86.15 Y100.489 E5.0186
G1 X85.057 Y100.608 E5.07148
G1 X83.962 Y100.511 E5.12435
G1 X82.906 Y100.203 E5.17726
G1 X81.932 Y99.694 E5.23012
G1 X81.075 Y99.006 E5.28298
G1 X80.369 Y98.163 E5.33587
G1 X79.841 Y97.198 E5.38878
G1 X79.511 Y96.15 E5.44163
G1 X79.392 Y95.06 E5.49437
G1 X79.778 Y95 F7800
;TYPE:External perimeter
G1 F1800
G1 X79.872 Y93.999 E5.54273
G1 X80.166 Y93.018 E5.59199
G1 X80.646 Y92.113 E5.64126
G1 X81.293 Y91.319 E5.69052
G1 X82.082 Y90.667 E5.73975
G1 X82.983 Y90.181 E5.78899
G1 X83.962 Y89.88 E5.83825
G1 X84.981 Y89.776 E5.88751
G1 X86.001 Y89.872 E5.93679
G1 X86.982 Y90.166 E5.98605
G1 X87.887 Y90.646 E6.03532
G1 X88.681 Y91.293 E6.08458
G1 X89.333 Y92.082 E6.13381
G1 X89.819 Y92.983 E6.18305
G1 X90.12 Y93.962 E6.23231
G1 X90.224 Y94.981 E6.28157
G1 X90.128 Y96.001 E6.33085
G1 X89.834 Y96.982 E6.38011
G1 X89.354 Y97.887 E6.42938
G1 X88.707 Y98.681 E6.47864
G1 X87.918 Y99.333 E6.52787
G1 X87.017 Y99.819 E6.57711
G1 X86.038 Y100.12 E6.62637
G1 X85.019 Y100.224 E6.67563
G1 X83.999 Y100.128 E6.72491
G1 X83.018 Y99.834 E6.77417
G1 X82.113 Y99.354 E6.82344
G1 X81.319 Y98.707 E6.8727
G1 X80.667 Y97.918 E6.92193
G1 X80.181 Y97.017 E6.97117
G1 X79.88 Y96.038 E7.02043
G1 X79.78 Y95.06 E7.06771
G1 X79.811 Y94.661 F7800
G1 E5.06771 F2400
G92 E0
G1 X96.004 Y84.813 F7800
G1 E2 F2400
;TYPE:Perimeter
G1 F3600
G1 X96.004 Y85.39 E2.02775
G1 X96.004 Y105.187 E2.97992
G1 X95.187 Y106.004 E3.03549
G1 X74.813 Y106.004 E4.01541
G1 X73.996 Y105.187 E4.07098
G1 X73.996 Y84.813 E5.0509
G1 X74.813 Y83.996 E5.10647
G1 X95.187 Y83.996 E6.08639
G1 X95.961 Y84.77 E6.13904
G1 X96.389 Y84.653 F7800
G1 F3600
G1 X96.389 Y85.39 E6.17449
G1 X96.389 Y105.347 E7.13435
G1 X95.347 Y106.389 E7.20523
G1 X74.653 Y106.389 E8.20054
G1 X73.611 Y105.347 E8.27142
G1 X73.611 Y84.653 E9.26673
G1 X74.653 Y83.611 E9.33761
G1 X95.347 Y83.611 E10.33292
G1 X96.347 Y84.611 E10.40094
G1 X96.775 Y84.493 F7800
;TYPE:External perimeter
G1 F1800
G1 X96.775 Y85.39 E10.44408
G1 X96.775 Y105.507 E11.41164
G1 X95.507 Y106.775 E11.49789
G1 X74.493 Y106.775 E12.50859
G1 X73.225 Y105.507 E12.59484
G1 X73.225 Y84.493 E13.60554
G1 X74.493 Y83.225 E13.69179
G1 X95.507 Y83.225 E14.70249
G1 X96.733 Y84.451 E14.78588
G1 X96.771 Y84.849 F7800
G1 X95.329 Y85.659
;TYPE:Internal infill
;WIDTH:0.45
G1 F4200
G1 X95.329 Y85.092 E14.81315
G1 X94.908 Y84.671 E14.84179
G1 X93.756 Y84.671 E14.8972
G1 X92.828 Y88.134 E15.06964
G1 X94.494 Y88.134 E15.14977
G1 X91.866 Y85.506 E15.32852
G1 X91.866 Y87.82 E15.43982
G1 E13.43982 F2400
G92 E0
G1 X92.647 Y84.285 F7800
G1 E2 F2400
;TYPE:Solid infill
;WIDTH:0.450031
G1 F3000
G1 X94.988 Y84.285 E2.1126
G1 X95.123 Y84.343 E2.11967
;WIDTH:0.448171
G1 X95.657 Y84.877 E2.15582
;WIDTH:0.450027
G1 X95.715 Y85.012 E2.16289
G1 X95.715 Y87.353 E2.27549
G1 E.27549 F2400
G92 E0
G1 X94.944 Y101.866 F7800
G1 E2 F2400
;TYPE:Internal infill
;WIDTH:0.45
G1 F4200
G1 X92.897 Y101.866 E2.09845
G1 X91.866 Y102.143 E2.1498
G1 X91.866 Y101.866 E2.16312
G1 X95.118 Y105.118 E2.38432
G1 X94.908 Y105.329 E2.39864
G1 X94.209 Y105.329 E2.43226
G1 X95.137 Y101.866 E2.6047
G1 X95.715 Y101.866 E2.6325
G1 X95.715 Y102.261 E2.6515
G1 X95.329 Y102.261 E2.67007
G1 X95.329 Y103.217 E2.71605
G1 X95.715 Y102.647 F7800
;TYPE:Solid infill
;WIDTH:0.450029
G1 F3000
G1 X95.715 Y104.988 E2.82865
G1 X95.658 Y105.124 E2.83574
G1 X95.124 Y105.658 E2.87206
G1 X94.988 Y105.715 E2.87915
G1 X92.647 Y105.715 E2.99175
G1 E.99175 F2400
G92 E0
G1 X78.134 Y102.18 F7800
G1 E2 F2400
;TYPE:Internal infill
;WIDTH:0.45
G1 F4200
G1 X78.134 Y104.494 E2.1113
G1 X75.506 Y101.866 E2.29005
G1 X77.172 Y101.866 E2.37018
G1 X76.244 Y105.329 E2.54262
G1 X75.092 Y105.329 E2.59803
G1 X74.671 Y104.908 E2.62667
G1 X74.671 Y104.341 E2.65394
G1 X74.285 Y102.647 F7800
;TYPE:Solid infill
;WIDTH:0.450031
G1 F3000
G1 X74.285 Y104.988 E2.76654
G1 X74.342 Y105.124 E2.77363
G1 X74.876 Y105.658 E2.80995
G1 X75.012 Y105.715 E2.81704
G1 X77.353 Y105.715 E2.92964
G1 E.92964 F2400
G92 E0
G1 X75.056 Y88.134 F7800
G1 E2 F2400
;TYPE:Internal infill
;WIDTH:0.45
G1 F4200
G1 X77.103 Y88.134 E2.09845
G1 X78.134 Y87.857 E2.1498
G1 X78.134 Y88.134 E2.16312
G1 X74.882 Y84.882 E2.38432
G1 X75.092 Y84.671 E2.39864
G1 X75.791 Y84.671 E2.43226
G1 X74.863 Y88.134 E2.6047
G1 X74.285 Y88.134 E2.6325
G1 X74.285 Y87.739 E2.6515
G1 X74.671 Y87.739 E2.67007
G1 X74.671 Y86.783 E2.71605
G1 E.71605 F2400
G92 E0
G1 X77.353 Y84.285 F7800
G1 E2 F2400
;TYPE:Solid infill
;WIDTH:0.450031
G1 F3000
G1 X75.012 Y84.285 E2.1126
G1 X74.876 Y84.342 E2.11969
G1 X74.342 Y84.876 E2.15601
G1 X74.285 Y85.012 E2.1631
G1 X74.285 Y87.353 E2.2757
G1 E.2757 F2400
G92 E0
G1 X78.64 Y84.329 F7800
G1 E2 F2400
;WIDTH:0.569073
G1 F3000
G1 X78.595 Y84.284 E2.00401
G1 X78.534 Y84.3 E2.00798
G1 X78.518 Y84.361 E2.01195
G1 X78.562 Y84.406 E2.01591
G1 X78.623 Y84.39 E2.01988
;WIDTH:0.45
G1 X79.268 Y84.285 E2.05131
G1 X78.396 Y85.171 E2.1111
;WIDTH:0.404381
G1 X78.325 Y85.152 E2.11422
G1 X78.344 Y85.223 E2.11734
G1 X78.385 Y85.212 E2.11914
;WIDTH:0.45
G1 X78.519 Y85.579 E2.13793
G1 X79.813 Y84.285 E2.22595
G1 X80.358 Y84.285 E2.25216
G1 X78.519 Y86.125 E2.37728
G1 X78.519 Y86.67 E2.40349
G1 X80.904 Y84.285 E2.56571
G1 X81.449 Y84.285 E2.59192
G1 X78.519 Y87.215 E2.79121
G1 X78.519 Y87.761 E2.81747
G1 X81.995 Y84.285 E3.0539
G1 X82.54 Y84.285 E3.08011
G1 X78.519 Y88.306 E3.35361
G1 X78.363 Y88.311 E3.36112
;WIDTH:0.404381
G1 X78.292 Y88.292 E3.36424
G1 X78.311 Y88.363 E3.36736
G1 X78.352 Y88.352 E3.36916
G1 E1.36916 F2400
G92 E0
G1 X74.406 Y88.562 F7800
G1 E2 F2400
;WIDTH:0.569071
G1 F3000
G1 X74.361 Y88.518 E2.00396
G1 X74.3 Y88.534 E2.00793
G1 X74.284 Y88.595 E2.0119
G1 X74.329 Y88.64 E2.01591
G1 X74.39 Y88.623 E2.0199
;WIDTH:0.45
G1 X74.285 Y89.268 E2.05133
G1 X75.034 Y88.519 E2.10228
G1 X75.212 Y88.385 E2.113
;WIDTH:0.404381
G1 X75.171 Y88.396 E2.1148
G1 X75.152 Y88.325 E2.11792
G1 X75.223 Y88.344 E2.12104
;WIDTH:0.45
G1 X75.579 Y88.519 E2.14012
G1 X74.285 Y89.813 E2.22814
G1 X74.285 Y90.358 E2.25435
G1 X76.125 Y88.519 E2.37947
G1 X76.67 Y88.519 E2.40568
G1 X74.285 Y90.904 E2.5679
G1 X74.285 Y91.449 E2.59411
G1 X77.215 Y88.519 E2.7934
G1 X77.761 Y88.519 E2.81966
G1 X74.285 Y91.995 E3.05609
G1 X74.214 Y92.802 F7800
;WIDTH:0.404381
G1 F3000
G1 X74.142 Y92.783 E3.05925
G1 X74.161 Y92.854 E3.06237
G1 X74.203 Y92.843 E3.06421
;WIDTH:0.45
G1 X74.285 Y92.54 E3.07931
G1 X78.306 Y88.519 E3.35281
G1 E1.35281 F2400
G92 E0
G1 X74.285 Y93.085 F7800
G1 E2 F2400
G1 F3000
G1 X83.085 Y84.285 E2.59857
G1 X83.631 Y84.285 E2.62483
G1 X74.285 Y93.631 E3.26053
G1 X74.285 Y94.176 E3.28674
G1 X84.176 Y84.285 E3.95951
G1 X84.721 Y84.285 E3.98572
G1 X74.285 Y94.721 E4.69556
G1 X74.285 Y95.267 E4.72182
G1 X85.267 Y84.285 E5.4688
G1 X85.812 Y84.285 E5.49501
G1 X74.285 Y95.812 E6.27906
G1 X74.203 Y96.66 F7800
;WIDTH:0.404381
G1 F3000
G1 X74.161 Y96.671 E6.2809
G1 X74.142 Y96.6 E6.28402
G1 X74.214 Y96.619 E6.28718
;WIDTH:0.45
G1 X74.285 Y96.357 E6.30024
G1 X86.357 Y84.285 E7.12136
G1 X86.903 Y84.285 E7.14762
G1 X81.011 Y90.177 E7.54839
G1 X80.738 Y90.426 E7.56616
;WIDTH:0.415659
G1 X80.426 Y90.738 E7.58549
;WIDTH:0.45
G1 X80.177 Y91.011 E7.60326
G1 X74.285 Y96.903 E8.00403
G1 X74.285 Y97.448 E8.03024
G1 X79.473 Y92.249 E8.3835
;WIDTH:0.404381
G1 X79.432 Y92.26 E8.3853
G1 X79.413 Y92.189 E8.38842
G1 X79.484 Y92.208 E8.39154
G1 X79.138 Y93.036 F7800
G1 F3000
G1 X79.159 Y93.185 E8.39792
G1 X79.134 Y93.278 E8.402
;WIDTH:0.45
G1 X78.97 Y93.309 E8.41003
G1 X74.285 Y97.993 E8.72866
G1 X74.285 Y98.539 E8.75492
G1 X78.806 Y94.018 E9.06243
G1 X78.749 Y94.62 E9.09151
G1 X74.285 Y99.084 E9.39515
G1 X74.285 Y99.629 E9.42136
G1 X78.732 Y95.183 E9.72381
G1 X78.78 Y95.681 E9.74787
G1 X74.285 Y100.175 E10.05358
G1 X74.285 Y100.72 E10.07979
G1 X78.828 Y96.178 E10.38877
G1 X78.949 Y96.602 E10.40998
G1 X74.285 Y101.265 E10.72719
G1 X74.231 Y101.595 E10.74327
;WIDTH:0.404381
G1 X74.19 Y101.606 E10.74507
G1 X74.171 Y101.535 E10.74819
G1 X74.242 Y101.554 E10.75131
;WIDTH:0.45
G1 X74.615 Y101.481 E10.76959
G1 X79.073 Y97.023 E11.07282
G1 X79.21 Y97.432 E11.09357
G1 X75.161 Y101.481 E11.36898
G1 X75.706 Y101.481 E11.39519
G1 X79.393 Y97.793 E11.64601
G1 X79.583 Y98.149 E11.66542
G1 X76.251 Y101.481 E11.89206
G1 X76.797 Y101.481 E11.91832
G1 X79.782 Y98.495 E12.12139
G1 X80.022 Y98.801 E12.14009
G1 X77.342 Y101.481 E12.32238
G1 X77.887 Y101.481 E12.34859
G1 X80.269 Y99.1 E12.51058
G1 X80.516 Y99.398 E12.5292
G1 X78.372 Y101.542 E12.67503
G1 X78.519 Y101.94 E12.69544
G1 X80.806 Y99.653 E12.851
G1 X81.104 Y99.9 E12.86962
G1 X78.519 Y102.485 E13.04545
G1 X78.519 Y103.031 E13.07171
G1 X81.402 Y100.147 E13.26784
G1 X81.739 Y100.356 E13.28691
G1 X78.519 Y103.576 E13.50593
G1 X78.519 Y104.121 E13.53214
G1 X82.094 Y100.546 E13.77531
G1 X82.449 Y100.736 E13.79468
G1 X78.519 Y104.667 E14.06203
G1 X78.519 Y105.212 E14.08824
G1 X82.842 Y100.889 E14.38229
G1 X83.261 Y101.016 E14.40335
G1 X78.562 Y105.715 E14.72297
G1 X79.107 Y105.715 E14.74918
G1 X83.681 Y101.141 E15.0603
G1 X84.16 Y101.208 E15.08356
G1 X79.653 Y105.715 E15.39012
G1 X80.198 Y105.715 E15.41633
G1 X84.658 Y101.254 E15.71973
G1 X85.19 Y101.268 E15.74533
G1 X80.743 Y105.715 E16.04781
G1 X81.289 Y105.715 E16.07407
G1 X85.794 Y101.209 E16.38053
G1 X86.581 Y100.909 F7800
;WIDTH:0.404381
G1 F3000
G1 X86.723 Y100.933 E16.38664
;WIDTH:0.45
G1 X86.453 Y101.095 E16.40178
G1 X81.834 Y105.715 E16.71599
G1 X82.379 Y105.715 E16.7422
G1 X87.227 Y100.867 E17.07195
G1 X87.527 Y100.71 E17.08824
;WIDTH:0.404381
G1 X87.486 Y100.721 E17.09004
G1 X87.467 Y100.65 E17.09316
G1 X87.538 Y100.669 E17.09628
G1 E15.09628 F2400
G92 E0
G1 X82.249 Y89.473 F7800
G1 E2 F2400
G1 F3000
G1 X82.208 Y89.484 E2.0018
G1 X82.189 Y89.413 E2.00492
G1 X82.26 Y89.432 E2.00804
;WIDTH:0.45
G1 X82.492 Y89.241 E2.02249
G1 X87.448 Y84.285 E2.35959
G1 X87.993 Y84.285 E2.3858
G1 X83.302 Y88.977 E2.70491
G1 X83.029 Y89.139 E2.72018
;WIDTH:0.404381
G1 X83.177 Y89.162 E2.72653
G1 X84.016 Y88.808 F7800
;WIDTH:0.45
G1 F3000
G1 X88.539 Y84.285 E3.03418
G1 X89.084 Y84.285 E3.06039
G1 X84.623 Y88.746 E3.36382
G1 X85.188 Y88.727 E3.39101
G1 X89.629 Y84.285 E3.69312
G1 X90.175 Y84.285 E3.71938
G1 X85.684 Y88.776 E4.02485
G1 X86.175 Y88.831 E4.04861
G1 X90.72 Y84.285 E4.35779
G1 X91.265 Y84.285 E4.384
G1 X86.607 Y88.944 E4.70087
G1 X87.025 Y89.071 E4.72188
G1 X91.481 Y84.615 E5.02497
G1 X91.481 Y85.161 E5.05123
G1 X87.432 Y89.21 E5.32664
G1 X87.793 Y89.393 E5.34611
G1 X91.481 Y85.706 E5.59693
G1 X91.481 Y86.251 E5.62314
G1 X88.149 Y89.583 E5.84978
G1 X88.495 Y89.782 E5.86898
G1 X91.481 Y86.797 E6.07205
G1 X91.481 Y87.342 E6.09826
G1 X88.801 Y90.022 E6.28055
G1 X89.1 Y90.269 E6.2992
G1 X91.481 Y87.887 E6.46119
G1 X91.542 Y88.372 E6.4847
G1 X89.398 Y90.516 E6.63053
G1 X89.653 Y90.806 E6.6491
G1 X91.94 Y88.519 E6.80466
G1 X92.485 Y88.519 E6.83087
G1 X89.9 Y91.104 E7.0067
G1 X90.147 Y91.402 E7.02532
G1 X93.031 Y88.519 E7.22145
G1 X93.576 Y88.519 E7.24766
G1 X90.356 Y91.739 E7.46668
G1 X90.546 Y92.094 E7.48605
G1 X94.121 Y88.519 E7.72922
G1 X94.667 Y88.519 E7.75548
G1 X90.736 Y92.449 E8.02283
G1 X90.889 Y92.842 E8.04311
G1 X95.212 Y88.519 E8.33716
G1 X95.715 Y88.562 E8.36144
G1 X91.016 Y93.261 E8.68106
G1 X91.141 Y93.681 E8.70214
G1 X95.715 Y89.107 E9.01326
G1 X95.715 Y89.653 E9.03952
G1 X91.208 Y94.16 E9.34608
G1 X91.254 Y94.658 E9.37013
G1 X95.715 Y90.198 E9.67353
G1 X95.715 Y90.743 E9.69974
G1 X91.268 Y95.19 E10.00222
G1 X91.209 Y95.794 E10.03141
G1 X95.715 Y91.289 E10.33787
G1 X95.715 Y91.834 E10.36408
G1 X91.095 Y96.453 E10.67829
G1 X90.981 Y96.715 E10.69203
;WIDTH:0.404381
G1 X90.91 Y96.696 E10.69515
G1 X90.929 Y96.767 E10.69827
G1 X90.97 Y96.756 E10.70007
;WIDTH:0.45
G1 X90.73 Y97.488 E10.73712
;WIDTH:0.404381
G1 X90.659 Y97.469 E10.74024
G1 X90.678 Y97.54 E10.74336
G1 X90.719 Y97.529 E10.74516
;WIDTH:0.45
G1 X90.867 Y97.227 E10.76134
G1 X95.715 Y92.379 E11.09109
G1 X95.715 Y92.925 E11.11735
G1 X90.332 Y98.307 E11.48346
G1 X90.113 Y98.58 E11.50029
;WIDTH:0.404381
G1 X89.389 Y99.375 E11.54589
G1 X88.58 Y100.113 E11.59233
;WIDTH:0.45
G1 X88.307 Y100.332 E11.60916
G1 X82.925 Y105.715 E11.97527
G1 X83.238 Y105.817 E11.9911
;WIDTH:0.404381
G1 X83.167 Y105.797 E11.99423
G1 X83.186 Y105.869 E11.99739
G1 X83.227 Y105.858 E11.99919
;WIDTH:0.45
G1 X83.47 Y105.715 E12.01275
G1 X95.715 Y93.47 E12.84564
G1 X95.715 Y94.015 E12.87185
G1 X84.015 Y105.715 E13.66767
G1 X84.561 Y105.715 E13.69393
G1 X95.715 Y94.561 E14.45261
G1 X95.715 Y95.106 E14.47882
G1 X85.106 Y105.715 E15.20043
G1 X85.651 Y105.715 E15.22664
G1 X95.715 Y95.651 E15.91118
G1 X95.715 Y96.197 E15.93744
G1 X86.197 Y105.715 E16.58484
G1 X86.742 Y105.715 E16.61105
G1 X95.715 Y96.742 E17.22138
G1 X95.715 Y97.287 E17.24759
G1 X87.287 Y105.715 E17.82085
G1 X87.18 Y105.868 E17.82983
;WIDTH:0.404381
G1 X87.109 Y105.849 E17.83295
G1 X87.128 Y105.92 E17.83607
G1 X87.169 Y105.909 E17.83787
G1 E15.83787 F2400
G92 E0
G1 X91.594 Y101.794 F7800
G1 E2 F2400
G1 F3000
G1 X91.794 Y101.594 E2.01199
;WIDTH:0.45
G1 X92.067 Y101.481 E2.0262
G1 X95.715 Y97.833 E2.27433
G1 X95.715 Y98.378 E2.30054
G1 X92.612 Y101.481 E2.5116
G1 X93.157 Y101.481 E2.53781
G1 X95.715 Y98.923 E2.7118
G1 X95.715 Y99.469 E2.73806
G1 X93.703 Y101.481 E2.87491
G1 E.87491 F2400
G92 E0
G1 X95.578 Y100.151 F7800
G1 E2 F2400
G1 F3000
G1 X94.248 Y101.481 E2.09046
G1 X95.715 Y101.481 E2.16102
G1 X95.715 Y100.014 E2.23158
G1 X95.342 Y101.036 F7800
;WIDTH:0.537905
G1 F3000
G1 X95.3 Y100.994 E2.23509
G1 X95.243 Y101.009 E2.23857
G1 X95.228 Y101.067 E2.24211
G1 X95.27 Y101.108 E2.24558
G1 X95.327 Y101.093 E2.24906
G1 E.24906 F2400
G92 E0
G1 X91.481 Y102.067 F7800
G1 E2 F2400
;WIDTH:0.45
G1 F3000
G1 X87.833 Y105.715 E2.24813
G1 X87.601 Y105.817 E2.26032
;WIDTH:0.404381
G1 X87.53 Y105.797 E2.26345
G1 X87.549 Y105.869 E2.26661
G1 X87.59 Y105.858 E2.26841
G1 X88.378 Y105.715 F7800
;WIDTH:0.45
G1 F3000
G1 X91.481 Y102.612 E2.47947
G1 X91.481 Y103.157 E2.50568
G1 X88.923 Y105.715 E2.67967
G1 X89.351 Y105.909 E2.70227
;WIDTH:0.404381
G1 X89.31 Y105.92 E2.70407
G1 X89.291 Y105.849 E2.70719
G1 X89.362 Y105.868 E2.71031
;WIDTH:0.45
G1 X89.469 Y105.715 E2.71929
G1 X91.481 Y103.703 E2.85614
G1 X91.481 Y105.715 E2.95291
G1 X90.014 Y105.715 E3.02347
G1 X91.344 Y104.384 E3.11397
G1 X91.108 Y105.27 F7800
;WIDTH:0.537905
G1 F3000
G1 X91.067 Y105.228 E3.11744
G1 X91.009 Y105.243 E3.12098
G1 X90.994 Y105.3 E3.12446
G1 X91.036 Y105.342 E3.12797
G1 X91.093 Y105.327 E3.13145
M106 S198.9
;LAYER_CHANGE
;Z:5.15
;HEIGHT:0.3
G1 E1.13145 F2400
G92 E0
G1 Z5.15 F7800
G1 X79.016 Y95
G1 E2 F2400
;TYPE:Perimeter
;WIDTH:0.45
G1 F1800
G1 X79.105 Y93.924 E2.05193
G1 X79.428 Y92.794 E2.10846
G1 X79.966 Y91.75 E2.16495
G1 X80.696 Y90.83 E2.22144
G1 X81.593 Y90.071 E2.27795
G1 X82.62 Y89.501 E2.33444
G1 X83.738 Y89.142 E2.39092
G1 X84.906 Y89.008 E2.44747
G1 X86.076 Y89.105 E2.50394
G1 X87.206 Y89.428 E2.56047
G1 X88.25 Y89.966 E2.61696
G1 X89.17 Y90.696 E2.67345
G1 X89.929 Y91.593 E2.72996
G1 X90.499 Y92.62 E2.78645
G1 X90.858 Y93.738 E2.84293
G1 X90.992 Y94.906 E2.89948
G1 X90.895 Y96.076 E2.95595
G1 X90.572 Y97.206 E3.01248
G1 X90.034 Y98.25 E3.06897
G1 X89.304 Y99.17 E3.12546
G1 X88.407 Y99.929 E3.18197
G1 X87.38 Y100.499 E3.23846
G1 X86.262 Y100.858 E3.29494
G1 X85.094 Y100.992 E3.35149
G1 X83.924 Y100.895 E3.40796
G1 X82.794 Y100.572 E3.46449
G1 X81.75 Y100.034 E3.52098
G1 X80.83 Y99.304 E3.57747
G1 X80.071 Y98.407 E3.63398
G1 X79.501 Y97.38 E3.69047
G1 X79.142 Y96.262 E3.74695
G1 X79.008 Y95.094 E3.8035
G1 X79.011 Y95.06 E3.80514
G1 X79.397 Y95 F7800
G1 F1800
G1 X79.489 Y93.962 E3.85526
G1 X79.797 Y92.906 E3.90817
G1 X80.306 Y91.932 E3.96103
G1 X80.994 Y91.075 E4.01389
G1 X81.837 Y90.369 E4.06678
G1 X82.802 Y89.841 E4.11969
G1 X83.85 Y89.511 E4.17254
G1 X84.943 Y89.392 E4.22542
G1 X86.038 Y89.489 E4.27829
G1 X87.094 Y89.797 E4.3312
G1 X88.068 Y90.306 E4.38406
G1 X88.925 Y90.994 E4.43692
G1 X89.631 Y91.837 E4.48981
G1 X90.159 Y92.802 E4.54272
G1 X90.489 Y93.85 E4.59557
G1 X90.608 Y94.943 E4.64845
G1 X90.511 Y96.038 E4.70132
G1 X90.203 Y97.094 E4.75423
G1 X89.694 Y98.068 E4.80709
G1 X89.006 Y98.925 E4.85995
G1 X88.163 Y99.631 E4.91284
G1 X87.198 Y100.159 E4.96575
G1 X86.15 Y100.489 E5.0186
G1 X85.057 Y100.608 E5.07148
G1 X83.962 Y100.511 E5.12435
G1 X82.906 Y100.203 E5.17726
G1 X81.932 Y99.694 E5.23012
G1 X81.075 Y99.006 E5.28298
G1 X80.369 Y98.163 E5.33587
G1 X79.841 Y97.198 E5.38878
G1 X79.511 Y96.15 E5.44163
G1 X79.392 Y95.06 E5.49437
G1 X79.778 Y95 F7800
;TYPE:External perimeter
G1 F1800
G1 X79.872 Y93.999 E5.54273
G1 X80.166 Y93.018 E5.59199
G1 X80.646 Y92.113 E5.64126
G1 X81.293 Y91.319 E5.69052
G1 X82.082 Y90.667 E5.73975
G1 X82.983 Y90.181 E5.78899
G1 X83.962 Y89.88 E5.83825
G1 X84.981 Y89.776 E5.88751
G1 X86.001 Y89.872 E5.93679
G1 X86.982 Y90.166 E5.98605
G1 X87.887 Y90.646 E6.03532
G1 X88.681 Y91.293 E6.08458
G1 X89.333 Y92.082 E6.13381
G1 X89.819 Y92.983 E6.18305
G1 X90.12 Y93.962 E6.23231
G1 X90.224 Y94.981 E6.28157
G1 X90.128 Y96.001 E6.33085
G1 X89.834 Y96.982 E6.38011
G1 X89.354 Y97.887 E6.42938
G1 X88.707 Y98.681 E6.47864
G1 X87.918 Y99.333 E6.52787
G1 X87.017 Y99.819 E6.57711
G1 X86.038 Y100.12 E6.62637
G1 X85.019 Y100.224 E6.67563
G1 X83.999 Y100.128 E6.72491
G1 X83.018 Y99.834 E6.77417
G1 X82.113 Y99.354 E6.82344
G1 X81.319 Y98.707 E6.8727
G1 X80.667 Y97.918 E6.92193
G1 X80.181 Y97.017 E6.97117
G1 X79.88 Y96.038 E7.02043
G1 X79.78 Y95.06 E7.06771
G1 X79.811 Y94.661 F7800
G1 E5.06771 F2400
G92 E0
G1 X96.003 Y84.813 F7800
G1 E2 F2400
;TYPE:Perimeter
G1 F3600
G1 X96.004 Y84.814 E2.00007
G1 X96.004 Y85.397 E2.02811
G1 X96.004 Y105.187 E2.97994
G1 X95.187 Y106.004 E3.03551
G1 X74.813 Y106.004 E4.01543
G1 X73.996 Y105.187 E4.071
G1 X73.996 Y84.813 E5.05092
G1 X74.813 Y83.996 E5.10649
G1 X95.181 Y83.996 E6.08612
G1 X95.96 Y84.771 E6.13897
G1 X96.389 Y84.654 F7800
G1 F3600
G1 X96.389 Y85.397 E6.17471
G1 X96.389 Y105.347 E7.13424
G1 X95.347 Y106.389 E7.20512
G1 X74.653 Y106.389 E8.20043
G1 X73.611 Y105.347 E8.27131
G1 X73.611 Y84.653 E9.26662
G1 X74.653 Y83.611 E9.3375
G1 X95.34 Y83.611 E10.33247
G1 X96.347 Y84.612 E10.40076
G1 X96.775 Y84.494 F7800
;TYPE:External perimeter
G1 F1800
G1 X96.775 Y85.397 E10.44419
G1 X96.775 Y105.507 E11.41141
G1 X95.507 Y106.775 E11.49766
G1 X74.493 Y106.775 E12.50836
G1 X73.225 Y105.507 E12.59461
G1 X73.225 Y84.493 E13.60531
G1 X74.493 Y83.225 E13.69156
G1 X95.499 Y83.225 E14.70188
G1 X96.732 Y84.451 E14.78551
G1 X96.771 Y84.849 F7800
G1 X95.885 Y86.532
;TYPE:Bridge infill
;WIDTH:0.438344
;HEIGHT:0.4
M106 S255
G1 F3600
G1 X95.096 Y87.321 E14.85552
G1 X94.406 Y87.321 E14.89881
G1 X95.682 Y86.044 E15.01207
G1 X95.682 Y85.354 E15.05536
G1 X93.715 Y87.321 E15.22989
G1 X93.024 Y87.321 E15.27324
G1 X95.539 Y84.806 E15.4964
G1 X95.193 Y84.462 E15.52701
G1 X92.679 Y86.975 E15.75003
G1 X92.679 Y86.285 E15.79332
G1 X94.646 Y84.318 E15.96785
G1 X93.956 Y84.318 E16.01114
G1 X92.679 Y85.594 E16.1244
G1 X92.679 Y84.904 E16.16769
G1 X93.468 Y84.115 E16.2377
M106 S198.9
G1 E14.2377 F2400
G92 E0
G1 X95.209 Y87.563 F7800
G1 E2 F2400
;TYPE:Top solid infill
;WIDTH:0.401617
;HEIGHT:0.3
G1 X95.74 Y88.093 E2.03156
G1 X95.74 Y88.57 E2.05162
G1 X94.883 Y87.714 E2.10257
G1 X94.406 Y87.714 E2.12263
G1 X95.74 Y89.047 E2.20195
G1 X95.74 Y89.524 E2.22201
G1 X93.929 Y87.714 E2.32971
G1 X93.452 Y87.714 E2.34977
G1 X95.74 Y90.001 E2.48584
G1 X95.74 Y90.478 E2.5059
G1 X92.824 Y87.563 E2.67933
G1 E.67933
G92 E0
G1 X91.756 Y84.109 F7800
G1 E2 F2400
G1 X92.286 Y84.64 E2.03156
G1 X92.286 Y85.117 E2.05162
G1 X91.43 Y84.26 E2.10257
G1 X90.953 Y84.26 E2.12263
G1 X92.286 Y85.594 E2.20195
G1 X92.286 Y86.071 E2.22201
G1 X90.476 Y84.26 E2.32971
G1 X89.999 Y84.26 E2.34977
G1 X92.286 Y86.548 E2.48584
G1 X92.286 Y87.025 E2.5059
G1 X89.522 Y84.26 E2.67035
G1 X89.045 Y84.26 E2.69041
G1 X95.74 Y90.955 E3.08866
G1 X95.74 Y91.432 E3.10872
G1 X88.568 Y84.26 E3.53534
G1 X88.091 Y84.26 E3.5554
G1 X95.74 Y91.909 E4.0104
G1 X95.74 Y92.386 E4.03046
G1 X87.614 Y84.26 E4.51383
G1 X87.137 Y84.26 E4.53389
G1 X95.74 Y92.863 E5.04564
G1 X95.74 Y93.34 E5.0657
G1 X86.66 Y84.26 E5.60582
G1 X86.184 Y84.26 E5.62584
G1 X95.74 Y93.817 E6.1943
G1 X95.74 Y94.293 E6.21432
G1 X85.707 Y84.26 E6.81113
G1 X85.23 Y84.26 E6.83119
G1 X95.74 Y94.77 E7.45637
G1 X95.74 Y95.247 E7.47643
G1 X84.753 Y84.26 E8.12999
G1 X84.276 Y84.26 E8.15005
G1 X95.74 Y95.724 E8.83198
G1 X95.74 Y96.201 E8.85204
G1 X83.799 Y84.26 E9.56235
G1 X83.322 Y84.26 E9.58241
G1 X95.74 Y96.678 E10.32109
G1 X95.74 Y97.155 E10.34115
G1 X90.334 Y91.749 E10.66272
G1 X90.136 Y91.428 E10.67858
G1 X89.427 Y90.573 E10.7253
G1 X88.572 Y89.864 E10.77202
G1 X88.251 Y89.666 E10.78788
G1 X82.845 Y84.26 E11.10945
G1 X82.368 Y84.26 E11.12951
G1 X87.283 Y89.176 E11.42191
G1 X86.599 Y88.968 E11.45198
G1 X81.891 Y84.26 E11.73203
G1 X81.414 Y84.26 E11.75209
G1 X85.984 Y88.83 E12.02393
G1 X85.455 Y88.778 E12.04629
G1 X80.937 Y84.26 E12.31504
G1 X80.46 Y84.26 E12.3351
G1 X84.945 Y88.745 E12.60189
G1 X84.506 Y88.783 E12.62042
G1 X79.983 Y84.26 E12.88947
G1 X79.507 Y84.26 E12.90949
G1 X84.073 Y88.827 E13.18113
G1 X83.805 Y88.855 E13.19246
G1 X83.665 Y88.896 E13.1986
G1 X79.03 Y84.26 E13.47434
G1 X78.553 Y84.26 E13.4944
G1 X83.297 Y89.004 E13.77659
G1 X82.928 Y89.113 E13.79277
G1 X78.076 Y84.26 E14.08142
G1 X77.714 Y84.26 E14.09665
G1 X77.714 Y84.375 E14.10149
G1 X82.573 Y89.235 E14.39056
G1 X82.257 Y89.395 E14.40546
G1 X77.714 Y84.852 E14.6757
G1 X77.714 Y85.329 E14.69576
G1 X81.946 Y89.561 E14.9475
G1 X81.635 Y89.727 E14.96233
G1 X77.714 Y85.806 E15.19557
G1 X77.714 Y86.283 E15.21563
G1 X81.355 Y89.924 E15.43221
G1 X81.094 Y90.14 E15.44646
G1 X77.714 Y86.76 E15.64752
G1 X77.714 Y87.237 E15.66758
G1 X80.834 Y90.357 E15.85317
G1 X80.573 Y90.573 E15.86742
G1 X77.714 Y87.714 E16.03749
G1 X77.237 Y87.714 E16.05755
G1 X80.357 Y90.834 E16.24314
G1 X80.14 Y91.094 E16.25738
G1 X76.76 Y87.714 E16.45844
G1 X76.283 Y87.714 E16.4785
G1 X79.924 Y91.355 E16.69508
G1 X79.727 Y91.635 E16.70948
G1 X75.806 Y87.714 E16.94272
G1 X75.329 Y87.714 E16.96278
G1 X79.561 Y91.946 E17.21452
G1 X79.395 Y92.257 E17.22935
G1 X74.852 Y87.714 E17.49959
G1 X74.375 Y87.714 E17.51965
G1 X79.235 Y92.573 E17.80872
G1 X79.112 Y92.927 E17.82448
G1 X74.26 Y88.076 E18.11307
G1 X74.26 Y88.553 E18.13313
G1 X79.001 Y93.293 E18.41512
G1 X78.89 Y93.659 E18.43121
G1 X74.26 Y89.03 E18.70659
G1 X74.26 Y89.507 E18.72665
G1 X78.826 Y94.072 E18.99823
G1 X78.785 Y94.508 E19.01665
G1 X74.26 Y89.984 E19.28579
G1 X74.26 Y90.46 E19.30581
G1 X78.744 Y94.944 E19.57254
G1 X78.784 Y95.461 E19.59435
G1 X74.26 Y90.937 E19.86346
G1 X74.26 Y91.414 E19.88352
G1 X78.835 Y95.988 E20.15563
G1 X78.854 Y96.195 E20.16437
G1 X78.976 Y96.607 E20.18244
G1 X74.26 Y91.891 E20.46297
G1 X74.26 Y92.368 E20.48303
G1 X79.487 Y97.594 E20.79393
G1 E18.79393
G92 E0
G1 X90.513 Y92.406 F7800
G1 E2 F2400
G1 X95.74 Y97.632 E2.3109
G1 X95.74 Y98.109 E2.33096
G1 X91.032 Y93.401 E2.61101
G1 X91.112 Y93.665 E2.62261
G1 X91.169 Y94.015 E2.63753
G1 X95.74 Y98.586 E2.90943
G1 X95.74 Y99.063 E2.92949
G1 X91.218 Y94.541 E3.19848
G1 X91.256 Y95.056 E3.2202
G1 X95.74 Y99.54 E3.48693
G1 X95.74 Y100.017 E3.50699
G1 X91.214 Y95.491 E3.77622
G1 X91.172 Y95.925 E3.79456
G1 X95.74 Y100.493 E4.06629
G1 X95.74 Y100.97 E4.08635
G1 X91.104 Y96.335 E4.36209
G1 X90.996 Y96.703 E4.37822
G1 X95.74 Y101.447 E4.66041
G1 X95.74 Y101.924 E4.68047
G1 X90.887 Y97.072 E4.96912
G1 X90.765 Y97.427 E4.98491
G1 X95.625 Y102.286 E5.27398
G1 X95.148 Y102.286 E5.29404
G1 X90.605 Y97.743 E5.56428
G1 X90.439 Y98.054 E5.57911
G1 X94.671 Y102.286 E5.83085
G1 X94.194 Y102.286 E5.85091
G1 X90.273 Y98.365 E6.08415
G1 X90.076 Y98.645 E6.09855
G1 X93.717 Y102.286 E6.31513
G1 X93.24 Y102.286 E6.33519
G1 X89.86 Y98.906 E6.53625
G1 X89.643 Y99.166 E6.55049
G1 X92.763 Y102.286 E6.73608
G1 X92.286 Y102.286 E6.75614
G1 X89.427 Y99.427 E6.92621
G1 X89.166 Y99.643 E6.94046
G1 X92.286 Y102.763 E7.12605
G1 X92.286 Y103.24 E7.14611
G1 X88.906 Y99.86 E7.34717
G1 X88.645 Y100.076 E7.36142
G1 X92.286 Y103.717 E7.578
G1 X92.286 Y104.194 E7.59806
G1 X88.365 Y100.273 E7.8313
G1 X88.054 Y100.439 E7.84613
G1 X92.286 Y104.671 E8.09787
G1 X92.286 Y105.148 E8.11793
G1 X87.743 Y100.605 E8.38817
G1 X87.427 Y100.765 E8.40307
G1 X92.286 Y105.625 E8.69214
G1 X92.286 Y105.74 E8.69698
G1 X91.924 Y105.74 E8.71221
G1 X87.071 Y100.887 E9.00089
G1 X86.703 Y100.996 E9.01703
G1 X91.447 Y105.74 E9.29922
G1 X90.97 Y105.74 E9.31928
G1 X86.335 Y101.104 E9.59502
G1 X86.195 Y101.146 E9.60117
G1 X85.925 Y101.172 E9.61258
G1 X90.493 Y105.74 E9.88431
G1 X90.016 Y105.74 E9.90437
G1 X85.49 Y101.214 E10.1736
G1 X85.056 Y101.256 E10.19194
G1 X89.54 Y105.74 E10.45867
G1 X89.063 Y105.74 E10.47873
G1 X84.541 Y101.218 E10.74772
G1 X84.015 Y101.169 E10.76994
G1 X88.586 Y105.74 E11.04184
G1 X88.109 Y105.74 E11.0619
G1 X83.401 Y101.032 E11.34195
G1 X82.717 Y100.824 E11.37202
G1 X87.632 Y105.74 E11.66442
G1 X87.155 Y105.74 E11.68448
G1 X81.749 Y100.334 E12.00605
G1 X81.428 Y100.136 E12.02191
G1 X80.573 Y99.427 E12.06863
G1 X79.864 Y98.572 E12.11535
G1 X79.666 Y98.251 E12.13121
G1 X74.26 Y92.845 E12.45278
G1 X74.26 Y93.322 E12.47284
G1 X86.678 Y105.74 E13.21152
G1 X86.201 Y105.74 E13.23158
G1 X74.26 Y93.799 E13.94189
G1 X74.26 Y94.276 E13.96195
G1 X85.724 Y105.74 E14.64388
G1 X85.247 Y105.74 E14.66394
G1 X74.26 Y94.753 E15.3175
G1 X74.26 Y95.23 E15.33756
G1 X84.77 Y105.74 E15.96274
G1 X84.293 Y105.74 E15.9828
G1 X74.26 Y95.707 E16.57961
G1 X74.26 Y96.184 E16.59967
G1 X83.816 Y105.74 E17.1681
G1 X83.34 Y105.74 E17.18812
G1 X74.26 Y96.66 E17.72824
G1 X74.26 Y97.137 E17.7483
G1 X82.863 Y105.74 E18.26005
G1 X82.386 Y105.74 E18.28011
G1 X74.26 Y97.614 E18.76348
G1 X74.26 Y98.091 E18.78354
G1 X81.909 Y105.74 E19.23854
G1 X81.432 Y105.74 E19.2586
G1 X74.26 Y98.568 E19.68522
G1 X74.26 Y99.045 E19.70528
G1 X80.955 Y105.74 E20.10353
G1 X80.478 Y105.74 E20.12359
G1 X77.714 Y102.975 E20.28804
G1 X77.714 Y103.452 E20.3081
G1 X80.001 Y105.74 E20.44417
G1 X79.524 Y105.74 E20.46423
G1 X77.714 Y103.929 E20.57193
G1 X77.714 Y104.406 E20.59199
G1 X79.047 Y105.74 E20.67131
G1 X78.57 Y105.74 E20.69137
G1 X77.714 Y104.883 E20.74232
G1 X77.714 Y105.36 E20.76238
G1 X78.244 Y105.891 E20.79394
G1 E18.79394
G92 E0
G1 X77.176 Y102.437 F7800
G1 E2 F2400
G1 X74.26 Y99.522 E2.17343
G1 X74.26 Y99.999 E2.19349
G1 X76.548 Y102.286 E2.32956
G1 X76.071 Y102.286 E2.34962
G1 X74.26 Y100.476 E2.45732
G1 X74.26 Y100.953 E2.47738
G1 X75.594 Y102.286 E2.5567
G1 X75.117 Y102.286 E2.57676
G1 X74.26 Y101.43 E2.62771
G1 X74.26 Y101.907 E2.64777
G1 X74.791 Y102.437 E2.67933
G1 E.67933
G92 E0
G1 X75.743 Y105.885 F7800
G1 E2 F2400
;TYPE:Bridge infill
;WIDTH:0.454062
;HEIGHT:0.4
M106 S255
G1 F3600
G1 X74.931 Y105.667 E2.0566
G1 X74.318 Y105.054 E2.11496
G1 X74.318 Y104.981 E2.11987
G1 X76.934 Y105.682 E2.3022
G1 X77.321 Y105.682 E2.32825
G1 X77.321 Y105.264 E2.35639
G1 X74.318 Y104.459 E2.56569
G1 X74.318 Y103.938 E2.60076
G1 X77.321 Y104.742 E2.81005
G1 X77.321 Y104.22 E2.84519
G1 X74.318 Y103.416 E3.05448
G1 X74.318 Y102.894 E3.08962
G1 X77.321 Y103.699 E3.29892
G1 X77.321 Y103.177 E3.33406
G1 X74.709 Y102.477 E3.51611
M106 S198.9
G1 E1.51611 F2400
G92 E0
G1 X77.523 Y86.544 F7800
G1 E2 F2400
;WIDTH:0.432898
M106 S255
G1 F3600
G1 X76.746 Y87.321 E2.06724
G1 X76.063 Y87.321 E2.10903
G1 X77.321 Y86.063 E2.2179
G1 X77.321 Y85.38 E2.25969
G1 X75.38 Y87.321 E2.42766
G1 X74.698 Y87.321 E2.46939
G1 X77.321 Y84.698 E2.69638
G1 X77.321 Y84.318 E2.71963
G1 X77.018 Y84.318 E2.73817
G1 X74.318 Y87.018 E2.97182
G1 X74.318 Y86.335 E3.01361
G1 X76.335 Y84.318 E3.18816
G1 X75.652 Y84.318 E3.22995
G1 X74.318 Y85.652 E3.34539
G1 X74.318 Y84.969 E3.38718
G1 X75.171 Y84.115 E3.46104
M106 S198.9
G1 E1.46104 F2400
G92 E0
G1 X95.885 Y104.828 F7800
G1 E2 F2400
M106 S255
G1 F3600
G1 X95.031 Y105.682 E2.0739
G1 X94.348 Y105.682 E2.11569
G1 X95.682 Y104.348 E2.23113
G1 X95.682 Y103.665 E2.27292
G1 X93.665 Y105.682 E2.44747
G1 X92.982 Y105.682 E2.48926
G1 X95.682 Y102.982 E2.72291
G1 X95.682 Y102.679 E2.74145
G1 X95.302 Y102.679 E2.7647
G1 X92.679 Y105.302 E2.99169
G1 X92.679 Y104.619 E3.03348
G1 X94.619 Y102.679 E3.20136
G1 X93.936 Y102.679 E3.24315
G1 X92.679 Y103.936 E3.35193
G1 X92.679 Y103.254 E3.39366
G1 X93.456 Y102.477 E3.4609
M106 S198.9
M106 S226.95
;LAYER_CHANGE
;Z:5.45
;HEIGHT:0.3
G1 E1.4609 F2400
G92 E0
G1 Z5.45 F7800
G1 X91.496 Y88.504
G1 E2 F2400
;TYPE:Perimeter
;WIDTH:0.45
G1 F1424
G1 X91.496 Y83.996 E2.21682
G1 X95.187 Y83.996 E2.39434
G1 X96.004 Y84.813 E2.44991
G1 X96.004 Y85.39 E2.47766
G1 X96.004 Y88.504 E2.62743
G1 X91.556 Y88.504 E2.84136
G1 X91.111 Y88.889 F7800
G1 F1424
G1 X91.111 Y83.611 E3.09521
G1 X95.347 Y83.611 E3.29895
G1 X96.389 Y84.653 E3.36983
G1 X96.389 Y85.39 E3.40528
G1 X96.389 Y88.889 E3.57357
G1 X91.171 Y88.889 E3.82454
G1 X90.725 Y89.275 F7800
;TYPE:External perimeter
G1 F1424
G1 X90.725 Y83.225 E4.11552
G1 X95.507 Y83.225 E4.34552
G1 X96.775 Y84.493 E4.43177
G1 X96.775 Y85.39 E4.47491
G1 X96.775 Y89.275 E4.66177
G1 X90.785 Y89.275 E4.94987
G1 X90.726 Y88.879 F7800
G1 E2.94987 F2400
G92 E0
G1 X91.89 Y84.317 F7800
G1 E2 F2400
;TYPE:Solid infill
;WIDTH:0.543559
G1 F1424
G1 X91.848 Y84.274 E2.00359
G1 X91.79 Y84.29 E2.00719
G1 X91.774 Y84.348 E2.01079
G1 X91.817 Y84.39 E2.01438
G1 X91.875 Y84.375 E2.01796
;WIDTH:0.45
G1 X92.491 Y84.285 E2.0479
G1 X91.785 Y84.991 E2.09592
G1 X91.785 Y85.536 E2.12213
G1 X93.036 Y84.285 E2.20722
G1 X93.581 Y84.285 E2.23343
G1 X91.785 Y86.081 E2.35559
G1 X91.785 Y86.627 E2.38185
G1 X94.127 Y84.285 E2.54115
G1 X94.672 Y84.285 E2.56736
G1 X91.785 Y87.172 E2.76373
G1 X91.785 Y87.717 E2.78994
G1 X95.142 Y84.36 E3.01828
G1 X95.415 Y84.633 E3.03685
G1 X91.833 Y88.215 E3.28049
G1 X92.379 Y88.215 E3.30675
G1 X95.688 Y84.906 E3.53182
G1 X95.715 Y85.424 E3.55677
G1 X92.924 Y88.215 E3.74661
G1 X93.47 Y88.215 E3.77287
G1 X95.715 Y85.97 E3.92557
G1 X95.715 Y88.215 E4.03355
G1 X94.015 Y88.215 E4.11531
G1 X95.578 Y86.651 E4.22166
G1 X95.369 Y87.349 E4.2567
;WIDTH:0.369393
G1 X95.369 Y87.869 E4.27648
G1 X94.849 Y87.869 E4.29626
G1 X95.233 Y87.485 E4.31692
G1 E2.31692 F2400
G92 E0
G1 X78.504 Y88.504 F7800
G1 E2 F2400
;TYPE:Perimeter
;WIDTH:0.45
G1 F1424
G1 X73.996 Y88.504 E2.21682
G1 X73.996 Y84.813 E2.39434
G1 X74.813 Y83.996 E2.44991
G1 X78.504 Y83.996 E2.62743
G1 X78.504 Y86.25 E2.73584
G1 X78.504 Y88.444 E2.84136
G1 X78.889 Y88.889 F7800
G1 F1424
G1 X73.611 Y88.889 E3.09521
G1 X73.611 Y84.653 E3.29895
G1 X74.653 Y83.611 E3.36983
G1 X78.889 Y83.611 E3.57357
G1 X78.889 Y86.25 E3.7005
G1 X78.889 Y88.829 E3.82454
G1 X79.275 Y89.275 F7800
;TYPE:External perimeter
G1 F1424
G1 X73.225 Y89.275 E4.11552
G1 X73.225 Y84.493 E4.34552
G1 X74.493 Y83.225 E4.43177
G1 X79.275 Y83.225 E4.66177
G1 X79.275 Y86.25 E4.80726
G1 X79.275 Y89.215 E4.94987
G1 X78.879 Y89.274 F7800
G1 E2.94987 F2400
G92 E0
G1 X75.205 Y84.285 F7800
G1 E2 F2400
;TYPE:Solid infill
G1 F1424
G1 X74.285 Y85.205 E2.06258
G1 X74.189 Y84.893 E2.07828
;WIDTH:0.404381
G1 X74.893 Y84.189 E2.1205
G1 X75.75 Y84.285 F7800
;WIDTH:0.45
G1 F1424
G1 X74.285 Y85.75 E2.22015
G1 X74.285 Y86.296 E2.24641
G1 X76.296 Y84.285 E2.3832
G1 X76.841 Y84.285 E2.40941
G1 X74.285 Y86.841 E2.58327
G1 X74.285 Y87.387 E2.60953
G1 X77.387 Y84.285 E2.82052
G1 X77.932 Y84.285 E2.84673
G1 X74.285 Y87.932 E3.09479
G1 X74.246 Y88.284 E3.11182
;WIDTH:0.404381
G1 X74.175 Y88.265 E3.11494
G1 X74.194 Y88.336 E3.11806
G1 X74.235 Y88.325 E3.11986
;WIDTH:0.45
G1 X74.548 Y88.215 E3.13582
G1 X78.215 Y84.548 E3.38524
G1 X78.325 Y84.235 E3.4012
;WIDTH:0.404381
G1 X78.284 Y84.246 E3.403
G1 X78.265 Y84.175 E3.40612
G1 X78.336 Y84.194 E3.40924
G1 X78.215 Y85.093 F7800
;WIDTH:0.45
G1 F1424
G1 X75.093 Y88.215 E3.62159
G1 X75.639 Y88.215 E3.64785
G1 X78.215 Y85.639 E3.82307
G1 X78.215 Y86.184 E3.84928
G1 X76.184 Y88.215 E3.98743
G1 E1.98743 F2400
G92 E0
G1 X78.078 Y86.866 F7800
G1 E2 F2400
G1 F1424
G1 X76.729 Y88.215 E2.09176
G1 X78.215 Y88.215 E2.16323
G1 X78.215 Y86.729 E2.2347
G1 X77.838 Y87.764 F7800
;WIDTH:0.548693
G1 F1424
G1 X77.795 Y87.721 E2.23837
G1 X77.737 Y87.737 E2.242
G1 X77.721 Y87.795 E2.24563
G1 X77.764 Y87.838 E2.2493
G1 X77.822 Y87.822 E2.25293
G1 E.25293 F2400
G92 E0
G1 X78.504 Y101.496 F7800
G1 E2 F2400
;TYPE:Perimeter
;WIDTH:0.45
G1 F1424
G1 X78.504 Y103.75 E2.10841
G1 X78.504 Y106.004 E2.21682
G1 X74.813 Y106.004 E2.39434
G1 X73.996 Y105.187 E2.44991
G1 X73.996 Y101.496 E2.62743
G1 X78.444 Y101.496 E2.84136
G1 X78.889 Y101.111 F7800
G1 F1424
G1 X78.889 Y103.75 E2.96829
G1 X78.889 Y106.389 E3.09522
G1 X74.653 Y106.389 E3.29896
G1 X73.611 Y105.347 E3.36984
G1 X73.611 Y101.111 E3.57358
G1 X78.829 Y101.111 E3.82455
G1 X79.275 Y100.725 F7800
;TYPE:External perimeter
G1 F1424
G1 X79.275 Y103.75 E3.97004
G1 X79.275 Y106.775 E4.11553
G1 X74.493 Y106.775 E4.34553
G1 X73.225 Y105.507 E4.43178
G1 X73.225 Y100.725 E4.66178
G1 X79.215 Y100.725 E4.94988
G1 X79.274 Y101.121 F7800
G1 E2.94988 F2400
G92 E0
G1 X74.39 Y101.817 F7800
G1 E2 F2400
;TYPE:Solid infill
;WIDTH:0.543559
G1 F1424
G1 X74.348 Y101.774 E2.00359
G1 X74.29 Y101.79 E2.00719
G1 X74.274 Y101.848 E2.01079
G1 X74.317 Y101.89 E2.01438
G1 X74.375 Y101.875 E2.01796
;WIDTH:0.45
G1 X74.285 Y102.491 E2.0479
G1 X74.991 Y101.785 E2.09592
G1 X75.536 Y101.785 E2.12213
G1 X74.285 Y103.036 E2.20722
G1 X74.285 Y103.581 E2.23343
G1 X76.081 Y101.785 E2.35559
G1 X76.627 Y101.785 E2.38185
G1 X74.285 Y104.127 E2.54115
G1 X74.285 Y104.672 E2.56736
G1 X77.172 Y101.785 E2.76373
G1 X77.717 Y101.785 E2.78994
G1 X74.36 Y105.142 E3.01828
G1 X74.633 Y105.415 E3.03685
G1 X78.215 Y101.833 E3.28049
G1 X78.215 Y102.379 E3.30675
G1 X74.906 Y105.688 E3.53182
G1 X75.424 Y105.715 E3.55677
G1 X78.215 Y102.924 E3.74661
G1 X78.215 Y103.47 E3.77287
G1 X75.97 Y105.715 E3.92557
G1 E1.92557 F2400
G92 E0
G1 X78.078 Y104.151 F7800
G1 E2 F2400
G1 F1424
G1 X76.515 Y105.715 E2.10635
G1 X78.215 Y105.715 E2.18811
G1 X78.215 Y104.015 E2.26987
G1 X77.869 Y104.849 F7800
;WIDTH:0.369392
G1 F1424
G1 X77.869 Y105.369 E2.28965
G1 X77.349 Y105.369 E2.30943
G1 X77.733 Y104.985 E2.33009
G1 E.33009 F2400
G92 E0
G1 X91.496 Y101.496 F7800
G1 E2 F2400
;TYPE:Perimeter
;WIDTH:0.45
G1 F1424
G1 X96.004 Y101.496 E2.21682
G1 X96.004 Y103.75 E2.32523
G1 X96.004 Y105.187 E2.39434
G1 X95.187 Y106.004 E2.44991
G1 X91.496 Y106.004 E2.62743
G1 X91.496 Y101.556 E2.84136
G1 X91.111 Y101.111 F7800
G1 F1424
G1 X96.389 Y101.111 E3.09521
G1 X96.389 Y103.75 E3.22214
G1 X96.389 Y105.347 E3.29895
G1 X95.347 Y106.389 E3.36983
G1 X91.111 Y106.389 E3.57357
G1 X91.111 Y101.171 E3.82454
G1 X90.725 Y100.725 F7800
;TYPE:External perimeter
G1 F1424
G1 X96.775 Y100.725 E4.11552
G1 X96.775 Y103.75 E4.26101
G1 X96.775 Y105.507 E4.34552
G1 X95.507 Y106.775 E4.43177
G1 X90.725 Y106.775 E4.66177
G1 X90.725 Y100.785 E4.94987
G1 X91.121 Y100.726 F7800
G1 X91.89 Y101.817
;TYPE:Solid infill
;WIDTH:0.543559
G1 F1424
G1 X91.848 Y101.774 E4.95346
G1 X91.79 Y101.79 E4.95706
G1 X91.774 Y101.848 E4.96066
G1 X91.817 Y101.89 E4.96425
G1 X91.875 Y101.875 E4.96783
;WIDTH:0.45
G1 X91.785 Y102.491 E4.99777
G1 X92.491 Y101.785 E5.04579
G1 X93.036 Y101.785 E5.072
G1 X91.785 Y103.036 E5.15709
G1 X91.785 Y103.581 E5.1833
G1 X93.581 Y101.785 E5.30546
G1 X94.127 Y101.785 E5.33172
G1 X91.785 Y104.127 E5.49102
G1 X91.785 Y104.672 E5.51723
G1 X94.672 Y101.785 E5.7136
G1 X95.217 Y101.785 E5.73981
G1 X91.785 Y105.217 E5.97325
G1 X91.833 Y105.715 E5.99731
G1 X95.715 Y101.833 E6.26136
G1 X95.715 Y102.379 E6.28762
G1 X92.379 Y105.715 E6.51453
G1 X92.924 Y105.715 E6.54074
G1 X95.715 Y102.924 E6.73058
G1 X95.715 Y103.47 E6.75684
G1 X93.47 Y105.715 E6.90954
G1 E4.90954 F2400
G92 E0
G1 X95.578 Y104.151 F7800
G1 E2 F2400
G1 F1424
G1 X94.015 Y105.715 E2.10635
G1 X95.068 Y105.715 E2.157
G1 X95.606 Y105.177 E2.19359
G1 X95.715 Y105.068 E2.201
G1 X95.715 Y104.015 E2.25165
G1 X95.342 Y104.913 F7800
;WIDTH:0.423105
G1 F1424
G1 X94.913 Y105.342 E2.27879
;LAYER_CHANGE
;Z:5.75
;HEIGHT:0.3
G1 E.27879 F2400
G92 E0
G1 Z5.75 F7800
G1 X91.496 Y88.504
G1 E2 F2400
;TYPE:Perimeter
;WIDTH:0.45
G1 F1421
G1 X91.496 Y83.996 E2.21682
G1 X95.187 Y83.996 E2.39434
G1 X96.004 Y84.813 E2.44991
G1 X96.004 Y85.39 E2.47766
G1 X96.004 Y88.504 E2.62743
G1 X91.556 Y88.504 E2.84136
G1 X91.111 Y88.889 F7800
G1 F1421
G1 X91.111 Y83.611 E3.09521
G1 X95.347 Y83.611 E3.29895
G1 X96.389 Y84.653 E3.36983
G1 X96.389 Y85.39 E3.40528
G1 X96.389 Y88.889 E3.57357
G1 X91.171 Y88.889 E3.82454
G1 X90.725 Y89.275 F7800
;TYPE:External perimeter
G1 F1421
G1 X90.725 Y83.225 E4.11552
G1 X95.507 Y83.225 E4.34552
G1 X96.775 Y84.493 E4.43177
G1 X96.775 Y85.39 E4.47491
G1 X96.775 Y89.275 E4.66177
G1 X90.785 Y89.275 E4.94987
G1 X90.726 Y88.879 F7800
G1 X91.817 Y88.11
;TYPE:Solid infill
;WIDTH:0.543559
G1 F1421
G1 X91.774 Y88.152 E4.95346
G1 X91.79 Y88.21 E4.95706
G1 X91.848 Y88.226 E4.96066
G1 X91.89 Y88.183 E4.96425
G1 X91.875 Y88.125 E4.96783
;WIDTH:0.45
G1 X91.785 Y87.509 E4.99777
G1 X92.491 Y88.215 E5.04579
G1 X93.036 Y88.215 E5.072
G1 X91.785 Y86.964 E5.15709
G1 X91.785 Y86.419 E5.1833
G1 X93.581 Y88.215 E5.30546
G1 X94.127 Y88.215 E5.33172
G1 X91.785 Y85.873 E5.49102
G1 X91.785 Y85.328 E5.51723
G1 X94.672 Y88.215 E5.7136
G1 X95.217 Y88.215 E5.73981
G1 X91.785 Y84.783 E5.97325
G1 X91.833 Y84.285 E5.99731
G1 X95.715 Y88.167 E6.26136
G1 X95.715 Y87.621 E6.28762
G1 X92.379 Y84.285 E6.51453
G1 X92.924 Y84.285 E6.54074
G1 X95.715 Y87.076 E6.73058
G1 X95.909 Y86.648 E6.75318
;WIDTH:0.404381
G1 X95.92 Y86.69 E6.75502
G1 X95.849 Y86.709 E6.75814
G1 X95.868 Y86.637 E6.7613
;WIDTH:0.45
G1 X95.715 Y86.53 E6.77028
G1 X93.47 Y84.285 E6.92298
G1 X95.068 Y84.285 E6.99984
G1 X95.715 Y84.932 E7.04385
G1 X95.715 Y85.985 E7.0945
G1 X94.151 Y84.422 E7.20085
G1 X94.913 Y84.658 F7800
;WIDTH:0.423105
G1 F1421
G1 X95.342 Y85.087 E7.22799
G1 E5.22799 F2400
G92 E0
G1 X78.504 Y88.504 F7800
G1 E2 F2400
;TYPE:Perimeter
;WIDTH:0.45
G1 F1421
G1 X73.996 Y88.504 E2.21682
G1 X73.996 Y84.813 E2.39434
G1 X74.813 Y83.996 E2.44991
G1 X78.504 Y83.996 E2.62743
G1 X78.504 Y86.25 E2.73584
G1 X78.504 Y88.444 E2.84136
G1 X78.889 Y88.889 F7800
G1 F1421
G1 X73.611 Y88.889 E3.09521
G1 X73.611 Y84.653 E3.29895
G1 X74.653 Y83.611 E3.36983
G1 X78.889 Y83.611 E3.57357
G1 X78.889 Y86.25 E3.7005
G1 X78.889 Y88.829 E3.82454
G1 X79.275 Y89.275 F7800
;TYPE:External perimeter
G1 F1421
G1 X73.225 Y89.275 E4.11552
G1 X73.225 Y84.493 E4.34552
G1 X74.493 Y83.225 E4.43177
G1 X79.275 Y83.225 E4.66177
G1 X79.275 Y86.25 E4.80726
G1 X79.275 Y89.215 E4.94987
G1 X78.879 Y89.274 F7800
G1 E2.94987 F2400
G92 E0
G1 X74.317 Y88.11 F7800
G1 E2 F2400
;TYPE:Solid infill
;WIDTH:0.543559
G1 F1421
G1 X74.274 Y88.152 E2.00359
G1 X74.29 Y88.21 E2.00719
G1 X74.348 Y88.226 E2.01079
G1 X74.39 Y88.183 E2.01438
G1 X74.375 Y88.125 E2.01796
;WIDTH:0.45
G1 X74.285 Y87.509 E2.0479
G1 X74.991 Y88.215 E2.09592
G1 X75.536 Y88.215 E2.12213
G1 X74.285 Y86.964 E2.20722
G1 X74.285 Y86.419 E2.23343
G1 X76.081 Y88.215 E2.35559
G1 X76.627 Y88.215 E2.38185
G1 X74.285 Y85.873 E2.54115
G1 X74.285 Y85.328 E2.56736
G1 X77.172 Y88.215 E2.76373
G1 X77.717 Y88.215 E2.78994
G1 X74.36 Y84.858 E3.01828
G1 X74.633 Y84.585 E3.03685
G1 X78.215 Y88.167 E3.28049
G1 X78.215 Y87.621 E3.30675
G1 X74.906 Y84.312 E3.53182
G1 X75.424 Y84.285 E3.55677
G1 X78.215 Y87.076 E3.74661
G1 X78.215 Y86.53 E3.77287
G1 X75.97 Y84.285 E3.92557
G1 X78.215 Y84.285 E4.03355
G1 X78.215 Y85.985 E4.11531
G1 X76.651 Y84.422 E4.22166
G1 X77.349 Y84.631 E4.2567
;WIDTH:0.369393
G1 X77.869 Y84.631 E4.27648
G1 X77.869 Y85.151 E4.29626
G1 X77.485 Y84.767 E4.31692
G1 E2.31692 F2400
G92 E0
G1 X78.504 Y101.496 F7800
G1 E2 F2400
;TYPE:Perimeter
;WIDTH:0.45
G1 F1421
G1 X78.504 Y103.75 E2.10841
G1 X78.504 Y106.004 E2.21682
G1 X74.813 Y106.004 E2.39434
G1 X73.996 Y105.187 E2.44991
G1 X73.996 Y101.496 E2.62743
G1 X78.444 Y101.496 E2.84136
G1 X78.889 Y101.111 F7800
G1 F1421
G1 X78.889 Y103.75 E2.96829
G1 X78.889 Y106.389 E3.09522
G1 X74.653 Y106.389 E3.29896
G1 X73.611 Y105.347 E3.36984
G1 X73.611 Y101.111 E3.57358
G1 X78.829 Y101.111 E3.82455
G1 X79.275 Y100.725 F7800
;TYPE:External perimeter
G1 F1421
G1 X79.275 Y103.75 E3.97004
G1 X79.275 Y106.775 E4.11553
G1 X74.493 Y106.775 E4.34553
G1 X73.225 Y105.507 E4.43178
G1 X73.225 Y100.725 E4.66178
G1 X79.215 Y100.725 E4.94988
G1 X79.274 Y101.121 F7800
G1 E2.94988 F2400
G92 E0
G1 X74.285 Y104.795 F7800
G1 E2 F2400
;TYPE:Solid infill
G1 F1421
G1 X75.205 Y105.715 E2.06258
G1 X74.893 Y105.811 E2.07828
;WIDTH:0.404381
G1 X74.189 Y105.107 E2.1205
G1 X74.285 Y104.25 F7800
;WIDTH:0.45
G1 F1421
G1 X75.75 Y105.715 E2.22015
G1 X76.296 Y105.715 E2.24641
G1 X74.285 Y103.704 E2.3832
G1 X74.285 Y103.159 E2.40941
G1 X76.841 Y105.715 E2.58327
G1 X77.387 Y105.715 E2.60953
G1 X74.285 Y102.613 E2.82052
G1 X74.285 Y102.068 E2.84673
G1 X77.932 Y105.715 E3.09479
G1 X78.284 Y105.754 E3.11182
;WIDTH:0.404381
G1 X78.265 Y105.825 E3.11494
G1 X78.336 Y105.806 E3.11806
G1 X78.325 Y105.765 E3.11986
;WIDTH:0.45
G1 X78.215 Y105.452 E3.13582
G1 X74.548 Y101.785 E3.38524
G1 X74.235 Y101.675 E3.4012
;WIDTH:0.404381
G1 X74.246 Y101.716 E3.403
G1 X74.175 Y101.735 E3.40612
G1 X74.194 Y101.664 E3.40924
G1 X75.093 Y101.785 F7800
;WIDTH:0.45
G1 F1421
G1 X78.215 Y104.907 E3.62159
G1 X78.215 Y104.361 E3.64785
G1 X75.639 Y101.785 E3.82307
G1 X76.184 Y101.785 E3.84928
G1 X78.215 Y103.816 E3.98743
G1 E1.98743 F2400
G92 E0
G1 X76.866 Y101.922 F7800
G1 E2 F2400
G1 F1421
G1 X78.215 Y103.271 E2.09176
G1 X78.215 Y101.785 E2.16323
G1 X76.729 Y101.785 E2.2347
G1 X77.764 Y102.162 F7800
;WIDTH:0.548693
G1 F1421
G1 X77.721 Y102.205 E2.23837
G1 X77.737 Y102.263 E2.242
G1 X77.795 Y102.279 E2.24563
G1 X77.838 Y102.236 E2.2493
G1 X77.822 Y102.178 E2.25293
G1 E.25293 F2400
G92 E0
G1 X91.496 Y101.496 F7800
G1 E2 F2400
;TYPE:Perimeter
;WIDTH:0.45
G1 F1421
G1 X96.004 Y101.496 E2.21682
G1 X96.004 Y103.75 E2.32523
G1 X96.004 Y105.187 E2.39434
G1 X95.187 Y106.004 E2.44991
G1 X91.496 Y106.004 E2.62743
G1 X91.496 Y101.556 E2.84136
G1 X91.111 Y101.111 F7800
G1 F1421
G1 X96.389 Y101.111 E3.09521
G1 X96.389 Y103.75 E3.22214
G1 X96.389 Y105.347 E3.29895
G1 X95.347 Y106.389 E3.36983
G1 X91.111 Y106.389 E3.57357
G1 X91.111 Y101.171 E3.82454
G1 X90.725 Y100.725 F7800
;TYPE:External perimeter
G1 F1421
G1 X96.775 Y100.725 E4.11552
G1 X96.775 Y103.75 E4.26101
G1 X96.775 Y105.507 E4.34552
G1 X95.507 Y106.775 E4.43177
G1 X90.725 Y106.775 E4.66177
G1 X90.725 Y100.785 E4.94987
G1 X91.121 Y100.726 F7800
G1 E2.94987 F2400
G92 E0
G1 X91.817 Y105.61 F7800
G1 E2 F2400
;TYPE:Solid infill
;WIDTH:0.543559
G1 F1421
G1 X91.774 Y105.652 E2.00359
G1 X91.79 Y105.71 E2.00719
G1 X91.848 Y105.726 E2.01079
G1 X91.89 Y105.683 E2.01438
G1 X91.875 Y105.625 E2.01796
;WIDTH:0.45
G1 X92.491 Y105.715 E2.0479
G1 X91.785 Y105.009 E2.09592
G1 X91.785 Y104.464 E2.12213
G1 X93.036 Y105.715 E2.20722
G1 X93.581 Y105.715 E2.23343
G1 X91.785 Y103.919 E2.35559
G1 X91.785 Y103.373 E2.38185
G1 X94.127 Y105.715 E2.54115
G1 X94.672 Y105.715 E2.56736
G1 X91.785 Y102.828 E2.76373
G1 X91.785 Y102.283 E2.78994
G1 X95.142 Y105.64 E3.01828
G1 X95.415 Y105.367 E3.03685
G1 X91.833 Y101.785 E3.28049
G1 X92.379 Y101.785 E3.30675
G1 X95.688 Y105.094 E3.53182
G1 X95.715 Y104.576 E3.55677
G1 X92.924 Y101.785 E3.74661
G1 X93.47 Y101.785 E3.77287
G1 X95.715 Y104.03 E3.92557
G1 E1.92557 F2400
G92 E0
G1 X94.151 Y101.922 F7800
G1 E2 F2400
G1 F1421
G1 X95.715 Y103.485 E2.10635
G1 X95.715 Y101.785 E2.18811
G1 X94.015 Y101.785 E2.26987
G1 X94.849 Y102.131 F7800
;WIDTH:0.369392
G1 F1421
G1 X95.369 Y102.131 E2.28965
G1 X95.369 Y102.651 E2.30943
G1 X94.985 Y102.267 E2.33009
;LAYER_CHANGE
;Z:6.05
;HEIGHT:0.3
G1 E.33009 F2400
G92 E0
G1 Z6.05 F7800
G1 X91.496 Y88.504
G1 E2 F2400
;TYPE:Perimeter
;WIDTH:0.45
G1 F1424
G1 X91.496 Y83.996 E2.21682
G1 X95.187 Y83.996 E2.39434
G1 X96.004 Y84.813 E2.44991
G1 X96.004 Y85.39 E2.47766
G1 X96.004 Y88.504 E2.62743
G1 X91.556 Y88.504 E2.84136
G1 X91.111 Y88.889 F7800
G1 F1424
G1 X91.111 Y83.611 E3.09521
G1 X95.347 Y83.611 E3.29895
G1 X96.389 Y84.653 E3.36983
G1 X96.389 Y85.39 E3.40528
G1 X96.389 Y88.889 E3.57357
G1 X91.171 Y88.889 E3.82454
G1 X90.725 Y89.275 F7800
;TYPE:External perimeter
G1 F1424
G1 X90.725 Y83.225 E4.11552
G1 X95.507 Y83.225 E4.34552
G1 X96.775 Y84.493 E4.43177
G1 X96.775 Y85.39 E4.47491
G1 X96.775 Y89.275 E4.66177
G1 X90.785 Y89.275 E4.94987
G1 X90.726 Y88.879 F7800
G1 E2.94987 F2400
G92 E0
G1 X91.89 Y84.317 F7800
G1 E2 F2400
;TYPE:Solid infill
;WIDTH:0.543559
G1 F1424
G1 X91.848 Y84.274 E2.00359
G1 X91.79 Y84.29 E2.00719
G1 X91.774 Y84.348 E2.01079
G1 X91.817 Y84.39 E2.01438
G1 X91.875 Y84.375 E2.01796
;WIDTH:0.45
G1 X92.491 Y84.285 E2.0479
G1 X91.785 Y84.991 E2.09592
G1 X91.785 Y85.536 E2.12213
G1 X93.036 Y84.285 E2.20722
G1 X93.581 Y84.285 E2.23343
G1 X91.785 Y86.081 E2.35559
G1 X91.785 Y86.627 E2.38185
G1 X94.127 Y84.285 E2.54115
G1 X94.672 Y84.285 E2.56736
G1 X91.785 Y87.172 E2.76373
G1 X91.785 Y87.717 E2.78994
G1 X95.142 Y84.36 E3.01828
G1 X95.415 Y84.633 E3.03685
G1 X91.833 Y88.215 E3.28049
G1 X92.379 Y88.215 E3.30675
G1 X95.688 Y84.906 E3.53182
G1 X95.715 Y85.424 E3.55677
G1 X92.924 Y88.215 E3.74661
G1 X93.47 Y88.215 E3.77287
G1 X95.715 Y85.97 E3.92557
G1 X95.715 Y88.215 E4.03355
G1 X94.015 Y88.215 E4.11531
G1 X95.578 Y86.651 E4.22166
G1 X95.369 Y87.349 E4.2567
;WIDTH:0.369393
G1 X95.369 Y87.869 E4.27648
G1 X94.849 Y87.869 E4.29626
G1 X95.233 Y87.485 E4.31692
G1 E2.31692 F2400
G92 E0
G1 X78.504 Y88.504 F7800
G1 E2 F2400
;TYPE:Perimeter
;WIDTH:0.45
G1 F1424
G1 X73.996 Y88.504 E2.21682
G1 X73.996 Y84.813 E2.39434
G1 X74.813 Y83.996 E2.44991
G1 X78.504 Y83.996 E2.62743
G1 X78.504 Y86.25 E2.73584
G1 X78.504 Y88.444 E2.84136
G1 X78.889 Y88.889 F7800
G1 F1424
G1 X73.611 Y88.889 E3.09521
G1 X73.611 Y84.653 E3.29895
G1 X74.653 Y83.611 E3.36983
G1 X78.889 Y83.611 E3.57357
G1 X78.889 Y86.25 E3.7005
G1 X78.889 Y88.829 E3.82454
G1 X79.275 Y89.275 F7800
;TYPE:External perimeter
G1 F1424
G1 X73.225 Y89.275 E4.11552
G1 X73.225 Y84.493 E4.34552
G1 X74.493 Y83.225 E4.43177
G1 X79.275 Y83.225 E4.66177
G1 X79.275 Y86.25 E4.80726
G1 X79.275 Y89.215 E4.94987
G1 X78.879 Y89.274 F7800
G1 E2.94987 F2400
G92 E0
G1 X75.205 Y84.285 F7800
G1 E2 F2400
;TYPE:Solid infill
G1 F1424
G1 X74.285 Y85.205 E2.06258
G1 X74.189 Y84.893 E2.07828
;WIDTH:0.404381
G1 X74.893 Y84.189 E2.1205
G1 X75.75 Y84.285 F7800
;WIDTH:0.45
G1 F1424
G1 X74.285 Y85.75 E2.22015
G1 X74.285 Y86.296 E2.24641
G1 X76.296 Y84.285 E2.3832
G1 X76.841 Y84.285 E2.40941
G1 X74.285 Y86.841 E2.58327
G1 X74.285 Y87.387 E2.60953
G1 X77.387 Y84.285 E2.82052
G1 X77.932 Y84.285 E2.84673
G1 X74.285 Y87.932 E3.09479
G1 X74.246 Y88.284 E3.11182
;WIDTH:0.404381
G1 X74.175 Y88.265 E3.11494
G1 X74.194 Y88.336 E3.11806
G1 X74.235 Y88.325 E3.11986
;WIDTH:0.45
G1 X74.548 Y88.215 E3.13582
G1 X78.215 Y84.548 E3.38524
G1 X78.325 Y84.235 E3.4012
;WIDTH:0.404381
G1 X78.284 Y84.246 E3.403
G1 X78.265 Y84.175 E3.40612
G1 X78.336 Y84.194 E3.40924
G1 X78.215 Y85.093 F7800
;WIDTH:0.45
G1 F1424
G1 X75.093 Y88.215 E3.62159
G1 X75.639 Y88.215 E3.64785
G1 X78.215 Y85.639 E3.82307
G1 X78.215 Y86.184 E3.84928
G1 X76.184 Y88.215 E3.98743
G1 E1.98743 F2400
G92 E0
G1 X78.078 Y86.866 F7800
G1 E2 F2400
G1 F1424
G1 X76.729 Y88.215 E2.09176
G1 X78.215 Y88.215 E2.16323
G1 X78.215 Y86.729 E2.2347
G1 X77.838 Y87.764 F7800
;WIDTH:0.548693
G1 F1424
G1 X77.795 Y87.721 E2.23837
G1 X77.737 Y87.737 E2.242
G1 X77.721 Y87.795 E2.24563
G1 X77.764 Y87.838 E2.2493
G1 X77.822 Y87.822 E2.25293
G1 E.25293 F2400
G92 E0
G1 X78.504 Y101.496 F7800
G1 E2 F2400
;TYPE:Perimeter
;WIDTH:0.45
G1 F1424
G1 X78.504 Y103.75 E2.10841
G1 X78.504 Y106.004 E2.21682
G1 X74.813 Y106.004 E2.39434
G1 X73.996 Y105.187 E2.44991
G1 X73.996 Y101.496 E2.62743
G1 X78.444 Y101.496 E2.84136
G1 X78.889 Y101.111 F7800
G1 F1424
G1 X78.889 Y103.75 E2.96829
G1 X78.889 Y106.389 E3.09522
G1 X74.653 Y106.389 E3.29896
G1 X73.611 Y105.347 E3.36984
G1 X73.611 Y101.111 E3.57358
G1 X78.829 Y101.111 E3.82455
G1 X79.275 Y100.725 F7800
;TYPE:External perimeter
G1 F1424
G1 X79.275 Y103.75 E3.97004
G1 X79.275 Y106.775 E4.11553
G1 X74.493 Y106.775 E4.34553
G1 X73.225 Y105.507 E4.43178
G1 X73.225 Y100.725 E4.66178
G1 X79.215 Y100.725 E4.94988
G1 X79.274 Y101.121 F7800
G1 E2.94988 F2400
G92 E0
G1 X74.39 Y101.817 F7800
G1 E2 F2400
;TYPE:Solid infill
;WIDTH:0.543559
G1 F1424
G1 X74.348 Y101.774 E2.00359
G1 X74.29 Y101.79 E2.00719
G1 X74.274 Y101.848 E2.01079
G1 X74.317 Y101.89 E2.01438
G1 X74.375 Y101.875 E2.01796
;WIDTH:0.45
G1 X74.285 Y102.491 E2.0479
G1 X74.991 Y101.785 E2.09592
G1 X75.536 Y101.785 E2.12213
G1 X74.285 Y103.036 E2.20722
G1 X74.285 Y103.581 E2.23343
G1 X76.081 Y101.785 E2.35559
G1 X76.627 Y101.785 E2.38185
G1 X74.285 Y104.127 E2.54115
G1 X74.285 Y104.672 E2.56736
G1 X77.172 Y101.785 E2.76373
G1 X77.717 Y101.785 E2.78994
G1 X74.36 Y105.142 E3.01828
G1 X74.633 Y105.415 E3.03685
G1 X78.215 Y101.833 E3.28049
G1 X78.215 Y102.379 E3.30675
G1 X74.906 Y105.688 E3.53182
G1 X75.424 Y105.715 E3.55677
G1 X78.215 Y102.924 E3.74661
G1 X78.215 Y103.47 E3.77287
G1 X75.97 Y105.715 E3.92557
G1 E1.92557 F2400
G92 E0
G1 X78.078 Y104.151 F7800
G1 E2 F2400
G1 F1424
G1 X76.515 Y105.715 E2.10635
G1 X78.215 Y105.715 E2.18811
G1 X78.215 Y104.015 E2.26987
G1 X77.869 Y104.849 F7800
;WIDTH:0.369392
G1 F1424
G1 X77.869 Y105.369 E2.28965
G1 X77.349 Y105.369 E2.30943
G1 X77.733 Y104.985 E2.33009
G1 E.33009 F2400
G92 E0
G1 X91.496 Y101.496 F7800
G1 E2 F2400
;TYPE:Perimeter
;WIDTH:0.45
G1 F1424
G1 X96.004 Y101.496 E2.21682
G1 X96.004 Y103.75 E2.32523
G1 X96.004 Y105.187 E2.39434
G1 X95.187 Y106.004 E2.44991
G1 X91.496 Y106.004 E2.62743
G1 X91.496 Y101.556 E2.84136
G1 X91.111 Y101.111 F7800
G1 F1424
G1 X96.389 Y101.111 E3.09521
G1 X96.389 Y103.75 E3.22214
G1 X96.389 Y105.347 E3.29895
G1 X95.347 Y106.389 E3.36983
G1 X91.111 Y106.389 E3.57357
G1 X91.111 Y101.171 E3.82454
G1 X90.725 Y100.725 F7800
;TYPE:External perimeter
G1 F1424
G1 X96.775 Y100.725 E4.11552
G1 X96.775 Y103.75 E4.26101
G1 X96.775 Y105.507 E4.34552
G1 X95.507 Y106.775 E4.43177
G1 X90.725 Y106.775 E4.66177
G1 X90.725 Y100.785 E4.94987
G1 X91.121 Y100.726 F7800
G1 X91.89 Y101.817
;TYPE:Solid infill
;WIDTH:0.543559
G1 F1424
G1 X91.848 Y101.774 E4.95346
G1 X91.79 Y101.79 E4.95706
G1 X91.774 Y101.848 E4.96066
G1 X91.817 Y101.89 E4.96425
G1 X91.875 Y101.875 E4.96783
;WIDTH:0.45
G1 X91.785 Y102.491 E4.99777
G1 X92.491 Y101.785 E5.04579
G1 X93.036 Y101.785 E5.072
G1 X91.785 Y103.036 E5.15709
G1 X91.785 Y103.581 E5.1833
G1 X93.581 Y101.785 E5.30546
G1 X94.127 Y101.785 E5.33172
G1 X91.785 Y104.127 E5.49102
G1 X91.785 Y104.672 E5.51723
G1 X94.672 Y101.785 E5.7136
G1 X95.217 Y101.785 E5.73981
G1 X91.785 Y105.217 E5.97325
G1 X91.833 Y105.715 E5.99731
G1 X95.715 Y101.833 E6.26136
G1 X95.715 Y102.379 E6.28762
G1 X92.379 Y105.715 E6.51453
G1 X92.924 Y105.715 E6.54074
G1 X95.715 Y102.924 E6.73058
G1 X95.715 Y103.47 E6.75684
G1 X93.47 Y105.715 E6.90954
G1 E4.90954 F2400
G92 E0
G1 X95.578 Y104.151 F7800
G1 E2 F2400
G1 F1424
G1 X94.015 Y105.715 E2.10635
G1 X95.068 Y105.715 E2.157
G1 X95.606 Y105.177 E2.19359
G1 X95.715 Y105.068 E2.201
G1 X95.715 Y104.015 E2.25165
G1 X95.342 Y104.913 F7800
;WIDTH:0.423105
G1 F1424
G1 X94.913 Y105.342 E2.27879
;LAYER_CHANGE
;Z:6.35
;HEIGHT:0.3
G1 E.27879 F2400
G92 E0
G1 Z6.35 F7800
G1 X91.496 Y88.504
G1 E2 F2400
;TYPE:Perimeter
;WIDTH:0.45
G1 F1421
G1 X91.496 Y83.996 E2.21682
G1 X95.187 Y83.996 E2.39434
G1 X96.004 Y84.813 E2.44991
G1 X96.004 Y85.39 E2.47766
G1 X96.004 Y88.504 E2.62743
G1 X91.556 Y88.504 E2.84136
G1 X91.111 Y88.889 F7800
G1 F1421
G1 X91.111 Y83.611 E3.09521
G1 X95.347 Y83.611 E3.29895
G1 X96.389 Y84.653 E3.36983
G1 X96.389 Y85.39 E3.40528
G1 X96.389 Y88.889 E3.57357
G1 X91.171 Y88.889 E3.82454
G1 X90.725 Y89.275 F7800
;TYPE:External perimeter
G1 F1421
G1 X90.725 Y83.225 E4.11552
G1 X95.507 Y83.225 E4.34552
G1 X96.775 Y84.493 E4.43177
G1 X96.775 Y85.39 E4.47491
G1 X96.775 Y89.275 E4.66177
G1 X90.785 Y89.275 E4.94987
G1 X90.726 Y88.879 F7800
G1 X91.817 Y88.11
;TYPE:Solid infill
;WIDTH:0.543559
G1 F1421
G1 X91.774 Y88.152 E4.95346
G1 X91.79 Y88.21 E4.95706
G1 X91.848 Y88.226 E4.96066
G1 X91.89 Y88.183 E4.96425
G1 X91.875 Y88.125 E4.96783
;WIDTH:0.45
G1 X91.785 Y87.509 E4.99777
G1 X92.491 Y88.215 E5.04579
G1 X93.036 Y88.215 E5.072
G1 X91.785 Y86.964 E5.15709
G1 X91.785 Y86.419 E5.1833
G1 X93.581 Y88.215 E5.30546
G1 X94.127 Y88.215 E5.33172
G1 X91.785 Y85.873 E5.49102
G1 X91.785 Y85.328 E5.51723
G1 X94.672 Y88.215 E5.7136
G1 X95.217 Y88.215 E5.73981
G1 X91.785 Y84.783 E5.97325
G1 X91.833 Y84.285 E5.99731
G1 X95.715 Y88.167 E6.26136
G1 X95.715 Y87.621 E6.28762
G1 X92.379 Y84.285 E6.51453
G1 X92.924 Y84.285 E6.54074
G1 X95.715 Y87.076 E6.73058
G1 X95.909 Y86.648 E6.75318
;WIDTH:0.404381
G1 X95.92 Y86.69 E6.75502
G1 X95.849 Y86.709 E6.75814
G1 X95.868 Y86.637 E6.7613
;WIDTH:0.45
G1 X95.715 Y86.53 E6.77028
G1 X93.47 Y84.285 E6.92298
G1 X95.068 Y84.285 E6.99984
G1 X95.715 Y84.932 E7.04385
G1 X95.715 Y85.985 E7.0945
G1 X94.151 Y84.422 E7.20085
G1 X94.913 Y84.658 F7800
;WIDTH:0.423105
G1 F1421
G1 X95.342 Y85.087 E7.22799
G1 E5.22799 F2400
G92 E0
G1 X78.504 Y88.504 F7800
G1 E2 F2400
;TYPE:Perimeter
;WIDTH:0.45
G1 F1421
G1 X73.996 Y88.504 E2.21682
G1 X73.996 Y84.813 E2.39434
G1 X74.813 Y83.996 E2.44991
G1 X78.504 Y83.996 E2.62743
G1 X78.504 Y86.25 E2.73584
G1 X78.504 Y88.444 E2.84136
G1 X78.889 Y88.889 F7800
G1 F1421
G1 X73.611 Y88.889 E3.09521
G1 X73.611 Y84.653 E3.29895
G1 X74.653 Y83.611 E3.36983
G1 X78.889 Y83.611 E3.57357
G1 X78.889 Y86.25 E3.7005
G1 X78.889 Y88.829 E3.82454
G1 X79.275 Y89.275 F7800
;TYPE:External perimeter
G1 F1421
G1 X73.225 Y89.275 E4.11552
G1 X73.225 Y84.493 E4.34552
G1 X74.493 Y83.225 E4.43177
G1 X79.275 Y83.225 E4.66177
G1 X79.275 Y86.25 E4.80726
G1 X79.275 Y89.215 E4.94987
G1 X78.879 Y89.274 F7800
G1 E2.94987 F2400
G92 E0
G1 X74.317 Y88.11 F7800
G1 E2 F2400
;TYPE:Solid infill
;WIDTH:0.543559
G1 F1421
G1 X74.274 Y88.152 E2.00359
G1 X74.29 Y88.21 E2.00719
G1 X74.348 Y88.226 E2.01079
G1 X74.39 Y88.183 E2.01438
G1 X74.375 Y88.125 E2.01796
;WIDTH:0.45
G1 X74.285 Y87.509 E2.0479
G1 X74.991 Y88.215 E2.09592
G1 X75.536 Y88.215 E2.12213
G1 X74.285 Y86.964 E2.20722
G1 X74.285 Y86.419 E2.23343
G1 X76.081 Y88.215 E2.35559
G1 X76.627 Y88.215 E2.38185
G1 X74.285 Y85.873 E2.54115
G1 X74.285 Y85.328 E2.56736
G1 X77.172 Y88.215 E2.76373
G1 X77.717 Y88.215 E2.78994
G1 X74.36 Y84.858 E3.01828
G1 X74.633 Y84.585 E3.03685
G1 X78.215 Y88.167 E3.28049
G1 X78.215 Y87.621 E3.30675
G1 X74.906 Y84.312 E3.53182
G1 X75.424 Y84.285 E3.55677
G1 X78.215 Y87.076 E3.74661
G1 X78.215 Y86.53 E3.77287
G1 X75.97 Y84.285 E3.92557
G1 X78.215 Y84.285 E4.03355
G1 X78.215 Y85.985 E4.11531
G1 X76.651 Y84.422 E4.22166
G1 X77.349 Y84.631 E4.2567
;WIDTH:0.369393
G1 X77.869 Y84.631 E4.27648
G1 X77.869 Y85.151 E4.29626
G1 X77.485 Y84.767 E4.31692
G1 E2.31692 F2400
G92 E0
G1 X78.504 Y101.496 F7800
G1 E2 F2400
;TYPE:Perimeter
;WIDTH:0.45
G1 F1421
G1 X78.504 Y103.75 E2.10841
G1 X78.504 Y106.004 E2.21682
G1 X74.813 Y106.004 E2.39434
G1 X73.996 Y105.187 E2.44991
G1 X73.996 Y101.496 E2.62743
G1 X78.444 Y101.496 E2.84136
G1 X78.889 Y101.111 F7800
G1 F1421
G1 X78.889 Y103.75 E2.96829
G1 X78.889 Y106.389 E3.09522
G1 X74.653 Y106.389 E3.29896
G1 X73.611 Y105.347 E3.36984
G1 X73.611 Y101.111 E3.57358
G1 X78.829 Y101.111 E3.82455
G1 X79.275 Y100.725 F7800
;TYPE:External perimeter
G1 F1421
G1 X79.275 Y103.75 E3.97004
G1 X79.275 Y106.775 E4.11553
G1 X74.493 Y106.775 E4.34553
G1 X73.225 Y105.507 E4.43178
G1 X73.225 Y100.725 E4.66178
G1 X79.215 Y100.725 E4.94988
G1 X79.274 Y101.121 F7800
G1 E2.94988 F2400
G92 E0
G1 X74.285 Y104.795 F7800
G1 E2 F2400
;TYPE:Solid infill
G1 F1421
G1 X75.205 Y105.715 E2.06258
G1 X74.893 Y105.811 E2.07828
;WIDTH:0.404381
G1 X74.189 Y105.107 E2.1205
G1 X74.285 Y104.25 F7800
;WIDTH:0.45
G1 F1421
G1 X75.75 Y105.715 E2.22015
G1 X76.296 Y105.715 E2.24641
G1 X74.285 Y103.704 E2.3832
G1 X74.285 Y103.159 E2.40941
G1 X76.841 Y105.715 E2.58327
G1 X77.387 Y105.715 E2.60953
G1 X74.285 Y102.613 E2.82052
G1 X74.285 Y102.068 E2.84673
G1 X77.932 Y105.715 E3.09479
G1 X78.284 Y105.754 E3.11182
;WIDTH:0.404381
G1 X78.265 Y105.825 E3.11494
G1 X78.336 Y105.806 E3.11806
G1 X78.325 Y105.765 E3.11986
;WIDTH:0.45
G1 X78.215 Y105.452 E3.13582
G1 X74.548 Y101.785 E3.38524
G1 X74.235 Y101.675 E3.4012
;WIDTH:0.404381
G1 X74.246 Y101.716 E3.403
G1 X74.175 Y101.735 E3.40612
G1 X74.194 Y101.664 E3.40924
G1 X75.093 Y101.785 F7800
;WIDTH:0.45
G1 F1421
G1 X78.215 Y104.907 E3.62159
G1 X78.215 Y104.361 E3.64785
G1 X75.639 Y101.785 E3.82307
G1 X76.184 Y101.785 E3.84928
G1 X78.215 Y103.816 E3.98743
G1 E1.98743 F2400
G92 E0
G1 X76.866 Y101.922 F7800
G1 E2 F2400
G1 F1421
G1 X78.215 Y103.271 E2.09176
G1 X78.215 Y101.785 E2.16323
G1 X76.729 Y101.785 E2.2347
G1 X77.764 Y102.162 F7800
;WIDTH:0.548693
G1 F1421
G1 X77.721 Y102.205 E2.23837
G1 X77.737 Y102.263 E2.242
G1 X77.795 Y102.279 E2.24563
G1 X77.838 Y102.236 E2.2493
G1 X77.822 Y102.178 E2.25293
G1 E.25293 F2400
G92 E0
G1 X91.496 Y101.496 F7800
G1 E2 F2400
;TYPE:Perimeter
;WIDTH:0.45
G1 F1421
G1 X96.004 Y101.496 E2.21682
G1 X96.004 Y103.75 E2.32523
G1 X96.004 Y105.187 E2.39434
G1 X95.187 Y106.004 E2.44991
G1 X91.496 Y106.004 E2.62743
G1 X91.496 Y101.556 E2.84136
G1 X91.111 Y101.111 F7800
G1 F1421
G1 X96.389 Y101.111 E3.09521
G1 X96.389 Y103.75 E3.22214
G1 X96.389 Y105.347 E3.29895
G1 X95.347 Y106.389 E3.36983
G1 X91.111 Y106.389 E3.57357
G1 X91.111 Y101.171 E3.82454
G1 X90.725 Y100.725 F7800
;TYPE:External perimeter
G1 F1421
G1 X96.775 Y100.725 E4.11552
G1 X96.775 Y103.75 E4.26101
G1 X96.775 Y105.507 E4.34552
G1 X95.507 Y106.775 E4.43177
G1 X90.725 Y106.775 E4.66177
G1 X90.725 Y100.785 E4.94987
G1 X91.121 Y100.726 F7800
G1 E2.94987 F2400
G92 E0
G1 X91.817 Y105.61 F7800
G1 E2 F2400
;TYPE:Solid infill
;WIDTH:0.543559
G1 F1421
G1 X91.774 Y105.652 E2.00359
G1 X91.79 Y105.71 E2.00719
G1 X91.848 Y105.726 E2.01079
G1 X91.89 Y105.683 E2.01438
G1 X91.875 Y105.625 E2.01796
;WIDTH:0.45
G1 X92.491 Y105.715 E2.0479
G1 X91.785 Y105.009 E2.09592
G1 X91.785 Y104.464 E2.12213
G1 X93.036 Y105.715 E2.20722
G1 X93.581 Y105.715 E2.23343
G1 X91.785 Y103.919 E2.35559
G1 X91.785 Y103.373 E2.38185
G1 X94.127 Y105.715 E2.54115
G1 X94.672 Y105.715 E2.56736
G1 X91.785 Y102.828 E2.76373
G1 X91.785 Y102.283 E2.78994
G1 X95.142 Y105.64 E3.01828
G1 X95.415 Y105.367 E3.03685
G1 X91.833 Y101.785 E3.28049
G1 X92.379 Y101.785 E3.30675
G1 X95.688 Y105.094 E3.53182
G1 X95.715 Y104.576 E3.55677
G1 X92.924 Y101.785 E3.74661
G1 X93.47 Y101.785 E3.77287
G1 X95.715 Y104.03 E3.92557
G1 E1.92557 F2400
G92 E0
G1 X94.151 Y101.922 F7800
G1 E2 F2400
G1 F1421
G1 X95.715 Y103.485 E2.10635
G1 X95.715 Y101.785 E2.18811
G1 X94.015 Y101.785 E2.26987
G1 X94.849 Y102.131 F7800
;WIDTH:0.369392
G1 F1421
G1 X95.369 Y102.131 E2.28965
G1 X95.369 Y102.651 E2.30943
G1 X94.985 Y102.267 E2.33009
;LAYER_CHANGE
;Z:6.65
;HEIGHT:0.3
G1 E.33009 F2400
G92 E0
G1 Z6.65 F7800
G1 X91.496 Y88.504
G1 E2 F2400
;TYPE:Perimeter
;WIDTH:0.45
G1 F1424
G1 X91.496 Y83.996 E2.21682
G1 X95.187 Y83.996 E2.39434
G1 X96.004 Y84.813 E2.44991
G1 X96.004 Y85.39 E2.47766
G1 X96.004 Y88.504 E2.62743
G1 X91.556 Y88.504 E2.84136
G1 X91.111 Y88.889 F7800
G1 F1424
G1 X91.111 Y83.611 E3.09521
G1 X95.347 Y83.611 E3.29895
G1 X96.389 Y84.653 E3.36983
G1 X96.389 Y85.39 E3.40528
G1 X96.389 Y88.889 E3.57357
G1 X91.171 Y88.889 E3.82454
G1 X90.725 Y89.275 F7800
;TYPE:External perimeter
G1 F1424
G1 X90.725 Y83.225 E4.11552
G1 X95.507 Y83.225 E4.34552
G1 X96.775 Y84.493 E4.43177
G1 X96.775 Y85.39 E4.47491
G1 X96.775 Y89.275 E4.66177
G1 X90.785 Y89.275 E4.94987
G1 X90.726 Y88.879 F7800
G1 E2.94987 F2400
G92 E0
G1 X91.89 Y84.317 F7800
G1 E2 F2400
;TYPE:Solid infill
;WIDTH:0.543559
G1 F1424
G1 X91.848 Y84.274 E2.00359
G1 X91.79 Y84.29 E2.00719
G1 X91.774 Y84.348 E2.01079
G1 X91.817 Y84.39 E2.01438
G1 X91.875 Y84.375 E2.01796
;WIDTH:0.45
G1 X92.491 Y84.285 E2.0479
G1 X91.785 Y84.991 E2.09592
G1 X91.785 Y85.536 E2.12213
G1 X93.036 Y84.285 E2.20722
G1 X93.581 Y84.285 E2.23343
G1 X91.785 Y86.081 E2.35559
G1 X91.785 Y86.627 E2.38185
G1 X94.127 Y84.285 E2.54115
G1 X94.672 Y84.285 E2.56736
G1 X91.785 Y87.172 E2.76373
G1 X91.785 Y87.717 E2.78994
G1 X95.142 Y84.36 E3.01828
G1 X95.415 Y84.633 E3.03685
G1 X91.833 Y88.215 E3.28049
G1 X92.379 Y88.215 E3.30675
G1 X95.688 Y84.906 E3.53182
G1 X95.715 Y85.424 E3.55677
G1 X92.924 Y88.215 E3.74661
G1 X93.47 Y88.215 E3.77287
G1 X95.715 Y85.97 E3.92557
G1 X95.715 Y88.215 E4.03355
G1 X94.015 Y88.215 E4.11531
G1 X95.578 Y86.651 E4.22166
G1 X95.369 Y87.349 E4.2567
;WIDTH:0.369393
G1 X95.369 Y87.869 E4.27648
G1 X94.849 Y87.869 E4.29626
G1 X95.233 Y87.485 E4.31692
G1 E2.31692 F2400
G92 E0
G1 X78.504 Y88.504 F7800
G1 E2 F2400
;TYPE:Perimeter
;WIDTH:0.45
G1 F1424
G1 X73.996 Y88.504 E2.21682
G1 X73.996 Y84.813 E2.39434
G1 X74.813 Y83.996 E2.44991
G1 X78.504 Y83.996 E2.62743
G1 X78.504 Y86.25 E2.73584
G1 X78.504 Y88.444 E2.84136
G1 X78.889 Y88.889 F7800
G1 F1424
G1 X73.611 Y88.889 E3.09521
G1 X73.611 Y84.653 E3.29895
G1 X74.653 Y83.611 E3.36983
G1 X78.889 Y83.611 E3.57357
G1 X78.889 Y86.25 E3.7005
G1 X78.889 Y88.829 E3.82454
G1 X79.275 Y89.275 F7800
;TYPE:External perimeter
G1 F1424
G1 X73.225 Y89.275 E4.11552
G1 X73.225 Y84.493 E4.34552
G1 X74.493 Y83.225 E4.43177
G1 X79.275 Y83.225 E4.66177
G1 X79.275 Y86.25 E4.80726
G1 X79.275 Y89.215 E4.94987
G1 X78.879 Y89.274 F7800
G1 E2.94987 F2400
G92 E0
G1 X75.205 Y84.285 F7800
G1 E2 F2400
;TYPE:Solid infill
G1 F1424
G1 X74.285 Y85.205 E2.06258
G1 X74.189 Y84.893 E2.07828
;WIDTH:0.404381
G1 X74.893 Y84.189 E2.1205
G1 X75.75 Y84.285 F7800
;WIDTH:0.45
G1 F1424
G1 X74.285 Y85.75 E2.22015
G1 X74.285 Y86.296 E2.24641
G1 X76.296 Y84.285 E2.3832
G1 X76.841 Y84.285 E2.40941
G1 X74.285 Y86.841 E2.58327
G1 X74.285 Y87.387 E2.60953
G1 X77.387 Y84.285 E2.82052
G1 X77.932 Y84.285 E2.84673
G1 X74.285 Y87.932 E3.09479
G1 X74.246 Y88.284 E3.11182
;WIDTH:0.404381
G1 X74.175 Y88.265 E3.11494
G1 X74.194 Y88.336 E3.11806
G1 X74.235 Y88.325 E3.11986
;WIDTH:0.45
G1 X74.548 Y88.215 E3.13582
G1 X78.215 Y84.548 E3.38524
G1 X78.325 Y84.235 E3.4012
;WIDTH:0.404381
G1 X78.284 Y84.246 E3.403
G1 X78.265 Y84.175 E3.40612
G1 X78.336 Y84.194 E3.40924
G1 X78.215 Y85.093 F7800
;WIDTH:0.45
G1 F1424
G1 X75.093 Y88.215 E3.62159
G1 X75.639 Y88.215 E3.64785
G1 X78.215 Y85.639 E3.82307
G1 X78.215 Y86.184 E3.84928
G1 X76.184 Y88.215 E3.98743
G1 E1.98743 F2400
G92 E0
G1 X78.078 Y86.866 F7800
G1 E2 F2400
G1 F1424
G1 X76.729 Y88.215 E2.09176
G1 X78.215 Y88.215 E2.16323
G1 X78.215 Y86.729 E2.2347
G1 X77.838 Y87.764 F7800
;WIDTH:0.548693
G1 F1424
G1 X77.795 Y87.721 E2.23837
G1 X77.737 Y87.737 E2.242
G1 X77.721 Y87.795 E2.24563
G1 X77.764 Y87.838 E2.2493
G1 X77.822 Y87.822 E2.25293
G1 E.25293 F2400
G92 E0
G1 X78.504 Y101.496 F7800
G1 E2 F2400
;TYPE:Perimeter
;WIDTH:0.45
G1 F1424
G1 X78.504 Y103.75 E2.10841
G1 X78.504 Y106.004 E2.21682
G1 X74.813 Y106.004 E2.39434
G1 X73.996 Y105.187 E2.44991
G1 X73.996 Y101.496 E2.62743
G1 X78.444 Y101.496 E2.84136
G1 X78.889 Y101.111 F7800
G1 F1424
G1 X78.889 Y103.75 E2.96829
G1 X78.889 Y106.389 E3.09522
G1 X74.653 Y106.389 E3.29896
G1 X73.611 Y105.347 E3.36984
G1 X73.611 Y101.111 E3.57358
G1 X78.829 Y101.111 E3.82455
G1 X79.275 Y100.725 F7800
;TYPE:External perimeter
G1 F1424
G1 X79.275 Y103.75 E3.97004
G1 X79.275 Y106.775 E4.11553
G1 X74.493 Y106.775 E4.34553
G1 X73.225 Y105.507 E4.43178
G1 X73.225 Y100.725 E4.66178
G1 X79.215 Y100.725 E4.94988
G1 X79.274 Y101.121 F7800
G1 E2.94988 F2400
G92 E0
G1 X74.39 Y101.817 F7800
G1 E2 F2400
;TYPE:Solid infill
;WIDTH:0.543559
G1 F1424
G1 X74.348 Y101.774 E2.00359
G1 X74.29 Y101.79 E2.00719
G1 X74.274 Y101.848 E2.01079
G1 X74.317 Y101.89 E2.01438
G1 X74.375 Y101.875 E2.01796
;WIDTH:0.45
G1 X74.285 Y102.491 E2.0479
G1 X74.991 Y101.785 E2.09592
G1 X75.536 Y101.785 E2.12213
G1 X74.285 Y103.036 E2.20722
G1 X74.285 Y103.581 E2.23343
G1 X76.081 Y101.785 E2.35559
G1 X76.627 Y101.785 E2.38185
G1 X74.285 Y104.127 E2.54115
G1 X74.285 Y104.672 E2.56736
G1 X77.172 Y101.785 E2.76373
G1 X77.717 Y101.785 E2.78994
G1 X74.36 Y105.142 E3.01828
G1 X74.633 Y105.415 E3.03685
G1 X78.215 Y101.833 E3.28049
G1 X78.215 Y102.379 E3.30675
G1 X74.906 Y105.688 E3.53182
G1 X75.424 Y105.715 E3.55677
G1 X78.215 Y102.924 E3.74661
G1 X78.215 Y103.47 E3.77287
G1 X75.97 Y105.715 E3.92557
G1 E1.92557 F2400
G92 E0
G1 X78.078 Y104.151 F7800
G1 E2 F2400
G1 F1424
G1 X76.515 Y105.715 E2.10635
G1 X78.215 Y105.715 E2.18811
G1 X78.215 Y104.015 E2.26987
G1 X77.869 Y104.849 F7800
;WIDTH:0.369392
G1 F1424
G1 X77.869 Y105.369 E2.28965
G1 X77.349 Y105.369 E2.30943
G1 X77.733 Y104.985 E2.33009
G1 E.33009 F2400
G92 E0
G1 X91.496 Y101.496 F7800
G1 E2 F2400
;TYPE:Perimeter
;WIDTH:0.45
G1 F1424
G1 X96.004 Y101.496 E2.21682
G1 X96.004 Y103.75 E2.32523
G1 X96.004 Y105.187 E2.39434
G1 X95.187 Y106.004 E2.44991
G1 X91.496 Y106.004 E2.62743
G1 X91.496 Y101.556 E2.84136
G1 X91.111 Y101.111 F7800
G1 F1424
G1 X96.389 Y101.111 E3.09521
G1 X96.389 Y103.75 E3.22214
G1 X96.389 Y105.347 E3.29895
G1 X95.347 Y106.389 E3.36983
G1 X91.111 Y106.389 E3.57357
G1 X91.111 Y101.171 E3.82454
G1 X90.725 Y100.725 F7800
;TYPE:External perimeter
G1 F1424
G1 X96.775 Y100.725 E4.11552
G1 X96.775 Y103.75 E4.26101
G1 X96.775 Y105.507 E4.34552
G1 X95.507 Y106.775 E4.43177
G1 X90.725 Y106.775 E4.66177
G1 X90.725 Y100.785 E4.94987
G1 X91.121 Y100.726 F7800
G1 X91.89 Y101.817
;TYPE:Solid infill
;WIDTH:0.543559
G1 F1424
G1 X91.848 Y101.774 E4.95346
G1 X91.79 Y101.79 E4.95706
G1 X91.774 Y101.848 E4.96066
G1 X91.817 Y101.89 E4.96425
G1 X91.875 Y101.875 E4.96783
;WIDTH:0.45
G1 X91.785 Y102.491 E4.99777
G1 X92.491 Y101.785 E5.04579
G1 X93.036 Y101.785 E5.072
G1 X91.785 Y103.036 E5.15709
G1 X91.785 Y103.581 E5.1833
G1 X93.581 Y101.785 E5.30546
G1 X94.127 Y101.785 E5.33172
G1 X91.785 Y104.127 E5.49102
G1 X91.785 Y104.672 E5.51723
G1 X94.672 Y101.785 E5.7136
G1 X95.217 Y101.785 E5.73981
G1 X91.785 Y105.217 E5.97325
G1 X91.833 Y105.715 E5.99731
G1 X95.715 Y101.833 E6.26136
G1 X95.715 Y102.379 E6.28762
G1 X92.379 Y105.715 E6.51453
G1 X92.924 Y105.715 E6.54074
G1 X95.715 Y102.924 E6.73058
G1 X95.715 Y103.47 E6.75684
G1 X93.47 Y105.715 E6.90954
G1 E4.90954 F2400
G92 E0
G1 X95.578 Y104.151 F7800
G1 E2 F2400
G1 F1424
G1 X94.015 Y105.715 E2.10635
G1 X95.068 Y105.715 E2.157
G1 X95.606 Y105.177 E2.19359
G1 X95.715 Y105.068 E2.201
G1 X95.715 Y104.015 E2.25165
G1 X95.342 Y104.913 F7800
;WIDTH:0.423105
G1 F1424
G1 X94.913 Y105.342 E2.27879
;LAYER_CHANGE
;Z:6.95
;HEIGHT:0.3
G1 E.27879 F2400
G92 E0
G1 Z6.95 F7800
G1 X91.496 Y88.504
G1 E2 F2400
;TYPE:Perimeter
;WIDTH:0.45
G1 F1470
G1 X91.496 Y83.996 E2.21682
G1 X95.187 Y83.996 E2.39434
G1 X96.004 Y84.813 E2.44991
G1 X96.004 Y85.39 E2.47766
G1 X96.004 Y88.504 E2.62743
G1 X91.556 Y88.504 E2.84136
G1 X91.111 Y88.889 F7800
G1 F1470
G1 X91.111 Y83.611 E3.09521
G1 X95.347 Y83.611 E3.29895
G1 X96.389 Y84.653 E3.36983
G1 X96.389 Y85.39 E3.40528
G1 X96.389 Y88.889 E3.57357
G1 X91.171 Y88.889 E3.82454
G1 X90.725 Y89.275 F7800
;TYPE:External perimeter
G1 F1470
G1 X90.725 Y83.225 E4.11552
G1 X95.507 Y83.225 E4.34552
G1 X96.775 Y84.493 E4.43177
G1 X96.775 Y85.39 E4.47491
G1 X96.775 Y89.275 E4.66177
G1 X90.785 Y89.275 E4.94987
G1 X90.726 Y88.879 F7800
G1 E2.94987 F2400
G92 E0
G1 X94.918 Y84.109 F7800
G1 E2 F2400
;TYPE:Top solid infill
;WIDTH:0.412169
G1 F1470
G1 X95.74 Y84.931 E2.05043
G1 X95.74 Y85.423 E2.07177
G1 X94.577 Y84.26 E2.14312
G1 X94.086 Y84.26 E2.16442
G1 X95.74 Y85.914 E2.26589
G1 X95.74 Y86.406 E2.28723
G1 X93.594 Y84.26 E2.41888
G1 X93.102 Y84.26 E2.44022
G1 X95.74 Y86.898 E2.60205
G1 X95.74 Y87.39 E2.62339
G1 X92.61 Y84.26 E2.8154
G1 X92.118 Y84.26 E2.83674
G1 X95.74 Y87.882 E3.05893
G1 X95.74 Y88.24 E3.07446
G1 X95.605 Y88.24 E3.08032
G1 X91.76 Y84.395 E3.31619
G1 X91.76 Y84.886 E3.33749
G1 X95.114 Y88.24 E3.54324
G1 X94.622 Y88.24 E3.56458
G1 X91.76 Y85.378 E3.74015
G1 X91.76 Y85.87 E3.76149
G1 X94.13 Y88.24 E3.90688
G1 X93.638 Y88.24 E3.92822
G1 X91.76 Y86.362 E4.04343
G1 X91.76 Y86.854 E4.06477
G1 X93.146 Y88.24 E4.1498
G1 X92.654 Y88.24 E4.17114
G1 X91.76 Y87.346 E4.22598
G1 X91.76 Y87.837 E4.24728
G1 X92.314 Y88.391 E4.28127
G1 E2.28127 F2400
G92 E0
G1 X78.504 Y88.504 F7800
G1 E2 F2400
;TYPE:Perimeter
;WIDTH:0.45
G1 F1470
G1 X73.996 Y88.504 E2.21682
G1 X73.996 Y84.813 E2.39434
G1 X74.813 Y83.996 E2.44991
G1 X78.504 Y83.996 E2.62743
G1 X78.504 Y86.25 E2.73584
G1 X78.504 Y88.444 E2.84136
G1 X78.889 Y88.889 F7800
G1 F1470
G1 X73.611 Y88.889 E3.09521
G1 X73.611 Y84.653 E3.29895
G1 X74.653 Y83.611 E3.36983
G1 X78.889 Y83.611 E3.57357
G1 X78.889 Y86.25 E3.7005
G1 X78.889 Y88.829 E3.82454
G1 X79.275 Y89.275 F7800
;TYPE:External perimeter
G1 F1470
G1 X73.225 Y89.275 E4.11552
G1 X73.225 Y84.493 E4.34552
G1 X74.493 Y83.225 E4.43177
G1 X79.275 Y83.225 E4.66177
G1 X79.275 Y86.25 E4.80726
G1 X79.275 Y89.215 E4.94987
G1 X78.879 Y89.274 F7800
G1 E2.94987 F2400
G92 E0
G1 X78.391 Y84.795 F7800
G1 E2 F2400
;TYPE:Top solid infill
;WIDTH:0.40338
G1 F1470
G1 X77.856 Y84.26 E2.03199
G1 X77.377 Y84.26 E2.05224
G1 X78.24 Y85.123 E2.10384
G1 X78.24 Y85.603 E2.12414
G1 X76.897 Y84.26 E2.20445
G1 X76.418 Y84.26 E2.2247
G1 X78.24 Y86.082 E2.33365
G1 X78.24 Y86.562 E2.35395
G1 X75.938 Y84.26 E2.4916
G1 X75.459 Y84.26 E2.51185
G1 X78.24 Y87.041 E2.67814
G1 X78.24 Y87.521 E2.69844
G1 X74.979 Y84.26 E2.89343
G1 X74.922 Y84.26 E2.89584
G1 X74.711 Y84.471 E2.90846
G1 X78.24 Y88 E3.11948
G1 X78.24 Y88.24 E3.12963
G1 X78 Y88.24 E3.13978
G1 X74.471 Y84.711 E3.3508
G1 X74.26 Y84.922 E3.36342
G1 X74.26 Y84.98 E3.36587
G1 X77.52 Y88.24 E3.5608
G1 X77.041 Y88.24 E3.58105
G1 X74.26 Y85.459 E3.74734
G1 X74.26 Y85.938 E3.76759
G1 X76.562 Y88.24 E3.90524
G1 X76.082 Y88.24 E3.92554
G1 X74.26 Y86.418 E4.03449
G1 X74.26 Y86.897 E4.05474
G1 X75.603 Y88.24 E4.13505
G1 X75.123 Y88.24 E4.15535
G1 X74.26 Y87.377 E4.20695
G1 X74.26 Y87.856 E4.2272
G1 X74.795 Y88.391 E4.25919
G1 E2.25919 F2400
G92 E0
G1 X78.504 Y101.496 F7800
G1 E2 F2400
;TYPE:Perimeter
;WIDTH:0.45
G1 F1470
G1 X78.504 Y103.75 E2.10841
G1 X78.504 Y106.004 E2.21682
G1 X74.813 Y106.004 E2.39434
G1 X73.996 Y105.187 E2.44991
G1 X73.996 Y101.496 E2.62743
G1 X78.444 Y101.496 E2.84136
G1 X78.889 Y101.111 F7800
G1 F1470
G1 X78.889 Y103.75 E2.96829
G1 X78.889 Y106.389 E3.09522
G1 X74.653 Y106.389 E3.29896
G1 X73.611 Y105.347 E3.36984
G1 X73.611 Y101.111 E3.57358
G1 X78.829 Y101.111 E3.82455
G1 X79.275 Y100.725 F7800
;TYPE:External perimeter
G1 F1470
G1 X79.275 Y103.75 E3.97004
G1 X79.275 Y106.775 E4.11553
G1 X74.493 Y106.775 E4.34553
G1 X73.225 Y105.507 E4.43178
G1 X73.225 Y100.725 E4.66178
G1 X79.215 Y100.725 E4.94988
G1 X79.274 Y101.121 F7800
G1 X78.391 Y102.314
;TYPE:Top solid infill
;WIDTH:0.412169
G1 F1470
G1 X77.837 Y101.76 E4.98387
G1 X77.346 Y101.76 E5.00517
G1 X78.24 Y102.655 E5.06004
G1 X78.24 Y103.146 E5.08134
G1 X76.854 Y101.76 E5.16637
G1 X76.362 Y101.76 E5.18771
G1 X78.24 Y103.638 E5.30292
G1 X78.24 Y104.13 E5.32426
G1 X75.87 Y101.76 E5.46965
G1 X75.378 Y101.76 E5.49099
G1 X78.24 Y104.622 E5.66656
G1 X78.24 Y105.114 E5.6879
G1 X74.886 Y101.76 E5.89365
G1 X74.394 Y101.76 E5.91499
G1 X78.24 Y105.606 E6.15093
G1 X78.24 Y105.74 E6.15674
G1 X77.882 Y105.74 E6.17227
G1 X74.26 Y102.118 E6.39446
G1 X74.26 Y102.61 E6.4158
G1 X77.39 Y105.74 E6.60781
G1 X76.898 Y105.74 E6.62915
G1 X74.26 Y103.102 E6.79098
G1 X74.26 Y103.594 E6.81232
G1 X76.406 Y105.74 E6.94397
G1 X75.914 Y105.74 E6.96531
G1 X74.26 Y104.086 E7.06678
G1 X74.26 Y104.578 E7.08812
G1 X75.422 Y105.74 E7.1594
G1 X74.931 Y105.74 E7.1807
G1 X74.109 Y104.918 E7.23113
G1 E5.23113 F2400
G92 E0
G1 X91.496 Y101.496 F7800
G1 E2 F2400
;TYPE:Perimeter
;WIDTH:0.45
G1 F1470
G1 X96.004 Y101.496 E2.21682
G1 X96.004 Y103.75 E2.32523
G1 X96.004 Y105.187 E2.39434
G1 X95.187 Y106.004 E2.44991
G1 X91.496 Y106.004 E2.62743
G1 X91.496 Y101.556 E2.84136
G1 X91.111 Y101.111 F7800
G1 F1470
G1 X96.389 Y101.111 E3.09521
G1 X96.389 Y103.75 E3.22214
G1 X96.389 Y105.347 E3.29895
G1 X95.347 Y106.389 E3.36983
G1 X91.111 Y106.389 E3.57357
G1 X91.111 Y101.171 E3.82454
G1 X90.725 Y100.725 F7800
;TYPE:External perimeter
G1 F1470
G1 X96.775 Y100.725 E4.11552
G1 X96.775 Y103.75 E4.26101
G1 X96.775 Y105.507 E4.34552
G1 X95.507 Y106.775 E4.43177
G1 X90.725 Y106.775 E4.66177
G1 X90.725 Y100.785 E4.94987
G1 X91.121 Y100.726 F7800
G1 E2.94987 F2400
G92 E0
G1 X95.205 Y101.609 F7800
G1 E2 F2400
;TYPE:Top solid infill
;WIDTH:0.40338
G1 F1470
G1 X95.74 Y102.144 E2.03199
G1 X95.74 Y102.623 E2.05224
G1 X94.877 Y101.76 E2.10384
G1 X94.397 Y101.76 E2.12414
G1 X95.74 Y103.103 E2.20445
G1 X95.74 Y103.582 E2.2247
G1 X93.918 Y101.76 E2.33365
G1 X93.438 Y101.76 E2.35395
G1 X95.74 Y104.062 E2.4916
G1 X95.74 Y104.541 E2.51185
G1 X92.959 Y101.76 E2.67814
G1 X92.479 Y101.76 E2.69844
G1 X95.74 Y105.021 E2.89343
G1 X95.74 Y105.078 E2.89584
G1 X95.529 Y105.289 E2.90846
G1 X92 Y101.76 E3.11948
G1 X91.76 Y101.76 E3.12963
G1 X91.76 Y102 E3.13978
G1 X95.289 Y105.529 E3.3508
G1 X95.078 Y105.74 E3.36342
G1 X95.02 Y105.74 E3.36587
G1 X91.76 Y102.48 E3.5608
G1 X91.76 Y102.959 E3.58105
G1 X94.541 Y105.74 E3.74734
G1 X94.062 Y105.74 E3.76759
G1 X91.76 Y103.438 E3.90524
G1 X91.76 Y103.918 E3.92554
G1 X93.582 Y105.74 E4.03449
G1 X93.103 Y105.74 E4.05474
G1 X91.76 Y104.397 E4.13505
G1 X91.76 Y104.877 E4.15535
G1 X92.623 Y105.74 E4.20695
G1 X92.144 Y105.74 E4.2272
G1 X91.609 Y105.205 E4.25919
M106 S229.5
;LAYER_CHANGE
;Z:7.25
;HEIGHT:0.3
G1 E2.25919 F2400
G92 E0
G1 Z7.25 F7800
G1 X92.518 Y103.001
G1 E2 F2400
;TYPE:Perimeter
;WIDTH:0.45
G1 F600
G1 X92.539 Y102.827 E2.00843
G1 X92.66 Y102.646 E2.0189
G1 X92.878 Y102.523 E2.03094
G1 X93.123 Y102.523 E2.04272
G1 X93.326 Y102.63 E2.05376
G1 X93.461 Y102.825 E2.06517
G1 X93.489 Y103.059 E2.0765
G1 X93.406 Y103.28 E2.08785
G1 X93.229 Y103.436 E2.0992
G1 X93 Y103.493 E2.11055
G1 X92.771 Y103.436 E2.1219
G1 X92.595 Y103.28 E2.13321
G1 X92.511 Y103.06 E2.14454
G1 X92.132 Y103 F7800
G1 F600
G1 X92.128 Y102.895 E2.14959
G1 X92.216 Y102.589 E2.1649
G1 X92.5 Y102.27 E2.18544
G1 X92.786 Y102.148 E2.20039
G1 X93.121 Y102.125 E2.21654
G1 X93.503 Y102.272 E2.23623
G1 X93.722 Y102.5 E2.25144
G1 X93.859 Y102.788 E2.26678
G1 X93.872 Y103.106 E2.28209
G1 X93.821 Y103.311 E2.29225
G1 X93.662 Y103.587 E2.30757
G1 X93.408 Y103.778 E2.32286
G1 X93.107 Y103.878 E2.33812
G1 X92.79 Y103.853 E2.35341
G1 X92.497 Y103.728 E2.36873
G1 X92.277 Y103.499 E2.384
G1 X92.141 Y103.212 E2.39928
G1 X92.135 Y103.06 E2.4066
G1 X91.751 Y103 F7800
;TYPE:External perimeter
G1 F600
G1 X91.745 Y102.848 E2.41392
G1 X91.873 Y102.408 E2.43596
G1 X92.142 Y102.074 E2.45659
G1 X92.416 Y101.879 E2.47277
G1 X92.845 Y101.736 E2.49452
G1 X93.307 Y101.774 E2.51682
G1 X93.723 Y101.952 E2.53858
G1 X94.04 Y102.281 E2.56055
G1 X94.236 Y102.695 E2.58258
G1 X94.255 Y103.152 E2.60458
G1 X94.182 Y103.448 E2.61924
G1 X93.953 Y103.844 E2.64124
G1 X93.588 Y104.119 E2.66322
G1 X93.153 Y104.264 E2.68527
G1 X92.698 Y104.227 E2.70723
G1 X92.277 Y104.048 E2.72923
G1 X91.96 Y103.718 E2.75124
G1 X91.764 Y103.305 E2.77323
G1 X91.754 Y103.06 E2.78502
G1 X91.807 Y102.663 F7800
G1 X92.916 Y102.813
;TYPE:Solid infill
;WIDTH:0.438489
G1 F600
G1 X93.115 Y102.833 E2.79435
G1 X93.2 Y102.998 E2.80301
G1 X93.152 Y103.13 E2.80956
G1 X92.976 Y103.201 E2.81842
G1 X92.822 Y103.093 E2.8272
G1 X92.808 Y102.962 E2.83335
G1 E.83335 F2400
G92 E0
G1 X92.532 Y87.116 F7800
G1 E2 F2400
;TYPE:Perimeter
;WIDTH:0.45
G1 F600
G1 X92.511 Y86.941 E2.00848
G1 X92.592 Y86.724 E2.01962
G1 X92.775 Y86.562 E2.03137
G1 X92.993 Y86.509 E2.04216
G1 X93.225 Y86.561 E2.0536
G1 X93.405 Y86.719 E2.06512
G1 X93.489 Y86.936 E2.07631
G1 X93.459 Y87.179 E2.08809
G1 X93.328 Y87.368 E2.09915
G1 X93.118 Y87.478 E2.11055
G1 X92.882 Y87.479 E2.1219
G1 X92.673 Y87.369 E2.13326
G1 X92.54 Y87.175 E2.14457
G1 X92.157 Y87.208 F7800
G1 F600
G1 X92.128 Y87.106 E2.14967
G1 X92.141 Y86.788 E2.16498
G1 X92.329 Y86.425 E2.18464
G1 X92.595 Y86.22 E2.20079
G1 X92.89 Y86.122 E2.21574
G1 X93.314 Y86.173 E2.23628
G1 X93.581 Y86.341 E2.25145
G1 X93.784 Y86.589 E2.26686
G1 X93.871 Y86.889 E2.28188
G1 X93.873 Y87.082 E2.29116
G1 X93.784 Y87.411 E2.30755
G1 X93.584 Y87.657 E2.3228
G1 X93.314 Y87.827 E2.33815
G1 X93 Y87.878 E2.35345
G1 X92.686 Y87.827 E2.36875
G1 X92.418 Y87.658 E2.38399
G1 X92.216 Y87.411 E2.39934
G1 X92.174 Y87.265 E2.40665
G1 X91.788 Y87.299 F7800
;TYPE:External perimeter
G1 F600
G1 X91.745 Y87.153 E2.41397
G1 X91.764 Y86.695 E2.43602
G1 X91.957 Y86.286 E2.45777
G1 X92.278 Y85.951 E2.48009
G1 X92.693 Y85.774 E2.50179
G1 X93.002 Y85.738 E2.51675
G1 X93.452 Y85.809 E2.53866
G1 X93.837 Y86.053 E2.56058
G1 X94.127 Y86.408 E2.58263
G1 X94.254 Y86.843 E2.60443
G1 X94.236 Y87.306 E2.62672
G1 X94.127 Y87.592 E2.64144
G1 X93.839 Y87.945 E2.66335
G1 X93.452 Y88.191 E2.68541
G1 X93 Y88.264 E2.70743
G1 X92.548 Y88.191 E2.72945
G1 X92.162 Y87.946 E2.75144
G1 X91.873 Y87.592 E2.77342
G1 X91.804 Y87.356 E2.78525
G1 X91.761 Y86.959 F7800
G1 X93.085 Y86.812
;TYPE:Solid infill
;WIDTH:0.438688
G1 F600
G1 X93.174 Y86.928 E2.79208
G1 X93.194 Y87.068 E2.79868
G1 X93.008 Y87.205 E2.80946
G1 X92.895 Y87.174 E2.81493
G1 X92.8 Y87.001 E2.82414
G1 X92.893 Y86.836 E2.83298
G1 E.83298 F2400
G92 E0
G1 X76.943 Y87.479 F7800
G1 E2 F2400
;TYPE:Perimeter
;WIDTH:0.45
G1 F600
G1 X76.771 Y87.436 E2.00853
G1 X76.595 Y87.28 E2.01984
G1 X76.511 Y87.06 E2.03117
G1 X76.539 Y86.827 E2.04246
G1 X76.66 Y86.646 E2.05293
G1 X76.878 Y86.523 E2.06497
G1 X77.123 Y86.523 E2.07675
G1 X77.326 Y86.63 E2.08779
G1 X77.461 Y86.825 E2.0992
G1 X77.489 Y87.059 E2.11053
G1 X77.406 Y87.28 E2.12188
G1 X77.229 Y87.436 E2.13323
G1 X77.001 Y87.493 E2.14453
G1 X76.895 Y87.861 F7800
G1 F600
G1 X76.79 Y87.853 E2.14959
G1 X76.497 Y87.728 E2.16491
G1 X76.277 Y87.499 E2.18018
G1 X76.141 Y87.212 E2.19546
G1 X76.128 Y86.895 E2.21072
G1 X76.216 Y86.589 E2.22603
G1 X76.5 Y86.27 E2.24657
G1 X76.786 Y86.148 E2.26152
G1 X77.121 Y86.125 E2.27767
G1 X77.503 Y86.272 E2.29736
G1 X77.722 Y86.5 E2.31257
G1 X77.859 Y86.788 E2.32791
G1 X77.872 Y87.106 E2.34322
G1 X77.821 Y87.311 E2.35338
G1 X77.662 Y87.587 E2.3687
G1 X77.408 Y87.778 E2.38399
G1 X77.107 Y87.878 E2.39925
G1 X76.955 Y87.866 E2.40658
G1 X76.849 Y88.24 F7800
;TYPE:External perimeter
G1 F600
G1 X76.698 Y88.227 E2.41387
G1 X76.277 Y88.048 E2.43587
G1 X75.96 Y87.718 E2.45788
G1 X75.764 Y87.305 E2.47987
G1 X75.745 Y86.848 E2.50187
G1 X75.873 Y86.408 E2.52391
G1 X76.142 Y86.074 E2.54454
G1 X76.416 Y85.879 E2.56072
G1 X76.845 Y85.736 E2.58247
G1 X77.307 Y85.774 E2.60477
G1 X77.723 Y85.952 E2.62653
G1 X78.04 Y86.281 E2.6485
G1 X78.236 Y86.695 E2.67053
G1 X78.255 Y87.152 E2.69253
G1 X78.182 Y87.448 E2.70719
G1 X77.953 Y87.844 E2.72919
G1 X77.588 Y88.119 E2.75117
G1 X77.153 Y88.264 E2.77322
G1 X76.909 Y88.244 E2.78499
G1 X76.522 Y88.144 F7800
G1 X77.085 Y86.812
;TYPE:Solid infill
;WIDTH:0.438545
G1 F600
G1 X77.175 Y86.932 E2.79199
G1 X77.176 Y87.064 E2.79815
G1 X77.09 Y87.164 E2.80431
G1 X77.027 Y87.198 E2.80765
G1 X76.848 Y87.134 E2.81652
G1 X76.805 Y86.934 E2.82607
G1 X76.894 Y86.84 E2.83211
G1 E.83211 F2400
G92 E0
G1 X76.518 Y103.001 F7800
G1 E2 F2400
;TYPE:Perimeter
;WIDTH:0.45
G1 F600
G1 X76.539 Y102.826 E2.00848
G1 X76.673 Y102.632 E2.01982
G1 X76.878 Y102.523 E2.03099
G1 X77.123 Y102.523 E2.04277
G1 X77.326 Y102.63 E2.05381
G1 X77.461 Y102.825 E2.06522
G1 X77.489 Y103.059 E2.07655
G1 X77.406 Y103.28 E2.0879
G1 X77.229 Y103.436 E2.09925
G1 X77 Y103.493 E2.1106
G1 X76.771 Y103.436 E2.12195
G1 X76.595 Y103.28 E2.13326
G1 X76.511 Y103.06 E2.14459
G1 X76.132 Y103 F7800
G1 F600
G1 X76.141 Y102.788 E2.1548
G1 X76.277 Y102.501 E2.17008
G1 X76.497 Y102.272 E2.18535
G1 X76.786 Y102.148 E2.20048
G1 X77.121 Y102.125 E2.21663
G1 X77.503 Y102.272 E2.23632
G1 X77.722 Y102.5 E2.25153
G1 X77.859 Y102.788 E2.26687
G1 X77.872 Y103.106 E2.28218
G1 X77.784 Y103.411 E2.29745
G1 X77.583 Y103.657 E2.31273
G1 X77.314 Y103.827 E2.32804
G1 X77 Y103.878 E2.34334
G1 X76.686 Y103.827 E2.35864
G1 X76.418 Y103.658 E2.37388
G1 X76.216 Y103.411 E2.38923
G1 X76.128 Y103.106 E2.4045
G1 X76.13 Y103.06 E2.40671
G1 X75.727 Y103 F7800
;TYPE:External perimeter
G1 F600
G1 X75.818 Y102.552 E2.4287
G1 X76.047 Y102.156 E2.4507
G1 X76.411 Y101.881 E2.47264
G1 X76.845 Y101.736 E2.49465
G1 X77.307 Y101.774 E2.51695
G1 X77.723 Y101.952 E2.53871
G1 X78.04 Y102.281 E2.56068
G1 X78.236 Y102.695 E2.58271
G1 X78.255 Y103.152 E2.60471
G1 X78.236 Y103.305 E2.61213
G1 X78.04 Y103.718 E2.63412
G1 X77.723 Y104.048 E2.65613
G1 X77.303 Y104.227 E2.67809
G1 X76.847 Y104.264 E2.70009
G1 X76.413 Y104.119 E2.7221
G1 X76.047 Y103.844 E2.74412
G1 X75.818 Y103.448 E2.76612
G1 X75.739 Y103.059 E2.78521
G1 X75.798 Y102.663 F7800
G1 X76.915 Y102.812
;TYPE:Solid infill
;WIDTH:0.438384
G1 F600
G1 X77.115 Y102.833 E2.79459
G1 X77.2 Y102.998 E2.80325
G1 X77.152 Y103.13 E2.8098
G1 X77.027 Y103.198 E2.81644
G1 X76.872 Y103.162 E2.82386
G1 X76.806 Y103.06 E2.82953
G1 X76.819 Y102.976 E2.8335
;LAYER_CHANGE
;Z:7.55
;HEIGHT:0.3
G1 E.8335 F2400
G92 E0
G1 Z7.55 F7800
G1 X76.943 Y87.479
G1 E2 F2400
;TYPE:Perimeter
;WIDTH:0.45
G1 F600
G1 X76.771 Y87.436 E2.00853
G1 X76.594 Y87.28 E2.01988
G1 X76.511 Y87.059 E2.03123
G1 X76.539 Y86.825 E2.04256
G1 X76.673 Y86.631 E2.0539
G1 X76.882 Y86.522 E2.06524
G1 X77.118 Y86.521 E2.07659
G1 X77.327 Y86.631 E2.08795
G1 X77.461 Y86.825 E2.09929
G1 X77.489 Y87.059 E2.11062
G1 X77.406 Y87.28 E2.12197
G1 X77.229 Y87.436 E2.13332
G1 X77.001 Y87.493 E2.14462
G1 X76.893 Y87.878 F7800
G1 F600
G1 X76.592 Y87.778 E2.15988
G1 X76.338 Y87.587 E2.17517
G1 X76.179 Y87.312 E2.19045
G1 X76.115 Y87 E2.20577
G1 X76.179 Y86.689 E2.22104
G1 X76.338 Y86.413 E2.23636
G1 X76.592 Y86.222 E2.25165
G1 X76.893 Y86.122 E2.26691
G1 X77.21 Y86.147 E2.2822
G1 X77.503 Y86.272 E2.29752
G1 X77.723 Y86.501 E2.31279
G1 X77.859 Y86.788 E2.32807
G1 X77.872 Y87.106 E2.34338
G1 X77.859 Y87.212 E2.34852
G1 X77.723 Y87.499 E2.3638
G1 X77.503 Y87.728 E2.37907
G1 X77.21 Y87.853 E2.39439
G1 X76.953 Y87.874 E2.40679
G1 X76.847 Y88.264 F7800
;TYPE:External perimeter
G1 F600
G1 X76.413 Y88.119 E2.4288
G1 X76.047 Y87.844 E2.45082
G1 X75.818 Y87.448 E2.47282
G1 X75.727 Y87 E2.49481
G1 X75.818 Y86.552 E2.5168
G1 X76.047 Y86.156 E2.5388
G1 X76.413 Y85.881 E2.56082
G1 X76.847 Y85.736 E2.58283
G1 X77.303 Y85.773 E2.60483
G1 X77.723 Y85.952 E2.62679
G1 X78.04 Y86.282 E2.6488
G1 X78.236 Y86.695 E2.67079
G1 X78.255 Y87.152 E2.69279
G1 X78.236 Y87.305 E2.70021
G1 X78.04 Y87.718 E2.7222
G1 X77.723 Y88.048 E2.74421
G1 X77.303 Y88.227 E2.76617
G1 X76.906 Y88.259 E2.78533
G1 X76.521 Y88.152 F7800
G1 X76.82 Y87.094
;TYPE:Solid infill
;WIDTH:0.438138
G1 F600
G1 X76.826 Y86.89 E2.79484
G1 X76.916 Y86.815 E2.8003
G1 X77.115 Y86.835 E2.80962
G1 X77.203 Y87.001 E2.81838
G1 X77.113 Y87.165 E2.8271
G1 X76.982 Y87.199 E2.83341
G1 E.83341 F2400
G92 E0
G1 X92.532 Y87.115 F7800
G1 E2 F2400
;TYPE:Perimeter
;WIDTH:0.45
G1 F600
G1 X92.511 Y87.059 E2.00288
G1 X92.539 Y86.825 E2.01421
G1 X92.673 Y86.631 E2.02555
G1 X92.882 Y86.521 E2.03691
G1 X93.118 Y86.521 E2.04826
G1 X93.327 Y86.631 E2.05962
G1 X93.461 Y86.825 E2.07096
G1 X93.489 Y87.059 E2.08229
G1 X93.406 Y87.28 E2.09364
G1 X93.229 Y87.436 E2.10499
G1 X93 Y87.493 E2.11634
G1 X92.771 Y87.436 E2.12769
G1 X92.594 Y87.28 E2.13904
G1 X92.553 Y87.171 E2.14464
G1 X92.157 Y87.208 F7800
G1 F600
G1 X92.115 Y87 E2.15485
G1 X92.179 Y86.689 E2.17012
G1 X92.338 Y86.413 E2.18544
G1 X92.592 Y86.222 E2.20073
G1 X92.893 Y86.122 E2.21599
G1 X93.21 Y86.147 E2.23128
G1 X93.503 Y86.272 E2.2466
G1 X93.723 Y86.501 E2.26187
G1 X93.859 Y86.788 E2.27715
G1 X93.872 Y87.106 E2.29246
G1 X93.859 Y87.212 E2.2976
G1 X93.723 Y87.499 E2.31288
G1 X93.503 Y87.728 E2.32815
G1 X93.21 Y87.853 E2.34347
G1 X92.893 Y87.878 E2.35876
G1 X92.592 Y87.778 E2.37402
G1 X92.338 Y87.587 E2.38931
G1 X92.179 Y87.312 E2.40459
G1 X92.169 Y87.266 E2.40685
G1 X91.788 Y87.299 F7800
;TYPE:External perimeter
G1 F600
G1 X91.727 Y87 E2.42153
G1 X91.818 Y86.552 E2.44352
G1 X92.047 Y86.156 E2.46552
G1 X92.413 Y85.881 E2.48754
G1 X92.847 Y85.736 E2.50955
G1 X93.303 Y85.773 E2.53155
G1 X93.723 Y85.952 E2.55351
G1 X94.04 Y86.282 E2.57552
G1 X94.236 Y86.695 E2.59751
G1 X94.255 Y87.152 E2.61951
G1 X94.236 Y87.305 E2.62693
G1 X94.04 Y87.718 E2.64892
G1 X93.723 Y88.048 E2.67093
G1 X93.303 Y88.227 E2.69289
G1 X92.847 Y88.264 E2.71489
G1 X92.413 Y88.119 E2.7369
G1 X92.047 Y87.844 E2.75892
G1 X91.818 Y87.448 E2.78092
G1 X91.8 Y87.358 E2.78533
G1 X91.752 Y86.96 F7800
G1 X92.82 Y87.094
;TYPE:Solid infill
;WIDTH:0.43828
G1 F600
G1 X92.826 Y86.89 E2.79485
G1 X92.916 Y86.815 E2.80031
G1 X93.115 Y86.835 E2.80964
G1 X93.195 Y86.955 E2.81637
G1 X93.151 Y87.135 E2.82501
G1 X92.981 Y87.197 E2.83345
G1 E.83345 F2400
G92 E0
G1 X92.518 Y103.001 F7800
G1 E2 F2400
;TYPE:Perimeter
;WIDTH:0.45
G1 F600
G1 X92.539 Y102.825 E2.00853
G1 X92.673 Y102.631 E2.01987
G1 X92.882 Y102.521 E2.03123
G1 X93.118 Y102.521 E2.04258
G1 X93.327 Y102.631 E2.05394
G1 X93.461 Y102.825 E2.06528
G1 X93.489 Y103.059 E2.07661
G1 X93.406 Y103.28 E2.08796
G1 X93.229 Y103.436 E2.09931
G1 X93 Y103.493 E2.11066
G1 X92.771 Y103.436 E2.12201
G1 X92.594 Y103.28 E2.13336
G1 X92.511 Y103.06 E2.14467
G1 X92.115 Y103 F7800
G1 F600
G1 X92.179 Y102.689 E2.15994
G1 X92.338 Y102.413 E2.17526
G1 X92.592 Y102.222 E2.19055
G1 X92.893 Y102.122 E2.20581
G1 X93.21 Y102.147 E2.2211
G1 X93.503 Y102.272 E2.23642
G1 X93.723 Y102.501 E2.25169
G1 X93.859 Y102.788 E2.26697
G1 X93.872 Y103.106 E2.28228
G1 X93.859 Y103.212 E2.28742
G1 X93.723 Y103.499 E2.3027
G1 X93.503 Y103.728 E2.31797
G1 X93.21 Y103.853 E2.33329
G1 X92.893 Y103.878 E2.34858
G1 X92.592 Y103.778 E2.36384
G1 X92.338 Y103.587 E2.37913
G1 X92.179 Y103.312 E2.39441
G1 X92.127 Y103.059 E2.40683
G1 X91.727 Y103 F7800
;TYPE:External perimeter
G1 F600
G1 X91.818 Y102.552 E2.42882
G1 X92.047 Y102.156 E2.45082
G1 X92.413 Y101.881 E2.47284
G1 X92.847 Y101.736 E2.49485
G1 X93.303 Y101.773 E2.51685
G1 X93.723 Y101.952 E2.53881
G1 X94.04 Y102.282 E2.56082
G1 X94.236 Y102.695 E2.58281
G1 X94.255 Y103.152 E2.60481
G1 X94.236 Y103.305 E2.61223
G1 X94.04 Y103.718 E2.63422
G1 X93.723 Y104.048 E2.65623
G1 X93.303 Y104.227 E2.67819
G1 X92.847 Y104.264 E2.70019
G1 X92.413 Y104.119 E2.7222
G1 X92.047 Y103.844 E2.74422
G1 X91.818 Y103.448 E2.76622
G1 X91.739 Y103.059 E2.78531
G1 X91.798 Y102.663 F7800
G1 X92.82 Y103.095
;TYPE:Solid infill
;WIDTH:0.438189
G1 F600
G1 X92.826 Y102.89 E2.79487
G1 X92.916 Y102.815 E2.80033
G1 X93.115 Y102.835 E2.80965
G1 X93.195 Y102.955 E2.81637
G1 X93.151 Y103.135 E2.82501
G1 X92.981 Y103.196 E2.83343
G1 E.83343 F2400
G92 E0
G1 X76.518 Y103.001 F7800
G1 E2 F2400
;TYPE:Perimeter
;WIDTH:0.45
G1 F600
G1 X76.539 Y102.825 E2.00853
G1 X76.673 Y102.631 E2.01987
G1 X76.882 Y102.521 E2.03123
G1 X77.118 Y102.521 E2.04258
G1 X77.327 Y102.631 E2.05394
G1 X77.461 Y102.825 E2.06528
G1 X77.489 Y103.059 E2.07661
G1 X77.406 Y103.28 E2.08796
G1 X77.229 Y103.436 E2.09931
G1 X77 Y103.493 E2.11066
G1 X76.771 Y103.436 E2.12201
G1 X76.594 Y103.28 E2.13336
G1 X76.511 Y103.06 E2.14467
G1 X76.115 Y103 F7800
G1 F600
G1 X76.179 Y102.689 E2.15994
G1 X76.338 Y102.413 E2.17526
G1 X76.592 Y102.222 E2.19055
G1 X76.893 Y102.122 E2.20581
G1 X77.21 Y102.147 E2.2211
G1 X77.503 Y102.272 E2.23642
G1 X77.723 Y102.501 E2.25169
G1 X77.859 Y102.788 E2.26697
G1 X77.872 Y103.106 E2.28228
G1 X77.859 Y103.212 E2.28742
G1 X77.723 Y103.499 E2.3027
G1 X77.503 Y103.728 E2.31797
G1 X77.21 Y103.853 E2.33329
G1 X76.893 Y103.878 E2.34858
G1 X76.592 Y103.778 E2.36384
G1 X76.338 Y103.587 E2.37913
G1 X76.179 Y103.312 E2.39441
G1 X76.127 Y103.059 E2.40683
G1 X75.727 Y103 F7800
;TYPE:External perimeter
G1 F600
G1 X75.818 Y102.552 E2.42882
G1 X76.047 Y102.156 E2.45082
G1 X76.413 Y101.881 E2.47284
G1 X76.847 Y101.736 E2.49485
G1 X77.303 Y101.773 E2.51685
G1 X77.723 Y101.952 E2.53881
G1 X78.04 Y102.282 E2.56082
G1 X78.236 Y102.695 E2.58281
G1 X78.255 Y103.152 E2.60481
G1 X78.236 Y103.305 E2.61223
G1 X78.04 Y103.718 E2.63422
G1 X77.723 Y104.048 E2.65623
G1 X77.303 Y104.227 E2.67819
G1 X76.847 Y104.264 E2.70019
G1 X76.413 Y104.119 E2.7222
G1 X76.047 Y103.844 E2.74422
G1 X75.818 Y103.448 E2.76622
G1 X75.739 Y103.059 E2.78531
G1 X75.798 Y102.663 F7800
G1 X76.82 Y103.094
;TYPE:Solid infill
;WIDTH:0.438139
G1 F600
G1 X76.826 Y102.89 E2.79482
G1 X76.916 Y102.815 E2.80028
G1 X77.115 Y102.835 E2.8096
G1 X77.203 Y103.001 E2.81836
G1 X77.116 Y103.164 E2.82697
G1 X76.982 Y103.199 E2.83343
;LAYER_CHANGE
;Z:7.85
;HEIGHT:0.3
G1 E.83343 F2400
G92 E0
G1 Z7.85 F7800
G1 X76.943 Y87.479
G1 E2 F2400
;TYPE:Perimeter
;WIDTH:0.45
G1 F600
G1 X76.771 Y87.436 E2.00853
G1 X76.594 Y87.28 E2.01988
G1 X76.511 Y87.059 E2.03123
G1 X76.539 Y86.825 E2.04256
G1 X76.673 Y86.631 E2.0539
G1 X76.882 Y86.522 E2.06524
G1 X77.118 Y86.521 E2.07659
G1 X77.327 Y86.631 E2.08795
G1 X77.461 Y86.825 E2.09929
G1 X77.489 Y87.059 E2.11062
G1 X77.406 Y87.28 E2.12197
G1 X77.229 Y87.436 E2.13332
G1 X77.001 Y87.493 E2.14462
G1 X76.893 Y87.878 F7800
G1 F600
G1 X76.592 Y87.778 E2.15988
G1 X76.338 Y87.587 E2.17517
G1 X76.179 Y87.312 E2.19045
G1 X76.115 Y87 E2.20577
G1 X76.179 Y86.689 E2.22104
G1 X76.338 Y86.413 E2.23636
G1 X76.592 Y86.222 E2.25165
G1 X76.893 Y86.122 E2.26691
G1 X77.21 Y86.147 E2.2822
G1 X77.503 Y86.272 E2.29752
G1 X77.723 Y86.501 E2.31279
G1 X77.859 Y86.788 E2.32807
G1 X77.872 Y87.106 E2.34338
G1 X77.859 Y87.212 E2.34852
G1 X77.723 Y87.499 E2.3638
G1 X77.503 Y87.728 E2.37907
G1 X77.21 Y87.853 E2.39439
G1 X76.953 Y87.874 E2.40679
G1 X76.847 Y88.264 F7800
;TYPE:External perimeter
G1 F600
G1 X76.413 Y88.119 E2.4288
G1 X76.047 Y87.844 E2.45082
G1 X75.818 Y87.448 E2.47282
G1 X75.727 Y87 E2.49481
G1 X75.818 Y86.552 E2.5168
G1 X76.047 Y86.156 E2.5388
G1 X76.413 Y85.881 E2.56082
G1 X76.847 Y85.736 E2.58283
G1 X77.303 Y85.773 E2.60483
G1 X77.723 Y85.952 E2.62679
G1 X78.04 Y86.282 E2.6488
G1 X78.236 Y86.695 E2.67079
G1 X78.255 Y87.152 E2.69279
G1 X78.236 Y87.305 E2.70021
G1 X78.04 Y87.718 E2.7222
G1 X77.723 Y88.048 E2.74421
G1 X77.303 Y88.227 E2.76617
G1 X76.906 Y88.259 E2.78533
G1 X76.521 Y88.152 F7800
G1 X76.929 Y86.81
;TYPE:Solid infill
;WIDTH:0.438132
G1 F600
G1 X77.115 Y86.835 E2.79408
G1 X77.203 Y86.967 E2.80148
G1 X77.182 Y87.066 E2.8062
G1 X77.113 Y87.165 E2.81183
G1 X76.98 Y87.199 E2.81823
G1 X76.837 Y87.127 E2.82569
G1 X76.803 Y86.956 E2.83382
G1 E.83382 F2400
G92 E0
G1 X92.532 Y87.115 F7800
G1 E2 F2400
;TYPE:Perimeter
;WIDTH:0.45
G1 F600
G1 X92.511 Y87.059 E2.00288
G1 X92.539 Y86.825 E2.01421
G1 X92.673 Y86.631 E2.02555
G1 X92.882 Y86.521 E2.03691
G1 X93.118 Y86.521 E2.04826
G1 X93.327 Y86.631 E2.05962
G1 X93.461 Y86.825 E2.07096
G1 X93.489 Y87.059 E2.08229
G1 X93.406 Y87.28 E2.09364
G1 X93.229 Y87.436 E2.10499
G1 X93 Y87.493 E2.11634
G1 X92.771 Y87.436 E2.12769
G1 X92.594 Y87.28 E2.13904
G1 X92.553 Y87.171 E2.14464
G1 X92.157 Y87.208 F7800
G1 F600
G1 X92.115 Y87 E2.15485
G1 X92.179 Y86.689 E2.17012
G1 X92.338 Y86.413 E2.18544
G1 X92.592 Y86.222 E2.20073
G1 X92.893 Y86.122 E2.21599
G1 X93.21 Y86.147 E2.23128
G1 X93.503 Y86.272 E2.2466
G1 X93.723 Y86.501 E2.26187
G1 X93.859 Y86.788 E2.27715
G1 X93.872 Y87.106 E2.29246
G1 X93.859 Y87.212 E2.2976
G1 X93.723 Y87.499 E2.31288
G1 X93.503 Y87.728 E2.32815
G1 X93.21 Y87.853 E2.34347
G1 X92.893 Y87.878 E2.35876
G1 X92.592 Y87.778 E2.37402
G1 X92.338 Y87.587 E2.38931
G1 X92.179 Y87.312 E2.40459
G1 X92.169 Y87.266 E2.40685
G1 X91.788 Y87.299 F7800
;TYPE:External perimeter
G1 F600
G1 X91.727 Y87 E2.42153
G1 X91.818 Y86.552 E2.44352
G1 X92.047 Y86.156 E2.46552
G1 X92.413 Y85.881 E2.48754
G1 X92.847 Y85.736 E2.50955
G1 X93.303 Y85.773 E2.53155
G1 X93.723 Y85.952 E2.55351
G1 X94.04 Y86.282 E2.57552
G1 X94.236 Y86.695 E2.59751
G1 X94.255 Y87.152 E2.61951
G1 X94.236 Y87.305 E2.62693
G1 X94.04 Y87.718 E2.64892
G1 X93.723 Y88.048 E2.67093
G1 X93.303 Y88.227 E2.69289
G1 X92.847 Y88.264 E2.71489
G1 X92.413 Y88.119 E2.7369
G1 X92.047 Y87.844 E2.75892
G1 X91.818 Y87.448 E2.78092
G1 X91.8 Y87.358 E2.78533
G1 X91.752 Y86.96 F7800
G1 X92.916 Y86.815
;TYPE:Solid infill
;WIDTH:0.438232
G1 F600
G1 X93.115 Y86.835 E2.79466
G1 X93.195 Y86.955 E2.80138
G1 X93.176 Y87.096 E2.80801
G1 X93.122 Y87.142 E2.81132
G1 X92.989 Y87.206 E2.8182
G1 X92.82 Y87.094 E2.82765
G1 X92.824 Y86.966 E2.83362
G1 E.83362 F2400
G92 E0
G1 X92.532 Y102.888 F7800
G1 E2 F2400
;TYPE:Perimeter
;WIDTH:0.45
G1 F600
G1 X92.539 Y102.825 E2.00305
G1 X92.673 Y102.631 E2.01439
G1 X92.882 Y102.521 E2.02575
G1 X93.118 Y102.521 E2.0371
G1 X93.327 Y102.631 E2.04846
G1 X93.461 Y102.825 E2.0598
G1 X93.489 Y103.059 E2.07113
G1 X93.406 Y103.28 E2.08248
G1 X93.229 Y103.436 E2.09383
G1 X93 Y103.493 E2.10518
G1 X92.771 Y103.436 E2.11653
G1 X92.594 Y103.28 E2.12788
G1 X92.511 Y103.059 E2.13923
G1 X92.524 Y102.948 E2.14461
G1 X92.147 Y102.842 F7800
G1 F600
G1 X92.179 Y102.689 E2.15213
G1 X92.338 Y102.413 E2.16745
G1 X92.592 Y102.222 E2.18274
G1 X92.893 Y102.122 E2.198
G1 X93.21 Y102.147 E2.21329
G1 X93.503 Y102.272 E2.22861
G1 X93.723 Y102.501 E2.24388
G1 X93.859 Y102.788 E2.25916
G1 X93.872 Y103.106 E2.27447
G1 X93.859 Y103.212 E2.27961
G1 X93.723 Y103.499 E2.29489
G1 X93.503 Y103.728 E2.31016
G1 X93.21 Y103.853 E2.32548
G1 X92.893 Y103.878 E2.34077
G1 X92.592 Y103.778 E2.35603
G1 X92.338 Y103.587 E2.37132
G1 X92.179 Y103.312 E2.3866
G1 X92.115 Y103 E2.40192
G1 X92.135 Y102.901 E2.40678
G1 X91.768 Y102.796 F7800
;TYPE:External perimeter
G1 F600
G1 X91.818 Y102.552 E2.41876
G1 X92.047 Y102.156 E2.44076
G1 X92.413 Y101.881 E2.46278
G1 X92.847 Y101.736 E2.48479
G1 X93.303 Y101.773 E2.50679
G1 X93.723 Y101.952 E2.52875
G1 X94.04 Y102.282 E2.55076
G1 X94.236 Y102.695 E2.57275
G1 X94.255 Y103.152 E2.59475
G1 X94.236 Y103.305 E2.60217
G1 X94.04 Y103.718 E2.62416
G1 X93.723 Y104.048 E2.64617
G1 X93.303 Y104.227 E2.66813
G1 X92.847 Y104.264 E2.69013
G1 X92.413 Y104.119 E2.71214
G1 X92.047 Y103.844 E2.73416
G1 X91.818 Y103.448 E2.75616
G1 X91.727 Y103 E2.77815
G1 X91.756 Y102.855 E2.78526
G1 X91.877 Y102.473 F7800
G1 X92.928 Y102.81
;TYPE:Solid infill
;WIDTH:0.438459
G1 F600
G1 X93.114 Y102.835 E2.79402
G1 X93.195 Y102.955 E2.80077
G1 X93.176 Y103.096 E2.80741
G1 X93.024 Y103.201 E2.81603
G1 X92.837 Y103.126 E2.82543
G1 X92.803 Y102.957 E2.83347
G1 E.83347 F2400
G92 E0
G1 X76.532 Y102.884 F7800
G1 E2 F2400
;TYPE:Perimeter
;WIDTH:0.45
G1 F600
G1 X76.539 Y102.825 E2.00286
G1 X76.673 Y102.631 E2.0142
G1 X76.882 Y102.521 E2.02556
G1 X77.118 Y102.521 E2.03691
G1 X77.327 Y102.631 E2.04827
G1 X77.461 Y102.825 E2.05961
G1 X77.489 Y103.059 E2.07094
G1 X77.406 Y103.28 E2.08229
G1 X77.229 Y103.436 E2.09364
G1 X77 Y103.493 E2.10499
G1 X76.771 Y103.436 E2.11634
G1 X76.594 Y103.28 E2.12769
G1 X76.511 Y103.059 E2.13904
G1 X76.525 Y102.944 E2.14461
G1 X76.157 Y102.792 F7800
G1 F600
G1 X76.179 Y102.689 E2.14968
G1 X76.338 Y102.413 E2.165
G1 X76.592 Y102.222 E2.18029
G1 X76.893 Y102.122 E2.19555
G1 X77.21 Y102.147 E2.21084
G1 X77.503 Y102.272 E2.22616
G1 X77.723 Y102.501 E2.24143
G1 X77.859 Y102.788 E2.25671
G1 X77.872 Y103.106 E2.27202
G1 X77.859 Y103.212 E2.27716
G1 X77.723 Y103.499 E2.29244
G1 X77.503 Y103.728 E2.30771
G1 X77.21 Y103.853 E2.32303
G1 X76.893 Y103.878 E2.33832
G1 X76.592 Y103.778 E2.35358
G1 X76.338 Y103.587 E2.36887
G1 X76.179 Y103.312 E2.38415
G1 X76.115 Y103 E2.39947
G1 X76.145 Y102.851 E2.40678
G1 X75.788 Y102.701 F7800
;TYPE:External perimeter
G1 F600
G1 X75.818 Y102.552 E2.41409
G1 X76.047 Y102.156 E2.43609
G1 X76.413 Y101.881 E2.45811
G1 X76.847 Y101.736 E2.48012
G1 X77.303 Y101.773 E2.50212
G1 X77.723 Y101.952 E2.52408
G1 X78.04 Y102.282 E2.54609
G1 X78.236 Y102.695 E2.56808
G1 X78.255 Y103.152 E2.59008
G1 X78.236 Y103.305 E2.5975
G1 X78.04 Y103.718 E2.61949
G1 X77.723 Y104.048 E2.6415
G1 X77.303 Y104.227 E2.66346
G1 X76.847 Y104.264 E2.68546
G1 X76.413 Y104.119 E2.70747
G1 X76.047 Y103.844 E2.72949
G1 X75.818 Y103.448 E2.75149
G1 X75.727 Y103 E2.77348
G1 X75.776 Y102.76 E2.78526
G1 X75.922 Y102.388 F7800
G1 X76.916 Y102.815
;TYPE:Solid infill
;WIDTH:0.438233
G1 F600
G1 X77.115 Y102.835 E2.79459
G1 X77.195 Y102.955 E2.80131
G1 X77.176 Y103.096 E2.80794
G1 X77.068 Y103.188 E2.81456
G1 X76.912 Y103.186 E2.82183
G1 X76.826 Y103.106 E2.82731
G1 X76.826 Y102.966 E2.83384
;LAYER_CHANGE
;Z:8.15
;HEIGHT:0.3
G1 E.83384 F2400
G92 E0
G1 Z8.15 F7800
G1 X76.943 Y87.479
G1 E2 F2400
;TYPE:Perimeter
;WIDTH:0.45
G1 F600
G1 X76.771 Y87.436 E2.00853
G1 X76.594 Y87.28 E2.01988
G1 X76.511 Y87.059 E2.03123
G1 X76.539 Y86.825 E2.04256
G1 X76.673 Y86.631 E2.0539
G1 X76.882 Y86.522 E2.06524
G1 X77.118 Y86.521 E2.07659
G1 X77.327 Y86.631 E2.08795
G1 X77.461 Y86.825 E2.09929
G1 X77.489 Y87.059 E2.11062
G1 X77.406 Y87.28 E2.12197
G1 X77.229 Y87.436 E2.13332
G1 X77.001 Y87.493 E2.14462
G1 X76.893 Y87.878 F7800
G1 F600
G1 X76.592 Y87.778 E2.15988
G1 X76.338 Y87.587 E2.17517
G1 X76.179 Y87.312 E2.19045
G1 X76.115 Y87 E2.20577
G1 X76.179 Y86.689 E2.22104
G1 X76.338 Y86.413 E2.23636
G1 X76.592 Y86.222 E2.25165
G1 X76.893 Y86.122 E2.26691
G1 X77.21 Y86.147 E2.2822
G1 X77.503 Y86.272 E2.29752
G1 X77.723 Y86.501 E2.31279
G1 X77.859 Y86.788 E2.32807
G1 X77.872 Y87.106 E2.34338
G1 X77.859 Y87.212 E2.34852
G1 X77.723 Y87.499 E2.3638
G1 X77.503 Y87.728 E2.37907
G1 X77.21 Y87.853 E2.39439
G1 X76.953 Y87.874 E2.40679
G1 X76.847 Y88.264 F7800
;TYPE:External perimeter
G1 F600
G1 X76.413 Y88.119 E2.4288
G1 X76.047 Y87.844 E2.45082
G1 X75.818 Y87.448 E2.47282
G1 X75.727 Y87 E2.49481
G1 X75.818 Y86.552 E2.5168
G1 X76.047 Y86.156 E2.5388
G1 X76.413 Y85.881 E2.56082
G1 X76.847 Y85.736 E2.58283
G1 X77.303 Y85.773 E2.60483
G1 X77.723 Y85.952 E2.62679
G1 X78.04 Y86.282 E2.6488
G1 X78.236 Y86.695 E2.67079
G1 X78.255 Y87.152 E2.69279
G1 X78.236 Y87.305 E2.70021
G1 X78.04 Y87.718 E2.7222
G1 X77.723 Y88.048 E2.74421
G1 X77.303 Y88.227 E2.76617
G1 X76.906 Y88.259 E2.78533
G1 X76.521 Y88.152 F7800
G1 X76.82 Y87.094
;TYPE:Solid infill
;WIDTH:0.438138
G1 F600
G1 X76.826 Y86.89 E2.79484
G1 X76.916 Y86.815 E2.8003
G1 X77.115 Y86.835 E2.80962
G1 X77.203 Y87.001 E2.81838
G1 X77.113 Y87.165 E2.8271
G1 X76.982 Y87.199 E2.83341
G1 E.83341 F2400
G92 E0
G1 X92.532 Y87.115 F7800
G1 E2 F2400
;TYPE:Perimeter
;WIDTH:0.45
G1 F600
G1 X92.511 Y87.059 E2.00288
G1 X92.539 Y86.825 E2.01421
G1 X92.673 Y86.631 E2.02555
G1 X92.882 Y86.522 E2.03689
G1 X93.118 Y86.521 E2.04824
G1 X93.327 Y86.631 E2.0596
G1 X93.461 Y86.825 E2.07094
G1 X93.489 Y87.059 E2.08227
G1 X93.406 Y87.28 E2.09362
G1 X93.229 Y87.436 E2.10497
G1 X93 Y87.493 E2.11632
G1 X92.771 Y87.436 E2.12767
G1 X92.594 Y87.28 E2.13902
G1 X92.553 Y87.171 E2.14462
G1 X92.157 Y87.208 F7800
G1 F600
G1 X92.115 Y87 E2.15483
G1 X92.179 Y86.689 E2.1701
G1 X92.338 Y86.413 E2.18542
G1 X92.592 Y86.222 E2.20071
G1 X92.893 Y86.122 E2.21597
G1 X93.21 Y86.147 E2.23126
G1 X93.503 Y86.272 E2.24658
G1 X93.723 Y86.501 E2.26185
G1 X93.859 Y86.788 E2.27713
G1 X93.872 Y87.106 E2.29244
G1 X93.859 Y87.212 E2.29758
G1 X93.723 Y87.499 E2.31286
G1 X93.503 Y87.728 E2.32813
G1 X93.21 Y87.853 E2.34345
G1 X92.893 Y87.878 E2.35874
G1 X92.592 Y87.778 E2.374
G1 X92.338 Y87.587 E2.38929
G1 X92.179 Y87.312 E2.40457
G1 X92.169 Y87.266 E2.40683
G1 X91.788 Y87.299 F7800
;TYPE:External perimeter
G1 F600
G1 X91.727 Y87 E2.42151
G1 X91.818 Y86.552 E2.4435
G1 X92.047 Y86.156 E2.4655
G1 X92.413 Y85.881 E2.48752
G1 X92.847 Y85.736 E2.50953
G1 X93.303 Y85.773 E2.53153
G1 X93.723 Y85.952 E2.55349
G1 X94.04 Y86.282 E2.5755
G1 X94.236 Y86.695 E2.59749
G1 X94.255 Y87.152 E2.61949
G1 X94.236 Y87.305 E2.62691
G1 X94.04 Y87.718 E2.6489
G1 X93.723 Y88.048 E2.67091
G1 X93.303 Y88.227 E2.69287
G1 X92.847 Y88.264 E2.71487
G1 X92.413 Y88.119 E2.73688
G1 X92.047 Y87.844 E2.7589
G1 X91.818 Y87.448 E2.7809
G1 X91.8 Y87.358 E2.78531
G1 X91.752 Y86.96 F7800
G1 X92.797 Y87.05
;TYPE:Solid infill
;WIDTH:0.438467
G1 F600
G1 X92.814 Y86.917 E2.79157
G1 X92.975 Y86.801 E2.80083
G1 X93.114 Y86.835 E2.80751
G1 X93.195 Y86.955 E2.81427
G1 X93.151 Y87.135 E2.82292
G1 X92.976 Y87.199 E2.83161
G1 X92.937 Y87.179 E2.83365
G1 E.83365 F2400
G92 E0
G1 X92.525 Y102.942 F7800
G1 E2 F2400
;TYPE:Perimeter
;WIDTH:0.45
G1 F600
G1 X92.539 Y102.825 E2.00567
G1 X92.673 Y102.631 E2.01701
G1 X92.882 Y102.521 E2.02837
G1 X93.118 Y102.521 E2.03972
G1 X93.327 Y102.631 E2.05108
G1 X93.461 Y102.825 E2.06242
G1 X93.489 Y103.059 E2.07375
G1 X93.406 Y103.28 E2.0851
G1 X93.229 Y103.436 E2.09645
G1 X93 Y103.493 E2.1078
G1 X92.771 Y103.436 E2.11915
G1 X92.594 Y103.28 E2.1305
G1 X92.511 Y103.059 E2.14185
G1 X92.518 Y103.002 E2.14461
G1 X92.136 Y102.895 F7800
G1 F600
G1 X92.179 Y102.689 E2.15473
G1 X92.338 Y102.413 E2.17005
G1 X92.592 Y102.222 E2.18534
G1 X92.893 Y102.122 E2.2006
G1 X93.21 Y102.147 E2.21589
G1 X93.503 Y102.272 E2.23121
G1 X93.723 Y102.501 E2.24648
G1 X93.859 Y102.788 E2.26176
G1 X93.872 Y103.106 E2.27707
G1 X93.859 Y103.212 E2.28221
G1 X93.723 Y103.499 E2.29749
G1 X93.503 Y103.728 E2.31276
G1 X93.21 Y103.853 E2.32808
G1 X92.893 Y103.878 E2.34337
G1 X92.592 Y103.778 E2.35863
G1 X92.338 Y103.587 E2.37392
G1 X92.179 Y103.312 E2.3892
G1 X92.115 Y103 E2.40452
G1 X92.124 Y102.954 E2.40677
G1 X91.757 Y102.849 F7800
;TYPE:External perimeter
G1 F600
G1 X91.818 Y102.552 E2.42135
G1 X92.047 Y102.156 E2.44335
G1 X92.413 Y101.881 E2.46537
G1 X92.847 Y101.736 E2.48738
G1 X93.303 Y101.773 E2.50938
G1 X93.723 Y101.952 E2.53134
G1 X94.04 Y102.282 E2.55335
G1 X94.236 Y102.695 E2.57534
G1 X94.255 Y103.152 E2.59734
G1 X94.236 Y103.305 E2.60476
G1 X94.04 Y103.718 E2.62675
G1 X93.723 Y104.048 E2.64876
G1 X93.303 Y104.227 E2.67072
G1 X92.847 Y104.264 E2.69272
G1 X92.413 Y104.119 E2.71473
G1 X92.047 Y103.844 E2.73675
G1 X91.818 Y103.448 E2.75875
G1 X91.727 Y103 E2.78074
G1 X91.745 Y102.908 E2.78525
G1 X91.851 Y102.522 F7800
G1 X92.797 Y102.964
;TYPE:Solid infill
;WIDTH:0.438454
G1 F600
G1 X92.928 Y102.81 E2.79468
G1 X93.114 Y102.835 E2.80344
G1 X93.203 Y103.001 E2.81223
G1 X93.113 Y103.166 E2.821
G1 X92.973 Y103.198 E2.8277
G1 X92.86 Y103.138 E2.83367
G1 E.83367 F2400
G92 E0
G1 X76.532 Y102.884 F7800
G1 E2 F2400
;TYPE:Perimeter
;WIDTH:0.45
G1 F600
G1 X76.539 Y102.825 E2.00286
G1 X76.673 Y102.631 E2.0142
G1 X76.882 Y102.521 E2.02556
G1 X77.118 Y102.521 E2.03691
G1 X77.327 Y102.631 E2.04827
G1 X77.461 Y102.825 E2.05961
G1 X77.489 Y103.059 E2.07094
G1 X77.406 Y103.28 E2.08229
G1 X77.229 Y103.436 E2.09364
G1 X77 Y103.493 E2.10499
G1 X76.771 Y103.436 E2.11634
G1 X76.594 Y103.28 E2.12769
G1 X76.511 Y103.059 E2.13904
G1 X76.525 Y102.944 E2.14461
G1 X76.157 Y102.792 F7800
G1 F600
G1 X76.179 Y102.689 E2.14968
G1 X76.338 Y102.413 E2.165
G1 X76.592 Y102.222 E2.18029
G1 X76.893 Y102.122 E2.19555
G1 X77.21 Y102.147 E2.21084
G1 X77.503 Y102.272 E2.22616
G1 X77.723 Y102.501 E2.24143
G1 X77.859 Y102.788 E2.25671
G1 X77.872 Y103.106 E2.27202
G1 X77.859 Y103.212 E2.27716
G1 X77.723 Y103.499 E2.29244
G1 X77.503 Y103.728 E2.30771
G1 X77.21 Y103.853 E2.32303
G1 X76.893 Y103.878 E2.33832
G1 X76.592 Y103.778 E2.35358
G1 X76.338 Y103.587 E2.36887
G1 X76.179 Y103.312 E2.38415
G1 X76.115 Y103 E2.39947
G1 X76.145 Y102.851 E2.40678
G1 X75.788 Y102.701 F7800
;TYPE:External perimeter
G1 F600
G1 X75.818 Y102.552 E2.41409
G1 X76.047 Y102.156 E2.43609
G1 X76.413 Y101.881 E2.45811
G1 X76.847 Y101.736 E2.48012
G1 X77.303 Y101.773 E2.50212
G1 X77.723 Y101.952 E2.52408
G1 X78.04 Y102.282 E2.54609
G1 X78.236 Y102.695 E2.56808
G1 X78.255 Y103.152 E2.59008
G1 X78.236 Y103.305 E2.5975
G1 X78.04 Y103.718 E2.61949
G1 X77.723 Y104.048 E2.6415
G1 X77.303 Y104.227 E2.66346
G1 X76.847 Y104.264 E2.68546
G1 X76.413 Y104.119 E2.70747
G1 X76.047 Y103.844 E2.72949
G1 X75.818 Y103.448 E2.75149
G1 X75.727 Y103 E2.77348
G1 X75.776 Y102.76 E2.78526
G1 X75.922 Y102.388 F7800
G1 X76.797 Y103.05
;TYPE:Solid infill
;WIDTH:0.438154
G1 F600
G1 X76.814 Y102.917 E2.79151
G1 X76.975 Y102.801 E2.80076
G1 X77.115 Y102.835 E2.80748
G1 X77.203 Y103.001 E2.81624
G1 X77.113 Y103.165 E2.82496
G1 X76.98 Y103.199 E2.83136
G1 X76.938 Y103.178 E2.83355
;LAYER_CHANGE
;Z:8.45
;HEIGHT:0.3
G1 E.83355 F2400
G92 E0
G1 Z8.45 F7800
G1 X92.52 Y102.996
G1 E2 F2400
;TYPE:Perimeter
;WIDTH:0.45
G1 F600
G1 X92.535 Y102.866 E2.00629
G1 X92.682 Y102.623 E2.01995
G1 X92.876 Y102.523 E2.03045
G1 X93.116 Y102.521 E2.04199
G1 X93.326 Y102.63 E2.05337
G1 X93.46 Y102.824 E2.06471
G1 X93.489 Y103.059 E2.0761
G1 X93.406 Y103.279 E2.08741
G1 X93.23 Y103.436 E2.09875
G1 X93.001 Y103.493 E2.1101
G1 X92.772 Y103.437 E2.12144
G1 X92.596 Y103.282 E2.13272
G1 X92.512 Y103.067 E2.14382
G1 X92.513 Y103.056 E2.14435
G1 X92.139 Y102.95 F7800
G1 F600
G1 X92.139 Y102.806 E2.15128
G1 X92.338 Y102.413 E2.17247
G1 X92.581 Y102.228 E2.18716
G1 X92.893 Y102.122 E2.20301
G1 X93.208 Y102.147 E2.21821
G1 X93.503 Y102.272 E2.23362
G1 X93.722 Y102.5 E2.24883
G1 X93.859 Y102.788 E2.26417
G1 X93.872 Y103.105 E2.27943
G1 X93.822 Y103.311 E2.28963
G1 X93.662 Y103.587 E2.30497
G1 X93.409 Y103.777 E2.32019
G1 X93.107 Y103.878 E2.33551
G1 X92.791 Y103.853 E2.35076
G1 X92.497 Y103.728 E2.36613
G1 X92.279 Y103.501 E2.38127
G1 X92.141 Y103.212 E2.39667
G1 X92.14 Y103.01 E2.40639
G1 X91.753 Y102.903 F7800
;TYPE:External perimeter
G1 F600
G1 X91.763 Y102.701 E2.41612
G1 X91.939 Y102.312 E2.43666
G1 X92.129 Y102.083 E2.45097
G1 X92.418 Y101.878 E2.46801
G1 X92.847 Y101.736 E2.48974
G1 X93.3 Y101.772 E2.5116
G1 X93.723 Y101.952 E2.53371
G1 X94.04 Y102.281 E2.55568
G1 X94.236 Y102.695 E2.57771
G1 X94.255 Y103.152 E2.59971
G1 X94.236 Y103.305 E2.60713
G1 X94.041 Y103.717 E2.62905
G1 X93.723 Y104.048 E2.65113
G1 X93.303 Y104.227 E2.67309
G1 X92.847 Y104.264 E2.69509
G1 X92.414 Y104.12 E2.71704
G1 X92.047 Y103.844 E2.73913
G1 X91.82 Y103.452 E2.76092
G1 X91.743 Y103.132 E2.77675
G1 X91.751 Y102.963 E2.78489
G1 X91.834 Y102.572 F7800
G1 X92.975 Y102.801
;TYPE:Solid infill
;WIDTH:0.43839
G1 F600
G1 X93.128 Y102.839 E2.79224
G1 X93.186 Y102.979 E2.79931
G1 X93.156 Y103.105 E2.80535
G1 X93.117 Y103.163 E2.80861
G1 X92.979 Y103.199 E2.81526
G1 X92.9 Y103.158 E2.81941
G1 X92.796 Y103.048 E2.82647
G1 X92.832 Y102.914 E2.83294
G1 E.83294 F2400
G92 E0
G1 X92.571 Y87.226 F7800
G1 E2 F2400
;TYPE:Perimeter
;WIDTH:0.45
G1 F600
G1 X92.511 Y87.065 E2.00826
G1 X92.538 Y86.827 E2.01978
G1 X92.672 Y86.632 E2.03116
G1 X92.881 Y86.522 E2.04252
G1 X93.117 Y86.521 E2.05387
G1 X93.326 Y86.631 E2.06523
G1 X93.46 Y86.824 E2.07653
G1 X93.489 Y87.058 E2.08787
G1 X93.406 Y87.279 E2.09922
G1 X93.232 Y87.435 E2.11046
G1 X93.008 Y87.493 E2.12159
G1 X92.811 Y87.446 E2.13133
G1 X92.598 Y87.278 E2.14438
G1 X92.23 Y87.404 F7800
G1 F600
G1 X92.183 Y87.323 E2.14888
G1 X92.115 Y87 E2.16476
G1 X92.178 Y86.691 E2.17993
G1 X92.338 Y86.413 E2.19536
G1 X92.591 Y86.223 E2.21058
G1 X92.893 Y86.122 E2.2259
G1 X93.209 Y86.147 E2.24115
G1 X93.503 Y86.272 E2.25652
G1 X93.722 Y86.5 E2.27173
G1 X93.859 Y86.788 E2.28707
G1 X93.872 Y87.105 E2.30233
G1 X93.822 Y87.31 E2.31248
G1 X93.662 Y87.587 E2.32787
G1 X93.411 Y87.777 E2.34301
G1 X93.107 Y87.878 E2.35842
G1 X92.704 Y87.832 E2.37793
G1 X92.338 Y87.587 E2.39911
G1 X92.261 Y87.456 E2.40642
G1 X91.891 Y87.582 F7800
;TYPE:External perimeter
G1 F600
G1 X91.816 Y87.443 E2.41402
G1 X91.727 Y87 E2.43575
G1 X91.817 Y86.554 E2.45763
G1 X92.047 Y86.156 E2.47974
G1 X92.412 Y85.881 E2.50172
G1 X92.847 Y85.736 E2.52377
G1 X93.302 Y85.772 E2.54572
G1 X93.723 Y85.952 E2.56774
G1 X94.04 Y86.281 E2.58971
G1 X94.236 Y86.695 E2.61174
G1 X94.255 Y87.151 E2.63369
G1 X94.236 Y87.305 E2.64115
G1 X94.041 Y87.717 E2.66307
G1 X93.723 Y88.048 E2.68515
G1 X93.307 Y88.226 E2.70691
G1 X92.98 Y88.264 E2.72274
G1 X92.554 Y88.192 E2.74352
G1 X92.189 Y87.971 E2.76404
G1 X91.985 Y87.754 E2.77836
G1 X91.92 Y87.635 E2.78488
G1 X91.786 Y87.258 F7800
G1 X92.914 Y86.813
;TYPE:Solid infill
;WIDTH:0.43843
G1 F600
G1 X93.115 Y86.833 E2.7943
G1 X93.2 Y86.997 E2.80292
G1 X93.105 Y87.174 E2.81229
G1 X93.037 Y87.2 E2.81569
G1 X92.911 Y87.169 E2.82174
G1 X92.825 Y87.07 E2.82786
G1 X92.824 Y86.976 E2.83225
G1 E.83225 F2400
G92 E0
G1 X76.942 Y87.479 F7800
G1 E2 F2400
;TYPE:Perimeter
;WIDTH:0.45
G1 F600
G1 X76.824 Y87.464 E2.00572
G1 X76.628 Y87.329 E2.01717
G1 X76.51 Y87.038 E2.03227
G1 X76.535 Y86.837 E2.04201
G1 X76.671 Y86.633 E2.0538
G1 X76.88 Y86.522 E2.06518
G1 X77.117 Y86.521 E2.07658
G1 X77.326 Y86.63 E2.08792
G1 X77.461 Y86.824 E2.09929
G1 X77.489 Y87.059 E2.11067
G1 X77.44 Y87.231 E2.11927
G1 X77.282 Y87.409 E2.13072
G1 X77.06 Y87.493 E2.14214
G1 X77.001 Y87.486 E2.145
G1 X76.895 Y87.862 F7800
G1 F600
G1 X76.793 Y87.854 E2.14992
G1 X76.497 Y87.728 E2.16539
G1 X76.227 Y87.426 E2.18487
G1 X76.115 Y87 E2.20606
G1 X76.174 Y86.7 E2.22077
G1 X76.338 Y86.413 E2.23667
G1 X76.59 Y86.223 E2.25185
G1 X76.893 Y86.122 E2.26721
G1 X77.209 Y86.147 E2.28246
G1 X77.503 Y86.272 E2.29783
G1 X77.722 Y86.5 E2.31304
G1 X77.859 Y86.788 E2.32838
G1 X77.872 Y87.105 E2.34364
G1 X77.822 Y87.311 E2.35384
G1 X77.662 Y87.587 E2.36918
G1 X77.409 Y87.777 E2.3844
G1 X77.107 Y87.878 E2.39972
G1 X76.955 Y87.866 E2.40705
G1 X76.847 Y88.264 F7800
;TYPE:External perimeter
G1 F600
G1 X76.416 Y88.121 E2.42889
G1 X76.147 Y87.933 E2.44467
G1 X75.876 Y87.597 E2.46543
G1 X75.75 Y87.189 E2.48597
G1 X75.74 Y86.892 E2.50026
G1 X75.82 Y86.546 E2.51734
G1 X76.047 Y86.156 E2.53904
G1 X76.41 Y85.882 E2.56091
G1 X76.847 Y85.736 E2.58307
G1 X77.301 Y85.772 E2.60497
G1 X77.723 Y85.952 E2.62704
G1 X78.04 Y86.281 E2.64901
G1 X78.236 Y86.695 E2.67104
G1 X78.255 Y87.152 E2.69304
G1 X78.236 Y87.305 E2.70046
G1 X78.041 Y87.717 E2.72238
G1 X77.723 Y88.048 E2.74446
G1 X77.304 Y88.227 E2.76637
G1 X76.906 Y88.259 E2.78557
G1 X76.521 Y88.153 F7800
G1 X76.914 Y86.813
;TYPE:Solid infill
;WIDTH:0.438339
G1 F600
G1 X77.116 Y86.833 E2.79504
G1 X77.2 Y86.997 E2.80363
G1 X77.105 Y87.174 E2.813
G1 X77.037 Y87.2 E2.8164
G1 X76.903 Y87.16 E2.82292
G1 X76.821 Y87.065 E2.82877
G1 X76.822 Y86.976 E2.83292
G1 E.83292 F2400
G92 E0
G1 X76.518 Y102.996 F7800
G1 E2 F2400
;TYPE:Perimeter
;WIDTH:0.45
G1 F600
G1 X76.539 Y102.825 E2.00829
G1 X76.673 Y102.631 E2.01963
G1 X76.882 Y102.521 E2.03099
G1 X77.118 Y102.521 E2.04234
G1 X77.327 Y102.631 E2.0537
G1 X77.461 Y102.825 E2.06504
G1 X77.489 Y103.059 E2.07637
G1 X77.406 Y103.28 E2.08772
G1 X77.229 Y103.436 E2.09907
G1 X77 Y103.493 E2.11042
G1 X76.771 Y103.436 E2.12177
G1 X76.594 Y103.28 E2.13312
G1 X76.511 Y103.059 E2.14447
G1 X76.511 Y103.056 E2.14461
G1 X76.126 Y102.949 F7800
G1 F600
G1 X76.179 Y102.689 E2.15737
G1 X76.338 Y102.413 E2.17269
G1 X76.592 Y102.222 E2.18798
G1 X76.893 Y102.122 E2.20324
G1 X77.21 Y102.147 E2.21853
G1 X77.503 Y102.272 E2.23385
G1 X77.723 Y102.501 E2.24912
G1 X77.859 Y102.788 E2.2644
G1 X77.872 Y103.106 E2.27971
G1 X77.859 Y103.212 E2.28485
G1 X77.723 Y103.499 E2.30013
G1 X77.503 Y103.728 E2.3154
G1 X77.21 Y103.853 E2.33072
G1 X76.893 Y103.878 E2.34601
G1 X76.592 Y103.778 E2.36127
G1 X76.338 Y103.587 E2.37656
G1 X76.179 Y103.312 E2.39184
G1 X76.117 Y103.007 E2.40681
G1 X75.747 Y102.903 F7800
;TYPE:External perimeter
G1 F600
G1 X75.818 Y102.552 E2.42403
G1 X76.047 Y102.156 E2.44603
G1 X76.413 Y101.881 E2.46805
G1 X76.847 Y101.736 E2.49006
G1 X77.303 Y101.773 E2.51206
G1 X77.723 Y101.952 E2.53402
G1 X78.04 Y102.282 E2.55603
G1 X78.236 Y102.695 E2.57802
G1 X78.255 Y103.152 E2.60002
G1 X78.236 Y103.305 E2.60744
G1 X78.04 Y103.718 E2.62943
G1 X77.723 Y104.048 E2.65144
G1 X77.303 Y104.227 E2.6734
G1 X76.847 Y104.264 E2.6954
G1 X76.413 Y104.119 E2.71741
G1 X76.047 Y103.844 E2.73943
G1 X75.818 Y103.448 E2.76143
G1 X75.727 Y103 E2.78342
G1 X75.735 Y102.961 E2.78533
G1 X75.826 Y102.572 F7800
G1 X76.916 Y102.815
;TYPE:Solid infill
;WIDTH:0.438183
G1 F600
G1 X77.115 Y102.835 E2.79465
G1 X77.203 Y102.967 E2.80205
G1 X77.182 Y103.066 E2.80677
G1 X77.111 Y103.167 E2.81253
G1 X76.979 Y103.199 E2.81886
G1 X76.82 Y103.094 E2.82774
G1 X76.824 Y102.966 E2.83371
;LAYER_CHANGE
;Z:8.75
;HEIGHT:0.3
G1 E.83371 F2400
G92 E0
G1 Z8.75 F7800
G1 X92.519 Y102.952
G1 E2 F2400
;TYPE:Perimeter
;WIDTH:0.45
G1 F600
G1 X92.588 Y102.729 E2.01123
G1 X92.765 Y102.567 E2.02277
G1 X92.998 Y102.507 E2.03434
G1 X93.228 Y102.563 E2.04573
G1 X93.405 Y102.719 E2.05708
G1 X93.489 Y102.94 E2.06845
G1 X93.489 Y103.059 E2.07417
G1 X93.406 Y103.279 E2.08548
G1 X93.23 Y103.436 E2.09682
G1 X93.001 Y103.493 E2.10817
G1 X92.773 Y103.438 E2.11945
G1 X92.602 Y103.291 E2.1303
G1 X92.507 Y103.009 E2.14461
G1 X92.126 Y102.941 F7800
G1 F600
G1 X92.125 Y102.916 E2.14581
G1 X92.249 Y102.542 E2.16476
G1 X92.401 Y102.357 E2.17628
G1 X92.686 Y102.173 E2.1926
G1 X92.998 Y102.122 E2.20781
G1 X93.314 Y102.173 E2.22321
G1 X93.582 Y102.342 E2.23845
G1 X93.784 Y102.589 E2.2538
G1 X93.872 Y102.894 E2.26907
G1 X93.885 Y103 E2.27421
G1 X93.822 Y103.311 E2.28947
G1 X93.662 Y103.587 E2.30481
G1 X93.409 Y103.777 E2.32003
G1 X93.107 Y103.878 E2.33535
G1 X92.791 Y103.853 E2.3506
G1 X92.497 Y103.728 E2.36597
G1 X92.285 Y103.51 E2.3806
G1 X92.134 Y103.155 E2.39915
G1 X92.128 Y103 E2.40661
G1 X91.752 Y102.933 F7800
;TYPE:External perimeter
G1 F600
G1 X91.763 Y102.699 E2.41788
G1 X91.909 Y102.355 E2.43585
G1 X92.167 Y102.05 E2.45506
G1 X92.548 Y101.809 E2.47674
G1 X92.998 Y101.736 E2.49867
G1 X93.452 Y101.809 E2.52079
G1 X93.838 Y102.053 E2.54275
G1 X94.127 Y102.408 E2.56477
G1 X94.255 Y102.847 E2.58676
G1 X94.236 Y103.305 E2.60881
G1 X94.041 Y103.718 E2.63078
G1 X93.723 Y104.048 E2.65282
G1 X93.303 Y104.227 E2.67478
G1 X92.847 Y104.264 E2.69678
G1 X92.415 Y104.121 E2.71867
G1 X92.152 Y103.937 E2.73411
G1 X91.875 Y103.595 E2.75528
G1 X91.743 Y103.131 E2.77848
G1 X91.749 Y102.993 E2.78512
G1 X91.819 Y102.599 F7800
G1 X92.801 Y103.03
;TYPE:Solid infill
;WIDTH:0.438156
G1 F600
G1 X92.815 Y102.921 E2.79024
G1 X92.91 Y102.817 E2.79681
G1 X93.115 Y102.835 E2.8064
G1 X93.203 Y103.001 E2.81516
G1 X93.113 Y103.165 E2.82388
G1 X92.98 Y103.199 E2.83028
G1 X92.919 Y103.168 E2.83347
G1 E.83347 F2400
G92 E0
G1 X76.512 Y102.948 F7800
G1 E2 F2400
;TYPE:Perimeter
;WIDTH:0.45
G1 F600
G1 X76.511 Y102.941 E2.00034
G1 X76.594 Y102.72 E2.01169
G1 X76.771 Y102.564 E2.02304
G1 X77 Y102.507 E2.03439
G1 X77.229 Y102.564 E2.04574
G1 X77.406 Y102.72 E2.05709
G1 X77.489 Y102.941 E2.06844
G1 X77.461 Y103.175 E2.07977
G1 X77.327 Y103.369 E2.09111
G1 X77.118 Y103.479 E2.10247
G1 X76.882 Y103.479 E2.11382
G1 X76.673 Y103.369 E2.12518
G1 X76.539 Y103.175 E2.13652
G1 X76.519 Y103.008 E2.14461
G1 X76.13 Y102.941 F7800
G1 F600
G1 X76.128 Y102.894 E2.14687
G1 X76.216 Y102.589 E2.16214
G1 X76.417 Y102.342 E2.17746
G1 X76.686 Y102.173 E2.19274
G1 X77 Y102.122 E2.20804
G1 X77.314 Y102.173 E2.22334
G1 X77.583 Y102.342 E2.23862
G1 X77.784 Y102.589 E2.25394
G1 X77.872 Y102.894 E2.26921
G1 X77.885 Y103 E2.27435
G1 X77.821 Y103.312 E2.28967
G1 X77.662 Y103.587 E2.30495
G1 X77.408 Y103.778 E2.32024
G1 X77.107 Y103.878 E2.3355
G1 X76.79 Y103.853 E2.35079
G1 X76.497 Y103.728 E2.36611
G1 X76.277 Y103.499 E2.38138
G1 X76.141 Y103.212 E2.39666
G1 X76.132 Y103.001 E2.40682
G1 X75.749 Y102.933 F7800
;TYPE:External perimeter
G1 F600
G1 X75.745 Y102.848 E2.41091
G1 X75.873 Y102.408 E2.43295
G1 X76.162 Y102.054 E2.45493
G1 X76.548 Y101.809 E2.47692
G1 X77 Y101.736 E2.49894
G1 X77.452 Y101.809 E2.52096
G1 X77.838 Y102.054 E2.54295
G1 X78.127 Y102.408 E2.56493
G1 X78.255 Y102.848 E2.58697
G1 X78.273 Y103 E2.59433
G1 X78.182 Y103.448 E2.61632
G1 X77.953 Y103.844 E2.63832
G1 X77.587 Y104.119 E2.66034
G1 X77.153 Y104.264 E2.68235
G1 X76.697 Y104.227 E2.70435
G1 X76.277 Y104.048 E2.72631
G1 X75.96 Y103.718 E2.74832
G1 X75.764 Y103.305 E2.77031
G1 X75.751 Y102.993 E2.78533
G1 X75.823 Y102.599 F7800
G1 X76.82 Y103.093
;TYPE:Solid infill
;WIDTH:0.43842
G1 F600
G1 X76.826 Y102.89 E2.7948
G1 X76.962 Y102.798 E2.80246
G1 X77.152 Y102.866 E2.81187
G1 X77.194 Y103.048 E2.82058
G1 X77.115 Y103.165 E2.82717
G1 X76.98 Y103.198 E2.83365
G1 E.83365 F2400
G92 E0
G1 X76.943 Y87.479 F7800
G1 E2 F2400
;TYPE:Perimeter
;WIDTH:0.45
G1 F600
G1 X76.773 Y87.438 E2.00841
G1 X76.602 Y87.291 E2.01926
G1 X76.504 Y87 E2.03403
G1 X76.588 Y86.729 E2.04768
G1 X76.765 Y86.567 E2.05922
G1 X76.998 Y86.507 E2.07079
G1 X77.228 Y86.563 E2.08218
G1 X77.405 Y86.719 E2.09353
G1 X77.489 Y86.94 E2.1049
G1 X77.489 Y87.059 E2.11062
G1 X77.406 Y87.279 E2.12193
G1 X77.23 Y87.436 E2.13327
G1 X77.001 Y87.493 E2.14462
G1 X76.895 Y87.862 F7800
G1 F600
G1 X76.791 Y87.853 E2.14964
G1 X76.497 Y87.728 E2.16501
G1 X76.285 Y87.51 E2.17964
G1 X76.134 Y87.155 E2.19819
G1 X76.125 Y86.916 E2.20969
G1 X76.249 Y86.542 E2.22864
G1 X76.401 Y86.357 E2.24016
G1 X76.686 Y86.173 E2.25648
G1 X76.998 Y86.122 E2.27169
G1 X77.314 Y86.173 E2.28709
G1 X77.582 Y86.342 E2.30233
G1 X77.784 Y86.589 E2.31768
G1 X77.872 Y86.894 E2.33295
G1 X77.885 Y87 E2.33809
G1 X77.822 Y87.311 E2.35335
G1 X77.662 Y87.587 E2.36869
G1 X77.409 Y87.777 E2.38391
G1 X77.107 Y87.878 E2.39923
G1 X76.955 Y87.866 E2.40656
G1 X76.847 Y88.264 F7800
;TYPE:External perimeter
G1 F600
G1 X76.415 Y88.121 E2.42845
G1 X76.152 Y87.937 E2.44389
G1 X75.875 Y87.595 E2.46506
G1 X75.743 Y87.131 E2.48826
G1 X75.763 Y86.699 E2.50906
G1 X75.909 Y86.355 E2.52703
G1 X76.167 Y86.05 E2.54624
G1 X76.548 Y85.809 E2.56792
G1 X76.998 Y85.736 E2.58985
G1 X77.452 Y85.809 E2.61197
G1 X77.838 Y86.053 E2.63393
G1 X78.127 Y86.408 E2.65595
G1 X78.255 Y86.847 E2.67794
G1 X78.236 Y87.305 E2.69999
G1 X78.041 Y87.718 E2.72196
G1 X77.723 Y88.048 E2.744
G1 X77.303 Y88.227 E2.76596
G1 X76.906 Y88.259 E2.78512
G1 X76.521 Y88.153 F7800
G1 X76.795 Y87
;TYPE:Solid infill
;WIDTH:0.438263
G1 F600
G1 X76.881 Y86.835 E2.7938
G1 X77.072 Y86.813 E2.80277
G1 X77.179 Y86.91 E2.8095
G1 X77.186 Y86.98 E2.81278
G1 X77.156 Y87.139 E2.82033
G1 X77.037 Y87.2 E2.82657
G1 X76.895 Y87.148 E2.83362
G1 E.83362 F2400
G92 E0
G1 X92.567 Y87.229 F7800
G1 E2 F2400
;TYPE:Perimeter
;WIDTH:0.45
G1 F600
G1 X92.508 Y86.962 E2.01315
G1 X92.593 Y86.723 E2.02535
G1 X92.77 Y86.564 E2.03679
G1 X92.999 Y86.507 E2.04814
G1 X93.229 Y86.563 E2.05953
G1 X93.405 Y86.72 E2.07087
G1 X93.489 Y86.94 E2.0822
G1 X93.482 Y87.119 E2.09082
G1 X93.372 Y87.329 E2.10222
G1 X93.176 Y87.464 E2.11367
G1 X92.94 Y87.493 E2.12511
G1 X92.718 Y87.397 E2.13674
G1 X92.6 Y87.276 E2.14487
G1 X92.239 Y87.4 F7800
G1 F600
G1 X92.134 Y87.155 E2.15769
G1 X92.125 Y86.916 E2.16919
G1 X92.216 Y86.589 E2.18552
G1 X92.416 Y86.344 E2.20073
G1 X92.686 Y86.173 E2.2161
G1 X92.999 Y86.122 E2.23135
G1 X93.314 Y86.173 E2.2467
G1 X93.582 Y86.342 E2.26194
G1 X93.784 Y86.589 E2.27729
G1 X93.872 Y86.894 E2.29256
G1 X93.885 Y87 E2.2977
G1 X93.822 Y87.311 E2.31296
G1 X93.662 Y87.587 E2.3283
G1 X93.41 Y87.777 E2.34348
G1 X93.107 Y87.878 E2.35884
G1 X92.803 Y87.856 E2.3735
G1 X92.455 Y87.69 E2.39204
G1 X92.289 Y87.517 E2.40357
G1 X92.263 Y87.455 E2.4068
G1 X91.873 Y87.591 F7800
;TYPE:External perimeter
G1 F600
G1 X91.756 Y87.241 E2.42455
G1 X91.746 Y86.841 E2.44379
G1 X91.873 Y86.408 E2.46549
G1 X92.16 Y86.055 E2.48737
G1 X92.548 Y85.809 E2.50947
G1 X92.999 Y85.736 E2.53144
G1 X93.452 Y85.809 E2.55351
G1 X93.838 Y86.053 E2.57547
G1 X94.127 Y86.408 E2.59749
G1 X94.255 Y86.847 E2.61948
G1 X94.236 Y87.305 E2.64153
G1 X94.041 Y87.717 E2.66345
G1 X93.723 Y88.048 E2.68553
G1 X93.305 Y88.227 E2.7074
G1 X92.987 Y88.264 E2.7228
G1 X92.552 Y88.192 E2.74401
G1 X92.146 Y87.932 E2.7672
G1 X91.91 Y87.639 E2.7853
G1 X91.774 Y87.263 F7800
G1 X92.795 Y86.955
;TYPE:Solid infill
;WIDTH:0.439876
G1 F600
G1 X92.914 Y86.813 E2.79398
G1 X93.115 Y86.834 E2.80344
G1 X93.174 Y86.934 E2.80888
G1 X93.188 Y87.083 E2.81589
G1 X93.02 Y87.201 E2.8255
G1 X92.852 Y87.137 E2.83392
;LAYER_CHANGE
;Z:9.05
;HEIGHT:0.3
G1 E.83392 F2400
G92 E0
G1 Z9.05 F7800
G1 X92.517 Y103.001
G1 E2 F2400
;TYPE:Perimeter
;WIDTH:0.45
G1 F600
G1 X92.538 Y102.833 E2.00814
G1 X92.67 Y102.634 E2.01963
G1 X92.881 Y102.522 E2.03112
G1 X93.113 Y102.52 E2.04228
G1 X93.33 Y102.634 E2.05407
G1 X93.46 Y102.824 E2.06514
G1 X93.489 Y103.059 E2.07653
G1 X93.406 Y103.28 E2.08788
G1 X93.229 Y103.436 E2.09923
G1 X93 Y103.493 E2.11058
G1 X92.772 Y103.437 E2.12187
G1 X92.597 Y103.283 E2.13308
G1 X92.512 Y103.06 E2.14456
G1 X92.131 Y103 F7800
G1 F600
G1 X92.127 Y102.899 E2.14942
G1 X92.225 Y102.577 E2.16561
G1 X92.497 Y102.272 E2.18527
G1 X92.789 Y102.147 E2.20055
G1 X93.107 Y102.122 E2.21589
G1 X93.505 Y102.274 E2.23638
G1 X93.721 Y102.498 E2.25135
G1 X93.859 Y102.788 E2.2668
G1 X93.872 Y103.105 E2.28206
G1 X93.821 Y103.311 E2.29227
G1 X93.662 Y103.587 E2.30759
G1 X93.408 Y103.778 E2.32288
G1 X93.107 Y103.878 E2.33814
G1 X92.79 Y103.853 E2.35343
G1 X92.497 Y103.728 E2.36875
G1 X92.279 Y103.502 E2.38385
G1 X92.139 Y103.197 E2.39999
G1 X92.134 Y103.06 E2.40658
G1 X91.75 Y103 F7800
;TYPE:External perimeter
G1 F600
G1 X91.745 Y102.852 E2.4137
G1 X91.821 Y102.551 E2.42863
G1 X92.047 Y102.156 E2.45052
G1 X92.411 Y101.881 E2.47246
G1 X92.847 Y101.736 E2.49456
G1 X93.298 Y101.772 E2.51632
G1 X93.724 Y101.953 E2.53858
G1 X94.041 Y102.283 E2.56059
G1 X94.236 Y102.695 E2.58251
G1 X94.255 Y103.152 E2.60451
G1 X94.127 Y103.592 E2.62655
G1 X93.838 Y103.946 E2.64853
G1 X93.452 Y104.191 E2.67052
G1 X93 Y104.264 E2.69254
G1 X92.548 Y104.191 E2.71456
G1 X92.163 Y103.947 E2.73648
G1 X91.873 Y103.593 E2.75849
G1 X91.762 Y103.288 E2.7741
G1 X91.753 Y103.06 E2.78507
G1 X91.8 Y102.663 F7800
G1 X93.371 Y102.908
;TYPE:Top solid infill
;WIDTH:0.459031
G1 F600
G1 X93.063 Y103.216 E2.80651
G1 X92.971 Y103.227 E2.81107
G1 X92.895 Y103.202 E2.81501
G1 X92.83 Y103.154 E2.81899
G1 X92.777 Y103.045 E2.82496
G1 X92.78 Y102.941 E2.83008
G1 X93.09 Y102.631 E2.85166
G1 E.85166 F2400
G92 E0
G1 X92.574 Y87.224 F7800
G1 E2 F2400
;TYPE:Perimeter
;WIDTH:0.45
G1 F600
G1 X92.51 Y87.055 E2.00869
G1 X92.539 Y86.827 E2.01974
G1 X92.673 Y86.631 E2.03116
G1 X92.881 Y86.522 E2.04245
G1 X93.113 Y86.52 E2.05361
G1 X93.33 Y86.634 E2.0654
G1 X93.46 Y86.824 E2.07647
G1 X93.489 Y87.059 E2.08786
G1 X93.406 Y87.28 E2.09921
G1 X93.229 Y87.436 E2.11056
G1 X93 Y87.493 E2.12191
G1 X92.772 Y87.437 E2.1332
G1 X92.597 Y87.283 E2.14441
G1 X92.596 Y87.28 E2.14456
G1 X92.233 Y87.402 F7800
G1 F600
G1 X92.139 Y87.197 E2.15541
G1 X92.141 Y86.788 E2.17508
G1 X92.277 Y86.502 E2.19031
G1 X92.497 Y86.272 E2.20562
G1 X92.789 Y86.147 E2.2209
G1 X93.107 Y86.122 E2.23624
G1 X93.505 Y86.274 E2.25673
G1 X93.721 Y86.498 E2.2717
G1 X93.859 Y86.788 E2.28715
G1 X93.872 Y87.105 E2.30241
G1 X93.821 Y87.311 E2.31262
G1 X93.662 Y87.587 E2.32794
G1 X93.408 Y87.778 E2.34323
G1 X93.107 Y87.878 E2.35849
G1 X92.79 Y87.853 E2.37378
G1 X92.497 Y87.728 E2.3891
G1 X92.279 Y87.502 E2.4042
G1 X92.258 Y87.457 E2.40659
G1 X91.89 Y87.583 F7800
;TYPE:External perimeter
G1 F600
G1 X91.819 Y87.446 E2.41401
G1 X91.727 Y87 E2.43591
G1 X91.818 Y86.553 E2.45785
G1 X92.047 Y86.156 E2.47989
G1 X92.412 Y85.881 E2.50187
G1 X92.847 Y85.736 E2.52392
G1 X93.298 Y85.772 E2.54568
G1 X93.724 Y85.953 E2.56794
G1 X94.041 Y86.283 E2.58995
G1 X94.236 Y86.695 E2.61187
G1 X94.255 Y87.152 E2.63387
G1 X94.182 Y87.448 E2.64853
G1 X93.953 Y87.844 E2.67053
G1 X93.588 Y88.119 E2.69251
G1 X93.153 Y88.264 E2.71456
G1 X92.698 Y88.227 E2.73652
G1 X92.277 Y88.048 E2.75852
G1 X91.962 Y87.722 E2.78032
G1 X91.918 Y87.636 E2.78497
G1 X91.787 Y87.258 F7800
G1 X93.37 Y86.906
;TYPE:Top solid infill
;WIDTH:0.460851
G1 F600
G1 X93.06 Y87.216 E2.80665
G1 X92.972 Y87.227 E2.81104
G1 X92.868 Y87.188 E2.81653
G1 X92.816 Y87.133 E2.82027
G1 X92.777 Y87.046 E2.82498
G1 X92.778 Y86.946 E2.82993
G1 X93.087 Y86.629 E2.85182
G1 E.85182 F2400
G92 E0
G1 X76.943 Y87.479 F7800
G1 E2 F2400
;TYPE:Perimeter
;WIDTH:0.45
G1 F600
G1 X76.772 Y87.437 E2.00847
G1 X76.597 Y87.283 E2.01968
G1 X76.51 Y87.055 E2.03142
G1 X76.538 Y86.833 E2.04218
G1 X76.67 Y86.634 E2.05367
G1 X76.881 Y86.522 E2.06516
G1 X77.113 Y86.52 E2.07632
G1 X77.33 Y86.634 E2.08811
G1 X77.46 Y86.824 E2.09918
G1 X77.489 Y87.059 E2.11057
G1 X77.406 Y87.28 E2.12192
G1 X77.229 Y87.436 E2.13327
G1 X77.001 Y87.493 E2.14457
G1 X76.895 Y87.861 F7800
G1 F600
G1 X76.79 Y87.853 E2.14963
G1 X76.497 Y87.728 E2.16495
G1 X76.279 Y87.502 E2.18005
G1 X76.139 Y87.197 E2.19619
G1 X76.127 Y86.899 E2.21053
G1 X76.225 Y86.577 E2.22672
G1 X76.497 Y86.272 E2.24638
G1 X76.789 Y86.147 E2.26166
G1 X77.107 Y86.122 E2.277
G1 X77.505 Y86.274 E2.29749
G1 X77.721 Y86.498 E2.31246
G1 X77.859 Y86.788 E2.32791
G1 X77.872 Y87.105 E2.34317
G1 X77.821 Y87.311 E2.35338
G1 X77.662 Y87.587 E2.3687
G1 X77.408 Y87.778 E2.38399
G1 X77.107 Y87.878 E2.39925
G1 X76.955 Y87.866 E2.40658
G1 X76.85 Y88.24 F7800
;TYPE:External perimeter
G1 F600
G1 X76.548 Y88.191 E2.4213
G1 X76.163 Y87.947 E2.44322
G1 X75.873 Y87.593 E2.46523
G1 X75.762 Y87.288 E2.48084
G1 X75.745 Y86.852 E2.50183
G1 X75.821 Y86.551 E2.51676
G1 X76.047 Y86.156 E2.53865
G1 X76.411 Y85.881 E2.56059
G1 X76.847 Y85.736 E2.58269
G1 X77.298 Y85.772 E2.60445
G1 X77.724 Y85.953 E2.62671
G1 X78.041 Y86.283 E2.64872
G1 X78.236 Y86.695 E2.67064
G1 X78.255 Y87.152 E2.69264
G1 X78.127 Y87.592 E2.71468
G1 X77.838 Y87.946 E2.73666
G1 X77.452 Y88.191 E2.75865
G1 X77 Y88.264 E2.78067
G1 X76.909 Y88.249 E2.78511
G1 X76.52 Y88.153 F7800
G1 X77.371 Y86.907
;TYPE:Top solid infill
;WIDTH:0.45873
G1 F600
G1 X77.062 Y87.216 E2.8066
G1 X76.923 Y87.216 E2.81344
G1 X76.83 Y87.152 E2.81899
G1 X76.777 Y87.045 E2.82486
G1 X76.78 Y86.94 E2.83003
G1 X77.09 Y86.631 E2.85156
G1 E.85156 F2400
G92 E0
G1 X76.519 Y102.989 F7800
G1 E2 F2400
;TYPE:Perimeter
;WIDTH:0.45
G1 F600
G1 X76.538 Y102.833 E2.00756
G1 X76.67 Y102.634 E2.01905
G1 X76.881 Y102.522 E2.03054
G1 X77.113 Y102.52 E2.0417
G1 X77.33 Y102.634 E2.05349
G1 X77.46 Y102.824 E2.06456
G1 X77.489 Y103.059 E2.07595
G1 X77.406 Y103.28 E2.0873
G1 X77.229 Y103.436 E2.09865
G1 X77 Y103.493 E2.11
G1 X76.772 Y103.437 E2.12129
G1 X76.597 Y103.283 E2.1325
G1 X76.51 Y103.055 E2.14424
G1 X76.511 Y103.048 E2.14458
G1 X76.131 Y102.986 F7800
G1 F600
G1 X76.127 Y102.899 E2.14877
G1 X76.225 Y102.577 E2.16496
G1 X76.497 Y102.272 E2.18462
G1 X76.789 Y102.147 E2.1999
G1 X77.107 Y102.122 E2.21524
G1 X77.505 Y102.274 E2.23573
G1 X77.721 Y102.498 E2.2507
G1 X77.859 Y102.788 E2.26615
G1 X77.872 Y103.105 E2.28141
G1 X77.821 Y103.311 E2.29162
G1 X77.662 Y103.587 E2.30694
G1 X77.408 Y103.778 E2.32223
G1 X77.107 Y103.878 E2.33749
G1 X76.79 Y103.853 E2.35278
G1 X76.497 Y103.728 E2.3681
G1 X76.279 Y103.502 E2.3832
G1 X76.139 Y103.197 E2.39934
G1 X76.133 Y103.046 E2.40661
G1 X75.75 Y102.983 F7800
;TYPE:External perimeter
G1 F600
G1 X75.745 Y102.852 E2.41292
G1 X75.821 Y102.551 E2.42785
G1 X76.047 Y102.156 E2.44974
G1 X76.411 Y101.881 E2.47168
G1 X76.847 Y101.736 E2.49378
G1 X77.298 Y101.772 E2.51554
G1 X77.724 Y101.953 E2.5378
G1 X78.041 Y102.283 E2.55981
G1 X78.236 Y102.695 E2.58173
G1 X78.255 Y103.152 E2.60373
G1 X78.127 Y103.592 E2.62577
G1 X77.838 Y103.946 E2.64775
G1 X77.452 Y104.191 E2.66974
G1 X77 Y104.264 E2.69176
G1 X76.548 Y104.191 E2.71378
G1 X76.163 Y103.947 E2.7357
G1 X75.873 Y103.593 E2.75771
G1 X75.762 Y103.288 E2.77332
G1 X75.752 Y103.043 E2.78511
G1 X75.803 Y102.647 F7800
G1 X77.371 Y102.908
;TYPE:Top solid infill
;WIDTH:0.459032
G1 F600
G1 X77.063 Y103.216 E2.80655
G1 X76.971 Y103.227 E2.81111
G1 X76.895 Y103.202 E2.81505
G1 X76.83 Y103.154 E2.81903
G1 X76.777 Y103.045 E2.825
G1 X76.78 Y102.941 E2.83012
G1 X77.09 Y102.631 E2.8517
G1 E.8517 F2400
G92 E0
M107
;TYPE:Custom
; Filament-specific end gcode
M104 S0 ; turn off temperature
G28 X0  ; home X axis
M84     ; disable motors
; objects_info = {"objects":[]}
; filament used [mm] = 1022.15
; filament used [cm3] = 2.46
; filament used [g] = 3.20
; filament cost = 0.08
; total filament used [g] = 3.20
; total filament cost = 0.08
; total filament used for wipe tower [g] = 0.00
; estimated printing time (normal mode) = 12m 33s
; estimated first layer printing time (normal mode) = 1m 8s

; prusaslicer_config = begin
; arc_fitting = disabled
; autoemit_temperature_commands = 1
; automatic_extrusion_widths = 0
; automatic_infill_combination = 0
; automatic_infill_combination_max_layer_height = 100%
; avoid_crossing_curled_overhangs = 0
; avoid_crossing_perimeters = 0
; avoid_crossing_perimeters_max_detour = 0
; bed_custom_model = 
; bed_custom_texture = 
; bed_shape = 0x0,170x0,170x190,0x190
; bed_temperature = 67
; bed_temperature_extruder = 0
; before_layer_gcode = 
; between_objects_gcode = 
; binary_gcode = 0
; bottom_fill_pattern = monotonic
; bottom_solid_layers = 3
; bottom_solid_min_thickness = 0
; bridge_acceleration = 0
; bridge_angle = 0
; bridge_fan_speed = 100
; bridge_flow_ratio = 1
; bridge_speed = 60
; brim_separation = 0
; brim_type = outer_only
; brim_width = 0
; chamber_minimal_temperature = 0
; chamber_temperature = 0
; color_change_gcode = M600
; colorprint_heights = 
; compatible_printers_condition_cummulative = ;"printer_notes!~/.*NO_TEMPLATES.*/ and printer_notes!~/.*PRINTER_VENDOR_TRILAB.*/ and printer_notes!~/.*PRINTER_MODEL_MK4IS.*/ and ! (printer_notes=~/.*PRINTER_VENDOR_PRUSA3D.*/ and num_extruders>1)"
; complete_objects = 0
; cooling = 1
; cooling_perimeter_transition_distance = 0
; cooling_slowdown_logic = uniform_cooling
; cooling_tube_length = 5
; cooling_tube_retraction = 91.5
; custom_parameters_filament = ""
; custom_parameters_print = 
; custom_parameters_printer = 
; default_acceleration = 0
; default_filament_profile = 
; default_print_profile = 
; deretract_speed = 0
; disable_fan_first_layers = 1
; dont_support_bridges = 1
; draft_shield = disabled
; duplicate_distance = 6
; elefant_foot_compensation = 0
; enable_dynamic_fan_speeds = 0
; enable_dynamic_overhang_speeds = 0
; end_filament_gcode = "; Filament-specific end gcode"
; end_gcode = M104 S0 ; turn off temperature\nG28 X0  ; home X axis\nM84     ; disable motors\n
; ensure_vertical_shell_thickness = enabled
; external_perimeter_acceleration = 0
; external_perimeter_extrusion_width = 0.45
; external_perimeter_speed = 50%
; external_perimeters_first = 0
; extra_loading_move = -2
; extra_perimeters = 1
; extra_perimeters_on_overhangs = 0
; extruder_clearance_height = 20
; extruder_clearance_radius = 20
; extruder_colour = ""
; extruder_offset = 0x0
; extrusion_axis = E
; extrusion_multiplier = 1
; extrusion_width = 0.45
; fan_always_on = 1
; fan_below_layer_time = 100
; filament_abrasive = 0
; filament_colour = #FF8000
; filament_cooling_final_speed = 2
; filament_cooling_initial_speed = 3
; filament_cooling_moves = 1
; filament_cost = 23.63
; filament_density = 1.3
; filament_deretract_speed = nil
; filament_diameter = 1.75
; filament_infill_max_crossing_speed = 0
; filament_infill_max_speed = 0
; filament_load_time = 0
; filament_loading_speed = 14
; filament_loading_speed_start = 19
; filament_max_volumetric_speed = 0
; filament_minimal_purge_on_wipe_tower = 0
; filament_multitool_ramming = 0
; filament_multitool_ramming_flow = 10
; filament_multitool_ramming_volume = 10
; filament_notes = https://www.extrudr.com/en/products/catalogue/?material=128
; filament_purge_multiplier = 100%
; filament_ramming_parameters = "130 120 2.70968 2.93548 3.32258 3.83871 4.58065 5.54839 6.51613 7.35484 7.93548 8.16129| 0.05 2.66451 0.45 3.05805 0.95 4.05807 1.45 5.97742 1.95 7.69999 2.45 8.1936 2.95 11.342 3.45 11.4065 3.95 7.6 4.45 7.6 4.95 7.6"
; filament_retract_before_travel = nil
; filament_retract_before_wipe = nil
; filament_retract_layer_change = nil
; filament_retract_length = nil
; filament_retract_length_toolchange = nil
; filament_retract_lift = nil
; filament_retract_lift_above = nil
; filament_retract_lift_below = nil
; filament_retract_restart_extra = nil
; filament_retract_restart_extra_toolchange = nil
; filament_retract_speed = nil
; filament_seam_gap_distance = nil
; filament_settings_id = "Extrudr PLA NX2 geändert"
; filament_shrinkage_compensation_xy = 0%
; filament_shrinkage_compensation_z = 0%
; filament_soluble = 0
; filament_spool_weight = 262
; filament_stamping_distance = 0
; filament_stamping_loading_speed = 20
; filament_toolchange_delay = 0
; filament_travel_lift_before_obstacle = nil
; filament_travel_max_lift = nil
; filament_travel_ramping_lift = nil
; filament_travel_slope = nil
; filament_type = PLA
; filament_unload_time = 0
; filament_unloading_speed = 20
; filament_unloading_speed_start = 100
; filament_vendor = Extrudr
; filament_wipe = nil
; fill_angle = 45
; fill_density = 20%
; fill_pattern = stars
; first_layer_acceleration = 0
; first_layer_acceleration_over_raft = 0
; first_layer_bed_temperature = 67
; first_layer_extrusion_width = 0.42
; first_layer_height = 0.35
; first_layer_infill_speed = 0
; first_layer_speed = 30
; first_layer_speed_over_raft = 30
; first_layer_temperature = 220
; full_fan_speed_layer = 0
; fuzzy_skin = none
; fuzzy_skin_point_dist = 0.8
; fuzzy_skin_thickness = 0.3
; gap_fill_enabled = 1
; gap_fill_speed = 20
; gcode_comments = 0
; gcode_flavor = klipper
; gcode_label_objects = disabled
; gcode_resolution = 0.0125
; gcode_substitutions = 
; high_current_on_filament_swap = 0
; host_type = prusalink
; idle_temperature = nil
; infill_acceleration = 0
; infill_anchor = 600%
; infill_anchor_max = 50
; infill_every_layers = 1
; infill_extruder = 1
; infill_extrusion_width = 0.45
; infill_first = 0
; infill_overlap = 25%
; infill_speed = 70
; inherits_cummulative = ;"Extrudr PLA NX2 @Template";
; interface_shells = 0
; interlocking_beam = 0
; interlocking_beam_layer_count = 2
; interlocking_beam_width = 0.8
; interlocking_boundary_avoidance = 2
; interlocking_depth = 2
; interlocking_orientation = 22.5
; ironing = 0
; ironing_flowrate = 15%
; ironing_spacing = 0.1
; ironing_speed = 15
; ironing_type = top
; layer_gcode = 
; layer_height = 0.3
; machine_limits_usage = time_estimate_only
; machine_max_acceleration_e = 10000,5000
; machine_max_acceleration_extruding = 1500,1250
; machine_max_acceleration_retracting = 1500,1250
; machine_max_acceleration_travel = 1500,1250
; machine_max_acceleration_x = 9000,1000
; machine_max_acceleration_y = 9000,1000
; machine_max_acceleration_z = 500,200
; machine_max_feedrate_e = 120,120
; machine_max_feedrate_x = 500,200
; machine_max_feedrate_y = 500,200
; machine_max_feedrate_z = 12,12
; machine_max_jerk_e = 2.5,2.5
; machine_max_jerk_x = 10,10
; machine_max_jerk_y = 10,10
; machine_max_jerk_z = 0.2,0.4
; machine_min_extruding_rate = 0,0
; machine_min_travel_rate = 0,0
; max_fan_speed = 90
; max_layer_height = 0
; max_print_height = 170
; max_print_speed = 80
; max_volumetric_extrusion_rate_slope_negative = 0
; max_volumetric_extrusion_rate_slope_positive = 0
; max_volumetric_speed = 0
; min_bead_width = 85%
; min_fan_speed = 30
; min_feature_size = 25%
; min_layer_height = 0.07
; min_print_speed = 10
; min_skirt_length = 0
; mmu_segmented_region_interlocking_depth = 0
; mmu_segmented_region_max_width = 0
; multimaterial_purging = 140
; notes = 
; nozzle_diameter = 0.4
; nozzle_high_flow = 0
; only_one_perimeter_first_layer = 0
; only_retract_when_crossing_perimeters = 0
; ooze_prevention = 0
; output_filename_format = [input_filename_base].gcode
; over_bridge_speed = 0
; overhang_fan_speed_0 = 0
; overhang_fan_speed_1 = 0
; overhang_fan_speed_2 = 0
; overhang_fan_speed_3 = 0
; overhang_speed_0 = 15
; overhang_speed_1 = 15
; overhang_speed_2 = 20
; overhang_speed_3 = 25
; overhangs = 1
; parking_pos_retraction = 92
; pause_print_gcode = M601
; perimeter_acceleration = 0
; perimeter_extruder = 1
; perimeter_extrusion_width = 0.45
; perimeter_generator = arachne
; perimeter_speed = 60
; perimeters = 3
; physical_printer_settings_id = 
; post_process = 
; prefer_clockwise_movements = 0
; print_settings_id = Sparkcube default
; printer_model = 
; printer_notes = 
; printer_settings_id = Sparkcube
; printer_technology = FFF
; printer_variant = 
; printer_vendor = 
; raft_contact_distance = 0.1
; raft_expansion = 1.5
; raft_first_layer_density = 90%
; raft_first_layer_expansion = 3
; raft_layers = 0
; remaining_times = 0
; resolution = 0
; retract_before_travel = 2
; retract_before_wipe = 0%
; retract_layer_change = 0
; retract_length = 2
; retract_length_toolchange = 10
; retract_lift = 0
; retract_lift_above = 0
; retract_lift_below = 0
; retract_restart_extra = 0
; retract_restart_extra_toolchange = 0
; retract_speed = 40
; scarf_seam_entire_loop = 0
; scarf_seam_length = 20
; scarf_seam_max_segment_length = 1
; scarf_seam_on_inner_perimeters = 0
; scarf_seam_only_on_smooth = 1
; scarf_seam_placement = nowhere
; scarf_seam_start_height = 0%
; seam_gap_distance = 15%
; seam_position = aligned
; silent_mode = 1
; single_extruder_multi_material = 0
; single_extruder_multi_material_priming = 1
; skirt_distance = 6
; skirt_height = 1
; skirts = 0
; slice_closing_radius = 0.049
; slicing_mode = regular
; slowdown_below_layer_time = 20
; small_perimeter_speed = 30
; solid_infill_acceleration = 0
; solid_infill_below_area = 70
; solid_infill_every_layers = 0
; solid_infill_extruder = 1
; solid_infill_extrusion_width = 0.45
; solid_infill_speed = 50
; spiral_vase = 0
; staggered_inner_seams = 0
; standby_temperature_delta = -5
; start_filament_gcode = "; Filament gcode\n"
; start_gcode = G28 ; home all axes\nG1 Z5 F5000 ; lift nozzle\n
; support_material = 1
; support_material_angle = 0
; support_material_auto = 1
; support_material_bottom_contact_distance = 0
; support_material_bottom_interface_layers = -1
; support_material_buildplate_only = 0
; support_material_closing_radius = 2
; support_material_contact_distance = 0.2
; support_material_enforce_layers = 0
; support_material_extruder = 1
; support_material_extrusion_width = 0.35
; support_material_interface_contact_loops = 0
; support_material_interface_extruder = 1
; support_material_interface_layers = 3
; support_material_interface_pattern = rectilinear
; support_material_interface_spacing = 0
; support_material_interface_speed = 100%
; support_material_pattern = rectilinear
; support_material_spacing = 2.5
; support_material_speed = 60
; support_material_style = grid
; support_material_synchronize_layers = 0
; support_material_threshold = 0
; support_material_with_sheath = 1
; support_material_xy_spacing = 50%
; support_tree_angle = 40
; support_tree_angle_slow = 25
; support_tree_branch_diameter = 2
; support_tree_branch_diameter_angle = 5
; support_tree_branch_diameter_double_wall = 3
; support_tree_branch_distance = 1
; support_tree_tip_diameter = 0.8
; support_tree_top_rate = 15%
; temperature = 220
; template_custom_gcode = 
; thick_bridges = 1
; thin_walls = 1
; thumbnails = 
; thumbnails_format = PNG
; toolchange_gcode = 
; top_fill_pattern = monotonic
; top_infill_extrusion_width = 0.4
; top_one_perimeter_type = none
; top_solid_infill_acceleration = 0
; top_solid_infill_speed = 40
; top_solid_layers = 3
; top_solid_min_thickness = 0
; travel_acceleration = 0
; travel_lift_before_obstacle = 0
; travel_max_lift = 0
; travel_ramping_lift = 0
; travel_short_distance_acceleration = 0
; travel_slope = 0
; travel_speed = 130
; travel_speed_z = 0
; use_firmware_retraction = 0
; use_relative_e_distances = 0
; use_volumetric_e = 0
; variable_layer_height = 1
; wall_distribution_count = 1
; wall_transition_angle = 10
; wall_transition_filter_deviation = 25%
; wall_transition_length = 100%
; wipe = 0
; wipe_into_infill = 0
; wipe_into_objects = 0
; wipe_tower = 0
; wipe_tower_acceleration = 0
; wipe_tower_bridging = 10
; wipe_tower_brim_width = 2
; wipe_tower_cone_angle = 0
; wipe_tower_extra_flow = 100%
; wipe_tower_extra_spacing = 100%
; wipe_tower_extruder = 0
; wipe_tower_no_sparse_layers = 0
; wipe_tower_width = 60
; wiping_volumes_matrix = 0
; wiping_volumes_use_custom_matrix = 0
; xy_size_compensation = 0
; z_offset = 0
; prusaslicer_config = end
