; generated by PrusaSlicer 2.9.3 on 2026-03-15 at 08:31:11 UTC

; 

; external perimeters extrusion width = 0.45mm
; perimeters extrusion width = 0.45mm
; infill extrusion width = 0.45mm
; solid infill extrusion width = 0.45mm
; top infill extrusion width = 0.40mm
; support material extrusion width = 0.35mm
; first layer extrusion width = 0.42mm

M190 S67 ; set bed temperature and wait for it to be reached
M104 S220 ; set temperature
;TYPE:Custom
G28 ; home all axes
G1 Z5 F5000 ; lift nozzle
M109 S220 ; set temperature and wait for it to be reached
G21 ; set units to millimeters
G90 ; use absolute coordinates
M82 ; use absolute distances for extrusion
G92 E0
; Filament gcode
M107
;LAYER_CHANGE
;Z:0.35
;HEIGHT:0.35
G1 E-2 F2400
G92 E0
G1 Z.35 F7800
G92 E0
G1 X90.718 Y86.496
G1 E2 F2400
;TYPE:Support material
;WIDTH:0.42
G1 F1800
G1 X93.504 Y86.496 E2.13982
G1 X93.504 Y89.282 E2.27964
G1 X96.29 Y89.282 E2.41946
G1 X96.29 Y100.718 E2.99339
G1 X93.504 Y100.718 E3.13321
G1 X93.504 Y103.504 E3.27303
G1 X90.718 Y103.504 E3.41285
G1 X90.718 Y105.995 E3.53786
G1 X91.815 Y105.995 E3.59291
G1 X91.815 Y106.705 E3.62854
G1 X91.201 Y107.064 E3.66423
G1 X89.705 Y107.732 E3.74645
G1 X89.565 Y107.948 E3.75937
G1 X89.565 Y110.428 E3.88383
G1 X89.943 Y110.687 E3.90683
G1 X91.734 Y109.992 E4.00324
G1 X93.504 Y109.05 E4.10387
G1 X93.504 Y114.646 E4.38471
G1 X76.496 Y114.646 E5.23827
G1 X76.496 Y109.055 E5.51886
G1 X78.228 Y109.975 E5.61728
G1 X80.056 Y110.687 E5.71573
G1 X80.435 Y110.428 E5.73877
G1 X80.435 Y107.948 E5.86323
G1 X80.295 Y107.733 E5.87611
G1 X78.741 Y107.034 E5.96163
G1 X78.185 Y106.703 E5.9941
G1 X78.185 Y105.995 E6.02963
G1 X79.282 Y105.995 E6.08468
G1 X79.282 Y103.504 E6.20969
G1 X76.496 Y103.504 E6.34951
G1 X76.496 Y100.718 E6.48933
G1 X73.71 Y100.718 E6.62915
G1 X73.71 Y89.282 E7.20308
G1 X76.496 Y89.282 E7.3429
G1 X76.496 Y86.496 E7.48272
G1 X79.282 Y86.496 E7.62254
G1 X79.282 Y83.71 E7.76236
G1 X90.718 Y83.71 E8.33629
G1 X90.718 Y86.444 E8.4735
G1 X95.73 Y100.563 F7800
G1 F1800
G1 X95.73 Y89.592 E9.02409
G1 X95.347 Y89.592 E9.04331
G1 X95.347 Y100.408 E9.58612
G1 X94.963 Y100.408 E9.60539
G1 X94.963 Y89.592 E10.1482
G1 X94.58 Y89.592 E10.16742
G1 X94.58 Y100.408 E10.71023
G1 X94.197 Y100.408 E10.72945
G1 X94.197 Y89.592 E11.27226
G1 X93.814 Y89.592 E11.29148
G1 X93.814 Y100.408 E11.83429
G1 X93.431 Y100.408 E11.85351
G1 X93.431 Y89.592 E12.39632
G1 X93.194 Y89.592 E12.40821
G1 X93.194 Y86.806 E12.54803
G1 X93.047 Y86.806 E12.55541
G1 X93.047 Y103.194 E13.37786
G1 X92.664 Y103.194 E13.39708
G1 X92.664 Y86.806 E14.21953
G1 X92.281 Y86.806 E14.23875
G1 X92.281 Y103.194 E15.0612
G1 X91.898 Y103.194 E15.08042
G1 X91.898 Y86.806 E15.90287
G1 X91.515 Y86.806 E15.92209
G1 X91.515 Y103.194 E16.74454
G1 X91.131 Y103.194 E16.76381
G1 X91.131 Y86.806 E17.58626
G1 X90.748 Y86.806 E17.60548
G1 X90.748 Y103.194 E18.42793
G1 X90.408 Y103.194 E18.44499
G1 X90.408 Y106.306 E18.60117
G1 X90.748 Y106.306 E18.61823
G1 X90.748 Y106.926 E18.64935
G1 X90.365 Y107.097 E18.6704
G1 X90.365 Y84.021 E19.82849
G1 X89.982 Y84.021 E19.84771
G1 X89.982 Y107.269 E21.01443
G1 X89.599 Y107.44 E21.03548
G1 X89.599 Y84.021 E22.21078
G1 X89.215 Y84.021 E22.23005
G1 X89.215 Y114.336 E23.75144
G1 X89.599 Y114.336 E23.77071
G1 X89.599 Y110.827 E23.94681
G1 X89.903 Y111.036 E23.96532
G1 X89.982 Y111.005 E23.96958
G1 X89.982 Y114.336 E24.13675
G1 X90.365 Y114.336 E24.15597
G1 X90.365 Y110.857 E24.33057
G1 X90.748 Y110.708 E24.35119
G1 X90.748 Y114.336 E24.53326
G1 X91.131 Y114.336 E24.55248
G1 X91.131 Y110.559 E24.74203
G1 X91.515 Y110.411 E24.76268
G1 X91.515 Y114.336 E24.95966
G1 X91.898 Y114.336 E24.97888
G1 X91.898 Y110.257 E25.18359
G1 X92.281 Y110.061 E25.20518
G1 X92.281 Y114.336 E25.41972
G1 X92.664 Y114.336 E25.43894
G1 X92.664 Y109.865 E25.66332
G1 X93.047 Y109.668 E25.68493
G1 X93.047 Y114.491 E25.92698
G1 E23.92698 F2400
G92 E0
G1 X91.131 Y106.925 F7800
G1 E2 F2400
G1 F1800
G1 X91.131 Y106.151 E2.03884
G1 E.03884 F2400
G92 E0
G1 X88.832 Y114.491 F7800
G1 E2 F2400
G1 F1800
G1 X88.832 Y84.021 E3.52916
G1 X88.449 Y84.021 E3.54838
G1 X88.449 Y114.336 E5.06977
G1 X88.066 Y114.336 E5.08899
G1 X88.066 Y84.021 E6.61038
G1 X87.682 Y84.021 E6.62965
G1 X87.682 Y114.336 E8.15104
G1 X87.299 Y114.336 E8.17026
G1 X87.299 Y84.021 E9.69165
G1 X86.916 Y84.021 E9.71087
G1 X86.916 Y114.336 E11.23226
G1 X86.533 Y114.336 E11.25148
G1 X86.533 Y84.021 E12.77287
G1 X86.15 Y84.021 E12.79209
G1 X86.15 Y114.336 E14.31348
G1 X85.766 Y114.336 E14.33275
G1 X85.766 Y84.021 E15.85414
G1 X85.383 Y84.021 E15.87336
G1 X85.383 Y114.336 E17.39475
G1 X85 Y114.336 E17.41397
G1 X85 Y84.021 E18.93536
G1 X84.617 Y84.021 E18.95458
G1 X84.617 Y114.336 E20.47597
G1 X84.234 Y114.336 E20.49519
G1 X84.234 Y84.021 E22.01658
G1 X83.85 Y84.021 E22.03585
G1 X83.85 Y114.336 E23.55724
G1 X83.467 Y114.336 E23.57646
G1 X83.467 Y84.021 E25.09785
G1 X83.084 Y84.021 E25.11707
G1 X83.084 Y114.336 E26.63846
G1 X82.701 Y114.336 E26.65768
G1 X82.701 Y84.021 E28.17907
G1 X82.318 Y84.021 E28.19829
G1 X82.318 Y114.336 E29.71968
G1 X81.934 Y114.336 E29.73895
G1 X81.934 Y84.021 E31.26034
G1 X81.551 Y84.021 E31.27956
G1 X81.551 Y114.336 E32.80095
G1 X81.168 Y114.336 E32.82017
G1 X81.168 Y84.021 E34.34156
G1 X80.785 Y84.021 E34.36078
G1 X80.785 Y114.336 E35.88217
G1 X80.401 Y114.336 E35.90144
G1 X80.401 Y110.827 E36.07754
G1 X80.096 Y111.036 E36.0961
G1 X80.018 Y111.006 E36.10029
G1 X80.018 Y114.336 E36.26741
G1 X79.635 Y114.336 E36.28663
G1 X79.635 Y110.856 E36.46128
G1 X79.252 Y110.707 E36.4819
G1 X79.252 Y114.336 E36.66402
G1 X78.869 Y114.336 E36.68324
G1 X78.869 Y110.558 E36.87284
G1 X78.485 Y110.409 E36.89351
G1 X78.485 Y114.336 E37.09059
G1 X78.102 Y114.336 E37.10981
G1 X78.102 Y110.259 E37.31442
G1 X77.719 Y110.062 E37.33603
G1 X77.719 Y114.336 E37.55052
G1 X77.336 Y114.336 E37.56974
G1 X77.336 Y109.864 E37.79417
G1 X76.953 Y109.665 E37.81583
G1 X76.953 Y114.491 E38.05803
G1 E36.05803 F2400
G92 E0
G1 X80.401 Y107.611 F7800
G1 E2 F2400
G1 F1800
G1 X80.401 Y84.021 E3.18389
G1 X80.018 Y84.021 E3.20311
G1 X80.018 Y107.268 E4.36978
G1 X79.635 Y107.095 E4.39087
G1 X79.635 Y84.021 E5.54886
G1 X79.592 Y86.806 E5.68864
G1 X79.252 Y86.806 E5.7057
G1 X79.252 Y103.194 E6.52815
G1 X78.869 Y103.194 E6.54737
G1 X78.869 Y86.806 E7.36982
G1 X78.485 Y86.806 E7.38909
G1 X78.485 Y103.194 E8.21154
G1 X78.102 Y103.194 E8.23076
G1 X78.102 Y86.806 E9.05321
G1 X77.719 Y86.806 E9.07243
G1 X77.719 Y103.194 E9.89488
G1 X77.336 Y103.194 E9.9141
G1 X77.336 Y86.806 E10.73655
G1 X76.953 Y86.806 E10.75577
G1 X76.953 Y103.194 E11.57822
G1 X76.806 Y103.194 E11.5856
G1 X76.806 Y100.408 E11.72542
G1 X76.569 Y100.408 E11.73731
G1 X76.569 Y89.592 E12.28012
G1 X76.186 Y89.592 E12.29934
G1 X76.186 Y100.408 E12.84215
G1 X75.803 Y100.408 E12.86137
G1 X75.803 Y89.592 E13.40418
G1 X75.42 Y89.592 E13.4234
G1 X75.42 Y100.408 E13.96621
G1 X75.037 Y100.408 E13.98543
G1 X75.037 Y89.592 E14.52824
G1 X74.653 Y89.592 E14.54751
G1 X74.653 Y100.408 E15.09032
G1 X74.27 Y100.408 E15.10954
G1 X74.27 Y89.437 E15.66013
G1 E13.66013 F2400
G92 E0
G1 X79.252 Y107.093 F7800
G1 E2 F2400
G1 F1800
G1 X79.252 Y106.306 E2.0395
G1 X78.869 Y106.306 E2.05872
G1 X78.869 Y106.921 E2.08958
G1 X78.994 Y108.728 F7800
;TYPE:Perimeter
;WIDTH:0.632687
G1 F1800
G1 X78.132 Y108.322 E2.16689
;WIDTH:0.641417
G1 X77.409 Y107.923 E2.23494
G1 X76.658 Y107.449 E2.30812
;WIDTH:0.638559
G1 X75.997 Y106.981 E2.37452
G1 X75.29 Y106.417 E2.44867
;WIDTH:0.639355
G1 X74.809 Y105.991 E2.50142
G1 X74.049 Y105.235 E2.58943
;WIDTH:0.636591
G1 X73.704 Y104.855 E2.63136
G1 X72.951 Y103.919 E2.72951
;WIDTH:0.633177
G1 X72.715 Y103.594 E2.76213
G1 X72.011 Y102.486 E2.86873
;WIDTH:0.628697
G1 X71.868 Y102.236 E2.89193
G1 X71.242 Y100.954 E3.00685
;WIDTH:0.625111
G1 X71.134 Y100.704 E3.02865
G1 X70.645 Y99.341 E3.14454
;WIDTH:0.618003
G1 X70.615 Y99.241 E3.15279
;WIDTH:0.622447
G1 X70.227 Y97.571 E3.28934
;WIDTH:0.627581
G1 X70.048 Y96.133 E3.40584
G1 X70.033 Y95.868 E3.42718
;WIDTH:0.631833
G1 X70.015 Y94.533 E3.53534
G1 X70.034 Y94.154 E3.56608
;WIDTH:0.631125
G1 X70.165 Y92.842 E3.67276
G1 X70.228 Y92.451 E3.7048
;WIDTH:0.637995
G1 X70.459 Y91.362 E3.79598
G1 X70.606 Y90.819 E3.84206
;WIDTH:0.599529
G1 X70.617 Y90.783 E3.84493
;WIDTH:0.639669
G1 X70.932 Y89.83 E3.92739
G1 X71.151 Y89.269 E3.97686
;WIDTH:0.640577
G1 X71.565 Y88.358 E4.0592
G1 X71.896 Y87.726 E4.1179
G1 X72.35 Y86.963 E4.19096
G1 X72.813 Y86.278 E4.25899
;WIDTH:0.640875
G1 X73.339 Y85.585 E4.33061
G1 X73.887 Y84.943 E4.4001
;WIDTH:0.640305
G1 X74.37 Y84.434 E4.45781
G1 X75.107 Y83.74 E4.54107
;WIDTH:0.637293
G1 X75.544 Y83.369 E4.58796
G1 X76.457 Y82.683 E4.68138
;WIDTH:0.634191
G1 X76.84 Y82.425 E4.71895
G1 X77.918 Y81.788 E4.82082
;WIDTH:0.630129
G1 X78.227 Y81.625 E4.84903
G1 X79.473 Y81.066 E4.95932
;WIDTH:0.629507
G1 X79.781 Y80.945 E4.98602
G1 X81.099 Y80.523 E5.09766
;WIDTH:0.624939
G1 X81.309 Y80.466 E5.11507
G1 X82.783 Y80.169 E5.23537
;WIDTH:0.619501
G1 X82.884 Y80.152 E5.24348
;WIDTH:0.620097
G1 X84.593 Y80.01 E5.37948
;WIDTH:0.628089
G1 X85.988 Y80.04 E5.49176
G1 X86.306 Y80.067 E5.51744
;WIDTH:0.630353
G1 X87.673 Y80.247 E5.62884
G1 X88.002 Y80.312 E5.65594
;WIDTH:0.634483
G1 X89.23 Y80.618 E5.75895
G1 X89.659 Y80.753 E5.79556
;WIDTH:0.637591
G1 X90.741 Y81.153 E5.88998
G1 X91.222 Y81.363 E5.93294
;WIDTH:0.600723
G1 X91.254 Y81.378 E5.93564
;WIDTH:0.639855
G1 X92.185 Y81.846 E6.02127
G1 X92.675 Y82.125 E6.06761
;WIDTH:0.641271
G1 X93.548 Y82.689 E6.15323
G1 X94.094 Y83.086 E6.20885
;WIDTH:0.641859
G1 X94.814 Y83.672 E6.28541
G1 X95.395 Y84.202 E6.35027
;WIDTH:0.641353
G1 X95.954 Y84.771 E6.41599
G1 X96.559 Y85.46 E6.49154
;WIDTH:0.640449
G1 X97.007 Y86.029 E6.55112
G1 X97.573 Y86.841 E6.63254
;WIDTH:0.638731
G1 X97.897 Y87.361 E6.68279
G1 X98.423 Y88.329 E6.77314
;WIDTH:0.636151
G1 X98.64 Y88.781 E6.81407
G1 X99.098 Y89.904 E6.91308
;WIDTH:0.632729
G1 X99.227 Y90.272 E6.94472
G1 X99.589 Y91.546 E7.05219
;WIDTH:0.628457
G1 X99.653 Y91.817 E7.07461
G1 X99.892 Y93.244 E7.19111
;WIDTH:0.623341
G1 X99.997 Y94.949 E7.32738
;WIDTH:0.617717
G1 X99.997 Y95.053 E7.33559
;WIDTH:0.621687
G1 X99.9 Y96.692 E7.46617
;WIDTH:0.625383
G1 X99.624 Y98.312 E7.59776
;WIDTH:0.628623
G1 X99.267 Y99.615 E7.70658
G1 X99.172 Y99.89 E7.73001
;WIDTH:0.623951
G1 X98.668 Y101.163 E7.83935
G1 X98.552 Y101.411 E7.86122
;WIDTH:0.633981
G1 X97.997 Y102.472 E7.9586
G1 X97.768 Y102.854 E7.99482
;WIDTH:0.636001
G1 X97.148 Y103.784 E8.08604
G1 X96.832 Y104.203 E8.12887
;WIDTH:0.637605
G1 X96.166 Y105.001 E8.21395
G1 X95.78 Y105.416 E8.26034
;WIDTH:0.638509
G1 X95.049 Y106.123 E8.34371
G1 X94.628 Y106.489 E8.38944
;WIDTH:0.639443
G1 X93.835 Y107.108 E8.47205
G1 X93.313 Y107.472 E8.52431
;WIDTH:0.639953
G1 X92.526 Y107.962 E8.60051
G1 X91.899 Y108.307 E8.65933
;WIDTH:0.635861
G1 X91.002 Y108.727 E8.74015
G1 E6.74015 F2400
G92 E0
G1 X79.445 Y108.436 F7800
G1 E2 F2400
;WIDTH:0.42
G1 F1800
G1 X79.445 Y109.387 E2.04773
G1 X78.642 Y109.075 E2.09096
G1 X77.177 Y108.316 E2.17376
G1 X75.725 Y107.345 E2.26142
G1 X74.5 Y106.325 E2.34142
G1 X73.362 Y105.153 E2.4234
G1 X72.345 Y103.853 E2.50623
G1 X71.473 Y102.453 E2.589
G1 X70.721 Y100.876 E2.67668
G1 X70.199 Y99.41 E2.75478
G1 X69.813 Y97.805 E2.83762
G1 X69.6 Y96.167 E2.92052
G1 X69.564 Y94.518 E3.0033
G1 X69.718 Y92.778 E3.09096
G1 X70.018 Y91.252 E3.16901
G1 X70.504 Y89.673 E3.25192
G1 X71.156 Y88.156 E3.33479
G1 X71.965 Y86.718 E3.41759
G1 X72.983 Y85.3 E3.50519
G1 X74.047 Y84.112 E3.58523
G1 X75.258 Y83.017 E3.66717
G1 X76.593 Y82.045 E3.75005
G1 X78.024 Y81.222 E3.8329
G1 X79.623 Y80.523 E3.92048
G1 X81.198 Y80.032 E4.00327
G1 X82.818 Y79.711 E4.08615
G1 X84.463 Y79.566 E4.16903
G1 X86.019 Y79.591 E4.24713
G1 X87.752 Y79.803 E4.33475
G1 X89.358 Y80.184 E4.41759
G1 X90.915 Y80.733 E4.50044
G1 X92.404 Y81.446 E4.58329
G1 X93.808 Y82.314 E4.66613
G1 X95.112 Y83.327 E4.749
G1 X96.288 Y84.46 E4.83095
G1 X97.372 Y85.756 E4.91574
G1 X98.288 Y87.129 E4.99857
G1 X99.052 Y88.592 E5.0814
G1 X99.656 Y90.129 E5.16428
G1 X100.092 Y91.721 E5.24712
G1 X100.356 Y93.351 E5.32999
G1 X100.443 Y95.024 E5.41406
G1 X100.36 Y96.609 E5.49371
G1 X100.109 Y98.2 E5.57454
G1 X99.694 Y99.755 E5.65531
G1 X99.076 Y101.345 E5.74092
G1 X98.39 Y102.697 E5.81701
G1 X97.515 Y104.05 E5.89787
G1 X96.504 Y105.304 E5.97871
G1 X95.354 Y106.46 E6.06054
G1 X94.104 Y107.476 E6.14138
G1 X92.755 Y108.356 E6.22221
G1 X91.406 Y109.049 E6.29832
G1 X90.555 Y109.384 E6.34422
G1 X90.555 Y108.437 E6.39175
G1 X91.679 Y107.931 E6.45361
G1 X93.053 Y107.123 E6.5336
G1 X94.331 Y106.17 E6.61361
G1 X95.497 Y105.082 E6.69365
G1 X96.502 Y103.918 E6.77083
G1 X97.438 Y102.558 E6.85369
G1 X98.166 Y101.204 E6.93084
G1 X98.765 Y99.726 E7.01087
G1 X99.2 Y98.192 E7.09089
G1 X99.464 Y96.62 E7.17089
G1 X99.554 Y94.972 E7.25372
G1 X99.466 Y93.425 E7.33148
G1 X99.168 Y91.67 E7.42082
G1 X98.695 Y90.075 E7.50431
G1 X98.044 Y88.544 E7.5878
G1 X97.221 Y87.097 E7.67134
G1 X96.239 Y85.753 E7.75488
G1 X95.11 Y84.531 E7.83837
G1 X93.849 Y83.445 E7.92189
G1 X92.472 Y82.511 E8.00539
G1 X91.052 Y81.764 E8.08591
G1 X89.501 Y81.159 E8.16946
G1 X87.892 Y80.736 E8.25295
G1 X86.245 Y80.499 E8.33646
G1 X84.581 Y80.452 E8.42
G1 X82.923 Y80.595 E8.50352
G1 X81.399 Y80.904 E8.58156
G1 X81.236 Y80.941 E8.58995
G1 X79.655 Y81.463 E8.67351
G1 X78.145 Y82.161 E8.757
G1 X76.724 Y83.028 E8.84054
G1 X75.412 Y84.051 E8.92403
G1 X74.225 Y85.217 E9.00753
G1 X73.178 Y86.511 E9.09107
G1 X72.286 Y87.916 E9.17459
G1 X71.974 Y88.558 E9.21041
G1 X71.561 Y89.413 E9.25806
G1 X71.027 Y90.927 E9.33863
G1 X70.654 Y92.549 E9.42216
G1 X70.468 Y94.202 E9.50564
G1 X70.475 Y95.925 E9.59211
G1 X70.676 Y97.577 E9.67563
G1 X71.047 Y99.139 E9.7562
G1 X71.555 Y100.552 E9.83156
G1 X71.634 Y100.759 E9.84268
G1 X72.379 Y102.247 E9.92619
G1 X73.288 Y103.64 E10.00967
G1 X74.351 Y104.921 E10.09321
G1 X75.553 Y106.072 E10.17673
G1 X76.879 Y107.078 E10.26026
G1 X78.311 Y107.926 E10.34378
G1 X79.39 Y108.411 E10.40315
G1 X79.79 Y108.213 F7800
;TYPE:External perimeter
G1 F1800
G1 X79.79 Y109.892 E10.48741
G1 X78.5 Y109.389 E10.5569
G1 X77.001 Y108.614 E10.64159
G1 X75.518 Y107.622 E10.73113
G1 X74.265 Y106.579 E10.81295
G1 X73.102 Y105.38 E10.89678
G1 X72.062 Y104.051 E10.98147
G1 X71.17 Y102.618 E11.06618
G1 X70.402 Y101.009 E11.15566
G1 X69.868 Y99.509 E11.23557
G1 X69.473 Y97.867 E11.32033
G1 X69.256 Y96.193 E11.40504
G1 X69.219 Y94.506 E11.48972
G1 X69.376 Y92.729 E11.57925
G1 X69.683 Y91.167 E11.65914
G1 X70.18 Y89.554 E11.74385
G1 X70.846 Y88.003 E11.82856
G1 X71.674 Y86.533 E11.91323
G1 X72.714 Y85.083 E12.00278
G1 X73.802 Y83.868 E12.08463
G1 X75.04 Y82.749 E12.16838
G1 X76.405 Y81.755 E12.25312
G1 X77.868 Y80.914 E12.33781
G1 X79.502 Y80.199 E12.42732
G1 X81.113 Y79.697 E12.512
G1 X82.769 Y79.369 E12.59672
G1 X84.451 Y79.22 E12.68146
G1 X86.042 Y79.247 E12.76132
G1 X87.813 Y79.463 E12.85086
G1 X89.455 Y79.852 E12.93555
G1 X91.047 Y80.414 E13.02028
G1 X92.569 Y81.143 E13.10497
G1 X94.005 Y82.03 E13.18968
G1 X95.339 Y83.066 E13.27445
G1 X96.541 Y84.224 E13.35821
G1 X97.648 Y85.549 E13.44486
G1 X98.585 Y86.953 E13.52957
G1 X99.367 Y88.449 E13.61429
G1 X99.984 Y90.02 E13.69899
G1 X100.43 Y91.648 E13.7837
G1 X100.699 Y93.314 E13.86839
G1 X100.788 Y95.042 E13.95523
G1 X100.704 Y96.645 E14.03579
G1 X100.447 Y98.271 E14.11841
G1 X100.023 Y99.862 E14.20104
G1 X99.391 Y101.486 E14.2885
G1 X98.689 Y102.869 E14.36634
G1 X97.795 Y104.252 E14.44899
G1 X96.762 Y105.535 E14.53165
G1 X95.585 Y106.716 E14.61533
G1 X94.307 Y107.755 E14.69799
G1 X92.928 Y108.655 E14.78063
G1 X91.548 Y109.364 E14.85849
G1 X90.21 Y109.89 E14.93064
G1 X90.21 Y108.213 E15.0148
G1 X91.505 Y107.634 E15.08599
G1 X92.847 Y106.846 E15.16409
G1 X94.096 Y105.917 E15.24221
G1 X95.236 Y104.856 E15.32037
G1 X96.252 Y103.678 E15.39844
G1 X97.134 Y102.395 E15.47658
G1 X97.862 Y101.04 E15.55378
G1 X98.446 Y99.597 E15.6319
G1 X98.872 Y98.081 E15.71093
G1 X99.126 Y96.545 E15.78906
G1 X99.21 Y94.991 E15.86716
G1 X99.121 Y93.444 E15.94493
G1 X98.838 Y91.771 E16.03008
G1 X98.378 Y90.209 E16.1118
G1 X97.743 Y88.713 E16.19336
G1 X96.943 Y87.3 E16.27485
G1 X95.986 Y85.987 E16.35639
G1 X94.885 Y84.792 E16.43794
G1 X93.655 Y83.73 E16.51949
G1 X92.312 Y82.816 E16.60102
G1 X90.891 Y82.069 E16.68159
G1 X89.377 Y81.481 E16.7631
G1 X87.805 Y81.07 E16.84464
G1 X86.196 Y80.841 E16.9262
G1 X84.572 Y80.797 E17.00773
G1 X82.935 Y80.941 E17.0902
G1 X81.468 Y81.242 E17.16536
G1 X81.345 Y81.268 E17.17167
G1 X79.802 Y81.775 E17.25318
G1 X78.324 Y82.456 E17.33485
G1 X76.936 Y83.3 E17.41638
G1 X75.653 Y84.297 E17.49792
G1 X74.492 Y85.434 E17.57947
G1 X73.469 Y86.696 E17.661
G1 X72.596 Y88.067 E17.74257
G1 X72.284 Y88.709 E17.77839
G1 X71.886 Y89.528 E17.82409
G1 X71.353 Y91.042 E17.90464
G1 X70.99 Y92.625 E17.98615
G1 X70.81 Y94.26 E18.0687
G1 X70.818 Y95.885 E18.15025
G1 X71.011 Y97.498 E18.23178
G1 X71.388 Y99.077 E18.31325
G1 X71.941 Y100.603 E18.39471
G1 X72.668 Y102.059 E18.47638
G1 X73.554 Y103.421 E18.55792
G1 X74.32 Y104.347 E18.61823
G1 X74.59 Y104.672 E18.63943
G1 X75.762 Y105.797 E18.72096
G1 X77.055 Y106.781 E18.8025
G1 X78.452 Y107.611 E18.88405
G1 X79.735 Y108.188 E18.95465
G1 X79.786 Y108.585 F7800
M106 S226.95
;LAYER_CHANGE
;Z:0.6
;HEIGHT:0.25
G1 E16.95465 F2400
G92 E0
G1 Z.6 F7800
G1 X89.6 Y110.41
G1 E2 F2400
;TYPE:Support material
;WIDTH:0.35
G1 F1900
G1 X89.948 Y110.648 E2.01299
G1 X90.539 Y110.419 E2.03251
G1 X90.539 Y111.682 E2.07141
G1 X79.461 Y111.682 E2.41263
G1 X79.461 Y110.418 E2.45156
G1 X80.052 Y110.648 E2.47109
G1 X80.4 Y110.41 E2.48408
G1 X80.4 Y108.96 E2.52874
G1 X89.6 Y108.96 E2.81212
G1 X89.6 Y110.365 E2.8554
G1 E.8554 F2400
G92 E0
G1 X87.621 Y100.571 F7800
G1 E2 F2400
G1 F1900
G1 X82.379 Y100.571 E2.16146
G1 X82.182 Y92.182 F7800
G1 F1900
G1 X87.818 Y92.182 E2.33506
G1 X87.818 Y97.818 E2.50866
G1 X82.182 Y97.818 E2.68226
G1 X82.182 Y92.227 E2.85447
G1 X87.621 Y89.429 F7800
G1 F1900
G1 X82.508 Y89.429 E3.01196
G1 X82.508 Y89.722 E3.02098
G1 X79.722 Y89.722 E3.10679
G1 X79.722 Y92.214 E3.18355
G1 X81.921 Y92.214 E3.25128
G1 X81.921 Y95 E3.33709
G1 X76.937 Y95 E3.49061
G1 X76.937 Y97.492 E3.56737
G1 X79.722 Y97.492 E3.65315
G1 X79.722 Y97.786 E3.66221
G1 X81.921 Y97.786 E3.72994
G1 X81.921 Y98.079 E3.73896
G1 X88.079 Y98.079 E3.92864
G1 X88.079 Y97.786 E3.93766
G1 X90.278 Y97.786 E4.00539
G1 X90.278 Y97.492 E4.01445
G1 X93.063 Y97.492 E4.10023
G1 X93.063 Y95 E4.17699
G1 X88.079 Y95 E4.33051
G1 X88.079 Y92.214 E4.41632
G1 X90.406 Y92.214 E4.488
G1 X87.753 Y89.461 F7800
G1 F1900
G1 X90.539 Y89.461 E4.57381
G1 X90.539 Y92.247 E4.65962
G1 X93.325 Y92.247 E4.74543
G1 X93.325 Y97.753 E4.91503
G1 X90.539 Y97.753 E5.00084
G1 X90.539 Y100.539 E5.08665
G1 X87.753 Y100.539 E5.17246
G1 X87.753 Y103.325 E5.25827
G1 X82.247 Y103.325 E5.42787
G1 X82.247 Y100.539 E5.51368
G1 X79.461 Y100.539 E5.59949
G1 X79.461 Y97.753 E5.6853
G1 X76.675 Y97.753 E5.77111
G1 X76.675 Y92.247 E5.94071
G1 X79.461 Y92.247 E6.02652
G1 X79.461 Y89.461 E6.11233
G1 X82.247 Y89.461 E6.19814
G1 X82.247 Y86.675 E6.28395
G1 X87.753 Y86.675 E6.45355
G1 X87.753 Y89.416 E6.53798
;LAYER_CHANGE
;Z:0.65
;HEIGHT:0.05
G1 E4.53798 F2400
G92 E0
G1 Z.65 F7800
G1 X78.993 Y108.728
G1 E2 F2400
;TYPE:Perimeter
;WIDTH:0.470653
;HEIGHT:0.3
G1 F1900
G1 X78.133 Y108.322 E2.04819
;WIDTH:0.478307
G1 X77.429 Y107.935 E2.08967
G1 X76.657 Y107.451 E2.13671
;WIDTH:0.477459
G1 X76.089 Y107.052 E2.17247
G1 X75.29 Y106.418 E2.22502
;WIDTH:0.476771
G1 X74.788 Y105.971 E2.25959
G1 X74.049 Y105.236 E2.3132
;WIDTH:0.473425
G1 X73.711 Y104.863 E2.33888
G1 X72.951 Y103.919 E2.40071
;WIDTH:0.469663
G1 X72.724 Y103.607 E2.42021
G1 X72.011 Y102.487 E2.48732
;WIDTH:0.464959
G1 X71.877 Y102.254 E2.50075
G1 X71.234 Y100.947 E2.57353
;WIDTH:0.459317
G1 X70.646 Y99.345 E2.65759
;WIDTH:0.455313
G1 X70.616 Y99.241 E2.66287
;WIDTH:0.461133
G1 X70.228 Y97.571 E2.74771
;WIDTH:0.466075
G1 X70.053 Y96.181 E2.8179
G1 X70.034 Y95.868 E2.83361
;WIDTH:0.470049
G1 X70.015 Y94.585 E2.89853
G1 X70.034 Y94.154 E2.92036
;WIDTH:0.473541
G1 X70.147 Y92.978 E2.98065
G1 X70.221 Y92.479 E3.00639
;WIDTH:0.443611
G1 X70.227 Y92.451 E3.00774
;WIDTH:0.475333
G1 X70.444 Y91.43 E3.06124
G1 X70.587 Y90.887 E3.09002
;WIDTH:0.476197
G1 X70.908 Y89.899 E3.14338
G1 X71.152 Y89.269 E3.17808
;WIDTH:0.476319
G1 X71.53 Y88.43 E3.22536
G1 X71.897 Y87.726 E3.26615
;WIDTH:0.476881
G1 X72.317 Y87.015 E3.30864
G1 X72.812 Y86.278 E3.35432
;WIDTH:0.476727
G1 X73.387 Y85.526 E3.40301
G1 X73.886 Y84.942 E3.44252
G1 X74.347 Y84.456 E3.47697
G1 X75.107 Y83.739 E3.53071
;WIDTH:0.471455
G1 X75.49 Y83.413 E3.55625
G1 X76.457 Y82.683 E3.61777
;WIDTH:0.467361
G1 X76.776 Y82.466 E3.63716
G1 X77.918 Y81.787 E3.70394
;WIDTH:0.471583
G1 X78.366 Y81.558 E3.72949
G1 X79.473 Y81.067 E3.791
;WIDTH:0.467899
G1 X79.854 Y80.92 E3.81155
G1 X81.099 Y80.525 E3.87729
;WIDTH:0.463881
G1 X81.38 Y80.45 E3.89178
G1 X82.787 Y80.17 E3.96326
;WIDTH:0.458901
G1 X84.487 Y80.012 E4.04727
;WIDTH:0.453781
G1 X84.593 Y80.009 E4.05242
;WIDTH:0.466573
G1 X85.901 Y80.037 E4.11805
G1 X86.307 Y80.063 E4.13846
;WIDTH:0.465175
G1 X87.718 Y80.255 E4.20964
G1 X88.003 Y80.312 E4.22417
;WIDTH:0.469833
G1 X89.269 Y80.629 E4.29017
G1 X89.659 Y80.752 E4.31085
;WIDTH:0.473535
G1 X90.773 Y81.166 E4.3715
G1 X91.255 Y81.378 E4.39837
;WIDTH:0.476271
G1 X92.21 Y81.859 E4.4533
G1 X92.675 Y82.125 E4.48082
;WIDTH:0.478043
G1 X93.566 Y82.701 E4.53556
G1 X94.094 Y83.086 E4.56927
;WIDTH:0.478893
G1 X94.826 Y83.682 E4.61807
G1 X95.395 Y84.202 E4.65792
;WIDTH:0.478071
G1 X95.937 Y84.752 E4.69776
G1 X96.558 Y85.46 E4.74635
;WIDTH:0.477549
G1 X97.03 Y86.061 E4.78573
G1 X97.573 Y86.841 E4.83471
;WIDTH:0.476167
G1 X97.912 Y87.389 E4.86781
G1 X98.423 Y88.329 E4.92276
;WIDTH:0.473757
G1 X98.65 Y88.804 E4.94964
G1 X99.098 Y89.904 E5.01029
;WIDTH:0.470383
G1 X99.233 Y90.29 E5.031
G1 X99.589 Y91.546 E5.09711
;WIDTH:0.466041
G1 X99.655 Y91.83 E5.11172
G1 X99.89 Y93.234 E5.18303
;WIDTH:0.460739
G1 X99.997 Y94.949 E5.26798
;WIDTH:0.454805
G1 X99.997 Y95.053 E5.27304
;WIDTH:0.458865
G1 X99.9 Y96.693 E5.35387
;WIDTH:0.462629
G1 X99.624 Y98.312 E5.43545
;WIDTH:0.465953
G1 X99.267 Y99.612 E5.50297
G1 X99.172 Y99.891 E5.51773
;WIDTH:0.468845
G1 X98.709 Y101.071 E5.58168
G1 X98.551 Y101.411 E5.60059
;WIDTH:0.471295
G1 X98.002 Y102.463 E5.66081
G1 X97.768 Y102.854 E5.68394
;WIDTH:0.473311
G1 X97.154 Y103.775 E5.7404
G1 X96.853 Y104.177 E5.76601
;WIDTH:0.439041
G1 X96.831 Y104.203 E5.7676
;WIDTH:0.474857
G1 X96.175 Y104.99 E5.82005
G1 X95.826 Y105.366 E5.84631
;WIDTH:0.438371
G1 X95.753 Y105.441 E5.85119
;WIDTH:0.475137
G1 X95.033 Y106.137 E5.90249
G1 X94.628 Y106.489 E5.92998
;WIDTH:0.476257
G1 X93.82 Y107.119 E5.98261
G1 X93.313 Y107.472 E6.01435
;WIDTH:0.476883
G1 X92.511 Y107.971 E6.06295
G1 X91.899 Y108.306 E6.09885
;WIDTH:0.477091
G1 X91.007 Y108.73 E6.14969
G1 E4.14969 F2400
G92 E0
G1 X79.389 Y108.472 F7800
G1 E2 F2400
;WIDTH:0.45
G1 F1900
G1 X79.389 Y109.306 E2.04011
G1 X78.683 Y109.032 E2.07653
G1 X77.227 Y108.281 E2.15533
G1 X75.666 Y107.226 E2.24595
G1 X74.516 Y106.264 E2.31806
G1 X73.411 Y105.124 E2.39442
G1 X72.4 Y103.834 E2.47325
G1 X71.532 Y102.444 E2.55207
G1 X70.817 Y100.97 E2.63086
G1 X70.263 Y99.428 E2.70967
G1 X69.876 Y97.836 E2.78847
G1 X69.66 Y96.212 E2.86727
G1 X69.619 Y94.574 E2.94608
G1 X69.751 Y92.946 E3.02464
G1 X70.057 Y91.333 E3.1036
G1 X70.532 Y89.763 E3.18249
G1 X71.171 Y88.255 E3.26126
G1 X72.102 Y86.611 E3.35213
G1 X73.077 Y85.275 E3.43168
G1 X74.064 Y84.175 E3.50276
G1 X75.239 Y83.106 E3.57916
G1 X76.559 Y82.136 E3.65795
G1 X78.199 Y81.198 E3.74882
G1 X79.719 Y80.549 E3.82831
G1 X81.285 Y80.069 E3.90709
G1 X82.894 Y79.758 E3.98591
G1 X84.528 Y79.62 E4.06478
G1 X86.155 Y79.656 E4.14305
G1 X87.789 Y79.867 E4.22229
G1 X89.382 Y80.249 E4.30108
G1 X90.926 Y80.799 E4.37991
G1 X92.402 Y81.509 E4.45869
G1 X93.795 Y82.373 E4.53753
G1 X95.088 Y83.379 E4.61632
G1 X96.23 Y84.48 E4.69262
G1 X97.351 Y85.822 E4.77672
G1 X98.256 Y87.186 E4.85545
G1 X99.012 Y88.64 E4.93427
G1 X99.609 Y90.165 E5.01304
G1 X100.041 Y91.746 E5.09187
G1 X100.301 Y93.364 E5.17069
G1 X100.387 Y95.021 E5.25049
G1 X100.305 Y96.601 E5.32658
G1 X100.055 Y98.184 E5.40366
G1 X99.642 Y99.733 E5.48076
G1 X99.071 Y101.231 E5.55787
G1 X98.346 Y102.661 E5.63498
G1 X97.477 Y104.008 E5.71208
G1 X96.472 Y105.256 E5.78915
G1 X95.3 Y106.433 E5.86904
G1 X94.055 Y107.442 E5.94612
G1 X92.712 Y108.317 E6.02321
G1 X91.285 Y109.047 E6.1003
G1 X90.611 Y109.308 E6.13506
G1 X90.611 Y108.473 E6.17522
G1 X91.707 Y107.979 E6.23304
G1 X93.087 Y107.168 E6.31003
G1 X94.369 Y106.21 E6.387
G1 X95.495 Y105.164 E6.46092
G1 X96.544 Y103.955 E6.53791
G1 X97.487 Y102.584 E6.61794
G1 X98.242 Y101.173 E6.69491
G1 X98.817 Y99.748 E6.76882
G1 X99.253 Y98.208 E6.8458
G1 X99.519 Y96.63 E6.92277
G1 X99.61 Y95.032 E6.99975
G1 X99.522 Y93.428 E7.07701
G1 X99.221 Y91.654 E7.16355
G1 X98.747 Y90.053 E7.24386
G1 X98.092 Y88.516 E7.32422
G1 X97.266 Y87.064 E7.40457
G1 X96.28 Y85.715 E7.48494
G1 X95.147 Y84.489 E7.56523
G1 X93.88 Y83.399 E7.64562
G1 X92.498 Y82.461 E7.72595
G1 X91.018 Y81.687 E7.80628
G1 X89.522 Y81.108 E7.88343
G1 X87.906 Y80.682 E7.96381
G1 X86.187 Y80.439 E8.04731
G1 X84.519 Y80.398 E8.12756
G1 X82.853 Y80.549 E8.20802
G1 X81.218 Y80.888 E8.28833
G1 X79.632 Y81.412 E8.36867
G1 X78.116 Y82.114 E8.44902
G1 X76.69 Y82.984 E8.52936
G1 X75.373 Y84.011 E8.60969
G1 X74.181 Y85.182 E8.69006
G1 X73.131 Y86.481 E8.7704
G1 X72.236 Y87.892 E8.85077
G1 X71.889 Y88.605 E8.88891
G1 X71.508 Y89.395 E8.93109
G1 X70.957 Y90.972 E9.01143
G1 X70.6 Y92.536 E9.08859
G1 X70.412 Y94.196 E9.16894
G1 X70.42 Y95.932 E9.25244
G1 X70.622 Y97.591 E9.33282
G1 X71.011 Y99.213 E9.41304
G1 X71.544 Y100.685 E9.48834
G1 X72.332 Y102.278 E9.57382
G1 X73.246 Y103.676 E9.65415
G1 X74.313 Y104.961 E9.73448
G1 X75.52 Y106.116 E9.81483
G1 X76.851 Y107.126 E9.89519
G1 X78.288 Y107.977 E9.97552
G1 X79.335 Y108.447 E10.03072
G1 X79.775 Y108.222 F7800
;TYPE:External perimeter
G1 F1800
G1 X79.775 Y109.87 E10.10998
G1 X78.525 Y109.384 E10.17448
G1 X77.032 Y108.614 E10.25528
G1 X76.145 Y108.029 E10.30638
G1 X75.422 Y107.525 E10.34877
G1 X74.253 Y106.547 E10.42208
G1 X73.12 Y105.378 E10.50038
G1 X72.084 Y104.056 E10.58116
G1 X71.194 Y102.631 E10.66197
G1 X70.461 Y101.12 E10.74274
G1 X69.893 Y99.539 E10.82354
G1 X69.496 Y97.907 E10.90432
G1 X69.275 Y96.242 E10.9851
G1 X69.233 Y94.563 E11.06588
G1 X69.367 Y92.914 E11.14545
G1 X69.682 Y91.24 E11.22738
G1 X70.169 Y89.632 E11.30819
G1 X70.824 Y88.086 E11.38895
G1 X71.783 Y86.393 E11.48253
G1 X72.777 Y85.032 E11.56359
G1 X73.79 Y83.902 E11.63658
G1 X74.994 Y82.807 E11.71486
G1 X76.348 Y81.813 E11.79565
G1 X78.037 Y80.848 E11.88921
G1 X79.586 Y80.186 E11.97023
G1 X81.192 Y79.694 E12.05102
G1 X82.841 Y79.376 E12.13179
G1 X84.515 Y79.234 E12.21259
G1 X86.19 Y79.271 E12.29317
G1 X87.859 Y79.487 E12.37411
G1 X89.492 Y79.879 E12.45488
G1 X91.074 Y80.442 E12.53564
G1 X92.588 Y81.171 E12.61646
G1 X94.015 Y82.056 E12.69722
G1 X95.341 Y83.088 E12.77804
G1 X96.513 Y84.216 E12.85628
G1 X97.66 Y85.591 E12.9424
G1 X98.589 Y86.99 E13.02317
G1 X99.364 Y88.48 E13.10395
G1 X99.976 Y90.044 E13.18473
G1 X100.418 Y91.664 E13.26549
G1 X100.685 Y93.323 E13.34631
G1 X100.773 Y95.041 E13.42905
G1 X100.689 Y96.641 E13.50611
G1 X100.433 Y98.264 E13.58514
G1 X100.01 Y99.852 E13.66418
G1 X99.424 Y101.387 E13.74321
G1 X98.681 Y102.853 E13.82226
G1 X97.79 Y104.234 E13.90131
G1 X96.76 Y105.514 E13.98033
G1 X95.559 Y106.72 E14.06219
G1 X94.282 Y107.754 E14.14122
G1 X92.905 Y108.651 E14.22026
G1 X91.442 Y109.399 E14.29929
G1 X90.225 Y109.87 E14.36205
G1 X90.225 Y108.223 E14.44126
G1 X91.512 Y107.646 E14.5091
G1 X92.857 Y106.858 E14.58407
G1 X94.107 Y105.928 E14.659
G1 X95.247 Y104.866 E14.73394
G1 X96.265 Y103.686 E14.8089
G1 X97.147 Y102.402 E14.88382
G1 X97.884 Y101.029 E14.95877
G1 X98.459 Y99.603 E15.03272
G1 X98.882 Y98.103 E15.10768
G1 X99.138 Y96.566 E15.18262
G1 X99.225 Y94.99 E15.25854
G1 X99.137 Y93.45 E15.33273
G1 X98.852 Y91.763 E15.41502
G1 X98.391 Y90.203 E15.49326
G1 X97.756 Y88.706 E15.57147
G1 X96.954 Y87.291 E15.6497
G1 X95.996 Y85.976 E15.72795
G1 X94.894 Y84.78 E15.80617
G1 X93.663 Y83.718 E15.88437
G1 X92.319 Y82.802 E15.9626
G1 X90.878 Y82.047 E16.04084
G1 X89.382 Y81.467 E16.11801
G1 X87.809 Y81.055 E16.19622
G1 X86.199 Y80.826 E16.27443
G1 X84.573 Y80.782 E16.35266
G1 X82.933 Y80.926 E16.43184
G1 X81.536 Y81.213 E16.50043
G1 X81.338 Y81.255 E16.51017
G1 X79.793 Y81.763 E16.58839
G1 X78.316 Y82.443 E16.6666
G1 X76.926 Y83.289 E16.74486
G1 X75.642 Y84.287 E16.82308
G1 X74.48 Y85.425 E16.90131
G1 X73.456 Y86.688 E16.97951
G1 X72.583 Y88.06 E17.05772
G1 X72.236 Y88.774 E17.0959
G1 X71.872 Y89.523 E17.13595
G1 X71.333 Y91.058 E17.2142
G1 X70.975 Y92.622 E17.29137
G1 X70.796 Y94.238 E17.36957
G1 X70.803 Y95.887 E17.44888
G1 X70.997 Y97.501 E17.52707
G1 X71.374 Y99.083 E17.60529
G1 X71.928 Y100.61 E17.68342
G1 X72.653 Y102.065 E17.76161
G1 X73.543 Y103.431 E17.84002
G1 X74.314 Y104.364 E17.89823
G1 X74.58 Y104.683 E17.91821
G1 X75.753 Y105.809 E17.99641
G1 X77.048 Y106.794 E18.07466
G1 X78.446 Y107.625 E18.15288
G1 X79.72 Y108.198 E18.22007
G1 X79.771 Y108.594 F7800
;LAYER_CHANGE
;Z:0.85
;HEIGHT:0.2
G1 E16.22007 F2400
G92 E0
G1 Z.85 F7800
G1 X89.6 Y110.41
G1 E2 F2400
;TYPE:Support material
;WIDTH:0.35
;HEIGHT:0.25
G1 F1900
G1 X89.948 Y110.648 E2.01299
G1 X90.539 Y110.419 E2.03251
G1 X90.539 Y111.682 E2.07141
G1 X79.461 Y111.682 E2.41263
G1 X79.461 Y110.418 E2.45156
G1 X80.052 Y110.648 E2.47109
G1 X80.4 Y110.41 E2.48408
G1 X80.4 Y108.96 E2.52874
G1 X89.6 Y108.96 E2.81212
G1 X89.6 Y110.365 E2.8554
G1 E.8554 F2400
G92 E0
G1 X87.621 Y100.571 F7800
G1 E2 F2400
G1 F1900
G1 X82.379 Y100.571 E2.16146
G1 X82.182 Y92.182 F7800
G1 F1900
G1 X87.818 Y92.182 E2.33506
G1 X87.818 Y97.818 E2.50866
G1 X82.182 Y97.818 E2.68226
G1 X82.182 Y92.227 E2.85447
G1 X87.621 Y89.429 F7800
G1 F1900
G1 X82.508 Y89.429 E3.01196
G1 X82.508 Y89.722 E3.02098
G1 X79.722 Y89.722 E3.10679
G1 X79.722 Y92.214 E3.18355
G1 X81.921 Y92.214 E3.25128
G1 X81.921 Y95 E3.33709
G1 X76.937 Y95 E3.49061
G1 X76.937 Y97.492 E3.56737
G1 X79.722 Y97.492 E3.65315
G1 X79.722 Y97.786 E3.66221
G1 X81.921 Y97.786 E3.72994
G1 X81.921 Y98.079 E3.73896
G1 X88.079 Y98.079 E3.92864
G1 X88.079 Y97.786 E3.93766
G1 X90.278 Y97.786 E4.00539
G1 X90.278 Y97.492 E4.01445
G1 X93.063 Y97.492 E4.10023
G1 X93.063 Y95 E4.17699
G1 X88.079 Y95 E4.33051
G1 X88.079 Y92.214 E4.41632
G1 X90.406 Y92.214 E4.488
G1 X87.753 Y89.461 F7800
G1 F1900
G1 X90.539 Y89.461 E4.57381
G1 X90.539 Y92.247 E4.65962
G1 X93.325 Y92.247 E4.74543
G1 X93.325 Y97.753 E4.91503
G1 X90.539 Y97.753 E5.00084
G1 X90.539 Y100.539 E5.08665
G1 X87.753 Y100.539 E5.17246
G1 X87.753 Y103.325 E5.25827
G1 X82.247 Y103.325 E5.42787
G1 X82.247 Y100.539 E5.51368
G1 X79.461 Y100.539 E5.59949
G1 X79.461 Y97.753 E5.6853
G1 X76.675 Y97.753 E5.77111
G1 X76.675 Y92.247 E5.94071
G1 X79.461 Y92.247 E6.02652
G1 X79.461 Y89.461 E6.11233
G1 X82.247 Y89.461 E6.19814
G1 X82.247 Y86.675 E6.28395
G1 X87.753 Y86.675 E6.45355
G1 X87.753 Y89.416 E6.53798
;LAYER_CHANGE
;Z:0.95
;HEIGHT:0.1
G1 E4.53798 F2400
G92 E0
G1 Z.95 F7800
G1 X78.993 Y108.728
G1 E2 F2400
;TYPE:Perimeter
;WIDTH:0.471495
;HEIGHT:0.3
G1 F1900
G1 X78.133 Y108.322 E2.04829
;WIDTH:0.478009
G1 X77.45 Y107.947 E2.08849
G1 X76.657 Y107.451 E2.13674
;WIDTH:0.476749
G1 X76.114 Y107.071 E2.17083
G1 X75.29 Y106.418 E2.22491
;WIDTH:0.477089
G1 X74.768 Y105.952 E2.26093
G1 X74.049 Y105.236 E2.31316
;WIDTH:0.473197
G1 X73.716 Y104.869 E2.33843
G1 X72.951 Y103.919 E2.40062
;WIDTH:0.469119
G1 X72.732 Y103.619 E2.41937
G1 X72.01 Y102.487 E2.48715
;WIDTH:0.463997
G1 X71.886 Y102.272 E2.49952
G1 X71.235 Y100.949 E2.57301
;WIDTH:0.463867
G1 X70.646 Y99.349 E2.65796
;WIDTH:0.457059
G1 X70.617 Y99.241 E2.66344
;WIDTH:0.462629
G1 X70.269 Y97.801 E2.73703
G1 X70.229 Y97.571 E2.74863
;WIDTH:0.467389
G1 X70.058 Y96.225 E2.81683
G1 X70.035 Y95.868 E2.83481
;WIDTH:0.471075
G1 X70.014 Y94.635 E2.89736
G1 X70.035 Y94.154 E2.92178
;WIDTH:0.474165
G1 X70.14 Y93.035 E2.97922
G1 X70.22 Y92.479 E3.00793
;WIDTH:0.476061
G1 X70.433 Y91.476 E3.06058
G1 X70.583 Y90.886 E3.09184
;WIDTH:0.476695
G1 X70.889 Y89.952 E3.14238
G1 X71.147 Y89.268 E3.17997
;WIDTH:0.476263
G1 X71.504 Y88.485 E3.22418
G1 X71.893 Y87.724 E3.26809
;WIDTH:0.474775
G1 X72.27 Y87.091 E3.3058
G1 X72.809 Y86.276 E3.35581
;WIDTH:0.472227
G1 X73.18 Y85.786 E3.38707
G1 X73.885 Y84.942 E3.44301
;WIDTH:0.476171
G1 X74.326 Y84.477 E3.47593
G1 X75.106 Y83.739 E3.53108
;WIDTH:0.474367
G1 X75.754 Y83.207 E3.57395
G1 X76.455 Y82.681 E3.61877
;WIDTH:0.473919
G1 X77.055 Y82.293 E3.65527
G1 X77.916 Y81.785 E3.70633
;WIDTH:0.472405
G1 X78.446 Y81.521 E3.73646
G1 X79.47 Y81.061 E3.79359
;WIDTH:0.469835
G1 X79.911 Y80.9 E3.81733
G1 X81.059 Y80.532 E3.87829
;WIDTH:0.466207
G1 X81.434 Y80.438 E3.89767
G1 X82.615 Y80.199 E3.95806
;WIDTH:0.461515
G1 X82.997 Y80.139 E3.97721
;WIDTH:0.464605
G1 X84.593 Y80.008 E4.05715
;WIDTH:0.467549
G1 X86.299 Y80.061 E4.14298
;WIDTH:0.462923
G1 X87.761 Y80.262 E4.21634
G1 X88.003 Y80.311 E4.22861
;WIDTH:0.468241
G1 X89.306 Y80.639 E4.29629
G1 X89.659 Y80.752 E4.31496
;WIDTH:0.472487
G1 X90.802 Y81.178 E4.37705
G1 X91.255 Y81.378 E4.40226
;WIDTH:0.475661
G1 X92.233 Y81.872 E4.45847
G1 X92.675 Y82.125 E4.48459
;WIDTH:0.477759
G1 X93.583 Y82.712 E4.54034
G1 X94.094 Y83.086 E4.57299
;WIDTH:0.478849
G1 X94.837 Y83.692 E4.62255
G1 X95.395 Y84.201 E4.66159
;WIDTH:0.477733
G1 X95.922 Y84.736 E4.70031
G1 X96.557 Y85.461 E4.75
;WIDTH:0.477571
G1 X97.052 Y86.09 E4.79125
G1 X97.572 Y86.841 E4.83833
;WIDTH:0.476501
G1 X97.927 Y87.414 E4.87298
G1 X98.422 Y88.329 E4.92645
;WIDTH:0.474245
G1 X98.659 Y88.826 E4.9546
G1 X99.097 Y89.904 E5.01408
;WIDTH:0.470915
G1 X99.238 Y90.307 E5.03573
G1 X99.589 Y91.546 E5.10103
;WIDTH:0.466509
G1 X99.657 Y91.841 E5.11621
G1 X99.89 Y93.234 E5.18705
;WIDTH:0.461033
G1 X99.997 Y94.949 E5.27206
;WIDTH:0.454811
G1 X99.997 Y95.053 E5.27712
;WIDTH:0.458953
G1 X99.9 Y96.693 E5.35797
;WIDTH:0.462785
G1 X99.623 Y98.312 E5.43959
;WIDTH:0.466155
G1 X99.269 Y99.607 E5.50687
G1 X99.172 Y99.891 E5.52191
;WIDTH:0.469069
G1 X98.712 Y101.064 E5.58551
G1 X98.551 Y101.411 E5.60482
;WIDTH:0.471525
G1 X98.006 Y102.456 E5.66467
G1 X97.768 Y102.854 E5.68822
;WIDTH:0.473523
G1 X97.16 Y103.766 E5.74415
G1 X96.853 Y104.177 E5.77033
;WIDTH:0.438881
G1 X96.831 Y104.203 E5.77192
;WIDTH:0.475011
G1 X96.184 Y104.981 E5.82374
G1 X95.826 Y105.366 E5.85067
;WIDTH:0.437481
G1 X95.753 Y105.441 E5.85554
;WIDTH:0.474723
G1 X95.018 Y106.15 E5.90781
G1 X94.628 Y106.489 E5.93426
;WIDTH:0.476015
G1 X93.806 Y107.13 E5.98778
G1 X93.313 Y107.472 E6.01859
;WIDTH:0.476755
G1 X92.498 Y107.979 E6.06796
G1 X91.899 Y108.307 E6.10309
;WIDTH:0.477069
G1 X91.007 Y108.73 E6.1539
G1 E4.1539 F2400
G92 E0
G1 X79.389 Y108.472 F7800
G1 E2 F2400
;WIDTH:0.45
G1 F1900
G1 X79.389 Y109.307 E2.04016
G1 X78.7 Y109.04 E2.0757
G1 X77.248 Y108.293 E2.15424
G1 X76.357 Y107.708 E2.20551
G1 X75.563 Y107.143 E2.25238
G1 X74.495 Y106.245 E2.31949
G1 X73.417 Y105.131 E2.39405
G1 X72.408 Y103.846 E2.47263
G1 X71.542 Y102.462 E2.55115
G1 X70.887 Y101.118 E2.62306
G1 X70.682 Y100.611 E2.64936
G1 X70.273 Y99.461 E2.70806
G1 X69.883 Y97.874 E2.78666
G1 X69.664 Y96.257 E2.86514
G1 X69.618 Y94.625 E2.94366
G1 X69.748 Y92.974 E3.02331
G1 X70.047 Y91.374 E3.1016
G1 X70.516 Y89.811 E3.18009
G1 X70.84 Y89.015 E3.22142
G1 X71.325 Y87.952 E3.27762
G1 X72.148 Y86.542 E3.35614
G1 X73.116 Y85.228 E3.43464
G1 X74.043 Y84.196 E3.50136
G1 X74.931 Y83.384 E3.55923
G1 X75.513 Y82.89 E3.59595
G1 X76.319 Y82.306 E3.64382
G1 X76.85 Y81.952 E3.67451
G1 X77.821 Y81.397 E3.7283
G1 X78.278 Y81.161 E3.75304
G1 X79.316 Y80.708 E3.80751
G1 X79.782 Y80.526 E3.83157
G1 X80.942 Y80.161 E3.89006
G1 X81.345 Y80.054 E3.91011
G1 X82.539 Y79.815 E3.96868
G1 X82.949 Y79.751 E3.98864
G1 X84.577 Y79.619 E4.0672
G1 X86.207 Y79.66 E4.14562
G1 X87.833 Y79.876 E4.22451
G1 X89.419 Y80.261 E4.30301
G1 X90.956 Y80.812 E4.38154
G1 X92.426 Y81.522 E4.46006
G1 X93.812 Y82.384 E4.53856
G1 X95.099 Y83.389 E4.6171
G1 X96.215 Y84.463 E4.69159
G1 X97.373 Y85.851 E4.77853
G1 X98.272 Y87.212 E4.85698
G1 X99.022 Y88.662 E4.9355
G1 X99.615 Y90.183 E5.01402
G1 X100.043 Y91.758 E5.09252
G1 X100.302 Y93.37 E5.17105
G1 X100.387 Y95.021 E5.25056
G1 X100.305 Y96.599 E5.32656
G1 X100.056 Y98.181 E5.40359
G1 X99.644 Y99.728 E5.48059
G1 X99.073 Y101.224 E5.55761
G1 X98.351 Y102.653 E5.63461
G1 X97.483 Y103.999 E5.71164
G1 X96.481 Y105.247 E5.78862
G1 X95.285 Y106.446 E5.87007
G1 X94.041 Y107.453 E5.94705
G1 X92.698 Y108.325 E6.02407
G1 X91.271 Y109.053 E6.10112
G1 X90.611 Y109.308 E6.13515
G1 X90.611 Y108.473 E6.17531
G1 X91.707 Y107.979 E6.23313
G1 X93.087 Y107.168 E6.31012
G1 X94.369 Y106.21 E6.38709
G1 X95.539 Y105.118 E6.46406
G1 X96.544 Y103.955 E6.53799
G1 X97.487 Y102.584 E6.61802
G1 X98.215 Y101.23 E6.69196
G1 X98.817 Y99.748 E6.7689
G1 X99.253 Y98.208 E6.84588
G1 X99.519 Y96.63 E6.92285
G1 X99.61 Y95.032 E6.99983
G1 X99.522 Y93.434 E7.0768
G1 X99.221 Y91.654 E7.16363
G1 X98.747 Y90.053 E7.24394
G1 X98.092 Y88.516 E7.3243
G1 X97.266 Y87.064 E7.40465
G1 X96.28 Y85.715 E7.48502
G1 X95.147 Y84.489 E7.56531
G1 X93.88 Y83.399 E7.6457
G1 X92.498 Y82.461 E7.72603
G1 X91.078 Y81.715 E7.80318
G1 X89.522 Y81.108 E7.88351
G1 X87.906 Y80.682 E7.96389
G1 X86.187 Y80.439 E8.04739
G1 X84.517 Y80.398 E8.12774
G1 X82.853 Y80.549 E8.2081
G1 X81.218 Y80.888 E8.28841
G1 X79.632 Y81.412 E8.36875
G1 X78.116 Y82.114 E8.4491
G1 X76.69 Y82.984 E8.52944
G1 X75.373 Y84.011 E8.60977
G1 X74.181 Y85.182 E8.69014
G1 X73.131 Y86.481 E8.77048
G1 X72.236 Y87.892 E8.85085
G1 X71.862 Y88.659 E8.89189
G1 X71.508 Y89.395 E8.93117
G1 X70.957 Y90.972 E9.01151
G1 X70.589 Y92.601 E9.09183
G1 X70.409 Y94.262 E9.17219
G1 X70.42 Y95.932 E9.25251
G1 X70.622 Y97.591 E9.33289
G1 X70.992 Y99.151 E9.41
G1 X71.42 Y100.342 E9.47087
G1 X71.582 Y100.78 E9.49333
G1 X72.332 Y102.278 E9.5739
G1 X73.246 Y103.676 E9.65423
G1 X74.313 Y104.961 E9.73456
G1 X75.52 Y106.116 E9.81491
G1 X76.851 Y107.126 E9.89527
G1 X78.288 Y107.977 E9.9756
G1 X79.335 Y108.447 E10.0308
G1 X79.775 Y108.222 F7800
;TYPE:External perimeter
G1 F1800
G1 X79.775 Y109.87 E10.11006
G1 X78.542 Y109.392 E10.17366
G1 X77.054 Y108.627 E10.25413
G1 X76.146 Y108.03 E10.3064
G1 X75.319 Y107.441 E10.35523
G1 X74.232 Y106.527 E10.42354
G1 X73.126 Y105.385 E10.5
G1 X72.092 Y104.068 E10.58053
G1 X71.205 Y102.65 E10.66097
G1 X70.541 Y101.286 E10.73393
G1 X70.32 Y100.744 E10.76208
G1 X69.903 Y99.572 E10.82191
G1 X69.504 Y97.946 E10.90244
G1 X69.279 Y96.288 E10.98291
G1 X69.232 Y94.616 E11.06336
G1 X69.367 Y92.914 E11.14548
G1 X69.674 Y91.276 E11.22563
G1 X70.155 Y89.674 E11.30608
G1 X70.486 Y88.862 E11.34825
G1 X70.985 Y87.77 E11.406
G1 X71.829 Y86.326 E11.48644
G1 X72.822 Y84.979 E11.56693
G1 X73.768 Y83.924 E11.63508
G1 X74.671 Y83.1 E11.69388
G1 X75.28 Y82.583 E11.7323
G1 X76.093 Y81.994 E11.78059
G1 X76.65 Y81.622 E11.81281
G1 X77.63 Y81.062 E11.8671
G1 X78.114 Y80.812 E11.8933
G1 X79.178 Y80.347 E11.94915
G1 X79.656 Y80.162 E11.9738
G1 X80.827 Y79.793 E12.03285
G1 X81.258 Y79.679 E12.05429
G1 X82.463 Y79.437 E12.1134
G1 X82.902 Y79.368 E12.13477
G1 X84.57 Y79.233 E12.21526
G1 X86.242 Y79.276 E12.2957
G1 X87.904 Y79.496 E12.37633
G1 X89.53 Y79.891 E12.45681
G1 X91.105 Y80.455 E12.53727
G1 X92.612 Y81.184 E12.61779
G1 X94.033 Y82.068 E12.69828
G1 X95.352 Y83.098 E12.77877
G1 X96.497 Y84.2 E12.8552
G1 X97.682 Y85.621 E12.94419
G1 X98.605 Y87.017 E13.02468
G1 X99.374 Y88.503 E13.10515
G1 X99.982 Y90.062 E13.18563
G1 X100.421 Y91.677 E13.26612
G1 X100.686 Y93.329 E13.34659
G1 X100.773 Y95.041 E13.42904
G1 X100.689 Y96.639 E13.506
G1 X100.434 Y98.261 E13.58497
G1 X100.012 Y99.847 E13.66391
G1 X99.427 Y101.381 E13.74287
G1 X98.686 Y102.845 E13.82179
G1 X97.796 Y104.225 E13.90077
G1 X96.768 Y105.504 E13.97969
G1 X95.544 Y106.733 E14.06312
G1 X94.268 Y107.765 E14.14205
G1 X92.891 Y108.659 E14.22101
G1 X91.429 Y109.405 E14.29995
G1 X90.225 Y109.87 E14.36203
G1 X90.225 Y108.223 E14.44124
G1 X91.512 Y107.646 E14.50908
G1 X92.857 Y106.858 E14.58405
G1 X94.107 Y105.928 E14.65898
G1 X95.247 Y104.866 E14.73392
G1 X96.265 Y103.686 E14.80888
G1 X97.147 Y102.402 E14.8838
G1 X97.884 Y101.029 E14.95875
G1 X98.459 Y99.603 E15.0327
G1 X98.882 Y98.103 E15.10766
G1 X99.138 Y96.566 E15.1826
G1 X99.225 Y94.99 E15.25852
G1 X99.137 Y93.456 E15.33242
G1 X98.852 Y91.763 E15.41499
G1 X98.391 Y90.203 E15.49323
G1 X97.756 Y88.706 E15.57144
G1 X96.954 Y87.291 E15.64967
G1 X95.996 Y85.976 E15.72792
G1 X94.894 Y84.78 E15.80614
G1 X93.663 Y83.718 E15.88434
G1 X92.319 Y82.802 E15.96257
G1 X90.878 Y82.047 E16.04081
G1 X89.382 Y81.467 E16.11798
G1 X87.809 Y81.055 E16.19619
G1 X86.177 Y80.824 E16.27547
G1 X84.551 Y80.782 E16.3537
G1 X82.931 Y80.927 E16.43193
G1 X81.338 Y81.255 E16.51016
G1 X79.793 Y81.763 E16.58838
G1 X78.316 Y82.443 E16.66659
G1 X76.926 Y83.289 E16.74485
G1 X75.642 Y84.287 E16.82307
G1 X74.48 Y85.425 E16.9013
G1 X73.456 Y86.688 E16.9795
G1 X72.583 Y88.06 E17.05771
G1 X72.209 Y88.828 E17.0988
G1 X71.872 Y89.523 E17.13595
G1 X71.333 Y91.058 E17.2142
G1 X70.972 Y92.643 E17.29239
G1 X70.795 Y94.26 E17.37063
G1 X70.803 Y95.887 E17.44888
G1 X70.997 Y97.501 E17.52707
G1 X71.374 Y99.084 E17.60534
G1 X71.928 Y100.611 E17.68347
G1 X72.653 Y102.065 E17.76161
G1 X73.543 Y103.431 E17.84002
G1 X74.32 Y104.371 E17.89868
G1 X74.58 Y104.683 E17.91821
G1 X75.753 Y105.809 E17.99641
G1 X77.048 Y106.794 E18.07466
G1 X78.446 Y107.625 E18.15288
G1 X79.72 Y108.198 E18.22007
G1 X79.771 Y108.594 F7800
;LAYER_CHANGE
;Z:1.1
;HEIGHT:0.15
G1 E16.22007 F2400
G92 E0
G1 Z1.1 F7800
G1 X89.6 Y110.41
G1 E2 F2400
;TYPE:Support material
;WIDTH:0.35
;HEIGHT:0.25
G1 F1900
G1 X89.948 Y110.648 E2.01299
G1 X90.539 Y110.419 E2.03251
G1 X90.539 Y111.682 E2.07141
G1 X79.461 Y111.682 E2.41263
G1 X79.461 Y110.418 E2.45156
G1 X80.052 Y110.648 E2.47109
G1 X80.4 Y110.41 E2.48408
G1 X80.4 Y108.96 E2.52874
G1 X89.6 Y108.96 E2.81212
G1 X89.6 Y110.365 E2.8554
G1 E.8554 F2400
G92 E0
G1 X87.621 Y100.571 F7800
G1 E2 F2400
G1 F1900
G1 X82.379 Y100.571 E2.16146
G1 X82.182 Y92.182 F7800
G1 F1900
G1 X87.818 Y92.182 E2.33506
G1 X87.818 Y97.818 E2.50866
G1 X82.182 Y97.818 E2.68226
G1 X82.182 Y92.227 E2.85447
G1 X87.621 Y89.429 F7800
G1 F1900
G1 X82.508 Y89.429 E3.01196
G1 X82.508 Y89.722 E3.02098
G1 X79.722 Y89.722 E3.10679
G1 X79.722 Y92.214 E3.18355
G1 X81.921 Y92.214 E3.25128
G1 X81.921 Y95 E3.33709
G1 X76.937 Y95 E3.49061
G1 X76.937 Y97.492 E3.56737
G1 X79.722 Y97.492 E3.65315
G1 X79.722 Y97.786 E3.66221
G1 X81.921 Y97.786 E3.72994
G1 X81.921 Y98.079 E3.73896
G1 X88.079 Y98.079 E3.92864
G1 X88.079 Y97.786 E3.93766
G1 X90.278 Y97.786 E4.00539
G1 X90.278 Y97.492 E4.01445
G1 X93.063 Y97.492 E4.10023
G1 X93.063 Y95 E4.17699
G1 X88.079 Y95 E4.33051
G1 X88.079 Y92.214 E4.41632
G1 X90.406 Y92.214 E4.488
G1 X87.753 Y89.461 F7800
G1 F1900
G1 X90.539 Y89.461 E4.57381
G1 X90.539 Y92.247 E4.65962
G1 X93.325 Y92.247 E4.74543
G1 X93.325 Y97.753 E4.91503
G1 X90.539 Y97.753 E5.00084
G1 X90.539 Y100.539 E5.08665
G1 X87.753 Y100.539 E5.17246
G1 X87.753 Y103.325 E5.25827
G1 X82.247 Y103.325 E5.42787
G1 X82.247 Y100.539 E5.51368
G1 X79.461 Y100.539 E5.59949
G1 X79.461 Y97.753 E5.6853
G1 X76.675 Y97.753 E5.77111
G1 X76.675 Y92.247 E5.94071
G1 X79.461 Y92.247 E6.02652
G1 X79.461 Y89.461 E6.11233
G1 X82.247 Y89.461 E6.19814
G1 X82.247 Y86.675 E6.28395
G1 X87.753 Y86.675 E6.45355
G1 X87.753 Y89.416 E6.53798
;LAYER_CHANGE
;Z:1.25
;HEIGHT:0.15
G1 E4.53798 F2400
G92 E0
G1 Z1.25 F7800
G1 X78.993 Y108.728
G1 E2 F2400
;TYPE:Perimeter
;WIDTH:0.472349
;HEIGHT:0.3
G1 F1900
G1 X78.133 Y108.322 E2.04839
;WIDTH:0.477713
G1 X77.471 Y107.959 E2.08731
G1 X76.657 Y107.451 E2.13678
;WIDTH:0.476039
G1 X76.139 Y107.089 E2.16923
G1 X75.71 Y106.755 E2.19715
;WIDTH:0.465221
G1 X75.29 Y106.418 E2.22407
;WIDTH:0.477415
G1 X74.748 Y105.934 E2.2615
G1 X74.048 Y105.236 E2.31243
;WIDTH:0.472971
G1 X73.722 Y104.876 E2.33718
G1 X72.951 Y103.92 E2.39977
;WIDTH:0.468575
G1 X72.74 Y103.631 E2.41781
G1 X72.01 Y102.487 E2.48622
;WIDTH:0.463041
G1 X71.896 Y102.29 E2.49754
G1 X71.235 Y100.95 E2.57183
;WIDTH:0.464557
G1 X70.657 Y99.381 E2.65529
;WIDTH:0.458713
G1 X70.617 Y99.241 E2.66245
;WIDTH:0.464123
G1 X70.277 Y97.838 E2.73443
G1 X70.23 Y97.571 E2.74795
;WIDTH:0.468711
G1 X70.062 Y96.268 E2.8142
G1 X70.035 Y95.868 E2.83442
;WIDTH:0.472423
G1 X70.014 Y94.673 E2.89525
G1 X70.029 Y94.154 E2.92167
;WIDTH:0.451119
G1 X70.031 Y94.128 E2.92293
;WIDTH:0.475077
G1 X70.206 Y92.552 E3.00416
;WIDTH:0.476235
G1 X70.55 Y91.004 E3.08562
G1 X70.865 Y90.02 E3.13869
G1 X71.054 Y89.502 E3.16701
;WIDTH:0.475029
G1 X71.47 Y88.555 E3.21999
G1 X71.714 Y88.061 E3.24821
;WIDTH:0.472667
G1 X72.226 Y87.163 E3.30085
G1 X72.522 Y86.698 E3.32892
;WIDTH:0.472523
G1 X72.808 Y86.275 E3.35491
;WIDTH:0.469123
G1 X73.124 Y85.857 E3.38136
;WIDTH:0.475117
G1 X73.884 Y84.941 E3.44233
;WIDTH:0.475593
G1 X74.305 Y84.498 E3.47367
G1 X75.106 Y83.739 E3.53027
;WIDTH:0.473377
G1 X75.83 Y83.148 E3.57795
G1 X76.454 Y82.68 E3.61774
;WIDTH:0.473823
G1 X77.133 Y82.246 E3.65889
G1 X77.916 Y81.784 E3.70532
;WIDTH:0.473095
G1 X78.523 Y81.485 E3.73981
G1 X79.466 Y81.062 E3.7925
;WIDTH:0.471189
G1 X80.97 Y80.559 E3.87297
;WIDTH:0.468111
G1 X81.504 Y80.423 E3.90072
G1 X82.517 Y80.217 E3.95277
;WIDTH:0.463851
G1 X83.062 Y80.132 E3.98025
;WIDTH:0.466501
G1 X84.593 Y80.008 E4.05729
;WIDTH:0.458415
G1 X84.643 Y80.008 E4.05975
;WIDTH:0.468527
G1 X86.197 Y80.05 E4.13811
;WIDTH:0.455385
G1 X86.307 Y80.061 E4.1435
;WIDTH:0.460687
G1 X88.003 Y80.311 E4.22824
;WIDTH:0.466655
G1 X89.342 Y80.65 E4.29754
G1 X89.66 Y80.751 E4.31428
;WIDTH:0.471447
G1 X90.832 Y81.19 E4.37782
G1 X91.255 Y81.378 E4.40132
;WIDTH:0.475057
G1 X92.256 Y81.884 E4.45877
G1 X92.736 Y82.161 E4.48716
;WIDTH:0.477479
G1 X93.599 Y82.724 E4.54025
G1 X94.094 Y83.086 E4.57185
;WIDTH:0.478807
G1 X94.848 Y83.701 E4.62214
G1 X95.395 Y84.201 E4.66045
;WIDTH:0.477729
G1 X95.91 Y84.723 E4.69825
G1 X96.56 Y85.458 E4.74884
;WIDTH:0.478159
G1 X97.066 Y86.11 E4.79143
G1 X97.572 Y86.841 E4.83731
;WIDTH:0.476837
G1 X97.942 Y87.44 E4.87353
G1 X98.422 Y88.329 E4.9255
;WIDTH:0.474733
G1 X98.669 Y88.847 E4.95487
G1 X99.097 Y89.904 E5.01324
;WIDTH:0.471447
G1 X99.243 Y90.324 E5.03582
G1 X99.589 Y91.546 E5.1003
;WIDTH:0.466977
G1 X99.66 Y91.853 E5.11612
G1 X99.89 Y93.234 E5.18642
;WIDTH:0.461323
G1 X99.997 Y94.949 E5.27149
;WIDTH:0.454819
G1 X99.997 Y95.053 E5.27655
;WIDTH:0.459043
G1 X99.9 Y96.693 E5.35742
;WIDTH:0.462937
G1 X99.623 Y98.312 E5.43907
;WIDTH:0.466353
G1 X99.27 Y99.602 E5.50612
G1 X99.172 Y99.891 E5.52142
;WIDTH:0.469291
G1 X98.714 Y101.058 E5.58473
G1 X98.551 Y101.411 E5.60437
;WIDTH:0.471757
G1 X98.01 Y102.448 E5.6638
G1 X97.768 Y102.854 E5.68782
;WIDTH:0.473737
G1 X97.166 Y103.758 E5.74327
G1 X96.853 Y104.176 E5.76993
;WIDTH:0.475169
G1 X96.192 Y104.971 E5.8229
G1 X95.826 Y105.366 E5.85049
;WIDTH:0.436591
G1 X95.752 Y105.441 E5.85538
;WIDTH:0.474305
G1 X95.004 Y106.163 E5.90853
G1 X94.577 Y106.532 E5.93738
;WIDTH:0.475773
G1 X93.792 Y107.14 E5.98833
G1 X93.313 Y107.472 E6.01823
;WIDTH:0.476629
G1 X92.484 Y107.987 E6.06841
G1 X91.899 Y108.307 E6.1027
;WIDTH:0.477049
G1 X91.007 Y108.73 E6.15351
G1 E4.15351 F2400
G92 E0
G1 X79.389 Y108.472 F7800
G1 E2 F2400
;WIDTH:0.45
G1 F1900
G1 X79.389 Y109.308 E2.04021
G1 X78.717 Y109.047 E2.07488
G1 X77.27 Y108.305 E2.15309
G1 X75.905 Y107.413 E2.23152
G1 X74.475 Y106.226 E2.32091
G1 X73.423 Y105.138 E2.3937
G1 X72.417 Y103.858 E2.472
G1 X71.552 Y102.481 E2.55021
G1 X70.837 Y101.016 E2.62862
G1 X70.283 Y99.493 E2.70657
G1 X69.891 Y97.913 E2.78487
G1 X69.668 Y96.302 E2.86309
G1 X69.617 Y94.669 E2.94167
G1 X69.646 Y94.101 E2.96902
G1 X69.738 Y93.051 E3.01971
G1 X69.826 Y92.485 E3.04726
G1 X70.029 Y91.451 E3.09794
G1 X70.175 Y90.897 E3.1255
G1 X70.488 Y89.89 E3.17622
G1 X70.69 Y89.354 E3.20377
G1 X71.109 Y88.387 E3.25446
G1 X71.366 Y87.875 E3.28201
G1 X71.885 Y86.958 E3.33269
G1 X72.193 Y86.475 E3.36024
G1 X72.808 Y85.619 E3.41093
G1 X73.164 Y85.171 E3.43845
G1 X74.022 Y84.217 E3.50016
G1 X75.144 Y83.186 E3.57345
G1 X75.59 Y82.831 E3.60087
G1 X76.444 Y82.213 E3.65157
G1 X76.927 Y81.905 E3.67912
G1 X77.842 Y81.382 E3.72981
G1 X78.354 Y81.125 E3.75736
G1 X79.32 Y80.703 E3.80806
G1 X79.856 Y80.501 E3.83561
G1 X80.861 Y80.184 E3.88629
G1 X81.415 Y80.038 E3.91385
G1 X82.449 Y79.831 E3.96457
G1 X83.014 Y79.743 E3.99207
G1 X84.064 Y79.647 E4.04278
G1 X84.636 Y79.618 E4.07033
G1 X85.69 Y79.635 E4.12103
G1 X86.259 Y79.665 E4.14843
G1 X87.877 Y79.884 E4.22696
G1 X89.456 Y80.272 E4.30516
G1 X90.986 Y80.824 E4.38339
G1 X92.449 Y81.535 E4.46162
G1 X93.828 Y82.396 E4.53981
G1 X95.11 Y83.399 E4.6181
G1 X96.201 Y84.449 E4.69093
G1 X97.037 Y85.431 E4.75296
G1 X97.39 Y85.875 E4.78024
G1 X98.287 Y87.238 E4.85872
G1 X99.032 Y88.684 E4.93696
G1 X99.62 Y90.2 E5.01517
G1 X100.046 Y91.77 E5.09341
G1 X100.303 Y93.376 E5.17164
G1 X100.387 Y95.021 E5.25086
G1 X100.305 Y96.597 E5.32676
G1 X100.057 Y98.177 E5.40368
G1 X99.646 Y99.723 E5.48062
G1 X99.076 Y101.218 E5.55757
G1 X98.355 Y102.645 E5.63447
G1 X97.489 Y103.99 E5.71141
G1 X96.489 Y105.237 E5.78829
G1 X95.27 Y106.459 E5.87131
G1 X94.026 Y107.463 E5.9482
G1 X92.684 Y108.333 E6.02512
G1 X91.258 Y109.058 E6.10206
G1 X90.611 Y109.308 E6.13542
G1 X90.611 Y108.473 E6.17558
G1 X91.707 Y107.979 E6.2334
G1 X93.087 Y107.168 E6.31039
G1 X94.369 Y106.21 E6.38736
G1 X95.495 Y105.164 E6.46128
G1 X95.891 Y104.711 E6.49022
G1 X96.583 Y103.905 E6.54131
G1 X97.487 Y102.584 E6.6183
G1 X98.242 Y101.173 E6.69527
G1 X98.817 Y99.748 E6.76918
G1 X99.253 Y98.208 E6.84616
G1 X99.519 Y96.63 E6.92313
G1 X99.61 Y95.032 E7.00011
G1 X99.522 Y93.44 E7.0768
G1 X99.221 Y91.654 E7.16391
G1 X98.747 Y90.053 E7.24422
G1 X98.092 Y88.516 E7.32458
G1 X97.266 Y87.064 E7.40493
G1 X96.28 Y85.715 E7.4853
G1 X95.147 Y84.489 E7.56559
G1 X93.88 Y83.399 E7.64598
G1 X92.498 Y82.461 E7.72631
G1 X91.078 Y81.715 E7.80346
G1 X89.522 Y81.108 E7.88379
G1 X87.906 Y80.682 E7.96417
G1 X86.187 Y80.439 E8.04767
G1 X84.517 Y80.398 E8.12802
G1 X82.853 Y80.549 E8.20838
G1 X81.218 Y80.888 E8.28869
G1 X79.632 Y81.412 E8.36903
G1 X78.116 Y82.114 E8.44938
G1 X76.69 Y82.984 E8.52972
G1 X75.373 Y84.011 E8.61005
G1 X74.181 Y85.182 E8.69042
G1 X73.131 Y86.481 E8.77076
G1 X72.236 Y87.892 E8.85113
G1 X71.828 Y88.73 E8.89596
G1 X71.508 Y89.395 E8.93145
G1 X70.957 Y90.972 E9.01179
G1 X70.589 Y92.597 E9.09193
G1 X70.409 Y94.262 E9.17248
G1 X70.42 Y95.932 E9.2528
G1 X70.622 Y97.591 E9.33318
G1 X70.992 Y99.152 E9.41034
G1 X71.373 Y100.213 E9.46456
G1 X71.582 Y100.78 E9.49362
G1 X72.332 Y102.278 E9.57419
G1 X73.246 Y103.676 E9.65452
G1 X74.313 Y104.961 E9.73485
G1 X75.52 Y106.116 E9.8152
G1 X76.851 Y107.126 E9.89556
G1 X78.288 Y107.977 E9.97589
G1 X79.335 Y108.447 E10.03109
G1 X79.775 Y108.222 F7800
;TYPE:External perimeter
G1 F1800
G1 X79.775 Y109.87 E10.11035
G1 X78.559 Y109.4 E10.17305
G1 X77.075 Y108.639 E10.25326
G1 X75.679 Y107.726 E10.33349
G1 X75.216 Y107.358 E10.36194
G1 X74.211 Y106.508 E10.42525
G1 X73.132 Y105.392 E10.49991
G1 X72.101 Y104.081 E10.58013
G1 X71.215 Y102.668 E10.66035
G1 X70.482 Y101.169 E10.7406
G1 X69.913 Y99.605 E10.82065
G1 X69.512 Y97.986 E10.90087
G1 X69.283 Y96.334 E10.98109
G1 X69.231 Y94.665 E11.0614
G1 X69.261 Y94.074 E11.08986
G1 X69.354 Y93.004 E11.14152
G1 X69.446 Y92.418 E11.17005
G1 X69.653 Y91.364 E11.22171
G1 X69.805 Y90.79 E11.25027
G1 X70.123 Y89.765 E11.30189
G1 X70.333 Y89.21 E11.33043
G1 X70.759 Y88.224 E11.38209
G1 X71.025 Y87.693 E11.41065
G1 X71.555 Y86.759 E11.4623
G1 X71.874 Y86.259 E11.49083
G1 X72.5 Y85.386 E11.5425
G1 X72.869 Y84.922 E11.57101
G1 X73.747 Y83.946 E11.63415
G1 X74.893 Y82.892 E11.70904
G1 X75.357 Y82.524 E11.73752
G1 X76.227 Y81.894 E11.78918
G1 X76.728 Y81.575 E11.81775
G1 X77.66 Y81.042 E11.86939
G1 X78.191 Y80.776 E11.89795
G1 X79.175 Y80.346 E11.9496
G1 X79.73 Y80.136 E11.97814
G1 X80.754 Y79.814 E12.02977
G1 X81.328 Y79.662 E12.05833
G1 X82.381 Y79.451 E12.10998
G1 X82.967 Y79.36 E12.1385
G1 X84.037 Y79.263 E12.19017
G1 X84.629 Y79.232 E12.21868
G1 X85.703 Y79.25 E12.27034
G1 X86.295 Y79.28 E12.29885
G1 X87.949 Y79.505 E12.37913
G1 X89.568 Y79.902 E12.45931
G1 X91.136 Y80.469 E12.5395
G1 X92.636 Y81.197 E12.61969
G1 X94.05 Y82.08 E12.69987
G1 X95.363 Y83.107 E12.78004
G1 X96.482 Y84.184 E12.85474
G1 X97.335 Y85.186 E12.91803
G1 X97.703 Y85.649 E12.94648
G1 X98.62 Y87.043 E13.02673
G1 X99.384 Y88.525 E13.10692
G1 X99.987 Y90.079 E13.18709
G1 X100.423 Y91.689 E13.26731
G1 X100.687 Y93.335 E13.34749
G1 X100.773 Y95.041 E13.42965
G1 X100.689 Y96.637 E13.50652
G1 X100.435 Y98.257 E13.58539
G1 X100.013 Y99.842 E13.66428
G1 X99.43 Y101.374 E13.74312
G1 X98.69 Y102.837 E13.82197
G1 X97.803 Y104.216 E13.90083
G1 X96.777 Y105.495 E13.97969
G1 X95.529 Y106.746 E14.06468
G1 X94.253 Y107.776 E14.14355
G1 X92.877 Y108.667 E14.22239
G1 X91.416 Y109.411 E14.30125
G1 X90.225 Y109.871 E14.36266
G1 X90.225 Y108.223 E14.44192
G1 X91.512 Y107.646 E14.50976
G1 X92.857 Y106.858 E14.58473
G1 X94.107 Y105.928 E14.65966
G1 X95.247 Y104.866 E14.7346
G1 X96.265 Y103.686 E14.80956
G1 X97.147 Y102.402 E14.88448
G1 X97.875 Y101.048 E14.95842
G1 X98.459 Y99.603 E15.03338
G1 X98.882 Y98.103 E15.10834
G1 X99.138 Y96.566 E15.18328
G1 X99.225 Y94.99 E15.2592
G1 X99.137 Y93.462 E15.33281
G1 X98.852 Y91.763 E15.41567
G1 X98.391 Y90.203 E15.49391
G1 X97.756 Y88.706 E15.57212
G1 X96.954 Y87.291 E15.65035
G1 X95.996 Y85.976 E15.7286
G1 X94.894 Y84.78 E15.80682
G1 X93.663 Y83.718 E15.88502
G1 X92.319 Y82.802 E15.96325
G1 X90.878 Y82.047 E16.04149
G1 X89.361 Y81.46 E16.11972
G1 X87.809 Y81.055 E16.19687
G1 X86.177 Y80.824 E16.27615
G1 X84.551 Y80.782 E16.35438
G1 X82.931 Y80.927 E16.43261
G1 X81.338 Y81.255 E16.51084
G1 X79.793 Y81.763 E16.58906
G1 X78.316 Y82.443 E16.66727
G1 X76.926 Y83.289 E16.74553
G1 X75.642 Y84.287 E16.82375
G1 X74.48 Y85.425 E16.90198
G1 X73.456 Y86.688 E16.98018
G1 X72.583 Y88.06 E17.05839
G1 X72.175 Y88.899 E17.10326
G1 X71.872 Y89.523 E17.13662
G1 X71.333 Y91.058 E17.21487
G1 X70.972 Y92.642 E17.29301
G1 X70.795 Y94.26 E17.37129
G1 X70.803 Y95.887 E17.44954
G1 X70.997 Y97.501 E17.52773
G1 X71.374 Y99.084 E17.606
G1 X71.929 Y100.611 E17.68414
G1 X72.654 Y102.065 E17.76228
G1 X73.543 Y103.431 E17.84067
G1 X74.326 Y104.378 E17.89977
G1 X74.58 Y104.683 E17.91886
G1 X75.753 Y105.809 E17.99706
G1 X77.048 Y106.794 E18.07531
G1 X78.446 Y107.625 E18.15353
G1 X79.72 Y108.198 E18.22072
G1 X79.771 Y108.594 F7800
M106 S224.4
;LAYER_CHANGE
;Z:1.35
;HEIGHT:0.1
G1 E16.22072 F2400
G92 E0
G1 Z1.35 F7800
G1 X90.57 Y111.842
G1 E2 F2400
;TYPE:Support material interface
;WIDTH:0.35
;HEIGHT:0.25
G1 F3600
G1 X90.57 Y110.374 E2.04522
G1 X90.284 Y110.484 E2.05466
G1 X90.284 Y111.714 E2.09255
G1 X89.998 Y111.714 E2.10136
G1 X89.998 Y110.593 E2.13589
G1 X89.713 Y110.448 E2.14574
G1 X89.713 Y111.714 E2.18474
G1 X89.427 Y111.714 E2.19355
G1 X89.427 Y108.928 E2.27936
G1 X89.141 Y108.928 E2.28817
G1 X89.141 Y111.714 E2.37398
G1 X88.856 Y111.714 E2.38276
G1 X88.856 Y108.928 E2.46857
G1 X88.57 Y108.928 E2.47738
G1 X88.57 Y111.714 E2.56319
G1 X88.285 Y111.714 E2.57197
G1 X88.285 Y108.928 E2.65778
G1 X87.999 Y108.928 E2.66659
G1 X87.999 Y111.714 E2.7524
G1 X87.713 Y111.714 E2.76121
G1 X87.713 Y108.928 E2.84702
G1 X87.428 Y108.928 E2.8558
G1 X87.428 Y111.714 E2.94161
G1 X87.142 Y111.714 E2.95042
G1 X87.142 Y108.928 E3.03623
G1 X86.856 Y108.928 E3.04504
G1 X86.856 Y111.714 E3.13085
G1 X86.571 Y111.714 E3.13963
G1 X86.571 Y108.928 E3.22544
G1 X86.285 Y108.928 E3.23425
G1 X86.285 Y111.714 E3.32006
G1 X86 Y111.714 E3.32884
G1 X86 Y108.928 E3.41465
G1 X85.714 Y108.928 E3.42346
G1 X85.714 Y111.714 E3.50927
G1 X85.428 Y111.714 E3.51808
G1 X85.428 Y108.928 E3.60389
G1 X85.143 Y108.928 E3.61267
G1 X85.143 Y111.714 E3.69848
G1 X84.857 Y111.714 E3.70729
G1 X84.857 Y108.928 E3.7931
G1 X84.572 Y108.928 E3.80188
G1 X84.572 Y111.714 E3.88769
G1 X84.286 Y111.714 E3.8965
G1 X84.286 Y108.928 E3.98231
G1 X84 Y108.928 E3.99112
G1 X84 Y111.714 E4.07693
G1 X83.715 Y111.714 E4.08571
G1 X83.715 Y108.928 E4.17152
G1 X83.429 Y108.928 E4.18033
G1 X83.429 Y111.714 E4.26614
G1 X83.143 Y111.714 E4.27495
G1 X83.143 Y108.928 E4.36076
G1 X82.858 Y108.928 E4.36954
G1 X82.858 Y111.714 E4.45535
G1 X82.572 Y111.714 E4.46416
G1 X82.572 Y108.928 E4.54997
G1 X82.287 Y108.928 E4.55875
G1 X82.287 Y111.714 E4.64456
G1 X82.001 Y111.714 E4.65337
G1 X82.001 Y108.928 E4.73918
G1 X81.715 Y108.928 E4.74799
G1 X81.715 Y111.714 E4.8338
G1 X81.43 Y111.714 E4.84258
G1 X81.43 Y108.928 E4.92839
G1 X81.144 Y108.928 E4.9372
G1 X81.144 Y111.714 E5.02301
G1 X80.858 Y111.714 E5.03182
G1 X80.858 Y108.928 E5.11763
G1 X80.573 Y108.928 E5.12641
G1 X80.573 Y111.714 E5.21222
G1 X80.287 Y111.714 E5.22103
G1 X80.287 Y110.448 E5.26003
G1 X80.002 Y110.594 E5.26989
G1 X80.002 Y111.714 E5.30439
G1 X79.716 Y111.714 E5.3132
G1 X79.716 Y110.483 E5.35112
G1 X79.43 Y110.373 E5.36056
G1 X79.43 Y111.842 E5.40581
G1 E3.40581 F2400
G92 E0
G1 X82.001 Y100.7 F7800
G1 E2 F2400
G1 F3600
G1 X82.001 Y89.429 E2.34717
G1 X81.715 Y89.429 E2.35598
G1 X81.715 Y100.571 E2.69918
G1 X81.43 Y100.571 E2.70796
G1 X81.43 Y89.429 E3.05116
G1 X81.144 Y89.429 E3.05997
G1 X81.144 Y100.571 E3.40317
G1 X80.858 Y100.571 E3.41198
G1 X80.858 Y89.429 E3.75518
G1 X80.573 Y89.429 E3.76396
G1 X80.573 Y100.571 E4.10716
G1 X80.287 Y100.571 E4.11597
G1 X80.287 Y89.429 E4.45917
G1 X80.002 Y89.429 E4.46795
G1 X80.002 Y100.571 E4.81115
G1 X79.716 Y100.571 E4.81996
G1 X79.716 Y89.429 E5.16316
G1 X79.43 Y89.429 E5.17197
G1 X79.43 Y100.571 E5.51517
G1 X79.429 Y97.786 E5.60095
G1 X79.145 Y97.786 E5.6097
G1 X79.145 Y92.214 E5.78133
G1 X78.859 Y92.214 E5.79014
G1 X78.859 Y97.786 E5.96177
G1 X78.574 Y97.786 E5.97055
G1 X78.574 Y92.214 E6.14218
G1 X78.288 Y92.214 E6.15099
G1 X78.288 Y97.786 E6.32262
G1 X78.002 Y97.786 E6.33143
G1 X78.002 Y92.214 E6.50306
G1 X77.717 Y92.214 E6.51184
G1 X77.717 Y97.786 E6.68347
G1 X77.431 Y97.786 E6.69228
G1 X77.431 Y92.214 E6.86391
G1 X77.145 Y92.214 E6.87272
G1 X77.145 Y97.786 E7.04435
G1 X76.86 Y97.786 E7.05313
G1 X76.86 Y92.086 E7.2287
G1 E5.2287 F2400
G92 E0
G1 X87.428 Y86.515 F7800
G1 E2 F2400
G1 F3600
G1 X87.428 Y92.214 E2.17554
G1 X87.142 Y92.214 E2.18435
G1 X87.142 Y86.643 E2.35595
G1 X86.856 Y86.643 E2.36476
G1 X86.856 Y92.214 E2.53636
G1 X86.571 Y92.214 E2.54514
G1 X86.571 Y86.643 E2.71674
G1 X86.285 Y86.643 E2.72555
G1 X86.285 Y92.214 E2.89715
G1 X86 Y92.214 E2.90593
G1 X86 Y86.643 E3.07753
G1 X85.714 Y86.643 E3.08634
G1 X85.714 Y92.214 E3.25794
G1 X85.428 Y92.214 E3.26675
G1 X85.428 Y86.643 E3.43835
G1 X85.143 Y86.643 E3.44713
G1 X85.143 Y92.214 E3.61873
G1 X84.857 Y92.214 E3.62754
G1 X84.857 Y86.643 E3.79914
G1 X84.572 Y86.643 E3.80792
G1 X84.572 Y92.214 E3.97952
G1 X84.286 Y92.214 E3.98833
G1 X84.286 Y86.643 E4.15993
G1 X84 Y86.643 E4.16874
G1 X84 Y92.214 E4.34034
G1 X83.715 Y92.214 E4.34912
G1 X83.715 Y86.643 E4.52072
G1 X83.429 Y86.643 E4.52953
G1 X83.429 Y92.214 E4.70113
G1 X83.143 Y92.214 E4.70994
G1 X83.143 Y86.643 E4.88154
G1 X82.858 Y86.643 E4.89032
G1 X82.858 Y92.214 E5.06192
G1 X82.572 Y92.214 E5.07073
G1 X82.572 Y86.643 E5.24233
G1 X82.287 Y86.643 E5.25111
G1 X82.287 Y103.357 E5.76593
G1 X82.572 Y103.357 E5.77471
G1 X82.572 Y97.786 E5.94631
G1 X82.858 Y97.786 E5.95512
G1 X82.858 Y103.357 E6.12672
G1 X83.143 Y103.357 E6.1355
G1 X83.143 Y97.786 E6.3071
G1 X83.429 Y97.786 E6.31591
G1 X83.429 Y103.357 E6.48751
G1 X83.715 Y103.357 E6.49632
G1 X83.715 Y97.786 E6.66792
G1 X84 Y97.786 E6.6767
G1 X84 Y103.357 E6.8483
G1 X84.286 Y103.357 E6.85711
G1 X84.286 Y97.786 E7.02871
G1 X84.572 Y97.786 E7.03752
G1 X84.572 Y103.357 E7.20912
G1 X84.857 Y103.357 E7.2179
G1 X84.857 Y97.786 E7.3895
G1 X85.143 Y97.786 E7.39831
G1 X85.143 Y103.357 E7.56991
G1 X85.428 Y103.357 E7.57869
G1 X85.428 Y97.786 E7.75029
G1 X85.714 Y97.786 E7.7591
G1 X85.714 Y103.357 E7.9307
G1 X86 Y103.357 E7.93951
G1 X86 Y97.786 E8.11111
G1 X86.285 Y97.786 E8.11989
G1 X86.285 Y103.357 E8.29149
G1 X86.571 Y103.357 E8.3003
G1 X86.571 Y97.786 E8.4719
G1 X86.856 Y97.786 E8.48068
G1 X86.856 Y103.357 E8.65228
G1 X87.142 Y103.357 E8.66109
G1 X87.142 Y97.786 E8.83269
G1 X87.428 Y97.786 E8.8415
G1 X87.428 Y103.357 E9.0131
G1 X87.713 Y103.357 E9.02188
G1 X87.713 Y86.643 E9.5367
G1 X87.786 Y86.643 E9.53895
G1 X87.786 Y89.429 E9.62476
G1 X87.999 Y89.429 E9.63132
G1 X87.999 Y100.571 E9.97452
G1 X88.285 Y100.571 E9.98333
G1 X88.285 Y89.429 E10.32653
G1 X88.57 Y89.429 E10.33531
G1 X88.57 Y100.571 E10.67851
G1 X88.856 Y100.571 E10.68732
G1 X88.856 Y89.429 E11.03052
G1 X89.141 Y89.429 E11.0393
G1 X89.141 Y100.571 E11.3825
G1 X89.427 Y100.571 E11.39131
G1 X89.427 Y89.429 E11.73451
G1 X89.713 Y89.429 E11.74332
G1 X89.713 Y100.571 E12.08652
G1 X89.998 Y100.571 E12.0953
G1 X89.998 Y89.429 E12.4385
G1 X90.284 Y89.429 E12.44731
G1 X90.284 Y100.571 E12.79051
G1 X90.57 Y100.571 E12.79932
G1 X90.57 Y89.429 E13.14252
G1 X90.571 Y92.214 E13.2283
G1 X90.855 Y92.214 E13.23705
G1 X90.855 Y97.786 E13.40868
G1 X91.141 Y97.786 E13.41749
G1 X91.141 Y92.214 E13.58912
G1 X91.426 Y92.214 E13.5979
G1 X91.426 Y97.786 E13.76953
G1 X91.712 Y97.786 E13.77834
G1 X91.712 Y92.214 E13.94997
G1 X91.998 Y92.214 E13.95878
G1 X91.998 Y97.786 E14.13041
G1 X92.283 Y97.786 E14.13919
G1 X92.283 Y92.214 E14.31082
G1 X92.569 Y92.214 E14.31963
G1 X92.569 Y97.786 E14.49126
G1 X92.854 Y97.786 E14.50004
G1 X92.854 Y92.214 E14.67167
G1 X93.14 Y92.214 E14.68048
G1 X93.14 Y97.914 E14.85605
;LAYER_CHANGE
;Z:1.55
;HEIGHT:0.2
G1 E12.85605 F2400
G92 E0
G1 Z1.55 F7800
G1 X78.992 Y108.729
G1 E2 F2400
;TYPE:Perimeter
;WIDTH:0.473229
;HEIGHT:0.3
G1 F3600
G1 X78.133 Y108.322 E2.04847
;WIDTH:0.477421
G1 X77.491 Y107.972 E2.08614
G1 X76.657 Y107.452 E2.13677
;WIDTH:0.475327
G1 X76.163 Y107.107 E2.16765
G1 X75.606 Y106.674 E2.20381
;WIDTH:0.461275
G1 X75.206 Y106.347 E2.22939
;WIDTH:0.477753
G1 X74.729 Y105.916 E2.26254
G1 X74.048 Y105.236 E2.31216
;WIDTH:0.472741
G1 X73.728 Y104.883 E2.33643
G1 X72.951 Y103.92 E2.39945
;WIDTH:0.468037
G1 X72.748 Y103.643 E2.41674
G1 X72.01 Y102.487 E2.48579
;WIDTH:0.462083
G1 X71.235 Y100.952 E2.57109
;WIDTH:0.465247
G1 X70.667 Y99.412 E2.65316
;WIDTH:0.460375
G1 X70.618 Y99.24 E2.66199
;WIDTH:0.465627
G1 X70.285 Y97.876 E2.73226
G1 X70.231 Y97.571 E2.74776
;WIDTH:0.470221
G1 X70.066 Y96.304 E2.81244
G1 X70.024 Y95.594 E2.84844
;WIDTH:0.473857
G1 X70.027 Y94.21 E2.91912
;WIDTH:0.475779
G1 X70.126 Y93.158 E2.97334
G1 X70.206 Y92.559 E3.00435
;WIDTH:0.476411
G1 X70.403 Y91.604 E3.05446
G1 X70.574 Y90.908 E3.09129
;WIDTH:0.475751
G1 X70.841 Y90.088 E3.13554
G1 X71.087 Y89.415 E3.17231
;WIDTH:0.473799
G1 X71.436 Y88.626 E3.21637
G1 X71.754 Y87.984 E3.25295
;WIDTH:0.470557
G1 X72.181 Y87.235 E3.29663
G1 X72.566 Y86.63 E3.33296
;WIDTH:0.470373
G1 X72.872 Y86.185 E3.36031
;WIDTH:0.473811
G1 X73.515 Y85.371 E3.41328
G1 X73.884 Y84.94 E3.44225
;WIDTH:0.475021
G1 X74.284 Y84.518 E3.47203
G1 X75.105 Y83.738 E3.53003
;WIDTH:0.472387
G1 X75.907 Y83.089 E3.58253
G1 X76.454 Y82.679 E3.61732
;WIDTH:0.473731
G1 X77.21 Y82.199 E3.66304
G1 X77.915 Y81.783 E3.70483
G1 X78.599 Y81.45 E3.74367
G1 X79.386 Y81.097 E3.78771
;WIDTH:0.472541
G1 X80.059 Y80.85 E3.82421
G1 X80.88 Y80.587 E3.8681
;WIDTH:0.470011
G1 X81.574 Y80.407 E3.90437
G1 X82.419 Y80.236 E3.94799
;WIDTH:0.466185
G1 X83.128 Y80.126 E3.98395
;WIDTH:0.468397
G1 X84.518 Y80.012 E4.05423
;WIDTH:0.469505
G1 X86.197 Y80.051 E4.13909
;WIDTH:0.469321
G1 X87.839 Y80.275 E4.22279
;WIDTH:0.459327
G1 X88.003 Y80.31 E4.23105
;WIDTH:0.465077
G1 X89.378 Y80.66 E4.30196
G1 X89.66 Y80.751 E4.31677
;WIDTH:0.470409
G1 X90.861 Y81.202 E4.38174
G1 X91.255 Y81.378 E4.40359
;WIDTH:0.474449
G1 X92.279 Y81.896 E4.46228
G1 X92.737 Y82.162 E4.48937
;WIDTH:0.437891
G1 X92.769 Y82.182 E4.49113
;WIDTH:0.477199
G1 X93.616 Y82.735 E4.54321
G1 X94.094 Y83.085 E4.57371
;WIDTH:0.478883
G1 X94.861 Y83.713 E4.62496
G1 X95.397 Y84.199 E4.66237
;WIDTH:0.477983
G1 X96.085 Y84.913 E4.71352
G1 X96.559 Y85.459 E4.75082
;WIDTH:0.477839
G1 X97.092 Y86.145 E4.79562
G1 X97.572 Y86.841 E4.83922
;WIDTH:0.477175
G1 X97.957 Y87.465 E4.87697
G1 X98.422 Y88.329 E4.92749
;WIDTH:0.475223
G1 X98.678 Y88.869 E4.95811
G1 X99.097 Y89.904 E5.01533
;WIDTH:0.471983
G1 X99.249 Y90.341 E5.03885
G1 X99.588 Y91.546 E5.10249
;WIDTH:0.467445
G1 X99.662 Y91.864 E5.1189
G1 X99.89 Y93.234 E5.18872
;WIDTH:0.461619
G1 X99.997 Y94.949 E5.27386
;WIDTH:0.454823
G1 X99.997 Y95.053 E5.27892
;WIDTH:0.459131
G1 X99.9 Y96.693 E5.35981
;WIDTH:0.463091
G1 X99.673 Y98.093 E5.43034
G1 X99.623 Y98.312 E5.44151
;WIDTH:0.466551
G1 X99.272 Y99.597 E5.50833
G1 X99.172 Y99.891 E5.52391
;WIDTH:0.469519
G1 X98.717 Y101.051 E5.58687
G1 X98.551 Y101.411 E5.6069
;WIDTH:0.471985
G1 X98.015 Y102.44 E5.66588
G1 X97.768 Y102.854 E5.69039
;WIDTH:0.473951
G1 X97.172 Y103.749 E5.74532
G1 X96.854 Y104.176 E5.77252
;WIDTH:0.475537
G1 X96.197 Y104.966 E5.82521
G1 X95.828 Y105.368 E5.85319
;WIDTH:0.465835
G1 X95.407 Y105.783 E5.88279
;WIDTH:0.474679
G1 X94.998 Y106.169 E5.91157
G1 X94.576 Y106.533 E5.94009
;WIDTH:0.475537
G1 X93.778 Y107.15 E5.99182
G1 X93.313 Y107.473 E6.02085
;WIDTH:0.476505
G1 X92.471 Y107.994 E6.07175
G1 X91.899 Y108.307 E6.10527
;WIDTH:0.477025
G1 X91.008 Y108.73 E6.15603
G1 E4.15603 F2400
G92 E0
G1 X79.389 Y108.472 F7800
G1 E2 F2400
;WIDTH:0.45
G1 F3600
G1 X79.389 Y109.308 E2.04021
G1 X78.734 Y109.055 E2.07398
G1 X77.291 Y108.318 E2.15191
G1 X75.93 Y107.431 E2.23004
G1 X75.357 Y106.976 E2.26523
G1 X74.455 Y106.207 E2.32224
G1 X73.429 Y105.145 E2.39326
G1 X72.426 Y103.87 E2.47128
G1 X71.563 Y102.499 E2.5492
G1 X70.847 Y101.041 E2.62732
G1 X70.293 Y99.525 E2.70495
G1 X69.898 Y97.951 E2.783
G1 X69.671 Y96.341 E2.8612
G1 X69.634 Y95.608 E2.8965
G1 X69.616 Y94.726 E2.93893
G1 X69.654 Y93.989 E2.97442
G1 X69.73 Y93.11 E3.01685
G1 X69.844 Y92.381 E3.05234
G1 X70.014 Y91.515 E3.09479
G1 X70.203 Y90.801 E3.13031
G1 X70.464 Y89.958 E3.17275
G1 X70.725 Y89.268 E3.20823
G1 X71.076 Y88.458 E3.25069
G1 X71.407 Y87.798 E3.2862
G1 X71.842 Y87.03 E3.32865
G1 X72.239 Y86.408 E3.36414
G1 X72.753 Y85.691 E3.40657
G1 X73.212 Y85.114 E3.44203
G1 X74.001 Y84.238 E3.49873
G1 X75.093 Y83.229 E3.57024
G1 X75.668 Y82.773 E3.60554
G1 X76.383 Y82.255 E3.64801
G1 X77.005 Y81.858 E3.6835
G1 X77.771 Y81.42 E3.72594
G1 X78.431 Y81.09 E3.76143
G1 X79.239 Y80.736 E3.80386
G1 X79.93 Y80.475 E3.83939
G1 X80.771 Y80.21 E3.8818
G1 X81.485 Y80.022 E3.91731
G1 X82.35 Y79.848 E3.95975
G1 X83.079 Y79.735 E3.99523
G1 X83.958 Y79.655 E4.03768
G1 X84.695 Y79.617 E4.07317
G1 X85.578 Y79.631 E4.11564
G1 X86.315 Y79.669 E4.15113
G1 X87.916 Y79.892 E4.22888
G1 X89.493 Y80.283 E4.30702
G1 X91.016 Y80.837 E4.38497
G1 X92.472 Y81.548 E4.4629
G1 X93.845 Y82.408 E4.54082
G1 X95.123 Y83.41 E4.61893
G1 X95.979 Y84.225 E4.67578
G1 X96.385 Y84.648 E4.70398
G1 X97.415 Y85.909 E4.78229
G1 X98.302 Y87.264 E4.86018
G1 X99.042 Y88.706 E4.93813
G1 X99.626 Y90.217 E5.01604
G1 X100.048 Y91.782 E5.094
G1 X100.303 Y93.382 E5.17193
G1 X100.387 Y95.021 E5.25086
G1 X100.306 Y96.596 E5.32671
G1 X100.058 Y98.174 E5.40354
G1 X99.647 Y99.718 E5.48039
G1 X99.079 Y101.211 E5.55722
G1 X98.359 Y102.638 E5.6341
G1 X97.495 Y103.982 E5.71095
G1 X96.496 Y105.23 E5.78784
G1 X95.684 Y106.062 E5.84376
G1 X95.261 Y106.468 E5.87196
G1 X94.012 Y107.473 E5.94906
G1 X92.67 Y108.341 E6.02593
G1 X91.245 Y109.064 E6.10278
G1 X90.611 Y109.309 E6.13547
G1 X90.611 Y108.473 E6.17568
G1 X91.707 Y107.979 E6.2335
G1 X93.087 Y107.168 E6.31049
G1 X94.369 Y106.21 E6.38746
G1 X95.539 Y105.118 E6.46443
G1 X95.895 Y104.706 E6.49062
G1 X96.583 Y103.905 E6.54141
G1 X97.487 Y102.584 E6.6184
G1 X98.215 Y101.23 E6.69234
G1 X98.817 Y99.748 E6.76928
G1 X99.253 Y98.208 E6.84626
G1 X99.519 Y96.63 E6.92323
G1 X99.61 Y95.032 E7.00021
G1 X99.523 Y93.445 E7.07665
G1 X99.221 Y91.654 E7.16401
G1 X98.747 Y90.053 E7.24432
G1 X98.092 Y88.516 E7.32468
G1 X97.266 Y87.064 E7.40503
G1 X96.28 Y85.715 E7.4854
G1 X95.147 Y84.489 E7.56569
G1 X93.88 Y83.399 E7.64608
G1 X92.555 Y82.495 E7.72323
G1 X91.078 Y81.715 E7.80357
G1 X89.522 Y81.108 E7.8839
G1 X87.906 Y80.682 E7.96428
G1 X86.187 Y80.439 E8.04778
G1 X84.517 Y80.398 E8.12813
G1 X83.162 Y80.518 E8.19356
G1 X82.499 Y80.622 E8.22584
G1 X81.218 Y80.888 E8.28877
G1 X79.632 Y81.412 E8.36911
G1 X78.116 Y82.114 E8.44946
G1 X76.69 Y82.984 E8.5298
G1 X75.373 Y84.011 E8.61013
G1 X74.181 Y85.182 E8.6905
G1 X73.131 Y86.481 E8.77084
G1 X72.236 Y87.892 E8.85121
G1 X71.794 Y88.8 E8.89978
G1 X71.508 Y89.395 E8.93153
G1 X70.957 Y90.972 E9.01187
G1 X70.589 Y92.601 E9.09219
G1 X70.41 Y94.23 E9.17101
G1 X70.42 Y95.932 E9.25287
G1 X70.622 Y97.591 E9.33325
G1 X70.992 Y99.152 E9.41041
G1 X71.326 Y100.084 E9.45803
G1 X71.583 Y100.781 E9.49376
G1 X72.332 Y102.278 E9.57427
G1 X73.246 Y103.676 E9.6546
G1 X74.313 Y104.961 E9.73493
G1 X75.52 Y106.116 E9.81528
G1 X76.851 Y107.126 E9.89564
G1 X78.288 Y107.977 E9.97597
G1 X79.335 Y108.447 E10.03117
G1 X79.775 Y108.222 F7800
;TYPE:External perimeter
G1 F1800
G1 X79.775 Y109.871 E10.11048
G1 X78.577 Y109.407 E10.17227
G1 X77.097 Y108.652 E10.25218
G1 X75.705 Y107.744 E10.33211
G1 X75.112 Y107.274 E10.3685
G1 X74.191 Y106.488 E10.42674
G1 X73.138 Y105.398 E10.49963
G1 X72.11 Y104.093 E10.57953
G1 X71.225 Y102.687 E10.65943
G1 X70.493 Y101.195 E10.73936
G1 X69.923 Y99.637 E10.81915
G1 X69.519 Y98.025 E10.89908
G1 X69.287 Y96.378 E10.97908
G1 X69.248 Y95.622 E11.01549
G1 X69.23 Y94.72 E11.05888
G1 X69.269 Y93.962 E11.09539
G1 X69.347 Y93.063 E11.13879
G1 X69.464 Y92.314 E11.17525
G1 X69.638 Y91.428 E11.21868
G1 X69.832 Y90.695 E11.25515
G1 X70.1 Y89.833 E11.29857
G1 X70.368 Y89.123 E11.33507
G1 X70.726 Y88.295 E11.37846
G1 X71.066 Y87.617 E11.41494
G1 X71.511 Y86.832 E11.45834
G1 X71.919 Y86.192 E11.49484
G1 X72.446 Y85.459 E11.53826
G1 X72.917 Y84.865 E11.57472
G1 X73.726 Y83.967 E11.63285
G1 X74.842 Y82.936 E11.70593
G1 X75.434 Y82.465 E11.74232
G1 X76.166 Y81.936 E11.78576
G1 X76.805 Y81.528 E11.82222
G1 X77.589 Y81.08 E11.86565
G1 X78.267 Y80.74 E11.90213
G1 X79.094 Y80.379 E11.94553
G1 X79.803 Y80.111 E11.98199
G1 X80.664 Y79.84 E12.0254
G1 X81.398 Y79.646 E12.06192
G1 X82.283 Y79.469 E12.10533
G1 X83.032 Y79.352 E12.14179
G1 X83.931 Y79.27 E12.18521
G1 X84.689 Y79.231 E12.22172
G1 X85.591 Y79.246 E12.26511
G1 X86.348 Y79.285 E12.30157
G1 X87.244 Y79.397 E12.345
G1 X87.992 Y79.513 E12.38141
G1 X89.606 Y79.914 E12.4614
G1 X91.167 Y80.482 E12.54129
G1 X92.66 Y81.21 E12.62118
G1 X94.067 Y82.092 E12.70105
G1 X95.375 Y83.118 E12.78101
G1 X96.252 Y83.952 E12.83922
G1 X96.673 Y84.392 E12.86851
G1 X97.726 Y85.681 E12.94856
G1 X98.636 Y87.07 E13.02843
G1 X99.394 Y88.548 E13.10832
G1 X99.993 Y90.097 E13.1882
G1 X100.426 Y91.701 E13.26811
G1 X100.687 Y93.341 E13.34798
G1 X100.773 Y95.041 E13.42985
G1 X100.69 Y96.636 E13.50667
G1 X100.436 Y98.254 E13.58544
G1 X100.015 Y99.836 E13.66418
G1 X99.433 Y101.367 E13.74296
G1 X98.695 Y102.829 E13.82173
G1 X97.809 Y104.207 E13.90052
G1 X96.785 Y105.486 E13.97932
G1 X95.956 Y106.336 E14.03643
G1 X95.515 Y106.758 E14.06579
G1 X94.238 Y107.786 E14.14464
G1 X92.862 Y108.675 E14.22343
G1 X91.402 Y109.417 E14.3022
G1 X90.225 Y109.871 E14.36287
G1 X90.225 Y108.223 E14.44213
G1 X91.512 Y107.646 E14.50997
G1 X92.857 Y106.858 E14.58494
G1 X94.107 Y105.928 E14.65987
G1 X95.247 Y104.866 E14.73481
G1 X96.265 Y103.686 E14.80977
G1 X97.136 Y102.42 E14.88368
G1 X97.875 Y101.048 E14.95863
G1 X98.459 Y99.603 E15.03359
G1 X98.882 Y98.103 E15.10855
G1 X99.138 Y96.566 E15.18349
G1 X99.225 Y94.99 E15.25941
G1 X99.138 Y93.468 E15.33273
G1 X98.852 Y91.763 E15.41588
G1 X98.391 Y90.203 E15.49412
G1 X97.756 Y88.706 E15.57233
G1 X96.954 Y87.291 E15.65056
G1 X95.996 Y85.976 E15.72881
G1 X94.894 Y84.78 E15.80703
G1 X93.663 Y83.718 E15.88523
G1 X92.319 Y82.802 E15.96346
G1 X90.878 Y82.047 E16.0417
G1 X89.382 Y81.467 E16.11887
G1 X87.809 Y81.055 E16.19708
G1 X86.177 Y80.824 E16.27636
G1 X84.551 Y80.782 E16.35459
G1 X83.196 Y80.902 E16.42002
G1 X82.576 Y80.999 E16.4502
G1 X81.338 Y81.255 E16.511
G1 X79.793 Y81.763 E16.58922
G1 X78.316 Y82.443 E16.66743
G1 X76.926 Y83.289 E16.74569
G1 X75.642 Y84.287 E16.82391
G1 X74.48 Y85.425 E16.90214
G1 X73.672 Y86.42 E16.96379
G1 X73.225 Y87.051 E17.00098
G1 X72.583 Y88.06 E17.0585
G1 X72.14 Y88.969 E17.10714
G1 X71.872 Y89.523 E17.13674
G1 X71.333 Y91.058 E17.21499
G1 X70.972 Y92.643 E17.29318
G1 X70.811 Y94.101 E17.36373
G1 X70.803 Y95.887 E17.44963
G1 X70.997 Y97.501 E17.52782
G1 X71.374 Y99.084 E17.60609
G1 X71.929 Y100.611 E17.68423
G1 X72.654 Y102.065 E17.76237
G1 X73.543 Y103.431 E17.84076
G1 X74.331 Y104.385 E17.90027
G1 X74.58 Y104.683 E17.91895
G1 X75.753 Y105.809 E17.99715
G1 X77.048 Y106.794 E18.0754
G1 X78.446 Y107.625 E18.15362
G1 X79.72 Y108.198 E18.22081
G1 X79.771 Y108.594 F7800
M106 S198.9
;LAYER_CHANGE
;Z:1.6
;HEIGHT:0.0500001
G1 E16.22081 F2400
G92 E0
G1 Z1.6 F7800
G1 X90.57 Y111.842
G1 E2 F2400
;TYPE:Support material interface
;WIDTH:0.35
;HEIGHT:0.25
G1 F3600
G1 X90.57 Y110.374 E2.04522
G1 X90.284 Y110.484 E2.05466
G1 X90.284 Y111.714 E2.09255
G1 X89.998 Y111.714 E2.10136
G1 X89.998 Y110.593 E2.13589
G1 X89.713 Y110.448 E2.14574
G1 X89.713 Y111.714 E2.18474
G1 X89.427 Y111.714 E2.19355
G1 X89.427 Y108.928 E2.27936
G1 X89.141 Y108.928 E2.28817
G1 X89.141 Y111.714 E2.37398
G1 X88.856 Y111.714 E2.38276
G1 X88.856 Y108.928 E2.46857
G1 X88.57 Y108.928 E2.47738
G1 X88.57 Y111.714 E2.56319
G1 X88.285 Y111.714 E2.57197
G1 X88.285 Y108.928 E2.65778
G1 X87.999 Y108.928 E2.66659
G1 X87.999 Y111.714 E2.7524
G1 X87.713 Y111.714 E2.76121
G1 X87.713 Y108.928 E2.84702
G1 X87.428 Y108.928 E2.8558
G1 X87.428 Y111.714 E2.94161
G1 X87.142 Y111.714 E2.95042
G1 X87.142 Y108.928 E3.03623
G1 X86.856 Y108.928 E3.04504
G1 X86.856 Y111.714 E3.13085
G1 X86.571 Y111.714 E3.13963
G1 X86.571 Y108.928 E3.22544
G1 X86.285 Y108.928 E3.23425
G1 X86.285 Y111.714 E3.32006
G1 X86 Y111.714 E3.32884
G1 X86 Y108.928 E3.41465
G1 X85.714 Y108.928 E3.42346
G1 X85.714 Y111.714 E3.50927
G1 X85.428 Y111.714 E3.51808
G1 X85.428 Y108.928 E3.60389
G1 X85.143 Y108.928 E3.61267
G1 X85.143 Y111.714 E3.69848
G1 X84.857 Y111.714 E3.70729
G1 X84.857 Y108.928 E3.7931
G1 X84.572 Y108.928 E3.80188
G1 X84.572 Y111.714 E3.88769
G1 X84.286 Y111.714 E3.8965
G1 X84.286 Y108.928 E3.98231
G1 X84 Y108.928 E3.99112
G1 X84 Y111.714 E4.07693
G1 X83.715 Y111.714 E4.08571
G1 X83.715 Y108.928 E4.17152
G1 X83.429 Y108.928 E4.18033
G1 X83.429 Y111.714 E4.26614
G1 X83.143 Y111.714 E4.27495
G1 X83.143 Y108.928 E4.36076
G1 X82.858 Y108.928 E4.36954
G1 X82.858 Y111.714 E4.45535
G1 X82.572 Y111.714 E4.46416
G1 X82.572 Y108.928 E4.54997
G1 X82.287 Y108.928 E4.55875
G1 X82.287 Y111.714 E4.64456
G1 X82.001 Y111.714 E4.65337
G1 X82.001 Y108.928 E4.73918
G1 X81.715 Y108.928 E4.74799
G1 X81.715 Y111.714 E4.8338
G1 X81.43 Y111.714 E4.84258
G1 X81.43 Y108.928 E4.92839
G1 X81.144 Y108.928 E4.9372
G1 X81.144 Y111.714 E5.02301
G1 X80.858 Y111.714 E5.03182
G1 X80.858 Y108.928 E5.11763
G1 X80.573 Y108.928 E5.12641
G1 X80.573 Y111.714 E5.21222
G1 X80.287 Y111.714 E5.22103
G1 X80.287 Y110.448 E5.26003
G1 X80.002 Y110.594 E5.26989
G1 X80.002 Y111.714 E5.30439
G1 X79.716 Y111.714 E5.3132
G1 X79.716 Y110.483 E5.35112
G1 X79.43 Y110.373 E5.36056
G1 X79.43 Y111.842 E5.40581
G1 E3.40581 F2400
G92 E0
G1 X82.001 Y100.7 F7800
G1 E2 F2400
G1 F3600
G1 X82.001 Y89.429 E2.34717
G1 X81.715 Y89.429 E2.35598
G1 X81.715 Y100.571 E2.69918
G1 X81.43 Y100.571 E2.70796
G1 X81.43 Y89.429 E3.05116
G1 X81.144 Y89.429 E3.05997
G1 X81.144 Y100.571 E3.40317
G1 X80.858 Y100.571 E3.41198
G1 X80.858 Y89.429 E3.75518
G1 X80.573 Y89.429 E3.76396
G1 X80.573 Y100.571 E4.10716
G1 X80.287 Y100.571 E4.11597
G1 X80.287 Y89.429 E4.45917
G1 X80.002 Y89.429 E4.46795
G1 X80.002 Y100.571 E4.81115
G1 X79.716 Y100.571 E4.81996
G1 X79.716 Y89.429 E5.16316
G1 X79.43 Y89.429 E5.17197
G1 X79.43 Y100.571 E5.51517
G1 X79.429 Y97.786 E5.60095
G1 X79.145 Y97.786 E5.6097
G1 X79.145 Y92.214 E5.78133
G1 X78.859 Y92.214 E5.79014
G1 X78.859 Y97.786 E5.96177
G1 X78.574 Y97.786 E5.97055
G1 X78.574 Y92.214 E6.14218
G1 X78.288 Y92.214 E6.15099
G1 X78.288 Y97.786 E6.32262
G1 X78.002 Y97.786 E6.33143
G1 X78.002 Y92.214 E6.50306
G1 X77.717 Y92.214 E6.51184
G1 X77.717 Y97.786 E6.68347
G1 X77.431 Y97.786 E6.69228
G1 X77.431 Y92.214 E6.86391
G1 X77.145 Y92.214 E6.87272
G1 X77.145 Y97.786 E7.04435
G1 X76.86 Y97.786 E7.05313
G1 X76.86 Y92.086 E7.2287
G1 E5.2287 F2400
G92 E0
G1 X87.428 Y86.515 F7800
G1 E2 F2400
G1 F3600
G1 X87.428 Y92.214 E2.17554
G1 X87.142 Y92.214 E2.18435
G1 X87.142 Y86.643 E2.35595
G1 X86.856 Y86.643 E2.36476
G1 X86.856 Y92.214 E2.53636
G1 X86.571 Y92.214 E2.54514
G1 X86.571 Y86.643 E2.71674
G1 X86.285 Y86.643 E2.72555
G1 X86.285 Y92.214 E2.89715
G1 X86 Y92.214 E2.90593
G1 X86 Y86.643 E3.07753
G1 X85.714 Y86.643 E3.08634
G1 X85.714 Y92.214 E3.25794
G1 X85.428 Y92.214 E3.26675
G1 X85.428 Y86.643 E3.43835
G1 X85.143 Y86.643 E3.44713
G1 X85.143 Y92.214 E3.61873
G1 X84.857 Y92.214 E3.62754
G1 X84.857 Y86.643 E3.79914
G1 X84.572 Y86.643 E3.80792
G1 X84.572 Y92.214 E3.97952
G1 X84.286 Y92.214 E3.98833
G1 X84.286 Y86.643 E4.15993
G1 X84 Y86.643 E4.16874
G1 X84 Y92.214 E4.34034
G1 X83.715 Y92.214 E4.34912
G1 X83.715 Y86.643 E4.52072
G1 X83.429 Y86.643 E4.52953
G1 X83.429 Y92.214 E4.70113
G1 X83.143 Y92.214 E4.70994
G1 X83.143 Y86.643 E4.88154
G1 X82.858 Y86.643 E4.89032
G1 X82.858 Y92.214 E5.06192
G1 X82.572 Y92.214 E5.07073
G1 X82.572 Y86.643 E5.24233
G1 X82.287 Y86.643 E5.25111
G1 X82.287 Y103.357 E5.76593
G1 X82.572 Y103.357 E5.77471
G1 X82.572 Y97.786 E5.94631
G1 X82.858 Y97.786 E5.95512
G1 X82.858 Y103.357 E6.12672
G1 X83.143 Y103.357 E6.1355
G1 X83.143 Y97.786 E6.3071
G1 X83.429 Y97.786 E6.31591
G1 X83.429 Y103.357 E6.48751
G1 X83.715 Y103.357 E6.49632
G1 X83.715 Y97.786 E6.66792
G1 X84 Y97.786 E6.6767
G1 X84 Y103.357 E6.8483
G1 X84.286 Y103.357 E6.85711
G1 X84.286 Y97.786 E7.02871
G1 X84.572 Y97.786 E7.03752
G1 X84.572 Y103.357 E7.20912
G1 X84.857 Y103.357 E7.2179
G1 X84.857 Y97.786 E7.3895
G1 X85.143 Y97.786 E7.39831
G1 X85.143 Y103.357 E7.56991
G1 X85.428 Y103.357 E7.57869
G1 X85.428 Y97.786 E7.75029
G1 X85.714 Y97.786 E7.7591
G1 X85.714 Y103.357 E7.9307
G1 X86 Y103.357 E7.93951
G1 X86 Y97.786 E8.11111
G1 X86.285 Y97.786 E8.11989
G1 X86.285 Y103.357 E8.29149
G1 X86.571 Y103.357 E8.3003
G1 X86.571 Y97.786 E8.4719
G1 X86.856 Y97.786 E8.48068
G1 X86.856 Y103.357 E8.65228
G1 X87.142 Y103.357 E8.66109
G1 X87.142 Y97.786 E8.83269
G1 X87.428 Y97.786 E8.8415
G1 X87.428 Y103.357 E9.0131
G1 X87.713 Y103.357 E9.02188
G1 X87.713 Y86.643 E9.5367
G1 X87.786 Y86.643 E9.53895
G1 X87.786 Y89.429 E9.62476
G1 X87.999 Y89.429 E9.63132
G1 X87.999 Y100.571 E9.97452
G1 X88.285 Y100.571 E9.98333
G1 X88.285 Y89.429 E10.32653
G1 X88.57 Y89.429 E10.33531
G1 X88.57 Y100.571 E10.67851
G1 X88.856 Y100.571 E10.68732
G1 X88.856 Y89.429 E11.03052
G1 X89.141 Y89.429 E11.0393
G1 X89.141 Y100.571 E11.3825
G1 X89.427 Y100.571 E11.39131
G1 X89.427 Y89.429 E11.73451
G1 X89.713 Y89.429 E11.74332
G1 X89.713 Y100.571 E12.08652
G1 X89.998 Y100.571 E12.0953
G1 X89.998 Y89.429 E12.4385
G1 X90.284 Y89.429 E12.44731
G1 X90.284 Y100.571 E12.79051
G1 X90.57 Y100.571 E12.79932
G1 X90.57 Y89.429 E13.14252
G1 X90.571 Y92.214 E13.2283
G1 X90.855 Y92.214 E13.23705
G1 X90.855 Y97.786 E13.40868
G1 X91.141 Y97.786 E13.41749
G1 X91.141 Y92.214 E13.58912
G1 X91.426 Y92.214 E13.5979
G1 X91.426 Y97.786 E13.76953
G1 X91.712 Y97.786 E13.77834
G1 X91.712 Y92.214 E13.94997
G1 X91.998 Y92.214 E13.95878
G1 X91.998 Y97.786 E14.13041
G1 X92.283 Y97.786 E14.13919
G1 X92.283 Y92.214 E14.31082
G1 X92.569 Y92.214 E14.31963
G1 X92.569 Y97.786 E14.49126
G1 X92.854 Y97.786 E14.50004
G1 X92.854 Y92.214 E14.67167
G1 X93.14 Y92.214 E14.68048
G1 X93.14 Y97.914 E14.85605
;LAYER_CHANGE
;Z:1.85
;HEIGHT:0.25
G1 E12.85605 F2400
G92 E0
G1 Z1.85 F7800
G1 X90.57 Y111.842
G1 E2 F2400
G1 F3600
G1 X90.57 Y110.374 E2.04522
G1 X90.284 Y110.484 E2.05466
G1 X90.284 Y111.714 E2.09255
G1 X89.998 Y111.714 E2.10136
G1 X89.998 Y110.593 E2.13589
G1 X89.713 Y110.448 E2.14574
G1 X89.713 Y111.714 E2.18474
G1 X89.427 Y111.714 E2.19355
G1 X89.427 Y108.928 E2.27936
G1 X89.141 Y108.928 E2.28817
G1 X89.141 Y111.714 E2.37398
G1 X88.856 Y111.714 E2.38276
G1 X88.856 Y108.928 E2.46857
G1 X88.57 Y108.928 E2.47738
G1 X88.57 Y111.714 E2.56319
G1 X88.285 Y111.714 E2.57197
G1 X88.285 Y108.928 E2.65778
G1 X87.999 Y108.928 E2.66659
G1 X87.999 Y111.714 E2.7524
G1 X87.713 Y111.714 E2.76121
G1 X87.713 Y108.928 E2.84702
G1 X87.428 Y108.928 E2.8558
G1 X87.428 Y111.714 E2.94161
G1 X87.142 Y111.714 E2.95042
G1 X87.142 Y108.928 E3.03623
G1 X86.856 Y108.928 E3.04504
G1 X86.856 Y111.714 E3.13085
G1 X86.571 Y111.714 E3.13963
G1 X86.571 Y108.928 E3.22544
G1 X86.285 Y108.928 E3.23425
G1 X86.285 Y111.714 E3.32006
G1 X86 Y111.714 E3.32884
G1 X86 Y108.928 E3.41465
G1 X85.714 Y108.928 E3.42346
G1 X85.714 Y111.714 E3.50927
G1 X85.428 Y111.714 E3.51808
G1 X85.428 Y108.928 E3.60389
G1 X85.143 Y108.928 E3.61267
G1 X85.143 Y111.714 E3.69848
G1 X84.857 Y111.714 E3.70729
G1 X84.857 Y108.928 E3.7931
G1 X84.572 Y108.928 E3.80188
G1 X84.572 Y111.714 E3.88769
G1 X84.286 Y111.714 E3.8965
G1 X84.286 Y108.928 E3.98231
G1 X84 Y108.928 E3.99112
G1 X84 Y111.714 E4.07693
G1 X83.715 Y111.714 E4.08571
G1 X83.715 Y108.928 E4.17152
G1 X83.429 Y108.928 E4.18033
G1 X83.429 Y111.714 E4.26614
G1 X83.143 Y111.714 E4.27495
G1 X83.143 Y108.928 E4.36076
G1 X82.858 Y108.928 E4.36954
G1 X82.858 Y111.714 E4.45535
G1 X82.572 Y111.714 E4.46416
G1 X82.572 Y108.928 E4.54997
G1 X82.287 Y108.928 E4.55875
G1 X82.287 Y111.714 E4.64456
G1 X82.001 Y111.714 E4.65337
G1 X82.001 Y108.928 E4.73918
G1 X81.715 Y108.928 E4.74799
G1 X81.715 Y111.714 E4.8338
G1 X81.43 Y111.714 E4.84258
G1 X81.43 Y108.928 E4.92839
G1 X81.144 Y108.928 E4.9372
G1 X81.144 Y111.714 E5.02301
G1 X80.858 Y111.714 E5.03182
G1 X80.858 Y108.928 E5.11763
G1 X80.573 Y108.928 E5.12641
G1 X80.573 Y111.714 E5.21222
G1 X80.287 Y111.714 E5.22103
G1 X80.287 Y110.448 E5.26003
G1 X80.002 Y110.594 E5.26989
G1 X80.002 Y111.714 E5.30439
G1 X79.716 Y111.714 E5.3132
G1 X79.716 Y110.483 E5.35112
G1 X79.43 Y110.373 E5.36056
G1 X79.43 Y111.842 E5.40581
G1 E3.40581 F2400
G92 E0
G1 X82.001 Y100.7 F7800
G1 E2 F2400
G1 F3600
G1 X82.001 Y89.429 E2.34717
G1 X81.715 Y89.429 E2.35598
G1 X81.715 Y100.571 E2.69918
G1 X81.43 Y100.571 E2.70796
G1 X81.43 Y89.429 E3.05116
G1 X81.144 Y89.429 E3.05997
G1 X81.144 Y100.571 E3.40317
G1 X80.858 Y100.571 E3.41198
G1 X80.858 Y89.429 E3.75518
G1 X80.573 Y89.429 E3.76396
G1 X80.573 Y100.571 E4.10716
G1 X80.287 Y100.571 E4.11597
G1 X80.287 Y89.429 E4.45917
G1 X80.002 Y89.429 E4.46795
G1 X80.002 Y100.571 E4.81115
G1 X79.716 Y100.571 E4.81996
G1 X79.716 Y89.429 E5.16316
G1 X79.43 Y89.429 E5.17197
G1 X79.43 Y100.571 E5.51517
G1 X79.429 Y97.786 E5.60095
G1 X79.145 Y97.786 E5.6097
G1 X79.145 Y92.214 E5.78133
G1 X78.859 Y92.214 E5.79014
G1 X78.859 Y97.786 E5.96177
G1 X78.574 Y97.786 E5.97055
G1 X78.574 Y92.214 E6.14218
G1 X78.288 Y92.214 E6.15099
G1 X78.288 Y97.786 E6.32262
G1 X78.002 Y97.786 E6.33143
G1 X78.002 Y92.214 E6.50306
G1 X77.717 Y92.214 E6.51184
G1 X77.717 Y97.786 E6.68347
G1 X77.431 Y97.786 E6.69228
G1 X77.431 Y92.214 E6.86391
G1 X77.145 Y92.214 E6.87272
G1 X77.145 Y97.786 E7.04435
G1 X76.86 Y97.786 E7.05313
G1 X76.86 Y92.086 E7.2287
G1 E5.2287 F2400
G92 E0
G1 X87.428 Y86.515 F7800
G1 E2 F2400
G1 F3600
G1 X87.428 Y92.214 E2.17554
G1 X87.142 Y92.214 E2.18435
G1 X87.142 Y86.643 E2.35595
G1 X86.856 Y86.643 E2.36476
G1 X86.856 Y92.214 E2.53636
G1 X86.571 Y92.214 E2.54514
G1 X86.571 Y86.643 E2.71674
G1 X86.285 Y86.643 E2.72555
G1 X86.285 Y92.214 E2.89715
G1 X86 Y92.214 E2.90593
G1 X86 Y86.643 E3.07753
G1 X85.714 Y86.643 E3.08634
G1 X85.714 Y92.214 E3.25794
G1 X85.428 Y92.214 E3.26675
G1 X85.428 Y86.643 E3.43835
G1 X85.143 Y86.643 E3.44713
G1 X85.143 Y92.214 E3.61873
G1 X84.857 Y92.214 E3.62754
G1 X84.857 Y86.643 E3.79914
G1 X84.572 Y86.643 E3.80792
G1 X84.572 Y92.214 E3.97952
G1 X84.286 Y92.214 E3.98833
G1 X84.286 Y86.643 E4.15993
G1 X84 Y86.643 E4.16874
G1 X84 Y92.214 E4.34034
G1 X83.715 Y92.214 E4.34912
G1 X83.715 Y86.643 E4.52072
G1 X83.429 Y86.643 E4.52953
G1 X83.429 Y92.214 E4.70113
G1 X83.143 Y92.214 E4.70994
G1 X83.143 Y86.643 E4.88154
G1 X82.858 Y86.643 E4.89032
G1 X82.858 Y92.214 E5.06192
G1 X82.572 Y92.214 E5.07073
G1 X82.572 Y86.643 E5.24233
G1 X82.287 Y86.643 E5.25111
G1 X82.287 Y103.357 E5.76593
G1 X82.572 Y103.357 E5.77471
G1 X82.572 Y97.786 E5.94631
G1 X82.858 Y97.786 E5.95512
G1 X82.858 Y103.357 E6.12672
G1 X83.143 Y103.357 E6.1355
G1 X83.143 Y97.786 E6.3071
G1 X83.429 Y97.786 E6.31591
G1 X83.429 Y103.357 E6.48751
G1 X83.715 Y103.357 E6.49632
G1 X83.715 Y97.786 E6.66792
G1 X84 Y97.786 E6.6767
G1 X84 Y103.357 E6.8483
G1 X84.286 Y103.357 E6.85711
G1 X84.286 Y97.786 E7.02871
G1 X84.572 Y97.786 E7.03752
G1 X84.572 Y103.357 E7.20912
G1 X84.857 Y103.357 E7.2179
G1 X84.857 Y97.786 E7.3895
G1 X85.143 Y97.786 E7.39831
G1 X85.143 Y103.357 E7.56991
G1 X85.428 Y103.357 E7.57869
G1 X85.428 Y97.786 E7.75029
G1 X85.714 Y97.786 E7.7591
G1 X85.714 Y103.357 E7.9307
G1 X86 Y103.357 E7.93951
G1 X86 Y97.786 E8.11111
G1 X86.285 Y97.786 E8.11989
G1 X86.285 Y103.357 E8.29149
G1 X86.571 Y103.357 E8.3003
G1 X86.571 Y97.786 E8.4719
G1 X86.856 Y97.786 E8.48068
G1 X86.856 Y103.357 E8.65228
G1 X87.142 Y103.357 E8.66109
G1 X87.142 Y97.786 E8.83269
G1 X87.428 Y97.786 E8.8415
G1 X87.428 Y103.357 E9.0131
G1 X87.713 Y103.357 E9.02188
G1 X87.713 Y86.643 E9.5367
G1 X87.786 Y86.643 E9.53895
G1 X87.786 Y89.429 E9.62476
G1 X87.999 Y89.429 E9.63132
G1 X87.999 Y100.571 E9.97452
G1 X88.285 Y100.571 E9.98333
G1 X88.285 Y89.429 E10.32653
G1 X88.57 Y89.429 E10.33531
G1 X88.57 Y100.571 E10.67851
G1 X88.856 Y100.571 E10.68732
G1 X88.856 Y89.429 E11.03052
G1 X89.141 Y89.429 E11.0393
G1 X89.141 Y100.571 E11.3825
G1 X89.427 Y100.571 E11.39131
G1 X89.427 Y89.429 E11.73451
G1 X89.713 Y89.429 E11.74332
G1 X89.713 Y100.571 E12.08652
G1 X89.998 Y100.571 E12.0953
G1 X89.998 Y89.429 E12.4385
G1 X90.284 Y89.429 E12.44731
G1 X90.284 Y100.571 E12.79051
G1 X90.57 Y100.571 E12.79932
G1 X90.57 Y89.429 E13.14252
G1 X90.571 Y92.214 E13.2283
G1 X90.855 Y92.214 E13.23705
G1 X90.855 Y97.786 E13.40868
G1 X91.141 Y97.786 E13.41749
G1 X91.141 Y92.214 E13.58912
G1 X91.426 Y92.214 E13.5979
G1 X91.426 Y97.786 E13.76953
G1 X91.712 Y97.786 E13.77834
G1 X91.712 Y92.214 E13.94997
G1 X91.998 Y92.214 E13.95878
G1 X91.998 Y97.786 E14.13041
G1 X92.283 Y97.786 E14.13919
G1 X92.283 Y92.214 E14.31082
G1 X92.569 Y92.214 E14.31963
G1 X92.569 Y97.786 E14.49126
G1 X92.854 Y97.786 E14.50004
G1 X92.854 Y92.214 E14.67167
G1 X93.14 Y92.214 E14.68048
G1 X93.14 Y97.914 E14.85605
G1 E12.85605 F2400
G92 E0
G1 X78.992 Y108.729 F7800
G1 E2 F2400
;TYPE:Perimeter
;WIDTH:0.474131
;HEIGHT:0.3
G1 F3600
G1 X78.133 Y108.322 E2.04858
;WIDTH:0.477131
G1 X77.512 Y107.984 E2.08498
G1 X76.656 Y107.452 E2.13686
;WIDTH:0.474615
G1 X76.188 Y107.126 E2.16604
G1 X75.496 Y106.588 E2.21089
;WIDTH:0.471637
G1 X74.957 Y106.131 E2.24679
G1 X74.048 Y105.237 E2.31155
;WIDTH:0.472515
G1 X73.734 Y104.89 E2.33537
G1 X72.951 Y103.92 E2.39883
;WIDTH:0.467491
G1 X72.757 Y103.655 E2.41534
G1 X72.009 Y102.488 E2.48503
;WIDTH:0.461129
G1 X71.235 Y100.953 E2.5701
;WIDTH:0.465935
G1 X70.678 Y99.443 E2.65071
;WIDTH:0.462035
G1 X70.619 Y99.24 E2.66119
;WIDTH:0.467137
G1 X70.293 Y97.913 E2.72983
G1 X70.231 Y97.571 E2.74729
;WIDTH:0.471545
G1 X70.071 Y96.349 E2.80988
G1 X70.022 Y95.476 E2.85428
;WIDTH:0.474973
G1 X70.025 Y94.264 E2.91635
;WIDTH:0.476483
G1 X70.119 Y93.217 E2.97038
G1 X70.207 Y92.559 E3.0045
G1 X70.388 Y91.668 E3.05123
G1 X70.581 Y90.886 E3.09263
;WIDTH:0.475281
G1 X70.818 Y90.156 E3.13196
G1 X71.12 Y89.328 E3.17713
;WIDTH:0.472567
G1 X71.402 Y88.697 E3.21232
G1 X71.793 Y87.906 E3.25724
;WIDTH:0.468449
G1 X72.136 Y87.307 E3.29203
G1 X72.611 Y86.563 E3.33652
;WIDTH:0.468219
G1 X73.011 Y86 E3.37131
;WIDTH:0.472503
G1 X73.916 Y84.902 E3.44374
;WIDTH:0.475583
G1 X74.276 Y84.526 E3.47044
G1 X75.103 Y83.736 E3.5291
;WIDTH:0.471399
G1 X76.453 Y82.679 E3.61614
;WIDTH:0.473637
G1 X77.883 Y81.801 E3.70179
;WIDTH:0.474469
G1 X79.306 Y81.131 E3.78224
;WIDTH:0.473895
G1 X80.133 Y80.825 E3.82728
G1 X80.791 Y80.614 E3.86257
;WIDTH:0.471913
G1 X81.644 Y80.392 E3.90737
G1 X82.321 Y80.255 E3.94248
;WIDTH:0.468703
G1 X82.821 Y80.165 E3.9681
;WIDTH:0.470293
G1 X84.483 Y80.015 E4.05259
;WIDTH:0.470483
G1 X85.452 Y80.023 E4.10167
G1 X86.197 Y80.052 E4.13943
;WIDTH:0.469265
G1 X87.883 Y80.282 E4.22536
;WIDTH:0.456965
G1 X88.004 Y80.309 E4.23143
;WIDTH:0.463507
G1 X89.415 Y80.67 E4.30393
G1 X89.66 Y80.75 E4.31676
;WIDTH:0.469379
G1 X90.891 Y81.214 E4.38321
G1 X91.255 Y81.377 E4.40336
;WIDTH:0.473851
G1 X92.301 Y81.909 E4.46329
G1 X92.739 Y82.162 E4.48912
;WIDTH:0.438419
G1 X92.769 Y82.181 E4.49078
;WIDTH:0.476921
G1 X93.632 Y82.747 E4.54388
G1 X94.094 Y83.085 E4.57333
;WIDTH:0.478877
G1 X94.872 Y83.723 E4.62535
G1 X95.398 Y84.198 E4.66199
;WIDTH:0.477643
G1 X96.114 Y84.945 E4.71532
G1 X96.559 Y85.459 E4.75036
;WIDTH:0.477927
G1 X97.113 Y86.174 E4.79701
G1 X97.572 Y86.841 E4.83877
;WIDTH:0.477519
G1 X97.971 Y87.491 E4.87807
G1 X98.422 Y88.329 E4.92711
;WIDTH:0.475717
G1 X98.688 Y88.891 E4.95901
G1 X99.097 Y89.904 E5.01506
;WIDTH:0.472517
G1 X99.254 Y90.358 E5.03951
G1 X99.588 Y91.546 E5.10233
;WIDTH:0.467915
G1 X99.664 Y91.876 E5.11937
G1 X99.89 Y93.234 E5.18866
;WIDTH:0.461913
G1 X99.997 Y94.949 E5.27386
;WIDTH:0.454827
G1 X99.997 Y95.053 E5.27892
;WIDTH:0.459223
G1 X99.9 Y96.693 E5.35983
;WIDTH:0.463247
G1 X99.674 Y98.089 E5.43018
G1 X99.623 Y98.312 E5.44156
;WIDTH:0.466751
G1 X99.274 Y99.592 E5.50814
G1 X99.172 Y99.891 E5.52399
;WIDTH:0.469739
G1 X98.72 Y101.045 E5.58665
G1 X98.551 Y101.411 E5.60703
;WIDTH:0.472217
G1 X98.019 Y102.433 E5.66564
G1 X97.768 Y102.854 E5.69057
;WIDTH:0.474169
G1 X97.178 Y103.741 E5.74502
G1 X96.854 Y104.175 E5.7727
;WIDTH:0.475767
G1 X96.204 Y104.958 E5.82492
G1 X95.829 Y105.368 E5.85343
;WIDTH:0.474267
G1 X94.983 Y106.183 E5.91348
G1 X94.575 Y106.533 E5.94096
;WIDTH:0.475299
G1 X93.764 Y107.16 E5.9935
G1 X93.313 Y107.473 E6.02164
;WIDTH:0.476381
G1 X92.457 Y108.002 E6.07335
G1 X91.899 Y108.307 E6.10603
;WIDTH:0.477003
G1 X91.008 Y108.73 E6.15679
G1 E4.15679 F2400
G92 E0
G1 X79.389 Y108.472 F7800
G1 E2 F2400
;WIDTH:0.45
G1 F3600
G1 X79.389 Y109.309 E2.04026
G1 X78.751 Y109.062 E2.07316
G1 X77.312 Y108.33 E2.15081
G1 X75.941 Y107.438 E2.22948
G1 X74.957 Y106.646 E2.29023
G1 X74.442 Y106.196 E2.32312
G1 X73.435 Y105.151 E2.39292
G1 X72.434 Y103.882 E2.47066
G1 X71.573 Y102.517 E2.54828
G1 X70.858 Y101.067 E2.62604
G1 X70.303 Y99.557 E2.70342
G1 X69.906 Y97.989 E2.78122
G1 X69.676 Y96.387 E2.85906
G1 X69.615 Y94.779 E2.93645
G1 X69.661 Y93.877 E2.97989
G1 X69.723 Y93.169 E3.01407
G1 X69.862 Y92.277 E3.05749
G1 X69.999 Y91.579 E3.0917
G1 X70.23 Y90.706 E3.13513
G1 X70.441 Y90.026 E3.16937
G1 X70.76 Y89.182 E3.21277
G1 X71.043 Y88.529 E3.247
G1 X71.447 Y87.722 E3.29041
G1 X71.798 Y87.103 E3.32464
G1 X72.284 Y86.342 E3.36807
G1 X72.698 Y85.764 E3.40227
G1 X73.259 Y85.058 E3.44564
G1 X74.234 Y84.005 E3.51466
G1 X75.038 Y83.275 E3.56689
G1 X75.745 Y82.714 E3.6103
G1 X76.321 Y82.297 E3.6445
G1 X77.082 Y81.811 E3.68793
G1 X77.7 Y81.458 E3.72216
G1 X78.507 Y81.054 E3.76557
G1 X79.159 Y80.769 E3.79979
G1 X80.003 Y80.45 E3.84319
G1 X80.682 Y80.236 E3.87743
G1 X81.555 Y80.006 E3.92085
G1 X82.252 Y79.866 E3.95504
G1 X83.144 Y79.727 E3.99846
G1 X83.853 Y79.662 E4.0327
G1 X84.754 Y79.616 E4.07609
G1 X85.466 Y79.627 E4.11034
G1 X86.367 Y79.674 E4.15373
G1 X87.961 Y79.9 E4.23116
G1 X89.53 Y80.295 E4.30898
G1 X91.046 Y80.85 E4.38663
G1 X92.495 Y81.561 E4.46426
G1 X93.862 Y82.42 E4.54191
G1 X95.134 Y83.42 E4.61973
G1 X95.917 Y84.162 E4.67161
G1 X96.414 Y84.68 E4.70614
G1 X97.436 Y85.938 E4.7841
G1 X98.317 Y87.291 E4.86175
G1 X99.052 Y88.728 E4.93938
G1 X99.632 Y90.235 E5.01704
G1 X100.051 Y91.794 E5.09468
G1 X100.304 Y93.388 E5.17231
G1 X100.387 Y95.02 E5.2509
G1 X100.306 Y96.594 E5.3267
G1 X100.058 Y98.17 E5.40343
G1 X99.649 Y99.713 E5.48021
G1 X99.082 Y101.205 E5.55698
G1 X98.364 Y102.63 E5.63373
G1 X97.502 Y103.973 E5.71048
G1 X96.504 Y105.221 E5.78734
G1 X95.765 Y105.984 E5.83843
G1 X95.246 Y106.482 E5.87302
G1 X93.997 Y107.484 E5.95003
G1 X92.656 Y108.349 E6.02678
G1 X91.232 Y109.07 E6.10355
G1 X90.611 Y109.309 E6.13555
G1 X90.611 Y108.473 E6.17576
G1 X91.707 Y107.979 E6.23358
G1 X93.087 Y107.168 E6.31057
G1 X94.337 Y106.238 E6.3855
G1 X95.539 Y105.118 E6.46452
G1 X96.583 Y103.905 E6.54149
G1 X97.454 Y102.638 E6.61544
G1 X98.215 Y101.23 E6.69242
G1 X98.837 Y99.688 E6.77239
G1 X99.267 Y98.146 E6.84938
G1 X99.526 Y96.567 E6.92634
G1 X99.61 Y94.97 E7.00326
G1 X99.523 Y93.451 E7.07644
G1 X99.51 Y93.299 E7.08378
G1 X99.221 Y91.654 E7.16411
G1 X98.747 Y90.053 E7.24442
G1 X98.321 Y89.046 E7.29701
G1 X98.092 Y88.516 E7.32478
G1 X97.266 Y87.064 E7.40513
G1 X96.28 Y85.715 E7.4855
G1 X95.82 Y85.215 E7.51818
G1 X95.147 Y84.489 E7.56579
G1 X93.88 Y83.399 E7.64618
G1 X92.555 Y82.495 E7.72333
G1 X91.078 Y81.715 E7.80367
G1 X89.459 Y81.087 E7.88719
G1 X87.906 Y80.682 E7.96438
G1 X86.963 Y80.545 E8.01021
G1 X86.187 Y80.439 E8.04788
G1 X84.517 Y80.398 E8.12823
G1 X82.853 Y80.549 E8.20859
G1 X81.724 Y80.781 E8.26403
G1 X81.218 Y80.888 E8.28891
G1 X79.632 Y81.412 E8.36925
G1 X78.116 Y82.114 E8.4496
G1 X77.494 Y82.491 E8.48458
G1 X76.69 Y82.984 E8.52994
G1 X75.373 Y84.011 E8.61027
G1 X74.181 Y85.182 E8.69064
G1 X73.316 Y86.248 E8.75667
G1 X72.943 Y86.775 E8.78772
G1 X72.236 Y87.892 E8.8513
G1 X71.508 Y89.395 E8.93162
G1 X71.193 Y90.288 E8.97716
G1 X70.957 Y90.972 E9.01196
G1 X70.589 Y92.601 E9.09228
G1 X70.409 Y94.262 E9.17264
G1 X70.42 Y95.932 E9.25296
G1 X70.61 Y97.525 E9.33012
G1 X71.011 Y99.215 E9.41366
G1 X71.583 Y100.782 E9.49389
G1 X72.265 Y102.151 E9.56745
G1 X73.246 Y103.676 E9.65466
G1 X74.313 Y104.961 E9.73499
G1 X75.52 Y106.116 E9.81534
G1 X76.851 Y107.126 E9.8957
G1 X78.288 Y107.977 E9.97603
G1 X79.335 Y108.447 E10.03123
G1 X79.775 Y108.222 F7800
;TYPE:External perimeter
G1 F1800
G1 X79.775 Y109.871 E10.11054
G1 X78.594 Y109.415 E10.17143
G1 X77.119 Y108.664 E10.25104
G1 X75.701 Y107.74 E10.33244
G1 X74.711 Y106.943 E10.39357
G1 X74.173 Y106.472 E10.42796
G1 X73.144 Y105.405 E10.49926
G1 X72.119 Y104.105 E10.57888
G1 X71.236 Y102.706 E10.65845
G1 X70.504 Y101.22 E10.73812
G1 X69.933 Y99.67 E10.81757
G1 X69.527 Y98.064 E10.89724
G1 X69.291 Y96.425 E10.97688
G1 X69.244 Y95.504 E11.02123
G1 X69.229 Y94.773 E11.0564
G1 X69.277 Y93.851 E11.10081
G1 X69.34 Y93.122 E11.136
G1 X69.482 Y92.21 E11.18039
G1 X69.623 Y91.492 E11.21558
G1 X69.859 Y90.599 E11.26
G1 X70.076 Y89.901 E11.29516
G1 X70.403 Y89.037 E11.33959
G1 X70.693 Y88.366 E11.37475
G1 X71.107 Y87.54 E11.41919
G1 X71.467 Y86.904 E11.45434
G1 X71.964 Y86.125 E11.49878
G1 X72.391 Y85.531 E11.53397
G1 X72.965 Y84.809 E11.57833
G1 X73.968 Y83.726 E11.64933
G1 X74.789 Y82.981 E11.70265
G1 X75.512 Y82.407 E11.74705
G1 X76.104 Y81.978 E11.78221
G1 X76.883 Y81.481 E11.82665
G1 X77.517 Y81.118 E11.86179
G1 X78.343 Y80.704 E11.90623
G1 X79.013 Y80.412 E11.94138
G1 X79.877 Y80.085 E11.98581
G1 X80.574 Y79.866 E12.02095
G1 X81.468 Y79.63 E12.06542
G1 X82.185 Y79.486 E12.10059
G1 X83.097 Y79.344 E12.14498
G1 X83.825 Y79.277 E12.18014
G1 X84.748 Y79.23 E12.22459
G1 X85.479 Y79.242 E12.25975
G1 X86.401 Y79.29 E12.30416
G1 X87.127 Y79.38 E12.33935
G1 X88.038 Y79.522 E12.3837
G1 X89.644 Y79.926 E12.46335
G1 X91.198 Y80.495 E12.54294
G1 X92.683 Y81.224 E12.62251
G1 X94.084 Y82.104 E12.70208
G1 X95.387 Y83.127 E12.78176
G1 X96.189 Y83.888 E12.83493
G1 X96.703 Y84.425 E12.87068
G1 X97.748 Y85.711 E12.95038
G1 X98.651 Y87.097 E13.02994
G1 X99.404 Y88.571 E13.10955
G1 X99.999 Y90.115 E13.18913
G1 X100.428 Y91.713 E13.26871
G1 X100.688 Y93.347 E13.34829
G1 X100.773 Y95.04 E13.42982
G1 X100.69 Y96.634 E13.50659
G1 X100.436 Y98.25 E13.58527
G1 X100.017 Y99.831 E13.66394
G1 X99.436 Y101.36 E13.74261
G1 X98.699 Y102.821 E13.82131
G1 X97.815 Y104.198 E13.90001
G1 X96.793 Y105.476 E13.97871
G1 X96.037 Y106.257 E14.03099
G1 X95.5 Y106.772 E14.06678
G1 X94.223 Y107.797 E14.14554
G1 X92.848 Y108.684 E14.22424
G1 X91.389 Y109.423 E14.3029
G1 X90.225 Y109.871 E14.36289
G1 X90.225 Y108.223 E14.44215
G1 X91.512 Y107.646 E14.50999
G1 X92.857 Y106.858 E14.58496
G1 X94.09 Y105.941 E14.65887
G1 X95.247 Y104.866 E14.73483
G1 X96.265 Y103.686 E14.80979
G1 X97.136 Y102.42 E14.8837
G1 X97.875 Y101.048 E14.95865
G1 X98.459 Y99.603 E15.03361
G1 X98.882 Y98.103 E15.10857
G1 X99.138 Y96.566 E15.18351
G1 X99.225 Y94.99 E15.25943
G1 X99.138 Y93.473 E15.33251
G1 X98.852 Y91.763 E15.4159
G1 X98.391 Y90.203 E15.49414
G1 X97.756 Y88.706 E15.57235
G1 X96.954 Y87.291 E15.65058
G1 X95.996 Y85.976 E15.72883
G1 X94.894 Y84.78 E15.80705
G1 X93.663 Y83.718 E15.88525
G1 X92.319 Y82.802 E15.96348
G1 X90.899 Y82.056 E16.04063
G1 X89.382 Y81.467 E16.1189
G1 X87.809 Y81.055 E16.19711
G1 X86.177 Y80.824 E16.27639
G1 X84.551 Y80.782 E16.35462
G1 X83.261 Y80.896 E16.41691
G1 X82.478 Y81.019 E16.45503
G1 X81.338 Y81.255 E16.51102
G1 X79.793 Y81.763 E16.58924
G1 X78.316 Y82.443 E16.66745
G1 X76.926 Y83.289 E16.74571
G1 X75.642 Y84.287 E16.82393
G1 X74.48 Y85.425 E16.90216
G1 X73.615 Y86.491 E16.96819
G1 X73.269 Y86.983 E16.99712
G1 X72.583 Y88.06 E17.05854
G1 X72.106 Y89.04 E17.11096
G1 X71.872 Y89.523 E17.13677
G1 X71.333 Y91.058 E17.21502
G1 X70.972 Y92.643 E17.29321
G1 X70.795 Y94.26 E17.37145
G1 X70.803 Y95.887 E17.4497
G1 X70.997 Y97.501 E17.52789
G1 X71.374 Y99.084 E17.60616
G1 X71.929 Y100.612 E17.68435
G1 X72.654 Y102.065 E17.76245
G1 X73.543 Y103.431 E17.84084
G1 X74.58 Y104.683 E17.91903
G1 X75.499 Y105.567 E17.98036
G1 X75.966 Y105.971 E18.01006
G1 X77.048 Y106.794 E18.07544
G1 X78.446 Y107.625 E18.15366
G1 X79.72 Y108.198 E18.22085
G1 X79.771 Y108.594 F7800
M106 S226.95
;LAYER_CHANGE
;Z:1.95
;HEIGHT:0.1
G1 E16.22085 F2400
G92 E0
G1 Z1.95 F7800
G1 X79.43 Y111.842
G1 E2 F2400
;TYPE:Support material interface
;WIDTH:0.35
G1 F2232
G1 X79.43 Y110.373 E2.02007
G1 X79.716 Y110.483 E2.02426
G1 X79.716 Y111.714 E2.04107
G1 X80.002 Y111.714 E2.04498
G1 X80.002 Y110.594 E2.06028
G1 X80.287 Y110.448 E2.06465
G1 X80.287 Y111.714 E2.08194
G1 X80.573 Y111.714 E2.08585
G1 X80.573 Y110.311 E2.10501
G1 X80.858 Y110.387 E2.10904
G1 X80.858 Y111.714 E2.12717
G1 X81.144 Y111.714 E2.13108
G1 X81.144 Y110.464 E2.14815
G1 X81.43 Y110.541 E2.1522
G1 X81.43 Y111.714 E2.16822
G1 X81.715 Y111.714 E2.17211
G1 X81.715 Y110.613 E2.18715
G1 X82.001 Y110.658 E2.1911
G1 X82.001 Y111.714 E2.20552
G1 X82.287 Y111.714 E2.20943
G1 X82.287 Y110.704 E2.22323
G1 X82.572 Y110.749 E2.22717
G1 X82.572 Y111.714 E2.24035
G1 X82.858 Y111.714 E2.24426
G1 X82.858 Y110.795 E2.25681
G1 X83.143 Y110.84 E2.26075
G1 X83.143 Y111.714 E2.27269
G1 X83.429 Y111.714 E2.2766
G1 X83.429 Y110.874 E2.28807
G1 X83.715 Y110.889 E2.29198
G1 X83.715 Y111.714 E2.30325
G1 X84 Y111.714 E2.30714
G1 X84 Y110.905 E2.31819
G1 X84.286 Y110.92 E2.3221
G1 X84.286 Y111.714 E2.33295
G1 X84.572 Y111.714 E2.33686
G1 X84.572 Y110.935 E2.3475
G1 X84.857 Y110.95 E2.3514
G1 X84.857 Y111.714 E2.36184
G1 X85.143 Y111.714 E2.36575
G1 X85.143 Y110.95 E2.37619
G1 X85.428 Y110.935 E2.38009
G1 X85.428 Y111.714 E2.39073
G1 X85.714 Y111.714 E2.39464
G1 X85.714 Y110.92 E2.40549
G1 X86 Y110.905 E2.4094
G1 X86 Y111.714 E2.42045
G1 X86.285 Y111.714 E2.42434
G1 X86.285 Y110.889 E2.43561
G1 X86.571 Y110.874 E2.43952
G1 X86.571 Y111.714 E2.45099
G1 X86.856 Y111.714 E2.45488
G1 X86.856 Y110.84 E2.46682
G1 X87.142 Y110.795 E2.47077
G1 X87.142 Y111.714 E2.48332
G1 X87.428 Y111.714 E2.48723
G1 X87.428 Y110.749 E2.50041
G1 X87.713 Y110.704 E2.50435
G1 X87.713 Y111.714 E2.51815
G1 X87.999 Y111.714 E2.52206
G1 X87.999 Y110.658 E2.53648
G1 X88.285 Y110.613 E2.54043
G1 X88.285 Y111.714 E2.55547
G1 X88.57 Y111.714 E2.55936
G1 X88.57 Y110.541 E2.57538
G1 X88.856 Y110.464 E2.57943
G1 X88.856 Y111.714 E2.5965
G1 X89.141 Y111.714 E2.60039
G1 X89.141 Y110.387 E2.61852
G1 X89.427 Y110.311 E2.62256
G1 X89.427 Y111.714 E2.64172
G1 X89.713 Y111.714 E2.64563
G1 X89.713 Y110.448 E2.66292
G1 X89.998 Y110.593 E2.66729
G1 X89.998 Y111.714 E2.6826
G1 X90.284 Y111.714 E2.68651
G1 X90.284 Y110.484 E2.70331
G1 X90.57 Y110.374 E2.7075
G1 X90.57 Y111.842 E2.72755
G1 E.72755 F2400
G92 E0
G1 X89.998 Y96.253 F7800
G1 E2 F2400
G1 F2232
G1 X89.998 Y94.576 E2.02291
G1 X89.937 Y93.998 E2.03085
G1 X89.713 Y93.26 E2.04138
G1 X89.713 Y96.769 E2.08931
G1 X89.427 Y97.36 E2.09828
G1 X89.427 Y92.643 E2.16271
G1 X89.141 Y92.145 E2.17055
G1 X89.141 Y97.833 E2.24824
G1 X88.856 Y98.209 E2.25468
G1 X88.856 Y91.782 E2.34247
G1 X88.57 Y91.465 E2.3483
G1 X88.57 Y98.538 E2.44491
G1 X88.285 Y98.79 E2.45011
G1 X88.285 Y91.205 E2.55371
G1 X87.999 Y90.966 E2.5588
G1 X87.999 Y99.043 E2.66912
G1 X87.713 Y99.225 E2.67375
G1 X87.713 Y90.773 E2.7892
G1 X87.428 Y90.611 E2.79368
G1 X87.428 Y92.214 E2.81558
G1 X87.142 Y92.214 E2.81949
G1 X87.142 Y90.45 E2.84358
G1 X86.856 Y90.333 E2.8478
G1 X86.856 Y92.214 E2.87349
G1 X86.571 Y92.214 E2.87738
G1 X86.571 Y90.237 E2.90438
G1 X86.285 Y90.141 E2.9085
G1 X86.285 Y92.214 E2.93682
G1 X86 Y92.214 E2.94071
G1 X86 Y90.075 E2.96993
G1 X85.714 Y90.037 E2.97387
G1 X85.714 Y92.214 E3.00361
G1 X85.428 Y92.214 E3.00752
G1 X85.428 Y90 E3.03776
G1 X85.143 Y89.968 E3.04168
G1 X85.143 Y92.214 E3.07236
G1 X84.857 Y92.214 E3.07627
G1 X84.857 Y89.985 E3.10672
G1 X84.572 Y90.001 E3.11062
G1 X84.572 Y92.214 E3.14085
G1 X84.286 Y92.214 E3.14476
G1 X84.286 Y90.018 E3.17476
G1 X84 Y90.077 E3.17875
G1 X84 Y92.214 E3.20794
G1 X83.715 Y92.214 E3.21183
G1 X83.715 Y90.146 E3.24008
G1 X83.429 Y90.215 E3.2441
G1 X83.429 Y92.214 E3.2714
G1 X83.143 Y92.214 E3.27531
G1 X83.143 Y90.333 E3.301
G1 X82.858 Y90.462 E3.30527
G1 X82.858 Y92.214 E3.3292
G1 X82.572 Y92.214 E3.33311
G1 X82.572 Y90.598 E3.35518
G1 X82.287 Y90.769 E3.35972
G1 X82.287 Y99.225 E3.47522
G1 X82.572 Y99.409 E3.47985
G1 X82.572 Y97.786 E3.50202
G1 X82.858 Y97.786 E3.50593
G1 X82.858 Y99.536 E3.52983
G1 X83.143 Y99.663 E3.53409
G1 X83.143 Y97.786 E3.55973
G1 X83.429 Y97.786 E3.56364
G1 X83.429 Y99.784 E3.59093
G1 X83.715 Y99.85 E3.59494
G1 X83.715 Y97.786 E3.62313
G1 X84 Y97.786 E3.62702
G1 X84 Y99.917 E3.65613
G1 X84.286 Y99.983 E3.66014
G1 X84.286 Y97.786 E3.69015
G1 X84.572 Y97.786 E3.69406
G1 X84.572 Y100.003 E3.72434
G1 X84.857 Y100.013 E3.72824
G1 X84.857 Y97.786 E3.75866
G1 X85.143 Y97.786 E3.76257
G1 X85.143 Y100.024 E3.79314
G1 X85.428 Y100.01 E3.79704
G1 X85.428 Y97.786 E3.82742
G1 X85.714 Y97.786 E3.83133
G1 X85.714 Y99.969 E3.86115
G1 X86 Y99.928 E3.8651
G1 X86 Y97.786 E3.89436
G1 X86.285 Y97.786 E3.89825
G1 X86.285 Y99.862 E3.92661
G1 X86.571 Y99.769 E3.93072
G1 X86.571 Y97.786 E3.95781
G1 X86.856 Y97.786 E3.9617
G1 X86.856 Y99.67 E3.98743
G1 X87.142 Y99.554 E3.99165
G1 X87.142 Y97.786 E4.0158
G1 X87.428 Y97.786 E4.01971
G1 X87.428 Y99.542 E4.0437
G1 E2.0437 F2400
G92 E0
G1 X82.001 Y99.184 F7800
G1 E2 F2400
G1 F2232
G1 X82.001 Y90.973 E2.11215
G1 X81.715 Y91.182 E2.11699
G1 X81.715 Y98.818 E2.22129
G1 X81.43 Y98.53 E2.22682
G1 X81.43 Y91.471 E2.32324
G1 X81.144 Y91.783 E2.32902
G1 X81.144 Y98.231 E2.41709
G1 X80.858 Y97.841 E2.4237
G1 X80.858 Y92.159 E2.50131
G1 X80.573 Y92.603 E2.50852
G1 X80.573 Y97.397 E2.574
G1 X80.287 Y96.727 E2.58395
G1 X80.287 Y93.279 E2.63105
G1 X80.002 Y94.408 E2.64695
G1 X80.002 Y96.233 E2.67188
;LAYER_CHANGE
;Z:2.15
;HEIGHT:0.2
G1 E.67188 F2400
G92 E0
G1 Z2.15 F7800
G1 X78.991 Y108.729
G1 E2 F2400
;TYPE:Perimeter
;WIDTH:0.475051
;HEIGHT:0.3
G1 F2232
G1 X78.133 Y108.322 E2.04864
;WIDTH:0.476843
G1 X77.532 Y107.996 E2.08381
G1 X76.656 Y107.452 E2.13686
;WIDTH:0.473907
G1 X76.213 Y107.144 E2.16442
G1 X75.391 Y106.505 E2.2176
;WIDTH:0.470457
G1 X74.985 Y106.157 E2.24468
G1 X74.048 Y105.237 E2.31119
;WIDTH:0.472287
G1 X73.74 Y104.897 E2.33453
G1 X72.95 Y103.92 E2.39845
;WIDTH:0.466949
G1 X72.765 Y103.667 E2.41419
G1 X72.009 Y102.488 E2.48451
;WIDTH:0.460175
G1 X71.235 Y100.955 E2.56929
;WIDTH:0.466625
G1 X70.688 Y99.475 E2.64845
;WIDTH:0.463691
G1 X70.619 Y99.24 E2.66065
;WIDTH:0.468649
G1 X70.301 Y97.95 E2.72764
G1 X70.232 Y97.571 E2.74706
;WIDTH:0.472721
G1 X70.076 Y96.399 E2.80728
G1 X70.037 Y95.868 E2.8344
;WIDTH:0.475507
G1 X70.013 Y94.828 E2.88774
G1 X70.026 Y94.264 E2.91667
;WIDTH:0.477183
G1 X70.112 Y93.276 E2.96773
G1 X70.208 Y92.559 E3.00498
;WIDTH:0.476757
G1 X70.374 Y91.732 E3.04836
G1 X70.582 Y90.886 E3.09317
;WIDTH:0.474809
G1 X70.794 Y90.224 E3.12875
G1 X71.144 Y89.267 E3.18091
;WIDTH:0.471335
G1 X71.369 Y88.768 E3.20869
G1 X71.833 Y87.829 E3.26185
;WIDTH:0.466339
G1 X72.092 Y87.379 E3.28788
G1 X72.655 Y86.496 E3.34038
;WIDTH:0.466069
G1 X72.955 Y86.072 E3.3664
;WIDTH:0.471193
G1 X73.609 Y85.258 E3.41938
G1 X73.956 Y84.858 E3.44625
;WIDTH:0.479255
G1 X74.536 Y84.269 E3.48902
G1 X75.103 Y83.735 E3.52932
;WIDTH:0.458795
G1 X75.239 Y83.616 E3.53821
;WIDTH:0.470409
G1 X76.477 Y82.659 E3.61745
;WIDTH:0.473545
G1 X77.813 Y81.841 E3.6974
;WIDTH:0.475155
G1 X79.226 Y81.166 E3.77763
G1 X80.207 Y80.8 E3.83127
G1 X80.702 Y80.642 E3.85789
;WIDTH:0.469085
G1 X81.205 Y80.496 E3.88433
;WIDTH:0.473813
G1 X82.223 Y80.273 E3.93755
;WIDTH:0.471399
G1 X82.776 Y80.174 E3.96607
;WIDTH:0.472189
G1 X83.775 Y80.065 E4.01718
G1 X84.483 Y80.016 E4.05328
;WIDTH:0.471459
G1 X85.34 Y80.02 E4.09679
G1 X86.197 Y80.053 E4.14033
;WIDTH:0.459461
G1 X87.899 Y80.286 E4.22498
;WIDTH:0.454153
G1 X88.004 Y80.308 E4.2302
;WIDTH:0.461941
G1 X89.451 Y80.681 E4.3043
G1 X89.66 Y80.75 E4.31521
;WIDTH:0.468349
G1 X90.92 Y81.226 E4.38307
G1 X91.256 Y81.377 E4.40163
;WIDTH:0.473251
G1 X92.324 Y81.921 E4.46275
G1 X92.769 Y82.181 E4.48903
;WIDTH:0.476645
G1 X93.648 Y82.758 E4.5431
G1 X94.094 Y83.085 E4.57154
;WIDTH:0.478883
G1 X94.884 Y83.733 E4.62436
G1 X95.398 Y84.197 E4.66016
;WIDTH:0.477305
G1 X96.143 Y84.976 E4.71567
G1 X96.559 Y85.459 E4.7485
;WIDTH:0.478019
G1 X97.134 Y86.202 E4.79697
G1 X97.572 Y86.841 E4.83694
;WIDTH:0.477867
G1 X97.986 Y87.517 E4.87782
G1 X98.422 Y88.329 E4.92535
;WIDTH:0.476213
G1 X98.697 Y88.912 E4.95846
G1 X99.097 Y89.904 E5.0134
;WIDTH:0.473053
G1 X99.259 Y90.375 E5.03879
G1 X99.588 Y91.546 E5.10079
;WIDTH:0.468385
G1 X99.666 Y91.888 E5.11847
G1 X99.89 Y93.234 E5.18723
;WIDTH:0.462205
G1 X99.997 Y94.949 E5.27249
;WIDTH:0.454835
G1 X99.997 Y95.053 E5.27755
;WIDTH:0.459311
G1 X99.899 Y96.693 E5.35848
;WIDTH:0.463403
G1 X99.675 Y98.086 E5.4287
G1 X99.623 Y98.312 E5.44024
;WIDTH:0.466953
G1 X99.275 Y99.587 E5.5066
G1 X99.172 Y99.891 E5.52272
;WIDTH:0.469967
G1 X98.723 Y101.039 E5.58508
G1 X98.551 Y101.411 E5.60581
;WIDTH:0.472447
G1 X98.023 Y102.425 E5.664
G1 X97.767 Y102.854 E5.68943
;WIDTH:0.474387
G1 X97.184 Y103.732 E5.74333
G1 X96.855 Y104.174 E5.77151
;WIDTH:0.476013
G1 X96.211 Y104.95 E5.82328
G1 X95.829 Y105.369 E5.85239
;WIDTH:0.473859
G1 X94.968 Y106.196 E5.91336
G1 X94.574 Y106.534 E5.93987
;WIDTH:0.438841
G1 X94.547 Y106.556 E5.9415
;WIDTH:0.475061
G1 X93.75 Y107.171 E5.99307
G1 X93.313 Y107.473 E6.02028
;WIDTH:0.476257
G1 X92.444 Y108.01 E6.07276
G1 X91.899 Y108.307 E6.10464
;WIDTH:0.476983
G1 X91.008 Y108.731 E6.15542
G1 E4.15542 F2400
G92 E0
G1 X79.389 Y108.472 F7800
G1 E2 F2400
;WIDTH:0.45
G1 F2232
G1 X79.389 Y109.309 E2.04026
G1 X78.768 Y109.07 E2.07226
G1 X77.333 Y108.342 E2.14965
G1 X75.981 Y107.468 E2.22708
G1 X75.151 Y106.808 E2.27808
G1 X74.422 Y106.176 E2.32448
G1 X73.441 Y105.158 E2.39248
G1 X72.443 Y103.895 E2.4699
G1 X71.583 Y102.535 E2.54729
G1 X70.869 Y101.092 E2.62472
G1 X70.312 Y99.589 E2.70181
G1 X69.913 Y98.028 E2.7793
G1 X69.68 Y96.436 E2.85669
G1 X69.614 Y94.826 E2.93419
G1 X69.669 Y93.766 E2.98524
G1 X69.716 Y93.228 E3.01121
G1 X69.881 Y92.173 E3.06257
G1 X69.985 Y91.643 E3.08855
G1 X70.257 Y90.61 E3.13993
G1 X70.417 Y90.095 E3.16587
G1 X70.795 Y89.095 E3.21729
G1 X71.009 Y88.6 E3.24323
G1 X71.488 Y87.645 E3.29462
G1 X71.754 Y87.175 E3.32059
G1 X72.329 Y86.275 E3.37196
G1 X72.644 Y85.837 E3.39791
G1 X73.307 Y85.001 E3.44923
G1 X74.26 Y83.979 E3.51644
G1 X74.987 Y83.319 E3.56367
G1 X75.822 Y82.655 E3.61498
G1 X76.259 Y82.339 E3.64092
G1 X77.16 Y81.764 E3.69233
G1 X77.628 Y81.496 E3.71827
G1 X78.583 Y81.018 E3.76963
G1 X79.078 Y80.802 E3.79561
G1 X80.077 Y80.424 E3.84698
G1 X80.592 Y80.262 E3.87295
G1 X81.625 Y79.989 E3.92434
G1 X82.154 Y79.883 E3.95029
G1 X83.209 Y79.718 E4.00165
G1 X83.747 Y79.67 E4.02763
G1 X84.814 Y79.615 E4.07902
G1 X85.353 Y79.623 E4.10495
G1 X86.414 Y79.678 E4.15605
G1 X88.009 Y79.91 E4.23357
G1 X89.567 Y80.306 E4.31089
G1 X91.076 Y80.863 E4.38825
G1 X92.519 Y81.574 E4.46562
G1 X93.879 Y82.432 E4.54296
G1 X95.146 Y83.43 E4.62053
G1 X95.854 Y84.099 E4.66738
G1 X96.443 Y84.712 E4.70827
G1 X97.458 Y85.967 E4.7859
G1 X98.332 Y87.317 E4.86325
G1 X99.062 Y88.75 E4.9406
G1 X99.637 Y90.252 E5.01795
G1 X100.053 Y91.805 E5.09528
G1 X100.304 Y93.394 E5.17265
G1 X100.388 Y95.02 E5.25096
G1 X100.306 Y96.592 E5.32667
G1 X100.059 Y98.167 E5.40335
G1 X99.651 Y99.708 E5.48002
G1 X99.085 Y101.198 E5.55668
G1 X98.368 Y102.622 E5.63336
G1 X97.508 Y103.964 E5.71002
G1 X96.511 Y105.213 E5.78688
G1 X95.845 Y105.906 E5.83311
G1 X95.231 Y106.495 E5.87403
G1 X93.983 Y107.494 E5.95092
G1 X92.642 Y108.357 E6.02762
G1 X91.219 Y109.076 E6.1043
G1 X90.611 Y109.31 E6.13563
G1 X90.611 Y108.473 E6.17589
G1 X91.707 Y107.979 E6.23371
G1 X93.087 Y107.168 E6.3107
G1 X94.32 Y106.251 E6.38461
G1 X95.539 Y105.118 E6.46465
G1 X96.583 Y103.905 E6.54162
G1 X97.454 Y102.638 E6.61557
G1 X98.215 Y101.23 E6.69255
G1 X98.837 Y99.688 E6.77252
G1 X99.267 Y98.146 E6.84951
G1 X99.526 Y96.567 E6.92647
G1 X99.61 Y94.97 E7.00339
G1 X99.523 Y93.457 E7.07628
G1 X99.51 Y93.299 E7.0839
G1 X99.221 Y91.654 E7.16423
G1 X98.747 Y90.053 E7.24454
G1 X98.33 Y89.068 E7.29599
G1 X98.092 Y88.516 E7.3249
G1 X97.266 Y87.064 E7.40525
G1 X96.28 Y85.715 E7.48562
G1 X95.849 Y85.247 E7.51622
G1 X95.147 Y84.489 E7.56591
G1 X93.88 Y83.399 E7.6463
G1 X92.555 Y82.495 E7.72345
G1 X91.078 Y81.715 E7.80379
G1 X89.459 Y81.087 E7.88731
G1 X87.843 Y80.67 E7.96758
G1 X86.321 Y80.454 E8.04152
G1 X84.517 Y80.398 E8.12833
G1 X82.853 Y80.549 E8.20869
G1 X81.794 Y80.766 E8.26068
G1 X81.218 Y80.888 E8.289
G1 X79.632 Y81.412 E8.36934
G1 X78.116 Y82.114 E8.44969
G1 X77.572 Y82.444 E8.48029
G1 X76.69 Y82.984 E8.53003
G1 X75.373 Y84.011 E8.61036
G1 X74.181 Y85.182 E8.69073
G1 X73.258 Y86.318 E8.76113
G1 X73.131 Y86.481 E8.77107
G1 X72.236 Y87.892 E8.85144
G1 X71.508 Y89.395 E8.93176
G1 X71.169 Y90.356 E8.98077
G1 X70.957 Y90.972 E9.0121
G1 X70.589 Y92.601 E9.09242
G1 X70.409 Y94.262 E9.17278
G1 X70.416 Y95.866 E9.24993
G1 X70.61 Y97.525 E9.33027
G1 X71.011 Y99.215 E9.41381
G1 X71.583 Y100.783 E9.49409
G1 X72.274 Y102.17 E9.56862
G1 X73.246 Y103.676 E9.65483
G1 X74.313 Y104.961 E9.73516
G1 X75.52 Y106.116 E9.81551
G1 X76.851 Y107.126 E9.89587
G1 X78.288 Y107.977 E9.9762
G1 X79.335 Y108.447 E10.0314
G1 X79.775 Y108.222 F7800
;TYPE:External perimeter
G1 F1800
G1 X79.775 Y109.871 E10.11071
G1 X78.611 Y109.423 E10.1707
G1 X77.141 Y108.677 E10.24999
G1 X75.756 Y107.781 E10.32933
G1 X74.911 Y107.11 E10.38123
G1 X74.152 Y106.452 E10.42954
G1 X73.15 Y105.412 E10.499
G1 X72.127 Y104.118 E10.57834
G1 X71.246 Y102.724 E10.65765
G1 X70.515 Y101.246 E10.73696
G1 X69.943 Y99.702 E10.81615
G1 X69.535 Y98.103 E10.89552
G1 X69.296 Y96.472 E10.9748
G1 X69.228 Y94.824 E11.05413
G1 X69.284 Y93.739 E11.10638
G1 X69.333 Y93.181 E11.13332
G1 X69.501 Y92.106 E11.18565
G1 X69.609 Y91.556 E11.21261
G1 X69.887 Y90.504 E11.26494
G1 X70.053 Y89.969 E11.29188
G1 X70.438 Y88.951 E11.34423
G1 X70.66 Y88.437 E11.37116
G1 X71.148 Y87.464 E11.42351
G1 X71.424 Y86.977 E11.45043
G1 X72.009 Y86.059 E11.50279
G1 X72.336 Y85.604 E11.52974
G1 X73.012 Y84.752 E11.58205
G1 X73.994 Y83.7 E11.65127
G1 X74.737 Y83.025 E11.69955
G1 X75.589 Y82.348 E11.75189
G1 X76.042 Y82.02 E11.77879
G1 X76.96 Y81.434 E11.83117
G1 X77.446 Y81.156 E11.8581
G1 X78.42 Y80.669 E11.91048
G1 X78.932 Y80.444 E11.93738
G1 X79.951 Y80.059 E11.98977
G1 X80.485 Y79.891 E12.01669
G1 X81.537 Y79.613 E12.06902
G1 X82.086 Y79.503 E12.09595
G1 X83.162 Y79.336 E12.14832
G1 X83.72 Y79.285 E12.17527
G1 X84.807 Y79.229 E12.22762
G1 X85.366 Y79.238 E12.25451
G1 X86.451 Y79.294 E12.30676
G1 X88.084 Y79.531 E12.38612
G1 X89.682 Y79.937 E12.46542
G1 X91.229 Y80.508 E12.54473
G1 X92.707 Y81.237 E12.62399
G1 X94.102 Y82.116 E12.70329
G1 X95.398 Y83.137 E12.78264
G1 X96.126 Y83.825 E12.83082
G1 X96.732 Y84.457 E12.87293
G1 X97.77 Y85.741 E12.95234
G1 X98.667 Y87.124 E13.03162
G1 X99.415 Y88.593 E13.11091
G1 X100.005 Y90.133 E13.19023
G1 X100.431 Y91.725 E13.26949
G1 X100.689 Y93.354 E13.34882
G1 X100.773 Y95.04 E13.43001
G1 X100.69 Y96.632 E13.50668
G1 X100.437 Y98.246 E13.58526
G1 X100.018 Y99.826 E13.66388
G1 X99.439 Y101.354 E13.74247
G1 X98.704 Y102.813 E13.82104
G1 X97.822 Y104.189 E13.89965
G1 X96.802 Y105.467 E13.97829
G1 X96.118 Y106.179 E14.02578
G1 X95.485 Y106.785 E14.06793
G1 X94.208 Y107.808 E14.14663
G1 X92.834 Y108.692 E14.22521
G1 X91.375 Y109.429 E14.30383
G1 X90.225 Y109.871 E14.36309
G1 X90.225 Y108.223 E14.44235
G1 X91.512 Y107.646 E14.51019
G1 X92.857 Y106.858 E14.58516
G1 X94.09 Y105.941 E14.65907
G1 X95.247 Y104.866 E14.73503
G1 X96.265 Y103.686 E14.80999
G1 X97.147 Y102.402 E14.88491
G1 X97.875 Y101.048 E14.95885
G1 X98.459 Y99.603 E15.03381
G1 X98.882 Y98.103 E15.10877
G1 X99.138 Y96.566 E15.18371
G1 X99.225 Y94.99 E15.25963
G1 X99.138 Y93.479 E15.33242
G1 X98.852 Y91.763 E15.41609
G1 X98.391 Y90.203 E15.49433
G1 X97.756 Y88.706 E15.57254
G1 X96.954 Y87.291 E15.65077
G1 X95.996 Y85.976 E15.72902
G1 X94.894 Y84.78 E15.80724
G1 X93.663 Y83.718 E15.88544
G1 X92.338 Y82.814 E15.96259
G1 X90.899 Y82.056 E16.04082
G1 X89.382 Y81.467 E16.11909
G1 X87.809 Y81.055 E16.1973
G1 X86.177 Y80.824 E16.27658
G1 X84.551 Y80.782 E16.35481
G1 X82.931 Y80.927 E16.43304
G1 X81.338 Y81.255 E16.51127
G1 X79.793 Y81.763 E16.58949
G1 X78.316 Y82.443 E16.6677
G1 X76.926 Y83.289 E16.74596
G1 X75.642 Y84.287 E16.82418
G1 X74.48 Y85.425 E16.90241
G1 X73.456 Y86.688 E16.98061
G1 X72.583 Y88.06 E17.05882
G1 X72.072 Y89.11 E17.11498
G1 X71.872 Y89.523 E17.13705
G1 X71.333 Y91.058 E17.2153
G1 X70.972 Y92.643 E17.29349
G1 X70.795 Y94.26 E17.37173
G1 X70.803 Y95.887 E17.44998
G1 X70.997 Y97.501 E17.52817
G1 X71.374 Y99.084 E17.60644
G1 X71.929 Y100.612 E17.68463
G1 X72.654 Y102.066 E17.76277
G1 X73.543 Y103.431 E17.84112
G1 X74.343 Y104.398 E17.90148
G1 X74.58 Y104.683 E17.91931
G1 X75.753 Y105.809 E17.99751
G1 X77.048 Y106.794 E18.07576
G1 X78.446 Y107.625 E18.15398
G1 X79.72 Y108.198 E18.22117
G1 X79.771 Y108.594 F7800
M106 S204
;LAYER_CHANGE
;Z:2.45
;HEIGHT:0.3
G1 E16.22117 F2400
G92 E0
G1 Z2.45 F7800
G1 X79.034 Y94.431
G1 E2 F2400
;TYPE:Overhang perimeter
;WIDTH:0.4
;HEIGHT:0.4
M106 S255
G1 F1800
G1 X79.034 Y94.399 E2.00167
G1 X79.19 Y93.579 E2.04528
G1 X79.277 Y93.224 E2.06438
G1 X79.632 Y92.336 E2.11434
G1 X80.219 Y91.39 E2.17251
G1 X80.758 Y90.792 E2.21457
G1 X81.145 Y90.412 E2.24291
G1 X81.925 Y89.857 E2.29292
G1 X82.614 Y89.523 E2.33292
G1 X83.091 Y89.317 E2.36007
G1 X84.238 Y89.056 E2.42153
G1 X85.194 Y89.01 E2.47153
G1 X86.324 Y89.155 E2.53105
G1 X87.406 Y89.511 E2.59056
G1 X88.401 Y90.066 E2.65008
G1 X89.365 Y90.889 E2.7163
G1 X89.982 Y91.672 E2.76838
G1 X90.529 Y92.688 E2.82866
G1 X90.866 Y93.776 E2.88817
G1 X90.992 Y94.908 E2.94768
G1 X90.882 Y96.165 E3.0136
G1 X90.529 Y97.312 E3.0763
G1 X90.09 Y98.162 E3.12628
G1 X89.4 Y99.069 E3.18582
G1 X88.55 Y99.828 E3.24536
G1 X87.468 Y100.465 E3.31096
G1 X86.324 Y100.845 E3.37394
G1 X85.377 Y100.981 E3.42392
G1 X84.238 Y100.944 E3.48346
G1 X83.127 Y100.692 E3.54298
G1 X82.083 Y100.235 E3.60252
G1 X81.49 Y99.834 E3.63992
G1 X81.048 Y99.509 E3.66858
G1 X80.42 Y98.853 E3.71603
G1 X80.233 Y98.632 E3.73115
G1 X79.713 Y97.822 E3.78144
G1 X79.277 Y96.776 E3.84065
G1 X79.044 Y95.661 E3.90016
G1 X79.035 Y94.491 E3.96129
M106 S204
G1 X79.422 Y94.467 F7800
M106 S255
G1 F1800
G1 X79.422 Y94.412 E3.96416
G1 X79.604 Y93.473 E4.01413
G1 X80.04 Y92.381 E4.07556
G1 X80.543 Y91.599 E4.12414
G1 X81.369 Y90.726 E4.18693
G1 X82.148 Y90.171 E4.2369
G1 X83.218 Y89.682 E4.29836
G1 X84.147 Y89.457 E4.3483
G1 X85.191 Y89.397 E4.40293
G1 X86.269 Y89.537 E4.45972
G1 X87.28 Y89.876 E4.51543
G1 X88.208 Y90.4 E4.57111
G1 X88.727 Y90.835 E4.60649
G1 X89.124 Y91.204 E4.63481
G1 X89.688 Y91.922 E4.68251
G1 X90.186 Y92.865 E4.73823
G1 X90.496 Y93.885 E4.79393
G1 X90.608 Y94.945 E4.84962
G1 X90.496 Y96.115 E4.91103
G1 X90.227 Y97.033 E4.96101
G1 X89.767 Y97.948 E5.01452
G1 X89.097 Y98.83 E5.07239
G1 X88.298 Y99.536 E5.12809
G1 X87.297 Y100.118 E5.18858
G1 X86.269 Y100.463 E5.24523
G1 X85.322 Y100.599 E5.29521
G1 X84.256 Y100.559 E5.35094
G1 X83.218 Y100.318 E5.40661
G1 X82.244 Y99.884 E5.46232
G1 X81.304 Y99.221 E5.52242
G1 X80.558 Y98.424 E5.57945
G1 X80.039 Y97.616 E5.62962
G1 X79.635 Y96.633 E5.68514
G1 X79.422 Y95.588 E5.74086
G1 X79.422 Y94.527 E5.79629
M106 S204
G1 X79.801 Y94.504 F7800
M106 S255
G1 F1800
G1 X79.801 Y94.485 E5.79728
G1 X79.982 Y93.546 E5.84724
G1 X80.365 Y92.59 E5.90105
G1 X80.868 Y91.807 E5.94967
G1 X81.593 Y91.04 E6.00481
G1 X82.372 Y90.485 E6.05478
G1 X83.309 Y90.057 E6.1086
G1 X84.238 Y89.832 E6.15854
G1 X85.21 Y89.782 E6.20939
G1 X86.214 Y89.919 E6.26233
G1 X87.154 Y90.24 E6.31422
G1 X88.015 Y90.734 E6.36608
G1 X88.82 Y91.442 E6.42209
G1 X89.385 Y92.16 E6.46982
G1 X89.843 Y93.041 E6.5217
G1 X90.126 Y93.993 E6.57359
G1 X90.224 Y94.982 E6.62551
G1 X90.126 Y96.007 E6.67931
G1 X89.857 Y96.925 E6.72929
G1 X89.424 Y97.772 E6.77899
G1 X88.794 Y98.592 E6.83301
G1 X88.045 Y99.245 E6.88492
G1 X87.154 Y99.76 E6.93869
G1 X86.249 Y100.073 E6.98872
G1 X85.349 Y100.206 E7.03625
G1 X84.275 Y100.174 E7.09239
G1 X83.309 Y99.943 E7.14428
G1 X82.404 Y99.534 E7.19617
G1 X81.565 Y98.936 E7.25
G1 X80.905 Y98.244 E7.29996
G1 X80.365 Y97.41 E7.35187
G1 X79.993 Y96.489 E7.40376
G1 X79.801 Y95.515 E7.45563
G1 X79.801 Y94.564 E7.50531
M106 S204
G1 X79.864 Y94.169 F7800
G1 E5.50531 F2400
G92 E0
G1 X89.655 Y109.262 F7800
G1 E2 F2400
M106 S255
G1 F3600
G1 X88.131 Y109.672 E2.08245
G1 X86.574 Y109.92 E2.16482
G1 X85 Y110.002 E2.24716
G1 X83.426 Y109.92 E2.3295
G1 X81.869 Y109.672 E2.41187
G1 X80.345 Y109.262 E2.49432
G1 X80.2 Y109.206 E2.50244
M106 S204
;TYPE:Perimeter
;WIDTH:0.45
;HEIGHT:0.3
G1 X78.941 Y108.724 E2.56728
G1 X77.546 Y108.019 E2.64246
G1 X76.233 Y107.174 E2.71756
G1 X75.009 Y106.191 E2.79306
G1 X74.319 Y105.53 E2.83902
G1 X73.741 Y104.915 E2.87961
G1 X72.766 Y103.683 E2.95518
G1 X71.93 Y102.364 E3.03029
G1 X71.235 Y100.965 E3.10542
G1 X70.69 Y99.501 E3.18055
G1 X70.299 Y97.989 E3.25566
G1 X70.069 Y96.444 E3.33079
G1 X70 Y94.884 E3.40589
G1 X70.093 Y93.325 E3.48101
G1 X70.35 Y91.779 E3.55639
G1 X70.684 Y90.528 E3.61867
G1 X70.884 Y89.958 E3.64772
G1 X71.326 Y88.834 E3.70581
G1 X71.869 Y87.75 E3.76412
G1 X72.126 Y87.313 E3.7885
G1 X72.896 Y86.142 E3.85591
G1 X73.648 Y85.195 E3.91407
G1 X74.151 Y84.642 E3.95002
G1 X74.553 Y84.233 E3.9776
G1 X75.185 Y83.656 E4.01876
G1 X76.414 Y82.7 E4.09365
G1 X77.739 Y81.875 E4.16872
G1 X78.196 Y81.646 E4.19331
G1 X79.143 Y81.192 E4.24382
G1 X80.398 Y80.725 E4.30822
G1 X80.916 Y80.577 E4.33413
G1 X82.123 Y80.28 E4.39391
G1 X83.669 Y80.062 E4.469
G1 X84.726 Y80.007 E4.51991
G1 X85.228 Y80.005 E4.54405
G1 X86.427 Y80.067 E4.60179
G1 X87.976 Y80.297 E4.67711
G1 X89.489 Y80.686 E4.75225
G1 X90.953 Y81.23 E4.82737
G1 X92.353 Y81.923 E4.9025
G1 X93.672 Y82.759 E4.97761
G1 X94.901 Y83.729 E5.05291
G1 X95.864 Y84.654 E5.11713
G1 X96.423 Y85.287 E5.15775
G1 X97.055 Y86.083 E5.20663
G1 X97.363 Y86.516 E5.23219
G1 X98.012 Y87.533 E5.29022
G1 X98.719 Y88.929 E5.36548
G1 X99.276 Y90.388 E5.44059
G1 X99.678 Y91.897 E5.5157
G1 X99.921 Y93.44 E5.59083
G1 X99.975 Y94.482 E5.64101
G1 X99.99 Y95.234 E5.67719
G1 X99.922 Y96.55 E5.74057
G1 X99.682 Y98.084 E5.81525
G1 X99.285 Y99.585 E5.88993
G1 X98.735 Y101.036 E5.96456
G1 X98.037 Y102.423 E6.03924
G1 X97.2 Y103.731 E6.11393
G1 X96.228 Y104.951 E6.18895
G1 X95.652 Y105.556 E6.22913
G1 X94.961 Y106.218 E6.27516
G1 X93.744 Y107.191 E6.3501
G1 X92.437 Y108.029 E6.42477
G1 X91.05 Y108.728 E6.49947
G1 X89.8 Y109.206 E6.56384
;TYPE:Overhang perimeter
;WIDTH:0.4
;HEIGHT:0.4
M106 S255
G1 X89.711 Y109.24 E6.56882
M106 S204
G1 X89.774 Y109.626 F7800
M106 S255
G1 F3600
G1 X88.212 Y110.05 E6.65338
G1 X86.615 Y110.304 E6.73786
G1 X85 Y110.389 E6.82235
G1 X83.385 Y110.304 E6.90684
G1 X81.788 Y110.05 E6.99132
G1 X80.2 Y109.619 E7.07729
M106 S204
;TYPE:Perimeter
;WIDTH:0.45
;HEIGHT:0.3
G1 X78.785 Y109.077 E7.15017
G1 X77.355 Y108.354 E7.22724
G1 X76.007 Y107.487 E7.30433
G1 X74.754 Y106.481 E7.38162
G1 X74.045 Y105.801 E7.42887
G1 X73.449 Y105.168 E7.47069
G1 X72.451 Y103.907 E7.54804
G1 X71.593 Y102.554 E7.6251
G1 X70.881 Y101.119 E7.70215
G1 X70.321 Y99.617 E7.77925
G1 X69.921 Y98.066 E7.85629
G1 X69.684 Y96.481 E7.93337
G1 X69.613 Y94.881 E8.0104
G1 X69.71 Y93.282 E8.08745
G1 X69.972 Y91.698 E8.16467
G1 X70.172 Y90.942 E8.20228
G1 X70.35 Y90.303 E8.23418
G1 X70.976 Y88.671 E8.31825
G1 X71.71 Y87.248 E8.39526
G1 X72.301 Y86.322 E8.4481
G1 X72.589 Y85.909 E8.47232
G1 X73.354 Y84.945 E8.53151
G1 X73.865 Y84.382 E8.56808
G1 X74.286 Y83.954 E8.59695
G1 X74.935 Y83.363 E8.63917
G1 X76.198 Y82.381 E8.71612
G1 X77.557 Y81.535 E8.79311
G1 X78.023 Y81.301 E8.81819
G1 X78.997 Y80.834 E8.87014
G1 X80.022 Y80.447 E8.92284
G1 X80.502 Y80.288 E8.94716
G1 X81.552 Y80.011 E8.99939
G1 X82.056 Y79.901 E9.0242
G1 X83.119 Y79.735 E9.07595
G1 X83.641 Y79.677 E9.10121
G1 X84.706 Y79.622 E9.1525
G1 X85.241 Y79.62 E9.17823
G1 X86.465 Y79.683 E9.23718
G1 X88.053 Y79.919 E9.3144
G1 X89.604 Y80.317 E9.39141
G1 X91.106 Y80.875 E9.46848
G1 X92.542 Y81.587 E9.54557
G1 X93.896 Y82.443 E9.62262
G1 X95.155 Y83.438 E9.6998
G1 X96.143 Y84.387 E9.76569
G1 X96.719 Y85.04 E9.80757
G1 X97.357 Y85.843 E9.8569
G1 X97.686 Y86.305 E9.88418
G1 X98.347 Y87.342 E9.94333
G1 X99.072 Y88.772 E10.02044
G1 X99.643 Y90.269 E10.0975
G1 X100.056 Y91.817 E10.17456
G1 X100.305 Y93.4 E10.25163
G1 X100.375 Y94.747 E10.3165
G1 X100.375 Y95.254 E10.34088
G1 X100.306 Y96.59 E10.40522
G1 X100.06 Y98.163 E10.4818
G1 X99.652 Y99.703 E10.55842
G1 X99.088 Y101.192 E10.635
G1 X98.373 Y102.614 E10.71155
G1 X97.514 Y103.955 E10.78815
G1 X96.519 Y105.204 E10.86495
G1 X95.925 Y105.828 E10.90639
G1 X95.216 Y106.508 E10.95364
G1 X93.969 Y107.505 E11.03043
G1 X92.628 Y108.365 E11.10705
G1 X91.206 Y109.082 E11.18365
G1 X89.831 Y109.607 E11.25444
G1 X89.89 Y109.988 F7800
;TYPE:External perimeter
G1 F1800
G1 X89.8 Y110.022 E11.25907
;TYPE:Overhang perimeter
;WIDTH:0.4
;HEIGHT:0.4
M106 S255
G1 F3600
G1 X88.292 Y110.427 E11.34065
G1 X86.655 Y110.688 E11.42726
G1 X85 Y110.775 E11.51384
G1 X83.345 Y110.688 E11.60042
G1 X81.708 Y110.427 E11.68703
G1 X80.2 Y110.022 E11.76861
M106 S204
;TYPE:External perimeter
;WIDTH:0.45
;HEIGHT:0.3
G1 F1800
G1 X78.629 Y109.431 E11.84934
G1 X77.163 Y108.69 E11.92834
G1 X75.782 Y107.8 E12.00736
G1 X74.5 Y106.771 E12.08643
G1 X73.771 Y106.073 E12.13497
G1 X73.156 Y105.42 E12.17811
G1 X72.136 Y104.13 E12.25721
G1 X71.257 Y102.743 E12.33619
G1 X70.526 Y101.272 E12.41519
G1 X69.953 Y99.733 E12.49417
G1 X69.542 Y98.143 E12.57316
G1 X69.3 Y96.518 E12.65218
G1 X69.227 Y94.878 E12.73114
G1 X69.326 Y93.238 E12.81016
G1 X69.595 Y91.617 E12.88919
G1 X70.029 Y90.037 E12.968
G1 X70.429 Y88.98 E13.02236
G1 X70.627 Y88.508 E13.04698
G1 X71.128 Y87.507 E13.10082
G1 X71.38 Y87.049 E13.12596
G1 X71.976 Y86.114 E13.17929
G1 X72.281 Y85.677 E13.20492
G1 X73.06 Y84.695 E13.26521
G1 X73.665 Y84.03 E13.30845
G1 X74.02 Y83.675 E13.3326
G1 X74.685 Y83.069 E13.37587
G1 X75.981 Y82.062 E13.45481
G1 X76.93 Y81.456 E13.50897
G1 X77.375 Y81.195 E13.53378
G1 X78.372 Y80.695 E13.58742
G1 X78.852 Y80.477 E13.61278
G1 X79.885 Y80.086 E13.6659
G1 X80.395 Y79.917 E13.69174
G1 X81.453 Y79.638 E13.74437
G1 X81.988 Y79.521 E13.77071
G1 X83.059 Y79.354 E13.82284
G1 X83.614 Y79.292 E13.8497
G1 X84.686 Y79.237 E13.90133
G1 X85.254 Y79.234 E13.92865
G1 X86.504 Y79.299 E13.98885
G1 X88.129 Y79.54 E14.06786
G1 X89.72 Y79.949 E14.14687
G1 X91.259 Y80.521 E14.22584
G1 X92.731 Y81.25 E14.30484
G1 X94.119 Y82.128 E14.38383
G1 X95.409 Y83.147 E14.4629
G1 X96.421 Y84.119 E14.53039
G1 X97.015 Y84.792 E14.57356
G1 X97.659 Y85.603 E14.62337
G1 X98.009 Y86.094 E14.65237
G1 X98.682 Y87.15 E14.7126
G1 X99.425 Y88.616 E14.79165
G1 X100.011 Y90.15 E14.87063
G1 X100.434 Y91.737 E14.94962
G1 X100.689 Y93.36 E15.02864
G1 X100.76 Y94.726 E15.09443
G1 X100.761 Y95.274 E15.12079
G1 X100.69 Y96.63 E15.1861
G1 X100.438 Y98.243 E15.26462
G1 X100.02 Y99.821 E15.34313
G1 X99.442 Y101.347 E15.42161
G1 X98.708 Y102.805 E15.50012
G1 X97.828 Y104.18 E15.57864
G1 X96.81 Y105.458 E15.65722
G1 X96.199 Y106.1 E15.69985
G1 X95.47 Y106.799 E15.74843
G1 X94.194 Y107.818 E15.82697
G1 X92.82 Y108.7 E15.9055
G1 X91.362 Y109.435 E15.98403
G1 X89.947 Y109.966 E16.05672
G1 X89.564 Y110.083 F7800
G1 E14.05672 F2400
G92 E0
G1 X81.773 Y109.523 F7800
G1 E2 F2400
;TYPE:Bridge infill
;WIDTH:0.40116
;HEIGHT:0.4
M106 S255
G1 F3600
G1 X85.006 Y109.68 E2.17009
G1 X86.541 Y109.599 E2.25086
G1 X87.967 Y109.373 E2.32673
G1 X80.675 Y109.018 E2.71037
G1 X80.445 Y108.956 E2.72289
G1 X79.245 Y108.497 E2.7904
G1 X89.422 Y108.992 E3.32582
G1 X90.505 Y108.593 E3.38647
G1 X78.21 Y107.995 E4.03332
G1 X77.706 Y107.74 E4.063
G1 X77.334 Y107.5 E4.08626
G1 X91.414 Y108.185 E4.82702
G1 X92.231 Y107.773 E4.8751
G1 X76.575 Y107.012 E5.69877
G1 X76.421 Y106.913 E5.70839
G1 X75.944 Y106.529 E5.74057
G1 X92.894 Y107.354 E6.63232
G1 X93.549 Y106.934 E6.67321
G1 X75.345 Y106.048 E7.63093
G1 X74.827 Y105.572 E7.6679
G1 X94.083 Y106.508 E8.68097
G1 X94.616 Y106.082 E8.71682
G1 X74.353 Y105.097 E9.78286
G1 X73.92 Y104.624 E9.81656
G1 X95.086 Y105.654 E10.93011
G1 X95.525 Y105.223 E10.96244
G1 X73.548 Y104.154 E12.11866
G1 X73.177 Y103.684 E12.15013
G1 X95.936 Y104.792 E13.34749
G1 X96.29 Y104.357 E13.37696
G1 X72.851 Y103.217 E14.6101
G1 X72.555 Y102.751 E14.63911
G1 X96.637 Y103.922 E15.90607
G1 X96.975 Y103.487 E15.93502
G1 X72.26 Y102.285 E17.23529
G1 X72.019 Y101.821 E17.26277
G1 X97.255 Y103.049 E18.59045
G1 X97.535 Y102.611 E18.61777
G1 X71.789 Y101.359 E19.97228
G1 X71.559 Y100.896 E19.99945
G1 X97.804 Y102.172 E21.38021
G1 X98.025 Y101.731 E21.40613
G1 X71.38 Y100.435 E22.80794
G1 X71.209 Y99.975 E22.83373
G1 X81.889 Y100.495 E23.39561
G1 X81.197 Y100.009 E23.44005
G1 X71.038 Y99.515 E23.97452
G1 X70.907 Y99.057 E23.99955
G1 X80.625 Y99.53 E24.51082
G1 X80.176 Y99.056 E24.54513
G1 X70.789 Y98.6 E25.03898
G1 X70.671 Y98.142 E25.06383
G1 X79.83 Y98.588 E25.54569
G1 X79.531 Y98.122 E25.57478
G1 X70.579 Y97.686 E26.04575
G1 X70.511 Y97.231 E26.06993
G1 X79.289 Y97.658 E26.53174
G1 X79.107 Y97.198 E26.55774
G1 X70.443 Y96.776 E27.01356
G1 X70.385 Y96.322 E27.03761
G1 X78.926 Y96.737 E27.48696
G1 X78.837 Y96.281 E27.51137
G1 X70.365 Y95.869 E27.95709
G1 X70.345 Y95.416 E27.98092
G1 X78.748 Y95.825 E28.42301
G1 X78.706 Y95.371 E28.44697
G1 X70.325 Y94.964 E28.8879
G1 X70.344 Y94.513 E28.91162
G1 X78.71 Y94.92 E29.35176
G1 X78.714 Y94.468 E29.37551
G1 X70.371 Y94.062 E29.81444
G1 X70.398 Y93.612 E29.83813
G1 X78.783 Y94.02 E30.27927
G1 X78.872 Y93.573 E30.30322
G1 X70.446 Y93.163 E30.74652
G1 X70.52 Y92.715 E30.77038
G1 X78.972 Y93.126 E31.21504
G1 X79.15 Y92.683 E31.24013
G1 X70.595 Y92.267 E31.69021
G1 X70.672 Y91.819 E31.7141
G1 X79.328 Y92.24 E32.1695
G1 X79.378 Y92.117 E32.17648
G1 X79.579 Y91.8 E32.1962
G1 X70.794 Y91.373 E32.65838
G1 X70.916 Y90.927 E32.68268
G1 X79.857 Y91.362 E33.15307
G1 X79.977 Y91.173 E33.16483
G1 X80.187 Y90.926 E33.18187
G1 X71.039 Y90.481 E33.66315
G1 X71.197 Y90.037 E33.68791
G1 X80.602 Y90.495 E34.18271
G1 X80.858 Y90.229 E34.20211
G1 X81.083 Y90.067 E34.21668
G1 X71.365 Y89.594 E34.72795
G1 X71.539 Y89.151 E34.75296
G1 X81.671 Y89.643 E35.28601
G1 X81.944 Y89.475 E35.30285
G1 X82.479 Y89.231 E35.33375
G1 X71.527 Y88.698 E35.90994
M106 S204
G1 E33.90994 F2400
G92 E0
G1 X87.022 Y100.744 F7800
G1 E2 F2400
M106 S255
G1 F3600
G1 X98.247 Y101.29 E2.59055
G1 X98.462 Y100.849 E2.61633
G1 X88.301 Y100.355 E3.1509
G1 X88.671 Y100.142 E3.17333
G1 X88.912 Y99.933 E3.19009
G1 X98.63 Y100.406 E3.70136
G1 X98.798 Y99.962 E3.72631
G1 X89.405 Y99.505 E4.22048
G1 X89.574 Y99.359 E4.23222
G1 X89.799 Y99.073 E4.25134
G1 X98.966 Y99.519 E4.73362
G1 X99.088 Y99.073 E4.75792
G1 X90.141 Y98.638 E5.22863
G1 X90.317 Y98.414 E5.2436
G1 X90.426 Y98.2 E5.25622
G1 X99.206 Y98.627 E5.71814
G1 X99.324 Y98.181 E5.74238
G1 X90.653 Y97.759 E6.19857
G1 X90.876 Y97.318 E6.22454
G1 X99.412 Y97.734 E6.67363
G1 X99.482 Y97.285 E6.69751
G1 X91.005 Y96.873 E7.14349
G1 X91.133 Y96.427 E7.16787
G1 X99.552 Y96.837 E7.6108
G1 X99.602 Y96.517 E7.62782
G1 X99.609 Y96.388 E7.63461
G1 X91.227 Y95.98 E8.07559
G1 X91.269 Y95.531 E8.09929
G1 X99.632 Y95.938 E8.53927
G1 X99.655 Y95.487 E8.563
G1 X91.311 Y95.081 E9.00198
G1 X91.284 Y94.628 E9.02583
G1 X99.679 Y95.036 E9.46749
G1 X99.681 Y95 E9.46938
G1 X99.659 Y94.584 E9.49127
G1 X91.242 Y94.174 E9.93409
G1 X91.211 Y93.844 E9.95151
G1 X91.175 Y93.719 E9.95835
G1 X99.635 Y94.131 E10.40344
G1 X99.612 Y93.678 E10.42728
G1 X91.043 Y93.261 E10.8781
G1 X90.911 Y92.803 E10.90315
G1 X99.562 Y93.224 E11.35828
G1 X99.49 Y92.769 E11.38249
G1 X90.704 Y92.341 E11.84473
G1 X90.467 Y91.878 E11.87206
G1 X99.418 Y92.314 E12.34298
G1 X99.335 Y91.858 E12.36734
G1 X90.18 Y91.413 E12.84899
G1 X89.811 Y90.943 E12.88039
G1 X99.213 Y91.4 E13.37503
G1 X99.091 Y90.943 E13.39989
G1 X89.376 Y90.47 E13.911
G1 X88.824 Y89.991 E13.94941
G1 X98.969 Y90.485 E14.48314
G1 X98.793 Y90.025 E14.50902
G1 X87.605 Y89.48 E15.09763
M106 S204
G1 E13.09763 F2400
G92 E0
G1 X98.838 Y89.575 F7800
G1 E2 F2400
M106 S255
G1 F3600
G1 X86.883 Y88.994 E2.62896
G1 X86.505 Y88.864 E2.64997
G1 X85.408 Y88.699 E2.70826
G1 X85.184 Y88.689 E2.72004
G1 X84.087 Y88.748 E2.77777
G1 X83.705 Y88.839 E2.79841
G1 X71.969 Y88.268 E3.41585
G1 X72.195 Y87.827 E3.44189
G1 X98.442 Y89.104 E4.82276
G1 X98.213 Y88.641 E4.8499
G1 X72.459 Y87.389 E6.20483
G1 X72.739 Y86.951 E6.23215
G1 X97.978 Y88.178 E7.55998
G1 X97.744 Y87.715 E7.58724
G1 X73.026 Y86.513 E8.88767
G1 X73.358 Y86.077 E8.91647
G1 X97.449 Y87.249 E10.18391
G1 X97.152 Y86.783 E10.21295
G1 X73.703 Y85.642 E11.44661
G1 X74.07 Y85.209 E11.47644
G1 X96.83 Y86.316 E12.67385
G1 X96.457 Y85.846 E12.70538
G1 X74.464 Y84.776 E13.86244
G1 X74.906 Y84.346 E13.89484
G1 X96.073 Y85.375 E15.00844
G1 X95.656 Y84.903 E15.04154
G1 X75.376 Y83.917 E16.10848
G1 X75.92 Y83.492 E16.14476
G1 X95.165 Y84.428 E17.15725
G1 X94.665 Y83.952 E17.19353
G1 X76.466 Y83.067 E18.15099
G1 X77.097 Y82.646 E18.19085
G1 X94.056 Y83.471 E19.08307
G1 X93.435 Y82.989 E19.12438
G1 X77.771 Y82.227 E19.94847
G1 X78.577 Y81.814 E19.99606
G1 X92.662 Y82.499 E20.73708
G1 X92.195 Y82.204 E20.76611
G1 X91.794 Y82.005 E20.78963
G1 X79.483 Y81.407 E21.43732
G1 X80.38 Y81.068 E21.48771
G1 X80.593 Y81.009 E21.49932
G1 X90.767 Y81.504 E22.03458
G1 X89.356 Y80.983 E22.11362
G1 X82.058 Y80.628 E22.49757
G1 X83.361 Y80.412 E22.56697
G1 X85.03 Y80.323 E22.6548
G1 X88.192 Y80.475 E22.82115
M106 S204
M106 S188.7
;LAYER_CHANGE
;Z:2.75
;HEIGHT:0.3
G1 E20.82115 F2400
G92 E0
G1 Z2.75 F7800
G1 X79.034 Y94.431
G1 E2 F2400
;TYPE:Perimeter
;WIDTH:0.45
G1 F1800
G1 X79.033 Y94.406 E2.0012
G1 X79.277 Y93.224 E2.05925
G1 X79.662 Y92.269 E2.10877
G1 X80.211 Y91.403 E2.15809
G1 X80.733 Y90.819 E2.19576
G1 X81.11 Y90.438 E2.22154
G1 X82.024 Y89.794 E2.27532
G1 X83.127 Y89.308 E2.33329
G1 X84.057 Y89.082 E2.37932
G1 X85.194 Y89.01 E2.43412
G1 X86.324 Y89.155 E2.48891
G1 X87.406 Y89.511 E2.54369
G1 X88.401 Y90.066 E2.59849
G1 X88.989 Y90.552 E2.63518
G1 X89.393 Y90.923 E2.66156
G1 X89.974 Y91.661 E2.70674
G1 X90.529 Y92.688 E2.76289
G1 X90.866 Y93.776 E2.81767
G1 X90.992 Y94.908 E2.87245
G1 X90.882 Y96.165 E2.93314
G1 X90.529 Y97.312 E2.99086
G1 X90.09 Y98.162 E3.03687
G1 X89.4 Y99.069 E3.09168
G1 X89.019 Y99.422 E3.11666
G1 X88.55 Y99.828 E3.1465
G1 X87.933 Y100.205 E3.18128
G1 X87.466 Y100.465 E3.20699
G1 X86.757 Y100.713 E3.24312
G1 X86.324 Y100.845 E3.26489
G1 X85.377 Y100.981 E3.3109
G1 X84.238 Y100.944 E3.36571
G1 X83.127 Y100.692 E3.4205
G1 X82.083 Y100.235 E3.47531
G1 X81.052 Y99.513 E3.53585
G1 X80.433 Y98.867 E3.57888
G1 X80.233 Y98.632 E3.59372
G1 X79.714 Y97.823 E3.63995
G1 X79.277 Y96.776 E3.69452
G1 X79.044 Y95.661 E3.74931
G1 X79.034 Y94.49 E3.80563
G1 X79.416 Y94.467 F7800
G1 F1800
G1 X79.416 Y94.452 E3.80635
G1 X79.635 Y93.367 E3.85959
G1 X80.008 Y92.439 E3.90769
G1 X80.535 Y91.611 E3.9549
G1 X81.012 Y91.085 E3.98905
G1 X81.369 Y90.726 E4.0134
G1 X82.148 Y90.171 E4.0594
G1 X83.218 Y89.682 E4.11598
G1 X84.147 Y89.457 E4.16195
G1 X85.212 Y89.396 E4.21326
G1 X86.269 Y89.537 E4.26455
G1 X87.28 Y89.876 E4.31584
G1 X88.208 Y90.4 E4.3671
G1 X89.097 Y91.17 E4.42367
G1 X89.688 Y91.922 E4.46967
G1 X90.186 Y92.865 E4.52096
G1 X90.496 Y93.885 E4.57223
G1 X90.608 Y94.945 E4.6235
G1 X90.555 Y95.617 E4.65592
G1 X90.496 Y96.115 E4.68004
G1 X90.227 Y97.033 E4.72605
G1 X89.77 Y97.943 E4.77503
G1 X89.097 Y98.83 E4.82858
G1 X88.298 Y99.536 E4.87986
G1 X87.296 Y100.118 E4.93559
G1 X86.269 Y100.463 E4.9877
G1 X85.322 Y100.599 E5.03371
G1 X84.256 Y100.559 E5.08502
G1 X83.218 Y100.318 E5.13627
G1 X82.244 Y99.884 E5.18756
G1 X81.313 Y99.229 E5.24231
G1 X80.558 Y98.424 E5.29539
G1 X80.039 Y97.616 E5.34158
G1 X79.635 Y96.633 E5.3927
G1 X79.422 Y95.588 E5.44399
G1 X79.417 Y94.527 E5.49502
G1 X79.801 Y94.504 F7800
;TYPE:External perimeter
G1 F1800
G1 X79.801 Y94.485 E5.49593
G1 X79.982 Y93.546 E5.54192
G1 X80.354 Y92.609 E5.59041
G1 X80.86 Y91.82 E5.63549
G1 X81.593 Y91.04 E5.68697
G1 X82.372 Y90.485 E5.73297
G1 X83.309 Y90.057 E5.78252
G1 X84.238 Y89.832 E5.82849
G1 X85.23 Y89.781 E5.87626
G1 X86.214 Y89.919 E5.92405
G1 X87.154 Y90.24 E5.97182
G1 X88.015 Y90.734 E6.01956
G1 X88.794 Y91.408 E6.0691
G1 X89.385 Y92.16 E6.1151
G1 X89.843 Y93.041 E6.16286
G1 X90.126 Y93.993 E6.21063
G1 X90.224 Y94.982 E6.25843
G1 X90.126 Y96.007 E6.30795
G1 X89.857 Y96.925 E6.35396
G1 X89.427 Y97.766 E6.39939
G1 X88.794 Y98.592 E6.44944
G1 X88.045 Y99.245 E6.49723
G1 X87.154 Y99.76 E6.54673
G1 X86.249 Y100.073 E6.59279
G1 X85.341 Y100.207 E6.63693
G1 X84.275 Y100.174 E6.68823
G1 X83.309 Y99.943 E6.736
G1 X82.404 Y99.534 E6.78377
G1 X81.565 Y98.936 E6.83332
G1 X80.905 Y98.244 E6.87931
G1 X80.365 Y97.41 E6.9271
G1 X79.993 Y96.489 E6.97487
G1 X79.801 Y95.515 E7.02262
G1 X79.801 Y94.564 E7.06836
G1 X79.864 Y94.169 F7800
G1 E5.06836 F2400
G92 E0
G1 X89.61 Y109.276 F7800
G1 E2 F2400
;TYPE:Perimeter
G1 F3600
G1 X88.108 Y109.677 E2.07477
G1 X86.562 Y109.921 E2.15005
G1 X85 Y110.002 E2.22528
G1 X83.438 Y109.921 E2.30051
G1 X81.892 Y109.677 E2.37579
G1 X80.38 Y109.273 E2.45106
G1 X78.957 Y108.732 E2.52428
G1 X77.567 Y108.031 E2.59915
G1 X76.257 Y107.191 E2.674
G1 X75.036 Y106.216 E2.74915
G1 X74.253 Y105.464 E2.80137
G1 X73.748 Y104.923 E2.83696
G1 X72.774 Y103.695 E2.91235
G1 X71.939 Y102.382 E2.98719
G1 X71.245 Y100.989 E3.06204
G1 X70.699 Y99.532 E3.13688
G1 X70.307 Y98.026 E3.21173
G1 X70.072 Y96.488 E3.28656
G1 X69.999 Y94.934 E3.36138
G1 X70.087 Y93.38 E3.43624
G1 X70.335 Y91.844 E3.51107
G1 X70.742 Y90.339 E3.58606
G1 X71.214 Y89.09 E3.65028
G1 X71.902 Y87.69 E3.72531
G1 X72.729 Y86.373 E3.80011
G1 X73.697 Y85.137 E3.87562
G1 X74.201 Y84.584 E3.91161
G1 X74.579 Y84.207 E3.93729
G1 X75.131 Y83.702 E3.97327
G1 X76.366 Y82.733 E4.04877
G1 X77.684 Y81.905 E4.12363
G1 X79.083 Y81.216 E4.19863
G1 X80.332 Y80.744 E4.26285
G1 X81.837 Y80.337 E4.33784
G1 X83.142 Y80.125 E4.40143
G1 X83.767 Y80.065 E4.43163
G1 X85.116 Y80.001 E4.49659
G1 X86.478 Y80.071 E4.56218
G1 X88.019 Y80.305 E4.63715
G1 X89.525 Y80.697 E4.712
G1 X90.982 Y81.242 E4.78682
G1 X92.375 Y81.936 E4.86167
G1 X93.689 Y82.77 E4.93652
G1 X94.912 Y83.738 E5.01154
G1 X95.851 Y84.64 E5.07416
G1 X96.345 Y85.191 E5.10975
G1 X97.186 Y86.25 E5.17479
G1 X98.028 Y87.561 E5.24973
G1 X98.728 Y88.95 E5.32454
G1 X99.281 Y90.405 E5.3994
G1 X99.68 Y91.909 E5.47424
G1 X99.922 Y93.446 E5.54908
G1 X99.976 Y94.484 E5.59907
G1 X99.99 Y95.233 E5.6351
G1 X99.922 Y96.549 E5.69848
G1 X99.683 Y98.081 E5.77306
G1 X99.286 Y99.58 E5.84764
G1 X98.737 Y101.03 E5.92221
G1 X98.042 Y102.416 E5.99678
G1 X97.206 Y103.722 E6.07136
G1 X96.234 Y104.944 E6.14646
G1 X95.731 Y105.479 E6.18178
G1 X94.947 Y106.231 E6.23403
G1 X93.729 Y107.201 E6.30892
G1 X92.423 Y108.037 E6.3835
G1 X91.038 Y108.734 E6.45807
G1 X89.666 Y109.256 E6.52867
G1 X89.747 Y109.638 F7800
G1 F3600
G1 X89.738 Y109.641 E6.52913
G1 X88.188 Y110.055 E6.60629
G1 X86.602 Y110.305 E6.68351
G1 X85 Y110.389 E6.76067
G1 X83.398 Y110.305 E6.83783
G1 X81.812 Y110.055 E6.91505
G1 X80.262 Y109.641 E6.99221
G1 X78.802 Y109.085 E7.06735
G1 X77.376 Y108.367 E7.14414
G1 X76.032 Y107.505 E7.22093
G1 X74.782 Y106.506 E7.29789
G1 X73.978 Y105.735 E7.35147
G1 X73.455 Y105.175 E7.38832
G1 X72.46 Y103.919 E7.46539
G1 X71.603 Y102.572 E7.54218
G1 X70.891 Y101.143 E7.61897
G1 X70.331 Y99.649 E7.69571
G1 X69.928 Y98.104 E7.77251
G1 X69.688 Y96.526 E7.84928
G1 X69.613 Y94.932 E7.92603
G1 X69.703 Y93.338 E8.00282
G1 X69.957 Y91.763 E8.07955
G1 X70.374 Y90.22 E8.15643
G1 X70.86 Y88.937 E8.22242
G1 X71.565 Y87.502 E8.29932
G1 X72.413 Y86.151 E8.37604
G1 X73.403 Y84.887 E8.45326
G1 X73.922 Y84.318 E8.4903
G1 X74.313 Y83.928 E8.51686
G1 X74.882 Y83.408 E8.55393
G1 X76.144 Y82.417 E8.63111
G1 X77.495 Y81.568 E8.70785
G1 X78.929 Y80.862 E8.78473
G1 X80.213 Y80.377 E8.85074
G1 X81.755 Y79.959 E8.92758
G1 X83.08 Y79.744 E8.99214
G1 X83.745 Y79.68 E9.02427
G1 X85.129 Y79.616 E9.09091
G1 X86.517 Y79.687 E9.15776
G1 X88.097 Y79.927 E9.23462
G1 X89.641 Y80.329 E9.31136
G1 X91.136 Y80.888 E9.38813
G1 X92.565 Y81.6 E9.46492
G1 X93.912 Y82.455 E9.54166
G1 X95.166 Y83.447 E9.61856
G1 X96.129 Y84.372 E9.68278
G1 X96.64 Y84.943 E9.71963
G1 X97.5 Y86.025 E9.78611
G1 X98.363 Y87.369 E9.86293
G1 X99.082 Y88.794 E9.9397
G1 X99.649 Y90.286 E10.01647
G1 X100.058 Y91.829 E10.09325
G1 X100.306 Y93.406 E10.17003
G1 X100.375 Y94.747 E10.23461
G1 X100.375 Y95.253 E10.25895
G1 X100.306 Y96.588 E10.32324
G1 X100.061 Y98.16 E10.39976
G1 X99.654 Y99.697 E10.47623
G1 X99.091 Y101.185 E10.55275
G1 X98.377 Y102.606 E10.62924
G1 X97.521 Y103.947 E10.70576
G1 X96.526 Y105.196 E10.78256
G1 X96.005 Y105.75 E10.81914
G1 X95.201 Y106.522 E10.87275
G1 X93.954 Y107.515 E10.94942
G1 X92.615 Y108.373 E11.02591
G1 X91.193 Y109.087 E11.10244
G1 X89.803 Y109.616 E11.17397
G1 X89.883 Y109.998 F7800
;TYPE:External perimeter
G1 F1800
G1 X89.857 Y110.008 E11.17531
G1 X88.268 Y110.433 E11.25442
G1 X86.643 Y110.689 E11.33354
G1 X85 Y110.775 E11.41267
G1 X83.357 Y110.689 E11.4918
G1 X81.732 Y110.433 E11.57092
G1 X80.143 Y110.008 E11.65003
G1 X78.646 Y109.438 E11.72707
G1 X77.184 Y108.702 E11.80579
G1 X75.807 Y107.819 E11.88447
G1 X74.528 Y106.797 E11.96321
G1 X73.704 Y106.006 E12.01815
G1 X73.163 Y105.427 E12.05626
G1 X72.145 Y104.143 E12.13507
G1 X71.267 Y102.762 E12.21378
G1 X70.537 Y101.297 E12.2925
G1 X69.963 Y99.765 E12.37119
G1 X69.55 Y98.182 E12.44988
G1 X69.304 Y96.564 E12.52859
G1 X69.226 Y94.93 E12.60727
G1 X69.319 Y93.297 E12.68594
G1 X69.58 Y91.681 E12.76467
G1 X70.007 Y90.101 E12.84339
G1 X70.505 Y88.783 E12.91116
G1 X71.227 Y87.314 E12.98989
G1 X72.097 Y85.929 E13.06856
G1 X73.108 Y84.638 E13.14743
G1 X73.644 Y84.052 E13.18563
G1 X74.046 Y83.649 E13.21301
G1 X74.632 Y83.113 E13.25121
G1 X75.922 Y82.102 E13.33004
G1 X77.307 Y81.231 E13.40873
G1 X78.776 Y80.508 E13.48748
G1 X80.094 Y80.01 E13.55525
G1 X81.674 Y79.582 E13.63398
G1 X83.018 Y79.364 E13.69947
G1 X83.723 Y79.295 E13.73354
G1 X85.142 Y79.23 E13.80186
G1 X86.556 Y79.303 E13.86996
G1 X88.174 Y79.549 E13.94867
G1 X89.758 Y79.961 E14.02739
G1 X91.29 Y80.534 E14.10606
G1 X92.755 Y81.263 E14.18476
G1 X94.136 Y82.14 E14.26344
G1 X95.42 Y83.157 E14.34222
G1 X96.406 Y84.104 E14.40797
G1 X96.935 Y84.694 E14.44608
G1 X97.814 Y85.801 E14.51407
G1 X98.698 Y87.178 E14.59277
G1 X99.435 Y88.639 E14.67147
G1 X100.016 Y90.168 E14.75014
G1 X100.436 Y91.75 E14.82886
G1 X100.69 Y93.366 E14.90754
G1 X100.761 Y94.727 E14.97309
G1 X100.761 Y95.273 E14.99935
G1 X100.69 Y96.628 E15.06461
G1 X100.439 Y98.239 E15.14303
G1 X100.022 Y99.815 E15.22144
G1 X99.444 Y101.34 E15.29988
G1 X98.713 Y102.797 E15.37828
G1 X97.835 Y104.171 E15.4567
G1 X96.818 Y105.449 E15.53525
G1 X96.279 Y106.022 E15.57309
G1 X95.455 Y106.812 E15.62799
G1 X94.179 Y107.829 E15.70647
G1 X92.806 Y108.708 E15.78488
G1 X91.349 Y109.441 E15.86333
G1 X89.939 Y109.977 E15.93588
G1 X89.555 Y110.088 F7800
G1 E13.93588 F2400
G92 E0
G1 X73.885 Y104.806 F7800
G1 E2 F2400
;TYPE:Solid infill
;WIDTH:0.404381
G1 F3000
G1 X74.39 Y105.329 E2.03083
G1 X74.019 Y104.944 E2.0535
G1 E.0535 F2400
G92 E0
G1 X72.825 Y103.276 F7800
G1 E2 F2400
G1 F3000
G1 X72.806 Y103.347 E2.00312
G1 X72.877 Y103.328 E2.00624
G1 X72.866 Y103.287 E2.00804
;WIDTH:0.45
G1 X73.06 Y103.589 E2.0253
G1 X76.426 Y106.956 E2.25429
G1 X76.729 Y107.146 E2.27149
;WIDTH:0.404381
G1 X76.74 Y107.187 E2.27329
G1 X76.669 Y107.206 E2.27641
G1 X76.688 Y107.135 E2.27953
G1 X78.143 Y108.019 F7800
G1 F3000
G1 X78.124 Y108.091 E2.28269
G1 X78.195 Y108.072 E2.28581
G1 X78.184 Y108.03 E2.28765
;WIDTH:0.45
G1 X77.882 Y107.866 E2.30418
G1 X72.129 Y102.113 E2.69549
G1 X71.962 Y101.813 E2.712
;WIDTH:0.404381
G1 X71.973 Y101.854 E2.7138
G1 X71.902 Y101.873 E2.71692
G1 X71.921 Y101.802 E2.72004
G1 X71.587 Y101.026 F7800
;WIDTH:0.45
G1 F3000
G1 X78.98 Y108.419 E3.2229
G1 X79.283 Y108.569 E3.23916
;WIDTH:0.404381
G1 X79.294 Y108.61 E3.24096
G1 X79.223 Y108.629 E3.24408
G1 X79.242 Y108.558 E3.2472
G1 X80.182 Y108.92 F7800
G1 F3000
G1 X80.193 Y108.961 E3.249
G1 X80.122 Y108.98 E3.25212
G1 X80.141 Y108.909 E3.25524
;WIDTH:0.45
G1 X79.879 Y108.773 E3.26944
G1 X71.229 Y100.123 E3.8578
G1 X70.932 Y99.281 F7800
G1 F3000
G1 X80.715 Y109.063 E4.52319
G1 X81.459 Y109.262 E4.56023
G1 X70.74 Y98.543 E5.28932
G1 X70.569 Y97.826 E5.32477
G1 X82.17 Y109.428 E6.11389
G1 X82.818 Y109.53 E6.14544
G1 X70.471 Y97.183 E6.98527
G1 X70.373 Y96.54 E7.01655
G1 X83.465 Y109.632 E7.90705
G1 X84.041 Y109.663 E7.93479
G1 X70.337 Y95.958 E8.86695
G1 X70.31 Y95.386 E8.89449
G1 X84.617 Y109.693 E9.86763
G1 X85.173 Y109.704 E9.89438
G1 X70.295 Y94.825 E10.9064
G1 X70.324 Y94.309 E10.93126
G1 X85.691 Y109.677 E11.97654
G1 X86.209 Y109.65 E12.00149
G1 X70.353 Y93.793 E13.08003
G1 X70.394 Y93.289 E13.10435
G1 X86.71 Y109.605 E14.21414
G1 X87.181 Y109.53 E14.23708
G1 X70.47 Y92.82 E15.37371
G1 X70.546 Y92.35 E15.39661
G1 X87.652 Y109.456 E16.56014
G1 X88.116 Y109.375 E16.58279
G1 X70.624 Y91.883 E17.77257
G1 X70.74 Y91.454 E17.79394
G1 X88.547 Y109.26 E19.00512
G1 X88.977 Y109.145 E19.02653
G1 X70.856 Y91.024 E20.2591
G1 X70.972 Y90.595 E20.28047
G1 X89.408 Y109.031 E21.53446
G1 X89.813 Y108.89 E21.55509
G1 X71.109 Y90.186 E22.82731
G1 X71.258 Y89.79 E22.84766
G1 X79.533 Y98.065 E23.41052
G1 X79.753 Y98.338 E23.42738
;WIDTH:0.404381
G1 X80.15 Y98.83 E23.45419
G1 X80.932 Y99.632 E23.50169
G1 X81.688 Y100.274 E23.54375
;WIDTH:0.45
G1 X81.96 Y100.492 E23.56052
G1 X90.208 Y108.74 E24.12154
G1 X90.603 Y108.59 E24.14186
G1 X82.952 Y100.938 E24.66231
G1 X82.913 Y100.774 E24.67042
;WIDTH:0.404381
G1 X82.829 Y100.746 E24.67417
G1 X82.679 Y100.757 E24.68055
G1 X83.676 Y101.117 F7800
;WIDTH:0.45
G1 F3000
G1 X90.992 Y108.433 E25.17818
G1 X91.355 Y108.251 E25.19771
G1 X84.336 Y101.232 E25.67513
G1 X84.909 Y101.259 E25.70272
G1 X91.718 Y108.068 E26.16586
G1 X92.08 Y107.886 E26.18535
G1 X85.452 Y101.257 E26.63621
G1 X85.927 Y101.187 E26.6593
G1 X92.43 Y107.69 E27.10163
G1 X92.762 Y107.477 E27.1206
G1 X86.403 Y101.118 E27.55313
G1 X86.824 Y100.993 E27.57425
G1 X93.095 Y107.264 E28.0008
G1 X93.427 Y107.051 E28.01977
G1 X87.229 Y100.853 E28.44135
G1 X87.627 Y100.705 E28.46177
G1 X93.742 Y106.821 E28.87774
G1 X94.046 Y106.579 E28.89643
G1 X87.973 Y100.506 E29.30951
G1 X88.32 Y100.307 E29.32875
G1 X94.349 Y106.337 E29.73887
G1 X94.653 Y106.096 E29.75753
G1 X88.664 Y100.106 E30.16493
G1 X88.955 Y99.853 E30.18348
G1 X94.94 Y105.837 E30.59054
G1 X95.218 Y105.57 E30.60908
G1 X89.247 Y99.599 E31.01522
G1 X89.539 Y99.346 E31.0338
G1 X95.497 Y105.303 E31.43902
G1 X95.762 Y105.024 E31.45753
G1 X89.782 Y99.043 E31.86432
G1 X90.022 Y98.738 E31.88299
G1 X96.026 Y104.741 E32.29134
G1 X96.267 Y104.438 E32.30996
G1 X90.262 Y98.432 E32.71845
G1 X90.453 Y98.078 E32.7378
G1 X96.509 Y104.134 E33.14972
G1 X96.751 Y103.83 E33.16841
G1 X90.638 Y97.718 E33.58417
G1 X90.823 Y97.357 E33.60368
G1 X96.99 Y103.524 E34.02315
G1 X97.202 Y103.191 E34.04214
G1 X90.954 Y96.943 E34.46712
G1 X91.078 Y96.521 E34.48827
G1 X97.415 Y102.859 E34.91934
G1 X97.628 Y102.526 E34.93835
G1 X91.18 Y96.078 E35.37693
G1 X91.229 Y95.582 E35.4009
G1 X97.833 Y102.186 E35.8501
G1 X98.015 Y101.823 E35.86963
G1 X91.278 Y95.085 E36.32791
G1 X91.24 Y94.502 E36.35601
G1 X98.198 Y101.46 E36.82928
G1 X98.38 Y101.097 E36.84881
G1 X91.184 Y93.901 E37.33827
G1 X90.978 Y93.149 F7800
G1 F3000
G1 X98.546 Y100.718 E37.85307
G1 X98.696 Y100.322 E37.87344
G1 X90.618 Y92.245 E38.42286
G1 X90.42 Y91.972 E38.43908
;WIDTH:0.404381
G1 X90.189 Y91.657 E38.45565
G1 E36.45565 F2400
G92 E0
G1 X79.305 Y97.325 F7800
G1 E2 F2400
G1 F3000
G1 X79.316 Y97.366 E2.0018
G1 X79.245 Y97.385 E2.00492
G1 X79.264 Y97.314 E2.00804
;WIDTH:0.45
G1 X79.096 Y97.083 E2.02178
G1 X71.408 Y89.395 E2.54471
G1 X71.573 Y89.015 E2.56464
G1 X78.878 Y96.319 E3.06148
G1 X79.012 Y96.551 E3.07437
;WIDTH:0.404381
G1 X78.993 Y96.622 E3.07749
G1 X79.064 Y96.603 E3.08061
G1 X79.053 Y96.562 E3.08241
G1 X78.753 Y95.649 F7800
;WIDTH:0.45
G1 F3000
G1 X71.753 Y88.649 E3.55854
G1 X71.933 Y88.283 E3.57816
G1 X78.74 Y95.091 E4.0412
G1 X78.744 Y94.55 E4.06722
G1 X72.112 Y87.918 E4.51832
G1 X72.316 Y87.576 E4.53747
G1 X78.807 Y94.067 E4.97898
G1 X78.899 Y93.614 E5.00121
G1 X72.526 Y87.241 E5.43469
G1 X72.736 Y86.905 E5.45375
G1 X78.991 Y93.16 E5.87921
G1 X79.151 Y92.775 E5.89926
G1 X72.947 Y86.57 E6.32128
G1 X73.183 Y86.262 E6.33994
G1 X79.31 Y92.389 E6.75669
G1 X79.477 Y92.011 E6.77657
G1 X73.423 Y85.956 E7.18839
G1 X73.662 Y85.65 E7.20706
G1 X79.69 Y91.678 E7.61708
G1 X79.904 Y91.346 E7.63608
G1 X73.902 Y85.345 E8.04429
G1 X74.161 Y85.058 E8.06288
G1 X80.137 Y91.034 E8.46936
G1 X80.399 Y90.751 E8.48791
G1 X74.421 Y84.773 E8.89453
G1 X74.694 Y84.501 E8.91307
G1 X80.666 Y90.473 E9.31928
G1 X80.946 Y90.207 E9.33786
G1 X74.975 Y84.236 E9.744
G1 X75.26 Y83.976 E9.76255
G1 X81.262 Y89.978 E10.1708
G1 X81.579 Y89.75 E10.18958
G1 X75.561 Y83.732 E10.59892
G1 X75.867 Y83.492 E10.61762
G1 X81.906 Y89.531 E11.02839
G1 X82.278 Y89.358 E11.04812
G1 X76.173 Y83.253 E11.46337
G1 X76.478 Y83.013 E11.48204
G1 X82.653 Y89.187 E11.90202
G1 X83.042 Y89.031 E11.92218
G1 X76.808 Y82.797 E12.34621
G1 X77.143 Y82.587 E12.36523
G1 X83.482 Y88.926 E12.7964
G1 X83.922 Y88.82 E12.81817
G1 X77.478 Y82.376 E13.25648
G1 X77.813 Y82.166 E13.2755
G1 X84.41 Y88.763 E13.72422
G1 X84.928 Y88.735 E13.74917
G1 X78.177 Y81.985 E14.20833
G1 X78.543 Y81.805 E14.22795
G1 X85.48 Y88.742 E14.6998
G1 X86.122 Y88.839 E14.73103
G1 X78.908 Y81.625 E15.22172
G1 X79.28 Y81.451 E15.24147
G1 X86.842 Y89.013 E15.75583
G1 X86.885 Y89.179 E15.76408
;WIDTH:0.404381
G1 X87.031 Y89.203 E15.77035
G1 X87.114 Y89.184 E15.77396
G1 X88.567 Y89.996 F7800
G1 F3000
G1 X88 Y89.562 E15.80424
;WIDTH:0.45
G1 X87.727 Y89.353 E15.82078
G1 X79.675 Y81.302 E16.36843
G1 X80.071 Y81.152 E16.3888
G1 X98.846 Y99.927 E17.66585
G1 X98.995 Y99.531 E17.6862
G1 X80.471 Y81.006 E18.94621
G1 X80.9 Y80.89 E18.96758
G1 X99.113 Y99.103 E20.20641
G1 X99.227 Y98.672 E20.22785
G1 X81.329 Y80.774 E21.44525
G1 X81.758 Y80.658 E21.46662
G1 X99.341 Y98.241 E22.66259
G1 X99.435 Y97.79 E22.68475
G1 X82.214 Y80.569 E23.8561
G1 X82.684 Y80.492 E23.87901
G1 X99.509 Y97.318 E25.02346
G1 X99.583 Y96.847 E25.04639
G1 X83.153 Y80.416 E26.16397
G1 X83.645 Y80.363 E26.18777
G1 X99.642 Y96.361 E27.2759
G1 X99.669 Y95.842 E27.3009
G1 X84.163 Y80.336 E28.3556
G1 X84.681 Y80.309 E28.38055
G1 X99.696 Y95.324 E29.40185
G1 X99.702 Y94.784 E29.42782
G1 X85.215 Y80.297 E30.41321
G1 X85.79 Y80.326 E30.4409
G1 X99.672 Y94.208 E31.38514
G1 X99.642 Y93.633 E31.41283
G1 X86.364 Y80.355 E32.31598
G1 X86.997 Y80.443 E32.34672
G1 X99.56 Y93.006 E33.20124
G1 X99.458 Y92.359 E33.23274
G1 X87.639 Y80.54 E34.03665
G1 X88.329 Y80.685 E34.07056
G1 X99.319 Y91.674 E34.81805
G1 X99.122 Y90.932 E34.85497
G1 X89.066 Y80.876 E35.53897
G1 X89.587 Y80.927 E35.56415
;WIDTH:0.404381
G1 X89.567 Y80.999 E35.56732
G1 X89.639 Y80.98 E35.57048
G1 X89.628 Y80.938 E35.57232
;WIDTH:0.45
G1 X89.87 Y81.135 E35.58733
G1 X98.869 Y90.133 E36.1994
G1 X99.069 Y90.373 E36.21443
;WIDTH:0.404381
G1 X99.08 Y90.414 E36.21623
G1 X99.009 Y90.433 E36.21935
G1 X99.028 Y90.362 E36.22247
G1 X98.7 Y89.483 F7800
G1 F3000
G1 X98.681 Y89.554 E36.22559
G1 X98.752 Y89.535 E36.22871
G1 X98.741 Y89.494 E36.23051
;WIDTH:0.45
G1 X98.534 Y89.254 E36.24575
G1 X90.742 Y81.461 E36.77579
G1 X90.499 Y81.259 E36.79099
;WIDTH:0.404381
G1 X90.51 Y81.3 E36.79279
G1 X90.439 Y81.319 E36.79591
G1 X90.458 Y81.248 E36.79903
G1 X91.513 Y81.737 F7800
G1 F3000
G1 X91.494 Y81.808 E36.80215
G1 X91.566 Y81.789 E36.80531
G1 X91.555 Y81.748 E36.80711
;WIDTH:0.45
G1 X91.797 Y81.971 E36.82294
G1 X98.253 Y88.443 E37.26261
;WIDTH:0.404381
G1 X98.264 Y88.484 E37.26441
G1 X98.193 Y88.503 E37.26753
G1 X98.212 Y88.432 E37.27065
G1 X97.447 Y87.099 F7800
G1 F3000
G1 X97.428 Y87.17 E37.27377
G1 X97.499 Y87.151 E37.27689
G1 X97.488 Y87.11 E37.27869
;WIDTH:0.45
G1 X92.885 Y82.508 E37.59175
;WIDTH:0.404381
G1 X92.896 Y82.549 E37.59355
G1 X92.825 Y82.568 E37.59667
G1 X92.844 Y82.497 E37.59979
G1 E35.59979 F2400
G92 E0
G1 X94.757 Y83.916 F7800
G1 E2 F2400
G1 F3000
G1 X95.672 Y84.813 E2.05434
G1 X96.17 Y85.339 E2.08506
G1 X97.061 Y86.338 E2.14183
M106 S175.95
;LAYER_CHANGE
;Z:3.05
;HEIGHT:0.3
G1 E.14183 F2400
G92 E0
G1 Z3.05 F7800
G1 X79.035 Y94.43
G1 E2 F2400
;TYPE:Perimeter
;WIDTH:0.45
G1 F1800
G1 X79.169 Y93.69 E2.03617
G1 X79.277 Y93.224 E2.05918
G1 X79.632 Y92.336 E2.10518
G1 X80.233 Y91.368 E2.15998
G1 X80.707 Y90.846 E2.19389
G1 X81.106 Y90.441 E2.22123
G1 X81.967 Y89.828 E2.27206
G1 X82.687 Y89.489 E2.31034
G1 X83.127 Y89.308 E2.33322
G1 X84.057 Y89.082 E2.37925
G1 X85.194 Y89.01 E2.43405
G1 X86.324 Y89.155 E2.48884
G1 X87.406 Y89.511 E2.54362
G1 X88.401 Y90.066 E2.59842
G1 X89.042 Y90.598 E2.63848
G1 X89.4 Y90.931 E2.662
G1 X89.991 Y91.683 E2.708
G1 X90.529 Y92.688 E2.76283
G1 X90.866 Y93.776 E2.81761
G1 X90.992 Y94.908 E2.87239
G1 X90.882 Y96.164 E2.93303
G1 X90.529 Y97.312 E2.9908
G1 X90.09 Y98.162 E3.03681
G1 X89.4 Y99.069 E3.09162
G1 X88.55 Y99.828 E3.14643
G1 X87.923 Y100.21 E3.18174
G1 X87.465 Y100.466 E3.20698
G1 X86.73 Y100.722 E3.24441
G1 X86.324 Y100.845 E3.26481
G1 X85.377 Y100.981 E3.31082
G1 X84.238 Y100.944 E3.36563
G1 X83.127 Y100.692 E3.42042
G1 X82.083 Y100.235 E3.47523
G1 X81.104 Y99.558 E3.53248
G1 X80.347 Y98.776 E3.58483
G1 X79.716 Y97.827 E3.63964
G1 X79.277 Y96.776 E3.69442
G1 X79.044 Y95.661 E3.74921
G1 X79.028 Y94.489 E3.80558
G1 X79.416 Y94.467 F7800
G1 F1800
G1 X79.416 Y94.456 E3.80611
G1 X79.635 Y93.367 E3.85954
G1 X79.99 Y92.479 E3.90554
G1 X80.558 Y91.576 E3.95685
G1 X81.346 Y90.743 E4.012
G1 X82.174 Y90.154 E4.06087
G1 X82.847 Y89.84 E4.09659
G1 X83.218 Y89.682 E4.11598
G1 X84.147 Y89.457 E4.16195
G1 X85.212 Y89.396 E4.21326
G1 X86.269 Y89.537 E4.26455
G1 X87.28 Y89.876 E4.31584
G1 X88.208 Y90.4 E4.3671
G1 X89.097 Y91.17 E4.42367
G1 X89.691 Y91.926 E4.46991
G1 X90.186 Y92.865 E4.52096
G1 X90.496 Y93.885 E4.57223
G1 X90.608 Y94.945 E4.6235
G1 X90.496 Y96.115 E4.68003
G1 X90.227 Y97.033 E4.72604
G1 X89.773 Y97.937 E4.77469
G1 X89.097 Y98.83 E4.82856
G1 X88.298 Y99.536 E4.87984
G1 X87.28 Y100.124 E4.93638
G1 X86.376 Y100.437 E4.98239
G1 X85.387 Y100.59 E5.03052
G1 X84.256 Y100.559 E5.08494
G1 X83.218 Y100.318 E5.13619
G1 X82.244 Y99.884 E5.18748
G1 X81.311 Y99.227 E5.24236
G1 X80.558 Y98.424 E5.29531
G1 X80.039 Y97.617 E5.34146
G1 X79.635 Y96.633 E5.39262
G1 X79.422 Y95.588 E5.44391
G1 X79.416 Y94.527 E5.49494
G1 X79.801 Y94.504 F7800
;TYPE:External perimeter
G1 F1800
G1 X79.801 Y94.485 E5.49585
G1 X79.993 Y93.511 E5.5436
G1 X80.348 Y92.622 E5.58964
G1 X80.882 Y91.785 E5.63739
G1 X81.593 Y91.04 E5.68692
G1 X82.372 Y90.485 E5.73292
G1 X83.008 Y90.191 E5.76662
G1 X83.309 Y90.057 E5.78247
G1 X84.238 Y89.832 E5.82844
G1 X85.23 Y89.781 E5.87621
G1 X86.214 Y89.919 E5.924
G1 X87.154 Y90.24 E5.97177
G1 X88.015 Y90.734 E6.01951
G1 X88.794 Y91.408 E6.06905
G1 X89.386 Y92.162 E6.11516
G1 X89.843 Y93.041 E6.16281
G1 X90.126 Y93.993 E6.21058
G1 X90.224 Y94.982 E6.25838
G1 X90.126 Y96.007 E6.3079
G1 X89.857 Y96.925 E6.35391
G1 X89.43 Y97.761 E6.39906
G1 X88.794 Y98.592 E6.44939
G1 X88.045 Y99.245 E6.49718
G1 X87.154 Y99.76 E6.54668
G1 X86.249 Y100.073 E6.59274
G1 X85.333 Y100.208 E6.63727
G1 X84.275 Y100.174 E6.68818
G1 X83.309 Y99.943 E6.73595
G1 X82.404 Y99.534 E6.78372
G1 X81.565 Y98.936 E6.83327
G1 X80.905 Y98.244 E6.87926
G1 X80.365 Y97.41 E6.92705
G1 X79.993 Y96.489 E6.97482
G1 X79.801 Y95.515 E7.02257
G1 X79.801 Y94.564 E7.06831
G1 X79.865 Y94.169 F7800
G1 E5.06831 F2400
G92 E0
G1 X89.609 Y109.275 F7800
G1 E2 F2400
;TYPE:Perimeter
G1 F3600
G1 X89.585 Y109.285 E2.00125
G1 X88.084 Y109.682 E2.07593
G1 X86.55 Y109.922 E2.15061
G1 X85 Y110.002 E2.22526
G1 X83.45 Y109.922 E2.29991
G1 X81.916 Y109.682 E2.37459
G1 X80.415 Y109.285 E2.44927
G1 X78.973 Y108.739 E2.52343
G1 X77.588 Y108.043 E2.59798
G1 X76.281 Y107.209 E2.67255
G1 X75.056 Y106.234 E2.74785
G1 X74.194 Y105.407 E2.8053
G1 X73.755 Y104.932 E2.83641
G1 X72.783 Y103.707 E2.91162
G1 X71.949 Y102.399 E2.98623
G1 X71.255 Y101.013 E3.06078
G1 X70.708 Y99.563 E3.13532
G1 X70.314 Y98.064 E3.20987
G1 X70.076 Y96.532 E3.28444
G1 X69.998 Y94.983 E3.35904
G1 X70.08 Y93.435 E3.4336
G1 X70.321 Y91.904 E3.50814
G1 X70.719 Y90.405 E3.58273
G1 X71.248 Y89.007 E3.65462
G1 X71.94 Y87.619 E3.72921
G1 X72.771 Y86.31 E3.80378
G1 X73.743 Y85.083 E3.87907
G1 X74.179 Y84.607 E3.91012
G1 X74.606 Y84.18 E3.93916
G1 X75.081 Y83.744 E3.97017
G1 X76.309 Y82.772 E4.0455
G1 X77.617 Y81.941 E4.12003
G1 X79.005 Y81.248 E4.19465
G1 X80.403 Y80.72 E4.26652
G1 X81.902 Y80.321 E4.34113
G1 X83.432 Y80.08 E4.41562
G1 X85.037 Y79.999 E4.49291
G1 X86.529 Y80.076 E4.56477
G1 X88.062 Y80.314 E4.63939
G1 X89.561 Y80.708 E4.71394
G1 X91.011 Y81.255 E4.78848
G1 X92.398 Y81.948 E4.86305
G1 X93.705 Y82.782 E4.93762
G1 X94.932 Y83.755 E5.01294
G1 X95.366 Y84.154 E5.04129
G1 X95.833 Y84.62 E5.07302
G1 X96.267 Y85.095 E5.10397
G1 X97.238 Y86.325 E5.17934
G1 X98.042 Y87.586 E5.25127
G1 X98.738 Y88.972 E5.32586
G1 X99.287 Y90.421 E5.40039
G1 X99.683 Y91.92 E5.47496
G1 X99.922 Y93.452 E5.54954
G1 X99.976 Y94.486 E5.59934
G1 X99.99 Y95.232 E5.63523
G1 X99.922 Y96.547 E5.69856
G1 X99.683 Y98.077 E5.77304
G1 X99.288 Y99.575 E5.84755
G1 X98.74 Y101.023 E5.92201
G1 X98.046 Y102.408 E5.99652
G1 X97.213 Y103.714 E6.07102
G1 X96.24 Y104.937 E6.14619
G1 X95.374 Y105.839 E6.20633
G1 X94.94 Y106.238 E6.23468
G1 X93.715 Y107.211 E6.30992
G1 X92.41 Y108.045 E6.38441
G1 X91.025 Y108.739 E6.45892
G1 X89.665 Y109.254 E6.52886
G1 X89.746 Y109.636 F7800
G1 F3600
G1 X89.703 Y109.652 E6.53107
G1 X88.163 Y110.06 E6.60769
G1 X86.59 Y110.306 E6.68427
G1 X85 Y110.389 E6.76085
G1 X83.41 Y110.306 E6.83743
G1 X81.837 Y110.06 E6.91401
G1 X80.297 Y109.652 E6.99063
G1 X78.818 Y109.092 E7.06669
G1 X77.397 Y108.379 E7.14316
G1 X76.057 Y107.523 E7.21964
G1 X74.805 Y106.527 E7.29659
G1 X74.355 Y106.113 E7.326
G1 X73.916 Y105.674 E7.35586
G1 X73.462 Y105.183 E7.38802
G1 X72.468 Y103.931 E7.46491
G1 X71.613 Y102.59 E7.5414
G1 X70.902 Y101.168 E7.61787
G1 X70.341 Y99.68 E7.69436
G1 X69.936 Y98.142 E7.77085
G1 X69.692 Y96.571 E7.84732
G1 X69.612 Y94.983 E7.92379
G1 X69.696 Y93.395 E8.00027
G1 X69.943 Y91.824 E8.07676
G1 X70.351 Y90.287 E8.15324
G1 X70.894 Y88.852 E8.22703
G1 X71.604 Y87.429 E8.30352
G1 X72.457 Y86.086 E8.38004
G1 X73.449 Y84.832 E8.45694
G1 X73.901 Y84.34 E8.48907
G1 X74.339 Y83.902 E8.51886
G1 X74.831 Y83.45 E8.55099
G1 X76.085 Y82.458 E8.62789
G1 X77.427 Y81.605 E8.70437
G1 X78.85 Y80.895 E8.78086
G1 X80.285 Y80.352 E8.85465
G1 X81.823 Y79.944 E8.93118
G1 X83.393 Y79.696 E9.00763
G1 X85.037 Y79.613 E9.0868
G1 X86.569 Y79.692 E9.16058
G1 X88.141 Y79.936 E9.23709
G1 X89.678 Y80.34 E9.31353
G1 X91.166 Y80.901 E9.39002
G1 X92.588 Y81.613 E9.46651
G1 X93.929 Y82.467 E9.54298
G1 X95.182 Y83.461 E9.61991
G1 X95.632 Y83.875 E9.64932
G1 X96.111 Y84.353 E9.68187
G1 X96.561 Y84.845 E9.71394
G1 X97.553 Y86.102 E9.79096
G1 X98.378 Y87.395 E9.86473
G1 X99.091 Y88.816 E9.9412
G1 X99.654 Y90.304 E10.01772
G1 X100.061 Y91.841 E10.09419
G1 X100.306 Y93.412 E10.17066
G1 X100.376 Y94.748 E10.23501
G1 X100.376 Y95.252 E10.25925
G1 X100.307 Y96.587 E10.32354
G1 X100.061 Y98.156 E10.39993
G1 X99.656 Y99.692 E10.47633
G1 X99.094 Y101.178 E10.55274
G1 X98.382 Y102.599 E10.62918
G1 X97.527 Y103.938 E10.70559
G1 X96.533 Y105.188 E10.7824
G1 X95.641 Y106.117 E10.84434
G1 X95.191 Y106.531 E10.87375
G1 X93.94 Y107.526 E10.95063
G1 X92.601 Y108.38 E11.02701
G1 X91.18 Y109.093 E11.10348
G1 X89.802 Y109.615 E11.17435
G1 X89.882 Y109.997 F7800
;TYPE:External perimeter
G1 F1800
G1 X89.821 Y110.02 E11.17749
G1 X88.243 Y110.438 E11.256
G1 X86.63 Y110.69 E11.33452
G1 X85 Y110.775 E11.41302
G1 X83.37 Y110.69 E11.49152
G1 X81.757 Y110.438 E11.57004
G1 X80.179 Y110.02 E11.64855
G1 X78.663 Y109.446 E11.72652
G1 X77.206 Y108.715 E11.80492
G1 X75.832 Y107.837 E11.88334
G1 X74.554 Y106.82 E11.96189
G1 X74.088 Y106.392 E11.99232
G1 X73.637 Y105.941 E12.023
G1 X73.169 Y105.434 E12.05619
G1 X72.154 Y104.155 E12.13472
G1 X71.278 Y102.78 E12.21313
G1 X70.548 Y101.323 E12.29151
G1 X69.973 Y99.798 E12.3699
G1 X69.558 Y98.221 E12.44833
G1 X69.308 Y96.61 E12.52674
G1 X69.226 Y94.983 E12.60509
G1 X69.312 Y93.355 E12.6835
G1 X69.565 Y91.745 E12.76189
G1 X69.984 Y90.169 E12.84032
G1 X70.54 Y88.697 E12.916
G1 X71.268 Y87.239 E12.99438
G1 X72.142 Y85.863 E13.07278
G1 X73.155 Y84.582 E13.15133
G1 X73.622 Y84.073 E13.18455
G1 X74.072 Y83.623 E13.21516
G1 X74.58 Y83.157 E13.24832
G1 X75.861 Y82.143 E13.3269
G1 X77.237 Y81.269 E13.4053
G1 X78.696 Y80.541 E13.48372
G1 X80.167 Y79.984 E13.55937
G1 X81.743 Y79.566 E13.63779
G1 X83.353 Y79.312 E13.71618
G1 X85.037 Y79.227 E13.79728
G1 X86.608 Y79.308 E13.87294
G1 X88.219 Y79.558 E13.95135
G1 X89.796 Y79.972 E14.02977
G1 X91.321 Y80.547 E14.10816
G1 X92.779 Y81.277 E14.18658
G1 X94.153 Y82.153 E14.26495
G1 X95.433 Y83.168 E14.34352
G1 X95.899 Y83.597 E14.37398
G1 X96.39 Y84.086 E14.40731
G1 X96.855 Y84.596 E14.4405
G1 X97.868 Y85.878 E14.51909
G1 X98.714 Y87.204 E14.59474
G1 X99.445 Y88.661 E14.67314
G1 X100.022 Y90.186 E14.75156
G1 X100.439 Y91.762 E14.82997
G1 X100.69 Y93.372 E14.90834
G1 X100.761 Y94.728 E14.97365
G1 X100.761 Y95.272 E14.99981
G1 X100.691 Y96.626 E15.06502
G1 X100.439 Y98.235 E15.14335
G1 X100.023 Y99.81 E15.2217
G1 X99.447 Y101.333 E15.30001
G1 X98.717 Y102.789 E15.37835
G1 X97.841 Y104.162 E15.45668
G1 X96.826 Y105.44 E15.53517
G1 X96.358 Y105.945 E15.56829
G1 X95.908 Y106.396 E15.59893
G1 X95.442 Y106.824 E15.62936
G1 X94.164 Y107.84 E15.70788
G1 X92.791 Y108.716 E15.78621
G1 X91.336 Y109.446 E15.8645
G1 X89.938 Y109.975 E15.93639
G1 X89.555 Y110.089 F7800
G1 E13.93639 F2400
G92 E0
G1 X93.836 Y106.971 F7800
G1 E2 F2400
;TYPE:Top solid infill
;WIDTH:0.406885
G1 X94.813 Y105.994 E2.05902
G1 X94.328 Y105.994 E2.07974
G1 X92.911 Y107.411 E2.16535
G1 X92.279 Y107.815 E2.19739
G1 X91.766 Y108.072 E2.2219
G1 X94.114 Y105.724 E2.36375
G1 X94.055 Y105.576 E2.37056
G1 X94.334 Y105.317 E2.38682
G1 X94.107 Y105.247 E2.39697
G1 X90.819 Y108.535 E2.59561
G1 X90.039 Y108.83 E2.63123
G1 X93.656 Y105.214 E2.84972
G1 X93.171 Y105.214 E2.87044
G1 X89.297 Y109.087 E3.10445
G1 X88.639 Y109.262 E3.13354
G1 X92.687 Y105.214 E3.37809
G1 X92.203 Y105.214 E3.39877
G1 X87.986 Y109.43 E3.6535
G1 X87.412 Y109.52 E3.67832
G1 X91.718 Y105.214 E3.93846
G1 X91.234 Y105.214 E3.95914
G1 X86.838 Y109.61 E4.22472
G1 X86.523 Y109.659 E4.23834
G1 X86.292 Y109.671 E4.24822
G1 X90.749 Y105.214 E4.51748
G1 X90.265 Y105.214 E4.53816
G1 X85.781 Y109.697 E4.80903
G1 X85.27 Y109.724 E4.83089
G1 X89.781 Y105.214 E5.10339
G1 X89.296 Y105.214 E5.12411
G1 X84.783 Y109.727 E5.39676
G1 X84.323 Y109.703 E5.41644
G1 X88.812 Y105.214 E5.68764
G1 X88.328 Y105.214 E5.70832
G1 X83.862 Y109.679 E5.9781
G1 X83.477 Y109.659 E5.99457
G1 X83.409 Y109.648 E5.99751
G1 X87.843 Y105.214 E6.26538
G1 X87.359 Y105.214 E6.28606
G1 X82.99 Y109.583 E6.55001
G1 X82.571 Y109.517 E6.56813
G1 X86.874 Y105.214 E6.82809
G1 X86.39 Y105.214 E6.84877
G1 X82.152 Y109.452 E7.1048
G1 X81.754 Y109.366 E7.12219
G1 X85.906 Y105.214 E7.37303
G1 X85.421 Y105.214 E7.39375
G1 X81.371 Y109.264 E7.63843
G1 X80.988 Y109.163 E7.65535
G1 X84.937 Y105.214 E7.89392
G1 X84.453 Y105.214 E7.9146
G1 X80.605 Y109.062 E8.14707
G1 X80.244 Y108.937 E8.16339
G1 X83.968 Y105.214 E8.38834
G1 X83.484 Y105.214 E8.40902
G1 X79.893 Y108.804 E8.62594
G1 X79.542 Y108.671 E8.64197
G1 X82.999 Y105.214 E8.85082
G1 X82.515 Y105.214 E8.8715
G1 X79.19 Y108.538 E9.07235
G1 X78.859 Y108.386 E9.08791
G1 X82.031 Y105.214 E9.27954
G1 X81.546 Y105.214 E9.30026
G1 X78.536 Y108.224 E9.48211
G1 X78.214 Y108.062 E9.49751
G1 X81.062 Y105.214 E9.66957
G1 X80.578 Y105.214 E9.69025
G1 X77.891 Y107.9 E9.85255
G1 X77.581 Y107.726 E9.86774
G1 X80.093 Y105.214 E10.0195
G1 X79.609 Y105.214 E10.04018
G1 X77.286 Y107.537 E10.18052
G1 X76.99 Y107.348 E10.19552
G1 X79.125 Y105.214 E10.32447
G1 X78.64 Y105.214 E10.34519
G1 X76.694 Y107.159 E10.46272
G1 X76.402 Y106.967 E10.47765
G1 X78.156 Y105.214 E10.58359
G1 X77.671 Y105.214 E10.60431
G1 X76.132 Y106.753 E10.69729
G1 X75.862 Y106.538 E10.71203
G1 X77.187 Y105.214 E10.79205
G1 X76.703 Y105.214 E10.81273
G1 X75.593 Y106.324 E10.87979
G1 X75.323 Y106.109 E10.89453
G1 X75.438 Y105.994 E10.90148
G1 X75.77 Y105.994 E10.91566
G1 X75.936 Y105.581 E10.93467
G1 X75.893 Y105.539 E10.93724
G1 X76.369 Y105.063 E10.966
G1 E8.966
G92 E0
G1 X73.782 Y104.784 F7800
G1 E2 F2400
;WIDTH:0.406921
G1 X74.006 Y104.56 E2.01353
G1 X74.006 Y104.216 E2.02823
G1 X74.442 Y104.059 E2.04803
G1 X74.471 Y104.094 E2.04997
G1 X74.786 Y103.779 E2.069
G1 X74.786 Y103.295 E2.08968
G1 X73.675 Y104.406 E2.15681
G1 X73.461 Y104.136 E2.17153
G1 X74.786 Y102.81 E2.25162
G1 X74.786 Y102.326 E2.2723
G1 X73.246 Y103.866 E2.36535
G1 X73.032 Y103.596 E2.38007
G1 X74.786 Y101.841 E2.48608
G1 X74.786 Y101.357 E2.50676
G1 X72.839 Y103.304 E2.6244
G1 X72.651 Y103.008 E2.63938
G1 X74.786 Y100.872 E2.76841
G1 X74.786 Y100.388 E2.78909
G1 X72.462 Y102.712 E2.92951
G1 X72.274 Y102.417 E2.94446
G1 X74.786 Y99.904 E3.09627
G1 X74.786 Y99.419 E3.11699
G1 X72.098 Y102.107 E3.2794
G1 X71.937 Y101.784 E3.29482
G1 X74.786 Y98.935 E3.46696
G1 X74.786 Y98.45 E3.48768
G1 X71.775 Y101.461 E3.6696
G1 X71.614 Y101.139 E3.68498
G1 X74.786 Y97.966 E3.87666
G1 X74.786 Y97.482 E3.89734
G1 X71.46 Y100.808 E4.0983
G1 X71.328 Y100.456 E4.11436
G1 X74.786 Y96.997 E4.32332
G1 X74.786 Y96.513 E4.344
G1 X71.195 Y100.104 E4.56097
G1 X71.062 Y99.752 E4.57705
G1 X74.786 Y96.028 E4.80205
G1 X74.786 Y95.544 E4.82273
G1 X70.937 Y99.393 E5.05529
G1 X70.836 Y99.01 E5.07221
G1 X74.786 Y95.059 E5.3109
G1 X74.786 Y94.575 E5.33158
G1 X70.735 Y98.626 E5.57634
G1 X70.634 Y98.243 E5.59326
G1 X74.786 Y94.091 E5.84412
G1 X74.786 Y93.606 E5.86484
G1 X70.547 Y97.845 E6.12096
G1 X70.482 Y97.426 E6.13908
G1 X74.786 Y93.122 E6.39913
G1 X74.786 Y92.637 E6.41985
G1 X70.417 Y97.006 E6.68383
G1 X70.352 Y96.587 E6.70195
G1 X74.786 Y92.153 E6.96985
G1 X74.786 Y91.668 E6.99057
G1 X70.321 Y96.134 E7.26038
G1 X70.297 Y95.673 E7.2801
G1 X74.786 Y91.184 E7.55133
G1 X74.786 Y90.7 E7.57201
G1 X70.274 Y95.212 E7.84463
G1 X70.262 Y94.984 E7.85438
G1 X70.276 Y94.726 E7.86542
G1 X74.786 Y90.215 E8.13794
G1 X74.786 Y89.731 E8.15862
G1 X70.303 Y94.214 E8.42948
G1 X70.33 Y93.703 E8.45134
G1 X74.786 Y89.246 E8.7206
G1 X74.786 Y88.762 E8.74128
G1 X70.391 Y93.157 E9.00683
G1 X70.482 Y92.582 E9.0317
G1 X74.786 Y88.277 E9.29178
G1 X74.786 Y87.793 E9.31246
G1 X70.572 Y92.007 E9.56707
G1 X70.74 Y91.355 E9.59584
G1 X74.786 Y87.309 E9.8403
G1 X74.786 Y86.824 E9.86102
G1 X70.915 Y90.695 E10.09491
G1 X70.971 Y90.486 E10.10415
G1 X71.172 Y89.954 E10.12845
G1 X74.786 Y86.34 E10.34681
G1 X74.786 Y86.121 E10.35617
G1 X74.752 Y85.89 E10.36615
G1 X71.466 Y89.176 E10.56469
G1 X71.933 Y88.224 E10.60999
G1 X74.282 Y85.875 E10.75192
G1 X74.006 Y85.777 E10.76443
G1 X74.006 Y85.667 E10.76913
G1 X72.108 Y87.565 E10.88381
G1 E8.88381
G92 E0
G1 X74.598 Y84.598 F7800
G1 E2 F2400
;TYPE:Internal infill
;WIDTH:0.45
G1 F4200
G1 X74.909 Y84.909 E2.02115
G1 X75.433 Y84.792 F7800
;TYPE:Solid infill
;WIDTH:0.404381
G1 F3000
G1 X74.787 Y85.431 E2.05968
;WIDTH:0.45
G1 X75.037 Y85.589 E2.0739
G1 X75.589 Y85.037 E2.11145
G1 X76.031 Y85.14 E2.13328
G1 X75.14 Y86.031 E2.19388
G1 X75.147 Y86.57 E2.21981
G1 X76.57 Y85.147 E2.3166
G1 X77.115 Y85.147 E2.34281
G1 X75.147 Y87.115 E2.47667
G1 X75.147 Y87.66 E2.50288
G1 X77.66 Y85.147 E2.67381
G1 X78.206 Y85.147 E2.70007
G1 X75.147 Y88.206 E2.90814
G1 X75.147 Y88.751 E2.93435
G1 X78.751 Y85.147 E3.17949
G1 X79.296 Y85.147 E3.2057
G1 X75.147 Y89.296 E3.48791
G1 X75.147 Y89.842 E3.51417
G1 X79.842 Y85.147 E3.83352
G1 X80.387 Y85.147 E3.85973
G1 X75.147 Y90.387 E4.21615
G1 X75.147 Y90.932 E4.24236
G1 X80.932 Y85.147 E4.63585
G1 X81.478 Y85.147 E4.66211
G1 X75.147 Y91.478 E5.09274
G1 X75.147 Y92.023 E5.11895
G1 X82.023 Y85.147 E5.58665
G1 X82.569 Y85.147 E5.61291
G1 X75.147 Y92.569 E6.11775
G1 X75.147 Y93.114 E6.14396
G1 X83.114 Y85.147 E6.68587
G1 X83.659 Y85.147 E6.71208
G1 X75.147 Y93.659 E7.29106
G1 X75.147 Y94.205 E7.31732
G1 X84.205 Y85.147 E7.93343
G1 X84.75 Y85.147 E7.95964
G1 X75.147 Y94.75 E8.61282
G1 X75.147 Y95.295 E8.63903
G1 X85.295 Y85.147 E9.32928
G1 X85.841 Y85.147 E9.35554
G1 X75.147 Y95.841 E10.08293
G1 X75.075 Y96.102 E10.09595
;WIDTH:0.404381
G1 X75.004 Y96.083 E10.09907
G1 X75.023 Y96.154 E10.10219
G1 X75.064 Y96.143 E10.10399
G1 E8.10399 F2400
G92 E0
G1 X82.087 Y89.446 F7800
G1 E2 F2400
;WIDTH:0.45
G1 F3000
G1 X86.386 Y85.147 E2.29241
G1 X86.931 Y85.147 E2.31862
G1 X83.049 Y89.029 E2.58267
G1 X82.82 Y89.202 E2.59647
;WIDTH:0.404381
G1 X82.749 Y89.183 E2.59959
G1 X82.768 Y89.254 E2.60271
G1 X82.809 Y89.243 E2.60451
G1 X83.766 Y88.858 F7800
;WIDTH:0.45
G1 F3000
G1 X87.477 Y85.147 E2.85693
G1 X88.022 Y85.147 E2.88314
G1 X84.406 Y88.763 E3.1291
G1 X84.982 Y88.732 E3.15684
G1 X88.567 Y85.147 E3.40069
G1 X89.113 Y85.147 E3.42695
G1 X85.513 Y88.747 E3.67182
G1 X85.986 Y88.819 E3.69483
G1 X89.658 Y85.147 E3.94459
G1 X90.203 Y85.147 E3.9708
G1 X86.46 Y88.89 E4.22539
G1 X86.872 Y89.024 E4.24623
G1 X90.749 Y85.147 E4.50994
G1 X91.294 Y85.147 E4.53615
G1 X87.277 Y89.164 E4.80938
G1 X87.668 Y89.319 E4.82961
G1 X91.839 Y85.147 E5.11335
G1 X92.385 Y85.147 E5.13961
G1 X88.014 Y89.517 E5.43689
G1 X88.361 Y89.716 E5.45613
G1 X92.93 Y85.147 E5.76691
G1 X93.475 Y85.147 E5.79312
G1 X88.698 Y89.924 E6.11805
G1 X88.99 Y90.177 E6.13663
G1 X94.037 Y85.131 E6.47989
G1 X94.303 Y84.922 E6.49616
;WIDTH:0.404381
G1 X94.584 Y84.819 E6.50885
;WIDTH:0.45
G1 X94.689 Y85.024 E6.51993
G1 X89.283 Y90.43 E6.88764
G1 X89.57 Y90.689 E6.90623
G1 X94.95 Y85.308 E7.2722
G1 X94.875 Y85.929 E7.30228
G1 X89.81 Y90.994 E7.6468
G1 X90.05 Y91.299 E7.66547
G1 X94.853 Y86.496 E7.99216
G1 X94.853 Y87.042 E8.01842
G1 X90.29 Y91.605 E8.32879
G1 X90.475 Y91.965 E8.34826
G1 X94.853 Y87.587 E8.64605
G1 X94.853 Y88.132 E8.67226
G1 X90.66 Y92.326 E8.9575
G1 X90.844 Y92.686 E8.97695
G1 X94.853 Y88.678 E9.2496
G1 X94.853 Y89.223 E9.27581
G1 X90.968 Y93.108 E9.54006
G1 X91.093 Y93.529 E9.56118
G1 X94.853 Y89.768 E9.81696
G1 X94.853 Y90.314 E9.84322
G1 X91.185 Y93.981 E10.09268
G1 X91.106 Y94.647 E10.12494
;WIDTH:0.404381
G1 X91.065 Y94.658 E10.12674
G1 X91.046 Y94.587 E10.12986
G1 X91.117 Y94.606 E10.13298
;WIDTH:0.45
G1 X94.853 Y90.859 E10.38747
G1 X94.853 Y91.404 E10.41368
G1 X91.283 Y94.974 E10.65651
G1 X91.229 Y95.573 E10.68544
G1 X94.853 Y91.95 E10.93191
G1 X94.853 Y92.495 E10.95812
G1 X91.17 Y96.178 E11.20863
G1 X91.058 Y96.44 E11.22233
;WIDTH:0.404381
G1 X90.987 Y96.421 E11.22545
G1 X91.006 Y96.492 E11.22857
G1 X91.047 Y96.481 E11.23037
;WIDTH:0.45
G1 X90.834 Y97.2 E11.26644
;WIDTH:0.404381
G1 X90.763 Y97.181 E11.26956
G1 X90.782 Y97.252 E11.27268
G1 X90.823 Y97.241 E11.27448
;WIDTH:0.45
G1 X90.955 Y96.939 E11.29033
G1 X94.853 Y93.04 E11.5555
G1 X94.853 Y93.586 E11.58176
G1 X90.55 Y97.889 E11.87444
G1 X90.351 Y98.162 E11.89069
;WIDTH:0.404381
G1 X90.209 Y98.355 E11.90085
G1 E9.90085 F2400
G92 E0
G1 X81.814 Y89.646 F7800
G1 E2 F2400
G1 F3000
G1 X80.95 Y90.382 E2.04813
G1 X80.229 Y91.119 E2.09185
G1 X79.637 Y91.844 E2.13154
;WIDTH:0.45
G1 X79.417 Y92.116 E2.14837
G1 X75.147 Y96.386 E2.43881
G1 X75.147 Y96.931 E2.46502
G1 X79.042 Y93.037 E2.72992
G1 X79.201 Y93.022 E2.7376
;WIDTH:0.404381
G1 X79.235 Y92.914 E2.7424
G1 X79.222 Y92.764 E2.74878
G1 X78.87 Y93.753 F7800
;WIDTH:0.45
G1 F3000
G1 X75.147 Y97.477 E3.00205
G1 X75.147 Y98.022 E3.02826
G1 X78.744 Y94.425 E3.27292
G1 X78.741 Y94.974 E3.29933
G1 X75.147 Y98.567 E3.54376
G1 X75.147 Y99.113 E3.57002
G1 X78.741 Y95.519 E3.81448
G1 X78.814 Y95.991 E3.83745
G1 X75.147 Y99.658 E4.08687
G1 X75.147 Y100.203 E4.11308
G1 X78.903 Y96.448 E4.36852
G1 X79.016 Y96.88 E4.39
G1 X75.147 Y100.749 E4.65316
G1 X75.147 Y101.294 E4.67937
G1 X79.17 Y97.271 E4.95301
G1 X79.325 Y97.662 E4.97324
G1 X75.147 Y101.839 E5.25739
G1 X75.147 Y102.385 E5.28365
G1 X79.507 Y98.025 E5.58021
G1 X79.72 Y98.357 E5.59918
G1 X75.147 Y102.93 E5.91023
G1 X75.147 Y103.475 E5.93644
G1 X79.933 Y98.689 E6.26198
G1 X80.167 Y99.001 E6.28074
G1 X75.131 Y104.037 E6.62328
G1 X74.945 Y104.168 E6.63422
;WIDTH:0.404381
G1 X74.883 Y104.473 E6.64742
G1 X74.819 Y104.574 E6.65249
;WIDTH:0.45
G1 X75.034 Y104.679 E6.664
G1 X80.433 Y99.28 E7.03123
G1 X80.698 Y99.56 E7.04977
G1 X75.312 Y104.946 E7.41612
G1 X75.441 Y105.192 E7.42948
;WIDTH:0.404381
G1 X75.4 Y105.203 E7.43128
G1 X75.381 Y105.132 E7.4344
G1 X75.452 Y105.151 E7.43752
;WIDTH:0.45
G1 X75.93 Y104.874 E7.46409
G1 X80.986 Y99.818 E7.80799
G1 X81.303 Y100.046 E7.82677
G1 X76.496 Y104.853 E8.15374
G1 X77.042 Y104.853 E8.18
G1 X81.621 Y100.273 E8.49149
G1 X81.951 Y100.489 E8.51046
G1 X77.587 Y104.853 E8.80729
G1 X78.132 Y104.853 E8.8335
G1 X82.325 Y100.66 E9.1187
G1 X82.699 Y100.831 E9.13848
G1 X78.678 Y104.853 E9.41202
G1 X79.223 Y104.853 E9.43823
G1 X83.101 Y100.975 E9.70201
G1 X83.538 Y101.083 E9.72366
G1 X79.768 Y104.853 E9.98009
G1 X80.314 Y104.853 E10.00635
G1 X83.975 Y101.191 E10.2554
G1 X84.474 Y101.238 E10.27951
G1 X80.859 Y104.853 E10.5254
G1 X81.404 Y104.853 E10.55161
G1 X84.994 Y101.264 E10.79576
G1 X85.562 Y101.241 E10.8231
G1 X81.95 Y104.853 E11.06878
G1 X82.495 Y104.853 E11.09499
G1 X86.201 Y101.147 E11.34707
G1 X86.961 Y100.795 F7800
;WIDTH:0.404381
G1 F3000
G1 X87.131 Y100.763 E11.35441
G1 X87.211 Y100.781 E11.35789
;WIDTH:0.45
G1 X86.941 Y100.952 E11.37326
G1 X83.04 Y104.853 E11.6386
G1 X83.889 Y104.996 F7800
;WIDTH:0.404381
G1 F3000
G1 X83.848 Y105.007 E11.6404
G1 X83.828 Y104.936 E11.64353
G1 X83.9 Y104.955 E11.64669
;WIDTH:0.45
G1 X83.586 Y104.853 E11.66257
G1 X87.878 Y100.561 E11.95451
G1 X88.15 Y100.352 E11.97101
;WIDTH:0.404381
G1 X88.586 Y100.019 E11.99428
G1 E9.99428 F2400
G92 E0
G1 X84.131 Y104.853 F7800
G1 E2 F2400
;WIDTH:0.45
G1 F3000
G1 X94.853 Y94.131 E2.7293
G1 X94.853 Y94.677 E2.75556
G1 X84.677 Y104.853 E3.44772
G1 X85.222 Y104.853 E3.47393
G1 X94.853 Y95.222 E4.12902
G1 X94.853 Y95.767 E4.15523
G1 X85.767 Y104.853 E4.77325
G1 X86.313 Y104.853 E4.79951
G1 X94.853 Y96.313 E5.38039
G1 X94.853 Y96.858 E5.4066
G1 X86.858 Y104.853 E5.95041
G1 X87.403 Y104.853 E5.97662
G1 X94.853 Y97.403 E6.48336
G1 X94.853 Y97.949 E6.50962
G1 X87.949 Y104.853 E6.97922
G1 X88.494 Y104.853 E7.00543
G1 X94.853 Y98.494 E7.43796
G1 X94.853 Y99.039 E7.46417
G1 X89.039 Y104.853 E7.85963
G1 X89.585 Y104.853 E7.88589
G1 X94.853 Y99.585 E8.24421
G1 X94.853 Y100.13 E8.27042
G1 X90.13 Y104.853 E8.59167
G1 X90.675 Y104.853 E8.61788
G1 X94.853 Y100.675 E8.90206
G1 X94.853 Y101.221 E8.92832
G1 X91.221 Y104.853 E9.17536
G1 X91.766 Y104.853 E9.20157
G1 X94.853 Y101.766 E9.41154
G1 X94.853 Y102.311 E9.43775
G1 X92.311 Y104.853 E9.61065
G1 X92.857 Y104.853 E9.63691
G1 X94.853 Y102.857 E9.77268
G1 X94.857 Y103.923 E9.82395
G1 X95.006 Y104.538 E9.85439
G1 X95.059 Y104.598 E9.85824
G1 X94.574 Y105.06 E9.89046
G1 X94.504 Y104.993 E9.89512
G1 X93.951 Y104.859 E9.92249
G1 X93.4 Y104.856 E9.94899
G1 X94.717 Y103.538 E10.0386
G1 X94.554 Y104.184 E10.07064
;WIDTH:0.361766
G1 X94.643 Y104.529 E10.08386
G1 X94.519 Y104.645 E10.09016
G1 X94.18 Y104.558 E10.10314
G1 X94.418 Y104.32 E10.11562
G1 X95.099 Y105.099 F7800
;TYPE:Internal infill
;WIDTH:0.45
G1 F4200
G1 X95.399 Y105.399 E10.13603
G1 E8.13603 F2400
G92 E0
G1 X97.9 Y102.426 F7800
G1 E2 F2400
;TYPE:Top solid infill
;WIDTH:0.406792
G1 X95.994 Y104.332 E2.11512
G1 X95.994 Y104.211 E2.12029
G1 X95.729 Y104.112 E2.13237
G1 X98.069 Y101.773 E2.27367
G1 X98.533 Y100.825 E2.31875
G1 X95.248 Y104.11 E2.51716
G1 X95.214 Y103.881 E2.52705
G1 X95.214 Y103.66 E2.53649
G1 X98.827 Y100.046 E2.75474
G1 X99.036 Y99.494 E2.77995
G1 X99.087 Y99.302 E2.78843
G1 X95.214 Y103.175 E3.02235
G1 X95.214 Y102.691 E3.04302
G1 X99.26 Y98.644 E3.28742
G1 X99.43 Y97.991 E3.31624
G1 X95.214 Y102.207 E3.57088
G1 X95.214 Y101.723 E3.59155
G1 X99.519 Y97.417 E3.85159
G1 X99.609 Y96.843 E3.8764
G1 X95.214 Y101.238 E4.14185
G1 X95.214 Y100.754 E4.16252
G1 X99.671 Y96.297 E4.43171
G1 X99.697 Y95.786 E4.45356
G1 X95.214 Y100.27 E4.72435
G1 X95.214 Y99.786 E4.74502
G1 X99.724 Y95.276 E5.01741
G1 X99.738 Y95 E5.02921
G1 X99.727 Y94.788 E5.03828
G1 X95.214 Y99.301 E5.31085
G1 X95.214 Y98.817 E5.33152
G1 X99.703 Y94.328 E5.60264
G1 X99.679 Y93.867 E5.62235
G1 X95.214 Y98.333 E5.89205
G1 X95.214 Y97.849 E5.91272
G1 X99.649 Y93.413 E6.18061
G1 X99.583 Y92.995 E6.19868
G1 X95.214 Y97.365 E6.46259
G1 X95.214 Y96.88 E6.4833
G1 X99.518 Y92.576 E6.74325
G1 X99.453 Y92.157 E6.76136
G1 X95.214 Y96.396 E7.01738
G1 X95.214 Y95.912 E7.03805
G1 X99.367 Y91.758 E7.28891
G1 X99.266 Y91.376 E7.30578
G1 X95.214 Y95.428 E7.55051
G1 X95.214 Y94.943 E7.57122
G1 X99.164 Y90.993 E7.80979
G1 X99.063 Y90.61 E7.82671
G1 X95.214 Y94.459 E8.05918
G1 X95.214 Y93.975 E8.07985
G1 X98.939 Y90.249 E8.30486
G1 X98.806 Y89.898 E8.32089
G1 X95.214 Y93.491 E8.53787
G1 X95.214 Y93.006 E8.55858
G1 X98.673 Y89.547 E8.76749
G1 X98.54 Y89.196 E8.78352
G1 X95.214 Y92.522 E8.9844
G1 X95.214 Y92.038 E9.00507
G1 X98.388 Y88.863 E9.1968
G1 X98.226 Y88.541 E9.21219
G1 X95.214 Y91.554 E9.39414
G1 X95.214 Y91.069 E9.41485
G1 X98.064 Y88.219 E9.58698
G1 X97.902 Y87.896 E9.60241
G1 X95.214 Y90.585 E9.76479
G1 X95.214 Y90.101 E9.78546
G1 X97.729 Y87.586 E9.93736
G1 X97.54 Y87.29 E9.95236
G1 X95.214 Y89.617 E10.09287
G1 X95.214 Y89.132 E10.11358
G1 X97.352 Y86.994 E10.24271
G1 X97.163 Y86.699 E10.25767
G1 X95.214 Y88.648 E10.37538
G1 X95.214 Y88.164 E10.39605
G1 X96.968 Y86.41 E10.50199
G1 X96.754 Y86.139 E10.51674
G1 X95.214 Y87.68 E10.60978
G1 X95.214 Y87.195 E10.63049
G1 X96.541 Y85.868 E10.71064
G1 X96.327 Y85.598 E10.72535
G1 X95.214 Y86.711 E10.79257
G1 X95.214 Y86.227 E10.81324
G1 X95.534 Y85.906 E10.8326
G1 X95.574 Y85.95 E10.83514
G1 X95.994 Y85.786 E10.8544
G1 X95.994 Y85.446 E10.86892
G1 X96.221 Y85.22 E10.8826
G1 E8.8826
G92 E0
G1 X94.781 Y83.78 F7800
G1 E2 F2400
;WIDTH:0.406846
G1 X94.555 Y84.006 E2.01365
G1 X94.208 Y84.006 E2.02847
G1 X94.048 Y84.435 E2.04803
G1 X94.09 Y84.471 E2.05039
G1 X93.775 Y84.786 E2.06942
G1 X93.29 Y84.786 E2.09014
G1 X94.404 Y83.673 E2.1574
G1 X94.134 Y83.459 E2.17212
G1 X92.806 Y84.786 E2.25231
G1 X92.322 Y84.786 E2.27298
G1 X93.864 Y83.245 E2.3661
G1 X93.594 Y83.03 E2.38084
G1 X91.837 Y84.786 E2.48694
G1 X91.353 Y84.786 E2.50761
G1 X93.302 Y82.838 E2.62531
G1 X93.006 Y82.649 E2.64031
G1 X90.869 Y84.786 E2.7694
G1 X90.384 Y84.786 E2.79012
G1 X92.71 Y82.461 E2.9306
G1 X92.414 Y82.272 E2.9456
G1 X89.9 Y84.786 E3.09746
G1 X89.416 Y84.786 E3.11813
G1 X92.105 Y82.097 E3.28056
G1 X91.782 Y81.936 E3.29598
G1 X88.931 Y84.786 E3.46817
G1 X88.447 Y84.786 E3.48884
G1 X91.459 Y81.774 E3.67079
G1 X91.137 Y81.613 E3.68617
G1 X87.963 Y84.786 E3.87787
G1 X87.479 Y84.786 E3.89854
G1 X90.806 Y81.459 E4.09951
G1 X90.454 Y81.327 E4.11557
G1 X86.994 Y84.786 E4.32455
G1 X86.51 Y84.786 E4.34522
G1 X90.102 Y81.194 E4.5622
G1 X89.75 Y81.062 E4.57826
G1 X86.026 Y84.786 E4.80322
G1 X85.541 Y84.786 E4.82394
G1 X89.391 Y80.936 E5.05651
G1 X89.008 Y80.836 E5.07342
G1 X85.057 Y84.786 E5.31206
G1 X84.573 Y84.786 E5.33273
G1 X88.624 Y80.735 E5.57744
G1 X88.241 Y80.634 E5.59436
G1 X84.088 Y84.786 E5.8452
G1 X83.604 Y84.786 E5.86587
G1 X87.843 Y80.547 E6.12193
G1 X87.424 Y80.482 E6.14004
G1 X83.12 Y84.786 E6.40003
G1 X82.635 Y84.786 E6.42075
G1 X87.005 Y80.417 E6.6847
G1 X86.585 Y80.352 E6.70285
G1 X82.151 Y84.786 E6.97069
G1 X81.667 Y84.786 E6.99136
G1 X86.133 Y80.32 E7.26114
G1 X85.673 Y80.296 E7.28082
G1 X81.182 Y84.786 E7.55208
G1 X80.698 Y84.786 E7.57275
G1 X85.212 Y80.272 E7.84543
G1 X84.721 Y80.279 E7.8664
G1 X80.214 Y84.786 E8.13865
G1 X79.729 Y84.786 E8.15937
G1 X84.211 Y80.305 E8.43008
G1 X83.7 Y80.331 E8.45194
G1 X79.245 Y84.786 E8.72105
G1 X78.761 Y84.786 E8.74172
G1 X83.156 Y80.391 E9.00721
G1 X82.581 Y80.482 E9.03208
G1 X78.276 Y84.786 E9.2921
G1 X77.792 Y84.786 E9.31277
G1 X82.006 Y80.572 E9.56732
G1 X81.354 Y80.741 E9.59609
G1 X77.308 Y84.786 E9.84047
G1 X76.824 Y84.786 E9.86114
G1 X80.694 Y80.916 E10.09491
G1 X80.484 Y80.972 E10.10419
G1 X79.953 Y81.172 E10.12843
G1 X76.339 Y84.786 E10.34674
G1 X76.069 Y84.782 E10.35827
G1 X75.89 Y84.752 E10.36602
G1 X79.175 Y81.466 E10.56449
G1 X78.224 Y81.933 E10.60974
G1 X75.874 Y84.283 E10.7517
G1 X75.761 Y84.006 E10.76448
G1 X75.667 Y84.006 E10.7685
G1 X77.565 Y82.108 E10.88315
M106 S211.65
;LAYER_CHANGE
;Z:3.35
;HEIGHT:0.3
G1 E8.88315 F2400
G92 E0
G1 Z3.35 F7800
G1 X79.042 Y94.431
G1 E2 F2400
;TYPE:Perimeter
;WIDTH:0.45
G1 F1800
G1 X79.225 Y93.4 E2.05036
G1 X79.632 Y92.336 E2.10515
G1 X80.233 Y91.368 E2.15995
G1 X80.84 Y90.706 E2.20315
G1 X81.145 Y90.412 E2.22353
G1 X81.925 Y89.857 E2.26957
G1 X82.954 Y89.368 E2.32437
G1 X84.057 Y89.082 E2.37917
G1 X85.194 Y89.01 E2.43397
G1 X86.324 Y89.155 E2.48876
G1 X87.406 Y89.511 E2.54354
G1 X88.401 Y90.066 E2.59834
G1 X89.273 Y90.799 E2.65313
G1 X89.991 Y91.683 E2.7079
G1 X90.529 Y92.688 E2.76273
G1 X90.866 Y93.776 E2.81751
G1 X90.992 Y94.908 E2.87229
G1 X90.901 Y96.044 E2.9271
G1 X90.597 Y97.142 E2.9819
G1 X90.09 Y98.162 E3.03668
G1 X89.4 Y99.069 E3.09149
G1 X88.55 Y99.828 E3.1463
G1 X87.573 Y100.412 E3.20105
G1 X86.502 Y100.802 E3.25587
G1 X85.377 Y100.981 E3.31066
G1 X84.238 Y100.944 E3.36547
G1 X83.127 Y100.692 E3.42026
G1 X82.083 Y100.235 E3.47507
G1 X81.145 Y99.588 E3.52988
G1 X80.347 Y98.776 E3.58464
G1 X79.716 Y97.827 E3.63945
G1 X79.277 Y96.776 E3.69423
G1 X79.044 Y95.661 E3.74902
G1 X79.026 Y95.478 E3.75786
G1 X79.026 Y94.522 E3.80384
G1 X79.032 Y94.49 E3.80541
G1 X79.422 Y94.467 F7800
G1 F1800
G1 X79.604 Y93.473 E3.85401
G1 X79.99 Y92.479 E3.9053
G1 X80.558 Y91.576 E3.95661
G1 X81.119 Y90.973 E3.99622
G1 X81.369 Y90.726 E4.01312
G1 X82.148 Y90.171 E4.05912
G1 X83.114 Y89.718 E4.11044
G1 X84.147 Y89.457 E4.16169
G1 X85.212 Y89.396 E4.213
G1 X86.269 Y89.537 E4.26429
G1 X87.28 Y89.876 E4.31558
G1 X88.208 Y90.4 E4.36684
G1 X89.021 Y91.09 E4.41813
G1 X89.688 Y91.922 E4.46942
G1 X90.186 Y92.865 E4.52071
G1 X90.496 Y93.885 E4.57198
G1 X90.608 Y94.945 E4.62325
G1 X90.517 Y96.007 E4.67452
G1 X90.227 Y97.033 E4.7258
G1 X89.748 Y97.986 E4.7771
G1 X89.097 Y98.83 E4.82837
G1 X88.298 Y99.536 E4.87965
G1 X87.38 Y100.079 E4.93095
G1 X86.376 Y100.437 E4.98222
G1 X85.322 Y100.599 E5.03351
G1 X84.256 Y100.559 E5.08482
G1 X83.218 Y100.318 E5.13607
G1 X82.244 Y99.884 E5.18736
G1 X81.369 Y99.274 E5.23866
G1 X80.626 Y98.51 E5.28992
G1 X80.04 Y97.619 E5.34121
G1 X79.635 Y96.633 E5.39248
G1 X79.412 Y95.478 E5.44906
G1 X79.412 Y94.526 E5.49485
G1 X79.801 Y94.503 F7800
;TYPE:External perimeter
G1 F1800
G1 X79.982 Y93.546 E5.54169
G1 X80.348 Y92.622 E5.58949
G1 X80.882 Y91.785 E5.63724
G1 X81.398 Y91.239 E5.67337
G1 X81.593 Y91.04 E5.68677
G1 X82.372 Y90.485 E5.73277
G1 X83.274 Y90.069 E5.78054
G1 X84.238 Y89.832 E5.82829
G1 X85.23 Y89.781 E5.87606
G1 X86.214 Y89.919 E5.92385
G1 X87.154 Y90.24 E5.97162
G1 X88.015 Y90.734 E6.01936
G1 X88.768 Y91.382 E6.06714
G1 X89.385 Y92.16 E6.1149
G1 X89.843 Y93.041 E6.16266
G1 X90.126 Y93.993 E6.21043
G1 X90.224 Y94.982 E6.25823
G1 X90.133 Y95.971 E6.306
G1 X89.857 Y96.925 E6.35377
G1 X89.405 Y97.809 E6.40152
G1 X88.794 Y98.592 E6.44929
G1 X88.045 Y99.245 E6.49708
G1 X87.187 Y99.745 E6.54484
G1 X86.249 Y100.073 E6.59263
G1 X85.267 Y100.217 E6.64037
G1 X84.275 Y100.174 E6.68813
G1 X83.309 Y99.943 E6.7359
G1 X82.404 Y99.534 E6.78367
G1 X81.593 Y98.96 E6.83146
G1 X80.905 Y98.244 E6.87922
G1 X80.365 Y97.41 E6.92701
G1 X79.993 Y96.489 E6.97478
G1 X79.798 Y95.478 E7.0243
G1 X79.798 Y94.563 E7.06831
G1 X79.865 Y94.169 F7800
G1 E5.06831 F2400
G92 E0
G1 X96.004 Y84.813 F7800
G1 E2 F2400
;TYPE:Perimeter
G1 F3600
G1 X96.004 Y85.39 E2.02775
G1 X96.004 Y105.187 E2.97992
G1 X95.187 Y106.004 E3.03549
G1 X74.813 Y106.004 E4.01541
G1 X73.996 Y105.187 E4.07098
G1 X73.996 Y84.813 E5.0509
G1 X74.813 Y83.996 E5.10647
G1 X95.187 Y83.996 E6.08639
G1 X95.961 Y84.77 E6.13904
G1 X96.389 Y84.653 F7800
G1 F3600
G1 X96.389 Y85.39 E6.17449
G1 X96.389 Y105.347 E7.13435
G1 X95.347 Y106.389 E7.20523
G1 X74.653 Y106.389 E8.20054
G1 X73.611 Y105.347 E8.27142
G1 X73.611 Y84.653 E9.26673
G1 X74.653 Y83.611 E9.33761
G1 X95.347 Y83.611 E10.33292
G1 X96.347 Y84.611 E10.40094
G1 X96.775 Y84.493 F7800
;TYPE:External perimeter
G1 F1800
G1 X96.775 Y85.39 E10.44408
G1 X96.775 Y105.507 E11.41164
G1 X95.507 Y106.775 E11.49789
G1 X74.493 Y106.775 E12.50859
G1 X73.225 Y105.507 E12.59484
G1 X73.225 Y84.493 E13.60554
G1 X74.493 Y83.225 E13.69179
G1 X95.507 Y83.225 E14.70249
G1 X96.733 Y84.451 E14.78588
G1 X96.771 Y84.849 F7800
G1 X95.329 Y85.659
;TYPE:Internal infill
;WIDTH:0.45
G1 F4200
G1 X95.329 Y85.092 E14.81315
G1 X94.908 Y84.671 E14.84179
G1 X93.756 Y84.671 E14.8972
G1 X92.828 Y88.134 E15.06964
G1 X94.494 Y88.134 E15.14977
G1 X91.866 Y85.506 E15.32852
G1 X91.866 Y87.82 E15.43982
G1 E13.43982 F2400
G92 E0
G1 X92.647 Y84.285 F7800
G1 E2 F2400
;TYPE:Solid infill
;WIDTH:0.450031
G1 F3000
G1 X94.988 Y84.285 E2.1126
G1 X95.122 Y84.344 E2.11964
;WIDTH:0.447055
G1 X95.657 Y84.877 E2.15568
;WIDTH:0.450029
G1 X95.715 Y85.012 E2.16275
G1 X95.715 Y87.353 E2.27535
G1 E.27535 F2400
G92 E0
G1 X94.944 Y101.866 F7800
G1 E2 F2400
;TYPE:Internal infill
;WIDTH:0.45
G1 F4200
G1 X92.897 Y101.866 E2.09845
G1 X91.866 Y102.143 E2.1498
G1 X91.866 Y101.866 E2.16312
G1 X95.118 Y105.118 E2.38432
G1 X94.908 Y105.329 E2.39864
G1 X94.209 Y105.329 E2.43226
G1 X95.137 Y101.866 E2.6047
G1 X95.715 Y101.866 E2.6325
G1 X95.715 Y102.261 E2.6515
G1 X95.329 Y102.261 E2.67007
G1 X95.329 Y103.217 E2.71605
G1 E.71605 F2400
G92 E0
G1 X92.647 Y105.715 F7800
G1 E2 F2400
;TYPE:Solid infill
;WIDTH:0.450031
G1 F3000
G1 X94.988 Y105.715 E2.1126
G1 X95.124 Y105.658 E2.11969
G1 X95.658 Y105.124 E2.15601
G1 X95.715 Y104.988 E2.1631
G1 X95.715 Y102.647 E2.2757
G1 E.2757 F2400
G92 E0
G1 X78.134 Y102.18 F7800
G1 E2 F2400
;TYPE:Internal infill
;WIDTH:0.45
G1 F4200
G1 X78.134 Y104.494 E2.1113
G1 X75.506 Y101.866 E2.29005
G1 X77.172 Y101.866 E2.37018
G1 X76.244 Y105.329 E2.54262
G1 X75.092 Y105.329 E2.59803
G1 X74.671 Y104.908 E2.62667
G1 X74.671 Y104.341 E2.65394
G1 E.65394 F2400
G92 E0
G1 X74.329 Y101.36 F7800
G1 E2 F2400
;TYPE:Solid infill
;WIDTH:0.569071
G1 F3000
G1 X74.284 Y101.405 E2.00401
G1 X74.3 Y101.466 E2.00798
G1 X74.361 Y101.482 E2.01195
G1 X74.406 Y101.438 E2.01591
G1 X74.39 Y101.377 E2.01988
;WIDTH:0.45
G1 X74.285 Y100.732 E2.05131
G1 X75.171 Y101.604 E2.1111
;WIDTH:0.404381
G1 X75.152 Y101.675 E2.11422
G1 X75.223 Y101.656 E2.11734
G1 X75.212 Y101.615 E2.11914
;WIDTH:0.45
G1 X75.579 Y101.481 E2.13793
G1 X74.285 Y100.187 E2.22595
G1 X74.285 Y99.642 E2.25216
G1 X76.125 Y101.481 E2.37728
G1 X76.67 Y101.481 E2.40349
G1 X74.285 Y99.096 E2.56571
G1 X74.285 Y98.551 E2.59192
G1 X77.215 Y101.481 E2.79121
G1 X77.761 Y101.481 E2.81747
G1 X74.285 Y98.005 E3.0539
G1 X74.285 Y97.46 E3.08011
G1 X78.306 Y101.481 E3.35361
G1 X78.311 Y101.637 E3.36112
;WIDTH:0.404381
G1 X78.292 Y101.708 E3.36424
G1 X78.363 Y101.689 E3.36736
G1 X78.352 Y101.648 E3.36916
G1 E1.36916 F2400
G92 E0
G1 X78.562 Y105.594 F7800
G1 E2 F2400
;WIDTH:0.569071
G1 F3000
G1 X78.518 Y105.639 E2.00396
G1 X78.534 Y105.7 E2.00793
G1 X78.595 Y105.716 E2.0119
G1 X78.64 Y105.671 E2.01591
G1 X78.623 Y105.61 E2.0199
G1 X79.446 Y105.849 F7800
;WIDTH:0.404381
G1 F3000
G1 X79.457 Y105.89 E2.0217
G1 X79.386 Y105.909 E2.02482
G1 X79.405 Y105.838 E2.02794
;WIDTH:0.45
G1 X78.519 Y104.966 E2.08773
G1 X78.385 Y104.788 E2.09845
;WIDTH:0.404381
G1 X78.396 Y104.829 E2.10025
G1 X78.325 Y104.848 E2.10337
G1 X78.344 Y104.777 E2.10649
;WIDTH:0.45
G1 X78.519 Y104.421 E2.12557
G1 X79.813 Y105.715 E2.21359
G1 X80.358 Y105.715 E2.2398
G1 X78.519 Y103.875 E2.36492
G1 X78.519 Y103.33 E2.39113
G1 X80.904 Y105.715 E2.55335
G1 X81.449 Y105.715 E2.57956
G1 X78.519 Y102.785 E2.77885
G1 X78.519 Y102.239 E2.80511
G1 X81.995 Y105.715 E3.04154
G1 X82.802 Y105.786 F7800
;WIDTH:0.404381
G1 F3000
G1 X82.783 Y105.858 E3.0447
G1 X82.854 Y105.839 E3.04782
G1 X82.843 Y105.797 E3.04966
;WIDTH:0.45
G1 X82.54 Y105.715 E3.06476
G1 X78.519 Y101.694 E3.33826
G1 E1.33826 F2400
G92 E0
G1 X83.085 Y105.715 F7800
G1 E2 F2400
G1 F3000
G1 X74.285 Y96.915 E2.59857
G1 X74.285 Y96.369 E2.62483
G1 X83.631 Y105.715 E3.26053
G1 X84.176 Y105.715 E3.28674
G1 X74.285 Y95.824 E3.95951
G1 X74.285 Y95.279 E3.98572
G1 X84.721 Y105.715 E4.69556
G1 X85.267 Y105.715 E4.72182
G1 X74.285 Y94.733 E5.4688
G1 X74.285 Y94.188 E5.49501
G1 X85.812 Y105.715 E6.27906
G1 X86.66 Y105.797 F7800
;WIDTH:0.404381
G1 F3000
G1 X86.671 Y105.839 E6.2809
G1 X86.6 Y105.858 E6.28402
G1 X86.619 Y105.786 E6.28718
;WIDTH:0.45
G1 X86.357 Y105.715 E6.30024
G1 X74.285 Y93.643 E7.12136
G1 X74.285 Y93.097 E7.14762
G1 X80.293 Y99.122 E7.55686
;WIDTH:0.426227
G1 X80.825 Y99.666 E7.5912
;WIDTH:0.45
G1 X81.098 Y99.91 E7.60881
G1 X86.903 Y105.715 E8.00366
G1 X87.448 Y105.715 E8.02987
G1 X82.457 Y100.724 E8.36935
G1 X82.214 Y100.5 E8.38525
;WIDTH:0.404381
G1 X82.225 Y100.541 E8.38705
G1 X82.154 Y100.561 E8.39018
G1 X82.173 Y100.489 E8.39334
G1 X83.031 Y100.839 F7800
G1 F3000
G1 X83.012 Y100.91 E8.39646
G1 X83.083 Y100.891 E8.39958
G1 X83.072 Y100.85 E8.40138
;WIDTH:0.45
G1 X83.314 Y101.036 E8.41606
G1 X87.993 Y105.715 E8.73432
G1 X88.539 Y105.715 E8.76058
G1 X84.03 Y101.205 E9.06731
G1 X84.621 Y101.251 E9.09582
G1 X89.084 Y105.715 E9.39942
G1 X89.629 Y105.715 E9.42563
G1 X85.193 Y101.278 E9.7274
G1 X85.682 Y101.222 E9.75107
G1 X90.175 Y105.715 E10.05668
G1 X90.72 Y105.715 E10.08289
G1 X86.163 Y101.157 E10.39289
G1 X86.609 Y101.058 E10.41486
G1 X91.265 Y105.715 E10.73159
G1 X91.595 Y105.769 E10.74767
;WIDTH:0.404381
G1 X91.606 Y105.81 E10.74947
G1 X91.535 Y105.829 E10.75259
G1 X91.554 Y105.758 E10.75571
;WIDTH:0.45
G1 X91.481 Y105.385 E10.77399
G1 X87.018 Y100.922 E11.07756
G1 X87.428 Y100.786 E11.09834
G1 X91.481 Y104.839 E11.37402
G1 X91.481 Y104.294 E11.40023
G1 X87.801 Y100.614 E11.65054
G1 X88.147 Y100.415 E11.66974
G1 X91.481 Y103.749 E11.89651
G1 X91.481 Y103.203 E11.92277
G1 X88.493 Y100.215 E12.12601
G1 X88.809 Y99.986 E12.14478
G1 X91.481 Y102.658 E12.32653
G1 X91.675 Y102.222 E12.34948
;WIDTH:0.404381
G1 X91.686 Y102.263 E12.35128
G1 X91.615 Y102.282 E12.3544
G1 X91.634 Y102.211 E12.35752
;WIDTH:0.45
G1 X91.481 Y102.113 E12.36626
G1 X89.101 Y99.733 E12.52814
G1 X89.393 Y99.479 E12.54675
G1 X91.542 Y101.628 E12.69292
G1 X91.94 Y101.481 E12.71333
G1 X89.655 Y99.196 E12.86875
G1 X89.898 Y98.894 E12.88739
G1 X92.485 Y101.481 E13.06335
G1 X93.031 Y101.481 E13.08961
G1 X90.141 Y98.592 E13.28615
G1 X90.362 Y98.267 E13.30505
G1 X93.576 Y101.481 E13.52366
G1 X94.121 Y101.481 E13.54987
G1 X90.547 Y97.907 E13.79297
G1 X90.733 Y97.547 E13.81246
G1 X94.667 Y101.481 E14.08005
G1 X95.212 Y101.481 E14.10626
G1 X90.892 Y97.161 E14.4001
G1 X91.014 Y96.737 E14.42132
G1 X95.715 Y101.438 E14.74108
G1 X95.715 Y100.893 E14.76729
G1 X91.135 Y96.313 E15.07882
G1 X91.207 Y95.84 E15.10183
G1 X95.715 Y100.347 E15.40842
G1 X95.715 Y99.802 E15.43463
G1 X91.254 Y95.341 E15.73806
G1 X91.269 Y94.811 E15.76356
G1 X95.715 Y99.257 E16.06597
G1 X95.715 Y98.711 E16.09223
G1 X91.215 Y94.211 E16.39831
G1 X90.934 Y93.528 E16.43383
;WIDTH:0.404381
G1 X90.914 Y93.365 E16.44079
G1 X90.935 Y93.284 E16.44434
;WIDTH:0.45
G1 X91.103 Y93.554 E16.45963
G1 X95.715 Y98.166 E16.77333
G1 X95.715 Y97.621 E16.79954
G1 X90.876 Y92.782 E17.12868
G1 X90.716 Y92.482 E17.14503
;WIDTH:0.404381
G1 X90.727 Y92.523 E17.14683
G1 X90.656 Y92.542 E17.14995
G1 X90.675 Y92.471 E17.15307
G1 E15.15307 F2400
G92 E0
G1 X79.486 Y97.778 F7800
G1 E2 F2400
G1 F3000
G1 X79.497 Y97.819 E2.0018
G1 X79.426 Y97.838 E2.00492
G1 X79.445 Y97.767 E2.00804
;WIDTH:0.45
G1 X79.269 Y97.536 E2.02201
G1 X74.285 Y92.552 E2.36102
G1 X74.285 Y92.007 E2.38723
G1 X78.943 Y96.664 E2.70403
G1 X79.118 Y96.934 E2.71951
;WIDTH:0.404381
G1 X79.116 Y96.724 E2.72842
G1 X78.813 Y95.988 F7800
;WIDTH:0.45
G1 F3000
G1 X74.285 Y91.461 E3.03637
G1 X74.285 Y90.916 E3.06258
G1 X78.737 Y95.368 E3.3654
G1 X78.737 Y94.822 E3.39166
G1 X74.285 Y90.371 E3.69445
G1 X74.285 Y89.825 E3.72071
G1 X78.758 Y94.298 E4.02496
G1 X78.846 Y93.84 E4.04739
G1 X74.285 Y89.28 E4.35759
G1 X74.19 Y88.394 F7800
;WIDTH:0.404381
G1 F3000
G1 X74.171 Y88.465 E4.36071
G1 X74.242 Y88.446 E4.36383
G1 X74.231 Y88.405 E4.36563
;WIDTH:0.45
G1 X74.285 Y88.735 E4.38171
G1 X78.934 Y93.383 E4.6979
G1 X79.067 Y92.97 E4.71877
G1 X74.615 Y88.519 E5.02156
G1 X75.161 Y88.519 E5.04782
G1 X79.222 Y92.581 E5.32408
G1 X79.381 Y92.194 E5.3442
G1 X75.706 Y88.519 E5.59417
G1 X76.251 Y88.519 E5.62038
G1 X79.581 Y91.848 E5.84685
G1 X79.794 Y91.517 E5.86578
G1 X76.797 Y88.519 E6.06967
G1 X77.342 Y88.519 E6.09588
G1 X80.009 Y91.186 E6.27729
G1 X80.262 Y90.894 E6.29587
G1 X77.887 Y88.519 E6.45741
G1 X77.778 Y88.325 E6.46811
;WIDTH:0.404381
G1 X77.789 Y88.366 E6.46991
G1 X77.718 Y88.385 E6.47303
G1 X77.737 Y88.314 E6.47615
;WIDTH:0.45
G1 X78.372 Y88.458 E6.50747
G1 X80.528 Y90.614 E6.65412
G1 X80.794 Y90.335 E6.67266
G1 X78.519 Y88.06 E6.8274
G1 X78.519 Y87.515 E6.85361
G1 X81.096 Y90.092 E7.02889
G1 X81.415 Y89.865 E7.04772
G1 X78.519 Y86.969 E7.2447
G1 X78.519 Y86.424 E7.27091
G1 X81.733 Y89.638 E7.48952
G1 X82.086 Y89.446 E7.50885
G1 X78.519 Y85.879 E7.75147
G1 X78.519 Y85.333 E7.77773
G1 X82.461 Y89.275 E8.04586
G1 X82.835 Y89.104 E8.06564
G1 X78.519 Y84.788 E8.35921
G1 X78.562 Y84.285 E8.38349
G1 X83.256 Y88.979 E8.70277
G1 X83.695 Y88.874 E8.72448
G1 X79.107 Y84.285 E9.03658
G1 X79.653 Y84.285 E9.06284
G1 X84.147 Y88.779 E9.36852
G1 X84.663 Y88.75 E9.39338
G1 X80.198 Y84.285 E9.69708
G1 X80.743 Y84.285 E9.72329
G1 X85.179 Y88.722 E10.02506
G1 X85.789 Y88.786 E10.05456
G1 X81.289 Y84.285 E10.36068
G1 X81.834 Y84.285 E10.38689
G1 X86.434 Y88.885 E10.69978
G1 X86.737 Y89.014 E10.71562
;WIDTH:0.404381
G1 X86.748 Y89.055 E10.71742
G1 X86.676 Y89.074 E10.72058
G1 X86.696 Y89.003 E10.72371
G1 X87.546 Y89.296 F7800
G1 F3000
G1 X87.557 Y89.337 E10.72551
G1 X87.485 Y89.356 E10.72867
G1 X87.505 Y89.285 E10.7318
;WIDTH:0.45
G1 X87.243 Y89.149 E10.746
G1 X82.379 Y84.285 E11.07684
G1 X82.925 Y84.285 E11.1031
G1 X88.33 Y89.691 E11.47078
G1 X88.603 Y89.908 E11.48755
;WIDTH:0.404381
G1 X89.453 Y90.69 E11.53653
G1 X90.124 Y91.439 E11.57917
;WIDTH:0.45
G1 X90.351 Y91.712 E11.59625
G1 X95.715 Y97.075 E11.96107
G1 X95.817 Y96.762 E11.9769
;WIDTH:0.404381
G1 X95.797 Y96.833 E11.98003
G1 X95.869 Y96.814 E11.98319
G1 X95.858 Y96.773 E11.98499
;WIDTH:0.45
G1 X95.715 Y96.53 E11.99855
G1 X83.47 Y84.285 E12.83144
G1 X84.015 Y84.285 E12.85765
G1 X95.715 Y95.985 E13.65347
G1 X95.715 Y95.439 E13.67973
G1 X84.561 Y84.285 E14.43841
G1 X85.106 Y84.285 E14.46462
G1 X95.715 Y94.894 E15.18623
G1 X95.715 Y94.349 E15.21244
G1 X85.651 Y84.285 E15.89698
G1 X86.197 Y84.285 E15.92324
G1 X95.715 Y93.803 E16.57064
G1 X95.715 Y93.258 E16.59685
G1 X86.742 Y84.285 E17.20718
G1 X87.287 Y84.285 E17.23339
G1 X95.715 Y92.713 E17.80665
G1 X95.868 Y92.82 E17.81563
;WIDTH:0.404381
G1 X95.849 Y92.891 E17.81875
G1 X95.92 Y92.872 E17.82187
G1 X95.909 Y92.831 E17.82367
G1 E15.82367 F2400
G92 E0
G1 X91.794 Y88.406 F7800
G1 E2 F2400
G1 F3000
G1 X91.594 Y88.206 E2.01199
;WIDTH:0.45
G1 X91.481 Y87.933 E2.0262
G1 X87.833 Y84.285 E2.27433
G1 X88.378 Y84.285 E2.30054
G1 X91.481 Y87.388 E2.5116
G1 X91.481 Y86.843 E2.53781
G1 X88.923 Y84.285 E2.7118
G1 X89.469 Y84.285 E2.73806
G1 X91.481 Y86.297 E2.87491
G1 E.87491 F2400
G92 E0
G1 X90.151 Y84.422 F7800
G1 E2 F2400
G1 F3000
G1 X91.481 Y85.752 E2.09046
G1 X91.481 Y84.285 E2.16102
G1 X90.014 Y84.285 E2.23158
G1 X91.036 Y84.658 F7800
;WIDTH:0.537905
G1 F3000
G1 X90.994 Y84.7 E2.23509
G1 X91.009 Y84.757 E2.23857
G1 X91.067 Y84.772 E2.24211
G1 X91.108 Y84.73 E2.24558
G1 X91.093 Y84.673 E2.24906
G1 E.24906 F2400
G92 E0
G1 X92.067 Y88.519 F7800
G1 E2 F2400
;WIDTH:0.45
G1 F3000
G1 X95.715 Y92.167 E2.24813
G1 X95.817 Y92.399 E2.26032
;WIDTH:0.404381
G1 X95.797 Y92.47 E2.26345
G1 X95.869 Y92.451 E2.26661
G1 X95.858 Y92.41 E2.26841
G1 X95.715 Y91.622 F7800
;WIDTH:0.45
G1 F3000
G1 X92.612 Y88.519 E2.47947
G1 X93.157 Y88.519 E2.50568
G1 X95.715 Y91.077 E2.67967
G1 X95.909 Y90.649 E2.70227
;WIDTH:0.404381
G1 X95.92 Y90.69 E2.70407
G1 X95.849 Y90.709 E2.70719
G1 X95.868 Y90.638 E2.71031
;WIDTH:0.45
G1 X95.715 Y90.531 E2.71929
G1 X93.703 Y88.519 E2.85614
G1 X95.715 Y88.519 E2.95291
G1 X95.715 Y89.986 E3.02347
G1 X94.384 Y88.656 E3.11397
G1 X95.27 Y88.892 F7800
;WIDTH:0.537907
G1 F3000
G1 X95.228 Y88.933 E3.11744
G1 X95.243 Y88.991 E3.12098
G1 X95.3 Y89.006 E3.12446
G1 X95.342 Y88.964 E3.12797
G1 X95.327 Y88.907 E3.13145
G1 E1.13145 F2400
G92 E0
G1 X75.056 Y88.134 F7800
G1 E2 F2400
;TYPE:Internal infill
;WIDTH:0.45
G1 F4200
G1 X77.103 Y88.134 E2.09845
G1 X78.134 Y87.857 E2.1498
G1 X78.134 Y88.134 E2.16312
G1 X74.882 Y84.882 E2.38432
G1 X75.092 Y84.671 E2.39864
G1 X75.791 Y84.671 E2.43226
G1 X74.863 Y88.134 E2.6047
G1 X74.285 Y88.134 E2.6325
G1 X74.285 Y87.739 E2.6515
G1 X74.671 Y87.739 E2.67007
G1 X74.671 Y86.783 E2.71605
G1 X74.285 Y87.353 F7800
;TYPE:Solid infill
;WIDTH:0.450031
G1 F3000
G1 X74.285 Y85.012 E2.82865
G1 X74.342 Y84.876 E2.83574
G1 X74.876 Y84.342 E2.87206
G1 X75.012 Y84.285 E2.87915
G1 X77.353 Y84.285 E2.99175
G1 E.99175 F2400
G92 E0
G1 X77.353 Y105.715 F7800
G1 E2 F2400
G1 F3000
G1 X75.012 Y105.715 E2.1126
G1 X74.876 Y105.658 E2.11969
G1 X74.342 Y105.124 E2.15601
G1 X74.285 Y104.988 E2.1631
G1 X74.285 Y102.647 E2.2757
M106 S196.35
;LAYER_CHANGE
;Z:3.65
;HEIGHT:0.3
G1 E.2757 F2400
G92 E0
G1 Z3.65 F7800
G1 X79.042 Y94.431
G1 E2 F2400
;TYPE:Perimeter
;WIDTH:0.45
G1 F1800
G1 X79.225 Y93.4 E2.05036
G1 X79.632 Y92.336 E2.10515
G1 X80.233 Y91.368 E2.15995
G1 X80.84 Y90.706 E2.20315
G1 X81.145 Y90.412 E2.22353
G1 X81.925 Y89.857 E2.26957
G1 X82.954 Y89.368 E2.32437
G1 X84.057 Y89.082 E2.37917
G1 X85.194 Y89.01 E2.43397
G1 X86.324 Y89.155 E2.48876
G1 X87.406 Y89.511 E2.54354
G1 X88.401 Y90.066 E2.59834
G1 X89.273 Y90.799 E2.65313
G1 X89.991 Y91.683 E2.7079
G1 X90.529 Y92.688 E2.76273
G1 X90.866 Y93.776 E2.81751
G1 X90.992 Y94.908 E2.87229
G1 X90.901 Y96.044 E2.9271
G1 X90.597 Y97.142 E2.9819
G1 X90.09 Y98.162 E3.03668
G1 X89.4 Y99.069 E3.09149
G1 X88.55 Y99.828 E3.1463
G1 X87.573 Y100.412 E3.20105
G1 X86.502 Y100.802 E3.25587
G1 X85.377 Y100.981 E3.31066
G1 X84.238 Y100.944 E3.36547
G1 X83.127 Y100.692 E3.42026
G1 X82.083 Y100.235 E3.47507
G1 X81.145 Y99.588 E3.52988
G1 X80.347 Y98.776 E3.58464
G1 X79.716 Y97.827 E3.63945
G1 X79.277 Y96.776 E3.69423
G1 X79.044 Y95.661 E3.74902
G1 X79.026 Y95.478 E3.75786
G1 X79.026 Y94.522 E3.80384
G1 X79.032 Y94.49 E3.80541
G1 X79.422 Y94.467 F7800
G1 F1800
G1 X79.604 Y93.473 E3.85401
G1 X79.99 Y92.479 E3.9053
G1 X80.558 Y91.576 E3.95661
G1 X81.119 Y90.973 E3.99622
G1 X81.369 Y90.726 E4.01312
G1 X82.148 Y90.171 E4.05912
G1 X83.114 Y89.718 E4.11044
G1 X84.147 Y89.457 E4.16169
G1 X85.212 Y89.396 E4.213
G1 X86.269 Y89.537 E4.26429
G1 X87.28 Y89.876 E4.31558
G1 X88.208 Y90.4 E4.36684
G1 X89.021 Y91.09 E4.41813
G1 X89.688 Y91.922 E4.46942
G1 X90.186 Y92.865 E4.52071
G1 X90.496 Y93.885 E4.57198
G1 X90.608 Y94.945 E4.62325
G1 X90.517 Y96.007 E4.67452
G1 X90.227 Y97.033 E4.7258
G1 X89.748 Y97.986 E4.7771
G1 X89.097 Y98.83 E4.82837
G1 X88.298 Y99.536 E4.87965
G1 X87.38 Y100.079 E4.93095
G1 X86.376 Y100.437 E4.98222
G1 X85.322 Y100.599 E5.03351
G1 X84.256 Y100.559 E5.08482
G1 X83.218 Y100.318 E5.13607
G1 X82.244 Y99.884 E5.18736
G1 X81.369 Y99.274 E5.23866
G1 X80.626 Y98.51 E5.28992
G1 X80.04 Y97.619 E5.34121
G1 X79.635 Y96.633 E5.39248
G1 X79.412 Y95.478 E5.44906
G1 X79.412 Y94.526 E5.49485
G1 X79.801 Y94.503 F7800
;TYPE:External perimeter
G1 F1800
G1 X79.982 Y93.546 E5.54169
G1 X80.348 Y92.622 E5.58949
G1 X80.882 Y91.785 E5.63724
G1 X81.398 Y91.239 E5.67337
G1 X81.593 Y91.04 E5.68677
G1 X82.372 Y90.485 E5.73277
G1 X83.274 Y90.069 E5.78054
G1 X84.238 Y89.832 E5.82829
G1 X85.23 Y89.781 E5.87606
G1 X86.214 Y89.919 E5.92385
G1 X87.154 Y90.24 E5.97162
G1 X88.015 Y90.734 E6.01936
G1 X88.768 Y91.382 E6.06714
G1 X89.385 Y92.16 E6.1149
G1 X89.843 Y93.041 E6.16266
G1 X90.126 Y93.993 E6.21043
G1 X90.224 Y94.982 E6.25823
G1 X90.133 Y95.971 E6.306
G1 X89.857 Y96.925 E6.35377
G1 X89.405 Y97.809 E6.40152
G1 X88.794 Y98.592 E6.44929
G1 X88.045 Y99.245 E6.49708
G1 X87.187 Y99.745 E6.54484
G1 X86.249 Y100.073 E6.59263
G1 X85.267 Y100.217 E6.64037
G1 X84.275 Y100.174 E6.68813
G1 X83.309 Y99.943 E6.7359
G1 X82.404 Y99.534 E6.78367
G1 X81.593 Y98.96 E6.83146
G1 X80.905 Y98.244 E6.87922
G1 X80.365 Y97.41 E6.92701
G1 X79.993 Y96.489 E6.97478
G1 X79.798 Y95.478 E7.0243
G1 X79.798 Y94.563 E7.06831
G1 X79.865 Y94.169 F7800
G1 E5.06831 F2400
G92 E0
G1 X96.002 Y84.814 F7800
G1 E2 F2400
;TYPE:Perimeter
G1 F3600
G1 X96.004 Y84.815 E2.00011
G1 X96.004 Y85.402 E2.02834
G1 X96.004 Y105.187 E2.97993
G1 X95.187 Y106.004 E3.0355
G1 X74.813 Y106.004 E4.01542
G1 X73.996 Y105.187 E4.07099
G1 X73.996 Y84.813 E5.05091
G1 X74.813 Y83.996 E5.10648
G1 X95.177 Y83.996 E6.08592
G1 X95.959 Y84.772 E6.13891
G1 X96.389 Y84.655 F7800
G1 F3600
G1 X96.389 Y85.402 E6.17484
G1 X96.389 Y105.347 E7.13413
G1 X95.347 Y106.389 E7.20501
G1 X74.653 Y106.389 E8.20032
G1 X73.611 Y105.347 E8.2712
G1 X73.611 Y84.653 E9.26651
G1 X74.653 Y83.611 E9.33739
G1 X95.335 Y83.611 E10.33212
G1 X96.347 Y84.612 E10.40058
G1 X96.775 Y84.494 F7800
;TYPE:External perimeter
G1 F1800
G1 X96.775 Y85.402 E10.44425
G1 X96.775 Y105.507 E11.41123
G1 X95.507 Y106.775 E11.49748
G1 X74.493 Y106.775 E12.50818
G1 X73.225 Y105.507 E12.59443
G1 X73.225 Y84.493 E13.60513
G1 X74.493 Y83.225 E13.69138
G1 X95.494 Y83.225 E14.70146
G1 X96.732 Y84.452 E14.78529
G1 X96.771 Y84.85 F7800
G1 X95.885 Y86.532
;TYPE:Bridge infill
;WIDTH:0.438344
;HEIGHT:0.4
M106 S255
G1 F3600
G1 X95.096 Y87.321 E14.8553
G1 X94.406 Y87.321 E14.89859
G1 X95.682 Y86.044 E15.01185
G1 X95.682 Y85.354 E15.05514
G1 X93.715 Y87.321 E15.22967
G1 X93.024 Y87.321 E15.27302
G1 X95.538 Y84.807 E15.49609
G1 X95.191 Y84.463 E15.52675
G1 X92.679 Y86.975 E15.74964
G1 X92.679 Y86.285 E15.79293
G1 X94.646 Y84.318 E15.96746
G1 X93.956 Y84.318 E16.01075
G1 X92.679 Y85.594 E16.12401
G1 X92.679 Y84.904 E16.1673
G1 X93.468 Y84.115 E16.23731
M106 S196.35
G1 E14.23731 F2400
G92 E0
G1 X76.544 Y87.523 F7800
G1 E2 F2400
;WIDTH:0.432898
M106 S255
G1 F3600
G1 X77.321 Y86.746 E2.06724
G1 X77.321 Y86.063 E2.10903
G1 X76.063 Y87.321 E2.2179
G1 X75.38 Y87.321 E2.25969
G1 X77.321 Y85.38 E2.42766
G1 X77.321 Y84.698 E2.46939
G1 X74.698 Y87.321 E2.69638
G1 X74.318 Y87.321 E2.71963
G1 X74.318 Y87.018 E2.73817
G1 X77.018 Y84.318 E2.97182
G1 X76.335 Y84.318 E3.01361
G1 X74.318 Y86.335 E3.18816
G1 X74.318 Y85.652 E3.22995
G1 X75.652 Y84.318 E3.34539
G1 X74.969 Y84.318 E3.38718
G1 X74.115 Y85.171 E3.46104
M106 S196.35
G1 E1.46104 F2400
G92 E0
G1 X75.743 Y105.885 F7800
G1 E2 F2400
;WIDTH:0.454062
M106 S255
G1 F3600
G1 X74.931 Y105.667 E2.0566
G1 X74.318 Y105.054 E2.11496
G1 X74.318 Y104.981 E2.11987
G1 X76.934 Y105.682 E2.3022
G1 X77.321 Y105.682 E2.32825
G1 X77.321 Y105.264 E2.35639
G1 X74.318 Y104.459 E2.56569
G1 X74.318 Y103.938 E2.60076
G1 X77.321 Y104.742 E2.81005
G1 X77.321 Y104.22 E2.84519
G1 X74.318 Y103.416 E3.05448
G1 X74.318 Y102.894 E3.08962
G1 X77.321 Y103.699 E3.29892
G1 X77.321 Y103.177 E3.33406
G1 X74.709 Y102.477 E3.51611
M106 S196.35
G1 E1.51611 F2400
G92 E0
G1 X92.437 Y105.209 F7800
G1 E2 F2400
;TYPE:Top solid infill
;WIDTH:0.401617
;HEIGHT:0.3
G1 X91.907 Y105.74 E2.03156
G1 X91.43 Y105.74 E2.05162
G1 X92.286 Y104.883 E2.10257
G1 X92.286 Y104.406 E2.12263
G1 X90.953 Y105.74 E2.20195
G1 X90.476 Y105.74 E2.22201
G1 X92.286 Y103.929 E2.32971
G1 X92.286 Y103.452 E2.34977
G1 X89.999 Y105.74 E2.48584
G1 X89.522 Y105.74 E2.5059
G1 X92.437 Y102.824 E2.67933
G1 E.67933
G92 E0
G1 X95.891 Y101.756 F7800
G1 E2 F2400
G1 X95.36 Y102.286 E2.03156
G1 X94.883 Y102.286 E2.05162
G1 X95.74 Y101.43 E2.10257
G1 X95.74 Y100.953 E2.12263
G1 X94.406 Y102.286 E2.20195
G1 X93.929 Y102.286 E2.22201
G1 X95.74 Y100.476 E2.32971
G1 X95.74 Y99.999 E2.34977
G1 X93.452 Y102.286 E2.48584
G1 X92.975 Y102.286 E2.5059
G1 X95.74 Y99.522 E2.67035
G1 X95.74 Y99.045 E2.69041
G1 X89.045 Y105.74 E3.08866
G1 X88.568 Y105.74 E3.10872
G1 X95.74 Y98.568 E3.53534
G1 X95.74 Y98.091 E3.5554
G1 X88.091 Y105.74 E4.0104
G1 X87.614 Y105.74 E4.03046
G1 X95.74 Y97.614 E4.51383
G1 X95.74 Y97.137 E4.53389
G1 X87.137 Y105.74 E5.04564
G1 X86.66 Y105.74 E5.0657
G1 X95.74 Y96.66 E5.60582
G1 X95.74 Y96.184 E5.62584
G1 X86.183 Y105.74 E6.1943
G1 X85.707 Y105.74 E6.21432
G1 X95.74 Y95.707 E6.81113
G1 X95.74 Y95.23 E6.83119
G1 X85.23 Y105.74 E7.45637
G1 X84.753 Y105.74 E7.47643
G1 X95.74 Y94.753 E8.12999
G1 X95.74 Y94.276 E8.15005
G1 X84.276 Y105.74 E8.83198
G1 X83.799 Y105.74 E8.85204
G1 X95.74 Y93.799 E9.56235
G1 X95.74 Y93.322 E9.58241
G1 X83.322 Y105.74 E10.32109
G1 X82.845 Y105.74 E10.34115
G1 X88.269 Y100.315 E10.66382
G1 X88.721 Y100.03 E10.6863
G1 X89.492 Y99.36 E10.72926
G1 X90.201 Y98.478 E10.77686
G1 X90.351 Y98.234 E10.78891
G1 X95.74 Y92.845 E11.10947
G1 X95.74 Y92.368 E11.12953
G1 X90.824 Y97.284 E11.42196
G1 X91.025 Y96.605 E11.45175
G1 X95.74 Y91.891 E11.73219
G1 X95.74 Y91.414 E11.75225
G1 X91.168 Y95.986 E12.02421
G1 X91.218 Y95.459 E12.04648
G1 X95.74 Y90.937 E12.31547
G1 X95.74 Y90.46 E12.33553
G1 X91.256 Y94.944 E12.60226
G1 X91.216 Y94.507 E12.62072
G1 X95.74 Y89.983 E12.88983
G1 X95.74 Y89.507 E12.90985
G1 X91.177 Y94.069 E13.18125
G1 X91.108 Y93.661 E13.19865
G1 X95.74 Y89.03 E13.47415
G1 X95.74 Y88.553 E13.49421
G1 X91 Y93.293 E13.77617
G1 X90.892 Y92.924 E13.79234
G1 X95.74 Y88.076 E14.08072
G1 X95.74 Y87.714 E14.09595
G1 X95.625 Y87.714 E14.10079
G1 X90.766 Y92.572 E14.3898
G1 X90.604 Y92.257 E14.4047
G1 X95.148 Y87.714 E14.67497
G1 X94.671 Y87.714 E14.69503
G1 X90.442 Y91.943 E14.94659
G1 X90.273 Y91.635 E14.96137
G1 X94.194 Y87.714 E15.19461
G1 X93.717 Y87.714 E15.21467
G1 X90.071 Y91.36 E15.43155
G1 X89.858 Y91.096 E15.44582
G1 X93.24 Y87.714 E15.647
G1 X92.763 Y87.714 E15.66706
G1 X89.645 Y90.831 E15.8525
G1 X89.421 Y90.579 E15.86668
G1 X92.286 Y87.714 E16.0371
G1 X92.286 Y87.237 E16.05716
G1 X89.166 Y90.357 E16.24275
G1 X88.911 Y90.135 E16.25697
G1 X92.286 Y86.76 E16.45773
G1 X92.286 Y86.283 E16.47779
G1 X88.65 Y89.92 E16.69411
G1 X88.357 Y89.735 E16.70869
G1 X92.286 Y85.806 E16.9424
G1 X92.286 Y85.329 E16.96246
G1 X88.055 Y89.561 E17.21417
G1 X87.752 Y89.386 E17.22889
G1 X92.286 Y84.852 E17.49859
G1 X92.286 Y84.375 E17.51865
G1 X87.424 Y89.238 E17.80789
G1 X87.069 Y89.115 E17.82369
G1 X91.924 Y84.26 E18.11249
G1 X91.447 Y84.26 E18.13255
G1 X86.715 Y88.993 E18.41406
G1 X86.34 Y88.891 E18.43041
G1 X90.97 Y84.26 E18.70585
G1 X90.493 Y84.26 E18.72591
G1 X85.923 Y88.831 E18.99778
G1 X85.506 Y88.771 E19.0155
G1 X90.016 Y84.26 E19.28381
G1 X89.54 Y84.26 E19.30383
G1 X85.046 Y88.754 E19.57115
G1 X84.541 Y88.782 E19.59242
G1 X89.063 Y84.26 E19.86141
G1 X88.586 Y84.26 E19.88147
G1 X84.026 Y88.82 E20.15272
G1 X83.399 Y88.971 E20.17985
G1 X88.109 Y84.26 E20.46005
G1 X87.632 Y84.26 E20.48011
G1 X82.393 Y89.499 E20.79175
G1 E18.79175
G92 E0
G1 X87.571 Y100.537 F7800
G1 E2 F2400
G1 X82.368 Y105.74 E2.3095
G1 X81.891 Y105.74 E2.32956
G1 X86.595 Y101.036 E2.60938
G1 X86.402 Y101.1 E2.61793
G1 X86 Y101.154 E2.63499
G1 X81.414 Y105.74 E2.90779
G1 X80.937 Y105.74 E2.92785
G1 X85.449 Y101.227 E3.19627
G1 X85.243 Y101.255 E3.20501
G1 X84.958 Y101.242 E3.21701
G1 X80.46 Y105.74 E3.48457
G1 X79.983 Y105.74 E3.50463
G1 X84.502 Y101.221 E3.77344
G1 X84.061 Y101.185 E3.79205
G1 X79.507 Y105.74 E4.06297
G1 X79.03 Y105.74 E4.08303
G1 X83.673 Y101.097 E4.35922
G1 X83.289 Y101.004 E4.37584
G1 X78.553 Y105.74 E4.65756
G1 X78.076 Y105.74 E4.67762
G1 X82.917 Y100.898 E4.96561
G1 X82.584 Y100.754 E4.98087
G1 X77.714 Y105.625 E5.27059
G1 X77.714 Y105.148 E5.29065
G1 X82.257 Y100.605 E5.56089
G1 X81.933 Y100.452 E5.57596
G1 X77.714 Y104.671 E5.82693
G1 X77.714 Y104.194 E5.84699
G1 X81.642 Y100.266 E6.08065
G1 X81.363 Y100.068 E6.09504
G1 X77.714 Y103.717 E6.3121
G1 X77.714 Y103.24 E6.33216
G1 X81.084 Y99.869 E6.53265
G1 X80.821 Y99.656 E6.54689
G1 X77.714 Y102.763 E6.73171
G1 X77.714 Y102.286 E6.75177
G1 X80.588 Y99.412 E6.92273
G1 X80.355 Y99.168 E6.93692
G1 X77.237 Y102.286 E7.12239
G1 X76.76 Y102.286 E7.14245
G1 X80.125 Y98.921 E7.34262
G1 X79.926 Y98.643 E7.357
G1 X76.283 Y102.286 E7.5737
G1 X75.806 Y102.286 E7.59376
G1 X79.74 Y98.353 E7.82774
G1 X79.553 Y98.062 E7.84229
G1 X75.329 Y102.286 E8.09355
G1 X74.852 Y102.286 E8.11361
G1 X79.384 Y97.755 E8.38316
G1 X79.247 Y97.414 E8.39862
G1 X74.375 Y102.286 E8.68843
G1 X74.26 Y102.286 E8.69327
G1 X74.26 Y101.924 E8.7085
G1 X79.111 Y97.074 E8.99703
G1 X78.986 Y96.722 E9.01274
G1 X74.26 Y101.447 E9.29383
G1 X74.26 Y100.97 E9.31389
G1 X78.903 Y96.327 E9.59008
G1 X78.826 Y95.928 E9.60717
G1 X74.26 Y100.493 E9.87875
G1 X74.26 Y100.016 E9.89881
G1 X78.765 Y95.512 E10.16676
G1 X78.762 Y95.038 E10.1867
G1 X74.26 Y99.54 E10.4545
G1 X74.26 Y99.063 E10.47456
G1 X78.762 Y94.561 E10.74236
G1 X78.784 Y94.293 E10.75367
G1 X78.839 Y94.007 E10.76592
G1 X74.26 Y98.586 E11.0383
G1 X74.26 Y98.109 E11.05836
G1 X78.953 Y93.417 E11.33749
G1 X79.03 Y93.129 E11.35003
G1 X79.208 Y92.684 E11.37019
G1 X74.26 Y97.632 E11.66452
G1 X74.26 Y97.155 E11.68458
G1 X79.689 Y91.726 E12.00752
G1 X80.013 Y91.222 E12.03272
G1 X80.153 Y91.044 E12.04225
G1 X80.818 Y90.347 E12.08277
G1 X80.989 Y90.198 E12.09231
G1 X81.778 Y89.637 E12.13303
G1 X87.155 Y84.26 E12.45288
G1 X86.678 Y84.26 E12.47294
G1 X74.26 Y96.678 E13.21162
G1 X74.26 Y96.201 E13.23168
G1 X86.201 Y84.26 E13.94199
G1 X85.724 Y84.26 E13.96205
G1 X74.26 Y95.724 E14.64398
G1 X74.26 Y95.247 E14.66404
G1 X85.247 Y84.26 E15.3176
G1 X84.77 Y84.26 E15.33766
G1 X74.26 Y94.77 E15.96284
G1 X74.26 Y94.293 E15.9829
G1 X84.293 Y84.26 E16.57971
G1 X83.816 Y84.26 E16.59977
G1 X74.26 Y93.816 E17.1682
G1 X74.26 Y93.34 E17.18822
G1 X83.34 Y84.26 E17.72834
G1 X82.863 Y84.26 E17.7484
G1 X74.26 Y92.863 E18.26015
G1 X74.26 Y92.386 E18.28021
G1 X82.386 Y84.26 E18.76358
G1 X81.909 Y84.26 E18.78364
G1 X74.26 Y91.909 E19.23864
G1 X74.26 Y91.432 E19.2587
G1 X81.432 Y84.26 E19.68532
G1 X80.955 Y84.26 E19.70538
G1 X74.26 Y90.955 E20.10363
G1 X74.26 Y90.478 E20.12369
G1 X77.025 Y87.714 E20.28814
G1 X76.548 Y87.714 E20.3082
G1 X74.26 Y90.001 E20.44427
G1 X74.26 Y89.524 E20.46433
G1 X76.071 Y87.714 E20.57203
G1 X75.594 Y87.714 E20.59209
G1 X74.26 Y89.047 E20.67141
G1 X74.26 Y88.57 E20.69147
G1 X75.117 Y87.714 E20.74242
G1 X74.64 Y87.714 E20.76248
G1 X74.109 Y88.244 E20.79404
G1 E18.79404
G92 E0
G1 X77.563 Y87.176 F7800
G1 E2 F2400
G1 X80.478 Y84.26 E2.17343
G1 X80.001 Y84.26 E2.19349
G1 X77.714 Y86.548 E2.32956
G1 X77.714 Y86.071 E2.34962
G1 X79.524 Y84.26 E2.45732
G1 X79.047 Y84.26 E2.47738
G1 X77.714 Y85.594 E2.5567
G1 X77.714 Y85.117 E2.57676
G1 X78.57 Y84.26 E2.62771
G1 X78.093 Y84.26 E2.64777
G1 X77.563 Y84.791 E2.67933
G1 E.67933
G92 E0
G1 X95.885 Y104.828 F7800
G1 E2 F2400
;TYPE:Bridge infill
;WIDTH:0.432898
;HEIGHT:0.4
M106 S255
G1 F3600
G1 X95.031 Y105.682 E2.0739
G1 X94.348 Y105.682 E2.11569
G1 X95.682 Y104.348 E2.23113
G1 X95.682 Y103.665 E2.27292
G1 X93.665 Y105.682 E2.44747
G1 X92.982 Y105.682 E2.48926
G1 X95.682 Y102.982 E2.72291
G1 X95.682 Y102.679 E2.74145
G1 X95.302 Y102.679 E2.7647
G1 X92.679 Y105.302 E2.99169
G1 X92.679 Y104.619 E3.03348
G1 X94.619 Y102.679 E3.20136
G1 X93.936 Y102.679 E3.24315
G1 X92.679 Y103.936 E3.35193
G1 X92.679 Y103.254 E3.39366
G1 X93.456 Y102.477 E3.4609
M106 S196.35
M106 S226.95
;LAYER_CHANGE
;Z:3.95
;HEIGHT:0.3
G1 E1.4609 F2400
G92 E0
G1 Z3.95 F7800
G1 X91.496 Y88.504
G1 E2 F2400
;TYPE:Perimeter
;WIDTH:0.45
G1 F1419
G1 X91.496 Y83.996 E2.21682
G1 X95.187 Y83.996 E2.39434
G1 X96.004 Y84.813 E2.44991
G1 X96.004 Y85.39 E2.47766
G1 X96.004 Y88.504 E2.62743
G1 X91.556 Y88.504 E2.84136
G1 X91.111 Y88.889 F7800
G1 F1419
G1 X91.111 Y83.611 E3.09521
G1 X95.347 Y83.611 E3.29895
G1 X96.389 Y84.653 E3.36983
G1 X96.389 Y85.39 E3.40528
G1 X96.389 Y88.889 E3.57357
G1 X91.171 Y88.889 E3.82454
G1 X90.725 Y89.275 F7800
;TYPE:External perimeter
G1 F1419
G1 X90.725 Y83.225 E4.11552
G1 X95.507 Y83.225 E4.34552
G1 X96.775 Y84.493 E4.43177
G1 X96.775 Y85.39 E4.47491
G1 X96.775 Y89.275 E4.66177
G1 X90.785 Y89.275 E4.94987
G1 X90.726 Y88.879 F7800
G1 X91.817 Y88.11
;TYPE:Solid infill
;WIDTH:0.543559
G1 F1419
G1 X91.774 Y88.152 E4.95346
G1 X91.79 Y88.21 E4.95706
G1 X91.848 Y88.226 E4.96066
G1 X91.89 Y88.183 E4.96425
G1 X91.875 Y88.125 E4.96783
;WIDTH:0.45
G1 X91.785 Y87.509 E4.99777
G1 X92.491 Y88.215 E5.04579
G1 X93.036 Y88.215 E5.072
G1 X91.785 Y86.964 E5.15709
G1 X91.785 Y86.419 E5.1833
G1 X93.581 Y88.215 E5.30546
G1 X94.127 Y88.215 E5.33172
G1 X91.785 Y85.873 E5.49102
G1 X91.785 Y85.328 E5.51723
G1 X94.672 Y88.215 E5.7136
G1 X95.217 Y88.215 E5.73981
G1 X91.785 Y84.783 E5.97325
G1 X91.833 Y84.285 E5.99731
G1 X95.715 Y88.167 E6.26136
G1 X95.715 Y87.621 E6.28762
G1 X92.379 Y84.285 E6.51453
G1 X92.924 Y84.285 E6.54074
G1 X95.715 Y87.076 E6.73058
G1 X95.909 Y86.648 E6.75318
;WIDTH:0.404381
G1 X95.92 Y86.69 E6.75502
G1 X95.849 Y86.709 E6.75814
G1 X95.868 Y86.637 E6.7613
;WIDTH:0.45
G1 X95.715 Y86.53 E6.77028
G1 X93.47 Y84.285 E6.92298
G1 X95.068 Y84.285 E6.99984
G1 X95.715 Y84.932 E7.04385
G1 X95.715 Y85.985 E7.0945
G1 X94.151 Y84.422 E7.20085
G1 X94.913 Y84.658 F7800
;WIDTH:0.423105
G1 F1419
G1 X95.342 Y85.087 E7.22799
G1 E5.22799 F2400
G92 E0
G1 X78.504 Y88.504 F7800
G1 E2 F2400
;TYPE:Perimeter
;WIDTH:0.45
G1 F1419
G1 X73.996 Y88.504 E2.21682
G1 X73.996 Y84.813 E2.39434
G1 X74.813 Y83.996 E2.44991
G1 X78.504 Y83.996 E2.62743
G1 X78.504 Y86.25 E2.73584
G1 X78.504 Y88.444 E2.84136
G1 X78.889 Y88.889 F7800
G1 F1419
G1 X73.611 Y88.889 E3.09521
G1 X73.611 Y84.653 E3.29895
G1 X74.653 Y83.611 E3.36983
G1 X78.889 Y83.611 E3.57357
G1 X78.889 Y86.25 E3.7005
G1 X78.889 Y88.829 E3.82454
G1 X79.275 Y89.275 F7800
;TYPE:External perimeter
G1 F1419
G1 X73.225 Y89.275 E4.11552
G1 X73.225 Y84.493 E4.34552
G1 X74.493 Y83.225 E4.43177
G1 X79.275 Y83.225 E4.66177
G1 X79.275 Y86.25 E4.80726
G1 X79.275 Y89.215 E4.94987
G1 X78.879 Y89.274 F7800
G1 E2.94987 F2400
G92 E0
G1 X74.317 Y88.11 F7800
G1 E2 F2400
;TYPE:Solid infill
;WIDTH:0.543559
G1 F1419
G1 X74.274 Y88.152 E2.00359
G1 X74.29 Y88.21 E2.00719
G1 X74.348 Y88.226 E2.01079
G1 X74.39 Y88.183 E2.01438
G1 X74.375 Y88.125 E2.01796
;WIDTH:0.45
G1 X74.285 Y87.509 E2.0479
G1 X74.991 Y88.215 E2.09592
G1 X75.536 Y88.215 E2.12213
G1 X74.285 Y86.964 E2.20722
G1 X74.285 Y86.419 E2.23343
G1 X76.081 Y88.215 E2.35559
G1 X76.627 Y88.215 E2.38185
G1 X74.285 Y85.873 E2.54115
G1 X74.285 Y85.328 E2.56736
G1 X77.172 Y88.215 E2.76373
G1 X77.717 Y88.215 E2.78994
G1 X74.36 Y84.858 E3.01828
G1 X74.633 Y84.585 E3.03685
G1 X78.215 Y88.167 E3.28049
G1 X78.215 Y87.621 E3.30675
G1 X74.906 Y84.312 E3.53182
G1 X75.424 Y84.285 E3.55677
G1 X78.215 Y87.076 E3.74661
G1 X78.215 Y86.53 E3.77287
G1 X75.97 Y84.285 E3.92557
G1 X78.215 Y84.285 E4.03355
G1 X78.215 Y85.985 E4.11531
G1 X76.651 Y84.422 E4.22166
G1 X77.349 Y84.631 E4.2567
;WIDTH:0.369393
G1 X77.869 Y84.631 E4.27648
G1 X77.869 Y85.151 E4.29626
G1 X77.485 Y84.767 E4.31692
G1 E2.31692 F2400
G92 E0
G1 X78.504 Y101.496 F7800
G1 E2 F2400
;TYPE:Perimeter
;WIDTH:0.45
G1 F1419
G1 X78.504 Y103.75 E2.10841
G1 X78.504 Y106.004 E2.21682
G1 X74.813 Y106.004 E2.39434
G1 X73.996 Y105.187 E2.44991
G1 X73.996 Y101.496 E2.62743
G1 X78.444 Y101.496 E2.84136
G1 X78.889 Y101.111 F7800
G1 F1419
G1 X78.889 Y103.75 E2.96829
G1 X78.889 Y106.389 E3.09522
G1 X74.653 Y106.389 E3.29896
G1 X73.611 Y105.347 E3.36984
G1 X73.611 Y101.111 E3.57358
G1 X78.829 Y101.111 E3.82455
G1 X79.275 Y100.725 F7800
;TYPE:External perimeter
G1 F1419
G1 X79.275 Y103.75 E3.97004
G1 X79.275 Y106.775 E4.11553
G1 X74.493 Y106.775 E4.34553
G1 X73.225 Y105.507 E4.43178
G1 X73.225 Y100.725 E4.66178
G1 X79.215 Y100.725 E4.94988
G1 X79.274 Y101.121 F7800
G1 E2.94988 F2400
G92 E0
G1 X74.285 Y104.795 F7800
G1 E2 F2400
;TYPE:Solid infill
G1 F1419
G1 X75.205 Y105.715 E2.06258
G1 X74.893 Y105.811 E2.07828
;WIDTH:0.404381
G1 X74.189 Y105.107 E2.1205
G1 X74.285 Y104.25 F7800
;WIDTH:0.45
G1 F1419
G1 X75.75 Y105.715 E2.22015
G1 X76.296 Y105.715 E2.24641
G1 X74.285 Y103.704 E2.3832
G1 X74.285 Y103.159 E2.40941
G1 X76.841 Y105.715 E2.58327
G1 X77.387 Y105.715 E2.60953
G1 X74.285 Y102.613 E2.82052
G1 X74.285 Y102.068 E2.84673
G1 X77.932 Y105.715 E3.09479
G1 X78.284 Y105.754 E3.11182
;WIDTH:0.404381
G1 X78.265 Y105.825 E3.11494
G1 X78.336 Y105.806 E3.11806
G1 X78.325 Y105.765 E3.11986
;WIDTH:0.45
G1 X78.215 Y105.452 E3.13582
G1 X74.548 Y101.785 E3.38524
G1 X74.235 Y101.675 E3.4012
;WIDTH:0.404381
G1 X74.246 Y101.716 E3.403
G1 X74.175 Y101.735 E3.40612
G1 X74.194 Y101.664 E3.40924
G1 X75.093 Y101.785 F7800
;WIDTH:0.45
G1 F1419
G1 X78.215 Y104.907 E3.62159
G1 X78.215 Y104.361 E3.64785
G1 X75.639 Y101.785 E3.82307
G1 X76.184 Y101.785 E3.84928
G1 X78.215 Y103.816 E3.98743
G1 E1.98743 F2400
G92 E0
G1 X76.866 Y101.922 F7800
G1 E2 F2400
G1 F1419
G1 X78.215 Y103.271 E2.09176
G1 X78.215 Y101.785 E2.16323
G1 X76.729 Y101.785 E2.2347
G1 X77.764 Y102.162 F7800
;WIDTH:0.548693
G1 F1419
G1 X77.721 Y102.205 E2.23837
G1 X77.737 Y102.263 E2.242
G1 X77.795 Y102.279 E2.24563
G1 X77.838 Y102.236 E2.2493
G1 X77.822 Y102.178 E2.25293
G1 E.25293 F2400
G92 E0
G1 X91.496 Y101.496 F7800
G1 E2 F2400
;TYPE:Perimeter
;WIDTH:0.45
G1 F1419
G1 X96.004 Y101.496 E2.21682
G1 X96.004 Y103.75 E2.32523
G1 X96.004 Y105.187 E2.39434
G1 X95.187 Y106.004 E2.44991
G1 X91.496 Y106.004 E2.62743
G1 X91.496 Y101.556 E2.84136
G1 X91.111 Y101.111 F7800
G1 F1419
G1 X96.389 Y101.111 E3.09521
G1 X96.389 Y103.75 E3.22214
G1 X96.389 Y105.347 E3.29895
G1 X95.347 Y106.389 E3.36983
G1 X91.111 Y106.389 E3.57357
G1 X91.111 Y101.171 E3.82454
G1 X90.725 Y100.725 F7800
;TYPE:External perimeter
G1 F1419
G1 X96.775 Y100.725 E4.11552
G1 X96.775 Y103.75 E4.26101
G1 X96.775 Y105.507 E4.34552
G1 X95.507 Y106.775 E4.43177
G1 X90.725 Y106.775 E4.66177
G1 X90.725 Y100.785 E4.94987
G1 X91.121 Y100.726 F7800
G1 E2.94987 F2400
G92 E0
G1 X91.817 Y105.61 F7800
G1 E2 F2400
;TYPE:Solid infill
;WIDTH:0.543559
G1 F1419
G1 X91.774 Y105.652 E2.00359
G1 X91.79 Y105.71 E2.00719
G1 X91.848 Y105.726 E2.01079
G1 X91.89 Y105.683 E2.01438
G1 X91.875 Y105.625 E2.01796
;WIDTH:0.45
G1 X92.491 Y105.715 E2.0479
G1 X91.785 Y105.009 E2.09592
G1 X91.785 Y104.464 E2.12213
G1 X93.036 Y105.715 E2.20722
G1 X93.581 Y105.715 E2.23343
G1 X91.785 Y103.919 E2.35559
G1 X91.785 Y103.373 E2.38185
G1 X94.127 Y105.715 E2.54115
G1 X94.672 Y105.715 E2.56736
G1 X91.785 Y102.828 E2.76373
G1 X91.785 Y102.283 E2.78994
G1 X95.142 Y105.64 E3.01828
G1 X95.415 Y105.367 E3.03685
G1 X91.833 Y101.785 E3.28049
G1 X92.379 Y101.785 E3.30675
G1 X95.688 Y105.094 E3.53182
G1 X95.715 Y104.576 E3.55677
G1 X92.924 Y101.785 E3.74661
G1 X93.47 Y101.785 E3.77287
G1 X95.715 Y104.03 E3.92557
G1 E1.92557 F2400
G92 E0
G1 X94.151 Y101.922 F7800
G1 E2 F2400
G1 F1419
G1 X95.715 Y103.485 E2.10635
G1 X95.715 Y101.785 E2.18811
G1 X94.015 Y101.785 E2.26987
G1 X94.849 Y102.131 F7800
;WIDTH:0.369392
G1 F1419
G1 X95.369 Y102.131 E2.28965
G1 X95.369 Y102.651 E2.30943
G1 X94.985 Y102.267 E2.33009
;LAYER_CHANGE
;Z:4.25
;HEIGHT:0.3
G1 E.33009 F2400
G92 E0
G1 Z4.25 F7800
G1 X91.496 Y88.504
G1 E2 F2400
;TYPE:Perimeter
;WIDTH:0.45
G1 F1424
G1 X91.496 Y83.996 E2.21682
G1 X95.187 Y83.996 E2.39434
G1 X96.004 Y84.813 E2.44991
G1 X96.004 Y85.39 E2.47766
G1 X96.004 Y88.504 E2.62743
G1 X91.556 Y88.504 E2.84136
G1 X91.111 Y88.889 F7800
G1 F1424
G1 X91.111 Y83.611 E3.09521
G1 X95.347 Y83.611 E3.29895
G1 X96.389 Y84.653 E3.36983
G1 X96.389 Y85.39 E3.40528
G1 X96.389 Y88.889 E3.57357
G1 X91.171 Y88.889 E3.82454
G1 X90.725 Y89.275 F7800
;TYPE:External perimeter
G1 F1424
G1 X90.725 Y83.225 E4.11552
G1 X95.507 Y83.225 E4.34552
G1 X96.775 Y84.493 E4.43177
G1 X96.775 Y85.39 E4.47491
G1 X96.775 Y89.275 E4.66177
G1 X90.785 Y89.275 E4.94987
G1 X90.726 Y88.879 F7800
G1 E2.94987 F2400
G92 E0
G1 X91.89 Y84.317 F7800
G1 E2 F2400
;TYPE:Solid infill
;WIDTH:0.543559
G1 F1424
G1 X91.848 Y84.274 E2.00359
G1 X91.79 Y84.29 E2.00719
G1 X91.774 Y84.348 E2.01079
G1 X91.817 Y84.39 E2.01438
G1 X91.875 Y84.375 E2.01796
;WIDTH:0.45
G1 X92.491 Y84.285 E2.0479
G1 X91.785 Y84.991 E2.09592
G1 X91.785 Y85.536 E2.12213
G1 X93.036 Y84.285 E2.20722
G1 X93.581 Y84.285 E2.23343
G1 X91.785 Y86.081 E2.35559
G1 X91.785 Y86.627 E2.38185
G1 X94.127 Y84.285 E2.54115
G1 X94.672 Y84.285 E2.56736
G1 X91.785 Y87.172 E2.76373
G1 X91.785 Y87.717 E2.78994
G1 X95.142 Y84.36 E3.01828
G1 X95.415 Y84.633 E3.03685
G1 X91.833 Y88.215 E3.28049
G1 X92.379 Y88.215 E3.30675
G1 X95.688 Y84.906 E3.53182
G1 X95.715 Y85.424 E3.55677
G1 X92.924 Y88.215 E3.74661
G1 X93.47 Y88.215 E3.77287
G1 X95.715 Y85.97 E3.92557
G1 X95.715 Y88.215 E4.03355
G1 X94.015 Y88.215 E4.11531
G1 X95.578 Y86.651 E4.22166
G1 X95.369 Y87.349 E4.2567
;WIDTH:0.369393
G1 X95.369 Y87.869 E4.27648
G1 X94.849 Y87.869 E4.29626
G1 X95.233 Y87.485 E4.31692
G1 E2.31692 F2400
G92 E0
G1 X78.504 Y88.504 F7800
G1 E2 F2400
;TYPE:Perimeter
;WIDTH:0.45
G1 F1424
G1 X73.996 Y88.504 E2.21682
G1 X73.996 Y84.813 E2.39434
G1 X74.813 Y83.996 E2.44991
G1 X78.504 Y83.996 E2.62743
G1 X78.504 Y86.25 E2.73584
G1 X78.504 Y88.444 E2.84136
G1 X78.889 Y88.889 F7800
G1 F1424
G1 X73.611 Y88.889 E3.09521
G1 X73.611 Y84.653 E3.29895
G1 X74.653 Y83.611 E3.36983
G1 X78.889 Y83.611 E3.57357
G1 X78.889 Y86.25 E3.7005
G1 X78.889 Y88.829 E3.82454
G1 X79.275 Y89.275 F7800
;TYPE:External perimeter
G1 F1424
G1 X73.225 Y89.275 E4.11552
G1 X73.225 Y84.493 E4.34552
G1 X74.493 Y83.225 E4.43177
G1 X79.275 Y83.225 E4.66177
G1 X79.275 Y86.25 E4.80726
G1 X79.275 Y89.215 E4.94987
G1 X78.879 Y89.274 F7800
G1 E2.94987 F2400
G92 E0
G1 X75.205 Y84.285 F7800
G1 E2 F2400
;TYPE:Solid infill
G1 F1424
G1 X74.285 Y85.205 E2.06258
G1 X74.189 Y84.893 E2.07828
;WIDTH:0.404381
G1 X74.893 Y84.189 E2.1205
G1 X75.75 Y84.285 F7800
;WIDTH:0.45
G1 F1424
G1 X74.285 Y85.75 E2.22015
G1 X74.285 Y86.296 E2.24641
G1 X76.296 Y84.285 E2.3832
G1 X76.841 Y84.285 E2.40941
G1 X74.285 Y86.841 E2.58327
G1 X74.285 Y87.387 E2.60953
G1 X77.387 Y84.285 E2.82052
G1 X77.932 Y84.285 E2.84673
G1 X74.285 Y87.932 E3.09479
G1 X74.246 Y88.284 E3.11182
;WIDTH:0.404381
G1 X74.175 Y88.265 E3.11494
G1 X74.194 Y88.336 E3.11806
G1 X74.235 Y88.325 E3.11986
;WIDTH:0.45
G1 X74.548 Y88.215 E3.13582
G1 X78.215 Y84.548 E3.38524
G1 X78.325 Y84.235 E3.4012
;WIDTH:0.404381
G1 X78.284 Y84.246 E3.403
G1 X78.265 Y84.175 E3.40612
G1 X78.336 Y84.194 E3.40924
G1 X78.215 Y85.093 F7800
;WIDTH:0.45
G1 F1424
G1 X75.093 Y88.215 E3.62159
G1 X75.639 Y88.215 E3.64785
G1 X78.215 Y85.639 E3.82307
G1 X78.215 Y86.184 E3.84928
G1 X76.184 Y88.215 E3.98743
G1 E1.98743 F2400
G92 E0
G1 X78.078 Y86.866 F7800
G1 E2 F2400
G1 F1424
G1 X76.729 Y88.215 E2.09176
G1 X78.215 Y88.215 E2.16323
G1 X78.215 Y86.729 E2.2347
G1 X77.838 Y87.764 F7800
;WIDTH:0.548693
G1 F1424
G1 X77.795 Y87.721 E2.23837
G1 X77.737 Y87.737 E2.242
G1 X77.721 Y87.795 E2.24563
G1 X77.764 Y87.838 E2.2493
G1 X77.822 Y87.822 E2.25293
G1 E.25293 F2400
G92 E0
G1 X78.504 Y101.496 F7800
G1 E2 F2400
;TYPE:Perimeter
;WIDTH:0.45
G1 F1424
G1 X78.504 Y103.75 E2.10841
G1 X78.504 Y106.004 E2.21682
G1 X74.813 Y106.004 E2.39434
G1 X73.996 Y105.187 E2.44991
G1 X73.996 Y101.496 E2.62743
G1 X78.444 Y101.496 E2.84136
G1 X78.889 Y101.111 F7800
G1 F1424
G1 X78.889 Y103.75 E2.96829
G1 X78.889 Y106.389 E3.09522
G1 X74.653 Y106.389 E3.29896
G1 X73.611 Y105.347 E3.36984
G1 X73.611 Y101.111 E3.57358
G1 X78.829 Y101.111 E3.82455
G1 X79.275 Y100.725 F7800
;TYPE:External perimeter
G1 F1424
G1 X79.275 Y103.75 E3.97004
G1 X79.275 Y106.775 E4.11553
G1 X74.493 Y106.775 E4.34553
G1 X73.225 Y105.507 E4.43178
G1 X73.225 Y100.725 E4.66178
G1 X79.215 Y100.725 E4.94988
G1 X79.274 Y101.121 F7800
G1 E2.94988 F2400
G92 E0
G1 X74.39 Y101.817 F7800
G1 E2 F2400
;TYPE:Solid infill
;WIDTH:0.543559
G1 F1424
G1 X74.348 Y101.774 E2.00359
G1 X74.29 Y101.79 E2.00719
G1 X74.274 Y101.848 E2.01079
G1 X74.317 Y101.89 E2.01438
G1 X74.375 Y101.875 E2.01796
;WIDTH:0.45
G1 X74.285 Y102.491 E2.0479
G1 X74.991 Y101.785 E2.09592
G1 X75.536 Y101.785 E2.12213
G1 X74.285 Y103.036 E2.20722
G1 X74.285 Y103.581 E2.23343
G1 X76.081 Y101.785 E2.35559
G1 X76.627 Y101.785 E2.38185
G1 X74.285 Y104.127 E2.54115
G1 X74.285 Y104.672 E2.56736
G1 X77.172 Y101.785 E2.76373
G1 X77.717 Y101.785 E2.78994
G1 X74.36 Y105.142 E3.01828
G1 X74.633 Y105.415 E3.03685
G1 X78.215 Y101.833 E3.28049
G1 X78.215 Y102.379 E3.30675
G1 X74.906 Y105.688 E3.53182
G1 X75.424 Y105.715 E3.55677
G1 X78.215 Y102.924 E3.74661
G1 X78.215 Y103.47 E3.77287
G1 X75.97 Y105.715 E3.92557
G1 E1.92557 F2400
G92 E0
G1 X78.078 Y104.151 F7800
G1 E2 F2400
G1 F1424
G1 X76.515 Y105.715 E2.10635
G1 X78.215 Y105.715 E2.18811
G1 X78.215 Y104.015 E2.26987
G1 X77.869 Y104.849 F7800
;WIDTH:0.369392
G1 F1424
G1 X77.869 Y105.369 E2.28965
G1 X77.349 Y105.369 E2.30943
G1 X77.733 Y104.985 E2.33009
G1 E.33009 F2400
G92 E0
G1 X91.496 Y101.496 F7800
G1 E2 F2400
;TYPE:Perimeter
;WIDTH:0.45
G1 F1424
G1 X96.004 Y101.496 E2.21682
G1 X96.004 Y103.75 E2.32523
G1 X96.004 Y105.187 E2.39434
G1 X95.187 Y106.004 E2.44991
G1 X91.496 Y106.004 E2.62743
G1 X91.496 Y101.556 E2.84136
G1 X91.111 Y101.111 F7800
G1 F1424
G1 X96.389 Y101.111 E3.09521
G1 X96.389 Y103.75 E3.22214
G1 X96.389 Y105.347 E3.29895
G1 X95.347 Y106.389 E3.36983
G1 X91.111 Y106.389 E3.57357
G1 X91.111 Y101.171 E3.82454
G1 X90.725 Y100.725 F7800
;TYPE:External perimeter
G1 F1424
G1 X96.775 Y100.725 E4.11552
G1 X96.775 Y103.75 E4.26101
G1 X96.775 Y105.507 E4.34552
G1 X95.507 Y106.775 E4.43177
G1 X90.725 Y106.775 E4.66177
G1 X90.725 Y100.785 E4.94987
G1 X91.121 Y100.726 F7800
G1 X91.89 Y101.817
;TYPE:Solid infill
;WIDTH:0.543559
G1 F1424
G1 X91.848 Y101.774 E4.95346
G1 X91.79 Y101.79 E4.95706
G1 X91.774 Y101.848 E4.96066
G1 X91.817 Y101.89 E4.96425
G1 X91.875 Y101.875 E4.96783
;WIDTH:0.45
G1 X91.785 Y102.491 E4.99777
G1 X92.491 Y101.785 E5.04579
G1 X93.036 Y101.785 E5.072
G1 X91.785 Y103.036 E5.15709
G1 X91.785 Y103.581 E5.1833
G1 X93.581 Y101.785 E5.30546
G1 X94.127 Y101.785 E5.33172
G1 X91.785 Y104.127 E5.49102
G1 X91.785 Y104.672 E5.51723
G1 X94.672 Y101.785 E5.7136
G1 X95.217 Y101.785 E5.73981
G1 X91.785 Y105.217 E5.97325
G1 X91.833 Y105.715 E5.99731
G1 X95.715 Y101.833 E6.26136
G1 X95.715 Y102.379 E6.28762
G1 X92.379 Y105.715 E6.51453
G1 X92.924 Y105.715 E6.54074
G1 X95.715 Y102.924 E6.73058
G1 X95.715 Y103.47 E6.75684
G1 X93.47 Y105.715 E6.90954
G1 E4.90954 F2400
G92 E0
G1 X95.578 Y104.151 F7800
G1 E2 F2400
G1 F1424
G1 X94.015 Y105.715 E2.10635
G1 X95.068 Y105.715 E2.157
G1 X95.606 Y105.177 E2.19359
G1 X95.715 Y105.068 E2.201
G1 X95.715 Y104.015 E2.25165
G1 X95.342 Y104.913 F7800
;WIDTH:0.423105
G1 F1424
G1 X94.913 Y105.342 E2.27879
;LAYER_CHANGE
;Z:4.55
;HEIGHT:0.3
G1 E.27879 F2400
G92 E0
G1 Z4.55 F7800
G1 X91.496 Y88.504
G1 E2 F2400
;TYPE:Perimeter
;WIDTH:0.45
G1 F1421
G1 X91.496 Y83.996 E2.21682
G1 X95.187 Y83.996 E2.39434
G1 X96.004 Y84.813 E2.44991
G1 X96.004 Y85.39 E2.47766
G1 X96.004 Y88.504 E2.62743
G1 X91.556 Y88.504 E2.84136
G1 X91.111 Y88.889 F7800
G1 F1421
G1 X91.111 Y83.611 E3.09521
G1 X95.347 Y83.611 E3.29895
G1 X96.389 Y84.653 E3.36983
G1 X96.389 Y85.39 E3.40528
G1 X96.389 Y88.889 E3.57357
G1 X91.171 Y88.889 E3.82454
G1 X90.725 Y89.275 F7800
;TYPE:External perimeter
G1 F1421
G1 X90.725 Y83.225 E4.11552
G1 X95.507 Y83.225 E4.34552
G1 X96.775 Y84.493 E4.43177
G1 X96.775 Y85.39 E4.47491
G1 X96.775 Y89.275 E4.66177
G1 X90.785 Y89.275 E4.94987
G1 X90.726 Y88.879 F7800
G1 X91.817 Y88.11
;TYPE:Solid infill
;WIDTH:0.543559
G1 F1421
G1 X91.774 Y88.152 E4.95346
G1 X91.79 Y88.21 E4.95706
G1 X91.848 Y88.226 E4.96066
G1 X91.89 Y88.183 E4.96425
G1 X91.875 Y88.125 E4.96783
;WIDTH:0.45
G1 X91.785 Y87.509 E4.99777
G1 X92.491 Y88.215 E5.04579
G1 X93.036 Y88.215 E5.072
G1 X91.785 Y86.964 E5.15709
G1 X91.785 Y86.419 E5.1833
G1 X93.581 Y88.215 E5.30546
G1 X94.127 Y88.215 E5.33172
G1 X91.785 Y85.873 E5.49102
G1 X91.785 Y85.328 E5.51723
G1 X94.672 Y88.215 E5.7136
G1 X95.217 Y88.215 E5.73981
G1 X91.785 Y84.783 E5.97325
G1 X91.833 Y84.285 E5.99731
G1 X95.715 Y88.167 E6.26136
G1 X95.715 Y87.621 E6.28762
G1 X92.379 Y84.285 E6.51453
G1 X92.924 Y84.285 E6.54074
G1 X95.715 Y87.076 E6.73058
G1 X95.909 Y86.648 E6.75318
;WIDTH:0.404381
G1 X95.92 Y86.69 E6.75502
G1 X95.849 Y86.709 E6.75814
G1 X95.868 Y86.637 E6.7613
;WIDTH:0.45
G1 X95.715 Y86.53 E6.77028
G1 X93.47 Y84.285 E6.92298
G1 X95.068 Y84.285 E6.99984
G1 X95.715 Y84.932 E7.04385
G1 X95.715 Y85.985 E7.0945
G1 X94.151 Y84.422 E7.20085
G1 X94.913 Y84.658 F7800
;WIDTH:0.423105
G1 F1421
G1 X95.342 Y85.087 E7.22799
G1 E5.22799 F2400
G92 E0
G1 X78.504 Y88.504 F7800
G1 E2 F2400
;TYPE:Perimeter
;WIDTH:0.45
G1 F1421
G1 X73.996 Y88.504 E2.21682
G1 X73.996 Y84.813 E2.39434
G1 X74.813 Y83.996 E2.44991
G1 X78.504 Y83.996 E2.62743
G1 X78.504 Y86.25 E2.73584
G1 X78.504 Y88.444 E2.84136
G1 X78.889 Y88.889 F7800
G1 F1421
G1 X73.611 Y88.889 E3.09521
G1 X73.611 Y84.653 E3.29895
G1 X74.653 Y83.611 E3.36983
G1 X78.889 Y83.611 E3.57357
G1 X78.889 Y86.25 E3.7005
G1 X78.889 Y88.829 E3.82454
G1 X79.275 Y89.275 F7800
;TYPE:External perimeter
G1 F1421
G1 X73.225 Y89.275 E4.11552
G1 X73.225 Y84.493 E4.34552
G1 X74.493 Y83.225 E4.43177
G1 X79.275 Y83.225 E4.66177
G1 X79.275 Y86.25 E4.80726
G1 X79.275 Y89.215 E4.94987
G1 X78.879 Y89.274 F7800
G1 E2.94987 F2400
G92 E0
G1 X74.317 Y88.11 F7800
G1 E2 F2400
;TYPE:Solid infill
;WIDTH:0.543559
G1 F1421
G1 X74.274 Y88.152 E2.00359
G1 X74.29 Y88.21 E2.00719
G1 X74.348 Y88.226 E2.01079
G1 X74.39 Y88.183 E2.01438
G1 X74.375 Y88.125 E2.01796
;WIDTH:0.45
G1 X74.285 Y87.509 E2.0479
G1 X74.991 Y88.215 E2.09592
G1 X75.536 Y88.215 E2.12213
G1 X74.285 Y86.964 E2.20722
G1 X74.285 Y86.419 E2.23343
G1 X76.081 Y88.215 E2.35559
G1 X76.627 Y88.215 E2.38185
G1 X74.285 Y85.873 E2.54115
G1 X74.285 Y85.328 E2.56736
G1 X77.172 Y88.215 E2.76373
G1 X77.717 Y88.215 E2.78994
G1 X74.36 Y84.858 E3.01828
G1 X74.633 Y84.585 E3.03685
G1 X78.215 Y88.167 E3.28049
G1 X78.215 Y87.621 E3.30675
G1 X74.906 Y84.312 E3.53182
G1 X75.424 Y84.285 E3.55677
G1 X78.215 Y87.076 E3.74661
G1 X78.215 Y86.53 E3.77287
G1 X75.97 Y84.285 E3.92557
G1 X78.215 Y84.285 E4.03355
G1 X78.215 Y85.985 E4.11531
G1 X76.651 Y84.422 E4.22166
G1 X77.349 Y84.631 E4.2567
;WIDTH:0.369393
G1 X77.869 Y84.631 E4.27648
G1 X77.869 Y85.151 E4.29626
G1 X77.485 Y84.767 E4.31692
G1 E2.31692 F2400
G92 E0
G1 X78.504 Y101.496 F7800
G1 E2 F2400
;TYPE:Perimeter
;WIDTH:0.45
G1 F1421
G1 X78.504 Y103.75 E2.10841
G1 X78.504 Y106.004 E2.21682
G1 X74.813 Y106.004 E2.39434
G1 X73.996 Y105.187 E2.44991
G1 X73.996 Y101.496 E2.62743
G1 X78.444 Y101.496 E2.84136
G1 X78.889 Y101.111 F7800
G1 F1421
G1 X78.889 Y103.75 E2.96829
G1 X78.889 Y106.389 E3.09522
G1 X74.653 Y106.389 E3.29896
G1 X73.611 Y105.347 E3.36984
G1 X73.611 Y101.111 E3.57358
G1 X78.829 Y101.111 E3.82455
G1 X79.275 Y100.725 F7800
;TYPE:External perimeter
G1 F1421
G1 X79.275 Y103.75 E3.97004
G1 X79.275 Y106.775 E4.11553
G1 X74.493 Y106.775 E4.34553
G1 X73.225 Y105.507 E4.43178
G1 X73.225 Y100.725 E4.66178
G1 X79.215 Y100.725 E4.94988
G1 X79.274 Y101.121 F7800
G1 E2.94988 F2400
G92 E0
G1 X74.285 Y104.795 F7800
G1 E2 F2400
;TYPE:Solid infill
G1 F1421
G1 X75.205 Y105.715 E2.06258
G1 X74.893 Y105.811 E2.07828
;WIDTH:0.404381
G1 X74.189 Y105.107 E2.1205
G1 X74.285 Y104.25 F7800
;WIDTH:0.45
G1 F1421
G1 X75.75 Y105.715 E2.22015
G1 X76.296 Y105.715 E2.24641
G1 X74.285 Y103.704 E2.3832
G1 X74.285 Y103.159 E2.40941
G1 X76.841 Y105.715 E2.58327
G1 X77.387 Y105.715 E2.60953
G1 X74.285 Y102.613 E2.82052
G1 X74.285 Y102.068 E2.84673
G1 X77.932 Y105.715 E3.09479
G1 X78.284 Y105.754 E3.11182
;WIDTH:0.404381
G1 X78.265 Y105.825 E3.11494
G1 X78.336 Y105.806 E3.11806
G1 X78.325 Y105.765 E3.11986
;WIDTH:0.45
G1 X78.215 Y105.452 E3.13582
G1 X74.548 Y101.785 E3.38524
G1 X74.235 Y101.675 E3.4012
;WIDTH:0.404381
G1 X74.246 Y101.716 E3.403
G1 X74.175 Y101.735 E3.40612
G1 X74.194 Y101.664 E3.40924
G1 X75.093 Y101.785 F7800
;WIDTH:0.45
G1 F1421
G1 X78.215 Y104.907 E3.62159
G1 X78.215 Y104.361 E3.64785
G1 X75.639 Y101.785 E3.82307
G1 X76.184 Y101.785 E3.84928
G1 X78.215 Y103.816 E3.98743
G1 E1.98743 F2400
G92 E0
G1 X76.866 Y101.922 F7800
G1 E2 F2400
G1 F1421
G1 X78.215 Y103.271 E2.09176
G1 X78.215 Y101.785 E2.16323
G1 X76.729 Y101.785 E2.2347
G1 X77.764 Y102.162 F7800
;WIDTH:0.548693
G1 F1421
G1 X77.721 Y102.205 E2.23837
G1 X77.737 Y102.263 E2.242
G1 X77.795 Y102.279 E2.24563
G1 X77.838 Y102.236 E2.2493
G1 X77.822 Y102.178 E2.25293
G1 E.25293 F2400
G92 E0
G1 X91.496 Y101.496 F7800
G1 E2 F2400
;TYPE:Perimeter
;WIDTH:0.45
G1 F1421
G1 X96.004 Y101.496 E2.21682
G1 X96.004 Y103.75 E2.32523
G1 X96.004 Y105.187 E2.39434
G1 X95.187 Y106.004 E2.44991
G1 X91.496 Y106.004 E2.62743
G1 X91.496 Y101.556 E2.84136
G1 X91.111 Y101.111 F7800
G1 F1421
G1 X96.389 Y101.111 E3.09521
G1 X96.389 Y103.75 E3.22214
G1 X96.389 Y105.347 E3.29895
G1 X95.347 Y106.389 E3.36983
G1 X91.111 Y106.389 E3.57357
G1 X91.111 Y101.171 E3.82454
G1 X90.725 Y100.725 F7800
;TYPE:External perimeter
G1 F1421
G1 X96.775 Y100.725 E4.11552
G1 X96.775 Y103.75 E4.26101
G1 X96.775 Y105.507 E4.34552
G1 X95.507 Y106.775 E4.43177
G1 X90.725 Y106.775 E4.66177
G1 X90.725 Y100.785 E4.94987
G1 X91.121 Y100.726 F7800
G1 E2.94987 F2400
G92 E0
G1 X91.817 Y105.61 F7800
G1 E2 F2400
;TYPE:Solid infill
;WIDTH:0.543559
G1 F1421
G1 X91.774 Y105.652 E2.00359
G1 X91.79 Y105.71 E2.00719
G1 X91.848 Y105.726 E2.01079
G1 X91.89 Y105.683 E2.01438
G1 X91.875 Y105.625 E2.01796
;WIDTH:0.45
G1 X92.491 Y105.715 E2.0479
G1 X91.785 Y105.009 E2.09592
G1 X91.785 Y104.464 E2.12213
G1 X93.036 Y105.715 E2.20722
G1 X93.581 Y105.715 E2.23343
G1 X91.785 Y103.919 E2.35559
G1 X91.785 Y103.373 E2.38185
G1 X94.127 Y105.715 E2.54115
G1 X94.672 Y105.715 E2.56736
G1 X91.785 Y102.828 E2.76373
G1 X91.785 Y102.283 E2.78994
G1 X95.142 Y105.64 E3.01828
G1 X95.415 Y105.367 E3.03685
G1 X91.833 Y101.785 E3.28049
G1 X92.379 Y101.785 E3.30675
G1 X95.688 Y105.094 E3.53182
G1 X95.715 Y104.576 E3.55677
G1 X92.924 Y101.785 E3.74661
G1 X93.47 Y101.785 E3.77287
G1 X95.715 Y104.03 E3.92557
G1 E1.92557 F2400
G92 E0
G1 X94.151 Y101.922 F7800
G1 E2 F2400
G1 F1421
G1 X95.715 Y103.485 E2.10635
G1 X95.715 Y101.785 E2.18811
G1 X94.015 Y101.785 E2.26987
G1 X94.849 Y102.131 F7800
;WIDTH:0.369392
G1 F1421
G1 X95.369 Y102.131 E2.28965
G1 X95.369 Y102.651 E2.30943
G1 X94.985 Y102.267 E2.33009
;LAYER_CHANGE
;Z:4.85
;HEIGHT:0.3
G1 E.33009 F2400
G92 E0
G1 Z4.85 F7800
G1 X91.496 Y88.504
G1 E2 F2400
;TYPE:Perimeter
;WIDTH:0.45
G1 F1424
G1 X91.496 Y83.996 E2.21682
G1 X95.187 Y83.996 E2.39434
G1 X96.004 Y84.813 E2.44991
G1 X96.004 Y85.39 E2.47766
G1 X96.004 Y88.504 E2.62743
G1 X91.556 Y88.504 E2.84136
G1 X91.111 Y88.889 F7800
G1 F1424
G1 X91.111 Y83.611 E3.09521
G1 X95.347 Y83.611 E3.29895
G1 X96.389 Y84.653 E3.36983
G1 X96.389 Y85.39 E3.40528
G1 X96.389 Y88.889 E3.57357
G1 X91.171 Y88.889 E3.82454
G1 X90.725 Y89.275 F7800
;TYPE:External perimeter
G1 F1424
G1 X90.725 Y83.225 E4.11552
G1 X95.507 Y83.225 E4.34552
G1 X96.775 Y84.493 E4.43177
G1 X96.775 Y85.39 E4.47491
G1 X96.775 Y89.275 E4.66177
G1 X90.785 Y89.275 E4.94987
G1 X90.726 Y88.879 F7800
G1 E2.94987 F2400
G92 E0
G1 X91.89 Y84.317 F7800
G1 E2 F2400
;TYPE:Solid infill
;WIDTH:0.543559
G1 F1424
G1 X91.848 Y84.274 E2.00359
G1 X91.79 Y84.29 E2.00719
G1 X91.774 Y84.348 E2.01079
G1 X91.817 Y84.39 E2.01438
G1 X91.875 Y84.375 E2.01796
;WIDTH:0.45
G1 X92.491 Y84.285 E2.0479
G1 X91.785 Y84.991 E2.09592
G1 X91.785 Y85.536 E2.12213
G1 X93.036 Y84.285 E2.20722
G1 X93.581 Y84.285 E2.23343
G1 X91.785 Y86.081 E2.35559
G1 X91.785 Y86.627 E2.38185
G1 X94.127 Y84.285 E2.54115
G1 X94.672 Y84.285 E2.56736
G1 X91.785 Y87.172 E2.76373
G1 X91.785 Y87.717 E2.78994
G1 X95.142 Y84.36 E3.01828
G1 X95.415 Y84.633 E3.03685
G1 X91.833 Y88.215 E3.28049
G1 X92.379 Y88.215 E3.30675
G1 X95.688 Y84.906 E3.53182
G1 X95.715 Y85.424 E3.55677
G1 X92.924 Y88.215 E3.74661
G1 X93.47 Y88.215 E3.77287
G1 X95.715 Y85.97 E3.92557
G1 X95.715 Y88.215 E4.03355
G1 X94.015 Y88.215 E4.11531
G1 X95.578 Y86.651 E4.22166
G1 X95.369 Y87.349 E4.2567
;WIDTH:0.369393
G1 X95.369 Y87.869 E4.27648
G1 X94.849 Y87.869 E4.29626
G1 X95.233 Y87.485 E4.31692
G1 E2.31692 F2400
G92 E0
G1 X78.504 Y88.504 F7800
G1 E2 F2400
;TYPE:Perimeter
;WIDTH:0.45
G1 F1424
G1 X73.996 Y88.504 E2.21682
G1 X73.996 Y84.813 E2.39434
G1 X74.813 Y83.996 E2.44991
G1 X78.504 Y83.996 E2.62743
G1 X78.504 Y86.25 E2.73584
G1 X78.504 Y88.444 E2.84136
G1 X78.889 Y88.889 F7800
G1 F1424
G1 X73.611 Y88.889 E3.09521
G1 X73.611 Y84.653 E3.29895
G1 X74.653 Y83.611 E3.36983
G1 X78.889 Y83.611 E3.57357
G1 X78.889 Y86.25 E3.7005
G1 X78.889 Y88.829 E3.82454
G1 X79.275 Y89.275 F7800
;TYPE:External perimeter
G1 F1424
G1 X73.225 Y89.275 E4.11552
G1 X73.225 Y84.493 E4.34552
G1 X74.493 Y83.225 E4.43177
G1 X79.275 Y83.225 E4.66177
G1 X79.275 Y86.25 E4.80726
G1 X79.275 Y89.215 E4.94987
G1 X78.879 Y89.274 F7800
G1 E2.94987 F2400
G92 E0
G1 X75.205 Y84.285 F7800
G1 E2 F2400
;TYPE:Solid infill
G1 F1424
G1 X74.285 Y85.205 E2.06258
G1 X74.189 Y84.893 E2.07828
;WIDTH:0.404381
G1 X74.893 Y84.189 E2.1205
G1 X75.75 Y84.285 F7800
;WIDTH:0.45
G1 F1424
G1 X74.285 Y85.75 E2.22015
G1 X74.285 Y86.296 E2.24641
G1 X76.296 Y84.285 E2.3832
G1 X76.841 Y84.285 E2.40941
G1 X74.285 Y86.841 E2.58327
G1 X74.285 Y87.387 E2.60953
G1 X77.387 Y84.285 E2.82052
G1 X77.932 Y84.285 E2.84673
G1 X74.285 Y87.932 E3.09479
G1 X74.246 Y88.284 E3.11182
;WIDTH:0.404381
G1 X74.175 Y88.265 E3.11494
G1 X74.194 Y88.336 E3.11806
G1 X74.235 Y88.325 E3.11986
;WIDTH:0.45
G1 X74.548 Y88.215 E3.13582
G1 X78.215 Y84.548 E3.38524
G1 X78.325 Y84.235 E3.4012
;WIDTH:0.404381
G1 X78.284 Y84.246 E3.403
G1 X78.265 Y84.175 E3.40612
G1 X78.336 Y84.194 E3.40924
G1 X78.215 Y85.093 F7800
;WIDTH:0.45
G1 F1424
G1 X75.093 Y88.215 E3.62159
G1 X75.639 Y88.215 E3.64785
G1 X78.215 Y85.639 E3.82307
G1 X78.215 Y86.184 E3.84928
G1 X76.184 Y88.215 E3.98743
G1 E1.98743 F2400
G92 E0
G1 X78.078 Y86.866 F7800
G1 E2 F2400
G1 F1424
G1 X76.729 Y88.215 E2.09176
G1 X78.215 Y88.215 E2.16323
G1 X78.215 Y86.729 E2.2347
G1 X77.838 Y87.764 F7800
;WIDTH:0.548693
G1 F1424
G1 X77.795 Y87.721 E2.23837
G1 X77.737 Y87.737 E2.242
G1 X77.721 Y87.795 E2.24563
G1 X77.764 Y87.838 E2.2493
G1 X77.822 Y87.822 E2.25293
G1 E.25293 F2400
G92 E0
G1 X78.504 Y101.496 F7800
G1 E2 F2400
;TYPE:Perimeter
;WIDTH:0.45
G1 F1424
G1 X78.504 Y103.75 E2.10841
G1 X78.504 Y106.004 E2.21682
G1 X74.813 Y106.004 E2.39434
G1 X73.996 Y105.187 E2.44991
G1 X73.996 Y101.496 E2.62743
G1 X78.444 Y101.496 E2.84136
G1 X78.889 Y101.111 F7800
G1 F1424
G1 X78.889 Y103.75 E2.96829
G1 X78.889 Y106.389 E3.09522
G1 X74.653 Y106.389 E3.29896
G1 X73.611 Y105.347 E3.36984
G1 X73.611 Y101.111 E3.57358
G1 X78.829 Y101.111 E3.82455
G1 X79.275 Y100.725 F7800
;TYPE:External perimeter
G1 F1424
G1 X79.275 Y103.75 E3.97004
G1 X79.275 Y106.775 E4.11553
G1 X74.493 Y106.775 E4.34553
G1 X73.225 Y105.507 E4.43178
G1 X73.225 Y100.725 E4.66178
G1 X79.215 Y100.725 E4.94988
G1 X79.274 Y101.121 F7800
G1 E2.94988 F2400
G92 E0
G1 X74.39 Y101.817 F7800
G1 E2 F2400
;TYPE:Solid infill
;WIDTH:0.543559
G1 F1424
G1 X74.348 Y101.774 E2.00359
G1 X74.29 Y101.79 E2.00719
G1 X74.274 Y101.848 E2.01079
G1 X74.317 Y101.89 E2.01438
G1 X74.375 Y101.875 E2.01796
;WIDTH:0.45
G1 X74.285 Y102.491 E2.0479
G1 X74.991 Y101.785 E2.09592
G1 X75.536 Y101.785 E2.12213
G1 X74.285 Y103.036 E2.20722
G1 X74.285 Y103.581 E2.23343
G1 X76.081 Y101.785 E2.35559
G1 X76.627 Y101.785 E2.38185
G1 X74.285 Y104.127 E2.54115
G1 X74.285 Y104.672 E2.56736
G1 X77.172 Y101.785 E2.76373
G1 X77.717 Y101.785 E2.78994
G1 X74.36 Y105.142 E3.01828
G1 X74.633 Y105.415 E3.03685
G1 X78.215 Y101.833 E3.28049
G1 X78.215 Y102.379 E3.30675
G1 X74.906 Y105.688 E3.53182
G1 X75.424 Y105.715 E3.55677
G1 X78.215 Y102.924 E3.74661
G1 X78.215 Y103.47 E3.77287
G1 X75.97 Y105.715 E3.92557
G1 E1.92557 F2400
G92 E0
G1 X78.078 Y104.151 F7800
G1 E2 F2400
G1 F1424
G1 X76.515 Y105.715 E2.10635
G1 X78.215 Y105.715 E2.18811
G1 X78.215 Y104.015 E2.26987
G1 X77.869 Y104.849 F7800
;WIDTH:0.369392
G1 F1424
G1 X77.869 Y105.369 E2.28965
G1 X77.349 Y105.369 E2.30943
G1 X77.733 Y104.985 E2.33009
G1 E.33009 F2400
G92 E0
G1 X91.496 Y101.496 F7800
G1 E2 F2400
;TYPE:Perimeter
;WIDTH:0.45
G1 F1424
G1 X96.004 Y101.496 E2.21682
G1 X96.004 Y103.75 E2.32523
G1 X96.004 Y105.187 E2.39434
G1 X95.187 Y106.004 E2.44991
G1 X91.496 Y106.004 E2.62743
G1 X91.496 Y101.556 E2.84136
G1 X91.111 Y101.111 F7800
G1 F1424
G1 X96.389 Y101.111 E3.09521
G1 X96.389 Y103.75 E3.22214
G1 X96.389 Y105.347 E3.29895
G1 X95.347 Y106.389 E3.36983
G1 X91.111 Y106.389 E3.57357
G1 X91.111 Y101.171 E3.82454
G1 X90.725 Y100.725 F7800
;TYPE:External perimeter
G1 F1424
G1 X96.775 Y100.725 E4.11552
G1 X96.775 Y103.75 E4.26101
G1 X96.775 Y105.507 E4.34552
G1 X95.507 Y106.775 E4.43177
G1 X90.725 Y106.775 E4.66177
G1 X90.725 Y100.785 E4.94987
G1 X91.121 Y100.726 F7800
G1 X91.89 Y101.817
;TYPE:Solid infill
;WIDTH:0.543559
G1 F1424
G1 X91.848 Y101.774 E4.95346
G1 X91.79 Y101.79 E4.95706
G1 X91.774 Y101.848 E4.96066
G1 X91.817 Y101.89 E4.96425
G1 X91.875 Y101.875 E4.96783
;WIDTH:0.45
G1 X91.785 Y102.491 E4.99777
G1 X92.491 Y101.785 E5.04579
G1 X93.036 Y101.785 E5.072
G1 X91.785 Y103.036 E5.15709
G1 X91.785 Y103.581 E5.1833
G1 X93.581 Y101.785 E5.30546
G1 X94.127 Y101.785 E5.33172
G1 X91.785 Y104.127 E5.49102
G1 X91.785 Y104.672 E5.51723
G1 X94.672 Y101.785 E5.7136
G1 X95.217 Y101.785 E5.73981
G1 X91.785 Y105.217 E5.97325
G1 X91.833 Y105.715 E5.99731
G1 X95.715 Y101.833 E6.26136
G1 X95.715 Y102.379 E6.28762
G1 X92.379 Y105.715 E6.51453
G1 X92.924 Y105.715 E6.54074
G1 X95.715 Y102.924 E6.73058
G1 X95.715 Y103.47 E6.75684
G1 X93.47 Y105.715 E6.90954
G1 E4.90954 F2400
G92 E0
G1 X95.578 Y104.151 F7800
G1 E2 F2400
G1 F1424
G1 X94.015 Y105.715 E2.10635
G1 X95.068 Y105.715 E2.157
G1 X95.606 Y105.177 E2.19359
G1 X95.715 Y105.068 E2.201
G1 X95.715 Y104.015 E2.25165
G1 X95.342 Y104.913 F7800
;WIDTH:0.423105
G1 F1424
G1 X94.913 Y105.342 E2.27879
;LAYER_CHANGE
;Z:5.15
;HEIGHT:0.3
G1 E.27879 F2400
G92 E0
G1 Z5.15 F7800
G1 X91.496 Y88.504
G1 E2 F2400
;TYPE:Perimeter
;WIDTH:0.45
G1 F1421
G1 X91.496 Y83.996 E2.21682
G1 X95.187 Y83.996 E2.39434
G1 X96.004 Y84.813 E2.44991
G1 X96.004 Y85.39 E2.47766
G1 X96.004 Y88.504 E2.62743
G1 X91.556 Y88.504 E2.84136
G1 X91.111 Y88.889 F7800
G1 F1421
G1 X91.111 Y83.611 E3.09521
G1 X95.347 Y83.611 E3.29895
G1 X96.389 Y84.653 E3.36983
G1 X96.389 Y85.39 E3.40528
G1 X96.389 Y88.889 E3.57357
G1 X91.171 Y88.889 E3.82454
G1 X90.725 Y89.275 F7800
;TYPE:External perimeter
G1 F1421
G1 X90.725 Y83.225 E4.11552
G1 X95.507 Y83.225 E4.34552
G1 X96.775 Y84.493 E4.43177
G1 X96.775 Y85.39 E4.47491
G1 X96.775 Y89.275 E4.66177
G1 X90.785 Y89.275 E4.94987
G1 X90.726 Y88.879 F7800
G1 X91.817 Y88.11
;TYPE:Solid infill
;WIDTH:0.543559
G1 F1421
G1 X91.774 Y88.152 E4.95346
G1 X91.79 Y88.21 E4.95706
G1 X91.848 Y88.226 E4.96066
G1 X91.89 Y88.183 E4.96425
G1 X91.875 Y88.125 E4.96783
;WIDTH:0.45
G1 X91.785 Y87.509 E4.99777
G1 X92.491 Y88.215 E5.04579
G1 X93.036 Y88.215 E5.072
G1 X91.785 Y86.964 E5.15709
G1 X91.785 Y86.419 E5.1833
G1 X93.581 Y88.215 E5.30546
G1 X94.127 Y88.215 E5.33172
G1 X91.785 Y85.873 E5.49102
G1 X91.785 Y85.328 E5.51723
G1 X94.672 Y88.215 E5.7136
G1 X95.217 Y88.215 E5.73981
G1 X91.785 Y84.783 E5.97325
G1 X91.833 Y84.285 E5.99731
G1 X95.715 Y88.167 E6.26136
G1 X95.715 Y87.621 E6.28762
G1 X92.379 Y84.285 E6.51453
G1 X92.924 Y84.285 E6.54074
G1 X95.715 Y87.076 E6.73058
G1 X95.909 Y86.648 E6.75318
;WIDTH:0.404381
G1 X95.92 Y86.69 E6.75502
G1 X95.849 Y86.709 E6.75814
G1 X95.868 Y86.637 E6.7613
;WIDTH:0.45
G1 X95.715 Y86.53 E6.77028
G1 X93.47 Y84.285 E6.92298
G1 X95.068 Y84.285 E6.99984
G1 X95.715 Y84.932 E7.04385
G1 X95.715 Y85.985 E7.0945
G1 X94.151 Y84.422 E7.20085
G1 X94.913 Y84.658 F7800
;WIDTH:0.423105
G1 F1421
G1 X95.342 Y85.087 E7.22799
G1 E5.22799 F2400
G92 E0
G1 X78.504 Y88.504 F7800
G1 E2 F2400
;TYPE:Perimeter
;WIDTH:0.45
G1 F1421
G1 X73.996 Y88.504 E2.21682
G1 X73.996 Y84.813 E2.39434
G1 X74.813 Y83.996 E2.44991
G1 X78.504 Y83.996 E2.62743
G1 X78.504 Y86.25 E2.73584
G1 X78.504 Y88.444 E2.84136
G1 X78.889 Y88.889 F7800
G1 F1421
G1 X73.611 Y88.889 E3.09521
G1 X73.611 Y84.653 E3.29895
G1 X74.653 Y83.611 E3.36983
G1 X78.889 Y83.611 E3.57357
G1 X78.889 Y86.25 E3.7005
G1 X78.889 Y88.829 E3.82454
G1 X79.275 Y89.275 F7800
;TYPE:External perimeter
G1 F1421
G1 X73.225 Y89.275 E4.11552
G1 X73.225 Y84.493 E4.34552
G1 X74.493 Y83.225 E4.43177
G1 X79.275 Y83.225 E4.66177
G1 X79.275 Y86.25 E4.80726
G1 X79.275 Y89.215 E4.94987
G1 X78.879 Y89.274 F7800
G1 E2.94987 F2400
G92 E0
G1 X74.317 Y88.11 F7800
G1 E2 F2400
;TYPE:Solid infill
;WIDTH:0.543559
G1 F1421
G1 X74.274 Y88.152 E2.00359
G1 X74.29 Y88.21 E2.00719
G1 X74.348 Y88.226 E2.01079
G1 X74.39 Y88.183 E2.01438
G1 X74.375 Y88.125 E2.01796
;WIDTH:0.45
G1 X74.285 Y87.509 E2.0479
G1 X74.991 Y88.215 E2.09592
G1 X75.536 Y88.215 E2.12213
G1 X74.285 Y86.964 E2.20722
G1 X74.285 Y86.419 E2.23343
G1 X76.081 Y88.215 E2.35559
G1 X76.627 Y88.215 E2.38185
G1 X74.285 Y85.873 E2.54115
G1 X74.285 Y85.328 E2.56736
G1 X77.172 Y88.215 E2.76373
G1 X77.717 Y88.215 E2.78994
G1 X74.36 Y84.858 E3.01828
G1 X74.633 Y84.585 E3.03685
G1 X78.215 Y88.167 E3.28049
G1 X78.215 Y87.621 E3.30675
G1 X74.906 Y84.312 E3.53182
G1 X75.424 Y84.285 E3.55677
G1 X78.215 Y87.076 E3.74661
G1 X78.215 Y86.53 E3.77287
G1 X75.97 Y84.285 E3.92557
G1 X78.215 Y84.285 E4.03355
G1 X78.215 Y85.985 E4.11531
G1 X76.651 Y84.422 E4.22166
G1 X77.349 Y84.631 E4.2567
;WIDTH:0.369393
G1 X77.869 Y84.631 E4.27648
G1 X77.869 Y85.151 E4.29626
G1 X77.485 Y84.767 E4.31692
G1 E2.31692 F2400
G92 E0
G1 X78.504 Y101.496 F7800
G1 E2 F2400
;TYPE:Perimeter
;WIDTH:0.45
G1 F1421
G1 X78.504 Y103.75 E2.10841
G1 X78.504 Y106.004 E2.21682
G1 X74.813 Y106.004 E2.39434
G1 X73.996 Y105.187 E2.44991
G1 X73.996 Y101.496 E2.62743
G1 X78.444 Y101.496 E2.84136
G1 X78.889 Y101.111 F7800
G1 F1421
G1 X78.889 Y103.75 E2.96829
G1 X78.889 Y106.389 E3.09522
G1 X74.653 Y106.389 E3.29896
G1 X73.611 Y105.347 E3.36984
G1 X73.611 Y101.111 E3.57358
G1 X78.829 Y101.111 E3.82455
G1 X79.275 Y100.725 F7800
;TYPE:External perimeter
G1 F1421
G1 X79.275 Y103.75 E3.97004
G1 X79.275 Y106.775 E4.11553
G1 X74.493 Y106.775 E4.34553
G1 X73.225 Y105.507 E4.43178
G1 X73.225 Y100.725 E4.66178
G1 X79.215 Y100.725 E4.94988
G1 X79.274 Y101.121 F7800
G1 E2.94988 F2400
G92 E0
G1 X74.285 Y104.795 F7800
G1 E2 F2400
;TYPE:Solid infill
G1 F1421
G1 X75.205 Y105.715 E2.06258
G1 X74.893 Y105.811 E2.07828
;WIDTH:0.404381
G1 X74.189 Y105.107 E2.1205
G1 X74.285 Y104.25 F7800
;WIDTH:0.45
G1 F1421
G1 X75.75 Y105.715 E2.22015
G1 X76.296 Y105.715 E2.24641
G1 X74.285 Y103.704 E2.3832
G1 X74.285 Y103.159 E2.40941
G1 X76.841 Y105.715 E2.58327
G1 X77.387 Y105.715 E2.60953
G1 X74.285 Y102.613 E2.82052
G1 X74.285 Y102.068 E2.84673
G1 X77.932 Y105.715 E3.09479
G1 X78.284 Y105.754 E3.11182
;WIDTH:0.404381
G1 X78.265 Y105.825 E3.11494
G1 X78.336 Y105.806 E3.11806
G1 X78.325 Y105.765 E3.11986
;WIDTH:0.45
G1 X78.215 Y105.452 E3.13582
G1 X74.548 Y101.785 E3.38524
G1 X74.235 Y101.675 E3.4012
;WIDTH:0.404381
G1 X74.246 Y101.716 E3.403
G1 X74.175 Y101.735 E3.40612
G1 X74.194 Y101.664 E3.40924
G1 X75.093 Y101.785 F7800
;WIDTH:0.45
G1 F1421
G1 X78.215 Y104.907 E3.62159
G1 X78.215 Y104.361 E3.64785
G1 X75.639 Y101.785 E3.82307
G1 X76.184 Y101.785 E3.84928
G1 X78.215 Y103.816 E3.98743
G1 E1.98743 F2400
G92 E0
G1 X76.866 Y101.922 F7800
G1 E2 F2400
G1 F1421
G1 X78.215 Y103.271 E2.09176
G1 X78.215 Y101.785 E2.16323
G1 X76.729 Y101.785 E2.2347
G1 X77.764 Y102.162 F7800
;WIDTH:0.548693
G1 F1421
G1 X77.721 Y102.205 E2.23837
G1 X77.737 Y102.263 E2.242
G1 X77.795 Y102.279 E2.24563
G1 X77.838 Y102.236 E2.2493
G1 X77.822 Y102.178 E2.25293
G1 E.25293 F2400
G92 E0
G1 X91.496 Y101.496 F7800
G1 E2 F2400
;TYPE:Perimeter
;WIDTH:0.45
G1 F1421
G1 X96.004 Y101.496 E2.21682
G1 X96.004 Y103.75 E2.32523
G1 X96.004 Y105.187 E2.39434
G1 X95.187 Y106.004 E2.44991
G1 X91.496 Y106.004 E2.62743
G1 X91.496 Y101.556 E2.84136
G1 X91.111 Y101.111 F7800
G1 F1421
G1 X96.389 Y101.111 E3.09521
G1 X96.389 Y103.75 E3.22214
G1 X96.389 Y105.347 E3.29895
G1 X95.347 Y106.389 E3.36983
G1 X91.111 Y106.389 E3.57357
G1 X91.111 Y101.171 E3.82454
G1 X90.725 Y100.725 F7800
;TYPE:External perimeter
G1 F1421
G1 X96.775 Y100.725 E4.11552
G1 X96.775 Y103.75 E4.26101
G1 X96.775 Y105.507 E4.34552
G1 X95.507 Y106.775 E4.43177
G1 X90.725 Y106.775 E4.66177
G1 X90.725 Y100.785 E4.94987
G1 X91.121 Y100.726 F7800
G1 E2.94987 F2400
G92 E0
G1 X91.817 Y105.61 F7800
G1 E2 F2400
;TYPE:Solid infill
;WIDTH:0.543559
G1 F1421
G1 X91.774 Y105.652 E2.00359
G1 X91.79 Y105.71 E2.00719
G1 X91.848 Y105.726 E2.01079
G1 X91.89 Y105.683 E2.01438
G1 X91.875 Y105.625 E2.01796
;WIDTH:0.45
G1 X92.491 Y105.715 E2.0479
G1 X91.785 Y105.009 E2.09592
G1 X91.785 Y104.464 E2.12213
G1 X93.036 Y105.715 E2.20722
G1 X93.581 Y105.715 E2.23343
G1 X91.785 Y103.919 E2.35559
G1 X91.785 Y103.373 E2.38185
G1 X94.127 Y105.715 E2.54115
G1 X94.672 Y105.715 E2.56736
G1 X91.785 Y102.828 E2.76373
G1 X91.785 Y102.283 E2.78994
G1 X95.142 Y105.64 E3.01828
G1 X95.415 Y105.367 E3.03685
G1 X91.833 Y101.785 E3.28049
G1 X92.379 Y101.785 E3.30675
G1 X95.688 Y105.094 E3.53182
G1 X95.715 Y104.576 E3.55677
G1 X92.924 Y101.785 E3.74661
G1 X93.47 Y101.785 E3.77287
G1 X95.715 Y104.03 E3.92557
G1 E1.92557 F2400
G92 E0
G1 X94.151 Y101.922 F7800
G1 E2 F2400
G1 F1421
G1 X95.715 Y103.485 E2.10635
G1 X95.715 Y101.785 E2.18811
G1 X94.015 Y101.785 E2.26987
G1 X94.849 Y102.131 F7800
;WIDTH:0.369392
G1 F1421
G1 X95.369 Y102.131 E2.28965
G1 X95.369 Y102.651 E2.30943
G1 X94.985 Y102.267 E2.33009
;LAYER_CHANGE
;Z:5.45
;HEIGHT:0.3
G1 E.33009 F2400
G92 E0
G1 Z5.45 F7800
G1 X91.496 Y88.504
G1 E2 F2400
;TYPE:Perimeter
;WIDTH:0.45
G1 F1470
G1 X91.496 Y83.996 E2.21682
G1 X95.187 Y83.996 E2.39434
G1 X96.004 Y84.813 E2.44991
G1 X96.004 Y85.39 E2.47766
G1 X96.004 Y88.504 E2.62743
G1 X91.556 Y88.504 E2.84136
G1 X91.111 Y88.889 F7800
G1 F1470
G1 X91.111 Y83.611 E3.09521
G1 X95.347 Y83.611 E3.29895
G1 X96.389 Y84.653 E3.36983
G1 X96.389 Y85.39 E3.40528
G1 X96.389 Y88.889 E3.57357
G1 X91.171 Y88.889 E3.82454
G1 X90.725 Y89.275 F7800
;TYPE:External perimeter
G1 F1470
G1 X90.725 Y83.225 E4.11552
G1 X95.507 Y83.225 E4.34552
G1 X96.775 Y84.493 E4.43177
G1 X96.775 Y85.39 E4.47491
G1 X96.775 Y89.275 E4.66177
G1 X90.785 Y89.275 E4.94987
G1 X90.726 Y88.879 F7800
G1 E2.94987 F2400
G92 E0
G1 X95.205 Y88.391 F7800
G1 E2 F2400
;TYPE:Top solid infill
;WIDTH:0.40338
G1 F1470
G1 X95.74 Y87.856 E2.03199
G1 X95.74 Y87.377 E2.05224
G1 X94.877 Y88.24 E2.10384
G1 X94.397 Y88.24 E2.12414
G1 X95.74 Y86.897 E2.20445
G1 X95.74 Y86.418 E2.2247
G1 X93.918 Y88.24 E2.33365
G1 X93.438 Y88.24 E2.35395
G1 X95.74 Y85.938 E2.4916
G1 X95.74 Y85.459 E2.51185
G1 X92.959 Y88.24 E2.67814
G1 X92.479 Y88.24 E2.69844
G1 X95.74 Y84.979 E2.89343
G1 X95.74 Y84.922 E2.89584
G1 X95.529 Y84.711 E2.90846
G1 X92 Y88.24 E3.11948
G1 X91.76 Y88.24 E3.12963
G1 X91.76 Y88 E3.13978
G1 X95.289 Y84.471 E3.3508
G1 X95.078 Y84.26 E3.36342
G1 X95.02 Y84.26 E3.36587
G1 X91.76 Y87.52 E3.5608
G1 X91.76 Y87.041 E3.58105
G1 X94.541 Y84.26 E3.74734
G1 X94.062 Y84.26 E3.76759
G1 X91.76 Y86.562 E3.90524
G1 X91.76 Y86.082 E3.92554
G1 X93.582 Y84.26 E4.03449
G1 X93.103 Y84.26 E4.05474
G1 X91.76 Y85.603 E4.13505
G1 X91.76 Y85.123 E4.15535
G1 X92.623 Y84.26 E4.20695
G1 X92.144 Y84.26 E4.2272
G1 X91.609 Y84.795 E4.25919
G1 E2.25919 F2400
G92 E0
G1 X78.504 Y88.504 F7800
G1 E2 F2400
;TYPE:Perimeter
;WIDTH:0.45
G1 F1470
G1 X73.996 Y88.504 E2.21682
G1 X73.996 Y84.813 E2.39434
G1 X74.813 Y83.996 E2.44991
G1 X78.504 Y83.996 E2.62743
G1 X78.504 Y86.25 E2.73584
G1 X78.504 Y88.444 E2.84136
G1 X78.889 Y88.889 F7800
G1 F1470
G1 X73.611 Y88.889 E3.09521
G1 X73.611 Y84.653 E3.29895
G1 X74.653 Y83.611 E3.36983
G1 X78.889 Y83.611 E3.57357
G1 X78.889 Y86.25 E3.7005
G1 X78.889 Y88.829 E3.82454
G1 X79.275 Y89.275 F7800
;TYPE:External perimeter
G1 F1470
G1 X73.225 Y89.275 E4.11552
G1 X73.225 Y84.493 E4.34552
G1 X74.493 Y83.225 E4.43177
G1 X79.275 Y83.225 E4.66177
G1 X79.275 Y86.25 E4.80726
G1 X79.275 Y89.215 E4.94987
G1 X78.879 Y89.274 F7800
G1 X78.391 Y87.686
;TYPE:Top solid infill
;WIDTH:0.412169
G1 F1470
G1 X77.837 Y88.24 E4.98386
G1 X77.346 Y88.24 E5.00516
G1 X78.24 Y87.346 E5.06
G1 X78.24 Y86.854 E5.08134
G1 X76.854 Y88.24 E5.16637
G1 X76.362 Y88.24 E5.18771
G1 X78.24 Y86.362 E5.30292
G1 X78.24 Y85.87 E5.32426
G1 X75.87 Y88.24 E5.46965
G1 X75.378 Y88.24 E5.49099
G1 X78.24 Y85.378 E5.66656
G1 X78.24 Y84.886 E5.6879
G1 X74.886 Y88.24 E5.89365
G1 X74.394 Y88.24 E5.91499
G1 X78.24 Y84.394 E6.15093
G1 X78.24 Y84.26 E6.15674
G1 X77.882 Y84.26 E6.17227
G1 X74.26 Y87.882 E6.39446
G1 X74.26 Y87.39 E6.4158
G1 X77.39 Y84.26 E6.60781
G1 X76.898 Y84.26 E6.62915
G1 X74.26 Y86.898 E6.79098
G1 X74.26 Y86.406 E6.81232
G1 X76.406 Y84.26 E6.94397
G1 X75.914 Y84.26 E6.96531
G1 X74.26 Y85.914 E7.06678
G1 X74.26 Y85.422 E7.08812
G1 X75.422 Y84.26 E7.1594
G1 X74.931 Y84.26 E7.1807
G1 X74.109 Y85.082 E7.23113
G1 E5.23113 F2400
G92 E0
G1 X78.504 Y101.496 F7800
G1 E2 F2400
;TYPE:Perimeter
;WIDTH:0.45
G1 F1470
G1 X78.504 Y103.75 E2.10841
G1 X78.504 Y106.004 E2.21682
G1 X74.813 Y106.004 E2.39434
G1 X73.996 Y105.187 E2.44991
G1 X73.996 Y101.496 E2.62743
G1 X78.444 Y101.496 E2.84136
G1 X78.889 Y101.111 F7800
G1 F1470
G1 X78.889 Y103.75 E2.96829
G1 X78.889 Y106.389 E3.09522
G1 X74.653 Y106.389 E3.29896
G1 X73.611 Y105.347 E3.36984
G1 X73.611 Y101.111 E3.57358
G1 X78.829 Y101.111 E3.82455
G1 X79.275 Y100.725 F7800
;TYPE:External perimeter
G1 F1470
G1 X79.275 Y103.75 E3.97004
G1 X79.275 Y106.775 E4.11553
G1 X74.493 Y106.775 E4.34553
G1 X73.225 Y105.507 E4.43178
G1 X73.225 Y100.725 E4.66178
G1 X79.215 Y100.725 E4.94988
G1 X79.274 Y101.121 F7800
G1 E2.94988 F2400
G92 E0
G1 X78.391 Y105.205 F7800
G1 E2 F2400
;TYPE:Top solid infill
;WIDTH:0.40338
G1 F1470
G1 X77.856 Y105.74 E2.03199
G1 X77.377 Y105.74 E2.05224
G1 X78.24 Y104.877 E2.10384
G1 X78.24 Y104.397 E2.12414
G1 X76.897 Y105.74 E2.20445
G1 X76.418 Y105.74 E2.2247
G1 X78.24 Y103.918 E2.33365
G1 X78.24 Y103.438 E2.35395
G1 X75.938 Y105.74 E2.4916
G1 X75.459 Y105.74 E2.51185
G1 X78.24 Y102.959 E2.67814
G1 X78.24 Y102.479 E2.69844
G1 X74.979 Y105.74 E2.89343
G1 X74.922 Y105.74 E2.89584
G1 X74.711 Y105.529 E2.90846
G1 X78.24 Y102 E3.11948
G1 X78.24 Y101.76 E3.12963
G1 X78 Y101.76 E3.13978
G1 X74.471 Y105.289 E3.3508
G1 X74.26 Y105.078 E3.36342
G1 X74.26 Y105.02 E3.36587
G1 X77.52 Y101.76 E3.5608
G1 X77.041 Y101.76 E3.58105
G1 X74.26 Y104.541 E3.74734
G1 X74.26 Y104.062 E3.76759
G1 X76.562 Y101.76 E3.90524
G1 X76.082 Y101.76 E3.92554
G1 X74.26 Y103.582 E4.03449
G1 X74.26 Y103.103 E4.05474
G1 X75.603 Y101.76 E4.13505
G1 X75.123 Y101.76 E4.15535
G1 X74.26 Y102.623 E4.20695
G1 X74.26 Y102.144 E4.2272
G1 X74.795 Y101.609 E4.25919
G1 E2.25919 F2400
G92 E0
G1 X91.496 Y101.496 F7800
G1 E2 F2400
;TYPE:Perimeter
;WIDTH:0.45
G1 F1470
G1 X96.004 Y101.496 E2.21682
G1 X96.004 Y103.75 E2.32523
G1 X96.004 Y105.187 E2.39434
G1 X95.187 Y106.004 E2.44991
G1 X91.496 Y106.004 E2.62743
G1 X91.496 Y101.556 E2.84136
G1 X91.111 Y101.111 F7800
G1 F1470
G1 X96.389 Y101.111 E3.09521
G1 X96.389 Y103.75 E3.22214
G1 X96.389 Y105.347 E3.29895
G1 X95.347 Y106.389 E3.36983
G1 X91.111 Y106.389 E3.57357
G1 X91.111 Y101.171 E3.82454
G1 X90.725 Y100.725 F7800
;TYPE:External perimeter
G1 F1470
G1 X96.775 Y100.725 E4.11552
G1 X96.775 Y103.75 E4.26101
G1 X96.775 Y105.507 E4.34552
G1 X95.507 Y106.775 E4.43177
G1 X90.725 Y106.775 E4.66177
G1 X90.725 Y100.785 E4.94987
G1 X91.121 Y100.726 F7800
G1 E2.94987 F2400
G92 E0
G1 X95.891 Y104.918 F7800
G1 E2 F2400
;TYPE:Top solid infill
;WIDTH:0.412169
G1 F1470
G1 X95.069 Y105.74 E2.05043
G1 X94.577 Y105.74 E2.07177
G1 X95.74 Y104.577 E2.14312
G1 X95.74 Y104.086 E2.16442
G1 X94.086 Y105.74 E2.26589
G1 X93.594 Y105.74 E2.28723
G1 X95.74 Y103.594 E2.41888
G1 X95.74 Y103.102 E2.44022
G1 X93.102 Y105.74 E2.60205
G1 X92.61 Y105.74 E2.62339
G1 X95.74 Y102.61 E2.8154
G1 X95.74 Y102.118 E2.83674
G1 X92.118 Y105.74 E3.05893
G1 X91.76 Y105.74 E3.07446
G1 X91.76 Y105.605 E3.08032
G1 X95.605 Y101.76 E3.31619
G1 X95.114 Y101.76 E3.33749
G1 X91.76 Y105.114 E3.54324
G1 X91.76 Y104.622 E3.56458
G1 X94.622 Y101.76 E3.74015
G1 X94.13 Y101.76 E3.76149
G1 X91.76 Y104.13 E3.90688
G1 X91.76 Y103.638 E3.92822
G1 X93.638 Y101.76 E4.04343
G1 X93.146 Y101.76 E4.06477
G1 X91.76 Y103.146 E4.1498
G1 X91.76 Y102.654 E4.17114
G1 X92.654 Y101.76 E4.22598
G1 X92.163 Y101.76 E4.24728
G1 X91.609 Y102.314 E4.28127
M106 S229.5
;LAYER_CHANGE
;Z:5.75
;HEIGHT:0.3
G1 E2.28127 F2400
G92 E0
G1 Z5.75 F7800
G1 X76.828 Y87.451
G1 E2 F2400
;TYPE:Perimeter
;WIDTH:0.45
G1 F600
G1 X76.771 Y87.436 E2.00283
G1 X76.595 Y87.28 E2.01414
G1 X76.511 Y87.06 E2.02547
G1 X76.539 Y86.827 E2.03676
G1 X76.66 Y86.646 E2.04723
G1 X76.878 Y86.523 E2.05927
G1 X77.123 Y86.523 E2.07105
G1 X77.326 Y86.63 E2.08209
G1 X77.461 Y86.825 E2.0935
G1 X77.489 Y87.059 E2.10483
G1 X77.406 Y87.28 E2.11618
G1 X77.229 Y87.436 E2.12753
G1 X77 Y87.493 E2.13888
G1 X76.887 Y87.465 E2.14448
G1 X76.692 Y87.811 F7800
G1 F600
G1 X76.497 Y87.728 E2.15467
G1 X76.277 Y87.499 E2.16994
G1 X76.141 Y87.212 E2.18522
G1 X76.128 Y86.895 E2.20048
G1 X76.216 Y86.589 E2.21579
G1 X76.5 Y86.27 E2.23633
G1 X76.786 Y86.148 E2.25128
G1 X77.121 Y86.125 E2.26743
G1 X77.503 Y86.272 E2.28712
G1 X77.722 Y86.5 E2.30233
G1 X77.859 Y86.788 E2.31767
G1 X77.872 Y87.106 E2.33298
G1 X77.821 Y87.311 E2.34314
G1 X77.662 Y87.587 E2.35846
G1 X77.408 Y87.778 E2.37375
G1 X77.107 Y87.878 E2.38901
G1 X76.79 Y87.853 E2.4043
G1 X76.748 Y87.835 E2.4065
G1 X76.557 Y88.168 F7800
;TYPE:External perimeter
G1 F600
G1 X76.277 Y88.048 E2.42115
G1 X75.96 Y87.718 E2.44316
G1 X75.764 Y87.305 E2.46515
G1 X75.745 Y86.848 E2.48715
G1 X75.873 Y86.408 E2.50919
G1 X76.142 Y86.074 E2.52982
G1 X76.416 Y85.879 E2.546
G1 X76.845 Y85.736 E2.56775
G1 X77.307 Y85.774 E2.59005
G1 X77.723 Y85.952 E2.61181
G1 X78.04 Y86.281 E2.63378
G1 X78.236 Y86.695 E2.65581
G1 X78.255 Y87.152 E2.67781
G1 X78.182 Y87.448 E2.69247
G1 X77.953 Y87.844 E2.71447
G1 X77.588 Y88.119 E2.73645
G1 X77.153 Y88.264 E2.7585
G1 X76.698 Y88.227 E2.78046
G1 X76.612 Y88.191 E2.78494
G1 X76.259 Y88.005 F7800
G1 X76.805 Y86.934
;TYPE:Solid infill
;WIDTH:0.438544
G1 F600
G1 X76.916 Y86.813 E2.7926
G1 X77.115 Y86.833 E2.80193
G1 X77.2 Y86.998 E2.81059
G1 X77.152 Y87.13 E2.81714
G1 X77.027 Y87.198 E2.82378
G1 X76.846 Y87.123 E2.83292
G1 E.83292 F2400
G92 E0
G1 X77.468 Y102.884 F7800
G1 E2 F2400
;TYPE:Perimeter
;WIDTH:0.45
G1 F600
G1 X77.489 Y103.059 E2.00848
G1 X77.406 Y103.28 E2.01983
G1 X77.229 Y103.436 E2.03118
G1 X77 Y103.493 E2.04253
G1 X76.771 Y103.436 E2.05388
G1 X76.595 Y103.28 E2.06519
G1 X76.511 Y103.06 E2.07652
G1 X76.539 Y102.826 E2.08785
G1 X76.673 Y102.632 E2.09919
G1 X76.878 Y102.523 E2.11036
G1 X77.123 Y102.523 E2.12214
G1 X77.326 Y102.63 E2.13318
G1 X77.46 Y102.825 E2.14456
G1 X77.859 Y102.788 F7800
G1 F600
G1 X77.872 Y103.106 E2.15987
G1 X77.784 Y103.411 E2.17514
G1 X77.583 Y103.657 E2.19042
G1 X77.314 Y103.827 E2.20573
G1 X77 Y103.878 E2.22103
G1 X76.686 Y103.827 E2.23633
G1 X76.418 Y103.658 E2.25157
G1 X76.216 Y103.411 E2.26692
G1 X76.128 Y103.106 E2.28219
G1 X76.141 Y102.788 E2.2975
G1 X76.277 Y102.501 E2.31278
G1 X76.497 Y102.272 E2.32805
G1 X76.786 Y102.148 E2.34318
G1 X77.121 Y102.125 E2.35933
G1 X77.503 Y102.272 E2.37902
G1 X77.722 Y102.5 E2.39423
G1 X77.833 Y102.734 E2.40669
G1 X78.236 Y102.695 F7800
;TYPE:External perimeter
G1 F600
G1 X78.255 Y103.152 E2.42869
G1 X78.236 Y103.305 E2.43611
G1 X78.04 Y103.718 E2.4581
G1 X77.723 Y104.048 E2.48011
G1 X77.303 Y104.227 E2.50207
G1 X76.847 Y104.264 E2.52407
G1 X76.413 Y104.119 E2.54608
G1 X76.047 Y103.844 E2.5681
G1 X75.818 Y103.448 E2.5901
G1 X75.727 Y103 E2.61209
G1 X75.818 Y102.552 E2.63408
G1 X76.047 Y102.156 E2.65608
G1 X76.411 Y101.881 E2.67802
G1 X76.845 Y101.736 E2.70003
G1 X77.307 Y101.774 E2.72233
G1 X77.723 Y101.952 E2.74409
G1 X78.04 Y102.281 E2.76606
G1 X78.211 Y102.641 E2.78523
G1 X78.247 Y103.039 F7800
G1 X76.806 Y103.06
;TYPE:Solid infill
;WIDTH:0.43839
G1 F600
G1 X76.826 Y102.931 E2.79132
G1 X76.915 Y102.812 E2.79825
G1 X77.115 Y102.833 E2.80763
G1 X77.2 Y102.998 E2.81629
G1 X77.152 Y103.13 E2.82284
G1 X77.027 Y103.198 E2.82948
G1 X76.942 Y103.178 E2.83355
G1 E.83355 F2400
G92 E0
G1 X92.518 Y103.001 F7800
G1 E2 F2400
;TYPE:Perimeter
;WIDTH:0.45
G1 F600
G1 X92.539 Y102.827 E2.00843
G1 X92.66 Y102.646 E2.0189
G1 X92.878 Y102.523 E2.03094
G1 X93.123 Y102.523 E2.04272
G1 X93.326 Y102.63 E2.05376
G1 X93.461 Y102.825 E2.06517
G1 X93.489 Y103.059 E2.0765
G1 X93.406 Y103.28 E2.08785
G1 X93.229 Y103.436 E2.0992
G1 X93 Y103.493 E2.11055
G1 X92.771 Y103.436 E2.1219
G1 X92.595 Y103.28 E2.13321
G1 X92.511 Y103.06 E2.14454
G1 X92.132 Y103 F7800
G1 F600
G1 X92.128 Y102.895 E2.14959
G1 X92.216 Y102.589 E2.1649
G1 X92.5 Y102.27 E2.18544
G1 X92.786 Y102.148 E2.20039
G1 X93.121 Y102.125 E2.21654
G1 X93.503 Y102.272 E2.23623
G1 X93.722 Y102.5 E2.25144
G1 X93.859 Y102.788 E2.26678
G1 X93.872 Y103.106 E2.28209
G1 X93.821 Y103.311 E2.29225
G1 X93.662 Y103.587 E2.30757
G1 X93.408 Y103.778 E2.32286
G1 X93.107 Y103.878 E2.33812
G1 X92.79 Y103.853 E2.35341
G1 X92.497 Y103.728 E2.36873
G1 X92.277 Y103.499 E2.384
G1 X92.141 Y103.212 E2.39928
G1 X92.135 Y103.06 E2.4066
G1 X91.751 Y103 F7800
;TYPE:External perimeter
G1 F600
G1 X91.745 Y102.848 E2.41392
G1 X91.873 Y102.408 E2.43596
G1 X92.142 Y102.074 E2.45659
G1 X92.416 Y101.879 E2.47277
G1 X92.845 Y101.736 E2.49452
G1 X93.307 Y101.774 E2.51682
G1 X93.723 Y101.952 E2.53858
G1 X94.04 Y102.281 E2.56055
G1 X94.236 Y102.695 E2.58258
G1 X94.255 Y103.152 E2.60458
G1 X94.182 Y103.448 E2.61924
G1 X93.953 Y103.844 E2.64124
G1 X93.588 Y104.119 E2.66322
G1 X93.153 Y104.264 E2.68527
G1 X92.698 Y104.227 E2.70723
G1 X92.277 Y104.048 E2.72923
G1 X91.96 Y103.718 E2.75124
G1 X91.764 Y103.305 E2.77323
G1 X91.754 Y103.06 E2.78502
G1 X91.807 Y102.663 F7800
G1 X92.805 Y102.934
;TYPE:Solid infill
;WIDTH:0.43849
G1 F600
G1 X92.916 Y102.813 E2.79268
G1 X93.115 Y102.833 E2.80201
G1 X93.2 Y102.998 E2.81067
G1 X93.152 Y103.13 E2.81722
G1 X92.976 Y103.201 E2.82608
G1 X92.85 Y103.112 E2.83328
G1 E.83328 F2400
G92 E0
G1 X92.532 Y86.885 F7800
G1 E2 F2400
;TYPE:Perimeter
;WIDTH:0.45
G1 F600
G1 X92.592 Y86.724 E2.00826
G1 X92.775 Y86.562 E2.02001
G1 X92.993 Y86.509 E2.0308
G1 X93.225 Y86.561 E2.04224
G1 X93.405 Y86.719 E2.05376
G1 X93.489 Y86.936 E2.06495
G1 X93.459 Y87.179 E2.07673
G1 X93.328 Y87.368 E2.08779
G1 X93.118 Y87.478 E2.09919
G1 X92.882 Y87.479 E2.11054
G1 X92.673 Y87.369 E2.1219
G1 X92.539 Y87.175 E2.13324
G1 X92.511 Y86.941 E2.14457
G1 X92.141 Y86.788 F7800
G1 F600
G1 X92.329 Y86.425 E2.16423
G1 X92.595 Y86.22 E2.18038
G1 X92.89 Y86.122 E2.19533
G1 X93.314 Y86.173 E2.21587
G1 X93.581 Y86.341 E2.23104
G1 X93.784 Y86.589 E2.24645
G1 X93.871 Y86.889 E2.26147
G1 X93.873 Y87.082 E2.27075
G1 X93.784 Y87.411 E2.28714
G1 X93.584 Y87.657 E2.30239
G1 X93.314 Y87.827 E2.31774
G1 X93 Y87.878 E2.33304
G1 X92.686 Y87.827 E2.34834
G1 X92.418 Y87.658 E2.36358
G1 X92.216 Y87.411 E2.37893
G1 X92.128 Y87.106 E2.3942
G1 X92.138 Y86.848 E2.40662
G1 X91.764 Y86.695 F7800
;TYPE:External perimeter
G1 F600
G1 X91.957 Y86.286 E2.42837
G1 X92.278 Y85.951 E2.45069
G1 X92.693 Y85.774 E2.47239
G1 X93.002 Y85.738 E2.48735
G1 X93.452 Y85.809 E2.50926
G1 X93.837 Y86.053 E2.53118
G1 X94.127 Y86.408 E2.55323
G1 X94.254 Y86.843 E2.57503
G1 X94.236 Y87.306 E2.59732
G1 X94.127 Y87.592 E2.61204
G1 X93.839 Y87.945 E2.63395
G1 X93.452 Y88.191 E2.65601
G1 X93 Y88.264 E2.67803
G1 X92.548 Y88.191 E2.70005
G1 X92.162 Y87.946 E2.72204
G1 X91.873 Y87.592 E2.74402
G1 X91.745 Y87.153 E2.76601
G1 X91.761 Y86.755 E2.78517
G1 X91.913 Y86.385 F7800
G1 X92.8 Y87.001
;TYPE:Solid infill
;WIDTH:0.438536
G1 F600
G1 X92.882 Y86.838 E2.79368
G1 X93.071 Y86.812 E2.80258
G1 X93.189 Y86.92 E2.81004
G1 X93.188 Y87.08 E2.81751
G1 X93.008 Y87.205 E2.82774
G1 X92.893 Y87.17 E2.83335
;LAYER_CHANGE
;Z:6.05
;HEIGHT:0.3
G1 E.83335 F2400
G92 E0
G1 Z6.05 F7800
G1 X77.468 Y102.884
G1 E2 F2400
;TYPE:Perimeter
;WIDTH:0.45
G1 F600
G1 X77.489 Y103.059 E2.00848
G1 X77.406 Y103.28 E2.01983
G1 X77.229 Y103.436 E2.03118
G1 X77 Y103.493 E2.04253
G1 X76.771 Y103.436 E2.05388
G1 X76.594 Y103.28 E2.06523
G1 X76.511 Y103.059 E2.07658
G1 X76.539 Y102.825 E2.08791
G1 X76.673 Y102.631 E2.09925
G1 X76.882 Y102.521 E2.11061
G1 X77.118 Y102.521 E2.12196
G1 X77.327 Y102.631 E2.13332
G1 X77.46 Y102.825 E2.14463
G1 X77.859 Y102.788 F7800
G1 F600
G1 X77.872 Y103.106 E2.15994
G1 X77.859 Y103.212 E2.16508
G1 X77.723 Y103.499 E2.18036
G1 X77.503 Y103.728 E2.19563
G1 X77.21 Y103.853 E2.21095
G1 X76.893 Y103.878 E2.22624
G1 X76.592 Y103.778 E2.2415
G1 X76.338 Y103.587 E2.25679
G1 X76.179 Y103.312 E2.27207
G1 X76.115 Y103 E2.28739
G1 X76.179 Y102.689 E2.30266
G1 X76.338 Y102.413 E2.31798
G1 X76.592 Y102.222 E2.33327
G1 X76.893 Y102.122 E2.34853
G1 X77.21 Y102.147 E2.36382
G1 X77.503 Y102.272 E2.37914
G1 X77.723 Y102.501 E2.39441
G1 X77.833 Y102.734 E2.4068
G1 X78.236 Y102.695 F7800
;TYPE:External perimeter
G1 F600
G1 X78.255 Y103.152 E2.4288
G1 X78.236 Y103.305 E2.43622
G1 X78.04 Y103.718 E2.45821
G1 X77.723 Y104.048 E2.48022
G1 X77.303 Y104.227 E2.50218
G1 X76.847 Y104.264 E2.52418
G1 X76.413 Y104.119 E2.54619
G1 X76.047 Y103.844 E2.56821
G1 X75.818 Y103.448 E2.59021
G1 X75.727 Y103 E2.6122
G1 X75.818 Y102.552 E2.63419
G1 X76.047 Y102.156 E2.65619
G1 X76.413 Y101.881 E2.67821
G1 X76.847 Y101.736 E2.70022
G1 X77.303 Y101.773 E2.72222
G1 X77.723 Y101.952 E2.74418
G1 X78.04 Y102.282 E2.76619
G1 X78.211 Y102.641 E2.78532
G1 X78.247 Y103.039 F7800
G1 X76.916 Y102.815
;TYPE:Solid infill
;WIDTH:0.438138
G1 F600
G1 X77.115 Y102.835 E2.79464
G1 X77.203 Y102.967 E2.80204
G1 X77.183 Y103.065 E2.8067
G1 X77.116 Y103.164 E2.81227
G1 X76.979 Y103.199 E2.81886
G1 X76.82 Y103.094 E2.82774
G1 X76.824 Y102.966 E2.83371
G1 E.83371 F2400
G92 E0
G1 X92.518 Y103.001 F7800
G1 E2 F2400
;TYPE:Perimeter
;WIDTH:0.45
G1 F600
G1 X92.539 Y102.825 E2.00853
G1 X92.673 Y102.631 E2.01987
G1 X92.882 Y102.521 E2.03123
G1 X93.118 Y102.521 E2.04258
G1 X93.327 Y102.631 E2.05394
G1 X93.461 Y102.825 E2.06528
G1 X93.489 Y103.059 E2.07661
G1 X93.406 Y103.28 E2.08796
G1 X93.229 Y103.436 E2.09931
G1 X93 Y103.493 E2.11066
G1 X92.771 Y103.436 E2.12201
G1 X92.594 Y103.28 E2.13336
G1 X92.511 Y103.06 E2.14467
G1 X92.115 Y103 F7800
G1 F600
G1 X92.179 Y102.689 E2.15994
G1 X92.338 Y102.413 E2.17526
G1 X92.592 Y102.222 E2.19055
G1 X92.893 Y102.122 E2.20581
G1 X93.21 Y102.147 E2.2211
G1 X93.503 Y102.272 E2.23642
G1 X93.723 Y102.501 E2.25169
G1 X93.859 Y102.788 E2.26697
G1 X93.872 Y103.106 E2.28228
G1 X93.859 Y103.212 E2.28742
G1 X93.723 Y103.499 E2.3027
G1 X93.503 Y103.728 E2.31797
G1 X93.21 Y103.853 E2.33329
G1 X92.893 Y103.878 E2.34858
G1 X92.592 Y103.778 E2.36384
G1 X92.338 Y103.587 E2.37913
G1 X92.179 Y103.312 E2.39441
G1 X92.127 Y103.059 E2.40683
G1 X91.727 Y103 F7800
;TYPE:External perimeter
G1 F600
G1 X91.818 Y102.552 E2.42882
G1 X92.047 Y102.156 E2.45082
G1 X92.413 Y101.881 E2.47284
G1 X92.847 Y101.736 E2.49485
G1 X93.303 Y101.773 E2.51685
G1 X93.723 Y101.952 E2.53881
G1 X94.04 Y102.282 E2.56082
G1 X94.236 Y102.695 E2.58281
G1 X94.255 Y103.152 E2.60481
G1 X94.236 Y103.305 E2.61223
G1 X94.04 Y103.718 E2.63422
G1 X93.723 Y104.048 E2.65623
G1 X93.303 Y104.227 E2.67819
G1 X92.847 Y104.264 E2.70019
G1 X92.413 Y104.119 E2.7222
G1 X92.047 Y103.844 E2.74422
G1 X91.818 Y103.448 E2.76622
G1 X91.739 Y103.059 E2.78531
G1 X91.798 Y102.663 F7800
G1 X92.916 Y102.815
;TYPE:Solid infill
;WIDTH:0.438188
G1 F600
G1 X93.115 Y102.835 E2.79463
G1 X93.195 Y102.955 E2.80135
G1 X93.151 Y103.135 E2.80999
G1 X92.973 Y103.198 E2.81879
G1 X92.82 Y103.095 E2.82739
G1 X92.824 Y102.966 E2.83341
G1 E.83341 F2400
G92 E0
G1 X92.532 Y86.884 F7800
G1 E2 F2400
;TYPE:Perimeter
;WIDTH:0.45
G1 F600
G1 X92.539 Y86.825 E2.00286
G1 X92.673 Y86.631 E2.0142
G1 X92.882 Y86.521 E2.02556
G1 X93.118 Y86.521 E2.03691
G1 X93.327 Y86.631 E2.04827
G1 X93.461 Y86.825 E2.05961
G1 X93.489 Y87.059 E2.07094
G1 X93.406 Y87.28 E2.08229
G1 X93.229 Y87.436 E2.09364
G1 X93 Y87.493 E2.10499
G1 X92.771 Y87.436 E2.11634
G1 X92.594 Y87.28 E2.12769
G1 X92.511 Y87.059 E2.13904
G1 X92.525 Y86.944 E2.14461
G1 X92.157 Y86.792 F7800
G1 F600
G1 X92.179 Y86.689 E2.14968
G1 X92.338 Y86.413 E2.165
G1 X92.592 Y86.222 E2.18029
G1 X92.893 Y86.122 E2.19555
G1 X93.21 Y86.147 E2.21084
G1 X93.503 Y86.272 E2.22616
G1 X93.723 Y86.501 E2.24143
G1 X93.859 Y86.788 E2.25671
G1 X93.872 Y87.106 E2.27202
G1 X93.859 Y87.212 E2.27716
G1 X93.723 Y87.499 E2.29244
G1 X93.503 Y87.728 E2.30771
G1 X93.21 Y87.853 E2.32303
G1 X92.893 Y87.878 E2.33832
G1 X92.592 Y87.778 E2.35358
G1 X92.338 Y87.587 E2.36887
G1 X92.179 Y87.312 E2.38415
G1 X92.115 Y87 E2.39947
G1 X92.145 Y86.851 E2.40678
G1 X91.788 Y86.701 F7800
;TYPE:External perimeter
G1 F600
G1 X91.818 Y86.552 E2.41409
G1 X92.047 Y86.156 E2.43609
G1 X92.413 Y85.881 E2.45811
G1 X92.847 Y85.736 E2.48012
G1 X93.303 Y85.773 E2.50212
G1 X93.723 Y85.952 E2.52408
G1 X94.04 Y86.282 E2.54609
G1 X94.236 Y86.695 E2.56808
G1 X94.255 Y87.152 E2.59008
G1 X94.236 Y87.305 E2.5975
G1 X94.04 Y87.718 E2.61949
G1 X93.723 Y88.048 E2.6415
G1 X93.303 Y88.227 E2.66346
G1 X92.847 Y88.264 E2.68546
G1 X92.413 Y88.119 E2.70747
G1 X92.047 Y87.844 E2.72949
G1 X91.818 Y87.448 E2.75149
G1 X91.727 Y87 E2.77348
G1 X91.776 Y86.76 E2.78526
G1 X91.922 Y86.388 F7800
G1 X92.916 Y86.815
;TYPE:Solid infill
;WIDTH:0.43828
G1 F600
G1 X93.115 Y86.835 E2.79459
G1 X93.195 Y86.955 E2.80132
G1 X93.151 Y87.135 E2.80996
G1 X92.976 Y87.199 E2.81865
G1 X92.82 Y87.094 E2.82742
G1 X92.824 Y86.966 E2.83339
G1 E.83339 F2400
G92 E0
G1 X76.828 Y87.451 F7800
G1 E2 F2400
;TYPE:Perimeter
;WIDTH:0.45
G1 F600
G1 X76.771 Y87.436 E2.00283
G1 X76.594 Y87.28 E2.01418
G1 X76.511 Y87.059 E2.02553
G1 X76.539 Y86.825 E2.03686
G1 X76.673 Y86.631 E2.0482
G1 X76.882 Y86.522 E2.05954
G1 X77.118 Y86.521 E2.07089
G1 X77.327 Y86.631 E2.08225
G1 X77.461 Y86.825 E2.09359
G1 X77.489 Y87.059 E2.10492
G1 X77.406 Y87.28 E2.11627
G1 X77.229 Y87.436 E2.12762
G1 X77 Y87.493 E2.13897
G1 X76.887 Y87.465 E2.14457
G1 X76.692 Y87.811 F7800
G1 F600
G1 X76.592 Y87.778 E2.14963
G1 X76.338 Y87.587 E2.16492
G1 X76.179 Y87.312 E2.1802
G1 X76.115 Y87 E2.19552
G1 X76.179 Y86.689 E2.21079
G1 X76.338 Y86.413 E2.22611
G1 X76.592 Y86.222 E2.2414
G1 X76.893 Y86.122 E2.25666
G1 X77.21 Y86.147 E2.27195
G1 X77.503 Y86.272 E2.28727
G1 X77.723 Y86.501 E2.30254
G1 X77.859 Y86.788 E2.31782
G1 X77.872 Y87.106 E2.33313
G1 X77.859 Y87.212 E2.33827
G1 X77.723 Y87.499 E2.35355
G1 X77.503 Y87.728 E2.36882
G1 X77.21 Y87.853 E2.38414
G1 X76.893 Y87.878 E2.39943
G1 X76.749 Y87.83 E2.40673
G1 X76.557 Y88.168 F7800
;TYPE:External perimeter
G1 F600
G1 X76.413 Y88.119 E2.41405
G1 X76.047 Y87.844 E2.43607
G1 X75.818 Y87.448 E2.45807
G1 X75.727 Y87 E2.48006
G1 X75.818 Y86.552 E2.50205
G1 X76.047 Y86.156 E2.52405
G1 X76.413 Y85.881 E2.54607
G1 X76.847 Y85.736 E2.56808
G1 X77.303 Y85.773 E2.59008
G1 X77.723 Y85.952 E2.61204
G1 X78.04 Y86.282 E2.63405
G1 X78.236 Y86.695 E2.65604
G1 X78.255 Y87.152 E2.67804
G1 X78.236 Y87.305 E2.68546
G1 X78.04 Y87.718 E2.70745
G1 X77.723 Y88.048 E2.72946
G1 X77.303 Y88.227 E2.75142
G1 X76.847 Y88.264 E2.77342
G1 X76.614 Y88.187 E2.78522
G1 X76.262 Y87.996 F7800
G1 X76.916 Y86.815
;TYPE:Solid infill
;WIDTH:0.438138
G1 F600
G1 X77.115 Y86.835 E2.79454
G1 X77.203 Y86.967 E2.80194
G1 X77.182 Y87.066 E2.80666
G1 X77.113 Y87.165 E2.81229
G1 X76.98 Y87.199 E2.81869
G1 X76.82 Y87.094 E2.82761
G1 X76.824 Y86.966 E2.83358
;LAYER_CHANGE
;Z:6.35
;HEIGHT:0.3
G1 E.83358 F2400
G92 E0
G1 Z6.35 F7800
G1 X77.468 Y102.884
G1 E2 F2400
;TYPE:Perimeter
;WIDTH:0.45
G1 F600
G1 X77.489 Y103.059 E2.00848
G1 X77.406 Y103.28 E2.01983
G1 X77.229 Y103.436 E2.03118
G1 X77 Y103.493 E2.04253
G1 X76.771 Y103.436 E2.05388
G1 X76.594 Y103.28 E2.06523
G1 X76.511 Y103.059 E2.07658
G1 X76.539 Y102.825 E2.08791
G1 X76.673 Y102.631 E2.09925
G1 X76.882 Y102.521 E2.11061
G1 X77.118 Y102.521 E2.12196
G1 X77.327 Y102.631 E2.13332
G1 X77.46 Y102.825 E2.14463
G1 X77.859 Y102.788 F7800
G1 F600
G1 X77.872 Y103.106 E2.15994
G1 X77.859 Y103.212 E2.16508
G1 X77.723 Y103.499 E2.18036
G1 X77.503 Y103.728 E2.19563
G1 X77.21 Y103.853 E2.21095
G1 X76.893 Y103.878 E2.22624
G1 X76.592 Y103.778 E2.2415
G1 X76.338 Y103.587 E2.25679
G1 X76.179 Y103.312 E2.27207
G1 X76.115 Y103 E2.28739
G1 X76.179 Y102.689 E2.30266
G1 X76.338 Y102.413 E2.31798
G1 X76.592 Y102.222 E2.33327
G1 X76.893 Y102.122 E2.34853
G1 X77.21 Y102.147 E2.36382
G1 X77.503 Y102.272 E2.37914
G1 X77.723 Y102.501 E2.39441
G1 X77.833 Y102.734 E2.4068
G1 X78.236 Y102.695 F7800
;TYPE:External perimeter
G1 F600
G1 X78.255 Y103.152 E2.4288
G1 X78.236 Y103.305 E2.43622
G1 X78.04 Y103.718 E2.45821
G1 X77.723 Y104.048 E2.48022
G1 X77.303 Y104.227 E2.50218
G1 X76.847 Y104.264 E2.52418
G1 X76.413 Y104.119 E2.54619
G1 X76.047 Y103.844 E2.56821
G1 X75.818 Y103.448 E2.59021
G1 X75.727 Y103 E2.6122
G1 X75.818 Y102.552 E2.63419
G1 X76.047 Y102.156 E2.65619
G1 X76.413 Y101.881 E2.67821
G1 X76.847 Y101.736 E2.70022
G1 X77.303 Y101.773 E2.72222
G1 X77.723 Y101.952 E2.74418
G1 X78.04 Y102.282 E2.76619
G1 X78.211 Y102.641 E2.78532
G1 X78.247 Y103.039 F7800
G1 X76.826 Y103.106
;TYPE:Solid infill
;WIDTH:0.438234
G1 F600
G1 X76.826 Y102.89 E2.79539
G1 X76.916 Y102.815 E2.80085
G1 X77.115 Y102.835 E2.81018
G1 X77.195 Y102.955 E2.8169
G1 X77.176 Y103.096 E2.82353
G1 X77.068 Y103.188 E2.83015
G1 X76.987 Y103.187 E2.83393
G1 E.83393 F2400
G92 E0
G1 X92.532 Y102.888 F7800
G1 E2 F2400
;TYPE:Perimeter
;WIDTH:0.45
G1 F600
G1 X92.539 Y102.825 E2.00305
G1 X92.673 Y102.631 E2.01439
G1 X92.882 Y102.521 E2.02575
G1 X93.118 Y102.521 E2.0371
G1 X93.327 Y102.631 E2.04846
G1 X93.461 Y102.825 E2.0598
G1 X93.489 Y103.059 E2.07113
G1 X93.406 Y103.28 E2.08248
G1 X93.229 Y103.436 E2.09383
G1 X93 Y103.493 E2.10518
G1 X92.771 Y103.436 E2.11653
G1 X92.594 Y103.28 E2.12788
G1 X92.511 Y103.059 E2.13923
G1 X92.524 Y102.948 E2.14461
G1 X92.147 Y102.842 F7800
G1 F600
G1 X92.179 Y102.689 E2.15213
G1 X92.338 Y102.413 E2.16745
G1 X92.592 Y102.222 E2.18274
G1 X92.893 Y102.122 E2.198
G1 X93.21 Y102.147 E2.21329
G1 X93.503 Y102.272 E2.22861
G1 X93.723 Y102.501 E2.24388
G1 X93.859 Y102.788 E2.25916
G1 X93.872 Y103.106 E2.27447
G1 X93.859 Y103.212 E2.27961
G1 X93.723 Y103.499 E2.29489
G1 X93.503 Y103.728 E2.31016
G1 X93.21 Y103.853 E2.32548
G1 X92.893 Y103.878 E2.34077
G1 X92.592 Y103.778 E2.35603
G1 X92.338 Y103.587 E2.37132
G1 X92.179 Y103.312 E2.3866
G1 X92.115 Y103 E2.40192
G1 X92.135 Y102.901 E2.40678
G1 X91.768 Y102.796 F7800
;TYPE:External perimeter
G1 F600
G1 X91.818 Y102.552 E2.41876
G1 X92.047 Y102.156 E2.44076
G1 X92.413 Y101.881 E2.46278
G1 X92.847 Y101.736 E2.48479
G1 X93.303 Y101.773 E2.50679
G1 X93.723 Y101.952 E2.52875
G1 X94.04 Y102.282 E2.55076
G1 X94.236 Y102.695 E2.57275
G1 X94.255 Y103.152 E2.59475
G1 X94.236 Y103.305 E2.60217
G1 X94.04 Y103.718 E2.62416
G1 X93.723 Y104.048 E2.64617
G1 X93.303 Y104.227 E2.66813
G1 X92.847 Y104.264 E2.69013
G1 X92.413 Y104.119 E2.71214
G1 X92.047 Y103.844 E2.73416
G1 X91.818 Y103.448 E2.75616
G1 X91.727 Y103 E2.77815
G1 X91.756 Y102.855 E2.78526
G1 X91.877 Y102.473 F7800
G1 X92.797 Y102.964
;TYPE:Solid infill
;WIDTH:0.438459
G1 F600
G1 X92.928 Y102.81 E2.79469
G1 X93.114 Y102.835 E2.80345
G1 X93.195 Y102.955 E2.8102
G1 X93.176 Y103.096 E2.81684
G1 X93.024 Y103.201 E2.82546
G1 X92.861 Y103.136 E2.83365
G1 E.83365 F2400
G92 E0
G1 X92.532 Y86.888 F7800
G1 E2 F2400
;TYPE:Perimeter
;WIDTH:0.45
G1 F600
G1 X92.539 Y86.825 E2.00305
G1 X92.673 Y86.631 E2.01439
G1 X92.882 Y86.521 E2.02575
G1 X93.118 Y86.521 E2.0371
G1 X93.327 Y86.631 E2.04846
G1 X93.461 Y86.825 E2.0598
G1 X93.489 Y87.059 E2.07113
G1 X93.406 Y87.28 E2.08248
G1 X93.229 Y87.436 E2.09383
G1 X93 Y87.493 E2.10518
G1 X92.771 Y87.436 E2.11653
G1 X92.594 Y87.28 E2.12788
G1 X92.511 Y87.059 E2.13923
G1 X92.524 Y86.948 E2.14461
G1 X92.147 Y86.842 F7800
G1 F600
G1 X92.179 Y86.689 E2.15213
G1 X92.338 Y86.413 E2.16745
G1 X92.592 Y86.222 E2.18274
G1 X92.893 Y86.122 E2.198
G1 X93.21 Y86.147 E2.21329
G1 X93.503 Y86.272 E2.22861
G1 X93.723 Y86.501 E2.24388
G1 X93.859 Y86.788 E2.25916
G1 X93.872 Y87.106 E2.27447
G1 X93.859 Y87.212 E2.27961
G1 X93.723 Y87.499 E2.29489
G1 X93.503 Y87.728 E2.31016
G1 X93.21 Y87.853 E2.32548
G1 X92.893 Y87.878 E2.34077
G1 X92.592 Y87.778 E2.35603
G1 X92.338 Y87.587 E2.37132
G1 X92.179 Y87.312 E2.3866
G1 X92.115 Y87 E2.40192
G1 X92.135 Y86.901 E2.40678
G1 X91.768 Y86.796 F7800
;TYPE:External perimeter
G1 F600
G1 X91.818 Y86.552 E2.41876
G1 X92.047 Y86.156 E2.44076
G1 X92.413 Y85.881 E2.46278
G1 X92.847 Y85.736 E2.48479
G1 X93.303 Y85.773 E2.50679
G1 X93.723 Y85.952 E2.52875
G1 X94.04 Y86.282 E2.55076
G1 X94.236 Y86.695 E2.57275
G1 X94.255 Y87.152 E2.59475
G1 X94.236 Y87.305 E2.60217
G1 X94.04 Y87.718 E2.62416
G1 X93.723 Y88.048 E2.64617
G1 X93.303 Y88.227 E2.66813
G1 X92.847 Y88.264 E2.69013
G1 X92.413 Y88.119 E2.71214
G1 X92.047 Y87.844 E2.73416
G1 X91.818 Y87.448 E2.75616
G1 X91.727 Y87 E2.77815
G1 X91.756 Y86.855 E2.78526
G1 X91.877 Y86.473 F7800
G1 X92.82 Y87.094
;TYPE:Solid infill
;WIDTH:0.438233
G1 F600
G1 X92.826 Y86.89 E2.79478
G1 X92.916 Y86.815 E2.80024
G1 X93.115 Y86.835 E2.80957
G1 X93.195 Y86.955 E2.81629
G1 X93.176 Y87.096 E2.82292
G1 X93.122 Y87.142 E2.82623
G1 X92.981 Y87.201 E2.83336
G1 E.83336 F2400
G92 E0
G1 X76.828 Y87.451 F7800
G1 E2 F2400
;TYPE:Perimeter
;WIDTH:0.45
G1 F600
G1 X76.771 Y87.436 E2.00283
G1 X76.594 Y87.28 E2.01418
G1 X76.511 Y87.059 E2.02553
G1 X76.539 Y86.825 E2.03686
G1 X76.673 Y86.631 E2.0482
G1 X76.882 Y86.522 E2.05954
G1 X77.118 Y86.521 E2.07089
G1 X77.327 Y86.631 E2.08225
G1 X77.461 Y86.825 E2.09359
G1 X77.489 Y87.059 E2.10492
G1 X77.406 Y87.28 E2.11627
G1 X77.229 Y87.436 E2.12762
G1 X77 Y87.493 E2.13897
G1 X76.887 Y87.465 E2.14457
G1 X76.692 Y87.811 F7800
G1 F600
G1 X76.592 Y87.778 E2.14963
G1 X76.338 Y87.587 E2.16492
G1 X76.179 Y87.312 E2.1802
G1 X76.115 Y87 E2.19552
G1 X76.179 Y86.689 E2.21079
G1 X76.338 Y86.413 E2.22611
G1 X76.592 Y86.222 E2.2414
G1 X76.893 Y86.122 E2.25666
G1 X77.21 Y86.147 E2.27195
G1 X77.503 Y86.272 E2.28727
G1 X77.723 Y86.501 E2.30254
G1 X77.859 Y86.788 E2.31782
G1 X77.872 Y87.106 E2.33313
G1 X77.859 Y87.212 E2.33827
G1 X77.723 Y87.499 E2.35355
G1 X77.503 Y87.728 E2.36882
G1 X77.21 Y87.853 E2.38414
G1 X76.893 Y87.878 E2.39943
G1 X76.749 Y87.83 E2.40673
G1 X76.557 Y88.168 F7800
;TYPE:External perimeter
G1 F600
G1 X76.413 Y88.119 E2.41405
G1 X76.047 Y87.844 E2.43607
G1 X75.818 Y87.448 E2.45807
G1 X75.727 Y87 E2.48006
G1 X75.818 Y86.552 E2.50205
G1 X76.047 Y86.156 E2.52405
G1 X76.413 Y85.881 E2.54607
G1 X76.847 Y85.736 E2.56808
G1 X77.303 Y85.773 E2.59008
G1 X77.723 Y85.952 E2.61204
G1 X78.04 Y86.282 E2.63405
G1 X78.236 Y86.695 E2.65604
G1 X78.255 Y87.152 E2.67804
G1 X78.236 Y87.305 E2.68546
G1 X78.04 Y87.718 E2.70745
G1 X77.723 Y88.048 E2.72946
G1 X77.303 Y88.227 E2.75142
G1 X76.847 Y88.264 E2.77342
G1 X76.614 Y88.187 E2.78522
G1 X76.262 Y87.996 F7800
G1 X76.797 Y87.05
;TYPE:Solid infill
;WIDTH:0.438153
G1 F600
G1 X76.814 Y86.917 E2.79147
G1 X76.975 Y86.801 E2.80072
G1 X77.115 Y86.835 E2.80744
G1 X77.203 Y87.001 E2.8162
G1 X77.113 Y87.165 E2.82492
G1 X76.98 Y87.199 E2.83132
G1 X76.938 Y87.178 E2.83351
;LAYER_CHANGE
;Z:6.65
;HEIGHT:0.3
G1 E.83351 F2400
G92 E0
G1 Z6.65 F7800
G1 X77.468 Y102.884
G1 E2 F2400
;TYPE:Perimeter
;WIDTH:0.45
G1 F600
G1 X77.489 Y103.059 E2.00848
G1 X77.406 Y103.28 E2.01983
G1 X77.229 Y103.436 E2.03118
G1 X77 Y103.493 E2.04253
G1 X76.771 Y103.436 E2.05388
G1 X76.594 Y103.28 E2.06523
G1 X76.511 Y103.059 E2.07658
G1 X76.539 Y102.825 E2.08791
G1 X76.673 Y102.631 E2.09925
G1 X76.882 Y102.521 E2.11061
G1 X77.118 Y102.521 E2.12196
G1 X77.327 Y102.631 E2.13332
G1 X77.46 Y102.825 E2.14463
G1 X77.859 Y102.788 F7800
G1 F600
G1 X77.872 Y103.106 E2.15994
G1 X77.859 Y103.212 E2.16508
G1 X77.723 Y103.499 E2.18036
G1 X77.503 Y103.728 E2.19563
G1 X77.21 Y103.853 E2.21095
G1 X76.893 Y103.878 E2.22624
G1 X76.592 Y103.778 E2.2415
G1 X76.338 Y103.587 E2.25679
G1 X76.179 Y103.312 E2.27207
G1 X76.115 Y103 E2.28739
G1 X76.179 Y102.689 E2.30266
G1 X76.338 Y102.413 E2.31798
G1 X76.592 Y102.222 E2.33327
G1 X76.893 Y102.122 E2.34853
G1 X77.21 Y102.147 E2.36382
G1 X77.503 Y102.272 E2.37914
G1 X77.723 Y102.501 E2.39441
G1 X77.833 Y102.734 E2.4068
G1 X78.236 Y102.695 F7800
;TYPE:External perimeter
G1 F600
G1 X78.255 Y103.152 E2.4288
G1 X78.236 Y103.305 E2.43622
G1 X78.04 Y103.718 E2.45821
G1 X77.723 Y104.048 E2.48022
G1 X77.303 Y104.227 E2.50218
G1 X76.847 Y104.264 E2.52418
G1 X76.413 Y104.119 E2.54619
G1 X76.047 Y103.844 E2.56821
G1 X75.818 Y103.448 E2.59021
G1 X75.727 Y103 E2.6122
G1 X75.818 Y102.552 E2.63419
G1 X76.047 Y102.156 E2.65619
G1 X76.413 Y101.881 E2.67821
G1 X76.847 Y101.736 E2.70022
G1 X77.303 Y101.773 E2.72222
G1 X77.723 Y101.952 E2.74418
G1 X78.04 Y102.282 E2.76619
G1 X78.211 Y102.641 E2.78532
G1 X78.247 Y103.039 F7800
G1 X76.929 Y102.81
;TYPE:Solid infill
;WIDTH:0.438132
G1 F600
G1 X77.115 Y102.835 E2.79407
G1 X77.203 Y102.967 E2.80147
G1 X77.182 Y103.066 E2.80619
G1 X77.113 Y103.165 E2.81182
G1 X76.98 Y103.199 E2.81822
G1 X76.837 Y103.127 E2.82568
G1 X76.803 Y102.956 E2.83381
G1 E.83381 F2400
G92 E0
G1 X92.525 Y102.942 F7800
G1 E2 F2400
;TYPE:Perimeter
;WIDTH:0.45
G1 F600
G1 X92.539 Y102.825 E2.00567
G1 X92.673 Y102.631 E2.01701
G1 X92.882 Y102.521 E2.02837
G1 X93.118 Y102.521 E2.03972
G1 X93.327 Y102.631 E2.05108
G1 X93.461 Y102.825 E2.06242
G1 X93.489 Y103.059 E2.07375
G1 X93.406 Y103.28 E2.0851
G1 X93.229 Y103.436 E2.09645
G1 X93 Y103.493 E2.1078
G1 X92.771 Y103.436 E2.11915
G1 X92.594 Y103.28 E2.1305
G1 X92.511 Y103.059 E2.14185
G1 X92.518 Y103.002 E2.14461
G1 X92.136 Y102.895 F7800
G1 F600
G1 X92.179 Y102.689 E2.15473
G1 X92.338 Y102.413 E2.17005
G1 X92.592 Y102.222 E2.18534
G1 X92.893 Y102.122 E2.2006
G1 X93.21 Y102.147 E2.21589
G1 X93.503 Y102.272 E2.23121
G1 X93.723 Y102.501 E2.24648
G1 X93.859 Y102.788 E2.26176
G1 X93.872 Y103.106 E2.27707
G1 X93.859 Y103.212 E2.28221
G1 X93.723 Y103.499 E2.29749
G1 X93.503 Y103.728 E2.31276
G1 X93.21 Y103.853 E2.32808
G1 X92.893 Y103.878 E2.34337
G1 X92.592 Y103.778 E2.35863
G1 X92.338 Y103.587 E2.37392
G1 X92.179 Y103.312 E2.3892
G1 X92.115 Y103 E2.40452
G1 X92.124 Y102.954 E2.40677
G1 X91.757 Y102.849 F7800
;TYPE:External perimeter
G1 F600
G1 X91.818 Y102.552 E2.42135
G1 X92.047 Y102.156 E2.44335
G1 X92.413 Y101.881 E2.46537
G1 X92.847 Y101.736 E2.48738
G1 X93.303 Y101.773 E2.50938
G1 X93.723 Y101.952 E2.53134
G1 X94.04 Y102.282 E2.55335
G1 X94.236 Y102.695 E2.57534
G1 X94.255 Y103.152 E2.59734
G1 X94.236 Y103.305 E2.60476
G1 X94.04 Y103.718 E2.62675
G1 X93.723 Y104.048 E2.64876
G1 X93.303 Y104.227 E2.67072
G1 X92.847 Y104.264 E2.69272
G1 X92.413 Y104.119 E2.71473
G1 X92.047 Y103.844 E2.73675
G1 X91.818 Y103.448 E2.75875
G1 X91.727 Y103 E2.78074
G1 X91.745 Y102.908 E2.78525
G1 X91.851 Y102.522 F7800
G1 X92.928 Y102.81
;TYPE:Solid infill
;WIDTH:0.438454
G1 F600
G1 X93.114 Y102.835 E2.79401
G1 X93.203 Y102.967 E2.80144
G1 X93.183 Y103.064 E2.80606
G1 X93.113 Y103.166 E2.81183
G1 X92.973 Y103.198 E2.81853
G1 X92.837 Y103.126 E2.82571
G1 X92.803 Y102.957 E2.83375
G1 E.83375 F2400
G92 E0
G1 X92.525 Y86.942 F7800
G1 E2 F2400
;TYPE:Perimeter
;WIDTH:0.45
G1 F600
G1 X92.539 Y86.825 E2.00567
G1 X92.673 Y86.631 E2.01701
G1 X92.882 Y86.522 E2.02835
G1 X93.118 Y86.521 E2.0397
G1 X93.327 Y86.631 E2.05106
G1 X93.461 Y86.825 E2.0624
G1 X93.489 Y87.059 E2.07373
G1 X93.406 Y87.28 E2.08508
G1 X93.229 Y87.436 E2.09643
G1 X93 Y87.493 E2.10778
G1 X92.771 Y87.436 E2.11913
G1 X92.594 Y87.28 E2.13048
G1 X92.511 Y87.059 E2.14183
G1 X92.518 Y87.002 E2.14459
G1 X92.136 Y86.895 F7800
G1 F600
G1 X92.179 Y86.689 E2.15471
G1 X92.338 Y86.413 E2.17003
G1 X92.592 Y86.222 E2.18532
G1 X92.893 Y86.122 E2.20058
G1 X93.21 Y86.147 E2.21587
G1 X93.503 Y86.272 E2.23119
G1 X93.723 Y86.501 E2.24646
G1 X93.859 Y86.788 E2.26174
G1 X93.872 Y87.106 E2.27705
G1 X93.859 Y87.212 E2.28219
G1 X93.723 Y87.499 E2.29747
G1 X93.503 Y87.728 E2.31274
G1 X93.21 Y87.853 E2.32806
G1 X92.893 Y87.878 E2.34335
G1 X92.592 Y87.778 E2.35861
G1 X92.338 Y87.587 E2.3739
G1 X92.179 Y87.312 E2.38918
G1 X92.115 Y87 E2.4045
G1 X92.124 Y86.954 E2.40675
G1 X91.757 Y86.849 F7800
;TYPE:External perimeter
G1 F600
G1 X91.818 Y86.552 E2.42133
G1 X92.047 Y86.156 E2.44333
G1 X92.413 Y85.881 E2.46535
G1 X92.847 Y85.736 E2.48736
G1 X93.303 Y85.773 E2.50936
G1 X93.723 Y85.952 E2.53132
G1 X94.04 Y86.282 E2.55333
G1 X94.236 Y86.695 E2.57532
G1 X94.255 Y87.152 E2.59732
G1 X94.236 Y87.305 E2.60474
G1 X94.04 Y87.718 E2.62673
G1 X93.723 Y88.048 E2.64874
G1 X93.303 Y88.227 E2.6707
G1 X92.847 Y88.264 E2.6927
G1 X92.413 Y88.119 E2.71471
G1 X92.047 Y87.844 E2.73673
G1 X91.818 Y87.448 E2.75873
G1 X91.727 Y87 E2.78072
G1 X91.745 Y86.908 E2.78523
G1 X91.851 Y86.522 F7800
G1 X92.929 Y86.81
;TYPE:Solid infill
;WIDTH:0.43837
G1 F600
G1 X93.115 Y86.835 E2.79398
G1 X93.195 Y86.955 E2.80071
G1 X93.151 Y87.135 E2.80935
G1 X92.976 Y87.199 E2.81804
G1 X92.837 Y87.126 E2.82536
G1 X92.803 Y86.956 E2.83345
G1 E.83345 F2400
G92 E0
G1 X76.771 Y87.436 F7800
G1 E2 F2400
;TYPE:Perimeter
;WIDTH:0.45
G1 F600
G1 X76.594 Y87.28 E2.01135
G1 X76.511 Y87.059 E2.0227
G1 X76.539 Y86.825 E2.03403
G1 X76.673 Y86.631 E2.04537
G1 X76.882 Y86.522 E2.05671
G1 X77.118 Y86.521 E2.06806
G1 X77.327 Y86.631 E2.07942
G1 X77.461 Y86.825 E2.09076
G1 X77.489 Y87.059 E2.10209
G1 X77.406 Y87.28 E2.11344
G1 X77.229 Y87.436 E2.12479
G1 X77 Y87.493 E2.13614
G1 X76.829 Y87.451 E2.14461
G1 X76.592 Y87.778 F7800
G1 F600
G1 X76.338 Y87.587 E2.1599
G1 X76.179 Y87.312 E2.17518
G1 X76.115 Y87 E2.1905
G1 X76.179 Y86.689 E2.20577
G1 X76.338 Y86.413 E2.22109
G1 X76.592 Y86.222 E2.23638
G1 X76.893 Y86.122 E2.25164
G1 X77.21 Y86.147 E2.26693
G1 X77.503 Y86.272 E2.28225
G1 X77.723 Y86.501 E2.29752
G1 X77.859 Y86.788 E2.3128
G1 X77.872 Y87.106 E2.32811
G1 X77.859 Y87.212 E2.33325
G1 X77.723 Y87.499 E2.34853
G1 X77.503 Y87.728 E2.3638
G1 X77.21 Y87.853 E2.37912
G1 X76.893 Y87.878 E2.39441
G1 X76.649 Y87.797 E2.40678
G1 X76.413 Y88.119 F7800
;TYPE:External perimeter
G1 F600
G1 X76.047 Y87.844 E2.4288
G1 X75.818 Y87.448 E2.4508
G1 X75.727 Y87 E2.47279
G1 X75.818 Y86.552 E2.49478
G1 X76.047 Y86.156 E2.51678
G1 X76.413 Y85.881 E2.5388
G1 X76.847 Y85.736 E2.56081
G1 X77.303 Y85.773 E2.58281
G1 X77.723 Y85.952 E2.60477
G1 X78.04 Y86.282 E2.62678
G1 X78.236 Y86.695 E2.64877
G1 X78.255 Y87.152 E2.67077
G1 X78.236 Y87.305 E2.67819
G1 X78.04 Y87.718 E2.70018
G1 X77.723 Y88.048 E2.72219
G1 X77.303 Y88.227 E2.74415
G1 X76.847 Y88.264 E2.76615
G1 X76.469 Y88.138 E2.78531
G1 X76.14 Y87.911 F7800
G1 X76.916 Y86.815
;TYPE:Solid infill
;WIDTH:0.438138
G1 F600
G1 X77.115 Y86.835 E2.79463
G1 X77.203 Y86.967 E2.80203
G1 X77.182 Y87.066 E2.80675
G1 X77.113 Y87.165 E2.81238
G1 X76.98 Y87.199 E2.81878
G1 X76.82 Y87.094 E2.8277
G1 X76.824 Y86.966 E2.83367
;LAYER_CHANGE
;Z:6.95
;HEIGHT:0.3
G1 Z6.95 F7800
G1 X76.824 Y87.464
;TYPE:Perimeter
;WIDTH:0.45
G1 F600
G1 X76.628 Y87.329 E2.84512
G1 X76.51 Y87.038 E2.86022
G1 X76.535 Y86.837 E2.86996
G1 X76.671 Y86.633 E2.88175
G1 X76.88 Y86.522 E2.89313
G1 X77.117 Y86.521 E2.90453
G1 X77.326 Y86.63 E2.91587
G1 X77.461 Y86.824 E2.92724
G1 X77.489 Y87.059 E2.93862
G1 X77.44 Y87.231 E2.94722
G1 X77.282 Y87.409 E2.95867
G1 X77.06 Y87.493 E2.97009
G1 X76.884 Y87.471 E2.97862
G1 X76.692 Y87.811 F7800
G1 F600
G1 X76.497 Y87.728 E2.98881
G1 X76.227 Y87.426 E3.00829
G1 X76.115 Y87 E3.02948
G1 X76.174 Y86.7 E3.04419
G1 X76.338 Y86.413 E3.06009
G1 X76.59 Y86.223 E3.07527
G1 X76.893 Y86.122 E3.09063
G1 X77.209 Y86.147 E3.10588
G1 X77.503 Y86.272 E3.12125
G1 X77.722 Y86.5 E3.13646
G1 X77.859 Y86.788 E3.1518
G1 X77.872 Y87.105 E3.16706
G1 X77.822 Y87.311 E3.17726
G1 X77.662 Y87.587 E3.1926
G1 X77.409 Y87.777 E3.20782
G1 X77.107 Y87.878 E3.22314
G1 X76.793 Y87.854 E3.23829
G1 X76.748 Y87.835 E3.24064
G1 X76.557 Y88.168 F7800
;TYPE:External perimeter
G1 F600
G1 X76.416 Y88.121 E3.24779
G1 X76.147 Y87.933 E3.26357
G1 X75.876 Y87.597 E3.28433
G1 X75.75 Y87.189 E3.30487
G1 X75.74 Y86.892 E3.31916
G1 X75.82 Y86.546 E3.33624
G1 X76.047 Y86.156 E3.35794
G1 X76.41 Y85.882 E3.37981
G1 X76.847 Y85.736 E3.40197
G1 X77.301 Y85.772 E3.42387
G1 X77.723 Y85.952 E3.44594
G1 X78.04 Y86.281 E3.46791
G1 X78.236 Y86.695 E3.48994
G1 X78.255 Y87.152 E3.51194
G1 X78.236 Y87.305 E3.51936
G1 X78.041 Y87.717 E3.54128
G1 X77.723 Y88.048 E3.56336
G1 X77.304 Y88.227 E3.58527
G1 X76.847 Y88.264 E3.60732
G1 X76.614 Y88.187 E3.61912
G1 X76.259 Y88.002 F7800
G1 X76.821 Y87.065
;TYPE:Solid infill
;WIDTH:0.438338
G1 F600
G1 X76.823 Y86.94 E3.62495
G1 X76.914 Y86.813 E3.63224
G1 X77.116 Y86.833 E3.64171
G1 X77.2 Y86.997 E3.6503
G1 X77.146 Y87.146 E3.65769
G1 X77.037 Y87.2 E3.66336
G1 X76.968 Y87.179 E3.66672
G1 E1.66672 F2400
G92 E0
G1 X77.468 Y102.884 F7800
G1 E2 F2400
;TYPE:Perimeter
;WIDTH:0.45
G1 F600
G1 X77.489 Y103.059 E2.00848
G1 X77.406 Y103.28 E2.01983
G1 X77.229 Y103.436 E2.03118
G1 X77 Y103.493 E2.04253
G1 X76.771 Y103.436 E2.05388
G1 X76.594 Y103.28 E2.06523
G1 X76.511 Y103.059 E2.07658
G1 X76.539 Y102.825 E2.08791
G1 X76.673 Y102.631 E2.09925
G1 X76.882 Y102.521 E2.11061
G1 X77.118 Y102.521 E2.12196
G1 X77.327 Y102.631 E2.13332
G1 X77.46 Y102.825 E2.14463
G1 X77.859 Y102.788 F7800
G1 F600
G1 X77.872 Y103.106 E2.15994
G1 X77.859 Y103.212 E2.16508
G1 X77.723 Y103.499 E2.18036
G1 X77.503 Y103.728 E2.19563
G1 X77.21 Y103.853 E2.21095
G1 X76.893 Y103.878 E2.22624
G1 X76.592 Y103.778 E2.2415
G1 X76.338 Y103.587 E2.25679
G1 X76.179 Y103.312 E2.27207
G1 X76.115 Y103 E2.28739
G1 X76.179 Y102.689 E2.30266
G1 X76.338 Y102.413 E2.31798
G1 X76.592 Y102.222 E2.33327
G1 X76.893 Y102.122 E2.34853
G1 X77.21 Y102.147 E2.36382
G1 X77.503 Y102.272 E2.37914
G1 X77.723 Y102.501 E2.39441
G1 X77.833 Y102.734 E2.4068
G1 X78.236 Y102.695 F7800
;TYPE:External perimeter
G1 F600
G1 X78.255 Y103.152 E2.4288
G1 X78.236 Y103.305 E2.43622
G1 X78.04 Y103.718 E2.45821
G1 X77.723 Y104.048 E2.48022
G1 X77.303 Y104.227 E2.50218
G1 X76.847 Y104.264 E2.52418
G1 X76.413 Y104.119 E2.54619
G1 X76.047 Y103.844 E2.56821
G1 X75.818 Y103.448 E2.59021
G1 X75.727 Y103 E2.6122
G1 X75.818 Y102.552 E2.63419
G1 X76.047 Y102.156 E2.65619
G1 X76.413 Y101.881 E2.67821
G1 X76.847 Y101.736 E2.70022
G1 X77.303 Y101.773 E2.72222
G1 X77.723 Y101.952 E2.74418
G1 X78.04 Y102.282 E2.76619
G1 X78.211 Y102.641 E2.78532
G1 X78.247 Y103.039 F7800
G1 X76.82 Y103.094
;TYPE:Solid infill
;WIDTH:0.438184
G1 F600
G1 X76.826 Y102.89 E2.79484
G1 X76.916 Y102.815 E2.8003
G1 X77.115 Y102.835 E2.80962
G1 X77.203 Y103.001 E2.81838
G1 X77.111 Y103.167 E2.82723
G1 X76.982 Y103.199 E2.83343
G1 E.83343 F2400
G92 E0
G1 X92.52 Y102.996 F7800
G1 E2 F2400
;TYPE:Perimeter
;WIDTH:0.45
G1 F600
G1 X92.535 Y102.866 E2.00629
G1 X92.682 Y102.623 E2.01995
G1 X92.876 Y102.523 E2.03045
G1 X93.116 Y102.521 E2.04199
G1 X93.326 Y102.63 E2.05337
G1 X93.46 Y102.824 E2.06471
G1 X93.489 Y103.059 E2.0761
G1 X93.406 Y103.279 E2.08741
G1 X93.23 Y103.436 E2.09875
G1 X93.001 Y103.493 E2.1101
G1 X92.772 Y103.437 E2.12144
G1 X92.596 Y103.282 E2.13272
G1 X92.512 Y103.067 E2.14382
G1 X92.513 Y103.056 E2.14435
G1 X92.139 Y102.95 F7800
G1 F600
G1 X92.139 Y102.806 E2.15128
G1 X92.338 Y102.413 E2.17247
G1 X92.581 Y102.228 E2.18716
G1 X92.893 Y102.122 E2.20301
G1 X93.208 Y102.147 E2.21821
G1 X93.503 Y102.272 E2.23362
G1 X93.722 Y102.5 E2.24883
G1 X93.859 Y102.788 E2.26417
G1 X93.872 Y103.105 E2.27943
G1 X93.822 Y103.311 E2.28963
G1 X93.662 Y103.587 E2.30497
G1 X93.409 Y103.777 E2.32019
G1 X93.107 Y103.878 E2.33551
G1 X92.791 Y103.853 E2.35076
G1 X92.497 Y103.728 E2.36613
G1 X92.279 Y103.501 E2.38127
G1 X92.141 Y103.212 E2.39667
G1 X92.14 Y103.01 E2.40639
G1 X91.753 Y102.903 F7800
;TYPE:External perimeter
G1 F600
G1 X91.763 Y102.701 E2.41612
G1 X91.939 Y102.312 E2.43666
G1 X92.129 Y102.083 E2.45097
G1 X92.418 Y101.878 E2.46801
G1 X92.847 Y101.736 E2.48974
G1 X93.3 Y101.772 E2.5116
G1 X93.723 Y101.952 E2.53371
G1 X94.04 Y102.281 E2.55568
G1 X94.236 Y102.695 E2.57771
G1 X94.255 Y103.152 E2.59971
G1 X94.236 Y103.305 E2.60713
G1 X94.041 Y103.717 E2.62905
G1 X93.723 Y104.048 E2.65113
G1 X93.303 Y104.227 E2.67309
G1 X92.847 Y104.264 E2.69509
G1 X92.414 Y104.12 E2.71704
G1 X92.047 Y103.844 E2.73913
G1 X91.82 Y103.452 E2.76092
G1 X91.743 Y103.132 E2.77675
G1 X91.751 Y102.963 E2.78489
G1 X91.834 Y102.572 F7800
G1 X92.796 Y103.048
;TYPE:Solid infill
;WIDTH:0.438391
G1 F600
G1 X92.843 Y102.872 E2.79339
G1 X92.975 Y102.801 E2.80038
G1 X93.152 Y102.866 E2.80918
G1 X93.194 Y103.048 E2.81789
G1 X93.117 Y103.163 E2.82435
G1 X92.979 Y103.199 E2.831
G1 X92.937 Y103.177 E2.83321
G1 E.83321 F2400
G92 E0
G1 X92.519 Y86.996 F7800
G1 E2 F2400
;TYPE:Perimeter
;WIDTH:0.45
G1 F600
G1 X92.538 Y86.827 E2.00818
G1 X92.672 Y86.632 E2.01956
G1 X92.881 Y86.522 E2.03092
G1 X93.117 Y86.521 E2.04227
G1 X93.326 Y86.631 E2.05363
G1 X93.46 Y86.824 E2.06493
G1 X93.489 Y87.058 E2.07627
G1 X93.406 Y87.279 E2.08762
G1 X93.232 Y87.435 E2.09886
G1 X93.008 Y87.493 E2.10999
G1 X92.811 Y87.446 E2.11973
G1 X92.587 Y87.27 E2.13343
G1 X92.511 Y87.065 E2.14395
G1 X92.513 Y87.056 E2.14439
G1 X92.126 Y86.949 F7800
G1 F600
G1 X92.178 Y86.691 E2.15705
G1 X92.338 Y86.413 E2.17248
G1 X92.591 Y86.223 E2.1877
G1 X92.893 Y86.122 E2.20302
G1 X93.209 Y86.147 E2.21827
G1 X93.503 Y86.272 E2.23364
G1 X93.722 Y86.5 E2.24885
G1 X93.859 Y86.788 E2.26419
G1 X93.872 Y87.105 E2.27945
G1 X93.822 Y87.31 E2.2896
G1 X93.662 Y87.587 E2.30499
G1 X93.411 Y87.777 E2.32013
G1 X93.107 Y87.878 E2.33554
G1 X92.704 Y87.832 E2.35505
G1 X92.338 Y87.587 E2.37623
G1 X92.183 Y87.323 E2.39095
G1 X92.117 Y87.007 E2.40648
G1 X91.746 Y86.902 F7800
;TYPE:External perimeter
G1 F600
G1 X91.817 Y86.554 E2.42356
G1 X92.047 Y86.156 E2.44567
G1 X92.412 Y85.881 E2.46765
G1 X92.847 Y85.736 E2.4897
G1 X93.302 Y85.772 E2.51165
G1 X93.723 Y85.952 E2.53367
G1 X94.04 Y86.281 E2.55564
G1 X94.236 Y86.695 E2.57767
G1 X94.255 Y87.151 E2.59962
G1 X94.236 Y87.305 E2.60708
G1 X94.041 Y87.717 E2.629
G1 X93.723 Y88.048 E2.65108
G1 X93.307 Y88.226 E2.67284
G1 X92.98 Y88.264 E2.68867
G1 X92.554 Y88.192 E2.70945
G1 X92.189 Y87.971 E2.72997
G1 X91.985 Y87.754 E2.74429
G1 X91.816 Y87.443 E2.76131
G1 X91.727 Y87 E2.78304
G1 X91.735 Y86.961 E2.78495
G1 X91.826 Y86.572 F7800
G1 X92.8 Y87
;TYPE:Solid infill
;WIDTH:0.438785
G1 F600
G1 X92.885 Y86.833 E2.7937
G1 X93.072 Y86.813 E2.80248
G1 X93.178 Y86.91 E2.80919
G1 X93.186 Y86.981 E2.81253
G1 X93.156 Y87.138 E2.81999
G1 X93.034 Y87.2 E2.82638
G1 X92.896 Y87.152 E2.8332
;LAYER_CHANGE
;Z:7.25
;HEIGHT:0.3
G1 E.8332 F2400
G92 E0
G1 Z7.25 F7800
G1 X76.828 Y87.451
G1 E2 F2400
;TYPE:Perimeter
;WIDTH:0.45
G1 F600
G1 X76.773 Y87.438 E2.00272
G1 X76.602 Y87.291 E2.01357
G1 X76.504 Y87 E2.02834
G1 X76.588 Y86.729 E2.04199
G1 X76.765 Y86.567 E2.05353
G1 X76.998 Y86.507 E2.0651
G1 X77.228 Y86.563 E2.07649
G1 X77.405 Y86.719 E2.08784
G1 X77.489 Y86.94 E2.09921
G1 X77.489 Y87.059 E2.10493
G1 X77.406 Y87.279 E2.11624
G1 X77.23 Y87.436 E2.12758
G1 X77.001 Y87.493 E2.13893
G1 X76.887 Y87.465 E2.14458
G1 X76.692 Y87.811 F7800
G1 F600
G1 X76.497 Y87.728 E2.15477
G1 X76.285 Y87.51 E2.1694
G1 X76.134 Y87.155 E2.18795
G1 X76.125 Y86.916 E2.19945
G1 X76.249 Y86.542 E2.2184
G1 X76.401 Y86.357 E2.22992
G1 X76.686 Y86.173 E2.24624
G1 X76.998 Y86.122 E2.26145
G1 X77.314 Y86.173 E2.27685
G1 X77.582 Y86.342 E2.29209
G1 X77.784 Y86.589 E2.30744
G1 X77.872 Y86.894 E2.32271
G1 X77.885 Y87 E2.32785
G1 X77.822 Y87.311 E2.34311
G1 X77.662 Y87.587 E2.35845
G1 X77.409 Y87.777 E2.37367
G1 X77.107 Y87.878 E2.38899
G1 X76.791 Y87.853 E2.40424
G1 X76.748 Y87.835 E2.40648
G1 X76.557 Y88.168 F7800
;TYPE:External perimeter
G1 F600
G1 X76.415 Y88.121 E2.41367
G1 X76.152 Y87.937 E2.42911
G1 X75.875 Y87.595 E2.45028
G1 X75.743 Y87.131 E2.47348
G1 X75.763 Y86.699 E2.49428
G1 X75.909 Y86.355 E2.51225
G1 X76.167 Y86.05 E2.53146
G1 X76.548 Y85.809 E2.55314
G1 X76.998 Y85.736 E2.57507
G1 X77.452 Y85.809 E2.59719
G1 X77.838 Y86.053 E2.61915
G1 X78.127 Y86.408 E2.64117
G1 X78.255 Y86.847 E2.66316
G1 X78.236 Y87.305 E2.68521
G1 X78.041 Y87.718 E2.70718
G1 X77.723 Y88.048 E2.72922
G1 X77.303 Y88.227 E2.75118
G1 X76.847 Y88.264 E2.77318
G1 X76.614 Y88.187 E2.78498
G1 X76.259 Y88.003 F7800
G1 X76.914 Y86.813
;TYPE:Solid infill
;WIDTH:0.438385
G1 F600
G1 X77.115 Y86.833 E2.7944
G1 X77.2 Y86.997 E2.80302
G1 X77.105 Y87.174 E2.81239
G1 X77.037 Y87.2 E2.81579
G1 X76.907 Y87.162 E2.82211
G1 X76.819 Y87.064 E2.82825
G1 X76.819 Y86.973 E2.83249
G1 E.83249 F2400
G92 E0
G1 X77.468 Y102.885 F7800
G1 E2 F2400
;TYPE:Perimeter
;WIDTH:0.45
G1 F600
G1 X77.489 Y102.941 E2.00288
G1 X77.461 Y103.175 E2.01421
G1 X77.327 Y103.369 E2.02555
G1 X77.118 Y103.479 E2.03691
G1 X76.882 Y103.479 E2.04826
G1 X76.673 Y103.369 E2.05962
G1 X76.539 Y103.175 E2.07096
G1 X76.511 Y102.941 E2.08229
G1 X76.594 Y102.72 E2.09364
G1 X76.771 Y102.564 E2.10499
G1 X77 Y102.507 E2.11634
G1 X77.229 Y102.564 E2.12769
G1 X77.406 Y102.72 E2.13904
G1 X77.447 Y102.829 E2.14464
G1 X77.843 Y102.792 F7800
G1 F600
G1 X77.872 Y102.894 E2.14974
G1 X77.885 Y103 E2.15488
G1 X77.821 Y103.312 E2.1702
G1 X77.662 Y103.587 E2.18548
G1 X77.408 Y103.778 E2.20077
G1 X77.107 Y103.878 E2.21603
G1 X76.79 Y103.853 E2.23132
G1 X76.497 Y103.728 E2.24664
G1 X76.277 Y103.499 E2.26191
G1 X76.141 Y103.212 E2.27719
G1 X76.128 Y102.894 E2.2925
G1 X76.216 Y102.589 E2.30777
G1 X76.417 Y102.342 E2.32309
G1 X76.686 Y102.173 E2.33837
G1 X77 Y102.122 E2.35367
G1 X77.314 Y102.173 E2.36897
G1 X77.583 Y102.342 E2.38425
G1 X77.784 Y102.589 E2.39957
G1 X77.826 Y102.735 E2.40688
G1 X78.212 Y102.701 F7800
;TYPE:External perimeter
G1 F600
G1 X78.255 Y102.848 E2.41425
G1 X78.273 Y103 E2.42161
G1 X78.182 Y103.448 E2.4436
G1 X77.953 Y103.844 E2.4656
G1 X77.587 Y104.119 E2.48762
G1 X77.153 Y104.264 E2.50963
G1 X76.697 Y104.227 E2.53163
G1 X76.277 Y104.048 E2.55359
G1 X75.96 Y103.718 E2.5756
G1 X75.764 Y103.305 E2.59759
G1 X75.745 Y102.848 E2.61959
G1 X75.873 Y102.408 E2.64163
G1 X76.162 Y102.054 E2.66361
G1 X76.548 Y101.809 E2.6856
G1 X77 Y101.736 E2.70762
G1 X77.452 Y101.809 E2.72964
G1 X77.838 Y102.054 E2.75163
G1 X78.127 Y102.408 E2.77361
G1 X78.196 Y102.644 E2.78544
G1 X78.248 Y103.04 F7800
G1 X76.916 Y102.815
;TYPE:Solid infill
;WIDTH:0.43843
G1 F600
G1 X77.128 Y102.839 E2.79539
G1 X77.186 Y102.979 E2.80246
G1 X77.155 Y103.105 E2.80851
G1 X77.115 Y103.165 E2.81187
G1 X76.978 Y103.199 E2.81846
G1 X76.82 Y103.094 E2.82731
G1 X76.824 Y102.966 E2.83328
G1 E.83328 F2400
G92 E0
G1 X92.519 Y102.952 F7800
G1 E2 F2400
;TYPE:Perimeter
;WIDTH:0.45
G1 F600
G1 X92.588 Y102.729 E2.01123
G1 X92.765 Y102.567 E2.02277
G1 X92.998 Y102.507 E2.03434
G1 X93.228 Y102.563 E2.04573
G1 X93.405 Y102.719 E2.05708
G1 X93.489 Y102.94 E2.06845
G1 X93.489 Y103.059 E2.07417
G1 X93.406 Y103.279 E2.08548
G1 X93.23 Y103.436 E2.09682
G1 X93.001 Y103.493 E2.10817
G1 X92.773 Y103.438 E2.11945
G1 X92.602 Y103.291 E2.1303
G1 X92.507 Y103.009 E2.14461
G1 X92.126 Y102.941 F7800
G1 F600
G1 X92.125 Y102.916 E2.14581
G1 X92.249 Y102.542 E2.16476
G1 X92.401 Y102.357 E2.17628
G1 X92.686 Y102.173 E2.1926
G1 X92.998 Y102.122 E2.20781
G1 X93.314 Y102.173 E2.22321
G1 X93.582 Y102.342 E2.23845
G1 X93.784 Y102.589 E2.2538
G1 X93.872 Y102.894 E2.26907
G1 X93.885 Y103 E2.27421
G1 X93.822 Y103.311 E2.28947
G1 X93.662 Y103.587 E2.30481
G1 X93.409 Y103.777 E2.32003
G1 X93.107 Y103.878 E2.33535
G1 X92.791 Y103.853 E2.3506
G1 X92.497 Y103.728 E2.36597
G1 X92.285 Y103.51 E2.3806
G1 X92.134 Y103.155 E2.39915
G1 X92.128 Y103 E2.40661
G1 X91.752 Y102.933 F7800
;TYPE:External perimeter
G1 F600
G1 X91.763 Y102.699 E2.41788
G1 X91.909 Y102.355 E2.43585
G1 X92.167 Y102.05 E2.45506
G1 X92.548 Y101.809 E2.47674
G1 X92.998 Y101.736 E2.49867
G1 X93.452 Y101.809 E2.52079
G1 X93.838 Y102.053 E2.54275
G1 X94.127 Y102.408 E2.56477
G1 X94.255 Y102.847 E2.58676
G1 X94.236 Y103.305 E2.60881
G1 X94.041 Y103.718 E2.63078
G1 X93.723 Y104.048 E2.65282
G1 X93.303 Y104.227 E2.67478
G1 X92.847 Y104.264 E2.69678
G1 X92.415 Y104.121 E2.71867
G1 X92.152 Y103.937 E2.73411
G1 X91.875 Y103.595 E2.75528
G1 X91.743 Y103.131 E2.77848
G1 X91.749 Y102.993 E2.78512
G1 X91.819 Y102.599 F7800
G1 X92.91 Y102.817
;TYPE:Solid infill
;WIDTH:0.438155
G1 F600
G1 X93.115 Y102.835 E2.79471
G1 X93.203 Y102.967 E2.80211
G1 X93.182 Y103.066 E2.80683
G1 X93.113 Y103.165 E2.81246
G1 X92.98 Y103.199 E2.81886
G1 X92.842 Y103.129 E2.82607
G1 X92.801 Y103.03 E2.83107
G1 X92.808 Y102.972 E2.83379
G1 E.83379 F2400
G92 E0
G1 X92.519 Y86.952 F7800
G1 E2 F2400
;TYPE:Perimeter
;WIDTH:0.45
G1 F600
G1 X92.588 Y86.729 E2.01123
G1 X92.765 Y86.567 E2.02277
G1 X92.998 Y86.507 E2.03434
G1 X93.228 Y86.563 E2.04573
G1 X93.405 Y86.719 E2.05708
G1 X93.489 Y86.94 E2.06845
G1 X93.496 Y87 E2.07136
G1 X93.44 Y87.231 E2.08279
G1 X93.282 Y87.409 E2.09424
G1 X93.06 Y87.493 E2.10566
G1 X92.842 Y87.469 E2.11621
G1 X92.6 Y87.289 E2.13072
G1 X92.507 Y87.009 E2.14491
G1 X92.126 Y86.941 F7800
G1 F600
G1 X92.125 Y86.916 E2.14611
G1 X92.249 Y86.542 E2.16506
G1 X92.401 Y86.357 E2.17658
G1 X92.686 Y86.173 E2.1929
G1 X92.998 Y86.122 E2.20811
G1 X93.314 Y86.173 E2.22351
G1 X93.582 Y86.342 E2.23875
G1 X93.784 Y86.589 E2.2541
G1 X93.872 Y86.894 E2.26937
G1 X93.885 Y87 E2.27451
G1 X93.822 Y87.311 E2.28977
G1 X93.662 Y87.587 E2.30511
G1 X93.41 Y87.777 E2.32029
G1 X93.107 Y87.878 E2.33565
G1 X92.803 Y87.856 E2.35031
G1 X92.455 Y87.69 E2.36885
G1 X92.289 Y87.517 E2.38038
G1 X92.134 Y87.155 E2.39932
G1 X92.128 Y87 E2.40678
G1 X91.752 Y86.933 F7800
;TYPE:External perimeter
G1 F600
G1 X91.763 Y86.699 E2.41805
G1 X91.909 Y86.355 E2.43602
G1 X92.167 Y86.05 E2.45523
G1 X92.548 Y85.809 E2.47691
G1 X92.998 Y85.736 E2.49884
G1 X93.452 Y85.809 E2.52096
G1 X93.838 Y86.053 E2.54292
G1 X94.127 Y86.408 E2.56494
G1 X94.255 Y86.847 E2.58693
G1 X94.236 Y87.305 E2.60898
G1 X94.041 Y87.717 E2.6309
G1 X93.723 Y88.048 E2.65298
G1 X93.305 Y88.227 E2.67485
G1 X92.987 Y88.264 E2.69025
G1 X92.552 Y88.192 E2.71146
G1 X92.146 Y87.932 E2.73465
G1 X91.875 Y87.595 E2.75545
G1 X91.743 Y87.131 E2.77865
G1 X91.749 Y86.993 E2.78529
G1 X91.819 Y86.599 F7800
G1 X92.914 Y86.813
;TYPE:Solid infill
;WIDTH:0.439876
G1 F600
G1 X93.114 Y86.833 E2.7947
G1 X93.205 Y87.013 E2.80415
G1 X93.161 Y87.107 E2.80901
G1 X93.02 Y87.201 E2.81695
G1 X92.847 Y87.136 E2.82561
G1 X92.795 Y87 E2.83243
G1 X92.806 Y86.971 E2.83388
;LAYER_CHANGE
;Z:7.55
;HEIGHT:0.3
G1 E.83388 F2400
G92 E0
G1 Z7.55 F7800
G1 X76.828 Y87.451
G1 E2 F2400
;TYPE:Perimeter
;WIDTH:0.45
G1 F600
G1 X76.772 Y87.437 E2.00278
G1 X76.597 Y87.283 E2.01399
G1 X76.51 Y87.055 E2.02573
G1 X76.538 Y86.833 E2.03649
G1 X76.67 Y86.634 E2.04798
G1 X76.881 Y86.522 E2.05947
G1 X77.113 Y86.52 E2.07063
G1 X77.33 Y86.634 E2.08242
G1 X77.46 Y86.824 E2.09349
G1 X77.489 Y87.059 E2.10488
G1 X77.406 Y87.28 E2.11623
G1 X77.229 Y87.436 E2.12758
G1 X77 Y87.493 E2.13893
G1 X76.887 Y87.465 E2.14453
G1 X76.692 Y87.811 F7800
G1 F600
G1 X76.497 Y87.728 E2.15472
G1 X76.279 Y87.502 E2.16982
G1 X76.139 Y87.197 E2.18596
G1 X76.127 Y86.899 E2.2003
G1 X76.225 Y86.577 E2.21649
G1 X76.497 Y86.272 E2.23615
G1 X76.789 Y86.147 E2.25143
G1 X77.107 Y86.122 E2.26677
G1 X77.505 Y86.274 E2.28726
G1 X77.721 Y86.498 E2.30223
G1 X77.859 Y86.788 E2.31768
G1 X77.872 Y87.105 E2.33294
G1 X77.821 Y87.311 E2.34315
G1 X77.662 Y87.587 E2.35847
G1 X77.408 Y87.778 E2.37376
G1 X77.107 Y87.878 E2.38902
G1 X76.79 Y87.853 E2.40431
G1 X76.748 Y87.835 E2.40651
G1 X76.548 Y88.191 F7800
;TYPE:External perimeter
G1 F600
G1 X76.163 Y87.947 E2.42843
G1 X75.873 Y87.593 E2.45044
G1 X75.762 Y87.288 E2.46605
G1 X75.745 Y86.852 E2.48704
G1 X75.821 Y86.551 E2.50197
G1 X76.047 Y86.156 E2.52386
G1 X76.411 Y85.881 E2.5458
G1 X76.847 Y85.736 E2.5679
G1 X77.298 Y85.772 E2.58966
G1 X77.724 Y85.953 E2.61192
G1 X78.041 Y86.283 E2.63393
G1 X78.236 Y86.695 E2.65585
G1 X78.255 Y87.152 E2.67785
G1 X78.127 Y87.592 E2.69989
G1 X77.838 Y87.946 E2.72187
G1 X77.452 Y88.191 E2.74386
G1 X77 Y88.264 E2.76588
G1 X76.608 Y88.2 E2.78498
G1 X76.259 Y88.004 F7800
G1 X76.912 Y86.634
;TYPE:Top solid infill
;WIDTH:0.462546
G1 F600
G1 X77.222 Y86.945 E2.80679
G1 X77.205 Y87.103 E2.81468
G1 X77.127 Y87.192 E2.82056
G1 X77.086 Y87.213 E2.82285
G1 X76.933 Y87.219 E2.83045
G1 X76.628 Y86.914 E2.85187
G1 E.85187 F2400
G92 E0
G1 X77.468 Y102.884 F7800
G1 E2 F2400
;TYPE:Perimeter
;WIDTH:0.45
G1 F600
G1 X77.489 Y103.059 E2.00848
G1 X77.406 Y103.28 E2.01983
G1 X77.229 Y103.436 E2.03118
G1 X77 Y103.493 E2.04253
G1 X76.772 Y103.437 E2.05382
G1 X76.597 Y103.283 E2.06503
G1 X76.51 Y103.055 E2.07677
G1 X76.538 Y102.833 E2.08753
G1 X76.67 Y102.634 E2.09902
G1 X76.881 Y102.522 E2.11051
G1 X77.113 Y102.52 E2.12167
G1 X77.33 Y102.634 E2.13346
G1 X77.46 Y102.824 E2.14453
G1 X77.859 Y102.788 F7800
G1 F600
G1 X77.872 Y103.105 E2.15979
G1 X77.821 Y103.311 E2.17
G1 X77.662 Y103.587 E2.18532
G1 X77.408 Y103.778 E2.20061
G1 X77.107 Y103.878 E2.21587
G1 X76.79 Y103.853 E2.23116
G1 X76.497 Y103.728 E2.24648
G1 X76.279 Y103.502 E2.26158
G1 X76.139 Y103.197 E2.27772
G1 X76.127 Y102.899 E2.29206
G1 X76.225 Y102.577 E2.30825
G1 X76.497 Y102.272 E2.32791
G1 X76.789 Y102.147 E2.34319
G1 X77.107 Y102.122 E2.35853
G1 X77.505 Y102.274 E2.37902
G1 X77.721 Y102.498 E2.39399
G1 X77.833 Y102.734 E2.40655
G1 X78.236 Y102.695 F7800
;TYPE:External perimeter
G1 F600
G1 X78.255 Y103.152 E2.42855
G1 X78.127 Y103.592 E2.45059
G1 X77.838 Y103.946 E2.47257
G1 X77.452 Y104.191 E2.49456
G1 X77 Y104.264 E2.51658
G1 X76.548 Y104.191 E2.5386
G1 X76.163 Y103.947 E2.56052
G1 X75.873 Y103.593 E2.58253
G1 X75.762 Y103.288 E2.59814
G1 X75.745 Y102.852 E2.61913
G1 X75.821 Y102.551 E2.63406
G1 X76.047 Y102.156 E2.65595
G1 X76.411 Y101.881 E2.67789
G1 X76.847 Y101.736 E2.69999
G1 X77.298 Y101.772 E2.72175
G1 X77.724 Y101.953 E2.74401
G1 X78.041 Y102.283 E2.76602
G1 X78.211 Y102.641 E2.78508
G1 X78.247 Y103.039 F7800
G1 X76.912 Y102.634
;TYPE:Top solid infill
;WIDTH:0.462222
G1 F600
G1 X77.222 Y102.944 E2.80683
G1 X77.222 Y103.056 E2.81239
G1 X77.187 Y103.129 E2.81641
G1 X77.128 Y103.191 E2.82066
G1 X76.971 Y103.227 E2.82865
G1 X76.928 Y103.213 E2.83089
G1 X76.628 Y102.913 E2.85194
G1 E.85194 F2400
G92 E0
G1 X92.517 Y103.001 F7800
G1 E2 F2400
;TYPE:Perimeter
;WIDTH:0.45
G1 F600
G1 X92.538 Y102.833 E2.00814
G1 X92.67 Y102.634 E2.01963
G1 X92.881 Y102.522 E2.03112
G1 X93.113 Y102.52 E2.04228
G1 X93.33 Y102.634 E2.05407
G1 X93.46 Y102.824 E2.06514
G1 X93.489 Y103.059 E2.07653
G1 X93.406 Y103.28 E2.08788
G1 X93.229 Y103.436 E2.09923
G1 X93.001 Y103.493 E2.11053
G1 X92.778 Y103.438 E2.12158
G1 X92.597 Y103.284 E2.13301
G1 X92.512 Y103.06 E2.14453
G1 X92.131 Y103 F7800
G1 F600
G1 X92.127 Y102.899 E2.14939
G1 X92.225 Y102.577 E2.16558
G1 X92.497 Y102.272 E2.18524
G1 X92.789 Y102.147 E2.20052
G1 X93.107 Y102.122 E2.21586
G1 X93.505 Y102.274 E2.23635
G1 X93.721 Y102.498 E2.25132
G1 X93.859 Y102.788 E2.26677
G1 X93.872 Y103.105 E2.28203
G1 X93.821 Y103.311 E2.29224
G1 X93.662 Y103.587 E2.30756
G1 X93.409 Y103.778 E2.32281
G1 X93.107 Y103.878 E2.33811
G1 X92.794 Y103.854 E2.35321
G1 X92.486 Y103.719 E2.36938
G1 X92.28 Y103.503 E2.38374
G1 X92.139 Y103.197 E2.39994
G1 X92.134 Y103.06 E2.40653
G1 X91.75 Y103 F7800
;TYPE:External perimeter
G1 F600
G1 X91.745 Y102.852 E2.41365
G1 X91.821 Y102.551 E2.42858
G1 X92.047 Y102.156 E2.45047
G1 X92.411 Y101.881 E2.47241
G1 X92.847 Y101.736 E2.49451
G1 X93.298 Y101.772 E2.51627
G1 X93.724 Y101.953 E2.53853
G1 X94.041 Y102.283 E2.56054
G1 X94.236 Y102.695 E2.58246
G1 X94.255 Y103.152 E2.60446
G1 X94.127 Y103.592 E2.6265
G1 X93.838 Y103.946 E2.64848
G1 X93.452 Y104.191 E2.67047
G1 X93.001 Y104.264 E2.69244
G1 X92.55 Y104.191 E2.71441
G1 X92.158 Y103.943 E2.73672
G1 X91.873 Y103.593 E2.75843
G1 X91.762 Y103.288 E2.77404
G1 X91.753 Y103.06 E2.78501
G1 X91.8 Y102.663 F7800
G1 X92.912 Y102.634
;TYPE:Top solid infill
;WIDTH:0.462679
G1 F600
G1 X93.222 Y102.945 E2.80682
G1 X93.222 Y103.056 E2.81233
G1 X93.188 Y103.129 E2.81633
G1 X93.128 Y103.191 E2.82062
G1 X93.086 Y103.213 E2.82298
G1 X92.933 Y103.219 E2.83059
G1 X92.628 Y102.914 E2.85202
G1 E.85202 F2400
G92 E0
G1 X92.517 Y87.001 F7800
G1 E2 F2400
;TYPE:Perimeter
;WIDTH:0.45
G1 F600
G1 X92.538 Y86.833 E2.00814
G1 X92.67 Y86.634 E2.01963
G1 X92.881 Y86.522 E2.03112
G1 X93.113 Y86.52 E2.04228
G1 X93.33 Y86.634 E2.05407
G1 X93.46 Y86.824 E2.06514
G1 X93.489 Y87.059 E2.07653
G1 X93.406 Y87.28 E2.08788
G1 X93.229 Y87.436 E2.09923
G1 X93 Y87.493 E2.11058
G1 X92.772 Y87.437 E2.12187
G1 X92.597 Y87.283 E2.13308
G1 X92.512 Y87.06 E2.14456
G1 X92.131 Y87 F7800
G1 F600
G1 X92.127 Y86.899 E2.14942
G1 X92.225 Y86.577 E2.16561
G1 X92.497 Y86.272 E2.18527
G1 X92.789 Y86.147 E2.20055
G1 X93.107 Y86.122 E2.21589
G1 X93.505 Y86.274 E2.23638
G1 X93.721 Y86.498 E2.25135
G1 X93.859 Y86.788 E2.2668
G1 X93.872 Y87.105 E2.28206
G1 X93.821 Y87.311 E2.29227
G1 X93.662 Y87.587 E2.30759
G1 X93.408 Y87.778 E2.32288
G1 X93.107 Y87.878 E2.33814
G1 X92.79 Y87.853 E2.35343
G1 X92.497 Y87.728 E2.36875
G1 X92.279 Y87.502 E2.38385
G1 X92.139 Y87.197 E2.39999
G1 X92.134 Y87.06 E2.40658
G1 X91.75 Y87 F7800
;TYPE:External perimeter
G1 F600
G1 X91.745 Y86.852 E2.4137
G1 X91.821 Y86.551 E2.42863
G1 X92.047 Y86.156 E2.45052
G1 X92.411 Y85.881 E2.47246
G1 X92.847 Y85.736 E2.49456
G1 X93.298 Y85.772 E2.51632
G1 X93.724 Y85.953 E2.53858
G1 X94.041 Y86.283 E2.56059
G1 X94.236 Y86.695 E2.58251
G1 X94.255 Y87.152 E2.60451
G1 X94.127 Y87.592 E2.62655
G1 X93.838 Y87.946 E2.64853
G1 X93.452 Y88.191 E2.67052
G1 X93 Y88.264 E2.69254
G1 X92.548 Y88.191 E2.71456
G1 X92.163 Y87.947 E2.73648
G1 X91.873 Y87.593 E2.75849
G1 X91.762 Y87.288 E2.7741
G1 X91.753 Y87.06 E2.78507
G1 X91.8 Y86.663 F7800
G1 X92.912 Y86.634
;TYPE:Top solid infill
;WIDTH:0.461559
G1 F600
G1 X93.222 Y86.944 E2.80679
G1 X93.205 Y87.103 E2.81471
G1 X93.127 Y87.192 E2.82057
G1 X92.972 Y87.227 E2.82844
G1 X92.926 Y87.209 E2.83089
G1 X92.629 Y86.912 E2.8517
G1 E.8517 F2400
G92 E0
M107
;TYPE:Custom
; Filament-specific end gcode
M104 S0 ; turn off temperature
G28 X0  ; home X axis
M84     ; disable motors
; objects_info = {"objects":[]}
; filament used [mm] = 842.11
; filament used [cm3] = 2.03
; filament used [g] = 2.63
; filament cost = 0.06
; total filament used [g] = 2.63
; total filament cost = 0.06
; total filament used for wipe tower [g] = 0.00
; estimated printing time (normal mode) = 10m 47s
; estimated first layer printing time (normal mode) = 1m 8s

; prusaslicer_config = begin
; arc_fitting = disabled
; autoemit_temperature_commands = 1
; automatic_extrusion_widths = 0
; automatic_infill_combination = 0
; automatic_infill_combination_max_layer_height = 100%
; avoid_crossing_curled_overhangs = 0
; avoid_crossing_perimeters = 0
; avoid_crossing_perimeters_max_detour = 0
; bed_custom_model = 
; bed_custom_texture = 
; bed_shape = 0x0,170x0,170x190,0x190
; bed_temperature = 67
; bed_temperature_extruder = 0
; before_layer_gcode = 
; between_objects_gcode = 
; binary_gcode = 0
; bottom_fill_pattern = monotonic
; bottom_solid_layers = 3
; bottom_solid_min_thickness = 0
; bridge_acceleration = 0
; bridge_angle = 0
; bridge_fan_speed = 100
; bridge_flow_ratio = 1
; bridge_speed = 60
; brim_separation = 0
; brim_type = outer_only
; brim_width = 0
; chamber_minimal_temperature = 0
; chamber_temperature = 0
; color_change_gcode = M600
; colorprint_heights = 
; compatible_printers_condition_cummulative = ;"printer_notes!~/.*NO_TEMPLATES.*/ and printer_notes!~/.*PRINTER_VENDOR_TRILAB.*/ and printer_notes!~/.*PRINTER_MODEL_MK4IS.*/ and ! (printer_notes=~/.*PRINTER_VENDOR_PRUSA3D.*/ and num_extruders>1)"
; complete_objects = 0
; cooling = 1
; cooling_perimeter_transition_distance = 0
; cooling_slowdown_logic = uniform_cooling
; cooling_tube_length = 5
; cooling_tube_retraction = 91.5
; custom_parameters_filament = ""
; custom_parameters_print = 
; custom_parameters_printer = 
; default_acceleration = 0
; default_filament_profile = 
; default_print_profile = 
; deretract_speed = 0
; disable_fan_first_layers = 1
; dont_support_bridges = 1
; draft_shield = disabled
; duplicate_distance = 6
; elefant_foot_compensation = 0
; enable_dynamic_fan_speeds = 0
; enable_dynamic_overhang_speeds = 0
; end_filament_gcode = "; Filament-specific end gcode"
; end_gcode = M104 S0 ; turn off temperature\nG28 X0  ; home X axis\nM84     ; disable motors\n
; ensure_vertical_shell_thickness = enabled
; external_perimeter_acceleration = 0
; external_perimeter_extrusion_width = 0.45
; external_perimeter_speed = 50%
; external_perimeters_first = 0
; extra_loading_move = -2
; extra_perimeters = 1
; extra_perimeters_on_overhangs = 0
; extruder_clearance_height = 20
; extruder_clearance_radius = 20
; extruder_colour = ""
; extruder_offset = 0x0
; extrusion_axis = E
; extrusion_multiplier = 1
; extrusion_width = 0.45
; fan_always_on = 1
; fan_below_layer_time = 100
; filament_abrasive = 0
; filament_colour = #FF8000
; filament_cooling_final_speed = 2
; filament_cooling_initial_speed = 3
; filament_cooling_moves = 1
; filament_cost = 23.63
; filament_density = 1.3
; filament_deretract_speed = nil
; filament_diameter = 1.75
; filament_infill_max_crossing_speed = 0
; filament_infill_max_speed = 0
; filament_load_time = 0
; filament_loading_speed = 14
; filament_loading_speed_start = 19
; filament_max_volumetric_speed = 0
; filament_minimal_purge_on_wipe_tower = 0
; filament_multitool_ramming = 0
; filament_multitool_ramming_flow = 10
; filament_multitool_ramming_volume = 10
; filament_notes = https://www.extrudr.com/en/products/catalogue/?material=128
; filament_purge_multiplier = 100%
; filament_ramming_parameters = "130 120 2.70968 2.93548 3.32258 3.83871 4.58065 5.54839 6.51613 7.35484 7.93548 8.16129| 0.05 2.66451 0.45 3.05805 0.95 4.05807 1.45 5.97742 1.95 7.69999 2.45 8.1936 2.95 11.342 3.45 11.4065 3.95 7.6 4.45 7.6 4.95 7.6"
; filament_retract_before_travel = nil
; filament_retract_before_wipe = nil
; filament_retract_layer_change = nil
; filament_retract_length = nil
; filament_retract_length_toolchange = nil
; filament_retract_lift = nil
; filament_retract_lift_above = nil
; filament_retract_lift_below = nil
; filament_retract_restart_extra = nil
; filament_retract_restart_extra_toolchange = nil
; filament_retract_speed = nil
; filament_seam_gap_distance = nil
; filament_settings_id = "Extrudr PLA NX2 geändert"
; filament_shrinkage_compensation_xy = 0%
; filament_shrinkage_compensation_z = 0%
; filament_soluble = 0
; filament_spool_weight = 262
; filament_stamping_distance = 0
; filament_stamping_loading_speed = 20
; filament_toolchange_delay = 0
; filament_travel_lift_before_obstacle = nil
; filament_travel_max_lift = nil
; filament_travel_ramping_lift = nil
; filament_travel_slope = nil
; filament_type = PLA
; filament_unload_time = 0
; filament_unloading_speed = 20
; filament_unloading_speed_start = 100
; filament_vendor = Extrudr
; filament_wipe = nil
; fill_angle = 45
; fill_density = 20%
; fill_pattern = stars
; first_layer_acceleration = 0
; first_layer_acceleration_over_raft = 0
; first_layer_bed_temperature = 67
; first_layer_extrusion_width = 0.42
; first_layer_height = 0.35
; first_layer_infill_speed = 0
; first_layer_speed = 30
; first_layer_speed_over_raft = 30
; first_layer_temperature = 220
; full_fan_speed_layer = 0
; fuzzy_skin = none
; fuzzy_skin_point_dist = 0.8
; fuzzy_skin_thickness = 0.3
; gap_fill_enabled = 1
; gap_fill_speed = 20
; gcode_comments = 0
; gcode_flavor = klipper
; gcode_label_objects = disabled
; gcode_resolution = 0.0125
; gcode_substitutions = 
; high_current_on_filament_swap = 0
; host_type = prusalink
; idle_temperature = nil
; infill_acceleration = 0
; infill_anchor = 600%
; infill_anchor_max = 50
; infill_every_layers = 1
; infill_extruder = 1
; infill_extrusion_width = 0.45
; infill_first = 0
; infill_overlap = 25%
; infill_speed = 70
; inherits_cummulative = ;"Extrudr PLA NX2 @Template";
; interface_shells = 0
; interlocking_beam = 0
; interlocking_beam_layer_count = 2
; interlocking_beam_width = 0.8
; interlocking_boundary_avoidance = 2
; interlocking_depth = 2
; interlocking_orientation = 22.5
; ironing = 0
; ironing_flowrate = 15%
; ironing_spacing = 0.1
; ironing_speed = 15
; ironing_type = top
; layer_gcode = 
; layer_height = 0.3
; machine_limits_usage = time_estimate_only
; machine_max_acceleration_e = 10000,5000
; machine_max_acceleration_extruding = 1500,1250
; machine_max_acceleration_retracting = 1500,1250
; machine_max_acceleration_travel = 1500,1250
; machine_max_acceleration_x = 9000,1000
; machine_max_acceleration_y = 9000,1000
; machine_max_acceleration_z = 500,200
; machine_max_feedrate_e = 120,120
; machine_max_feedrate_x = 500,200
; machine_max_feedrate_y = 500,200
; machine_max_feedrate_z = 12,12
; machine_max_jerk_e = 2.5,2.5
; machine_max_jerk_x = 10,10
; machine_max_jerk_y = 10,10
; machine_max_jerk_z = 0.2,0.4
; machine_min_extruding_rate = 0,0
; machine_min_travel_rate = 0,0
; max_fan_speed = 90
; max_layer_height = 0
; max_print_height = 170
; max_print_speed = 80
; max_volumetric_extrusion_rate_slope_negative = 0
; max_volumetric_extrusion_rate_slope_positive = 0
; max_volumetric_speed = 0
; min_bead_width = 85%
; min_fan_speed = 30
; min_feature_size = 25%
; min_layer_height = 0.07
; min_print_speed = 10
; min_skirt_length = 0
; mmu_segmented_region_interlocking_depth = 0
; mmu_segmented_region_max_width = 0
; multimaterial_purging = 140
; notes = 
; nozzle_diameter = 0.4
; nozzle_high_flow = 0
; only_one_perimeter_first_layer = 0
; only_retract_when_crossing_perimeters = 0
; ooze_prevention = 0
; output_filename_format = [input_filename_base].gcode
; over_bridge_speed = 0
; overhang_fan_speed_0 = 0
; overhang_fan_speed_1 = 0
; overhang_fan_speed_2 = 0
; overhang_fan_speed_3 = 0
; overhang_speed_0 = 15
; overhang_speed_1 = 15
; overhang_speed_2 = 20
; overhang_speed_3 = 25
; overhangs = 1
; parking_pos_retraction = 92
; pause_print_gcode = M601
; perimeter_acceleration = 0
; perimeter_extruder = 1
; perimeter_extrusion_width = 0.45
; perimeter_generator = arachne
; perimeter_speed = 60
; perimeters = 3
; physical_printer_settings_id = 
; post_process = 
; prefer_clockwise_movements = 0
; print_settings_id = Sparkcube default
; printer_model = 
; printer_notes = 
; printer_settings_id = Sparkcube
; printer_technology = FFF
; printer_variant = 
; printer_vendor = 
; raft_contact_distance = 0.1
; raft_expansion = 1.5
; raft_first_layer_density = 90%
; raft_first_layer_expansion = 3
; raft_layers = 0
; remaining_times = 0
; resolution = 0
; retract_before_travel = 2
; retract_before_wipe = 0%
; retract_layer_change = 0
; retract_length = 2
; retract_length_toolchange = 10
; retract_lift = 0
; retract_lift_above = 0
; retract_lift_below = 0
; retract_restart_extra = 0
; retract_restart_extra_toolchange = 0
; retract_speed = 40
; scarf_seam_entire_loop = 0
; scarf_seam_length = 20
; scarf_seam_max_segment_length = 1
; scarf_seam_on_inner_perimeters = 0
; scarf_seam_only_on_smooth = 1
; scarf_seam_placement = nowhere
; scarf_seam_start_height = 0%
; seam_gap_distance = 15%
; seam_position = aligned
; silent_mode = 1
; single_extruder_multi_material = 0
; single_extruder_multi_material_priming = 1
; skirt_distance = 6
; skirt_height = 1
; skirts = 0
; slice_closing_radius = 0.049
; slicing_mode = regular
; slowdown_below_layer_time = 20
; small_perimeter_speed = 30
; solid_infill_acceleration = 0
; solid_infill_below_area = 70
; solid_infill_every_layers = 0
; solid_infill_extruder = 1
; solid_infill_extrusion_width = 0.45
; solid_infill_speed = 50
; spiral_vase = 0
; staggered_inner_seams = 0
; standby_temperature_delta = -5
; start_filament_gcode = "; Filament gcode\n"
; start_gcode = G28 ; home all axes\nG1 Z5 F5000 ; lift nozzle\n
; support_material = 1
; support_material_angle = 0
; support_material_auto = 1
; support_material_bottom_contact_distance = 0
; support_material_bottom_interface_layers = -1
; support_material_buildplate_only = 0
; support_material_closing_radius = 2
; support_material_contact_distance = 0.2
; support_material_enforce_layers = 0
; support_material_extruder = 1
; support_material_extrusion_width = 0.35
; support_material_interface_contact_loops = 0
; support_material_interface_extruder = 1
; support_material_interface_layers = 3
; support_material_interface_pattern = rectilinear
; support_material_interface_spacing = 0
; support_material_interface_speed = 100%
; support_material_pattern = rectilinear
; support_material_spacing = 2.5
; support_material_speed = 60
; support_material_style = grid
; support_material_synchronize_layers = 0
; support_material_threshold = 0
; support_material_with_sheath = 1
; support_material_xy_spacing = 50%
; support_tree_angle = 40
; support_tree_angle_slow = 25
; support_tree_branch_diameter = 2
; support_tree_branch_diameter_angle = 5
; support_tree_branch_diameter_double_wall = 3
; support_tree_branch_distance = 1
; support_tree_tip_diameter = 0.8
; support_tree_top_rate = 15%
; temperature = 220
; template_custom_gcode = 
; thick_bridges = 1
; thin_walls = 1
; thumbnails = 
; thumbnails_format = PNG
; toolchange_gcode = 
; top_fill_pattern = monotonic
; top_infill_extrusion_width = 0.4
; top_one_perimeter_type = none
; top_solid_infill_acceleration = 0
; top_solid_infill_speed = 40
; top_solid_layers = 4
; top_solid_min_thickness = 0
; travel_acceleration = 0
; travel_lift_before_obstacle = 0
; travel_max_lift = 0
; travel_ramping_lift = 0
; travel_short_distance_acceleration = 0
; travel_slope = 0
; travel_speed = 130
; travel_speed_z = 0
; use_firmware_retraction = 0
; use_relative_e_distances = 0
; use_volumetric_e = 0
; variable_layer_height = 1
; wall_distribution_count = 1
; wall_transition_angle = 10
; wall_transition_filter_deviation = 25%
; wall_transition_length = 100%
; wipe = 0
; wipe_into_infill = 0
; wipe_into_objects = 0
; wipe_tower = 0
; wipe_tower_acceleration = 0
; wipe_tower_bridging = 10
; wipe_tower_brim_width = 2
; wipe_tower_cone_angle = 0
; wipe_tower_extra_flow = 100%
; wipe_tower_extra_spacing = 100%
; wipe_tower_extruder = 0
; wipe_tower_no_sparse_layers = 0
; wipe_tower_width = 60
; wiping_volumes_matrix = 0
; wiping_volumes_use_custom_matrix = 0
; xy_size_compensation = 0
; z_offset = 0
; prusaslicer_config = end
