; generated by PrusaSlicer 2.9.3 on 2026-03-15 at 09:30:33 UTC

; 

; external perimeters extrusion width = 0.45mm
; perimeters extrusion width = 0.45mm
; infill extrusion width = 0.45mm
; solid infill extrusion width = 0.45mm
; top infill extrusion width = 0.40mm
; support material extrusion width = 0.35mm
; first layer extrusion width = 0.42mm

M190 S67 ; set bed temperature and wait for it to be reached
M104 S220 ; set temperature
;TYPE:Custom
G28 ; home all axes
G1 Z5 F5000 ; lift nozzle
M109 S220 ; set temperature and wait for it to be reached
G21 ; set units to millimeters
G90 ; use absolute coordinates
M82 ; use absolute distances for extrusion
G92 E0
; Filament gcode
M107
;LAYER_CHANGE
;Z:0.35
;HEIGHT:0.35
G1 E-2 F2400
G92 E0
G1 Z.35 F7800
G92 E0
G1 X75.176 Y104.953
G1 E2 F2400
;TYPE:Perimeter
;WIDTH:0.42
G1 F1800
G1 X75.413 Y104.902 E2.01217
G1 X75.882 Y104.931 E2.03575
G1 X76.447 Y105.126 E2.06575
G1 X77.017 Y105.549 E2.10137
G1 X77.414 Y106.137 E2.13698
G1 X77.592 Y106.824 E2.1726
G1 X77.531 Y107.531 E2.20821
G1 X77.238 Y108.177 E2.24381
G1 X76.747 Y108.689 E2.27941
G1 X76.113 Y109.008 E2.31503
G1 X75.409 Y109.097 E2.35064
G1 X74.894 Y108.994 E2.377
G1 X74.587 Y108.895 E2.39319
G1 X74.233 Y108.673 E2.41416
G1 X73.864 Y108.316 E2.43993
G1 X73.58 Y107.816 E2.46879
G1 X73.469 Y107.531 E2.48414
G1 X73.454 Y107.412 E2.49016
G1 X73.402 Y106.86 E2.51799
G1 X73.475 Y106.449 E2.53894
G1 X73.669 Y105.973 E2.56474
G1 X74.114 Y105.423 E2.60025
G1 X74.719 Y105.051 E2.63589
G1 X75.117 Y104.966 E2.65631
G1 X75.231 Y105.288 F7800
;TYPE:External perimeter
G1 F1800
G1 X75.471 Y105.242 E2.66857
G1 X75.826 Y105.273 E2.68645
G1 X76.332 Y105.451 E2.71337
G1 X76.8 Y105.817 E2.74319
G1 X77.12 Y106.318 E2.77302
G1 X77.255 Y106.896 E2.80281
G1 X77.189 Y107.487 E2.83265
G1 X76.93 Y108.022 E2.86248
G1 X76.508 Y108.44 E2.89229
G1 X75.971 Y108.694 E2.9221
G1 X75.38 Y108.754 E2.95191
G1 X74.802 Y108.614 E2.98176
G1 X74.473 Y108.425 E3.0008
G1 X74.104 Y108.068 E3.02657
G1 X73.828 Y107.543 E3.05634
G1 X73.796 Y107.368 E3.06527
G1 X73.743 Y106.908 E3.08851
G1 X73.795 Y106.578 E3.10528
G1 X73.988 Y106.103 E3.13101
G1 X74.373 Y105.651 E3.16081
G1 X74.887 Y105.352 E3.19065
G1 X75.172 Y105.299 E3.2052
G1 X75.57 Y105.261 F7800
G1 E1.2052 F2400
G92 E0
G1 X93.952 Y84.999 F7800
G1 E2 F2400
;TYPE:Perimeter
G1 F1800
G1 X93.716 Y84.947 E2.01213
G1 X93.112 Y84.575 E2.04773
G1 X92.666 Y84.022 E2.08338
G1 X92.431 Y83.353 E2.11897
G1 X92.431 Y82.643 E2.1546
G1 X92.668 Y81.975 E2.19017
G1 X93.114 Y81.423 E2.22578
G1 X93.719 Y81.051 E2.26142
G1 X94.413 Y80.902 E2.29704
G1 X94.544 Y80.897 E2.30362
G1 X94.941 Y80.947 E2.3237
G1 X95.447 Y81.126 E2.35064
G1 X96.017 Y81.549 E2.38626
G1 X96.306 Y81.922 E2.40994
G1 X96.508 Y82.412 E2.43654
G1 X96.57 Y82.664 E2.44956
G1 X96.592 Y83.18 E2.47548
G1 X96.412 Y83.867 E2.51112
G1 X96.198 Y84.239 E2.53266
G1 X95.746 Y84.69 E2.5647
G1 X95.113 Y85.008 E2.60025
G1 X94.409 Y85.097 E2.63586
G1 X94.011 Y85.011 E2.65629
G1 X94.04 Y84.671 F7800
;TYPE:External perimeter
G1 F1800
G1 X93.803 Y84.614 E2.66852
G1 X93.305 Y84.289 E2.69836
G1 X92.944 Y83.817 E2.72818
G1 X92.76 Y83.252 E2.758
G1 X92.776 Y82.658 E2.78782
G1 X92.988 Y82.103 E2.81764
G1 X93.373 Y81.651 E2.84744
G1 X93.887 Y81.352 E2.87728
G1 X94.515 Y81.24 E2.90929
G1 X94.92 Y81.306 E2.92988
G1 X95.383 Y81.48 E2.9547
G1 X95.801 Y81.818 E2.98168
G1 X96.023 Y82.125 E3.00069
G1 X96.212 Y82.602 E3.02644
G1 X96.247 Y83.194 E3.0562
G1 X96.082 Y83.766 E3.08608
G1 X95.88 Y84.087 E3.10511
G1 X95.508 Y84.44 E3.13085
G1 X94.971 Y84.694 E3.16066
G1 X94.38 Y84.754 E3.19047
G1 X94.098 Y84.685 E3.20504
G1 X93.723 Y84.547 F7800
G1 E1.20504 F2400
G92 E0
G1 X96.994 Y82.526 F7800
G1 E2 F2400
;TYPE:Perimeter
;WIDTH:0.611531
G1 F1800
G1 X97.018 Y83.162 E2.04968
;WIDTH:0.597469
G1 X97.011 Y83.366 E2.0652
G1 E.0652 F2400
G92 E0
G1 X76.068 Y109.492 F7800
G1 E2 F2400
;WIDTH:0.636129
G1 F1800
G1 X75.756 Y109.506 E2.0255
;WIDTH:0.607775
G1 X75.445 Y109.521 E2.04963
;WIDTH:0.605729
G1 X75.125 Y109.506 E2.07436
G1 E.07436 F2400
G92 E0
G1 X96.193 Y80.821 F7800
G1 E2 F2400
;WIDTH:0.412419
G1 F1800
G1 X96.204 Y80.828 E2.00064
G1 X96.587 Y81.187 E2.02641
;WIDTH:0.399977
G1 X96.874 Y81.608 E2.0505
;WIDTH:0.393942
G1 X97.055 Y82.101 E2.07487
;WIDTH:0.423787
G1 X97.043 Y82.186 E2.07923
;WIDTH:0.470723
G1 X97.031 Y82.271 E2.08417
;WIDTH:0.517659
G1 X97.018 Y82.356 E2.08971
;WIDTH:0.564595
G1 X97.006 Y82.441 E2.09582
;WIDTH:0.611531
G1 X96.994 Y82.526 E2.10252
G1 X96.948 Y82.459 E2.10886
;WIDTH:0.564595
G1 X96.903 Y82.392 E2.11461
;WIDTH:0.517659
G1 X96.858 Y82.325 E2.11981
;WIDTH:0.470723
G1 X96.813 Y82.258 E2.12446
;WIDTH:0.423787
G1 X96.768 Y82.192 E2.12851
;WIDTH:0.395283
G1 X96.553 Y81.692 E2.15387
;WIDTH:0.408119
G1 X96.23 Y81.285 E2.17905
G1 X95.809 Y80.952 E2.20506
;WIDTH:0.397846
G1 X95.49 Y80.793 E2.2218
;WIDTH:0.387216
G1 X94.974 Y80.637 E2.24628
;WIDTH:0.343516
G1 X94.362 Y80.607 E2.27021
;WIDTH:0.375112
G1 X93.829 Y80.675 E2.29367
;WIDTH:0.413953
G1 X93.552 Y80.753 E2.30786
;WIDTH:0.42
G1 X93.082 Y81.012 E2.33479
G1 X92.855 Y81.195 E2.34942
G1 X92.501 Y81.598 E2.37634
G1 X92.348 Y81.846 E2.39096
G1 X92.148 Y82.344 E2.41789
G1 X92.087 Y82.629 E2.43252
G1 X92.064 Y83.165 E2.45944
G1 X92.101 Y83.454 E2.47406
G1 X92.258 Y83.967 E2.50098
G1 X92.389 Y84.227 E2.51559
G1 X92.708 Y84.659 E2.54254
G1 X92.919 Y84.861 E2.5572
G1 X93.363 Y85.161 E2.58409
G1 X93.629 Y85.281 E2.59873
G1 X94.148 Y85.416 E2.62564
G1 X94.438 Y85.441 E2.64025
G1 X94.973 Y85.396 E2.66719
G1 X95.255 Y85.322 E2.68182
G1 X95.744 Y85.101 E2.70875
G1 X95.983 Y84.94 E2.72321
G1 X96.489 Y84.424 E2.75948
G1 X96.742 Y83.968 E2.78565
;WIDTH:0.464367
G1 X96.809 Y83.817 E2.79501
;WIDTH:0.508734
G1 X96.877 Y83.667 E2.8054
;WIDTH:0.553101
G1 X96.944 Y83.516 E2.81689
;WIDTH:0.597469
G1 X97.011 Y83.366 E2.82938
G1 X97.025 Y83.425 E2.83399
;WIDTH:0.571043
G1 X97.038 Y83.484 E2.83835
;WIDTH:0.544618
G1 X97.059 Y83.663 E2.85066
;WIDTH:0.503078
G1 X97.079 Y83.842 E2.86188
;WIDTH:0.461539
G1 X97.1 Y84.021 E2.87201
;WIDTH:0.42
G1 X97.1 Y107.273 E4.03893
G1 X97.07 Y107.744 E4.06262
G1 X96.924 Y108.238 E4.08847
G1 X96.678 Y108.692 E4.11438
G1 X96.323 Y109.066 E4.14026
G1 X95.898 Y109.358 E4.16614
G1 X95.411 Y109.53 E4.19206
G1 X94.865 Y109.6 E4.21969
G1 X76.852 Y109.6 E5.12369
;WIDTH:0.460456
G1 X76.583 Y109.58 E5.13882
;WIDTH:0.500912
G1 X76.315 Y109.56 E5.15547
;WIDTH:0.545984
G1 X76.233 Y109.537 E5.16131
;WIDTH:0.591056
G1 X76.15 Y109.515 E5.16776
;WIDTH:0.636129
G1 X76.068 Y109.492 E5.17471
G1 X76.136 Y109.448 E5.18132
;WIDTH:0.591056
G1 X76.204 Y109.403 E5.18744
;WIDTH:0.545984
G1 X76.272 Y109.359 E5.19299
;WIDTH:0.500912
G1 X76.629 Y109.148 E5.21868
;WIDTH:0.460456
G1 X76.986 Y108.938 E5.2419
;WIDTH:0.42
G1 X77.373 Y108.567 E5.2688
G1 X77.546 Y108.333 E5.2834
G1 X77.788 Y107.853 E5.31038
G1 X77.873 Y107.574 E5.32502
G1 X77.942 Y107.042 E5.35194
G1 X77.929 Y106.751 E5.36656
G1 X77.816 Y106.226 E5.39351
G1 X77.707 Y105.956 E5.40812
G1 X77.426 Y105.499 E5.43504
G1 X77.234 Y105.28 E5.44966
G1 X76.816 Y104.943 E5.47661
G1 X76.562 Y104.801 E5.49121
G1 X75.958 Y104.594 E5.52325
G1 X75.354 Y104.562 E5.5536
G1 X74.826 Y104.653 E5.58049
G1 X74.551 Y104.75 E5.59512
G1 X74.082 Y105.012 E5.62208
G1 X73.855 Y105.195 E5.63671
G1 X73.501 Y105.598 E5.66363
G1 X73.349 Y105.843 E5.6781
;WIDTH:0.460462
G1 X73.28 Y105.976 E5.6865
;WIDTH:0.500924
G1 X73.21 Y106.109 E5.69581
;WIDTH:0.541386
G1 X73.14 Y106.242 E5.70601
;WIDTH:0.581848
G1 X73.071 Y106.375 E5.71706
;WIDTH:0.622311
G1 X73.001 Y106.508 E5.72903
G1 X72.981 Y106.428 E5.7356
;WIDTH:0.58162
G1 X72.96 Y106.348 E5.7417
;WIDTH:0.540929
G1 X72.94 Y106.269 E5.74722
;WIDTH:0.500238
G1 X72.92 Y106.012 E5.76317
;WIDTH:0.460119
G1 X72.9 Y105.755 E5.77761
;WIDTH:0.42
G1 X72.9 Y82.727 E6.93329
G1 X72.93 Y82.256 E6.95698
G1 X73.076 Y81.762 E6.98283
G1 X73.322 Y81.308 E7.00874
G1 X73.677 Y80.934 E7.03462
G1 X74.102 Y80.642 E7.0605
G1 X74.589 Y80.47 E7.08642
G1 X75.135 Y80.4 E7.11405
G1 X92.923 Y80.4 E8.00676
G1 X93.804 Y80.377 E8.05099
;WIDTH:0.375112
G1 X94.192 Y80.365 E8.06794
;WIDTH:0.349757
G1 X94.58 Y80.352 E8.08345
;WIDTH:0.365825
G1 X95.221 Y80.402 E8.11065
;WIDTH:0.384647
G1 X95.716 Y80.548 E8.1339
;WIDTH:0.412419
G1 X96.14 Y80.791 E8.15789
G1 E6.15789 F2400
G92 E0
G1 X73.01 Y107.469 F7800
G1 E2 F2400
;WIDTH:0.624021
G1 F1800
G1 X73.044 Y107.524 E2.00516
;WIDTH:0.581992
G1 X73.078 Y107.579 E2.00993
;WIDTH:0.539963
G1 X73.112 Y107.634 E2.0143
;WIDTH:0.497934
G1 X73.145 Y107.689 E2.01825
;WIDTH:0.455905
G1 X73.179 Y107.744 E2.02183
;WIDTH:0.413876
G1 X73.213 Y107.798 E2.02498
;WIDTH:0.401117
G1 X73.425 Y108.254 E2.04884
;WIDTH:0.404192
G1 X73.63 Y108.559 E2.06644
;WIDTH:0.405554
G1 X73.999 Y108.916 E2.09113
G1 X74.424 Y109.178 E2.11514
;WIDTH:0.383876
G1 X74.763 Y109.291 E2.13119
;WIDTH:0.418787
G1 X74.835 Y109.334 E2.13538
;WIDTH:0.465522
G1 X74.908 Y109.377 E2.14019
;WIDTH:0.512258
G1 X74.98 Y109.42 E2.14552
;WIDTH:0.558993
G1 X75.052 Y109.463 E2.15142
;WIDTH:0.605729
G1 X75.125 Y109.506 E2.15796
G1 X75.038 Y109.521 E2.16478
;WIDTH:0.558993
G1 X74.951 Y109.535 E2.17098
;WIDTH:0.512258
G1 X74.864 Y109.55 E2.1766
;WIDTH:0.465522
G1 X74.778 Y109.565 E2.18156
;WIDTH:0.418787
G1 X74.691 Y109.579 E2.18597
;WIDTH:0.383876
G1 X74.288 Y109.454 E2.20493
;WIDTH:0.405554
G1 X73.777 Y109.16 E2.23328
G1 X73.391 Y108.784 E2.25919
;WIDTH:0.404192
G1 X73.129 Y108.39 E2.28185
;WIDTH:0.401117
G1 X72.94 Y107.895 E2.30699
;WIDTH:0.410989
G1 X72.951 Y107.824 E2.3105
;WIDTH:0.453595
G1 X72.963 Y107.753 E2.31447
;WIDTH:0.496202
G1 X72.975 Y107.682 E2.31888
;WIDTH:0.538808
G1 X72.987 Y107.611 E2.32374
;WIDTH:0.581414
G1 X72.999 Y107.54 E2.32905
;WIDTH:0.624021
G1 X73 Y107.528 E2.33001
G1 X73.01 Y107.469 F7800
G1 F1800
G1 X72.993 Y107.201 E2.35146
;WIDTH:0.597874
G1 X72.976 Y106.932 E2.37196
;WIDTH:0.597019
G1 X72.988 Y106.72 E2.38809
;WIDTH:0.622311
G1 X73.001 Y106.508 E2.405
G1 E.405 F2400
G92 E0
G1 X96.381 Y80.562 F7800
G1 E2 F2400
;WIDTH:0.42
G1 F1800
G1 X96.663 Y80.771 E2.01762
G1 X96.978 Y81.139 E2.04193
G1 X97.243 Y81.632 E2.07002
G1 X97.395 Y82.131 E2.0962
G1 X97.445 Y82.645 E2.12212
G1 X97.445 Y107.273 E3.3581
G1 X97.412 Y107.798 E3.3845
G1 X97.243 Y108.37 E3.41443
G1 X96.958 Y108.895 E3.44441
G1 X96.547 Y109.328 E3.47437
G1 X96.055 Y109.666 E3.50433
G1 X95.492 Y109.866 E3.53431
G1 X94.878 Y109.945 E3.56538
G1 X75.09 Y109.943 E4.55846
G1 X74.487 Y109.86 E4.58901
G1 X73.981 Y109.681 E4.61595
G1 X73.557 Y109.417 E4.64102
G1 X73.134 Y109.003 E4.67072
G1 X72.819 Y108.518 E4.69974
G1 X72.628 Y107.965 E4.7291
G1 X72.555 Y107.378 E4.75879
G1 X72.555 Y82.727 E5.99592
G1 X72.588 Y82.202 E6.02232
G1 X72.757 Y81.63 E6.05225
G1 X73.042 Y81.105 E6.08223
G1 X73.453 Y80.672 E6.11219
G1 X73.945 Y80.334 E6.14215
G1 X74.508 Y80.135 E6.17212
G1 X75.122 Y80.055 E6.20319
G1 X94.58 Y80.055 E7.17971
G1 X95.126 Y80.074 E7.20713
G1 X95.689 Y80.182 E7.2359
G1 X96.169 Y80.404 E7.26244
G1 X96.333 Y80.526 E7.2727
G1 X96.593 Y80.27 F7800
;TYPE:External perimeter
G1 F1800
G1 X96.943 Y80.557 E7.29542
G1 X97.272 Y80.958 E7.32145
G1 X97.562 Y81.5 E7.3523
G1 X97.744 Y82.108 E7.38415
G1 X97.79 Y82.645 E7.4112
G1 X97.79 Y107.273 E8.64718
G1 X97.754 Y107.852 E8.67629
G1 X97.561 Y108.502 E8.71032
G1 X97.238 Y109.098 E8.74434
G1 X96.771 Y109.59 E8.77838
G1 X96.212 Y109.974 E8.81242
G1 X95.572 Y110.201 E8.8465
G1 X94.892 Y110.29 E8.88092
G1 X75.365 Y110.29 E9.8609
G1 X74.648 Y110.254 E9.89693
G1 X74.147 Y110.123 E9.92292
G1 X73.628 Y109.876 E9.95177
G1 X73.108 Y109.487 E9.98436
G1 X72.872 Y109.227 E10.00198
G1 X72.603 Y108.839 E10.02567
G1 X72.377 Y108.353 E10.05257
G1 X72.261 Y107.913 E10.07541
G1 X72.21 Y107.392 E10.10168
G1 X72.21 Y82.727 E11.33951
G1 X72.246 Y82.148 E11.36862
G1 X72.439 Y81.498 E11.40265
G1 X72.762 Y80.902 E11.43667
G1 X73.229 Y80.41 E11.47071
G1 X73.788 Y80.026 E11.50475
G1 X74.428 Y79.799 E11.53883
G1 X75.108 Y79.71 E11.57325
G1 X94.861 Y79.71 E12.56457
G1 X95.368 Y79.756 E12.59012
G1 X95.973 Y79.927 E12.62167
G1 X96.541 Y80.227 E12.65391
G1 X96.546 Y80.232 E12.65426
G1 X96.856 Y80.485 F7800
G1 E10.65426 F2400
G92 E0
G1 X93.003 Y80.946 F7800
G1 E2 F2400
;TYPE:Solid infill
;WIDTH:0.421458
G1 F1800
G1 X92.715 Y80.658 E2.02053
G1 X92.225 Y80.658 E2.04523
G1 X92.628 Y81.062 E2.07399
G1 X92.399 Y81.322 E2.09145
G1 X91.735 Y80.658 E2.13878
G1 X91.246 Y80.658 E2.16342
G1 X92.194 Y81.607 E2.23102
G1 X92.111 Y81.743 E2.23905
G1 X92.033 Y81.936 E2.24954
G1 X90.756 Y80.658 E2.34059
G1 X90.266 Y80.658 E2.36529
G1 X91.897 Y82.29 E2.48157
G1 X91.828 Y82.61 E2.49807
G1 X91.824 Y82.707 E2.50296
G1 X89.776 Y80.658 E2.64896
G1 X89.286 Y80.658 E2.67366
G1 X91.971 Y83.343 E2.86503
G1 E.86503 F2400
G92 E0
G1 X96.558 Y84.501 F7800
G1 E2 F2400
G1 F1800
G1 X96.842 Y84.785 E2.02024
G1 X96.842 Y85.275 E2.04494
G1 X96.435 Y84.868 E2.07395
G1 X96.184 Y85.107 E2.09142
G1 X96.842 Y85.765 E2.13832
G1 X96.842 Y86.254 E2.16296
G1 X95.895 Y85.308 E2.23042
G1 X95.564 Y85.467 E2.24893
G1 X96.842 Y86.744 E2.33998
G1 X96.842 Y87.234 E2.36468
G1 X95.207 Y85.599 E2.48121
G1 X95.002 Y85.653 E2.49189
G1 X94.789 Y85.671 E2.50266
G1 X96.842 Y87.724 E2.64898
G1 X96.842 Y88.214 E2.67368
G1 X94.139 Y85.511 E2.86633
G1 E.86633 F2400
G92 E0
G1 X96.997 Y88.859 F7800
G1 E2 F2400
G1 F1800
G1 X93.703 Y85.565 E2.23478
G1 X93.42 Y85.484 E2.24962
G1 X93.221 Y85.377 E2.26101
G1 X92.62 Y84.951 E2.29814
G1 X92.179 Y84.378 E2.33458
G1 X92.065 Y84.186 E2.34583
G1 X91.942 Y83.804 E2.36606
G1 X88.797 Y80.658 E2.59025
G1 X88.307 Y80.658 E2.61495
G1 X96.842 Y89.193 E3.22327
G1 X96.842 Y89.683 E3.24797
G1 X87.817 Y80.658 E3.89121
G1 X87.327 Y80.658 E3.91591
G1 X96.842 Y90.173 E4.59408
G1 X96.842 Y90.663 E4.61878
G1 X86.837 Y80.658 E5.33187
G1 X86.347 Y80.658 E5.35657
G1 X96.842 Y91.153 E6.10459
G1 X96.842 Y91.642 E6.12923
G1 X85.858 Y80.658 E6.9121
G1 X85.368 Y80.658 E6.9368
G1 X96.842 Y92.132 E7.75459
G1 X96.842 Y92.622 E7.77929
G1 X84.878 Y80.658 E8.63201
G1 X84.388 Y80.658 E8.65671
G1 X96.842 Y93.112 E9.54435
G1 X96.842 Y93.602 E9.56905
G1 X83.898 Y80.658 E10.49162
G1 X83.409 Y80.658 E10.51626
G1 X96.842 Y94.091 E11.47368
G1 X96.842 Y94.581 E11.49838
G1 X82.919 Y80.658 E12.49072
G1 X82.429 Y80.658 E12.51542
G1 X96.842 Y95.071 E13.54269
G1 X96.842 Y95.561 E13.56739
G1 X81.939 Y80.658 E14.62958
G1 X81.449 Y80.658 E14.65428
G1 X96.842 Y96.051 E15.75139
G1 X96.842 Y96.54 E15.77603
G1 X80.96 Y80.658 E16.908
G1 X80.47 Y80.658 E16.9327
G1 X96.842 Y97.03 E18.09959
G1 X96.842 Y97.52 E18.12429
G1 X79.98 Y80.658 E19.3261
G1 X79.49 Y80.658 E19.3508
G1 X96.842 Y98.01 E20.58754
G1 X96.842 Y98.5 E20.61224
G1 X79 Y80.658 E21.8839
G1 X78.511 Y80.658 E21.90854
G1 X96.842 Y98.989 E23.21506
G1 X96.842 Y99.479 E23.23976
G1 X78.021 Y80.658 E24.5812
G1 X77.531 Y80.658 E24.6059
G1 X96.842 Y99.969 E25.98226
G1 X96.842 Y100.459 E26.00696
G1 X77.041 Y80.658 E27.41825
G1 X76.551 Y80.658 E27.44295
G1 X96.842 Y100.949 E28.88916
G1 X96.842 Y101.439 E28.91386
G1 X76.061 Y80.658 E30.395
G1 X75.572 Y80.658 E30.41964
G1 X96.842 Y101.928 E31.93563
G1 X96.842 Y102.418 E31.96033
G1 X75.087 Y80.663 E33.51089
G1 X74.797 Y80.686 E33.52555
G1 X74.654 Y80.72 E33.53296
G1 X96.842 Y102.908 E35.11438
G1 X96.842 Y103.398 E35.13908
G1 X74.289 Y80.845 E36.74651
G1 X73.977 Y81.023 E36.76461
G1 X96.842 Y103.888 E38.39428
G1 X96.842 Y104.377 E38.41892
G1 X73.713 Y81.249 E40.06737
G1 X73.495 Y81.521 E40.08494
G1 X96.842 Y104.867 E41.74893
G1 X96.842 Y105.357 E41.77363
G1 X73.324 Y81.839 E43.44984
G1 X73.257 Y82.001 E43.45868
G1 X73.206 Y82.212 E43.46962
G1 X96.842 Y105.847 E45.15421
G1 X96.842 Y106.337 E45.17891
G1 X73.158 Y82.653 E46.86695
G1 X73.158 Y83.143 E46.89165
G1 X96.842 Y106.826 E48.57966
G1 X96.842 Y107.316 E48.60436
G1 X73.158 Y83.633 E50.29237
G1 X73.158 Y84.123 E50.31707
G1 X96.8 Y107.764 E52.00208
G1 X96.743 Y107.999 E52.01427
G1 X96.685 Y108.139 E52.02191
G1 X73.158 Y84.613 E53.69873
G1 X73.158 Y85.103 E53.72343
G1 X96.516 Y108.46 E55.3882
G1 X96.301 Y108.735 E55.40579
G1 X73.158 Y85.592 E57.05527
G1 X73.158 Y86.082 E57.07997
G1 X96.042 Y108.966 E58.71099
G1 X95.733 Y109.146 E58.72901
G1 X73.158 Y86.572 E60.33798
G1 X73.158 Y87.062 E60.36268
G1 X95.371 Y109.274 E61.94584
G1 X95.203 Y109.314 E61.95454
G1 X94.942 Y109.335 E61.96774
G1 X73.158 Y87.552 E63.52033
G1 X73.158 Y88.041 E63.54497
G1 X94.459 Y109.342 E65.06317
G1 X93.969 Y109.342 E65.08787
G1 X73.158 Y88.531 E66.57114
G1 X73.158 Y89.021 E66.59584
G1 X93.479 Y109.342 E68.04419
G1 X92.989 Y109.342 E68.06889
G1 X73.158 Y89.511 E69.48232
G1 X73.158 Y90.001 E69.50702
G1 X92.499 Y109.342 E70.88552
G1 X92.01 Y109.342 E70.91016
G1 X73.158 Y90.49 E72.25381
G1 X73.158 Y90.98 E72.27851
G1 X91.52 Y109.342 E73.58724
G1 X91.03 Y109.342 E73.61194
G1 X73.158 Y91.47 E74.88574
G1 X73.158 Y91.96 E74.91044
G1 X90.54 Y109.342 E76.14932
G1 X90.05 Y109.342 E76.17402
G1 X73.158 Y92.45 E77.37797
G1 X73.158 Y92.939 E77.40261
G1 X89.561 Y109.342 E78.57171
G1 X89.071 Y109.342 E78.59641
G1 X73.158 Y93.429 E79.73059
G1 X73.158 Y93.919 E79.75529
G1 X88.581 Y109.342 E80.85454
G1 X88.091 Y109.342 E80.87924
G1 X73.158 Y94.409 E81.94357
G1 X73.158 Y94.899 E81.96827
G1 X87.601 Y109.342 E82.99767
G1 X87.111 Y109.342 E83.02237
G1 X73.158 Y95.389 E84.01685
G1 X73.158 Y95.878 E84.04149
G1 X86.622 Y109.342 E85.00112
G1 X86.132 Y109.342 E85.02582
G1 X73.158 Y96.368 E85.95052
G1 X73.158 Y96.858 E85.97522
G1 X85.642 Y109.342 E86.865
G1 X85.152 Y109.342 E86.8897
G1 X73.158 Y97.348 E87.74456
G1 X73.158 Y97.838 E87.76926
G1 X84.662 Y109.342 E88.58919
G1 X84.173 Y109.342 E88.61383
G1 X73.158 Y98.327 E89.39891
G1 X73.158 Y98.817 E89.42361
G1 X83.683 Y109.342 E90.17376
G1 X83.193 Y109.342 E90.19846
G1 X73.158 Y99.307 E90.91369
G1 X73.158 Y99.797 E90.93839
G1 X82.703 Y109.342 E91.6187
G1 X82.213 Y109.342 E91.6434
G1 X73.158 Y100.287 E92.28878
G1 X73.158 Y100.776 E92.31342
G1 X81.724 Y109.342 E92.92395
G1 X81.234 Y109.342 E92.94865
G1 X78.07 Y106.178 E93.17416
G1 X78.028 Y106.027 E93.18206
G1 X77.93 Y105.824 E93.19342
G1 X77.607 Y105.303 E93.22431
G1 X77.466 Y105.14 E93.23517
G1 X76.847 Y104.65 E93.27496
G1 X76.651 Y104.558 E93.28587
G1 X76.347 Y104.454 E93.30206
G1 X73.158 Y101.266 E93.52932
G1 X73.158 Y101.756 E93.55402
G1 X75.71 Y104.308 E93.73591
G1 X75.591 Y104.295 E93.74194
G1 X75.233 Y104.321 E93.76003
G1 X73.158 Y102.246 E93.90792
G1 X73.158 Y102.736 E93.93262
G1 X74.815 Y104.392 E94.05068
G1 X74.448 Y104.515 E94.07019
G1 X73.158 Y103.225 E94.16213
G1 X73.158 Y103.715 E94.18683
G1 X74.131 Y104.688 E94.25618
G1 X73.95 Y104.79 E94.26665
G1 X73.835 Y104.882 E94.27407
G1 X73.158 Y104.205 E94.32232
G1 X73.158 Y104.695 E94.34702
G1 X73.58 Y105.116 E94.37706
G1 X73.351 Y105.377 E94.39456
G1 X73.003 Y105.029 E94.41936
G1 E92.41936 F2400
G92 E0
G1 X77.993 Y106.591 F7800
G1 E2 F2400
G1 F1800
G1 X80.744 Y109.342 E2.19607
G1 X80.254 Y109.342 E2.22077
G1 X78.174 Y107.262 E2.36902
G1 X78.107 Y107.685 E2.3906
G1 X79.764 Y109.342 E2.5087
G1 X79.275 Y109.342 E2.53334
G1 X77.98 Y108.047 E2.62564
G1 X77.816 Y108.373 E2.64403
G1 X78.785 Y109.342 E2.71309
G1 X78.295 Y109.342 E2.73779
G1 X77.619 Y108.665 E2.78601
G1 X77.381 Y108.917 E2.80348
G1 X77.805 Y109.342 E2.83374
G1 X77.315 Y109.342 E2.85844
G1 X77.014 Y109.04 E2.87993
M106 S183.6
;LAYER_CHANGE
;Z:0.65
;HEIGHT:0.3
G1 E.87993 F2400
G92 E0
G1 Z.65 F7800
G1 X93.961 Y85.069
G1 E2 F2400
;TYPE:Perimeter
;WIDTH:0.45
G1 F1800
G1 X93.702 Y85.002 E2.01287
G1 X93.524 Y84.921 E2.02228
G1 X93.081 Y84.622 E2.04799
G1 X92.94 Y84.486 E2.05741
G1 X92.622 Y84.056 E2.08313
G1 X92.534 Y83.882 E2.09251
G1 X92.377 Y83.37 E2.11827
G1 X92.353 Y83.176 E2.12767
G1 X92.375 Y82.642 E2.15338
G1 X92.616 Y81.955 E2.1884
G1 X93.072 Y81.387 E2.22343
G1 X93.691 Y81.003 E2.25847
G1 X94.5 Y80.839 E2.29817
G1 X94.96 Y80.895 E2.32046
G1 X95.464 Y81.073 E2.34617
G1 X95.809 Y81.309 E2.36627
G1 X96.18 Y81.651 E2.39054
G1 X96.461 Y82.107 E2.4163
G1 X96.549 Y82.362 E2.42927
G1 X96.659 Y82.933 E2.45724
G1 X96.587 Y83.537 E2.4865
G1 X96.529 Y83.724 E2.49592
G1 X96.288 Y84.202 E2.52167
G1 X95.786 Y84.729 E2.55668
G1 X95.137 Y85.058 E2.59168
G1 X94.415 Y85.153 E2.62671
G1 X94.22 Y85.136 E2.63612
G1 X94.019 Y85.084 E2.64611
G1 X94.06 Y84.691 F7800
;TYPE:External perimeter
G1 F1800
G1 X93.8 Y84.628 E2.65898
G1 X93.297 Y84.302 E2.68781
G1 X92.932 Y83.827 E2.71662
G1 X92.746 Y83.257 E2.74546
G1 X92.761 Y82.658 E2.77428
G1 X92.974 Y82.099 E2.80305
G1 X93.361 Y81.642 E2.83185
G1 X93.879 Y81.34 E2.86069
G1 X94.5 Y81.225 E2.89107
G1 X94.832 Y81.259 E2.90712
G1 X95.336 Y81.437 E2.93283
G1 X95.809 Y81.805 E2.96165
G1 X96.132 Y82.309 E2.99044
G1 X96.272 Y82.957 E3.02233
G1 X96.204 Y83.488 E3.04808
G1 X95.944 Y84.028 E3.07691
G1 X95.519 Y84.45 E3.10572
G1 X94.978 Y84.707 E3.13453
G1 X94.382 Y84.769 E3.16335
G1 X94.118 Y84.705 E3.17642
G1 X93.74 Y84.574 F7800
G1 E1.17642 F2400
G92 E0
G1 X75.214 Y104.889 F7800
G1 E2 F2400
;TYPE:Perimeter
G1 F1800
G1 X75.402 Y104.848 E2.00925
G1 X75.895 Y104.876 E2.033
G1 X76.464 Y105.073 E2.06196
G1 X76.635 Y105.169 E2.07139
G1 X77.051 Y105.505 E2.09711
G1 X77.18 Y105.651 E2.10648
G1 X77.461 Y106.107 E2.13224
G1 X77.534 Y106.288 E2.14163
G1 X77.646 Y106.811 E2.16735
G1 X77.655 Y107.006 E2.17674
G1 X77.587 Y107.537 E2.20249
G1 X77.289 Y108.201 E2.23749
G1 X76.786 Y108.729 E2.27256
G1 X76.137 Y109.058 E2.30756
G1 X75.948 Y109.108 E2.31696
G1 X75.415 Y109.153 E2.34269
G1 X74.88 Y109.048 E2.36891
G1 X74.524 Y108.921 E2.38709
G1 X74.081 Y108.622 E2.4128
G1 X73.821 Y108.325 E2.43178
G1 X73.553 Y107.934 E2.45458
G1 X73.377 Y107.37 E2.483
G1 X73.352 Y107.176 E2.49241
G1 X73.375 Y106.642 E2.51812
G1 X73.616 Y105.955 E2.55314
G1 X74.072 Y105.387 E2.58817
G1 X74.691 Y105.003 E2.62321
G1 X75.156 Y104.901 E2.64611
G1 X75.272 Y105.265 F7800
;TYPE:External perimeter
G1 F1800
G1 X75.467 Y105.228 E2.65566
G1 X75.832 Y105.259 E2.67328
G1 X76.336 Y105.437 E2.69899
G1 X76.809 Y105.805 E2.72781
G1 X77.132 Y106.309 E2.7566
G1 X77.269 Y106.892 E2.7854
G1 X77.204 Y107.488 E2.81424
G1 X76.944 Y108.028 E2.84307
G1 X76.519 Y108.45 E2.87188
G1 X75.978 Y108.707 E2.90069
G1 X75.382 Y108.769 E2.92951
G1 X74.8 Y108.628 E2.95831
G1 X74.25 Y108.257 E2.99022
G1 X73.909 Y107.786 E3.01819
G1 X73.746 Y107.257 E3.04481
G1 X73.761 Y106.658 E3.07363
G1 X73.974 Y106.098 E3.10245
G1 X74.361 Y105.642 E3.13122
G1 X74.879 Y105.34 E3.16006
G1 X75.213 Y105.276 E3.17642
G1 X75.613 Y105.249 F7800
G1 E1.17642 F2400
G92 E0
G1 X76.067 Y109.492 F7800
G1 E2 F2400
;TYPE:Perimeter
;WIDTH:0.473139
G1 F1800
G1 X75.757 Y109.506 E2.01582
;WIDTH:0.44483
G1 X75.446 Y109.521 E2.03059
;WIDTH:0.460766
G1 X75.111 Y109.484 E2.04725
;WIDTH:0.505011
G1 X74.776 Y109.448 E2.06577
;WIDTH:0.541741
G1 X74.283 Y109.279 E2.0968
;WIDTH:0.570871
G1 X73.831 Y108.991 E2.13066
;WIDTH:0.572175
G1 X73.581 Y108.752 E2.15257
G1 X73.277 Y108.329 E2.18556
;WIDTH:0.558389
G1 X73.13 Y108.005 E2.20748
;WIDTH:0.524233
G1 X73.069 Y107.744 E2.22285
;WIDTH:0.488507
G1 X73.007 Y107.483 E2.23704
;WIDTH:0.452781
G1 X72.993 Y106.626 E2.27856
G1 E.27856 F2400
G92 E0
G1 X93.801 Y80.528 F7800
G1 E2 F2400
;WIDTH:0.512537
G1 F3600
G1 X93.651 Y80.595 E2.00918
;WIDTH:0.485374
G1 X93.501 Y80.663 E2.01783
;WIDTH:0.458211
G1 X93.036 Y80.927 E2.0441
;WIDTH:0.45
G1 X92.782 Y81.132 E2.0598
G1 X92.429 Y81.533 E2.08549
G1 X92.258 Y81.811 E2.10119
G1 X92.059 Y82.307 E2.12689
G1 X91.99 Y82.626 E2.14259
G1 X91.967 Y83.16 E2.1683
G1 X92.009 Y83.483 E2.18397
G1 X92.165 Y83.995 E2.20971
G1 X92.312 Y84.286 E2.22539
G1 X92.63 Y84.716 E2.25111
G1 X92.865 Y84.941 E2.26676
G1 X93.308 Y85.241 E2.29249
G1 X93.605 Y85.375 E2.30816
G1 X94.123 Y85.51 E2.33391
G1 X94.448 Y85.537 E2.3496
G1 X94.98 Y85.492 E2.37528
G1 X95.296 Y85.41 E2.39098
G1 X95.783 Y85.189 E2.4167
G1 X96.053 Y85.007 E2.43236
G1 X96.439 Y84.638 E2.45804
G1 X96.633 Y84.375 E2.47376
;WIDTH:0.491577
G1 X96.983 Y83.634 E2.51742
G1 X96.999 Y83.928 E2.53311
;WIDTH:0.460526
G1 X97.004 Y84.464 E2.55959
;WIDTH:0.45
G1 X97.004 Y107.273 E3.65662
G1 X96.975 Y107.729 E3.6786
G1 X96.835 Y108.201 E3.70228
G1 X96.599 Y108.635 E3.72604
G1 X96.26 Y108.992 E3.74972
G1 X95.854 Y109.272 E3.77344
G1 X95.389 Y109.436 E3.79716
G1 X94.861 Y109.504 E3.82276
G1 X76.851 Y109.504 E4.68898
;WIDTH:0.473139
G1 X76.067 Y109.492 E4.72895
G1 X76.298 Y109.414 E4.74138
;WIDTH:0.458583
G1 X76.783 Y109.189 E4.76767
;WIDTH:0.45
G1 X77.053 Y109.007 E4.78333
G1 X77.439 Y108.637 E4.80905
G1 X77.633 Y108.375 E4.82473
G1 X77.874 Y107.897 E4.85048
G1 X77.969 Y107.586 E4.86612
G1 X78.037 Y107.055 E4.89187
G1 X78.023 Y106.73 E4.90752
G1 X77.911 Y106.207 E4.93324
G1 X77.789 Y105.905 E4.94891
G1 X77.509 Y105.449 E4.97465
G1 X77.293 Y105.205 E4.99032
G1 X76.877 Y104.869 E5.01604
G1 X76.593 Y104.71 E5.03169
G1 X75.849 Y104.48 E5.06914
G1 X75.337 Y104.467 E5.09377
G1 X74.811 Y104.558 E5.11944
G1 X74.503 Y104.666 E5.13514
G1 X74.036 Y104.927 E5.16087
G1 X73.782 Y105.132 E5.17657
G1 X73.429 Y105.533 E5.20226
G1 X73.258 Y105.811 E5.21796
G1 X73.059 Y106.307 E5.24366
;WIDTH:0.448951
G1 X72.993 Y106.626 E5.25929
G1 X72.996 Y106.295 E5.27517
;WIDTH:0.45
G1 X72.996 Y82.727 E6.40871
G1 X73.025 Y82.271 E6.43069
G1 X73.165 Y81.799 E6.45437
G1 X73.401 Y81.365 E6.47813
G1 X73.74 Y81.008 E6.50181
G1 X74.146 Y80.728 E6.52553
G1 X74.611 Y80.564 E6.54925
G1 X75.139 Y80.496 E6.57485
G1 X92.924 Y80.496 E7.43025
;WIDTH:0.481268
G1 X93.363 Y80.512 E7.45309
;WIDTH:0.512537
G1 X93.741 Y80.525 E7.47423
G1 X93.801 Y80.528 F7800
G1 F1800
G1 X94.071 Y80.505 E7.48938
;WIDTH:0.466781
G1 X94.34 Y80.482 E7.50293
;WIDTH:0.433611
G1 X94.848 Y80.488 E7.52633
;WIDTH:0.468278
G1 X95.036 Y80.52 E7.53594
;WIDTH:0.502945
G1 X95.224 Y80.551 E7.54636
;WIDTH:0.546469
G1 X95.815 Y80.764 E7.58413
;WIDTH:0.578158
G1 X96.334 Y81.155 E7.62577
G1 X96.56 Y81.417 E7.64794
;WIDTH:0.571235
G1 X96.825 Y81.883 E7.68183
;WIDTH:0.533281
G1 X96.95 Y82.275 E7.70589
;WIDTH:0.499145
G1 X96.987 Y82.604 E7.72384
;WIDTH:0.45399
G1 X97.024 Y82.933 E7.73993
;WIDTH:0.446776
G1 X97.005 Y83.26 E7.75555
;WIDTH:0.484717
G1 X96.986 Y83.588 E7.77277
;WIDTH:0.491577
G1 X96.983 Y83.634 E7.77523
G1 E5.77523 F2400
G92 E0
G1 X96.359 Y80.592 F7800
G1 E2 F2400
;WIDTH:0.45
G1 F3600
G1 X96.389 Y80.611 E2.00171
G1 X96.799 Y81.005 E2.02906
G1 X97.13 Y81.503 E2.05782
G1 X97.332 Y82.106 E2.08841
G1 X97.389 Y82.639 E2.11419
G1 X97.389 Y107.273 E3.299
G1 X97.357 Y107.789 E3.32387
G1 X97.191 Y108.349 E3.35196
G1 X96.912 Y108.862 E3.38005
G1 X96.511 Y109.286 E3.40812
G1 X96.029 Y109.616 E3.43622
G1 X95.479 Y109.811 E3.46429
G1 X94.876 Y109.889 E3.49353
G1 X75.094 Y109.887 E4.44498
G1 X74.501 Y109.807 E4.47376
G1 X73.941 Y109.598 E4.50251
G1 X73.454 Y109.256 E4.53113
G1 X73.088 Y108.862 E4.55699
G1 X72.838 Y108.419 E4.58146
G1 X72.651 Y107.821 E4.6116
G1 X72.611 Y107.376 E4.63309
G1 X72.611 Y82.727 E5.81862
G1 X72.643 Y82.211 E5.84349
G1 X72.809 Y81.651 E5.87158
G1 X73.088 Y81.138 E5.89967
G1 X73.489 Y80.714 E5.92774
G1 X73.971 Y80.384 E5.95584
G1 X74.521 Y80.189 E5.98391
G1 X75.124 Y80.111 E6.01315
G1 X94.58 Y80.111 E6.94892
G1 X95.122 Y80.13 E6.975
G1 X95.636 Y80.226 E7.00015
G1 X95.981 Y80.364 E7.01802
G1 X96.308 Y80.561 E7.03638
G1 X96.584 Y80.282 F7800
;TYPE:External perimeter
G1 F1800
G1 X96.64 Y80.318 E7.03958
G1 X97.092 Y80.755 E7.06982
G1 X97.427 Y81.239 E7.09813
G1 X97.576 Y81.572 E7.11568
G1 X97.724 Y82.089 E7.14154
G1 X97.775 Y82.639 E7.16811
G1 X97.775 Y107.273 E8.35292
G1 X97.739 Y107.85 E8.38073
G1 X97.547 Y108.497 E8.41319
G1 X97.225 Y109.089 E8.4456
G1 X96.761 Y109.579 E8.47806
G1 X96.205 Y109.961 E8.51051
G1 X95.569 Y110.186 E8.54296
G1 X94.891 Y110.275 E8.57585
G1 X75.366 Y110.275 E9.51493
G1 X74.713 Y110.244 E9.54637
G1 X74.274 Y110.148 E9.56798
G1 X73.795 Y109.961 E9.59271
G1 X73.36 Y109.683 E9.61754
G1 X72.948 Y109.292 E9.64486
G1 X72.573 Y108.76 E9.67617
G1 X72.415 Y108.405 E9.69486
G1 X72.276 Y107.911 E9.71954
G1 X72.225 Y107.391 E9.74467
G1 X72.225 Y82.727 E10.93092
G1 X72.261 Y82.15 E10.95873
G1 X72.453 Y81.503 E10.99119
G1 X72.775 Y80.911 E11.0236
G1 X73.239 Y80.421 E11.05606
G1 X73.795 Y80.039 E11.08851
G1 X74.431 Y79.814 E11.12096
G1 X75.109 Y79.725 E11.15385
G1 X94.58 Y79.725 E12.09034
G1 X95.153 Y79.746 E12.11792
G1 X95.726 Y79.851 E12.14594
G1 X96.205 Y80.039 E12.17069
G1 X96.534 Y80.25 E12.18949
G1 X96.836 Y80.512 F7800
G1 E10.18949 F2400
G92 E0
G1 X74.528 Y80.883 F7800
G1 E2 F2400
;TYPE:Solid infill
G1 F3000
G1 X73.383 Y82.028 E2.07788
G1 X73.285 Y82.671 E2.10916
G1 X75.171 Y80.785 E2.23744
G1 X75.717 Y80.785 E2.2637
G1 X73.285 Y83.217 E2.42912
G1 X73.285 Y83.762 E2.45533
G1 X76.262 Y80.785 E2.65782
G1 X76.807 Y80.785 E2.68403
G1 X73.285 Y84.307 E2.92359
G1 X73.285 Y84.853 E2.94985
G1 X77.353 Y80.785 E3.22655
G1 X77.898 Y80.785 E3.25276
G1 X73.285 Y85.398 E3.56653
G1 X73.285 Y85.943 E3.59274
G1 X78.443 Y80.785 E3.94358
G1 X78.989 Y80.785 E3.96984
G1 X73.285 Y86.489 E4.35782
G1 X73.285 Y87.034 E4.38403
G1 X79.534 Y80.785 E4.80908
G1 X80.079 Y80.785 E4.83529
G1 X73.285 Y87.579 E5.29741
G1 X73.285 Y88.125 E5.32367
G1 X80.625 Y80.785 E5.82293
G1 X81.17 Y80.785 E5.84914
G1 X73.285 Y88.67 E6.38547
G1 X73.285 Y89.215 E6.41168
G1 X81.715 Y80.785 E6.98508
G1 X82.261 Y80.785 E7.01134
G1 X73.285 Y89.761 E7.62188
G1 X73.285 Y90.306 E7.64809
G1 X82.806 Y80.785 E8.2957
G1 X83.351 Y80.785 E8.32191
G1 X73.285 Y90.851 E9.00659
G1 X73.285 Y91.397 E9.03285
G1 X83.897 Y80.785 E9.75467
G1 X84.442 Y80.785 E9.78088
G1 X73.285 Y91.942 E10.53977
G1 X73.285 Y92.487 E10.56598
G1 X84.987 Y80.785 E11.36194
G1 X85.533 Y80.785 E11.3882
G1 X73.285 Y93.033 E12.22129
G1 X73.285 Y93.578 E12.2475
G1 X86.078 Y80.785 E13.11766
G1 X86.623 Y80.785 E13.14387
G1 X73.285 Y94.123 E14.0511
G1 X73.285 Y94.669 E14.07736
G1 X87.169 Y80.785 E15.02173
G1 X87.714 Y80.785 E15.04794
G1 X73.285 Y95.214 E16.02938
G1 X73.285 Y95.76 E16.05564
G1 X88.26 Y80.785 E17.07422
G1 X88.805 Y80.785 E17.10043
G1 X73.285 Y96.305 E18.15608
G1 X73.285 Y96.85 E18.18229
G1 X89.35 Y80.785 E19.27501
G1 X89.896 Y80.785 E19.30127
G1 X73.285 Y97.396 E20.43113
G1 X73.285 Y97.941 E20.45734
G1 X90.441 Y80.785 E21.62427
G1 X90.986 Y80.785 E21.65048
G1 X73.285 Y98.486 E22.85448
G1 X73.285 Y99.032 E22.88074
G1 X91.532 Y80.785 E24.12188
G1 X92.077 Y80.785 E24.14809
G1 X73.285 Y99.577 E25.4263
G1 X73.285 Y100.122 E25.45251
G1 X92.622 Y80.785 E26.76779
G1 X92.348 Y81.404 E26.80035
;WIDTH:0.404381
G1 X91.995 Y81.866 E26.82501
;WIDTH:0.45
G1 X91.815 Y82.138 E26.8407
G1 X73.285 Y100.668 E28.10109
G1 X73.285 Y101.213 E28.1273
G1 X91.693 Y82.806 E29.37936
G1 X91.688 Y83.355 E29.40577
G1 X73.285 Y101.758 E30.65752
G1 X73.285 Y102.304 E30.68378
G1 X91.805 Y83.785 E31.94345
G1 X91.935 Y84.2 E31.96437
G1 X73.285 Y102.849 E33.23289
G1 X73.285 Y103.394 E33.2591
G1 X92.142 Y84.538 E34.5417
G1 X92.379 Y84.846 E34.56039
G1 X73.285 Y103.94 E35.85914
G1 X73.285 Y104.485 E35.88535
G1 X92.64 Y85.13 E37.20185
G1 X92.961 Y85.355 E37.2207
G1 X73.285 Y105.03 E38.559
G1 X73.225 Y105.42 E38.57798
;WIDTH:0.404381
G1 X73.343 Y105.361 E38.58357
G1 X73.941 Y104.771 E38.61919
G1 X74.224 Y104.557 E38.63424
G1 X74.455 Y104.531 E38.6441
;WIDTH:0.45
G1 X74.496 Y104.365 E38.65232
G1 X93.299 Y85.562 E39.93128
G1 X93.709 Y85.697 E39.95204
G1 X75.211 Y104.196 E41.21029
G1 X75.765 Y104.187 E41.23694
G1 X94.149 Y85.803 E42.4874
G1 X94.691 Y85.807 E42.51347
G1 X76.22 Y104.277 E43.76981
G1 X76.627 Y104.416 E43.7905
G1 X95.351 Y85.691 E45.06412
G1 X95.654 Y85.539 E45.08042
;WIDTH:0.404381
G1 X95.613 Y85.55 E45.08222
G1 X95.594 Y85.479 E45.08534
G1 X95.665 Y85.498 E45.08846
G1 X96.711 Y84.877 F7800
;WIDTH:0.45
G1 F3000
G1 X76.994 Y104.594 E46.42959
G1 X77.295 Y104.838 E46.44823
G1 X96.711 Y85.422 E47.76888
G1 X96.712 Y85.967 E47.79509
G1 X77.589 Y105.089 E49.09578
G1 X77.819 Y105.405 E49.11458
G1 X96.712 Y86.512 E50.39966
G1 X96.712 Y87.058 E50.42592
G1 X78.028 Y105.741 E51.69675
G1 X78.188 Y106.127 E51.71685
G1 X96.712 Y87.603 E52.97683
G1 X96.712 Y88.148 E53.00304
G1 X78.278 Y106.582 E54.2569
G1 X78.325 Y107.081 E54.28101
G1 X96.712 Y88.694 E55.53167
G1 X96.712 Y89.239 E55.55788
G1 X78.226 Y107.724 E56.81524
G1 X78.039 Y107.853 E56.82617
;WIDTH:0.404381
G1 X78.062 Y107.997 E56.83235
G1 X77.021 Y109.35 F7800
G1 F3000
G1 X76.98 Y109.361 E56.83415
G1 X76.961 Y109.29 E56.83727
G1 X77.032 Y109.309 E56.84039
;WIDTH:0.45
G1 X77.282 Y109.215 E56.85324
G1 X96.712 Y89.784 E58.17488
G1 X96.712 Y90.329 E58.20109
G1 X77.827 Y109.215 E59.48566
G1 X78.372 Y109.215 E59.51187
G1 X96.712 Y90.875 E60.75933
G1 X96.712 Y91.42 E60.78554
G1 X78.918 Y109.215 E61.9959
G1 X79.463 Y109.215 E62.02211
G1 X96.712 Y91.965 E63.1954
G1 X96.712 Y92.51 E63.22161
G1 X80.008 Y109.215 E64.35783
G1 X80.554 Y109.215 E64.38409
G1 X96.713 Y93.056 E65.48321
G1 X96.713 Y93.601 E65.50942
G1 X81.099 Y109.215 E66.57146
G1 X81.644 Y109.215 E66.59767
G1 X96.713 Y94.146 E67.62264
G1 X96.713 Y94.691 E67.64885
G1 X82.19 Y109.215 E68.63672
G1 X82.735 Y109.215 E68.66293
G1 X96.713 Y95.237 E69.6137
G1 X96.713 Y95.782 E69.63991
G1 X83.28 Y109.215 E70.55361
G1 X83.826 Y109.215 E70.57987
G1 X96.713 Y96.327 E71.45646
G1 X96.713 Y96.873 E71.48272
G1 X84.371 Y109.215 E72.32221
G1 X84.916 Y109.215 E72.34842
G1 X96.713 Y97.418 E73.15084
G1 X96.713 Y97.963 E73.17705
G1 X85.462 Y109.215 E73.94236
G1 X86.007 Y109.215 E73.96857
G1 X96.713 Y98.508 E74.69681
G1 X96.713 Y99.054 E74.72307
G1 X86.552 Y109.215 E75.41421
G1 X87.098 Y109.215 E75.44047
G1 X96.713 Y99.599 E76.0945
G1 X96.714 Y100.144 E76.12071
G1 X87.643 Y109.215 E76.73771
G1 X88.189 Y109.215 E76.76397
G1 X96.714 Y100.689 E77.34386
G1 X96.714 Y101.235 E77.37012
G1 X88.734 Y109.215 E77.91291
G1 X89.279 Y109.215 E77.93912
G1 X96.714 Y101.78 E78.44484
G1 X96.714 Y102.325 E78.47105
G1 X89.825 Y109.215 E78.93967
G1 X90.37 Y109.215 E78.96588
G1 X96.714 Y102.871 E79.39739
G1 X96.714 Y103.416 E79.4236
G1 X90.915 Y109.215 E79.81804
G1 X91.461 Y109.215 E79.8443
G1 X96.714 Y103.961 E80.20164
G1 X96.714 Y104.506 E80.22785
G1 X92.006 Y109.215 E80.54812
G1 X92.551 Y109.215 E80.57433
G1 X96.714 Y105.052 E80.85749
G1 X96.714 Y105.597 E80.8837
G1 X93.097 Y109.215 E81.12976
G1 X93.642 Y109.215 E81.15597
G1 X96.714 Y106.142 E81.36496
G1 X96.714 Y106.687 E81.39117
G1 X94.187 Y109.215 E81.56309
G1 X94.615 Y109.409 E81.58569
;WIDTH:0.404381
G1 X94.574 Y109.42 E81.58749
G1 X94.555 Y109.349 E81.59061
G1 X94.626 Y109.368 E81.59373
;WIDTH:0.45
G1 X94.733 Y109.215 E81.60271
G1 X96.715 Y107.233 E81.73752
G1 X96.434 Y108.181 F7800
;WIDTH:0.664909
G1 F3000
G1 X96.26 Y108.384 E81.75755
;WIDTH:0.706767
G1 X96.087 Y108.587 E81.77892
G1 X95.884 Y108.76 E81.80029
;WIDTH:0.664909
G1 X95.681 Y108.934 E81.82032
M106 S181.05
;LAYER_CHANGE
;Z:0.95
;HEIGHT:0.3
G1 E79.82032 F2400
G92 E0
G1 Z.95 F7800
G1 X93.961 Y85.069
G1 E2 F2400
;TYPE:Perimeter
;WIDTH:0.45
G1 F1800
G1 X93.703 Y85.002 E2.01282
G1 X93.524 Y84.921 E2.02227
G1 X93.081 Y84.622 E2.04798
G1 X92.94 Y84.486 E2.0574
G1 X92.622 Y84.056 E2.08312
G1 X92.534 Y83.882 E2.0925
G1 X92.377 Y83.37 E2.11826
G1 X92.353 Y83.176 E2.12766
G1 X92.375 Y82.642 E2.15337
G1 X92.616 Y81.955 E2.18839
G1 X93.072 Y81.387 E2.22342
G1 X93.691 Y81.003 E2.25846
G1 X94.5 Y80.839 E2.29816
G1 X94.96 Y80.895 E2.32045
G1 X95.464 Y81.073 E2.34616
G1 X95.809 Y81.309 E2.36626
G1 X96.18 Y81.651 E2.39053
G1 X96.461 Y82.107 E2.41629
G1 X96.549 Y82.362 E2.42926
G1 X96.659 Y82.933 E2.45723
G1 X96.587 Y83.537 E2.48649
G1 X96.529 Y83.724 E2.49591
G1 X96.289 Y84.201 E2.52159
G1 X95.786 Y84.729 E2.55666
G1 X95.137 Y85.058 E2.59166
G1 X94.415 Y85.153 E2.62669
G1 X94.22 Y85.136 E2.6361
G1 X94.019 Y85.084 E2.64609
G1 X94.06 Y84.691 F7800
;TYPE:External perimeter
G1 F1800
G1 X93.8 Y84.628 E2.65896
G1 X93.297 Y84.302 E2.68779
G1 X92.932 Y83.827 E2.7166
G1 X92.746 Y83.257 E2.74544
G1 X92.761 Y82.658 E2.77426
G1 X92.974 Y82.099 E2.80303
G1 X93.361 Y81.642 E2.83183
G1 X93.879 Y81.34 E2.86067
G1 X94.5 Y81.225 E2.89105
G1 X94.832 Y81.259 E2.9071
G1 X95.336 Y81.437 E2.93281
G1 X95.809 Y81.805 E2.96163
G1 X96.132 Y82.309 E2.99042
G1 X96.272 Y82.957 E3.02231
G1 X96.204 Y83.488 E3.04806
G1 X95.944 Y84.028 E3.07689
G1 X95.519 Y84.45 E3.1057
G1 X94.978 Y84.707 E3.13451
G1 X94.382 Y84.769 E3.16333
G1 X94.118 Y84.705 E3.1764
G1 X93.74 Y84.574 F7800
G1 E1.1764 F2400
G92 E0
G1 X75.292 Y104.872 F7800
G1 E2 F2400
;TYPE:Perimeter
G1 F1800
G1 X75.402 Y104.848 E2.00542
G1 X75.895 Y104.876 E2.02917
G1 X76.464 Y105.073 E2.05813
G1 X76.635 Y105.169 E2.06756
G1 X77.051 Y105.505 E2.09328
G1 X77.18 Y105.651 E2.10265
G1 X77.461 Y106.107 E2.12841
G1 X77.534 Y106.288 E2.1378
G1 X77.646 Y106.811 E2.16352
G1 X77.655 Y107.006 E2.17291
G1 X77.587 Y107.537 E2.19866
G1 X77.289 Y108.201 E2.23366
G1 X76.786 Y108.729 E2.26873
G1 X76.137 Y109.058 E2.30373
G1 X75.948 Y109.108 E2.31313
G1 X75.415 Y109.153 E2.33886
G1 X74.88 Y109.048 E2.36508
G1 X74.524 Y108.921 E2.38326
G1 X74.081 Y108.622 E2.40897
G1 X73.821 Y108.325 E2.42795
G1 X73.553 Y107.934 E2.45075
G1 X73.377 Y107.37 E2.47917
G1 X73.353 Y107.176 E2.48857
G1 X73.375 Y106.642 E2.51428
G1 X73.616 Y105.955 E2.5493
G1 X74.072 Y105.387 E2.58433
G1 X74.691 Y105.003 E2.61937
G1 X75.233 Y104.885 E2.64605
G1 X75.325 Y105.255 F7800
;TYPE:External perimeter
G1 F1800
G1 X75.467 Y105.228 E2.653
G1 X75.832 Y105.259 E2.67062
G1 X76.336 Y105.437 E2.69633
G1 X76.809 Y105.805 E2.72515
G1 X77.132 Y106.309 E2.75394
G1 X77.269 Y106.892 E2.78274
G1 X77.204 Y107.488 E2.81158
G1 X76.944 Y108.028 E2.84041
G1 X76.519 Y108.45 E2.86922
G1 X75.978 Y108.707 E2.89803
G1 X75.382 Y108.769 E2.92685
G1 X74.8 Y108.628 E2.95565
G1 X74.25 Y108.257 E2.98756
G1 X73.909 Y107.786 E3.01553
G1 X73.746 Y107.257 E3.04215
G1 X73.761 Y106.658 E3.07097
G1 X73.974 Y106.099 E3.09974
G1 X74.361 Y105.642 E3.12854
G1 X74.879 Y105.34 E3.15738
G1 X75.266 Y105.266 E3.17633
G1 X75.666 Y105.251 F7800
G1 E1.17633 F2400
G92 E0
G1 X76.067 Y109.492 F7800
G1 E2 F2400
;TYPE:Perimeter
;WIDTH:0.473139
G1 F1800
G1 X75.757 Y109.506 E2.01582
;WIDTH:0.44483
G1 X75.446 Y109.521 E2.03059
;WIDTH:0.460767
G1 X75.111 Y109.484 E2.04725
;WIDTH:0.505013
G1 X74.776 Y109.448 E2.06577
;WIDTH:0.541743
G1 X74.283 Y109.279 E2.0968
;WIDTH:0.570871
G1 X73.831 Y108.991 E2.13066
;WIDTH:0.572177
G1 X73.581 Y108.752 E2.15257
G1 X73.277 Y108.329 E2.18556
;WIDTH:0.558391
G1 X73.13 Y108.006 E2.20743
;WIDTH:0.524237
G1 X73.069 Y107.745 E2.2228
;WIDTH:0.488556
G1 X73.007 Y107.484 E2.23699
;WIDTH:0.452875
G1 X72.993 Y106.626 E2.27857
G1 E.27857 F2400
G92 E0
G1 X93.801 Y80.528 F7800
G1 E2 F2400
;WIDTH:0.512765
G1 F3600
G1 X93.651 Y80.595 E2.00919
;WIDTH:0.485492
G1 X93.501 Y80.663 E2.01784
;WIDTH:0.45822
G1 X93.036 Y80.927 E2.04411
;WIDTH:0.45
G1 X92.782 Y81.132 E2.05981
G1 X92.429 Y81.533 E2.0855
G1 X92.258 Y81.811 E2.1012
G1 X92.059 Y82.307 E2.1269
G1 X91.99 Y82.626 E2.1426
G1 X91.967 Y83.16 E2.16831
G1 X92.009 Y83.483 E2.18398
G1 X92.165 Y83.995 E2.20972
G1 X92.312 Y84.286 E2.2254
G1 X92.63 Y84.716 E2.25112
G1 X92.865 Y84.941 E2.26677
G1 X93.308 Y85.241 E2.2925
G1 X93.605 Y85.375 E2.30817
G1 X94.123 Y85.51 E2.33392
G1 X94.448 Y85.537 E2.34961
G1 X94.98 Y85.492 E2.37529
G1 X95.296 Y85.41 E2.39099
G1 X95.783 Y85.189 E2.41671
G1 X96.053 Y85.007 E2.43237
G1 X96.439 Y84.637 E2.45809
G1 X96.633 Y84.375 E2.47377
;WIDTH:0.491577
G1 X96.983 Y83.634 E2.51743
G1 X96.998 Y83.928 E2.53312
;WIDTH:0.460536
G1 X97.004 Y84.463 E2.55956
;WIDTH:0.45
G1 X97.004 Y107.273 E3.65664
G1 X96.975 Y107.729 E3.67862
G1 X96.835 Y108.201 E3.7023
G1 X96.599 Y108.635 E3.72606
G1 X96.26 Y108.992 E3.74974
G1 X95.854 Y109.272 E3.77346
G1 X95.389 Y109.436 E3.79718
G1 X94.861 Y109.504 E3.82278
G1 X76.851 Y109.504 E4.689
;WIDTH:0.473139
G1 X76.067 Y109.492 E4.72897
G1 X76.298 Y109.414 E4.7414
;WIDTH:0.458583
G1 X76.783 Y109.189 E4.76769
;WIDTH:0.45
G1 X77.053 Y109.007 E4.78335
G1 X77.439 Y108.637 E4.80907
G1 X77.633 Y108.375 E4.82475
G1 X77.874 Y107.897 E4.8505
G1 X77.969 Y107.586 E4.86614
G1 X78.037 Y107.055 E4.89189
G1 X78.023 Y106.73 E4.90754
G1 X77.911 Y106.207 E4.93326
G1 X77.789 Y105.905 E4.94893
G1 X77.509 Y105.449 E4.97467
G1 X77.293 Y105.205 E4.99034
G1 X76.877 Y104.869 E5.01606
G1 X76.593 Y104.71 E5.03171
G1 X75.849 Y104.48 E5.06916
G1 X75.337 Y104.468 E5.09379
G1 X74.81 Y104.558 E5.1195
G1 X74.503 Y104.666 E5.13515
G1 X74.036 Y104.927 E5.16088
G1 X73.782 Y105.132 E5.17658
G1 X73.429 Y105.533 E5.20227
G1 X73.258 Y105.811 E5.21797
G1 X73.059 Y106.307 E5.24367
;WIDTH:0.448954
G1 X72.993 Y106.626 E5.2593
G1 X72.996 Y106.295 E5.27518
;WIDTH:0.45
G1 X72.996 Y82.727 E6.40872
G1 X73.025 Y82.271 E6.4307
G1 X73.165 Y81.799 E6.45438
G1 X73.401 Y81.365 E6.47814
G1 X73.74 Y81.008 E6.50182
G1 X74.146 Y80.728 E6.52554
G1 X74.611 Y80.564 E6.54926
G1 X75.139 Y80.496 E6.57486
G1 X92.924 Y80.496 E7.43026
;WIDTH:0.481382
G1 X93.362 Y80.512 E7.45306
;WIDTH:0.512765
G1 X93.741 Y80.525 E7.47427
G1 X93.801 Y80.528 F7800
G1 F1800
G1 X94.07 Y80.505 E7.48937
;WIDTH:0.466916
G1 X94.34 Y80.482 E7.50297
;WIDTH:0.433611
G1 X94.848 Y80.488 E7.52637
;WIDTH:0.468278
G1 X95.036 Y80.52 E7.53598
;WIDTH:0.502945
G1 X95.224 Y80.551 E7.5464
;WIDTH:0.546471
G1 X95.815 Y80.764 E7.58417
;WIDTH:0.578157
G1 X96.334 Y81.155 E7.62581
G1 X96.56 Y81.417 E7.64798
;WIDTH:0.571235
G1 X96.825 Y81.883 E7.68187
;WIDTH:0.533279
G1 X96.95 Y82.275 E7.70593
;WIDTH:0.499145
G1 X96.987 Y82.604 E7.72388
;WIDTH:0.45399
G1 X97.024 Y82.933 E7.73997
;WIDTH:0.446776
G1 X97.005 Y83.26 E7.75559
;WIDTH:0.484717
G1 X96.986 Y83.588 E7.77281
;WIDTH:0.491577
G1 X96.983 Y83.634 E7.77527
G1 E5.77527 F2400
G92 E0
G1 X96.359 Y80.592 F7800
G1 E2 F2400
;WIDTH:0.45
G1 F3600
G1 X96.389 Y80.611 E2.00171
G1 X96.799 Y81.005 E2.02906
G1 X97.13 Y81.503 E2.05782
G1 X97.332 Y82.106 E2.08841
G1 X97.389 Y82.639 E2.11419
G1 X97.389 Y107.273 E3.299
G1 X97.357 Y107.789 E3.32387
G1 X97.191 Y108.349 E3.35196
G1 X96.912 Y108.862 E3.38005
G1 X96.511 Y109.286 E3.40812
G1 X96.029 Y109.616 E3.43622
G1 X95.479 Y109.811 E3.46429
G1 X94.876 Y109.889 E3.49353
G1 X75.094 Y109.887 E4.44498
G1 X74.501 Y109.807 E4.47376
G1 X73.941 Y109.598 E4.50251
G1 X73.454 Y109.256 E4.53113
G1 X73.088 Y108.862 E4.55699
G1 X72.838 Y108.419 E4.58146
G1 X72.651 Y107.821 E4.6116
G1 X72.611 Y107.376 E4.63309
G1 X72.611 Y82.727 E5.81862
G1 X72.643 Y82.211 E5.84349
G1 X72.809 Y81.651 E5.87158
G1 X73.088 Y81.138 E5.89967
G1 X73.489 Y80.714 E5.92774
G1 X73.971 Y80.384 E5.95584
G1 X74.521 Y80.189 E5.98391
G1 X75.124 Y80.111 E6.01315
G1 X94.58 Y80.111 E6.94892
G1 X95.122 Y80.13 E6.975
G1 X95.636 Y80.226 E7.00015
G1 X95.981 Y80.364 E7.01802
G1 X96.308 Y80.561 E7.03638
G1 X96.584 Y80.282 F7800
;TYPE:External perimeter
G1 F1800
G1 X96.64 Y80.318 E7.03958
G1 X97.092 Y80.755 E7.06982
G1 X97.427 Y81.239 E7.09813
G1 X97.576 Y81.572 E7.11568
G1 X97.724 Y82.089 E7.14154
G1 X97.775 Y82.639 E7.16811
G1 X97.775 Y107.273 E8.35292
G1 X97.739 Y107.85 E8.38073
G1 X97.547 Y108.497 E8.41319
G1 X97.225 Y109.089 E8.4456
G1 X96.761 Y109.579 E8.47806
G1 X96.205 Y109.961 E8.51051
G1 X95.569 Y110.186 E8.54296
G1 X94.891 Y110.275 E8.57585
G1 X75.366 Y110.275 E9.51493
G1 X74.713 Y110.244 E9.54637
G1 X74.274 Y110.148 E9.56798
G1 X73.795 Y109.961 E9.59271
G1 X73.36 Y109.683 E9.61754
G1 X72.948 Y109.292 E9.64486
G1 X72.573 Y108.76 E9.67617
G1 X72.415 Y108.405 E9.69486
G1 X72.276 Y107.911 E9.71954
G1 X72.225 Y107.391 E9.74467
G1 X72.225 Y82.727 E10.93092
G1 X72.261 Y82.15 E10.95873
G1 X72.453 Y81.503 E10.99119
G1 X72.775 Y80.911 E11.0236
G1 X73.239 Y80.421 E11.05606
G1 X73.795 Y80.039 E11.08851
G1 X74.431 Y79.814 E11.12096
G1 X75.109 Y79.725 E11.15385
G1 X94.58 Y79.725 E12.09034
G1 X95.153 Y79.746 E12.11792
G1 X95.726 Y79.851 E12.14594
G1 X96.205 Y80.039 E12.17069
G1 X96.534 Y80.25 E12.18949
G1 X96.836 Y80.512 F7800
G1 E10.18949 F2400
G92 E0
G1 X73.285 Y101.429 F7800
G1 E2 F2400
;TYPE:Solid infill
G1 F3000
G1 X76.091 Y104.234 E2.19083
G1 X75.571 Y104.17 E2.21603
G1 X74.778 Y104.27 E2.25447
G1 X74.355 Y104.418 E2.27602
G1 X73.902 Y104.671 E2.30098
G1 X73.583 Y104.924 E2.32056
G1 X73.285 Y105.259 E2.34212
G1 X73.285 Y101.621 E2.5171
G1 X73.671 Y102.36 F7800
G1 F3000
G1 X75.147 Y103.835 E2.61746
G1 X74.729 Y103.888 E2.63773
G1 X74.166 Y104.081 E2.66636
G1 X73.671 Y104.363 E2.69376
G1 X73.671 Y102.552 E2.78086
G1 X74.014 Y103.188 E2.81561
;WIDTH:0.364758
G1 X74.439 Y103.612 E2.8381
G1 X74.014 Y103.775 E2.85515
G1 X74.014 Y103.38 E2.86995
G1 E.86995 F2400
G92 E0
G1 X77.153 Y109.255 F7800
G1 E2 F2400
;WIDTH:0.368321
G1 F3000
G1 X77.533 Y108.891 E2.01995
G1 X77.898 Y109.255 E2.03949
G1 X77.346 Y109.255 E2.06042
;WIDTH:0.45
G1 X77.783 Y108.653 E2.0962
G1 X78.345 Y109.215 E2.13443
G1 X78.89 Y109.215 E2.16064
G1 X77.988 Y108.313 E2.22199
G1 X78.16 Y107.94 E2.24175
G1 X79.435 Y109.215 E2.32847
G1 X79.981 Y109.215 E2.35473
G1 X78.271 Y107.505 E2.47104
G1 X78.327 Y107.016 E2.49471
G1 X80.526 Y109.215 E2.64428
G1 X81.071 Y109.215 E2.67049
G1 X78.24 Y106.383 E2.86309
G1 X77.839 Y105.437 F7800
G1 F3000
G1 X81.617 Y109.215 E3.12006
G1 E1.12006 F2400
G92 E0
G1 X77.609 Y105.164 F7800
G1 E2 F2400
;WIDTH:0.411733
G1 F3000
G1 X77.281 Y104.852 E2.01961
;WIDTH:0.45
G1 X77.008 Y104.606 E2.03728
G1 X73.285 Y100.883 E2.29051
G1 X73.285 Y100.338 E2.31672
G1 X82.162 Y109.215 E2.92052
G1 X82.707 Y109.215 E2.94673
G1 X73.285 Y99.793 E3.5876
G1 X73.285 Y99.247 E3.61386
G1 X83.253 Y109.215 E4.29187
G1 X83.798 Y109.215 E4.31808
G1 X73.285 Y98.702 E5.03316
G1 X73.285 Y98.156 E5.05942
G1 X84.344 Y109.215 E5.81164
G1 X84.889 Y109.215 E5.83785
G1 X73.285 Y97.611 E6.62714
G1 X73.285 Y97.066 E6.65335
G1 X85.434 Y109.215 E7.47971
G1 X85.98 Y109.215 E7.50597
G1 X73.285 Y96.52 E8.36947
G1 X73.285 Y95.975 E8.39568
G1 X86.525 Y109.215 E9.29625
G1 X87.07 Y109.215 E9.32246
G1 X73.285 Y95.43 E10.2601
G1 X73.285 Y94.884 E10.28636
G1 X87.616 Y109.215 E11.26114
G1 X88.161 Y109.215 E11.28735
G1 X73.285 Y94.339 E12.2992
G1 X73.285 Y93.794 E12.32541
G1 X88.706 Y109.215 E13.37433
G1 X89.252 Y109.215 E13.40059
G1 X73.285 Y93.248 E14.48665
G1 X73.285 Y92.703 E14.51286
G1 X89.797 Y109.215 E15.63599
G1 X90.342 Y109.215 E15.6622
G1 X73.285 Y92.158 E16.8224
G1 X73.285 Y91.612 E16.84866
G1 X90.888 Y109.215 E18.04599
G1 X91.433 Y109.215 E18.0722
G1 X73.285 Y91.067 E19.3066
G1 X73.285 Y90.522 E19.33281
G1 X91.978 Y109.215 E20.60428
G1 X92.524 Y109.215 E20.63054
G1 X73.285 Y89.976 E21.93915
G1 X73.285 Y89.431 E21.96536
G1 X93.069 Y109.215 E23.31104
G1 X93.614 Y109.215 E23.33725
G1 X73.285 Y88.886 E24.72
G1 X73.285 Y88.34 E24.74626
G1 X94.16 Y109.215 E26.16615
G1 X94.705 Y109.215 E26.19236
G1 X73.285 Y87.795 E27.64932
G1 X73.285 Y87.25 E27.67553
G1 X95.216 Y109.18 E29.16722
G1 X95.632 Y109.051 E29.18817
G1 X73.285 Y86.704 E30.70819
G1 X73.285 Y86.159 E30.7344
G1 X95.979 Y108.852 E32.27798
G1 X96.259 Y108.588 E32.29649
G1 X73.285 Y85.613 E33.85919
G1 X73.285 Y85.068 E33.8854
G1 X96.485 Y108.268 E35.46344
G1 X96.641 Y107.879 E35.4836
G1 X73.285 Y84.523 E37.07225
G1 X73.285 Y83.977 E37.09851
G1 X96.71 Y107.402 E38.69185
G1 X96.714 Y106.861 E38.71787
G1 X73.285 Y83.432 E40.31148
G1 X73.285 Y82.887 E40.33769
G1 X96.714 Y106.316 E41.9313
G1 X96.714 Y105.77 E41.95756
G1 X73.308 Y82.364 E43.54961
G1 X73.423 Y81.933 E43.57106
G1 X96.714 Y105.225 E45.15532
G1 X96.714 Y104.679 E45.18158
G1 X73.611 Y81.576 E46.75302
G1 X73.863 Y81.283 E46.77161
G1 X96.714 Y104.134 E48.32591
G1 X96.714 Y103.589 E48.35212
G1 X74.175 Y81.05 E49.88519
G1 X74.547 Y80.876 E49.90494
G1 X96.714 Y103.043 E51.41271
G1 X96.714 Y102.498 E51.43892
G1 X75.012 Y80.796 E52.91506
G1 X75.547 Y80.785 E52.9408
G1 X96.714 Y101.952 E54.38055
G1 X96.714 Y101.407 E54.40676
G1 X76.092 Y80.785 E55.80944
G1 X76.638 Y80.785 E55.8357
G1 X96.714 Y100.861 E57.20124
G1 X96.714 Y100.316 E57.22745
G1 X77.183 Y80.785 E58.55592
G1 X77.728 Y80.785 E58.58213
G1 X96.714 Y99.771 E59.87353
G1 X96.713 Y99.225 E59.89979
G1 X78.274 Y80.785 E61.15402
G1 X78.819 Y80.785 E61.18023
G1 X96.713 Y98.68 E62.39739
G1 X96.713 Y98.134 E62.42365
G1 X79.364 Y80.785 E63.60371
G1 X79.91 Y80.785 E63.62997
G1 X96.713 Y97.589 E64.77292
G1 X96.713 Y97.044 E64.79913
G1 X80.455 Y80.785 E65.90501
G1 X81 Y80.785 E65.93122
G1 X96.713 Y96.498 E67
G1 X96.713 Y95.953 E67.02621
G1 X81.546 Y80.785 E68.05788
G1 X82.091 Y80.785 E68.08409
G1 X96.713 Y95.407 E69.07866
G1 X96.713 Y94.862 E69.10487
G1 X82.636 Y80.785 E70.06237
G1 X83.182 Y80.785 E70.08863
G1 X96.713 Y94.316 E71.00899
G1 X96.713 Y93.771 E71.0352
G1 X83.727 Y80.785 E71.91849
G1 X84.273 Y80.785 E71.94475
G1 X96.713 Y93.226 E72.79094
G1 X96.713 Y92.68 E72.8172
G1 X84.818 Y80.785 E73.62628
G1 X85.363 Y80.785 E73.65249
G1 X96.713 Y92.135 E74.4245
G1 X96.712 Y91.589 E74.45076
G1 X85.909 Y80.785 E75.1856
G1 X86.454 Y80.785 E75.21181
G1 X96.712 Y91.044 E75.90958
G1 X96.712 Y90.498 E75.93584
G1 X86.999 Y80.785 E76.59651
G1 X87.545 Y80.785 E76.62277
G1 X96.712 Y89.953 E77.24633
G1 X96.855 Y89.105 F7800
;WIDTH:0.404381
G1 F3000
G1 X96.866 Y89.146 E77.24813
G1 X96.795 Y89.165 E77.25125
G1 X96.814 Y89.094 E77.25437
;WIDTH:0.45
G1 X96.712 Y89.408 E77.27025
G1 X88.09 Y80.785 E77.85674
G1 X88.635 Y80.785 E77.88295
G1 X91.873 Y84.023 E78.10319
G1 X92.062 Y84.295 E78.11912
;WIDTH:0.404381
G1 X92.616 Y84.945 E78.15534
G1 X93.218 Y85.451 E78.18869
;WIDTH:0.45
G1 X93.491 Y85.641 E78.20469
G1 X96.712 Y88.862 E78.42378
G1 X96.712 Y88.317 E78.44999
G1 X94.213 Y85.818 E78.61997
G1 X94.743 Y85.802 E78.64547
G1 X96.712 Y87.771 E78.7794
G1 X96.866 Y87.878 E78.78842
;WIDTH:0.404381
G1 X96.846 Y87.949 E78.79155
G1 X96.918 Y87.93 E78.79471
G1 X96.907 Y87.889 E78.79651
G1 E76.79651 F2400
G92 E0
G1 X95.342 Y85.856 F7800
G1 E2 F2400
;WIDTH:0.45
G1 F3000
G1 X96.712 Y87.226 E2.09319
G1 X96.712 Y84.796 E2.21006
G1 X96.259 Y85.21 E2.23958
G1 X95.895 Y85.456 E2.26071
G1 X95.422 Y85.67 E2.28568
G1 X95.205 Y85.719 E2.29638
G1 X95.873 Y85.869 E2.32931
;WIDTH:0.411839
G1 X96.345 Y85.598 E2.3529
G1 X96.345 Y86.341 E2.3851
G1 X96.009 Y86.005 E2.40569
G1 E.40569 F2400
G92 E0
G1 X91.685 Y83.29 F7800
G1 E2 F2400
;WIDTH:0.45
G1 F3000
G1 X89.181 Y80.785 E2.17035
G1 X89.726 Y80.785 E2.19656
G1 X91.695 Y82.755 E2.33052
G1 E.33052 F2400
G92 E0
G1 X90.408 Y80.922 F7800
G1 E2 F2400
G1 F3000
G1 X91.772 Y82.286 E2.09278
G1 X91.987 Y81.711 E2.12231
G1 X92.217 Y81.336 E2.14347
G1 X92.56 Y80.947 E2.16841
G1 X92.719 Y80.798 E2.17889
G1 X90.271 Y80.785 E2.29663
G1 X91.159 Y81.153 F7800
;WIDTH:0.414294
G1 F3000
G1 X91.897 Y81.153 E2.32884
G1 X91.627 Y81.621 E2.35242
G1 X91.296 Y81.29 E2.37285
M106 S211.65
;LAYER_CHANGE
;Z:1.25
;HEIGHT:0.3
G1 E.37285 F2400
G92 E0
G1 Z1.25 F7800
G1 X75.331 Y104.863
G1 E2 F2400
;TYPE:Perimeter
;WIDTH:0.45
G1 F1800
G1 X75.402 Y104.848 E2.00349
G1 X75.895 Y104.876 E2.02724
G1 X76.464 Y105.073 E2.0562
G1 X76.635 Y105.169 E2.06563
G1 X77.051 Y105.505 E2.09135
G1 X77.18 Y105.651 E2.10072
G1 X77.461 Y106.107 E2.12648
G1 X77.534 Y106.288 E2.13587
G1 X77.646 Y106.811 E2.16159
G1 X77.655 Y107.006 E2.17098
G1 X77.587 Y107.537 E2.19673
G1 X77.289 Y108.201 E2.23173
G1 X76.786 Y108.729 E2.2668
G1 X76.137 Y109.058 E2.3018
G1 X75.948 Y109.108 E2.3112
G1 X75.415 Y109.153 E2.33693
G1 X74.88 Y109.048 E2.36315
G1 X74.524 Y108.921 E2.38133
G1 X74.081 Y108.622 E2.40704
G1 X73.821 Y108.325 E2.42602
G1 X73.54 Y107.9 E2.45052
G1 X73.377 Y107.37 E2.47719
G1 X73.353 Y107.176 E2.48659
G1 X73.375 Y106.642 E2.5123
G1 X73.616 Y105.955 E2.54732
G1 X74.072 Y105.387 E2.58235
G1 X74.691 Y105.003 E2.61739
G1 X75.272 Y104.876 E2.64599
G1 X75.364 Y105.247 F7800
;TYPE:External perimeter
G1 F1800
G1 X75.467 Y105.228 E2.65103
G1 X75.832 Y105.259 E2.66865
G1 X76.336 Y105.437 E2.69436
G1 X76.809 Y105.805 E2.72318
G1 X77.132 Y106.309 E2.75197
G1 X77.269 Y106.892 E2.78077
G1 X77.204 Y107.488 E2.80961
G1 X76.944 Y108.028 E2.83844
G1 X76.519 Y108.45 E2.86725
G1 X75.978 Y108.707 E2.89606
G1 X75.382 Y108.769 E2.92488
G1 X74.8 Y108.628 E2.95368
G1 X74.25 Y108.257 E2.98559
G1 X73.905 Y107.775 E3.0141
G1 X73.746 Y107.257 E3.04016
G1 X73.761 Y106.658 E3.06898
G1 X73.974 Y106.099 E3.09775
G1 X74.361 Y105.642 E3.12655
G1 X74.879 Y105.34 E3.15539
G1 X75.305 Y105.259 E3.17625
G1 X75.705 Y105.253 F7800
G1 E1.17625 F2400
G92 E0
G1 X93.961 Y85.069 F7800
G1 E2 F2400
;TYPE:Perimeter
G1 F1800
G1 X93.703 Y85.002 E2.01282
G1 X93.524 Y84.921 E2.02227
G1 X93.081 Y84.622 E2.04798
G1 X92.94 Y84.486 E2.0574
G1 X92.622 Y84.056 E2.08312
G1 X92.534 Y83.882 E2.0925
G1 X92.377 Y83.37 E2.11826
G1 X92.353 Y83.176 E2.12766
G1 X92.375 Y82.642 E2.15337
G1 X92.616 Y81.955 E2.18839
G1 X93.072 Y81.387 E2.22342
G1 X93.691 Y81.003 E2.25846
G1 X94.402 Y80.848 E2.29346
G1 X94.912 Y80.88 E2.31804
G1 X95.087 Y80.94 E2.32694
G1 X95.582 Y81.131 E2.35246
G1 X96.051 Y81.505 E2.38131
G1 X96.338 Y81.908 E2.40511
G1 X96.534 Y82.288 E2.42567
G1 X96.646 Y82.811 E2.45139
G1 X96.655 Y83.006 E2.46078
G1 X96.587 Y83.537 E2.48653
G1 X96.529 Y83.724 E2.49595
G1 X96.289 Y84.201 E2.52163
G1 X95.786 Y84.729 E2.5567
G1 X95.137 Y85.058 E2.5917
G1 X94.415 Y85.153 E2.62673
G1 X94.22 Y85.136 E2.63614
G1 X94.019 Y85.084 E2.64613
G1 X94.06 Y84.691 F7800
;TYPE:External perimeter
G1 F1800
G1 X93.8 Y84.628 E2.659
G1 X93.297 Y84.302 E2.68783
G1 X92.932 Y83.827 E2.71664
G1 X92.746 Y83.257 E2.74548
G1 X92.761 Y82.658 E2.7743
G1 X92.974 Y82.099 E2.80307
G1 X93.361 Y81.642 E2.83187
G1 X93.879 Y81.34 E2.86071
G1 X94.467 Y81.228 E2.8895
G1 X94.832 Y81.259 E2.90712
G1 X94.959 Y81.304 E2.9136
G1 X95.393 Y81.469 E2.93593
G1 X95.81 Y81.806 E2.96172
G1 X96.132 Y82.309 E2.99045
G1 X96.272 Y82.957 E3.02234
G1 X96.204 Y83.488 E3.04809
G1 X95.944 Y84.028 E3.07692
G1 X95.519 Y84.45 E3.10573
G1 X94.978 Y84.707 E3.13454
G1 X94.382 Y84.769 E3.16336
G1 X94.118 Y84.705 E3.17643
G1 X93.74 Y84.574 F7800
G1 E1.17643 F2400
G92 E0
G1 X76.067 Y109.492 F7800
G1 E2 F2400
;TYPE:Perimeter
;WIDTH:0.473139
G1 F1800
G1 X75.757 Y109.506 E2.01582
;WIDTH:0.44483
G1 X75.446 Y109.521 E2.03059
;WIDTH:0.460766
G1 X75.111 Y109.484 E2.04725
;WIDTH:0.505011
G1 X74.776 Y109.448 E2.06577
;WIDTH:0.541741
G1 X74.283 Y109.279 E2.0968
;WIDTH:0.570871
G1 X73.831 Y108.991 E2.13066
;WIDTH:0.572175
G1 X73.581 Y108.752 E2.15257
G1 X73.277 Y108.329 E2.18556
;WIDTH:0.558391
G1 X73.13 Y108.006 E2.20743
;WIDTH:0.524237
G1 X73.069 Y107.745 E2.2228
;WIDTH:0.488554
G1 X73.007 Y107.484 E2.23699
;WIDTH:0.452871
G1 X72.993 Y106.626 E2.27857
G1 E.27857 F2400
G92 E0
G1 X93.801 Y80.528 F7800
G1 E2 F2400
;WIDTH:0.512765
G1 F3600
G1 X93.651 Y80.595 E2.00919
;WIDTH:0.485492
G1 X93.501 Y80.663 E2.01784
;WIDTH:0.45822
G1 X93.036 Y80.927 E2.04411
;WIDTH:0.45
G1 X92.782 Y81.132 E2.05981
G1 X92.429 Y81.533 E2.0855
G1 X92.258 Y81.811 E2.1012
G1 X92.059 Y82.307 E2.1269
G1 X91.99 Y82.626 E2.1426
G1 X91.967 Y83.16 E2.16831
G1 X92.009 Y83.483 E2.18398
G1 X92.165 Y83.995 E2.20972
G1 X92.312 Y84.286 E2.2254
G1 X92.63 Y84.716 E2.25112
G1 X92.865 Y84.941 E2.26677
G1 X93.308 Y85.241 E2.2925
G1 X93.605 Y85.375 E2.30817
G1 X94.123 Y85.51 E2.33392
G1 X94.448 Y85.537 E2.34961
G1 X94.98 Y85.492 E2.37529
G1 X95.296 Y85.41 E2.39099
G1 X95.783 Y85.189 E2.41671
G1 X96.053 Y85.007 E2.43237
G1 X96.439 Y84.637 E2.45809
G1 X96.633 Y84.375 E2.47377
;WIDTH:0.491577
G1 X96.983 Y83.634 E2.51743
G1 X96.998 Y83.928 E2.53312
;WIDTH:0.460536
G1 X97.004 Y84.463 E2.55956
;WIDTH:0.45
G1 X97.004 Y107.273 E3.65664
G1 X96.991 Y107.523 E3.66868
G1 X96.898 Y108.049 E3.69437
G1 X96.612 Y108.615 E3.72487
G1 X96.277 Y108.97 E3.74835
G1 X95.854 Y109.272 E3.77335
G1 X95.383 Y109.438 E3.79737
G1 X94.861 Y109.504 E3.82268
G1 X76.851 Y109.504 E4.6889
;WIDTH:0.473139
G1 X76.067 Y109.492 E4.72887
G1 X76.298 Y109.414 E4.7413
;WIDTH:0.458583
G1 X76.783 Y109.189 E4.76759
;WIDTH:0.45
G1 X77.053 Y109.007 E4.78325
G1 X77.439 Y108.637 E4.80897
G1 X77.633 Y108.375 E4.82465
G1 X77.874 Y107.897 E4.8504
G1 X77.969 Y107.586 E4.86604
G1 X78.037 Y107.055 E4.89179
G1 X78.023 Y106.73 E4.90744
G1 X77.911 Y106.207 E4.93316
G1 X77.789 Y105.905 E4.94883
G1 X77.509 Y105.449 E4.97457
G1 X77.293 Y105.205 E4.99024
G1 X76.877 Y104.869 E5.01596
G1 X76.593 Y104.71 E5.03161
G1 X75.849 Y104.48 E5.06906
G1 X75.337 Y104.468 E5.09369
G1 X74.81 Y104.558 E5.1194
G1 X74.503 Y104.666 E5.13505
G1 X74.036 Y104.927 E5.16078
G1 X73.782 Y105.132 E5.17648
G1 X73.429 Y105.533 E5.20217
G1 X73.258 Y105.811 E5.21787
G1 X73.059 Y106.307 E5.24357
;WIDTH:0.448954
G1 X72.993 Y106.626 E5.2592
G1 X72.996 Y106.295 E5.27508
;WIDTH:0.45
G1 X72.996 Y82.727 E6.40862
G1 X73.025 Y82.271 E6.4306
G1 X73.165 Y81.799 E6.45428
G1 X73.401 Y81.365 E6.47804
G1 X73.74 Y81.008 E6.50172
G1 X74.146 Y80.728 E6.52544
G1 X74.611 Y80.564 E6.54916
G1 X75.139 Y80.496 E6.57476
G1 X92.924 Y80.496 E7.43016
;WIDTH:0.481382
G1 X93.362 Y80.512 E7.45296
;WIDTH:0.512765
G1 X93.741 Y80.525 E7.47417
G1 X93.801 Y80.528 F7800
G1 F1800
G1 X94.07 Y80.505 E7.48927
;WIDTH:0.466916
G1 X94.34 Y80.482 E7.50287
;WIDTH:0.433611
G1 X94.848 Y80.488 E7.52627
;WIDTH:0.468279
G1 X95.036 Y80.52 E7.53588
;WIDTH:0.502947
G1 X95.224 Y80.551 E7.5463
;WIDTH:0.546469
G1 X95.815 Y80.764 E7.58407
;WIDTH:0.578157
G1 X96.334 Y81.155 E7.62571
G1 X96.56 Y81.417 E7.64788
;WIDTH:0.571232
G1 X96.825 Y81.883 E7.68177
;WIDTH:0.533281
G1 X96.95 Y82.275 E7.70583
;WIDTH:0.499145
G1 X96.987 Y82.604 E7.72378
;WIDTH:0.45399
G1 X97.024 Y82.933 E7.73987
;WIDTH:0.446776
G1 X97.005 Y83.26 E7.75549
;WIDTH:0.484717
G1 X96.986 Y83.588 E7.77271
;WIDTH:0.491577
G1 X96.983 Y83.634 E7.77517
G1 E5.77517 F2400
G92 E0
G1 X96.359 Y80.592 F7800
G1 E2 F2400
;WIDTH:0.45
G1 F3600
G1 X96.389 Y80.611 E2.00171
G1 X96.799 Y81.005 E2.02906
G1 X97.13 Y81.503 E2.05782
G1 X97.332 Y82.106 E2.08841
G1 X97.389 Y82.639 E2.11419
G1 X97.389 Y107.273 E3.299
G1 X97.357 Y107.789 E3.32387
G1 X97.179 Y108.379 E3.35351
G1 X96.92 Y108.85 E3.37936
G1 X96.447 Y109.34 E3.41212
G1 X96.029 Y109.616 E3.43621
G1 X95.473 Y109.813 E3.46458
G1 X94.876 Y109.889 E3.49353
G1 X75.094 Y109.887 E4.44498
G1 X74.501 Y109.807 E4.47376
G1 X73.941 Y109.598 E4.50251
G1 X73.454 Y109.256 E4.53113
G1 X73.088 Y108.862 E4.55699
G1 X72.838 Y108.419 E4.58146
G1 X72.651 Y107.821 E4.6116
G1 X72.611 Y107.376 E4.63309
G1 X72.611 Y82.727 E5.81862
G1 X72.643 Y82.211 E5.84349
G1 X72.809 Y81.651 E5.87158
G1 X73.088 Y81.138 E5.89967
G1 X73.489 Y80.714 E5.92774
G1 X73.971 Y80.384 E5.95584
G1 X74.521 Y80.189 E5.98391
G1 X75.124 Y80.111 E6.01315
G1 X94.58 Y80.111 E6.94892
G1 X95.122 Y80.13 E6.975
G1 X95.636 Y80.226 E7.00015
G1 X95.981 Y80.364 E7.01802
G1 X96.308 Y80.561 E7.03638
G1 X96.584 Y80.282 F7800
;TYPE:External perimeter
G1 F1800
G1 X96.64 Y80.318 E7.03958
G1 X97.092 Y80.755 E7.06982
G1 X97.427 Y81.239 E7.09813
G1 X97.576 Y81.572 E7.11568
G1 X97.724 Y82.089 E7.14154
G1 X97.775 Y82.639 E7.16811
G1 X97.775 Y107.273 E8.35292
G1 X97.766 Y107.509 E8.36428
G1 X97.688 Y108.062 E8.39114
G1 X97.535 Y108.527 E8.41468
G1 X97.228 Y109.085 E8.44531
G1 X96.697 Y109.633 E8.48201
G1 X96.205 Y109.961 E8.51045
G1 X95.563 Y110.188 E8.5432
G1 X94.891 Y110.275 E8.57579
G1 X75.366 Y110.275 E9.51487
G1 X74.713 Y110.244 E9.54631
G1 X74.274 Y110.148 E9.56792
G1 X73.795 Y109.961 E9.59265
G1 X73.36 Y109.683 E9.61748
G1 X72.948 Y109.292 E9.6448
G1 X72.573 Y108.76 E9.67611
G1 X72.415 Y108.405 E9.6948
G1 X72.276 Y107.911 E9.71948
G1 X72.225 Y107.391 E9.74461
G1 X72.225 Y82.727 E10.93086
G1 X72.261 Y82.15 E10.95867
G1 X72.453 Y81.503 E10.99113
G1 X72.775 Y80.911 E11.02354
G1 X73.239 Y80.421 E11.056
G1 X73.795 Y80.039 E11.08845
G1 X74.431 Y79.814 E11.1209
G1 X75.109 Y79.725 E11.15379
G1 X94.58 Y79.725 E12.09028
G1 X95.153 Y79.746 E12.11786
G1 X95.726 Y79.851 E12.14588
G1 X96.205 Y80.039 E12.17063
G1 X96.534 Y80.25 E12.18943
G1 X96.836 Y80.512 F7800
G1 E10.18943 F2400
G92 E0
G1 X91.305 Y85.743 F7800
G1 E2 F2400
;TYPE:Internal infill
;WIDTH:0.45
G1 F4200
G1 X92.384 Y86.572 E2.06544
G1 X93.069 Y87.233 E2.11122
G1 X88.105 Y105.761 E3.03378
G1 X87.692 Y105.872 E3.05435
G1 X74.132 Y92.312 E3.97669
G1 X73.974 Y92.995 E4.01041
G1 X73.835 Y94.06 E4.06207
G1 X73.802 Y95.006 E4.1076
G1 X94.707 Y89.405 E5.14852
G1 X95.233 Y90.434 E5.2041
G1 X95.645 Y91.515 E5.25974
G1 E3.25974 F2400
G92 E0
G1 X74.758 Y90.454 F7800
G1 E2 F2400
G1 F4200
G1 X75.25 Y89.475 E2.0527
G1 X75.911 Y88.453 E2.11124
G1 X89.596 Y84.786 E2.79266
G1 X88.692 Y84.42 E2.83957
G1 X87.898 Y84.185 E2.8794
G1 X82.101 Y105.821 E3.95672
G1 X81.055 Y105.489 E4.0095
G1 X80.413 Y105.212 E4.04313
G1 X94.087 Y101.548 E4.724
G1 X93.341 Y102.481 E4.78145
G1 X92.92 Y102.92 E4.8107
G1 X77.082 Y87.082 E5.88798
G1 X78.03 Y86.228 E5.94935
G1 X78.87 Y85.62 E5.99922
G1 E3.99922 F2400
G92 E0
G1 X74.528 Y80.883 F7800
G1 E2 F2400
;TYPE:Solid infill
;WIDTH:0.45
G1 F3000
G1 X73.383 Y82.028 E2.07788
G1 X73.285 Y82.671 E2.10916
G1 X75.171 Y80.785 E2.23744
G1 X75.717 Y80.785 E2.2637
G1 X73.285 Y83.217 E2.42912
G1 X73.285 Y83.762 E2.45533
G1 X76.262 Y80.785 E2.65782
G1 X76.807 Y80.785 E2.68403
G1 X73.285 Y84.307 E2.92359
G1 X73.285 Y84.853 E2.94985
G1 X77.353 Y80.785 E3.22655
G1 X77.898 Y80.785 E3.25276
G1 X73.285 Y85.398 E3.56653
G1 X73.285 Y85.943 E3.59274
G1 X78.443 Y80.785 E3.94358
G1 X78.989 Y80.785 E3.96984
G1 X73.285 Y86.489 E4.35782
G1 X73.285 Y87.034 E4.38403
G1 X79.534 Y80.785 E4.80908
G1 X80.079 Y80.785 E4.83529
G1 X73.285 Y87.579 E5.29741
G1 X73.285 Y88.125 E5.32367
G1 X80.625 Y80.785 E5.82293
G1 X81.17 Y80.785 E5.84914
G1 X73.285 Y88.67 E6.38547
G1 X73.285 Y89.215 E6.41168
G1 X81.715 Y80.785 E6.98508
G1 X82.261 Y80.785 E7.01134
G1 X73.285 Y89.761 E7.62188
G1 X73.214 Y90.568 F7800
;WIDTH:0.404381
G1 F3000
G1 X73.142 Y90.549 E7.62504
G1 X73.161 Y90.62 E7.62816
G1 X73.203 Y90.609 E7.63
;WIDTH:0.45
G1 X73.285 Y90.306 E7.6451
G1 X82.806 Y80.785 E8.29271
G1 X83.351 Y80.785 E8.31892
G1 X79.096 Y85.041 E8.60837
G1 X78.824 Y85.259 E8.62514
;WIDTH:0.404381
G1 X77.881 Y86.055 E8.67747
G1 E6.67747 F2400
G92 E0
G1 X80.003 Y84.659 F7800
G1 E2 F2400
G1 F3000
G1 X79.962 Y84.67 E2.0018
G1 X79.942 Y84.598 E2.00497
G1 X80.014 Y84.618 E2.00814
;WIDTH:0.45
G1 X80.243 Y84.439 E2.02212
G1 X83.897 Y80.785 E2.27066
G1 X84.442 Y80.785 E2.29687
G1 X81.167 Y84.061 E2.51967
G1 X80.935 Y84.231 E2.5335
;WIDTH:0.404381
G1 X80.864 Y84.212 E2.53662
G1 X80.883 Y84.284 E2.53978
G1 X80.924 Y84.273 E2.54158
G1 X81.844 Y84.007 F7800
G1 F3000
G1 X81.675 Y83.991 E2.54878
;WIDTH:0.45
G1 X81.945 Y83.828 E2.56395
G1 X84.987 Y80.785 E2.7709
G1 X85.533 Y80.785 E2.79716
G1 X82.665 Y83.653 E2.99224
G1 X83.332 Y83.531 E3.02485
G1 X86.078 Y80.785 E3.21163
G1 X86.623 Y80.785 E3.23784
G1 X83.949 Y83.46 E3.41976
G1 E1.41976 F2400
G92 E0
G1 X87.179 Y81.317 F7800
G1 E2 F2400
G1 F3000
G1 X85.456 Y83.044 E2.11733
G1 X86.113 Y83.076 E2.14897
G1 X86.944 Y83.191 E2.18932
G1 X88.965 Y81.171 E2.32675
G1 X87.305 Y81.171 E2.40659
G1 X86.993 Y80.962 E2.42465
G1 X84.523 Y83.432 E2.59266
G1 X85.014 Y83.408 E2.6163
G1 X86.094 Y83.461 E2.66831
G1 X86.63 Y83.527 E2.69428
G1 X87.12 Y83.618 E2.71825
G1 X87.12 Y83.561 E2.72099
G1 X89.896 Y80.785 E2.90981
G1 X87.033 Y80.785 E3.04751
G1 X87.488 Y81.557 F7800
;WIDTH:0.44999
G1 F3000
G1 X88.034 Y81.557 E3.07377
G1 X86.816 Y82.774 E3.15658
G1 X86.332 Y82.713 E3.18004
G1 X87.352 Y81.693 E3.24942
G1 E1.24942 F2400
G92 E0
G1 X87.529 Y83.697 F7800
G1 E2 F2400
;WIDTH:0.45
G1 F3000
G1 X90.441 Y80.785 E2.19807
G1 X90.986 Y80.785 E2.22428
G1 X87.968 Y83.803 E2.42956
G1 X88.388 Y83.929 E2.45065
G1 X91.532 Y80.785 E2.6645
G1 X92.077 Y80.785 E2.69071
G1 X88.81 Y84.052 E2.91293
G1 X89.204 Y84.204 E2.93324
G1 X92.622 Y80.785 E3.16576
G1 X92.348 Y81.404 E3.19832
;WIDTH:0.404381
G1 X91.995 Y81.866 E3.22298
;WIDTH:0.45
G1 X91.815 Y82.138 E3.23867
G1 X89.59 Y84.363 E3.39001
G1 X89.966 Y84.532 E3.40984
G1 X91.693 Y82.806 E3.52727
G1 X91.696 Y83.404 E3.55603
G1 X91.887 Y84.074 E3.58954
G1 X92.086 Y84.466 E3.61068
G1 X92.556 Y85.061 E3.64715
G1 X93.139 Y85.475 E3.68154
G1 X93.589 Y85.668 E3.70509
G1 X94.273 Y85.824 E3.73883
G1 X94.992 Y85.781 E3.77347
G1 X95.422 Y85.67 E3.79483
G1 X95.895 Y85.456 E3.8198
G1 X96.259 Y85.21 E3.84093
G1 X96.712 Y84.796 E3.87045
G1 X96.712 Y91.788 E4.20674
G1 X96.731 Y92.877 E4.25913
;WIDTH:0.414177
G1 X96.732 Y92.907 E4.26044
;WIDTH:0.411526
G1 X96.752 Y93.476 E4.28509
;WIDTH:0.370789
G1 X96.768 Y94.02 E4.30589
;WIDTH:0.339336
G1 X96.777 Y94.59 E4.32544
;WIDTH:0.327506
G1 X96.774 Y95.134 E4.34329
;WIDTH:0.328216
G1 X96.774 Y95.694 E4.36172
;WIDTH:0.357568
G1 X96.759 Y96.279 E4.38312
;WIDTH:0.384425
G1 X96.746 Y96.668 E4.39866
;WIDTH:0.411282
G1 X96.733 Y97.057 E4.4155
;WIDTH:0.457403
G1 X96.71 Y97.455 E4.43504
;WIDTH:0.503524
G1 X96.687 Y97.854 E4.45693
;WIDTH:0.546317
G1 X96.665 Y98.622 E4.50311
G1 X96.56 Y98.596 E4.50961
G1 X96.351 Y98.442 E4.52522
G1 X96.17 Y98.456 E4.53613
G1 X96.104 Y98.498 E4.54083
G1 X96.254 Y97.801 E4.58369
;WIDTH:0.503141
G1 X96.323 Y97.401 E4.6059
;WIDTH:0.455712
G1 X96.392 Y97.001 E4.62571
;WIDTH:0.408283
G1 X96.43 Y96.627 E4.64183
;WIDTH:0.382613
G1 X96.468 Y96.254 E4.65671
;WIDTH:0.356944
G1 X96.511 Y95.667 E4.67819
;WIDTH:0.327558
G1 X96.519 Y94.583 E4.71377
;WIDTH:0.340008
G1 X96.493 Y94.021 E4.73311
;WIDTH:0.370789
G1 X96.447 Y93.494 E4.75333
;WIDTH:0.414177
G1 X96.385 Y92.917 E4.77865
;WIDTH:0.45
G1 X96.152 Y91.837 E4.83179
G1 X95.982 Y91.3 E4.85888
G1 X95.58 Y90.264 E4.91233
G1 X95.078 Y89.272 E4.9658
G1 X94.237 Y88.009 E5.03878
G1 X93.441 Y87.055 E5.09854
G1 X92.615 Y86.263 E5.15358
G1 X92.199 Y85.918 E5.17957
G1 X91.771 Y85.599 E5.20524
G1 X91.071 Y85.136 E5.24561
G1 X90.335 Y84.709 E5.28654
G1 X91.553 Y83.491 E5.36939
G1 X91.48 Y84.19 E5.40319
;WIDTH:0.526549
G1 X91.751 Y84.725 E5.43776
;WIDTH:0.564961
G1 X91.95 Y85.015 E5.45972
;WIDTH:0.603373
G1 X92.15 Y85.305 E5.4834
G1 X92.028 Y85.232 E5.49296
;WIDTH:0.575823
G1 X91.511 Y84.902 E5.53209
;WIDTH:0.526549
G1 X91.025 Y84.619 E5.56451
G1 X91.339 Y84.322 E5.58942
G1 X92.15 Y85.305 F7800
;WIDTH:0.620861
G1 F3000
G1 X92.866 Y85.859 E5.65225
;WIDTH:0.629013
G1 X92.966 Y85.959 E5.66221
;WIDTH:0.603645
G1 X93.013 Y86.021 E5.66744
;WIDTH:0.578278
G1 X93.098 Y86.134 E5.6765
;WIDTH:0.535518
G1 X93.183 Y86.246 E5.68476
;WIDTH:0.492759
G1 X93.267 Y86.358 E5.69224
;WIDTH:0.45
G1 X93.692 Y86.76 E5.72038
G1 X94.102 Y87.228 E5.75031
G1 X94.537 Y87.767 E5.78362
G1 X95.401 Y89.062 E5.8585
G1 X95.924 Y90.09 E5.91397
G1 X96.327 Y91.121 E5.96721
G1 X96.326 Y85.634 E6.23112
G1 X96.054 Y85.808 E6.24665
G1 X95.581 Y86.021 E6.2716
G1 X95.015 Y86.166 E6.2997
G1 X94.296 Y86.209 E6.33434
G1 X93.499 Y86.043 E6.3735
;WIDTH:0.497641
G1 X93.332 Y86.001 E6.38281
;WIDTH:0.545282
G1 X93.164 Y85.959 E6.3932
;WIDTH:0.592924
G1 X92.997 Y85.916 E6.40457
G1 X94.041 Y86.569 F7800
;WIDTH:0.45
G1 F3000
G1 X94.318 Y86.594 E6.41795
G1 X95.038 Y86.551 E6.45264
G1 X95.586 Y86.427 E6.47966
G1 X95.941 Y86.282 E6.4981
G1 X95.941 Y89.268 E6.64172
G1 X95.724 Y88.851 E6.66433
G1 X94.837 Y87.525 E6.74106
G1 X94.167 Y86.715 E6.79162
G1 X94.909 Y86.966 F7800
;WIDTH:0.491885
G1 F3000
G1 X95.062 Y86.957 E6.79979
G1 X95.534 Y86.861 E6.82547
G1 X95.534 Y87.82 E6.8766
G1 X95.282 Y87.439 E6.90096
G1 X95.028 Y87.117 E6.92283
G1 E4.92283 F2400
G92 E0
G1 X96.278 Y98.944 F7800
G1 E2 F2400
;WIDTH:0.45
G1 F3000
G1 X95.648 Y99.574 E2.04285
G1 X95.5 Y99.835 E2.05728
;WIDTH:0.404381
G1 X95.429 Y99.816 E2.0604
G1 X95.448 Y99.887 E2.06352
G1 X95.489 Y99.876 E2.06532
G1 X94.937 Y100.956 F7800
G1 F3000
G1 X94.896 Y100.967 E2.06712
G1 X94.877 Y100.896 E2.07024
G1 X94.948 Y100.915 E2.07336
;WIDTH:0.45
G1 X95.113 Y100.654 E2.08821
G1 X96.713 Y99.054 E2.19704
G1 E.19704 F2400
G92 E0
G1 X75.952 Y87.984 F7800
G1 E2 F2400
;WIDTH:0.404381
G1 F3000
G1 X75.232 Y88.85 E2.04776
;WIDTH:0.45
G1 X75.014 Y89.123 E2.06456
G1 X73.285 Y90.851 E2.18213
G1 X73.648 Y91.034 E2.20168
G1 X74.649 Y90.017 E2.27031
;WIDTH:0.404381
G1 X74.608 Y90.028 E2.27211
G1 X74.589 Y89.957 E2.27523
G1 X74.66 Y89.976 E2.27835
G1 X73.979 Y91.316 F7800
;WIDTH:0.545748
G1 F3000
G1 X73.807 Y91.842 E2.31158
G1 X73.757 Y92.106 E2.32771
;WIDTH:0.511557
G1 X73.707 Y92.37 E2.3427
;WIDTH:0.477367
G1 X73.657 Y92.684 E2.35908
;WIDTH:0.44237
G1 X73.606 Y92.997 E2.37403
;WIDTH:0.407373
G1 X73.549 Y93.66 E2.4025
;WIDTH:0.369458
G1 X73.493 Y94.323 E2.42782
;WIDTH:0.331544
G1 X73.492 Y94.335 E2.42822
;WIDTH:0.330706
G1 X73.48 Y95.127 E2.45453
;WIDTH:0.329501
G1 X73.49 Y95.701 E2.47351
;WIDTH:0.359276
G1 X73.534 Y96.244 E2.49355
;WIDTH:0.389051
G1 X73.579 Y96.787 E2.51561
;WIDTH:0.391031
G1 X73.579 Y96.8 E2.51614
;WIDTH:0.420515
G1 X73.617 Y97.08 E2.52869
;WIDTH:0.45
G1 X73.654 Y97.36 E2.54227
G1 X73.929 Y98.437 E2.59573
G1 X74.309 Y99.48 E2.64912
G1 X74.97 Y100.802 E2.72021
G1 X75.707 Y101.927 E2.7849
G1 X76.377 Y102.744 E2.83572
G1 X76.765 Y103.156 E2.86294
G1 X77.583 Y103.908 E2.91638
G1 X78.464 Y104.573 E2.96947
G1 X78.939 Y104.878 E2.99662
G1 X79.404 Y105.146 E3.02243
G1 X80.347 Y105.603 E3.07283
G1 X78.226 Y107.724 E3.2171
G1 X78.257 Y107.614 E3.2226
G1 X78.328 Y106.837 E3.26013
G1 X78.195 Y106.152 E3.29369
G1 X78.033 Y105.75 E3.31454
G1 X77.743 Y105.283 E3.34098
G1 X77.54 Y105.037 E3.35632
G1 X77.026 Y104.62 E3.38815
G1 X76.681 Y104.434 E3.407
G1 X76.112 Y104.241 E3.4359
G1 X75.571 Y104.17 E3.46214
G1 X74.856 Y104.26 E3.4968
G1 X74.355 Y104.418 E3.52207
G1 X73.902 Y104.671 E3.54703
G1 X73.583 Y104.924 E3.56661
G1 X73.285 Y105.259 E3.58817
G1 X73.285 Y97.384 E3.96693
G1 X73.27 Y97.095 E3.98085
;WIDTH:0.419525
G1 X73.255 Y96.805 E3.99371
;WIDTH:0.389051
G1 X73.24 Y96.26 E4.01579
;WIDTH:0.359276
G1 X73.225 Y95.715 E4.03584
;WIDTH:0.329501
G1 X73.225 Y95.692 E4.0366
;WIDTH:0.328741
G1 X73.222 Y95.119 E4.05549
;WIDTH:0.331544
G1 X73.226 Y94.307 E4.08255
;WIDTH:0.369458
G1 X73.245 Y93.642 E4.10786
;WIDTH:0.407373
G1 X73.264 Y92.977 E4.13632
;WIDTH:0.410309
G1 X73.266 Y92.942 E4.13783
;WIDTH:0.444663
G1 X73.283 Y92.627 E4.15279
;WIDTH:0.479018
G1 X73.3 Y92.312 E4.1691
;WIDTH:0.512383
G1 X73.317 Y91.848 E4.19504
;WIDTH:0.545748
G1 X73.333 Y91.385 E4.22285
G1 X73.513 Y91.506 E4.23587
G1 X73.713 Y91.539 E4.24804
G1 X73.831 Y91.44 E4.25729
G1 E2.25729 F2400
G92 E0
G1 X73.671 Y98.855 F7800
G1 E2 F2400
;WIDTH:0.45
G1 F3000
G1 X73.963 Y99.651 E2.04078
G1 X74.644 Y101.007 E2.11376
G1 X75.036 Y101.628 E2.14908
G1 X75.412 Y102.175 E2.181
G1 X76.096 Y103.008 E2.23284
G1 X76.501 Y103.437 E2.26122
G1 X76.895 Y103.808 E2.28725
;WIDTH:0.496873
G1 X77.006 Y103.94 E2.29655
;WIDTH:0.543746
G1 X77.117 Y104.072 E2.30686
;WIDTH:0.590619
G1 X77.228 Y104.203 E2.31813
G1 X77.064 Y104.151 E2.32942
;WIDTH:0.543746
G1 X76.901 Y104.098 E2.33967
;WIDTH:0.496873
G1 X76.737 Y104.046 E2.34895
;WIDTH:0.45
G1 X76.065 Y103.832 E2.38287
G1 X75.523 Y103.788 E2.40902
G1 X74.729 Y103.888 E2.44751
G1 X74.166 Y104.081 E2.47614
G1 X73.671 Y104.363 E2.50354
G1 X73.671 Y99.048 E2.75917
G1 X74.057 Y100.705 F7800
G1 F3000
G1 X74.318 Y101.213 E2.78664
G1 X74.717 Y101.845 E2.82259
G1 X75.16 Y102.474 E2.85959
G1 X75.966 Y103.433 E2.91984
G1 X75.474 Y103.405 E2.94354
G1 X74.681 Y103.505 E2.98198
G1 X74.057 Y103.709 E3.01356
G1 X74.057 Y100.898 E3.14876
G1 X74.465 Y102.201 F7800
;WIDTH:0.496118
G1 F3000
G1 X74.72 Y102.576 E3.17318
G1 X75.101 Y103.04 E3.20551
G1 X74.465 Y103.139 E3.24017
G1 X74.465 Y102.394 E3.28029
G1 E1.28029 F2400
G92 E0
G1 X77.228 Y104.203 F7800
G1 E2 F2400
;WIDTH:0.590619
G1 F3000
G1 X77.31 Y104.269 E2.00691
;WIDTH:0.620345
G1 X77.921 Y104.754 E2.061
G1 X78.015 Y104.922 E2.07435
;WIDTH:0.584042
G1 X78.13 Y105.13 E2.08975
;WIDTH:0.539361
G1 X78.245 Y105.337 E2.10378
;WIDTH:0.49468
G1 X78.36 Y105.545 E2.11654
;WIDTH:0.45
G1 X78.573 Y106.078 E2.14415
G1 X78.696 Y106.709 E2.17507
G1 X79.677 Y105.728 E2.2418
G1 X78.746 Y105.212 E2.293
;WIDTH:0.464222
G1 X78.252 Y104.903 E2.32206
;WIDTH:0.503252
G1 X78.169 Y104.866 E2.32703
;WIDTH:0.542283
G1 X78.087 Y104.828 E2.33242
;WIDTH:0.581314
G1 X78.004 Y104.791 E2.33828
;WIDTH:0.620345
G1 X77.921 Y104.754 E2.34458
G1 X79.014 Y105.819 F7800
;WIDTH:0.549407
G1 F3000
G1 X78.971 Y105.776 E2.34826
G1 X78.912 Y105.792 E2.35196
G1 X78.897 Y105.85 E2.35558
G1 X78.939 Y105.893 E2.35922
G1 X78.998 Y105.877 E2.36292
G1 X80.728 Y105.768 F7800
;WIDTH:0.45
G1 F3000
G1 X77.282 Y109.215 E2.59735
G1 X77.032 Y109.309 E2.6102
;WIDTH:0.404381
G1 X76.961 Y109.29 E2.61332
G1 X76.98 Y109.361 E2.61644
G1 X77.021 Y109.35 E2.61824
G1 X77.827 Y109.215 F7800
;WIDTH:0.45
G1 F3000
G1 X81.125 Y105.916 E2.8426
G1 X81.545 Y106.042 E2.86369
G1 X78.372 Y109.215 E3.07951
G1 X78.918 Y109.215 E3.10577
G1 X81.952 Y106.18 E3.31217
G1 X82.388 Y106.29 E3.3338
G1 X79.463 Y109.215 E3.53275
G1 X80.008 Y109.215 E3.55896
G1 X82.843 Y106.38 E3.75179
G1 X83.309 Y106.459 E3.77452
G1 X80.554 Y109.215 E3.96195
G1 X80.981 Y109.409 E3.98451
;WIDTH:0.404381
G1 X80.94 Y109.42 E3.98631
G1 X80.921 Y109.349 E3.98943
G1 X80.992 Y109.368 E3.99255
;WIDTH:0.45
G1 X81.099 Y109.215 E4.00153
G1 X83.793 Y106.521 E4.18477
G1 E2.18477 F2400
G92 E0
G1 X86.369 Y106.499 F7800
G1 E2 F2400
G1 F3000
G1 X85.292 Y106.586 E2.05197
G1 X84.726 Y106.587 E2.07919
G1 X84.232 Y106.547 E2.10303
G1 X84.202 Y106.657 E2.10851
G1 X81.644 Y109.215 E2.2825
G1 X83.962 Y109.215 E2.39399
G1 X83.962 Y109.078 E2.40058
G1 X86.561 Y106.479 E2.57736
G1 X87.22 Y106.366 E2.60952
G1 X84.371 Y109.215 E2.80331
G1 X84.916 Y109.215 E2.82952
G1 X87.917 Y106.214 E3.03364
G1 X88.217 Y106.083 E3.04938
;WIDTH:0.404381
G1 X88.176 Y106.094 E3.05118
G1 X88.157 Y106.023 E3.0543
G1 X88.228 Y106.042 E3.05742
;WIDTH:0.45
G1 X88.696 Y105.98 E3.08013
G1 X85.462 Y109.215 E3.30014
G1 X86.007 Y109.215 E3.32635
G1 X89.593 Y105.629 E3.57027
G1 E1.57027 F2400
G92 E0
G1 X91.699 Y104.269 F7800
G1 E2 F2400
;WIDTH:0.404381
G1 F3000
G1 X90.967 Y104.865 E2.04003
;WIDTH:0.45
G1 X90.694 Y105.073 E2.05654
G1 X86.552 Y109.215 E2.33827
G1 X87.098 Y109.215 E2.36453
G1 X92.633 Y103.695 E2.7405
;WIDTH:0.427463
G1 X93.214 Y103.137 E2.77698
;WIDTH:0.411687
G1 X93.614 Y102.726 E2.80182
;WIDTH:0.417725
G1 X93.663 Y102.673 E2.805
;WIDTH:0.45
G1 X93.912 Y102.4 E2.82277
G1 X96.714 Y99.599 E3.01332
G1 X96.714 Y100.144 E3.03953
G1 X87.643 Y109.215 E3.65653
G1 X88.188 Y109.215 E3.68274
G1 X96.714 Y100.689 E4.26267
G1 X96.714 Y101.235 E4.28893
G1 X88.734 Y109.215 E4.83172
G1 X89.279 Y109.215 E4.85793
G1 X96.714 Y101.78 E5.36365
G1 X96.714 Y102.325 E5.38986
G1 X89.825 Y109.215 E5.85848
G1 X90.37 Y109.215 E5.88469
G1 X96.714 Y102.87 E6.31624
G1 X96.714 Y103.416 E6.3425
G1 X90.915 Y109.215 E6.73694
G1 X91.461 Y109.215 E6.7632
G1 X96.714 Y103.961 E7.12054
G1 X96.714 Y104.506 E7.14675
G1 X92.006 Y109.215 E7.46702
G1 X92.551 Y109.215 E7.49323
G1 X96.714 Y105.052 E7.77639
G1 X96.714 Y105.597 E7.8026
G1 X93.097 Y109.215 E8.04866
G1 X93.642 Y109.215 E8.07487
G1 X96.714 Y106.142 E8.28386
G1 X96.714 Y106.687 E8.31007
G1 X94.187 Y109.215 E8.48199
G1 X94.619 Y109.413 E8.50485
G1 X94.572 Y109.426 E8.5072
G1 X94.551 Y109.345 E8.51122
G1 X94.631 Y109.367 E8.51521
G1 X94.733 Y109.215 E8.52401
G1 X96.715 Y107.233 E8.65882
G1 X96.714 Y107.724 E8.68244
;WIDTH:0.372517
G1 X96.549 Y108.23 E8.70289
G1 X96.4 Y108.474 E8.71388
;WIDTH:0.375496
G1 X95.988 Y108.892 E8.73665
G1 X95.472 Y109.155 E8.75912
G1 X95.223 Y109.217 E8.76908
G1 X96.181 Y108.257 E8.82171
;WIDTH:0.372517
G1 X96.578 Y107.86 E8.84329
G1 E6.84329 F2400
G92 E0
G1 X85.537 Y106.958 F7800
G1 E2 F2400
;WIDTH:0.45
G1 F3000
G1 X83.779 Y108.716 E2.11958
G1 X83.689 Y108.829 E2.12653
G1 X82.575 Y108.829 E2.18011
G1 X84.452 Y106.952 E2.30778
G1 X84.726 Y106.972 E2.32099
G1 X85.344 Y106.962 E2.35072
G1 X84.599 Y107.351 F7800
;WIDTH:0.449981
G1 F3000
G1 X83.506 Y108.443 E2.42503
G1 E.42503 F2400
G92 E0
G1 X78.693 Y104.261 F7800
G1 E2 F2400
;TYPE:Internal infill
;WIDTH:0.45
G1 F4200
G1 X77.818 Y103.603 E2.05266
G1 X76.93 Y102.769 E2.11125
G1 X81.894 Y84.245 E3.03363
G1 X82.304 Y84.124 E3.05419
G1 X95.86 Y97.679 E3.97622
G1 X96.07 Y96.737 E4.02264
G1 X96.187 Y95.672 E4.07417
G1 X96.189 Y94.996 E4.10668
G1 X75.295 Y100.595 E5.14707
G1 X74.659 Y99.319 E5.21564
G1 X74.357 Y98.484 E5.25835
M106 S204
;LAYER_CHANGE
;Z:1.55
;HEIGHT:0.3
G1 E3.25835 F2400
G92 E0
G1 Z1.55 F7800
G1 X93.961 Y85.069
G1 E2 F2400
;TYPE:Perimeter
;WIDTH:0.45
G1 F1800
G1 X93.703 Y85.002 E2.01282
G1 X93.524 Y84.921 E2.02227
G1 X93.081 Y84.622 E2.04798
G1 X92.94 Y84.486 E2.0574
G1 X92.622 Y84.056 E2.08312
G1 X92.534 Y83.882 E2.0925
G1 X92.377 Y83.37 E2.11826
G1 X92.353 Y83.176 E2.12766
G1 X92.375 Y82.642 E2.15337
G1 X92.616 Y81.955 E2.18839
G1 X93.072 Y81.387 E2.22342
G1 X93.691 Y81.003 E2.25846
G1 X94.315 Y80.856 E2.28929
G1 X94.91 Y80.88 E2.31793
G1 X95.393 Y81.048 E2.34253
G1 X95.635 Y81.169 E2.35554
G1 X96.055 Y81.508 E2.3815
G1 X96.338 Y81.908 E2.40507
G1 X96.534 Y82.288 E2.42563
G1 X96.646 Y82.811 E2.45135
G1 X96.655 Y83.006 E2.46074
G1 X96.587 Y83.537 E2.48649
G1 X96.529 Y83.724 E2.49591
G1 X96.289 Y84.201 E2.52159
G1 X95.786 Y84.729 E2.55666
G1 X95.137 Y85.058 E2.59166
G1 X94.415 Y85.153 E2.62669
G1 X94.22 Y85.136 E2.6361
G1 X94.019 Y85.084 E2.64609
G1 X94.06 Y84.691 F7800
;TYPE:External perimeter
G1 F1800
G1 X93.8 Y84.628 E2.65896
G1 X93.297 Y84.302 E2.68779
G1 X92.932 Y83.827 E2.7166
G1 X92.746 Y83.257 E2.74544
G1 X92.761 Y82.658 E2.77426
G1 X92.974 Y82.099 E2.80303
G1 X93.361 Y81.642 E2.83183
G1 X93.879 Y81.34 E2.86067
G1 X94.385 Y81.235 E2.88553
G1 X94.831 Y81.258 E2.90701
G1 X95.336 Y81.437 E2.93278
G1 X95.809 Y81.805 E2.9616
G1 X96.132 Y82.309 E2.99039
G1 X96.272 Y82.957 E3.02228
G1 X96.204 Y83.488 E3.04803
G1 X95.944 Y84.028 E3.07686
G1 X95.519 Y84.45 E3.10567
G1 X94.978 Y84.707 E3.13448
G1 X94.382 Y84.769 E3.1633
G1 X94.118 Y84.705 E3.17637
G1 X93.74 Y84.574 F7800
G1 E1.17637 F2400
G92 E0
G1 X75.41 Y104.859 F7800
G1 E2 F2400
;TYPE:Perimeter
G1 F1800
G1 X75.885 Y104.874 E2.02286
G1 X76.464 Y105.073 E2.05231
G1 X76.635 Y105.169 E2.06174
G1 X77.051 Y105.505 E2.08746
G1 X77.18 Y105.651 E2.09683
G1 X77.46 Y106.106 E2.12253
G1 X77.533 Y106.288 E2.13196
G1 X77.646 Y106.811 E2.15769
G1 X77.655 Y107.006 E2.16708
G1 X77.587 Y107.537 E2.19283
G1 X77.289 Y108.201 E2.22783
G1 X76.786 Y108.729 E2.2629
G1 X76.137 Y109.058 E2.2979
G1 X75.948 Y109.108 E2.3073
G1 X75.415 Y109.153 E2.33303
G1 X74.88 Y109.048 E2.35925
G1 X74.524 Y108.921 E2.37743
G1 X74.081 Y108.622 E2.40314
G1 X73.821 Y108.325 E2.42212
G1 X73.545 Y107.914 E2.44593
G1 X73.377 Y107.37 E2.47331
G1 X73.353 Y107.176 E2.48271
G1 X73.375 Y106.642 E2.50842
G1 X73.615 Y105.955 E2.54342
G1 X74.072 Y105.387 E2.57848
G1 X74.691 Y105.003 E2.61352
G1 X75.315 Y104.856 E2.64435
G1 X75.35 Y104.857 E2.64603
G1 X75.417 Y105.237 F7800
;TYPE:External perimeter
G1 F1800
G1 X75.831 Y105.258 E2.66597
G1 X76.336 Y105.437 E2.69174
G1 X76.809 Y105.805 E2.72056
G1 X77.132 Y106.308 E2.74931
G1 X77.269 Y106.892 E2.77816
G1 X77.204 Y107.488 E2.807
G1 X76.944 Y108.028 E2.83583
G1 X76.519 Y108.45 E2.86464
G1 X75.978 Y108.707 E2.89345
G1 X75.382 Y108.769 E2.92227
G1 X74.8 Y108.628 E2.95107
G1 X74.25 Y108.257 E2.98298
G1 X73.906 Y107.78 E3.01127
G1 X73.746 Y107.257 E3.03758
G1 X73.761 Y106.658 E3.0664
G1 X73.973 Y106.099 E3.09515
G1 X74.361 Y105.642 E3.12398
G1 X74.879 Y105.34 E3.15282
G1 X75.358 Y105.241 E3.17635
G1 X75.758 Y105.256 F7800
G1 E1.17635 F2400
G92 E0
G1 X94.258 Y80.491 F7800
G1 E2 F2400
;TYPE:Perimeter
G1 F3600
G1 X93.796 Y80.56 E2.02247
G1 X93.503 Y80.666 E2.03746
G1 X93.036 Y80.927 E2.06319
G1 X92.782 Y81.132 E2.07889
G1 X92.429 Y81.533 E2.10458
G1 X92.258 Y81.811 E2.12028
G1 X92.059 Y82.307 E2.14598
G1 X91.99 Y82.626 E2.16168
G1 X91.967 Y83.16 E2.18739
G1 X92.009 Y83.483 E2.20306
G1 X92.165 Y83.995 E2.2288
G1 X92.312 Y84.286 E2.24448
G1 X92.63 Y84.716 E2.2702
G1 X92.865 Y84.941 E2.28585
G1 X93.308 Y85.241 E2.31158
G1 X93.605 Y85.375 E2.32725
G1 X94.123 Y85.51 E2.353
G1 X94.448 Y85.537 E2.36869
G1 X94.98 Y85.492 E2.39437
G1 X95.296 Y85.41 E2.41007
G1 X95.783 Y85.189 E2.43579
G1 X96.053 Y85.007 E2.45145
G1 X96.439 Y84.637 E2.47717
G1 X96.633 Y84.375 E2.49285
;WIDTH:0.491575
G1 X96.983 Y83.633 E2.53656
G1 X96.998 Y83.928 E2.5523
;WIDTH:0.460535
G1 X97.004 Y84.463 E2.57874
;WIDTH:0.45
G1 X97.004 Y107.273 E3.67582
G1 X96.975 Y107.729 E3.6978
G1 X96.835 Y108.201 E3.72148
G1 X96.599 Y108.635 E3.74524
G1 X96.26 Y108.992 E3.76892
G1 X95.854 Y109.272 E3.79264
G1 X95.389 Y109.436 E3.81636
G1 X94.861 Y109.504 E3.84196
G1 X76.851 Y109.504 E4.70818
;WIDTH:0.473139
G1 X76.067 Y109.492 E4.74815
G1 X76.298 Y109.414 E4.76058
;WIDTH:0.458583
G1 X76.783 Y109.189 E4.78687
;WIDTH:0.45
G1 X77.053 Y109.007 E4.80253
G1 X77.439 Y108.637 E4.82825
G1 X77.633 Y108.375 E4.84393
G1 X77.874 Y107.897 E4.86968
G1 X77.969 Y107.586 E4.88532
G1 X78.037 Y107.055 E4.91107
G1 X78.023 Y106.73 E4.92672
G1 X77.91 Y106.206 E4.9525
G1 X77.789 Y105.904 E4.96815
G1 X77.509 Y105.449 E4.99385
G1 X77.293 Y105.205 E5.00952
G1 X76.877 Y104.869 E5.03524
G1 X76.593 Y104.71 E5.05089
G1 X75.964 Y104.497 E5.08283
G1 X75.465 Y104.461 E5.10689
G1 X74.796 Y104.56 E5.13942
G1 X74.503 Y104.666 E5.15441
G1 X74.036 Y104.927 E5.18014
G1 X73.782 Y105.132 E5.19584
G1 X73.428 Y105.534 E5.2216
G1 X73.258 Y105.812 E5.23727
G1 X73.059 Y106.308 E5.26297
;WIDTH:0.448949
G1 X72.993 Y106.626 E5.27855
G1 X72.996 Y106.295 E5.29443
;WIDTH:0.45
G1 X72.996 Y82.727 E6.42797
G1 X73.01 Y82.465 E6.44059
G1 X73.102 Y81.951 E6.4657
G1 X73.301 Y81.527 E6.48823
G1 X73.71 Y81.033 E6.51908
G1 X74.146 Y80.728 E6.54467
G1 X74.615 Y80.563 E6.56858
G1 X75.139 Y80.496 E6.59399
G1 X93.461 Y80.507 E7.47521
G1 X94.198 Y80.492 E7.51066
G1 X94.258 Y80.491 F7800
;WIDTH:0.419687
G1 F1800
G1 X94.81 Y80.492 E7.53512
;WIDTH:0.461337
G1 X95.017 Y80.522 E7.54548
;WIDTH:0.502987
G1 X95.224 Y80.551 E7.55691
;WIDTH:0.546469
G1 X95.815 Y80.764 E7.59468
;WIDTH:0.578157
G1 X96.334 Y81.155 E7.63632
G1 X96.56 Y81.417 E7.65849
;WIDTH:0.571235
G1 X96.825 Y81.883 E7.69238
;WIDTH:0.533279
G1 X96.95 Y82.275 E7.71644
;WIDTH:0.499145
G1 X96.987 Y82.604 E7.73439
;WIDTH:0.45399
G1 X97.024 Y82.933 E7.75048
;WIDTH:0.446775
G1 X97.005 Y83.26 E7.7661
;WIDTH:0.484715
G1 X96.986 Y83.588 E7.78332
;WIDTH:0.491575
G1 X96.983 Y83.633 E7.78572
G1 E5.78572 F2400
G92 E0
G1 X76.067 Y109.492 F7800
G1 E2 F2400
;WIDTH:0.473139
G1 F1800
G1 X75.757 Y109.506 E2.01582
;WIDTH:0.444831
G1 X75.446 Y109.521 E2.03059
;WIDTH:0.460768
G1 X75.111 Y109.484 E2.04725
;WIDTH:0.505013
G1 X74.776 Y109.448 E2.06577
;WIDTH:0.541741
G1 X74.283 Y109.279 E2.0968
;WIDTH:0.570871
G1 X73.831 Y108.991 E2.13066
;WIDTH:0.572175
G1 X73.581 Y108.752 E2.15257
G1 X73.287 Y108.344 E2.18442
;WIDTH:0.560007
G1 X73.106 Y107.917 E2.21309
;WIDTH:0.518565
G1 X73.047 Y107.639 E2.22919
;WIDTH:0.476154
G1 X72.988 Y107.361 E2.24379
;WIDTH:0.443789
G1 X72.993 Y106.626 E2.27857
G1 E.27857 F2400
G92 E0
G1 X96.359 Y80.592 F7800
G1 E2 F2400
;WIDTH:0.45
G1 F3600
G1 X96.389 Y80.611 E2.00171
G1 X96.799 Y81.005 E2.02906
G1 X97.13 Y81.503 E2.05782
G1 X97.332 Y82.106 E2.08841
G1 X97.389 Y82.639 E2.11419
G1 X97.389 Y107.273 E3.299
G1 X97.357 Y107.789 E3.32387
G1 X97.191 Y108.349 E3.35196
G1 X96.912 Y108.862 E3.38005
G1 X96.511 Y109.286 E3.40812
G1 X96.029 Y109.616 E3.43622
G1 X95.479 Y109.811 E3.46429
G1 X94.876 Y109.889 E3.49353
G1 X75.094 Y109.887 E4.44498
G1 X74.501 Y109.807 E4.47376
G1 X73.941 Y109.598 E4.50251
G1 X73.454 Y109.256 E4.53113
G1 X73.111 Y108.889 E4.55529
G1 X72.874 Y108.498 E4.57728
G1 X72.697 Y108.015 E4.60202
G1 X72.611 Y107.376 E4.63303
G1 X72.611 Y82.727 E5.81856
G1 X72.643 Y82.211 E5.84343
G1 X72.818 Y81.628 E5.87271
G1 X73.082 Y81.147 E5.8991
G1 X73.527 Y80.682 E5.93006
G1 X73.971 Y80.384 E5.95578
G1 X74.525 Y80.188 E5.98404
G1 X75.124 Y80.111 E6.01309
G1 X95.122 Y80.13 E6.97492
G1 X95.636 Y80.226 E7.00007
G1 X95.981 Y80.364 E7.01794
G1 X96.308 Y80.561 E7.0363
G1 X96.584 Y80.282 F7800
;TYPE:External perimeter
G1 F1800
G1 X96.64 Y80.318 E7.0395
G1 X97.092 Y80.755 E7.06974
G1 X97.427 Y81.239 E7.09805
G1 X97.576 Y81.572 E7.1156
G1 X97.724 Y82.089 E7.14146
G1 X97.775 Y82.639 E7.16803
G1 X97.775 Y107.273 E8.35284
G1 X97.739 Y107.85 E8.38065
G1 X97.547 Y108.497 E8.41311
G1 X97.225 Y109.089 E8.44552
G1 X96.761 Y109.579 E8.47798
G1 X96.205 Y109.961 E8.51043
G1 X95.569 Y110.186 E8.54288
G1 X94.891 Y110.275 E8.57577
G1 X75.366 Y110.275 E9.51485
G1 X74.713 Y110.244 E9.54629
G1 X74.274 Y110.148 E9.5679
G1 X73.795 Y109.961 E9.59263
G1 X73.36 Y109.683 E9.61746
G1 X72.948 Y109.292 E9.64478
G1 X72.583 Y108.776 E9.67518
G1 X72.464 Y108.502 E9.68955
G1 X72.276 Y107.911 E9.71938
G1 X72.225 Y107.391 E9.74451
G1 X72.225 Y82.727 E10.93076
G1 X72.234 Y82.49 E10.94217
G1 X72.313 Y81.936 E10.96909
G1 X72.462 Y81.48 E10.99216
G1 X72.773 Y80.914 E11.02322
G1 X73.277 Y80.389 E11.05822
G1 X73.795 Y80.039 E11.08829
G1 X74.435 Y79.813 E11.12093
G1 X75.109 Y79.725 E11.15362
G1 X95.152 Y79.746 E12.11762
G1 X95.726 Y79.851 E12.14569
G1 X96.205 Y80.039 E12.17044
G1 X96.534 Y80.25 E12.18924
G1 X96.836 Y80.512 F7800
G1 E10.18924 F2400
G92 E0
G1 X94.324 Y91.426 F7800
G1 E2 F2400
;TYPE:Internal infill
;WIDTH:0.45
G1 F4200
G1 X92.034 Y91.097 E2.11127
G1 X92.736 Y88.476 E2.24177
G1 X93.619 Y89.696 E2.3142
G1 X80.087 Y93.322 E2.988
G1 X80.112 Y93.496 E2.99645
G1 X79.317 Y93.862 E3.03854
G1 X78.678 Y96.246 E3.15725
G1 X79.122 Y96.869 E3.19405
G1 X79.03 Y97.21 E3.21104
G1 X86.782 Y104.962 E3.73832
G1 X87.631 Y104.781 E3.78007
G1 X88.436 Y104.524 E3.82071
G1 X90.174 Y98.038 E4.14367
G1 X94.441 Y98.652 E4.35101
G1 X93.696 Y100.198 E4.43355
G1 X93.15 Y101.02 E4.48101
G1 X92.293 Y102.028 E4.54465
G1 X82.208 Y104.731 E5.04682
G1 X82.378 Y104.784 E5.05538
G1 X87.62 Y85.221 E6.02949
G1 X87.787 Y85.271 E6.03787
G1 X77.71 Y87.971 E6.53963
G1 X77.843 Y87.843 E6.54851
G1 X92.161 Y102.161 E7.5224
G1 X91.513 Y102.76 E7.56484
G1 X90.354 Y103.598 E7.63363
G1 E5.63363 F2400
G92 E0
G1 X91.951 Y94.383 F7800
G1 E2 F2400
G1 F4200
G1 X92.515 Y94.946 E2.03833
G1 X93.675 Y95.511 E2.10039
G1 X93.555 Y95.702 E2.11124
G1 X92.062 Y96.102 E2.18558
G1 X90.872 Y95.931 E2.2434
G1 X89.91 Y97.578 F7800
;TYPE:Bridge infill
;WIDTH:0.400002
;HEIGHT:0.4
M106 S255
G1 F3600
G1 X96.32 Y98.5 E2.58174
G1 X96.353 Y98.382 E2.58814
G1 X96.429 Y98.061 E2.60537
G1 X90.229 Y97.17 E2.93262
G1 X90.319 Y96.834 E2.95079
G1 X90.44 Y96.745 E2.95864
G1 X96.541 Y97.623 E3.28067
G1 X96.601 Y97.4 E3.29274
G1 X96.641 Y97.182 E3.30432
G1 X93.598 Y96.745 E3.46493
G1 X93.81 Y96.321 E3.4897
G1 X96.681 Y96.733 E3.64123
G1 X96.681 Y96.279 E3.66495
G1 X94.022 Y95.897 E3.8053
G1 X94.034 Y95.874 E3.80666
G1 X93.976 Y95.817 E3.81091
G1 X94.198 Y95.467 E3.83256
G1 X96.681 Y95.824 E3.96362
G1 X96.681 Y95.37 E3.98734
G1 X93.357 Y94.892 E4.16279
G1 X92.76 Y94.601 E4.19749
G1 X92.469 Y94.309 E4.21903
G1 X96.681 Y94.915 E4.44135
G1 X96.681 Y94.46 E4.46512
G1 X91.938 Y93.778 E4.71547
G1 X91.422 Y93.249 E4.75408
G1 X96.681 Y94.006 E5.03167
G1 X96.681 Y93.551 E5.05544
G1 X91.402 Y92.792 E5.33408
G1 X91.519 Y92.354 E5.35777
G1 X96.68 Y93.096 E5.63018
G1 X96.66 Y92.89 E5.64099
G1 X96.6 Y92.63 E5.65493
G1 X91.434 Y91.887 E5.92761
M106 S204
G1 E3.92761 F2400
G92 E0
G1 X79.037 Y94.164 F7800
G1 E2 F2400
;TYPE:Internal infill
;WIDTH:0.45
;HEIGHT:0.3
G1 F4200
G1 X77.676 Y93.968 E2.06613
G1 X76.669 Y94.238 E2.11627
G1 X76.753 Y94.321 E2.12195
G1 X76.36 Y94.54 E2.14359
G1 X76.571 Y94.751 E2.15794
G1 X77.607 Y95.175 E2.21178
G1 X78.452 Y96.02 E2.26926
G1 E.26926 F2400
G92 E0
G1 X78.481 Y98.427 F7800
G1 E2 F2400
;TYPE:Bridge infill
;WIDTH:0.41731
;HEIGHT:0.4
M106 S255
G1 F3600
G1 X73.472 Y97.706 E2.28777
G1 X73.366 Y97.219 E2.31611
G1 X78.401 Y97.943 E2.60537
G1 X78.523 Y97.488 E2.63216
G1 X73.318 Y96.74 E2.93118
G1 X73.318 Y96.268 E2.95802
G1 X78.645 Y97.034 E3.26405
G1 X78.668 Y96.949 E3.26906
G1 X78.362 Y96.521 E3.29898
G1 X73.318 Y95.796 E3.58875
G1 X73.318 Y95.324 E3.61559
G1 X77.81 Y95.97 E3.87365
G1 X77.371 Y95.53 E3.90899
G1 X77.01 Y95.382 E3.93118
G1 X73.318 Y94.851 E4.14328
G1 X73.318 Y94.379 E4.17012
G1 X75.279 Y94.661 E4.28278
G1 X75.955 Y94.286 E4.32674
G1 X73.318 Y93.907 E4.47823
G1 X73.318 Y93.435 E4.50507
G1 X76.287 Y93.862 E4.67564
G1 X76.507 Y93.422 E4.70361
G1 X73.329 Y92.965 E4.88618
G1 X73.344 Y92.865 E4.89193
G1 X73.426 Y92.507 E4.91281
G1 X79.397 Y93.365 E5.25584
G1 X79.653 Y93.247 E5.27187
G1 X79.606 Y92.923 E5.29049
G1 X73.332 Y92.021 E5.65093
M106 S204
G1 X73.285 Y91.671 F7800
;TYPE:Solid infill
;WIDTH:0.45
;HEIGHT:0.3
G1 F3000
G1 X73.285 Y86.704 E5.88983
G1 X76.062 Y89.481 E6.07872
G1 X75.629 Y90.251 E6.12121
G1 X75.26 Y91.066 E6.16424
G1 X74.977 Y91.827 E6.20329
G1 X73.455 Y91.608 E6.27725
G1 X73.671 Y91.249 E6.2974
G1 X73.671 Y87.635 E6.47122
G1 X75.571 Y89.535 E6.60046
G1 X75.033 Y90.584 E6.65716
G1 X74.717 Y91.4 E6.69925
G1 X73.862 Y91.277 E6.7408
G1 X74.057 Y90.915 E6.76058
G1 X74.057 Y88.566 E6.87356
G1 X75.093 Y89.602 E6.94403
G1 X74.673 Y90.445 E6.98933
G1 X74.468 Y90.974 E7.01662
G1 X74.248 Y90.942 E7.02731
G1 X74.572 Y89.645 F7800
;WIDTH:0.612653
G1 F3000
G1 X74.59 Y89.711 E7.03199
G1 X74.541 Y89.76 E7.03673
G1 X74.475 Y89.742 E7.04141
G1 X74.457 Y89.676 E7.04609
G1 X74.506 Y89.627 E7.05083
G1 X76.274 Y89.147 F7800
;WIDTH:0.45
G1 F3000
G1 X73.285 Y86.159 E7.2541
G1 X73.285 Y85.614 E7.28031
G1 X76.494 Y88.822 E7.49855
G1 X76.728 Y88.51 E7.51731
G1 X73.285 Y85.068 E7.75146
G1 X73.285 Y84.523 E7.77767
G1 X76.979 Y88.216 E8.0289
G1 X77.23 Y87.922 E8.04749
G1 X73.285 Y83.978 E8.31579
G1 X73.285 Y83.432 E8.34205
G1 X77.496 Y87.642 E8.62844
G1 X77.774 Y87.375 E8.64698
G1 X73.285 Y82.887 E8.95228
G1 X73.308 Y82.364 E8.97746
G1 X78.051 Y87.108 E9.30011
G1 X78.348 Y86.858 E9.31878
G1 X73.422 Y81.933 E9.65381
G1 X73.611 Y81.576 E9.67324
G1 X78.658 Y86.623 E10.01653
G1 X78.974 Y86.394 E10.0353
G1 X73.868 Y81.288 E10.3826
G1 X74.175 Y81.05 E10.40128
G1 X79.292 Y86.167 E10.74933
G1 X79.637 Y85.966 E10.76853
G1 X74.547 Y80.876 E11.11475
G1 X75.015 Y80.799 E11.13756
G1 X79.982 Y85.765 E11.47538
G1 X80.338 Y85.577 E11.49474
G1 X75.547 Y80.786 E11.82062
G1 X76.093 Y80.786 E11.84688
G1 X80.712 Y85.405 E12.16106
G1 X81.1 Y85.247 E12.18121
G1 X76.638 Y80.786 E12.48468
G1 X77.184 Y80.787 E12.51094
G1 X81.487 Y85.09 E12.80362
G1 X81.903 Y84.96 E12.82458
G1 X77.73 Y80.787 E13.10842
G1 X78.275 Y80.787 E13.13463
G1 X82.324 Y84.836 E13.41004
G1 X82.766 Y84.733 E13.43187
G1 X78.821 Y80.788 E13.7002
G1 X79.367 Y80.788 E13.72646
G1 X83.224 Y84.645 E13.98881
G1 X83.692 Y84.568 E14.01162
G1 X79.912 Y80.788 E14.26873
G1 X80.458 Y80.789 E14.29499
G1 X84.191 Y84.522 E14.5489
G1 X84.711 Y84.496 E14.57394
G1 X81.004 Y80.789 E14.82609
G1 X81.549 Y80.789 E14.8523
G1 X85.255 Y84.495 E15.10438
G1 X85.828 Y84.523 E15.13197
G1 X82.095 Y80.789 E15.38592
G1 X82.641 Y80.79 E15.41218
G1 X86.435 Y84.584 E15.67024
G1 X87.104 Y84.708 E15.70296
G1 X83.186 Y80.79 E15.96946
G1 X83.732 Y80.79 E15.99572
G1 X87.82 Y84.879 E16.27381
G1 X88.123 Y85.006 E16.28961
;WIDTH:0.404381
G1 X88.134 Y85.047 E16.29141
G1 X88.063 Y85.066 E16.29453
G1 X88.082 Y84.995 E16.29765
G1 X88.882 Y85.271 F7800
G1 F3000
G1 X88.863 Y85.342 E16.30077
G1 X88.934 Y85.323 E16.30389
G1 X88.923 Y85.282 E16.30569
;WIDTH:0.45
G1 X88.62 Y85.133 E16.32193
G1 X84.278 Y80.791 E16.61727
G1 X84.823 Y80.791 E16.64348
G1 X89.56 Y85.528 E16.96568
G1 X89.863 Y85.692 E16.98225
;WIDTH:0.404381
G1 X89.874 Y85.733 E16.98405
G1 X89.803 Y85.752 E16.98717
G1 X89.822 Y85.681 E16.99029
G1 E14.99029 F2400
G92 E0
G1 X94.917 Y91.43 F7800
G1 E2 F2400
;WIDTH:0.504947
G1 F3000
G1 X94.878 Y91.468 E2.00299
G1 X94.892 Y91.522 E2.00606
G1 X94.945 Y91.536 E2.00907
G1 X94.984 Y91.497 E2.0121
G1 X94.97 Y91.444 E2.01511
;WIDTH:0.45
G1 X95.649 Y91.617 E2.04881
G1 X94.46 Y90.428 E2.12968
G1 X93.73 Y89.152 F7800
G1 F3000
G1 X96.286 Y91.708 E2.30354
G1 E.30354 F2400
G92 E0
G1 X93.504 Y88.879 F7800
G1 E2 F2400
;WIDTH:0.404381
G1 F3000
G1 X92.582 Y87.86 E2.05828
G1 X91.865 Y87.156 E2.10089
G1 X91.094 Y86.473 E2.14457
;WIDTH:0.45
G1 X90.822 Y86.244 E2.16167
G1 X85.369 Y80.791 E2.53258
G1 X85.915 Y80.792 E2.55884
G1 X96.712 Y91.589 E3.29324
G1 X96.712 Y91.044 E3.31945
G1 X86.46 Y80.792 E4.01678
G1 X87.006 Y80.792 E4.04304
G1 X96.712 Y90.499 E4.70326
G1 X96.712 Y89.953 E4.72952
G1 X87.552 Y80.793 E5.35257
G1 X88.097 Y80.793 E5.37878
G1 X96.712 Y89.408 E5.96476
G1 X96.866 Y89.515 E5.97378
;WIDTH:0.404381
G1 X96.847 Y89.586 E5.9769
G1 X96.918 Y89.567 E5.98002
G1 X96.907 Y89.526 E5.98182
G1 E3.98182 F2400
G92 E0
G1 X93.218 Y85.451 F7800
G1 E2 F2400
G1 F3000
G1 X92.616 Y84.945 E2.03335
G1 X92.062 Y84.296 E2.06954
;WIDTH:0.45
G1 X91.873 Y84.023 E2.08551
G1 X88.643 Y80.793 E2.30521
G1 X89.189 Y80.794 E2.33147
G1 X91.685 Y83.29 E2.50124
G1 X91.695 Y82.755 E2.52698
G1 X89.734 Y80.794 E2.66036
G1 X92.743 Y80.796 E2.80508
G1 X92.56 Y80.947 E2.81649
G1 X92.217 Y81.336 E2.84143
G1 X91.987 Y81.711 E2.86259
G1 X91.772 Y82.286 E2.89212
G1 X90.416 Y80.93 E2.98435
G1 X91.164 Y81.161 F7800
;WIDTH:0.410692
G1 F3000
G1 X91.893 Y81.161 E3.01584
G1 X91.627 Y81.624 E3.0389
G1 X91.3 Y81.297 E3.05887
G1 E1.05887 F2400
G92 E0
G1 X93.491 Y85.641 F7800
G1 E2 F2400
;WIDTH:0.45
G1 F3000
G1 X96.712 Y88.862 E2.21909
G1 X96.814 Y89.094 E2.23128
;WIDTH:0.404381
G1 X96.795 Y89.165 E2.2344
G1 X96.866 Y89.146 E2.23752
G1 X96.855 Y89.105 E2.23932
G1 X96.712 Y88.317 F7800
;WIDTH:0.45
G1 F3000
G1 X94.213 Y85.818 E2.4093
G1 X94.743 Y85.802 E2.4348
G1 X96.712 Y87.772 E2.56876
G1 X96.866 Y87.878 E2.57775
;WIDTH:0.404381
G1 X96.846 Y87.95 E2.58092
G1 X96.918 Y87.931 E2.58408
G1 X96.907 Y87.889 E2.58592
G1 E.58592 F2400
G92 E0
G1 X95.341 Y85.856 F7800
G1 E2 F2400
;WIDTH:0.45
G1 F3000
G1 X96.712 Y87.226 E2.09322
G1 X96.712 Y84.796 E2.21009
G1 X96.259 Y85.21 E2.23961
G1 X95.895 Y85.456 E2.26074
G1 X95.422 Y85.67 E2.28571
G1 X95.205 Y85.719 E2.29641
G1 X95.873 Y85.869 E2.32934
;WIDTH:0.411871
G1 X96.345 Y85.598 E2.35293
G1 X96.345 Y86.341 E2.38513
G1 X96.009 Y86.005 E2.40572
G1 E.40572 F2400
G92 E0
G1 X73.285 Y101.429 F7800
G1 E2 F2400
;WIDTH:0.45
G1 F3000
G1 X76.094 Y104.238 E2.19106
G1 X75.998 Y104.211 E2.19586
G1 X75.446 Y104.175 E2.22247
G1 X74.759 Y104.273 E2.25585
G1 X74.355 Y104.418 E2.27649
G1 X73.902 Y104.671 E2.30145
G1 X73.583 Y104.925 E2.32106
G1 X73.285 Y105.259 E2.34259
G1 X73.285 Y101.621 E2.51757
G1 X73.671 Y102.36 F7800
G1 F3000
G1 X75.14 Y103.829 E2.61749
G1 X74.704 Y103.892 E2.63868
G1 X74.167 Y104.081 E2.66606
G1 X73.671 Y104.363 E2.6935
G1 X73.671 Y102.552 E2.7806
G1 X74.014 Y103.187 E2.81531
;WIDTH:0.364553
G1 X74.437 Y103.611 E2.83773
G1 X74.014 Y103.775 E2.85472
G1 X74.014 Y103.38 E2.86951
G1 E.86951 F2400
G92 E0
G1 X77.153 Y109.255 F7800
G1 E2 F2400
;WIDTH:0.368307
G1 F3000
G1 X77.533 Y108.891 E2.01995
G1 X77.898 Y109.255 E2.03949
G1 X77.346 Y109.255 E2.06041
;WIDTH:0.45
G1 X77.783 Y108.653 E2.09619
G1 X78.345 Y109.215 E2.13442
G1 X78.89 Y109.215 E2.16063
G1 X77.988 Y108.313 E2.22198
G1 X78.16 Y107.94 E2.24174
G1 X79.435 Y109.215 E2.32846
G1 X79.981 Y109.215 E2.35472
G1 X78.271 Y107.505 E2.47103
G1 X78.327 Y107.016 E2.4947
G1 X80.526 Y109.215 E2.64427
G1 X81.071 Y109.215 E2.67048
G1 X78.24 Y106.383 E2.86308
G1 X78.118 Y106.082 E2.8787
;WIDTH:0.404381
G1 X78.129 Y106.124 E2.88054
G1 X78.058 Y106.143 E2.88366
G1 X78.077 Y106.071 E2.88682
;WIDTH:0.45
G1 X77.84 Y105.437 E2.91937
G1 X81.617 Y109.215 E3.17631
G1 E1.17631 F2400
G92 E0
G1 X77.609 Y105.165 F7800
G1 E2 F2400
;WIDTH:0.411731
G1 F3000
G1 X77.28 Y104.851 E2.0197
;WIDTH:0.45
G1 X77.008 Y104.605 E2.03734
G1 X73.285 Y100.883 E2.29054
G1 X73.285 Y100.338 E2.31675
G1 X82.162 Y109.215 E2.92055
G1 X82.707 Y109.215 E2.94676
G1 X73.285 Y99.793 E3.58763
G1 X73.285 Y99.247 E3.61389
G1 X83.253 Y109.215 E4.2919
G1 X84.101 Y109.297 F7800
;WIDTH:0.404381
G1 F3000
G1 X84.112 Y109.339 E4.29374
G1 X84.041 Y109.358 E4.29686
G1 X84.06 Y109.286 E4.30002
;WIDTH:0.45
G1 X83.798 Y109.215 E4.31308
G1 X73.285 Y98.702 E5.02816
G1 X73.285 Y98.157 E5.05437
G1 X84.343 Y109.215 E5.80652
G1 X84.889 Y109.215 E5.83278
G1 X79.806 Y104.131 E6.17855
G1 X79.533 Y103.92 E6.19515
;WIDTH:0.404381
G1 X79.131 Y103.603 E6.21686
G1 X78.706 Y103.233 E6.24076
G1 E4.24076 F2400
G92 E0
G1 X80.593 Y104.433 F7800
G1 E2 F2400
G1 F3000
G1 X80.574 Y104.504 E2.00312
G1 X80.646 Y104.485 E2.00628
G1 X80.635 Y104.444 E2.00808
;WIDTH:0.45
G1 X80.877 Y104.658 E2.02362
G1 X85.434 Y109.215 E2.33358
G1 X85.979 Y109.215 E2.35979
G1 X81.757 Y104.992 E2.647
G1 X81.514 Y104.792 E2.66214
;WIDTH:0.404381
G1 X81.525 Y104.834 E2.66398
G1 X81.454 Y104.853 E2.6671
G1 X81.473 Y104.781 E2.67026
G1 X82.246 Y105.021 F7800
G1 F3000
G1 X82.226 Y105.092 E2.67339
G1 X82.298 Y105.073 E2.67655
G1 X82.287 Y105.032 E2.67835
;WIDTH:0.45
G1 X82.529 Y105.219 E2.69306
G1 X86.525 Y109.215 E2.96486
G1 X87.07 Y109.215 E2.99107
G1 X83.207 Y105.351 E3.25386
G1 X83.851 Y105.45 E3.2852
G1 X87.616 Y109.215 E3.54129
G1 X88.161 Y109.215 E3.5675
G1 X84.438 Y105.491 E3.82077
G1 X85.005 Y105.513 E3.84806
G1 X88.706 Y109.215 E4.09983
G1 X89.252 Y109.215 E4.12609
G1 X85.531 Y105.494 E4.37919
G1 X86.04 Y105.458 E4.40373
G1 X89.797 Y109.215 E4.65928
G1 X90.342 Y109.215 E4.68549
G1 X86.525 Y105.397 E4.94515
G1 X86.991 Y105.318 E4.96788
G1 X90.888 Y109.215 E5.23295
G1 X91.433 Y109.215 E5.25916
G1 X87.444 Y105.226 E5.53049
G1 X87.873 Y105.109 E5.55188
G1 X91.978 Y109.215 E5.83113
G1 X92.524 Y109.215 E5.85739
G1 X88.286 Y104.977 E6.14565
G1 X88.699 Y104.845 E6.1665
G1 X93.069 Y109.215 E6.46374
G1 X93.614 Y109.215 E6.48995
G1 X89.081 Y104.681 E6.79831
G1 X89.462 Y104.517 E6.81826
G1 X94.16 Y109.215 E7.13781
G1 X94.705 Y109.215 E7.16402
G1 X89.825 Y104.335 E7.49595
G1 X90.176 Y104.141 E7.51524
G1 X95.216 Y109.18 E7.85802
G1 X95.632 Y109.051 E7.87897
G1 X90.527 Y103.945 E8.22624
G1 X90.859 Y103.732 E8.24521
G1 X95.979 Y108.852 E8.59347
G1 X96.259 Y108.588 E8.61198
G1 X91.173 Y103.501 E8.95796
G1 X91.483 Y103.266 E8.97667
G1 X96.485 Y108.268 E9.3169
G1 X96.641 Y107.879 E9.33706
G1 X91.791 Y103.028 E9.66698
G1 X92.074 Y102.766 E9.68553
G1 X96.71 Y107.402 E10.00086
G1 X96.714 Y106.861 E10.02688
G1 X92.358 Y102.505 E10.32317
G1 X92.631 Y102.232 E10.34174
G1 X96.714 Y106.316 E10.61949
G1 X96.714 Y105.77 E10.64575
G1 X92.891 Y101.947 E10.90579
G1 X93.14 Y101.651 E10.92439
G1 X96.714 Y105.225 E11.16749
G1 X96.714 Y104.68 E11.1937
G1 X93.382 Y101.347 E11.42037
G1 X93.608 Y101.028 E11.43917
G1 X96.714 Y104.134 E11.65044
G1 X96.714 Y103.589 E11.67665
G1 X93.826 Y100.7 E11.87312
G1 X94.042 Y100.371 E11.89205
G1 X96.714 Y103.043 E12.0738
G1 X96.714 Y102.498 E12.10001
G1 X94.237 Y100.021 E12.26849
G1 X94.553 Y99.792 E12.28726
G1 X96.714 Y101.952 E12.43421
G1 X96.713 Y98.587 E12.59605
G1 X96.656 Y98.799 E12.60661
G1 X96.443 Y98.94 E12.6189
G1 X94.83 Y98.708 E12.69728
G1 X94.637 Y99.193 E12.72239
G1 X94.417 Y99.655 E12.747
G1 X94.882 Y99.575 E12.76969
G1 X95.086 Y99.134 E12.79306
G1 X96.328 Y99.313 E12.85341
G1 X96.328 Y101.021 E12.93556
G1 X95.019 Y99.712 E13.0246
G1 X95.343 Y99.532 E13.04243
;WIDTH:0.392266
G1 X95.971 Y99.622 E13.06837
G1 X95.971 Y100.16 E13.09037
G1 X95.479 Y99.668 E13.11882
G1 E11.11882 F2400
G92 E0
G1 X76.731 Y101.258 F7800
G1 E2 F2400
;WIDTH:0.404381
G1 F3000
G1 X76.059 Y100.447 E2.04466
;WIDTH:0.45
G1 X75.848 Y100.174 E2.06126
G1 X73.868 Y98.194 E2.19594
G1 X74.505 Y98.286 E2.2269
G1 X75.316 Y99.096 E2.28203
G1 X75.498 Y99.328 E2.29621
;WIDTH:0.404381
G1 X75.479 Y99.399 E2.29933
G1 X75.55 Y99.38 E2.30245
G1 X75.539 Y99.339 E2.30425
G1 X75.707 Y98.459 F7800
;TYPE:Internal infill
;WIDTH:0.45
G1 F4200
G1 X77.997 Y98.788 E2.41552
G1 X77.263 Y101.525 E2.55181
G1 X76.376 Y100.305 E2.62436
G1 X89.929 Y96.673 E3.29921
G1 X89.953 Y96.584 E3.30364
G1 X90.713 Y96.028 E3.34893
G1 X91.323 Y93.75 E3.46235
G1 X90.846 Y93.253 E3.49548
G1 X90.97 Y92.79 E3.51853
G1 X83.219 Y85.038 E4.04578
G1 X82.591 Y85.159 E4.07654
G1 X81.564 Y85.475 E4.12822
G1 X79.681 Y92.503 E4.47817
G1 X77.391 Y92.174 E4.58944
M106 S206.55
;LAYER_CHANGE
;Z:1.85
;HEIGHT:0.3
G1 E2.58944 F2400
G92 E0
G1 Z1.85 F7800
G1 X93.961 Y85.069
G1 E2 F2400
;TYPE:Perimeter
;WIDTH:0.45
G1 F1800
G1 X93.703 Y85.002 E2.01282
G1 X93.524 Y84.921 E2.02227
G1 X93.081 Y84.622 E2.04798
G1 X92.94 Y84.486 E2.0574
G1 X92.622 Y84.056 E2.08312
G1 X92.534 Y83.882 E2.0925
G1 X92.377 Y83.37 E2.11826
G1 X92.353 Y83.176 E2.12766
G1 X92.375 Y82.642 E2.15337
G1 X92.616 Y81.955 E2.18839
G1 X93.072 Y81.387 E2.22342
G1 X93.691 Y81.003 E2.25846
G1 X94.359 Y80.852 E2.2914
G1 X94.868 Y80.871 E2.3159
G1 X95.393 Y81.048 E2.34255
G1 X95.635 Y81.169 E2.35556
G1 X96.055 Y81.508 E2.38152
G1 X96.338 Y81.908 E2.40509
G1 X96.534 Y82.288 E2.42565
G1 X96.646 Y82.811 E2.45137
G1 X96.655 Y83.006 E2.46076
G1 X96.587 Y83.537 E2.48651
G1 X96.529 Y83.724 E2.49593
G1 X96.289 Y84.201 E2.52161
G1 X95.786 Y84.729 E2.55668
G1 X95.137 Y85.058 E2.59168
G1 X94.415 Y85.153 E2.62671
G1 X94.22 Y85.136 E2.63612
G1 X94.019 Y85.084 E2.64611
G1 X94.06 Y84.691 F7800
;TYPE:External perimeter
G1 F1800
G1 X93.8 Y84.628 E2.65898
G1 X93.297 Y84.302 E2.68781
G1 X92.932 Y83.827 E2.71662
G1 X92.746 Y83.257 E2.74546
G1 X92.761 Y82.658 E2.77428
G1 X92.974 Y82.099 E2.80305
G1 X93.361 Y81.642 E2.83185
G1 X93.879 Y81.34 E2.86069
G1 X94.426 Y81.231 E2.88752
G1 X94.831 Y81.259 E2.90705
G1 X95.264 Y81.412 E2.92914
G1 X95.393 Y81.469 E2.93592
G1 X95.81 Y81.806 E2.96171
G1 X96.132 Y82.309 E2.99044
G1 X96.272 Y82.957 E3.02233
G1 X96.204 Y83.488 E3.04808
G1 X95.944 Y84.028 E3.07691
G1 X95.519 Y84.45 E3.10572
G1 X94.978 Y84.707 E3.13453
G1 X94.382 Y84.769 E3.16335
G1 X94.118 Y84.705 E3.17642
G1 X93.74 Y84.574 F7800
G1 E1.17642 F2400
G92 E0
G1 X75.454 Y104.856 F7800
G1 E2 F2400
;TYPE:Perimeter
G1 F1800
G1 X75.889 Y104.875 E2.02094
G1 X76.464 Y105.073 E2.05019
G1 X76.635 Y105.169 E2.05962
G1 X77.051 Y105.505 E2.08534
G1 X77.18 Y105.651 E2.09471
G1 X77.461 Y106.106 E2.12043
G1 X77.534 Y106.288 E2.12986
G1 X77.646 Y106.811 E2.15558
G1 X77.655 Y107.006 E2.16497
G1 X77.587 Y107.537 E2.19072
G1 X77.289 Y108.201 E2.22572
G1 X76.786 Y108.729 E2.26079
G1 X76.137 Y109.058 E2.29579
G1 X75.948 Y109.108 E2.30519
G1 X75.415 Y109.153 E2.33092
G1 X74.88 Y109.048 E2.35714
G1 X74.524 Y108.921 E2.37532
G1 X74.081 Y108.622 E2.40103
G1 X73.94 Y108.486 E2.41045
G1 X73.622 Y108.056 E2.43617
G1 X73.449 Y107.603 E2.45949
G1 X73.353 Y107.176 E2.48054
G1 X73.375 Y106.642 E2.50625
G1 X73.616 Y105.955 E2.54127
G1 X74.072 Y105.387 E2.5763
G1 X74.691 Y105.003 E2.61134
G1 X75.359 Y104.852 E2.64428
G1 X75.394 Y104.853 E2.64596
G1 X75.458 Y105.233 F7800
;TYPE:External perimeter
G1 F1800
G1 X75.831 Y105.259 E2.66394
G1 X76.336 Y105.437 E2.68969
G1 X76.809 Y105.805 E2.71851
G1 X77.132 Y106.309 E2.7473
G1 X77.269 Y106.892 E2.7761
G1 X77.204 Y107.488 E2.80494
G1 X76.944 Y108.028 E2.83377
G1 X76.519 Y108.45 E2.86258
G1 X75.978 Y108.707 E2.89139
G1 X75.382 Y108.769 E2.92021
G1 X74.8 Y108.628 E2.94901
G1 X74.25 Y108.257 E2.98092
G1 X73.932 Y107.827 E3.00664
G1 X73.746 Y107.257 E3.03548
G1 X73.761 Y106.658 E3.0643
G1 X73.974 Y106.099 E3.09307
G1 X74.361 Y105.642 E3.12187
G1 X74.879 Y105.34 E3.15071
G1 X75.399 Y105.237 E3.17621
G1 X75.798 Y105.263 F7800
G1 E1.17621 F2400
G92 E0
G1 X94.297 Y80.487 F7800
G1 E2 F2400
;TYPE:Perimeter
G1 F3600
G1 X93.803 Y80.559 E2.02401
G1 X93.503 Y80.666 E2.03933
G1 X93.036 Y80.927 E2.06506
G1 X92.782 Y81.132 E2.08076
G1 X92.429 Y81.533 E2.10645
G1 X92.258 Y81.811 E2.12215
G1 X92.059 Y82.307 E2.14785
G1 X91.99 Y82.626 E2.16355
G1 X91.967 Y83.16 E2.18926
G1 X92.009 Y83.483 E2.20493
G1 X92.165 Y83.995 E2.23067
G1 X92.312 Y84.286 E2.24635
G1 X92.63 Y84.716 E2.27207
G1 X92.865 Y84.941 E2.28772
G1 X93.308 Y85.241 E2.31345
G1 X93.605 Y85.375 E2.32912
G1 X94.123 Y85.51 E2.35487
G1 X94.448 Y85.537 E2.37056
G1 X94.98 Y85.492 E2.39624
G1 X95.296 Y85.41 E2.41194
G1 X95.783 Y85.189 E2.43766
G1 X96.053 Y85.007 E2.45332
G1 X96.439 Y84.637 E2.47904
G1 X96.633 Y84.375 E2.49472
;WIDTH:0.491579
G1 X96.983 Y83.634 E2.53839
G1 X96.998 Y83.928 E2.55408
;WIDTH:0.460536
G1 X97.004 Y84.463 E2.58052
;WIDTH:0.45
G1 X97.004 Y107.273 E3.6776
G1 X96.975 Y107.729 E3.69958
G1 X96.835 Y108.201 E3.72326
G1 X96.599 Y108.635 E3.74702
G1 X96.26 Y108.992 E3.7707
G1 X95.854 Y109.272 E3.79442
G1 X95.389 Y109.436 E3.81814
G1 X94.861 Y109.504 E3.84374
G1 X76.851 Y109.504 E4.70996
;WIDTH:0.473139
G1 X76.067 Y109.492 E4.74993
G1 X76.298 Y109.414 E4.76236
;WIDTH:0.458583
G1 X76.783 Y109.189 E4.78865
;WIDTH:0.45
G1 X77.053 Y109.007 E4.80431
G1 X77.439 Y108.637 E4.83003
G1 X77.633 Y108.375 E4.84571
G1 X77.874 Y107.897 E4.87146
G1 X77.969 Y107.586 E4.8871
G1 X78.037 Y107.055 E4.91285
G1 X78.023 Y106.73 E4.9285
G1 X77.911 Y106.207 E4.95422
G1 X77.789 Y105.904 E4.96993
G1 X77.509 Y105.449 E4.99563
G1 X77.293 Y105.205 E5.0113
G1 X76.877 Y104.869 E5.03702
G1 X76.593 Y104.71 E5.05267
G1 X76.088 Y104.531 E5.07844
G1 X75.521 Y104.459 E5.10593
G1 X74.803 Y104.559 E5.1408
G1 X74.503 Y104.666 E5.15612
G1 X74.036 Y104.927 E5.18185
G1 X73.782 Y105.132 E5.19755
G1 X73.429 Y105.533 E5.22324
G1 X73.258 Y105.811 E5.23894
G1 X73.059 Y106.307 E5.26464
;WIDTH:0.448954
G1 X72.993 Y106.626 E5.28027
G1 X72.996 Y106.295 E5.29615
;WIDTH:0.45
G1 X72.996 Y82.727 E6.42969
G1 X73.025 Y82.271 E6.45167
G1 X73.165 Y81.799 E6.47535
G1 X73.401 Y81.365 E6.49911
G1 X73.74 Y81.008 E6.52279
G1 X74.146 Y80.728 E6.54651
G1 X74.611 Y80.564 E6.57023
G1 X75.139 Y80.496 E6.59583
G1 X93.46 Y80.502 E7.47701
G1 X94.237 Y80.488 E7.51439
G1 X94.297 Y80.487 F7800
;WIDTH:0.426273
G1 F1800
G1 X94.827 Y80.49 E7.53831
;WIDTH:0.464621
G1 X95.026 Y80.521 E7.54836
;WIDTH:0.502969
G1 X95.224 Y80.551 E7.55931
;WIDTH:0.546469
G1 X95.815 Y80.764 E7.59708
;WIDTH:0.578157
G1 X96.334 Y81.155 E7.63872
G1 X96.56 Y81.417 E7.66089
;WIDTH:0.571232
G1 X96.825 Y81.883 E7.69478
;WIDTH:0.533279
G1 X96.95 Y82.275 E7.71884
;WIDTH:0.499143
G1 X96.987 Y82.604 E7.73679
;WIDTH:0.453989
G1 X97.024 Y82.933 E7.75288
;WIDTH:0.446777
G1 X97.005 Y83.26 E7.7685
;WIDTH:0.484719
G1 X96.986 Y83.588 E7.78572
;WIDTH:0.491579
G1 X96.983 Y83.634 E7.78818
G1 E5.78818 F2400
G92 E0
G1 X76.067 Y109.492 F7800
G1 E2 F2400
;WIDTH:0.473139
G1 F1800
G1 X75.757 Y109.506 E2.01582
;WIDTH:0.44483
G1 X75.446 Y109.521 E2.03059
;WIDTH:0.460767
G1 X75.111 Y109.484 E2.04725
;WIDTH:0.505013
G1 X74.776 Y109.448 E2.06577
;WIDTH:0.541743
G1 X74.283 Y109.279 E2.0968
;WIDTH:0.567067
G1 X73.833 Y108.99 E2.13033
;WIDTH:0.572175
G1 X73.581 Y108.752 E2.15228
G1 X73.277 Y108.329 E2.18527
;WIDTH:0.558389
G1 X73.13 Y108.006 E2.20714
;WIDTH:0.524237
G1 X73.069 Y107.745 E2.22251
;WIDTH:0.488555
G1 X73.007 Y107.484 E2.2367
;WIDTH:0.452873
G1 X72.993 Y106.626 E2.27828
G1 E.27828 F2400
G92 E0
G1 X96.359 Y80.592 F7800
G1 E2 F2400
;WIDTH:0.45
G1 F3600
G1 X96.389 Y80.611 E2.00171
G1 X96.799 Y81.005 E2.02906
G1 X97.13 Y81.503 E2.05782
G1 X97.332 Y82.106 E2.08841
G1 X97.389 Y82.639 E2.11419
G1 X97.389 Y107.273 E3.299
G1 X97.357 Y107.789 E3.32387
G1 X97.191 Y108.349 E3.35196
G1 X96.912 Y108.862 E3.38005
G1 X96.511 Y109.286 E3.40812
G1 X96.029 Y109.616 E3.43622
G1 X95.479 Y109.811 E3.46429
G1 X94.876 Y109.889 E3.49353
G1 X75.366 Y109.889 E4.43189
G1 X74.679 Y109.849 E4.46499
G1 X74.118 Y109.677 E4.49321
G1 X73.677 Y109.437 E4.51736
G1 X73.436 Y109.231 E4.53261
G1 X73.088 Y108.862 E4.55701
G1 X72.838 Y108.419 E4.58148
G1 X72.651 Y107.821 E4.61162
G1 X72.611 Y107.376 E4.63311
G1 X72.611 Y82.727 E5.81864
G1 X72.643 Y82.211 E5.84351
G1 X72.809 Y81.651 E5.8716
G1 X73.088 Y81.138 E5.89969
G1 X73.489 Y80.714 E5.92776
G1 X73.971 Y80.384 E5.95586
G1 X74.521 Y80.189 E5.98393
G1 X75.124 Y80.111 E6.01317
G1 X94.52 Y80.116 E6.94605
G1 X95.122 Y80.13 E6.97501
G1 X95.636 Y80.226 E7.00016
G1 X95.981 Y80.364 E7.01803
G1 X96.308 Y80.561 E7.03639
G1 X96.584 Y80.282 F7800
;TYPE:External perimeter
G1 F1800
G1 X96.64 Y80.318 E7.03959
G1 X97.092 Y80.755 E7.06983
G1 X97.427 Y81.239 E7.09814
G1 X97.576 Y81.572 E7.11569
G1 X97.724 Y82.089 E7.14155
G1 X97.775 Y82.639 E7.16812
G1 X97.775 Y107.273 E8.35293
G1 X97.739 Y107.85 E8.38074
G1 X97.547 Y108.497 E8.4132
G1 X97.225 Y109.089 E8.44561
G1 X96.761 Y109.579 E8.47807
G1 X96.205 Y109.961 E8.51052
G1 X95.569 Y110.186 E8.54297
G1 X94.891 Y110.275 E8.57586
G1 X75.366 Y110.275 E9.51494
G1 X74.713 Y110.244 E9.54638
G1 X74.274 Y110.148 E9.56799
G1 X73.795 Y109.961 E9.59272
G1 X73.357 Y109.677 E9.61783
G1 X72.948 Y109.292 E9.64485
G1 X72.573 Y108.76 E9.67616
G1 X72.415 Y108.405 E9.69485
G1 X72.276 Y107.911 E9.71953
G1 X72.225 Y107.391 E9.74466
G1 X72.225 Y82.727 E10.93091
G1 X72.261 Y82.15 E10.95872
G1 X72.453 Y81.503 E10.99118
G1 X72.775 Y80.911 E11.02359
G1 X73.239 Y80.421 E11.05605
G1 X73.795 Y80.039 E11.0885
G1 X74.431 Y79.814 E11.12095
G1 X75.109 Y79.725 E11.15384
G1 X94.52 Y79.731 E12.08744
G1 X95.152 Y79.746 E12.11785
G1 X95.726 Y79.851 E12.14592
G1 X96.205 Y80.039 E12.17067
G1 X96.534 Y80.25 E12.18947
G1 X96.836 Y80.512 F7800
G1 E10.18947 F2400
G92 E0
G1 X85.522 Y84.897 F7800
G1 E2 F2400
;TYPE:Internal infill
;WIDTH:0.45
G1 F4200
G1 X84.175 Y84.909 E2.06479
G1 X83.219 Y85.038 E2.11119
G1 X94.959 Y96.779 E2.90977
G1 X95.112 Y95.285 E2.982
G1 X76.377 Y100.305 E3.91488
G1 X77.264 Y101.524 E3.98739
G1 X81.561 Y85.484 E4.78606
G1 X80.239 Y86.065 E4.85551
G1 X79.492 Y86.507 E4.89726
G1 E2.89726 F2400
G92 E0
G1 X74.528 Y80.883 F7800
G1 E2 F2400
;TYPE:Solid infill
;WIDTH:0.45
G1 F3000
G1 X73.383 Y82.028 E2.07788
G1 X73.285 Y82.671 E2.10916
G1 X75.167 Y80.789 E2.23717
G1 X75.716 Y80.786 E2.26358
G1 X73.285 Y83.217 E2.42893
G1 X73.285 Y83.762 E2.45514
G1 X76.262 Y80.786 E2.6576
G1 X76.807 Y80.786 E2.68381
G1 X73.285 Y84.307 E2.92334
G1 X73.285 Y84.853 E2.9496
G1 X77.352 Y80.786 E3.22623
G1 X77.897 Y80.786 E3.25244
G1 X73.285 Y85.398 E3.56614
G1 X73.285 Y85.943 E3.59235
G1 X78.442 Y80.786 E3.94312
G1 X78.988 Y80.787 E3.96938
G1 X73.285 Y86.489 E4.35726
G1 X73.285 Y87.034 E4.38347
G1 X79.533 Y80.787 E4.80842
G1 X80.078 Y80.787 E4.83463
G1 X73.285 Y87.579 E5.29665
G1 X73.285 Y88.125 E5.32291
G1 X80.623 Y80.787 E5.82203
G1 X81.168 Y80.787 E5.84824
G1 X73.285 Y88.67 E6.38443
G1 X73.285 Y89.215 E6.41064
G1 X81.713 Y80.787 E6.9839
G1 X82.259 Y80.788 E7.01016
G1 X73.285 Y89.761 E7.62053
G1 X73.285 Y90.306 E7.64674
G1 X82.804 Y80.788 E8.29418
G1 X83.349 Y80.788 E8.32039
G1 X73.285 Y90.851 E9.0049
G1 X73.203 Y91.699 F7800
;WIDTH:0.404381
G1 F3000
G1 X73.162 Y91.71 E9.0067
G1 X73.142 Y91.639 E9.00983
G1 X73.214 Y91.658 E9.01299
;WIDTH:0.45
G1 X73.285 Y91.397 E9.026
G1 X83.894 Y80.788 E9.74761
G1 X84.439 Y80.788 E9.77382
G1 X78.113 Y87.098 E10.20356
;WIDTH:0.426535
G1 X77.376 Y87.809 E10.24982
;WIDTH:0.423473
G1 X77.048 Y88.161 E10.27137
;WIDTH:0.45
G1 X73.285 Y91.942 E10.52794
G1 X73.285 Y92.487 E10.55415
G1 X75.986 Y89.782 E10.738
;WIDTH:0.404381
G1 X75.945 Y89.793 E10.7398
G1 X75.926 Y89.722 E10.74292
G1 X75.997 Y89.741 E10.74604
G1 X75.492 Y90.764 F7800
G1 F3000
G1 X75.421 Y90.745 E10.74916
G1 X75.44 Y90.816 E10.75228
G1 X75.481 Y90.805 E10.75408
;WIDTH:0.45
G1 X75.27 Y91.048 E10.76956
G1 X73.285 Y93.033 E10.90458
G1 X74.841 Y92.023 F7800
G1 F3000
G1 X73.422 Y93.442 E11.0011
G1 X73.285 Y93.442 E11.00769
G1 X73.285 Y103.394 E11.48635
G1 X76.094 Y100.586 E11.67738
G1 X75.661 Y99.816 E11.71987
G1 X75.274 Y98.984 E11.764
G1 X74.982 Y98.177 E11.80528
G1 X74.747 Y97.304 E11.84876
G1 X74.599 Y96.507 E11.88775
G1 X74.51 Y95.654 E11.929
G1 X74.493 Y94.83 E11.96864
G1 X74.542 Y93.963 E12.01041
G1 X74.664 Y93.098 E12.05243
G1 X74.887 Y92.152 E12.09918
G1 X74.977 Y91.887 E12.11264
G1 X74.229 Y93.218 F7800
;WIDTH:0.505053
G1 F3000
G1 X74.132 Y93.939 E12.15263
;WIDTH:0.500428
G1 X74.094 Y94.838 E12.20157
;WIDTH:0.485612
G1 X74.109 Y95.695 E12.2466
;WIDTH:0.531101
G1 X74.18 Y96.585 E12.29857
G1 X74.277 Y96.994 E12.32304
;WIDTH:0.49055
G1 X74.375 Y97.404 E12.34545
;WIDTH:0.45
G1 X74.619 Y98.308 E12.39049
G1 X74.924 Y99.146 E12.43338
G1 X75.324 Y100.004 E12.47891
G1 X75.614 Y100.521 E12.50742
G1 X73.671 Y102.463 E12.63955
G1 X73.671 Y97.424 E12.88191
;WIDTH:0.489354
G1 X73.691 Y96.991 E12.90489
;WIDTH:0.528708
G1 X73.71 Y96.558 E12.92999
G1 X73.688 Y95.651 E12.98253
;WIDTH:0.483587
G1 X73.684 Y94.78 E13.02807
;WIDTH:0.505053
G1 X73.714 Y93.734 E13.08558
G1 X74.093 Y93.355 E13.11504
G1 E11.11504 F2400
G92 E0
G1 X74.057 Y97.707 F7800
G1 E2 F2400
;WIDTH:0.45
G1 F3000
G1 X74.256 Y98.439 E2.03648
G1 X74.575 Y99.308 E2.081
G1 X75.135 Y100.455 E2.14239
G1 X74.057 Y101.532 E2.21568
G1 X74.057 Y97.899 E2.39041
G1 E.39041 F2400
G92 E0
G1 X74.607 Y100.352 F7800
G1 E2 F2400
;WIDTH:0.641057
G1 F3000
G1 X74.556 Y100.301 E2.00519
G1 X74.487 Y100.32 E2.01034
G1 X74.468 Y100.39 E2.01556
G1 X74.519 Y100.44 E2.0207
G1 X74.589 Y100.422 E2.0259
G1 X76.317 Y100.908 F7800
;WIDTH:0.45
G1 F3000
G1 X73.285 Y103.94 E2.23213
G1 X73.285 Y104.485 E2.25834
G1 X76.538 Y101.233 E2.47957
G1 X76.78 Y101.536 E2.49822
G1 X73.285 Y105.03 E2.73591
G1 X73.225 Y105.42 E2.75489
;WIDTH:0.404381
G1 X73.343 Y105.361 E2.76048
G1 X73.941 Y104.771 E2.7961
G1 X74.224 Y104.556 E2.81117
G1 X74.461 Y104.528 E2.82129
;WIDTH:0.45
G1 X74.497 Y104.364 E2.82937
G1 X77.022 Y101.839 E3.00112
G1 X77.283 Y102.124 E3.01971
G1 X75.215 Y104.192 E3.16037
G1 E1.16037 F2400
G92 E0
G1 X77.419 Y102.533 F7800
G1 E2 F2400
G1 F3000
G1 X75.75 Y104.202 E2.11352
G1 X76.053 Y104.222 E2.12812
G1 X76.681 Y104.434 E2.16
G1 X77.056 Y104.645 E2.1807
G1 X77.54 Y105.037 E2.21066
G1 X77.719 Y105.243 E2.22379
G1 X78.032 Y105.748 E2.25237
G1 X78.194 Y106.151 E2.27326
G1 X78.328 Y106.837 E2.30688
G1 X78.326 Y107.079 E2.31852
G1 X80.787 Y104.618 E2.48591
G1 X79.659 Y104.05 E2.54665
G1 X79.217 Y103.767 E2.57189
G1 X78.78 Y103.463 E2.59749
G1 X78.284 Y103.085 E2.62748
G1 X77.555 Y102.397 E2.67569
G1 X77.563 Y102.934 E2.70152
G1 X78.05 Y103.391 E2.73364
G1 X78.545 Y103.77 E2.76362
G1 X79.009 Y104.091 E2.79076
G1 X79.476 Y104.39 E2.81743
G1 X80.123 Y104.737 E2.85274
G1 X78.607 Y106.253 E2.95586
G1 X78.573 Y106.078 E2.96443
G1 X78.36 Y105.544 E2.99208
G1 X78.046 Y105.039 E3.02068
G1 X77.783 Y104.738 E3.0399
G1 X77.299 Y104.345 E3.06989
G1 X76.884 Y104.103 E3.093
G1 X76.523 Y103.974 E3.11144
G1 X77.427 Y103.071 E3.17289
G1 X77.571 Y103.495 E3.19443
;WIDTH:0.481951
G1 X77.807 Y103.709 E3.21102
;WIDTH:0.48768
G1 X78.3 Y104.091 E3.24395
G1 X78.8 Y104.416 E3.27543
;WIDTH:0.45
G1 X79.483 Y104.831 E3.31387
G1 X78.781 Y105.534 E3.36165
G1 X78.687 Y105.341 E3.37198
;WIDTH:0.473879
G1 X78.294 Y104.707 E3.41008
;WIDTH:0.48768
G1 X78.038 Y104.423 E3.43027
G1 X77.551 Y104.034 E3.46318
;WIDTH:0.481951
G1 X77.234 Y103.831 E3.48278
G1 X77.434 Y103.631 E3.49751
G1 E1.49751 F2400
G92 E0
G1 X81.17 Y104.781 F7800
G1 E2 F2400
;WIDTH:0.45
G1 F3000
G1 X78.226 Y107.724 E2.20021
G1 X78.092 Y108.027 E2.21614
;WIDTH:0.404381
G1 X78.051 Y108.038 E2.21794
G1 X78.032 Y107.967 E2.22106
G1 X78.103 Y107.986 E2.22418
G1 X77.021 Y109.35 F7800
G1 F3000
G1 X76.98 Y109.361 E2.22598
G1 X76.961 Y109.29 E2.2291
G1 X77.032 Y109.309 E2.23222
;WIDTH:0.45
G1 X77.282 Y109.215 E2.24507
G1 X81.57 Y104.926 E2.53677
G1 X81.979 Y105.062 E2.5575
G1 X77.827 Y109.215 E2.83995
G1 X78.372 Y109.215 E2.86616
G1 X82.409 Y105.177 E3.14079
G1 X82.846 Y105.286 E3.16245
G1 X78.918 Y109.215 E3.42966
G1 X79.463 Y109.215 E3.45587
G1 X83.312 Y105.365 E3.71771
G1 X83.785 Y105.437 E3.74072
G1 X80.008 Y109.215 E3.99766
G1 X80.554 Y109.215 E4.02392
G1 X84.289 Y105.479 E4.278
G1 X84.812 Y105.502 E4.30318
G1 X81.099 Y109.215 E4.55573
G1 X81.644 Y109.215 E4.58194
G1 X85.357 Y105.502 E4.83449
G1 X85.945 Y105.46 E4.86284
G1 X82.19 Y109.215 E5.11825
G1 X82.735 Y109.215 E5.14446
G1 X86.564 Y105.386 E5.4049
G1 X87.227 Y105.268 E5.43729
G1 X83.28 Y109.215 E5.70576
G1 X83.826 Y109.215 E5.73202
G1 X87.959 Y105.082 E6.01314
G1 X88.229 Y104.912 E6.02849
;WIDTH:0.404381
G1 X88.147 Y104.893 E6.03206
G1 X87.993 Y104.919 E6.03868
G1 X88.778 Y104.808 F7800
;WIDTH:0.45
G1 F3000
G1 X84.371 Y109.215 E6.33844
G1 X84.916 Y109.215 E6.36465
G1 X89.777 Y104.354 E6.69529
G1 X91.188 Y103.489 F7800
G1 F3000
G1 X85.462 Y109.215 E7.08477
G1 E5.08477 F2400
G92 E0
G1 X95.681 Y108.934 F7800
G1 E2 F2400
;WIDTH:0.664907
G1 F3000
G1 X95.884 Y108.76 E2.02003
;WIDTH:0.706767
G1 X96.087 Y108.587 E2.0414
G1 X96.26 Y108.384 E2.06277
;WIDTH:0.664908
G1 X96.434 Y108.181 E2.0828
G1 E.0828 F2400
G92 E0
G1 X79.053 Y86.519 F7800
G1 E2 F2400
;WIDTH:0.404381
G1 F3000
G1 X79.764 Y85.947 E2.0387
;WIDTH:0.45
G1 X80.037 Y85.736 E2.0553
G1 X84.985 Y80.788 E2.39186
G1 X85.53 Y80.788 E2.41807
G1 X81.051 Y85.267 E2.72273
G1 X80.822 Y85.443 E2.73662
;WIDTH:0.404381
G1 X80.751 Y85.424 E2.73974
G1 X80.77 Y85.496 E2.7429
G1 X80.811 Y85.485 E2.7447
G1 X81.658 Y85.165 F7800
G1 F3000
G1 X81.617 Y85.176 E2.7465
G1 X81.598 Y85.105 E2.74962
G1 X81.669 Y85.124 E2.75274
;WIDTH:0.45
G1 X81.898 Y84.966 E2.76612
G1 X86.075 Y80.789 E3.05023
G1 X86.62 Y80.789 E3.07644
G1 X82.646 Y84.763 E3.34675
G1 X82.414 Y84.902 E3.35976
;WIDTH:0.404381
G1 X82.343 Y84.883 E3.36288
G1 X82.362 Y84.954 E3.366
G1 X82.403 Y84.943 E3.3678
G1 X83.33 Y84.625 F7800
;WIDTH:0.45
G1 F3000
G1 X87.165 Y80.789 E3.62869
G1 X87.711 Y80.789 E3.65495
G1 X83.952 Y84.548 E3.91063
G1 X84.537 Y84.508 E3.93883
G1 X88.256 Y80.789 E4.19179
G1 X88.801 Y80.789 E4.218
G1 X85.097 Y84.493 E4.46994
G1 X85.621 Y84.515 E4.49516
G1 X89.346 Y80.79 E4.74853
G1 X89.891 Y80.79 E4.77474
G1 X86.124 Y84.557 E5.03097
G1 X86.609 Y84.617 E5.05447
G1 X90.437 Y80.79 E5.31481
G1 X90.982 Y80.79 E5.34102
G1 X87.068 Y84.704 E5.60725
G1 X87.52 Y84.797 E5.62945
G1 X91.527 Y80.79 E5.902
G1 X92.072 Y80.79 E5.92821
G1 X87.943 Y84.919 E6.20906
G1 X88.365 Y85.043 E6.23021
G1 X92.617 Y80.791 E6.51943
G1 X92.348 Y81.404 E6.55163
;WIDTH:0.404381
G1 X91.995 Y81.866 E6.57629
;WIDTH:0.45
G1 X91.815 Y82.138 E6.59198
G1 X88.759 Y85.194 E6.79985
G1 X89.15 Y85.349 E6.82008
G1 X91.693 Y82.806 E6.99305
G1 X91.688 Y83.355 E7.01946
G1 X89.522 Y85.522 E7.16682
G1 E5.16682 F2400
G92 E0
G1 X91.668 Y83.921 F7800
G1 E2 F2400
G1 F3000
G1 X89.89 Y85.699 E2.12094
G1 X90.673 Y86.152 E2.16445
G1 X91.131 Y86.473 E2.19135
G1 X91.903 Y87.082 E2.23864
G1 X92.648 Y87.791 E2.2881
G1 X92.929 Y88.114 E2.30869
G1 X95.351 Y85.691 E2.47347
G1 X94.992 Y85.781 E2.49127
G1 X94.273 Y85.824 E2.52591
G1 X93.538 Y85.656 E2.56217
G1 X93.139 Y85.475 E2.58324
G1 X92.557 Y85.061 E2.61759
G1 X92.084 Y84.464 E2.65422
G1 X91.887 Y84.074 E2.67523
G1 X91.805 Y83.785 E2.68968
G1 X91.656 Y84.479 E2.72382
G1 X91.779 Y84.7 E2.73598
G1 X92.087 Y85.098 E2.76018
G1 X92.369 Y85.401 E2.78009
G1 X92.985 Y85.832 E2.81625
G1 X93.448 Y86.031 E2.84049
G1 X94.289 Y86.208 E2.88183
G1 X92.949 Y87.548 E2.97298
G1 X92.149 Y86.785 E3.02615
G1 X91.596 Y86.328 E3.06065
G1 X91.187 Y86.041 E3.08468
G1 X90.519 Y85.615 E3.12279
G1 X91.52 Y84.615 E3.19084
G1 X91.588 Y85.149 E3.21673
;WIDTH:0.530896
G1 X91.75 Y85.359 E3.23216
G1 X91.944 Y85.542 E3.24768
;WIDTH:0.50294
G1 X92.138 Y85.726 E3.26231
;WIDTH:0.500301
G1 X92.677 Y86.124 E3.29874
;WIDTH:0.53184
G1 X92.863 Y86.235 E3.31137
;WIDTH:0.563379
G1 X93.048 Y86.347 E3.32483
G1 X93.398 Y86.474 E3.348
G1 X92.947 Y86.925 E3.3877
G1 X92.679 Y86.697 E3.4096
;WIDTH:0.53184
G1 X92.412 Y86.469 E3.43007
;WIDTH:0.500301
G1 X91.825 Y86.003 E3.47082
;WIDTH:0.502392
G1 X91.514 Y85.768 E3.49212
;WIDTH:0.530896
G1 X91.204 Y85.533 E3.51475
G1 X91.452 Y85.285 E3.53516
G1 E1.53516 F2400
G92 E0
G1 X93.182 Y88.406 F7800
G1 E2 F2400
;WIDTH:0.45
G1 F3000
G1 X96.712 Y84.876 E2.24011
G1 X96.712 Y85.422 E2.26637
G1 X93.416 Y88.718 E2.49056
G1 X93.646 Y89.032 E2.50928
G1 X96.712 Y85.967 E2.71779
G1 X96.712 Y86.512 E2.744
G1 X93.862 Y89.362 E2.93785
G1 X94.069 Y89.7 E2.95691
G1 X96.712 Y87.058 E3.13665
G1 X96.712 Y87.603 E3.16286
G1 X94.265 Y90.05 E3.3293
G1 E1.3293 F2400
G92 E0
G1 X96.576 Y88.284 F7800
G1 E2 F2400
G1 F3000
G1 X94.448 Y90.412 E2.14474
G1 X94.907 Y91.498 E2.20145
G1 X95.139 Y92.233 E2.23852
G1 X95.337 Y93.106 E2.28157
G1 X95.454 Y93.919 E2.32108
G1 X95.507 Y94.77 E2.36209
G1 X95.491 Y95.632 E2.40356
G1 X95.405 Y96.485 E2.44479
G1 X95.311 Y96.996 E2.46978
G1 X95.041 Y98.097 E2.5243
G1 X94.734 Y98.964 E2.56854
G1 X94.362 Y99.769 E2.61119
G1 X96.577 Y97.554 E2.76185
G1 X96.713 Y97.554 E2.76839
G1 X96.712 Y88.148 E3.22079
G1 X96.326 Y89.079 F7800
G1 F3000
G1 X96.327 Y92.074 E3.36484
;WIDTH:0.487247
G1 X96.308 Y92.39 E3.38154
;WIDTH:0.524494
G1 X96.29 Y92.706 E3.3997
;WIDTH:0.561741
G1 X96.271 Y93.023 E3.4194
G1 X96.286 Y93.459 E3.44646
;WIDTH:0.531172
G1 X96.302 Y93.896 E3.47192
;WIDTH:0.500603
G1 X96.315 Y94.797 E3.52095
;WIDTH:0.484602
G1 X96.31 Y95.71 E3.5688
;WIDTH:0.532447
G1 X96.286 Y96.621 E3.622
;WIDTH:0.578811
G1 X96.263 Y97.236 E3.66149
G1 X95.546 Y97.948 E3.72632
G1 X95.753 Y97.078 E3.7837
G1 X95.79 Y96.803 E3.8015
;WIDTH:0.553148
G1 X95.827 Y96.528 E3.81842
;WIDTH:0.527485
G1 X95.893 Y95.639 E3.86991
;WIDTH:0.482594
G1 X95.905 Y94.745 E3.91655
;WIDTH:0.504039
G1 X95.863 Y93.86 E3.96513
;WIDTH:0.551758
G1 X95.762 Y93.01 E4.01716
G1 X95.677 Y92.712 E4.036
;WIDTH:0.517838
G1 X95.592 Y92.414 E4.05353
;WIDTH:0.483919
G1 X95.507 Y92.116 E4.06975
;WIDTH:0.45
G1 X95.26 Y91.34 E4.10892
G1 X94.917 Y90.488 E4.15309
G1 X96.19 Y89.215 E4.23968
G1 X95.906 Y90.094 F7800
;WIDTH:0.519793
G1 F3000
G1 X95.906 Y91.985 E4.34709
G1 X95.65 Y91.184 E4.39486
G1 X95.411 Y90.589 E4.43128
G1 X95.77 Y90.23 E4.46012
G1 E2.46012 F2400
G92 E0
G1 X96.713 Y97.963 F7800
G1 E2 F2400
;WIDTH:0.45
G1 F3000
G1 X93.507 Y101.169 E2.21807
G1 X93.266 Y101.442 E2.23558
;WIDTH:0.404963
G1 X92.901 Y101.85 E2.25883
;WIDTH:0.404381
G1 X92.262 Y102.505 E2.29763
;WIDTH:0.411061
G1 X91.46 Y103.244 E2.34479
G1 E.34479 F2400
G92 E0
G1 X96.713 Y98.508 F7800
G1 E2 F2400
;WIDTH:0.45
G1 F3000
G1 X86.007 Y109.215 E2.72824
G1 X86.552 Y109.215 E2.75445
G1 X96.713 Y99.054 E3.44559
G1 X96.714 Y99.599 E3.4718
G1 X87.098 Y109.215 E4.12587
G1 X87.643 Y109.215 E4.15208
G1 X96.714 Y100.144 E4.76908
G1 X96.714 Y100.689 E4.79529
G1 X88.189 Y109.215 E5.37518
G1 X88.734 Y109.215 E5.40139
G1 X96.714 Y101.235 E5.94418
G1 X96.714 Y101.78 E5.97039
G1 X89.279 Y109.215 E6.47611
G1 X89.825 Y109.215 E6.50237
G1 X96.714 Y102.325 E6.97099
G1 X96.714 Y102.871 E6.99725
G1 X90.37 Y109.215 E7.42876
G1 X90.915 Y109.215 E7.45497
G1 X96.714 Y103.416 E7.84941
G1 X96.714 Y103.961 E7.87562
G1 X91.461 Y109.215 E8.23296
G1 X92.006 Y109.215 E8.25917
G1 X96.714 Y104.506 E8.57944
G1 X96.714 Y105.052 E8.6057
G1 X92.551 Y109.215 E8.88886
G1 X93.097 Y109.215 E8.91512
G1 X96.714 Y105.597 E9.16118
G1 X96.714 Y106.142 E9.18739
G1 X93.642 Y109.215 E9.39638
G1 X94.187 Y109.215 E9.42259
G1 X96.714 Y106.687 E9.59451
G1 X96.715 Y107.233 E9.62077
G1 X94.733 Y109.215 E9.75558
G1 X94.626 Y109.368 E9.76456
;WIDTH:0.404381
G1 X94.555 Y109.349 E9.76768
G1 X94.574 Y109.42 E9.7708
G1 X94.615 Y109.409 E9.7726
G1 E7.7726 F2400
G92 E0
G1 X90.504 Y103.488 F7800
G1 E2 F2400
;TYPE:Internal infill
;WIDTH:0.45
G1 F4200
G1 X89.393 Y104.122 E2.06152
G1 X88.439 Y104.516 E2.11116
G1 X92.736 Y88.479 E2.90969
G1 X93.615 Y89.697 E2.98193
G1 X74.882 Y94.717 E3.91471
G1 X75.036 Y93.217 E3.98723
G1 X86.779 Y104.959 E4.78594
G1 X85.494 Y105.11 E4.84817
G1 X84.6 Y105.116 E4.89117
G1 X83.764 Y105.049 E4.93151
G1 X82.381 Y104.773 E4.99934
G1 X87.619 Y85.226 E5.97265
G1 X87.779 Y85.273 E5.98067
G1 X77.723 Y87.967 E6.48138
G1 X77.846 Y87.846 E6.48968
G1 X92.157 Y102.157 E7.4631
G1 X92.272 Y102.034 E7.4712
G1 X82.21 Y104.73 E7.97222
G1 X81.42 Y104.468 E8.01225
G1 X80.08 Y103.841 E8.08341
M106 S196.35
;LAYER_CHANGE
;Z:2.15
;HEIGHT:0.3
G1 E6.08341 F2400
G92 E0
G1 Z2.15 F7800
G1 X75.5 Y104.853
G1 E2 F2400
;TYPE:Perimeter
;WIDTH:0.45
G1 F1800
G1 X75.895 Y104.876 E2.01903
G1 X76.464 Y105.073 E2.04799
G1 X76.635 Y105.169 E2.05742
G1 X77.051 Y105.505 E2.08314
G1 X77.18 Y105.651 E2.09251
G1 X77.461 Y106.107 E2.11827
G1 X77.534 Y106.288 E2.12766
G1 X77.646 Y106.811 E2.15338
G1 X77.655 Y107.006 E2.16277
G1 X77.587 Y107.537 E2.18852
G1 X77.289 Y108.201 E2.22352
G1 X76.786 Y108.729 E2.25859
G1 X76.137 Y109.058 E2.29359
G1 X75.948 Y109.108 E2.30299
G1 X75.415 Y109.153 E2.32872
G1 X74.88 Y109.048 E2.35494
G1 X74.524 Y108.921 E2.37312
G1 X74.081 Y108.622 E2.39883
G1 X73.821 Y108.325 E2.41781
G1 X73.553 Y107.934 E2.44061
G1 X73.377 Y107.37 E2.46903
G1 X73.353 Y107.176 E2.47843
G1 X73.375 Y106.642 E2.50414
G1 X73.616 Y105.955 E2.53916
G1 X74.072 Y105.387 E2.57419
G1 X74.691 Y105.003 E2.60923
G1 X75.402 Y104.848 E2.64423
G1 X75.44 Y104.85 E2.64606
G1 X75.5 Y105.23 F7800
;TYPE:External perimeter
G1 F1800
G1 X75.832 Y105.259 E2.66209
G1 X76.336 Y105.437 E2.6878
G1 X76.809 Y105.805 E2.71662
G1 X77.132 Y106.309 E2.74541
G1 X77.269 Y106.892 E2.77421
G1 X77.204 Y107.488 E2.80305
G1 X76.944 Y108.028 E2.83188
G1 X76.519 Y108.45 E2.86069
G1 X75.978 Y108.707 E2.8895
G1 X75.382 Y108.769 E2.91832
G1 X74.8 Y108.628 E2.94712
G1 X74.25 Y108.257 E2.97903
G1 X73.909 Y107.786 E3.007
G1 X73.746 Y107.257 E3.03362
G1 X73.761 Y106.658 E3.06244
G1 X73.974 Y106.099 E3.09121
G1 X74.361 Y105.642 E3.12001
G1 X74.879 Y105.34 E3.14885
G1 X75.441 Y105.233 E3.17637
G1 X75.838 Y105.275 F7800
G1 E1.17637 F2400
G92 E0
G1 X93.961 Y85.069 F7800
G1 E2 F2400
;TYPE:Perimeter
G1 F1800
G1 X93.703 Y85.002 E2.01282
G1 X93.524 Y84.921 E2.02227
G1 X93.081 Y84.622 E2.04798
G1 X92.94 Y84.486 E2.0574
G1 X92.622 Y84.056 E2.08312
G1 X92.534 Y83.882 E2.0925
G1 X92.377 Y83.37 E2.11826
G1 X92.353 Y83.176 E2.12766
G1 X92.375 Y82.642 E2.15337
G1 X92.616 Y81.955 E2.18839
G1 X93.072 Y81.387 E2.22342
G1 X93.691 Y81.003 E2.25846
G1 X94.402 Y80.848 E2.29346
G1 X94.912 Y80.88 E2.31804
G1 X95.087 Y80.94 E2.32694
G1 X95.582 Y81.131 E2.35246
G1 X96.051 Y81.505 E2.38131
G1 X96.338 Y81.908 E2.40511
G1 X96.534 Y82.288 E2.42567
G1 X96.646 Y82.811 E2.45139
G1 X96.655 Y83.006 E2.46078
G1 X96.587 Y83.537 E2.48653
G1 X96.529 Y83.724 E2.49595
G1 X96.289 Y84.201 E2.52163
G1 X95.786 Y84.729 E2.5567
G1 X95.137 Y85.058 E2.5917
G1 X94.415 Y85.153 E2.62673
G1 X94.22 Y85.136 E2.63614
G1 X94.019 Y85.084 E2.64613
G1 X94.06 Y84.691 F7800
;TYPE:External perimeter
G1 F1800
G1 X93.8 Y84.628 E2.659
G1 X93.297 Y84.302 E2.68783
G1 X92.932 Y83.827 E2.71664
G1 X92.746 Y83.257 E2.74548
G1 X92.761 Y82.658 E2.7743
G1 X92.974 Y82.098 E2.80312
G1 X93.361 Y81.642 E2.83189
G1 X93.879 Y81.34 E2.86073
G1 X94.467 Y81.228 E2.88952
G1 X94.832 Y81.259 E2.90714
G1 X94.959 Y81.304 E2.91362
G1 X95.393 Y81.469 E2.93595
G1 X95.81 Y81.806 E2.96174
G1 X96.132 Y82.309 E2.99047
G1 X96.272 Y82.957 E3.02236
G1 X96.204 Y83.488 E3.04811
G1 X95.944 Y84.028 E3.07694
G1 X95.519 Y84.45 E3.10575
G1 X94.978 Y84.707 E3.13456
G1 X94.382 Y84.769 E3.16338
G1 X94.118 Y84.705 E3.17645
G1 X93.74 Y84.574 F7800
G1 E1.17645 F2400
G92 E0
G1 X76.067 Y109.492 F7800
G1 E2 F2400
;TYPE:Perimeter
;WIDTH:0.473139
G1 F1800
G1 X75.757 Y109.506 E2.01582
;WIDTH:0.44483
G1 X75.446 Y109.521 E2.03059
;WIDTH:0.460766
G1 X75.111 Y109.484 E2.04725
;WIDTH:0.505011
G1 X74.776 Y109.448 E2.06577
;WIDTH:0.541741
G1 X74.283 Y109.279 E2.0968
;WIDTH:0.570871
G1 X73.831 Y108.991 E2.13066
;WIDTH:0.572175
G1 X73.581 Y108.752 E2.15257
G1 X73.277 Y108.329 E2.18556
;WIDTH:0.558389
G1 X73.13 Y108.006 E2.20743
;WIDTH:0.524237
G1 X73.069 Y107.745 E2.2228
;WIDTH:0.488555
G1 X73.007 Y107.484 E2.23699
;WIDTH:0.452873
G1 X72.993 Y106.626 E2.27857
G1 E.27857 F2400
G92 E0
G1 X93.801 Y80.528 F7800
G1 E2 F2400
;WIDTH:0.512765
G1 F3600
G1 X93.651 Y80.595 E2.00919
;WIDTH:0.485492
G1 X93.501 Y80.663 E2.01784
;WIDTH:0.45822
G1 X93.036 Y80.927 E2.04411
;WIDTH:0.45
G1 X92.782 Y81.132 E2.05981
G1 X92.429 Y81.533 E2.0855
G1 X92.258 Y81.811 E2.1012
G1 X92.059 Y82.307 E2.1269
G1 X91.99 Y82.626 E2.1426
G1 X91.967 Y83.16 E2.16831
G1 X92.009 Y83.483 E2.18398
G1 X92.165 Y83.995 E2.20972
G1 X92.312 Y84.286 E2.2254
G1 X92.63 Y84.716 E2.25112
G1 X92.865 Y84.941 E2.26677
G1 X93.308 Y85.241 E2.2925
G1 X93.605 Y85.375 E2.30817
G1 X94.123 Y85.51 E2.33392
G1 X94.448 Y85.537 E2.34961
G1 X94.98 Y85.492 E2.37529
G1 X95.296 Y85.41 E2.39099
G1 X95.783 Y85.189 E2.41671
G1 X96.053 Y85.007 E2.43237
G1 X96.439 Y84.637 E2.45809
G1 X96.633 Y84.375 E2.47377
;WIDTH:0.491575
G1 X96.983 Y83.634 E2.51743
G1 X96.998 Y83.928 E2.53312
;WIDTH:0.460535
G1 X97.004 Y84.463 E2.55956
;WIDTH:0.45
G1 X97.004 Y107.273 E3.65664
G1 X96.975 Y107.729 E3.67862
G1 X96.835 Y108.201 E3.7023
G1 X96.599 Y108.635 E3.72606
G1 X96.26 Y108.992 E3.74974
G1 X95.854 Y109.272 E3.77346
G1 X95.389 Y109.436 E3.79718
G1 X94.861 Y109.504 E3.82278
G1 X76.851 Y109.504 E4.689
;WIDTH:0.473139
G1 X76.067 Y109.492 E4.72897
G1 X76.298 Y109.414 E4.7414
;WIDTH:0.458583
G1 X76.783 Y109.189 E4.76769
;WIDTH:0.45
G1 X77.053 Y109.007 E4.78335
G1 X77.439 Y108.637 E4.80907
G1 X77.633 Y108.375 E4.82475
G1 X77.874 Y107.897 E4.8505
G1 X77.969 Y107.586 E4.86614
G1 X78.037 Y107.055 E4.89189
G1 X78.023 Y106.73 E4.90754
G1 X77.911 Y106.207 E4.93326
G1 X77.789 Y105.905 E4.94893
G1 X77.509 Y105.449 E4.97467
G1 X77.293 Y105.205 E4.99034
G1 X76.877 Y104.869 E5.01606
G1 X76.593 Y104.71 E5.03171
G1 X75.849 Y104.48 E5.06916
G1 X75.337 Y104.468 E5.09379
G1 X74.81 Y104.558 E5.1195
G1 X74.503 Y104.666 E5.13515
G1 X74.036 Y104.927 E5.16088
G1 X73.782 Y105.132 E5.17658
G1 X73.429 Y105.533 E5.20227
G1 X73.258 Y105.811 E5.21797
G1 X73.059 Y106.307 E5.24367
;WIDTH:0.448954
G1 X72.993 Y106.626 E5.2593
G1 X72.996 Y106.295 E5.27518
;WIDTH:0.45
G1 X72.996 Y82.727 E6.40872
G1 X73.025 Y82.271 E6.4307
G1 X73.165 Y81.799 E6.45438
G1 X73.401 Y81.365 E6.47814
G1 X73.74 Y81.008 E6.50182
G1 X74.146 Y80.728 E6.52554
G1 X74.611 Y80.564 E6.54926
G1 X75.139 Y80.496 E6.57486
G1 X92.924 Y80.496 E7.43026
;WIDTH:0.481382
G1 X93.362 Y80.512 E7.45306
;WIDTH:0.512765
G1 X93.741 Y80.525 E7.47427
G1 X93.801 Y80.528 F7800
G1 F1800
G1 X94.07 Y80.505 E7.48937
;WIDTH:0.466916
G1 X94.34 Y80.482 E7.50297
;WIDTH:0.433609
G1 X94.848 Y80.488 E7.52637
;WIDTH:0.468277
G1 X95.036 Y80.52 E7.53598
;WIDTH:0.502945
G1 X95.224 Y80.551 E7.5464
;WIDTH:0.546471
G1 X95.815 Y80.764 E7.58417
;WIDTH:0.578157
G1 X96.334 Y81.155 E7.62581
G1 X96.56 Y81.417 E7.64798
;WIDTH:0.571235
G1 X96.825 Y81.883 E7.68187
;WIDTH:0.533281
G1 X96.95 Y82.275 E7.70593
;WIDTH:0.499143
G1 X96.987 Y82.604 E7.72388
;WIDTH:0.453988
G1 X97.024 Y82.933 E7.73997
;WIDTH:0.446774
G1 X97.005 Y83.26 E7.75559
;WIDTH:0.484715
G1 X96.986 Y83.588 E7.77281
;WIDTH:0.491575
G1 X96.983 Y83.634 E7.77527
G1 E5.77527 F2400
G92 E0
G1 X96.359 Y80.592 F7800
G1 E2 F2400
;WIDTH:0.45
G1 F3600
G1 X96.389 Y80.611 E2.00171
G1 X96.799 Y81.005 E2.02906
G1 X97.13 Y81.503 E2.05782
G1 X97.332 Y82.106 E2.08841
G1 X97.389 Y82.639 E2.11419
G1 X97.389 Y107.273 E3.299
G1 X97.357 Y107.789 E3.32387
G1 X97.191 Y108.349 E3.35196
G1 X96.912 Y108.862 E3.38005
G1 X96.511 Y109.286 E3.40812
G1 X96.029 Y109.616 E3.43622
G1 X95.479 Y109.811 E3.46429
G1 X94.876 Y109.889 E3.49353
G1 X75.094 Y109.887 E4.44498
G1 X74.501 Y109.807 E4.47376
G1 X73.941 Y109.598 E4.50251
G1 X73.454 Y109.256 E4.53113
G1 X73.088 Y108.862 E4.55699
G1 X72.838 Y108.419 E4.58146
G1 X72.651 Y107.821 E4.6116
G1 X72.611 Y107.376 E4.63309
G1 X72.611 Y82.727 E5.81862
G1 X72.643 Y82.211 E5.84349
G1 X72.809 Y81.651 E5.87158
G1 X73.088 Y81.138 E5.89967
G1 X73.489 Y80.714 E5.92774
G1 X73.971 Y80.384 E5.95584
G1 X74.521 Y80.189 E5.98391
G1 X75.124 Y80.111 E6.01315
G1 X94.58 Y80.111 E6.94892
G1 X95.122 Y80.13 E6.975
G1 X95.636 Y80.226 E7.00015
G1 X95.981 Y80.364 E7.01802
G1 X96.308 Y80.561 E7.03638
G1 X96.584 Y80.282 F7800
;TYPE:External perimeter
G1 F1800
G1 X96.64 Y80.318 E7.03958
G1 X97.092 Y80.755 E7.06982
G1 X97.427 Y81.239 E7.09813
G1 X97.576 Y81.572 E7.11568
G1 X97.724 Y82.089 E7.14154
G1 X97.775 Y82.639 E7.16811
G1 X97.775 Y107.273 E8.35292
G1 X97.739 Y107.85 E8.38073
G1 X97.547 Y108.497 E8.41319
G1 X97.225 Y109.089 E8.4456
G1 X96.761 Y109.579 E8.47806
G1 X96.205 Y109.961 E8.51051
G1 X95.569 Y110.186 E8.54296
G1 X94.891 Y110.275 E8.57585
G1 X75.366 Y110.275 E9.51493
G1 X74.713 Y110.244 E9.54637
G1 X74.274 Y110.148 E9.56798
G1 X73.795 Y109.961 E9.59271
G1 X73.36 Y109.683 E9.61754
G1 X72.948 Y109.292 E9.64486
G1 X72.573 Y108.76 E9.67617
G1 X72.415 Y108.405 E9.69486
G1 X72.276 Y107.911 E9.71954
G1 X72.225 Y107.391 E9.74467
G1 X72.225 Y82.727 E10.93092
G1 X72.261 Y82.15 E10.95873
G1 X72.453 Y81.503 E10.99119
G1 X72.775 Y80.911 E11.0236
G1 X73.239 Y80.421 E11.05606
G1 X73.795 Y80.039 E11.08851
G1 X74.431 Y79.814 E11.12096
G1 X75.109 Y79.725 E11.15385
G1 X94.58 Y79.725 E12.09034
G1 X95.153 Y79.746 E12.11792
G1 X95.726 Y79.851 E12.14594
G1 X96.205 Y80.039 E12.17069
G1 X96.534 Y80.25 E12.18949
G1 X96.836 Y80.512 F7800
G1 E10.18949 F2400
G92 E0
G1 X96.386 Y84.845 F7800
G1 E2 F2400
;TYPE:Top solid infill
;WIDTH:0.402403
G1 X96.737 Y85.195 E2.0209
G1 X96.737 Y85.674 E2.04109
G1 X96.249 Y85.186 E2.07019
G1 X95.966 Y85.381 E2.08468
G1 X96.737 Y86.152 E2.13065
G1 X96.737 Y86.63 E2.1508
G1 X95.648 Y85.541 E2.21573
G1 X95.306 Y85.677 E2.23125
G1 X96.737 Y87.108 E2.31657
G1 X96.737 Y87.586 E2.33672
G1 X94.914 Y85.763 E2.44541
G1 X94.473 Y85.8 E2.46407
G1 X96.737 Y88.064 E2.59906
G1 X96.737 Y88.542 E2.61921
G1 X93.712 Y85.517 E2.79957
G1 E.79957
G92 E0
G1 X92.151 Y80.609 F7800
G1 E2 F2400
G1 X92.544 Y81.003 E2.02346
G1 X92.32 Y81.257 E2.03774
G1 X91.824 Y80.76 E2.06734
G1 X91.346 Y80.76 E2.08749
G1 X92.121 Y81.536 E2.13373
G1 X92.015 Y81.707 E2.14221
G1 X91.957 Y81.85 E2.14872
G1 X90.868 Y80.76 E2.21368
G1 X90.389 Y80.76 E2.23387
G1 X91.82 Y82.191 E2.31919
G1 X91.732 Y82.581 E2.33605
G1 X89.911 Y80.76 E2.44462
G1 X89.433 Y80.76 E2.46477
G1 X91.708 Y83.035 E2.60041
G1 X91.715 Y83.379 E2.61492
G1 X91.771 Y83.576 E2.62355
G1 X88.955 Y80.76 E2.79145
G1 X88.477 Y80.76 E2.8116
G1 X96.737 Y89.02 E3.30409
G1 X96.737 Y89.498 E3.32424
G1 X87.999 Y80.76 E3.84523
G1 X87.521 Y80.76 E3.86538
G1 X96.737 Y89.976 E4.41487
G1 X96.737 Y90.455 E4.43506
G1 X87.043 Y80.76 E5.01308
G1 X86.565 Y80.76 E5.03323
G1 X96.737 Y90.933 E5.63975
G1 X96.737 Y91.411 E5.6599
G1 X86.087 Y80.76 E6.29492
G1 X85.609 Y80.76 E6.31507
G1 X96.737 Y91.889 E6.97859
G1 X96.738 Y92.367 E6.99874
G1 X93.751 Y89.381 E7.1768
G1 X93.638 Y89.197 E7.1859
G1 X93.136 Y88.512 E7.2217
G1 X92.581 Y87.87 E7.25748
G1 X91.974 Y87.276 E7.29329
G1 X91.321 Y86.733 E7.3291
G1 X90.601 Y86.231 E7.3661
G1 X85.131 Y80.76 E7.69227
G1 X84.653 Y80.76 E7.71242
G1 X89.536 Y85.644 E8.00359
G1 X89.129 Y85.448 E8.02264
G1 X88.695 Y85.281 E8.04225
G1 X84.175 Y80.76 E8.31178
G1 X83.697 Y80.76 E8.33193
G1 X87.972 Y85.036 E8.58685
G1 X87.32 Y84.862 E8.6153
G1 X83.219 Y80.76 E8.85984
G1 X82.741 Y80.76 E8.87999
G1 X86.718 Y84.737 E9.11711
G1 X86.17 Y84.667 E9.1404
G1 X82.263 Y80.76 E9.37335
G1 X81.785 Y80.76 E9.3935
G1 X85.644 Y84.62 E9.62362
G1 X85.146 Y84.599 E9.64463
G1 X81.307 Y80.76 E9.87352
G1 X80.829 Y80.76 E9.89367
G1 X84.675 Y84.607 E10.12301
G1 X84.216 Y84.625 E10.14238
G1 X80.351 Y80.76 E10.37282
G1 X79.873 Y80.76 E10.39297
G1 X83.785 Y84.673 E10.62625
G1 X83.36 Y84.725 E10.6443
G1 X79.395 Y80.76 E10.88071
G1 X78.917 Y80.76 E10.90086
G1 X82.96 Y84.804 E11.14195
G1 X82.564 Y84.886 E11.159
G1 X78.439 Y80.76 E11.40498
G1 X77.961 Y80.76 E11.42513
G1 X82.189 Y84.988 E11.67722
G1 X81.819 Y85.097 E11.69348
G1 X77.483 Y80.76 E11.95204
G1 X77.004 Y80.76 E11.97223
G1 X81.464 Y85.22 E12.23815
G1 X81.118 Y85.352 E12.25376
G1 X76.526 Y80.76 E12.52755
G1 X76.048 Y80.76 E12.5477
G1 X80.78 Y85.492 E12.82984
G1 X80.457 Y85.647 E12.84494
G1 X75.57 Y80.76 E13.13632
G1 X75.097 Y80.765 E13.15626
G1 X80.134 Y85.802 E13.45658
G1 X79.831 Y85.977 E13.47133
G1 X74.674 Y80.82 E13.77881
G1 X74.533 Y80.854 E13.78492
G1 X74.319 Y80.943 E13.79469
G1 X79.53 Y86.154 E14.10539
G1 X79.238 Y86.34 E14.11999
G1 X74.017 Y81.119 E14.43128
G1 X73.765 Y81.345 E14.44555
G1 X78.957 Y86.538 E14.75514
G1 X78.677 Y86.735 E14.76957
G1 X73.557 Y81.615 E15.07484
G1 X73.464 Y81.767 E15.08235
G1 X73.396 Y81.932 E15.08987
G1 X78.416 Y86.952 E15.38918
G1 X78.155 Y87.169 E15.40349
G1 X73.289 Y82.304 E15.69359
G1 X73.26 Y82.753 E15.71256
G1 X77.904 Y87.396 E15.98942
G1 X77.662 Y87.632 E16.00367
G1 X73.26 Y83.231 E16.2661
G1 X73.26 Y83.709 E16.28625
G1 X77.421 Y87.869 E16.53431
G1 X77.199 Y88.125 E16.5486
G1 X73.26 Y84.187 E16.78343
G1 X73.26 Y84.665 E16.80358
G1 X76.977 Y88.381 E17.02517
G1 X76.764 Y88.647 E17.03954
G1 X73.26 Y85.143 E17.24846
G1 X73.26 Y85.621 E17.26861
G1 X76.562 Y88.923 E17.46549
G1 X76.36 Y89.199 E17.47991
G1 X73.26 Y86.099 E17.66474
G1 X73.26 Y86.577 E17.68489
G1 X76.178 Y89.495 E17.85887
G1 X75.997 Y89.791 E17.8735
G1 X73.26 Y87.055 E18.03666
G1 X73.26 Y87.533 E18.05681
G1 X75.827 Y90.099 E18.20983
G1 X75.666 Y90.417 E18.22486
G1 X73.26 Y88.011 E18.36831
G1 X73.26 Y88.489 E18.38846
G1 X75.509 Y90.738 E18.52255
G1 X75.37 Y91.077 E18.538
G1 X73.26 Y88.967 E18.6638
G1 X73.26 Y89.445 E18.68395
G1 X75.232 Y91.417 E18.80153
G1 X75.114 Y91.777 E18.8175
G1 X73.26 Y89.923 E18.92804
G1 X73.26 Y90.401 E18.94819
G1 X74.999 Y92.14 E19.05187
G1 X74.901 Y92.52 E19.06841
G1 X73.26 Y90.879 E19.16625
G1 X73.26 Y91.357 E19.1864
G1 X74.812 Y92.909 E19.27894
G1 X74.738 Y93.313 E19.29626
G1 X73.26 Y91.835 E19.38438
G1 X73.26 Y92.314 E19.40457
G1 X74.678 Y93.731 E19.48909
G1 X74.634 Y94.165 E19.50748
G1 X73.26 Y92.792 E19.58937
G1 X73.26 Y93.27 E19.60952
G1 X74.606 Y94.615 E19.68974
G1 X74.602 Y95.089 E19.70972
G1 X73.26 Y93.748 E19.7897
G1 X73.26 Y94.226 E19.80985
G1 X74.612 Y95.577 E19.89043
G1 X74.661 Y96.104 E19.91274
G1 X73.26 Y94.704 E19.99624
G1 X73.26 Y95.182 E20.01639
G1 X74.731 Y96.652 E20.10407
G1 X74.84 Y97.239 E20.12924
G1 X73.26 Y95.66 E20.22341
G1 X73.26 Y96.138 E20.24356
G1 X75.009 Y97.887 E20.34784
G1 X75.077 Y98.135 E20.35868
G1 X75.245 Y98.6 E20.37952
G1 X73.26 Y96.616 E20.49784
G1 X73.26 Y97.094 E20.51799
G1 X75.915 Y99.748 E20.67626
G1 E18.67626
G92 E0
G1 X94.017 Y90.124 F7800
G1 E2 F2400
G1 X96.738 Y92.845 E2.16223
G1 X96.738 Y93.323 E2.18238
G1 X94.725 Y91.31 E2.3024
G1 X94.966 Y92.03 E2.33441
G1 X96.738 Y93.801 E2.44003
G1 X96.738 Y94.279 E2.46018
G1 X95.135 Y92.677 E2.55573
G1 X95.257 Y93.277 E2.58154
G1 X96.738 Y94.757 E2.66981
G1 X96.738 Y95.235 E2.68996
G1 X95.337 Y93.835 E2.77346
G1 X95.378 Y94.354 E2.79541
G1 X96.738 Y95.714 E2.8765
G1 X96.738 Y96.192 E2.89665
G1 X95.403 Y94.857 E2.97625
G1 X95.394 Y95.325 E2.99598
G1 X96.738 Y96.67 E3.07614
G1 X96.738 Y97.148 E3.09629
G1 X95.372 Y95.782 E3.17774
G1 X95.328 Y96.216 E3.19613
G1 X96.738 Y97.626 E3.2802
G1 X96.738 Y98.104 E3.30035
G1 X95.272 Y96.637 E3.38779
G1 X95.197 Y97.041 E3.40511
G1 X96.738 Y98.582 E3.49699
G1 X96.738 Y99.06 E3.51714
G1 X95.113 Y97.435 E3.61403
G1 X95.011 Y97.811 E3.63046
G1 X96.739 Y99.538 E3.73346
G1 X96.739 Y100.016 E3.75361
G1 X94.906 Y98.184 E3.86287
G1 X94.779 Y98.535 E3.87861
G1 X96.739 Y100.495 E3.99547
G1 X96.739 Y100.973 E4.01562
G1 X94.652 Y98.886 E4.14005
G1 X94.505 Y99.217 E4.15532
G1 X96.739 Y101.451 E4.28852
G1 X96.739 Y101.929 E4.30867
G1 X94.355 Y99.545 E4.45081
G1 X94.194 Y99.862 E4.4658
G1 X96.739 Y102.407 E4.61754
G1 X96.739 Y102.885 E4.63769
G1 X94.023 Y100.169 E4.79963
G1 X93.849 Y100.474 E4.81443
G1 X96.739 Y103.363 E4.98671
G1 X96.739 Y103.841 E5.00686
G1 X93.657 Y100.76 E5.19059
G1 X93.465 Y101.045 E5.20508
G1 X96.739 Y104.319 E5.40029
G1 X96.739 Y104.797 E5.42044
G1 X93.261 Y101.319 E5.62781
G1 X93.048 Y101.585 E5.64218
G1 X96.739 Y105.276 E5.86225
G1 X96.739 Y105.754 E5.8824
G1 X92.834 Y101.848 E6.11526
G1 X92.602 Y102.094 E6.12952
G1 X96.739 Y106.232 E6.37621
G1 X96.739 Y106.71 E6.39636
G1 X92.37 Y102.341 E6.65685
G1 X92.126 Y102.575 E6.6711
G1 X96.74 Y107.188 E6.94617
G1 X96.717 Y107.643 E6.96538
G1 X91.875 Y102.802 E7.25405
G1 X91.622 Y103.026 E7.2683
G1 X96.621 Y108.026 E7.56639
G1 X96.536 Y108.233 E7.57582
G1 X96.465 Y108.348 E7.58152
G1 X91.351 Y103.233 E7.88646
G1 X91.08 Y103.44 E7.90084
G1 X96.262 Y108.623 E8.20984
G1 X96.198 Y108.698 E8.214
G1 X96.015 Y108.854 E8.22414
G1 X90.796 Y103.635 E8.53531
G1 X90.505 Y103.822 E8.54989
G1 X95.723 Y109.04 E8.861
G1 X95.374 Y109.168 E8.87667
G1 X90.211 Y104.005 E9.1845
G1 X89.899 Y104.172 E9.19942
G1 X94.958 Y109.231 E9.50105
G1 X94.489 Y109.24 E9.52083
G1 X89.587 Y104.338 E9.8131
G1 X89.258 Y104.487 E9.82833
G1 X94.011 Y109.24 E10.11172
G1 X93.533 Y109.24 E10.13187
G1 X88.925 Y104.631 E10.40664
G1 X88.581 Y104.766 E10.42222
G1 X93.055 Y109.24 E10.68897
G1 X92.577 Y109.24 E10.70912
G1 X88.224 Y104.886 E10.96869
G1 X87.862 Y105.003 E10.98473
G1 X92.099 Y109.24 E11.23735
G1 X91.621 Y109.24 E11.2575
G1 X87.479 Y105.098 E11.50446
G1 X87.096 Y105.193 E11.5211
G1 X91.143 Y109.24 E11.7624
G1 X90.665 Y109.24 E11.78255
G1 X86.685 Y105.261 E12.01982
G1 X86.275 Y105.328 E12.03733
G1 X90.186 Y109.24 E12.27055
G1 X89.708 Y109.24 E12.2907
G1 X85.833 Y105.365 E12.52174
G1 X85.389 Y105.398 E12.54051
G1 X89.23 Y109.24 E12.76955
G1 X88.752 Y109.24 E12.7897
G1 X84.911 Y105.398 E13.01874
G1 X84.42 Y105.385 E13.03945
G1 X88.274 Y109.24 E13.26927
G1 X87.796 Y109.24 E13.28942
G1 X83.9 Y105.343 E13.52174
G1 X83.344 Y105.265 E13.54541
G1 X87.318 Y109.24 E13.78238
G1 X86.84 Y109.24 E13.80253
G1 X82.758 Y105.158 E14.04591
G1 X82.121 Y104.998 E14.0736
G1 X86.362 Y109.24 E14.32649
G1 X85.884 Y109.24 E14.34664
G1 X81.405 Y104.761 E14.61369
G1 X80.587 Y104.42 E14.65105
G1 X85.406 Y109.24 E14.9384
G1 X84.928 Y109.24 E14.95855
G1 X79.539 Y103.851 E15.27986
G1 X79.021 Y103.518 E15.30582
G1 X78.347 Y103.002 E15.34161
G1 X77.717 Y102.433 E15.3774
G1 X77.135 Y101.815 E15.41319
G1 X76.606 Y101.151 E15.44898
G1 X76.129 Y100.44 E15.48508
G1 X73.26 Y97.572 E15.65611
G1 X73.26 Y98.05 E15.67626
G1 X84.45 Y109.24 E16.34344
G1 X83.972 Y109.24 E16.36359
G1 X73.26 Y98.528 E17.00227
G1 X73.26 Y99.006 E17.02242
G1 X83.494 Y109.24 E17.6326
G1 X83.016 Y109.24 E17.65275
G1 X73.26 Y99.484 E18.23443
G1 X73.26 Y99.962 E18.25458
G1 X82.538 Y109.24 E18.80776
G1 X82.06 Y109.24 E18.82791
G1 X73.26 Y100.44 E19.35259
G1 X73.26 Y100.918 E19.37274
G1 X81.582 Y109.24 E19.86892
G1 X81.104 Y109.24 E19.88907
G1 X78.206 Y106.342 E20.06186
G1 X78.305 Y106.919 E20.08654
G1 X80.626 Y109.24 E20.22493
G1 X80.148 Y109.24 E20.24508
G1 X78.265 Y107.357 E20.35735
G1 X78.23 Y107.625 E20.36874
G1 X78.189 Y107.759 E20.37465
G1 X79.67 Y109.24 E20.46295
G1 X79.192 Y109.24 E20.4831
G1 X78.062 Y108.11 E20.55047
G1 X77.902 Y108.428 E20.56548
G1 X78.714 Y109.24 E20.61389
G1 X78.236 Y109.24 E20.63404
G1 X77.709 Y108.712 E20.66549
G1 X77.626 Y108.823 E20.67133
G1 X77.481 Y108.963 E20.67983
G1 X77.758 Y109.24 E20.69635
G1 X77.28 Y109.24 E20.7165
G1 X77.13 Y109.09 E20.72544
G1 E18.72544
G92 E0
G1 X76.383 Y104.519 F7800
G1 E2 F2400
G1 X73.26 Y101.396 E2.1862
G1 X73.26 Y101.874 E2.20635
G1 X75.581 Y104.194 E2.34471
G1 X75.297 Y104.206 E2.35669
G1 X75.141 Y104.233 E2.36336
G1 X73.26 Y102.352 E2.47551
G1 X73.26 Y102.83 E2.49566
G1 X74.737 Y104.307 E2.58372
G1 X74.383 Y104.431 E2.59953
G1 X73.26 Y103.308 E2.66649
G1 X73.26 Y103.786 E2.68664
G1 X74.076 Y104.602 E2.73529
G1 X73.902 Y104.7 E2.74371
G1 X73.788 Y104.792 E2.74989
G1 X73.26 Y104.264 E2.78137
G1 X73.26 Y104.742 E2.80152
G1 X73.533 Y105.015 E2.8178
G1 X73.309 Y105.269 E2.83208
G1 X73.109 Y105.069 E2.844
G1 E.844
G92 E0
G1 X84.407 Y105.022 F7800
G1 E2 F2400
;TYPE:Internal infill
;WIDTH:0.45
G1 F4200
G1 X85.409 Y105.037 E2.0482
G1 X86.711 Y104.891 E2.11121
G1 X75.106 Y93.286 E2.90057
G1 X74.962 Y94.695 E2.96869
G1 X93.536 Y89.719 E3.89354
G1 X92.711 Y88.571 E3.96153
G1 X88.463 Y104.425 E4.75095
G1 X89.358 Y104.051 E4.7976
G1 X90.082 Y103.666 E4.83704
G1 X91.422 Y102.725 E4.91579
G1 X92.101 Y102.101 E4.96014
G1 X77.902 Y87.902 E5.92594
G1 X87.633 Y85.312 E6.41026
G1 X82.367 Y104.688 E7.37598
G1 X92.127 Y102.073 E7.86196
G1 X93.103 Y100.938 E7.93396
G1 X93.558 Y100.261 E7.97319
G1 E5.97319 F2400
G92 E0
G1 X85.59 Y84.978 F7800
G1 E2 F2400
G1 F4200
G1 X84.181 Y84.988 E2.06777
G1 X83.285 Y85.105 E2.11123
G1 X94.891 Y96.711 E2.90066
G1 X95.033 Y95.306 E2.96858
G1 X76.457 Y100.283 E3.89353
G1 X77.289 Y101.429 E3.96164
G1 X81.536 Y85.578 E4.75091
G1 X80.276 Y86.134 E4.81715
G1 X79.475 Y86.615 E4.86209
M106 S226.95
;LAYER_CHANGE
;Z:2.45
;HEIGHT:0.3
G1 E2.86209 F2400
G92 E0
G1 Z2.45 F7800
G1 X94.14 Y89.828
G1 E2 F2400
;TYPE:Perimeter
;WIDTH:0.45
G1 F1390
G1 X94.589 Y90.717 E2.0479
G1 X94.876 Y91.46 E2.08621
G1 X95.104 Y92.135 E2.12048
G1 X95.334 Y93.126 E2.16941
G1 X95.425 Y93.785 E2.20141
G1 X95.477 Y94.335 E2.22798
G1 X95.491 Y94.899 E2.25511
G1 X95.484 Y95.63 E2.29027
G1 X95.402 Y96.375 E2.32632
G1 X95.284 Y97.12 E2.3626
G1 X95.033 Y98.104 E2.41144
G1 X94.692 Y99.044 E2.45953
G1 X94.349 Y99.76 E2.49771
G1 X94.012 Y100.391 E2.53212
G1 X93.45 Y101.238 E2.58101
G1 X92.959 Y101.843 E2.61849
G1 X92.473 Y102.377 E2.65322
G1 X91.751 Y103.044 E2.7005
G1 X91.134 Y103.512 E2.73775
G1 X90.507 Y103.94 E2.77426
G1 X89.618 Y104.432 E2.82313
G1 X88.701 Y104.829 E2.87119
G1 X87.947 Y105.069 E2.90925
G1 X87.254 Y105.257 E2.94379
G1 X86.258 Y105.427 E2.99239
G1 X85.492 Y105.481 E3.02932
G1 X84.754 Y105.498 E3.06482
G1 X83.742 Y105.427 E3.11361
G1 X83.014 Y105.303 E3.14913
G1 X82.267 Y105.137 E3.18593
G1 X81.413 Y104.867 E3.22901
G1 X80.706 Y104.569 E3.26591
G1 X80.049 Y104.256 E3.30091
G1 X79.5 Y103.944 E3.33128
G1 X79.078 Y103.673 E3.3554
G1 X78.271 Y103.064 E3.40403
G1 X77.71 Y102.547 E3.44072
G1 X77.189 Y102.018 E3.47643
G1 X76.578 Y101.272 E3.52281
G1 X76.14 Y100.618 E3.56067
G1 X75.747 Y99.961 E3.59749
G1 X75.308 Y99.044 E3.64639
G1 X74.967 Y98.104 E3.69448
G1 X74.773 Y97.344 E3.73221
G1 X74.626 Y96.635 E3.76704
G1 X74.516 Y95.63 E3.81567
G1 X74.508 Y94.87 E3.85223
G1 X74.536 Y94.125 E3.88809
G1 X74.659 Y93.178 E3.93402
G1 X74.835 Y92.405 E3.97215
G1 X75.045 Y91.665 E4.00915
G1 X75.411 Y90.717 E4.05803
G1 X75.862 Y89.824 E4.10615
G1 X76.281 Y89.164 E4.14375
G1 X76.697 Y88.57 E4.17863
G1 X77.354 Y87.8 E4.22731
G1 X77.901 Y87.274 E4.26381
G1 X78.463 Y86.783 E4.2997
G1 X79.285 Y86.188 E4.34851
G1 X79.92 Y85.819 E4.38383
G1 X80.602 Y85.467 E4.42074
G1 X81.545 Y85.083 E4.46971
G1 X82.503 Y84.799 E4.51777
G1 X83.268 Y84.652 E4.55524
G1 X83.989 Y84.547 E4.59028
G1 X85 Y84.497 E4.63897
G1 X85.754 Y84.535 E4.67528
G1 X86.5 Y84.607 E4.71133
G1 X87.497 Y84.799 E4.76016
G1 X88.455 Y85.083 E4.80822
G1 X89.196 Y85.384 E4.84669
G1 X89.842 Y85.681 E4.88089
G1 X90.391 Y86 E4.91143
G1 X91.032 Y86.411 E4.94805
G1 X91.532 Y86.778 E4.97788
G1 X91.916 Y87.098 E5.00192
G1 X92.646 Y87.8 E5.05063
G1 X93.134 Y88.372 E5.08679
G1 X93.594 Y88.967 E5.12296
G1 X94.109 Y89.778 E5.16917
G1 X94.475 Y89.636 F7800
G1 F1390
G1 X94.942 Y90.56 E5.21896
G1 X95.319 Y91.538 E5.26937
G1 X95.476 Y92.034 E5.29439
G1 X95.713 Y93.054 E5.34476
G1 X95.808 Y93.74 E5.37807
G1 X95.862 Y94.312 E5.4057
G1 X95.877 Y94.904 E5.43418
G1 X95.869 Y95.653 E5.47021
G1 X95.755 Y96.692 E5.52048
G1 X95.66 Y97.203 E5.54548
G1 X95.402 Y98.218 E5.59585
G1 X95.048 Y99.193 E5.64574
G1 X94.596 Y100.139 E5.69617
G1 X94.342 Y100.593 E5.72119
G1 X93.762 Y101.465 E5.77156
G1 X93.104 Y102.269 E5.82153
G1 X92.745 Y102.651 E5.84674
G1 X91.999 Y103.34 E5.89558
G1 X91.142 Y103.99 E5.94731
G1 X90.705 Y104.271 E5.9723
G1 X89.789 Y104.779 E6.02268
G1 X88.836 Y105.19 E6.0726
G1 X87.838 Y105.509 E6.12299
G1 X87.333 Y105.635 E6.14802
G1 X86.304 Y105.81 E6.19822
G1 X85.26 Y105.884 E6.24856
G1 X84.74 Y105.884 E6.27357
G1 X83.696 Y105.81 E6.32391
G1 X82.667 Y105.635 E6.37411
G1 X82.162 Y105.509 E6.39914
G1 X81.279 Y105.229 E6.44369
G1 X80.205 Y104.776 E6.49975
G1 X79.3 Y104.274 E6.54953
G1 X78.858 Y103.99 E6.5748
G1 X78.024 Y103.36 E6.62507
G1 X77.255 Y102.651 E6.67538
G1 X76.899 Y102.272 E6.70039
G1 X76.268 Y101.502 E6.74827
G1 X75.658 Y100.592 E6.80096
G1 X75.404 Y100.139 E6.82594
G1 X74.952 Y99.193 E6.87637
G1 X74.598 Y98.218 E6.92626
G1 X74.34 Y97.203 E6.97663
G1 X74.245 Y96.692 E7.00163
G1 X74.131 Y95.653 E7.0519
G1 X74.12 Y94.607 E7.10221
G1 X74.152 Y94.088 E7.12722
G1 X74.279 Y93.111 E7.17461
G1 X74.524 Y92.032 E7.22783
G1 X74.681 Y91.538 E7.25276
G1 X75.058 Y90.56 E7.30317
G1 X75.526 Y89.634 E7.35307
G1 X76.087 Y88.75 E7.40343
G1 X76.395 Y88.33 E7.42848
G1 X77.073 Y87.535 E7.47873
G1 X77.827 Y86.81 E7.52904
G1 X78.226 Y86.478 E7.55401
G1 X79.075 Y85.865 E7.60438
G1 X79.977 Y85.34 E7.65458
G1 X80.446 Y85.114 E7.67962
G1 X81.417 Y84.719 E7.73004
G1 X82.412 Y84.424 E7.77996
G1 X83.44 Y84.226 E7.83031
G1 X83.956 Y84.163 E7.85531
G1 X85 Y84.111 E7.90559
G1 X86.044 Y84.163 E7.95587
G1 X86.56 Y84.226 E7.98087
G1 X87.588 Y84.424 E8.03122
G1 X88.583 Y84.719 E8.08114
G1 X89.554 Y85.114 E8.13156
G1 X90.023 Y85.34 E8.1566
G1 X90.929 Y85.867 E8.20701
G1 X91.361 Y86.17 E8.23239
G1 X91.77 Y86.475 E8.25693
G1 X92.173 Y86.81 E8.28214
G1 X92.927 Y87.535 E8.33245
G1 X93.605 Y88.33 E8.3827
G1 X93.913 Y88.75 E8.40775
G1 X94.443 Y89.585 E8.45532
G1 X94.81 Y89.443 F7800
;TYPE:External perimeter
G1 F1390
G1 X95.294 Y90.403 E8.50703
G1 X95.684 Y91.41 E8.55897
G1 X95.848 Y91.932 E8.58529
G1 X96.093 Y92.983 E8.63719
G1 X96.191 Y93.695 E8.67176
G1 X96.247 Y94.288 E8.70041
G1 X96.262 Y94.908 E8.73024
G1 X96.254 Y95.676 E8.76718
G1 X96.137 Y96.748 E8.81905
G1 X96.037 Y97.286 E8.84537
G1 X95.771 Y98.332 E8.89728
G1 X95.404 Y99.343 E8.94901
G1 X94.938 Y100.316 E9.0009
G1 X94.671 Y100.794 E9.02723
G1 X94.073 Y101.693 E9.07916
G1 X93.392 Y102.526 E9.13091
G1 X93.016 Y102.925 E9.15728
G1 X92.247 Y103.636 E9.20765
G1 X91.363 Y104.306 E9.261
G1 X90.903 Y104.602 E9.28731
G1 X89.959 Y105.125 E9.33922
G1 X88.971 Y105.552 E9.39099
G1 X87.943 Y105.88 E9.44289
G1 X87.412 Y106.013 E9.46922
G1 X86.35 Y106.194 E9.52104
G1 X85.274 Y106.269 E9.57292
G1 X84.726 Y106.269 E9.59928
G1 X83.65 Y106.194 E9.65116
G1 X82.588 Y106.013 E9.70298
G1 X82.057 Y105.88 E9.72931
G1 X81.146 Y105.591 E9.77528
G1 X80.039 Y105.124 E9.83307
G1 X79.099 Y104.603 E9.88476
G1 X78.637 Y104.306 E9.91118
G1 X77.776 Y103.657 E9.96304
G1 X76.983 Y102.925 E10.01495
G1 X76.609 Y102.527 E10.04122
G1 X75.958 Y101.732 E10.09064
G1 X75.329 Y100.794 E10.14496
G1 X75.062 Y100.316 E10.17129
G1 X74.596 Y99.343 E10.22318
G1 X74.229 Y98.332 E10.27491
G1 X73.963 Y97.286 E10.32682
G1 X73.863 Y96.748 E10.35314
G1 X73.746 Y95.676 E10.40501
G1 X73.734 Y94.598 E10.45686
G1 X73.768 Y94.051 E10.48322
G1 X73.899 Y93.043 E10.53211
G1 X74.152 Y91.931 E10.58696
G1 X74.316 Y91.41 E10.61323
G1 X74.706 Y90.403 E10.66517
G1 X75.19 Y89.443 E10.71688
G1 X75.769 Y88.532 E10.7688
G1 X76.092 Y88.091 E10.79509
G1 X76.792 Y87.27 E10.84698
G1 X77.569 Y86.523 E10.89882
G1 X77.99 Y86.173 E10.92515
G1 X78.865 Y85.541 E10.97706
G1 X79.796 Y84.999 E11.02887
G1 X80.289 Y84.761 E11.0552
G1 X81.289 Y84.354 E11.10713
G1 X82.32 Y84.049 E11.15884
G1 X83.38 Y83.845 E11.21076
G1 X83.923 Y83.778 E11.23707
G1 X85 Y83.725 E11.28893
G1 X86.077 Y83.778 E11.34079
G1 X86.62 Y83.845 E11.3671
G1 X87.68 Y84.049 E11.41902
G1 X88.711 Y84.354 E11.47073
G1 X89.711 Y84.761 E11.52266
G1 X90.204 Y84.999 E11.54899
G1 X91.137 Y85.542 E11.60091
G1 X91.587 Y85.858 E11.62736
G1 X92.009 Y86.172 E11.65266
G1 X92.431 Y86.523 E11.67906
G1 X93.208 Y87.27 E11.7309
G1 X93.908 Y88.091 E11.78279
G1 X94.231 Y88.532 E11.80908
G1 X94.778 Y89.392 E11.8581
G1 X94.962 Y89.747 F7800
G1 E9.8581 F2400
G92 E0
G1 X85.785 Y85.212 F7800
G1 E2 F2400
;TYPE:Internal infill
;WIDTH:0.45
G1 F1390
G1 X85 Y85.173 E2.0378
G1 X83.479 Y85.299 E2.11121
G1 X94.707 Y96.526 E2.87489
G1 X94.812 Y95.365 E2.93096
G1 X76.686 Y100.222 E3.83351
G1 X77.36 Y101.162 E3.88914
G1 X81.465 Y85.844 E4.65188
G1 X80.475 Y86.277 E4.70385
G1 X79.425 Y86.92 E4.76307
G1 E2.76307 F2400
G92 E0
G1 X85.01 Y84.787 F7800
G1 E2 F2400
;TYPE:Solid infill
;WIDTH:0.467219
G1 F1390
G1 X85.984 Y84.844 E2.04902
G1 X86.623 Y84.926 E2.08139
;WIDTH:0.450011
G1 X87.438 Y85.083 E2.12131
G1 X88.368 Y85.36 E2.16798
;WIDTH:0.450203
G1 X89.118 Y85.665 E2.20694
G1 X89.713 Y85.94 E2.23848
;WIDTH:0.450013
G1 X90.557 Y86.431 E2.28544
G1 X90.972 Y86.722 E2.30982
G1 X91.728 Y87.318 E2.35612
G1 X92.441 Y88.006 E2.40378
;WIDTH:0.473087
G1 X93.065 Y88.755 E2.45348
G1 X93.447 Y89.276 E2.48641
;WIDTH:0.450009
G1 X93.891 Y89.976 E2.52628
G1 X94.328 Y90.843 E2.57298
;WIDTH:0.450207
G1 X94.619 Y91.598 E2.61192
G1 X94.826 Y92.219 E2.64342
;WIDTH:0.450009
G1 X95.048 Y93.171 E2.69044
G1 X95.12 Y93.673 E2.71483
G1 X95.205 Y94.631 E2.76109
G1 X95.194 Y95.622 E2.80876
;WIDTH:0.473315
G1 X95.076 Y96.59 E2.8585
G1 X94.958 Y97.226 E2.89149
;WIDTH:0.450007
G1 X94.753 Y98.028 E2.9313
G1 X94.421 Y98.941 E2.97803
;WIDTH:0.450211
G1 X94.072 Y99.67 E3.01692
G1 X93.761 Y100.247 E3.04846
;WIDTH:0.450009
G1 X93.22 Y101.06 E3.09543
G1 X92.904 Y101.457 E3.11984
G1 X92.268 Y102.173 E3.1659
G1 X91.558 Y102.828 E3.21236
G1 X90.761 Y103.432 E3.26046
G1 X90.206 Y103.776 E3.29187
G1 X89.482 Y104.176 E3.33165
G1 X88.59 Y104.56 E3.37836
;WIDTH:0.450215
G1 X87.819 Y104.806 E3.41731
G1 X87.187 Y104.975 E3.44879
;WIDTH:0.450009
G1 X86.214 Y105.14 E3.49626
;WIDTH:0.458593
G1 X85.238 Y105.204 E3.54435
G1 X84.599 Y105.197 E3.57577
;WIDTH:0.450011
G1 X83.768 Y105.138 E3.61584
;WIDTH:0.473823
G1 X82.81 Y104.963 E3.66557
G1 X82.173 Y104.804 E3.6991
;WIDTH:0.450009
G1 X81.505 Y104.592 E3.73281
G1 X80.487 Y104.161 E3.78598
;WIDTH:0.450223
G1 X79.803 Y103.781 E3.82364
G1 X79.238 Y103.431 E3.85562
;WIDTH:0.450009
G1 X78.45 Y102.835 E3.90314
;WIDTH:0.458619
G1 X77.734 Y102.169 E3.95122
G1 X77.3 Y101.697 E3.98275
;WIDTH:0.450009
G1 X76.805 Y101.092 E4.02035
G1 X76.23 Y100.232 E4.07011
G1 X75.928 Y99.67 E4.1008
G1 X75.572 Y98.923 E4.1406
G1 X75.241 Y98.01 E4.18731
;WIDTH:0.450227
G1 X75.042 Y97.225 E4.22628
G1 X74.912 Y96.586 E4.25766
;WIDTH:0.450009
G1 X74.805 Y95.603 E4.30522
;WIDTH:0.458635
G1 X74.799 Y94.626 E4.35326
G1 X74.846 Y93.983 E4.38496
;WIDTH:0.450011
G1 X74.946 Y93.22 E4.42197
G1 X75.179 Y92.202 E4.4722
G1 X75.381 Y91.597 E4.50288
G1 X75.68 Y90.826 E4.54265
G1 X76.118 Y89.959 E4.58937
;WIDTH:0.450233
G1 X76.553 Y89.275 E4.62838
G1 X76.929 Y88.744 E4.65969
;WIDTH:0.450009
G1 X77.572 Y87.992 E4.70728
;WIDTH:0.472637
G1 X78.283 Y87.323 E4.75699
G1 X78.778 Y86.912 E4.78975
;WIDTH:0.450011
G1 X79.451 Y86.426 E4.82968
;WIDTH:0.474451
G1 X80.298 Y85.948 E4.87942
G1 X80.883 Y85.665 E4.91266
;WIDTH:0.450009
G1 X81.65 Y85.353 E4.95249
G1 X82.581 Y85.078 E4.99918
;WIDTH:0.450239
G1 X83.378 Y84.925 E5.03824
G1 X84.021 Y84.835 E5.06949
;WIDTH:0.450011
G1 X84.817 Y84.797 E5.10782
G1 E3.10782 F2400
G92 E0
G1 X93.374 Y100.133 F7800
G1 E2 F2400
;TYPE:Internal infill
;WIDTH:0.45
G1 F1390
G1 X92.904 Y100.84 E2.04083
G1 X91.946 Y101.946 E2.11121
G1 X78.059 Y88.059 E3.05579
G1 X78.319 Y87.808 E3.07317
G1 X87.198 Y85.429 E3.51528
G1 X87.541 Y85.516 E3.5323
G1 X82.457 Y104.49 E4.47708
G1 X82.794 Y104.574 E4.49378
G1 X91.678 Y102.193 E4.93615
G1 X91.295 Y102.543 E4.9611
G1 X90.574 Y103.089 F7800
G1 F1390
G1 X89.32 Y103.826 E5.03106
G1 X88.532 Y104.166 E5.07234
G1 X92.641 Y88.833 E5.83583
G1 X93.31 Y89.779 E5.89156
G1 X75.181 Y94.637 E6.79427
G1 X75.3 Y93.48 E6.85021
G1 X86.518 Y104.698 E7.61325
G1 X85.223 Y104.823 E7.67582
G1 X84.213 Y104.783 E7.72444
;LAYER_CHANGE
;Z:2.75
;HEIGHT:0.3
G1 E5.72444 F2400
G92 E0
G1 Z2.75 F7800
G1 X94.134 Y89.867
G1 E2 F2400
;TYPE:Perimeter
;WIDTH:0.45
G1 F1763
G1 X94.354 Y90.261 E2.0217
G1 X94.712 Y91.045 E2.06315
G1 X94.997 Y91.833 E2.10345
G1 X95.236 Y92.727 E2.14796
G1 X95.381 Y93.517 E2.18659
G1 X95.467 Y94.362 E2.22744
G1 X95.484 Y95.211 E2.26828
G1 X95.475 Y95.642 E2.28901
G1 X95.388 Y96.494 E2.3302
G1 X95.232 Y97.335 E2.37134
G1 X95.023 Y98.104 E2.40967
G1 X94.715 Y98.969 E2.45383
G1 X94.361 Y99.746 E2.4949
G1 X93.943 Y100.493 E2.53607
G1 X93.465 Y101.203 E2.57724
G1 X92.932 Y101.873 E2.61842
G1 X92.345 Y102.496 E2.65959
G1 X91.71 Y103.07 E2.70076
G1 X91.029 Y103.59 E2.74197
G1 X90.309 Y104.053 E2.78314
G1 X89.554 Y104.456 E2.8243
G1 X88.768 Y104.795 E2.86547
G1 X87.957 Y105.07 E2.90666
G1 X87.126 Y105.277 E2.94785
G1 X86.281 Y105.417 E2.98905
G1 X85.428 Y105.486 E3.03021
G1 X84.572 Y105.486 E3.07138
G1 X83.719 Y105.417 E3.11254
G1 X82.874 Y105.277 E3.15374
G1 X82.043 Y105.07 E3.19493
G1 X81.232 Y104.795 E3.23612
G1 X80.446 Y104.456 E3.27729
G1 X79.691 Y104.053 E3.31845
G1 X78.971 Y103.59 E3.35962
G1 X78.29 Y103.07 E3.40083
G1 X77.655 Y102.496 E3.442
G1 X77.068 Y101.873 E3.48317
G1 X76.535 Y101.203 E3.52435
G1 X76.057 Y100.493 E3.56552
G1 X75.639 Y99.746 E3.60669
G1 X75.283 Y98.967 E3.64788
G1 X74.992 Y98.162 E3.68905
G1 X74.768 Y97.335 E3.73026
G1 X74.612 Y96.494 E3.7714
G1 X74.525 Y95.642 E3.81259
G1 X74.507 Y94.786 E3.85377
G1 X74.559 Y93.931 E3.89497
G1 X74.681 Y93.088 E3.93594
G1 X75.01 Y91.812 E3.99932
G1 X75.295 Y91.028 E4.03944
G1 X75.649 Y90.254 E4.08038
G1 X76.066 Y89.509 E4.12144
G1 X76.543 Y88.8 E4.16254
G1 X77.076 Y88.132 E4.20364
G1 X77.662 Y87.509 E4.24478
G1 X78.297 Y86.936 E4.28592
G1 X78.976 Y86.417 E4.32703
G1 X79.696 Y85.954 E4.3682
G1 X80.451 Y85.552 E4.40934
G1 X81.236 Y85.213 E4.45047
G1 X82.046 Y84.938 E4.49161
G1 X82.876 Y84.731 E4.53275
G1 X83.72 Y84.592 E4.57389
G1 X84.573 Y84.522 E4.61505
G1 X85.428 Y84.522 E4.65617
G1 X86.28 Y84.592 E4.69729
G1 X87.125 Y84.731 E4.73848
G1 X87.954 Y84.938 E4.77958
G1 X88.765 Y85.213 E4.82077
G1 X89.55 Y85.552 E4.8619
G1 X90.305 Y85.955 E4.90306
G1 X91.025 Y86.417 E4.94421
G1 X91.704 Y86.937 E4.98534
G1 X92.339 Y87.51 E5.02648
G1 X92.925 Y88.133 E5.06762
G1 X93.459 Y88.803 E5.10883
G1 X93.936 Y89.513 E5.14997
G1 X94.105 Y89.815 E5.16661
G1 X94.477 Y89.656 F7800
G1 F1763
G1 X94.496 Y89.688 E5.1684
G1 X94.898 Y90.48 E5.21112
G1 X95.233 Y91.302 E5.25381
G1 X95.5 Y92.147 E5.29643
G1 X95.763 Y93.463 E5.36098
G1 X95.852 Y94.338 E5.40328
G1 X95.87 Y95.219 E5.44566
G1 X95.861 Y95.665 E5.46712
G1 X95.77 Y96.549 E5.50986
G1 X95.608 Y97.421 E5.55252
G1 X95.392 Y98.219 E5.59228
G1 X95.073 Y99.114 E5.63798
G1 X94.705 Y99.92 E5.6806
G1 X94.272 Y100.695 E5.7233
G1 X93.777 Y101.432 E5.766
G1 X93.223 Y102.126 E5.80871
G1 X92.615 Y102.772 E5.85138
G1 X91.956 Y103.367 E5.89408
G1 X91.251 Y103.906 E5.93676
G1 X90.504 Y104.386 E5.97947
G1 X89.721 Y104.803 E6.02214
G1 X88.906 Y105.156 E6.06486
G1 X88.066 Y105.44 E6.10751
G1 X87.204 Y105.655 E6.15024
G1 X86.329 Y105.8 E6.1929
G1 X85.444 Y105.872 E6.23561
G1 X84.556 Y105.872 E6.27832
G1 X83.671 Y105.8 E6.32103
G1 X82.796 Y105.655 E6.36369
G1 X81.934 Y105.44 E6.40642
G1 X81.094 Y105.156 E6.44907
G1 X80.279 Y104.803 E6.49179
G1 X79.496 Y104.386 E6.53446
G1 X78.749 Y103.906 E6.57717
G1 X78.044 Y103.367 E6.61985
G1 X77.385 Y102.772 E6.66255
G1 X76.777 Y102.126 E6.70522
G1 X76.223 Y101.432 E6.74793
G1 X75.728 Y100.695 E6.79063
G1 X75.295 Y99.92 E6.83333
G1 X74.926 Y99.113 E6.87601
G1 X74.624 Y98.278 E6.91872
G1 X74.392 Y97.421 E6.96142
G1 X74.23 Y96.549 E7.00408
G1 X74.139 Y95.665 E7.04682
G1 X74.121 Y94.778 E7.08949
G1 X74.176 Y93.892 E7.13219
G1 X74.302 Y93.016 E7.17476
G1 X74.531 Y92.049 E7.22256
G1 X74.767 Y91.302 E7.26024
G1 X75.102 Y90.48 E7.30293
G1 X75.504 Y89.688 E7.34565
G1 X75.968 Y88.932 E7.38831
G1 X76.493 Y88.216 E7.43101
G1 X77.074 Y87.545 E7.4737
G1 X77.708 Y86.924 E7.51638
G1 X78.391 Y86.356 E7.55911
G1 X79.117 Y85.846 E7.60178
G1 X79.883 Y85.397 E7.64448
G1 X80.683 Y85.012 E7.68718
G1 X81.511 Y84.693 E7.72986
G1 X82.363 Y84.443 E7.77257
G1 X83.232 Y84.264 E7.81524
G1 X84.113 Y84.155 E7.85794
G1 X85 Y84.119 E7.90064
G1 X85.887 Y84.155 E7.94334
G1 X86.768 Y84.264 E7.98604
G1 X87.637 Y84.443 E8.02871
G1 X88.489 Y84.693 E8.07142
G1 X89.317 Y85.012 E8.1141
G1 X90.117 Y85.397 E8.1568
G1 X90.883 Y85.846 E8.1995
G1 X91.609 Y86.356 E8.24217
G1 X92.292 Y86.924 E8.2849
G1 X92.926 Y87.545 E8.32758
G1 X93.507 Y88.216 E8.37027
G1 X94.032 Y88.932 E8.41297
G1 X94.445 Y89.605 E8.45095
G1 X94.805 Y89.455 F7800
;TYPE:External perimeter
G1 F1763
G1 X94.833 Y89.5 E8.4535
G1 X95.249 Y90.32 E8.49772
G1 X95.596 Y91.17 E8.54188
G1 X95.873 Y92.047 E8.58611
G1 X95.988 Y92.558 E8.6113
G1 X96.144 Y93.408 E8.65286
G1 X96.237 Y94.315 E8.69671
G1 X96.255 Y95.226 E8.74053
G1 X96.246 Y95.689 E8.7628
G1 X96.152 Y96.603 E8.80699
G1 X95.984 Y97.507 E8.85121
G1 X95.76 Y98.334 E8.89242
G1 X95.431 Y99.259 E8.93964
G1 X95.049 Y100.095 E8.98385
G1 X94.601 Y100.897 E9.02803
G1 X94.088 Y101.66 E9.07225
G1 X93.515 Y102.378 E9.11643
G1 X92.885 Y103.048 E9.16066
G1 X92.203 Y103.664 E9.20486
G1 X91.473 Y104.222 E9.24905
G1 X90.7 Y104.719 E9.29325
G1 X89.889 Y105.151 E9.33745
G1 X89.045 Y105.516 E9.38168
G1 X88.174 Y105.811 E9.42591
G1 X87.283 Y106.033 E9.47007
G1 X86.376 Y106.183 E9.51429
G1 X85.46 Y106.258 E9.55849
G1 X84.54 Y106.258 E9.60274
G1 X83.624 Y106.183 E9.64694
G1 X82.717 Y106.033 E9.69116
G1 X81.826 Y105.811 E9.73532
G1 X80.955 Y105.516 E9.77955
G1 X80.111 Y105.151 E9.82378
G1 X79.3 Y104.719 E9.86798
G1 X78.527 Y104.222 E9.91218
G1 X77.797 Y103.664 E9.95637
G1 X77.115 Y103.048 E10.00057
G1 X76.485 Y102.378 E10.0448
G1 X75.912 Y101.66 E10.08898
G1 X75.399 Y100.897 E10.1332
G1 X74.951 Y100.095 E10.17738
G1 X74.569 Y99.259 E10.22159
G1 X74.256 Y98.394 E10.26583
G1 X74.016 Y97.507 E10.31003
G1 X73.848 Y96.603 E10.35425
G1 X73.754 Y95.689 E10.39844
G1 X73.735 Y94.77 E10.44265
G1 X73.792 Y93.853 E10.48684
G1 X73.922 Y92.944 E10.531
G1 X74.159 Y91.946 E10.58034
G1 X74.404 Y91.17 E10.61948
G1 X74.751 Y90.32 E10.66364
G1 X75.167 Y89.5 E10.70786
G1 X75.648 Y88.717 E10.75206
G1 X76.191 Y87.975 E10.79628
G1 X76.793 Y87.281 E10.84047
G1 X77.45 Y86.637 E10.88472
G1 X78.156 Y86.05 E10.92888
G1 X78.909 Y85.522 E10.97311
G1 X79.701 Y85.057 E11.01728
G1 X80.53 Y84.658 E11.06153
G1 X81.387 Y84.328 E11.1057
G1 X82.269 Y84.069 E11.14991
G1 X83.169 Y83.883 E11.19411
G1 X84.082 Y83.771 E11.23835
G1 X85 Y83.733 E11.28254
G1 X85.918 Y83.771 E11.32673
G1 X86.831 Y83.883 E11.37097
G1 X87.731 Y84.069 E11.41517
G1 X88.613 Y84.328 E11.45938
G1 X89.47 Y84.658 E11.50355
G1 X90.299 Y85.057 E11.5478
G1 X91.091 Y85.522 E11.59197
G1 X91.844 Y86.05 E11.6362
G1 X92.55 Y86.637 E11.68036
G1 X93.207 Y87.281 E11.72461
G1 X93.809 Y87.975 E11.7688
G1 X94.352 Y88.717 E11.81302
G1 X94.774 Y89.403 E11.85176
G1 X94.962 Y89.757 F7800
G1 E9.85176 F2400
G92 E0
G1 X74.94 Y97.514 F7800
G1 E2 F2400
;TYPE:Bridge infill
;WIDTH:0.402007
;HEIGHT:0.4
M106 S255
G1 F3600
G1 X75.933 Y99.612 E2.12249
G1 X76.331 Y100.324 E2.16553
G1 X76.794 Y101.013 E2.20934
G1 X77.311 Y101.662 E2.25313
G1 X77.496 Y101.858 E2.26735
G1 X74.929 Y96.434 E2.58401
G1 X74.846 Y95.622 E2.62708
G1 X74.837 Y95.182 E2.6503
G1 X78.42 Y102.754 E3.09236
G1 X79.206 Y103.36 E3.14473
G1 X74.866 Y94.187 E3.68024
G1 X74.879 Y93.964 E3.69203
G1 X74.968 Y93.347 E3.72493
G1 X79.92 Y103.811 E4.33583
G1 X80.589 Y104.167 E4.37582
G1 X75.123 Y92.617 E5.05013
G1 X75.213 Y92.237 E5.07074
G1 X75.305 Y91.945 E5.0869
G1 X81.217 Y104.439 E5.8163
G1 X81.82 Y104.655 E5.8501
G1 X75.517 Y91.336 E6.62768
G1 X75.748 Y90.769 E6.65999
G1 X82.402 Y104.828 E7.48079
G1 X82.967 Y104.967 E7.51149
G1 X76.007 Y90.259 E8.37015
G1 X76.279 Y89.777 E8.39936
G1 X83.51 Y105.056 E9.29138
G1 X84.04 Y105.12 E9.31955
G1 X76.562 Y89.318 E10.24209
G1 X76.866 Y88.903 E10.26924
G1 X84.56 Y105.163 E11.2185
G1 X85.061 Y105.165 E11.24494
G1 X77.178 Y88.505 E12.21755
G1 X77.501 Y88.132 E12.24359
G1 X85.556 Y105.153 E13.2373
G1 X86.037 Y105.114 E13.26277
G1 X77.838 Y87.787 E14.27432
G1 X78.179 Y87.452 E14.29955
G1 X86.509 Y105.053 E15.32713
G1 X86.973 Y104.977 E15.35194
G1 X78.538 Y87.153 E16.39253
G1 X78.9 Y86.862 E16.41704
G1 X87.423 Y104.872 E17.46849
G1 X87.87 Y104.76 E17.49281
G1 X79.276 Y86.599 E18.55306
G1 X79.658 Y86.349 E18.57715
G1 X88.301 Y104.614 E19.64347
G1 X88.729 Y104.462 E19.66744
G1 X80.049 Y86.12 E20.73827
G1 X80.45 Y85.909 E20.76218
G1 X89.144 Y104.283 E21.83485
G1 X89.414 Y104.166 E21.85038
G1 X89.554 Y104.091 E21.85876
G1 X80.857 Y85.713 E22.93169
G1 X81.276 Y85.542 E22.95557
G1 X89.953 Y103.879 E24.02609
G1 X90.344 Y103.648 E24.05006
G1 X81.699 Y85.379 E25.11661
G1 X82.136 Y85.247 E25.1407
G1 X90.728 Y103.402 E26.20062
G1 X91.1 Y103.132 E26.22488
G1 X82.577 Y85.121 E27.27637
G1 X83.032 Y85.027 E27.30089
G1 X91.467 Y102.851 E28.34148
G1 X91.819 Y102.538 E28.36634
G1 X83.493 Y84.944 E29.3935
G1 X83.966 Y84.886 E29.41865
G1 X92.167 Y102.216 E30.43039
G1 X92.5 Y101.863 E30.456
G1 X84.449 Y84.849 E31.44928
G1 X84.939 Y84.829 E31.47516
G1 X92.824 Y101.492 E32.44795
G1 X93.138 Y101.098 E32.47454
G1 X85.447 Y84.845 E33.4234
G1 X85.962 Y84.877 E33.45063
G1 X93.436 Y100.671 E34.3727
G1 X93.725 Y100.224 E34.40079
G1 X86.493 Y84.942 E35.29297
G1 X87.04 Y85.042 E35.32231
G1 X93.996 Y99.74 E36.18041
G1 X94.249 Y99.218 E36.21102
G1 X87.601 Y85.17 E37.03116
G1 X88.181 Y85.34 E37.06305
G1 X94.484 Y98.66 E37.84068
G1 X94.699 Y98.056 E37.87451
G1 X88.788 Y85.566 E38.6037
G1 X89.037 Y85.662 E38.61778
G1 X89.421 Y85.847 E38.64027
G1 X94.884 Y97.39 E39.31417
G1 X95.033 Y96.648 E39.35411
G1 X90.089 Y86.2 E39.96407
G1 X90.5 Y86.442 E39.98924
G1 X90.804 Y86.655 E40.00883
G1 X95.135 Y95.808 E40.54318
G1 X95.171 Y94.826 E40.59504
G1 X91.59 Y87.26 E41.03676
G1 X91.818 Y87.449 E41.05239
G1 X92.508 Y88.142 E41.104
G1 X95.058 Y93.532 E41.41866
G1 X95.007 Y93.178 E41.43753
G1 X94.817 Y92.332 E41.48329
G1 X94.568 Y91.542 E41.527
G1 X94.26 Y90.788 E41.56998
G1 X93.336 Y88.836 E41.68395
M106 S226.95
M106 S224.4
;LAYER_CHANGE
;Z:3.05
;HEIGHT:0.3
G1 Z3.05 F7800
G1 X94.067 Y89.908
;TYPE:Perimeter
;WIDTH:0.45
G1 F3600
G1 X94.283 Y90.294 E41.70522
G1 X94.636 Y91.066 E41.74605
G1 X94.924 Y91.865 E41.7869
G1 X95.147 Y92.684 E41.82773
G1 X95.302 Y93.519 E41.86858
G1 X95.388 Y94.363 E41.90938
G1 X95.405 Y95.212 E41.95022
G1 X95.354 Y96.06 E41.99108
G1 X95.233 Y96.9 E42.0319
G1 X95.044 Y97.728 E42.07275
G1 X94.788 Y98.537 E42.11356
G1 X94.467 Y99.324 E42.15444
G1 X94.083 Y100.081 E42.19527
G1 X93.639 Y100.804 E42.23608
G1 X93.137 Y101.489 E42.27693
G1 X92.581 Y102.131 E42.31778
G1 X91.975 Y102.725 E42.35859
G1 X91.322 Y103.268 E42.39944
G1 X90.627 Y103.755 E42.44026
G1 X89.894 Y104.185 E42.48113
G1 X89.129 Y104.553 E42.52196
G1 X88.337 Y104.858 E42.56278
G1 X87.522 Y105.097 E42.60363
G1 X86.691 Y105.269 E42.64445
G1 X85.848 Y105.373 E42.6853
G1 X85 Y105.408 E42.72612
G1 X84.152 Y105.373 E42.76694
G1 X83.309 Y105.269 E42.80779
G1 X82.478 Y105.097 E42.84861
G1 X81.663 Y104.858 E42.88946
G1 X80.871 Y104.553 E42.93028
G1 X80.106 Y104.185 E42.97111
G1 X79.373 Y103.755 E43.01198
G1 X78.678 Y103.268 E43.0528
G1 X78.025 Y102.725 E43.09365
G1 X77.419 Y102.131 E43.13446
G1 X76.863 Y101.489 E43.17531
G1 X76.361 Y100.804 E43.21616
G1 X75.917 Y100.081 E43.25697
G1 X75.533 Y99.323 E43.29784
G1 X75.212 Y98.537 E43.33867
G1 X74.956 Y97.728 E43.37948
G1 X74.767 Y96.9 E43.42033
G1 X74.646 Y96.06 E43.46115
G1 X74.595 Y95.212 E43.50201
G1 X74.612 Y94.363 E43.54285
G1 X74.698 Y93.519 E43.58365
G1 X74.853 Y92.684 E43.6245
G1 X75.076 Y91.865 E43.66533
G1 X75.364 Y91.066 E43.70618
G1 X75.717 Y90.294 E43.74701
G1 X76.132 Y89.553 E43.78786
G1 X76.605 Y88.848 E43.82869
G1 X77.134 Y88.184 E43.86952
G1 X77.716 Y87.566 E43.91035
G1 X78.346 Y86.997 E43.95118
G1 X79.021 Y86.481 E43.99204
G1 X79.735 Y86.022 E44.03286
G1 X80.484 Y85.623 E44.07368
G1 X81.264 Y85.286 E44.11455
G1 X82.068 Y85.014 E44.15537
G1 X82.892 Y84.808 E44.19622
G1 X83.729 Y84.67 E44.23702
G1 X84.576 Y84.601 E44.27789
G1 X85.425 Y84.601 E44.31872
G1 X86.271 Y84.67 E44.35954
G1 X87.108 Y84.808 E44.40034
G1 X87.932 Y85.014 E44.44119
G1 X88.736 Y85.286 E44.48201
G1 X89.516 Y85.623 E44.52288
G1 X90.265 Y86.022 E44.5637
G1 X90.979 Y86.481 E44.60452
G1 X91.654 Y86.997 E44.64538
G1 X92.284 Y87.566 E44.68621
G1 X92.866 Y88.184 E44.72704
G1 X93.395 Y88.848 E44.76787
G1 X93.868 Y89.553 E44.8087
G1 X94.038 Y89.856 E44.82541
G1 X94.396 Y89.706 F7800
G1 F3600
G1 X94.627 Y90.12 E44.84821
G1 X94.993 Y90.921 E44.89057
G1 X95.292 Y91.749 E44.93291
G1 X95.523 Y92.598 E44.97523
G1 X95.683 Y93.464 E45.01759
G1 X95.773 Y94.34 E45.05994
G1 X95.791 Y95.22 E45.10227
G1 X95.737 Y96.099 E45.14463
G1 X95.612 Y96.971 E45.187
G1 X95.416 Y97.829 E45.22933
G1 X95.151 Y98.669 E45.27169
G1 X94.818 Y99.484 E45.31403
G1 X94.42 Y100.269 E45.35636
G1 X93.959 Y101.019 E45.3987
G1 X93.438 Y101.729 E45.44106
G1 X92.862 Y102.395 E45.48341
G1 X92.233 Y103.011 E45.52575
G1 X91.556 Y103.574 E45.5681
G1 X90.835 Y104.08 E45.61047
G1 X90.076 Y104.525 E45.65279
G1 X89.282 Y104.907 E45.69517
G1 X88.461 Y105.223 E45.73748
G1 X87.616 Y105.471 E45.77984
G1 X86.754 Y105.65 E45.82218
G1 X85.88 Y105.757 E45.86453
G1 X85 Y105.793 E45.90689
G1 X84.12 Y105.757 E45.94925
G1 X83.246 Y105.65 E45.9916
G1 X82.384 Y105.471 E46.03394
G1 X81.539 Y105.223 E46.0763
G1 X80.718 Y104.907 E46.11861
G1 X79.924 Y104.525 E46.16099
G1 X79.165 Y104.08 E46.20331
G1 X78.444 Y103.574 E46.24568
G1 X77.767 Y103.011 E46.28803
G1 X77.138 Y102.395 E46.33037
G1 X76.561 Y101.729 E46.37275
G1 X76.041 Y101.019 E46.41508
G1 X75.58 Y100.269 E46.45742
G1 X75.182 Y99.484 E46.49975
G1 X74.849 Y98.669 E46.54209
G1 X74.584 Y97.829 E46.58445
G1 X74.388 Y96.971 E46.62678
G1 X74.263 Y96.099 E46.66915
G1 X74.209 Y95.22 E46.71151
G1 X74.227 Y94.34 E46.75384
G1 X74.317 Y93.464 E46.79619
G1 X74.477 Y92.598 E46.83855
G1 X74.708 Y91.749 E46.88087
G1 X75.007 Y90.921 E46.92321
G1 X75.373 Y90.12 E46.96557
G1 X75.803 Y89.351 E47.00795
G1 X76.294 Y88.62 E47.0503
G1 X76.843 Y87.932 E47.09263
G1 X77.446 Y87.291 E47.13496
G1 X78.1 Y86.701 E47.17732
G1 X78.799 Y86.166 E47.21966
G1 X79.54 Y85.69 E47.26202
G1 X80.317 Y85.276 E47.30436
G1 X81.125 Y84.926 E47.34671
G1 X81.959 Y84.644 E47.38905
G1 X82.813 Y84.431 E47.43138
G1 X83.682 Y84.287 E47.47375
G1 X84.56 Y84.216 E47.51612
G1 X85.44 Y84.216 E47.55844
G1 X86.318 Y84.287 E47.60081
G1 X87.187 Y84.431 E47.64318
G1 X88.041 Y84.644 E47.68551
G1 X88.875 Y84.926 E47.72785
G1 X89.683 Y85.276 E47.7702
G1 X90.46 Y85.69 E47.81254
G1 X91.201 Y86.166 E47.8549
G1 X91.9 Y86.701 E47.89724
G1 X92.554 Y87.291 E47.9396
G1 X93.157 Y87.932 E47.98193
G1 X93.706 Y88.62 E48.02426
G1 X94.197 Y89.351 E48.06661
G1 X94.366 Y89.654 E48.0833
G1 X94.724 Y89.504 F7800
;TYPE:External perimeter
G1 F1800
G1 X94.971 Y89.945 E48.10761
G1 X95.35 Y90.775 E48.1515
G1 X95.66 Y91.632 E48.19533
G1 X95.899 Y92.512 E48.23919
G1 X96.065 Y93.409 E48.28307
G1 X96.158 Y94.316 E48.32692
G1 X96.177 Y95.228 E48.37079
G1 X96.121 Y96.138 E48.41464
G1 X95.991 Y97.041 E48.45852
G1 X95.788 Y97.93 E48.50238
G1 X95.513 Y98.8 E48.54626
G1 X95.169 Y99.644 E48.5901
G1 X94.756 Y100.457 E48.63396
G1 X94.279 Y101.234 E48.67781
G1 X93.74 Y101.97 E48.72169
G1 X93.143 Y102.659 E48.76554
G1 X92.491 Y103.297 E48.80941
G1 X91.79 Y103.88 E48.85326
G1 X91.044 Y104.404 E48.89711
G1 X90.257 Y104.866 E48.941
G1 X89.435 Y105.261 E48.98486
G1 X88.584 Y105.589 E49.02873
G1 X87.709 Y105.846 E49.07259
G1 X86.816 Y106.03 E49.11644
G1 X85.911 Y106.142 E49.1603
G1 X85 Y106.179 E49.20415
G1 X84.089 Y106.142 E49.248
G1 X83.184 Y106.03 E49.29186
G1 X82.291 Y105.846 E49.33571
G1 X81.416 Y105.589 E49.37957
G1 X80.565 Y105.261 E49.42344
G1 X79.743 Y104.866 E49.4673
G1 X78.956 Y104.404 E49.51119
G1 X78.21 Y103.88 E49.55504
G1 X77.509 Y103.297 E49.59889
G1 X76.857 Y102.659 E49.64276
G1 X76.26 Y101.97 E49.68661
G1 X75.721 Y101.234 E49.73049
G1 X75.244 Y100.457 E49.77434
G1 X74.831 Y99.644 E49.8182
G1 X74.487 Y98.8 E49.86204
G1 X74.212 Y97.93 E49.90592
G1 X74.009 Y97.041 E49.94978
G1 X73.879 Y96.138 E49.99366
G1 X73.823 Y95.228 E50.03751
G1 X73.842 Y94.316 E50.08138
G1 X73.935 Y93.409 E50.12523
G1 X74.101 Y92.512 E50.16911
G1 X74.34 Y91.632 E50.21297
G1 X74.65 Y90.775 E50.2568
G1 X75.029 Y89.945 E50.30069
G1 X75.474 Y89.149 E50.34455
G1 X75.983 Y88.392 E50.38842
G1 X76.552 Y87.679 E50.43229
G1 X77.176 Y87.015 E50.47612
G1 X77.853 Y86.404 E50.51998
G1 X78.578 Y85.85 E50.56387
G1 X79.345 Y85.357 E50.60772
G1 X80.15 Y84.928 E50.65159
G1 X80.987 Y84.566 E50.69545
G1 X81.851 Y84.274 E50.73931
G1 X82.735 Y84.053 E50.78314
G1 X83.635 Y83.905 E50.82701
G1 X84.544 Y83.83 E50.87088
G1 X85.456 Y83.83 E50.91474
G1 X86.365 Y83.905 E50.95861
G1 X87.265 Y84.053 E51.00248
G1 X88.149 Y84.274 E51.04631
G1 X89.013 Y84.566 E51.09017
G1 X89.85 Y84.928 E51.13403
G1 X90.655 Y85.357 E51.1779
G1 X91.422 Y85.85 E51.22175
G1 X92.147 Y86.404 E51.26564
G1 X92.824 Y87.015 E51.3095
G1 X93.448 Y87.679 E51.35333
G1 X94.017 Y88.392 E51.3972
G1 X94.526 Y89.149 E51.44107
G1 X94.695 Y89.452 E51.45776
G1 X94.89 Y89.801 F7800
G1 E49.45776 F2400
G92 E0
G1 X78.763 Y86.846 F7800
G1 E2 F2400
;TYPE:Solid infill
;WIDTH:0.404381
G1 F3000
G1 X78.146 Y87.409 E2.03542
G1 X77.553 Y87.996 E2.0708
G1 X76.984 Y88.606 E2.10617
G1 X76.402 Y89.643 F7800
G1 F3000
G1 X76.331 Y89.624 E2.10929
G1 X76.35 Y89.695 E2.11241
G1 X76.391 Y89.684 E2.11421
;WIDTH:0.45
G1 X76.576 Y89.381 E2.13128
G1 X79.364 Y86.594 E2.32088
G1 X79.667 Y86.405 E2.33806
;WIDTH:0.404381
G1 X79.626 Y86.416 E2.33986
G1 X79.607 Y86.345 E2.34298
G1 X79.678 Y86.364 E2.3461
G1 X80.94 Y85.676 F7800
G1 F3000
G1 X80.869 Y85.657 E2.34922
G1 X80.888 Y85.728 E2.35234
G1 X80.929 Y85.717 E2.35414
;WIDTH:0.45
G1 X80.629 Y85.875 E2.37045
G1 X75.869 Y90.634 E2.69419
G1 X75.711 Y90.937 E2.71063
;WIDTH:0.404381
G1 X75.67 Y90.948 E2.71243
G1 X75.651 Y90.877 E2.71555
G1 X75.722 Y90.896 E2.71867
G1 X75.337 Y91.882 F7800
G1 F3000
G1 X75.296 Y91.893 E2.72047
G1 X75.277 Y91.822 E2.72359
G1 X75.348 Y91.841 E2.72671
;WIDTH:0.45
G1 X75.469 Y91.579 E2.74059
G1 X81.57 Y85.478 E3.15557
G1 X82.366 Y85.228 F7800
G1 F3000
G1 X75.221 Y92.373 E3.64156
G1 X75.06 Y93.079 E3.67639
G1 X83.073 Y85.066 E4.22142
G1 X83.722 Y84.963 E4.25303
G1 X74.961 Y93.723 E4.84891
G1 X74.904 Y94.326 E4.87804
G1 X84.329 Y84.901 E5.51912
G1 X84.898 Y84.877 E5.54651
G1 X74.877 Y94.898 E6.22813
G1 X74.888 Y95.432 E6.25382
G1 X85.43 Y84.891 E6.97084
G1 X85.944 Y84.921 E6.9956
G1 X74.925 Y95.941 E7.74513
G1 X74.976 Y96.436 E7.76906
G1 X86.43 Y84.981 E8.54818
G1 X86.897 Y85.06 E8.57096
G1 X75.061 Y96.896 E9.37603
G1 X75.153 Y97.349 E9.39826
G1 X87.349 Y85.153 E10.22782
G1 X87.777 Y85.27 E10.24916
G1 X75.269 Y97.778 E11.09994
G1 X75.396 Y98.196 E11.12095
G1 X88.199 Y85.394 E11.99176
G1 X88.596 Y85.542 E12.01214
G1 X75.541 Y98.597 E12.90012
G1 X75.697 Y98.986 E12.92028
G1 X88.99 Y85.694 E13.82442
G1 X89.36 Y85.869 E13.84411
G1 X75.868 Y99.361 E14.76182
G1 X76.049 Y99.725 E14.78137
G1 X89.728 Y86.046 E15.7118
G1 X90.074 Y86.246 E15.73102
G1 X76.245 Y100.075 E16.67165
G1 X76.449 Y100.416 E16.69076
G1 X90.418 Y86.447 E17.64091
G1 X90.742 Y86.668 E17.65977
G1 X76.668 Y100.742 E18.61707
G1 X76.893 Y101.063 E18.63592
G1 X91.062 Y86.893 E19.59971
G1 X91.366 Y87.134 E19.61837
G1 X77.135 Y101.366 E20.58638
G1 X77.379 Y101.667 E20.60502
G1 X91.664 Y87.382 E21.57667
G1 X91.949 Y87.643 E21.59526
G1 X77.644 Y101.948 E22.56827
G1 X77.908 Y102.229 E22.58681
G1 X92.224 Y87.913 E23.56057
G1 X92.49 Y88.192 E23.57911
G1 X78.194 Y102.488 E24.55151
G1 X78.481 Y102.747 E24.5701
G1 X92.743 Y88.485 E25.54018
G1 X92.989 Y88.784 E25.5588
G1 X78.786 Y102.986 E26.52484
G1 X79.096 Y103.223 E26.54361
G1 X93.22 Y89.098 E27.50434
G1 X93.446 Y89.418 E27.52318
G1 X79.421 Y103.442 E28.47711
G1 X79.753 Y103.656 E28.49611
G1 X93.653 Y89.755 E29.4416
G1 X93.858 Y90.096 E29.46074
G1 X80.1 Y103.854 E30.39654
G1 X80.456 Y104.044 E30.41595
G1 X94.042 Y90.458 E31.34005
G1 X94.223 Y90.822 E31.3596
G1 X80.826 Y104.219 E32.27085
G1 X81.207 Y104.384 E32.29082
G1 X94.381 Y91.209 E33.18693
G1 X94.537 Y91.599 E33.20713
G1 X81.603 Y104.533 E34.08688
G1 X82.011 Y104.67 E34.10758
G1 X94.668 Y92.013 E34.96849
G1 X94.793 Y92.433 E34.98957
G1 X82.437 Y104.789 E35.83001
G1 X82.874 Y104.898 E35.85167
G1 X94.894 Y92.877 E36.66929
G1 X94.983 Y93.334 E36.69168
G1 X83.336 Y104.981 E37.48389
G1 X83.808 Y105.055 E37.50687
G1 X95.051 Y93.811 E38.27164
G1 X95.095 Y94.312 E38.29583
G1 X84.312 Y105.096 E39.02931
G1 X84.835 Y105.118 E39.05449
G1 X95.124 Y94.829 E39.75434
G1 X95.113 Y95.386 E39.78113
G1 X85.38 Y105.118 E40.44312
G1 X85.971 Y105.073 E40.47163
G1 X95.072 Y95.972 E41.09067
G1 X94.995 Y96.594 E41.12081
G1 X86.597 Y104.992 E41.69203
G1 X87.273 Y104.862 E41.72514
G1 X94.87 Y97.265 E42.24188
G1 X94.866 Y97.732 E42.26434
;WIDTH:0.404381
G1 X94.795 Y97.713 E42.26746
G1 X94.814 Y97.785 E42.27062
G1 X94.855 Y97.774 E42.27242
;WIDTH:0.45
G1 X94.667 Y98.013 E42.28705
G1 X88.019 Y104.66 E42.7392
G1 X87.78 Y104.852 E42.75394
;WIDTH:0.404381
G1 X87.739 Y104.863 E42.75574
G1 X87.72 Y104.792 E42.75886
G1 X87.791 Y104.811 E42.76198
G1 X88.649 Y104.514 F7800
G1 F3000
G1 X88.578 Y104.495 E42.7651
G1 X88.597 Y104.566 E42.76822
G1 X88.638 Y104.555 E42.77002
;WIDTH:0.45
G1 X88.878 Y104.347 E42.7853
G1 X94.357 Y98.868 E43.15797
G1 X94.559 Y98.625 E43.17317
;WIDTH:0.404381
G1 X94.518 Y98.636 E43.17497
G1 X94.499 Y98.565 E43.17809
G1 X94.57 Y98.584 E43.18121
G1 X94.078 Y99.656 F7800
G1 F3000
G1 X94.007 Y99.637 E43.18433
G1 X94.026 Y99.708 E43.18745
G1 X94.067 Y99.697 E43.18925
;WIDTH:0.45
G1 X89.935 Y103.836 E43.47054
G1 X89.705 Y104.022 E43.48477
;WIDTH:0.404381
G1 X89.634 Y104.003 E43.48789
G1 X89.653 Y104.074 E43.49101
G1 X89.694 Y104.063 E43.49281
G1 X90.861 Y103.35 F7800
;WIDTH:0.411303
G1 F3000
G1 X91.487 Y102.802 E43.52881
;WIDTH:0.453487
G1 X92.086 Y102.232 E43.56894
G1 X92.662 Y101.639 E43.60906
;WIDTH:0.428193
G1 X93.214 Y101.021 E43.64666
;LAYER_CHANGE
;Z:3.35
;HEIGHT:0.3
G1 E41.64666 F2400
G92 E0
G1 Z3.35 F7800
G1 X93.897 Y90.012
G1 E2 F2400
;TYPE:Perimeter
;WIDTH:0.45
G1 F3600
G1 X94.098 Y90.371 E2.01979
G1 X94.445 Y91.135 E2.06015
G1 X94.737 Y91.937 E2.1012
G1 X94.955 Y92.743 E2.14136
G1 X95.102 Y93.533 E2.18001
G1 X95.186 Y94.368 E2.22037
G1 X95.205 Y95.221 E2.26141
G1 X95.154 Y96.044 E2.30107
G1 X95.036 Y96.866 E2.34101
G1 X94.85 Y97.677 E2.38103
G1 X94.6 Y98.47 E2.42102
G1 X94.285 Y99.241 E2.46108
G1 X93.908 Y99.984 E2.50115
G1 X93.473 Y100.693 E2.54116
G1 X92.98 Y101.365 E2.58125
G1 X92.435 Y101.994 E2.62128
G1 X91.84 Y102.577 E2.66135
G1 X91.2 Y103.109 E2.70138
G1 X90.518 Y103.588 E2.74146
G1 X89.799 Y104.009 E2.78153
G1 X89.049 Y104.37 E2.82156
G1 X88.271 Y104.669 E2.86165
G1 X87.469 Y104.904 E2.90185
G1 X86.644 Y105.074 E2.94236
G1 X85.847 Y105.172 E2.98098
G1 X85.008 Y105.205 E3.02136
G1 X84.155 Y105.173 E3.06242
G1 X83.337 Y105.071 E3.10207
G1 X82.524 Y104.903 E3.142
G1 X81.726 Y104.668 E3.18201
G1 X80.949 Y104.369 E3.22205
G1 X80.199 Y104.008 E3.26208
G1 X79.481 Y103.587 E3.30211
G1 X78.799 Y103.109 E3.34217
G1 X78.159 Y102.576 E3.38223
G1 X77.564 Y101.993 E3.4223
G1 X77.019 Y101.364 E3.46233
G1 X76.527 Y100.692 E3.50239
G1 X76.091 Y99.983 E3.54242
G1 X75.715 Y99.24 E3.58247
G1 X75.4 Y98.469 E3.62253
G1 X75.149 Y97.675 E3.66258
G1 X74.964 Y96.863 E3.70264
G1 X74.845 Y96.038 E3.74273
G1 X74.794 Y95.206 E3.78282
G1 X74.812 Y94.371 E3.82299
G1 X74.898 Y93.533 E3.86351
G1 X75.045 Y92.743 E3.90216
G1 X75.266 Y91.933 E3.94254
G1 X75.554 Y91.13 E3.98357
G1 X75.902 Y90.371 E4.02373
G1 X76.294 Y89.67 E4.06236
G1 X76.763 Y88.974 E4.10273
G1 X77.294 Y88.306 E4.14377
G1 X77.859 Y87.706 E4.18341
G1 X78.476 Y87.149 E4.22339
G1 X79.137 Y86.644 E4.2634
G1 X79.837 Y86.194 E4.30342
G1 X80.572 Y85.803 E4.34346
G1 X81.336 Y85.473 E4.38349
G1 X82.126 Y85.205 E4.42361
G1 X82.934 Y85.004 E4.46366
G1 X83.758 Y84.868 E4.50383
G1 X84.599 Y84.8 E4.54441
G1 X85.401 Y84.8 E4.58298
G1 X86.238 Y84.87 E4.62338
G1 X87.08 Y85.007 E4.66441
G1 X87.88 Y85.207 E4.70407
G1 X88.667 Y85.474 E4.74404
G1 X89.43 Y85.804 E4.78402
G1 X90.165 Y86.195 E4.82406
G1 X90.865 Y86.645 E4.86408
G1 X91.527 Y87.151 E4.90416
G1 X92.145 Y87.71 E4.94424
G1 X92.716 Y88.317 E4.98432
G1 X93.236 Y88.97 E5.02447
G1 X93.706 Y89.67 E5.06502
G1 X93.868 Y89.96 E5.081
G1 X94.226 Y89.811 F7800
G1 F3600
G1 X94.442 Y90.197 E5.10227
G1 X94.802 Y90.988 E5.14407
G1 X95.105 Y91.821 E5.1867
G1 X95.331 Y92.657 E5.22835
G1 X95.483 Y93.478 E5.26851
G1 X95.571 Y94.343 E5.31033
G1 X95.591 Y95.229 E5.35295
G1 X95.538 Y96.083 E5.3941
G1 X95.415 Y96.936 E5.43555
G1 X95.223 Y97.778 E5.47709
G1 X94.962 Y98.601 E5.51862
G1 X94.636 Y99.401 E5.56017
G1 X94.245 Y100.172 E5.60175
G1 X93.793 Y100.908 E5.64329
G1 X93.282 Y101.605 E5.68486
G1 X92.716 Y102.258 E5.72642
G1 X92.099 Y102.863 E5.76798
G1 X91.434 Y103.415 E5.80955
G1 X90.727 Y103.912 E5.85112
G1 X89.981 Y104.349 E5.8927
G1 X89.202 Y104.724 E5.93428
G1 X88.394 Y105.035 E5.97592
G1 X87.563 Y105.279 E6.01758
G1 X86.706 Y105.455 E6.05966
G1 X85.878 Y105.557 E6.09978
G1 X85.01 Y105.591 E6.14156
G1 X84.124 Y105.557 E6.1842
G1 X83.275 Y105.452 E6.22535
G1 X82.43 Y105.277 E6.26685
G1 X81.602 Y105.034 E6.30835
G1 X80.796 Y104.723 E6.3499
G1 X80.018 Y104.348 E6.39144
G1 X79.272 Y103.911 E6.43302
G1 X78.565 Y103.415 E6.47456
G1 X77.901 Y102.862 E6.51612
G1 X77.284 Y102.258 E6.55765
G1 X76.718 Y101.605 E6.59921
G1 X76.207 Y100.908 E6.64078
G1 X75.755 Y100.171 E6.68236
G1 X75.364 Y99.4 E6.72394
G1 X75.037 Y98.6 E6.76551
G1 X74.777 Y97.776 E6.80707
G1 X74.585 Y96.933 E6.84865
G1 X74.462 Y96.077 E6.89024
G1 X74.409 Y95.214 E6.93183
G1 X74.427 Y94.347 E6.97354
G1 X74.517 Y93.478 E7.01556
G1 X74.669 Y92.657 E7.05572
G1 X74.898 Y91.819 E7.0975
G1 X75.197 Y90.984 E7.14016
G1 X75.558 Y90.197 E7.1818
G1 X75.966 Y89.469 E7.22194
G1 X76.451 Y88.748 E7.26373
G1 X77.002 Y88.053 E7.30639
G1 X77.589 Y87.43 E7.34756
G1 X78.229 Y86.853 E7.389
G1 X78.915 Y86.329 E7.43052
G1 X79.642 Y85.862 E7.47208
G1 X80.404 Y85.456 E7.51361
G1 X81.198 Y85.113 E7.55521
G1 X82.017 Y84.835 E7.59681
G1 X82.856 Y84.626 E7.6384
G1 X83.711 Y84.485 E7.68008
G1 X84.583 Y84.415 E7.72216
G1 X85.417 Y84.415 E7.76227
G1 X86.283 Y84.487 E7.80407
G1 X87.158 Y84.629 E7.84671
G1 X87.989 Y84.837 E7.88791
G1 X88.805 Y85.114 E7.92936
G1 X89.597 Y85.456 E7.97085
G1 X90.36 Y85.863 E8.01244
G1 X91.086 Y86.33 E8.05396
G1 X91.773 Y86.855 E8.09555
G1 X92.415 Y87.434 E8.13713
G1 X93.007 Y88.065 E8.17874
G1 X93.547 Y88.742 E8.22039
G1 X94.034 Y89.469 E8.26248
G1 X94.196 Y89.758 E8.27841
G1 X94.554 Y89.609 F7800
;TYPE:External perimeter
G1 F1800
G1 X94.786 Y90.022 E8.30119
G1 X95.158 Y90.84 E8.34441
G1 X95.473 Y91.705 E8.38869
G1 X95.707 Y92.572 E8.43188
G1 X95.865 Y93.423 E8.47351
G1 X95.955 Y94.317 E8.51673
G1 X95.976 Y95.237 E8.56099
G1 X95.921 Y96.122 E8.60364
G1 X95.794 Y97.007 E8.64664
G1 X95.595 Y97.879 E8.68966
G1 X95.325 Y98.732 E8.73269
G1 X94.986 Y99.561 E8.77577
G1 X94.582 Y100.36 E8.81883
G1 X94.113 Y101.123 E8.86191
G1 X93.583 Y101.845 E8.90499
G1 X92.997 Y102.522 E8.94806
G1 X92.357 Y103.149 E8.99115
G1 X91.668 Y103.722 E9.03425
G1 X90.935 Y104.236 E9.07731
G1 X90.162 Y104.69 E9.12043
G1 X89.355 Y105.078 E9.1635
G1 X88.518 Y105.4 E9.20663
G1 X87.656 Y105.653 E9.24984
G1 X86.769 Y105.835 E9.29339
G1 X85.91 Y105.941 E9.33502
G1 X85.012 Y105.977 E9.37825
G1 X84.093 Y105.941 E9.42248
G1 X83.212 Y105.832 E9.46518
G1 X82.337 Y105.651 E9.50816
G1 X81.479 Y105.399 E9.55117
G1 X80.643 Y105.077 E9.59426
G1 X79.836 Y104.689 E9.63733
G1 X79.064 Y104.236 E9.68038
G1 X78.331 Y103.721 E9.72347
G1 X77.642 Y103.149 E9.76654
G1 X77.003 Y102.522 E9.8096
G1 X76.416 Y101.845 E9.8527
G1 X75.887 Y101.123 E9.89575
G1 X75.418 Y100.359 E9.93887
G1 X75.013 Y99.56 E9.98195
G1 X74.675 Y98.731 E10.02501
G1 X74.405 Y97.877 E10.06809
G1 X74.206 Y97.003 E10.1112
G1 X74.078 Y96.116 E10.1543
G1 X74.023 Y95.222 E10.19738
G1 X74.042 Y94.324 E10.24058
G1 X74.135 Y93.423 E10.28415
G1 X74.293 Y92.572 E10.32578
G1 X74.53 Y91.704 E10.36906
G1 X74.84 Y90.839 E10.41325
G1 X75.214 Y90.022 E10.45647
G1 X75.637 Y89.267 E10.49809
G1 X76.139 Y88.521 E10.54134
G1 X76.711 Y87.801 E10.58557
G1 X77.32 Y87.155 E10.62827
G1 X77.983 Y86.556 E10.67124
G1 X78.694 Y86.013 E10.71427
G1 X79.447 Y85.529 E10.75732
G1 X80.237 Y85.108 E10.80037
G1 X81.059 Y84.753 E10.84343
G1 X81.908 Y84.465 E10.88655
G1 X82.778 Y84.248 E10.92968
G1 X83.664 Y84.103 E10.97286
G1 X84.567 Y84.03 E11.01643
G1 X85.433 Y84.03 E11.05808
G1 X86.329 Y84.104 E11.10132
G1 X87.237 Y84.251 E11.14556
G1 X88.097 Y84.467 E11.18821
G1 X88.944 Y84.754 E11.23122
G1 X89.765 Y85.109 E11.27424
G1 X90.555 Y85.53 E11.31729
G1 X91.308 Y86.014 E11.36034
G1 X92.02 Y86.558 E11.40344
G1 X92.685 Y87.159 E11.44655
G1 X93.299 Y87.812 E11.48966
G1 X93.859 Y88.515 E11.53289
G1 X94.363 Y89.267 E11.57643
G1 X94.525 Y89.556 E11.59236
G1 X94.72 Y89.906 F7800
G1 E9.59236 F2400
G92 E0
G1 X77.416 Y101.572 F7800
G1 E2 F2400
;TYPE:Solid infill
;WIDTH:0.404381
G1 F3000
G1 X77.985 Y102.159 E2.03467
G1 X77.55 Y101.71 E2.06118
G1 X76.542 Y100.221 F7800
G1 F3000
G1 X76.523 Y100.292 E2.0643
G1 X76.594 Y100.273 E2.06742
G1 X76.583 Y100.232 E2.06922
;WIDTH:0.45
G1 X76.769 Y100.535 E2.08632
G1 X79.472 Y103.238 E2.27017
G1 X79.734 Y103.416 E2.2854
;WIDTH:0.404381
G1 X79.715 Y103.487 E2.28852
G1 X79.786 Y103.468 E2.29164
G1 X79.775 Y103.427 E2.29344
G1 X81.009 Y104.111 F7800
G1 F3000
G1 X80.99 Y104.182 E2.29656
G1 X81.061 Y104.163 E2.29968
G1 X81.05 Y104.122 E2.30148
;WIDTH:0.45
G1 X80.747 Y103.967 E2.31785
G1 X76.043 Y99.263 E2.63781
G1 X75.888 Y98.963 E2.65405
;WIDTH:0.404381
G1 X75.899 Y99.004 E2.65585
G1 X75.828 Y99.023 E2.65897
G1 X75.847 Y98.952 E2.66209
;WIDTH:0.45
G1 X75.658 Y98.333 E2.69322
G1 X81.669 Y104.344 E3.10208
G1 X81.931 Y104.472 E3.1161
;WIDTH:0.404381
G1 X81.912 Y104.543 E3.11922
G1 X81.983 Y104.524 E3.12234
G1 X81.972 Y104.483 E3.12414
;WIDTH:0.45
G1 X82.459 Y104.589 E3.14811
G1 X75.413 Y97.542 E3.6274
G1 X75.253 Y96.837 E3.66217
G1 X83.166 Y104.75 E4.2004
G1 X83.816 Y104.855 E4.23207
G1 X75.152 Y96.19 E4.82142
G1 X75.091 Y95.585 E4.85067
G1 X84.41 Y104.903 E5.4845
G1 X84.969 Y104.916 E5.51139
G1 X75.08 Y95.028 E6.18399
G1 X75.094 Y94.496 E6.20959
G1 X85.508 Y104.91 E6.91794
G1 X86.012 Y104.869 E6.94226
G1 X75.126 Y93.983 E7.68271
G1 X75.194 Y93.506 E7.70588
G1 X86.494 Y104.806 E8.47449
G1 X86.962 Y104.729 E8.4973
G1 X75.274 Y93.04 E9.29234
G1 X75.375 Y92.596 E9.31424
G1 X87.402 Y104.623 E10.1323
G1 X87.836 Y104.511 E10.15386
G1 X75.495 Y92.171 E10.99325
G1 X75.625 Y91.755 E11.01421
G1 X88.243 Y104.373 E11.87247
G1 X88.645 Y104.23 E11.89299
G1 X75.774 Y91.359 E12.76846
G1 X75.932 Y90.971 E12.78861
G1 X89.026 Y104.065 E13.67925
G1 X89.4 Y103.894 E13.69903
G1 X76.109 Y90.603 E14.60307
G1 X76.292 Y90.241 E14.62258
G1 X89.756 Y103.705 E15.53838
G1 X90.105 Y103.509 E15.55763
G1 X76.494 Y89.898 E16.48343
G1 X76.702 Y89.56 E16.50252
G1 X90.437 Y103.296 E17.43679
G1 X90.765 Y103.078 E17.45573
G1 X76.928 Y89.24 E18.39694
G1 X77.157 Y88.924 E18.41571
G1 X91.074 Y102.841 E19.36233
G1 X91.38 Y102.602 E19.381
G1 X77.401 Y88.624 E20.3318
G1 X77.654 Y88.331 E20.35042
G1 X91.667 Y102.344 E21.30357
G1 X91.953 Y102.084 E21.32216
G1 X77.92 Y88.051 E22.27667
G1 X78.195 Y87.781 E22.29521
G1 X92.217 Y101.803 E23.24897
G1 X92.482 Y101.522 E23.26755
G1 X78.481 Y87.522 E24.21985
G1 X78.778 Y87.274 E24.23846
G1 X92.725 Y101.221 E25.18712
G1 X92.967 Y100.917 E25.20581
G1 X79.084 Y87.034 E26.15011
G1 X79.405 Y86.81 E26.16894
G1 X93.19 Y100.595 E27.10658
G1 X93.409 Y100.269 E27.12547
G1 X79.732 Y86.591 E28.0558
G1 X80.076 Y86.39 E28.07496
G1 X93.61 Y99.924 E28.99553
G1 X93.806 Y99.575 E29.01478
G1 X80.426 Y86.194 E29.92491
G1 X80.794 Y86.017 E29.94455
G1 X93.983 Y99.206 E30.84165
G1 X94.154 Y98.832 E30.86143
G1 X81.169 Y85.847 E31.74465
G1 X81.563 Y85.695 E31.76496
G1 X94.304 Y98.437 E32.63162
G1 X94.449 Y98.036 E32.65213
G1 X81.966 Y85.554 E33.50117
G1 X82.388 Y85.43 E33.52232
G1 X94.569 Y97.611 E34.35086
G1 X94.683 Y97.18 E34.3723
G1 X82.825 Y85.322 E35.17887
G1 X83.277 Y85.228 E35.20107
G1 X94.769 Y96.72 E35.98274
G1 X94.842 Y96.248 E36.00571
G1 X83.754 Y85.16 E36.7599
G1 X84.244 Y85.104 E36.78362
G1 X94.893 Y95.754 E37.50799
G1 X94.916 Y95.231 E37.53317
G1 X84.768 Y85.083 E38.22342
G1 X85.316 Y85.086 E38.24978
G1 X94.917 Y94.687 E38.90283
G1 X94.879 Y94.103 E38.93098
G1 X85.896 Y85.121 E39.54196
G1 X86.515 Y85.194 E39.57194
G1 X94.802 Y93.481 E40.13561
G1 X94.673 Y92.807 E40.16862
G1 X87.191 Y85.325 E40.67754
G1 X87.653 Y85.328 E40.69976
;WIDTH:0.404381
G1 X87.634 Y85.399 E40.70288
G1 X87.705 Y85.38 E40.706
G1 X87.694 Y85.339 E40.7078
;WIDTH:0.45
G1 X87.937 Y85.525 E40.72252
G1 X94.473 Y92.062 E41.16712
G1 X94.327 Y91.433 E41.19818
;WIDTH:0.404381
G1 X94.308 Y91.504 E41.2013
G1 X94.379 Y91.485 E41.20442
G1 X94.368 Y91.444 E41.20622
;WIDTH:0.45
G1 X94.161 Y91.204 E41.22146
G1 X88.786 Y85.83 E41.58703
G1 X88.544 Y85.628 E41.60219
;WIDTH:0.404381
G1 X88.555 Y85.669 E41.60399
G1 X88.484 Y85.688 E41.60711
G1 X88.503 Y85.617 E41.61023
G1 X89.562 Y86.101 F7800
G1 F3000
G1 X89.543 Y86.172 E41.61335
G1 X89.614 Y86.153 E41.61647
G1 X89.603 Y86.112 E41.61827
;WIDTH:0.45
G1 X93.671 Y90.169 E41.8946
G1 X93.858 Y90.4 E41.90889
;WIDTH:0.404381
G1 X93.839 Y90.471 E41.91201
G1 X93.91 Y90.452 E41.91513
G1 X93.899 Y90.411 E41.91693
G1 X93.32 Y89.41 F7800
G1 F3000
G1 X92.788 Y88.789 E41.95161
;WIDTH:0.438907
G1 X92.235 Y88.195 E41.98952
G1 X91.659 Y87.625 E42.02737
;WIDTH:0.430639
G1 X91.058 Y87.077 E42.06452
;WIDTH:0.404381
G1 X90.432 Y86.551 E42.09919
M106 S219.3
;LAYER_CHANGE
;Z:3.65
;HEIGHT:0.3
G1 E40.09919 F2400
G92 E0
G1 Z3.65 F7800
G1 X93.289 Y90.386
G1 E2 F2400
;TYPE:Perimeter
;WIDTH:0.45
G1 F3600
G1 X93.469 Y90.707 E2.0177
G1 X93.791 Y91.411 E2.05493
G1 X94.054 Y92.14 E2.0922
G1 X94.257 Y92.887 E2.12943
G1 X94.398 Y93.649 E2.1667
G1 X94.477 Y94.419 E2.20393
G1 X94.493 Y95.194 E2.24121
G1 X94.446 Y95.967 E2.27846
G1 X94.335 Y96.734 E2.31573
G1 X94.163 Y97.489 E2.35297
G1 X93.93 Y98.227 E2.39019
G1 X93.637 Y98.944 E2.42744
G1 X93.287 Y99.635 E2.46469
G1 X92.881 Y100.295 E2.50196
G1 X92.424 Y100.92 E2.5392
G1 X91.916 Y101.505 E2.57646
G1 X91.363 Y102.048 E2.61374
G1 X90.767 Y102.543 E2.651
G1 X90.133 Y102.988 E2.68825
G1 X89.465 Y103.38 E2.7255
G1 X88.767 Y103.716 E2.76276
G1 X88.044 Y103.994 E2.80002
G1 X87.301 Y104.212 E2.83726
G1 X86.543 Y104.369 E2.87449
G1 X85.774 Y104.463 E2.91175
G1 X85 Y104.495 E2.94901
G1 X84.226 Y104.463 E2.98627
G1 X83.457 Y104.369 E3.02353
G1 X82.699 Y104.212 E3.06076
G1 X81.956 Y103.994 E3.098
G1 X81.233 Y103.716 E3.13526
G1 X80.535 Y103.38 E3.17252
G1 X79.867 Y102.988 E3.20977
G1 X79.233 Y102.543 E3.24702
G1 X78.637 Y102.048 E3.28428
G1 X78.084 Y101.505 E3.32156
G1 X77.576 Y100.92 E3.35882
G1 X77.119 Y100.295 E3.39606
G1 X76.713 Y99.635 E3.43333
G1 X76.363 Y98.944 E3.47058
G1 X76.07 Y98.227 E3.50783
G1 X75.837 Y97.489 E3.54505
G1 X75.665 Y96.734 E3.58229
G1 X75.554 Y95.967 E3.61956
G1 X75.507 Y95.194 E3.65681
G1 X75.523 Y94.419 E3.69409
G1 X75.602 Y93.649 E3.73132
G1 X75.743 Y92.887 E3.76859
G1 X75.946 Y92.14 E3.80582
G1 X76.209 Y91.411 E3.84309
G1 X76.531 Y90.707 E3.88032
G1 X76.909 Y90.031 E3.91757
G1 X77.341 Y89.388 E3.95483
G1 X77.824 Y88.782 E3.9921
G1 X78.355 Y88.218 E4.02936
G1 X78.93 Y87.699 E4.06661
G1 X79.545 Y87.228 E4.10387
G1 X80.197 Y86.81 E4.14112
G1 X80.88 Y86.445 E4.17837
G1 X81.591 Y86.138 E4.21562
G1 X82.325 Y85.89 E4.25288
G1 X83.076 Y85.702 E4.29012
G1 X83.841 Y85.576 E4.32741
G1 X84.613 Y85.513 E4.36466
G1 X85.387 Y85.513 E4.40189
G1 X86.159 Y85.576 E4.43914
G1 X86.924 Y85.702 E4.47643
G1 X87.675 Y85.89 E4.51367
G1 X88.409 Y86.138 E4.55093
G1 X89.12 Y86.445 E4.58818
G1 X89.803 Y86.81 E4.62543
G1 X90.455 Y87.228 E4.66268
G1 X91.07 Y87.699 E4.69994
G1 X91.645 Y88.218 E4.73719
G1 X92.176 Y88.782 E4.77445
G1 X92.659 Y89.388 E4.81172
G1 X93.091 Y90.031 E4.84898
G1 X93.26 Y90.333 E4.86562
G1 X93.618 Y90.184 F7800
G1 F3600
G1 X93.813 Y90.532 E4.88481
G1 X94.148 Y91.265 E4.92357
G1 X94.422 Y92.023 E4.96234
G1 X94.633 Y92.801 E5.00111
G1 X94.78 Y93.594 E5.0399
G1 X94.862 Y94.396 E5.07867
G1 X94.879 Y95.202 E5.11744
G1 X94.829 Y96.006 E5.15618
G1 X94.715 Y96.804 E5.19495
G1 X94.535 Y97.59 E5.23373
G1 X94.292 Y98.358 E5.27247
G1 X93.988 Y99.105 E5.31126
G1 X93.623 Y99.823 E5.35
G1 X93.201 Y100.51 E5.38878
G1 X92.725 Y101.16 E5.42753
G1 X92.197 Y101.77 E5.46633
G1 X91.621 Y102.334 E5.5051
G1 X91.002 Y102.849 E5.54383
G1 X90.342 Y103.312 E5.58261
G1 X89.647 Y103.72 E5.62137
G1 X88.92 Y104.07 E5.66018
G1 X88.168 Y104.359 E5.69893
G1 X87.395 Y104.586 E5.73768
G1 X86.605 Y104.749 E5.77648
G1 X85.805 Y104.848 E5.81525
G1 X85 Y104.881 E5.854
G1 X84.195 Y104.848 E5.89275
G1 X83.395 Y104.749 E5.93152
G1 X82.605 Y104.586 E5.97032
G1 X81.832 Y104.359 E6.00907
G1 X81.08 Y104.07 E6.04782
G1 X80.353 Y103.72 E6.08663
G1 X79.658 Y103.312 E6.12539
G1 X78.998 Y102.849 E6.16417
G1 X78.379 Y102.334 E6.2029
G1 X77.803 Y101.77 E6.24167
G1 X77.275 Y101.16 E6.28047
G1 X76.799 Y100.51 E6.31922
G1 X76.377 Y99.823 E6.358
G1 X76.012 Y99.105 E6.39674
G1 X75.708 Y98.358 E6.43553
G1 X75.465 Y97.59 E6.47427
G1 X75.285 Y96.804 E6.51305
G1 X75.171 Y96.006 E6.55182
G1 X75.121 Y95.202 E6.59056
G1 X75.138 Y94.396 E6.62933
G1 X75.22 Y93.594 E6.6681
G1 X75.367 Y92.801 E6.70689
G1 X75.578 Y92.024 E6.74561
G1 X75.852 Y91.265 E6.78442
G1 X76.187 Y90.532 E6.82318
G1 X76.581 Y89.829 E6.86194
G1 X77.03 Y89.16 E6.90069
G1 X77.533 Y88.53 E6.93946
G1 X78.085 Y87.942 E6.97825
G1 X78.683 Y87.402 E7.017
G1 X79.324 Y86.913 E7.05578
G1 X80.002 Y86.477 E7.09455
G1 X80.713 Y86.098 E7.1333
G1 X81.453 Y85.778 E7.17208
G1 X82.216 Y85.52 E7.21082
G1 X82.998 Y85.324 E7.24959
G1 X83.794 Y85.193 E7.28839
G1 X84.597 Y85.128 E7.32714
G1 X85.403 Y85.128 E7.36591
G1 X86.206 Y85.193 E7.40466
G1 X87.002 Y85.324 E7.44346
G1 X87.784 Y85.52 E7.48223
G1 X88.547 Y85.778 E7.52097
G1 X89.287 Y86.098 E7.55975
G1 X89.998 Y86.477 E7.5985
G1 X90.676 Y86.913 E7.63727
G1 X91.317 Y87.402 E7.67605
G1 X91.915 Y87.942 E7.7148
G1 X92.467 Y88.53 E7.75359
G1 X92.97 Y89.16 E7.79236
G1 X93.419 Y89.829 E7.83111
G1 X93.589 Y90.132 E7.84782
G1 X93.947 Y89.982 F7800
;TYPE:External perimeter
G1 F1800
G1 X94.157 Y90.358 E7.86853
G1 X94.505 Y91.12 E7.90882
G1 X94.789 Y91.907 E7.94906
G1 X95.009 Y92.716 E7.98938
G1 X95.162 Y93.539 E8.02964
G1 X95.247 Y94.372 E8.06991
G1 X95.264 Y95.209 E8.11018
G1 X95.213 Y96.045 E8.15046
G1 X95.094 Y96.874 E8.19074
G1 X94.907 Y97.691 E8.23105
G1 X94.655 Y98.489 E8.2713
G1 X94.339 Y99.265 E8.3116
G1 X93.96 Y100.012 E8.35189
G1 X93.521 Y100.725 E8.39216
G1 X93.026 Y101.401 E8.43246
G1 X92.478 Y102.034 E8.47273
G1 X91.88 Y102.62 E8.513
G1 X91.236 Y103.155 E8.55327
G1 X90.55 Y103.637 E8.59359
G1 X89.828 Y104.06 E8.63384
G1 X89.073 Y104.424 E8.67415
G1 X88.292 Y104.724 E8.71439
G1 X87.488 Y104.96 E8.75469
G1 X86.668 Y105.13 E8.79497
G1 X85.837 Y105.232 E8.83524
G1 X85 Y105.266 E8.87553
G1 X84.163 Y105.232 E8.91582
G1 X83.332 Y105.13 E8.95609
G1 X82.512 Y104.96 E8.99637
G1 X81.708 Y104.724 E9.03667
G1 X80.927 Y104.424 E9.07691
G1 X80.172 Y104.06 E9.11722
G1 X79.45 Y103.637 E9.15747
G1 X78.764 Y103.155 E9.19779
G1 X78.12 Y102.62 E9.23806
G1 X77.522 Y102.034 E9.27833
G1 X76.974 Y101.401 E9.3186
G1 X76.478 Y100.725 E9.35893
G1 X76.04 Y100.012 E9.39918
G1 X75.661 Y99.265 E9.43947
G1 X75.345 Y98.489 E9.47977
G1 X75.093 Y97.691 E9.52002
G1 X74.906 Y96.874 E9.56033
G1 X74.787 Y96.045 E9.60061
G1 X74.736 Y95.209 E9.64089
G1 X74.753 Y94.372 E9.68116
G1 X74.838 Y93.539 E9.72143
G1 X74.991 Y92.716 E9.76169
G1 X75.211 Y91.907 E9.80201
G1 X75.495 Y91.12 E9.84225
G1 X75.843 Y90.358 E9.88254
G1 X76.252 Y89.627 E9.92283
G1 X76.719 Y88.932 E9.9631
G1 X77.241 Y88.277 E10.00338
G1 X77.815 Y87.667 E10.04367
G1 X78.437 Y87.106 E10.08396
G1 X79.102 Y86.597 E10.12424
G1 X79.807 Y86.144 E10.16454
G1 X80.546 Y85.75 E10.20482
G1 X81.314 Y85.418 E10.24506
G1 X82.108 Y85.15 E10.28537
G1 X82.92 Y84.947 E10.32563
G1 X83.747 Y84.811 E10.36594
G1 X84.581 Y84.742 E10.40619
G1 X85.419 Y84.742 E10.44649
G1 X86.253 Y84.811 E10.48674
G1 X87.08 Y84.947 E10.52705
G1 X87.892 Y85.15 E10.56731
G1 X88.686 Y85.418 E10.60762
G1 X89.454 Y85.75 E10.64786
G1 X90.193 Y86.144 E10.68814
G1 X90.898 Y86.597 E10.72844
G1 X91.563 Y87.106 E10.76872
G1 X92.185 Y87.667 E10.80901
G1 X92.759 Y88.277 E10.8493
G1 X93.281 Y88.932 E10.88958
G1 X93.748 Y89.627 E10.92985
G1 X93.917 Y89.93 E10.94654
G1 X94.113 Y90.279 F7800
G1 E8.94654 F2400
G92 E0
G1 X92.695 Y100.369 F7800
G1 E2 F2400
;TYPE:Top solid infill
;WIDTH:0.400238
G1 X91.465 Y101.599 E2.07287
G1 X90.906 Y102.104 E2.10443
G1 X90.308 Y102.562 E2.13598
G1 X89.56 Y103.03 E2.17294
G1 X93.022 Y99.568 E2.37803
G1 X93.24 Y99.177 E2.39678
G1 X93.495 Y98.62 E2.42244
G1 X88.625 Y103.489 E2.71092
G1 X88.317 Y103.623 E2.72499
G1 X87.864 Y103.776 E2.74502
G1 X93.783 Y97.857 E3.09567
G1 X93.969 Y97.196 E3.12443
G1 X87.2 Y103.965 E3.52543
G1 X86.598 Y104.092 E3.5512
G1 X94.092 Y96.598 E3.99515
G1 X94.172 Y96.042 E4.01868
G1 X86.038 Y104.177 E4.50058
G1 X85.521 Y104.219 E4.52231
G1 X94.222 Y95.517 E5.0378
G1 X94.232 Y95.033 E5.05808
G1 X85.034 Y104.231 E5.60298
G1 X84.564 Y104.226 E5.62267
G1 X94.222 Y94.568 E6.19482
G1 X94.194 Y94.121 E6.21358
G1 X84.125 Y104.19 E6.81008
G1 X83.699 Y104.141 E6.82804
G1 X94.139 Y93.701 E7.44652
G1 X94.077 Y93.287 E7.46406
G1 X83.291 Y104.074 E8.10307
G1 X82.9 Y103.99 E8.11982
G1 X93.989 Y92.901 E8.77675
G1 X93.896 Y92.518 E8.79326
G1 X82.52 Y103.895 E9.46722
G1 X82.157 Y103.783 E9.48313
G1 X93.782 Y92.157 E10.17184
G1 X93.664 Y91.801 E10.18755
G1 X81.802 Y103.663 E10.89027
G1 X81.463 Y103.527 E10.90557
G1 X93.527 Y91.463 E11.62026
G1 X93.387 Y91.128 E11.63547
G1 X81.131 Y103.384 E12.36153
G1 X80.812 Y103.228 E12.37641
G1 X93.227 Y90.813 E13.11189
G1 X93.067 Y90.498 E13.12669
G1 X80.502 Y103.063 E13.87106
G1 X80.201 Y102.889 E13.88562
G1 X92.887 Y90.203 E14.63716
G1 X92.706 Y89.909 E14.65162
G1 X79.912 Y102.703 E15.40955
G1 X79.628 Y102.512 E15.42389
G1 X92.509 Y89.631 E16.18698
G1 X92.308 Y89.357 E16.20121
G1 X79.359 Y102.306 E16.96833
G1 X79.09 Y102.1 E16.98252
G1 X92.096 Y89.094 E17.75301
G1 X91.876 Y88.839 E17.76712
G1 X78.84 Y101.875 E18.53939
G1 X78.591 Y101.65 E18.55345
G1 X91.649 Y88.591 E19.32705
G1 X91.409 Y88.356 E19.34112
G1 X78.356 Y101.409 E20.1144
G1 X78.126 Y101.164 E20.12848
G1 X91.167 Y88.123 E20.90105
G1 X90.908 Y87.907 E20.91518
G1 X77.906 Y100.909 E21.68544
G1 X77.695 Y100.645 E21.6996
G1 X90.649 Y87.692 E22.46698
G1 X90.372 Y87.493 E22.48127
G1 X77.49 Y100.375 E23.24442
G1 X77.3 Y100.091 E23.25873
G1 X90.093 Y87.297 E24.01663
G1 X89.801 Y87.114 E24.03107
G1 X77.111 Y99.805 E24.78287
G1 X76.94 Y99.5 E24.79752
G1 X89.502 Y86.939 E25.54168
G1 X89.192 Y86.773 E25.55641
G1 X76.77 Y99.195 E26.29231
G1 X76.62 Y98.871 E26.30727
G1 X88.871 Y86.619 E27.03307
G1 X88.543 Y86.473 E27.04811
G1 X76.471 Y98.545 E27.76327
G1 X76.341 Y98.199 E27.77875
G1 X88.2 Y86.341 E28.48126
G1 X87.849 Y86.216 E28.49687
G1 X76.215 Y97.851 E29.18611
G1 X76.109 Y97.482 E29.20219
G1 X87.482 Y86.108 E29.87597
G1 X87.106 Y86.009 E29.89226
G1 X76.007 Y97.108 E30.54978
G1 X75.929 Y96.711 E30.56673
G1 X86.713 Y85.928 E31.20556
G1 X86.305 Y85.86 E31.22289
G1 X75.855 Y96.311 E31.84199
G1 X75.811 Y95.88 E31.86014
G1 X85.883 Y85.808 E32.45682
G1 X85.436 Y85.779 E32.47558
G1 X75.776 Y95.439 E33.04785
G1 X75.767 Y94.974 E33.06733
G1 X84.978 Y85.762 E33.61303
G1 X84.483 Y85.783 E33.63378
G1 X75.784 Y94.482 E34.14912
G1 X75.823 Y93.968 E34.17071
G1 X83.964 Y85.827 E34.65299
G1 X83.414 Y85.902 E34.67624
G1 X75.902 Y93.413 E35.12123
G1 X76.032 Y92.809 E35.14711
G1 X82.815 Y86.026 E35.54894
G1 X82.149 Y86.217 E35.57796
G1 X76.222 Y92.144 E35.92908
G1 X76.312 Y91.86 E35.94156
G1 X76.505 Y91.386 E35.963
G1 X81.394 Y86.497 E36.25263
G1 X80.655 Y86.847 E36.28688
G1 X80.447 Y86.969 E36.29698
G1 X76.955 Y90.461 E36.50385
G1 X77.332 Y89.848 E36.534
G1 X77.777 Y89.24 E36.56556
G1 X78.27 Y88.671 E36.5971
G1 X79.643 Y87.298 E36.67844
G1 E34.67844 F2400
G92 E0
M107
;TYPE:Custom
; Filament-specific end gcode
M104 S0 ; turn off temperature
G28 X0  ; home X axis
M84     ; disable motors
; objects_info = {"objects":[]}
; filament used [mm] = 787.34
; filament used [cm3] = 1.89
; filament used [g] = 2.46
; filament cost = 0.06
; total filament used [g] = 2.46
; total filament cost = 0.06
; total filament used for wipe tower [g] = 0.00
; estimated printing time (normal mode) = 7m 42s
; estimated first layer printing time (normal mode) = 1m 23s

; prusaslicer_config = begin
; arc_fitting = disabled
; autoemit_temperature_commands = 1
; automatic_extrusion_widths = 0
; automatic_infill_combination = 0
; automatic_infill_combination_max_layer_height = 100%
; avoid_crossing_curled_overhangs = 0
; avoid_crossing_perimeters = 0
; avoid_crossing_perimeters_max_detour = 0
; bed_custom_model = 
; bed_custom_texture = 
; bed_shape = 0x0,170x0,170x190,0x190
; bed_temperature = 67
; bed_temperature_extruder = 0
; before_layer_gcode = 
; between_objects_gcode = 
; binary_gcode = 0
; bottom_fill_pattern = monotonic
; bottom_solid_layers = 3
; bottom_solid_min_thickness = 0
; bridge_acceleration = 0
; bridge_angle = 0
; bridge_fan_speed = 100
; bridge_flow_ratio = 1
; bridge_speed = 60
; brim_separation = 0
; brim_type = outer_only
; brim_width = 0
; chamber_minimal_temperature = 0
; chamber_temperature = 0
; color_change_gcode = M600
; colorprint_heights = 
; compatible_printers_condition_cummulative = ;"printer_notes!~/.*NO_TEMPLATES.*/ and printer_notes!~/.*PRINTER_VENDOR_TRILAB.*/ and printer_notes!~/.*PRINTER_MODEL_MK4IS.*/ and ! (printer_notes=~/.*PRINTER_VENDOR_PRUSA3D.*/ and num_extruders>1)"
; complete_objects = 0
; cooling = 1
; cooling_perimeter_transition_distance = 0
; cooling_slowdown_logic = uniform_cooling
; cooling_tube_length = 5
; cooling_tube_retraction = 91.5
; custom_parameters_filament = ""
; custom_parameters_print = 
; custom_parameters_printer = 
; default_acceleration = 0
; default_filament_profile = 
; default_print_profile = 
; deretract_speed = 0
; disable_fan_first_layers = 1
; dont_support_bridges = 1
; draft_shield = disabled
; duplicate_distance = 6
; elefant_foot_compensation = 0
; enable_dynamic_fan_speeds = 0
; enable_dynamic_overhang_speeds = 0
; end_filament_gcode = "; Filament-specific end gcode"
; end_gcode = M104 S0 ; turn off temperature\nG28 X0  ; home X axis\nM84     ; disable motors\n
; ensure_vertical_shell_thickness = enabled
; external_perimeter_acceleration = 0
; external_perimeter_extrusion_width = 0.45
; external_perimeter_speed = 50%
; external_perimeters_first = 0
; extra_loading_move = -2
; extra_perimeters = 1
; extra_perimeters_on_overhangs = 0
; extruder_clearance_height = 20
; extruder_clearance_radius = 20
; extruder_colour = ""
; extruder_offset = 0x0
; extrusion_axis = E
; extrusion_multiplier = 1
; extrusion_width = 0.45
; fan_always_on = 1
; fan_below_layer_time = 100
; filament_abrasive = 0
; filament_colour = #FF8000
; filament_cooling_final_speed = 2
; filament_cooling_initial_speed = 3
; filament_cooling_moves = 1
; filament_cost = 23.63
; filament_density = 1.3
; filament_deretract_speed = nil
; filament_diameter = 1.75
; filament_infill_max_crossing_speed = 0
; filament_infill_max_speed = 0
; filament_load_time = 0
; filament_loading_speed = 14
; filament_loading_speed_start = 19
; filament_max_volumetric_speed = 0
; filament_minimal_purge_on_wipe_tower = 0
; filament_multitool_ramming = 0
; filament_multitool_ramming_flow = 10
; filament_multitool_ramming_volume = 10
; filament_notes = https://www.extrudr.com/en/products/catalogue/?material=128
; filament_purge_multiplier = 100%
; filament_ramming_parameters = "130 120 2.70968 2.93548 3.32258 3.83871 4.58065 5.54839 6.51613 7.35484 7.93548 8.16129| 0.05 2.66451 0.45 3.05805 0.95 4.05807 1.45 5.97742 1.95 7.69999 2.45 8.1936 2.95 11.342 3.45 11.4065 3.95 7.6 4.45 7.6 4.95 7.6"
; filament_retract_before_travel = nil
; filament_retract_before_wipe = nil
; filament_retract_layer_change = nil
; filament_retract_length = nil
; filament_retract_length_toolchange = nil
; filament_retract_lift = nil
; filament_retract_lift_above = nil
; filament_retract_lift_below = nil
; filament_retract_restart_extra = nil
; filament_retract_restart_extra_toolchange = nil
; filament_retract_speed = nil
; filament_seam_gap_distance = nil
; filament_settings_id = "Extrudr PLA NX2 geändert"
; filament_shrinkage_compensation_xy = 0%
; filament_shrinkage_compensation_z = 0%
; filament_soluble = 0
; filament_spool_weight = 262
; filament_stamping_distance = 0
; filament_stamping_loading_speed = 20
; filament_toolchange_delay = 0
; filament_travel_lift_before_obstacle = nil
; filament_travel_max_lift = nil
; filament_travel_ramping_lift = nil
; filament_travel_slope = nil
; filament_type = PLA
; filament_unload_time = 0
; filament_unloading_speed = 20
; filament_unloading_speed_start = 100
; filament_vendor = Extrudr
; filament_wipe = nil
; fill_angle = 45
; fill_density = 20%
; fill_pattern = stars
; first_layer_acceleration = 0
; first_layer_acceleration_over_raft = 0
; first_layer_bed_temperature = 67
; first_layer_extrusion_width = 0.42
; first_layer_height = 0.35
; first_layer_infill_speed = 0
; first_layer_speed = 30
; first_layer_speed_over_raft = 30
; first_layer_temperature = 220
; full_fan_speed_layer = 0
; fuzzy_skin = none
; fuzzy_skin_point_dist = 0.8
; fuzzy_skin_thickness = 0.3
; gap_fill_enabled = 1
; gap_fill_speed = 20
; gcode_comments = 0
; gcode_flavor = klipper
; gcode_label_objects = disabled
; gcode_resolution = 0.0125
; gcode_substitutions = 
; high_current_on_filament_swap = 0
; host_type = prusalink
; idle_temperature = nil
; infill_acceleration = 0
; infill_anchor = 600%
; infill_anchor_max = 50
; infill_every_layers = 1
; infill_extruder = 1
; infill_extrusion_width = 0.45
; infill_first = 0
; infill_overlap = 25%
; infill_speed = 70
; inherits_cummulative = ;"Extrudr PLA NX2 @Template";
; interface_shells = 0
; interlocking_beam = 0
; interlocking_beam_layer_count = 2
; interlocking_beam_width = 0.8
; interlocking_boundary_avoidance = 2
; interlocking_depth = 2
; interlocking_orientation = 22.5
; ironing = 0
; ironing_flowrate = 15%
; ironing_spacing = 0.1
; ironing_speed = 15
; ironing_type = top
; layer_gcode = 
; layer_height = 0.3
; machine_limits_usage = time_estimate_only
; machine_max_acceleration_e = 10000,5000
; machine_max_acceleration_extruding = 1500,1250
; machine_max_acceleration_retracting = 1500,1250
; machine_max_acceleration_travel = 1500,1250
; machine_max_acceleration_x = 9000,1000
; machine_max_acceleration_y = 9000,1000
; machine_max_acceleration_z = 500,200
; machine_max_feedrate_e = 120,120
; machine_max_feedrate_x = 500,200
; machine_max_feedrate_y = 500,200
; machine_max_feedrate_z = 12,12
; machine_max_jerk_e = 2.5,2.5
; machine_max_jerk_x = 10,10
; machine_max_jerk_y = 10,10
; machine_max_jerk_z = 0.2,0.4
; machine_min_extruding_rate = 0,0
; machine_min_travel_rate = 0,0
; max_fan_speed = 90
; max_layer_height = 0
; max_print_height = 170
; max_print_speed = 80
; max_volumetric_extrusion_rate_slope_negative = 0
; max_volumetric_extrusion_rate_slope_positive = 0
; max_volumetric_speed = 0
; min_bead_width = 85%
; min_fan_speed = 30
; min_feature_size = 25%
; min_layer_height = 0.07
; min_print_speed = 10
; min_skirt_length = 0
; mmu_segmented_region_interlocking_depth = 0
; mmu_segmented_region_max_width = 0
; multimaterial_purging = 140
; notes = 
; nozzle_diameter = 0.4
; nozzle_high_flow = 0
; only_one_perimeter_first_layer = 0
; only_retract_when_crossing_perimeters = 0
; ooze_prevention = 0
; output_filename_format = [input_filename_base].gcode
; over_bridge_speed = 0
; overhang_fan_speed_0 = 0
; overhang_fan_speed_1 = 0
; overhang_fan_speed_2 = 0
; overhang_fan_speed_3 = 0
; overhang_speed_0 = 15
; overhang_speed_1 = 15
; overhang_speed_2 = 20
; overhang_speed_3 = 25
; overhangs = 1
; parking_pos_retraction = 92
; pause_print_gcode = M601
; perimeter_acceleration = 0
; perimeter_extruder = 1
; perimeter_extrusion_width = 0.45
; perimeter_generator = arachne
; perimeter_speed = 60
; perimeters = 3
; physical_printer_settings_id = 
; post_process = 
; prefer_clockwise_movements = 0
; print_settings_id = Sparkcube default
; printer_model = 
; printer_notes = 
; printer_settings_id = Sparkcube
; printer_technology = FFF
; printer_variant = 
; printer_vendor = 
; raft_contact_distance = 0.1
; raft_expansion = 1.5
; raft_first_layer_density = 90%
; raft_first_layer_expansion = 3
; raft_layers = 0
; remaining_times = 0
; resolution = 0
; retract_before_travel = 2
; retract_before_wipe = 0%
; retract_layer_change = 0
; retract_length = 2
; retract_length_toolchange = 10
; retract_lift = 0
; retract_lift_above = 0
; retract_lift_below = 0
; retract_restart_extra = 0
; retract_restart_extra_toolchange = 0
; retract_speed = 40
; scarf_seam_entire_loop = 0
; scarf_seam_length = 20
; scarf_seam_max_segment_length = 1
; scarf_seam_on_inner_perimeters = 0
; scarf_seam_only_on_smooth = 1
; scarf_seam_placement = nowhere
; scarf_seam_start_height = 0%
; seam_gap_distance = 15%
; seam_position = aligned
; silent_mode = 1
; single_extruder_multi_material = 0
; single_extruder_multi_material_priming = 1
; skirt_distance = 6
; skirt_height = 1
; skirts = 0
; slice_closing_radius = 0.049
; slicing_mode = regular
; slowdown_below_layer_time = 20
; small_perimeter_speed = 30
; solid_infill_acceleration = 0
; solid_infill_below_area = 70
; solid_infill_every_layers = 0
; solid_infill_extruder = 1
; solid_infill_extrusion_width = 0.45
; solid_infill_speed = 50
; spiral_vase = 0
; staggered_inner_seams = 0
; standby_temperature_delta = -5
; start_filament_gcode = "; Filament gcode\n"
; start_gcode = G28 ; home all axes\nG1 Z5 F5000 ; lift nozzle\n
; support_material = 1
; support_material_angle = 0
; support_material_auto = 1
; support_material_bottom_contact_distance = 0
; support_material_bottom_interface_layers = -1
; support_material_buildplate_only = 0
; support_material_closing_radius = 2
; support_material_contact_distance = 0.2
; support_material_enforce_layers = 0
; support_material_extruder = 1
; support_material_extrusion_width = 0.35
; support_material_interface_contact_loops = 0
; support_material_interface_extruder = 1
; support_material_interface_layers = 3
; support_material_interface_pattern = rectilinear
; support_material_interface_spacing = 0
; support_material_interface_speed = 100%
; support_material_pattern = rectilinear
; support_material_spacing = 2.5
; support_material_speed = 60
; support_material_style = grid
; support_material_synchronize_layers = 0
; support_material_threshold = 0
; support_material_with_sheath = 1
; support_material_xy_spacing = 50%
; support_tree_angle = 40
; support_tree_angle_slow = 25
; support_tree_branch_diameter = 2
; support_tree_branch_diameter_angle = 5
; support_tree_branch_diameter_double_wall = 3
; support_tree_branch_distance = 1
; support_tree_tip_diameter = 0.8
; support_tree_top_rate = 15%
; temperature = 220
; template_custom_gcode = 
; thick_bridges = 1
; thin_walls = 1
; thumbnails = 
; thumbnails_format = PNG
; toolchange_gcode = 
; top_fill_pattern = monotonic
; top_infill_extrusion_width = 0.4
; top_one_perimeter_type = none
; top_solid_infill_acceleration = 0
; top_solid_infill_speed = 40
; top_solid_layers = 4
; top_solid_min_thickness = 0
; travel_acceleration = 0
; travel_lift_before_obstacle = 0
; travel_max_lift = 0
; travel_ramping_lift = 0
; travel_short_distance_acceleration = 0
; travel_slope = 0
; travel_speed = 130
; travel_speed_z = 0
; use_firmware_retraction = 0
; use_relative_e_distances = 0
; use_volumetric_e = 0
; variable_layer_height = 1
; wall_distribution_count = 1
; wall_transition_angle = 10
; wall_transition_filter_deviation = 25%
; wall_transition_length = 100%
; wipe = 0
; wipe_into_infill = 0
; wipe_into_objects = 0
; wipe_tower = 0
; wipe_tower_acceleration = 0
; wipe_tower_bridging = 10
; wipe_tower_brim_width = 2
; wipe_tower_cone_angle = 0
; wipe_tower_extra_flow = 100%
; wipe_tower_extra_spacing = 100%
; wipe_tower_extruder = 0
; wipe_tower_no_sparse_layers = 0
; wipe_tower_width = 60
; wiping_volumes_matrix = 0
; wiping_volumes_use_custom_matrix = 0
; xy_size_compensation = 0
; z_offset = 0
; prusaslicer_config = end
